Tanggal,Jam,Menit,Detik,Waktu,frekuensi,label
01/22/2025,13,6,1,13:06:01,450,Tahap-4
01/22/2025,13,6,1,13:06:01,468,Tahap-4
01/22/2025,13,6,1,13:06:01,331,Tahap-4
01/22/2025,13,6,1,13:06:01,1523,Tahap-4
01/22/2025,13,6,1,13:06:01,734,Tahap-4
01/22/2025,13,6,1,13:06:01,115,Tahap-4
01/22/2025,13,6,1,13:06:01,303,Tahap-4
01/22/2025,13,6,1,13:06:01,14,Tahap-4
01/22/2025,13,6,1,13:06:01,62,Tahap-4
01/22/2025,13,6,1,13:06:01,261,Tahap-4
01/22/2025,13,6,2,13:06:02,58,Tahap-4
01/22/2025,13,6,2,13:06:02,78,Tahap-4
01/22/2025,13,6,2,13:06:02,205,Tahap-4
01/22/2025,13,6,2,13:06:02,49,Tahap-4
01/22/2025,13,6,2,13:06:02,167,Tahap-4
01/22/2025,13,6,2,13:06:02,347,Tahap-4
01/22/2025,13,6,2,13:06:02,20,Tahap-4
01/22/2025,13,6,2,13:06:02,141,Tahap-4
01/22/2025,13,6,2,13:06:02,166,Tahap-4
01/22/2025,13,6,2,13:06:02,460,Tahap-4
01/22/2025,13,6,3,13:06:03,445,Tahap-4
01/22/2025,13,6,3,13:06:03,352,Tahap-4
01/22/2025,13,6,3,13:06:03,573,Tahap-4
01/22/2025,13,6,3,13:06:03,841,Tahap-4
01/22/2025,13,6,3,13:06:03,661,Tahap-4
01/22/2025,13,6,3,13:06:03,384,Tahap-4
01/22/2025,13,6,3,13:06:03,328,Tahap-4
01/22/2025,13,6,3,13:06:03,580,Tahap-4
01/22/2025,13,6,3,13:06:03,248,Tahap-4
01/22/2025,13,6,3,13:06:03,140,Tahap-4
01/22/2025,13,6,4,13:06:04,80,Tahap-4
01/22/2025,13,6,4,13:06:04,119,Tahap-4
01/22/2025,13,6,4,13:06:04,314,Tahap-4
01/22/2025,13,6,4,13:06:04,86,Tahap-4
01/22/2025,13,6,4,13:06:04,144,Tahap-4
01/22/2025,13,6,4,13:06:04,113,Tahap-4
01/22/2025,13,6,4,13:06:04,634,Tahap-4
01/22/2025,13,6,4,13:06:04,80,Tahap-4
01/22/2025,13,6,4,13:06:04,-92,Tahap-4
01/22/2025,13,6,4,13:06:04,-140,Tahap-4
01/22/2025,13,6,5,13:06:05,16,Tahap-4
01/22/2025,13,6,5,13:06:05,-72,Tahap-4
01/22/2025,13,6,5,13:06:05,32,Tahap-4
01/22/2025,13,6,5,13:06:05,-104,Tahap-4
01/22/2025,13,6,5,13:06:05,4,Tahap-4
01/22/2025,13,6,5,13:06:05,-164,Tahap-4
01/22/2025,13,6,5,13:06:05,4,Tahap-4
01/22/2025,13,6,5,13:06:05,-108,Tahap-4
01/22/2025,13,6,5,13:06:05,60,Tahap-4
01/22/2025,13,6,5,13:06:05,-116,Tahap-4
01/22/2025,13,6,6,13:06:06,-72,Tahap-4
01/22/2025,13,6,6,13:06:06,-32,Tahap-4
01/22/2025,13,6,6,13:06:06,-92,Tahap-4
01/22/2025,13,6,6,13:06:06,-20,Tahap-4
01/22/2025,13,6,6,13:06:06,-84,Tahap-4
01/22/2025,13,6,6,13:06:06,-96,Tahap-4
01/22/2025,13,6,6,13:06:06,-100,Tahap-4
01/22/2025,13,6,6,13:06:06,-168,Tahap-4
01/22/2025,13,6,6,13:06:06,-80,Tahap-4
01/22/2025,13,6,6,13:06:06,52,Tahap-4
01/22/2025,13,6,7,13:06:07,-72,Tahap-4
01/22/2025,13,6,7,13:06:07,-152,Tahap-4
01/22/2025,13,6,7,13:06:07,24,Tahap-4
01/22/2025,13,6,7,13:06:07,-140,Tahap-4
01/22/2025,13,6,7,13:06:07,-104,Tahap-4
01/22/2025,13,6,7,13:06:07,-96,Tahap-4
01/22/2025,13,6,7,13:06:07,-20,Tahap-4
01/22/2025,13,6,7,13:06:07,-104,Tahap-4
01/22/2025,13,6,7,13:06:07,-112,Tahap-4
01/22/2025,13,6,8,13:06:08,44,Tahap-4
01/22/2025,13,6,8,13:06:08,-100,Tahap-4
01/22/2025,13,6,8,13:06:08,4,Tahap-4
01/22/2025,13,6,8,13:06:08,-36,Tahap-4
01/22/2025,13,6,8,13:06:08,-48,Tahap-4
01/22/2025,13,6,8,13:06:08,-64,Tahap-4
01/22/2025,13,6,8,13:06:08,-8,Tahap-4
01/22/2025,13,6,8,13:06:08,-44,Tahap-4
01/22/2025,13,6,8,13:06:08,4,Tahap-4
01/22/2025,13,6,8,13:06:08,-116,Tahap-4
01/22/2025,13,6,9,13:06:09,68,Tahap-4
01/22/2025,13,6,9,13:06:09,-36,Tahap-4
01/22/2025,13,6,9,13:06:09,-108,Tahap-4
01/22/2025,13,6,9,13:06:09,124,Tahap-4
01/22/2025,13,6,9,13:06:09,-20,Tahap-4
01/22/2025,13,6,9,13:06:09,-4,Tahap-4
01/22/2025,13,6,9,13:06:09,48,Tahap-4
01/22/2025,13,6,9,13:06:09,-56,Tahap-4
01/22/2025,13,6,9,13:06:09,4,Tahap-4
01/22/2025,13,6,9,13:06:09,40,Tahap-4
01/22/2025,13,6,10,13:06:10,-80,Tahap-4
01/22/2025,13,6,10,13:06:10,44,Tahap-4
01/22/2025,13,6,10,13:06:10,68,Tahap-4
01/22/2025,13,6,10,13:06:10,-120,Tahap-4
01/22/2025,13,6,10,13:06:10,124,Tahap-4
01/22/2025,13,6,10,13:06:10,12,Tahap-4
01/22/2025,13,6,10,13:06:10,-44,Tahap-4
01/22/2025,13,6,10,13:06:10,20,Tahap-4
01/22/2025,13,6,10,13:06:10,-56,Tahap-4
01/22/2025,13,6,10,13:06:10,-24,Tahap-4
01/22/2025,13,6,11,13:06:11,68,Tahap-4
01/22/2025,13,6,11,13:06:11,-44,Tahap-4
01/22/2025,13,6,11,13:06:11,144,Tahap-4
01/22/2025,13,6,11,13:06:11,-40,Tahap-4
01/22/2025,13,6,11,13:06:11,-52,Tahap-4
01/22/2025,13,6,11,13:06:11,40,Tahap-4
01/22/2025,13,6,11,13:06:11,-16,Tahap-4
01/22/2025,13,6,11,13:06:11,-4,Tahap-4
01/22/2025,13,6,11,13:06:11,-16,Tahap-4
01/22/2025,13,6,11,13:06:11,32,Tahap-4
01/22/2025,13,6,12,13:06:12,-68,Tahap-4
01/22/2025,13,6,12,13:06:12,-52,Tahap-4
01/22/2025,13,6,12,13:06:12,132,Tahap-4
01/22/2025,13,6,12,13:06:12,-52,Tahap-4
01/22/2025,13,6,12,13:06:12,-48,Tahap-4
01/22/2025,13,6,12,13:06:12,72,Tahap-4
01/22/2025,13,6,12,13:06:12,-56,Tahap-4
01/22/2025,13,6,12,13:06:12,36,Tahap-4
01/22/2025,13,6,12,13:06:12,40,Tahap-4
01/22/2025,13,6,13,13:06:13,-64,Tahap-4
01/22/2025,13,6,13,13:06:13,44,Tahap-4
01/22/2025,13,6,13,13:06:13,-32,Tahap-4
01/22/2025,13,6,13,13:06:13,-40,Tahap-4
01/22/2025,13,6,13,13:06:13,160,Tahap-4
01/22/2025,13,6,13,13:06:13,-88,Tahap-4
01/22/2025,13,6,13,13:06:13,-8,Tahap-4
01/22/2025,13,6,13,13:06:13,108,Tahap-4
01/22/2025,13,6,13,13:06:13,-52,Tahap-4
01/22/2025,13,6,13,13:06:13,20,Tahap-4
01/22/2025,13,6,14,13:06:14,96,Tahap-4
01/22/2025,13,6,14,13:06:14,36,Tahap-4
01/22/2025,13,6,14,13:06:14,96,Tahap-4
01/22/2025,13,6,14,13:06:14,56,Tahap-4
01/22/2025,13,6,14,13:06:14,-8,Tahap-4
01/22/2025,13,6,14,13:06:14,184,Tahap-4
01/22/2025,13,6,14,13:06:14,32,Tahap-4
01/22/2025,13,6,14,13:06:14,56,Tahap-4
01/22/2025,13,6,14,13:06:14,112,Tahap-4
01/22/2025,13,6,14,13:06:14,48,Tahap-4
01/22/2025,13,6,15,13:06:15,16,Tahap-4
01/22/2025,13,6,15,13:06:15,100,Tahap-4
01/22/2025,13,6,15,13:06:15,104,Tahap-4
01/22/2025,13,6,15,13:06:15,104,Tahap-4
01/22/2025,13,6,15,13:06:15,48,Tahap-4
01/22/2025,13,6,15,13:06:15,92,Tahap-4
01/22/2025,13,6,15,13:06:15,160,Tahap-4
01/22/2025,13,6,15,13:06:15,28,Tahap-4
01/22/2025,13,6,15,13:06:15,108,Tahap-4
01/22/2025,13,6,15,13:06:15,172,Tahap-4
01/22/2025,13,6,16,13:06:16,64,Tahap-4
01/22/2025,13,6,16,13:06:16,112,Tahap-4
01/22/2025,13,6,16,13:06:16,32,Tahap-4
01/22/2025,13,6,16,13:06:16,132,Tahap-4
01/22/2025,13,6,16,13:06:16,112,Tahap-4
01/22/2025,13,6,16,13:06:16,28,Tahap-4
01/22/2025,13,6,16,13:06:16,48,Tahap-4
01/22/2025,13,6,16,13:06:16,252,Tahap-4
01/22/2025,13,6,16,13:06:16,-84,Tahap-4
01/22/2025,13,6,16,13:06:16,140,Tahap-4
01/22/2025,13,6,17,13:06:17,152,Tahap-4
01/22/2025,13,6,17,13:06:17,48,Tahap-4
01/22/2025,13,6,17,13:06:17,84,Tahap-4
01/22/2025,13,6,17,13:06:17,112,Tahap-4
01/22/2025,13,6,17,13:06:17,32,Tahap-4
01/22/2025,13,6,17,13:06:17,156,Tahap-4
01/22/2025,13,6,42,13:06:42,1780,Tahap-4
01/22/2025,13,6,42,13:06:42,1205,Tahap-4
01/22/2025,13,6,42,13:06:42,345,Tahap-4
01/22/2025,13,6,42,13:06:42,532,Tahap-4
01/22/2025,13,6,42,13:06:42,354,Tahap-4
01/22/2025,13,6,42,13:06:42,294,Tahap-4
01/22/2025,13,6,42,13:06:42,300,Tahap-4
01/22/2025,13,6,42,13:06:42,140,Tahap-4
01/22/2025,13,6,42,13:06:42,96,Tahap-4
01/22/2025,13,6,42,13:06:42,54,Tahap-4
01/22/2025,13,6,43,13:06:43,297,Tahap-4
01/22/2025,13,6,43,13:06:43,280,Tahap-4
01/22/2025,13,6,43,13:06:43,209,Tahap-4
01/22/2025,13,6,43,13:06:43,183,Tahap-4
01/22/2025,13,6,43,13:06:43,244,Tahap-4
01/22/2025,13,6,43,13:06:43,166,Tahap-4
01/22/2025,13,6,43,13:06:43,30,Tahap-4
01/22/2025,13,6,43,13:06:43,34,Tahap-4
01/22/2025,13,6,43,13:06:43,135,Tahap-4
01/22/2025,13,6,43,13:06:43,149,Tahap-4
01/22/2025,13,6,44,13:06:44,100,Tahap-4
01/22/2025,13,6,44,13:06:44,214,Tahap-4
01/22/2025,13,6,44,13:06:44,121,Tahap-4
01/22/2025,13,6,44,13:06:44,288,Tahap-4
01/22/2025,13,6,44,13:06:44,118,Tahap-4
01/22/2025,13,6,44,13:06:44,79,Tahap-4
01/22/2025,13,6,44,13:06:44,73,Tahap-4
01/22/2025,13,6,44,13:06:44,158,Tahap-4
01/22/2025,13,6,44,13:06:44,167,Tahap-4
01/22/2025,13,6,44,13:06:44,161,Tahap-4
01/22/2025,13,6,45,13:06:45,57,Tahap-4
01/22/2025,13,6,45,13:06:45,47,Tahap-4
01/22/2025,13,6,45,13:06:45,187,Tahap-4
01/22/2025,13,6,45,13:06:45,108,Tahap-4
01/22/2025,13,6,45,13:06:45,70,Tahap-4
01/22/2025,13,6,45,13:06:45,96,Tahap-4
01/22/2025,13,6,45,13:06:45,244,Tahap-4
01/22/2025,13,6,45,13:06:45,124,Tahap-4
01/22/2025,13,6,45,13:06:45,73,Tahap-4
01/22/2025,13,6,45,13:06:45,25,Tahap-4
01/22/2025,13,6,46,13:06:46,132,Tahap-4
01/22/2025,13,6,46,13:06:46,27,Tahap-4
01/22/2025,13,6,46,13:06:46,317,Tahap-4
01/22/2025,13,6,46,13:06:46,165,Tahap-4
01/22/2025,13,6,46,13:06:46,27,Tahap-4
01/22/2025,13,6,46,13:06:46,97,Tahap-4
01/22/2025,13,6,46,13:06:46,210,Tahap-4
01/22/2025,13,6,46,13:06:46,126,Tahap-4
01/22/2025,13,6,46,13:06:46,180,Tahap-4
01/22/2025,13,6,46,13:06:46,172,Tahap-4
01/22/2025,13,6,47,13:06:47,78,Tahap-4
01/22/2025,13,6,47,13:06:47,107,Tahap-4
01/22/2025,13,6,47,13:06:47,192,Tahap-4
01/22/2025,13,6,47,13:06:47,92,Tahap-4
01/22/2025,13,6,47,13:06:47,66,Tahap-4
01/22/2025,13,6,47,13:06:47,25,Tahap-4
01/22/2025,13,6,47,13:06:47,151,Tahap-4
01/22/2025,13,6,47,13:06:47,13,Tahap-4
01/22/2025,13,6,47,13:06:47,107,Tahap-4
01/22/2025,13,6,47,13:06:47,32,Tahap-4
01/22/2025,13,6,48,13:06:48,170,Tahap-4
01/22/2025,13,6,48,13:06:48,44,Tahap-4
01/22/2025,13,6,48,13:06:48,102,Tahap-4
01/22/2025,13,6,48,13:06:48,97,Tahap-4
01/22/2025,13,6,48,13:06:48,184,Tahap-4
01/22/2025,13,6,48,13:06:48,94,Tahap-4
01/22/2025,13,6,48,13:06:48,124,Tahap-4
01/22/2025,13,6,48,13:06:48,33,Tahap-4
01/22/2025,13,6,48,13:06:48,323,Tahap-4
01/22/2025,13,6,48,13:06:48,358,Tahap-4
01/22/2025,13,6,49,13:06:49,765,Tahap-4
01/22/2025,13,6,49,13:06:49,345,Tahap-4
01/22/2025,13,6,49,13:06:49,194,Tahap-4
01/22/2025,13,6,49,13:06:49,106,Tahap-4
01/22/2025,13,6,49,13:06:49,136,Tahap-4
01/22/2025,13,6,49,13:06:49,93,Tahap-4
01/22/2025,13,6,49,13:06:49,76,Tahap-4
01/22/2025,13,6,49,13:06:49,89,Tahap-4
01/22/2025,13,6,49,13:06:49,125,Tahap-4
01/22/2025,13,6,49,13:06:49,63,Tahap-4
01/22/2025,13,6,50,13:06:50,230,Tahap-4
01/22/2025,13,6,50,13:06:50,97,Tahap-4
01/22/2025,13,6,50,13:06:50,191,Tahap-4
01/22/2025,13,6,50,13:06:50,178,Tahap-4
01/22/2025,13,6,50,13:06:50,295,Tahap-4
01/22/2025,13,6,50,13:06:50,814,Tahap-4
01/22/2025,13,6,50,13:06:50,241,Tahap-4
01/22/2025,13,6,50,13:06:50,381,Tahap-4
01/22/2025,13,6,50,13:06:50,393,Tahap-4
01/22/2025,13,6,50,13:06:50,193,Tahap-4
01/22/2025,13,6,50,13:06:50,207,Tahap-4
01/22/2025,13,6,51,13:06:51,95,Tahap-4
01/22/2025,13,6,51,13:06:51,128,Tahap-4
01/22/2025,13,6,51,13:06:51,651,Tahap-4
01/22/2025,13,6,51,13:06:51,1748,Tahap-4
01/22/2025,13,6,51,13:06:51,429,Tahap-4
01/22/2025,13,6,51,13:06:51,569,Tahap-4
01/22/2025,13,6,51,13:06:51,198,Tahap-4
01/22/2025,13,6,51,13:06:51,113,Tahap-4
01/22/2025,13,6,51,13:06:51,125,Tahap-4
01/22/2025,13,6,51,13:06:51,181,Tahap-4
01/22/2025,13,6,52,13:06:52,69,Tahap-4
01/22/2025,13,6,52,13:06:52,105,Tahap-4
01/22/2025,13,6,52,13:06:52,181,Tahap-4
01/22/2025,13,6,52,13:06:52,311,Tahap-4
01/22/2025,13,6,52,13:06:52,160,Tahap-4
01/22/2025,13,6,52,13:06:52,311,Tahap-4
01/22/2025,13,6,52,13:06:52,356,Tahap-4
01/22/2025,13,6,52,13:06:52,155,Tahap-4
01/22/2025,13,6,52,13:06:52,336,Tahap-4
01/22/2025,13,6,52,13:06:52,179,Tahap-4
01/22/2025,13,6,53,13:06:53,687,Tahap-4
01/22/2025,13,6,53,13:06:53,405,Tahap-4
01/22/2025,13,6,53,13:06:53,478,Tahap-4
01/22/2025,13,6,53,13:06:53,330,Tahap-4
01/22/2025,13,6,53,13:06:53,375,Tahap-4
01/22/2025,13,6,53,13:06:53,500,Tahap-4
01/22/2025,13,6,53,13:06:53,120,Tahap-4
01/22/2025,13,6,53,13:06:53,429,Tahap-4
01/22/2025,13,6,53,13:06:53,282,Tahap-4
01/22/2025,13,6,53,13:06:53,706,Tahap-4
01/22/2025,13,6,54,13:06:54,144,Tahap-4
01/22/2025,13,6,54,13:06:54,149,Tahap-4
01/22/2025,13,6,54,13:06:54,164,Tahap-4
01/22/2025,13,6,54,13:06:54,174,Tahap-4
01/22/2025,13,6,54,13:06:54,536,Tahap-4
01/22/2025,13,6,54,13:06:54,592,Tahap-4
01/22/2025,13,6,54,13:06:54,-84,Tahap-4
01/22/2025,13,6,54,13:06:54,100,Tahap-4
01/22/2025,13,6,54,13:06:54,-80,Tahap-4
01/22/2025,13,6,54,13:06:54,20,Tahap-4
01/22/2025,13,6,55,13:06:55,-4,Tahap-4
01/22/2025,13,6,55,13:06:55,-44,Tahap-4
01/22/2025,13,6,55,13:06:55,-8,Tahap-4
01/22/2025,13,6,55,13:06:55,-20,Tahap-4
01/22/2025,13,6,55,13:06:55,-56,Tahap-4
01/22/2025,13,6,55,13:06:55,32,Tahap-4
01/22/2025,13,6,55,13:06:55,24,Tahap-4
01/22/2025,13,6,55,13:06:55,-160,Tahap-4
01/22/2025,13,6,55,13:06:55,88,Tahap-4
01/22/2025,13,6,55,13:06:55,44,Tahap-4
01/22/2025,13,6,56,13:06:56,-132,Tahap-4
01/22/2025,13,6,56,13:06:56,44,Tahap-4
01/22/2025,13,6,56,13:06:56,-80,Tahap-4
01/22/2025,13,6,56,13:06:56,-48,Tahap-4
01/22/2025,13,6,56,13:06:56,-12,Tahap-4
01/22/2025,13,6,56,13:06:56,20,Tahap-4
01/22/2025,13,6,56,13:06:56,-8,Tahap-4
01/22/2025,13,6,56,13:06:56,-36,Tahap-4
01/22/2025,13,6,56,13:06:56,20,Tahap-4
01/22/2025,13,6,57,13:06:57,-8,Tahap-4
01/22/2025,13,6,57,13:06:57,36,Tahap-4
01/22/2025,13,6,57,13:06:57,-80,Tahap-4
01/22/2025,13,6,57,13:06:57,64,Tahap-4
01/22/2025,13,6,57,13:06:57,-60,Tahap-4
01/22/2025,13,6,57,13:06:57,-56,Tahap-4
01/22/2025,13,6,57,13:06:57,-16,Tahap-4
01/22/2025,13,6,57,13:06:57,60,Tahap-4
01/22/2025,13,6,57,13:06:57,-92,Tahap-4
01/22/2025,13,6,57,13:06:57,-8,Tahap-4
01/22/2025,13,6,58,13:06:58,20,Tahap-4
01/22/2025,13,6,58,13:06:58,-84,Tahap-4
01/22/2025,13,6,58,13:06:58,-24,Tahap-4
01/22/2025,13,6,59,13:06:59,36,Tahap-4
01/22/2025,13,6,59,13:06:59,-96,Tahap-4
01/22/2025,13,6,59,13:06:59,28,Tahap-4
01/22/2025,13,6,59,13:06:59,-96,Tahap-4
01/22/2025,13,6,59,13:06:59,-52,Tahap-4
01/22/2025,13,6,59,13:06:59,188,Tahap-4
01/22/2025,13,6,59,13:06:59,-232,Tahap-4
01/22/2025,13,6,59,13:06:59,40,Tahap-4
01/22/2025,13,6,59,13:06:59,32,Tahap-4
01/22/2025,13,6,59,13:06:59,-120,Tahap-4
01/22/2025,13,6,59,13:06:59,-28,Tahap-4
01/22/2025,13,6,59,13:06:59,44,Tahap-4
01/22/2025,13,6,59,13:06:59,-108,Tahap-4
01/22/2025,13,6,59,13:06:59,-84,Tahap-4
01/22/2025,13,6,59,13:06:59,-88,Tahap-4
01/22/2025,13,6,59,13:06:59,-56,Tahap-4
01/22/2025,13,6,59,13:06:59,36,Tahap-4
01/22/2025,13,7,1,13:07:01,-144,Tahap-4
01/22/2025,13,7,1,13:07:01,-8,Tahap-4
01/22/2025,13,7,1,13:07:01,-24,Tahap-4
01/22/2025,13,7,1,13:07:01,-4,Tahap-4
01/22/2025,13,7,1,13:07:01,-128,Tahap-4
01/22/2025,13,7,1,13:07:01,44,Tahap-4
01/22/2025,13,7,1,13:07:01,-236,Tahap-4
01/22/2025,13,7,1,13:07:01,92,Tahap-4
01/22/2025,13,7,1,13:07:01,-20,Tahap-4
01/22/2025,13,7,1,13:07:01,-220,Tahap-4
01/22/2025,13,7,2,13:07:02,48,Tahap-4
01/22/2025,13,7,2,13:07:02,-112,Tahap-4
01/22/2025,13,7,2,13:07:02,-48,Tahap-4
01/22/2025,13,7,2,13:07:02,-84,Tahap-4
01/22/2025,13,7,2,13:07:02,-48,Tahap-4
01/22/2025,13,7,2,13:07:02,-88,Tahap-4
01/22/2025,13,7,2,13:07:02,-28,Tahap-4
01/22/2025,13,7,2,13:07:02,-112,Tahap-4
01/22/2025,13,7,2,13:07:02,56,Tahap-4
01/22/2025,13,7,2,13:07:02,-40,Tahap-4
01/22/2025,13,7,3,13:07:03,-112,Tahap-4
01/22/2025,13,7,3,13:07:03,48,Tahap-4
01/22/2025,13,7,3,13:07:03,-120,Tahap-4
01/22/2025,13,7,3,13:07:03,-56,Tahap-4
01/22/2025,13,7,3,13:07:03,-32,Tahap-4
01/22/2025,13,7,3,13:07:03,-60,Tahap-4
01/22/2025,13,7,3,13:07:03,-28,Tahap-4
01/22/2025,13,7,3,13:07:03,-24,Tahap-4
01/22/2025,13,7,3,13:07:03,-148,Tahap-4
01/22/2025,13,7,3,13:07:03,112,Tahap-4
01/22/2025,13,7,4,13:07:04,-120,Tahap-4
01/22/2025,13,7,4,13:07:04,-16,Tahap-4
01/22/2025,13,7,4,13:07:04,68,Tahap-4
01/22/2025,13,7,4,13:07:04,-32,Tahap-4
01/22/2025,13,7,4,13:07:04,-132,Tahap-4
01/22/2025,13,7,4,13:07:04,16,Tahap-4
01/22/2025,13,7,4,13:07:04,-148,Tahap-4
01/22/2025,13,7,4,13:07:04,24,Tahap-4
01/22/2025,13,7,4,13:07:04,-140,Tahap-4
01/22/2025,13,7,4,13:07:04,-72,Tahap-4
01/22/2025,13,7,5,13:07:05,56,Tahap-4
01/22/2025,13,7,5,13:07:05,-124,Tahap-4
01/22/2025,13,7,5,13:07:05,-56,Tahap-4
01/22/2025,13,7,5,13:07:05,-20,Tahap-4
01/22/2025,13,7,5,13:07:05,12,Tahap-4
01/22/2025,13,7,5,13:07:05,-52,Tahap-4
01/22/2025,13,7,5,13:07:05,-20,Tahap-4
01/22/2025,13,7,5,13:07:05,-96,Tahap-4
01/22/2025,13,7,5,13:07:05,-16,Tahap-4
01/22/2025,13,7,5,13:07:05,-96,Tahap-4
01/22/2025,13,7,6,13:07:06,12,Tahap-4
01/22/2025,13,7,6,13:07:06,72,Tahap-4
01/22/2025,13,7,6,13:07:06,-108,Tahap-4
01/22/2025,13,7,6,13:07:06,76,Tahap-4
01/22/2025,13,7,6,13:07:06,-28,Tahap-4
01/22/2025,13,7,6,13:07:06,-40,Tahap-4
01/22/2025,13,7,6,13:07:06,72,Tahap-4
01/22/2025,13,7,6,13:07:06,-104,Tahap-4
01/22/2025,13,7,6,13:07:06,-56,Tahap-4
01/22/2025,13,7,7,13:07:07,-72,Tahap-4
01/22/2025,13,7,7,13:07:07,48,Tahap-4
01/22/2025,13,7,7,13:07:07,64,Tahap-4
01/22/2025,13,7,7,13:07:07,-132,Tahap-4
01/22/2025,13,7,7,13:07:07,84,Tahap-4
01/22/2025,13,7,31,13:07:31,832,Tahap-4
01/22/2025,13,7,32,13:07:32,384,Tahap-4
01/22/2025,13,7,32,13:07:32,126,Tahap-4
01/22/2025,13,7,32,13:07:32,130,Tahap-4
01/22/2025,13,7,32,13:07:32,147,Tahap-4
01/22/2025,13,7,32,13:07:32,115,Tahap-4
01/22/2025,13,7,32,13:07:32,185,Tahap-4
01/22/2025,13,7,32,13:07:32,133,Tahap-4
01/22/2025,13,7,32,13:07:32,174,Tahap-4
01/22/2025,13,7,32,13:07:32,146,Tahap-4
01/22/2025,13,7,32,13:07:32,90,Tahap-4
01/22/2025,13,7,33,13:07:33,42,Tahap-4
01/22/2025,13,7,33,13:07:33,154,Tahap-4
01/22/2025,13,7,33,13:07:33,78,Tahap-4
01/22/2025,13,7,33,13:07:33,81,Tahap-4
01/22/2025,13,7,33,13:07:33,94,Tahap-4
01/22/2025,13,7,33,13:07:33,92,Tahap-4
01/22/2025,13,7,33,13:07:33,111,Tahap-4
01/22/2025,13,7,33,13:07:33,89,Tahap-4
01/22/2025,13,7,33,13:07:33,38,Tahap-4
01/22/2025,13,7,33,13:07:33,48,Tahap-4
01/22/2025,13,7,34,13:07:34,42,Tahap-4
01/22/2025,13,7,34,13:07:34,92,Tahap-4
01/22/2025,13,7,34,13:07:34,282,Tahap-4
01/22/2025,13,7,34,13:07:34,65,Tahap-4
01/22/2025,13,7,34,13:07:34,125,Tahap-4
01/22/2025,13,7,34,13:07:34,118,Tahap-4
01/22/2025,13,7,34,13:07:34,96,Tahap-4
01/22/2025,13,7,34,13:07:34,54,Tahap-4
01/22/2025,13,7,34,13:07:34,218,Tahap-4
01/22/2025,13,7,34,13:07:34,156,Tahap-4
01/22/2025,13,7,35,13:07:35,67,Tahap-4
01/22/2025,13,7,35,13:07:35,144,Tahap-4
01/22/2025,13,7,35,13:07:35,92,Tahap-4
01/22/2025,13,7,35,13:07:35,67,Tahap-4
01/22/2025,13,7,35,13:07:35,149,Tahap-4
01/22/2025,13,7,35,13:07:35,207,Tahap-4
01/22/2025,13,7,35,13:07:35,78,Tahap-4
01/22/2025,13,7,35,13:07:35,59,Tahap-4
01/22/2025,13,7,35,13:07:35,85,Tahap-4
01/22/2025,13,7,35,13:07:35,126,Tahap-4
01/22/2025,13,7,36,13:07:36,94,Tahap-4
01/22/2025,13,7,36,13:07:36,507,Tahap-4
01/22/2025,13,7,36,13:07:36,20,Tahap-4
01/22/2025,13,7,36,13:07:36,140,Tahap-4
01/22/2025,13,7,36,13:07:36,122,Tahap-4
01/22/2025,13,7,36,13:07:36,106,Tahap-4
01/22/2025,13,7,36,13:07:36,103,Tahap-4
01/22/2025,13,7,36,13:07:36,55,Tahap-4
01/22/2025,13,7,36,13:07:36,87,Tahap-4
01/22/2025,13,7,36,13:07:36,57,Tahap-4
01/22/2025,13,7,37,13:07:37,95,Tahap-4
01/22/2025,13,7,37,13:07:37,70,Tahap-4
01/22/2025,13,7,37,13:07:37,52,Tahap-4
01/22/2025,13,7,37,13:07:37,161,Tahap-4
01/22/2025,13,7,37,13:07:37,4,Tahap-4
01/22/2025,13,7,37,13:07:37,8,Tahap-4
01/22/2025,13,7,37,13:07:37,29,Tahap-4
01/22/2025,13,7,37,13:07:37,30,Tahap-4
01/22/2025,13,7,37,13:07:37,54,Tahap-4
01/22/2025,13,7,37,13:07:37,5,Tahap-4
01/22/2025,13,7,38,13:07:38,22,Tahap-4
01/22/2025,13,7,38,13:07:38,162,Tahap-4
01/22/2025,13,7,38,13:07:38,47,Tahap-4
01/22/2025,13,7,38,13:07:38,55,Tahap-4
01/22/2025,13,7,38,13:07:38,110,Tahap-4
01/22/2025,13,7,38,13:07:38,220,Tahap-4
01/22/2025,13,7,38,13:07:38,342,Tahap-4
01/22/2025,13,7,38,13:07:38,295,Tahap-4
01/22/2025,13,7,38,13:07:38,716,Tahap-4
01/22/2025,13,7,38,13:07:38,461,Tahap-4
01/22/2025,13,7,39,13:07:39,147,Tahap-4
01/22/2025,13,7,39,13:07:39,42,Tahap-4
01/22/2025,13,7,39,13:07:39,213,Tahap-4
01/22/2025,13,7,39,13:07:39,161,Tahap-4
01/22/2025,13,7,39,13:07:39,164,Tahap-4
01/22/2025,13,7,39,13:07:39,62,Tahap-4
01/22/2025,13,7,39,13:07:39,135,Tahap-4
01/22/2025,13,7,39,13:07:39,100,Tahap-4
01/22/2025,13,7,39,13:07:39,38,Tahap-4
01/22/2025,13,7,39,13:07:39,156,Tahap-4
01/22/2025,13,7,40,13:07:40,199,Tahap-4
01/22/2025,13,7,40,13:07:40,73,Tahap-4
01/22/2025,13,7,40,13:07:40,88,Tahap-4
01/22/2025,13,7,40,13:07:40,105,Tahap-4
01/22/2025,13,7,40,13:07:40,795,Tahap-4
01/22/2025,13,7,40,13:07:40,234,Tahap-4
01/22/2025,13,7,40,13:07:40,202,Tahap-4
01/22/2025,13,7,40,13:07:40,251,Tahap-4
01/22/2025,13,7,40,13:07:40,146,Tahap-4
01/22/2025,13,7,40,13:07:40,288,Tahap-4
01/22/2025,13,7,41,13:07:41,288,Tahap-4
01/22/2025,13,7,41,13:07:41,535,Tahap-4
01/22/2025,13,7,41,13:07:41,1201,Tahap-4
01/22/2025,13,7,41,13:07:41,968,Tahap-4
01/22/2025,13,7,41,13:07:41,337,Tahap-4
01/22/2025,13,7,41,13:07:41,284,Tahap-4
01/22/2025,13,7,41,13:07:41,162,Tahap-4
01/22/2025,13,7,41,13:07:41,129,Tahap-4
01/22/2025,13,7,41,13:07:41,142,Tahap-4
01/22/2025,13,7,41,13:07:41,80,Tahap-4
01/22/2025,13,7,42,13:07:42,122,Tahap-4
01/22/2025,13,7,42,13:07:42,75,Tahap-4
01/22/2025,13,7,42,13:07:42,161,Tahap-4
01/22/2025,13,7,42,13:07:42,330,Tahap-4
01/22/2025,13,7,42,13:07:42,219,Tahap-4
01/22/2025,13,7,42,13:07:42,86,Tahap-4
01/22/2025,13,7,42,13:07:42,54,Tahap-4
01/22/2025,13,7,42,13:07:42,73,Tahap-4
01/22/2025,13,7,42,13:07:42,772,Tahap-4
01/22/2025,13,7,42,13:07:42,464,Tahap-4
01/22/2025,13,7,43,13:07:43,448,Tahap-4
01/22/2025,13,7,43,13:07:43,496,Tahap-4
01/22/2025,13,7,43,13:07:43,231,Tahap-4
01/22/2025,13,7,43,13:07:43,397,Tahap-4
01/22/2025,13,7,43,13:07:43,381,Tahap-4
01/22/2025,13,7,43,13:07:43,513,Tahap-4
01/22/2025,13,7,43,13:07:43,434,Tahap-4
01/22/2025,13,7,43,13:07:43,252,Tahap-4
01/22/2025,13,7,43,13:07:43,307,Tahap-4
01/22/2025,13,7,43,13:07:43,100,Tahap-4
01/22/2025,13,7,44,13:07:44,224,Tahap-4
01/22/2025,13,7,44,13:07:44,145,Tahap-4
01/22/2025,13,7,44,13:07:44,122,Tahap-4
01/22/2025,13,7,44,13:07:44,185,Tahap-4
01/22/2025,13,7,44,13:07:44,290,Tahap-4
01/22/2025,13,7,44,13:07:44,788,Tahap-4
01/22/2025,13,7,44,13:07:44,24,Tahap-4
01/22/2025,13,7,44,13:07:44,-8,Tahap-4
01/22/2025,13,7,44,13:07:44,64,Tahap-4
01/22/2025,13,7,44,13:07:44,-88,Tahap-4
01/22/2025,13,7,45,13:07:45,144,Tahap-4
01/22/2025,13,7,45,13:07:45,-176,Tahap-4
01/22/2025,13,7,45,13:07:45,416,Tahap-4
01/22/2025,13,7,45,13:07:45,-216,Tahap-4
01/22/2025,13,7,45,13:07:45,80,Tahap-4
01/22/2025,13,7,45,13:07:45,16,Tahap-4
01/22/2025,13,7,45,13:07:45,-104,Tahap-4
01/22/2025,13,7,45,13:07:45,104,Tahap-4
01/22/2025,13,7,45,13:07:45,-56,Tahap-4
01/22/2025,13,7,45,13:07:45,-24,Tahap-4
01/22/2025,13,7,46,13:07:46,80,Tahap-4
01/22/2025,13,7,46,13:07:46,-112,Tahap-4
01/22/2025,13,7,46,13:07:46,-88,Tahap-4
01/22/2025,13,7,46,13:07:46,200,Tahap-4
01/22/2025,13,7,46,13:07:46,-112,Tahap-4
01/22/2025,13,7,46,13:07:46,-32,Tahap-4
01/22/2025,13,7,46,13:07:46,112,Tahap-4
01/22/2025,13,7,46,13:07:46,-152,Tahap-4
01/22/2025,13,7,46,13:07:46,88,Tahap-4
01/22/2025,13,7,46,13:07:46,40,Tahap-4
01/22/2025,13,7,47,13:07:47,-112,Tahap-4
01/22/2025,13,7,47,13:07:47,88,Tahap-4
01/22/2025,13,7,47,13:07:47,-88,Tahap-4
01/22/2025,13,7,47,13:07:47,-40,Tahap-4
01/22/2025,13,7,47,13:07:47,160,Tahap-4
01/22/2025,13,7,47,13:07:47,-136,Tahap-4
01/22/2025,13,7,47,13:07:47,96,Tahap-4
01/22/2025,13,7,47,13:07:47,72,Tahap-4
01/22/2025,13,7,47,13:07:47,-56,Tahap-4
01/22/2025,13,7,47,13:07:47,-24,Tahap-4
01/22/2025,13,7,48,13:07:48,32,Tahap-4
01/22/2025,13,7,48,13:07:48,24,Tahap-4
01/22/2025,13,7,48,13:07:48,24,Tahap-4
01/22/2025,13,7,48,13:07:48,-144,Tahap-4
01/22/2025,13,7,48,13:07:48,88,Tahap-4
01/22/2025,13,7,48,13:07:48,136,Tahap-4
01/22/2025,13,7,48,13:07:48,-200,Tahap-4
01/22/2025,13,7,48,13:07:48,320,Tahap-4
01/22/2025,13,7,48,13:07:48,32,Tahap-4
01/22/2025,13,7,48,13:07:48,48,Tahap-4
01/22/2025,13,7,49,13:07:49,64,Tahap-4
01/22/2025,13,7,49,13:07:49,176,Tahap-4
01/22/2025,13,7,49,13:07:49,-104,Tahap-4
01/22/2025,13,7,49,13:07:49,112,Tahap-4
01/22/2025,13,7,49,13:07:49,184,Tahap-4
01/22/2025,13,7,49,13:07:49,-232,Tahap-4
01/22/2025,13,7,49,13:07:49,224,Tahap-4
01/22/2025,13,7,49,13:07:49,192,Tahap-4
01/22/2025,13,7,49,13:07:49,-184,Tahap-4
01/22/2025,13,7,50,13:07:50,184,Tahap-4
01/22/2025,13,7,50,13:07:50,-64,Tahap-4
01/22/2025,13,7,50,13:07:50,88,Tahap-4
01/22/2025,13,7,50,13:07:50,24,Tahap-4
01/22/2025,13,7,50,13:07:50,-32,Tahap-4
01/22/2025,13,7,50,13:07:50,128,Tahap-4
01/22/2025,13,7,50,13:07:50,128,Tahap-4
01/22/2025,13,7,50,13:07:50,-72,Tahap-4
01/22/2025,13,7,50,13:07:50,200,Tahap-4
01/22/2025,13,7,50,13:07:50,144,Tahap-4
01/22/2025,13,7,51,13:07:51,8,Tahap-4
01/22/2025,13,7,51,13:07:51,-96,Tahap-4
01/22/2025,13,7,51,13:07:51,184,Tahap-4
01/22/2025,13,7,51,13:07:51,-56,Tahap-4
01/22/2025,13,7,51,13:07:51,56,Tahap-4
01/22/2025,13,7,51,13:07:51,-120,Tahap-4
01/22/2025,13,7,51,13:07:51,288,Tahap-4
01/22/2025,13,7,51,13:07:51,-80,Tahap-4
01/22/2025,13,7,51,13:07:51,32,Tahap-4
01/22/2025,13,7,51,13:07:51,96,Tahap-4
01/22/2025,13,7,52,13:07:52,-64,Tahap-4
01/22/2025,13,7,52,13:07:52,128,Tahap-4
01/22/2025,13,7,52,13:07:52,80,Tahap-4
01/22/2025,13,7,52,13:07:52,-48,Tahap-4
01/22/2025,13,7,52,13:07:52,168,Tahap-4
01/22/2025,13,7,52,13:07:52,24,Tahap-4
01/22/2025,13,7,52,13:07:52,-104,Tahap-4
01/22/2025,13,7,52,13:07:52,384,Tahap-4
01/22/2025,13,7,52,13:07:52,128,Tahap-4
01/22/2025,13,7,52,13:07:52,-56,Tahap-4
01/22/2025,13,7,53,13:07:53,224,Tahap-4
01/22/2025,13,7,53,13:07:53,16,Tahap-4
01/22/2025,13,7,53,13:07:53,-16,Tahap-4
01/22/2025,13,7,53,13:07:53,216,Tahap-4
01/22/2025,13,7,53,13:07:53,-128,Tahap-4
01/22/2025,13,7,53,13:07:53,152,Tahap-4
01/22/2025,13,7,53,13:07:53,144,Tahap-4
01/22/2025,13,7,53,13:07:53,-152,Tahap-4
01/22/2025,13,7,53,13:07:53,272,Tahap-4
01/22/2025,13,7,53,13:07:53,184,Tahap-4
01/22/2025,13,7,54,13:07:54,176,Tahap-4
01/22/2025,13,7,54,13:07:54,112,Tahap-4
01/22/2025,13,7,54,13:07:54,160,Tahap-4
01/22/2025,13,7,54,13:07:54,-120,Tahap-4
01/22/2025,13,7,54,13:07:54,96,Tahap-4
01/22/2025,13,7,54,13:07:54,16,Tahap-4
01/22/2025,13,7,54,13:07:54,240,Tahap-4
01/22/2025,13,7,54,13:07:54,128,Tahap-4
01/22/2025,13,7,54,13:07:54,-8,Tahap-4
01/22/2025,13,7,54,13:07:54,-24,Tahap-4
01/22/2025,13,7,55,13:07:55,40,Tahap-4
01/22/2025,13,7,55,13:07:55,40,Tahap-4
01/22/2025,13,7,55,13:07:55,-112,Tahap-4
01/22/2025,13,7,55,13:07:55,120,Tahap-4
01/22/2025,13,7,55,13:07:55,120,Tahap-4
01/22/2025,13,7,55,13:07:55,-160,Tahap-4
01/22/2025,13,7,55,13:07:55,144,Tahap-4
01/22/2025,13,7,55,13:07:55,24,Tahap-4
01/22/2025,13,7,55,13:07:55,280,Tahap-4
01/22/2025,13,7,55,13:07:55,-288,Tahap-4
01/22/2025,13,7,56,13:07:56,96,Tahap-4
01/22/2025,13,7,56,13:07:56,8,Tahap-4
01/22/2025,13,7,56,13:07:56,80,Tahap-4
01/22/2025,13,7,56,13:07:56,80,Tahap-4
01/22/2025,13,7,56,13:07:56,64,Tahap-4
01/22/2025,13,7,56,13:07:56,120,Tahap-4
01/22/2025,13,7,56,13:07:56,-64,Tahap-4
01/22/2025,13,7,56,13:07:56,-32,Tahap-4
01/22/2025,13,7,56,13:07:56,136,Tahap-4
01/22/2025,13,7,56,13:07:56,312,Tahap-4
01/22/2025,13,7,57,13:07:57,-112,Tahap-4
01/22/2025,13,7,57,13:07:57,32,Tahap-4
01/22/2025,13,7,57,13:07:57,160,Tahap-4
01/22/2025,13,7,57,13:07:57,-120,Tahap-4
01/22/2025,13,8,21,13:08:21,1668,Tahap-4
01/22/2025,13,8,21,13:08:21,560,Tahap-4
01/22/2025,13,8,22,13:08:22,542,Tahap-4
01/22/2025,13,8,22,13:08:22,372,Tahap-4
01/22/2025,13,8,22,13:08:22,467,Tahap-4
01/22/2025,13,8,22,13:08:22,184,Tahap-4
01/22/2025,13,8,22,13:08:22,296,Tahap-4
01/22/2025,13,8,22,13:08:22,237,Tahap-4
01/22/2025,13,8,22,13:08:22,176,Tahap-4
01/22/2025,13,8,22,13:08:22,109,Tahap-4
01/22/2025,13,8,22,13:08:22,146,Tahap-4
01/22/2025,13,8,22,13:08:22,278,Tahap-4
01/22/2025,13,8,23,13:08:23,91,Tahap-4
01/22/2025,13,8,23,13:08:23,135,Tahap-4
01/22/2025,13,8,23,13:08:23,22,Tahap-4
01/22/2025,13,8,23,13:08:23,120,Tahap-4
01/22/2025,13,8,23,13:08:23,39,Tahap-4
01/22/2025,13,8,23,13:08:23,128,Tahap-4
01/22/2025,13,8,23,13:08:23,100,Tahap-4
01/22/2025,13,8,23,13:08:23,24,Tahap-4
01/22/2025,13,8,23,13:08:23,88,Tahap-4
01/22/2025,13,8,23,13:08:23,113,Tahap-4
01/22/2025,13,8,24,13:08:24,67,Tahap-4
01/22/2025,13,8,24,13:08:24,238,Tahap-4
01/22/2025,13,8,24,13:08:24,125,Tahap-4
01/22/2025,13,8,24,13:08:24,125,Tahap-4
01/22/2025,13,8,24,13:08:24,194,Tahap-4
01/22/2025,13,8,24,13:08:24,87,Tahap-4
01/22/2025,13,8,24,13:08:24,52,Tahap-4
01/22/2025,13,8,24,13:08:24,66,Tahap-4
01/22/2025,13,8,24,13:08:24,203,Tahap-4
01/22/2025,13,8,24,13:08:24,23,Tahap-4
01/22/2025,13,8,25,13:08:25,115,Tahap-4
01/22/2025,13,8,25,13:08:25,56,Tahap-4
01/22/2025,13,8,25,13:08:25,126,Tahap-4
01/22/2025,13,8,25,13:08:25,61,Tahap-4
01/22/2025,13,8,25,13:08:25,53,Tahap-4
01/22/2025,13,8,25,13:08:25,107,Tahap-4
01/22/2025,13,8,25,13:08:25,125,Tahap-4
01/22/2025,13,8,25,13:08:25,117,Tahap-4
01/22/2025,13,8,25,13:08:25,151,Tahap-4
01/22/2025,13,8,25,13:08:25,126,Tahap-4
01/22/2025,13,8,26,13:08:26,266,Tahap-4
01/22/2025,13,8,26,13:08:26,199,Tahap-4
01/22/2025,13,8,26,13:08:26,221,Tahap-4
01/22/2025,13,8,26,13:08:26,72,Tahap-4
01/22/2025,13,8,26,13:08:26,78,Tahap-4
01/22/2025,13,8,26,13:08:26,136,Tahap-4
01/22/2025,13,8,26,13:08:26,97,Tahap-4
01/22/2025,13,8,26,13:08:26,26,Tahap-4
01/22/2025,13,8,26,13:08:26,60,Tahap-4
01/22/2025,13,8,26,13:08:26,59,Tahap-4
01/22/2025,13,8,27,13:08:27,112,Tahap-4
01/22/2025,13,8,27,13:08:27,79,Tahap-4
01/22/2025,13,8,27,13:08:27,95,Tahap-4
01/22/2025,13,8,27,13:08:27,56,Tahap-4
01/22/2025,13,8,27,13:08:27,189,Tahap-4
01/22/2025,13,8,27,13:08:27,45,Tahap-4
01/22/2025,13,8,27,13:08:27,71,Tahap-4
01/22/2025,13,8,27,13:08:27,105,Tahap-4
01/22/2025,13,8,27,13:08:27,16,Tahap-4
01/22/2025,13,8,27,13:08:27,41,Tahap-4
01/22/2025,13,8,28,13:08:28,114,Tahap-4
01/22/2025,13,8,28,13:08:28,53,Tahap-4
01/22/2025,13,8,28,13:08:28,221,Tahap-4
01/22/2025,13,8,28,13:08:28,56,Tahap-4
01/22/2025,13,8,29,13:08:29,208,Tahap-4
01/22/2025,13,8,29,13:08:29,370,Tahap-4
01/22/2025,13,8,29,13:08:29,698,Tahap-4
01/22/2025,13,8,29,13:08:29,495,Tahap-4
01/22/2025,13,8,29,13:08:29,640,Tahap-4
01/22/2025,13,8,29,13:08:29,148,Tahap-4
01/22/2025,13,8,29,13:08:29,362,Tahap-4
01/22/2025,13,8,29,13:08:29,215,Tahap-4
01/22/2025,13,8,29,13:08:29,160,Tahap-4
01/22/2025,13,8,29,13:08:29,81,Tahap-4
01/22/2025,13,8,29,13:08:29,153,Tahap-4
01/22/2025,13,8,29,13:08:29,111,Tahap-4
01/22/2025,13,8,29,13:08:29,106,Tahap-4
01/22/2025,13,8,29,13:08:29,92,Tahap-4
01/22/2025,13,8,29,13:08:29,139,Tahap-4
01/22/2025,13,8,29,13:08:29,153,Tahap-4
01/22/2025,13,8,30,13:08:30,105,Tahap-4
01/22/2025,13,8,30,13:08:30,68,Tahap-4
01/22/2025,13,8,30,13:08:30,161,Tahap-4
01/22/2025,13,8,30,13:08:30,442,Tahap-4
01/22/2025,13,8,30,13:08:30,503,Tahap-4
01/22/2025,13,8,30,13:08:30,317,Tahap-4
01/22/2025,13,8,30,13:08:30,314,Tahap-4
01/22/2025,13,8,30,13:08:30,218,Tahap-4
01/22/2025,13,8,30,13:08:30,302,Tahap-4
01/22/2025,13,8,30,13:08:30,346,Tahap-4
01/22/2025,13,8,31,13:08:31,658,Tahap-4
01/22/2025,13,8,31,13:08:31,339,Tahap-4
01/22/2025,13,8,31,13:08:31,1279,Tahap-4
01/22/2025,13,8,31,13:08:31,702,Tahap-4
01/22/2025,13,8,31,13:08:31,677,Tahap-4
01/22/2025,13,8,31,13:08:31,73,Tahap-4
01/22/2025,13,8,31,13:08:31,160,Tahap-4
01/22/2025,13,8,31,13:08:31,215,Tahap-4
01/22/2025,13,8,31,13:08:31,153,Tahap-4
01/22/2025,13,8,31,13:08:31,151,Tahap-4
01/22/2025,13,8,32,13:08:32,148,Tahap-4
01/22/2025,13,8,32,13:08:32,146,Tahap-4
01/22/2025,13,8,32,13:08:32,326,Tahap-4
01/22/2025,13,8,32,13:08:32,182,Tahap-4
01/22/2025,13,8,32,13:08:32,22,Tahap-4
01/22/2025,13,8,32,13:08:32,147,Tahap-4
01/22/2025,13,8,32,13:08:32,259,Tahap-4
01/22/2025,13,8,32,13:08:32,541,Tahap-4
01/22/2025,13,8,32,13:08:32,199,Tahap-4
01/22/2025,13,8,32,13:08:32,194,Tahap-4
01/22/2025,13,8,33,13:08:33,550,Tahap-4
01/22/2025,13,8,33,13:08:33,138,Tahap-4
01/22/2025,13,8,33,13:08:33,218,Tahap-4
01/22/2025,13,8,33,13:08:33,346,Tahap-4
01/22/2025,13,8,33,13:08:33,506,Tahap-4
01/22/2025,13,8,33,13:08:33,292,Tahap-4
01/22/2025,13,8,33,13:08:33,290,Tahap-4
01/22/2025,13,8,33,13:08:33,651,Tahap-4
01/22/2025,13,8,33,13:08:33,531,Tahap-4
01/22/2025,13,8,33,13:08:33,7,Tahap-4
01/22/2025,13,8,34,13:08:34,100,Tahap-4
01/22/2025,13,8,34,13:08:34,183,Tahap-4
01/22/2025,13,8,34,13:08:34,123,Tahap-4
01/22/2025,13,8,34,13:08:34,460,Tahap-4
01/22/2025,13,8,34,13:08:34,703,Tahap-4
01/22/2025,13,8,34,13:08:34,-152,Tahap-4
01/22/2025,13,8,34,13:08:34,240,Tahap-4
01/22/2025,13,8,34,13:08:34,120,Tahap-4
01/22/2025,13,8,34,13:08:34,-64,Tahap-4
01/22/2025,13,8,34,13:08:34,64,Tahap-4
01/22/2025,13,8,35,13:08:35,-120,Tahap-4
01/22/2025,13,8,35,13:08:35,136,Tahap-4
01/22/2025,13,8,35,13:08:35,56,Tahap-4
01/22/2025,13,8,35,13:08:35,-16,Tahap-4
01/22/2025,13,8,35,13:08:35,184,Tahap-4
01/22/2025,13,8,35,13:08:35,120,Tahap-4
01/22/2025,13,8,35,13:08:35,-208,Tahap-4
01/22/2025,13,8,35,13:08:35,120,Tahap-4
01/22/2025,13,8,35,13:08:35,32,Tahap-4
01/22/2025,13,8,35,13:08:35,8,Tahap-4
01/22/2025,13,8,36,13:08:36,-48,Tahap-4
01/22/2025,13,8,36,13:08:36,136,Tahap-4
01/22/2025,13,8,36,13:08:36,-184,Tahap-4
01/22/2025,13,8,36,13:08:36,136,Tahap-4
01/22/2025,13,8,36,13:08:36,-168,Tahap-4
01/22/2025,13,8,36,13:08:36,256,Tahap-4
01/22/2025,13,8,36,13:08:36,-80,Tahap-4
01/22/2025,13,8,36,13:08:36,-72,Tahap-4
01/22/2025,13,8,36,13:08:36,88,Tahap-4
01/22/2025,13,8,37,13:08:37,48,Tahap-4
01/22/2025,13,8,37,13:08:37,80,Tahap-4
01/22/2025,13,8,37,13:08:37,-152,Tahap-4
01/22/2025,13,8,37,13:08:37,264,Tahap-4
01/22/2025,13,8,37,13:08:37,-184,Tahap-4
01/22/2025,13,8,37,13:08:37,-48,Tahap-4
01/22/2025,13,8,37,13:08:37,176,Tahap-4
01/22/2025,13,8,37,13:08:37,56,Tahap-4
01/22/2025,13,8,37,13:08:37,-112,Tahap-4
01/22/2025,13,8,37,13:08:37,168,Tahap-4
01/22/2025,13,8,38,13:08:38,-192,Tahap-4
01/22/2025,13,8,38,13:08:38,56,Tahap-4
01/22/2025,13,8,38,13:08:38,24,Tahap-4
01/22/2025,13,8,38,13:08:38,-144,Tahap-4
01/22/2025,13,8,38,13:08:38,352,Tahap-4
01/22/2025,13,8,38,13:08:38,-216,Tahap-4
01/22/2025,13,8,38,13:08:38,-24,Tahap-4
01/22/2025,13,8,38,13:08:38,120,Tahap-4
01/22/2025,13,8,38,13:08:38,72,Tahap-4
01/22/2025,13,8,38,13:08:38,-128,Tahap-4
01/22/2025,13,8,39,13:08:39,88,Tahap-4
01/22/2025,13,8,39,13:08:39,-120,Tahap-4
01/22/2025,13,8,39,13:08:39,80,Tahap-4
01/22/2025,13,8,39,13:08:39,-168,Tahap-4
01/22/2025,13,8,39,13:08:39,40,Tahap-4
01/22/2025,13,8,39,13:08:39,288,Tahap-4
01/22/2025,13,8,39,13:08:39,-392,Tahap-4
01/22/2025,13,8,39,13:08:39,112,Tahap-4
01/22/2025,13,8,39,13:08:39,-88,Tahap-4
01/22/2025,13,8,39,13:08:39,-8,Tahap-4
01/22/2025,13,8,40,13:08:40,-56,Tahap-4
01/22/2025,13,8,40,13:08:40,-96,Tahap-4
01/22/2025,13,8,40,13:08:40,-136,Tahap-4
01/22/2025,13,8,40,13:08:40,-272,Tahap-4
01/22/2025,13,8,40,13:08:40,152,Tahap-4
01/22/2025,13,8,40,13:08:40,-120,Tahap-4
01/22/2025,13,8,40,13:08:40,-232,Tahap-4
01/22/2025,13,8,40,13:08:40,40,Tahap-4
01/22/2025,13,8,40,13:08:40,-152,Tahap-4
01/22/2025,13,8,40,13:08:40,-152,Tahap-4
01/22/2025,13,8,41,13:08:41,40,Tahap-4
01/22/2025,13,8,41,13:08:41,-256,Tahap-4
01/22/2025,13,8,41,13:08:41,-64,Tahap-4
01/22/2025,13,8,41,13:08:41,-112,Tahap-4
01/22/2025,13,8,41,13:08:41,-328,Tahap-4
01/22/2025,13,8,41,13:08:41,240,Tahap-4
01/22/2025,13,8,41,13:08:41,-224,Tahap-4
01/22/2025,13,8,41,13:08:41,-96,Tahap-4
01/22/2025,13,8,41,13:08:41,96,Tahap-4
01/22/2025,13,8,41,13:08:41,-136,Tahap-4
01/22/2025,13,8,42,13:08:42,-184,Tahap-4
01/22/2025,13,8,42,13:08:42,48,Tahap-4
01/22/2025,13,8,42,13:08:42,-224,Tahap-4
01/22/2025,13,8,42,13:08:42,16,Tahap-4
01/22/2025,13,8,42,13:08:42,-288,Tahap-4
01/22/2025,13,8,42,13:08:42,-168,Tahap-4
01/22/2025,13,8,42,13:08:42,88,Tahap-4
01/22/2025,13,8,42,13:08:42,-240,Tahap-4
01/22/2025,13,8,42,13:08:42,-40,Tahap-4
01/22/2025,13,8,42,13:08:42,-88,Tahap-4
01/22/2025,13,8,43,13:08:43,-88,Tahap-4
01/22/2025,13,8,43,13:08:43,-160,Tahap-4
01/22/2025,13,8,43,13:08:43,-120,Tahap-4
01/22/2025,13,8,43,13:08:43,-176,Tahap-4
01/22/2025,13,8,43,13:08:43,-24,Tahap-4
01/22/2025,13,8,43,13:08:43,-264,Tahap-4
01/22/2025,13,8,43,13:08:43,136,Tahap-4
01/22/2025,13,8,43,13:08:43,-152,Tahap-4
01/22/2025,13,8,43,13:08:43,-168,Tahap-4
01/22/2025,13,8,43,13:08:43,120,Tahap-4
01/22/2025,13,8,44,13:08:44,-88,Tahap-4
01/22/2025,13,8,44,13:08:44,-192,Tahap-4
01/22/2025,13,8,44,13:08:44,-112,Tahap-4
01/22/2025,13,8,44,13:08:44,-200,Tahap-4
01/22/2025,13,8,44,13:08:44,-88,Tahap-4
01/22/2025,13,8,44,13:08:44,-72,Tahap-4
01/22/2025,13,8,44,13:08:44,-392,Tahap-4
01/22/2025,13,8,44,13:08:44,160,Tahap-4
01/22/2025,13,8,44,13:08:44,-328,Tahap-4
01/22/2025,13,8,44,13:08:44,-208,Tahap-4
01/22/2025,13,8,45,13:08:45,152,Tahap-4
01/22/2025,13,8,45,13:08:45,-272,Tahap-4
01/22/2025,13,8,45,13:08:45,-296,Tahap-4
01/22/2025,13,8,45,13:08:45,48,Tahap-4
01/22/2025,13,8,45,13:08:45,-440,Tahap-4
01/22/2025,13,8,45,13:08:45,-24,Tahap-4
01/22/2025,13,8,45,13:08:45,-272,Tahap-4
01/22/2025,13,8,45,13:08:45,-144,Tahap-4
01/22/2025,13,8,45,13:08:45,-328,Tahap-4
01/22/2025,13,8,46,13:08:46,-288,Tahap-4
01/22/2025,13,8,46,13:08:46,-40,Tahap-4
01/22/2025,13,8,46,13:08:46,-104,Tahap-4
01/22/2025,13,8,46,13:08:46,-376,Tahap-4
01/22/2025,13,8,46,13:08:46,-80,Tahap-4
01/22/2025,13,8,46,13:08:46,-352,Tahap-4
01/22/2025,13,8,46,13:08:46,-40,Tahap-4
01/22/2025,13,8,46,13:08:46,-384,Tahap-4
01/22/2025,13,8,46,13:08:46,16,Tahap-4
01/22/2025,13,8,46,13:08:46,-80,Tahap-4
01/22/2025,13,8,47,13:08:47,-400,Tahap-4
01/22/2025,13,8,47,13:08:47,-128,Tahap-4
01/22/2025,13,8,47,13:08:47,-248,Tahap-4
01/22/2025,13,9,11,13:09:11,2775,Tahap-4
01/22/2025,13,9,11,13:09:11,995,Tahap-4
01/22/2025,13,9,11,13:09:11,401,Tahap-4
01/22/2025,13,9,12,13:09:12,437,Tahap-4
01/22/2025,13,9,12,13:09:12,376,Tahap-4
01/22/2025,13,9,12,13:09:12,347,Tahap-4
01/22/2025,13,9,12,13:09:12,258,Tahap-4
01/22/2025,13,9,12,13:09:12,128,Tahap-4
01/22/2025,13,9,12,13:09:12,166,Tahap-4
01/22/2025,13,9,12,13:09:12,232,Tahap-4
01/22/2025,13,9,12,13:09:12,183,Tahap-4
01/22/2025,13,9,12,13:09:12,120,Tahap-4
01/22/2025,13,9,12,13:09:12,234,Tahap-4
01/22/2025,13,9,13,13:09:13,189,Tahap-4
01/22/2025,13,9,13,13:09:13,67,Tahap-4
01/22/2025,13,9,13,13:09:13,110,Tahap-4
01/22/2025,13,9,13,13:09:13,91,Tahap-4
01/22/2025,13,9,13,13:09:13,150,Tahap-4
01/22/2025,13,9,13,13:09:13,157,Tahap-4
01/22/2025,13,9,13,13:09:13,42,Tahap-4
01/22/2025,13,9,13,13:09:13,93,Tahap-4
01/22/2025,13,9,13,13:09:13,78,Tahap-4
01/22/2025,13,9,13,13:09:13,205,Tahap-4
01/22/2025,13,9,14,13:09:14,426,Tahap-4
01/22/2025,13,9,14,13:09:14,93,Tahap-4
01/22/2025,13,9,14,13:09:14,44,Tahap-4
01/22/2025,13,9,14,13:09:14,35,Tahap-4
01/22/2025,13,9,14,13:09:14,125,Tahap-4
01/22/2025,13,9,14,13:09:14,144,Tahap-4
01/22/2025,13,9,14,13:09:14,123,Tahap-4
01/22/2025,13,9,14,13:09:14,270,Tahap-4
01/22/2025,13,9,14,13:09:14,79,Tahap-4
01/22/2025,13,9,14,13:09:14,91,Tahap-4
01/22/2025,13,9,15,13:09:15,167,Tahap-4
01/22/2025,13,9,15,13:09:15,213,Tahap-4
01/22/2025,13,9,15,13:09:15,262,Tahap-4
01/22/2025,13,9,15,13:09:15,156,Tahap-4
01/22/2025,13,9,15,13:09:15,42,Tahap-4
01/22/2025,13,9,15,13:09:15,74,Tahap-4
01/22/2025,13,9,15,13:09:15,145,Tahap-4
01/22/2025,13,9,15,13:09:15,28,Tahap-4
01/22/2025,13,9,15,13:09:15,133,Tahap-4
01/22/2025,13,9,15,13:09:15,119,Tahap-4
01/22/2025,13,9,16,13:09:16,208,Tahap-4
01/22/2025,13,9,16,13:09:16,312,Tahap-4
01/22/2025,13,9,16,13:09:16,77,Tahap-4
01/22/2025,13,9,16,13:09:16,255,Tahap-4
01/22/2025,13,9,16,13:09:16,125,Tahap-4
01/22/2025,13,9,16,13:09:16,14,Tahap-4
01/22/2025,13,9,16,13:09:16,66,Tahap-4
01/22/2025,13,9,16,13:09:16,44,Tahap-4
01/22/2025,13,9,16,13:09:16,80,Tahap-4
01/22/2025,13,9,16,13:09:16,30,Tahap-4
01/22/2025,13,9,17,13:09:17,46,Tahap-4
01/22/2025,13,9,17,13:09:17,105,Tahap-4
01/22/2025,13,9,17,13:09:17,53,Tahap-4
01/22/2025,13,9,17,13:09:17,31,Tahap-4
01/22/2025,13,9,17,13:09:17,38,Tahap-4
01/22/2025,13,9,17,13:09:17,88,Tahap-4
01/22/2025,13,9,17,13:09:17,108,Tahap-4
01/22/2025,13,9,17,13:09:17,77,Tahap-4
01/22/2025,13,9,17,13:09:17,101,Tahap-4
01/22/2025,13,9,17,13:09:17,98,Tahap-4
01/22/2025,13,9,18,13:09:18,188,Tahap-4
01/22/2025,13,9,18,13:09:18,204,Tahap-4
01/22/2025,13,9,18,13:09:18,105,Tahap-4
01/22/2025,13,9,18,13:09:18,153,Tahap-4
01/22/2025,13,9,18,13:09:18,319,Tahap-4
01/22/2025,13,9,18,13:09:18,272,Tahap-4
01/22/2025,13,9,18,13:09:18,79,Tahap-4
01/22/2025,13,9,18,13:09:18,415,Tahap-4
01/22/2025,13,9,18,13:09:18,825,Tahap-4
01/22/2025,13,9,18,13:09:18,371,Tahap-4
01/22/2025,13,9,19,13:09:19,48,Tahap-4
01/22/2025,13,9,19,13:09:19,58,Tahap-4
01/22/2025,13,9,19,13:09:19,154,Tahap-4
01/22/2025,13,9,19,13:09:19,209,Tahap-4
01/22/2025,13,9,19,13:09:19,96,Tahap-4
01/22/2025,13,9,19,13:09:19,82,Tahap-4
01/22/2025,13,9,19,13:09:19,82,Tahap-4
01/22/2025,13,9,19,13:09:19,107,Tahap-4
01/22/2025,13,9,19,13:09:19,174,Tahap-4
01/22/2025,13,9,19,13:09:19,259,Tahap-4
01/22/2025,13,9,20,13:09:20,77,Tahap-4
01/22/2025,13,9,20,13:09:20,184,Tahap-4
01/22/2025,13,9,20,13:09:20,233,Tahap-4
01/22/2025,13,9,20,13:09:20,81,Tahap-4
01/22/2025,13,9,20,13:09:20,86,Tahap-4
01/22/2025,13,9,20,13:09:20,916,Tahap-4
01/22/2025,13,9,20,13:09:20,99,Tahap-4
01/22/2025,13,9,20,13:09:20,180,Tahap-4
01/22/2025,13,9,20,13:09:20,169,Tahap-4
01/22/2025,13,9,20,13:09:20,135,Tahap-4
01/22/2025,13,9,21,13:09:21,474,Tahap-4
01/22/2025,13,9,21,13:09:21,555,Tahap-4
01/22/2025,13,9,21,13:09:21,1692,Tahap-4
01/22/2025,13,9,21,13:09:21,822,Tahap-4
01/22/2025,13,9,21,13:09:21,317,Tahap-4
01/22/2025,13,9,21,13:09:21,235,Tahap-4
01/22/2025,13,9,21,13:09:21,161,Tahap-4
01/22/2025,13,9,21,13:09:21,130,Tahap-4
01/22/2025,13,9,21,13:09:21,111,Tahap-4
01/22/2025,13,9,21,13:09:21,143,Tahap-4
01/22/2025,13,9,22,13:09:22,215,Tahap-4
01/22/2025,13,9,22,13:09:22,279,Tahap-4
01/22/2025,13,9,22,13:09:22,370,Tahap-4
01/22/2025,13,9,22,13:09:22,33,Tahap-4
01/22/2025,13,9,22,13:09:22,235,Tahap-4
01/22/2025,13,9,22,13:09:22,363,Tahap-4
01/22/2025,13,9,22,13:09:22,216,Tahap-4
01/22/2025,13,9,22,13:09:22,78,Tahap-4
01/22/2025,13,9,22,13:09:22,88,Tahap-4
01/22/2025,13,9,22,13:09:22,360,Tahap-4
01/22/2025,13,9,23,13:09:23,451,Tahap-4
01/22/2025,13,9,23,13:09:23,268,Tahap-4
01/22/2025,13,9,23,13:09:23,67,Tahap-4
01/22/2025,13,9,23,13:09:23,105,Tahap-4
01/22/2025,13,9,23,13:09:23,498,Tahap-4
01/22/2025,13,9,23,13:09:23,358,Tahap-4
01/22/2025,13,9,23,13:09:23,623,Tahap-4
01/22/2025,13,9,23,13:09:23,830,Tahap-4
01/22/2025,13,9,23,13:09:23,257,Tahap-4
01/22/2025,13,9,23,13:09:23,156,Tahap-4
01/22/2025,13,9,24,13:09:24,98,Tahap-4
01/22/2025,13,9,24,13:09:24,363,Tahap-4
01/22/2025,13,9,24,13:09:24,49,Tahap-4
01/22/2025,13,9,24,13:09:24,225,Tahap-4
01/22/2025,13,9,24,13:09:24,-104,Tahap-4
01/22/2025,13,9,24,13:09:24,360,Tahap-4
01/22/2025,13,9,24,13:09:24,-48,Tahap-4
01/22/2025,13,9,24,13:09:24,104,Tahap-4
01/22/2025,13,9,24,13:09:24,-56,Tahap-4
01/22/2025,13,9,24,13:09:24,-72,Tahap-4
01/22/2025,13,9,25,13:09:25,232,Tahap-4
01/22/2025,13,9,25,13:09:25,-32,Tahap-4
01/22/2025,13,9,25,13:09:25,80,Tahap-4
01/22/2025,13,9,25,13:09:25,24,Tahap-4
01/22/2025,13,9,25,13:09:25,112,Tahap-4
01/22/2025,13,9,25,13:09:25,-80,Tahap-4
01/22/2025,13,9,25,13:09:25,120,Tahap-4
01/22/2025,13,9,25,13:09:25,24,Tahap-4
01/22/2025,13,9,25,13:09:25,192,Tahap-4
01/22/2025,13,9,25,13:09:25,-112,Tahap-4
01/22/2025,13,9,26,13:09:26,176,Tahap-4
01/22/2025,13,9,26,13:09:26,80,Tahap-4
01/22/2025,13,9,26,13:09:26,-24,Tahap-4
01/22/2025,13,9,26,13:09:26,280,Tahap-4
01/22/2025,13,9,26,13:09:26,168,Tahap-4
01/22/2025,13,9,26,13:09:26,-56,Tahap-4
01/22/2025,13,9,26,13:09:26,232,Tahap-4
01/22/2025,13,9,26,13:09:26,-96,Tahap-4
01/22/2025,13,9,26,13:09:26,344,Tahap-4
01/22/2025,13,9,26,13:09:26,-48,Tahap-4
01/22/2025,13,9,27,13:09:27,16,Tahap-4
01/22/2025,13,9,27,13:09:27,248,Tahap-4
01/22/2025,13,9,27,13:09:27,136,Tahap-4
01/22/2025,13,9,27,13:09:27,16,Tahap-4
01/22/2025,13,9,27,13:09:27,400,Tahap-4
01/22/2025,13,9,27,13:09:27,-16,Tahap-4
01/22/2025,13,9,27,13:09:27,56,Tahap-4
01/22/2025,13,9,27,13:09:27,72,Tahap-4
01/22/2025,13,9,27,13:09:27,-72,Tahap-4
01/22/2025,13,9,27,13:09:27,448,Tahap-4
01/22/2025,13,9,28,13:09:28,-40,Tahap-4
01/22/2025,13,9,28,13:09:28,240,Tahap-4
01/22/2025,13,9,28,13:09:28,184,Tahap-4
01/22/2025,13,9,28,13:09:28,112,Tahap-4
01/22/2025,13,9,29,13:09:29,96,Tahap-4
01/22/2025,13,9,29,13:09:29,272,Tahap-4
01/22/2025,13,9,29,13:09:29,128,Tahap-4
01/22/2025,13,9,29,13:09:29,152,Tahap-4
01/22/2025,13,9,29,13:09:29,152,Tahap-4
01/22/2025,13,9,29,13:09:29,288,Tahap-4
01/22/2025,13,9,29,13:09:29,288,Tahap-4
01/22/2025,13,9,29,13:09:29,-8,Tahap-4
01/22/2025,13,9,29,13:09:29,360,Tahap-4
01/22/2025,13,9,29,13:09:29,56,Tahap-4
01/22/2025,13,9,29,13:09:29,176,Tahap-4
01/22/2025,13,9,29,13:09:29,152,Tahap-4
01/22/2025,13,9,29,13:09:29,144,Tahap-4
01/22/2025,13,9,29,13:09:29,256,Tahap-4
01/22/2025,13,9,29,13:09:29,160,Tahap-4
01/22/2025,13,9,29,13:09:29,-72,Tahap-4
01/22/2025,13,9,30,13:09:30,408,Tahap-4
01/22/2025,13,9,30,13:09:30,48,Tahap-4
01/22/2025,13,9,30,13:09:30,168,Tahap-4
01/22/2025,13,9,30,13:09:30,296,Tahap-4
01/22/2025,13,9,30,13:09:30,-24,Tahap-4
01/22/2025,13,9,30,13:09:30,264,Tahap-4
01/22/2025,13,9,30,13:09:30,192,Tahap-4
01/22/2025,13,9,30,13:09:30,120,Tahap-4
01/22/2025,13,9,30,13:09:30,272,Tahap-4
01/22/2025,13,9,30,13:09:30,184,Tahap-4
01/22/2025,13,9,30,13:09:30,64,Tahap-4
01/22/2025,13,9,31,13:09:31,424,Tahap-4
01/22/2025,13,9,31,13:09:31,-88,Tahap-4
01/22/2025,13,9,31,13:09:31,216,Tahap-4
01/22/2025,13,9,31,13:09:31,320,Tahap-4
01/22/2025,13,9,31,13:09:31,192,Tahap-4
01/22/2025,13,9,31,13:09:31,80,Tahap-4
01/22/2025,13,9,31,13:09:31,328,Tahap-4
01/22/2025,13,9,31,13:09:31,-32,Tahap-4
01/22/2025,13,9,31,13:09:31,312,Tahap-4
01/22/2025,13,9,31,13:09:31,-72,Tahap-4
01/22/2025,13,9,32,13:09:32,272,Tahap-4
01/22/2025,13,9,32,13:09:32,240,Tahap-4
01/22/2025,13,9,32,13:09:32,-96,Tahap-4
01/22/2025,13,9,32,13:09:32,224,Tahap-4
01/22/2025,13,9,32,13:09:32,104,Tahap-4
01/22/2025,13,9,32,13:09:32,280,Tahap-4
01/22/2025,13,9,32,13:09:32,40,Tahap-4
01/22/2025,13,9,32,13:09:32,192,Tahap-4
01/22/2025,13,9,32,13:09:32,112,Tahap-4
01/22/2025,13,9,32,13:09:32,152,Tahap-4
01/22/2025,13,9,33,13:09:33,-128,Tahap-4
01/22/2025,13,9,33,13:09:33,368,Tahap-4
01/22/2025,13,9,33,13:09:33,144,Tahap-4
01/22/2025,13,9,33,13:09:33,-16,Tahap-4
01/22/2025,13,9,33,13:09:33,296,Tahap-4
01/22/2025,13,9,33,13:09:33,-32,Tahap-4
01/22/2025,13,9,33,13:09:33,136,Tahap-4
01/22/2025,13,9,33,13:09:33,296,Tahap-4
01/22/2025,13,9,33,13:09:33,-40,Tahap-4
01/22/2025,13,9,33,13:09:33,240,Tahap-4
01/22/2025,13,9,34,13:09:34,96,Tahap-4
01/22/2025,13,9,34,13:09:34,-64,Tahap-4
01/22/2025,13,9,34,13:09:34,352,Tahap-4
01/22/2025,13,9,34,13:09:34,104,Tahap-4
01/22/2025,13,9,34,13:09:34,336,Tahap-4
01/22/2025,13,9,34,13:09:34,16,Tahap-4
01/22/2025,13,9,34,13:09:34,24,Tahap-4
01/22/2025,13,9,34,13:09:34,216,Tahap-4
01/22/2025,13,9,34,13:09:34,152,Tahap-4
01/22/2025,13,9,35,13:09:35,-88,Tahap-4
01/22/2025,13,9,35,13:09:35,208,Tahap-4
01/22/2025,13,9,35,13:09:35,-120,Tahap-4
01/22/2025,13,9,35,13:09:35,328,Tahap-4
01/22/2025,13,9,35,13:09:35,64,Tahap-4
01/22/2025,13,9,35,13:09:35,8,Tahap-4
01/22/2025,13,9,35,13:09:35,200,Tahap-4
01/22/2025,13,9,35,13:09:35,96,Tahap-4
01/22/2025,13,9,35,13:09:35,8,Tahap-4
01/22/2025,13,9,35,13:09:35,-16,Tahap-4
01/22/2025,13,9,36,13:09:36,144,Tahap-4
01/22/2025,13,9,36,13:09:36,80,Tahap-4
01/22/2025,13,9,36,13:09:36,-40,Tahap-4
01/22/2025,13,9,36,13:09:36,280,Tahap-4
01/22/2025,13,9,36,13:09:36,-24,Tahap-4
01/22/2025,13,9,36,13:09:36,8,Tahap-4
01/22/2025,13,9,36,13:09:36,224,Tahap-4
01/22/2025,13,9,36,13:09:36,-168,Tahap-4
01/22/2025,13,9,36,13:09:36,152,Tahap-4
01/22/2025,13,9,37,13:09:37,-80,Tahap-4
01/22/2025,13,9,37,13:09:37,-80,Tahap-4
01/22/2025,13,10,1,13:10:01,3965,Tahap-4
01/22/2025,13,10,1,13:10:01,1532,Tahap-4
01/22/2025,13,10,1,13:10:01,908,Tahap-4
01/22/2025,13,10,1,13:10:01,702,Tahap-4
01/22/2025,13,10,2,13:10:02,411,Tahap-4
01/22/2025,13,10,2,13:10:02,465,Tahap-4
01/22/2025,13,10,2,13:10:02,483,Tahap-4
01/22/2025,13,10,2,13:10:02,363,Tahap-4
01/22/2025,13,10,2,13:10:02,261,Tahap-4
01/22/2025,13,10,2,13:10:02,274,Tahap-4
01/22/2025,13,10,2,13:10:02,170,Tahap-4
01/22/2025,13,10,2,13:10:02,189,Tahap-4
01/22/2025,13,10,2,13:10:02,223,Tahap-4
01/22/2025,13,10,2,13:10:02,287,Tahap-4
01/22/2025,13,10,3,13:10:03,247,Tahap-4
01/22/2025,13,10,3,13:10:03,191,Tahap-4
01/22/2025,13,10,3,13:10:03,186,Tahap-4
01/22/2025,13,10,3,13:10:03,317,Tahap-4
01/22/2025,13,10,3,13:10:03,111,Tahap-4
01/22/2025,13,10,3,13:10:03,251,Tahap-4
01/22/2025,13,10,3,13:10:03,79,Tahap-4
01/22/2025,13,10,3,13:10:03,127,Tahap-4
01/22/2025,13,10,3,13:10:03,192,Tahap-4
01/22/2025,13,10,3,13:10:03,117,Tahap-4
01/22/2025,13,10,4,13:10:04,95,Tahap-4
01/22/2025,13,10,4,13:10:04,140,Tahap-4
01/22/2025,13,10,4,13:10:04,205,Tahap-4
01/22/2025,13,10,4,13:10:04,162,Tahap-4
01/22/2025,13,10,4,13:10:04,131,Tahap-4
01/22/2025,13,10,4,13:10:04,43,Tahap-4
01/22/2025,13,10,4,13:10:04,209,Tahap-4
01/22/2025,13,10,4,13:10:04,200,Tahap-4
01/22/2025,13,10,4,13:10:04,183,Tahap-4
01/22/2025,13,10,4,13:10:04,195,Tahap-4
01/22/2025,13,10,5,13:10:05,52,Tahap-4
01/22/2025,13,10,5,13:10:05,364,Tahap-4
01/22/2025,13,10,5,13:10:05,208,Tahap-4
01/22/2025,13,10,5,13:10:05,129,Tahap-4
01/22/2025,13,10,5,13:10:05,70,Tahap-4
01/22/2025,13,10,5,13:10:05,59,Tahap-4
01/22/2025,13,10,5,13:10:05,157,Tahap-4
01/22/2025,13,10,5,13:10:05,186,Tahap-4
01/22/2025,13,10,5,13:10:05,253,Tahap-4
01/22/2025,13,10,5,13:10:05,309,Tahap-4
01/22/2025,13,10,6,13:10:06,335,Tahap-4
01/22/2025,13,10,6,13:10:06,99,Tahap-4
01/22/2025,13,10,6,13:10:06,59,Tahap-4
01/22/2025,13,10,6,13:10:06,276,Tahap-4
01/22/2025,13,10,6,13:10:06,35,Tahap-4
01/22/2025,13,10,6,13:10:06,39,Tahap-4
01/22/2025,13,10,6,13:10:06,123,Tahap-4
01/22/2025,13,10,6,13:10:06,98,Tahap-4
01/22/2025,13,10,6,13:10:06,94,Tahap-4
01/22/2025,13,10,6,13:10:06,133,Tahap-4
01/22/2025,13,10,7,13:10:07,141,Tahap-4
01/22/2025,13,10,7,13:10:07,217,Tahap-4
01/22/2025,13,10,7,13:10:07,119,Tahap-4
01/22/2025,13,10,7,13:10:07,92,Tahap-4
01/22/2025,13,10,7,13:10:07,201,Tahap-4
01/22/2025,13,10,7,13:10:07,259,Tahap-4
01/22/2025,13,10,7,13:10:07,56,Tahap-4
01/22/2025,13,10,7,13:10:07,47,Tahap-4
01/22/2025,13,10,7,13:10:07,164,Tahap-4
01/22/2025,13,10,7,13:10:07,256,Tahap-4
01/22/2025,13,10,8,13:10:08,111,Tahap-4
01/22/2025,13,10,8,13:10:08,189,Tahap-4
01/22/2025,13,10,8,13:10:08,150,Tahap-4
01/22/2025,13,10,8,13:10:08,276,Tahap-4
01/22/2025,13,10,8,13:10:08,219,Tahap-4
01/22/2025,13,10,8,13:10:08,172,Tahap-4
01/22/2025,13,10,8,13:10:08,48,Tahap-4
01/22/2025,13,10,8,13:10:08,991,Tahap-4
01/22/2025,13,10,8,13:10:08,186,Tahap-4
01/22/2025,13,10,8,13:10:08,97,Tahap-4
01/22/2025,13,10,9,13:10:09,260,Tahap-4
01/22/2025,13,10,9,13:10:09,14,Tahap-4
01/22/2025,13,10,9,13:10:09,77,Tahap-4
01/22/2025,13,10,9,13:10:09,167,Tahap-4
01/22/2025,13,10,9,13:10:09,116,Tahap-4
01/22/2025,13,10,9,13:10:09,76,Tahap-4
01/22/2025,13,10,9,13:10:09,174,Tahap-4
01/22/2025,13,10,9,13:10:09,97,Tahap-4
01/22/2025,13,10,9,13:10:09,163,Tahap-4
01/22/2025,13,10,9,13:10:09,73,Tahap-4
01/22/2025,13,10,10,13:10:10,100,Tahap-4
01/22/2025,13,10,10,13:10:10,261,Tahap-4
01/22/2025,13,10,10,13:10:10,15,Tahap-4
01/22/2025,13,10,10,13:10:10,271,Tahap-4
01/22/2025,13,10,10,13:10:10,686,Tahap-4
01/22/2025,13,10,10,13:10:10,188,Tahap-4
01/22/2025,13,10,10,13:10:10,91,Tahap-4
01/22/2025,13,10,10,13:10:10,195,Tahap-4
01/22/2025,13,10,10,13:10:10,141,Tahap-4
01/22/2025,13,10,10,13:10:10,450,Tahap-4
01/22/2025,13,10,11,13:10:11,433,Tahap-4
01/22/2025,13,10,11,13:10:11,2031,Tahap-4
01/22/2025,13,10,11,13:10:11,179,Tahap-4
01/22/2025,13,10,11,13:10:11,447,Tahap-4
01/22/2025,13,10,11,13:10:11,344,Tahap-4
01/22/2025,13,10,11,13:10:11,76,Tahap-4
01/22/2025,13,10,11,13:10:11,36,Tahap-4
01/22/2025,13,10,11,13:10:11,107,Tahap-4
01/22/2025,13,10,11,13:10:11,182,Tahap-4
01/22/2025,13,10,11,13:10:11,43,Tahap-4
01/22/2025,13,10,12,13:10:12,142,Tahap-4
01/22/2025,13,10,12,13:10:12,341,Tahap-4
01/22/2025,13,10,12,13:10:12,276,Tahap-4
01/22/2025,13,10,12,13:10:12,86,Tahap-4
01/22/2025,13,10,12,13:10:12,404,Tahap-4
01/22/2025,13,10,12,13:10:12,154,Tahap-4
01/22/2025,13,10,12,13:10:12,84,Tahap-4
01/22/2025,13,10,12,13:10:12,93,Tahap-4
01/22/2025,13,10,12,13:10:12,370,Tahap-4
01/22/2025,13,10,12,13:10:12,26,Tahap-4
01/22/2025,13,10,13,13:10:13,246,Tahap-4
01/22/2025,13,10,13,13:10:13,210,Tahap-4
01/22/2025,13,10,13,13:10:13,275,Tahap-4
01/22/2025,13,10,13,13:10:13,336,Tahap-4
01/22/2025,13,10,13,13:10:13,112,Tahap-4
01/22/2025,13,10,13,13:10:13,1331,Tahap-4
01/22/2025,13,10,13,13:10:13,329,Tahap-4
01/22/2025,13,10,13,13:10:13,328,Tahap-4
01/22/2025,13,10,13,13:10:13,330,Tahap-4
01/22/2025,13,10,13,13:10:13,253,Tahap-4
01/22/2025,13,10,14,13:10:14,390,Tahap-4
01/22/2025,13,10,14,13:10:14,179,Tahap-4
01/22/2025,13,10,14,13:10:14,188,Tahap-4
01/22/2025,13,10,14,13:10:14,-48,Tahap-4
01/22/2025,13,10,14,13:10:14,60,Tahap-4
01/22/2025,13,10,14,13:10:14,36,Tahap-4
01/22/2025,13,10,14,13:10:14,-16,Tahap-4
01/22/2025,13,10,14,13:10:14,68,Tahap-4
01/22/2025,13,10,14,13:10:14,-112,Tahap-4
01/22/2025,13,10,14,13:10:14,172,Tahap-4
01/22/2025,13,10,15,13:10:15,-32,Tahap-4
01/22/2025,13,10,15,13:10:15,-4,Tahap-4
01/22/2025,13,10,15,13:10:15,56,Tahap-4
01/22/2025,13,10,15,13:10:15,4,Tahap-4
01/22/2025,13,10,15,13:10:15,-44,Tahap-4
01/22/2025,13,10,15,13:10:15,-16,Tahap-4
01/22/2025,13,10,15,13:10:15,-8,Tahap-4
01/22/2025,13,10,15,13:10:15,28,Tahap-4
01/22/2025,13,10,15,13:10:15,-48,Tahap-4
01/22/2025,13,10,15,13:10:15,-4,Tahap-4
01/22/2025,13,10,16,13:10:16,80,Tahap-4
01/22/2025,13,10,16,13:10:16,-128,Tahap-4
01/22/2025,13,10,16,13:10:16,64,Tahap-4
01/22/2025,13,10,16,13:10:16,8,Tahap-4
01/22/2025,13,10,16,13:10:16,-60,Tahap-4
01/22/2025,13,10,16,13:10:16,-32,Tahap-4
01/22/2025,13,10,16,13:10:16,-20,Tahap-4
01/22/2025,13,10,16,13:10:16,-56,Tahap-4
01/22/2025,13,10,16,13:10:16,76,Tahap-4
01/22/2025,13,10,16,13:10:16,-192,Tahap-4
01/22/2025,13,10,17,13:10:17,128,Tahap-4
01/22/2025,13,10,17,13:10:17,-44,Tahap-4
01/22/2025,13,10,17,13:10:17,-108,Tahap-4
01/22/2025,13,10,17,13:10:17,96,Tahap-4
01/22/2025,13,10,17,13:10:17,-12,Tahap-4
01/22/2025,13,10,17,13:10:17,-124,Tahap-4
01/22/2025,13,10,17,13:10:17,36,Tahap-4
01/22/2025,13,10,17,13:10:17,-116,Tahap-4
01/22/2025,13,10,17,13:10:17,-72,Tahap-4
01/22/2025,13,10,17,13:10:17,-8,Tahap-4
01/22/2025,13,10,18,13:10:18,-104,Tahap-4
01/22/2025,13,10,18,13:10:18,84,Tahap-4
01/22/2025,13,10,18,13:10:18,-160,Tahap-4
01/22/2025,13,10,18,13:10:18,-64,Tahap-4
01/22/2025,13,10,18,13:10:18,32,Tahap-4
01/22/2025,13,10,18,13:10:18,-16,Tahap-4
01/22/2025,13,10,18,13:10:18,-128,Tahap-4
01/22/2025,13,10,18,13:10:18,4,Tahap-4
01/22/2025,13,10,18,13:10:18,-88,Tahap-4
01/22/2025,13,10,18,13:10:18,-36,Tahap-4
01/22/2025,13,10,19,13:10:19,-120,Tahap-4
01/22/2025,13,10,19,13:10:19,-20,Tahap-4
01/22/2025,13,10,19,13:10:19,32,Tahap-4
01/22/2025,13,10,19,13:10:19,-200,Tahap-4
01/22/2025,13,10,19,13:10:19,12,Tahap-4
01/22/2025,13,10,19,13:10:19,-100,Tahap-4
01/22/2025,13,10,19,13:10:19,-36,Tahap-4
01/22/2025,13,10,19,13:10:19,-60,Tahap-4
01/22/2025,13,10,19,13:10:19,-60,Tahap-4
01/22/2025,13,10,19,13:10:19,-76,Tahap-4
01/22/2025,13,10,20,13:10:20,-32,Tahap-4
01/22/2025,13,10,20,13:10:20,-164,Tahap-4
01/22/2025,13,10,20,13:10:20,60,Tahap-4
01/22/2025,13,10,20,13:10:20,-92,Tahap-4
01/22/2025,13,10,20,13:10:20,-112,Tahap-4
01/22/2025,13,10,20,13:10:20,-56,Tahap-4
01/22/2025,13,10,20,13:10:20,-100,Tahap-4
01/22/2025,13,10,20,13:10:20,-116,Tahap-4
01/22/2025,13,10,20,13:10:20,48,Tahap-4
01/22/2025,13,10,20,13:10:20,-200,Tahap-4
01/22/2025,13,10,21,13:10:21,-92,Tahap-4
01/22/2025,13,10,21,13:10:21,-124,Tahap-4
01/22/2025,13,10,21,13:10:21,-172,Tahap-4
01/22/2025,13,10,21,13:10:21,76,Tahap-4
01/22/2025,13,10,21,13:10:21,-220,Tahap-4
01/22/2025,13,10,21,13:10:21,-84,Tahap-4
01/22/2025,13,10,21,13:10:21,-64,Tahap-4
01/22/2025,13,10,21,13:10:21,-104,Tahap-4
01/22/2025,13,10,21,13:10:21,-164,Tahap-4
01/22/2025,13,10,21,13:10:21,-4,Tahap-4
01/22/2025,13,10,22,13:10:22,-200,Tahap-4
01/22/2025,13,10,22,13:10:22,-88,Tahap-4
01/22/2025,13,10,22,13:10:22,-148,Tahap-4
01/22/2025,13,10,22,13:10:22,-140,Tahap-4
01/22/2025,13,10,22,13:10:22,-48,Tahap-4
01/22/2025,13,10,22,13:10:22,-192,Tahap-4
01/22/2025,13,10,22,13:10:22,-56,Tahap-4
01/22/2025,13,10,22,13:10:22,-148,Tahap-4
01/22/2025,13,10,22,13:10:22,-144,Tahap-4
01/22/2025,13,10,22,13:10:22,-176,Tahap-4
01/22/2025,13,10,22,13:10:22,-96,Tahap-4
01/22/2025,13,10,23,13:10:23,-176,Tahap-4
01/22/2025,13,10,23,13:10:23,-112,Tahap-4
01/22/2025,13,10,23,13:10:23,-244,Tahap-4
01/22/2025,13,10,23,13:10:23,-40,Tahap-4
01/22/2025,13,10,23,13:10:23,-212,Tahap-4
01/22/2025,13,10,23,13:10:23,-152,Tahap-4
01/22/2025,13,10,23,13:10:23,-52,Tahap-4
01/22/2025,13,10,23,13:10:23,-160,Tahap-4
01/22/2025,13,10,23,13:10:23,-180,Tahap-4
01/22/2025,13,10,23,13:10:23,-136,Tahap-4
01/22/2025,13,10,24,13:10:24,-204,Tahap-4
01/22/2025,13,10,24,13:10:24,-148,Tahap-4
01/22/2025,13,10,24,13:10:24,-100,Tahap-4
01/22/2025,13,10,24,13:10:24,-248,Tahap-4
01/22/2025,13,10,24,13:10:24,20,Tahap-4
01/22/2025,13,10,24,13:10:24,-296,Tahap-4
01/22/2025,13,10,24,13:10:24,-192,Tahap-4
01/22/2025,13,10,24,13:10:24,-80,Tahap-4
01/22/2025,13,10,24,13:10:24,-152,Tahap-4
01/22/2025,13,10,24,13:10:24,-220,Tahap-4
01/22/2025,13,10,25,13:10:25,-92,Tahap-4
01/22/2025,13,10,25,13:10:25,-296,Tahap-4
01/22/2025,13,10,25,13:10:25,-60,Tahap-4
01/22/2025,13,10,25,13:10:25,-268,Tahap-4
01/22/2025,13,10,25,13:10:25,-72,Tahap-4
01/22/2025,13,10,25,13:10:25,-144,Tahap-4
01/22/2025,13,10,25,13:10:25,-224,Tahap-4
01/22/2025,13,10,25,13:10:25,-164,Tahap-4
01/22/2025,13,10,25,13:10:25,-104,Tahap-4
01/22/2025,13,10,25,13:10:25,-124,Tahap-4
01/22/2025,13,10,26,13:10:26,-232,Tahap-4
01/22/2025,13,10,26,13:10:26,-148,Tahap-4
01/22/2025,13,10,26,13:10:26,-240,Tahap-4
01/22/2025,13,10,26,13:10:26,-112,Tahap-4
01/22/2025,13,10,26,13:10:26,-280,Tahap-4
01/22/2025,13,10,26,13:10:26,-64,Tahap-4
01/22/2025,13,10,26,13:10:26,-252,Tahap-4
01/22/2025,13,10,26,13:10:26,-260,Tahap-4
01/22/2025,13,10,26,13:10:26,-116,Tahap-4
01/22/2025,13,10,26,13:10:26,-260,Tahap-4
01/22/2025,13,10,27,13:10:27,-164,Tahap-4
01/22/2025,13,10,51,13:10:51,2459,Tahap-4
01/22/2025,13,10,51,13:10:51,1030,Tahap-4
01/22/2025,13,10,51,13:10:51,872,Tahap-4
01/22/2025,13,10,51,13:10:51,647,Tahap-4
01/22/2025,13,10,51,13:10:51,574,Tahap-4
01/22/2025,13,10,52,13:10:52,563,Tahap-4
01/22/2025,13,10,52,13:10:52,258,Tahap-4
01/22/2025,13,10,52,13:10:52,185,Tahap-4
01/22/2025,13,10,52,13:10:52,386,Tahap-4
01/22/2025,13,10,52,13:10:52,201,Tahap-4
01/22/2025,13,10,52,13:10:52,301,Tahap-4
01/22/2025,13,10,52,13:10:52,119,Tahap-4
01/22/2025,13,10,52,13:10:52,276,Tahap-4
01/22/2025,13,10,52,13:10:52,271,Tahap-4
01/22/2025,13,10,52,13:10:52,66,Tahap-4
01/22/2025,13,10,53,13:10:53,208,Tahap-4
01/22/2025,13,10,53,13:10:53,133,Tahap-4
01/22/2025,13,10,53,13:10:53,197,Tahap-4
01/22/2025,13,10,53,13:10:53,111,Tahap-4
01/22/2025,13,10,53,13:10:53,70,Tahap-4
01/22/2025,13,10,53,13:10:53,135,Tahap-4
01/22/2025,13,10,53,13:10:53,144,Tahap-4
01/22/2025,13,10,53,13:10:53,175,Tahap-4
01/22/2025,13,10,53,13:10:53,98,Tahap-4
01/22/2025,13,10,53,13:10:53,181,Tahap-4
01/22/2025,13,10,54,13:10:54,149,Tahap-4
01/22/2025,13,10,54,13:10:54,203,Tahap-4
01/22/2025,13,10,54,13:10:54,119,Tahap-4
01/22/2025,13,10,54,13:10:54,132,Tahap-4
01/22/2025,13,10,54,13:10:54,129,Tahap-4
01/22/2025,13,10,54,13:10:54,177,Tahap-4
01/22/2025,13,10,54,13:10:54,96,Tahap-4
01/22/2025,13,10,54,13:10:54,41,Tahap-4
01/22/2025,13,10,54,13:10:54,120,Tahap-4
01/22/2025,13,10,54,13:10:54,207,Tahap-4
01/22/2025,13,10,55,13:10:55,97,Tahap-4
01/22/2025,13,10,55,13:10:55,40,Tahap-4
01/22/2025,13,10,55,13:10:55,9,Tahap-4
01/22/2025,13,10,55,13:10:55,7,Tahap-4
01/22/2025,13,10,55,13:10:55,154,Tahap-4
01/22/2025,13,10,55,13:10:55,24,Tahap-4
01/22/2025,13,10,55,13:10:55,64,Tahap-4
01/22/2025,13,10,55,13:10:55,266,Tahap-4
01/22/2025,13,10,55,13:10:55,198,Tahap-4
01/22/2025,13,10,55,13:10:55,353,Tahap-4
01/22/2025,13,10,56,13:10:56,266,Tahap-4
01/22/2025,13,10,56,13:10:56,97,Tahap-4
01/22/2025,13,10,56,13:10:56,184,Tahap-4
01/22/2025,13,10,56,13:10:56,195,Tahap-4
01/22/2025,13,10,56,13:10:56,173,Tahap-4
01/22/2025,13,10,56,13:10:56,81,Tahap-4
01/22/2025,13,10,56,13:10:56,96,Tahap-4
01/22/2025,13,10,56,13:10:56,26,Tahap-4
01/22/2025,13,10,56,13:10:56,157,Tahap-4
01/22/2025,13,10,56,13:10:56,139,Tahap-4
01/22/2025,13,10,57,13:10:57,27,Tahap-4
01/22/2025,13,10,57,13:10:57,87,Tahap-4
01/22/2025,13,10,57,13:10:57,67,Tahap-4
01/22/2025,13,10,57,13:10:57,141,Tahap-4
01/22/2025,13,10,57,13:10:57,75,Tahap-4
01/22/2025,13,10,57,13:10:57,38,Tahap-4
01/22/2025,13,10,57,13:10:57,59,Tahap-4
01/22/2025,13,10,57,13:10:57,141,Tahap-4
01/22/2025,13,10,57,13:10:57,98,Tahap-4
01/22/2025,13,10,57,13:10:57,114,Tahap-4
01/22/2025,13,10,58,13:10:58,138,Tahap-4
01/22/2025,13,10,58,13:10:58,140,Tahap-4
01/22/2025,13,10,58,13:10:58,178,Tahap-4
01/22/2025,13,10,58,13:10:58,217,Tahap-4
01/22/2025,13,10,59,13:10:59,708,Tahap-4
01/22/2025,13,10,59,13:10:59,674,Tahap-4
01/22/2025,13,10,59,13:10:59,359,Tahap-4
01/22/2025,13,10,59,13:10:59,252,Tahap-4
01/22/2025,13,10,59,13:10:59,147,Tahap-4
01/22/2025,13,10,59,13:10:59,118,Tahap-4
01/22/2025,13,10,59,13:10:59,176,Tahap-4
01/22/2025,13,10,59,13:10:59,173,Tahap-4
01/22/2025,13,10,59,13:10:59,19,Tahap-4
01/22/2025,13,10,59,13:10:59,124,Tahap-4
01/22/2025,13,10,59,13:10:59,100,Tahap-4
01/22/2025,13,10,59,13:10:59,135,Tahap-4
01/22/2025,13,10,59,13:10:59,106,Tahap-4
01/22/2025,13,10,59,13:10:59,344,Tahap-4
01/22/2025,13,10,59,13:10:59,87,Tahap-4
01/22/2025,13,10,59,13:10:59,192,Tahap-4
01/22/2025,13,11,1,13:11:01,1145,Tahap-4
01/22/2025,13,11,1,13:11:01,655,Tahap-4
01/22/2025,13,11,1,13:11:01,231,Tahap-4
01/22/2025,13,11,1,13:11:01,189,Tahap-4
01/22/2025,13,11,1,13:11:01,224,Tahap-4
01/22/2025,13,11,1,13:11:01,195,Tahap-4
01/22/2025,13,11,1,13:11:01,151,Tahap-4
01/22/2025,13,11,1,13:11:01,146,Tahap-4
01/22/2025,13,11,1,13:11:01,39,Tahap-4
01/22/2025,13,11,1,13:11:01,178,Tahap-4
01/22/2025,13,11,2,13:11:02,204,Tahap-4
01/22/2025,13,11,2,13:11:02,266,Tahap-4
01/22/2025,13,11,2,13:11:02,170,Tahap-4
01/22/2025,13,11,2,13:11:02,380,Tahap-4
01/22/2025,13,11,2,13:11:02,516,Tahap-4
01/22/2025,13,11,2,13:11:02,363,Tahap-4
01/22/2025,13,11,2,13:11:02,492,Tahap-4
01/22/2025,13,11,2,13:11:02,501,Tahap-4
01/22/2025,13,11,2,13:11:02,977,Tahap-4
01/22/2025,13,11,2,13:11:02,436,Tahap-4
01/22/2025,13,11,3,13:11:03,560,Tahap-4
01/22/2025,13,11,3,13:11:03,522,Tahap-4
01/22/2025,13,11,3,13:11:03,271,Tahap-4
01/22/2025,13,11,3,13:11:03,103,Tahap-4
01/22/2025,13,11,3,13:11:03,347,Tahap-4
01/22/2025,13,11,3,13:11:03,577,Tahap-4
01/22/2025,13,11,3,13:11:03,323,Tahap-4
01/22/2025,13,11,3,13:11:03,228,Tahap-4
01/22/2025,13,11,3,13:11:03,125,Tahap-4
01/22/2025,13,11,3,13:11:03,246,Tahap-4
01/22/2025,13,11,4,13:11:04,339,Tahap-4
01/22/2025,13,11,4,13:11:04,616,Tahap-4
01/22/2025,13,11,4,13:11:04,-108,Tahap-4
01/22/2025,13,11,4,13:11:04,116,Tahap-4
01/22/2025,13,11,4,13:11:04,32,Tahap-4
01/22/2025,13,11,4,13:11:04,-52,Tahap-4
01/22/2025,13,11,4,13:11:04,84,Tahap-4
01/22/2025,13,11,4,13:11:04,92,Tahap-4
01/22/2025,13,11,4,13:11:04,-64,Tahap-4
01/22/2025,13,11,4,13:11:04,128,Tahap-4
01/22/2025,13,11,5,13:11:05,-56,Tahap-4
01/22/2025,13,11,5,13:11:05,56,Tahap-4
01/22/2025,13,11,5,13:11:05,36,Tahap-4
01/22/2025,13,11,5,13:11:05,4,Tahap-4
01/22/2025,13,11,5,13:11:05,96,Tahap-4
01/22/2025,13,11,5,13:11:05,84,Tahap-4
01/22/2025,13,11,5,13:11:05,-44,Tahap-4
01/22/2025,13,11,5,13:11:05,96,Tahap-4
01/22/2025,13,11,5,13:11:05,64,Tahap-4
01/22/2025,13,11,5,13:11:05,20,Tahap-4
01/22/2025,13,11,6,13:11:06,-48,Tahap-4
01/22/2025,13,11,6,13:11:06,76,Tahap-4
01/22/2025,13,11,6,13:11:06,-44,Tahap-4
01/22/2025,13,11,6,13:11:06,60,Tahap-4
01/22/2025,13,11,6,13:11:06,-56,Tahap-4
01/22/2025,13,11,6,13:11:06,116,Tahap-4
01/22/2025,13,11,6,13:11:06,68,Tahap-4
01/22/2025,13,11,6,13:11:06,-32,Tahap-4
01/22/2025,13,11,6,13:11:06,184,Tahap-4
01/22/2025,13,11,6,13:11:06,20,Tahap-4
01/22/2025,13,11,7,13:11:07,88,Tahap-4
01/22/2025,13,11,7,13:11:07,76,Tahap-4
01/22/2025,13,11,7,13:11:07,52,Tahap-4
01/22/2025,13,11,7,13:11:07,84,Tahap-4
01/22/2025,13,11,7,13:11:07,16,Tahap-4
01/22/2025,13,11,7,13:11:07,40,Tahap-4
01/22/2025,13,11,7,13:11:07,120,Tahap-4
01/22/2025,13,11,7,13:11:07,176,Tahap-4
01/22/2025,13,11,7,13:11:07,-124,Tahap-4
01/22/2025,13,11,7,13:11:07,196,Tahap-4
01/22/2025,13,11,8,13:11:08,-28,Tahap-4
01/22/2025,13,11,8,13:11:08,48,Tahap-4
01/22/2025,13,11,8,13:11:08,84,Tahap-4
01/22/2025,13,11,8,13:11:08,32,Tahap-4
01/22/2025,13,11,8,13:11:08,80,Tahap-4
01/22/2025,13,11,8,13:11:08,80,Tahap-4
01/22/2025,13,11,8,13:11:08,-56,Tahap-4
01/22/2025,13,11,8,13:11:08,176,Tahap-4
01/22/2025,13,11,8,13:11:08,60,Tahap-4
01/22/2025,13,11,8,13:11:08,12,Tahap-4
01/22/2025,13,11,9,13:11:09,108,Tahap-4
01/22/2025,13,11,9,13:11:09,16,Tahap-4
01/22/2025,13,11,9,13:11:09,76,Tahap-4
01/22/2025,13,11,9,13:11:09,68,Tahap-4
01/22/2025,13,11,9,13:11:09,52,Tahap-4
01/22/2025,13,11,9,13:11:09,60,Tahap-4
01/22/2025,13,11,9,13:11:09,8,Tahap-4
01/22/2025,13,11,9,13:11:09,120,Tahap-4
01/22/2025,13,11,9,13:11:09,72,Tahap-4
01/22/2025,13,11,10,13:11:10,32,Tahap-4
01/22/2025,13,11,10,13:11:10,140,Tahap-4
01/22/2025,13,11,10,13:11:10,8,Tahap-4
01/22/2025,13,11,10,13:11:10,36,Tahap-4
01/22/2025,13,11,10,13:11:10,96,Tahap-4
01/22/2025,13,11,10,13:11:10,112,Tahap-4
01/22/2025,13,11,10,13:11:10,20,Tahap-4
01/22/2025,13,11,10,13:11:10,48,Tahap-4
01/22/2025,13,11,10,13:11:10,152,Tahap-4
01/22/2025,13,11,11,13:11:11,24,Tahap-4
01/22/2025,13,11,11,13:11:11,52,Tahap-4
01/22/2025,13,11,11,13:11:11,212,Tahap-4
01/22/2025,13,11,11,13:11:11,-36,Tahap-4
01/22/2025,13,11,11,13:11:11,152,Tahap-4
01/22/2025,13,11,11,13:11:11,64,Tahap-4
01/22/2025,13,11,11,13:11:11,-32,Tahap-4
01/22/2025,13,11,11,13:11:11,164,Tahap-4
01/22/2025,13,11,11,13:11:11,-8,Tahap-4
01/22/2025,13,11,11,13:11:11,72,Tahap-4
01/22/2025,13,11,12,13:11:12,144,Tahap-4
01/22/2025,13,11,12,13:11:12,48,Tahap-4
01/22/2025,13,11,12,13:11:12,140,Tahap-4
01/22/2025,13,11,12,13:11:12,116,Tahap-4
01/22/2025,13,11,12,13:11:12,-16,Tahap-4
01/22/2025,13,11,12,13:11:12,144,Tahap-4
01/22/2025,13,11,12,13:11:12,20,Tahap-4
01/22/2025,13,11,12,13:11:12,124,Tahap-4
01/22/2025,13,11,12,13:11:12,32,Tahap-4
01/22/2025,13,11,13,13:11:13,64,Tahap-4
01/22/2025,13,11,13,13:11:13,136,Tahap-4
01/22/2025,13,11,13,13:11:13,-68,Tahap-4
01/22/2025,13,11,13,13:11:13,184,Tahap-4
01/22/2025,13,11,13,13:11:13,20,Tahap-4
01/22/2025,13,11,13,13:11:13,40,Tahap-4
01/22/2025,13,11,13,13:11:13,124,Tahap-4
01/22/2025,13,11,13,13:11:13,-36,Tahap-4
01/22/2025,13,11,13,13:11:13,104,Tahap-4
01/22/2025,13,11,13,13:11:13,60,Tahap-4
01/22/2025,13,11,14,13:11:14,24,Tahap-4
01/22/2025,13,11,14,13:11:14,40,Tahap-4
01/22/2025,13,11,14,13:11:14,208,Tahap-4
01/22/2025,13,11,14,13:11:14,-84,Tahap-4
01/22/2025,13,11,14,13:11:14,136,Tahap-4
01/22/2025,13,11,14,13:11:14,76,Tahap-4
01/22/2025,13,11,14,13:11:14,20,Tahap-4
01/22/2025,13,11,14,13:11:14,108,Tahap-4
01/22/2025,13,11,14,13:11:14,88,Tahap-4
01/22/2025,13,11,14,13:11:14,44,Tahap-4
01/22/2025,13,11,15,13:11:15,136,Tahap-4
01/22/2025,13,11,15,13:11:15,-60,Tahap-4
01/22/2025,13,11,15,13:11:15,136,Tahap-4
01/22/2025,13,11,15,13:11:15,156,Tahap-4
01/22/2025,13,11,15,13:11:15,24,Tahap-4
01/22/2025,13,11,15,13:11:15,96,Tahap-4
01/22/2025,13,11,15,13:11:15,124,Tahap-4
01/22/2025,13,11,15,13:11:15,24,Tahap-4
01/22/2025,13,11,15,13:11:15,104,Tahap-4
01/22/2025,13,11,15,13:11:15,88,Tahap-4
01/22/2025,13,11,16,13:11:16,132,Tahap-4
01/22/2025,13,11,16,13:11:16,84,Tahap-4
01/22/2025,13,11,16,13:11:16,16,Tahap-4
01/22/2025,13,11,16,13:11:16,156,Tahap-4
01/22/2025,13,11,16,13:11:16,100,Tahap-4
01/22/2025,13,11,16,13:11:16,60,Tahap-4
01/22/2025,13,11,16,13:11:16,212,Tahap-4
01/22/2025,13,11,16,13:11:16,24,Tahap-4
01/22/2025,13,11,16,13:11:16,104,Tahap-4
01/22/2025,13,11,16,13:11:16,36,Tahap-4
01/22/2025,13,11,17,13:11:17,76,Tahap-4
01/22/2025,13,11,41,13:11:41,726,Tahap-4
01/22/2025,13,11,41,13:11:41,447,Tahap-4
01/22/2025,13,11,41,13:11:41,166,Tahap-4
01/22/2025,13,11,41,13:11:41,258,Tahap-4
01/22/2025,13,11,41,13:11:41,165,Tahap-4
01/22/2025,13,11,41,13:11:41,181,Tahap-4
01/22/2025,13,11,42,13:11:42,96,Tahap-4
01/22/2025,13,11,42,13:11:42,185,Tahap-4
01/22/2025,13,11,42,13:11:42,89,Tahap-4
01/22/2025,13,11,42,13:11:42,162,Tahap-4
01/22/2025,13,11,42,13:11:42,74,Tahap-4
01/22/2025,13,11,42,13:11:42,56,Tahap-4
01/22/2025,13,11,42,13:11:42,149,Tahap-4
01/22/2025,13,11,42,13:11:42,135,Tahap-4
01/22/2025,13,11,42,13:11:42,8,Tahap-4
01/22/2025,13,11,42,13:11:42,35,Tahap-4
01/22/2025,13,11,43,13:11:43,91,Tahap-4
01/22/2025,13,11,43,13:11:43,89,Tahap-4
01/22/2025,13,11,43,13:11:43,79,Tahap-4
01/22/2025,13,11,43,13:11:43,155,Tahap-4
01/22/2025,13,11,43,13:11:43,60,Tahap-4
01/22/2025,13,11,43,13:11:43,35,Tahap-4
01/22/2025,13,11,43,13:11:43,128,Tahap-4
01/22/2025,13,11,43,13:11:43,377,Tahap-4
01/22/2025,13,11,43,13:11:43,104,Tahap-4
01/22/2025,13,11,43,13:11:43,96,Tahap-4
01/22/2025,13,11,44,13:11:44,175,Tahap-4
01/22/2025,13,11,44,13:11:44,111,Tahap-4
01/22/2025,13,11,44,13:11:44,206,Tahap-4
01/22/2025,13,11,44,13:11:44,97,Tahap-4
01/22/2025,13,11,44,13:11:44,212,Tahap-4
01/22/2025,13,11,44,13:11:44,137,Tahap-4
01/22/2025,13,11,44,13:11:44,62,Tahap-4
01/22/2025,13,11,44,13:11:44,39,Tahap-4
01/22/2025,13,11,44,13:11:44,161,Tahap-4
01/22/2025,13,11,44,13:11:44,69,Tahap-4
01/22/2025,13,11,45,13:11:45,28,Tahap-4
01/22/2025,13,11,45,13:11:45,129,Tahap-4
01/22/2025,13,11,45,13:11:45,77,Tahap-4
01/22/2025,13,11,45,13:11:45,53,Tahap-4
01/22/2025,13,11,45,13:11:45,68,Tahap-4
01/22/2025,13,11,45,13:11:45,34,Tahap-4
01/22/2025,13,11,45,13:11:45,377,Tahap-4
01/22/2025,13,11,45,13:11:45,67,Tahap-4
01/22/2025,13,11,45,13:11:45,42,Tahap-4
01/22/2025,13,11,45,13:11:45,88,Tahap-4
01/22/2025,13,11,46,13:11:46,81,Tahap-4
01/22/2025,13,11,46,13:11:46,80,Tahap-4
01/22/2025,13,11,46,13:11:46,45,Tahap-4
01/22/2025,13,11,46,13:11:46,84,Tahap-4
01/22/2025,13,11,46,13:11:46,22,Tahap-4
01/22/2025,13,11,46,13:11:46,52,Tahap-4
01/22/2025,13,11,46,13:11:46,144,Tahap-4
01/22/2025,13,11,46,13:11:46,38,Tahap-4
01/22/2025,13,11,46,13:11:46,66,Tahap-4
01/22/2025,13,11,46,13:11:46,47,Tahap-4
01/22/2025,13,11,47,13:11:47,55,Tahap-4
01/22/2025,13,11,47,13:11:47,162,Tahap-4
01/22/2025,13,11,47,13:11:47,61,Tahap-4
01/22/2025,13,11,47,13:11:47,72,Tahap-4
01/22/2025,13,11,47,13:11:47,80,Tahap-4
01/22/2025,13,11,47,13:11:47,79,Tahap-4
01/22/2025,13,11,47,13:11:47,94,Tahap-4
01/22/2025,13,11,47,13:11:47,92,Tahap-4
01/22/2025,13,11,47,13:11:47,177,Tahap-4
01/22/2025,13,11,47,13:11:47,109,Tahap-4
01/22/2025,13,11,48,13:11:48,68,Tahap-4
01/22/2025,13,11,48,13:11:48,120,Tahap-4
01/22/2025,13,11,48,13:11:48,40,Tahap-4
01/22/2025,13,11,48,13:11:48,396,Tahap-4
01/22/2025,13,11,48,13:11:48,792,Tahap-4
01/22/2025,13,11,48,13:11:48,189,Tahap-4
01/22/2025,13,11,48,13:11:48,262,Tahap-4
01/22/2025,13,11,48,13:11:48,98,Tahap-4
01/22/2025,13,11,48,13:11:48,305,Tahap-4
01/22/2025,13,11,48,13:11:48,157,Tahap-4
01/22/2025,13,11,49,13:11:49,288,Tahap-4
01/22/2025,13,11,49,13:11:49,135,Tahap-4
01/22/2025,13,11,49,13:11:49,60,Tahap-4
01/22/2025,13,11,49,13:11:49,79,Tahap-4
01/22/2025,13,11,49,13:11:49,257,Tahap-4
01/22/2025,13,11,49,13:11:49,197,Tahap-4
01/22/2025,13,11,49,13:11:49,287,Tahap-4
01/22/2025,13,11,49,13:11:49,87,Tahap-4
01/22/2025,13,11,49,13:11:49,149,Tahap-4
01/22/2025,13,11,49,13:11:49,865,Tahap-4
01/22/2025,13,11,50,13:11:50,258,Tahap-4
01/22/2025,13,11,50,13:11:50,272,Tahap-4
01/22/2025,13,11,50,13:11:50,250,Tahap-4
01/22/2025,13,11,50,13:11:50,164,Tahap-4
01/22/2025,13,11,50,13:11:50,242,Tahap-4
01/22/2025,13,11,50,13:11:50,273,Tahap-4
01/22/2025,13,11,50,13:11:50,371,Tahap-4
01/22/2025,13,11,50,13:11:50,878,Tahap-4
01/22/2025,13,11,50,13:11:50,1036,Tahap-4
01/22/2025,13,11,50,13:11:50,437,Tahap-4
01/22/2025,13,11,51,13:11:51,618,Tahap-4
01/22/2025,13,11,51,13:11:51,543,Tahap-4
01/22/2025,13,11,51,13:11:51,285,Tahap-4
01/22/2025,13,11,51,13:11:51,366,Tahap-4
01/22/2025,13,11,51,13:11:51,347,Tahap-4
01/22/2025,13,11,51,13:11:51,68,Tahap-4
01/22/2025,13,11,51,13:11:51,244,Tahap-4
01/22/2025,13,11,51,13:11:51,246,Tahap-4
01/22/2025,13,11,51,13:11:51,257,Tahap-4
01/22/2025,13,11,51,13:11:51,449,Tahap-4
01/22/2025,13,11,52,13:11:52,250,Tahap-4
01/22/2025,13,11,52,13:11:52,101,Tahap-4
01/22/2025,13,11,52,13:11:52,278,Tahap-4
01/22/2025,13,11,52,13:11:52,622,Tahap-4
01/22/2025,13,11,52,13:11:52,337,Tahap-4
01/22/2025,13,11,52,13:11:52,729,Tahap-4
01/22/2025,13,11,52,13:11:52,688,Tahap-4
01/22/2025,13,11,52,13:11:52,246,Tahap-4
01/22/2025,13,11,52,13:11:52,145,Tahap-4
01/22/2025,13,11,52,13:11:52,112,Tahap-4
01/22/2025,13,11,53,13:11:53,465,Tahap-4
01/22/2025,13,11,53,13:11:53,141,Tahap-4
01/22/2025,13,11,53,13:11:53,223,Tahap-4
01/22/2025,13,11,53,13:11:53,99,Tahap-4
01/22/2025,13,11,53,13:11:53,430,Tahap-4
01/22/2025,13,11,53,13:11:53,424,Tahap-4
01/22/2025,13,11,53,13:11:53,182,Tahap-4
01/22/2025,13,11,53,13:11:53,72,Tahap-4
01/22/2025,13,11,53,13:11:53,319,Tahap-4
01/22/2025,13,11,53,13:11:53,150,Tahap-4
01/22/2025,13,11,54,13:11:54,1197,Tahap-4
01/22/2025,13,11,54,13:11:54,64,Tahap-4
01/22/2025,13,11,54,13:11:54,-144,Tahap-4
01/22/2025,13,11,54,13:11:54,-64,Tahap-4
01/22/2025,13,11,54,13:11:54,96,Tahap-4
01/22/2025,13,11,54,13:11:54,-128,Tahap-4
01/22/2025,13,11,54,13:11:54,-72,Tahap-4
01/22/2025,13,11,54,13:11:54,-72,Tahap-4
01/22/2025,13,11,54,13:11:54,32,Tahap-4
01/22/2025,13,11,55,13:11:55,-80,Tahap-4
01/22/2025,13,11,55,13:11:55,-104,Tahap-4
01/22/2025,13,11,55,13:11:55,280,Tahap-4
01/22/2025,13,11,55,13:11:55,-256,Tahap-4
01/22/2025,13,11,55,13:11:55,72,Tahap-4
01/22/2025,13,11,55,13:11:55,208,Tahap-4
01/22/2025,13,11,55,13:11:55,-168,Tahap-4
01/22/2025,13,11,55,13:11:55,80,Tahap-4
01/22/2025,13,11,55,13:11:55,-80,Tahap-4
01/22/2025,13,11,55,13:11:55,-128,Tahap-4
01/22/2025,13,11,56,13:11:56,144,Tahap-4
01/22/2025,13,11,56,13:11:56,-240,Tahap-4
01/22/2025,13,11,56,13:11:56,56,Tahap-4
01/22/2025,13,11,56,13:11:56,200,Tahap-4
01/22/2025,13,11,56,13:11:56,-200,Tahap-4
01/22/2025,13,11,56,13:11:56,-24,Tahap-4
01/22/2025,13,11,56,13:11:56,128,Tahap-4
01/22/2025,13,11,56,13:11:56,-24,Tahap-4
01/22/2025,13,11,56,13:11:56,-72,Tahap-4
01/22/2025,13,11,56,13:11:56,128,Tahap-4
01/22/2025,13,11,57,13:11:57,-64,Tahap-4
01/22/2025,13,11,57,13:11:57,72,Tahap-4
01/22/2025,13,11,57,13:11:57,-8,Tahap-4
01/22/2025,13,11,57,13:11:57,112,Tahap-4
01/22/2025,13,11,57,13:11:57,136,Tahap-4
01/22/2025,13,11,57,13:11:57,-232,Tahap-4
01/22/2025,13,11,57,13:11:57,152,Tahap-4
01/22/2025,13,11,57,13:11:57,-48,Tahap-4
01/22/2025,13,11,57,13:11:57,144,Tahap-4
01/22/2025,13,11,58,13:11:58,-104,Tahap-4
01/22/2025,13,11,58,13:11:58,152,Tahap-4
01/22/2025,13,11,58,13:11:58,-24,Tahap-4
01/22/2025,13,11,58,13:11:58,16,Tahap-4
01/22/2025,13,11,59,13:11:59,104,Tahap-4
01/22/2025,13,11,59,13:11:59,216,Tahap-4
01/22/2025,13,11,59,13:11:59,-184,Tahap-4
01/22/2025,13,11,59,13:11:59,192,Tahap-4
01/22/2025,13,11,59,13:11:59,8,Tahap-4
01/22/2025,13,11,59,13:11:59,-72,Tahap-4
01/22/2025,13,11,59,13:11:59,104,Tahap-4
01/22/2025,13,11,59,13:11:59,16,Tahap-4
01/22/2025,13,11,59,13:11:59,-8,Tahap-4
01/22/2025,13,11,59,13:11:59,120,Tahap-4
01/22/2025,13,11,59,13:11:59,-224,Tahap-4
01/22/2025,13,11,59,13:11:59,248,Tahap-4
01/22/2025,13,11,59,13:11:59,32,Tahap-4
01/22/2025,13,11,59,13:11:59,24,Tahap-4
01/22/2025,13,11,59,13:11:59,72,Tahap-4
01/22/2025,13,11,59,13:11:59,136,Tahap-4
01/22/2025,13,12,1,13:12:01,8,Tahap-4
01/22/2025,13,12,1,13:12:01,248,Tahap-4
01/22/2025,13,12,1,13:12:01,-48,Tahap-4
01/22/2025,13,12,1,13:12:01,136,Tahap-4
01/22/2025,13,12,1,13:12:01,120,Tahap-4
01/22/2025,13,12,1,13:12:01,96,Tahap-4
01/22/2025,13,12,1,13:12:01,-120,Tahap-4
01/22/2025,13,12,1,13:12:01,432,Tahap-4
01/22/2025,13,12,1,13:12:01,-48,Tahap-4
01/22/2025,13,12,1,13:12:01,32,Tahap-4
01/22/2025,13,12,2,13:12:02,368,Tahap-4
01/22/2025,13,12,2,13:12:02,120,Tahap-4
01/22/2025,13,12,2,13:12:02,8,Tahap-4
01/22/2025,13,12,2,13:12:02,200,Tahap-4
01/22/2025,13,12,2,13:12:02,-240,Tahap-4
01/22/2025,13,12,2,13:12:02,368,Tahap-4
01/22/2025,13,12,2,13:12:02,-216,Tahap-4
01/22/2025,13,12,2,13:12:02,408,Tahap-4
01/22/2025,13,12,2,13:12:02,-264,Tahap-4
01/22/2025,13,12,2,13:12:02,264,Tahap-4
01/22/2025,13,12,3,13:12:03,136,Tahap-4
01/22/2025,13,12,3,13:12:03,112,Tahap-4
01/22/2025,13,12,3,13:12:03,-32,Tahap-4
01/22/2025,13,12,3,13:12:03,136,Tahap-4
01/22/2025,13,12,3,13:12:03,-184,Tahap-4
01/22/2025,13,12,3,13:12:03,112,Tahap-4
01/22/2025,13,12,3,13:12:03,-56,Tahap-4
01/22/2025,13,12,3,13:12:03,80,Tahap-4
01/22/2025,13,12,3,13:12:03,96,Tahap-4
01/22/2025,13,12,3,13:12:03,248,Tahap-4
01/22/2025,13,12,4,13:12:04,-120,Tahap-4
01/22/2025,13,12,4,13:12:04,56,Tahap-4
01/22/2025,13,12,4,13:12:04,-16,Tahap-4
01/22/2025,13,12,4,13:12:04,8,Tahap-4
01/22/2025,13,12,4,13:12:04,-8,Tahap-4
01/22/2025,13,12,4,13:12:04,88,Tahap-4
01/22/2025,13,12,4,13:12:04,-40,Tahap-4
01/22/2025,13,12,4,13:12:04,96,Tahap-4
01/22/2025,13,12,4,13:12:04,48,Tahap-4
01/22/2025,13,12,4,13:12:04,-152,Tahap-4
01/22/2025,13,12,5,13:12:05,264,Tahap-4
01/22/2025,13,12,5,13:12:05,-32,Tahap-4
01/22/2025,13,12,5,13:12:05,-104,Tahap-4
01/22/2025,13,12,5,13:12:05,224,Tahap-4
01/22/2025,13,12,5,13:12:05,-8,Tahap-4
01/22/2025,13,12,5,13:12:05,-88,Tahap-4
01/22/2025,13,12,5,13:12:05,16,Tahap-4
01/22/2025,13,12,5,13:12:05,-40,Tahap-4
01/22/2025,13,12,5,13:12:05,-152,Tahap-4
01/22/2025,13,12,5,13:12:05,96,Tahap-4
01/22/2025,13,12,6,13:12:06,-256,Tahap-4
01/22/2025,13,12,6,13:12:06,376,Tahap-4
01/22/2025,13,12,6,13:12:06,-216,Tahap-4
01/22/2025,13,12,6,13:12:06,-64,Tahap-4
01/22/2025,13,12,6,13:12:06,112,Tahap-4
01/22/2025,13,12,6,13:12:06,-224,Tahap-4
01/22/2025,13,12,6,13:12:06,-104,Tahap-4
01/22/2025,13,12,6,13:12:06,-56,Tahap-4
01/22/2025,13,12,6,13:12:06,-64,Tahap-4
01/22/2025,13,12,6,13:12:06,-72,Tahap-4
01/22/2025,13,12,31,13:12:31,1772,Tahap-4
01/22/2025,13,12,31,13:12:31,649,Tahap-4
01/22/2025,13,12,31,13:12:31,626,Tahap-4
01/22/2025,13,12,31,13:12:31,444,Tahap-4
01/22/2025,13,12,31,13:12:31,80,Tahap-4
01/22/2025,13,12,31,13:12:31,138,Tahap-4
01/22/2025,13,12,31,13:12:31,110,Tahap-4
01/22/2025,13,12,32,13:12:32,202,Tahap-4
01/22/2025,13,12,32,13:12:32,22,Tahap-4
01/22/2025,13,12,32,13:12:32,167,Tahap-4
01/22/2025,13,12,32,13:12:32,33,Tahap-4
01/22/2025,13,12,32,13:12:32,87,Tahap-4
01/22/2025,13,12,32,13:12:32,152,Tahap-4
01/22/2025,13,12,32,13:12:32,40,Tahap-4
01/22/2025,13,12,32,13:12:32,68,Tahap-4
01/22/2025,13,12,32,13:12:32,32,Tahap-4
01/22/2025,13,12,32,13:12:32,83,Tahap-4
01/22/2025,13,12,33,13:12:33,161,Tahap-4
01/22/2025,13,12,33,13:12:33,165,Tahap-4
01/22/2025,13,12,33,13:12:33,36,Tahap-4
01/22/2025,13,12,33,13:12:33,136,Tahap-4
01/22/2025,13,12,33,13:12:33,88,Tahap-4
01/22/2025,13,12,33,13:12:33,89,Tahap-4
01/22/2025,13,12,33,13:12:33,350,Tahap-4
01/22/2025,13,12,33,13:12:33,96,Tahap-4
01/22/2025,13,12,33,13:12:33,64,Tahap-4
01/22/2025,13,12,33,13:12:33,221,Tahap-4
01/22/2025,13,12,34,13:12:34,129,Tahap-4
01/22/2025,13,12,34,13:12:34,59,Tahap-4
01/22/2025,13,12,34,13:12:34,123,Tahap-4
01/22/2025,13,12,34,13:12:34,236,Tahap-4
01/22/2025,13,12,34,13:12:34,161,Tahap-4
01/22/2025,13,12,34,13:12:34,63,Tahap-4
01/22/2025,13,12,34,13:12:34,105,Tahap-4
01/22/2025,13,12,34,13:12:34,99,Tahap-4
01/22/2025,13,12,34,13:12:34,66,Tahap-4
01/22/2025,13,12,34,13:12:34,50,Tahap-4
01/22/2025,13,12,35,13:12:35,107,Tahap-4
01/22/2025,13,12,35,13:12:35,29,Tahap-4
01/22/2025,13,12,35,13:12:35,72,Tahap-4
01/22/2025,13,12,35,13:12:35,117,Tahap-4
01/22/2025,13,12,35,13:12:35,179,Tahap-4
01/22/2025,13,12,35,13:12:35,362,Tahap-4
01/22/2025,13,12,35,13:12:35,106,Tahap-4
01/22/2025,13,12,35,13:12:35,129,Tahap-4
01/22/2025,13,12,35,13:12:35,190,Tahap-4
01/22/2025,13,12,35,13:12:35,93,Tahap-4
01/22/2025,13,12,36,13:12:36,128,Tahap-4
01/22/2025,13,12,36,13:12:36,89,Tahap-4
01/22/2025,13,12,36,13:12:36,124,Tahap-4
01/22/2025,13,12,36,13:12:36,44,Tahap-4
01/22/2025,13,12,36,13:12:36,115,Tahap-4
01/22/2025,13,12,36,13:12:36,89,Tahap-4
01/22/2025,13,12,36,13:12:36,158,Tahap-4
01/22/2025,13,12,36,13:12:36,41,Tahap-4
01/22/2025,13,12,36,13:12:36,96,Tahap-4
01/22/2025,13,12,36,13:12:36,166,Tahap-4
01/22/2025,13,12,37,13:12:37,191,Tahap-4
01/22/2025,13,12,37,13:12:37,95,Tahap-4
01/22/2025,13,12,37,13:12:37,161,Tahap-4
01/22/2025,13,12,37,13:12:37,48,Tahap-4
01/22/2025,13,12,37,13:12:37,242,Tahap-4
01/22/2025,13,12,37,13:12:37,89,Tahap-4
01/22/2025,13,12,37,13:12:37,112,Tahap-4
01/22/2025,13,12,37,13:12:37,151,Tahap-4
01/22/2025,13,12,37,13:12:37,109,Tahap-4
01/22/2025,13,12,37,13:12:37,250,Tahap-4
01/22/2025,13,12,38,13:12:38,417,Tahap-4
01/22/2025,13,12,38,13:12:38,455,Tahap-4
01/22/2025,13,12,38,13:12:38,757,Tahap-4
01/22/2025,13,12,38,13:12:38,334,Tahap-4
01/22/2025,13,12,38,13:12:38,147,Tahap-4
01/22/2025,13,12,38,13:12:38,256,Tahap-4
01/22/2025,13,12,38,13:12:38,174,Tahap-4
01/22/2025,13,12,38,13:12:38,99,Tahap-4
01/22/2025,13,12,38,13:12:38,116,Tahap-4
01/22/2025,13,12,38,13:12:38,123,Tahap-4
01/22/2025,13,12,39,13:12:39,133,Tahap-4
01/22/2025,13,12,39,13:12:39,80,Tahap-4
01/22/2025,13,12,39,13:12:39,79,Tahap-4
01/22/2025,13,12,39,13:12:39,14,Tahap-4
01/22/2025,13,12,39,13:12:39,178,Tahap-4
01/22/2025,13,12,39,13:12:39,354,Tahap-4
01/22/2025,13,12,39,13:12:39,182,Tahap-4
01/22/2025,13,12,39,13:12:39,248,Tahap-4
01/22/2025,13,12,39,13:12:39,766,Tahap-4
01/22/2025,13,12,39,13:12:39,82,Tahap-4
01/22/2025,13,12,40,13:12:40,76,Tahap-4
01/22/2025,13,12,40,13:12:40,368,Tahap-4
01/22/2025,13,12,40,13:12:40,189,Tahap-4
01/22/2025,13,12,40,13:12:40,155,Tahap-4
01/22/2025,13,12,40,13:12:40,261,Tahap-4
01/22/2025,13,12,40,13:12:40,776,Tahap-4
01/22/2025,13,12,40,13:12:40,685,Tahap-4
01/22/2025,13,12,40,13:12:40,479,Tahap-4
01/22/2025,13,12,40,13:12:40,834,Tahap-4
01/22/2025,13,12,40,13:12:40,647,Tahap-4
01/22/2025,13,12,41,13:12:41,145,Tahap-4
01/22/2025,13,12,41,13:12:41,180,Tahap-4
01/22/2025,13,12,41,13:12:41,189,Tahap-4
01/22/2025,13,12,41,13:12:41,218,Tahap-4
01/22/2025,13,12,41,13:12:41,264,Tahap-4
01/22/2025,13,12,41,13:12:41,84,Tahap-4
01/22/2025,13,12,41,13:12:41,52,Tahap-4
01/22/2025,13,12,41,13:12:41,202,Tahap-4
01/22/2025,13,12,41,13:12:41,172,Tahap-4
01/22/2025,13,12,41,13:12:41,161,Tahap-4
01/22/2025,13,12,42,13:12:42,191,Tahap-4
01/22/2025,13,12,42,13:12:42,224,Tahap-4
01/22/2025,13,12,42,13:12:42,403,Tahap-4
01/22/2025,13,12,42,13:12:42,420,Tahap-4
01/22/2025,13,12,42,13:12:42,97,Tahap-4
01/22/2025,13,12,42,13:12:42,248,Tahap-4
01/22/2025,13,12,42,13:12:42,455,Tahap-4
01/22/2025,13,12,42,13:12:42,120,Tahap-4
01/22/2025,13,12,42,13:12:42,447,Tahap-4
01/22/2025,13,12,42,13:12:42,432,Tahap-4
01/22/2025,13,12,43,13:12:43,431,Tahap-4
01/22/2025,13,12,43,13:12:43,256,Tahap-4
01/22/2025,13,12,43,13:12:43,308,Tahap-4
01/22/2025,13,12,43,13:12:43,229,Tahap-4
01/22/2025,13,12,43,13:12:43,96,Tahap-4
01/22/2025,13,12,43,13:12:43,336,Tahap-4
01/22/2025,13,12,43,13:12:43,371,Tahap-4
01/22/2025,13,12,43,13:12:43,109,Tahap-4
01/22/2025,13,12,43,13:12:43,268,Tahap-4
01/22/2025,13,12,43,13:12:43,785,Tahap-4
01/22/2025,13,12,44,13:12:44,216,Tahap-4
01/22/2025,13,12,44,13:12:44,32,Tahap-4
01/22/2025,13,12,44,13:12:44,192,Tahap-4
01/22/2025,13,12,44,13:12:44,200,Tahap-4
01/22/2025,13,12,44,13:12:44,24,Tahap-4
01/22/2025,13,12,44,13:12:44,168,Tahap-4
01/22/2025,13,12,44,13:12:44,-96,Tahap-4
01/22/2025,13,12,44,13:12:44,120,Tahap-4
01/22/2025,13,12,44,13:12:44,120,Tahap-4
01/22/2025,13,12,44,13:12:44,112,Tahap-4
01/22/2025,13,12,45,13:12:45,-48,Tahap-4
01/22/2025,13,12,45,13:12:45,416,Tahap-4
01/22/2025,13,12,45,13:12:45,-80,Tahap-4
01/22/2025,13,12,45,13:12:45,88,Tahap-4
01/22/2025,13,12,45,13:12:45,312,Tahap-4
01/22/2025,13,12,45,13:12:45,-16,Tahap-4
01/22/2025,13,12,45,13:12:45,24,Tahap-4
01/22/2025,13,12,45,13:12:45,56,Tahap-4
01/22/2025,13,12,45,13:12:45,16,Tahap-4
01/22/2025,13,12,45,13:12:45,144,Tahap-4
01/22/2025,13,12,46,13:12:46,40,Tahap-4
01/22/2025,13,12,46,13:12:46,280,Tahap-4
01/22/2025,13,12,46,13:12:46,-96,Tahap-4
01/22/2025,13,12,46,13:12:46,-72,Tahap-4
01/22/2025,13,12,46,13:12:46,112,Tahap-4
01/22/2025,13,12,46,13:12:46,64,Tahap-4
01/22/2025,13,12,46,13:12:46,-64,Tahap-4
01/22/2025,13,12,46,13:12:46,-40,Tahap-4
01/22/2025,13,12,46,13:12:46,112,Tahap-4
01/22/2025,13,12,47,13:12:47,-16,Tahap-4
01/22/2025,13,12,47,13:12:47,8,Tahap-4
01/22/2025,13,12,47,13:12:47,-32,Tahap-4
01/22/2025,13,12,47,13:12:47,232,Tahap-4
01/22/2025,13,12,47,13:12:47,-232,Tahap-4
01/22/2025,13,12,47,13:12:47,80,Tahap-4
01/22/2025,13,12,47,13:12:47,-32,Tahap-4
01/22/2025,13,12,47,13:12:47,-56,Tahap-4
01/22/2025,13,12,47,13:12:47,96,Tahap-4
01/22/2025,13,12,47,13:12:47,-80,Tahap-4
01/22/2025,13,12,48,13:12:48,24,Tahap-4
01/22/2025,13,12,48,13:12:48,-48,Tahap-4
01/22/2025,13,12,48,13:12:48,-120,Tahap-4
01/22/2025,13,12,48,13:12:48,264,Tahap-4
01/22/2025,13,12,48,13:12:48,-200,Tahap-4
01/22/2025,13,12,48,13:12:48,16,Tahap-4
01/22/2025,13,12,48,13:12:48,72,Tahap-4
01/22/2025,13,12,48,13:12:48,-120,Tahap-4
01/22/2025,13,12,48,13:12:48,40,Tahap-4
01/22/2025,13,12,49,13:12:49,56,Tahap-4
01/22/2025,13,12,49,13:12:49,-96,Tahap-4
01/22/2025,13,12,49,13:12:49,40,Tahap-4
01/22/2025,13,12,49,13:12:49,-184,Tahap-4
01/22/2025,13,12,49,13:12:49,-56,Tahap-4
01/22/2025,13,12,49,13:12:49,176,Tahap-4
01/22/2025,13,12,49,13:12:49,-184,Tahap-4
01/22/2025,13,12,49,13:12:49,-64,Tahap-4
01/22/2025,13,12,49,13:12:49,8,Tahap-4
01/22/2025,13,12,49,13:12:49,-144,Tahap-4
01/22/2025,13,12,50,13:12:50,-96,Tahap-4
01/22/2025,13,12,50,13:12:50,-176,Tahap-4
01/22/2025,13,12,50,13:12:50,40,Tahap-4
01/22/2025,13,12,50,13:12:50,-208,Tahap-4
01/22/2025,13,12,50,13:12:50,-144,Tahap-4
01/22/2025,13,12,50,13:12:50,-176,Tahap-4
01/22/2025,13,12,50,13:12:50,56,Tahap-4
01/22/2025,13,12,50,13:12:50,-248,Tahap-4
01/22/2025,13,12,50,13:12:50,88,Tahap-4
01/22/2025,13,12,50,13:12:50,-120,Tahap-4
01/22/2025,13,12,51,13:12:51,-128,Tahap-4
01/22/2025,13,12,51,13:12:51,-72,Tahap-4
01/22/2025,13,12,51,13:12:51,-96,Tahap-4
01/22/2025,13,12,51,13:12:51,-80,Tahap-4
01/22/2025,13,12,51,13:12:51,-80,Tahap-4
01/22/2025,13,12,51,13:12:51,-232,Tahap-4
01/22/2025,13,12,51,13:12:51,-64,Tahap-4
01/22/2025,13,12,51,13:12:51,56,Tahap-4
01/22/2025,13,12,51,13:12:51,-264,Tahap-4
01/22/2025,13,12,51,13:12:51,-64,Tahap-4
01/22/2025,13,12,52,13:12:52,120,Tahap-4
01/22/2025,13,12,52,13:12:52,-320,Tahap-4
01/22/2025,13,12,52,13:12:52,-96,Tahap-4
01/22/2025,13,12,52,13:12:52,-224,Tahap-4
01/22/2025,13,12,52,13:12:52,-192,Tahap-4
01/22/2025,13,12,52,13:12:52,112,Tahap-4
01/22/2025,13,12,52,13:12:52,-384,Tahap-4
01/22/2025,13,12,52,13:12:52,80,Tahap-4
01/22/2025,13,12,52,13:12:52,-184,Tahap-4
01/22/2025,13,12,52,13:12:52,-56,Tahap-4
01/22/2025,13,12,53,13:12:53,-256,Tahap-4
01/22/2025,13,12,53,13:12:53,-88,Tahap-4
01/22/2025,13,12,53,13:12:53,-232,Tahap-4
01/22/2025,13,12,53,13:12:53,-248,Tahap-4
01/22/2025,13,12,53,13:12:53,-336,Tahap-4
01/22/2025,13,12,53,13:12:53,-184,Tahap-4
01/22/2025,13,12,53,13:12:53,-112,Tahap-4
01/22/2025,13,12,53,13:12:53,-472,Tahap-4
01/22/2025,13,12,53,13:12:53,128,Tahap-4
01/22/2025,13,12,53,13:12:53,-312,Tahap-4
01/22/2025,13,12,54,13:12:54,-152,Tahap-4
01/22/2025,13,12,54,13:12:54,-272,Tahap-4
01/22/2025,13,12,54,13:12:54,-168,Tahap-4
01/22/2025,13,12,54,13:12:54,-136,Tahap-4
01/22/2025,13,12,54,13:12:54,-88,Tahap-4
01/22/2025,13,12,54,13:12:54,-376,Tahap-4
01/22/2025,13,12,54,13:12:54,16,Tahap-4
01/22/2025,13,12,54,13:12:54,-136,Tahap-4
01/22/2025,13,12,54,13:12:54,-448,Tahap-4
01/22/2025,13,12,55,13:12:55,-32,Tahap-4
01/22/2025,13,12,55,13:12:55,-280,Tahap-4
01/22/2025,13,12,55,13:12:55,24,Tahap-4
01/22/2025,13,12,55,13:12:55,-320,Tahap-4
01/22/2025,13,12,55,13:12:55,-40,Tahap-4
01/22/2025,13,12,55,13:12:55,-200,Tahap-4
01/22/2025,13,12,55,13:12:55,-168,Tahap-4
01/22/2025,13,12,55,13:12:55,48,Tahap-4
01/22/2025,13,12,55,13:12:55,-72,Tahap-4
01/22/2025,13,12,55,13:12:55,-304,Tahap-4
01/22/2025,13,12,56,13:12:56,48,Tahap-4
01/22/2025,13,12,56,13:12:56,-112,Tahap-4
01/22/2025,13,12,56,13:12:56,-56,Tahap-4
01/22/2025,13,12,56,13:12:56,-216,Tahap-4
01/22/2025,13,12,56,13:12:56,40,Tahap-4
01/22/2025,13,12,56,13:12:56,-128,Tahap-4
01/22/2025,13,12,56,13:12:56,-48,Tahap-4
01/22/2025,13,12,56,13:12:56,-240,Tahap-4
01/22/2025,13,12,56,13:12:56,176,Tahap-4
01/22/2025,13,13,21,13:13:21,2675,Tahap-4
01/22/2025,13,13,21,13:13:21,1703,Tahap-4
01/22/2025,13,13,21,13:13:21,1036,Tahap-4
01/22/2025,13,13,21,13:13:21,979,Tahap-4
01/22/2025,13,13,21,13:13:21,636,Tahap-4
01/22/2025,13,13,21,13:13:21,710,Tahap-4
01/22/2025,13,13,21,13:13:21,467,Tahap-4
01/22/2025,13,13,21,13:13:21,285,Tahap-4
01/22/2025,13,13,22,13:13:22,226,Tahap-4
01/22/2025,13,13,22,13:13:22,370,Tahap-4
01/22/2025,13,13,22,13:13:22,272,Tahap-4
01/22/2025,13,13,22,13:13:22,153,Tahap-4
01/22/2025,13,13,22,13:13:22,161,Tahap-4
01/22/2025,13,13,22,13:13:22,304,Tahap-4
01/22/2025,13,13,22,13:13:22,326,Tahap-4
01/22/2025,13,13,22,13:13:22,127,Tahap-4
01/22/2025,13,13,22,13:13:22,175,Tahap-4
01/22/2025,13,13,22,13:13:22,171,Tahap-4
01/22/2025,13,13,23,13:13:23,45,Tahap-4
01/22/2025,13,13,23,13:13:23,207,Tahap-4
01/22/2025,13,13,23,13:13:23,124,Tahap-4
01/22/2025,13,13,23,13:13:23,243,Tahap-4
01/22/2025,13,13,23,13:13:23,225,Tahap-4
01/22/2025,13,13,23,13:13:23,263,Tahap-4
01/22/2025,13,13,23,13:13:23,133,Tahap-4
01/22/2025,13,13,23,13:13:23,116,Tahap-4
01/22/2025,13,13,23,13:13:23,249,Tahap-4
01/22/2025,13,13,23,13:13:23,118,Tahap-4
01/22/2025,13,13,24,13:13:24,99,Tahap-4
01/22/2025,13,13,24,13:13:24,42,Tahap-4
01/22/2025,13,13,24,13:13:24,35,Tahap-4
01/22/2025,13,13,24,13:13:24,135,Tahap-4
01/22/2025,13,13,24,13:13:24,240,Tahap-4
01/22/2025,13,13,24,13:13:24,113,Tahap-4
01/22/2025,13,13,24,13:13:24,147,Tahap-4
01/22/2025,13,13,24,13:13:24,105,Tahap-4
01/22/2025,13,13,24,13:13:24,113,Tahap-4
01/22/2025,13,13,24,13:13:24,177,Tahap-4
01/22/2025,13,13,25,13:13:25,88,Tahap-4
01/22/2025,13,13,25,13:13:25,98,Tahap-4
01/22/2025,13,13,25,13:13:25,51,Tahap-4
01/22/2025,13,13,25,13:13:25,134,Tahap-4
01/22/2025,13,13,25,13:13:25,174,Tahap-4
01/22/2025,13,13,25,13:13:25,205,Tahap-4
01/22/2025,13,13,25,13:13:25,141,Tahap-4
01/22/2025,13,13,25,13:13:25,163,Tahap-4
01/22/2025,13,13,25,13:13:25,117,Tahap-4
01/22/2025,13,13,25,13:13:25,53,Tahap-4
01/22/2025,13,13,26,13:13:26,73,Tahap-4
01/22/2025,13,13,26,13:13:26,6,Tahap-4
01/22/2025,13,13,26,13:13:26,119,Tahap-4
01/22/2025,13,13,26,13:13:26,90,Tahap-4
01/22/2025,13,13,26,13:13:26,114,Tahap-4
01/22/2025,13,13,26,13:13:26,80,Tahap-4
01/22/2025,13,13,26,13:13:26,37,Tahap-4
01/22/2025,13,13,26,13:13:26,81,Tahap-4
01/22/2025,13,13,26,13:13:26,89,Tahap-4
01/22/2025,13,13,26,13:13:26,21,Tahap-4
01/22/2025,13,13,27,13:13:27,61,Tahap-4
01/22/2025,13,13,27,13:13:27,167,Tahap-4
01/22/2025,13,13,27,13:13:27,59,Tahap-4
01/22/2025,13,13,27,13:13:27,87,Tahap-4
01/22/2025,13,13,27,13:13:27,25,Tahap-4
01/22/2025,13,13,27,13:13:27,43,Tahap-4
01/22/2025,13,13,27,13:13:27,154,Tahap-4
01/22/2025,13,13,27,13:13:27,460,Tahap-4
01/22/2025,13,13,27,13:13:27,436,Tahap-4
01/22/2025,13,13,27,13:13:27,487,Tahap-4
01/22/2025,13,13,28,13:13:28,606,Tahap-4
01/22/2025,13,13,28,13:13:28,205,Tahap-4
01/22/2025,13,13,28,13:13:28,738,Tahap-4
01/22/2025,13,13,29,13:13:29,375,Tahap-4
01/22/2025,13,13,29,13:13:29,276,Tahap-4
01/22/2025,13,13,29,13:13:29,150,Tahap-4
01/22/2025,13,13,29,13:13:29,155,Tahap-4
01/22/2025,13,13,29,13:13:29,42,Tahap-4
01/22/2025,13,13,29,13:13:29,56,Tahap-4
01/22/2025,13,13,29,13:13:29,15,Tahap-4
01/22/2025,13,13,29,13:13:29,36,Tahap-4
01/22/2025,13,13,29,13:13:29,173,Tahap-4
01/22/2025,13,13,29,13:13:29,73,Tahap-4
01/22/2025,13,13,29,13:13:29,100,Tahap-4
01/22/2025,13,13,29,13:13:29,82,Tahap-4
01/22/2025,13,13,29,13:13:29,282,Tahap-4
01/22/2025,13,13,29,13:13:29,176,Tahap-4
01/22/2025,13,13,29,13:13:29,405,Tahap-4
01/22/2025,13,13,29,13:13:29,344,Tahap-4
01/22/2025,13,13,29,13:13:29,545,Tahap-4
01/22/2025,13,13,30,13:13:30,347,Tahap-4
01/22/2025,13,13,30,13:13:30,184,Tahap-4
01/22/2025,13,13,30,13:13:30,319,Tahap-4
01/22/2025,13,13,30,13:13:30,476,Tahap-4
01/22/2025,13,13,30,13:13:30,718,Tahap-4
01/22/2025,13,13,30,13:13:30,1351,Tahap-4
01/22/2025,13,13,30,13:13:30,712,Tahap-4
01/22/2025,13,13,30,13:13:30,839,Tahap-4
01/22/2025,13,13,30,13:13:30,471,Tahap-4
01/22/2025,13,13,30,13:13:30,324,Tahap-4
01/22/2025,13,13,31,13:13:31,56,Tahap-4
01/22/2025,13,13,31,13:13:31,162,Tahap-4
01/22/2025,13,13,31,13:13:31,146,Tahap-4
01/22/2025,13,13,31,13:13:31,199,Tahap-4
01/22/2025,13,13,31,13:13:31,103,Tahap-4
01/22/2025,13,13,31,13:13:31,161,Tahap-4
01/22/2025,13,13,31,13:13:31,230,Tahap-4
01/22/2025,13,13,31,13:13:31,328,Tahap-4
01/22/2025,13,13,31,13:13:31,106,Tahap-4
01/22/2025,13,13,31,13:13:31,175,Tahap-4
01/22/2025,13,13,32,13:13:32,376,Tahap-4
01/22/2025,13,13,32,13:13:32,583,Tahap-4
01/22/2025,13,13,32,13:13:32,806,Tahap-4
01/22/2025,13,13,32,13:13:32,991,Tahap-4
01/22/2025,13,13,32,13:13:32,1014,Tahap-4
01/22/2025,13,13,32,13:13:32,538,Tahap-4
01/22/2025,13,13,32,13:13:32,314,Tahap-4
01/22/2025,13,13,32,13:13:32,433,Tahap-4
01/22/2025,13,13,32,13:13:32,219,Tahap-4
01/22/2025,13,13,32,13:13:32,276,Tahap-4
01/22/2025,13,13,33,13:13:33,885,Tahap-4
01/22/2025,13,13,33,13:13:33,522,Tahap-4
01/22/2025,13,13,33,13:13:33,245,Tahap-4
01/22/2025,13,13,33,13:13:33,31,Tahap-4
01/22/2025,13,13,33,13:13:33,107,Tahap-4
01/22/2025,13,13,33,13:13:33,139,Tahap-4
01/22/2025,13,13,33,13:13:33,399,Tahap-4
01/22/2025,13,13,33,13:13:33,145,Tahap-4
01/22/2025,13,13,33,13:13:33,690,Tahap-4
01/22/2025,13,13,33,13:13:33,124,Tahap-4
01/22/2025,13,13,34,13:13:34,-128,Tahap-4
01/22/2025,13,13,34,13:13:34,72,Tahap-4
01/22/2025,13,13,34,13:13:34,8,Tahap-4
01/22/2025,13,13,34,13:13:34,-4,Tahap-4
01/22/2025,13,13,34,13:13:34,-20,Tahap-4
01/22/2025,13,13,34,13:13:34,4,Tahap-4
01/22/2025,13,13,34,13:13:34,-28,Tahap-4
01/22/2025,13,13,34,13:13:34,68,Tahap-4
01/22/2025,13,13,34,13:13:34,-116,Tahap-4
01/22/2025,13,13,34,13:13:34,16,Tahap-4
01/22/2025,13,13,35,13:13:35,64,Tahap-4
01/22/2025,13,13,35,13:13:35,-124,Tahap-4
01/22/2025,13,13,35,13:13:35,36,Tahap-4
01/22/2025,13,13,35,13:13:35,108,Tahap-4
01/22/2025,13,13,35,13:13:35,-100,Tahap-4
01/22/2025,13,13,35,13:13:35,104,Tahap-4
01/22/2025,13,13,35,13:13:35,-68,Tahap-4
01/22/2025,13,13,35,13:13:35,64,Tahap-4
01/22/2025,13,13,35,13:13:35,-16,Tahap-4
01/22/2025,13,13,35,13:13:35,-56,Tahap-4
01/22/2025,13,13,36,13:13:36,80,Tahap-4
01/22/2025,13,13,36,13:13:36,-136,Tahap-4
01/22/2025,13,13,36,13:13:36,72,Tahap-4
01/22/2025,13,13,36,13:13:36,16,Tahap-4
01/22/2025,13,13,36,13:13:36,32,Tahap-4
01/22/2025,13,13,36,13:13:36,-64,Tahap-4
01/22/2025,13,13,36,13:13:36,40,Tahap-4
01/22/2025,13,13,36,13:13:36,-104,Tahap-4
01/22/2025,13,13,36,13:13:36,72,Tahap-4
01/22/2025,13,13,37,13:13:37,-140,Tahap-4
01/22/2025,13,13,37,13:13:37,88,Tahap-4
01/22/2025,13,13,37,13:13:37,20,Tahap-4
01/22/2025,13,13,37,13:13:37,-88,Tahap-4
01/22/2025,13,13,37,13:13:37,80,Tahap-4
01/22/2025,13,13,37,13:13:37,-60,Tahap-4
01/22/2025,13,13,37,13:13:37,40,Tahap-4
01/22/2025,13,13,37,13:13:37,-20,Tahap-4
01/22/2025,13,13,37,13:13:37,-76,Tahap-4
01/22/2025,13,13,37,13:13:37,40,Tahap-4
01/22/2025,13,13,38,13:13:38,-44,Tahap-4
01/22/2025,13,13,38,13:13:38,-64,Tahap-4
01/22/2025,13,13,38,13:13:38,36,Tahap-4
01/22/2025,13,13,38,13:13:38,44,Tahap-4
01/22/2025,13,13,38,13:13:38,-140,Tahap-4
01/22/2025,13,13,38,13:13:38,20,Tahap-4
01/22/2025,13,13,38,13:13:38,-88,Tahap-4
01/22/2025,13,13,38,13:13:38,-76,Tahap-4
01/22/2025,13,13,38,13:13:38,12,Tahap-4
01/22/2025,13,13,38,13:13:38,-96,Tahap-4
01/22/2025,13,13,39,13:13:39,-76,Tahap-4
01/22/2025,13,13,39,13:13:39,-48,Tahap-4
01/22/2025,13,13,39,13:13:39,-160,Tahap-4
01/22/2025,13,13,39,13:13:39,76,Tahap-4
01/22/2025,13,13,39,13:13:39,-120,Tahap-4
01/22/2025,13,13,39,13:13:39,-44,Tahap-4
01/22/2025,13,13,39,13:13:39,-36,Tahap-4
01/22/2025,13,13,39,13:13:39,-56,Tahap-4
01/22/2025,13,13,39,13:13:39,-76,Tahap-4
01/22/2025,13,13,39,13:13:39,44,Tahap-4
01/22/2025,13,13,40,13:13:40,-108,Tahap-4
01/22/2025,13,13,40,13:13:40,84,Tahap-4
01/22/2025,13,13,40,13:13:40,-104,Tahap-4
01/22/2025,13,13,40,13:13:40,-56,Tahap-4
01/22/2025,13,13,40,13:13:40,44,Tahap-4
01/22/2025,13,13,40,13:13:40,-120,Tahap-4
01/22/2025,13,13,40,13:13:40,-28,Tahap-4
01/22/2025,13,13,40,13:13:40,-60,Tahap-4
01/22/2025,13,13,40,13:13:40,-56,Tahap-4
01/22/2025,13,13,40,13:13:40,-132,Tahap-4
01/22/2025,13,13,41,13:13:41,16,Tahap-4
01/22/2025,13,13,41,13:13:41,-124,Tahap-4
01/22/2025,13,13,41,13:13:41,-20,Tahap-4
01/22/2025,13,13,41,13:13:41,-168,Tahap-4
01/22/2025,13,13,41,13:13:41,-24,Tahap-4
01/22/2025,13,13,41,13:13:41,-32,Tahap-4
01/22/2025,13,13,41,13:13:41,-168,Tahap-4
01/22/2025,13,13,41,13:13:41,44,Tahap-4
01/22/2025,13,13,41,13:13:41,-88,Tahap-4
01/22/2025,13,13,41,13:13:41,-88,Tahap-4
01/22/2025,13,13,42,13:13:42,-84,Tahap-4
01/22/2025,13,13,42,13:13:42,-76,Tahap-4
01/22/2025,13,13,42,13:13:42,-80,Tahap-4
01/22/2025,13,13,42,13:13:42,20,Tahap-4
01/22/2025,13,13,42,13:13:42,-192,Tahap-4
01/22/2025,13,13,42,13:13:42,108,Tahap-4
01/22/2025,13,13,42,13:13:42,-140,Tahap-4
01/22/2025,13,13,42,13:13:42,-148,Tahap-4
01/22/2025,13,13,42,13:13:42,12,Tahap-4
01/22/2025,13,13,42,13:13:42,-72,Tahap-4
01/22/2025,13,13,43,13:13:43,-148,Tahap-4
01/22/2025,13,13,43,13:13:43,-200,Tahap-4
01/22/2025,13,13,43,13:13:43,-48,Tahap-4
01/22/2025,13,13,43,13:13:43,-112,Tahap-4
01/22/2025,13,13,43,13:13:43,-160,Tahap-4
01/22/2025,13,13,43,13:13:43,16,Tahap-4
01/22/2025,13,13,43,13:13:43,-212,Tahap-4
01/22/2025,13,13,43,13:13:43,-128,Tahap-4
01/22/2025,13,13,43,13:13:43,-76,Tahap-4
01/22/2025,13,13,44,13:13:44,-76,Tahap-4
01/22/2025,13,13,44,13:13:44,-240,Tahap-4
01/22/2025,13,13,44,13:13:44,-84,Tahap-4
01/22/2025,13,13,44,13:13:44,-232,Tahap-4
01/22/2025,13,13,44,13:13:44,-96,Tahap-4
01/22/2025,13,13,44,13:13:44,-220,Tahap-4
01/22/2025,13,13,44,13:13:44,-124,Tahap-4
01/22/2025,13,13,44,13:13:44,-32,Tahap-4
01/22/2025,13,13,44,13:13:44,-328,Tahap-4
01/22/2025,13,13,44,13:13:44,-20,Tahap-4
01/22/2025,13,13,45,13:13:45,-200,Tahap-4
01/22/2025,13,13,45,13:13:45,-120,Tahap-4
01/22/2025,13,13,45,13:13:45,-180,Tahap-4
01/22/2025,13,13,45,13:13:45,-180,Tahap-4
01/22/2025,13,13,45,13:13:45,-196,Tahap-4
01/22/2025,13,13,45,13:13:45,-140,Tahap-4
01/22/2025,13,13,45,13:13:45,-208,Tahap-4
01/22/2025,13,13,45,13:13:45,-76,Tahap-4
01/22/2025,13,13,45,13:13:45,-120,Tahap-4
01/22/2025,13,13,45,13:13:45,-292,Tahap-4
01/22/2025,13,13,46,13:13:46,-20,Tahap-4
01/22/2025,13,13,46,13:13:46,-204,Tahap-4
01/22/2025,13,13,46,13:13:46,-188,Tahap-4
01/22/2025,13,13,46,13:13:46,-96,Tahap-4
01/22/2025,13,13,46,13:13:46,-236,Tahap-4
01/22/2025,13,13,46,13:13:46,-108,Tahap-4
01/22/2025,13,13,46,13:13:46,-160,Tahap-4
01/22/2025,13,13,46,13:13:46,-260,Tahap-4
01/22/2025,13,14,11,13:14:11,2219,Tahap-4
01/22/2025,13,14,11,13:14:11,753,Tahap-4
01/22/2025,13,14,11,13:14:11,256,Tahap-4
01/22/2025,13,14,11,13:14:11,696,Tahap-4
01/22/2025,13,14,11,13:14:11,220,Tahap-4
01/22/2025,13,14,11,13:14:11,197,Tahap-4
01/22/2025,13,14,11,13:14:11,168,Tahap-4
01/22/2025,13,14,11,13:14:11,118,Tahap-4
01/22/2025,13,14,12,13:14:12,271,Tahap-4
01/22/2025,13,14,12,13:14:12,230,Tahap-4
01/22/2025,13,14,12,13:14:12,40,Tahap-4
01/22/2025,13,14,12,13:14:12,261,Tahap-4
01/22/2025,13,14,12,13:14:12,102,Tahap-4
01/22/2025,13,14,12,13:14:12,77,Tahap-4
01/22/2025,13,14,12,13:14:12,31,Tahap-4
01/22/2025,13,14,12,13:14:12,62,Tahap-4
01/22/2025,13,14,12,13:14:12,48,Tahap-4
01/22/2025,13,14,12,13:14:12,103,Tahap-4
01/22/2025,13,14,13,13:14:13,40,Tahap-4
01/22/2025,13,14,13,13:14:13,14,Tahap-4
01/22/2025,13,14,13,13:14:13,16,Tahap-4
01/22/2025,13,14,13,13:14:13,79,Tahap-4
01/22/2025,13,14,13,13:14:13,127,Tahap-4
01/22/2025,13,14,13,13:14:13,205,Tahap-4
01/22/2025,13,14,13,13:14:13,59,Tahap-4
01/22/2025,13,14,13,13:14:13,96,Tahap-4
01/22/2025,13,14,13,13:14:13,145,Tahap-4
01/22/2025,13,14,13,13:14:13,73,Tahap-4
01/22/2025,13,14,14,13:14:14,81,Tahap-4
01/22/2025,13,14,14,13:14:14,102,Tahap-4
01/22/2025,13,14,14,13:14:14,170,Tahap-4
01/22/2025,13,14,14,13:14:14,88,Tahap-4
01/22/2025,13,14,14,13:14:14,56,Tahap-4
01/22/2025,13,14,14,13:14:14,88,Tahap-4
01/22/2025,13,14,14,13:14:14,107,Tahap-4
01/22/2025,13,14,14,13:14:14,123,Tahap-4
01/22/2025,13,14,14,13:14:14,46,Tahap-4
01/22/2025,13,14,14,13:14:14,23,Tahap-4
01/22/2025,13,14,14,13:14:14,31,Tahap-4
01/22/2025,13,14,15,13:14:15,101,Tahap-4
01/22/2025,13,14,15,13:14:15,88,Tahap-4
01/22/2025,13,14,15,13:14:15,52,Tahap-4
01/22/2025,13,14,15,13:14:15,339,Tahap-4
01/22/2025,13,14,15,13:14:15,164,Tahap-4
01/22/2025,13,14,15,13:14:15,109,Tahap-4
01/22/2025,13,14,15,13:14:15,99,Tahap-4
01/22/2025,13,14,15,13:14:15,94,Tahap-4
01/22/2025,13,14,15,13:14:15,62,Tahap-4
01/22/2025,13,14,15,13:14:15,53,Tahap-4
01/22/2025,13,14,16,13:14:16,63,Tahap-4
01/22/2025,13,14,16,13:14:16,35,Tahap-4
01/22/2025,13,14,16,13:14:16,61,Tahap-4
01/22/2025,13,14,16,13:14:16,92,Tahap-4
01/22/2025,13,14,16,13:14:16,31,Tahap-4
01/22/2025,13,14,16,13:14:16,58,Tahap-4
01/22/2025,13,14,16,13:14:16,27,Tahap-4
01/22/2025,13,14,16,13:14:16,86,Tahap-4
01/22/2025,13,14,16,13:14:16,52,Tahap-4
01/22/2025,13,14,16,13:14:16,29,Tahap-4
01/22/2025,13,14,17,13:14:17,107,Tahap-4
01/22/2025,13,14,17,13:14:17,60,Tahap-4
01/22/2025,13,14,17,13:14:17,80,Tahap-4
01/22/2025,13,14,17,13:14:17,86,Tahap-4
01/22/2025,13,14,17,13:14:17,102,Tahap-4
01/22/2025,13,14,17,13:14:17,66,Tahap-4
01/22/2025,13,14,17,13:14:17,91,Tahap-4
01/22/2025,13,14,17,13:14:17,42,Tahap-4
01/22/2025,13,14,17,13:14:17,63,Tahap-4
01/22/2025,13,14,17,13:14:17,419,Tahap-4
01/22/2025,13,14,18,13:14:18,427,Tahap-4
01/22/2025,13,14,18,13:14:18,687,Tahap-4
01/22/2025,13,14,18,13:14:18,113,Tahap-4
01/22/2025,13,14,18,13:14:18,215,Tahap-4
01/22/2025,13,14,18,13:14:18,180,Tahap-4
01/22/2025,13,14,18,13:14:18,138,Tahap-4
01/22/2025,13,14,18,13:14:18,122,Tahap-4
01/22/2025,13,14,18,13:14:18,79,Tahap-4
01/22/2025,13,14,18,13:14:18,189,Tahap-4
01/22/2025,13,14,18,13:14:18,47,Tahap-4
01/22/2025,13,14,19,13:14:19,161,Tahap-4
01/22/2025,13,14,19,13:14:19,22,Tahap-4
01/22/2025,13,14,19,13:14:19,2,Tahap-4
01/22/2025,13,14,19,13:14:19,272,Tahap-4
01/22/2025,13,14,19,13:14:19,193,Tahap-4
01/22/2025,13,14,19,13:14:19,298,Tahap-4
01/22/2025,13,14,19,13:14:19,1032,Tahap-4
01/22/2025,13,14,19,13:14:19,229,Tahap-4
01/22/2025,13,14,19,13:14:19,242,Tahap-4
01/22/2025,13,14,19,13:14:19,476,Tahap-4
01/22/2025,13,14,20,13:14:20,376,Tahap-4
01/22/2025,13,14,20,13:14:20,337,Tahap-4
01/22/2025,13,14,20,13:14:20,357,Tahap-4
01/22/2025,13,14,20,13:14:20,623,Tahap-4
01/22/2025,13,14,20,13:14:20,1232,Tahap-4
01/22/2025,13,14,20,13:14:20,1011,Tahap-4
01/22/2025,13,14,20,13:14:20,189,Tahap-4
01/22/2025,13,14,20,13:14:20,217,Tahap-4
01/22/2025,13,14,20,13:14:20,176,Tahap-4
01/22/2025,13,14,20,13:14:20,191,Tahap-4
01/22/2025,13,14,21,13:14:21,112,Tahap-4
01/22/2025,13,14,21,13:14:21,155,Tahap-4
01/22/2025,13,14,21,13:14:21,50,Tahap-4
01/22/2025,13,14,21,13:14:21,68,Tahap-4
01/22/2025,13,14,21,13:14:21,56,Tahap-4
01/22/2025,13,14,21,13:14:21,189,Tahap-4
01/22/2025,13,14,21,13:14:21,371,Tahap-4
01/22/2025,13,14,21,13:14:21,267,Tahap-4
01/22/2025,13,14,21,13:14:21,180,Tahap-4
01/22/2025,13,14,21,13:14:21,59,Tahap-4
01/22/2025,13,14,22,13:14:22,333,Tahap-4
01/22/2025,13,14,22,13:14:22,110,Tahap-4
01/22/2025,13,14,22,13:14:22,389,Tahap-4
01/22/2025,13,14,22,13:14:22,272,Tahap-4
01/22/2025,13,14,22,13:14:22,157,Tahap-4
01/22/2025,13,14,22,13:14:22,110,Tahap-4
01/22/2025,13,14,22,13:14:22,457,Tahap-4
01/22/2025,13,14,22,13:14:22,558,Tahap-4
01/22/2025,13,14,22,13:14:22,233,Tahap-4
01/22/2025,13,14,22,13:14:22,539,Tahap-4
01/22/2025,13,14,23,13:14:23,253,Tahap-4
01/22/2025,13,14,23,13:14:23,252,Tahap-4
01/22/2025,13,14,23,13:14:23,109,Tahap-4
01/22/2025,13,14,23,13:14:23,202,Tahap-4
01/22/2025,13,14,23,13:14:23,302,Tahap-4
01/22/2025,13,14,23,13:14:23,426,Tahap-4
01/22/2025,13,14,23,13:14:23,417,Tahap-4
01/22/2025,13,14,23,13:14:23,626,Tahap-4
01/22/2025,13,14,23,13:14:23,16,Tahap-4
01/22/2025,13,14,23,13:14:23,208,Tahap-4
01/22/2025,13,14,24,13:14:24,-200,Tahap-4
01/22/2025,13,14,24,13:14:24,248,Tahap-4
01/22/2025,13,14,24,13:14:24,-8,Tahap-4
01/22/2025,13,14,24,13:14:24,80,Tahap-4
01/22/2025,13,14,24,13:14:24,192,Tahap-4
01/22/2025,13,14,24,13:14:24,-24,Tahap-4
01/22/2025,13,14,24,13:14:24,16,Tahap-4
01/22/2025,13,14,24,13:14:24,104,Tahap-4
01/22/2025,13,14,24,13:14:24,160,Tahap-4
01/22/2025,13,14,24,13:14:24,8,Tahap-4
01/22/2025,13,14,25,13:14:25,64,Tahap-4
01/22/2025,13,14,25,13:14:25,64,Tahap-4
01/22/2025,13,14,25,13:14:25,104,Tahap-4
01/22/2025,13,14,25,13:14:25,16,Tahap-4
01/22/2025,13,14,25,13:14:25,144,Tahap-4
01/22/2025,13,14,25,13:14:25,272,Tahap-4
01/22/2025,13,14,25,13:14:25,-240,Tahap-4
01/22/2025,13,14,25,13:14:25,312,Tahap-4
01/22/2025,13,14,25,13:14:25,-56,Tahap-4
01/22/2025,13,14,25,13:14:25,8,Tahap-4
01/22/2025,13,14,26,13:14:26,216,Tahap-4
01/22/2025,13,14,26,13:14:26,-8,Tahap-4
01/22/2025,13,14,26,13:14:26,8,Tahap-4
01/22/2025,13,14,26,13:14:26,120,Tahap-4
01/22/2025,13,14,26,13:14:26,-120,Tahap-4
01/22/2025,13,14,26,13:14:26,184,Tahap-4
01/22/2025,13,14,26,13:14:26,168,Tahap-4
01/22/2025,13,14,26,13:14:26,-200,Tahap-4
01/22/2025,13,14,26,13:14:26,232,Tahap-4
01/22/2025,13,14,26,13:14:26,16,Tahap-4
01/22/2025,13,14,27,13:14:27,-24,Tahap-4
01/22/2025,13,14,27,13:14:27,136,Tahap-4
01/22/2025,13,14,27,13:14:27,64,Tahap-4
01/22/2025,13,14,27,13:14:27,56,Tahap-4
01/22/2025,13,14,27,13:14:27,112,Tahap-4
01/22/2025,13,14,27,13:14:27,-120,Tahap-4
01/22/2025,13,14,27,13:14:27,272,Tahap-4
01/22/2025,13,14,27,13:14:27,168,Tahap-4
01/22/2025,13,14,27,13:14:27,272,Tahap-4
01/22/2025,13,14,28,13:14:28,120,Tahap-4
01/22/2025,13,14,28,13:14:28,48,Tahap-4
01/22/2025,13,14,28,13:14:28,120,Tahap-4
01/22/2025,13,14,29,13:14:29,88,Tahap-4
01/22/2025,13,14,29,13:14:29,168,Tahap-4
01/22/2025,13,14,29,13:14:29,104,Tahap-4
01/22/2025,13,14,29,13:14:29,-8,Tahap-4
01/22/2025,13,14,29,13:14:29,296,Tahap-4
01/22/2025,13,14,29,13:14:29,32,Tahap-4
01/22/2025,13,14,29,13:14:29,32,Tahap-4
01/22/2025,13,14,29,13:14:29,368,Tahap-4
01/22/2025,13,14,29,13:14:29,-24,Tahap-4
01/22/2025,13,14,29,13:14:29,72,Tahap-4
01/22/2025,13,14,29,13:14:29,80,Tahap-4
01/22/2025,13,14,29,13:14:29,104,Tahap-4
01/22/2025,13,14,29,13:14:29,168,Tahap-4
01/22/2025,13,14,29,13:14:29,168,Tahap-4
01/22/2025,13,14,29,13:14:29,16,Tahap-4
01/22/2025,13,14,29,13:14:29,384,Tahap-4
01/22/2025,13,14,29,13:14:29,-24,Tahap-4
01/22/2025,13,14,30,13:14:30,64,Tahap-4
01/22/2025,13,14,30,13:14:30,344,Tahap-4
01/22/2025,13,14,30,13:14:30,168,Tahap-4
01/22/2025,13,14,30,13:14:30,96,Tahap-4
01/22/2025,13,14,30,13:14:30,232,Tahap-4
01/22/2025,13,14,30,13:14:30,72,Tahap-4
01/22/2025,13,14,30,13:14:30,256,Tahap-4
01/22/2025,13,14,30,13:14:30,152,Tahap-4
01/22/2025,13,14,30,13:14:30,208,Tahap-4
01/22/2025,13,14,30,13:14:30,440,Tahap-4
01/22/2025,13,14,31,13:14:31,56,Tahap-4
01/22/2025,13,14,31,13:14:31,168,Tahap-4
01/22/2025,13,14,31,13:14:31,232,Tahap-4
01/22/2025,13,14,31,13:14:31,8,Tahap-4
01/22/2025,13,14,31,13:14:31,272,Tahap-4
01/22/2025,13,14,31,13:14:31,-8,Tahap-4
01/22/2025,13,14,31,13:14:31,288,Tahap-4
01/22/2025,13,14,31,13:14:31,32,Tahap-4
01/22/2025,13,14,31,13:14:31,144,Tahap-4
01/22/2025,13,14,31,13:14:31,96,Tahap-4
01/22/2025,13,14,32,13:14:32,360,Tahap-4
01/22/2025,13,14,32,13:14:32,-72,Tahap-4
01/22/2025,13,14,32,13:14:32,320,Tahap-4
01/22/2025,13,14,32,13:14:32,-136,Tahap-4
01/22/2025,13,14,32,13:14:32,192,Tahap-4
01/22/2025,13,14,32,13:14:32,96,Tahap-4
01/22/2025,13,14,32,13:14:32,-16,Tahap-4
01/22/2025,13,14,32,13:14:32,160,Tahap-4
01/22/2025,13,14,32,13:14:32,-112,Tahap-4
01/22/2025,13,14,33,13:14:33,48,Tahap-4
01/22/2025,13,14,33,13:14:33,224,Tahap-4
01/22/2025,13,14,33,13:14:33,32,Tahap-4
01/22/2025,13,14,33,13:14:33,-96,Tahap-4
01/22/2025,13,14,33,13:14:33,360,Tahap-4
01/22/2025,13,14,33,13:14:33,-32,Tahap-4
01/22/2025,13,14,33,13:14:33,56,Tahap-4
01/22/2025,13,14,33,13:14:33,72,Tahap-4
01/22/2025,13,14,33,13:14:33,240,Tahap-4
01/22/2025,13,14,33,13:14:33,-56,Tahap-4
01/22/2025,13,14,34,13:14:34,168,Tahap-4
01/22/2025,13,14,34,13:14:34,-16,Tahap-4
01/22/2025,13,14,34,13:14:34,304,Tahap-4
01/22/2025,13,14,34,13:14:34,64,Tahap-4
01/22/2025,13,14,34,13:14:34,56,Tahap-4
01/22/2025,13,14,34,13:14:34,144,Tahap-4
01/22/2025,13,14,34,13:14:34,32,Tahap-4
01/22/2025,13,14,34,13:14:34,64,Tahap-4
01/22/2025,13,14,34,13:14:34,-16,Tahap-4
01/22/2025,13,14,34,13:14:34,80,Tahap-4
01/22/2025,13,14,35,13:14:35,184,Tahap-4
01/22/2025,13,14,35,13:14:35,-160,Tahap-4
01/22/2025,13,14,35,13:14:35,104,Tahap-4
01/22/2025,13,14,35,13:14:35,184,Tahap-4
01/22/2025,13,14,35,13:14:35,-64,Tahap-4
01/22/2025,13,14,35,13:14:35,88,Tahap-4
01/22/2025,13,14,35,13:14:35,216,Tahap-4
01/22/2025,13,14,35,13:14:35,-72,Tahap-4
01/22/2025,13,14,35,13:14:35,200,Tahap-4
01/22/2025,13,14,36,13:14:36,160,Tahap-4
01/22/2025,13,14,36,13:14:36,120,Tahap-4
01/22/2025,13,14,36,13:14:36,72,Tahap-4
01/22/2025,13,14,36,13:14:36,-32,Tahap-4
01/22/2025,13,14,36,13:14:36,376,Tahap-4
01/22/2025,13,14,36,13:14:36,-200,Tahap-4
01/22/2025,13,14,36,13:14:36,192,Tahap-4
01/22/2025,13,15,1,13:15:01,1481,Tahap-4
01/22/2025,13,15,1,13:15:01,425,Tahap-4
01/22/2025,13,15,1,13:15:01,664,Tahap-4
01/22/2025,13,15,1,13:15:01,345,Tahap-4
01/22/2025,13,15,1,13:15:01,187,Tahap-4
01/22/2025,13,15,1,13:15:01,41,Tahap-4
01/22/2025,13,15,1,13:15:01,144,Tahap-4
01/22/2025,13,15,1,13:15:01,329,Tahap-4
01/22/2025,13,15,1,13:15:01,105,Tahap-4
01/22/2025,13,15,2,13:15:02,294,Tahap-4
01/22/2025,13,15,2,13:15:02,125,Tahap-4
01/22/2025,13,15,2,13:15:02,220,Tahap-4
01/22/2025,13,15,2,13:15:02,95,Tahap-4
01/22/2025,13,15,2,13:15:02,196,Tahap-4
01/22/2025,13,15,2,13:15:02,147,Tahap-4
01/22/2025,13,15,2,13:15:02,99,Tahap-4
01/22/2025,13,15,2,13:15:02,73,Tahap-4
01/22/2025,13,15,2,13:15:02,195,Tahap-4
01/22/2025,13,15,2,13:15:02,69,Tahap-4
01/22/2025,13,15,3,13:15:03,140,Tahap-4
01/22/2025,13,15,3,13:15:03,94,Tahap-4
01/22/2025,13,15,3,13:15:03,106,Tahap-4
01/22/2025,13,15,3,13:15:03,100,Tahap-4
01/22/2025,13,15,3,13:15:03,254,Tahap-4
01/22/2025,13,15,3,13:15:03,33,Tahap-4
01/22/2025,13,15,3,13:15:03,123,Tahap-4
01/22/2025,13,15,3,13:15:03,222,Tahap-4
01/22/2025,13,15,3,13:15:03,45,Tahap-4
01/22/2025,13,15,3,13:15:03,114,Tahap-4
01/22/2025,13,15,4,13:15:04,58,Tahap-4
01/22/2025,13,15,4,13:15:04,139,Tahap-4
01/22/2025,13,15,4,13:15:04,78,Tahap-4
01/22/2025,13,15,4,13:15:04,62,Tahap-4
01/22/2025,13,15,4,13:15:04,60,Tahap-4
01/22/2025,13,15,4,13:15:04,27,Tahap-4
01/22/2025,13,15,4,13:15:04,85,Tahap-4
01/22/2025,13,15,4,13:15:04,91,Tahap-4
01/22/2025,13,15,4,13:15:04,86,Tahap-4
01/22/2025,13,15,4,13:15:04,5,Tahap-4
01/22/2025,13,15,5,13:15:05,20,Tahap-4
01/22/2025,13,15,5,13:15:05,106,Tahap-4
01/22/2025,13,15,5,13:15:05,11,Tahap-4
01/22/2025,13,15,5,13:15:05,367,Tahap-4
01/22/2025,13,15,5,13:15:05,19,Tahap-4
01/22/2025,13,15,5,13:15:05,52,Tahap-4
01/22/2025,13,15,5,13:15:05,67,Tahap-4
01/22/2025,13,15,5,13:15:05,102,Tahap-4
01/22/2025,13,15,5,13:15:05,79,Tahap-4
01/22/2025,13,15,5,13:15:05,16,Tahap-4
01/22/2025,13,15,6,13:15:06,103,Tahap-4
01/22/2025,13,15,6,13:15:06,34,Tahap-4
01/22/2025,13,15,6,13:15:06,82,Tahap-4
01/22/2025,13,15,6,13:15:06,88,Tahap-4
01/22/2025,13,15,6,13:15:06,128,Tahap-4
01/22/2025,13,15,6,13:15:06,65,Tahap-4
01/22/2025,13,15,6,13:15:06,91,Tahap-4
01/22/2025,13,15,6,13:15:06,52,Tahap-4
01/22/2025,13,15,6,13:15:06,92,Tahap-4
01/22/2025,13,15,6,13:15:06,42,Tahap-4
01/22/2025,13,15,7,13:15:07,73,Tahap-4
01/22/2025,13,15,7,13:15:07,67,Tahap-4
01/22/2025,13,15,7,13:15:07,100,Tahap-4
01/22/2025,13,15,7,13:15:07,64,Tahap-4
01/22/2025,13,15,7,13:15:07,71,Tahap-4
01/22/2025,13,15,7,13:15:07,119,Tahap-4
01/22/2025,13,15,7,13:15:07,45,Tahap-4
01/22/2025,13,15,7,13:15:07,216,Tahap-4
01/22/2025,13,15,7,13:15:07,252,Tahap-4
01/22/2025,13,15,7,13:15:07,232,Tahap-4
01/22/2025,13,15,7,13:15:07,628,Tahap-4
01/22/2025,13,15,8,13:15:08,715,Tahap-4
01/22/2025,13,15,8,13:15:08,359,Tahap-4
01/22/2025,13,15,8,13:15:08,188,Tahap-4
01/22/2025,13,15,8,13:15:08,144,Tahap-4
01/22/2025,13,15,8,13:15:08,21,Tahap-4
01/22/2025,13,15,8,13:15:08,85,Tahap-4
01/22/2025,13,15,8,13:15:08,106,Tahap-4
01/22/2025,13,15,8,13:15:08,195,Tahap-4
01/22/2025,13,15,8,13:15:08,63,Tahap-4
01/22/2025,13,15,9,13:15:09,74,Tahap-4
01/22/2025,13,15,9,13:15:09,57,Tahap-4
01/22/2025,13,15,9,13:15:09,104,Tahap-4
01/22/2025,13,15,9,13:15:09,185,Tahap-4
01/22/2025,13,15,9,13:15:09,139,Tahap-4
01/22/2025,13,15,9,13:15:09,68,Tahap-4
01/22/2025,13,15,9,13:15:09,761,Tahap-4
01/22/2025,13,15,9,13:15:09,145,Tahap-4
01/22/2025,13,15,9,13:15:09,164,Tahap-4
01/22/2025,13,15,9,13:15:09,170,Tahap-4
01/22/2025,13,15,9,13:15:09,178,Tahap-4
01/22/2025,13,15,10,13:15:10,77,Tahap-4
01/22/2025,13,15,10,13:15:10,429,Tahap-4
01/22/2025,13,15,10,13:15:10,677,Tahap-4
01/22/2025,13,15,10,13:15:10,835,Tahap-4
01/22/2025,13,15,10,13:15:10,866,Tahap-4
01/22/2025,13,15,10,13:15:10,841,Tahap-4
01/22/2025,13,15,10,13:15:10,548,Tahap-4
01/22/2025,13,15,10,13:15:10,344,Tahap-4
01/22/2025,13,15,10,13:15:10,60,Tahap-4
01/22/2025,13,15,10,13:15:10,259,Tahap-4
01/22/2025,13,15,11,13:15:11,212,Tahap-4
01/22/2025,13,15,11,13:15:11,188,Tahap-4
01/22/2025,13,15,11,13:15:11,158,Tahap-4
01/22/2025,13,15,11,13:15:11,150,Tahap-4
01/22/2025,13,15,11,13:15:11,223,Tahap-4
01/22/2025,13,15,11,13:15:11,445,Tahap-4
01/22/2025,13,15,11,13:15:11,363,Tahap-4
01/22/2025,13,15,11,13:15:11,129,Tahap-4
01/22/2025,13,15,11,13:15:11,330,Tahap-4
01/22/2025,13,15,11,13:15:11,513,Tahap-4
01/22/2025,13,15,12,13:15:12,244,Tahap-4
01/22/2025,13,15,12,13:15:12,464,Tahap-4
01/22/2025,13,15,12,13:15:12,280,Tahap-4
01/22/2025,13,15,12,13:15:12,131,Tahap-4
01/22/2025,13,15,12,13:15:12,299,Tahap-4
01/22/2025,13,15,12,13:15:12,292,Tahap-4
01/22/2025,13,15,12,13:15:12,453,Tahap-4
01/22/2025,13,15,12,13:15:12,237,Tahap-4
01/22/2025,13,15,12,13:15:12,29,Tahap-4
01/22/2025,13,15,12,13:15:12,266,Tahap-4
01/22/2025,13,15,13,13:15:13,120,Tahap-4
01/22/2025,13,15,13,13:15:13,453,Tahap-4
01/22/2025,13,15,13,13:15:13,262,Tahap-4
01/22/2025,13,15,13,13:15:13,143,Tahap-4
01/22/2025,13,15,13,13:15:13,122,Tahap-4
01/22/2025,13,15,13,13:15:13,81,Tahap-4
01/22/2025,13,15,13,13:15:13,844,Tahap-4
01/22/2025,13,15,13,13:15:13,48,Tahap-4
01/22/2025,13,15,13,13:15:13,-184,Tahap-4
01/22/2025,13,15,13,13:15:13,112,Tahap-4
01/22/2025,13,15,14,13:15:14,-96,Tahap-4
01/22/2025,13,15,14,13:15:14,-144,Tahap-4
01/22/2025,13,15,14,13:15:14,-64,Tahap-4
01/22/2025,13,15,14,13:15:14,-96,Tahap-4
01/22/2025,13,15,14,13:15:14,-112,Tahap-4
01/22/2025,13,15,14,13:15:14,-16,Tahap-4
01/22/2025,13,15,14,13:15:14,-216,Tahap-4
01/22/2025,13,15,14,13:15:14,-16,Tahap-4
01/22/2025,13,15,14,13:15:14,136,Tahap-4
01/22/2025,13,15,14,13:15:14,-232,Tahap-4
01/22/2025,13,15,15,13:15:15,96,Tahap-4
01/22/2025,13,15,15,13:15:15,136,Tahap-4
01/22/2025,13,15,15,13:15:15,-232,Tahap-4
01/22/2025,13,15,15,13:15:15,64,Tahap-4
01/22/2025,13,15,15,13:15:15,-88,Tahap-4
01/22/2025,13,15,15,13:15:15,-120,Tahap-4
01/22/2025,13,15,15,13:15:15,112,Tahap-4
01/22/2025,13,15,15,13:15:15,-248,Tahap-4
01/22/2025,13,15,15,13:15:15,176,Tahap-4
01/22/2025,13,15,15,13:15:15,-48,Tahap-4
01/22/2025,13,15,16,13:15:16,-160,Tahap-4
01/22/2025,13,15,16,13:15:16,32,Tahap-4
01/22/2025,13,15,16,13:15:16,16,Tahap-4
01/22/2025,13,15,16,13:15:16,-16,Tahap-4
01/22/2025,13,15,16,13:15:16,-136,Tahap-4
01/22/2025,13,15,16,13:15:16,16,Tahap-4
01/22/2025,13,15,16,13:15:16,-160,Tahap-4
01/22/2025,13,15,16,13:15:16,24,Tahap-4
01/22/2025,13,15,16,13:15:16,-288,Tahap-4
01/22/2025,13,15,16,13:15:16,168,Tahap-4
01/22/2025,13,15,17,13:15:17,-40,Tahap-4
01/22/2025,13,15,17,13:15:17,-232,Tahap-4
01/22/2025,13,15,17,13:15:17,112,Tahap-4
01/22/2025,13,15,17,13:15:17,-184,Tahap-4
01/22/2025,13,15,17,13:15:17,-64,Tahap-4
01/22/2025,13,15,17,13:15:17,8,Tahap-4
01/22/2025,13,15,17,13:15:17,-224,Tahap-4
01/22/2025,13,15,17,13:15:17,64,Tahap-4
01/22/2025,13,15,17,13:15:17,-200,Tahap-4
01/22/2025,13,15,17,13:15:17,-120,Tahap-4
01/22/2025,13,15,18,13:15:18,24,Tahap-4
01/22/2025,13,15,18,13:15:18,136,Tahap-4
01/22/2025,13,15,18,13:15:18,-312,Tahap-4
01/22/2025,13,15,18,13:15:18,160,Tahap-4
01/22/2025,13,15,18,13:15:18,-120,Tahap-4
01/22/2025,13,15,18,13:15:18,-88,Tahap-4
01/22/2025,13,15,18,13:15:18,8,Tahap-4
01/22/2025,13,15,18,13:15:18,-32,Tahap-4
01/22/2025,13,15,18,13:15:18,-48,Tahap-4
01/22/2025,13,15,19,13:15:19,-224,Tahap-4
01/22/2025,13,15,19,13:15:19,104,Tahap-4
01/22/2025,13,15,19,13:15:19,-24,Tahap-4
01/22/2025,13,15,19,13:15:19,-128,Tahap-4
01/22/2025,13,15,19,13:15:19,96,Tahap-4
01/22/2025,13,15,19,13:15:19,40,Tahap-4
01/22/2025,13,15,19,13:15:19,-112,Tahap-4
01/22/2025,13,15,19,13:15:19,-56,Tahap-4
01/22/2025,13,15,19,13:15:19,-64,Tahap-4
01/22/2025,13,15,20,13:15:20,-216,Tahap-4
01/22/2025,13,15,20,13:15:20,-168,Tahap-4
01/22/2025,13,15,20,13:15:20,24,Tahap-4
01/22/2025,13,15,20,13:15:20,-56,Tahap-4
01/22/2025,13,15,20,13:15:20,-200,Tahap-4
01/22/2025,13,15,20,13:15:20,176,Tahap-4
01/22/2025,13,15,20,13:15:20,-232,Tahap-4
01/22/2025,13,15,20,13:15:20,16,Tahap-4
01/22/2025,13,15,20,13:15:20,-168,Tahap-4
01/22/2025,13,15,20,13:15:20,40,Tahap-4
01/22/2025,13,15,21,13:15:21,-56,Tahap-4
01/22/2025,13,15,21,13:15:21,16,Tahap-4
01/22/2025,13,15,21,13:15:21,-272,Tahap-4
01/22/2025,13,15,21,13:15:21,240,Tahap-4
01/22/2025,13,15,21,13:15:21,-96,Tahap-4
01/22/2025,13,15,21,13:15:21,-112,Tahap-4
01/22/2025,13,15,21,13:15:21,168,Tahap-4
01/22/2025,13,15,21,13:15:21,-48,Tahap-4
01/22/2025,13,15,21,13:15:21,-144,Tahap-4
01/22/2025,13,15,21,13:15:21,24,Tahap-4
01/22/2025,13,15,22,13:15:22,-168,Tahap-4
01/22/2025,13,15,22,13:15:22,112,Tahap-4
01/22/2025,13,15,22,13:15:22,-136,Tahap-4
01/22/2025,13,15,22,13:15:22,-8,Tahap-4
01/22/2025,13,15,22,13:15:22,96,Tahap-4
01/22/2025,13,15,22,13:15:22,96,Tahap-4
01/22/2025,13,15,22,13:15:22,-240,Tahap-4
01/22/2025,13,15,22,13:15:22,136,Tahap-4
01/22/2025,13,15,22,13:15:22,56,Tahap-4
01/22/2025,13,15,23,13:15:23,-24,Tahap-4
01/22/2025,13,15,23,13:15:23,136,Tahap-4
01/22/2025,13,15,23,13:15:23,48,Tahap-4
01/22/2025,13,15,23,13:15:23,88,Tahap-4
01/22/2025,13,15,23,13:15:23,24,Tahap-4
01/22/2025,13,15,23,13:15:23,288,Tahap-4
01/22/2025,13,15,23,13:15:23,72,Tahap-4
01/22/2025,13,15,23,13:15:23,-96,Tahap-4
01/22/2025,13,15,23,13:15:23,224,Tahap-4
01/22/2025,13,15,23,13:15:23,32,Tahap-4
01/22/2025,13,15,24,13:15:24,192,Tahap-4
01/22/2025,13,15,24,13:15:24,24,Tahap-4
01/22/2025,13,15,24,13:15:24,48,Tahap-4
01/22/2025,13,15,24,13:15:24,248,Tahap-4
01/22/2025,13,15,24,13:15:24,16,Tahap-4
01/22/2025,13,15,24,13:15:24,120,Tahap-4
01/22/2025,13,15,24,13:15:24,224,Tahap-4
01/22/2025,13,15,24,13:15:24,168,Tahap-4
01/22/2025,13,15,24,13:15:24,-80,Tahap-4
01/22/2025,13,15,24,13:15:24,400,Tahap-4
01/22/2025,13,15,25,13:15:25,8,Tahap-4
01/22/2025,13,15,25,13:15:25,208,Tahap-4
01/22/2025,13,15,25,13:15:25,184,Tahap-4
01/22/2025,13,15,25,13:15:25,160,Tahap-4
01/22/2025,13,15,25,13:15:25,120,Tahap-4
01/22/2025,13,15,25,13:15:25,160,Tahap-4
01/22/2025,13,15,25,13:15:25,88,Tahap-4
01/22/2025,13,15,25,13:15:25,424,Tahap-4
01/22/2025,13,15,25,13:15:25,168,Tahap-4
01/22/2025,13,15,25,13:15:25,152,Tahap-4
01/22/2025,13,15,26,13:15:26,368,Tahap-4
01/22/2025,13,15,26,13:15:26,248,Tahap-4
01/22/2025,13,15,26,13:15:26,224,Tahap-4
01/22/2025,13,15,26,13:15:26,248,Tahap-4
01/22/2025,13,15,26,13:15:26,360,Tahap-4
01/22/2025,13,15,26,13:15:26,288,Tahap-4
01/22/2025,13,15,51,13:15:51,1839,Tahap-4
01/22/2025,13,15,51,13:15:51,754,Tahap-4
01/22/2025,13,15,51,13:15:51,575,Tahap-4
01/22/2025,13,15,51,13:15:51,352,Tahap-4
01/22/2025,13,15,51,13:15:51,147,Tahap-4
01/22/2025,13,15,51,13:15:51,272,Tahap-4
01/22/2025,13,15,51,13:15:51,404,Tahap-4
01/22/2025,13,15,51,13:15:51,326,Tahap-4
01/22/2025,13,15,51,13:15:51,174,Tahap-4
01/22/2025,13,15,51,13:15:51,157,Tahap-4
01/22/2025,13,15,52,13:15:52,86,Tahap-4
01/22/2025,13,15,52,13:15:52,190,Tahap-4
01/22/2025,13,15,52,13:15:52,129,Tahap-4
01/22/2025,13,15,52,13:15:52,176,Tahap-4
01/22/2025,13,15,52,13:15:52,235,Tahap-4
01/22/2025,13,15,52,13:15:52,222,Tahap-4
01/22/2025,13,15,52,13:15:52,164,Tahap-4
01/22/2025,13,15,52,13:15:52,19,Tahap-4
01/22/2025,13,15,52,13:15:52,74,Tahap-4
01/22/2025,13,15,52,13:15:52,114,Tahap-4
01/22/2025,13,15,53,13:15:53,67,Tahap-4
01/22/2025,13,15,53,13:15:53,103,Tahap-4
01/22/2025,13,15,53,13:15:53,79,Tahap-4
01/22/2025,13,15,53,13:15:53,265,Tahap-4
01/22/2025,13,15,53,13:15:53,154,Tahap-4
01/22/2025,13,15,53,13:15:53,201,Tahap-4
01/22/2025,13,15,53,13:15:53,33,Tahap-4
01/22/2025,13,15,53,13:15:53,153,Tahap-4
01/22/2025,13,15,53,13:15:53,134,Tahap-4
01/22/2025,13,15,53,13:15:53,159,Tahap-4
01/22/2025,13,15,54,13:15:54,124,Tahap-4
01/22/2025,13,15,54,13:15:54,143,Tahap-4
01/22/2025,13,15,54,13:15:54,52,Tahap-4
01/22/2025,13,15,54,13:15:54,196,Tahap-4
01/22/2025,13,15,54,13:15:54,31,Tahap-4
01/22/2025,13,15,54,13:15:54,125,Tahap-4
01/22/2025,13,15,54,13:15:54,7,Tahap-4
01/22/2025,13,15,54,13:15:54,120,Tahap-4
01/22/2025,13,15,54,13:15:54,70,Tahap-4
01/22/2025,13,15,54,13:15:54,44,Tahap-4
01/22/2025,13,15,55,13:15:55,67,Tahap-4
01/22/2025,13,15,55,13:15:55,63,Tahap-4
01/22/2025,13,15,55,13:15:55,103,Tahap-4
01/22/2025,13,15,55,13:15:55,322,Tahap-4
01/22/2025,13,15,55,13:15:55,249,Tahap-4
01/22/2025,13,15,55,13:15:55,143,Tahap-4
01/22/2025,13,15,55,13:15:55,195,Tahap-4
01/22/2025,13,15,55,13:15:55,206,Tahap-4
01/22/2025,13,15,55,13:15:55,64,Tahap-4
01/22/2025,13,15,55,13:15:55,73,Tahap-4
01/22/2025,13,15,56,13:15:56,7,Tahap-4
01/22/2025,13,15,56,13:15:56,70,Tahap-4
01/22/2025,13,15,56,13:15:56,81,Tahap-4
01/22/2025,13,15,56,13:15:56,44,Tahap-4
01/22/2025,13,15,56,13:15:56,52,Tahap-4
01/22/2025,13,15,56,13:15:56,53,Tahap-4
01/22/2025,13,15,56,13:15:56,59,Tahap-4
01/22/2025,13,15,56,13:15:56,68,Tahap-4
01/22/2025,13,15,56,13:15:56,23,Tahap-4
01/22/2025,13,15,56,13:15:56,29,Tahap-4
01/22/2025,13,15,57,13:15:57,46,Tahap-4
01/22/2025,13,15,57,13:15:57,56,Tahap-4
01/22/2025,13,15,57,13:15:57,182,Tahap-4
01/22/2025,13,15,57,13:15:57,145,Tahap-4
01/22/2025,13,15,57,13:15:57,98,Tahap-4
01/22/2025,13,15,57,13:15:57,131,Tahap-4
01/22/2025,13,15,57,13:15:57,55,Tahap-4
01/22/2025,13,15,57,13:15:57,127,Tahap-4
01/22/2025,13,15,57,13:15:57,143,Tahap-4
01/22/2025,13,15,57,13:15:57,347,Tahap-4
01/22/2025,13,15,58,13:15:58,741,Tahap-4
01/22/2025,13,15,58,13:15:58,527,Tahap-4
01/22/2025,13,15,58,13:15:58,241,Tahap-4
01/22/2025,13,15,58,13:15:58,262,Tahap-4
