Tanggal,Jam,Menit,Detik,Waktu,frekuensi,label
01/20/2025,13,58,30,13:58:30,22,Tahap-4
01/20/2025,13,58,30,13:58:30,13,Tahap-4
01/20/2025,13,58,30,13:58:30,25,Tahap-4
01/20/2025,13,58,30,13:58:30,61,Tahap-4
01/20/2025,13,58,30,13:58:30,77,Tahap-4
01/20/2025,13,58,30,13:58:30,64,Tahap-4
01/20/2025,13,58,30,13:58:30,43,Tahap-4
01/20/2025,13,58,30,13:58:30,41,Tahap-4
01/20/2025,13,58,30,13:58:30,19,Tahap-4
01/20/2025,13,58,30,13:58:30,26,Tahap-4
01/20/2025,13,58,30,13:58:30,17,Tahap-4
01/20/2025,13,58,30,13:58:30,31,Tahap-4
01/20/2025,13,58,30,13:58:30,43,Tahap-4
01/20/2025,13,58,30,13:58:30,14,Tahap-4
01/20/2025,13,58,30,13:58:30,12,Tahap-4
01/20/2025,13,58,30,13:58:30,27,Tahap-4
01/20/2025,13,58,30,13:58:30,23,Tahap-4
01/20/2025,13,58,30,13:58:30,56,Tahap-4
01/20/2025,13,58,30,13:58:30,45,Tahap-4
01/20/2025,13,58,30,13:58:30,15,Tahap-4
01/20/2025,13,58,30,13:58:30,53,Tahap-4
01/20/2025,13,58,31,13:58:31,33,Tahap-4
01/20/2025,13,58,31,13:58:31,16,Tahap-4
01/20/2025,13,58,31,13:58:31,37,Tahap-4
01/20/2025,13,58,31,13:58:31,2,Tahap-4
01/20/2025,13,58,31,13:58:31,41,Tahap-4
01/20/2025,13,58,31,13:58:31,14,Tahap-4
01/20/2025,13,58,31,13:58:31,36,Tahap-4
01/20/2025,13,58,31,13:58:31,33,Tahap-4
01/20/2025,13,58,31,13:58:31,28,Tahap-4
01/20/2025,13,58,31,13:58:31,55,Tahap-4
01/20/2025,13,58,32,13:58:32,54,Tahap-4
01/20/2025,13,58,32,13:58:32,26,Tahap-4
01/20/2025,13,58,32,13:58:32,15,Tahap-4
01/20/2025,13,58,32,13:58:32,10,Tahap-4
01/20/2025,13,58,32,13:58:32,9,Tahap-4
01/20/2025,13,58,32,13:58:32,7,Tahap-4
01/20/2025,13,58,32,13:58:32,38,Tahap-4
01/20/2025,13,58,32,13:58:32,23,Tahap-4
01/20/2025,13,58,32,13:58:32,16,Tahap-4
01/20/2025,13,58,32,13:58:32,11,Tahap-4
01/20/2025,13,58,32,13:58:32,65,Tahap-4
01/20/2025,13,58,33,13:58:33,6,Tahap-4
01/20/2025,13,58,33,13:58:33,14,Tahap-4
01/20/2025,13,58,33,13:58:33,37,Tahap-4
01/20/2025,13,58,33,13:58:33,14,Tahap-4
01/20/2025,13,58,33,13:58:33,46,Tahap-4
01/20/2025,13,58,33,13:58:33,14,Tahap-4
01/20/2025,13,58,33,13:58:33,28,Tahap-4
01/20/2025,13,58,33,13:58:33,31,Tahap-4
01/20/2025,13,58,33,13:58:33,18,Tahap-4
01/20/2025,13,58,33,13:58:33,38,Tahap-4
01/20/2025,13,58,34,13:58:34,42,Tahap-4
01/20/2025,13,58,34,13:58:34,60,Tahap-4
01/20/2025,13,58,34,13:58:34,44,Tahap-4
01/20/2025,13,58,34,13:58:34,31,Tahap-4
01/20/2025,13,58,34,13:58:34,40,Tahap-4
01/20/2025,13,58,34,13:58:34,39,Tahap-4
01/20/2025,13,58,34,13:58:34,26,Tahap-4
01/20/2025,13,58,34,13:58:34,14,Tahap-4
01/20/2025,13,58,34,13:58:34,13,Tahap-4
01/20/2025,13,58,34,13:58:34,13,Tahap-4
01/20/2025,13,58,35,13:58:35,9,Tahap-4
01/20/2025,13,58,35,13:58:35,38,Tahap-4
01/20/2025,13,58,35,13:58:35,29,Tahap-4
01/20/2025,13,58,35,13:58:35,45,Tahap-4
01/20/2025,13,58,35,13:58:35,78,Tahap-4
01/20/2025,13,58,35,13:58:35,16,Tahap-4
01/20/2025,13,58,35,13:58:35,56,Tahap-4
01/20/2025,13,58,35,13:58:35,67,Tahap-4
01/20/2025,13,58,35,13:58:35,11,Tahap-4
01/20/2025,13,58,35,13:58:35,106,Tahap-4
01/20/2025,13,58,36,13:58:36,80,Tahap-4
01/20/2025,13,58,36,13:58:36,16,Tahap-4
01/20/2025,13,58,36,13:58:36,67,Tahap-4
01/20/2025,13,58,36,13:58:36,39,Tahap-4
01/20/2025,13,58,36,13:58:36,84,Tahap-4
01/20/2025,13,58,36,13:58:36,53,Tahap-4
01/20/2025,13,58,36,13:58:36,61,Tahap-4
01/20/2025,13,58,36,13:58:36,60,Tahap-4
01/20/2025,13,58,36,13:58:36,29,Tahap-4
01/20/2025,13,58,36,13:58:36,16,Tahap-4
01/20/2025,13,58,37,13:58:37,34,Tahap-4
01/20/2025,13,58,37,13:58:37,50,Tahap-4
01/20/2025,13,58,37,13:58:37,88,Tahap-4
01/20/2025,13,58,37,13:58:37,-2,Tahap-4
01/20/2025,13,58,37,13:58:37,1,Tahap-4
01/20/2025,13,58,37,13:58:37,2,Tahap-4
01/20/2025,13,58,37,13:58:37,2,Tahap-4
01/20/2025,13,58,37,13:58:37,-1,Tahap-4
01/20/2025,13,58,38,13:58:38,-1,Tahap-4
01/20/2025,13,58,38,13:58:38,-2,Tahap-4
01/20/2025,13,58,38,13:58:38,-1,Tahap-4
01/20/2025,13,58,38,13:58:38,-2,Tahap-4
01/20/2025,13,58,38,13:58:38,-4,Tahap-4
01/20/2025,13,58,38,13:58:38,-2,Tahap-4
01/20/2025,13,58,38,13:58:38,-3,Tahap-4
01/20/2025,13,58,38,13:58:38,-3,Tahap-4
01/20/2025,13,58,38,13:58:38,-2,Tahap-4
01/20/2025,13,58,39,13:58:39,-3,Tahap-4
01/20/2025,13,58,39,13:58:39,-3,Tahap-4
01/20/2025,13,58,39,13:58:39,-4,Tahap-4
01/20/2025,13,58,39,13:58:39,-2,Tahap-4
01/20/2025,13,58,39,13:58:39,-6,Tahap-4
01/20/2025,13,58,39,13:58:39,-1,Tahap-4
01/20/2025,13,58,39,13:58:39,-7,Tahap-4
01/20/2025,13,58,39,13:58:39,-3,Tahap-4
01/20/2025,13,58,39,13:58:39,-4,Tahap-4
01/20/2025,13,58,39,13:58:39,-3,Tahap-4
01/20/2025,13,58,40,13:58:40,-9,Tahap-4
01/20/2025,13,58,40,13:58:40,-3,Tahap-4
01/20/2025,13,58,40,13:58:40,-5,Tahap-4
01/20/2025,13,58,40,13:58:40,-5,Tahap-4
01/20/2025,13,58,40,13:58:40,-5,Tahap-4
01/20/2025,13,58,40,13:58:40,-5,Tahap-4
01/20/2025,13,58,40,13:58:40,-4,Tahap-4
01/20/2025,13,58,40,13:58:40,-7,Tahap-4
01/20/2025,13,58,40,13:58:40,-3,Tahap-4
01/20/2025,13,58,40,13:58:40,-8,Tahap-4
01/20/2025,13,58,41,13:58:41,-4,Tahap-4
01/20/2025,13,58,41,13:58:41,-8,Tahap-4
01/20/2025,13,58,41,13:58:41,-5,Tahap-4
01/20/2025,13,58,41,13:58:41,-6,Tahap-4
01/20/2025,13,58,41,13:58:41,-6,Tahap-4
01/20/2025,13,58,41,13:58:41,-8,Tahap-4
01/20/2025,13,58,41,13:58:41,-5,Tahap-4
01/20/2025,13,58,41,13:58:41,-9,Tahap-4
01/20/2025,13,58,41,13:58:41,-7,Tahap-4
01/20/2025,13,58,41,13:58:41,-5,Tahap-4
01/20/2025,13,58,42,13:58:42,-9,Tahap-4
01/20/2025,13,58,42,13:58:42,-7,Tahap-4
01/20/2025,13,58,42,13:58:42,-7,Tahap-4
01/20/2025,13,58,42,13:58:42,-7,Tahap-4
01/20/2025,13,58,42,13:58:42,-10,Tahap-4
01/20/2025,13,58,42,13:58:42,-7,Tahap-4
01/20/2025,13,58,42,13:58:42,-8,Tahap-4
01/20/2025,13,58,42,13:58:42,-8,Tahap-4
01/20/2025,13,58,42,13:58:42,-11,Tahap-4
01/20/2025,13,58,42,13:58:42,-6,Tahap-4
01/20/2025,13,58,43,13:58:43,-8,Tahap-4
01/20/2025,13,58,43,13:58:43,-9,Tahap-4
01/20/2025,13,58,43,13:58:43,-7,Tahap-4
01/20/2025,13,58,43,13:58:43,-11,Tahap-4
01/20/2025,13,58,43,13:58:43,-9,Tahap-4
01/20/2025,13,58,43,13:58:43,-9,Tahap-4
01/20/2025,13,58,43,13:58:43,-8,Tahap-4
01/20/2025,13,58,43,13:58:43,-9,Tahap-4
01/20/2025,13,58,43,13:58:43,-7,Tahap-4
01/20/2025,13,58,43,13:58:43,-11,Tahap-4
01/20/2025,13,58,44,13:58:44,-9,Tahap-4
01/20/2025,13,58,44,13:58:44,-10,Tahap-4
01/20/2025,13,58,44,13:58:44,-11,Tahap-4
01/20/2025,13,58,44,13:58:44,-13,Tahap-4
01/20/2025,13,58,44,13:58:44,-9,Tahap-4
01/20/2025,13,58,44,13:58:44,-13,Tahap-4
01/20/2025,13,58,44,13:58:44,-7,Tahap-4
01/20/2025,13,58,44,13:58:44,-9,Tahap-4
01/20/2025,13,58,44,13:58:44,-9,Tahap-4
01/20/2025,13,58,44,13:58:44,-12,Tahap-4
01/20/2025,13,58,45,13:58:45,-11,Tahap-4
01/20/2025,13,58,45,13:58:45,-13,Tahap-4
01/20/2025,13,58,45,13:58:45,-14,Tahap-4
01/20/2025,13,58,45,13:58:45,-11,Tahap-4
01/20/2025,13,58,45,13:58:45,-11,Tahap-4
01/20/2025,13,58,45,13:58:45,-12,Tahap-4
01/20/2025,13,58,45,13:58:45,-15,Tahap-4
01/20/2025,13,58,45,13:58:45,-13,Tahap-4
01/20/2025,13,58,45,13:58:45,-14,Tahap-4
01/20/2025,13,58,45,13:58:45,-13,Tahap-4
01/20/2025,13,58,46,13:58:46,-11,Tahap-4
01/20/2025,13,58,46,13:58:46,-15,Tahap-4
01/20/2025,13,58,46,13:58:46,-11,Tahap-4
01/20/2025,13,58,46,13:58:46,-19,Tahap-4
01/20/2025,13,58,46,13:58:46,-11,Tahap-4
01/20/2025,13,58,46,13:58:46,-16,Tahap-4
01/20/2025,13,58,46,13:58:46,-14,Tahap-4
01/20/2025,13,58,46,13:58:46,-17,Tahap-4
01/20/2025,13,58,46,13:58:46,-14,Tahap-4
01/20/2025,13,58,46,13:58:46,-13,Tahap-4
01/20/2025,13,58,47,13:58:47,-15,Tahap-4
01/20/2025,13,58,47,13:58:47,-15,Tahap-4
01/20/2025,13,58,47,13:58:47,-15,Tahap-4
01/20/2025,13,58,47,13:58:47,-14,Tahap-4
01/20/2025,13,58,47,13:58:47,-16,Tahap-4
01/20/2025,13,58,47,13:58:47,-16,Tahap-4
01/20/2025,13,58,47,13:58:47,-15,Tahap-4
01/20/2025,13,58,47,13:58:47,-14,Tahap-4
01/20/2025,13,58,47,13:58:47,-14,Tahap-4
01/20/2025,13,58,47,13:58:47,-20,Tahap-4
01/20/2025,13,58,48,13:58:48,-17,Tahap-4
01/20/2025,13,58,48,13:58:48,-17,Tahap-4
01/20/2025,13,58,48,13:58:48,-15,Tahap-4
01/20/2025,13,58,48,13:58:48,-17,Tahap-4
01/20/2025,13,58,48,13:58:48,-14,Tahap-4
01/20/2025,13,58,48,13:58:48,-22,Tahap-4
01/20/2025,13,58,48,13:58:48,-13,Tahap-4
01/20/2025,13,58,48,13:58:48,-22,Tahap-4
01/20/2025,13,58,48,13:58:48,-15,Tahap-4
01/20/2025,13,58,48,13:58:48,-22,Tahap-4
01/20/2025,13,58,49,13:58:49,-19,Tahap-4
01/20/2025,13,58,49,13:58:49,-20,Tahap-4
01/20/2025,13,58,49,13:58:49,-18,Tahap-4
01/20/2025,13,58,49,13:58:49,-17,Tahap-4
01/20/2025,13,58,49,13:58:49,-18,Tahap-4
01/20/2025,13,58,49,13:58:49,-18,Tahap-4
01/20/2025,13,58,49,13:58:49,-16,Tahap-4
01/20/2025,13,58,49,13:58:49,-19,Tahap-4
01/20/2025,13,58,49,13:58:49,-18,Tahap-4
01/20/2025,13,58,49,13:58:49,-21,Tahap-4
01/20/2025,13,58,50,13:58:50,-16,Tahap-4
01/20/2025,13,58,50,13:58:50,-19,Tahap-4
01/20/2025,13,59,14,13:59:14,1801,Tahap-4
01/20/2025,13,59,14,13:59:14,652,Tahap-4
01/20/2025,13,59,14,13:59:14,291,Tahap-4
01/20/2025,13,59,14,13:59:14,80,Tahap-4
01/20/2025,13,59,15,13:59:15,165,Tahap-4
01/20/2025,13,59,15,13:59:15,583,Tahap-4
01/20/2025,13,59,15,13:59:15,64,Tahap-4
01/20/2025,13,59,15,13:59:15,81,Tahap-4
01/20/2025,13,59,15,13:59:15,49,Tahap-4
01/20/2025,13,59,15,13:59:15,121,Tahap-4
01/20/2025,13,59,15,13:59:15,76,Tahap-4
01/20/2025,13,59,15,13:59:15,83,Tahap-4
01/20/2025,13,59,15,13:59:15,69,Tahap-4
01/20/2025,13,59,15,13:59:15,118,Tahap-4
01/20/2025,13,59,16,13:59:16,66,Tahap-4
01/20/2025,13,59,16,13:59:16,128,Tahap-4
01/20/2025,13,59,16,13:59:16,65,Tahap-4
01/20/2025,13,59,16,13:59:16,126,Tahap-4
01/20/2025,13,59,16,13:59:16,153,Tahap-4
01/20/2025,13,59,16,13:59:16,59,Tahap-4
01/20/2025,13,59,16,13:59:16,102,Tahap-4
01/20/2025,13,59,16,13:59:16,132,Tahap-4
01/20/2025,13,59,16,13:59:16,90,Tahap-4
01/20/2025,13,59,16,13:59:16,356,Tahap-4
01/20/2025,13,59,17,13:59:17,33,Tahap-4
01/20/2025,13,59,17,13:59:17,72,Tahap-4
01/20/2025,13,59,17,13:59:17,129,Tahap-4
01/20/2025,13,59,17,13:59:17,106,Tahap-4
01/20/2025,13,59,17,13:59:17,57,Tahap-4
01/20/2025,13,59,17,13:59:17,90,Tahap-4
01/20/2025,13,59,17,13:59:17,94,Tahap-4
01/20/2025,13,59,17,13:59:17,30,Tahap-4
01/20/2025,13,59,17,13:59:17,134,Tahap-4
01/20/2025,13,59,17,13:59:17,17,Tahap-4
01/20/2025,13,59,18,13:59:18,153,Tahap-4
01/20/2025,13,59,18,13:59:18,90,Tahap-4
01/20/2025,13,59,18,13:59:18,58,Tahap-4
01/20/2025,13,59,18,13:59:18,52,Tahap-4
01/20/2025,13,59,18,13:59:18,80,Tahap-4
01/20/2025,13,59,18,13:59:18,64,Tahap-4
01/20/2025,13,59,18,13:59:18,32,Tahap-4
01/20/2025,13,59,18,13:59:18,119,Tahap-4
01/20/2025,13,59,18,13:59:18,309,Tahap-4
01/20/2025,13,59,18,13:59:18,88,Tahap-4
01/20/2025,13,59,19,13:59:19,500,Tahap-4
01/20/2025,13,59,19,13:59:19,253,Tahap-4
01/20/2025,13,59,19,13:59:19,139,Tahap-4
01/20/2025,13,59,19,13:59:19,46,Tahap-4
01/20/2025,13,59,19,13:59:19,245,Tahap-4
01/20/2025,13,59,19,13:59:19,131,Tahap-4
01/20/2025,13,59,19,13:59:19,4,Tahap-4
01/20/2025,13,59,19,13:59:19,43,Tahap-4
01/20/2025,13,59,19,13:59:19,167,Tahap-4
01/20/2025,13,59,19,13:59:19,31,Tahap-4
01/20/2025,13,59,20,13:59:20,118,Tahap-4
01/20/2025,13,59,20,13:59:20,59,Tahap-4
01/20/2025,13,59,20,13:59:20,116,Tahap-4
01/20/2025,13,59,20,13:59:20,123,Tahap-4
01/20/2025,13,59,20,13:59:20,72,Tahap-4
01/20/2025,13,59,20,13:59:20,67,Tahap-4
01/20/2025,13,59,20,13:59:20,163,Tahap-4
01/20/2025,13,59,20,13:59:20,42,Tahap-4
01/20/2025,13,59,20,13:59:20,104,Tahap-4
01/20/2025,13,59,20,13:59:20,298,Tahap-4
01/20/2025,13,59,21,13:59:21,29,Tahap-4
01/20/2025,13,59,21,13:59:21,208,Tahap-4
01/20/2025,13,59,21,13:59:21,275,Tahap-4
01/20/2025,13,59,21,13:59:21,335,Tahap-4
01/20/2025,13,59,21,13:59:21,1035,Tahap-4
01/20/2025,13,59,21,13:59:21,581,Tahap-4
01/20/2025,13,59,21,13:59:21,135,Tahap-4
01/20/2025,13,59,21,13:59:21,230,Tahap-4
01/20/2025,13,59,21,13:59:21,66,Tahap-4
01/20/2025,13,59,21,13:59:21,117,Tahap-4
01/20/2025,13,59,22,13:59:22,91,Tahap-4
01/20/2025,13,59,22,13:59:22,21,Tahap-4
01/20/2025,13,59,22,13:59:22,24,Tahap-4
01/20/2025,13,59,22,13:59:22,62,Tahap-4
01/20/2025,13,59,22,13:59:22,94,Tahap-4
01/20/2025,13,59,22,13:59:22,173,Tahap-4
01/20/2025,13,59,22,13:59:22,76,Tahap-4
01/20/2025,13,59,22,13:59:22,218,Tahap-4
01/20/2025,13,59,22,13:59:22,89,Tahap-4
01/20/2025,13,59,22,13:59:22,128,Tahap-4
01/20/2025,13,59,23,13:59:23,598,Tahap-4
01/20/2025,13,59,23,13:59:23,230,Tahap-4
01/20/2025,13,59,23,13:59:23,155,Tahap-4
01/20/2025,13,59,23,13:59:23,294,Tahap-4
01/20/2025,13,59,23,13:59:23,440,Tahap-4
01/20/2025,13,59,23,13:59:23,389,Tahap-4
01/20/2025,13,59,23,13:59:23,663,Tahap-4
01/20/2025,13,59,23,13:59:23,857,Tahap-4
01/20/2025,13,59,23,13:59:23,433,Tahap-4
01/20/2025,13,59,23,13:59:23,494,Tahap-4
01/20/2025,13,59,24,13:59:24,39,Tahap-4
01/20/2025,13,59,24,13:59:24,110,Tahap-4
01/20/2025,13,59,24,13:59:24,152,Tahap-4
01/20/2025,13,59,24,13:59:24,252,Tahap-4
01/20/2025,13,59,24,13:59:24,177,Tahap-4
01/20/2025,13,59,24,13:59:24,123,Tahap-4
01/20/2025,13,59,24,13:59:24,101,Tahap-4
01/20/2025,13,59,24,13:59:24,139,Tahap-4
01/20/2025,13,59,24,13:59:24,36,Tahap-4
01/20/2025,13,59,24,13:59:24,207,Tahap-4
01/20/2025,13,59,25,13:59:25,176,Tahap-4
01/20/2025,13,59,25,13:59:25,135,Tahap-4
01/20/2025,13,59,25,13:59:25,71,Tahap-4
01/20/2025,13,59,25,13:59:25,37,Tahap-4
01/20/2025,13,59,25,13:59:25,666,Tahap-4
01/20/2025,13,59,25,13:59:25,394,Tahap-4
01/20/2025,13,59,25,13:59:25,547,Tahap-4
01/20/2025,13,59,25,13:59:25,172,Tahap-4
01/20/2025,13,59,25,13:59:25,440,Tahap-4
01/20/2025,13,59,25,13:59:25,600,Tahap-4
01/20/2025,13,59,26,13:59:26,681,Tahap-4
01/20/2025,13,59,26,13:59:26,440,Tahap-4
01/20/2025,13,59,26,13:59:26,596,Tahap-4
01/20/2025,13,59,26,13:59:26,311,Tahap-4
01/20/2025,13,59,26,13:59:26,136,Tahap-4
01/20/2025,13,59,26,13:59:26,341,Tahap-4
01/20/2025,13,59,26,13:59:26,309,Tahap-4
01/20/2025,13,59,26,13:59:26,171,Tahap-4
01/20/2025,13,59,26,13:59:26,254,Tahap-4
01/20/2025,13,59,26,13:59:26,382,Tahap-4
01/20/2025,13,59,26,13:59:26,437,Tahap-4
01/20/2025,13,59,27,13:59:27,411,Tahap-4
01/20/2025,13,59,27,13:59:27,332,Tahap-4
01/20/2025,13,59,27,13:59:27,-176,Tahap-4
01/20/2025,13,59,27,13:59:27,-128,Tahap-4
01/20/2025,13,59,27,13:59:27,-160,Tahap-4
01/20/2025,13,59,27,13:59:27,104,Tahap-4
01/20/2025,13,59,27,13:59:27,-304,Tahap-4
01/20/2025,13,59,27,13:59:27,8,Tahap-4
01/20/2025,13,59,27,13:59:27,-64,Tahap-4
01/20/2025,13,59,27,13:59:27,-160,Tahap-4
01/20/2025,13,59,28,13:59:28,-104,Tahap-4
01/20/2025,13,59,28,13:59:28,-312,Tahap-4
01/20/2025,13,59,28,13:59:28,48,Tahap-4
01/20/2025,13,59,28,13:59:28,-104,Tahap-4
01/20/2025,13,59,28,13:59:28,16,Tahap-4
01/20/2025,13,59,28,13:59:28,-80,Tahap-4
01/20/2025,13,59,28,13:59:28,-96,Tahap-4
01/20/2025,13,59,28,13:59:28,-64,Tahap-4
01/20/2025,13,59,29,13:59:29,-368,Tahap-4
01/20/2025,13,59,29,13:59:29,-56,Tahap-4
01/20/2025,13,59,29,13:59:29,-208,Tahap-4
01/20/2025,13,59,29,13:59:29,96,Tahap-4
01/20/2025,13,59,29,13:59:29,-424,Tahap-4
01/20/2025,13,59,29,13:59:29,-80,Tahap-4
01/20/2025,13,59,29,13:59:29,-120,Tahap-4
01/20/2025,13,59,29,13:59:29,-64,Tahap-4
01/20/2025,13,59,29,13:59:29,-208,Tahap-4
01/20/2025,13,59,29,13:59:29,-64,Tahap-4
01/20/2025,13,59,29,13:59:29,-248,Tahap-4
01/20/2025,13,59,29,13:59:29,-40,Tahap-4
01/20/2025,13,59,30,13:59:30,-232,Tahap-4
01/20/2025,13,59,30,13:59:30,-192,Tahap-4
01/20/2025,13,59,30,13:59:30,112,Tahap-4
01/20/2025,13,59,30,13:59:30,-224,Tahap-4
01/20/2025,13,59,30,13:59:30,-304,Tahap-4
01/20/2025,13,59,30,13:59:30,88,Tahap-4
01/20/2025,13,59,30,13:59:30,-112,Tahap-4
01/20/2025,13,59,30,13:59:30,-96,Tahap-4
01/20/2025,13,59,30,13:59:30,-24,Tahap-4
01/20/2025,13,59,30,13:59:30,64,Tahap-4
01/20/2025,13,59,31,13:59:31,-232,Tahap-4
01/20/2025,13,59,31,13:59:31,56,Tahap-4
01/20/2025,13,59,31,13:59:31,-256,Tahap-4
01/20/2025,13,59,31,13:59:31,264,Tahap-4
01/20/2025,13,59,31,13:59:31,56,Tahap-4
01/20/2025,13,59,31,13:59:31,-128,Tahap-4
01/20/2025,13,59,31,13:59:31,80,Tahap-4
01/20/2025,13,59,31,13:59:31,88,Tahap-4
01/20/2025,13,59,31,13:59:31,-24,Tahap-4
01/20/2025,13,59,31,13:59:31,-80,Tahap-4
01/20/2025,13,59,32,13:59:32,152,Tahap-4
01/20/2025,13,59,32,13:59:32,-40,Tahap-4
01/20/2025,13,59,32,13:59:32,-8,Tahap-4
01/20/2025,13,59,32,13:59:32,16,Tahap-4
01/20/2025,13,59,32,13:59:32,224,Tahap-4
01/20/2025,13,59,32,13:59:32,-176,Tahap-4
01/20/2025,13,59,32,13:59:32,256,Tahap-4
01/20/2025,13,59,32,13:59:32,24,Tahap-4
01/20/2025,13,59,32,13:59:32,184,Tahap-4
01/20/2025,13,59,33,13:59:33,-128,Tahap-4
01/20/2025,13,59,33,13:59:33,152,Tahap-4
01/20/2025,13,59,33,13:59:33,-184,Tahap-4
01/20/2025,13,59,33,13:59:33,80,Tahap-4
01/20/2025,13,59,33,13:59:33,-256,Tahap-4
01/20/2025,13,59,33,13:59:33,56,Tahap-4
01/20/2025,13,59,33,13:59:33,48,Tahap-4
01/20/2025,13,59,33,13:59:33,-176,Tahap-4
01/20/2025,13,59,33,13:59:33,8,Tahap-4
01/20/2025,13,59,33,13:59:33,256,Tahap-4
01/20/2025,13,59,34,13:59:34,-160,Tahap-4
01/20/2025,13,59,34,13:59:34,32,Tahap-4
01/20/2025,13,59,34,13:59:34,-40,Tahap-4
01/20/2025,13,59,34,13:59:34,-56,Tahap-4
01/20/2025,13,59,34,13:59:34,-120,Tahap-4
01/20/2025,13,59,34,13:59:34,-64,Tahap-4
01/20/2025,13,59,34,13:59:34,-120,Tahap-4
01/20/2025,13,59,34,13:59:34,136,Tahap-4
01/20/2025,13,59,34,13:59:34,-200,Tahap-4
01/20/2025,13,59,34,13:59:34,-48,Tahap-4
01/20/2025,13,59,35,13:59:35,120,Tahap-4
01/20/2025,13,59,35,13:59:35,-272,Tahap-4
01/20/2025,13,59,35,13:59:35,224,Tahap-4
01/20/2025,13,59,35,13:59:35,-136,Tahap-4
01/20/2025,13,59,35,13:59:35,128,Tahap-4
01/20/2025,13,59,35,13:59:35,-152,Tahap-4
01/20/2025,13,59,35,13:59:35,120,Tahap-4
01/20/2025,13,59,35,13:59:35,80,Tahap-4
01/20/2025,13,59,35,13:59:35,-64,Tahap-4
01/20/2025,13,59,36,13:59:36,56,Tahap-4
01/20/2025,13,59,36,13:59:36,48,Tahap-4
01/20/2025,13,59,36,13:59:36,-16,Tahap-4
01/20/2025,13,59,36,13:59:36,96,Tahap-4
01/20/2025,13,59,36,13:59:36,-80,Tahap-4
01/20/2025,13,59,36,13:59:36,152,Tahap-4
01/20/2025,13,59,36,13:59:36,-80,Tahap-4
01/20/2025,13,59,36,13:59:36,56,Tahap-4
01/20/2025,13,59,36,13:59:36,-32,Tahap-4
01/20/2025,13,59,36,13:59:36,352,Tahap-4
01/20/2025,13,59,37,13:59:37,-112,Tahap-4
01/20/2025,13,59,37,13:59:37,160,Tahap-4
01/20/2025,13,59,37,13:59:37,40,Tahap-4
01/20/2025,13,59,37,13:59:37,16,Tahap-4
01/20/2025,13,59,37,13:59:37,8,Tahap-4
01/20/2025,13,59,37,13:59:37,120,Tahap-4
01/20/2025,13,59,37,13:59:37,-8,Tahap-4
01/20/2025,13,59,37,13:59:37,-80,Tahap-4
01/20/2025,13,59,37,13:59:37,-64,Tahap-4
01/20/2025,13,59,38,13:59:38,144,Tahap-4
01/20/2025,13,59,38,13:59:38,96,Tahap-4
01/20/2025,13,59,38,13:59:38,-208,Tahap-4
01/20/2025,13,59,38,13:59:38,224,Tahap-4
01/20/2025,13,59,38,13:59:38,-144,Tahap-4
01/20/2025,13,59,38,13:59:38,56,Tahap-4
01/20/2025,13,59,38,13:59:38,-8,Tahap-4
01/20/2025,13,59,38,13:59:38,280,Tahap-4
01/20/2025,13,59,38,13:59:38,-160,Tahap-4
01/20/2025,13,59,38,13:59:38,152,Tahap-4
01/20/2025,13,59,39,13:59:39,-184,Tahap-4
01/20/2025,13,59,39,13:59:39,168,Tahap-4
01/20/2025,13,59,39,13:59:39,120,Tahap-4
01/20/2025,13,59,39,13:59:39,72,Tahap-4
01/20/2025,13,59,39,13:59:39,56,Tahap-4
01/20/2025,13,59,39,13:59:39,168,Tahap-4
01/20/2025,13,59,39,13:59:39,-72,Tahap-4
01/20/2025,13,59,39,13:59:39,120,Tahap-4
01/20/2025,13,59,39,13:59:39,208,Tahap-4
01/20/2025,13,59,39,13:59:39,-24,Tahap-4
01/20/2025,13,59,40,13:59:40,24,Tahap-4
01/20/2025,14,1,1,14:01:01,404,Tahap-4
01/20/2025,14,1,1,14:01:01,51,Tahap-4
01/20/2025,14,1,1,14:01:01,490,Tahap-4
01/20/2025,14,1,1,14:01:01,1016,Tahap-4
01/20/2025,14,1,1,14:01:01,652,Tahap-4
01/20/2025,14,1,1,14:01:01,94,Tahap-4
01/20/2025,14,1,1,14:01:01,81,Tahap-4
01/20/2025,14,1,1,14:01:01,40,Tahap-4
01/20/2025,14,1,1,14:01:01,189,Tahap-4
01/20/2025,14,1,1,14:01:01,128,Tahap-4
01/20/2025,14,1,2,14:01:02,190,Tahap-4
01/20/2025,14,1,2,14:01:02,191,Tahap-4
01/20/2025,14,1,2,14:01:02,140,Tahap-4
01/20/2025,14,1,2,14:01:02,145,Tahap-4
01/20/2025,14,1,2,14:01:02,101,Tahap-4
01/20/2025,14,1,2,14:01:02,19,Tahap-4
01/20/2025,14,1,2,14:01:02,128,Tahap-4
01/20/2025,14,1,2,14:01:02,313,Tahap-4
01/20/2025,14,1,2,14:01:02,446,Tahap-4
01/20/2025,14,1,2,14:01:02,303,Tahap-4
01/20/2025,14,1,3,14:01:03,53,Tahap-4
01/20/2025,14,1,3,14:01:03,1382,Tahap-4
01/20/2025,14,1,3,14:01:03,607,Tahap-4
01/20/2025,14,1,3,14:01:03,210,Tahap-4
01/20/2025,14,1,3,14:01:03,471,Tahap-4
01/20/2025,14,1,3,14:01:03,519,Tahap-4
01/20/2025,14,1,3,14:01:03,829,Tahap-4
01/20/2025,14,1,3,14:01:03,806,Tahap-4
01/20/2025,14,1,3,14:01:03,341,Tahap-4
01/20/2025,14,1,3,14:01:03,380,Tahap-4
01/20/2025,14,1,4,14:01:04,316,Tahap-4
01/20/2025,14,1,4,14:01:04,219,Tahap-4
01/20/2025,14,1,4,14:01:04,108,Tahap-4
01/20/2025,14,1,4,14:01:04,277,Tahap-4
01/20/2025,14,1,4,14:01:04,109,Tahap-4
01/20/2025,14,1,4,14:01:04,159,Tahap-4
01/20/2025,14,1,4,14:01:04,125,Tahap-4
01/20/2025,14,1,4,14:01:04,211,Tahap-4
01/20/2025,14,1,4,14:01:04,146,Tahap-4
01/20/2025,14,1,4,14:01:04,70,Tahap-4
01/20/2025,14,1,5,14:01:05,124,Tahap-4
01/20/2025,14,1,5,14:01:05,110,Tahap-4
01/20/2025,14,1,5,14:01:05,258,Tahap-4
01/20/2025,14,1,5,14:01:05,406,Tahap-4
01/20/2025,14,1,5,14:01:05,377,Tahap-4
01/20/2025,14,1,5,14:01:05,322,Tahap-4
01/20/2025,14,1,5,14:01:05,231,Tahap-4
01/20/2025,14,1,5,14:01:05,629,Tahap-4
01/20/2025,14,1,5,14:01:05,316,Tahap-4
01/20/2025,14,1,5,14:01:05,396,Tahap-4
01/20/2025,14,1,6,14:01:06,761,Tahap-4
01/20/2025,14,1,6,14:01:06,948,Tahap-4
01/20/2025,14,1,6,14:01:06,581,Tahap-4
01/20/2025,14,1,6,14:01:06,515,Tahap-4
01/20/2025,14,1,6,14:01:06,184,Tahap-4
01/20/2025,14,1,6,14:01:06,93,Tahap-4
01/20/2025,14,1,6,14:01:06,132,Tahap-4
01/20/2025,14,1,6,14:01:06,390,Tahap-4
01/20/2025,14,1,6,14:01:06,479,Tahap-4
01/20/2025,14,1,6,14:01:06,699,Tahap-4
01/20/2025,14,1,7,14:01:07,666,Tahap-4
01/20/2025,14,1,7,14:01:07,-92,Tahap-4
01/20/2025,14,1,7,14:01:07,-44,Tahap-4
01/20/2025,14,1,7,14:01:07,-160,Tahap-4
01/20/2025,14,1,7,14:01:07,-104,Tahap-4
01/20/2025,14,1,7,14:01:07,36,Tahap-4
01/20/2025,14,1,7,14:01:07,-140,Tahap-4
01/20/2025,14,1,7,14:01:07,-48,Tahap-4
01/20/2025,14,1,7,14:01:07,-140,Tahap-4
01/20/2025,14,1,7,14:01:07,136,Tahap-4
01/20/2025,14,1,8,14:01:08,-140,Tahap-4
01/20/2025,14,1,8,14:01:08,76,Tahap-4
01/20/2025,14,1,8,14:01:08,-36,Tahap-4
01/20/2025,14,1,8,14:01:08,-12,Tahap-4
01/20/2025,14,1,8,14:01:08,16,Tahap-4
01/20/2025,14,1,8,14:01:08,-68,Tahap-4
01/20/2025,14,1,8,14:01:08,100,Tahap-4
01/20/2025,14,1,8,14:01:08,52,Tahap-4
01/20/2025,14,1,8,14:01:08,-84,Tahap-4
01/20/2025,14,1,8,14:01:08,-12,Tahap-4
01/20/2025,14,1,9,14:01:09,184,Tahap-4
01/20/2025,14,1,9,14:01:09,-80,Tahap-4
01/20/2025,14,1,9,14:01:09,116,Tahap-4
01/20/2025,14,1,9,14:01:09,68,Tahap-4
01/20/2025,14,1,9,14:01:09,-44,Tahap-4
01/20/2025,14,1,9,14:01:09,92,Tahap-4
01/20/2025,14,1,9,14:01:09,64,Tahap-4
01/20/2025,14,1,9,14:01:09,-8,Tahap-4
01/20/2025,14,1,9,14:01:09,136,Tahap-4
01/20/2025,14,1,9,14:01:09,-64,Tahap-4
01/20/2025,14,1,10,14:01:10,4,Tahap-4
01/20/2025,14,1,10,14:01:10,216,Tahap-4
01/20/2025,14,1,10,14:01:10,-24,Tahap-4
01/20/2025,14,1,10,14:01:10,80,Tahap-4
01/20/2025,14,1,10,14:01:10,168,Tahap-4
01/20/2025,14,1,10,14:01:10,-8,Tahap-4
01/20/2025,14,1,10,14:01:10,-56,Tahap-4
01/20/2025,14,1,10,14:01:10,144,Tahap-4
01/20/2025,14,1,10,14:01:10,16,Tahap-4
01/20/2025,14,1,10,14:01:10,16,Tahap-4
01/20/2025,14,1,11,14:01:11,52,Tahap-4
01/20/2025,14,1,11,14:01:11,-96,Tahap-4
01/20/2025,14,1,11,14:01:11,200,Tahap-4
01/20/2025,14,1,11,14:01:11,-28,Tahap-4
01/20/2025,14,1,11,14:01:11,32,Tahap-4
01/20/2025,14,1,11,14:01:11,128,Tahap-4
01/20/2025,14,1,11,14:01:11,28,Tahap-4
01/20/2025,14,1,11,14:01:11,-52,Tahap-4
01/20/2025,14,1,11,14:01:11,52,Tahap-4
01/20/2025,14,1,11,14:01:11,152,Tahap-4
01/20/2025,14,1,12,14:01:12,-32,Tahap-4
01/20/2025,14,1,12,14:01:12,56,Tahap-4
01/20/2025,14,1,12,14:01:12,-28,Tahap-4
01/20/2025,14,1,12,14:01:12,144,Tahap-4
01/20/2025,14,1,12,14:01:12,28,Tahap-4
01/20/2025,14,1,12,14:01:12,124,Tahap-4
01/20/2025,14,1,12,14:01:12,60,Tahap-4
01/20/2025,14,1,12,14:01:12,92,Tahap-4
01/20/2025,14,1,12,14:01:12,-4,Tahap-4
01/20/2025,14,1,12,14:01:12,-28,Tahap-4
01/20/2025,14,1,13,14:01:13,108,Tahap-4
01/20/2025,14,1,13,14:01:13,28,Tahap-4
01/20/2025,14,1,13,14:01:13,-12,Tahap-4
01/20/2025,14,1,13,14:01:13,-40,Tahap-4
01/20/2025,14,1,13,14:01:13,88,Tahap-4
01/20/2025,14,1,13,14:01:13,-8,Tahap-4
01/20/2025,14,1,13,14:01:13,20,Tahap-4
01/20/2025,14,1,13,14:01:13,128,Tahap-4
01/20/2025,14,1,13,14:01:13,-48,Tahap-4
01/20/2025,14,1,13,14:01:13,8,Tahap-4
01/20/2025,14,1,14,14:01:14,28,Tahap-4
01/20/2025,14,1,14,14:01:14,44,Tahap-4
01/20/2025,14,1,14,14:01:14,32,Tahap-4
01/20/2025,14,1,14,14:01:14,-44,Tahap-4
01/20/2025,14,1,14,14:01:14,-56,Tahap-4
01/20/2025,14,1,14,14:01:14,-20,Tahap-4
01/20/2025,14,1,14,14:01:14,124,Tahap-4
01/20/2025,14,1,14,14:01:14,-84,Tahap-4
01/20/2025,14,1,14,14:01:14,124,Tahap-4
01/20/2025,14,1,14,14:01:14,40,Tahap-4
01/20/2025,14,1,15,14:01:15,-16,Tahap-4
01/20/2025,14,1,15,14:01:15,-4,Tahap-4
01/20/2025,14,1,15,14:01:15,84,Tahap-4
01/20/2025,14,1,15,14:01:15,-12,Tahap-4
01/20/2025,14,1,15,14:01:15,-4,Tahap-4
01/20/2025,14,1,15,14:01:15,36,Tahap-4
01/20/2025,14,1,15,14:01:15,-12,Tahap-4
01/20/2025,14,1,15,14:01:15,220,Tahap-4
01/20/2025,14,1,15,14:01:15,-32,Tahap-4
01/20/2025,14,1,15,14:01:15,52,Tahap-4
01/20/2025,14,1,16,14:01:16,104,Tahap-4
01/20/2025,14,1,16,14:01:16,84,Tahap-4
01/20/2025,14,1,16,14:01:16,16,Tahap-4
01/20/2025,14,1,16,14:01:16,64,Tahap-4
01/20/2025,14,1,16,14:01:16,96,Tahap-4
01/20/2025,14,1,16,14:01:16,-28,Tahap-4
01/20/2025,14,1,16,14:01:16,44,Tahap-4
01/20/2025,14,1,16,14:01:16,-108,Tahap-4
01/20/2025,14,1,16,14:01:16,268,Tahap-4
01/20/2025,14,1,16,14:01:16,-172,Tahap-4
01/20/2025,14,1,17,14:01:17,136,Tahap-4
01/20/2025,14,1,17,14:01:17,84,Tahap-4
01/20/2025,14,1,17,14:01:17,12,Tahap-4
01/20/2025,14,1,17,14:01:17,20,Tahap-4
01/20/2025,14,1,17,14:01:17,168,Tahap-4
01/20/2025,14,1,17,14:01:17,-64,Tahap-4
01/20/2025,14,1,17,14:01:17,68,Tahap-4
01/20/2025,14,1,17,14:01:17,-144,Tahap-4
01/20/2025,14,1,17,14:01:17,80,Tahap-4
01/20/2025,14,1,17,14:01:17,96,Tahap-4
01/20/2025,14,1,17,14:01:17,64,Tahap-4
01/20/2025,14,1,18,14:01:18,-12,Tahap-4
01/20/2025,14,1,18,14:01:18,68,Tahap-4
01/20/2025,14,1,18,14:01:18,-60,Tahap-4
01/20/2025,14,1,18,14:01:18,-4,Tahap-4
01/20/2025,14,1,18,14:01:18,48,Tahap-4
01/20/2025,14,1,18,14:01:18,52,Tahap-4
01/20/2025,14,1,18,14:01:18,40,Tahap-4
01/20/2025,14,1,18,14:01:18,-16,Tahap-4
01/20/2025,14,1,18,14:01:18,-8,Tahap-4
01/20/2025,14,1,18,14:01:18,-12,Tahap-4
01/20/2025,14,1,19,14:01:19,96,Tahap-4
01/20/2025,14,1,19,14:01:19,-52,Tahap-4
01/20/2025,14,1,19,14:01:19,-48,Tahap-4
01/20/2025,14,1,19,14:01:19,104,Tahap-4
01/20/2025,14,1,19,14:01:19,-64,Tahap-4
01/20/2025,14,1,19,14:01:19,80,Tahap-4
01/20/2025,14,1,19,14:01:19,-12,Tahap-4
01/20/2025,14,1,19,14:01:19,160,Tahap-4
01/20/2025,14,1,19,14:01:19,-68,Tahap-4
01/20/2025,14,1,44,14:01:44,3099,Tahap-4
01/20/2025,14,1,44,14:01:44,1405,Tahap-4
01/20/2025,14,1,44,14:01:44,416,Tahap-4
01/20/2025,14,1,44,14:01:44,758,Tahap-4
01/20/2025,14,1,44,14:01:44,365,Tahap-4
01/20/2025,14,1,44,14:01:44,333,Tahap-4
01/20/2025,14,1,44,14:01:44,148,Tahap-4
01/20/2025,14,1,45,14:01:45,277,Tahap-4
01/20/2025,14,1,45,14:01:45,136,Tahap-4
01/20/2025,14,1,45,14:01:45,149,Tahap-4
01/20/2025,14,1,45,14:01:45,197,Tahap-4
01/20/2025,14,1,45,14:01:45,156,Tahap-4
01/20/2025,14,1,45,14:01:45,95,Tahap-4
01/20/2025,14,1,45,14:01:45,9,Tahap-4
01/20/2025,14,1,45,14:01:45,121,Tahap-4
01/20/2025,14,1,45,14:01:45,72,Tahap-4
01/20/2025,14,1,45,14:01:45,165,Tahap-4
01/20/2025,14,1,46,14:01:46,196,Tahap-4
01/20/2025,14,1,46,14:01:46,69,Tahap-4
01/20/2025,14,1,46,14:01:46,157,Tahap-4
01/20/2025,14,1,46,14:01:46,87,Tahap-4
01/20/2025,14,1,46,14:01:46,172,Tahap-4
01/20/2025,14,1,46,14:01:46,362,Tahap-4
01/20/2025,14,1,46,14:01:46,290,Tahap-4
01/20/2025,14,1,46,14:01:46,157,Tahap-4
01/20/2025,14,1,46,14:01:46,176,Tahap-4
01/20/2025,14,1,46,14:01:46,206,Tahap-4
01/20/2025,14,1,47,14:01:47,179,Tahap-4
01/20/2025,14,1,47,14:01:47,116,Tahap-4
01/20/2025,14,1,47,14:01:47,198,Tahap-4
01/20/2025,14,1,47,14:01:47,132,Tahap-4
01/20/2025,14,1,47,14:01:47,46,Tahap-4
01/20/2025,14,1,47,14:01:47,196,Tahap-4
01/20/2025,14,1,47,14:01:47,160,Tahap-4
01/20/2025,14,1,47,14:01:47,136,Tahap-4
01/20/2025,14,1,47,14:01:47,46,Tahap-4
01/20/2025,14,1,47,14:01:47,25,Tahap-4
01/20/2025,14,1,48,14:01:48,247,Tahap-4
01/20/2025,14,1,48,14:01:48,105,Tahap-4
01/20/2025,14,1,48,14:01:48,109,Tahap-4
01/20/2025,14,1,48,14:01:48,71,Tahap-4
01/20/2025,14,1,48,14:01:48,122,Tahap-4
01/20/2025,14,1,48,14:01:48,169,Tahap-4
01/20/2025,14,1,48,14:01:48,342,Tahap-4
01/20/2025,14,1,48,14:01:48,234,Tahap-4
01/20/2025,14,1,48,14:01:48,371,Tahap-4
01/20/2025,14,1,48,14:01:48,370,Tahap-4
01/20/2025,14,1,49,14:01:49,81,Tahap-4
01/20/2025,14,1,49,14:01:49,67,Tahap-4
01/20/2025,14,1,49,14:01:49,56,Tahap-4
01/20/2025,14,1,49,14:01:49,42,Tahap-4
01/20/2025,14,1,49,14:01:49,114,Tahap-4
01/20/2025,14,1,49,14:01:49,58,Tahap-4
01/20/2025,14,1,49,14:01:49,133,Tahap-4
01/20/2025,14,1,49,14:01:49,158,Tahap-4
01/20/2025,14,1,49,14:01:49,114,Tahap-4
01/20/2025,14,1,49,14:01:49,58,Tahap-4
01/20/2025,14,1,50,14:01:50,109,Tahap-4
01/20/2025,14,1,50,14:01:50,163,Tahap-4
01/20/2025,14,1,50,14:01:50,31,Tahap-4
01/20/2025,14,1,50,14:01:50,119,Tahap-4
01/20/2025,14,1,50,14:01:50,128,Tahap-4
01/20/2025,14,1,50,14:01:50,208,Tahap-4
01/20/2025,14,1,50,14:01:50,301,Tahap-4
01/20/2025,14,1,50,14:01:50,298,Tahap-4
01/20/2025,14,1,50,14:01:50,180,Tahap-4
01/20/2025,14,1,50,14:01:50,123,Tahap-4
01/20/2025,14,1,51,14:01:51,103,Tahap-4
01/20/2025,14,1,51,14:01:51,622,Tahap-4
01/20/2025,14,1,51,14:01:51,678,Tahap-4
01/20/2025,14,1,51,14:01:51,779,Tahap-4
01/20/2025,14,1,51,14:01:51,648,Tahap-4
01/20/2025,14,1,51,14:01:51,246,Tahap-4
01/20/2025,14,1,51,14:01:51,63,Tahap-4
01/20/2025,14,1,51,14:01:51,110,Tahap-4
01/20/2025,14,1,51,14:01:51,200,Tahap-4
01/20/2025,14,1,51,14:01:51,273,Tahap-4
01/20/2025,14,1,52,14:01:52,121,Tahap-4
01/20/2025,14,1,52,14:01:52,117,Tahap-4
01/20/2025,14,1,52,14:01:52,72,Tahap-4
01/20/2025,14,1,52,14:01:52,177,Tahap-4
01/20/2025,14,1,52,14:01:52,115,Tahap-4
01/20/2025,14,1,52,14:01:52,109,Tahap-4
01/20/2025,14,1,52,14:01:52,63,Tahap-4
01/20/2025,14,1,52,14:01:52,174,Tahap-4
01/20/2025,14,1,52,14:01:52,63,Tahap-4
01/20/2025,14,1,52,14:01:52,290,Tahap-4
01/20/2025,14,1,53,14:01:53,366,Tahap-4
01/20/2025,14,1,53,14:01:53,1461,Tahap-4
01/20/2025,14,1,53,14:01:53,912,Tahap-4
01/20/2025,14,1,53,14:01:53,541,Tahap-4
01/20/2025,14,1,53,14:01:53,185,Tahap-4
01/20/2025,14,1,53,14:01:53,1050,Tahap-4
01/20/2025,14,1,53,14:01:53,450,Tahap-4
01/20/2025,14,1,53,14:01:53,190,Tahap-4
01/20/2025,14,1,53,14:01:53,159,Tahap-4
01/20/2025,14,1,53,14:01:53,177,Tahap-4
01/20/2025,14,1,54,14:01:54,148,Tahap-4
01/20/2025,14,1,54,14:01:54,185,Tahap-4
01/20/2025,14,1,54,14:01:54,139,Tahap-4
01/20/2025,14,1,54,14:01:54,170,Tahap-4
01/20/2025,14,1,54,14:01:54,90,Tahap-4
01/20/2025,14,1,54,14:01:54,77,Tahap-4
01/20/2025,14,1,54,14:01:54,209,Tahap-4
01/20/2025,14,1,54,14:01:54,282,Tahap-4
01/20/2025,14,1,54,14:01:54,66,Tahap-4
01/20/2025,14,1,54,14:01:54,173,Tahap-4
01/20/2025,14,1,55,14:01:55,319,Tahap-4
01/20/2025,14,1,55,14:01:55,279,Tahap-4
01/20/2025,14,1,55,14:01:55,295,Tahap-4
01/20/2025,14,1,55,14:01:55,402,Tahap-4
01/20/2025,14,1,55,14:01:55,200,Tahap-4
01/20/2025,14,1,55,14:01:55,239,Tahap-4
01/20/2025,14,1,55,14:01:55,295,Tahap-4
01/20/2025,14,1,55,14:01:55,58,Tahap-4
01/20/2025,14,1,55,14:01:55,995,Tahap-4
01/20/2025,14,1,55,14:01:55,471,Tahap-4
01/20/2025,14,1,56,14:01:56,115,Tahap-4
01/20/2025,14,1,56,14:01:56,71,Tahap-4
01/20/2025,14,1,56,14:01:56,429,Tahap-4
01/20/2025,14,1,56,14:01:56,416,Tahap-4
01/20/2025,14,1,56,14:01:56,174,Tahap-4
01/20/2025,14,1,56,14:01:56,193,Tahap-4
01/20/2025,14,1,56,14:01:56,124,Tahap-4
01/20/2025,14,1,56,14:01:56,508,Tahap-4
01/20/2025,14,1,56,14:01:56,432,Tahap-4
01/20/2025,14,1,56,14:01:56,183,Tahap-4
01/20/2025,14,1,57,14:01:57,-256,Tahap-4
01/20/2025,14,1,57,14:01:57,40,Tahap-4
01/20/2025,14,1,57,14:01:57,-168,Tahap-4
01/20/2025,14,1,57,14:01:57,-116,Tahap-4
01/20/2025,14,1,57,14:01:57,-12,Tahap-4
01/20/2025,14,1,57,14:01:57,-72,Tahap-4
01/20/2025,14,1,57,14:01:57,-196,Tahap-4
01/20/2025,14,1,57,14:01:57,16,Tahap-4
01/20/2025,14,1,57,14:01:57,-100,Tahap-4
01/20/2025,14,1,57,14:01:57,-116,Tahap-4
01/20/2025,14,1,58,14:01:58,-96,Tahap-4
01/20/2025,14,1,58,14:01:58,-116,Tahap-4
01/20/2025,14,1,58,14:01:58,40,Tahap-4
01/20/2025,14,1,58,14:01:58,-8,Tahap-4
01/20/2025,14,1,58,14:01:58,-104,Tahap-4
01/20/2025,14,1,58,14:01:58,44,Tahap-4
01/20/2025,14,1,58,14:01:58,8,Tahap-4
01/20/2025,14,1,58,14:01:58,-80,Tahap-4
01/20/2025,14,1,59,14:01:59,-4,Tahap-4
01/20/2025,14,1,59,14:01:59,52,Tahap-4
01/20/2025,14,1,59,14:01:59,-76,Tahap-4
01/20/2025,14,1,59,14:01:59,-28,Tahap-4
01/20/2025,14,1,59,14:01:59,-68,Tahap-4
01/20/2025,14,1,59,14:01:59,148,Tahap-4
01/20/2025,14,1,59,14:01:59,-4,Tahap-4
01/20/2025,14,1,59,14:01:59,64,Tahap-4
01/20/2025,14,1,59,14:01:59,16,Tahap-4
01/20/2025,14,1,59,14:01:59,100,Tahap-4
01/20/2025,14,1,59,14:01:59,-32,Tahap-4
01/20/2025,14,1,59,14:01:59,24,Tahap-4
01/20/2025,14,2,1,14:02:01,52,Tahap-4
01/20/2025,14,2,1,14:02:01,148,Tahap-4
01/20/2025,14,2,1,14:02:01,40,Tahap-4
01/20/2025,14,2,1,14:02:01,20,Tahap-4
01/20/2025,14,2,1,14:02:01,-24,Tahap-4
01/20/2025,14,2,1,14:02:01,204,Tahap-4
01/20/2025,14,2,1,14:02:01,-28,Tahap-4
01/20/2025,14,2,1,14:02:01,120,Tahap-4
01/20/2025,14,2,1,14:02:01,144,Tahap-4
01/20/2025,14,2,1,14:02:01,16,Tahap-4
01/20/2025,14,2,2,14:02:02,116,Tahap-4
01/20/2025,14,2,2,14:02:02,100,Tahap-4
01/20/2025,14,2,2,14:02:02,100,Tahap-4
01/20/2025,14,2,2,14:02:02,116,Tahap-4
01/20/2025,14,2,2,14:02:02,32,Tahap-4
01/20/2025,14,2,2,14:02:02,-24,Tahap-4
01/20/2025,14,2,2,14:02:02,224,Tahap-4
01/20/2025,14,2,2,14:02:02,20,Tahap-4
01/20/2025,14,2,2,14:02:02,128,Tahap-4
01/20/2025,14,2,2,14:02:02,164,Tahap-4
01/20/2025,14,2,3,14:02:03,72,Tahap-4
01/20/2025,14,2,3,14:02:03,56,Tahap-4
01/20/2025,14,2,3,14:02:03,200,Tahap-4
01/20/2025,14,2,3,14:02:03,88,Tahap-4
01/20/2025,14,2,3,14:02:03,112,Tahap-4
01/20/2025,14,2,3,14:02:03,68,Tahap-4
01/20/2025,14,2,3,14:02:03,-36,Tahap-4
01/20/2025,14,2,3,14:02:03,344,Tahap-4
01/20/2025,14,2,3,14:02:03,20,Tahap-4
01/20/2025,14,2,3,14:02:03,132,Tahap-4
01/20/2025,14,2,4,14:02:04,200,Tahap-4
01/20/2025,14,2,4,14:02:04,216,Tahap-4
01/20/2025,14,2,4,14:02:04,4,Tahap-4
01/20/2025,14,2,4,14:02:04,292,Tahap-4
01/20/2025,14,2,4,14:02:04,168,Tahap-4
01/20/2025,14,2,4,14:02:04,120,Tahap-4
01/20/2025,14,2,4,14:02:04,120,Tahap-4
01/20/2025,14,2,4,14:02:04,60,Tahap-4
01/20/2025,14,2,4,14:02:04,208,Tahap-4
01/20/2025,14,2,4,14:02:04,188,Tahap-4
01/20/2025,14,2,5,14:02:05,152,Tahap-4
01/20/2025,14,2,5,14:02:05,248,Tahap-4
01/20/2025,14,2,5,14:02:05,36,Tahap-4
01/20/2025,14,2,5,14:02:05,160,Tahap-4
01/20/2025,14,2,5,14:02:05,136,Tahap-4
01/20/2025,14,2,5,14:02:05,252,Tahap-4
01/20/2025,14,2,5,14:02:05,60,Tahap-4
01/20/2025,14,2,5,14:02:05,188,Tahap-4
01/20/2025,14,2,5,14:02:05,104,Tahap-4
01/20/2025,14,2,5,14:02:05,76,Tahap-4
01/20/2025,14,2,6,14:02:06,96,Tahap-4
01/20/2025,14,2,6,14:02:06,164,Tahap-4
01/20/2025,14,2,6,14:02:06,196,Tahap-4
01/20/2025,14,2,6,14:02:06,248,Tahap-4
01/20/2025,14,2,6,14:02:06,56,Tahap-4
01/20/2025,14,2,6,14:02:06,184,Tahap-4
01/20/2025,14,2,6,14:02:06,80,Tahap-4
01/20/2025,14,2,6,14:02:06,100,Tahap-4
01/20/2025,14,2,6,14:02:06,104,Tahap-4
01/20/2025,14,2,7,14:02:07,92,Tahap-4
01/20/2025,14,2,7,14:02:07,16,Tahap-4
01/20/2025,14,2,7,14:02:07,216,Tahap-4
01/20/2025,14,2,7,14:02:07,176,Tahap-4
01/20/2025,14,2,7,14:02:07,36,Tahap-4
01/20/2025,14,2,7,14:02:07,128,Tahap-4
01/20/2025,14,2,7,14:02:07,140,Tahap-4
01/20/2025,14,2,7,14:02:07,44,Tahap-4
01/20/2025,14,2,7,14:02:07,136,Tahap-4
01/20/2025,14,2,7,14:02:07,84,Tahap-4
01/20/2025,14,2,8,14:02:08,24,Tahap-4
01/20/2025,14,2,8,14:02:08,140,Tahap-4
01/20/2025,14,2,8,14:02:08,-100,Tahap-4
01/20/2025,14,2,8,14:02:08,188,Tahap-4
01/20/2025,14,2,8,14:02:08,136,Tahap-4
01/20/2025,14,2,8,14:02:08,-56,Tahap-4
01/20/2025,14,2,8,14:02:08,100,Tahap-4
01/20/2025,14,2,8,14:02:08,72,Tahap-4
01/20/2025,14,2,8,14:02:08,20,Tahap-4
01/20/2025,14,2,8,14:02:08,12,Tahap-4
01/20/2025,14,2,9,14:02:09,132,Tahap-4
01/20/2025,14,2,9,14:02:09,-48,Tahap-4
01/20/2025,14,2,9,14:02:09,100,Tahap-4
01/20/2025,14,2,9,14:02:09,-32,Tahap-4
01/20/2025,14,2,9,14:02:09,84,Tahap-4
01/20/2025,14,2,9,14:02:09,76,Tahap-4
01/20/2025,14,2,9,14:02:09,-32,Tahap-4
01/20/2025,14,2,9,14:02:09,44,Tahap-4
01/20/2025,14,2,9,14:02:09,112,Tahap-4
01/20/2025,14,2,34,14:02:34,1525,Tahap-4
01/20/2025,14,2,34,14:02:34,751,Tahap-4
01/20/2025,14,2,34,14:02:34,433,Tahap-4
01/20/2025,14,2,34,14:02:34,982,Tahap-4
01/20/2025,14,2,34,14:02:34,589,Tahap-4
01/20/2025,14,2,34,14:02:34,349,Tahap-4
01/20/2025,14,2,34,14:02:34,641,Tahap-4
01/20/2025,14,2,34,14:02:34,464,Tahap-4
01/20/2025,14,2,35,14:02:35,457,Tahap-4
01/20/2025,14,2,35,14:02:35,308,Tahap-4
01/20/2025,14,2,35,14:02:35,310,Tahap-4
01/20/2025,14,2,35,14:02:35,215,Tahap-4
01/20/2025,14,2,35,14:02:35,294,Tahap-4
01/20/2025,14,2,35,14:02:35,246,Tahap-4
01/20/2025,14,2,35,14:02:35,132,Tahap-4
01/20/2025,14,2,35,14:02:35,183,Tahap-4
01/20/2025,14,2,35,14:02:35,197,Tahap-4
01/20/2025,14,2,35,14:02:35,110,Tahap-4
01/20/2025,14,2,36,14:02:36,129,Tahap-4
01/20/2025,14,2,36,14:02:36,74,Tahap-4
01/20/2025,14,2,36,14:02:36,58,Tahap-4
01/20/2025,14,2,36,14:02:36,72,Tahap-4
01/20/2025,14,2,36,14:02:36,108,Tahap-4
01/20/2025,14,2,36,14:02:36,390,Tahap-4
01/20/2025,14,2,36,14:02:36,166,Tahap-4
01/20/2025,14,2,36,14:02:36,116,Tahap-4
01/20/2025,14,2,36,14:02:36,234,Tahap-4
01/20/2025,14,2,36,14:02:36,76,Tahap-4
01/20/2025,14,2,37,14:02:37,134,Tahap-4
01/20/2025,14,2,37,14:02:37,260,Tahap-4
01/20/2025,14,2,37,14:02:37,216,Tahap-4
01/20/2025,14,2,37,14:02:37,81,Tahap-4
01/20/2025,14,2,37,14:02:37,40,Tahap-4
01/20/2025,14,2,37,14:02:37,124,Tahap-4
01/20/2025,14,2,37,14:02:37,237,Tahap-4
01/20/2025,14,2,37,14:02:37,149,Tahap-4
01/20/2025,14,2,37,14:02:37,83,Tahap-4
01/20/2025,14,2,37,14:02:37,124,Tahap-4
01/20/2025,14,2,38,14:02:38,160,Tahap-4
01/20/2025,14,2,38,14:02:38,194,Tahap-4
01/20/2025,14,2,38,14:02:38,80,Tahap-4
01/20/2025,14,2,38,14:02:38,20,Tahap-4
01/20/2025,14,2,38,14:02:38,98,Tahap-4
01/20/2025,14,2,38,14:02:38,428,Tahap-4
01/20/2025,14,2,38,14:02:38,335,Tahap-4
01/20/2025,14,2,38,14:02:38,258,Tahap-4
01/20/2025,14,2,38,14:02:38,138,Tahap-4
01/20/2025,14,2,38,14:02:38,85,Tahap-4
01/20/2025,14,2,39,14:02:39,171,Tahap-4
01/20/2025,14,2,39,14:02:39,46,Tahap-4
01/20/2025,14,2,39,14:02:39,72,Tahap-4
01/20/2025,14,2,39,14:02:39,15,Tahap-4
01/20/2025,14,2,39,14:02:39,23,Tahap-4
01/20/2025,14,2,39,14:02:39,27,Tahap-4
01/20/2025,14,2,39,14:02:39,87,Tahap-4
01/20/2025,14,2,39,14:02:39,84,Tahap-4
01/20/2025,14,2,39,14:02:39,105,Tahap-4
01/20/2025,14,2,39,14:02:39,50,Tahap-4
01/20/2025,14,2,40,14:02:40,64,Tahap-4
01/20/2025,14,2,40,14:02:40,112,Tahap-4
01/20/2025,14,2,40,14:02:40,92,Tahap-4
01/20/2025,14,2,40,14:02:40,225,Tahap-4
01/20/2025,14,2,40,14:02:40,48,Tahap-4
01/20/2025,14,2,40,14:02:40,294,Tahap-4
01/20/2025,14,2,40,14:02:40,151,Tahap-4
01/20/2025,14,2,40,14:02:40,76,Tahap-4
01/20/2025,14,2,40,14:02:40,181,Tahap-4
01/20/2025,14,2,40,14:02:40,319,Tahap-4
01/20/2025,14,2,41,14:02:41,629,Tahap-4
01/20/2025,14,2,41,14:02:41,1011,Tahap-4
01/20/2025,14,2,41,14:02:41,189,Tahap-4
01/20/2025,14,2,41,14:02:41,584,Tahap-4
01/20/2025,14,2,41,14:02:41,268,Tahap-4
01/20/2025,14,2,41,14:02:41,71,Tahap-4
01/20/2025,14,2,41,14:02:41,96,Tahap-4
01/20/2025,14,2,41,14:02:41,101,Tahap-4
01/20/2025,14,2,41,14:02:41,127,Tahap-4
01/20/2025,14,2,41,14:02:41,177,Tahap-4
01/20/2025,14,2,42,14:02:42,43,Tahap-4
01/20/2025,14,2,42,14:02:42,42,Tahap-4
01/20/2025,14,2,42,14:02:42,118,Tahap-4
01/20/2025,14,2,42,14:02:42,103,Tahap-4
01/20/2025,14,2,42,14:02:42,80,Tahap-4
01/20/2025,14,2,42,14:02:42,177,Tahap-4
01/20/2025,14,2,42,14:02:42,199,Tahap-4
01/20/2025,14,2,42,14:02:42,230,Tahap-4
01/20/2025,14,2,42,14:02:42,305,Tahap-4
01/20/2025,14,2,42,14:02:42,1400,Tahap-4
01/20/2025,14,2,43,14:02:43,724,Tahap-4
01/20/2025,14,2,43,14:02:43,243,Tahap-4
01/20/2025,14,2,43,14:02:43,207,Tahap-4
01/20/2025,14,2,43,14:02:43,155,Tahap-4
01/20/2025,14,2,43,14:02:43,648,Tahap-4
01/20/2025,14,2,43,14:02:43,1036,Tahap-4
01/20/2025,14,2,43,14:02:43,662,Tahap-4
01/20/2025,14,2,43,14:02:43,668,Tahap-4
01/20/2025,14,2,43,14:02:43,349,Tahap-4
01/20/2025,14,2,43,14:02:43,303,Tahap-4
01/20/2025,14,2,44,14:02:44,224,Tahap-4
01/20/2025,14,2,44,14:02:44,221,Tahap-4
01/20/2025,14,2,44,14:02:44,159,Tahap-4
01/20/2025,14,2,44,14:02:44,91,Tahap-4
01/20/2025,14,2,44,14:02:44,140,Tahap-4
01/20/2025,14,2,44,14:02:44,85,Tahap-4
01/20/2025,14,2,44,14:02:44,191,Tahap-4
01/20/2025,14,2,44,14:02:44,64,Tahap-4
01/20/2025,14,2,44,14:02:44,94,Tahap-4
01/20/2025,14,2,44,14:02:44,168,Tahap-4
01/20/2025,14,2,45,14:02:45,134,Tahap-4
01/20/2025,14,2,45,14:02:45,117,Tahap-4
01/20/2025,14,2,45,14:02:45,364,Tahap-4
01/20/2025,14,2,45,14:02:45,234,Tahap-4
01/20/2025,14,2,45,14:02:45,275,Tahap-4
01/20/2025,14,2,45,14:02:45,377,Tahap-4
01/20/2025,14,2,45,14:02:45,406,Tahap-4
01/20/2025,14,2,45,14:02:45,278,Tahap-4
01/20/2025,14,2,45,14:02:45,796,Tahap-4
01/20/2025,14,2,45,14:02:45,337,Tahap-4
01/20/2025,14,2,46,14:02:46,548,Tahap-4
01/20/2025,14,2,46,14:02:46,469,Tahap-4
01/20/2025,14,2,46,14:02:46,267,Tahap-4
01/20/2025,14,2,46,14:02:46,363,Tahap-4
01/20/2025,14,2,46,14:02:46,141,Tahap-4
01/20/2025,14,2,46,14:02:46,180,Tahap-4
01/20/2025,14,2,46,14:02:46,189,Tahap-4
01/20/2025,14,2,46,14:02:46,189,Tahap-4
01/20/2025,14,2,46,14:02:46,263,Tahap-4
01/20/2025,14,2,46,14:02:46,-136,Tahap-4
01/20/2025,14,2,47,14:02:47,-52,Tahap-4
01/20/2025,14,2,47,14:02:47,-92,Tahap-4
01/20/2025,14,2,47,14:02:47,-116,Tahap-4
01/20/2025,14,2,47,14:02:47,-100,Tahap-4
01/20/2025,14,2,47,14:02:47,88,Tahap-4
01/20/2025,14,2,47,14:02:47,-156,Tahap-4
01/20/2025,14,2,47,14:02:47,-64,Tahap-4
01/20/2025,14,2,47,14:02:47,-12,Tahap-4
01/20/2025,14,2,47,14:02:47,-136,Tahap-4
01/20/2025,14,2,47,14:02:47,-12,Tahap-4
01/20/2025,14,2,48,14:02:48,-36,Tahap-4
01/20/2025,14,2,48,14:02:48,-112,Tahap-4
01/20/2025,14,2,48,14:02:48,-4,Tahap-4
01/20/2025,14,2,48,14:02:48,-80,Tahap-4
01/20/2025,14,2,48,14:02:48,-124,Tahap-4
01/20/2025,14,2,48,14:02:48,128,Tahap-4
01/20/2025,14,2,48,14:02:48,-136,Tahap-4
01/20/2025,14,2,48,14:02:48,-116,Tahap-4
01/20/2025,14,2,48,14:02:48,-4,Tahap-4
01/20/2025,14,2,48,14:02:48,-116,Tahap-4
01/20/2025,14,2,49,14:02:49,-44,Tahap-4
01/20/2025,14,2,49,14:02:49,20,Tahap-4
01/20/2025,14,2,49,14:02:49,-72,Tahap-4
01/20/2025,14,2,49,14:02:49,-24,Tahap-4
01/20/2025,14,2,49,14:02:49,-52,Tahap-4
01/20/2025,14,2,49,14:02:49,-144,Tahap-4
01/20/2025,14,2,49,14:02:49,132,Tahap-4
01/20/2025,14,2,49,14:02:49,-96,Tahap-4
01/20/2025,14,2,49,14:02:49,-64,Tahap-4
01/20/2025,14,2,49,14:02:49,44,Tahap-4
01/20/2025,14,2,50,14:02:50,36,Tahap-4
01/20/2025,14,2,50,14:02:50,-112,Tahap-4
01/20/2025,14,2,50,14:02:50,68,Tahap-4
01/20/2025,14,2,50,14:02:50,20,Tahap-4
01/20/2025,14,2,50,14:02:50,-108,Tahap-4
01/20/2025,14,2,50,14:02:50,-36,Tahap-4
01/20/2025,14,2,50,14:02:50,-84,Tahap-4
01/20/2025,14,2,50,14:02:50,104,Tahap-4
01/20/2025,14,2,50,14:02:50,-100,Tahap-4
01/20/2025,14,2,50,14:02:50,-8,Tahap-4
01/20/2025,14,2,51,14:02:51,8,Tahap-4
01/20/2025,14,2,51,14:02:51,24,Tahap-4
01/20/2025,14,2,51,14:02:51,-96,Tahap-4
01/20/2025,14,2,51,14:02:51,-24,Tahap-4
01/20/2025,14,2,51,14:02:51,92,Tahap-4
01/20/2025,14,2,51,14:02:51,-28,Tahap-4
01/20/2025,14,2,51,14:02:51,-68,Tahap-4
01/20/2025,14,2,51,14:02:51,32,Tahap-4
01/20/2025,14,2,51,14:02:51,64,Tahap-4
01/20/2025,14,2,51,14:02:51,-96,Tahap-4
01/20/2025,14,2,52,14:02:52,80,Tahap-4
01/20/2025,14,2,52,14:02:52,8,Tahap-4
01/20/2025,14,2,52,14:02:52,16,Tahap-4
01/20/2025,14,2,52,14:02:52,24,Tahap-4
01/20/2025,14,2,52,14:02:52,-56,Tahap-4
01/20/2025,14,2,52,14:02:52,-20,Tahap-4
01/20/2025,14,2,52,14:02:52,48,Tahap-4
01/20/2025,14,2,52,14:02:52,-128,Tahap-4
01/20/2025,14,2,52,14:02:52,36,Tahap-4
01/20/2025,14,2,52,14:02:52,96,Tahap-4
01/20/2025,14,2,53,14:02:53,-132,Tahap-4
01/20/2025,14,2,53,14:02:53,48,Tahap-4
01/20/2025,14,2,53,14:02:53,72,Tahap-4
01/20/2025,14,2,53,14:02:53,-64,Tahap-4
01/20/2025,14,2,53,14:02:53,20,Tahap-4
01/20/2025,14,2,53,14:02:53,40,Tahap-4
01/20/2025,14,2,53,14:02:53,-40,Tahap-4
01/20/2025,14,2,53,14:02:53,-4,Tahap-4
01/20/2025,14,2,53,14:02:53,-52,Tahap-4
01/20/2025,14,2,53,14:02:53,-12,Tahap-4
01/20/2025,14,2,54,14:02:54,148,Tahap-4
01/20/2025,14,2,54,14:02:54,-160,Tahap-4
01/20/2025,14,2,54,14:02:54,80,Tahap-4
01/20/2025,14,2,54,14:02:54,124,Tahap-4
01/20/2025,14,2,54,14:02:54,-8,Tahap-4
01/20/2025,14,2,54,14:02:54,-36,Tahap-4
01/20/2025,14,2,54,14:02:54,144,Tahap-4
01/20/2025,14,2,54,14:02:54,-8,Tahap-4
01/20/2025,14,2,54,14:02:54,40,Tahap-4
01/20/2025,14,2,54,14:02:54,-8,Tahap-4
01/20/2025,14,2,55,14:02:55,32,Tahap-4
01/20/2025,14,2,55,14:02:55,160,Tahap-4
01/20/2025,14,2,55,14:02:55,56,Tahap-4
01/20/2025,14,2,55,14:02:55,88,Tahap-4
01/20/2025,14,2,55,14:02:55,96,Tahap-4
01/20/2025,14,2,55,14:02:55,-4,Tahap-4
01/20/2025,14,2,55,14:02:55,124,Tahap-4
01/20/2025,14,2,55,14:02:55,140,Tahap-4
01/20/2025,14,2,56,14:02:56,96,Tahap-4
01/20/2025,14,2,56,14:02:56,4,Tahap-4
01/20/2025,14,2,56,14:02:56,208,Tahap-4
01/20/2025,14,2,56,14:02:56,44,Tahap-4
01/20/2025,14,2,56,14:02:56,108,Tahap-4
01/20/2025,14,2,56,14:02:56,56,Tahap-4
01/20/2025,14,2,56,14:02:56,132,Tahap-4
01/20/2025,14,2,56,14:02:56,20,Tahap-4
01/20/2025,14,2,56,14:02:56,40,Tahap-4
01/20/2025,14,2,56,14:02:56,188,Tahap-4
01/20/2025,14,2,57,14:02:57,-16,Tahap-4
01/20/2025,14,2,57,14:02:57,28,Tahap-4
01/20/2025,14,2,57,14:02:57,-32,Tahap-4
01/20/2025,14,2,57,14:02:57,152,Tahap-4
01/20/2025,14,2,57,14:02:57,-12,Tahap-4
01/20/2025,14,2,57,14:02:57,148,Tahap-4
01/20/2025,14,2,57,14:02:57,24,Tahap-4
01/20/2025,14,2,57,14:02:57,40,Tahap-4
01/20/2025,14,2,57,14:02:57,88,Tahap-4
01/20/2025,14,2,57,14:02:57,20,Tahap-4
01/20/2025,14,2,58,14:02:58,128,Tahap-4
01/20/2025,14,2,58,14:02:58,44,Tahap-4
01/20/2025,14,2,58,14:02:58,-12,Tahap-4
01/20/2025,14,2,58,14:02:58,40,Tahap-4
01/20/2025,14,2,58,14:02:58,200,Tahap-4
01/20/2025,14,2,58,14:02:58,56,Tahap-4
01/20/2025,14,2,58,14:02:58,100,Tahap-4
01/20/2025,14,2,58,14:02:58,236,Tahap-4
01/20/2025,14,2,59,14:02:59,44,Tahap-4
01/20/2025,14,2,59,14:02:59,196,Tahap-4
01/20/2025,14,2,59,14:02:59,184,Tahap-4
01/20/2025,14,2,59,14:02:59,160,Tahap-4
01/20/2025,14,2,59,14:02:59,232,Tahap-4
01/20/2025,14,2,59,14:02:59,112,Tahap-4
01/20/2025,14,2,59,14:02:59,40,Tahap-4
01/20/2025,14,2,59,14:02:59,352,Tahap-4
01/20/2025,14,2,59,14:02:59,116,Tahap-4
01/20/2025,14,2,59,14:02:59,184,Tahap-4
01/20/2025,14,3,24,14:03:24,539,Tahap-4
01/20/2025,14,3,24,14:03:24,910,Tahap-4
01/20/2025,14,3,24,14:03:24,380,Tahap-4
01/20/2025,14,3,24,14:03:24,863,Tahap-4
01/20/2025,14,3,24,14:03:24,281,Tahap-4
01/20/2025,14,3,24,14:03:24,253,Tahap-4
01/20/2025,14,3,24,14:03:24,411,Tahap-4
01/20/2025,14,3,24,14:03:24,338,Tahap-4
01/20/2025,14,3,24,14:03:24,190,Tahap-4
01/20/2025,14,3,25,14:03:25,65,Tahap-4
01/20/2025,14,3,25,14:03:25,337,Tahap-4
01/20/2025,14,3,25,14:03:25,152,Tahap-4
01/20/2025,14,3,25,14:03:25,154,Tahap-4
01/20/2025,14,3,25,14:03:25,137,Tahap-4
01/20/2025,14,3,25,14:03:25,193,Tahap-4
01/20/2025,14,3,25,14:03:25,247,Tahap-4
01/20/2025,14,3,25,14:03:25,57,Tahap-4
01/20/2025,14,3,25,14:03:25,94,Tahap-4
01/20/2025,14,3,25,14:03:25,80,Tahap-4
01/20/2025,14,3,26,14:03:26,183,Tahap-4
01/20/2025,14,3,26,14:03:26,214,Tahap-4
01/20/2025,14,3,26,14:03:26,108,Tahap-4
01/20/2025,14,3,26,14:03:26,149,Tahap-4
01/20/2025,14,3,26,14:03:26,161,Tahap-4
01/20/2025,14,3,26,14:03:26,106,Tahap-4
01/20/2025,14,3,26,14:03:26,134,Tahap-4
01/20/2025,14,3,26,14:03:26,320,Tahap-4
01/20/2025,14,3,26,14:03:26,120,Tahap-4
01/20/2025,14,3,26,14:03:26,103,Tahap-4
01/20/2025,14,3,27,14:03:27,323,Tahap-4
01/20/2025,14,3,27,14:03:27,98,Tahap-4
01/20/2025,14,3,27,14:03:27,67,Tahap-4
01/20/2025,14,3,27,14:03:27,18,Tahap-4
01/20/2025,14,3,27,14:03:27,43,Tahap-4
01/20/2025,14,3,27,14:03:27,120,Tahap-4
01/20/2025,14,3,27,14:03:27,254,Tahap-4
01/20/2025,14,3,27,14:03:27,127,Tahap-4
01/20/2025,14,3,27,14:03:27,93,Tahap-4
01/20/2025,14,3,27,14:03:27,16,Tahap-4
01/20/2025,14,3,28,14:03:28,146,Tahap-4
01/20/2025,14,3,28,14:03:28,103,Tahap-4
01/20/2025,14,3,28,14:03:28,100,Tahap-4
01/20/2025,14,3,28,14:03:28,142,Tahap-4
01/20/2025,14,3,28,14:03:28,231,Tahap-4
01/20/2025,14,3,28,14:03:28,247,Tahap-4
01/20/2025,14,3,28,14:03:28,131,Tahap-4
01/20/2025,14,3,28,14:03:28,322,Tahap-4
01/20/2025,14,3,29,14:03:29,113,Tahap-4
01/20/2025,14,3,29,14:03:29,37,Tahap-4
01/20/2025,14,3,29,14:03:29,86,Tahap-4
01/20/2025,14,3,29,14:03:29,93,Tahap-4
01/20/2025,14,3,29,14:03:29,70,Tahap-4
01/20/2025,14,3,29,14:03:29,50,Tahap-4
01/20/2025,14,3,29,14:03:29,27,Tahap-4
01/20/2025,14,3,29,14:03:29,152,Tahap-4
01/20/2025,14,3,29,14:03:29,217,Tahap-4
01/20/2025,14,3,29,14:03:29,199,Tahap-4
01/20/2025,14,3,29,14:03:29,22,Tahap-4
01/20/2025,14,3,29,14:03:29,233,Tahap-4
01/20/2025,14,3,30,14:03:30,213,Tahap-4
01/20/2025,14,3,30,14:03:30,24,Tahap-4
01/20/2025,14,3,30,14:03:30,123,Tahap-4
01/20/2025,14,3,30,14:03:30,96,Tahap-4
01/20/2025,14,3,30,14:03:30,174,Tahap-4
01/20/2025,14,3,30,14:03:30,319,Tahap-4
01/20/2025,14,3,30,14:03:30,44,Tahap-4
01/20/2025,14,3,30,14:03:30,254,Tahap-4
01/20/2025,14,3,30,14:03:30,247,Tahap-4
01/20/2025,14,3,30,14:03:30,943,Tahap-4
01/20/2025,14,3,31,14:03:31,332,Tahap-4
01/20/2025,14,3,31,14:03:31,671,Tahap-4
01/20/2025,14,3,31,14:03:31,442,Tahap-4
01/20/2025,14,3,31,14:03:31,138,Tahap-4
01/20/2025,14,3,31,14:03:31,432,Tahap-4
01/20/2025,14,3,31,14:03:31,22,Tahap-4
01/20/2025,14,3,31,14:03:31,172,Tahap-4
01/20/2025,14,3,31,14:03:31,139,Tahap-4
01/20/2025,14,3,31,14:03:31,109,Tahap-4
01/20/2025,14,3,31,14:03:31,160,Tahap-4
01/20/2025,14,3,32,14:03:32,86,Tahap-4
01/20/2025,14,3,32,14:03:32,36,Tahap-4
01/20/2025,14,3,32,14:03:32,142,Tahap-4
01/20/2025,14,3,32,14:03:32,270,Tahap-4
01/20/2025,14,3,32,14:03:32,207,Tahap-4
01/20/2025,14,3,32,14:03:32,83,Tahap-4
01/20/2025,14,3,32,14:03:32,164,Tahap-4
01/20/2025,14,3,32,14:03:32,427,Tahap-4
01/20/2025,14,3,32,14:03:32,994,Tahap-4
01/20/2025,14,3,32,14:03:32,788,Tahap-4
01/20/2025,14,3,33,14:03:33,376,Tahap-4
01/20/2025,14,3,33,14:03:33,513,Tahap-4
01/20/2025,14,3,33,14:03:33,508,Tahap-4
01/20/2025,14,3,33,14:03:33,765,Tahap-4
01/20/2025,14,3,33,14:03:33,672,Tahap-4
01/20/2025,14,3,33,14:03:33,299,Tahap-4
01/20/2025,14,3,33,14:03:33,281,Tahap-4
01/20/2025,14,3,33,14:03:33,321,Tahap-4
01/20/2025,14,3,33,14:03:33,665,Tahap-4
01/20/2025,14,3,33,14:03:33,119,Tahap-4
01/20/2025,14,3,34,14:03:34,42,Tahap-4
01/20/2025,14,3,34,14:03:34,433,Tahap-4
01/20/2025,14,3,34,14:03:34,287,Tahap-4
01/20/2025,14,3,34,14:03:34,231,Tahap-4
01/20/2025,14,3,34,14:03:34,138,Tahap-4
01/20/2025,14,3,34,14:03:34,128,Tahap-4
01/20/2025,14,3,34,14:03:34,176,Tahap-4
01/20/2025,14,3,34,14:03:34,139,Tahap-4
01/20/2025,14,3,34,14:03:34,366,Tahap-4
01/20/2025,14,3,34,14:03:34,361,Tahap-4
01/20/2025,14,3,35,14:03:35,288,Tahap-4
01/20/2025,14,3,35,14:03:35,219,Tahap-4
01/20/2025,14,3,35,14:03:35,273,Tahap-4
01/20/2025,14,3,35,14:03:35,442,Tahap-4
01/20/2025,14,3,35,14:03:35,546,Tahap-4
01/20/2025,14,3,35,14:03:35,568,Tahap-4
01/20/2025,14,3,35,14:03:35,798,Tahap-4
01/20/2025,14,3,35,14:03:35,1051,Tahap-4
01/20/2025,14,3,35,14:03:35,110,Tahap-4
01/20/2025,14,3,35,14:03:35,193,Tahap-4
01/20/2025,14,3,36,14:03:36,392,Tahap-4
01/20/2025,14,3,36,14:03:36,168,Tahap-4
01/20/2025,14,3,36,14:03:36,456,Tahap-4
01/20/2025,14,3,36,14:03:36,72,Tahap-4
01/20/2025,14,3,36,14:03:36,369,Tahap-4
01/20/2025,14,3,36,14:03:36,67,Tahap-4
01/20/2025,14,3,36,14:03:36,157,Tahap-4
01/20/2025,14,3,36,14:03:36,409,Tahap-4
01/20/2025,14,3,36,14:03:36,152,Tahap-4
01/20/2025,14,3,36,14:03:36,104,Tahap-4
01/20/2025,14,3,37,14:03:37,24,Tahap-4
01/20/2025,14,3,37,14:03:37,256,Tahap-4
01/20/2025,14,3,37,14:03:37,-24,Tahap-4
01/20/2025,14,3,37,14:03:37,176,Tahap-4
01/20/2025,14,3,37,14:03:37,-32,Tahap-4
01/20/2025,14,3,37,14:03:37,224,Tahap-4
01/20/2025,14,3,37,14:03:37,96,Tahap-4
01/20/2025,14,3,37,14:03:37,-56,Tahap-4
01/20/2025,14,3,37,14:03:37,-192,Tahap-4
01/20/2025,14,3,37,14:03:37,200,Tahap-4
01/20/2025,14,3,38,14:03:38,80,Tahap-4
01/20/2025,14,3,38,14:03:38,-352,Tahap-4
01/20/2025,14,3,38,14:03:38,424,Tahap-4
01/20/2025,14,3,38,14:03:38,8,Tahap-4
01/20/2025,14,3,38,14:03:38,64,Tahap-4
01/20/2025,14,3,38,14:03:38,-176,Tahap-4
01/20/2025,14,3,38,14:03:38,112,Tahap-4
01/20/2025,14,3,38,14:03:38,-56,Tahap-4
01/20/2025,14,3,38,14:03:38,72,Tahap-4
01/20/2025,14,3,38,14:03:38,-400,Tahap-4
01/20/2025,14,3,39,14:03:39,192,Tahap-4
01/20/2025,14,3,39,14:03:39,104,Tahap-4
01/20/2025,14,3,39,14:03:39,-88,Tahap-4
01/20/2025,14,3,39,14:03:39,168,Tahap-4
01/20/2025,14,3,39,14:03:39,-80,Tahap-4
01/20/2025,14,3,39,14:03:39,-176,Tahap-4
01/20/2025,14,3,39,14:03:39,16,Tahap-4
01/20/2025,14,3,39,14:03:39,-96,Tahap-4
01/20/2025,14,3,39,14:03:39,-24,Tahap-4
01/20/2025,14,3,39,14:03:39,184,Tahap-4
01/20/2025,14,3,40,14:03:40,-72,Tahap-4
01/20/2025,14,3,40,14:03:40,-48,Tahap-4
01/20/2025,14,3,40,14:03:40,88,Tahap-4
01/20/2025,14,3,40,14:03:40,64,Tahap-4
01/20/2025,14,3,40,14:03:40,-104,Tahap-4
01/20/2025,14,3,40,14:03:40,160,Tahap-4
01/20/2025,14,3,40,14:03:40,-88,Tahap-4
01/20/2025,14,3,40,14:03:40,-24,Tahap-4
01/20/2025,14,3,40,14:03:40,80,Tahap-4
01/20/2025,14,3,40,14:03:40,-256,Tahap-4
01/20/2025,14,3,41,14:03:41,312,Tahap-4
01/20/2025,14,3,41,14:03:41,-160,Tahap-4
01/20/2025,14,3,41,14:03:41,-136,Tahap-4
01/20/2025,14,3,41,14:03:41,80,Tahap-4
01/20/2025,14,3,41,14:03:41,80,Tahap-4
01/20/2025,14,3,41,14:03:41,-184,Tahap-4
01/20/2025,14,3,41,14:03:41,104,Tahap-4
01/20/2025,14,3,41,14:03:41,104,Tahap-4
01/20/2025,14,3,41,14:03:41,-72,Tahap-4
01/20/2025,14,3,41,14:03:41,192,Tahap-4
01/20/2025,14,3,42,14:03:42,-112,Tahap-4
01/20/2025,14,3,42,14:03:42,240,Tahap-4
01/20/2025,14,3,42,14:03:42,-88,Tahap-4
01/20/2025,14,3,42,14:03:42,-72,Tahap-4
01/20/2025,14,3,42,14:03:42,96,Tahap-4
01/20/2025,14,3,42,14:03:42,24,Tahap-4
01/20/2025,14,3,42,14:03:42,-8,Tahap-4
01/20/2025,14,3,42,14:03:42,-8,Tahap-4
01/20/2025,14,3,42,14:03:42,80,Tahap-4
01/20/2025,14,3,42,14:03:42,16,Tahap-4
01/20/2025,14,3,43,14:03:43,-48,Tahap-4
01/20/2025,14,3,43,14:03:43,16,Tahap-4
01/20/2025,14,3,43,14:03:43,160,Tahap-4
01/20/2025,14,3,43,14:03:43,-240,Tahap-4
01/20/2025,14,3,43,14:03:43,24,Tahap-4
01/20/2025,14,3,43,14:03:43,-40,Tahap-4
01/20/2025,14,3,43,14:03:43,80,Tahap-4
01/20/2025,14,3,43,14:03:43,-96,Tahap-4
01/20/2025,14,3,43,14:03:43,-112,Tahap-4
01/20/2025,14,3,43,14:03:43,80,Tahap-4
01/20/2025,14,3,44,14:03:44,-120,Tahap-4
01/20/2025,14,3,44,14:03:44,40,Tahap-4
01/20/2025,14,3,44,14:03:44,208,Tahap-4
01/20/2025,14,3,44,14:03:44,-248,Tahap-4
01/20/2025,14,3,44,14:03:44,136,Tahap-4
01/20/2025,14,3,44,14:03:44,32,Tahap-4
01/20/2025,14,3,44,14:03:44,80,Tahap-4
01/20/2025,14,3,44,14:03:44,104,Tahap-4
01/20/2025,14,3,44,14:03:44,-120,Tahap-4
01/20/2025,14,3,45,14:03:45,152,Tahap-4
01/20/2025,14,3,45,14:03:45,-16,Tahap-4
01/20/2025,14,3,45,14:03:45,-72,Tahap-4
01/20/2025,14,3,45,14:03:45,-272,Tahap-4
01/20/2025,14,3,45,14:03:45,368,Tahap-4
01/20/2025,14,3,45,14:03:45,-272,Tahap-4
01/20/2025,14,3,45,14:03:45,-40,Tahap-4
01/20/2025,14,3,45,14:03:45,264,Tahap-4
01/20/2025,14,3,45,14:03:45,-112,Tahap-4
01/20/2025,14,3,45,14:03:45,32,Tahap-4
01/20/2025,14,3,46,14:03:46,88,Tahap-4
01/20/2025,14,3,46,14:03:46,-32,Tahap-4
01/20/2025,14,3,46,14:03:46,-16,Tahap-4
01/20/2025,14,3,46,14:03:46,-224,Tahap-4
01/20/2025,14,3,46,14:03:46,160,Tahap-4
01/20/2025,14,3,46,14:03:46,32,Tahap-4
01/20/2025,14,3,46,14:03:46,-208,Tahap-4
01/20/2025,14,3,46,14:03:46,240,Tahap-4
01/20/2025,14,3,46,14:03:46,232,Tahap-4
01/20/2025,14,3,47,14:03:47,-144,Tahap-4
01/20/2025,14,3,47,14:03:47,96,Tahap-4
01/20/2025,14,3,47,14:03:47,48,Tahap-4
01/20/2025,14,3,47,14:03:47,-56,Tahap-4
01/20/2025,14,3,47,14:03:47,80,Tahap-4
01/20/2025,14,3,47,14:03:47,-144,Tahap-4
01/20/2025,14,3,47,14:03:47,328,Tahap-4
01/20/2025,14,3,47,14:03:47,32,Tahap-4
01/20/2025,14,3,47,14:03:47,16,Tahap-4
01/20/2025,14,3,47,14:03:47,96,Tahap-4
01/20/2025,14,3,48,14:03:48,288,Tahap-4
01/20/2025,14,3,48,14:03:48,-104,Tahap-4
01/20/2025,14,3,48,14:03:48,112,Tahap-4
01/20/2025,14,3,48,14:03:48,248,Tahap-4
01/20/2025,14,3,48,14:03:48,56,Tahap-4
01/20/2025,14,3,48,14:03:48,128,Tahap-4
01/20/2025,14,3,48,14:03:48,136,Tahap-4
01/20/2025,14,3,48,14:03:48,344,Tahap-4
01/20/2025,14,3,48,14:03:48,-24,Tahap-4
01/20/2025,14,3,48,14:03:48,280,Tahap-4
01/20/2025,14,3,49,14:03:49,152,Tahap-4
01/20/2025,14,3,49,14:03:49,288,Tahap-4
01/20/2025,14,3,49,14:03:49,168,Tahap-4
01/20/2025,14,3,49,14:03:49,80,Tahap-4
01/20/2025,14,3,49,14:03:49,408,Tahap-4
01/20/2025,14,3,49,14:03:49,168,Tahap-4
01/20/2025,14,3,49,14:03:49,136,Tahap-4
01/20/2025,14,4,14,14:04:14,2364,Tahap-4
01/20/2025,14,4,14,14:04:14,927,Tahap-4
01/20/2025,14,4,14,14:04:14,712,Tahap-4
01/20/2025,14,4,14,14:04:14,489,Tahap-4
01/20/2025,14,4,14,14:04:14,404,Tahap-4
01/20/2025,14,4,14,14:04:14,303,Tahap-4
01/20/2025,14,4,14,14:04:14,450,Tahap-4
01/20/2025,14,4,14,14:04:14,185,Tahap-4
01/20/2025,14,4,14,14:04:14,319,Tahap-4
01/20/2025,14,4,14,14:04:14,404,Tahap-4
01/20/2025,14,4,15,14:04:15,164,Tahap-4
01/20/2025,14,4,15,14:04:15,131,Tahap-4
01/20/2025,14,4,15,14:04:15,216,Tahap-4
01/20/2025,14,4,15,14:04:15,154,Tahap-4
01/20/2025,14,4,15,14:04:15,206,Tahap-4
01/20/2025,14,4,15,14:04:15,209,Tahap-4
01/20/2025,14,4,15,14:04:15,38,Tahap-4
01/20/2025,14,4,15,14:04:15,94,Tahap-4
01/20/2025,14,4,15,14:04:15,80,Tahap-4
01/20/2025,14,4,15,14:04:15,109,Tahap-4
01/20/2025,14,4,16,14:04:16,146,Tahap-4
01/20/2025,14,4,16,14:04:16,126,Tahap-4
01/20/2025,14,4,16,14:04:16,190,Tahap-4
01/20/2025,14,4,16,14:04:16,285,Tahap-4
01/20/2025,14,4,16,14:04:16,103,Tahap-4
01/20/2025,14,4,16,14:04:16,152,Tahap-4
01/20/2025,14,4,16,14:04:16,181,Tahap-4
01/20/2025,14,4,16,14:04:16,42,Tahap-4
01/20/2025,14,4,16,14:04:16,143,Tahap-4
01/20/2025,14,4,16,14:04:16,158,Tahap-4
01/20/2025,14,4,17,14:04:17,107,Tahap-4
01/20/2025,14,4,17,14:04:17,116,Tahap-4
01/20/2025,14,4,17,14:04:17,138,Tahap-4
01/20/2025,14,4,17,14:04:17,77,Tahap-4
01/20/2025,14,4,17,14:04:17,147,Tahap-4
01/20/2025,14,4,17,14:04:17,87,Tahap-4
01/20/2025,14,4,17,14:04:17,88,Tahap-4
01/20/2025,14,4,17,14:04:17,37,Tahap-4
01/20/2025,14,4,17,14:04:17,130,Tahap-4
01/20/2025,14,4,17,14:04:17,36,Tahap-4
01/20/2025,14,4,18,14:04:18,149,Tahap-4
01/20/2025,14,4,18,14:04:18,37,Tahap-4
01/20/2025,14,4,18,14:04:18,31,Tahap-4
01/20/2025,14,4,18,14:04:18,191,Tahap-4
01/20/2025,14,4,18,14:04:18,196,Tahap-4
01/20/2025,14,4,18,14:04:18,571,Tahap-4
01/20/2025,14,4,18,14:04:18,153,Tahap-4
01/20/2025,14,4,18,14:04:18,138,Tahap-4
01/20/2025,14,4,18,14:04:18,159,Tahap-4
01/20/2025,14,4,18,14:04:18,62,Tahap-4
01/20/2025,14,4,19,14:04:19,79,Tahap-4
01/20/2025,14,4,19,14:04:19,48,Tahap-4
01/20/2025,14,4,19,14:04:19,91,Tahap-4
01/20/2025,14,4,19,14:04:19,103,Tahap-4
01/20/2025,14,4,19,14:04:19,144,Tahap-4
01/20/2025,14,4,19,14:04:19,82,Tahap-4
01/20/2025,14,4,19,14:04:19,98,Tahap-4
01/20/2025,14,4,19,14:04:19,104,Tahap-4
01/20/2025,14,4,19,14:04:19,108,Tahap-4
01/20/2025,14,4,19,14:04:19,57,Tahap-4
01/20/2025,14,4,20,14:04:20,69,Tahap-4
01/20/2025,14,4,20,14:04:20,151,Tahap-4
01/20/2025,14,4,20,14:04:20,13,Tahap-4
01/20/2025,14,4,20,14:04:20,220,Tahap-4
01/20/2025,14,4,20,14:04:20,200,Tahap-4
01/20/2025,14,4,20,14:04:20,140,Tahap-4
01/20/2025,14,4,20,14:04:20,109,Tahap-4
01/20/2025,14,4,20,14:04:20,251,Tahap-4
01/20/2025,14,4,20,14:04:20,442,Tahap-4
01/20/2025,14,4,20,14:04:20,1005,Tahap-4
01/20/2025,14,4,21,14:04:21,345,Tahap-4
01/20/2025,14,4,21,14:04:21,486,Tahap-4
01/20/2025,14,4,21,14:04:21,495,Tahap-4
01/20/2025,14,4,21,14:04:21,25,Tahap-4
01/20/2025,14,4,21,14:04:21,182,Tahap-4
01/20/2025,14,4,21,14:04:21,68,Tahap-4
01/20/2025,14,4,21,14:04:21,267,Tahap-4
01/20/2025,14,4,21,14:04:21,388,Tahap-4
01/20/2025,14,4,21,14:04:21,50,Tahap-4
01/20/2025,14,4,21,14:04:21,93,Tahap-4
01/20/2025,14,4,22,14:04:22,156,Tahap-4
01/20/2025,14,4,22,14:04:22,142,Tahap-4
01/20/2025,14,4,22,14:04:22,237,Tahap-4
01/20/2025,14,4,22,14:04:22,241,Tahap-4
01/20/2025,14,4,22,14:04:22,286,Tahap-4
01/20/2025,14,4,22,14:04:22,250,Tahap-4
01/20/2025,14,4,22,14:04:22,145,Tahap-4
01/20/2025,14,4,22,14:04:22,1154,Tahap-4
01/20/2025,14,4,22,14:04:22,790,Tahap-4
01/20/2025,14,4,22,14:04:22,243,Tahap-4
01/20/2025,14,4,23,14:04:23,334,Tahap-4
01/20/2025,14,4,23,14:04:23,344,Tahap-4
01/20/2025,14,4,23,14:04:23,553,Tahap-4
01/20/2025,14,4,23,14:04:23,965,Tahap-4
01/20/2025,14,4,23,14:04:23,41,Tahap-4
01/20/2025,14,4,23,14:04:23,407,Tahap-4
01/20/2025,14,4,23,14:04:23,639,Tahap-4
01/20/2025,14,4,23,14:04:23,502,Tahap-4
01/20/2025,14,4,23,14:04:23,124,Tahap-4
01/20/2025,14,4,23,14:04:23,186,Tahap-4
01/20/2025,14,4,24,14:04:24,88,Tahap-4
01/20/2025,14,4,24,14:04:24,198,Tahap-4
01/20/2025,14,4,24,14:04:24,146,Tahap-4
01/20/2025,14,4,24,14:04:24,172,Tahap-4
01/20/2025,14,4,24,14:04:24,146,Tahap-4
01/20/2025,14,4,24,14:04:24,152,Tahap-4
01/20/2025,14,4,24,14:04:24,207,Tahap-4
01/20/2025,14,4,24,14:04:24,273,Tahap-4
01/20/2025,14,4,24,14:04:24,14,Tahap-4
01/20/2025,14,4,24,14:04:24,347,Tahap-4
01/20/2025,14,4,25,14:04:25,113,Tahap-4
01/20/2025,14,4,25,14:04:25,608,Tahap-4
01/20/2025,14,4,25,14:04:25,328,Tahap-4
01/20/2025,14,4,25,14:04:25,541,Tahap-4
01/20/2025,14,4,25,14:04:25,235,Tahap-4
01/20/2025,14,4,25,14:04:25,870,Tahap-4
01/20/2025,14,4,25,14:04:25,305,Tahap-4
01/20/2025,14,4,25,14:04:25,844,Tahap-4
01/20/2025,14,4,25,14:04:25,550,Tahap-4
01/20/2025,14,4,25,14:04:25,239,Tahap-4
01/20/2025,14,4,26,14:04:26,531,Tahap-4
01/20/2025,14,4,26,14:04:26,286,Tahap-4
01/20/2025,14,4,26,14:04:26,119,Tahap-4
01/20/2025,14,4,26,14:04:26,326,Tahap-4
01/20/2025,14,4,26,14:04:26,427,Tahap-4
01/20/2025,14,4,26,14:04:26,274,Tahap-4
01/20/2025,14,4,26,14:04:26,202,Tahap-4
01/20/2025,14,4,26,14:04:26,104,Tahap-4
01/20/2025,14,4,26,14:04:26,-8,Tahap-4
01/20/2025,14,4,26,14:04:26,64,Tahap-4
01/20/2025,14,4,27,14:04:27,88,Tahap-4
01/20/2025,14,4,27,14:04:27,84,Tahap-4
01/20/2025,14,4,27,14:04:27,-108,Tahap-4
01/20/2025,14,4,27,14:04:27,116,Tahap-4
01/20/2025,14,4,27,14:04:27,120,Tahap-4
01/20/2025,14,4,27,14:04:27,-60,Tahap-4
01/20/2025,14,4,27,14:04:27,228,Tahap-4
01/20/2025,14,4,27,14:04:27,32,Tahap-4
01/20/2025,14,4,27,14:04:27,48,Tahap-4
01/20/2025,14,4,27,14:04:27,100,Tahap-4
01/20/2025,14,4,28,14:04:28,84,Tahap-4
01/20/2025,14,4,28,14:04:28,40,Tahap-4
01/20/2025,14,4,28,14:04:28,120,Tahap-4
01/20/2025,14,4,28,14:04:28,-8,Tahap-4
01/20/2025,14,4,28,14:04:28,152,Tahap-4
01/20/2025,14,4,28,14:04:28,196,Tahap-4
01/20/2025,14,4,28,14:04:28,-80,Tahap-4
01/20/2025,14,4,28,14:04:28,160,Tahap-4
01/20/2025,14,4,29,14:04:29,164,Tahap-4
01/20/2025,14,4,29,14:04:29,12,Tahap-4
01/20/2025,14,4,29,14:04:29,44,Tahap-4
01/20/2025,14,4,29,14:04:29,132,Tahap-4
01/20/2025,14,4,29,14:04:29,4,Tahap-4
01/20/2025,14,4,29,14:04:29,88,Tahap-4
01/20/2025,14,4,29,14:04:29,4,Tahap-4
01/20/2025,14,4,29,14:04:29,-4,Tahap-4
01/20/2025,14,4,29,14:04:29,200,Tahap-4
01/20/2025,14,4,29,14:04:29,-28,Tahap-4
01/20/2025,14,4,29,14:04:29,-40,Tahap-4
01/20/2025,14,4,29,14:04:29,104,Tahap-4
01/20/2025,14,4,30,14:04:30,100,Tahap-4
01/20/2025,14,4,30,14:04:30,-112,Tahap-4
01/20/2025,14,4,30,14:04:30,152,Tahap-4
01/20/2025,14,4,30,14:04:30,40,Tahap-4
01/20/2025,14,4,30,14:04:30,-8,Tahap-4
01/20/2025,14,4,30,14:04:30,8,Tahap-4
01/20/2025,14,4,30,14:04:30,-4,Tahap-4
01/20/2025,14,4,30,14:04:30,152,Tahap-4
01/20/2025,14,4,30,14:04:30,32,Tahap-4
01/20/2025,14,4,30,14:04:30,48,Tahap-4
01/20/2025,14,4,31,14:04:31,44,Tahap-4
01/20/2025,14,4,31,14:04:31,124,Tahap-4
01/20/2025,14,4,31,14:04:31,-48,Tahap-4
01/20/2025,14,4,31,14:04:31,112,Tahap-4
01/20/2025,14,4,31,14:04:31,64,Tahap-4
01/20/2025,14,4,31,14:04:31,4,Tahap-4
01/20/2025,14,4,31,14:04:31,-12,Tahap-4
01/20/2025,14,4,31,14:04:31,56,Tahap-4
01/20/2025,14,4,31,14:04:31,84,Tahap-4
01/20/2025,14,4,31,14:04:31,-60,Tahap-4
01/20/2025,14,4,32,14:04:32,80,Tahap-4
01/20/2025,14,4,32,14:04:32,-52,Tahap-4
01/20/2025,14,4,32,14:04:32,12,Tahap-4
01/20/2025,14,4,32,14:04:32,-4,Tahap-4
01/20/2025,14,4,32,14:04:32,-24,Tahap-4
01/20/2025,14,4,32,14:04:32,16,Tahap-4
01/20/2025,14,4,32,14:04:32,-20,Tahap-4
01/20/2025,14,4,32,14:04:32,-136,Tahap-4
01/20/2025,14,4,32,14:04:32,52,Tahap-4
01/20/2025,14,4,32,14:04:32,92,Tahap-4
01/20/2025,14,4,33,14:04:33,-112,Tahap-4
01/20/2025,14,4,33,14:04:33,132,Tahap-4
01/20/2025,14,4,33,14:04:33,-4,Tahap-4
01/20/2025,14,4,33,14:04:33,-16,Tahap-4
01/20/2025,14,4,33,14:04:33,44,Tahap-4
01/20/2025,14,4,33,14:04:33,32,Tahap-4
01/20/2025,14,4,33,14:04:33,-12,Tahap-4
01/20/2025,14,4,33,14:04:33,96,Tahap-4
01/20/2025,14,4,33,14:04:33,-168,Tahap-4
01/20/2025,14,4,33,14:04:33,224,Tahap-4
01/20/2025,14,4,34,14:04:34,-92,Tahap-4
01/20/2025,14,4,34,14:04:34,100,Tahap-4
01/20/2025,14,4,34,14:04:34,16,Tahap-4
01/20/2025,14,4,34,14:04:34,116,Tahap-4
01/20/2025,14,4,34,14:04:34,-148,Tahap-4
01/20/2025,14,4,34,14:04:34,132,Tahap-4
01/20/2025,14,4,34,14:04:34,-116,Tahap-4
01/20/2025,14,4,34,14:04:34,48,Tahap-4
01/20/2025,14,4,34,14:04:34,-76,Tahap-4
01/20/2025,14,4,34,14:04:34,16,Tahap-4
01/20/2025,14,4,35,14:04:35,-4,Tahap-4
01/20/2025,14,4,35,14:04:35,-72,Tahap-4
01/20/2025,14,4,35,14:04:35,140,Tahap-4
01/20/2025,14,4,35,14:04:35,-88,Tahap-4
01/20/2025,14,4,35,14:04:35,24,Tahap-4
01/20/2025,14,4,35,14:04:35,60,Tahap-4
01/20/2025,14,4,35,14:04:35,-56,Tahap-4
01/20/2025,14,4,35,14:04:35,68,Tahap-4
01/20/2025,14,4,35,14:04:35,80,Tahap-4
01/20/2025,14,4,35,14:04:35,-44,Tahap-4
01/20/2025,14,4,36,14:04:36,72,Tahap-4
01/20/2025,14,4,36,14:04:36,-176,Tahap-4
01/20/2025,14,4,36,14:04:36,44,Tahap-4
01/20/2025,14,4,36,14:04:36,124,Tahap-4
01/20/2025,14,4,36,14:04:36,-96,Tahap-4
01/20/2025,14,4,36,14:04:36,24,Tahap-4
01/20/2025,14,4,36,14:04:36,60,Tahap-4
01/20/2025,14,4,36,14:04:36,-108,Tahap-4
01/20/2025,14,4,36,14:04:36,-4,Tahap-4
01/20/2025,14,4,36,14:04:36,48,Tahap-4
01/20/2025,14,4,37,14:04:37,-120,Tahap-4
01/20/2025,14,4,37,14:04:37,-8,Tahap-4
01/20/2025,14,4,37,14:04:37,-132,Tahap-4
01/20/2025,14,4,37,14:04:37,56,Tahap-4
01/20/2025,14,4,37,14:04:37,44,Tahap-4
01/20/2025,14,4,37,14:04:37,-60,Tahap-4
01/20/2025,14,4,37,14:04:37,8,Tahap-4
01/20/2025,14,4,37,14:04:37,16,Tahap-4
01/20/2025,14,4,37,14:04:37,-12,Tahap-4
01/20/2025,14,4,37,14:04:37,-56,Tahap-4
01/20/2025,14,4,38,14:04:38,68,Tahap-4
01/20/2025,14,4,38,14:04:38,-44,Tahap-4
01/20/2025,14,4,38,14:04:38,16,Tahap-4
01/20/2025,14,4,38,14:04:38,-104,Tahap-4
01/20/2025,14,4,38,14:04:38,12,Tahap-4
01/20/2025,14,4,38,14:04:38,16,Tahap-4
01/20/2025,14,4,38,14:04:38,12,Tahap-4
01/20/2025,14,4,38,14:04:38,-16,Tahap-4
01/20/2025,14,4,38,14:04:38,-32,Tahap-4
01/20/2025,14,4,39,14:04:39,-36,Tahap-4
01/20/2025,14,4,39,14:04:39,-8,Tahap-4
01/20/2025,14,4,39,14:04:39,52,Tahap-4
01/20/2025,14,4,39,14:04:39,-96,Tahap-4
01/20/2025,14,4,39,14:04:39,-52,Tahap-4
01/20/2025,14,4,39,14:04:39,124,Tahap-4
01/20/2025,14,5,3,14:05:03,2286,Tahap-4
01/20/2025,14,5,4,14:05:04,893,Tahap-4
01/20/2025,14,5,4,14:05:04,162,Tahap-4
01/20/2025,14,5,4,14:05:04,285,Tahap-4
01/20/2025,14,5,4,14:05:04,313,Tahap-4
01/20/2025,14,5,4,14:05:04,126,Tahap-4
01/20/2025,14,5,4,14:05:04,161,Tahap-4
01/20/2025,14,5,4,14:05:04,297,Tahap-4
01/20/2025,14,5,4,14:05:04,66,Tahap-4
01/20/2025,14,5,4,14:05:04,120,Tahap-4
01/20/2025,14,5,4,14:05:04,78,Tahap-4
01/20/2025,14,5,5,14:05:05,279,Tahap-4
01/20/2025,14,5,5,14:05:05,155,Tahap-4
01/20/2025,14,5,5,14:05:05,92,Tahap-4
01/20/2025,14,5,5,14:05:05,60,Tahap-4
01/20/2025,14,5,5,14:05:05,113,Tahap-4
01/20/2025,14,5,5,14:05:05,180,Tahap-4
01/20/2025,14,5,5,14:05:05,92,Tahap-4
01/20/2025,14,5,5,14:05:05,78,Tahap-4
01/20/2025,14,5,5,14:05:05,146,Tahap-4
01/20/2025,14,5,5,14:05:05,158,Tahap-4
01/20/2025,14,5,6,14:05:06,197,Tahap-4
01/20/2025,14,5,6,14:05:06,190,Tahap-4
01/20/2025,14,5,6,14:05:06,247,Tahap-4
01/20/2025,14,5,6,14:05:06,46,Tahap-4
01/20/2025,14,5,6,14:05:06,126,Tahap-4
01/20/2025,14,5,6,14:05:06,207,Tahap-4
01/20/2025,14,5,6,14:05:06,39,Tahap-4
01/20/2025,14,5,6,14:05:06,88,Tahap-4
01/20/2025,14,5,6,14:05:06,74,Tahap-4
01/20/2025,14,5,6,14:05:06,97,Tahap-4
01/20/2025,14,5,7,14:05:07,191,Tahap-4
01/20/2025,14,5,7,14:05:07,37,Tahap-4
01/20/2025,14,5,7,14:05:07,100,Tahap-4
01/20/2025,14,5,7,14:05:07,187,Tahap-4
01/20/2025,14,5,7,14:05:07,87,Tahap-4
01/20/2025,14,5,7,14:05:07,204,Tahap-4
01/20/2025,14,5,7,14:05:07,93,Tahap-4
01/20/2025,14,5,7,14:05:07,23,Tahap-4
01/20/2025,14,5,7,14:05:07,38,Tahap-4
01/20/2025,14,5,7,14:05:07,57,Tahap-4
01/20/2025,14,5,8,14:05:08,60,Tahap-4
01/20/2025,14,5,8,14:05:08,20,Tahap-4
01/20/2025,14,5,8,14:05:08,304,Tahap-4
01/20/2025,14,5,8,14:05:08,9,Tahap-4
01/20/2025,14,5,8,14:05:08,32,Tahap-4
01/20/2025,14,5,8,14:05:08,304,Tahap-4
01/20/2025,14,5,8,14:05:08,38,Tahap-4
01/20/2025,14,5,8,14:05:08,177,Tahap-4
01/20/2025,14,5,8,14:05:08,113,Tahap-4
01/20/2025,14,5,8,14:05:08,103,Tahap-4
01/20/2025,14,5,9,14:05:09,49,Tahap-4
01/20/2025,14,5,9,14:05:09,45,Tahap-4
01/20/2025,14,5,9,14:05:09,47,Tahap-4
01/20/2025,14,5,9,14:05:09,175,Tahap-4
01/20/2025,14,5,9,14:05:09,93,Tahap-4
01/20/2025,14,5,9,14:05:09,38,Tahap-4
01/20/2025,14,5,9,14:05:09,26,Tahap-4
01/20/2025,14,5,9,14:05:09,61,Tahap-4
01/20/2025,14,5,9,14:05:09,111,Tahap-4
01/20/2025,14,5,9,14:05:09,12,Tahap-4
01/20/2025,14,5,10,14:05:10,199,Tahap-4
01/20/2025,14,5,10,14:05:10,155,Tahap-4
01/20/2025,14,5,10,14:05:10,176,Tahap-4
01/20/2025,14,5,10,14:05:10,345,Tahap-4
01/20/2025,14,5,10,14:05:10,291,Tahap-4
01/20/2025,14,5,10,14:05:10,282,Tahap-4
01/20/2025,14,5,10,14:05:10,606,Tahap-4
01/20/2025,14,5,10,14:05:10,483,Tahap-4
01/20/2025,14,5,10,14:05:10,746,Tahap-4
01/20/2025,14,5,10,14:05:10,752,Tahap-4
01/20/2025,14,5,11,14:05:11,166,Tahap-4
01/20/2025,14,5,11,14:05:11,201,Tahap-4
01/20/2025,14,5,11,14:05:11,173,Tahap-4
01/20/2025,14,5,11,14:05:11,77,Tahap-4
01/20/2025,14,5,11,14:05:11,356,Tahap-4
01/20/2025,14,5,11,14:05:11,126,Tahap-4
01/20/2025,14,5,11,14:05:11,216,Tahap-4
01/20/2025,14,5,11,14:05:11,146,Tahap-4
01/20/2025,14,5,11,14:05:11,57,Tahap-4
01/20/2025,14,5,11,14:05:11,97,Tahap-4
01/20/2025,14,5,12,14:05:12,238,Tahap-4
01/20/2025,14,5,12,14:05:12,50,Tahap-4
01/20/2025,14,5,12,14:05:12,93,Tahap-4
01/20/2025,14,5,12,14:05:12,126,Tahap-4
01/20/2025,14,5,12,14:05:12,165,Tahap-4
01/20/2025,14,5,12,14:05:12,533,Tahap-4
01/20/2025,14,5,12,14:05:12,986,Tahap-4
01/20/2025,14,5,12,14:05:12,923,Tahap-4
01/20/2025,14,5,12,14:05:12,714,Tahap-4
01/20/2025,14,5,12,14:05:12,261,Tahap-4
01/20/2025,14,5,13,14:05:13,608,Tahap-4
01/20/2025,14,5,13,14:05:13,269,Tahap-4
01/20/2025,14,5,13,14:05:13,1124,Tahap-4
01/20/2025,14,5,13,14:05:13,129,Tahap-4
01/20/2025,14,5,13,14:05:13,126,Tahap-4
01/20/2025,14,5,13,14:05:13,460,Tahap-4
01/20/2025,14,5,13,14:05:13,163,Tahap-4
01/20/2025,14,5,13,14:05:13,215,Tahap-4
01/20/2025,14,5,13,14:05:13,150,Tahap-4
01/20/2025,14,5,13,14:05:13,140,Tahap-4
01/20/2025,14,5,14,14:05:14,91,Tahap-4
01/20/2025,14,5,14,14:05:14,41,Tahap-4
01/20/2025,14,5,14,14:05:14,132,Tahap-4
01/20/2025,14,5,14,14:05:14,26,Tahap-4
01/20/2025,14,5,14,14:05:14,117,Tahap-4
01/20/2025,14,5,14,14:05:14,229,Tahap-4
01/20/2025,14,5,14,14:05:14,351,Tahap-4
01/20/2025,14,5,14,14:05:14,208,Tahap-4
01/20/2025,14,5,14,14:05:14,237,Tahap-4
01/20/2025,14,5,14,14:05:14,321,Tahap-4
01/20/2025,14,5,15,14:05:15,184,Tahap-4
01/20/2025,14,5,15,14:05:15,157,Tahap-4
01/20/2025,14,5,15,14:05:15,353,Tahap-4
01/20/2025,14,5,15,14:05:15,405,Tahap-4
01/20/2025,14,5,15,14:05:15,649,Tahap-4
01/20/2025,14,5,15,14:05:15,436,Tahap-4
01/20/2025,14,5,15,14:05:15,818,Tahap-4
01/20/2025,14,5,15,14:05:15,509,Tahap-4
01/20/2025,14,5,15,14:05:15,496,Tahap-4
01/20/2025,14,5,15,14:05:15,723,Tahap-4
01/20/2025,14,5,16,14:05:16,231,Tahap-4
01/20/2025,14,5,16,14:05:16,223,Tahap-4
01/20/2025,14,5,16,14:05:16,449,Tahap-4
01/20/2025,14,5,16,14:05:16,115,Tahap-4
01/20/2025,14,5,16,14:05:16,352,Tahap-4
01/20/2025,14,5,16,14:05:16,443,Tahap-4
01/20/2025,14,5,16,14:05:16,8,Tahap-4
01/20/2025,14,5,16,14:05:16,40,Tahap-4
01/20/2025,14,5,16,14:05:16,20,Tahap-4
01/20/2025,14,5,16,14:05:16,196,Tahap-4
01/20/2025,14,5,17,14:05:17,16,Tahap-4
01/20/2025,14,5,17,14:05:17,196,Tahap-4
01/20/2025,14,5,17,14:05:17,40,Tahap-4
01/20/2025,14,5,17,14:05:17,124,Tahap-4
01/20/2025,14,5,17,14:05:17,76,Tahap-4
01/20/2025,14,5,17,14:05:17,68,Tahap-4
01/20/2025,14,5,17,14:05:17,100,Tahap-4
01/20/2025,14,5,17,14:05:17,128,Tahap-4
01/20/2025,14,5,17,14:05:17,4,Tahap-4
01/20/2025,14,5,17,14:05:17,124,Tahap-4
01/20/2025,14,5,18,14:05:18,48,Tahap-4
01/20/2025,14,5,18,14:05:18,116,Tahap-4
01/20/2025,14,5,18,14:05:18,160,Tahap-4
01/20/2025,14,5,18,14:05:18,76,Tahap-4
01/20/2025,14,5,18,14:05:18,8,Tahap-4
01/20/2025,14,5,18,14:05:18,200,Tahap-4
01/20/2025,14,5,18,14:05:18,-56,Tahap-4
01/20/2025,14,5,18,14:05:18,112,Tahap-4
01/20/2025,14,5,18,14:05:18,-32,Tahap-4
01/20/2025,14,5,18,14:05:18,180,Tahap-4
01/20/2025,14,5,19,14:05:19,76,Tahap-4
01/20/2025,14,5,19,14:05:19,-8,Tahap-4
01/20/2025,14,5,19,14:05:19,200,Tahap-4
01/20/2025,14,5,19,14:05:19,104,Tahap-4
01/20/2025,14,5,19,14:05:19,80,Tahap-4
01/20/2025,14,5,19,14:05:19,52,Tahap-4
01/20/2025,14,5,19,14:05:19,88,Tahap-4
01/20/2025,14,5,19,14:05:19,108,Tahap-4
01/20/2025,14,5,19,14:05:19,124,Tahap-4
01/20/2025,14,5,19,14:05:19,-24,Tahap-4
01/20/2025,14,5,20,14:05:20,208,Tahap-4
01/20/2025,14,5,20,14:05:20,88,Tahap-4
01/20/2025,14,5,20,14:05:20,-12,Tahap-4
01/20/2025,14,5,20,14:05:20,152,Tahap-4
01/20/2025,14,5,20,14:05:20,20,Tahap-4
01/20/2025,14,5,20,14:05:20,32,Tahap-4
01/20/2025,14,5,20,14:05:20,124,Tahap-4
01/20/2025,14,5,20,14:05:20,44,Tahap-4
01/20/2025,14,5,20,14:05:20,96,Tahap-4
01/20/2025,14,5,20,14:05:20,92,Tahap-4
01/20/2025,14,5,21,14:05:21,-96,Tahap-4
01/20/2025,14,5,21,14:05:21,180,Tahap-4
01/20/2025,14,5,21,14:05:21,60,Tahap-4
01/20/2025,14,5,21,14:05:21,-108,Tahap-4
01/20/2025,14,5,21,14:05:21,88,Tahap-4
01/20/2025,14,5,21,14:05:21,60,Tahap-4
01/20/2025,14,5,21,14:05:21,-96,Tahap-4
01/20/2025,14,5,21,14:05:21,56,Tahap-4
01/20/2025,14,5,21,14:05:21,80,Tahap-4
01/20/2025,14,5,21,14:05:21,-32,Tahap-4
01/20/2025,14,5,22,14:05:22,84,Tahap-4
01/20/2025,14,5,22,14:05:22,-104,Tahap-4
01/20/2025,14,5,22,14:05:22,108,Tahap-4
01/20/2025,14,5,22,14:05:22,40,Tahap-4
01/20/2025,14,5,22,14:05:22,-92,Tahap-4
01/20/2025,14,5,22,14:05:22,20,Tahap-4
01/20/2025,14,5,22,14:05:22,76,Tahap-4
01/20/2025,14,5,22,14:05:22,-152,Tahap-4
01/20/2025,14,5,22,14:05:22,-28,Tahap-4
01/20/2025,14,5,22,14:05:22,28,Tahap-4
01/20/2025,14,5,23,14:05:23,-120,Tahap-4
01/20/2025,14,5,23,14:05:23,-16,Tahap-4
01/20/2025,14,5,23,14:05:23,-60,Tahap-4
01/20/2025,14,5,23,14:05:23,-24,Tahap-4
01/20/2025,14,5,23,14:05:23,44,Tahap-4
01/20/2025,14,5,23,14:05:23,-44,Tahap-4
01/20/2025,14,5,23,14:05:23,20,Tahap-4
01/20/2025,14,5,23,14:05:23,28,Tahap-4
01/20/2025,14,5,23,14:05:23,-32,Tahap-4
01/20/2025,14,5,23,14:05:23,-112,Tahap-4
01/20/2025,14,5,24,14:05:24,72,Tahap-4
01/20/2025,14,5,24,14:05:24,-36,Tahap-4
01/20/2025,14,5,24,14:05:24,-92,Tahap-4
01/20/2025,14,5,24,14:05:24,-80,Tahap-4
01/20/2025,14,5,24,14:05:24,-44,Tahap-4
01/20/2025,14,5,24,14:05:24,-84,Tahap-4
01/20/2025,14,5,24,14:05:24,-52,Tahap-4
01/20/2025,14,5,24,14:05:24,-4,Tahap-4
01/20/2025,14,5,24,14:05:24,-60,Tahap-4
01/20/2025,14,5,24,14:05:24,-16,Tahap-4
01/20/2025,14,5,25,14:05:25,-204,Tahap-4
01/20/2025,14,5,25,14:05:25,-48,Tahap-4
01/20/2025,14,5,25,14:05:25,-60,Tahap-4
01/20/2025,14,5,25,14:05:25,-88,Tahap-4
01/20/2025,14,5,25,14:05:25,-180,Tahap-4
01/20/2025,14,5,25,14:05:25,112,Tahap-4
01/20/2025,14,5,25,14:05:25,-168,Tahap-4
01/20/2025,14,5,25,14:05:25,-72,Tahap-4
01/20/2025,14,5,25,14:05:25,96,Tahap-4
01/20/2025,14,5,25,14:05:25,-128,Tahap-4
01/20/2025,14,5,26,14:05:26,-96,Tahap-4
01/20/2025,14,5,26,14:05:26,-76,Tahap-4
01/20/2025,14,5,26,14:05:26,-92,Tahap-4
01/20/2025,14,5,26,14:05:26,-16,Tahap-4
01/20/2025,14,5,26,14:05:26,-56,Tahap-4
01/20/2025,14,5,26,14:05:26,-168,Tahap-4
01/20/2025,14,5,26,14:05:26,36,Tahap-4
01/20/2025,14,5,26,14:05:26,-120,Tahap-4
01/20/2025,14,5,26,14:05:26,-136,Tahap-4
01/20/2025,14,5,26,14:05:26,32,Tahap-4
01/20/2025,14,5,27,14:05:27,-72,Tahap-4
01/20/2025,14,5,27,14:05:27,-204,Tahap-4
01/20/2025,14,5,27,14:05:27,-68,Tahap-4
01/20/2025,14,5,27,14:05:27,-96,Tahap-4
01/20/2025,14,5,27,14:05:27,-144,Tahap-4
01/20/2025,14,5,27,14:05:27,-80,Tahap-4
01/20/2025,14,5,27,14:05:27,-184,Tahap-4
01/20/2025,14,5,27,14:05:27,44,Tahap-4
01/20/2025,14,5,27,14:05:27,-156,Tahap-4
01/20/2025,14,5,27,14:05:27,-100,Tahap-4
01/20/2025,14,5,28,14:05:28,-104,Tahap-4
01/20/2025,14,5,28,14:05:28,-36,Tahap-4
01/20/2025,14,5,28,14:05:28,-164,Tahap-4
01/20/2025,14,5,28,14:05:28,-120,Tahap-4
01/20/2025,14,5,28,14:05:28,-20,Tahap-4
01/20/2025,14,5,28,14:05:28,-152,Tahap-4
01/20/2025,14,5,28,14:05:28,-84,Tahap-4
01/20/2025,14,5,28,14:05:28,-196,Tahap-4
01/20/2025,14,5,29,14:05:29,12,Tahap-4
01/20/2025,14,5,29,14:05:29,-184,Tahap-4
01/20/2025,14,5,29,14:05:29,-64,Tahap-4
01/20/2025,14,5,29,14:05:29,-140,Tahap-4
01/20/2025,14,5,29,14:05:29,-100,Tahap-4
01/20/2025,14,5,29,14:05:29,-120,Tahap-4
01/20/2025,14,5,29,14:05:29,-168,Tahap-4
01/20/2025,14,5,53,14:05:53,697,Tahap-4
01/20/2025,14,5,53,14:05:53,895,Tahap-4
01/20/2025,14,5,54,14:05:54,651,Tahap-4
01/20/2025,14,5,54,14:05:54,1164,Tahap-4
01/20/2025,14,5,54,14:05:54,503,Tahap-4
01/20/2025,14,5,54,14:05:54,408,Tahap-4
01/20/2025,14,5,54,14:05:54,111,Tahap-4
01/20/2025,14,5,54,14:05:54,155,Tahap-4
01/20/2025,14,5,54,14:05:54,357,Tahap-4
01/20/2025,14,5,54,14:05:54,248,Tahap-4
01/20/2025,14,5,54,14:05:54,260,Tahap-4
01/20/2025,14,5,54,14:05:54,297,Tahap-4
01/20/2025,14,5,55,14:05:55,111,Tahap-4
01/20/2025,14,5,55,14:05:55,163,Tahap-4
01/20/2025,14,5,55,14:05:55,255,Tahap-4
01/20/2025,14,5,55,14:05:55,136,Tahap-4
01/20/2025,14,5,55,14:05:55,223,Tahap-4
01/20/2025,14,5,55,14:05:55,125,Tahap-4
01/20/2025,14,5,55,14:05:55,75,Tahap-4
01/20/2025,14,5,55,14:05:55,259,Tahap-4
01/20/2025,14,5,55,14:05:55,134,Tahap-4
01/20/2025,14,5,55,14:05:55,175,Tahap-4
01/20/2025,14,5,56,14:05:56,265,Tahap-4
01/20/2025,14,5,56,14:05:56,176,Tahap-4
01/20/2025,14,5,56,14:05:56,155,Tahap-4
01/20/2025,14,5,56,14:05:56,75,Tahap-4
01/20/2025,14,5,56,14:05:56,214,Tahap-4
01/20/2025,14,5,56,14:05:56,10,Tahap-4
01/20/2025,14,5,56,14:05:56,193,Tahap-4
01/20/2025,14,5,56,14:05:56,106,Tahap-4
01/20/2025,14,5,56,14:05:56,42,Tahap-4
01/20/2025,14,5,56,14:05:56,155,Tahap-4
01/20/2025,14,5,57,14:05:57,111,Tahap-4
01/20/2025,14,5,57,14:05:57,66,Tahap-4
01/20/2025,14,5,57,14:05:57,109,Tahap-4
01/20/2025,14,5,57,14:05:57,245,Tahap-4
01/20/2025,14,5,57,14:05:57,106,Tahap-4
01/20/2025,14,5,57,14:05:57,208,Tahap-4
01/20/2025,14,5,57,14:05:57,48,Tahap-4
01/20/2025,14,5,57,14:05:57,35,Tahap-4
01/20/2025,14,5,57,14:05:57,126,Tahap-4
01/20/2025,14,5,57,14:05:57,60,Tahap-4
01/20/2025,14,5,58,14:05:58,17,Tahap-4
01/20/2025,14,5,58,14:05:58,341,Tahap-4
01/20/2025,14,5,58,14:05:58,359,Tahap-4
01/20/2025,14,5,58,14:05:58,265,Tahap-4
01/20/2025,14,5,58,14:05:58,120,Tahap-4
01/20/2025,14,5,58,14:05:58,73,Tahap-4
01/20/2025,14,5,58,14:05:58,28,Tahap-4
01/20/2025,14,5,58,14:05:58,222,Tahap-4
01/20/2025,14,5,59,14:05:59,147,Tahap-4
01/20/2025,14,5,59,14:05:59,113,Tahap-4
01/20/2025,14,5,59,14:05:59,101,Tahap-4
01/20/2025,14,5,59,14:05:59,209,Tahap-4
01/20/2025,14,5,59,14:05:59,108,Tahap-4
01/20/2025,14,5,59,14:05:59,34,Tahap-4
01/20/2025,14,5,59,14:05:59,47,Tahap-4
01/20/2025,14,5,59,14:05:59,101,Tahap-4
01/20/2025,14,5,59,14:05:59,50,Tahap-4
01/20/2025,14,5,59,14:05:59,222,Tahap-4
01/20/2025,14,5,59,14:05:59,34,Tahap-4
01/20/2025,14,5,59,14:05:59,233,Tahap-4
01/20/2025,14,6,1,14:06:01,260,Tahap-4
01/20/2025,14,6,1,14:06:01,86,Tahap-4
01/20/2025,14,6,1,14:06:01,49,Tahap-4
01/20/2025,14,6,1,14:06:01,176,Tahap-4
01/20/2025,14,6,1,14:06:01,286,Tahap-4
01/20/2025,14,6,1,14:06:01,70,Tahap-4
01/20/2025,14,6,1,14:06:01,105,Tahap-4
01/20/2025,14,6,1,14:06:01,214,Tahap-4
01/20/2025,14,6,1,14:06:01,156,Tahap-4
01/20/2025,14,6,1,14:06:01,162,Tahap-4
01/20/2025,14,6,2,14:06:02,284,Tahap-4
01/20/2025,14,6,2,14:06:02,98,Tahap-4
01/20/2025,14,6,2,14:06:02,44,Tahap-4
01/20/2025,14,6,2,14:06:02,252,Tahap-4
01/20/2025,14,6,2,14:06:02,295,Tahap-4
01/20/2025,14,6,2,14:06:02,1660,Tahap-4
01/20/2025,14,6,2,14:06:02,889,Tahap-4
01/20/2025,14,6,2,14:06:02,406,Tahap-4
01/20/2025,14,6,2,14:06:02,333,Tahap-4
01/20/2025,14,6,2,14:06:02,464,Tahap-4
01/20/2025,14,6,3,14:06:03,71,Tahap-4
01/20/2025,14,6,3,14:06:03,1062,Tahap-4
01/20/2025,14,6,3,14:06:03,142,Tahap-4
01/20/2025,14,6,3,14:06:03,231,Tahap-4
01/20/2025,14,6,3,14:06:03,412,Tahap-4
01/20/2025,14,6,3,14:06:03,245,Tahap-4
01/20/2025,14,6,3,14:06:03,72,Tahap-4
01/20/2025,14,6,3,14:06:03,283,Tahap-4
01/20/2025,14,6,3,14:06:03,243,Tahap-4
01/20/2025,14,6,3,14:06:03,134,Tahap-4
01/20/2025,14,6,4,14:06:04,13,Tahap-4
01/20/2025,14,6,4,14:06:04,78,Tahap-4
01/20/2025,14,6,4,14:06:04,124,Tahap-4
01/20/2025,14,6,4,14:06:04,158,Tahap-4
01/20/2025,14,6,4,14:06:04,116,Tahap-4
01/20/2025,14,6,4,14:06:04,242,Tahap-4
01/20/2025,14,6,4,14:06:04,382,Tahap-4
01/20/2025,14,6,4,14:06:04,583,Tahap-4
01/20/2025,14,6,4,14:06:04,368,Tahap-4
01/20/2025,14,6,4,14:06:04,388,Tahap-4
01/20/2025,14,6,5,14:06:05,367,Tahap-4
01/20/2025,14,6,5,14:06:05,497,Tahap-4
01/20/2025,14,6,5,14:06:05,601,Tahap-4
01/20/2025,14,6,5,14:06:05,358,Tahap-4
01/20/2025,14,6,5,14:06:05,400,Tahap-4
01/20/2025,14,6,5,14:06:05,841,Tahap-4
01/20/2025,14,6,5,14:06:05,156,Tahap-4
01/20/2025,14,6,5,14:06:05,420,Tahap-4
01/20/2025,14,6,5,14:06:05,461,Tahap-4
01/20/2025,14,6,5,14:06:05,76,Tahap-4
01/20/2025,14,6,6,14:06:06,77,Tahap-4
01/20/2025,14,6,6,14:06:06,460,Tahap-4
01/20/2025,14,6,6,14:06:06,119,Tahap-4
01/20/2025,14,6,6,14:06:06,318,Tahap-4
01/20/2025,14,6,6,14:06:06,471,Tahap-4
01/20/2025,14,6,6,14:06:06,16,Tahap-4
01/20/2025,14,6,6,14:06:06,-24,Tahap-4
01/20/2025,14,6,6,14:06:06,168,Tahap-4
01/20/2025,14,6,6,14:06:06,56,Tahap-4
01/20/2025,14,6,6,14:06:06,56,Tahap-4
01/20/2025,14,6,7,14:06:07,168,Tahap-4
01/20/2025,14,6,7,14:06:07,-48,Tahap-4
01/20/2025,14,6,7,14:06:07,172,Tahap-4
01/20/2025,14,6,7,14:06:07,124,Tahap-4
01/20/2025,14,6,7,14:06:07,120,Tahap-4
01/20/2025,14,6,7,14:06:07,-12,Tahap-4
01/20/2025,14,6,7,14:06:07,232,Tahap-4
01/20/2025,14,6,7,14:06:07,-116,Tahap-4
01/20/2025,14,6,7,14:06:07,76,Tahap-4
01/20/2025,14,6,7,14:06:07,-20,Tahap-4
01/20/2025,14,6,8,14:06:08,-8,Tahap-4
01/20/2025,14,6,8,14:06:08,92,Tahap-4
01/20/2025,14,6,8,14:06:08,108,Tahap-4
01/20/2025,14,6,8,14:06:08,-92,Tahap-4
01/20/2025,14,6,8,14:06:08,112,Tahap-4
01/20/2025,14,6,8,14:06:08,44,Tahap-4
01/20/2025,14,6,8,14:06:08,-40,Tahap-4
01/20/2025,14,6,8,14:06:08,-80,Tahap-4
01/20/2025,14,6,8,14:06:08,100,Tahap-4
01/20/2025,14,6,8,14:06:08,-68,Tahap-4
01/20/2025,14,6,9,14:06:09,40,Tahap-4
01/20/2025,14,6,9,14:06:09,-48,Tahap-4
01/20/2025,14,6,9,14:06:09,-164,Tahap-4
01/20/2025,14,6,9,14:06:09,192,Tahap-4
01/20/2025,14,6,9,14:06:09,-204,Tahap-4
01/20/2025,14,6,9,14:06:09,-56,Tahap-4
01/20/2025,14,6,9,14:06:09,96,Tahap-4
01/20/2025,14,6,9,14:06:09,-112,Tahap-4
01/20/2025,14,6,9,14:06:09,-84,Tahap-4
01/20/2025,14,6,9,14:06:09,12,Tahap-4
01/20/2025,14,6,10,14:06:10,-48,Tahap-4
01/20/2025,14,6,10,14:06:10,-112,Tahap-4
01/20/2025,14,6,10,14:06:10,-20,Tahap-4
01/20/2025,14,6,10,14:06:10,-260,Tahap-4
01/20/2025,14,6,10,14:06:10,124,Tahap-4
01/20/2025,14,6,10,14:06:10,-188,Tahap-4
01/20/2025,14,6,10,14:06:10,-124,Tahap-4
01/20/2025,14,6,10,14:06:10,36,Tahap-4
01/20/2025,14,6,10,14:06:10,-116,Tahap-4
01/20/2025,14,6,10,14:06:10,-116,Tahap-4
01/20/2025,14,6,11,14:06:11,4,Tahap-4
01/20/2025,14,6,11,14:06:11,-64,Tahap-4
01/20/2025,14,6,11,14:06:11,-64,Tahap-4
01/20/2025,14,6,11,14:06:11,-116,Tahap-4
01/20/2025,14,6,11,14:06:11,-104,Tahap-4
01/20/2025,14,6,11,14:06:11,-12,Tahap-4
01/20/2025,14,6,11,14:06:11,-28,Tahap-4
01/20/2025,14,6,11,14:06:11,4,Tahap-4
01/20/2025,14,6,11,14:06:11,-36,Tahap-4
01/20/2025,14,6,11,14:06:11,76,Tahap-4
01/20/2025,14,6,12,14:06:12,-136,Tahap-4
01/20/2025,14,6,12,14:06:12,20,Tahap-4
01/20/2025,14,6,12,14:06:12,-44,Tahap-4
01/20/2025,14,6,12,14:06:12,12,Tahap-4
01/20/2025,14,6,12,14:06:12,-172,Tahap-4
01/20/2025,14,6,12,14:06:12,68,Tahap-4
01/20/2025,14,6,12,14:06:12,-60,Tahap-4
01/20/2025,14,6,12,14:06:12,-160,Tahap-4
01/20/2025,14,6,12,14:06:12,44,Tahap-4
01/20/2025,14,6,12,14:06:12,-24,Tahap-4
01/20/2025,14,6,13,14:06:13,-8,Tahap-4
01/20/2025,14,6,13,14:06:13,-8,Tahap-4
01/20/2025,14,6,13,14:06:13,-32,Tahap-4
01/20/2025,14,6,13,14:06:13,-12,Tahap-4
01/20/2025,14,6,13,14:06:13,-120,Tahap-4
01/20/2025,14,6,13,14:06:13,68,Tahap-4
01/20/2025,14,6,13,14:06:13,88,Tahap-4
01/20/2025,14,6,13,14:06:13,-152,Tahap-4
01/20/2025,14,6,13,14:06:13,68,Tahap-4
01/20/2025,14,6,14,14:06:14,96,Tahap-4
01/20/2025,14,6,14,14:06:14,-72,Tahap-4
01/20/2025,14,6,14,14:06:14,48,Tahap-4
01/20/2025,14,6,14,14:06:14,32,Tahap-4
01/20/2025,14,6,14,14:06:14,52,Tahap-4
01/20/2025,14,6,14,14:06:14,4,Tahap-4
01/20/2025,14,6,14,14:06:14,64,Tahap-4
01/20/2025,14,6,14,14:06:14,136,Tahap-4
01/20/2025,14,6,14,14:06:14,-44,Tahap-4
01/20/2025,14,6,15,14:06:15,48,Tahap-4
01/20/2025,14,6,15,14:06:15,156,Tahap-4
01/20/2025,14,6,15,14:06:15,12,Tahap-4
01/20/2025,14,6,15,14:06:15,-36,Tahap-4
01/20/2025,14,6,15,14:06:15,136,Tahap-4
01/20/2025,14,6,15,14:06:15,-32,Tahap-4
01/20/2025,14,6,15,14:06:15,20,Tahap-4
01/20/2025,14,6,15,14:06:15,16,Tahap-4
01/20/2025,14,6,15,14:06:15,-60,Tahap-4
01/20/2025,14,6,15,14:06:15,132,Tahap-4
01/20/2025,14,6,16,14:06:16,-104,Tahap-4
01/20/2025,14,6,16,14:06:16,12,Tahap-4
01/20/2025,14,6,16,14:06:16,-24,Tahap-4
01/20/2025,14,6,16,14:06:16,68,Tahap-4
01/20/2025,14,6,16,14:06:16,-124,Tahap-4
01/20/2025,14,6,16,14:06:16,20,Tahap-4
01/20/2025,14,6,16,14:06:16,-8,Tahap-4
01/20/2025,14,6,16,14:06:16,-68,Tahap-4
01/20/2025,14,6,16,14:06:16,-36,Tahap-4
01/20/2025,14,6,16,14:06:16,-68,Tahap-4
01/20/2025,14,6,17,14:06:17,100,Tahap-4
01/20/2025,14,6,17,14:06:17,-24,Tahap-4
01/20/2025,14,6,17,14:06:17,100,Tahap-4
01/20/2025,14,6,17,14:06:17,24,Tahap-4
01/20/2025,14,6,17,14:06:17,44,Tahap-4
01/20/2025,14,6,17,14:06:17,8,Tahap-4
01/20/2025,14,6,17,14:06:17,52,Tahap-4
01/20/2025,14,6,17,14:06:17,-76,Tahap-4
01/20/2025,14,6,17,14:06:17,-60,Tahap-4
01/20/2025,14,6,18,14:06:18,-76,Tahap-4
01/20/2025,14,6,18,14:06:18,96,Tahap-4
01/20/2025,14,6,18,14:06:18,-88,Tahap-4
01/20/2025,14,6,18,14:06:18,88,Tahap-4
01/20/2025,14,6,18,14:06:18,16,Tahap-4
01/20/2025,14,6,18,14:06:18,-84,Tahap-4
01/20/2025,14,6,18,14:06:18,56,Tahap-4
01/20/2025,14,6,18,14:06:18,-40,Tahap-4
01/20/2025,14,6,18,14:06:18,76,Tahap-4
01/20/2025,14,6,18,14:06:18,4,Tahap-4
01/20/2025,14,6,19,14:06:19,-120,Tahap-4
01/20/2025,14,6,19,14:06:19,-32,Tahap-4
01/20/2025,14,6,19,14:06:19,164,Tahap-4
01/20/2025,14,6,19,14:06:19,-64,Tahap-4
01/20/2025,14,6,43,14:06:43,3274,Tahap-4
01/20/2025,14,6,43,14:06:43,932,Tahap-4
01/20/2025,14,6,43,14:06:43,897,Tahap-4
01/20/2025,14,6,44,14:06:44,612,Tahap-4
01/20/2025,14,6,44,14:06:44,378,Tahap-4
01/20/2025,14,6,44,14:06:44,539,Tahap-4
01/20/2025,14,6,44,14:06:44,274,Tahap-4
01/20/2025,14,6,44,14:06:44,333,Tahap-4
01/20/2025,14,6,44,14:06:44,122,Tahap-4
01/20/2025,14,6,44,14:06:44,150,Tahap-4
01/20/2025,14,6,44,14:06:44,276,Tahap-4
01/20/2025,14,6,44,14:06:44,101,Tahap-4
01/20/2025,14,6,44,14:06:44,159,Tahap-4
01/20/2025,14,6,45,14:06:45,256,Tahap-4
01/20/2025,14,6,45,14:06:45,154,Tahap-4
01/20/2025,14,6,45,14:06:45,129,Tahap-4
01/20/2025,14,6,45,14:06:45,129,Tahap-4
01/20/2025,14,6,45,14:06:45,119,Tahap-4
01/20/2025,14,6,45,14:06:45,99,Tahap-4
01/20/2025,14,6,45,14:06:45,117,Tahap-4
01/20/2025,14,6,45,14:06:45,152,Tahap-4
01/20/2025,14,6,45,14:06:45,201,Tahap-4
01/20/2025,14,6,45,14:06:45,181,Tahap-4
01/20/2025,14,6,46,14:06:46,230,Tahap-4
01/20/2025,14,6,46,14:06:46,77,Tahap-4
01/20/2025,14,6,46,14:06:46,111,Tahap-4
01/20/2025,14,6,46,14:06:46,214,Tahap-4
01/20/2025,14,6,46,14:06:46,121,Tahap-4
01/20/2025,14,6,46,14:06:46,60,Tahap-4
01/20/2025,14,6,46,14:06:46,341,Tahap-4
01/20/2025,14,6,46,14:06:46,57,Tahap-4
01/20/2025,14,6,46,14:06:46,51,Tahap-4
01/20/2025,14,6,46,14:06:46,72,Tahap-4
01/20/2025,14,6,47,14:06:47,58,Tahap-4
01/20/2025,14,6,47,14:06:47,172,Tahap-4
01/20/2025,14,6,47,14:06:47,81,Tahap-4
01/20/2025,14,6,47,14:06:47,55,Tahap-4
01/20/2025,14,6,47,14:06:47,93,Tahap-4
01/20/2025,14,6,47,14:06:47,24,Tahap-4
01/20/2025,14,6,47,14:06:47,87,Tahap-4
01/20/2025,14,6,47,14:06:47,119,Tahap-4
01/20/2025,14,6,47,14:06:47,32,Tahap-4
01/20/2025,14,6,47,14:06:47,126,Tahap-4
01/20/2025,14,6,48,14:06:48,394,Tahap-4
01/20/2025,14,6,48,14:06:48,137,Tahap-4
01/20/2025,14,6,48,14:06:48,264,Tahap-4
01/20/2025,14,6,48,14:06:48,422,Tahap-4
01/20/2025,14,6,48,14:06:48,46,Tahap-4
01/20/2025,14,6,48,14:06:48,78,Tahap-4
01/20/2025,14,6,48,14:06:48,53,Tahap-4
01/20/2025,14,6,48,14:06:48,32,Tahap-4
01/20/2025,14,6,48,14:06:48,102,Tahap-4
01/20/2025,14,6,48,14:06:48,87,Tahap-4
01/20/2025,14,6,49,14:06:49,32,Tahap-4
01/20/2025,14,6,49,14:06:49,110,Tahap-4
01/20/2025,14,6,49,14:06:49,74,Tahap-4
01/20/2025,14,6,49,14:06:49,55,Tahap-4
01/20/2025,14,6,49,14:06:49,86,Tahap-4
01/20/2025,14,6,49,14:06:49,80,Tahap-4
01/20/2025,14,6,49,14:06:49,15,Tahap-4
01/20/2025,14,6,49,14:06:49,100,Tahap-4
01/20/2025,14,6,49,14:06:49,181,Tahap-4
01/20/2025,14,6,49,14:06:49,70,Tahap-4
01/20/2025,14,6,50,14:06:50,108,Tahap-4
01/20/2025,14,6,50,14:06:50,225,Tahap-4
01/20/2025,14,6,50,14:06:50,150,Tahap-4
01/20/2025,14,6,50,14:06:50,286,Tahap-4
01/20/2025,14,6,50,14:06:50,546,Tahap-4
01/20/2025,14,6,50,14:06:50,498,Tahap-4
01/20/2025,14,6,50,14:06:50,834,Tahap-4
01/20/2025,14,6,50,14:06:50,710,Tahap-4
01/20/2025,14,6,50,14:06:50,513,Tahap-4
01/20/2025,14,6,50,14:06:50,248,Tahap-4
01/20/2025,14,6,51,14:06:51,204,Tahap-4
01/20/2025,14,6,51,14:06:51,37,Tahap-4
01/20/2025,14,6,51,14:06:51,160,Tahap-4
01/20/2025,14,6,51,14:06:51,299,Tahap-4
01/20/2025,14,6,51,14:06:51,66,Tahap-4
01/20/2025,14,6,51,14:06:51,45,Tahap-4
01/20/2025,14,6,51,14:06:51,37,Tahap-4
01/20/2025,14,6,51,14:06:51,188,Tahap-4
01/20/2025,14,6,51,14:06:51,107,Tahap-4
01/20/2025,14,6,51,14:06:51,138,Tahap-4
01/20/2025,14,6,52,14:06:52,252,Tahap-4
01/20/2025,14,6,52,14:06:52,124,Tahap-4
01/20/2025,14,6,52,14:06:52,262,Tahap-4
01/20/2025,14,6,52,14:06:52,383,Tahap-4
01/20/2025,14,6,52,14:06:52,1639,Tahap-4
01/20/2025,14,6,52,14:06:52,606,Tahap-4
01/20/2025,14,6,52,14:06:52,333,Tahap-4
01/20/2025,14,6,52,14:06:52,186,Tahap-4
01/20/2025,14,6,52,14:06:52,339,Tahap-4
01/20/2025,14,6,52,14:06:52,844,Tahap-4
01/20/2025,14,6,53,14:06:53,812,Tahap-4
01/20/2025,14,6,53,14:06:53,411,Tahap-4
01/20/2025,14,6,53,14:06:53,442,Tahap-4
01/20/2025,14,6,53,14:06:53,222,Tahap-4
01/20/2025,14,6,53,14:06:53,349,Tahap-4
01/20/2025,14,6,53,14:06:53,189,Tahap-4
01/20/2025,14,6,53,14:06:53,331,Tahap-4
01/20/2025,14,6,53,14:06:53,189,Tahap-4
01/20/2025,14,6,53,14:06:53,181,Tahap-4
01/20/2025,14,6,53,14:06:53,89,Tahap-4
01/20/2025,14,6,54,14:06:54,117,Tahap-4
01/20/2025,14,6,54,14:06:54,156,Tahap-4
01/20/2025,14,6,54,14:06:54,234,Tahap-4
01/20/2025,14,6,54,14:06:54,65,Tahap-4
01/20/2025,14,6,54,14:06:54,204,Tahap-4
01/20/2025,14,6,54,14:06:54,400,Tahap-4
01/20/2025,14,6,54,14:06:54,257,Tahap-4
01/20/2025,14,6,54,14:06:54,121,Tahap-4
01/20/2025,14,6,54,14:06:54,462,Tahap-4
01/20/2025,14,6,54,14:06:54,57,Tahap-4
01/20/2025,14,6,55,14:06:55,262,Tahap-4
01/20/2025,14,6,55,14:06:55,446,Tahap-4
01/20/2025,14,6,55,14:06:55,820,Tahap-4
01/20/2025,14,6,55,14:06:55,854,Tahap-4
01/20/2025,14,6,55,14:06:55,422,Tahap-4
01/20/2025,14,6,55,14:06:55,288,Tahap-4
01/20/2025,14,6,55,14:06:55,255,Tahap-4
01/20/2025,14,6,55,14:06:55,531,Tahap-4
01/20/2025,14,6,55,14:06:55,113,Tahap-4
01/20/2025,14,6,55,14:06:55,144,Tahap-4
01/20/2025,14,6,56,14:06:56,269,Tahap-4
01/20/2025,14,6,56,14:06:56,138,Tahap-4
01/20/2025,14,6,56,14:06:56,208,Tahap-4
01/20/2025,14,6,56,14:06:56,92,Tahap-4
01/20/2025,14,6,56,14:06:56,12,Tahap-4
01/20/2025,14,6,56,14:06:56,-92,Tahap-4
01/20/2025,14,6,56,14:06:56,-64,Tahap-4
01/20/2025,14,6,56,14:06:56,-76,Tahap-4
01/20/2025,14,6,56,14:06:56,-84,Tahap-4
01/20/2025,14,6,56,14:06:56,-24,Tahap-4
01/20/2025,14,6,57,14:06:57,-84,Tahap-4
01/20/2025,14,6,57,14:06:57,-120,Tahap-4
01/20/2025,14,6,57,14:06:57,136,Tahap-4
01/20/2025,14,6,57,14:06:57,-152,Tahap-4
01/20/2025,14,6,57,14:06:57,-24,Tahap-4
01/20/2025,14,6,57,14:06:57,56,Tahap-4
01/20/2025,14,6,57,14:06:57,-28,Tahap-4
01/20/2025,14,6,57,14:06:57,-144,Tahap-4
01/20/2025,14,6,57,14:06:57,60,Tahap-4
01/20/2025,14,6,57,14:06:57,-48,Tahap-4
01/20/2025,14,6,58,14:06:58,16,Tahap-4
01/20/2025,14,6,58,14:06:58,-72,Tahap-4
01/20/2025,14,6,58,14:06:58,-64,Tahap-4
01/20/2025,14,6,58,14:06:58,44,Tahap-4
01/20/2025,14,6,58,14:06:58,-64,Tahap-4
01/20/2025,14,6,58,14:06:58,-44,Tahap-4
01/20/2025,14,6,58,14:06:58,4,Tahap-4
01/20/2025,14,6,58,14:06:58,68,Tahap-4
01/20/2025,14,6,59,14:06:59,-80,Tahap-4
01/20/2025,14,6,59,14:06:59,72,Tahap-4
01/20/2025,14,6,59,14:06:59,84,Tahap-4
01/20/2025,14,6,59,14:06:59,-28,Tahap-4
01/20/2025,14,6,59,14:06:59,8,Tahap-4
01/20/2025,14,6,59,14:06:59,-84,Tahap-4
01/20/2025,14,6,59,14:06:59,148,Tahap-4
01/20/2025,14,6,59,14:06:59,-24,Tahap-4
01/20/2025,14,6,59,14:06:59,100,Tahap-4
01/20/2025,14,6,59,14:06:59,-4,Tahap-4
01/20/2025,14,6,59,14:06:59,108,Tahap-4
01/20/2025,14,6,59,14:06:59,-4,Tahap-4
01/20/2025,14,7,1,14:07:01,68,Tahap-4
01/20/2025,14,7,1,14:07:01,24,Tahap-4
01/20/2025,14,7,1,14:07:01,60,Tahap-4
01/20/2025,14,7,1,14:07:01,136,Tahap-4
01/20/2025,14,7,1,14:07:01,-104,Tahap-4
01/20/2025,14,7,1,14:07:01,56,Tahap-4
01/20/2025,14,7,1,14:07:01,200,Tahap-4
01/20/2025,14,7,1,14:07:01,-52,Tahap-4
01/20/2025,14,7,1,14:07:01,148,Tahap-4
01/20/2025,14,7,1,14:07:01,108,Tahap-4
01/20/2025,14,7,2,14:07:02,-52,Tahap-4
01/20/2025,14,7,2,14:07:02,64,Tahap-4
01/20/2025,14,7,2,14:07:02,164,Tahap-4
01/20/2025,14,7,2,14:07:02,36,Tahap-4
01/20/2025,14,7,2,14:07:02,152,Tahap-4
01/20/2025,14,7,2,14:07:02,-32,Tahap-4
01/20/2025,14,7,2,14:07:02,72,Tahap-4
01/20/2025,14,7,2,14:07:02,188,Tahap-4
01/20/2025,14,7,2,14:07:02,-20,Tahap-4
01/20/2025,14,7,2,14:07:02,148,Tahap-4
01/20/2025,14,7,3,14:07:03,124,Tahap-4
01/20/2025,14,7,3,14:07:03,76,Tahap-4
01/20/2025,14,7,3,14:07:03,-12,Tahap-4
01/20/2025,14,7,3,14:07:03,224,Tahap-4
01/20/2025,14,7,3,14:07:03,68,Tahap-4
01/20/2025,14,7,3,14:07:03,84,Tahap-4
01/20/2025,14,7,3,14:07:03,60,Tahap-4
01/20/2025,14,7,3,14:07:03,36,Tahap-4
01/20/2025,14,7,3,14:07:03,216,Tahap-4
01/20/2025,14,7,3,14:07:03,24,Tahap-4
01/20/2025,14,7,4,14:07:04,108,Tahap-4
01/20/2025,14,7,4,14:07:04,88,Tahap-4
01/20/2025,14,7,4,14:07:04,120,Tahap-4
01/20/2025,14,7,4,14:07:04,-32,Tahap-4
01/20/2025,14,7,4,14:07:04,168,Tahap-4
01/20/2025,14,7,4,14:07:04,136,Tahap-4
01/20/2025,14,7,4,14:07:04,80,Tahap-4
01/20/2025,14,7,4,14:07:04,56,Tahap-4
01/20/2025,14,7,4,14:07:04,156,Tahap-4
01/20/2025,14,7,4,14:07:04,100,Tahap-4
01/20/2025,14,7,5,14:07:05,68,Tahap-4
01/20/2025,14,7,5,14:07:05,224,Tahap-4
01/20/2025,14,7,5,14:07:05,88,Tahap-4
01/20/2025,14,7,5,14:07:05,152,Tahap-4
01/20/2025,14,7,5,14:07:05,68,Tahap-4
01/20/2025,14,7,5,14:07:05,148,Tahap-4
01/20/2025,14,7,5,14:07:05,152,Tahap-4
01/20/2025,14,7,5,14:07:05,100,Tahap-4
01/20/2025,14,7,5,14:07:05,40,Tahap-4
01/20/2025,14,7,5,14:07:05,140,Tahap-4
01/20/2025,14,7,6,14:07:06,148,Tahap-4
01/20/2025,14,7,6,14:07:06,-32,Tahap-4
01/20/2025,14,7,6,14:07:06,288,Tahap-4
01/20/2025,14,7,6,14:07:06,76,Tahap-4
01/20/2025,14,7,6,14:07:06,120,Tahap-4
01/20/2025,14,7,6,14:07:06,120,Tahap-4
01/20/2025,14,7,6,14:07:06,148,Tahap-4
01/20/2025,14,7,6,14:07:06,176,Tahap-4
01/20/2025,14,7,6,14:07:06,192,Tahap-4
01/20/2025,14,7,6,14:07:06,28,Tahap-4
01/20/2025,14,7,7,14:07:07,136,Tahap-4
01/20/2025,14,7,7,14:07:07,304,Tahap-4
01/20/2025,14,7,7,14:07:07,-36,Tahap-4
01/20/2025,14,7,7,14:07:07,272,Tahap-4
01/20/2025,14,7,7,14:07:07,252,Tahap-4
01/20/2025,14,7,7,14:07:07,72,Tahap-4
01/20/2025,14,7,7,14:07:07,120,Tahap-4
01/20/2025,14,7,7,14:07:07,248,Tahap-4
01/20/2025,14,7,7,14:07:07,64,Tahap-4
01/20/2025,14,7,7,14:07:07,244,Tahap-4
01/20/2025,14,7,8,14:07:08,40,Tahap-4
01/20/2025,14,7,8,14:07:08,212,Tahap-4
01/20/2025,14,7,8,14:07:08,200,Tahap-4
01/20/2025,14,7,8,14:07:08,132,Tahap-4
01/20/2025,14,7,8,14:07:08,140,Tahap-4
01/20/2025,14,7,8,14:07:08,216,Tahap-4
01/20/2025,14,7,8,14:07:08,140,Tahap-4
01/20/2025,14,7,8,14:07:08,80,Tahap-4
01/20/2025,14,7,8,14:07:08,272,Tahap-4
01/20/2025,14,7,8,14:07:08,124,Tahap-4
01/20/2025,14,7,9,14:07:09,176,Tahap-4
01/20/2025,14,7,9,14:07:09,124,Tahap-4
01/20/2025,14,7,9,14:07:09,244,Tahap-4
01/20/2025,14,7,33,14:07:33,2106,Tahap-4
01/20/2025,14,7,33,14:07:33,609,Tahap-4
01/20/2025,14,7,33,14:07:33,166,Tahap-4
01/20/2025,14,7,33,14:07:33,556,Tahap-4
01/20/2025,14,7,34,14:07:34,211,Tahap-4
01/20/2025,14,7,34,14:07:34,206,Tahap-4
01/20/2025,14,7,34,14:07:34,246,Tahap-4
01/20/2025,14,7,34,14:07:34,199,Tahap-4
01/20/2025,14,7,34,14:07:34,369,Tahap-4
01/20/2025,14,7,34,14:07:34,213,Tahap-4
01/20/2025,14,7,34,14:07:34,47,Tahap-4
01/20/2025,14,7,34,14:07:34,41,Tahap-4
01/20/2025,14,7,34,14:07:34,126,Tahap-4
01/20/2025,14,7,34,14:07:34,255,Tahap-4
01/20/2025,14,7,35,14:07:35,147,Tahap-4
01/20/2025,14,7,35,14:07:35,43,Tahap-4
01/20/2025,14,7,35,14:07:35,35,Tahap-4
01/20/2025,14,7,35,14:07:35,222,Tahap-4
01/20/2025,14,7,35,14:07:35,253,Tahap-4
01/20/2025,14,7,35,14:07:35,40,Tahap-4
01/20/2025,14,7,35,14:07:35,65,Tahap-4
01/20/2025,14,7,35,14:07:35,247,Tahap-4
01/20/2025,14,7,35,14:07:35,230,Tahap-4
01/20/2025,14,7,35,14:07:35,206,Tahap-4
01/20/2025,14,7,36,14:07:36,70,Tahap-4
01/20/2025,14,7,36,14:07:36,37,Tahap-4
01/20/2025,14,7,36,14:07:36,196,Tahap-4
01/20/2025,14,7,36,14:07:36,22,Tahap-4
01/20/2025,14,7,36,14:07:36,64,Tahap-4
01/20/2025,14,7,36,14:07:36,206,Tahap-4
01/20/2025,14,7,36,14:07:36,299,Tahap-4
01/20/2025,14,7,36,14:07:36,58,Tahap-4
01/20/2025,14,7,36,14:07:36,29,Tahap-4
01/20/2025,14,7,36,14:07:36,78,Tahap-4
01/20/2025,14,7,37,14:07:37,149,Tahap-4
01/20/2025,14,7,37,14:07:37,109,Tahap-4
01/20/2025,14,7,37,14:07:37,87,Tahap-4
01/20/2025,14,7,37,14:07:37,66,Tahap-4
01/20/2025,14,7,37,14:07:37,35,Tahap-4
01/20/2025,14,7,37,14:07:37,44,Tahap-4
01/20/2025,14,7,37,14:07:37,100,Tahap-4
01/20/2025,14,7,37,14:07:37,7,Tahap-4
01/20/2025,14,7,37,14:07:37,86,Tahap-4
01/20/2025,14,7,37,14:07:37,298,Tahap-4
01/20/2025,14,7,38,14:07:38,130,Tahap-4
01/20/2025,14,7,38,14:07:38,541,Tahap-4
01/20/2025,14,7,38,14:07:38,133,Tahap-4
01/20/2025,14,7,38,14:07:38,81,Tahap-4
01/20/2025,14,7,38,14:07:38,98,Tahap-4
01/20/2025,14,7,38,14:07:38,78,Tahap-4
01/20/2025,14,7,38,14:07:38,64,Tahap-4
01/20/2025,14,7,38,14:07:38,46,Tahap-4
01/20/2025,14,7,38,14:07:38,111,Tahap-4
01/20/2025,14,7,38,14:07:38,44,Tahap-4
01/20/2025,14,7,39,14:07:39,166,Tahap-4
01/20/2025,14,7,39,14:07:39,158,Tahap-4
01/20/2025,14,7,39,14:07:39,54,Tahap-4
01/20/2025,14,7,39,14:07:39,89,Tahap-4
01/20/2025,14,7,39,14:07:39,106,Tahap-4
01/20/2025,14,7,39,14:07:39,131,Tahap-4
01/20/2025,14,7,39,14:07:39,3,Tahap-4
01/20/2025,14,7,39,14:07:39,62,Tahap-4
01/20/2025,14,7,39,14:07:39,87,Tahap-4
01/20/2025,14,7,39,14:07:39,188,Tahap-4
01/20/2025,14,7,40,14:07:40,25,Tahap-4
01/20/2025,14,7,40,14:07:40,75,Tahap-4
01/20/2025,14,7,40,14:07:40,94,Tahap-4
01/20/2025,14,7,40,14:07:40,237,Tahap-4
01/20/2025,14,7,40,14:07:40,118,Tahap-4
01/20/2025,14,7,40,14:07:40,1355,Tahap-4
01/20/2025,14,7,40,14:07:40,166,Tahap-4
01/20/2025,14,7,40,14:07:40,198,Tahap-4
01/20/2025,14,7,40,14:07:40,99,Tahap-4
01/20/2025,14,7,40,14:07:40,163,Tahap-4
01/20/2025,14,7,41,14:07:41,110,Tahap-4
01/20/2025,14,7,41,14:07:41,5,Tahap-4
01/20/2025,14,7,41,14:07:41,79,Tahap-4
01/20/2025,14,7,41,14:07:41,146,Tahap-4
01/20/2025,14,7,41,14:07:41,239,Tahap-4
01/20/2025,14,7,41,14:07:41,119,Tahap-4
01/20/2025,14,7,41,14:07:41,213,Tahap-4
01/20/2025,14,7,41,14:07:41,170,Tahap-4
01/20/2025,14,7,41,14:07:41,13,Tahap-4
01/20/2025,14,7,41,14:07:41,254,Tahap-4
01/20/2025,14,7,42,14:07:42,229,Tahap-4
01/20/2025,14,7,42,14:07:42,329,Tahap-4
01/20/2025,14,7,42,14:07:42,370,Tahap-4
01/20/2025,14,7,42,14:07:42,1511,Tahap-4
01/20/2025,14,7,42,14:07:42,521,Tahap-4
01/20/2025,14,7,42,14:07:42,288,Tahap-4
01/20/2025,14,7,42,14:07:42,388,Tahap-4
01/20/2025,14,7,42,14:07:42,281,Tahap-4
01/20/2025,14,7,42,14:07:42,597,Tahap-4
01/20/2025,14,7,42,14:07:42,970,Tahap-4
01/20/2025,14,7,43,14:07:43,713,Tahap-4
01/20/2025,14,7,43,14:07:43,259,Tahap-4
01/20/2025,14,7,43,14:07:43,101,Tahap-4
01/20/2025,14,7,43,14:07:43,279,Tahap-4
01/20/2025,14,7,43,14:07:43,201,Tahap-4
01/20/2025,14,7,43,14:07:43,160,Tahap-4
01/20/2025,14,7,43,14:07:43,181,Tahap-4
01/20/2025,14,7,43,14:07:43,144,Tahap-4
01/20/2025,14,7,43,14:07:43,54,Tahap-4
01/20/2025,14,7,43,14:07:43,99,Tahap-4
01/20/2025,14,7,44,14:07:44,225,Tahap-4
01/20/2025,14,7,44,14:07:44,196,Tahap-4
01/20/2025,14,7,44,14:07:44,85,Tahap-4
01/20/2025,14,7,44,14:07:44,50,Tahap-4
01/20/2025,14,7,44,14:07:44,185,Tahap-4
01/20/2025,14,7,44,14:07:44,316,Tahap-4
01/20/2025,14,7,44,14:07:44,73,Tahap-4
01/20/2025,14,7,44,14:07:44,461,Tahap-4
01/20/2025,14,7,44,14:07:44,182,Tahap-4
01/20/2025,14,7,44,14:07:44,301,Tahap-4
01/20/2025,14,7,45,14:07:45,329,Tahap-4
01/20/2025,14,7,45,14:07:45,1086,Tahap-4
01/20/2025,14,7,45,14:07:45,587,Tahap-4
01/20/2025,14,7,45,14:07:45,68,Tahap-4
01/20/2025,14,7,45,14:07:45,523,Tahap-4
01/20/2025,14,7,45,14:07:45,528,Tahap-4
01/20/2025,14,7,45,14:07:45,300,Tahap-4
01/20/2025,14,7,45,14:07:45,238,Tahap-4
01/20/2025,14,7,45,14:07:45,440,Tahap-4
01/20/2025,14,7,45,14:07:45,483,Tahap-4
01/20/2025,14,7,46,14:07:46,275,Tahap-4
01/20/2025,14,7,46,14:07:46,563,Tahap-4
01/20/2025,14,7,46,14:07:46,380,Tahap-4
01/20/2025,14,7,46,14:07:46,208,Tahap-4
01/20/2025,14,7,46,14:07:46,144,Tahap-4
01/20/2025,14,7,46,14:07:46,104,Tahap-4
01/20/2025,14,7,46,14:07:46,208,Tahap-4
01/20/2025,14,7,46,14:07:46,136,Tahap-4
01/20/2025,14,7,46,14:07:46,200,Tahap-4
01/20/2025,14,7,46,14:07:46,-64,Tahap-4
01/20/2025,14,7,47,14:07:47,288,Tahap-4
01/20/2025,14,7,47,14:07:47,24,Tahap-4
01/20/2025,14,7,47,14:07:47,24,Tahap-4
01/20/2025,14,7,47,14:07:47,320,Tahap-4
01/20/2025,14,7,47,14:07:47,-120,Tahap-4
01/20/2025,14,7,47,14:07:47,152,Tahap-4
01/20/2025,14,7,47,14:07:47,288,Tahap-4
01/20/2025,14,7,47,14:07:47,-16,Tahap-4
01/20/2025,14,7,47,14:07:47,200,Tahap-4
01/20/2025,14,7,48,14:07:48,32,Tahap-4
01/20/2025,14,7,48,14:07:48,136,Tahap-4
01/20/2025,14,7,48,14:07:48,128,Tahap-4
01/20/2025,14,7,48,14:07:48,96,Tahap-4
01/20/2025,14,7,48,14:07:48,-176,Tahap-4
01/20/2025,14,7,48,14:07:48,480,Tahap-4
01/20/2025,14,7,48,14:07:48,-48,Tahap-4
01/20/2025,14,7,48,14:07:48,8,Tahap-4
01/20/2025,14,7,48,14:07:48,320,Tahap-4
01/20/2025,14,7,48,14:07:48,-8,Tahap-4
01/20/2025,14,7,49,14:07:49,-48,Tahap-4
01/20/2025,14,7,49,14:07:49,288,Tahap-4
01/20/2025,14,7,49,14:07:49,8,Tahap-4
01/20/2025,14,7,49,14:07:49,128,Tahap-4
01/20/2025,14,7,49,14:07:49,48,Tahap-4
01/20/2025,14,7,49,14:07:49,-104,Tahap-4
01/20/2025,14,7,49,14:07:49,216,Tahap-4
01/20/2025,14,7,49,14:07:49,88,Tahap-4
01/20/2025,14,7,49,14:07:49,-152,Tahap-4
01/20/2025,14,7,49,14:07:49,264,Tahap-4
01/20/2025,14,7,50,14:07:50,200,Tahap-4
01/20/2025,14,7,50,14:07:50,-48,Tahap-4
01/20/2025,14,7,50,14:07:50,176,Tahap-4
01/20/2025,14,7,50,14:07:50,224,Tahap-4
01/20/2025,14,7,50,14:07:50,-56,Tahap-4
01/20/2025,14,7,50,14:07:50,120,Tahap-4
01/20/2025,14,7,50,14:07:50,-176,Tahap-4
01/20/2025,14,7,50,14:07:50,248,Tahap-4
01/20/2025,14,7,50,14:07:50,168,Tahap-4
01/20/2025,14,7,50,14:07:50,16,Tahap-4
01/20/2025,14,7,51,14:07:51,112,Tahap-4
01/20/2025,14,7,51,14:07:51,320,Tahap-4
01/20/2025,14,7,51,14:07:51,64,Tahap-4
01/20/2025,14,7,51,14:07:51,-64,Tahap-4
01/20/2025,14,7,51,14:07:51,344,Tahap-4
01/20/2025,14,7,51,14:07:51,-72,Tahap-4
01/20/2025,14,7,51,14:07:51,160,Tahap-4
01/20/2025,14,7,51,14:07:51,-80,Tahap-4
01/20/2025,14,7,51,14:07:51,320,Tahap-4
01/20/2025,14,7,51,14:07:51,144,Tahap-4
01/20/2025,14,7,52,14:07:52,168,Tahap-4
01/20/2025,14,7,52,14:07:52,248,Tahap-4
01/20/2025,14,7,52,14:07:52,152,Tahap-4
01/20/2025,14,7,52,14:07:52,304,Tahap-4
01/20/2025,14,7,52,14:07:52,-64,Tahap-4
01/20/2025,14,7,52,14:07:52,312,Tahap-4
01/20/2025,14,7,52,14:07:52,32,Tahap-4
01/20/2025,14,7,52,14:07:52,-40,Tahap-4
01/20/2025,14,7,52,14:07:52,-40,Tahap-4
01/20/2025,14,7,52,14:07:52,232,Tahap-4
01/20/2025,14,7,53,14:07:53,72,Tahap-4
01/20/2025,14,7,53,14:07:53,160,Tahap-4
01/20/2025,14,7,53,14:07:53,320,Tahap-4
01/20/2025,14,7,53,14:07:53,-56,Tahap-4
01/20/2025,14,7,53,14:07:53,312,Tahap-4
01/20/2025,14,7,53,14:07:53,80,Tahap-4
01/20/2025,14,7,53,14:07:53,160,Tahap-4
01/20/2025,14,7,53,14:07:53,152,Tahap-4
01/20/2025,14,7,53,14:07:53,16,Tahap-4
01/20/2025,14,7,53,14:07:53,-160,Tahap-4
01/20/2025,14,7,54,14:07:54,432,Tahap-4
01/20/2025,14,7,54,14:07:54,48,Tahap-4
01/20/2025,14,7,54,14:07:54,-128,Tahap-4
01/20/2025,14,7,54,14:07:54,240,Tahap-4
01/20/2025,14,7,54,14:07:54,8,Tahap-4
01/20/2025,14,7,54,14:07:54,184,Tahap-4
01/20/2025,14,7,54,14:07:54,64,Tahap-4
01/20/2025,14,7,54,14:07:54,136,Tahap-4
01/20/2025,14,7,54,14:07:54,192,Tahap-4
01/20/2025,14,7,55,14:07:55,-288,Tahap-4
01/20/2025,14,7,55,14:07:55,344,Tahap-4
01/20/2025,14,7,55,14:07:55,144,Tahap-4
01/20/2025,14,7,55,14:07:55,-136,Tahap-4
01/20/2025,14,7,55,14:07:55,232,Tahap-4
01/20/2025,14,7,55,14:07:55,128,Tahap-4
01/20/2025,14,7,55,14:07:55,-104,Tahap-4
01/20/2025,14,7,55,14:07:55,88,Tahap-4
01/20/2025,14,7,55,14:07:55,288,Tahap-4
01/20/2025,14,7,55,14:07:55,-112,Tahap-4
01/20/2025,14,7,56,14:07:56,232,Tahap-4
01/20/2025,14,7,56,14:07:56,-264,Tahap-4
01/20/2025,14,7,56,14:07:56,248,Tahap-4
01/20/2025,14,7,56,14:07:56,-16,Tahap-4
01/20/2025,14,7,56,14:07:56,16,Tahap-4
01/20/2025,14,7,56,14:07:56,112,Tahap-4
01/20/2025,14,7,56,14:07:56,72,Tahap-4
01/20/2025,14,7,56,14:07:56,-104,Tahap-4
01/20/2025,14,7,56,14:07:56,-40,Tahap-4
01/20/2025,14,7,56,14:07:56,216,Tahap-4
01/20/2025,14,7,57,14:07:57,-16,Tahap-4
01/20/2025,14,7,57,14:07:57,40,Tahap-4
01/20/2025,14,7,57,14:07:57,288,Tahap-4
01/20/2025,14,7,57,14:07:57,-120,Tahap-4
01/20/2025,14,7,57,14:07:57,304,Tahap-4
01/20/2025,14,7,57,14:07:57,88,Tahap-4
01/20/2025,14,7,57,14:07:57,208,Tahap-4
01/20/2025,14,7,57,14:07:57,72,Tahap-4
01/20/2025,14,7,57,14:07:57,104,Tahap-4
01/20/2025,14,7,58,14:07:58,216,Tahap-4
01/20/2025,14,7,58,14:07:58,256,Tahap-4
01/20/2025,14,7,58,14:07:58,-72,Tahap-4
01/20/2025,14,7,58,14:07:58,72,Tahap-4
01/20/2025,14,7,58,14:07:58,464,Tahap-4
01/20/2025,14,7,58,14:07:58,-232,Tahap-4
01/20/2025,14,7,58,14:07:58,240,Tahap-4
01/20/2025,14,7,58,14:07:58,384,Tahap-4
01/20/2025,14,7,59,14:07:59,-8,Tahap-4
01/20/2025,14,7,59,14:07:59,192,Tahap-4
01/20/2025,14,7,59,14:07:59,248,Tahap-4
01/20/2025,14,7,59,14:07:59,144,Tahap-4
01/20/2025,14,8,23,14:08:23,1436,Tahap-4
01/20/2025,14,8,23,14:08:23,1192,Tahap-4
01/20/2025,14,8,23,14:08:23,1132,Tahap-4
01/20/2025,14,8,23,14:08:23,1220,Tahap-4
01/20/2025,14,8,23,14:08:23,1116,Tahap-4
01/20/2025,14,8,24,14:08:24,477,Tahap-4
01/20/2025,14,8,24,14:08:24,665,Tahap-4
01/20/2025,14,8,24,14:08:24,235,Tahap-4
01/20/2025,14,8,24,14:08:24,322,Tahap-4
01/20/2025,14,8,24,14:08:24,60,Tahap-4
01/20/2025,14,8,24,14:08:24,371,Tahap-4
01/20/2025,14,8,24,14:08:24,445,Tahap-4
01/20/2025,14,8,24,14:08:24,212,Tahap-4
01/20/2025,14,8,24,14:08:24,252,Tahap-4
01/20/2025,14,8,24,14:08:24,102,Tahap-4
01/20/2025,14,8,25,14:08:25,169,Tahap-4
01/20/2025,14,8,25,14:08:25,184,Tahap-4
01/20/2025,14,8,25,14:08:25,222,Tahap-4
01/20/2025,14,8,25,14:08:25,147,Tahap-4
01/20/2025,14,8,25,14:08:25,104,Tahap-4
01/20/2025,14,8,25,14:08:25,215,Tahap-4
01/20/2025,14,8,25,14:08:25,215,Tahap-4
01/20/2025,14,8,25,14:08:25,259,Tahap-4
01/20/2025,14,8,25,14:08:25,226,Tahap-4
01/20/2025,14,8,25,14:08:25,72,Tahap-4
01/20/2025,14,8,26,14:08:26,144,Tahap-4
01/20/2025,14,8,26,14:08:26,43,Tahap-4
01/20/2025,14,8,26,14:08:26,183,Tahap-4
01/20/2025,14,8,26,14:08:26,86,Tahap-4
01/20/2025,14,8,26,14:08:26,227,Tahap-4
01/20/2025,14,8,26,14:08:26,51,Tahap-4
01/20/2025,14,8,26,14:08:26,89,Tahap-4
01/20/2025,14,8,26,14:08:26,124,Tahap-4
01/20/2025,14,8,26,14:08:26,197,Tahap-4
01/20/2025,14,8,26,14:08:26,30,Tahap-4
01/20/2025,14,8,27,14:08:27,216,Tahap-4
01/20/2025,14,8,27,14:08:27,122,Tahap-4
01/20/2025,14,8,27,14:08:27,28,Tahap-4
01/20/2025,14,8,27,14:08:27,38,Tahap-4
01/20/2025,14,8,27,14:08:27,67,Tahap-4
01/20/2025,14,8,27,14:08:27,41,Tahap-4
01/20/2025,14,8,27,14:08:27,73,Tahap-4
01/20/2025,14,8,27,14:08:27,140,Tahap-4
01/20/2025,14,8,27,14:08:27,359,Tahap-4
01/20/2025,14,8,27,14:08:27,118,Tahap-4
01/20/2025,14,8,28,14:08:28,408,Tahap-4
01/20/2025,14,8,28,14:08:28,261,Tahap-4
01/20/2025,14,8,28,14:08:28,64,Tahap-4
01/20/2025,14,8,28,14:08:28,54,Tahap-4
01/20/2025,14,8,28,14:08:28,98,Tahap-4
01/20/2025,14,8,28,14:08:28,210,Tahap-4
01/20/2025,14,8,28,14:08:28,75,Tahap-4
01/20/2025,14,8,28,14:08:28,33,Tahap-4
