Tanggal,Jam,Menit,Detik,Waktu,frekuensi,label
01/27/2025,10,35,36,10:35:36,220,Tahap-4
01/27/2025,10,35,36,10:35:36,199,Tahap-4
01/27/2025,10,35,36,10:35:36,134,Tahap-4
01/27/2025,10,35,36,10:35:36,176,Tahap-4
01/27/2025,10,35,36,10:35:36,121,Tahap-4
01/27/2025,10,35,36,10:35:36,123,Tahap-4
01/27/2025,10,35,36,10:35:36,123,Tahap-4
01/27/2025,10,35,36,10:35:36,122,Tahap-4
01/27/2025,10,35,36,10:35:36,130,Tahap-4
01/27/2025,10,35,36,10:35:36,97,Tahap-4
01/27/2025,10,35,36,10:35:36,90,Tahap-4
01/27/2025,10,35,36,10:35:36,78,Tahap-4
01/27/2025,10,35,36,10:35:36,47,Tahap-4
01/27/2025,10,35,36,10:35:36,56,Tahap-4
01/27/2025,10,35,36,10:35:36,57,Tahap-4
01/27/2025,10,35,36,10:35:36,77,Tahap-4
01/27/2025,10,35,36,10:35:36,62,Tahap-4
01/27/2025,10,35,36,10:35:36,64,Tahap-4
01/27/2025,10,35,36,10:35:36,68,Tahap-4
01/27/2025,10,35,36,10:35:36,17,Tahap-4
01/27/2025,10,35,36,10:35:36,57,Tahap-4
01/27/2025,10,35,36,10:35:36,58,Tahap-4
01/27/2025,10,35,36,10:35:36,68,Tahap-4
01/27/2025,10,35,37,10:35:37,35,Tahap-4
01/27/2025,10,35,37,10:35:37,65,Tahap-4
01/27/2025,10,35,37,10:35:37,46,Tahap-4
01/27/2025,10,35,37,10:35:37,34,Tahap-4
01/27/2025,10,35,37,10:35:37,40,Tahap-4
01/27/2025,10,35,37,10:35:37,38,Tahap-4
01/27/2025,10,35,37,10:35:37,44,Tahap-4
01/27/2025,10,35,37,10:35:37,31,Tahap-4
01/27/2025,10,35,37,10:35:37,26,Tahap-4
01/27/2025,10,35,37,10:35:37,28,Tahap-4
01/27/2025,10,35,38,10:35:38,19,Tahap-4
01/27/2025,10,35,38,10:35:38,26,Tahap-4
01/27/2025,10,35,38,10:35:38,22,Tahap-4
01/27/2025,10,35,38,10:35:38,48,Tahap-4
01/27/2025,10,35,38,10:35:38,38,Tahap-4
01/27/2025,10,35,38,10:35:38,44,Tahap-4
01/27/2025,10,35,38,10:35:38,38,Tahap-4
01/27/2025,10,35,38,10:35:38,22,Tahap-4
01/27/2025,10,35,38,10:35:38,61,Tahap-4
01/27/2025,10,35,38,10:35:38,66,Tahap-4
01/27/2025,10,35,39,10:35:39,12,Tahap-4
01/27/2025,10,35,39,10:35:39,37,Tahap-4
01/27/2025,10,35,39,10:35:39,20,Tahap-4
01/27/2025,10,35,39,10:35:39,37,Tahap-4
01/27/2025,10,35,39,10:35:39,31,Tahap-4
01/27/2025,10,35,39,10:35:39,11,Tahap-4
01/27/2025,10,35,39,10:35:39,57,Tahap-4
01/27/2025,10,35,39,10:35:39,44,Tahap-4
01/27/2025,10,35,39,10:35:39,42,Tahap-4
01/27/2025,10,35,39,10:35:39,72,Tahap-4
01/27/2025,10,35,40,10:35:40,42,Tahap-4
01/27/2025,10,35,40,10:35:40,15,Tahap-4
01/27/2025,10,35,40,10:35:40,42,Tahap-4
01/27/2025,10,35,40,10:35:40,3,Tahap-4
01/27/2025,10,35,40,10:35:40,51,Tahap-4
01/27/2025,10,35,40,10:35:40,28,Tahap-4
01/27/2025,10,35,40,10:35:40,40,Tahap-4
01/27/2025,10,35,40,10:35:40,41,Tahap-4
01/27/2025,10,35,40,10:35:40,16,Tahap-4
01/27/2025,10,35,40,10:35:40,9,Tahap-4
01/27/2025,10,35,41,10:35:41,20,Tahap-4
01/27/2025,10,35,41,10:35:41,44,Tahap-4
01/27/2025,10,35,41,10:35:41,32,Tahap-4
01/27/2025,10,35,41,10:35:41,36,Tahap-4
01/27/2025,10,35,41,10:35:41,48,Tahap-4
01/27/2025,10,35,41,10:35:41,46,Tahap-4
01/27/2025,10,35,41,10:35:41,7,Tahap-4
01/27/2025,10,35,41,10:35:41,17,Tahap-4
01/27/2025,10,35,41,10:35:41,35,Tahap-4
01/27/2025,10,35,41,10:35:41,28,Tahap-4
01/27/2025,10,35,42,10:35:42,24,Tahap-4
01/27/2025,10,35,42,10:35:42,30,Tahap-4
01/27/2025,10,35,42,10:35:42,44,Tahap-4
01/27/2025,10,35,42,10:35:42,34,Tahap-4
01/27/2025,10,35,42,10:35:42,16,Tahap-4
01/27/2025,10,35,42,10:35:42,20,Tahap-4
01/27/2025,10,35,42,10:35:42,37,Tahap-4
01/27/2025,10,35,42,10:35:42,12,Tahap-4
01/27/2025,10,35,42,10:35:42,6,Tahap-4
01/27/2025,10,35,42,10:35:42,49,Tahap-4
01/27/2025,10,35,43,10:35:43,37,Tahap-4
01/27/2025,10,35,43,10:35:43,12,Tahap-4
01/27/2025,10,35,43,10:35:43,39,Tahap-4
01/27/2025,10,35,43,10:35:43,22,Tahap-4
01/27/2025,10,35,43,10:35:43,28,Tahap-4
01/27/2025,10,35,43,10:35:43,26,Tahap-4
01/27/2025,10,35,43,10:35:43,33,Tahap-4
01/27/2025,10,35,43,10:35:43,17,Tahap-4
01/27/2025,10,35,43,10:35:43,8,Tahap-4
01/27/2025,10,35,43,10:35:43,28,Tahap-4
01/27/2025,10,35,44,10:35:44,30,Tahap-4
01/27/2025,10,35,44,10:35:44,54,Tahap-4
01/27/2025,10,35,44,10:35:44,4,Tahap-4
01/27/2025,10,35,44,10:35:44,10,Tahap-4
01/27/2025,10,35,44,10:35:44,1,Tahap-4
01/27/2025,10,35,44,10:35:44,12,Tahap-4
01/27/2025,10,35,44,10:35:44,25,Tahap-4
01/27/2025,10,35,44,10:35:44,28,Tahap-4
01/27/2025,10,35,44,10:35:44,40,Tahap-4
01/27/2025,10,35,44,10:35:44,56,Tahap-4
01/27/2025,10,35,45,10:35:45,54,Tahap-4
01/27/2025,10,35,45,10:35:45,12,Tahap-4
01/27/2025,10,35,45,10:35:45,24,Tahap-4
01/27/2025,10,35,45,10:35:45,33,Tahap-4
01/27/2025,10,35,45,10:35:45,33,Tahap-4
01/27/2025,10,35,45,10:35:45,1,Tahap-4
01/27/2025,10,35,45,10:35:45,115,Tahap-4
01/27/2025,10,35,45,10:35:45,45,Tahap-4
01/27/2025,10,35,45,10:35:45,54,Tahap-4
01/27/2025,10,35,45,10:35:45,30,Tahap-4
01/27/2025,10,35,46,10:35:46,30,Tahap-4
01/27/2025,10,35,46,10:35:46,56,Tahap-4
01/27/2025,10,35,46,10:35:46,55,Tahap-4
01/27/2025,10,35,46,10:35:46,21,Tahap-4
01/27/2025,10,35,46,10:35:46,103,Tahap-4
01/27/2025,10,35,46,10:35:46,35,Tahap-4
01/27/2025,10,35,46,10:35:46,38,Tahap-4
01/27/2025,10,35,46,10:35:46,29,Tahap-4
01/27/2025,10,35,46,10:35:46,34,Tahap-4
01/27/2025,10,35,46,10:35:46,32,Tahap-4
01/27/2025,10,35,47,10:35:47,-4,Tahap-4
01/27/2025,10,35,47,10:35:47,-1,Tahap-4
01/27/2025,10,35,47,10:35:47,2,Tahap-4
01/27/2025,10,35,47,10:35:47,-1,Tahap-4
01/27/2025,10,35,47,10:35:47,2,Tahap-4
01/27/2025,10,35,47,10:35:47,-3,Tahap-4
01/27/2025,10,35,47,10:35:47,2,Tahap-4
01/27/2025,10,35,47,10:35:47,-1,Tahap-4
01/27/2025,10,35,47,10:35:47,-2,Tahap-4
01/27/2025,10,35,48,10:35:48,1,Tahap-4
01/27/2025,10,35,48,10:35:48,-5,Tahap-4
01/27/2025,10,35,48,10:35:48,-1,Tahap-4
01/27/2025,10,35,48,10:35:48,1,Tahap-4
01/27/2025,10,35,48,10:35:48,-3,Tahap-4
01/27/2025,10,35,48,10:35:48,-2,Tahap-4
01/27/2025,10,35,49,10:35:49,1,Tahap-4
01/27/2025,10,35,49,10:35:49,-3,Tahap-4
01/27/2025,10,35,49,10:35:49,-4,Tahap-4
01/27/2025,10,35,49,10:35:49,-3,Tahap-4
01/27/2025,10,35,49,10:35:49,-5,Tahap-4
01/27/2025,10,35,49,10:35:49,-3,Tahap-4
01/27/2025,10,35,49,10:35:49,-3,Tahap-4
01/27/2025,10,35,49,10:35:49,-4,Tahap-4
01/27/2025,10,35,49,10:35:49,-7,Tahap-4
01/27/2025,10,35,49,10:35:49,-4,Tahap-4
01/27/2025,10,35,50,10:35:50,-3,Tahap-4
01/27/2025,10,35,50,10:35:50,-5,Tahap-4
01/27/2025,10,35,50,10:35:50,-3,Tahap-4
01/27/2025,10,35,50,10:35:50,-5,Tahap-4
01/27/2025,10,35,50,10:35:50,-2,Tahap-4
01/27/2025,10,35,50,10:35:50,-6,Tahap-4
01/27/2025,10,35,50,10:35:50,-4,Tahap-4
01/27/2025,10,35,50,10:35:50,-8,Tahap-4
01/27/2025,10,35,50,10:35:50,-3,Tahap-4
01/27/2025,10,35,51,10:35:51,-7,Tahap-4
01/27/2025,10,35,51,10:35:51,-2,Tahap-4
01/27/2025,10,35,51,10:35:51,-6,Tahap-4
01/27/2025,10,35,51,10:35:51,-4,Tahap-4
01/27/2025,10,35,51,10:35:51,-7,Tahap-4
01/27/2025,10,35,51,10:35:51,-7,Tahap-4
01/27/2025,10,35,51,10:35:51,-8,Tahap-4
01/27/2025,10,35,51,10:35:51,-6,Tahap-4
01/27/2025,10,35,51,10:35:51,-5,Tahap-4
01/27/2025,10,35,51,10:35:51,-6,Tahap-4
01/27/2025,10,35,52,10:35:52,-6,Tahap-4
01/27/2025,10,35,52,10:35:52,-8,Tahap-4
01/27/2025,10,35,52,10:35:52,-4,Tahap-4
01/27/2025,10,35,52,10:35:52,-5,Tahap-4
01/27/2025,10,35,52,10:35:52,-7,Tahap-4
01/27/2025,10,35,52,10:35:52,-7,Tahap-4
01/27/2025,10,35,52,10:35:52,-6,Tahap-4
01/27/2025,10,35,52,10:35:52,-9,Tahap-4
01/27/2025,10,35,52,10:35:52,-10,Tahap-4
01/27/2025,10,35,52,10:35:52,-4,Tahap-4
01/27/2025,10,35,53,10:35:53,-7,Tahap-4
01/27/2025,10,35,53,10:35:53,-10,Tahap-4
01/27/2025,10,35,53,10:35:53,-6,Tahap-4
01/27/2025,10,35,53,10:35:53,-8,Tahap-4
01/27/2025,10,35,53,10:35:53,-6,Tahap-4
01/27/2025,10,35,53,10:35:53,-8,Tahap-4
01/27/2025,10,35,53,10:35:53,-6,Tahap-4
01/27/2025,10,35,53,10:35:53,-8,Tahap-4
01/27/2025,10,35,53,10:35:53,-9,Tahap-4
01/27/2025,10,35,53,10:35:53,-7,Tahap-4
01/27/2025,10,35,54,10:35:54,-7,Tahap-4
01/27/2025,10,35,54,10:35:54,-10,Tahap-4
01/27/2025,10,35,54,10:35:54,-9,Tahap-4
01/27/2025,10,35,54,10:35:54,-10,Tahap-4
01/27/2025,10,35,54,10:35:54,-8,Tahap-4
01/27/2025,10,35,54,10:35:54,-7,Tahap-4
01/27/2025,10,35,54,10:35:54,-13,Tahap-4
01/27/2025,10,35,54,10:35:54,-8,Tahap-4
01/27/2025,10,35,54,10:35:54,-10,Tahap-4
01/27/2025,10,35,54,10:35:54,-8,Tahap-4
01/27/2025,10,35,55,10:35:55,-11,Tahap-4
01/27/2025,10,35,55,10:35:55,-10,Tahap-4
01/27/2025,10,35,55,10:35:55,-10,Tahap-4
01/27/2025,10,35,55,10:35:55,-10,Tahap-4
01/27/2025,10,35,55,10:35:55,-12,Tahap-4
01/27/2025,10,35,55,10:35:55,-11,Tahap-4
01/27/2025,10,35,55,10:35:55,-12,Tahap-4
01/27/2025,10,35,55,10:35:55,-13,Tahap-4
01/27/2025,10,35,55,10:35:55,-12,Tahap-4
01/27/2025,10,35,55,10:35:55,-12,Tahap-4
01/27/2025,10,35,56,10:35:56,-12,Tahap-4
01/27/2025,10,35,56,10:35:56,-13,Tahap-4
01/27/2025,10,35,56,10:35:56,-12,Tahap-4
01/27/2025,10,35,56,10:35:56,-9,Tahap-4
01/27/2025,10,35,56,10:35:56,-8,Tahap-4
01/27/2025,10,35,56,10:35:56,-16,Tahap-4
01/27/2025,10,35,56,10:35:56,-9,Tahap-4
01/27/2025,10,35,56,10:35:56,-12,Tahap-4
01/27/2025,10,35,56,10:35:56,-10,Tahap-4
01/27/2025,10,35,56,10:35:56,-17,Tahap-4
01/27/2025,10,35,57,10:35:57,-11,Tahap-4
01/27/2025,10,35,57,10:35:57,-14,Tahap-4
01/27/2025,10,35,57,10:35:57,-11,Tahap-4
01/27/2025,10,35,57,10:35:57,-15,Tahap-4
01/27/2025,10,35,57,10:35:57,-13,Tahap-4
01/27/2025,10,35,57,10:35:57,-17,Tahap-4
01/27/2025,10,35,57,10:35:57,-12,Tahap-4
01/27/2025,10,35,57,10:35:57,-13,Tahap-4
01/27/2025,10,35,57,10:35:57,-14,Tahap-4
01/27/2025,10,35,57,10:35:57,-14,Tahap-4
01/27/2025,10,35,58,10:35:58,-16,Tahap-4
01/27/2025,10,35,58,10:35:58,-12,Tahap-4
01/27/2025,10,35,58,10:35:58,-17,Tahap-4
01/27/2025,10,35,58,10:35:58,-11,Tahap-4
01/27/2025,10,35,58,10:35:58,-15,Tahap-4
01/27/2025,10,35,58,10:35:58,-14,Tahap-4
01/27/2025,10,35,58,10:35:58,-15,Tahap-4
01/27/2025,10,35,58,10:35:58,-17,Tahap-4
01/27/2025,10,35,58,10:35:58,-13,Tahap-4
01/27/2025,10,35,58,10:35:58,-17,Tahap-4
01/27/2025,10,35,59,10:35:59,-13,Tahap-4
01/27/2025,10,35,59,10:35:59,-17,Tahap-4
01/27/2025,10,35,59,10:35:59,-17,Tahap-4
01/27/2025,10,35,59,10:35:59,-16,Tahap-4
01/27/2025,10,35,59,10:35:59,-16,Tahap-4
01/27/2025,10,35,59,10:35:59,-15,Tahap-4
01/27/2025,10,35,59,10:35:59,-17,Tahap-4
01/27/2025,10,35,59,10:35:59,-15,Tahap-4
01/27/2025,10,35,59,10:35:59,-18,Tahap-4
01/27/2025,10,36,24,10:36:24,1970,Tahap-4
01/27/2025,10,36,24,10:36:24,867,Tahap-4
01/27/2025,10,36,24,10:36:24,406,Tahap-4
01/27/2025,10,36,24,10:36:24,424,Tahap-4
01/27/2025,10,36,24,10:36:24,480,Tahap-4
01/27/2025,10,36,24,10:36:24,338,Tahap-4
01/27/2025,10,36,24,10:36:24,161,Tahap-4
01/27/2025,10,36,24,10:36:24,50,Tahap-4
01/27/2025,10,36,25,10:36:25,76,Tahap-4
01/27/2025,10,36,25,10:36:25,158,Tahap-4
01/27/2025,10,36,25,10:36:25,122,Tahap-4
01/27/2025,10,36,25,10:36:25,95,Tahap-4
01/27/2025,10,36,25,10:36:25,166,Tahap-4
01/27/2025,10,36,25,10:36:25,159,Tahap-4
01/27/2025,10,36,25,10:36:25,75,Tahap-4
01/27/2025,10,36,25,10:36:25,54,Tahap-4
01/27/2025,10,36,25,10:36:25,111,Tahap-4
01/27/2025,10,36,25,10:36:25,32,Tahap-4
01/27/2025,10,36,26,10:36:26,76,Tahap-4
01/27/2025,10,36,26,10:36:26,93,Tahap-4
01/27/2025,10,36,26,10:36:26,99,Tahap-4
01/27/2025,10,36,26,10:36:26,151,Tahap-4
01/27/2025,10,36,26,10:36:26,994,Tahap-4
01/27/2025,10,36,26,10:36:26,943,Tahap-4
01/27/2025,10,36,26,10:36:26,473,Tahap-4
01/27/2025,10,36,26,10:36:26,289,Tahap-4
01/27/2025,10,36,26,10:36:26,309,Tahap-4
01/27/2025,10,36,26,10:36:26,188,Tahap-4
01/27/2025,10,36,27,10:36:27,191,Tahap-4
01/27/2025,10,36,27,10:36:27,42,Tahap-4
01/27/2025,10,36,27,10:36:27,94,Tahap-4
01/27/2025,10,36,27,10:36:27,193,Tahap-4
01/27/2025,10,36,27,10:36:27,148,Tahap-4
01/27/2025,10,36,27,10:36:27,24,Tahap-4
01/27/2025,10,36,27,10:36:27,56,Tahap-4
01/27/2025,10,36,27,10:36:27,88,Tahap-4
01/27/2025,10,36,27,10:36:27,121,Tahap-4
01/27/2025,10,36,27,10:36:27,142,Tahap-4
01/27/2025,10,36,28,10:36:28,160,Tahap-4
01/27/2025,10,36,28,10:36:28,112,Tahap-4
01/27/2025,10,36,28,10:36:28,244,Tahap-4
01/27/2025,10,36,28,10:36:28,402,Tahap-4
01/27/2025,10,36,28,10:36:28,146,Tahap-4
01/27/2025,10,36,28,10:36:28,110,Tahap-4
01/27/2025,10,36,28,10:36:28,47,Tahap-4
01/27/2025,10,36,28,10:36:28,95,Tahap-4
01/27/2025,10,36,28,10:36:28,409,Tahap-4
01/27/2025,10,36,28,10:36:28,245,Tahap-4
01/27/2025,10,36,29,10:36:29,197,Tahap-4
01/27/2025,10,36,29,10:36:29,130,Tahap-4
01/27/2025,10,36,29,10:36:29,86,Tahap-4
01/27/2025,10,36,29,10:36:29,56,Tahap-4
01/27/2025,10,36,29,10:36:29,10,Tahap-4
01/27/2025,10,36,29,10:36:29,142,Tahap-4
01/27/2025,10,36,29,10:36:29,82,Tahap-4
01/27/2025,10,36,29,10:36:29,83,Tahap-4
01/27/2025,10,36,29,10:36:29,19,Tahap-4
01/27/2025,10,36,29,10:36:29,42,Tahap-4
01/27/2025,10,36,30,10:36:30,262,Tahap-4
01/27/2025,10,36,30,10:36:30,70,Tahap-4
01/27/2025,10,36,30,10:36:30,98,Tahap-4
01/27/2025,10,36,30,10:36:30,54,Tahap-4
01/27/2025,10,36,30,10:36:30,98,Tahap-4
01/27/2025,10,36,30,10:36:30,124,Tahap-4
01/27/2025,10,36,30,10:36:30,94,Tahap-4
01/27/2025,10,36,30,10:36:30,134,Tahap-4
01/27/2025,10,36,30,10:36:30,122,Tahap-4
01/27/2025,10,36,30,10:36:30,202,Tahap-4
01/27/2025,10,36,31,10:36:31,67,Tahap-4
01/27/2025,10,36,31,10:36:31,180,Tahap-4
01/27/2025,10,36,31,10:36:31,182,Tahap-4
01/27/2025,10,36,31,10:36:31,807,Tahap-4
01/27/2025,10,36,31,10:36:31,150,Tahap-4
01/27/2025,10,36,31,10:36:31,369,Tahap-4
01/27/2025,10,36,31,10:36:31,144,Tahap-4
01/27/2025,10,36,31,10:36:31,193,Tahap-4
01/27/2025,10,36,31,10:36:31,160,Tahap-4
01/27/2025,10,36,31,10:36:31,171,Tahap-4
01/27/2025,10,36,32,10:36:32,277,Tahap-4
01/27/2025,10,36,32,10:36:32,49,Tahap-4
01/27/2025,10,36,32,10:36:32,175,Tahap-4
01/27/2025,10,36,32,10:36:32,147,Tahap-4
01/27/2025,10,36,32,10:36:32,655,Tahap-4
01/27/2025,10,36,32,10:36:32,618,Tahap-4
01/27/2025,10,36,32,10:36:32,193,Tahap-4
01/27/2025,10,36,32,10:36:32,148,Tahap-4
01/27/2025,10,36,32,10:36:32,345,Tahap-4
01/27/2025,10,36,32,10:36:32,214,Tahap-4
01/27/2025,10,36,33,10:36:33,280,Tahap-4
01/27/2025,10,36,33,10:36:33,213,Tahap-4
01/27/2025,10,36,33,10:36:33,329,Tahap-4
01/27/2025,10,36,33,10:36:33,247,Tahap-4
01/27/2025,10,36,33,10:36:33,278,Tahap-4
01/27/2025,10,36,33,10:36:33,434,Tahap-4
01/27/2025,10,36,33,10:36:33,675,Tahap-4
01/27/2025,10,36,33,10:36:33,984,Tahap-4
01/27/2025,10,36,33,10:36:33,617,Tahap-4
01/27/2025,10,36,33,10:36:33,186,Tahap-4
01/27/2025,10,36,34,10:36:34,368,Tahap-4
01/27/2025,10,36,34,10:36:34,292,Tahap-4
01/27/2025,10,36,34,10:36:34,135,Tahap-4
01/27/2025,10,36,34,10:36:34,75,Tahap-4
01/27/2025,10,36,34,10:36:34,91,Tahap-4
01/27/2025,10,36,34,10:36:34,132,Tahap-4
01/27/2025,10,36,34,10:36:34,78,Tahap-4
01/27/2025,10,36,35,10:36:35,166,Tahap-4
01/27/2025,10,36,35,10:36:35,208,Tahap-4
01/27/2025,10,36,35,10:36:35,330,Tahap-4
01/27/2025,10,36,35,10:36:35,339,Tahap-4
01/27/2025,10,36,35,10:36:35,65,Tahap-4
01/27/2025,10,36,35,10:36:35,403,Tahap-4
01/27/2025,10,36,35,10:36:35,80,Tahap-4
01/27/2025,10,36,35,10:36:35,380,Tahap-4
01/27/2025,10,36,35,10:36:35,205,Tahap-4
01/27/2025,10,36,35,10:36:35,106,Tahap-4
01/27/2025,10,36,35,10:36:35,205,Tahap-4
01/27/2025,10,36,35,10:36:35,228,Tahap-4
01/27/2025,10,36,35,10:36:35,276,Tahap-4
01/27/2025,10,36,36,10:36:36,696,Tahap-4
01/27/2025,10,36,36,10:36:36,549,Tahap-4
01/27/2025,10,36,36,10:36:36,580,Tahap-4
01/27/2025,10,36,36,10:36:36,515,Tahap-4
01/27/2025,10,36,36,10:36:36,582,Tahap-4
01/27/2025,10,36,36,10:36:36,330,Tahap-4
01/27/2025,10,36,36,10:36:36,848,Tahap-4
01/27/2025,10,36,36,10:36:36,288,Tahap-4
01/27/2025,10,36,36,10:36:36,159,Tahap-4
01/27/2025,10,36,36,10:36:36,-48,Tahap-4
01/27/2025,10,36,37,10:36:37,-64,Tahap-4
01/27/2025,10,36,37,10:36:37,-224,Tahap-4
01/27/2025,10,36,37,10:36:37,136,Tahap-4
01/27/2025,10,36,37,10:36:37,8,Tahap-4
01/27/2025,10,36,37,10:36:37,-152,Tahap-4
01/27/2025,10,36,37,10:36:37,312,Tahap-4
01/27/2025,10,36,37,10:36:37,-32,Tahap-4
01/27/2025,10,36,37,10:36:37,-136,Tahap-4
01/27/2025,10,36,37,10:36:37,-32,Tahap-4
01/27/2025,10,36,38,10:36:38,-8,Tahap-4
01/27/2025,10,36,38,10:36:38,-264,Tahap-4
01/27/2025,10,36,38,10:36:38,-8,Tahap-4
01/27/2025,10,36,38,10:36:38,-208,Tahap-4
01/27/2025,10,36,38,10:36:38,112,Tahap-4
01/27/2025,10,36,38,10:36:38,-320,Tahap-4
01/27/2025,10,36,38,10:36:38,232,Tahap-4
01/27/2025,10,36,38,10:36:38,24,Tahap-4
01/27/2025,10,36,38,10:36:38,104,Tahap-4
01/27/2025,10,36,38,10:36:38,-256,Tahap-4
01/27/2025,10,36,39,10:36:39,-24,Tahap-4
01/27/2025,10,36,39,10:36:39,-344,Tahap-4
01/27/2025,10,36,39,10:36:39,184,Tahap-4
01/27/2025,10,36,39,10:36:39,-384,Tahap-4
01/27/2025,10,36,39,10:36:39,112,Tahap-4
01/27/2025,10,36,39,10:36:39,-136,Tahap-4
01/27/2025,10,36,39,10:36:39,-208,Tahap-4
01/27/2025,10,36,39,10:36:39,56,Tahap-4
01/27/2025,10,36,39,10:36:39,192,Tahap-4
01/27/2025,10,36,39,10:36:39,-128,Tahap-4
01/27/2025,10,36,40,10:36:40,-40,Tahap-4
01/27/2025,10,36,40,10:36:40,-120,Tahap-4
01/27/2025,10,36,40,10:36:40,-304,Tahap-4
01/27/2025,10,36,40,10:36:40,-32,Tahap-4
01/27/2025,10,36,40,10:36:40,-240,Tahap-4
01/27/2025,10,36,40,10:36:40,168,Tahap-4
01/27/2025,10,36,40,10:36:40,-240,Tahap-4
01/27/2025,10,36,40,10:36:40,72,Tahap-4
01/27/2025,10,36,40,10:36:40,40,Tahap-4
01/27/2025,10,36,40,10:36:40,48,Tahap-4
01/27/2025,10,36,41,10:36:41,-72,Tahap-4
01/27/2025,10,36,41,10:36:41,80,Tahap-4
01/27/2025,10,36,41,10:36:41,-392,Tahap-4
01/27/2025,10,36,41,10:36:41,8,Tahap-4
01/27/2025,10,36,41,10:36:41,-312,Tahap-4
01/27/2025,10,36,41,10:36:41,-160,Tahap-4
01/27/2025,10,36,41,10:36:41,8,Tahap-4
01/27/2025,10,36,41,10:36:41,-176,Tahap-4
01/27/2025,10,36,41,10:36:41,-56,Tahap-4
01/27/2025,10,36,41,10:36:41,320,Tahap-4
01/27/2025,10,36,42,10:36:42,-160,Tahap-4
01/27/2025,10,36,42,10:36:42,-48,Tahap-4
01/27/2025,10,36,42,10:36:42,-48,Tahap-4
01/27/2025,10,36,42,10:36:42,-136,Tahap-4
01/27/2025,10,36,42,10:36:42,-376,Tahap-4
01/27/2025,10,36,42,10:36:42,-48,Tahap-4
01/27/2025,10,36,42,10:36:42,-200,Tahap-4
01/27/2025,10,36,42,10:36:42,-240,Tahap-4
01/27/2025,10,36,42,10:36:42,-64,Tahap-4
01/27/2025,10,36,42,10:36:42,144,Tahap-4
01/27/2025,10,36,43,10:36:43,-96,Tahap-4
01/27/2025,10,36,43,10:36:43,96,Tahap-4
01/27/2025,10,36,43,10:36:43,-88,Tahap-4
01/27/2025,10,36,43,10:36:43,-448,Tahap-4
01/27/2025,10,36,43,10:36:43,-144,Tahap-4
01/27/2025,10,36,43,10:36:43,-304,Tahap-4
01/27/2025,10,36,43,10:36:43,-64,Tahap-4
01/27/2025,10,36,43,10:36:43,-192,Tahap-4
01/27/2025,10,36,43,10:36:43,-176,Tahap-4
01/27/2025,10,36,43,10:36:43,-112,Tahap-4
01/27/2025,10,36,44,10:36:44,-72,Tahap-4
01/27/2025,10,36,44,10:36:44,80,Tahap-4
01/27/2025,10,36,44,10:36:44,-128,Tahap-4
01/27/2025,10,36,44,10:36:44,-152,Tahap-4
01/27/2025,10,36,44,10:36:44,-88,Tahap-4
01/27/2025,10,36,44,10:36:44,-424,Tahap-4
01/27/2025,10,36,44,10:36:44,-120,Tahap-4
01/27/2025,10,36,44,10:36:44,-392,Tahap-4
01/27/2025,10,36,44,10:36:44,136,Tahap-4
01/27/2025,10,36,44,10:36:44,-208,Tahap-4
01/27/2025,10,36,45,10:36:45,-128,Tahap-4
01/27/2025,10,36,45,10:36:45,40,Tahap-4
01/27/2025,10,36,45,10:36:45,40,Tahap-4
01/27/2025,10,36,45,10:36:45,112,Tahap-4
01/27/2025,10,36,45,10:36:45,-72,Tahap-4
01/27/2025,10,36,45,10:36:45,-144,Tahap-4
01/27/2025,10,36,45,10:36:45,-336,Tahap-4
01/27/2025,10,36,45,10:36:45,-176,Tahap-4
01/27/2025,10,36,45,10:36:45,-368,Tahap-4
01/27/2025,10,36,45,10:36:45,152,Tahap-4
01/27/2025,10,36,46,10:36:46,-112,Tahap-4
01/27/2025,10,36,46,10:36:46,-120,Tahap-4
01/27/2025,10,36,46,10:36:46,512,Tahap-4
01/27/2025,10,36,46,10:36:46,-168,Tahap-4
01/27/2025,10,36,46,10:36:46,-160,Tahap-4
01/27/2025,10,36,46,10:36:46,40,Tahap-4
01/27/2025,10,36,46,10:36:46,-168,Tahap-4
01/27/2025,10,36,46,10:36:46,-264,Tahap-4
01/27/2025,10,36,46,10:36:46,-208,Tahap-4
01/27/2025,10,36,46,10:36:46,-104,Tahap-4
01/27/2025,10,36,47,10:36:47,-144,Tahap-4
01/27/2025,10,36,47,10:36:47,-248,Tahap-4
01/27/2025,10,36,47,10:36:47,184,Tahap-4
01/27/2025,10,36,47,10:36:47,32,Tahap-4
01/27/2025,10,36,47,10:36:47,-8,Tahap-4
01/27/2025,10,36,47,10:36:47,-72,Tahap-4
01/27/2025,10,36,47,10:36:47,-200,Tahap-4
01/27/2025,10,36,47,10:36:47,-288,Tahap-4
01/27/2025,10,36,47,10:36:47,-48,Tahap-4
01/27/2025,10,36,47,10:36:47,-392,Tahap-4
01/27/2025,10,36,48,10:36:48,48,Tahap-4
01/27/2025,10,36,48,10:36:48,-72,Tahap-4
01/27/2025,10,36,48,10:36:48,-208,Tahap-4
01/27/2025,10,36,48,10:36:48,64,Tahap-4
01/27/2025,10,36,48,10:36:48,192,Tahap-4
01/27/2025,10,36,48,10:36:48,-224,Tahap-4
01/27/2025,10,36,48,10:36:48,-32,Tahap-4
01/27/2025,10,36,48,10:36:48,-184,Tahap-4
01/27/2025,10,36,48,10:36:48,-296,Tahap-4
01/27/2025,10,36,48,10:36:48,-200,Tahap-4
01/27/2025,10,36,49,10:36:49,-304,Tahap-4
01/27/2025,10,36,49,10:36:49,72,Tahap-4
01/27/2025,10,36,49,10:36:49,-264,Tahap-4
01/27/2025,10,36,49,10:36:49,104,Tahap-4
01/27/2025,10,36,49,10:36:49,32,Tahap-4
01/27/2025,10,36,49,10:36:49,48,Tahap-4
01/27/2025,10,36,49,10:36:49,80,Tahap-4
01/27/2025,10,37,14,10:37:14,1312,Tahap-4
01/27/2025,10,37,14,10:37:14,547,Tahap-4
01/27/2025,10,37,14,10:37:14,316,Tahap-4
01/27/2025,10,37,14,10:37:14,87,Tahap-4
01/27/2025,10,37,14,10:37:14,270,Tahap-4
01/27/2025,10,37,14,10:37:14,37,Tahap-4
01/27/2025,10,37,14,10:37:14,110,Tahap-4
01/27/2025,10,37,14,10:37:14,87,Tahap-4
01/27/2025,10,37,15,10:37:15,34,Tahap-4
01/27/2025,10,37,15,10:37:15,45,Tahap-4
01/27/2025,10,37,15,10:37:15,77,Tahap-4
01/27/2025,10,37,15,10:37:15,170,Tahap-4
01/27/2025,10,37,15,10:37:15,80,Tahap-4
01/27/2025,10,37,15,10:37:15,125,Tahap-4
01/27/2025,10,37,15,10:37:15,103,Tahap-4
01/27/2025,10,37,15,10:37:15,93,Tahap-4
01/27/2025,10,37,15,10:37:15,258,Tahap-4
01/27/2025,10,37,15,10:37:15,55,Tahap-4
01/27/2025,10,37,16,10:37:16,134,Tahap-4
01/27/2025,10,37,16,10:37:16,121,Tahap-4
01/27/2025,10,37,16,10:37:16,116,Tahap-4
01/27/2025,10,37,16,10:37:16,152,Tahap-4
01/27/2025,10,37,16,10:37:16,1074,Tahap-4
01/27/2025,10,37,16,10:37:16,456,Tahap-4
01/27/2025,10,37,16,10:37:16,723,Tahap-4
01/27/2025,10,37,16,10:37:16,273,Tahap-4
01/27/2025,10,37,16,10:37:16,132,Tahap-4
01/27/2025,10,37,16,10:37:16,104,Tahap-4
01/27/2025,10,37,17,10:37:17,200,Tahap-4
01/27/2025,10,37,17,10:37:17,306,Tahap-4
01/27/2025,10,37,17,10:37:17,45,Tahap-4
01/27/2025,10,37,17,10:37:17,3,Tahap-4
01/27/2025,10,37,17,10:37:17,6,Tahap-4
01/27/2025,10,37,17,10:37:17,95,Tahap-4
01/27/2025,10,37,17,10:37:17,90,Tahap-4
01/27/2025,10,37,17,10:37:17,97,Tahap-4
01/27/2025,10,37,17,10:37:17,35,Tahap-4
01/27/2025,10,37,17,10:37:17,29,Tahap-4
01/27/2025,10,37,18,10:37:18,142,Tahap-4
01/27/2025,10,37,18,10:37:18,196,Tahap-4
01/27/2025,10,37,18,10:37:18,56,Tahap-4
01/27/2025,10,37,18,10:37:18,88,Tahap-4
01/27/2025,10,37,18,10:37:18,356,Tahap-4
01/27/2025,10,37,18,10:37:18,188,Tahap-4
01/27/2025,10,37,18,10:37:18,127,Tahap-4
01/27/2025,10,37,18,10:37:18,95,Tahap-4
01/27/2025,10,37,18,10:37:18,241,Tahap-4
01/27/2025,10,37,18,10:37:18,353,Tahap-4
01/27/2025,10,37,19,10:37:19,228,Tahap-4
01/27/2025,10,37,19,10:37:19,98,Tahap-4
01/27/2025,10,37,19,10:37:19,52,Tahap-4
01/27/2025,10,37,19,10:37:19,51,Tahap-4
01/27/2025,10,37,19,10:37:19,48,Tahap-4
01/27/2025,10,37,19,10:37:19,51,Tahap-4
01/27/2025,10,37,19,10:37:19,114,Tahap-4
01/27/2025,10,37,19,10:37:19,30,Tahap-4
01/27/2025,10,37,19,10:37:19,14,Tahap-4
01/27/2025,10,37,19,10:37:19,58,Tahap-4
01/27/2025,10,37,20,10:37:20,120,Tahap-4
01/27/2025,10,37,20,10:37:20,182,Tahap-4
01/27/2025,10,37,20,10:37:20,137,Tahap-4
01/27/2025,10,37,20,10:37:20,145,Tahap-4
01/27/2025,10,37,20,10:37:20,122,Tahap-4
01/27/2025,10,37,20,10:37:20,64,Tahap-4
01/27/2025,10,37,20,10:37:20,169,Tahap-4
01/27/2025,10,37,20,10:37:20,120,Tahap-4
01/27/2025,10,37,20,10:37:20,157,Tahap-4
01/27/2025,10,37,20,10:37:20,171,Tahap-4
01/27/2025,10,37,21,10:37:21,241,Tahap-4
01/27/2025,10,37,21,10:37:21,277,Tahap-4
01/27/2025,10,37,21,10:37:21,487,Tahap-4
01/27/2025,10,37,21,10:37:21,434,Tahap-4
01/27/2025,10,37,21,10:37:21,586,Tahap-4
01/27/2025,10,37,21,10:37:21,204,Tahap-4
01/27/2025,10,37,21,10:37:21,97,Tahap-4
01/27/2025,10,37,21,10:37:21,84,Tahap-4
01/27/2025,10,37,21,10:37:21,81,Tahap-4
01/27/2025,10,37,21,10:37:21,180,Tahap-4
01/27/2025,10,37,22,10:37:22,57,Tahap-4
01/27/2025,10,37,22,10:37:22,32,Tahap-4
01/27/2025,10,37,22,10:37:22,138,Tahap-4
01/27/2025,10,37,22,10:37:22,27,Tahap-4
01/27/2025,10,37,22,10:37:22,129,Tahap-4
01/27/2025,10,37,22,10:37:22,202,Tahap-4
01/27/2025,10,37,22,10:37:22,264,Tahap-4
01/27/2025,10,37,22,10:37:22,484,Tahap-4
01/27/2025,10,37,22,10:37:22,353,Tahap-4
01/27/2025,10,37,22,10:37:22,113,Tahap-4
01/27/2025,10,37,23,10:37:23,140,Tahap-4
01/27/2025,10,37,23,10:37:23,407,Tahap-4
01/27/2025,10,37,23,10:37:23,57,Tahap-4
01/27/2025,10,37,23,10:37:23,425,Tahap-4
01/27/2025,10,37,23,10:37:23,295,Tahap-4
01/27/2025,10,37,23,10:37:23,591,Tahap-4
01/27/2025,10,37,23,10:37:23,1103,Tahap-4
01/27/2025,10,37,23,10:37:23,919,Tahap-4
01/27/2025,10,37,23,10:37:23,458,Tahap-4
01/27/2025,10,37,23,10:37:23,275,Tahap-4
01/27/2025,10,37,23,10:37:23,498,Tahap-4
01/27/2025,10,37,24,10:37:24,56,Tahap-4
01/27/2025,10,37,24,10:37:24,164,Tahap-4
01/27/2025,10,37,24,10:37:24,242,Tahap-4
01/27/2025,10,37,24,10:37:24,40,Tahap-4
01/27/2025,10,37,24,10:37:24,143,Tahap-4
01/27/2025,10,37,24,10:37:24,150,Tahap-4
01/27/2025,10,37,24,10:37:24,49,Tahap-4
01/27/2025,10,37,24,10:37:24,55,Tahap-4
01/27/2025,10,37,24,10:37:24,347,Tahap-4
01/27/2025,10,37,24,10:37:24,214,Tahap-4
01/27/2025,10,37,25,10:37:25,549,Tahap-4
01/27/2025,10,37,25,10:37:25,266,Tahap-4
01/27/2025,10,37,25,10:37:25,53,Tahap-4
01/27/2025,10,37,25,10:37:25,152,Tahap-4
01/27/2025,10,37,25,10:37:25,403,Tahap-4
01/27/2025,10,37,25,10:37:25,190,Tahap-4
01/27/2025,10,37,25,10:37:25,193,Tahap-4
01/27/2025,10,37,25,10:37:25,272,Tahap-4
01/27/2025,10,37,25,10:37:25,79,Tahap-4
01/27/2025,10,37,25,10:37:25,88,Tahap-4
01/27/2025,10,37,26,10:37:26,1355,Tahap-4
01/27/2025,10,37,26,10:37:26,274,Tahap-4
01/27/2025,10,37,26,10:37:26,453,Tahap-4
01/27/2025,10,37,26,10:37:26,336,Tahap-4
01/27/2025,10,37,26,10:37:26,132,Tahap-4
01/27/2025,10,37,26,10:37:26,83,Tahap-4
01/27/2025,10,37,26,10:37:26,258,Tahap-4
01/27/2025,10,37,26,10:37:26,265,Tahap-4
01/27/2025,10,37,26,10:37:26,-136,Tahap-4
01/27/2025,10,37,26,10:37:26,-32,Tahap-4
01/27/2025,10,37,27,10:37:27,16,Tahap-4
01/27/2025,10,37,27,10:37:27,-168,Tahap-4
01/27/2025,10,37,27,10:37:27,32,Tahap-4
01/27/2025,10,37,27,10:37:27,-296,Tahap-4
01/27/2025,10,37,27,10:37:27,96,Tahap-4
01/27/2025,10,37,27,10:37:27,-128,Tahap-4
01/27/2025,10,37,27,10:37:27,-120,Tahap-4
01/27/2025,10,37,27,10:37:27,24,Tahap-4
01/27/2025,10,37,27,10:37:27,168,Tahap-4
01/27/2025,10,37,27,10:37:27,-224,Tahap-4
01/27/2025,10,37,28,10:37:28,-120,Tahap-4
01/27/2025,10,37,28,10:37:28,-64,Tahap-4
01/27/2025,10,37,28,10:37:28,-168,Tahap-4
01/27/2025,10,37,28,10:37:28,-88,Tahap-4
01/27/2025,10,37,28,10:37:28,-248,Tahap-4
01/27/2025,10,37,28,10:37:28,24,Tahap-4
01/27/2025,10,37,28,10:37:28,-56,Tahap-4
01/27/2025,10,37,28,10:37:28,-200,Tahap-4
01/27/2025,10,37,28,10:37:28,312,Tahap-4
01/27/2025,10,37,28,10:37:28,-40,Tahap-4
01/27/2025,10,37,29,10:37:29,-48,Tahap-4
01/27/2025,10,37,29,10:37:29,-112,Tahap-4
01/27/2025,10,37,29,10:37:29,-184,Tahap-4
01/27/2025,10,37,29,10:37:29,-160,Tahap-4
01/27/2025,10,37,29,10:37:29,8,Tahap-4
01/27/2025,10,37,29,10:37:29,-288,Tahap-4
01/27/2025,10,37,29,10:37:29,264,Tahap-4
01/27/2025,10,37,29,10:37:29,-248,Tahap-4
01/27/2025,10,37,29,10:37:29,40,Tahap-4
01/27/2025,10,37,29,10:37:29,120,Tahap-4
01/27/2025,10,37,30,10:37:30,208,Tahap-4
01/27/2025,10,37,30,10:37:30,-272,Tahap-4
01/27/2025,10,37,30,10:37:30,144,Tahap-4
01/27/2025,10,37,30,10:37:30,-488,Tahap-4
01/27/2025,10,37,30,10:37:30,128,Tahap-4
01/27/2025,10,37,30,10:37:30,-160,Tahap-4
01/27/2025,10,37,30,10:37:30,80,Tahap-4
01/27/2025,10,37,30,10:37:30,24,Tahap-4
01/27/2025,10,37,30,10:37:30,-48,Tahap-4
01/27/2025,10,37,30,10:37:30,104,Tahap-4
01/27/2025,10,37,31,10:37:31,120,Tahap-4
01/27/2025,10,37,31,10:37:31,136,Tahap-4
01/27/2025,10,37,31,10:37:31,48,Tahap-4
01/27/2025,10,37,31,10:37:31,-136,Tahap-4
01/27/2025,10,37,31,10:37:31,-112,Tahap-4
01/27/2025,10,37,31,10:37:31,-152,Tahap-4
01/27/2025,10,37,31,10:37:31,-280,Tahap-4
01/27/2025,10,37,31,10:37:31,184,Tahap-4
01/27/2025,10,37,31,10:37:31,-112,Tahap-4
01/27/2025,10,37,31,10:37:31,-48,Tahap-4
01/27/2025,10,37,32,10:37:32,208,Tahap-4
01/27/2025,10,37,32,10:37:32,56,Tahap-4
01/27/2025,10,37,32,10:37:32,-144,Tahap-4
01/27/2025,10,37,32,10:37:32,200,Tahap-4
01/27/2025,10,37,32,10:37:32,-328,Tahap-4
01/27/2025,10,37,32,10:37:32,-120,Tahap-4
01/27/2025,10,37,32,10:37:32,-152,Tahap-4
01/27/2025,10,37,32,10:37:32,-216,Tahap-4
01/27/2025,10,37,32,10:37:32,200,Tahap-4
01/27/2025,10,37,32,10:37:32,-176,Tahap-4
01/27/2025,10,37,33,10:37:33,184,Tahap-4
01/27/2025,10,37,33,10:37:33,56,Tahap-4
01/27/2025,10,37,33,10:37:33,152,Tahap-4
01/27/2025,10,37,33,10:37:33,-144,Tahap-4
01/27/2025,10,37,33,10:37:33,56,Tahap-4
01/27/2025,10,37,33,10:37:33,-384,Tahap-4
01/27/2025,10,37,33,10:37:33,160,Tahap-4
01/27/2025,10,37,33,10:37:33,-400,Tahap-4
01/27/2025,10,37,33,10:37:33,80,Tahap-4
01/27/2025,10,37,33,10:37:33,-80,Tahap-4
01/27/2025,10,37,34,10:37:34,136,Tahap-4
01/27/2025,10,37,34,10:37:34,-8,Tahap-4
01/27/2025,10,37,34,10:37:34,216,Tahap-4
01/27/2025,10,37,34,10:37:34,-160,Tahap-4
01/27/2025,10,37,34,10:37:34,112,Tahap-4
01/27/2025,10,37,34,10:37:34,-416,Tahap-4
01/27/2025,10,37,34,10:37:34,-120,Tahap-4
01/27/2025,10,37,35,10:37:35,184,Tahap-4
01/27/2025,10,37,35,10:37:35,-136,Tahap-4
01/27/2025,10,37,35,10:37:35,-104,Tahap-4
01/27/2025,10,37,35,10:37:35,120,Tahap-4
01/27/2025,10,37,35,10:37:35,-32,Tahap-4
01/27/2025,10,37,35,10:37:35,-8,Tahap-4
01/27/2025,10,37,35,10:37:35,304,Tahap-4
01/27/2025,10,37,35,10:37:35,72,Tahap-4
01/27/2025,10,37,35,10:37:35,-104,Tahap-4
01/27/2025,10,37,35,10:37:35,-176,Tahap-4
01/27/2025,10,37,35,10:37:35,96,Tahap-4
01/27/2025,10,37,35,10:37:35,-128,Tahap-4
01/27/2025,10,37,36,10:37:36,-32,Tahap-4
01/27/2025,10,37,36,10:37:36,8,Tahap-4
01/27/2025,10,37,36,10:37:36,48,Tahap-4
01/27/2025,10,37,36,10:37:36,-40,Tahap-4
01/27/2025,10,37,36,10:37:36,296,Tahap-4
01/27/2025,10,37,36,10:37:36,48,Tahap-4
01/27/2025,10,37,36,10:37:36,136,Tahap-4
01/27/2025,10,37,36,10:37:36,-320,Tahap-4
01/27/2025,10,37,36,10:37:36,232,Tahap-4
01/27/2025,10,37,36,10:37:36,-168,Tahap-4
01/27/2025,10,37,37,10:37:37,8,Tahap-4
01/27/2025,10,37,37,10:37:37,80,Tahap-4
01/27/2025,10,37,37,10:37:37,232,Tahap-4
01/27/2025,10,37,37,10:37:37,-120,Tahap-4
01/27/2025,10,37,37,10:37:37,384,Tahap-4
01/27/2025,10,37,37,10:37:37,-72,Tahap-4
01/27/2025,10,37,37,10:37:37,256,Tahap-4
01/27/2025,10,37,37,10:37:37,-40,Tahap-4
01/27/2025,10,37,37,10:37:37,-176,Tahap-4
01/27/2025,10,37,37,10:37:37,288,Tahap-4
01/27/2025,10,37,38,10:37:38,-64,Tahap-4
01/27/2025,10,37,38,10:37:38,-8,Tahap-4
01/27/2025,10,37,38,10:37:38,128,Tahap-4
01/27/2025,10,37,38,10:37:38,152,Tahap-4
01/27/2025,10,37,38,10:37:38,120,Tahap-4
01/27/2025,10,37,38,10:37:38,168,Tahap-4
01/27/2025,10,37,38,10:37:38,112,Tahap-4
01/27/2025,10,37,38,10:37:38,-24,Tahap-4
01/27/2025,10,37,38,10:37:38,64,Tahap-4
01/27/2025,10,37,38,10:37:38,-200,Tahap-4
01/27/2025,10,37,39,10:37:39,304,Tahap-4
01/27/2025,10,37,39,10:37:39,-128,Tahap-4
01/27/2025,10,37,39,10:37:39,160,Tahap-4
01/27/2025,10,37,39,10:37:39,88,Tahap-4
01/27/2025,10,37,39,10:37:39,24,Tahap-4
01/27/2025,10,37,39,10:37:39,112,Tahap-4
01/27/2025,10,37,39,10:37:39,232,Tahap-4
01/27/2025,10,38,4,10:38:04,2359,Tahap-4
01/27/2025,10,38,4,10:38:04,1062,Tahap-4
01/27/2025,10,38,4,10:38:04,863,Tahap-4
01/27/2025,10,38,4,10:38:04,591,Tahap-4
01/27/2025,10,38,4,10:38:04,539,Tahap-4
01/27/2025,10,38,4,10:38:04,377,Tahap-4
01/27/2025,10,38,5,10:38:05,272,Tahap-4
01/27/2025,10,38,5,10:38:05,188,Tahap-4
01/27/2025,10,38,5,10:38:05,341,Tahap-4
01/27/2025,10,38,5,10:38:05,206,Tahap-4
01/27/2025,10,38,5,10:38:05,237,Tahap-4
01/27/2025,10,38,5,10:38:05,171,Tahap-4
01/27/2025,10,38,5,10:38:05,168,Tahap-4
01/27/2025,10,38,5,10:38:05,191,Tahap-4
01/27/2025,10,38,5,10:38:05,235,Tahap-4
01/27/2025,10,38,5,10:38:05,204,Tahap-4
01/27/2025,10,38,5,10:38:05,213,Tahap-4
01/27/2025,10,38,5,10:38:05,177,Tahap-4
01/27/2025,10,38,5,10:38:05,54,Tahap-4
01/27/2025,10,38,6,10:38:06,177,Tahap-4
01/27/2025,10,38,6,10:38:06,296,Tahap-4
01/27/2025,10,38,6,10:38:06,252,Tahap-4
01/27/2025,10,38,6,10:38:06,618,Tahap-4
01/27/2025,10,38,6,10:38:06,1603,Tahap-4
01/27/2025,10,38,6,10:38:06,301,Tahap-4
01/27/2025,10,38,6,10:38:06,135,Tahap-4
01/27/2025,10,38,6,10:38:06,72,Tahap-4
01/27/2025,10,38,6,10:38:06,63,Tahap-4
01/27/2025,10,38,6,10:38:06,51,Tahap-4
01/27/2025,10,38,7,10:38:07,235,Tahap-4
01/27/2025,10,38,7,10:38:07,83,Tahap-4
01/27/2025,10,38,7,10:38:07,61,Tahap-4
01/27/2025,10,38,7,10:38:07,123,Tahap-4
01/27/2025,10,38,7,10:38:07,44,Tahap-4
01/27/2025,10,38,7,10:38:07,135,Tahap-4
01/27/2025,10,38,7,10:38:07,61,Tahap-4
01/27/2025,10,38,7,10:38:07,27,Tahap-4
01/27/2025,10,38,7,10:38:07,83,Tahap-4
01/27/2025,10,38,7,10:38:07,50,Tahap-4
01/27/2025,10,38,8,10:38:08,158,Tahap-4
01/27/2025,10,38,8,10:38:08,154,Tahap-4
01/27/2025,10,38,8,10:38:08,193,Tahap-4
01/27/2025,10,38,8,10:38:08,387,Tahap-4
01/27/2025,10,38,8,10:38:08,73,Tahap-4
01/27/2025,10,38,8,10:38:08,437,Tahap-4
01/27/2025,10,38,8,10:38:08,356,Tahap-4
01/27/2025,10,38,8,10:38:08,275,Tahap-4
01/27/2025,10,38,8,10:38:08,378,Tahap-4
01/27/2025,10,38,8,10:38:08,326,Tahap-4
01/27/2025,10,38,9,10:38:09,154,Tahap-4
01/27/2025,10,38,9,10:38:09,80,Tahap-4
01/27/2025,10,38,9,10:38:09,76,Tahap-4
01/27/2025,10,38,9,10:38:09,55,Tahap-4
01/27/2025,10,38,9,10:38:09,176,Tahap-4
01/27/2025,10,38,9,10:38:09,67,Tahap-4
01/27/2025,10,38,9,10:38:09,122,Tahap-4
01/27/2025,10,38,9,10:38:09,70,Tahap-4
01/27/2025,10,38,9,10:38:09,64,Tahap-4
01/27/2025,10,38,9,10:38:09,344,Tahap-4
01/27/2025,10,38,10,10:38:10,23,Tahap-4
01/27/2025,10,38,10,10:38:10,171,Tahap-4
01/27/2025,10,38,10,10:38:10,119,Tahap-4
01/27/2025,10,38,10,10:38:10,140,Tahap-4
01/27/2025,10,38,10,10:38:10,320,Tahap-4
01/27/2025,10,38,10,10:38:10,158,Tahap-4
01/27/2025,10,38,10,10:38:10,165,Tahap-4
01/27/2025,10,38,10,10:38:10,135,Tahap-4
01/27/2025,10,38,10,10:38:10,473,Tahap-4
01/27/2025,10,38,10,10:38:10,603,Tahap-4
01/27/2025,10,38,11,10:38:11,315,Tahap-4
01/27/2025,10,38,11,10:38:11,549,Tahap-4
01/27/2025,10,38,11,10:38:11,364,Tahap-4
01/27/2025,10,38,11,10:38:11,597,Tahap-4
01/27/2025,10,38,11,10:38:11,446,Tahap-4
01/27/2025,10,38,11,10:38:11,294,Tahap-4
01/27/2025,10,38,11,10:38:11,48,Tahap-4
01/27/2025,10,38,11,10:38:11,225,Tahap-4
01/27/2025,10,38,11,10:38:11,217,Tahap-4
01/27/2025,10,38,11,10:38:11,149,Tahap-4
01/27/2025,10,38,12,10:38:12,41,Tahap-4
01/27/2025,10,38,12,10:38:12,43,Tahap-4
01/27/2025,10,38,12,10:38:12,187,Tahap-4
01/27/2025,10,38,12,10:38:12,339,Tahap-4
01/27/2025,10,38,12,10:38:12,124,Tahap-4
01/27/2025,10,38,12,10:38:12,527,Tahap-4
01/27/2025,10,38,12,10:38:12,55,Tahap-4
01/27/2025,10,38,12,10:38:12,298,Tahap-4
01/27/2025,10,38,12,10:38:12,218,Tahap-4
01/27/2025,10,38,12,10:38:12,192,Tahap-4
01/27/2025,10,38,13,10:38:13,90,Tahap-4
01/27/2025,10,38,13,10:38:13,169,Tahap-4
01/27/2025,10,38,13,10:38:13,693,Tahap-4
01/27/2025,10,38,13,10:38:13,978,Tahap-4
01/27/2025,10,38,13,10:38:13,839,Tahap-4
01/27/2025,10,38,13,10:38:13,333,Tahap-4
01/27/2025,10,38,13,10:38:13,1167,Tahap-4
01/27/2025,10,38,13,10:38:13,547,Tahap-4
01/27/2025,10,38,13,10:38:13,975,Tahap-4
01/27/2025,10,38,13,10:38:13,326,Tahap-4
01/27/2025,10,38,14,10:38:14,314,Tahap-4
01/27/2025,10,38,14,10:38:14,338,Tahap-4
01/27/2025,10,38,14,10:38:14,160,Tahap-4
01/27/2025,10,38,14,10:38:14,192,Tahap-4
01/27/2025,10,38,14,10:38:14,118,Tahap-4
01/27/2025,10,38,14,10:38:14,169,Tahap-4
01/27/2025,10,38,14,10:38:14,177,Tahap-4
01/27/2025,10,38,14,10:38:14,146,Tahap-4
01/27/2025,10,38,14,10:38:14,192,Tahap-4
01/27/2025,10,38,14,10:38:14,615,Tahap-4
01/27/2025,10,38,15,10:38:15,157,Tahap-4
01/27/2025,10,38,15,10:38:15,219,Tahap-4
01/27/2025,10,38,15,10:38:15,338,Tahap-4
01/27/2025,10,38,15,10:38:15,292,Tahap-4
01/27/2025,10,38,15,10:38:15,316,Tahap-4
01/27/2025,10,38,15,10:38:15,201,Tahap-4
01/27/2025,10,38,15,10:38:15,311,Tahap-4
01/27/2025,10,38,15,10:38:15,762,Tahap-4
01/27/2025,10,38,15,10:38:15,521,Tahap-4
01/27/2025,10,38,15,10:38:15,722,Tahap-4
01/27/2025,10,38,16,10:38:16,628,Tahap-4
01/27/2025,10,38,16,10:38:16,629,Tahap-4
01/27/2025,10,38,16,10:38:16,742,Tahap-4
01/27/2025,10,38,16,10:38:16,261,Tahap-4
01/27/2025,10,38,16,10:38:16,303,Tahap-4
01/27/2025,10,38,16,10:38:16,498,Tahap-4
01/27/2025,10,38,16,10:38:16,155,Tahap-4
01/27/2025,10,38,16,10:38:16,131,Tahap-4
01/27/2025,10,38,16,10:38:16,68,Tahap-4
01/27/2025,10,38,16,10:38:16,-164,Tahap-4
01/27/2025,10,38,17,10:38:17,92,Tahap-4
01/27/2025,10,38,17,10:38:17,-188,Tahap-4
01/27/2025,10,38,17,10:38:17,80,Tahap-4
01/27/2025,10,38,17,10:38:17,40,Tahap-4
01/27/2025,10,38,17,10:38:17,88,Tahap-4
01/27/2025,10,38,17,10:38:17,56,Tahap-4
01/27/2025,10,38,17,10:38:17,48,Tahap-4
01/27/2025,10,38,17,10:38:17,-72,Tahap-4
01/27/2025,10,38,17,10:38:17,-68,Tahap-4
01/27/2025,10,38,17,10:38:17,-72,Tahap-4
01/27/2025,10,38,18,10:38:18,-76,Tahap-4
01/27/2025,10,38,18,10:38:18,36,Tahap-4
01/27/2025,10,38,18,10:38:18,-168,Tahap-4
01/27/2025,10,38,18,10:38:18,48,Tahap-4
01/27/2025,10,38,18,10:38:18,124,Tahap-4
01/27/2025,10,38,18,10:38:18,-44,Tahap-4
01/27/2025,10,38,18,10:38:18,136,Tahap-4
01/27/2025,10,38,18,10:38:18,8,Tahap-4
01/27/2025,10,38,18,10:38:18,-68,Tahap-4
01/27/2025,10,38,18,10:38:18,-96,Tahap-4
01/27/2025,10,38,19,10:38:19,-4,Tahap-4
01/27/2025,10,38,19,10:38:19,-48,Tahap-4
01/27/2025,10,38,19,10:38:19,36,Tahap-4
01/27/2025,10,38,19,10:38:19,-200,Tahap-4
01/27/2025,10,38,19,10:38:19,100,Tahap-4
01/27/2025,10,38,19,10:38:19,-40,Tahap-4
01/27/2025,10,38,19,10:38:19,56,Tahap-4
01/27/2025,10,38,19,10:38:19,116,Tahap-4
01/27/2025,10,38,19,10:38:19,-148,Tahap-4
01/27/2025,10,38,20,10:38:20,-4,Tahap-4
01/27/2025,10,38,20,10:38:20,-168,Tahap-4
01/27/2025,10,38,20,10:38:20,-36,Tahap-4
01/27/2025,10,38,20,10:38:20,-56,Tahap-4
01/27/2025,10,38,20,10:38:20,-56,Tahap-4
01/27/2025,10,38,20,10:38:20,32,Tahap-4
01/27/2025,10,38,20,10:38:20,-48,Tahap-4
01/27/2025,10,38,20,10:38:20,88,Tahap-4
01/27/2025,10,38,20,10:38:20,68,Tahap-4
01/27/2025,10,38,20,10:38:20,-44,Tahap-4
01/27/2025,10,38,21,10:38:21,-28,Tahap-4
01/27/2025,10,38,21,10:38:21,-136,Tahap-4
01/27/2025,10,38,21,10:38:21,-48,Tahap-4
01/27/2025,10,38,21,10:38:21,-148,Tahap-4
01/27/2025,10,38,21,10:38:21,-48,Tahap-4
01/27/2025,10,38,21,10:38:21,-112,Tahap-4
01/27/2025,10,38,21,10:38:21,124,Tahap-4
01/27/2025,10,38,21,10:38:21,-120,Tahap-4
01/27/2025,10,38,21,10:38:21,120,Tahap-4
01/27/2025,10,38,21,10:38:21,28,Tahap-4
01/27/2025,10,38,22,10:38:22,-92,Tahap-4
01/27/2025,10,38,22,10:38:22,-84,Tahap-4
01/27/2025,10,38,22,10:38:22,-32,Tahap-4
01/27/2025,10,38,22,10:38:22,-124,Tahap-4
01/27/2025,10,38,22,10:38:22,-52,Tahap-4
01/27/2025,10,38,22,10:38:22,-124,Tahap-4
01/27/2025,10,38,22,10:38:22,16,Tahap-4
01/27/2025,10,38,22,10:38:22,-20,Tahap-4
01/27/2025,10,38,22,10:38:22,-16,Tahap-4
01/27/2025,10,38,22,10:38:22,56,Tahap-4
01/27/2025,10,38,23,10:38:23,68,Tahap-4
01/27/2025,10,38,23,10:38:23,-92,Tahap-4
01/27/2025,10,38,23,10:38:23,-68,Tahap-4
01/27/2025,10,38,23,10:38:23,-116,Tahap-4
01/27/2025,10,38,23,10:38:23,-80,Tahap-4
01/27/2025,10,38,23,10:38:23,-68,Tahap-4
01/27/2025,10,38,23,10:38:23,-176,Tahap-4
01/27/2025,10,38,23,10:38:23,24,Tahap-4
01/27/2025,10,38,23,10:38:23,-48,Tahap-4
01/27/2025,10,38,23,10:38:23,-68,Tahap-4
01/27/2025,10,38,24,10:38:24,144,Tahap-4
01/27/2025,10,38,24,10:38:24,-56,Tahap-4
01/27/2025,10,38,24,10:38:24,-64,Tahap-4
01/27/2025,10,38,24,10:38:24,-24,Tahap-4
01/27/2025,10,38,24,10:38:24,-212,Tahap-4
01/27/2025,10,38,24,10:38:24,-108,Tahap-4
01/27/2025,10,38,24,10:38:24,-128,Tahap-4
01/27/2025,10,38,24,10:38:24,-88,Tahap-4
01/27/2025,10,38,24,10:38:24,28,Tahap-4
01/27/2025,10,38,24,10:38:24,-84,Tahap-4
01/27/2025,10,38,25,10:38:25,16,Tahap-4
01/27/2025,10,38,25,10:38:25,12,Tahap-4
01/27/2025,10,38,25,10:38:25,64,Tahap-4
01/27/2025,10,38,25,10:38:25,-180,Tahap-4
01/27/2025,10,38,25,10:38:25,-192,Tahap-4
01/27/2025,10,38,25,10:38:25,-48,Tahap-4
01/27/2025,10,38,25,10:38:25,-184,Tahap-4
01/27/2025,10,38,25,10:38:25,-56,Tahap-4
01/27/2025,10,38,25,10:38:25,-4,Tahap-4
01/27/2025,10,38,26,10:38:26,-148,Tahap-4
01/27/2025,10,38,26,10:38:26,52,Tahap-4
01/27/2025,10,38,26,10:38:26,-52,Tahap-4
01/27/2025,10,38,26,10:38:26,-88,Tahap-4
01/27/2025,10,38,26,10:38:26,-12,Tahap-4
01/27/2025,10,38,26,10:38:26,-168,Tahap-4
01/27/2025,10,38,26,10:38:26,-168,Tahap-4
01/27/2025,10,38,26,10:38:26,-108,Tahap-4
01/27/2025,10,38,26,10:38:26,-196,Tahap-4
01/27/2025,10,38,26,10:38:26,-36,Tahap-4
01/27/2025,10,38,27,10:38:27,-64,Tahap-4
01/27/2025,10,38,27,10:38:27,-100,Tahap-4
01/27/2025,10,38,27,10:38:27,-20,Tahap-4
01/27/2025,10,38,27,10:38:27,-160,Tahap-4
01/27/2025,10,38,27,10:38:27,-96,Tahap-4
01/27/2025,10,38,27,10:38:27,-124,Tahap-4
01/27/2025,10,38,27,10:38:27,-168,Tahap-4
01/27/2025,10,38,27,10:38:27,-148,Tahap-4
01/27/2025,10,38,27,10:38:27,-216,Tahap-4
01/27/2025,10,38,27,10:38:27,-4,Tahap-4
01/27/2025,10,38,28,10:38:28,-240,Tahap-4
01/27/2025,10,38,28,10:38:28,20,Tahap-4
01/27/2025,10,38,28,10:38:28,-16,Tahap-4
01/27/2025,10,38,28,10:38:28,-52,Tahap-4
01/27/2025,10,38,28,10:38:28,-124,Tahap-4
01/27/2025,10,38,28,10:38:28,-104,Tahap-4
01/27/2025,10,38,28,10:38:28,-224,Tahap-4
01/27/2025,10,38,28,10:38:28,-92,Tahap-4
01/27/2025,10,38,28,10:38:28,-268,Tahap-4
01/27/2025,10,38,28,10:38:28,-112,Tahap-4
01/27/2025,10,38,29,10:38:29,-88,Tahap-4
01/27/2025,10,38,29,10:38:29,-200,Tahap-4
01/27/2025,10,38,29,10:38:29,-68,Tahap-4
01/27/2025,10,38,29,10:38:29,4,Tahap-4
01/27/2025,10,38,29,10:38:29,-108,Tahap-4
01/27/2025,10,38,29,10:38:29,-136,Tahap-4
01/27/2025,10,38,54,10:38:54,157,Tahap-4
01/27/2025,10,38,54,10:38:54,479,Tahap-4
01/27/2025,10,38,54,10:38:54,248,Tahap-4
01/27/2025,10,38,54,10:38:54,127,Tahap-4
01/27/2025,10,38,54,10:38:54,116,Tahap-4
01/27/2025,10,38,54,10:38:54,23,Tahap-4
01/27/2025,10,38,54,10:38:54,235,Tahap-4
01/27/2025,10,38,54,10:38:54,66,Tahap-4
01/27/2025,10,38,54,10:38:54,53,Tahap-4
01/27/2025,10,38,54,10:38:54,137,Tahap-4
01/27/2025,10,38,55,10:38:55,152,Tahap-4
01/27/2025,10,38,55,10:38:55,62,Tahap-4
01/27/2025,10,38,55,10:38:55,78,Tahap-4
01/27/2025,10,38,55,10:38:55,21,Tahap-4
01/27/2025,10,38,55,10:38:55,103,Tahap-4
01/27/2025,10,38,55,10:38:55,204,Tahap-4
01/27/2025,10,38,55,10:38:55,122,Tahap-4
01/27/2025,10,38,55,10:38:55,133,Tahap-4
01/27/2025,10,38,55,10:38:55,67,Tahap-4
01/27/2025,10,38,55,10:38:55,144,Tahap-4
01/27/2025,10,38,56,10:38:56,185,Tahap-4
01/27/2025,10,38,56,10:38:56,351,Tahap-4
01/27/2025,10,38,56,10:38:56,979,Tahap-4
01/27/2025,10,38,56,10:38:56,572,Tahap-4
01/27/2025,10,38,56,10:38:56,543,Tahap-4
01/27/2025,10,38,56,10:38:56,340,Tahap-4
01/27/2025,10,38,56,10:38:56,315,Tahap-4
01/27/2025,10,38,56,10:38:56,147,Tahap-4
01/27/2025,10,38,56,10:38:56,57,Tahap-4
01/27/2025,10,38,56,10:38:56,213,Tahap-4
01/27/2025,10,38,57,10:38:57,206,Tahap-4
01/27/2025,10,38,57,10:38:57,64,Tahap-4
01/27/2025,10,38,57,10:38:57,9,Tahap-4
01/27/2025,10,38,57,10:38:57,26,Tahap-4
01/27/2025,10,38,57,10:38:57,223,Tahap-4
01/27/2025,10,38,57,10:38:57,77,Tahap-4
01/27/2025,10,38,57,10:38:57,147,Tahap-4
01/27/2025,10,38,57,10:38:57,63,Tahap-4
01/27/2025,10,38,57,10:38:57,61,Tahap-4
01/27/2025,10,38,57,10:38:57,151,Tahap-4
01/27/2025,10,38,58,10:38:58,105,Tahap-4
01/27/2025,10,38,58,10:38:58,171,Tahap-4
01/27/2025,10,38,58,10:38:58,243,Tahap-4
01/27/2025,10,38,58,10:38:58,174,Tahap-4
01/27/2025,10,38,58,10:38:58,187,Tahap-4
01/27/2025,10,38,58,10:38:58,209,Tahap-4
01/27/2025,10,38,58,10:38:58,190,Tahap-4
01/27/2025,10,38,58,10:38:58,454,Tahap-4
01/27/2025,10,38,58,10:38:58,123,Tahap-4
01/27/2025,10,38,58,10:38:58,62,Tahap-4
01/27/2025,10,38,59,10:38:59,63,Tahap-4
01/27/2025,10,38,59,10:38:59,18,Tahap-4
01/27/2025,10,38,59,10:38:59,92,Tahap-4
01/27/2025,10,38,59,10:38:59,53,Tahap-4
01/27/2025,10,38,59,10:38:59,190,Tahap-4
01/27/2025,10,38,59,10:38:59,44,Tahap-4
01/27/2025,10,38,59,10:38:59,59,Tahap-4
01/27/2025,10,38,59,10:38:59,118,Tahap-4
01/27/2025,10,38,59,10:38:59,60,Tahap-4
01/27/2025,10,38,59,10:38:59,243,Tahap-4
01/27/2025,10,39,1,10:39:01,489,Tahap-4
01/27/2025,10,39,1,10:39:01,648,Tahap-4
01/27/2025,10,39,1,10:39:01,62,Tahap-4
01/27/2025,10,39,1,10:39:01,204,Tahap-4
01/27/2025,10,39,1,10:39:01,151,Tahap-4
01/27/2025,10,39,1,10:39:01,182,Tahap-4
01/27/2025,10,39,1,10:39:01,191,Tahap-4
01/27/2025,10,39,1,10:39:01,56,Tahap-4
01/27/2025,10,39,1,10:39:01,128,Tahap-4
01/27/2025,10,39,1,10:39:01,73,Tahap-4
01/27/2025,10,39,2,10:39:02,78,Tahap-4
01/27/2025,10,39,2,10:39:02,46,Tahap-4
01/27/2025,10,39,2,10:39:02,136,Tahap-4
01/27/2025,10,39,2,10:39:02,87,Tahap-4
01/27/2025,10,39,2,10:39:02,46,Tahap-4
01/27/2025,10,39,2,10:39:02,99,Tahap-4
01/27/2025,10,39,2,10:39:02,639,Tahap-4
01/27/2025,10,39,2,10:39:02,271,Tahap-4
01/27/2025,10,39,2,10:39:02,358,Tahap-4
01/27/2025,10,39,2,10:39:02,411,Tahap-4
01/27/2025,10,39,3,10:39:03,314,Tahap-4
01/27/2025,10,39,3,10:39:03,364,Tahap-4
01/27/2025,10,39,3,10:39:03,421,Tahap-4
01/27/2025,10,39,3,10:39:03,240,Tahap-4
01/27/2025,10,39,3,10:39:03,1032,Tahap-4
01/27/2025,10,39,3,10:39:03,1015,Tahap-4
01/27/2025,10,39,3,10:39:03,602,Tahap-4
01/27/2025,10,39,3,10:39:03,160,Tahap-4
01/27/2025,10,39,3,10:39:03,59,Tahap-4
01/27/2025,10,39,3,10:39:03,85,Tahap-4
01/27/2025,10,39,4,10:39:04,188,Tahap-4
01/27/2025,10,39,4,10:39:04,78,Tahap-4
01/27/2025,10,39,4,10:39:04,84,Tahap-4
01/27/2025,10,39,4,10:39:04,73,Tahap-4
01/27/2025,10,39,4,10:39:04,72,Tahap-4
01/27/2025,10,39,4,10:39:04,42,Tahap-4
01/27/2025,10,39,4,10:39:04,113,Tahap-4
01/27/2025,10,39,5,10:39:05,187,Tahap-4
01/27/2025,10,39,5,10:39:05,160,Tahap-4
01/27/2025,10,39,5,10:39:05,190,Tahap-4
01/27/2025,10,39,5,10:39:05,371,Tahap-4
01/27/2025,10,39,5,10:39:05,418,Tahap-4
01/27/2025,10,39,5,10:39:05,332,Tahap-4
01/27/2025,10,39,5,10:39:05,184,Tahap-4
01/27/2025,10,39,5,10:39:05,173,Tahap-4
01/27/2025,10,39,5,10:39:05,250,Tahap-4
01/27/2025,10,39,5,10:39:05,105,Tahap-4
01/27/2025,10,39,5,10:39:05,390,Tahap-4
01/27/2025,10,39,5,10:39:05,786,Tahap-4
01/27/2025,10,39,5,10:39:05,512,Tahap-4
01/27/2025,10,39,6,10:39:06,410,Tahap-4
01/27/2025,10,39,6,10:39:06,768,Tahap-4
01/27/2025,10,39,6,10:39:06,199,Tahap-4
01/27/2025,10,39,6,10:39:06,159,Tahap-4
01/27/2025,10,39,6,10:39:06,130,Tahap-4
01/27/2025,10,39,6,10:39:06,252,Tahap-4
01/27/2025,10,39,6,10:39:06,131,Tahap-4
01/27/2025,10,39,6,10:39:06,-224,Tahap-4
01/27/2025,10,39,6,10:39:06,72,Tahap-4
01/27/2025,10,39,6,10:39:06,152,Tahap-4
01/27/2025,10,39,7,10:39:07,104,Tahap-4
01/27/2025,10,39,7,10:39:07,-96,Tahap-4
01/27/2025,10,39,7,10:39:07,176,Tahap-4
01/27/2025,10,39,7,10:39:07,-272,Tahap-4
01/27/2025,10,39,7,10:39:07,120,Tahap-4
01/27/2025,10,39,7,10:39:07,-184,Tahap-4
01/27/2025,10,39,7,10:39:07,160,Tahap-4
01/27/2025,10,39,7,10:39:07,112,Tahap-4
01/27/2025,10,39,7,10:39:07,-80,Tahap-4
01/27/2025,10,39,7,10:39:07,88,Tahap-4
01/27/2025,10,39,8,10:39:08,104,Tahap-4
01/27/2025,10,39,8,10:39:08,64,Tahap-4
01/27/2025,10,39,8,10:39:08,-144,Tahap-4
01/27/2025,10,39,8,10:39:08,8,Tahap-4
01/27/2025,10,39,8,10:39:08,-168,Tahap-4
01/27/2025,10,39,8,10:39:08,48,Tahap-4
01/27/2025,10,39,8,10:39:08,-256,Tahap-4
01/27/2025,10,39,8,10:39:08,128,Tahap-4
01/27/2025,10,39,8,10:39:08,8,Tahap-4
01/27/2025,10,39,8,10:39:08,-80,Tahap-4
01/27/2025,10,39,9,10:39:09,200,Tahap-4
01/27/2025,10,39,9,10:39:09,64,Tahap-4
01/27/2025,10,39,9,10:39:09,24,Tahap-4
01/27/2025,10,39,9,10:39:09,80,Tahap-4
01/27/2025,10,39,9,10:39:09,-184,Tahap-4
01/27/2025,10,39,9,10:39:09,-120,Tahap-4
01/27/2025,10,39,9,10:39:09,-40,Tahap-4
01/27/2025,10,39,9,10:39:09,-192,Tahap-4
01/27/2025,10,39,9,10:39:09,240,Tahap-4
01/27/2025,10,39,9,10:39:09,-64,Tahap-4
01/27/2025,10,39,10,10:39:10,-16,Tahap-4
01/27/2025,10,39,10,10:39:10,200,Tahap-4
01/27/2025,10,39,10,10:39:10,40,Tahap-4
01/27/2025,10,39,10,10:39:10,-208,Tahap-4
01/27/2025,10,39,10,10:39:10,144,Tahap-4
01/27/2025,10,39,10,10:39:10,-184,Tahap-4
01/27/2025,10,39,10,10:39:10,-56,Tahap-4
01/27/2025,10,39,10,10:39:10,-40,Tahap-4
01/27/2025,10,39,10,10:39:10,-168,Tahap-4
01/27/2025,10,39,10,10:39:10,208,Tahap-4
01/27/2025,10,39,11,10:39:11,-120,Tahap-4
01/27/2025,10,39,11,10:39:11,88,Tahap-4
01/27/2025,10,39,11,10:39:11,176,Tahap-4
01/27/2025,10,39,11,10:39:11,96,Tahap-4
01/27/2025,10,39,11,10:39:11,-168,Tahap-4
01/27/2025,10,39,11,10:39:11,-48,Tahap-4
01/27/2025,10,39,11,10:39:11,-88,Tahap-4
01/27/2025,10,39,11,10:39:11,-208,Tahap-4
01/27/2025,10,39,11,10:39:11,-152,Tahap-4
01/27/2025,10,39,11,10:39:11,-104,Tahap-4
01/27/2025,10,39,12,10:39:12,152,Tahap-4
01/27/2025,10,39,12,10:39:12,-168,Tahap-4
01/27/2025,10,39,12,10:39:12,112,Tahap-4
01/27/2025,10,39,12,10:39:12,192,Tahap-4
01/27/2025,10,39,12,10:39:12,-48,Tahap-4
01/27/2025,10,39,12,10:39:12,8,Tahap-4
01/27/2025,10,39,12,10:39:12,-168,Tahap-4
01/27/2025,10,39,12,10:39:12,-128,Tahap-4
01/27/2025,10,39,12,10:39:12,-88,Tahap-4
01/27/2025,10,39,12,10:39:12,-224,Tahap-4
01/27/2025,10,39,13,10:39:13,-88,Tahap-4
01/27/2025,10,39,13,10:39:13,96,Tahap-4
01/27/2025,10,39,13,10:39:13,-184,Tahap-4
01/27/2025,10,39,13,10:39:13,72,Tahap-4
01/27/2025,10,39,13,10:39:13,240,Tahap-4
01/27/2025,10,39,13,10:39:13,-40,Tahap-4
01/27/2025,10,39,13,10:39:13,56,Tahap-4
01/27/2025,10,39,13,10:39:13,-48,Tahap-4
01/27/2025,10,39,13,10:39:13,-232,Tahap-4
01/27/2025,10,39,14,10:39:14,-168,Tahap-4
01/27/2025,10,39,14,10:39:14,144,Tahap-4
01/27/2025,10,39,14,10:39:14,-48,Tahap-4
01/27/2025,10,39,14,10:39:14,40,Tahap-4
01/27/2025,10,39,14,10:39:14,152,Tahap-4
01/27/2025,10,39,14,10:39:14,160,Tahap-4
01/27/2025,10,39,14,10:39:14,8,Tahap-4
01/27/2025,10,39,14,10:39:14,-56,Tahap-4
01/27/2025,10,39,14,10:39:14,-32,Tahap-4
01/27/2025,10,39,14,10:39:14,-144,Tahap-4
01/27/2025,10,39,15,10:39:15,-88,Tahap-4
01/27/2025,10,39,15,10:39:15,-232,Tahap-4
01/27/2025,10,39,15,10:39:15,280,Tahap-4
01/27/2025,10,39,15,10:39:15,-208,Tahap-4
01/27/2025,10,39,15,10:39:15,200,Tahap-4
01/27/2025,10,39,15,10:39:15,160,Tahap-4
01/27/2025,10,39,15,10:39:15,128,Tahap-4
01/27/2025,10,39,15,10:39:15,128,Tahap-4
01/27/2025,10,39,15,10:39:15,72,Tahap-4
01/27/2025,10,39,15,10:39:15,-120,Tahap-4
01/27/2025,10,39,16,10:39:16,-32,Tahap-4
01/27/2025,10,39,16,10:39:16,-128,Tahap-4
01/27/2025,10,39,16,10:39:16,-80,Tahap-4
01/27/2025,10,39,16,10:39:16,168,Tahap-4
01/27/2025,10,39,16,10:39:16,-160,Tahap-4
01/27/2025,10,39,16,10:39:16,208,Tahap-4
01/27/2025,10,39,16,10:39:16,200,Tahap-4
01/27/2025,10,39,16,10:39:16,128,Tahap-4
01/27/2025,10,39,16,10:39:16,56,Tahap-4
01/27/2025,10,39,16,10:39:16,96,Tahap-4
01/27/2025,10,39,17,10:39:17,-200,Tahap-4
01/27/2025,10,39,17,10:39:17,136,Tahap-4
01/27/2025,10,39,17,10:39:17,-224,Tahap-4
01/27/2025,10,39,17,10:39:17,88,Tahap-4
01/27/2025,10,39,17,10:39:17,40,Tahap-4
01/27/2025,10,39,17,10:39:17,88,Tahap-4
01/27/2025,10,39,17,10:39:17,176,Tahap-4
01/27/2025,10,39,17,10:39:17,336,Tahap-4
01/27/2025,10,39,17,10:39:17,88,Tahap-4
01/27/2025,10,39,17,10:39:17,56,Tahap-4
01/27/2025,10,39,18,10:39:18,-16,Tahap-4
01/27/2025,10,39,18,10:39:18,-72,Tahap-4
01/27/2025,10,39,18,10:39:18,56,Tahap-4
01/27/2025,10,39,18,10:39:18,-64,Tahap-4
01/27/2025,10,39,18,10:39:18,256,Tahap-4
01/27/2025,10,39,18,10:39:18,-120,Tahap-4
01/27/2025,10,39,18,10:39:18,80,Tahap-4
01/27/2025,10,39,18,10:39:18,392,Tahap-4
01/27/2025,10,39,18,10:39:18,72,Tahap-4
01/27/2025,10,39,18,10:39:18,104,Tahap-4
01/27/2025,10,39,19,10:39:19,176,Tahap-4
01/27/2025,10,39,19,10:39:19,-200,Tahap-4
01/27/2025,10,39,19,10:39:19,96,Tahap-4
01/27/2025,10,39,19,10:39:19,-48,Tahap-4
01/27/2025,10,39,19,10:39:19,-56,Tahap-4
01/27/2025,10,39,19,10:39:19,160,Tahap-4
01/27/2025,10,39,44,10:39:44,654,Tahap-4
01/27/2025,10,39,44,10:39:44,631,Tahap-4
01/27/2025,10,39,44,10:39:44,331,Tahap-4
01/27/2025,10,39,44,10:39:44,213,Tahap-4
01/27/2025,10,39,44,10:39:44,254,Tahap-4
01/27/2025,10,39,44,10:39:44,261,Tahap-4
01/27/2025,10,39,44,10:39:44,90,Tahap-4
01/27/2025,10,39,44,10:39:44,137,Tahap-4
01/27/2025,10,39,44,10:39:44,70,Tahap-4
01/27/2025,10,39,44,10:39:44,164,Tahap-4
01/27/2025,10,39,45,10:39:45,89,Tahap-4
01/27/2025,10,39,45,10:39:45,77,Tahap-4
01/27/2025,10,39,45,10:39:45,54,Tahap-4
01/27/2025,10,39,45,10:39:45,64,Tahap-4
01/27/2025,10,39,45,10:39:45,93,Tahap-4
01/27/2025,10,39,45,10:39:45,73,Tahap-4
01/27/2025,10,39,45,10:39:45,85,Tahap-4
01/27/2025,10,39,45,10:39:45,57,Tahap-4
01/27/2025,10,39,45,10:39:45,57,Tahap-4
01/27/2025,10,39,45,10:39:45,50,Tahap-4
01/27/2025,10,39,46,10:39:46,95,Tahap-4
01/27/2025,10,39,46,10:39:46,233,Tahap-4
01/27/2025,10,39,46,10:39:46,1192,Tahap-4
01/27/2025,10,39,46,10:39:46,804,Tahap-4
01/27/2025,10,39,46,10:39:46,410,Tahap-4
01/27/2025,10,39,46,10:39:46,311,Tahap-4
01/27/2025,10,39,46,10:39:46,276,Tahap-4
01/27/2025,10,39,46,10:39:46,156,Tahap-4
01/27/2025,10,39,46,10:39:46,102,Tahap-4
01/27/2025,10,39,46,10:39:46,215,Tahap-4
01/27/2025,10,39,47,10:39:47,163,Tahap-4
01/27/2025,10,39,47,10:39:47,179,Tahap-4
01/27/2025,10,39,47,10:39:47,86,Tahap-4
01/27/2025,10,39,47,10:39:47,41,Tahap-4
01/27/2025,10,39,47,10:39:47,65,Tahap-4
01/27/2025,10,39,47,10:39:47,141,Tahap-4
01/27/2025,10,39,47,10:39:47,73,Tahap-4
01/27/2025,10,39,47,10:39:47,69,Tahap-4
01/27/2025,10,39,47,10:39:47,45,Tahap-4
01/27/2025,10,39,47,10:39:47,69,Tahap-4
01/27/2025,10,39,47,10:39:47,168,Tahap-4
01/27/2025,10,39,48,10:39:48,172,Tahap-4
01/27/2025,10,39,48,10:39:48,314,Tahap-4
01/27/2025,10,39,48,10:39:48,235,Tahap-4
01/27/2025,10,39,48,10:39:48,291,Tahap-4
01/27/2025,10,39,48,10:39:48,267,Tahap-4
01/27/2025,10,39,48,10:39:48,443,Tahap-4
01/27/2025,10,39,48,10:39:48,186,Tahap-4
01/27/2025,10,39,48,10:39:48,164,Tahap-4
01/27/2025,10,39,48,10:39:48,137,Tahap-4
01/27/2025,10,39,48,10:39:48,38,Tahap-4
01/27/2025,10,39,49,10:39:49,174,Tahap-4
01/27/2025,10,39,49,10:39:49,70,Tahap-4
01/27/2025,10,39,49,10:39:49,146,Tahap-4
01/27/2025,10,39,49,10:39:49,116,Tahap-4
01/27/2025,10,39,49,10:39:49,98,Tahap-4
01/27/2025,10,39,49,10:39:49,26,Tahap-4
01/27/2025,10,39,49,10:39:49,112,Tahap-4
01/27/2025,10,39,49,10:39:49,83,Tahap-4
01/27/2025,10,39,49,10:39:49,84,Tahap-4
01/27/2025,10,39,49,10:39:49,214,Tahap-4
01/27/2025,10,39,50,10:39:50,82,Tahap-4
01/27/2025,10,39,50,10:39:50,73,Tahap-4
01/27/2025,10,39,50,10:39:50,76,Tahap-4
01/27/2025,10,39,50,10:39:50,321,Tahap-4
01/27/2025,10,39,50,10:39:50,73,Tahap-4
01/27/2025,10,39,50,10:39:50,42,Tahap-4
01/27/2025,10,39,50,10:39:50,60,Tahap-4
01/27/2025,10,39,50,10:39:50,97,Tahap-4
01/27/2025,10,39,50,10:39:50,227,Tahap-4
01/27/2025,10,39,50,10:39:50,626,Tahap-4
01/27/2025,10,39,51,10:39:51,521,Tahap-4
01/27/2025,10,39,51,10:39:51,258,Tahap-4
01/27/2025,10,39,51,10:39:51,175,Tahap-4
01/27/2025,10,39,51,10:39:51,102,Tahap-4
01/27/2025,10,39,51,10:39:51,62,Tahap-4
01/27/2025,10,39,51,10:39:51,103,Tahap-4
01/27/2025,10,39,51,10:39:51,175,Tahap-4
01/27/2025,10,39,51,10:39:51,236,Tahap-4
01/27/2025,10,39,51,10:39:51,43,Tahap-4
01/27/2025,10,39,51,10:39:51,81,Tahap-4
01/27/2025,10,39,52,10:39:52,72,Tahap-4
01/27/2025,10,39,52,10:39:52,187,Tahap-4
01/27/2025,10,39,52,10:39:52,167,Tahap-4
01/27/2025,10,39,52,10:39:52,209,Tahap-4
01/27/2025,10,39,52,10:39:52,43,Tahap-4
01/27/2025,10,39,52,10:39:52,510,Tahap-4
01/27/2025,10,39,52,10:39:52,296,Tahap-4
01/27/2025,10,39,52,10:39:52,148,Tahap-4
01/27/2025,10,39,52,10:39:52,169,Tahap-4
01/27/2025,10,39,52,10:39:52,203,Tahap-4
01/27/2025,10,39,53,10:39:53,310,Tahap-4
01/27/2025,10,39,53,10:39:53,464,Tahap-4
01/27/2025,10,39,53,10:39:53,502,Tahap-4
01/27/2025,10,39,53,10:39:53,1014,Tahap-4
01/27/2025,10,39,53,10:39:53,949,Tahap-4
01/27/2025,10,39,53,10:39:53,696,Tahap-4
01/27/2025,10,39,53,10:39:53,427,Tahap-4
01/27/2025,10,39,53,10:39:53,196,Tahap-4
01/27/2025,10,39,53,10:39:53,365,Tahap-4
01/27/2025,10,39,53,10:39:53,246,Tahap-4
01/27/2025,10,39,54,10:39:54,222,Tahap-4
01/27/2025,10,39,54,10:39:54,158,Tahap-4
01/27/2025,10,39,54,10:39:54,24,Tahap-4
01/27/2025,10,39,54,10:39:54,135,Tahap-4
01/27/2025,10,39,54,10:39:54,54,Tahap-4
01/27/2025,10,39,54,10:39:54,295,Tahap-4
01/27/2025,10,39,54,10:39:54,121,Tahap-4
01/27/2025,10,39,54,10:39:54,280,Tahap-4
01/27/2025,10,39,54,10:39:54,593,Tahap-4
01/27/2025,10,39,54,10:39:54,568,Tahap-4
01/27/2025,10,39,55,10:39:55,372,Tahap-4
01/27/2025,10,39,55,10:39:55,133,Tahap-4
01/27/2025,10,39,55,10:39:55,294,Tahap-4
01/27/2025,10,39,55,10:39:55,121,Tahap-4
01/27/2025,10,39,55,10:39:55,31,Tahap-4
01/27/2025,10,39,55,10:39:55,331,Tahap-4
01/27/2025,10,39,55,10:39:55,315,Tahap-4
01/27/2025,10,39,55,10:39:55,981,Tahap-4
01/27/2025,10,39,55,10:39:55,382,Tahap-4
01/27/2025,10,39,55,10:39:55,502,Tahap-4
01/27/2025,10,39,56,10:39:56,330,Tahap-4
01/27/2025,10,39,56,10:39:56,233,Tahap-4
01/27/2025,10,39,56,10:39:56,126,Tahap-4
01/27/2025,10,39,56,10:39:56,159,Tahap-4
01/27/2025,10,39,56,10:39:56,651,Tahap-4
01/27/2025,10,39,56,10:39:56,374,Tahap-4
01/27/2025,10,39,56,10:39:56,56,Tahap-4
01/27/2025,10,39,56,10:39:56,200,Tahap-4
01/27/2025,10,39,56,10:39:56,-32,Tahap-4
01/27/2025,10,39,56,10:39:56,-192,Tahap-4
01/27/2025,10,39,57,10:39:57,16,Tahap-4
01/27/2025,10,39,57,10:39:57,-56,Tahap-4
01/27/2025,10,39,57,10:39:57,32,Tahap-4
01/27/2025,10,39,57,10:39:57,-8,Tahap-4
01/27/2025,10,39,57,10:39:57,-272,Tahap-4
01/27/2025,10,39,57,10:39:57,248,Tahap-4
01/27/2025,10,39,57,10:39:57,-192,Tahap-4
01/27/2025,10,39,57,10:39:57,136,Tahap-4
01/27/2025,10,39,57,10:39:57,56,Tahap-4
01/27/2025,10,39,57,10:39:57,-32,Tahap-4
01/27/2025,10,39,58,10:39:58,-72,Tahap-4
01/27/2025,10,39,58,10:39:58,-16,Tahap-4
01/27/2025,10,39,58,10:39:58,-104,Tahap-4
01/27/2025,10,39,58,10:39:58,80,Tahap-4
01/27/2025,10,39,58,10:39:58,-168,Tahap-4
01/27/2025,10,39,58,10:39:58,24,Tahap-4
01/27/2025,10,39,58,10:39:58,32,Tahap-4
01/27/2025,10,39,58,10:39:58,-8,Tahap-4
01/27/2025,10,39,58,10:39:58,200,Tahap-4
01/27/2025,10,39,58,10:39:58,208,Tahap-4
01/27/2025,10,39,59,10:39:59,-168,Tahap-4
01/27/2025,10,39,59,10:39:59,96,Tahap-4
01/27/2025,10,39,59,10:39:59,-200,Tahap-4
01/27/2025,10,39,59,10:39:59,-56,Tahap-4
01/27/2025,10,39,59,10:39:59,56,Tahap-4
01/27/2025,10,39,59,10:39:59,-128,Tahap-4
01/27/2025,10,39,59,10:39:59,240,Tahap-4
01/27/2025,10,39,59,10:39:59,-88,Tahap-4
01/27/2025,10,39,59,10:39:59,24,Tahap-4
01/27/2025,10,39,59,10:39:59,200,Tahap-4
01/27/2025,10,40,1,10:40:01,88,Tahap-4
01/27/2025,10,40,1,10:40:01,8,Tahap-4
01/27/2025,10,40,1,10:40:01,-56,Tahap-4
01/27/2025,10,40,1,10:40:01,-88,Tahap-4
01/27/2025,10,40,1,10:40:01,-120,Tahap-4
01/27/2025,10,40,1,10:40:01,-88,Tahap-4
01/27/2025,10,40,1,10:40:01,-120,Tahap-4
01/27/2025,10,40,1,10:40:01,-120,Tahap-4
01/27/2025,10,40,1,10:40:01,192,Tahap-4
01/27/2025,10,40,1,10:40:01,-96,Tahap-4
01/27/2025,10,40,2,10:40:02,80,Tahap-4
01/27/2025,10,40,2,10:40:02,224,Tahap-4
01/27/2025,10,40,2,10:40:02,-64,Tahap-4
01/27/2025,10,40,2,10:40:02,-8,Tahap-4
01/27/2025,10,40,2,10:40:02,16,Tahap-4
01/27/2025,10,40,2,10:40:02,-352,Tahap-4
01/27/2025,10,40,2,10:40:02,96,Tahap-4
01/27/2025,10,40,2,10:40:02,-280,Tahap-4
01/27/2025,10,40,2,10:40:02,48,Tahap-4
01/27/2025,10,40,2,10:40:02,80,Tahap-4
01/27/2025,10,40,3,10:40:03,-40,Tahap-4
01/27/2025,10,40,3,10:40:03,224,Tahap-4
01/27/2025,10,40,3,10:40:03,216,Tahap-4
01/27/2025,10,40,3,10:40:03,-64,Tahap-4
01/27/2025,10,40,3,10:40:03,-72,Tahap-4
01/27/2025,10,40,3,10:40:03,24,Tahap-4
01/27/2025,10,40,3,10:40:03,-232,Tahap-4
01/27/2025,10,40,3,10:40:03,-32,Tahap-4
01/27/2025,10,40,3,10:40:03,-152,Tahap-4
01/27/2025,10,40,3,10:40:03,-8,Tahap-4
01/27/2025,10,40,4,10:40:04,48,Tahap-4
01/27/2025,10,40,4,10:40:04,-24,Tahap-4
01/27/2025,10,40,4,10:40:04,264,Tahap-4
01/27/2025,10,40,4,10:40:04,112,Tahap-4
01/27/2025,10,40,4,10:40:04,48,Tahap-4
01/27/2025,10,40,4,10:40:04,-88,Tahap-4
01/27/2025,10,40,4,10:40:04,-96,Tahap-4
01/27/2025,10,40,5,10:40:05,-104,Tahap-4
01/27/2025,10,40,5,10:40:05,8,Tahap-4
01/27/2025,10,40,5,10:40:05,-256,Tahap-4
01/27/2025,10,40,5,10:40:05,232,Tahap-4
01/27/2025,10,40,5,10:40:05,-88,Tahap-4
01/27/2025,10,40,5,10:40:05,56,Tahap-4
01/27/2025,10,40,5,10:40:05,288,Tahap-4
01/27/2025,10,40,5,10:40:05,128,Tahap-4
01/27/2025,10,40,5,10:40:05,-104,Tahap-4
01/27/2025,10,40,5,10:40:05,32,Tahap-4
01/27/2025,10,40,5,10:40:05,-232,Tahap-4
01/27/2025,10,40,5,10:40:05,-24,Tahap-4
01/27/2025,10,40,5,10:40:05,-48,Tahap-4
01/27/2025,10,40,6,10:40:06,-32,Tahap-4
01/27/2025,10,40,6,10:40:06,224,Tahap-4
01/27/2025,10,40,6,10:40:06,-8,Tahap-4
01/27/2025,10,40,6,10:40:06,136,Tahap-4
01/27/2025,10,40,6,10:40:06,232,Tahap-4
01/27/2025,10,40,6,10:40:06,304,Tahap-4
01/27/2025,10,40,6,10:40:06,-32,Tahap-4
01/27/2025,10,40,6,10:40:06,24,Tahap-4
01/27/2025,10,40,6,10:40:06,-128,Tahap-4
01/27/2025,10,40,6,10:40:06,16,Tahap-4
01/27/2025,10,40,7,10:40:07,48,Tahap-4
01/27/2025,10,40,7,10:40:07,24,Tahap-4
01/27/2025,10,40,7,10:40:07,312,Tahap-4
01/27/2025,10,40,7,10:40:07,56,Tahap-4
01/27/2025,10,40,7,10:40:07,320,Tahap-4
01/27/2025,10,40,7,10:40:07,264,Tahap-4
01/27/2025,10,40,7,10:40:07,152,Tahap-4
01/27/2025,10,40,7,10:40:07,200,Tahap-4
01/27/2025,10,40,7,10:40:07,8,Tahap-4
01/27/2025,10,40,8,10:40:08,-80,Tahap-4
01/27/2025,10,40,8,10:40:08,336,Tahap-4
01/27/2025,10,40,8,10:40:08,160,Tahap-4
01/27/2025,10,40,8,10:40:08,80,Tahap-4
01/27/2025,10,40,8,10:40:08,392,Tahap-4
01/27/2025,10,40,8,10:40:08,304,Tahap-4
01/27/2025,10,40,8,10:40:08,40,Tahap-4
01/27/2025,10,40,8,10:40:08,200,Tahap-4
01/27/2025,10,40,8,10:40:08,96,Tahap-4
01/27/2025,10,40,9,10:40:09,-48,Tahap-4
01/27/2025,10,40,9,10:40:09,216,Tahap-4
01/27/2025,10,40,9,10:40:09,-192,Tahap-4
01/27/2025,10,40,9,10:40:09,456,Tahap-4
01/27/2025,10,40,9,10:40:09,40,Tahap-4
01/27/2025,10,40,33,10:40:33,321,Tahap-4
01/27/2025,10,40,34,10:40:34,173,Tahap-4
01/27/2025,10,40,34,10:40:34,173,Tahap-4
01/27/2025,10,40,34,10:40:34,247,Tahap-4
01/27/2025,10,40,34,10:40:34,182,Tahap-4
01/27/2025,10,40,34,10:40:34,164,Tahap-4
01/27/2025,10,40,34,10:40:34,75,Tahap-4
01/27/2025,10,40,34,10:40:34,40,Tahap-4
01/27/2025,10,40,35,10:40:35,164,Tahap-4
01/27/2025,10,40,35,10:40:35,47,Tahap-4
01/27/2025,10,40,35,10:40:35,34,Tahap-4
01/27/2025,10,40,35,10:40:35,100,Tahap-4
01/27/2025,10,40,35,10:40:35,115,Tahap-4
01/27/2025,10,40,35,10:40:35,18,Tahap-4
01/27/2025,10,40,35,10:40:35,44,Tahap-4
01/27/2025,10,40,35,10:40:35,144,Tahap-4
01/27/2025,10,40,35,10:40:35,172,Tahap-4
01/27/2025,10,40,35,10:40:35,167,Tahap-4
01/27/2025,10,40,35,10:40:35,277,Tahap-4
01/27/2025,10,40,35,10:40:35,140,Tahap-4
01/27/2025,10,40,35,10:40:35,398,Tahap-4
01/27/2025,10,40,36,10:40:36,316,Tahap-4
01/27/2025,10,40,36,10:40:36,785,Tahap-4
01/27/2025,10,40,36,10:40:36,93,Tahap-4
01/27/2025,10,40,36,10:40:36,768,Tahap-4
01/27/2025,10,40,36,10:40:36,368,Tahap-4
01/27/2025,10,40,36,10:40:36,294,Tahap-4
01/27/2025,10,40,36,10:40:36,117,Tahap-4
01/27/2025,10,40,36,10:40:36,95,Tahap-4
01/27/2025,10,40,36,10:40:36,150,Tahap-4
01/27/2025,10,40,36,10:40:36,144,Tahap-4
01/27/2025,10,40,37,10:40:37,88,Tahap-4
01/27/2025,10,40,37,10:40:37,87,Tahap-4
01/27/2025,10,40,37,10:40:37,24,Tahap-4
01/27/2025,10,40,37,10:40:37,233,Tahap-4
01/27/2025,10,40,37,10:40:37,41,Tahap-4
01/27/2025,10,40,37,10:40:37,31,Tahap-4
01/27/2025,10,40,37,10:40:37,39,Tahap-4
01/27/2025,10,40,37,10:40:37,70,Tahap-4
01/27/2025,10,40,37,10:40:37,95,Tahap-4
01/27/2025,10,40,37,10:40:37,67,Tahap-4
01/27/2025,10,40,38,10:40:38,124,Tahap-4
01/27/2025,10,40,38,10:40:38,61,Tahap-4
01/27/2025,10,40,38,10:40:38,361,Tahap-4
01/27/2025,10,40,38,10:40:38,145,Tahap-4
01/27/2025,10,40,38,10:40:38,171,Tahap-4
01/27/2025,10,40,38,10:40:38,38,Tahap-4
01/27/2025,10,40,38,10:40:38,374,Tahap-4
01/27/2025,10,40,38,10:40:38,147,Tahap-4
01/27/2025,10,40,38,10:40:38,210,Tahap-4
01/27/2025,10,40,38,10:40:38,190,Tahap-4
01/27/2025,10,40,39,10:40:39,169,Tahap-4
01/27/2025,10,40,39,10:40:39,118,Tahap-4
01/27/2025,10,40,39,10:40:39,121,Tahap-4
01/27/2025,10,40,39,10:40:39,22,Tahap-4
01/27/2025,10,40,39,10:40:39,27,Tahap-4
01/27/2025,10,40,39,10:40:39,84,Tahap-4
01/27/2025,10,40,39,10:40:39,69,Tahap-4
01/27/2025,10,40,39,10:40:39,146,Tahap-4
01/27/2025,10,40,39,10:40:39,138,Tahap-4
01/27/2025,10,40,39,10:40:39,123,Tahap-4
01/27/2025,10,40,40,10:40:40,28,Tahap-4
01/27/2025,10,40,40,10:40:40,144,Tahap-4
01/27/2025,10,40,40,10:40:40,123,Tahap-4
01/27/2025,10,40,40,10:40:40,65,Tahap-4
01/27/2025,10,40,40,10:40:40,57,Tahap-4
01/27/2025,10,40,40,10:40:40,206,Tahap-4
01/27/2025,10,40,40,10:40:40,423,Tahap-4
01/27/2025,10,40,40,10:40:40,246,Tahap-4
01/27/2025,10,40,40,10:40:40,314,Tahap-4
01/27/2025,10,40,40,10:40:40,243,Tahap-4
01/27/2025,10,40,41,10:40:41,679,Tahap-4
01/27/2025,10,40,41,10:40:41,301,Tahap-4
01/27/2025,10,40,41,10:40:41,257,Tahap-4
01/27/2025,10,40,41,10:40:41,312,Tahap-4
01/27/2025,10,40,41,10:40:41,188,Tahap-4
01/27/2025,10,40,41,10:40:41,173,Tahap-4
01/27/2025,10,40,41,10:40:41,235,Tahap-4
01/27/2025,10,40,41,10:40:41,139,Tahap-4
01/27/2025,10,40,41,10:40:41,164,Tahap-4
01/27/2025,10,40,41,10:40:41,9,Tahap-4
01/27/2025,10,40,42,10:40:42,192,Tahap-4
01/27/2025,10,40,42,10:40:42,142,Tahap-4
01/27/2025,10,40,42,10:40:42,72,Tahap-4
01/27/2025,10,40,42,10:40:42,145,Tahap-4
01/27/2025,10,40,42,10:40:42,143,Tahap-4
01/27/2025,10,40,42,10:40:42,64,Tahap-4
01/27/2025,10,40,42,10:40:42,426,Tahap-4
01/27/2025,10,40,42,10:40:42,295,Tahap-4
01/27/2025,10,40,42,10:40:42,160,Tahap-4
01/27/2025,10,40,42,10:40:42,326,Tahap-4
01/27/2025,10,40,43,10:40:43,353,Tahap-4
01/27/2025,10,40,43,10:40:43,765,Tahap-4
01/27/2025,10,40,43,10:40:43,417,Tahap-4
01/27/2025,10,40,43,10:40:43,587,Tahap-4
01/27/2025,10,40,43,10:40:43,1258,Tahap-4
01/27/2025,10,40,43,10:40:43,511,Tahap-4
01/27/2025,10,40,43,10:40:43,1010,Tahap-4
01/27/2025,10,40,43,10:40:43,235,Tahap-4
01/27/2025,10,40,43,10:40:43,253,Tahap-4
01/27/2025,10,40,43,10:40:43,321,Tahap-4
01/27/2025,10,40,44,10:40:44,129,Tahap-4
01/27/2025,10,40,44,10:40:44,181,Tahap-4
01/27/2025,10,40,44,10:40:44,10,Tahap-4
01/27/2025,10,40,44,10:40:44,24,Tahap-4
01/27/2025,10,40,44,10:40:44,117,Tahap-4
01/27/2025,10,40,44,10:40:44,350,Tahap-4
01/27/2025,10,40,44,10:40:44,139,Tahap-4
01/27/2025,10,40,44,10:40:44,201,Tahap-4
01/27/2025,10,40,44,10:40:44,136,Tahap-4
01/27/2025,10,40,44,10:40:44,122,Tahap-4
01/27/2025,10,40,45,10:40:45,364,Tahap-4
01/27/2025,10,40,45,10:40:45,146,Tahap-4
01/27/2025,10,40,45,10:40:45,276,Tahap-4
01/27/2025,10,40,45,10:40:45,81,Tahap-4
01/27/2025,10,40,45,10:40:45,201,Tahap-4
01/27/2025,10,40,45,10:40:45,655,Tahap-4
01/27/2025,10,40,45,10:40:45,718,Tahap-4
01/27/2025,10,40,45,10:40:45,605,Tahap-4
01/27/2025,10,40,45,10:40:45,754,Tahap-4
01/27/2025,10,40,45,10:40:45,412,Tahap-4
01/27/2025,10,40,46,10:40:46,516,Tahap-4
01/27/2025,10,40,46,10:40:46,543,Tahap-4
01/27/2025,10,40,46,10:40:46,286,Tahap-4
01/27/2025,10,40,46,10:40:46,493,Tahap-4
01/27/2025,10,40,46,10:40:46,219,Tahap-4
01/27/2025,10,40,46,10:40:46,80,Tahap-4
01/27/2025,10,40,46,10:40:46,-32,Tahap-4
01/27/2025,10,40,46,10:40:46,-48,Tahap-4
01/27/2025,10,40,46,10:40:46,72,Tahap-4
01/27/2025,10,40,46,10:40:46,-4,Tahap-4
01/27/2025,10,40,47,10:40:47,-16,Tahap-4
01/27/2025,10,40,47,10:40:47,20,Tahap-4
01/27/2025,10,40,47,10:40:47,-52,Tahap-4
01/27/2025,10,40,47,10:40:47,56,Tahap-4
01/27/2025,10,40,47,10:40:47,-24,Tahap-4
01/27/2025,10,40,47,10:40:47,-16,Tahap-4
01/27/2025,10,40,47,10:40:47,116,Tahap-4
01/27/2025,10,40,47,10:40:47,-132,Tahap-4
01/27/2025,10,40,47,10:40:47,64,Tahap-4
01/27/2025,10,40,47,10:40:47,44,Tahap-4
01/27/2025,10,40,48,10:40:48,-4,Tahap-4
01/27/2025,10,40,48,10:40:48,-8,Tahap-4
01/27/2025,10,40,48,10:40:48,4,Tahap-4
01/27/2025,10,40,48,10:40:48,-92,Tahap-4
01/27/2025,10,40,48,10:40:48,132,Tahap-4
01/27/2025,10,40,48,10:40:48,-128,Tahap-4
01/27/2025,10,40,48,10:40:48,112,Tahap-4
01/27/2025,10,40,48,10:40:48,-140,Tahap-4
01/27/2025,10,40,48,10:40:48,-16,Tahap-4
01/27/2025,10,40,48,10:40:48,64,Tahap-4
01/27/2025,10,40,49,10:40:49,92,Tahap-4
01/27/2025,10,40,49,10:40:49,-36,Tahap-4
01/27/2025,10,40,49,10:40:49,84,Tahap-4
01/27/2025,10,40,49,10:40:49,-72,Tahap-4
01/27/2025,10,40,49,10:40:49,24,Tahap-4
01/27/2025,10,40,49,10:40:49,-32,Tahap-4
01/27/2025,10,40,49,10:40:49,-48,Tahap-4
01/27/2025,10,40,49,10:40:49,128,Tahap-4
01/27/2025,10,40,49,10:40:49,-144,Tahap-4
01/27/2025,10,40,49,10:40:49,64,Tahap-4
01/27/2025,10,40,50,10:40:50,4,Tahap-4
01/27/2025,10,40,50,10:40:50,12,Tahap-4
01/27/2025,10,40,50,10:40:50,-4,Tahap-4
01/27/2025,10,40,50,10:40:50,64,Tahap-4
01/27/2025,10,40,50,10:40:50,-96,Tahap-4
01/27/2025,10,40,50,10:40:50,56,Tahap-4
01/27/2025,10,40,50,10:40:50,-172,Tahap-4
01/27/2025,10,40,50,10:40:50,88,Tahap-4
01/27/2025,10,40,50,10:40:50,-4,Tahap-4
01/27/2025,10,40,50,10:40:50,-64,Tahap-4
01/27/2025,10,40,51,10:40:51,52,Tahap-4
01/27/2025,10,40,51,10:40:51,12,Tahap-4
01/27/2025,10,40,51,10:40:51,-20,Tahap-4
01/27/2025,10,40,51,10:40:51,-24,Tahap-4
01/27/2025,10,40,51,10:40:51,60,Tahap-4
01/27/2025,10,40,51,10:40:51,-144,Tahap-4
01/27/2025,10,40,51,10:40:51,72,Tahap-4
01/27/2025,10,40,51,10:40:51,-152,Tahap-4
01/27/2025,10,40,51,10:40:51,112,Tahap-4
01/27/2025,10,40,51,10:40:51,12,Tahap-4
01/27/2025,10,40,52,10:40:52,-52,Tahap-4
01/27/2025,10,40,52,10:40:52,120,Tahap-4
01/27/2025,10,40,52,10:40:52,28,Tahap-4
01/27/2025,10,40,52,10:40:52,16,Tahap-4
01/27/2025,10,40,52,10:40:52,-36,Tahap-4
01/27/2025,10,40,52,10:40:52,16,Tahap-4
01/27/2025,10,40,52,10:40:52,-60,Tahap-4
01/27/2025,10,40,52,10:40:52,4,Tahap-4
01/27/2025,10,40,52,10:40:52,-72,Tahap-4
01/27/2025,10,40,52,10:40:52,80,Tahap-4
01/27/2025,10,40,53,10:40:53,-44,Tahap-4
01/27/2025,10,40,53,10:40:53,-40,Tahap-4
01/27/2025,10,40,53,10:40:53,100,Tahap-4
01/27/2025,10,40,53,10:40:53,28,Tahap-4
01/27/2025,10,40,53,10:40:53,-40,Tahap-4
01/27/2025,10,40,53,10:40:53,28,Tahap-4
01/27/2025,10,40,53,10:40:53,-76,Tahap-4
01/27/2025,10,40,53,10:40:53,-44,Tahap-4
01/27/2025,10,40,53,10:40:53,12,Tahap-4
01/27/2025,10,40,53,10:40:53,-88,Tahap-4
01/27/2025,10,40,54,10:40:54,84,Tahap-4
01/27/2025,10,40,54,10:40:54,-56,Tahap-4
01/27/2025,10,40,54,10:40:54,24,Tahap-4
01/27/2025,10,40,54,10:40:54,124,Tahap-4
01/27/2025,10,40,54,10:40:54,52,Tahap-4
01/27/2025,10,40,54,10:40:54,-56,Tahap-4
01/27/2025,10,40,54,10:40:54,56,Tahap-4
01/27/2025,10,40,54,10:40:54,-100,Tahap-4
01/27/2025,10,40,54,10:40:54,36,Tahap-4
01/27/2025,10,40,54,10:40:54,-60,Tahap-4
01/27/2025,10,40,55,10:40:55,40,Tahap-4
01/27/2025,10,40,55,10:40:55,76,Tahap-4
01/27/2025,10,40,55,10:40:55,-24,Tahap-4
01/27/2025,10,40,55,10:40:55,68,Tahap-4
01/27/2025,10,40,55,10:40:55,84,Tahap-4
01/27/2025,10,40,55,10:40:55,104,Tahap-4
01/27/2025,10,40,55,10:40:55,4,Tahap-4
01/27/2025,10,40,55,10:40:55,52,Tahap-4
01/27/2025,10,40,55,10:40:55,-32,Tahap-4
01/27/2025,10,40,55,10:40:55,12,Tahap-4
01/27/2025,10,40,56,10:40:56,-80,Tahap-4
01/27/2025,10,40,56,10:40:56,132,Tahap-4
01/27/2025,10,40,56,10:40:56,28,Tahap-4
01/27/2025,10,40,56,10:40:56,16,Tahap-4
01/27/2025,10,40,56,10:40:56,136,Tahap-4
01/27/2025,10,40,56,10:40:56,68,Tahap-4
01/27/2025,10,40,56,10:40:56,24,Tahap-4
01/27/2025,10,40,56,10:40:56,84,Tahap-4
01/27/2025,10,40,56,10:40:56,-76,Tahap-4
01/27/2025,10,40,56,10:40:56,-20,Tahap-4
01/27/2025,10,40,57,10:40:57,-32,Tahap-4
01/27/2025,10,40,57,10:40:57,-52,Tahap-4
01/27/2025,10,40,57,10:40:57,112,Tahap-4
01/27/2025,10,40,57,10:40:57,-16,Tahap-4
01/27/2025,10,40,57,10:40:57,88,Tahap-4
01/27/2025,10,40,57,10:40:57,104,Tahap-4
01/27/2025,10,40,57,10:40:57,100,Tahap-4
01/27/2025,10,40,57,10:40:57,-28,Tahap-4
01/27/2025,10,40,57,10:40:57,52,Tahap-4
01/27/2025,10,40,57,10:40:57,-124,Tahap-4
01/27/2025,10,40,58,10:40:58,8,Tahap-4
01/27/2025,10,40,58,10:40:58,-172,Tahap-4
01/27/2025,10,40,58,10:40:58,8,Tahap-4
01/27/2025,10,40,58,10:40:58,28,Tahap-4
01/27/2025,10,40,58,10:40:58,-20,Tahap-4
01/27/2025,10,40,58,10:40:58,120,Tahap-4
01/27/2025,10,40,58,10:40:58,80,Tahap-4
01/27/2025,10,40,58,10:40:58,56,Tahap-4
01/27/2025,10,40,58,10:40:58,-56,Tahap-4
01/27/2025,10,40,59,10:40:59,-56,Tahap-4
01/27/2025,10,40,59,10:40:59,-4,Tahap-4
01/27/2025,10,40,59,10:40:59,-152,Tahap-4
01/27/2025,10,40,59,10:40:59,112,Tahap-4
01/27/2025,10,40,59,10:40:59,-92,Tahap-4
01/27/2025,10,41,23,10:41:23,704,Tahap-4
01/27/2025,10,41,23,10:41:23,198,Tahap-4
01/27/2025,10,41,24,10:41:24,438,Tahap-4
01/27/2025,10,41,24,10:41:24,133,Tahap-4
01/27/2025,10,41,24,10:41:24,183,Tahap-4
01/27/2025,10,41,24,10:41:24,150,Tahap-4
01/27/2025,10,41,24,10:41:24,79,Tahap-4
01/27/2025,10,41,24,10:41:24,144,Tahap-4
01/27/2025,10,41,24,10:41:24,37,Tahap-4
01/27/2025,10,41,24,10:41:24,77,Tahap-4
01/27/2025,10,41,24,10:41:24,37,Tahap-4
01/27/2025,10,41,24,10:41:24,95,Tahap-4
01/27/2025,10,41,25,10:41:25,40,Tahap-4
01/27/2025,10,41,25,10:41:25,57,Tahap-4
01/27/2025,10,41,25,10:41:25,14,Tahap-4
01/27/2025,10,41,25,10:41:25,126,Tahap-4
01/27/2025,10,41,25,10:41:25,47,Tahap-4
01/27/2025,10,41,25,10:41:25,53,Tahap-4
01/27/2025,10,41,25,10:41:25,103,Tahap-4
01/27/2025,10,41,25,10:41:25,60,Tahap-4
01/27/2025,10,41,25,10:41:25,221,Tahap-4
01/27/2025,10,41,25,10:41:25,49,Tahap-4
01/27/2025,10,41,26,10:41:26,1253,Tahap-4
01/27/2025,10,41,26,10:41:26,492,Tahap-4
01/27/2025,10,41,26,10:41:26,682,Tahap-4
01/27/2025,10,41,26,10:41:26,397,Tahap-4
01/27/2025,10,41,26,10:41:26,266,Tahap-4
01/27/2025,10,41,26,10:41:26,167,Tahap-4
01/27/2025,10,41,26,10:41:26,208,Tahap-4
01/27/2025,10,41,26,10:41:26,130,Tahap-4
01/27/2025,10,41,26,10:41:26,32,Tahap-4
01/27/2025,10,41,26,10:41:26,52,Tahap-4
01/27/2025,10,41,27,10:41:27,88,Tahap-4
01/27/2025,10,41,27,10:41:27,38,Tahap-4
01/27/2025,10,41,27,10:41:27,12,Tahap-4
01/27/2025,10,41,27,10:41:27,106,Tahap-4
01/27/2025,10,41,27,10:41:27,51,Tahap-4
01/27/2025,10,41,27,10:41:27,80,Tahap-4
01/27/2025,10,41,27,10:41:27,46,Tahap-4
01/27/2025,10,41,27,10:41:27,108,Tahap-4
01/27/2025,10,41,27,10:41:27,85,Tahap-4
01/27/2025,10,41,27,10:41:27,113,Tahap-4
01/27/2025,10,41,28,10:41:28,71,Tahap-4
01/27/2025,10,41,28,10:41:28,106,Tahap-4
01/27/2025,10,41,28,10:41:28,150,Tahap-4
01/27/2025,10,41,28,10:41:28,61,Tahap-4
01/27/2025,10,41,28,10:41:28,137,Tahap-4
01/27/2025,10,41,28,10:41:28,428,Tahap-4
01/27/2025,10,41,28,10:41:28,250,Tahap-4
01/27/2025,10,41,28,10:41:28,40,Tahap-4
01/27/2025,10,41,28,10:41:28,60,Tahap-4
01/27/2025,10,41,28,10:41:28,207,Tahap-4
01/27/2025,10,41,29,10:41:29,51,Tahap-4
01/27/2025,10,41,29,10:41:29,109,Tahap-4
01/27/2025,10,41,29,10:41:29,66,Tahap-4
01/27/2025,10,41,29,10:41:29,27,Tahap-4
01/27/2025,10,41,29,10:41:29,197,Tahap-4
01/27/2025,10,41,29,10:41:29,50,Tahap-4
01/27/2025,10,41,29,10:41:29,93,Tahap-4
01/27/2025,10,41,29,10:41:29,59,Tahap-4
01/27/2025,10,41,29,10:41:29,110,Tahap-4
01/27/2025,10,41,29,10:41:29,72,Tahap-4
01/27/2025,10,41,30,10:41:30,98,Tahap-4
01/27/2025,10,41,30,10:41:30,122,Tahap-4
01/27/2025,10,41,30,10:41:30,46,Tahap-4
01/27/2025,10,41,30,10:41:30,25,Tahap-4
01/27/2025,10,41,30,10:41:30,158,Tahap-4
01/27/2025,10,41,30,10:41:30,201,Tahap-4
01/27/2025,10,41,30,10:41:30,264,Tahap-4
01/27/2025,10,41,30,10:41:30,234,Tahap-4
01/27/2025,10,41,30,10:41:30,518,Tahap-4
01/27/2025,10,41,30,10:41:30,351,Tahap-4
01/27/2025,10,41,31,10:41:31,387,Tahap-4
01/27/2025,10,41,31,10:41:31,360,Tahap-4
01/27/2025,10,41,31,10:41:31,96,Tahap-4
01/27/2025,10,41,31,10:41:31,186,Tahap-4
01/27/2025,10,41,31,10:41:31,34,Tahap-4
01/27/2025,10,41,31,10:41:31,237,Tahap-4
01/27/2025,10,41,31,10:41:31,193,Tahap-4
01/27/2025,10,41,31,10:41:31,71,Tahap-4
01/27/2025,10,41,31,10:41:31,43,Tahap-4
01/27/2025,10,41,31,10:41:31,79,Tahap-4
01/27/2025,10,41,32,10:41:32,202,Tahap-4
01/27/2025,10,41,32,10:41:32,186,Tahap-4
01/27/2025,10,41,32,10:41:32,91,Tahap-4
01/27/2025,10,41,32,10:41:32,30,Tahap-4
01/27/2025,10,41,32,10:41:32,213,Tahap-4
01/27/2025,10,41,32,10:41:32,49,Tahap-4
01/27/2025,10,41,32,10:41:32,266,Tahap-4
01/27/2025,10,41,32,10:41:32,131,Tahap-4
01/27/2025,10,41,32,10:41:32,92,Tahap-4
01/27/2025,10,41,32,10:41:32,105,Tahap-4
01/27/2025,10,41,33,10:41:33,502,Tahap-4
01/27/2025,10,41,33,10:41:33,317,Tahap-4
01/27/2025,10,41,33,10:41:33,1421,Tahap-4
01/27/2025,10,41,33,10:41:33,608,Tahap-4
01/27/2025,10,41,33,10:41:33,177,Tahap-4
01/27/2025,10,41,33,10:41:33,449,Tahap-4
01/27/2025,10,41,33,10:41:33,343,Tahap-4
01/27/2025,10,41,33,10:41:33,140,Tahap-4
01/27/2025,10,41,33,10:41:33,101,Tahap-4
01/27/2025,10,41,33,10:41:33,203,Tahap-4
01/27/2025,10,41,34,10:41:34,163,Tahap-4
01/27/2025,10,41,34,10:41:34,623,Tahap-4
01/27/2025,10,41,34,10:41:34,51,Tahap-4
01/27/2025,10,41,34,10:41:34,115,Tahap-4
01/27/2025,10,41,34,10:41:34,123,Tahap-4
01/27/2025,10,41,34,10:41:34,162,Tahap-4
01/27/2025,10,41,34,10:41:34,287,Tahap-4
01/27/2025,10,41,35,10:41:35,252,Tahap-4
01/27/2025,10,41,35,10:41:35,358,Tahap-4
01/27/2025,10,41,35,10:41:35,433,Tahap-4
01/27/2025,10,41,35,10:41:35,219,Tahap-4
01/27/2025,10,41,35,10:41:35,165,Tahap-4
01/27/2025,10,41,35,10:41:35,209,Tahap-4
01/27/2025,10,41,35,10:41:35,307,Tahap-4
01/27/2025,10,41,35,10:41:35,343,Tahap-4
01/27/2025,10,41,35,10:41:35,601,Tahap-4
01/27/2025,10,41,35,10:41:35,296,Tahap-4
01/27/2025,10,41,35,10:41:35,1008,Tahap-4
01/27/2025,10,41,35,10:41:35,1016,Tahap-4
01/27/2025,10,41,35,10:41:35,102,Tahap-4
01/27/2025,10,41,36,10:41:36,313,Tahap-4
01/27/2025,10,41,36,10:41:36,208,Tahap-4
01/27/2025,10,41,36,10:41:36,283,Tahap-4
01/27/2025,10,41,36,10:41:36,85,Tahap-4
01/27/2025,10,41,36,10:41:36,274,Tahap-4
01/27/2025,10,41,36,10:41:36,-88,Tahap-4
01/27/2025,10,41,36,10:41:36,-104,Tahap-4
01/27/2025,10,41,36,10:41:36,152,Tahap-4
01/27/2025,10,41,36,10:41:36,-176,Tahap-4
01/27/2025,10,41,36,10:41:36,232,Tahap-4
01/27/2025,10,41,37,10:41:37,56,Tahap-4
01/27/2025,10,41,37,10:41:37,-8,Tahap-4
01/27/2025,10,41,37,10:41:37,232,Tahap-4
01/27/2025,10,41,37,10:41:37,32,Tahap-4
01/27/2025,10,41,37,10:41:37,16,Tahap-4
01/27/2025,10,41,37,10:41:37,-16,Tahap-4
01/27/2025,10,41,37,10:41:37,-96,Tahap-4
01/27/2025,10,41,37,10:41:37,-112,Tahap-4
01/27/2025,10,41,37,10:41:37,-8,Tahap-4
01/27/2025,10,41,37,10:41:37,-104,Tahap-4
01/27/2025,10,41,38,10:41:38,264,Tahap-4
01/27/2025,10,41,38,10:41:38,-152,Tahap-4
01/27/2025,10,41,38,10:41:38,104,Tahap-4
01/27/2025,10,41,38,10:41:38,208,Tahap-4
01/27/2025,10,41,38,10:41:38,72,Tahap-4
01/27/2025,10,41,38,10:41:38,-96,Tahap-4
01/27/2025,10,41,38,10:41:38,-112,Tahap-4
01/27/2025,10,41,38,10:41:38,-144,Tahap-4
01/27/2025,10,41,38,10:41:38,-112,Tahap-4
01/27/2025,10,41,38,10:41:38,-40,Tahap-4
01/27/2025,10,41,39,10:41:39,-160,Tahap-4
01/27/2025,10,41,39,10:41:39,232,Tahap-4
01/27/2025,10,41,39,10:41:39,-120,Tahap-4
01/27/2025,10,41,39,10:41:39,80,Tahap-4
01/27/2025,10,41,39,10:41:39,280,Tahap-4
01/27/2025,10,41,39,10:41:39,-88,Tahap-4
01/27/2025,10,41,39,10:41:39,40,Tahap-4
01/27/2025,10,41,39,10:41:39,-112,Tahap-4
01/27/2025,10,41,39,10:41:39,-176,Tahap-4
01/27/2025,10,41,39,10:41:39,-64,Tahap-4
01/27/2025,10,41,40,10:41:40,-224,Tahap-4
01/27/2025,10,41,40,10:41:40,64,Tahap-4
01/27/2025,10,41,40,10:41:40,128,Tahap-4
01/27/2025,10,41,40,10:41:40,-112,Tahap-4
01/27/2025,10,41,40,10:41:40,256,Tahap-4
01/27/2025,10,41,40,10:41:40,64,Tahap-4
01/27/2025,10,41,40,10:41:40,80,Tahap-4
01/27/2025,10,41,40,10:41:40,-56,Tahap-4
01/27/2025,10,41,40,10:41:40,-40,Tahap-4
01/27/2025,10,41,40,10:41:40,-272,Tahap-4
01/27/2025,10,41,41,10:41:41,-8,Tahap-4
01/27/2025,10,41,41,10:41:41,-256,Tahap-4
01/27/2025,10,41,41,10:41:41,72,Tahap-4
01/27/2025,10,41,41,10:41:41,264,Tahap-4
01/27/2025,10,41,41,10:41:41,-288,Tahap-4
01/27/2025,10,41,41,10:41:41,360,Tahap-4
01/27/2025,10,41,41,10:41:41,112,Tahap-4
01/27/2025,10,41,41,10:41:41,64,Tahap-4
01/27/2025,10,41,41,10:41:41,-112,Tahap-4
01/27/2025,10,41,41,10:41:41,48,Tahap-4
01/27/2025,10,41,42,10:41:42,-392,Tahap-4
01/27/2025,10,41,42,10:41:42,-120,Tahap-4
01/27/2025,10,41,42,10:41:42,-264,Tahap-4
01/27/2025,10,41,42,10:41:42,24,Tahap-4
01/27/2025,10,41,42,10:41:42,168,Tahap-4
01/27/2025,10,41,42,10:41:42,-88,Tahap-4
01/27/2025,10,41,42,10:41:42,264,Tahap-4
01/27/2025,10,41,42,10:41:42,112,Tahap-4
01/27/2025,10,41,42,10:41:42,24,Tahap-4
01/27/2025,10,41,43,10:41:43,-400,Tahap-4
01/27/2025,10,41,43,10:41:43,128,Tahap-4
01/27/2025,10,41,43,10:41:43,-216,Tahap-4
01/27/2025,10,41,43,10:41:43,56,Tahap-4
01/27/2025,10,41,43,10:41:43,-80,Tahap-4
01/27/2025,10,41,43,10:41:43,64,Tahap-4
01/27/2025,10,41,43,10:41:43,160,Tahap-4
01/27/2025,10,41,43,10:41:43,208,Tahap-4
01/27/2025,10,41,43,10:41:43,72,Tahap-4
01/27/2025,10,41,43,10:41:43,-72,Tahap-4
01/27/2025,10,41,44,10:41:44,-184,Tahap-4
01/27/2025,10,41,44,10:41:44,-216,Tahap-4
01/27/2025,10,41,44,10:41:44,200,Tahap-4
01/27/2025,10,41,44,10:41:44,-320,Tahap-4
01/27/2025,10,41,44,10:41:44,-16,Tahap-4
01/27/2025,10,41,44,10:41:44,-144,Tahap-4
01/27/2025,10,41,44,10:41:44,64,Tahap-4
01/27/2025,10,41,44,10:41:44,-32,Tahap-4
01/27/2025,10,41,44,10:41:44,272,Tahap-4
01/27/2025,10,41,44,10:41:44,-32,Tahap-4
01/27/2025,10,41,45,10:41:45,128,Tahap-4
01/27/2025,10,41,45,10:41:45,-336,Tahap-4
01/27/2025,10,41,45,10:41:45,-16,Tahap-4
01/27/2025,10,41,45,10:41:45,-56,Tahap-4
01/27/2025,10,41,45,10:41:45,-248,Tahap-4
01/27/2025,10,41,45,10:41:45,-8,Tahap-4
01/27/2025,10,41,45,10:41:45,16,Tahap-4
01/27/2025,10,41,45,10:41:45,-104,Tahap-4
01/27/2025,10,41,45,10:41:45,160,Tahap-4
01/27/2025,10,41,45,10:41:45,144,Tahap-4
01/27/2025,10,41,46,10:41:46,-104,Tahap-4
01/27/2025,10,41,46,10:41:46,112,Tahap-4
01/27/2025,10,41,46,10:41:46,-392,Tahap-4
01/27/2025,10,41,46,10:41:46,160,Tahap-4
01/27/2025,10,41,46,10:41:46,-304,Tahap-4
01/27/2025,10,41,46,10:41:46,-32,Tahap-4
01/27/2025,10,41,46,10:41:46,-56,Tahap-4
01/27/2025,10,41,46,10:41:46,-72,Tahap-4
01/27/2025,10,41,46,10:41:46,72,Tahap-4
01/27/2025,10,41,46,10:41:46,144,Tahap-4
01/27/2025,10,41,47,10:41:47,-80,Tahap-4
01/27/2025,10,41,47,10:41:47,8,Tahap-4
01/27/2025,10,41,47,10:41:47,-264,Tahap-4
01/27/2025,10,41,47,10:41:47,-304,Tahap-4
01/27/2025,10,41,47,10:41:47,40,Tahap-4
01/27/2025,10,41,47,10:41:47,-248,Tahap-4
01/27/2025,10,41,47,10:41:47,-48,Tahap-4
01/27/2025,10,41,47,10:41:47,-32,Tahap-4
01/27/2025,10,41,47,10:41:47,8,Tahap-4
01/27/2025,10,41,47,10:41:47,-112,Tahap-4
01/27/2025,10,41,48,10:41:48,136,Tahap-4
01/27/2025,10,41,48,10:41:48,-192,Tahap-4
01/27/2025,10,41,48,10:41:48,-272,Tahap-4
01/27/2025,10,41,48,10:41:48,-208,Tahap-4
01/27/2025,10,41,48,10:41:48,24,Tahap-4
01/27/2025,10,41,48,10:41:48,-296,Tahap-4
01/27/2025,10,41,48,10:41:48,64,Tahap-4
01/27/2025,10,41,48,10:41:48,-96,Tahap-4
01/27/2025,10,41,48,10:41:48,-80,Tahap-4
01/27/2025,10,41,49,10:41:49,-144,Tahap-4
01/27/2025,10,41,49,10:41:49,112,Tahap-4
01/27/2025,10,41,49,10:41:49,-144,Tahap-4
01/27/2025,10,41,49,10:41:49,40,Tahap-4
01/27/2025,10,42,13,10:42:13,907,Tahap-4
01/27/2025,10,42,13,10:42:13,210,Tahap-4
01/27/2025,10,42,14,10:42:14,92,Tahap-4
01/27/2025,10,42,14,10:42:14,114,Tahap-4
01/27/2025,10,42,14,10:42:14,191,Tahap-4
01/27/2025,10,42,14,10:42:14,39,Tahap-4
01/27/2025,10,42,14,10:42:14,128,Tahap-4
01/27/2025,10,42,14,10:42:14,163,Tahap-4
01/27/2025,10,42,14,10:42:14,232,Tahap-4
01/27/2025,10,42,14,10:42:14,71,Tahap-4
01/27/2025,10,42,14,10:42:14,93,Tahap-4
01/27/2025,10,42,14,10:42:14,18,Tahap-4
01/27/2025,10,42,15,10:42:15,71,Tahap-4
01/27/2025,10,42,15,10:42:15,82,Tahap-4
01/27/2025,10,42,15,10:42:15,13,Tahap-4
01/27/2025,10,42,15,10:42:15,65,Tahap-4
01/27/2025,10,42,15,10:42:15,119,Tahap-4
01/27/2025,10,42,15,10:42:15,70,Tahap-4
01/27/2025,10,42,15,10:42:15,15,Tahap-4
01/27/2025,10,42,15,10:42:15,7,Tahap-4
01/27/2025,10,42,15,10:42:15,119,Tahap-4
01/27/2025,10,42,15,10:42:15,131,Tahap-4
01/27/2025,10,42,16,10:42:16,724,Tahap-4
01/27/2025,10,42,16,10:42:16,1448,Tahap-4
01/27/2025,10,42,16,10:42:16,144,Tahap-4
01/27/2025,10,42,16,10:42:16,158,Tahap-4
01/27/2025,10,42,16,10:42:16,113,Tahap-4
01/27/2025,10,42,16,10:42:16,30,Tahap-4
01/27/2025,10,42,16,10:42:16,93,Tahap-4
01/27/2025,10,42,16,10:42:16,108,Tahap-4
01/27/2025,10,42,16,10:42:16,178,Tahap-4
01/27/2025,10,42,16,10:42:16,45,Tahap-4
01/27/2025,10,42,17,10:42:17,83,Tahap-4
01/27/2025,10,42,17,10:42:17,57,Tahap-4
01/27/2025,10,42,17,10:42:17,85,Tahap-4
01/27/2025,10,42,17,10:42:17,32,Tahap-4
01/27/2025,10,42,17,10:42:17,35,Tahap-4
01/27/2025,10,42,17,10:42:17,40,Tahap-4
01/27/2025,10,42,17,10:42:17,128,Tahap-4
01/27/2025,10,42,17,10:42:17,127,Tahap-4
01/27/2025,10,42,17,10:42:17,94,Tahap-4
01/27/2025,10,42,17,10:42:17,151,Tahap-4
01/27/2025,10,42,18,10:42:18,151,Tahap-4
01/27/2025,10,42,18,10:42:18,104,Tahap-4
01/27/2025,10,42,18,10:42:18,156,Tahap-4
01/27/2025,10,42,18,10:42:18,252,Tahap-4
01/27/2025,10,42,18,10:42:18,299,Tahap-4
01/27/2025,10,42,18,10:42:18,434,Tahap-4
01/27/2025,10,42,18,10:42:18,80,Tahap-4
01/27/2025,10,42,18,10:42:18,69,Tahap-4
01/27/2025,10,42,18,10:42:18,44,Tahap-4
01/27/2025,10,42,18,10:42:18,140,Tahap-4
01/27/2025,10,42,19,10:42:19,55,Tahap-4
01/27/2025,10,42,19,10:42:19,53,Tahap-4
01/27/2025,10,42,19,10:42:19,172,Tahap-4
01/27/2025,10,42,19,10:42:19,40,Tahap-4
01/27/2025,10,42,19,10:42:19,102,Tahap-4
01/27/2025,10,42,19,10:42:19,91,Tahap-4
01/27/2025,10,42,19,10:42:19,47,Tahap-4
01/27/2025,10,42,19,10:42:19,135,Tahap-4
01/27/2025,10,42,19,10:42:19,164,Tahap-4
01/27/2025,10,42,19,10:42:19,117,Tahap-4
01/27/2025,10,42,20,10:42:20,85,Tahap-4
01/27/2025,10,42,20,10:42:20,110,Tahap-4
01/27/2025,10,42,20,10:42:20,183,Tahap-4
01/27/2025,10,42,20,10:42:20,213,Tahap-4
01/27/2025,10,42,20,10:42:20,152,Tahap-4
01/27/2025,10,42,20,10:42:20,188,Tahap-4
01/27/2025,10,42,20,10:42:20,254,Tahap-4
01/27/2025,10,42,20,10:42:20,310,Tahap-4
01/27/2025,10,42,20,10:42:20,462,Tahap-4
01/27/2025,10,42,20,10:42:20,536,Tahap-4
01/27/2025,10,42,21,10:42:21,110,Tahap-4
01/27/2025,10,42,21,10:42:21,216,Tahap-4
01/27/2025,10,42,21,10:42:21,206,Tahap-4
01/27/2025,10,42,21,10:42:21,115,Tahap-4
01/27/2025,10,42,21,10:42:21,147,Tahap-4
01/27/2025,10,42,21,10:42:21,76,Tahap-4
01/27/2025,10,42,21,10:42:21,121,Tahap-4
01/27/2025,10,42,21,10:42:21,118,Tahap-4
01/27/2025,10,42,21,10:42:21,41,Tahap-4
01/27/2025,10,42,21,10:42:21,52,Tahap-4
01/27/2025,10,42,22,10:42:22,253,Tahap-4
01/27/2025,10,42,22,10:42:22,152,Tahap-4
01/27/2025,10,42,22,10:42:22,110,Tahap-4
01/27/2025,10,42,22,10:42:22,84,Tahap-4
01/27/2025,10,42,22,10:42:22,161,Tahap-4
01/27/2025,10,42,22,10:42:22,194,Tahap-4
01/27/2025,10,42,22,10:42:22,302,Tahap-4
01/27/2025,10,42,22,10:42:22,229,Tahap-4
01/27/2025,10,42,22,10:42:22,272,Tahap-4
01/27/2025,10,42,22,10:42:22,120,Tahap-4
01/27/2025,10,42,23,10:42:23,195,Tahap-4
01/27/2025,10,42,23,10:42:23,584,Tahap-4
01/27/2025,10,42,23,10:42:23,1036,Tahap-4
01/27/2025,10,42,23,10:42:23,877,Tahap-4
01/27/2025,10,42,23,10:42:23,447,Tahap-4
01/27/2025,10,42,23,10:42:23,693,Tahap-4
01/27/2025,10,42,23,10:42:23,623,Tahap-4
01/27/2025,10,42,23,10:42:23,80,Tahap-4
01/27/2025,10,42,23,10:42:23,208,Tahap-4
01/27/2025,10,42,23,10:42:23,176,Tahap-4
01/27/2025,10,42,24,10:42:24,216,Tahap-4
01/27/2025,10,42,24,10:42:24,522,Tahap-4
01/27/2025,10,42,24,10:42:24,538,Tahap-4
01/27/2025,10,42,24,10:42:24,318,Tahap-4
01/27/2025,10,42,24,10:42:24,172,Tahap-4
01/27/2025,10,42,24,10:42:24,128,Tahap-4
01/27/2025,10,42,24,10:42:24,169,Tahap-4
01/27/2025,10,42,24,10:42:24,316,Tahap-4
01/27/2025,10,42,24,10:42:24,393,Tahap-4
01/27/2025,10,42,24,10:42:24,134,Tahap-4
01/27/2025,10,42,25,10:42:25,220,Tahap-4
01/27/2025,10,42,25,10:42:25,310,Tahap-4
01/27/2025,10,42,25,10:42:25,333,Tahap-4
01/27/2025,10,42,25,10:42:25,103,Tahap-4
01/27/2025,10,42,25,10:42:25,246,Tahap-4
01/27/2025,10,42,25,10:42:25,141,Tahap-4
01/27/2025,10,42,25,10:42:25,643,Tahap-4
01/27/2025,10,42,25,10:42:25,778,Tahap-4
01/27/2025,10,42,25,10:42:25,850,Tahap-4
01/27/2025,10,42,25,10:42:25,666,Tahap-4
01/27/2025,10,42,26,10:42:26,392,Tahap-4
01/27/2025,10,42,26,10:42:26,39,Tahap-4
01/27/2025,10,42,26,10:42:26,182,Tahap-4
01/27/2025,10,42,26,10:42:26,257,Tahap-4
01/27/2025,10,42,26,10:42:26,310,Tahap-4
01/27/2025,10,42,26,10:42:26,16,Tahap-4
01/27/2025,10,42,26,10:42:26,-88,Tahap-4
01/27/2025,10,42,26,10:42:26,232,Tahap-4
01/27/2025,10,42,26,10:42:26,-192,Tahap-4
01/27/2025,10,42,26,10:42:26,64,Tahap-4
01/27/2025,10,42,27,10:42:27,-72,Tahap-4
01/27/2025,10,42,27,10:42:27,56,Tahap-4
01/27/2025,10,42,27,10:42:27,240,Tahap-4
01/27/2025,10,42,27,10:42:27,-64,Tahap-4
01/27/2025,10,42,27,10:42:27,136,Tahap-4
01/27/2025,10,42,27,10:42:27,192,Tahap-4
01/27/2025,10,42,27,10:42:27,-120,Tahap-4
01/27/2025,10,42,27,10:42:27,32,Tahap-4
01/27/2025,10,42,27,10:42:27,120,Tahap-4
01/27/2025,10,42,27,10:42:27,-184,Tahap-4
01/27/2025,10,42,28,10:42:28,192,Tahap-4
01/27/2025,10,42,28,10:42:28,-248,Tahap-4
01/27/2025,10,42,28,10:42:28,448,Tahap-4
01/27/2025,10,42,28,10:42:28,-144,Tahap-4
01/27/2025,10,42,28,10:42:28,200,Tahap-4
01/27/2025,10,42,28,10:42:28,232,Tahap-4
01/27/2025,10,42,28,10:42:28,16,Tahap-4
01/27/2025,10,42,28,10:42:28,-8,Tahap-4
01/27/2025,10,42,28,10:42:28,80,Tahap-4
01/27/2025,10,42,28,10:42:28,-208,Tahap-4
01/27/2025,10,42,29,10:42:29,96,Tahap-4
01/27/2025,10,42,29,10:42:29,-128,Tahap-4
01/27/2025,10,42,29,10:42:29,-104,Tahap-4
01/27/2025,10,42,29,10:42:29,248,Tahap-4
01/27/2025,10,42,29,10:42:29,-184,Tahap-4
01/27/2025,10,42,29,10:42:29,352,Tahap-4
01/27/2025,10,42,29,10:42:29,168,Tahap-4
01/27/2025,10,42,29,10:42:29,72,Tahap-4
01/27/2025,10,42,29,10:42:29,-104,Tahap-4
01/27/2025,10,42,29,10:42:29,64,Tahap-4
01/27/2025,10,42,30,10:42:30,-200,Tahap-4
01/27/2025,10,42,30,10:42:30,120,Tahap-4
01/27/2025,10,42,30,10:42:30,-152,Tahap-4
01/27/2025,10,42,30,10:42:30,168,Tahap-4
01/27/2025,10,42,30,10:42:30,136,Tahap-4
01/27/2025,10,42,30,10:42:30,16,Tahap-4
01/27/2025,10,42,30,10:42:30,240,Tahap-4
01/27/2025,10,42,30,10:42:30,192,Tahap-4
01/27/2025,10,42,30,10:42:30,-112,Tahap-4
01/27/2025,10,42,30,10:42:30,104,Tahap-4
01/27/2025,10,42,31,10:42:31,-96,Tahap-4
01/27/2025,10,42,31,10:42:31,-160,Tahap-4
01/27/2025,10,42,31,10:42:31,120,Tahap-4
01/27/2025,10,42,31,10:42:31,-240,Tahap-4
01/27/2025,10,42,31,10:42:31,352,Tahap-4
01/27/2025,10,42,31,10:42:31,-40,Tahap-4
01/27/2025,10,42,31,10:42:31,128,Tahap-4
01/27/2025,10,42,31,10:42:31,192,Tahap-4
01/27/2025,10,42,31,10:42:31,144,Tahap-4
01/27/2025,10,42,31,10:42:31,104,Tahap-4
01/27/2025,10,42,32,10:42:32,-112,Tahap-4
01/27/2025,10,42,32,10:42:32,48,Tahap-4
01/27/2025,10,42,32,10:42:32,-144,Tahap-4
01/27/2025,10,42,32,10:42:32,56,Tahap-4
01/27/2025,10,42,32,10:42:32,144,Tahap-4
01/27/2025,10,42,32,10:42:32,-24,Tahap-4
01/27/2025,10,42,32,10:42:32,264,Tahap-4
01/27/2025,10,42,32,10:42:32,272,Tahap-4
01/27/2025,10,42,32,10:42:32,320,Tahap-4
01/27/2025,10,42,32,10:42:32,-112,Tahap-4
01/27/2025,10,42,33,10:42:33,176,Tahap-4
01/27/2025,10,42,33,10:42:33,-232,Tahap-4
01/27/2025,10,42,33,10:42:33,144,Tahap-4
01/27/2025,10,42,33,10:42:33,-136,Tahap-4
01/27/2025,10,42,33,10:42:33,152,Tahap-4
01/27/2025,10,42,33,10:42:33,64,Tahap-4
01/27/2025,10,42,33,10:42:33,32,Tahap-4
01/27/2025,10,42,33,10:42:33,208,Tahap-4
01/27/2025,10,42,33,10:42:33,280,Tahap-4
01/27/2025,10,42,33,10:42:33,-24,Tahap-4
01/27/2025,10,42,34,10:42:34,200,Tahap-4
01/27/2025,10,42,34,10:42:34,-72,Tahap-4
01/27/2025,10,42,34,10:42:34,-96,Tahap-4
01/27/2025,10,42,34,10:42:34,64,Tahap-4
01/27/2025,10,42,34,10:42:34,-232,Tahap-4
01/27/2025,10,42,34,10:42:34,336,Tahap-4
01/27/2025,10,42,35,10:42:35,-104,Tahap-4
01/27/2025,10,42,35,10:42:35,160,Tahap-4
01/27/2025,10,42,35,10:42:35,184,Tahap-4
01/27/2025,10,42,35,10:42:35,208,Tahap-4
01/27/2025,10,42,35,10:42:35,16,Tahap-4
01/27/2025,10,42,35,10:42:35,112,Tahap-4
01/27/2025,10,42,35,10:42:35,-200,Tahap-4
01/27/2025,10,42,35,10:42:35,40,Tahap-4
01/27/2025,10,42,35,10:42:35,-112,Tahap-4
01/27/2025,10,42,35,10:42:35,-40,Tahap-4
01/27/2025,10,42,35,10:42:35,200,Tahap-4
01/27/2025,10,42,35,10:42:35,-8,Tahap-4
01/27/2025,10,42,35,10:42:35,232,Tahap-4
01/27/2025,10,42,35,10:42:35,240,Tahap-4
01/27/2025,10,42,36,10:42:36,208,Tahap-4
01/27/2025,10,42,36,10:42:36,-88,Tahap-4
01/27/2025,10,42,36,10:42:36,160,Tahap-4
01/27/2025,10,42,36,10:42:36,-320,Tahap-4
01/27/2025,10,42,36,10:42:36,184,Tahap-4
01/27/2025,10,42,36,10:42:36,-256,Tahap-4
01/27/2025,10,42,36,10:42:36,64,Tahap-4
01/27/2025,10,42,36,10:42:36,176,Tahap-4
01/27/2025,10,42,36,10:42:36,-168,Tahap-4
01/27/2025,10,42,36,10:42:36,256,Tahap-4
01/27/2025,10,42,37,10:42:37,136,Tahap-4
01/27/2025,10,42,37,10:42:37,-8,Tahap-4
01/27/2025,10,42,37,10:42:37,40,Tahap-4
01/27/2025,10,42,37,10:42:37,-24,Tahap-4
01/27/2025,10,42,37,10:42:37,-120,Tahap-4
01/27/2025,10,42,37,10:42:37,-56,Tahap-4
01/27/2025,10,42,37,10:42:37,-200,Tahap-4
01/27/2025,10,42,37,10:42:37,152,Tahap-4
01/27/2025,10,42,37,10:42:37,-16,Tahap-4
01/27/2025,10,42,37,10:42:37,-48,Tahap-4
01/27/2025,10,42,38,10:42:38,248,Tahap-4
01/27/2025,10,42,38,10:42:38,128,Tahap-4
01/27/2025,10,42,38,10:42:38,112,Tahap-4
01/27/2025,10,42,38,10:42:38,8,Tahap-4
01/27/2025,10,42,38,10:42:38,-16,Tahap-4
01/27/2025,10,42,38,10:42:38,-72,Tahap-4
01/27/2025,10,42,38,10:42:38,-16,Tahap-4
01/27/2025,10,42,38,10:42:38,-72,Tahap-4
01/27/2025,10,42,38,10:42:38,144,Tahap-4
01/27/2025,10,42,38,10:42:38,-16,Tahap-4
01/27/2025,10,42,39,10:42:39,32,Tahap-4
01/27/2025,10,42,39,10:42:39,312,Tahap-4
01/27/2025,10,42,39,10:42:39,216,Tahap-4
01/27/2025,10,43,3,10:43:03,1215,Tahap-4
01/27/2025,10,43,3,10:43:03,498,Tahap-4
01/27/2025,10,43,3,10:43:03,374,Tahap-4
01/27/2025,10,43,4,10:43:04,370,Tahap-4
01/27/2025,10,43,4,10:43:04,107,Tahap-4
01/27/2025,10,43,4,10:43:04,165,Tahap-4
01/27/2025,10,43,4,10:43:04,153,Tahap-4
01/27/2025,10,43,4,10:43:04,177,Tahap-4
01/27/2025,10,43,4,10:43:04,144,Tahap-4
01/27/2025,10,43,4,10:43:04,65,Tahap-4
01/27/2025,10,43,5,10:43:05,92,Tahap-4
01/27/2025,10,43,5,10:43:05,97,Tahap-4
01/27/2025,10,43,5,10:43:05,177,Tahap-4
01/27/2025,10,43,5,10:43:05,81,Tahap-4
01/27/2025,10,43,5,10:43:05,133,Tahap-4
01/27/2025,10,43,5,10:43:05,58,Tahap-4
01/27/2025,10,43,5,10:43:05,107,Tahap-4
01/27/2025,10,43,5,10:43:05,47,Tahap-4
01/27/2025,10,43,5,10:43:05,49,Tahap-4
01/27/2025,10,43,5,10:43:05,15,Tahap-4
01/27/2025,10,43,5,10:43:05,38,Tahap-4
01/27/2025,10,43,5,10:43:05,117,Tahap-4
01/27/2025,10,43,5,10:43:05,582,Tahap-4
01/27/2025,10,43,6,10:43:06,1423,Tahap-4
01/27/2025,10,43,6,10:43:06,268,Tahap-4
01/27/2025,10,43,6,10:43:06,28,Tahap-4
01/27/2025,10,43,6,10:43:06,62,Tahap-4
01/27/2025,10,43,6,10:43:06,104,Tahap-4
01/27/2025,10,43,6,10:43:06,124,Tahap-4
01/27/2025,10,43,6,10:43:06,117,Tahap-4
01/27/2025,10,43,6,10:43:06,204,Tahap-4
01/27/2025,10,43,6,10:43:06,302,Tahap-4
01/27/2025,10,43,6,10:43:06,104,Tahap-4
01/27/2025,10,43,7,10:43:07,99,Tahap-4
01/27/2025,10,43,7,10:43:07,50,Tahap-4
01/27/2025,10,43,7,10:43:07,104,Tahap-4
01/27/2025,10,43,7,10:43:07,159,Tahap-4
01/27/2025,10,43,7,10:43:07,19,Tahap-4
01/27/2025,10,43,7,10:43:07,38,Tahap-4
01/27/2025,10,43,7,10:43:07,122,Tahap-4
01/27/2025,10,43,7,10:43:07,175,Tahap-4
01/27/2025,10,43,7,10:43:07,100,Tahap-4
01/27/2025,10,43,7,10:43:07,81,Tahap-4
01/27/2025,10,43,8,10:43:08,112,Tahap-4
01/27/2025,10,43,8,10:43:08,104,Tahap-4
01/27/2025,10,43,8,10:43:08,145,Tahap-4
01/27/2025,10,43,8,10:43:08,122,Tahap-4
01/27/2025,10,43,8,10:43:08,433,Tahap-4
01/27/2025,10,43,8,10:43:08,140,Tahap-4
01/27/2025,10,43,8,10:43:08,118,Tahap-4
01/27/2025,10,43,8,10:43:08,62,Tahap-4
01/27/2025,10,43,8,10:43:08,107,Tahap-4
01/27/2025,10,43,8,10:43:08,80,Tahap-4
01/27/2025,10,43,9,10:43:09,71,Tahap-4
01/27/2025,10,43,9,10:43:09,470,Tahap-4
01/27/2025,10,43,9,10:43:09,794,Tahap-4
01/27/2025,10,43,9,10:43:09,245,Tahap-4
01/27/2025,10,43,9,10:43:09,131,Tahap-4
01/27/2025,10,43,9,10:43:09,74,Tahap-4
01/27/2025,10,43,9,10:43:09,185,Tahap-4
01/27/2025,10,43,9,10:43:09,148,Tahap-4
01/27/2025,10,43,9,10:43:09,31,Tahap-4
01/27/2025,10,43,9,10:43:09,38,Tahap-4
01/27/2025,10,43,10,10:43:10,198,Tahap-4
01/27/2025,10,43,10,10:43:10,187,Tahap-4
01/27/2025,10,43,10,10:43:10,165,Tahap-4
01/27/2025,10,43,10,10:43:10,100,Tahap-4
01/27/2025,10,43,10,10:43:10,360,Tahap-4
01/27/2025,10,43,10,10:43:10,199,Tahap-4
01/27/2025,10,43,10,10:43:10,33,Tahap-4
01/27/2025,10,43,10,10:43:10,422,Tahap-4
01/27/2025,10,43,10,10:43:10,652,Tahap-4
01/27/2025,10,43,10,10:43:10,257,Tahap-4
01/27/2025,10,43,11,10:43:11,193,Tahap-4
01/27/2025,10,43,11,10:43:11,66,Tahap-4
01/27/2025,10,43,11,10:43:11,96,Tahap-4
01/27/2025,10,43,11,10:43:11,164,Tahap-4
01/27/2025,10,43,11,10:43:11,70,Tahap-4
01/27/2025,10,43,11,10:43:11,77,Tahap-4
01/27/2025,10,43,11,10:43:11,116,Tahap-4
01/27/2025,10,43,11,10:43:11,60,Tahap-4
01/27/2025,10,43,11,10:43:11,104,Tahap-4
01/27/2025,10,43,11,10:43:11,112,Tahap-4
01/27/2025,10,43,12,10:43:12,33,Tahap-4
01/27/2025,10,43,12,10:43:12,58,Tahap-4
01/27/2025,10,43,12,10:43:12,33,Tahap-4
01/27/2025,10,43,12,10:43:12,109,Tahap-4
01/27/2025,10,43,12,10:43:12,69,Tahap-4
01/27/2025,10,43,12,10:43:12,109,Tahap-4
01/27/2025,10,43,12,10:43:12,180,Tahap-4
01/27/2025,10,43,12,10:43:12,47,Tahap-4
01/27/2025,10,43,12,10:43:12,63,Tahap-4
01/27/2025,10,43,12,10:43:12,58,Tahap-4
01/27/2025,10,43,13,10:43:13,267,Tahap-4
01/27/2025,10,43,13,10:43:13,1053,Tahap-4
01/27/2025,10,43,13,10:43:13,1158,Tahap-4
01/27/2025,10,43,13,10:43:13,648,Tahap-4
01/27/2025,10,43,13,10:43:13,464,Tahap-4
01/27/2025,10,43,13,10:43:13,283,Tahap-4
01/27/2025,10,43,13,10:43:13,158,Tahap-4
01/27/2025,10,43,13,10:43:13,166,Tahap-4
01/27/2025,10,43,13,10:43:13,148,Tahap-4
01/27/2025,10,43,13,10:43:13,103,Tahap-4
01/27/2025,10,43,14,10:43:14,193,Tahap-4
01/27/2025,10,43,14,10:43:14,49,Tahap-4
01/27/2025,10,43,14,10:43:14,58,Tahap-4
01/27/2025,10,43,14,10:43:14,65,Tahap-4
01/27/2025,10,43,14,10:43:14,28,Tahap-4
01/27/2025,10,43,14,10:43:14,370,Tahap-4
01/27/2025,10,43,14,10:43:14,391,Tahap-4
01/27/2025,10,43,14,10:43:14,2252,Tahap-4
01/27/2025,10,43,14,10:43:14,1003,Tahap-4
01/27/2025,10,43,14,10:43:14,192,Tahap-4
01/27/2025,10,43,15,10:43:15,87,Tahap-4
01/27/2025,10,43,15,10:43:15,389,Tahap-4
01/27/2025,10,43,15,10:43:15,146,Tahap-4
01/27/2025,10,43,15,10:43:15,401,Tahap-4
01/27/2025,10,43,15,10:43:15,432,Tahap-4
01/27/2025,10,43,15,10:43:15,719,Tahap-4
01/27/2025,10,43,15,10:43:15,880,Tahap-4
01/27/2025,10,43,15,10:43:15,709,Tahap-4
01/27/2025,10,43,15,10:43:15,159,Tahap-4
01/27/2025,10,43,15,10:43:15,478,Tahap-4
01/27/2025,10,43,16,10:43:16,148,Tahap-4
01/27/2025,10,43,16,10:43:16,140,Tahap-4
01/27/2025,10,43,16,10:43:16,255,Tahap-4
01/27/2025,10,43,16,10:43:16,19,Tahap-4
01/27/2025,10,43,16,10:43:16,28,Tahap-4
01/27/2025,10,43,16,10:43:16,-104,Tahap-4
01/27/2025,10,43,16,10:43:16,20,Tahap-4
01/27/2025,10,43,16,10:43:16,-64,Tahap-4
01/27/2025,10,43,16,10:43:16,-60,Tahap-4
01/27/2025,10,43,16,10:43:16,-20,Tahap-4
01/27/2025,10,43,17,10:43:17,104,Tahap-4
01/27/2025,10,43,17,10:43:17,-40,Tahap-4
01/27/2025,10,43,17,10:43:17,140,Tahap-4
01/27/2025,10,43,17,10:43:17,-68,Tahap-4
01/27/2025,10,43,17,10:43:17,12,Tahap-4
01/27/2025,10,43,17,10:43:17,68,Tahap-4
01/27/2025,10,43,17,10:43:17,-120,Tahap-4
01/27/2025,10,43,17,10:43:17,8,Tahap-4
01/27/2025,10,43,17,10:43:17,-184,Tahap-4
01/27/2025,10,43,18,10:43:18,100,Tahap-4
01/27/2025,10,43,18,10:43:18,24,Tahap-4
01/27/2025,10,43,18,10:43:18,12,Tahap-4
01/27/2025,10,43,18,10:43:18,-12,Tahap-4
01/27/2025,10,43,18,10:43:18,48,Tahap-4
01/27/2025,10,43,18,10:43:18,44,Tahap-4
01/27/2025,10,43,18,10:43:18,-120,Tahap-4
01/27/2025,10,43,18,10:43:18,76,Tahap-4
01/27/2025,10,43,18,10:43:18,-220,Tahap-4
01/27/2025,10,43,18,10:43:18,124,Tahap-4
01/27/2025,10,43,19,10:43:19,-160,Tahap-4
01/27/2025,10,43,19,10:43:19,44,Tahap-4
01/27/2025,10,43,19,10:43:19,8,Tahap-4
01/27/2025,10,43,19,10:43:19,-128,Tahap-4
01/27/2025,10,43,19,10:43:19,148,Tahap-4
01/27/2025,10,43,19,10:43:19,16,Tahap-4
01/27/2025,10,43,19,10:43:19,16,Tahap-4
01/27/2025,10,43,19,10:43:19,-76,Tahap-4
01/27/2025,10,43,19,10:43:19,-36,Tahap-4
01/27/2025,10,43,19,10:43:19,-48,Tahap-4
01/27/2025,10,43,20,10:43:20,-88,Tahap-4
01/27/2025,10,43,20,10:43:20,-76,Tahap-4
01/27/2025,10,43,20,10:43:20,-4,Tahap-4
01/27/2025,10,43,20,10:43:20,68,Tahap-4
01/27/2025,10,43,20,10:43:20,-40,Tahap-4
01/27/2025,10,43,20,10:43:20,112,Tahap-4
01/27/2025,10,43,20,10:43:20,4,Tahap-4
01/27/2025,10,43,20,10:43:20,-88,Tahap-4
01/27/2025,10,43,20,10:43:20,60,Tahap-4
01/27/2025,10,43,20,10:43:20,-164,Tahap-4
01/27/2025,10,43,21,10:43:21,-16,Tahap-4
01/27/2025,10,43,21,10:43:21,-128,Tahap-4
01/27/2025,10,43,21,10:43:21,-16,Tahap-4
01/27/2025,10,43,21,10:43:21,96,Tahap-4
01/27/2025,10,43,21,10:43:21,-68,Tahap-4
01/27/2025,10,43,21,10:43:21,16,Tahap-4
01/27/2025,10,43,21,10:43:21,12,Tahap-4
01/27/2025,10,43,21,10:43:21,64,Tahap-4
01/27/2025,10,43,21,10:43:21,-84,Tahap-4
01/27/2025,10,43,21,10:43:21,40,Tahap-4
01/27/2025,10,43,22,10:43:22,-212,Tahap-4
01/27/2025,10,43,22,10:43:22,-24,Tahap-4
01/27/2025,10,43,22,10:43:22,-64,Tahap-4
01/27/2025,10,43,22,10:43:22,128,Tahap-4
01/27/2025,10,43,22,10:43:22,-220,Tahap-4
01/27/2025,10,43,22,10:43:22,140,Tahap-4
01/27/2025,10,43,22,10:43:22,16,Tahap-4
01/27/2025,10,43,22,10:43:22,12,Tahap-4
01/27/2025,10,43,22,10:43:22,-96,Tahap-4
01/27/2025,10,43,23,10:43:23,-56,Tahap-4
01/27/2025,10,43,23,10:43:23,-68,Tahap-4
01/27/2025,10,43,23,10:43:23,-44,Tahap-4
01/27/2025,10,43,23,10:43:23,-88,Tahap-4
01/27/2025,10,43,23,10:43:23,-76,Tahap-4
01/27/2025,10,43,23,10:43:23,56,Tahap-4
01/27/2025,10,43,23,10:43:23,-40,Tahap-4
01/27/2025,10,43,23,10:43:23,96,Tahap-4
01/27/2025,10,43,23,10:43:23,60,Tahap-4
01/27/2025,10,43,23,10:43:23,-56,Tahap-4
01/27/2025,10,43,24,10:43:24,48,Tahap-4
01/27/2025,10,43,24,10:43:24,-108,Tahap-4
01/27/2025,10,43,24,10:43:24,-56,Tahap-4
01/27/2025,10,43,24,10:43:24,-108,Tahap-4
01/27/2025,10,43,24,10:43:24,-60,Tahap-4
01/27/2025,10,43,24,10:43:24,112,Tahap-4
01/27/2025,10,43,24,10:43:24,-88,Tahap-4
01/27/2025,10,43,24,10:43:24,24,Tahap-4
01/27/2025,10,43,24,10:43:24,-16,Tahap-4
01/27/2025,10,43,24,10:43:24,104,Tahap-4
01/27/2025,10,43,25,10:43:25,-136,Tahap-4
01/27/2025,10,43,25,10:43:25,64,Tahap-4
01/27/2025,10,43,25,10:43:25,-224,Tahap-4
01/27/2025,10,43,25,10:43:25,-16,Tahap-4
01/27/2025,10,43,25,10:43:25,-56,Tahap-4
01/27/2025,10,43,25,10:43:25,-92,Tahap-4
01/27/2025,10,43,25,10:43:25,80,Tahap-4
01/27/2025,10,43,25,10:43:25,-176,Tahap-4
01/27/2025,10,43,25,10:43:25,88,Tahap-4
01/27/2025,10,43,25,10:43:25,60,Tahap-4
01/27/2025,10,43,26,10:43:26,-44,Tahap-4
01/27/2025,10,43,26,10:43:26,-44,Tahap-4
01/27/2025,10,43,26,10:43:26,-64,Tahap-4
01/27/2025,10,43,26,10:43:26,-52,Tahap-4
01/27/2025,10,43,26,10:43:26,-48,Tahap-4
01/27/2025,10,43,26,10:43:26,-216,Tahap-4
01/27/2025,10,43,26,10:43:26,-20,Tahap-4
01/27/2025,10,43,26,10:43:26,-20,Tahap-4
01/27/2025,10,43,26,10:43:26,-44,Tahap-4
01/27/2025,10,43,26,10:43:26,-40,Tahap-4
01/27/2025,10,43,27,10:43:27,92,Tahap-4
01/27/2025,10,43,27,10:43:27,-112,Tahap-4
01/27/2025,10,43,27,10:43:27,36,Tahap-4
01/27/2025,10,43,27,10:43:27,-136,Tahap-4
01/27/2025,10,43,27,10:43:27,-132,Tahap-4
01/27/2025,10,43,27,10:43:27,-12,Tahap-4
01/27/2025,10,43,27,10:43:27,-276,Tahap-4
01/27/2025,10,43,27,10:43:27,88,Tahap-4
01/27/2025,10,43,27,10:43:27,-40,Tahap-4
01/27/2025,10,43,27,10:43:27,36,Tahap-4
01/27/2025,10,43,28,10:43:28,-60,Tahap-4
01/27/2025,10,43,28,10:43:28,76,Tahap-4
01/27/2025,10,43,28,10:43:28,-68,Tahap-4
01/27/2025,10,43,28,10:43:28,-40,Tahap-4
01/27/2025,10,43,28,10:43:28,-244,Tahap-4
01/27/2025,10,43,28,10:43:28,-40,Tahap-4
01/27/2025,10,43,28,10:43:28,-64,Tahap-4
01/27/2025,10,43,28,10:43:28,-108,Tahap-4
01/27/2025,10,43,28,10:43:28,-40,Tahap-4
01/27/2025,10,43,28,10:43:28,-52,Tahap-4
01/27/2025,10,43,29,10:43:29,-92,Tahap-4
01/27/2025,10,43,29,10:43:29,140,Tahap-4
01/27/2025,10,43,29,10:43:29,-60,Tahap-4
01/27/2025,10,43,53,10:43:53,1464,Tahap-4
01/27/2025,10,43,53,10:43:53,435,Tahap-4
01/27/2025,10,43,53,10:43:53,237,Tahap-4
01/27/2025,10,43,53,10:43:53,179,Tahap-4
01/27/2025,10,43,54,10:43:54,219,Tahap-4
01/27/2025,10,43,54,10:43:54,209,Tahap-4
01/27/2025,10,43,54,10:43:54,80,Tahap-4
01/27/2025,10,43,54,10:43:54,77,Tahap-4
01/27/2025,10,43,54,10:43:54,95,Tahap-4
01/27/2025,10,43,54,10:43:54,59,Tahap-4
01/27/2025,10,43,54,10:43:54,35,Tahap-4
01/27/2025,10,43,54,10:43:54,91,Tahap-4
01/27/2025,10,43,54,10:43:54,107,Tahap-4
01/27/2025,10,43,54,10:43:54,138,Tahap-4
01/27/2025,10,43,55,10:43:55,75,Tahap-4
01/27/2025,10,43,55,10:43:55,121,Tahap-4
01/27/2025,10,43,55,10:43:55,135,Tahap-4
01/27/2025,10,43,55,10:43:55,128,Tahap-4
01/27/2025,10,43,55,10:43:55,48,Tahap-4
01/27/2025,10,43,55,10:43:55,113,Tahap-4
01/27/2025,10,43,55,10:43:55,149,Tahap-4
01/27/2025,10,43,55,10:43:55,72,Tahap-4
01/27/2025,10,43,55,10:43:55,1032,Tahap-4
01/27/2025,10,43,55,10:43:55,723,Tahap-4
01/27/2025,10,43,56,10:43:56,585,Tahap-4
01/27/2025,10,43,56,10:43:56,220,Tahap-4
01/27/2025,10,43,56,10:43:56,99,Tahap-4
01/27/2025,10,43,56,10:43:56,83,Tahap-4
01/27/2025,10,43,56,10:43:56,190,Tahap-4
01/27/2025,10,43,56,10:43:56,189,Tahap-4
01/27/2025,10,43,56,10:43:56,172,Tahap-4
01/27/2025,10,43,56,10:43:56,50,Tahap-4
01/27/2025,10,43,56,10:43:56,90,Tahap-4
01/27/2025,10,43,56,10:43:56,123,Tahap-4
01/27/2025,10,43,57,10:43:57,85,Tahap-4
01/27/2025,10,43,57,10:43:57,147,Tahap-4
01/27/2025,10,43,57,10:43:57,35,Tahap-4
01/27/2025,10,43,57,10:43:57,85,Tahap-4
01/27/2025,10,43,57,10:43:57,55,Tahap-4
01/27/2025,10,43,57,10:43:57,115,Tahap-4
01/27/2025,10,43,57,10:43:57,141,Tahap-4
01/27/2025,10,43,57,10:43:57,109,Tahap-4
01/27/2025,10,43,57,10:43:57,78,Tahap-4
01/27/2025,10,43,57,10:43:57,200,Tahap-4
01/27/2025,10,43,58,10:43:58,228,Tahap-4
01/27/2025,10,43,58,10:43:58,125,Tahap-4
01/27/2025,10,43,58,10:43:58,399,Tahap-4
01/27/2025,10,43,58,10:43:58,98,Tahap-4
01/27/2025,10,43,58,10:43:58,255,Tahap-4
01/27/2025,10,43,58,10:43:58,87,Tahap-4
01/27/2025,10,43,58,10:43:58,74,Tahap-4
01/27/2025,10,43,58,10:43:58,66,Tahap-4
01/27/2025,10,43,58,10:43:58,265,Tahap-4
01/27/2025,10,43,58,10:43:58,455,Tahap-4
01/27/2025,10,43,59,10:43:59,70,Tahap-4
01/27/2025,10,43,59,10:43:59,155,Tahap-4
01/27/2025,10,43,59,10:43:59,117,Tahap-4
01/27/2025,10,43,59,10:43:59,30,Tahap-4
01/27/2025,10,43,59,10:43:59,106,Tahap-4
01/27/2025,10,43,59,10:43:59,203,Tahap-4
01/27/2025,10,43,59,10:43:59,166,Tahap-4
01/27/2025,10,43,59,10:43:59,122,Tahap-4
01/27/2025,10,43,59,10:43:59,102,Tahap-4
01/27/2025,10,43,59,10:43:59,280,Tahap-4
01/27/2025,10,44,1,10:44:01,131,Tahap-4
01/27/2025,10,44,1,10:44:01,50,Tahap-4
01/27/2025,10,44,1,10:44:01,86,Tahap-4
01/27/2025,10,44,1,10:44:01,97,Tahap-4
01/27/2025,10,44,1,10:44:01,42,Tahap-4
01/27/2025,10,44,1,10:44:01,115,Tahap-4
01/27/2025,10,44,1,10:44:01,53,Tahap-4
01/27/2025,10,44,1,10:44:01,59,Tahap-4
01/27/2025,10,44,1,10:44:01,151,Tahap-4
01/27/2025,10,44,1,10:44:01,168,Tahap-4
01/27/2025,10,44,2,10:44:02,59,Tahap-4
01/27/2025,10,44,2,10:44:02,64,Tahap-4
01/27/2025,10,44,2,10:44:02,123,Tahap-4
01/27/2025,10,44,2,10:44:02,270,Tahap-4
01/27/2025,10,44,2,10:44:02,318,Tahap-4
01/27/2025,10,44,2,10:44:02,153,Tahap-4
01/27/2025,10,44,2,10:44:02,115,Tahap-4
01/27/2025,10,44,2,10:44:02,227,Tahap-4
01/27/2025,10,44,2,10:44:02,363,Tahap-4
01/27/2025,10,44,2,10:44:02,584,Tahap-4
01/27/2025,10,44,3,10:44:03,453,Tahap-4
01/27/2025,10,44,3,10:44:03,1522,Tahap-4
01/27/2025,10,44,3,10:44:03,586,Tahap-4
01/27/2025,10,44,3,10:44:03,324,Tahap-4
01/27/2025,10,44,3,10:44:03,330,Tahap-4
01/27/2025,10,44,3,10:44:03,173,Tahap-4
01/27/2025,10,44,3,10:44:03,137,Tahap-4
01/27/2025,10,44,3,10:44:03,74,Tahap-4
01/27/2025,10,44,3,10:44:03,239,Tahap-4
01/27/2025,10,44,3,10:44:03,40,Tahap-4
01/27/2025,10,44,4,10:44:04,117,Tahap-4
01/27/2025,10,44,4,10:44:04,207,Tahap-4
01/27/2025,10,44,4,10:44:04,869,Tahap-4
01/27/2025,10,44,4,10:44:04,813,Tahap-4
01/27/2025,10,44,4,10:44:04,434,Tahap-4
01/27/2025,10,44,4,10:44:04,239,Tahap-4
01/27/2025,10,44,4,10:44:04,200,Tahap-4
01/27/2025,10,44,5,10:44:05,187,Tahap-4
01/27/2025,10,44,5,10:44:05,231,Tahap-4
01/27/2025,10,44,5,10:44:05,102,Tahap-4
01/27/2025,10,44,5,10:44:05,244,Tahap-4
01/27/2025,10,44,5,10:44:05,122,Tahap-4
01/27/2025,10,44,5,10:44:05,396,Tahap-4
01/27/2025,10,44,5,10:44:05,572,Tahap-4
01/27/2025,10,44,5,10:44:05,296,Tahap-4
01/27/2025,10,44,5,10:44:05,1116,Tahap-4
01/27/2025,10,44,5,10:44:05,827,Tahap-4
01/27/2025,10,44,5,10:44:05,170,Tahap-4
01/27/2025,10,44,5,10:44:05,251,Tahap-4
01/27/2025,10,44,5,10:44:05,126,Tahap-4
01/27/2025,10,44,6,10:44:06,136,Tahap-4
01/27/2025,10,44,6,10:44:06,158,Tahap-4
01/27/2025,10,44,6,10:44:06,143,Tahap-4
01/27/2025,10,44,6,10:44:06,176,Tahap-4
01/27/2025,10,44,6,10:44:06,96,Tahap-4
01/27/2025,10,44,6,10:44:06,24,Tahap-4
01/27/2025,10,44,6,10:44:06,-160,Tahap-4
01/27/2025,10,44,6,10:44:06,40,Tahap-4
01/27/2025,10,44,6,10:44:06,-120,Tahap-4
01/27/2025,10,44,6,10:44:06,80,Tahap-4
01/27/2025,10,44,7,10:44:07,-224,Tahap-4
01/27/2025,10,44,7,10:44:07,16,Tahap-4
01/27/2025,10,44,7,10:44:07,-112,Tahap-4
01/27/2025,10,44,7,10:44:07,-56,Tahap-4
01/27/2025,10,44,7,10:44:07,216,Tahap-4
01/27/2025,10,44,7,10:44:07,40,Tahap-4
01/27/2025,10,44,7,10:44:07,-264,Tahap-4
01/27/2025,10,44,7,10:44:07,144,Tahap-4
01/27/2025,10,44,7,10:44:07,-240,Tahap-4
01/27/2025,10,44,7,10:44:07,-32,Tahap-4
01/27/2025,10,44,8,10:44:08,-104,Tahap-4
01/27/2025,10,44,8,10:44:08,-280,Tahap-4
01/27/2025,10,44,8,10:44:08,312,Tahap-4
01/27/2025,10,44,8,10:44:08,-296,Tahap-4
01/27/2025,10,44,8,10:44:08,144,Tahap-4
01/27/2025,10,44,8,10:44:08,-128,Tahap-4
01/27/2025,10,44,8,10:44:08,80,Tahap-4
01/27/2025,10,44,8,10:44:08,-144,Tahap-4
01/27/2025,10,44,8,10:44:08,-24,Tahap-4
01/27/2025,10,44,8,10:44:08,-200,Tahap-4
01/27/2025,10,44,9,10:44:09,-72,Tahap-4
01/27/2025,10,44,9,10:44:09,-144,Tahap-4
01/27/2025,10,44,9,10:44:09,48,Tahap-4
01/27/2025,10,44,9,10:44:09,112,Tahap-4
01/27/2025,10,44,9,10:44:09,-200,Tahap-4
01/27/2025,10,44,9,10:44:09,56,Tahap-4
01/27/2025,10,44,9,10:44:09,168,Tahap-4
01/27/2025,10,44,9,10:44:09,-56,Tahap-4
01/27/2025,10,44,9,10:44:09,-16,Tahap-4
01/27/2025,10,44,9,10:44:09,-104,Tahap-4
01/27/2025,10,44,10,10:44:10,-240,Tahap-4
01/27/2025,10,44,10,10:44:10,96,Tahap-4
01/27/2025,10,44,10,10:44:10,-368,Tahap-4
01/27/2025,10,44,10,10:44:10,248,Tahap-4
01/27/2025,10,44,10,10:44:10,-200,Tahap-4
01/27/2025,10,44,10,10:44:10,-48,Tahap-4
01/27/2025,10,44,10,10:44:10,104,Tahap-4
01/27/2025,10,44,10,10:44:10,112,Tahap-4
01/27/2025,10,44,10,10:44:10,-104,Tahap-4
01/27/2025,10,44,10,10:44:10,16,Tahap-4
01/27/2025,10,44,11,10:44:11,-152,Tahap-4
01/27/2025,10,44,11,10:44:11,-136,Tahap-4
01/27/2025,10,44,11,10:44:11,-144,Tahap-4
01/27/2025,10,44,11,10:44:11,-152,Tahap-4
01/27/2025,10,44,11,10:44:11,160,Tahap-4
01/27/2025,10,44,11,10:44:11,-192,Tahap-4
01/27/2025,10,44,11,10:44:11,80,Tahap-4
01/27/2025,10,44,11,10:44:11,176,Tahap-4
01/27/2025,10,44,11,10:44:11,40,Tahap-4
01/27/2025,10,44,11,10:44:11,-160,Tahap-4
01/27/2025,10,44,12,10:44:12,104,Tahap-4
01/27/2025,10,44,12,10:44:12,-416,Tahap-4
01/27/2025,10,44,12,10:44:12,48,Tahap-4
01/27/2025,10,44,12,10:44:12,-392,Tahap-4
01/27/2025,10,44,12,10:44:12,64,Tahap-4
01/27/2025,10,44,12,10:44:12,24,Tahap-4
01/27/2025,10,44,12,10:44:12,-120,Tahap-4
01/27/2025,10,44,12,10:44:12,168,Tahap-4
01/27/2025,10,44,12,10:44:12,-8,Tahap-4
01/27/2025,10,44,12,10:44:12,-112,Tahap-4
01/27/2025,10,44,13,10:44:13,16,Tahap-4
01/27/2025,10,44,13,10:44:13,-168,Tahap-4
01/27/2025,10,44,13,10:44:13,-216,Tahap-4
01/27/2025,10,44,13,10:44:13,-296,Tahap-4
01/27/2025,10,44,13,10:44:13,-200,Tahap-4
01/27/2025,10,44,13,10:44:13,200,Tahap-4
01/27/2025,10,44,13,10:44:13,-208,Tahap-4
01/27/2025,10,44,13,10:44:13,40,Tahap-4
01/27/2025,10,44,13,10:44:13,168,Tahap-4
01/27/2025,10,44,14,10:44:14,-168,Tahap-4
01/27/2025,10,44,14,10:44:14,120,Tahap-4
01/27/2025,10,44,14,10:44:14,-336,Tahap-4
01/27/2025,10,44,14,10:44:14,-152,Tahap-4
01/27/2025,10,44,14,10:44:14,-184,Tahap-4
01/27/2025,10,44,14,10:44:14,-248,Tahap-4
01/27/2025,10,44,14,10:44:14,216,Tahap-4
01/27/2025,10,44,14,10:44:14,-336,Tahap-4
01/27/2025,10,44,14,10:44:14,88,Tahap-4
01/27/2025,10,44,14,10:44:14,104,Tahap-4
01/27/2025,10,44,15,10:44:15,48,Tahap-4
01/27/2025,10,44,15,10:44:15,-48,Tahap-4
01/27/2025,10,44,15,10:44:15,-24,Tahap-4
01/27/2025,10,44,15,10:44:15,-248,Tahap-4
01/27/2025,10,44,15,10:44:15,8,Tahap-4
01/27/2025,10,44,15,10:44:15,-264,Tahap-4
01/27/2025,10,44,15,10:44:15,-64,Tahap-4
01/27/2025,10,44,15,10:44:15,-120,Tahap-4
01/27/2025,10,44,15,10:44:15,-64,Tahap-4
01/27/2025,10,44,15,10:44:15,-8,Tahap-4
01/27/2025,10,44,16,10:44:16,208,Tahap-4
01/27/2025,10,44,16,10:44:16,-192,Tahap-4
01/27/2025,10,44,16,10:44:16,-56,Tahap-4
01/27/2025,10,44,16,10:44:16,-88,Tahap-4
01/27/2025,10,44,16,10:44:16,-320,Tahap-4
01/27/2025,10,44,16,10:44:16,24,Tahap-4
01/27/2025,10,44,16,10:44:16,-424,Tahap-4
01/27/2025,10,44,16,10:44:16,104,Tahap-4
01/27/2025,10,44,16,10:44:16,-112,Tahap-4
01/27/2025,10,44,16,10:44:16,-160,Tahap-4
01/27/2025,10,44,17,10:44:17,208,Tahap-4
01/27/2025,10,44,17,10:44:17,-8,Tahap-4
01/27/2025,10,44,17,10:44:17,-48,Tahap-4
01/27/2025,10,44,17,10:44:17,-144,Tahap-4
01/27/2025,10,44,17,10:44:17,-272,Tahap-4
01/27/2025,10,44,17,10:44:17,-272,Tahap-4
01/27/2025,10,44,17,10:44:17,-224,Tahap-4
01/27/2025,10,44,17,10:44:17,40,Tahap-4
01/27/2025,10,44,17,10:44:17,-160,Tahap-4
01/27/2025,10,44,18,10:44:18,-72,Tahap-4
01/27/2025,10,44,18,10:44:18,104,Tahap-4
01/27/2025,10,44,18,10:44:18,120,Tahap-4
01/27/2025,10,44,18,10:44:18,-128,Tahap-4
01/27/2025,10,44,18,10:44:18,104,Tahap-4
01/27/2025,10,44,18,10:44:18,-328,Tahap-4
01/27/2025,10,44,18,10:44:18,128,Tahap-4
01/27/2025,10,44,18,10:44:18,-176,Tahap-4
01/27/2025,10,44,18,10:44:18,-72,Tahap-4
01/27/2025,10,44,18,10:44:18,192,Tahap-4
01/27/2025,10,44,19,10:44:19,-288,Tahap-4
01/27/2025,10,44,19,10:44:19,216,Tahap-4
01/27/2025,10,44,43,10:44:43,1128,Tahap-4
01/27/2025,10,44,43,10:44:43,429,Tahap-4
01/27/2025,10,44,43,10:44:43,212,Tahap-4
01/27/2025,10,44,43,10:44:43,81,Tahap-4
01/27/2025,10,44,44,10:44:44,149,Tahap-4
01/27/2025,10,44,44,10:44:44,94,Tahap-4
01/27/2025,10,44,44,10:44:44,97,Tahap-4
01/27/2025,10,44,44,10:44:44,171,Tahap-4
01/27/2025,10,44,44,10:44:44,165,Tahap-4
01/27/2025,10,44,44,10:44:44,23,Tahap-4
01/27/2025,10,44,44,10:44:44,68,Tahap-4
01/27/2025,10,44,44,10:44:44,127,Tahap-4
01/27/2025,10,44,44,10:44:44,84,Tahap-4
01/27/2025,10,44,44,10:44:44,90,Tahap-4
01/27/2025,10,44,45,10:44:45,108,Tahap-4
01/27/2025,10,44,45,10:44:45,88,Tahap-4
01/27/2025,10,44,45,10:44:45,98,Tahap-4
01/27/2025,10,44,45,10:44:45,82,Tahap-4
01/27/2025,10,44,45,10:44:45,82,Tahap-4
01/27/2025,10,44,45,10:44:45,211,Tahap-4
01/27/2025,10,44,45,10:44:45,171,Tahap-4
01/27/2025,10,44,45,10:44:45,188,Tahap-4
01/27/2025,10,44,45,10:44:45,1376,Tahap-4
01/27/2025,10,44,45,10:44:45,797,Tahap-4
01/27/2025,10,44,46,10:44:46,409,Tahap-4
01/27/2025,10,44,46,10:44:46,259,Tahap-4
01/27/2025,10,44,46,10:44:46,323,Tahap-4
01/27/2025,10,44,46,10:44:46,191,Tahap-4
01/27/2025,10,44,46,10:44:46,90,Tahap-4
01/27/2025,10,44,46,10:44:46,210,Tahap-4
01/27/2025,10,44,46,10:44:46,229,Tahap-4
01/27/2025,10,44,46,10:44:46,78,Tahap-4
01/27/2025,10,44,46,10:44:46,62,Tahap-4
01/27/2025,10,44,46,10:44:46,117,Tahap-4
01/27/2025,10,44,47,10:44:47,113,Tahap-4
01/27/2025,10,44,47,10:44:47,57,Tahap-4
01/27/2025,10,44,47,10:44:47,29,Tahap-4
01/27/2025,10,44,47,10:44:47,54,Tahap-4
01/27/2025,10,44,47,10:44:47,118,Tahap-4
01/27/2025,10,44,47,10:44:47,30,Tahap-4
01/27/2025,10,44,47,10:44:47,116,Tahap-4
01/27/2025,10,44,47,10:44:47,67,Tahap-4
01/27/2025,10,44,47,10:44:47,54,Tahap-4
01/27/2025,10,44,47,10:44:47,101,Tahap-4
01/27/2025,10,44,48,10:44:48,149,Tahap-4
01/27/2025,10,44,48,10:44:48,152,Tahap-4
01/27/2025,10,44,48,10:44:48,334,Tahap-4
01/27/2025,10,44,48,10:44:48,276,Tahap-4
01/27/2025,10,44,48,10:44:48,216,Tahap-4
01/27/2025,10,44,48,10:44:48,155,Tahap-4
01/27/2025,10,44,48,10:44:48,31,Tahap-4
01/27/2025,10,44,48,10:44:48,48,Tahap-4
01/27/2025,10,44,48,10:44:48,435,Tahap-4
01/27/2025,10,44,48,10:44:48,154,Tahap-4
01/27/2025,10,44,49,10:44:49,149,Tahap-4
01/27/2025,10,44,49,10:44:49,92,Tahap-4
01/27/2025,10,44,49,10:44:49,18,Tahap-4
01/27/2025,10,44,49,10:44:49,95,Tahap-4
01/27/2025,10,44,49,10:44:49,203,Tahap-4
01/27/2025,10,44,49,10:44:49,149,Tahap-4
01/27/2025,10,44,49,10:44:49,316,Tahap-4
01/27/2025,10,44,49,10:44:49,150,Tahap-4
01/27/2025,10,44,49,10:44:49,49,Tahap-4
01/27/2025,10,44,49,10:44:49,145,Tahap-4
01/27/2025,10,44,50,10:44:50,161,Tahap-4
01/27/2025,10,44,50,10:44:50,121,Tahap-4
01/27/2025,10,44,50,10:44:50,101,Tahap-4
01/27/2025,10,44,50,10:44:50,178,Tahap-4
01/27/2025,10,44,50,10:44:50,269,Tahap-4
01/27/2025,10,44,50,10:44:50,133,Tahap-4
01/27/2025,10,44,50,10:44:50,484,Tahap-4
01/27/2025,10,44,50,10:44:50,575,Tahap-4
01/27/2025,10,44,50,10:44:50,374,Tahap-4
01/27/2025,10,44,50,10:44:50,222,Tahap-4
01/27/2025,10,44,51,10:44:51,92,Tahap-4
01/27/2025,10,44,51,10:44:51,54,Tahap-4
01/27/2025,10,44,51,10:44:51,30,Tahap-4
01/27/2025,10,44,51,10:44:51,47,Tahap-4
01/27/2025,10,44,51,10:44:51,87,Tahap-4
01/27/2025,10,44,51,10:44:51,58,Tahap-4
01/27/2025,10,44,51,10:44:51,69,Tahap-4
01/27/2025,10,44,51,10:44:51,193,Tahap-4
01/27/2025,10,44,51,10:44:51,142,Tahap-4
01/27/2025,10,44,51,10:44:51,215,Tahap-4
01/27/2025,10,44,52,10:44:52,127,Tahap-4
01/27/2025,10,44,52,10:44:52,175,Tahap-4
01/27/2025,10,44,52,10:44:52,91,Tahap-4
01/27/2025,10,44,52,10:44:52,117,Tahap-4
01/27/2025,10,44,52,10:44:52,497,Tahap-4
01/27/2025,10,44,52,10:44:52,223,Tahap-4
01/27/2025,10,44,52,10:44:52,235,Tahap-4
01/27/2025,10,44,52,10:44:52,295,Tahap-4
01/27/2025,10,44,52,10:44:52,309,Tahap-4
01/27/2025,10,44,52,10:44:52,602,Tahap-4
01/27/2025,10,44,52,10:44:52,1264,Tahap-4
01/27/2025,10,44,53,10:44:53,710,Tahap-4
01/27/2025,10,44,53,10:44:53,429,Tahap-4
01/27/2025,10,44,53,10:44:53,388,Tahap-4
01/27/2025,10,44,53,10:44:53,228,Tahap-4
01/27/2025,10,44,53,10:44:53,335,Tahap-4
01/27/2025,10,44,53,10:44:53,118,Tahap-4
01/27/2025,10,44,53,10:44:53,160,Tahap-4
01/27/2025,10,44,53,10:44:53,251,Tahap-4
01/27/2025,10,44,53,10:44:53,100,Tahap-4
01/27/2025,10,44,53,10:44:53,258,Tahap-4
01/27/2025,10,44,54,10:44:54,473,Tahap-4
01/27/2025,10,44,54,10:44:54,380,Tahap-4
01/27/2025,10,44,54,10:44:54,145,Tahap-4
01/27/2025,10,44,54,10:44:54,53,Tahap-4
01/27/2025,10,44,54,10:44:54,257,Tahap-4
01/27/2025,10,44,54,10:44:54,461,Tahap-4
01/27/2025,10,44,54,10:44:54,631,Tahap-4
01/27/2025,10,44,54,10:44:54,186,Tahap-4
01/27/2025,10,44,54,10:44:54,128,Tahap-4
01/27/2025,10,44,54,10:44:54,334,Tahap-4
01/27/2025,10,44,55,10:44:55,424,Tahap-4
01/27/2025,10,44,55,10:44:55,79,Tahap-4
01/27/2025,10,44,55,10:44:55,160,Tahap-4
01/27/2025,10,44,55,10:44:55,801,Tahap-4
01/27/2025,10,44,55,10:44:55,354,Tahap-4
01/27/2025,10,44,55,10:44:55,507,Tahap-4
01/27/2025,10,44,55,10:44:55,381,Tahap-4
01/27/2025,10,44,55,10:44:55,30,Tahap-4
01/27/2025,10,44,55,10:44:55,329,Tahap-4
01/27/2025,10,44,55,10:44:55,151,Tahap-4
01/27/2025,10,44,56,10:44:56,359,Tahap-4
01/27/2025,10,44,56,10:44:56,188,Tahap-4
01/27/2025,10,44,56,10:44:56,232,Tahap-4
01/27/2025,10,44,56,10:44:56,72,Tahap-4
01/27/2025,10,44,56,10:44:56,-40,Tahap-4
01/27/2025,10,44,56,10:44:56,72,Tahap-4
01/27/2025,10,44,56,10:44:56,16,Tahap-4
01/27/2025,10,44,56,10:44:56,272,Tahap-4
01/27/2025,10,44,56,10:44:56,-104,Tahap-4
01/27/2025,10,44,56,10:44:56,200,Tahap-4
01/27/2025,10,44,57,10:44:57,72,Tahap-4
01/27/2025,10,44,57,10:44:57,16,Tahap-4
01/27/2025,10,44,57,10:44:57,392,Tahap-4
01/27/2025,10,44,57,10:44:57,136,Tahap-4
01/27/2025,10,44,57,10:44:57,-8,Tahap-4
01/27/2025,10,44,57,10:44:57,104,Tahap-4
01/27/2025,10,44,57,10:44:57,64,Tahap-4
01/27/2025,10,44,57,10:44:57,-40,Tahap-4
01/27/2025,10,44,57,10:44:57,96,Tahap-4
01/27/2025,10,44,57,10:44:57,-48,Tahap-4
01/27/2025,10,44,58,10:44:58,224,Tahap-4
01/27/2025,10,44,58,10:44:58,112,Tahap-4
01/27/2025,10,44,58,10:44:58,56,Tahap-4
01/27/2025,10,44,58,10:44:58,312,Tahap-4
01/27/2025,10,44,58,10:44:58,160,Tahap-4
01/27/2025,10,44,58,10:44:58,-32,Tahap-4
01/27/2025,10,44,58,10:44:58,120,Tahap-4
01/27/2025,10,44,58,10:44:58,-8,Tahap-4
01/27/2025,10,44,58,10:44:58,8,Tahap-4
01/27/2025,10,44,58,10:44:58,176,Tahap-4
01/27/2025,10,44,59,10:44:59,-160,Tahap-4
01/27/2025,10,44,59,10:44:59,400,Tahap-4
01/27/2025,10,44,59,10:44:59,16,Tahap-4
01/27/2025,10,44,59,10:44:59,224,Tahap-4
01/27/2025,10,44,59,10:44:59,216,Tahap-4
01/27/2025,10,44,59,10:44:59,96,Tahap-4
01/27/2025,10,44,59,10:44:59,80,Tahap-4
01/27/2025,10,44,59,10:44:59,-64,Tahap-4
01/27/2025,10,44,59,10:44:59,-128,Tahap-4
01/27/2025,10,45,1,10:45:01,104,Tahap-4
01/27/2025,10,45,1,10:45:01,-168,Tahap-4
01/27/2025,10,45,1,10:45:01,168,Tahap-4
01/27/2025,10,45,1,10:45:01,144,Tahap-4
01/27/2025,10,45,1,10:45:01,8,Tahap-4
01/27/2025,10,45,1,10:45:01,232,Tahap-4
01/27/2025,10,45,1,10:45:01,160,Tahap-4
01/27/2025,10,45,1,10:45:01,8,Tahap-4
01/27/2025,10,45,1,10:45:01,-72,Tahap-4
01/27/2025,10,45,1,10:45:01,8,Tahap-4
01/27/2025,10,45,2,10:45:02,-192,Tahap-4
01/27/2025,10,45,2,10:45:02,48,Tahap-4
01/27/2025,10,45,2,10:45:02,-208,Tahap-4
01/27/2025,10,45,2,10:45:02,152,Tahap-4
01/27/2025,10,45,2,10:45:02,-96,Tahap-4
01/27/2025,10,45,2,10:45:02,152,Tahap-4
01/27/2025,10,45,2,10:45:02,200,Tahap-4
01/27/2025,10,45,2,10:45:02,304,Tahap-4
01/27/2025,10,45,2,10:45:02,-120,Tahap-4
01/27/2025,10,45,2,10:45:02,72,Tahap-4
01/27/2025,10,45,3,10:45:03,-144,Tahap-4
01/27/2025,10,45,3,10:45:03,-24,Tahap-4
01/27/2025,10,45,3,10:45:03,-40,Tahap-4
01/27/2025,10,45,3,10:45:03,-240,Tahap-4
01/27/2025,10,45,3,10:45:03,304,Tahap-4
01/27/2025,10,45,3,10:45:03,-160,Tahap-4
01/27/2025,10,45,3,10:45:03,248,Tahap-4
01/27/2025,10,45,3,10:45:03,128,Tahap-4
01/27/2025,10,45,3,10:45:03,128,Tahap-4
01/27/2025,10,45,3,10:45:03,32,Tahap-4
01/27/2025,10,45,4,10:45:04,-80,Tahap-4
01/27/2025,10,45,4,10:45:04,-168,Tahap-4
01/27/2025,10,45,4,10:45:04,-128,Tahap-4
01/27/2025,10,45,4,10:45:04,-232,Tahap-4
01/27/2025,10,45,4,10:45:04,88,Tahap-4
01/27/2025,10,45,4,10:45:04,-8,Tahap-4
01/27/2025,10,45,4,10:45:04,-168,Tahap-4
01/27/2025,10,45,5,10:45:05,88,Tahap-4
01/27/2025,10,45,5,10:45:05,240,Tahap-4
01/27/2025,10,45,5,10:45:05,8,Tahap-4
01/27/2025,10,45,5,10:45:05,-72,Tahap-4
01/27/2025,10,45,5,10:45:05,-208,Tahap-4
01/27/2025,10,45,5,10:45:05,-272,Tahap-4
01/27/2025,10,45,5,10:45:05,-48,Tahap-4
01/27/2025,10,45,5,10:45:05,-312,Tahap-4
01/27/2025,10,45,5,10:45:05,32,Tahap-4
01/27/2025,10,45,5,10:45:05,-48,Tahap-4
01/27/2025,10,45,5,10:45:05,-200,Tahap-4
01/27/2025,10,45,5,10:45:05,240,Tahap-4
01/27/2025,10,45,5,10:45:05,136,Tahap-4
01/27/2025,10,45,6,10:45:06,8,Tahap-4
01/27/2025,10,45,6,10:45:06,-104,Tahap-4
01/27/2025,10,45,6,10:45:06,-120,Tahap-4
01/27/2025,10,45,6,10:45:06,-280,Tahap-4
01/27/2025,10,45,6,10:45:06,16,Tahap-4
01/27/2025,10,45,6,10:45:06,-432,Tahap-4
01/27/2025,10,45,6,10:45:06,160,Tahap-4
01/27/2025,10,45,6,10:45:06,-160,Tahap-4
01/27/2025,10,45,6,10:45:06,-160,Tahap-4
01/27/2025,10,45,6,10:45:06,360,Tahap-4
01/27/2025,10,45,7,10:45:07,192,Tahap-4
01/27/2025,10,45,7,10:45:07,-248,Tahap-4
01/27/2025,10,45,7,10:45:07,88,Tahap-4
01/27/2025,10,45,7,10:45:07,-232,Tahap-4
01/27/2025,10,45,7,10:45:07,-256,Tahap-4
01/27/2025,10,45,7,10:45:07,-264,Tahap-4
01/27/2025,10,45,7,10:45:07,-248,Tahap-4
01/27/2025,10,45,7,10:45:07,8,Tahap-4
01/27/2025,10,45,7,10:45:07,240,Tahap-4
01/27/2025,10,45,7,10:45:07,-104,Tahap-4
01/27/2025,10,45,8,10:45:08,280,Tahap-4
01/27/2025,10,45,8,10:45:08,-104,Tahap-4
01/27/2025,10,45,8,10:45:08,120,Tahap-4
01/27/2025,10,45,8,10:45:08,-328,Tahap-4
01/27/2025,10,45,8,10:45:08,-88,Tahap-4
01/27/2025,10,45,8,10:45:08,-96,Tahap-4
01/27/2025,10,45,8,10:45:08,-304,Tahap-4
01/27/2025,10,45,8,10:45:08,136,Tahap-4
01/27/2025,10,45,8,10:45:08,-192,Tahap-4
01/27/2025,10,45,8,10:45:08,104,Tahap-4
01/27/2025,10,45,9,10:45:09,96,Tahap-4
01/27/2025,10,45,33,10:45:33,660,Tahap-4
01/27/2025,10,45,33,10:45:33,609,Tahap-4
01/27/2025,10,45,33,10:45:33,180,Tahap-4
01/27/2025,10,45,33,10:45:33,247,Tahap-4
01/27/2025,10,45,33,10:45:33,271,Tahap-4
01/27/2025,10,45,34,10:45:34,233,Tahap-4
01/27/2025,10,45,34,10:45:34,84,Tahap-4
01/27/2025,10,45,34,10:45:34,82,Tahap-4
01/27/2025,10,45,34,10:45:34,164,Tahap-4
01/27/2025,10,45,34,10:45:34,203,Tahap-4
01/27/2025,10,45,34,10:45:34,132,Tahap-4
01/27/2025,10,45,34,10:45:34,184,Tahap-4
