Tanggal,Jam,Menit,Detik,Waktu,frekuensi,label
01/23/2025,11,27,15,11:27:15,-12,Tahap-4
01/23/2025,11,27,15,11:27:15,-11,Tahap-4
01/23/2025,11,27,15,11:27:15,-14,Tahap-4
01/23/2025,11,27,15,11:27:15,-9,Tahap-4
01/23/2025,11,27,15,11:27:15,-15,Tahap-4
01/23/2025,11,27,15,11:27:15,-10,Tahap-4
01/23/2025,11,27,15,11:27:15,-11,Tahap-4
01/23/2025,11,27,15,11:27:15,-12,Tahap-4
01/23/2025,11,27,15,11:27:15,-11,Tahap-4
01/23/2025,11,27,15,11:27:15,-13,Tahap-4
01/23/2025,11,27,15,11:27:15,-14,Tahap-4
01/23/2025,11,27,15,11:27:15,-10,Tahap-4
01/23/2025,11,27,15,11:27:15,-13,Tahap-4
01/23/2025,11,27,15,11:27:15,-15,Tahap-4
01/23/2025,11,27,15,11:27:15,-11,Tahap-4
01/23/2025,11,27,15,11:27:15,-14,Tahap-4
01/23/2025,11,27,15,11:27:15,-10,Tahap-4
01/23/2025,11,27,15,11:27:15,-19,Tahap-4
01/23/2025,11,27,15,11:27:15,-14,Tahap-4
01/23/2025,11,27,15,11:27:15,-12,Tahap-4
01/23/2025,11,27,15,11:27:15,-12,Tahap-4
01/23/2025,11,27,15,11:27:15,-13,Tahap-4
01/23/2025,11,27,16,11:27:16,-15,Tahap-4
01/23/2025,11,27,16,11:27:16,-13,Tahap-4
01/23/2025,11,27,16,11:27:16,-15,Tahap-4
01/23/2025,11,27,16,11:27:16,-11,Tahap-4
01/23/2025,11,27,16,11:27:16,-18,Tahap-4
01/23/2025,11,27,16,11:27:16,-13,Tahap-4
01/23/2025,11,27,16,11:27:16,-14,Tahap-4
01/23/2025,11,27,16,11:27:16,-17,Tahap-4
01/23/2025,11,27,16,11:27:16,-16,Tahap-4
01/23/2025,11,27,16,11:27:16,-14,Tahap-4
01/23/2025,11,27,17,11:27:17,-14,Tahap-4
01/23/2025,11,27,17,11:27:17,-15,Tahap-4
01/23/2025,11,27,41,11:27:41,729,Tahap-4
01/23/2025,11,27,41,11:27:41,3384,Tahap-4
01/23/2025,11,27,41,11:27:41,1131,Tahap-4
01/23/2025,11,27,41,11:27:41,1165,Tahap-4
01/23/2025,11,27,41,11:27:41,790,Tahap-4
01/23/2025,11,27,42,11:27:42,681,Tahap-4
01/23/2025,11,27,42,11:27:42,495,Tahap-4
01/23/2025,11,27,42,11:27:42,628,Tahap-4
01/23/2025,11,27,42,11:27:42,364,Tahap-4
01/23/2025,11,27,42,11:27:42,456,Tahap-4
01/23/2025,11,27,42,11:27:42,98,Tahap-4
01/23/2025,11,27,42,11:27:42,397,Tahap-4
01/23/2025,11,27,42,11:27:42,189,Tahap-4
01/23/2025,11,27,42,11:27:42,248,Tahap-4
01/23/2025,11,27,42,11:27:42,144,Tahap-4
01/23/2025,11,27,43,11:27:43,201,Tahap-4
01/23/2025,11,27,43,11:27:43,188,Tahap-4
01/23/2025,11,27,43,11:27:43,166,Tahap-4
01/23/2025,11,27,43,11:27:43,252,Tahap-4
01/23/2025,11,27,43,11:27:43,301,Tahap-4
01/23/2025,11,27,43,11:27:43,256,Tahap-4
01/23/2025,11,27,43,11:27:43,629,Tahap-4
01/23/2025,11,27,44,11:27:44,140,Tahap-4
01/23/2025,11,27,44,11:27:44,428,Tahap-4
01/23/2025,11,27,44,11:27:44,287,Tahap-4
01/23/2025,11,27,44,11:27:44,157,Tahap-4
01/23/2025,11,27,44,11:27:44,162,Tahap-4
01/23/2025,11,27,44,11:27:44,119,Tahap-4
01/23/2025,11,27,44,11:27:44,62,Tahap-4
01/23/2025,11,27,44,11:27:44,82,Tahap-4
01/23/2025,11,27,44,11:27:44,48,Tahap-4
01/23/2025,11,27,44,11:27:44,130,Tahap-4
01/23/2025,11,27,44,11:27:44,107,Tahap-4
01/23/2025,11,27,44,11:27:44,223,Tahap-4
01/23/2025,11,27,44,11:27:44,191,Tahap-4
01/23/2025,11,27,45,11:27:45,146,Tahap-4
01/23/2025,11,27,45,11:27:45,148,Tahap-4
01/23/2025,11,27,45,11:27:45,89,Tahap-4
01/23/2025,11,27,45,11:27:45,67,Tahap-4
01/23/2025,11,27,45,11:27:45,130,Tahap-4
01/23/2025,11,27,45,11:27:45,196,Tahap-4
01/23/2025,11,27,45,11:27:45,430,Tahap-4
01/23/2025,11,27,45,11:27:45,249,Tahap-4
01/23/2025,11,27,45,11:27:45,211,Tahap-4
01/23/2025,11,27,45,11:27:45,138,Tahap-4
01/23/2025,11,27,46,11:27:46,162,Tahap-4
01/23/2025,11,27,46,11:27:46,144,Tahap-4
01/23/2025,11,27,46,11:27:46,124,Tahap-4
01/23/2025,11,27,46,11:27:46,180,Tahap-4
01/23/2025,11,27,46,11:27:46,107,Tahap-4
01/23/2025,11,27,46,11:27:46,17,Tahap-4
01/23/2025,11,27,46,11:27:46,53,Tahap-4
01/23/2025,11,27,46,11:27:46,99,Tahap-4
01/23/2025,11,27,46,11:27:46,83,Tahap-4
01/23/2025,11,27,46,11:27:46,81,Tahap-4
01/23/2025,11,27,47,11:27:47,147,Tahap-4
01/23/2025,11,27,47,11:27:47,138,Tahap-4
01/23/2025,11,27,47,11:27:47,99,Tahap-4
01/23/2025,11,27,47,11:27:47,24,Tahap-4
01/23/2025,11,27,47,11:27:47,69,Tahap-4
01/23/2025,11,27,47,11:27:47,46,Tahap-4
01/23/2025,11,27,47,11:27:47,156,Tahap-4
01/23/2025,11,27,47,11:27:47,45,Tahap-4
01/23/2025,11,27,47,11:27:47,175,Tahap-4
01/23/2025,11,27,47,11:27:47,468,Tahap-4
01/23/2025,11,27,48,11:27:48,116,Tahap-4
01/23/2025,11,27,48,11:27:48,232,Tahap-4
01/23/2025,11,27,48,11:27:48,572,Tahap-4
01/23/2025,11,27,48,11:27:48,166,Tahap-4
01/23/2025,11,27,48,11:27:48,885,Tahap-4
01/23/2025,11,27,48,11:27:48,671,Tahap-4
01/23/2025,11,27,48,11:27:48,402,Tahap-4
01/23/2025,11,27,48,11:27:48,209,Tahap-4
01/23/2025,11,27,48,11:27:48,230,Tahap-4
01/23/2025,11,27,48,11:27:48,57,Tahap-4
01/23/2025,11,27,49,11:27:49,223,Tahap-4
01/23/2025,11,27,49,11:27:49,87,Tahap-4
01/23/2025,11,27,49,11:27:49,63,Tahap-4
01/23/2025,11,27,49,11:27:49,172,Tahap-4
01/23/2025,11,27,49,11:27:49,222,Tahap-4
01/23/2025,11,27,49,11:27:49,115,Tahap-4
01/23/2025,11,27,49,11:27:49,228,Tahap-4
01/23/2025,11,27,49,11:27:49,165,Tahap-4
01/23/2025,11,27,49,11:27:49,408,Tahap-4
01/23/2025,11,27,49,11:27:49,577,Tahap-4
01/23/2025,11,27,50,11:27:50,90,Tahap-4
01/23/2025,11,27,50,11:27:50,283,Tahap-4
01/23/2025,11,27,50,11:27:50,292,Tahap-4
01/23/2025,11,27,50,11:27:50,161,Tahap-4
01/23/2025,11,27,50,11:27:50,23,Tahap-4
01/23/2025,11,27,50,11:27:50,276,Tahap-4
01/23/2025,11,27,50,11:27:50,281,Tahap-4
01/23/2025,11,27,50,11:27:50,1610,Tahap-4
01/23/2025,11,27,50,11:27:50,275,Tahap-4
01/23/2025,11,27,50,11:27:50,236,Tahap-4
01/23/2025,11,27,51,11:27:51,127,Tahap-4
01/23/2025,11,27,51,11:27:51,327,Tahap-4
01/23/2025,11,27,51,11:27:51,67,Tahap-4
01/23/2025,11,27,51,11:27:51,162,Tahap-4
01/23/2025,11,27,51,11:27:51,90,Tahap-4
01/23/2025,11,27,51,11:27:51,240,Tahap-4
01/23/2025,11,27,51,11:27:51,174,Tahap-4
01/23/2025,11,27,51,11:27:51,33,Tahap-4
01/23/2025,11,27,51,11:27:51,119,Tahap-4
01/23/2025,11,27,51,11:27:51,182,Tahap-4
01/23/2025,11,27,52,11:27:52,79,Tahap-4
01/23/2025,11,27,52,11:27:52,130,Tahap-4
01/23/2025,11,27,52,11:27:52,276,Tahap-4
01/23/2025,11,27,52,11:27:52,329,Tahap-4
01/23/2025,11,27,52,11:27:52,233,Tahap-4
01/23/2025,11,27,52,11:27:52,369,Tahap-4
01/23/2025,11,27,52,11:27:52,434,Tahap-4
01/23/2025,11,27,52,11:27:52,129,Tahap-4
01/23/2025,11,27,52,11:27:52,404,Tahap-4
01/23/2025,11,27,52,11:27:52,146,Tahap-4
01/23/2025,11,27,53,11:27:53,455,Tahap-4
01/23/2025,11,27,53,11:27:53,336,Tahap-4
01/23/2025,11,27,53,11:27:53,879,Tahap-4
01/23/2025,11,27,53,11:27:53,493,Tahap-4
01/23/2025,11,27,53,11:27:53,55,Tahap-4
01/23/2025,11,27,53,11:27:53,104,Tahap-4
01/23/2025,11,27,53,11:27:53,110,Tahap-4
01/23/2025,11,27,53,11:27:53,157,Tahap-4
01/23/2025,11,27,53,11:27:53,87,Tahap-4
01/23/2025,11,27,53,11:27:53,285,Tahap-4
01/23/2025,11,27,54,11:27:54,82,Tahap-4
01/23/2025,11,27,54,11:27:54,1539,Tahap-4
01/23/2025,11,27,54,11:27:54,-92,Tahap-4
01/23/2025,11,27,54,11:27:54,-12,Tahap-4
01/23/2025,11,27,54,11:27:54,16,Tahap-4
01/23/2025,11,27,54,11:27:54,92,Tahap-4
01/23/2025,11,27,54,11:27:54,-36,Tahap-4
01/23/2025,11,27,54,11:27:54,48,Tahap-4
01/23/2025,11,27,54,11:27:54,36,Tahap-4
01/23/2025,11,27,54,11:27:54,4,Tahap-4
01/23/2025,11,27,55,11:27:55,108,Tahap-4
01/23/2025,11,27,55,11:27:55,40,Tahap-4
01/23/2025,11,27,55,11:27:55,84,Tahap-4
01/23/2025,11,27,55,11:27:55,4,Tahap-4
01/23/2025,11,27,55,11:27:55,108,Tahap-4
01/23/2025,11,27,55,11:27:55,84,Tahap-4
01/23/2025,11,27,55,11:27:55,40,Tahap-4
01/23/2025,11,27,55,11:27:55,88,Tahap-4
01/23/2025,11,27,55,11:27:55,148,Tahap-4
01/23/2025,11,27,56,11:27:56,-120,Tahap-4
01/23/2025,11,27,56,11:27:56,168,Tahap-4
01/23/2025,11,27,56,11:27:56,112,Tahap-4
01/23/2025,11,27,56,11:27:56,-60,Tahap-4
01/23/2025,11,27,56,11:27:56,60,Tahap-4
01/23/2025,11,27,56,11:27:56,36,Tahap-4
01/23/2025,11,27,56,11:27:56,48,Tahap-4
01/23/2025,11,27,56,11:27:56,80,Tahap-4
01/23/2025,11,27,56,11:27:56,84,Tahap-4
01/23/2025,11,27,56,11:27:56,32,Tahap-4
01/23/2025,11,27,57,11:27:57,236,Tahap-4
01/23/2025,11,27,57,11:27:57,-88,Tahap-4
01/23/2025,11,27,57,11:27:57,124,Tahap-4
01/23/2025,11,27,57,11:27:57,132,Tahap-4
01/23/2025,11,27,57,11:27:57,88,Tahap-4
01/23/2025,11,27,57,11:27:57,100,Tahap-4
01/23/2025,11,27,57,11:27:57,-4,Tahap-4
01/23/2025,11,27,57,11:27:57,120,Tahap-4
01/23/2025,11,27,57,11:27:57,-44,Tahap-4
01/23/2025,11,27,58,11:27:58,196,Tahap-4
01/23/2025,11,27,58,11:27:58,68,Tahap-4
01/23/2025,11,27,58,11:27:58,40,Tahap-4
01/23/2025,11,27,58,11:27:58,88,Tahap-4
01/23/2025,11,27,58,11:27:58,92,Tahap-4
01/23/2025,11,27,58,11:27:58,108,Tahap-4
01/23/2025,11,27,58,11:27:58,-40,Tahap-4
01/23/2025,11,27,58,11:27:58,60,Tahap-4
01/23/2025,11,27,58,11:27:58,52,Tahap-4
01/23/2025,11,27,59,11:27:59,4,Tahap-4
01/23/2025,11,27,59,11:27:59,108,Tahap-4
01/23/2025,11,27,59,11:27:59,132,Tahap-4
01/23/2025,11,27,59,11:27:59,-128,Tahap-4
01/23/2025,11,27,59,11:27:59,148,Tahap-4
01/23/2025,11,27,59,11:27:59,32,Tahap-4
01/23/2025,11,27,59,11:27:59,12,Tahap-4
01/23/2025,11,27,59,11:27:59,12,Tahap-4
01/23/2025,11,27,59,11:27:59,88,Tahap-4
01/23/2025,11,27,59,11:27:59,-160,Tahap-4
01/23/2025,11,28,1,11:28:01,36,Tahap-4
01/23/2025,11,28,1,11:28:01,-60,Tahap-4
01/23/2025,11,28,1,11:28:01,-36,Tahap-4
01/23/2025,11,28,1,11:28:01,44,Tahap-4
01/23/2025,11,28,1,11:28:01,56,Tahap-4
01/23/2025,11,28,1,11:28:01,-68,Tahap-4
01/23/2025,11,28,1,11:28:01,112,Tahap-4
01/23/2025,11,28,1,11:28:01,-20,Tahap-4
01/23/2025,11,28,1,11:28:01,-56,Tahap-4
01/23/2025,11,28,1,11:28:01,-136,Tahap-4
01/23/2025,11,28,2,11:28:02,40,Tahap-4
01/23/2025,11,28,2,11:28:02,-136,Tahap-4
01/23/2025,11,28,2,11:28:02,64,Tahap-4
01/23/2025,11,28,2,11:28:02,-216,Tahap-4
01/23/2025,11,28,2,11:28:02,84,Tahap-4
01/23/2025,11,28,2,11:28:02,-44,Tahap-4
01/23/2025,11,28,2,11:28:02,-80,Tahap-4
01/23/2025,11,28,2,11:28:02,-60,Tahap-4
01/23/2025,11,28,2,11:28:02,76,Tahap-4
01/23/2025,11,28,2,11:28:02,-184,Tahap-4
01/23/2025,11,28,3,11:28:03,-92,Tahap-4
01/23/2025,11,28,3,11:28:03,-96,Tahap-4
01/23/2025,11,28,3,11:28:03,-116,Tahap-4
01/23/2025,11,28,3,11:28:03,-80,Tahap-4
01/23/2025,11,28,3,11:28:03,-184,Tahap-4
01/23/2025,11,28,3,11:28:03,-68,Tahap-4
01/23/2025,11,28,3,11:28:03,-176,Tahap-4
01/23/2025,11,28,3,11:28:03,-32,Tahap-4
01/23/2025,11,28,3,11:28:03,-92,Tahap-4
01/23/2025,11,28,4,11:28:04,-60,Tahap-4
01/23/2025,11,28,4,11:28:04,-208,Tahap-4
01/23/2025,11,28,4,11:28:04,-56,Tahap-4
01/23/2025,11,28,4,11:28:04,-212,Tahap-4
01/23/2025,11,28,4,11:28:04,-108,Tahap-4
01/23/2025,11,28,4,11:28:04,-288,Tahap-4
01/23/2025,11,28,4,11:28:04,-20,Tahap-4
01/23/2025,11,28,4,11:28:04,-156,Tahap-4
01/23/2025,11,28,4,11:28:04,-168,Tahap-4
01/23/2025,11,28,4,11:28:04,-72,Tahap-4
01/23/2025,11,28,5,11:28:05,-96,Tahap-4
01/23/2025,11,28,5,11:28:05,-252,Tahap-4
01/23/2025,11,28,5,11:28:05,-80,Tahap-4
01/23/2025,11,28,5,11:28:05,-220,Tahap-4
01/23/2025,11,28,5,11:28:05,-204,Tahap-4
01/23/2025,11,28,5,11:28:05,-184,Tahap-4
01/23/2025,11,28,5,11:28:05,-296,Tahap-4
01/23/2025,11,28,5,11:28:05,-108,Tahap-4
01/23/2025,11,28,5,11:28:05,-92,Tahap-4
01/23/2025,11,28,5,11:28:05,-204,Tahap-4
01/23/2025,11,28,6,11:28:06,-12,Tahap-4
01/23/2025,11,28,6,11:28:06,-132,Tahap-4
01/23/2025,11,28,6,11:28:06,-208,Tahap-4
01/23/2025,11,28,6,11:28:06,-168,Tahap-4
01/23/2025,11,28,6,11:28:06,-32,Tahap-4
01/23/2025,11,28,6,11:28:06,-236,Tahap-4
01/23/2025,11,28,6,11:28:06,-60,Tahap-4
01/23/2025,11,28,6,11:28:06,-308,Tahap-4
01/23/2025,11,28,6,11:28:06,32,Tahap-4
01/23/2025,11,28,6,11:28:06,-84,Tahap-4
01/23/2025,11,28,7,11:28:07,-100,Tahap-4
01/23/2025,11,28,31,11:28:31,1404,Tahap-4
01/23/2025,11,28,31,11:28:31,1383,Tahap-4
01/23/2025,11,28,31,11:28:31,514,Tahap-4
01/23/2025,11,28,31,11:28:31,224,Tahap-4
01/23/2025,11,28,31,11:28:31,406,Tahap-4
01/23/2025,11,28,31,11:28:31,265,Tahap-4
01/23/2025,11,28,32,11:28:32,263,Tahap-4
01/23/2025,11,28,32,11:28:32,257,Tahap-4
01/23/2025,11,28,32,11:28:32,188,Tahap-4
01/23/2025,11,28,32,11:28:32,163,Tahap-4
01/23/2025,11,28,32,11:28:32,146,Tahap-4
01/23/2025,11,28,32,11:28:32,189,Tahap-4
01/23/2025,11,28,32,11:28:32,163,Tahap-4
01/23/2025,11,28,32,11:28:32,94,Tahap-4
01/23/2025,11,28,32,11:28:32,121,Tahap-4
01/23/2025,11,28,32,11:28:32,143,Tahap-4
01/23/2025,11,28,33,11:28:33,111,Tahap-4
01/23/2025,11,28,33,11:28:33,68,Tahap-4
01/23/2025,11,28,33,11:28:33,110,Tahap-4
01/23/2025,11,28,33,11:28:33,40,Tahap-4
01/23/2025,11,28,33,11:28:33,91,Tahap-4
01/23/2025,11,28,33,11:28:33,96,Tahap-4
01/23/2025,11,28,33,11:28:33,529,Tahap-4
01/23/2025,11,28,33,11:28:33,403,Tahap-4
01/23/2025,11,28,33,11:28:33,134,Tahap-4
01/23/2025,11,28,33,11:28:33,148,Tahap-4
01/23/2025,11,28,34,11:28:34,139,Tahap-4
01/23/2025,11,28,34,11:28:34,148,Tahap-4
01/23/2025,11,28,34,11:28:34,73,Tahap-4
01/23/2025,11,28,34,11:28:34,407,Tahap-4
01/23/2025,11,28,34,11:28:34,15,Tahap-4
01/23/2025,11,28,34,11:28:34,19,Tahap-4
01/23/2025,11,28,34,11:28:34,64,Tahap-4
01/23/2025,11,28,34,11:28:34,207,Tahap-4
01/23/2025,11,28,34,11:28:34,180,Tahap-4
01/23/2025,11,28,34,11:28:34,255,Tahap-4
01/23/2025,11,28,35,11:28:35,149,Tahap-4
01/23/2025,11,28,35,11:28:35,124,Tahap-4
01/23/2025,11,28,35,11:28:35,138,Tahap-4
01/23/2025,11,28,35,11:28:35,227,Tahap-4
01/23/2025,11,28,35,11:28:35,128,Tahap-4
01/23/2025,11,28,35,11:28:35,244,Tahap-4
01/23/2025,11,28,35,11:28:35,295,Tahap-4
01/23/2025,11,28,35,11:28:35,253,Tahap-4
01/23/2025,11,28,35,11:28:35,40,Tahap-4
01/23/2025,11,28,35,11:28:35,145,Tahap-4
01/23/2025,11,28,36,11:28:36,239,Tahap-4
01/23/2025,11,28,36,11:28:36,212,Tahap-4
01/23/2025,11,28,36,11:28:36,180,Tahap-4
01/23/2025,11,28,36,11:28:36,67,Tahap-4
01/23/2025,11,28,36,11:28:36,114,Tahap-4
01/23/2025,11,28,36,11:28:36,116,Tahap-4
01/23/2025,11,28,36,11:28:36,126,Tahap-4
01/23/2025,11,28,36,11:28:36,86,Tahap-4
01/23/2025,11,28,36,11:28:36,105,Tahap-4
01/23/2025,11,28,36,11:28:36,70,Tahap-4
01/23/2025,11,28,37,11:28:37,164,Tahap-4
01/23/2025,11,28,37,11:28:37,66,Tahap-4
01/23/2025,11,28,37,11:28:37,106,Tahap-4
01/23/2025,11,28,37,11:28:37,47,Tahap-4
01/23/2025,11,28,37,11:28:37,69,Tahap-4
01/23/2025,11,28,37,11:28:37,244,Tahap-4
01/23/2025,11,28,37,11:28:37,34,Tahap-4
01/23/2025,11,28,37,11:28:37,332,Tahap-4
01/23/2025,11,28,37,11:28:37,162,Tahap-4
01/23/2025,11,28,37,11:28:37,173,Tahap-4
01/23/2025,11,28,38,11:28:38,293,Tahap-4
01/23/2025,11,28,38,11:28:38,832,Tahap-4
01/23/2025,11,28,38,11:28:38,611,Tahap-4
01/23/2025,11,28,38,11:28:38,839,Tahap-4
01/23/2025,11,28,38,11:28:38,382,Tahap-4
01/23/2025,11,28,38,11:28:38,472,Tahap-4
01/23/2025,11,28,38,11:28:38,226,Tahap-4
01/23/2025,11,28,38,11:28:38,108,Tahap-4
01/23/2025,11,28,38,11:28:38,199,Tahap-4
01/23/2025,11,28,38,11:28:38,96,Tahap-4
01/23/2025,11,28,39,11:28:39,198,Tahap-4
01/23/2025,11,28,39,11:28:39,125,Tahap-4
01/23/2025,11,28,39,11:28:39,216,Tahap-4
01/23/2025,11,28,39,11:28:39,124,Tahap-4
01/23/2025,11,28,39,11:28:39,169,Tahap-4
01/23/2025,11,28,39,11:28:39,125,Tahap-4
01/23/2025,11,28,39,11:28:39,389,Tahap-4
01/23/2025,11,28,39,11:28:39,436,Tahap-4
01/23/2025,11,28,39,11:28:39,140,Tahap-4
01/23/2025,11,28,39,11:28:39,166,Tahap-4
01/23/2025,11,28,40,11:28:40,136,Tahap-4
01/23/2025,11,28,40,11:28:40,391,Tahap-4
01/23/2025,11,28,40,11:28:40,32,Tahap-4
01/23/2025,11,28,40,11:28:40,288,Tahap-4
01/23/2025,11,28,40,11:28:40,505,Tahap-4
01/23/2025,11,28,40,11:28:40,357,Tahap-4
01/23/2025,11,28,40,11:28:40,100,Tahap-4
01/23/2025,11,28,40,11:28:40,1459,Tahap-4
01/23/2025,11,28,40,11:28:40,143,Tahap-4
01/23/2025,11,28,40,11:28:40,268,Tahap-4
01/23/2025,11,28,41,11:28:41,355,Tahap-4
01/23/2025,11,28,41,11:28:41,95,Tahap-4
01/23/2025,11,28,41,11:28:41,101,Tahap-4
01/23/2025,11,28,41,11:28:41,73,Tahap-4
01/23/2025,11,28,41,11:28:41,63,Tahap-4
01/23/2025,11,28,41,11:28:41,46,Tahap-4
01/23/2025,11,28,41,11:28:41,38,Tahap-4
01/23/2025,11,28,41,11:28:41,9,Tahap-4
01/23/2025,11,28,41,11:28:41,125,Tahap-4
01/23/2025,11,28,41,11:28:41,264,Tahap-4
01/23/2025,11,28,42,11:28:42,172,Tahap-4
01/23/2025,11,28,42,11:28:42,104,Tahap-4
01/23/2025,11,28,42,11:28:42,195,Tahap-4
01/23/2025,11,28,42,11:28:42,447,Tahap-4
01/23/2025,11,28,42,11:28:42,230,Tahap-4
01/23/2025,11,28,42,11:28:42,342,Tahap-4
01/23/2025,11,28,42,11:28:42,251,Tahap-4
01/23/2025,11,28,42,11:28:42,170,Tahap-4
01/23/2025,11,28,42,11:28:42,276,Tahap-4
01/23/2025,11,28,42,11:28:42,273,Tahap-4
01/23/2025,11,28,43,11:28:43,452,Tahap-4
01/23/2025,11,28,43,11:28:43,850,Tahap-4
01/23/2025,11,28,43,11:28:43,337,Tahap-4
01/23/2025,11,28,43,11:28:43,183,Tahap-4
01/23/2025,11,28,43,11:28:43,460,Tahap-4
01/23/2025,11,28,43,11:28:43,208,Tahap-4
01/23/2025,11,28,43,11:28:43,163,Tahap-4
01/23/2025,11,28,44,11:28:44,106,Tahap-4
01/23/2025,11,28,44,11:28:44,347,Tahap-4
01/23/2025,11,28,44,11:28:44,275,Tahap-4
01/23/2025,11,28,44,11:28:44,225,Tahap-4
01/23/2025,11,28,44,11:28:44,-56,Tahap-4
01/23/2025,11,28,44,11:28:44,-88,Tahap-4
01/23/2025,11,28,44,11:28:44,200,Tahap-4
01/23/2025,11,28,44,11:28:44,-200,Tahap-4
01/23/2025,11,28,44,11:28:44,152,Tahap-4
01/23/2025,11,28,44,11:28:44,48,Tahap-4
01/23/2025,11,28,44,11:28:44,-96,Tahap-4
01/23/2025,11,28,44,11:28:44,-144,Tahap-4
01/23/2025,11,28,44,11:28:44,216,Tahap-4
01/23/2025,11,28,45,11:28:45,-80,Tahap-4
01/23/2025,11,28,45,11:28:45,8,Tahap-4
01/23/2025,11,28,45,11:28:45,-168,Tahap-4
01/23/2025,11,28,45,11:28:45,-48,Tahap-4
01/23/2025,11,28,45,11:28:45,136,Tahap-4
01/23/2025,11,28,45,11:28:45,-96,Tahap-4
01/23/2025,11,28,45,11:28:45,160,Tahap-4
01/23/2025,11,28,45,11:28:45,224,Tahap-4
01/23/2025,11,28,45,11:28:45,-32,Tahap-4
01/23/2025,11,28,45,11:28:45,-176,Tahap-4
01/23/2025,11,28,46,11:28:46,112,Tahap-4
01/23/2025,11,28,46,11:28:46,8,Tahap-4
01/23/2025,11,28,46,11:28:46,-72,Tahap-4
01/23/2025,11,28,46,11:28:46,-272,Tahap-4
01/23/2025,11,28,46,11:28:46,112,Tahap-4
01/23/2025,11,28,46,11:28:46,64,Tahap-4
01/23/2025,11,28,46,11:28:46,-144,Tahap-4
01/23/2025,11,28,46,11:28:46,56,Tahap-4
01/23/2025,11,28,46,11:28:46,40,Tahap-4
01/23/2025,11,28,46,11:28:46,-96,Tahap-4
01/23/2025,11,28,47,11:28:47,-88,Tahap-4
01/23/2025,11,28,47,11:28:47,-104,Tahap-4
01/23/2025,11,28,47,11:28:47,-136,Tahap-4
01/23/2025,11,28,47,11:28:47,128,Tahap-4
01/23/2025,11,28,47,11:28:47,-296,Tahap-4
01/23/2025,11,28,47,11:28:47,184,Tahap-4
01/23/2025,11,28,47,11:28:47,24,Tahap-4
01/23/2025,11,28,47,11:28:47,-280,Tahap-4
01/23/2025,11,28,47,11:28:47,112,Tahap-4
01/23/2025,11,28,47,11:28:47,144,Tahap-4
01/23/2025,11,28,48,11:28:48,-200,Tahap-4
01/23/2025,11,28,48,11:28:48,-72,Tahap-4
01/23/2025,11,28,48,11:28:48,24,Tahap-4
01/23/2025,11,28,48,11:28:48,-232,Tahap-4
01/23/2025,11,28,48,11:28:48,16,Tahap-4
01/23/2025,11,28,48,11:28:48,-136,Tahap-4
01/23/2025,11,28,48,11:28:48,160,Tahap-4
01/23/2025,11,28,48,11:28:48,-160,Tahap-4
01/23/2025,11,28,48,11:28:48,-48,Tahap-4
01/23/2025,11,28,48,11:28:48,32,Tahap-4
01/23/2025,11,28,49,11:28:49,264,Tahap-4
01/23/2025,11,28,49,11:28:49,-160,Tahap-4
01/23/2025,11,28,49,11:28:49,72,Tahap-4
01/23/2025,11,28,49,11:28:49,-120,Tahap-4
01/23/2025,11,28,49,11:28:49,88,Tahap-4
01/23/2025,11,28,49,11:28:49,-48,Tahap-4
01/23/2025,11,28,49,11:28:49,-232,Tahap-4
01/23/2025,11,28,49,11:28:49,272,Tahap-4
01/23/2025,11,28,49,11:28:49,112,Tahap-4
01/23/2025,11,28,49,11:28:49,24,Tahap-4
01/23/2025,11,28,50,11:28:50,8,Tahap-4
01/23/2025,11,28,50,11:28:50,208,Tahap-4
01/23/2025,11,28,50,11:28:50,-56,Tahap-4
01/23/2025,11,28,50,11:28:50,216,Tahap-4
01/23/2025,11,28,50,11:28:50,184,Tahap-4
01/23/2025,11,28,50,11:28:50,-144,Tahap-4
01/23/2025,11,28,50,11:28:50,184,Tahap-4
01/23/2025,11,28,50,11:28:50,200,Tahap-4
01/23/2025,11,28,51,11:28:51,88,Tahap-4
01/23/2025,11,28,51,11:28:51,40,Tahap-4
01/23/2025,11,28,51,11:28:51,216,Tahap-4
01/23/2025,11,28,51,11:28:51,120,Tahap-4
01/23/2025,11,28,51,11:28:51,64,Tahap-4
01/23/2025,11,28,51,11:28:51,56,Tahap-4
01/23/2025,11,28,51,11:28:51,144,Tahap-4
01/23/2025,11,28,51,11:28:51,184,Tahap-4
01/23/2025,11,28,51,11:28:51,-168,Tahap-4
01/23/2025,11,28,51,11:28:51,296,Tahap-4
01/23/2025,11,28,52,11:28:52,160,Tahap-4
01/23/2025,11,28,52,11:28:52,152,Tahap-4
01/23/2025,11,28,52,11:28:52,240,Tahap-4
01/23/2025,11,28,52,11:28:52,184,Tahap-4
01/23/2025,11,28,52,11:28:52,40,Tahap-4
01/23/2025,11,28,52,11:28:52,240,Tahap-4
01/23/2025,11,28,52,11:28:52,32,Tahap-4
01/23/2025,11,28,52,11:28:52,184,Tahap-4
01/23/2025,11,28,52,11:28:52,312,Tahap-4
01/23/2025,11,28,52,11:28:52,-216,Tahap-4
01/23/2025,11,28,53,11:28:53,168,Tahap-4
01/23/2025,11,28,53,11:28:53,392,Tahap-4
01/23/2025,11,28,53,11:28:53,-24,Tahap-4
01/23/2025,11,28,53,11:28:53,360,Tahap-4
01/23/2025,11,28,53,11:28:53,224,Tahap-4
01/23/2025,11,28,53,11:28:53,104,Tahap-4
01/23/2025,11,28,53,11:28:53,144,Tahap-4
01/23/2025,11,28,53,11:28:53,64,Tahap-4
01/23/2025,11,28,53,11:28:53,264,Tahap-4
01/23/2025,11,28,53,11:28:53,224,Tahap-4
01/23/2025,11,28,54,11:28:54,296,Tahap-4
01/23/2025,11,28,54,11:28:54,432,Tahap-4
01/23/2025,11,28,54,11:28:54,152,Tahap-4
01/23/2025,11,28,54,11:28:54,128,Tahap-4
01/23/2025,11,28,54,11:28:54,256,Tahap-4
01/23/2025,11,28,54,11:28:54,-8,Tahap-4
01/23/2025,11,28,54,11:28:54,272,Tahap-4
01/23/2025,11,28,54,11:28:54,-64,Tahap-4
01/23/2025,11,28,54,11:28:54,448,Tahap-4
01/23/2025,11,28,55,11:28:55,120,Tahap-4
01/23/2025,11,28,55,11:28:55,64,Tahap-4
01/23/2025,11,28,55,11:28:55,184,Tahap-4
01/23/2025,11,28,55,11:28:55,248,Tahap-4
01/23/2025,11,28,55,11:28:55,208,Tahap-4
01/23/2025,11,28,55,11:28:55,192,Tahap-4
01/23/2025,11,28,55,11:28:55,200,Tahap-4
01/23/2025,11,28,55,11:28:55,176,Tahap-4
01/23/2025,11,28,55,11:28:55,144,Tahap-4
01/23/2025,11,28,55,11:28:55,24,Tahap-4
01/23/2025,11,28,56,11:28:56,480,Tahap-4
01/23/2025,11,28,56,11:28:56,48,Tahap-4
01/23/2025,11,28,56,11:28:56,112,Tahap-4
01/23/2025,11,28,56,11:28:56,200,Tahap-4
01/23/2025,11,28,56,11:28:56,168,Tahap-4
01/23/2025,11,28,56,11:28:56,136,Tahap-4
01/23/2025,11,28,56,11:28:56,240,Tahap-4
01/23/2025,11,28,56,11:28:56,112,Tahap-4
01/23/2025,11,28,56,11:28:56,200,Tahap-4
01/23/2025,11,28,56,11:28:56,80,Tahap-4
01/23/2025,11,29,21,11:29:21,1576,Tahap-4
01/23/2025,11,29,21,11:29:21,1176,Tahap-4
01/23/2025,11,29,21,11:29:21,417,Tahap-4
01/23/2025,11,29,21,11:29:21,381,Tahap-4
01/23/2025,11,29,21,11:29:21,445,Tahap-4
01/23/2025,11,29,21,11:29:21,445,Tahap-4
01/23/2025,11,29,21,11:29:21,283,Tahap-4
01/23/2025,11,29,22,11:29:22,300,Tahap-4
01/23/2025,11,29,22,11:29:22,240,Tahap-4
01/23/2025,11,29,22,11:29:22,94,Tahap-4
01/23/2025,11,29,22,11:29:22,105,Tahap-4
01/23/2025,11,29,22,11:29:22,219,Tahap-4
01/23/2025,11,29,22,11:29:22,173,Tahap-4
01/23/2025,11,29,22,11:29:22,161,Tahap-4
01/23/2025,11,29,22,11:29:22,228,Tahap-4
01/23/2025,11,29,22,11:29:22,69,Tahap-4
01/23/2025,11,29,22,11:29:22,171,Tahap-4
01/23/2025,11,29,23,11:29:23,116,Tahap-4
01/23/2025,11,29,23,11:29:23,24,Tahap-4
01/23/2025,11,29,23,11:29:23,74,Tahap-4
01/23/2025,11,29,23,11:29:23,155,Tahap-4
01/23/2025,11,29,23,11:29:23,263,Tahap-4
01/23/2025,11,29,23,11:29:23,455,Tahap-4
01/23/2025,11,29,23,11:29:23,657,Tahap-4
01/23/2025,11,29,23,11:29:23,76,Tahap-4
01/23/2025,11,29,23,11:29:23,26,Tahap-4
01/23/2025,11,29,23,11:29:23,49,Tahap-4
01/23/2025,11,29,24,11:29:24,52,Tahap-4
01/23/2025,11,29,24,11:29:24,123,Tahap-4
01/23/2025,11,29,24,11:29:24,293,Tahap-4
01/23/2025,11,29,24,11:29:24,140,Tahap-4
01/23/2025,11,29,24,11:29:24,37,Tahap-4
01/23/2025,11,29,24,11:29:24,77,Tahap-4
01/23/2025,11,29,24,11:29:24,46,Tahap-4
01/23/2025,11,29,24,11:29:24,215,Tahap-4
01/23/2025,11,29,24,11:29:24,25,Tahap-4
01/23/2025,11,29,24,11:29:24,115,Tahap-4
01/23/2025,11,29,25,11:29:25,94,Tahap-4
01/23/2025,11,29,25,11:29:25,37,Tahap-4
01/23/2025,11,29,25,11:29:25,74,Tahap-4
01/23/2025,11,29,25,11:29:25,29,Tahap-4
01/23/2025,11,29,25,11:29:25,123,Tahap-4
01/23/2025,11,29,25,11:29:25,255,Tahap-4
01/23/2025,11,29,25,11:29:25,144,Tahap-4
01/23/2025,11,29,25,11:29:25,217,Tahap-4
01/23/2025,11,29,25,11:29:25,172,Tahap-4
01/23/2025,11,29,25,11:29:25,257,Tahap-4
01/23/2025,11,29,26,11:29:26,123,Tahap-4
01/23/2025,11,29,26,11:29:26,36,Tahap-4
01/23/2025,11,29,26,11:29:26,41,Tahap-4
01/23/2025,11,29,26,11:29:26,167,Tahap-4
01/23/2025,11,29,26,11:29:26,69,Tahap-4
01/23/2025,11,29,26,11:29:26,101,Tahap-4
01/23/2025,11,29,26,11:29:26,252,Tahap-4
01/23/2025,11,29,26,11:29:26,187,Tahap-4
01/23/2025,11,29,26,11:29:26,52,Tahap-4
01/23/2025,11,29,26,11:29:26,40,Tahap-4
01/23/2025,11,29,27,11:29:27,54,Tahap-4
01/23/2025,11,29,27,11:29:27,222,Tahap-4
01/23/2025,11,29,27,11:29:27,141,Tahap-4
01/23/2025,11,29,27,11:29:27,89,Tahap-4
01/23/2025,11,29,27,11:29:27,118,Tahap-4
01/23/2025,11,29,27,11:29:27,113,Tahap-4
01/23/2025,11,29,27,11:29:27,354,Tahap-4
01/23/2025,11,29,27,11:29:27,141,Tahap-4
01/23/2025,11,29,27,11:29:27,284,Tahap-4
01/23/2025,11,29,27,11:29:27,254,Tahap-4
01/23/2025,11,29,28,11:29:28,318,Tahap-4
01/23/2025,11,29,28,11:29:28,914,Tahap-4
01/23/2025,11,29,28,11:29:28,434,Tahap-4
01/23/2025,11,29,28,11:29:28,660,Tahap-4
01/23/2025,11,29,28,11:29:28,534,Tahap-4
01/23/2025,11,29,28,11:29:28,33,Tahap-4
01/23/2025,11,29,28,11:29:28,121,Tahap-4
01/23/2025,11,29,28,11:29:28,141,Tahap-4
01/23/2025,11,29,28,11:29:28,79,Tahap-4
01/23/2025,11,29,28,11:29:28,186,Tahap-4
01/23/2025,11,29,29,11:29:29,154,Tahap-4
01/23/2025,11,29,29,11:29:29,98,Tahap-4
01/23/2025,11,29,29,11:29:29,107,Tahap-4
01/23/2025,11,29,29,11:29:29,100,Tahap-4
01/23/2025,11,29,29,11:29:29,144,Tahap-4
01/23/2025,11,29,29,11:29:29,429,Tahap-4
01/23/2025,11,29,29,11:29:29,127,Tahap-4
01/23/2025,11,29,29,11:29:29,526,Tahap-4
01/23/2025,11,29,29,11:29:29,292,Tahap-4
01/23/2025,11,29,29,11:29:29,107,Tahap-4
01/23/2025,11,29,30,11:29:30,141,Tahap-4
01/23/2025,11,29,30,11:29:30,409,Tahap-4
01/23/2025,11,29,30,11:29:30,178,Tahap-4
01/23/2025,11,29,30,11:29:30,321,Tahap-4
01/23/2025,11,29,30,11:29:30,919,Tahap-4
01/23/2025,11,29,30,11:29:30,1001,Tahap-4
01/23/2025,11,29,30,11:29:30,488,Tahap-4
01/23/2025,11,29,30,11:29:30,441,Tahap-4
01/23/2025,11,29,30,11:29:30,623,Tahap-4
01/23/2025,11,29,30,11:29:30,399,Tahap-4
01/23/2025,11,29,31,11:29:31,124,Tahap-4
01/23/2025,11,29,31,11:29:31,127,Tahap-4
01/23/2025,11,29,31,11:29:31,137,Tahap-4
01/23/2025,11,29,31,11:29:31,195,Tahap-4
01/23/2025,11,29,31,11:29:31,207,Tahap-4
01/23/2025,11,29,31,11:29:31,154,Tahap-4
01/23/2025,11,29,31,11:29:31,185,Tahap-4
01/23/2025,11,29,31,11:29:31,220,Tahap-4
01/23/2025,11,29,31,11:29:31,101,Tahap-4
01/23/2025,11,29,31,11:29:31,14,Tahap-4
01/23/2025,11,29,32,11:29:32,377,Tahap-4
01/23/2025,11,29,32,11:29:32,495,Tahap-4
01/23/2025,11,29,32,11:29:32,588,Tahap-4
01/23/2025,11,29,32,11:29:32,531,Tahap-4
01/23/2025,11,29,32,11:29:32,144,Tahap-4
01/23/2025,11,29,32,11:29:32,430,Tahap-4
01/23/2025,11,29,32,11:29:32,307,Tahap-4
01/23/2025,11,29,32,11:29:32,110,Tahap-4
01/23/2025,11,29,32,11:29:32,690,Tahap-4
01/23/2025,11,29,32,11:29:32,418,Tahap-4
01/23/2025,11,29,33,11:29:33,83,Tahap-4
01/23/2025,11,29,33,11:29:33,453,Tahap-4
01/23/2025,11,29,33,11:29:33,72,Tahap-4
01/23/2025,11,29,33,11:29:33,744,Tahap-4
01/23/2025,11,29,33,11:29:33,311,Tahap-4
01/23/2025,11,29,33,11:29:33,261,Tahap-4
01/23/2025,11,29,33,11:29:33,251,Tahap-4
01/23/2025,11,29,33,11:29:33,569,Tahap-4
01/23/2025,11,29,33,11:29:33,433,Tahap-4
01/23/2025,11,29,33,11:29:33,299,Tahap-4
01/23/2025,11,29,34,11:29:34,-64,Tahap-4
01/23/2025,11,29,34,11:29:34,-16,Tahap-4
01/23/2025,11,29,34,11:29:34,220,Tahap-4
01/23/2025,11,29,34,11:29:34,8,Tahap-4
01/23/2025,11,29,34,11:29:34,20,Tahap-4
01/23/2025,11,29,34,11:29:34,108,Tahap-4
01/23/2025,11,29,34,11:29:34,-20,Tahap-4
01/23/2025,11,29,34,11:29:34,112,Tahap-4
01/23/2025,11,29,34,11:29:34,-44,Tahap-4
01/23/2025,11,29,34,11:29:34,52,Tahap-4
01/23/2025,11,29,35,11:29:35,68,Tahap-4
01/23/2025,11,29,35,11:29:35,-60,Tahap-4
01/23/2025,11,29,35,11:29:35,32,Tahap-4
01/23/2025,11,29,35,11:29:35,56,Tahap-4
01/23/2025,11,29,35,11:29:35,100,Tahap-4
01/23/2025,11,29,35,11:29:35,-60,Tahap-4
01/23/2025,11,29,35,11:29:35,180,Tahap-4
01/23/2025,11,29,35,11:29:35,-52,Tahap-4
01/23/2025,11,29,35,11:29:35,56,Tahap-4
01/23/2025,11,29,35,11:29:35,-100,Tahap-4
01/23/2025,11,29,36,11:29:36,-8,Tahap-4
01/23/2025,11,29,36,11:29:36,120,Tahap-4
01/23/2025,11,29,36,11:29:36,-60,Tahap-4
01/23/2025,11,29,36,11:29:36,28,Tahap-4
01/23/2025,11,29,36,11:29:36,76,Tahap-4
01/23/2025,11,29,36,11:29:36,-24,Tahap-4
01/23/2025,11,29,36,11:29:36,48,Tahap-4
01/23/2025,11,29,36,11:29:36,-72,Tahap-4
01/23/2025,11,29,37,11:29:37,-4,Tahap-4
01/23/2025,11,29,37,11:29:37,-36,Tahap-4
01/23/2025,11,29,37,11:29:37,248,Tahap-4
01/23/2025,11,29,37,11:29:37,-144,Tahap-4
01/23/2025,11,29,37,11:29:37,36,Tahap-4
01/23/2025,11,29,37,11:29:37,88,Tahap-4
01/23/2025,11,29,37,11:29:37,40,Tahap-4
01/23/2025,11,29,37,11:29:37,12,Tahap-4
01/23/2025,11,29,37,11:29:37,92,Tahap-4
01/23/2025,11,29,37,11:29:37,36,Tahap-4
01/23/2025,11,29,38,11:29:38,40,Tahap-4
01/23/2025,11,29,38,11:29:38,-80,Tahap-4
01/23/2025,11,29,38,11:29:38,-52,Tahap-4
01/23/2025,11,29,38,11:29:38,152,Tahap-4
01/23/2025,11,29,38,11:29:38,12,Tahap-4
01/23/2025,11,29,38,11:29:38,-72,Tahap-4
01/23/2025,11,29,38,11:29:38,172,Tahap-4
01/23/2025,11,29,38,11:29:38,-36,Tahap-4
01/23/2025,11,29,38,11:29:38,8,Tahap-4
01/23/2025,11,29,38,11:29:38,48,Tahap-4
01/23/2025,11,29,39,11:29:39,80,Tahap-4
01/23/2025,11,29,39,11:29:39,-72,Tahap-4
01/23/2025,11,29,39,11:29:39,92,Tahap-4
01/23/2025,11,29,39,11:29:39,-152,Tahap-4
01/23/2025,11,29,39,11:29:39,200,Tahap-4
01/23/2025,11,29,39,11:29:39,-48,Tahap-4
01/23/2025,11,29,39,11:29:39,40,Tahap-4
01/23/2025,11,29,39,11:29:39,36,Tahap-4
01/23/2025,11,29,39,11:29:39,96,Tahap-4
01/23/2025,11,29,39,11:29:39,-84,Tahap-4
01/23/2025,11,29,40,11:29:40,56,Tahap-4
01/23/2025,11,29,40,11:29:40,-8,Tahap-4
01/23/2025,11,29,40,11:29:40,20,Tahap-4
01/23/2025,11,29,40,11:29:40,-60,Tahap-4
01/23/2025,11,29,40,11:29:40,-84,Tahap-4
01/23/2025,11,29,40,11:29:40,136,Tahap-4
01/23/2025,11,29,40,11:29:40,40,Tahap-4
01/23/2025,11,29,40,11:29:40,-12,Tahap-4
01/23/2025,11,29,40,11:29:40,172,Tahap-4
01/23/2025,11,29,41,11:29:41,-8,Tahap-4
01/23/2025,11,29,41,11:29:41,32,Tahap-4
01/23/2025,11,29,41,11:29:41,-16,Tahap-4
01/23/2025,11,29,41,11:29:41,20,Tahap-4
01/23/2025,11,29,41,11:29:41,16,Tahap-4
01/23/2025,11,29,41,11:29:41,-92,Tahap-4
01/23/2025,11,29,41,11:29:41,136,Tahap-4
01/23/2025,11,29,41,11:29:41,4,Tahap-4
01/23/2025,11,29,41,11:29:41,28,Tahap-4
01/23/2025,11,29,41,11:29:41,92,Tahap-4
01/23/2025,11,29,42,11:29:42,144,Tahap-4
01/23/2025,11,29,42,11:29:42,-60,Tahap-4
01/23/2025,11,29,42,11:29:42,84,Tahap-4
01/23/2025,11,29,42,11:29:42,36,Tahap-4
01/23/2025,11,29,42,11:29:42,24,Tahap-4
01/23/2025,11,29,42,11:29:42,-8,Tahap-4
01/23/2025,11,29,42,11:29:42,-56,Tahap-4
01/23/2025,11,29,42,11:29:42,184,Tahap-4
01/23/2025,11,29,42,11:29:42,-4,Tahap-4
01/23/2025,11,29,42,11:29:42,28,Tahap-4
01/23/2025,11,29,43,11:29:43,100,Tahap-4
01/23/2025,11,29,43,11:29:43,-4,Tahap-4
01/23/2025,11,29,43,11:29:43,44,Tahap-4
01/23/2025,11,29,43,11:29:43,-16,Tahap-4
01/23/2025,11,29,43,11:29:43,16,Tahap-4
01/23/2025,11,29,43,11:29:43,-40,Tahap-4
01/23/2025,11,29,43,11:29:43,-44,Tahap-4
01/23/2025,11,29,43,11:29:43,-48,Tahap-4
01/23/2025,11,29,44,11:29:44,188,Tahap-4
01/23/2025,11,29,44,11:29:44,-16,Tahap-4
01/23/2025,11,29,44,11:29:44,-4,Tahap-4
01/23/2025,11,29,44,11:29:44,112,Tahap-4
01/23/2025,11,29,44,11:29:44,-4,Tahap-4
01/23/2025,11,29,44,11:29:44,8,Tahap-4
01/23/2025,11,29,44,11:29:44,104,Tahap-4
01/23/2025,11,29,44,11:29:44,-8,Tahap-4
01/23/2025,11,29,44,11:29:44,36,Tahap-4
01/23/2025,11,29,44,11:29:44,8,Tahap-4
01/23/2025,11,29,44,11:29:44,-44,Tahap-4
01/23/2025,11,29,44,11:29:44,132,Tahap-4
01/23/2025,11,29,45,11:29:45,36,Tahap-4
01/23/2025,11,29,45,11:29:45,12,Tahap-4
01/23/2025,11,29,45,11:29:45,128,Tahap-4
01/23/2025,11,29,45,11:29:45,20,Tahap-4
01/23/2025,11,29,45,11:29:45,-28,Tahap-4
01/23/2025,11,29,45,11:29:45,56,Tahap-4
01/23/2025,11,29,45,11:29:45,28,Tahap-4
01/23/2025,11,29,45,11:29:45,44,Tahap-4
01/23/2025,11,29,45,11:29:45,-32,Tahap-4
01/23/2025,11,29,45,11:29:45,16,Tahap-4
01/23/2025,11,29,46,11:29:46,176,Tahap-4
01/23/2025,11,29,46,11:29:46,-28,Tahap-4
01/23/2025,11,29,46,11:29:46,128,Tahap-4
01/23/2025,11,29,46,11:29:46,104,Tahap-4
01/23/2025,11,29,46,11:29:46,48,Tahap-4
01/23/2025,11,29,46,11:29:46,-20,Tahap-4
01/23/2025,11,29,46,11:29:46,88,Tahap-4
01/23/2025,11,29,46,11:29:46,4,Tahap-4
01/23/2025,11,29,46,11:29:46,12,Tahap-4
01/23/2025,11,30,11,11:30:11,1125,Tahap-4
01/23/2025,11,30,11,11:30:11,700,Tahap-4
01/23/2025,11,30,11,11:30:11,41,Tahap-4
01/23/2025,11,30,11,11:30:11,281,Tahap-4
01/23/2025,11,30,11,11:30:11,174,Tahap-4
01/23/2025,11,30,11,11:30:11,129,Tahap-4
01/23/2025,11,30,11,11:30:11,148,Tahap-4
01/23/2025,11,30,11,11:30:11,55,Tahap-4
01/23/2025,11,30,12,11:30:12,81,Tahap-4
01/23/2025,11,30,12,11:30:12,15,Tahap-4
01/23/2025,11,30,12,11:30:12,135,Tahap-4
01/23/2025,11,30,12,11:30:12,55,Tahap-4
01/23/2025,11,30,12,11:30:12,34,Tahap-4
01/23/2025,11,30,12,11:30:12,138,Tahap-4
01/23/2025,11,30,12,11:30:12,45,Tahap-4
01/23/2025,11,30,12,11:30:12,79,Tahap-4
01/23/2025,11,30,12,11:30:12,95,Tahap-4
01/23/2025,11,30,12,11:30:12,46,Tahap-4
01/23/2025,11,30,13,11:30:13,88,Tahap-4
01/23/2025,11,30,13,11:30:13,91,Tahap-4
01/23/2025,11,30,13,11:30:13,101,Tahap-4
01/23/2025,11,30,13,11:30:13,251,Tahap-4
01/23/2025,11,30,13,11:30:13,147,Tahap-4
01/23/2025,11,30,13,11:30:13,790,Tahap-4
01/23/2025,11,30,13,11:30:13,161,Tahap-4
01/23/2025,11,30,14,11:30:14,159,Tahap-4
01/23/2025,11,30,14,11:30:14,153,Tahap-4
01/23/2025,11,30,14,11:30:14,61,Tahap-4
01/23/2025,11,30,14,11:30:14,79,Tahap-4
01/23/2025,11,30,14,11:30:14,89,Tahap-4
01/23/2025,11,30,14,11:30:14,57,Tahap-4
01/23/2025,11,30,14,11:30:14,128,Tahap-4
01/23/2025,11,30,14,11:30:14,110,Tahap-4
01/23/2025,11,30,14,11:30:14,82,Tahap-4
01/23/2025,11,30,14,11:30:14,163,Tahap-4
01/23/2025,11,30,14,11:30:14,167,Tahap-4
01/23/2025,11,30,14,11:30:14,59,Tahap-4
01/23/2025,11,30,14,11:30:14,94,Tahap-4
01/23/2025,11,30,15,11:30:15,71,Tahap-4
01/23/2025,11,30,15,11:30:15,25,Tahap-4
01/23/2025,11,30,15,11:30:15,149,Tahap-4
01/23/2025,11,30,15,11:30:15,31,Tahap-4
01/23/2025,11,30,15,11:30:15,72,Tahap-4
01/23/2025,11,30,15,11:30:15,674,Tahap-4
01/23/2025,11,30,15,11:30:15,237,Tahap-4
01/23/2025,11,30,15,11:30:15,271,Tahap-4
01/23/2025,11,30,15,11:30:15,56,Tahap-4
01/23/2025,11,30,15,11:30:15,78,Tahap-4
01/23/2025,11,30,16,11:30:16,47,Tahap-4
01/23/2025,11,30,16,11:30:16,87,Tahap-4
01/23/2025,11,30,16,11:30:16,61,Tahap-4
01/23/2025,11,30,16,11:30:16,54,Tahap-4
01/23/2025,11,30,16,11:30:16,7,Tahap-4
01/23/2025,11,30,16,11:30:16,60,Tahap-4
01/23/2025,11,30,16,11:30:16,41,Tahap-4
01/23/2025,11,30,16,11:30:16,60,Tahap-4
01/23/2025,11,30,16,11:30:16,204,Tahap-4
01/23/2025,11,30,16,11:30:16,108,Tahap-4
01/23/2025,11,30,17,11:30:17,80,Tahap-4
01/23/2025,11,30,17,11:30:17,32,Tahap-4
01/23/2025,11,30,17,11:30:17,113,Tahap-4
01/23/2025,11,30,17,11:30:17,151,Tahap-4
01/23/2025,11,30,17,11:30:17,84,Tahap-4
01/23/2025,11,30,17,11:30:17,47,Tahap-4
01/23/2025,11,30,17,11:30:17,175,Tahap-4
01/23/2025,11,30,17,11:30:17,147,Tahap-4
01/23/2025,11,30,17,11:30:17,168,Tahap-4
01/23/2025,11,30,17,11:30:17,363,Tahap-4
01/23/2025,11,30,18,11:30:18,643,Tahap-4
01/23/2025,11,30,18,11:30:18,763,Tahap-4
01/23/2025,11,30,18,11:30:18,735,Tahap-4
01/23/2025,11,30,18,11:30:18,488,Tahap-4
01/23/2025,11,30,18,11:30:18,376,Tahap-4
01/23/2025,11,30,18,11:30:18,74,Tahap-4
01/23/2025,11,30,18,11:30:18,73,Tahap-4
01/23/2025,11,30,18,11:30:18,174,Tahap-4
01/23/2025,11,30,18,11:30:18,222,Tahap-4
01/23/2025,11,30,18,11:30:18,89,Tahap-4
01/23/2025,11,30,19,11:30:19,107,Tahap-4
01/23/2025,11,30,19,11:30:19,129,Tahap-4
01/23/2025,11,30,19,11:30:19,118,Tahap-4
01/23/2025,11,30,19,11:30:19,246,Tahap-4
01/23/2025,11,30,19,11:30:19,147,Tahap-4
01/23/2025,11,30,19,11:30:19,172,Tahap-4
01/23/2025,11,30,19,11:30:19,109,Tahap-4
01/23/2025,11,30,19,11:30:19,119,Tahap-4
01/23/2025,11,30,19,11:30:19,297,Tahap-4
01/23/2025,11,30,19,11:30:19,1004,Tahap-4
01/23/2025,11,30,20,11:30:20,143,Tahap-4
01/23/2025,11,30,20,11:30:20,129,Tahap-4
01/23/2025,11,30,20,11:30:20,234,Tahap-4
01/23/2025,11,30,20,11:30:20,305,Tahap-4
01/23/2025,11,30,20,11:30:20,393,Tahap-4
01/23/2025,11,30,20,11:30:20,1118,Tahap-4
01/23/2025,11,30,20,11:30:20,640,Tahap-4
01/23/2025,11,30,20,11:30:20,99,Tahap-4
01/23/2025,11,30,20,11:30:20,467,Tahap-4
01/23/2025,11,30,20,11:30:20,283,Tahap-4
01/23/2025,11,30,21,11:30:21,197,Tahap-4
01/23/2025,11,30,21,11:30:21,66,Tahap-4
01/23/2025,11,30,21,11:30:21,231,Tahap-4
01/23/2025,11,30,21,11:30:21,238,Tahap-4
01/23/2025,11,30,21,11:30:21,111,Tahap-4
01/23/2025,11,30,21,11:30:21,125,Tahap-4
01/23/2025,11,30,21,11:30:21,155,Tahap-4
01/23/2025,11,30,21,11:30:21,186,Tahap-4
01/23/2025,11,30,21,11:30:21,154,Tahap-4
01/23/2025,11,30,21,11:30:21,178,Tahap-4
01/23/2025,11,30,22,11:30:22,267,Tahap-4
01/23/2025,11,30,22,11:30:22,277,Tahap-4
01/23/2025,11,30,22,11:30:22,186,Tahap-4
01/23/2025,11,30,22,11:30:22,283,Tahap-4
01/23/2025,11,30,22,11:30:22,478,Tahap-4
01/23/2025,11,30,22,11:30:22,341,Tahap-4
01/23/2025,11,30,22,11:30:22,159,Tahap-4
01/23/2025,11,30,22,11:30:22,162,Tahap-4
01/23/2025,11,30,22,11:30:22,28,Tahap-4
01/23/2025,11,30,22,11:30:22,1173,Tahap-4
01/23/2025,11,30,23,11:30:23,292,Tahap-4
01/23/2025,11,30,23,11:30:23,367,Tahap-4
01/23/2025,11,30,23,11:30:23,237,Tahap-4
01/23/2025,11,30,23,11:30:23,254,Tahap-4
01/23/2025,11,30,23,11:30:23,258,Tahap-4
01/23/2025,11,30,23,11:30:23,298,Tahap-4
01/23/2025,11,30,23,11:30:23,307,Tahap-4
01/23/2025,11,30,23,11:30:23,414,Tahap-4
01/23/2025,11,30,23,11:30:23,377,Tahap-4
01/23/2025,11,30,23,11:30:23,192,Tahap-4
01/23/2025,11,30,24,11:30:24,104,Tahap-4
01/23/2025,11,30,24,11:30:24,-96,Tahap-4
01/23/2025,11,30,24,11:30:24,40,Tahap-4
01/23/2025,11,30,24,11:30:24,-256,Tahap-4
01/23/2025,11,30,24,11:30:24,192,Tahap-4
01/23/2025,11,30,24,11:30:24,64,Tahap-4
01/23/2025,11,30,24,11:30:24,-192,Tahap-4
01/23/2025,11,30,24,11:30:24,192,Tahap-4
01/23/2025,11,30,24,11:30:24,-24,Tahap-4
01/23/2025,11,30,25,11:30:25,-8,Tahap-4
01/23/2025,11,30,25,11:30:25,16,Tahap-4
01/23/2025,11,30,25,11:30:25,-56,Tahap-4
01/23/2025,11,30,25,11:30:25,-136,Tahap-4
01/23/2025,11,30,25,11:30:25,8,Tahap-4
01/23/2025,11,30,25,11:30:25,-232,Tahap-4
01/23/2025,11,30,25,11:30:25,120,Tahap-4
01/23/2025,11,30,25,11:30:25,72,Tahap-4
01/23/2025,11,30,25,11:30:25,-208,Tahap-4
01/23/2025,11,30,25,11:30:25,80,Tahap-4
01/23/2025,11,30,26,11:30:26,32,Tahap-4
01/23/2025,11,30,26,11:30:26,-272,Tahap-4
01/23/2025,11,30,26,11:30:26,80,Tahap-4
01/23/2025,11,30,26,11:30:26,16,Tahap-4
01/23/2025,11,30,26,11:30:26,-152,Tahap-4
01/23/2025,11,30,26,11:30:26,-40,Tahap-4
01/23/2025,11,30,26,11:30:26,-328,Tahap-4
01/23/2025,11,30,26,11:30:26,40,Tahap-4
01/23/2025,11,30,26,11:30:26,40,Tahap-4
01/23/2025,11,30,26,11:30:26,-136,Tahap-4
01/23/2025,11,30,27,11:30:27,120,Tahap-4
01/23/2025,11,30,27,11:30:27,16,Tahap-4
01/23/2025,11,30,27,11:30:27,-96,Tahap-4
01/23/2025,11,30,27,11:30:27,-112,Tahap-4
01/23/2025,11,30,27,11:30:27,216,Tahap-4
01/23/2025,11,30,27,11:30:27,-216,Tahap-4
01/23/2025,11,30,27,11:30:27,-32,Tahap-4
01/23/2025,11,30,27,11:30:27,-208,Tahap-4
01/23/2025,11,30,27,11:30:27,104,Tahap-4
01/23/2025,11,30,27,11:30:27,-48,Tahap-4
01/23/2025,11,30,28,11:30:28,176,Tahap-4
01/23/2025,11,30,28,11:30:28,56,Tahap-4
01/23/2025,11,30,28,11:30:28,-56,Tahap-4
01/23/2025,11,30,28,11:30:28,-48,Tahap-4
01/23/2025,11,30,28,11:30:28,32,Tahap-4
01/23/2025,11,30,28,11:30:28,-48,Tahap-4
01/23/2025,11,30,28,11:30:28,-64,Tahap-4
01/23/2025,11,30,28,11:30:28,-224,Tahap-4
01/23/2025,11,30,28,11:30:28,200,Tahap-4
01/23/2025,11,30,29,11:30:29,-248,Tahap-4
01/23/2025,11,30,29,11:30:29,104,Tahap-4
01/23/2025,11,30,29,11:30:29,232,Tahap-4
01/23/2025,11,30,29,11:30:29,72,Tahap-4
01/23/2025,11,30,29,11:30:29,-112,Tahap-4
01/23/2025,11,30,29,11:30:29,40,Tahap-4
01/23/2025,11,30,29,11:30:29,-96,Tahap-4
01/23/2025,11,30,29,11:30:29,32,Tahap-4
01/23/2025,11,30,29,11:30:29,-88,Tahap-4
01/23/2025,11,30,29,11:30:29,-144,Tahap-4
01/23/2025,11,30,30,11:30:30,216,Tahap-4
01/23/2025,11,30,30,11:30:30,-312,Tahap-4
01/23/2025,11,30,30,11:30:30,-16,Tahap-4
01/23/2025,11,30,30,11:30:30,160,Tahap-4
01/23/2025,11,30,30,11:30:30,104,Tahap-4
01/23/2025,11,30,30,11:30:30,-184,Tahap-4
01/23/2025,11,30,30,11:30:30,208,Tahap-4
01/23/2025,11,30,30,11:30:30,-296,Tahap-4
01/23/2025,11,30,30,11:30:30,88,Tahap-4
01/23/2025,11,30,30,11:30:30,-232,Tahap-4
01/23/2025,11,30,31,11:30:31,72,Tahap-4
01/23/2025,11,30,31,11:30:31,-24,Tahap-4
01/23/2025,11,30,31,11:30:31,-112,Tahap-4
01/23/2025,11,30,31,11:30:31,-40,Tahap-4
01/23/2025,11,30,31,11:30:31,136,Tahap-4
01/23/2025,11,30,31,11:30:31,48,Tahap-4
01/23/2025,11,30,31,11:30:31,-120,Tahap-4
01/23/2025,11,30,31,11:30:31,24,Tahap-4
01/23/2025,11,30,31,11:30:31,-144,Tahap-4
01/23/2025,11,30,31,11:30:31,-96,Tahap-4
01/23/2025,11,30,32,11:30:32,-264,Tahap-4
01/23/2025,11,30,32,11:30:32,128,Tahap-4
01/23/2025,11,30,32,11:30:32,-152,Tahap-4
01/23/2025,11,30,32,11:30:32,-88,Tahap-4
01/23/2025,11,30,32,11:30:32,32,Tahap-4
01/23/2025,11,30,32,11:30:32,-72,Tahap-4
01/23/2025,11,30,32,11:30:32,16,Tahap-4
01/23/2025,11,30,32,11:30:32,-16,Tahap-4
01/23/2025,11,30,33,11:30:33,-64,Tahap-4
01/23/2025,11,30,33,11:30:33,-272,Tahap-4
01/23/2025,11,30,33,11:30:33,216,Tahap-4
01/23/2025,11,30,33,11:30:33,-184,Tahap-4
01/23/2025,11,30,33,11:30:33,8,Tahap-4
01/23/2025,11,30,33,11:30:33,168,Tahap-4
01/23/2025,11,30,33,11:30:33,16,Tahap-4
01/23/2025,11,30,33,11:30:33,-72,Tahap-4
01/23/2025,11,30,33,11:30:33,72,Tahap-4
01/23/2025,11,30,33,11:30:33,-32,Tahap-4
01/23/2025,11,30,34,11:30:34,-40,Tahap-4
01/23/2025,11,30,34,11:30:34,-40,Tahap-4
01/23/2025,11,30,34,11:30:34,-368,Tahap-4
01/23/2025,11,30,34,11:30:34,360,Tahap-4
01/23/2025,11,30,34,11:30:34,-264,Tahap-4
01/23/2025,11,30,34,11:30:34,24,Tahap-4
01/23/2025,11,30,34,11:30:34,272,Tahap-4
01/23/2025,11,30,34,11:30:34,8,Tahap-4
01/23/2025,11,30,34,11:30:34,-232,Tahap-4
01/23/2025,11,30,34,11:30:34,160,Tahap-4
01/23/2025,11,30,35,11:30:35,80,Tahap-4
01/23/2025,11,30,35,11:30:35,-152,Tahap-4
01/23/2025,11,30,35,11:30:35,-112,Tahap-4
01/23/2025,11,30,35,11:30:35,-224,Tahap-4
01/23/2025,11,30,35,11:30:35,96,Tahap-4
01/23/2025,11,30,35,11:30:35,-16,Tahap-4
01/23/2025,11,30,35,11:30:35,32,Tahap-4
01/23/2025,11,30,35,11:30:35,-24,Tahap-4
01/23/2025,11,30,35,11:30:35,-104,Tahap-4
01/23/2025,11,30,36,11:30:36,-192,Tahap-4
01/23/2025,11,30,36,11:30:36,-16,Tahap-4
01/23/2025,11,30,36,11:30:36,80,Tahap-4
01/23/2025,11,30,36,11:30:36,-120,Tahap-4
01/23/2025,11,30,36,11:30:36,-176,Tahap-4
01/23/2025,11,30,36,11:30:36,-168,Tahap-4
01/23/2025,11,30,36,11:30:36,-8,Tahap-4
01/23/2025,11,30,36,11:30:36,-40,Tahap-4
01/23/2025,11,31,1,11:31:01,3046,Tahap-4
01/23/2025,11,31,1,11:31:01,796,Tahap-4
01/23/2025,11,31,1,11:31:01,1068,Tahap-4
01/23/2025,11,31,1,11:31:01,486,Tahap-4
01/23/2025,11,31,1,11:31:01,644,Tahap-4
01/23/2025,11,31,1,11:31:01,548,Tahap-4
01/23/2025,11,31,1,11:31:01,407,Tahap-4
01/23/2025,11,31,1,11:31:01,687,Tahap-4
01/23/2025,11,31,1,11:31:01,462,Tahap-4
01/23/2025,11,31,2,11:31:02,427,Tahap-4
01/23/2025,11,31,2,11:31:02,411,Tahap-4
01/23/2025,11,31,2,11:31:02,235,Tahap-4
01/23/2025,11,31,2,11:31:02,202,Tahap-4
01/23/2025,11,31,2,11:31:02,315,Tahap-4
01/23/2025,11,31,2,11:31:02,154,Tahap-4
01/23/2025,11,31,2,11:31:02,302,Tahap-4
01/23/2025,11,31,2,11:31:02,142,Tahap-4
01/23/2025,11,31,2,11:31:02,160,Tahap-4
01/23/2025,11,31,2,11:31:02,185,Tahap-4
01/23/2025,11,31,3,11:31:03,207,Tahap-4
01/23/2025,11,31,3,11:31:03,57,Tahap-4
01/23/2025,11,31,3,11:31:03,265,Tahap-4
01/23/2025,11,31,3,11:31:03,304,Tahap-4
01/23/2025,11,31,3,11:31:03,839,Tahap-4
01/23/2025,11,31,3,11:31:03,197,Tahap-4
01/23/2025,11,31,3,11:31:03,213,Tahap-4
01/23/2025,11,31,3,11:31:03,117,Tahap-4
01/23/2025,11,31,3,11:31:03,132,Tahap-4
01/23/2025,11,31,3,11:31:03,160,Tahap-4
01/23/2025,11,31,4,11:31:04,159,Tahap-4
01/23/2025,11,31,4,11:31:04,148,Tahap-4
01/23/2025,11,31,4,11:31:04,74,Tahap-4
01/23/2025,11,31,4,11:31:04,208,Tahap-4
01/23/2025,11,31,4,11:31:04,133,Tahap-4
01/23/2025,11,31,4,11:31:04,105,Tahap-4
01/23/2025,11,31,4,11:31:04,170,Tahap-4
01/23/2025,11,31,4,11:31:04,194,Tahap-4
01/23/2025,11,31,4,11:31:04,28,Tahap-4
01/23/2025,11,31,4,11:31:04,131,Tahap-4
01/23/2025,11,31,5,11:31:05,86,Tahap-4
01/23/2025,11,31,5,11:31:05,76,Tahap-4
01/23/2025,11,31,5,11:31:05,138,Tahap-4
01/23/2025,11,31,5,11:31:05,473,Tahap-4
01/23/2025,11,31,5,11:31:05,104,Tahap-4
01/23/2025,11,31,5,11:31:05,212,Tahap-4
01/23/2025,11,31,5,11:31:05,344,Tahap-4
01/23/2025,11,31,5,11:31:05,146,Tahap-4
01/23/2025,11,31,5,11:31:05,79,Tahap-4
01/23/2025,11,31,5,11:31:05,149,Tahap-4
01/23/2025,11,31,6,11:31:06,181,Tahap-4
01/23/2025,11,31,6,11:31:06,83,Tahap-4
01/23/2025,11,31,6,11:31:06,113,Tahap-4
01/23/2025,11,31,6,11:31:06,58,Tahap-4
01/23/2025,11,31,6,11:31:06,222,Tahap-4
01/23/2025,11,31,6,11:31:06,37,Tahap-4
01/23/2025,11,31,6,11:31:06,39,Tahap-4
01/23/2025,11,31,6,11:31:06,55,Tahap-4
01/23/2025,11,31,6,11:31:06,94,Tahap-4
01/23/2025,11,31,6,11:31:06,50,Tahap-4
01/23/2025,11,31,7,11:31:07,73,Tahap-4
01/23/2025,11,31,7,11:31:07,119,Tahap-4
01/23/2025,11,31,7,11:31:07,100,Tahap-4
01/23/2025,11,31,7,11:31:07,72,Tahap-4
01/23/2025,11,31,7,11:31:07,233,Tahap-4
01/23/2025,11,31,7,11:31:07,266,Tahap-4
01/23/2025,11,31,7,11:31:07,98,Tahap-4
01/23/2025,11,31,7,11:31:07,266,Tahap-4
01/23/2025,11,31,7,11:31:07,344,Tahap-4
01/23/2025,11,31,7,11:31:07,848,Tahap-4
01/23/2025,11,31,8,11:31:08,586,Tahap-4
01/23/2025,11,31,8,11:31:08,790,Tahap-4
01/23/2025,11,31,8,11:31:08,528,Tahap-4
01/23/2025,11,31,8,11:31:08,200,Tahap-4
01/23/2025,11,31,8,11:31:08,271,Tahap-4
01/23/2025,11,31,8,11:31:08,70,Tahap-4
01/23/2025,11,31,8,11:31:08,80,Tahap-4
01/23/2025,11,31,8,11:31:08,229,Tahap-4
01/23/2025,11,31,8,11:31:08,139,Tahap-4
01/23/2025,11,31,8,11:31:08,156,Tahap-4
01/23/2025,11,31,9,11:31:09,153,Tahap-4
01/23/2025,11,31,9,11:31:09,51,Tahap-4
01/23/2025,11,31,9,11:31:09,82,Tahap-4
01/23/2025,11,31,9,11:31:09,219,Tahap-4
01/23/2025,11,31,9,11:31:09,313,Tahap-4
01/23/2025,11,31,9,11:31:09,248,Tahap-4
01/23/2025,11,31,9,11:31:09,449,Tahap-4
01/23/2025,11,31,9,11:31:09,370,Tahap-4
01/23/2025,11,31,9,11:31:09,354,Tahap-4
01/23/2025,11,31,9,11:31:09,271,Tahap-4
01/23/2025,11,31,10,11:31:10,118,Tahap-4
01/23/2025,11,31,10,11:31:10,323,Tahap-4
01/23/2025,11,31,10,11:31:10,922,Tahap-4
01/23/2025,11,31,10,11:31:10,928,Tahap-4
01/23/2025,11,31,10,11:31:10,460,Tahap-4
01/23/2025,11,31,10,11:31:10,732,Tahap-4
01/23/2025,11,31,10,11:31:10,496,Tahap-4
01/23/2025,11,31,10,11:31:10,166,Tahap-4
01/23/2025,11,31,10,11:31:10,126,Tahap-4
01/23/2025,11,31,10,11:31:10,53,Tahap-4
01/23/2025,11,31,11,11:31:11,231,Tahap-4
01/23/2025,11,31,11,11:31:11,156,Tahap-4
01/23/2025,11,31,11,11:31:11,133,Tahap-4
01/23/2025,11,31,11,11:31:11,115,Tahap-4
01/23/2025,11,31,11,11:31:11,4,Tahap-4
01/23/2025,11,31,11,11:31:11,148,Tahap-4
01/23/2025,11,31,11,11:31:11,183,Tahap-4
01/23/2025,11,31,11,11:31:11,189,Tahap-4
01/23/2025,11,31,11,11:31:11,182,Tahap-4
01/23/2025,11,31,11,11:31:11,52,Tahap-4
01/23/2025,11,31,12,11:31:12,783,Tahap-4
01/23/2025,11,31,12,11:31:12,335,Tahap-4
01/23/2025,11,31,12,11:31:12,201,Tahap-4
01/23/2025,11,31,12,11:31:12,172,Tahap-4
01/23/2025,11,31,12,11:31:12,164,Tahap-4
01/23/2025,11,31,12,11:31:12,189,Tahap-4
01/23/2025,11,31,12,11:31:12,666,Tahap-4
01/23/2025,11,31,12,11:31:12,326,Tahap-4
01/23/2025,11,31,12,11:31:12,180,Tahap-4
01/23/2025,11,31,12,11:31:12,487,Tahap-4
01/23/2025,11,31,13,11:31:13,509,Tahap-4
01/23/2025,11,31,13,11:31:13,447,Tahap-4
01/23/2025,11,31,13,11:31:13,149,Tahap-4
01/23/2025,11,31,13,11:31:13,96,Tahap-4
01/23/2025,11,31,13,11:31:13,212,Tahap-4
01/23/2025,11,31,13,11:31:13,463,Tahap-4
01/23/2025,11,31,13,11:31:13,757,Tahap-4
01/23/2025,11,31,14,11:31:14,588,Tahap-4
01/23/2025,11,31,14,11:31:14,-52,Tahap-4
01/23/2025,11,31,14,11:31:14,136,Tahap-4
01/23/2025,11,31,14,11:31:14,-68,Tahap-4
01/23/2025,11,31,14,11:31:14,12,Tahap-4
01/23/2025,11,31,14,11:31:14,84,Tahap-4
01/23/2025,11,31,14,11:31:14,-24,Tahap-4
01/23/2025,11,31,14,11:31:14,24,Tahap-4
01/23/2025,11,31,14,11:31:14,56,Tahap-4
01/23/2025,11,31,14,11:31:14,-52,Tahap-4
01/23/2025,11,31,14,11:31:14,-180,Tahap-4
01/23/2025,11,31,14,11:31:14,-40,Tahap-4
01/23/2025,11,31,15,11:31:15,24,Tahap-4
01/23/2025,11,31,15,11:31:15,-76,Tahap-4
01/23/2025,11,31,15,11:31:15,-64,Tahap-4
01/23/2025,11,31,15,11:31:15,20,Tahap-4
01/23/2025,11,31,15,11:31:15,-104,Tahap-4
01/23/2025,11,31,15,11:31:15,-108,Tahap-4
01/23/2025,11,31,15,11:31:15,36,Tahap-4
01/23/2025,11,31,15,11:31:15,-112,Tahap-4
01/23/2025,11,31,15,11:31:15,-64,Tahap-4
01/23/2025,11,31,15,11:31:15,-124,Tahap-4
01/23/2025,11,31,16,11:31:16,-128,Tahap-4
01/23/2025,11,31,16,11:31:16,40,Tahap-4
01/23/2025,11,31,16,11:31:16,-172,Tahap-4
01/23/2025,11,31,16,11:31:16,-8,Tahap-4
01/23/2025,11,31,16,11:31:16,-16,Tahap-4
01/23/2025,11,31,16,11:31:16,-80,Tahap-4
01/23/2025,11,31,16,11:31:16,-208,Tahap-4
01/23/2025,11,31,16,11:31:16,-16,Tahap-4
01/23/2025,11,31,16,11:31:16,-36,Tahap-4
01/23/2025,11,31,16,11:31:16,-76,Tahap-4
01/23/2025,11,31,17,11:31:17,-116,Tahap-4
01/23/2025,11,31,17,11:31:17,-156,Tahap-4
01/23/2025,11,31,17,11:31:17,28,Tahap-4
01/23/2025,11,31,17,11:31:17,-160,Tahap-4
01/23/2025,11,31,17,11:31:17,-40,Tahap-4
01/23/2025,11,31,17,11:31:17,-92,Tahap-4
01/23/2025,11,31,17,11:31:17,-92,Tahap-4
01/23/2025,11,31,17,11:31:17,-72,Tahap-4
01/23/2025,11,31,17,11:31:17,-112,Tahap-4
01/23/2025,11,31,18,11:31:18,-40,Tahap-4
01/23/2025,11,31,18,11:31:18,-136,Tahap-4
01/23/2025,11,31,18,11:31:18,-212,Tahap-4
01/23/2025,11,31,18,11:31:18,36,Tahap-4
01/23/2025,11,31,18,11:31:18,-48,Tahap-4
01/23/2025,11,31,18,11:31:18,-84,Tahap-4
01/23/2025,11,31,18,11:31:18,4,Tahap-4
01/23/2025,11,31,18,11:31:18,-80,Tahap-4
01/23/2025,11,31,18,11:31:18,-112,Tahap-4
01/23/2025,11,31,18,11:31:18,-112,Tahap-4
01/23/2025,11,31,19,11:31:19,-144,Tahap-4
01/23/2025,11,31,19,11:31:19,-8,Tahap-4
01/23/2025,11,31,19,11:31:19,-12,Tahap-4
01/23/2025,11,31,19,11:31:19,-204,Tahap-4
01/23/2025,11,31,19,11:31:19,-68,Tahap-4
01/23/2025,11,31,19,11:31:19,-52,Tahap-4
01/23/2025,11,31,19,11:31:19,-96,Tahap-4
01/23/2025,11,31,19,11:31:19,-92,Tahap-4
01/23/2025,11,31,19,11:31:19,80,Tahap-4
01/23/2025,11,31,19,11:31:19,-180,Tahap-4
01/23/2025,11,31,20,11:31:20,-28,Tahap-4
01/23/2025,11,31,20,11:31:20,-176,Tahap-4
01/23/2025,11,31,20,11:31:20,-64,Tahap-4
01/23/2025,11,31,20,11:31:20,24,Tahap-4
01/23/2025,11,31,20,11:31:20,-188,Tahap-4
01/23/2025,11,31,20,11:31:20,-32,Tahap-4
01/23/2025,11,31,20,11:31:20,-20,Tahap-4
01/23/2025,11,31,20,11:31:20,-56,Tahap-4
01/23/2025,11,31,20,11:31:20,-148,Tahap-4
01/23/2025,11,31,20,11:31:20,-12,Tahap-4
01/23/2025,11,31,21,11:31:21,-160,Tahap-4
01/23/2025,11,31,21,11:31:21,-72,Tahap-4
01/23/2025,11,31,21,11:31:21,-164,Tahap-4
01/23/2025,11,31,21,11:31:21,-84,Tahap-4
01/23/2025,11,31,21,11:31:21,-32,Tahap-4
01/23/2025,11,31,21,11:31:21,-216,Tahap-4
01/23/2025,11,31,21,11:31:21,-4,Tahap-4
01/23/2025,11,31,21,11:31:21,-32,Tahap-4
01/23/2025,11,31,21,11:31:21,-112,Tahap-4
01/23/2025,11,31,21,11:31:21,-60,Tahap-4
01/23/2025,11,31,22,11:31:22,-68,Tahap-4
01/23/2025,11,31,22,11:31:22,-124,Tahap-4
01/23/2025,11,31,22,11:31:22,-68,Tahap-4
01/23/2025,11,31,22,11:31:22,-192,Tahap-4
01/23/2025,11,31,22,11:31:22,-68,Tahap-4
01/23/2025,11,31,22,11:31:22,-4,Tahap-4
01/23/2025,11,31,22,11:31:22,-212,Tahap-4
01/23/2025,11,31,22,11:31:22,-52,Tahap-4
01/23/2025,11,31,22,11:31:22,76,Tahap-4
01/23/2025,11,31,22,11:31:22,-128,Tahap-4
01/23/2025,11,31,23,11:31:23,-100,Tahap-4
01/23/2025,11,31,23,11:31:23,-8,Tahap-4
01/23/2025,11,31,23,11:31:23,-144,Tahap-4
01/23/2025,11,31,23,11:31:23,-64,Tahap-4
01/23/2025,11,31,23,11:31:23,-168,Tahap-4
01/23/2025,11,31,23,11:31:23,-8,Tahap-4
01/23/2025,11,31,23,11:31:23,-36,Tahap-4
01/23/2025,11,31,23,11:31:23,-184,Tahap-4
01/23/2025,11,31,23,11:31:23,-52,Tahap-4
01/23/2025,11,31,24,11:31:24,-64,Tahap-4
01/23/2025,11,31,24,11:31:24,-112,Tahap-4
01/23/2025,11,31,24,11:31:24,-64,Tahap-4
01/23/2025,11,31,24,11:31:24,-84,Tahap-4
01/23/2025,11,31,24,11:31:24,-88,Tahap-4
01/23/2025,11,31,24,11:31:24,-180,Tahap-4
01/23/2025,11,31,24,11:31:24,-80,Tahap-4
01/23/2025,11,31,24,11:31:24,20,Tahap-4
01/23/2025,11,31,24,11:31:24,-180,Tahap-4
01/23/2025,11,31,24,11:31:24,16,Tahap-4
01/23/2025,11,31,25,11:31:25,-92,Tahap-4
01/23/2025,11,31,25,11:31:25,-100,Tahap-4
01/23/2025,11,31,25,11:31:25,-84,Tahap-4
01/23/2025,11,31,25,11:31:25,-32,Tahap-4
01/23/2025,11,31,25,11:31:25,-156,Tahap-4
01/23/2025,11,31,25,11:31:25,-52,Tahap-4
01/23/2025,11,31,25,11:31:25,-240,Tahap-4
01/23/2025,11,31,25,11:31:25,-56,Tahap-4
01/23/2025,11,31,25,11:31:25,-36,Tahap-4
01/23/2025,11,31,25,11:31:25,-136,Tahap-4
01/23/2025,11,31,26,11:31:26,-64,Tahap-4
01/23/2025,11,31,26,11:31:26,-20,Tahap-4
01/23/2025,11,31,26,11:31:26,-184,Tahap-4
01/23/2025,11,31,26,11:31:26,-72,Tahap-4
01/23/2025,11,31,26,11:31:26,-36,Tahap-4
01/23/2025,11,31,26,11:31:26,-108,Tahap-4
01/23/2025,11,31,26,11:31:26,-148,Tahap-4
01/23/2025,11,31,51,11:31:51,2766,Tahap-4
01/23/2025,11,31,51,11:31:51,2214,Tahap-4
01/23/2025,11,31,51,11:31:51,769,Tahap-4
01/23/2025,11,31,51,11:31:51,919,Tahap-4
01/23/2025,11,31,51,11:31:51,735,Tahap-4
01/23/2025,11,31,51,11:31:51,848,Tahap-4
01/23/2025,11,31,51,11:31:51,492,Tahap-4
01/23/2025,11,31,51,11:31:51,572,Tahap-4
01/23/2025,11,31,51,11:31:51,517,Tahap-4
01/23/2025,11,31,51,11:31:51,497,Tahap-4
01/23/2025,11,31,52,11:31:52,294,Tahap-4
01/23/2025,11,31,52,11:31:52,275,Tahap-4
01/23/2025,11,31,52,11:31:52,251,Tahap-4
01/23/2025,11,31,52,11:31:52,266,Tahap-4
01/23/2025,11,31,52,11:31:52,253,Tahap-4
01/23/2025,11,31,52,11:31:52,307,Tahap-4
01/23/2025,11,31,52,11:31:52,191,Tahap-4
01/23/2025,11,31,52,11:31:52,359,Tahap-4
01/23/2025,11,31,52,11:31:52,216,Tahap-4
01/23/2025,11,31,52,11:31:52,252,Tahap-4
01/23/2025,11,31,53,11:31:53,297,Tahap-4
01/23/2025,11,31,53,11:31:53,545,Tahap-4
01/23/2025,11,31,53,11:31:53,237,Tahap-4
01/23/2025,11,31,53,11:31:53,546,Tahap-4
01/23/2025,11,31,53,11:31:53,127,Tahap-4
01/23/2025,11,31,53,11:31:53,133,Tahap-4
01/23/2025,11,31,53,11:31:53,136,Tahap-4
01/23/2025,11,31,53,11:31:53,189,Tahap-4
01/23/2025,11,31,53,11:31:53,175,Tahap-4
01/23/2025,11,31,53,11:31:53,151,Tahap-4
01/23/2025,11,31,54,11:31:54,93,Tahap-4
01/23/2025,11,31,54,11:31:54,121,Tahap-4
01/23/2025,11,31,54,11:31:54,162,Tahap-4
01/23/2025,11,31,54,11:31:54,231,Tahap-4
01/23/2025,11,31,54,11:31:54,255,Tahap-4
01/23/2025,11,31,54,11:31:54,210,Tahap-4
01/23/2025,11,31,54,11:31:54,174,Tahap-4
01/23/2025,11,31,54,11:31:54,160,Tahap-4
01/23/2025,11,31,54,11:31:54,98,Tahap-4
01/23/2025,11,31,54,11:31:54,98,Tahap-4
01/23/2025,11,31,55,11:31:55,39,Tahap-4
01/23/2025,11,31,55,11:31:55,102,Tahap-4
01/23/2025,11,31,55,11:31:55,648,Tahap-4
01/23/2025,11,31,55,11:31:55,317,Tahap-4
01/23/2025,11,31,55,11:31:55,264,Tahap-4
01/23/2025,11,31,55,11:31:55,301,Tahap-4
01/23/2025,11,31,55,11:31:55,262,Tahap-4
01/23/2025,11,31,55,11:31:55,313,Tahap-4
01/23/2025,11,31,55,11:31:55,93,Tahap-4
01/23/2025,11,31,55,11:31:55,31,Tahap-4
01/23/2025,11,31,56,11:31:56,117,Tahap-4
01/23/2025,11,31,56,11:31:56,195,Tahap-4
01/23/2025,11,31,56,11:31:56,117,Tahap-4
01/23/2025,11,31,56,11:31:56,38,Tahap-4
01/23/2025,11,31,56,11:31:56,111,Tahap-4
01/23/2025,11,31,56,11:31:56,235,Tahap-4
01/23/2025,11,31,56,11:31:56,112,Tahap-4
01/23/2025,11,31,56,11:31:56,118,Tahap-4
01/23/2025,11,31,56,11:31:56,80,Tahap-4
01/23/2025,11,31,56,11:31:56,122,Tahap-4
01/23/2025,11,31,57,11:31:57,74,Tahap-4
01/23/2025,11,31,57,11:31:57,92,Tahap-4
01/23/2025,11,31,57,11:31:57,62,Tahap-4
01/23/2025,11,31,57,11:31:57,203,Tahap-4
01/23/2025,11,31,57,11:31:57,208,Tahap-4
01/23/2025,11,31,57,11:31:57,355,Tahap-4
01/23/2025,11,31,57,11:31:57,231,Tahap-4
01/23/2025,11,31,57,11:31:57,449,Tahap-4
01/23/2025,11,31,57,11:31:57,1042,Tahap-4
01/23/2025,11,31,57,11:31:57,657,Tahap-4
01/23/2025,11,31,58,11:31:58,323,Tahap-4
01/23/2025,11,31,58,11:31:58,346,Tahap-4
01/23/2025,11,31,58,11:31:58,141,Tahap-4
01/23/2025,11,31,58,11:31:58,261,Tahap-4
01/23/2025,11,31,58,11:31:58,202,Tahap-4
01/23/2025,11,31,58,11:31:58,154,Tahap-4
01/23/2025,11,31,58,11:31:58,271,Tahap-4
01/23/2025,11,31,58,11:31:58,49,Tahap-4
01/23/2025,11,31,58,11:31:58,195,Tahap-4
01/23/2025,11,31,58,11:31:58,229,Tahap-4
01/23/2025,11,31,59,11:31:59,168,Tahap-4
01/23/2025,11,31,59,11:31:59,173,Tahap-4
01/23/2025,11,31,59,11:31:59,437,Tahap-4
01/23/2025,11,31,59,11:31:59,282,Tahap-4
01/23/2025,11,31,59,11:31:59,357,Tahap-4
01/23/2025,11,31,59,11:31:59,387,Tahap-4
01/23/2025,11,31,59,11:31:59,220,Tahap-4
01/23/2025,11,31,59,11:31:59,206,Tahap-4
01/23/2025,11,31,59,11:31:59,234,Tahap-4
01/23/2025,11,31,59,11:31:59,31,Tahap-4
01/23/2025,11,32,1,11:32:01,162,Tahap-4
01/23/2025,11,32,1,11:32:01,203,Tahap-4
01/23/2025,11,32,1,11:32:01,228,Tahap-4
01/23/2025,11,32,1,11:32:01,149,Tahap-4
01/23/2025,11,32,1,11:32:01,84,Tahap-4
01/23/2025,11,32,1,11:32:01,253,Tahap-4
01/23/2025,11,32,1,11:32:01,424,Tahap-4
01/23/2025,11,32,1,11:32:01,352,Tahap-4
01/23/2025,11,32,1,11:32:01,161,Tahap-4
01/23/2025,11,32,1,11:32:01,372,Tahap-4
01/23/2025,11,32,2,11:32:02,364,Tahap-4
01/23/2025,11,32,2,11:32:02,429,Tahap-4
01/23/2025,11,32,2,11:32:02,468,Tahap-4
01/23/2025,11,32,2,11:32:02,386,Tahap-4
01/23/2025,11,32,2,11:32:02,443,Tahap-4
01/23/2025,11,32,2,11:32:02,583,Tahap-4
01/23/2025,11,32,2,11:32:02,441,Tahap-4
01/23/2025,11,32,2,11:32:02,161,Tahap-4
01/23/2025,11,32,2,11:32:02,193,Tahap-4
01/23/2025,11,32,2,11:32:02,279,Tahap-4
01/23/2025,11,32,3,11:32:03,383,Tahap-4
01/23/2025,11,32,3,11:32:03,342,Tahap-4
01/23/2025,11,32,3,11:32:03,205,Tahap-4
01/23/2025,11,32,3,11:32:03,38,Tahap-4
01/23/2025,11,32,3,11:32:03,126,Tahap-4
01/23/2025,11,32,3,11:32:03,578,Tahap-4
01/23/2025,11,32,3,11:32:03,1446,Tahap-4
01/23/2025,11,32,3,11:32:03,-28,Tahap-4
01/23/2025,11,32,3,11:32:03,120,Tahap-4
01/23/2025,11,32,3,11:32:03,-88,Tahap-4
01/23/2025,11,32,4,11:32:04,128,Tahap-4
01/23/2025,11,32,4,11:32:04,136,Tahap-4
01/23/2025,11,32,4,11:32:04,-20,Tahap-4
01/23/2025,11,32,4,11:32:04,72,Tahap-4
01/23/2025,11,32,4,11:32:04,164,Tahap-4
01/23/2025,11,32,4,11:32:04,12,Tahap-4
01/23/2025,11,32,4,11:32:04,56,Tahap-4
01/23/2025,11,32,4,11:32:04,64,Tahap-4
01/23/2025,11,32,4,11:32:04,68,Tahap-4
01/23/2025,11,32,5,11:32:05,-36,Tahap-4
01/23/2025,11,32,5,11:32:05,132,Tahap-4
01/23/2025,11,32,5,11:32:05,108,Tahap-4
01/23/2025,11,32,5,11:32:05,-8,Tahap-4
01/23/2025,11,32,5,11:32:05,112,Tahap-4
01/23/2025,11,32,5,11:32:05,56,Tahap-4
01/23/2025,11,32,5,11:32:05,80,Tahap-4
01/23/2025,11,32,5,11:32:05,-32,Tahap-4
01/23/2025,11,32,5,11:32:05,100,Tahap-4
01/23/2025,11,32,5,11:32:05,-108,Tahap-4
01/23/2025,11,32,6,11:32:06,60,Tahap-4
01/23/2025,11,32,6,11:32:06,-80,Tahap-4
01/23/2025,11,32,6,11:32:06,84,Tahap-4
01/23/2025,11,32,6,11:32:06,64,Tahap-4
01/23/2025,11,32,6,11:32:06,-96,Tahap-4
01/23/2025,11,32,6,11:32:06,24,Tahap-4
01/23/2025,11,32,6,11:32:06,52,Tahap-4
01/23/2025,11,32,6,11:32:06,-24,Tahap-4
01/23/2025,11,32,6,11:32:06,36,Tahap-4
01/23/2025,11,32,6,11:32:06,20,Tahap-4
01/23/2025,11,32,7,11:32:07,4,Tahap-4
01/23/2025,11,32,7,11:32:07,-56,Tahap-4
01/23/2025,11,32,7,11:32:07,-24,Tahap-4
01/23/2025,11,32,7,11:32:07,-80,Tahap-4
01/23/2025,11,32,7,11:32:07,224,Tahap-4
01/23/2025,11,32,7,11:32:07,-152,Tahap-4
01/23/2025,11,32,7,11:32:07,60,Tahap-4
01/23/2025,11,32,7,11:32:07,4,Tahap-4
01/23/2025,11,32,7,11:32:07,-56,Tahap-4
01/23/2025,11,32,7,11:32:07,-48,Tahap-4
01/23/2025,11,32,8,11:32:08,40,Tahap-4
01/23/2025,11,32,8,11:32:08,-96,Tahap-4
01/23/2025,11,32,8,11:32:08,16,Tahap-4
01/23/2025,11,32,8,11:32:08,-148,Tahap-4
01/23/2025,11,32,8,11:32:08,-52,Tahap-4
01/23/2025,11,32,8,11:32:08,88,Tahap-4
01/23/2025,11,32,8,11:32:08,-72,Tahap-4
01/23/2025,11,32,8,11:32:08,-76,Tahap-4
01/23/2025,11,32,8,11:32:08,112,Tahap-4
01/23/2025,11,32,8,11:32:08,-136,Tahap-4
01/23/2025,11,32,9,11:32:09,-60,Tahap-4
01/23/2025,11,32,9,11:32:09,-12,Tahap-4
01/23/2025,11,32,9,11:32:09,-140,Tahap-4
01/23/2025,11,32,9,11:32:09,-104,Tahap-4
01/23/2025,11,32,9,11:32:09,-140,Tahap-4
01/23/2025,11,32,9,11:32:09,-140,Tahap-4
01/23/2025,11,32,9,11:32:09,12,Tahap-4
01/23/2025,11,32,9,11:32:09,-216,Tahap-4
01/23/2025,11,32,9,11:32:09,56,Tahap-4
01/23/2025,11,32,9,11:32:09,-108,Tahap-4
01/23/2025,11,32,10,11:32:10,-60,Tahap-4
01/23/2025,11,32,10,11:32:10,-244,Tahap-4
01/23/2025,11,32,10,11:32:10,-180,Tahap-4
01/23/2025,11,32,10,11:32:10,-36,Tahap-4
01/23/2025,11,32,10,11:32:10,-296,Tahap-4
01/23/2025,11,32,10,11:32:10,-48,Tahap-4
01/23/2025,11,32,10,11:32:10,-92,Tahap-4
01/23/2025,11,32,10,11:32:10,-224,Tahap-4
01/23/2025,11,32,10,11:32:10,-72,Tahap-4
01/23/2025,11,32,11,11:32:11,44,Tahap-4
01/23/2025,11,32,11,11:32:11,-256,Tahap-4
01/23/2025,11,32,11,11:32:11,-96,Tahap-4
01/23/2025,11,32,11,11:32:11,-156,Tahap-4
01/23/2025,11,32,11,11:32:11,-112,Tahap-4
01/23/2025,11,32,11,11:32:11,-180,Tahap-4
01/23/2025,11,32,11,11:32:11,-160,Tahap-4
01/23/2025,11,32,11,11:32:11,-168,Tahap-4
01/23/2025,11,32,11,11:32:11,60,Tahap-4
01/23/2025,11,32,11,11:32:11,-216,Tahap-4
01/23/2025,11,32,12,11:32:12,-48,Tahap-4
01/23/2025,11,32,12,11:32:12,-84,Tahap-4
01/23/2025,11,32,12,11:32:12,-68,Tahap-4
01/23/2025,11,32,12,11:32:12,-264,Tahap-4
01/23/2025,11,32,12,11:32:12,-56,Tahap-4
01/23/2025,11,32,12,11:32:12,-180,Tahap-4
01/23/2025,11,32,12,11:32:12,-176,Tahap-4
01/23/2025,11,32,12,11:32:12,-204,Tahap-4
01/23/2025,11,32,12,11:32:12,-156,Tahap-4
01/23/2025,11,32,12,11:32:12,12,Tahap-4
01/23/2025,11,32,13,11:32:13,-148,Tahap-4
01/23/2025,11,32,13,11:32:13,-152,Tahap-4
01/23/2025,11,32,13,11:32:13,-36,Tahap-4
01/23/2025,11,32,13,11:32:13,-128,Tahap-4
01/23/2025,11,32,13,11:32:13,-88,Tahap-4
01/23/2025,11,32,13,11:32:13,-188,Tahap-4
01/23/2025,11,32,13,11:32:13,-68,Tahap-4
01/23/2025,11,32,13,11:32:13,-192,Tahap-4
01/23/2025,11,32,14,11:32:14,-140,Tahap-4
01/23/2025,11,32,14,11:32:14,-220,Tahap-4
01/23/2025,11,32,14,11:32:14,148,Tahap-4
01/23/2025,11,32,14,11:32:14,-184,Tahap-4
01/23/2025,11,32,14,11:32:14,-100,Tahap-4
01/23/2025,11,32,14,11:32:14,-32,Tahap-4
01/23/2025,11,32,14,11:32:14,-136,Tahap-4
01/23/2025,11,32,14,11:32:14,-132,Tahap-4
01/23/2025,11,32,14,11:32:14,-12,Tahap-4
01/23/2025,11,32,14,11:32:14,-168,Tahap-4
01/23/2025,11,32,14,11:32:14,-112,Tahap-4
01/23/2025,11,32,14,11:32:14,-192,Tahap-4
01/23/2025,11,32,15,11:32:15,-200,Tahap-4
01/23/2025,11,32,15,11:32:15,-32,Tahap-4
01/23/2025,11,32,15,11:32:15,-68,Tahap-4
01/23/2025,11,32,15,11:32:15,-220,Tahap-4
01/23/2025,11,32,15,11:32:15,-196,Tahap-4
01/23/2025,11,32,15,11:32:15,-184,Tahap-4
01/23/2025,11,32,15,11:32:15,-160,Tahap-4
01/23/2025,11,32,15,11:32:15,-60,Tahap-4
01/23/2025,11,32,15,11:32:15,-296,Tahap-4
01/23/2025,11,32,16,11:32:16,-164,Tahap-4
01/23/2025,11,32,16,11:32:16,-252,Tahap-4
01/23/2025,11,32,16,11:32:16,-92,Tahap-4
01/23/2025,11,32,16,11:32:16,-116,Tahap-4
01/23/2025,11,32,16,11:32:16,-164,Tahap-4
01/23/2025,11,32,16,11:32:16,-96,Tahap-4
01/23/2025,11,32,41,11:32:41,4280,Tahap-4
01/23/2025,11,32,41,11:32:41,2379,Tahap-4
01/23/2025,11,32,41,11:32:41,1673,Tahap-4
01/23/2025,11,32,41,11:32:41,1080,Tahap-4
01/23/2025,11,32,41,11:32:41,978,Tahap-4
01/23/2025,11,32,41,11:32:41,615,Tahap-4
01/23/2025,11,32,41,11:32:41,617,Tahap-4
01/23/2025,11,32,41,11:32:41,606,Tahap-4
01/23/2025,11,32,41,11:32:41,531,Tahap-4
01/23/2025,11,32,41,11:32:41,549,Tahap-4
01/23/2025,11,32,42,11:32:42,433,Tahap-4
01/23/2025,11,32,42,11:32:42,370,Tahap-4
01/23/2025,11,32,42,11:32:42,333,Tahap-4
01/23/2025,11,32,42,11:32:42,312,Tahap-4
01/23/2025,11,32,42,11:32:42,285,Tahap-4
01/23/2025,11,32,42,11:32:42,337,Tahap-4
01/23/2025,11,32,42,11:32:42,320,Tahap-4
01/23/2025,11,32,42,11:32:42,210,Tahap-4
01/23/2025,11,32,42,11:32:42,235,Tahap-4
01/23/2025,11,32,42,11:32:42,141,Tahap-4
01/23/2025,11,32,42,11:32:42,209,Tahap-4
01/23/2025,11,32,43,11:32:43,169,Tahap-4
01/23/2025,11,32,43,11:32:43,632,Tahap-4
01/23/2025,11,32,43,11:32:43,671,Tahap-4
01/23/2025,11,32,43,11:32:43,451,Tahap-4
01/23/2025,11,32,43,11:32:43,324,Tahap-4
01/23/2025,11,32,43,11:32:43,252,Tahap-4
01/23/2025,11,32,43,11:32:43,183,Tahap-4
01/23/2025,11,32,44,11:32:44,200,Tahap-4
01/23/2025,11,32,44,11:32:44,316,Tahap-4
01/23/2025,11,32,44,11:32:44,226,Tahap-4
01/23/2025,11,32,44,11:32:44,165,Tahap-4
01/23/2025,11,32,44,11:32:44,142,Tahap-4
01/23/2025,11,32,44,11:32:44,176,Tahap-4
01/23/2025,11,32,44,11:32:44,232,Tahap-4
01/23/2025,11,32,44,11:32:44,292,Tahap-4
01/23/2025,11,32,44,11:32:44,121,Tahap-4
01/23/2025,11,32,44,11:32:44,220,Tahap-4
01/23/2025,11,32,44,11:32:44,111,Tahap-4
01/23/2025,11,32,44,11:32:44,225,Tahap-4
01/23/2025,11,32,44,11:32:44,150,Tahap-4
01/23/2025,11,32,45,11:32:45,203,Tahap-4
01/23/2025,11,32,45,11:32:45,674,Tahap-4
01/23/2025,11,32,45,11:32:45,169,Tahap-4
01/23/2025,11,32,45,11:32:45,434,Tahap-4
01/23/2025,11,32,45,11:32:45,309,Tahap-4
01/23/2025,11,32,45,11:32:45,174,Tahap-4
01/23/2025,11,32,45,11:32:45,78,Tahap-4
01/23/2025,11,32,45,11:32:45,123,Tahap-4
01/23/2025,11,32,45,11:32:45,213,Tahap-4
01/23/2025,11,32,45,11:32:45,97,Tahap-4
01/23/2025,11,32,46,11:32:46,162,Tahap-4
01/23/2025,11,32,46,11:32:46,70,Tahap-4
01/23/2025,11,32,46,11:32:46,222,Tahap-4
01/23/2025,11,32,46,11:32:46,121,Tahap-4
01/23/2025,11,32,46,11:32:46,73,Tahap-4
01/23/2025,11,32,46,11:32:46,279,Tahap-4
01/23/2025,11,32,46,11:32:46,216,Tahap-4
01/23/2025,11,32,46,11:32:46,170,Tahap-4
01/23/2025,11,32,46,11:32:46,80,Tahap-4
01/23/2025,11,32,46,11:32:46,163,Tahap-4
01/23/2025,11,32,47,11:32:47,62,Tahap-4
01/23/2025,11,32,47,11:32:47,129,Tahap-4
01/23/2025,11,32,47,11:32:47,153,Tahap-4
01/23/2025,11,32,47,11:32:47,206,Tahap-4
01/23/2025,11,32,47,11:32:47,335,Tahap-4
01/23/2025,11,32,47,11:32:47,438,Tahap-4
01/23/2025,11,32,47,11:32:47,947,Tahap-4
01/23/2025,11,32,47,11:32:47,597,Tahap-4
01/23/2025,11,32,47,11:32:47,195,Tahap-4
01/23/2025,11,32,47,11:32:47,692,Tahap-4
01/23/2025,11,32,48,11:32:48,39,Tahap-4
01/23/2025,11,32,48,11:32:48,187,Tahap-4
01/23/2025,11,32,48,11:32:48,84,Tahap-4
01/23/2025,11,32,48,11:32:48,62,Tahap-4
01/23/2025,11,32,48,11:32:48,221,Tahap-4
01/23/2025,11,32,48,11:32:48,155,Tahap-4
01/23/2025,11,32,48,11:32:48,125,Tahap-4
01/23/2025,11,32,48,11:32:48,60,Tahap-4
01/23/2025,11,32,48,11:32:48,78,Tahap-4
01/23/2025,11,32,48,11:32:48,156,Tahap-4
01/23/2025,11,32,49,11:32:49,173,Tahap-4
01/23/2025,11,32,49,11:32:49,108,Tahap-4
01/23/2025,11,32,49,11:32:49,508,Tahap-4
01/23/2025,11,32,49,11:32:49,489,Tahap-4
01/23/2025,11,32,49,11:32:49,181,Tahap-4
01/23/2025,11,32,49,11:32:49,323,Tahap-4
01/23/2025,11,32,49,11:32:49,75,Tahap-4
01/23/2025,11,32,49,11:32:49,297,Tahap-4
01/23/2025,11,32,49,11:32:49,247,Tahap-4
01/23/2025,11,32,49,11:32:49,465,Tahap-4
01/23/2025,11,32,50,11:32:50,1090,Tahap-4
01/23/2025,11,32,50,11:32:50,1116,Tahap-4
01/23/2025,11,32,50,11:32:50,439,Tahap-4
01/23/2025,11,32,50,11:32:50,304,Tahap-4
01/23/2025,11,32,50,11:32:50,221,Tahap-4
01/23/2025,11,32,50,11:32:50,270,Tahap-4
01/23/2025,11,32,50,11:32:50,139,Tahap-4
01/23/2025,11,32,50,11:32:50,182,Tahap-4
01/23/2025,11,32,50,11:32:50,158,Tahap-4
01/23/2025,11,32,50,11:32:50,120,Tahap-4
01/23/2025,11,32,51,11:32:51,163,Tahap-4
01/23/2025,11,32,51,11:32:51,137,Tahap-4
01/23/2025,11,32,51,11:32:51,142,Tahap-4
01/23/2025,11,32,51,11:32:51,214,Tahap-4
01/23/2025,11,32,51,11:32:51,52,Tahap-4
01/23/2025,11,32,51,11:32:51,96,Tahap-4
01/23/2025,11,32,51,11:32:51,190,Tahap-4
01/23/2025,11,32,51,11:32:51,682,Tahap-4
01/23/2025,11,32,51,11:32:51,573,Tahap-4
01/23/2025,11,32,51,11:32:51,270,Tahap-4
01/23/2025,11,32,52,11:32:52,588,Tahap-4
01/23/2025,11,32,52,11:32:52,394,Tahap-4
01/23/2025,11,32,52,11:32:52,313,Tahap-4
01/23/2025,11,32,52,11:32:52,124,Tahap-4
01/23/2025,11,32,52,11:32:52,669,Tahap-4
01/23/2025,11,32,52,11:32:52,487,Tahap-4
01/23/2025,11,32,52,11:32:52,327,Tahap-4
01/23/2025,11,32,52,11:32:52,151,Tahap-4
01/23/2025,11,32,52,11:32:52,60,Tahap-4
01/23/2025,11,32,52,11:32:52,163,Tahap-4
01/23/2025,11,32,53,11:32:53,447,Tahap-4
01/23/2025,11,32,53,11:32:53,153,Tahap-4
01/23/2025,11,32,53,11:32:53,346,Tahap-4
01/23/2025,11,32,53,11:32:53,303,Tahap-4
01/23/2025,11,32,53,11:32:53,190,Tahap-4
01/23/2025,11,32,53,11:32:53,1008,Tahap-4
01/23/2025,11,32,53,11:32:53,112,Tahap-4
01/23/2025,11,32,53,11:32:53,104,Tahap-4
01/23/2025,11,32,53,11:32:53,60,Tahap-4
01/23/2025,11,32,53,11:32:53,-16,Tahap-4
01/23/2025,11,32,54,11:32:54,116,Tahap-4
01/23/2025,11,32,54,11:32:54,32,Tahap-4
01/23/2025,11,32,54,11:32:54,-16,Tahap-4
01/23/2025,11,32,54,11:32:54,20,Tahap-4
01/23/2025,11,32,54,11:32:54,284,Tahap-4
01/23/2025,11,32,54,11:32:54,-144,Tahap-4
01/23/2025,11,32,54,11:32:54,96,Tahap-4
01/23/2025,11,32,54,11:32:54,152,Tahap-4
01/23/2025,11,32,54,11:32:54,64,Tahap-4
01/23/2025,11,32,55,11:32:55,112,Tahap-4
01/23/2025,11,32,55,11:32:55,148,Tahap-4
01/23/2025,11,32,55,11:32:55,84,Tahap-4
01/23/2025,11,32,55,11:32:55,16,Tahap-4
01/23/2025,11,32,55,11:32:55,-24,Tahap-4
01/23/2025,11,32,55,11:32:55,44,Tahap-4
01/23/2025,11,32,55,11:32:55,244,Tahap-4
01/23/2025,11,32,55,11:32:55,80,Tahap-4
01/23/2025,11,32,55,11:32:55,56,Tahap-4
01/23/2025,11,32,55,11:32:55,96,Tahap-4
01/23/2025,11,32,56,11:32:56,32,Tahap-4
01/23/2025,11,32,56,11:32:56,48,Tahap-4
01/23/2025,11,32,56,11:32:56,104,Tahap-4
01/23/2025,11,32,56,11:32:56,12,Tahap-4
01/23/2025,11,32,56,11:32:56,96,Tahap-4
01/23/2025,11,32,56,11:32:56,4,Tahap-4
01/23/2025,11,32,56,11:32:56,12,Tahap-4
01/23/2025,11,32,56,11:32:56,140,Tahap-4
01/23/2025,11,32,56,11:32:56,268,Tahap-4
01/23/2025,11,32,56,11:32:56,-4,Tahap-4
01/23/2025,11,32,57,11:32:57,184,Tahap-4
01/23/2025,11,32,57,11:32:57,100,Tahap-4
01/23/2025,11,32,57,11:32:57,12,Tahap-4
01/23/2025,11,32,57,11:32:57,144,Tahap-4
01/23/2025,11,32,57,11:32:57,40,Tahap-4
01/23/2025,11,32,57,11:32:57,196,Tahap-4
01/23/2025,11,32,57,11:32:57,108,Tahap-4
01/23/2025,11,32,57,11:32:57,-72,Tahap-4
01/23/2025,11,32,57,11:32:57,144,Tahap-4
01/23/2025,11,32,57,11:32:57,192,Tahap-4
01/23/2025,11,32,58,11:32:58,196,Tahap-4
01/23/2025,11,32,58,11:32:58,32,Tahap-4
01/23/2025,11,32,58,11:32:58,232,Tahap-4
01/23/2025,11,32,58,11:32:58,-20,Tahap-4
01/23/2025,11,32,58,11:32:58,172,Tahap-4
01/23/2025,11,32,58,11:32:58,124,Tahap-4
01/23/2025,11,32,58,11:32:58,136,Tahap-4
01/23/2025,11,32,58,11:32:58,-24,Tahap-4
01/23/2025,11,32,58,11:32:58,168,Tahap-4
01/23/2025,11,32,59,11:32:59,76,Tahap-4
01/23/2025,11,32,59,11:32:59,128,Tahap-4
01/23/2025,11,32,59,11:32:59,184,Tahap-4
01/23/2025,11,32,59,11:32:59,108,Tahap-4
01/23/2025,11,32,59,11:32:59,124,Tahap-4
01/23/2025,11,32,59,11:32:59,80,Tahap-4
01/23/2025,11,32,59,11:32:59,36,Tahap-4
01/23/2025,11,32,59,11:32:59,68,Tahap-4
01/23/2025,11,32,59,11:32:59,272,Tahap-4
01/23/2025,11,32,59,11:32:59,-92,Tahap-4
01/23/2025,11,33,1,11:33:01,88,Tahap-4
01/23/2025,11,33,1,11:33:01,84,Tahap-4
01/23/2025,11,33,1,11:33:01,208,Tahap-4
01/23/2025,11,33,1,11:33:01,64,Tahap-4
01/23/2025,11,33,1,11:33:01,84,Tahap-4
01/23/2025,11,33,1,11:33:01,164,Tahap-4
01/23/2025,11,33,1,11:33:01,124,Tahap-4
01/23/2025,11,33,1,11:33:01,104,Tahap-4
01/23/2025,11,33,1,11:33:01,-28,Tahap-4
01/23/2025,11,33,1,11:33:01,188,Tahap-4
01/23/2025,11,33,2,11:33:02,100,Tahap-4
01/23/2025,11,33,2,11:33:02,-28,Tahap-4
01/23/2025,11,33,2,11:33:02,240,Tahap-4
01/23/2025,11,33,2,11:33:02,96,Tahap-4
01/23/2025,11,33,2,11:33:02,88,Tahap-4
01/23/2025,11,33,2,11:33:02,120,Tahap-4
01/23/2025,11,33,2,11:33:02,128,Tahap-4
01/23/2025,11,33,2,11:33:02,48,Tahap-4
01/23/2025,11,33,2,11:33:02,200,Tahap-4
01/23/2025,11,33,2,11:33:02,-8,Tahap-4
01/23/2025,11,33,3,11:33:03,144,Tahap-4
01/23/2025,11,33,3,11:33:03,172,Tahap-4
01/23/2025,11,33,3,11:33:03,-28,Tahap-4
01/23/2025,11,33,3,11:33:03,176,Tahap-4
01/23/2025,11,33,3,11:33:03,224,Tahap-4
01/23/2025,11,33,3,11:33:03,76,Tahap-4
01/23/2025,11,33,3,11:33:03,100,Tahap-4
01/23/2025,11,33,3,11:33:03,176,Tahap-4
01/23/2025,11,33,3,11:33:03,40,Tahap-4
01/23/2025,11,33,3,11:33:03,100,Tahap-4
01/23/2025,11,33,4,11:33:04,28,Tahap-4
01/23/2025,11,33,4,11:33:04,80,Tahap-4
01/23/2025,11,33,4,11:33:04,192,Tahap-4
01/23/2025,11,33,4,11:33:04,-4,Tahap-4
01/23/2025,11,33,4,11:33:04,164,Tahap-4
01/23/2025,11,33,4,11:33:04,124,Tahap-4
01/23/2025,11,33,4,11:33:04,172,Tahap-4
01/23/2025,11,33,4,11:33:04,8,Tahap-4
01/23/2025,11,33,4,11:33:04,140,Tahap-4
01/23/2025,11,33,4,11:33:04,48,Tahap-4
01/23/2025,11,33,5,11:33:05,128,Tahap-4
01/23/2025,11,33,5,11:33:05,24,Tahap-4
01/23/2025,11,33,5,11:33:05,112,Tahap-4
01/23/2025,11,33,5,11:33:05,176,Tahap-4
01/23/2025,11,33,5,11:33:05,-12,Tahap-4
01/23/2025,11,33,5,11:33:05,204,Tahap-4
01/23/2025,11,33,5,11:33:05,104,Tahap-4
01/23/2025,11,33,5,11:33:05,104,Tahap-4
01/23/2025,11,33,5,11:33:05,140,Tahap-4
01/23/2025,11,33,5,11:33:05,148,Tahap-4
01/23/2025,11,33,6,11:33:06,48,Tahap-4
01/23/2025,11,33,6,11:33:06,136,Tahap-4
01/23/2025,11,33,6,11:33:06,-12,Tahap-4
01/23/2025,11,33,6,11:33:06,152,Tahap-4
01/23/2025,11,33,6,11:33:06,204,Tahap-4
01/23/2025,11,33,30,11:33:30,4105,Tahap-4
01/23/2025,11,33,31,11:33:31,514,Tahap-4
01/23/2025,11,33,31,11:33:31,386,Tahap-4
01/23/2025,11,33,31,11:33:31,122,Tahap-4
01/23/2025,11,33,31,11:33:31,271,Tahap-4
01/23/2025,11,33,31,11:33:31,30,Tahap-4
01/23/2025,11,33,31,11:33:31,428,Tahap-4
01/23/2025,11,33,31,11:33:31,129,Tahap-4
01/23/2025,11,33,31,11:33:31,106,Tahap-4
01/23/2025,11,33,31,11:33:31,60,Tahap-4
01/23/2025,11,33,31,11:33:31,118,Tahap-4
01/23/2025,11,33,32,11:33:32,39,Tahap-4
01/23/2025,11,33,32,11:33:32,62,Tahap-4
01/23/2025,11,33,32,11:33:32,185,Tahap-4
01/23/2025,11,33,32,11:33:32,136,Tahap-4
01/23/2025,11,33,32,11:33:32,178,Tahap-4
01/23/2025,11,33,32,11:33:32,158,Tahap-4
01/23/2025,11,33,32,11:33:32,56,Tahap-4
01/23/2025,11,33,32,11:33:32,182,Tahap-4
01/23/2025,11,33,32,11:33:32,83,Tahap-4
01/23/2025,11,33,32,11:33:32,217,Tahap-4
01/23/2025,11,33,33,11:33:33,483,Tahap-4
01/23/2025,11,33,33,11:33:33,389,Tahap-4
01/23/2025,11,33,33,11:33:33,638,Tahap-4
01/23/2025,11,33,33,11:33:33,249,Tahap-4
01/23/2025,11,33,33,11:33:33,71,Tahap-4
01/23/2025,11,33,33,11:33:33,97,Tahap-4
01/23/2025,11,33,33,11:33:33,133,Tahap-4
01/23/2025,11,33,33,11:33:33,23,Tahap-4
01/23/2025,11,33,33,11:33:33,152,Tahap-4
01/23/2025,11,33,33,11:33:33,36,Tahap-4
01/23/2025,11,33,34,11:33:34,92,Tahap-4
01/23/2025,11,33,34,11:33:34,66,Tahap-4
01/23/2025,11,33,34,11:33:34,68,Tahap-4
01/23/2025,11,33,34,11:33:34,177,Tahap-4
01/23/2025,11,33,34,11:33:34,188,Tahap-4
01/23/2025,11,33,34,11:33:34,96,Tahap-4
01/23/2025,11,33,34,11:33:34,33,Tahap-4
01/23/2025,11,33,34,11:33:34,163,Tahap-4
01/23/2025,11,33,34,11:33:34,78,Tahap-4
01/23/2025,11,33,34,11:33:34,210,Tahap-4
01/23/2025,11,33,35,11:33:35,238,Tahap-4
01/23/2025,11,33,35,11:33:35,519,Tahap-4
01/23/2025,11,33,35,11:33:35,113,Tahap-4
01/23/2025,11,33,35,11:33:35,225,Tahap-4
01/23/2025,11,33,35,11:33:35,398,Tahap-4
01/23/2025,11,33,35,11:33:35,183,Tahap-4
01/23/2025,11,33,35,11:33:35,104,Tahap-4
01/23/2025,11,33,35,11:33:35,66,Tahap-4
01/23/2025,11,33,35,11:33:35,47,Tahap-4
01/23/2025,11,33,35,11:33:35,24,Tahap-4
01/23/2025,11,33,36,11:33:36,16,Tahap-4
01/23/2025,11,33,36,11:33:36,51,Tahap-4
01/23/2025,11,33,36,11:33:36,43,Tahap-4
01/23/2025,11,33,36,11:33:36,62,Tahap-4
01/23/2025,11,33,36,11:33:36,18,Tahap-4
01/23/2025,11,33,36,11:33:36,18,Tahap-4
01/23/2025,11,33,36,11:33:36,87,Tahap-4
01/23/2025,11,33,36,11:33:36,55,Tahap-4
01/23/2025,11,33,36,11:33:36,84,Tahap-4
01/23/2025,11,33,36,11:33:36,65,Tahap-4
01/23/2025,11,33,37,11:33:37,113,Tahap-4
01/23/2025,11,33,37,11:33:37,93,Tahap-4
01/23/2025,11,33,37,11:33:37,140,Tahap-4
01/23/2025,11,33,37,11:33:37,182,Tahap-4
01/23/2025,11,33,37,11:33:37,84,Tahap-4
01/23/2025,11,33,37,11:33:37,121,Tahap-4
01/23/2025,11,33,37,11:33:37,166,Tahap-4
01/23/2025,11,33,37,11:33:37,1095,Tahap-4
01/23/2025,11,33,37,11:33:37,813,Tahap-4
01/23/2025,11,33,37,11:33:37,462,Tahap-4
01/23/2025,11,33,38,11:33:38,276,Tahap-4
01/23/2025,11,33,38,11:33:38,154,Tahap-4
01/23/2025,11,33,38,11:33:38,156,Tahap-4
01/23/2025,11,33,38,11:33:38,130,Tahap-4
01/23/2025,11,33,38,11:33:38,229,Tahap-4
01/23/2025,11,33,38,11:33:38,202,Tahap-4
01/23/2025,11,33,38,11:33:38,68,Tahap-4
01/23/2025,11,33,38,11:33:38,51,Tahap-4
01/23/2025,11,33,38,11:33:38,54,Tahap-4
01/23/2025,11,33,38,11:33:38,49,Tahap-4
01/23/2025,11,33,39,11:33:39,74,Tahap-4
01/23/2025,11,33,39,11:33:39,16,Tahap-4
01/23/2025,11,33,39,11:33:39,115,Tahap-4
01/23/2025,11,33,39,11:33:39,523,Tahap-4
01/23/2025,11,33,39,11:33:39,222,Tahap-4
01/23/2025,11,33,39,11:33:39,75,Tahap-4
01/23/2025,11,33,39,11:33:39,169,Tahap-4
01/23/2025,11,33,39,11:33:39,436,Tahap-4
01/23/2025,11,33,39,11:33:39,237,Tahap-4
01/23/2025,11,33,39,11:33:39,301,Tahap-4
01/23/2025,11,33,40,11:33:40,758,Tahap-4
01/23/2025,11,33,40,11:33:40,1199,Tahap-4
01/23/2025,11,33,40,11:33:40,372,Tahap-4
01/23/2025,11,33,40,11:33:40,164,Tahap-4
01/23/2025,11,33,40,11:33:40,117,Tahap-4
01/23/2025,11,33,40,11:33:40,223,Tahap-4
01/23/2025,11,33,40,11:33:40,152,Tahap-4
01/23/2025,11,33,40,11:33:40,198,Tahap-4
01/23/2025,11,33,40,11:33:40,78,Tahap-4
01/23/2025,11,33,40,11:33:40,222,Tahap-4
01/23/2025,11,33,40,11:33:40,212,Tahap-4
01/23/2025,11,33,41,11:33:41,165,Tahap-4
01/23/2025,11,33,41,11:33:41,130,Tahap-4
01/23/2025,11,33,41,11:33:41,112,Tahap-4
01/23/2025,11,33,41,11:33:41,38,Tahap-4
01/23/2025,11,33,41,11:33:41,147,Tahap-4
01/23/2025,11,33,41,11:33:41,377,Tahap-4
01/23/2025,11,33,41,11:33:41,347,Tahap-4
01/23/2025,11,33,41,11:33:41,476,Tahap-4
01/23/2025,11,33,41,11:33:41,357,Tahap-4
01/23/2025,11,33,41,11:33:41,242,Tahap-4
01/23/2025,11,33,42,11:33:42,270,Tahap-4
01/23/2025,11,33,42,11:33:42,594,Tahap-4
01/23/2025,11,33,42,11:33:42,621,Tahap-4
01/23/2025,11,33,42,11:33:42,195,Tahap-4
01/23/2025,11,33,42,11:33:42,265,Tahap-4
01/23/2025,11,33,42,11:33:42,554,Tahap-4
01/23/2025,11,33,42,11:33:42,191,Tahap-4
01/23/2025,11,33,42,11:33:42,354,Tahap-4
01/23/2025,11,33,42,11:33:42,473,Tahap-4
01/23/2025,11,33,42,11:33:42,493,Tahap-4
01/23/2025,11,33,43,11:33:43,356,Tahap-4
01/23/2025,11,33,43,11:33:43,392,Tahap-4
01/23/2025,11,33,43,11:33:43,324,Tahap-4
01/23/2025,11,33,43,11:33:43,384,Tahap-4
01/23/2025,11,33,43,11:33:43,734,Tahap-4
01/23/2025,11,33,43,11:33:43,176,Tahap-4
01/23/2025,11,33,43,11:33:43,180,Tahap-4
01/23/2025,11,33,44,11:33:44,80,Tahap-4
01/23/2025,11,33,44,11:33:44,216,Tahap-4
01/23/2025,11,33,44,11:33:44,100,Tahap-4
01/23/2025,11,33,44,11:33:44,144,Tahap-4
01/23/2025,11,33,44,11:33:44,40,Tahap-4
01/23/2025,11,33,44,11:33:44,220,Tahap-4
01/23/2025,11,33,44,11:33:44,192,Tahap-4
01/23/2025,11,33,44,11:33:44,92,Tahap-4
01/23/2025,11,33,44,11:33:44,188,Tahap-4
01/23/2025,11,33,44,11:33:44,200,Tahap-4
01/23/2025,11,33,44,11:33:44,72,Tahap-4
01/23/2025,11,33,44,11:33:44,172,Tahap-4
01/23/2025,11,33,44,11:33:44,48,Tahap-4
01/23/2025,11,33,45,11:33:45,164,Tahap-4
01/23/2025,11,33,45,11:33:45,44,Tahap-4
01/23/2025,11,33,45,11:33:45,124,Tahap-4
01/23/2025,11,33,45,11:33:45,84,Tahap-4
01/23/2025,11,33,45,11:33:45,308,Tahap-4
01/23/2025,11,33,45,11:33:45,-36,Tahap-4
01/23/2025,11,33,45,11:33:45,212,Tahap-4
01/23/2025,11,33,45,11:33:45,116,Tahap-4
01/23/2025,11,33,45,11:33:45,84,Tahap-4
01/23/2025,11,33,45,11:33:45,136,Tahap-4
01/23/2025,11,33,46,11:33:46,224,Tahap-4
01/23/2025,11,33,46,11:33:46,44,Tahap-4
01/23/2025,11,33,46,11:33:46,168,Tahap-4
01/23/2025,11,33,46,11:33:46,-12,Tahap-4
01/23/2025,11,33,46,11:33:46,140,Tahap-4
01/23/2025,11,33,46,11:33:46,228,Tahap-4
01/23/2025,11,33,46,11:33:46,132,Tahap-4
01/23/2025,11,33,46,11:33:46,112,Tahap-4
01/23/2025,11,33,46,11:33:46,256,Tahap-4
01/23/2025,11,33,46,11:33:46,12,Tahap-4
01/23/2025,11,33,47,11:33:47,120,Tahap-4
01/23/2025,11,33,47,11:33:47,132,Tahap-4
01/23/2025,11,33,47,11:33:47,176,Tahap-4
01/23/2025,11,33,47,11:33:47,24,Tahap-4
01/23/2025,11,33,47,11:33:47,56,Tahap-4
01/23/2025,11,33,47,11:33:47,44,Tahap-4
01/23/2025,11,33,47,11:33:47,284,Tahap-4
01/23/2025,11,33,47,11:33:47,40,Tahap-4
01/23/2025,11,33,47,11:33:47,220,Tahap-4
01/23/2025,11,33,47,11:33:47,144,Tahap-4
01/23/2025,11,33,48,11:33:48,128,Tahap-4
01/23/2025,11,33,48,11:33:48,-16,Tahap-4
01/23/2025,11,33,48,11:33:48,172,Tahap-4
01/23/2025,11,33,48,11:33:48,52,Tahap-4
01/23/2025,11,33,48,11:33:48,132,Tahap-4
01/23/2025,11,33,48,11:33:48,-48,Tahap-4
01/23/2025,11,33,48,11:33:48,100,Tahap-4
01/23/2025,11,33,48,11:33:48,172,Tahap-4
01/23/2025,11,33,48,11:33:48,84,Tahap-4
01/23/2025,11,33,48,11:33:48,76,Tahap-4
01/23/2025,11,33,49,11:33:49,256,Tahap-4
01/23/2025,11,33,49,11:33:49,-12,Tahap-4
01/23/2025,11,33,49,11:33:49,84,Tahap-4
01/23/2025,11,33,49,11:33:49,24,Tahap-4
01/23/2025,11,33,49,11:33:49,52,Tahap-4
01/23/2025,11,33,49,11:33:49,36,Tahap-4
01/23/2025,11,33,49,11:33:49,16,Tahap-4
01/23/2025,11,33,49,11:33:49,-8,Tahap-4
01/23/2025,11,33,49,11:33:49,212,Tahap-4
01/23/2025,11,33,49,11:33:49,-32,Tahap-4
01/23/2025,11,33,50,11:33:50,100,Tahap-4
01/23/2025,11,33,50,11:33:50,144,Tahap-4
01/23/2025,11,33,50,11:33:50,132,Tahap-4
01/23/2025,11,33,50,11:33:50,-80,Tahap-4
01/23/2025,11,33,50,11:33:50,152,Tahap-4
01/23/2025,11,33,50,11:33:50,-48,Tahap-4
01/23/2025,11,33,50,11:33:50,64,Tahap-4
01/23/2025,11,33,50,11:33:50,-60,Tahap-4
01/23/2025,11,33,50,11:33:50,48,Tahap-4
01/23/2025,11,33,50,11:33:50,164,Tahap-4
01/23/2025,11,33,51,11:33:51,-8,Tahap-4
01/23/2025,11,33,51,11:33:51,32,Tahap-4
01/23/2025,11,33,51,11:33:51,108,Tahap-4
01/23/2025,11,33,51,11:33:51,4,Tahap-4
01/23/2025,11,33,51,11:33:51,36,Tahap-4
01/23/2025,11,33,51,11:33:51,-28,Tahap-4
01/23/2025,11,33,51,11:33:51,4,Tahap-4
01/23/2025,11,33,51,11:33:51,-72,Tahap-4
01/23/2025,11,33,51,11:33:51,8,Tahap-4
01/23/2025,11,33,51,11:33:51,-96,Tahap-4
01/23/2025,11,33,52,11:33:52,212,Tahap-4
01/23/2025,11,33,52,11:33:52,-132,Tahap-4
01/23/2025,11,33,52,11:33:52,12,Tahap-4
01/23/2025,11,33,52,11:33:52,32,Tahap-4
01/23/2025,11,33,52,11:33:52,-32,Tahap-4
01/23/2025,11,33,52,11:33:52,-80,Tahap-4
01/23/2025,11,33,52,11:33:52,32,Tahap-4
01/23/2025,11,33,52,11:33:52,-136,Tahap-4
01/23/2025,11,33,52,11:33:52,-56,Tahap-4
01/23/2025,11,33,52,11:33:52,-128,Tahap-4
01/23/2025,11,33,53,11:33:53,-92,Tahap-4
01/23/2025,11,33,53,11:33:53,84,Tahap-4
01/23/2025,11,33,53,11:33:53,-40,Tahap-4
01/23/2025,11,33,53,11:33:53,-104,Tahap-4
01/23/2025,11,33,53,11:33:53,52,Tahap-4
01/23/2025,11,33,53,11:33:53,-84,Tahap-4
01/23/2025,11,33,53,11:33:53,-120,Tahap-4
01/23/2025,11,33,53,11:33:53,-24,Tahap-4
01/23/2025,11,33,53,11:33:53,-28,Tahap-4
01/23/2025,11,33,53,11:33:53,-168,Tahap-4
01/23/2025,11,33,54,11:33:54,-68,Tahap-4
01/23/2025,11,33,54,11:33:54,-208,Tahap-4
01/23/2025,11,33,54,11:33:54,100,Tahap-4
01/23/2025,11,33,54,11:33:54,-160,Tahap-4
01/23/2025,11,33,54,11:33:54,-12,Tahap-4
01/23/2025,11,33,54,11:33:54,-64,Tahap-4
01/23/2025,11,33,54,11:33:54,-72,Tahap-4
01/23/2025,11,33,54,11:33:54,-200,Tahap-4
01/23/2025,11,33,54,11:33:54,-24,Tahap-4
01/23/2025,11,33,54,11:33:54,-208,Tahap-4
01/23/2025,11,33,55,11:33:55,-8,Tahap-4
01/23/2025,11,33,55,11:33:55,-328,Tahap-4
01/23/2025,11,33,55,11:33:55,44,Tahap-4
01/23/2025,11,33,55,11:33:55,-204,Tahap-4
01/23/2025,11,33,55,11:33:55,-56,Tahap-4
01/23/2025,11,33,55,11:33:55,-144,Tahap-4
01/23/2025,11,33,55,11:33:55,12,Tahap-4
01/23/2025,11,33,55,11:33:55,-248,Tahap-4
01/23/2025,11,33,55,11:33:55,-16,Tahap-4
01/23/2025,11,33,55,11:33:55,-228,Tahap-4
01/23/2025,11,33,56,11:33:56,-196,Tahap-4
01/23/2025,11,33,56,11:33:56,-196,Tahap-4
01/23/2025,11,33,56,11:33:56,-184,Tahap-4
01/23/2025,11,33,56,11:33:56,-132,Tahap-4
01/23/2025,11,34,20,11:34:20,4970,Tahap-4
01/23/2025,11,34,20,11:34:20,1937,Tahap-4
01/23/2025,11,34,21,11:34:21,1144,Tahap-4
01/23/2025,11,34,21,11:34:21,260,Tahap-4
01/23/2025,11,34,21,11:34:21,523,Tahap-4
01/23/2025,11,34,21,11:34:21,401,Tahap-4
01/23/2025,11,34,21,11:34:21,420,Tahap-4
01/23/2025,11,34,21,11:34:21,374,Tahap-4
01/23/2025,11,34,21,11:34:21,524,Tahap-4
01/23/2025,11,34,21,11:34:21,203,Tahap-4
01/23/2025,11,34,21,11:34:21,375,Tahap-4
01/23/2025,11,34,21,11:34:21,371,Tahap-4
01/23/2025,11,34,22,11:34:22,259,Tahap-4
01/23/2025,11,34,22,11:34:22,252,Tahap-4
01/23/2025,11,34,22,11:34:22,121,Tahap-4
01/23/2025,11,34,22,11:34:22,156,Tahap-4
01/23/2025,11,34,22,11:34:22,167,Tahap-4
01/23/2025,11,34,22,11:34:22,227,Tahap-4
01/23/2025,11,34,22,11:34:22,148,Tahap-4
01/23/2025,11,34,22,11:34:22,20,Tahap-4
01/23/2025,11,34,22,11:34:22,240,Tahap-4
01/23/2025,11,34,22,11:34:22,490,Tahap-4
01/23/2025,11,34,23,11:34:23,888,Tahap-4
01/23/2025,11,34,23,11:34:23,562,Tahap-4
01/23/2025,11,34,23,11:34:23,224,Tahap-4
01/23/2025,11,34,23,11:34:23,208,Tahap-4
01/23/2025,11,34,23,11:34:23,252,Tahap-4
01/23/2025,11,34,23,11:34:23,218,Tahap-4
01/23/2025,11,34,23,11:34:23,88,Tahap-4
01/23/2025,11,34,23,11:34:23,263,Tahap-4
01/23/2025,11,34,23,11:34:23,153,Tahap-4
01/23/2025,11,34,23,11:34:23,140,Tahap-4
01/23/2025,11,34,24,11:34:24,260,Tahap-4
01/23/2025,11,34,24,11:34:24,78,Tahap-4
01/23/2025,11,34,24,11:34:24,153,Tahap-4
01/23/2025,11,34,24,11:34:24,221,Tahap-4
01/23/2025,11,34,24,11:34:24,137,Tahap-4
01/23/2025,11,34,24,11:34:24,78,Tahap-4
01/23/2025,11,34,24,11:34:24,156,Tahap-4
01/23/2025,11,34,24,11:34:24,84,Tahap-4
01/23/2025,11,34,24,11:34:24,115,Tahap-4
01/23/2025,11,34,24,11:34:24,224,Tahap-4
01/23/2025,11,34,25,11:34:25,704,Tahap-4
01/23/2025,11,34,25,11:34:25,206,Tahap-4
01/23/2025,11,34,25,11:34:25,280,Tahap-4
01/23/2025,11,34,25,11:34:25,417,Tahap-4
01/23/2025,11,34,25,11:34:25,237,Tahap-4
01/23/2025,11,34,25,11:34:25,73,Tahap-4
01/23/2025,11,34,25,11:34:25,36,Tahap-4
01/23/2025,11,34,25,11:34:25,60,Tahap-4
01/23/2025,11,34,25,11:34:25,96,Tahap-4
01/23/2025,11,34,25,11:34:25,28,Tahap-4
01/23/2025,11,34,26,11:34:26,49,Tahap-4
01/23/2025,11,34,26,11:34:26,53,Tahap-4
01/23/2025,11,34,26,11:34:26,19,Tahap-4
01/23/2025,11,34,26,11:34:26,135,Tahap-4
01/23/2025,11,34,26,11:34:26,34,Tahap-4
01/23/2025,11,34,26,11:34:26,69,Tahap-4
01/23/2025,11,34,26,11:34:26,141,Tahap-4
01/23/2025,11,34,26,11:34:26,74,Tahap-4
01/23/2025,11,34,26,11:34:26,90,Tahap-4
01/23/2025,11,34,26,11:34:26,39,Tahap-4
01/23/2025,11,34,27,11:34:27,71,Tahap-4
01/23/2025,11,34,27,11:34:27,190,Tahap-4
01/23/2025,11,34,27,11:34:27,319,Tahap-4
01/23/2025,11,34,27,11:34:27,225,Tahap-4
01/23/2025,11,34,27,11:34:27,143,Tahap-4
01/23/2025,11,34,27,11:34:27,667,Tahap-4
01/23/2025,11,34,27,11:34:27,1472,Tahap-4
01/23/2025,11,34,27,11:34:27,305,Tahap-4
01/23/2025,11,34,27,11:34:27,230,Tahap-4
01/23/2025,11,34,27,11:34:27,237,Tahap-4
01/23/2025,11,34,28,11:34:28,161,Tahap-4
01/23/2025,11,34,28,11:34:28,159,Tahap-4
01/23/2025,11,34,28,11:34:28,34,Tahap-4
01/23/2025,11,34,28,11:34:28,16,Tahap-4
01/23/2025,11,34,28,11:34:28,127,Tahap-4
01/23/2025,11,34,28,11:34:28,107,Tahap-4
01/23/2025,11,34,28,11:34:28,130,Tahap-4
01/23/2025,11,34,28,11:34:28,111,Tahap-4
01/23/2025,11,34,28,11:34:28,98,Tahap-4
01/23/2025,11,34,28,11:34:28,42,Tahap-4
01/23/2025,11,34,29,11:34:29,199,Tahap-4
01/23/2025,11,34,29,11:34:29,151,Tahap-4
01/23/2025,11,34,29,11:34:29,86,Tahap-4
01/23/2025,11,34,29,11:34:29,645,Tahap-4
01/23/2025,11,34,29,11:34:29,573,Tahap-4
01/23/2025,11,34,29,11:34:29,493,Tahap-4
01/23/2025,11,34,29,11:34:29,945,Tahap-4
01/23/2025,11,34,29,11:34:29,707,Tahap-4
01/23/2025,11,34,29,11:34:29,689,Tahap-4
01/23/2025,11,34,29,11:34:29,812,Tahap-4
01/23/2025,11,34,30,11:34:30,1161,Tahap-4
01/23/2025,11,34,30,11:34:30,280,Tahap-4
01/23/2025,11,34,30,11:34:30,99,Tahap-4
01/23/2025,11,34,30,11:34:30,309,Tahap-4
01/23/2025,11,34,30,11:34:30,381,Tahap-4
01/23/2025,11,34,30,11:34:30,141,Tahap-4
01/23/2025,11,34,30,11:34:30,76,Tahap-4
01/23/2025,11,34,30,11:34:30,109,Tahap-4
01/23/2025,11,34,30,11:34:30,223,Tahap-4
01/23/2025,11,34,30,11:34:30,162,Tahap-4
01/23/2025,11,34,31,11:34:31,113,Tahap-4
01/23/2025,11,34,31,11:34:31,104,Tahap-4
01/23/2025,11,34,31,11:34:31,65,Tahap-4
01/23/2025,11,34,31,11:34:31,100,Tahap-4
01/23/2025,11,34,31,11:34:31,186,Tahap-4
01/23/2025,11,34,31,11:34:31,385,Tahap-4
01/23/2025,11,34,31,11:34:31,155,Tahap-4
01/23/2025,11,34,31,11:34:31,1400,Tahap-4
01/23/2025,11,34,31,11:34:31,875,Tahap-4
01/23/2025,11,34,31,11:34:31,1052,Tahap-4
01/23/2025,11,34,32,11:34:32,598,Tahap-4
01/23/2025,11,34,32,11:34:32,172,Tahap-4
01/23/2025,11,34,32,11:34:32,121,Tahap-4
01/23/2025,11,34,32,11:34:32,482,Tahap-4
01/23/2025,11,34,32,11:34:32,551,Tahap-4
01/23/2025,11,34,32,11:34:32,243,Tahap-4
01/23/2025,11,34,32,11:34:32,193,Tahap-4
01/23/2025,11,34,32,11:34:32,233,Tahap-4
01/23/2025,11,34,32,11:34:32,281,Tahap-4
01/23/2025,11,34,32,11:34:32,109,Tahap-4
01/23/2025,11,34,33,11:34:33,162,Tahap-4
01/23/2025,11,34,33,11:34:33,94,Tahap-4
01/23/2025,11,34,33,11:34:33,147,Tahap-4
01/23/2025,11,34,33,11:34:33,187,Tahap-4
01/23/2025,11,34,33,11:34:33,1023,Tahap-4
01/23/2025,11,34,33,11:34:33,24,Tahap-4
01/23/2025,11,34,33,11:34:33,-160,Tahap-4
01/23/2025,11,34,33,11:34:33,-112,Tahap-4
01/23/2025,11,34,33,11:34:33,-68,Tahap-4
01/23/2025,11,34,33,11:34:33,-72,Tahap-4
01/23/2025,11,34,34,11:34:34,-8,Tahap-4
01/23/2025,11,34,34,11:34:34,-144,Tahap-4
01/23/2025,11,34,34,11:34:34,-68,Tahap-4
01/23/2025,11,34,34,11:34:34,-20,Tahap-4
01/23/2025,11,34,34,11:34:34,-12,Tahap-4
01/23/2025,11,34,34,11:34:34,-236,Tahap-4
01/23/2025,11,34,34,11:34:34,12,Tahap-4
01/23/2025,11,34,34,11:34:34,-164,Tahap-4
01/23/2025,11,34,34,11:34:34,-176,Tahap-4
01/23/2025,11,34,34,11:34:34,-84,Tahap-4
01/23/2025,11,34,35,11:34:35,-60,Tahap-4
01/23/2025,11,34,35,11:34:35,-168,Tahap-4
01/23/2025,11,34,35,11:34:35,-48,Tahap-4
01/23/2025,11,34,35,11:34:35,-236,Tahap-4
01/23/2025,11,34,35,11:34:35,-8,Tahap-4
01/23/2025,11,34,35,11:34:35,-28,Tahap-4
01/23/2025,11,34,35,11:34:35,-148,Tahap-4
01/23/2025,11,34,35,11:34:35,-156,Tahap-4
01/23/2025,11,34,35,11:34:35,-108,Tahap-4
01/23/2025,11,34,35,11:34:35,-256,Tahap-4
01/23/2025,11,34,36,11:34:36,-152,Tahap-4
01/23/2025,11,34,36,11:34:36,-16,Tahap-4
01/23/2025,11,34,36,11:34:36,-176,Tahap-4
01/23/2025,11,34,36,11:34:36,-132,Tahap-4
01/23/2025,11,34,36,11:34:36,-220,Tahap-4
01/23/2025,11,34,36,11:34:36,-80,Tahap-4
01/23/2025,11,34,36,11:34:36,-128,Tahap-4
01/23/2025,11,34,36,11:34:36,-200,Tahap-4
01/23/2025,11,34,36,11:34:36,-40,Tahap-4
01/23/2025,11,34,36,11:34:36,-192,Tahap-4
01/23/2025,11,34,37,11:34:37,-132,Tahap-4
01/23/2025,11,34,37,11:34:37,-256,Tahap-4
01/23/2025,11,34,37,11:34:37,-104,Tahap-4
01/23/2025,11,34,37,11:34:37,-132,Tahap-4
01/23/2025,11,34,37,11:34:37,-148,Tahap-4
01/23/2025,11,34,37,11:34:37,-244,Tahap-4
01/23/2025,11,34,37,11:34:37,12,Tahap-4
01/23/2025,11,34,37,11:34:37,-184,Tahap-4
01/23/2025,11,34,37,11:34:37,-184,Tahap-4
01/23/2025,11,34,37,11:34:37,-48,Tahap-4
01/23/2025,11,34,37,11:34:37,-140,Tahap-4
01/23/2025,11,34,38,11:34:38,-244,Tahap-4
01/23/2025,11,34,38,11:34:38,-48,Tahap-4
01/23/2025,11,34,38,11:34:38,-232,Tahap-4
01/23/2025,11,34,38,11:34:38,-44,Tahap-4
01/23/2025,11,34,38,11:34:38,-144,Tahap-4
01/23/2025,11,34,38,11:34:38,-200,Tahap-4
01/23/2025,11,34,38,11:34:38,-108,Tahap-4
01/23/2025,11,34,38,11:34:38,-200,Tahap-4
01/23/2025,11,34,38,11:34:38,-44,Tahap-4
01/23/2025,11,34,39,11:34:39,-64,Tahap-4
01/23/2025,11,34,39,11:34:39,-244,Tahap-4
01/23/2025,11,34,39,11:34:39,-168,Tahap-4
01/23/2025,11,34,39,11:34:39,-132,Tahap-4
01/23/2025,11,34,39,11:34:39,-216,Tahap-4
01/23/2025,11,34,39,11:34:39,-48,Tahap-4
01/23/2025,11,34,39,11:34:39,-236,Tahap-4
01/23/2025,11,34,39,11:34:39,44,Tahap-4
01/23/2025,11,34,39,11:34:39,-96,Tahap-4
01/23/2025,11,34,39,11:34:39,-156,Tahap-4
01/23/2025,11,34,40,11:34:40,-76,Tahap-4
01/23/2025,11,34,40,11:34:40,-100,Tahap-4
01/23/2025,11,34,40,11:34:40,-116,Tahap-4
01/23/2025,11,34,40,11:34:40,-148,Tahap-4
01/23/2025,11,34,40,11:34:40,-48,Tahap-4
01/23/2025,11,34,40,11:34:40,-128,Tahap-4
01/23/2025,11,34,40,11:34:40,-72,Tahap-4
01/23/2025,11,34,40,11:34:40,-140,Tahap-4
01/23/2025,11,34,40,11:34:40,8,Tahap-4
01/23/2025,11,34,40,11:34:40,60,Tahap-4
01/23/2025,11,34,41,11:34:41,-136,Tahap-4
01/23/2025,11,34,41,11:34:41,56,Tahap-4
01/23/2025,11,34,41,11:34:41,-84,Tahap-4
01/23/2025,11,34,41,11:34:41,-80,Tahap-4
01/23/2025,11,34,41,11:34:41,-48,Tahap-4
01/23/2025,11,34,41,11:34:41,-76,Tahap-4
01/23/2025,11,34,41,11:34:41,-56,Tahap-4
01/23/2025,11,34,41,11:34:41,-100,Tahap-4
01/23/2025,11,34,41,11:34:41,-164,Tahap-4
01/23/2025,11,34,41,11:34:41,60,Tahap-4
01/23/2025,11,34,42,11:34:42,-48,Tahap-4
01/23/2025,11,34,42,11:34:42,-80,Tahap-4
01/23/2025,11,34,42,11:34:42,-60,Tahap-4
01/23/2025,11,34,42,11:34:42,-140,Tahap-4
01/23/2025,11,34,42,11:34:42,-52,Tahap-4
01/23/2025,11,34,42,11:34:42,-32,Tahap-4
01/23/2025,11,34,42,11:34:42,-124,Tahap-4
01/23/2025,11,34,42,11:34:42,-68,Tahap-4
01/23/2025,11,34,42,11:34:42,-252,Tahap-4
01/23/2025,11,34,43,11:34:43,44,Tahap-4
01/23/2025,11,34,43,11:34:43,-96,Tahap-4
01/23/2025,11,34,43,11:34:43,-56,Tahap-4
01/23/2025,11,34,43,11:34:43,-36,Tahap-4
01/23/2025,11,34,43,11:34:43,-28,Tahap-4
01/23/2025,11,34,43,11:34:43,-192,Tahap-4
01/23/2025,11,34,43,11:34:43,-84,Tahap-4
01/23/2025,11,34,44,11:34:44,-64,Tahap-4
01/23/2025,11,34,44,11:34:44,-96,Tahap-4
01/23/2025,11,34,44,11:34:44,-68,Tahap-4
01/23/2025,11,34,44,11:34:44,-164,Tahap-4
01/23/2025,11,34,44,11:34:44,24,Tahap-4
01/23/2025,11,34,44,11:34:44,-36,Tahap-4
01/23/2025,11,34,44,11:34:44,-108,Tahap-4
01/23/2025,11,34,44,11:34:44,72,Tahap-4
01/23/2025,11,34,44,11:34:44,-108,Tahap-4
01/23/2025,11,34,44,11:34:44,-72,Tahap-4
01/23/2025,11,34,44,11:34:44,-132,Tahap-4
01/23/2025,11,34,44,11:34:44,-80,Tahap-4
01/23/2025,11,34,44,11:34:44,-124,Tahap-4
01/23/2025,11,34,45,11:34:45,-56,Tahap-4
01/23/2025,11,34,45,11:34:45,-240,Tahap-4
01/23/2025,11,34,45,11:34:45,52,Tahap-4
01/23/2025,11,34,45,11:34:45,-152,Tahap-4
01/23/2025,11,34,45,11:34:45,-156,Tahap-4
01/23/2025,11,34,45,11:34:45,-28,Tahap-4
01/23/2025,11,34,45,11:34:45,-56,Tahap-4
01/23/2025,11,34,45,11:34:45,-264,Tahap-4
01/23/2025,11,34,45,11:34:45,-100,Tahap-4
01/23/2025,11,34,45,11:34:45,-256,Tahap-4
01/23/2025,11,34,46,11:34:46,-192,Tahap-4
01/23/2025,11,34,46,11:34:46,-204,Tahap-4
01/23/2025,11,34,46,11:34:46,-212,Tahap-4
01/23/2025,11,35,10,11:35:10,5385,Tahap-4
01/23/2025,11,35,10,11:35:10,5045,Tahap-4
01/23/2025,11,35,10,11:35:10,2101,Tahap-4
01/23/2025,11,35,11,11:35:11,1450,Tahap-4
01/23/2025,11,35,11,11:35:11,1188,Tahap-4
01/23/2025,11,35,11,11:35:11,630,Tahap-4
01/23/2025,11,35,11,11:35:11,997,Tahap-4
01/23/2025,11,35,11,11:35:11,905,Tahap-4
01/23/2025,11,35,11,11:35:11,488,Tahap-4
01/23/2025,11,35,11,11:35:11,521,Tahap-4
01/23/2025,11,35,11,11:35:11,498,Tahap-4
01/23/2025,11,35,11,11:35:11,296,Tahap-4
01/23/2025,11,35,11,11:35:11,351,Tahap-4
01/23/2025,11,35,12,11:35:12,440,Tahap-4
01/23/2025,11,35,12,11:35:12,264,Tahap-4
01/23/2025,11,35,12,11:35:12,431,Tahap-4
01/23/2025,11,35,12,11:35:12,301,Tahap-4
01/23/2025,11,35,12,11:35:12,217,Tahap-4
01/23/2025,11,35,12,11:35:12,215,Tahap-4
01/23/2025,11,35,12,11:35:12,241,Tahap-4
01/23/2025,11,35,12,11:35:12,124,Tahap-4
01/23/2025,11,35,12,11:35:12,205,Tahap-4
01/23/2025,11,35,12,11:35:12,1050,Tahap-4
01/23/2025,11,35,13,11:35:13,184,Tahap-4
01/23/2025,11,35,13,11:35:13,321,Tahap-4
01/23/2025,11,35,13,11:35:13,273,Tahap-4
01/23/2025,11,35,13,11:35:13,253,Tahap-4
01/23/2025,11,35,13,11:35:13,199,Tahap-4
01/23/2025,11,35,13,11:35:13,199,Tahap-4
01/23/2025,11,35,13,11:35:13,192,Tahap-4
01/23/2025,11,35,13,11:35:13,181,Tahap-4
01/23/2025,11,35,14,11:35:14,94,Tahap-4
01/23/2025,11,35,14,11:35:14,102,Tahap-4
01/23/2025,11,35,14,11:35:14,21,Tahap-4
01/23/2025,11,35,14,11:35:14,103,Tahap-4
01/23/2025,11,35,14,11:35:14,228,Tahap-4
01/23/2025,11,35,14,11:35:14,156,Tahap-4
01/23/2025,11,35,14,11:35:14,151,Tahap-4
01/23/2025,11,35,14,11:35:14,172,Tahap-4
01/23/2025,11,35,14,11:35:14,192,Tahap-4
01/23/2025,11,35,14,11:35:14,274,Tahap-4
01/23/2025,11,35,14,11:35:14,248,Tahap-4
01/23/2025,11,35,14,11:35:14,503,Tahap-4
01/23/2025,11,35,15,11:35:15,122,Tahap-4
01/23/2025,11,35,15,11:35:15,248,Tahap-4
01/23/2025,11,35,15,11:35:15,491,Tahap-4
01/23/2025,11,35,15,11:35:15,123,Tahap-4
01/23/2025,11,35,15,11:35:15,76,Tahap-4
01/23/2025,11,35,15,11:35:15,199,Tahap-4
01/23/2025,11,35,15,11:35:15,97,Tahap-4
01/23/2025,11,35,15,11:35:15,54,Tahap-4
01/23/2025,11,35,15,11:35:15,70,Tahap-4
01/23/2025,11,35,15,11:35:15,209,Tahap-4
01/23/2025,11,35,16,11:35:16,167,Tahap-4
01/23/2025,11,35,16,11:35:16,52,Tahap-4
01/23/2025,11,35,16,11:35:16,71,Tahap-4
01/23/2025,11,35,16,11:35:16,141,Tahap-4
01/23/2025,11,35,16,11:35:16,107,Tahap-4
01/23/2025,11,35,16,11:35:16,107,Tahap-4
01/23/2025,11,35,16,11:35:16,172,Tahap-4
01/23/2025,11,35,16,11:35:16,54,Tahap-4
01/23/2025,11,35,16,11:35:16,41,Tahap-4
01/23/2025,11,35,16,11:35:16,156,Tahap-4
01/23/2025,11,35,17,11:35:17,163,Tahap-4
01/23/2025,11,35,17,11:35:17,315,Tahap-4
01/23/2025,11,35,17,11:35:17,301,Tahap-4
01/23/2025,11,35,17,11:35:17,534,Tahap-4
01/23/2025,11,35,17,11:35:17,370,Tahap-4
01/23/2025,11,35,17,11:35:17,1163,Tahap-4
01/23/2025,11,35,17,11:35:17,468,Tahap-4
01/23/2025,11,35,17,11:35:17,343,Tahap-4
01/23/2025,11,35,17,11:35:17,476,Tahap-4
01/23/2025,11,35,17,11:35:17,181,Tahap-4
01/23/2025,11,35,18,11:35:18,180,Tahap-4
01/23/2025,11,35,18,11:35:18,119,Tahap-4
01/23/2025,11,35,18,11:35:18,131,Tahap-4
01/23/2025,11,35,18,11:35:18,218,Tahap-4
01/23/2025,11,35,18,11:35:18,127,Tahap-4
01/23/2025,11,35,18,11:35:18,96,Tahap-4
01/23/2025,11,35,18,11:35:18,72,Tahap-4
01/23/2025,11,35,18,11:35:18,159,Tahap-4
01/23/2025,11,35,18,11:35:18,248,Tahap-4
01/23/2025,11,35,18,11:35:18,148,Tahap-4
01/23/2025,11,35,19,11:35:19,142,Tahap-4
01/23/2025,11,35,19,11:35:19,420,Tahap-4
01/23/2025,11,35,19,11:35:19,487,Tahap-4
01/23/2025,11,35,19,11:35:19,154,Tahap-4
01/23/2025,11,35,19,11:35:19,325,Tahap-4
01/23/2025,11,35,19,11:35:19,532,Tahap-4
01/23/2025,11,35,19,11:35:19,386,Tahap-4
01/23/2025,11,35,19,11:35:19,551,Tahap-4
01/23/2025,11,35,19,11:35:19,1028,Tahap-4
01/23/2025,11,35,19,11:35:19,1225,Tahap-4
01/23/2025,11,35,20,11:35:20,179,Tahap-4
01/23/2025,11,35,20,11:35:20,123,Tahap-4
01/23/2025,11,35,20,11:35:20,141,Tahap-4
01/23/2025,11,35,20,11:35:20,46,Tahap-4
01/23/2025,11,35,20,11:35:20,277,Tahap-4
01/23/2025,11,35,20,11:35:20,90,Tahap-4
01/23/2025,11,35,20,11:35:20,153,Tahap-4
01/23/2025,11,35,20,11:35:20,116,Tahap-4
01/23/2025,11,35,20,11:35:20,79,Tahap-4
01/23/2025,11,35,20,11:35:20,64,Tahap-4
01/23/2025,11,35,21,11:35:21,22,Tahap-4
01/23/2025,11,35,21,11:35:21,410,Tahap-4
01/23/2025,11,35,21,11:35:21,133,Tahap-4
01/23/2025,11,35,21,11:35:21,125,Tahap-4
01/23/2025,11,35,21,11:35:21,83,Tahap-4
01/23/2025,11,35,21,11:35:21,279,Tahap-4
01/23/2025,11,35,21,11:35:21,413,Tahap-4
01/23/2025,11,35,21,11:35:21,514,Tahap-4
01/23/2025,11,35,21,11:35:21,341,Tahap-4
01/23/2025,11,35,21,11:35:21,583,Tahap-4
01/23/2025,11,35,22,11:35:22,628,Tahap-4
01/23/2025,11,35,22,11:35:22,171,Tahap-4
01/23/2025,11,35,22,11:35:22,760,Tahap-4
01/23/2025,11,35,22,11:35:22,147,Tahap-4
01/23/2025,11,35,22,11:35:22,245,Tahap-4
01/23/2025,11,35,22,11:35:22,301,Tahap-4
01/23/2025,11,35,22,11:35:22,176,Tahap-4
01/23/2025,11,35,22,11:35:22,443,Tahap-4
01/23/2025,11,35,22,11:35:22,194,Tahap-4
01/23/2025,11,35,22,11:35:22,61,Tahap-4
01/23/2025,11,35,23,11:35:23,199,Tahap-4
01/23/2025,11,35,23,11:35:23,370,Tahap-4
01/23/2025,11,35,23,11:35:23,337,Tahap-4
01/23/2025,11,35,23,11:35:23,591,Tahap-4
01/23/2025,11,35,23,11:35:23,96,Tahap-4
01/23/2025,11,35,23,11:35:23,-72,Tahap-4
01/23/2025,11,35,23,11:35:23,80,Tahap-4
01/23/2025,11,35,23,11:35:23,-48,Tahap-4
01/23/2025,11,35,23,11:35:23,276,Tahap-4
01/23/2025,11,35,23,11:35:23,48,Tahap-4
01/23/2025,11,35,24,11:35:24,76,Tahap-4
01/23/2025,11,35,24,11:35:24,208,Tahap-4
01/23/2025,11,35,24,11:35:24,68,Tahap-4
01/23/2025,11,35,24,11:35:24,56,Tahap-4
01/23/2025,11,35,24,11:35:24,136,Tahap-4
01/23/2025,11,35,24,11:35:24,32,Tahap-4
01/23/2025,11,35,24,11:35:24,88,Tahap-4
01/23/2025,11,35,24,11:35:24,-20,Tahap-4
01/23/2025,11,35,24,11:35:24,20,Tahap-4
01/23/2025,11,35,24,11:35:24,184,Tahap-4
01/23/2025,11,35,25,11:35:25,248,Tahap-4
01/23/2025,11,35,25,11:35:25,-52,Tahap-4
01/23/2025,11,35,25,11:35:25,252,Tahap-4
01/23/2025,11,35,25,11:35:25,60,Tahap-4
01/23/2025,11,35,25,11:35:25,96,Tahap-4
01/23/2025,11,35,25,11:35:25,132,Tahap-4
01/23/2025,11,35,25,11:35:25,200,Tahap-4
01/23/2025,11,35,25,11:35:25,60,Tahap-4
01/23/2025,11,35,25,11:35:25,208,Tahap-4
01/23/2025,11,35,25,11:35:25,12,Tahap-4
01/23/2025,11,35,26,11:35:26,364,Tahap-4
01/23/2025,11,35,26,11:35:26,224,Tahap-4
01/23/2025,11,35,26,11:35:26,236,Tahap-4
01/23/2025,11,35,26,11:35:26,276,Tahap-4
01/23/2025,11,35,26,11:35:26,284,Tahap-4
01/23/2025,11,35,26,11:35:26,76,Tahap-4
01/23/2025,11,35,26,11:35:26,304,Tahap-4
01/23/2025,11,35,26,11:35:26,240,Tahap-4
01/23/2025,11,35,26,11:35:26,256,Tahap-4
01/23/2025,11,35,26,11:35:26,156,Tahap-4
01/23/2025,11,35,27,11:35:27,172,Tahap-4
01/23/2025,11,35,27,11:35:27,344,Tahap-4
01/23/2025,11,35,27,11:35:27,208,Tahap-4
01/23/2025,11,35,27,11:35:27,240,Tahap-4
01/23/2025,11,35,27,11:35:27,272,Tahap-4
01/23/2025,11,35,27,11:35:27,160,Tahap-4
01/23/2025,11,35,27,11:35:27,108,Tahap-4
01/23/2025,11,35,27,11:35:27,52,Tahap-4
01/23/2025,11,35,27,11:35:27,108,Tahap-4
01/23/2025,11,35,27,11:35:27,72,Tahap-4
01/23/2025,11,35,28,11:35:28,68,Tahap-4
01/23/2025,11,35,28,11:35:28,-100,Tahap-4
01/23/2025,11,35,28,11:35:28,236,Tahap-4
01/23/2025,11,35,28,11:35:28,-4,Tahap-4
01/23/2025,11,35,28,11:35:28,48,Tahap-4
01/23/2025,11,35,28,11:35:28,100,Tahap-4
01/23/2025,11,35,28,11:35:28,144,Tahap-4
01/23/2025,11,35,28,11:35:28,-80,Tahap-4
01/23/2025,11,35,28,11:35:28,132,Tahap-4
01/23/2025,11,35,28,11:35:28,-32,Tahap-4
01/23/2025,11,35,29,11:35:29,84,Tahap-4
01/23/2025,11,35,29,11:35:29,-12,Tahap-4
01/23/2025,11,35,29,11:35:29,40,Tahap-4
01/23/2025,11,35,29,11:35:29,164,Tahap-4
01/23/2025,11,35,29,11:35:29,104,Tahap-4
01/23/2025,11,35,29,11:35:29,-56,Tahap-4
01/23/2025,11,35,29,11:35:29,124,Tahap-4
01/23/2025,11,35,29,11:35:29,104,Tahap-4
01/23/2025,11,35,29,11:35:29,24,Tahap-4
01/23/2025,11,35,29,11:35:29,-88,Tahap-4
01/23/2025,11,35,30,11:35:30,40,Tahap-4
01/23/2025,11,35,30,11:35:30,-176,Tahap-4
01/23/2025,11,35,30,11:35:30,16,Tahap-4
01/23/2025,11,35,30,11:35:30,-196,Tahap-4
01/23/2025,11,35,30,11:35:30,32,Tahap-4
01/23/2025,11,35,30,11:35:30,-124,Tahap-4
01/23/2025,11,35,30,11:35:30,-172,Tahap-4
01/23/2025,11,35,30,11:35:30,-68,Tahap-4
01/23/2025,11,35,30,11:35:30,-104,Tahap-4
01/23/2025,11,35,30,11:35:30,-192,Tahap-4
01/23/2025,11,35,31,11:35:31,-124,Tahap-4
01/23/2025,11,35,31,11:35:31,-248,Tahap-4
01/23/2025,11,35,31,11:35:31,-224,Tahap-4
01/23/2025,11,35,31,11:35:31,-292,Tahap-4
01/23/2025,11,35,31,11:35:31,-272,Tahap-4
01/23/2025,11,35,31,11:35:31,-148,Tahap-4
01/23/2025,11,35,31,11:35:31,-120,Tahap-4
01/23/2025,11,35,31,11:35:31,-340,Tahap-4
01/23/2025,11,35,31,11:35:31,-104,Tahap-4
01/23/2025,11,35,31,11:35:31,-296,Tahap-4
01/23/2025,11,35,31,11:35:31,-312,Tahap-4
01/23/2025,11,35,32,11:35:32,-248,Tahap-4
01/23/2025,11,35,32,11:35:32,-260,Tahap-4
01/23/2025,11,35,32,11:35:32,-380,Tahap-4
01/23/2025,11,35,32,11:35:32,-300,Tahap-4
01/23/2025,11,35,32,11:35:32,-488,Tahap-4
01/23/2025,11,35,32,11:35:32,-208,Tahap-4
01/23/2025,11,35,32,11:35:32,-260,Tahap-4
01/23/2025,11,35,32,11:35:32,-420,Tahap-4
01/23/2025,11,35,32,11:35:32,-288,Tahap-4
01/23/2025,11,35,32,11:35:32,-268,Tahap-4
01/23/2025,11,35,33,11:35:33,-464,Tahap-4
01/23/2025,11,35,33,11:35:33,-304,Tahap-4
01/23/2025,11,35,33,11:35:33,-376,Tahap-4
01/23/2025,11,35,33,11:35:33,-428,Tahap-4
01/23/2025,11,35,33,11:35:33,-340,Tahap-4
01/23/2025,11,35,33,11:35:33,-516,Tahap-4
01/23/2025,11,35,33,11:35:33,-368,Tahap-4
01/23/2025,11,35,33,11:35:33,-304,Tahap-4
01/23/2025,11,35,33,11:35:33,-348,Tahap-4
01/23/2025,11,35,33,11:35:33,-448,Tahap-4
01/23/2025,11,35,34,11:35:34,-388,Tahap-4
01/23/2025,11,35,34,11:35:34,-440,Tahap-4
01/23/2025,11,35,34,11:35:34,-484,Tahap-4
01/23/2025,11,35,34,11:35:34,-412,Tahap-4
01/23/2025,11,35,34,11:35:34,-448,Tahap-4
01/23/2025,11,35,34,11:35:34,-316,Tahap-4
01/23/2025,11,35,34,11:35:34,-476,Tahap-4
01/23/2025,11,35,34,11:35:34,-508,Tahap-4
01/23/2025,11,35,34,11:35:34,-272,Tahap-4
01/23/2025,11,35,34,11:35:34,-400,Tahap-4
01/23/2025,11,35,35,11:35:35,-332,Tahap-4
01/23/2025,11,35,35,11:35:35,-408,Tahap-4
01/23/2025,11,35,35,11:35:35,-308,Tahap-4
01/23/2025,11,35,35,11:35:35,-392,Tahap-4
01/23/2025,11,35,35,11:35:35,-364,Tahap-4
01/23/2025,11,35,35,11:35:35,-404,Tahap-4
01/23/2025,11,35,35,11:35:35,-224,Tahap-4
01/23/2025,11,35,35,11:35:35,-376,Tahap-4
01/23/2025,11,35,35,11:35:35,-408,Tahap-4
01/23/2025,11,35,35,11:35:35,-164,Tahap-4
01/23/2025,11,35,36,11:35:36,-272,Tahap-4
01/23/2025,11,35,36,11:35:36,-288,Tahap-4
01/23/2025,11,36,1,11:36:01,267,Tahap-4
01/23/2025,11,36,1,11:36:01,269,Tahap-4
01/23/2025,11,36,1,11:36:01,243,Tahap-4
01/23/2025,11,36,1,11:36:01,283,Tahap-4
01/23/2025,11,36,1,11:36:01,136,Tahap-4
01/23/2025,11,36,1,11:36:01,106,Tahap-4
01/23/2025,11,36,1,11:36:01,149,Tahap-4
01/23/2025,11,36,1,11:36:01,147,Tahap-4
01/23/2025,11,36,1,11:36:01,196,Tahap-4
01/23/2025,11,36,1,11:36:01,130,Tahap-4
01/23/2025,11,36,2,11:36:02,171,Tahap-4
01/23/2025,11,36,2,11:36:02,126,Tahap-4
01/23/2025,11,36,2,11:36:02,298,Tahap-4
01/23/2025,11,36,2,11:36:02,226,Tahap-4
01/23/2025,11,36,2,11:36:02,138,Tahap-4
01/23/2025,11,36,2,11:36:02,270,Tahap-4
01/23/2025,11,36,2,11:36:02,326,Tahap-4
01/23/2025,11,36,2,11:36:02,493,Tahap-4
01/23/2025,11,36,2,11:36:02,708,Tahap-4
01/23/2025,11,36,2,11:36:02,466,Tahap-4
01/23/2025,11,36,3,11:36:03,175,Tahap-4
01/23/2025,11,36,3,11:36:03,50,Tahap-4
01/23/2025,11,36,3,11:36:03,29,Tahap-4
01/23/2025,11,36,3,11:36:03,151,Tahap-4
01/23/2025,11,36,3,11:36:03,117,Tahap-4
01/23/2025,11,36,3,11:36:03,155,Tahap-4
01/23/2025,11,36,3,11:36:03,31,Tahap-4
01/23/2025,11,36,3,11:36:03,62,Tahap-4
01/23/2025,11,36,3,11:36:03,165,Tahap-4
01/23/2025,11,36,3,11:36:03,294,Tahap-4
01/23/2025,11,36,4,11:36:04,139,Tahap-4
01/23/2025,11,36,4,11:36:04,231,Tahap-4
01/23/2025,11,36,4,11:36:04,164,Tahap-4
01/23/2025,11,36,4,11:36:04,125,Tahap-4
01/23/2025,11,36,4,11:36:04,19,Tahap-4
01/23/2025,11,36,4,11:36:04,160,Tahap-4
01/23/2025,11,36,4,11:36:04,134,Tahap-4
01/23/2025,11,36,4,11:36:04,242,Tahap-4
01/23/2025,11,36,4,11:36:04,374,Tahap-4
01/23/2025,11,36,4,11:36:04,136,Tahap-4
01/23/2025,11,36,5,11:36:05,157,Tahap-4
01/23/2025,11,36,5,11:36:05,207,Tahap-4
01/23/2025,11,36,5,11:36:05,232,Tahap-4
01/23/2025,11,36,5,11:36:05,66,Tahap-4
01/23/2025,11,36,5,11:36:05,14,Tahap-4
01/23/2025,11,36,5,11:36:05,23,Tahap-4
01/23/2025,11,36,5,11:36:05,35,Tahap-4
01/23/2025,11,36,5,11:36:05,68,Tahap-4
01/23/2025,11,36,5,11:36:05,58,Tahap-4
01/23/2025,11,36,5,11:36:05,93,Tahap-4
01/23/2025,11,36,6,11:36:06,208,Tahap-4
01/23/2025,11,36,6,11:36:06,85,Tahap-4
01/23/2025,11,36,6,11:36:06,75,Tahap-4
01/23/2025,11,36,6,11:36:06,119,Tahap-4
01/23/2025,11,36,6,11:36:06,31,Tahap-4
01/23/2025,11,36,6,11:36:06,30,Tahap-4
01/23/2025,11,36,6,11:36:06,84,Tahap-4
01/23/2025,11,36,6,11:36:06,154,Tahap-4
01/23/2025,11,36,6,11:36:06,53,Tahap-4
01/23/2025,11,36,6,11:36:06,324,Tahap-4
01/23/2025,11,36,7,11:36:07,341,Tahap-4
01/23/2025,11,36,7,11:36:07,180,Tahap-4
01/23/2025,11,36,7,11:36:07,191,Tahap-4
01/23/2025,11,36,7,11:36:07,442,Tahap-4
01/23/2025,11,36,7,11:36:07,999,Tahap-4
01/23/2025,11,36,7,11:36:07,574,Tahap-4
01/23/2025,11,36,7,11:36:07,493,Tahap-4
01/23/2025,11,36,7,11:36:07,166,Tahap-4
01/23/2025,11,36,7,11:36:07,241,Tahap-4
01/23/2025,11,36,7,11:36:07,145,Tahap-4
01/23/2025,11,36,8,11:36:08,135,Tahap-4
01/23/2025,11,36,8,11:36:08,238,Tahap-4
01/23/2025,11,36,8,11:36:08,314,Tahap-4
01/23/2025,11,36,8,11:36:08,20,Tahap-4
01/23/2025,11,36,8,11:36:08,135,Tahap-4
01/23/2025,11,36,8,11:36:08,13,Tahap-4
01/23/2025,11,36,8,11:36:08,122,Tahap-4
01/23/2025,11,36,8,11:36:08,165,Tahap-4
01/23/2025,11,36,8,11:36:08,208,Tahap-4
01/23/2025,11,36,8,11:36:08,111,Tahap-4
01/23/2025,11,36,9,11:36:09,462,Tahap-4
01/23/2025,11,36,9,11:36:09,408,Tahap-4
01/23/2025,11,36,9,11:36:09,337,Tahap-4
01/23/2025,11,36,9,11:36:09,483,Tahap-4
01/23/2025,11,36,9,11:36:09,479,Tahap-4
01/23/2025,11,36,9,11:36:09,159,Tahap-4
01/23/2025,11,36,9,11:36:09,476,Tahap-4
01/23/2025,11,36,9,11:36:09,1010,Tahap-4
01/23/2025,11,36,9,11:36:09,681,Tahap-4
01/23/2025,11,36,9,11:36:09,450,Tahap-4
01/23/2025,11,36,10,11:36:10,242,Tahap-4
01/23/2025,11,36,10,11:36:10,417,Tahap-4
01/23/2025,11,36,10,11:36:10,469,Tahap-4
01/23/2025,11,36,10,11:36:10,143,Tahap-4
01/23/2025,11,36,10,11:36:10,320,Tahap-4
01/23/2025,11,36,10,11:36:10,228,Tahap-4
01/23/2025,11,36,10,11:36:10,139,Tahap-4
01/23/2025,11,36,10,11:36:10,331,Tahap-4
01/23/2025,11,36,10,11:36:10,105,Tahap-4
01/23/2025,11,36,10,11:36:10,81,Tahap-4
01/23/2025,11,36,11,11:36:11,194,Tahap-4
01/23/2025,11,36,11,11:36:11,102,Tahap-4
01/23/2025,11,36,11,11:36:11,133,Tahap-4
01/23/2025,11,36,11,11:36:11,179,Tahap-4
01/23/2025,11,36,11,11:36:11,676,Tahap-4
01/23/2025,11,36,11,11:36:11,195,Tahap-4
01/23/2025,11,36,11,11:36:11,553,Tahap-4
01/23/2025,11,36,11,11:36:11,515,Tahap-4
01/23/2025,11,36,11,11:36:11,442,Tahap-4
01/23/2025,11,36,11,11:36:11,84,Tahap-4
01/23/2025,11,36,12,11:36:12,129,Tahap-4
01/23/2025,11,36,12,11:36:12,712,Tahap-4
01/23/2025,11,36,12,11:36:12,216,Tahap-4
01/23/2025,11,36,12,11:36:12,426,Tahap-4
01/23/2025,11,36,12,11:36:12,487,Tahap-4
01/23/2025,11,36,12,11:36:12,278,Tahap-4
01/23/2025,11,36,12,11:36:12,177,Tahap-4
01/23/2025,11,36,12,11:36:12,210,Tahap-4
01/23/2025,11,36,12,11:36:12,188,Tahap-4
01/23/2025,11,36,12,11:36:12,319,Tahap-4
01/23/2025,11,36,13,11:36:13,524,Tahap-4
01/23/2025,11,36,13,11:36:13,86,Tahap-4
01/23/2025,11,36,13,11:36:13,549,Tahap-4
01/23/2025,11,36,13,11:36:13,80,Tahap-4
01/23/2025,11,36,13,11:36:13,-52,Tahap-4
01/23/2025,11,36,13,11:36:13,-48,Tahap-4
01/23/2025,11,36,13,11:36:13,24,Tahap-4
01/23/2025,11,36,13,11:36:13,-44,Tahap-4
01/23/2025,11,36,14,11:36:14,-28,Tahap-4
01/23/2025,11,36,14,11:36:14,-92,Tahap-4
01/23/2025,11,36,14,11:36:14,-124,Tahap-4
01/23/2025,11,36,14,11:36:14,92,Tahap-4
01/23/2025,11,36,14,11:36:14,-12,Tahap-4
01/23/2025,11,36,14,11:36:14,-96,Tahap-4
01/23/2025,11,36,14,11:36:14,60,Tahap-4
01/23/2025,11,36,14,11:36:14,-36,Tahap-4
01/23/2025,11,36,14,11:36:14,-136,Tahap-4
01/23/2025,11,36,14,11:36:14,16,Tahap-4
01/23/2025,11,36,14,11:36:14,-12,Tahap-4
01/23/2025,11,36,14,11:36:14,-60,Tahap-4
01/23/2025,11,36,15,11:36:15,-60,Tahap-4
01/23/2025,11,36,15,11:36:15,-132,Tahap-4
01/23/2025,11,36,15,11:36:15,108,Tahap-4
01/23/2025,11,36,15,11:36:15,-96,Tahap-4
01/23/2025,11,36,15,11:36:15,-24,Tahap-4
01/23/2025,11,36,15,11:36:15,12,Tahap-4
01/23/2025,11,36,15,11:36:15,36,Tahap-4
01/23/2025,11,36,15,11:36:15,-116,Tahap-4
01/23/2025,11,36,15,11:36:15,-20,Tahap-4
01/23/2025,11,36,15,11:36:15,-80,Tahap-4
01/23/2025,11,36,16,11:36:16,-132,Tahap-4
01/23/2025,11,36,16,11:36:16,-96,Tahap-4
01/23/2025,11,36,16,11:36:16,44,Tahap-4
01/23/2025,11,36,16,11:36:16,-72,Tahap-4
01/23/2025,11,36,16,11:36:16,-32,Tahap-4
01/23/2025,11,36,16,11:36:16,132,Tahap-4
01/23/2025,11,36,16,11:36:16,-96,Tahap-4
01/23/2025,11,36,16,11:36:16,-96,Tahap-4
01/23/2025,11,36,16,11:36:16,-24,Tahap-4
01/23/2025,11,36,17,11:36:17,-68,Tahap-4
01/23/2025,11,36,17,11:36:17,-20,Tahap-4
01/23/2025,11,36,17,11:36:17,-64,Tahap-4
01/23/2025,11,36,17,11:36:17,-112,Tahap-4
01/23/2025,11,36,17,11:36:17,80,Tahap-4
01/23/2025,11,36,17,11:36:17,-72,Tahap-4
01/23/2025,11,36,17,11:36:17,8,Tahap-4
01/23/2025,11,36,17,11:36:17,12,Tahap-4
01/23/2025,11,36,17,11:36:17,68,Tahap-4
01/23/2025,11,36,17,11:36:17,-124,Tahap-4
01/23/2025,11,36,18,11:36:18,36,Tahap-4
01/23/2025,11,36,18,11:36:18,-44,Tahap-4
01/23/2025,11,36,18,11:36:18,-68,Tahap-4
01/23/2025,11,36,18,11:36:18,-72,Tahap-4
01/23/2025,11,36,18,11:36:18,136,Tahap-4
01/23/2025,11,36,18,11:36:18,-60,Tahap-4
01/23/2025,11,36,18,11:36:18,-52,Tahap-4
01/23/2025,11,36,18,11:36:18,64,Tahap-4
01/23/2025,11,36,18,11:36:18,4,Tahap-4
01/23/2025,11,36,19,11:36:19,16,Tahap-4
01/23/2025,11,36,19,11:36:19,-48,Tahap-4
01/23/2025,11,36,19,11:36:19,32,Tahap-4
01/23/2025,11,36,19,11:36:19,-112,Tahap-4
01/23/2025,11,36,19,11:36:19,4,Tahap-4
01/23/2025,11,36,19,11:36:19,-120,Tahap-4
01/23/2025,11,36,19,11:36:19,92,Tahap-4
01/23/2025,11,36,19,11:36:19,84,Tahap-4
01/23/2025,11,36,19,11:36:19,-100,Tahap-4
01/23/2025,11,36,19,11:36:19,132,Tahap-4
01/23/2025,11,36,20,11:36:20,-8,Tahap-4
01/23/2025,11,36,20,11:36:20,-36,Tahap-4
01/23/2025,11,36,20,11:36:20,48,Tahap-4
01/23/2025,11,36,20,11:36:20,12,Tahap-4
01/23/2025,11,36,20,11:36:20,-40,Tahap-4
01/23/2025,11,36,20,11:36:20,-36,Tahap-4
01/23/2025,11,36,20,11:36:20,-68,Tahap-4
01/23/2025,11,36,20,11:36:20,16,Tahap-4
01/23/2025,11,36,20,11:36:20,196,Tahap-4
01/23/2025,11,36,20,11:36:20,-92,Tahap-4
01/23/2025,11,36,21,11:36:21,104,Tahap-4
01/23/2025,11,36,21,11:36:21,36,Tahap-4
01/23/2025,11,36,21,11:36:21,-100,Tahap-4
01/23/2025,11,36,21,11:36:21,36,Tahap-4
01/23/2025,11,36,21,11:36:21,-12,Tahap-4
01/23/2025,11,36,21,11:36:21,-12,Tahap-4
01/23/2025,11,36,21,11:36:21,-144,Tahap-4
01/23/2025,11,36,21,11:36:21,44,Tahap-4
01/23/2025,11,36,21,11:36:21,-68,Tahap-4
01/23/2025,11,36,21,11:36:21,56,Tahap-4
01/23/2025,11,36,22,11:36:22,124,Tahap-4
01/23/2025,11,36,22,11:36:22,-8,Tahap-4
01/23/2025,11,36,22,11:36:22,4,Tahap-4
01/23/2025,11,36,22,11:36:22,-16,Tahap-4
01/23/2025,11,36,22,11:36:22,-72,Tahap-4
01/23/2025,11,36,22,11:36:22,-36,Tahap-4
01/23/2025,11,36,22,11:36:22,16,Tahap-4
01/23/2025,11,36,22,11:36:22,-52,Tahap-4
01/23/2025,11,36,22,11:36:22,48,Tahap-4
01/23/2025,11,36,22,11:36:22,-28,Tahap-4
01/23/2025,11,36,23,11:36:23,40,Tahap-4
01/23/2025,11,36,23,11:36:23,-24,Tahap-4
01/23/2025,11,36,23,11:36:23,100,Tahap-4
01/23/2025,11,36,23,11:36:23,-32,Tahap-4
01/23/2025,11,36,23,11:36:23,-64,Tahap-4
01/23/2025,11,36,23,11:36:23,104,Tahap-4
01/23/2025,11,36,23,11:36:23,-108,Tahap-4
01/23/2025,11,36,23,11:36:23,80,Tahap-4
01/23/2025,11,36,23,11:36:23,-180,Tahap-4
01/23/2025,11,36,23,11:36:23,124,Tahap-4
01/23/2025,11,36,24,11:36:24,96,Tahap-4
01/23/2025,11,36,24,11:36:24,-88,Tahap-4
01/23/2025,11,36,24,11:36:24,64,Tahap-4
01/23/2025,11,36,24,11:36:24,148,Tahap-4
01/23/2025,11,36,24,11:36:24,-96,Tahap-4
01/23/2025,11,36,24,11:36:24,-40,Tahap-4
01/23/2025,11,36,24,11:36:24,-12,Tahap-4
01/23/2025,11,36,24,11:36:24,-88,Tahap-4
01/23/2025,11,36,24,11:36:24,-32,Tahap-4
01/23/2025,11,36,24,11:36:24,-84,Tahap-4
01/23/2025,11,36,25,11:36:25,20,Tahap-4
01/23/2025,11,36,25,11:36:25,80,Tahap-4
01/23/2025,11,36,25,11:36:25,-136,Tahap-4
01/23/2025,11,36,25,11:36:25,24,Tahap-4
01/23/2025,11,36,25,11:36:25,-8,Tahap-4
01/23/2025,11,36,25,11:36:25,72,Tahap-4
01/23/2025,11,36,25,11:36:25,-92,Tahap-4
01/23/2025,11,36,25,11:36:25,68,Tahap-4
01/23/2025,11,36,25,11:36:25,-120,Tahap-4
01/23/2025,11,36,25,11:36:25,-16,Tahap-4
01/23/2025,11,36,26,11:36:26,-140,Tahap-4
01/23/2025,11,36,50,11:36:50,2997,Tahap-4
01/23/2025,11,36,50,11:36:50,10783,Tahap-4
01/23/2025,11,36,50,11:36:50,3135,Tahap-4
01/23/2025,11,36,50,11:36:50,2586,Tahap-4
01/23/2025,11,36,50,11:36:50,1289,Tahap-4
01/23/2025,11,36,51,11:36:51,271,Tahap-4
01/23/2025,11,36,51,11:36:51,990,Tahap-4
01/23/2025,11,36,51,11:36:51,417,Tahap-4
01/23/2025,11,36,51,11:36:51,1719,Tahap-4
01/23/2025,11,36,51,11:36:51,660,Tahap-4
01/23/2025,11,36,51,11:36:51,678,Tahap-4
01/23/2025,11,36,51,11:36:51,1160,Tahap-4
01/23/2025,11,36,51,11:36:51,749,Tahap-4
01/23/2025,11,36,51,11:36:51,1560,Tahap-4
01/23/2025,11,36,51,11:36:51,245,Tahap-4
01/23/2025,11,36,52,11:36:52,234,Tahap-4
01/23/2025,11,36,52,11:36:52,515,Tahap-4
01/23/2025,11,36,52,11:36:52,747,Tahap-4
01/23/2025,11,36,52,11:36:52,180,Tahap-4
01/23/2025,11,36,52,11:36:52,245,Tahap-4
01/23/2025,11,36,52,11:36:52,219,Tahap-4
01/23/2025,11,36,52,11:36:52,518,Tahap-4
01/23/2025,11,36,52,11:36:52,190,Tahap-4
01/23/2025,11,36,52,11:36:52,656,Tahap-4
01/23/2025,11,36,52,11:36:52,291,Tahap-4
01/23/2025,11,36,53,11:36:53,44,Tahap-4
01/23/2025,11,36,53,11:36:53,188,Tahap-4
01/23/2025,11,36,53,11:36:53,168,Tahap-4
01/23/2025,11,36,53,11:36:53,187,Tahap-4
01/23/2025,11,36,53,11:36:53,294,Tahap-4
01/23/2025,11,36,53,11:36:53,294,Tahap-4
01/23/2025,11,36,53,11:36:53,153,Tahap-4
01/23/2025,11,36,53,11:36:53,107,Tahap-4
01/23/2025,11,36,53,11:36:53,62,Tahap-4
01/23/2025,11,36,53,11:36:53,183,Tahap-4
01/23/2025,11,36,54,11:36:54,183,Tahap-4
01/23/2025,11,36,54,11:36:54,64,Tahap-4
01/23/2025,11,36,54,11:36:54,85,Tahap-4
01/23/2025,11,36,54,11:36:54,104,Tahap-4
01/23/2025,11,36,54,11:36:54,179,Tahap-4
01/23/2025,11,36,54,11:36:54,332,Tahap-4
01/23/2025,11,36,54,11:36:54,416,Tahap-4
01/23/2025,11,36,54,11:36:54,371,Tahap-4
01/23/2025,11,36,54,11:36:54,52,Tahap-4
01/23/2025,11,36,54,11:36:54,55,Tahap-4
01/23/2025,11,36,55,11:36:55,498,Tahap-4
01/23/2025,11,36,55,11:36:55,147,Tahap-4
01/23/2025,11,36,55,11:36:55,249,Tahap-4
01/23/2025,11,36,55,11:36:55,135,Tahap-4
01/23/2025,11,36,55,11:36:55,95,Tahap-4
01/23/2025,11,36,55,11:36:55,51,Tahap-4
01/23/2025,11,36,55,11:36:55,59,Tahap-4
01/23/2025,11,36,55,11:36:55,67,Tahap-4
01/23/2025,11,36,55,11:36:55,210,Tahap-4
01/23/2025,11,36,55,11:36:55,201,Tahap-4
01/23/2025,11,36,56,11:36:56,165,Tahap-4
01/23/2025,11,36,56,11:36:56,38,Tahap-4
01/23/2025,11,36,56,11:36:56,177,Tahap-4
01/23/2025,11,36,56,11:36:56,135,Tahap-4
01/23/2025,11,36,56,11:36:56,107,Tahap-4
01/23/2025,11,36,56,11:36:56,118,Tahap-4
01/23/2025,11,36,56,11:36:56,33,Tahap-4
01/23/2025,11,36,56,11:36:56,206,Tahap-4
01/23/2025,11,36,56,11:36:56,99,Tahap-4
01/23/2025,11,36,56,11:36:56,389,Tahap-4
01/23/2025,11,36,57,11:36:57,176,Tahap-4
01/23/2025,11,36,57,11:36:57,146,Tahap-4
01/23/2025,11,36,57,11:36:57,138,Tahap-4
01/23/2025,11,36,57,11:36:57,713,Tahap-4
01/23/2025,11,36,57,11:36:57,1156,Tahap-4
01/23/2025,11,36,57,11:36:57,338,Tahap-4
01/23/2025,11,36,57,11:36:57,156,Tahap-4
01/23/2025,11,36,57,11:36:57,133,Tahap-4
01/23/2025,11,36,57,11:36:57,194,Tahap-4
01/23/2025,11,36,57,11:36:57,35,Tahap-4
01/23/2025,11,36,58,11:36:58,94,Tahap-4
01/23/2025,11,36,58,11:36:58,202,Tahap-4
01/23/2025,11,36,58,11:36:58,229,Tahap-4
01/23/2025,11,36,58,11:36:58,123,Tahap-4
01/23/2025,11,36,58,11:36:58,44,Tahap-4
01/23/2025,11,36,58,11:36:58,193,Tahap-4
01/23/2025,11,36,58,11:36:58,248,Tahap-4
01/23/2025,11,36,58,11:36:58,321,Tahap-4
01/23/2025,11,36,58,11:36:58,187,Tahap-4
01/23/2025,11,36,58,11:36:58,589,Tahap-4
01/23/2025,11,36,59,11:36:59,135,Tahap-4
01/23/2025,11,36,59,11:36:59,358,Tahap-4
01/23/2025,11,36,59,11:36:59,245,Tahap-4
01/23/2025,11,36,59,11:36:59,234,Tahap-4
01/23/2025,11,36,59,11:36:59,296,Tahap-4
01/23/2025,11,36,59,11:36:59,254,Tahap-4
01/23/2025,11,36,59,11:36:59,790,Tahap-4
01/23/2025,11,36,59,11:36:59,1078,Tahap-4
01/23/2025,11,36,59,11:36:59,382,Tahap-4
01/23/2025,11,36,59,11:36:59,481,Tahap-4
01/23/2025,11,37,1,11:37:01,311,Tahap-4
01/23/2025,11,37,1,11:37:01,155,Tahap-4
01/23/2025,11,37,1,11:37:01,278,Tahap-4
01/23/2025,11,37,1,11:37:01,596,Tahap-4
01/23/2025,11,37,1,11:37:01,528,Tahap-4
01/23/2025,11,37,1,11:37:01,542,Tahap-4
01/23/2025,11,37,1,11:37:01,420,Tahap-4
01/23/2025,11,37,1,11:37:01,486,Tahap-4
01/23/2025,11,37,1,11:37:01,400,Tahap-4
01/23/2025,11,37,1,11:37:01,301,Tahap-4
01/23/2025,11,37,2,11:37:02,617,Tahap-4
01/23/2025,11,37,2,11:37:02,69,Tahap-4
01/23/2025,11,37,2,11:37:02,109,Tahap-4
01/23/2025,11,37,2,11:37:02,275,Tahap-4
01/23/2025,11,37,2,11:37:02,247,Tahap-4
01/23/2025,11,37,2,11:37:02,424,Tahap-4
01/23/2025,11,37,2,11:37:02,390,Tahap-4
01/23/2025,11,37,2,11:37:02,240,Tahap-4
01/23/2025,11,37,2,11:37:02,65,Tahap-4
01/23/2025,11,37,2,11:37:02,465,Tahap-4
01/23/2025,11,37,3,11:37:03,798,Tahap-4
01/23/2025,11,37,3,11:37:03,1957,Tahap-4
01/23/2025,11,37,3,11:37:03,-52,Tahap-4
01/23/2025,11,37,3,11:37:03,10,Tahap-4
01/23/2025,11,37,3,11:37:03,-22,Tahap-4
01/23/2025,11,37,3,11:37:03,-86,Tahap-4
01/23/2025,11,37,3,11:37:03,-46,Tahap-4
01/23/2025,11,37,3,11:37:03,-88,Tahap-4
01/23/2025,11,37,3,11:37:03,-74,Tahap-4
01/23/2025,11,37,4,11:37:04,-36,Tahap-4
01/23/2025,11,37,4,11:37:04,-56,Tahap-4
01/23/2025,11,37,4,11:37:04,-4,Tahap-4
01/23/2025,11,37,4,11:37:04,-66,Tahap-4
01/23/2025,11,37,4,11:37:04,76,Tahap-4
01/23/2025,11,37,4,11:37:04,58,Tahap-4
01/23/2025,11,37,4,11:37:04,30,Tahap-4
01/23/2025,11,37,4,11:37:04,82,Tahap-4
01/23/2025,11,37,4,11:37:04,128,Tahap-4
01/23/2025,11,37,4,11:37:04,106,Tahap-4
01/23/2025,11,37,5,11:37:05,128,Tahap-4
01/23/2025,11,37,5,11:37:05,158,Tahap-4
01/23/2025,11,37,5,11:37:05,158,Tahap-4
01/23/2025,11,37,5,11:37:05,152,Tahap-4
01/23/2025,11,37,5,11:37:05,172,Tahap-4
01/23/2025,11,37,5,11:37:05,194,Tahap-4
01/23/2025,11,37,5,11:37:05,284,Tahap-4
01/23/2025,11,37,5,11:37:05,110,Tahap-4
01/23/2025,11,37,5,11:37:05,262,Tahap-4
01/23/2025,11,37,5,11:37:05,208,Tahap-4
01/23/2025,11,37,6,11:37:06,190,Tahap-4
01/23/2025,11,37,6,11:37:06,210,Tahap-4
01/23/2025,11,37,6,11:37:06,270,Tahap-4
01/23/2025,11,37,6,11:37:06,208,Tahap-4
01/23/2025,11,37,6,11:37:06,256,Tahap-4
01/23/2025,11,37,6,11:37:06,204,Tahap-4
01/23/2025,11,37,6,11:37:06,284,Tahap-4
01/23/2025,11,37,6,11:37:06,348,Tahap-4
01/23/2025,11,37,6,11:37:06,288,Tahap-4
01/23/2025,11,37,6,11:37:06,292,Tahap-4
01/23/2025,11,37,7,11:37:07,354,Tahap-4
01/23/2025,11,37,7,11:37:07,214,Tahap-4
01/23/2025,11,37,7,11:37:07,274,Tahap-4
01/23/2025,11,37,7,11:37:07,258,Tahap-4
01/23/2025,11,37,7,11:37:07,232,Tahap-4
01/23/2025,11,37,7,11:37:07,180,Tahap-4
01/23/2025,11,37,7,11:37:07,154,Tahap-4
01/23/2025,11,37,7,11:37:07,136,Tahap-4
01/23/2025,11,37,7,11:37:07,238,Tahap-4
01/23/2025,11,37,7,11:37:07,92,Tahap-4
01/23/2025,11,37,8,11:37:08,188,Tahap-4
01/23/2025,11,37,8,11:37:08,144,Tahap-4
01/23/2025,11,37,8,11:37:08,178,Tahap-4
01/23/2025,11,37,8,11:37:08,124,Tahap-4
01/23/2025,11,37,8,11:37:08,252,Tahap-4
01/23/2025,11,37,8,11:37:08,172,Tahap-4
01/23/2025,11,37,8,11:37:08,230,Tahap-4
01/23/2025,11,37,8,11:37:08,132,Tahap-4
01/23/2025,11,37,8,11:37:08,190,Tahap-4
01/23/2025,11,37,8,11:37:08,230,Tahap-4
01/23/2025,11,37,9,11:37:09,144,Tahap-4
01/23/2025,11,37,9,11:37:09,136,Tahap-4
01/23/2025,11,37,9,11:37:09,194,Tahap-4
01/23/2025,11,37,9,11:37:09,24,Tahap-4
01/23/2025,11,37,9,11:37:09,88,Tahap-4
01/23/2025,11,37,9,11:37:09,16,Tahap-4
01/23/2025,11,37,9,11:37:09,50,Tahap-4
01/23/2025,11,37,9,11:37:09,-8,Tahap-4
01/23/2025,11,37,9,11:37:09,-12,Tahap-4
01/23/2025,11,37,9,11:37:09,-40,Tahap-4
01/23/2025,11,37,10,11:37:10,60,Tahap-4
01/23/2025,11,37,10,11:37:10,-92,Tahap-4
01/23/2025,11,37,10,11:37:10,-22,Tahap-4
01/23/2025,11,37,10,11:37:10,-36,Tahap-4
01/23/2025,11,37,10,11:37:10,-70,Tahap-4
01/23/2025,11,37,10,11:37:10,-192,Tahap-4
01/23/2025,11,37,10,11:37:10,-106,Tahap-4
01/23/2025,11,37,10,11:37:10,-224,Tahap-4
01/23/2025,11,37,10,11:37:10,-170,Tahap-4
01/23/2025,11,37,10,11:37:10,-272,Tahap-4
01/23/2025,11,37,11,11:37:11,-176,Tahap-4
01/23/2025,11,37,11,11:37:11,-186,Tahap-4
01/23/2025,11,37,11,11:37:11,-228,Tahap-4
01/23/2025,11,37,11,11:37:11,-204,Tahap-4
01/23/2025,11,37,11,11:37:11,-174,Tahap-4
01/23/2025,11,37,11,11:37:11,-218,Tahap-4
01/23/2025,11,37,11,11:37:11,-178,Tahap-4
01/23/2025,11,37,11,11:37:11,-224,Tahap-4
01/23/2025,11,37,11,11:37:11,-214,Tahap-4
01/23/2025,11,37,11,11:37:11,-262,Tahap-4
01/23/2025,11,37,12,11:37:12,-238,Tahap-4
01/23/2025,11,37,12,11:37:12,-236,Tahap-4
01/23/2025,11,37,12,11:37:12,-110,Tahap-4
01/23/2025,11,37,12,11:37:12,-306,Tahap-4
01/23/2025,11,37,12,11:37:12,-168,Tahap-4
01/23/2025,11,37,12,11:37:12,-216,Tahap-4
01/23/2025,11,37,12,11:37:12,-212,Tahap-4
01/23/2025,11,37,12,11:37:12,-262,Tahap-4
01/23/2025,11,37,12,11:37:12,-166,Tahap-4
01/23/2025,11,37,12,11:37:12,-310,Tahap-4
01/23/2025,11,37,13,11:37:13,-232,Tahap-4
01/23/2025,11,37,13,11:37:13,-316,Tahap-4
01/23/2025,11,37,13,11:37:13,-254,Tahap-4
01/23/2025,11,37,13,11:37:13,-196,Tahap-4
01/23/2025,11,37,13,11:37:13,-252,Tahap-4
01/23/2025,11,37,13,11:37:13,-266,Tahap-4
01/23/2025,11,37,13,11:37:13,-164,Tahap-4
01/23/2025,11,37,13,11:37:13,-248,Tahap-4
