Tanggal,Jam,Menit,Detik,Waktu,frekuensi,label
01/24/2025,14,44,28,14:44:28,31,Tahap-4
01/24/2025,14,44,28,14:44:28,10,Tahap-4
01/24/2025,14,44,28,14:44:28,24,Tahap-4
01/24/2025,14,44,28,14:44:28,74,Tahap-4
01/24/2025,14,44,28,14:44:28,29,Tahap-4
01/24/2025,14,44,28,14:44:28,59,Tahap-4
01/24/2025,14,44,28,14:44:28,34,Tahap-4
01/24/2025,14,44,28,14:44:28,49,Tahap-4
01/24/2025,14,44,28,14:44:28,17,Tahap-4
01/24/2025,14,44,28,14:44:28,37,Tahap-4
01/24/2025,14,44,28,14:44:28,14,Tahap-4
01/24/2025,14,44,28,14:44:28,46,Tahap-4
01/24/2025,14,44,28,14:44:28,69,Tahap-4
01/24/2025,14,44,28,14:44:28,43,Tahap-4
01/24/2025,14,44,28,14:44:28,33,Tahap-4
01/24/2025,14,44,28,14:44:28,24,Tahap-4
01/24/2025,14,44,28,14:44:28,27,Tahap-4
01/24/2025,14,44,28,14:44:28,17,Tahap-4
01/24/2025,14,44,28,14:44:28,24,Tahap-4
01/24/2025,14,44,28,14:44:28,42,Tahap-4
01/24/2025,14,44,29,14:44:29,33,Tahap-4
01/24/2025,14,44,29,14:44:29,13,Tahap-4
01/24/2025,14,44,29,14:44:29,39,Tahap-4
01/24/2025,14,44,29,14:44:29,4,Tahap-4
01/24/2025,14,44,29,14:44:29,27,Tahap-4
01/24/2025,14,44,29,14:44:29,13,Tahap-4
01/24/2025,14,44,29,14:44:29,42,Tahap-4
01/24/2025,14,44,29,14:44:29,11,Tahap-4
01/24/2025,14,44,29,14:44:29,9,Tahap-4
01/24/2025,14,44,29,14:44:29,18,Tahap-4
01/24/2025,14,44,30,14:44:30,27,Tahap-4
01/24/2025,14,44,30,14:44:30,55,Tahap-4
01/24/2025,14,44,30,14:44:30,50,Tahap-4
01/24/2025,14,44,30,14:44:30,66,Tahap-4
01/24/2025,14,44,30,14:44:30,34,Tahap-4
01/24/2025,14,44,30,14:44:30,27,Tahap-4
01/24/2025,14,44,30,14:44:30,18,Tahap-4
01/24/2025,14,44,30,14:44:30,15,Tahap-4
01/24/2025,14,44,30,14:44:30,51,Tahap-4
01/24/2025,14,44,30,14:44:30,26,Tahap-4
01/24/2025,14,44,31,14:44:31,49,Tahap-4
01/24/2025,14,44,31,14:44:31,14,Tahap-4
01/24/2025,14,44,31,14:44:31,20,Tahap-4
01/24/2025,14,44,31,14:44:31,25,Tahap-4
01/24/2025,14,44,31,14:44:31,40,Tahap-4
01/24/2025,14,44,31,14:44:31,24,Tahap-4
01/24/2025,14,44,31,14:44:31,63,Tahap-4
01/24/2025,14,44,31,14:44:31,31,Tahap-4
01/24/2025,14,44,31,14:44:31,28,Tahap-4
01/24/2025,14,44,31,14:44:31,47,Tahap-4
01/24/2025,14,44,32,14:44:32,12,Tahap-4
01/24/2025,14,44,32,14:44:32,12,Tahap-4
01/24/2025,14,44,32,14:44:32,24,Tahap-4
01/24/2025,14,44,32,14:44:32,39,Tahap-4
01/24/2025,14,44,32,14:44:32,24,Tahap-4
01/24/2025,14,44,32,14:44:32,23,Tahap-4
01/24/2025,14,44,32,14:44:32,29,Tahap-4
01/24/2025,14,44,32,14:44:32,12,Tahap-4
01/24/2025,14,44,32,14:44:32,50,Tahap-4
01/24/2025,14,44,32,14:44:32,28,Tahap-4
01/24/2025,14,44,33,14:44:33,24,Tahap-4
01/24/2025,14,44,33,14:44:33,12,Tahap-4
01/24/2025,14,44,33,14:44:33,22,Tahap-4
01/24/2025,14,44,33,14:44:33,51,Tahap-4
01/24/2025,14,44,33,14:44:33,35,Tahap-4
01/24/2025,14,44,33,14:44:33,54,Tahap-4
01/24/2025,14,44,33,14:44:33,60,Tahap-4
01/24/2025,14,44,33,14:44:33,13,Tahap-4
01/24/2025,14,44,33,14:44:33,54,Tahap-4
01/24/2025,14,44,33,14:44:33,58,Tahap-4
01/24/2025,14,44,34,14:44:34,28,Tahap-4
01/24/2025,14,44,34,14:44:34,42,Tahap-4
01/24/2025,14,44,34,14:44:34,8,Tahap-4
01/24/2025,14,44,34,14:44:34,30,Tahap-4
01/24/2025,14,44,34,14:44:34,36,Tahap-4
01/24/2025,14,44,34,14:44:34,32,Tahap-4
01/24/2025,14,44,34,14:44:34,52,Tahap-4
01/24/2025,14,44,34,14:44:34,53,Tahap-4
01/24/2025,14,44,34,14:44:34,8,Tahap-4
01/24/2025,14,44,34,14:44:34,37,Tahap-4
01/24/2025,14,44,35,14:44:35,67,Tahap-4
01/24/2025,14,44,35,14:44:35,5,Tahap-4
01/24/2025,14,44,35,14:44:35,24,Tahap-4
01/24/2025,14,44,35,14:44:35,29,Tahap-4
01/24/2025,14,44,35,14:44:35,38,Tahap-4
01/24/2025,14,44,35,14:44:35,79,Tahap-4
01/24/2025,14,44,35,14:44:35,30,Tahap-4
01/24/2025,14,44,35,14:44:35,47,Tahap-4
01/24/2025,14,44,35,14:44:35,67,Tahap-4
01/24/2025,14,44,35,14:44:35,83,Tahap-4
01/24/2025,14,44,36,14:44:36,24,Tahap-4
01/24/2025,14,44,36,14:44:36,54,Tahap-4
01/24/2025,14,44,36,14:44:36,39,Tahap-4
01/24/2025,14,44,36,14:44:36,49,Tahap-4
01/24/2025,14,44,36,14:44:36,34,Tahap-4
01/24/2025,14,44,36,14:44:36,62,Tahap-4
01/24/2025,14,44,36,14:44:36,-2,Tahap-4
01/24/2025,14,44,36,14:44:36,2,Tahap-4
01/24/2025,14,44,36,14:44:36,-3,Tahap-4
01/24/2025,14,44,36,14:44:36,-4,Tahap-4
01/24/2025,14,44,37,14:44:37,-3,Tahap-4
01/24/2025,14,44,37,14:44:37,-2,Tahap-4
01/24/2025,14,44,37,14:44:37,-3,Tahap-4
01/24/2025,14,44,37,14:44:37,-4,Tahap-4
01/24/2025,14,44,37,14:44:37,-2,Tahap-4
01/24/2025,14,44,37,14:44:37,-4,Tahap-4
01/24/2025,14,44,37,14:44:37,-3,Tahap-4
01/24/2025,14,44,37,14:44:37,-6,Tahap-4
01/24/2025,14,44,38,14:44:38,1,Tahap-4
01/24/2025,14,44,38,14:44:38,-3,Tahap-4
01/24/2025,14,44,38,14:44:38,-5,Tahap-4
01/24/2025,14,44,38,14:44:38,-4,Tahap-4
01/24/2025,14,44,38,14:44:38,-1,Tahap-4
01/24/2025,14,44,38,14:44:38,-3,Tahap-4
01/24/2025,14,44,38,14:44:38,-6,Tahap-4
01/24/2025,14,44,38,14:44:38,-5,Tahap-4
01/24/2025,14,44,38,14:44:38,-6,Tahap-4
01/24/2025,14,44,38,14:44:38,-3,Tahap-4
01/24/2025,14,44,39,14:44:39,-5,Tahap-4
01/24/2025,14,44,39,14:44:39,-5,Tahap-4
01/24/2025,14,44,39,14:44:39,-5,Tahap-4
01/24/2025,14,44,39,14:44:39,-5,Tahap-4
01/24/2025,14,44,39,14:44:39,-7,Tahap-4
01/24/2025,14,44,39,14:44:39,-4,Tahap-4
01/24/2025,14,44,39,14:44:39,-4,Tahap-4
01/24/2025,14,44,39,14:44:39,-5,Tahap-4
01/24/2025,14,44,39,14:44:39,-3,Tahap-4
01/24/2025,14,44,39,14:44:39,-4,Tahap-4
01/24/2025,14,44,40,14:44:40,-1,Tahap-4
01/24/2025,14,44,40,14:44:40,-8,Tahap-4
01/24/2025,14,44,40,14:44:40,-4,Tahap-4
01/24/2025,14,44,40,14:44:40,-7,Tahap-4
01/24/2025,14,44,40,14:44:40,-5,Tahap-4
01/24/2025,14,44,40,14:44:40,-6,Tahap-4
01/24/2025,14,44,40,14:44:40,-8,Tahap-4
01/24/2025,14,44,40,14:44:40,-8,Tahap-4
01/24/2025,14,44,40,14:44:40,-5,Tahap-4
01/24/2025,14,44,40,14:44:40,-8,Tahap-4
01/24/2025,14,44,41,14:44:41,-8,Tahap-4
01/24/2025,14,44,41,14:44:41,-7,Tahap-4
01/24/2025,14,44,41,14:44:41,-8,Tahap-4
01/24/2025,14,44,41,14:44:41,-7,Tahap-4
01/24/2025,14,44,41,14:44:41,-3,Tahap-4
01/24/2025,14,44,41,14:44:41,-6,Tahap-4
01/24/2025,14,44,41,14:44:41,-7,Tahap-4
01/24/2025,14,44,41,14:44:41,-5,Tahap-4
01/24/2025,14,44,41,14:44:41,-9,Tahap-4
01/24/2025,14,44,41,14:44:41,-5,Tahap-4
01/24/2025,14,44,42,14:44:42,-7,Tahap-4
01/24/2025,14,44,42,14:44:42,-6,Tahap-4
01/24/2025,14,44,42,14:44:42,-8,Tahap-4
01/24/2025,14,44,42,14:44:42,-9,Tahap-4
01/24/2025,14,44,42,14:44:42,-8,Tahap-4
01/24/2025,14,44,42,14:44:42,-9,Tahap-4
01/24/2025,14,44,42,14:44:42,-8,Tahap-4
01/24/2025,14,44,42,14:44:42,-9,Tahap-4
01/24/2025,14,44,42,14:44:42,-7,Tahap-4
01/24/2025,14,44,42,14:44:42,-10,Tahap-4
01/24/2025,14,44,43,14:44:43,-8,Tahap-4
01/24/2025,14,44,43,14:44:43,-9,Tahap-4
01/24/2025,14,44,43,14:44:43,-7,Tahap-4
01/24/2025,14,44,43,14:44:43,-10,Tahap-4
01/24/2025,14,44,43,14:44:43,-10,Tahap-4
01/24/2025,14,44,43,14:44:43,-8,Tahap-4
01/24/2025,14,44,43,14:44:43,-14,Tahap-4
01/24/2025,14,44,43,14:44:43,-5,Tahap-4
01/24/2025,14,44,43,14:44:43,-11,Tahap-4
01/24/2025,14,44,43,14:44:43,-7,Tahap-4
01/24/2025,14,44,44,14:44:44,-9,Tahap-4
01/24/2025,14,44,44,14:44:44,-11,Tahap-4
01/24/2025,14,44,44,14:44:44,-10,Tahap-4
01/24/2025,14,44,44,14:44:44,-7,Tahap-4
01/24/2025,14,44,44,14:44:44,-11,Tahap-4
01/24/2025,14,44,44,14:44:44,-9,Tahap-4
01/24/2025,14,44,44,14:44:44,-11,Tahap-4
01/24/2025,14,44,44,14:44:44,-11,Tahap-4
01/24/2025,14,44,44,14:44:44,-10,Tahap-4
01/24/2025,14,44,44,14:44:44,-11,Tahap-4
01/24/2025,14,44,45,14:44:45,-11,Tahap-4
01/24/2025,14,44,45,14:44:45,-9,Tahap-4
01/24/2025,14,44,45,14:44:45,-12,Tahap-4
01/24/2025,14,44,45,14:44:45,-11,Tahap-4
01/24/2025,14,44,45,14:44:45,-9,Tahap-4
01/24/2025,14,44,45,14:44:45,-11,Tahap-4
01/24/2025,14,44,45,14:44:45,-14,Tahap-4
01/24/2025,14,44,45,14:44:45,-15,Tahap-4
01/24/2025,14,44,45,14:44:45,-13,Tahap-4
01/24/2025,14,44,45,14:44:45,-10,Tahap-4
01/24/2025,14,44,46,14:44:46,-16,Tahap-4
01/24/2025,14,44,46,14:44:46,-10,Tahap-4
01/24/2025,14,44,46,14:44:46,-14,Tahap-4
01/24/2025,14,44,46,14:44:46,-12,Tahap-4
01/24/2025,14,44,46,14:44:46,-15,Tahap-4
01/24/2025,14,44,46,14:44:46,-12,Tahap-4
01/24/2025,14,44,46,14:44:46,-14,Tahap-4
01/24/2025,14,44,46,14:44:46,-12,Tahap-4
01/24/2025,14,44,46,14:44:46,-14,Tahap-4
01/24/2025,14,44,46,14:44:46,-13,Tahap-4
01/24/2025,14,44,47,14:44:47,-16,Tahap-4
01/24/2025,14,44,47,14:44:47,-11,Tahap-4
01/24/2025,14,44,47,14:44:47,-17,Tahap-4
01/24/2025,14,44,47,14:44:47,-12,Tahap-4
01/24/2025,14,44,47,14:44:47,-13,Tahap-4
01/24/2025,14,44,47,14:44:47,-14,Tahap-4
01/24/2025,14,44,47,14:44:47,-12,Tahap-4
01/24/2025,14,44,47,14:44:47,-15,Tahap-4
01/24/2025,14,44,47,14:44:47,-16,Tahap-4
01/24/2025,14,44,47,14:44:47,-12,Tahap-4
01/24/2025,14,44,48,14:44:48,-15,Tahap-4
01/24/2025,14,44,48,14:44:48,-17,Tahap-4
01/24/2025,14,44,48,14:44:48,-13,Tahap-4
01/24/2025,14,44,48,14:44:48,-16,Tahap-4
01/24/2025,14,44,48,14:44:48,-12,Tahap-4
01/24/2025,14,44,48,14:44:48,-21,Tahap-4
01/24/2025,14,44,48,14:44:48,-16,Tahap-4
01/24/2025,14,44,48,14:44:48,-14,Tahap-4
01/24/2025,14,44,48,14:44:48,-14,Tahap-4
01/24/2025,14,44,48,14:44:48,-15,Tahap-4
01/24/2025,14,44,49,14:44:49,-17,Tahap-4
01/24/2025,14,44,49,14:44:49,-15,Tahap-4
01/24/2025,14,44,49,14:44:49,-17,Tahap-4
01/24/2025,14,44,49,14:44:49,-13,Tahap-4
01/24/2025,14,45,13,14:45:13,2580,Tahap-4
01/24/2025,14,45,13,14:45:13,1921,Tahap-4
01/24/2025,14,45,14,14:45:14,869,Tahap-4
01/24/2025,14,45,14,14:45:14,672,Tahap-4
01/24/2025,14,45,14,14:45:14,851,Tahap-4
01/24/2025,14,45,14,14:45:14,495,Tahap-4
01/24/2025,14,45,14,14:45:14,299,Tahap-4
01/24/2025,14,45,14,14:45:14,495,Tahap-4
01/24/2025,14,45,14,14:45:14,320,Tahap-4
01/24/2025,14,45,14,14:45:14,410,Tahap-4
01/24/2025,14,45,14,14:45:14,99,Tahap-4
01/24/2025,14,45,14,14:45:14,187,Tahap-4
01/24/2025,14,45,15,14:45:15,212,Tahap-4
01/24/2025,14,45,15,14:45:15,187,Tahap-4
01/24/2025,14,45,15,14:45:15,89,Tahap-4
01/24/2025,14,45,15,14:45:15,168,Tahap-4
01/24/2025,14,45,15,14:45:15,171,Tahap-4
01/24/2025,14,45,15,14:45:15,131,Tahap-4
01/24/2025,14,45,15,14:45:15,177,Tahap-4
01/24/2025,14,45,15,14:45:15,190,Tahap-4
01/24/2025,14,45,15,14:45:15,187,Tahap-4
01/24/2025,14,45,15,14:45:15,88,Tahap-4
01/24/2025,14,45,16,14:45:16,445,Tahap-4
01/24/2025,14,45,16,14:45:16,389,Tahap-4
01/24/2025,14,45,16,14:45:16,200,Tahap-4
01/24/2025,14,45,16,14:45:16,218,Tahap-4
01/24/2025,14,45,16,14:45:16,116,Tahap-4
01/24/2025,14,45,16,14:45:16,115,Tahap-4
01/24/2025,14,45,16,14:45:16,210,Tahap-4
01/24/2025,14,45,16,14:45:16,227,Tahap-4
01/24/2025,14,45,16,14:45:16,118,Tahap-4
01/24/2025,14,45,16,14:45:16,40,Tahap-4
01/24/2025,14,45,17,14:45:17,47,Tahap-4
01/24/2025,14,45,17,14:45:17,126,Tahap-4
01/24/2025,14,45,17,14:45:17,144,Tahap-4
01/24/2025,14,45,17,14:45:17,155,Tahap-4
01/24/2025,14,45,17,14:45:17,36,Tahap-4
01/24/2025,14,45,17,14:45:17,117,Tahap-4
01/24/2025,14,45,17,14:45:17,226,Tahap-4
01/24/2025,14,45,17,14:45:17,101,Tahap-4
01/24/2025,14,45,17,14:45:17,81,Tahap-4
01/24/2025,14,45,17,14:45:17,109,Tahap-4
01/24/2025,14,45,18,14:45:18,106,Tahap-4
01/24/2025,14,45,18,14:45:18,145,Tahap-4
01/24/2025,14,45,18,14:45:18,246,Tahap-4
01/24/2025,14,45,18,14:45:18,83,Tahap-4
01/24/2025,14,45,18,14:45:18,392,Tahap-4
01/24/2025,14,45,18,14:45:18,65,Tahap-4
01/24/2025,14,45,18,14:45:18,84,Tahap-4
01/24/2025,14,45,18,14:45:18,106,Tahap-4
01/24/2025,14,45,18,14:45:18,98,Tahap-4
01/24/2025,14,45,18,14:45:18,138,Tahap-4
01/24/2025,14,45,19,14:45:19,139,Tahap-4
01/24/2025,14,45,19,14:45:19,49,Tahap-4
01/24/2025,14,45,19,14:45:19,60,Tahap-4
01/24/2025,14,45,19,14:45:19,160,Tahap-4
01/24/2025,14,45,19,14:45:19,211,Tahap-4
01/24/2025,14,45,19,14:45:19,109,Tahap-4
01/24/2025,14,45,19,14:45:19,106,Tahap-4
01/24/2025,14,45,19,14:45:19,128,Tahap-4
01/24/2025,14,45,19,14:45:19,191,Tahap-4
01/24/2025,14,45,19,14:45:19,99,Tahap-4
01/24/2025,14,45,20,14:45:20,172,Tahap-4
01/24/2025,14,45,20,14:45:20,117,Tahap-4
01/24/2025,14,45,20,14:45:20,190,Tahap-4
01/24/2025,14,45,20,14:45:20,195,Tahap-4
01/24/2025,14,45,20,14:45:20,126,Tahap-4
01/24/2025,14,45,20,14:45:20,264,Tahap-4
01/24/2025,14,45,20,14:45:20,272,Tahap-4
01/24/2025,14,45,20,14:45:20,681,Tahap-4
01/24/2025,14,45,20,14:45:20,593,Tahap-4
01/24/2025,14,45,20,14:45:20,283,Tahap-4
01/24/2025,14,45,21,14:45:21,201,Tahap-4
01/24/2025,14,45,21,14:45:21,272,Tahap-4
01/24/2025,14,45,21,14:45:21,136,Tahap-4
01/24/2025,14,45,21,14:45:21,48,Tahap-4
01/24/2025,14,45,21,14:45:21,99,Tahap-4
01/24/2025,14,45,21,14:45:21,132,Tahap-4
01/24/2025,14,45,21,14:45:21,82,Tahap-4
01/24/2025,14,45,21,14:45:21,44,Tahap-4
01/24/2025,14,45,21,14:45:21,92,Tahap-4
01/24/2025,14,45,21,14:45:21,46,Tahap-4
01/24/2025,14,45,22,14:45:22,153,Tahap-4
01/24/2025,14,45,22,14:45:22,352,Tahap-4
01/24/2025,14,45,22,14:45:22,135,Tahap-4
01/24/2025,14,45,22,14:45:22,111,Tahap-4
01/24/2025,14,45,22,14:45:22,383,Tahap-4
01/24/2025,14,45,22,14:45:22,849,Tahap-4
01/24/2025,14,45,22,14:45:22,1033,Tahap-4
01/24/2025,14,45,22,14:45:22,657,Tahap-4
01/24/2025,14,45,22,14:45:22,432,Tahap-4
01/24/2025,14,45,22,14:45:22,327,Tahap-4
01/24/2025,14,45,23,14:45:23,207,Tahap-4
01/24/2025,14,45,23,14:45:23,855,Tahap-4
01/24/2025,14,45,23,14:45:23,322,Tahap-4
01/24/2025,14,45,23,14:45:23,704,Tahap-4
01/24/2025,14,45,23,14:45:23,261,Tahap-4
01/24/2025,14,45,23,14:45:23,78,Tahap-4
01/24/2025,14,45,23,14:45:23,32,Tahap-4
01/24/2025,14,45,23,14:45:23,177,Tahap-4
01/24/2025,14,45,23,14:45:23,84,Tahap-4
01/24/2025,14,45,23,14:45:23,86,Tahap-4
01/24/2025,14,45,24,14:45:24,59,Tahap-4
01/24/2025,14,45,24,14:45:24,48,Tahap-4
01/24/2025,14,45,24,14:45:24,261,Tahap-4
01/24/2025,14,45,24,14:45:24,130,Tahap-4
01/24/2025,14,45,24,14:45:24,188,Tahap-4
01/24/2025,14,45,24,14:45:24,77,Tahap-4
01/24/2025,14,45,24,14:45:24,308,Tahap-4
01/24/2025,14,45,24,14:45:24,320,Tahap-4
01/24/2025,14,45,24,14:45:24,369,Tahap-4
01/24/2025,14,45,24,14:45:24,104,Tahap-4
01/24/2025,14,45,25,14:45:25,109,Tahap-4
01/24/2025,14,45,25,14:45:25,298,Tahap-4
01/24/2025,14,45,25,14:45:25,377,Tahap-4
01/24/2025,14,45,25,14:45:25,771,Tahap-4
01/24/2025,14,45,25,14:45:25,1478,Tahap-4
01/24/2025,14,45,25,14:45:25,585,Tahap-4
01/24/2025,14,45,25,14:45:25,149,Tahap-4
01/24/2025,14,45,25,14:45:25,291,Tahap-4
01/24/2025,14,45,25,14:45:25,162,Tahap-4
01/24/2025,14,45,25,14:45:25,162,Tahap-4
01/24/2025,14,45,26,14:45:26,76,Tahap-4
01/24/2025,14,45,26,14:45:26,393,Tahap-4
01/24/2025,14,45,26,14:45:26,75,Tahap-4
01/24/2025,14,45,26,14:45:26,152,Tahap-4
01/24/2025,14,45,26,14:45:26,158,Tahap-4
01/24/2025,14,45,26,14:45:26,-148,Tahap-4
01/24/2025,14,45,26,14:45:26,8,Tahap-4
01/24/2025,14,45,26,14:45:26,-124,Tahap-4
01/24/2025,14,45,26,14:45:26,48,Tahap-4
01/24/2025,14,45,27,14:45:27,-64,Tahap-4
01/24/2025,14,45,27,14:45:27,-28,Tahap-4
01/24/2025,14,45,27,14:45:27,-112,Tahap-4
01/24/2025,14,45,27,14:45:27,-60,Tahap-4
01/24/2025,14,45,27,14:45:27,40,Tahap-4
01/24/2025,14,45,27,14:45:27,-132,Tahap-4
01/24/2025,14,45,27,14:45:27,-16,Tahap-4
01/24/2025,14,45,27,14:45:27,-100,Tahap-4
01/24/2025,14,45,27,14:45:27,52,Tahap-4
01/24/2025,14,45,27,14:45:27,-104,Tahap-4
01/24/2025,14,45,27,14:45:27,48,Tahap-4
01/24/2025,14,45,28,14:45:28,-32,Tahap-4
01/24/2025,14,45,28,14:45:28,-24,Tahap-4
01/24/2025,14,45,28,14:45:28,-44,Tahap-4
01/24/2025,14,45,28,14:45:28,-84,Tahap-4
01/24/2025,14,45,28,14:45:28,60,Tahap-4
01/24/2025,14,45,28,14:45:28,-80,Tahap-4
01/24/2025,14,45,28,14:45:28,-64,Tahap-4
01/24/2025,14,45,28,14:45:28,-28,Tahap-4
01/24/2025,14,45,28,14:45:28,52,Tahap-4
01/24/2025,14,45,28,14:45:28,-136,Tahap-4
01/24/2025,14,45,29,14:45:29,112,Tahap-4
01/24/2025,14,45,29,14:45:29,-64,Tahap-4
01/24/2025,14,45,29,14:45:29,-56,Tahap-4
01/24/2025,14,45,29,14:45:29,-20,Tahap-4
01/24/2025,14,45,29,14:45:29,-76,Tahap-4
01/24/2025,14,45,29,14:45:29,-32,Tahap-4
01/24/2025,14,45,29,14:45:29,-24,Tahap-4
01/24/2025,14,45,29,14:45:29,-132,Tahap-4
01/24/2025,14,45,29,14:45:29,-48,Tahap-4
01/24/2025,14,45,29,14:45:29,52,Tahap-4
01/24/2025,14,45,30,14:45:30,-152,Tahap-4
01/24/2025,14,45,30,14:45:30,100,Tahap-4
01/24/2025,14,45,30,14:45:30,-20,Tahap-4
01/24/2025,14,45,30,14:45:30,-68,Tahap-4
01/24/2025,14,45,30,14:45:30,-64,Tahap-4
01/24/2025,14,45,30,14:45:30,-68,Tahap-4
01/24/2025,14,45,30,14:45:30,-4,Tahap-4
01/24/2025,14,45,30,14:45:30,-76,Tahap-4
01/24/2025,14,45,30,14:45:30,-12,Tahap-4
01/24/2025,14,45,30,14:45:30,-176,Tahap-4
01/24/2025,14,45,31,14:45:31,124,Tahap-4
01/24/2025,14,45,31,14:45:31,-152,Tahap-4
01/24/2025,14,45,31,14:45:31,92,Tahap-4
01/24/2025,14,45,31,14:45:31,36,Tahap-4
01/24/2025,14,45,31,14:45:31,-20,Tahap-4
01/24/2025,14,45,31,14:45:31,-116,Tahap-4
01/24/2025,14,45,31,14:45:31,20,Tahap-4
01/24/2025,14,45,31,14:45:31,-36,Tahap-4
01/24/2025,14,45,31,14:45:31,-28,Tahap-4
01/24/2025,14,45,31,14:45:31,-8,Tahap-4
01/24/2025,14,45,32,14:45:32,-32,Tahap-4
01/24/2025,14,45,32,14:45:32,80,Tahap-4
01/24/2025,14,45,32,14:45:32,-80,Tahap-4
01/24/2025,14,45,32,14:45:32,128,Tahap-4
01/24/2025,14,45,32,14:45:32,32,Tahap-4
01/24/2025,14,45,32,14:45:32,112,Tahap-4
01/24/2025,14,45,32,14:45:32,-112,Tahap-4
01/24/2025,14,45,32,14:45:32,116,Tahap-4
01/24/2025,14,45,32,14:45:32,28,Tahap-4
01/24/2025,14,45,32,14:45:32,64,Tahap-4
01/24/2025,14,45,33,14:45:33,-4,Tahap-4
01/24/2025,14,45,33,14:45:33,140,Tahap-4
01/24/2025,14,45,33,14:45:33,48,Tahap-4
01/24/2025,14,45,33,14:45:33,-36,Tahap-4
01/24/2025,14,45,33,14:45:33,192,Tahap-4
01/24/2025,14,45,33,14:45:33,16,Tahap-4
01/24/2025,14,45,33,14:45:33,88,Tahap-4
01/24/2025,14,45,33,14:45:33,-8,Tahap-4
01/24/2025,14,45,33,14:45:33,-12,Tahap-4
01/24/2025,14,45,33,14:45:33,76,Tahap-4
01/24/2025,14,45,34,14:45:34,20,Tahap-4
01/24/2025,14,45,34,14:45:34,-40,Tahap-4
01/24/2025,14,45,34,14:45:34,204,Tahap-4
01/24/2025,14,45,34,14:45:34,8,Tahap-4
01/24/2025,14,45,34,14:45:34,-12,Tahap-4
01/24/2025,14,45,34,14:45:34,216,Tahap-4
01/24/2025,14,45,34,14:45:34,56,Tahap-4
01/24/2025,14,45,34,14:45:34,72,Tahap-4
01/24/2025,14,45,34,14:45:34,76,Tahap-4
01/24/2025,14,45,34,14:45:34,76,Tahap-4
01/24/2025,14,45,35,14:45:35,96,Tahap-4
01/24/2025,14,45,35,14:45:35,120,Tahap-4
01/24/2025,14,45,35,14:45:35,52,Tahap-4
01/24/2025,14,45,35,14:45:35,236,Tahap-4
01/24/2025,14,45,35,14:45:35,104,Tahap-4
01/24/2025,14,45,35,14:45:35,28,Tahap-4
01/24/2025,14,45,35,14:45:35,268,Tahap-4
01/24/2025,14,45,35,14:45:35,144,Tahap-4
01/24/2025,14,45,35,14:45:35,96,Tahap-4
01/24/2025,14,45,35,14:45:35,128,Tahap-4
01/24/2025,14,45,36,14:45:36,200,Tahap-4
01/24/2025,14,45,36,14:45:36,40,Tahap-4
01/24/2025,14,45,36,14:45:36,136,Tahap-4
01/24/2025,14,45,36,14:45:36,76,Tahap-4
01/24/2025,14,45,36,14:45:36,188,Tahap-4
01/24/2025,14,45,36,14:45:36,116,Tahap-4
01/24/2025,14,45,36,14:45:36,252,Tahap-4
01/24/2025,14,45,36,14:45:36,100,Tahap-4
01/24/2025,14,45,36,14:45:36,192,Tahap-4
01/24/2025,14,45,36,14:45:36,156,Tahap-4
01/24/2025,14,45,37,14:45:37,48,Tahap-4
01/24/2025,14,45,37,14:45:37,244,Tahap-4
01/24/2025,14,45,37,14:45:37,136,Tahap-4
01/24/2025,14,45,37,14:45:37,100,Tahap-4
01/24/2025,14,45,37,14:45:37,276,Tahap-4
01/24/2025,14,45,37,14:45:37,88,Tahap-4
01/24/2025,14,45,37,14:45:37,148,Tahap-4
01/24/2025,14,45,37,14:45:37,356,Tahap-4
01/24/2025,14,45,37,14:45:37,192,Tahap-4
01/24/2025,14,45,37,14:45:37,236,Tahap-4
01/24/2025,14,45,37,14:45:37,312,Tahap-4
01/24/2025,14,45,38,14:45:38,116,Tahap-4
01/24/2025,14,45,38,14:45:38,236,Tahap-4
01/24/2025,14,45,38,14:45:38,244,Tahap-4
01/24/2025,14,45,38,14:45:38,148,Tahap-4
01/24/2025,14,45,38,14:45:38,236,Tahap-4
01/24/2025,14,45,38,14:45:38,144,Tahap-4
01/24/2025,14,45,38,14:45:38,152,Tahap-4
01/24/2025,14,45,38,14:45:38,384,Tahap-4
01/24/2025,14,45,38,14:45:38,88,Tahap-4
01/24/2025,14,45,38,14:45:38,220,Tahap-4
01/24/2025,14,45,39,14:45:39,208,Tahap-4
01/24/2025,14,45,39,14:45:39,136,Tahap-4
01/24/2025,14,45,39,14:45:39,176,Tahap-4
01/24/2025,14,46,3,14:46:03,1206,Tahap-4
01/24/2025,14,46,3,14:46:03,763,Tahap-4
01/24/2025,14,46,3,14:46:03,484,Tahap-4
01/24/2025,14,46,4,14:46:04,335,Tahap-4
01/24/2025,14,46,4,14:46:04,797,Tahap-4
01/24/2025,14,46,4,14:46:04,104,Tahap-4
01/24/2025,14,46,4,14:46:04,43,Tahap-4
01/24/2025,14,46,4,14:46:04,428,Tahap-4
01/24/2025,14,46,4,14:46:04,23,Tahap-4
01/24/2025,14,46,4,14:46:04,89,Tahap-4
01/24/2025,14,46,4,14:46:04,71,Tahap-4
01/24/2025,14,46,4,14:46:04,106,Tahap-4
01/24/2025,14,46,4,14:46:04,58,Tahap-4
01/24/2025,14,46,5,14:46:05,202,Tahap-4
01/24/2025,14,46,5,14:46:05,127,Tahap-4
01/24/2025,14,46,5,14:46:05,126,Tahap-4
01/24/2025,14,46,5,14:46:05,55,Tahap-4
01/24/2025,14,46,5,14:46:05,52,Tahap-4
01/24/2025,14,46,5,14:46:05,181,Tahap-4
01/24/2025,14,46,5,14:46:05,57,Tahap-4
01/24/2025,14,46,5,14:46:05,70,Tahap-4
01/24/2025,14,46,5,14:46:05,139,Tahap-4
01/24/2025,14,46,5,14:46:05,263,Tahap-4
01/24/2025,14,46,6,14:46:06,519,Tahap-4
01/24/2025,14,46,6,14:46:06,125,Tahap-4
01/24/2025,14,46,6,14:46:06,127,Tahap-4
01/24/2025,14,46,6,14:46:06,231,Tahap-4
01/24/2025,14,46,6,14:46:06,63,Tahap-4
01/24/2025,14,46,6,14:46:06,81,Tahap-4
01/24/2025,14,46,6,14:46:06,85,Tahap-4
01/24/2025,14,46,6,14:46:06,151,Tahap-4
01/24/2025,14,46,6,14:46:06,83,Tahap-4
01/24/2025,14,46,6,14:46:06,62,Tahap-4
01/24/2025,14,46,7,14:46:07,29,Tahap-4
01/24/2025,14,46,7,14:46:07,36,Tahap-4
01/24/2025,14,46,7,14:46:07,177,Tahap-4
01/24/2025,14,46,7,14:46:07,104,Tahap-4
01/24/2025,14,46,7,14:46:07,54,Tahap-4
01/24/2025,14,46,7,14:46:07,105,Tahap-4
01/24/2025,14,46,7,14:46:07,134,Tahap-4
01/24/2025,14,46,7,14:46:07,69,Tahap-4
01/24/2025,14,46,7,14:46:07,85,Tahap-4
01/24/2025,14,46,7,14:46:07,10,Tahap-4
01/24/2025,14,46,8,14:46:08,200,Tahap-4
01/24/2025,14,46,8,14:46:08,196,Tahap-4
01/24/2025,14,46,8,14:46:08,164,Tahap-4
01/24/2025,14,46,8,14:46:08,293,Tahap-4
01/24/2025,14,46,8,14:46:08,110,Tahap-4
01/24/2025,14,46,8,14:46:08,28,Tahap-4
01/24/2025,14,46,8,14:46:08,54,Tahap-4
01/24/2025,14,46,8,14:46:08,211,Tahap-4
01/24/2025,14,46,8,14:46:08,108,Tahap-4
01/24/2025,14,46,8,14:46:08,186,Tahap-4
01/24/2025,14,46,9,14:46:09,32,Tahap-4
01/24/2025,14,46,9,14:46:09,160,Tahap-4
01/24/2025,14,46,9,14:46:09,179,Tahap-4
01/24/2025,14,46,9,14:46:09,43,Tahap-4
01/24/2025,14,46,9,14:46:09,110,Tahap-4
01/24/2025,14,46,9,14:46:09,104,Tahap-4
01/24/2025,14,46,9,14:46:09,139,Tahap-4
01/24/2025,14,46,9,14:46:09,170,Tahap-4
01/24/2025,14,46,9,14:46:09,74,Tahap-4
01/24/2025,14,46,9,14:46:09,24,Tahap-4
01/24/2025,14,46,10,14:46:10,24,Tahap-4
01/24/2025,14,46,10,14:46:10,293,Tahap-4
01/24/2025,14,46,10,14:46:10,114,Tahap-4
01/24/2025,14,46,10,14:46:10,74,Tahap-4
01/24/2025,14,46,10,14:46:10,211,Tahap-4
01/24/2025,14,46,10,14:46:10,254,Tahap-4
01/24/2025,14,46,10,14:46:10,747,Tahap-4
01/24/2025,14,46,10,14:46:10,416,Tahap-4
01/24/2025,14,46,10,14:46:10,220,Tahap-4
01/24/2025,14,46,10,14:46:10,230,Tahap-4
01/24/2025,14,46,11,14:46:11,193,Tahap-4
01/24/2025,14,46,11,14:46:11,321,Tahap-4
01/24/2025,14,46,11,14:46:11,154,Tahap-4
01/24/2025,14,46,11,14:46:11,65,Tahap-4
01/24/2025,14,46,11,14:46:11,129,Tahap-4
01/24/2025,14,46,11,14:46:11,140,Tahap-4
01/24/2025,14,46,11,14:46:11,136,Tahap-4
01/24/2025,14,46,11,14:46:11,132,Tahap-4
01/24/2025,14,46,11,14:46:11,217,Tahap-4
01/24/2025,14,46,11,14:46:11,206,Tahap-4
01/24/2025,14,46,12,14:46:12,206,Tahap-4
01/24/2025,14,46,12,14:46:12,380,Tahap-4
01/24/2025,14,46,12,14:46:12,221,Tahap-4
01/24/2025,14,46,12,14:46:12,481,Tahap-4
01/24/2025,14,46,12,14:46:12,747,Tahap-4
01/24/2025,14,46,12,14:46:12,1048,Tahap-4
01/24/2025,14,46,12,14:46:12,448,Tahap-4
01/24/2025,14,46,12,14:46:12,174,Tahap-4
01/24/2025,14,46,12,14:46:12,197,Tahap-4
01/24/2025,14,46,12,14:46:12,453,Tahap-4
01/24/2025,14,46,13,14:46:13,735,Tahap-4
01/24/2025,14,46,13,14:46:13,167,Tahap-4
01/24/2025,14,46,13,14:46:13,177,Tahap-4
01/24/2025,14,46,13,14:46:13,269,Tahap-4
01/24/2025,14,46,13,14:46:13,68,Tahap-4
01/24/2025,14,46,13,14:46:13,86,Tahap-4
01/24/2025,14,46,13,14:46:13,169,Tahap-4
01/24/2025,14,46,13,14:46:13,152,Tahap-4
01/24/2025,14,46,13,14:46:13,226,Tahap-4
01/24/2025,14,46,13,14:46:13,102,Tahap-4
01/24/2025,14,46,14,14:46:14,92,Tahap-4
01/24/2025,14,46,14,14:46:14,17,Tahap-4
01/24/2025,14,46,14,14:46:14,134,Tahap-4
01/24/2025,14,46,14,14:46:14,225,Tahap-4
01/24/2025,14,46,14,14:46:14,301,Tahap-4
01/24/2025,14,46,14,14:46:14,303,Tahap-4
01/24/2025,14,46,14,14:46:14,572,Tahap-4
01/24/2025,14,46,14,14:46:14,658,Tahap-4
01/24/2025,14,46,14,14:46:14,87,Tahap-4
01/24/2025,14,46,14,14:46:14,117,Tahap-4
01/24/2025,14,46,15,14:46:15,225,Tahap-4
01/24/2025,14,46,15,14:46:15,730,Tahap-4
01/24/2025,14,46,15,14:46:15,939,Tahap-4
01/24/2025,14,46,15,14:46:15,773,Tahap-4
01/24/2025,14,46,15,14:46:15,687,Tahap-4
01/24/2025,14,46,15,14:46:15,180,Tahap-4
01/24/2025,14,46,15,14:46:15,506,Tahap-4
01/24/2025,14,46,15,14:46:15,142,Tahap-4
01/24/2025,14,46,15,14:46:15,166,Tahap-4
01/24/2025,14,46,15,14:46:15,123,Tahap-4
01/24/2025,14,46,16,14:46:16,264,Tahap-4
01/24/2025,14,46,16,14:46:16,109,Tahap-4
01/24/2025,14,46,16,14:46:16,191,Tahap-4
01/24/2025,14,46,16,14:46:16,158,Tahap-4
01/24/2025,14,46,16,14:46:16,-104,Tahap-4
01/24/2025,14,46,16,14:46:16,-152,Tahap-4
01/24/2025,14,46,16,14:46:16,152,Tahap-4
01/24/2025,14,46,16,14:46:16,-224,Tahap-4
01/24/2025,14,46,16,14:46:16,88,Tahap-4
01/24/2025,14,46,16,14:46:16,-56,Tahap-4
01/24/2025,14,46,17,14:46:17,-120,Tahap-4
01/24/2025,14,46,17,14:46:17,16,Tahap-4
01/24/2025,14,46,17,14:46:17,-112,Tahap-4
01/24/2025,14,46,17,14:46:17,-64,Tahap-4
01/24/2025,14,46,17,14:46:17,-176,Tahap-4
01/24/2025,14,46,17,14:46:17,-136,Tahap-4
01/24/2025,14,46,17,14:46:17,232,Tahap-4
01/24/2025,14,46,17,14:46:17,-240,Tahap-4
01/24/2025,14,46,17,14:46:17,200,Tahap-4
01/24/2025,14,46,18,14:46:18,16,Tahap-4
01/24/2025,14,46,18,14:46:18,-40,Tahap-4
01/24/2025,14,46,18,14:46:18,-88,Tahap-4
01/24/2025,14,46,18,14:46:18,144,Tahap-4
01/24/2025,14,46,18,14:46:18,-112,Tahap-4
01/24/2025,14,46,18,14:46:18,-40,Tahap-4
01/24/2025,14,46,18,14:46:18,-48,Tahap-4
01/24/2025,14,46,18,14:46:18,-48,Tahap-4
01/24/2025,14,46,18,14:46:18,136,Tahap-4
01/24/2025,14,46,18,14:46:18,-264,Tahap-4
01/24/2025,14,46,19,14:46:19,200,Tahap-4
01/24/2025,14,46,19,14:46:19,-136,Tahap-4
01/24/2025,14,46,19,14:46:19,-32,Tahap-4
01/24/2025,14,46,19,14:46:19,-256,Tahap-4
01/24/2025,14,46,19,14:46:19,24,Tahap-4
01/24/2025,14,46,19,14:46:19,-216,Tahap-4
01/24/2025,14,46,19,14:46:19,-128,Tahap-4
01/24/2025,14,46,19,14:46:19,-24,Tahap-4
01/24/2025,14,46,19,14:46:19,-56,Tahap-4
01/24/2025,14,46,20,14:46:20,-176,Tahap-4
01/24/2025,14,46,20,14:46:20,136,Tahap-4
01/24/2025,14,46,20,14:46:20,-232,Tahap-4
01/24/2025,14,46,20,14:46:20,-16,Tahap-4
01/24/2025,14,46,20,14:46:20,-344,Tahap-4
01/24/2025,14,46,20,14:46:20,-184,Tahap-4
01/24/2025,14,46,20,14:46:20,-88,Tahap-4
01/24/2025,14,46,20,14:46:20,-248,Tahap-4
01/24/2025,14,46,20,14:46:20,-248,Tahap-4
01/24/2025,14,46,20,14:46:20,-32,Tahap-4
01/24/2025,14,46,21,14:46:21,-104,Tahap-4
01/24/2025,14,46,21,14:46:21,-304,Tahap-4
01/24/2025,14,46,21,14:46:21,232,Tahap-4
01/24/2025,14,46,21,14:46:21,-264,Tahap-4
01/24/2025,14,46,21,14:46:21,-16,Tahap-4
01/24/2025,14,46,21,14:46:21,-224,Tahap-4
01/24/2025,14,46,21,14:46:21,-48,Tahap-4
01/24/2025,14,46,21,14:46:21,-96,Tahap-4
01/24/2025,14,46,21,14:46:21,8,Tahap-4
01/24/2025,14,46,21,14:46:21,-344,Tahap-4
01/24/2025,14,46,22,14:46:22,160,Tahap-4
01/24/2025,14,46,22,14:46:22,-96,Tahap-4
01/24/2025,14,46,22,14:46:22,-168,Tahap-4
01/24/2025,14,46,22,14:46:22,312,Tahap-4
01/24/2025,14,46,22,14:46:22,16,Tahap-4
01/24/2025,14,46,22,14:46:22,-160,Tahap-4
01/24/2025,14,46,22,14:46:22,-48,Tahap-4
01/24/2025,14,46,22,14:46:22,40,Tahap-4
01/24/2025,14,46,22,14:46:22,-56,Tahap-4
01/24/2025,14,46,22,14:46:22,-8,Tahap-4
01/24/2025,14,46,23,14:46:23,-160,Tahap-4
01/24/2025,14,46,23,14:46:23,-128,Tahap-4
01/24/2025,14,46,23,14:46:23,144,Tahap-4
01/24/2025,14,46,23,14:46:23,192,Tahap-4
01/24/2025,14,46,23,14:46:23,-40,Tahap-4
01/24/2025,14,46,23,14:46:23,-224,Tahap-4
01/24/2025,14,46,23,14:46:23,112,Tahap-4
01/24/2025,14,46,23,14:46:23,-128,Tahap-4
01/24/2025,14,46,24,14:46:24,-48,Tahap-4
01/24/2025,14,46,24,14:46:24,-72,Tahap-4
01/24/2025,14,46,24,14:46:24,72,Tahap-4
01/24/2025,14,46,24,14:46:24,-152,Tahap-4
01/24/2025,14,46,24,14:46:24,8,Tahap-4
01/24/2025,14,46,24,14:46:24,80,Tahap-4
01/24/2025,14,46,24,14:46:24,-32,Tahap-4
01/24/2025,14,46,24,14:46:24,32,Tahap-4
01/24/2025,14,46,24,14:46:24,-224,Tahap-4
01/24/2025,14,46,24,14:46:24,96,Tahap-4
01/24/2025,14,46,25,14:46:25,-8,Tahap-4
01/24/2025,14,46,25,14:46:25,-112,Tahap-4
01/24/2025,14,46,25,14:46:25,-24,Tahap-4
01/24/2025,14,46,25,14:46:25,240,Tahap-4
01/24/2025,14,46,25,14:46:25,8,Tahap-4
01/24/2025,14,46,25,14:46:25,32,Tahap-4
01/24/2025,14,46,25,14:46:25,224,Tahap-4
01/24/2025,14,46,25,14:46:25,-120,Tahap-4
01/24/2025,14,46,25,14:46:25,240,Tahap-4
01/24/2025,14,46,25,14:46:25,-104,Tahap-4
01/24/2025,14,46,26,14:46:26,40,Tahap-4
01/24/2025,14,46,26,14:46:26,16,Tahap-4
01/24/2025,14,46,26,14:46:26,-32,Tahap-4
01/24/2025,14,46,26,14:46:26,-64,Tahap-4
01/24/2025,14,46,26,14:46:26,152,Tahap-4
01/24/2025,14,46,26,14:46:26,16,Tahap-4
01/24/2025,14,46,26,14:46:26,-80,Tahap-4
01/24/2025,14,46,26,14:46:26,256,Tahap-4
01/24/2025,14,46,26,14:46:26,-88,Tahap-4
01/24/2025,14,46,27,14:46:27,88,Tahap-4
01/24/2025,14,46,27,14:46:27,-56,Tahap-4
01/24/2025,14,46,27,14:46:27,-48,Tahap-4
01/24/2025,14,46,27,14:46:27,-16,Tahap-4
01/24/2025,14,46,27,14:46:27,64,Tahap-4
01/24/2025,14,46,27,14:46:27,-96,Tahap-4
01/24/2025,14,46,27,14:46:27,296,Tahap-4
01/24/2025,14,46,27,14:46:27,-64,Tahap-4
01/24/2025,14,46,27,14:46:27,-24,Tahap-4
01/24/2025,14,46,27,14:46:27,216,Tahap-4
01/24/2025,14,46,27,14:46:27,104,Tahap-4
01/24/2025,14,46,28,14:46:28,-8,Tahap-4
01/24/2025,14,46,28,14:46:28,-16,Tahap-4
01/24/2025,14,46,28,14:46:28,96,Tahap-4
01/24/2025,14,46,28,14:46:28,-96,Tahap-4
01/24/2025,14,46,28,14:46:28,144,Tahap-4
01/24/2025,14,46,28,14:46:28,-152,Tahap-4
01/24/2025,14,46,28,14:46:28,280,Tahap-4
01/24/2025,14,46,28,14:46:28,-56,Tahap-4
01/24/2025,14,46,28,14:46:28,88,Tahap-4
01/24/2025,14,46,28,14:46:28,112,Tahap-4
01/24/2025,14,46,29,14:46:29,144,Tahap-4
01/24/2025,14,46,29,14:46:29,-48,Tahap-4
01/24/2025,14,46,29,14:46:29,-128,Tahap-4
01/24/2025,14,46,53,14:46:53,3546,Tahap-4
01/24/2025,14,46,53,14:46:53,2838,Tahap-4
01/24/2025,14,46,53,14:46:53,1095,Tahap-4
01/24/2025,14,46,53,14:46:53,1799,Tahap-4
01/24/2025,14,46,54,14:46:54,456,Tahap-4
01/24/2025,14,46,54,14:46:54,454,Tahap-4
01/24/2025,14,46,54,14:46:54,364,Tahap-4
01/24/2025,14,46,54,14:46:54,471,Tahap-4
01/24/2025,14,46,54,14:46:54,320,Tahap-4
01/24/2025,14,46,54,14:46:54,386,Tahap-4
01/24/2025,14,46,54,14:46:54,222,Tahap-4
01/24/2025,14,46,54,14:46:54,308,Tahap-4
01/24/2025,14,46,54,14:46:54,274,Tahap-4
01/24/2025,14,46,54,14:46:54,122,Tahap-4
01/24/2025,14,46,55,14:46:55,371,Tahap-4
01/24/2025,14,46,55,14:46:55,153,Tahap-4
01/24/2025,14,46,55,14:46:55,257,Tahap-4
01/24/2025,14,46,55,14:46:55,254,Tahap-4
01/24/2025,14,46,55,14:46:55,232,Tahap-4
01/24/2025,14,46,55,14:46:55,118,Tahap-4
01/24/2025,14,46,55,14:46:55,167,Tahap-4
01/24/2025,14,46,55,14:46:55,146,Tahap-4
01/24/2025,14,46,55,14:46:55,314,Tahap-4
01/24/2025,14,46,55,14:46:55,579,Tahap-4
01/24/2025,14,46,56,14:46:56,202,Tahap-4
01/24/2025,14,46,56,14:46:56,154,Tahap-4
01/24/2025,14,46,56,14:46:56,255,Tahap-4
01/24/2025,14,46,56,14:46:56,198,Tahap-4
01/24/2025,14,46,56,14:46:56,193,Tahap-4
01/24/2025,14,46,56,14:46:56,190,Tahap-4
01/24/2025,14,46,56,14:46:56,101,Tahap-4
01/24/2025,14,46,56,14:46:56,100,Tahap-4
01/24/2025,14,46,56,14:46:56,84,Tahap-4
01/24/2025,14,46,57,14:46:57,102,Tahap-4
01/24/2025,14,46,57,14:46:57,249,Tahap-4
01/24/2025,14,46,57,14:46:57,231,Tahap-4
01/24/2025,14,46,57,14:46:57,67,Tahap-4
01/24/2025,14,46,57,14:46:57,51,Tahap-4
01/24/2025,14,46,57,14:46:57,170,Tahap-4
01/24/2025,14,46,57,14:46:57,192,Tahap-4
01/24/2025,14,46,57,14:46:57,198,Tahap-4
01/24/2025,14,46,57,14:46:57,50,Tahap-4
01/24/2025,14,46,57,14:46:57,109,Tahap-4
01/24/2025,14,46,57,14:46:57,436,Tahap-4
01/24/2025,14,46,58,14:46:58,222,Tahap-4
01/24/2025,14,46,58,14:46:58,3,Tahap-4
01/24/2025,14,46,58,14:46:58,251,Tahap-4
01/24/2025,14,46,58,14:46:58,56,Tahap-4
01/24/2025,14,46,58,14:46:58,39,Tahap-4
01/24/2025,14,46,58,14:46:58,91,Tahap-4
01/24/2025,14,46,58,14:46:58,133,Tahap-4
01/24/2025,14,46,58,14:46:58,123,Tahap-4
01/24/2025,14,46,58,14:46:58,114,Tahap-4
01/24/2025,14,46,58,14:46:58,44,Tahap-4
01/24/2025,14,46,59,14:46:59,183,Tahap-4
01/24/2025,14,46,59,14:46:59,130,Tahap-4
01/24/2025,14,46,59,14:46:59,81,Tahap-4
01/24/2025,14,46,59,14:46:59,137,Tahap-4
01/24/2025,14,46,59,14:46:59,42,Tahap-4
01/24/2025,14,46,59,14:46:59,31,Tahap-4
01/24/2025,14,46,59,14:46:59,148,Tahap-4
01/24/2025,14,46,59,14:46:59,142,Tahap-4
01/24/2025,14,46,59,14:46:59,40,Tahap-4
01/24/2025,14,46,59,14:46:59,86,Tahap-4
01/24/2025,14,47,1,14:47:01,204,Tahap-4
01/24/2025,14,47,1,14:47:01,133,Tahap-4
01/24/2025,14,47,1,14:47:01,49,Tahap-4
01/24/2025,14,47,1,14:47:01,30,Tahap-4
01/24/2025,14,47,1,14:47:01,80,Tahap-4
01/24/2025,14,47,1,14:47:01,100,Tahap-4
01/24/2025,14,47,1,14:47:01,110,Tahap-4
01/24/2025,14,47,1,14:47:01,119,Tahap-4
01/24/2025,14,47,1,14:47:01,167,Tahap-4
01/24/2025,14,47,1,14:47:01,165,Tahap-4
01/24/2025,14,47,2,14:47:02,183,Tahap-4
01/24/2025,14,47,2,14:47:02,192,Tahap-4
01/24/2025,14,47,2,14:47:02,214,Tahap-4
01/24/2025,14,47,2,14:47:02,884,Tahap-4
01/24/2025,14,47,2,14:47:02,1002,Tahap-4
01/24/2025,14,47,2,14:47:02,552,Tahap-4
01/24/2025,14,47,2,14:47:02,241,Tahap-4
01/24/2025,14,47,2,14:47:02,243,Tahap-4
01/24/2025,14,47,2,14:47:02,431,Tahap-4
01/24/2025,14,47,2,14:47:02,961,Tahap-4
01/24/2025,14,47,3,14:47:03,416,Tahap-4
01/24/2025,14,47,3,14:47:03,296,Tahap-4
01/24/2025,14,47,3,14:47:03,197,Tahap-4
01/24/2025,14,47,3,14:47:03,153,Tahap-4
01/24/2025,14,47,3,14:47:03,201,Tahap-4
01/24/2025,14,47,3,14:47:03,73,Tahap-4
01/24/2025,14,47,3,14:47:03,232,Tahap-4
01/24/2025,14,47,3,14:47:03,105,Tahap-4
01/24/2025,14,47,3,14:47:03,153,Tahap-4
01/24/2025,14,47,3,14:47:03,172,Tahap-4
01/24/2025,14,47,4,14:47:04,191,Tahap-4
01/24/2025,14,47,4,14:47:04,143,Tahap-4
01/24/2025,14,47,4,14:47:04,254,Tahap-4
01/24/2025,14,47,4,14:47:04,84,Tahap-4
01/24/2025,14,47,4,14:47:04,224,Tahap-4
01/24/2025,14,47,4,14:47:04,496,Tahap-4
01/24/2025,14,47,4,14:47:04,463,Tahap-4
01/24/2025,14,47,4,14:47:04,281,Tahap-4
01/24/2025,14,47,4,14:47:04,182,Tahap-4
01/24/2025,14,47,4,14:47:04,429,Tahap-4
01/24/2025,14,47,5,14:47:05,647,Tahap-4
01/24/2025,14,47,5,14:47:05,591,Tahap-4
01/24/2025,14,47,5,14:47:05,1136,Tahap-4
01/24/2025,14,47,5,14:47:05,785,Tahap-4
01/24/2025,14,47,5,14:47:05,419,Tahap-4
01/24/2025,14,47,5,14:47:05,456,Tahap-4
01/24/2025,14,47,5,14:47:05,720,Tahap-4
01/24/2025,14,47,5,14:47:05,347,Tahap-4
01/24/2025,14,47,5,14:47:05,16,Tahap-4
01/24/2025,14,47,5,14:47:05,271,Tahap-4
01/24/2025,14,47,6,14:47:06,366,Tahap-4
01/24/2025,14,47,6,14:47:06,276,Tahap-4
01/24/2025,14,47,6,14:47:06,268,Tahap-4
01/24/2025,14,47,6,14:47:06,-76,Tahap-4
01/24/2025,14,47,6,14:47:06,-132,Tahap-4
01/24/2025,14,47,6,14:47:06,20,Tahap-4
01/24/2025,14,47,6,14:47:06,-160,Tahap-4
01/24/2025,14,47,6,14:47:06,-28,Tahap-4
01/24/2025,14,47,6,14:47:06,-92,Tahap-4
01/24/2025,14,47,7,14:47:07,-148,Tahap-4
01/24/2025,14,47,7,14:47:07,-36,Tahap-4
01/24/2025,14,47,7,14:47:07,-88,Tahap-4
01/24/2025,14,47,7,14:47:07,-160,Tahap-4
01/24/2025,14,47,7,14:47:07,-128,Tahap-4
01/24/2025,14,47,7,14:47:07,-184,Tahap-4
01/24/2025,14,47,7,14:47:07,-104,Tahap-4
01/24/2025,14,47,7,14:47:07,-188,Tahap-4
01/24/2025,14,47,7,14:47:07,-52,Tahap-4
01/24/2025,14,47,7,14:47:07,-100,Tahap-4
01/24/2025,14,47,8,14:47:08,-36,Tahap-4
01/24/2025,14,47,8,14:47:08,-208,Tahap-4
01/24/2025,14,47,8,14:47:08,-168,Tahap-4
01/24/2025,14,47,8,14:47:08,-48,Tahap-4
01/24/2025,14,47,8,14:47:08,-184,Tahap-4
01/24/2025,14,47,8,14:47:08,-68,Tahap-4
01/24/2025,14,47,8,14:47:08,-120,Tahap-4
01/24/2025,14,47,8,14:47:08,-56,Tahap-4
01/24/2025,14,47,8,14:47:08,-244,Tahap-4
01/24/2025,14,47,8,14:47:08,16,Tahap-4
01/24/2025,14,47,9,14:47:09,-124,Tahap-4
01/24/2025,14,47,9,14:47:09,-72,Tahap-4
01/24/2025,14,47,9,14:47:09,-100,Tahap-4
01/24/2025,14,47,9,14:47:09,-172,Tahap-4
01/24/2025,14,47,9,14:47:09,8,Tahap-4
01/24/2025,14,47,9,14:47:09,-156,Tahap-4
01/24/2025,14,47,9,14:47:09,-100,Tahap-4
01/24/2025,14,47,9,14:47:09,-80,Tahap-4
01/24/2025,14,47,9,14:47:09,12,Tahap-4
01/24/2025,14,47,9,14:47:09,-164,Tahap-4
01/24/2025,14,47,10,14:47:10,72,Tahap-4
01/24/2025,14,47,10,14:47:10,-4,Tahap-4
01/24/2025,14,47,10,14:47:10,-92,Tahap-4
01/24/2025,14,47,10,14:47:10,60,Tahap-4
01/24/2025,14,47,10,14:47:10,-40,Tahap-4
01/24/2025,14,47,10,14:47:10,-24,Tahap-4
01/24/2025,14,47,10,14:47:10,8,Tahap-4
01/24/2025,14,47,10,14:47:10,-16,Tahap-4
01/24/2025,14,47,10,14:47:10,20,Tahap-4
01/24/2025,14,47,10,14:47:10,144,Tahap-4
01/24/2025,14,47,11,14:47:11,-108,Tahap-4
01/24/2025,14,47,11,14:47:11,132,Tahap-4
01/24/2025,14,47,11,14:47:11,48,Tahap-4
01/24/2025,14,47,11,14:47:11,12,Tahap-4
01/24/2025,14,47,11,14:47:11,-8,Tahap-4
01/24/2025,14,47,11,14:47:11,88,Tahap-4
01/24/2025,14,47,11,14:47:11,-32,Tahap-4
01/24/2025,14,47,11,14:47:11,60,Tahap-4
01/24/2025,14,47,11,14:47:11,20,Tahap-4
01/24/2025,14,47,12,14:47:12,132,Tahap-4
01/24/2025,14,47,12,14:47:12,-28,Tahap-4
01/24/2025,14,47,12,14:47:12,156,Tahap-4
01/24/2025,14,47,12,14:47:12,40,Tahap-4
01/24/2025,14,47,12,14:47:12,84,Tahap-4
01/24/2025,14,47,12,14:47:12,-84,Tahap-4
01/24/2025,14,47,12,14:47:12,176,Tahap-4
01/24/2025,14,47,12,14:47:12,16,Tahap-4
01/24/2025,14,47,12,14:47:12,52,Tahap-4
01/24/2025,14,47,12,14:47:12,12,Tahap-4
01/24/2025,14,47,13,14:47:13,48,Tahap-4
01/24/2025,14,47,13,14:47:13,172,Tahap-4
01/24/2025,14,47,13,14:47:13,28,Tahap-4
01/24/2025,14,47,13,14:47:13,192,Tahap-4
01/24/2025,14,47,13,14:47:13,72,Tahap-4
01/24/2025,14,47,13,14:47:13,168,Tahap-4
01/24/2025,14,47,13,14:47:13,152,Tahap-4
01/24/2025,14,47,13,14:47:13,128,Tahap-4
01/24/2025,14,47,13,14:47:13,32,Tahap-4
01/24/2025,14,47,14,14:47:14,68,Tahap-4
01/24/2025,14,47,14,14:47:14,216,Tahap-4
01/24/2025,14,47,14,14:47:14,76,Tahap-4
01/24/2025,14,47,14,14:47:14,92,Tahap-4
01/24/2025,14,47,14,14:47:14,308,Tahap-4
01/24/2025,14,47,14,14:47:14,72,Tahap-4
01/24/2025,14,47,14,14:47:14,168,Tahap-4
01/24/2025,14,47,14,14:47:14,100,Tahap-4
01/24/2025,14,47,14,14:47:14,124,Tahap-4
01/24/2025,14,47,14,14:47:14,168,Tahap-4
01/24/2025,14,47,15,14:47:15,140,Tahap-4
01/24/2025,14,47,15,14:47:15,32,Tahap-4
01/24/2025,14,47,15,14:47:15,336,Tahap-4
01/24/2025,14,47,15,14:47:15,132,Tahap-4
01/24/2025,14,47,15,14:47:15,144,Tahap-4
01/24/2025,14,47,15,14:47:15,356,Tahap-4
01/24/2025,14,47,15,14:47:15,148,Tahap-4
01/24/2025,14,47,15,14:47:15,196,Tahap-4
01/24/2025,14,47,15,14:47:15,188,Tahap-4
01/24/2025,14,47,15,14:47:15,208,Tahap-4
01/24/2025,14,47,16,14:47:16,176,Tahap-4
01/24/2025,14,47,16,14:47:16,308,Tahap-4
01/24/2025,14,47,16,14:47:16,188,Tahap-4
01/24/2025,14,47,16,14:47:16,308,Tahap-4
01/24/2025,14,47,16,14:47:16,248,Tahap-4
01/24/2025,14,47,16,14:47:16,132,Tahap-4
01/24/2025,14,47,16,14:47:16,372,Tahap-4
01/24/2025,14,47,16,14:47:16,232,Tahap-4
01/24/2025,14,47,16,14:47:16,160,Tahap-4
01/24/2025,14,47,16,14:47:16,152,Tahap-4
01/24/2025,14,47,17,14:47:17,288,Tahap-4
01/24/2025,14,47,17,14:47:17,188,Tahap-4
01/24/2025,14,47,17,14:47:17,252,Tahap-4
01/24/2025,14,47,17,14:47:17,256,Tahap-4
01/24/2025,14,47,17,14:47:17,288,Tahap-4
01/24/2025,14,47,17,14:47:17,240,Tahap-4
01/24/2025,14,47,17,14:47:17,192,Tahap-4
01/24/2025,14,47,17,14:47:17,324,Tahap-4
01/24/2025,14,47,17,14:47:17,260,Tahap-4
01/24/2025,14,47,17,14:47:17,288,Tahap-4
01/24/2025,14,47,18,14:47:18,28,Tahap-4
01/24/2025,14,47,18,14:47:18,400,Tahap-4
01/24/2025,14,47,18,14:47:18,84,Tahap-4
01/24/2025,14,47,18,14:47:18,244,Tahap-4
01/24/2025,14,47,18,14:47:18,92,Tahap-4
01/24/2025,14,47,18,14:47:18,328,Tahap-4
01/24/2025,14,47,18,14:47:18,156,Tahap-4
01/24/2025,14,47,18,14:47:18,176,Tahap-4
01/24/2025,14,47,18,14:47:18,320,Tahap-4
01/24/2025,14,47,18,14:47:18,204,Tahap-4
01/24/2025,14,47,19,14:47:19,356,Tahap-4
01/24/2025,14,47,19,14:47:19,52,Tahap-4
01/24/2025,14,47,43,14:47:43,2401,Tahap-4
01/24/2025,14,47,43,14:47:43,354,Tahap-4
01/24/2025,14,47,43,14:47:43,285,Tahap-4
01/24/2025,14,47,43,14:47:43,429,Tahap-4
01/24/2025,14,47,44,14:47:44,208,Tahap-4
01/24/2025,14,47,44,14:47:44,140,Tahap-4
01/24/2025,14,47,44,14:47:44,194,Tahap-4
01/24/2025,14,47,44,14:47:44,66,Tahap-4
01/24/2025,14,47,44,14:47:44,92,Tahap-4
01/24/2025,14,47,44,14:47:44,126,Tahap-4
01/24/2025,14,47,44,14:47:44,132,Tahap-4
01/24/2025,14,47,44,14:47:44,187,Tahap-4
01/24/2025,14,47,44,14:47:44,12,Tahap-4
01/24/2025,14,47,44,14:47:44,58,Tahap-4
01/24/2025,14,47,45,14:47:45,260,Tahap-4
01/24/2025,14,47,45,14:47:45,107,Tahap-4
01/24/2025,14,47,45,14:47:45,48,Tahap-4
01/24/2025,14,47,45,14:47:45,110,Tahap-4
01/24/2025,14,47,45,14:47:45,108,Tahap-4
01/24/2025,14,47,45,14:47:45,65,Tahap-4
01/24/2025,14,47,45,14:47:45,113,Tahap-4
01/24/2025,14,47,45,14:47:45,19,Tahap-4
01/24/2025,14,47,45,14:47:45,289,Tahap-4
01/24/2025,14,47,45,14:47:45,607,Tahap-4
01/24/2025,14,47,46,14:47:46,60,Tahap-4
01/24/2025,14,47,46,14:47:46,111,Tahap-4
01/24/2025,14,47,46,14:47:46,113,Tahap-4
01/24/2025,14,47,46,14:47:46,147,Tahap-4
01/24/2025,14,47,46,14:47:46,105,Tahap-4
01/24/2025,14,47,46,14:47:46,170,Tahap-4
01/24/2025,14,47,46,14:47:46,10,Tahap-4
01/24/2025,14,47,46,14:47:46,31,Tahap-4
01/24/2025,14,47,46,14:47:46,38,Tahap-4
01/24/2025,14,47,46,14:47:46,94,Tahap-4
01/24/2025,14,47,47,14:47:47,137,Tahap-4
01/24/2025,14,47,47,14:47:47,91,Tahap-4
01/24/2025,14,47,47,14:47:47,20,Tahap-4
01/24/2025,14,47,47,14:47:47,64,Tahap-4
01/24/2025,14,47,47,14:47:47,118,Tahap-4
01/24/2025,14,47,47,14:47:47,40,Tahap-4
01/24/2025,14,47,47,14:47:47,59,Tahap-4
01/24/2025,14,47,47,14:47:47,68,Tahap-4
01/24/2025,14,47,47,14:47:47,149,Tahap-4
01/24/2025,14,47,47,14:47:47,305,Tahap-4
01/24/2025,14,47,48,14:47:48,157,Tahap-4
01/24/2025,14,47,48,14:47:48,102,Tahap-4
01/24/2025,14,47,48,14:47:48,538,Tahap-4
01/24/2025,14,47,48,14:47:48,210,Tahap-4
01/24/2025,14,47,48,14:47:48,22,Tahap-4
01/24/2025,14,47,48,14:47:48,154,Tahap-4
01/24/2025,14,47,48,14:47:48,113,Tahap-4
01/24/2025,14,47,48,14:47:48,79,Tahap-4
01/24/2025,14,47,48,14:47:48,97,Tahap-4
01/24/2025,14,47,48,14:47:48,102,Tahap-4
01/24/2025,14,47,49,14:47:49,155,Tahap-4
01/24/2025,14,47,49,14:47:49,195,Tahap-4
01/24/2025,14,47,49,14:47:49,118,Tahap-4
01/24/2025,14,47,49,14:47:49,150,Tahap-4
01/24/2025,14,47,49,14:47:49,132,Tahap-4
01/24/2025,14,47,49,14:47:49,98,Tahap-4
01/24/2025,14,47,49,14:47:49,56,Tahap-4
01/24/2025,14,47,49,14:47:49,46,Tahap-4
01/24/2025,14,47,49,14:47:49,108,Tahap-4
01/24/2025,14,47,49,14:47:49,169,Tahap-4
01/24/2025,14,47,50,14:47:50,283,Tahap-4
01/24/2025,14,47,50,14:47:50,181,Tahap-4
01/24/2025,14,47,50,14:47:50,177,Tahap-4
01/24/2025,14,47,50,14:47:50,144,Tahap-4
01/24/2025,14,47,50,14:47:50,108,Tahap-4
01/24/2025,14,47,50,14:47:50,663,Tahap-4
01/24/2025,14,47,50,14:47:50,835,Tahap-4
01/24/2025,14,47,50,14:47:50,281,Tahap-4
01/24/2025,14,47,50,14:47:50,195,Tahap-4
01/24/2025,14,47,50,14:47:50,117,Tahap-4
01/24/2025,14,47,51,14:47:51,80,Tahap-4
01/24/2025,14,47,51,14:47:51,260,Tahap-4
01/24/2025,14,47,51,14:47:51,103,Tahap-4
01/24/2025,14,47,51,14:47:51,36,Tahap-4
01/24/2025,14,47,51,14:47:51,89,Tahap-4
01/24/2025,14,47,51,14:47:51,47,Tahap-4
01/24/2025,14,47,51,14:47:51,55,Tahap-4
01/24/2025,14,47,51,14:47:51,210,Tahap-4
01/24/2025,14,47,51,14:47:51,305,Tahap-4
01/24/2025,14,47,51,14:47:51,137,Tahap-4
01/24/2025,14,47,52,14:47:52,206,Tahap-4
01/24/2025,14,47,52,14:47:52,358,Tahap-4
01/24/2025,14,47,52,14:47:52,307,Tahap-4
01/24/2025,14,47,52,14:47:52,809,Tahap-4
01/24/2025,14,47,52,14:47:52,1095,Tahap-4
01/24/2025,14,47,52,14:47:52,462,Tahap-4
01/24/2025,14,47,52,14:47:52,128,Tahap-4
01/24/2025,14,47,52,14:47:52,219,Tahap-4
01/24/2025,14,47,52,14:47:52,366,Tahap-4
01/24/2025,14,47,52,14:47:52,737,Tahap-4
01/24/2025,14,47,53,14:47:53,382,Tahap-4
01/24/2025,14,47,53,14:47:53,463,Tahap-4
01/24/2025,14,47,53,14:47:53,465,Tahap-4
01/24/2025,14,47,53,14:47:53,170,Tahap-4
01/24/2025,14,47,53,14:47:53,250,Tahap-4
01/24/2025,14,47,53,14:47:53,371,Tahap-4
01/24/2025,14,47,53,14:47:53,24,Tahap-4
01/24/2025,14,47,53,14:47:53,105,Tahap-4
01/24/2025,14,47,53,14:47:53,51,Tahap-4
01/24/2025,14,47,53,14:47:53,86,Tahap-4
01/24/2025,14,47,54,14:47:54,155,Tahap-4
01/24/2025,14,47,54,14:47:54,187,Tahap-4
01/24/2025,14,47,54,14:47:54,141,Tahap-4
01/24/2025,14,47,54,14:47:54,161,Tahap-4
01/24/2025,14,47,54,14:47:54,398,Tahap-4
01/24/2025,14,47,54,14:47:54,198,Tahap-4
01/24/2025,14,47,54,14:47:54,95,Tahap-4
01/24/2025,14,47,54,14:47:54,404,Tahap-4
01/24/2025,14,47,54,14:47:54,312,Tahap-4
01/24/2025,14,47,54,14:47:54,478,Tahap-4
01/24/2025,14,47,55,14:47:55,550,Tahap-4
01/24/2025,14,47,55,14:47:55,498,Tahap-4
01/24/2025,14,47,55,14:47:55,878,Tahap-4
01/24/2025,14,47,55,14:47:55,808,Tahap-4
01/24/2025,14,47,55,14:47:55,483,Tahap-4
01/24/2025,14,47,55,14:47:55,313,Tahap-4
01/24/2025,14,47,55,14:47:55,234,Tahap-4
01/24/2025,14,47,55,14:47:55,224,Tahap-4
01/24/2025,14,47,55,14:47:55,53,Tahap-4
01/24/2025,14,47,55,14:47:55,244,Tahap-4
01/24/2025,14,47,56,14:47:56,109,Tahap-4
01/24/2025,14,47,56,14:47:56,253,Tahap-4
01/24/2025,14,47,56,14:47:56,213,Tahap-4
01/24/2025,14,47,56,14:47:56,-152,Tahap-4
01/24/2025,14,47,56,14:47:56,224,Tahap-4
01/24/2025,14,47,56,14:47:56,-312,Tahap-4
01/24/2025,14,47,56,14:47:56,240,Tahap-4
01/24/2025,14,47,56,14:47:56,16,Tahap-4
01/24/2025,14,47,56,14:47:56,-24,Tahap-4
01/24/2025,14,47,57,14:47:57,-128,Tahap-4
01/24/2025,14,47,57,14:47:57,200,Tahap-4
01/24/2025,14,47,57,14:47:57,-40,Tahap-4
01/24/2025,14,47,57,14:47:57,-8,Tahap-4
01/24/2025,14,47,57,14:47:57,48,Tahap-4
01/24/2025,14,47,57,14:47:57,-16,Tahap-4
01/24/2025,14,47,57,14:47:57,112,Tahap-4
01/24/2025,14,47,57,14:47:57,-88,Tahap-4
01/24/2025,14,47,57,14:47:57,184,Tahap-4
01/24/2025,14,47,57,14:47:57,136,Tahap-4
01/24/2025,14,47,57,14:47:57,112,Tahap-4
01/24/2025,14,47,58,14:47:58,-160,Tahap-4
01/24/2025,14,47,58,14:47:58,224,Tahap-4
01/24/2025,14,47,58,14:47:58,32,Tahap-4
01/24/2025,14,47,58,14:47:58,88,Tahap-4
01/24/2025,14,47,58,14:47:58,-24,Tahap-4
01/24/2025,14,47,58,14:47:58,320,Tahap-4
01/24/2025,14,47,58,14:47:58,80,Tahap-4
01/24/2025,14,47,58,14:47:58,24,Tahap-4
01/24/2025,14,47,58,14:47:58,384,Tahap-4
01/24/2025,14,47,58,14:47:58,72,Tahap-4
01/24/2025,14,47,59,14:47:59,224,Tahap-4
01/24/2025,14,47,59,14:47:59,56,Tahap-4
01/24/2025,14,47,59,14:47:59,64,Tahap-4
01/24/2025,14,47,59,14:47:59,184,Tahap-4
01/24/2025,14,47,59,14:47:59,88,Tahap-4
01/24/2025,14,47,59,14:47:59,72,Tahap-4
01/24/2025,14,47,59,14:47:59,400,Tahap-4
01/24/2025,14,47,59,14:47:59,40,Tahap-4
01/24/2025,14,47,59,14:47:59,-24,Tahap-4
01/24/2025,14,47,59,14:47:59,512,Tahap-4
01/24/2025,14,48,1,14:48:01,432,Tahap-4
01/24/2025,14,48,1,14:48:01,40,Tahap-4
01/24/2025,14,48,1,14:48:01,56,Tahap-4
01/24/2025,14,48,1,14:48:01,80,Tahap-4
01/24/2025,14,48,1,14:48:01,64,Tahap-4
01/24/2025,14,48,1,14:48:01,32,Tahap-4
01/24/2025,14,48,1,14:48:01,40,Tahap-4
01/24/2025,14,48,1,14:48:01,-64,Tahap-4
01/24/2025,14,48,1,14:48:01,184,Tahap-4
01/24/2025,14,48,1,14:48:01,144,Tahap-4
01/24/2025,14,48,2,14:48:02,-16,Tahap-4
01/24/2025,14,48,2,14:48:02,360,Tahap-4
01/24/2025,14,48,2,14:48:02,112,Tahap-4
01/24/2025,14,48,2,14:48:02,56,Tahap-4
01/24/2025,14,48,2,14:48:02,-64,Tahap-4
01/24/2025,14,48,2,14:48:02,296,Tahap-4
01/24/2025,14,48,2,14:48:02,-144,Tahap-4
01/24/2025,14,48,2,14:48:02,104,Tahap-4
01/24/2025,14,48,2,14:48:02,-16,Tahap-4
01/24/2025,14,48,2,14:48:02,264,Tahap-4
01/24/2025,14,48,2,14:48:02,8,Tahap-4
01/24/2025,14,48,3,14:48:03,184,Tahap-4
01/24/2025,14,48,3,14:48:03,224,Tahap-4
01/24/2025,14,48,3,14:48:03,80,Tahap-4
01/24/2025,14,48,3,14:48:03,112,Tahap-4
01/24/2025,14,48,3,14:48:03,-80,Tahap-4
01/24/2025,14,48,3,14:48:03,336,Tahap-4
01/24/2025,14,48,3,14:48:03,24,Tahap-4
01/24/2025,14,48,3,14:48:03,16,Tahap-4
01/24/2025,14,48,3,14:48:03,128,Tahap-4
01/24/2025,14,48,3,14:48:03,256,Tahap-4
01/24/2025,14,48,4,14:48:04,112,Tahap-4
01/24/2025,14,48,4,14:48:04,240,Tahap-4
01/24/2025,14,48,4,14:48:04,344,Tahap-4
01/24/2025,14,48,4,14:48:04,48,Tahap-4
01/24/2025,14,48,4,14:48:04,216,Tahap-4
01/24/2025,14,48,4,14:48:04,-64,Tahap-4
01/24/2025,14,48,4,14:48:04,272,Tahap-4
01/24/2025,14,48,4,14:48:04,184,Tahap-4
01/24/2025,14,48,4,14:48:04,56,Tahap-4
01/24/2025,14,48,4,14:48:04,-24,Tahap-4
01/24/2025,14,48,5,14:48:05,360,Tahap-4
01/24/2025,14,48,5,14:48:05,-56,Tahap-4
01/24/2025,14,48,5,14:48:05,384,Tahap-4
01/24/2025,14,48,5,14:48:05,336,Tahap-4
01/24/2025,14,48,5,14:48:05,40,Tahap-4
01/24/2025,14,48,5,14:48:05,176,Tahap-4
01/24/2025,14,48,5,14:48:05,88,Tahap-4
01/24/2025,14,48,5,14:48:05,88,Tahap-4
01/24/2025,14,48,5,14:48:05,152,Tahap-4
01/24/2025,14,48,5,14:48:05,128,Tahap-4
01/24/2025,14,48,6,14:48:06,400,Tahap-4
01/24/2025,14,48,6,14:48:06,-136,Tahap-4
01/24/2025,14,48,6,14:48:06,224,Tahap-4
01/24/2025,14,48,6,14:48:06,392,Tahap-4
01/24/2025,14,48,6,14:48:06,-48,Tahap-4
01/24/2025,14,48,6,14:48:06,-16,Tahap-4
01/24/2025,14,48,6,14:48:06,96,Tahap-4
01/24/2025,14,48,6,14:48:06,64,Tahap-4
01/24/2025,14,48,6,14:48:06,192,Tahap-4
01/24/2025,14,48,7,14:48:07,32,Tahap-4
01/24/2025,14,48,7,14:48:07,56,Tahap-4
01/24/2025,14,48,7,14:48:07,256,Tahap-4
01/24/2025,14,48,7,14:48:07,-152,Tahap-4
01/24/2025,14,48,7,14:48:07,256,Tahap-4
01/24/2025,14,48,7,14:48:07,152,Tahap-4
01/24/2025,14,48,7,14:48:07,120,Tahap-4
01/24/2025,14,48,7,14:48:07,-208,Tahap-4
01/24/2025,14,48,7,14:48:07,8,Tahap-4
01/24/2025,14,48,7,14:48:07,152,Tahap-4
01/24/2025,14,48,8,14:48:08,-80,Tahap-4
01/24/2025,14,48,8,14:48:08,32,Tahap-4
01/24/2025,14,48,8,14:48:08,40,Tahap-4
01/24/2025,14,48,8,14:48:08,176,Tahap-4
01/24/2025,14,48,8,14:48:08,-144,Tahap-4
01/24/2025,14,48,8,14:48:08,320,Tahap-4
01/24/2025,14,48,8,14:48:08,-32,Tahap-4
01/24/2025,14,48,8,14:48:08,216,Tahap-4
01/24/2025,14,48,8,14:48:08,-56,Tahap-4
01/24/2025,14,48,8,14:48:08,-56,Tahap-4
01/24/2025,14,48,9,14:48:09,144,Tahap-4
01/24/2025,14,48,33,14:48:33,1834,Tahap-4
01/24/2025,14,48,33,14:48:33,369,Tahap-4
01/24/2025,14,48,33,14:48:33,223,Tahap-4
01/24/2025,14,48,33,14:48:33,122,Tahap-4
01/24/2025,14,48,33,14:48:33,207,Tahap-4
01/24/2025,14,48,34,14:48:34,139,Tahap-4
01/24/2025,14,48,34,14:48:34,232,Tahap-4
01/24/2025,14,48,34,14:48:34,109,Tahap-4
01/24/2025,14,48,34,14:48:34,281,Tahap-4
01/24/2025,14,48,34,14:48:34,34,Tahap-4
01/24/2025,14,48,34,14:48:34,77,Tahap-4
01/24/2025,14,48,34,14:48:34,88,Tahap-4
01/24/2025,14,48,34,14:48:34,148,Tahap-4
01/24/2025,14,48,34,14:48:34,93,Tahap-4
01/24/2025,14,48,34,14:48:34,162,Tahap-4
01/24/2025,14,48,35,14:48:35,165,Tahap-4
01/24/2025,14,48,35,14:48:35,43,Tahap-4
01/24/2025,14,48,35,14:48:35,99,Tahap-4
01/24/2025,14,48,35,14:48:35,157,Tahap-4
01/24/2025,14,48,35,14:48:35,126,Tahap-4
01/24/2025,14,48,35,14:48:35,119,Tahap-4
01/24/2025,14,48,35,14:48:35,58,Tahap-4
01/24/2025,14,48,35,14:48:35,212,Tahap-4
01/24/2025,14,48,35,14:48:35,575,Tahap-4
01/24/2025,14,48,35,14:48:35,128,Tahap-4
01/24/2025,14,48,36,14:48:36,57,Tahap-4
01/24/2025,14,48,36,14:48:36,68,Tahap-4
01/24/2025,14,48,36,14:48:36,237,Tahap-4
01/24/2025,14,48,36,14:48:36,98,Tahap-4
01/24/2025,14,48,36,14:48:36,144,Tahap-4
01/24/2025,14,48,36,14:48:36,132,Tahap-4
01/24/2025,14,48,36,14:48:36,141,Tahap-4
01/24/2025,14,48,36,14:48:36,114,Tahap-4
01/24/2025,14,48,36,14:48:36,54,Tahap-4
01/24/2025,14,48,36,14:48:36,102,Tahap-4
01/24/2025,14,48,37,14:48:37,107,Tahap-4
01/24/2025,14,48,37,14:48:37,82,Tahap-4
01/24/2025,14,48,37,14:48:37,43,Tahap-4
01/24/2025,14,48,37,14:48:37,57,Tahap-4
01/24/2025,14,48,37,14:48:37,159,Tahap-4
01/24/2025,14,48,37,14:48:37,19,Tahap-4
01/24/2025,14,48,37,14:48:37,106,Tahap-4
01/24/2025,14,48,37,14:48:37,36,Tahap-4
01/24/2025,14,48,37,14:48:37,312,Tahap-4
01/24/2025,14,48,37,14:48:37,204,Tahap-4
01/24/2025,14,48,38,14:48:38,107,Tahap-4
01/24/2025,14,48,38,14:48:38,457,Tahap-4
01/24/2025,14,48,38,14:48:38,54,Tahap-4
01/24/2025,14,48,38,14:48:38,188,Tahap-4
01/24/2025,14,48,38,14:48:38,21,Tahap-4
01/24/2025,14,48,38,14:48:38,79,Tahap-4
01/24/2025,14,48,38,14:48:38,32,Tahap-4
01/24/2025,14,48,38,14:48:38,66,Tahap-4
01/24/2025,14,48,38,14:48:38,67,Tahap-4
01/24/2025,14,48,38,14:48:38,190,Tahap-4
01/24/2025,14,48,39,14:48:39,169,Tahap-4
01/24/2025,14,48,39,14:48:39,190,Tahap-4
01/24/2025,14,48,39,14:48:39,35,Tahap-4
01/24/2025,14,48,39,14:48:39,60,Tahap-4
01/24/2025,14,48,39,14:48:39,87,Tahap-4
01/24/2025,14,48,39,14:48:39,121,Tahap-4
01/24/2025,14,48,39,14:48:39,99,Tahap-4
01/24/2025,14,48,39,14:48:39,36,Tahap-4
01/24/2025,14,48,39,14:48:39,149,Tahap-4
01/24/2025,14,48,39,14:48:39,232,Tahap-4
01/24/2025,14,48,40,14:48:40,294,Tahap-4
01/24/2025,14,48,40,14:48:40,196,Tahap-4
01/24/2025,14,48,40,14:48:40,340,Tahap-4
01/24/2025,14,48,40,14:48:40,152,Tahap-4
01/24/2025,14,48,40,14:48:40,738,Tahap-4
01/24/2025,14,48,40,14:48:40,383,Tahap-4
01/24/2025,14,48,40,14:48:40,391,Tahap-4
01/24/2025,14,48,40,14:48:40,34,Tahap-4
01/24/2025,14,48,40,14:48:40,212,Tahap-4
01/24/2025,14,48,40,14:48:40,193,Tahap-4
01/24/2025,14,48,41,14:48:41,151,Tahap-4
01/24/2025,14,48,41,14:48:41,133,Tahap-4
01/24/2025,14,48,41,14:48:41,56,Tahap-4
01/24/2025,14,48,41,14:48:41,75,Tahap-4
01/24/2025,14,48,41,14:48:41,23,Tahap-4
01/24/2025,14,48,41,14:48:41,126,Tahap-4
01/24/2025,14,48,41,14:48:41,174,Tahap-4
01/24/2025,14,48,41,14:48:41,165,Tahap-4
01/24/2025,14,48,41,14:48:41,143,Tahap-4
01/24/2025,14,48,41,14:48:41,149,Tahap-4
01/24/2025,14,48,42,14:48:42,247,Tahap-4
01/24/2025,14,48,42,14:48:42,104,Tahap-4
01/24/2025,14,48,42,14:48:42,319,Tahap-4
01/24/2025,14,48,42,14:48:42,971,Tahap-4
01/24/2025,14,48,42,14:48:42,117,Tahap-4
01/24/2025,14,48,42,14:48:42,75,Tahap-4
01/24/2025,14,48,42,14:48:42,205,Tahap-4
01/24/2025,14,48,42,14:48:42,208,Tahap-4
01/24/2025,14,48,42,14:48:42,666,Tahap-4
01/24/2025,14,48,42,14:48:42,788,Tahap-4
01/24/2025,14,48,43,14:48:43,396,Tahap-4
01/24/2025,14,48,43,14:48:43,126,Tahap-4
01/24/2025,14,48,43,14:48:43,301,Tahap-4
01/24/2025,14,48,43,14:48:43,197,Tahap-4
01/24/2025,14,48,43,14:48:43,280,Tahap-4
01/24/2025,14,48,43,14:48:43,29,Tahap-4
01/24/2025,14,48,43,14:48:43,173,Tahap-4
01/24/2025,14,48,43,14:48:43,40,Tahap-4
01/24/2025,14,48,43,14:48:43,134,Tahap-4
01/24/2025,14,48,43,14:48:43,79,Tahap-4
01/24/2025,14,48,44,14:48:44,184,Tahap-4
01/24/2025,14,48,44,14:48:44,203,Tahap-4
01/24/2025,14,48,44,14:48:44,209,Tahap-4
01/24/2025,14,48,44,14:48:44,463,Tahap-4
01/24/2025,14,48,44,14:48:44,103,Tahap-4
01/24/2025,14,48,44,14:48:44,136,Tahap-4
01/24/2025,14,48,44,14:48:44,426,Tahap-4
01/24/2025,14,48,44,14:48:44,214,Tahap-4
01/24/2025,14,48,44,14:48:44,90,Tahap-4
01/24/2025,14,48,44,14:48:44,869,Tahap-4
01/24/2025,14,48,45,14:48:45,729,Tahap-4
01/24/2025,14,48,45,14:48:45,1119,Tahap-4
01/24/2025,14,48,45,14:48:45,195,Tahap-4
01/24/2025,14,48,45,14:48:45,546,Tahap-4
01/24/2025,14,48,45,14:48:45,205,Tahap-4
01/24/2025,14,48,45,14:48:45,261,Tahap-4
01/24/2025,14,48,45,14:48:45,378,Tahap-4
01/24/2025,14,48,45,14:48:45,275,Tahap-4
01/24/2025,14,48,45,14:48:45,225,Tahap-4
01/24/2025,14,48,45,14:48:45,259,Tahap-4
01/24/2025,14,48,46,14:48:46,546,Tahap-4
01/24/2025,14,48,46,14:48:46,228,Tahap-4
01/24/2025,14,48,46,14:48:46,-160,Tahap-4
01/24/2025,14,48,46,14:48:46,-80,Tahap-4
01/24/2025,14,48,46,14:48:46,-104,Tahap-4
01/24/2025,14,48,46,14:48:46,-456,Tahap-4
01/24/2025,14,48,46,14:48:46,136,Tahap-4
01/24/2025,14,48,46,14:48:46,-192,Tahap-4
01/24/2025,14,48,46,14:48:46,8,Tahap-4
01/24/2025,14,48,46,14:48:46,-200,Tahap-4
01/24/2025,14,48,47,14:48:47,-248,Tahap-4
01/24/2025,14,48,47,14:48:47,-152,Tahap-4
01/24/2025,14,48,47,14:48:47,-128,Tahap-4
01/24/2025,14,48,47,14:48:47,-456,Tahap-4
01/24/2025,14,48,47,14:48:47,32,Tahap-4
01/24/2025,14,48,47,14:48:47,-232,Tahap-4
01/24/2025,14,48,47,14:48:47,-368,Tahap-4
01/24/2025,14,48,47,14:48:47,128,Tahap-4
01/24/2025,14,48,47,14:48:47,-168,Tahap-4
01/24/2025,14,48,47,14:48:47,-136,Tahap-4
01/24/2025,14,48,48,14:48:48,-32,Tahap-4
01/24/2025,14,48,48,14:48:48,-296,Tahap-4
01/24/2025,14,48,48,14:48:48,-136,Tahap-4
01/24/2025,14,48,48,14:48:48,-136,Tahap-4
01/24/2025,14,48,48,14:48:48,-272,Tahap-4
01/24/2025,14,48,48,14:48:48,120,Tahap-4
01/24/2025,14,48,48,14:48:48,-128,Tahap-4
01/24/2025,14,48,48,14:48:48,-304,Tahap-4
01/24/2025,14,48,48,14:48:48,80,Tahap-4
01/24/2025,14,48,48,14:48:48,-128,Tahap-4
01/24/2025,14,48,49,14:48:49,-152,Tahap-4
01/24/2025,14,48,49,14:48:49,-128,Tahap-4
01/24/2025,14,48,49,14:48:49,-120,Tahap-4
01/24/2025,14,48,49,14:48:49,-200,Tahap-4
01/24/2025,14,48,49,14:48:49,24,Tahap-4
01/24/2025,14,48,49,14:48:49,-256,Tahap-4
01/24/2025,14,48,49,14:48:49,32,Tahap-4
01/24/2025,14,48,49,14:48:49,-144,Tahap-4
01/24/2025,14,48,49,14:48:49,-128,Tahap-4
01/24/2025,14,48,49,14:48:49,104,Tahap-4
01/24/2025,14,48,50,14:48:50,-128,Tahap-4
01/24/2025,14,48,50,14:48:50,-24,Tahap-4
01/24/2025,14,48,50,14:48:50,-224,Tahap-4
01/24/2025,14,48,50,14:48:50,128,Tahap-4
01/24/2025,14,48,50,14:48:50,-200,Tahap-4
01/24/2025,14,48,50,14:48:50,-168,Tahap-4
01/24/2025,14,48,50,14:48:50,-72,Tahap-4
01/24/2025,14,48,50,14:48:50,-120,Tahap-4
01/24/2025,14,48,50,14:48:50,88,Tahap-4
01/24/2025,14,48,50,14:48:50,-200,Tahap-4
01/24/2025,14,48,51,14:48:51,160,Tahap-4
01/24/2025,14,48,51,14:48:51,-48,Tahap-4
01/24/2025,14,48,51,14:48:51,144,Tahap-4
01/24/2025,14,48,51,14:48:51,-312,Tahap-4
01/24/2025,14,48,51,14:48:51,288,Tahap-4
01/24/2025,14,48,51,14:48:51,8,Tahap-4
01/24/2025,14,48,51,14:48:51,-40,Tahap-4
01/24/2025,14,48,51,14:48:51,48,Tahap-4
01/24/2025,14,48,51,14:48:51,40,Tahap-4
01/24/2025,14,48,51,14:48:51,56,Tahap-4
01/24/2025,14,48,52,14:48:52,24,Tahap-4
01/24/2025,14,48,52,14:48:52,240,Tahap-4
01/24/2025,14,48,52,14:48:52,-32,Tahap-4
01/24/2025,14,48,52,14:48:52,112,Tahap-4
01/24/2025,14,48,52,14:48:52,-320,Tahap-4
01/24/2025,14,48,52,14:48:52,160,Tahap-4
01/24/2025,14,48,52,14:48:52,120,Tahap-4
01/24/2025,14,48,52,14:48:52,-104,Tahap-4
01/24/2025,14,48,52,14:48:52,-8,Tahap-4
01/24/2025,14,48,53,14:48:53,96,Tahap-4
01/24/2025,14,48,53,14:48:53,-32,Tahap-4
01/24/2025,14,48,53,14:48:53,336,Tahap-4
01/24/2025,14,48,53,14:48:53,-136,Tahap-4
01/24/2025,14,48,53,14:48:53,32,Tahap-4
01/24/2025,14,48,53,14:48:53,-200,Tahap-4
01/24/2025,14,48,53,14:48:53,32,Tahap-4
01/24/2025,14,48,53,14:48:53,-56,Tahap-4
01/24/2025,14,48,53,14:48:53,-80,Tahap-4
01/24/2025,14,48,53,14:48:53,-64,Tahap-4
01/24/2025,14,48,54,14:48:54,-48,Tahap-4
01/24/2025,14,48,54,14:48:54,48,Tahap-4
01/24/2025,14,48,54,14:48:54,-160,Tahap-4
01/24/2025,14,48,54,14:48:54,336,Tahap-4
01/24/2025,14,48,54,14:48:54,-16,Tahap-4
01/24/2025,14,48,54,14:48:54,40,Tahap-4
01/24/2025,14,48,54,14:48:54,-96,Tahap-4
01/24/2025,14,48,54,14:48:54,120,Tahap-4
01/24/2025,14,48,54,14:48:54,-56,Tahap-4
01/24/2025,14,48,54,14:48:54,208,Tahap-4
01/24/2025,14,48,55,14:48:55,-56,Tahap-4
01/24/2025,14,48,55,14:48:55,24,Tahap-4
01/24/2025,14,48,55,14:48:55,320,Tahap-4
01/24/2025,14,48,55,14:48:55,-184,Tahap-4
01/24/2025,14,48,55,14:48:55,280,Tahap-4
01/24/2025,14,48,55,14:48:55,176,Tahap-4
01/24/2025,14,48,55,14:48:55,-40,Tahap-4
01/24/2025,14,48,55,14:48:55,-56,Tahap-4
01/24/2025,14,48,55,14:48:55,184,Tahap-4
01/24/2025,14,48,55,14:48:55,-8,Tahap-4
01/24/2025,14,48,56,14:48:56,72,Tahap-4
01/24/2025,14,48,56,14:48:56,48,Tahap-4
01/24/2025,14,48,56,14:48:56,-8,Tahap-4
01/24/2025,14,48,56,14:48:56,256,Tahap-4
01/24/2025,14,48,56,14:48:56,-152,Tahap-4
01/24/2025,14,48,56,14:48:56,240,Tahap-4
01/24/2025,14,48,56,14:48:56,112,Tahap-4
01/24/2025,14,48,56,14:48:56,184,Tahap-4
01/24/2025,14,48,56,14:48:56,-216,Tahap-4
01/24/2025,14,48,57,14:48:57,256,Tahap-4
01/24/2025,14,48,57,14:48:57,-24,Tahap-4
01/24/2025,14,48,57,14:48:57,152,Tahap-4
01/24/2025,14,48,57,14:48:57,-80,Tahap-4
01/24/2025,14,48,57,14:48:57,152,Tahap-4
01/24/2025,14,48,57,14:48:57,120,Tahap-4
01/24/2025,14,48,57,14:48:57,-64,Tahap-4
01/24/2025,14,48,57,14:48:57,336,Tahap-4
01/24/2025,14,48,57,14:48:57,96,Tahap-4
01/24/2025,14,48,57,14:48:57,176,Tahap-4
01/24/2025,14,48,57,14:48:57,-80,Tahap-4
01/24/2025,14,48,58,14:48:58,96,Tahap-4
01/24/2025,14,48,58,14:48:58,160,Tahap-4
01/24/2025,14,48,58,14:48:58,72,Tahap-4
01/24/2025,14,48,58,14:48:58,48,Tahap-4
01/24/2025,14,48,58,14:48:58,144,Tahap-4
01/24/2025,14,48,58,14:48:58,152,Tahap-4
01/24/2025,14,48,58,14:48:58,-160,Tahap-4
01/24/2025,14,48,58,14:48:58,328,Tahap-4
01/24/2025,14,48,58,14:48:58,-64,Tahap-4
01/24/2025,14,48,58,14:48:58,144,Tahap-4
01/24/2025,14,48,59,14:48:59,16,Tahap-4
01/24/2025,14,49,23,14:49:23,969,Tahap-4
01/24/2025,14,49,23,14:49:23,637,Tahap-4
01/24/2025,14,49,23,14:49:23,207,Tahap-4
01/24/2025,14,49,23,14:49:23,625,Tahap-4
01/24/2025,14,49,23,14:49:23,201,Tahap-4
01/24/2025,14,49,23,14:49:23,154,Tahap-4
01/24/2025,14,49,24,14:49:24,216,Tahap-4
01/24/2025,14,49,24,14:49:24,71,Tahap-4
01/24/2025,14,49,24,14:49:24,210,Tahap-4
01/24/2025,14,49,24,14:49:24,122,Tahap-4
01/24/2025,14,49,24,14:49:24,98,Tahap-4
01/24/2025,14,49,24,14:49:24,52,Tahap-4
01/24/2025,14,49,24,14:49:24,179,Tahap-4
01/24/2025,14,49,24,14:49:24,169,Tahap-4
01/24/2025,14,49,24,14:49:24,68,Tahap-4
01/24/2025,14,49,24,14:49:24,157,Tahap-4
01/24/2025,14,49,25,14:49:25,142,Tahap-4
01/24/2025,14,49,25,14:49:25,82,Tahap-4
01/24/2025,14,49,25,14:49:25,70,Tahap-4
01/24/2025,14,49,25,14:49:25,146,Tahap-4
01/24/2025,14,49,25,14:49:25,113,Tahap-4
01/24/2025,14,49,25,14:49:25,96,Tahap-4
01/24/2025,14,49,25,14:49:25,346,Tahap-4
01/24/2025,14,49,25,14:49:25,540,Tahap-4
01/24/2025,14,49,25,14:49:25,178,Tahap-4
01/24/2025,14,49,25,14:49:25,184,Tahap-4
01/24/2025,14,49,26,14:49:26,180,Tahap-4
01/24/2025,14,49,26,14:49:26,37,Tahap-4
01/24/2025,14,49,26,14:49:26,52,Tahap-4
01/24/2025,14,49,26,14:49:26,256,Tahap-4
01/24/2025,14,49,26,14:49:26,125,Tahap-4
01/24/2025,14,49,26,14:49:26,120,Tahap-4
01/24/2025,14,49,26,14:49:26,83,Tahap-4
01/24/2025,14,49,26,14:49:26,132,Tahap-4
01/24/2025,14,49,26,14:49:26,177,Tahap-4
01/24/2025,14,49,27,14:49:27,131,Tahap-4
01/24/2025,14,49,27,14:49:27,186,Tahap-4
01/24/2025,14,49,27,14:49:27,74,Tahap-4
01/24/2025,14,49,27,14:49:27,81,Tahap-4
01/24/2025,14,49,27,14:49:27,146,Tahap-4
01/24/2025,14,49,27,14:49:27,58,Tahap-4
01/24/2025,14,49,27,14:49:27,38,Tahap-4
01/24/2025,14,49,27,14:49:27,72,Tahap-4
01/24/2025,14,49,27,14:49:27,207,Tahap-4
01/24/2025,14,49,27,14:49:27,269,Tahap-4
01/24/2025,14,49,27,14:49:27,144,Tahap-4
01/24/2025,14,49,28,14:49:28,472,Tahap-4
01/24/2025,14,49,28,14:49:28,263,Tahap-4
01/24/2025,14,49,28,14:49:28,204,Tahap-4
01/24/2025,14,49,28,14:49:28,73,Tahap-4
01/24/2025,14,49,28,14:49:28,62,Tahap-4
01/24/2025,14,49,28,14:49:28,108,Tahap-4
01/24/2025,14,49,28,14:49:28,28,Tahap-4
01/24/2025,14,49,28,14:49:28,77,Tahap-4
01/24/2025,14,49,28,14:49:28,176,Tahap-4
01/24/2025,14,49,28,14:49:28,150,Tahap-4
01/24/2025,14,49,29,14:49:29,171,Tahap-4
01/24/2025,14,49,29,14:49:29,108,Tahap-4
01/24/2025,14,49,29,14:49:29,120,Tahap-4
01/24/2025,14,49,29,14:49:29,81,Tahap-4
01/24/2025,14,49,29,14:49:29,107,Tahap-4
01/24/2025,14,49,29,14:49:29,177,Tahap-4
01/24/2025,14,49,29,14:49:29,118,Tahap-4
01/24/2025,14,49,29,14:49:29,251,Tahap-4
01/24/2025,14,49,29,14:49:29,143,Tahap-4
01/24/2025,14,49,29,14:49:29,83,Tahap-4
01/24/2025,14,49,30,14:49:30,212,Tahap-4
01/24/2025,14,49,30,14:49:30,114,Tahap-4
01/24/2025,14,49,30,14:49:30,620,Tahap-4
01/24/2025,14,49,30,14:49:30,462,Tahap-4
01/24/2025,14,49,30,14:49:30,481,Tahap-4
01/24/2025,14,49,30,14:49:30,429,Tahap-4
01/24/2025,14,49,30,14:49:30,124,Tahap-4
01/24/2025,14,49,30,14:49:30,32,Tahap-4
01/24/2025,14,49,30,14:49:30,137,Tahap-4
01/24/2025,14,49,30,14:49:30,259,Tahap-4
01/24/2025,14,49,31,14:49:31,83,Tahap-4
01/24/2025,14,49,31,14:49:31,64,Tahap-4
01/24/2025,14,49,31,14:49:31,38,Tahap-4
01/24/2025,14,49,31,14:49:31,67,Tahap-4
01/24/2025,14,49,31,14:49:31,142,Tahap-4
01/24/2025,14,49,31,14:49:31,59,Tahap-4
01/24/2025,14,49,31,14:49:31,94,Tahap-4
01/24/2025,14,49,31,14:49:31,237,Tahap-4
01/24/2025,14,49,31,14:49:31,40,Tahap-4
01/24/2025,14,49,31,14:49:31,213,Tahap-4
01/24/2025,14,49,32,14:49:32,115,Tahap-4
01/24/2025,14,49,32,14:49:32,574,Tahap-4
01/24/2025,14,49,32,14:49:32,1150,Tahap-4
01/24/2025,14,49,32,14:49:32,262,Tahap-4
01/24/2025,14,49,32,14:49:32,47,Tahap-4
01/24/2025,14,49,32,14:49:32,252,Tahap-4
01/24/2025,14,49,32,14:49:32,482,Tahap-4
01/24/2025,14,49,32,14:49:32,564,Tahap-4
01/24/2025,14,49,32,14:49:32,839,Tahap-4
01/24/2025,14,49,32,14:49:32,354,Tahap-4
01/24/2025,14,49,33,14:49:33,167,Tahap-4
01/24/2025,14,49,33,14:49:33,102,Tahap-4
01/24/2025,14,49,33,14:49:33,103,Tahap-4
01/24/2025,14,49,33,14:49:33,143,Tahap-4
01/24/2025,14,49,33,14:49:33,99,Tahap-4
01/24/2025,14,49,33,14:49:33,91,Tahap-4
01/24/2025,14,49,33,14:49:33,134,Tahap-4
01/24/2025,14,49,33,14:49:33,119,Tahap-4
01/24/2025,14,49,33,14:49:33,136,Tahap-4
01/24/2025,14,49,33,14:49:33,132,Tahap-4
01/24/2025,14,49,34,14:49:34,77,Tahap-4
01/24/2025,14,49,34,14:49:34,186,Tahap-4
01/24/2025,14,49,34,14:49:34,148,Tahap-4
01/24/2025,14,49,34,14:49:34,378,Tahap-4
01/24/2025,14,49,34,14:49:34,376,Tahap-4
01/24/2025,14,49,34,14:49:34,151,Tahap-4
01/24/2025,14,49,34,14:49:34,423,Tahap-4
01/24/2025,14,49,34,14:49:34,142,Tahap-4
01/24/2025,14,49,34,14:49:34,348,Tahap-4
01/24/2025,14,49,34,14:49:34,1128,Tahap-4
01/24/2025,14,49,35,14:49:35,676,Tahap-4
01/24/2025,14,49,35,14:49:35,455,Tahap-4
01/24/2025,14,49,35,14:49:35,275,Tahap-4
01/24/2025,14,49,35,14:49:35,181,Tahap-4
01/24/2025,14,49,35,14:49:35,668,Tahap-4
01/24/2025,14,49,35,14:49:35,98,Tahap-4
01/24/2025,14,49,35,14:49:35,415,Tahap-4
01/24/2025,14,49,35,14:49:35,176,Tahap-4
01/24/2025,14,49,35,14:49:35,88,Tahap-4
01/24/2025,14,49,35,14:49:35,320,Tahap-4
01/24/2025,14,49,36,14:49:36,362,Tahap-4
01/24/2025,14,49,36,14:49:36,-152,Tahap-4
01/24/2025,14,49,36,14:49:36,24,Tahap-4
01/24/2025,14,49,36,14:49:36,112,Tahap-4
01/24/2025,14,49,36,14:49:36,-64,Tahap-4
01/24/2025,14,49,36,14:49:36,-16,Tahap-4
01/24/2025,14,49,36,14:49:36,296,Tahap-4
01/24/2025,14,49,36,14:49:36,-8,Tahap-4
01/24/2025,14,49,36,14:49:36,120,Tahap-4
01/24/2025,14,49,36,14:49:36,-64,Tahap-4
01/24/2025,14,49,37,14:49:37,88,Tahap-4
01/24/2025,14,49,37,14:49:37,88,Tahap-4
01/24/2025,14,49,37,14:49:37,16,Tahap-4
01/24/2025,14,49,37,14:49:37,-168,Tahap-4
01/24/2025,14,49,37,14:49:37,280,Tahap-4
01/24/2025,14,49,37,14:49:37,-112,Tahap-4
01/24/2025,14,49,37,14:49:37,-96,Tahap-4
01/24/2025,14,49,37,14:49:37,392,Tahap-4
01/24/2025,14,49,37,14:49:37,-176,Tahap-4
01/24/2025,14,49,37,14:49:37,48,Tahap-4
01/24/2025,14,49,38,14:49:38,-120,Tahap-4
01/24/2025,14,49,38,14:49:38,48,Tahap-4
01/24/2025,14,49,38,14:49:38,-208,Tahap-4
01/24/2025,14,49,38,14:49:38,168,Tahap-4
01/24/2025,14,49,38,14:49:38,-288,Tahap-4
01/24/2025,14,49,38,14:49:38,-64,Tahap-4
01/24/2025,14,49,38,14:49:38,16,Tahap-4
01/24/2025,14,49,38,14:49:38,16,Tahap-4
01/24/2025,14,49,38,14:49:38,160,Tahap-4
01/24/2025,14,49,38,14:49:38,-8,Tahap-4
01/24/2025,14,49,39,14:49:39,8,Tahap-4
01/24/2025,14,49,39,14:49:39,-88,Tahap-4
01/24/2025,14,49,39,14:49:39,-40,Tahap-4
01/24/2025,14,49,39,14:49:39,-72,Tahap-4
01/24/2025,14,49,39,14:49:39,32,Tahap-4
01/24/2025,14,49,39,14:49:39,376,Tahap-4
01/24/2025,14,49,39,14:49:39,-288,Tahap-4
01/24/2025,14,49,39,14:49:39,200,Tahap-4
01/24/2025,14,49,39,14:49:39,24,Tahap-4
01/24/2025,14,49,39,14:49:39,168,Tahap-4
01/24/2025,14,49,40,14:49:40,24,Tahap-4
01/24/2025,14,49,40,14:49:40,56,Tahap-4
01/24/2025,14,49,40,14:49:40,-72,Tahap-4
01/24/2025,14,49,40,14:49:40,128,Tahap-4
01/24/2025,14,49,40,14:49:40,24,Tahap-4
01/24/2025,14,49,40,14:49:40,-64,Tahap-4
01/24/2025,14,49,40,14:49:40,328,Tahap-4
01/24/2025,14,49,40,14:49:40,-296,Tahap-4
01/24/2025,14,49,40,14:49:40,144,Tahap-4
01/24/2025,14,49,40,14:49:40,120,Tahap-4
01/24/2025,14,49,41,14:49:41,192,Tahap-4
01/24/2025,14,49,41,14:49:41,120,Tahap-4
01/24/2025,14,49,41,14:49:41,160,Tahap-4
01/24/2025,14,49,41,14:49:41,-152,Tahap-4
01/24/2025,14,49,41,14:49:41,80,Tahap-4
01/24/2025,14,49,41,14:49:41,-16,Tahap-4
01/24/2025,14,49,41,14:49:41,16,Tahap-4
01/24/2025,14,49,41,14:49:41,336,Tahap-4
01/24/2025,14,49,41,14:49:41,-168,Tahap-4
01/24/2025,14,49,41,14:49:41,72,Tahap-4
01/24/2025,14,49,42,14:49:42,240,Tahap-4
01/24/2025,14,49,42,14:49:42,96,Tahap-4
01/24/2025,14,49,42,14:49:42,-32,Tahap-4
01/24/2025,14,49,42,14:49:42,216,Tahap-4
01/24/2025,14,49,42,14:49:42,-96,Tahap-4
01/24/2025,14,49,42,14:49:42,88,Tahap-4
01/24/2025,14,49,42,14:49:42,48,Tahap-4
01/24/2025,14,49,42,14:49:42,72,Tahap-4
01/24/2025,14,49,42,14:49:42,184,Tahap-4
01/24/2025,14,49,42,14:49:42,-48,Tahap-4
01/24/2025,14,49,43,14:49:43,200,Tahap-4
01/24/2025,14,49,43,14:49:43,120,Tahap-4
01/24/2025,14,49,43,14:49:43,192,Tahap-4
01/24/2025,14,49,43,14:49:43,-104,Tahap-4
01/24/2025,14,49,43,14:49:43,56,Tahap-4
01/24/2025,14,49,43,14:49:43,-80,Tahap-4
01/24/2025,14,49,43,14:49:43,-32,Tahap-4
01/24/2025,14,49,43,14:49:43,88,Tahap-4
01/24/2025,14,49,43,14:49:43,-24,Tahap-4
01/24/2025,14,49,44,14:49:44,-160,Tahap-4
01/24/2025,14,49,44,14:49:44,232,Tahap-4
01/24/2025,14,49,44,14:49:44,-48,Tahap-4
01/24/2025,14,49,44,14:49:44,40,Tahap-4
01/24/2025,14,49,44,14:49:44,-64,Tahap-4
01/24/2025,14,49,44,14:49:44,-24,Tahap-4
01/24/2025,14,49,44,14:49:44,152,Tahap-4
01/24/2025,14,49,44,14:49:44,-168,Tahap-4
01/24/2025,14,49,44,14:49:44,-96,Tahap-4
01/24/2025,14,49,44,14:49:44,104,Tahap-4
01/24/2025,14,49,45,14:49:45,144,Tahap-4
01/24/2025,14,49,45,14:49:45,-248,Tahap-4
01/24/2025,14,49,45,14:49:45,352,Tahap-4
01/24/2025,14,49,45,14:49:45,-16,Tahap-4
01/24/2025,14,49,45,14:49:45,168,Tahap-4
01/24/2025,14,49,45,14:49:45,-104,Tahap-4
01/24/2025,14,49,45,14:49:45,-88,Tahap-4
01/24/2025,14,49,45,14:49:45,56,Tahap-4
01/24/2025,14,49,45,14:49:45,72,Tahap-4
01/24/2025,14,49,45,14:49:45,-96,Tahap-4
01/24/2025,14,49,46,14:49:46,48,Tahap-4
01/24/2025,14,49,46,14:49:46,128,Tahap-4
01/24/2025,14,49,46,14:49:46,-112,Tahap-4
01/24/2025,14,49,46,14:49:46,424,Tahap-4
01/24/2025,14,49,46,14:49:46,64,Tahap-4
01/24/2025,14,49,46,14:49:46,128,Tahap-4
01/24/2025,14,49,46,14:49:46,-112,Tahap-4
01/24/2025,14,49,46,14:49:46,112,Tahap-4
01/24/2025,14,49,46,14:49:46,-88,Tahap-4
01/24/2025,14,49,46,14:49:46,200,Tahap-4
01/24/2025,14,49,47,14:49:47,-72,Tahap-4
01/24/2025,14,49,47,14:49:47,104,Tahap-4
01/24/2025,14,49,47,14:49:47,224,Tahap-4
01/24/2025,14,49,47,14:49:47,-64,Tahap-4
01/24/2025,14,49,47,14:49:47,336,Tahap-4
01/24/2025,14,49,47,14:49:47,184,Tahap-4
01/24/2025,14,49,47,14:49:47,88,Tahap-4
01/24/2025,14,49,47,14:49:47,-112,Tahap-4
01/24/2025,14,49,47,14:49:47,224,Tahap-4
01/24/2025,14,49,47,14:49:47,-96,Tahap-4
01/24/2025,14,49,48,14:49:48,40,Tahap-4
01/24/2025,14,49,48,14:49:48,96,Tahap-4
01/24/2025,14,49,48,14:49:48,-48,Tahap-4
01/24/2025,14,49,48,14:49:48,80,Tahap-4
01/24/2025,14,49,48,14:49:48,-80,Tahap-4
01/24/2025,14,49,48,14:49:48,208,Tahap-4
01/24/2025,14,49,48,14:49:48,112,Tahap-4
01/24/2025,14,49,48,14:49:48,120,Tahap-4
01/24/2025,14,49,48,14:49:48,-248,Tahap-4
01/24/2025,14,49,48,14:49:48,256,Tahap-4
01/24/2025,14,50,13,14:50:13,4980,Tahap-4
01/24/2025,14,50,13,14:50:13,3518,Tahap-4
01/24/2025,14,50,13,14:50:13,1913,Tahap-4
01/24/2025,14,50,13,14:50:13,1857,Tahap-4
01/24/2025,14,50,13,14:50:13,742,Tahap-4
01/24/2025,14,50,13,14:50:13,986,Tahap-4
01/24/2025,14,50,14,14:50:14,579,Tahap-4
01/24/2025,14,50,14,14:50:14,760,Tahap-4
01/24/2025,14,50,14,14:50:14,747,Tahap-4
01/24/2025,14,50,14,14:50:14,729,Tahap-4
01/24/2025,14,50,14,14:50:14,467,Tahap-4
01/24/2025,14,50,14,14:50:14,532,Tahap-4
01/24/2025,14,50,14,14:50:14,424,Tahap-4
01/24/2025,14,50,14,14:50:14,422,Tahap-4
01/24/2025,14,50,14,14:50:14,355,Tahap-4
01/24/2025,14,50,14,14:50:14,371,Tahap-4
01/24/2025,14,50,15,14:50:15,403,Tahap-4
01/24/2025,14,50,15,14:50:15,376,Tahap-4
01/24/2025,14,50,15,14:50:15,270,Tahap-4
01/24/2025,14,50,15,14:50:15,446,Tahap-4
01/24/2025,14,50,15,14:50:15,376,Tahap-4
01/24/2025,14,50,15,14:50:15,447,Tahap-4
01/24/2025,14,50,15,14:50:15,338,Tahap-4
01/24/2025,14,50,15,14:50:15,377,Tahap-4
01/24/2025,14,50,15,14:50:15,105,Tahap-4
01/24/2025,14,50,15,14:50:15,190,Tahap-4
01/24/2025,14,50,16,14:50:16,259,Tahap-4
01/24/2025,14,50,16,14:50:16,75,Tahap-4
01/24/2025,14,50,16,14:50:16,77,Tahap-4
01/24/2025,14,50,16,14:50:16,212,Tahap-4
01/24/2025,14,50,16,14:50:16,214,Tahap-4
01/24/2025,14,50,16,14:50:16,47,Tahap-4
01/24/2025,14,50,16,14:50:16,134,Tahap-4
01/24/2025,14,50,16,14:50:16,37,Tahap-4
01/24/2025,14,50,16,14:50:16,132,Tahap-4
01/24/2025,14,50,16,14:50:16,231,Tahap-4
01/24/2025,14,50,17,14:50:17,145,Tahap-4
01/24/2025,14,50,17,14:50:17,120,Tahap-4
01/24/2025,14,50,17,14:50:17,163,Tahap-4
01/24/2025,14,50,17,14:50:17,220,Tahap-4
01/24/2025,14,50,17,14:50:17,109,Tahap-4
01/24/2025,14,50,17,14:50:17,173,Tahap-4
01/24/2025,14,50,17,14:50:17,148,Tahap-4
01/24/2025,14,50,17,14:50:17,345,Tahap-4
01/24/2025,14,50,17,14:50:17,112,Tahap-4
01/24/2025,14,50,17,14:50:17,275,Tahap-4
01/24/2025,14,50,18,14:50:18,135,Tahap-4
01/24/2025,14,50,18,14:50:18,294,Tahap-4
01/24/2025,14,50,18,14:50:18,197,Tahap-4
01/24/2025,14,50,18,14:50:18,203,Tahap-4
01/24/2025,14,50,18,14:50:18,187,Tahap-4
01/24/2025,14,50,18,14:50:18,111,Tahap-4
01/24/2025,14,50,18,14:50:18,173,Tahap-4
01/24/2025,14,50,18,14:50:18,129,Tahap-4
01/24/2025,14,50,18,14:50:18,257,Tahap-4
01/24/2025,14,50,18,14:50:18,11,Tahap-4
01/24/2025,14,50,19,14:50:19,96,Tahap-4
01/24/2025,14,50,19,14:50:19,207,Tahap-4
01/24/2025,14,50,19,14:50:19,171,Tahap-4
01/24/2025,14,50,19,14:50:19,137,Tahap-4
01/24/2025,14,50,19,14:50:19,62,Tahap-4
01/24/2025,14,50,19,14:50:19,32,Tahap-4
01/24/2025,14,50,19,14:50:19,146,Tahap-4
01/24/2025,14,50,19,14:50:19,142,Tahap-4
01/24/2025,14,50,19,14:50:19,277,Tahap-4
01/24/2025,14,50,19,14:50:19,133,Tahap-4
01/24/2025,14,50,20,14:50:20,113,Tahap-4
01/24/2025,14,50,20,14:50:20,58,Tahap-4
01/24/2025,14,50,20,14:50:20,104,Tahap-4
01/24/2025,14,50,20,14:50:20,1256,Tahap-4
01/24/2025,14,50,20,14:50:20,264,Tahap-4
01/24/2025,14,50,20,14:50:20,85,Tahap-4
01/24/2025,14,50,20,14:50:20,39,Tahap-4
01/24/2025,14,50,20,14:50:20,69,Tahap-4
01/24/2025,14,50,20,14:50:20,246,Tahap-4
01/24/2025,14,50,20,14:50:20,193,Tahap-4
01/24/2025,14,50,21,14:50:21,153,Tahap-4
01/24/2025,14,50,21,14:50:21,115,Tahap-4
01/24/2025,14,50,21,14:50:21,110,Tahap-4
01/24/2025,14,50,21,14:50:21,146,Tahap-4
01/24/2025,14,50,21,14:50:21,197,Tahap-4
01/24/2025,14,50,21,14:50:21,237,Tahap-4
01/24/2025,14,50,21,14:50:21,111,Tahap-4
01/24/2025,14,50,21,14:50:21,92,Tahap-4
01/24/2025,14,50,21,14:50:21,153,Tahap-4
01/24/2025,14,50,21,14:50:21,245,Tahap-4
01/24/2025,14,50,22,14:50:22,592,Tahap-4
01/24/2025,14,50,22,14:50:22,575,Tahap-4
01/24/2025,14,50,22,14:50:22,1076,Tahap-4
01/24/2025,14,50,22,14:50:22,304,Tahap-4
01/24/2025,14,50,22,14:50:22,219,Tahap-4
01/24/2025,14,50,22,14:50:22,145,Tahap-4
01/24/2025,14,50,22,14:50:22,490,Tahap-4
01/24/2025,14,50,22,14:50:22,682,Tahap-4
01/24/2025,14,50,22,14:50:22,778,Tahap-4
01/24/2025,14,50,22,14:50:22,511,Tahap-4
01/24/2025,14,50,23,14:50:23,295,Tahap-4
01/24/2025,14,50,23,14:50:23,251,Tahap-4
01/24/2025,14,50,23,14:50:23,67,Tahap-4
01/24/2025,14,50,23,14:50:23,126,Tahap-4
01/24/2025,14,50,23,14:50:23,111,Tahap-4
01/24/2025,14,50,23,14:50:23,48,Tahap-4
01/24/2025,14,50,23,14:50:23,114,Tahap-4
01/24/2025,14,50,23,14:50:23,147,Tahap-4
01/24/2025,14,50,23,14:50:23,86,Tahap-4
01/24/2025,14,50,23,14:50:23,89,Tahap-4
01/24/2025,14,50,24,14:50:24,107,Tahap-4
01/24/2025,14,50,24,14:50:24,197,Tahap-4
01/24/2025,14,50,24,14:50:24,369,Tahap-4
01/24/2025,14,50,24,14:50:24,484,Tahap-4
01/24/2025,14,50,24,14:50:24,473,Tahap-4
01/24/2025,14,50,24,14:50:24,147,Tahap-4
01/24/2025,14,50,24,14:50:24,370,Tahap-4
01/24/2025,14,50,24,14:50:24,180,Tahap-4
01/24/2025,14,50,24,14:50:24,429,Tahap-4
01/24/2025,14,50,24,14:50:24,1112,Tahap-4
01/24/2025,14,50,25,14:50:25,442,Tahap-4
01/24/2025,14,50,25,14:50:25,365,Tahap-4
01/24/2025,14,50,25,14:50:25,206,Tahap-4
01/24/2025,14,50,25,14:50:25,325,Tahap-4
01/24/2025,14,50,25,14:50:25,436,Tahap-4
01/24/2025,14,50,25,14:50:25,439,Tahap-4
01/24/2025,14,50,25,14:50:25,142,Tahap-4
01/24/2025,14,50,25,14:50:25,300,Tahap-4
01/24/2025,14,50,25,14:50:25,247,Tahap-4
01/24/2025,14,50,25,14:50:25,267,Tahap-4
01/24/2025,14,50,26,14:50:26,233,Tahap-4
01/24/2025,14,50,26,14:50:26,36,Tahap-4
01/24/2025,14,50,26,14:50:26,-28,Tahap-4
01/24/2025,14,50,26,14:50:26,-96,Tahap-4
01/24/2025,14,50,26,14:50:26,8,Tahap-4
01/24/2025,14,50,26,14:50:26,-68,Tahap-4
01/24/2025,14,50,26,14:50:26,-84,Tahap-4
01/24/2025,14,50,26,14:50:26,-4,Tahap-4
01/24/2025,14,50,26,14:50:26,-88,Tahap-4
01/24/2025,14,50,27,14:50:27,-116,Tahap-4
01/24/2025,14,50,27,14:50:27,-88,Tahap-4
01/24/2025,14,50,27,14:50:27,-124,Tahap-4
01/24/2025,14,50,27,14:50:27,24,Tahap-4
01/24/2025,14,50,27,14:50:27,-84,Tahap-4
01/24/2025,14,50,27,14:50:27,-96,Tahap-4
01/24/2025,14,50,27,14:50:27,32,Tahap-4
01/24/2025,14,50,27,14:50:27,-68,Tahap-4
01/24/2025,14,50,27,14:50:27,-140,Tahap-4
01/24/2025,14,50,27,14:50:27,-20,Tahap-4
01/24/2025,14,50,27,14:50:27,-20,Tahap-4
01/24/2025,14,50,28,14:50:28,-116,Tahap-4
01/24/2025,14,50,28,14:50:28,-20,Tahap-4
01/24/2025,14,50,28,14:50:28,-100,Tahap-4
01/24/2025,14,50,28,14:50:28,60,Tahap-4
01/24/2025,14,50,28,14:50:28,-4,Tahap-4
01/24/2025,14,50,28,14:50:28,-12,Tahap-4
01/24/2025,14,50,28,14:50:28,80,Tahap-4
01/24/2025,14,50,28,14:50:28,-8,Tahap-4
01/24/2025,14,50,28,14:50:28,-32,Tahap-4
01/24/2025,14,50,28,14:50:28,-64,Tahap-4
01/24/2025,14,50,29,14:50:29,96,Tahap-4
01/24/2025,14,50,29,14:50:29,-72,Tahap-4
01/24/2025,14,50,29,14:50:29,-48,Tahap-4
01/24/2025,14,50,29,14:50:29,56,Tahap-4
01/24/2025,14,50,29,14:50:29,44,Tahap-4
01/24/2025,14,50,29,14:50:29,32,Tahap-4
01/24/2025,14,50,29,14:50:29,88,Tahap-4
01/24/2025,14,50,29,14:50:29,16,Tahap-4
01/24/2025,14,50,29,14:50:29,36,Tahap-4
01/24/2025,14,50,30,14:50:30,-24,Tahap-4
01/24/2025,14,50,30,14:50:30,96,Tahap-4
01/24/2025,14,50,30,14:50:30,28,Tahap-4
01/24/2025,14,50,30,14:50:30,8,Tahap-4
01/24/2025,14,50,30,14:50:30,-8,Tahap-4
01/24/2025,14,50,30,14:50:30,144,Tahap-4
01/24/2025,14,50,30,14:50:30,-64,Tahap-4
01/24/2025,14,50,30,14:50:30,136,Tahap-4
01/24/2025,14,50,30,14:50:30,96,Tahap-4
01/24/2025,14,50,30,14:50:30,12,Tahap-4
01/24/2025,14,50,30,14:50:30,80,Tahap-4
01/24/2025,14,50,31,14:50:31,20,Tahap-4
01/24/2025,14,50,31,14:50:31,56,Tahap-4
01/24/2025,14,50,31,14:50:31,80,Tahap-4
01/24/2025,14,50,31,14:50:31,-12,Tahap-4
01/24/2025,14,50,31,14:50:31,-16,Tahap-4
01/24/2025,14,50,31,14:50:31,188,Tahap-4
01/24/2025,14,50,31,14:50:31,-76,Tahap-4
01/24/2025,14,50,31,14:50:31,140,Tahap-4
01/24/2025,14,50,31,14:50:31,188,Tahap-4
01/24/2025,14,50,31,14:50:31,4,Tahap-4
01/24/2025,14,50,32,14:50:32,120,Tahap-4
01/24/2025,14,50,32,14:50:32,64,Tahap-4
01/24/2025,14,50,32,14:50:32,132,Tahap-4
01/24/2025,14,50,32,14:50:32,92,Tahap-4
01/24/2025,14,50,32,14:50:32,100,Tahap-4
01/24/2025,14,50,32,14:50:32,68,Tahap-4
01/24/2025,14,50,32,14:50:32,268,Tahap-4
01/24/2025,14,50,32,14:50:32,40,Tahap-4
01/24/2025,14,50,32,14:50:32,144,Tahap-4
01/24/2025,14,50,32,14:50:32,292,Tahap-4
01/24/2025,14,50,33,14:50:33,88,Tahap-4
01/24/2025,14,50,33,14:50:33,132,Tahap-4
01/24/2025,14,50,33,14:50:33,120,Tahap-4
01/24/2025,14,50,33,14:50:33,116,Tahap-4
01/24/2025,14,50,33,14:50:33,112,Tahap-4
01/24/2025,14,50,33,14:50:33,200,Tahap-4
01/24/2025,14,50,33,14:50:33,116,Tahap-4
01/24/2025,14,50,33,14:50:33,244,Tahap-4
01/24/2025,14,50,33,14:50:33,124,Tahap-4
01/24/2025,14,50,33,14:50:33,216,Tahap-4
01/24/2025,14,50,34,14:50:34,272,Tahap-4
01/24/2025,14,50,34,14:50:34,232,Tahap-4
01/24/2025,14,50,34,14:50:34,80,Tahap-4
01/24/2025,14,50,34,14:50:34,180,Tahap-4
01/24/2025,14,50,34,14:50:34,244,Tahap-4
01/24/2025,14,50,34,14:50:34,152,Tahap-4
01/24/2025,14,50,34,14:50:34,248,Tahap-4
01/24/2025,14,50,34,14:50:34,180,Tahap-4
01/24/2025,14,50,34,14:50:34,296,Tahap-4
01/24/2025,14,50,34,14:50:34,124,Tahap-4
01/24/2025,14,50,35,14:50:35,312,Tahap-4
01/24/2025,14,50,35,14:50:35,208,Tahap-4
01/24/2025,14,50,35,14:50:35,280,Tahap-4
01/24/2025,14,50,35,14:50:35,236,Tahap-4
01/24/2025,14,50,35,14:50:35,196,Tahap-4
01/24/2025,14,50,35,14:50:35,308,Tahap-4
01/24/2025,14,50,35,14:50:35,260,Tahap-4
01/24/2025,14,50,35,14:50:35,260,Tahap-4
01/24/2025,14,50,35,14:50:35,328,Tahap-4
01/24/2025,14,50,35,14:50:35,416,Tahap-4
01/24/2025,14,50,36,14:50:36,168,Tahap-4
01/24/2025,14,50,36,14:50:36,436,Tahap-4
01/24/2025,14,50,36,14:50:36,332,Tahap-4
01/24/2025,14,50,36,14:50:36,288,Tahap-4
01/24/2025,14,50,36,14:50:36,320,Tahap-4
01/24/2025,14,50,36,14:50:36,192,Tahap-4
01/24/2025,14,50,36,14:50:36,340,Tahap-4
01/24/2025,14,50,36,14:50:36,300,Tahap-4
01/24/2025,14,50,36,14:50:36,252,Tahap-4
01/24/2025,14,50,36,14:50:36,324,Tahap-4
01/24/2025,14,50,37,14:50:37,360,Tahap-4
01/24/2025,14,50,37,14:50:37,176,Tahap-4
01/24/2025,14,50,37,14:50:37,408,Tahap-4
01/24/2025,14,50,37,14:50:37,344,Tahap-4
01/24/2025,14,50,37,14:50:37,268,Tahap-4
01/24/2025,14,50,37,14:50:37,292,Tahap-4
01/24/2025,14,50,37,14:50:37,308,Tahap-4
01/24/2025,14,50,37,14:50:37,256,Tahap-4
01/24/2025,14,50,37,14:50:37,284,Tahap-4
01/24/2025,14,50,37,14:50:37,260,Tahap-4
01/24/2025,14,50,38,14:50:38,252,Tahap-4
01/24/2025,14,50,38,14:50:38,464,Tahap-4
01/24/2025,14,50,38,14:50:38,200,Tahap-4
01/24/2025,14,50,38,14:50:38,428,Tahap-4
01/24/2025,14,50,38,14:50:38,340,Tahap-4
01/24/2025,14,50,38,14:50:38,300,Tahap-4
01/24/2025,14,50,38,14:50:38,248,Tahap-4
01/24/2025,14,50,38,14:50:38,364,Tahap-4
01/24/2025,14,50,38,14:50:38,284,Tahap-4
01/24/2025,14,51,3,14:51:03,3213,Tahap-4
01/24/2025,14,51,3,14:51:03,1081,Tahap-4
01/24/2025,14,51,3,14:51:03,676,Tahap-4
01/24/2025,14,51,3,14:51:03,594,Tahap-4
01/24/2025,14,51,3,14:51:03,289,Tahap-4
01/24/2025,14,51,3,14:51:03,319,Tahap-4
01/24/2025,14,51,3,14:51:03,381,Tahap-4
01/24/2025,14,51,4,14:51:04,158,Tahap-4
01/24/2025,14,51,4,14:51:04,306,Tahap-4
01/24/2025,14,51,4,14:51:04,147,Tahap-4
01/24/2025,14,51,4,14:51:04,199,Tahap-4
01/24/2025,14,51,4,14:51:04,206,Tahap-4
01/24/2025,14,51,4,14:51:04,267,Tahap-4
01/24/2025,14,51,4,14:51:04,158,Tahap-4
01/24/2025,14,51,4,14:51:04,307,Tahap-4
01/24/2025,14,51,4,14:51:04,133,Tahap-4
01/24/2025,14,51,4,14:51:04,136,Tahap-4
01/24/2025,14,51,5,14:51:05,221,Tahap-4
01/24/2025,14,51,5,14:51:05,129,Tahap-4
01/24/2025,14,51,5,14:51:05,66,Tahap-4
01/24/2025,14,51,5,14:51:05,120,Tahap-4
01/24/2025,14,51,5,14:51:05,115,Tahap-4
01/24/2025,14,51,5,14:51:05,303,Tahap-4
01/24/2025,14,51,5,14:51:05,354,Tahap-4
01/24/2025,14,51,5,14:51:05,323,Tahap-4
01/24/2025,14,51,5,14:51:05,177,Tahap-4
01/24/2025,14,51,5,14:51:05,266,Tahap-4
01/24/2025,14,51,6,14:51:06,259,Tahap-4
01/24/2025,14,51,6,14:51:06,134,Tahap-4
01/24/2025,14,51,6,14:51:06,237,Tahap-4
01/24/2025,14,51,6,14:51:06,250,Tahap-4
01/24/2025,14,51,6,14:51:06,207,Tahap-4
01/24/2025,14,51,6,14:51:06,20,Tahap-4
01/24/2025,14,51,6,14:51:06,153,Tahap-4
01/24/2025,14,51,6,14:51:06,105,Tahap-4
01/24/2025,14,51,6,14:51:06,305,Tahap-4
01/24/2025,14,51,6,14:51:06,108,Tahap-4
01/24/2025,14,51,7,14:51:07,152,Tahap-4
01/24/2025,14,51,7,14:51:07,92,Tahap-4
01/24/2025,14,51,7,14:51:07,97,Tahap-4
01/24/2025,14,51,7,14:51:07,193,Tahap-4
01/24/2025,14,51,7,14:51:07,109,Tahap-4
01/24/2025,14,51,7,14:51:07,97,Tahap-4
01/24/2025,14,51,7,14:51:07,357,Tahap-4
01/24/2025,14,51,7,14:51:07,110,Tahap-4
01/24/2025,14,51,7,14:51:07,152,Tahap-4
01/24/2025,14,51,7,14:51:07,460,Tahap-4
01/24/2025,14,51,8,14:51:08,133,Tahap-4
01/24/2025,14,51,8,14:51:08,102,Tahap-4
01/24/2025,14,51,8,14:51:08,110,Tahap-4
01/24/2025,14,51,8,14:51:08,31,Tahap-4
01/24/2025,14,51,8,14:51:08,91,Tahap-4
01/24/2025,14,51,8,14:51:08,49,Tahap-4
01/24/2025,14,51,8,14:51:08,56,Tahap-4
01/24/2025,14,51,8,14:51:08,43,Tahap-4
01/24/2025,14,51,8,14:51:08,190,Tahap-4
01/24/2025,14,51,8,14:51:08,222,Tahap-4
01/24/2025,14,51,9,14:51:09,99,Tahap-4
01/24/2025,14,51,9,14:51:09,156,Tahap-4
01/24/2025,14,51,9,14:51:09,128,Tahap-4
01/24/2025,14,51,9,14:51:09,55,Tahap-4
01/24/2025,14,51,9,14:51:09,23,Tahap-4
01/24/2025,14,51,9,14:51:09,145,Tahap-4
01/24/2025,14,51,9,14:51:09,62,Tahap-4
01/24/2025,14,51,9,14:51:09,226,Tahap-4
01/24/2025,14,51,9,14:51:09,159,Tahap-4
01/24/2025,14,51,9,14:51:09,131,Tahap-4
01/24/2025,14,51,10,14:51:10,113,Tahap-4
01/24/2025,14,51,10,14:51:10,594,Tahap-4
01/24/2025,14,51,10,14:51:10,390,Tahap-4
01/24/2025,14,51,10,14:51:10,152,Tahap-4
01/24/2025,14,51,10,14:51:10,422,Tahap-4
01/24/2025,14,51,10,14:51:10,324,Tahap-4
01/24/2025,14,51,10,14:51:10,128,Tahap-4
01/24/2025,14,51,10,14:51:10,455,Tahap-4
01/24/2025,14,51,10,14:51:10,67,Tahap-4
01/24/2025,14,51,10,14:51:10,180,Tahap-4
01/24/2025,14,51,11,14:51:11,153,Tahap-4
01/24/2025,14,51,11,14:51:11,128,Tahap-4
01/24/2025,14,51,11,14:51:11,50,Tahap-4
01/24/2025,14,51,11,14:51:11,160,Tahap-4
01/24/2025,14,51,11,14:51:11,391,Tahap-4
01/24/2025,14,51,11,14:51:11,243,Tahap-4
01/24/2025,14,51,11,14:51:11,271,Tahap-4
01/24/2025,14,51,11,14:51:11,306,Tahap-4
01/24/2025,14,51,11,14:51:11,318,Tahap-4
01/24/2025,14,51,11,14:51:11,355,Tahap-4
01/24/2025,14,51,12,14:51:12,468,Tahap-4
01/24/2025,14,51,12,14:51:12,1176,Tahap-4
01/24/2025,14,51,12,14:51:12,153,Tahap-4
01/24/2025,14,51,12,14:51:12,162,Tahap-4
01/24/2025,14,51,12,14:51:12,129,Tahap-4
01/24/2025,14,51,12,14:51:12,552,Tahap-4
01/24/2025,14,51,12,14:51:12,408,Tahap-4
01/24/2025,14,51,12,14:51:12,160,Tahap-4
01/24/2025,14,51,12,14:51:12,185,Tahap-4
01/24/2025,14,51,12,14:51:12,214,Tahap-4
01/24/2025,14,51,13,14:51:13,146,Tahap-4
01/24/2025,14,51,13,14:51:13,217,Tahap-4
01/24/2025,14,51,13,14:51:13,125,Tahap-4
01/24/2025,14,51,13,14:51:13,179,Tahap-4
01/24/2025,14,51,13,14:51:13,191,Tahap-4
01/24/2025,14,51,13,14:51:13,122,Tahap-4
01/24/2025,14,51,13,14:51:13,219,Tahap-4
01/24/2025,14,51,13,14:51:13,63,Tahap-4
01/24/2025,14,51,13,14:51:13,97,Tahap-4
01/24/2025,14,51,13,14:51:13,243,Tahap-4
01/24/2025,14,51,14,14:51:14,196,Tahap-4
01/24/2025,14,51,14,14:51:14,312,Tahap-4
01/24/2025,14,51,14,14:51:14,457,Tahap-4
01/24/2025,14,51,14,14:51:14,337,Tahap-4
01/24/2025,14,51,14,14:51:14,207,Tahap-4
01/24/2025,14,51,14,14:51:14,421,Tahap-4
01/24/2025,14,51,14,14:51:14,287,Tahap-4
01/24/2025,14,51,14,14:51:14,1253,Tahap-4
01/24/2025,14,51,14,14:51:14,899,Tahap-4
01/24/2025,14,51,14,14:51:14,823,Tahap-4
01/24/2025,14,51,15,14:51:15,169,Tahap-4
01/24/2025,14,51,15,14:51:15,243,Tahap-4
01/24/2025,14,51,15,14:51:15,253,Tahap-4
01/24/2025,14,51,15,14:51:15,131,Tahap-4
01/24/2025,14,51,15,14:51:15,200,Tahap-4
01/24/2025,14,51,15,14:51:15,117,Tahap-4
01/24/2025,14,51,15,14:51:15,312,Tahap-4
01/24/2025,14,51,15,14:51:15,192,Tahap-4
01/24/2025,14,51,15,14:51:15,260,Tahap-4
01/24/2025,14,51,15,14:51:15,76,Tahap-4
01/24/2025,14,51,16,14:51:16,24,Tahap-4
01/24/2025,14,51,16,14:51:16,-44,Tahap-4
01/24/2025,14,51,16,14:51:16,-56,Tahap-4
01/24/2025,14,51,16,14:51:16,20,Tahap-4
01/24/2025,14,51,16,14:51:16,-40,Tahap-4
01/24/2025,14,51,16,14:51:16,-96,Tahap-4
01/24/2025,14,51,16,14:51:16,60,Tahap-4
01/24/2025,14,51,16,14:51:16,24,Tahap-4
01/24/2025,14,51,16,14:51:16,-132,Tahap-4
01/24/2025,14,51,16,14:51:16,104,Tahap-4
01/24/2025,14,51,17,14:51:17,4,Tahap-4
01/24/2025,14,51,17,14:51:17,-72,Tahap-4
01/24/2025,14,51,17,14:51:17,64,Tahap-4
01/24/2025,14,51,17,14:51:17,-24,Tahap-4
01/24/2025,14,51,17,14:51:17,48,Tahap-4
01/24/2025,14,51,17,14:51:17,-32,Tahap-4
01/24/2025,14,51,17,14:51:17,68,Tahap-4
01/24/2025,14,51,17,14:51:17,-148,Tahap-4
01/24/2025,14,51,17,14:51:17,52,Tahap-4
01/24/2025,14,51,17,14:51:17,-56,Tahap-4
01/24/2025,14,51,18,14:51:18,52,Tahap-4
01/24/2025,14,51,18,14:51:18,40,Tahap-4
01/24/2025,14,51,18,14:51:18,-108,Tahap-4
01/24/2025,14,51,18,14:51:18,144,Tahap-4
01/24/2025,14,51,18,14:51:18,20,Tahap-4
01/24/2025,14,51,18,14:51:18,-16,Tahap-4
01/24/2025,14,51,18,14:51:18,48,Tahap-4
01/24/2025,14,51,18,14:51:18,-8,Tahap-4
01/24/2025,14,51,18,14:51:18,-20,Tahap-4
01/24/2025,14,51,18,14:51:18,20,Tahap-4
01/24/2025,14,51,19,14:51:19,12,Tahap-4
01/24/2025,14,51,19,14:51:19,20,Tahap-4
01/24/2025,14,51,19,14:51:19,48,Tahap-4
01/24/2025,14,51,19,14:51:19,-64,Tahap-4
01/24/2025,14,51,19,14:51:19,100,Tahap-4
01/24/2025,14,51,19,14:51:19,72,Tahap-4
01/24/2025,14,51,19,14:51:19,56,Tahap-4
01/24/2025,14,51,19,14:51:19,4,Tahap-4
01/24/2025,14,51,19,14:51:19,100,Tahap-4
01/24/2025,14,51,19,14:51:19,-68,Tahap-4
01/24/2025,14,51,20,14:51:20,72,Tahap-4
01/24/2025,14,51,20,14:51:20,56,Tahap-4
01/24/2025,14,51,20,14:51:20,108,Tahap-4
01/24/2025,14,51,20,14:51:20,68,Tahap-4
01/24/2025,14,51,20,14:51:20,4,Tahap-4
01/24/2025,14,51,20,14:51:20,108,Tahap-4
01/24/2025,14,51,20,14:51:20,60,Tahap-4
01/24/2025,14,51,20,14:51:20,188,Tahap-4
01/24/2025,14,51,20,14:51:20,-96,Tahap-4
01/24/2025,14,51,20,14:51:20,84,Tahap-4
01/24/2025,14,51,21,14:51:21,-16,Tahap-4
01/24/2025,14,51,21,14:51:21,48,Tahap-4
01/24/2025,14,51,21,14:51:21,-40,Tahap-4
01/24/2025,14,51,21,14:51:21,184,Tahap-4
01/24/2025,14,51,21,14:51:21,32,Tahap-4
01/24/2025,14,51,21,14:51:21,20,Tahap-4
01/24/2025,14,51,21,14:51:21,208,Tahap-4
01/24/2025,14,51,21,14:51:21,-4,Tahap-4
01/24/2025,14,51,21,14:51:21,168,Tahap-4
01/24/2025,14,51,21,14:51:21,16,Tahap-4
01/24/2025,14,51,22,14:51:22,36,Tahap-4
01/24/2025,14,51,22,14:51:22,72,Tahap-4
01/24/2025,14,51,22,14:51:22,-8,Tahap-4
01/24/2025,14,51,22,14:51:22,20,Tahap-4
01/24/2025,14,51,22,14:51:22,156,Tahap-4
01/24/2025,14,51,22,14:51:22,64,Tahap-4
01/24/2025,14,51,22,14:51:22,8,Tahap-4
01/24/2025,14,51,22,14:51:22,216,Tahap-4
01/24/2025,14,51,22,14:51:22,60,Tahap-4
01/24/2025,14,51,22,14:51:22,140,Tahap-4
01/24/2025,14,51,23,14:51:23,92,Tahap-4
01/24/2025,14,51,23,14:51:23,80,Tahap-4
01/24/2025,14,51,23,14:51:23,52,Tahap-4
01/24/2025,14,51,23,14:51:23,124,Tahap-4
01/24/2025,14,51,23,14:51:23,-40,Tahap-4
01/24/2025,14,51,23,14:51:23,180,Tahap-4
01/24/2025,14,51,23,14:51:23,104,Tahap-4
01/24/2025,14,51,23,14:51:23,8,Tahap-4
01/24/2025,14,51,23,14:51:23,220,Tahap-4
01/24/2025,14,51,23,14:51:23,96,Tahap-4
01/24/2025,14,51,24,14:51:24,64,Tahap-4
01/24/2025,14,51,24,14:51:24,84,Tahap-4
01/24/2025,14,51,24,14:51:24,164,Tahap-4
01/24/2025,14,51,24,14:51:24,-12,Tahap-4
01/24/2025,14,51,24,14:51:24,148,Tahap-4
01/24/2025,14,51,24,14:51:24,52,Tahap-4
01/24/2025,14,51,24,14:51:24,140,Tahap-4
01/24/2025,14,51,24,14:51:24,148,Tahap-4
01/24/2025,14,51,24,14:51:24,48,Tahap-4
01/24/2025,14,51,24,14:51:24,220,Tahap-4
01/24/2025,14,51,25,14:51:25,100,Tahap-4
01/24/2025,14,51,25,14:51:25,140,Tahap-4
01/24/2025,14,51,25,14:51:25,-24,Tahap-4
01/24/2025,14,51,25,14:51:25,260,Tahap-4
01/24/2025,14,51,25,14:51:25,40,Tahap-4
01/24/2025,14,51,25,14:51:25,116,Tahap-4
01/24/2025,14,51,25,14:51:25,116,Tahap-4
01/24/2025,14,51,25,14:51:25,120,Tahap-4
01/24/2025,14,51,25,14:51:25,208,Tahap-4
01/24/2025,14,51,25,14:51:25,88,Tahap-4
01/24/2025,14,51,26,14:51:26,188,Tahap-4
01/24/2025,14,51,26,14:51:26,92,Tahap-4
01/24/2025,14,51,26,14:51:26,192,Tahap-4
01/24/2025,14,51,26,14:51:26,-4,Tahap-4
01/24/2025,14,51,26,14:51:26,212,Tahap-4
01/24/2025,14,51,26,14:51:26,140,Tahap-4
01/24/2025,14,51,26,14:51:26,36,Tahap-4
01/24/2025,14,51,26,14:51:26,160,Tahap-4
01/24/2025,14,51,26,14:51:26,136,Tahap-4
01/24/2025,14,51,27,14:51:27,220,Tahap-4
01/24/2025,14,51,27,14:51:27,72,Tahap-4
01/24/2025,14,51,27,14:51:27,256,Tahap-4
01/24/2025,14,51,27,14:51:27,88,Tahap-4
01/24/2025,14,51,27,14:51:27,228,Tahap-4
01/24/2025,14,51,27,14:51:27,8,Tahap-4
01/24/2025,14,51,27,14:51:27,104,Tahap-4
01/24/2025,14,51,27,14:51:27,184,Tahap-4
01/24/2025,14,51,27,14:51:27,76,Tahap-4
01/24/2025,14,51,27,14:51:27,92,Tahap-4
01/24/2025,14,51,27,14:51:27,136,Tahap-4
01/24/2025,14,51,28,14:51:28,192,Tahap-4
01/24/2025,14,51,28,14:51:28,80,Tahap-4
01/24/2025,14,51,28,14:51:28,328,Tahap-4
01/24/2025,14,51,28,14:51:28,76,Tahap-4
01/24/2025,14,51,28,14:51:28,164,Tahap-4
01/24/2025,14,51,28,14:51:28,88,Tahap-4
01/24/2025,14,51,28,14:51:28,144,Tahap-4
01/24/2025,14,51,28,14:51:28,148,Tahap-4
01/24/2025,14,51,28,14:51:28,180,Tahap-4
01/24/2025,14,51,53,14:51:53,3911,Tahap-4
01/24/2025,14,51,53,14:51:53,442,Tahap-4
01/24/2025,14,51,53,14:51:53,998,Tahap-4
01/24/2025,14,51,53,14:51:53,909,Tahap-4
01/24/2025,14,51,53,14:51:53,292,Tahap-4
01/24/2025,14,51,53,14:51:53,400,Tahap-4
01/24/2025,14,51,53,14:51:53,388,Tahap-4
01/24/2025,14,51,53,14:51:53,263,Tahap-4
01/24/2025,14,51,54,14:51:54,319,Tahap-4
01/24/2025,14,51,54,14:51:54,253,Tahap-4
01/24/2025,14,51,54,14:51:54,139,Tahap-4
01/24/2025,14,51,54,14:51:54,201,Tahap-4
01/24/2025,14,51,54,14:51:54,265,Tahap-4
01/24/2025,14,51,54,14:51:54,200,Tahap-4
01/24/2025,14,51,54,14:51:54,129,Tahap-4
01/24/2025,14,51,54,14:51:54,180,Tahap-4
01/24/2025,14,51,54,14:51:54,110,Tahap-4
01/24/2025,14,51,54,14:51:54,169,Tahap-4
01/24/2025,14,51,55,14:51:55,74,Tahap-4
01/24/2025,14,51,55,14:51:55,189,Tahap-4
01/24/2025,14,51,55,14:51:55,88,Tahap-4
01/24/2025,14,51,55,14:51:55,227,Tahap-4
01/24/2025,14,51,55,14:51:55,181,Tahap-4
01/24/2025,14,51,55,14:51:55,472,Tahap-4
01/24/2025,14,51,55,14:51:55,234,Tahap-4
01/24/2025,14,51,55,14:51:55,62,Tahap-4
01/24/2025,14,51,55,14:51:55,54,Tahap-4
01/24/2025,14,51,55,14:51:55,198,Tahap-4
01/24/2025,14,51,56,14:51:56,143,Tahap-4
01/24/2025,14,51,56,14:51:56,219,Tahap-4
01/24/2025,14,51,56,14:51:56,86,Tahap-4
01/24/2025,14,51,56,14:51:56,14,Tahap-4
01/24/2025,14,51,56,14:51:56,171,Tahap-4
01/24/2025,14,51,56,14:51:56,249,Tahap-4
01/24/2025,14,51,56,14:51:56,157,Tahap-4
01/24/2025,14,51,56,14:51:56,114,Tahap-4
01/24/2025,14,51,56,14:51:56,173,Tahap-4
01/24/2025,14,51,57,14:51:57,54,Tahap-4
01/24/2025,14,51,57,14:51:57,127,Tahap-4
01/24/2025,14,51,57,14:51:57,16,Tahap-4
01/24/2025,14,51,57,14:51:57,103,Tahap-4
01/24/2025,14,51,57,14:51:57,48,Tahap-4
01/24/2025,14,51,57,14:51:57,99,Tahap-4
01/24/2025,14,51,57,14:51:57,328,Tahap-4
01/24/2025,14,51,57,14:51:57,168,Tahap-4
01/24/2025,14,51,57,14:51:57,326,Tahap-4
01/24/2025,14,51,57,14:51:57,210,Tahap-4
01/24/2025,14,51,57,14:51:57,217,Tahap-4
01/24/2025,14,51,58,14:51:58,271,Tahap-4
01/24/2025,14,51,58,14:51:58,86,Tahap-4
01/24/2025,14,51,58,14:51:58,83,Tahap-4
01/24/2025,14,51,58,14:51:58,117,Tahap-4
01/24/2025,14,51,58,14:51:58,39,Tahap-4
01/24/2025,14,51,58,14:51:58,126,Tahap-4
01/24/2025,14,51,58,14:51:58,36,Tahap-4
01/24/2025,14,51,58,14:51:58,116,Tahap-4
01/24/2025,14,51,58,14:51:58,248,Tahap-4
01/24/2025,14,51,58,14:51:58,16,Tahap-4
01/24/2025,14,51,59,14:51:59,14,Tahap-4
01/24/2025,14,51,59,14:51:59,232,Tahap-4
01/24/2025,14,51,59,14:51:59,40,Tahap-4
01/24/2025,14,51,59,14:51:59,126,Tahap-4
01/24/2025,14,51,59,14:51:59,35,Tahap-4
01/24/2025,14,51,59,14:51:59,52,Tahap-4
01/24/2025,14,51,59,14:51:59,20,Tahap-4
01/24/2025,14,51,59,14:51:59,18,Tahap-4
01/24/2025,14,51,59,14:51:59,165,Tahap-4
01/24/2025,14,51,59,14:51:59,64,Tahap-4
01/24/2025,14,52,1,14:52:01,79,Tahap-4
01/24/2025,14,52,1,14:52:01,107,Tahap-4
01/24/2025,14,52,1,14:52:01,146,Tahap-4
01/24/2025,14,52,1,14:52:01,76,Tahap-4
01/24/2025,14,52,1,14:52:01,193,Tahap-4
01/24/2025,14,52,1,14:52:01,489,Tahap-4
01/24/2025,14,52,1,14:52:01,25,Tahap-4
01/24/2025,14,52,1,14:52:01,129,Tahap-4
01/24/2025,14,52,1,14:52:01,133,Tahap-4
01/24/2025,14,52,1,14:52:01,775,Tahap-4
01/24/2025,14,52,2,14:52:02,903,Tahap-4
01/24/2025,14,52,2,14:52:02,610,Tahap-4
01/24/2025,14,52,2,14:52:02,223,Tahap-4
01/24/2025,14,52,2,14:52:02,121,Tahap-4
01/24/2025,14,52,2,14:52:02,56,Tahap-4
01/24/2025,14,52,2,14:52:02,1157,Tahap-4
01/24/2025,14,52,2,14:52:02,132,Tahap-4
01/24/2025,14,52,2,14:52:02,712,Tahap-4
01/24/2025,14,52,2,14:52:02,324,Tahap-4
01/24/2025,14,52,2,14:52:02,265,Tahap-4
01/24/2025,14,52,3,14:52:03,127,Tahap-4
01/24/2025,14,52,3,14:52:03,220,Tahap-4
01/24/2025,14,52,3,14:52:03,63,Tahap-4
01/24/2025,14,52,3,14:52:03,145,Tahap-4
01/24/2025,14,52,3,14:52:03,244,Tahap-4
01/24/2025,14,52,3,14:52:03,65,Tahap-4
01/24/2025,14,52,3,14:52:03,205,Tahap-4
01/24/2025,14,52,3,14:52:03,4,Tahap-4
01/24/2025,14,52,3,14:52:03,212,Tahap-4
01/24/2025,14,52,3,14:52:03,14,Tahap-4
01/24/2025,14,52,4,14:52:04,139,Tahap-4
01/24/2025,14,52,4,14:52:04,127,Tahap-4
01/24/2025,14,52,4,14:52:04,370,Tahap-4
01/24/2025,14,52,4,14:52:04,671,Tahap-4
01/24/2025,14,52,4,14:52:04,292,Tahap-4
01/24/2025,14,52,4,14:52:04,35,Tahap-4
01/24/2025,14,52,4,14:52:04,714,Tahap-4
01/24/2025,14,52,4,14:52:04,749,Tahap-4
01/24/2025,14,52,4,14:52:04,873,Tahap-4
01/24/2025,14,52,4,14:52:04,531,Tahap-4
01/24/2025,14,52,5,14:52:05,228,Tahap-4
01/24/2025,14,52,5,14:52:05,311,Tahap-4
01/24/2025,14,52,5,14:52:05,360,Tahap-4
01/24/2025,14,52,5,14:52:05,421,Tahap-4
01/24/2025,14,52,5,14:52:05,176,Tahap-4
01/24/2025,14,52,5,14:52:05,272,Tahap-4
01/24/2025,14,52,5,14:52:05,287,Tahap-4
01/24/2025,14,52,5,14:52:05,211,Tahap-4
01/24/2025,14,52,5,14:52:05,172,Tahap-4
01/24/2025,14,52,5,14:52:05,-136,Tahap-4
01/24/2025,14,52,6,14:52:06,156,Tahap-4
01/24/2025,14,52,6,14:52:06,-152,Tahap-4
01/24/2025,14,52,6,14:52:06,16,Tahap-4
01/24/2025,14,52,6,14:52:06,80,Tahap-4
01/24/2025,14,52,6,14:52:06,-68,Tahap-4
01/24/2025,14,52,6,14:52:06,-80,Tahap-4
01/24/2025,14,52,6,14:52:06,28,Tahap-4
01/24/2025,14,52,6,14:52:06,-64,Tahap-4
01/24/2025,14,52,6,14:52:06,-80,Tahap-4
01/24/2025,14,52,6,14:52:06,-100,Tahap-4
01/24/2025,14,52,7,14:52:07,-72,Tahap-4
01/24/2025,14,52,7,14:52:07,-32,Tahap-4
01/24/2025,14,52,7,14:52:07,-120,Tahap-4
01/24/2025,14,52,7,14:52:07,104,Tahap-4
01/24/2025,14,52,7,14:52:07,-124,Tahap-4
01/24/2025,14,52,7,14:52:07,-56,Tahap-4
01/24/2025,14,52,7,14:52:07,-92,Tahap-4
01/24/2025,14,52,7,14:52:07,-124,Tahap-4
01/24/2025,14,52,7,14:52:07,8,Tahap-4
01/24/2025,14,52,7,14:52:07,-132,Tahap-4
01/24/2025,14,52,8,14:52:08,40,Tahap-4
01/24/2025,14,52,8,14:52:08,-56,Tahap-4
01/24/2025,14,52,8,14:52:08,-100,Tahap-4
01/24/2025,14,52,8,14:52:08,-200,Tahap-4
01/24/2025,14,52,8,14:52:08,100,Tahap-4
01/24/2025,14,52,8,14:52:08,-188,Tahap-4
01/24/2025,14,52,8,14:52:08,-76,Tahap-4
01/24/2025,14,52,8,14:52:08,-56,Tahap-4
01/24/2025,14,52,8,14:52:08,-184,Tahap-4
01/24/2025,14,52,8,14:52:08,-96,Tahap-4
01/24/2025,14,52,9,14:52:09,-148,Tahap-4
01/24/2025,14,52,9,14:52:09,-120,Tahap-4
01/24/2025,14,52,9,14:52:09,-104,Tahap-4
01/24/2025,14,52,9,14:52:09,-176,Tahap-4
01/24/2025,14,52,9,14:52:09,-176,Tahap-4
01/24/2025,14,52,9,14:52:09,72,Tahap-4
01/24/2025,14,52,9,14:52:09,-252,Tahap-4
01/24/2025,14,52,9,14:52:09,-104,Tahap-4
01/24/2025,14,52,9,14:52:09,-56,Tahap-4
01/24/2025,14,52,9,14:52:09,-220,Tahap-4
01/24/2025,14,52,10,14:52:10,-100,Tahap-4
01/24/2025,14,52,10,14:52:10,-136,Tahap-4
01/24/2025,14,52,10,14:52:10,-204,Tahap-4
01/24/2025,14,52,10,14:52:10,-128,Tahap-4
01/24/2025,14,52,10,14:52:10,-212,Tahap-4
01/24/2025,14,52,10,14:52:10,-180,Tahap-4
01/24/2025,14,52,10,14:52:10,-8,Tahap-4
01/24/2025,14,52,10,14:52:10,-188,Tahap-4
01/24/2025,14,52,10,14:52:10,-100,Tahap-4
01/24/2025,14,52,10,14:52:10,-80,Tahap-4
01/24/2025,14,52,11,14:52:11,-92,Tahap-4
01/24/2025,14,52,11,14:52:11,-224,Tahap-4
01/24/2025,14,52,11,14:52:11,-68,Tahap-4
01/24/2025,14,52,11,14:52:11,-112,Tahap-4
01/24/2025,14,52,11,14:52:11,-104,Tahap-4
01/24/2025,14,52,11,14:52:11,-112,Tahap-4
01/24/2025,14,52,11,14:52:11,-40,Tahap-4
01/24/2025,14,52,11,14:52:11,-84,Tahap-4
01/24/2025,14,52,11,14:52:11,-172,Tahap-4
01/24/2025,14,52,11,14:52:11,-24,Tahap-4
01/24/2025,14,52,12,14:52:12,-184,Tahap-4
01/24/2025,14,52,12,14:52:12,-28,Tahap-4
01/24/2025,14,52,12,14:52:12,-104,Tahap-4
01/24/2025,14,52,12,14:52:12,-152,Tahap-4
01/24/2025,14,52,12,14:52:12,-20,Tahap-4
01/24/2025,14,52,12,14:52:12,-156,Tahap-4
01/24/2025,14,52,12,14:52:12,-144,Tahap-4
01/24/2025,14,52,12,14:52:12,28,Tahap-4
01/24/2025,14,52,12,14:52:12,-40,Tahap-4
01/24/2025,14,52,12,14:52:12,-216,Tahap-4
01/24/2025,14,52,13,14:52:13,104,Tahap-4
01/24/2025,14,52,13,14:52:13,-128,Tahap-4
01/24/2025,14,52,13,14:52:13,-36,Tahap-4
01/24/2025,14,52,13,14:52:13,-72,Tahap-4
01/24/2025,14,52,13,14:52:13,-172,Tahap-4
01/24/2025,14,52,13,14:52:13,12,Tahap-4
01/24/2025,14,52,13,14:52:13,-76,Tahap-4
01/24/2025,14,52,13,14:52:13,-96,Tahap-4
01/24/2025,14,52,13,14:52:13,8,Tahap-4
01/24/2025,14,52,13,14:52:13,-4,Tahap-4
01/24/2025,14,52,14,14:52:14,-140,Tahap-4
01/24/2025,14,52,14,14:52:14,44,Tahap-4
01/24/2025,14,52,14,14:52:14,-120,Tahap-4
01/24/2025,14,52,14,14:52:14,-108,Tahap-4
01/24/2025,14,52,14,14:52:14,-52,Tahap-4
01/24/2025,14,52,14,14:52:14,-60,Tahap-4
01/24/2025,14,52,14,14:52:14,-136,Tahap-4
01/24/2025,14,52,14,14:52:14,-52,Tahap-4
01/24/2025,14,52,14,14:52:14,-156,Tahap-4
01/24/2025,14,52,14,14:52:14,-32,Tahap-4
01/24/2025,14,52,15,14:52:15,-48,Tahap-4
01/24/2025,14,52,15,14:52:15,-192,Tahap-4
01/24/2025,14,52,15,14:52:15,40,Tahap-4
01/24/2025,14,52,15,14:52:15,-96,Tahap-4
01/24/2025,14,52,15,14:52:15,-88,Tahap-4
01/24/2025,14,52,15,14:52:15,-172,Tahap-4
01/24/2025,14,52,15,14:52:15,4,Tahap-4
01/24/2025,14,52,15,14:52:15,-192,Tahap-4
01/24/2025,14,52,15,14:52:15,-40,Tahap-4
01/24/2025,14,52,15,14:52:15,-180,Tahap-4
01/24/2025,14,52,16,14:52:16,-48,Tahap-4
01/24/2025,14,52,16,14:52:16,-28,Tahap-4
01/24/2025,14,52,16,14:52:16,-120,Tahap-4
01/24/2025,14,52,16,14:52:16,-24,Tahap-4
01/24/2025,14,52,16,14:52:16,-116,Tahap-4
01/24/2025,14,52,16,14:52:16,-32,Tahap-4
01/24/2025,14,52,16,14:52:16,-196,Tahap-4
01/24/2025,14,52,16,14:52:16,24,Tahap-4
01/24/2025,14,52,16,14:52:16,-108,Tahap-4
01/24/2025,14,52,16,14:52:16,-120,Tahap-4
01/24/2025,14,52,17,14:52:17,-84,Tahap-4
01/24/2025,14,52,17,14:52:17,-128,Tahap-4
01/24/2025,14,52,17,14:52:17,-44,Tahap-4
01/24/2025,14,52,17,14:52:17,-156,Tahap-4
01/24/2025,14,52,17,14:52:17,-12,Tahap-4
01/24/2025,14,52,17,14:52:17,-144,Tahap-4
01/24/2025,14,52,17,14:52:17,-12,Tahap-4
01/24/2025,14,52,17,14:52:17,-228,Tahap-4
01/24/2025,14,52,17,14:52:17,-44,Tahap-4
01/24/2025,14,52,17,14:52:17,-68,Tahap-4
01/24/2025,14,52,18,14:52:18,-144,Tahap-4
01/24/2025,14,52,18,14:52:18,-128,Tahap-4
01/24/2025,14,52,18,14:52:18,-72,Tahap-4
01/24/2025,14,52,18,14:52:18,-100,Tahap-4
01/24/2025,14,52,18,14:52:18,-112,Tahap-4
01/24/2025,14,52,18,14:52:18,60,Tahap-4
01/24/2025,14,52,18,14:52:18,-164,Tahap-4
01/24/2025,14,52,18,14:52:18,-52,Tahap-4
01/24/2025,14,52,43,14:52:43,1936,Tahap-4
01/24/2025,14,52,43,14:52:43,984,Tahap-4
01/24/2025,14,52,43,14:52:43,596,Tahap-4
01/24/2025,14,52,43,14:52:43,548,Tahap-4
01/24/2025,14,52,43,14:52:43,416,Tahap-4
01/24/2025,14,52,43,14:52:43,159,Tahap-4
01/24/2025,14,52,43,14:52:43,94,Tahap-4
01/24/2025,14,52,43,14:52:43,195,Tahap-4
01/24/2025,14,52,44,14:52:44,143,Tahap-4
01/24/2025,14,52,44,14:52:44,83,Tahap-4
01/24/2025,14,52,44,14:52:44,53,Tahap-4
01/24/2025,14,52,44,14:52:44,87,Tahap-4
01/24/2025,14,52,44,14:52:44,181,Tahap-4
01/24/2025,14,52,44,14:52:44,99,Tahap-4
01/24/2025,14,52,44,14:52:44,54,Tahap-4
01/24/2025,14,52,44,14:52:44,151,Tahap-4
01/24/2025,14,52,44,14:52:44,124,Tahap-4
01/24/2025,14,52,44,14:52:44,65,Tahap-4
01/24/2025,14,52,44,14:52:44,38,Tahap-4
01/24/2025,14,52,45,14:52:45,74,Tahap-4
01/24/2025,14,52,45,14:52:45,56,Tahap-4
01/24/2025,14,52,45,14:52:45,199,Tahap-4
01/24/2025,14,52,45,14:52:45,263,Tahap-4
01/24/2025,14,52,45,14:52:45,545,Tahap-4
01/24/2025,14,52,45,14:52:45,126,Tahap-4
01/24/2025,14,52,45,14:52:45,95,Tahap-4
01/24/2025,14,52,45,14:52:45,172,Tahap-4
01/24/2025,14,52,45,14:52:45,146,Tahap-4
01/24/2025,14,52,45,14:52:45,118,Tahap-4
01/24/2025,14,52,46,14:52:46,70,Tahap-4
01/24/2025,14,52,46,14:52:46,286,Tahap-4
01/24/2025,14,52,46,14:52:46,51,Tahap-4
01/24/2025,14,52,46,14:52:46,174,Tahap-4
01/24/2025,14,52,46,14:52:46,25,Tahap-4
01/24/2025,14,52,46,14:52:46,82,Tahap-4
01/24/2025,14,52,46,14:52:46,256,Tahap-4
01/24/2025,14,52,46,14:52:46,48,Tahap-4
01/24/2025,14,52,46,14:52:46,118,Tahap-4
01/24/2025,14,52,46,14:52:46,99,Tahap-4
01/24/2025,14,52,47,14:52:47,98,Tahap-4
01/24/2025,14,52,47,14:52:47,103,Tahap-4
01/24/2025,14,52,47,14:52:47,20,Tahap-4
01/24/2025,14,52,47,14:52:47,202,Tahap-4
01/24/2025,14,52,47,14:52:47,286,Tahap-4
01/24/2025,14,52,47,14:52:47,340,Tahap-4
01/24/2025,14,52,47,14:52:47,76,Tahap-4
01/24/2025,14,52,47,14:52:47,332,Tahap-4
01/24/2025,14,52,47,14:52:47,135,Tahap-4
01/24/2025,14,52,47,14:52:47,59,Tahap-4
01/24/2025,14,52,48,14:52:48,27,Tahap-4
01/24/2025,14,52,48,14:52:48,214,Tahap-4
01/24/2025,14,52,48,14:52:48,39,Tahap-4
01/24/2025,14,52,48,14:52:48,32,Tahap-4
01/24/2025,14,52,48,14:52:48,50,Tahap-4
01/24/2025,14,52,48,14:52:48,127,Tahap-4
01/24/2025,14,52,48,14:52:48,178,Tahap-4
01/24/2025,14,52,48,14:52:48,164,Tahap-4
01/24/2025,14,52,48,14:52:48,45,Tahap-4
01/24/2025,14,52,48,14:52:48,49,Tahap-4
01/24/2025,14,52,49,14:52:49,222,Tahap-4
01/24/2025,14,52,49,14:52:49,124,Tahap-4
01/24/2025,14,52,49,14:52:49,52,Tahap-4
01/24/2025,14,52,49,14:52:49,207,Tahap-4
01/24/2025,14,52,49,14:52:49,82,Tahap-4
01/24/2025,14,52,49,14:52:49,126,Tahap-4
01/24/2025,14,52,49,14:52:49,108,Tahap-4
01/24/2025,14,52,49,14:52:49,247,Tahap-4
01/24/2025,14,52,49,14:52:49,205,Tahap-4
01/24/2025,14,52,49,14:52:49,519,Tahap-4
01/24/2025,14,52,50,14:52:50,448,Tahap-4
01/24/2025,14,52,50,14:52:50,145,Tahap-4
01/24/2025,14,52,50,14:52:50,399,Tahap-4
01/24/2025,14,52,50,14:52:50,371,Tahap-4
01/24/2025,14,52,50,14:52:50,139,Tahap-4
01/24/2025,14,52,50,14:52:50,195,Tahap-4
01/24/2025,14,52,50,14:52:50,133,Tahap-4
01/24/2025,14,52,50,14:52:50,162,Tahap-4
01/24/2025,14,52,50,14:52:50,87,Tahap-4
01/24/2025,14,52,50,14:52:50,153,Tahap-4
01/24/2025,14,52,51,14:52:51,60,Tahap-4
01/24/2025,14,52,51,14:52:51,120,Tahap-4
01/24/2025,14,52,51,14:52:51,208,Tahap-4
01/24/2025,14,52,51,14:52:51,45,Tahap-4
01/24/2025,14,52,51,14:52:51,558,Tahap-4
01/24/2025,14,52,51,14:52:51,78,Tahap-4
01/24/2025,14,52,51,14:52:51,127,Tahap-4
01/24/2025,14,52,51,14:52:51,568,Tahap-4
01/24/2025,14,52,51,14:52:51,305,Tahap-4
01/24/2025,14,52,51,14:52:51,1067,Tahap-4
01/24/2025,14,52,52,14:52:52,384,Tahap-4
01/24/2025,14,52,52,14:52:52,236,Tahap-4
01/24/2025,14,52,52,14:52:52,90,Tahap-4
01/24/2025,14,52,52,14:52:52,476,Tahap-4
01/24/2025,14,52,52,14:52:52,892,Tahap-4
01/24/2025,14,52,52,14:52:52,386,Tahap-4
01/24/2025,14,52,52,14:52:52,435,Tahap-4
01/24/2025,14,52,52,14:52:52,232,Tahap-4
01/24/2025,14,52,52,14:52:52,179,Tahap-4
01/24/2025,14,52,52,14:52:52,123,Tahap-4
01/24/2025,14,52,53,14:52:53,156,Tahap-4
01/24/2025,14,52,53,14:52:53,277,Tahap-4
01/24/2025,14,52,53,14:52:53,166,Tahap-4
01/24/2025,14,52,53,14:52:53,155,Tahap-4
01/24/2025,14,52,53,14:52:53,198,Tahap-4
01/24/2025,14,52,53,14:52:53,316,Tahap-4
01/24/2025,14,52,53,14:52:53,180,Tahap-4
01/24/2025,14,52,53,14:52:53,156,Tahap-4
01/24/2025,14,52,53,14:52:53,93,Tahap-4
01/24/2025,14,52,53,14:52:53,100,Tahap-4
01/24/2025,14,52,54,14:52:54,202,Tahap-4
01/24/2025,14,52,54,14:52:54,263,Tahap-4
01/24/2025,14,52,54,14:52:54,222,Tahap-4
01/24/2025,14,52,54,14:52:54,447,Tahap-4
01/24/2025,14,52,54,14:52:54,312,Tahap-4
01/24/2025,14,52,54,14:52:54,531,Tahap-4
01/24/2025,14,52,54,14:52:54,640,Tahap-4
01/24/2025,14,52,54,14:52:54,588,Tahap-4
01/24/2025,14,52,54,14:52:54,978,Tahap-4
01/24/2025,14,52,54,14:52:54,123,Tahap-4
01/24/2025,14,52,55,14:52:55,102,Tahap-4
01/24/2025,14,52,55,14:52:55,122,Tahap-4
01/24/2025,14,52,55,14:52:55,252,Tahap-4
01/24/2025,14,52,55,14:52:55,441,Tahap-4
01/24/2025,14,52,55,14:52:55,169,Tahap-4
01/24/2025,14,52,55,14:52:55,329,Tahap-4
01/24/2025,14,52,55,14:52:55,236,Tahap-4
01/24/2025,14,52,55,14:52:55,471,Tahap-4
01/24/2025,14,52,55,14:52:55,-72,Tahap-4
01/24/2025,14,52,55,14:52:55,-24,Tahap-4
01/24/2025,14,52,56,14:52:56,144,Tahap-4
01/24/2025,14,52,56,14:52:56,-176,Tahap-4
01/24/2025,14,52,56,14:52:56,192,Tahap-4
01/24/2025,14,52,56,14:52:56,-144,Tahap-4
01/24/2025,14,52,56,14:52:56,120,Tahap-4
01/24/2025,14,52,56,14:52:56,-200,Tahap-4
01/24/2025,14,52,56,14:52:56,104,Tahap-4
01/24/2025,14,52,56,14:52:56,-8,Tahap-4
01/24/2025,14,52,56,14:52:56,-64,Tahap-4
01/24/2025,14,52,57,14:52:57,-104,Tahap-4
01/24/2025,14,52,57,14:52:57,56,Tahap-4
01/24/2025,14,52,57,14:52:57,40,Tahap-4
01/24/2025,14,52,57,14:52:57,-24,Tahap-4
01/24/2025,14,52,57,14:52:57,264,Tahap-4
01/24/2025,14,52,57,14:52:57,-104,Tahap-4
01/24/2025,14,52,57,14:52:57,64,Tahap-4
01/24/2025,14,52,57,14:52:57,-104,Tahap-4
01/24/2025,14,52,57,14:52:57,-8,Tahap-4
01/24/2025,14,52,57,14:52:57,72,Tahap-4
01/24/2025,14,52,57,14:52:57,-200,Tahap-4
01/24/2025,14,52,58,14:52:58,96,Tahap-4
01/24/2025,14,52,58,14:52:58,-136,Tahap-4
01/24/2025,14,52,58,14:52:58,232,Tahap-4
01/24/2025,14,52,58,14:52:58,-352,Tahap-4
01/24/2025,14,52,58,14:52:58,176,Tahap-4
01/24/2025,14,52,58,14:52:58,-152,Tahap-4
01/24/2025,14,52,58,14:52:58,48,Tahap-4
01/24/2025,14,52,58,14:52:58,-256,Tahap-4
01/24/2025,14,52,58,14:52:58,32,Tahap-4
01/24/2025,14,52,58,14:52:58,40,Tahap-4
01/24/2025,14,52,59,14:52:59,-240,Tahap-4
01/24/2025,14,52,59,14:52:59,-304,Tahap-4
01/24/2025,14,52,59,14:52:59,-72,Tahap-4
01/24/2025,14,52,59,14:52:59,-120,Tahap-4
01/24/2025,14,52,59,14:52:59,-72,Tahap-4
01/24/2025,14,52,59,14:52:59,144,Tahap-4
01/24/2025,14,52,59,14:52:59,-136,Tahap-4
01/24/2025,14,52,59,14:52:59,-144,Tahap-4
01/24/2025,14,52,59,14:52:59,-168,Tahap-4
01/24/2025,14,52,59,14:52:59,-256,Tahap-4
01/24/2025,14,53,1,14:53:01,-288,Tahap-4
01/24/2025,14,53,1,14:53:01,-264,Tahap-4
01/24/2025,14,53,1,14:53:01,136,Tahap-4
01/24/2025,14,53,1,14:53:01,-256,Tahap-4
01/24/2025,14,53,1,14:53:01,-256,Tahap-4
01/24/2025,14,53,1,14:53:01,-152,Tahap-4
01/24/2025,14,53,1,14:53:01,-192,Tahap-4
01/24/2025,14,53,1,14:53:01,-176,Tahap-4
01/24/2025,14,53,1,14:53:01,-32,Tahap-4
01/24/2025,14,53,1,14:53:01,-200,Tahap-4
01/24/2025,14,53,2,14:53:02,-416,Tahap-4
01/24/2025,14,53,2,14:53:02,-96,Tahap-4
01/24/2025,14,53,2,14:53:02,-240,Tahap-4
01/24/2025,14,53,2,14:53:02,40,Tahap-4
01/24/2025,14,53,2,14:53:02,-304,Tahap-4
01/24/2025,14,53,2,14:53:02,-136,Tahap-4
01/24/2025,14,53,2,14:53:02,-192,Tahap-4
01/24/2025,14,53,2,14:53:02,-152,Tahap-4
01/24/2025,14,53,2,14:53:02,-88,Tahap-4
01/24/2025,14,53,2,14:53:02,-40,Tahap-4
01/24/2025,14,53,3,14:53:03,-96,Tahap-4
01/24/2025,14,53,3,14:53:03,-200,Tahap-4
01/24/2025,14,53,3,14:53:03,-160,Tahap-4
01/24/2025,14,53,3,14:53:03,-112,Tahap-4
01/24/2025,14,53,3,14:53:03,-56,Tahap-4
01/24/2025,14,53,3,14:53:03,-224,Tahap-4
01/24/2025,14,53,3,14:53:03,80,Tahap-4
01/24/2025,14,53,3,14:53:03,-232,Tahap-4
01/24/2025,14,53,3,14:53:03,-16,Tahap-4
01/24/2025,14,53,3,14:53:03,-112,Tahap-4
01/24/2025,14,53,4,14:53:04,-128,Tahap-4
01/24/2025,14,53,4,14:53:04,-232,Tahap-4
01/24/2025,14,53,4,14:53:04,-248,Tahap-4
01/24/2025,14,53,4,14:53:04,16,Tahap-4
01/24/2025,14,53,4,14:53:04,-56,Tahap-4
01/24/2025,14,53,4,14:53:04,-344,Tahap-4
01/24/2025,14,53,4,14:53:04,160,Tahap-4
01/24/2025,14,53,4,14:53:04,-280,Tahap-4
01/24/2025,14,53,4,14:53:04,24,Tahap-4
01/24/2025,14,53,5,14:53:05,-168,Tahap-4
01/24/2025,14,53,5,14:53:05,-176,Tahap-4
01/24/2025,14,53,5,14:53:05,-200,Tahap-4
01/24/2025,14,53,5,14:53:05,48,Tahap-4
01/24/2025,14,53,5,14:53:05,-440,Tahap-4
01/24/2025,14,53,5,14:53:05,80,Tahap-4
01/24/2025,14,53,5,14:53:05,-136,Tahap-4
01/24/2025,14,53,5,14:53:05,-384,Tahap-4
01/24/2025,14,53,5,14:53:05,224,Tahap-4
01/24/2025,14,53,5,14:53:05,-64,Tahap-4
01/24/2025,14,53,6,14:53:06,-288,Tahap-4
01/24/2025,14,53,6,14:53:06,-48,Tahap-4
01/24/2025,14,53,6,14:53:06,-48,Tahap-4
01/24/2025,14,53,6,14:53:06,-200,Tahap-4
01/24/2025,14,53,6,14:53:06,-152,Tahap-4
01/24/2025,14,53,6,14:53:06,-192,Tahap-4
01/24/2025,14,53,6,14:53:06,-72,Tahap-4
01/24/2025,14,53,6,14:53:06,-64,Tahap-4
01/24/2025,14,53,6,14:53:06,-232,Tahap-4
01/24/2025,14,53,6,14:53:06,16,Tahap-4
01/24/2025,14,53,7,14:53:07,48,Tahap-4
01/24/2025,14,53,7,14:53:07,-112,Tahap-4
01/24/2025,14,53,7,14:53:07,-216,Tahap-4
01/24/2025,14,53,7,14:53:07,128,Tahap-4
01/24/2025,14,53,7,14:53:07,-208,Tahap-4
01/24/2025,14,53,7,14:53:07,-120,Tahap-4
01/24/2025,14,53,7,14:53:07,-120,Tahap-4
01/24/2025,14,53,7,14:53:07,216,Tahap-4
01/24/2025,14,53,7,14:53:07,-240,Tahap-4
01/24/2025,14,53,7,14:53:07,24,Tahap-4
01/24/2025,14,53,8,14:53:08,144,Tahap-4
01/24/2025,14,53,8,14:53:08,-40,Tahap-4
01/24/2025,14,53,8,14:53:08,200,Tahap-4
01/24/2025,14,53,8,14:53:08,-224,Tahap-4
01/24/2025,14,53,8,14:53:08,88,Tahap-4
01/24/2025,14,53,8,14:53:08,-16,Tahap-4
01/24/2025,14,53,8,14:53:08,-80,Tahap-4
01/24/2025,14,53,33,14:53:33,2409,Tahap-4
01/24/2025,14,53,33,14:53:33,904,Tahap-4
01/24/2025,14,53,33,14:53:33,747,Tahap-4
01/24/2025,14,53,33,14:53:33,777,Tahap-4
01/24/2025,14,53,33,14:53:33,409,Tahap-4
01/24/2025,14,53,33,14:53:33,262,Tahap-4
01/24/2025,14,53,33,14:53:33,277,Tahap-4
01/24/2025,14,53,33,14:53:33,176,Tahap-4
01/24/2025,14,53,33,14:53:33,169,Tahap-4
01/24/2025,14,53,34,14:53:34,245,Tahap-4
01/24/2025,14,53,34,14:53:34,240,Tahap-4
01/24/2025,14,53,34,14:53:34,97,Tahap-4
01/24/2025,14,53,34,14:53:34,142,Tahap-4
01/24/2025,14,53,34,14:53:34,171,Tahap-4
01/24/2025,14,53,34,14:53:34,166,Tahap-4
01/24/2025,14,53,34,14:53:34,227,Tahap-4
01/24/2025,14,53,34,14:53:34,212,Tahap-4
01/24/2025,14,53,34,14:53:34,220,Tahap-4
01/24/2025,14,53,34,14:53:34,198,Tahap-4
01/24/2025,14,53,35,14:53:35,93,Tahap-4
01/24/2025,14,53,35,14:53:35,229,Tahap-4
01/24/2025,14,53,35,14:53:35,187,Tahap-4
01/24/2025,14,53,35,14:53:35,655,Tahap-4
01/24/2025,14,53,35,14:53:35,316,Tahap-4
01/24/2025,14,53,35,14:53:35,64,Tahap-4
01/24/2025,14,53,35,14:53:35,133,Tahap-4
01/24/2025,14,53,35,14:53:35,68,Tahap-4
01/24/2025,14,53,35,14:53:35,46,Tahap-4
01/24/2025,14,53,35,14:53:35,122,Tahap-4
01/24/2025,14,53,36,14:53:36,91,Tahap-4
01/24/2025,14,53,36,14:53:36,113,Tahap-4
01/24/2025,14,53,36,14:53:36,172,Tahap-4
01/24/2025,14,53,36,14:53:36,34,Tahap-4
01/24/2025,14,53,36,14:53:36,122,Tahap-4
01/24/2025,14,53,36,14:53:36,90,Tahap-4
01/24/2025,14,53,36,14:53:36,64,Tahap-4
01/24/2025,14,53,36,14:53:36,151,Tahap-4
01/24/2025,14,53,36,14:53:36,2,Tahap-4
01/24/2025,14,53,36,14:53:36,125,Tahap-4
01/24/2025,14,53,37,14:53:37,36,Tahap-4
01/24/2025,14,53,37,14:53:37,99,Tahap-4
01/24/2025,14,53,37,14:53:37,116,Tahap-4
01/24/2025,14,53,37,14:53:37,188,Tahap-4
01/24/2025,14,53,37,14:53:37,137,Tahap-4
01/24/2025,14,53,37,14:53:37,103,Tahap-4
01/24/2025,14,53,37,14:53:37,278,Tahap-4
01/24/2025,14,53,37,14:53:37,407,Tahap-4
01/24/2025,14,53,37,14:53:37,32,Tahap-4
01/24/2025,14,53,37,14:53:37,127,Tahap-4
01/24/2025,14,53,38,14:53:38,87,Tahap-4
01/24/2025,14,53,38,14:53:38,95,Tahap-4
01/24/2025,14,53,38,14:53:38,126,Tahap-4
01/24/2025,14,53,38,14:53:38,47,Tahap-4
01/24/2025,14,53,38,14:53:38,115,Tahap-4
01/24/2025,14,53,38,14:53:38,65,Tahap-4
01/24/2025,14,53,38,14:53:38,82,Tahap-4
01/24/2025,14,53,38,14:53:38,78,Tahap-4
01/24/2025,14,53,38,14:53:38,49,Tahap-4
01/24/2025,14,53,38,14:53:38,51,Tahap-4
01/24/2025,14,53,39,14:53:39,99,Tahap-4
01/24/2025,14,53,39,14:53:39,135,Tahap-4
01/24/2025,14,53,39,14:53:39,75,Tahap-4
01/24/2025,14,53,39,14:53:39,22,Tahap-4
01/24/2025,14,53,39,14:53:39,25,Tahap-4
01/24/2025,14,53,39,14:53:39,225,Tahap-4
01/24/2025,14,53,39,14:53:39,108,Tahap-4
01/24/2025,14,53,39,14:53:39,173,Tahap-4
01/24/2025,14,53,39,14:53:39,82,Tahap-4
01/24/2025,14,53,39,14:53:39,319,Tahap-4
01/24/2025,14,53,40,14:53:40,875,Tahap-4
01/24/2025,14,53,40,14:53:40,666,Tahap-4
01/24/2025,14,53,40,14:53:40,327,Tahap-4
01/24/2025,14,53,40,14:53:40,296,Tahap-4
01/24/2025,14,53,40,14:53:40,49,Tahap-4
01/24/2025,14,53,40,14:53:40,311,Tahap-4
01/24/2025,14,53,40,14:53:40,158,Tahap-4
01/24/2025,14,53,40,14:53:40,165,Tahap-4
01/24/2025,14,53,40,14:53:40,82,Tahap-4
01/24/2025,14,53,40,14:53:40,139,Tahap-4
01/24/2025,14,53,41,14:53:41,211,Tahap-4
01/24/2025,14,53,41,14:53:41,203,Tahap-4
01/24/2025,14,53,41,14:53:41,297,Tahap-4
01/24/2025,14,53,41,14:53:41,196,Tahap-4
01/24/2025,14,53,41,14:53:41,57,Tahap-4
01/24/2025,14,53,41,14:53:41,269,Tahap-4
01/24/2025,14,53,41,14:53:41,326,Tahap-4
01/24/2025,14,53,41,14:53:41,432,Tahap-4
01/24/2025,14,53,41,14:53:41,692,Tahap-4
01/24/2025,14,53,41,14:53:41,980,Tahap-4
01/24/2025,14,53,42,14:53:42,153,Tahap-4
01/24/2025,14,53,42,14:53:42,198,Tahap-4
01/24/2025,14,53,42,14:53:42,161,Tahap-4
01/24/2025,14,53,42,14:53:42,280,Tahap-4
01/24/2025,14,53,42,14:53:42,1127,Tahap-4
01/24/2025,14,53,42,14:53:42,577,Tahap-4
01/24/2025,14,53,42,14:53:42,425,Tahap-4
01/24/2025,14,53,42,14:53:42,435,Tahap-4
01/24/2025,14,53,42,14:53:42,259,Tahap-4
01/24/2025,14,53,42,14:53:42,111,Tahap-4
01/24/2025,14,53,43,14:53:43,138,Tahap-4
01/24/2025,14,53,43,14:53:43,59,Tahap-4
01/24/2025,14,53,43,14:53:43,61,Tahap-4
01/24/2025,14,53,43,14:53:43,157,Tahap-4
01/24/2025,14,53,43,14:53:43,171,Tahap-4
01/24/2025,14,53,43,14:53:43,99,Tahap-4
01/24/2025,14,53,43,14:53:43,94,Tahap-4
01/24/2025,14,53,43,14:53:43,223,Tahap-4
01/24/2025,14,53,43,14:53:43,116,Tahap-4
01/24/2025,14,53,43,14:53:43,103,Tahap-4
01/24/2025,14,53,44,14:53:44,324,Tahap-4
01/24/2025,14,53,44,14:53:44,48,Tahap-4
01/24/2025,14,53,44,14:53:44,375,Tahap-4
01/24/2025,14,53,44,14:53:44,233,Tahap-4
01/24/2025,14,53,44,14:53:44,595,Tahap-4
01/24/2025,14,53,44,14:53:44,487,Tahap-4
01/24/2025,14,53,44,14:53:44,594,Tahap-4
01/24/2025,14,53,44,14:53:44,1116,Tahap-4
01/24/2025,14,53,44,14:53:44,417,Tahap-4
01/24/2025,14,53,44,14:53:44,169,Tahap-4
01/24/2025,14,53,45,14:53:45,139,Tahap-4
01/24/2025,14,53,45,14:53:45,161,Tahap-4
01/24/2025,14,53,45,14:53:45,348,Tahap-4
01/24/2025,14,53,45,14:53:45,293,Tahap-4
01/24/2025,14,53,45,14:53:45,156,Tahap-4
01/24/2025,14,53,45,14:53:45,197,Tahap-4
01/24/2025,14,53,45,14:53:45,12,Tahap-4
01/24/2025,14,53,45,14:53:45,273,Tahap-4
01/24/2025,14,53,45,14:53:45,168,Tahap-4
01/24/2025,14,53,45,14:53:45,-8,Tahap-4
01/24/2025,14,53,46,14:53:46,84,Tahap-4
01/24/2025,14,53,46,14:53:46,-52,Tahap-4
01/24/2025,14,53,46,14:53:46,40,Tahap-4
01/24/2025,14,53,46,14:53:46,28,Tahap-4
01/24/2025,14,53,46,14:53:46,-28,Tahap-4
01/24/2025,14,53,46,14:53:46,196,Tahap-4
01/24/2025,14,53,46,14:53:46,-32,Tahap-4
01/24/2025,14,53,46,14:53:46,36,Tahap-4
01/24/2025,14,53,46,14:53:46,196,Tahap-4
01/24/2025,14,53,47,14:53:47,-28,Tahap-4
01/24/2025,14,53,47,14:53:47,56,Tahap-4
01/24/2025,14,53,47,14:53:47,112,Tahap-4
01/24/2025,14,53,47,14:53:47,-12,Tahap-4
01/24/2025,14,53,47,14:53:47,52,Tahap-4
01/24/2025,14,53,47,14:53:47,28,Tahap-4
01/24/2025,14,53,47,14:53:47,-16,Tahap-4
01/24/2025,14,53,47,14:53:47,204,Tahap-4
01/24/2025,14,53,47,14:53:47,-24,Tahap-4
01/24/2025,14,53,47,14:53:47,108,Tahap-4
01/24/2025,14,53,48,14:53:48,144,Tahap-4
01/24/2025,14,53,48,14:53:48,16,Tahap-4
01/24/2025,14,53,48,14:53:48,-64,Tahap-4
01/24/2025,14,53,48,14:53:48,92,Tahap-4
01/24/2025,14,53,48,14:53:48,20,Tahap-4
01/24/2025,14,53,48,14:53:48,4,Tahap-4
01/24/2025,14,53,48,14:53:48,44,Tahap-4
01/24/2025,14,53,48,14:53:48,-56,Tahap-4
01/24/2025,14,53,48,14:53:48,120,Tahap-4
01/24/2025,14,53,48,14:53:48,-44,Tahap-4
01/24/2025,14,53,49,14:53:49,48,Tahap-4
01/24/2025,14,53,49,14:53:49,64,Tahap-4
01/24/2025,14,53,49,14:53:49,36,Tahap-4
01/24/2025,14,53,49,14:53:49,-56,Tahap-4
01/24/2025,14,53,49,14:53:49,-20,Tahap-4
01/24/2025,14,53,49,14:53:49,136,Tahap-4
01/24/2025,14,53,49,14:53:49,-88,Tahap-4
01/24/2025,14,53,49,14:53:49,16,Tahap-4
01/24/2025,14,53,49,14:53:49,-28,Tahap-4
01/24/2025,14,53,49,14:53:49,112,Tahap-4
01/24/2025,14,53,50,14:53:50,-48,Tahap-4
01/24/2025,14,53,50,14:53:50,120,Tahap-4
01/24/2025,14,53,50,14:53:50,40,Tahap-4
01/24/2025,14,53,50,14:53:50,16,Tahap-4
01/24/2025,14,53,50,14:53:50,-44,Tahap-4
01/24/2025,14,53,50,14:53:50,-88,Tahap-4
01/24/2025,14,53,50,14:53:50,80,Tahap-4
01/24/2025,14,53,50,14:53:50,-52,Tahap-4
01/24/2025,14,53,50,14:53:50,-52,Tahap-4
01/24/2025,14,53,50,14:53:50,-16,Tahap-4
01/24/2025,14,53,51,14:53:51,40,Tahap-4
01/24/2025,14,53,51,14:53:51,-148,Tahap-4
01/24/2025,14,53,51,14:53:51,120,Tahap-4
01/24/2025,14,53,51,14:53:51,-12,Tahap-4
01/24/2025,14,53,51,14:53:51,-32,Tahap-4
01/24/2025,14,53,51,14:53:51,-64,Tahap-4
01/24/2025,14,53,51,14:53:51,-80,Tahap-4
01/24/2025,14,53,51,14:53:51,8,Tahap-4
01/24/2025,14,53,51,14:53:51,-20,Tahap-4
01/24/2025,14,53,51,14:53:51,-52,Tahap-4
01/24/2025,14,53,52,14:53:52,-48,Tahap-4
01/24/2025,14,53,52,14:53:52,72,Tahap-4
01/24/2025,14,53,52,14:53:52,-132,Tahap-4
01/24/2025,14,53,52,14:53:52,108,Tahap-4
01/24/2025,14,53,52,14:53:52,20,Tahap-4
01/24/2025,14,53,52,14:53:52,-52,Tahap-4
01/24/2025,14,53,52,14:53:52,-40,Tahap-4
01/24/2025,14,53,52,14:53:52,-52,Tahap-4
01/24/2025,14,53,52,14:53:52,-52,Tahap-4
01/24/2025,14,53,52,14:53:52,-36,Tahap-4
01/24/2025,14,53,53,14:53:53,-60,Tahap-4
01/24/2025,14,53,53,14:53:53,-128,Tahap-4
01/24/2025,14,53,53,14:53:53,108,Tahap-4
01/24/2025,14,53,53,14:53:53,-188,Tahap-4
01/24/2025,14,53,53,14:53:53,68,Tahap-4
01/24/2025,14,53,53,14:53:53,60,Tahap-4
01/24/2025,14,53,53,14:53:53,-72,Tahap-4
01/24/2025,14,53,53,14:53:53,-132,Tahap-4
01/24/2025,14,53,53,14:53:53,-44,Tahap-4
01/24/2025,14,53,53,14:53:53,-48,Tahap-4
01/24/2025,14,53,54,14:53:54,-92,Tahap-4
01/24/2025,14,53,54,14:53:54,-16,Tahap-4
01/24/2025,14,53,54,14:53:54,-128,Tahap-4
01/24/2025,14,53,54,14:53:54,4,Tahap-4
01/24/2025,14,53,54,14:53:54,-100,Tahap-4
01/24/2025,14,53,54,14:53:54,-24,Tahap-4
01/24/2025,14,53,54,14:53:54,32,Tahap-4
01/24/2025,14,53,54,14:53:54,16,Tahap-4
01/24/2025,14,53,54,14:53:54,-168,Tahap-4
01/24/2025,14,53,54,14:53:54,-44,Tahap-4
01/24/2025,14,53,54,14:53:54,-28,Tahap-4
01/24/2025,14,53,55,14:53:55,-88,Tahap-4
01/24/2025,14,53,55,14:53:55,-136,Tahap-4
01/24/2025,14,53,55,14:53:55,-24,Tahap-4
01/24/2025,14,53,55,14:53:55,-24,Tahap-4
01/24/2025,14,53,55,14:53:55,-200,Tahap-4
01/24/2025,14,53,55,14:53:55,48,Tahap-4
01/24/2025,14,53,55,14:53:55,-104,Tahap-4
01/24/2025,14,53,55,14:53:55,-80,Tahap-4
01/24/2025,14,53,55,14:53:55,-120,Tahap-4
01/24/2025,14,53,55,14:53:55,-148,Tahap-4
01/24/2025,14,53,56,14:53:56,-52,Tahap-4
01/24/2025,14,53,56,14:53:56,-128,Tahap-4
01/24/2025,14,53,56,14:53:56,-148,Tahap-4
01/24/2025,14,53,56,14:53:56,-24,Tahap-4
01/24/2025,14,53,56,14:53:56,-56,Tahap-4
01/24/2025,14,53,56,14:53:56,-244,Tahap-4
01/24/2025,14,53,56,14:53:56,44,Tahap-4
01/24/2025,14,53,56,14:53:56,-184,Tahap-4
01/24/2025,14,53,56,14:53:56,-144,Tahap-4
01/24/2025,14,53,57,14:53:57,-128,Tahap-4
01/24/2025,14,53,57,14:53:57,-168,Tahap-4
01/24/2025,14,53,57,14:53:57,-124,Tahap-4
01/24/2025,14,53,57,14:53:57,-152,Tahap-4
01/24/2025,14,53,57,14:53:57,-228,Tahap-4
01/24/2025,14,53,57,14:53:57,-92,Tahap-4
01/24/2025,14,53,57,14:53:57,-124,Tahap-4
01/24/2025,14,53,57,14:53:57,-272,Tahap-4
01/24/2025,14,53,57,14:53:57,-144,Tahap-4
01/24/2025,14,53,57,14:53:57,-168,Tahap-4
01/24/2025,14,53,58,14:53:58,-232,Tahap-4
01/24/2025,14,53,58,14:53:58,-116,Tahap-4
01/24/2025,14,53,58,14:53:58,-216,Tahap-4
01/24/2025,14,53,58,14:53:58,-144,Tahap-4
01/24/2025,14,53,58,14:53:58,-248,Tahap-4
01/24/2025,14,53,58,14:53:58,-124,Tahap-4
01/24/2025,14,54,23,14:54:23,568,Tahap-4
01/24/2025,14,54,23,14:54:23,458,Tahap-4
01/24/2025,14,54,23,14:54:23,168,Tahap-4
01/24/2025,14,54,23,14:54:23,227,Tahap-4
01/24/2025,14,54,23,14:54:23,170,Tahap-4
01/24/2025,14,54,23,14:54:23,213,Tahap-4
01/24/2025,14,54,23,14:54:23,122,Tahap-4
01/24/2025,14,54,23,14:54:23,276,Tahap-4
01/24/2025,14,54,23,14:54:23,110,Tahap-4
01/24/2025,14,54,23,14:54:23,137,Tahap-4
01/24/2025,14,54,24,14:54:24,39,Tahap-4
01/24/2025,14,54,24,14:54:24,84,Tahap-4
01/24/2025,14,54,24,14:54:24,74,Tahap-4
01/24/2025,14,54,24,14:54:24,99,Tahap-4
01/24/2025,14,54,24,14:54:24,150,Tahap-4
01/24/2025,14,54,24,14:54:24,6,Tahap-4
01/24/2025,14,54,24,14:54:24,243,Tahap-4
01/24/2025,14,54,24,14:54:24,127,Tahap-4
01/24/2025,14,54,24,14:54:24,52,Tahap-4
01/24/2025,14,54,24,14:54:24,9,Tahap-4
01/24/2025,14,54,25,14:54:25,30,Tahap-4
01/24/2025,14,54,25,14:54:25,188,Tahap-4
01/24/2025,14,54,25,14:54:25,349,Tahap-4
01/24/2025,14,54,25,14:54:25,453,Tahap-4
01/24/2025,14,54,25,14:54:25,198,Tahap-4
01/24/2025,14,54,25,14:54:25,74,Tahap-4
01/24/2025,14,54,25,14:54:25,120,Tahap-4
01/24/2025,14,54,25,14:54:25,111,Tahap-4
01/24/2025,14,54,25,14:54:25,163,Tahap-4
01/24/2025,14,54,25,14:54:25,111,Tahap-4
01/24/2025,14,54,26,14:54:26,76,Tahap-4
01/24/2025,14,54,26,14:54:26,90,Tahap-4
01/24/2025,14,54,26,14:54:26,117,Tahap-4
01/24/2025,14,54,26,14:54:26,84,Tahap-4
01/24/2025,14,54,26,14:54:26,218,Tahap-4
01/24/2025,14,54,26,14:54:26,288,Tahap-4
01/24/2025,14,54,26,14:54:26,175,Tahap-4
01/24/2025,14,54,26,14:54:26,64,Tahap-4
01/24/2025,14,54,26,14:54:26,51,Tahap-4
