Tanggal,Jam,Menit,Detik,Waktu,frekuensi,label
01/24/2025,14,9,39,14:09:39,12178,Tahap-4
01/24/2025,14,9,39,14:09:39,5323,Tahap-4
01/24/2025,14,9,40,14:09:40,3128,Tahap-4
01/24/2025,14,9,40,14:09:40,2035,Tahap-4
01/24/2025,14,9,40,14:09:40,1349,Tahap-4
01/24/2025,14,9,40,14:09:40,1719,Tahap-4
01/24/2025,14,9,40,14:09:40,1609,Tahap-4
01/24/2025,14,9,40,14:09:40,1263,Tahap-4
01/24/2025,14,9,40,14:09:40,974,Tahap-4
01/24/2025,14,9,40,14:09:40,882,Tahap-4
01/24/2025,14,9,40,14:09:40,604,Tahap-4
01/24/2025,14,9,40,14:09:40,885,Tahap-4
01/24/2025,14,9,41,14:09:41,657,Tahap-4
01/24/2025,14,9,41,14:09:41,706,Tahap-4
01/24/2025,14,9,41,14:09:41,544,Tahap-4
01/24/2025,14,9,41,14:09:41,430,Tahap-4
01/24/2025,14,9,41,14:09:41,575,Tahap-4
01/24/2025,14,9,41,14:09:41,594,Tahap-4
01/24/2025,14,9,41,14:09:41,449,Tahap-4
01/24/2025,14,9,41,14:09:41,501,Tahap-4
01/24/2025,14,9,41,14:09:41,438,Tahap-4
01/24/2025,14,9,41,14:09:41,157,Tahap-4
01/24/2025,14,9,42,14:09:42,674,Tahap-4
01/24/2025,14,9,42,14:09:42,258,Tahap-4
01/24/2025,14,9,42,14:09:42,416,Tahap-4
01/24/2025,14,9,42,14:09:42,463,Tahap-4
01/24/2025,14,9,42,14:09:42,466,Tahap-4
01/24/2025,14,9,42,14:09:42,354,Tahap-4
01/24/2025,14,9,42,14:09:42,307,Tahap-4
01/24/2025,14,9,42,14:09:42,298,Tahap-4
01/24/2025,14,9,42,14:09:42,400,Tahap-4
01/24/2025,14,9,42,14:09:42,265,Tahap-4
01/24/2025,14,9,43,14:09:43,260,Tahap-4
01/24/2025,14,9,43,14:09:43,246,Tahap-4
01/24/2025,14,9,43,14:09:43,303,Tahap-4
01/24/2025,14,9,43,14:09:43,333,Tahap-4
01/24/2025,14,9,43,14:09:43,333,Tahap-4
01/24/2025,14,9,43,14:09:43,310,Tahap-4
01/24/2025,14,9,43,14:09:43,169,Tahap-4
01/24/2025,14,9,43,14:09:43,248,Tahap-4
01/24/2025,14,9,43,14:09:43,383,Tahap-4
01/24/2025,14,9,43,14:09:43,207,Tahap-4
01/24/2025,14,9,44,14:09:44,292,Tahap-4
01/24/2025,14,9,44,14:09:44,441,Tahap-4
01/24/2025,14,9,44,14:09:44,182,Tahap-4
01/24/2025,14,9,44,14:09:44,184,Tahap-4
01/24/2025,14,9,44,14:09:44,71,Tahap-4
01/24/2025,14,9,44,14:09:44,149,Tahap-4
01/24/2025,14,9,44,14:09:44,323,Tahap-4
01/24/2025,14,9,44,14:09:44,257,Tahap-4
01/24/2025,14,9,44,14:09:44,233,Tahap-4
01/24/2025,14,9,44,14:09:44,211,Tahap-4
01/24/2025,14,9,45,14:09:45,172,Tahap-4
01/24/2025,14,9,45,14:09:45,117,Tahap-4
01/24/2025,14,9,45,14:09:45,273,Tahap-4
01/24/2025,14,9,45,14:09:45,254,Tahap-4
01/24/2025,14,9,45,14:09:45,237,Tahap-4
01/24/2025,14,9,45,14:09:45,224,Tahap-4
01/24/2025,14,9,45,14:09:45,192,Tahap-4
01/24/2025,14,9,45,14:09:45,158,Tahap-4
01/24/2025,14,9,45,14:09:45,273,Tahap-4
01/24/2025,14,9,45,14:09:45,354,Tahap-4
01/24/2025,14,9,46,14:09:46,173,Tahap-4
01/24/2025,14,9,46,14:09:46,186,Tahap-4
01/24/2025,14,9,46,14:09:46,311,Tahap-4
01/24/2025,14,9,46,14:09:46,190,Tahap-4
01/24/2025,14,9,46,14:09:46,130,Tahap-4
01/24/2025,14,9,46,14:09:46,41,Tahap-4
01/24/2025,14,9,46,14:09:46,138,Tahap-4
01/24/2025,14,9,46,14:09:46,78,Tahap-4
01/24/2025,14,9,46,14:09:46,582,Tahap-4
01/24/2025,14,9,46,14:09:46,954,Tahap-4
01/24/2025,14,9,47,14:09:47,691,Tahap-4
01/24/2025,14,9,47,14:09:47,467,Tahap-4
01/24/2025,14,9,47,14:09:47,235,Tahap-4
01/24/2025,14,9,47,14:09:47,277,Tahap-4
01/24/2025,14,9,47,14:09:47,261,Tahap-4
01/24/2025,14,9,47,14:09:47,364,Tahap-4
01/24/2025,14,9,47,14:09:47,313,Tahap-4
01/24/2025,14,9,47,14:09:47,308,Tahap-4
01/24/2025,14,9,47,14:09:47,222,Tahap-4
01/24/2025,14,9,47,14:09:47,135,Tahap-4
01/24/2025,14,9,48,14:09:48,232,Tahap-4
01/24/2025,14,9,48,14:09:48,291,Tahap-4
01/24/2025,14,9,48,14:09:48,346,Tahap-4
01/24/2025,14,9,48,14:09:48,212,Tahap-4
01/24/2025,14,9,48,14:09:48,276,Tahap-4
01/24/2025,14,9,48,14:09:48,120,Tahap-4
01/24/2025,14,9,48,14:09:48,34,Tahap-4
01/24/2025,14,9,48,14:09:48,426,Tahap-4
01/24/2025,14,9,48,14:09:48,344,Tahap-4
01/24/2025,14,9,48,14:09:48,349,Tahap-4
01/24/2025,14,9,49,14:09:49,501,Tahap-4
01/24/2025,14,9,49,14:09:49,231,Tahap-4
01/24/2025,14,9,49,14:09:49,1346,Tahap-4
01/24/2025,14,9,49,14:09:49,997,Tahap-4
01/24/2025,14,9,49,14:09:49,607,Tahap-4
01/24/2025,14,9,49,14:09:49,663,Tahap-4
01/24/2025,14,9,49,14:09:49,364,Tahap-4
01/24/2025,14,9,49,14:09:49,118,Tahap-4
01/24/2025,14,9,49,14:09:49,215,Tahap-4
01/24/2025,14,9,49,14:09:49,171,Tahap-4
01/24/2025,14,9,50,14:09:50,252,Tahap-4
01/24/2025,14,9,50,14:09:50,165,Tahap-4
01/24/2025,14,9,50,14:09:50,128,Tahap-4
01/24/2025,14,9,50,14:09:50,168,Tahap-4
01/24/2025,14,9,50,14:09:50,231,Tahap-4
01/24/2025,14,9,50,14:09:50,315,Tahap-4
01/24/2025,14,9,50,14:09:50,398,Tahap-4
01/24/2025,14,9,50,14:09:50,444,Tahap-4
01/24/2025,14,9,50,14:09:50,383,Tahap-4
01/24/2025,14,9,50,14:09:50,243,Tahap-4
01/24/2025,14,9,51,14:09:51,553,Tahap-4
01/24/2025,14,9,51,14:09:51,129,Tahap-4
01/24/2025,14,9,51,14:09:51,212,Tahap-4
01/24/2025,14,9,51,14:09:51,387,Tahap-4
01/24/2025,14,9,51,14:09:51,228,Tahap-4
01/24/2025,14,9,51,14:09:51,246,Tahap-4
01/24/2025,14,9,51,14:09:51,800,Tahap-4
01/24/2025,14,9,51,14:09:51,14,Tahap-4
01/24/2025,14,9,51,14:09:51,79,Tahap-4
01/24/2025,14,9,51,14:09:51,354,Tahap-4
01/24/2025,14,9,52,14:09:52,166,Tahap-4
01/24/2025,14,9,52,14:09:52,51,Tahap-4
01/24/2025,14,9,52,14:09:52,355,Tahap-4
01/24/2025,14,9,52,14:09:52,85,Tahap-4
01/24/2025,14,9,52,14:09:52,165,Tahap-4
01/24/2025,14,9,52,14:09:52,80,Tahap-4
01/24/2025,14,9,52,14:09:52,28,Tahap-4
01/24/2025,14,9,52,14:09:52,66,Tahap-4
01/24/2025,14,9,52,14:09:52,56,Tahap-4
01/24/2025,14,9,52,14:09:52,16,Tahap-4
01/24/2025,14,9,53,14:09:53,130,Tahap-4
01/24/2025,14,9,53,14:09:53,8,Tahap-4
01/24/2025,14,9,53,14:09:53,78,Tahap-4
01/24/2025,14,9,53,14:09:53,88,Tahap-4
01/24/2025,14,9,53,14:09:53,20,Tahap-4
01/24/2025,14,9,53,14:09:53,36,Tahap-4
01/24/2025,14,9,53,14:09:53,32,Tahap-4
01/24/2025,14,9,53,14:09:53,38,Tahap-4
01/24/2025,14,9,53,14:09:53,18,Tahap-4
01/24/2025,14,9,54,14:09:54,44,Tahap-4
01/24/2025,14,9,54,14:09:54,-70,Tahap-4
01/24/2025,14,9,54,14:09:54,68,Tahap-4
01/24/2025,14,9,54,14:09:54,12,Tahap-4
01/24/2025,14,9,54,14:09:54,-46,Tahap-4
01/24/2025,14,9,54,14:09:54,-8,Tahap-4
01/24/2025,14,9,54,14:09:54,-26,Tahap-4
01/24/2025,14,9,54,14:09:54,-34,Tahap-4
01/24/2025,14,9,54,14:09:54,-6,Tahap-4
01/24/2025,14,9,55,14:09:55,-88,Tahap-4
01/24/2025,14,9,55,14:09:55,-26,Tahap-4
01/24/2025,14,9,55,14:09:55,-52,Tahap-4
01/24/2025,14,9,55,14:09:55,-84,Tahap-4
01/24/2025,14,9,55,14:09:55,-4,Tahap-4
01/24/2025,14,9,55,14:09:55,-42,Tahap-4
01/24/2025,14,9,55,14:09:55,-92,Tahap-4
01/24/2025,14,9,55,14:09:55,-60,Tahap-4
01/24/2025,14,9,55,14:09:55,-72,Tahap-4
01/24/2025,14,9,55,14:09:55,-82,Tahap-4
01/24/2025,14,9,56,14:09:56,-62,Tahap-4
01/24/2025,14,9,56,14:09:56,-126,Tahap-4
01/24/2025,14,9,56,14:09:56,-42,Tahap-4
01/24/2025,14,9,56,14:09:56,-134,Tahap-4
01/24/2025,14,9,56,14:09:56,-110,Tahap-4
01/24/2025,14,9,56,14:09:56,-52,Tahap-4
01/24/2025,14,9,56,14:09:56,-80,Tahap-4
01/24/2025,14,9,56,14:09:56,-110,Tahap-4
01/24/2025,14,9,56,14:09:56,-74,Tahap-4
01/24/2025,14,9,56,14:09:56,-134,Tahap-4
01/24/2025,14,9,57,14:09:57,-96,Tahap-4
01/24/2025,14,9,57,14:09:57,-150,Tahap-4
01/24/2025,14,9,57,14:09:57,-106,Tahap-4
01/24/2025,14,9,57,14:09:57,-94,Tahap-4
01/24/2025,14,9,57,14:09:57,-214,Tahap-4
01/24/2025,14,9,57,14:09:57,-126,Tahap-4
01/24/2025,14,9,57,14:09:57,-132,Tahap-4
01/24/2025,14,9,57,14:09:57,-152,Tahap-4
01/24/2025,14,9,57,14:09:57,-154,Tahap-4
01/24/2025,14,9,57,14:09:57,-154,Tahap-4
01/24/2025,14,9,58,14:09:58,-172,Tahap-4
01/24/2025,14,9,58,14:09:58,-146,Tahap-4
01/24/2025,14,9,58,14:09:58,-216,Tahap-4
01/24/2025,14,9,58,14:09:58,-192,Tahap-4
01/24/2025,14,9,58,14:09:58,-118,Tahap-4
01/24/2025,14,9,58,14:09:58,-254,Tahap-4
01/24/2025,14,9,58,14:09:58,-146,Tahap-4
01/24/2025,14,9,58,14:09:58,-166,Tahap-4
01/24/2025,14,9,58,14:09:58,-206,Tahap-4
01/24/2025,14,9,58,14:09:58,-168,Tahap-4
01/24/2025,14,9,59,14:09:59,-204,Tahap-4
01/24/2025,14,9,59,14:09:59,-206,Tahap-4
01/24/2025,14,9,59,14:09:59,-192,Tahap-4
01/24/2025,14,9,59,14:09:59,-230,Tahap-4
01/24/2025,14,9,59,14:09:59,-182,Tahap-4
01/24/2025,14,9,59,14:09:59,-198,Tahap-4
01/24/2025,14,9,59,14:09:59,-228,Tahap-4
01/24/2025,14,9,59,14:09:59,-172,Tahap-4
01/24/2025,14,9,59,14:09:59,-186,Tahap-4
01/24/2025,14,9,59,14:09:59,-214,Tahap-4
01/24/2025,14,10,1,14:10:01,-294,Tahap-4
01/24/2025,14,10,1,14:10:01,-266,Tahap-4
01/24/2025,14,10,1,14:10:01,-250,Tahap-4
01/24/2025,14,10,1,14:10:01,-260,Tahap-4
01/24/2025,14,10,1,14:10:01,-270,Tahap-4
01/24/2025,14,10,1,14:10:01,-300,Tahap-4
01/24/2025,14,10,1,14:10:01,-192,Tahap-4
01/24/2025,14,10,1,14:10:01,-318,Tahap-4
01/24/2025,14,10,1,14:10:01,-202,Tahap-4
01/24/2025,14,10,1,14:10:01,-190,Tahap-4
01/24/2025,14,10,2,14:10:02,-276,Tahap-4
01/24/2025,14,10,2,14:10:02,-244,Tahap-4
01/24/2025,14,10,2,14:10:02,-278,Tahap-4
01/24/2025,14,10,2,14:10:02,-242,Tahap-4
01/24/2025,14,10,2,14:10:02,-246,Tahap-4
01/24/2025,14,10,2,14:10:02,-272,Tahap-4
01/24/2025,14,10,2,14:10:02,-264,Tahap-4
01/24/2025,14,10,2,14:10:02,-188,Tahap-4
01/24/2025,14,10,2,14:10:02,-288,Tahap-4
01/24/2025,14,10,2,14:10:02,-190,Tahap-4
01/24/2025,14,10,3,14:10:03,-180,Tahap-4
01/24/2025,14,10,3,14:10:03,-246,Tahap-4
01/24/2025,14,10,3,14:10:03,-224,Tahap-4
01/24/2025,14,10,3,14:10:03,-216,Tahap-4
01/24/2025,14,10,3,14:10:03,-248,Tahap-4
01/24/2025,14,10,3,14:10:03,-186,Tahap-4
01/24/2025,14,10,3,14:10:03,-256,Tahap-4
01/24/2025,14,10,3,14:10:03,-214,Tahap-4
01/24/2025,14,10,3,14:10:03,-200,Tahap-4
01/24/2025,14,10,3,14:10:03,-284,Tahap-4
01/24/2025,14,10,4,14:10:04,-170,Tahap-4
01/24/2025,14,10,4,14:10:04,-160,Tahap-4
01/24/2025,14,10,4,14:10:04,-244,Tahap-4
01/24/2025,14,10,4,14:10:04,-200,Tahap-4
01/24/2025,14,10,4,14:10:04,-222,Tahap-4
01/24/2025,14,10,4,14:10:04,-204,Tahap-4
01/24/2025,14,10,4,14:10:04,-182,Tahap-4
01/24/2025,14,10,4,14:10:04,-230,Tahap-4
01/24/2025,14,10,4,14:10:04,-148,Tahap-4
01/24/2025,14,10,4,14:10:04,-216,Tahap-4
01/24/2025,14,10,5,14:10:05,-230,Tahap-4
01/24/2025,14,10,5,14:10:05,-136,Tahap-4
01/24/2025,14,10,5,14:10:05,-154,Tahap-4
01/24/2025,14,10,5,14:10:05,-154,Tahap-4
01/24/2025,14,10,29,14:10:29,1905,Tahap-4
01/24/2025,14,10,29,14:10:29,1869,Tahap-4
01/24/2025,14,10,30,14:10:30,352,Tahap-4
01/24/2025,14,10,30,14:10:30,482,Tahap-4
01/24/2025,14,10,30,14:10:30,882,Tahap-4
01/24/2025,14,10,30,14:10:30,214,Tahap-4
01/24/2025,14,10,30,14:10:30,378,Tahap-4
01/24/2025,14,10,30,14:10:30,85,Tahap-4
01/24/2025,14,10,30,14:10:30,277,Tahap-4
01/24/2025,14,10,30,14:10:30,265,Tahap-4
01/24/2025,14,10,30,14:10:30,242,Tahap-4
01/24/2025,14,10,30,14:10:30,11,Tahap-4
01/24/2025,14,10,31,14:10:31,200,Tahap-4
01/24/2025,14,10,31,14:10:31,180,Tahap-4
01/24/2025,14,10,31,14:10:31,143,Tahap-4
01/24/2025,14,10,31,14:10:31,205,Tahap-4
01/24/2025,14,10,31,14:10:31,107,Tahap-4
01/24/2025,14,10,31,14:10:31,197,Tahap-4
01/24/2025,14,10,31,14:10:31,94,Tahap-4
01/24/2025,14,10,31,14:10:31,63,Tahap-4
01/24/2025,14,10,31,14:10:31,192,Tahap-4
01/24/2025,14,10,31,14:10:31,284,Tahap-4
01/24/2025,14,10,32,14:10:32,249,Tahap-4
01/24/2025,14,10,32,14:10:32,459,Tahap-4
01/24/2025,14,10,32,14:10:32,54,Tahap-4
01/24/2025,14,10,32,14:10:32,128,Tahap-4
01/24/2025,14,10,32,14:10:32,278,Tahap-4
01/24/2025,14,10,32,14:10:32,61,Tahap-4
01/24/2025,14,10,32,14:10:32,82,Tahap-4
01/24/2025,14,10,32,14:10:32,140,Tahap-4
01/24/2025,14,10,32,14:10:32,79,Tahap-4
01/24/2025,14,10,32,14:10:32,70,Tahap-4
01/24/2025,14,10,33,14:10:33,124,Tahap-4
01/24/2025,14,10,33,14:10:33,29,Tahap-4
01/24/2025,14,10,33,14:10:33,119,Tahap-4
01/24/2025,14,10,33,14:10:33,164,Tahap-4
01/24/2025,14,10,33,14:10:33,28,Tahap-4
01/24/2025,14,10,33,14:10:33,169,Tahap-4
01/24/2025,14,10,33,14:10:33,38,Tahap-4
01/24/2025,14,10,33,14:10:33,145,Tahap-4
01/24/2025,14,10,33,14:10:33,267,Tahap-4
01/24/2025,14,10,33,14:10:33,148,Tahap-4
01/24/2025,14,10,34,14:10:34,124,Tahap-4
01/24/2025,14,10,34,14:10:34,346,Tahap-4
01/24/2025,14,10,34,14:10:34,231,Tahap-4
01/24/2025,14,10,34,14:10:34,127,Tahap-4
01/24/2025,14,10,34,14:10:34,285,Tahap-4
01/24/2025,14,10,34,14:10:34,198,Tahap-4
01/24/2025,14,10,34,14:10:34,55,Tahap-4
01/24/2025,14,10,34,14:10:34,114,Tahap-4
01/24/2025,14,10,34,14:10:34,86,Tahap-4
01/24/2025,14,10,34,14:10:34,79,Tahap-4
01/24/2025,14,10,35,14:10:35,15,Tahap-4
01/24/2025,14,10,35,14:10:35,14,Tahap-4
01/24/2025,14,10,35,14:10:35,143,Tahap-4
01/24/2025,14,10,35,14:10:35,32,Tahap-4
01/24/2025,14,10,35,14:10:35,51,Tahap-4
01/24/2025,14,10,35,14:10:35,69,Tahap-4
01/24/2025,14,10,35,14:10:35,52,Tahap-4
01/24/2025,14,10,35,14:10:35,125,Tahap-4
01/24/2025,14,10,35,14:10:35,42,Tahap-4
01/24/2025,14,10,35,14:10:35,75,Tahap-4
01/24/2025,14,10,36,14:10:36,99,Tahap-4
01/24/2025,14,10,36,14:10:36,71,Tahap-4
01/24/2025,14,10,36,14:10:36,252,Tahap-4
01/24/2025,14,10,36,14:10:36,39,Tahap-4
01/24/2025,14,10,36,14:10:36,20,Tahap-4
01/24/2025,14,10,36,14:10:36,27,Tahap-4
01/24/2025,14,10,36,14:10:36,240,Tahap-4
01/24/2025,14,10,36,14:10:36,309,Tahap-4
01/24/2025,14,10,36,14:10:36,1145,Tahap-4
01/24/2025,14,10,36,14:10:36,403,Tahap-4
01/24/2025,14,10,37,14:10:37,158,Tahap-4
01/24/2025,14,10,37,14:10:37,144,Tahap-4
01/24/2025,14,10,37,14:10:37,115,Tahap-4
01/24/2025,14,10,37,14:10:37,7,Tahap-4
01/24/2025,14,10,37,14:10:37,108,Tahap-4
01/24/2025,14,10,37,14:10:37,168,Tahap-4
01/24/2025,14,10,37,14:10:37,68,Tahap-4
01/24/2025,14,10,37,14:10:37,141,Tahap-4
01/24/2025,14,10,37,14:10:37,31,Tahap-4
01/24/2025,14,10,37,14:10:37,206,Tahap-4
01/24/2025,14,10,38,14:10:38,276,Tahap-4
01/24/2025,14,10,38,14:10:38,68,Tahap-4
01/24/2025,14,10,38,14:10:38,180,Tahap-4
01/24/2025,14,10,38,14:10:38,88,Tahap-4
01/24/2025,14,10,38,14:10:38,339,Tahap-4
01/24/2025,14,10,38,14:10:38,331,Tahap-4
01/24/2025,14,10,38,14:10:38,144,Tahap-4
01/24/2025,14,10,38,14:10:38,86,Tahap-4
01/24/2025,14,10,38,14:10:38,195,Tahap-4
01/24/2025,14,10,38,14:10:38,257,Tahap-4
01/24/2025,14,10,39,14:10:39,395,Tahap-4
01/24/2025,14,10,39,14:10:39,197,Tahap-4
01/24/2025,14,10,39,14:10:39,1597,Tahap-4
01/24/2025,14,10,39,14:10:39,776,Tahap-4
01/24/2025,14,10,39,14:10:39,667,Tahap-4
01/24/2025,14,10,39,14:10:39,190,Tahap-4
01/24/2025,14,10,39,14:10:39,12,Tahap-4
01/24/2025,14,10,39,14:10:39,223,Tahap-4
01/24/2025,14,10,39,14:10:39,253,Tahap-4
01/24/2025,14,10,39,14:10:39,191,Tahap-4
01/24/2025,14,10,40,14:10:40,44,Tahap-4
01/24/2025,14,10,40,14:10:40,90,Tahap-4
01/24/2025,14,10,40,14:10:40,121,Tahap-4
01/24/2025,14,10,40,14:10:40,32,Tahap-4
01/24/2025,14,10,40,14:10:40,188,Tahap-4
01/24/2025,14,10,40,14:10:40,78,Tahap-4
01/24/2025,14,10,40,14:10:40,340,Tahap-4
01/24/2025,14,10,40,14:10:40,526,Tahap-4
01/24/2025,14,10,40,14:10:40,422,Tahap-4
01/24/2025,14,10,40,14:10:40,493,Tahap-4
01/24/2025,14,10,41,14:10:41,257,Tahap-4
01/24/2025,14,10,41,14:10:41,85,Tahap-4
01/24/2025,14,10,41,14:10:41,40,Tahap-4
01/24/2025,14,10,41,14:10:41,304,Tahap-4
01/24/2025,14,10,41,14:10:41,350,Tahap-4
01/24/2025,14,10,41,14:10:41,695,Tahap-4
01/24/2025,14,10,41,14:10:41,538,Tahap-4
01/24/2025,14,10,41,14:10:41,409,Tahap-4
01/24/2025,14,10,41,14:10:41,520,Tahap-4
01/24/2025,14,10,41,14:10:41,248,Tahap-4
01/24/2025,14,10,41,14:10:41,156,Tahap-4
01/24/2025,14,10,42,14:10:42,103,Tahap-4
01/24/2025,14,10,42,14:10:42,511,Tahap-4
01/24/2025,14,10,42,14:10:42,341,Tahap-4
01/24/2025,14,10,42,14:10:42,342,Tahap-4
01/24/2025,14,10,42,14:10:42,-240,Tahap-4
01/24/2025,14,10,42,14:10:42,40,Tahap-4
01/24/2025,14,10,42,14:10:42,-212,Tahap-4
01/24/2025,14,10,42,14:10:42,-172,Tahap-4
01/24/2025,14,10,42,14:10:42,-124,Tahap-4
01/24/2025,14,10,42,14:10:42,-88,Tahap-4
01/24/2025,14,10,43,14:10:43,-128,Tahap-4
01/24/2025,14,10,43,14:10:43,-104,Tahap-4
01/24/2025,14,10,43,14:10:43,-212,Tahap-4
01/24/2025,14,10,43,14:10:43,-76,Tahap-4
01/24/2025,14,10,43,14:10:43,-148,Tahap-4
01/24/2025,14,10,43,14:10:43,-144,Tahap-4
01/24/2025,14,10,43,14:10:43,48,Tahap-4
01/24/2025,14,10,43,14:10:43,-104,Tahap-4
01/24/2025,14,10,43,14:10:43,-72,Tahap-4
01/24/2025,14,10,43,14:10:43,-72,Tahap-4
01/24/2025,14,10,44,14:10:44,-108,Tahap-4
01/24/2025,14,10,44,14:10:44,-108,Tahap-4
01/24/2025,14,10,44,14:10:44,-80,Tahap-4
01/24/2025,14,10,44,14:10:44,-172,Tahap-4
01/24/2025,14,10,44,14:10:44,20,Tahap-4
01/24/2025,14,10,44,14:10:44,-136,Tahap-4
01/24/2025,14,10,44,14:10:44,-48,Tahap-4
01/24/2025,14,10,44,14:10:44,24,Tahap-4
01/24/2025,14,10,44,14:10:44,-32,Tahap-4
01/24/2025,14,10,44,14:10:44,-64,Tahap-4
01/24/2025,14,10,45,14:10:45,-40,Tahap-4
01/24/2025,14,10,45,14:10:45,-64,Tahap-4
01/24/2025,14,10,45,14:10:45,-44,Tahap-4
01/24/2025,14,10,45,14:10:45,-52,Tahap-4
01/24/2025,14,10,45,14:10:45,-72,Tahap-4
01/24/2025,14,10,45,14:10:45,36,Tahap-4
01/24/2025,14,10,45,14:10:45,-200,Tahap-4
01/24/2025,14,10,45,14:10:45,-8,Tahap-4
01/24/2025,14,10,45,14:10:45,40,Tahap-4
01/24/2025,14,10,45,14:10:45,-100,Tahap-4
01/24/2025,14,10,46,14:10:46,-104,Tahap-4
01/24/2025,14,10,46,14:10:46,-36,Tahap-4
01/24/2025,14,10,46,14:10:46,-128,Tahap-4
01/24/2025,14,10,46,14:10:46,-28,Tahap-4
01/24/2025,14,10,46,14:10:46,-180,Tahap-4
01/24/2025,14,10,46,14:10:46,8,Tahap-4
01/24/2025,14,10,46,14:10:46,-68,Tahap-4
01/24/2025,14,10,46,14:10:46,-172,Tahap-4
01/24/2025,14,10,46,14:10:46,24,Tahap-4
01/24/2025,14,10,46,14:10:46,-52,Tahap-4
01/24/2025,14,10,47,14:10:47,-8,Tahap-4
01/24/2025,14,10,47,14:10:47,-68,Tahap-4
01/24/2025,14,10,47,14:10:47,-44,Tahap-4
01/24/2025,14,10,47,14:10:47,-64,Tahap-4
01/24/2025,14,10,47,14:10:47,-36,Tahap-4
01/24/2025,14,10,47,14:10:47,-104,Tahap-4
01/24/2025,14,10,47,14:10:47,8,Tahap-4
01/24/2025,14,10,47,14:10:47,-4,Tahap-4
01/24/2025,14,10,47,14:10:47,-176,Tahap-4
01/24/2025,14,10,47,14:10:47,100,Tahap-4
01/24/2025,14,10,48,14:10:48,-76,Tahap-4
01/24/2025,14,10,48,14:10:48,20,Tahap-4
01/24/2025,14,10,48,14:10:48,-4,Tahap-4
01/24/2025,14,10,48,14:10:48,-20,Tahap-4
01/24/2025,14,10,48,14:10:48,-52,Tahap-4
01/24/2025,14,10,48,14:10:48,-16,Tahap-4
01/24/2025,14,10,48,14:10:48,-96,Tahap-4
01/24/2025,14,10,48,14:10:48,92,Tahap-4
01/24/2025,14,10,48,14:10:48,-36,Tahap-4
01/24/2025,14,10,48,14:10:48,-4,Tahap-4
01/24/2025,14,10,49,14:10:49,164,Tahap-4
01/24/2025,14,10,49,14:10:49,60,Tahap-4
01/24/2025,14,10,49,14:10:49,44,Tahap-4
01/24/2025,14,10,49,14:10:49,132,Tahap-4
01/24/2025,14,10,49,14:10:49,60,Tahap-4
01/24/2025,14,10,49,14:10:49,64,Tahap-4
01/24/2025,14,10,49,14:10:49,4,Tahap-4
01/24/2025,14,10,49,14:10:49,12,Tahap-4
01/24/2025,14,10,49,14:10:49,152,Tahap-4
01/24/2025,14,10,49,14:10:49,-56,Tahap-4
01/24/2025,14,10,50,14:10:50,168,Tahap-4
01/24/2025,14,10,50,14:10:50,108,Tahap-4
01/24/2025,14,10,50,14:10:50,84,Tahap-4
01/24/2025,14,10,50,14:10:50,96,Tahap-4
01/24/2025,14,10,50,14:10:50,128,Tahap-4
01/24/2025,14,10,50,14:10:50,88,Tahap-4
01/24/2025,14,10,50,14:10:50,120,Tahap-4
01/24/2025,14,10,50,14:10:50,-28,Tahap-4
01/24/2025,14,10,50,14:10:50,140,Tahap-4
01/24/2025,14,10,50,14:10:50,132,Tahap-4
01/24/2025,14,10,51,14:10:51,-56,Tahap-4
01/24/2025,14,10,51,14:10:51,224,Tahap-4
01/24/2025,14,10,51,14:10:51,148,Tahap-4
01/24/2025,14,10,51,14:10:51,96,Tahap-4
01/24/2025,14,10,51,14:10:51,144,Tahap-4
01/24/2025,14,10,51,14:10:51,112,Tahap-4
01/24/2025,14,10,51,14:10:51,108,Tahap-4
01/24/2025,14,10,51,14:10:51,132,Tahap-4
01/24/2025,14,10,51,14:10:51,24,Tahap-4
01/24/2025,14,10,51,14:10:51,152,Tahap-4
01/24/2025,14,10,52,14:10:52,72,Tahap-4
01/24/2025,14,10,52,14:10:52,52,Tahap-4
01/24/2025,14,10,52,14:10:52,232,Tahap-4
01/24/2025,14,10,52,14:10:52,124,Tahap-4
01/24/2025,14,10,52,14:10:52,112,Tahap-4
01/24/2025,14,10,52,14:10:52,180,Tahap-4
01/24/2025,14,10,52,14:10:52,60,Tahap-4
01/24/2025,14,10,52,14:10:52,120,Tahap-4
01/24/2025,14,10,52,14:10:52,92,Tahap-4
01/24/2025,14,10,52,14:10:52,8,Tahap-4
01/24/2025,14,10,53,14:10:53,196,Tahap-4
01/24/2025,14,10,53,14:10:53,-48,Tahap-4
01/24/2025,14,10,53,14:10:53,48,Tahap-4
01/24/2025,14,10,53,14:10:53,192,Tahap-4
01/24/2025,14,10,53,14:10:53,68,Tahap-4
01/24/2025,14,10,53,14:10:53,20,Tahap-4
01/24/2025,14,10,53,14:10:53,96,Tahap-4
01/24/2025,14,10,53,14:10:53,32,Tahap-4
01/24/2025,14,10,53,14:10:53,96,Tahap-4
01/24/2025,14,10,53,14:10:53,-44,Tahap-4
01/24/2025,14,10,54,14:10:54,152,Tahap-4
01/24/2025,14,10,54,14:10:54,108,Tahap-4
01/24/2025,14,10,54,14:10:54,-76,Tahap-4
01/24/2025,14,10,54,14:10:54,156,Tahap-4
01/24/2025,14,10,54,14:10:54,116,Tahap-4
01/24/2025,14,10,54,14:10:54,112,Tahap-4
01/24/2025,14,10,54,14:10:54,156,Tahap-4
01/24/2025,14,10,54,14:10:54,80,Tahap-4
01/24/2025,14,10,54,14:10:54,72,Tahap-4
01/24/2025,14,10,54,14:10:54,188,Tahap-4
01/24/2025,14,10,55,14:10:55,44,Tahap-4
01/24/2025,14,10,55,14:10:55,240,Tahap-4
01/24/2025,14,10,55,14:10:55,140,Tahap-4
01/24/2025,14,11,19,14:11:19,3488,Tahap-4
01/24/2025,14,11,19,14:11:19,1726,Tahap-4
01/24/2025,14,11,19,14:11:19,853,Tahap-4
01/24/2025,14,11,20,14:11:20,1001,Tahap-4
01/24/2025,14,11,20,14:11:20,322,Tahap-4
01/24/2025,14,11,20,14:11:20,321,Tahap-4
01/24/2025,14,11,20,14:11:20,196,Tahap-4
01/24/2025,14,11,20,14:11:20,575,Tahap-4
01/24/2025,14,11,20,14:11:20,167,Tahap-4
01/24/2025,14,11,20,14:11:20,300,Tahap-4
01/24/2025,14,11,20,14:11:20,68,Tahap-4
01/24/2025,14,11,20,14:11:20,92,Tahap-4
01/24/2025,14,11,20,14:11:20,78,Tahap-4
01/24/2025,14,11,21,14:11:21,39,Tahap-4
01/24/2025,14,11,21,14:11:21,123,Tahap-4
01/24/2025,14,11,21,14:11:21,78,Tahap-4
01/24/2025,14,11,21,14:11:21,35,Tahap-4
01/24/2025,14,11,21,14:11:21,221,Tahap-4
01/24/2025,14,11,21,14:11:21,48,Tahap-4
01/24/2025,14,11,21,14:11:21,163,Tahap-4
01/24/2025,14,11,21,14:11:21,77,Tahap-4
01/24/2025,14,11,21,14:11:21,120,Tahap-4
01/24/2025,14,11,21,14:11:21,472,Tahap-4
01/24/2025,14,11,22,14:11:22,302,Tahap-4
01/24/2025,14,11,22,14:11:22,177,Tahap-4
01/24/2025,14,11,22,14:11:22,132,Tahap-4
01/24/2025,14,11,22,14:11:22,165,Tahap-4
01/24/2025,14,11,22,14:11:22,69,Tahap-4
01/24/2025,14,11,22,14:11:22,40,Tahap-4
01/24/2025,14,11,22,14:11:22,184,Tahap-4
01/24/2025,14,11,22,14:11:22,256,Tahap-4
01/24/2025,14,11,22,14:11:22,139,Tahap-4
01/24/2025,14,11,22,14:11:22,156,Tahap-4
01/24/2025,14,11,23,14:11:23,62,Tahap-4
01/24/2025,14,11,23,14:11:23,247,Tahap-4
01/24/2025,14,11,23,14:11:23,60,Tahap-4
01/24/2025,14,11,23,14:11:23,71,Tahap-4
01/24/2025,14,11,23,14:11:23,164,Tahap-4
01/24/2025,14,11,23,14:11:23,124,Tahap-4
01/24/2025,14,11,23,14:11:23,189,Tahap-4
01/24/2025,14,11,23,14:11:23,225,Tahap-4
01/24/2025,14,11,23,14:11:23,213,Tahap-4
01/24/2025,14,11,23,14:11:23,197,Tahap-4
01/24/2025,14,11,24,14:11:24,581,Tahap-4
01/24/2025,14,11,24,14:11:24,48,Tahap-4
01/24/2025,14,11,24,14:11:24,118,Tahap-4
01/24/2025,14,11,24,14:11:24,360,Tahap-4
01/24/2025,14,11,24,14:11:24,149,Tahap-4
01/24/2025,14,11,24,14:11:24,101,Tahap-4
01/24/2025,14,11,24,14:11:24,92,Tahap-4
01/24/2025,14,11,24,14:11:24,33,Tahap-4
01/24/2025,14,11,24,14:11:24,32,Tahap-4
01/24/2025,14,11,24,14:11:24,58,Tahap-4
01/24/2025,14,11,25,14:11:25,67,Tahap-4
01/24/2025,14,11,25,14:11:25,194,Tahap-4
01/24/2025,14,11,25,14:11:25,45,Tahap-4
01/24/2025,14,11,25,14:11:25,69,Tahap-4
01/24/2025,14,11,25,14:11:25,128,Tahap-4
01/24/2025,14,11,25,14:11:25,184,Tahap-4
01/24/2025,14,11,25,14:11:25,57,Tahap-4
01/24/2025,14,11,25,14:11:25,70,Tahap-4
01/24/2025,14,11,25,14:11:25,33,Tahap-4
01/24/2025,14,11,25,14:11:25,44,Tahap-4
01/24/2025,14,11,26,14:11:26,223,Tahap-4
01/24/2025,14,11,26,14:11:26,92,Tahap-4
01/24/2025,14,11,26,14:11:26,103,Tahap-4
01/24/2025,14,11,26,14:11:26,132,Tahap-4
01/24/2025,14,11,26,14:11:26,91,Tahap-4
01/24/2025,14,11,26,14:11:26,171,Tahap-4
01/24/2025,14,11,26,14:11:26,396,Tahap-4
01/24/2025,14,11,26,14:11:26,1021,Tahap-4
01/24/2025,14,11,26,14:11:26,535,Tahap-4
01/24/2025,14,11,26,14:11:26,42,Tahap-4
01/24/2025,14,11,27,14:11:27,42,Tahap-4
01/24/2025,14,11,27,14:11:27,88,Tahap-4
01/24/2025,14,11,27,14:11:27,189,Tahap-4
01/24/2025,14,11,27,14:11:27,45,Tahap-4
01/24/2025,14,11,27,14:11:27,61,Tahap-4
01/24/2025,14,11,27,14:11:27,107,Tahap-4
01/24/2025,14,11,27,14:11:27,97,Tahap-4
01/24/2025,14,11,27,14:11:27,152,Tahap-4
01/24/2025,14,11,27,14:11:27,200,Tahap-4
01/24/2025,14,11,27,14:11:27,317,Tahap-4
01/24/2025,14,11,28,14:11:28,253,Tahap-4
01/24/2025,14,11,28,14:11:28,55,Tahap-4
01/24/2025,14,11,28,14:11:28,131,Tahap-4
01/24/2025,14,11,28,14:11:28,388,Tahap-4
01/24/2025,14,11,28,14:11:28,281,Tahap-4
01/24/2025,14,11,28,14:11:28,475,Tahap-4
01/24/2025,14,11,28,14:11:28,282,Tahap-4
01/24/2025,14,11,28,14:11:28,365,Tahap-4
01/24/2025,14,11,28,14:11:28,320,Tahap-4
01/24/2025,14,11,28,14:11:28,343,Tahap-4
01/24/2025,14,11,29,14:11:29,413,Tahap-4
01/24/2025,14,11,29,14:11:29,1213,Tahap-4
01/24/2025,14,11,29,14:11:29,1477,Tahap-4
01/24/2025,14,11,29,14:11:29,614,Tahap-4
01/24/2025,14,11,29,14:11:29,207,Tahap-4
01/24/2025,14,11,29,14:11:29,127,Tahap-4
01/24/2025,14,11,29,14:11:29,307,Tahap-4
01/24/2025,14,11,29,14:11:29,264,Tahap-4
01/24/2025,14,11,29,14:11:29,69,Tahap-4
01/24/2025,14,11,29,14:11:29,54,Tahap-4
01/24/2025,14,11,30,14:11:30,104,Tahap-4
01/24/2025,14,11,30,14:11:30,51,Tahap-4
01/24/2025,14,11,30,14:11:30,82,Tahap-4
01/24/2025,14,11,30,14:11:30,29,Tahap-4
01/24/2025,14,11,30,14:11:30,55,Tahap-4
01/24/2025,14,11,30,14:11:30,107,Tahap-4
01/24/2025,14,11,30,14:11:30,558,Tahap-4
01/24/2025,14,11,30,14:11:30,468,Tahap-4
01/24/2025,14,11,30,14:11:30,351,Tahap-4
01/24/2025,14,11,30,14:11:30,247,Tahap-4
01/24/2025,14,11,31,14:11:31,286,Tahap-4
01/24/2025,14,11,31,14:11:31,122,Tahap-4
01/24/2025,14,11,31,14:11:31,133,Tahap-4
01/24/2025,14,11,31,14:11:31,362,Tahap-4
01/24/2025,14,11,31,14:11:31,573,Tahap-4
01/24/2025,14,11,31,14:11:31,595,Tahap-4
01/24/2025,14,11,31,14:11:31,323,Tahap-4
01/24/2025,14,11,31,14:11:31,271,Tahap-4
01/24/2025,14,11,31,14:11:31,368,Tahap-4
01/24/2025,14,11,31,14:11:31,462,Tahap-4
01/24/2025,14,11,32,14:11:32,538,Tahap-4
01/24/2025,14,11,32,14:11:32,326,Tahap-4
01/24/2025,14,11,32,14:11:32,389,Tahap-4
01/24/2025,14,11,32,14:11:32,533,Tahap-4
01/24/2025,14,11,32,14:11:32,-32,Tahap-4
01/24/2025,14,11,32,14:11:32,280,Tahap-4
01/24/2025,14,11,32,14:11:32,100,Tahap-4
01/24/2025,14,11,32,14:11:32,84,Tahap-4
01/24/2025,14,11,32,14:11:32,224,Tahap-4
01/24/2025,14,11,32,14:11:32,108,Tahap-4
01/24/2025,14,11,33,14:11:33,132,Tahap-4
01/24/2025,14,11,33,14:11:33,172,Tahap-4
01/24/2025,14,11,33,14:11:33,48,Tahap-4
01/24/2025,14,11,33,14:11:33,256,Tahap-4
01/24/2025,14,11,33,14:11:33,140,Tahap-4
01/24/2025,14,11,33,14:11:33,136,Tahap-4
01/24/2025,14,11,33,14:11:33,176,Tahap-4
01/24/2025,14,11,33,14:11:33,172,Tahap-4
01/24/2025,14,11,33,14:11:33,80,Tahap-4
01/24/2025,14,11,33,14:11:33,264,Tahap-4
01/24/2025,14,11,34,14:11:34,176,Tahap-4
01/24/2025,14,11,34,14:11:34,180,Tahap-4
01/24/2025,14,11,34,14:11:34,132,Tahap-4
01/24/2025,14,11,34,14:11:34,136,Tahap-4
01/24/2025,14,11,34,14:11:34,292,Tahap-4
01/24/2025,14,11,34,14:11:34,76,Tahap-4
01/24/2025,14,11,34,14:11:34,272,Tahap-4
01/24/2025,14,11,34,14:11:34,256,Tahap-4
01/24/2025,14,11,34,14:11:34,148,Tahap-4
01/24/2025,14,11,34,14:11:34,136,Tahap-4
01/24/2025,14,11,35,14:11:35,176,Tahap-4
01/24/2025,14,11,35,14:11:35,176,Tahap-4
01/24/2025,14,11,35,14:11:35,152,Tahap-4
01/24/2025,14,11,35,14:11:35,52,Tahap-4
01/24/2025,14,11,35,14:11:35,176,Tahap-4
01/24/2025,14,11,35,14:11:35,200,Tahap-4
01/24/2025,14,11,35,14:11:35,12,Tahap-4
01/24/2025,14,11,35,14:11:35,304,Tahap-4
01/24/2025,14,11,35,14:11:35,188,Tahap-4
01/24/2025,14,11,35,14:11:35,64,Tahap-4
01/24/2025,14,11,36,14:11:36,188,Tahap-4
01/24/2025,14,11,36,14:11:36,116,Tahap-4
01/24/2025,14,11,36,14:11:36,128,Tahap-4
01/24/2025,14,11,36,14:11:36,156,Tahap-4
01/24/2025,14,11,36,14:11:36,20,Tahap-4
01/24/2025,14,11,36,14:11:36,156,Tahap-4
01/24/2025,14,11,36,14:11:36,140,Tahap-4
01/24/2025,14,11,36,14:11:36,12,Tahap-4
01/24/2025,14,11,36,14:11:36,304,Tahap-4
01/24/2025,14,11,36,14:11:36,144,Tahap-4
01/24/2025,14,11,37,14:11:37,92,Tahap-4
01/24/2025,14,11,37,14:11:37,144,Tahap-4
01/24/2025,14,11,37,14:11:37,108,Tahap-4
01/24/2025,14,11,37,14:11:37,72,Tahap-4
01/24/2025,14,11,37,14:11:37,144,Tahap-4
01/24/2025,14,11,37,14:11:37,28,Tahap-4
01/24/2025,14,11,37,14:11:37,192,Tahap-4
01/24/2025,14,11,37,14:11:37,24,Tahap-4
01/24/2025,14,11,37,14:11:37,188,Tahap-4
01/24/2025,14,11,38,14:11:38,40,Tahap-4
01/24/2025,14,11,38,14:11:38,4,Tahap-4
01/24/2025,14,11,38,14:11:38,36,Tahap-4
01/24/2025,14,11,38,14:11:38,-16,Tahap-4
01/24/2025,14,11,38,14:11:38,60,Tahap-4
01/24/2025,14,11,38,14:11:38,-40,Tahap-4
01/24/2025,14,11,38,14:11:38,-4,Tahap-4
01/24/2025,14,11,38,14:11:38,80,Tahap-4
01/24/2025,14,11,38,14:11:38,-160,Tahap-4
01/24/2025,14,11,38,14:11:38,68,Tahap-4
01/24/2025,14,11,39,14:11:39,60,Tahap-4
01/24/2025,14,11,39,14:11:39,36,Tahap-4
01/24/2025,14,11,39,14:11:39,52,Tahap-4
01/24/2025,14,11,39,14:11:39,12,Tahap-4
01/24/2025,14,11,39,14:11:39,-56,Tahap-4
01/24/2025,14,11,39,14:11:39,44,Tahap-4
01/24/2025,14,11,39,14:11:39,-120,Tahap-4
01/24/2025,14,11,39,14:11:39,44,Tahap-4
01/24/2025,14,11,39,14:11:39,84,Tahap-4
01/24/2025,14,11,39,14:11:39,-140,Tahap-4
01/24/2025,14,11,40,14:11:40,92,Tahap-4
01/24/2025,14,11,40,14:11:40,20,Tahap-4
01/24/2025,14,11,40,14:11:40,-40,Tahap-4
01/24/2025,14,11,40,14:11:40,60,Tahap-4
01/24/2025,14,11,40,14:11:40,-68,Tahap-4
01/24/2025,14,11,40,14:11:40,-56,Tahap-4
01/24/2025,14,11,40,14:11:40,-84,Tahap-4
01/24/2025,14,11,40,14:11:40,-64,Tahap-4
01/24/2025,14,11,40,14:11:40,-40,Tahap-4
01/24/2025,14,11,40,14:11:40,4,Tahap-4
01/24/2025,14,11,41,14:11:41,-224,Tahap-4
01/24/2025,14,11,41,14:11:41,-28,Tahap-4
01/24/2025,14,11,41,14:11:41,-108,Tahap-4
01/24/2025,14,11,41,14:11:41,-148,Tahap-4
01/24/2025,14,11,41,14:11:41,-60,Tahap-4
01/24/2025,14,11,41,14:11:41,-140,Tahap-4
01/24/2025,14,11,41,14:11:41,-104,Tahap-4
01/24/2025,14,11,41,14:11:41,-140,Tahap-4
01/24/2025,14,11,41,14:11:41,-216,Tahap-4
01/24/2025,14,11,41,14:11:41,-68,Tahap-4
01/24/2025,14,11,42,14:11:42,-176,Tahap-4
01/24/2025,14,11,42,14:11:42,-160,Tahap-4
01/24/2025,14,11,42,14:11:42,-60,Tahap-4
01/24/2025,14,11,42,14:11:42,-104,Tahap-4
01/24/2025,14,11,42,14:11:42,-176,Tahap-4
01/24/2025,14,11,42,14:11:42,-68,Tahap-4
01/24/2025,14,11,42,14:11:42,-212,Tahap-4
01/24/2025,14,11,42,14:11:42,-44,Tahap-4
01/24/2025,14,11,42,14:11:42,-196,Tahap-4
01/24/2025,14,11,42,14:11:42,-184,Tahap-4
01/24/2025,14,11,43,14:11:43,-92,Tahap-4
01/24/2025,14,11,43,14:11:43,-180,Tahap-4
01/24/2025,14,11,43,14:11:43,-68,Tahap-4
01/24/2025,14,11,43,14:11:43,-20,Tahap-4
01/24/2025,14,11,43,14:11:43,-112,Tahap-4
01/24/2025,14,11,43,14:11:43,-128,Tahap-4
01/24/2025,14,11,43,14:11:43,-164,Tahap-4
01/24/2025,14,11,43,14:11:43,-184,Tahap-4
01/24/2025,14,11,43,14:11:43,44,Tahap-4
01/24/2025,14,11,43,14:11:43,-280,Tahap-4
01/24/2025,14,11,44,14:11:44,-52,Tahap-4
01/24/2025,14,11,44,14:11:44,-104,Tahap-4
01/24/2025,14,11,44,14:11:44,-184,Tahap-4
01/24/2025,14,11,44,14:11:44,-72,Tahap-4
01/24/2025,14,11,44,14:11:44,-24,Tahap-4
01/24/2025,14,11,44,14:11:44,-168,Tahap-4
01/24/2025,14,11,44,14:11:44,-60,Tahap-4
01/24/2025,14,11,44,14:11:44,-240,Tahap-4
01/24/2025,14,11,44,14:11:44,-72,Tahap-4
01/24/2025,14,11,45,14:11:45,-148,Tahap-4
01/24/2025,14,11,45,14:11:45,-76,Tahap-4
01/24/2025,14,11,45,14:11:45,-136,Tahap-4
01/24/2025,14,12,9,14:12:09,1709,Tahap-4
01/24/2025,14,12,9,14:12:09,1313,Tahap-4
01/24/2025,14,12,9,14:12:09,1349,Tahap-4
01/24/2025,14,12,9,14:12:09,837,Tahap-4
01/24/2025,14,12,10,14:12:10,1185,Tahap-4
01/24/2025,14,12,10,14:12:10,593,Tahap-4
01/24/2025,14,12,10,14:12:10,94,Tahap-4
01/24/2025,14,12,10,14:12:10,385,Tahap-4
01/24/2025,14,12,10,14:12:10,112,Tahap-4
01/24/2025,14,12,10,14:12:10,93,Tahap-4
01/24/2025,14,12,10,14:12:10,214,Tahap-4
01/24/2025,14,12,10,14:12:10,90,Tahap-4
01/24/2025,14,12,10,14:12:10,221,Tahap-4
01/24/2025,14,12,10,14:12:10,30,Tahap-4
01/24/2025,14,12,11,14:12:11,75,Tahap-4
01/24/2025,14,12,11,14:12:11,404,Tahap-4
01/24/2025,14,12,11,14:12:11,121,Tahap-4
01/24/2025,14,12,11,14:12:11,21,Tahap-4
01/24/2025,14,12,11,14:12:11,54,Tahap-4
01/24/2025,14,12,11,14:12:11,99,Tahap-4
01/24/2025,14,12,11,14:12:11,157,Tahap-4
01/24/2025,14,12,11,14:12:11,410,Tahap-4
01/24/2025,14,12,11,14:12:11,476,Tahap-4
01/24/2025,14,12,11,14:12:11,100,Tahap-4
01/24/2025,14,12,12,14:12:12,26,Tahap-4
01/24/2025,14,12,12,14:12:12,87,Tahap-4
01/24/2025,14,12,12,14:12:12,245,Tahap-4
01/24/2025,14,12,12,14:12:12,154,Tahap-4
01/24/2025,14,12,12,14:12:12,68,Tahap-4
01/24/2025,14,12,12,14:12:12,86,Tahap-4
01/24/2025,14,12,12,14:12:12,218,Tahap-4
01/24/2025,14,12,12,14:12:12,209,Tahap-4
01/24/2025,14,12,12,14:12:12,141,Tahap-4
01/24/2025,14,12,12,14:12:12,167,Tahap-4
01/24/2025,14,12,13,14:12:13,223,Tahap-4
01/24/2025,14,12,13,14:12:13,103,Tahap-4
01/24/2025,14,12,13,14:12:13,78,Tahap-4
01/24/2025,14,12,13,14:12:13,157,Tahap-4
01/24/2025,14,12,13,14:12:13,75,Tahap-4
01/24/2025,14,12,13,14:12:13,77,Tahap-4
01/24/2025,14,12,13,14:12:13,16,Tahap-4
01/24/2025,14,12,13,14:12:13,79,Tahap-4
01/24/2025,14,12,13,14:12:13,67,Tahap-4
01/24/2025,14,12,13,14:12:13,266,Tahap-4
01/24/2025,14,12,14,14:12:14,421,Tahap-4
01/24/2025,14,12,14,14:12:14,111,Tahap-4
01/24/2025,14,12,14,14:12:14,441,Tahap-4
01/24/2025,14,12,14,14:12:14,245,Tahap-4
01/24/2025,14,12,14,14:12:14,109,Tahap-4
01/24/2025,14,12,14,14:12:14,202,Tahap-4
01/24/2025,14,12,14,14:12:14,35,Tahap-4
01/24/2025,14,12,14,14:12:14,148,Tahap-4
01/24/2025,14,12,14,14:12:14,139,Tahap-4
01/24/2025,14,12,14,14:12:14,148,Tahap-4
01/24/2025,14,12,15,14:12:15,203,Tahap-4
01/24/2025,14,12,15,14:12:15,85,Tahap-4
01/24/2025,14,12,15,14:12:15,185,Tahap-4
01/24/2025,14,12,15,14:12:15,191,Tahap-4
01/24/2025,14,12,15,14:12:15,155,Tahap-4
01/24/2025,14,12,15,14:12:15,47,Tahap-4
01/24/2025,14,12,15,14:12:15,135,Tahap-4
01/24/2025,14,12,15,14:12:15,109,Tahap-4
01/24/2025,14,12,15,14:12:15,231,Tahap-4
01/24/2025,14,12,15,14:12:15,209,Tahap-4
01/24/2025,14,12,16,14:12:16,95,Tahap-4
01/24/2025,14,12,16,14:12:16,70,Tahap-4
01/24/2025,14,12,16,14:12:16,21,Tahap-4
01/24/2025,14,12,16,14:12:16,218,Tahap-4
01/24/2025,14,12,16,14:12:16,349,Tahap-4
01/24/2025,14,12,16,14:12:16,148,Tahap-4
01/24/2025,14,12,16,14:12:16,827,Tahap-4
01/24/2025,14,12,16,14:12:16,664,Tahap-4
01/24/2025,14,12,16,14:12:16,439,Tahap-4
01/24/2025,14,12,16,14:12:16,106,Tahap-4
01/24/2025,14,12,17,14:12:17,277,Tahap-4
01/24/2025,14,12,17,14:12:17,63,Tahap-4
01/24/2025,14,12,17,14:12:17,42,Tahap-4
01/24/2025,14,12,17,14:12:17,101,Tahap-4
01/24/2025,14,12,17,14:12:17,170,Tahap-4
01/24/2025,14,12,17,14:12:17,179,Tahap-4
01/24/2025,14,12,17,14:12:17,169,Tahap-4
01/24/2025,14,12,17,14:12:17,301,Tahap-4
01/24/2025,14,12,17,14:12:17,61,Tahap-4
01/24/2025,14,12,17,14:12:17,106,Tahap-4
01/24/2025,14,12,18,14:12:18,154,Tahap-4
01/24/2025,14,12,18,14:12:18,86,Tahap-4
01/24/2025,14,12,18,14:12:18,444,Tahap-4
01/24/2025,14,12,18,14:12:18,274,Tahap-4
01/24/2025,14,12,18,14:12:18,388,Tahap-4
01/24/2025,14,12,18,14:12:18,211,Tahap-4
01/24/2025,14,12,18,14:12:18,215,Tahap-4
01/24/2025,14,12,18,14:12:18,196,Tahap-4
01/24/2025,14,12,18,14:12:18,567,Tahap-4
01/24/2025,14,12,18,14:12:18,801,Tahap-4
01/24/2025,14,12,19,14:12:19,968,Tahap-4
01/24/2025,14,12,19,14:12:19,434,Tahap-4
01/24/2025,14,12,19,14:12:19,1118,Tahap-4
01/24/2025,14,12,19,14:12:19,596,Tahap-4
01/24/2025,14,12,19,14:12:19,201,Tahap-4
01/24/2025,14,12,19,14:12:19,70,Tahap-4
01/24/2025,14,12,19,14:12:19,230,Tahap-4
01/24/2025,14,12,19,14:12:19,384,Tahap-4
01/24/2025,14,12,19,14:12:19,205,Tahap-4
01/24/2025,14,12,19,14:12:19,151,Tahap-4
01/24/2025,14,12,20,14:12:20,144,Tahap-4
01/24/2025,14,12,20,14:12:20,99,Tahap-4
01/24/2025,14,12,20,14:12:20,177,Tahap-4
01/24/2025,14,12,20,14:12:20,130,Tahap-4
01/24/2025,14,12,20,14:12:20,159,Tahap-4
01/24/2025,14,12,20,14:12:20,286,Tahap-4
01/24/2025,14,12,20,14:12:20,478,Tahap-4
01/24/2025,14,12,20,14:12:20,259,Tahap-4
01/24/2025,14,12,20,14:12:20,122,Tahap-4
01/24/2025,14,12,20,14:12:20,243,Tahap-4
01/24/2025,14,12,21,14:12:21,285,Tahap-4
01/24/2025,14,12,21,14:12:21,200,Tahap-4
01/24/2025,14,12,21,14:12:21,255,Tahap-4
01/24/2025,14,12,21,14:12:21,506,Tahap-4
01/24/2025,14,12,21,14:12:21,633,Tahap-4
01/24/2025,14,12,21,14:12:21,130,Tahap-4
01/24/2025,14,12,21,14:12:21,172,Tahap-4
01/24/2025,14,12,21,14:12:21,265,Tahap-4
01/24/2025,14,12,21,14:12:21,240,Tahap-4
01/24/2025,14,12,21,14:12:21,287,Tahap-4
01/24/2025,14,12,22,14:12:22,185,Tahap-4
01/24/2025,14,12,22,14:12:22,117,Tahap-4
01/24/2025,14,12,22,14:12:22,267,Tahap-4
01/24/2025,14,12,22,14:12:22,80,Tahap-4
01/24/2025,14,12,22,14:12:22,-20,Tahap-4
01/24/2025,14,12,22,14:12:22,-8,Tahap-4
01/24/2025,14,12,22,14:12:22,36,Tahap-4
01/24/2025,14,12,22,14:12:22,16,Tahap-4
01/24/2025,14,12,22,14:12:22,76,Tahap-4
01/24/2025,14,12,22,14:12:22,80,Tahap-4
01/24/2025,14,12,23,14:12:23,-12,Tahap-4
01/24/2025,14,12,23,14:12:23,128,Tahap-4
01/24/2025,14,12,23,14:12:23,64,Tahap-4
01/24/2025,14,12,23,14:12:23,128,Tahap-4
01/24/2025,14,12,23,14:12:23,132,Tahap-4
01/24/2025,14,12,23,14:12:23,120,Tahap-4
01/24/2025,14,12,23,14:12:23,12,Tahap-4
01/24/2025,14,12,23,14:12:23,44,Tahap-4
01/24/2025,14,12,23,14:12:23,60,Tahap-4
01/24/2025,14,12,23,14:12:23,116,Tahap-4
01/24/2025,14,12,24,14:12:24,136,Tahap-4
01/24/2025,14,12,24,14:12:24,-52,Tahap-4
01/24/2025,14,12,24,14:12:24,96,Tahap-4
01/24/2025,14,12,24,14:12:24,44,Tahap-4
01/24/2025,14,12,24,14:12:24,88,Tahap-4
01/24/2025,14,12,24,14:12:24,88,Tahap-4
01/24/2025,14,12,24,14:12:24,76,Tahap-4
01/24/2025,14,12,24,14:12:24,-36,Tahap-4
01/24/2025,14,12,24,14:12:24,-12,Tahap-4
01/24/2025,14,12,25,14:12:25,196,Tahap-4
01/24/2025,14,12,25,14:12:25,44,Tahap-4
01/24/2025,14,12,25,14:12:25,12,Tahap-4
01/24/2025,14,12,25,14:12:25,164,Tahap-4
01/24/2025,14,12,25,14:12:25,76,Tahap-4
01/24/2025,14,12,25,14:12:25,104,Tahap-4
01/24/2025,14,12,25,14:12:25,188,Tahap-4
01/24/2025,14,12,25,14:12:25,128,Tahap-4
01/24/2025,14,12,25,14:12:25,64,Tahap-4
01/24/2025,14,12,25,14:12:25,116,Tahap-4
01/24/2025,14,12,26,14:12:26,84,Tahap-4
01/24/2025,14,12,26,14:12:26,236,Tahap-4
01/24/2025,14,12,26,14:12:26,-16,Tahap-4
01/24/2025,14,12,26,14:12:26,208,Tahap-4
01/24/2025,14,12,26,14:12:26,160,Tahap-4
01/24/2025,14,12,26,14:12:26,132,Tahap-4
01/24/2025,14,12,26,14:12:26,148,Tahap-4
01/24/2025,14,12,26,14:12:26,212,Tahap-4
01/24/2025,14,12,26,14:12:26,148,Tahap-4
01/24/2025,14,12,26,14:12:26,192,Tahap-4
01/24/2025,14,12,27,14:12:27,28,Tahap-4
01/24/2025,14,12,27,14:12:27,220,Tahap-4
01/24/2025,14,12,27,14:12:27,244,Tahap-4
01/24/2025,14,12,27,14:12:27,40,Tahap-4
01/24/2025,14,12,27,14:12:27,232,Tahap-4
01/24/2025,14,12,27,14:12:27,144,Tahap-4
01/24/2025,14,12,27,14:12:27,120,Tahap-4
01/24/2025,14,12,27,14:12:27,140,Tahap-4
01/24/2025,14,12,27,14:12:27,88,Tahap-4
01/24/2025,14,12,27,14:12:27,60,Tahap-4
01/24/2025,14,12,28,14:12:28,112,Tahap-4
01/24/2025,14,12,28,14:12:28,-20,Tahap-4
01/24/2025,14,12,28,14:12:28,200,Tahap-4
01/24/2025,14,12,28,14:12:28,48,Tahap-4
01/24/2025,14,12,28,14:12:28,-68,Tahap-4
01/24/2025,14,12,28,14:12:28,160,Tahap-4
01/24/2025,14,12,28,14:12:28,-20,Tahap-4
01/24/2025,14,12,28,14:12:28,24,Tahap-4
01/24/2025,14,12,28,14:12:28,44,Tahap-4
01/24/2025,14,12,28,14:12:28,-20,Tahap-4
01/24/2025,14,12,29,14:12:29,20,Tahap-4
01/24/2025,14,12,29,14:12:29,-12,Tahap-4
01/24/2025,14,12,29,14:12:29,-64,Tahap-4
01/24/2025,14,12,29,14:12:29,-36,Tahap-4
01/24/2025,14,12,29,14:12:29,-72,Tahap-4
01/24/2025,14,12,29,14:12:29,-192,Tahap-4
01/24/2025,14,12,29,14:12:29,-4,Tahap-4
01/24/2025,14,12,29,14:12:29,-100,Tahap-4
01/24/2025,14,12,29,14:12:29,-136,Tahap-4
01/24/2025,14,12,29,14:12:29,-72,Tahap-4
01/24/2025,14,12,30,14:12:30,-152,Tahap-4
01/24/2025,14,12,30,14:12:30,-72,Tahap-4
01/24/2025,14,12,30,14:12:30,-180,Tahap-4
01/24/2025,14,12,30,14:12:30,-72,Tahap-4
01/24/2025,14,12,30,14:12:30,44,Tahap-4
01/24/2025,14,12,30,14:12:30,-224,Tahap-4
01/24/2025,14,12,30,14:12:30,-64,Tahap-4
01/24/2025,14,12,30,14:12:30,-84,Tahap-4
01/24/2025,14,12,30,14:12:30,-112,Tahap-4
01/24/2025,14,12,30,14:12:30,-36,Tahap-4
01/24/2025,14,12,31,14:12:31,-124,Tahap-4
01/24/2025,14,12,31,14:12:31,-80,Tahap-4
01/24/2025,14,12,31,14:12:31,-28,Tahap-4
01/24/2025,14,12,31,14:12:31,-124,Tahap-4
01/24/2025,14,12,31,14:12:31,40,Tahap-4
01/24/2025,14,12,31,14:12:31,80,Tahap-4
01/24/2025,14,12,31,14:12:31,-188,Tahap-4
01/24/2025,14,12,31,14:12:31,140,Tahap-4
01/24/2025,14,12,31,14:12:31,64,Tahap-4
01/24/2025,14,12,31,14:12:31,8,Tahap-4
01/24/2025,14,12,32,14:12:32,136,Tahap-4
01/24/2025,14,12,32,14:12:32,48,Tahap-4
01/24/2025,14,12,32,14:12:32,76,Tahap-4
01/24/2025,14,12,32,14:12:32,64,Tahap-4
01/24/2025,14,12,32,14:12:32,44,Tahap-4
01/24/2025,14,12,32,14:12:32,132,Tahap-4
01/24/2025,14,12,32,14:12:32,104,Tahap-4
01/24/2025,14,12,32,14:12:32,-36,Tahap-4
01/24/2025,14,12,32,14:12:32,204,Tahap-4
01/24/2025,14,12,32,14:12:32,68,Tahap-4
01/24/2025,14,12,33,14:12:33,68,Tahap-4
01/24/2025,14,12,33,14:12:33,164,Tahap-4
01/24/2025,14,12,33,14:12:33,72,Tahap-4
01/24/2025,14,12,33,14:12:33,36,Tahap-4
01/24/2025,14,12,33,14:12:33,60,Tahap-4
01/24/2025,14,12,33,14:12:33,-40,Tahap-4
01/24/2025,14,12,33,14:12:33,136,Tahap-4
01/24/2025,14,12,33,14:12:33,-40,Tahap-4
01/24/2025,14,12,33,14:12:33,-4,Tahap-4
01/24/2025,14,12,33,14:12:33,136,Tahap-4
01/24/2025,14,12,34,14:12:34,-44,Tahap-4
01/24/2025,14,12,34,14:12:34,12,Tahap-4
01/24/2025,14,12,34,14:12:34,16,Tahap-4
01/24/2025,14,12,34,14:12:34,12,Tahap-4
01/24/2025,14,12,34,14:12:34,-32,Tahap-4
01/24/2025,14,12,34,14:12:34,-136,Tahap-4
01/24/2025,14,12,34,14:12:34,-76,Tahap-4
01/24/2025,14,12,34,14:12:34,68,Tahap-4
01/24/2025,14,12,34,14:12:34,-108,Tahap-4
01/24/2025,14,12,35,14:12:35,68,Tahap-4
01/24/2025,14,12,35,14:12:35,-76,Tahap-4
01/24/2025,14,12,59,14:12:59,7225,Tahap-4
01/24/2025,14,12,59,14:12:59,4554,Tahap-4
01/24/2025,14,12,59,14:12:59,3095,Tahap-4
01/24/2025,14,12,59,14:12:59,1830,Tahap-4
01/24/2025,14,12,59,14:12:59,1837,Tahap-4
01/24/2025,14,13,1,14:13:01,637,Tahap-4
01/24/2025,14,13,1,14:13:01,357,Tahap-4
01/24/2025,14,13,1,14:13:01,343,Tahap-4
01/24/2025,14,13,1,14:13:01,376,Tahap-4
01/24/2025,14,13,1,14:13:01,414,Tahap-4
01/24/2025,14,13,1,14:13:01,236,Tahap-4
01/24/2025,14,13,1,14:13:01,280,Tahap-4
01/24/2025,14,13,1,14:13:01,500,Tahap-4
01/24/2025,14,13,1,14:13:01,873,Tahap-4
01/24/2025,14,13,1,14:13:01,421,Tahap-4
01/24/2025,14,13,2,14:13:02,289,Tahap-4
01/24/2025,14,13,2,14:13:02,313,Tahap-4
01/24/2025,14,13,2,14:13:02,312,Tahap-4
01/24/2025,14,13,2,14:13:02,317,Tahap-4
01/24/2025,14,13,2,14:13:02,347,Tahap-4
01/24/2025,14,13,2,14:13:02,368,Tahap-4
01/24/2025,14,13,2,14:13:02,225,Tahap-4
01/24/2025,14,13,2,14:13:02,274,Tahap-4
01/24/2025,14,13,2,14:13:02,187,Tahap-4
01/24/2025,14,13,3,14:13:03,317,Tahap-4
01/24/2025,14,13,3,14:13:03,256,Tahap-4
01/24/2025,14,13,3,14:13:03,191,Tahap-4
01/24/2025,14,13,3,14:13:03,211,Tahap-4
01/24/2025,14,13,3,14:13:03,198,Tahap-4
01/24/2025,14,13,3,14:13:03,280,Tahap-4
01/24/2025,14,13,3,14:13:03,259,Tahap-4
01/24/2025,14,13,3,14:13:03,227,Tahap-4
01/24/2025,14,13,3,14:13:03,140,Tahap-4
01/24/2025,14,13,3,14:13:03,355,Tahap-4
01/24/2025,14,13,3,14:13:03,338,Tahap-4
01/24/2025,14,13,4,14:13:04,191,Tahap-4
01/24/2025,14,13,4,14:13:04,440,Tahap-4
01/24/2025,14,13,4,14:13:04,502,Tahap-4
01/24/2025,14,13,4,14:13:04,128,Tahap-4
01/24/2025,14,13,4,14:13:04,298,Tahap-4
01/24/2025,14,13,4,14:13:04,256,Tahap-4
01/24/2025,14,13,4,14:13:04,235,Tahap-4
01/24/2025,14,13,4,14:13:04,236,Tahap-4
01/24/2025,14,13,4,14:13:04,122,Tahap-4
01/24/2025,14,13,4,14:13:04,311,Tahap-4
01/24/2025,14,13,5,14:13:05,282,Tahap-4
01/24/2025,14,13,5,14:13:05,166,Tahap-4
01/24/2025,14,13,5,14:13:05,314,Tahap-4
01/24/2025,14,13,5,14:13:05,110,Tahap-4
01/24/2025,14,13,5,14:13:05,341,Tahap-4
01/24/2025,14,13,5,14:13:05,296,Tahap-4
01/24/2025,14,13,5,14:13:05,131,Tahap-4
01/24/2025,14,13,5,14:13:05,125,Tahap-4
01/24/2025,14,13,5,14:13:05,233,Tahap-4
01/24/2025,14,13,5,14:13:05,509,Tahap-4
01/24/2025,14,13,6,14:13:06,248,Tahap-4
01/24/2025,14,13,6,14:13:06,259,Tahap-4
01/24/2025,14,13,6,14:13:06,252,Tahap-4
01/24/2025,14,13,6,14:13:06,607,Tahap-4
01/24/2025,14,13,6,14:13:06,718,Tahap-4
01/24/2025,14,13,6,14:13:06,551,Tahap-4
01/24/2025,14,13,6,14:13:06,531,Tahap-4
01/24/2025,14,13,6,14:13:06,419,Tahap-4
01/24/2025,14,13,6,14:13:06,212,Tahap-4
01/24/2025,14,13,6,14:13:06,155,Tahap-4
01/24/2025,14,13,7,14:13:07,135,Tahap-4
01/24/2025,14,13,7,14:13:07,217,Tahap-4
01/24/2025,14,13,7,14:13:07,190,Tahap-4
01/24/2025,14,13,7,14:13:07,149,Tahap-4
01/24/2025,14,13,7,14:13:07,108,Tahap-4
01/24/2025,14,13,7,14:13:07,215,Tahap-4
01/24/2025,14,13,7,14:13:07,162,Tahap-4
01/24/2025,14,13,7,14:13:07,417,Tahap-4
01/24/2025,14,13,7,14:13:07,201,Tahap-4
01/24/2025,14,13,7,14:13:07,37,Tahap-4
01/24/2025,14,13,8,14:13:08,223,Tahap-4
01/24/2025,14,13,8,14:13:08,318,Tahap-4
01/24/2025,14,13,8,14:13:08,326,Tahap-4
01/24/2025,14,13,8,14:13:08,384,Tahap-4
01/24/2025,14,13,8,14:13:08,164,Tahap-4
01/24/2025,14,13,8,14:13:08,158,Tahap-4
01/24/2025,14,13,8,14:13:08,135,Tahap-4
01/24/2025,14,13,8,14:13:08,592,Tahap-4
01/24/2025,14,13,8,14:13:08,1320,Tahap-4
01/24/2025,14,13,8,14:13:08,787,Tahap-4
01/24/2025,14,13,9,14:13:09,599,Tahap-4
01/24/2025,14,13,9,14:13:09,707,Tahap-4
01/24/2025,14,13,9,14:13:09,468,Tahap-4
01/24/2025,14,13,9,14:13:09,215,Tahap-4
01/24/2025,14,13,9,14:13:09,111,Tahap-4
01/24/2025,14,13,9,14:13:09,66,Tahap-4
01/24/2025,14,13,9,14:13:09,169,Tahap-4
01/24/2025,14,13,9,14:13:09,223,Tahap-4
01/24/2025,14,13,9,14:13:09,70,Tahap-4
01/24/2025,14,13,9,14:13:09,169,Tahap-4
01/24/2025,14,13,10,14:13:10,162,Tahap-4
01/24/2025,14,13,10,14:13:10,75,Tahap-4
01/24/2025,14,13,10,14:13:10,279,Tahap-4
01/24/2025,14,13,10,14:13:10,169,Tahap-4
01/24/2025,14,13,10,14:13:10,436,Tahap-4
01/24/2025,14,13,10,14:13:10,122,Tahap-4
01/24/2025,14,13,10,14:13:10,347,Tahap-4
01/24/2025,14,13,10,14:13:10,118,Tahap-4
01/24/2025,14,13,10,14:13:10,50,Tahap-4
01/24/2025,14,13,10,14:13:10,257,Tahap-4
01/24/2025,14,13,11,14:13:11,322,Tahap-4
01/24/2025,14,13,11,14:13:11,151,Tahap-4
01/24/2025,14,13,11,14:13:11,1071,Tahap-4
01/24/2025,14,13,11,14:13:11,274,Tahap-4
01/24/2025,14,13,11,14:13:11,132,Tahap-4
01/24/2025,14,13,11,14:13:11,239,Tahap-4
01/24/2025,14,13,11,14:13:11,308,Tahap-4
01/24/2025,14,13,11,14:13:11,311,Tahap-4
01/24/2025,14,13,11,14:13:11,414,Tahap-4
01/24/2025,14,13,11,14:13:11,267,Tahap-4
01/24/2025,14,13,12,14:13:12,187,Tahap-4
01/24/2025,14,13,12,14:13:12,466,Tahap-4
01/24/2025,14,13,12,14:13:12,-28,Tahap-4
01/24/2025,14,13,12,14:13:12,44,Tahap-4
01/24/2025,14,13,12,14:13:12,-24,Tahap-4
01/24/2025,14,13,12,14:13:12,50,Tahap-4
01/24/2025,14,13,12,14:13:12,4,Tahap-4
01/24/2025,14,13,12,14:13:12,10,Tahap-4
01/24/2025,14,13,12,14:13:12,-4,Tahap-4
01/24/2025,14,13,12,14:13:12,-2,Tahap-4
01/24/2025,14,13,13,14:13:13,-2,Tahap-4
01/24/2025,14,13,13,14:13:13,48,Tahap-4
01/24/2025,14,13,13,14:13:13,-24,Tahap-4
01/24/2025,14,13,13,14:13:13,14,Tahap-4
01/24/2025,14,13,13,14:13:13,44,Tahap-4
01/24/2025,14,13,13,14:13:13,-24,Tahap-4
01/24/2025,14,13,13,14:13:13,42,Tahap-4
01/24/2025,14,13,13,14:13:13,38,Tahap-4
01/24/2025,14,13,13,14:13:13,20,Tahap-4
01/24/2025,14,13,13,14:13:13,-12,Tahap-4
01/24/2025,14,13,14,14:13:14,-12,Tahap-4
01/24/2025,14,13,14,14:13:14,8,Tahap-4
01/24/2025,14,13,14,14:13:14,44,Tahap-4
01/24/2025,14,13,14,14:13:14,-76,Tahap-4
01/24/2025,14,13,14,14:13:14,46,Tahap-4
01/24/2025,14,13,14,14:13:14,-6,Tahap-4
01/24/2025,14,13,14,14:13:14,-48,Tahap-4
01/24/2025,14,13,14,14:13:14,-30,Tahap-4
01/24/2025,14,13,14,14:13:14,-38,Tahap-4
01/24/2025,14,13,14,14:13:14,-22,Tahap-4
01/24/2025,14,13,15,14:13:15,-12,Tahap-4
01/24/2025,14,13,15,14:13:15,-82,Tahap-4
01/24/2025,14,13,15,14:13:15,-56,Tahap-4
01/24/2025,14,13,15,14:13:15,8,Tahap-4
01/24/2025,14,13,15,14:13:15,-112,Tahap-4
01/24/2025,14,13,15,14:13:15,20,Tahap-4
01/24/2025,14,13,15,14:13:15,-20,Tahap-4
01/24/2025,14,13,15,14:13:15,-38,Tahap-4
01/24/2025,14,13,15,14:13:15,-18,Tahap-4
01/24/2025,14,13,15,14:13:15,16,Tahap-4
01/24/2025,14,13,16,14:13:16,-4,Tahap-4
01/24/2025,14,13,16,14:13:16,-22,Tahap-4
01/24/2025,14,13,16,14:13:16,-36,Tahap-4
01/24/2025,14,13,16,14:13:16,6,Tahap-4
01/24/2025,14,13,16,14:13:16,12,Tahap-4
01/24/2025,14,13,16,14:13:16,-64,Tahap-4
01/24/2025,14,13,16,14:13:16,58,Tahap-4
01/24/2025,14,13,16,14:13:16,4,Tahap-4
01/24/2025,14,13,16,14:13:16,-16,Tahap-4
01/24/2025,14,13,16,14:13:16,-2,Tahap-4
01/24/2025,14,13,17,14:13:17,-4,Tahap-4
01/24/2025,14,13,17,14:13:17,16,Tahap-4
01/24/2025,14,13,17,14:13:17,-4,Tahap-4
01/24/2025,14,13,17,14:13:17,-66,Tahap-4
01/24/2025,14,13,17,14:13:17,20,Tahap-4
01/24/2025,14,13,17,14:13:17,-76,Tahap-4
01/24/2025,14,13,17,14:13:17,-72,Tahap-4
01/24/2025,14,13,17,14:13:17,12,Tahap-4
01/24/2025,14,13,17,14:13:17,-72,Tahap-4
01/24/2025,14,13,17,14:13:17,-88,Tahap-4
01/24/2025,14,13,18,14:13:18,-90,Tahap-4
01/24/2025,14,13,18,14:13:18,-132,Tahap-4
01/24/2025,14,13,18,14:13:18,-108,Tahap-4
01/24/2025,14,13,18,14:13:18,-126,Tahap-4
01/24/2025,14,13,18,14:13:18,-144,Tahap-4
01/24/2025,14,13,18,14:13:18,-70,Tahap-4
01/24/2025,14,13,18,14:13:18,-180,Tahap-4
01/24/2025,14,13,18,14:13:18,-144,Tahap-4
01/24/2025,14,13,18,14:13:18,-36,Tahap-4
01/24/2025,14,13,18,14:13:18,-134,Tahap-4
01/24/2025,14,13,19,14:13:19,-130,Tahap-4
01/24/2025,14,13,19,14:13:19,-146,Tahap-4
01/24/2025,14,13,19,14:13:19,-140,Tahap-4
01/24/2025,14,13,19,14:13:19,-126,Tahap-4
01/24/2025,14,13,19,14:13:19,-162,Tahap-4
01/24/2025,14,13,19,14:13:19,-162,Tahap-4
01/24/2025,14,13,19,14:13:19,-72,Tahap-4
01/24/2025,14,13,19,14:13:19,-208,Tahap-4
01/24/2025,14,13,19,14:13:19,-106,Tahap-4
01/24/2025,14,13,19,14:13:19,-122,Tahap-4
01/24/2025,14,13,20,14:13:20,-98,Tahap-4
01/24/2025,14,13,20,14:13:20,-116,Tahap-4
01/24/2025,14,13,20,14:13:20,-110,Tahap-4
01/24/2025,14,13,20,14:13:20,-146,Tahap-4
01/24/2025,14,13,20,14:13:20,-104,Tahap-4
01/24/2025,14,13,20,14:13:20,-158,Tahap-4
01/24/2025,14,13,20,14:13:20,-142,Tahap-4
01/24/2025,14,13,20,14:13:20,-72,Tahap-4
01/24/2025,14,13,20,14:13:20,-190,Tahap-4
01/24/2025,14,13,20,14:13:20,-76,Tahap-4
01/24/2025,14,13,21,14:13:21,-106,Tahap-4
01/24/2025,14,13,21,14:13:21,-150,Tahap-4
01/24/2025,14,13,21,14:13:21,-102,Tahap-4
01/24/2025,14,13,21,14:13:21,-170,Tahap-4
01/24/2025,14,13,21,14:13:21,-142,Tahap-4
01/24/2025,14,13,21,14:13:21,-166,Tahap-4
01/24/2025,14,13,21,14:13:21,-156,Tahap-4
01/24/2025,14,13,21,14:13:21,-178,Tahap-4
01/24/2025,14,13,21,14:13:21,-104,Tahap-4
01/24/2025,14,13,21,14:13:21,-230,Tahap-4
01/24/2025,14,13,22,14:13:22,-94,Tahap-4
01/24/2025,14,13,22,14:13:22,-156,Tahap-4
01/24/2025,14,13,22,14:13:22,-178,Tahap-4
01/24/2025,14,13,22,14:13:22,-162,Tahap-4
01/24/2025,14,13,22,14:13:22,-182,Tahap-4
01/24/2025,14,13,22,14:13:22,-180,Tahap-4
01/24/2025,14,13,22,14:13:22,-192,Tahap-4
01/24/2025,14,13,22,14:13:22,-234,Tahap-4
01/24/2025,14,13,22,14:13:22,-168,Tahap-4
01/24/2025,14,13,22,14:13:22,-192,Tahap-4
01/24/2025,14,13,23,14:13:23,-244,Tahap-4
01/24/2025,14,13,23,14:13:23,-158,Tahap-4
01/24/2025,14,13,23,14:13:23,-218,Tahap-4
01/24/2025,14,13,23,14:13:23,-208,Tahap-4
01/24/2025,14,13,23,14:13:23,-230,Tahap-4
01/24/2025,14,13,23,14:13:23,-172,Tahap-4
01/24/2025,14,13,23,14:13:23,-220,Tahap-4
01/24/2025,14,13,23,14:13:23,-214,Tahap-4
01/24/2025,14,13,23,14:13:23,-280,Tahap-4
01/24/2025,14,13,23,14:13:23,-150,Tahap-4
01/24/2025,14,13,24,14:13:24,-240,Tahap-4
01/24/2025,14,13,24,14:13:24,-204,Tahap-4
01/24/2025,14,13,24,14:13:24,-136,Tahap-4
01/24/2025,14,13,24,14:13:24,-200,Tahap-4
01/24/2025,14,13,24,14:13:24,-190,Tahap-4
01/24/2025,14,13,24,14:13:24,-192,Tahap-4
01/24/2025,14,13,24,14:13:24,-188,Tahap-4
01/24/2025,14,13,24,14:13:24,-158,Tahap-4
01/24/2025,14,13,24,14:13:24,-216,Tahap-4
01/24/2025,14,13,24,14:13:24,-216,Tahap-4
01/24/2025,14,13,25,14:13:25,-158,Tahap-4
01/24/2025,14,13,49,14:13:49,8467,Tahap-4
01/24/2025,14,13,49,14:13:49,2947,Tahap-4
01/24/2025,14,13,49,14:13:49,2984,Tahap-4
01/24/2025,14,13,49,14:13:49,1728,Tahap-4
01/24/2025,14,13,49,14:13:49,172,Tahap-4
01/24/2025,14,13,50,14:13:50,120,Tahap-4
01/24/2025,14,13,50,14:13:50,98,Tahap-4
01/24/2025,14,13,50,14:13:50,413,Tahap-4
01/24/2025,14,13,50,14:13:50,418,Tahap-4
01/24/2025,14,13,50,14:13:50,475,Tahap-4
01/24/2025,14,13,50,14:13:50,396,Tahap-4
01/24/2025,14,13,50,14:13:50,501,Tahap-4
01/24/2025,14,13,50,14:13:50,410,Tahap-4
01/24/2025,14,13,50,14:13:50,305,Tahap-4
01/24/2025,14,13,50,14:13:50,218,Tahap-4
01/24/2025,14,13,51,14:13:51,322,Tahap-4
01/24/2025,14,13,51,14:13:51,106,Tahap-4
01/24/2025,14,13,51,14:13:51,141,Tahap-4
01/24/2025,14,13,51,14:13:51,213,Tahap-4
01/24/2025,14,13,51,14:13:51,164,Tahap-4
01/24/2025,14,13,51,14:13:51,92,Tahap-4
01/24/2025,14,13,51,14:13:51,174,Tahap-4
01/24/2025,14,13,51,14:13:51,401,Tahap-4
01/24/2025,14,13,51,14:13:51,860,Tahap-4
01/24/2025,14,13,51,14:13:51,414,Tahap-4
01/24/2025,14,13,52,14:13:52,350,Tahap-4
01/24/2025,14,13,52,14:13:52,162,Tahap-4
01/24/2025,14,13,52,14:13:52,283,Tahap-4
01/24/2025,14,13,52,14:13:52,213,Tahap-4
01/24/2025,14,13,52,14:13:52,243,Tahap-4
01/24/2025,14,13,52,14:13:52,222,Tahap-4
01/24/2025,14,13,52,14:13:52,117,Tahap-4
01/24/2025,14,13,52,14:13:52,83,Tahap-4
01/24/2025,14,13,52,14:13:52,208,Tahap-4
01/24/2025,14,13,52,14:13:52,245,Tahap-4
01/24/2025,14,13,53,14:13:53,142,Tahap-4
01/24/2025,14,13,53,14:13:53,132,Tahap-4
01/24/2025,14,13,53,14:13:53,111,Tahap-4
01/24/2025,14,13,53,14:13:53,66,Tahap-4
01/24/2025,14,13,53,14:13:53,157,Tahap-4
01/24/2025,14,13,53,14:13:53,57,Tahap-4
01/24/2025,14,13,53,14:13:53,109,Tahap-4
01/24/2025,14,13,53,14:13:53,104,Tahap-4
01/24/2025,14,13,53,14:13:53,369,Tahap-4
01/24/2025,14,13,53,14:13:53,351,Tahap-4
01/24/2025,14,13,54,14:13:54,368,Tahap-4
01/24/2025,14,13,54,14:13:54,237,Tahap-4
01/24/2025,14,13,54,14:13:54,241,Tahap-4
01/24/2025,14,13,54,14:13:54,208,Tahap-4
01/24/2025,14,13,54,14:13:54,166,Tahap-4
01/24/2025,14,13,54,14:13:54,112,Tahap-4
01/24/2025,14,13,54,14:13:54,40,Tahap-4
01/24/2025,14,13,54,14:13:54,145,Tahap-4
01/24/2025,14,13,54,14:13:54,166,Tahap-4
01/24/2025,14,13,54,14:13:54,116,Tahap-4
01/24/2025,14,13,55,14:13:55,100,Tahap-4
01/24/2025,14,13,55,14:13:55,39,Tahap-4
01/24/2025,14,13,55,14:13:55,65,Tahap-4
01/24/2025,14,13,55,14:13:55,172,Tahap-4
01/24/2025,14,13,55,14:13:55,109,Tahap-4
01/24/2025,14,13,55,14:13:55,156,Tahap-4
01/24/2025,14,13,55,14:13:55,46,Tahap-4
01/24/2025,14,13,55,14:13:55,64,Tahap-4
01/24/2025,14,13,55,14:13:55,79,Tahap-4
01/24/2025,14,13,55,14:13:55,109,Tahap-4
01/24/2025,14,13,56,14:13:56,242,Tahap-4
01/24/2025,14,13,56,14:13:56,309,Tahap-4
01/24/2025,14,13,56,14:13:56,530,Tahap-4
01/24/2025,14,13,56,14:13:56,686,Tahap-4
01/24/2025,14,13,56,14:13:56,599,Tahap-4
01/24/2025,14,13,56,14:13:56,627,Tahap-4
01/24/2025,14,13,56,14:13:56,743,Tahap-4
01/24/2025,14,13,56,14:13:56,607,Tahap-4
01/24/2025,14,13,56,14:13:56,190,Tahap-4
01/24/2025,14,13,56,14:13:56,158,Tahap-4
01/24/2025,14,13,57,14:13:57,103,Tahap-4
01/24/2025,14,13,57,14:13:57,37,Tahap-4
01/24/2025,14,13,57,14:13:57,237,Tahap-4
01/24/2025,14,13,57,14:13:57,118,Tahap-4
01/24/2025,14,13,57,14:13:57,44,Tahap-4
01/24/2025,14,13,57,14:13:57,178,Tahap-4
01/24/2025,14,13,57,14:13:57,264,Tahap-4
01/24/2025,14,13,57,14:13:57,126,Tahap-4
01/24/2025,14,13,57,14:13:57,175,Tahap-4
01/24/2025,14,13,57,14:13:57,400,Tahap-4
01/24/2025,14,13,58,14:13:58,356,Tahap-4
01/24/2025,14,13,58,14:13:58,278,Tahap-4
01/24/2025,14,13,58,14:13:58,282,Tahap-4
01/24/2025,14,13,58,14:13:58,120,Tahap-4
01/24/2025,14,13,58,14:13:58,452,Tahap-4
01/24/2025,14,13,58,14:13:58,680,Tahap-4
01/24/2025,14,13,58,14:13:58,776,Tahap-4
01/24/2025,14,13,58,14:13:58,430,Tahap-4
01/24/2025,14,13,58,14:13:58,798,Tahap-4
01/24/2025,14,13,58,14:13:58,739,Tahap-4
01/24/2025,14,13,59,14:13:59,1321,Tahap-4
01/24/2025,14,13,59,14:13:59,850,Tahap-4
01/24/2025,14,13,59,14:13:59,16,Tahap-4
01/24/2025,14,13,59,14:13:59,341,Tahap-4
01/24/2025,14,13,59,14:13:59,185,Tahap-4
01/24/2025,14,13,59,14:13:59,294,Tahap-4
01/24/2025,14,13,59,14:13:59,219,Tahap-4
01/24/2025,14,13,59,14:13:59,98,Tahap-4
01/24/2025,14,13,59,14:13:59,121,Tahap-4
01/24/2025,14,13,59,14:13:59,176,Tahap-4
01/24/2025,14,14,1,14:14:01,518,Tahap-4
01/24/2025,14,14,1,14:14:01,764,Tahap-4
01/24/2025,14,14,1,14:14:01,569,Tahap-4
01/24/2025,14,14,1,14:14:01,512,Tahap-4
01/24/2025,14,14,1,14:14:01,245,Tahap-4
01/24/2025,14,14,1,14:14:01,195,Tahap-4
01/24/2025,14,14,1,14:14:01,283,Tahap-4
01/24/2025,14,14,1,14:14:01,362,Tahap-4
01/24/2025,14,14,1,14:14:01,346,Tahap-4
01/24/2025,14,14,1,14:14:01,272,Tahap-4
01/24/2025,14,14,2,14:14:02,148,Tahap-4
01/24/2025,14,14,2,14:14:02,119,Tahap-4
01/24/2025,14,14,2,14:14:02,-88,Tahap-4
01/24/2025,14,14,2,14:14:02,-268,Tahap-4
01/24/2025,14,14,2,14:14:02,-120,Tahap-4
01/24/2025,14,14,2,14:14:02,-252,Tahap-4
01/24/2025,14,14,2,14:14:02,-256,Tahap-4
01/24/2025,14,14,2,14:14:02,-20,Tahap-4
01/24/2025,14,14,2,14:14:02,-236,Tahap-4
01/24/2025,14,14,2,14:14:02,-64,Tahap-4
01/24/2025,14,14,3,14:14:03,-124,Tahap-4
01/24/2025,14,14,3,14:14:03,-160,Tahap-4
01/24/2025,14,14,3,14:14:03,-32,Tahap-4
01/24/2025,14,14,3,14:14:03,-160,Tahap-4
01/24/2025,14,14,3,14:14:03,48,Tahap-4
01/24/2025,14,14,3,14:14:03,-160,Tahap-4
01/24/2025,14,14,3,14:14:03,-20,Tahap-4
01/24/2025,14,14,3,14:14:03,108,Tahap-4
01/24/2025,14,14,3,14:14:03,-84,Tahap-4
01/24/2025,14,14,4,14:14:04,68,Tahap-4
01/24/2025,14,14,4,14:14:04,60,Tahap-4
01/24/2025,14,14,4,14:14:04,-8,Tahap-4
01/24/2025,14,14,4,14:14:04,8,Tahap-4
01/24/2025,14,14,4,14:14:04,108,Tahap-4
01/24/2025,14,14,4,14:14:04,64,Tahap-4
01/24/2025,14,14,4,14:14:04,-80,Tahap-4
01/24/2025,14,14,4,14:14:04,124,Tahap-4
01/24/2025,14,14,4,14:14:04,160,Tahap-4
01/24/2025,14,14,5,14:14:05,36,Tahap-4
01/24/2025,14,14,5,14:14:05,236,Tahap-4
01/24/2025,14,14,5,14:14:05,112,Tahap-4
01/24/2025,14,14,5,14:14:05,228,Tahap-4
01/24/2025,14,14,5,14:14:05,184,Tahap-4
01/24/2025,14,14,5,14:14:05,144,Tahap-4
01/24/2025,14,14,5,14:14:05,104,Tahap-4
01/24/2025,14,14,5,14:14:05,180,Tahap-4
01/24/2025,14,14,5,14:14:05,88,Tahap-4
01/24/2025,14,14,5,14:14:05,220,Tahap-4
01/24/2025,14,14,6,14:14:06,264,Tahap-4
01/24/2025,14,14,6,14:14:06,88,Tahap-4
01/24/2025,14,14,6,14:14:06,368,Tahap-4
01/24/2025,14,14,6,14:14:06,168,Tahap-4
01/24/2025,14,14,6,14:14:06,260,Tahap-4
01/24/2025,14,14,6,14:14:06,284,Tahap-4
01/24/2025,14,14,6,14:14:06,268,Tahap-4
01/24/2025,14,14,6,14:14:06,220,Tahap-4
01/24/2025,14,14,6,14:14:06,228,Tahap-4
01/24/2025,14,14,6,14:14:06,156,Tahap-4
01/24/2025,14,14,7,14:14:07,284,Tahap-4
01/24/2025,14,14,7,14:14:07,248,Tahap-4
01/24/2025,14,14,7,14:14:07,204,Tahap-4
01/24/2025,14,14,7,14:14:07,356,Tahap-4
01/24/2025,14,14,7,14:14:07,232,Tahap-4
01/24/2025,14,14,7,14:14:07,228,Tahap-4
01/24/2025,14,14,7,14:14:07,236,Tahap-4
01/24/2025,14,14,7,14:14:07,268,Tahap-4
01/24/2025,14,14,7,14:14:07,184,Tahap-4
01/24/2025,14,14,7,14:14:07,156,Tahap-4
01/24/2025,14,14,8,14:14:08,112,Tahap-4
01/24/2025,14,14,8,14:14:08,332,Tahap-4
01/24/2025,14,14,8,14:14:08,104,Tahap-4
01/24/2025,14,14,8,14:14:08,296,Tahap-4
01/24/2025,14,14,8,14:14:08,308,Tahap-4
01/24/2025,14,14,8,14:14:08,216,Tahap-4
01/24/2025,14,14,8,14:14:08,220,Tahap-4
01/24/2025,14,14,8,14:14:08,276,Tahap-4
01/24/2025,14,14,8,14:14:08,216,Tahap-4
01/24/2025,14,14,8,14:14:08,236,Tahap-4
01/24/2025,14,14,9,14:14:09,152,Tahap-4
01/24/2025,14,14,9,14:14:09,156,Tahap-4
01/24/2025,14,14,9,14:14:09,336,Tahap-4
01/24/2025,14,14,9,14:14:09,92,Tahap-4
01/24/2025,14,14,9,14:14:09,344,Tahap-4
01/24/2025,14,14,9,14:14:09,292,Tahap-4
01/24/2025,14,14,9,14:14:09,216,Tahap-4
01/24/2025,14,14,9,14:14:09,268,Tahap-4
01/24/2025,14,14,9,14:14:09,256,Tahap-4
01/24/2025,14,14,9,14:14:09,224,Tahap-4
01/24/2025,14,14,10,14:14:10,264,Tahap-4
01/24/2025,14,14,10,14:14:10,180,Tahap-4
01/24/2025,14,14,10,14:14:10,236,Tahap-4
01/24/2025,14,14,10,14:14:10,332,Tahap-4
01/24/2025,14,14,10,14:14:10,220,Tahap-4
01/24/2025,14,14,10,14:14:10,380,Tahap-4
01/24/2025,14,14,10,14:14:10,360,Tahap-4
01/24/2025,14,14,10,14:14:10,320,Tahap-4
01/24/2025,14,14,10,14:14:10,292,Tahap-4
01/24/2025,14,14,10,14:14:10,376,Tahap-4
01/24/2025,14,14,10,14:14:10,352,Tahap-4
01/24/2025,14,14,11,14:14:11,420,Tahap-4
01/24/2025,14,14,11,14:14:11,280,Tahap-4
01/24/2025,14,14,11,14:14:11,412,Tahap-4
01/24/2025,14,14,11,14:14:11,416,Tahap-4
01/24/2025,14,14,11,14:14:11,280,Tahap-4
01/24/2025,14,14,11,14:14:11,564,Tahap-4
01/24/2025,14,14,11,14:14:11,432,Tahap-4
01/24/2025,14,14,11,14:14:11,428,Tahap-4
01/24/2025,14,14,11,14:14:11,432,Tahap-4
01/24/2025,14,14,12,14:14:12,432,Tahap-4
01/24/2025,14,14,12,14:14:12,392,Tahap-4
01/24/2025,14,14,12,14:14:12,384,Tahap-4
01/24/2025,14,14,12,14:14:12,368,Tahap-4
01/24/2025,14,14,12,14:14:12,428,Tahap-4
01/24/2025,14,14,12,14:14:12,408,Tahap-4
01/24/2025,14,14,12,14:14:12,288,Tahap-4
01/24/2025,14,14,12,14:14:12,500,Tahap-4
01/24/2025,14,14,12,14:14:12,388,Tahap-4
01/24/2025,14,14,12,14:14:12,320,Tahap-4
01/24/2025,14,14,12,14:14:12,312,Tahap-4
01/24/2025,14,14,13,14:14:13,316,Tahap-4
01/24/2025,14,14,13,14:14:13,260,Tahap-4
01/24/2025,14,14,13,14:14:13,248,Tahap-4
01/24/2025,14,14,13,14:14:13,156,Tahap-4
01/24/2025,14,14,13,14:14:13,388,Tahap-4
01/24/2025,14,14,13,14:14:13,144,Tahap-4
01/24/2025,14,14,13,14:14:13,252,Tahap-4
01/24/2025,14,14,13,14:14:13,328,Tahap-4
01/24/2025,14,14,13,14:14:13,232,Tahap-4
01/24/2025,14,14,13,14:14:13,272,Tahap-4
01/24/2025,14,14,14,14:14:14,192,Tahap-4
01/24/2025,14,14,14,14:14:14,208,Tahap-4
01/24/2025,14,14,14,14:14:14,76,Tahap-4
01/24/2025,14,14,14,14:14:14,212,Tahap-4
01/24/2025,14,14,14,14:14:14,56,Tahap-4
01/24/2025,14,14,14,14:14:14,316,Tahap-4
01/24/2025,14,14,14,14:14:14,104,Tahap-4
01/24/2025,14,14,14,14:14:14,144,Tahap-4
01/24/2025,14,14,14,14:14:14,276,Tahap-4
01/24/2025,14,14,14,14:14:14,104,Tahap-4
01/24/2025,14,14,39,14:14:39,3066,Tahap-4
01/24/2025,14,14,39,14:14:39,898,Tahap-4
01/24/2025,14,14,39,14:14:39,317,Tahap-4
01/24/2025,14,14,39,14:14:39,301,Tahap-4
01/24/2025,14,14,39,14:14:39,210,Tahap-4
01/24/2025,14,14,39,14:14:39,545,Tahap-4
01/24/2025,14,14,40,14:14:40,608,Tahap-4
01/24/2025,14,14,40,14:14:40,319,Tahap-4
01/24/2025,14,14,40,14:14:40,369,Tahap-4
01/24/2025,14,14,40,14:14:40,175,Tahap-4
01/24/2025,14,14,40,14:14:40,88,Tahap-4
01/24/2025,14,14,40,14:14:40,75,Tahap-4
01/24/2025,14,14,40,14:14:40,211,Tahap-4
01/24/2025,14,14,40,14:14:40,161,Tahap-4
01/24/2025,14,14,40,14:14:40,74,Tahap-4
01/24/2025,14,14,40,14:14:40,92,Tahap-4
01/24/2025,14,14,41,14:14:41,62,Tahap-4
01/24/2025,14,14,41,14:14:41,81,Tahap-4
01/24/2025,14,14,41,14:14:41,114,Tahap-4
01/24/2025,14,14,41,14:14:41,35,Tahap-4
01/24/2025,14,14,41,14:14:41,120,Tahap-4
01/24/2025,14,14,41,14:14:41,302,Tahap-4
01/24/2025,14,14,41,14:14:41,426,Tahap-4
01/24/2025,14,14,41,14:14:41,629,Tahap-4
01/24/2025,14,14,41,14:14:41,103,Tahap-4
01/24/2025,14,14,41,14:14:41,134,Tahap-4
01/24/2025,14,14,42,14:14:42,268,Tahap-4
01/24/2025,14,14,42,14:14:42,86,Tahap-4
01/24/2025,14,14,42,14:14:42,178,Tahap-4
01/24/2025,14,14,42,14:14:42,129,Tahap-4
01/24/2025,14,14,42,14:14:42,188,Tahap-4
01/24/2025,14,14,42,14:14:42,95,Tahap-4
01/24/2025,14,14,42,14:14:42,83,Tahap-4
01/24/2025,14,14,42,14:14:42,152,Tahap-4
01/24/2025,14,14,42,14:14:42,107,Tahap-4
01/24/2025,14,14,42,14:14:42,178,Tahap-4
01/24/2025,14,14,43,14:14:43,136,Tahap-4
01/24/2025,14,14,43,14:14:43,69,Tahap-4
01/24/2025,14,14,43,14:14:43,39,Tahap-4
01/24/2025,14,14,43,14:14:43,125,Tahap-4
01/24/2025,14,14,43,14:14:43,68,Tahap-4
01/24/2025,14,14,43,14:14:43,132,Tahap-4
01/24/2025,14,14,43,14:14:43,153,Tahap-4
01/24/2025,14,14,43,14:14:43,465,Tahap-4
01/24/2025,14,14,43,14:14:43,408,Tahap-4
01/24/2025,14,14,43,14:14:43,369,Tahap-4
01/24/2025,14,14,44,14:14:44,236,Tahap-4
01/24/2025,14,14,44,14:14:44,88,Tahap-4
01/24/2025,14,14,44,14:14:44,264,Tahap-4
01/24/2025,14,14,44,14:14:44,133,Tahap-4
01/24/2025,14,14,44,14:14:44,56,Tahap-4
01/24/2025,14,14,44,14:14:44,78,Tahap-4
01/24/2025,14,14,44,14:14:44,139,Tahap-4
01/24/2025,14,14,44,14:14:44,256,Tahap-4
01/24/2025,14,14,44,14:14:44,234,Tahap-4
01/24/2025,14,14,44,14:14:44,161,Tahap-4
01/24/2025,14,14,45,14:14:45,156,Tahap-4
01/24/2025,14,14,45,14:14:45,62,Tahap-4
01/24/2025,14,14,45,14:14:45,60,Tahap-4
01/24/2025,14,14,45,14:14:45,167,Tahap-4
01/24/2025,14,14,45,14:14:45,91,Tahap-4
01/24/2025,14,14,45,14:14:45,112,Tahap-4
01/24/2025,14,14,45,14:14:45,223,Tahap-4
01/24/2025,14,14,45,14:14:45,104,Tahap-4
01/24/2025,14,14,45,14:14:45,502,Tahap-4
01/24/2025,14,14,45,14:14:45,162,Tahap-4
01/24/2025,14,14,46,14:14:46,276,Tahap-4
01/24/2025,14,14,46,14:14:46,647,Tahap-4
01/24/2025,14,14,46,14:14:46,726,Tahap-4
01/24/2025,14,14,46,14:14:46,733,Tahap-4
01/24/2025,14,14,46,14:14:46,337,Tahap-4
01/24/2025,14,14,46,14:14:46,933,Tahap-4
01/24/2025,14,14,46,14:14:46,131,Tahap-4
01/24/2025,14,14,46,14:14:46,247,Tahap-4
01/24/2025,14,14,46,14:14:46,226,Tahap-4
01/24/2025,14,14,46,14:14:46,99,Tahap-4
01/24/2025,14,14,47,14:14:47,143,Tahap-4
01/24/2025,14,14,47,14:14:47,228,Tahap-4
01/24/2025,14,14,47,14:14:47,65,Tahap-4
01/24/2025,14,14,47,14:14:47,44,Tahap-4
01/24/2025,14,14,47,14:14:47,67,Tahap-4
01/24/2025,14,14,47,14:14:47,125,Tahap-4
01/24/2025,14,14,47,14:14:47,145,Tahap-4
01/24/2025,14,14,47,14:14:47,363,Tahap-4
01/24/2025,14,14,47,14:14:47,31,Tahap-4
01/24/2025,14,14,47,14:14:47,112,Tahap-4
01/24/2025,14,14,48,14:14:48,345,Tahap-4
01/24/2025,14,14,48,14:14:48,112,Tahap-4
01/24/2025,14,14,48,14:14:48,305,Tahap-4
01/24/2025,14,14,48,14:14:48,435,Tahap-4
01/24/2025,14,14,48,14:14:48,190,Tahap-4
01/24/2025,14,14,48,14:14:48,86,Tahap-4
01/24/2025,14,14,48,14:14:48,409,Tahap-4
01/24/2025,14,14,48,14:14:48,618,Tahap-4
01/24/2025,14,14,48,14:14:48,1752,Tahap-4
01/24/2025,14,14,48,14:14:48,962,Tahap-4
01/24/2025,14,14,49,14:14:49,242,Tahap-4
01/24/2025,14,14,49,14:14:49,492,Tahap-4
01/24/2025,14,14,49,14:14:49,137,Tahap-4
01/24/2025,14,14,49,14:14:49,29,Tahap-4
01/24/2025,14,14,49,14:14:49,355,Tahap-4
01/24/2025,14,14,49,14:14:49,384,Tahap-4
01/24/2025,14,14,49,14:14:49,81,Tahap-4
01/24/2025,14,14,49,14:14:49,170,Tahap-4
01/24/2025,14,14,49,14:14:49,130,Tahap-4
01/24/2025,14,14,49,14:14:49,142,Tahap-4
01/24/2025,14,14,50,14:14:50,238,Tahap-4
01/24/2025,14,14,50,14:14:50,97,Tahap-4
01/24/2025,14,14,50,14:14:50,465,Tahap-4
01/24/2025,14,14,50,14:14:50,192,Tahap-4
01/24/2025,14,14,50,14:14:50,454,Tahap-4
01/24/2025,14,14,50,14:14:50,782,Tahap-4
01/24/2025,14,14,50,14:14:50,661,Tahap-4
01/24/2025,14,14,50,14:14:50,608,Tahap-4
01/24/2025,14,14,50,14:14:50,411,Tahap-4
01/24/2025,14,14,50,14:14:50,511,Tahap-4
01/24/2025,14,14,51,14:14:51,84,Tahap-4
01/24/2025,14,14,51,14:14:51,271,Tahap-4
01/24/2025,14,14,51,14:14:51,720,Tahap-4
01/24/2025,14,14,51,14:14:51,409,Tahap-4
01/24/2025,14,14,51,14:14:51,474,Tahap-4
01/24/2025,14,14,51,14:14:51,200,Tahap-4
01/24/2025,14,14,51,14:14:51,183,Tahap-4
01/24/2025,14,14,51,14:14:51,220,Tahap-4
01/24/2025,14,14,51,14:14:51,99,Tahap-4
01/24/2025,14,14,51,14:14:51,73,Tahap-4
01/24/2025,14,14,52,14:14:52,221,Tahap-4
01/24/2025,14,14,52,14:14:52,-24,Tahap-4
01/24/2025,14,14,52,14:14:52,-120,Tahap-4
01/24/2025,14,14,52,14:14:52,28,Tahap-4
01/24/2025,14,14,52,14:14:52,-68,Tahap-4
01/24/2025,14,14,52,14:14:52,-28,Tahap-4
01/24/2025,14,14,52,14:14:52,-132,Tahap-4
01/24/2025,14,14,52,14:14:52,-204,Tahap-4
01/24/2025,14,14,52,14:14:52,208,Tahap-4
01/24/2025,14,14,52,14:14:52,-160,Tahap-4
01/24/2025,14,14,53,14:14:53,12,Tahap-4
01/24/2025,14,14,53,14:14:53,-36,Tahap-4
01/24/2025,14,14,53,14:14:53,-140,Tahap-4
01/24/2025,14,14,53,14:14:53,-40,Tahap-4
01/24/2025,14,14,53,14:14:53,-88,Tahap-4
01/24/2025,14,14,53,14:14:53,-80,Tahap-4
01/24/2025,14,14,53,14:14:53,-72,Tahap-4
01/24/2025,14,14,53,14:14:53,-216,Tahap-4
01/24/2025,14,14,53,14:14:53,-172,Tahap-4
01/24/2025,14,14,53,14:14:53,-24,Tahap-4
01/24/2025,14,14,54,14:14:54,-172,Tahap-4
01/24/2025,14,14,54,14:14:54,-44,Tahap-4
01/24/2025,14,14,54,14:14:54,-60,Tahap-4
01/24/2025,14,14,54,14:14:54,-144,Tahap-4
01/24/2025,14,14,54,14:14:54,-60,Tahap-4
01/24/2025,14,14,54,14:14:54,-124,Tahap-4
01/24/2025,14,14,54,14:14:54,-184,Tahap-4
01/24/2025,14,14,54,14:14:54,-56,Tahap-4
01/24/2025,14,14,54,14:14:54,-244,Tahap-4
01/24/2025,14,14,54,14:14:54,-92,Tahap-4
01/24/2025,14,14,55,14:14:55,-108,Tahap-4
01/24/2025,14,14,55,14:14:55,-180,Tahap-4
01/24/2025,14,14,55,14:14:55,80,Tahap-4
01/24/2025,14,14,55,14:14:55,-40,Tahap-4
01/24/2025,14,14,55,14:14:55,-128,Tahap-4
01/24/2025,14,14,55,14:14:55,-84,Tahap-4
01/24/2025,14,14,55,14:14:55,-64,Tahap-4
01/24/2025,14,14,55,14:14:55,-168,Tahap-4
01/24/2025,14,14,55,14:14:55,-144,Tahap-4
01/24/2025,14,14,55,14:14:55,-208,Tahap-4
01/24/2025,14,14,56,14:14:56,-84,Tahap-4
01/24/2025,14,14,56,14:14:56,-116,Tahap-4
01/24/2025,14,14,56,14:14:56,-196,Tahap-4
01/24/2025,14,14,56,14:14:56,-8,Tahap-4
01/24/2025,14,14,56,14:14:56,-20,Tahap-4
01/24/2025,14,14,56,14:14:56,-120,Tahap-4
01/24/2025,14,14,56,14:14:56,-120,Tahap-4
01/24/2025,14,14,56,14:14:56,-56,Tahap-4
01/24/2025,14,14,56,14:14:56,-144,Tahap-4
01/24/2025,14,14,56,14:14:56,-164,Tahap-4
01/24/2025,14,14,57,14:14:57,-164,Tahap-4
01/24/2025,14,14,57,14:14:57,12,Tahap-4
01/24/2025,14,14,57,14:14:57,-224,Tahap-4
01/24/2025,14,14,57,14:14:57,-148,Tahap-4
01/24/2025,14,14,57,14:14:57,-32,Tahap-4
01/24/2025,14,14,57,14:14:57,-104,Tahap-4
01/24/2025,14,14,57,14:14:57,-60,Tahap-4
01/24/2025,14,14,57,14:14:57,-120,Tahap-4
01/24/2025,14,14,57,14:14:57,-104,Tahap-4
01/24/2025,14,14,57,14:14:57,-120,Tahap-4
01/24/2025,14,14,58,14:14:58,-144,Tahap-4
01/24/2025,14,14,58,14:14:58,-184,Tahap-4
01/24/2025,14,14,58,14:14:58,16,Tahap-4
01/24/2025,14,14,58,14:14:58,-232,Tahap-4
01/24/2025,14,14,58,14:14:58,-80,Tahap-4
01/24/2025,14,14,58,14:14:58,-48,Tahap-4
01/24/2025,14,14,58,14:14:58,-164,Tahap-4
01/24/2025,14,14,58,14:14:58,-36,Tahap-4
01/24/2025,14,14,58,14:14:58,-68,Tahap-4
01/24/2025,14,14,58,14:14:58,-128,Tahap-4
01/24/2025,14,14,59,14:14:59,-156,Tahap-4
01/24/2025,14,14,59,14:14:59,-152,Tahap-4
01/24/2025,14,14,59,14:14:59,-112,Tahap-4
01/24/2025,14,14,59,14:14:59,-8,Tahap-4
01/24/2025,14,14,59,14:14:59,-164,Tahap-4
01/24/2025,14,14,59,14:14:59,-44,Tahap-4
01/24/2025,14,14,59,14:14:59,-8,Tahap-4
01/24/2025,14,14,59,14:14:59,-128,Tahap-4
01/24/2025,14,14,59,14:14:59,-44,Tahap-4
01/24/2025,14,14,59,14:14:59,-56,Tahap-4
01/24/2025,14,15,1,14:15:01,92,Tahap-4
01/24/2025,14,15,1,14:15:01,72,Tahap-4
01/24/2025,14,15,1,14:15:01,88,Tahap-4
01/24/2025,14,15,1,14:15:01,-16,Tahap-4
01/24/2025,14,15,1,14:15:01,168,Tahap-4
01/24/2025,14,15,1,14:15:01,24,Tahap-4
01/24/2025,14,15,1,14:15:01,84,Tahap-4
01/24/2025,14,15,1,14:15:01,192,Tahap-4
01/24/2025,14,15,1,14:15:01,8,Tahap-4
01/24/2025,14,15,1,14:15:01,20,Tahap-4
01/24/2025,14,15,2,14:15:02,40,Tahap-4
01/24/2025,14,15,2,14:15:02,-4,Tahap-4
01/24/2025,14,15,2,14:15:02,76,Tahap-4
01/24/2025,14,15,2,14:15:02,-44,Tahap-4
01/24/2025,14,15,2,14:15:02,-40,Tahap-4
01/24/2025,14,15,2,14:15:02,128,Tahap-4
01/24/2025,14,15,2,14:15:02,-136,Tahap-4
01/24/2025,14,15,2,14:15:02,76,Tahap-4
01/24/2025,14,15,2,14:15:02,56,Tahap-4
01/24/2025,14,15,3,14:15:03,-40,Tahap-4
01/24/2025,14,15,3,14:15:03,56,Tahap-4
01/24/2025,14,15,3,14:15:03,-68,Tahap-4
01/24/2025,14,15,3,14:15:03,76,Tahap-4
01/24/2025,14,15,3,14:15:03,-64,Tahap-4
01/24/2025,14,15,3,14:15:03,68,Tahap-4
01/24/2025,14,15,3,14:15:03,4,Tahap-4
01/24/2025,14,15,3,14:15:03,-72,Tahap-4
01/24/2025,14,15,3,14:15:03,128,Tahap-4
01/24/2025,14,15,3,14:15:03,92,Tahap-4
01/24/2025,14,15,4,14:15:04,84,Tahap-4
01/24/2025,14,15,4,14:15:04,92,Tahap-4
01/24/2025,14,15,4,14:15:04,52,Tahap-4
01/24/2025,14,15,4,14:15:04,52,Tahap-4
01/24/2025,14,15,4,14:15:04,108,Tahap-4
01/24/2025,14,15,4,14:15:04,-20,Tahap-4
01/24/2025,14,15,4,14:15:04,244,Tahap-4
01/24/2025,14,15,4,14:15:04,-60,Tahap-4
01/24/2025,14,15,4,14:15:04,76,Tahap-4
01/24/2025,14,15,4,14:15:04,180,Tahap-4
01/24/2025,14,15,29,14:15:29,2746,Tahap-4
01/24/2025,14,15,29,14:15:29,1304,Tahap-4
01/24/2025,14,15,29,14:15:29,1133,Tahap-4
01/24/2025,14,15,29,14:15:29,704,Tahap-4
01/24/2025,14,15,29,14:15:29,564,Tahap-4
01/24/2025,14,15,29,14:15:29,667,Tahap-4
01/24/2025,14,15,29,14:15:29,416,Tahap-4
01/24/2025,14,15,30,14:15:30,623,Tahap-4
01/24/2025,14,15,30,14:15:30,251,Tahap-4
01/24/2025,14,15,30,14:15:30,17,Tahap-4
01/24/2025,14,15,30,14:15:30,284,Tahap-4
01/24/2025,14,15,30,14:15:30,91,Tahap-4
01/24/2025,14,15,30,14:15:30,177,Tahap-4
01/24/2025,14,15,30,14:15:30,123,Tahap-4
01/24/2025,14,15,30,14:15:30,55,Tahap-4
01/24/2025,14,15,30,14:15:30,277,Tahap-4
01/24/2025,14,15,30,14:15:30,145,Tahap-4
01/24/2025,14,15,31,14:15:31,52,Tahap-4
01/24/2025,14,15,31,14:15:31,226,Tahap-4
01/24/2025,14,15,31,14:15:31,135,Tahap-4
01/24/2025,14,15,31,14:15:31,206,Tahap-4
01/24/2025,14,15,31,14:15:31,109,Tahap-4
01/24/2025,14,15,31,14:15:31,467,Tahap-4
01/24/2025,14,15,31,14:15:31,285,Tahap-4
01/24/2025,14,15,31,14:15:31,183,Tahap-4
01/24/2025,14,15,31,14:15:31,136,Tahap-4
01/24/2025,14,15,31,14:15:31,55,Tahap-4
01/24/2025,14,15,32,14:15:32,174,Tahap-4
01/24/2025,14,15,32,14:15:32,93,Tahap-4
01/24/2025,14,15,32,14:15:32,275,Tahap-4
01/24/2025,14,15,32,14:15:32,109,Tahap-4
01/24/2025,14,15,32,14:15:32,101,Tahap-4
01/24/2025,14,15,32,14:15:32,68,Tahap-4
01/24/2025,14,15,32,14:15:32,68,Tahap-4
01/24/2025,14,15,32,14:15:32,149,Tahap-4
01/24/2025,14,15,32,14:15:32,141,Tahap-4
01/24/2025,14,15,33,14:15:33,155,Tahap-4
01/24/2025,14,15,33,14:15:33,135,Tahap-4
01/24/2025,14,15,33,14:15:33,141,Tahap-4
01/24/2025,14,15,33,14:15:33,97,Tahap-4
01/24/2025,14,15,33,14:15:33,151,Tahap-4
01/24/2025,14,15,33,14:15:33,82,Tahap-4
01/24/2025,14,15,33,14:15:33,171,Tahap-4
01/24/2025,14,15,33,14:15:33,216,Tahap-4
01/24/2025,14,15,33,14:15:33,582,Tahap-4
01/24/2025,14,15,33,14:15:33,218,Tahap-4
01/24/2025,14,15,33,14:15:33,528,Tahap-4
01/24/2025,14,15,34,14:15:34,183,Tahap-4
01/24/2025,14,15,34,14:15:34,175,Tahap-4
01/24/2025,14,15,34,14:15:34,104,Tahap-4
01/24/2025,14,15,34,14:15:34,139,Tahap-4
01/24/2025,14,15,34,14:15:34,132,Tahap-4
01/24/2025,14,15,34,14:15:34,96,Tahap-4
01/24/2025,14,15,34,14:15:34,33,Tahap-4
01/24/2025,14,15,34,14:15:34,187,Tahap-4
01/24/2025,14,15,34,14:15:34,110,Tahap-4
01/24/2025,14,15,34,14:15:34,159,Tahap-4
01/24/2025,14,15,35,14:15:35,149,Tahap-4
01/24/2025,14,15,35,14:15:35,236,Tahap-4
01/24/2025,14,15,35,14:15:35,127,Tahap-4
01/24/2025,14,15,35,14:15:35,97,Tahap-4
01/24/2025,14,15,35,14:15:35,90,Tahap-4
01/24/2025,14,15,35,14:15:35,233,Tahap-4
01/24/2025,14,15,35,14:15:35,236,Tahap-4
01/24/2025,14,15,35,14:15:35,249,Tahap-4
01/24/2025,14,15,35,14:15:35,120,Tahap-4
01/24/2025,14,15,35,14:15:35,150,Tahap-4
01/24/2025,14,15,36,14:15:36,164,Tahap-4
01/24/2025,14,15,36,14:15:36,226,Tahap-4
01/24/2025,14,15,36,14:15:36,342,Tahap-4
01/24/2025,14,15,36,14:15:36,978,Tahap-4
01/24/2025,14,15,36,14:15:36,545,Tahap-4
01/24/2025,14,15,36,14:15:36,227,Tahap-4
01/24/2025,14,15,36,14:15:36,187,Tahap-4
01/24/2025,14,15,36,14:15:36,157,Tahap-4
01/24/2025,14,15,36,14:15:36,53,Tahap-4
01/24/2025,14,15,36,14:15:36,101,Tahap-4
01/24/2025,14,15,37,14:15:37,185,Tahap-4
01/24/2025,14,15,37,14:15:37,145,Tahap-4
01/24/2025,14,15,37,14:15:37,65,Tahap-4
01/24/2025,14,15,37,14:15:37,171,Tahap-4
01/24/2025,14,15,37,14:15:37,206,Tahap-4
01/24/2025,14,15,37,14:15:37,27,Tahap-4
01/24/2025,14,15,37,14:15:37,58,Tahap-4
01/24/2025,14,15,37,14:15:37,150,Tahap-4
01/24/2025,14,15,37,14:15:37,307,Tahap-4
01/24/2025,14,15,37,14:15:37,61,Tahap-4
01/24/2025,14,15,38,14:15:38,195,Tahap-4
01/24/2025,14,15,38,14:15:38,337,Tahap-4
01/24/2025,14,15,38,14:15:38,219,Tahap-4
01/24/2025,14,15,38,14:15:38,206,Tahap-4
01/24/2025,14,15,38,14:15:38,390,Tahap-4
01/24/2025,14,15,38,14:15:38,679,Tahap-4
01/24/2025,14,15,38,14:15:38,349,Tahap-4
01/24/2025,14,15,38,14:15:38,942,Tahap-4
01/24/2025,14,15,38,14:15:38,1266,Tahap-4
01/24/2025,14,15,38,14:15:38,571,Tahap-4
01/24/2025,14,15,39,14:15:39,383,Tahap-4
01/24/2025,14,15,39,14:15:39,131,Tahap-4
01/24/2025,14,15,39,14:15:39,76,Tahap-4
01/24/2025,14,15,39,14:15:39,90,Tahap-4
01/24/2025,14,15,39,14:15:39,391,Tahap-4
01/24/2025,14,15,39,14:15:39,171,Tahap-4
01/24/2025,14,15,39,14:15:39,69,Tahap-4
01/24/2025,14,15,39,14:15:39,96,Tahap-4
01/24/2025,14,15,39,14:15:39,182,Tahap-4
01/24/2025,14,15,39,14:15:39,134,Tahap-4
01/24/2025,14,15,40,14:15:40,227,Tahap-4
01/24/2025,14,15,40,14:15:40,384,Tahap-4
01/24/2025,14,15,40,14:15:40,335,Tahap-4
01/24/2025,14,15,40,14:15:40,354,Tahap-4
01/24/2025,14,15,40,14:15:40,252,Tahap-4
01/24/2025,14,15,40,14:15:40,384,Tahap-4
01/24/2025,14,15,40,14:15:40,162,Tahap-4
01/24/2025,14,15,40,14:15:40,270,Tahap-4
01/24/2025,14,15,40,14:15:40,230,Tahap-4
01/24/2025,14,15,40,14:15:40,297,Tahap-4
01/24/2025,14,15,41,14:15:41,479,Tahap-4
01/24/2025,14,15,41,14:15:41,326,Tahap-4
01/24/2025,14,15,41,14:15:41,571,Tahap-4
01/24/2025,14,15,41,14:15:41,136,Tahap-4
01/24/2025,14,15,41,14:15:41,61,Tahap-4
01/24/2025,14,15,41,14:15:41,268,Tahap-4
01/24/2025,14,15,41,14:15:41,263,Tahap-4
01/24/2025,14,15,41,14:15:41,221,Tahap-4
01/24/2025,14,15,41,14:15:41,71,Tahap-4
01/24/2025,14,15,41,14:15:41,96,Tahap-4
01/24/2025,14,15,42,14:15:42,-76,Tahap-4
01/24/2025,14,15,42,14:15:42,-188,Tahap-4
01/24/2025,14,15,42,14:15:42,-136,Tahap-4
01/24/2025,14,15,42,14:15:42,-92,Tahap-4
01/24/2025,14,15,42,14:15:42,-92,Tahap-4
01/24/2025,14,15,42,14:15:42,-72,Tahap-4
01/24/2025,14,15,42,14:15:42,-184,Tahap-4
01/24/2025,14,15,42,14:15:42,-28,Tahap-4
01/24/2025,14,15,42,14:15:42,-152,Tahap-4
01/24/2025,14,15,42,14:15:42,-156,Tahap-4
01/24/2025,14,15,43,14:15:43,-56,Tahap-4
01/24/2025,14,15,43,14:15:43,-200,Tahap-4
01/24/2025,14,15,43,14:15:43,-56,Tahap-4
01/24/2025,14,15,43,14:15:43,-168,Tahap-4
01/24/2025,14,15,43,14:15:43,-32,Tahap-4
01/24/2025,14,15,43,14:15:43,-132,Tahap-4
01/24/2025,14,15,43,14:15:43,-68,Tahap-4
01/24/2025,14,15,43,14:15:43,32,Tahap-4
01/24/2025,14,15,43,14:15:43,-164,Tahap-4
01/24/2025,14,15,44,14:15:44,8,Tahap-4
01/24/2025,14,15,44,14:15:44,20,Tahap-4
01/24/2025,14,15,44,14:15:44,-8,Tahap-4
01/24/2025,14,15,44,14:15:44,-88,Tahap-4
01/24/2025,14,15,44,14:15:44,-52,Tahap-4
01/24/2025,14,15,44,14:15:44,-136,Tahap-4
01/24/2025,14,15,44,14:15:44,24,Tahap-4
01/24/2025,14,15,44,14:15:44,-128,Tahap-4
01/24/2025,14,15,44,14:15:44,-40,Tahap-4
01/24/2025,14,15,44,14:15:44,40,Tahap-4
01/24/2025,14,15,45,14:15:45,-184,Tahap-4
01/24/2025,14,15,45,14:15:45,28,Tahap-4
01/24/2025,14,15,45,14:15:45,-44,Tahap-4
01/24/2025,14,15,45,14:15:45,-80,Tahap-4
01/24/2025,14,15,45,14:15:45,-32,Tahap-4
01/24/2025,14,15,45,14:15:45,-140,Tahap-4
01/24/2025,14,15,45,14:15:45,-104,Tahap-4
01/24/2025,14,15,45,14:15:45,-64,Tahap-4
01/24/2025,14,15,45,14:15:45,-164,Tahap-4
01/24/2025,14,15,45,14:15:45,-128,Tahap-4
01/24/2025,14,15,46,14:15:46,-100,Tahap-4
01/24/2025,14,15,46,14:15:46,-240,Tahap-4
01/24/2025,14,15,46,14:15:46,-56,Tahap-4
01/24/2025,14,15,46,14:15:46,-96,Tahap-4
01/24/2025,14,15,46,14:15:46,-156,Tahap-4
01/24/2025,14,15,46,14:15:46,-52,Tahap-4
01/24/2025,14,15,46,14:15:46,-168,Tahap-4
01/24/2025,14,15,46,14:15:46,-140,Tahap-4
01/24/2025,14,15,46,14:15:46,-132,Tahap-4
01/24/2025,14,15,46,14:15:46,-132,Tahap-4
01/24/2025,14,15,47,14:15:47,4,Tahap-4
01/24/2025,14,15,47,14:15:47,-104,Tahap-4
01/24/2025,14,15,47,14:15:47,-84,Tahap-4
01/24/2025,14,15,47,14:15:47,4,Tahap-4
01/24/2025,14,15,47,14:15:47,-52,Tahap-4
01/24/2025,14,15,47,14:15:47,-92,Tahap-4
01/24/2025,14,15,47,14:15:47,-100,Tahap-4
01/24/2025,14,15,47,14:15:47,-36,Tahap-4
01/24/2025,14,15,47,14:15:47,-128,Tahap-4
01/24/2025,14,15,48,14:15:48,-76,Tahap-4
01/24/2025,14,15,48,14:15:48,80,Tahap-4
01/24/2025,14,15,48,14:15:48,-172,Tahap-4
01/24/2025,14,15,48,14:15:48,60,Tahap-4
01/24/2025,14,15,48,14:15:48,84,Tahap-4
01/24/2025,14,15,48,14:15:48,-48,Tahap-4
01/24/2025,14,15,48,14:15:48,-4,Tahap-4
01/24/2025,14,15,48,14:15:48,-36,Tahap-4
01/24/2025,14,15,48,14:15:48,-152,Tahap-4
01/24/2025,14,15,48,14:15:48,80,Tahap-4
01/24/2025,14,15,49,14:15:49,-240,Tahap-4
01/24/2025,14,15,49,14:15:49,-4,Tahap-4
01/24/2025,14,15,49,14:15:49,-48,Tahap-4
01/24/2025,14,15,49,14:15:49,-96,Tahap-4
01/24/2025,14,15,49,14:15:49,-84,Tahap-4
01/24/2025,14,15,49,14:15:49,64,Tahap-4
01/24/2025,14,15,49,14:15:49,-112,Tahap-4
01/24/2025,14,15,49,14:15:49,-40,Tahap-4
01/24/2025,14,15,49,14:15:49,-112,Tahap-4
01/24/2025,14,15,49,14:15:49,-40,Tahap-4
01/24/2025,14,15,50,14:15:50,124,Tahap-4
01/24/2025,14,15,50,14:15:50,-136,Tahap-4
01/24/2025,14,15,50,14:15:50,-52,Tahap-4
01/24/2025,14,15,50,14:15:50,-88,Tahap-4
01/24/2025,14,15,50,14:15:50,-104,Tahap-4
01/24/2025,14,15,50,14:15:50,-12,Tahap-4
01/24/2025,14,15,50,14:15:50,16,Tahap-4
01/24/2025,14,15,50,14:15:50,16,Tahap-4
01/24/2025,14,15,50,14:15:50,-44,Tahap-4
01/24/2025,14,15,50,14:15:50,-120,Tahap-4
01/24/2025,14,15,51,14:15:51,-4,Tahap-4
01/24/2025,14,15,51,14:15:51,56,Tahap-4
01/24/2025,14,15,51,14:15:51,-108,Tahap-4
01/24/2025,14,15,51,14:15:51,4,Tahap-4
01/24/2025,14,15,51,14:15:51,-48,Tahap-4
01/24/2025,14,15,51,14:15:51,96,Tahap-4
01/24/2025,14,15,51,14:15:51,96,Tahap-4
01/24/2025,14,15,51,14:15:51,32,Tahap-4
01/24/2025,14,15,51,14:15:51,24,Tahap-4
01/24/2025,14,15,52,14:15:52,-112,Tahap-4
01/24/2025,14,15,52,14:15:52,108,Tahap-4
01/24/2025,14,15,52,14:15:52,-4,Tahap-4
01/24/2025,14,15,52,14:15:52,8,Tahap-4
01/24/2025,14,15,52,14:15:52,92,Tahap-4
01/24/2025,14,15,52,14:15:52,8,Tahap-4
01/24/2025,14,15,52,14:15:52,-4,Tahap-4
01/24/2025,14,15,52,14:15:52,92,Tahap-4
01/24/2025,14,15,52,14:15:52,76,Tahap-4
01/24/2025,14,15,52,14:15:52,52,Tahap-4
01/24/2025,14,15,53,14:15:53,-20,Tahap-4
01/24/2025,14,15,53,14:15:53,-84,Tahap-4
01/24/2025,14,15,53,14:15:53,100,Tahap-4
01/24/2025,14,15,53,14:15:53,8,Tahap-4
01/24/2025,14,15,53,14:15:53,-52,Tahap-4
01/24/2025,14,15,53,14:15:53,144,Tahap-4
01/24/2025,14,15,53,14:15:53,12,Tahap-4
01/24/2025,14,15,53,14:15:53,56,Tahap-4
01/24/2025,14,15,53,14:15:53,40,Tahap-4
01/24/2025,14,15,53,14:15:53,40,Tahap-4
01/24/2025,14,15,54,14:15:54,44,Tahap-4
01/24/2025,14,15,54,14:15:54,-32,Tahap-4
01/24/2025,14,15,54,14:15:54,-48,Tahap-4
01/24/2025,14,15,54,14:15:54,124,Tahap-4
01/24/2025,14,15,54,14:15:54,16,Tahap-4
01/24/2025,14,15,54,14:15:54,28,Tahap-4
01/24/2025,14,15,54,14:15:54,100,Tahap-4
01/24/2025,14,15,54,14:15:54,-16,Tahap-4
01/24/2025,14,15,54,14:15:54,-28,Tahap-4
01/24/2025,14,16,19,14:16:19,7995,Tahap-4
01/24/2025,14,16,19,14:16:19,1770,Tahap-4
01/24/2025,14,16,19,14:16:19,905,Tahap-4
01/24/2025,14,16,19,14:16:19,386,Tahap-4
01/24/2025,14,16,19,14:16:19,1490,Tahap-4
01/24/2025,14,16,19,14:16:19,1099,Tahap-4
01/24/2025,14,16,19,14:16:19,60,Tahap-4
01/24/2025,14,16,20,14:16:20,249,Tahap-4
01/24/2025,14,16,20,14:16:20,354,Tahap-4
01/24/2025,14,16,20,14:16:20,536,Tahap-4
01/24/2025,14,16,20,14:16:20,435,Tahap-4
01/24/2025,14,16,20,14:16:20,425,Tahap-4
01/24/2025,14,16,20,14:16:20,508,Tahap-4
01/24/2025,14,16,20,14:16:20,339,Tahap-4
01/24/2025,14,16,20,14:16:20,159,Tahap-4
01/24/2025,14,16,20,14:16:20,111,Tahap-4
01/24/2025,14,16,20,14:16:20,64,Tahap-4
01/24/2025,14,16,21,14:16:21,85,Tahap-4
01/24/2025,14,16,21,14:16:21,181,Tahap-4
01/24/2025,14,16,21,14:16:21,195,Tahap-4
01/24/2025,14,16,21,14:16:21,195,Tahap-4
01/24/2025,14,16,21,14:16:21,504,Tahap-4
01/24/2025,14,16,21,14:16:21,332,Tahap-4
01/24/2025,14,16,21,14:16:21,522,Tahap-4
01/24/2025,14,16,21,14:16:21,221,Tahap-4
01/24/2025,14,16,21,14:16:21,160,Tahap-4
01/24/2025,14,16,21,14:16:21,158,Tahap-4
01/24/2025,14,16,22,14:16:22,86,Tahap-4
01/24/2025,14,16,22,14:16:22,52,Tahap-4
01/24/2025,14,16,22,14:16:22,236,Tahap-4
01/24/2025,14,16,22,14:16:22,232,Tahap-4
01/24/2025,14,16,22,14:16:22,89,Tahap-4
01/24/2025,14,16,22,14:16:22,126,Tahap-4
01/24/2025,14,16,22,14:16:22,51,Tahap-4
01/24/2025,14,16,22,14:16:22,167,Tahap-4
01/24/2025,14,16,22,14:16:22,259,Tahap-4
01/24/2025,14,16,22,14:16:22,80,Tahap-4
01/24/2025,14,16,23,14:16:23,119,Tahap-4
01/24/2025,14,16,23,14:16:23,183,Tahap-4
01/24/2025,14,16,23,14:16:23,106,Tahap-4
01/24/2025,14,16,23,14:16:23,173,Tahap-4
01/24/2025,14,16,23,14:16:23,36,Tahap-4
01/24/2025,14,16,23,14:16:23,141,Tahap-4
01/24/2025,14,16,23,14:16:23,395,Tahap-4
01/24/2025,14,16,23,14:16:23,169,Tahap-4
01/24/2025,14,16,23,14:16:23,296,Tahap-4
01/24/2025,14,16,23,14:16:23,278,Tahap-4
01/24/2025,14,16,24,14:16:24,61,Tahap-4
01/24/2025,14,16,24,14:16:24,261,Tahap-4
01/24/2025,14,16,24,14:16:24,110,Tahap-4
01/24/2025,14,16,24,14:16:24,287,Tahap-4
01/24/2025,14,16,24,14:16:24,94,Tahap-4
01/24/2025,14,16,24,14:16:24,100,Tahap-4
01/24/2025,14,16,24,14:16:24,59,Tahap-4
01/24/2025,14,16,24,14:16:24,317,Tahap-4
01/24/2025,14,16,24,14:16:24,88,Tahap-4
01/24/2025,14,16,24,14:16:24,23,Tahap-4
01/24/2025,14,16,25,14:16:25,53,Tahap-4
01/24/2025,14,16,25,14:16:25,134,Tahap-4
01/24/2025,14,16,25,14:16:25,76,Tahap-4
01/24/2025,14,16,25,14:16:25,51,Tahap-4
01/24/2025,14,16,25,14:16:25,77,Tahap-4
01/24/2025,14,16,25,14:16:25,218,Tahap-4
01/24/2025,14,16,25,14:16:25,191,Tahap-4
01/24/2025,14,16,25,14:16:25,228,Tahap-4
01/24/2025,14,16,25,14:16:25,89,Tahap-4
01/24/2025,14,16,25,14:16:25,215,Tahap-4
01/24/2025,14,16,26,14:16:26,220,Tahap-4
01/24/2025,14,16,26,14:16:26,316,Tahap-4
01/24/2025,14,16,26,14:16:26,658,Tahap-4
01/24/2025,14,16,26,14:16:26,652,Tahap-4
01/24/2025,14,16,26,14:16:26,670,Tahap-4
01/24/2025,14,16,26,14:16:26,22,Tahap-4
01/24/2025,14,16,26,14:16:26,149,Tahap-4
01/24/2025,14,16,26,14:16:26,151,Tahap-4
01/24/2025,14,16,26,14:16:26,137,Tahap-4
01/24/2025,14,16,26,14:16:26,79,Tahap-4
01/24/2025,14,16,27,14:16:27,222,Tahap-4
01/24/2025,14,16,27,14:16:27,52,Tahap-4
01/24/2025,14,16,27,14:16:27,31,Tahap-4
01/24/2025,14,16,27,14:16:27,110,Tahap-4
01/24/2025,14,16,27,14:16:27,172,Tahap-4
01/24/2025,14,16,27,14:16:27,305,Tahap-4
01/24/2025,14,16,27,14:16:27,223,Tahap-4
01/24/2025,14,16,27,14:16:27,96,Tahap-4
01/24/2025,14,16,27,14:16:27,164,Tahap-4
01/24/2025,14,16,27,14:16:27,286,Tahap-4
01/24/2025,14,16,28,14:16:28,462,Tahap-4
01/24/2025,14,16,28,14:16:28,533,Tahap-4
01/24/2025,14,16,28,14:16:28,185,Tahap-4
01/24/2025,14,16,28,14:16:28,136,Tahap-4
01/24/2025,14,16,28,14:16:28,417,Tahap-4
01/24/2025,14,16,28,14:16:28,326,Tahap-4
01/24/2025,14,16,28,14:16:28,345,Tahap-4
01/24/2025,14,16,28,14:16:28,1796,Tahap-4
01/24/2025,14,16,28,14:16:28,563,Tahap-4
01/24/2025,14,16,28,14:16:28,358,Tahap-4
01/24/2025,14,16,29,14:16:29,291,Tahap-4
01/24/2025,14,16,29,14:16:29,228,Tahap-4
01/24/2025,14,16,29,14:16:29,78,Tahap-4
01/24/2025,14,16,29,14:16:29,295,Tahap-4
01/24/2025,14,16,29,14:16:29,123,Tahap-4
01/24/2025,14,16,29,14:16:29,81,Tahap-4
01/24/2025,14,16,29,14:16:29,106,Tahap-4
01/24/2025,14,16,29,14:16:29,142,Tahap-4
01/24/2025,14,16,29,14:16:29,132,Tahap-4
01/24/2025,14,16,29,14:16:29,135,Tahap-4
01/24/2025,14,16,30,14:16:30,124,Tahap-4
01/24/2025,14,16,30,14:16:30,250,Tahap-4
01/24/2025,14,16,30,14:16:30,250,Tahap-4
01/24/2025,14,16,30,14:16:30,160,Tahap-4
01/24/2025,14,16,30,14:16:30,532,Tahap-4
01/24/2025,14,16,30,14:16:30,461,Tahap-4
01/24/2025,14,16,30,14:16:30,71,Tahap-4
01/24/2025,14,16,30,14:16:30,238,Tahap-4
01/24/2025,14,16,30,14:16:30,193,Tahap-4
01/24/2025,14,16,30,14:16:30,581,Tahap-4
01/24/2025,14,16,31,14:16:31,952,Tahap-4
01/24/2025,14,16,31,14:16:31,759,Tahap-4
01/24/2025,14,16,31,14:16:31,90,Tahap-4
01/24/2025,14,16,31,14:16:31,406,Tahap-4
01/24/2025,14,16,31,14:16:31,318,Tahap-4
01/24/2025,14,16,31,14:16:31,408,Tahap-4
01/24/2025,14,16,31,14:16:31,135,Tahap-4
01/24/2025,14,16,31,14:16:31,391,Tahap-4
01/24/2025,14,16,31,14:16:31,338,Tahap-4
01/24/2025,14,16,31,14:16:31,151,Tahap-4
01/24/2025,14,16,32,14:16:32,-152,Tahap-4
01/24/2025,14,16,32,14:16:32,80,Tahap-4
01/24/2025,14,16,32,14:16:32,-56,Tahap-4
01/24/2025,14,16,32,14:16:32,-112,Tahap-4
01/24/2025,14,16,32,14:16:32,72,Tahap-4
01/24/2025,14,16,32,14:16:32,24,Tahap-4
01/24/2025,14,16,32,14:16:32,-100,Tahap-4
01/24/2025,14,16,32,14:16:32,68,Tahap-4
01/24/2025,14,16,32,14:16:32,-60,Tahap-4
01/24/2025,14,16,32,14:16:32,-48,Tahap-4
01/24/2025,14,16,33,14:16:33,-20,Tahap-4
01/24/2025,14,16,33,14:16:33,60,Tahap-4
01/24/2025,14,16,33,14:16:33,172,Tahap-4
01/24/2025,14,16,33,14:16:33,-96,Tahap-4
01/24/2025,14,16,33,14:16:33,172,Tahap-4
01/24/2025,14,16,33,14:16:33,32,Tahap-4
01/24/2025,14,16,33,14:16:33,88,Tahap-4
01/24/2025,14,16,33,14:16:33,80,Tahap-4
01/24/2025,14,16,33,14:16:33,144,Tahap-4
01/24/2025,14,16,33,14:16:33,104,Tahap-4
01/24/2025,14,16,33,14:16:33,140,Tahap-4
01/24/2025,14,16,34,14:16:34,132,Tahap-4
01/24/2025,14,16,34,14:16:34,204,Tahap-4
01/24/2025,14,16,34,14:16:34,376,Tahap-4
01/24/2025,14,16,34,14:16:34,48,Tahap-4
01/24/2025,14,16,34,14:16:34,376,Tahap-4
01/24/2025,14,16,34,14:16:34,208,Tahap-4
01/24/2025,14,16,34,14:16:34,216,Tahap-4
01/24/2025,14,16,34,14:16:34,304,Tahap-4
01/24/2025,14,16,34,14:16:34,228,Tahap-4
01/24/2025,14,16,34,14:16:34,248,Tahap-4
01/24/2025,14,16,35,14:16:35,232,Tahap-4
01/24/2025,14,16,35,14:16:35,196,Tahap-4
01/24/2025,14,16,35,14:16:35,324,Tahap-4
01/24/2025,14,16,35,14:16:35,420,Tahap-4
01/24/2025,14,16,35,14:16:35,116,Tahap-4
01/24/2025,14,16,35,14:16:35,328,Tahap-4
01/24/2025,14,16,35,14:16:35,256,Tahap-4
01/24/2025,14,16,35,14:16:35,188,Tahap-4
01/24/2025,14,16,35,14:16:35,248,Tahap-4
01/24/2025,14,16,35,14:16:35,292,Tahap-4
01/24/2025,14,16,36,14:16:36,168,Tahap-4
01/24/2025,14,16,36,14:16:36,196,Tahap-4
01/24/2025,14,16,36,14:16:36,132,Tahap-4
01/24/2025,14,16,36,14:16:36,312,Tahap-4
01/24/2025,14,16,36,14:16:36,252,Tahap-4
01/24/2025,14,16,36,14:16:36,180,Tahap-4
01/24/2025,14,16,36,14:16:36,300,Tahap-4
01/24/2025,14,16,36,14:16:36,236,Tahap-4
01/24/2025,14,16,36,14:16:36,200,Tahap-4
01/24/2025,14,16,36,14:16:36,188,Tahap-4
01/24/2025,14,16,37,14:16:37,196,Tahap-4
01/24/2025,14,16,37,14:16:37,176,Tahap-4
01/24/2025,14,16,37,14:16:37,160,Tahap-4
01/24/2025,14,16,37,14:16:37,80,Tahap-4
01/24/2025,14,16,37,14:16:37,344,Tahap-4
01/24/2025,14,16,37,14:16:37,96,Tahap-4
01/24/2025,14,16,37,14:16:37,288,Tahap-4
01/24/2025,14,16,37,14:16:37,272,Tahap-4
01/24/2025,14,16,37,14:16:37,172,Tahap-4
01/24/2025,14,16,37,14:16:37,220,Tahap-4
01/24/2025,14,16,38,14:16:38,232,Tahap-4
01/24/2025,14,16,38,14:16:38,168,Tahap-4
01/24/2025,14,16,38,14:16:38,276,Tahap-4
01/24/2025,14,16,38,14:16:38,100,Tahap-4
01/24/2025,14,16,38,14:16:38,148,Tahap-4
01/24/2025,14,16,38,14:16:38,304,Tahap-4
01/24/2025,14,16,38,14:16:38,84,Tahap-4
01/24/2025,14,16,38,14:16:38,344,Tahap-4
01/24/2025,14,16,38,14:16:38,328,Tahap-4
01/24/2025,14,16,38,14:16:38,232,Tahap-4
01/24/2025,14,16,39,14:16:39,296,Tahap-4
01/24/2025,14,16,39,14:16:39,304,Tahap-4
01/24/2025,14,16,39,14:16:39,156,Tahap-4
01/24/2025,14,16,39,14:16:39,252,Tahap-4
01/24/2025,14,16,39,14:16:39,200,Tahap-4
01/24/2025,14,16,39,14:16:39,248,Tahap-4
01/24/2025,14,16,39,14:16:39,296,Tahap-4
01/24/2025,14,16,39,14:16:39,60,Tahap-4
01/24/2025,14,16,39,14:16:39,320,Tahap-4
01/24/2025,14,16,39,14:16:39,296,Tahap-4
01/24/2025,14,16,40,14:16:40,172,Tahap-4
01/24/2025,14,16,40,14:16:40,216,Tahap-4
01/24/2025,14,16,40,14:16:40,220,Tahap-4
01/24/2025,14,16,40,14:16:40,168,Tahap-4
01/24/2025,14,16,40,14:16:40,128,Tahap-4
01/24/2025,14,16,40,14:16:40,168,Tahap-4
01/24/2025,14,16,40,14:16:40,128,Tahap-4
01/24/2025,14,16,40,14:16:40,188,Tahap-4
01/24/2025,14,16,40,14:16:40,20,Tahap-4
01/24/2025,14,16,40,14:16:40,216,Tahap-4
01/24/2025,14,16,41,14:16:41,148,Tahap-4
01/24/2025,14,16,41,14:16:41,208,Tahap-4
01/24/2025,14,16,41,14:16:41,48,Tahap-4
01/24/2025,14,16,41,14:16:41,104,Tahap-4
01/24/2025,14,16,41,14:16:41,48,Tahap-4
01/24/2025,14,16,41,14:16:41,92,Tahap-4
01/24/2025,14,16,41,14:16:41,-24,Tahap-4
01/24/2025,14,16,41,14:16:41,256,Tahap-4
01/24/2025,14,16,41,14:16:41,68,Tahap-4
01/24/2025,14,16,41,14:16:41,104,Tahap-4
01/24/2025,14,16,42,14:16:42,256,Tahap-4
01/24/2025,14,16,42,14:16:42,108,Tahap-4
01/24/2025,14,16,42,14:16:42,232,Tahap-4
01/24/2025,14,16,42,14:16:42,176,Tahap-4
01/24/2025,14,16,42,14:16:42,96,Tahap-4
01/24/2025,14,16,42,14:16:42,152,Tahap-4
01/24/2025,14,16,42,14:16:42,104,Tahap-4
01/24/2025,14,16,42,14:16:42,72,Tahap-4
01/24/2025,14,16,42,14:16:42,216,Tahap-4
01/24/2025,14,16,42,14:16:42,4,Tahap-4
01/24/2025,14,16,43,14:16:43,128,Tahap-4
01/24/2025,14,16,43,14:16:43,224,Tahap-4
01/24/2025,14,16,43,14:16:43,140,Tahap-4
01/24/2025,14,16,43,14:16:43,172,Tahap-4
01/24/2025,14,16,43,14:16:43,192,Tahap-4
01/24/2025,14,16,43,14:16:43,108,Tahap-4
01/24/2025,14,16,43,14:16:43,184,Tahap-4
01/24/2025,14,16,43,14:16:43,152,Tahap-4
01/24/2025,14,16,43,14:16:43,216,Tahap-4
01/24/2025,14,16,43,14:16:43,316,Tahap-4
01/24/2025,14,16,44,14:16:44,120,Tahap-4
01/24/2025,14,16,44,14:16:44,376,Tahap-4
01/24/2025,14,16,44,14:16:44,336,Tahap-4
01/24/2025,14,16,44,14:16:44,248,Tahap-4
01/24/2025,14,16,44,14:16:44,304,Tahap-4
01/24/2025,14,16,44,14:16:44,336,Tahap-4
01/24/2025,14,16,44,14:16:44,296,Tahap-4
01/24/2025,14,16,44,14:16:44,272,Tahap-4
01/24/2025,14,17,9,14:17:09,11171,Tahap-4
01/24/2025,14,17,9,14:17:09,1213,Tahap-4
01/24/2025,14,17,9,14:17:09,640,Tahap-4
01/24/2025,14,17,9,14:17:09,265,Tahap-4
01/24/2025,14,17,9,14:17:09,1610,Tahap-4
01/24/2025,14,17,9,14:17:09,971,Tahap-4
01/24/2025,14,17,9,14:17:09,373,Tahap-4
01/24/2025,14,17,9,14:17:09,120,Tahap-4
01/24/2025,14,17,10,14:17:10,430,Tahap-4
01/24/2025,14,17,10,14:17:10,489,Tahap-4
01/24/2025,14,17,10,14:17:10,48,Tahap-4
01/24/2025,14,17,10,14:17:10,498,Tahap-4
01/24/2025,14,17,10,14:17:10,348,Tahap-4
01/24/2025,14,17,10,14:17:10,271,Tahap-4
01/24/2025,14,17,10,14:17:10,450,Tahap-4
01/24/2025,14,17,10,14:17:10,233,Tahap-4
01/24/2025,14,17,10,14:17:10,321,Tahap-4
01/24/2025,14,17,10,14:17:10,98,Tahap-4
01/24/2025,14,17,11,14:17:11,43,Tahap-4
01/24/2025,14,17,11,14:17:11,347,Tahap-4
01/24/2025,14,17,11,14:17:11,121,Tahap-4
01/24/2025,14,17,11,14:17:11,210,Tahap-4
01/24/2025,14,17,11,14:17:11,436,Tahap-4
01/24/2025,14,17,11,14:17:11,505,Tahap-4
01/24/2025,14,17,11,14:17:11,41,Tahap-4
01/24/2025,14,17,11,14:17:11,98,Tahap-4
01/24/2025,14,17,11,14:17:11,30,Tahap-4
01/24/2025,14,17,11,14:17:11,219,Tahap-4
01/24/2025,14,17,12,14:17:12,33,Tahap-4
01/24/2025,14,17,12,14:17:12,29,Tahap-4
01/24/2025,14,17,12,14:17:12,205,Tahap-4
01/24/2025,14,17,12,14:17:12,111,Tahap-4
01/24/2025,14,17,12,14:17:12,188,Tahap-4
01/24/2025,14,17,12,14:17:12,96,Tahap-4
01/24/2025,14,17,12,14:17:12,163,Tahap-4
01/24/2025,14,17,12,14:17:12,258,Tahap-4
01/24/2025,14,17,12,14:17:12,169,Tahap-4
01/24/2025,14,17,12,14:17:12,165,Tahap-4
01/24/2025,14,17,13,14:17:13,127,Tahap-4
01/24/2025,14,17,13,14:17:13,183,Tahap-4
01/24/2025,14,17,13,14:17:13,123,Tahap-4
01/24/2025,14,17,13,14:17:13,233,Tahap-4
01/24/2025,14,17,13,14:17:13,222,Tahap-4
01/24/2025,14,17,13,14:17:13,456,Tahap-4
01/24/2025,14,17,13,14:17:13,183,Tahap-4
01/24/2025,14,17,13,14:17:13,54,Tahap-4
01/24/2025,14,17,13,14:17:13,539,Tahap-4
01/24/2025,14,17,13,14:17:13,150,Tahap-4
01/24/2025,14,17,14,14:17:14,211,Tahap-4
01/24/2025,14,17,14,14:17:14,132,Tahap-4
01/24/2025,14,17,14,14:17:14,101,Tahap-4
01/24/2025,14,17,14,14:17:14,52,Tahap-4
01/24/2025,14,17,14,14:17:14,184,Tahap-4
01/24/2025,14,17,14,14:17:14,83,Tahap-4
01/24/2025,14,17,14,14:17:14,161,Tahap-4
01/24/2025,14,17,14,14:17:14,102,Tahap-4
01/24/2025,14,17,14,14:17:14,147,Tahap-4
01/24/2025,14,17,14,14:17:14,155,Tahap-4
01/24/2025,14,17,15,14:17:15,144,Tahap-4
01/24/2025,14,17,15,14:17:15,75,Tahap-4
01/24/2025,14,17,15,14:17:15,46,Tahap-4
01/24/2025,14,17,15,14:17:15,168,Tahap-4
01/24/2025,14,17,15,14:17:15,274,Tahap-4
01/24/2025,14,17,15,14:17:15,160,Tahap-4
01/24/2025,14,17,15,14:17:15,83,Tahap-4
01/24/2025,14,17,15,14:17:15,124,Tahap-4
01/24/2025,14,17,15,14:17:15,153,Tahap-4
01/24/2025,14,17,15,14:17:15,415,Tahap-4
01/24/2025,14,17,16,14:17:16,361,Tahap-4
01/24/2025,14,17,16,14:17:16,188,Tahap-4
01/24/2025,14,17,16,14:17:16,930,Tahap-4
01/24/2025,14,17,16,14:17:16,658,Tahap-4
01/24/2025,14,17,16,14:17:16,390,Tahap-4
01/24/2025,14,17,16,14:17:16,145,Tahap-4
01/24/2025,14,17,16,14:17:16,113,Tahap-4
01/24/2025,14,17,16,14:17:16,156,Tahap-4
01/24/2025,14,17,16,14:17:16,7,Tahap-4
01/24/2025,14,17,16,14:17:16,93,Tahap-4
01/24/2025,14,17,17,14:17:17,289,Tahap-4
01/24/2025,14,17,17,14:17:17,134,Tahap-4
01/24/2025,14,17,17,14:17:17,242,Tahap-4
01/24/2025,14,17,17,14:17:17,359,Tahap-4
01/24/2025,14,17,17,14:17:17,150,Tahap-4
01/24/2025,14,17,17,14:17:17,342,Tahap-4
01/24/2025,14,17,17,14:17:17,233,Tahap-4
01/24/2025,14,17,17,14:17:17,410,Tahap-4
01/24/2025,14,17,17,14:17:17,550,Tahap-4
01/24/2025,14,17,17,14:17:17,367,Tahap-4
01/24/2025,14,17,18,14:17:18,738,Tahap-4
01/24/2025,14,17,18,14:17:18,183,Tahap-4
01/24/2025,14,17,18,14:17:18,247,Tahap-4
01/24/2025,14,17,18,14:17:18,341,Tahap-4
01/24/2025,14,17,18,14:17:18,334,Tahap-4
01/24/2025,14,17,18,14:17:18,638,Tahap-4
01/24/2025,14,17,18,14:17:18,585,Tahap-4
01/24/2025,14,17,18,14:17:18,1526,Tahap-4
01/24/2025,14,17,18,14:17:18,697,Tahap-4
01/24/2025,14,17,18,14:17:18,372,Tahap-4
01/24/2025,14,17,19,14:17:19,207,Tahap-4
01/24/2025,14,17,19,14:17:19,152,Tahap-4
01/24/2025,14,17,19,14:17:19,169,Tahap-4
01/24/2025,14,17,19,14:17:19,178,Tahap-4
01/24/2025,14,17,19,14:17:19,204,Tahap-4
01/24/2025,14,17,19,14:17:19,32,Tahap-4
01/24/2025,14,17,19,14:17:19,157,Tahap-4
01/24/2025,14,17,19,14:17:19,96,Tahap-4
01/24/2025,14,17,19,14:17:19,185,Tahap-4
01/24/2025,14,17,19,14:17:19,262,Tahap-4
01/24/2025,14,17,20,14:17:20,203,Tahap-4
01/24/2025,14,17,20,14:17:20,418,Tahap-4
01/24/2025,14,17,20,14:17:20,573,Tahap-4
01/24/2025,14,17,20,14:17:20,322,Tahap-4
01/24/2025,14,17,20,14:17:20,611,Tahap-4
01/24/2025,14,17,20,14:17:20,271,Tahap-4
01/24/2025,14,17,20,14:17:20,282,Tahap-4
01/24/2025,14,17,20,14:17:20,416,Tahap-4
01/24/2025,14,17,20,14:17:20,238,Tahap-4
01/24/2025,14,17,20,14:17:20,637,Tahap-4
01/24/2025,14,17,21,14:17:21,363,Tahap-4
01/24/2025,14,17,21,14:17:21,570,Tahap-4
01/24/2025,14,17,21,14:17:21,539,Tahap-4
01/24/2025,14,17,21,14:17:21,447,Tahap-4
01/24/2025,14,17,21,14:17:21,375,Tahap-4
01/24/2025,14,17,21,14:17:21,358,Tahap-4
01/24/2025,14,17,21,14:17:21,52,Tahap-4
01/24/2025,14,17,21,14:17:21,322,Tahap-4
01/24/2025,14,17,21,14:17:21,263,Tahap-4
01/24/2025,14,17,21,14:17:21,142,Tahap-4
01/24/2025,14,17,22,14:17:22,116,Tahap-4
01/24/2025,14,17,22,14:17:22,62,Tahap-4
01/24/2025,14,17,22,14:17:22,132,Tahap-4
01/24/2025,14,17,22,14:17:22,96,Tahap-4
01/24/2025,14,17,22,14:17:22,102,Tahap-4
01/24/2025,14,17,22,14:17:22,42,Tahap-4
01/24/2025,14,17,22,14:17:22,92,Tahap-4
01/24/2025,14,17,22,14:17:22,124,Tahap-4
01/24/2025,14,17,22,14:17:22,8,Tahap-4
01/24/2025,14,17,22,14:17:22,136,Tahap-4
01/24/2025,14,17,23,14:17:23,42,Tahap-4
01/24/2025,14,17,23,14:17:23,88,Tahap-4
01/24/2025,14,17,23,14:17:23,60,Tahap-4
01/24/2025,14,17,23,14:17:23,60,Tahap-4
01/24/2025,14,17,23,14:17:23,24,Tahap-4
01/24/2025,14,17,23,14:17:23,46,Tahap-4
01/24/2025,14,17,23,14:17:23,-8,Tahap-4
01/24/2025,14,17,23,14:17:23,32,Tahap-4
01/24/2025,14,17,23,14:17:23,90,Tahap-4
01/24/2025,14,17,23,14:17:23,-48,Tahap-4
01/24/2025,14,17,24,14:17:24,98,Tahap-4
01/24/2025,14,17,24,14:17:24,6,Tahap-4
01/24/2025,14,17,24,14:17:24,4,Tahap-4
01/24/2025,14,17,24,14:17:24,20,Tahap-4
01/24/2025,14,17,24,14:17:24,-4,Tahap-4
01/24/2025,14,17,24,14:17:24,-14,Tahap-4
01/24/2025,14,17,24,14:17:24,-48,Tahap-4
01/24/2025,14,17,24,14:17:24,2,Tahap-4
01/24/2025,14,17,24,14:17:24,-32,Tahap-4
01/24/2025,14,17,25,14:17:25,-72,Tahap-4
01/24/2025,14,17,25,14:17:25,2,Tahap-4
01/24/2025,14,17,25,14:17:25,-82,Tahap-4
01/24/2025,14,17,25,14:17:25,-110,Tahap-4
01/24/2025,14,17,25,14:17:25,-46,Tahap-4
01/24/2025,14,17,25,14:17:25,-82,Tahap-4
01/24/2025,14,17,25,14:17:25,-80,Tahap-4
01/24/2025,14,17,25,14:17:25,-78,Tahap-4
01/24/2025,14,17,25,14:17:25,-120,Tahap-4
01/24/2025,14,17,25,14:17:25,-34,Tahap-4
01/24/2025,14,17,26,14:17:26,-134,Tahap-4
01/24/2025,14,17,26,14:17:26,-58,Tahap-4
01/24/2025,14,17,26,14:17:26,-40,Tahap-4
01/24/2025,14,17,26,14:17:26,-74,Tahap-4
01/24/2025,14,17,26,14:17:26,-92,Tahap-4
01/24/2025,14,17,26,14:17:26,-102,Tahap-4
01/24/2025,14,17,26,14:17:26,-114,Tahap-4
01/24/2025,14,17,26,14:17:26,-106,Tahap-4
01/24/2025,14,17,26,14:17:26,-156,Tahap-4
01/24/2025,14,17,26,14:17:26,-124,Tahap-4
01/24/2025,14,17,27,14:17:27,-88,Tahap-4
01/24/2025,14,17,27,14:17:27,-192,Tahap-4
01/24/2025,14,17,27,14:17:27,-64,Tahap-4
01/24/2025,14,17,27,14:17:27,-120,Tahap-4
01/24/2025,14,17,27,14:17:27,-156,Tahap-4
01/24/2025,14,17,27,14:17:27,-130,Tahap-4
01/24/2025,14,17,27,14:17:27,-142,Tahap-4
01/24/2025,14,17,27,14:17:27,-172,Tahap-4
01/24/2025,14,17,27,14:17:27,-100,Tahap-4
01/24/2025,14,17,27,14:17:27,-256,Tahap-4
01/24/2025,14,17,28,14:17:28,-76,Tahap-4
01/24/2025,14,17,28,14:17:28,-208,Tahap-4
01/24/2025,14,17,28,14:17:28,-196,Tahap-4
01/24/2025,14,17,28,14:17:28,-62,Tahap-4
01/24/2025,14,17,28,14:17:28,-102,Tahap-4
01/24/2025,14,17,28,14:17:28,-198,Tahap-4
01/24/2025,14,17,28,14:17:28,-64,Tahap-4
01/24/2025,14,17,28,14:17:28,-160,Tahap-4
01/24/2025,14,17,28,14:17:28,-132,Tahap-4
01/24/2025,14,17,28,14:17:28,-176,Tahap-4
01/24/2025,14,17,29,14:17:29,-160,Tahap-4
01/24/2025,14,17,29,14:17:29,-108,Tahap-4
01/24/2025,14,17,29,14:17:29,-182,Tahap-4
01/24/2025,14,17,29,14:17:29,-164,Tahap-4
01/24/2025,14,17,29,14:17:29,-136,Tahap-4
01/24/2025,14,17,29,14:17:29,-144,Tahap-4
01/24/2025,14,17,29,14:17:29,-148,Tahap-4
01/24/2025,14,17,29,14:17:29,-226,Tahap-4
01/24/2025,14,17,29,14:17:29,-140,Tahap-4
01/24/2025,14,17,29,14:17:29,-116,Tahap-4
01/24/2025,14,17,30,14:17:30,-238,Tahap-4
01/24/2025,14,17,30,14:17:30,-90,Tahap-4
01/24/2025,14,17,30,14:17:30,-212,Tahap-4
01/24/2025,14,17,30,14:17:30,-184,Tahap-4
01/24/2025,14,17,30,14:17:30,-172,Tahap-4
01/24/2025,14,17,30,14:17:30,-106,Tahap-4
01/24/2025,14,17,30,14:17:30,-198,Tahap-4
01/24/2025,14,17,30,14:17:30,-90,Tahap-4
01/24/2025,14,17,30,14:17:30,-220,Tahap-4
01/24/2025,14,17,30,14:17:30,-108,Tahap-4
01/24/2025,14,17,31,14:17:31,-152,Tahap-4
01/24/2025,14,17,31,14:17:31,-216,Tahap-4
01/24/2025,14,17,31,14:17:31,-100,Tahap-4
01/24/2025,14,17,31,14:17:31,-194,Tahap-4
01/24/2025,14,17,31,14:17:31,-204,Tahap-4
01/24/2025,14,17,31,14:17:31,-126,Tahap-4
01/24/2025,14,17,31,14:17:31,-182,Tahap-4
01/24/2025,14,17,31,14:17:31,-170,Tahap-4
01/24/2025,14,17,31,14:17:31,-212,Tahap-4
01/24/2025,14,17,31,14:17:31,-194,Tahap-4
01/24/2025,14,17,32,14:17:32,-140,Tahap-4
01/24/2025,14,17,32,14:17:32,-236,Tahap-4
01/24/2025,14,17,32,14:17:32,-194,Tahap-4
01/24/2025,14,17,32,14:17:32,-192,Tahap-4
01/24/2025,14,17,32,14:17:32,-194,Tahap-4
01/24/2025,14,17,32,14:17:32,-240,Tahap-4
01/24/2025,14,17,32,14:17:32,-106,Tahap-4
01/24/2025,14,17,32,14:17:32,-188,Tahap-4
01/24/2025,14,17,32,14:17:32,-132,Tahap-4
01/24/2025,14,17,32,14:17:32,-206,Tahap-4
01/24/2025,14,17,33,14:17:33,-148,Tahap-4
01/24/2025,14,17,33,14:17:33,-140,Tahap-4
01/24/2025,14,17,33,14:17:33,-230,Tahap-4
01/24/2025,14,17,33,14:17:33,-80,Tahap-4
01/24/2025,14,17,33,14:17:33,-188,Tahap-4
01/24/2025,14,17,33,14:17:33,-132,Tahap-4
01/24/2025,14,17,33,14:17:33,-98,Tahap-4
01/24/2025,14,17,33,14:17:33,-96,Tahap-4
01/24/2025,14,17,33,14:17:33,-136,Tahap-4
01/24/2025,14,17,33,14:17:33,-80,Tahap-4
01/24/2025,14,17,34,14:17:34,-170,Tahap-4
01/24/2025,14,17,34,14:17:34,-32,Tahap-4
01/24/2025,14,17,34,14:17:34,-56,Tahap-4
01/24/2025,14,17,34,14:17:34,-112,Tahap-4
01/24/2025,14,17,34,14:17:34,-10,Tahap-4
01/24/2025,14,17,34,14:17:34,-88,Tahap-4
01/24/2025,14,17,34,14:17:34,-84,Tahap-4
01/24/2025,14,17,59,14:17:59,8895,Tahap-4
01/24/2025,14,17,59,14:17:59,2808,Tahap-4
01/24/2025,14,17,59,14:17:59,1849,Tahap-4
01/24/2025,14,17,59,14:17:59,1461,Tahap-4
01/24/2025,14,17,59,14:17:59,861,Tahap-4
01/24/2025,14,17,59,14:17:59,1290,Tahap-4
01/24/2025,14,17,59,14:17:59,546,Tahap-4
01/24/2025,14,17,59,14:17:59,225,Tahap-4
01/24/2025,14,17,59,14:17:59,235,Tahap-4
01/24/2025,14,18,1,14:18:01,186,Tahap-4
01/24/2025,14,18,1,14:18:01,33,Tahap-4
01/24/2025,14,18,1,14:18:01,190,Tahap-4
01/24/2025,14,18,1,14:18:01,668,Tahap-4
01/24/2025,14,18,1,14:18:01,492,Tahap-4
01/24/2025,14,18,1,14:18:01,123,Tahap-4
01/24/2025,14,18,1,14:18:01,200,Tahap-4
01/24/2025,14,18,1,14:18:01,39,Tahap-4
01/24/2025,14,18,1,14:18:01,86,Tahap-4
01/24/2025,14,18,1,14:18:01,7,Tahap-4
01/24/2025,14,18,2,14:18:02,209,Tahap-4
01/24/2025,14,18,2,14:18:02,153,Tahap-4
01/24/2025,14,18,2,14:18:02,47,Tahap-4
01/24/2025,14,18,2,14:18:02,172,Tahap-4
01/24/2025,14,18,2,14:18:02,203,Tahap-4
01/24/2025,14,18,2,14:18:02,183,Tahap-4
01/24/2025,14,18,2,14:18:02,112,Tahap-4
01/24/2025,14,18,2,14:18:02,37,Tahap-4
01/24/2025,14,18,2,14:18:02,32,Tahap-4
01/24/2025,14,18,2,14:18:02,127,Tahap-4
01/24/2025,14,18,3,14:18:03,188,Tahap-4
01/24/2025,14,18,3,14:18:03,86,Tahap-4
01/24/2025,14,18,3,14:18:03,81,Tahap-4
01/24/2025,14,18,3,14:18:03,118,Tahap-4
01/24/2025,14,18,3,14:18:03,419,Tahap-4
01/24/2025,14,18,3,14:18:03,312,Tahap-4
01/24/2025,14,18,3,14:18:03,58,Tahap-4
01/24/2025,14,18,3,14:18:03,431,Tahap-4
01/24/2025,14,18,3,14:18:03,268,Tahap-4
01/24/2025,14,18,3,14:18:03,68,Tahap-4
01/24/2025,14,18,4,14:18:04,37,Tahap-4
01/24/2025,14,18,4,14:18:04,203,Tahap-4
01/24/2025,14,18,4,14:18:04,58,Tahap-4
01/24/2025,14,18,4,14:18:04,107,Tahap-4
01/24/2025,14,18,4,14:18:04,153,Tahap-4
01/24/2025,14,18,4,14:18:04,151,Tahap-4
01/24/2025,14,18,4,14:18:04,110,Tahap-4
01/24/2025,14,18,4,14:18:04,17,Tahap-4
01/24/2025,14,18,4,14:18:04,115,Tahap-4
01/24/2025,14,18,4,14:18:04,72,Tahap-4
01/24/2025,14,18,5,14:18:05,73,Tahap-4
01/24/2025,14,18,5,14:18:05,127,Tahap-4
01/24/2025,14,18,5,14:18:05,34,Tahap-4
01/24/2025,14,18,5,14:18:05,89,Tahap-4
01/24/2025,14,18,5,14:18:05,236,Tahap-4
01/24/2025,14,18,5,14:18:05,59,Tahap-4
01/24/2025,14,18,5,14:18:05,116,Tahap-4
01/24/2025,14,18,5,14:18:05,8,Tahap-4
01/24/2025,14,18,5,14:18:05,169,Tahap-4
01/24/2025,14,18,5,14:18:05,224,Tahap-4
01/24/2025,14,18,6,14:18:06,154,Tahap-4
01/24/2025,14,18,6,14:18:06,1040,Tahap-4
01/24/2025,14,18,6,14:18:06,215,Tahap-4
01/24/2025,14,18,6,14:18:06,123,Tahap-4
01/24/2025,14,18,6,14:18:06,97,Tahap-4
01/24/2025,14,18,6,14:18:06,149,Tahap-4
01/24/2025,14,18,6,14:18:06,10,Tahap-4
01/24/2025,14,18,6,14:18:06,107,Tahap-4
01/24/2025,14,18,6,14:18:06,73,Tahap-4
01/24/2025,14,18,6,14:18:06,131,Tahap-4
01/24/2025,14,18,7,14:18:07,72,Tahap-4
01/24/2025,14,18,7,14:18:07,36,Tahap-4
01/24/2025,14,18,7,14:18:07,277,Tahap-4
01/24/2025,14,18,7,14:18:07,372,Tahap-4
01/24/2025,14,18,7,14:18:07,200,Tahap-4
01/24/2025,14,18,7,14:18:07,119,Tahap-4
01/24/2025,14,18,7,14:18:07,130,Tahap-4
01/24/2025,14,18,7,14:18:07,174,Tahap-4
01/24/2025,14,18,7,14:18:07,243,Tahap-4
01/24/2025,14,18,7,14:18:07,608,Tahap-4
01/24/2025,14,18,8,14:18:08,188,Tahap-4
01/24/2025,14,18,8,14:18:08,240,Tahap-4
01/24/2025,14,18,8,14:18:08,345,Tahap-4
01/24/2025,14,18,8,14:18:08,575,Tahap-4
01/24/2025,14,18,8,14:18:08,458,Tahap-4
01/24/2025,14,18,8,14:18:08,1457,Tahap-4
01/24/2025,14,18,8,14:18:08,758,Tahap-4
01/24/2025,14,18,8,14:18:08,742,Tahap-4
01/24/2025,14,18,8,14:18:08,513,Tahap-4
01/24/2025,14,18,8,14:18:08,102,Tahap-4
01/24/2025,14,18,9,14:18:09,136,Tahap-4
01/24/2025,14,18,9,14:18:09,292,Tahap-4
01/24/2025,14,18,9,14:18:09,128,Tahap-4
01/24/2025,14,18,9,14:18:09,134,Tahap-4
01/24/2025,14,18,9,14:18:09,66,Tahap-4
01/24/2025,14,18,9,14:18:09,127,Tahap-4
01/24/2025,14,18,9,14:18:09,42,Tahap-4
01/24/2025,14,18,9,14:18:09,15,Tahap-4
01/24/2025,14,18,9,14:18:09,41,Tahap-4
01/24/2025,14,18,9,14:18:09,399,Tahap-4
01/24/2025,14,18,10,14:18:10,136,Tahap-4
01/24/2025,14,18,10,14:18:10,212,Tahap-4
01/24/2025,14,18,10,14:18:10,52,Tahap-4
01/24/2025,14,18,10,14:18:10,359,Tahap-4
01/24/2025,14,18,10,14:18:10,161,Tahap-4
01/24/2025,14,18,10,14:18:10,240,Tahap-4
01/24/2025,14,18,10,14:18:10,104,Tahap-4
01/24/2025,14,18,10,14:18:10,479,Tahap-4
01/24/2025,14,18,10,14:18:10,888,Tahap-4
01/24/2025,14,18,10,14:18:10,458,Tahap-4
01/24/2025,14,18,11,14:18:11,270,Tahap-4
01/24/2025,14,18,11,14:18:11,415,Tahap-4
01/24/2025,14,18,11,14:18:11,359,Tahap-4
01/24/2025,14,18,11,14:18:11,210,Tahap-4
01/24/2025,14,18,11,14:18:11,75,Tahap-4
01/24/2025,14,18,11,14:18:11,323,Tahap-4
01/24/2025,14,18,11,14:18:11,515,Tahap-4
01/24/2025,14,18,11,14:18:11,342,Tahap-4
01/24/2025,14,18,11,14:18:11,120,Tahap-4
01/24/2025,14,18,11,14:18:11,72,Tahap-4
01/24/2025,14,18,12,14:18:12,-4,Tahap-4
01/24/2025,14,18,12,14:18:12,16,Tahap-4
01/24/2025,14,18,12,14:18:12,84,Tahap-4
01/24/2025,14,18,12,14:18:12,-8,Tahap-4
01/24/2025,14,18,12,14:18:12,108,Tahap-4
01/24/2025,14,18,12,14:18:12,-68,Tahap-4
01/24/2025,14,18,12,14:18:12,56,Tahap-4
01/24/2025,14,18,12,14:18:12,56,Tahap-4
01/24/2025,14,18,12,14:18:12,-68,Tahap-4
01/24/2025,14,18,12,14:18:12,120,Tahap-4
01/24/2025,14,18,13,14:18:13,76,Tahap-4
01/24/2025,14,18,13,14:18:13,84,Tahap-4
01/24/2025,14,18,13,14:18:13,32,Tahap-4
01/24/2025,14,18,13,14:18:13,56,Tahap-4
01/24/2025,14,18,13,14:18:13,24,Tahap-4
01/24/2025,14,18,13,14:18:13,-52,Tahap-4
01/24/2025,14,18,13,14:18:13,112,Tahap-4
01/24/2025,14,18,13,14:18:13,-36,Tahap-4
01/24/2025,14,18,13,14:18:13,8,Tahap-4
01/24/2025,14,18,14,14:18:14,88,Tahap-4
01/24/2025,14,18,14,14:18:14,-36,Tahap-4
01/24/2025,14,18,14,14:18:14,4,Tahap-4
01/24/2025,14,18,14,14:18:14,-32,Tahap-4
01/24/2025,14,18,14,14:18:14,-8,Tahap-4
01/24/2025,14,18,14,14:18:14,-56,Tahap-4
01/24/2025,14,18,14,14:18:14,-80,Tahap-4
01/24/2025,14,18,14,14:18:14,-128,Tahap-4
01/24/2025,14,18,14,14:18:14,112,Tahap-4
01/24/2025,14,18,14,14:18:14,-180,Tahap-4
01/24/2025,14,18,15,14:18:15,-24,Tahap-4
01/24/2025,14,18,15,14:18:15,-12,Tahap-4
01/24/2025,14,18,15,14:18:15,-88,Tahap-4
01/24/2025,14,18,15,14:18:15,-48,Tahap-4
01/24/2025,14,18,15,14:18:15,-112,Tahap-4
01/24/2025,14,18,15,14:18:15,-120,Tahap-4
01/24/2025,14,18,15,14:18:15,-132,Tahap-4
01/24/2025,14,18,15,14:18:15,-164,Tahap-4
01/24/2025,14,18,15,14:18:15,-168,Tahap-4
01/24/2025,14,18,15,14:18:15,-76,Tahap-4
01/24/2025,14,18,16,14:18:16,-268,Tahap-4
01/24/2025,14,18,16,14:18:16,-164,Tahap-4
01/24/2025,14,18,16,14:18:16,-136,Tahap-4
01/24/2025,14,18,16,14:18:16,-240,Tahap-4
01/24/2025,14,18,16,14:18:16,-136,Tahap-4
01/24/2025,14,18,16,14:18:16,-156,Tahap-4
01/24/2025,14,18,16,14:18:16,-220,Tahap-4
01/24/2025,14,18,16,14:18:16,-192,Tahap-4
01/24/2025,14,18,16,14:18:16,-292,Tahap-4
01/24/2025,14,18,16,14:18:16,-120,Tahap-4
01/24/2025,14,18,17,14:18:17,-180,Tahap-4
01/24/2025,14,18,17,14:18:17,-244,Tahap-4
01/24/2025,14,18,17,14:18:17,-88,Tahap-4
01/24/2025,14,18,17,14:18:17,-128,Tahap-4
01/24/2025,14,18,17,14:18:17,-188,Tahap-4
01/24/2025,14,18,17,14:18:17,-144,Tahap-4
01/24/2025,14,18,17,14:18:17,-172,Tahap-4
01/24/2025,14,18,17,14:18:17,-180,Tahap-4
01/24/2025,14,18,17,14:18:17,-216,Tahap-4
01/24/2025,14,18,17,14:18:17,-312,Tahap-4
01/24/2025,14,18,18,14:18:18,-140,Tahap-4
01/24/2025,14,18,18,14:18:18,-312,Tahap-4
01/24/2025,14,18,18,14:18:18,-272,Tahap-4
01/24/2025,14,18,18,14:18:18,-108,Tahap-4
01/24/2025,14,18,18,14:18:18,-336,Tahap-4
01/24/2025,14,18,18,14:18:18,-252,Tahap-4
01/24/2025,14,18,18,14:18:18,-300,Tahap-4
01/24/2025,14,18,18,14:18:18,-360,Tahap-4
01/24/2025,14,18,18,14:18:18,-288,Tahap-4
01/24/2025,14,18,18,14:18:18,-336,Tahap-4
01/24/2025,14,18,19,14:18:19,-388,Tahap-4
01/24/2025,14,18,19,14:18:19,-252,Tahap-4
01/24/2025,14,18,19,14:18:19,-468,Tahap-4
01/24/2025,14,18,19,14:18:19,-332,Tahap-4
01/24/2025,14,18,19,14:18:19,-312,Tahap-4
01/24/2025,14,18,19,14:18:19,-376,Tahap-4
01/24/2025,14,18,19,14:18:19,-352,Tahap-4
01/24/2025,14,18,19,14:18:19,-352,Tahap-4
01/24/2025,14,18,19,14:18:19,-432,Tahap-4
01/24/2025,14,18,19,14:18:19,-324,Tahap-4
01/24/2025,14,18,20,14:18:20,-416,Tahap-4
01/24/2025,14,18,20,14:18:20,-460,Tahap-4
01/24/2025,14,18,20,14:18:20,-344,Tahap-4
01/24/2025,14,18,20,14:18:20,-564,Tahap-4
01/24/2025,14,18,20,14:18:20,-372,Tahap-4
01/24/2025,14,18,20,14:18:20,-280,Tahap-4
01/24/2025,14,18,20,14:18:20,-444,Tahap-4
01/24/2025,14,18,20,14:18:20,-396,Tahap-4
01/24/2025,14,18,20,14:18:20,-372,Tahap-4
01/24/2025,14,18,20,14:18:20,-436,Tahap-4
01/24/2025,14,18,21,14:18:21,-348,Tahap-4
01/24/2025,14,18,21,14:18:21,-452,Tahap-4
01/24/2025,14,18,21,14:18:21,-392,Tahap-4
01/24/2025,14,18,21,14:18:21,-384,Tahap-4
01/24/2025,14,18,21,14:18:21,-476,Tahap-4
01/24/2025,14,18,21,14:18:21,-308,Tahap-4
01/24/2025,14,18,21,14:18:21,-328,Tahap-4
01/24/2025,14,18,21,14:18:21,-280,Tahap-4
01/24/2025,14,18,21,14:18:21,-320,Tahap-4
01/24/2025,14,18,21,14:18:21,-300,Tahap-4
01/24/2025,14,18,22,14:18:22,-256,Tahap-4
01/24/2025,14,18,22,14:18:22,-288,Tahap-4
01/24/2025,14,18,22,14:18:22,-404,Tahap-4
01/24/2025,14,18,22,14:18:22,-168,Tahap-4
01/24/2025,14,18,22,14:18:22,-324,Tahap-4
01/24/2025,14,18,22,14:18:22,-356,Tahap-4
01/24/2025,14,18,22,14:18:22,-156,Tahap-4
01/24/2025,14,18,22,14:18:22,-368,Tahap-4
01/24/2025,14,18,22,14:18:22,-208,Tahap-4
01/24/2025,14,18,22,14:18:22,-268,Tahap-4
01/24/2025,14,18,23,14:18:23,-336,Tahap-4
01/24/2025,14,18,23,14:18:23,-276,Tahap-4
01/24/2025,14,18,23,14:18:23,-344,Tahap-4
01/24/2025,14,18,23,14:18:23,-352,Tahap-4
01/24/2025,14,18,23,14:18:23,-148,Tahap-4
01/24/2025,14,18,23,14:18:23,-340,Tahap-4
01/24/2025,14,18,23,14:18:23,-216,Tahap-4
01/24/2025,14,18,23,14:18:23,-80,Tahap-4
01/24/2025,14,18,23,14:18:23,-268,Tahap-4
01/24/2025,14,18,23,14:18:23,-136,Tahap-4
01/24/2025,14,18,24,14:18:24,-128,Tahap-4
01/24/2025,14,18,24,14:18:24,-216,Tahap-4
01/24/2025,14,18,24,14:18:24,-32,Tahap-4
01/24/2025,14,18,24,14:18:24,-320,Tahap-4
01/24/2025,14,18,24,14:18:24,-128,Tahap-4
01/24/2025,14,18,24,14:18:24,-192,Tahap-4
01/24/2025,14,18,24,14:18:24,-160,Tahap-4
01/24/2025,14,18,49,14:18:49,11032,Tahap-4
01/24/2025,14,18,49,14:18:49,152,Tahap-4
01/24/2025,14,18,49,14:18:49,2559,Tahap-4
01/24/2025,14,18,49,14:18:49,559,Tahap-4
01/24/2025,14,18,49,14:18:49,1477,Tahap-4
01/24/2025,14,18,49,14:18:49,746,Tahap-4
01/24/2025,14,18,49,14:18:49,539,Tahap-4
01/24/2025,14,18,49,14:18:49,415,Tahap-4
01/24/2025,14,18,49,14:18:49,123,Tahap-4
01/24/2025,14,18,49,14:18:49,425,Tahap-4
01/24/2025,14,18,50,14:18:50,345,Tahap-4
01/24/2025,14,18,50,14:18:50,50,Tahap-4
01/24/2025,14,18,50,14:18:50,154,Tahap-4
01/24/2025,14,18,50,14:18:50,163,Tahap-4
01/24/2025,14,18,50,14:18:50,284,Tahap-4
01/24/2025,14,18,50,14:18:50,400,Tahap-4
01/24/2025,14,18,50,14:18:50,205,Tahap-4
01/24/2025,14,18,50,14:18:50,210,Tahap-4
01/24/2025,14,18,50,14:18:50,213,Tahap-4
01/24/2025,14,18,50,14:18:50,204,Tahap-4
01/24/2025,14,18,51,14:18:51,169,Tahap-4
01/24/2025,14,18,51,14:18:51,132,Tahap-4
01/24/2025,14,18,51,14:18:51,683,Tahap-4
01/24/2025,14,18,51,14:18:51,670,Tahap-4
01/24/2025,14,18,51,14:18:51,149,Tahap-4
01/24/2025,14,18,51,14:18:51,73,Tahap-4
01/24/2025,14,18,51,14:18:51,120,Tahap-4
01/24/2025,14,18,51,14:18:51,2,Tahap-4
01/24/2025,14,18,51,14:18:51,118,Tahap-4
01/24/2025,14,18,51,14:18:51,315,Tahap-4
01/24/2025,14,18,52,14:18:52,57,Tahap-4
01/24/2025,14,18,52,14:18:52,156,Tahap-4
01/24/2025,14,18,52,14:18:52,85,Tahap-4
01/24/2025,14,18,52,14:18:52,122,Tahap-4
01/24/2025,14,18,52,14:18:52,145,Tahap-4
01/24/2025,14,18,52,14:18:52,97,Tahap-4
01/24/2025,14,18,52,14:18:52,45,Tahap-4
01/24/2025,14,18,52,14:18:52,63,Tahap-4
01/24/2025,14,18,52,14:18:52,130,Tahap-4
01/24/2025,14,18,52,14:18:52,18,Tahap-4
01/24/2025,14,18,53,14:18:53,90,Tahap-4
01/24/2025,14,18,53,14:18:53,102,Tahap-4
01/24/2025,14,18,53,14:18:53,88,Tahap-4
01/24/2025,14,18,53,14:18:53,298,Tahap-4
01/24/2025,14,18,53,14:18:53,341,Tahap-4
01/24/2025,14,18,53,14:18:53,60,Tahap-4
01/24/2025,14,18,53,14:18:53,515,Tahap-4
01/24/2025,14,18,53,14:18:53,344,Tahap-4
01/24/2025,14,18,53,14:18:53,115,Tahap-4
01/24/2025,14,18,53,14:18:53,125,Tahap-4
01/24/2025,14,18,54,14:18:54,74,Tahap-4
01/24/2025,14,18,54,14:18:54,161,Tahap-4
01/24/2025,14,18,54,14:18:54,93,Tahap-4
01/24/2025,14,18,54,14:18:54,82,Tahap-4
01/24/2025,14,18,54,14:18:54,178,Tahap-4
01/24/2025,14,18,54,14:18:54,83,Tahap-4
01/24/2025,14,18,54,14:18:54,33,Tahap-4
01/24/2025,14,18,54,14:18:54,75,Tahap-4
01/24/2025,14,18,54,14:18:54,194,Tahap-4
01/24/2025,14,18,54,14:18:54,189,Tahap-4
01/24/2025,14,18,55,14:18:55,153,Tahap-4
01/24/2025,14,18,55,14:18:55,133,Tahap-4
01/24/2025,14,18,55,14:18:55,168,Tahap-4
01/24/2025,14,18,55,14:18:55,183,Tahap-4
01/24/2025,14,18,55,14:18:55,173,Tahap-4
01/24/2025,14,18,55,14:18:55,128,Tahap-4
01/24/2025,14,18,55,14:18:55,32,Tahap-4
01/24/2025,14,18,55,14:18:55,67,Tahap-4
01/24/2025,14,18,55,14:18:55,85,Tahap-4
01/24/2025,14,18,55,14:18:55,462,Tahap-4
01/24/2025,14,18,56,14:18:56,1090,Tahap-4
01/24/2025,14,18,56,14:18:56,332,Tahap-4
01/24/2025,14,18,56,14:18:56,235,Tahap-4
01/24/2025,14,18,56,14:18:56,30,Tahap-4
01/24/2025,14,18,56,14:18:56,144,Tahap-4
01/24/2025,14,18,56,14:18:56,219,Tahap-4
01/24/2025,14,18,56,14:18:56,177,Tahap-4
01/24/2025,14,18,56,14:18:56,179,Tahap-4
01/24/2025,14,18,56,14:18:56,101,Tahap-4
01/24/2025,14,18,56,14:18:56,42,Tahap-4
01/24/2025,14,18,57,14:18:57,150,Tahap-4
01/24/2025,14,18,57,14:18:57,44,Tahap-4
01/24/2025,14,18,57,14:18:57,216,Tahap-4
01/24/2025,14,18,57,14:18:57,121,Tahap-4
01/24/2025,14,18,57,14:18:57,216,Tahap-4
01/24/2025,14,18,57,14:18:57,265,Tahap-4
01/24/2025,14,18,57,14:18:57,361,Tahap-4
01/24/2025,14,18,57,14:18:57,154,Tahap-4
01/24/2025,14,18,57,14:18:57,254,Tahap-4
01/24/2025,14,18,57,14:18:57,361,Tahap-4
01/24/2025,14,18,58,14:18:58,141,Tahap-4
01/24/2025,14,18,58,14:18:58,407,Tahap-4
01/24/2025,14,18,58,14:18:58,152,Tahap-4
01/24/2025,14,18,58,14:18:58,312,Tahap-4
01/24/2025,14,18,58,14:18:58,1558,Tahap-4
01/24/2025,14,18,58,14:18:58,20,Tahap-4
01/24/2025,14,18,58,14:18:58,695,Tahap-4
01/24/2025,14,18,58,14:18:58,224,Tahap-4
01/24/2025,14,18,58,14:18:58,309,Tahap-4
01/24/2025,14,18,58,14:18:58,461,Tahap-4
01/24/2025,14,18,59,14:18:59,240,Tahap-4
01/24/2025,14,18,59,14:18:59,279,Tahap-4
01/24/2025,14,18,59,14:18:59,316,Tahap-4
01/24/2025,14,18,59,14:18:59,170,Tahap-4
01/24/2025,14,18,59,14:18:59,118,Tahap-4
01/24/2025,14,18,59,14:18:59,104,Tahap-4
01/24/2025,14,18,59,14:18:59,162,Tahap-4
01/24/2025,14,18,59,14:18:59,156,Tahap-4
01/24/2025,14,18,59,14:18:59,265,Tahap-4
01/24/2025,14,18,59,14:18:59,349,Tahap-4
01/24/2025,14,19,1,14:19:01,510,Tahap-4
01/24/2025,14,19,1,14:19:01,194,Tahap-4
01/24/2025,14,19,1,14:19:01,461,Tahap-4
01/24/2025,14,19,1,14:19:01,460,Tahap-4
01/24/2025,14,19,1,14:19:01,352,Tahap-4
01/24/2025,14,19,1,14:19:01,247,Tahap-4
01/24/2025,14,19,1,14:19:01,553,Tahap-4
01/24/2025,14,19,1,14:19:01,134,Tahap-4
01/24/2025,14,19,1,14:19:01,202,Tahap-4
01/24/2025,14,19,1,14:19:01,192,Tahap-4
01/24/2025,14,19,2,14:19:02,162,Tahap-4
01/24/2025,14,19,2,14:19:02,160,Tahap-4
01/24/2025,14,19,2,14:19:02,208,Tahap-4
01/24/2025,14,19,2,14:19:02,202,Tahap-4
01/24/2025,14,19,2,14:19:02,182,Tahap-4
01/24/2025,14,19,2,14:19:02,160,Tahap-4
01/24/2025,14,19,2,14:19:02,144,Tahap-4
01/24/2025,14,19,2,14:19:02,254,Tahap-4
01/24/2025,14,19,2,14:19:02,120,Tahap-4
01/24/2025,14,19,2,14:19:02,200,Tahap-4
01/24/2025,14,19,3,14:19:03,214,Tahap-4
01/24/2025,14,19,3,14:19:03,140,Tahap-4
01/24/2025,14,19,3,14:19:03,134,Tahap-4
01/24/2025,14,19,3,14:19:03,142,Tahap-4
01/24/2025,14,19,3,14:19:03,144,Tahap-4
01/24/2025,14,19,3,14:19:03,120,Tahap-4
01/24/2025,14,19,3,14:19:03,110,Tahap-4
01/24/2025,14,19,3,14:19:03,114,Tahap-4
01/24/2025,14,19,3,14:19:03,154,Tahap-4
01/24/2025,14,19,3,14:19:03,78,Tahap-4
01/24/2025,14,19,4,14:19:04,178,Tahap-4
01/24/2025,14,19,4,14:19:04,140,Tahap-4
01/24/2025,14,19,4,14:19:04,96,Tahap-4
01/24/2025,14,19,4,14:19:04,104,Tahap-4
01/24/2025,14,19,4,14:19:04,120,Tahap-4
01/24/2025,14,19,4,14:19:04,96,Tahap-4
01/24/2025,14,19,4,14:19:04,118,Tahap-4
01/24/2025,14,19,4,14:19:04,58,Tahap-4
01/24/2025,14,19,4,14:19:04,152,Tahap-4
01/24/2025,14,19,4,14:19:04,88,Tahap-4
01/24/2025,14,19,5,14:19:05,70,Tahap-4
01/24/2025,14,19,5,14:19:05,172,Tahap-4
01/24/2025,14,19,5,14:19:05,132,Tahap-4
01/24/2025,14,19,5,14:19:05,84,Tahap-4
01/24/2025,14,19,5,14:19:05,158,Tahap-4
01/24/2025,14,19,5,14:19:05,92,Tahap-4
01/24/2025,14,19,5,14:19:05,122,Tahap-4
01/24/2025,14,19,5,14:19:05,70,Tahap-4
01/24/2025,14,19,5,14:19:05,50,Tahap-4
01/24/2025,14,19,5,14:19:05,166,Tahap-4
01/24/2025,14,19,6,14:19:06,32,Tahap-4
01/24/2025,14,19,6,14:19:06,76,Tahap-4
01/24/2025,14,19,6,14:19:06,90,Tahap-4
01/24/2025,14,19,6,14:19:06,90,Tahap-4
01/24/2025,14,19,6,14:19:06,52,Tahap-4
01/24/2025,14,19,6,14:19:06,72,Tahap-4
01/24/2025,14,19,6,14:19:06,28,Tahap-4
01/24/2025,14,19,6,14:19:06,76,Tahap-4
01/24/2025,14,19,6,14:19:06,32,Tahap-4
01/24/2025,14,19,6,14:19:06,42,Tahap-4
01/24/2025,14,19,7,14:19:07,128,Tahap-4
01/24/2025,14,19,7,14:19:07,-16,Tahap-4
01/24/2025,14,19,7,14:19:07,92,Tahap-4
01/24/2025,14,19,7,14:19:07,70,Tahap-4
01/24/2025,14,19,7,14:19:07,54,Tahap-4
01/24/2025,14,19,7,14:19:07,74,Tahap-4
01/24/2025,14,19,7,14:19:07,28,Tahap-4
01/24/2025,14,19,7,14:19:07,12,Tahap-4
01/24/2025,14,19,7,14:19:07,32,Tahap-4
01/24/2025,14,19,7,14:19:07,-24,Tahap-4
01/24/2025,14,19,8,14:19:08,32,Tahap-4
01/24/2025,14,19,8,14:19:08,62,Tahap-4
01/24/2025,14,19,8,14:19:08,-6,Tahap-4
01/24/2025,14,19,8,14:19:08,78,Tahap-4
01/24/2025,14,19,8,14:19:08,36,Tahap-4
01/24/2025,14,19,8,14:19:08,-8,Tahap-4
01/24/2025,14,19,8,14:19:08,36,Tahap-4
01/24/2025,14,19,8,14:19:08,-16,Tahap-4
01/24/2025,14,19,8,14:19:08,-22,Tahap-4
01/24/2025,14,19,8,14:19:08,-32,Tahap-4
01/24/2025,14,19,9,14:19:09,-80,Tahap-4
01/24/2025,14,19,9,14:19:09,-12,Tahap-4
01/24/2025,14,19,9,14:19:09,-34,Tahap-4
01/24/2025,14,19,9,14:19:09,-80,Tahap-4
01/24/2025,14,19,9,14:19:09,24,Tahap-4
01/24/2025,14,19,9,14:19:09,-30,Tahap-4
01/24/2025,14,19,9,14:19:09,-40,Tahap-4
01/24/2025,14,19,9,14:19:09,-16,Tahap-4
01/24/2025,14,19,9,14:19:09,-14,Tahap-4
01/24/2025,14,19,9,14:19:09,-48,Tahap-4
01/24/2025,14,19,10,14:19:10,-48,Tahap-4
01/24/2025,14,19,10,14:19:10,-86,Tahap-4
01/24/2025,14,19,10,14:19:10,6,Tahap-4
01/24/2025,14,19,10,14:19:10,-84,Tahap-4
01/24/2025,14,19,10,14:19:10,-24,Tahap-4
01/24/2025,14,19,10,14:19:10,24,Tahap-4
01/24/2025,14,19,10,14:19:10,-34,Tahap-4
01/24/2025,14,19,10,14:19:10,-44,Tahap-4
01/24/2025,14,19,10,14:19:10,-64,Tahap-4
01/24/2025,14,19,10,14:19:10,-46,Tahap-4
01/24/2025,14,19,11,14:19:11,-56,Tahap-4
01/24/2025,14,19,11,14:19:11,-154,Tahap-4
01/24/2025,14,19,11,14:19:11,-32,Tahap-4
01/24/2025,14,19,11,14:19:11,-176,Tahap-4
01/24/2025,14,19,11,14:19:11,-30,Tahap-4
01/24/2025,14,19,11,14:19:11,-52,Tahap-4
01/24/2025,14,19,11,14:19:11,-56,Tahap-4
01/24/2025,14,19,11,14:19:11,-120,Tahap-4
01/24/2025,14,19,11,14:19:11,-22,Tahap-4
01/24/2025,14,19,11,14:19:11,-202,Tahap-4
01/24/2025,14,19,12,14:19:12,-82,Tahap-4
01/24/2025,14,19,12,14:19:12,-176,Tahap-4
01/24/2025,14,19,12,14:19:12,-92,Tahap-4
01/24/2025,14,19,12,14:19:12,-166,Tahap-4
01/24/2025,14,19,12,14:19:12,-128,Tahap-4
01/24/2025,14,19,12,14:19:12,-194,Tahap-4
01/24/2025,14,19,12,14:19:12,-156,Tahap-4
01/24/2025,14,19,12,14:19:12,-122,Tahap-4
01/24/2025,14,19,12,14:19:12,-190,Tahap-4
01/24/2025,14,19,12,14:19:12,-246,Tahap-4
01/24/2025,14,19,13,14:19:13,-180,Tahap-4
01/24/2025,14,19,13,14:19:13,-246,Tahap-4
01/24/2025,14,19,13,14:19:13,-218,Tahap-4
01/24/2025,14,19,13,14:19:13,-226,Tahap-4
01/24/2025,14,19,13,14:19:13,-280,Tahap-4
01/24/2025,14,19,13,14:19:13,-186,Tahap-4
01/24/2025,14,19,13,14:19:13,-308,Tahap-4
01/24/2025,14,19,13,14:19:13,-216,Tahap-4
01/24/2025,14,19,13,14:19:13,-226,Tahap-4
01/24/2025,14,19,13,14:19:13,-232,Tahap-4
01/24/2025,14,19,14,14:19:14,-296,Tahap-4
01/24/2025,14,19,14,14:19:14,-248,Tahap-4
01/24/2025,14,19,14,14:19:14,-276,Tahap-4
01/24/2025,14,19,14,14:19:14,-266,Tahap-4
01/24/2025,14,19,14,14:19:14,-312,Tahap-4
01/24/2025,14,19,14,14:19:14,-230,Tahap-4
