Tanggal,Jam,Menit,Detik,Waktu,frekuensi,label
01/17/2025,9,47,55,09:47:55,2698,Tahap-4
01/17/2025,9,47,55,09:47:55,1403,Tahap-4
01/17/2025,9,47,55,09:47:55,918,Tahap-4
01/17/2025,9,47,56,09:47:56,478,Tahap-4
01/17/2025,9,47,56,09:47:56,414,Tahap-4
01/17/2025,9,47,56,09:47:56,221,Tahap-4
01/17/2025,9,47,56,09:47:56,226,Tahap-4
01/17/2025,9,47,56,09:47:56,197,Tahap-4
01/17/2025,9,47,56,09:47:56,73,Tahap-4
01/17/2025,9,47,56,09:47:56,358,Tahap-4
01/17/2025,9,47,56,09:47:56,72,Tahap-4
01/17/2025,9,47,56,09:47:56,280,Tahap-4
01/17/2025,9,47,56,09:47:56,103,Tahap-4
01/17/2025,9,47,56,09:47:56,199,Tahap-4
01/17/2025,9,47,57,09:47:57,224,Tahap-4
01/17/2025,9,47,57,09:47:57,105,Tahap-4
01/17/2025,9,47,57,09:47:57,50,Tahap-4
01/17/2025,9,47,57,09:47:57,51,Tahap-4
01/17/2025,9,47,57,09:47:57,209,Tahap-4
01/17/2025,9,47,57,09:47:57,55,Tahap-4
01/17/2025,9,47,57,09:47:57,157,Tahap-4
01/17/2025,9,47,57,09:47:57,127,Tahap-4
01/17/2025,9,47,57,09:47:57,336,Tahap-4
01/17/2025,9,47,57,09:47:57,248,Tahap-4
01/17/2025,9,47,58,09:47:58,35,Tahap-4
01/17/2025,9,47,58,09:47:58,67,Tahap-4
01/17/2025,9,47,58,09:47:58,121,Tahap-4
01/17/2025,9,47,58,09:47:58,40,Tahap-4
01/17/2025,9,47,58,09:47:58,79,Tahap-4
01/17/2025,9,47,58,09:47:58,48,Tahap-4
01/17/2025,9,47,58,09:47:58,143,Tahap-4
01/17/2025,9,47,58,09:47:58,76,Tahap-4
01/17/2025,9,47,58,09:47:58,94,Tahap-4
01/17/2025,9,47,58,09:47:58,123,Tahap-4
01/17/2025,9,47,59,09:47:59,219,Tahap-4
01/17/2025,9,47,59,09:47:59,81,Tahap-4
01/17/2025,9,47,59,09:47:59,131,Tahap-4
01/17/2025,9,47,59,09:47:59,69,Tahap-4
01/17/2025,9,47,59,09:47:59,75,Tahap-4
01/17/2025,9,47,59,09:47:59,146,Tahap-4
01/17/2025,9,47,59,09:47:59,13,Tahap-4
01/17/2025,9,47,59,09:47:59,20,Tahap-4
01/17/2025,9,47,59,09:47:59,86,Tahap-4
01/17/2025,9,47,59,09:47:59,153,Tahap-4
01/17/2025,9,48,1,09:48:01,85,Tahap-4
01/17/2025,9,48,1,09:48:01,69,Tahap-4
01/17/2025,9,48,1,09:48:01,37,Tahap-4
01/17/2025,9,48,1,09:48:01,81,Tahap-4
01/17/2025,9,48,1,09:48:01,66,Tahap-4
01/17/2025,9,48,1,09:48:01,190,Tahap-4
01/17/2025,9,48,1,09:48:01,33,Tahap-4
01/17/2025,9,48,1,09:48:01,38,Tahap-4
01/17/2025,9,48,1,09:48:01,22,Tahap-4
01/17/2025,9,48,1,09:48:01,119,Tahap-4
01/17/2025,9,48,2,09:48:02,124,Tahap-4
01/17/2025,9,48,2,09:48:02,88,Tahap-4
01/17/2025,9,48,2,09:48:02,55,Tahap-4
01/17/2025,9,48,2,09:48:02,107,Tahap-4
01/17/2025,9,48,2,09:48:02,146,Tahap-4
01/17/2025,9,48,2,09:48:02,147,Tahap-4
01/17/2025,9,48,2,09:48:02,469,Tahap-4
01/17/2025,9,48,2,09:48:02,267,Tahap-4
01/17/2025,9,48,2,09:48:02,273,Tahap-4
01/17/2025,9,48,2,09:48:02,72,Tahap-4
01/17/2025,9,48,3,09:48:03,166,Tahap-4
01/17/2025,9,48,3,09:48:03,212,Tahap-4
01/17/2025,9,48,3,09:48:03,223,Tahap-4
01/17/2025,9,48,3,09:48:03,159,Tahap-4
01/17/2025,9,48,3,09:48:03,202,Tahap-4
01/17/2025,9,48,3,09:48:03,139,Tahap-4
01/17/2025,9,48,3,09:48:03,29,Tahap-4
01/17/2025,9,48,3,09:48:03,220,Tahap-4
01/17/2025,9,48,3,09:48:03,235,Tahap-4
01/17/2025,9,48,3,09:48:03,75,Tahap-4
01/17/2025,9,48,4,09:48:04,276,Tahap-4
01/17/2025,9,48,4,09:48:04,1114,Tahap-4
01/17/2025,9,48,4,09:48:04,523,Tahap-4
01/17/2025,9,48,4,09:48:04,378,Tahap-4
01/17/2025,9,48,4,09:48:04,314,Tahap-4
01/17/2025,9,48,4,09:48:04,129,Tahap-4
01/17/2025,9,48,4,09:48:04,231,Tahap-4
01/17/2025,9,48,4,09:48:04,300,Tahap-4
01/17/2025,9,48,4,09:48:04,58,Tahap-4
01/17/2025,9,48,4,09:48:04,243,Tahap-4
01/17/2025,9,48,5,09:48:05,491,Tahap-4
01/17/2025,9,48,5,09:48:05,71,Tahap-4
01/17/2025,9,48,6,09:48:06,240,Tahap-4
01/17/2025,9,48,6,09:48:06,62,Tahap-4
01/17/2025,9,48,6,09:48:06,141,Tahap-4
01/17/2025,9,48,6,09:48:06,157,Tahap-4
01/17/2025,9,48,6,09:48:06,269,Tahap-4
01/17/2025,9,48,6,09:48:06,101,Tahap-4
01/17/2025,9,48,6,09:48:06,49,Tahap-4
01/17/2025,9,48,6,09:48:06,110,Tahap-4
01/17/2025,9,48,6,09:48:06,307,Tahap-4
01/17/2025,9,48,6,09:48:06,137,Tahap-4
01/17/2025,9,48,6,09:48:06,93,Tahap-4
01/17/2025,9,48,6,09:48:06,59,Tahap-4
01/17/2025,9,48,6,09:48:06,187,Tahap-4
01/17/2025,9,48,6,09:48:06,509,Tahap-4
01/17/2025,9,48,6,09:48:06,458,Tahap-4
01/17/2025,9,48,6,09:48:06,593,Tahap-4
01/17/2025,9,48,6,09:48:06,296,Tahap-4
01/17/2025,9,48,6,09:48:06,190,Tahap-4
01/17/2025,9,48,7,09:48:07,75,Tahap-4
01/17/2025,9,48,7,09:48:07,107,Tahap-4
01/17/2025,9,48,7,09:48:07,177,Tahap-4
01/17/2025,9,48,7,09:48:07,499,Tahap-4
01/17/2025,9,48,7,09:48:07,802,Tahap-4
01/17/2025,9,48,7,09:48:07,1653,Tahap-4
01/17/2025,9,48,7,09:48:07,1931,Tahap-4
01/17/2025,9,48,7,09:48:07,550,Tahap-4
01/17/2025,9,48,7,09:48:07,154,Tahap-4
01/17/2025,9,48,7,09:48:07,279,Tahap-4
01/17/2025,9,48,8,09:48:08,554,Tahap-4
01/17/2025,9,48,8,09:48:08,414,Tahap-4
01/17/2025,9,48,8,09:48:08,595,Tahap-4
01/17/2025,9,48,8,09:48:08,92,Tahap-4
01/17/2025,9,48,8,09:48:08,84,Tahap-4
01/17/2025,9,48,8,09:48:08,64,Tahap-4
01/17/2025,9,48,8,09:48:08,-24,Tahap-4
01/17/2025,9,48,8,09:48:08,144,Tahap-4
01/17/2025,9,48,8,09:48:08,88,Tahap-4
01/17/2025,9,48,8,09:48:08,-16,Tahap-4
01/17/2025,9,48,9,09:48:09,196,Tahap-4
01/17/2025,9,48,9,09:48:09,28,Tahap-4
01/17/2025,9,48,9,09:48:09,40,Tahap-4
01/17/2025,9,48,9,09:48:09,8,Tahap-4
01/17/2025,9,48,9,09:48:09,160,Tahap-4
01/17/2025,9,48,9,09:48:09,-76,Tahap-4
01/17/2025,9,48,9,09:48:09,204,Tahap-4
01/17/2025,9,48,9,09:48:09,-72,Tahap-4
01/17/2025,9,48,9,09:48:09,148,Tahap-4
01/17/2025,9,48,9,09:48:09,24,Tahap-4
01/17/2025,9,48,10,09:48:10,96,Tahap-4
01/17/2025,9,48,10,09:48:10,48,Tahap-4
01/17/2025,9,48,10,09:48:10,212,Tahap-4
01/17/2025,9,48,10,09:48:10,16,Tahap-4
01/17/2025,9,48,10,09:48:10,84,Tahap-4
01/17/2025,9,48,10,09:48:10,148,Tahap-4
01/17/2025,9,48,10,09:48:10,28,Tahap-4
01/17/2025,9,48,10,09:48:10,32,Tahap-4
01/17/2025,9,48,10,09:48:10,40,Tahap-4
01/17/2025,9,48,10,09:48:10,60,Tahap-4
01/17/2025,9,48,11,09:48:11,-4,Tahap-4
01/17/2025,9,48,11,09:48:11,56,Tahap-4
01/17/2025,9,48,11,09:48:11,24,Tahap-4
01/17/2025,9,48,11,09:48:11,72,Tahap-4
01/17/2025,9,48,11,09:48:11,56,Tahap-4
01/17/2025,9,48,11,09:48:11,40,Tahap-4
01/17/2025,9,48,11,09:48:11,60,Tahap-4
01/17/2025,9,48,11,09:48:11,44,Tahap-4
01/17/2025,9,48,11,09:48:11,28,Tahap-4
01/17/2025,9,48,11,09:48:11,-20,Tahap-4
01/17/2025,9,48,12,09:48:12,136,Tahap-4
01/17/2025,9,48,12,09:48:12,-32,Tahap-4
01/17/2025,9,48,12,09:48:12,76,Tahap-4
01/17/2025,9,48,12,09:48:12,140,Tahap-4
01/17/2025,9,48,12,09:48:12,84,Tahap-4
01/17/2025,9,48,12,09:48:12,-16,Tahap-4
01/17/2025,9,48,12,09:48:12,224,Tahap-4
01/17/2025,9,48,12,09:48:12,-64,Tahap-4
01/17/2025,9,48,12,09:48:12,96,Tahap-4
01/17/2025,9,48,12,09:48:12,48,Tahap-4
01/17/2025,9,48,13,09:48:13,68,Tahap-4
01/17/2025,9,48,13,09:48:13,64,Tahap-4
01/17/2025,9,48,13,09:48:13,32,Tahap-4
01/17/2025,9,48,13,09:48:13,20,Tahap-4
01/17/2025,9,48,13,09:48:13,36,Tahap-4
01/17/2025,9,48,13,09:48:13,148,Tahap-4
01/17/2025,9,48,13,09:48:13,-40,Tahap-4
01/17/2025,9,48,13,09:48:13,92,Tahap-4
01/17/2025,9,48,13,09:48:13,80,Tahap-4
01/17/2025,9,48,13,09:48:13,-44,Tahap-4
01/17/2025,9,48,14,09:48:14,52,Tahap-4
01/17/2025,9,48,14,09:48:14,52,Tahap-4
01/17/2025,9,48,14,09:48:14,-56,Tahap-4
01/17/2025,9,48,14,09:48:14,116,Tahap-4
01/17/2025,9,48,14,09:48:14,44,Tahap-4
01/17/2025,9,48,14,09:48:14,48,Tahap-4
01/17/2025,9,48,14,09:48:14,44,Tahap-4
01/17/2025,9,48,14,09:48:14,48,Tahap-4
01/17/2025,9,48,14,09:48:14,-44,Tahap-4
01/17/2025,9,48,15,09:48:15,112,Tahap-4
01/17/2025,9,48,15,09:48:15,-88,Tahap-4
01/17/2025,9,48,15,09:48:15,48,Tahap-4
01/17/2025,9,48,15,09:48:15,48,Tahap-4
01/17/2025,9,48,15,09:48:15,12,Tahap-4
01/17/2025,9,48,15,09:48:15,-40,Tahap-4
01/17/2025,9,48,15,09:48:15,196,Tahap-4
01/17/2025,9,48,15,09:48:15,-32,Tahap-4
01/17/2025,9,48,15,09:48:15,68,Tahap-4
01/17/2025,9,48,15,09:48:15,52,Tahap-4
01/17/2025,9,48,16,09:48:16,-28,Tahap-4
01/17/2025,9,48,16,09:48:16,128,Tahap-4
01/17/2025,9,48,16,09:48:16,-24,Tahap-4
01/17/2025,9,48,16,09:48:16,-20,Tahap-4
01/17/2025,9,48,16,09:48:16,160,Tahap-4
01/17/2025,9,48,16,09:48:16,-80,Tahap-4
01/17/2025,9,48,16,09:48:16,172,Tahap-4
01/17/2025,9,48,16,09:48:16,56,Tahap-4
01/17/2025,9,48,16,09:48:16,56,Tahap-4
01/17/2025,9,48,17,09:48:17,92,Tahap-4
01/17/2025,9,48,17,09:48:17,80,Tahap-4
01/17/2025,9,48,17,09:48:17,132,Tahap-4
01/17/2025,9,48,17,09:48:17,72,Tahap-4
01/17/2025,9,48,17,09:48:17,92,Tahap-4
01/17/2025,9,48,17,09:48:17,36,Tahap-4
01/17/2025,9,48,17,09:48:17,64,Tahap-4
01/17/2025,9,48,17,09:48:17,136,Tahap-4
01/17/2025,9,48,17,09:48:17,92,Tahap-4
01/17/2025,9,48,17,09:48:17,112,Tahap-4
01/17/2025,9,48,18,09:48:18,100,Tahap-4
01/17/2025,9,48,18,09:48:18,160,Tahap-4
01/17/2025,9,48,18,09:48:18,88,Tahap-4
01/17/2025,9,48,18,09:48:18,84,Tahap-4
01/17/2025,9,48,18,09:48:18,84,Tahap-4
01/17/2025,9,48,18,09:48:18,144,Tahap-4
01/17/2025,9,48,18,09:48:18,-20,Tahap-4
01/17/2025,9,48,18,09:48:18,164,Tahap-4
01/17/2025,9,48,18,09:48:18,144,Tahap-4
01/17/2025,9,48,19,09:48:19,32,Tahap-4
01/17/2025,9,48,19,09:48:19,204,Tahap-4
01/17/2025,9,48,19,09:48:19,-36,Tahap-4
01/17/2025,9,48,19,09:48:19,184,Tahap-4
01/17/2025,9,48,19,09:48:19,16,Tahap-4
01/17/2025,9,48,19,09:48:19,152,Tahap-4
01/17/2025,9,48,19,09:48:19,4,Tahap-4
01/17/2025,9,48,19,09:48:19,144,Tahap-4
01/17/2025,9,48,19,09:48:19,-48,Tahap-4
01/17/2025,9,48,19,09:48:19,152,Tahap-4
01/17/2025,9,48,20,09:48:20,32,Tahap-4
01/17/2025,9,48,20,09:48:20,112,Tahap-4
01/17/2025,9,48,20,09:48:20,-112,Tahap-4
01/17/2025,9,48,20,09:48:20,144,Tahap-4
01/17/2025,9,48,20,09:48:20,16,Tahap-4
01/17/2025,9,48,20,09:48:20,16,Tahap-4
01/17/2025,9,48,20,09:48:20,76,Tahap-4
01/17/2025,9,48,20,09:48:20,56,Tahap-4
01/17/2025,9,48,20,09:48:20,-60,Tahap-4
01/17/2025,9,48,20,09:48:20,84,Tahap-4
01/17/2025,9,48,21,09:48:21,60,Tahap-4
01/17/2025,9,48,21,09:48:21,-68,Tahap-4
01/17/2025,9,48,45,09:48:45,999,Tahap-4
01/17/2025,9,48,45,09:48:45,705,Tahap-4
01/17/2025,9,48,45,09:48:45,64,Tahap-4
01/17/2025,9,48,45,09:48:45,329,Tahap-4
01/17/2025,9,48,46,09:48:46,107,Tahap-4
01/17/2025,9,48,46,09:48:46,226,Tahap-4
01/17/2025,9,48,46,09:48:46,98,Tahap-4
01/17/2025,9,48,46,09:48:46,70,Tahap-4
01/17/2025,9,48,46,09:48:46,187,Tahap-4
01/17/2025,9,48,46,09:48:46,206,Tahap-4
01/17/2025,9,48,46,09:48:46,170,Tahap-4
01/17/2025,9,48,46,09:48:46,96,Tahap-4
01/17/2025,9,48,46,09:48:46,102,Tahap-4
01/17/2025,9,48,46,09:48:46,180,Tahap-4
01/17/2025,9,48,46,09:48:46,143,Tahap-4
01/17/2025,9,48,47,09:48:47,171,Tahap-4
01/17/2025,9,48,47,09:48:47,172,Tahap-4
01/17/2025,9,48,47,09:48:47,76,Tahap-4
01/17/2025,9,48,47,09:48:47,117,Tahap-4
01/17/2025,9,48,47,09:48:47,225,Tahap-4
01/17/2025,9,48,47,09:48:47,62,Tahap-4
01/17/2025,9,48,47,09:48:47,113,Tahap-4
01/17/2025,9,48,47,09:48:47,191,Tahap-4
01/17/2025,9,48,47,09:48:47,132,Tahap-4
01/17/2025,9,48,47,09:48:47,303,Tahap-4
01/17/2025,9,48,48,09:48:48,115,Tahap-4
01/17/2025,9,48,48,09:48:48,122,Tahap-4
01/17/2025,9,48,48,09:48:48,91,Tahap-4
01/17/2025,9,48,48,09:48:48,91,Tahap-4
01/17/2025,9,48,48,09:48:48,234,Tahap-4
01/17/2025,9,48,48,09:48:48,44,Tahap-4
01/17/2025,9,48,48,09:48:48,106,Tahap-4
01/17/2025,9,48,48,09:48:48,200,Tahap-4
01/17/2025,9,48,48,09:48:48,273,Tahap-4
01/17/2025,9,48,48,09:48:48,230,Tahap-4
01/17/2025,9,48,49,09:48:49,178,Tahap-4
01/17/2025,9,48,49,09:48:49,64,Tahap-4
01/17/2025,9,48,49,09:48:49,156,Tahap-4
01/17/2025,9,48,49,09:48:49,81,Tahap-4
01/17/2025,9,48,49,09:48:49,109,Tahap-4
01/17/2025,9,48,49,09:48:49,34,Tahap-4
01/17/2025,9,48,49,09:48:49,72,Tahap-4
01/17/2025,9,48,49,09:48:49,209,Tahap-4
01/17/2025,9,48,49,09:48:49,95,Tahap-4
01/17/2025,9,48,49,09:48:49,119,Tahap-4
01/17/2025,9,48,50,09:48:50,22,Tahap-4
01/17/2025,9,48,50,09:48:50,116,Tahap-4
01/17/2025,9,48,50,09:48:50,90,Tahap-4
01/17/2025,9,48,50,09:48:50,339,Tahap-4
01/17/2025,9,48,50,09:48:50,329,Tahap-4
01/17/2025,9,48,50,09:48:50,96,Tahap-4
01/17/2025,9,48,50,09:48:50,164,Tahap-4
01/17/2025,9,48,50,09:48:50,117,Tahap-4
01/17/2025,9,48,50,09:48:50,71,Tahap-4
01/17/2025,9,48,50,09:48:50,169,Tahap-4
01/17/2025,9,48,51,09:48:51,127,Tahap-4
01/17/2025,9,48,51,09:48:51,145,Tahap-4
01/17/2025,9,48,51,09:48:51,199,Tahap-4
01/17/2025,9,48,51,09:48:51,89,Tahap-4
01/17/2025,9,48,51,09:48:51,164,Tahap-4
01/17/2025,9,48,51,09:48:51,197,Tahap-4
01/17/2025,9,48,51,09:48:51,167,Tahap-4
01/17/2025,9,48,51,09:48:51,209,Tahap-4
01/17/2025,9,48,51,09:48:51,141,Tahap-4
01/17/2025,9,48,51,09:48:51,53,Tahap-4
01/17/2025,9,48,52,09:48:52,122,Tahap-4
01/17/2025,9,48,52,09:48:52,71,Tahap-4
01/17/2025,9,48,52,09:48:52,241,Tahap-4
01/17/2025,9,48,52,09:48:52,143,Tahap-4
01/17/2025,9,48,52,09:48:52,280,Tahap-4
01/17/2025,9,48,52,09:48:52,473,Tahap-4
01/17/2025,9,48,52,09:48:52,566,Tahap-4
01/17/2025,9,48,52,09:48:52,436,Tahap-4
01/17/2025,9,48,52,09:48:52,235,Tahap-4
01/17/2025,9,48,52,09:48:52,101,Tahap-4
01/17/2025,9,48,53,09:48:53,195,Tahap-4
01/17/2025,9,48,53,09:48:53,213,Tahap-4
01/17/2025,9,48,53,09:48:53,248,Tahap-4
01/17/2025,9,48,53,09:48:53,92,Tahap-4
01/17/2025,9,48,53,09:48:53,193,Tahap-4
01/17/2025,9,48,53,09:48:53,85,Tahap-4
01/17/2025,9,48,53,09:48:53,288,Tahap-4
01/17/2025,9,48,53,09:48:53,266,Tahap-4
01/17/2025,9,48,53,09:48:53,188,Tahap-4
01/17/2025,9,48,53,09:48:53,338,Tahap-4
01/17/2025,9,48,54,09:48:54,328,Tahap-4
01/17/2025,9,48,54,09:48:54,1393,Tahap-4
01/17/2025,9,48,54,09:48:54,547,Tahap-4
01/17/2025,9,48,54,09:48:54,368,Tahap-4
01/17/2025,9,48,54,09:48:54,351,Tahap-4
01/17/2025,9,48,54,09:48:54,51,Tahap-4
01/17/2025,9,48,54,09:48:54,308,Tahap-4
01/17/2025,9,48,54,09:48:54,103,Tahap-4
01/17/2025,9,48,54,09:48:54,99,Tahap-4
01/17/2025,9,48,54,09:48:54,241,Tahap-4
01/17/2025,9,48,55,09:48:55,556,Tahap-4
01/17/2025,9,48,55,09:48:55,214,Tahap-4
01/17/2025,9,48,55,09:48:55,195,Tahap-4
01/17/2025,9,48,55,09:48:55,308,Tahap-4
01/17/2025,9,48,55,09:48:55,223,Tahap-4
01/17/2025,9,48,55,09:48:55,51,Tahap-4
01/17/2025,9,48,55,09:48:55,162,Tahap-4
01/17/2025,9,48,55,09:48:55,94,Tahap-4
01/17/2025,9,48,55,09:48:55,107,Tahap-4
01/17/2025,9,48,55,09:48:55,119,Tahap-4
01/17/2025,9,48,56,09:48:56,78,Tahap-4
01/17/2025,9,48,56,09:48:56,193,Tahap-4
01/17/2025,9,48,56,09:48:56,85,Tahap-4
01/17/2025,9,48,56,09:48:56,64,Tahap-4
01/17/2025,9,48,56,09:48:56,180,Tahap-4
01/17/2025,9,48,56,09:48:56,435,Tahap-4
01/17/2025,9,48,56,09:48:56,550,Tahap-4
01/17/2025,9,48,56,09:48:56,368,Tahap-4
01/17/2025,9,48,56,09:48:56,246,Tahap-4
01/17/2025,9,48,56,09:48:56,306,Tahap-4
01/17/2025,9,48,57,09:48:57,332,Tahap-4
01/17/2025,9,48,57,09:48:57,431,Tahap-4
01/17/2025,9,48,57,09:48:57,361,Tahap-4
01/17/2025,9,48,57,09:48:57,682,Tahap-4
01/17/2025,9,48,57,09:48:57,1930,Tahap-4
01/17/2025,9,48,57,09:48:57,1912,Tahap-4
01/17/2025,9,48,57,09:48:57,682,Tahap-4
01/17/2025,9,48,57,09:48:57,85,Tahap-4
01/17/2025,9,48,57,09:48:57,330,Tahap-4
01/17/2025,9,48,57,09:48:57,62,Tahap-4
01/17/2025,9,48,58,09:48:58,780,Tahap-4
01/17/2025,9,48,58,09:48:58,220,Tahap-4
01/17/2025,9,48,58,09:48:58,72,Tahap-4
01/17/2025,9,48,58,09:48:58,-116,Tahap-4
01/17/2025,9,48,58,09:48:58,76,Tahap-4
01/17/2025,9,48,58,09:48:58,-92,Tahap-4
01/17/2025,9,48,58,09:48:58,104,Tahap-4
01/17/2025,9,48,58,09:48:58,-112,Tahap-4
01/17/2025,9,48,58,09:48:58,104,Tahap-4
01/17/2025,9,48,58,09:48:58,-72,Tahap-4
01/17/2025,9,48,59,09:48:59,64,Tahap-4
01/17/2025,9,48,59,09:48:59,-28,Tahap-4
01/17/2025,9,48,59,09:48:59,44,Tahap-4
01/17/2025,9,48,59,09:48:59,-52,Tahap-4
01/17/2025,9,48,59,09:48:59,60,Tahap-4
01/17/2025,9,48,59,09:48:59,-76,Tahap-4
01/17/2025,9,48,59,09:48:59,-56,Tahap-4
01/17/2025,9,48,59,09:48:59,104,Tahap-4
01/17/2025,9,48,59,09:48:59,-140,Tahap-4
01/17/2025,9,48,59,09:48:59,64,Tahap-4
01/17/2025,9,49,1,09:49:01,-16,Tahap-4
01/17/2025,9,49,1,09:49:01,48,Tahap-4
01/17/2025,9,49,1,09:49:01,64,Tahap-4
01/17/2025,9,49,1,09:49:01,-84,Tahap-4
01/17/2025,9,49,1,09:49:01,156,Tahap-4
01/17/2025,9,49,1,09:49:01,4,Tahap-4
01/17/2025,9,49,1,09:49:01,16,Tahap-4
01/17/2025,9,49,1,09:49:01,-112,Tahap-4
01/17/2025,9,49,1,09:49:01,152,Tahap-4
01/17/2025,9,49,1,09:49:01,-160,Tahap-4
01/17/2025,9,49,2,09:49:02,116,Tahap-4
01/17/2025,9,49,2,09:49:02,-4,Tahap-4
01/17/2025,9,49,2,09:49:02,48,Tahap-4
01/17/2025,9,49,2,09:49:02,-52,Tahap-4
01/17/2025,9,49,2,09:49:02,160,Tahap-4
01/17/2025,9,49,2,09:49:02,-128,Tahap-4
01/17/2025,9,49,2,09:49:02,104,Tahap-4
01/17/2025,9,49,2,09:49:02,-48,Tahap-4
01/17/2025,9,49,2,09:49:02,-20,Tahap-4
01/17/2025,9,49,2,09:49:02,92,Tahap-4
01/17/2025,9,49,3,09:49:03,-60,Tahap-4
01/17/2025,9,49,3,09:49:03,28,Tahap-4
01/17/2025,9,49,3,09:49:03,-4,Tahap-4
01/17/2025,9,49,3,09:49:03,72,Tahap-4
01/17/2025,9,49,3,09:49:03,-124,Tahap-4
01/17/2025,9,49,3,09:49:03,144,Tahap-4
01/17/2025,9,49,3,09:49:03,-56,Tahap-4
01/17/2025,9,49,3,09:49:03,28,Tahap-4
01/17/2025,9,49,3,09:49:03,-16,Tahap-4
01/17/2025,9,49,3,09:49:03,48,Tahap-4
01/17/2025,9,49,4,09:49:04,-8,Tahap-4
01/17/2025,9,49,4,09:49:04,-28,Tahap-4
01/17/2025,9,49,4,09:49:04,4,Tahap-4
01/17/2025,9,49,4,09:49:04,32,Tahap-4
01/17/2025,9,49,4,09:49:04,52,Tahap-4
01/17/2025,9,49,4,09:49:04,-52,Tahap-4
01/17/2025,9,49,4,09:49:04,40,Tahap-4
01/17/2025,9,49,4,09:49:04,8,Tahap-4
01/17/2025,9,49,4,09:49:04,16,Tahap-4
01/17/2025,9,49,4,09:49:04,-128,Tahap-4
01/17/2025,9,49,5,09:49:05,216,Tahap-4
01/17/2025,9,49,5,09:49:05,-152,Tahap-4
01/17/2025,9,49,6,09:49:06,48,Tahap-4
01/17/2025,9,49,6,09:49:06,-16,Tahap-4
01/17/2025,9,49,6,09:49:06,76,Tahap-4
01/17/2025,9,49,6,09:49:06,-108,Tahap-4
01/17/2025,9,49,6,09:49:06,176,Tahap-4
01/17/2025,9,49,6,09:49:06,-96,Tahap-4
01/17/2025,9,49,6,09:49:06,20,Tahap-4
01/17/2025,9,49,6,09:49:06,-64,Tahap-4
01/17/2025,9,49,6,09:49:06,-32,Tahap-4
01/17/2025,9,49,6,09:49:06,24,Tahap-4
01/17/2025,9,49,6,09:49:06,-20,Tahap-4
01/17/2025,9,49,6,09:49:06,-32,Tahap-4
01/17/2025,9,49,6,09:49:06,-16,Tahap-4
01/17/2025,9,49,6,09:49:06,116,Tahap-4
01/17/2025,9,49,6,09:49:06,-100,Tahap-4
01/17/2025,9,49,6,09:49:06,72,Tahap-4
01/17/2025,9,49,6,09:49:06,20,Tahap-4
01/17/2025,9,49,6,09:49:06,-64,Tahap-4
01/17/2025,9,49,7,09:49:07,-64,Tahap-4
01/17/2025,9,49,7,09:49:07,36,Tahap-4
01/17/2025,9,49,7,09:49:07,-48,Tahap-4
01/17/2025,9,49,7,09:49:07,-56,Tahap-4
01/17/2025,9,49,7,09:49:07,36,Tahap-4
01/17/2025,9,49,7,09:49:07,-52,Tahap-4
01/17/2025,9,49,7,09:49:07,28,Tahap-4
01/17/2025,9,49,7,09:49:07,-16,Tahap-4
01/17/2025,9,49,7,09:49:07,24,Tahap-4
01/17/2025,9,49,7,09:49:07,-40,Tahap-4
01/17/2025,9,49,8,09:49:08,28,Tahap-4
01/17/2025,9,49,8,09:49:08,-80,Tahap-4
01/17/2025,9,49,8,09:49:08,-60,Tahap-4
01/17/2025,9,49,8,09:49:08,8,Tahap-4
01/17/2025,9,49,8,09:49:08,-100,Tahap-4
01/17/2025,9,49,8,09:49:08,56,Tahap-4
01/17/2025,9,49,8,09:49:08,-52,Tahap-4
01/17/2025,9,49,8,09:49:08,-12,Tahap-4
01/17/2025,9,49,8,09:49:08,-56,Tahap-4
01/17/2025,9,49,9,09:49:09,-84,Tahap-4
01/17/2025,9,49,9,09:49:09,-48,Tahap-4
01/17/2025,9,49,9,09:49:09,48,Tahap-4
01/17/2025,9,49,9,09:49:09,-40,Tahap-4
01/17/2025,9,49,9,09:49:09,-108,Tahap-4
01/17/2025,9,49,9,09:49:09,24,Tahap-4
01/17/2025,9,49,9,09:49:09,-100,Tahap-4
01/17/2025,9,49,9,09:49:09,-80,Tahap-4
01/17/2025,9,49,9,09:49:09,64,Tahap-4
01/17/2025,9,49,10,09:49:10,-128,Tahap-4
01/17/2025,9,49,10,09:49:10,108,Tahap-4
01/17/2025,9,49,10,09:49:10,-144,Tahap-4
01/17/2025,9,49,10,09:49:10,104,Tahap-4
01/17/2025,9,49,10,09:49:10,-120,Tahap-4
01/17/2025,9,49,10,09:49:10,-44,Tahap-4
01/17/2025,9,49,10,09:49:10,-48,Tahap-4
01/17/2025,9,49,10,09:49:10,-44,Tahap-4
01/17/2025,9,49,10,09:49:10,-68,Tahap-4
01/17/2025,9,49,10,09:49:10,60,Tahap-4
01/17/2025,9,49,11,09:49:11,-164,Tahap-4
01/17/2025,9,49,36,09:49:36,2202,Tahap-4
01/17/2025,9,49,36,09:49:36,782,Tahap-4
01/17/2025,9,49,36,09:49:36,135,Tahap-4
01/17/2025,9,49,36,09:49:36,284,Tahap-4
01/17/2025,9,49,36,09:49:36,100,Tahap-4
01/17/2025,9,49,36,09:49:36,92,Tahap-4
01/17/2025,9,49,36,09:49:36,77,Tahap-4
01/17/2025,9,49,36,09:49:36,93,Tahap-4
01/17/2025,9,49,36,09:49:36,86,Tahap-4
01/17/2025,9,49,36,09:49:36,173,Tahap-4
01/17/2025,9,49,36,09:49:36,106,Tahap-4
01/17/2025,9,49,36,09:49:36,81,Tahap-4
01/17/2025,9,49,36,09:49:36,34,Tahap-4
01/17/2025,9,49,36,09:49:36,31,Tahap-4
01/17/2025,9,49,36,09:49:36,48,Tahap-4
01/17/2025,9,49,37,09:49:37,39,Tahap-4
01/17/2025,9,49,37,09:49:37,115,Tahap-4
01/17/2025,9,49,37,09:49:37,12,Tahap-4
01/17/2025,9,49,37,09:49:37,62,Tahap-4
01/17/2025,9,49,37,09:49:37,8,Tahap-4
01/17/2025,9,49,37,09:49:37,33,Tahap-4
01/17/2025,9,49,37,09:49:37,113,Tahap-4
01/17/2025,9,49,37,09:49:37,410,Tahap-4
01/17/2025,9,49,37,09:49:37,190,Tahap-4
01/17/2025,9,49,37,09:49:37,142,Tahap-4
01/17/2025,9,49,38,09:49:38,57,Tahap-4
01/17/2025,9,49,38,09:49:38,102,Tahap-4
01/17/2025,9,49,38,09:49:38,116,Tahap-4
01/17/2025,9,49,38,09:49:38,80,Tahap-4
01/17/2025,9,49,38,09:49:38,284,Tahap-4
01/17/2025,9,49,38,09:49:38,7,Tahap-4
01/17/2025,9,49,38,09:49:38,79,Tahap-4
01/17/2025,9,49,38,09:49:38,32,Tahap-4
01/17/2025,9,49,38,09:49:38,69,Tahap-4
01/17/2025,9,49,38,09:49:38,96,Tahap-4
01/17/2025,9,49,39,09:49:39,93,Tahap-4
01/17/2025,9,49,39,09:49:39,60,Tahap-4
01/17/2025,9,49,39,09:49:39,156,Tahap-4
01/17/2025,9,49,39,09:49:39,48,Tahap-4
01/17/2025,9,49,39,09:49:39,46,Tahap-4
01/17/2025,9,49,39,09:49:39,83,Tahap-4
01/17/2025,9,49,39,09:49:39,68,Tahap-4
01/17/2025,9,49,39,09:49:39,197,Tahap-4
01/17/2025,9,49,39,09:49:39,108,Tahap-4
01/17/2025,9,49,39,09:49:39,105,Tahap-4
01/17/2025,9,49,40,09:49:40,108,Tahap-4
01/17/2025,9,49,40,09:49:40,46,Tahap-4
01/17/2025,9,49,40,09:49:40,207,Tahap-4
01/17/2025,9,49,40,09:49:40,109,Tahap-4
01/17/2025,9,49,40,09:49:40,137,Tahap-4
01/17/2025,9,49,40,09:49:40,51,Tahap-4
01/17/2025,9,49,40,09:49:40,11,Tahap-4
01/17/2025,9,49,40,09:49:40,84,Tahap-4
01/17/2025,9,49,40,09:49:40,99,Tahap-4
01/17/2025,9,49,40,09:49:40,95,Tahap-4
01/17/2025,9,49,41,09:49:41,79,Tahap-4
01/17/2025,9,49,41,09:49:41,89,Tahap-4
01/17/2025,9,49,41,09:49:41,64,Tahap-4
01/17/2025,9,49,41,09:49:41,146,Tahap-4
01/17/2025,9,49,41,09:49:41,239,Tahap-4
01/17/2025,9,49,41,09:49:41,103,Tahap-4
01/17/2025,9,49,41,09:49:41,136,Tahap-4
01/17/2025,9,49,41,09:49:41,130,Tahap-4
01/17/2025,9,49,41,09:49:41,152,Tahap-4
01/17/2025,9,49,41,09:49:41,40,Tahap-4
01/17/2025,9,49,41,09:49:41,78,Tahap-4
01/17/2025,9,49,42,09:49:42,88,Tahap-4
01/17/2025,9,49,42,09:49:42,82,Tahap-4
01/17/2025,9,49,42,09:49:42,38,Tahap-4
01/17/2025,9,49,42,09:49:42,177,Tahap-4
01/17/2025,9,49,42,09:49:42,603,Tahap-4
01/17/2025,9,49,42,09:49:42,521,Tahap-4
01/17/2025,9,49,42,09:49:42,56,Tahap-4
01/17/2025,9,49,42,09:49:42,254,Tahap-4
01/17/2025,9,49,42,09:49:42,190,Tahap-4
01/17/2025,9,49,42,09:49:42,171,Tahap-4
01/17/2025,9,49,43,09:49:43,212,Tahap-4
01/17/2025,9,49,43,09:49:43,33,Tahap-4
01/17/2025,9,49,43,09:49:43,79,Tahap-4
01/17/2025,9,49,43,09:49:43,245,Tahap-4
01/17/2025,9,49,43,09:49:43,43,Tahap-4
01/17/2025,9,49,43,09:49:43,192,Tahap-4
01/17/2025,9,49,43,09:49:43,438,Tahap-4
01/17/2025,9,49,43,09:49:43,112,Tahap-4
01/17/2025,9,49,43,09:49:43,106,Tahap-4
01/17/2025,9,49,43,09:49:43,698,Tahap-4
01/17/2025,9,49,44,09:49:44,798,Tahap-4
01/17/2025,9,49,44,09:49:44,306,Tahap-4
01/17/2025,9,49,44,09:49:44,212,Tahap-4
01/17/2025,9,49,44,09:49:44,515,Tahap-4
01/17/2025,9,49,44,09:49:44,357,Tahap-4
01/17/2025,9,49,44,09:49:44,238,Tahap-4
01/17/2025,9,49,44,09:49:44,88,Tahap-4
01/17/2025,9,49,44,09:49:44,258,Tahap-4
01/17/2025,9,49,44,09:49:44,80,Tahap-4
01/17/2025,9,49,44,09:49:44,561,Tahap-4
01/17/2025,9,49,45,09:49:45,179,Tahap-4
01/17/2025,9,49,45,09:49:45,26,Tahap-4
01/17/2025,9,49,45,09:49:45,244,Tahap-4
01/17/2025,9,49,45,09:49:45,122,Tahap-4
01/17/2025,9,49,45,09:49:45,7,Tahap-4
01/17/2025,9,49,45,09:49:45,101,Tahap-4
01/17/2025,9,49,45,09:49:45,48,Tahap-4
01/17/2025,9,49,45,09:49:45,123,Tahap-4
01/17/2025,9,49,45,09:49:45,210,Tahap-4
01/17/2025,9,49,45,09:49:45,31,Tahap-4
01/17/2025,9,49,46,09:49:46,150,Tahap-4
01/17/2025,9,49,46,09:49:46,133,Tahap-4
01/17/2025,9,49,46,09:49:46,195,Tahap-4
01/17/2025,9,49,46,09:49:46,35,Tahap-4
01/17/2025,9,49,46,09:49:46,459,Tahap-4
01/17/2025,9,49,46,09:49:46,424,Tahap-4
01/17/2025,9,49,46,09:49:46,113,Tahap-4
01/17/2025,9,49,46,09:49:46,258,Tahap-4
01/17/2025,9,49,46,09:49:46,68,Tahap-4
01/17/2025,9,49,46,09:49:46,198,Tahap-4
01/17/2025,9,49,47,09:49:47,506,Tahap-4
01/17/2025,9,49,47,09:49:47,870,Tahap-4
01/17/2025,9,49,47,09:49:47,427,Tahap-4
01/17/2025,9,49,47,09:49:47,747,Tahap-4
01/17/2025,9,49,47,09:49:47,1429,Tahap-4
01/17/2025,9,49,47,09:49:47,1035,Tahap-4
01/17/2025,9,49,47,09:49:47,388,Tahap-4
01/17/2025,9,49,47,09:49:47,265,Tahap-4
01/17/2025,9,49,47,09:49:47,421,Tahap-4
01/17/2025,9,49,47,09:49:47,619,Tahap-4
01/17/2025,9,49,48,09:49:48,125,Tahap-4
01/17/2025,9,49,48,09:49:48,-192,Tahap-4
01/17/2025,9,49,48,09:49:48,64,Tahap-4
01/17/2025,9,49,48,09:49:48,-72,Tahap-4
01/17/2025,9,49,48,09:49:48,-32,Tahap-4
01/17/2025,9,49,48,09:49:48,40,Tahap-4
01/17/2025,9,49,48,09:49:48,-32,Tahap-4
01/17/2025,9,49,48,09:49:48,-48,Tahap-4
01/17/2025,9,49,48,09:49:48,-104,Tahap-4
01/17/2025,9,49,48,09:49:48,-104,Tahap-4
01/17/2025,9,49,49,09:49:49,-136,Tahap-4
01/17/2025,9,49,49,09:49:49,184,Tahap-4
01/17/2025,9,49,49,09:49:49,-184,Tahap-4
01/17/2025,9,49,49,09:49:49,-24,Tahap-4
01/17/2025,9,49,49,09:49:49,48,Tahap-4
01/17/2025,9,49,49,09:49:49,48,Tahap-4
01/17/2025,9,49,49,09:49:49,-104,Tahap-4
01/17/2025,9,49,49,09:49:49,232,Tahap-4
01/17/2025,9,49,49,09:49:49,-208,Tahap-4
01/17/2025,9,49,49,09:49:49,88,Tahap-4
01/17/2025,9,49,50,09:49:50,-304,Tahap-4
01/17/2025,9,49,50,09:49:50,8,Tahap-4
01/17/2025,9,49,50,09:49:50,-80,Tahap-4
01/17/2025,9,49,50,09:49:50,24,Tahap-4
01/17/2025,9,49,50,09:49:50,-16,Tahap-4
01/17/2025,9,49,50,09:49:50,168,Tahap-4
01/17/2025,9,49,50,09:49:50,32,Tahap-4
01/17/2025,9,49,50,09:49:50,-160,Tahap-4
01/17/2025,9,49,50,09:49:50,280,Tahap-4
01/17/2025,9,49,50,09:49:50,-128,Tahap-4
01/17/2025,9,49,51,09:49:51,64,Tahap-4
01/17/2025,9,49,51,09:49:51,-72,Tahap-4
01/17/2025,9,49,51,09:49:51,144,Tahap-4
01/17/2025,9,49,51,09:49:51,-184,Tahap-4
01/17/2025,9,49,51,09:49:51,24,Tahap-4
01/17/2025,9,49,51,09:49:51,88,Tahap-4
01/17/2025,9,49,51,09:49:51,-40,Tahap-4
01/17/2025,9,49,51,09:49:51,88,Tahap-4
01/17/2025,9,49,51,09:49:51,48,Tahap-4
01/17/2025,9,49,51,09:49:51,-40,Tahap-4
01/17/2025,9,49,52,09:49:52,-72,Tahap-4
01/17/2025,9,49,52,09:49:52,-48,Tahap-4
01/17/2025,9,49,52,09:49:52,-256,Tahap-4
01/17/2025,9,49,52,09:49:52,304,Tahap-4
01/17/2025,9,49,52,09:49:52,-296,Tahap-4
01/17/2025,9,49,52,09:49:52,16,Tahap-4
01/17/2025,9,49,52,09:49:52,32,Tahap-4
01/17/2025,9,49,52,09:49:52,200,Tahap-4
01/17/2025,9,49,52,09:49:52,-320,Tahap-4
01/17/2025,9,49,52,09:49:52,480,Tahap-4
01/17/2025,9,49,53,09:49:53,-256,Tahap-4
01/17/2025,9,49,53,09:49:53,128,Tahap-4
01/17/2025,9,49,53,09:49:53,-176,Tahap-4
01/17/2025,9,49,53,09:49:53,168,Tahap-4
01/17/2025,9,49,53,09:49:53,-112,Tahap-4
01/17/2025,9,49,53,09:49:53,-16,Tahap-4
01/17/2025,9,49,53,09:49:53,96,Tahap-4
01/17/2025,9,49,53,09:49:53,128,Tahap-4
01/17/2025,9,49,53,09:49:53,72,Tahap-4
01/17/2025,9,49,54,09:49:54,-16,Tahap-4
01/17/2025,9,49,54,09:49:54,200,Tahap-4
01/17/2025,9,49,54,09:49:54,-160,Tahap-4
01/17/2025,9,49,54,09:49:54,-104,Tahap-4
01/17/2025,9,49,54,09:49:54,192,Tahap-4
01/17/2025,9,49,54,09:49:54,-136,Tahap-4
01/17/2025,9,49,54,09:49:54,-8,Tahap-4
01/17/2025,9,49,54,09:49:54,56,Tahap-4
01/17/2025,9,49,54,09:49:54,152,Tahap-4
01/17/2025,9,49,54,09:49:54,-80,Tahap-4
01/17/2025,9,49,55,09:49:55,176,Tahap-4
01/17/2025,9,49,55,09:49:55,-48,Tahap-4
01/17/2025,9,49,55,09:49:55,216,Tahap-4
01/17/2025,9,49,55,09:49:55,-48,Tahap-4
01/17/2025,9,49,55,09:49:55,200,Tahap-4
01/17/2025,9,49,55,09:49:55,64,Tahap-4
01/17/2025,9,49,55,09:49:55,160,Tahap-4
01/17/2025,9,49,55,09:49:55,-160,Tahap-4
01/17/2025,9,49,55,09:49:55,320,Tahap-4
01/17/2025,9,49,55,09:49:55,72,Tahap-4
01/17/2025,9,49,56,09:49:56,128,Tahap-4
01/17/2025,9,49,56,09:49:56,-8,Tahap-4
01/17/2025,9,49,56,09:49:56,288,Tahap-4
01/17/2025,9,49,56,09:49:56,136,Tahap-4
01/17/2025,9,49,56,09:49:56,72,Tahap-4
01/17/2025,9,49,56,09:49:56,328,Tahap-4
01/17/2025,9,49,56,09:49:56,-64,Tahap-4
01/17/2025,9,49,56,09:49:56,128,Tahap-4
01/17/2025,9,49,56,09:49:56,232,Tahap-4
01/17/2025,9,49,57,09:49:57,88,Tahap-4
01/17/2025,9,49,57,09:49:57,296,Tahap-4
01/17/2025,9,49,57,09:49:57,-64,Tahap-4
01/17/2025,9,49,57,09:49:57,384,Tahap-4
01/17/2025,9,49,57,09:49:57,-56,Tahap-4
01/17/2025,9,49,57,09:49:57,112,Tahap-4
01/17/2025,9,49,57,09:49:57,120,Tahap-4
01/17/2025,9,49,57,09:49:57,80,Tahap-4
01/17/2025,9,49,57,09:49:57,8,Tahap-4
01/17/2025,9,49,57,09:49:57,144,Tahap-4
01/17/2025,9,49,58,09:49:58,256,Tahap-4
01/17/2025,9,49,58,09:49:58,-16,Tahap-4
01/17/2025,9,49,58,09:49:58,416,Tahap-4
01/17/2025,9,49,58,09:49:58,-120,Tahap-4
01/17/2025,9,49,58,09:49:58,368,Tahap-4
01/17/2025,9,49,58,09:49:58,-8,Tahap-4
01/17/2025,9,49,58,09:49:58,264,Tahap-4
01/17/2025,9,49,58,09:49:58,-40,Tahap-4
01/17/2025,9,49,58,09:49:58,440,Tahap-4
01/17/2025,9,49,58,09:49:58,-120,Tahap-4
01/17/2025,9,49,59,09:49:59,320,Tahap-4
01/17/2025,9,49,59,09:49:59,160,Tahap-4
01/17/2025,9,49,59,09:49:59,224,Tahap-4
01/17/2025,9,49,59,09:49:59,-8,Tahap-4
01/17/2025,9,49,59,09:49:59,256,Tahap-4
01/17/2025,9,49,59,09:49:59,120,Tahap-4
01/17/2025,9,49,59,09:49:59,-16,Tahap-4
01/17/2025,9,49,59,09:49:59,376,Tahap-4
01/17/2025,9,49,59,09:49:59,168,Tahap-4
01/17/2025,9,49,59,09:49:59,64,Tahap-4
01/17/2025,9,50,25,09:50:25,508,Tahap-4
01/17/2025,9,50,25,09:50:25,817,Tahap-4
01/17/2025,9,50,25,09:50:25,552,Tahap-4
01/17/2025,9,50,25,09:50:25,327,Tahap-4
01/17/2025,9,50,25,09:50:25,307,Tahap-4
01/17/2025,9,50,25,09:50:25,340,Tahap-4
01/17/2025,9,50,26,09:50:26,263,Tahap-4
01/17/2025,9,50,26,09:50:26,220,Tahap-4
01/17/2025,9,50,26,09:50:26,265,Tahap-4
01/17/2025,9,50,26,09:50:26,173,Tahap-4
01/17/2025,9,50,26,09:50:26,198,Tahap-4
01/17/2025,9,50,26,09:50:26,125,Tahap-4
01/17/2025,9,50,26,09:50:26,122,Tahap-4
01/17/2025,9,50,26,09:50:26,141,Tahap-4
01/17/2025,9,50,26,09:50:26,179,Tahap-4
01/17/2025,9,50,26,09:50:26,203,Tahap-4
01/17/2025,9,50,27,09:50:27,122,Tahap-4
01/17/2025,9,50,27,09:50:27,34,Tahap-4
01/17/2025,9,50,27,09:50:27,129,Tahap-4
01/17/2025,9,50,27,09:50:27,27,Tahap-4
01/17/2025,9,50,27,09:50:27,85,Tahap-4
01/17/2025,9,50,27,09:50:27,62,Tahap-4
01/17/2025,9,50,27,09:50:27,106,Tahap-4
01/17/2025,9,50,27,09:50:27,304,Tahap-4
01/17/2025,9,50,27,09:50:27,121,Tahap-4
01/17/2025,9,50,27,09:50:27,89,Tahap-4
01/17/2025,9,50,28,09:50:28,33,Tahap-4
01/17/2025,9,50,28,09:50:28,17,Tahap-4
01/17/2025,9,50,28,09:50:28,16,Tahap-4
01/17/2025,9,50,28,09:50:28,95,Tahap-4
01/17/2025,9,50,28,09:50:28,96,Tahap-4
01/17/2025,9,50,28,09:50:28,80,Tahap-4
01/17/2025,9,50,28,09:50:28,182,Tahap-4
01/17/2025,9,50,28,09:50:28,49,Tahap-4
01/17/2025,9,50,28,09:50:28,76,Tahap-4
01/17/2025,9,50,28,09:50:28,136,Tahap-4
01/17/2025,9,50,29,09:50:29,129,Tahap-4
01/17/2025,9,50,29,09:50:29,38,Tahap-4
01/17/2025,9,50,29,09:50:29,13,Tahap-4
01/17/2025,9,50,29,09:50:29,87,Tahap-4
01/17/2025,9,50,29,09:50:29,123,Tahap-4
01/17/2025,9,50,29,09:50:29,80,Tahap-4
01/17/2025,9,50,29,09:50:29,121,Tahap-4
01/17/2025,9,50,29,09:50:29,144,Tahap-4
01/17/2025,9,50,29,09:50:29,123,Tahap-4
01/17/2025,9,50,29,09:50:29,97,Tahap-4
01/17/2025,9,50,30,09:50:30,149,Tahap-4
01/17/2025,9,50,30,09:50:30,42,Tahap-4
01/17/2025,9,50,30,09:50:30,293,Tahap-4
01/17/2025,9,50,30,09:50:30,182,Tahap-4
01/17/2025,9,50,30,09:50:30,85,Tahap-4
01/17/2025,9,50,30,09:50:30,111,Tahap-4
01/17/2025,9,50,30,09:50:30,99,Tahap-4
01/17/2025,9,50,30,09:50:30,148,Tahap-4
01/17/2025,9,50,30,09:50:30,181,Tahap-4
01/17/2025,9,50,30,09:50:30,85,Tahap-4
01/17/2025,9,50,31,09:50:31,190,Tahap-4
01/17/2025,9,50,31,09:50:31,151,Tahap-4
01/17/2025,9,50,31,09:50:31,188,Tahap-4
01/17/2025,9,50,31,09:50:31,73,Tahap-4
01/17/2025,9,50,31,09:50:31,177,Tahap-4
01/17/2025,9,50,31,09:50:31,65,Tahap-4
01/17/2025,9,50,31,09:50:31,55,Tahap-4
01/17/2025,9,50,31,09:50:31,249,Tahap-4
01/17/2025,9,50,31,09:50:31,69,Tahap-4
01/17/2025,9,50,31,09:50:31,91,Tahap-4
01/17/2025,9,50,31,09:50:31,92,Tahap-4
01/17/2025,9,50,32,09:50:32,153,Tahap-4
01/17/2025,9,50,32,09:50:32,222,Tahap-4
01/17/2025,9,50,32,09:50:32,73,Tahap-4
01/17/2025,9,50,32,09:50:32,174,Tahap-4
01/17/2025,9,50,32,09:50:32,424,Tahap-4
01/17/2025,9,50,32,09:50:32,581,Tahap-4
01/17/2025,9,50,32,09:50:32,273,Tahap-4
01/17/2025,9,50,32,09:50:32,116,Tahap-4
01/17/2025,9,50,32,09:50:32,207,Tahap-4
01/17/2025,9,50,33,09:50:33,180,Tahap-4
01/17/2025,9,50,33,09:50:33,100,Tahap-4
01/17/2025,9,50,33,09:50:33,146,Tahap-4
01/17/2025,9,50,33,09:50:33,91,Tahap-4
01/17/2025,9,50,33,09:50:33,200,Tahap-4
01/17/2025,9,50,33,09:50:33,28,Tahap-4
01/17/2025,9,50,33,09:50:33,302,Tahap-4
01/17/2025,9,50,33,09:50:33,114,Tahap-4
01/17/2025,9,50,33,09:50:33,126,Tahap-4
01/17/2025,9,50,33,09:50:33,125,Tahap-4
01/17/2025,9,50,33,09:50:33,121,Tahap-4
01/17/2025,9,50,34,09:50:34,567,Tahap-4
01/17/2025,9,50,34,09:50:34,181,Tahap-4
01/17/2025,9,50,34,09:50:34,208,Tahap-4
01/17/2025,9,50,34,09:50:34,84,Tahap-4
01/17/2025,9,50,34,09:50:34,212,Tahap-4
01/17/2025,9,50,34,09:50:34,263,Tahap-4
01/17/2025,9,50,34,09:50:34,445,Tahap-4
01/17/2025,9,50,34,09:50:34,455,Tahap-4
01/17/2025,9,50,34,09:50:34,145,Tahap-4
01/17/2025,9,50,34,09:50:34,784,Tahap-4
01/17/2025,9,50,35,09:50:35,286,Tahap-4
01/17/2025,9,50,35,09:50:35,346,Tahap-4
01/17/2025,9,50,36,09:50:36,116,Tahap-4
01/17/2025,9,50,36,09:50:36,197,Tahap-4
01/17/2025,9,50,36,09:50:36,209,Tahap-4
01/17/2025,9,50,36,09:50:36,142,Tahap-4
01/17/2025,9,50,36,09:50:36,257,Tahap-4
01/17/2025,9,50,36,09:50:36,80,Tahap-4
01/17/2025,9,50,36,09:50:36,255,Tahap-4
01/17/2025,9,50,36,09:50:36,203,Tahap-4
01/17/2025,9,50,36,09:50:36,83,Tahap-4
01/17/2025,9,50,36,09:50:36,238,Tahap-4
01/17/2025,9,50,36,09:50:36,347,Tahap-4
01/17/2025,9,50,36,09:50:36,375,Tahap-4
01/17/2025,9,50,36,09:50:36,434,Tahap-4
01/17/2025,9,50,36,09:50:36,430,Tahap-4
01/17/2025,9,50,36,09:50:36,160,Tahap-4
01/17/2025,9,50,36,09:50:36,31,Tahap-4
01/17/2025,9,50,36,09:50:36,225,Tahap-4
01/17/2025,9,50,36,09:50:36,158,Tahap-4
01/17/2025,9,50,37,09:50:37,340,Tahap-4
01/17/2025,9,50,37,09:50:37,65,Tahap-4
01/17/2025,9,50,37,09:50:37,2178,Tahap-4
01/17/2025,9,50,37,09:50:37,266,Tahap-4
01/17/2025,9,50,37,09:50:37,1559,Tahap-4
01/17/2025,9,50,37,09:50:37,349,Tahap-4
01/17/2025,9,50,37,09:50:37,347,Tahap-4
01/17/2025,9,50,37,09:50:37,223,Tahap-4
01/17/2025,9,50,37,09:50:37,83,Tahap-4
01/17/2025,9,50,37,09:50:37,189,Tahap-4
01/17/2025,9,50,38,09:50:38,16,Tahap-4
01/17/2025,9,50,38,09:50:38,-144,Tahap-4
01/17/2025,9,50,38,09:50:38,16,Tahap-4
01/17/2025,9,50,38,09:50:38,-40,Tahap-4
01/17/2025,9,50,38,09:50:38,128,Tahap-4
01/17/2025,9,50,38,09:50:38,-40,Tahap-4
01/17/2025,9,50,38,09:50:38,64,Tahap-4
01/17/2025,9,50,38,09:50:38,-280,Tahap-4
01/17/2025,9,50,38,09:50:38,320,Tahap-4
01/17/2025,9,50,38,09:50:38,-232,Tahap-4
01/17/2025,9,50,39,09:50:39,112,Tahap-4
01/17/2025,9,50,39,09:50:39,-40,Tahap-4
01/17/2025,9,50,39,09:50:39,104,Tahap-4
01/17/2025,9,50,39,09:50:39,-112,Tahap-4
01/17/2025,9,50,39,09:50:39,296,Tahap-4
01/17/2025,9,50,39,09:50:39,-176,Tahap-4
01/17/2025,9,50,39,09:50:39,200,Tahap-4
01/17/2025,9,50,39,09:50:39,-192,Tahap-4
01/17/2025,9,50,39,09:50:39,200,Tahap-4
01/17/2025,9,50,39,09:50:39,-104,Tahap-4
01/17/2025,9,50,40,09:50:40,-80,Tahap-4
01/17/2025,9,50,40,09:50:40,200,Tahap-4
01/17/2025,9,50,40,09:50:40,-32,Tahap-4
01/17/2025,9,50,40,09:50:40,216,Tahap-4
01/17/2025,9,50,40,09:50:40,-136,Tahap-4
01/17/2025,9,50,40,09:50:40,264,Tahap-4
01/17/2025,9,50,40,09:50:40,-112,Tahap-4
01/17/2025,9,50,40,09:50:40,168,Tahap-4
01/17/2025,9,50,40,09:50:40,-192,Tahap-4
01/17/2025,9,50,40,09:50:40,296,Tahap-4
01/17/2025,9,50,41,09:50:41,-112,Tahap-4
01/17/2025,9,50,41,09:50:41,56,Tahap-4
01/17/2025,9,50,41,09:50:41,8,Tahap-4
01/17/2025,9,50,41,09:50:41,168,Tahap-4
01/17/2025,9,50,41,09:50:41,72,Tahap-4
01/17/2025,9,50,41,09:50:41,120,Tahap-4
01/17/2025,9,50,41,09:50:41,160,Tahap-4
01/17/2025,9,50,41,09:50:41,128,Tahap-4
01/17/2025,9,50,41,09:50:41,104,Tahap-4
01/17/2025,9,50,41,09:50:41,-56,Tahap-4
01/17/2025,9,50,42,09:50:42,360,Tahap-4
01/17/2025,9,50,42,09:50:42,-200,Tahap-4
01/17/2025,9,50,42,09:50:42,192,Tahap-4
01/17/2025,9,50,42,09:50:42,80,Tahap-4
01/17/2025,9,50,42,09:50:42,192,Tahap-4
01/17/2025,9,50,42,09:50:42,-128,Tahap-4
01/17/2025,9,50,42,09:50:42,440,Tahap-4
01/17/2025,9,50,42,09:50:42,-136,Tahap-4
01/17/2025,9,50,42,09:50:42,248,Tahap-4
01/17/2025,9,50,42,09:50:42,-112,Tahap-4
01/17/2025,9,50,43,09:50:43,256,Tahap-4
01/17/2025,9,50,43,09:50:43,24,Tahap-4
01/17/2025,9,50,43,09:50:43,72,Tahap-4
01/17/2025,9,50,43,09:50:43,-24,Tahap-4
01/17/2025,9,50,43,09:50:43,88,Tahap-4
01/17/2025,9,50,43,09:50:43,232,Tahap-4
01/17/2025,9,50,43,09:50:43,-208,Tahap-4
01/17/2025,9,50,43,09:50:43,320,Tahap-4
01/17/2025,9,50,43,09:50:43,-80,Tahap-4
01/17/2025,9,50,43,09:50:43,152,Tahap-4
01/17/2025,9,50,44,09:50:44,-96,Tahap-4
01/17/2025,9,50,44,09:50:44,256,Tahap-4
01/17/2025,9,50,44,09:50:44,-56,Tahap-4
01/17/2025,9,50,44,09:50:44,64,Tahap-4
01/17/2025,9,50,44,09:50:44,64,Tahap-4
01/17/2025,9,50,44,09:50:44,8,Tahap-4
01/17/2025,9,50,44,09:50:44,80,Tahap-4
01/17/2025,9,50,44,09:50:44,96,Tahap-4
01/17/2025,9,50,44,09:50:44,112,Tahap-4
01/17/2025,9,50,44,09:50:44,72,Tahap-4
01/17/2025,9,50,45,09:50:45,-144,Tahap-4
01/17/2025,9,50,45,09:50:45,8,Tahap-4
01/17/2025,9,50,45,09:50:45,80,Tahap-4
01/17/2025,9,50,45,09:50:45,48,Tahap-4
01/17/2025,9,50,45,09:50:45,88,Tahap-4
01/17/2025,9,50,45,09:50:45,64,Tahap-4
01/17/2025,9,50,45,09:50:45,-104,Tahap-4
01/17/2025,9,50,45,09:50:45,8,Tahap-4
01/17/2025,9,50,45,09:50:45,112,Tahap-4
01/17/2025,9,50,46,09:50:46,-32,Tahap-4
01/17/2025,9,50,46,09:50:46,72,Tahap-4
01/17/2025,9,50,46,09:50:46,56,Tahap-4
01/17/2025,9,50,46,09:50:46,-32,Tahap-4
01/17/2025,9,50,46,09:50:46,-8,Tahap-4
01/17/2025,9,50,46,09:50:46,64,Tahap-4
01/17/2025,9,50,46,09:50:46,-80,Tahap-4
01/17/2025,9,50,46,09:50:46,136,Tahap-4
01/17/2025,9,50,46,09:50:46,-256,Tahap-4
01/17/2025,9,50,46,09:50:46,240,Tahap-4
01/17/2025,9,50,47,09:50:47,8,Tahap-4
01/17/2025,9,50,47,09:50:47,-184,Tahap-4
01/17/2025,9,50,47,09:50:47,104,Tahap-4
01/17/2025,9,50,47,09:50:47,8,Tahap-4
01/17/2025,9,50,47,09:50:47,-152,Tahap-4
01/17/2025,9,50,47,09:50:47,-64,Tahap-4
01/17/2025,9,50,47,09:50:47,96,Tahap-4
01/17/2025,9,50,47,09:50:47,-136,Tahap-4
01/17/2025,9,50,47,09:50:47,168,Tahap-4
01/17/2025,9,50,47,09:50:47,-136,Tahap-4
01/17/2025,9,50,48,09:50:48,152,Tahap-4
01/17/2025,9,50,48,09:50:48,-192,Tahap-4
01/17/2025,9,50,48,09:50:48,128,Tahap-4
01/17/2025,9,50,48,09:50:48,-152,Tahap-4
01/17/2025,9,50,48,09:50:48,-24,Tahap-4
01/17/2025,9,50,48,09:50:48,-232,Tahap-4
01/17/2025,9,50,48,09:50:48,96,Tahap-4
01/17/2025,9,50,48,09:50:48,-184,Tahap-4
01/17/2025,9,50,48,09:50:48,80,Tahap-4
01/17/2025,9,50,48,09:50:48,-312,Tahap-4
01/17/2025,9,50,49,09:50:49,112,Tahap-4
01/17/2025,9,50,49,09:50:49,-64,Tahap-4
01/17/2025,9,50,49,09:50:49,-184,Tahap-4
01/17/2025,9,50,49,09:50:49,8,Tahap-4
01/17/2025,9,50,49,09:50:49,-80,Tahap-4
01/17/2025,9,50,49,09:50:49,-56,Tahap-4
01/17/2025,9,50,49,09:50:49,-160,Tahap-4
01/17/2025,9,50,49,09:50:49,-56,Tahap-4
01/17/2025,9,50,49,09:50:49,-344,Tahap-4
01/17/2025,9,50,49,09:50:49,88,Tahap-4
01/17/2025,9,50,50,09:50:50,-528,Tahap-4
01/17/2025,9,50,50,09:50:50,144,Tahap-4
01/17/2025,9,50,50,09:50:50,-224,Tahap-4
01/17/2025,9,50,50,09:50:50,-240,Tahap-4
01/17/2025,9,50,50,09:50:50,72,Tahap-4
01/17/2025,9,50,50,09:50:50,-360,Tahap-4
01/17/2025,9,50,50,09:50:50,-232,Tahap-4
01/17/2025,9,51,15,09:51:15,2269,Tahap-4
01/17/2025,9,51,15,09:51:15,185,Tahap-4
01/17/2025,9,51,15,09:51:15,174,Tahap-4
01/17/2025,9,51,15,09:51:15,287,Tahap-4
01/17/2025,9,51,15,09:51:15,177,Tahap-4
01/17/2025,9,51,15,09:51:15,137,Tahap-4
01/17/2025,9,51,15,09:51:15,214,Tahap-4
01/17/2025,9,51,16,09:51:16,122,Tahap-4
01/17/2025,9,51,16,09:51:16,200,Tahap-4
01/17/2025,9,51,16,09:51:16,101,Tahap-4
01/17/2025,9,51,16,09:51:16,24,Tahap-4
01/17/2025,9,51,16,09:51:16,13,Tahap-4
01/17/2025,9,51,16,09:51:16,158,Tahap-4
01/17/2025,9,51,16,09:51:16,60,Tahap-4
01/17/2025,9,51,16,09:51:16,130,Tahap-4
01/17/2025,9,51,16,09:51:16,56,Tahap-4
01/17/2025,9,51,16,09:51:16,51,Tahap-4
01/17/2025,9,51,17,09:51:17,147,Tahap-4
01/17/2025,9,51,17,09:51:17,45,Tahap-4
01/17/2025,9,51,17,09:51:17,41,Tahap-4
01/17/2025,9,51,17,09:51:17,167,Tahap-4
01/17/2025,9,51,17,09:51:17,96,Tahap-4
01/17/2025,9,51,17,09:51:17,495,Tahap-4
01/17/2025,9,51,17,09:51:17,425,Tahap-4
01/17/2025,9,51,17,09:51:17,177,Tahap-4
01/17/2025,9,51,17,09:51:17,88,Tahap-4
01/17/2025,9,51,17,09:51:17,180,Tahap-4
01/17/2025,9,51,18,09:51:18,116,Tahap-4
01/17/2025,9,51,18,09:51:18,87,Tahap-4
01/17/2025,9,51,18,09:51:18,139,Tahap-4
01/17/2025,9,51,18,09:51:18,157,Tahap-4
01/17/2025,9,51,18,09:51:18,63,Tahap-4
01/17/2025,9,51,18,09:51:18,80,Tahap-4
01/17/2025,9,51,18,09:51:18,61,Tahap-4
01/17/2025,9,51,18,09:51:18,140,Tahap-4
01/17/2025,9,51,18,09:51:18,105,Tahap-4
01/17/2025,9,51,18,09:51:18,146,Tahap-4
01/17/2025,9,51,19,09:51:19,26,Tahap-4
01/17/2025,9,51,19,09:51:19,94,Tahap-4
01/17/2025,9,51,19,09:51:19,51,Tahap-4
01/17/2025,9,51,19,09:51:19,49,Tahap-4
01/17/2025,9,51,19,09:51:19,40,Tahap-4
01/17/2025,9,51,19,09:51:19,160,Tahap-4
01/17/2025,9,51,19,09:51:19,64,Tahap-4
01/17/2025,9,51,19,09:51:19,69,Tahap-4
01/17/2025,9,51,19,09:51:19,292,Tahap-4
01/17/2025,9,51,19,09:51:19,199,Tahap-4
01/17/2025,9,51,20,09:51:20,135,Tahap-4
01/17/2025,9,51,20,09:51:20,25,Tahap-4
01/17/2025,9,51,20,09:51:20,100,Tahap-4
01/17/2025,9,51,20,09:51:20,74,Tahap-4
01/17/2025,9,51,20,09:51:20,36,Tahap-4
01/17/2025,9,51,20,09:51:20,191,Tahap-4
01/17/2025,9,51,20,09:51:20,107,Tahap-4
01/17/2025,9,51,20,09:51:20,121,Tahap-4
01/17/2025,9,51,20,09:51:20,68,Tahap-4
01/17/2025,9,51,20,09:51:20,108,Tahap-4
01/17/2025,9,51,21,09:51:21,93,Tahap-4
01/17/2025,9,51,21,09:51:21,57,Tahap-4
01/17/2025,9,51,21,09:51:21,132,Tahap-4
01/17/2025,9,51,21,09:51:21,71,Tahap-4
01/17/2025,9,51,21,09:51:21,112,Tahap-4
01/17/2025,9,51,21,09:51:21,120,Tahap-4
01/17/2025,9,51,21,09:51:21,61,Tahap-4
01/17/2025,9,51,21,09:51:21,231,Tahap-4
01/17/2025,9,51,21,09:51:21,105,Tahap-4
01/17/2025,9,51,21,09:51:21,132,Tahap-4
01/17/2025,9,51,22,09:51:22,261,Tahap-4
01/17/2025,9,51,22,09:51:22,275,Tahap-4
01/17/2025,9,51,22,09:51:22,343,Tahap-4
01/17/2025,9,51,22,09:51:22,786,Tahap-4
01/17/2025,9,51,22,09:51:22,624,Tahap-4
01/17/2025,9,51,22,09:51:22,203,Tahap-4
01/17/2025,9,51,22,09:51:22,222,Tahap-4
01/17/2025,9,51,22,09:51:22,280,Tahap-4
01/17/2025,9,51,22,09:51:22,58,Tahap-4
01/17/2025,9,51,22,09:51:22,149,Tahap-4
01/17/2025,9,51,23,09:51:23,94,Tahap-4
01/17/2025,9,51,23,09:51:23,195,Tahap-4
01/17/2025,9,51,23,09:51:23,100,Tahap-4
01/17/2025,9,51,23,09:51:23,195,Tahap-4
01/17/2025,9,51,23,09:51:23,120,Tahap-4
01/17/2025,9,51,23,09:51:23,333,Tahap-4
01/17/2025,9,51,23,09:51:23,292,Tahap-4
01/17/2025,9,51,23,09:51:23,201,Tahap-4
01/17/2025,9,51,23,09:51:23,917,Tahap-4
01/17/2025,9,51,23,09:51:23,993,Tahap-4
01/17/2025,9,51,24,09:51:24,502,Tahap-4
01/17/2025,9,51,24,09:51:24,212,Tahap-4
01/17/2025,9,51,24,09:51:24,197,Tahap-4
01/17/2025,9,51,24,09:51:24,238,Tahap-4
01/17/2025,9,51,24,09:51:24,159,Tahap-4
01/17/2025,9,51,24,09:51:24,428,Tahap-4
01/17/2025,9,51,24,09:51:24,841,Tahap-4
01/17/2025,9,51,24,09:51:24,113,Tahap-4
01/17/2025,9,51,24,09:51:24,571,Tahap-4
01/17/2025,9,51,24,09:51:24,347,Tahap-4
01/17/2025,9,51,25,09:51:25,93,Tahap-4
01/17/2025,9,51,25,09:51:25,149,Tahap-4
01/17/2025,9,51,25,09:51:25,137,Tahap-4
01/17/2025,9,51,25,09:51:25,60,Tahap-4
01/17/2025,9,51,25,09:51:25,178,Tahap-4
01/17/2025,9,51,25,09:51:25,70,Tahap-4
01/17/2025,9,51,25,09:51:25,146,Tahap-4
01/17/2025,9,51,25,09:51:25,147,Tahap-4
01/17/2025,9,51,25,09:51:25,233,Tahap-4
01/17/2025,9,51,25,09:51:25,234,Tahap-4
01/17/2025,9,51,26,09:51:26,74,Tahap-4
01/17/2025,9,51,26,09:51:26,131,Tahap-4
01/17/2025,9,51,26,09:51:26,502,Tahap-4
01/17/2025,9,51,26,09:51:26,243,Tahap-4
01/17/2025,9,51,26,09:51:26,281,Tahap-4
01/17/2025,9,51,26,09:51:26,113,Tahap-4
01/17/2025,9,51,26,09:51:26,125,Tahap-4
01/17/2025,9,51,26,09:51:26,87,Tahap-4
01/17/2025,9,51,26,09:51:26,338,Tahap-4
01/17/2025,9,51,26,09:51:26,381,Tahap-4
01/17/2025,9,51,27,09:51:27,727,Tahap-4
01/17/2025,9,51,27,09:51:27,1420,Tahap-4
01/17/2025,9,51,27,09:51:27,1115,Tahap-4
01/17/2025,9,51,27,09:51:27,701,Tahap-4
01/17/2025,9,51,27,09:51:27,747,Tahap-4
01/17/2025,9,51,27,09:51:27,292,Tahap-4
01/17/2025,9,51,27,09:51:27,169,Tahap-4
01/17/2025,9,51,27,09:51:27,93,Tahap-4
01/17/2025,9,51,27,09:51:27,1082,Tahap-4
01/17/2025,9,51,27,09:51:27,591,Tahap-4
01/17/2025,9,51,28,09:51:28,196,Tahap-4
01/17/2025,9,51,28,09:51:28,-152,Tahap-4
01/17/2025,9,51,28,09:51:28,204,Tahap-4
01/17/2025,9,51,28,09:51:28,112,Tahap-4
01/17/2025,9,51,28,09:51:28,56,Tahap-4
01/17/2025,9,51,28,09:51:28,128,Tahap-4
01/17/2025,9,51,28,09:51:28,12,Tahap-4
01/17/2025,9,51,28,09:51:28,36,Tahap-4
01/17/2025,9,51,28,09:51:28,120,Tahap-4
01/17/2025,9,51,28,09:51:28,-36,Tahap-4
01/17/2025,9,51,29,09:51:29,60,Tahap-4
01/17/2025,9,51,29,09:51:29,-96,Tahap-4
01/17/2025,9,51,29,09:51:29,88,Tahap-4
01/17/2025,9,51,29,09:51:29,-72,Tahap-4
01/17/2025,9,51,29,09:51:29,172,Tahap-4
01/17/2025,9,51,29,09:51:29,-16,Tahap-4
01/17/2025,9,51,29,09:51:29,164,Tahap-4
01/17/2025,9,51,29,09:51:29,-52,Tahap-4
01/17/2025,9,51,29,09:51:29,88,Tahap-4
01/17/2025,9,51,29,09:51:29,60,Tahap-4
01/17/2025,9,51,30,09:51:30,128,Tahap-4
01/17/2025,9,51,30,09:51:30,-40,Tahap-4
01/17/2025,9,51,30,09:51:30,72,Tahap-4
01/17/2025,9,51,30,09:51:30,84,Tahap-4
01/17/2025,9,51,30,09:51:30,-24,Tahap-4
01/17/2025,9,51,30,09:51:30,64,Tahap-4
01/17/2025,9,51,30,09:51:30,172,Tahap-4
01/17/2025,9,51,30,09:51:30,-32,Tahap-4
01/17/2025,9,51,30,09:51:30,120,Tahap-4
01/17/2025,9,51,30,09:51:30,104,Tahap-4
01/17/2025,9,51,31,09:51:31,20,Tahap-4
01/17/2025,9,51,31,09:51:31,108,Tahap-4
01/17/2025,9,51,31,09:51:31,-4,Tahap-4
01/17/2025,9,51,31,09:51:31,60,Tahap-4
01/17/2025,9,51,31,09:51:31,84,Tahap-4
01/17/2025,9,51,31,09:51:31,56,Tahap-4
01/17/2025,9,51,31,09:51:31,64,Tahap-4
01/17/2025,9,51,31,09:51:31,76,Tahap-4
01/17/2025,9,51,31,09:51:31,80,Tahap-4
01/17/2025,9,51,31,09:51:31,-52,Tahap-4
01/17/2025,9,51,32,09:51:32,224,Tahap-4
01/17/2025,9,51,32,09:51:32,-40,Tahap-4
01/17/2025,9,51,32,09:51:32,80,Tahap-4
01/17/2025,9,51,32,09:51:32,-48,Tahap-4
01/17/2025,9,51,32,09:51:32,44,Tahap-4
01/17/2025,9,51,32,09:51:32,-20,Tahap-4
01/17/2025,9,51,32,09:51:32,28,Tahap-4
01/17/2025,9,51,32,09:51:32,4,Tahap-4
01/17/2025,9,51,32,09:51:32,44,Tahap-4
01/17/2025,9,51,32,09:51:32,16,Tahap-4
01/17/2025,9,51,33,09:51:33,56,Tahap-4
01/17/2025,9,51,33,09:51:33,-4,Tahap-4
01/17/2025,9,51,33,09:51:33,48,Tahap-4
01/17/2025,9,51,33,09:51:33,-68,Tahap-4
01/17/2025,9,51,33,09:51:33,-56,Tahap-4
01/17/2025,9,51,33,09:51:33,28,Tahap-4
01/17/2025,9,51,33,09:51:33,-52,Tahap-4
01/17/2025,9,51,33,09:51:33,-84,Tahap-4
01/17/2025,9,51,33,09:51:33,104,Tahap-4
01/17/2025,9,51,33,09:51:33,8,Tahap-4
01/17/2025,9,51,34,09:51:34,-48,Tahap-4
01/17/2025,9,51,34,09:51:34,52,Tahap-4
01/17/2025,9,51,34,09:51:34,24,Tahap-4
01/17/2025,9,51,34,09:51:34,-40,Tahap-4
01/17/2025,9,51,34,09:51:34,-156,Tahap-4
01/17/2025,9,51,34,09:51:34,40,Tahap-4
01/17/2025,9,51,34,09:51:34,-116,Tahap-4
01/17/2025,9,51,34,09:51:34,40,Tahap-4
01/17/2025,9,51,34,09:51:34,-32,Tahap-4
01/17/2025,9,51,35,09:51:35,80,Tahap-4
01/17/2025,9,51,35,09:51:35,-124,Tahap-4
01/17/2025,9,51,36,09:51:36,72,Tahap-4
01/17/2025,9,51,36,09:51:36,-32,Tahap-4
01/17/2025,9,51,36,09:51:36,-44,Tahap-4
01/17/2025,9,51,36,09:51:36,-56,Tahap-4
01/17/2025,9,51,36,09:51:36,-44,Tahap-4
01/17/2025,9,51,36,09:51:36,-64,Tahap-4
01/17/2025,9,51,36,09:51:36,-128,Tahap-4
01/17/2025,9,51,36,09:51:36,28,Tahap-4
01/17/2025,9,51,36,09:51:36,-28,Tahap-4
01/17/2025,9,51,36,09:51:36,-8,Tahap-4
01/17/2025,9,51,36,09:51:36,-44,Tahap-4
01/17/2025,9,51,36,09:51:36,44,Tahap-4
01/17/2025,9,51,36,09:51:36,-120,Tahap-4
01/17/2025,9,51,36,09:51:36,72,Tahap-4
01/17/2025,9,51,36,09:51:36,-188,Tahap-4
01/17/2025,9,51,36,09:51:36,-88,Tahap-4
01/17/2025,9,51,36,09:51:36,-100,Tahap-4
01/17/2025,9,51,37,09:51:37,-68,Tahap-4
01/17/2025,9,51,37,09:51:37,44,Tahap-4
01/17/2025,9,51,37,09:51:37,-132,Tahap-4
01/17/2025,9,51,37,09:51:37,-8,Tahap-4
01/17/2025,9,51,37,09:51:37,24,Tahap-4
01/17/2025,9,51,37,09:51:37,-152,Tahap-4
01/17/2025,9,51,37,09:51:37,8,Tahap-4
01/17/2025,9,51,37,09:51:37,-84,Tahap-4
01/17/2025,9,51,37,09:51:37,40,Tahap-4
01/17/2025,9,51,37,09:51:37,-100,Tahap-4
01/17/2025,9,51,38,09:51:38,-32,Tahap-4
01/17/2025,9,51,38,09:51:38,-64,Tahap-4
01/17/2025,9,51,38,09:51:38,32,Tahap-4
01/17/2025,9,51,38,09:51:38,-56,Tahap-4
01/17/2025,9,51,38,09:51:38,-68,Tahap-4
01/17/2025,9,51,38,09:51:38,44,Tahap-4
01/17/2025,9,51,38,09:51:38,-48,Tahap-4
01/17/2025,9,51,38,09:51:38,-44,Tahap-4
01/17/2025,9,51,38,09:51:38,-108,Tahap-4
01/17/2025,9,51,38,09:51:38,-40,Tahap-4
01/17/2025,9,51,39,09:51:39,-124,Tahap-4
01/17/2025,9,51,39,09:51:39,-60,Tahap-4
01/17/2025,9,51,39,09:51:39,-48,Tahap-4
01/17/2025,9,51,39,09:51:39,-52,Tahap-4
01/17/2025,9,51,39,09:51:39,-100,Tahap-4
01/17/2025,9,51,39,09:51:39,52,Tahap-4
01/17/2025,9,51,39,09:51:39,-84,Tahap-4
01/17/2025,9,51,39,09:51:39,20,Tahap-4
01/17/2025,9,51,39,09:51:39,-116,Tahap-4
01/17/2025,9,51,39,09:51:39,-120,Tahap-4
01/17/2025,9,51,40,09:51:40,4,Tahap-4
01/17/2025,9,51,40,09:51:40,-136,Tahap-4
01/17/2025,9,51,40,09:51:40,-96,Tahap-4
01/17/2025,9,51,40,09:51:40,-8,Tahap-4
01/17/2025,9,51,40,09:51:40,-128,Tahap-4
01/17/2025,9,51,40,09:51:40,-172,Tahap-4
01/17/2025,9,51,40,09:51:40,72,Tahap-4
01/17/2025,9,51,40,09:51:40,-132,Tahap-4
01/17/2025,9,52,5,09:52:05,4586,Tahap-4
01/17/2025,9,52,6,09:52:06,1076,Tahap-4
01/17/2025,9,52,6,09:52:06,520,Tahap-4
01/17/2025,9,52,6,09:52:06,646,Tahap-4
01/17/2025,9,52,6,09:52:06,291,Tahap-4
01/17/2025,9,52,6,09:52:06,358,Tahap-4
01/17/2025,9,52,6,09:52:06,383,Tahap-4
01/17/2025,9,52,6,09:52:06,252,Tahap-4
01/17/2025,9,52,6,09:52:06,158,Tahap-4
01/17/2025,9,52,6,09:52:06,222,Tahap-4
01/17/2025,9,52,6,09:52:06,267,Tahap-4
01/17/2025,9,52,6,09:52:06,243,Tahap-4
01/17/2025,9,52,6,09:52:06,129,Tahap-4
01/17/2025,9,52,6,09:52:06,201,Tahap-4
01/17/2025,9,52,6,09:52:06,186,Tahap-4
01/17/2025,9,52,6,09:52:06,52,Tahap-4
01/17/2025,9,52,6,09:52:06,97,Tahap-4
01/17/2025,9,52,6,09:52:06,156,Tahap-4
01/17/2025,9,52,7,09:52:07,212,Tahap-4
01/17/2025,9,52,7,09:52:07,92,Tahap-4
01/17/2025,9,52,7,09:52:07,230,Tahap-4
01/17/2025,9,52,7,09:52:07,108,Tahap-4
01/17/2025,9,52,7,09:52:07,377,Tahap-4
01/17/2025,9,52,7,09:52:07,231,Tahap-4
01/17/2025,9,52,7,09:52:07,140,Tahap-4
01/17/2025,9,52,7,09:52:07,23,Tahap-4
01/17/2025,9,52,7,09:52:07,288,Tahap-4
01/17/2025,9,52,7,09:52:07,42,Tahap-4
01/17/2025,9,52,8,09:52:08,52,Tahap-4
01/17/2025,9,52,8,09:52:08,96,Tahap-4
01/17/2025,9,52,8,09:52:08,112,Tahap-4
01/17/2025,9,52,8,09:52:08,97,Tahap-4
01/17/2025,9,52,8,09:52:08,107,Tahap-4
01/17/2025,9,52,8,09:52:08,112,Tahap-4
01/17/2025,9,52,8,09:52:08,112,Tahap-4
01/17/2025,9,52,8,09:52:08,68,Tahap-4
01/17/2025,9,52,8,09:52:08,1,Tahap-4
01/17/2025,9,52,8,09:52:08,26,Tahap-4
01/17/2025,9,52,9,09:52:09,134,Tahap-4
01/17/2025,9,52,9,09:52:09,143,Tahap-4
01/17/2025,9,52,9,09:52:09,114,Tahap-4
01/17/2025,9,52,9,09:52:09,98,Tahap-4
01/17/2025,9,52,9,09:52:09,224,Tahap-4
01/17/2025,9,52,9,09:52:09,104,Tahap-4
01/17/2025,9,52,9,09:52:09,70,Tahap-4
01/17/2025,9,52,9,09:52:09,151,Tahap-4
01/17/2025,9,52,9,09:52:09,250,Tahap-4
01/17/2025,9,52,9,09:52:09,146,Tahap-4
01/17/2025,9,52,10,09:52:10,42,Tahap-4
01/17/2025,9,52,10,09:52:10,79,Tahap-4
01/17/2025,9,52,10,09:52:10,197,Tahap-4
01/17/2025,9,52,10,09:52:10,71,Tahap-4
01/17/2025,9,52,10,09:52:10,37,Tahap-4
01/17/2025,9,52,10,09:52:10,192,Tahap-4
01/17/2025,9,52,10,09:52:10,48,Tahap-4
01/17/2025,9,52,10,09:52:10,85,Tahap-4
01/17/2025,9,52,10,09:52:10,76,Tahap-4
01/17/2025,9,52,10,09:52:10,80,Tahap-4
01/17/2025,9,52,11,09:52:11,97,Tahap-4
01/17/2025,9,52,11,09:52:11,170,Tahap-4
01/17/2025,9,52,11,09:52:11,116,Tahap-4
01/17/2025,9,52,11,09:52:11,97,Tahap-4
01/17/2025,9,52,11,09:52:11,51,Tahap-4
01/17/2025,9,52,11,09:52:11,142,Tahap-4
01/17/2025,9,52,11,09:52:11,126,Tahap-4
01/17/2025,9,52,11,09:52:11,206,Tahap-4
01/17/2025,9,52,11,09:52:11,156,Tahap-4
01/17/2025,9,52,11,09:52:11,98,Tahap-4
01/17/2025,9,52,12,09:52:12,65,Tahap-4
01/17/2025,9,52,12,09:52:12,145,Tahap-4
01/17/2025,9,52,12,09:52:12,863,Tahap-4
01/17/2025,9,52,12,09:52:12,146,Tahap-4
01/17/2025,9,52,12,09:52:12,71,Tahap-4
01/17/2025,9,52,12,09:52:12,176,Tahap-4
01/17/2025,9,52,12,09:52:12,210,Tahap-4
01/17/2025,9,52,12,09:52:12,111,Tahap-4
01/17/2025,9,52,12,09:52:12,180,Tahap-4
01/17/2025,9,52,12,09:52:12,73,Tahap-4
01/17/2025,9,52,13,09:52:13,97,Tahap-4
01/17/2025,9,52,13,09:52:13,152,Tahap-4
01/17/2025,9,52,13,09:52:13,51,Tahap-4
01/17/2025,9,52,13,09:52:13,235,Tahap-4
01/17/2025,9,52,13,09:52:13,350,Tahap-4
01/17/2025,9,52,13,09:52:13,300,Tahap-4
01/17/2025,9,52,13,09:52:13,117,Tahap-4
01/17/2025,9,52,13,09:52:13,1201,Tahap-4
01/17/2025,9,52,13,09:52:13,359,Tahap-4
01/17/2025,9,52,13,09:52:13,277,Tahap-4
01/17/2025,9,52,14,09:52:14,153,Tahap-4
01/17/2025,9,52,14,09:52:14,214,Tahap-4
01/17/2025,9,52,14,09:52:14,150,Tahap-4
01/17/2025,9,52,14,09:52:14,297,Tahap-4
01/17/2025,9,52,14,09:52:14,334,Tahap-4
01/17/2025,9,52,14,09:52:14,687,Tahap-4
01/17/2025,9,52,14,09:52:14,604,Tahap-4
01/17/2025,9,52,14,09:52:14,264,Tahap-4
01/17/2025,9,52,14,09:52:14,100,Tahap-4
01/17/2025,9,52,14,09:52:14,423,Tahap-4
01/17/2025,9,52,15,09:52:15,266,Tahap-4
01/17/2025,9,52,15,09:52:15,92,Tahap-4
01/17/2025,9,52,15,09:52:15,96,Tahap-4
01/17/2025,9,52,15,09:52:15,222,Tahap-4
01/17/2025,9,52,15,09:52:15,59,Tahap-4
01/17/2025,9,52,15,09:52:15,210,Tahap-4
01/17/2025,9,52,15,09:52:15,175,Tahap-4
01/17/2025,9,52,15,09:52:15,227,Tahap-4
01/17/2025,9,52,15,09:52:15,68,Tahap-4
01/17/2025,9,52,15,09:52:15,58,Tahap-4
01/17/2025,9,52,16,09:52:16,283,Tahap-4
01/17/2025,9,52,16,09:52:16,498,Tahap-4
01/17/2025,9,52,16,09:52:16,478,Tahap-4
01/17/2025,9,52,16,09:52:16,369,Tahap-4
01/17/2025,9,52,16,09:52:16,210,Tahap-4
01/17/2025,9,52,16,09:52:16,94,Tahap-4
01/17/2025,9,52,16,09:52:16,192,Tahap-4
01/17/2025,9,52,16,09:52:16,205,Tahap-4
01/17/2025,9,52,16,09:52:16,340,Tahap-4
01/17/2025,9,52,16,09:52:16,1165,Tahap-4
01/17/2025,9,52,17,09:52:17,321,Tahap-4
01/17/2025,9,52,17,09:52:17,700,Tahap-4
01/17/2025,9,52,17,09:52:17,266,Tahap-4
01/17/2025,9,52,17,09:52:17,851,Tahap-4
01/17/2025,9,52,17,09:52:17,688,Tahap-4
01/17/2025,9,52,17,09:52:17,215,Tahap-4
01/17/2025,9,52,17,09:52:17,391,Tahap-4
01/17/2025,9,52,17,09:52:17,530,Tahap-4
01/17/2025,9,52,17,09:52:17,1159,Tahap-4
01/17/2025,9,52,17,09:52:17,12,Tahap-4
01/17/2025,9,52,18,09:52:18,176,Tahap-4
01/17/2025,9,52,18,09:52:18,52,Tahap-4
01/17/2025,9,52,18,09:52:18,216,Tahap-4
01/17/2025,9,52,18,09:52:18,32,Tahap-4
01/17/2025,9,52,18,09:52:18,228,Tahap-4
01/17/2025,9,52,18,09:52:18,20,Tahap-4
01/17/2025,9,52,18,09:52:18,152,Tahap-4
01/17/2025,9,52,18,09:52:18,-16,Tahap-4
01/17/2025,9,52,18,09:52:18,136,Tahap-4
01/17/2025,9,52,18,09:52:18,108,Tahap-4
01/17/2025,9,52,19,09:52:19,-4,Tahap-4
01/17/2025,9,52,19,09:52:19,220,Tahap-4
01/17/2025,9,52,19,09:52:19,168,Tahap-4
01/17/2025,9,52,19,09:52:19,48,Tahap-4
01/17/2025,9,52,19,09:52:19,192,Tahap-4
01/17/2025,9,52,19,09:52:19,152,Tahap-4
01/17/2025,9,52,19,09:52:19,68,Tahap-4
01/17/2025,9,52,19,09:52:19,164,Tahap-4
01/17/2025,9,52,19,09:52:19,32,Tahap-4
01/17/2025,9,52,19,09:52:19,208,Tahap-4
01/17/2025,9,52,20,09:52:20,84,Tahap-4
01/17/2025,9,52,20,09:52:20,156,Tahap-4
01/17/2025,9,52,20,09:52:20,104,Tahap-4
01/17/2025,9,52,20,09:52:20,236,Tahap-4
01/17/2025,9,52,20,09:52:20,36,Tahap-4
01/17/2025,9,52,20,09:52:20,96,Tahap-4
01/17/2025,9,52,20,09:52:20,212,Tahap-4
01/17/2025,9,52,20,09:52:20,12,Tahap-4
01/17/2025,9,52,20,09:52:20,132,Tahap-4
01/17/2025,9,52,20,09:52:20,32,Tahap-4
01/17/2025,9,52,21,09:52:21,200,Tahap-4
01/17/2025,9,52,21,09:52:21,-4,Tahap-4
01/17/2025,9,52,21,09:52:21,228,Tahap-4
01/17/2025,9,52,21,09:52:21,36,Tahap-4
01/17/2025,9,52,21,09:52:21,152,Tahap-4
01/17/2025,9,52,21,09:52:21,100,Tahap-4
01/17/2025,9,52,21,09:52:21,160,Tahap-4
01/17/2025,9,52,21,09:52:21,32,Tahap-4
01/17/2025,9,52,21,09:52:21,200,Tahap-4
01/17/2025,9,52,21,09:52:21,-40,Tahap-4
01/17/2025,9,52,22,09:52:22,132,Tahap-4
01/17/2025,9,52,22,09:52:22,184,Tahap-4
01/17/2025,9,52,22,09:52:22,64,Tahap-4
01/17/2025,9,52,22,09:52:22,148,Tahap-4
01/17/2025,9,52,22,09:52:22,192,Tahap-4
01/17/2025,9,52,22,09:52:22,80,Tahap-4
01/17/2025,9,52,22,09:52:22,104,Tahap-4
01/17/2025,9,52,22,09:52:22,264,Tahap-4
01/17/2025,9,52,22,09:52:22,-8,Tahap-4
01/17/2025,9,52,22,09:52:22,216,Tahap-4
01/17/2025,9,52,23,09:52:23,76,Tahap-4
01/17/2025,9,52,23,09:52:23,148,Tahap-4
01/17/2025,9,52,23,09:52:23,112,Tahap-4
01/17/2025,9,52,23,09:52:23,120,Tahap-4
01/17/2025,9,52,23,09:52:23,96,Tahap-4
01/17/2025,9,52,23,09:52:23,188,Tahap-4
01/17/2025,9,52,23,09:52:23,116,Tahap-4
01/17/2025,9,52,23,09:52:23,52,Tahap-4
01/17/2025,9,52,23,09:52:23,204,Tahap-4
01/17/2025,9,52,23,09:52:23,120,Tahap-4
01/17/2025,9,52,23,09:52:23,68,Tahap-4
01/17/2025,9,52,24,09:52:24,120,Tahap-4
01/17/2025,9,52,24,09:52:24,104,Tahap-4
01/17/2025,9,52,24,09:52:24,108,Tahap-4
01/17/2025,9,52,24,09:52:24,16,Tahap-4
01/17/2025,9,52,24,09:52:24,184,Tahap-4
01/17/2025,9,52,24,09:52:24,72,Tahap-4
01/17/2025,9,52,24,09:52:24,156,Tahap-4
01/17/2025,9,52,24,09:52:24,112,Tahap-4
01/17/2025,9,52,24,09:52:24,136,Tahap-4
01/17/2025,9,52,24,09:52:24,48,Tahap-4
01/17/2025,9,52,25,09:52:25,136,Tahap-4
01/17/2025,9,52,25,09:52:25,-20,Tahap-4
01/17/2025,9,52,25,09:52:25,128,Tahap-4
01/17/2025,9,52,25,09:52:25,80,Tahap-4
01/17/2025,9,52,25,09:52:25,-40,Tahap-4
01/17/2025,9,52,25,09:52:25,116,Tahap-4
01/17/2025,9,52,25,09:52:25,120,Tahap-4
01/17/2025,9,52,25,09:52:25,-80,Tahap-4
01/17/2025,9,52,25,09:52:25,168,Tahap-4
01/17/2025,9,52,25,09:52:25,44,Tahap-4
01/17/2025,9,52,26,09:52:26,84,Tahap-4
01/17/2025,9,52,26,09:52:26,36,Tahap-4
01/17/2025,9,52,26,09:52:26,20,Tahap-4
01/17/2025,9,52,26,09:52:26,104,Tahap-4
01/17/2025,9,52,26,09:52:26,-16,Tahap-4
01/17/2025,9,52,26,09:52:26,112,Tahap-4
01/17/2025,9,52,26,09:52:26,136,Tahap-4
01/17/2025,9,52,26,09:52:26,116,Tahap-4
01/17/2025,9,52,26,09:52:26,-48,Tahap-4
01/17/2025,9,52,27,09:52:27,208,Tahap-4
01/17/2025,9,52,27,09:52:27,-108,Tahap-4
01/17/2025,9,52,27,09:52:27,120,Tahap-4
01/17/2025,9,52,27,09:52:27,-68,Tahap-4
01/17/2025,9,52,27,09:52:27,132,Tahap-4
01/17/2025,9,52,27,09:52:27,72,Tahap-4
01/17/2025,9,52,27,09:52:27,68,Tahap-4
01/17/2025,9,52,27,09:52:27,32,Tahap-4
01/17/2025,9,52,27,09:52:27,60,Tahap-4
01/17/2025,9,52,28,09:52:28,128,Tahap-4
01/17/2025,9,52,28,09:52:28,-4,Tahap-4
01/17/2025,9,52,28,09:52:28,72,Tahap-4
01/17/2025,9,52,28,09:52:28,28,Tahap-4
01/17/2025,9,52,28,09:52:28,-56,Tahap-4
01/17/2025,9,52,28,09:52:28,140,Tahap-4
01/17/2025,9,52,28,09:52:28,12,Tahap-4
01/17/2025,9,52,28,09:52:28,20,Tahap-4
01/17/2025,9,52,28,09:52:28,96,Tahap-4
01/17/2025,9,52,28,09:52:28,32,Tahap-4
01/17/2025,9,52,29,09:52:29,-56,Tahap-4
01/17/2025,9,52,29,09:52:29,164,Tahap-4
01/17/2025,9,52,29,09:52:29,16,Tahap-4
01/17/2025,9,52,29,09:52:29,8,Tahap-4
01/17/2025,9,52,29,09:52:29,36,Tahap-4
01/17/2025,9,52,29,09:52:29,-92,Tahap-4
01/17/2025,9,52,29,09:52:29,120,Tahap-4
01/17/2025,9,52,29,09:52:29,-44,Tahap-4
01/17/2025,9,52,29,09:52:29,24,Tahap-4
01/17/2025,9,52,29,09:52:29,4,Tahap-4
01/17/2025,9,52,30,09:52:30,68,Tahap-4
01/17/2025,9,52,30,09:52:30,-108,Tahap-4
01/17/2025,9,52,30,09:52:30,112,Tahap-4
01/17/2025,9,52,30,09:52:30,-40,Tahap-4
01/17/2025,9,52,30,09:52:30,40,Tahap-4
01/17/2025,9,52,30,09:52:30,-48,Tahap-4
01/17/2025,9,52,30,09:52:30,44,Tahap-4
01/17/2025,9,52,55,09:52:55,1312,Tahap-4
01/17/2025,9,52,55,09:52:55,198,Tahap-4
01/17/2025,9,52,55,09:52:55,595,Tahap-4
01/17/2025,9,52,55,09:52:55,247,Tahap-4
01/17/2025,9,52,55,09:52:55,212,Tahap-4
01/17/2025,9,52,55,09:52:55,43,Tahap-4
01/17/2025,9,52,55,09:52:55,194,Tahap-4
01/17/2025,9,52,55,09:52:55,83,Tahap-4
01/17/2025,9,52,55,09:52:55,160,Tahap-4
01/17/2025,9,52,56,09:52:56,224,Tahap-4
01/17/2025,9,52,56,09:52:56,52,Tahap-4
01/17/2025,9,52,56,09:52:56,256,Tahap-4
01/17/2025,9,52,56,09:52:56,314,Tahap-4
01/17/2025,9,52,56,09:52:56,188,Tahap-4
01/17/2025,9,52,56,09:52:56,203,Tahap-4
01/17/2025,9,52,56,09:52:56,74,Tahap-4
01/17/2025,9,52,56,09:52:56,118,Tahap-4
01/17/2025,9,52,56,09:52:56,141,Tahap-4
01/17/2025,9,52,56,09:52:56,77,Tahap-4
01/17/2025,9,52,57,09:52:57,142,Tahap-4
01/17/2025,9,52,57,09:52:57,208,Tahap-4
01/17/2025,9,52,57,09:52:57,235,Tahap-4
01/17/2025,9,52,57,09:52:57,157,Tahap-4
01/17/2025,9,52,57,09:52:57,352,Tahap-4
01/17/2025,9,52,57,09:52:57,81,Tahap-4
01/17/2025,9,52,57,09:52:57,46,Tahap-4
01/17/2025,9,52,57,09:52:57,65,Tahap-4
01/17/2025,9,52,57,09:52:57,140,Tahap-4
01/17/2025,9,52,57,09:52:57,158,Tahap-4
01/17/2025,9,52,58,09:52:58,35,Tahap-4
01/17/2025,9,52,58,09:52:58,79,Tahap-4
01/17/2025,9,52,58,09:52:58,168,Tahap-4
01/17/2025,9,52,58,09:52:58,96,Tahap-4
01/17/2025,9,52,58,09:52:58,171,Tahap-4
01/17/2025,9,52,58,09:52:58,83,Tahap-4
01/17/2025,9,52,58,09:52:58,49,Tahap-4
01/17/2025,9,52,58,09:52:58,78,Tahap-4
01/17/2025,9,52,58,09:52:58,75,Tahap-4
01/17/2025,9,52,58,09:52:58,126,Tahap-4
01/17/2025,9,52,59,09:52:59,121,Tahap-4
01/17/2025,9,52,59,09:52:59,134,Tahap-4
01/17/2025,9,52,59,09:52:59,121,Tahap-4
01/17/2025,9,52,59,09:52:59,434,Tahap-4
01/17/2025,9,52,59,09:52:59,35,Tahap-4
01/17/2025,9,52,59,09:52:59,129,Tahap-4
01/17/2025,9,52,59,09:52:59,196,Tahap-4
01/17/2025,9,52,59,09:52:59,24,Tahap-4
01/17/2025,9,52,59,09:52:59,124,Tahap-4
01/17/2025,9,52,59,09:52:59,310,Tahap-4
01/17/2025,9,53,1,09:53:01,101,Tahap-4
01/17/2025,9,53,1,09:53:01,83,Tahap-4
01/17/2025,9,53,1,09:53:01,35,Tahap-4
01/17/2025,9,53,1,09:53:01,96,Tahap-4
01/17/2025,9,53,1,09:53:01,127,Tahap-4
01/17/2025,9,53,1,09:53:01,52,Tahap-4
01/17/2025,9,53,1,09:53:01,155,Tahap-4
01/17/2025,9,53,1,09:53:01,134,Tahap-4
01/17/2025,9,53,1,09:53:01,114,Tahap-4
01/17/2025,9,53,1,09:53:01,208,Tahap-4
01/17/2025,9,53,2,09:53:02,247,Tahap-4
01/17/2025,9,53,2,09:53:02,480,Tahap-4
01/17/2025,9,53,2,09:53:02,639,Tahap-4
01/17/2025,9,53,2,09:53:02,343,Tahap-4
01/17/2025,9,53,2,09:53:02,117,Tahap-4
01/17/2025,9,53,2,09:53:02,330,Tahap-4
01/17/2025,9,53,2,09:53:02,149,Tahap-4
01/17/2025,9,53,2,09:53:02,185,Tahap-4
01/17/2025,9,53,2,09:53:02,205,Tahap-4
01/17/2025,9,53,2,09:53:02,244,Tahap-4
01/17/2025,9,53,3,09:53:03,186,Tahap-4
01/17/2025,9,53,3,09:53:03,75,Tahap-4
01/17/2025,9,53,3,09:53:03,337,Tahap-4
01/17/2025,9,53,3,09:53:03,124,Tahap-4
01/17/2025,9,53,3,09:53:03,331,Tahap-4
01/17/2025,9,53,3,09:53:03,357,Tahap-4
01/17/2025,9,53,3,09:53:03,1067,Tahap-4
01/17/2025,9,53,3,09:53:03,602,Tahap-4
01/17/2025,9,53,3,09:53:03,303,Tahap-4
01/17/2025,9,53,3,09:53:03,118,Tahap-4
01/17/2025,9,53,4,09:53:04,174,Tahap-4
01/17/2025,9,53,4,09:53:04,235,Tahap-4
01/17/2025,9,53,4,09:53:04,49,Tahap-4
01/17/2025,9,53,4,09:53:04,148,Tahap-4
01/17/2025,9,53,4,09:53:04,335,Tahap-4
01/17/2025,9,53,4,09:53:04,158,Tahap-4
01/17/2025,9,53,4,09:53:04,567,Tahap-4
01/17/2025,9,53,4,09:53:04,253,Tahap-4
01/17/2025,9,53,4,09:53:04,289,Tahap-4
01/17/2025,9,53,4,09:53:04,206,Tahap-4
01/17/2025,9,53,5,09:53:05,158,Tahap-4
01/17/2025,9,53,5,09:53:05,146,Tahap-4
01/17/2025,9,53,5,09:53:05,113,Tahap-4
01/17/2025,9,53,6,09:53:06,155,Tahap-4
01/17/2025,9,53,6,09:53:06,177,Tahap-4
01/17/2025,9,53,6,09:53:06,190,Tahap-4
01/17/2025,9,53,6,09:53:06,394,Tahap-4
01/17/2025,9,53,6,09:53:06,109,Tahap-4
01/17/2025,9,53,6,09:53:06,63,Tahap-4
01/17/2025,9,53,6,09:53:06,45,Tahap-4
01/17/2025,9,53,6,09:53:06,489,Tahap-4
01/17/2025,9,53,6,09:53:06,191,Tahap-4
01/17/2025,9,53,6,09:53:06,222,Tahap-4
01/17/2025,9,53,6,09:53:06,41,Tahap-4
01/17/2025,9,53,6,09:53:06,154,Tahap-4
01/17/2025,9,53,6,09:53:06,207,Tahap-4
01/17/2025,9,53,6,09:53:06,204,Tahap-4
01/17/2025,9,53,6,09:53:06,506,Tahap-4
01/17/2025,9,53,6,09:53:06,527,Tahap-4
01/17/2025,9,53,6,09:53:06,867,Tahap-4
01/17/2025,9,53,7,09:53:07,1491,Tahap-4
01/17/2025,9,53,7,09:53:07,692,Tahap-4
01/17/2025,9,53,7,09:53:07,486,Tahap-4
01/17/2025,9,53,7,09:53:07,61,Tahap-4
01/17/2025,9,53,7,09:53:07,249,Tahap-4
01/17/2025,9,53,7,09:53:07,175,Tahap-4
01/17/2025,9,53,7,09:53:07,901,Tahap-4
01/17/2025,9,53,7,09:53:07,462,Tahap-4
01/17/2025,9,53,7,09:53:07,-128,Tahap-4
01/17/2025,9,53,7,09:53:07,-88,Tahap-4
01/17/2025,9,53,8,09:53:08,88,Tahap-4
01/17/2025,9,53,8,09:53:08,40,Tahap-4
01/17/2025,9,53,8,09:53:08,88,Tahap-4
01/17/2025,9,53,8,09:53:08,-24,Tahap-4
01/17/2025,9,53,8,09:53:08,128,Tahap-4
01/17/2025,9,53,8,09:53:08,-168,Tahap-4
01/17/2025,9,53,8,09:53:08,360,Tahap-4
01/17/2025,9,53,8,09:53:08,-88,Tahap-4
01/17/2025,9,53,9,09:53:09,-64,Tahap-4
01/17/2025,9,53,9,09:53:09,96,Tahap-4
01/17/2025,9,53,9,09:53:09,288,Tahap-4
01/17/2025,9,53,9,09:53:09,-256,Tahap-4
01/17/2025,9,53,9,09:53:09,352,Tahap-4
01/17/2025,9,53,9,09:53:09,-32,Tahap-4
01/17/2025,9,53,9,09:53:09,64,Tahap-4
01/17/2025,9,53,9,09:53:09,-56,Tahap-4
01/17/2025,9,53,9,09:53:09,248,Tahap-4
01/17/2025,9,53,9,09:53:09,64,Tahap-4
01/17/2025,9,53,10,09:53:10,88,Tahap-4
01/17/2025,9,53,10,09:53:10,128,Tahap-4
01/17/2025,9,53,10,09:53:10,168,Tahap-4
01/17/2025,9,53,10,09:53:10,216,Tahap-4
01/17/2025,9,53,10,09:53:10,184,Tahap-4
01/17/2025,9,53,10,09:53:10,184,Tahap-4
01/17/2025,9,53,10,09:53:10,240,Tahap-4
01/17/2025,9,53,10,09:53:10,88,Tahap-4
01/17/2025,9,53,10,09:53:10,-56,Tahap-4
01/17/2025,9,53,10,09:53:10,288,Tahap-4
01/17/2025,9,53,11,09:53:11,112,Tahap-4
01/17/2025,9,53,11,09:53:11,120,Tahap-4
01/17/2025,9,53,11,09:53:11,96,Tahap-4
01/17/2025,9,53,11,09:53:11,40,Tahap-4
01/17/2025,9,53,11,09:53:11,72,Tahap-4
01/17/2025,9,53,11,09:53:11,224,Tahap-4
01/17/2025,9,53,11,09:53:11,104,Tahap-4
01/17/2025,9,53,11,09:53:11,8,Tahap-4
01/17/2025,9,53,11,09:53:11,360,Tahap-4
01/17/2025,9,53,11,09:53:11,32,Tahap-4
01/17/2025,9,53,12,09:53:12,232,Tahap-4
01/17/2025,9,53,12,09:53:12,-160,Tahap-4
01/17/2025,9,53,12,09:53:12,416,Tahap-4
01/17/2025,9,53,12,09:53:12,-24,Tahap-4
01/17/2025,9,53,12,09:53:12,296,Tahap-4
01/17/2025,9,53,12,09:53:12,112,Tahap-4
01/17/2025,9,53,12,09:53:12,256,Tahap-4
01/17/2025,9,53,12,09:53:12,40,Tahap-4
01/17/2025,9,53,12,09:53:12,168,Tahap-4
01/17/2025,9,53,12,09:53:12,144,Tahap-4
01/17/2025,9,53,13,09:53:13,120,Tahap-4
01/17/2025,9,53,13,09:53:13,-208,Tahap-4
01/17/2025,9,53,13,09:53:13,-8,Tahap-4
01/17/2025,9,53,13,09:53:13,176,Tahap-4
01/17/2025,9,53,13,09:53:13,-96,Tahap-4
01/17/2025,9,53,13,09:53:13,176,Tahap-4
01/17/2025,9,53,13,09:53:13,64,Tahap-4
01/17/2025,9,53,13,09:53:13,8,Tahap-4
01/17/2025,9,53,13,09:53:13,-136,Tahap-4
01/17/2025,9,53,13,09:53:13,296,Tahap-4
01/17/2025,9,53,14,09:53:14,-232,Tahap-4
01/17/2025,9,53,14,09:53:14,112,Tahap-4
01/17/2025,9,53,14,09:53:14,-128,Tahap-4
01/17/2025,9,53,14,09:53:14,-64,Tahap-4
01/17/2025,9,53,14,09:53:14,72,Tahap-4
01/17/2025,9,53,14,09:53:14,88,Tahap-4
01/17/2025,9,53,14,09:53:14,48,Tahap-4
01/17/2025,9,53,14,09:53:14,232,Tahap-4
01/17/2025,9,53,14,09:53:14,88,Tahap-4
01/17/2025,9,53,14,09:53:14,-160,Tahap-4
01/17/2025,9,53,15,09:53:15,208,Tahap-4
01/17/2025,9,53,15,09:53:15,72,Tahap-4
01/17/2025,9,53,15,09:53:15,-48,Tahap-4
01/17/2025,9,53,15,09:53:15,32,Tahap-4
01/17/2025,9,53,15,09:53:15,48,Tahap-4
01/17/2025,9,53,15,09:53:15,32,Tahap-4
01/17/2025,9,53,15,09:53:15,-16,Tahap-4
01/17/2025,9,53,15,09:53:15,200,Tahap-4
01/17/2025,9,53,15,09:53:15,-48,Tahap-4
01/17/2025,9,53,15,09:53:15,160,Tahap-4
01/17/2025,9,53,16,09:53:16,-32,Tahap-4
01/17/2025,9,53,16,09:53:16,240,Tahap-4
01/17/2025,9,53,16,09:53:16,-16,Tahap-4
01/17/2025,9,53,16,09:53:16,176,Tahap-4
01/17/2025,9,53,16,09:53:16,-288,Tahap-4
01/17/2025,9,53,16,09:53:16,312,Tahap-4
01/17/2025,9,53,16,09:53:16,-136,Tahap-4
01/17/2025,9,53,16,09:53:16,64,Tahap-4
01/17/2025,9,53,16,09:53:16,160,Tahap-4
01/17/2025,9,53,16,09:53:16,240,Tahap-4
01/17/2025,9,53,17,09:53:17,-192,Tahap-4
01/17/2025,9,53,17,09:53:17,360,Tahap-4
01/17/2025,9,53,17,09:53:17,-8,Tahap-4
01/17/2025,9,53,17,09:53:17,-16,Tahap-4
01/17/2025,9,53,17,09:53:17,32,Tahap-4
01/17/2025,9,53,17,09:53:17,-16,Tahap-4
01/17/2025,9,53,17,09:53:17,64,Tahap-4
01/17/2025,9,53,17,09:53:17,104,Tahap-4
01/17/2025,9,53,17,09:53:17,-24,Tahap-4
01/17/2025,9,53,17,09:53:17,-56,Tahap-4
01/17/2025,9,53,18,09:53:18,232,Tahap-4
01/17/2025,9,53,18,09:53:18,32,Tahap-4
01/17/2025,9,53,18,09:53:18,104,Tahap-4
01/17/2025,9,53,18,09:53:18,240,Tahap-4
01/17/2025,9,53,18,09:53:18,-16,Tahap-4
01/17/2025,9,53,18,09:53:18,80,Tahap-4
01/17/2025,9,53,18,09:53:18,-40,Tahap-4
01/17/2025,9,53,18,09:53:18,264,Tahap-4
01/17/2025,9,53,18,09:53:18,-152,Tahap-4
01/17/2025,9,53,18,09:53:18,200,Tahap-4
01/17/2025,9,53,18,09:53:18,48,Tahap-4
01/17/2025,9,53,19,09:53:19,8,Tahap-4
01/17/2025,9,53,19,09:53:19,72,Tahap-4
01/17/2025,9,53,19,09:53:19,72,Tahap-4
01/17/2025,9,53,19,09:53:19,-8,Tahap-4
01/17/2025,9,53,19,09:53:19,96,Tahap-4
01/17/2025,9,53,19,09:53:19,-192,Tahap-4
01/17/2025,9,53,19,09:53:19,-80,Tahap-4
01/17/2025,9,53,19,09:53:19,136,Tahap-4
01/17/2025,9,53,19,09:53:19,-112,Tahap-4
01/17/2025,9,53,19,09:53:19,48,Tahap-4
01/17/2025,9,53,20,09:53:20,240,Tahap-4
01/17/2025,9,53,20,09:53:20,-104,Tahap-4
01/17/2025,9,53,20,09:53:20,-104,Tahap-4
01/17/2025,9,53,20,09:53:20,272,Tahap-4
01/17/2025,9,53,20,09:53:20,-160,Tahap-4
01/17/2025,9,53,20,09:53:20,184,Tahap-4
01/17/2025,9,53,45,09:53:45,2685,Tahap-4
01/17/2025,9,53,45,09:53:45,506,Tahap-4
01/17/2025,9,53,45,09:53:45,361,Tahap-4
01/17/2025,9,53,45,09:53:45,276,Tahap-4
01/17/2025,9,53,45,09:53:45,275,Tahap-4
01/17/2025,9,53,45,09:53:45,128,Tahap-4
01/17/2025,9,53,45,09:53:45,98,Tahap-4
01/17/2025,9,53,45,09:53:45,123,Tahap-4
01/17/2025,9,53,45,09:53:45,148,Tahap-4
01/17/2025,9,53,45,09:53:45,192,Tahap-4
01/17/2025,9,53,46,09:53:46,10,Tahap-4
01/17/2025,9,53,46,09:53:46,159,Tahap-4
01/17/2025,9,53,46,09:53:46,171,Tahap-4
01/17/2025,9,53,46,09:53:46,148,Tahap-4
01/17/2025,9,53,46,09:53:46,107,Tahap-4
01/17/2025,9,53,46,09:53:46,114,Tahap-4
01/17/2025,9,53,46,09:53:46,35,Tahap-4
01/17/2025,9,53,46,09:53:46,144,Tahap-4
01/17/2025,9,53,46,09:53:46,158,Tahap-4
01/17/2025,9,53,46,09:53:46,175,Tahap-4
01/17/2025,9,53,47,09:53:47,84,Tahap-4
01/17/2025,9,53,47,09:53:47,32,Tahap-4
01/17/2025,9,53,47,09:53:47,586,Tahap-4
01/17/2025,9,53,47,09:53:47,336,Tahap-4
01/17/2025,9,53,47,09:53:47,104,Tahap-4
01/17/2025,9,53,47,09:53:47,91,Tahap-4
01/17/2025,9,53,47,09:53:47,110,Tahap-4
01/17/2025,9,53,47,09:53:47,77,Tahap-4
01/17/2025,9,53,47,09:53:47,125,Tahap-4
01/17/2025,9,53,47,09:53:47,240,Tahap-4
01/17/2025,9,53,48,09:53:48,169,Tahap-4
01/17/2025,9,53,48,09:53:48,67,Tahap-4
01/17/2025,9,53,48,09:53:48,63,Tahap-4
01/17/2025,9,53,48,09:53:48,79,Tahap-4
01/17/2025,9,53,48,09:53:48,161,Tahap-4
01/17/2025,9,53,48,09:53:48,164,Tahap-4
01/17/2025,9,53,48,09:53:48,141,Tahap-4
01/17/2025,9,53,48,09:53:48,184,Tahap-4
01/17/2025,9,53,48,09:53:48,41,Tahap-4
01/17/2025,9,53,48,09:53:48,199,Tahap-4
01/17/2025,9,53,49,09:53:49,151,Tahap-4
01/17/2025,9,53,49,09:53:49,80,Tahap-4
01/17/2025,9,53,49,09:53:49,227,Tahap-4
01/17/2025,9,53,49,09:53:49,146,Tahap-4
01/17/2025,9,53,49,09:53:49,180,Tahap-4
01/17/2025,9,53,49,09:53:49,146,Tahap-4
01/17/2025,9,53,49,09:53:49,105,Tahap-4
01/17/2025,9,53,49,09:53:49,321,Tahap-4
01/17/2025,9,53,49,09:53:49,69,Tahap-4
01/17/2025,9,53,49,09:53:49,124,Tahap-4
01/17/2025,9,53,50,09:53:50,147,Tahap-4
01/17/2025,9,53,50,09:53:50,148,Tahap-4
01/17/2025,9,53,50,09:53:50,29,Tahap-4
01/17/2025,9,53,50,09:53:50,151,Tahap-4
01/17/2025,9,53,50,09:53:50,175,Tahap-4
01/17/2025,9,53,50,09:53:50,58,Tahap-4
01/17/2025,9,53,50,09:53:50,119,Tahap-4
01/17/2025,9,53,50,09:53:50,130,Tahap-4
01/17/2025,9,53,50,09:53:50,190,Tahap-4
01/17/2025,9,53,50,09:53:50,235,Tahap-4
01/17/2025,9,53,51,09:53:51,71,Tahap-4
01/17/2025,9,53,51,09:53:51,122,Tahap-4
01/17/2025,9,53,51,09:53:51,206,Tahap-4
01/17/2025,9,53,51,09:53:51,267,Tahap-4
01/17/2025,9,53,51,09:53:51,149,Tahap-4
01/17/2025,9,53,51,09:53:51,173,Tahap-4
01/17/2025,9,53,51,09:53:51,192,Tahap-4
01/17/2025,9,53,51,09:53:51,186,Tahap-4
01/17/2025,9,53,51,09:53:51,322,Tahap-4
01/17/2025,9,53,51,09:53:51,270,Tahap-4
01/17/2025,9,53,52,09:53:52,872,Tahap-4
01/17/2025,9,53,52,09:53:52,94,Tahap-4
01/17/2025,9,53,52,09:53:52,37,Tahap-4
01/17/2025,9,53,52,09:53:52,144,Tahap-4
01/17/2025,9,53,52,09:53:52,172,Tahap-4
01/17/2025,9,53,52,09:53:52,134,Tahap-4
01/17/2025,9,53,52,09:53:52,91,Tahap-4
01/17/2025,9,53,52,09:53:52,116,Tahap-4
01/17/2025,9,53,52,09:53:52,82,Tahap-4
01/17/2025,9,53,52,09:53:52,153,Tahap-4
01/17/2025,9,53,53,09:53:53,149,Tahap-4
01/17/2025,9,53,53,09:53:53,127,Tahap-4
01/17/2025,9,53,53,09:53:53,412,Tahap-4
01/17/2025,9,53,53,09:53:53,238,Tahap-4
01/17/2025,9,53,53,09:53:53,169,Tahap-4
01/17/2025,9,53,53,09:53:53,1501,Tahap-4
01/17/2025,9,53,53,09:53:53,216,Tahap-4
01/17/2025,9,53,53,09:53:53,386,Tahap-4
01/17/2025,9,53,53,09:53:53,163,Tahap-4
01/17/2025,9,53,53,09:53:53,270,Tahap-4
01/17/2025,9,53,54,09:53:54,71,Tahap-4
01/17/2025,9,53,54,09:53:54,524,Tahap-4
01/17/2025,9,53,54,09:53:54,466,Tahap-4
01/17/2025,9,53,54,09:53:54,50,Tahap-4
01/17/2025,9,53,54,09:53:54,564,Tahap-4
01/17/2025,9,53,54,09:53:54,184,Tahap-4
01/17/2025,9,53,54,09:53:54,216,Tahap-4
01/17/2025,9,53,54,09:53:54,187,Tahap-4
01/17/2025,9,53,54,09:53:54,297,Tahap-4
01/17/2025,9,53,54,09:53:54,152,Tahap-4
01/17/2025,9,53,55,09:53:55,152,Tahap-4
01/17/2025,9,53,55,09:53:55,68,Tahap-4
01/17/2025,9,53,55,09:53:55,113,Tahap-4
01/17/2025,9,53,55,09:53:55,81,Tahap-4
01/17/2025,9,53,55,09:53:55,159,Tahap-4
01/17/2025,9,53,55,09:53:55,132,Tahap-4
01/17/2025,9,53,55,09:53:55,109,Tahap-4
01/17/2025,9,53,55,09:53:55,130,Tahap-4
01/17/2025,9,53,55,09:53:55,176,Tahap-4
01/17/2025,9,53,55,09:53:55,533,Tahap-4
01/17/2025,9,53,56,09:53:56,447,Tahap-4
01/17/2025,9,53,56,09:53:56,149,Tahap-4
01/17/2025,9,53,56,09:53:56,64,Tahap-4
01/17/2025,9,53,56,09:53:56,206,Tahap-4
01/17/2025,9,53,56,09:53:56,219,Tahap-4
01/17/2025,9,53,56,09:53:56,444,Tahap-4
01/17/2025,9,53,56,09:53:56,723,Tahap-4
01/17/2025,9,53,56,09:53:56,458,Tahap-4
01/17/2025,9,53,56,09:53:56,727,Tahap-4
01/17/2025,9,53,56,09:53:56,337,Tahap-4
01/17/2025,9,53,57,09:53:57,745,Tahap-4
01/17/2025,9,53,57,09:53:57,642,Tahap-4
01/17/2025,9,53,57,09:53:57,329,Tahap-4
01/17/2025,9,53,57,09:53:57,178,Tahap-4
01/17/2025,9,53,57,09:53:57,511,Tahap-4
01/17/2025,9,53,57,09:53:57,560,Tahap-4
01/17/2025,9,53,57,09:53:57,1237,Tahap-4
01/17/2025,9,53,57,09:53:57,-60,Tahap-4
01/17/2025,9,53,57,09:53:57,-68,Tahap-4
01/17/2025,9,53,57,09:53:57,-200,Tahap-4
01/17/2025,9,53,58,09:53:58,-56,Tahap-4
01/17/2025,9,53,58,09:53:58,-32,Tahap-4
01/17/2025,9,53,58,09:53:58,-184,Tahap-4
01/17/2025,9,53,58,09:53:58,-76,Tahap-4
01/17/2025,9,53,58,09:53:58,-148,Tahap-4
01/17/2025,9,53,58,09:53:58,-100,Tahap-4
01/17/2025,9,53,58,09:53:58,-8,Tahap-4
01/17/2025,9,53,58,09:53:58,-156,Tahap-4
01/17/2025,9,53,58,09:53:58,-88,Tahap-4
01/17/2025,9,53,58,09:53:58,-80,Tahap-4
01/17/2025,9,53,59,09:53:59,-64,Tahap-4
01/17/2025,9,53,59,09:53:59,-212,Tahap-4
01/17/2025,9,53,59,09:53:59,100,Tahap-4
01/17/2025,9,53,59,09:53:59,-252,Tahap-4
01/17/2025,9,53,59,09:53:59,-56,Tahap-4
01/17/2025,9,53,59,09:53:59,-216,Tahap-4
01/17/2025,9,53,59,09:53:59,44,Tahap-4
01/17/2025,9,53,59,09:53:59,-204,Tahap-4
01/17/2025,9,53,59,09:53:59,-36,Tahap-4
01/17/2025,9,53,59,09:53:59,-92,Tahap-4
01/17/2025,9,54,1,09:54:01,60,Tahap-4
01/17/2025,9,54,1,09:54:01,-92,Tahap-4
01/17/2025,9,54,1,09:54:01,-88,Tahap-4
01/17/2025,9,54,1,09:54:01,36,Tahap-4
01/17/2025,9,54,1,09:54:01,-140,Tahap-4
01/17/2025,9,54,1,09:54:01,40,Tahap-4
01/17/2025,9,54,1,09:54:01,-116,Tahap-4
01/17/2025,9,54,1,09:54:01,12,Tahap-4
01/17/2025,9,54,1,09:54:01,40,Tahap-4
01/17/2025,9,54,2,09:54:02,-36,Tahap-4
01/17/2025,9,54,2,09:54:02,20,Tahap-4
01/17/2025,9,54,2,09:54:02,48,Tahap-4
01/17/2025,9,54,2,09:54:02,-52,Tahap-4
01/17/2025,9,54,2,09:54:02,-56,Tahap-4
01/17/2025,9,54,2,09:54:02,92,Tahap-4
01/17/2025,9,54,2,09:54:02,-104,Tahap-4
01/17/2025,9,54,2,09:54:02,16,Tahap-4
01/17/2025,9,54,2,09:54:02,-28,Tahap-4
01/17/2025,9,54,2,09:54:02,-20,Tahap-4
01/17/2025,9,54,3,09:54:03,8,Tahap-4
01/17/2025,9,54,3,09:54:03,-24,Tahap-4
01/17/2025,9,54,3,09:54:03,88,Tahap-4
01/17/2025,9,54,3,09:54:03,4,Tahap-4
01/17/2025,9,54,3,09:54:03,84,Tahap-4
01/17/2025,9,54,3,09:54:03,12,Tahap-4
01/17/2025,9,54,3,09:54:03,-40,Tahap-4
01/17/2025,9,54,3,09:54:03,48,Tahap-4
01/17/2025,9,54,3,09:54:03,-144,Tahap-4
01/17/2025,9,54,4,09:54:04,192,Tahap-4
01/17/2025,9,54,4,09:54:04,-136,Tahap-4
01/17/2025,9,54,4,09:54:04,32,Tahap-4
01/17/2025,9,54,4,09:54:04,104,Tahap-4
01/17/2025,9,54,4,09:54:04,52,Tahap-4
01/17/2025,9,54,4,09:54:04,-108,Tahap-4
01/17/2025,9,54,4,09:54:04,212,Tahap-4
01/17/2025,9,54,4,09:54:04,-88,Tahap-4
01/17/2025,9,54,4,09:54:04,24,Tahap-4
01/17/2025,9,54,4,09:54:04,-36,Tahap-4
01/17/2025,9,54,5,09:54:05,48,Tahap-4
01/17/2025,9,54,5,09:54:05,-128,Tahap-4
01/17/2025,9,54,5,09:54:05,148,Tahap-4
01/17/2025,9,54,6,09:54:06,-56,Tahap-4
01/17/2025,9,54,6,09:54:06,52,Tahap-4
01/17/2025,9,54,6,09:54:06,56,Tahap-4
01/17/2025,9,54,6,09:54:06,48,Tahap-4
01/17/2025,9,54,6,09:54:06,-28,Tahap-4
01/17/2025,9,54,6,09:54:06,164,Tahap-4
01/17/2025,9,54,6,09:54:06,-124,Tahap-4
01/17/2025,9,54,6,09:54:06,56,Tahap-4
01/17/2025,9,54,6,09:54:06,128,Tahap-4
01/17/2025,9,54,6,09:54:06,-112,Tahap-4
01/17/2025,9,54,6,09:54:06,88,Tahap-4
01/17/2025,9,54,6,09:54:06,36,Tahap-4
01/17/2025,9,54,6,09:54:06,20,Tahap-4
01/17/2025,9,54,6,09:54:06,8,Tahap-4
01/17/2025,9,54,6,09:54:06,208,Tahap-4
01/17/2025,9,54,6,09:54:06,-92,Tahap-4
01/17/2025,9,54,6,09:54:06,112,Tahap-4
01/17/2025,9,54,7,09:54:07,20,Tahap-4
01/17/2025,9,54,7,09:54:07,56,Tahap-4
01/17/2025,9,54,7,09:54:07,32,Tahap-4
01/17/2025,9,54,7,09:54:07,76,Tahap-4
01/17/2025,9,54,7,09:54:07,48,Tahap-4
01/17/2025,9,54,7,09:54:07,136,Tahap-4
01/17/2025,9,54,7,09:54:07,48,Tahap-4
01/17/2025,9,54,7,09:54:07,92,Tahap-4
01/17/2025,9,54,7,09:54:07,64,Tahap-4
01/17/2025,9,54,8,09:54:08,40,Tahap-4
01/17/2025,9,54,8,09:54:08,12,Tahap-4
01/17/2025,9,54,8,09:54:08,84,Tahap-4
01/17/2025,9,54,8,09:54:08,32,Tahap-4
01/17/2025,9,54,8,09:54:08,12,Tahap-4
01/17/2025,9,54,8,09:54:08,132,Tahap-4
01/17/2025,9,54,8,09:54:08,56,Tahap-4
01/17/2025,9,54,8,09:54:08,80,Tahap-4
01/17/2025,9,54,8,09:54:08,104,Tahap-4
01/17/2025,9,54,8,09:54:08,132,Tahap-4
01/17/2025,9,54,9,09:54:09,36,Tahap-4
01/17/2025,9,54,9,09:54:09,80,Tahap-4
01/17/2025,9,54,9,09:54:09,-48,Tahap-4
01/17/2025,9,54,9,09:54:09,180,Tahap-4
01/17/2025,9,54,9,09:54:09,-60,Tahap-4
01/17/2025,9,54,9,09:54:09,68,Tahap-4
01/17/2025,9,54,9,09:54:09,56,Tahap-4
01/17/2025,9,54,9,09:54:09,212,Tahap-4
01/17/2025,9,54,9,09:54:09,-116,Tahap-4
01/17/2025,9,54,9,09:54:09,208,Tahap-4
01/17/2025,9,54,10,09:54:10,12,Tahap-4
01/17/2025,9,54,10,09:54:10,40,Tahap-4
01/17/2025,9,54,10,09:54:10,28,Tahap-4
01/17/2025,9,54,10,09:54:10,84,Tahap-4
01/17/2025,9,54,10,09:54:10,56,Tahap-4
01/17/2025,9,54,10,09:54:10,-8,Tahap-4
01/17/2025,9,54,34,09:54:34,1009,Tahap-4
01/17/2025,9,54,35,09:54:35,1056,Tahap-4
01/17/2025,9,54,35,09:54:35,539,Tahap-4
01/17/2025,9,54,36,09:54:36,291,Tahap-4
01/17/2025,9,54,36,09:54:36,426,Tahap-4
01/17/2025,9,54,36,09:54:36,124,Tahap-4
01/17/2025,9,54,36,09:54:36,262,Tahap-4
01/17/2025,9,54,36,09:54:36,357,Tahap-4
01/17/2025,9,54,36,09:54:36,203,Tahap-4
01/17/2025,9,54,36,09:54:36,262,Tahap-4
01/17/2025,9,54,36,09:54:36,63,Tahap-4
01/17/2025,9,54,36,09:54:36,167,Tahap-4
01/17/2025,9,54,36,09:54:36,142,Tahap-4
01/17/2025,9,54,36,09:54:36,139,Tahap-4
01/17/2025,9,54,36,09:54:36,78,Tahap-4
01/17/2025,9,54,36,09:54:36,26,Tahap-4
01/17/2025,9,54,36,09:54:36,90,Tahap-4
01/17/2025,9,54,36,09:54:36,68,Tahap-4
01/17/2025,9,54,36,09:54:36,143,Tahap-4
01/17/2025,9,54,36,09:54:36,69,Tahap-4
01/17/2025,9,54,36,09:54:36,9,Tahap-4
01/17/2025,9,54,37,09:54:37,208,Tahap-4
01/17/2025,9,54,37,09:54:37,931,Tahap-4
01/17/2025,9,54,37,09:54:37,231,Tahap-4
01/17/2025,9,54,37,09:54:37,95,Tahap-4
01/17/2025,9,54,37,09:54:37,155,Tahap-4
01/17/2025,9,54,37,09:54:37,302,Tahap-4
01/17/2025,9,54,37,09:54:37,140,Tahap-4
01/17/2025,9,54,37,09:54:37,153,Tahap-4
01/17/2025,9,54,37,09:54:37,169,Tahap-4
01/17/2025,9,54,37,09:54:37,59,Tahap-4
01/17/2025,9,54,38,09:54:38,39,Tahap-4
01/17/2025,9,54,38,09:54:38,88,Tahap-4
01/17/2025,9,54,38,09:54:38,213,Tahap-4
01/17/2025,9,54,38,09:54:38,43,Tahap-4
01/17/2025,9,54,38,09:54:38,61,Tahap-4
01/17/2025,9,54,38,09:54:38,70,Tahap-4
01/17/2025,9,54,38,09:54:38,36,Tahap-4
01/17/2025,9,54,38,09:54:38,56,Tahap-4
01/17/2025,9,54,38,09:54:38,39,Tahap-4
01/17/2025,9,54,38,09:54:38,25,Tahap-4
01/17/2025,9,54,39,09:54:39,108,Tahap-4
01/17/2025,9,54,39,09:54:39,236,Tahap-4
01/17/2025,9,54,39,09:54:39,113,Tahap-4
01/17/2025,9,54,39,09:54:39,168,Tahap-4
01/17/2025,9,54,39,09:54:39,294,Tahap-4
01/17/2025,9,54,39,09:54:39,76,Tahap-4
01/17/2025,9,54,39,09:54:39,165,Tahap-4
01/17/2025,9,54,39,09:54:39,277,Tahap-4
01/17/2025,9,54,39,09:54:39,214,Tahap-4
01/17/2025,9,54,39,09:54:39,57,Tahap-4
01/17/2025,9,54,40,09:54:40,29,Tahap-4
01/17/2025,9,54,40,09:54:40,111,Tahap-4
01/17/2025,9,54,40,09:54:40,116,Tahap-4
01/17/2025,9,54,40,09:54:40,63,Tahap-4
01/17/2025,9,54,40,09:54:40,27,Tahap-4
01/17/2025,9,54,40,09:54:40,17,Tahap-4
01/17/2025,9,54,40,09:54:40,107,Tahap-4
01/17/2025,9,54,40,09:54:40,6,Tahap-4
01/17/2025,9,54,40,09:54:40,92,Tahap-4
01/17/2025,9,54,40,09:54:40,160,Tahap-4
01/17/2025,9,54,41,09:54:41,180,Tahap-4
01/17/2025,9,54,41,09:54:41,115,Tahap-4
01/17/2025,9,54,41,09:54:41,27,Tahap-4
01/17/2025,9,54,41,09:54:41,113,Tahap-4
01/17/2025,9,54,41,09:54:41,107,Tahap-4
01/17/2025,9,54,41,09:54:41,52,Tahap-4
01/17/2025,9,54,41,09:54:41,381,Tahap-4
01/17/2025,9,54,41,09:54:41,282,Tahap-4
01/17/2025,9,54,41,09:54:41,432,Tahap-4
01/17/2025,9,54,41,09:54:41,343,Tahap-4
01/17/2025,9,54,42,09:54:42,772,Tahap-4
01/17/2025,9,54,42,09:54:42,355,Tahap-4
01/17/2025,9,54,42,09:54:42,61,Tahap-4
01/17/2025,9,54,42,09:54:42,198,Tahap-4
01/17/2025,9,54,42,09:54:42,71,Tahap-4
01/17/2025,9,54,42,09:54:42,118,Tahap-4
01/17/2025,9,54,42,09:54:42,99,Tahap-4
01/17/2025,9,54,42,09:54:42,81,Tahap-4
01/17/2025,9,54,42,09:54:42,88,Tahap-4
01/17/2025,9,54,42,09:54:42,88,Tahap-4
01/17/2025,9,54,43,09:54:43,118,Tahap-4
01/17/2025,9,54,43,09:54:43,102,Tahap-4
01/17/2025,9,54,43,09:54:43,303,Tahap-4
01/17/2025,9,54,43,09:54:43,251,Tahap-4
01/17/2025,9,54,43,09:54:43,1300,Tahap-4
01/17/2025,9,54,43,09:54:43,451,Tahap-4
01/17/2025,9,54,43,09:54:43,48,Tahap-4
01/17/2025,9,54,43,09:54:43,84,Tahap-4
01/17/2025,9,54,43,09:54:43,184,Tahap-4
01/17/2025,9,54,43,09:54:43,215,Tahap-4
01/17/2025,9,54,44,09:54:44,186,Tahap-4
01/17/2025,9,54,44,09:54:44,363,Tahap-4
01/17/2025,9,54,44,09:54:44,322,Tahap-4
01/17/2025,9,54,44,09:54:44,1104,Tahap-4
01/17/2025,9,54,44,09:54:44,86,Tahap-4
01/17/2025,9,54,44,09:54:44,262,Tahap-4
01/17/2025,9,54,44,09:54:44,251,Tahap-4
01/17/2025,9,54,44,09:54:44,140,Tahap-4
01/17/2025,9,54,44,09:54:44,31,Tahap-4
01/17/2025,9,54,44,09:54:44,3,Tahap-4
01/17/2025,9,54,45,09:54:45,167,Tahap-4
01/17/2025,9,54,45,09:54:45,139,Tahap-4
01/17/2025,9,54,45,09:54:45,69,Tahap-4
01/17/2025,9,54,45,09:54:45,96,Tahap-4
01/17/2025,9,54,45,09:54:45,302,Tahap-4
01/17/2025,9,54,45,09:54:45,112,Tahap-4
01/17/2025,9,54,45,09:54:45,151,Tahap-4
01/17/2025,9,54,45,09:54:45,507,Tahap-4
01/17/2025,9,54,45,09:54:45,173,Tahap-4
01/17/2025,9,54,45,09:54:45,163,Tahap-4
01/17/2025,9,54,46,09:54:46,283,Tahap-4
01/17/2025,9,54,46,09:54:46,108,Tahap-4
01/17/2025,9,54,46,09:54:46,62,Tahap-4
01/17/2025,9,54,46,09:54:46,132,Tahap-4
01/17/2025,9,54,46,09:54:46,141,Tahap-4
01/17/2025,9,54,46,09:54:46,480,Tahap-4
01/17/2025,9,54,46,09:54:46,911,Tahap-4
01/17/2025,9,54,46,09:54:46,1329,Tahap-4
01/17/2025,9,54,46,09:54:46,1267,Tahap-4
01/17/2025,9,54,46,09:54:46,1440,Tahap-4
01/17/2025,9,54,47,09:54:47,790,Tahap-4
01/17/2025,9,54,47,09:54:47,509,Tahap-4
01/17/2025,9,54,47,09:54:47,244,Tahap-4
01/17/2025,9,54,47,09:54:47,434,Tahap-4
01/17/2025,9,54,47,09:54:47,336,Tahap-4
01/17/2025,9,54,47,09:54:47,1193,Tahap-4
01/17/2025,9,54,47,09:54:47,-36,Tahap-4
01/17/2025,9,54,47,09:54:47,-152,Tahap-4
01/17/2025,9,54,47,09:54:47,-40,Tahap-4
01/17/2025,9,54,47,09:54:47,-116,Tahap-4
01/17/2025,9,54,48,09:54:48,16,Tahap-4
01/17/2025,9,54,48,09:54:48,16,Tahap-4
01/17/2025,9,54,48,09:54:48,12,Tahap-4
01/17/2025,9,54,48,09:54:48,56,Tahap-4
01/17/2025,9,54,48,09:54:48,76,Tahap-4
01/17/2025,9,54,48,09:54:48,-144,Tahap-4
01/17/2025,9,54,48,09:54:48,24,Tahap-4
01/17/2025,9,54,48,09:54:48,-20,Tahap-4
01/17/2025,9,54,48,09:54:48,-100,Tahap-4
01/17/2025,9,54,48,09:54:48,-60,Tahap-4
01/17/2025,9,54,49,09:54:49,32,Tahap-4
01/17/2025,9,54,49,09:54:49,52,Tahap-4
01/17/2025,9,54,49,09:54:49,-60,Tahap-4
01/17/2025,9,54,49,09:54:49,152,Tahap-4
01/17/2025,9,54,49,09:54:49,-32,Tahap-4
01/17/2025,9,54,49,09:54:49,32,Tahap-4
01/17/2025,9,54,49,09:54:49,28,Tahap-4
01/17/2025,9,54,49,09:54:49,44,Tahap-4
01/17/2025,9,54,49,09:54:49,-20,Tahap-4
01/17/2025,9,54,50,09:54:50,-128,Tahap-4
01/17/2025,9,54,50,09:54:50,116,Tahap-4
01/17/2025,9,54,50,09:54:50,-104,Tahap-4
01/17/2025,9,54,50,09:54:50,36,Tahap-4
01/17/2025,9,54,50,09:54:50,92,Tahap-4
01/17/2025,9,54,50,09:54:50,-72,Tahap-4
01/17/2025,9,54,50,09:54:50,-20,Tahap-4
01/17/2025,9,54,50,09:54:50,108,Tahap-4
01/17/2025,9,54,50,09:54:50,-132,Tahap-4
01/17/2025,9,54,51,09:54:51,8,Tahap-4
01/17/2025,9,54,51,09:54:51,-80,Tahap-4
01/17/2025,9,54,51,09:54:51,-20,Tahap-4
01/17/2025,9,54,51,09:54:51,60,Tahap-4
01/17/2025,9,54,51,09:54:51,-56,Tahap-4
01/17/2025,9,54,51,09:54:51,-8,Tahap-4
01/17/2025,9,54,51,09:54:51,40,Tahap-4
01/17/2025,9,54,51,09:54:51,104,Tahap-4
01/17/2025,9,54,51,09:54:51,-112,Tahap-4
01/17/2025,9,54,51,09:54:51,148,Tahap-4
01/17/2025,9,54,52,09:54:52,-56,Tahap-4
01/17/2025,9,54,52,09:54:52,28,Tahap-4
01/17/2025,9,54,52,09:54:52,-188,Tahap-4
01/17/2025,9,54,52,09:54:52,172,Tahap-4
01/17/2025,9,54,52,09:54:52,-128,Tahap-4
01/17/2025,9,54,52,09:54:52,96,Tahap-4
01/17/2025,9,54,52,09:54:52,28,Tahap-4
01/17/2025,9,54,52,09:54:52,44,Tahap-4
01/17/2025,9,54,52,09:54:52,-48,Tahap-4
01/17/2025,9,54,52,09:54:52,184,Tahap-4
01/17/2025,9,54,53,09:54:53,-88,Tahap-4
01/17/2025,9,54,53,09:54:53,88,Tahap-4
01/17/2025,9,54,53,09:54:53,-24,Tahap-4
01/17/2025,9,54,53,09:54:53,-140,Tahap-4
01/17/2025,9,54,53,09:54:53,116,Tahap-4
01/17/2025,9,54,53,09:54:53,20,Tahap-4
01/17/2025,9,54,53,09:54:53,92,Tahap-4
01/17/2025,9,54,53,09:54:53,104,Tahap-4
01/17/2025,9,54,53,09:54:53,-52,Tahap-4
01/17/2025,9,54,54,09:54:54,200,Tahap-4
01/17/2025,9,54,54,09:54:54,64,Tahap-4
01/17/2025,9,54,54,09:54:54,-64,Tahap-4
01/17/2025,9,54,54,09:54:54,40,Tahap-4
01/17/2025,9,54,54,09:54:54,-24,Tahap-4
01/17/2025,9,54,54,09:54:54,20,Tahap-4
01/17/2025,9,54,54,09:54:54,-76,Tahap-4
01/17/2025,9,54,54,09:54:54,152,Tahap-4
01/17/2025,9,54,54,09:54:54,-32,Tahap-4
01/17/2025,9,54,54,09:54:54,108,Tahap-4
01/17/2025,9,54,55,09:54:55,-8,Tahap-4
01/17/2025,9,54,55,09:54:55,100,Tahap-4
01/17/2025,9,54,55,09:54:55,-40,Tahap-4
01/17/2025,9,54,55,09:54:55,100,Tahap-4
01/17/2025,9,54,55,09:54:55,-168,Tahap-4
01/17/2025,9,54,55,09:54:55,120,Tahap-4
01/17/2025,9,54,55,09:54:55,4,Tahap-4
01/17/2025,9,54,55,09:54:55,-28,Tahap-4
01/17/2025,9,54,55,09:54:55,72,Tahap-4
01/17/2025,9,54,55,09:54:55,196,Tahap-4
01/17/2025,9,54,56,09:54:56,-56,Tahap-4
01/17/2025,9,54,56,09:54:56,196,Tahap-4
01/17/2025,9,54,56,09:54:56,52,Tahap-4
01/17/2025,9,54,56,09:54:56,92,Tahap-4
01/17/2025,9,54,56,09:54:56,-24,Tahap-4
01/17/2025,9,54,56,09:54:56,56,Tahap-4
01/17/2025,9,54,56,09:54:56,44,Tahap-4
01/17/2025,9,54,56,09:54:56,56,Tahap-4
01/17/2025,9,54,56,09:54:56,24,Tahap-4
01/17/2025,9,54,57,09:54:57,144,Tahap-4
01/17/2025,9,54,57,09:54:57,52,Tahap-4
01/17/2025,9,54,57,09:54:57,32,Tahap-4
01/17/2025,9,54,57,09:54:57,208,Tahap-4
01/17/2025,9,54,57,09:54:57,12,Tahap-4
01/17/2025,9,54,57,09:54:57,60,Tahap-4
01/17/2025,9,54,57,09:54:57,4,Tahap-4
01/17/2025,9,54,57,09:54:57,156,Tahap-4
01/17/2025,9,54,57,09:54:57,-36,Tahap-4
01/17/2025,9,54,57,09:54:57,100,Tahap-4
01/17/2025,9,54,58,09:54:58,8,Tahap-4
01/17/2025,9,54,58,09:54:58,88,Tahap-4
01/17/2025,9,54,58,09:54:58,40,Tahap-4
01/17/2025,9,54,58,09:54:58,120,Tahap-4
01/17/2025,9,54,58,09:54:58,-32,Tahap-4
01/17/2025,9,54,58,09:54:58,172,Tahap-4
01/17/2025,9,54,58,09:54:58,-88,Tahap-4
01/17/2025,9,54,58,09:54:58,120,Tahap-4
01/17/2025,9,54,58,09:54:58,84,Tahap-4
01/17/2025,9,54,58,09:54:58,16,Tahap-4
01/17/2025,9,54,59,09:54:59,28,Tahap-4
01/17/2025,9,54,59,09:54:59,148,Tahap-4
01/17/2025,9,54,59,09:54:59,20,Tahap-4
01/17/2025,9,54,59,09:54:59,84,Tahap-4
01/17/2025,9,54,59,09:54:59,212,Tahap-4
01/17/2025,9,54,59,09:54:59,20,Tahap-4
01/17/2025,9,54,59,09:54:59,164,Tahap-4
01/17/2025,9,54,59,09:54:59,68,Tahap-4
01/17/2025,9,54,59,09:54:59,72,Tahap-4
01/17/2025,9,54,59,09:54:59,100,Tahap-4
01/17/2025,9,55,24,09:55:24,1433,Tahap-4
01/17/2025,9,55,24,09:55:24,506,Tahap-4
01/17/2025,9,55,25,09:55:25,340,Tahap-4
01/17/2025,9,55,25,09:55:25,59,Tahap-4
01/17/2025,9,55,25,09:55:25,126,Tahap-4
01/17/2025,9,55,25,09:55:25,72,Tahap-4
01/17/2025,9,55,25,09:55:25,207,Tahap-4
01/17/2025,9,55,25,09:55:25,81,Tahap-4
01/17/2025,9,55,25,09:55:25,44,Tahap-4
01/17/2025,9,55,25,09:55:25,100,Tahap-4
01/17/2025,9,55,25,09:55:25,73,Tahap-4
01/17/2025,9,55,25,09:55:25,128,Tahap-4
01/17/2025,9,55,26,09:55:26,66,Tahap-4
01/17/2025,9,55,26,09:55:26,58,Tahap-4
01/17/2025,9,55,26,09:55:26,83,Tahap-4
01/17/2025,9,55,26,09:55:26,80,Tahap-4
01/17/2025,9,55,26,09:55:26,70,Tahap-4
01/17/2025,9,55,26,09:55:26,93,Tahap-4
01/17/2025,9,55,26,09:55:26,91,Tahap-4
01/17/2025,9,55,26,09:55:26,85,Tahap-4
01/17/2025,9,55,26,09:55:26,96,Tahap-4
01/17/2025,9,55,26,09:55:26,322,Tahap-4
01/17/2025,9,55,27,09:55:27,806,Tahap-4
01/17/2025,9,55,27,09:55:27,173,Tahap-4
01/17/2025,9,55,27,09:55:27,177,Tahap-4
01/17/2025,9,55,27,09:55:27,64,Tahap-4
01/17/2025,9,55,27,09:55:27,291,Tahap-4
01/17/2025,9,55,27,09:55:27,41,Tahap-4
01/17/2025,9,55,27,09:55:27,103,Tahap-4
01/17/2025,9,55,27,09:55:27,15,Tahap-4
01/17/2025,9,55,27,09:55:27,218,Tahap-4
01/17/2025,9,55,27,09:55:27,41,Tahap-4
01/17/2025,9,55,28,09:55:28,13,Tahap-4
01/17/2025,9,55,28,09:55:28,58,Tahap-4
01/17/2025,9,55,28,09:55:28,132,Tahap-4
01/17/2025,9,55,28,09:55:28,69,Tahap-4
01/17/2025,9,55,28,09:55:28,50,Tahap-4
01/17/2025,9,55,28,09:55:28,34,Tahap-4
01/17/2025,9,55,28,09:55:28,44,Tahap-4
01/17/2025,9,55,28,09:55:28,78,Tahap-4
01/17/2025,9,55,28,09:55:28,102,Tahap-4
01/17/2025,9,55,28,09:55:28,84,Tahap-4
01/17/2025,9,55,29,09:55:29,139,Tahap-4
01/17/2025,9,55,29,09:55:29,181,Tahap-4
01/17/2025,9,55,29,09:55:29,129,Tahap-4
01/17/2025,9,55,29,09:55:29,71,Tahap-4
01/17/2025,9,55,29,09:55:29,86,Tahap-4
01/17/2025,9,55,29,09:55:29,265,Tahap-4
01/17/2025,9,55,29,09:55:29,59,Tahap-4
01/17/2025,9,55,29,09:55:29,157,Tahap-4
01/17/2025,9,55,29,09:55:29,115,Tahap-4
01/17/2025,9,55,29,09:55:29,6,Tahap-4
01/17/2025,9,55,30,09:55:30,75,Tahap-4
01/17/2025,9,55,30,09:55:30,30,Tahap-4
01/17/2025,9,55,30,09:55:30,68,Tahap-4
01/17/2025,9,55,30,09:55:30,163,Tahap-4
01/17/2025,9,55,30,09:55:30,23,Tahap-4
01/17/2025,9,55,30,09:55:30,66,Tahap-4
01/17/2025,9,55,30,09:55:30,29,Tahap-4
01/17/2025,9,55,30,09:55:30,153,Tahap-4
01/17/2025,9,55,30,09:55:30,74,Tahap-4
01/17/2025,9,55,30,09:55:30,75,Tahap-4
01/17/2025,9,55,31,09:55:31,78,Tahap-4
01/17/2025,9,55,31,09:55:31,39,Tahap-4
01/17/2025,9,55,31,09:55:31,123,Tahap-4
01/17/2025,9,55,31,09:55:31,45,Tahap-4
01/17/2025,9,55,31,09:55:31,145,Tahap-4
01/17/2025,9,55,31,09:55:31,93,Tahap-4
01/17/2025,9,55,31,09:55:31,59,Tahap-4
01/17/2025,9,55,31,09:55:31,298,Tahap-4
01/17/2025,9,55,31,09:55:31,868,Tahap-4
01/17/2025,9,55,31,09:55:31,260,Tahap-4
01/17/2025,9,55,32,09:55:32,339,Tahap-4
01/17/2025,9,55,32,09:55:32,310,Tahap-4
01/17/2025,9,55,32,09:55:32,131,Tahap-4
01/17/2025,9,55,32,09:55:32,183,Tahap-4
01/17/2025,9,55,32,09:55:32,89,Tahap-4
01/17/2025,9,55,32,09:55:32,238,Tahap-4
01/17/2025,9,55,32,09:55:32,93,Tahap-4
01/17/2025,9,55,32,09:55:32,51,Tahap-4
01/17/2025,9,55,32,09:55:32,12,Tahap-4
01/17/2025,9,55,32,09:55:32,132,Tahap-4
01/17/2025,9,55,33,09:55:33,281,Tahap-4
01/17/2025,9,55,33,09:55:33,220,Tahap-4
01/17/2025,9,55,33,09:55:33,146,Tahap-4
01/17/2025,9,55,33,09:55:33,320,Tahap-4
01/17/2025,9,55,33,09:55:33,1238,Tahap-4
01/17/2025,9,55,33,09:55:33,397,Tahap-4
01/17/2025,9,55,33,09:55:33,220,Tahap-4
01/17/2025,9,55,33,09:55:33,219,Tahap-4
01/17/2025,9,55,33,09:55:33,160,Tahap-4
01/17/2025,9,55,33,09:55:33,23,Tahap-4
01/17/2025,9,55,34,09:55:34,236,Tahap-4
01/17/2025,9,55,34,09:55:34,419,Tahap-4
01/17/2025,9,55,34,09:55:34,527,Tahap-4
01/17/2025,9,55,34,09:55:34,715,Tahap-4
01/17/2025,9,55,34,09:55:34,584,Tahap-4
01/17/2025,9,55,34,09:55:34,94,Tahap-4
01/17/2025,9,55,34,09:55:34,170,Tahap-4
01/17/2025,9,55,34,09:55:34,59,Tahap-4
01/17/2025,9,55,34,09:55:34,134,Tahap-4
01/17/2025,9,55,34,09:55:34,163,Tahap-4
01/17/2025,9,55,35,09:55:35,47,Tahap-4
01/17/2025,9,55,35,09:55:35,73,Tahap-4
01/17/2025,9,55,36,09:55:36,97,Tahap-4
01/17/2025,9,55,36,09:55:36,203,Tahap-4
01/17/2025,9,55,36,09:55:36,143,Tahap-4
01/17/2025,9,55,36,09:55:36,277,Tahap-4
01/17/2025,9,55,36,09:55:36,152,Tahap-4
01/17/2025,9,55,36,09:55:36,560,Tahap-4
01/17/2025,9,55,36,09:55:36,433,Tahap-4
01/17/2025,9,55,36,09:55:36,383,Tahap-4
01/17/2025,9,55,36,09:55:36,120,Tahap-4
01/17/2025,9,55,36,09:55:36,153,Tahap-4
01/17/2025,9,55,36,09:55:36,326,Tahap-4
01/17/2025,9,55,36,09:55:36,427,Tahap-4
01/17/2025,9,55,36,09:55:36,262,Tahap-4
01/17/2025,9,55,36,09:55:36,601,Tahap-4
01/17/2025,9,55,36,09:55:36,1332,Tahap-4
01/17/2025,9,55,36,09:55:36,1195,Tahap-4
01/17/2025,9,55,36,09:55:36,602,Tahap-4
01/17/2025,9,55,36,09:55:36,827,Tahap-4
01/17/2025,9,55,37,09:55:37,199,Tahap-4
01/17/2025,9,55,37,09:55:37,435,Tahap-4
01/17/2025,9,55,37,09:55:37,405,Tahap-4
01/17/2025,9,55,37,09:55:37,397,Tahap-4
01/17/2025,9,55,37,09:55:37,129,Tahap-4
01/17/2025,9,55,37,09:55:37,-16,Tahap-4
01/17/2025,9,55,37,09:55:37,120,Tahap-4
01/17/2025,9,55,37,09:55:37,-32,Tahap-4
01/17/2025,9,55,37,09:55:37,24,Tahap-4
01/17/2025,9,55,37,09:55:37,-16,Tahap-4
01/17/2025,9,55,38,09:55:38,168,Tahap-4
01/17/2025,9,55,38,09:55:38,288,Tahap-4
01/17/2025,9,55,38,09:55:38,-24,Tahap-4
01/17/2025,9,55,38,09:55:38,224,Tahap-4
01/17/2025,9,55,38,09:55:38,72,Tahap-4
01/17/2025,9,55,38,09:55:38,88,Tahap-4
01/17/2025,9,55,38,09:55:38,-16,Tahap-4
01/17/2025,9,55,38,09:55:38,200,Tahap-4
01/17/2025,9,55,38,09:55:38,-184,Tahap-4
01/17/2025,9,55,38,09:55:38,264,Tahap-4
01/17/2025,9,55,39,09:55:39,-80,Tahap-4
01/17/2025,9,55,39,09:55:39,136,Tahap-4
01/17/2025,9,55,39,09:55:39,88,Tahap-4
01/17/2025,9,55,39,09:55:39,16,Tahap-4
01/17/2025,9,55,39,09:55:39,104,Tahap-4
01/17/2025,9,55,39,09:55:39,216,Tahap-4
01/17/2025,9,55,39,09:55:39,-8,Tahap-4
01/17/2025,9,55,39,09:55:39,-24,Tahap-4
01/17/2025,9,55,39,09:55:39,168,Tahap-4
01/17/2025,9,55,39,09:55:39,-88,Tahap-4
01/17/2025,9,55,40,09:55:40,24,Tahap-4
01/17/2025,9,55,40,09:55:40,16,Tahap-4
01/17/2025,9,55,40,09:55:40,176,Tahap-4
01/17/2025,9,55,40,09:55:40,16,Tahap-4
01/17/2025,9,55,40,09:55:40,88,Tahap-4
01/17/2025,9,55,40,09:55:40,48,Tahap-4
01/17/2025,9,55,40,09:55:40,112,Tahap-4
01/17/2025,9,55,40,09:55:40,64,Tahap-4
01/17/2025,9,55,40,09:55:40,-56,Tahap-4
01/17/2025,9,55,40,09:55:40,56,Tahap-4
01/17/2025,9,55,41,09:55:41,-64,Tahap-4
01/17/2025,9,55,41,09:55:41,24,Tahap-4
01/17/2025,9,55,41,09:55:41,-8,Tahap-4
01/17/2025,9,55,41,09:55:41,304,Tahap-4
01/17/2025,9,55,41,09:55:41,-96,Tahap-4
01/17/2025,9,55,41,09:55:41,16,Tahap-4
01/17/2025,9,55,41,09:55:41,248,Tahap-4
01/17/2025,9,55,41,09:55:41,80,Tahap-4
01/17/2025,9,55,41,09:55:41,64,Tahap-4
01/17/2025,9,55,41,09:55:41,320,Tahap-4
01/17/2025,9,55,42,09:55:42,-200,Tahap-4
01/17/2025,9,55,42,09:55:42,32,Tahap-4
01/17/2025,9,55,42,09:55:42,-96,Tahap-4
01/17/2025,9,55,42,09:55:42,-96,Tahap-4
01/17/2025,9,55,42,09:55:42,144,Tahap-4
01/17/2025,9,55,42,09:55:42,-40,Tahap-4
01/17/2025,9,55,42,09:55:42,8,Tahap-4
01/17/2025,9,55,42,09:55:42,120,Tahap-4
01/17/2025,9,55,42,09:55:42,272,Tahap-4
01/17/2025,9,55,42,09:55:42,-248,Tahap-4
01/17/2025,9,55,43,09:55:43,280,Tahap-4
01/17/2025,9,55,43,09:55:43,-144,Tahap-4
01/17/2025,9,55,43,09:55:43,-120,Tahap-4
01/17/2025,9,55,43,09:55:43,-128,Tahap-4
01/17/2025,9,55,43,09:55:43,-64,Tahap-4
01/17/2025,9,55,43,09:55:43,72,Tahap-4
01/17/2025,9,55,43,09:55:43,-128,Tahap-4
01/17/2025,9,55,43,09:55:43,168,Tahap-4
01/17/2025,9,55,43,09:55:43,48,Tahap-4
01/17/2025,9,55,43,09:55:43,72,Tahap-4
01/17/2025,9,55,44,09:55:44,40,Tahap-4
01/17/2025,9,55,44,09:55:44,-32,Tahap-4
01/17/2025,9,55,44,09:55:44,16,Tahap-4
01/17/2025,9,55,44,09:55:44,-72,Tahap-4
01/17/2025,9,55,44,09:55:44,-184,Tahap-4
01/17/2025,9,55,44,09:55:44,40,Tahap-4
01/17/2025,9,55,44,09:55:44,104,Tahap-4
01/17/2025,9,55,44,09:55:44,-256,Tahap-4
01/17/2025,9,55,44,09:55:44,200,Tahap-4
01/17/2025,9,55,44,09:55:44,64,Tahap-4
01/17/2025,9,55,45,09:55:45,-112,Tahap-4
01/17/2025,9,55,45,09:55:45,128,Tahap-4
01/17/2025,9,55,45,09:55:45,32,Tahap-4
01/17/2025,9,55,45,09:55:45,-208,Tahap-4
01/17/2025,9,55,45,09:55:45,208,Tahap-4
01/17/2025,9,55,45,09:55:45,-264,Tahap-4
01/17/2025,9,55,45,09:55:45,64,Tahap-4
01/17/2025,9,55,45,09:55:45,-16,Tahap-4
01/17/2025,9,55,45,09:55:45,-48,Tahap-4
01/17/2025,9,55,45,09:55:45,48,Tahap-4
01/17/2025,9,55,46,09:55:46,112,Tahap-4
01/17/2025,9,55,46,09:55:46,-152,Tahap-4
01/17/2025,9,55,46,09:55:46,80,Tahap-4
01/17/2025,9,55,46,09:55:46,8,Tahap-4
01/17/2025,9,55,46,09:55:46,-144,Tahap-4
01/17/2025,9,55,46,09:55:46,-80,Tahap-4
01/17/2025,9,55,46,09:55:46,-16,Tahap-4
01/17/2025,9,55,46,09:55:46,-16,Tahap-4
01/17/2025,9,55,46,09:55:46,-240,Tahap-4
01/17/2025,9,55,46,09:55:46,96,Tahap-4
01/17/2025,9,55,47,09:55:47,-96,Tahap-4
01/17/2025,9,55,47,09:55:47,80,Tahap-4
01/17/2025,9,55,47,09:55:47,-112,Tahap-4
01/17/2025,9,55,47,09:55:47,80,Tahap-4
01/17/2025,9,55,47,09:55:47,-200,Tahap-4
01/17/2025,9,55,47,09:55:47,168,Tahap-4
01/17/2025,9,55,47,09:55:47,-392,Tahap-4
01/17/2025,9,55,47,09:55:47,328,Tahap-4
01/17/2025,9,55,47,09:55:47,-208,Tahap-4
01/17/2025,9,55,47,09:55:47,-136,Tahap-4
01/17/2025,9,55,48,09:55:48,-48,Tahap-4
01/17/2025,9,55,48,09:55:48,192,Tahap-4
01/17/2025,9,55,48,09:55:48,-216,Tahap-4
01/17/2025,9,55,48,09:55:48,208,Tahap-4
01/17/2025,9,55,48,09:55:48,72,Tahap-4
01/17/2025,9,55,48,09:55:48,-112,Tahap-4
01/17/2025,9,55,48,09:55:48,88,Tahap-4
01/17/2025,9,55,48,09:55:48,-184,Tahap-4
01/17/2025,9,55,48,09:55:48,120,Tahap-4
01/17/2025,9,55,48,09:55:48,-240,Tahap-4
01/17/2025,9,55,49,09:55:49,-40,Tahap-4
01/17/2025,9,55,49,09:55:49,-192,Tahap-4
01/17/2025,9,55,49,09:55:49,80,Tahap-4
01/17/2025,9,55,49,09:55:49,-72,Tahap-4
01/17/2025,9,55,49,09:55:49,8,Tahap-4
01/17/2025,9,55,49,09:55:49,16,Tahap-4
01/17/2025,9,55,49,09:55:49,-88,Tahap-4
01/17/2025,9,55,49,09:55:49,-96,Tahap-4
01/17/2025,9,55,49,09:55:49,-152,Tahap-4
01/17/2025,9,55,49,09:55:49,168,Tahap-4
01/17/2025,9,55,50,09:55:50,-336,Tahap-4
01/17/2025,9,55,50,09:55:50,104,Tahap-4
01/17/2025,9,55,50,09:55:50,-176,Tahap-4
01/17/2025,9,55,50,09:55:50,-8,Tahap-4
01/17/2025,9,56,14,09:56:14,2103,Tahap-4
01/17/2025,9,56,14,09:56:14,585,Tahap-4
01/17/2025,9,56,15,09:56:15,581,Tahap-4
01/17/2025,9,56,15,09:56:15,416,Tahap-4
01/17/2025,9,56,15,09:56:15,275,Tahap-4
01/17/2025,9,56,15,09:56:15,302,Tahap-4
01/17/2025,9,56,15,09:56:15,444,Tahap-4
01/17/2025,9,56,15,09:56:15,211,Tahap-4
01/17/2025,9,56,15,09:56:15,212,Tahap-4
01/17/2025,9,56,15,09:56:15,79,Tahap-4
01/17/2025,9,56,15,09:56:15,173,Tahap-4
01/17/2025,9,56,15,09:56:15,127,Tahap-4
01/17/2025,9,56,16,09:56:16,138,Tahap-4
01/17/2025,9,56,16,09:56:16,115,Tahap-4
01/17/2025,9,56,16,09:56:16,66,Tahap-4
01/17/2025,9,56,16,09:56:16,60,Tahap-4
01/17/2025,9,56,16,09:56:16,123,Tahap-4
01/17/2025,9,56,16,09:56:16,121,Tahap-4
01/17/2025,9,56,16,09:56:16,28,Tahap-4
01/17/2025,9,56,16,09:56:16,162,Tahap-4
01/17/2025,9,56,16,09:56:16,86,Tahap-4
01/17/2025,9,56,16,09:56:16,129,Tahap-4
01/17/2025,9,56,17,09:56:17,574,Tahap-4
01/17/2025,9,56,17,09:56:17,603,Tahap-4
01/17/2025,9,56,17,09:56:17,224,Tahap-4
01/17/2025,9,56,17,09:56:17,122,Tahap-4
01/17/2025,9,56,17,09:56:17,256,Tahap-4
01/17/2025,9,56,17,09:56:17,123,Tahap-4
01/17/2025,9,56,17,09:56:17,112,Tahap-4
01/17/2025,9,56,17,09:56:17,89,Tahap-4
01/17/2025,9,56,17,09:56:17,82,Tahap-4
01/17/2025,9,56,17,09:56:17,129,Tahap-4
01/17/2025,9,56,18,09:56:18,56,Tahap-4
01/17/2025,9,56,18,09:56:18,92,Tahap-4
01/17/2025,9,56,18,09:56:18,123,Tahap-4
01/17/2025,9,56,18,09:56:18,13,Tahap-4
01/17/2025,9,56,18,09:56:18,109,Tahap-4
01/17/2025,9,56,18,09:56:18,129,Tahap-4
01/17/2025,9,56,18,09:56:18,11,Tahap-4
01/17/2025,9,56,18,09:56:18,94,Tahap-4
01/17/2025,9,56,18,09:56:18,96,Tahap-4
01/17/2025,9,56,18,09:56:18,74,Tahap-4
01/17/2025,9,56,18,09:56:18,248,Tahap-4
01/17/2025,9,56,19,09:56:19,171,Tahap-4
01/17/2025,9,56,19,09:56:19,33,Tahap-4
01/17/2025,9,56,19,09:56:19,186,Tahap-4
01/17/2025,9,56,19,09:56:19,180,Tahap-4
01/17/2025,9,56,19,09:56:19,180,Tahap-4
01/17/2025,9,56,19,09:56:19,100,Tahap-4
01/17/2025,9,56,19,09:56:19,202,Tahap-4
01/17/2025,9,56,19,09:56:19,139,Tahap-4
01/17/2025,9,56,19,09:56:19,19,Tahap-4
01/17/2025,9,56,19,09:56:19,6,Tahap-4
01/17/2025,9,56,20,09:56:20,71,Tahap-4
01/17/2025,9,56,20,09:56:20,150,Tahap-4
01/17/2025,9,56,20,09:56:20,142,Tahap-4
01/17/2025,9,56,20,09:56:20,140,Tahap-4
01/17/2025,9,56,20,09:56:20,109,Tahap-4
01/17/2025,9,56,20,09:56:20,78,Tahap-4
01/17/2025,9,56,20,09:56:20,15,Tahap-4
01/17/2025,9,56,20,09:56:20,144,Tahap-4
01/17/2025,9,56,20,09:56:20,143,Tahap-4
01/17/2025,9,56,20,09:56:20,48,Tahap-4
01/17/2025,9,56,21,09:56:21,53,Tahap-4
01/17/2025,9,56,21,09:56:21,83,Tahap-4
01/17/2025,9,56,21,09:56:21,124,Tahap-4
01/17/2025,9,56,21,09:56:21,38,Tahap-4
01/17/2025,9,56,21,09:56:21,132,Tahap-4
01/17/2025,9,56,21,09:56:21,256,Tahap-4
01/17/2025,9,56,21,09:56:21,315,Tahap-4
01/17/2025,9,56,21,09:56:21,684,Tahap-4
01/17/2025,9,56,21,09:56:21,487,Tahap-4
01/17/2025,9,56,21,09:56:21,447,Tahap-4
01/17/2025,9,56,22,09:56:22,193,Tahap-4
01/17/2025,9,56,22,09:56:22,255,Tahap-4
01/17/2025,9,56,22,09:56:22,245,Tahap-4
01/17/2025,9,56,22,09:56:22,195,Tahap-4
01/17/2025,9,56,22,09:56:22,191,Tahap-4
01/17/2025,9,56,22,09:56:22,27,Tahap-4
01/17/2025,9,56,22,09:56:22,117,Tahap-4
01/17/2025,9,56,22,09:56:22,120,Tahap-4
01/17/2025,9,56,22,09:56:22,229,Tahap-4
01/17/2025,9,56,22,09:56:22,173,Tahap-4
01/17/2025,9,56,23,09:56:23,138,Tahap-4
01/17/2025,9,56,23,09:56:23,335,Tahap-4
01/17/2025,9,56,23,09:56:23,1359,Tahap-4
01/17/2025,9,56,23,09:56:23,134,Tahap-4
01/17/2025,9,56,23,09:56:23,59,Tahap-4
01/17/2025,9,56,23,09:56:23,62,Tahap-4
01/17/2025,9,56,23,09:56:23,343,Tahap-4
01/17/2025,9,56,23,09:56:23,280,Tahap-4
01/17/2025,9,56,23,09:56:23,145,Tahap-4
01/17/2025,9,56,23,09:56:23,289,Tahap-4
01/17/2025,9,56,24,09:56:24,1014,Tahap-4
01/17/2025,9,56,24,09:56:24,85,Tahap-4
01/17/2025,9,56,24,09:56:24,385,Tahap-4
01/17/2025,9,56,24,09:56:24,338,Tahap-4
01/17/2025,9,56,24,09:56:24,229,Tahap-4
01/17/2025,9,56,24,09:56:24,279,Tahap-4
01/17/2025,9,56,24,09:56:24,147,Tahap-4
01/17/2025,9,56,24,09:56:24,173,Tahap-4
01/17/2025,9,56,24,09:56:24,114,Tahap-4
01/17/2025,9,56,24,09:56:24,48,Tahap-4
01/17/2025,9,56,25,09:56:25,37,Tahap-4
01/17/2025,9,56,25,09:56:25,161,Tahap-4
01/17/2025,9,56,25,09:56:25,261,Tahap-4
01/17/2025,9,56,25,09:56:25,146,Tahap-4
01/17/2025,9,56,25,09:56:25,78,Tahap-4
01/17/2025,9,56,25,09:56:25,353,Tahap-4
01/17/2025,9,56,25,09:56:25,537,Tahap-4
01/17/2025,9,56,25,09:56:25,284,Tahap-4
01/17/2025,9,56,25,09:56:25,211,Tahap-4
01/17/2025,9,56,25,09:56:25,245,Tahap-4
01/17/2025,9,56,26,09:56:26,207,Tahap-4
01/17/2025,9,56,26,09:56:26,71,Tahap-4
01/17/2025,9,56,26,09:56:26,289,Tahap-4
01/17/2025,9,56,26,09:56:26,305,Tahap-4
01/17/2025,9,56,26,09:56:26,907,Tahap-4
01/17/2025,9,56,26,09:56:26,923,Tahap-4
01/17/2025,9,56,26,09:56:26,1227,Tahap-4
01/17/2025,9,56,26,09:56:26,853,Tahap-4
01/17/2025,9,56,26,09:56:26,983,Tahap-4
01/17/2025,9,56,26,09:56:26,189,Tahap-4
01/17/2025,9,56,27,09:56:27,300,Tahap-4
01/17/2025,9,56,27,09:56:27,187,Tahap-4
01/17/2025,9,56,27,09:56:27,278,Tahap-4
01/17/2025,9,56,27,09:56:27,1166,Tahap-4
01/17/2025,9,56,27,09:56:27,-96,Tahap-4
01/17/2025,9,56,27,09:56:27,-40,Tahap-4
01/17/2025,9,56,27,09:56:27,-192,Tahap-4
01/17/2025,9,56,27,09:56:27,124,Tahap-4
01/17/2025,9,56,27,09:56:27,-192,Tahap-4
01/17/2025,9,56,27,09:56:27,84,Tahap-4
01/17/2025,9,56,28,09:56:28,-36,Tahap-4
01/17/2025,9,56,28,09:56:28,8,Tahap-4
01/17/2025,9,56,28,09:56:28,-72,Tahap-4
01/17/2025,9,56,28,09:56:28,108,Tahap-4
01/17/2025,9,56,28,09:56:28,-108,Tahap-4
01/17/2025,9,56,28,09:56:28,108,Tahap-4
01/17/2025,9,56,28,09:56:28,-128,Tahap-4
01/17/2025,9,56,28,09:56:28,-112,Tahap-4
01/17/2025,9,56,28,09:56:28,28,Tahap-4
01/17/2025,9,56,28,09:56:28,-4,Tahap-4
01/17/2025,9,56,29,09:56:29,-48,Tahap-4
01/17/2025,9,56,29,09:56:29,56,Tahap-4
01/17/2025,9,56,29,09:56:29,-56,Tahap-4
01/17/2025,9,56,29,09:56:29,-72,Tahap-4
01/17/2025,9,56,29,09:56:29,36,Tahap-4
01/17/2025,9,56,29,09:56:29,8,Tahap-4
01/17/2025,9,56,29,09:56:29,-112,Tahap-4
01/17/2025,9,56,29,09:56:29,20,Tahap-4
01/17/2025,9,56,29,09:56:29,-148,Tahap-4
01/17/2025,9,56,29,09:56:29,56,Tahap-4
01/17/2025,9,56,30,09:56:30,-88,Tahap-4
01/17/2025,9,56,30,09:56:30,44,Tahap-4
01/17/2025,9,56,30,09:56:30,-28,Tahap-4
01/17/2025,9,56,30,09:56:30,32,Tahap-4
01/17/2025,9,56,30,09:56:30,-88,Tahap-4
01/17/2025,9,56,30,09:56:30,56,Tahap-4
01/17/2025,9,56,30,09:56:30,-12,Tahap-4
01/17/2025,9,56,30,09:56:30,32,Tahap-4
01/17/2025,9,56,30,09:56:30,-104,Tahap-4
01/17/2025,9,56,31,09:56:31,-20,Tahap-4
01/17/2025,9,56,31,09:56:31,-64,Tahap-4
01/17/2025,9,56,31,09:56:31,80,Tahap-4
01/17/2025,9,56,31,09:56:31,84,Tahap-4
01/17/2025,9,56,31,09:56:31,-84,Tahap-4
01/17/2025,9,56,31,09:56:31,112,Tahap-4
01/17/2025,9,56,31,09:56:31,28,Tahap-4
01/17/2025,9,56,31,09:56:31,-20,Tahap-4
01/17/2025,9,56,31,09:56:31,56,Tahap-4
01/17/2025,9,56,31,09:56:31,-48,Tahap-4
01/17/2025,9,56,32,09:56:32,24,Tahap-4
01/17/2025,9,56,32,09:56:32,28,Tahap-4
01/17/2025,9,56,32,09:56:32,-80,Tahap-4
01/17/2025,9,56,32,09:56:32,28,Tahap-4
01/17/2025,9,56,32,09:56:32,64,Tahap-4
01/17/2025,9,56,32,09:56:32,36,Tahap-4
01/17/2025,9,56,32,09:56:32,-24,Tahap-4
01/17/2025,9,56,32,09:56:32,240,Tahap-4
01/17/2025,9,56,32,09:56:32,-60,Tahap-4
01/17/2025,9,56,32,09:56:32,116,Tahap-4
01/17/2025,9,56,33,09:56:33,-104,Tahap-4
01/17/2025,9,56,33,09:56:33,128,Tahap-4
01/17/2025,9,56,33,09:56:33,-148,Tahap-4
01/17/2025,9,56,33,09:56:33,120,Tahap-4
01/17/2025,9,56,33,09:56:33,48,Tahap-4
01/17/2025,9,56,33,09:56:33,68,Tahap-4
01/17/2025,9,56,33,09:56:33,80,Tahap-4
01/17/2025,9,56,33,09:56:33,-16,Tahap-4
01/17/2025,9,56,33,09:56:33,120,Tahap-4
01/17/2025,9,56,34,09:56:34,-24,Tahap-4
01/17/2025,9,56,34,09:56:34,-28,Tahap-4
01/17/2025,9,56,34,09:56:34,64,Tahap-4
01/17/2025,9,56,34,09:56:34,20,Tahap-4
01/17/2025,9,56,34,09:56:34,-36,Tahap-4
01/17/2025,9,56,34,09:56:34,164,Tahap-4
01/17/2025,9,56,34,09:56:34,36,Tahap-4
01/17/2025,9,56,34,09:56:34,-24,Tahap-4
01/17/2025,9,56,34,09:56:34,136,Tahap-4
01/17/2025,9,56,34,09:56:34,28,Tahap-4
01/17/2025,9,56,35,09:56:35,-8,Tahap-4
01/17/2025,9,56,35,09:56:35,100,Tahap-4
01/17/2025,9,56,36,09:56:36,-72,Tahap-4
01/17/2025,9,56,36,09:56:36,120,Tahap-4
01/17/2025,9,56,36,09:56:36,8,Tahap-4
01/17/2025,9,56,36,09:56:36,48,Tahap-4
01/17/2025,9,56,36,09:56:36,88,Tahap-4
01/17/2025,9,56,36,09:56:36,164,Tahap-4
01/17/2025,9,56,36,09:56:36,16,Tahap-4
01/17/2025,9,56,36,09:56:36,112,Tahap-4
01/17/2025,9,56,36,09:56:36,76,Tahap-4
01/17/2025,9,56,36,09:56:36,32,Tahap-4
01/17/2025,9,56,36,09:56:36,40,Tahap-4
01/17/2025,9,56,36,09:56:36,76,Tahap-4
01/17/2025,9,56,36,09:56:36,64,Tahap-4
01/17/2025,9,56,36,09:56:36,-4,Tahap-4
01/17/2025,9,56,36,09:56:36,132,Tahap-4
01/17/2025,9,56,36,09:56:36,124,Tahap-4
01/17/2025,9,56,36,09:56:36,36,Tahap-4
01/17/2025,9,56,36,09:56:36,100,Tahap-4
01/17/2025,9,56,37,09:56:37,120,Tahap-4
01/17/2025,9,56,37,09:56:37,20,Tahap-4
01/17/2025,9,56,37,09:56:37,100,Tahap-4
01/17/2025,9,56,37,09:56:37,8,Tahap-4
01/17/2025,9,56,37,09:56:37,36,Tahap-4
01/17/2025,9,56,37,09:56:37,188,Tahap-4
01/17/2025,9,56,37,09:56:37,-44,Tahap-4
01/17/2025,9,56,37,09:56:37,100,Tahap-4
01/17/2025,9,56,37,09:56:37,120,Tahap-4
01/17/2025,9,56,37,09:56:37,100,Tahap-4
01/17/2025,9,56,38,09:56:38,36,Tahap-4
01/17/2025,9,56,38,09:56:38,240,Tahap-4
01/17/2025,9,56,38,09:56:38,-4,Tahap-4
01/17/2025,9,56,38,09:56:38,140,Tahap-4
01/17/2025,9,56,38,09:56:38,36,Tahap-4
01/17/2025,9,56,38,09:56:38,80,Tahap-4
01/17/2025,9,56,38,09:56:38,104,Tahap-4
01/17/2025,9,56,38,09:56:38,60,Tahap-4
01/17/2025,9,56,38,09:56:38,96,Tahap-4
01/17/2025,9,56,38,09:56:38,128,Tahap-4
01/17/2025,9,56,39,09:56:39,180,Tahap-4
01/17/2025,9,56,39,09:56:39,44,Tahap-4
01/17/2025,9,56,39,09:56:39,200,Tahap-4
01/17/2025,9,56,39,09:56:39,104,Tahap-4
01/17/2025,9,56,39,09:56:39,140,Tahap-4
01/17/2025,9,56,39,09:56:39,32,Tahap-4
01/17/2025,9,56,39,09:56:39,208,Tahap-4
01/17/2025,9,56,39,09:56:39,36,Tahap-4
01/17/2025,9,56,39,09:56:39,116,Tahap-4
01/17/2025,9,56,39,09:56:39,224,Tahap-4
01/17/2025,9,56,40,09:56:40,108,Tahap-4
01/17/2025,9,56,40,09:56:40,124,Tahap-4
01/17/2025,9,56,40,09:56:40,220,Tahap-4
01/17/2025,9,57,4,09:57:04,2909,Tahap-4
01/17/2025,9,57,4,09:57:04,885,Tahap-4
01/17/2025,9,57,4,09:57:04,744,Tahap-4
01/17/2025,9,57,5,09:57:05,568,Tahap-4
01/17/2025,9,57,5,09:57:05,322,Tahap-4
01/17/2025,9,57,5,09:57:05,365,Tahap-4
01/17/2025,9,57,6,09:57:06,272,Tahap-4
01/17/2025,9,57,6,09:57:06,310,Tahap-4
01/17/2025,9,57,6,09:57:06,144,Tahap-4
01/17/2025,9,57,6,09:57:06,122,Tahap-4
01/17/2025,9,57,6,09:57:06,244,Tahap-4
01/17/2025,9,57,6,09:57:06,153,Tahap-4
01/17/2025,9,57,6,09:57:06,82,Tahap-4
01/17/2025,9,57,6,09:57:06,157,Tahap-4
01/17/2025,9,57,6,09:57:06,342,Tahap-4
01/17/2025,9,57,6,09:57:06,169,Tahap-4
01/17/2025,9,57,6,09:57:06,188,Tahap-4
01/17/2025,9,57,6,09:57:06,82,Tahap-4
01/17/2025,9,57,6,09:57:06,196,Tahap-4
01/17/2025,9,57,6,09:57:06,87,Tahap-4
01/17/2025,9,57,6,09:57:06,141,Tahap-4
01/17/2025,9,57,6,09:57:06,200,Tahap-4
01/17/2025,9,57,6,09:57:06,486,Tahap-4
01/17/2025,9,57,7,09:57:07,623,Tahap-4
01/17/2025,9,57,7,09:57:07,82,Tahap-4
01/17/2025,9,57,7,09:57:07,145,Tahap-4
01/17/2025,9,57,7,09:57:07,154,Tahap-4
01/17/2025,9,57,7,09:57:07,110,Tahap-4
01/17/2025,9,57,7,09:57:07,102,Tahap-4
01/17/2025,9,57,7,09:57:07,226,Tahap-4
01/17/2025,9,57,7,09:57:07,70,Tahap-4
01/17/2025,9,57,7,09:57:07,140,Tahap-4
01/17/2025,9,57,7,09:57:07,53,Tahap-4
01/17/2025,9,57,8,09:57:08,162,Tahap-4
01/17/2025,9,57,8,09:57:08,151,Tahap-4
01/17/2025,9,57,8,09:57:08,60,Tahap-4
01/17/2025,9,57,8,09:57:08,28,Tahap-4
01/17/2025,9,57,8,09:57:08,105,Tahap-4
01/17/2025,9,57,8,09:57:08,73,Tahap-4
01/17/2025,9,57,8,09:57:08,151,Tahap-4
01/17/2025,9,57,8,09:57:08,54,Tahap-4
01/17/2025,9,57,8,09:57:08,109,Tahap-4
01/17/2025,9,57,8,09:57:08,279,Tahap-4
01/17/2025,9,57,9,09:57:09,66,Tahap-4
01/17/2025,9,57,9,09:57:09,132,Tahap-4
01/17/2025,9,57,9,09:57:09,201,Tahap-4
01/17/2025,9,57,9,09:57:09,140,Tahap-4
01/17/2025,9,57,9,09:57:09,110,Tahap-4
01/17/2025,9,57,9,09:57:09,188,Tahap-4
01/17/2025,9,57,9,09:57:09,84,Tahap-4
01/17/2025,9,57,9,09:57:09,129,Tahap-4
01/17/2025,9,57,9,09:57:09,70,Tahap-4
01/17/2025,9,57,9,09:57:09,62,Tahap-4
01/17/2025,9,57,10,09:57:10,60,Tahap-4
01/17/2025,9,57,10,09:57:10,78,Tahap-4
01/17/2025,9,57,10,09:57:10,42,Tahap-4
01/17/2025,9,57,10,09:57:10,41,Tahap-4
01/17/2025,9,57,10,09:57:10,39,Tahap-4
01/17/2025,9,57,10,09:57:10,158,Tahap-4
01/17/2025,9,57,10,09:57:10,132,Tahap-4
01/17/2025,9,57,10,09:57:10,77,Tahap-4
01/17/2025,9,57,10,09:57:10,61,Tahap-4
01/17/2025,9,57,10,09:57:10,93,Tahap-4
01/17/2025,9,57,11,09:57:11,31,Tahap-4
01/17/2025,9,57,11,09:57:11,103,Tahap-4
01/17/2025,9,57,11,09:57:11,58,Tahap-4
01/17/2025,9,57,11,09:57:11,194,Tahap-4
01/17/2025,9,57,11,09:57:11,128,Tahap-4
01/17/2025,9,57,11,09:57:11,66,Tahap-4
01/17/2025,9,57,11,09:57:11,128,Tahap-4
01/17/2025,9,57,11,09:57:11,1108,Tahap-4
01/17/2025,9,57,11,09:57:11,272,Tahap-4
01/17/2025,9,57,11,09:57:11,257,Tahap-4
01/17/2025,9,57,11,09:57:11,317,Tahap-4
01/17/2025,9,57,12,09:57:12,50,Tahap-4
01/17/2025,9,57,12,09:57:12,91,Tahap-4
01/17/2025,9,57,12,09:57:12,221,Tahap-4
01/17/2025,9,57,12,09:57:12,196,Tahap-4
01/17/2025,9,57,12,09:57:12,164,Tahap-4
01/17/2025,9,57,12,09:57:12,70,Tahap-4
01/17/2025,9,57,12,09:57:12,60,Tahap-4
01/17/2025,9,57,12,09:57:12,42,Tahap-4
01/17/2025,9,57,12,09:57:12,152,Tahap-4
01/17/2025,9,57,12,09:57:12,174,Tahap-4
01/17/2025,9,57,13,09:57:13,174,Tahap-4
01/17/2025,9,57,13,09:57:13,1303,Tahap-4
01/17/2025,9,57,13,09:57:13,48,Tahap-4
01/17/2025,9,57,13,09:57:13,183,Tahap-4
01/17/2025,9,57,13,09:57:13,118,Tahap-4
01/17/2025,9,57,13,09:57:13,41,Tahap-4
01/17/2025,9,57,13,09:57:13,106,Tahap-4
01/17/2025,9,57,13,09:57:13,101,Tahap-4
01/17/2025,9,57,13,09:57:13,137,Tahap-4
01/17/2025,9,57,13,09:57:13,630,Tahap-4
01/17/2025,9,57,14,09:57:14,954,Tahap-4
01/17/2025,9,57,14,09:57:14,415,Tahap-4
01/17/2025,9,57,14,09:57:14,248,Tahap-4
01/17/2025,9,57,14,09:57:14,223,Tahap-4
01/17/2025,9,57,14,09:57:14,76,Tahap-4
01/17/2025,9,57,14,09:57:14,81,Tahap-4
01/17/2025,9,57,14,09:57:14,249,Tahap-4
01/17/2025,9,57,14,09:57:14,101,Tahap-4
01/17/2025,9,57,14,09:57:14,102,Tahap-4
01/17/2025,9,57,14,09:57:14,41,Tahap-4
01/17/2025,9,57,15,09:57:15,229,Tahap-4
01/17/2025,9,57,15,09:57:15,224,Tahap-4
01/17/2025,9,57,15,09:57:15,124,Tahap-4
01/17/2025,9,57,15,09:57:15,36,Tahap-4
01/17/2025,9,57,15,09:57:15,202,Tahap-4
01/17/2025,9,57,15,09:57:15,662,Tahap-4
01/17/2025,9,57,15,09:57:15,407,Tahap-4
01/17/2025,9,57,15,09:57:15,241,Tahap-4
01/17/2025,9,57,15,09:57:15,204,Tahap-4
01/17/2025,9,57,15,09:57:15,302,Tahap-4
01/17/2025,9,57,16,09:57:16,368,Tahap-4
01/17/2025,9,57,16,09:57:16,71,Tahap-4
01/17/2025,9,57,16,09:57:16,109,Tahap-4
01/17/2025,9,57,16,09:57:16,1372,Tahap-4
01/17/2025,9,57,16,09:57:16,516,Tahap-4
01/17/2025,9,57,16,09:57:16,1055,Tahap-4
01/17/2025,9,57,16,09:57:16,1237,Tahap-4
01/17/2025,9,57,16,09:57:16,437,Tahap-4
01/17/2025,9,57,16,09:57:16,403,Tahap-4
01/17/2025,9,57,16,09:57:16,114,Tahap-4
01/17/2025,9,57,17,09:57:17,452,Tahap-4
01/17/2025,9,57,17,09:57:17,375,Tahap-4
01/17/2025,9,57,17,09:57:17,1269,Tahap-4
01/17/2025,9,57,17,09:57:17,-44,Tahap-4
01/17/2025,9,57,17,09:57:17,-180,Tahap-4
01/17/2025,9,57,17,09:57:17,-24,Tahap-4
01/17/2025,9,57,17,09:57:17,-100,Tahap-4
01/17/2025,9,57,17,09:57:17,-96,Tahap-4
01/17/2025,9,57,17,09:57:17,36,Tahap-4
01/17/2025,9,57,17,09:57:17,-4,Tahap-4
01/17/2025,9,57,18,09:57:18,4,Tahap-4
01/17/2025,9,57,18,09:57:18,-124,Tahap-4
01/17/2025,9,57,18,09:57:18,132,Tahap-4
01/17/2025,9,57,18,09:57:18,-136,Tahap-4
01/17/2025,9,57,18,09:57:18,16,Tahap-4
01/17/2025,9,57,18,09:57:18,-220,Tahap-4
01/17/2025,9,57,18,09:57:18,72,Tahap-4
01/17/2025,9,57,18,09:57:18,-232,Tahap-4
01/17/2025,9,57,18,09:57:18,56,Tahap-4
01/17/2025,9,57,18,09:57:18,-36,Tahap-4
01/17/2025,9,57,19,09:57:19,-56,Tahap-4
01/17/2025,9,57,19,09:57:19,-36,Tahap-4
01/17/2025,9,57,19,09:57:19,32,Tahap-4
01/17/2025,9,57,19,09:57:19,-108,Tahap-4
01/17/2025,9,57,19,09:57:19,-8,Tahap-4
01/17/2025,9,57,19,09:57:19,-88,Tahap-4
01/17/2025,9,57,19,09:57:19,-176,Tahap-4
01/17/2025,9,57,19,09:57:19,24,Tahap-4
01/17/2025,9,57,19,09:57:19,-124,Tahap-4
01/17/2025,9,57,19,09:57:19,-88,Tahap-4
01/17/2025,9,57,20,09:57:20,32,Tahap-4
01/17/2025,9,57,20,09:57:20,-68,Tahap-4
01/17/2025,9,57,20,09:57:20,-128,Tahap-4
01/17/2025,9,57,20,09:57:20,40,Tahap-4
01/17/2025,9,57,20,09:57:20,-64,Tahap-4
01/17/2025,9,57,20,09:57:20,-80,Tahap-4
01/17/2025,9,57,20,09:57:20,-68,Tahap-4
01/17/2025,9,57,20,09:57:20,-124,Tahap-4
01/17/2025,9,57,20,09:57:20,-76,Tahap-4
01/17/2025,9,57,20,09:57:20,-148,Tahap-4
01/17/2025,9,57,21,09:57:21,48,Tahap-4
01/17/2025,9,57,21,09:57:21,-92,Tahap-4
01/17/2025,9,57,21,09:57:21,80,Tahap-4
01/17/2025,9,57,21,09:57:21,-152,Tahap-4
01/17/2025,9,57,21,09:57:21,36,Tahap-4
01/17/2025,9,57,21,09:57:21,-112,Tahap-4
01/17/2025,9,57,21,09:57:21,24,Tahap-4
01/17/2025,9,57,21,09:57:21,-184,Tahap-4
01/17/2025,9,57,21,09:57:21,32,Tahap-4
01/17/2025,9,57,21,09:57:21,-96,Tahap-4
01/17/2025,9,57,22,09:57:22,-164,Tahap-4
01/17/2025,9,57,22,09:57:22,36,Tahap-4
01/17/2025,9,57,22,09:57:22,-16,Tahap-4
01/17/2025,9,57,22,09:57:22,-136,Tahap-4
01/17/2025,9,57,22,09:57:22,16,Tahap-4
01/17/2025,9,57,22,09:57:22,-96,Tahap-4
01/17/2025,9,57,22,09:57:22,-80,Tahap-4
01/17/2025,9,57,22,09:57:22,-84,Tahap-4
01/17/2025,9,57,22,09:57:22,-116,Tahap-4
01/17/2025,9,57,22,09:57:22,-116,Tahap-4
01/17/2025,9,57,23,09:57:23,-24,Tahap-4
01/17/2025,9,57,23,09:57:23,-172,Tahap-4
01/17/2025,9,57,23,09:57:23,-108,Tahap-4
01/17/2025,9,57,23,09:57:23,-8,Tahap-4
01/17/2025,9,57,23,09:57:23,-72,Tahap-4
01/17/2025,9,57,23,09:57:23,-104,Tahap-4
01/17/2025,9,57,23,09:57:23,88,Tahap-4
01/17/2025,9,57,23,09:57:23,-144,Tahap-4
01/17/2025,9,57,23,09:57:23,-40,Tahap-4
01/17/2025,9,57,23,09:57:23,-116,Tahap-4
01/17/2025,9,57,24,09:57:24,-72,Tahap-4
01/17/2025,9,57,24,09:57:24,-132,Tahap-4
01/17/2025,9,57,24,09:57:24,-100,Tahap-4
01/17/2025,9,57,24,09:57:24,-60,Tahap-4
01/17/2025,9,57,24,09:57:24,-64,Tahap-4
01/17/2025,9,57,24,09:57:24,-32,Tahap-4
01/17/2025,9,57,24,09:57:24,-112,Tahap-4
01/17/2025,9,57,24,09:57:24,-36,Tahap-4
01/17/2025,9,57,24,09:57:24,-40,Tahap-4
01/17/2025,9,57,24,09:57:24,-92,Tahap-4
01/17/2025,9,57,25,09:57:25,-184,Tahap-4
01/17/2025,9,57,25,09:57:25,-20,Tahap-4
01/17/2025,9,57,25,09:57:25,-120,Tahap-4
01/17/2025,9,57,25,09:57:25,-120,Tahap-4
01/17/2025,9,57,25,09:57:25,32,Tahap-4
01/17/2025,9,57,25,09:57:25,-44,Tahap-4
01/17/2025,9,57,25,09:57:25,-108,Tahap-4
01/17/2025,9,57,25,09:57:25,24,Tahap-4
01/17/2025,9,57,25,09:57:25,-60,Tahap-4
01/17/2025,9,57,25,09:57:25,-92,Tahap-4
01/17/2025,9,57,26,09:57:26,4,Tahap-4
01/17/2025,9,57,26,09:57:26,-204,Tahap-4
01/17/2025,9,57,26,09:57:26,40,Tahap-4
01/17/2025,9,57,26,09:57:26,-160,Tahap-4
01/17/2025,9,57,26,09:57:26,-56,Tahap-4
01/17/2025,9,57,26,09:57:26,-56,Tahap-4
01/17/2025,9,57,26,09:57:26,-16,Tahap-4
01/17/2025,9,57,26,09:57:26,-200,Tahap-4
01/17/2025,9,57,26,09:57:26,8,Tahap-4
01/17/2025,9,57,26,09:57:26,-64,Tahap-4
01/17/2025,9,57,27,09:57:27,-104,Tahap-4
01/17/2025,9,57,27,09:57:27,-64,Tahap-4
01/17/2025,9,57,27,09:57:27,-92,Tahap-4
01/17/2025,9,57,27,09:57:27,-60,Tahap-4
01/17/2025,9,57,27,09:57:27,-156,Tahap-4
01/17/2025,9,57,27,09:57:27,44,Tahap-4
01/17/2025,9,57,27,09:57:27,-128,Tahap-4
01/17/2025,9,57,27,09:57:27,16,Tahap-4
01/17/2025,9,57,27,09:57:27,-120,Tahap-4
01/17/2025,9,57,27,09:57:27,-12,Tahap-4
01/17/2025,9,57,28,09:57:28,-152,Tahap-4
01/17/2025,9,57,28,09:57:28,52,Tahap-4
01/17/2025,9,57,28,09:57:28,-220,Tahap-4
01/17/2025,9,57,28,09:57:28,52,Tahap-4
01/17/2025,9,57,28,09:57:28,-108,Tahap-4
01/17/2025,9,57,28,09:57:28,-120,Tahap-4
01/17/2025,9,57,28,09:57:28,-40,Tahap-4
01/17/2025,9,57,28,09:57:28,72,Tahap-4
01/17/2025,9,57,28,09:57:28,-172,Tahap-4
01/17/2025,9,57,28,09:57:28,36,Tahap-4
01/17/2025,9,57,29,09:57:29,-12,Tahap-4
01/17/2025,9,57,29,09:57:29,-116,Tahap-4
01/17/2025,9,57,29,09:57:29,-108,Tahap-4
01/17/2025,9,57,29,09:57:29,8,Tahap-4
01/17/2025,9,57,29,09:57:29,-148,Tahap-4
01/17/2025,9,57,29,09:57:29,-32,Tahap-4
01/17/2025,9,57,29,09:57:29,-88,Tahap-4
01/17/2025,9,57,29,09:57:29,-8,Tahap-4
01/17/2025,9,57,29,09:57:29,-20,Tahap-4
01/17/2025,9,57,30,09:57:30,-88,Tahap-4
01/17/2025,9,57,30,09:57:30,20,Tahap-4
