Tanggal,Jam,Menit,Detik,Waktu,frekuensi,label
01/17/2025,10,23,30,10:23:30,63,Tahap-4
01/17/2025,10,23,30,10:23:30,55,Tahap-4
01/17/2025,10,23,30,10:23:30,83,Tahap-4
01/17/2025,10,23,30,10:23:30,90,Tahap-4
01/17/2025,10,23,30,10:23:30,56,Tahap-4
01/17/2025,10,23,30,10:23:30,70,Tahap-4
01/17/2025,10,23,30,10:23:30,69,Tahap-4
01/17/2025,10,23,30,10:23:30,77,Tahap-4
01/17/2025,10,23,30,10:23:30,46,Tahap-4
01/17/2025,10,23,30,10:23:30,90,Tahap-4
01/17/2025,10,23,30,10:23:30,58,Tahap-4
01/17/2025,10,23,30,10:23:30,77,Tahap-4
01/17/2025,10,23,30,10:23:30,62,Tahap-4
01/17/2025,10,23,30,10:23:30,62,Tahap-4
01/17/2025,10,23,30,10:23:30,57,Tahap-4
01/17/2025,10,23,30,10:23:30,37,Tahap-4
01/17/2025,10,23,30,10:23:30,87,Tahap-4
01/17/2025,10,23,30,10:23:30,78,Tahap-4
01/17/2025,10,23,30,10:23:30,36,Tahap-4
01/17/2025,10,23,30,10:23:30,50,Tahap-4
01/17/2025,10,23,30,10:23:30,36,Tahap-4
01/17/2025,10,23,30,10:23:30,71,Tahap-4
01/17/2025,10,23,30,10:23:30,50,Tahap-4
01/17/2025,10,23,30,10:23:30,60,Tahap-4
01/17/2025,10,23,30,10:23:30,46,Tahap-4
01/17/2025,10,23,30,10:23:30,39,Tahap-4
01/17/2025,10,23,30,10:23:30,17,Tahap-4
01/17/2025,10,23,30,10:23:30,47,Tahap-4
01/17/2025,10,23,30,10:23:30,43,Tahap-4
01/17/2025,10,23,31,10:23:31,44,Tahap-4
01/17/2025,10,23,31,10:23:31,63,Tahap-4
01/17/2025,10,23,31,10:23:31,14,Tahap-4
01/17/2025,10,23,31,10:23:31,52,Tahap-4
01/17/2025,10,23,31,10:23:31,62,Tahap-4
01/17/2025,10,23,31,10:23:31,49,Tahap-4
01/17/2025,10,23,31,10:23:31,33,Tahap-4
01/17/2025,10,23,31,10:23:31,41,Tahap-4
01/17/2025,10,23,31,10:23:31,53,Tahap-4
01/17/2025,10,23,31,10:23:31,19,Tahap-4
01/17/2025,10,23,32,10:23:32,56,Tahap-4
01/17/2025,10,23,32,10:23:32,29,Tahap-4
01/17/2025,10,23,32,10:23:32,5,Tahap-4
01/17/2025,10,23,32,10:23:32,36,Tahap-4
01/17/2025,10,23,32,10:23:32,10,Tahap-4
01/17/2025,10,23,32,10:23:32,21,Tahap-4
01/17/2025,10,23,32,10:23:32,48,Tahap-4
01/17/2025,10,23,32,10:23:32,28,Tahap-4
01/17/2025,10,23,32,10:23:32,37,Tahap-4
01/17/2025,10,23,32,10:23:32,35,Tahap-4
01/17/2025,10,23,33,10:23:33,17,Tahap-4
01/17/2025,10,23,33,10:23:33,38,Tahap-4
01/17/2025,10,23,33,10:23:33,54,Tahap-4
01/17/2025,10,23,33,10:23:33,51,Tahap-4
01/17/2025,10,23,33,10:23:33,67,Tahap-4
01/17/2025,10,23,33,10:23:33,18,Tahap-4
01/17/2025,10,23,33,10:23:33,15,Tahap-4
01/17/2025,10,23,33,10:23:33,58,Tahap-4
01/17/2025,10,23,33,10:23:33,15,Tahap-4
01/17/2025,10,23,33,10:23:33,40,Tahap-4
01/17/2025,10,23,34,10:23:34,34,Tahap-4
01/17/2025,10,23,34,10:23:34,41,Tahap-4
01/17/2025,10,23,34,10:23:34,38,Tahap-4
01/17/2025,10,23,34,10:23:34,11,Tahap-4
01/17/2025,10,23,34,10:23:34,38,Tahap-4
01/17/2025,10,23,34,10:23:34,17,Tahap-4
01/17/2025,10,23,34,10:23:34,52,Tahap-4
01/17/2025,10,23,34,10:23:34,32,Tahap-4
01/17/2025,10,23,34,10:23:34,37,Tahap-4
01/17/2025,10,23,34,10:23:34,55,Tahap-4
01/17/2025,10,23,35,10:23:35,49,Tahap-4
01/17/2025,10,23,35,10:23:35,20,Tahap-4
01/17/2025,10,23,35,10:23:35,53,Tahap-4
01/17/2025,10,23,35,10:23:35,30,Tahap-4
01/17/2025,10,23,35,10:23:35,48,Tahap-4
01/17/2025,10,23,35,10:23:35,56,Tahap-4
01/17/2025,10,23,35,10:23:35,48,Tahap-4
01/17/2025,10,23,35,10:23:35,31,Tahap-4
01/17/2025,10,23,35,10:23:35,25,Tahap-4
01/17/2025,10,23,35,10:23:35,10,Tahap-4
01/17/2025,10,23,36,10:23:36,83,Tahap-4
01/17/2025,10,23,36,10:23:36,5,Tahap-4
01/17/2025,10,23,36,10:23:36,33,Tahap-4
01/17/2025,10,23,36,10:23:36,31,Tahap-4
01/17/2025,10,23,36,10:23:36,4,Tahap-4
01/17/2025,10,23,36,10:23:36,55,Tahap-4
01/17/2025,10,23,36,10:23:36,52,Tahap-4
01/17/2025,10,23,36,10:23:36,40,Tahap-4
01/17/2025,10,23,36,10:23:36,35,Tahap-4
01/17/2025,10,23,36,10:23:36,9,Tahap-4
01/17/2025,10,23,37,10:23:37,61,Tahap-4
01/17/2025,10,23,37,10:23:37,81,Tahap-4
01/17/2025,10,23,37,10:23:37,16,Tahap-4
01/17/2025,10,23,37,10:23:37,57,Tahap-4
01/17/2025,10,23,37,10:23:37,52,Tahap-4
01/17/2025,10,23,37,10:23:37,45,Tahap-4
01/17/2025,10,23,37,10:23:37,66,Tahap-4
01/17/2025,10,23,37,10:23:37,52,Tahap-4
01/17/2025,10,23,37,10:23:37,40,Tahap-4
01/17/2025,10,23,37,10:23:37,9,Tahap-4
01/17/2025,10,23,38,10:23:38,86,Tahap-4
01/17/2025,10,23,38,10:23:38,57,Tahap-4
01/17/2025,10,23,38,10:23:38,62,Tahap-4
01/17/2025,10,23,38,10:23:38,32,Tahap-4
01/17/2025,10,23,38,10:23:38,33,Tahap-4
01/17/2025,10,23,38,10:23:38,18,Tahap-4
01/17/2025,10,23,38,10:23:38,46,Tahap-4
01/17/2025,10,23,38,10:23:38,-3,Tahap-4
01/17/2025,10,23,38,10:23:38,3,Tahap-4
01/17/2025,10,23,38,10:23:38,1,Tahap-4
01/17/2025,10,23,39,10:23:39,1,Tahap-4
01/17/2025,10,23,39,10:23:39,1,Tahap-4
01/17/2025,10,23,39,10:23:39,1,Tahap-4
01/17/2025,10,23,39,10:23:39,2,Tahap-4
01/17/2025,10,23,39,10:23:39,1,Tahap-4
01/17/2025,10,23,39,10:23:39,2,Tahap-4
01/17/2025,10,23,39,10:23:39,2,Tahap-4
01/17/2025,10,23,39,10:23:39,1,Tahap-4
01/17/2025,10,23,39,10:23:39,-2,Tahap-4
01/17/2025,10,23,40,10:23:40,5,Tahap-4
01/17/2025,10,23,40,10:23:40,3,Tahap-4
01/17/2025,10,23,40,10:23:40,2,Tahap-4
01/17/2025,10,23,40,10:23:40,-1,Tahap-4
01/17/2025,10,23,40,10:23:40,3,Tahap-4
01/17/2025,10,23,40,10:23:40,2,Tahap-4
01/17/2025,10,23,40,10:23:40,3,Tahap-4
01/17/2025,10,23,40,10:23:40,3,Tahap-4
01/17/2025,10,23,40,10:23:40,-1,Tahap-4
01/17/2025,10,23,40,10:23:40,6,Tahap-4
01/17/2025,10,23,40,10:23:40,1,Tahap-4
01/17/2025,10,23,41,10:23:41,7,Tahap-4
01/17/2025,10,23,41,10:23:41,1,Tahap-4
01/17/2025,10,23,41,10:23:41,5,Tahap-4
01/17/2025,10,23,41,10:23:41,-2,Tahap-4
01/17/2025,10,23,41,10:23:41,8,Tahap-4
01/17/2025,10,23,41,10:23:41,5,Tahap-4
01/17/2025,10,23,41,10:23:41,3,Tahap-4
01/17/2025,10,23,41,10:23:41,2,Tahap-4
01/17/2025,10,23,41,10:23:41,8,Tahap-4
01/17/2025,10,23,41,10:23:41,3,Tahap-4
01/17/2025,10,23,42,10:23:42,6,Tahap-4
01/17/2025,10,23,42,10:23:42,6,Tahap-4
01/17/2025,10,23,42,10:23:42,7,Tahap-4
01/17/2025,10,23,42,10:23:42,1,Tahap-4
01/17/2025,10,23,42,10:23:42,6,Tahap-4
01/17/2025,10,23,42,10:23:42,9,Tahap-4
01/17/2025,10,23,42,10:23:42,4,Tahap-4
01/17/2025,10,23,42,10:23:42,7,Tahap-4
01/17/2025,10,23,42,10:23:42,4,Tahap-4
01/17/2025,10,23,42,10:23:42,9,Tahap-4
01/17/2025,10,23,43,10:23:43,4,Tahap-4
01/17/2025,10,23,43,10:23:43,10,Tahap-4
01/17/2025,10,23,43,10:23:43,8,Tahap-4
01/17/2025,10,23,43,10:23:43,8,Tahap-4
01/17/2025,10,23,43,10:23:43,7,Tahap-4
01/17/2025,10,23,43,10:23:43,7,Tahap-4
01/17/2025,10,23,43,10:23:43,7,Tahap-4
01/17/2025,10,23,43,10:23:43,6,Tahap-4
01/17/2025,10,23,43,10:23:43,8,Tahap-4
01/17/2025,10,23,43,10:23:43,6,Tahap-4
01/17/2025,10,23,44,10:23:44,11,Tahap-4
01/17/2025,10,23,44,10:23:44,6,Tahap-4
01/17/2025,10,23,44,10:23:44,10,Tahap-4
01/17/2025,10,23,44,10:23:44,5,Tahap-4
01/17/2025,10,23,44,10:23:44,7,Tahap-4
01/17/2025,10,23,44,10:23:44,9,Tahap-4
01/17/2025,10,23,44,10:23:44,9,Tahap-4
01/17/2025,10,23,44,10:23:44,11,Tahap-4
01/17/2025,10,23,44,10:23:44,13,Tahap-4
01/17/2025,10,23,44,10:23:44,9,Tahap-4
01/17/2025,10,23,45,10:23:45,13,Tahap-4
01/17/2025,10,23,45,10:23:45,8,Tahap-4
01/17/2025,10,23,45,10:23:45,14,Tahap-4
01/17/2025,10,23,45,10:23:45,11,Tahap-4
01/17/2025,10,23,45,10:23:45,11,Tahap-4
01/17/2025,10,23,45,10:23:45,9,Tahap-4
01/17/2025,10,23,45,10:23:45,9,Tahap-4
01/17/2025,10,23,45,10:23:45,11,Tahap-4
01/17/2025,10,23,45,10:23:45,15,Tahap-4
01/17/2025,10,23,45,10:23:45,11,Tahap-4
01/17/2025,10,23,46,10:23:46,11,Tahap-4
01/17/2025,10,23,46,10:23:46,13,Tahap-4
01/17/2025,10,23,46,10:23:46,12,Tahap-4
01/17/2025,10,23,46,10:23:46,11,Tahap-4
01/17/2025,10,23,46,10:23:46,11,Tahap-4
01/17/2025,10,23,46,10:23:46,11,Tahap-4
01/17/2025,10,23,46,10:23:46,14,Tahap-4
01/17/2025,10,23,46,10:23:46,13,Tahap-4
01/17/2025,10,23,46,10:23:46,15,Tahap-4
01/17/2025,10,23,46,10:23:46,10,Tahap-4
01/17/2025,10,23,47,10:23:47,13,Tahap-4
01/17/2025,10,23,47,10:23:47,11,Tahap-4
01/17/2025,10,23,47,10:23:47,13,Tahap-4
01/17/2025,10,23,47,10:23:47,12,Tahap-4
01/17/2025,10,23,47,10:23:47,11,Tahap-4
01/17/2025,10,23,47,10:23:47,13,Tahap-4
01/17/2025,10,23,47,10:23:47,11,Tahap-4
01/17/2025,10,23,47,10:23:47,15,Tahap-4
01/17/2025,10,23,47,10:23:47,11,Tahap-4
01/17/2025,10,23,47,10:23:47,16,Tahap-4
01/17/2025,10,23,48,10:23:48,14,Tahap-4
01/17/2025,10,23,48,10:23:48,13,Tahap-4
01/17/2025,10,23,48,10:23:48,16,Tahap-4
01/17/2025,10,23,48,10:23:48,13,Tahap-4
01/17/2025,10,23,48,10:23:48,14,Tahap-4
01/17/2025,10,23,48,10:23:48,14,Tahap-4
01/17/2025,10,23,48,10:23:48,13,Tahap-4
01/17/2025,10,23,48,10:23:48,12,Tahap-4
01/17/2025,10,23,48,10:23:48,16,Tahap-4
01/17/2025,10,23,48,10:23:48,14,Tahap-4
01/17/2025,10,23,49,10:23:49,16,Tahap-4
01/17/2025,10,23,49,10:23:49,15,Tahap-4
01/17/2025,10,23,49,10:23:49,15,Tahap-4
01/17/2025,10,23,49,10:23:49,17,Tahap-4
01/17/2025,10,23,49,10:23:49,15,Tahap-4
01/17/2025,10,23,49,10:23:49,16,Tahap-4
01/17/2025,10,23,49,10:23:49,17,Tahap-4
01/17/2025,10,23,49,10:23:49,19,Tahap-4
01/17/2025,10,23,49,10:23:49,13,Tahap-4
01/17/2025,10,23,49,10:23:49,18,Tahap-4
01/17/2025,10,23,50,10:23:50,17,Tahap-4
01/17/2025,10,23,50,10:23:50,17,Tahap-4
01/17/2025,10,23,50,10:23:50,14,Tahap-4
01/17/2025,10,23,50,10:23:50,19,Tahap-4
01/17/2025,10,23,50,10:23:50,17,Tahap-4
01/17/2025,10,23,50,10:23:50,19,Tahap-4
01/17/2025,10,23,50,10:23:50,18,Tahap-4
01/17/2025,10,23,50,10:23:50,15,Tahap-4
01/17/2025,10,23,50,10:23:50,18,Tahap-4
01/17/2025,10,23,50,10:23:50,17,Tahap-4
01/17/2025,10,23,51,10:23:51,14,Tahap-4
01/17/2025,10,23,51,10:23:51,22,Tahap-4
01/17/2025,10,23,51,10:23:51,16,Tahap-4
01/17/2025,10,23,51,10:23:51,24,Tahap-4
01/17/2025,10,23,51,10:23:51,17,Tahap-4
01/17/2025,10,24,15,10:24:15,5877,Tahap-4
01/17/2025,10,24,16,10:24:16,2916,Tahap-4
01/17/2025,10,24,16,10:24:16,1601,Tahap-4
01/17/2025,10,24,16,10:24:16,1307,Tahap-4
01/17/2025,10,24,16,10:24:16,1157,Tahap-4
01/17/2025,10,24,16,10:24:16,995,Tahap-4
01/17/2025,10,24,16,10:24:16,779,Tahap-4
01/17/2025,10,24,16,10:24:16,672,Tahap-4
01/17/2025,10,24,16,10:24:16,591,Tahap-4
01/17/2025,10,24,16,10:24:16,518,Tahap-4
01/17/2025,10,24,16,10:24:16,489,Tahap-4
01/17/2025,10,24,17,10:24:17,484,Tahap-4
01/17/2025,10,24,17,10:24:17,436,Tahap-4
01/17/2025,10,24,17,10:24:17,467,Tahap-4
01/17/2025,10,24,17,10:24:17,464,Tahap-4
01/17/2025,10,24,17,10:24:17,269,Tahap-4
01/17/2025,10,24,17,10:24:17,348,Tahap-4
01/17/2025,10,24,17,10:24:17,316,Tahap-4
01/17/2025,10,24,17,10:24:17,278,Tahap-4
01/17/2025,10,24,17,10:24:17,294,Tahap-4
01/17/2025,10,24,17,10:24:17,279,Tahap-4
01/17/2025,10,24,18,10:24:18,198,Tahap-4
01/17/2025,10,24,18,10:24:18,142,Tahap-4
01/17/2025,10,24,18,10:24:18,258,Tahap-4
01/17/2025,10,24,18,10:24:18,102,Tahap-4
01/17/2025,10,24,18,10:24:18,321,Tahap-4
01/17/2025,10,24,18,10:24:18,200,Tahap-4
01/17/2025,10,24,18,10:24:18,101,Tahap-4
01/17/2025,10,24,18,10:24:18,73,Tahap-4
01/17/2025,10,24,18,10:24:18,263,Tahap-4
01/17/2025,10,24,18,10:24:18,281,Tahap-4
01/17/2025,10,24,19,10:24:19,216,Tahap-4
01/17/2025,10,24,19,10:24:19,113,Tahap-4
01/17/2025,10,24,19,10:24:19,90,Tahap-4
01/17/2025,10,24,19,10:24:19,314,Tahap-4
01/17/2025,10,24,19,10:24:19,260,Tahap-4
01/17/2025,10,24,19,10:24:19,103,Tahap-4
01/17/2025,10,24,19,10:24:19,58,Tahap-4
01/17/2025,10,24,19,10:24:19,190,Tahap-4
01/17/2025,10,24,19,10:24:19,134,Tahap-4
01/17/2025,10,24,19,10:24:19,213,Tahap-4
01/17/2025,10,24,20,10:24:20,254,Tahap-4
01/17/2025,10,24,20,10:24:20,230,Tahap-4
01/17/2025,10,24,20,10:24:20,197,Tahap-4
01/17/2025,10,24,20,10:24:20,133,Tahap-4
01/17/2025,10,24,20,10:24:20,33,Tahap-4
01/17/2025,10,24,20,10:24:20,108,Tahap-4
01/17/2025,10,24,20,10:24:20,160,Tahap-4
01/17/2025,10,24,20,10:24:20,108,Tahap-4
01/17/2025,10,24,20,10:24:20,52,Tahap-4
01/17/2025,10,24,20,10:24:20,186,Tahap-4
01/17/2025,10,24,21,10:24:21,111,Tahap-4
01/17/2025,10,24,21,10:24:21,198,Tahap-4
01/17/2025,10,24,21,10:24:21,272,Tahap-4
01/17/2025,10,24,21,10:24:21,142,Tahap-4
01/17/2025,10,24,21,10:24:21,182,Tahap-4
01/17/2025,10,24,21,10:24:21,192,Tahap-4
01/17/2025,10,24,21,10:24:21,186,Tahap-4
01/17/2025,10,24,21,10:24:21,186,Tahap-4
01/17/2025,10,24,21,10:24:21,199,Tahap-4
01/17/2025,10,24,21,10:24:21,82,Tahap-4
01/17/2025,10,24,22,10:24:22,187,Tahap-4
01/17/2025,10,24,22,10:24:22,266,Tahap-4
01/17/2025,10,24,22,10:24:22,175,Tahap-4
01/17/2025,10,24,22,10:24:22,466,Tahap-4
01/17/2025,10,24,22,10:24:22,500,Tahap-4
01/17/2025,10,24,22,10:24:22,1037,Tahap-4
01/17/2025,10,24,22,10:24:22,735,Tahap-4
01/17/2025,10,24,22,10:24:22,282,Tahap-4
01/17/2025,10,24,22,10:24:22,363,Tahap-4
01/17/2025,10,24,22,10:24:22,277,Tahap-4
01/17/2025,10,24,23,10:24:23,85,Tahap-4
01/17/2025,10,24,23,10:24:23,279,Tahap-4
01/17/2025,10,24,23,10:24:23,124,Tahap-4
01/17/2025,10,24,23,10:24:23,249,Tahap-4
01/17/2025,10,24,23,10:24:23,59,Tahap-4
01/17/2025,10,24,23,10:24:23,173,Tahap-4
01/17/2025,10,24,23,10:24:23,339,Tahap-4
01/17/2025,10,24,23,10:24:23,127,Tahap-4
01/17/2025,10,24,23,10:24:23,207,Tahap-4
01/17/2025,10,24,23,10:24:23,61,Tahap-4
01/17/2025,10,24,24,10:24:24,146,Tahap-4
01/17/2025,10,24,24,10:24:24,163,Tahap-4
01/17/2025,10,24,24,10:24:24,590,Tahap-4
01/17/2025,10,24,24,10:24:24,821,Tahap-4
01/17/2025,10,24,24,10:24:24,764,Tahap-4
01/17/2025,10,24,24,10:24:24,461,Tahap-4
01/17/2025,10,24,24,10:24:24,329,Tahap-4
01/17/2025,10,24,24,10:24:24,1044,Tahap-4
01/17/2025,10,24,24,10:24:24,802,Tahap-4
01/17/2025,10,24,24,10:24:24,178,Tahap-4
01/17/2025,10,24,25,10:24:25,381,Tahap-4
01/17/2025,10,24,25,10:24:25,414,Tahap-4
01/17/2025,10,24,25,10:24:25,150,Tahap-4
01/17/2025,10,24,25,10:24:25,245,Tahap-4
01/17/2025,10,24,25,10:24:25,402,Tahap-4
01/17/2025,10,24,25,10:24:25,236,Tahap-4
01/17/2025,10,24,25,10:24:25,167,Tahap-4
01/17/2025,10,24,25,10:24:25,10,Tahap-4
01/17/2025,10,24,25,10:24:25,274,Tahap-4
01/17/2025,10,24,25,10:24:25,201,Tahap-4
01/17/2025,10,24,26,10:24:26,191,Tahap-4
01/17/2025,10,24,26,10:24:26,113,Tahap-4
01/17/2025,10,24,26,10:24:26,113,Tahap-4
01/17/2025,10,24,26,10:24:26,508,Tahap-4
01/17/2025,10,24,26,10:24:26,251,Tahap-4
01/17/2025,10,24,26,10:24:26,324,Tahap-4
01/17/2025,10,24,26,10:24:26,352,Tahap-4
01/17/2025,10,24,26,10:24:26,542,Tahap-4
01/17/2025,10,24,26,10:24:26,328,Tahap-4
01/17/2025,10,24,26,10:24:26,395,Tahap-4
01/17/2025,10,24,27,10:24:27,1328,Tahap-4
01/17/2025,10,24,27,10:24:27,477,Tahap-4
01/17/2025,10,24,27,10:24:27,487,Tahap-4
01/17/2025,10,24,27,10:24:27,353,Tahap-4
01/17/2025,10,24,27,10:24:27,236,Tahap-4
01/17/2025,10,24,27,10:24:27,277,Tahap-4
01/17/2025,10,24,27,10:24:27,228,Tahap-4
01/17/2025,10,24,27,10:24:27,150,Tahap-4
01/17/2025,10,24,27,10:24:27,133,Tahap-4
01/17/2025,10,24,27,10:24:27,278,Tahap-4
01/17/2025,10,24,28,10:24:28,345,Tahap-4
01/17/2025,10,24,29,10:24:29,463,Tahap-4
01/17/2025,10,24,29,10:24:29,239,Tahap-4
01/17/2025,10,24,29,10:24:29,535,Tahap-4
01/17/2025,10,24,29,10:24:29,923,Tahap-4
01/17/2025,10,24,29,10:24:29,667,Tahap-4
01/17/2025,10,24,29,10:24:29,88,Tahap-4
01/17/2025,10,24,29,10:24:29,140,Tahap-4
01/17/2025,10,24,29,10:24:29,-56,Tahap-4
01/17/2025,10,24,29,10:24:29,124,Tahap-4
01/17/2025,10,24,29,10:24:29,-96,Tahap-4
01/17/2025,10,24,29,10:24:29,156,Tahap-4
01/17/2025,10,24,29,10:24:29,132,Tahap-4
01/17/2025,10,24,29,10:24:29,-52,Tahap-4
01/17/2025,10,24,29,10:24:29,220,Tahap-4
01/17/2025,10,24,29,10:24:29,56,Tahap-4
01/17/2025,10,24,29,10:24:29,28,Tahap-4
01/17/2025,10,24,29,10:24:29,204,Tahap-4
01/17/2025,10,24,29,10:24:29,-24,Tahap-4
01/17/2025,10,24,30,10:24:30,48,Tahap-4
01/17/2025,10,24,30,10:24:30,72,Tahap-4
01/17/2025,10,24,30,10:24:30,64,Tahap-4
01/17/2025,10,24,30,10:24:30,156,Tahap-4
01/17/2025,10,24,30,10:24:30,-28,Tahap-4
01/17/2025,10,24,30,10:24:30,112,Tahap-4
01/17/2025,10,24,30,10:24:30,160,Tahap-4
01/17/2025,10,24,30,10:24:30,28,Tahap-4
01/17/2025,10,24,30,10:24:30,28,Tahap-4
01/17/2025,10,24,30,10:24:30,116,Tahap-4
01/17/2025,10,24,31,10:24:31,116,Tahap-4
01/17/2025,10,24,31,10:24:31,32,Tahap-4
01/17/2025,10,24,31,10:24:31,92,Tahap-4
01/17/2025,10,24,31,10:24:31,28,Tahap-4
01/17/2025,10,24,31,10:24:31,228,Tahap-4
01/17/2025,10,24,31,10:24:31,-32,Tahap-4
01/17/2025,10,24,31,10:24:31,168,Tahap-4
01/17/2025,10,24,31,10:24:31,144,Tahap-4
01/17/2025,10,24,31,10:24:31,104,Tahap-4
01/17/2025,10,24,31,10:24:31,88,Tahap-4
01/17/2025,10,24,32,10:24:32,88,Tahap-4
01/17/2025,10,24,32,10:24:32,156,Tahap-4
01/17/2025,10,24,32,10:24:32,84,Tahap-4
01/17/2025,10,24,32,10:24:32,136,Tahap-4
01/17/2025,10,24,32,10:24:32,240,Tahap-4
01/17/2025,10,24,32,10:24:32,100,Tahap-4
01/17/2025,10,24,32,10:24:32,-12,Tahap-4
01/17/2025,10,24,32,10:24:32,288,Tahap-4
01/17/2025,10,24,32,10:24:32,104,Tahap-4
01/17/2025,10,24,33,10:24:33,-20,Tahap-4
01/17/2025,10,24,33,10:24:33,188,Tahap-4
01/17/2025,10,24,33,10:24:33,144,Tahap-4
01/17/2025,10,24,33,10:24:33,64,Tahap-4
01/17/2025,10,24,33,10:24:33,148,Tahap-4
01/17/2025,10,24,33,10:24:33,104,Tahap-4
01/17/2025,10,24,33,10:24:33,64,Tahap-4
01/17/2025,10,24,33,10:24:33,300,Tahap-4
01/17/2025,10,24,33,10:24:33,-56,Tahap-4
01/17/2025,10,24,33,10:24:33,176,Tahap-4
01/17/2025,10,24,34,10:24:34,284,Tahap-4
01/17/2025,10,24,34,10:24:34,112,Tahap-4
01/17/2025,10,24,34,10:24:34,16,Tahap-4
01/17/2025,10,24,34,10:24:34,288,Tahap-4
01/17/2025,10,24,34,10:24:34,80,Tahap-4
01/17/2025,10,24,34,10:24:34,136,Tahap-4
01/17/2025,10,24,34,10:24:34,56,Tahap-4
01/17/2025,10,24,34,10:24:34,196,Tahap-4
01/17/2025,10,24,34,10:24:34,140,Tahap-4
01/17/2025,10,24,34,10:24:34,252,Tahap-4
01/17/2025,10,24,34,10:24:34,68,Tahap-4
01/17/2025,10,24,35,10:24:35,136,Tahap-4
01/17/2025,10,24,35,10:24:35,232,Tahap-4
01/17/2025,10,24,35,10:24:35,168,Tahap-4
01/17/2025,10,24,35,10:24:35,40,Tahap-4
01/17/2025,10,24,35,10:24:35,328,Tahap-4
01/17/2025,10,24,35,10:24:35,72,Tahap-4
01/17/2025,10,24,35,10:24:35,184,Tahap-4
01/17/2025,10,24,35,10:24:35,148,Tahap-4
01/17/2025,10,24,35,10:24:35,148,Tahap-4
01/17/2025,10,24,35,10:24:35,228,Tahap-4
01/17/2025,10,24,36,10:24:36,188,Tahap-4
01/17/2025,10,24,36,10:24:36,88,Tahap-4
01/17/2025,10,24,36,10:24:36,268,Tahap-4
01/17/2025,10,24,36,10:24:36,244,Tahap-4
01/17/2025,10,24,36,10:24:36,76,Tahap-4
01/17/2025,10,24,36,10:24:36,120,Tahap-4
01/17/2025,10,24,36,10:24:36,288,Tahap-4
01/17/2025,10,24,36,10:24:36,48,Tahap-4
01/17/2025,10,24,36,10:24:36,196,Tahap-4
01/17/2025,10,24,36,10:24:36,132,Tahap-4
01/17/2025,10,24,37,10:24:37,292,Tahap-4
01/17/2025,10,24,37,10:24:37,168,Tahap-4
01/17/2025,10,24,37,10:24:37,44,Tahap-4
01/17/2025,10,24,37,10:24:37,312,Tahap-4
01/17/2025,10,24,37,10:24:37,124,Tahap-4
01/17/2025,10,24,37,10:24:37,180,Tahap-4
01/17/2025,10,24,37,10:24:37,144,Tahap-4
01/17/2025,10,24,37,10:24:37,140,Tahap-4
01/17/2025,10,24,37,10:24:37,252,Tahap-4
01/17/2025,10,24,37,10:24:37,80,Tahap-4
01/17/2025,10,24,38,10:24:38,184,Tahap-4
01/17/2025,10,24,38,10:24:38,152,Tahap-4
01/17/2025,10,24,38,10:24:38,344,Tahap-4
01/17/2025,10,24,38,10:24:38,-32,Tahap-4
01/17/2025,10,24,38,10:24:38,300,Tahap-4
01/17/2025,10,24,38,10:24:38,224,Tahap-4
01/17/2025,10,24,38,10:24:38,80,Tahap-4
01/17/2025,10,24,38,10:24:38,208,Tahap-4
01/17/2025,10,24,38,10:24:38,180,Tahap-4
01/17/2025,10,24,38,10:24:38,260,Tahap-4
01/17/2025,10,24,39,10:24:39,140,Tahap-4
01/17/2025,10,24,39,10:24:39,220,Tahap-4
01/17/2025,10,24,39,10:24:39,96,Tahap-4
01/17/2025,10,24,39,10:24:39,360,Tahap-4
01/17/2025,10,24,39,10:24:39,172,Tahap-4
01/17/2025,10,24,39,10:24:39,132,Tahap-4
01/17/2025,10,24,39,10:24:39,332,Tahap-4
01/17/2025,10,24,39,10:24:39,176,Tahap-4
01/17/2025,10,24,39,10:24:39,164,Tahap-4
01/17/2025,10,24,39,10:24:39,288,Tahap-4
01/17/2025,10,24,40,10:24:40,244,Tahap-4
01/17/2025,10,24,40,10:24:40,164,Tahap-4
01/17/2025,10,24,40,10:24:40,224,Tahap-4
01/17/2025,10,24,40,10:24:40,228,Tahap-4
01/17/2025,10,24,40,10:24:40,212,Tahap-4
01/17/2025,10,24,40,10:24:40,392,Tahap-4
01/17/2025,10,24,40,10:24:40,88,Tahap-4
01/17/2025,10,24,40,10:24:40,348,Tahap-4
01/17/2025,10,24,40,10:24:40,280,Tahap-4
01/17/2025,10,24,40,10:24:40,204,Tahap-4
01/17/2025,10,24,41,10:24:41,184,Tahap-4
01/17/2025,10,24,41,10:24:41,348,Tahap-4
01/17/2025,10,24,41,10:24:41,224,Tahap-4
01/17/2025,10,24,41,10:24:41,200,Tahap-4
01/17/2025,10,25,5,10:25:05,792,Tahap-4
01/17/2025,10,25,5,10:25:05,585,Tahap-4
01/17/2025,10,25,6,10:25:06,360,Tahap-4
01/17/2025,10,25,6,10:25:06,235,Tahap-4
01/17/2025,10,25,6,10:25:06,375,Tahap-4
01/17/2025,10,25,6,10:25:06,122,Tahap-4
01/17/2025,10,25,6,10:25:06,250,Tahap-4
01/17/2025,10,25,6,10:25:06,93,Tahap-4
01/17/2025,10,25,6,10:25:06,148,Tahap-4
01/17/2025,10,25,6,10:25:06,22,Tahap-4
01/17/2025,10,25,6,10:25:06,49,Tahap-4
01/17/2025,10,25,6,10:25:06,127,Tahap-4
01/17/2025,10,25,7,10:25:07,145,Tahap-4
01/17/2025,10,25,7,10:25:07,53,Tahap-4
01/17/2025,10,25,7,10:25:07,26,Tahap-4
01/17/2025,10,25,7,10:25:07,183,Tahap-4
01/17/2025,10,25,7,10:25:07,86,Tahap-4
01/17/2025,10,25,7,10:25:07,47,Tahap-4
01/17/2025,10,25,7,10:25:07,6,Tahap-4
01/17/2025,10,25,7,10:25:07,58,Tahap-4
01/17/2025,10,25,7,10:25:07,108,Tahap-4
01/17/2025,10,25,7,10:25:07,95,Tahap-4
01/17/2025,10,25,8,10:25:08,370,Tahap-4
01/17/2025,10,25,8,10:25:08,144,Tahap-4
01/17/2025,10,25,8,10:25:08,58,Tahap-4
01/17/2025,10,25,8,10:25:08,143,Tahap-4
01/17/2025,10,25,8,10:25:08,126,Tahap-4
01/17/2025,10,25,8,10:25:08,12,Tahap-4
01/17/2025,10,25,8,10:25:08,97,Tahap-4
01/17/2025,10,25,8,10:25:08,141,Tahap-4
01/17/2025,10,25,8,10:25:08,77,Tahap-4
01/17/2025,10,25,8,10:25:08,57,Tahap-4
01/17/2025,10,25,9,10:25:09,45,Tahap-4
01/17/2025,10,25,9,10:25:09,137,Tahap-4
01/17/2025,10,25,9,10:25:09,163,Tahap-4
01/17/2025,10,25,9,10:25:09,122,Tahap-4
01/17/2025,10,25,9,10:25:09,102,Tahap-4
01/17/2025,10,25,9,10:25:09,90,Tahap-4
01/17/2025,10,25,9,10:25:09,45,Tahap-4
01/17/2025,10,25,9,10:25:09,49,Tahap-4
01/17/2025,10,25,9,10:25:09,121,Tahap-4
01/17/2025,10,25,9,10:25:09,78,Tahap-4
01/17/2025,10,25,10,10:25:10,161,Tahap-4
01/17/2025,10,25,10,10:25:10,134,Tahap-4
01/17/2025,10,25,10,10:25:10,237,Tahap-4
01/17/2025,10,25,10,10:25:10,45,Tahap-4
01/17/2025,10,25,10,10:25:10,109,Tahap-4
01/17/2025,10,25,10,10:25:10,61,Tahap-4
01/17/2025,10,25,10,10:25:10,78,Tahap-4
01/17/2025,10,25,10,10:25:10,52,Tahap-4
01/17/2025,10,25,10,10:25:10,25,Tahap-4
01/17/2025,10,25,10,10:25:10,91,Tahap-4
01/17/2025,10,25,11,10:25:11,37,Tahap-4
01/17/2025,10,25,11,10:25:11,165,Tahap-4
01/17/2025,10,25,11,10:25:11,109,Tahap-4
01/17/2025,10,25,11,10:25:11,146,Tahap-4
01/17/2025,10,25,11,10:25:11,97,Tahap-4
01/17/2025,10,25,11,10:25:11,16,Tahap-4
01/17/2025,10,25,11,10:25:11,85,Tahap-4
01/17/2025,10,25,11,10:25:11,30,Tahap-4
01/17/2025,10,25,11,10:25:11,130,Tahap-4
01/17/2025,10,25,11,10:25:11,69,Tahap-4
01/17/2025,10,25,12,10:25:12,21,Tahap-4
01/17/2025,10,25,12,10:25:12,145,Tahap-4
01/17/2025,10,25,12,10:25:12,200,Tahap-4
01/17/2025,10,25,12,10:25:12,581,Tahap-4
01/17/2025,10,25,12,10:25:12,739,Tahap-4
01/17/2025,10,25,12,10:25:12,1171,Tahap-4
01/17/2025,10,25,12,10:25:12,219,Tahap-4
01/17/2025,10,25,12,10:25:12,132,Tahap-4
01/17/2025,10,25,12,10:25:12,160,Tahap-4
01/17/2025,10,25,12,10:25:12,212,Tahap-4
01/17/2025,10,25,13,10:25:13,193,Tahap-4
01/17/2025,10,25,13,10:25:13,78,Tahap-4
01/17/2025,10,25,13,10:25:13,80,Tahap-4
01/17/2025,10,25,13,10:25:13,139,Tahap-4
01/17/2025,10,25,13,10:25:13,208,Tahap-4
01/17/2025,10,25,13,10:25:13,356,Tahap-4
01/17/2025,10,25,13,10:25:13,170,Tahap-4
01/17/2025,10,25,13,10:25:13,133,Tahap-4
01/17/2025,10,25,13,10:25:13,90,Tahap-4
01/17/2025,10,25,13,10:25:13,154,Tahap-4
01/17/2025,10,25,14,10:25:14,261,Tahap-4
01/17/2025,10,25,14,10:25:14,338,Tahap-4
01/17/2025,10,25,14,10:25:14,192,Tahap-4
01/17/2025,10,25,14,10:25:14,679,Tahap-4
01/17/2025,10,25,14,10:25:14,460,Tahap-4
01/17/2025,10,25,14,10:25:14,398,Tahap-4
01/17/2025,10,25,14,10:25:14,626,Tahap-4
01/17/2025,10,25,14,10:25:14,1323,Tahap-4
01/17/2025,10,25,14,10:25:14,685,Tahap-4
01/17/2025,10,25,14,10:25:14,167,Tahap-4
01/17/2025,10,25,15,10:25:15,154,Tahap-4
01/17/2025,10,25,15,10:25:15,174,Tahap-4
01/17/2025,10,25,15,10:25:15,204,Tahap-4
01/17/2025,10,25,15,10:25:15,86,Tahap-4
01/17/2025,10,25,15,10:25:15,168,Tahap-4
01/17/2025,10,25,15,10:25:15,149,Tahap-4
01/17/2025,10,25,15,10:25:15,221,Tahap-4
01/17/2025,10,25,15,10:25:15,65,Tahap-4
01/17/2025,10,25,15,10:25:15,87,Tahap-4
01/17/2025,10,25,15,10:25:15,86,Tahap-4
01/17/2025,10,25,16,10:25:16,130,Tahap-4
01/17/2025,10,25,16,10:25:16,302,Tahap-4
01/17/2025,10,25,16,10:25:16,114,Tahap-4
01/17/2025,10,25,16,10:25:16,83,Tahap-4
01/17/2025,10,25,16,10:25:16,157,Tahap-4
01/17/2025,10,25,16,10:25:16,296,Tahap-4
01/17/2025,10,25,16,10:25:16,533,Tahap-4
01/17/2025,10,25,16,10:25:16,709,Tahap-4
01/17/2025,10,25,16,10:25:16,849,Tahap-4
01/17/2025,10,25,16,10:25:16,721,Tahap-4
01/17/2025,10,25,17,10:25:17,867,Tahap-4
01/17/2025,10,25,17,10:25:17,880,Tahap-4
01/17/2025,10,25,17,10:25:17,317,Tahap-4
01/17/2025,10,25,17,10:25:17,205,Tahap-4
01/17/2025,10,25,17,10:25:17,139,Tahap-4
01/17/2025,10,25,17,10:25:17,247,Tahap-4
01/17/2025,10,25,17,10:25:17,122,Tahap-4
01/17/2025,10,25,17,10:25:17,186,Tahap-4
01/17/2025,10,25,17,10:25:17,41,Tahap-4
01/17/2025,10,25,17,10:25:17,133,Tahap-4
01/17/2025,10,25,18,10:25:18,268,Tahap-4
01/17/2025,10,25,18,10:25:18,99,Tahap-4
01/17/2025,10,25,18,10:25:18,99,Tahap-4
01/17/2025,10,25,18,10:25:18,676,Tahap-4
01/17/2025,10,25,18,10:25:18,269,Tahap-4
01/17/2025,10,25,18,10:25:18,200,Tahap-4
01/17/2025,10,25,18,10:25:18,-144,Tahap-4
01/17/2025,10,25,18,10:25:18,16,Tahap-4
01/17/2025,10,25,18,10:25:18,16,Tahap-4
01/17/2025,10,25,18,10:25:18,16,Tahap-4
01/17/2025,10,25,19,10:25:19,232,Tahap-4
01/17/2025,10,25,19,10:25:19,-120,Tahap-4
01/17/2025,10,25,19,10:25:19,104,Tahap-4
01/17/2025,10,25,19,10:25:19,160,Tahap-4
01/17/2025,10,25,19,10:25:19,136,Tahap-4
01/17/2025,10,25,19,10:25:19,-216,Tahap-4
01/17/2025,10,25,19,10:25:19,176,Tahap-4
01/17/2025,10,25,19,10:25:19,48,Tahap-4
01/17/2025,10,25,19,10:25:19,-112,Tahap-4
01/17/2025,10,25,19,10:25:19,56,Tahap-4
01/17/2025,10,25,20,10:25:20,8,Tahap-4
01/17/2025,10,25,20,10:25:20,312,Tahap-4
01/17/2025,10,25,20,10:25:20,64,Tahap-4
01/17/2025,10,25,20,10:25:20,208,Tahap-4
01/17/2025,10,25,20,10:25:20,112,Tahap-4
01/17/2025,10,25,20,10:25:20,88,Tahap-4
01/17/2025,10,25,20,10:25:20,-8,Tahap-4
01/17/2025,10,25,20,10:25:20,384,Tahap-4
01/17/2025,10,25,20,10:25:20,-96,Tahap-4
01/17/2025,10,25,21,10:25:21,184,Tahap-4
01/17/2025,10,25,21,10:25:21,-80,Tahap-4
01/17/2025,10,25,21,10:25:21,256,Tahap-4
01/17/2025,10,25,21,10:25:21,48,Tahap-4
01/17/2025,10,25,21,10:25:21,-120,Tahap-4
01/17/2025,10,25,21,10:25:21,192,Tahap-4
01/17/2025,10,25,21,10:25:21,128,Tahap-4
01/17/2025,10,25,21,10:25:21,64,Tahap-4
01/17/2025,10,25,21,10:25:21,40,Tahap-4
01/17/2025,10,25,21,10:25:21,168,Tahap-4
01/17/2025,10,25,22,10:25:22,-56,Tahap-4
01/17/2025,10,25,22,10:25:22,-40,Tahap-4
01/17/2025,10,25,22,10:25:22,8,Tahap-4
01/17/2025,10,25,22,10:25:22,-56,Tahap-4
01/17/2025,10,25,22,10:25:22,328,Tahap-4
01/17/2025,10,25,22,10:25:22,-368,Tahap-4
01/17/2025,10,25,22,10:25:22,128,Tahap-4
01/17/2025,10,25,22,10:25:22,16,Tahap-4
01/17/2025,10,25,22,10:25:22,-48,Tahap-4
01/17/2025,10,25,22,10:25:22,-128,Tahap-4
01/17/2025,10,25,23,10:25:23,144,Tahap-4
01/17/2025,10,25,23,10:25:23,-96,Tahap-4
01/17/2025,10,25,23,10:25:23,-128,Tahap-4
01/17/2025,10,25,23,10:25:23,-32,Tahap-4
01/17/2025,10,25,23,10:25:23,-168,Tahap-4
01/17/2025,10,25,23,10:25:23,248,Tahap-4
01/17/2025,10,25,23,10:25:23,-56,Tahap-4
01/17/2025,10,25,23,10:25:23,-136,Tahap-4
01/17/2025,10,25,23,10:25:23,248,Tahap-4
01/17/2025,10,25,23,10:25:23,-200,Tahap-4
01/17/2025,10,25,24,10:25:24,-80,Tahap-4
01/17/2025,10,25,24,10:25:24,40,Tahap-4
01/17/2025,10,25,24,10:25:24,-8,Tahap-4
01/17/2025,10,25,24,10:25:24,-152,Tahap-4
01/17/2025,10,25,24,10:25:24,-112,Tahap-4
01/17/2025,10,25,24,10:25:24,-136,Tahap-4
01/17/2025,10,25,24,10:25:24,88,Tahap-4
01/17/2025,10,25,24,10:25:24,56,Tahap-4
01/17/2025,10,25,24,10:25:24,-240,Tahap-4
01/17/2025,10,25,24,10:25:24,88,Tahap-4
01/17/2025,10,25,25,10:25:25,144,Tahap-4
01/17/2025,10,25,25,10:25:25,-192,Tahap-4
01/17/2025,10,25,25,10:25:25,-80,Tahap-4
01/17/2025,10,25,25,10:25:25,224,Tahap-4
01/17/2025,10,25,25,10:25:25,-184,Tahap-4
01/17/2025,10,25,25,10:25:25,32,Tahap-4
01/17/2025,10,25,25,10:25:25,-112,Tahap-4
01/17/2025,10,25,25,10:25:25,64,Tahap-4
01/17/2025,10,25,25,10:25:25,96,Tahap-4
01/17/2025,10,25,25,10:25:25,-200,Tahap-4
01/17/2025,10,25,26,10:25:26,56,Tahap-4
01/17/2025,10,25,26,10:25:26,-56,Tahap-4
01/17/2025,10,25,26,10:25:26,-80,Tahap-4
01/17/2025,10,25,26,10:25:26,-232,Tahap-4
01/17/2025,10,25,26,10:25:26,72,Tahap-4
01/17/2025,10,25,26,10:25:26,40,Tahap-4
01/17/2025,10,25,26,10:25:26,-224,Tahap-4
01/17/2025,10,25,26,10:25:26,-40,Tahap-4
01/17/2025,10,25,26,10:25:26,-88,Tahap-4
01/17/2025,10,25,26,10:25:26,176,Tahap-4
01/17/2025,10,25,27,10:25:27,-240,Tahap-4
01/17/2025,10,25,27,10:25:27,-8,Tahap-4
01/17/2025,10,25,27,10:25:27,-24,Tahap-4
01/17/2025,10,25,27,10:25:27,-240,Tahap-4
01/17/2025,10,25,27,10:25:27,-80,Tahap-4
01/17/2025,10,25,27,10:25:27,32,Tahap-4
01/17/2025,10,25,27,10:25:27,-168,Tahap-4
01/17/2025,10,25,27,10:25:27,-160,Tahap-4
01/17/2025,10,25,27,10:25:27,-152,Tahap-4
01/17/2025,10,25,28,10:25:28,120,Tahap-4
01/17/2025,10,25,29,10:25:29,-96,Tahap-4
01/17/2025,10,25,29,10:25:29,-336,Tahap-4
01/17/2025,10,25,29,10:25:29,264,Tahap-4
01/17/2025,10,25,29,10:25:29,-272,Tahap-4
01/17/2025,10,25,29,10:25:29,-104,Tahap-4
01/17/2025,10,25,29,10:25:29,-248,Tahap-4
01/17/2025,10,25,29,10:25:29,120,Tahap-4
01/17/2025,10,25,29,10:25:29,-248,Tahap-4
01/17/2025,10,25,29,10:25:29,64,Tahap-4
01/17/2025,10,25,29,10:25:29,-328,Tahap-4
01/17/2025,10,25,29,10:25:29,32,Tahap-4
01/17/2025,10,25,29,10:25:29,40,Tahap-4
01/17/2025,10,25,29,10:25:29,-304,Tahap-4
01/17/2025,10,25,29,10:25:29,152,Tahap-4
01/17/2025,10,25,29,10:25:29,136,Tahap-4
01/17/2025,10,25,29,10:25:29,-352,Tahap-4
01/17/2025,10,25,29,10:25:29,8,Tahap-4
01/17/2025,10,25,29,10:25:29,48,Tahap-4
01/17/2025,10,25,29,10:25:29,-80,Tahap-4
01/17/2025,10,25,29,10:25:29,-168,Tahap-4
01/17/2025,10,25,30,10:25:30,16,Tahap-4
01/17/2025,10,25,30,10:25:30,-168,Tahap-4
01/17/2025,10,25,30,10:25:30,208,Tahap-4
01/17/2025,10,25,30,10:25:30,-224,Tahap-4
01/17/2025,10,25,30,10:25:30,32,Tahap-4
01/17/2025,10,25,30,10:25:30,88,Tahap-4
01/17/2025,10,25,30,10:25:30,24,Tahap-4
01/17/2025,10,25,30,10:25:30,-328,Tahap-4
01/17/2025,10,25,30,10:25:30,208,Tahap-4
01/17/2025,10,25,30,10:25:30,8,Tahap-4
01/17/2025,10,25,31,10:25:31,-32,Tahap-4
01/17/2025,10,25,31,10:25:31,80,Tahap-4
01/17/2025,10,25,31,10:25:31,24,Tahap-4
01/17/2025,10,25,55,10:25:55,1902,Tahap-4
01/17/2025,10,25,55,10:25:55,1726,Tahap-4
01/17/2025,10,25,55,10:25:55,881,Tahap-4
01/17/2025,10,25,56,10:25:56,540,Tahap-4
01/17/2025,10,25,56,10:25:56,498,Tahap-4
01/17/2025,10,25,56,10:25:56,320,Tahap-4
01/17/2025,10,25,56,10:25:56,354,Tahap-4
01/17/2025,10,25,56,10:25:56,403,Tahap-4
01/17/2025,10,25,56,10:25:56,311,Tahap-4
01/17/2025,10,25,56,10:25:56,310,Tahap-4
01/17/2025,10,25,56,10:25:56,180,Tahap-4
01/17/2025,10,25,56,10:25:56,218,Tahap-4
01/17/2025,10,25,56,10:25:56,99,Tahap-4
01/17/2025,10,25,57,10:25:57,207,Tahap-4
01/17/2025,10,25,57,10:25:57,272,Tahap-4
01/17/2025,10,25,57,10:25:57,92,Tahap-4
01/17/2025,10,25,57,10:25:57,91,Tahap-4
01/17/2025,10,25,57,10:25:57,159,Tahap-4
01/17/2025,10,25,57,10:25:57,194,Tahap-4
01/17/2025,10,25,57,10:25:57,109,Tahap-4
01/17/2025,10,25,57,10:25:57,131,Tahap-4
01/17/2025,10,25,57,10:25:57,100,Tahap-4
01/17/2025,10,25,57,10:25:57,474,Tahap-4
01/17/2025,10,25,59,10:25:59,75,Tahap-4
01/17/2025,10,25,59,10:25:59,90,Tahap-4
01/17/2025,10,25,59,10:25:59,27,Tahap-4
01/17/2025,10,25,59,10:25:59,207,Tahap-4
01/17/2025,10,25,59,10:25:59,140,Tahap-4
01/17/2025,10,25,59,10:25:59,113,Tahap-4
01/17/2025,10,25,59,10:25:59,143,Tahap-4
01/17/2025,10,25,59,10:25:59,154,Tahap-4
01/17/2025,10,25,59,10:25:59,58,Tahap-4
01/17/2025,10,25,59,10:25:59,213,Tahap-4
01/17/2025,10,25,59,10:25:59,126,Tahap-4
01/17/2025,10,25,59,10:25:59,129,Tahap-4
01/17/2025,10,25,59,10:25:59,80,Tahap-4
01/17/2025,10,25,59,10:25:59,120,Tahap-4
01/17/2025,10,25,59,10:25:59,120,Tahap-4
01/17/2025,10,25,59,10:25:59,120,Tahap-4
01/17/2025,10,25,59,10:25:59,95,Tahap-4
01/17/2025,10,25,59,10:25:59,98,Tahap-4
01/17/2025,10,25,59,10:25:59,102,Tahap-4
01/17/2025,10,25,59,10:25:59,98,Tahap-4
01/17/2025,10,26,1,10:26:01,12,Tahap-4
01/17/2025,10,26,1,10:26:01,122,Tahap-4
01/17/2025,10,26,1,10:26:01,74,Tahap-4
01/17/2025,10,26,1,10:26:01,104,Tahap-4
01/17/2025,10,26,1,10:26:01,103,Tahap-4
01/17/2025,10,26,1,10:26:01,82,Tahap-4
01/17/2025,10,26,1,10:26:01,162,Tahap-4
01/17/2025,10,26,1,10:26:01,149,Tahap-4
01/17/2025,10,26,1,10:26:01,72,Tahap-4
01/17/2025,10,26,1,10:26:01,75,Tahap-4
01/17/2025,10,26,2,10:26:02,112,Tahap-4
01/17/2025,10,26,2,10:26:02,187,Tahap-4
01/17/2025,10,26,2,10:26:02,549,Tahap-4
01/17/2025,10,26,2,10:26:02,164,Tahap-4
01/17/2025,10,26,2,10:26:02,267,Tahap-4
01/17/2025,10,26,2,10:26:02,1148,Tahap-4
01/17/2025,10,26,2,10:26:02,516,Tahap-4
01/17/2025,10,26,2,10:26:02,211,Tahap-4
01/17/2025,10,26,2,10:26:02,61,Tahap-4
01/17/2025,10,26,2,10:26:02,107,Tahap-4
01/17/2025,10,26,3,10:26:03,81,Tahap-4
01/17/2025,10,26,3,10:26:03,193,Tahap-4
01/17/2025,10,26,3,10:26:03,142,Tahap-4
01/17/2025,10,26,3,10:26:03,199,Tahap-4
01/17/2025,10,26,3,10:26:03,180,Tahap-4
01/17/2025,10,26,3,10:26:03,50,Tahap-4
01/17/2025,10,26,3,10:26:03,118,Tahap-4
01/17/2025,10,26,3,10:26:03,144,Tahap-4
01/17/2025,10,26,3,10:26:03,170,Tahap-4
01/17/2025,10,26,3,10:26:03,231,Tahap-4
01/17/2025,10,26,4,10:26:04,319,Tahap-4
01/17/2025,10,26,4,10:26:04,365,Tahap-4
01/17/2025,10,26,4,10:26:04,797,Tahap-4
01/17/2025,10,26,4,10:26:04,426,Tahap-4
01/17/2025,10,26,4,10:26:04,197,Tahap-4
01/17/2025,10,26,4,10:26:04,663,Tahap-4
01/17/2025,10,26,4,10:26:04,157,Tahap-4
01/17/2025,10,26,4,10:26:04,491,Tahap-4
01/17/2025,10,26,4,10:26:04,546,Tahap-4
01/17/2025,10,26,4,10:26:04,516,Tahap-4
01/17/2025,10,26,5,10:26:05,290,Tahap-4
01/17/2025,10,26,5,10:26:05,154,Tahap-4
01/17/2025,10,26,5,10:26:05,93,Tahap-4
01/17/2025,10,26,5,10:26:05,69,Tahap-4
01/17/2025,10,26,5,10:26:05,159,Tahap-4
01/17/2025,10,26,5,10:26:05,160,Tahap-4
01/17/2025,10,26,5,10:26:05,193,Tahap-4
01/17/2025,10,26,5,10:26:05,33,Tahap-4
01/17/2025,10,26,5,10:26:05,77,Tahap-4
01/17/2025,10,26,5,10:26:05,34,Tahap-4
01/17/2025,10,26,6,10:26:06,132,Tahap-4
01/17/2025,10,26,6,10:26:06,70,Tahap-4
01/17/2025,10,26,6,10:26:06,281,Tahap-4
01/17/2025,10,26,6,10:26:06,53,Tahap-4
01/17/2025,10,26,6,10:26:06,214,Tahap-4
01/17/2025,10,26,6,10:26:06,335,Tahap-4
01/17/2025,10,26,6,10:26:06,380,Tahap-4
01/17/2025,10,26,6,10:26:06,226,Tahap-4
01/17/2025,10,26,6,10:26:06,739,Tahap-4
01/17/2025,10,26,6,10:26:06,400,Tahap-4
01/17/2025,10,26,7,10:26:07,737,Tahap-4
01/17/2025,10,26,7,10:26:07,595,Tahap-4
01/17/2025,10,26,7,10:26:07,374,Tahap-4
01/17/2025,10,26,7,10:26:07,238,Tahap-4
01/17/2025,10,26,7,10:26:07,208,Tahap-4
01/17/2025,10,26,7,10:26:07,172,Tahap-4
01/17/2025,10,26,7,10:26:07,102,Tahap-4
01/17/2025,10,26,7,10:26:07,185,Tahap-4
01/17/2025,10,26,7,10:26:07,182,Tahap-4
01/17/2025,10,26,7,10:26:07,128,Tahap-4
01/17/2025,10,26,8,10:26:08,167,Tahap-4
01/17/2025,10,26,8,10:26:08,53,Tahap-4
01/17/2025,10,26,8,10:26:08,322,Tahap-4
01/17/2025,10,26,8,10:26:08,489,Tahap-4
01/17/2025,10,26,8,10:26:08,-16,Tahap-4
01/17/2025,10,26,8,10:26:08,-24,Tahap-4
01/17/2025,10,26,8,10:26:08,-104,Tahap-4
01/17/2025,10,26,8,10:26:08,352,Tahap-4
01/17/2025,10,26,8,10:26:08,-48,Tahap-4
01/17/2025,10,26,8,10:26:08,-72,Tahap-4
01/17/2025,10,26,9,10:26:09,344,Tahap-4
01/17/2025,10,26,9,10:26:09,-104,Tahap-4
01/17/2025,10,26,9,10:26:09,-64,Tahap-4
01/17/2025,10,26,9,10:26:09,48,Tahap-4
01/17/2025,10,26,9,10:26:09,64,Tahap-4
01/17/2025,10,26,9,10:26:09,-88,Tahap-4
01/17/2025,10,26,9,10:26:09,48,Tahap-4
01/17/2025,10,26,9,10:26:09,40,Tahap-4
01/17/2025,10,26,9,10:26:09,176,Tahap-4
01/17/2025,10,26,9,10:26:09,120,Tahap-4
01/17/2025,10,26,10,10:26:10,-64,Tahap-4
01/17/2025,10,26,10,10:26:10,264,Tahap-4
01/17/2025,10,26,10,10:26:10,248,Tahap-4
01/17/2025,10,26,10,10:26:10,-88,Tahap-4
01/17/2025,10,26,10,10:26:10,24,Tahap-4
01/17/2025,10,26,10,10:26:10,280,Tahap-4
01/17/2025,10,26,10,10:26:10,-160,Tahap-4
01/17/2025,10,26,10,10:26:10,96,Tahap-4
01/17/2025,10,26,10,10:26:10,136,Tahap-4
01/17/2025,10,26,10,10:26:10,-104,Tahap-4
01/17/2025,10,26,11,10:26:11,240,Tahap-4
01/17/2025,10,26,11,10:26:11,96,Tahap-4
01/17/2025,10,26,11,10:26:11,-16,Tahap-4
01/17/2025,10,26,11,10:26:11,-8,Tahap-4
01/17/2025,10,26,11,10:26:11,304,Tahap-4
01/17/2025,10,26,11,10:26:11,-288,Tahap-4
01/17/2025,10,26,11,10:26:11,136,Tahap-4
01/17/2025,10,26,11,10:26:11,-56,Tahap-4
01/17/2025,10,26,11,10:26:11,72,Tahap-4
01/17/2025,10,26,11,10:26:11,96,Tahap-4
01/17/2025,10,26,12,10:26:12,272,Tahap-4
01/17/2025,10,26,12,10:26:12,-128,Tahap-4
01/17/2025,10,26,12,10:26:12,-32,Tahap-4
01/17/2025,10,26,12,10:26:12,128,Tahap-4
01/17/2025,10,26,12,10:26:12,8,Tahap-4
01/17/2025,10,26,12,10:26:12,16,Tahap-4
01/17/2025,10,26,12,10:26:12,256,Tahap-4
01/17/2025,10,26,12,10:26:12,-64,Tahap-4
01/17/2025,10,26,12,10:26:12,224,Tahap-4
01/17/2025,10,26,12,10:26:12,-80,Tahap-4
01/17/2025,10,26,13,10:26:13,-56,Tahap-4
01/17/2025,10,26,13,10:26:13,152,Tahap-4
01/17/2025,10,26,13,10:26:13,152,Tahap-4
01/17/2025,10,26,13,10:26:13,-176,Tahap-4
01/17/2025,10,26,13,10:26:13,208,Tahap-4
01/17/2025,10,26,13,10:26:13,104,Tahap-4
01/17/2025,10,26,13,10:26:13,-32,Tahap-4
01/17/2025,10,26,13,10:26:13,32,Tahap-4
01/17/2025,10,26,13,10:26:13,240,Tahap-4
01/17/2025,10,26,13,10:26:13,-208,Tahap-4
01/17/2025,10,26,14,10:26:14,128,Tahap-4
01/17/2025,10,26,14,10:26:14,24,Tahap-4
01/17/2025,10,26,14,10:26:14,80,Tahap-4
01/17/2025,10,26,14,10:26:14,152,Tahap-4
01/17/2025,10,26,14,10:26:14,88,Tahap-4
01/17/2025,10,26,14,10:26:14,80,Tahap-4
01/17/2025,10,26,14,10:26:14,48,Tahap-4
01/17/2025,10,26,14,10:26:14,8,Tahap-4
01/17/2025,10,26,14,10:26:14,56,Tahap-4
01/17/2025,10,26,15,10:26:15,160,Tahap-4
01/17/2025,10,26,15,10:26:15,-256,Tahap-4
01/17/2025,10,26,15,10:26:15,192,Tahap-4
01/17/2025,10,26,15,10:26:15,-88,Tahap-4
01/17/2025,10,26,15,10:26:15,400,Tahap-4
01/17/2025,10,26,15,10:26:15,-56,Tahap-4
01/17/2025,10,26,15,10:26:15,128,Tahap-4
01/17/2025,10,26,15,10:26:15,208,Tahap-4
01/17/2025,10,26,15,10:26:15,64,Tahap-4
01/17/2025,10,26,15,10:26:15,-56,Tahap-4
01/17/2025,10,26,16,10:26:16,-40,Tahap-4
01/17/2025,10,26,16,10:26:16,216,Tahap-4
01/17/2025,10,26,16,10:26:16,-104,Tahap-4
01/17/2025,10,26,16,10:26:16,24,Tahap-4
01/17/2025,10,26,16,10:26:16,16,Tahap-4
01/17/2025,10,26,16,10:26:16,168,Tahap-4
01/17/2025,10,26,16,10:26:16,224,Tahap-4
01/17/2025,10,26,16,10:26:16,-192,Tahap-4
01/17/2025,10,26,16,10:26:16,296,Tahap-4
01/17/2025,10,26,16,10:26:16,-32,Tahap-4
01/17/2025,10,26,17,10:26:17,168,Tahap-4
01/17/2025,10,26,17,10:26:17,-96,Tahap-4
01/17/2025,10,26,17,10:26:17,368,Tahap-4
01/17/2025,10,26,17,10:26:17,40,Tahap-4
01/17/2025,10,26,17,10:26:17,24,Tahap-4
01/17/2025,10,26,17,10:26:17,40,Tahap-4
01/17/2025,10,26,17,10:26:17,96,Tahap-4
01/17/2025,10,26,17,10:26:17,368,Tahap-4
01/17/2025,10,26,17,10:26:17,-208,Tahap-4
01/17/2025,10,26,17,10:26:17,296,Tahap-4
01/17/2025,10,26,18,10:26:18,216,Tahap-4
01/17/2025,10,26,18,10:26:18,-64,Tahap-4
01/17/2025,10,26,18,10:26:18,152,Tahap-4
01/17/2025,10,26,18,10:26:18,-40,Tahap-4
01/17/2025,10,26,18,10:26:18,224,Tahap-4
01/17/2025,10,26,18,10:26:18,24,Tahap-4
01/17/2025,10,26,18,10:26:18,144,Tahap-4
01/17/2025,10,26,18,10:26:18,-64,Tahap-4
01/17/2025,10,26,18,10:26:18,336,Tahap-4
01/17/2025,10,26,18,10:26:18,-80,Tahap-4
01/17/2025,10,26,19,10:26:19,-24,Tahap-4
01/17/2025,10,26,19,10:26:19,408,Tahap-4
01/17/2025,10,26,19,10:26:19,24,Tahap-4
01/17/2025,10,26,19,10:26:19,-24,Tahap-4
01/17/2025,10,26,19,10:26:19,208,Tahap-4
01/17/2025,10,26,19,10:26:19,120,Tahap-4
01/17/2025,10,26,19,10:26:19,56,Tahap-4
01/17/2025,10,26,19,10:26:19,152,Tahap-4
01/17/2025,10,26,19,10:26:19,-8,Tahap-4
01/17/2025,10,26,19,10:26:19,200,Tahap-4
01/17/2025,10,26,20,10:26:20,264,Tahap-4
01/17/2025,10,26,20,10:26:20,-88,Tahap-4
01/17/2025,10,26,20,10:26:20,296,Tahap-4
01/17/2025,10,26,20,10:26:20,296,Tahap-4
01/17/2025,10,26,20,10:26:20,-8,Tahap-4
01/17/2025,10,26,20,10:26:20,48,Tahap-4
01/17/2025,10,26,20,10:26:20,304,Tahap-4
01/17/2025,10,26,20,10:26:20,8,Tahap-4
01/17/2025,10,26,20,10:26:20,88,Tahap-4
01/17/2025,10,26,20,10:26:20,104,Tahap-4
01/17/2025,10,26,21,10:26:21,136,Tahap-4
01/17/2025,10,26,21,10:26:21,192,Tahap-4
01/17/2025,10,26,21,10:26:21,-24,Tahap-4
01/17/2025,10,26,45,10:26:45,1188,Tahap-4
01/17/2025,10,26,45,10:26:45,399,Tahap-4
01/17/2025,10,26,45,10:26:45,441,Tahap-4
01/17/2025,10,26,45,10:26:45,163,Tahap-4
01/17/2025,10,26,46,10:26:46,166,Tahap-4
01/17/2025,10,26,46,10:26:46,230,Tahap-4
01/17/2025,10,26,46,10:26:46,116,Tahap-4
01/17/2025,10,26,46,10:26:46,119,Tahap-4
01/17/2025,10,26,46,10:26:46,120,Tahap-4
01/17/2025,10,26,46,10:26:46,100,Tahap-4
01/17/2025,10,26,46,10:26:46,134,Tahap-4
01/17/2025,10,26,46,10:26:46,60,Tahap-4
01/17/2025,10,26,46,10:26:46,21,Tahap-4
01/17/2025,10,26,46,10:26:46,168,Tahap-4
01/17/2025,10,26,47,10:26:47,38,Tahap-4
01/17/2025,10,26,47,10:26:47,145,Tahap-4
01/17/2025,10,26,47,10:26:47,92,Tahap-4
01/17/2025,10,26,47,10:26:47,107,Tahap-4
01/17/2025,10,26,47,10:26:47,90,Tahap-4
01/17/2025,10,26,47,10:26:47,106,Tahap-4
01/17/2025,10,26,47,10:26:47,103,Tahap-4
01/17/2025,10,26,47,10:26:47,51,Tahap-4
01/17/2025,10,26,47,10:26:47,241,Tahap-4
01/17/2025,10,26,47,10:26:47,206,Tahap-4
01/17/2025,10,26,48,10:26:48,44,Tahap-4
01/17/2025,10,26,48,10:26:48,107,Tahap-4
01/17/2025,10,26,48,10:26:48,139,Tahap-4
01/17/2025,10,26,48,10:26:48,142,Tahap-4
01/17/2025,10,26,48,10:26:48,17,Tahap-4
01/17/2025,10,26,48,10:26:48,171,Tahap-4
01/17/2025,10,26,48,10:26:48,145,Tahap-4
01/17/2025,10,26,48,10:26:48,60,Tahap-4
01/17/2025,10,26,48,10:26:48,27,Tahap-4
01/17/2025,10,26,48,10:26:48,48,Tahap-4
01/17/2025,10,26,49,10:26:49,103,Tahap-4
01/17/2025,10,26,49,10:26:49,68,Tahap-4
01/17/2025,10,26,49,10:26:49,100,Tahap-4
01/17/2025,10,26,49,10:26:49,69,Tahap-4
01/17/2025,10,26,49,10:26:49,56,Tahap-4
01/17/2025,10,26,49,10:26:49,16,Tahap-4
01/17/2025,10,26,49,10:26:49,42,Tahap-4
01/17/2025,10,26,49,10:26:49,124,Tahap-4
01/17/2025,10,26,49,10:26:49,194,Tahap-4
01/17/2025,10,26,49,10:26:49,54,Tahap-4
01/17/2025,10,26,50,10:26:50,198,Tahap-4
01/17/2025,10,26,50,10:26:50,58,Tahap-4
01/17/2025,10,26,50,10:26:50,78,Tahap-4
01/17/2025,10,26,50,10:26:50,154,Tahap-4
01/17/2025,10,26,50,10:26:50,48,Tahap-4
01/17/2025,10,26,50,10:26:50,114,Tahap-4
01/17/2025,10,26,50,10:26:50,27,Tahap-4
01/17/2025,10,26,50,10:26:50,115,Tahap-4
01/17/2025,10,26,50,10:26:50,116,Tahap-4
01/17/2025,10,26,50,10:26:50,191,Tahap-4
01/17/2025,10,26,51,10:26:51,76,Tahap-4
01/17/2025,10,26,51,10:26:51,137,Tahap-4
01/17/2025,10,26,51,10:26:51,57,Tahap-4
01/17/2025,10,26,51,10:26:51,90,Tahap-4
01/17/2025,10,26,51,10:26:51,139,Tahap-4
01/17/2025,10,26,51,10:26:51,162,Tahap-4
01/17/2025,10,26,51,10:26:51,102,Tahap-4
01/17/2025,10,26,51,10:26:51,28,Tahap-4
01/17/2025,10,26,51,10:26:51,120,Tahap-4
01/17/2025,10,26,51,10:26:51,104,Tahap-4
01/17/2025,10,26,52,10:26:52,73,Tahap-4
01/17/2025,10,26,52,10:26:52,283,Tahap-4
01/17/2025,10,26,52,10:26:52,485,Tahap-4
01/17/2025,10,26,52,10:26:52,1397,Tahap-4
01/17/2025,10,26,52,10:26:52,265,Tahap-4
01/17/2025,10,26,52,10:26:52,136,Tahap-4
01/17/2025,10,26,52,10:26:52,191,Tahap-4
01/17/2025,10,26,52,10:26:52,331,Tahap-4
01/17/2025,10,26,52,10:26:52,295,Tahap-4
01/17/2025,10,26,52,10:26:52,80,Tahap-4
01/17/2025,10,26,53,10:26:53,39,Tahap-4
01/17/2025,10,26,53,10:26:53,180,Tahap-4
01/17/2025,10,26,53,10:26:53,352,Tahap-4
01/17/2025,10,26,53,10:26:53,129,Tahap-4
01/17/2025,10,26,53,10:26:53,148,Tahap-4
01/17/2025,10,26,53,10:26:53,85,Tahap-4
01/17/2025,10,26,53,10:26:53,99,Tahap-4
01/17/2025,10,26,53,10:26:53,148,Tahap-4
01/17/2025,10,26,53,10:26:53,519,Tahap-4
01/17/2025,10,26,53,10:26:53,272,Tahap-4
01/17/2025,10,26,54,10:26:54,607,Tahap-4
01/17/2025,10,26,54,10:26:54,845,Tahap-4
01/17/2025,10,26,54,10:26:54,393,Tahap-4
01/17/2025,10,26,54,10:26:54,211,Tahap-4
01/17/2025,10,26,54,10:26:54,178,Tahap-4
01/17/2025,10,26,54,10:26:54,1070,Tahap-4
01/17/2025,10,26,54,10:26:54,768,Tahap-4
01/17/2025,10,26,54,10:26:54,167,Tahap-4
01/17/2025,10,26,54,10:26:54,198,Tahap-4
01/17/2025,10,26,54,10:26:54,285,Tahap-4
01/17/2025,10,26,55,10:26:55,372,Tahap-4
01/17/2025,10,26,55,10:26:55,200,Tahap-4
01/17/2025,10,26,55,10:26:55,188,Tahap-4
01/17/2025,10,26,55,10:26:55,245,Tahap-4
01/17/2025,10,26,55,10:26:55,151,Tahap-4
01/17/2025,10,26,55,10:26:55,265,Tahap-4
01/17/2025,10,26,55,10:26:55,173,Tahap-4
01/17/2025,10,26,55,10:26:55,98,Tahap-4
01/17/2025,10,26,55,10:26:55,89,Tahap-4
01/17/2025,10,26,55,10:26:55,141,Tahap-4
01/17/2025,10,26,56,10:26:56,289,Tahap-4
01/17/2025,10,26,56,10:26:56,360,Tahap-4
01/17/2025,10,26,56,10:26:56,138,Tahap-4
01/17/2025,10,26,56,10:26:56,247,Tahap-4
01/17/2025,10,26,56,10:26:56,149,Tahap-4
01/17/2025,10,26,56,10:26:56,487,Tahap-4
01/17/2025,10,26,56,10:26:56,290,Tahap-4
01/17/2025,10,26,56,10:26:56,587,Tahap-4
01/17/2025,10,26,56,10:26:56,1230,Tahap-4
01/17/2025,10,26,56,10:26:56,697,Tahap-4
01/17/2025,10,26,57,10:26:57,283,Tahap-4
01/17/2025,10,26,57,10:26:57,172,Tahap-4
01/17/2025,10,26,57,10:26:57,207,Tahap-4
01/17/2025,10,26,57,10:26:57,324,Tahap-4
01/17/2025,10,26,57,10:26:57,216,Tahap-4
01/17/2025,10,26,57,10:26:57,168,Tahap-4
01/17/2025,10,26,57,10:26:57,12,Tahap-4
01/17/2025,10,26,57,10:26:57,284,Tahap-4
01/17/2025,10,26,57,10:26:57,215,Tahap-4
01/17/2025,10,26,57,10:26:57,503,Tahap-4
01/17/2025,10,26,59,10:26:59,544,Tahap-4
01/17/2025,10,26,59,10:26:59,633,Tahap-4
01/17/2025,10,26,59,10:26:59,628,Tahap-4
01/17/2025,10,26,59,10:26:59,280,Tahap-4
01/17/2025,10,26,59,10:26:59,-168,Tahap-4
01/17/2025,10,26,59,10:26:59,104,Tahap-4
01/17/2025,10,26,59,10:26:59,-40,Tahap-4
01/17/2025,10,26,59,10:26:59,360,Tahap-4
01/17/2025,10,26,59,10:26:59,-160,Tahap-4
01/17/2025,10,26,59,10:26:59,64,Tahap-4
01/17/2025,10,26,59,10:26:59,128,Tahap-4
01/17/2025,10,26,59,10:26:59,40,Tahap-4
01/17/2025,10,26,59,10:26:59,8,Tahap-4
01/17/2025,10,26,59,10:26:59,24,Tahap-4
01/17/2025,10,26,59,10:26:59,136,Tahap-4
01/17/2025,10,26,59,10:26:59,-48,Tahap-4
01/17/2025,10,26,59,10:26:59,16,Tahap-4
01/17/2025,10,26,59,10:26:59,-80,Tahap-4
01/17/2025,10,26,59,10:26:59,224,Tahap-4
01/17/2025,10,26,59,10:26:59,144,Tahap-4
01/17/2025,10,27,1,10:27:01,400,Tahap-4
01/17/2025,10,27,1,10:27:01,-176,Tahap-4
01/17/2025,10,27,1,10:27:01,40,Tahap-4
01/17/2025,10,27,1,10:27:01,256,Tahap-4
01/17/2025,10,27,1,10:27:01,80,Tahap-4
01/17/2025,10,27,1,10:27:01,-120,Tahap-4
01/17/2025,10,27,1,10:27:01,256,Tahap-4
01/17/2025,10,27,1,10:27:01,-168,Tahap-4
01/17/2025,10,27,1,10:27:01,216,Tahap-4
01/17/2025,10,27,2,10:27:02,-152,Tahap-4
01/17/2025,10,27,2,10:27:02,304,Tahap-4
01/17/2025,10,27,2,10:27:02,96,Tahap-4
01/17/2025,10,27,2,10:27:02,-72,Tahap-4
01/17/2025,10,27,2,10:27:02,248,Tahap-4
01/17/2025,10,27,2,10:27:02,-24,Tahap-4
01/17/2025,10,27,2,10:27:02,-88,Tahap-4
01/17/2025,10,27,2,10:27:02,-64,Tahap-4
01/17/2025,10,27,2,10:27:02,288,Tahap-4
01/17/2025,10,27,2,10:27:02,-184,Tahap-4
01/17/2025,10,27,3,10:27:03,64,Tahap-4
01/17/2025,10,27,3,10:27:03,-16,Tahap-4
01/17/2025,10,27,3,10:27:03,80,Tahap-4
01/17/2025,10,27,3,10:27:03,184,Tahap-4
01/17/2025,10,27,3,10:27:03,-88,Tahap-4
01/17/2025,10,27,3,10:27:03,200,Tahap-4
01/17/2025,10,27,3,10:27:03,56,Tahap-4
01/17/2025,10,27,3,10:27:03,72,Tahap-4
01/17/2025,10,27,3,10:27:03,-128,Tahap-4
01/17/2025,10,27,3,10:27:03,176,Tahap-4
01/17/2025,10,27,4,10:27:04,88,Tahap-4
01/17/2025,10,27,4,10:27:04,-176,Tahap-4
01/17/2025,10,27,4,10:27:04,104,Tahap-4
01/17/2025,10,27,4,10:27:04,-80,Tahap-4
01/17/2025,10,27,4,10:27:04,336,Tahap-4
01/17/2025,10,27,4,10:27:04,-240,Tahap-4
01/17/2025,10,27,4,10:27:04,208,Tahap-4
01/17/2025,10,27,4,10:27:04,136,Tahap-4
01/17/2025,10,27,4,10:27:04,-8,Tahap-4
01/17/2025,10,27,4,10:27:04,-24,Tahap-4
01/17/2025,10,27,5,10:27:05,136,Tahap-4
01/17/2025,10,27,5,10:27:05,112,Tahap-4
01/17/2025,10,27,5,10:27:05,-24,Tahap-4
01/17/2025,10,27,5,10:27:05,112,Tahap-4
01/17/2025,10,27,5,10:27:05,-128,Tahap-4
01/17/2025,10,27,5,10:27:05,208,Tahap-4
01/17/2025,10,27,5,10:27:05,24,Tahap-4
01/17/2025,10,27,5,10:27:05,-104,Tahap-4
01/17/2025,10,27,5,10:27:05,464,Tahap-4
01/17/2025,10,27,5,10:27:05,-120,Tahap-4
01/17/2025,10,27,6,10:27:06,112,Tahap-4
01/17/2025,10,27,6,10:27:06,-48,Tahap-4
01/17/2025,10,27,6,10:27:06,304,Tahap-4
01/17/2025,10,27,6,10:27:06,-136,Tahap-4
01/17/2025,10,27,6,10:27:06,256,Tahap-4
01/17/2025,10,27,6,10:27:06,-56,Tahap-4
01/17/2025,10,27,6,10:27:06,112,Tahap-4
01/17/2025,10,27,6,10:27:06,216,Tahap-4
01/17/2025,10,27,6,10:27:06,-248,Tahap-4
01/17/2025,10,27,6,10:27:06,112,Tahap-4
01/17/2025,10,27,7,10:27:07,328,Tahap-4
01/17/2025,10,27,7,10:27:07,-280,Tahap-4
01/17/2025,10,27,7,10:27:07,168,Tahap-4
01/17/2025,10,27,7,10:27:07,272,Tahap-4
01/17/2025,10,27,7,10:27:07,-40,Tahap-4
01/17/2025,10,27,7,10:27:07,-8,Tahap-4
01/17/2025,10,27,7,10:27:07,240,Tahap-4
01/17/2025,10,27,7,10:27:07,-32,Tahap-4
01/17/2025,10,27,7,10:27:07,344,Tahap-4
01/17/2025,10,27,7,10:27:07,-104,Tahap-4
01/17/2025,10,27,8,10:27:08,40,Tahap-4
01/17/2025,10,27,8,10:27:08,184,Tahap-4
01/17/2025,10,27,8,10:27:08,208,Tahap-4
01/17/2025,10,27,8,10:27:08,-344,Tahap-4
01/17/2025,10,27,8,10:27:08,248,Tahap-4
01/17/2025,10,27,8,10:27:08,72,Tahap-4
01/17/2025,10,27,8,10:27:08,-8,Tahap-4
01/17/2025,10,27,8,10:27:08,-32,Tahap-4
01/17/2025,10,27,8,10:27:08,16,Tahap-4
01/17/2025,10,27,8,10:27:08,168,Tahap-4
01/17/2025,10,27,9,10:27:09,-40,Tahap-4
01/17/2025,10,27,9,10:27:09,-64,Tahap-4
01/17/2025,10,27,9,10:27:09,328,Tahap-4
01/17/2025,10,27,9,10:27:09,-168,Tahap-4
01/17/2025,10,27,9,10:27:09,152,Tahap-4
01/17/2025,10,27,9,10:27:09,-112,Tahap-4
01/17/2025,10,27,9,10:27:09,280,Tahap-4
01/17/2025,10,27,9,10:27:09,-120,Tahap-4
01/17/2025,10,27,9,10:27:09,-8,Tahap-4
01/17/2025,10,27,9,10:27:09,-88,Tahap-4
01/17/2025,10,27,10,10:27:10,384,Tahap-4
01/17/2025,10,27,10,10:27:10,-176,Tahap-4
01/17/2025,10,27,10,10:27:10,-32,Tahap-4
01/17/2025,10,27,10,10:27:10,128,Tahap-4
01/17/2025,10,27,10,10:27:10,16,Tahap-4
01/17/2025,10,27,10,10:27:10,-128,Tahap-4
01/17/2025,10,27,10,10:27:10,112,Tahap-4
01/17/2025,10,27,10,10:27:10,-40,Tahap-4
01/17/2025,10,27,10,10:27:10,8,Tahap-4
01/17/2025,10,27,11,10:27:11,-48,Tahap-4
01/17/2025,10,27,11,10:27:11,184,Tahap-4
01/17/2025,10,27,35,10:27:35,1453,Tahap-4
01/17/2025,10,27,35,10:27:35,657,Tahap-4
01/17/2025,10,27,35,10:27:35,175,Tahap-4
01/17/2025,10,27,35,10:27:35,243,Tahap-4
01/17/2025,10,27,35,10:27:35,343,Tahap-4
01/17/2025,10,27,36,10:27:36,218,Tahap-4
01/17/2025,10,27,36,10:27:36,179,Tahap-4
01/17/2025,10,27,36,10:27:36,63,Tahap-4
01/17/2025,10,27,36,10:27:36,121,Tahap-4
01/17/2025,10,27,36,10:27:36,149,Tahap-4
01/17/2025,10,27,36,10:27:36,93,Tahap-4
01/17/2025,10,27,36,10:27:36,74,Tahap-4
01/17/2025,10,27,36,10:27:36,109,Tahap-4
01/17/2025,10,27,36,10:27:36,184,Tahap-4
01/17/2025,10,27,36,10:27:36,153,Tahap-4
01/17/2025,10,27,37,10:27:37,21,Tahap-4
01/17/2025,10,27,37,10:27:37,148,Tahap-4
01/17/2025,10,27,37,10:27:37,46,Tahap-4
01/17/2025,10,27,37,10:27:37,114,Tahap-4
01/17/2025,10,27,37,10:27:37,68,Tahap-4
01/17/2025,10,27,37,10:27:37,87,Tahap-4
01/17/2025,10,27,37,10:27:37,102,Tahap-4
01/17/2025,10,27,37,10:27:37,296,Tahap-4
01/17/2025,10,27,37,10:27:37,148,Tahap-4
01/17/2025,10,27,37,10:27:37,76,Tahap-4
01/17/2025,10,27,38,10:27:38,100,Tahap-4
01/17/2025,10,27,38,10:27:38,59,Tahap-4
01/17/2025,10,27,38,10:27:38,139,Tahap-4
01/17/2025,10,27,38,10:27:38,91,Tahap-4
01/17/2025,10,27,38,10:27:38,78,Tahap-4
01/17/2025,10,27,38,10:27:38,96,Tahap-4
01/17/2025,10,27,38,10:27:38,47,Tahap-4
01/17/2025,10,27,38,10:27:38,141,Tahap-4
01/17/2025,10,27,38,10:27:38,95,Tahap-4
01/17/2025,10,27,38,10:27:38,52,Tahap-4
01/17/2025,10,27,39,10:27:39,28,Tahap-4
01/17/2025,10,27,39,10:27:39,84,Tahap-4
01/17/2025,10,27,39,10:27:39,36,Tahap-4
01/17/2025,10,27,39,10:27:39,108,Tahap-4
01/17/2025,10,27,39,10:27:39,57,Tahap-4
01/17/2025,10,27,39,10:27:39,58,Tahap-4
01/17/2025,10,27,39,10:27:39,157,Tahap-4
01/17/2025,10,27,39,10:27:39,145,Tahap-4
01/17/2025,10,27,39,10:27:39,205,Tahap-4
01/17/2025,10,27,39,10:27:39,153,Tahap-4
01/17/2025,10,27,40,10:27:40,101,Tahap-4
01/17/2025,10,27,40,10:27:40,182,Tahap-4
01/17/2025,10,27,40,10:27:40,99,Tahap-4
01/17/2025,10,27,40,10:27:40,120,Tahap-4
01/17/2025,10,27,40,10:27:40,101,Tahap-4
01/17/2025,10,27,40,10:27:40,48,Tahap-4
01/17/2025,10,27,40,10:27:40,72,Tahap-4
01/17/2025,10,27,40,10:27:40,204,Tahap-4
01/17/2025,10,27,40,10:27:40,99,Tahap-4
01/17/2025,10,27,40,10:27:40,142,Tahap-4
01/17/2025,10,27,41,10:27:41,202,Tahap-4
01/17/2025,10,27,41,10:27:41,61,Tahap-4
01/17/2025,10,27,41,10:27:41,66,Tahap-4
01/17/2025,10,27,41,10:27:41,77,Tahap-4
01/17/2025,10,27,41,10:27:41,32,Tahap-4
01/17/2025,10,27,41,10:27:41,108,Tahap-4
01/17/2025,10,27,41,10:27:41,236,Tahap-4
01/17/2025,10,27,41,10:27:41,27,Tahap-4
01/17/2025,10,27,41,10:27:41,83,Tahap-4
01/17/2025,10,27,41,10:27:41,50,Tahap-4
01/17/2025,10,27,42,10:27:42,124,Tahap-4
01/17/2025,10,27,42,10:27:42,765,Tahap-4
01/17/2025,10,27,42,10:27:42,957,Tahap-4
01/17/2025,10,27,42,10:27:42,700,Tahap-4
01/17/2025,10,27,42,10:27:42,352,Tahap-4
01/17/2025,10,27,42,10:27:42,114,Tahap-4
01/17/2025,10,27,42,10:27:42,458,Tahap-4
01/17/2025,10,27,42,10:27:42,163,Tahap-4
01/17/2025,10,27,42,10:27:42,121,Tahap-4
01/17/2025,10,27,42,10:27:42,61,Tahap-4
01/17/2025,10,27,43,10:27:43,212,Tahap-4
01/17/2025,10,27,43,10:27:43,159,Tahap-4
01/17/2025,10,27,43,10:27:43,199,Tahap-4
01/17/2025,10,27,43,10:27:43,107,Tahap-4
01/17/2025,10,27,43,10:27:43,34,Tahap-4
01/17/2025,10,27,43,10:27:43,60,Tahap-4
01/17/2025,10,27,43,10:27:43,83,Tahap-4
01/17/2025,10,27,43,10:27:43,232,Tahap-4
01/17/2025,10,27,43,10:27:43,130,Tahap-4
01/17/2025,10,27,43,10:27:43,200,Tahap-4
01/17/2025,10,27,44,10:27:44,897,Tahap-4
01/17/2025,10,27,44,10:27:44,404,Tahap-4
01/17/2025,10,27,44,10:27:44,197,Tahap-4
01/17/2025,10,27,44,10:27:44,90,Tahap-4
01/17/2025,10,27,44,10:27:44,497,Tahap-4
01/17/2025,10,27,44,10:27:44,1366,Tahap-4
01/17/2025,10,27,44,10:27:44,253,Tahap-4
01/17/2025,10,27,44,10:27:44,225,Tahap-4
01/17/2025,10,27,44,10:27:44,171,Tahap-4
01/17/2025,10,27,44,10:27:44,352,Tahap-4
01/17/2025,10,27,45,10:27:45,413,Tahap-4
01/17/2025,10,27,45,10:27:45,261,Tahap-4
01/17/2025,10,27,45,10:27:45,252,Tahap-4
01/17/2025,10,27,45,10:27:45,106,Tahap-4
01/17/2025,10,27,45,10:27:45,191,Tahap-4
01/17/2025,10,27,45,10:27:45,167,Tahap-4
01/17/2025,10,27,45,10:27:45,30,Tahap-4
01/17/2025,10,27,45,10:27:45,40,Tahap-4
01/17/2025,10,27,45,10:27:45,66,Tahap-4
01/17/2025,10,27,45,10:27:45,365,Tahap-4
01/17/2025,10,27,46,10:27:46,36,Tahap-4
01/17/2025,10,27,46,10:27:46,160,Tahap-4
01/17/2025,10,27,46,10:27:46,85,Tahap-4
01/17/2025,10,27,46,10:27:46,357,Tahap-4
01/17/2025,10,27,46,10:27:46,108,Tahap-4
01/17/2025,10,27,46,10:27:46,440,Tahap-4
01/17/2025,10,27,46,10:27:46,261,Tahap-4
01/17/2025,10,27,46,10:27:46,905,Tahap-4
01/17/2025,10,27,46,10:27:46,950,Tahap-4
01/17/2025,10,27,46,10:27:46,511,Tahap-4
01/17/2025,10,27,47,10:27:47,338,Tahap-4
01/17/2025,10,27,47,10:27:47,142,Tahap-4
01/17/2025,10,27,47,10:27:47,214,Tahap-4
01/17/2025,10,27,47,10:27:47,153,Tahap-4
01/17/2025,10,27,47,10:27:47,222,Tahap-4
01/17/2025,10,27,47,10:27:47,162,Tahap-4
01/17/2025,10,27,47,10:27:47,340,Tahap-4
01/17/2025,10,27,47,10:27:47,235,Tahap-4
01/17/2025,10,27,47,10:27:47,109,Tahap-4
01/17/2025,10,27,47,10:27:47,329,Tahap-4
01/17/2025,10,27,48,10:27:48,336,Tahap-4
01/17/2025,10,27,48,10:27:48,920,Tahap-4
01/17/2025,10,27,48,10:27:48,-8,Tahap-4
01/17/2025,10,27,48,10:27:48,-328,Tahap-4
01/17/2025,10,27,48,10:27:48,88,Tahap-4
01/17/2025,10,27,48,10:27:48,-400,Tahap-4
01/17/2025,10,27,48,10:27:48,312,Tahap-4
01/17/2025,10,27,48,10:27:48,-288,Tahap-4
01/17/2025,10,27,48,10:27:48,-80,Tahap-4
01/17/2025,10,27,48,10:27:48,168,Tahap-4
01/17/2025,10,27,49,10:27:49,-32,Tahap-4
01/17/2025,10,27,49,10:27:49,-280,Tahap-4
01/17/2025,10,27,49,10:27:49,152,Tahap-4
01/17/2025,10,27,49,10:27:49,-64,Tahap-4
01/17/2025,10,27,49,10:27:49,-72,Tahap-4
01/17/2025,10,27,49,10:27:49,-64,Tahap-4
01/17/2025,10,27,49,10:27:49,8,Tahap-4
01/17/2025,10,27,49,10:27:49,48,Tahap-4
01/17/2025,10,27,49,10:27:49,-16,Tahap-4
01/17/2025,10,27,49,10:27:49,-248,Tahap-4
01/17/2025,10,27,50,10:27:50,192,Tahap-4
01/17/2025,10,27,50,10:27:50,-104,Tahap-4
01/17/2025,10,27,50,10:27:50,-16,Tahap-4
01/17/2025,10,27,50,10:27:50,-136,Tahap-4
01/17/2025,10,27,50,10:27:50,224,Tahap-4
01/17/2025,10,27,50,10:27:50,-336,Tahap-4
01/17/2025,10,27,50,10:27:50,144,Tahap-4
01/17/2025,10,27,50,10:27:50,-200,Tahap-4
01/17/2025,10,27,50,10:27:50,328,Tahap-4
01/17/2025,10,27,50,10:27:50,-104,Tahap-4
01/17/2025,10,27,51,10:27:51,-136,Tahap-4
01/17/2025,10,27,51,10:27:51,112,Tahap-4
01/17/2025,10,27,51,10:27:51,40,Tahap-4
01/17/2025,10,27,51,10:27:51,-192,Tahap-4
01/17/2025,10,27,51,10:27:51,56,Tahap-4
01/17/2025,10,27,51,10:27:51,-40,Tahap-4
01/17/2025,10,27,51,10:27:51,-48,Tahap-4
01/17/2025,10,27,51,10:27:51,-272,Tahap-4
01/17/2025,10,27,51,10:27:51,-56,Tahap-4
01/17/2025,10,27,51,10:27:51,-88,Tahap-4
01/17/2025,10,27,52,10:27:52,184,Tahap-4
01/17/2025,10,27,52,10:27:52,-312,Tahap-4
01/17/2025,10,27,52,10:27:52,168,Tahap-4
01/17/2025,10,27,52,10:27:52,-128,Tahap-4
01/17/2025,10,27,52,10:27:52,-144,Tahap-4
01/17/2025,10,27,52,10:27:52,-56,Tahap-4
01/17/2025,10,27,52,10:27:52,168,Tahap-4
01/17/2025,10,27,52,10:27:52,-216,Tahap-4
01/17/2025,10,27,52,10:27:52,-88,Tahap-4
01/17/2025,10,27,52,10:27:52,88,Tahap-4
01/17/2025,10,27,53,10:27:53,-240,Tahap-4
01/17/2025,10,27,53,10:27:53,-104,Tahap-4
01/17/2025,10,27,53,10:27:53,-80,Tahap-4
01/17/2025,10,27,53,10:27:53,-152,Tahap-4
01/17/2025,10,27,53,10:27:53,184,Tahap-4
01/17/2025,10,27,53,10:27:53,-352,Tahap-4
01/17/2025,10,27,53,10:27:53,32,Tahap-4
01/17/2025,10,27,53,10:27:53,-40,Tahap-4
01/17/2025,10,27,53,10:27:53,48,Tahap-4
01/17/2025,10,27,53,10:27:53,-408,Tahap-4
01/17/2025,10,27,54,10:27:54,224,Tahap-4
01/17/2025,10,27,54,10:27:54,-272,Tahap-4
01/17/2025,10,27,54,10:27:54,-128,Tahap-4
01/17/2025,10,27,54,10:27:54,64,Tahap-4
01/17/2025,10,27,54,10:27:54,-88,Tahap-4
01/17/2025,10,27,54,10:27:54,128,Tahap-4
01/17/2025,10,27,54,10:27:54,-248,Tahap-4
01/17/2025,10,27,54,10:27:54,-32,Tahap-4
01/17/2025,10,27,54,10:27:54,-16,Tahap-4
01/17/2025,10,27,54,10:27:54,-80,Tahap-4
01/17/2025,10,27,55,10:27:55,-144,Tahap-4
01/17/2025,10,27,55,10:27:55,-144,Tahap-4
01/17/2025,10,27,55,10:27:55,16,Tahap-4
01/17/2025,10,27,55,10:27:55,-240,Tahap-4
01/17/2025,10,27,55,10:27:55,-48,Tahap-4
01/17/2025,10,27,55,10:27:55,-112,Tahap-4
01/17/2025,10,27,55,10:27:55,144,Tahap-4
01/17/2025,10,27,55,10:27:55,-168,Tahap-4
01/17/2025,10,27,55,10:27:55,32,Tahap-4
01/17/2025,10,27,56,10:27:56,-72,Tahap-4
01/17/2025,10,27,56,10:27:56,-80,Tahap-4
01/17/2025,10,27,56,10:27:56,-8,Tahap-4
01/17/2025,10,27,56,10:27:56,56,Tahap-4
01/17/2025,10,27,56,10:27:56,-128,Tahap-4
01/17/2025,10,27,56,10:27:56,-32,Tahap-4
01/17/2025,10,27,56,10:27:56,-104,Tahap-4
01/17/2025,10,27,56,10:27:56,152,Tahap-4
01/17/2025,10,27,56,10:27:56,96,Tahap-4
01/17/2025,10,27,56,10:27:56,-280,Tahap-4
01/17/2025,10,27,57,10:27:57,288,Tahap-4
01/17/2025,10,27,57,10:27:57,-56,Tahap-4
01/17/2025,10,27,57,10:27:57,-32,Tahap-4
01/17/2025,10,27,57,10:27:57,192,Tahap-4
01/17/2025,10,27,57,10:27:57,-144,Tahap-4
01/17/2025,10,27,57,10:27:57,40,Tahap-4
01/17/2025,10,27,57,10:27:57,-128,Tahap-4
01/17/2025,10,27,57,10:27:57,-48,Tahap-4
01/17/2025,10,27,57,10:27:57,296,Tahap-4
01/17/2025,10,27,58,10:27:58,-264,Tahap-4
01/17/2025,10,27,59,10:27:59,-8,Tahap-4
01/17/2025,10,27,59,10:27:59,176,Tahap-4
01/17/2025,10,27,59,10:27:59,-88,Tahap-4
01/17/2025,10,27,59,10:27:59,-176,Tahap-4
01/17/2025,10,27,59,10:27:59,224,Tahap-4
01/17/2025,10,27,59,10:27:59,-80,Tahap-4
01/17/2025,10,27,59,10:27:59,-88,Tahap-4
01/17/2025,10,27,59,10:27:59,-40,Tahap-4
01/17/2025,10,27,59,10:27:59,-144,Tahap-4
01/17/2025,10,27,59,10:27:59,248,Tahap-4
01/17/2025,10,27,59,10:27:59,-136,Tahap-4
01/17/2025,10,27,59,10:27:59,-80,Tahap-4
01/17/2025,10,27,59,10:27:59,80,Tahap-4
01/17/2025,10,27,59,10:27:59,-24,Tahap-4
01/17/2025,10,27,59,10:27:59,-144,Tahap-4
01/17/2025,10,27,59,10:27:59,8,Tahap-4
01/17/2025,10,27,59,10:27:59,144,Tahap-4
01/17/2025,10,27,59,10:27:59,-208,Tahap-4
01/17/2025,10,27,59,10:27:59,-16,Tahap-4
01/17/2025,10,28,1,10:28:01,-64,Tahap-4
01/17/2025,10,28,25,10:28:25,4791,Tahap-4
01/17/2025,10,28,25,10:28:25,2583,Tahap-4
01/17/2025,10,28,25,10:28:25,1412,Tahap-4
01/17/2025,10,28,25,10:28:25,1113,Tahap-4
01/17/2025,10,28,25,10:28:25,1018,Tahap-4
01/17/2025,10,28,25,10:28:25,835,Tahap-4
01/17/2025,10,28,26,10:28:26,673,Tahap-4
01/17/2025,10,28,26,10:28:26,624,Tahap-4
01/17/2025,10,28,26,10:28:26,504,Tahap-4
01/17/2025,10,28,26,10:28:26,523,Tahap-4
01/17/2025,10,28,26,10:28:26,418,Tahap-4
01/17/2025,10,28,26,10:28:26,415,Tahap-4
01/17/2025,10,28,26,10:28:26,410,Tahap-4
01/17/2025,10,28,26,10:28:26,369,Tahap-4
01/17/2025,10,28,26,10:28:26,409,Tahap-4
01/17/2025,10,28,26,10:28:26,247,Tahap-4
01/17/2025,10,28,27,10:28:27,312,Tahap-4
01/17/2025,10,28,27,10:28:27,260,Tahap-4
01/17/2025,10,28,27,10:28:27,256,Tahap-4
01/17/2025,10,28,27,10:28:27,179,Tahap-4
01/17/2025,10,28,27,10:28:27,286,Tahap-4
01/17/2025,10,28,27,10:28:27,195,Tahap-4
01/17/2025,10,28,27,10:28:27,333,Tahap-4
01/17/2025,10,28,27,10:28:27,249,Tahap-4
01/17/2025,10,28,27,10:28:27,182,Tahap-4
01/17/2025,10,28,27,10:28:27,172,Tahap-4
01/17/2025,10,28,29,10:28:29,259,Tahap-4
01/17/2025,10,28,29,10:28:29,202,Tahap-4
01/17/2025,10,28,29,10:28:29,147,Tahap-4
01/17/2025,10,28,29,10:28:29,166,Tahap-4
01/17/2025,10,28,29,10:28:29,206,Tahap-4
01/17/2025,10,28,29,10:28:29,46,Tahap-4
01/17/2025,10,28,29,10:28:29,168,Tahap-4
01/17/2025,10,28,29,10:28:29,168,Tahap-4
01/17/2025,10,28,29,10:28:29,223,Tahap-4
01/17/2025,10,28,29,10:28:29,214,Tahap-4
01/17/2025,10,28,29,10:28:29,210,Tahap-4
01/17/2025,10,28,29,10:28:29,94,Tahap-4
01/17/2025,10,28,29,10:28:29,59,Tahap-4
01/17/2025,10,28,29,10:28:29,219,Tahap-4
01/17/2025,10,28,29,10:28:29,239,Tahap-4
01/17/2025,10,28,29,10:28:29,218,Tahap-4
01/17/2025,10,28,29,10:28:29,290,Tahap-4
01/17/2025,10,28,29,10:28:29,217,Tahap-4
01/17/2025,10,28,29,10:28:29,181,Tahap-4
01/17/2025,10,28,29,10:28:29,277,Tahap-4
01/17/2025,10,28,30,10:28:30,92,Tahap-4
01/17/2025,10,28,30,10:28:30,266,Tahap-4
01/17/2025,10,28,30,10:28:30,104,Tahap-4
01/17/2025,10,28,30,10:28:30,95,Tahap-4
01/17/2025,10,28,30,10:28:30,113,Tahap-4
01/17/2025,10,28,30,10:28:30,124,Tahap-4
01/17/2025,10,28,30,10:28:30,44,Tahap-4
01/17/2025,10,28,30,10:28:30,165,Tahap-4
01/17/2025,10,28,30,10:28:30,139,Tahap-4
01/17/2025,10,28,30,10:28:30,21,Tahap-4
01/17/2025,10,28,31,10:28:31,79,Tahap-4
01/17/2025,10,28,31,10:28:31,153,Tahap-4
01/17/2025,10,28,31,10:28:31,119,Tahap-4
01/17/2025,10,28,31,10:28:31,52,Tahap-4
01/17/2025,10,28,31,10:28:31,194,Tahap-4
01/17/2025,10,28,31,10:28:31,20,Tahap-4
01/17/2025,10,28,31,10:28:31,153,Tahap-4
01/17/2025,10,28,31,10:28:31,58,Tahap-4
01/17/2025,10,28,31,10:28:31,227,Tahap-4
01/17/2025,10,28,31,10:28:31,293,Tahap-4
01/17/2025,10,28,32,10:28:32,210,Tahap-4
01/17/2025,10,28,32,10:28:32,1502,Tahap-4
01/17/2025,10,28,32,10:28:32,639,Tahap-4
01/17/2025,10,28,32,10:28:32,362,Tahap-4
01/17/2025,10,28,32,10:28:32,351,Tahap-4
01/17/2025,10,28,32,10:28:32,58,Tahap-4
01/17/2025,10,28,32,10:28:32,140,Tahap-4
01/17/2025,10,28,32,10:28:32,218,Tahap-4
01/17/2025,10,28,32,10:28:32,132,Tahap-4
01/17/2025,10,28,32,10:28:32,168,Tahap-4
01/17/2025,10,28,33,10:28:33,97,Tahap-4
01/17/2025,10,28,33,10:28:33,57,Tahap-4
01/17/2025,10,28,33,10:28:33,140,Tahap-4
01/17/2025,10,28,33,10:28:33,175,Tahap-4
01/17/2025,10,28,33,10:28:33,95,Tahap-4
01/17/2025,10,28,33,10:28:33,118,Tahap-4
01/17/2025,10,28,33,10:28:33,90,Tahap-4
01/17/2025,10,28,33,10:28:33,163,Tahap-4
01/17/2025,10,28,33,10:28:33,948,Tahap-4
01/17/2025,10,28,33,10:28:33,576,Tahap-4
01/17/2025,10,28,34,10:28:34,340,Tahap-4
01/17/2025,10,28,34,10:28:34,262,Tahap-4
01/17/2025,10,28,34,10:28:34,363,Tahap-4
01/17/2025,10,28,34,10:28:34,363,Tahap-4
01/17/2025,10,28,34,10:28:34,1368,Tahap-4
01/17/2025,10,28,34,10:28:34,220,Tahap-4
01/17/2025,10,28,34,10:28:34,374,Tahap-4
01/17/2025,10,28,34,10:28:34,363,Tahap-4
01/17/2025,10,28,34,10:28:34,117,Tahap-4
01/17/2025,10,28,34,10:28:34,77,Tahap-4
01/17/2025,10,28,35,10:28:35,206,Tahap-4
01/17/2025,10,28,35,10:28:35,193,Tahap-4
01/17/2025,10,28,35,10:28:35,255,Tahap-4
01/17/2025,10,28,35,10:28:35,286,Tahap-4
01/17/2025,10,28,35,10:28:35,128,Tahap-4
01/17/2025,10,28,35,10:28:35,229,Tahap-4
01/17/2025,10,28,35,10:28:35,192,Tahap-4
01/17/2025,10,28,35,10:28:35,190,Tahap-4
01/17/2025,10,28,35,10:28:35,290,Tahap-4
01/17/2025,10,28,35,10:28:35,181,Tahap-4
01/17/2025,10,28,36,10:28:36,171,Tahap-4
01/17/2025,10,28,36,10:28:36,234,Tahap-4
01/17/2025,10,28,36,10:28:36,184,Tahap-4
01/17/2025,10,28,36,10:28:36,168,Tahap-4
01/17/2025,10,28,36,10:28:36,42,Tahap-4
01/17/2025,10,28,36,10:28:36,236,Tahap-4
01/17/2025,10,28,36,10:28:36,695,Tahap-4
01/17/2025,10,28,36,10:28:36,1435,Tahap-4
01/17/2025,10,28,36,10:28:36,322,Tahap-4
01/17/2025,10,28,36,10:28:36,285,Tahap-4
01/17/2025,10,28,37,10:28:37,265,Tahap-4
01/17/2025,10,28,37,10:28:37,299,Tahap-4
01/17/2025,10,28,37,10:28:37,48,Tahap-4
01/17/2025,10,28,37,10:28:37,268,Tahap-4
01/17/2025,10,28,37,10:28:37,128,Tahap-4
01/17/2025,10,28,37,10:28:37,259,Tahap-4
01/17/2025,10,28,37,10:28:37,238,Tahap-4
01/17/2025,10,28,37,10:28:37,299,Tahap-4
01/17/2025,10,28,37,10:28:37,120,Tahap-4
01/17/2025,10,28,37,10:28:37,170,Tahap-4
01/17/2025,10,28,38,10:28:38,262,Tahap-4
01/17/2025,10,28,38,10:28:38,-100,Tahap-4
01/17/2025,10,28,38,10:28:38,60,Tahap-4
01/17/2025,10,28,38,10:28:38,-112,Tahap-4
01/17/2025,10,28,38,10:28:38,60,Tahap-4
01/17/2025,10,28,38,10:28:38,40,Tahap-4
01/17/2025,10,28,38,10:28:38,-84,Tahap-4
01/17/2025,10,28,38,10:28:38,64,Tahap-4
01/17/2025,10,28,38,10:28:38,100,Tahap-4
01/17/2025,10,28,38,10:28:38,-148,Tahap-4
01/17/2025,10,28,39,10:28:39,96,Tahap-4
01/17/2025,10,28,39,10:28:39,44,Tahap-4
01/17/2025,10,28,39,10:28:39,-76,Tahap-4
01/17/2025,10,28,39,10:28:39,80,Tahap-4
01/17/2025,10,28,39,10:28:39,-116,Tahap-4
01/17/2025,10,28,39,10:28:39,200,Tahap-4
01/17/2025,10,28,39,10:28:39,-72,Tahap-4
01/17/2025,10,28,39,10:28:39,36,Tahap-4
01/17/2025,10,28,39,10:28:39,148,Tahap-4
01/17/2025,10,28,40,10:28:40,88,Tahap-4
01/17/2025,10,28,40,10:28:40,-84,Tahap-4
01/17/2025,10,28,40,10:28:40,164,Tahap-4
01/17/2025,10,28,40,10:28:40,32,Tahap-4
01/17/2025,10,28,40,10:28:40,-16,Tahap-4
01/17/2025,10,28,40,10:28:40,48,Tahap-4
01/17/2025,10,28,40,10:28:40,20,Tahap-4
01/17/2025,10,28,40,10:28:40,88,Tahap-4
01/17/2025,10,28,40,10:28:40,116,Tahap-4
01/17/2025,10,28,40,10:28:40,-72,Tahap-4
01/17/2025,10,28,41,10:28:41,160,Tahap-4
01/17/2025,10,28,41,10:28:41,92,Tahap-4
01/17/2025,10,28,41,10:28:41,108,Tahap-4
01/17/2025,10,28,41,10:28:41,-72,Tahap-4
01/17/2025,10,28,41,10:28:41,224,Tahap-4
01/17/2025,10,28,41,10:28:41,-72,Tahap-4
01/17/2025,10,28,41,10:28:41,108,Tahap-4
01/17/2025,10,28,41,10:28:41,-24,Tahap-4
01/17/2025,10,28,41,10:28:41,216,Tahap-4
01/17/2025,10,28,41,10:28:41,56,Tahap-4
01/17/2025,10,28,42,10:28:42,8,Tahap-4
01/17/2025,10,28,42,10:28:42,156,Tahap-4
01/17/2025,10,28,42,10:28:42,64,Tahap-4
01/17/2025,10,28,42,10:28:42,92,Tahap-4
01/17/2025,10,28,42,10:28:42,64,Tahap-4
01/17/2025,10,28,42,10:28:42,100,Tahap-4
01/17/2025,10,28,42,10:28:42,92,Tahap-4
01/17/2025,10,28,42,10:28:42,12,Tahap-4
01/17/2025,10,28,42,10:28:42,64,Tahap-4
01/17/2025,10,28,42,10:28:42,84,Tahap-4
01/17/2025,10,28,43,10:28:43,220,Tahap-4
01/17/2025,10,28,43,10:28:43,-68,Tahap-4
01/17/2025,10,28,43,10:28:43,204,Tahap-4
01/17/2025,10,28,43,10:28:43,128,Tahap-4
01/17/2025,10,28,43,10:28:43,96,Tahap-4
01/17/2025,10,28,43,10:28:43,56,Tahap-4
01/17/2025,10,28,43,10:28:43,180,Tahap-4
01/17/2025,10,28,43,10:28:43,60,Tahap-4
01/17/2025,10,28,43,10:28:43,116,Tahap-4
01/17/2025,10,28,43,10:28:43,108,Tahap-4
01/17/2025,10,28,44,10:28:44,56,Tahap-4
01/17/2025,10,28,44,10:28:44,256,Tahap-4
01/17/2025,10,28,44,10:28:44,80,Tahap-4
01/17/2025,10,28,44,10:28:44,68,Tahap-4
01/17/2025,10,28,44,10:28:44,260,Tahap-4
01/17/2025,10,28,44,10:28:44,96,Tahap-4
01/17/2025,10,28,44,10:28:44,144,Tahap-4
01/17/2025,10,28,44,10:28:44,184,Tahap-4
01/17/2025,10,28,44,10:28:44,244,Tahap-4
01/17/2025,10,28,44,10:28:44,-40,Tahap-4
01/17/2025,10,28,45,10:28:45,244,Tahap-4
01/17/2025,10,28,45,10:28:45,32,Tahap-4
01/17/2025,10,28,45,10:28:45,276,Tahap-4
01/17/2025,10,28,45,10:28:45,84,Tahap-4
01/17/2025,10,28,45,10:28:45,172,Tahap-4
01/17/2025,10,28,45,10:28:45,184,Tahap-4
01/17/2025,10,28,45,10:28:45,204,Tahap-4
01/17/2025,10,28,45,10:28:45,88,Tahap-4
01/17/2025,10,28,45,10:28:45,152,Tahap-4
01/17/2025,10,28,45,10:28:45,252,Tahap-4
01/17/2025,10,28,46,10:28:46,120,Tahap-4
01/17/2025,10,28,46,10:28:46,96,Tahap-4
01/17/2025,10,28,46,10:28:46,160,Tahap-4
01/17/2025,10,28,46,10:28:46,184,Tahap-4
01/17/2025,10,28,46,10:28:46,204,Tahap-4
01/17/2025,10,28,46,10:28:46,116,Tahap-4
01/17/2025,10,28,46,10:28:46,272,Tahap-4
01/17/2025,10,28,46,10:28:46,120,Tahap-4
01/17/2025,10,28,46,10:28:46,156,Tahap-4
01/17/2025,10,28,46,10:28:46,104,Tahap-4
01/17/2025,10,28,47,10:28:47,284,Tahap-4
01/17/2025,10,28,47,10:28:47,196,Tahap-4
01/17/2025,10,28,47,10:28:47,144,Tahap-4
01/17/2025,10,28,47,10:28:47,104,Tahap-4
01/17/2025,10,28,47,10:28:47,204,Tahap-4
01/17/2025,10,28,47,10:28:47,228,Tahap-4
01/17/2025,10,28,47,10:28:47,64,Tahap-4
01/17/2025,10,28,47,10:28:47,244,Tahap-4
01/17/2025,10,28,47,10:28:47,216,Tahap-4
01/17/2025,10,28,47,10:28:47,128,Tahap-4
01/17/2025,10,28,48,10:28:48,100,Tahap-4
01/17/2025,10,28,48,10:28:48,192,Tahap-4
01/17/2025,10,28,48,10:28:48,192,Tahap-4
01/17/2025,10,28,48,10:28:48,84,Tahap-4
01/17/2025,10,28,48,10:28:48,224,Tahap-4
01/17/2025,10,28,48,10:28:48,64,Tahap-4
01/17/2025,10,28,48,10:28:48,408,Tahap-4
01/17/2025,10,28,48,10:28:48,72,Tahap-4
01/17/2025,10,28,48,10:28:48,160,Tahap-4
01/17/2025,10,28,48,10:28:48,312,Tahap-4
01/17/2025,10,28,49,10:28:49,188,Tahap-4
01/17/2025,10,28,49,10:28:49,56,Tahap-4
01/17/2025,10,28,49,10:28:49,284,Tahap-4
01/17/2025,10,28,49,10:28:49,176,Tahap-4
01/17/2025,10,28,49,10:28:49,132,Tahap-4
01/17/2025,10,28,49,10:28:49,184,Tahap-4
01/17/2025,10,28,49,10:28:49,200,Tahap-4
01/17/2025,10,28,49,10:28:49,264,Tahap-4
01/17/2025,10,28,49,10:28:49,176,Tahap-4
01/17/2025,10,28,49,10:28:49,92,Tahap-4
01/17/2025,10,28,50,10:28:50,308,Tahap-4
01/17/2025,10,28,50,10:28:50,232,Tahap-4
01/17/2025,10,28,50,10:28:50,172,Tahap-4
01/17/2025,10,28,50,10:28:50,120,Tahap-4
01/17/2025,10,28,50,10:28:50,344,Tahap-4
01/17/2025,10,28,50,10:28:50,84,Tahap-4
01/17/2025,10,28,50,10:28:50,200,Tahap-4
01/17/2025,10,28,50,10:28:50,172,Tahap-4
01/17/2025,10,28,50,10:28:50,260,Tahap-4
01/17/2025,10,28,50,10:28:50,176,Tahap-4
01/17/2025,10,29,15,10:29:15,961,Tahap-4
01/17/2025,10,29,15,10:29:15,755,Tahap-4
01/17/2025,10,29,15,10:29:15,437,Tahap-4
01/17/2025,10,29,15,10:29:15,285,Tahap-4
01/17/2025,10,29,15,10:29:15,182,Tahap-4
01/17/2025,10,29,15,10:29:15,155,Tahap-4
01/17/2025,10,29,15,10:29:15,124,Tahap-4
01/17/2025,10,29,16,10:29:16,138,Tahap-4
01/17/2025,10,29,16,10:29:16,240,Tahap-4
01/17/2025,10,29,16,10:29:16,60,Tahap-4
01/17/2025,10,29,16,10:29:16,79,Tahap-4
01/17/2025,10,29,16,10:29:16,141,Tahap-4
01/17/2025,10,29,16,10:29:16,86,Tahap-4
01/17/2025,10,29,16,10:29:16,131,Tahap-4
01/17/2025,10,29,16,10:29:16,193,Tahap-4
01/17/2025,10,29,16,10:29:16,166,Tahap-4
01/17/2025,10,29,16,10:29:16,156,Tahap-4
01/17/2025,10,29,17,10:29:17,38,Tahap-4
01/17/2025,10,29,17,10:29:17,212,Tahap-4
01/17/2025,10,29,17,10:29:17,95,Tahap-4
01/17/2025,10,29,17,10:29:17,140,Tahap-4
01/17/2025,10,29,17,10:29:17,4,Tahap-4
01/17/2025,10,29,17,10:29:17,390,Tahap-4
01/17/2025,10,29,17,10:29:17,94,Tahap-4
01/17/2025,10,29,17,10:29:17,85,Tahap-4
01/17/2025,10,29,17,10:29:17,58,Tahap-4
01/17/2025,10,29,17,10:29:17,106,Tahap-4
01/17/2025,10,29,18,10:29:18,117,Tahap-4
01/17/2025,10,29,18,10:29:18,158,Tahap-4
01/17/2025,10,29,18,10:29:18,172,Tahap-4
01/17/2025,10,29,18,10:29:18,155,Tahap-4
01/17/2025,10,29,18,10:29:18,124,Tahap-4
01/17/2025,10,29,18,10:29:18,117,Tahap-4
01/17/2025,10,29,18,10:29:18,77,Tahap-4
01/17/2025,10,29,18,10:29:18,125,Tahap-4
01/17/2025,10,29,18,10:29:18,114,Tahap-4
01/17/2025,10,29,18,10:29:18,53,Tahap-4
01/17/2025,10,29,19,10:29:19,56,Tahap-4
01/17/2025,10,29,19,10:29:19,28,Tahap-4
01/17/2025,10,29,19,10:29:19,71,Tahap-4
01/17/2025,10,29,19,10:29:19,220,Tahap-4
01/17/2025,10,29,19,10:29:19,231,Tahap-4
01/17/2025,10,29,19,10:29:19,238,Tahap-4
01/17/2025,10,29,19,10:29:19,240,Tahap-4
01/17/2025,10,29,19,10:29:19,88,Tahap-4
01/17/2025,10,29,19,10:29:19,97,Tahap-4
01/17/2025,10,29,19,10:29:19,124,Tahap-4
01/17/2025,10,29,20,10:29:20,157,Tahap-4
01/17/2025,10,29,20,10:29:20,95,Tahap-4
01/17/2025,10,29,20,10:29:20,13,Tahap-4
01/17/2025,10,29,20,10:29:20,7,Tahap-4
01/17/2025,10,29,20,10:29:20,115,Tahap-4
01/17/2025,10,29,20,10:29:20,79,Tahap-4
01/17/2025,10,29,20,10:29:20,105,Tahap-4
01/17/2025,10,29,20,10:29:20,146,Tahap-4
01/17/2025,10,29,20,10:29:20,77,Tahap-4
01/17/2025,10,29,20,10:29:20,140,Tahap-4
01/17/2025,10,29,21,10:29:21,61,Tahap-4
01/17/2025,10,29,21,10:29:21,64,Tahap-4
01/17/2025,10,29,21,10:29:21,161,Tahap-4
01/17/2025,10,29,21,10:29:21,66,Tahap-4
01/17/2025,10,29,21,10:29:21,123,Tahap-4
01/17/2025,10,29,21,10:29:21,140,Tahap-4
01/17/2025,10,29,21,10:29:21,131,Tahap-4
01/17/2025,10,29,21,10:29:21,126,Tahap-4
01/17/2025,10,29,21,10:29:21,120,Tahap-4
01/17/2025,10,29,21,10:29:21,589,Tahap-4
01/17/2025,10,29,22,10:29:22,611,Tahap-4
01/17/2025,10,29,22,10:29:22,1147,Tahap-4
01/17/2025,10,29,22,10:29:22,244,Tahap-4
01/17/2025,10,29,22,10:29:22,485,Tahap-4
01/17/2025,10,29,22,10:29:22,442,Tahap-4
01/17/2025,10,29,22,10:29:22,72,Tahap-4
01/17/2025,10,29,22,10:29:22,94,Tahap-4
01/17/2025,10,29,22,10:29:22,219,Tahap-4
01/17/2025,10,29,22,10:29:22,247,Tahap-4
01/17/2025,10,29,22,10:29:22,234,Tahap-4
01/17/2025,10,29,23,10:29:23,82,Tahap-4
01/17/2025,10,29,23,10:29:23,120,Tahap-4
01/17/2025,10,29,23,10:29:23,222,Tahap-4
01/17/2025,10,29,23,10:29:23,177,Tahap-4
01/17/2025,10,29,23,10:29:23,205,Tahap-4
01/17/2025,10,29,23,10:29:23,220,Tahap-4
01/17/2025,10,29,23,10:29:23,57,Tahap-4
01/17/2025,10,29,23,10:29:23,798,Tahap-4
01/17/2025,10,29,23,10:29:23,831,Tahap-4
01/17/2025,10,29,23,10:29:23,375,Tahap-4
01/17/2025,10,29,24,10:29:24,304,Tahap-4
01/17/2025,10,29,24,10:29:24,493,Tahap-4
01/17/2025,10,29,24,10:29:24,671,Tahap-4
01/17/2025,10,29,24,10:29:24,927,Tahap-4
01/17/2025,10,29,24,10:29:24,398,Tahap-4
01/17/2025,10,29,24,10:29:24,204,Tahap-4
01/17/2025,10,29,24,10:29:24,158,Tahap-4
01/17/2025,10,29,24,10:29:24,221,Tahap-4
01/17/2025,10,29,24,10:29:24,161,Tahap-4
01/17/2025,10,29,24,10:29:24,54,Tahap-4
01/17/2025,10,29,25,10:29:25,270,Tahap-4
01/17/2025,10,29,25,10:29:25,281,Tahap-4
01/17/2025,10,29,25,10:29:25,256,Tahap-4
01/17/2025,10,29,25,10:29:25,174,Tahap-4
01/17/2025,10,29,25,10:29:25,95,Tahap-4
01/17/2025,10,29,25,10:29:25,139,Tahap-4
01/17/2025,10,29,25,10:29:25,328,Tahap-4
01/17/2025,10,29,25,10:29:25,304,Tahap-4
01/17/2025,10,29,25,10:29:25,149,Tahap-4
01/17/2025,10,29,25,10:29:25,220,Tahap-4
01/17/2025,10,29,26,10:29:26,381,Tahap-4
01/17/2025,10,29,26,10:29:26,358,Tahap-4
01/17/2025,10,29,26,10:29:26,412,Tahap-4
01/17/2025,10,29,26,10:29:26,390,Tahap-4
01/17/2025,10,29,26,10:29:26,395,Tahap-4
01/17/2025,10,29,26,10:29:26,1220,Tahap-4
01/17/2025,10,29,26,10:29:26,854,Tahap-4
01/17/2025,10,29,26,10:29:26,138,Tahap-4
01/17/2025,10,29,26,10:29:26,234,Tahap-4
01/17/2025,10,29,26,10:29:26,217,Tahap-4
01/17/2025,10,29,27,10:29:27,44,Tahap-4
01/17/2025,10,29,27,10:29:27,162,Tahap-4
01/17/2025,10,29,27,10:29:27,218,Tahap-4
01/17/2025,10,29,27,10:29:27,381,Tahap-4
01/17/2025,10,29,27,10:29:27,86,Tahap-4
01/17/2025,10,29,27,10:29:27,250,Tahap-4
01/17/2025,10,29,27,10:29:27,112,Tahap-4
01/17/2025,10,29,27,10:29:27,262,Tahap-4
01/17/2025,10,29,27,10:29:27,247,Tahap-4
01/17/2025,10,29,27,10:29:27,446,Tahap-4
01/17/2025,10,29,29,10:29:29,36,Tahap-4
01/17/2025,10,29,29,10:29:29,-140,Tahap-4
01/17/2025,10,29,29,10:29:29,120,Tahap-4
01/17/2025,10,29,29,10:29:29,-204,Tahap-4
01/17/2025,10,29,29,10:29:29,100,Tahap-4
01/17/2025,10,29,29,10:29:29,-60,Tahap-4
01/17/2025,10,29,29,10:29:29,60,Tahap-4
01/17/2025,10,29,29,10:29:29,76,Tahap-4
01/17/2025,10,29,29,10:29:29,-64,Tahap-4
01/17/2025,10,29,29,10:29:29,-36,Tahap-4
01/17/2025,10,29,29,10:29:29,40,Tahap-4
01/17/2025,10,29,29,10:29:29,-124,Tahap-4
01/17/2025,10,29,29,10:29:29,-56,Tahap-4
01/17/2025,10,29,29,10:29:29,-24,Tahap-4
01/17/2025,10,29,29,10:29:29,4,Tahap-4
01/17/2025,10,29,29,10:29:29,-188,Tahap-4
01/17/2025,10,29,29,10:29:29,136,Tahap-4
01/17/2025,10,29,29,10:29:29,-124,Tahap-4
01/17/2025,10,29,29,10:29:29,128,Tahap-4
01/17/2025,10,29,29,10:29:29,-156,Tahap-4
01/17/2025,10,29,30,10:29:30,40,Tahap-4
01/17/2025,10,29,30,10:29:30,-64,Tahap-4
01/17/2025,10,29,30,10:29:30,24,Tahap-4
01/17/2025,10,29,30,10:29:30,-96,Tahap-4
01/17/2025,10,29,30,10:29:30,-4,Tahap-4
01/17/2025,10,29,30,10:29:30,28,Tahap-4
01/17/2025,10,29,30,10:29:30,-68,Tahap-4
01/17/2025,10,29,30,10:29:30,-60,Tahap-4
01/17/2025,10,29,30,10:29:30,-36,Tahap-4
01/17/2025,10,29,30,10:29:30,44,Tahap-4
01/17/2025,10,29,31,10:29:31,-80,Tahap-4
01/17/2025,10,29,31,10:29:31,-44,Tahap-4
01/17/2025,10,29,31,10:29:31,116,Tahap-4
01/17/2025,10,29,31,10:29:31,-96,Tahap-4
01/17/2025,10,29,31,10:29:31,24,Tahap-4
01/17/2025,10,29,31,10:29:31,-56,Tahap-4
01/17/2025,10,29,31,10:29:31,80,Tahap-4
01/17/2025,10,29,31,10:29:31,-80,Tahap-4
01/17/2025,10,29,31,10:29:31,80,Tahap-4
01/17/2025,10,29,31,10:29:31,-116,Tahap-4
01/17/2025,10,29,32,10:29:32,160,Tahap-4
01/17/2025,10,29,32,10:29:32,-24,Tahap-4
01/17/2025,10,29,32,10:29:32,-80,Tahap-4
01/17/2025,10,29,32,10:29:32,52,Tahap-4
01/17/2025,10,29,32,10:29:32,60,Tahap-4
01/17/2025,10,29,32,10:29:32,-192,Tahap-4
01/17/2025,10,29,32,10:29:32,52,Tahap-4
01/17/2025,10,29,32,10:29:32,20,Tahap-4
01/17/2025,10,29,32,10:29:32,-36,Tahap-4
01/17/2025,10,29,32,10:29:32,-60,Tahap-4
01/17/2025,10,29,33,10:29:33,28,Tahap-4
01/17/2025,10,29,33,10:29:33,-76,Tahap-4
01/17/2025,10,29,33,10:29:33,132,Tahap-4
01/17/2025,10,29,33,10:29:33,-200,Tahap-4
01/17/2025,10,29,33,10:29:33,56,Tahap-4
01/17/2025,10,29,33,10:29:33,28,Tahap-4
01/17/2025,10,29,33,10:29:33,-16,Tahap-4
01/17/2025,10,29,33,10:29:33,-176,Tahap-4
01/17/2025,10,29,33,10:29:33,152,Tahap-4
01/17/2025,10,29,33,10:29:33,-68,Tahap-4
01/17/2025,10,29,34,10:29:34,-24,Tahap-4
01/17/2025,10,29,34,10:29:34,-24,Tahap-4
01/17/2025,10,29,34,10:29:34,12,Tahap-4
01/17/2025,10,29,34,10:29:34,56,Tahap-4
01/17/2025,10,29,34,10:29:34,-20,Tahap-4
01/17/2025,10,29,34,10:29:34,-8,Tahap-4
01/17/2025,10,29,34,10:29:34,68,Tahap-4
01/17/2025,10,29,34,10:29:34,12,Tahap-4
01/17/2025,10,29,34,10:29:34,-56,Tahap-4
01/17/2025,10,29,34,10:29:34,-52,Tahap-4
01/17/2025,10,29,35,10:29:35,120,Tahap-4
01/17/2025,10,29,35,10:29:35,-136,Tahap-4
01/17/2025,10,29,35,10:29:35,56,Tahap-4
01/17/2025,10,29,35,10:29:35,-72,Tahap-4
01/17/2025,10,29,35,10:29:35,152,Tahap-4
01/17/2025,10,29,35,10:29:35,-136,Tahap-4
01/17/2025,10,29,35,10:29:35,20,Tahap-4
01/17/2025,10,29,35,10:29:35,48,Tahap-4
01/17/2025,10,29,35,10:29:35,-28,Tahap-4
01/17/2025,10,29,35,10:29:35,-64,Tahap-4
01/17/2025,10,29,36,10:29:36,56,Tahap-4
01/17/2025,10,29,36,10:29:36,-16,Tahap-4
01/17/2025,10,29,36,10:29:36,32,Tahap-4
01/17/2025,10,29,36,10:29:36,-68,Tahap-4
01/17/2025,10,29,36,10:29:36,4,Tahap-4
01/17/2025,10,29,36,10:29:36,80,Tahap-4
01/17/2025,10,29,36,10:29:36,112,Tahap-4
01/17/2025,10,29,36,10:29:36,-156,Tahap-4
01/17/2025,10,29,36,10:29:36,168,Tahap-4
01/17/2025,10,29,36,10:29:36,-36,Tahap-4
01/17/2025,10,29,37,10:29:37,24,Tahap-4
01/17/2025,10,29,37,10:29:37,-8,Tahap-4
01/17/2025,10,29,37,10:29:37,160,Tahap-4
01/17/2025,10,29,37,10:29:37,-124,Tahap-4
01/17/2025,10,29,37,10:29:37,88,Tahap-4
01/17/2025,10,29,37,10:29:37,-20,Tahap-4
01/17/2025,10,29,37,10:29:37,52,Tahap-4
01/17/2025,10,29,37,10:29:37,148,Tahap-4
01/17/2025,10,29,37,10:29:37,16,Tahap-4
01/17/2025,10,29,37,10:29:37,52,Tahap-4
01/17/2025,10,29,38,10:29:38,160,Tahap-4
01/17/2025,10,29,38,10:29:38,-24,Tahap-4
01/17/2025,10,29,38,10:29:38,40,Tahap-4
01/17/2025,10,29,38,10:29:38,148,Tahap-4
01/17/2025,10,29,38,10:29:38,104,Tahap-4
01/17/2025,10,29,38,10:29:38,-44,Tahap-4
01/17/2025,10,29,38,10:29:38,156,Tahap-4
01/17/2025,10,29,38,10:29:38,-72,Tahap-4
01/17/2025,10,29,38,10:29:38,204,Tahap-4
01/17/2025,10,29,38,10:29:38,44,Tahap-4
01/17/2025,10,29,39,10:29:39,88,Tahap-4
01/17/2025,10,29,39,10:29:39,104,Tahap-4
01/17/2025,10,29,39,10:29:39,104,Tahap-4
01/17/2025,10,29,39,10:29:39,-28,Tahap-4
01/17/2025,10,29,39,10:29:39,160,Tahap-4
01/17/2025,10,29,39,10:29:39,160,Tahap-4
01/17/2025,10,29,39,10:29:39,8,Tahap-4
01/17/2025,10,29,39,10:29:39,96,Tahap-4
01/17/2025,10,29,39,10:29:39,60,Tahap-4
01/17/2025,10,29,39,10:29:39,132,Tahap-4
01/17/2025,10,29,40,10:29:40,112,Tahap-4
01/17/2025,10,29,40,10:29:40,-16,Tahap-4
01/17/2025,10,29,40,10:29:40,204,Tahap-4
01/17/2025,10,29,40,10:29:40,-8,Tahap-4
01/17/2025,10,29,40,10:29:40,124,Tahap-4
01/17/2025,10,29,40,10:29:40,-20,Tahap-4
01/17/2025,10,29,40,10:29:40,204,Tahap-4
01/17/2025,10,29,40,10:29:40,-8,Tahap-4
01/17/2025,10,29,40,10:29:40,124,Tahap-4
01/17/2025,10,30,5,10:30:05,1943,Tahap-4
01/17/2025,10,30,5,10:30:05,246,Tahap-4
01/17/2025,10,30,5,10:30:05,277,Tahap-4
01/17/2025,10,30,5,10:30:05,142,Tahap-4
01/17/2025,10,30,5,10:30:05,199,Tahap-4
01/17/2025,10,30,5,10:30:05,260,Tahap-4
01/17/2025,10,30,5,10:30:05,231,Tahap-4
01/17/2025,10,30,5,10:30:05,72,Tahap-4
01/17/2025,10,30,6,10:30:06,52,Tahap-4
01/17/2025,10,30,6,10:30:06,58,Tahap-4
01/17/2025,10,30,6,10:30:06,191,Tahap-4
01/17/2025,10,30,6,10:30:06,111,Tahap-4
01/17/2025,10,30,6,10:30:06,171,Tahap-4
01/17/2025,10,30,6,10:30:06,78,Tahap-4
01/17/2025,10,30,6,10:30:06,158,Tahap-4
01/17/2025,10,30,6,10:30:06,134,Tahap-4
01/17/2025,10,30,6,10:30:06,135,Tahap-4
01/17/2025,10,30,6,10:30:06,90,Tahap-4
01/17/2025,10,30,7,10:30:07,133,Tahap-4
01/17/2025,10,30,7,10:30:07,13,Tahap-4
01/17/2025,10,30,7,10:30:07,58,Tahap-4
01/17/2025,10,30,7,10:30:07,27,Tahap-4
01/17/2025,10,30,7,10:30:07,294,Tahap-4
01/17/2025,10,30,7,10:30:07,137,Tahap-4
01/17/2025,10,30,7,10:30:07,24,Tahap-4
01/17/2025,10,30,7,10:30:07,112,Tahap-4
01/17/2025,10,30,7,10:30:07,62,Tahap-4
01/17/2025,10,30,7,10:30:07,62,Tahap-4
01/17/2025,10,30,8,10:30:08,58,Tahap-4
01/17/2025,10,30,8,10:30:08,201,Tahap-4
01/17/2025,10,30,8,10:30:08,108,Tahap-4
01/17/2025,10,30,8,10:30:08,147,Tahap-4
01/17/2025,10,30,8,10:30:08,51,Tahap-4
01/17/2025,10,30,8,10:30:08,69,Tahap-4
01/17/2025,10,30,8,10:30:08,238,Tahap-4
01/17/2025,10,30,8,10:30:08,100,Tahap-4
01/17/2025,10,30,8,10:30:08,61,Tahap-4
01/17/2025,10,30,8,10:30:08,77,Tahap-4
01/17/2025,10,30,9,10:30:09,140,Tahap-4
01/17/2025,10,30,9,10:30:09,124,Tahap-4
01/17/2025,10,30,9,10:30:09,77,Tahap-4
01/17/2025,10,30,9,10:30:09,58,Tahap-4
01/17/2025,10,30,9,10:30:09,284,Tahap-4
01/17/2025,10,30,9,10:30:09,203,Tahap-4
01/17/2025,10,30,9,10:30:09,198,Tahap-4
01/17/2025,10,30,9,10:30:09,232,Tahap-4
01/17/2025,10,30,9,10:30:09,79,Tahap-4
01/17/2025,10,30,9,10:30:09,70,Tahap-4
01/17/2025,10,30,10,10:30:10,45,Tahap-4
01/17/2025,10,30,10,10:30:10,84,Tahap-4
01/17/2025,10,30,10,10:30:10,83,Tahap-4
01/17/2025,10,30,10,10:30:10,38,Tahap-4
01/17/2025,10,30,10,10:30:10,128,Tahap-4
01/17/2025,10,30,10,10:30:10,47,Tahap-4
01/17/2025,10,30,10,10:30:10,49,Tahap-4
01/17/2025,10,30,10,10:30:10,32,Tahap-4
01/17/2025,10,30,10,10:30:10,83,Tahap-4
01/17/2025,10,30,10,10:30:10,61,Tahap-4
01/17/2025,10,30,11,10:30:11,134,Tahap-4
01/17/2025,10,30,11,10:30:11,92,Tahap-4
01/17/2025,10,30,11,10:30:11,118,Tahap-4
01/17/2025,10,30,11,10:30:11,210,Tahap-4
01/17/2025,10,30,11,10:30:11,160,Tahap-4
01/17/2025,10,30,11,10:30:11,160,Tahap-4
01/17/2025,10,30,11,10:30:11,77,Tahap-4
01/17/2025,10,30,11,10:30:11,190,Tahap-4
01/17/2025,10,30,11,10:30:11,650,Tahap-4
01/17/2025,10,30,11,10:30:11,1065,Tahap-4
01/17/2025,10,30,12,10:30:12,431,Tahap-4
01/17/2025,10,30,12,10:30:12,584,Tahap-4
01/17/2025,10,30,12,10:30:12,178,Tahap-4
01/17/2025,10,30,12,10:30:12,207,Tahap-4
01/17/2025,10,30,12,10:30:12,202,Tahap-4
01/17/2025,10,30,12,10:30:12,138,Tahap-4
01/17/2025,10,30,12,10:30:12,230,Tahap-4
01/17/2025,10,30,12,10:30:12,232,Tahap-4
01/17/2025,10,30,12,10:30:12,89,Tahap-4
01/17/2025,10,30,12,10:30:12,60,Tahap-4
01/17/2025,10,30,13,10:30:13,231,Tahap-4
01/17/2025,10,30,13,10:30:13,148,Tahap-4
01/17/2025,10,30,13,10:30:13,104,Tahap-4
01/17/2025,10,30,13,10:30:13,158,Tahap-4
01/17/2025,10,30,13,10:30:13,242,Tahap-4
01/17/2025,10,30,13,10:30:13,173,Tahap-4
01/17/2025,10,30,13,10:30:13,319,Tahap-4
01/17/2025,10,30,13,10:30:13,878,Tahap-4
01/17/2025,10,30,13,10:30:13,224,Tahap-4
01/17/2025,10,30,13,10:30:13,240,Tahap-4
01/17/2025,10,30,14,10:30:14,318,Tahap-4
01/17/2025,10,30,14,10:30:14,1000,Tahap-4
01/17/2025,10,30,14,10:30:14,450,Tahap-4
01/17/2025,10,30,14,10:30:14,511,Tahap-4
01/17/2025,10,30,14,10:30:14,128,Tahap-4
01/17/2025,10,30,14,10:30:14,358,Tahap-4
01/17/2025,10,30,14,10:30:14,85,Tahap-4
01/17/2025,10,30,14,10:30:14,252,Tahap-4
01/17/2025,10,30,14,10:30:14,216,Tahap-4
01/17/2025,10,30,14,10:30:14,200,Tahap-4
01/17/2025,10,30,15,10:30:15,340,Tahap-4
01/17/2025,10,30,15,10:30:15,307,Tahap-4
01/17/2025,10,30,15,10:30:15,179,Tahap-4
01/17/2025,10,30,15,10:30:15,127,Tahap-4
01/17/2025,10,30,15,10:30:15,181,Tahap-4
01/17/2025,10,30,15,10:30:15,230,Tahap-4
01/17/2025,10,30,15,10:30:15,213,Tahap-4
01/17/2025,10,30,15,10:30:15,236,Tahap-4
01/17/2025,10,30,15,10:30:15,164,Tahap-4
01/17/2025,10,30,15,10:30:15,373,Tahap-4
01/17/2025,10,30,16,10:30:16,770,Tahap-4
01/17/2025,10,30,16,10:30:16,329,Tahap-4
01/17/2025,10,30,16,10:30:16,316,Tahap-4
01/17/2025,10,30,16,10:30:16,926,Tahap-4
01/17/2025,10,30,16,10:30:16,942,Tahap-4
01/17/2025,10,30,16,10:30:16,694,Tahap-4
01/17/2025,10,30,16,10:30:16,704,Tahap-4
01/17/2025,10,30,16,10:30:16,168,Tahap-4
01/17/2025,10,30,16,10:30:16,284,Tahap-4
01/17/2025,10,30,16,10:30:16,20,Tahap-4
01/17/2025,10,30,17,10:30:17,224,Tahap-4
01/17/2025,10,30,17,10:30:17,104,Tahap-4
01/17/2025,10,30,17,10:30:17,91,Tahap-4
01/17/2025,10,30,17,10:30:17,320,Tahap-4
01/17/2025,10,30,17,10:30:17,307,Tahap-4
01/17/2025,10,30,17,10:30:17,332,Tahap-4
01/17/2025,10,30,17,10:30:17,200,Tahap-4
01/17/2025,10,30,17,10:30:17,543,Tahap-4
01/17/2025,10,30,17,10:30:17,842,Tahap-4
01/17/2025,10,30,17,10:30:17,-352,Tahap-4
01/17/2025,10,30,18,10:30:18,56,Tahap-4
01/17/2025,10,30,18,10:30:18,-248,Tahap-4
01/17/2025,10,30,18,10:30:18,248,Tahap-4
01/17/2025,10,30,18,10:30:18,-344,Tahap-4
01/17/2025,10,30,18,10:30:18,-112,Tahap-4
01/17/2025,10,30,18,10:30:18,128,Tahap-4
01/17/2025,10,30,18,10:30:18,-48,Tahap-4
01/17/2025,10,30,18,10:30:18,-176,Tahap-4
01/17/2025,10,30,18,10:30:18,-32,Tahap-4
01/17/2025,10,30,18,10:30:18,96,Tahap-4
01/17/2025,10,30,19,10:30:19,-328,Tahap-4
01/17/2025,10,30,19,10:30:19,-200,Tahap-4
01/17/2025,10,30,19,10:30:19,-176,Tahap-4
01/17/2025,10,30,19,10:30:19,144,Tahap-4
01/17/2025,10,30,19,10:30:19,-40,Tahap-4
01/17/2025,10,30,19,10:30:19,-136,Tahap-4
01/17/2025,10,30,19,10:30:19,80,Tahap-4
01/17/2025,10,30,19,10:30:19,-232,Tahap-4
01/17/2025,10,30,19,10:30:19,-48,Tahap-4
01/17/2025,10,30,19,10:30:19,-224,Tahap-4
01/17/2025,10,30,20,10:30:20,32,Tahap-4
01/17/2025,10,30,20,10:30:20,-96,Tahap-4
01/17/2025,10,30,20,10:30:20,-264,Tahap-4
01/17/2025,10,30,20,10:30:20,136,Tahap-4
01/17/2025,10,30,20,10:30:20,-88,Tahap-4
01/17/2025,10,30,20,10:30:20,-16,Tahap-4
01/17/2025,10,30,20,10:30:20,-160,Tahap-4
01/17/2025,10,30,20,10:30:20,56,Tahap-4
01/17/2025,10,30,20,10:30:20,-128,Tahap-4
01/17/2025,10,30,20,10:30:20,-112,Tahap-4
01/17/2025,10,30,21,10:30:21,120,Tahap-4
01/17/2025,10,30,21,10:30:21,-152,Tahap-4
01/17/2025,10,30,21,10:30:21,40,Tahap-4
01/17/2025,10,30,21,10:30:21,-360,Tahap-4
01/17/2025,10,30,21,10:30:21,104,Tahap-4
01/17/2025,10,30,21,10:30:21,-272,Tahap-4
01/17/2025,10,30,21,10:30:21,192,Tahap-4
01/17/2025,10,30,21,10:30:21,-168,Tahap-4
01/17/2025,10,30,21,10:30:21,152,Tahap-4
01/17/2025,10,30,22,10:30:22,-224,Tahap-4
01/17/2025,10,30,22,10:30:22,104,Tahap-4
01/17/2025,10,30,22,10:30:22,-8,Tahap-4
01/17/2025,10,30,22,10:30:22,-24,Tahap-4
01/17/2025,10,30,22,10:30:22,-112,Tahap-4
01/17/2025,10,30,22,10:30:22,-128,Tahap-4
01/17/2025,10,30,22,10:30:22,208,Tahap-4
01/17/2025,10,30,22,10:30:22,-200,Tahap-4
01/17/2025,10,30,22,10:30:22,72,Tahap-4
01/17/2025,10,30,22,10:30:22,216,Tahap-4
01/17/2025,10,30,23,10:30:23,-280,Tahap-4
01/17/2025,10,30,23,10:30:23,232,Tahap-4
01/17/2025,10,30,23,10:30:23,-232,Tahap-4
01/17/2025,10,30,23,10:30:23,280,Tahap-4
01/17/2025,10,30,23,10:30:23,-104,Tahap-4
01/17/2025,10,30,23,10:30:23,272,Tahap-4
01/17/2025,10,30,23,10:30:23,-272,Tahap-4
01/17/2025,10,30,23,10:30:23,288,Tahap-4
01/17/2025,10,30,23,10:30:23,48,Tahap-4
01/17/2025,10,30,23,10:30:23,-136,Tahap-4
01/17/2025,10,30,24,10:30:24,336,Tahap-4
01/17/2025,10,30,24,10:30:24,96,Tahap-4
01/17/2025,10,30,24,10:30:24,-192,Tahap-4
01/17/2025,10,30,24,10:30:24,288,Tahap-4
01/17/2025,10,30,24,10:30:24,72,Tahap-4
01/17/2025,10,30,24,10:30:24,88,Tahap-4
01/17/2025,10,30,24,10:30:24,152,Tahap-4
01/17/2025,10,30,24,10:30:24,-24,Tahap-4
01/17/2025,10,30,24,10:30:24,384,Tahap-4
01/17/2025,10,30,25,10:30:25,-96,Tahap-4
01/17/2025,10,30,25,10:30:25,256,Tahap-4
01/17/2025,10,30,25,10:30:25,280,Tahap-4
01/17/2025,10,30,25,10:30:25,248,Tahap-4
01/17/2025,10,30,25,10:30:25,-80,Tahap-4
01/17/2025,10,30,25,10:30:25,448,Tahap-4
01/17/2025,10,30,25,10:30:25,88,Tahap-4
01/17/2025,10,30,25,10:30:25,120,Tahap-4
01/17/2025,10,30,25,10:30:25,224,Tahap-4
01/17/2025,10,30,26,10:30:26,248,Tahap-4
01/17/2025,10,30,26,10:30:26,72,Tahap-4
01/17/2025,10,30,26,10:30:26,80,Tahap-4
01/17/2025,10,30,26,10:30:26,280,Tahap-4
01/17/2025,10,30,26,10:30:26,96,Tahap-4
01/17/2025,10,30,26,10:30:26,96,Tahap-4
01/17/2025,10,30,26,10:30:26,-40,Tahap-4
01/17/2025,10,30,26,10:30:26,344,Tahap-4
01/17/2025,10,30,26,10:30:26,-136,Tahap-4
01/17/2025,10,30,26,10:30:26,192,Tahap-4
01/17/2025,10,30,27,10:30:27,-16,Tahap-4
01/17/2025,10,30,27,10:30:27,392,Tahap-4
01/17/2025,10,30,27,10:30:27,24,Tahap-4
01/17/2025,10,30,27,10:30:27,56,Tahap-4
01/17/2025,10,30,27,10:30:27,216,Tahap-4
01/17/2025,10,30,27,10:30:27,96,Tahap-4
01/17/2025,10,30,27,10:30:27,192,Tahap-4
01/17/2025,10,30,27,10:30:27,-8,Tahap-4
01/17/2025,10,30,27,10:30:27,176,Tahap-4
01/17/2025,10,30,27,10:30:27,48,Tahap-4
01/17/2025,10,30,29,10:30:29,88,Tahap-4
01/17/2025,10,30,29,10:30:29,32,Tahap-4
01/17/2025,10,30,29,10:30:29,152,Tahap-4
01/17/2025,10,30,29,10:30:29,352,Tahap-4
01/17/2025,10,30,29,10:30:29,-232,Tahap-4
01/17/2025,10,30,29,10:30:29,376,Tahap-4
01/17/2025,10,30,29,10:30:29,80,Tahap-4
01/17/2025,10,30,29,10:30:29,72,Tahap-4
01/17/2025,10,30,29,10:30:29,144,Tahap-4
01/17/2025,10,30,29,10:30:29,152,Tahap-4
01/17/2025,10,30,29,10:30:29,144,Tahap-4
01/17/2025,10,30,29,10:30:29,-72,Tahap-4
01/17/2025,10,30,29,10:30:29,200,Tahap-4
01/17/2025,10,30,29,10:30:29,-16,Tahap-4
01/17/2025,10,30,29,10:30:29,480,Tahap-4
01/17/2025,10,30,29,10:30:29,-112,Tahap-4
01/17/2025,10,30,29,10:30:29,48,Tahap-4
01/17/2025,10,30,29,10:30:29,456,Tahap-4
01/17/2025,10,30,29,10:30:29,8,Tahap-4
01/17/2025,10,30,29,10:30:29,176,Tahap-4
01/17/2025,10,30,30,10:30:30,224,Tahap-4
01/17/2025,10,30,30,10:30:30,232,Tahap-4
01/17/2025,10,30,30,10:30:30,-8,Tahap-4
01/17/2025,10,30,30,10:30:30,168,Tahap-4
01/17/2025,10,30,30,10:30:30,-56,Tahap-4
01/17/2025,10,30,30,10:30:30,304,Tahap-4
01/17/2025,10,30,30,10:30:30,240,Tahap-4
01/17/2025,10,30,30,10:30:30,-208,Tahap-4
01/17/2025,10,30,55,10:30:55,2254,Tahap-4
01/17/2025,10,30,55,10:30:55,741,Tahap-4
01/17/2025,10,30,55,10:30:55,571,Tahap-4
01/17/2025,10,30,55,10:30:55,460,Tahap-4
01/17/2025,10,30,55,10:30:55,311,Tahap-4
01/17/2025,10,30,55,10:30:55,102,Tahap-4
01/17/2025,10,30,55,10:30:55,229,Tahap-4
01/17/2025,10,30,55,10:30:55,54,Tahap-4
01/17/2025,10,30,55,10:30:55,51,Tahap-4
01/17/2025,10,30,56,10:30:56,189,Tahap-4
01/17/2025,10,30,56,10:30:56,152,Tahap-4
01/17/2025,10,30,56,10:30:56,99,Tahap-4
01/17/2025,10,30,56,10:30:56,134,Tahap-4
01/17/2025,10,30,56,10:30:56,149,Tahap-4
01/17/2025,10,30,56,10:30:56,55,Tahap-4
01/17/2025,10,30,56,10:30:56,64,Tahap-4
01/17/2025,10,30,56,10:30:56,102,Tahap-4
01/17/2025,10,30,56,10:30:56,85,Tahap-4
01/17/2025,10,30,56,10:30:56,37,Tahap-4
01/17/2025,10,30,57,10:30:57,70,Tahap-4
01/17/2025,10,30,57,10:30:57,63,Tahap-4
01/17/2025,10,30,57,10:30:57,37,Tahap-4
01/17/2025,10,30,57,10:30:57,354,Tahap-4
01/17/2025,10,30,57,10:30:57,32,Tahap-4
01/17/2025,10,30,57,10:30:57,33,Tahap-4
01/17/2025,10,30,57,10:30:57,75,Tahap-4
01/17/2025,10,30,57,10:30:57,145,Tahap-4
01/17/2025,10,30,57,10:30:57,85,Tahap-4
01/17/2025,10,30,57,10:30:57,69,Tahap-4
01/17/2025,10,30,59,10:30:59,99,Tahap-4
01/17/2025,10,30,59,10:30:59,114,Tahap-4
01/17/2025,10,30,59,10:30:59,65,Tahap-4
01/17/2025,10,30,59,10:30:59,67,Tahap-4
01/17/2025,10,30,59,10:30:59,65,Tahap-4
01/17/2025,10,30,59,10:30:59,85,Tahap-4
01/17/2025,10,30,59,10:30:59,17,Tahap-4
01/17/2025,10,30,59,10:30:59,70,Tahap-4
01/17/2025,10,30,59,10:30:59,76,Tahap-4
01/17/2025,10,30,59,10:30:59,106,Tahap-4
01/17/2025,10,30,59,10:30:59,27,Tahap-4
01/17/2025,10,30,59,10:30:59,105,Tahap-4
01/17/2025,10,30,59,10:30:59,97,Tahap-4
01/17/2025,10,30,59,10:30:59,257,Tahap-4
01/17/2025,10,30,59,10:30:59,66,Tahap-4
01/17/2025,10,30,59,10:30:59,143,Tahap-4
01/17/2025,10,30,59,10:30:59,112,Tahap-4
01/17/2025,10,30,59,10:30:59,45,Tahap-4
01/17/2025,10,30,59,10:30:59,84,Tahap-4
01/17/2025,10,30,59,10:30:59,52,Tahap-4
01/17/2025,10,31,1,10:31:01,66,Tahap-4
01/17/2025,10,31,1,10:31:01,161,Tahap-4
01/17/2025,10,31,1,10:31:01,219,Tahap-4
01/17/2025,10,31,1,10:31:01,114,Tahap-4
01/17/2025,10,31,1,10:31:01,158,Tahap-4
01/17/2025,10,31,1,10:31:01,142,Tahap-4
01/17/2025,10,31,1,10:31:01,208,Tahap-4
01/17/2025,10,31,1,10:31:01,337,Tahap-4
01/17/2025,10,31,1,10:31:01,1487,Tahap-4
01/17/2025,10,31,1,10:31:01,532,Tahap-4
01/17/2025,10,31,2,10:31:02,283,Tahap-4
01/17/2025,10,31,2,10:31:02,193,Tahap-4
01/17/2025,10,31,2,10:31:02,175,Tahap-4
01/17/2025,10,31,2,10:31:02,235,Tahap-4
01/17/2025,10,31,2,10:31:02,246,Tahap-4
01/17/2025,10,31,2,10:31:02,110,Tahap-4
01/17/2025,10,31,2,10:31:02,91,Tahap-4
01/17/2025,10,31,2,10:31:02,114,Tahap-4
01/17/2025,10,31,2,10:31:02,282,Tahap-4
01/17/2025,10,31,2,10:31:02,113,Tahap-4
01/17/2025,10,31,3,10:31:03,117,Tahap-4
01/17/2025,10,31,3,10:31:03,155,Tahap-4
01/17/2025,10,31,3,10:31:03,55,Tahap-4
01/17/2025,10,31,3,10:31:03,415,Tahap-4
01/17/2025,10,31,3,10:31:03,323,Tahap-4
01/17/2025,10,31,3,10:31:03,599,Tahap-4
01/17/2025,10,31,3,10:31:03,983,Tahap-4
01/17/2025,10,31,3,10:31:03,228,Tahap-4
01/17/2025,10,31,3,10:31:03,193,Tahap-4
01/17/2025,10,31,3,10:31:03,344,Tahap-4
01/17/2025,10,31,4,10:31:04,516,Tahap-4
01/17/2025,10,31,4,10:31:04,1301,Tahap-4
01/17/2025,10,31,4,10:31:04,208,Tahap-4
01/17/2025,10,31,4,10:31:04,422,Tahap-4
01/17/2025,10,31,4,10:31:04,154,Tahap-4
01/17/2025,10,31,4,10:31:04,154,Tahap-4
01/17/2025,10,31,4,10:31:04,86,Tahap-4
01/17/2025,10,31,4,10:31:04,231,Tahap-4
01/17/2025,10,31,4,10:31:04,206,Tahap-4
01/17/2025,10,31,4,10:31:04,230,Tahap-4
01/17/2025,10,31,5,10:31:05,64,Tahap-4
01/17/2025,10,31,5,10:31:05,105,Tahap-4
01/17/2025,10,31,5,10:31:05,113,Tahap-4
01/17/2025,10,31,5,10:31:05,61,Tahap-4
01/17/2025,10,31,5,10:31:05,73,Tahap-4
01/17/2025,10,31,5,10:31:05,130,Tahap-4
01/17/2025,10,31,5,10:31:05,124,Tahap-4
01/17/2025,10,31,5,10:31:05,43,Tahap-4
01/17/2025,10,31,5,10:31:05,53,Tahap-4
01/17/2025,10,31,5,10:31:05,105,Tahap-4
01/17/2025,10,31,6,10:31:06,99,Tahap-4
01/17/2025,10,31,6,10:31:06,651,Tahap-4
01/17/2025,10,31,6,10:31:06,571,Tahap-4
01/17/2025,10,31,6,10:31:06,1150,Tahap-4
01/17/2025,10,31,6,10:31:06,1090,Tahap-4
01/17/2025,10,31,6,10:31:06,452,Tahap-4
01/17/2025,10,31,6,10:31:06,509,Tahap-4
01/17/2025,10,31,6,10:31:06,227,Tahap-4
01/17/2025,10,31,6,10:31:06,62,Tahap-4
01/17/2025,10,31,6,10:31:06,127,Tahap-4
01/17/2025,10,31,7,10:31:07,148,Tahap-4
01/17/2025,10,31,7,10:31:07,409,Tahap-4
01/17/2025,10,31,7,10:31:07,464,Tahap-4
01/17/2025,10,31,7,10:31:07,293,Tahap-4
01/17/2025,10,31,7,10:31:07,243,Tahap-4
01/17/2025,10,31,7,10:31:07,425,Tahap-4
01/17/2025,10,31,7,10:31:07,567,Tahap-4
01/17/2025,10,31,7,10:31:07,1131,Tahap-4
01/17/2025,10,31,7,10:31:07,172,Tahap-4
01/17/2025,10,31,7,10:31:07,-128,Tahap-4
01/17/2025,10,31,8,10:31:08,60,Tahap-4
01/17/2025,10,31,8,10:31:08,4,Tahap-4
01/17/2025,10,31,8,10:31:08,56,Tahap-4
01/17/2025,10,31,8,10:31:08,104,Tahap-4
01/17/2025,10,31,8,10:31:08,-76,Tahap-4
01/17/2025,10,31,8,10:31:08,104,Tahap-4
01/17/2025,10,31,8,10:31:08,56,Tahap-4
01/17/2025,10,31,8,10:31:08,28,Tahap-4
01/17/2025,10,31,8,10:31:08,-12,Tahap-4
01/17/2025,10,31,8,10:31:08,100,Tahap-4
01/17/2025,10,31,9,10:31:09,84,Tahap-4
01/17/2025,10,31,9,10:31:09,-4,Tahap-4
01/17/2025,10,31,9,10:31:09,16,Tahap-4
01/17/2025,10,31,9,10:31:09,32,Tahap-4
01/17/2025,10,31,9,10:31:09,124,Tahap-4
01/17/2025,10,31,9,10:31:09,-124,Tahap-4
01/17/2025,10,31,9,10:31:09,180,Tahap-4
01/17/2025,10,31,9,10:31:09,76,Tahap-4
01/17/2025,10,31,9,10:31:09,-64,Tahap-4
01/17/2025,10,31,9,10:31:09,36,Tahap-4
01/17/2025,10,31,10,10:31:10,68,Tahap-4
01/17/2025,10,31,10,10:31:10,-8,Tahap-4
01/17/2025,10,31,10,10:31:10,40,Tahap-4
01/17/2025,10,31,10,10:31:10,-12,Tahap-4
01/17/2025,10,31,10,10:31:10,-52,Tahap-4
01/17/2025,10,31,10,10:31:10,184,Tahap-4
01/17/2025,10,31,10,10:31:10,-68,Tahap-4
01/17/2025,10,31,10,10:31:10,-64,Tahap-4
01/17/2025,10,31,10,10:31:10,244,Tahap-4
01/17/2025,10,31,10,10:31:10,4,Tahap-4
01/17/2025,10,31,11,10:31:11,-24,Tahap-4
01/17/2025,10,31,11,10:31:11,136,Tahap-4
01/17/2025,10,31,11,10:31:11,48,Tahap-4
01/17/2025,10,31,11,10:31:11,-24,Tahap-4
01/17/2025,10,31,11,10:31:11,100,Tahap-4
01/17/2025,10,31,11,10:31:11,-48,Tahap-4
01/17/2025,10,31,11,10:31:11,168,Tahap-4
01/17/2025,10,31,11,10:31:11,24,Tahap-4
01/17/2025,10,31,11,10:31:11,132,Tahap-4
01/17/2025,10,31,12,10:31:12,112,Tahap-4
01/17/2025,10,31,12,10:31:12,-60,Tahap-4
01/17/2025,10,31,12,10:31:12,96,Tahap-4
01/17/2025,10,31,12,10:31:12,144,Tahap-4
01/17/2025,10,31,12,10:31:12,84,Tahap-4
01/17/2025,10,31,12,10:31:12,44,Tahap-4
01/17/2025,10,31,12,10:31:12,164,Tahap-4
01/17/2025,10,31,12,10:31:12,104,Tahap-4
01/17/2025,10,31,12,10:31:12,44,Tahap-4
01/17/2025,10,31,13,10:31:13,144,Tahap-4
01/17/2025,10,31,13,10:31:13,108,Tahap-4
01/17/2025,10,31,13,10:31:13,132,Tahap-4
01/17/2025,10,31,13,10:31:13,4,Tahap-4
01/17/2025,10,31,13,10:31:13,156,Tahap-4
01/17/2025,10,31,13,10:31:13,20,Tahap-4
01/17/2025,10,31,13,10:31:13,64,Tahap-4
01/17/2025,10,31,13,10:31:13,40,Tahap-4
01/17/2025,10,31,13,10:31:13,136,Tahap-4
01/17/2025,10,31,13,10:31:13,80,Tahap-4
01/17/2025,10,31,14,10:31:14,-52,Tahap-4
01/17/2025,10,31,14,10:31:14,164,Tahap-4
01/17/2025,10,31,14,10:31:14,68,Tahap-4
01/17/2025,10,31,14,10:31:14,56,Tahap-4
01/17/2025,10,31,14,10:31:14,56,Tahap-4
01/17/2025,10,31,14,10:31:14,104,Tahap-4
01/17/2025,10,31,14,10:31:14,60,Tahap-4
01/17/2025,10,31,14,10:31:14,4,Tahap-4
01/17/2025,10,31,14,10:31:14,88,Tahap-4
01/17/2025,10,31,14,10:31:14,4,Tahap-4
01/17/2025,10,31,15,10:31:15,252,Tahap-4
01/17/2025,10,31,15,10:31:15,-104,Tahap-4
01/17/2025,10,31,15,10:31:15,116,Tahap-4
01/17/2025,10,31,15,10:31:15,96,Tahap-4
01/17/2025,10,31,15,10:31:15,32,Tahap-4
01/17/2025,10,31,15,10:31:15,-20,Tahap-4
01/17/2025,10,31,15,10:31:15,148,Tahap-4
01/17/2025,10,31,15,10:31:15,84,Tahap-4
01/17/2025,10,31,15,10:31:15,88,Tahap-4
01/17/2025,10,31,16,10:31:16,28,Tahap-4
01/17/2025,10,31,16,10:31:16,132,Tahap-4
01/17/2025,10,31,16,10:31:16,140,Tahap-4
01/17/2025,10,31,16,10:31:16,-108,Tahap-4
01/17/2025,10,31,16,10:31:16,228,Tahap-4
01/17/2025,10,31,16,10:31:16,40,Tahap-4
01/17/2025,10,31,16,10:31:16,-36,Tahap-4
01/17/2025,10,31,16,10:31:16,232,Tahap-4
01/17/2025,10,31,16,10:31:16,-64,Tahap-4
01/17/2025,10,31,17,10:31:17,84,Tahap-4
01/17/2025,10,31,17,10:31:17,-28,Tahap-4
01/17/2025,10,31,17,10:31:17,32,Tahap-4
01/17/2025,10,31,17,10:31:17,124,Tahap-4
01/17/2025,10,31,17,10:31:17,-16,Tahap-4
01/17/2025,10,31,17,10:31:17,72,Tahap-4
01/17/2025,10,31,17,10:31:17,124,Tahap-4
01/17/2025,10,31,17,10:31:17,-20,Tahap-4
01/17/2025,10,31,17,10:31:17,12,Tahap-4
01/17/2025,10,31,17,10:31:17,124,Tahap-4
01/17/2025,10,31,18,10:31:18,116,Tahap-4
01/17/2025,10,31,18,10:31:18,-80,Tahap-4
01/17/2025,10,31,18,10:31:18,140,Tahap-4
01/17/2025,10,31,18,10:31:18,-60,Tahap-4
01/17/2025,10,31,18,10:31:18,240,Tahap-4
01/17/2025,10,31,18,10:31:18,-96,Tahap-4
01/17/2025,10,31,18,10:31:18,148,Tahap-4
01/17/2025,10,31,18,10:31:18,44,Tahap-4
01/17/2025,10,31,18,10:31:18,116,Tahap-4
01/17/2025,10,31,18,10:31:18,-16,Tahap-4
01/17/2025,10,31,19,10:31:19,60,Tahap-4
01/17/2025,10,31,19,10:31:19,56,Tahap-4
01/17/2025,10,31,19,10:31:19,-12,Tahap-4
01/17/2025,10,31,19,10:31:19,-28,Tahap-4
01/17/2025,10,31,19,10:31:19,-8,Tahap-4
01/17/2025,10,31,19,10:31:19,100,Tahap-4
01/17/2025,10,31,19,10:31:19,-8,Tahap-4
01/17/2025,10,31,19,10:31:19,-112,Tahap-4
01/17/2025,10,31,19,10:31:19,256,Tahap-4
01/17/2025,10,31,19,10:31:19,-124,Tahap-4
01/17/2025,10,31,20,10:31:20,44,Tahap-4
01/17/2025,10,31,20,10:31:20,-88,Tahap-4
01/17/2025,10,31,20,10:31:20,112,Tahap-4
01/17/2025,10,31,20,10:31:20,-128,Tahap-4
01/17/2025,10,31,20,10:31:20,100,Tahap-4
01/17/2025,10,31,20,10:31:20,-124,Tahap-4
01/17/2025,10,31,20,10:31:20,56,Tahap-4
01/17/2025,10,31,45,10:31:45,2372,Tahap-4
01/17/2025,10,31,45,10:31:45,1669,Tahap-4
01/17/2025,10,31,45,10:31:45,955,Tahap-4
01/17/2025,10,31,45,10:31:45,452,Tahap-4
01/17/2025,10,31,45,10:31:45,376,Tahap-4
01/17/2025,10,31,45,10:31:45,243,Tahap-4
01/17/2025,10,31,45,10:31:45,353,Tahap-4
01/17/2025,10,31,45,10:31:45,320,Tahap-4
01/17/2025,10,31,45,10:31:45,227,Tahap-4
01/17/2025,10,31,45,10:31:45,260,Tahap-4
01/17/2025,10,31,46,10:31:46,201,Tahap-4
01/17/2025,10,31,46,10:31:46,170,Tahap-4
01/17/2025,10,31,46,10:31:46,191,Tahap-4
01/17/2025,10,31,46,10:31:46,149,Tahap-4
01/17/2025,10,31,46,10:31:46,128,Tahap-4
01/17/2025,10,31,46,10:31:46,217,Tahap-4
01/17/2025,10,31,46,10:31:46,59,Tahap-4
01/17/2025,10,31,46,10:31:46,124,Tahap-4
01/17/2025,10,31,46,10:31:46,106,Tahap-4
01/17/2025,10,31,46,10:31:46,123,Tahap-4
01/17/2025,10,31,47,10:31:47,170,Tahap-4
01/17/2025,10,31,47,10:31:47,162,Tahap-4
01/17/2025,10,31,47,10:31:47,230,Tahap-4
01/17/2025,10,31,47,10:31:47,55,Tahap-4
01/17/2025,10,31,47,10:31:47,86,Tahap-4
01/17/2025,10,31,47,10:31:47,164,Tahap-4
01/17/2025,10,31,47,10:31:47,228,Tahap-4
01/17/2025,10,31,47,10:31:47,119,Tahap-4
01/17/2025,10,31,47,10:31:47,118,Tahap-4
01/17/2025,10,31,47,10:31:47,180,Tahap-4
01/17/2025,10,31,48,10:31:48,139,Tahap-4
01/17/2025,10,31,48,10:31:48,116,Tahap-4
01/17/2025,10,31,48,10:31:48,237,Tahap-4
01/17/2025,10,31,48,10:31:48,6,Tahap-4
01/17/2025,10,31,48,10:31:48,68,Tahap-4
01/17/2025,10,31,48,10:31:48,108,Tahap-4
01/17/2025,10,31,48,10:31:48,55,Tahap-4
01/17/2025,10,31,48,10:31:48,42,Tahap-4
01/17/2025,10,31,48,10:31:48,36,Tahap-4
01/17/2025,10,31,48,10:31:48,105,Tahap-4
01/17/2025,10,31,49,10:31:49,106,Tahap-4
01/17/2025,10,31,49,10:31:49,143,Tahap-4
01/17/2025,10,31,49,10:31:49,212,Tahap-4
01/17/2025,10,31,49,10:31:49,253,Tahap-4
01/17/2025,10,31,49,10:31:49,218,Tahap-4
01/17/2025,10,31,49,10:31:49,73,Tahap-4
01/17/2025,10,31,49,10:31:49,144,Tahap-4
01/17/2025,10,31,49,10:31:49,62,Tahap-4
01/17/2025,10,31,49,10:31:49,91,Tahap-4
01/17/2025,10,31,49,10:31:49,100,Tahap-4
01/17/2025,10,31,50,10:31:50,13,Tahap-4
01/17/2025,10,31,50,10:31:50,74,Tahap-4
01/17/2025,10,31,50,10:31:50,143,Tahap-4
01/17/2025,10,31,50,10:31:50,129,Tahap-4
01/17/2025,10,31,50,10:31:50,269,Tahap-4
01/17/2025,10,31,50,10:31:50,110,Tahap-4
01/17/2025,10,31,50,10:31:50,75,Tahap-4
01/17/2025,10,31,50,10:31:50,61,Tahap-4
01/17/2025,10,31,50,10:31:50,195,Tahap-4
01/17/2025,10,31,50,10:31:50,100,Tahap-4
01/17/2025,10,31,51,10:31:51,155,Tahap-4
01/17/2025,10,31,51,10:31:51,34,Tahap-4
01/17/2025,10,31,51,10:31:51,151,Tahap-4
01/17/2025,10,31,51,10:31:51,85,Tahap-4
01/17/2025,10,31,51,10:31:51,210,Tahap-4
01/17/2025,10,31,51,10:31:51,307,Tahap-4
01/17/2025,10,31,51,10:31:51,297,Tahap-4
01/17/2025,10,31,51,10:31:51,1209,Tahap-4
01/17/2025,10,31,51,10:31:51,363,Tahap-4
01/17/2025,10,31,51,10:31:51,507,Tahap-4
01/17/2025,10,31,52,10:31:52,667,Tahap-4
01/17/2025,10,31,52,10:31:52,245,Tahap-4
01/17/2025,10,31,52,10:31:52,203,Tahap-4
01/17/2025,10,31,52,10:31:52,204,Tahap-4
01/17/2025,10,31,52,10:31:52,243,Tahap-4
01/17/2025,10,31,52,10:31:52,278,Tahap-4
01/17/2025,10,31,52,10:31:52,107,Tahap-4
01/17/2025,10,31,52,10:31:52,221,Tahap-4
01/17/2025,10,31,52,10:31:52,181,Tahap-4
01/17/2025,10,31,52,10:31:52,56,Tahap-4
01/17/2025,10,31,53,10:31:53,17,Tahap-4
01/17/2025,10,31,53,10:31:53,124,Tahap-4
01/17/2025,10,31,53,10:31:53,270,Tahap-4
01/17/2025,10,31,53,10:31:53,177,Tahap-4
01/17/2025,10,31,53,10:31:53,141,Tahap-4
01/17/2025,10,31,53,10:31:53,365,Tahap-4
01/17/2025,10,31,53,10:31:53,404,Tahap-4
01/17/2025,10,31,53,10:31:53,314,Tahap-4
01/17/2025,10,31,53,10:31:53,259,Tahap-4
01/17/2025,10,31,53,10:31:53,879,Tahap-4
01/17/2025,10,31,54,10:31:54,795,Tahap-4
01/17/2025,10,31,54,10:31:54,310,Tahap-4
01/17/2025,10,31,54,10:31:54,385,Tahap-4
01/17/2025,10,31,54,10:31:54,361,Tahap-4
01/17/2025,10,31,54,10:31:54,82,Tahap-4
01/17/2025,10,31,54,10:31:54,294,Tahap-4
01/17/2025,10,31,54,10:31:54,120,Tahap-4
01/17/2025,10,31,54,10:31:54,217,Tahap-4
01/17/2025,10,31,54,10:31:54,346,Tahap-4
01/17/2025,10,31,54,10:31:54,69,Tahap-4
01/17/2025,10,31,55,10:31:55,223,Tahap-4
01/17/2025,10,31,55,10:31:55,111,Tahap-4
01/17/2025,10,31,55,10:31:55,90,Tahap-4
01/17/2025,10,31,55,10:31:55,160,Tahap-4
01/17/2025,10,31,55,10:31:55,210,Tahap-4
01/17/2025,10,31,55,10:31:55,211,Tahap-4
01/17/2025,10,31,55,10:31:55,81,Tahap-4
01/17/2025,10,31,55,10:31:55,151,Tahap-4
01/17/2025,10,31,55,10:31:55,375,Tahap-4
01/17/2025,10,31,55,10:31:55,730,Tahap-4
01/17/2025,10,31,56,10:31:56,188,Tahap-4
01/17/2025,10,31,56,10:31:56,232,Tahap-4
01/17/2025,10,31,56,10:31:56,1181,Tahap-4
01/17/2025,10,31,56,10:31:56,905,Tahap-4
01/17/2025,10,31,56,10:31:56,359,Tahap-4
01/17/2025,10,31,56,10:31:56,273,Tahap-4
01/17/2025,10,31,56,10:31:56,103,Tahap-4
01/17/2025,10,31,56,10:31:56,201,Tahap-4
01/17/2025,10,31,56,10:31:56,272,Tahap-4
01/17/2025,10,31,56,10:31:56,52,Tahap-4
01/17/2025,10,31,57,10:31:57,158,Tahap-4
01/17/2025,10,31,57,10:31:57,238,Tahap-4
01/17/2025,10,31,57,10:31:57,70,Tahap-4
01/17/2025,10,31,57,10:31:57,281,Tahap-4
01/17/2025,10,31,57,10:31:57,257,Tahap-4
01/17/2025,10,31,57,10:31:57,368,Tahap-4
01/17/2025,10,31,57,10:31:57,494,Tahap-4
01/17/2025,10,31,57,10:31:57,-48,Tahap-4
01/17/2025,10,31,57,10:31:57,12,Tahap-4
01/17/2025,10,31,57,10:31:57,-64,Tahap-4
01/17/2025,10,31,59,10:31:59,112,Tahap-4
01/17/2025,10,31,59,10:31:59,36,Tahap-4
01/17/2025,10,31,59,10:31:59,-20,Tahap-4
01/17/2025,10,31,59,10:31:59,64,Tahap-4
01/17/2025,10,31,59,10:31:59,16,Tahap-4
01/17/2025,10,31,59,10:31:59,-52,Tahap-4
01/17/2025,10,31,59,10:31:59,-24,Tahap-4
01/17/2025,10,31,59,10:31:59,124,Tahap-4
01/17/2025,10,31,59,10:31:59,-72,Tahap-4
01/17/2025,10,31,59,10:31:59,64,Tahap-4
01/17/2025,10,31,59,10:31:59,-16,Tahap-4
01/17/2025,10,31,59,10:31:59,20,Tahap-4
01/17/2025,10,31,59,10:31:59,148,Tahap-4
01/17/2025,10,31,59,10:31:59,-108,Tahap-4
01/17/2025,10,31,59,10:31:59,108,Tahap-4
01/17/2025,10,31,59,10:31:59,20,Tahap-4
01/17/2025,10,31,59,10:31:59,28,Tahap-4
01/17/2025,10,31,59,10:31:59,-68,Tahap-4
01/17/2025,10,31,59,10:31:59,172,Tahap-4
01/17/2025,10,31,59,10:31:59,8,Tahap-4
01/17/2025,10,32,1,10:32:01,128,Tahap-4
01/17/2025,10,32,1,10:32:01,-100,Tahap-4
01/17/2025,10,32,1,10:32:01,60,Tahap-4
01/17/2025,10,32,1,10:32:01,-4,Tahap-4
01/17/2025,10,32,1,10:32:01,92,Tahap-4
01/17/2025,10,32,1,10:32:01,20,Tahap-4
01/17/2025,10,32,1,10:32:01,-56,Tahap-4
01/17/2025,10,32,1,10:32:01,184,Tahap-4
01/17/2025,10,32,1,10:32:01,-36,Tahap-4
01/17/2025,10,32,1,10:32:01,24,Tahap-4
01/17/2025,10,32,2,10:32:02,-16,Tahap-4
01/17/2025,10,32,2,10:32:02,152,Tahap-4
01/17/2025,10,32,2,10:32:02,-40,Tahap-4
01/17/2025,10,32,2,10:32:02,40,Tahap-4
01/17/2025,10,32,2,10:32:02,-28,Tahap-4
01/17/2025,10,32,2,10:32:02,116,Tahap-4
01/17/2025,10,32,2,10:32:02,64,Tahap-4
01/17/2025,10,32,2,10:32:02,-116,Tahap-4
01/17/2025,10,32,2,10:32:02,164,Tahap-4
01/17/2025,10,32,2,10:32:02,-12,Tahap-4
01/17/2025,10,32,3,10:32:03,-32,Tahap-4
01/17/2025,10,32,3,10:32:03,-28,Tahap-4
01/17/2025,10,32,3,10:32:03,72,Tahap-4
01/17/2025,10,32,3,10:32:03,-12,Tahap-4
01/17/2025,10,32,3,10:32:03,20,Tahap-4
01/17/2025,10,32,3,10:32:03,72,Tahap-4
01/17/2025,10,32,3,10:32:03,-4,Tahap-4
01/17/2025,10,32,3,10:32:03,180,Tahap-4
01/17/2025,10,32,3,10:32:03,-100,Tahap-4
01/17/2025,10,32,3,10:32:03,52,Tahap-4
01/17/2025,10,32,4,10:32:04,152,Tahap-4
01/17/2025,10,32,4,10:32:04,-56,Tahap-4
01/17/2025,10,32,4,10:32:04,-20,Tahap-4
01/17/2025,10,32,4,10:32:04,124,Tahap-4
01/17/2025,10,32,4,10:32:04,28,Tahap-4
01/17/2025,10,32,4,10:32:04,-16,Tahap-4
01/17/2025,10,32,4,10:32:04,72,Tahap-4
01/17/2025,10,32,4,10:32:04,8,Tahap-4
01/17/2025,10,32,4,10:32:04,192,Tahap-4
01/17/2025,10,32,4,10:32:04,-120,Tahap-4
01/17/2025,10,32,5,10:32:05,52,Tahap-4
01/17/2025,10,32,5,10:32:05,144,Tahap-4
01/17/2025,10,32,5,10:32:05,100,Tahap-4
01/17/2025,10,32,5,10:32:05,-124,Tahap-4
01/17/2025,10,32,5,10:32:05,196,Tahap-4
01/17/2025,10,32,5,10:32:05,84,Tahap-4
01/17/2025,10,32,5,10:32:05,-24,Tahap-4
01/17/2025,10,32,5,10:32:05,44,Tahap-4
01/17/2025,10,32,5,10:32:05,104,Tahap-4
01/17/2025,10,32,5,10:32:05,160,Tahap-4
01/17/2025,10,32,6,10:32:06,60,Tahap-4
01/17/2025,10,32,6,10:32:06,100,Tahap-4
01/17/2025,10,32,6,10:32:06,52,Tahap-4
01/17/2025,10,32,6,10:32:06,136,Tahap-4
01/17/2025,10,32,6,10:32:06,-32,Tahap-4
01/17/2025,10,32,6,10:32:06,196,Tahap-4
01/17/2025,10,32,6,10:32:06,16,Tahap-4
01/17/2025,10,32,6,10:32:06,148,Tahap-4
01/17/2025,10,32,6,10:32:06,136,Tahap-4
01/17/2025,10,32,7,10:32:07,12,Tahap-4
01/17/2025,10,32,7,10:32:07,148,Tahap-4
01/17/2025,10,32,7,10:32:07,80,Tahap-4
01/17/2025,10,32,7,10:32:07,108,Tahap-4
01/17/2025,10,32,7,10:32:07,48,Tahap-4
01/17/2025,10,32,7,10:32:07,188,Tahap-4
01/17/2025,10,32,7,10:32:07,32,Tahap-4
01/17/2025,10,32,7,10:32:07,172,Tahap-4
01/17/2025,10,32,7,10:32:07,104,Tahap-4
01/17/2025,10,32,8,10:32:08,204,Tahap-4
01/17/2025,10,32,8,10:32:08,-44,Tahap-4
01/17/2025,10,32,8,10:32:08,216,Tahap-4
01/17/2025,10,32,8,10:32:08,96,Tahap-4
01/17/2025,10,32,8,10:32:08,112,Tahap-4
01/17/2025,10,32,8,10:32:08,76,Tahap-4
01/17/2025,10,32,8,10:32:08,128,Tahap-4
01/17/2025,10,32,8,10:32:08,128,Tahap-4
01/17/2025,10,32,8,10:32:08,48,Tahap-4
01/17/2025,10,32,8,10:32:08,140,Tahap-4
01/17/2025,10,32,9,10:32:09,24,Tahap-4
01/17/2025,10,32,9,10:32:09,228,Tahap-4
01/17/2025,10,32,9,10:32:09,132,Tahap-4
01/17/2025,10,32,9,10:32:09,248,Tahap-4
01/17/2025,10,32,9,10:32:09,12,Tahap-4
01/17/2025,10,32,9,10:32:09,168,Tahap-4
01/17/2025,10,32,9,10:32:09,92,Tahap-4
01/17/2025,10,32,9,10:32:09,168,Tahap-4
01/17/2025,10,32,9,10:32:09,40,Tahap-4
01/17/2025,10,32,10,10:32:10,128,Tahap-4
01/17/2025,10,32,10,10:32:10,72,Tahap-4
01/17/2025,10,32,10,10:32:10,152,Tahap-4
01/17/2025,10,32,10,10:32:10,204,Tahap-4
01/17/2025,10,32,10,10:32:10,-20,Tahap-4
01/17/2025,10,32,10,10:32:10,300,Tahap-4
01/17/2025,10,32,35,10:32:35,4686,Tahap-4
01/17/2025,10,32,35,10:32:35,1714,Tahap-4
01/17/2025,10,32,35,10:32:35,938,Tahap-4
01/17/2025,10,32,35,10:32:35,785,Tahap-4
01/17/2025,10,32,35,10:32:35,783,Tahap-4
01/17/2025,10,32,35,10:32:35,429,Tahap-4
01/17/2025,10,32,35,10:32:35,574,Tahap-4
01/17/2025,10,32,35,10:32:35,580,Tahap-4
01/17/2025,10,32,35,10:32:35,385,Tahap-4
01/17/2025,10,32,35,10:32:35,276,Tahap-4
01/17/2025,10,32,35,10:32:35,370,Tahap-4
01/17/2025,10,32,36,10:32:36,217,Tahap-4
01/17/2025,10,32,36,10:32:36,259,Tahap-4
01/17/2025,10,32,36,10:32:36,268,Tahap-4
01/17/2025,10,32,36,10:32:36,264,Tahap-4
01/17/2025,10,32,36,10:32:36,204,Tahap-4
01/17/2025,10,32,36,10:32:36,199,Tahap-4
01/17/2025,10,32,36,10:32:36,137,Tahap-4
01/17/2025,10,32,36,10:32:36,175,Tahap-4
01/17/2025,10,32,36,10:32:36,216,Tahap-4
01/17/2025,10,32,36,10:32:36,284,Tahap-4
01/17/2025,10,32,37,10:32:37,89,Tahap-4
01/17/2025,10,32,37,10:32:37,381,Tahap-4
01/17/2025,10,32,37,10:32:37,133,Tahap-4
01/17/2025,10,32,37,10:32:37,226,Tahap-4
01/17/2025,10,32,37,10:32:37,146,Tahap-4
01/17/2025,10,32,37,10:32:37,112,Tahap-4
01/17/2025,10,32,37,10:32:37,161,Tahap-4
01/17/2025,10,32,37,10:32:37,295,Tahap-4
01/17/2025,10,32,37,10:32:37,50,Tahap-4
01/17/2025,10,32,37,10:32:37,147,Tahap-4
01/17/2025,10,32,38,10:32:38,159,Tahap-4
01/17/2025,10,32,38,10:32:38,121,Tahap-4
01/17/2025,10,32,38,10:32:38,132,Tahap-4
01/17/2025,10,32,38,10:32:38,164,Tahap-4
01/17/2025,10,32,38,10:32:38,244,Tahap-4
01/17/2025,10,32,38,10:32:38,110,Tahap-4
01/17/2025,10,32,38,10:32:38,102,Tahap-4
01/17/2025,10,32,38,10:32:38,84,Tahap-4
01/17/2025,10,32,38,10:32:38,106,Tahap-4
01/17/2025,10,32,38,10:32:38,157,Tahap-4
01/17/2025,10,32,39,10:32:39,126,Tahap-4
01/17/2025,10,32,39,10:32:39,238,Tahap-4
01/17/2025,10,32,39,10:32:39,91,Tahap-4
01/17/2025,10,32,39,10:32:39,302,Tahap-4
01/17/2025,10,32,39,10:32:39,222,Tahap-4
01/17/2025,10,32,39,10:32:39,172,Tahap-4
01/17/2025,10,32,39,10:32:39,133,Tahap-4
01/17/2025,10,32,39,10:32:39,123,Tahap-4
01/17/2025,10,32,39,10:32:39,96,Tahap-4
01/17/2025,10,32,39,10:32:39,107,Tahap-4
01/17/2025,10,32,40,10:32:40,121,Tahap-4
01/17/2025,10,32,40,10:32:40,184,Tahap-4
01/17/2025,10,32,40,10:32:40,96,Tahap-4
01/17/2025,10,32,40,10:32:40,236,Tahap-4
01/17/2025,10,32,40,10:32:40,120,Tahap-4
01/17/2025,10,32,40,10:32:40,133,Tahap-4
01/17/2025,10,32,40,10:32:40,70,Tahap-4
01/17/2025,10,32,40,10:32:40,120,Tahap-4
01/17/2025,10,32,40,10:32:40,111,Tahap-4
01/17/2025,10,32,40,10:32:40,253,Tahap-4
01/17/2025,10,32,41,10:32:41,120,Tahap-4
01/17/2025,10,32,41,10:32:41,112,Tahap-4
01/17/2025,10,32,41,10:32:41,144,Tahap-4
01/17/2025,10,32,41,10:32:41,296,Tahap-4
01/17/2025,10,32,41,10:32:41,236,Tahap-4
01/17/2025,10,32,41,10:32:41,1083,Tahap-4
01/17/2025,10,32,41,10:32:41,666,Tahap-4
01/17/2025,10,32,41,10:32:41,558,Tahap-4
01/17/2025,10,32,41,10:32:41,399,Tahap-4
01/17/2025,10,32,41,10:32:41,434,Tahap-4
01/17/2025,10,32,42,10:32:42,124,Tahap-4
01/17/2025,10,32,42,10:32:42,170,Tahap-4
01/17/2025,10,32,42,10:32:42,118,Tahap-4
01/17/2025,10,32,42,10:32:42,192,Tahap-4
01/17/2025,10,32,42,10:32:42,158,Tahap-4
01/17/2025,10,32,42,10:32:42,129,Tahap-4
01/17/2025,10,32,42,10:32:42,82,Tahap-4
01/17/2025,10,32,42,10:32:42,55,Tahap-4
01/17/2025,10,32,42,10:32:42,124,Tahap-4
01/17/2025,10,32,42,10:32:42,67,Tahap-4
01/17/2025,10,32,43,10:32:43,66,Tahap-4
01/17/2025,10,32,43,10:32:43,124,Tahap-4
01/17/2025,10,32,43,10:32:43,133,Tahap-4
01/17/2025,10,32,43,10:32:43,185,Tahap-4
01/17/2025,10,32,43,10:32:43,1087,Tahap-4
01/17/2025,10,32,43,10:32:43,108,Tahap-4
01/17/2025,10,32,43,10:32:43,286,Tahap-4
01/17/2025,10,32,43,10:32:43,291,Tahap-4
01/17/2025,10,32,43,10:32:43,1361,Tahap-4
01/17/2025,10,32,43,10:32:43,366,Tahap-4
01/17/2025,10,32,44,10:32:44,594,Tahap-4
01/17/2025,10,32,44,10:32:44,203,Tahap-4
01/17/2025,10,32,44,10:32:44,223,Tahap-4
01/17/2025,10,32,44,10:32:44,177,Tahap-4
01/17/2025,10,32,44,10:32:44,113,Tahap-4
01/17/2025,10,32,44,10:32:44,77,Tahap-4
01/17/2025,10,32,44,10:32:44,217,Tahap-4
01/17/2025,10,32,44,10:32:44,226,Tahap-4
01/17/2025,10,32,44,10:32:44,240,Tahap-4
01/17/2025,10,32,44,10:32:44,214,Tahap-4
01/17/2025,10,32,45,10:32:45,90,Tahap-4
01/17/2025,10,32,45,10:32:45,120,Tahap-4
01/17/2025,10,32,45,10:32:45,199,Tahap-4
01/17/2025,10,32,45,10:32:45,198,Tahap-4
01/17/2025,10,32,45,10:32:45,56,Tahap-4
01/17/2025,10,32,45,10:32:45,165,Tahap-4
01/17/2025,10,32,45,10:32:45,319,Tahap-4
01/17/2025,10,32,45,10:32:45,656,Tahap-4
01/17/2025,10,32,45,10:32:45,353,Tahap-4
01/17/2025,10,32,45,10:32:45,691,Tahap-4
01/17/2025,10,32,46,10:32:46,845,Tahap-4
01/17/2025,10,32,46,10:32:46,978,Tahap-4
01/17/2025,10,32,46,10:32:46,448,Tahap-4
01/17/2025,10,32,46,10:32:46,675,Tahap-4
01/17/2025,10,32,46,10:32:46,509,Tahap-4
01/17/2025,10,32,46,10:32:46,27,Tahap-4
01/17/2025,10,32,46,10:32:46,82,Tahap-4
01/17/2025,10,32,46,10:32:46,230,Tahap-4
01/17/2025,10,32,46,10:32:46,148,Tahap-4
01/17/2025,10,32,46,10:32:46,161,Tahap-4
01/17/2025,10,32,47,10:32:47,332,Tahap-4
01/17/2025,10,32,47,10:32:47,215,Tahap-4
01/17/2025,10,32,47,10:32:47,330,Tahap-4
01/17/2025,10,32,47,10:32:47,178,Tahap-4
01/17/2025,10,32,47,10:32:47,223,Tahap-4
01/17/2025,10,32,47,10:32:47,1585,Tahap-4
01/17/2025,10,32,47,10:32:47,-36,Tahap-4
01/17/2025,10,32,47,10:32:47,-48,Tahap-4
01/17/2025,10,32,47,10:32:47,4,Tahap-4
01/17/2025,10,32,47,10:32:47,-40,Tahap-4
01/17/2025,10,32,48,10:32:48,80,Tahap-4
01/17/2025,10,32,48,10:32:48,-128,Tahap-4
01/17/2025,10,32,48,10:32:48,88,Tahap-4
01/17/2025,10,32,48,10:32:48,16,Tahap-4
01/17/2025,10,32,48,10:32:48,16,Tahap-4
01/17/2025,10,32,48,10:32:48,-140,Tahap-4
01/17/2025,10,32,48,10:32:48,208,Tahap-4
01/17/2025,10,32,48,10:32:48,-176,Tahap-4
01/17/2025,10,32,48,10:32:48,72,Tahap-4
01/17/2025,10,32,48,10:32:48,-44,Tahap-4
01/17/2025,10,32,49,10:32:49,52,Tahap-4
01/17/2025,10,32,49,10:32:49,108,Tahap-4
01/17/2025,10,32,49,10:32:49,-28,Tahap-4
01/17/2025,10,32,49,10:32:49,24,Tahap-4
01/17/2025,10,32,49,10:32:49,68,Tahap-4
01/17/2025,10,32,49,10:32:49,60,Tahap-4
01/17/2025,10,32,49,10:32:49,-8,Tahap-4
01/17/2025,10,32,49,10:32:49,64,Tahap-4
01/17/2025,10,32,49,10:32:49,132,Tahap-4
01/17/2025,10,32,49,10:32:49,-92,Tahap-4
01/17/2025,10,32,50,10:32:50,148,Tahap-4
01/17/2025,10,32,50,10:32:50,-64,Tahap-4
01/17/2025,10,32,50,10:32:50,140,Tahap-4
01/17/2025,10,32,50,10:32:50,20,Tahap-4
01/17/2025,10,32,50,10:32:50,-8,Tahap-4
01/17/2025,10,32,50,10:32:50,176,Tahap-4
01/17/2025,10,32,50,10:32:50,24,Tahap-4
01/17/2025,10,32,50,10:32:50,144,Tahap-4
01/17/2025,10,32,50,10:32:50,-40,Tahap-4
01/17/2025,10,32,50,10:32:50,148,Tahap-4
01/17/2025,10,32,51,10:32:51,4,Tahap-4
01/17/2025,10,32,51,10:32:51,44,Tahap-4
01/17/2025,10,32,51,10:32:51,80,Tahap-4
01/17/2025,10,32,51,10:32:51,72,Tahap-4
01/17/2025,10,32,51,10:32:51,244,Tahap-4
01/17/2025,10,32,51,10:32:51,-132,Tahap-4
01/17/2025,10,32,51,10:32:51,200,Tahap-4
01/17/2025,10,32,51,10:32:51,64,Tahap-4
01/17/2025,10,32,51,10:32:51,4,Tahap-4
01/17/2025,10,32,51,10:32:51,80,Tahap-4
01/17/2025,10,32,52,10:32:52,84,Tahap-4
01/17/2025,10,32,52,10:32:52,96,Tahap-4
01/17/2025,10,32,52,10:32:52,8,Tahap-4
01/17/2025,10,32,52,10:32:52,132,Tahap-4
01/17/2025,10,32,52,10:32:52,48,Tahap-4
01/17/2025,10,32,52,10:32:52,272,Tahap-4
01/17/2025,10,32,52,10:32:52,48,Tahap-4
01/17/2025,10,32,52,10:32:52,28,Tahap-4
01/17/2025,10,32,52,10:32:52,276,Tahap-4
01/17/2025,10,32,52,10:32:52,44,Tahap-4
01/17/2025,10,32,53,10:32:53,104,Tahap-4
01/17/2025,10,32,53,10:32:53,144,Tahap-4
01/17/2025,10,32,53,10:32:53,164,Tahap-4
01/17/2025,10,32,53,10:32:53,88,Tahap-4
01/17/2025,10,32,53,10:32:53,128,Tahap-4
01/17/2025,10,32,53,10:32:53,88,Tahap-4
01/17/2025,10,32,53,10:32:53,88,Tahap-4
01/17/2025,10,32,53,10:32:53,284,Tahap-4
01/17/2025,10,32,53,10:32:53,-96,Tahap-4
01/17/2025,10,32,53,10:32:53,248,Tahap-4
01/17/2025,10,32,54,10:32:54,112,Tahap-4
01/17/2025,10,32,54,10:32:54,96,Tahap-4
01/17/2025,10,32,54,10:32:54,156,Tahap-4
01/17/2025,10,32,54,10:32:54,224,Tahap-4
01/17/2025,10,32,54,10:32:54,40,Tahap-4
01/17/2025,10,32,54,10:32:54,72,Tahap-4
01/17/2025,10,32,54,10:32:54,136,Tahap-4
01/17/2025,10,32,54,10:32:54,88,Tahap-4
01/17/2025,10,32,54,10:32:54,204,Tahap-4
01/17/2025,10,32,54,10:32:54,96,Tahap-4
01/17/2025,10,32,55,10:32:55,72,Tahap-4
01/17/2025,10,32,55,10:32:55,276,Tahap-4
01/17/2025,10,32,55,10:32:55,76,Tahap-4
01/17/2025,10,32,55,10:32:55,128,Tahap-4
01/17/2025,10,32,55,10:32:55,144,Tahap-4
01/17/2025,10,32,55,10:32:55,216,Tahap-4
01/17/2025,10,32,55,10:32:55,12,Tahap-4
01/17/2025,10,32,55,10:32:55,212,Tahap-4
01/17/2025,10,32,55,10:32:55,28,Tahap-4
01/17/2025,10,32,55,10:32:55,304,Tahap-4
01/17/2025,10,32,56,10:32:56,112,Tahap-4
01/17/2025,10,32,56,10:32:56,188,Tahap-4
01/17/2025,10,32,56,10:32:56,196,Tahap-4
01/17/2025,10,32,56,10:32:56,168,Tahap-4
01/17/2025,10,32,56,10:32:56,84,Tahap-4
01/17/2025,10,32,56,10:32:56,200,Tahap-4
01/17/2025,10,32,56,10:32:56,224,Tahap-4
01/17/2025,10,32,56,10:32:56,132,Tahap-4
01/17/2025,10,32,56,10:32:56,88,Tahap-4
01/17/2025,10,32,56,10:32:56,132,Tahap-4
01/17/2025,10,32,57,10:32:57,220,Tahap-4
01/17/2025,10,32,57,10:32:57,200,Tahap-4
01/17/2025,10,32,57,10:32:57,44,Tahap-4
01/17/2025,10,32,57,10:32:57,304,Tahap-4
01/17/2025,10,32,57,10:32:57,124,Tahap-4
01/17/2025,10,32,57,10:32:57,132,Tahap-4
01/17/2025,10,32,57,10:32:57,104,Tahap-4
01/17/2025,10,32,57,10:32:57,236,Tahap-4
01/17/2025,10,32,57,10:32:57,80,Tahap-4
01/17/2025,10,32,57,10:32:57,180,Tahap-4
01/17/2025,10,32,59,10:32:59,88,Tahap-4
01/17/2025,10,32,59,10:32:59,196,Tahap-4
01/17/2025,10,32,59,10:32:59,216,Tahap-4
01/17/2025,10,32,59,10:32:59,32,Tahap-4
01/17/2025,10,32,59,10:32:59,268,Tahap-4
01/17/2025,10,32,59,10:32:59,264,Tahap-4
01/17/2025,10,32,59,10:32:59,52,Tahap-4
01/17/2025,10,32,59,10:32:59,208,Tahap-4
01/17/2025,10,32,59,10:32:59,200,Tahap-4
01/17/2025,10,32,59,10:32:59,208,Tahap-4
01/17/2025,10,32,59,10:32:59,112,Tahap-4
01/17/2025,10,32,59,10:32:59,236,Tahap-4
01/17/2025,10,32,59,10:32:59,88,Tahap-4
01/17/2025,10,32,59,10:32:59,352,Tahap-4
01/17/2025,10,32,59,10:32:59,84,Tahap-4
01/17/2025,10,32,59,10:32:59,184,Tahap-4
01/17/2025,10,32,59,10:32:59,304,Tahap-4
01/17/2025,10,32,59,10:32:59,204,Tahap-4
01/17/2025,10,32,59,10:32:59,68,Tahap-4
01/17/2025,10,32,59,10:32:59,276,Tahap-4
01/17/2025,10,33,24,10:33:24,1267,Tahap-4
01/17/2025,10,33,25,10:33:25,506,Tahap-4
01/17/2025,10,33,25,10:33:25,89,Tahap-4
01/17/2025,10,33,25,10:33:25,247,Tahap-4
01/17/2025,10,33,25,10:33:25,172,Tahap-4
01/17/2025,10,33,25,10:33:25,143,Tahap-4
01/17/2025,10,33,25,10:33:25,44,Tahap-4
01/17/2025,10,33,25,10:33:25,229,Tahap-4
01/17/2025,10,33,25,10:33:25,108,Tahap-4
01/17/2025,10,33,25,10:33:25,122,Tahap-4
01/17/2025,10,33,25,10:33:25,88,Tahap-4
01/17/2025,10,33,26,10:33:26,127,Tahap-4
01/17/2025,10,33,26,10:33:26,46,Tahap-4
01/17/2025,10,33,26,10:33:26,10,Tahap-4
01/17/2025,10,33,26,10:33:26,187,Tahap-4
01/17/2025,10,33,26,10:33:26,101,Tahap-4
01/17/2025,10,33,26,10:33:26,23,Tahap-4
01/17/2025,10,33,26,10:33:26,82,Tahap-4
01/17/2025,10,33,26,10:33:26,21,Tahap-4
01/17/2025,10,33,26,10:33:26,31,Tahap-4
01/17/2025,10,33,26,10:33:26,140,Tahap-4
01/17/2025,10,33,27,10:33:27,11,Tahap-4
01/17/2025,10,33,27,10:33:27,381,Tahap-4
01/17/2025,10,33,27,10:33:27,154,Tahap-4
01/17/2025,10,33,27,10:33:27,46,Tahap-4
01/17/2025,10,33,27,10:33:27,34,Tahap-4
01/17/2025,10,33,27,10:33:27,73,Tahap-4
01/17/2025,10,33,27,10:33:27,51,Tahap-4
01/17/2025,10,33,27,10:33:27,160,Tahap-4
01/17/2025,10,33,27,10:33:27,87,Tahap-4
01/17/2025,10,33,27,10:33:27,102,Tahap-4
01/17/2025,10,33,28,10:33:28,25,Tahap-4
