Tanggal,Jam,Menit,Detik,Waktu,frekuensi,label
01/07/2025,12,11,27,12:11:27,-341,Tahap-0
01/07/2025,12,11,27,12:11:27,-328,Tahap-0
01/07/2025,12,11,27,12:11:27,-314,Tahap-0
01/07/2025,12,11,27,12:11:27,-272,Tahap-0
01/07/2025,12,11,27,12:11:27,-264,Tahap-0
01/07/2025,12,11,27,12:11:27,-280,Tahap-0
01/07/2025,12,11,27,12:11:27,-267,Tahap-0
01/07/2025,12,11,27,12:11:27,-284,Tahap-0
01/07/2025,12,11,27,12:11:27,-266,Tahap-0
01/07/2025,12,11,27,12:11:27,-247,Tahap-0
01/07/2025,12,11,27,12:11:27,-257,Tahap-0
01/07/2025,12,11,27,12:11:27,-279,Tahap-0
01/07/2025,12,11,27,12:11:27,-242,Tahap-0
01/07/2025,12,11,27,12:11:27,-259,Tahap-0
01/07/2025,12,11,27,12:11:27,-257,Tahap-0
01/07/2025,12,11,27,12:11:27,-213,Tahap-0
01/07/2025,12,11,27,12:11:27,-280,Tahap-0
01/07/2025,12,11,27,12:11:27,-249,Tahap-0
01/07/2025,12,11,27,12:11:27,-229,Tahap-0
01/07/2025,12,11,27,12:11:27,-246,Tahap-0
01/07/2025,12,11,27,12:11:27,-224,Tahap-0
01/07/2025,12,11,27,12:11:27,-182,Tahap-0
01/07/2025,12,11,27,12:11:27,-185,Tahap-0
01/07/2025,12,11,27,12:11:27,-148,Tahap-0
01/07/2025,12,11,27,12:11:27,-117,Tahap-0
01/07/2025,12,11,27,12:11:27,-118,Tahap-0
01/07/2025,12,11,27,12:11:27,-98,Tahap-0
01/07/2025,12,11,27,12:11:27,-119,Tahap-0
01/07/2025,12,11,28,12:11:28,-116,Tahap-0
01/07/2025,12,11,28,12:11:28,-92,Tahap-0
01/07/2025,12,11,28,12:11:28,-100,Tahap-0
01/07/2025,12,11,28,12:11:28,-109,Tahap-0
01/07/2025,12,11,28,12:11:28,-118,Tahap-0
01/07/2025,12,11,28,12:11:28,-89,Tahap-0
01/07/2025,12,11,28,12:11:28,-107,Tahap-0
01/07/2025,12,11,28,12:11:28,-94,Tahap-0
01/07/2025,12,11,28,12:11:28,-76,Tahap-0
01/07/2025,12,11,28,12:11:28,-60,Tahap-0
01/07/2025,12,11,29,12:11:29,-82,Tahap-0
01/07/2025,12,11,29,12:11:29,-48,Tahap-0
01/07/2025,12,11,29,12:11:29,-69,Tahap-0
01/07/2025,12,11,29,12:11:29,-34,Tahap-0
01/07/2025,12,11,29,12:11:29,-52,Tahap-0
01/07/2025,12,11,29,12:11:29,-62,Tahap-0
01/07/2025,12,11,29,12:11:29,-35,Tahap-0
01/07/2025,12,11,29,12:11:29,7,Tahap-0
01/07/2025,12,11,29,12:11:29,-2,Tahap-0
01/07/2025,12,11,29,12:11:29,21,Tahap-0
01/07/2025,12,11,29,12:11:29,38,Tahap-0
01/07/2025,12,11,30,12:11:30,-3,Tahap-0
01/07/2025,12,11,30,12:11:30,69,Tahap-0
01/07/2025,12,11,30,12:11:30,81,Tahap-0
01/07/2025,12,11,30,12:11:30,67,Tahap-0
01/07/2025,12,11,30,12:11:30,80,Tahap-0
01/07/2025,12,11,30,12:11:30,101,Tahap-0
01/07/2025,12,11,30,12:11:30,102,Tahap-0
01/07/2025,12,11,30,12:11:30,145,Tahap-0
01/07/2025,12,11,30,12:11:30,175,Tahap-0
01/07/2025,12,11,30,12:11:30,214,Tahap-0
01/07/2025,12,11,31,12:11:31,218,Tahap-0
01/07/2025,12,11,31,12:11:31,207,Tahap-0
01/07/2025,12,11,31,12:11:31,256,Tahap-0
01/07/2025,12,11,31,12:11:31,229,Tahap-0
01/07/2025,12,11,31,12:11:31,305,Tahap-0
01/07/2025,12,11,31,12:11:31,257,Tahap-0
01/07/2025,12,11,31,12:11:31,286,Tahap-0
01/07/2025,12,11,31,12:11:31,293,Tahap-0
01/07/2025,12,11,31,12:11:31,307,Tahap-0
01/07/2025,12,11,31,12:11:31,300,Tahap-0
01/07/2025,12,11,32,12:11:32,373,Tahap-0
01/07/2025,12,11,32,12:11:32,336,Tahap-0
01/07/2025,12,11,32,12:11:32,319,Tahap-0
01/07/2025,12,11,32,12:11:32,374,Tahap-0
01/07/2025,12,11,32,12:11:32,347,Tahap-0
01/07/2025,12,11,32,12:11:32,392,Tahap-0
01/07/2025,12,11,32,12:11:32,397,Tahap-0
01/07/2025,12,11,32,12:11:32,393,Tahap-0
01/07/2025,12,11,32,12:11:32,387,Tahap-0
01/07/2025,12,11,32,12:11:32,390,Tahap-0
01/07/2025,12,11,33,12:11:33,352,Tahap-0
01/07/2025,12,11,33,12:11:33,413,Tahap-0
01/07/2025,12,11,33,12:11:33,415,Tahap-0
01/07/2025,12,11,33,12:11:33,385,Tahap-0
01/07/2025,12,11,33,12:11:33,443,Tahap-0
01/07/2025,12,11,33,12:11:33,432,Tahap-0
01/07/2025,12,11,33,12:11:33,425,Tahap-0
01/07/2025,12,11,33,12:11:33,437,Tahap-0
01/07/2025,12,11,33,12:11:33,430,Tahap-0
01/07/2025,12,11,33,12:11:33,401,Tahap-0
01/07/2025,12,11,34,12:11:34,418,Tahap-0
01/07/2025,12,11,34,12:11:34,428,Tahap-0
01/07/2025,12,11,34,12:11:34,468,Tahap-0
01/07/2025,12,11,34,12:11:34,447,Tahap-0
01/07/2025,12,11,34,12:11:34,469,Tahap-0
01/07/2025,12,11,34,12:11:34,487,Tahap-0
01/07/2025,12,11,34,12:11:34,486,Tahap-0
01/07/2025,12,11,34,12:11:34,495,Tahap-0
01/07/2025,12,11,34,12:11:34,483,Tahap-0
01/07/2025,12,11,34,12:11:34,499,Tahap-0
01/07/2025,12,11,35,12:11:35,509,Tahap-0
01/07/2025,12,11,35,12:11:35,501,Tahap-0
01/07/2025,12,11,35,12:11:35,518,Tahap-0
01/07/2025,12,11,35,12:11:35,548,Tahap-0
01/07/2025,12,11,35,12:11:35,525,Tahap-0
01/07/2025,12,11,35,12:11:35,508,Tahap-0
01/07/2025,12,11,35,12:11:35,519,Tahap-0
01/07/2025,12,11,35,12:11:35,469,Tahap-0
01/07/2025,12,11,35,12:11:35,514,Tahap-0
01/07/2025,12,11,35,12:11:35,481,Tahap-0
01/07/2025,12,11,36,12:11:36,453,Tahap-0
01/07/2025,12,11,36,12:11:36,451,Tahap-0
01/07/2025,12,11,36,12:11:36,415,Tahap-0
01/07/2025,12,11,36,12:11:36,407,Tahap-0
01/07/2025,12,11,36,12:11:36,427,Tahap-0
01/07/2025,12,11,36,12:11:36,370,Tahap-0
01/07/2025,12,11,36,12:11:36,381,Tahap-0
01/07/2025,12,11,36,12:11:36,371,Tahap-0
01/07/2025,12,11,36,12:11:36,398,Tahap-0
01/07/2025,12,11,36,12:11:36,324,Tahap-0
01/07/2025,12,11,37,12:11:37,348,Tahap-0
01/07/2025,12,11,37,12:11:37,336,Tahap-0
01/07/2025,12,11,37,12:11:37,333,Tahap-0
01/07/2025,12,11,37,12:11:37,335,Tahap-0
01/07/2025,12,11,37,12:11:37,346,Tahap-0
01/07/2025,12,11,37,12:11:37,342,Tahap-0
01/07/2025,12,12,2,12:12:02,2276,Tahap-0
01/07/2025,12,12,2,12:12:02,1141,Tahap-0
01/07/2025,12,12,2,12:12:02,864,Tahap-0
01/07/2025,12,12,2,12:12:02,479,Tahap-0
01/07/2025,12,12,2,12:12:02,85,Tahap-0
01/07/2025,12,12,2,12:12:02,529,Tahap-0
01/07/2025,12,12,2,12:12:02,433,Tahap-0
01/07/2025,12,12,2,12:12:02,242,Tahap-0
01/07/2025,12,12,2,12:12:02,299,Tahap-0
01/07/2025,12,12,2,12:12:02,45,Tahap-0
01/07/2025,12,12,3,12:12:03,370,Tahap-0
01/07/2025,12,12,3,12:12:03,217,Tahap-0
01/07/2025,12,12,3,12:12:03,100,Tahap-0
01/07/2025,12,12,3,12:12:03,158,Tahap-0
01/07/2025,12,12,3,12:12:03,173,Tahap-0
01/07/2025,12,12,3,12:12:03,205,Tahap-0
01/07/2025,12,12,3,12:12:03,140,Tahap-0
01/07/2025,12,12,3,12:12:03,170,Tahap-0
01/07/2025,12,12,3,12:12:03,211,Tahap-0
01/07/2025,12,12,3,12:12:03,128,Tahap-0
01/07/2025,12,12,4,12:12:04,193,Tahap-0
01/07/2025,12,12,4,12:12:04,305,Tahap-0
01/07/2025,12,12,4,12:12:04,336,Tahap-0
01/07/2025,12,12,4,12:12:04,560,Tahap-0
01/07/2025,12,12,4,12:12:04,152,Tahap-0
01/07/2025,12,12,4,12:12:04,247,Tahap-0
01/07/2025,12,12,4,12:12:04,114,Tahap-0
01/07/2025,12,12,4,12:12:04,76,Tahap-0
01/07/2025,12,12,4,12:12:04,142,Tahap-0
01/07/2025,12,12,4,12:12:04,293,Tahap-0
01/07/2025,12,12,5,12:12:05,202,Tahap-0
01/07/2025,12,12,5,12:12:05,126,Tahap-0
01/07/2025,12,12,5,12:12:05,17,Tahap-0
01/07/2025,12,12,5,12:12:05,55,Tahap-0
01/07/2025,12,12,5,12:12:05,458,Tahap-0
01/07/2025,12,12,5,12:12:05,15,Tahap-0
01/07/2025,12,12,5,12:12:05,90,Tahap-0
01/07/2025,12,12,5,12:12:05,154,Tahap-0
01/07/2025,12,12,5,12:12:05,123,Tahap-0
01/07/2025,12,12,5,12:12:05,299,Tahap-0
01/07/2025,12,12,6,12:12:06,228,Tahap-0
01/07/2025,12,12,6,12:12:06,93,Tahap-0
01/07/2025,12,12,6,12:12:06,762,Tahap-0
01/07/2025,12,12,6,12:12:06,287,Tahap-0
01/07/2025,12,12,6,12:12:06,341,Tahap-0
01/07/2025,12,12,6,12:12:06,290,Tahap-0
01/07/2025,12,12,6,12:12:06,488,Tahap-0
01/07/2025,12,12,6,12:12:06,30,Tahap-0
01/07/2025,12,12,6,12:12:06,102,Tahap-0
01/07/2025,12,12,6,12:12:06,111,Tahap-0
01/07/2025,12,12,7,12:12:07,67,Tahap-0
01/07/2025,12,12,7,12:12:07,57,Tahap-0
01/07/2025,12,12,7,12:12:07,92,Tahap-0
01/07/2025,12,12,7,12:12:07,101,Tahap-0
01/07/2025,12,12,7,12:12:07,96,Tahap-0
01/07/2025,12,12,7,12:12:07,86,Tahap-0
01/07/2025,12,12,7,12:12:07,67,Tahap-0
01/07/2025,12,12,7,12:12:07,59,Tahap-0
01/07/2025,12,12,7,12:12:07,173,Tahap-0
01/07/2025,12,12,7,12:12:07,61,Tahap-0
01/07/2025,12,12,8,12:12:08,115,Tahap-0
01/07/2025,12,12,8,12:12:08,103,Tahap-0
01/07/2025,12,12,8,12:12:08,166,Tahap-0
01/07/2025,12,12,8,12:12:08,63,Tahap-0
01/07/2025,12,12,8,12:12:08,174,Tahap-0
01/07/2025,12,12,8,12:12:08,305,Tahap-0
01/07/2025,12,12,8,12:12:08,173,Tahap-0
01/07/2025,12,12,8,12:12:08,542,Tahap-0
01/07/2025,12,12,8,12:12:08,366,Tahap-0
01/07/2025,12,12,8,12:12:08,660,Tahap-0
01/07/2025,12,12,9,12:12:09,396,Tahap-0
01/07/2025,12,12,9,12:12:09,554,Tahap-0
01/07/2025,12,12,9,12:12:09,255,Tahap-0
01/07/2025,12,12,9,12:12:09,205,Tahap-0
01/07/2025,12,12,9,12:12:09,149,Tahap-0
01/07/2025,12,12,9,12:12:09,195,Tahap-0
01/07/2025,12,12,9,12:12:09,298,Tahap-0
01/07/2025,12,12,9,12:12:09,182,Tahap-0
01/07/2025,12,12,9,12:12:09,450,Tahap-0
01/07/2025,12,12,9,12:12:09,108,Tahap-0
01/07/2025,12,12,10,12:12:10,181,Tahap-0
01/07/2025,12,12,10,12:12:10,168,Tahap-0
01/07/2025,12,12,10,12:12:10,163,Tahap-0
01/07/2025,12,12,10,12:12:10,235,Tahap-0
01/07/2025,12,12,10,12:12:10,182,Tahap-0
01/07/2025,12,12,10,12:12:10,376,Tahap-0
01/07/2025,12,12,10,12:12:10,122,Tahap-0
01/07/2025,12,12,10,12:12:10,167,Tahap-0
01/07/2025,12,12,10,12:12:10,120,Tahap-0
01/07/2025,12,12,10,12:12:10,512,Tahap-0
01/07/2025,12,12,11,12:12:11,736,Tahap-0
01/07/2025,12,12,11,12:12:11,157,Tahap-0
01/07/2025,12,12,11,12:12:11,573,Tahap-0
01/07/2025,12,12,11,12:12:11,398,Tahap-0
01/07/2025,12,12,11,12:12:11,366,Tahap-0
01/07/2025,12,12,11,12:12:11,514,Tahap-0
01/07/2025,12,12,11,12:12:11,635,Tahap-0
01/07/2025,12,12,11,12:12:11,443,Tahap-0
01/07/2025,12,12,11,12:12:11,199,Tahap-0
01/07/2025,12,12,11,12:12:11,399,Tahap-0
01/07/2025,12,12,12,12:12:12,182,Tahap-0
01/07/2025,12,12,12,12:12:12,347,Tahap-0
01/07/2025,12,12,12,12:12:12,409,Tahap-0
01/07/2025,12,12,12,12:12:12,127,Tahap-0
01/07/2025,12,12,12,12:12:12,687,Tahap-0
01/07/2025,12,12,12,12:12:12,152,Tahap-0
01/07/2025,12,12,12,12:12:12,306,Tahap-0
01/07/2025,12,12,12,12:12:12,75,Tahap-0
01/07/2025,12,12,12,12:12:12,587,Tahap-0
01/07/2025,12,12,12,12:12:12,634,Tahap-0
01/07/2025,12,12,13,12:12:13,707,Tahap-0
01/07/2025,12,12,13,12:12:13,410,Tahap-0
01/07/2025,12,12,13,12:12:13,159,Tahap-0
01/07/2025,12,12,13,12:12:13,544,Tahap-0
01/07/2025,12,12,13,12:12:13,267,Tahap-0
01/07/2025,12,12,13,12:12:13,810,Tahap-0
01/07/2025,12,12,13,12:12:13,1760,Tahap-0
01/07/2025,12,12,13,12:12:13,876,Tahap-0
01/07/2025,12,12,13,12:12:13,186,Tahap-0
01/07/2025,12,12,13,12:12:13,219,Tahap-0
01/07/2025,12,12,14,12:12:14,633,Tahap-0
01/07/2025,12,12,14,12:12:14,39,Tahap-0
01/07/2025,12,12,14,12:12:14,363,Tahap-0
01/07/2025,12,12,14,12:12:14,188,Tahap-0
01/07/2025,12,12,14,12:12:14,119,Tahap-0
01/07/2025,12,12,14,12:12:14,254,Tahap-0
01/07/2025,12,12,14,12:12:14,1210,Tahap-0
01/07/2025,12,12,14,12:12:14,-56,Tahap-0
01/07/2025,12,12,14,12:12:14,8,Tahap-0
01/07/2025,12,12,14,12:12:14,-104,Tahap-0
01/07/2025,12,12,15,12:12:15,-76,Tahap-0
01/07/2025,12,12,15,12:12:15,-32,Tahap-0
01/07/2025,12,12,15,12:12:15,-160,Tahap-0
01/07/2025,12,12,15,12:12:15,-48,Tahap-0
01/07/2025,12,12,15,12:12:15,-48,Tahap-0
01/07/2025,12,12,15,12:12:15,-60,Tahap-0
01/07/2025,12,12,15,12:12:15,-88,Tahap-0
01/07/2025,12,12,15,12:12:15,-60,Tahap-0
01/07/2025,12,12,15,12:12:15,20,Tahap-0
01/07/2025,12,12,15,12:12:15,36,Tahap-0
01/07/2025,12,12,16,12:12:16,-124,Tahap-0
01/07/2025,12,12,16,12:12:16,-56,Tahap-0
01/07/2025,12,12,16,12:12:16,-116,Tahap-0
01/07/2025,12,12,16,12:12:16,-136,Tahap-0
01/07/2025,12,12,16,12:12:16,-72,Tahap-0
01/07/2025,12,12,16,12:12:16,-100,Tahap-0
01/07/2025,12,12,16,12:12:16,40,Tahap-0
01/07/2025,12,12,16,12:12:16,-160,Tahap-0
01/07/2025,12,12,16,12:12:16,-112,Tahap-0
01/07/2025,12,12,17,12:12:17,196,Tahap-0
01/07/2025,12,12,17,12:12:17,-24,Tahap-0
01/07/2025,12,12,17,12:12:17,-32,Tahap-0
01/07/2025,12,12,17,12:12:17,88,Tahap-0
01/07/2025,12,12,17,12:12:17,-236,Tahap-0
01/07/2025,12,12,17,12:12:17,176,Tahap-0
01/07/2025,12,12,17,12:12:17,-36,Tahap-0
01/07/2025,12,12,17,12:12:17,-28,Tahap-0
01/07/2025,12,12,17,12:12:17,220,Tahap-0
01/07/2025,12,12,17,12:12:17,-20,Tahap-0
01/07/2025,12,12,18,12:12:18,8,Tahap-0
01/07/2025,12,12,18,12:12:18,48,Tahap-0
01/07/2025,12,12,18,12:12:18,88,Tahap-0
01/07/2025,12,12,18,12:12:18,-104,Tahap-0
01/07/2025,12,12,18,12:12:18,108,Tahap-0
01/07/2025,12,12,18,12:12:18,112,Tahap-0
01/07/2025,12,12,18,12:12:18,-32,Tahap-0
01/07/2025,12,12,18,12:12:18,160,Tahap-0
01/07/2025,12,12,18,12:12:18,-120,Tahap-0
01/07/2025,12,12,19,12:12:19,160,Tahap-0
01/07/2025,12,12,19,12:12:19,-60,Tahap-0
01/07/2025,12,12,19,12:12:19,100,Tahap-0
01/07/2025,12,12,19,12:12:19,36,Tahap-0
01/07/2025,12,12,19,12:12:19,92,Tahap-0
01/07/2025,12,12,19,12:12:19,8,Tahap-0
01/07/2025,12,12,19,12:12:19,12,Tahap-0
01/07/2025,12,12,19,12:12:19,-152,Tahap-0
01/07/2025,12,12,19,12:12:19,196,Tahap-0
01/07/2025,12,12,19,12:12:19,-48,Tahap-0
01/07/2025,12,12,20,12:12:20,44,Tahap-0
01/07/2025,12,12,20,12:12:20,188,Tahap-0
01/07/2025,12,12,20,12:12:20,12,Tahap-0
01/07/2025,12,12,20,12:12:20,112,Tahap-0
01/07/2025,12,12,20,12:12:20,-60,Tahap-0
01/07/2025,12,12,20,12:12:20,112,Tahap-0
01/07/2025,12,12,20,12:12:20,-64,Tahap-0
01/07/2025,12,12,20,12:12:20,44,Tahap-0
01/07/2025,12,12,20,12:12:20,-16,Tahap-0
01/07/2025,12,12,20,12:12:20,72,Tahap-0
01/07/2025,12,12,21,12:12:21,88,Tahap-0
01/07/2025,12,12,21,12:12:21,-132,Tahap-0
01/07/2025,12,12,21,12:12:21,260,Tahap-0
01/07/2025,12,12,21,12:12:21,-60,Tahap-0
01/07/2025,12,12,21,12:12:21,148,Tahap-0
01/07/2025,12,12,21,12:12:21,-60,Tahap-0
01/07/2025,12,12,21,12:12:21,40,Tahap-0
01/07/2025,12,12,21,12:12:21,-68,Tahap-0
01/07/2025,12,12,21,12:12:21,96,Tahap-0
01/07/2025,12,12,21,12:12:21,-68,Tahap-0
01/07/2025,12,12,22,12:12:22,124,Tahap-0
01/07/2025,12,12,22,12:12:22,60,Tahap-0
01/07/2025,12,12,22,12:12:22,16,Tahap-0
01/07/2025,12,12,22,12:12:22,72,Tahap-0
01/07/2025,12,12,22,12:12:22,212,Tahap-0
01/07/2025,12,12,22,12:12:22,72,Tahap-0
01/07/2025,12,12,22,12:12:22,80,Tahap-0
01/07/2025,12,12,22,12:12:22,80,Tahap-0
01/07/2025,12,12,22,12:12:22,52,Tahap-0
01/07/2025,12,12,22,12:12:22,12,Tahap-0
01/07/2025,12,12,23,12:12:23,84,Tahap-0
01/07/2025,12,12,23,12:12:23,192,Tahap-0
01/07/2025,12,12,23,12:12:23,84,Tahap-0
01/07/2025,12,12,23,12:12:23,-4,Tahap-0
01/07/2025,12,12,23,12:12:23,104,Tahap-0
01/07/2025,12,12,23,12:12:23,40,Tahap-0
01/07/2025,12,12,23,12:12:23,296,Tahap-0
01/07/2025,12,12,23,12:12:23,-20,Tahap-0
01/07/2025,12,12,23,12:12:23,240,Tahap-0
01/07/2025,12,12,23,12:12:23,-52,Tahap-0
01/07/2025,12,12,24,12:12:24,84,Tahap-0
01/07/2025,12,12,24,12:12:24,120,Tahap-0
01/07/2025,12,12,24,12:12:24,168,Tahap-0
01/07/2025,12,12,24,12:12:24,84,Tahap-0
01/07/2025,12,12,24,12:12:24,124,Tahap-0
01/07/2025,12,12,24,12:12:24,112,Tahap-0
01/07/2025,12,12,24,12:12:24,128,Tahap-0
01/07/2025,12,12,24,12:12:24,184,Tahap-0
01/07/2025,12,12,24,12:12:24,-4,Tahap-0
01/07/2025,12,12,24,12:12:24,184,Tahap-0
01/07/2025,12,12,25,12:12:25,-8,Tahap-0
01/07/2025,12,12,26,12:12:26,20,Tahap-0
01/07/2025,12,12,26,12:12:26,100,Tahap-0
01/07/2025,12,12,26,12:12:26,152,Tahap-0
01/07/2025,12,12,26,12:12:26,92,Tahap-0
01/07/2025,12,12,26,12:12:26,116,Tahap-0
01/07/2025,12,12,26,12:12:26,124,Tahap-0
01/07/2025,12,12,26,12:12:26,80,Tahap-0
01/07/2025,12,12,26,12:12:26,164,Tahap-0
01/07/2025,12,12,26,12:12:26,48,Tahap-0
01/07/2025,12,12,26,12:12:26,188,Tahap-0
01/07/2025,12,12,26,12:12:26,68,Tahap-0
01/07/2025,12,12,26,12:12:26,28,Tahap-0
01/07/2025,12,12,26,12:12:26,148,Tahap-0
01/07/2025,12,12,26,12:12:26,216,Tahap-0
01/07/2025,12,12,26,12:12:26,40,Tahap-0
01/07/2025,12,12,26,12:12:26,280,Tahap-0
01/07/2025,12,12,26,12:12:26,140,Tahap-0
01/07/2025,12,12,26,12:12:26,216,Tahap-0
01/07/2025,12,12,26,12:12:26,112,Tahap-0
01/07/2025,12,12,27,12:12:27,76,Tahap-0
01/07/2025,12,12,27,12:12:27,240,Tahap-0
01/07/2025,12,12,27,12:12:27,56,Tahap-0
01/07/2025,12,12,27,12:12:27,156,Tahap-0
01/07/2025,12,12,27,12:12:27,120,Tahap-0
01/07/2025,12,12,27,12:12:27,208,Tahap-0
01/07/2025,12,12,51,12:12:51,4349,Tahap-0
01/07/2025,12,12,52,12:12:52,865,Tahap-0
01/07/2025,12,12,52,12:12:52,677,Tahap-0
01/07/2025,12,12,52,12:12:52,414,Tahap-0
01/07/2025,12,12,52,12:12:52,572,Tahap-0
01/07/2025,12,12,52,12:12:52,207,Tahap-0
01/07/2025,12,12,52,12:12:52,183,Tahap-0
01/07/2025,12,12,52,12:12:52,16,Tahap-0
01/07/2025,12,12,52,12:12:52,271,Tahap-0
01/07/2025,12,12,52,12:12:52,54,Tahap-0
01/07/2025,12,12,52,12:12:52,239,Tahap-0
01/07/2025,12,12,53,12:12:53,154,Tahap-0
01/07/2025,12,12,53,12:12:53,105,Tahap-0
01/07/2025,12,12,53,12:12:53,93,Tahap-0
01/07/2025,12,12,53,12:12:53,164,Tahap-0
01/07/2025,12,12,53,12:12:53,159,Tahap-0
01/07/2025,12,12,53,12:12:53,154,Tahap-0
01/07/2025,12,12,53,12:12:53,127,Tahap-0
01/07/2025,12,12,53,12:12:53,12,Tahap-0
01/07/2025,12,12,53,12:12:53,54,Tahap-0
01/07/2025,12,12,53,12:12:53,75,Tahap-0
01/07/2025,12,12,54,12:12:54,399,Tahap-0
01/07/2025,12,12,54,12:12:54,243,Tahap-0
01/07/2025,12,12,54,12:12:54,434,Tahap-0
01/07/2025,12,12,54,12:12:54,84,Tahap-0
01/07/2025,12,12,54,12:12:54,61,Tahap-0
01/07/2025,12,12,54,12:12:54,309,Tahap-0
01/07/2025,12,12,54,12:12:54,75,Tahap-0
01/07/2025,12,12,54,12:12:54,209,Tahap-0
01/07/2025,12,12,54,12:12:54,250,Tahap-0
01/07/2025,12,12,54,12:12:54,126,Tahap-0
01/07/2025,12,12,55,12:12:55,189,Tahap-0
01/07/2025,12,12,56,12:12:56,256,Tahap-0
01/07/2025,12,12,56,12:12:56,91,Tahap-0
01/07/2025,12,12,56,12:12:56,164,Tahap-0
01/07/2025,12,12,56,12:12:56,143,Tahap-0
01/07/2025,12,12,56,12:12:56,40,Tahap-0
01/07/2025,12,12,56,12:12:56,91,Tahap-0
01/07/2025,12,12,56,12:12:56,107,Tahap-0
01/07/2025,12,12,56,12:12:56,41,Tahap-0
01/07/2025,12,12,56,12:12:56,259,Tahap-0
01/07/2025,12,12,56,12:12:56,310,Tahap-0
01/07/2025,12,12,56,12:12:56,730,Tahap-0
01/07/2025,12,12,56,12:12:56,233,Tahap-0
01/07/2025,12,12,56,12:12:56,134,Tahap-0
01/07/2025,12,12,56,12:12:56,221,Tahap-0
01/07/2025,12,12,56,12:12:56,227,Tahap-0
01/07/2025,12,12,56,12:12:56,261,Tahap-0
01/07/2025,12,12,56,12:12:56,135,Tahap-0
01/07/2025,12,12,56,12:12:56,38,Tahap-0
01/07/2025,12,12,56,12:12:56,124,Tahap-0
01/07/2025,12,12,57,12:12:57,49,Tahap-0
01/07/2025,12,12,57,12:12:57,307,Tahap-0
01/07/2025,12,12,57,12:12:57,115,Tahap-0
01/07/2025,12,12,57,12:12:57,120,Tahap-0
01/07/2025,12,12,57,12:12:57,138,Tahap-0
01/07/2025,12,12,57,12:12:57,193,Tahap-0
01/07/2025,12,12,57,12:12:57,336,Tahap-0
01/07/2025,12,12,57,12:12:57,70,Tahap-0
01/07/2025,12,12,57,12:12:57,165,Tahap-0
01/07/2025,12,12,57,12:12:57,163,Tahap-0
01/07/2025,12,12,58,12:12:58,102,Tahap-0
01/07/2025,12,12,58,12:12:58,151,Tahap-0
01/07/2025,12,12,58,12:12:58,98,Tahap-0
01/07/2025,12,12,58,12:12:58,147,Tahap-0
01/07/2025,12,12,58,12:12:58,563,Tahap-0
01/07/2025,12,12,58,12:12:58,188,Tahap-0
01/07/2025,12,12,58,12:12:58,187,Tahap-0
01/07/2025,12,12,58,12:12:58,657,Tahap-0
01/07/2025,12,12,58,12:12:58,501,Tahap-0
01/07/2025,12,12,58,12:12:58,470,Tahap-0
01/07/2025,12,12,59,12:12:59,413,Tahap-0
01/07/2025,12,12,59,12:12:59,57,Tahap-0
01/07/2025,12,12,59,12:12:59,208,Tahap-0
01/07/2025,12,12,59,12:12:59,187,Tahap-0
01/07/2025,12,12,59,12:12:59,139,Tahap-0
01/07/2025,12,12,59,12:12:59,94,Tahap-0
01/07/2025,12,12,59,12:12:59,393,Tahap-0
01/07/2025,12,12,59,12:12:59,133,Tahap-0
01/07/2025,12,12,59,12:12:59,168,Tahap-0
01/07/2025,12,12,59,12:12:59,140,Tahap-0
01/07/2025,12,13,1,12:13:01,295,Tahap-0
01/07/2025,12,13,1,12:13:01,595,Tahap-0
01/07/2025,12,13,1,12:13:01,524,Tahap-0
01/07/2025,12,13,1,12:13:01,438,Tahap-0
01/07/2025,12,13,1,12:13:01,344,Tahap-0
01/07/2025,12,13,1,12:13:01,341,Tahap-0
01/07/2025,12,13,1,12:13:01,394,Tahap-0
01/07/2025,12,13,1,12:13:01,42,Tahap-0
01/07/2025,12,13,1,12:13:01,138,Tahap-0
01/07/2025,12,13,1,12:13:01,356,Tahap-0
01/07/2025,12,13,2,12:13:02,240,Tahap-0
01/07/2025,12,13,2,12:13:02,70,Tahap-0
01/07/2025,12,13,2,12:13:02,162,Tahap-0
01/07/2025,12,13,2,12:13:02,627,Tahap-0
01/07/2025,12,13,2,12:13:02,290,Tahap-0
01/07/2025,12,13,2,12:13:02,110,Tahap-0
01/07/2025,12,13,2,12:13:02,80,Tahap-0
01/07/2025,12,13,2,12:13:02,262,Tahap-0
01/07/2025,12,13,2,12:13:02,908,Tahap-0
01/07/2025,12,13,2,12:13:02,559,Tahap-0
01/07/2025,12,13,3,12:13:03,145,Tahap-0
01/07/2025,12,13,3,12:13:03,419,Tahap-0
01/07/2025,12,13,3,12:13:03,922,Tahap-0
01/07/2025,12,13,3,12:13:03,519,Tahap-0
01/07/2025,12,13,3,12:13:03,728,Tahap-0
01/07/2025,12,13,3,12:13:03,1475,Tahap-0
01/07/2025,12,13,3,12:13:03,404,Tahap-0
01/07/2025,12,13,3,12:13:03,441,Tahap-0
01/07/2025,12,13,3,12:13:03,374,Tahap-0
01/07/2025,12,13,3,12:13:03,392,Tahap-0
01/07/2025,12,13,4,12:13:04,442,Tahap-0
01/07/2025,12,13,4,12:13:04,68,Tahap-0
01/07/2025,12,13,4,12:13:04,92,Tahap-0
01/07/2025,12,13,4,12:13:04,76,Tahap-0
01/07/2025,12,13,4,12:13:04,147,Tahap-0
01/07/2025,12,13,4,12:13:04,726,Tahap-0
01/07/2025,12,13,4,12:13:04,-68,Tahap-0
01/07/2025,12,13,4,12:13:04,-160,Tahap-0
01/07/2025,12,13,4,12:13:04,-76,Tahap-0
01/07/2025,12,13,4,12:13:04,-56,Tahap-0
01/07/2025,12,13,5,12:13:05,-204,Tahap-0
01/07/2025,12,13,5,12:13:05,20,Tahap-0
01/07/2025,12,13,5,12:13:05,-136,Tahap-0
01/07/2025,12,13,5,12:13:05,12,Tahap-0
01/07/2025,12,13,5,12:13:05,-244,Tahap-0
01/07/2025,12,13,5,12:13:05,-48,Tahap-0
01/07/2025,12,13,5,12:13:05,-176,Tahap-0
01/07/2025,12,13,5,12:13:05,-148,Tahap-0
01/07/2025,12,13,5,12:13:05,-152,Tahap-0
01/07/2025,12,13,5,12:13:05,24,Tahap-0
01/07/2025,12,13,6,12:13:06,-152,Tahap-0
01/07/2025,12,13,6,12:13:06,-60,Tahap-0
01/07/2025,12,13,6,12:13:06,-140,Tahap-0
01/07/2025,12,13,6,12:13:06,44,Tahap-0
01/07/2025,12,13,6,12:13:06,-136,Tahap-0
01/07/2025,12,13,6,12:13:06,-108,Tahap-0
01/07/2025,12,13,6,12:13:06,-36,Tahap-0
01/07/2025,12,13,6,12:13:06,-208,Tahap-0
01/07/2025,12,13,6,12:13:06,-64,Tahap-0
01/07/2025,12,13,6,12:13:06,-44,Tahap-0
01/07/2025,12,13,7,12:13:07,-56,Tahap-0
01/07/2025,12,13,7,12:13:07,12,Tahap-0
01/07/2025,12,13,7,12:13:07,-216,Tahap-0
01/07/2025,12,13,7,12:13:07,-100,Tahap-0
01/07/2025,12,13,7,12:13:07,-124,Tahap-0
01/07/2025,12,13,7,12:13:07,72,Tahap-0
01/07/2025,12,13,7,12:13:07,-304,Tahap-0
01/07/2025,12,13,7,12:13:07,-216,Tahap-0
01/07/2025,12,13,7,12:13:07,-148,Tahap-0
01/07/2025,12,13,8,12:13:08,-160,Tahap-0
01/07/2025,12,13,8,12:13:08,-12,Tahap-0
01/07/2025,12,13,8,12:13:08,-208,Tahap-0
01/07/2025,12,13,8,12:13:08,-76,Tahap-0
01/07/2025,12,13,8,12:13:08,-104,Tahap-0
01/07/2025,12,13,8,12:13:08,-180,Tahap-0
01/07/2025,12,13,8,12:13:08,-68,Tahap-0
01/07/2025,12,13,8,12:13:08,-164,Tahap-0
01/07/2025,12,13,8,12:13:08,-60,Tahap-0
01/07/2025,12,13,8,12:13:08,-156,Tahap-0
01/07/2025,12,13,9,12:13:09,-224,Tahap-0
01/07/2025,12,13,9,12:13:09,-188,Tahap-0
01/07/2025,12,13,9,12:13:09,-64,Tahap-0
01/07/2025,12,13,9,12:13:09,-156,Tahap-0
01/07/2025,12,13,9,12:13:09,-100,Tahap-0
01/07/2025,12,13,9,12:13:09,-68,Tahap-0
01/07/2025,12,13,9,12:13:09,-180,Tahap-0
01/07/2025,12,13,9,12:13:09,-68,Tahap-0
01/07/2025,12,13,9,12:13:09,-176,Tahap-0
01/07/2025,12,13,9,12:13:09,-48,Tahap-0
01/07/2025,12,13,10,12:13:10,-264,Tahap-0
01/07/2025,12,13,10,12:13:10,-148,Tahap-0
01/07/2025,12,13,10,12:13:10,-208,Tahap-0
01/07/2025,12,13,10,12:13:10,-52,Tahap-0
01/07/2025,12,13,10,12:13:10,-288,Tahap-0
01/07/2025,12,13,10,12:13:10,32,Tahap-0
01/07/2025,12,13,10,12:13:10,-224,Tahap-0
01/07/2025,12,13,10,12:13:10,8,Tahap-0
01/07/2025,12,13,10,12:13:10,-152,Tahap-0
01/07/2025,12,13,10,12:13:10,-192,Tahap-0
01/07/2025,12,13,11,12:13:11,-24,Tahap-0
01/07/2025,12,13,11,12:13:11,-212,Tahap-0
01/07/2025,12,13,11,12:13:11,-96,Tahap-0
01/07/2025,12,13,11,12:13:11,-100,Tahap-0
01/07/2025,12,13,11,12:13:11,4,Tahap-0
01/07/2025,12,13,11,12:13:11,-236,Tahap-0
01/07/2025,12,13,11,12:13:11,-28,Tahap-0
01/07/2025,12,13,11,12:13:11,12,Tahap-0
01/07/2025,12,13,11,12:13:11,-100,Tahap-0
01/07/2025,12,13,11,12:13:11,4,Tahap-0
01/07/2025,12,13,12,12:13:12,-260,Tahap-0
01/07/2025,12,13,12,12:13:12,-32,Tahap-0
01/07/2025,12,13,12,12:13:12,-156,Tahap-0
01/07/2025,12,13,12,12:13:12,-144,Tahap-0
01/07/2025,12,13,12,12:13:12,-72,Tahap-0
01/07/2025,12,13,12,12:13:12,-32,Tahap-0
01/07/2025,12,13,12,12:13:12,-200,Tahap-0
01/07/2025,12,13,12,12:13:12,-72,Tahap-0
01/07/2025,12,13,12,12:13:12,64,Tahap-0
01/07/2025,12,13,13,12:13:13,-104,Tahap-0
01/07/2025,12,13,13,12:13:13,-28,Tahap-0
01/07/2025,12,13,13,12:13:13,-92,Tahap-0
01/07/2025,12,13,13,12:13:13,-212,Tahap-0
01/07/2025,12,13,13,12:13:13,88,Tahap-0
01/07/2025,12,13,13,12:13:13,-192,Tahap-0
01/07/2025,12,13,13,12:13:13,16,Tahap-0
01/07/2025,12,13,13,12:13:13,-96,Tahap-0
01/07/2025,12,13,13,12:13:13,-132,Tahap-0
01/07/2025,12,13,14,12:13:14,28,Tahap-0
01/07/2025,12,13,14,12:13:14,-128,Tahap-0
01/07/2025,12,13,14,12:13:14,-168,Tahap-0
01/07/2025,12,13,14,12:13:14,24,Tahap-0
01/07/2025,12,13,14,12:13:14,-128,Tahap-0
01/07/2025,12,13,14,12:13:14,-32,Tahap-0
01/07/2025,12,13,14,12:13:14,-8,Tahap-0
01/07/2025,12,13,14,12:13:14,-200,Tahap-0
01/07/2025,12,13,14,12:13:14,36,Tahap-0
01/07/2025,12,13,14,12:13:14,-4,Tahap-0
01/07/2025,12,13,15,12:13:15,-124,Tahap-0
01/07/2025,12,13,15,12:13:15,64,Tahap-0
01/07/2025,12,13,15,12:13:15,-128,Tahap-0
01/07/2025,12,13,15,12:13:15,80,Tahap-0
01/07/2025,12,13,15,12:13:15,-160,Tahap-0
01/07/2025,12,13,15,12:13:15,16,Tahap-0
01/07/2025,12,13,15,12:13:15,88,Tahap-0
01/07/2025,12,13,15,12:13:15,-204,Tahap-0
01/07/2025,12,13,15,12:13:15,140,Tahap-0
01/07/2025,12,13,16,12:13:16,40,Tahap-0
01/07/2025,12,13,16,12:13:16,12,Tahap-0
01/07/2025,12,13,16,12:13:16,52,Tahap-0
01/07/2025,12,13,16,12:13:16,52,Tahap-0
01/07/2025,12,13,16,12:13:16,72,Tahap-0
01/07/2025,12,13,16,12:13:16,184,Tahap-0
01/07/2025,12,13,16,12:13:16,-176,Tahap-0
01/07/2025,12,13,17,12:13:17,136,Tahap-0
01/07/2025,12,13,17,12:13:17,164,Tahap-0
01/07/2025,12,13,17,12:13:17,20,Tahap-0
01/07/2025,12,13,17,12:13:17,84,Tahap-0
01/07/2025,12,13,17,12:13:17,-12,Tahap-0
01/07/2025,12,13,41,12:13:41,2589,Tahap-0
01/07/2025,12,13,42,12:13:42,765,Tahap-0
01/07/2025,12,13,42,12:13:42,865,Tahap-0
01/07/2025,12,13,42,12:13:42,363,Tahap-0
01/07/2025,12,13,42,12:13:42,673,Tahap-0
01/07/2025,12,13,42,12:13:42,623,Tahap-0
01/07/2025,12,13,42,12:13:42,270,Tahap-0
01/07/2025,12,13,42,12:13:42,265,Tahap-0
01/07/2025,12,13,42,12:13:42,237,Tahap-0
01/07/2025,12,13,42,12:13:42,176,Tahap-0
01/07/2025,12,13,42,12:13:42,110,Tahap-0
01/07/2025,12,13,43,12:13:43,129,Tahap-0
01/07/2025,12,13,43,12:13:43,43,Tahap-0
01/07/2025,12,13,43,12:13:43,159,Tahap-0
01/07/2025,12,13,43,12:13:43,82,Tahap-0
01/07/2025,12,13,43,12:13:43,112,Tahap-0
01/07/2025,12,13,43,12:13:43,212,Tahap-0
01/07/2025,12,13,43,12:13:43,139,Tahap-0
01/07/2025,12,13,43,12:13:43,187,Tahap-0
01/07/2025,12,13,43,12:13:43,123,Tahap-0
01/07/2025,12,13,43,12:13:43,135,Tahap-0
01/07/2025,12,13,44,12:13:44,517,Tahap-0
01/07/2025,12,13,44,12:13:44,515,Tahap-0
01/07/2025,12,13,44,12:13:44,378,Tahap-0
01/07/2025,12,13,44,12:13:44,123,Tahap-0
01/07/2025,12,13,44,12:13:44,75,Tahap-0
01/07/2025,12,13,44,12:13:44,132,Tahap-0
01/07/2025,12,13,44,12:13:44,256,Tahap-0
01/07/2025,12,13,44,12:13:44,138,Tahap-0
01/07/2025,12,13,44,12:13:44,276,Tahap-0
01/07/2025,12,13,44,12:13:44,171,Tahap-0
01/07/2025,12,13,45,12:13:45,121,Tahap-0
01/07/2025,12,13,45,12:13:45,185,Tahap-0
01/07/2025,12,13,45,12:13:45,209,Tahap-0
01/07/2025,12,13,45,12:13:45,249,Tahap-0
01/07/2025,12,13,45,12:13:45,159,Tahap-0
01/07/2025,12,13,45,12:13:45,80,Tahap-0
01/07/2025,12,13,45,12:13:45,252,Tahap-0
01/07/2025,12,13,45,12:13:45,128,Tahap-0
01/07/2025,12,13,45,12:13:45,151,Tahap-0
01/07/2025,12,13,45,12:13:45,71,Tahap-0
01/07/2025,12,13,46,12:13:46,146,Tahap-0
01/07/2025,12,13,46,12:13:46,905,Tahap-0
01/07/2025,12,13,46,12:13:46,132,Tahap-0
01/07/2025,12,13,46,12:13:46,166,Tahap-0
01/07/2025,12,13,46,12:13:46,413,Tahap-0
01/07/2025,12,13,46,12:13:46,147,Tahap-0
01/07/2025,12,13,46,12:13:46,471,Tahap-0
01/07/2025,12,13,46,12:13:46,165,Tahap-0
01/07/2025,12,13,46,12:13:46,207,Tahap-0
01/07/2025,12,13,46,12:13:46,40,Tahap-0
01/07/2025,12,13,47,12:13:47,69,Tahap-0
01/07/2025,12,13,47,12:13:47,50,Tahap-0
01/07/2025,12,13,47,12:13:47,294,Tahap-0
01/07/2025,12,13,47,12:13:47,59,Tahap-0
01/07/2025,12,13,47,12:13:47,81,Tahap-0
01/07/2025,12,13,47,12:13:47,107,Tahap-0
01/07/2025,12,13,47,12:13:47,181,Tahap-0
01/07/2025,12,13,47,12:13:47,20,Tahap-0
01/07/2025,12,13,47,12:13:47,177,Tahap-0
01/07/2025,12,13,47,12:13:47,213,Tahap-0
01/07/2025,12,13,48,12:13:48,105,Tahap-0
01/07/2025,12,13,48,12:13:48,91,Tahap-0
01/07/2025,12,13,48,12:13:48,75,Tahap-0
01/07/2025,12,13,48,12:13:48,50,Tahap-0
01/07/2025,12,13,48,12:13:48,201,Tahap-0
01/07/2025,12,13,48,12:13:48,97,Tahap-0
01/07/2025,12,13,48,12:13:48,202,Tahap-0
01/07/2025,12,13,48,12:13:48,592,Tahap-0
01/07/2025,12,13,48,12:13:48,443,Tahap-0
01/07/2025,12,13,48,12:13:48,396,Tahap-0
01/07/2025,12,13,48,12:13:48,345,Tahap-0
01/07/2025,12,13,49,12:13:49,239,Tahap-0
01/07/2025,12,13,49,12:13:49,186,Tahap-0
01/07/2025,12,13,49,12:13:49,148,Tahap-0
01/07/2025,12,13,49,12:13:49,14,Tahap-0
01/07/2025,12,13,49,12:13:49,152,Tahap-0
01/07/2025,12,13,49,12:13:49,478,Tahap-0
01/07/2025,12,13,49,12:13:49,169,Tahap-0
01/07/2025,12,13,49,12:13:49,275,Tahap-0
01/07/2025,12,13,49,12:13:49,160,Tahap-0
01/07/2025,12,13,49,12:13:49,206,Tahap-0
01/07/2025,12,13,50,12:13:50,279,Tahap-0
01/07/2025,12,13,50,12:13:50,183,Tahap-0
01/07/2025,12,13,50,12:13:50,88,Tahap-0
01/07/2025,12,13,50,12:13:50,437,Tahap-0
01/07/2025,12,13,50,12:13:50,79,Tahap-0
01/07/2025,12,13,50,12:13:50,106,Tahap-0
01/07/2025,12,13,50,12:13:50,91,Tahap-0
01/07/2025,12,13,50,12:13:50,295,Tahap-0
01/07/2025,12,13,50,12:13:50,314,Tahap-0
01/07/2025,12,13,50,12:13:50,376,Tahap-0
01/07/2025,12,13,51,12:13:51,600,Tahap-0
01/07/2025,12,13,51,12:13:51,600,Tahap-0
01/07/2025,12,13,51,12:13:51,148,Tahap-0
01/07/2025,12,13,51,12:13:51,408,Tahap-0
01/07/2025,12,13,51,12:13:51,557,Tahap-0
01/07/2025,12,13,51,12:13:51,220,Tahap-0
01/07/2025,12,13,51,12:13:51,270,Tahap-0
01/07/2025,12,13,51,12:13:51,143,Tahap-0
01/07/2025,12,13,51,12:13:51,188,Tahap-0
01/07/2025,12,13,51,12:13:51,791,Tahap-0
01/07/2025,12,13,52,12:13:52,276,Tahap-0
01/07/2025,12,13,52,12:13:52,287,Tahap-0
01/07/2025,12,13,52,12:13:52,368,Tahap-0
01/07/2025,12,13,52,12:13:52,426,Tahap-0
01/07/2025,12,13,52,12:13:52,243,Tahap-0
01/07/2025,12,13,52,12:13:52,240,Tahap-0
01/07/2025,12,13,52,12:13:52,348,Tahap-0
01/07/2025,12,13,52,12:13:52,524,Tahap-0
01/07/2025,12,13,52,12:13:52,131,Tahap-0
01/07/2025,12,13,52,12:13:52,206,Tahap-0
01/07/2025,12,13,53,12:13:53,512,Tahap-0
01/07/2025,12,13,53,12:13:53,543,Tahap-0
01/07/2025,12,13,53,12:13:53,18,Tahap-0
01/07/2025,12,13,53,12:13:53,449,Tahap-0
01/07/2025,12,13,53,12:13:53,1959,Tahap-0
01/07/2025,12,13,53,12:13:53,355,Tahap-0
01/07/2025,12,13,53,12:13:53,293,Tahap-0
01/07/2025,12,13,53,12:13:53,517,Tahap-0
01/07/2025,12,13,53,12:13:53,883,Tahap-0
01/07/2025,12,13,53,12:13:53,568,Tahap-0
01/07/2025,12,13,54,12:13:54,272,Tahap-0
01/07/2025,12,13,54,12:13:54,331,Tahap-0
01/07/2025,12,13,54,12:13:54,57,Tahap-0
01/07/2025,12,13,54,12:13:54,237,Tahap-0
01/07/2025,12,13,54,12:13:54,1170,Tahap-0
01/07/2025,12,13,54,12:13:54,-36,Tahap-0
01/07/2025,12,13,54,12:13:54,224,Tahap-0
01/07/2025,12,13,54,12:13:54,-92,Tahap-0
01/07/2025,12,13,54,12:13:54,208,Tahap-0
01/07/2025,12,13,54,12:13:54,-60,Tahap-0
01/07/2025,12,13,55,12:13:55,164,Tahap-0
01/07/2025,12,13,56,12:13:56,-16,Tahap-0
01/07/2025,12,13,56,12:13:56,60,Tahap-0
01/07/2025,12,13,56,12:13:56,20,Tahap-0
01/07/2025,12,13,56,12:13:56,-124,Tahap-0
01/07/2025,12,13,56,12:13:56,304,Tahap-0
01/07/2025,12,13,56,12:13:56,-216,Tahap-0
01/07/2025,12,13,56,12:13:56,60,Tahap-0
01/07/2025,12,13,56,12:13:56,60,Tahap-0
01/07/2025,12,13,56,12:13:56,48,Tahap-0
01/07/2025,12,13,56,12:13:56,80,Tahap-0
01/07/2025,12,13,56,12:13:56,-36,Tahap-0
01/07/2025,12,13,56,12:13:56,-8,Tahap-0
01/07/2025,12,13,56,12:13:56,-44,Tahap-0
01/07/2025,12,13,56,12:13:56,-56,Tahap-0
01/07/2025,12,13,56,12:13:56,136,Tahap-0
01/07/2025,12,13,56,12:13:56,52,Tahap-0
01/07/2025,12,13,56,12:13:56,-12,Tahap-0
01/07/2025,12,13,56,12:13:56,-24,Tahap-0
01/07/2025,12,13,57,12:13:57,36,Tahap-0
01/07/2025,12,13,57,12:13:57,-148,Tahap-0
01/07/2025,12,13,57,12:13:57,72,Tahap-0
01/07/2025,12,13,57,12:13:57,-20,Tahap-0
01/07/2025,12,13,57,12:13:57,4,Tahap-0
01/07/2025,12,13,57,12:13:57,20,Tahap-0
01/07/2025,12,13,57,12:13:57,-112,Tahap-0
01/07/2025,12,13,57,12:13:57,-8,Tahap-0
01/07/2025,12,13,57,12:13:57,-100,Tahap-0
01/07/2025,12,13,57,12:13:57,-4,Tahap-0
01/07/2025,12,13,58,12:13:58,-76,Tahap-0
01/07/2025,12,13,58,12:13:58,100,Tahap-0
01/07/2025,12,13,58,12:13:58,-136,Tahap-0
01/07/2025,12,13,58,12:13:58,108,Tahap-0
01/07/2025,12,13,58,12:13:58,92,Tahap-0
01/07/2025,12,13,58,12:13:58,-56,Tahap-0
01/07/2025,12,13,58,12:13:58,96,Tahap-0
01/07/2025,12,13,58,12:13:58,-220,Tahap-0
01/07/2025,12,13,58,12:13:58,116,Tahap-0
01/07/2025,12,13,58,12:13:58,-180,Tahap-0
01/07/2025,12,13,59,12:13:59,76,Tahap-0
01/07/2025,12,13,59,12:13:59,-72,Tahap-0
01/07/2025,12,13,59,12:13:59,180,Tahap-0
01/07/2025,12,13,59,12:13:59,-132,Tahap-0
01/07/2025,12,13,59,12:13:59,52,Tahap-0
01/07/2025,12,13,59,12:13:59,-84,Tahap-0
01/07/2025,12,13,59,12:13:59,92,Tahap-0
01/07/2025,12,13,59,12:13:59,-128,Tahap-0
01/07/2025,12,13,59,12:13:59,12,Tahap-0
01/07/2025,12,14,1,12:14:01,24,Tahap-0
01/07/2025,12,14,1,12:14:01,-196,Tahap-0
01/07/2025,12,14,1,12:14:01,28,Tahap-0
01/07/2025,12,14,1,12:14:01,-104,Tahap-0
01/07/2025,12,14,1,12:14:01,88,Tahap-0
01/07/2025,12,14,1,12:14:01,-156,Tahap-0
01/07/2025,12,14,1,12:14:01,-4,Tahap-0
01/07/2025,12,14,1,12:14:01,-120,Tahap-0
01/07/2025,12,14,1,12:14:01,-20,Tahap-0
01/07/2025,12,14,1,12:14:01,-16,Tahap-0
01/07/2025,12,14,2,12:14:02,-136,Tahap-0
01/07/2025,12,14,2,12:14:02,-20,Tahap-0
01/07/2025,12,14,2,12:14:02,-176,Tahap-0
01/07/2025,12,14,2,12:14:02,-140,Tahap-0
01/07/2025,12,14,2,12:14:02,-108,Tahap-0
01/07/2025,12,14,2,12:14:02,20,Tahap-0
01/07/2025,12,14,2,12:14:02,-100,Tahap-0
01/07/2025,12,14,2,12:14:02,-4,Tahap-0
01/07/2025,12,14,2,12:14:02,-88,Tahap-0
01/07/2025,12,14,2,12:14:02,-88,Tahap-0
01/07/2025,12,14,3,12:14:03,-108,Tahap-0
01/07/2025,12,14,3,12:14:03,-88,Tahap-0
01/07/2025,12,14,3,12:14:03,-44,Tahap-0
01/07/2025,12,14,3,12:14:03,-148,Tahap-0
01/07/2025,12,14,3,12:14:03,-136,Tahap-0
01/07/2025,12,14,3,12:14:03,-108,Tahap-0
01/07/2025,12,14,3,12:14:03,-4,Tahap-0
01/07/2025,12,14,3,12:14:03,-160,Tahap-0
01/07/2025,12,14,3,12:14:03,28,Tahap-0
01/07/2025,12,14,3,12:14:03,-132,Tahap-0
01/07/2025,12,14,4,12:14:04,44,Tahap-0
01/07/2025,12,14,4,12:14:04,-148,Tahap-0
01/07/2025,12,14,4,12:14:04,-80,Tahap-0
01/07/2025,12,14,4,12:14:04,-48,Tahap-0
01/07/2025,12,14,4,12:14:04,-124,Tahap-0
01/07/2025,12,14,4,12:14:04,-80,Tahap-0
01/07/2025,12,14,4,12:14:04,-80,Tahap-0
01/07/2025,12,14,4,12:14:04,-28,Tahap-0
01/07/2025,12,14,4,12:14:04,-204,Tahap-0
01/07/2025,12,14,4,12:14:04,96,Tahap-0
01/07/2025,12,14,5,12:14:05,-160,Tahap-0
01/07/2025,12,14,5,12:14:05,12,Tahap-0
01/07/2025,12,14,5,12:14:05,-60,Tahap-0
01/07/2025,12,14,5,12:14:05,-192,Tahap-0
01/07/2025,12,14,5,12:14:05,-88,Tahap-0
01/07/2025,12,14,5,12:14:05,-172,Tahap-0
01/07/2025,12,14,5,12:14:05,-148,Tahap-0
01/07/2025,12,14,5,12:14:05,-76,Tahap-0
01/07/2025,12,14,5,12:14:05,-96,Tahap-0
01/07/2025,12,14,5,12:14:05,-204,Tahap-0
01/07/2025,12,14,6,12:14:06,-140,Tahap-0
01/07/2025,12,14,6,12:14:06,-112,Tahap-0
01/07/2025,12,14,6,12:14:06,-28,Tahap-0
01/07/2025,12,14,6,12:14:06,-216,Tahap-0
01/07/2025,12,14,6,12:14:06,-132,Tahap-0
01/07/2025,12,14,6,12:14:06,-204,Tahap-0
01/07/2025,12,14,6,12:14:06,-268,Tahap-0
01/07/2025,12,14,6,12:14:06,-132,Tahap-0
01/07/2025,12,14,6,12:14:06,-176,Tahap-0
01/07/2025,12,14,6,12:14:06,-36,Tahap-0
01/07/2025,12,14,7,12:14:07,-292,Tahap-0
01/07/2025,12,14,7,12:14:07,-152,Tahap-0
01/07/2025,12,14,7,12:14:07,-216,Tahap-0
01/07/2025,12,14,7,12:14:07,-28,Tahap-0
01/07/2025,12,14,31,12:14:31,4247,Tahap-0
01/07/2025,12,14,31,12:14:31,1002,Tahap-0
01/07/2025,12,14,32,12:14:32,351,Tahap-0
01/07/2025,12,14,32,12:14:32,755,Tahap-0
01/07/2025,12,14,32,12:14:32,154,Tahap-0
01/07/2025,12,14,32,12:14:32,123,Tahap-0
01/07/2025,12,14,32,12:14:32,213,Tahap-0
01/07/2025,12,14,32,12:14:32,72,Tahap-0
01/07/2025,12,14,32,12:14:32,413,Tahap-0
01/07/2025,12,14,32,12:14:32,199,Tahap-0
01/07/2025,12,14,32,12:14:32,138,Tahap-0
01/07/2025,12,14,32,12:14:32,258,Tahap-0
01/07/2025,12,14,33,12:14:33,400,Tahap-0
01/07/2025,12,14,33,12:14:33,229,Tahap-0
01/07/2025,12,14,33,12:14:33,223,Tahap-0
01/07/2025,12,14,33,12:14:33,82,Tahap-0
01/07/2025,12,14,33,12:14:33,79,Tahap-0
01/07/2025,12,14,33,12:14:33,244,Tahap-0
01/07/2025,12,14,33,12:14:33,92,Tahap-0
01/07/2025,12,14,33,12:14:33,120,Tahap-0
01/07/2025,12,14,33,12:14:33,123,Tahap-0
01/07/2025,12,14,33,12:14:33,188,Tahap-0
01/07/2025,12,14,34,12:14:34,312,Tahap-0
01/07/2025,12,14,34,12:14:34,420,Tahap-0
01/07/2025,12,14,34,12:14:34,113,Tahap-0
01/07/2025,12,14,34,12:14:34,194,Tahap-0
01/07/2025,12,14,34,12:14:34,100,Tahap-0
01/07/2025,12,14,34,12:14:34,243,Tahap-0
01/07/2025,12,14,34,12:14:34,157,Tahap-0
01/07/2025,12,14,34,12:14:34,129,Tahap-0
01/07/2025,12,14,34,12:14:34,204,Tahap-0
01/07/2025,12,14,34,12:14:34,65,Tahap-0
01/07/2025,12,14,35,12:14:35,188,Tahap-0
01/07/2025,12,14,35,12:14:35,86,Tahap-0
01/07/2025,12,14,35,12:14:35,171,Tahap-0
01/07/2025,12,14,35,12:14:35,191,Tahap-0
01/07/2025,12,14,35,12:14:35,124,Tahap-0
01/07/2025,12,14,35,12:14:35,83,Tahap-0
01/07/2025,12,14,35,12:14:35,112,Tahap-0
01/07/2025,12,14,35,12:14:35,115,Tahap-0
01/07/2025,12,14,35,12:14:35,78,Tahap-0
01/07/2025,12,14,35,12:14:35,286,Tahap-0
01/07/2025,12,14,36,12:14:36,633,Tahap-0
01/07/2025,12,14,36,12:14:36,158,Tahap-0
01/07/2025,12,14,36,12:14:36,228,Tahap-0
01/07/2025,12,14,36,12:14:36,254,Tahap-0
01/07/2025,12,14,36,12:14:36,600,Tahap-0
01/07/2025,12,14,36,12:14:36,280,Tahap-0
01/07/2025,12,14,36,12:14:36,115,Tahap-0
01/07/2025,12,14,36,12:14:36,133,Tahap-0
01/07/2025,12,14,36,12:14:36,236,Tahap-0
01/07/2025,12,14,36,12:14:36,135,Tahap-0
01/07/2025,12,14,37,12:14:37,136,Tahap-0
01/07/2025,12,14,37,12:14:37,153,Tahap-0
01/07/2025,12,14,37,12:14:37,43,Tahap-0
01/07/2025,12,14,37,12:14:37,136,Tahap-0
01/07/2025,12,14,37,12:14:37,96,Tahap-0
01/07/2025,12,14,37,12:14:37,31,Tahap-0
01/07/2025,12,14,37,12:14:37,134,Tahap-0
01/07/2025,12,14,37,12:14:37,101,Tahap-0
01/07/2025,12,14,37,12:14:37,59,Tahap-0
01/07/2025,12,14,37,12:14:37,45,Tahap-0
01/07/2025,12,14,38,12:14:38,166,Tahap-0
01/07/2025,12,14,38,12:14:38,203,Tahap-0
01/07/2025,12,14,38,12:14:38,55,Tahap-0
01/07/2025,12,14,38,12:14:38,221,Tahap-0
01/07/2025,12,14,38,12:14:38,148,Tahap-0
01/07/2025,12,14,38,12:14:38,217,Tahap-0
01/07/2025,12,14,38,12:14:38,199,Tahap-0
01/07/2025,12,14,38,12:14:38,327,Tahap-0
01/07/2025,12,14,38,12:14:38,837,Tahap-0
01/07/2025,12,14,38,12:14:38,273,Tahap-0
01/07/2025,12,14,39,12:14:39,83,Tahap-0
01/07/2025,12,14,39,12:14:39,162,Tahap-0
01/07/2025,12,14,39,12:14:39,82,Tahap-0
01/07/2025,12,14,39,12:14:39,176,Tahap-0
01/07/2025,12,14,39,12:14:39,163,Tahap-0
01/07/2025,12,14,39,12:14:39,41,Tahap-0
01/07/2025,12,14,39,12:14:39,69,Tahap-0
01/07/2025,12,14,39,12:14:39,218,Tahap-0
01/07/2025,12,14,39,12:14:39,139,Tahap-0
01/07/2025,12,14,39,12:14:39,202,Tahap-0
01/07/2025,12,14,40,12:14:40,86,Tahap-0
01/07/2025,12,14,40,12:14:40,25,Tahap-0
01/07/2025,12,14,40,12:14:40,293,Tahap-0
01/07/2025,12,14,40,12:14:40,629,Tahap-0
01/07/2025,12,14,40,12:14:40,473,Tahap-0
01/07/2025,12,14,40,12:14:40,304,Tahap-0
01/07/2025,12,14,40,12:14:40,201,Tahap-0
01/07/2025,12,14,40,12:14:40,69,Tahap-0
01/07/2025,12,14,40,12:14:40,207,Tahap-0
01/07/2025,12,14,40,12:14:40,37,Tahap-0
01/07/2025,12,14,41,12:14:41,319,Tahap-0
01/07/2025,12,14,41,12:14:41,924,Tahap-0
01/07/2025,12,14,41,12:14:41,495,Tahap-0
01/07/2025,12,14,41,12:14:41,816,Tahap-0
01/07/2025,12,14,41,12:14:41,533,Tahap-0
01/07/2025,12,14,41,12:14:41,187,Tahap-0
01/07/2025,12,14,41,12:14:41,176,Tahap-0
01/07/2025,12,14,41,12:14:41,319,Tahap-0
01/07/2025,12,14,41,12:14:41,348,Tahap-0
01/07/2025,12,14,41,12:14:41,470,Tahap-0
01/07/2025,12,14,42,12:14:42,251,Tahap-0
01/07/2025,12,14,42,12:14:42,174,Tahap-0
01/07/2025,12,14,42,12:14:42,202,Tahap-0
01/07/2025,12,14,42,12:14:42,304,Tahap-0
01/07/2025,12,14,42,12:14:42,172,Tahap-0
01/07/2025,12,14,42,12:14:42,139,Tahap-0
01/07/2025,12,14,42,12:14:42,330,Tahap-0
01/07/2025,12,14,42,12:14:42,470,Tahap-0
01/07/2025,12,14,42,12:14:42,65,Tahap-0
01/07/2025,12,14,42,12:14:42,82,Tahap-0
01/07/2025,12,14,43,12:14:43,398,Tahap-0
01/07/2025,12,14,43,12:14:43,475,Tahap-0
01/07/2025,12,14,43,12:14:43,541,Tahap-0
01/07/2025,12,14,43,12:14:43,872,Tahap-0
01/07/2025,12,14,43,12:14:43,1587,Tahap-0
01/07/2025,12,14,43,12:14:43,1046,Tahap-0
01/07/2025,12,14,43,12:14:43,372,Tahap-0
01/07/2025,12,14,43,12:14:43,104,Tahap-0
01/07/2025,12,14,43,12:14:43,171,Tahap-0
01/07/2025,12,14,43,12:14:43,132,Tahap-0
01/07/2025,12,14,44,12:14:44,342,Tahap-0
01/07/2025,12,14,44,12:14:44,225,Tahap-0
01/07/2025,12,14,44,12:14:44,65,Tahap-0
01/07/2025,12,14,44,12:14:44,638,Tahap-0
01/07/2025,12,14,44,12:14:44,517,Tahap-0
01/07/2025,12,14,44,12:14:44,-80,Tahap-0
01/07/2025,12,14,44,12:14:44,-48,Tahap-0
01/07/2025,12,14,44,12:14:44,-8,Tahap-0
01/07/2025,12,14,44,12:14:44,-128,Tahap-0
01/07/2025,12,14,44,12:14:44,-24,Tahap-0
01/07/2025,12,14,45,12:14:45,-164,Tahap-0
01/07/2025,12,14,45,12:14:45,-88,Tahap-0
01/07/2025,12,14,45,12:14:45,-112,Tahap-0
01/07/2025,12,14,45,12:14:45,40,Tahap-0
01/07/2025,12,14,45,12:14:45,-160,Tahap-0
01/07/2025,12,14,45,12:14:45,-120,Tahap-0
01/07/2025,12,14,45,12:14:45,-68,Tahap-0
01/07/2025,12,14,45,12:14:45,-4,Tahap-0
01/07/2025,12,14,45,12:14:45,-16,Tahap-0
01/07/2025,12,14,45,12:14:45,-160,Tahap-0
01/07/2025,12,14,46,12:14:46,-16,Tahap-0
01/07/2025,12,14,46,12:14:46,-232,Tahap-0
01/07/2025,12,14,46,12:14:46,-124,Tahap-0
01/07/2025,12,14,46,12:14:46,-108,Tahap-0
01/07/2025,12,14,46,12:14:46,-4,Tahap-0
01/07/2025,12,14,46,12:14:46,-204,Tahap-0
01/07/2025,12,14,46,12:14:46,-76,Tahap-0
01/07/2025,12,14,46,12:14:46,-172,Tahap-0
01/07/2025,12,14,46,12:14:46,-52,Tahap-0
01/07/2025,12,14,46,12:14:46,-44,Tahap-0
01/07/2025,12,14,47,12:14:47,-236,Tahap-0
01/07/2025,12,14,47,12:14:47,20,Tahap-0
01/07/2025,12,14,47,12:14:47,-336,Tahap-0
01/07/2025,12,14,47,12:14:47,-104,Tahap-0
01/07/2025,12,14,47,12:14:47,-152,Tahap-0
01/07/2025,12,14,47,12:14:47,52,Tahap-0
01/07/2025,12,14,47,12:14:47,-216,Tahap-0
01/07/2025,12,14,47,12:14:47,-16,Tahap-0
01/07/2025,12,14,47,12:14:47,-212,Tahap-0
01/07/2025,12,14,47,12:14:47,-76,Tahap-0
01/07/2025,12,14,48,12:14:48,-176,Tahap-0
01/07/2025,12,14,48,12:14:48,-172,Tahap-0
01/07/2025,12,14,48,12:14:48,-168,Tahap-0
01/07/2025,12,14,48,12:14:48,-192,Tahap-0
01/07/2025,12,14,48,12:14:48,-236,Tahap-0
01/07/2025,12,14,48,12:14:48,-160,Tahap-0
01/07/2025,12,14,48,12:14:48,-108,Tahap-0
01/07/2025,12,14,48,12:14:48,-340,Tahap-0
01/07/2025,12,14,48,12:14:48,-96,Tahap-0
01/07/2025,12,14,48,12:14:48,-236,Tahap-0
01/07/2025,12,14,49,12:14:49,-132,Tahap-0
01/07/2025,12,14,49,12:14:49,-176,Tahap-0
01/07/2025,12,14,49,12:14:49,-116,Tahap-0
01/07/2025,12,14,49,12:14:49,-148,Tahap-0
01/07/2025,12,14,49,12:14:49,-216,Tahap-0
01/07/2025,12,14,49,12:14:49,-68,Tahap-0
01/07/2025,12,14,49,12:14:49,-164,Tahap-0
01/07/2025,12,14,49,12:14:49,-212,Tahap-0
01/07/2025,12,14,49,12:14:49,-12,Tahap-0
01/07/2025,12,14,50,12:14:50,-216,Tahap-0
01/07/2025,12,14,50,12:14:50,12,Tahap-0
01/07/2025,12,14,50,12:14:50,-252,Tahap-0
01/07/2025,12,14,50,12:14:50,-120,Tahap-0
01/07/2025,12,14,50,12:14:50,-104,Tahap-0
01/07/2025,12,14,50,12:14:50,-236,Tahap-0
01/07/2025,12,14,50,12:14:50,-108,Tahap-0
01/07/2025,12,14,50,12:14:50,-92,Tahap-0
01/07/2025,12,14,50,12:14:50,-128,Tahap-0
01/07/2025,12,14,50,12:14:50,-188,Tahap-0
01/07/2025,12,14,51,12:14:51,16,Tahap-0
01/07/2025,12,14,51,12:14:51,-172,Tahap-0
01/07/2025,12,14,51,12:14:51,-44,Tahap-0
01/07/2025,12,14,51,12:14:51,-124,Tahap-0
01/07/2025,12,14,51,12:14:51,-140,Tahap-0
01/07/2025,12,14,51,12:14:51,-80,Tahap-0
01/07/2025,12,14,51,12:14:51,-132,Tahap-0
01/07/2025,12,14,51,12:14:51,-136,Tahap-0
01/07/2025,12,14,51,12:14:51,72,Tahap-0
01/07/2025,12,14,51,12:14:51,-88,Tahap-0
01/07/2025,12,14,51,12:14:51,-104,Tahap-0
01/07/2025,12,14,52,12:14:52,44,Tahap-0
01/07/2025,12,14,52,12:14:52,-60,Tahap-0
01/07/2025,12,14,52,12:14:52,100,Tahap-0
01/07/2025,12,14,52,12:14:52,-136,Tahap-0
01/07/2025,12,14,52,12:14:52,40,Tahap-0
01/07/2025,12,14,52,12:14:52,-152,Tahap-0
01/07/2025,12,14,52,12:14:52,-96,Tahap-0
01/07/2025,12,14,52,12:14:52,-92,Tahap-0
01/07/2025,12,14,52,12:14:52,36,Tahap-0
01/07/2025,12,14,52,12:14:52,-92,Tahap-0
01/07/2025,12,14,53,12:14:53,-88,Tahap-0
01/07/2025,12,14,53,12:14:53,-68,Tahap-0
01/07/2025,12,14,53,12:14:53,-52,Tahap-0
01/07/2025,12,14,53,12:14:53,68,Tahap-0
01/07/2025,12,14,53,12:14:53,-160,Tahap-0
01/07/2025,12,14,53,12:14:53,24,Tahap-0
01/07/2025,12,14,53,12:14:53,-124,Tahap-0
01/07/2025,12,14,53,12:14:53,-88,Tahap-0
01/07/2025,12,14,53,12:14:53,-12,Tahap-0
01/07/2025,12,14,53,12:14:53,108,Tahap-0
01/07/2025,12,14,54,12:14:54,-140,Tahap-0
01/07/2025,12,14,54,12:14:54,84,Tahap-0
01/07/2025,12,14,54,12:14:54,8,Tahap-0
01/07/2025,12,14,54,12:14:54,-20,Tahap-0
01/07/2025,12,14,54,12:14:54,132,Tahap-0
01/07/2025,12,14,54,12:14:54,-4,Tahap-0
01/07/2025,12,14,54,12:14:54,36,Tahap-0
01/07/2025,12,14,54,12:14:54,8,Tahap-0
01/07/2025,12,14,54,12:14:54,-72,Tahap-0
01/07/2025,12,14,54,12:14:54,24,Tahap-0
01/07/2025,12,14,55,12:14:55,128,Tahap-0
01/07/2025,12,14,56,12:14:56,-88,Tahap-0
01/07/2025,12,14,56,12:14:56,108,Tahap-0
01/07/2025,12,14,56,12:14:56,20,Tahap-0
01/07/2025,12,14,56,12:14:56,52,Tahap-0
01/07/2025,12,14,56,12:14:56,28,Tahap-0
01/07/2025,12,14,56,12:14:56,36,Tahap-0
01/07/2025,12,14,56,12:14:56,132,Tahap-0
01/07/2025,12,14,56,12:14:56,-20,Tahap-0
01/07/2025,12,14,56,12:14:56,112,Tahap-0
01/07/2025,12,14,56,12:14:56,44,Tahap-0
01/07/2025,12,14,56,12:14:56,140,Tahap-0
01/07/2025,12,14,56,12:14:56,4,Tahap-0
01/07/2025,12,14,56,12:14:56,188,Tahap-0
01/07/2025,12,14,56,12:14:56,108,Tahap-0
01/07/2025,12,14,56,12:14:56,208,Tahap-0
01/07/2025,12,14,56,12:14:56,32,Tahap-0
01/07/2025,12,14,56,12:14:56,68,Tahap-0
01/07/2025,12,14,56,12:14:56,188,Tahap-0
01/07/2025,12,14,56,12:14:56,-16,Tahap-0
01/07/2025,12,14,57,12:14:57,160,Tahap-0
01/07/2025,12,14,57,12:14:57,48,Tahap-0
01/07/2025,12,14,57,12:14:57,116,Tahap-0
01/07/2025,12,15,21,12:15:21,10057,Tahap-0
01/07/2025,12,15,21,12:15:21,2710,Tahap-0
01/07/2025,12,15,21,12:15:21,1808,Tahap-0
01/07/2025,12,15,22,12:15:22,1642,Tahap-0
01/07/2025,12,15,22,12:15:22,1377,Tahap-0
01/07/2025,12,15,22,12:15:22,881,Tahap-0
01/07/2025,12,15,22,12:15:22,957,Tahap-0
01/07/2025,12,15,22,12:15:22,866,Tahap-0
01/07/2025,12,15,22,12:15:22,653,Tahap-0
01/07/2025,12,15,22,12:15:22,679,Tahap-0
01/07/2025,12,15,22,12:15:22,551,Tahap-0
01/07/2025,12,15,22,12:15:22,517,Tahap-0
01/07/2025,12,15,22,12:15:22,530,Tahap-0
01/07/2025,12,15,23,12:15:23,589,Tahap-0
01/07/2025,12,15,23,12:15:23,404,Tahap-0
01/07/2025,12,15,23,12:15:23,230,Tahap-0
01/07/2025,12,15,23,12:15:23,547,Tahap-0
01/07/2025,12,15,23,12:15:23,199,Tahap-0
01/07/2025,12,15,23,12:15:23,244,Tahap-0
01/07/2025,12,15,23,12:15:23,268,Tahap-0
01/07/2025,12,15,23,12:15:23,311,Tahap-0
01/07/2025,12,15,23,12:15:23,237,Tahap-0
01/07/2025,12,15,23,12:15:23,442,Tahap-0
01/07/2025,12,15,24,12:15:24,380,Tahap-0
01/07/2025,12,15,24,12:15:24,293,Tahap-0
01/07/2025,12,15,24,12:15:24,260,Tahap-0
01/07/2025,12,15,24,12:15:24,439,Tahap-0
01/07/2025,12,15,24,12:15:24,344,Tahap-0
01/07/2025,12,15,24,12:15:24,179,Tahap-0
01/07/2025,12,15,24,12:15:24,326,Tahap-0
01/07/2025,12,15,24,12:15:24,262,Tahap-0
01/07/2025,12,15,24,12:15:24,211,Tahap-0
01/07/2025,12,15,24,12:15:24,239,Tahap-0
01/07/2025,12,15,25,12:15:25,121,Tahap-0
01/07/2025,12,15,26,12:15:26,416,Tahap-0
01/07/2025,12,15,26,12:15:26,66,Tahap-0
01/07/2025,12,15,26,12:15:26,147,Tahap-0
01/07/2025,12,15,26,12:15:26,231,Tahap-0
01/07/2025,12,15,26,12:15:26,86,Tahap-0
01/07/2025,12,15,26,12:15:26,328,Tahap-0
01/07/2025,12,15,26,12:15:26,406,Tahap-0
01/07/2025,12,15,26,12:15:26,333,Tahap-0
01/07/2025,12,15,26,12:15:26,675,Tahap-0
01/07/2025,12,15,26,12:15:26,159,Tahap-0
01/07/2025,12,15,26,12:15:26,372,Tahap-0
01/07/2025,12,15,26,12:15:26,215,Tahap-0
01/07/2025,12,15,26,12:15:26,308,Tahap-0
01/07/2025,12,15,26,12:15:26,399,Tahap-0
01/07/2025,12,15,26,12:15:26,249,Tahap-0
01/07/2025,12,15,26,12:15:26,78,Tahap-0
01/07/2025,12,15,26,12:15:26,180,Tahap-0
01/07/2025,12,15,26,12:15:26,11,Tahap-0
01/07/2025,12,15,26,12:15:26,280,Tahap-0
01/07/2025,12,15,27,12:15:27,178,Tahap-0
01/07/2025,12,15,27,12:15:27,81,Tahap-0
01/07/2025,12,15,27,12:15:27,265,Tahap-0
01/07/2025,12,15,27,12:15:27,142,Tahap-0
01/07/2025,12,15,27,12:15:27,209,Tahap-0
01/07/2025,12,15,27,12:15:27,57,Tahap-0
01/07/2025,12,15,27,12:15:27,128,Tahap-0
01/07/2025,12,15,27,12:15:27,166,Tahap-0
01/07/2025,12,15,27,12:15:27,87,Tahap-0
01/07/2025,12,15,27,12:15:27,90,Tahap-0
01/07/2025,12,15,28,12:15:28,196,Tahap-0
01/07/2025,12,15,28,12:15:28,184,Tahap-0
01/07/2025,12,15,28,12:15:28,301,Tahap-0
01/07/2025,12,15,28,12:15:28,299,Tahap-0
01/07/2025,12,15,28,12:15:28,232,Tahap-0
01/07/2025,12,15,28,12:15:28,328,Tahap-0
01/07/2025,12,15,28,12:15:28,933,Tahap-0
01/07/2025,12,15,28,12:15:28,217,Tahap-0
01/07/2025,12,15,28,12:15:28,212,Tahap-0
01/07/2025,12,15,28,12:15:28,205,Tahap-0
01/07/2025,12,15,29,12:15:29,304,Tahap-0
01/07/2025,12,15,29,12:15:29,130,Tahap-0
01/07/2025,12,15,29,12:15:29,127,Tahap-0
01/07/2025,12,15,29,12:15:29,318,Tahap-0
01/07/2025,12,15,29,12:15:29,415,Tahap-0
01/07/2025,12,15,29,12:15:29,195,Tahap-0
01/07/2025,12,15,29,12:15:29,225,Tahap-0
01/07/2025,12,15,29,12:15:29,179,Tahap-0
01/07/2025,12,15,29,12:15:29,81,Tahap-0
01/07/2025,12,15,29,12:15:29,146,Tahap-0
01/07/2025,12,15,30,12:15:30,86,Tahap-0
01/07/2025,12,15,30,12:15:30,160,Tahap-0
01/07/2025,12,15,30,12:15:30,891,Tahap-0
01/07/2025,12,15,30,12:15:30,270,Tahap-0
01/07/2025,12,15,30,12:15:30,242,Tahap-0
01/07/2025,12,15,30,12:15:30,176,Tahap-0
01/07/2025,12,15,30,12:15:30,131,Tahap-0
01/07/2025,12,15,30,12:15:30,95,Tahap-0
01/07/2025,12,15,30,12:15:30,229,Tahap-0
01/07/2025,12,15,30,12:15:30,520,Tahap-0
01/07/2025,12,15,31,12:15:31,762,Tahap-0
01/07/2025,12,15,31,12:15:31,583,Tahap-0
01/07/2025,12,15,31,12:15:31,207,Tahap-0
01/07/2025,12,15,31,12:15:31,441,Tahap-0
01/07/2025,12,15,31,12:15:31,179,Tahap-0
01/07/2025,12,15,31,12:15:31,60,Tahap-0
01/07/2025,12,15,31,12:15:31,115,Tahap-0
01/07/2025,12,15,31,12:15:31,461,Tahap-0
01/07/2025,12,15,31,12:15:31,540,Tahap-0
01/07/2025,12,15,31,12:15:31,443,Tahap-0
01/07/2025,12,15,32,12:15:32,138,Tahap-0
01/07/2025,12,15,32,12:15:32,329,Tahap-0
01/07/2025,12,15,32,12:15:32,212,Tahap-0
01/07/2025,12,15,32,12:15:32,133,Tahap-0
01/07/2025,12,15,32,12:15:32,425,Tahap-0
01/07/2025,12,15,32,12:15:32,325,Tahap-0
01/07/2025,12,15,32,12:15:32,347,Tahap-0
01/07/2025,12,15,32,12:15:32,459,Tahap-0
01/07/2025,12,15,32,12:15:32,359,Tahap-0
01/07/2025,12,15,32,12:15:32,232,Tahap-0
01/07/2025,12,15,33,12:15:33,630,Tahap-0
01/07/2025,12,15,33,12:15:33,407,Tahap-0
01/07/2025,12,15,33,12:15:33,985,Tahap-0
01/07/2025,12,15,33,12:15:33,1315,Tahap-0
01/07/2025,12,15,33,12:15:33,714,Tahap-0
01/07/2025,12,15,33,12:15:33,467,Tahap-0
01/07/2025,12,15,33,12:15:33,518,Tahap-0
01/07/2025,12,15,33,12:15:33,379,Tahap-0
01/07/2025,12,15,33,12:15:33,158,Tahap-0
01/07/2025,12,15,33,12:15:33,441,Tahap-0
01/07/2025,12,15,34,12:15:34,147,Tahap-0
01/07/2025,12,15,34,12:15:34,270,Tahap-0
01/07/2025,12,15,34,12:15:34,227,Tahap-0
01/07/2025,12,15,34,12:15:34,892,Tahap-0
01/07/2025,12,15,34,12:15:34,26,Tahap-0
01/07/2025,12,15,34,12:15:34,-34,Tahap-0
01/07/2025,12,15,34,12:15:34,18,Tahap-0
01/07/2025,12,15,34,12:15:34,6,Tahap-0
01/07/2025,12,15,34,12:15:34,80,Tahap-0
01/07/2025,12,15,34,12:15:34,-26,Tahap-0
01/07/2025,12,15,35,12:15:35,26,Tahap-0
01/07/2025,12,15,35,12:15:35,56,Tahap-0
01/07/2025,12,15,35,12:15:35,22,Tahap-0
01/07/2025,12,15,35,12:15:35,82,Tahap-0
01/07/2025,12,15,35,12:15:35,-38,Tahap-0
01/07/2025,12,15,35,12:15:35,58,Tahap-0
01/07/2025,12,15,35,12:15:35,22,Tahap-0
01/07/2025,12,15,35,12:15:35,18,Tahap-0
01/07/2025,12,15,35,12:15:35,50,Tahap-0
01/07/2025,12,15,35,12:15:35,106,Tahap-0
01/07/2025,12,15,36,12:15:36,30,Tahap-0
01/07/2025,12,15,36,12:15:36,46,Tahap-0
01/07/2025,12,15,36,12:15:36,80,Tahap-0
01/07/2025,12,15,36,12:15:36,106,Tahap-0
01/07/2025,12,15,36,12:15:36,56,Tahap-0
01/07/2025,12,15,36,12:15:36,56,Tahap-0
01/07/2025,12,15,36,12:15:36,94,Tahap-0
01/07/2025,12,15,36,12:15:36,58,Tahap-0
01/07/2025,12,15,36,12:15:36,84,Tahap-0
01/07/2025,12,15,36,12:15:36,68,Tahap-0
01/07/2025,12,15,37,12:15:37,90,Tahap-0
01/07/2025,12,15,37,12:15:37,102,Tahap-0
01/07/2025,12,15,37,12:15:37,4,Tahap-0
01/07/2025,12,15,37,12:15:37,72,Tahap-0
01/07/2025,12,15,37,12:15:37,84,Tahap-0
01/07/2025,12,15,37,12:15:37,180,Tahap-0
01/07/2025,12,15,37,12:15:37,10,Tahap-0
01/07/2025,12,15,37,12:15:37,156,Tahap-0
01/07/2025,12,15,37,12:15:37,88,Tahap-0
01/07/2025,12,15,38,12:15:38,86,Tahap-0
01/07/2025,12,15,38,12:15:38,154,Tahap-0
01/07/2025,12,15,38,12:15:38,68,Tahap-0
01/07/2025,12,15,38,12:15:38,126,Tahap-0
01/07/2025,12,15,38,12:15:38,84,Tahap-0
01/07/2025,12,15,38,12:15:38,94,Tahap-0
01/07/2025,12,15,38,12:15:38,128,Tahap-0
01/07/2025,12,15,38,12:15:38,50,Tahap-0
01/07/2025,12,15,38,12:15:38,130,Tahap-0
01/07/2025,12,15,38,12:15:38,124,Tahap-0
01/07/2025,12,15,39,12:15:39,54,Tahap-0
01/07/2025,12,15,39,12:15:39,130,Tahap-0
01/07/2025,12,15,39,12:15:39,182,Tahap-0
01/07/2025,12,15,39,12:15:39,94,Tahap-0
01/07/2025,12,15,39,12:15:39,104,Tahap-0
01/07/2025,12,15,39,12:15:39,144,Tahap-0
01/07/2025,12,15,39,12:15:39,98,Tahap-0
01/07/2025,12,15,39,12:15:39,144,Tahap-0
01/07/2025,12,15,39,12:15:39,116,Tahap-0
01/07/2025,12,15,39,12:15:39,140,Tahap-0
01/07/2025,12,15,40,12:15:40,84,Tahap-0
01/07/2025,12,15,40,12:15:40,110,Tahap-0
01/07/2025,12,15,40,12:15:40,64,Tahap-0
01/07/2025,12,15,40,12:15:40,180,Tahap-0
01/07/2025,12,15,40,12:15:40,62,Tahap-0
01/07/2025,12,15,40,12:15:40,196,Tahap-0
01/07/2025,12,15,40,12:15:40,96,Tahap-0
01/07/2025,12,15,40,12:15:40,196,Tahap-0
01/07/2025,12,15,40,12:15:40,108,Tahap-0
01/07/2025,12,15,40,12:15:40,122,Tahap-0
01/07/2025,12,15,41,12:15:41,198,Tahap-0
01/07/2025,12,15,41,12:15:41,100,Tahap-0
01/07/2025,12,15,41,12:15:41,138,Tahap-0
01/07/2025,12,15,41,12:15:41,128,Tahap-0
01/07/2025,12,15,41,12:15:41,162,Tahap-0
01/07/2025,12,15,41,12:15:41,114,Tahap-0
01/07/2025,12,15,41,12:15:41,162,Tahap-0
01/07/2025,12,15,41,12:15:41,144,Tahap-0
01/07/2025,12,15,41,12:15:41,138,Tahap-0
01/07/2025,12,15,41,12:15:41,174,Tahap-0
01/07/2025,12,15,42,12:15:42,38,Tahap-0
01/07/2025,12,15,42,12:15:42,174,Tahap-0
01/07/2025,12,15,42,12:15:42,92,Tahap-0
01/07/2025,12,15,42,12:15:42,124,Tahap-0
01/07/2025,12,15,42,12:15:42,172,Tahap-0
01/07/2025,12,15,42,12:15:42,174,Tahap-0
01/07/2025,12,15,42,12:15:42,112,Tahap-0
01/07/2025,12,15,42,12:15:42,186,Tahap-0
01/07/2025,12,15,42,12:15:42,140,Tahap-0
01/07/2025,12,15,42,12:15:42,174,Tahap-0
01/07/2025,12,15,43,12:15:43,158,Tahap-0
01/07/2025,12,15,43,12:15:43,112,Tahap-0
01/07/2025,12,15,43,12:15:43,140,Tahap-0
01/07/2025,12,15,43,12:15:43,108,Tahap-0
01/07/2025,12,15,43,12:15:43,178,Tahap-0
01/07/2025,12,15,43,12:15:43,124,Tahap-0
01/07/2025,12,15,43,12:15:43,204,Tahap-0
01/07/2025,12,15,43,12:15:43,92,Tahap-0
01/07/2025,12,15,43,12:15:43,112,Tahap-0
01/07/2025,12,15,43,12:15:43,134,Tahap-0
01/07/2025,12,15,44,12:15:44,204,Tahap-0
01/07/2025,12,15,44,12:15:44,162,Tahap-0
01/07/2025,12,15,44,12:15:44,116,Tahap-0
01/07/2025,12,15,44,12:15:44,192,Tahap-0
01/07/2025,12,15,44,12:15:44,58,Tahap-0
01/07/2025,12,15,44,12:15:44,186,Tahap-0
01/07/2025,12,15,44,12:15:44,140,Tahap-0
01/07/2025,12,15,44,12:15:44,206,Tahap-0
01/07/2025,12,15,44,12:15:44,134,Tahap-0
01/07/2025,12,15,44,12:15:44,130,Tahap-0
01/07/2025,12,15,45,12:15:45,138,Tahap-0
01/07/2025,12,15,45,12:15:45,164,Tahap-0
01/07/2025,12,15,45,12:15:45,196,Tahap-0
01/07/2025,12,15,45,12:15:45,94,Tahap-0
01/07/2025,12,15,45,12:15:45,210,Tahap-0
01/07/2025,12,15,45,12:15:45,68,Tahap-0
01/07/2025,12,15,45,12:15:45,146,Tahap-0
01/07/2025,12,15,45,12:15:45,128,Tahap-0
01/07/2025,12,15,45,12:15:45,220,Tahap-0
01/07/2025,12,15,45,12:15:45,122,Tahap-0
01/07/2025,12,15,46,12:15:46,210,Tahap-0
01/07/2025,12,15,46,12:15:46,164,Tahap-0
01/07/2025,12,15,46,12:15:46,188,Tahap-0
01/07/2025,12,15,46,12:15:46,182,Tahap-0
01/07/2025,12,15,46,12:15:46,170,Tahap-0
01/07/2025,12,15,46,12:15:46,200,Tahap-0
01/07/2025,12,15,46,12:15:46,166,Tahap-0
01/07/2025,12,15,46,12:15:46,164,Tahap-0
01/07/2025,12,15,46,12:15:46,168,Tahap-0
01/07/2025,12,15,46,12:15:46,238,Tahap-0
01/07/2025,12,15,47,12:15:47,138,Tahap-0
01/07/2025,12,15,47,12:15:47,220,Tahap-0
01/07/2025,12,15,47,12:15:47,176,Tahap-0
01/07/2025,12,16,11,12:16:11,2545,Tahap-0
01/07/2025,12,16,11,12:16:11,1330,Tahap-0
01/07/2025,12,16,11,12:16:11,1078,Tahap-0
01/07/2025,12,16,11,12:16:11,791,Tahap-0
01/07/2025,12,16,12,12:16:12,873,Tahap-0
01/07/2025,12,16,12,12:16:12,440,Tahap-0
01/07/2025,12,16,12,12:16:12,263,Tahap-0
01/07/2025,12,16,12,12:16:12,361,Tahap-0
01/07/2025,12,16,12,12:16:12,409,Tahap-0
01/07/2025,12,16,12,12:16:12,110,Tahap-0
01/07/2025,12,16,12,12:16:12,257,Tahap-0
01/07/2025,12,16,12,12:16:12,219,Tahap-0
01/07/2025,12,16,12,12:16:12,268,Tahap-0
01/07/2025,12,16,12,12:16:12,205,Tahap-0
01/07/2025,12,16,13,12:16:13,67,Tahap-0
01/07/2025,12,16,13,12:16:13,109,Tahap-0
01/07/2025,12,16,13,12:16:13,123,Tahap-0
01/07/2025,12,16,13,12:16:13,145,Tahap-0
01/07/2025,12,16,13,12:16:13,100,Tahap-0
01/07/2025,12,16,13,12:16:13,253,Tahap-0
01/07/2025,12,16,13,12:16:13,205,Tahap-0
01/07/2025,12,16,13,12:16:13,49,Tahap-0
01/07/2025,12,16,13,12:16:13,336,Tahap-0
01/07/2025,12,16,13,12:16:13,439,Tahap-0
01/07/2025,12,16,14,12:16:14,100,Tahap-0
01/07/2025,12,16,14,12:16:14,220,Tahap-0
01/07/2025,12,16,14,12:16:14,155,Tahap-0
01/07/2025,12,16,14,12:16:14,278,Tahap-0
01/07/2025,12,16,14,12:16:14,154,Tahap-0
01/07/2025,12,16,14,12:16:14,289,Tahap-0
01/07/2025,12,16,14,12:16:14,116,Tahap-0
01/07/2025,12,16,14,12:16:14,138,Tahap-0
01/07/2025,12,16,14,12:16:14,153,Tahap-0
01/07/2025,12,16,14,12:16:14,160,Tahap-0
01/07/2025,12,16,15,12:16:15,246,Tahap-0
01/07/2025,12,16,15,12:16:15,221,Tahap-0
01/07/2025,12,16,15,12:16:15,194,Tahap-0
01/07/2025,12,16,15,12:16:15,175,Tahap-0
01/07/2025,12,16,15,12:16:15,211,Tahap-0
01/07/2025,12,16,15,12:16:15,132,Tahap-0
01/07/2025,12,16,15,12:16:15,176,Tahap-0
01/07/2025,12,16,15,12:16:15,210,Tahap-0
01/07/2025,12,16,15,12:16:15,795,Tahap-0
01/07/2025,12,16,15,12:16:15,47,Tahap-0
01/07/2025,12,16,16,12:16:16,235,Tahap-0
01/07/2025,12,16,16,12:16:16,230,Tahap-0
01/07/2025,12,16,16,12:16:16,554,Tahap-0
01/07/2025,12,16,16,12:16:16,105,Tahap-0
01/07/2025,12,16,16,12:16:16,112,Tahap-0
01/07/2025,12,16,16,12:16:16,38,Tahap-0
01/07/2025,12,16,16,12:16:16,90,Tahap-0
01/07/2025,12,16,16,12:16:16,20,Tahap-0
01/07/2025,12,16,16,12:16:16,243,Tahap-0
01/07/2025,12,16,16,12:16:16,116,Tahap-0
01/07/2025,12,16,17,12:16:17,158,Tahap-0
01/07/2025,12,16,17,12:16:17,154,Tahap-0
01/07/2025,12,16,17,12:16:17,120,Tahap-0
01/07/2025,12,16,17,12:16:17,111,Tahap-0
01/07/2025,12,16,17,12:16:17,150,Tahap-0
01/07/2025,12,16,17,12:16:17,95,Tahap-0
01/07/2025,12,16,17,12:16:17,58,Tahap-0
01/07/2025,12,16,17,12:16:17,51,Tahap-0
01/07/2025,12,16,17,12:16:17,222,Tahap-0
01/07/2025,12,16,17,12:16:17,208,Tahap-0
01/07/2025,12,16,18,12:16:18,127,Tahap-0
01/07/2025,12,16,18,12:16:18,86,Tahap-0
01/07/2025,12,16,18,12:16:18,125,Tahap-0
01/07/2025,12,16,18,12:16:18,444,Tahap-0
01/07/2025,12,16,18,12:16:18,267,Tahap-0
01/07/2025,12,16,18,12:16:18,713,Tahap-0
01/07/2025,12,16,18,12:16:18,626,Tahap-0
01/07/2025,12,16,18,12:16:18,336,Tahap-0
01/07/2025,12,16,18,12:16:18,23,Tahap-0
01/07/2025,12,16,18,12:16:18,74,Tahap-0
01/07/2025,12,16,19,12:16:19,155,Tahap-0
01/07/2025,12,16,19,12:16:19,88,Tahap-0
01/07/2025,12,16,19,12:16:19,80,Tahap-0
01/07/2025,12,16,19,12:16:19,136,Tahap-0
01/07/2025,12,16,19,12:16:19,149,Tahap-0
01/07/2025,12,16,19,12:16:19,96,Tahap-0
01/07/2025,12,16,19,12:16:19,107,Tahap-0
01/07/2025,12,16,19,12:16:19,108,Tahap-0
01/07/2025,12,16,19,12:16:19,57,Tahap-0
01/07/2025,12,16,19,12:16:19,130,Tahap-0
01/07/2025,12,16,20,12:16:20,291,Tahap-0
01/07/2025,12,16,20,12:16:20,788,Tahap-0
01/07/2025,12,16,20,12:16:20,194,Tahap-0
01/07/2025,12,16,20,12:16:20,185,Tahap-0
01/07/2025,12,16,20,12:16:20,419,Tahap-0
01/07/2025,12,16,20,12:16:20,378,Tahap-0
01/07/2025,12,16,20,12:16:20,225,Tahap-0
01/07/2025,12,16,20,12:16:20,93,Tahap-0
01/07/2025,12,16,20,12:16:20,221,Tahap-0
01/07/2025,12,16,20,12:16:20,1452,Tahap-0
01/07/2025,12,16,21,12:16:21,482,Tahap-0
01/07/2025,12,16,21,12:16:21,691,Tahap-0
01/07/2025,12,16,21,12:16:21,244,Tahap-0
01/07/2025,12,16,21,12:16:21,212,Tahap-0
01/07/2025,12,16,21,12:16:21,305,Tahap-0
01/07/2025,12,16,21,12:16:21,300,Tahap-0
01/07/2025,12,16,21,12:16:21,289,Tahap-0
01/07/2025,12,16,21,12:16:21,438,Tahap-0
01/07/2025,12,16,21,12:16:21,274,Tahap-0
01/07/2025,12,16,21,12:16:21,208,Tahap-0
01/07/2025,12,16,22,12:16:22,155,Tahap-0
01/07/2025,12,16,22,12:16:22,397,Tahap-0
01/07/2025,12,16,22,12:16:22,145,Tahap-0
01/07/2025,12,16,22,12:16:22,243,Tahap-0
01/07/2025,12,16,22,12:16:22,269,Tahap-0
01/07/2025,12,16,22,12:16:22,575,Tahap-0
01/07/2025,12,16,22,12:16:22,186,Tahap-0
01/07/2025,12,16,22,12:16:22,448,Tahap-0
01/07/2025,12,16,22,12:16:22,416,Tahap-0
01/07/2025,12,16,22,12:16:22,599,Tahap-0
01/07/2025,12,16,23,12:16:23,752,Tahap-0
01/07/2025,12,16,23,12:16:23,475,Tahap-0
01/07/2025,12,16,23,12:16:23,1250,Tahap-0
01/07/2025,12,16,23,12:16:23,1021,Tahap-0
01/07/2025,12,16,23,12:16:23,474,Tahap-0
01/07/2025,12,16,23,12:16:23,295,Tahap-0
01/07/2025,12,16,23,12:16:23,422,Tahap-0
01/07/2025,12,16,23,12:16:23,510,Tahap-0
01/07/2025,12,16,23,12:16:23,279,Tahap-0
01/07/2025,12,16,23,12:16:23,118,Tahap-0
01/07/2025,12,16,24,12:16:24,64,Tahap-0
01/07/2025,12,16,24,12:16:24,504,Tahap-0
01/07/2025,12,16,24,12:16:24,627,Tahap-0
01/07/2025,12,16,24,12:16:24,80,Tahap-0
01/07/2025,12,16,24,12:16:24,60,Tahap-0
01/07/2025,12,16,24,12:16:24,96,Tahap-0
01/07/2025,12,16,24,12:16:24,-68,Tahap-0
01/07/2025,12,16,24,12:16:24,40,Tahap-0
01/07/2025,12,16,24,12:16:24,-100,Tahap-0
01/07/2025,12,16,24,12:16:24,-48,Tahap-0
01/07/2025,12,16,25,12:16:25,-40,Tahap-0
01/07/2025,12,16,26,12:16:26,104,Tahap-0
01/07/2025,12,16,26,12:16:26,-168,Tahap-0
01/07/2025,12,16,26,12:16:26,-16,Tahap-0
01/07/2025,12,16,26,12:16:26,-72,Tahap-0
01/07/2025,12,16,26,12:16:26,36,Tahap-0
01/07/2025,12,16,26,12:16:26,-8,Tahap-0
01/07/2025,12,16,26,12:16:26,-108,Tahap-0
01/07/2025,12,16,26,12:16:26,-176,Tahap-0
01/07/2025,12,16,26,12:16:26,-68,Tahap-0
01/07/2025,12,16,26,12:16:26,-88,Tahap-0
01/07/2025,12,16,26,12:16:26,32,Tahap-0
01/07/2025,12,16,26,12:16:26,-56,Tahap-0
01/07/2025,12,16,26,12:16:26,-92,Tahap-0
01/07/2025,12,16,26,12:16:26,-88,Tahap-0
01/07/2025,12,16,26,12:16:26,-40,Tahap-0
01/07/2025,12,16,26,12:16:26,44,Tahap-0
01/07/2025,12,16,26,12:16:26,-256,Tahap-0
01/07/2025,12,16,26,12:16:26,44,Tahap-0
01/07/2025,12,16,27,12:16:27,-276,Tahap-0
01/07/2025,12,16,27,12:16:27,-140,Tahap-0
01/07/2025,12,16,27,12:16:27,-124,Tahap-0
01/07/2025,12,16,27,12:16:27,8,Tahap-0
01/07/2025,12,16,27,12:16:27,-224,Tahap-0
01/07/2025,12,16,27,12:16:27,-8,Tahap-0
01/07/2025,12,16,27,12:16:27,-180,Tahap-0
01/07/2025,12,16,27,12:16:27,-96,Tahap-0
01/07/2025,12,16,27,12:16:27,12,Tahap-0
01/07/2025,12,16,27,12:16:27,-224,Tahap-0
01/07/2025,12,16,28,12:16:28,-20,Tahap-0
01/07/2025,12,16,28,12:16:28,-88,Tahap-0
01/07/2025,12,16,28,12:16:28,-172,Tahap-0
01/07/2025,12,16,28,12:16:28,-28,Tahap-0
01/07/2025,12,16,28,12:16:28,40,Tahap-0
01/07/2025,12,16,28,12:16:28,-108,Tahap-0
01/07/2025,12,16,28,12:16:28,-24,Tahap-0
01/07/2025,12,16,28,12:16:28,4,Tahap-0
01/07/2025,12,16,28,12:16:28,-84,Tahap-0
01/07/2025,12,16,28,12:16:28,36,Tahap-0
01/07/2025,12,16,29,12:16:29,-48,Tahap-0
01/07/2025,12,16,29,12:16:29,64,Tahap-0
01/07/2025,12,16,29,12:16:29,-88,Tahap-0
01/07/2025,12,16,29,12:16:29,-12,Tahap-0
01/07/2025,12,16,29,12:16:29,-144,Tahap-0
01/07/2025,12,16,29,12:16:29,176,Tahap-0
01/07/2025,12,16,29,12:16:29,-124,Tahap-0
01/07/2025,12,16,29,12:16:29,112,Tahap-0
01/07/2025,12,16,29,12:16:29,-96,Tahap-0
01/07/2025,12,16,29,12:16:29,96,Tahap-0
01/07/2025,12,16,30,12:16:30,-132,Tahap-0
01/07/2025,12,16,30,12:16:30,-84,Tahap-0
01/07/2025,12,16,30,12:16:30,36,Tahap-0
01/07/2025,12,16,30,12:16:30,-144,Tahap-0
01/07/2025,12,16,30,12:16:30,-48,Tahap-0
01/07/2025,12,16,30,12:16:30,-76,Tahap-0
01/07/2025,12,16,30,12:16:30,-36,Tahap-0
01/07/2025,12,16,30,12:16:30,-184,Tahap-0
01/07/2025,12,16,30,12:16:30,40,Tahap-0
01/07/2025,12,16,30,12:16:30,-124,Tahap-0
01/07/2025,12,16,31,12:16:31,8,Tahap-0
01/07/2025,12,16,31,12:16:31,-88,Tahap-0
01/07/2025,12,16,31,12:16:31,-176,Tahap-0
01/07/2025,12,16,31,12:16:31,-76,Tahap-0
01/07/2025,12,16,31,12:16:31,-152,Tahap-0
01/07/2025,12,16,31,12:16:31,-172,Tahap-0
01/07/2025,12,16,31,12:16:31,100,Tahap-0
01/07/2025,12,16,31,12:16:31,-104,Tahap-0
01/07/2025,12,16,31,12:16:31,-208,Tahap-0
01/07/2025,12,16,31,12:16:31,48,Tahap-0
01/07/2025,12,16,32,12:16:32,-160,Tahap-0
01/07/2025,12,16,32,12:16:32,96,Tahap-0
01/07/2025,12,16,32,12:16:32,-236,Tahap-0
01/07/2025,12,16,32,12:16:32,-24,Tahap-0
01/07/2025,12,16,32,12:16:32,-120,Tahap-0
01/07/2025,12,16,32,12:16:32,-112,Tahap-0
01/07/2025,12,16,32,12:16:32,-112,Tahap-0
01/07/2025,12,16,32,12:16:32,8,Tahap-0
01/07/2025,12,16,32,12:16:32,-180,Tahap-0
01/07/2025,12,16,32,12:16:32,-140,Tahap-0
01/07/2025,12,16,33,12:16:33,-100,Tahap-0
01/07/2025,12,16,33,12:16:33,-164,Tahap-0
01/07/2025,12,16,33,12:16:33,104,Tahap-0
01/07/2025,12,16,33,12:16:33,-156,Tahap-0
01/07/2025,12,16,33,12:16:33,-44,Tahap-0
01/07/2025,12,16,33,12:16:33,-40,Tahap-0
01/07/2025,12,16,33,12:16:33,-172,Tahap-0
01/07/2025,12,16,33,12:16:33,-72,Tahap-0
01/07/2025,12,16,33,12:16:33,24,Tahap-0
01/07/2025,12,16,33,12:16:33,-32,Tahap-0
01/07/2025,12,16,34,12:16:34,-124,Tahap-0
01/07/2025,12,16,34,12:16:34,16,Tahap-0
01/07/2025,12,16,34,12:16:34,-160,Tahap-0
01/07/2025,12,16,34,12:16:34,16,Tahap-0
01/07/2025,12,16,34,12:16:34,-92,Tahap-0
01/07/2025,12,16,34,12:16:34,-12,Tahap-0
01/07/2025,12,16,34,12:16:34,-116,Tahap-0
01/07/2025,12,16,34,12:16:34,-96,Tahap-0
01/07/2025,12,16,34,12:16:34,-164,Tahap-0
01/07/2025,12,16,34,12:16:34,-4,Tahap-0
01/07/2025,12,16,35,12:16:35,32,Tahap-0
01/07/2025,12,16,35,12:16:35,-148,Tahap-0
01/07/2025,12,16,35,12:16:35,76,Tahap-0
01/07/2025,12,16,35,12:16:35,-44,Tahap-0
01/07/2025,12,16,35,12:16:35,52,Tahap-0
01/07/2025,12,16,35,12:16:35,-172,Tahap-0
01/07/2025,12,16,35,12:16:35,84,Tahap-0
01/07/2025,12,16,35,12:16:35,-156,Tahap-0
01/07/2025,12,16,35,12:16:35,-28,Tahap-0
01/07/2025,12,16,35,12:16:35,-76,Tahap-0
01/07/2025,12,16,36,12:16:36,-24,Tahap-0
01/07/2025,12,16,36,12:16:36,-44,Tahap-0
01/07/2025,12,16,36,12:16:36,36,Tahap-0
01/07/2025,12,16,36,12:16:36,-72,Tahap-0
01/07/2025,12,16,36,12:16:36,80,Tahap-0
01/07/2025,12,16,36,12:16:36,-240,Tahap-0
01/07/2025,12,16,36,12:16:36,72,Tahap-0
01/07/2025,12,16,36,12:16:36,-80,Tahap-0
01/07/2025,12,16,36,12:16:36,-36,Tahap-0
01/07/2025,12,16,37,12:16:37,-80,Tahap-0
01/07/2025,12,16,37,12:16:37,36,Tahap-0
01/07/2025,12,17,1,12:17:01,3084,Tahap-0
01/07/2025,12,17,1,12:17:01,3303,Tahap-0
01/07/2025,12,17,1,12:17:01,1175,Tahap-0
01/07/2025,12,17,1,12:17:01,1693,Tahap-0
01/07/2025,12,17,2,12:17:02,780,Tahap-0
01/07/2025,12,17,2,12:17:02,528,Tahap-0
01/07/2025,12,17,2,12:17:02,716,Tahap-0
01/07/2025,12,17,2,12:17:02,772,Tahap-0
01/07/2025,12,17,2,12:17:02,555,Tahap-0
01/07/2025,12,17,2,12:17:02,605,Tahap-0
01/07/2025,12,17,2,12:17:02,355,Tahap-0
01/07/2025,12,17,2,12:17:02,316,Tahap-0
01/07/2025,12,17,2,12:17:02,425,Tahap-0
01/07/2025,12,17,2,12:17:02,322,Tahap-0
01/07/2025,12,17,3,12:17:03,218,Tahap-0
01/07/2025,12,17,3,12:17:03,334,Tahap-0
01/07/2025,12,17,3,12:17:03,371,Tahap-0
01/07/2025,12,17,3,12:17:03,208,Tahap-0
01/07/2025,12,17,3,12:17:03,405,Tahap-0
01/07/2025,12,17,3,12:17:03,251,Tahap-0
01/07/2025,12,17,3,12:17:03,197,Tahap-0
01/07/2025,12,17,3,12:17:03,395,Tahap-0
01/07/2025,12,17,3,12:17:03,223,Tahap-0
01/07/2025,12,17,3,12:17:03,404,Tahap-0
01/07/2025,12,17,4,12:17:04,119,Tahap-0
01/07/2025,12,17,4,12:17:04,181,Tahap-0
01/07/2025,12,17,4,12:17:04,88,Tahap-0
01/07/2025,12,17,4,12:17:04,159,Tahap-0
01/07/2025,12,17,4,12:17:04,183,Tahap-0
01/07/2025,12,17,4,12:17:04,248,Tahap-0
01/07/2025,12,17,4,12:17:04,81,Tahap-0
01/07/2025,12,17,4,12:17:04,218,Tahap-0
01/07/2025,12,17,4,12:17:04,239,Tahap-0
01/07/2025,12,17,4,12:17:04,141,Tahap-0
01/07/2025,12,17,5,12:17:05,171,Tahap-0
01/07/2025,12,17,5,12:17:05,54,Tahap-0
01/07/2025,12,17,5,12:17:05,211,Tahap-0
01/07/2025,12,17,5,12:17:05,259,Tahap-0
01/07/2025,12,17,5,12:17:05,274,Tahap-0
01/07/2025,12,17,5,12:17:05,197,Tahap-0
01/07/2025,12,17,5,12:17:05,127,Tahap-0
01/07/2025,12,17,5,12:17:05,282,Tahap-0
01/07/2025,12,17,5,12:17:05,987,Tahap-0
01/07/2025,12,17,5,12:17:05,159,Tahap-0
01/07/2025,12,17,5,12:17:05,49,Tahap-0
01/07/2025,12,17,6,12:17:06,205,Tahap-0
01/07/2025,12,17,6,12:17:06,228,Tahap-0
01/07/2025,12,17,6,12:17:06,97,Tahap-0
01/07/2025,12,17,6,12:17:06,31,Tahap-0
01/07/2025,12,17,6,12:17:06,60,Tahap-0
01/07/2025,12,17,6,12:17:06,130,Tahap-0
01/07/2025,12,17,6,12:17:06,111,Tahap-0
01/07/2025,12,17,6,12:17:06,257,Tahap-0
01/07/2025,12,17,6,12:17:06,195,Tahap-0
01/07/2025,12,17,7,12:17:07,82,Tahap-0
01/07/2025,12,17,7,12:17:07,117,Tahap-0
01/07/2025,12,17,7,12:17:07,66,Tahap-0
01/07/2025,12,17,7,12:17:07,168,Tahap-0
01/07/2025,12,17,7,12:17:07,90,Tahap-0
01/07/2025,12,17,7,12:17:07,182,Tahap-0
01/07/2025,12,17,7,12:17:07,138,Tahap-0
01/07/2025,12,17,7,12:17:07,37,Tahap-0
01/07/2025,12,17,7,12:17:07,30,Tahap-0
01/07/2025,12,17,7,12:17:07,99,Tahap-0
01/07/2025,12,17,7,12:17:07,185,Tahap-0
01/07/2025,12,17,8,12:17:08,402,Tahap-0
01/07/2025,12,17,8,12:17:08,330,Tahap-0
01/07/2025,12,17,8,12:17:08,547,Tahap-0
01/07/2025,12,17,8,12:17:08,237,Tahap-0
01/07/2025,12,17,8,12:17:08,738,Tahap-0
01/07/2025,12,17,8,12:17:08,408,Tahap-0
01/07/2025,12,17,8,12:17:08,231,Tahap-0
01/07/2025,12,17,8,12:17:08,140,Tahap-0
01/07/2025,12,17,8,12:17:08,162,Tahap-0
01/07/2025,12,17,8,12:17:08,194,Tahap-0
01/07/2025,12,17,9,12:17:09,304,Tahap-0
01/07/2025,12,17,9,12:17:09,219,Tahap-0
01/07/2025,12,17,9,12:17:09,276,Tahap-0
01/07/2025,12,17,9,12:17:09,192,Tahap-0
01/07/2025,12,17,9,12:17:09,350,Tahap-0
01/07/2025,12,17,9,12:17:09,265,Tahap-0
01/07/2025,12,17,9,12:17:09,195,Tahap-0
01/07/2025,12,17,9,12:17:09,160,Tahap-0
01/07/2025,12,17,9,12:17:09,341,Tahap-0
01/07/2025,12,17,9,12:17:09,296,Tahap-0
01/07/2025,12,17,10,12:17:10,896,Tahap-0
01/07/2025,12,17,10,12:17:10,133,Tahap-0
01/07/2025,12,17,10,12:17:10,100,Tahap-0
01/07/2025,12,17,10,12:17:10,209,Tahap-0
01/07/2025,12,17,10,12:17:10,320,Tahap-0
01/07/2025,12,17,10,12:17:10,350,Tahap-0
01/07/2025,12,17,10,12:17:10,53,Tahap-0
01/07/2025,12,17,10,12:17:10,844,Tahap-0
01/07/2025,12,17,10,12:17:10,665,Tahap-0
01/07/2025,12,17,10,12:17:10,473,Tahap-0
01/07/2025,12,17,11,12:17:11,416,Tahap-0
01/07/2025,12,17,11,12:17:11,202,Tahap-0
01/07/2025,12,17,11,12:17:11,193,Tahap-0
01/07/2025,12,17,11,12:17:11,156,Tahap-0
01/07/2025,12,17,11,12:17:11,222,Tahap-0
01/07/2025,12,17,11,12:17:11,267,Tahap-0
01/07/2025,12,17,11,12:17:11,92,Tahap-0
01/07/2025,12,17,11,12:17:11,33,Tahap-0
01/07/2025,12,17,11,12:17:11,315,Tahap-0
01/07/2025,12,17,11,12:17:11,250,Tahap-0
01/07/2025,12,17,12,12:17:12,347,Tahap-0
01/07/2025,12,17,12,12:17:12,209,Tahap-0
01/07/2025,12,17,12,12:17:12,128,Tahap-0
01/07/2025,12,17,12,12:17:12,371,Tahap-0
01/07/2025,12,17,12,12:17:12,537,Tahap-0
01/07/2025,12,17,12,12:17:12,325,Tahap-0
01/07/2025,12,17,12,12:17:12,342,Tahap-0
01/07/2025,12,17,12,12:17:12,251,Tahap-0
01/07/2025,12,17,12,12:17:12,193,Tahap-0
01/07/2025,12,17,12,12:17:12,432,Tahap-0
01/07/2025,12,17,13,12:17:13,664,Tahap-0
01/07/2025,12,17,13,12:17:13,2076,Tahap-0
01/07/2025,12,17,13,12:17:13,633,Tahap-0
01/07/2025,12,17,13,12:17:13,112,Tahap-0
01/07/2025,12,17,13,12:17:13,180,Tahap-0
01/07/2025,12,17,13,12:17:13,451,Tahap-0
01/07/2025,12,17,13,12:17:13,208,Tahap-0
01/07/2025,12,17,13,12:17:13,52,Tahap-0
01/07/2025,12,17,13,12:17:13,214,Tahap-0
01/07/2025,12,17,13,12:17:13,33,Tahap-0
01/07/2025,12,17,14,12:17:14,491,Tahap-0
01/07/2025,12,17,14,12:17:14,837,Tahap-0
01/07/2025,12,17,14,12:17:14,-96,Tahap-0
01/07/2025,12,17,14,12:17:14,24,Tahap-0
01/07/2025,12,17,14,12:17:14,-20,Tahap-0
01/07/2025,12,17,14,12:17:14,72,Tahap-0
01/07/2025,12,17,14,12:17:14,-48,Tahap-0
01/07/2025,12,17,14,12:17:14,160,Tahap-0
01/07/2025,12,17,14,12:17:14,-24,Tahap-0
01/07/2025,12,17,14,12:17:14,232,Tahap-0
01/07/2025,12,17,15,12:17:15,-192,Tahap-0
01/07/2025,12,17,15,12:17:15,148,Tahap-0
01/07/2025,12,17,15,12:17:15,36,Tahap-0
01/07/2025,12,17,15,12:17:15,-24,Tahap-0
01/07/2025,12,17,15,12:17:15,44,Tahap-0
01/07/2025,12,17,15,12:17:15,140,Tahap-0
01/07/2025,12,17,15,12:17:15,-48,Tahap-0
01/07/2025,12,17,15,12:17:15,92,Tahap-0
01/07/2025,12,17,15,12:17:15,160,Tahap-0
01/07/2025,12,17,15,12:17:15,52,Tahap-0
01/07/2025,12,17,16,12:17:16,160,Tahap-0
01/07/2025,12,17,16,12:17:16,-12,Tahap-0
01/07/2025,12,17,16,12:17:16,32,Tahap-0
01/07/2025,12,17,16,12:17:16,52,Tahap-0
01/07/2025,12,17,16,12:17:16,48,Tahap-0
01/07/2025,12,17,16,12:17:16,64,Tahap-0
01/07/2025,12,17,16,12:17:16,184,Tahap-0
01/07/2025,12,17,16,12:17:16,32,Tahap-0
01/07/2025,12,17,16,12:17:16,-4,Tahap-0
01/07/2025,12,17,16,12:17:16,128,Tahap-0
01/07/2025,12,17,17,12:17:17,24,Tahap-0
01/07/2025,12,17,17,12:17:17,204,Tahap-0
01/07/2025,12,17,17,12:17:17,-68,Tahap-0
01/07/2025,12,17,17,12:17:17,160,Tahap-0
01/07/2025,12,17,17,12:17:17,-24,Tahap-0
01/07/2025,12,17,17,12:17:17,60,Tahap-0
01/07/2025,12,17,17,12:17:17,36,Tahap-0
01/07/2025,12,17,17,12:17:17,100,Tahap-0
01/07/2025,12,17,17,12:17:17,64,Tahap-0
01/07/2025,12,17,17,12:17:17,44,Tahap-0
01/07/2025,12,17,18,12:17:18,80,Tahap-0
01/07/2025,12,17,18,12:17:18,20,Tahap-0
01/07/2025,12,17,18,12:17:18,208,Tahap-0
01/07/2025,12,17,18,12:17:18,-56,Tahap-0
01/07/2025,12,17,18,12:17:18,160,Tahap-0
01/07/2025,12,17,18,12:17:18,-60,Tahap-0
01/07/2025,12,17,18,12:17:18,-108,Tahap-0
01/07/2025,12,17,18,12:17:18,12,Tahap-0
01/07/2025,12,17,18,12:17:18,124,Tahap-0
01/07/2025,12,17,18,12:17:18,-164,Tahap-0
01/07/2025,12,17,19,12:17:19,68,Tahap-0
01/07/2025,12,17,19,12:17:19,-36,Tahap-0
01/07/2025,12,17,19,12:17:19,-64,Tahap-0
01/07/2025,12,17,19,12:17:19,44,Tahap-0
01/07/2025,12,17,19,12:17:19,-48,Tahap-0
01/07/2025,12,17,19,12:17:19,12,Tahap-0
01/07/2025,12,17,19,12:17:19,-84,Tahap-0
01/07/2025,12,17,19,12:17:19,-72,Tahap-0
01/07/2025,12,17,19,12:17:19,-100,Tahap-0
01/07/2025,12,17,19,12:17:19,56,Tahap-0
01/07/2025,12,17,20,12:17:20,-84,Tahap-0
01/07/2025,12,17,20,12:17:20,8,Tahap-0
01/07/2025,12,17,20,12:17:20,-4,Tahap-0
01/07/2025,12,17,20,12:17:20,-24,Tahap-0
01/07/2025,12,17,20,12:17:20,-60,Tahap-0
01/07/2025,12,17,20,12:17:20,-116,Tahap-0
01/07/2025,12,17,20,12:17:20,56,Tahap-0
01/07/2025,12,17,20,12:17:20,-200,Tahap-0
01/07/2025,12,17,20,12:17:20,-20,Tahap-0
01/07/2025,12,17,20,12:17:20,-204,Tahap-0
01/07/2025,12,17,21,12:17:21,56,Tahap-0
01/07/2025,12,17,21,12:17:21,-228,Tahap-0
01/07/2025,12,17,21,12:17:21,28,Tahap-0
01/07/2025,12,17,21,12:17:21,-156,Tahap-0
01/07/2025,12,17,21,12:17:21,16,Tahap-0
01/07/2025,12,17,21,12:17:21,-116,Tahap-0
01/07/2025,12,17,21,12:17:21,-212,Tahap-0
01/07/2025,12,17,21,12:17:21,72,Tahap-0
01/07/2025,12,17,21,12:17:21,-184,Tahap-0
01/07/2025,12,17,21,12:17:21,-96,Tahap-0
01/07/2025,12,17,22,12:17:22,-100,Tahap-0
01/07/2025,12,17,22,12:17:22,-52,Tahap-0
01/07/2025,12,17,22,12:17:22,-136,Tahap-0
01/07/2025,12,17,22,12:17:22,-72,Tahap-0
01/07/2025,12,17,22,12:17:22,44,Tahap-0
01/07/2025,12,17,22,12:17:22,-76,Tahap-0
01/07/2025,12,17,22,12:17:22,28,Tahap-0
01/07/2025,12,17,22,12:17:22,-260,Tahap-0
01/07/2025,12,17,22,12:17:22,-16,Tahap-0
01/07/2025,12,17,22,12:17:22,-200,Tahap-0
01/07/2025,12,17,23,12:17:23,-104,Tahap-0
01/07/2025,12,17,23,12:17:23,-188,Tahap-0
01/07/2025,12,17,23,12:17:23,-12,Tahap-0
01/07/2025,12,17,23,12:17:23,-296,Tahap-0
01/07/2025,12,17,23,12:17:23,-96,Tahap-0
01/07/2025,12,17,23,12:17:23,-248,Tahap-0
01/07/2025,12,17,23,12:17:23,-80,Tahap-0
01/07/2025,12,17,23,12:17:23,-224,Tahap-0
01/07/2025,12,17,23,12:17:23,-228,Tahap-0
01/07/2025,12,17,23,12:17:23,-196,Tahap-0
01/07/2025,12,17,24,12:17:24,-320,Tahap-0
01/07/2025,12,17,24,12:17:24,-184,Tahap-0
01/07/2025,12,17,24,12:17:24,-212,Tahap-0
01/07/2025,12,17,24,12:17:24,-84,Tahap-0
01/07/2025,12,17,24,12:17:24,-208,Tahap-0
01/07/2025,12,17,24,12:17:24,-256,Tahap-0
01/07/2025,12,17,24,12:17:24,-192,Tahap-0
01/07/2025,12,17,24,12:17:24,-124,Tahap-0
01/07/2025,12,17,24,12:17:24,-116,Tahap-0
01/07/2025,12,17,24,12:17:24,-384,Tahap-0
01/07/2025,12,17,25,12:17:25,-60,Tahap-0
01/07/2025,12,17,26,12:17:26,-376,Tahap-0
01/07/2025,12,17,26,12:17:26,-192,Tahap-0
01/07/2025,12,17,26,12:17:26,-308,Tahap-0
01/07/2025,12,17,26,12:17:26,-116,Tahap-0
01/07/2025,12,17,26,12:17:26,-292,Tahap-0
01/07/2025,12,17,26,12:17:26,-228,Tahap-0
01/07/2025,12,17,26,12:17:26,-328,Tahap-0
01/07/2025,12,17,26,12:17:26,-212,Tahap-0
01/07/2025,12,17,26,12:17:26,-216,Tahap-0
01/07/2025,12,17,26,12:17:26,-316,Tahap-0
01/07/2025,12,17,26,12:17:26,-204,Tahap-0
01/07/2025,12,17,26,12:17:26,-360,Tahap-0
01/07/2025,12,17,26,12:17:26,-408,Tahap-0
01/07/2025,12,17,26,12:17:26,-312,Tahap-0
01/07/2025,12,17,26,12:17:26,-196,Tahap-0
01/07/2025,12,17,26,12:17:26,-336,Tahap-0
01/07/2025,12,17,26,12:17:26,-228,Tahap-0
01/07/2025,12,17,26,12:17:26,-264,Tahap-0
01/07/2025,12,17,26,12:17:26,-292,Tahap-0
01/07/2025,12,17,27,12:17:27,-236,Tahap-0
01/07/2025,12,17,51,12:17:51,2372,Tahap-0
01/07/2025,12,17,51,12:17:51,1589,Tahap-0
01/07/2025,12,17,51,12:17:51,1264,Tahap-0
01/07/2025,12,17,51,12:17:51,701,Tahap-0
01/07/2025,12,17,51,12:17:51,600,Tahap-0
01/07/2025,12,17,52,12:17:52,184,Tahap-0
01/07/2025,12,17,52,12:17:52,421,Tahap-0
01/07/2025,12,17,52,12:17:52,117,Tahap-0
01/07/2025,12,17,52,12:17:52,218,Tahap-0
01/07/2025,12,17,52,12:17:52,168,Tahap-0
01/07/2025,12,17,52,12:17:52,201,Tahap-0
01/07/2025,12,17,52,12:17:52,358,Tahap-0
01/07/2025,12,17,52,12:17:52,125,Tahap-0
01/07/2025,12,17,52,12:17:52,183,Tahap-0
01/07/2025,12,17,52,12:17:52,293,Tahap-0
01/07/2025,12,17,53,12:17:53,190,Tahap-0
01/07/2025,12,17,53,12:17:53,258,Tahap-0
01/07/2025,12,17,53,12:17:53,140,Tahap-0
01/07/2025,12,17,53,12:17:53,83,Tahap-0
01/07/2025,12,17,53,12:17:53,141,Tahap-0
01/07/2025,12,17,53,12:17:53,153,Tahap-0
01/07/2025,12,17,53,12:17:53,416,Tahap-0
01/07/2025,12,17,53,12:17:53,64,Tahap-0
01/07/2025,12,17,53,12:17:53,145,Tahap-0
01/07/2025,12,17,53,12:17:53,150,Tahap-0
01/07/2025,12,17,54,12:17:54,122,Tahap-0
01/07/2025,12,17,54,12:17:54,128,Tahap-0
01/07/2025,12,17,54,12:17:54,269,Tahap-0
01/07/2025,12,17,54,12:17:54,243,Tahap-0
01/07/2025,12,17,54,12:17:54,177,Tahap-0
01/07/2025,12,17,54,12:17:54,94,Tahap-0
01/07/2025,12,17,54,12:17:54,102,Tahap-0
01/07/2025,12,17,54,12:17:54,246,Tahap-0
01/07/2025,12,17,54,12:17:54,207,Tahap-0
01/07/2025,12,17,54,12:17:54,181,Tahap-0
01/07/2025,12,17,55,12:17:55,54,Tahap-0
01/07/2025,12,17,56,12:17:56,90,Tahap-0
01/07/2025,12,17,56,12:17:56,124,Tahap-0
01/07/2025,12,17,56,12:17:56,159,Tahap-0
01/07/2025,12,17,56,12:17:56,107,Tahap-0
01/07/2025,12,17,56,12:17:56,101,Tahap-0
01/07/2025,12,17,56,12:17:56,251,Tahap-0
01/07/2025,12,17,56,12:17:56,835,Tahap-0
01/07/2025,12,17,56,12:17:56,192,Tahap-0
01/07/2025,12,17,56,12:17:56,167,Tahap-0
01/07/2025,12,17,56,12:17:56,645,Tahap-0
01/07/2025,12,17,56,12:17:56,170,Tahap-0
01/07/2025,12,17,56,12:17:56,182,Tahap-0
01/07/2025,12,17,56,12:17:56,51,Tahap-0
01/07/2025,12,17,56,12:17:56,108,Tahap-0
01/07/2025,12,17,56,12:17:56,123,Tahap-0
01/07/2025,12,17,56,12:17:56,60,Tahap-0
01/07/2025,12,17,56,12:17:56,162,Tahap-0
01/07/2025,12,17,56,12:17:56,252,Tahap-0
01/07/2025,12,17,56,12:17:56,136,Tahap-0
01/07/2025,12,17,57,12:17:57,142,Tahap-0
01/07/2025,12,17,57,12:17:57,49,Tahap-0
01/07/2025,12,17,57,12:17:57,111,Tahap-0
01/07/2025,12,17,57,12:17:57,73,Tahap-0
01/07/2025,12,17,57,12:17:57,176,Tahap-0
01/07/2025,12,17,57,12:17:57,32,Tahap-0
01/07/2025,12,17,57,12:17:57,14,Tahap-0
01/07/2025,12,17,57,12:17:57,57,Tahap-0
01/07/2025,12,17,57,12:17:57,121,Tahap-0
01/07/2025,12,17,57,12:17:57,169,Tahap-0
01/07/2025,12,17,58,12:17:58,322,Tahap-0
01/07/2025,12,17,58,12:17:58,121,Tahap-0
01/07/2025,12,17,58,12:17:58,389,Tahap-0
01/07/2025,12,17,58,12:17:58,432,Tahap-0
01/07/2025,12,17,58,12:17:58,844,Tahap-0
01/07/2025,12,17,58,12:17:58,187,Tahap-0
01/07/2025,12,17,58,12:17:58,233,Tahap-0
01/07/2025,12,17,58,12:17:58,158,Tahap-0
01/07/2025,12,17,58,12:17:58,89,Tahap-0
01/07/2025,12,17,58,12:17:58,193,Tahap-0
01/07/2025,12,17,59,12:17:59,174,Tahap-0
01/07/2025,12,17,59,12:17:59,268,Tahap-0
01/07/2025,12,17,59,12:17:59,248,Tahap-0
01/07/2025,12,17,59,12:17:59,182,Tahap-0
01/07/2025,12,17,59,12:17:59,202,Tahap-0
01/07/2025,12,17,59,12:17:59,298,Tahap-0
01/07/2025,12,17,59,12:17:59,369,Tahap-0
01/07/2025,12,17,59,12:17:59,184,Tahap-0
01/07/2025,12,17,59,12:17:59,227,Tahap-0
01/07/2025,12,17,59,12:17:59,358,Tahap-0
01/07/2025,12,18,1,12:18:01,940,Tahap-0
01/07/2025,12,18,1,12:18:01,383,Tahap-0
01/07/2025,12,18,1,12:18:01,371,Tahap-0
01/07/2025,12,18,1,12:18:01,353,Tahap-0
01/07/2025,12,18,1,12:18:01,69,Tahap-0
01/07/2025,12,18,1,12:18:01,334,Tahap-0
01/07/2025,12,18,1,12:18:01,305,Tahap-0
01/07/2025,12,18,1,12:18:01,477,Tahap-0
01/07/2025,12,18,1,12:18:01,463,Tahap-0
01/07/2025,12,18,1,12:18:01,230,Tahap-0
01/07/2025,12,18,2,12:18:02,85,Tahap-0
01/07/2025,12,18,2,12:18:02,157,Tahap-0
01/07/2025,12,18,2,12:18:02,467,Tahap-0
01/07/2025,12,18,2,12:18:02,183,Tahap-0
01/07/2025,12,18,2,12:18:02,991,Tahap-0
01/07/2025,12,18,2,12:18:02,425,Tahap-0
01/07/2025,12,18,2,12:18:02,476,Tahap-0
01/07/2025,12,18,2,12:18:02,475,Tahap-0
01/07/2025,12,18,2,12:18:02,888,Tahap-0
01/07/2025,12,18,2,12:18:02,911,Tahap-0
01/07/2025,12,18,3,12:18:03,829,Tahap-0
01/07/2025,12,18,3,12:18:03,1204,Tahap-0
01/07/2025,12,18,3,12:18:03,786,Tahap-0
01/07/2025,12,18,3,12:18:03,426,Tahap-0
01/07/2025,12,18,3,12:18:03,380,Tahap-0
01/07/2025,12,18,3,12:18:03,280,Tahap-0
01/07/2025,12,18,3,12:18:03,568,Tahap-0
01/07/2025,12,18,3,12:18:03,404,Tahap-0
01/07/2025,12,18,3,12:18:03,69,Tahap-0
01/07/2025,12,18,3,12:18:03,191,Tahap-0
01/07/2025,12,18,4,12:18:04,69,Tahap-0
01/07/2025,12,18,4,12:18:04,1231,Tahap-0
01/07/2025,12,18,4,12:18:04,36,Tahap-0
01/07/2025,12,18,4,12:18:04,48,Tahap-0
01/07/2025,12,18,4,12:18:04,176,Tahap-0
01/07/2025,12,18,4,12:18:04,32,Tahap-0
01/07/2025,12,18,4,12:18:04,-8,Tahap-0
01/07/2025,12,18,4,12:18:04,96,Tahap-0
01/07/2025,12,18,4,12:18:04,80,Tahap-0
01/07/2025,12,18,4,12:18:04,132,Tahap-0
01/07/2025,12,18,5,12:18:05,-68,Tahap-0
01/07/2025,12,18,5,12:18:05,48,Tahap-0
01/07/2025,12,18,5,12:18:05,-48,Tahap-0
01/07/2025,12,18,5,12:18:05,32,Tahap-0
01/07/2025,12,18,5,12:18:05,4,Tahap-0
01/07/2025,12,18,5,12:18:05,180,Tahap-0
01/07/2025,12,18,5,12:18:05,-48,Tahap-0
01/07/2025,12,18,5,12:18:05,32,Tahap-0
01/07/2025,12,18,5,12:18:05,-40,Tahap-0
01/07/2025,12,18,5,12:18:05,88,Tahap-0
01/07/2025,12,18,6,12:18:06,100,Tahap-0
01/07/2025,12,18,6,12:18:06,-116,Tahap-0
01/07/2025,12,18,6,12:18:06,128,Tahap-0
01/07/2025,12,18,6,12:18:06,-140,Tahap-0
01/07/2025,12,18,6,12:18:06,4,Tahap-0
01/07/2025,12,18,6,12:18:06,80,Tahap-0
01/07/2025,12,18,6,12:18:06,64,Tahap-0
01/07/2025,12,18,6,12:18:06,-60,Tahap-0
01/07/2025,12,18,6,12:18:06,52,Tahap-0
01/07/2025,12,18,6,12:18:06,-104,Tahap-0
01/07/2025,12,18,7,12:18:07,44,Tahap-0
01/07/2025,12,18,7,12:18:07,136,Tahap-0
01/07/2025,12,18,7,12:18:07,-132,Tahap-0
01/07/2025,12,18,7,12:18:07,156,Tahap-0
01/07/2025,12,18,7,12:18:07,-72,Tahap-0
01/07/2025,12,18,7,12:18:07,-36,Tahap-0
01/07/2025,12,18,7,12:18:07,-60,Tahap-0
01/07/2025,12,18,7,12:18:07,84,Tahap-0
01/07/2025,12,18,7,12:18:07,-152,Tahap-0
01/07/2025,12,18,7,12:18:07,36,Tahap-0
01/07/2025,12,18,8,12:18:08,-60,Tahap-0
01/07/2025,12,18,8,12:18:08,-100,Tahap-0
01/07/2025,12,18,8,12:18:08,80,Tahap-0
01/07/2025,12,18,8,12:18:08,-104,Tahap-0
01/07/2025,12,18,8,12:18:08,4,Tahap-0
01/07/2025,12,18,8,12:18:08,-24,Tahap-0
01/07/2025,12,18,8,12:18:08,-164,Tahap-0
01/07/2025,12,18,8,12:18:08,-52,Tahap-0
01/07/2025,12,18,8,12:18:08,144,Tahap-0
01/07/2025,12,18,8,12:18:08,-96,Tahap-0
01/07/2025,12,18,9,12:18:09,24,Tahap-0
01/07/2025,12,18,9,12:18:09,-24,Tahap-0
01/07/2025,12,18,9,12:18:09,48,Tahap-0
01/07/2025,12,18,9,12:18:09,-64,Tahap-0
01/07/2025,12,18,9,12:18:09,120,Tahap-0
01/07/2025,12,18,9,12:18:09,-156,Tahap-0
01/07/2025,12,18,9,12:18:09,20,Tahap-0
01/07/2025,12,18,9,12:18:09,-64,Tahap-0
01/07/2025,12,18,9,12:18:09,84,Tahap-0
01/07/2025,12,18,9,12:18:09,-108,Tahap-0
01/07/2025,12,18,10,12:18:10,132,Tahap-0
01/07/2025,12,18,10,12:18:10,-108,Tahap-0
01/07/2025,12,18,10,12:18:10,180,Tahap-0
01/07/2025,12,18,10,12:18:10,-48,Tahap-0
01/07/2025,12,18,10,12:18:10,-136,Tahap-0
01/07/2025,12,18,10,12:18:10,172,Tahap-0
01/07/2025,12,18,10,12:18:10,-64,Tahap-0
01/07/2025,12,18,10,12:18:10,-144,Tahap-0
01/07/2025,12,18,10,12:18:10,212,Tahap-0
01/07/2025,12,18,10,12:18:10,-204,Tahap-0
01/07/2025,12,18,11,12:18:11,124,Tahap-0
01/07/2025,12,18,11,12:18:11,-36,Tahap-0
01/07/2025,12,18,11,12:18:11,-40,Tahap-0
01/07/2025,12,18,11,12:18:11,-20,Tahap-0
01/07/2025,12,18,11,12:18:11,44,Tahap-0
01/07/2025,12,18,11,12:18:11,-228,Tahap-0
01/07/2025,12,18,11,12:18:11,196,Tahap-0
01/07/2025,12,18,11,12:18:11,-172,Tahap-0
01/07/2025,12,18,11,12:18:11,-108,Tahap-0
01/07/2025,12,18,12,12:18:12,-52,Tahap-0
01/07/2025,12,18,12,12:18:12,-100,Tahap-0
01/07/2025,12,18,12,12:18:12,-104,Tahap-0
01/07/2025,12,18,12,12:18:12,-180,Tahap-0
01/07/2025,12,18,12,12:18:12,-16,Tahap-0
01/07/2025,12,18,12,12:18:12,-60,Tahap-0
01/07/2025,12,18,12,12:18:12,-64,Tahap-0
01/07/2025,12,18,12,12:18:12,-116,Tahap-0
01/07/2025,12,18,12,12:18:12,-4,Tahap-0
01/07/2025,12,18,12,12:18:12,-136,Tahap-0
01/07/2025,12,18,13,12:18:13,-120,Tahap-0
01/07/2025,12,18,13,12:18:13,-16,Tahap-0
01/07/2025,12,18,13,12:18:13,-160,Tahap-0
01/07/2025,12,18,13,12:18:13,52,Tahap-0
01/07/2025,12,18,13,12:18:13,-248,Tahap-0
01/07/2025,12,18,13,12:18:13,-40,Tahap-0
01/07/2025,12,18,13,12:18:13,-68,Tahap-0
01/07/2025,12,18,13,12:18:13,-144,Tahap-0
01/07/2025,12,18,13,12:18:13,-116,Tahap-0
01/07/2025,12,18,13,12:18:13,4,Tahap-0
01/07/2025,12,18,13,12:18:13,-256,Tahap-0
01/07/2025,12,18,14,12:18:14,-52,Tahap-0
01/07/2025,12,18,14,12:18:14,-184,Tahap-0
01/07/2025,12,18,14,12:18:14,-96,Tahap-0
01/07/2025,12,18,14,12:18:14,-132,Tahap-0
01/07/2025,12,18,14,12:18:14,-140,Tahap-0
01/07/2025,12,18,14,12:18:14,-236,Tahap-0
01/07/2025,12,18,14,12:18:14,-176,Tahap-0
01/07/2025,12,18,14,12:18:14,-240,Tahap-0
01/07/2025,12,18,14,12:18:14,-128,Tahap-0
01/07/2025,12,18,14,12:18:14,-96,Tahap-0
01/07/2025,12,18,15,12:18:15,-144,Tahap-0
01/07/2025,12,18,15,12:18:15,-252,Tahap-0
01/07/2025,12,18,15,12:18:15,-144,Tahap-0
01/07/2025,12,18,15,12:18:15,-104,Tahap-0
01/07/2025,12,18,15,12:18:15,-100,Tahap-0
01/07/2025,12,18,15,12:18:15,-264,Tahap-0
01/07/2025,12,18,15,12:18:15,-20,Tahap-0
01/07/2025,12,18,15,12:18:15,-296,Tahap-0
01/07/2025,12,18,15,12:18:15,-124,Tahap-0
01/07/2025,12,18,15,12:18:15,-128,Tahap-0
01/07/2025,12,18,16,12:18:16,-80,Tahap-0
01/07/2025,12,18,16,12:18:16,-132,Tahap-0
01/07/2025,12,18,16,12:18:16,-144,Tahap-0
01/07/2025,12,18,16,12:18:16,-192,Tahap-0
01/07/2025,12,18,16,12:18:16,-228,Tahap-0
01/07/2025,12,18,16,12:18:16,-44,Tahap-0
01/07/2025,12,18,16,12:18:16,-296,Tahap-0
01/07/2025,12,18,16,12:18:16,-64,Tahap-0
01/07/2025,12,18,16,12:18:16,-252,Tahap-0
01/07/2025,12,18,16,12:18:16,-292,Tahap-0
01/07/2025,12,18,41,12:18:41,3662,Tahap-0
01/07/2025,12,18,41,12:18:41,279,Tahap-0
01/07/2025,12,18,41,12:18:41,947,Tahap-0
01/07/2025,12,18,41,12:18:41,795,Tahap-0
01/07/2025,12,18,41,12:18:41,549,Tahap-0
01/07/2025,12,18,41,12:18:41,399,Tahap-0
01/07/2025,12,18,42,12:18:42,523,Tahap-0
01/07/2025,12,18,42,12:18:42,576,Tahap-0
01/07/2025,12,18,42,12:18:42,526,Tahap-0
01/07/2025,12,18,42,12:18:42,240,Tahap-0
01/07/2025,12,18,42,12:18:42,263,Tahap-0
01/07/2025,12,18,42,12:18:42,372,Tahap-0
01/07/2025,12,18,42,12:18:42,548,Tahap-0
01/07/2025,12,18,42,12:18:42,94,Tahap-0
01/07/2025,12,18,42,12:18:42,156,Tahap-0
01/07/2025,12,18,42,12:18:42,111,Tahap-0
01/07/2025,12,18,43,12:18:43,318,Tahap-0
01/07/2025,12,18,43,12:18:43,179,Tahap-0
01/07/2025,12,18,43,12:18:43,313,Tahap-0
01/07/2025,12,18,43,12:18:43,113,Tahap-0
01/07/2025,12,18,43,12:18:43,153,Tahap-0
01/07/2025,12,18,43,12:18:43,241,Tahap-0
01/07/2025,12,18,43,12:18:43,271,Tahap-0
01/07/2025,12,18,43,12:18:43,401,Tahap-0
01/07/2025,12,18,43,12:18:43,168,Tahap-0
01/07/2025,12,18,43,12:18:43,161,Tahap-0
01/07/2025,12,18,44,12:18:44,186,Tahap-0
01/07/2025,12,18,44,12:18:44,69,Tahap-0
01/07/2025,12,18,44,12:18:44,136,Tahap-0
01/07/2025,12,18,44,12:18:44,207,Tahap-0
01/07/2025,12,18,44,12:18:44,186,Tahap-0
01/07/2025,12,18,44,12:18:44,75,Tahap-0
01/07/2025,12,18,44,12:18:44,167,Tahap-0
01/07/2025,12,18,44,12:18:44,174,Tahap-0
01/07/2025,12,18,44,12:18:44,169,Tahap-0
01/07/2025,12,18,44,12:18:44,132,Tahap-0
01/07/2025,12,18,45,12:18:45,148,Tahap-0
01/07/2025,12,18,45,12:18:45,83,Tahap-0
01/07/2025,12,18,45,12:18:45,167,Tahap-0
01/07/2025,12,18,45,12:18:45,90,Tahap-0
01/07/2025,12,18,45,12:18:45,260,Tahap-0
01/07/2025,12,18,45,12:18:45,316,Tahap-0
01/07/2025,12,18,45,12:18:45,488,Tahap-0
01/07/2025,12,18,45,12:18:45,498,Tahap-0
01/07/2025,12,18,45,12:18:45,70,Tahap-0
01/07/2025,12,18,45,12:18:45,406,Tahap-0
01/07/2025,12,18,46,12:18:46,250,Tahap-0
01/07/2025,12,18,46,12:18:46,219,Tahap-0
01/07/2025,12,18,46,12:18:46,127,Tahap-0
01/07/2025,12,18,46,12:18:46,156,Tahap-0
01/07/2025,12,18,46,12:18:46,155,Tahap-0
01/07/2025,12,18,46,12:18:46,33,Tahap-0
01/07/2025,12,18,46,12:18:46,32,Tahap-0
01/07/2025,12,18,46,12:18:46,63,Tahap-0
01/07/2025,12,18,46,12:18:46,283,Tahap-0
01/07/2025,12,18,46,12:18:46,188,Tahap-0
01/07/2025,12,18,47,12:18:47,159,Tahap-0
01/07/2025,12,18,47,12:18:47,68,Tahap-0
01/07/2025,12,18,47,12:18:47,126,Tahap-0
01/07/2025,12,18,47,12:18:47,55,Tahap-0
01/07/2025,12,18,47,12:18:47,168,Tahap-0
01/07/2025,12,18,47,12:18:47,138,Tahap-0
01/07/2025,12,18,47,12:18:47,218,Tahap-0
01/07/2025,12,18,47,12:18:47,136,Tahap-0
01/07/2025,12,18,47,12:18:47,136,Tahap-0
01/07/2025,12,18,47,12:18:47,140,Tahap-0
01/07/2025,12,18,48,12:18:48,358,Tahap-0
01/07/2025,12,18,48,12:18:48,542,Tahap-0
01/07/2025,12,18,48,12:18:48,153,Tahap-0
01/07/2025,12,18,48,12:18:48,839,Tahap-0
01/07/2025,12,18,48,12:18:48,319,Tahap-0
01/07/2025,12,18,48,12:18:48,178,Tahap-0
01/07/2025,12,18,48,12:18:48,195,Tahap-0
01/07/2025,12,18,48,12:18:48,243,Tahap-0
01/07/2025,12,18,48,12:18:48,64,Tahap-0
01/07/2025,12,18,48,12:18:48,89,Tahap-0
01/07/2025,12,18,49,12:18:49,309,Tahap-0
01/07/2025,12,18,49,12:18:49,309,Tahap-0
01/07/2025,12,18,49,12:18:49,233,Tahap-0
01/07/2025,12,18,49,12:18:49,195,Tahap-0
01/07/2025,12,18,49,12:18:49,328,Tahap-0
01/07/2025,12,18,49,12:18:49,421,Tahap-0
01/07/2025,12,18,49,12:18:49,264,Tahap-0
01/07/2025,12,18,49,12:18:49,177,Tahap-0
01/07/2025,12,18,49,12:18:49,360,Tahap-0
01/07/2025,12,18,49,12:18:49,650,Tahap-0
01/07/2025,12,18,50,12:18:50,1656,Tahap-0
01/07/2025,12,18,50,12:18:50,401,Tahap-0
01/07/2025,12,18,50,12:18:50,261,Tahap-0
01/07/2025,12,18,50,12:18:50,315,Tahap-0
01/07/2025,12,18,50,12:18:50,75,Tahap-0
01/07/2025,12,18,50,12:18:50,334,Tahap-0
01/07/2025,12,18,50,12:18:50,780,Tahap-0
01/07/2025,12,18,50,12:18:50,1113,Tahap-0
01/07/2025,12,18,50,12:18:50,1249,Tahap-0
01/07/2025,12,18,50,12:18:50,1334,Tahap-0
01/07/2025,12,18,51,12:18:51,509,Tahap-0
01/07/2025,12,18,51,12:18:51,423,Tahap-0
01/07/2025,12,18,51,12:18:51,172,Tahap-0
01/07/2025,12,18,51,12:18:51,347,Tahap-0
01/07/2025,12,18,51,12:18:51,709,Tahap-0
01/07/2025,12,18,51,12:18:51,378,Tahap-0
01/07/2025,12,18,51,12:18:51,501,Tahap-0
01/07/2025,12,18,51,12:18:51,294,Tahap-0
01/07/2025,12,18,51,12:18:51,390,Tahap-0
01/07/2025,12,18,51,12:18:51,426,Tahap-0
01/07/2025,12,18,52,12:18:52,333,Tahap-0
01/07/2025,12,18,52,12:18:52,385,Tahap-0
01/07/2025,12,18,52,12:18:52,215,Tahap-0
01/07/2025,12,18,52,12:18:52,327,Tahap-0
01/07/2025,12,18,52,12:18:52,135,Tahap-0
01/07/2025,12,18,52,12:18:52,536,Tahap-0
01/07/2025,12,18,52,12:18:52,808,Tahap-0
01/07/2025,12,18,52,12:18:52,836,Tahap-0
01/07/2025,12,18,52,12:18:52,372,Tahap-0
01/07/2025,12,18,52,12:18:52,538,Tahap-0
01/07/2025,12,18,53,12:18:53,1189,Tahap-0
01/07/2025,12,18,53,12:18:53,770,Tahap-0
01/07/2025,12,18,53,12:18:53,276,Tahap-0
01/07/2025,12,18,53,12:18:53,541,Tahap-0
01/07/2025,12,18,53,12:18:53,203,Tahap-0
01/07/2025,12,18,53,12:18:53,597,Tahap-0
01/07/2025,12,18,53,12:18:53,339,Tahap-0
01/07/2025,12,18,53,12:18:53,233,Tahap-0
01/07/2025,12,18,53,12:18:53,171,Tahap-0
01/07/2025,12,18,53,12:18:53,547,Tahap-0
01/07/2025,12,18,54,12:18:54,226,Tahap-0
01/07/2025,12,18,54,12:18:54,48,Tahap-0
01/07/2025,12,18,54,12:18:54,324,Tahap-0
01/07/2025,12,18,54,12:18:54,200,Tahap-0
01/07/2025,12,18,54,12:18:54,140,Tahap-0
01/07/2025,12,18,54,12:18:54,272,Tahap-0
01/07/2025,12,18,54,12:18:54,144,Tahap-0
01/07/2025,12,18,54,12:18:54,228,Tahap-0
01/07/2025,12,18,54,12:18:54,44,Tahap-0
01/07/2025,12,18,54,12:18:54,236,Tahap-0
01/07/2025,12,18,55,12:18:55,76,Tahap-0
01/07/2025,12,18,56,12:18:56,80,Tahap-0
01/07/2025,12,18,56,12:18:56,76,Tahap-0
01/07/2025,12,18,56,12:18:56,32,Tahap-0
01/07/2025,12,18,56,12:18:56,196,Tahap-0
01/07/2025,12,18,56,12:18:56,80,Tahap-0
01/07/2025,12,18,56,12:18:56,168,Tahap-0
01/07/2025,12,18,56,12:18:56,104,Tahap-0
01/07/2025,12,18,56,12:18:56,212,Tahap-0
01/07/2025,12,18,56,12:18:56,-92,Tahap-0
01/07/2025,12,18,56,12:18:56,184,Tahap-0
01/07/2025,12,18,56,12:18:56,72,Tahap-0
01/07/2025,12,18,56,12:18:56,-16,Tahap-0
01/07/2025,12,18,56,12:18:56,184,Tahap-0
01/07/2025,12,18,56,12:18:56,136,Tahap-0
01/07/2025,12,18,56,12:18:56,84,Tahap-0
01/07/2025,12,18,56,12:18:56,184,Tahap-0
01/07/2025,12,18,56,12:18:56,204,Tahap-0
01/07/2025,12,18,56,12:18:56,60,Tahap-0
01/07/2025,12,18,56,12:18:56,324,Tahap-0
01/07/2025,12,18,57,12:18:57,-8,Tahap-0
01/07/2025,12,18,57,12:18:57,132,Tahap-0
01/07/2025,12,18,57,12:18:57,240,Tahap-0
01/07/2025,12,18,57,12:18:57,20,Tahap-0
01/07/2025,12,18,57,12:18:57,168,Tahap-0
01/07/2025,12,18,57,12:18:57,332,Tahap-0
01/07/2025,12,18,57,12:18:57,-80,Tahap-0
01/07/2025,12,18,57,12:18:57,192,Tahap-0
01/07/2025,12,18,57,12:18:57,192,Tahap-0
01/07/2025,12,18,57,12:18:57,88,Tahap-0
01/07/2025,12,18,58,12:18:58,240,Tahap-0
01/07/2025,12,18,58,12:18:58,40,Tahap-0
01/07/2025,12,18,58,12:18:58,88,Tahap-0
01/07/2025,12,18,58,12:18:58,56,Tahap-0
01/07/2025,12,18,58,12:18:58,36,Tahap-0
01/07/2025,12,18,58,12:18:58,-28,Tahap-0
01/07/2025,12,18,58,12:18:58,204,Tahap-0
01/07/2025,12,18,58,12:18:58,-60,Tahap-0
01/07/2025,12,18,58,12:18:58,-16,Tahap-0
01/07/2025,12,18,59,12:18:59,12,Tahap-0
01/07/2025,12,18,59,12:18:59,8,Tahap-0
01/07/2025,12,18,59,12:18:59,-164,Tahap-0
01/07/2025,12,18,59,12:18:59,68,Tahap-0
01/07/2025,12,18,59,12:18:59,-192,Tahap-0
01/07/2025,12,18,59,12:18:59,-72,Tahap-0
01/07/2025,12,18,59,12:18:59,8,Tahap-0
01/07/2025,12,18,59,12:18:59,-140,Tahap-0
01/07/2025,12,18,59,12:18:59,68,Tahap-0
01/07/2025,12,19,1,12:19:01,132,Tahap-0
01/07/2025,12,19,1,12:19:01,-84,Tahap-0
01/07/2025,12,19,1,12:19:01,-36,Tahap-0
01/07/2025,12,19,1,12:19:01,84,Tahap-0
01/07/2025,12,19,1,12:19:01,-128,Tahap-0
01/07/2025,12,19,1,12:19:01,36,Tahap-0
01/07/2025,12,19,1,12:19:01,-76,Tahap-0
01/07/2025,12,19,1,12:19:01,-216,Tahap-0
01/07/2025,12,19,1,12:19:01,64,Tahap-0
01/07/2025,12,19,1,12:19:01,-80,Tahap-0
01/07/2025,12,19,2,12:19:02,68,Tahap-0
01/07/2025,12,19,2,12:19:02,-120,Tahap-0
01/07/2025,12,19,2,12:19:02,56,Tahap-0
01/07/2025,12,19,2,12:19:02,16,Tahap-0
01/07/2025,12,19,2,12:19:02,-116,Tahap-0
01/07/2025,12,19,2,12:19:02,24,Tahap-0
01/07/2025,12,19,2,12:19:02,148,Tahap-0
01/07/2025,12,19,2,12:19:02,-56,Tahap-0
01/07/2025,12,19,2,12:19:02,20,Tahap-0
01/07/2025,12,19,2,12:19:02,-92,Tahap-0
01/07/2025,12,19,3,12:19:03,-72,Tahap-0
01/07/2025,12,19,3,12:19:03,136,Tahap-0
01/07/2025,12,19,3,12:19:03,-136,Tahap-0
01/07/2025,12,19,3,12:19:03,76,Tahap-0
01/07/2025,12,19,3,12:19:03,-144,Tahap-0
01/07/2025,12,19,3,12:19:03,-132,Tahap-0
01/07/2025,12,19,3,12:19:03,140,Tahap-0
01/07/2025,12,19,3,12:19:03,-140,Tahap-0
01/07/2025,12,19,3,12:19:03,-84,Tahap-0
01/07/2025,12,19,4,12:19:04,72,Tahap-0
01/07/2025,12,19,4,12:19:04,-204,Tahap-0
01/07/2025,12,19,4,12:19:04,92,Tahap-0
01/07/2025,12,19,4,12:19:04,-88,Tahap-0
01/07/2025,12,19,4,12:19:04,-52,Tahap-0
01/07/2025,12,19,4,12:19:04,52,Tahap-0
01/07/2025,12,19,4,12:19:04,-52,Tahap-0
01/07/2025,12,19,4,12:19:04,-192,Tahap-0
01/07/2025,12,19,4,12:19:04,72,Tahap-0
01/07/2025,12,19,4,12:19:04,-64,Tahap-0
01/07/2025,12,19,5,12:19:05,-88,Tahap-0
01/07/2025,12,19,5,12:19:05,-44,Tahap-0
01/07/2025,12,19,5,12:19:05,-108,Tahap-0
01/07/2025,12,19,5,12:19:05,-132,Tahap-0
01/07/2025,12,19,5,12:19:05,-140,Tahap-0
01/07/2025,12,19,5,12:19:05,-84,Tahap-0
01/07/2025,12,19,5,12:19:05,-164,Tahap-0
01/07/2025,12,19,5,12:19:05,-244,Tahap-0
01/07/2025,12,19,5,12:19:05,-88,Tahap-0
01/07/2025,12,19,5,12:19:05,-288,Tahap-0
01/07/2025,12,19,6,12:19:06,-100,Tahap-0
01/07/2025,12,19,6,12:19:06,-220,Tahap-0
01/07/2025,12,19,6,12:19:06,-188,Tahap-0
01/07/2025,12,19,6,12:19:06,-144,Tahap-0
01/07/2025,12,19,6,12:19:06,-44,Tahap-0
01/07/2025,12,19,6,12:19:06,-360,Tahap-0
01/07/2025,12,19,6,12:19:06,-80,Tahap-0
01/07/2025,12,19,6,12:19:06,-124,Tahap-0
01/07/2025,12,19,6,12:19:06,-304,Tahap-0
01/07/2025,12,19,6,12:19:06,-72,Tahap-0
01/07/2025,12,19,31,12:19:31,5162,Tahap-0
01/07/2025,12,19,31,12:19:31,3178,Tahap-0
01/07/2025,12,19,31,12:19:31,2073,Tahap-0
01/07/2025,12,19,31,12:19:31,1521,Tahap-0
01/07/2025,12,19,31,12:19:31,768,Tahap-0
01/07/2025,12,19,31,12:19:31,1119,Tahap-0
01/07/2025,12,19,31,12:19:31,589,Tahap-0
01/07/2025,12,19,32,12:19:32,256,Tahap-0
01/07/2025,12,19,32,12:19:32,789,Tahap-0
01/07/2025,12,19,32,12:19:32,391,Tahap-0
01/07/2025,12,19,32,12:19:32,467,Tahap-0
01/07/2025,12,19,32,12:19:32,369,Tahap-0
01/07/2025,12,19,32,12:19:32,332,Tahap-0
01/07/2025,12,19,32,12:19:32,424,Tahap-0
01/07/2025,12,19,32,12:19:32,408,Tahap-0
01/07/2025,12,19,32,12:19:32,305,Tahap-0
01/07/2025,12,19,32,12:19:32,282,Tahap-0
01/07/2025,12,19,33,12:19:33,366,Tahap-0
01/07/2025,12,19,33,12:19:33,286,Tahap-0
01/07/2025,12,19,33,12:19:33,244,Tahap-0
01/07/2025,12,19,33,12:19:33,162,Tahap-0
01/07/2025,12,19,33,12:19:33,274,Tahap-0
01/07/2025,12,19,33,12:19:33,224,Tahap-0
01/07/2025,12,19,33,12:19:33,316,Tahap-0
01/07/2025,12,19,33,12:19:33,304,Tahap-0
01/07/2025,12,19,33,12:19:33,153,Tahap-0
01/07/2025,12,19,33,12:19:33,139,Tahap-0
01/07/2025,12,19,34,12:19:34,496,Tahap-0
01/07/2025,12,19,34,12:19:34,266,Tahap-0
01/07/2025,12,19,34,12:19:34,249,Tahap-0
01/07/2025,12,19,34,12:19:34,149,Tahap-0
01/07/2025,12,19,34,12:19:34,265,Tahap-0
01/07/2025,12,19,34,12:19:34,244,Tahap-0
01/07/2025,12,19,34,12:19:34,321,Tahap-0
01/07/2025,12,19,34,12:19:34,108,Tahap-0
01/07/2025,12,19,34,12:19:34,143,Tahap-0
01/07/2025,12,19,34,12:19:34,146,Tahap-0
01/07/2025,12,19,35,12:19:35,235,Tahap-0
01/07/2025,12,19,35,12:19:35,176,Tahap-0
01/07/2025,12,19,35,12:19:35,154,Tahap-0
01/07/2025,12,19,35,12:19:35,195,Tahap-0
01/07/2025,12,19,35,12:19:35,257,Tahap-0
01/07/2025,12,19,35,12:19:35,516,Tahap-0
01/07/2025,12,19,35,12:19:35,363,Tahap-0
01/07/2025,12,19,35,12:19:35,172,Tahap-0
01/07/2025,12,19,35,12:19:35,522,Tahap-0
01/07/2025,12,19,35,12:19:35,381,Tahap-0
01/07/2025,12,19,36,12:19:36,162,Tahap-0
01/07/2025,12,19,36,12:19:36,48,Tahap-0
01/07/2025,12,19,36,12:19:36,208,Tahap-0
01/07/2025,12,19,36,12:19:36,176,Tahap-0
01/07/2025,12,19,36,12:19:36,146,Tahap-0
01/07/2025,12,19,36,12:19:36,235,Tahap-0
01/07/2025,12,19,36,12:19:36,69,Tahap-0
01/07/2025,12,19,36,12:19:36,37,Tahap-0
01/07/2025,12,19,36,12:19:36,70,Tahap-0
01/07/2025,12,19,36,12:19:36,162,Tahap-0
01/07/2025,12,19,37,12:19:37,142,Tahap-0
01/07/2025,12,19,37,12:19:37,144,Tahap-0
01/07/2025,12,19,37,12:19:37,40,Tahap-0
01/07/2025,12,19,37,12:19:37,111,Tahap-0
01/07/2025,12,19,37,12:19:37,21,Tahap-0
01/07/2025,12,19,37,12:19:37,15,Tahap-0
01/07/2025,12,19,37,12:19:37,141,Tahap-0
01/07/2025,12,19,37,12:19:37,279,Tahap-0
01/07/2025,12,19,37,12:19:37,456,Tahap-0
01/07/2025,12,19,37,12:19:37,137,Tahap-0
01/07/2025,12,19,38,12:19:38,429,Tahap-0
01/07/2025,12,19,38,12:19:38,469,Tahap-0
01/07/2025,12,19,38,12:19:38,641,Tahap-0
01/07/2025,12,19,38,12:19:38,453,Tahap-0
01/07/2025,12,19,38,12:19:38,252,Tahap-0
01/07/2025,12,19,38,12:19:38,46,Tahap-0
01/07/2025,12,19,38,12:19:38,218,Tahap-0
01/07/2025,12,19,38,12:19:38,183,Tahap-0
01/07/2025,12,19,38,12:19:38,169,Tahap-0
01/07/2025,12,19,38,12:19:38,253,Tahap-0
01/07/2025,12,19,39,12:19:39,358,Tahap-0
01/07/2025,12,19,39,12:19:39,218,Tahap-0
01/07/2025,12,19,39,12:19:39,212,Tahap-0
01/07/2025,12,19,39,12:19:39,254,Tahap-0
01/07/2025,12,19,39,12:19:39,239,Tahap-0
01/07/2025,12,19,39,12:19:39,276,Tahap-0
01/07/2025,12,19,39,12:19:39,274,Tahap-0
01/07/2025,12,19,39,12:19:39,225,Tahap-0
01/07/2025,12,19,39,12:19:39,614,Tahap-0
01/07/2025,12,19,39,12:19:39,1370,Tahap-0
01/07/2025,12,19,40,12:19:40,361,Tahap-0
01/07/2025,12,19,40,12:19:40,402,Tahap-0
01/07/2025,12,19,40,12:19:40,192,Tahap-0
01/07/2025,12,19,40,12:19:40,122,Tahap-0
01/07/2025,12,19,40,12:19:40,779,Tahap-0
01/07/2025,12,19,40,12:19:40,693,Tahap-0
01/07/2025,12,19,40,12:19:40,2033,Tahap-0
01/07/2025,12,19,40,12:19:40,1232,Tahap-0
01/07/2025,12,19,40,12:19:40,1038,Tahap-0
01/07/2025,12,19,40,12:19:40,260,Tahap-0
01/07/2025,12,19,41,12:19:41,382,Tahap-0
01/07/2025,12,19,41,12:19:41,223,Tahap-0
01/07/2025,12,19,41,12:19:41,325,Tahap-0
01/07/2025,12,19,41,12:19:41,308,Tahap-0
01/07/2025,12,19,41,12:19:41,398,Tahap-0
01/07/2025,12,19,41,12:19:41,499,Tahap-0
01/07/2025,12,19,41,12:19:41,715,Tahap-0
01/07/2025,12,19,41,12:19:41,356,Tahap-0
01/07/2025,12,19,41,12:19:41,266,Tahap-0
01/07/2025,12,19,41,12:19:41,283,Tahap-0
01/07/2025,12,19,42,12:19:42,237,Tahap-0
01/07/2025,12,19,42,12:19:42,173,Tahap-0
01/07/2025,12,19,42,12:19:42,637,Tahap-0
01/07/2025,12,19,42,12:19:42,584,Tahap-0
01/07/2025,12,19,42,12:19:42,217,Tahap-0
01/07/2025,12,19,42,12:19:42,262,Tahap-0
01/07/2025,12,19,42,12:19:42,191,Tahap-0
01/07/2025,12,19,42,12:19:42,249,Tahap-0
01/07/2025,12,19,42,12:19:42,897,Tahap-0
01/07/2025,12,19,42,12:19:42,853,Tahap-0
01/07/2025,12,19,43,12:19:43,1198,Tahap-0
01/07/2025,12,19,43,12:19:43,486,Tahap-0
01/07/2025,12,19,43,12:19:43,88,Tahap-0
01/07/2025,12,19,43,12:19:43,952,Tahap-0
01/07/2025,12,19,43,12:19:43,302,Tahap-0
01/07/2025,12,19,43,12:19:43,183,Tahap-0
01/07/2025,12,19,43,12:19:43,354,Tahap-0
01/07/2025,12,19,43,12:19:43,369,Tahap-0
01/07/2025,12,19,43,12:19:43,725,Tahap-0
01/07/2025,12,19,43,12:19:43,304,Tahap-0
01/07/2025,12,19,44,12:19:44,56,Tahap-0
01/07/2025,12,19,44,12:19:44,-112,Tahap-0
01/07/2025,12,19,44,12:19:44,260,Tahap-0
01/07/2025,12,19,44,12:19:44,36,Tahap-0
01/07/2025,12,19,44,12:19:44,160,Tahap-0
01/07/2025,12,19,44,12:19:44,-92,Tahap-0
01/07/2025,12,19,44,12:19:44,100,Tahap-0
01/07/2025,12,19,44,12:19:44,72,Tahap-0
01/07/2025,12,19,44,12:19:44,8,Tahap-0
01/07/2025,12,19,44,12:19:44,60,Tahap-0
01/07/2025,12,19,45,12:19:45,144,Tahap-0
01/07/2025,12,19,45,12:19:45,-4,Tahap-0
01/07/2025,12,19,45,12:19:45,-12,Tahap-0
01/07/2025,12,19,45,12:19:45,108,Tahap-0
01/07/2025,12,19,45,12:19:45,-16,Tahap-0
01/07/2025,12,19,45,12:19:45,180,Tahap-0
01/07/2025,12,19,45,12:19:45,-24,Tahap-0
01/07/2025,12,19,45,12:19:45,4,Tahap-0
01/07/2025,12,19,45,12:19:45,208,Tahap-0
01/07/2025,12,19,45,12:19:45,-12,Tahap-0
01/07/2025,12,19,46,12:19:46,-8,Tahap-0
01/07/2025,12,19,46,12:19:46,292,Tahap-0
01/07/2025,12,19,46,12:19:46,-156,Tahap-0
01/07/2025,12,19,46,12:19:46,88,Tahap-0
01/07/2025,12,19,46,12:19:46,36,Tahap-0
01/07/2025,12,19,46,12:19:46,-60,Tahap-0
01/07/2025,12,19,46,12:19:46,148,Tahap-0
01/07/2025,12,19,46,12:19:46,-44,Tahap-0
01/07/2025,12,19,46,12:19:46,-20,Tahap-0
01/07/2025,12,19,46,12:19:46,28,Tahap-0
01/07/2025,12,19,47,12:19:47,-32,Tahap-0
01/07/2025,12,19,47,12:19:47,-20,Tahap-0
01/07/2025,12,19,47,12:19:47,124,Tahap-0
01/07/2025,12,19,47,12:19:47,-100,Tahap-0
01/07/2025,12,19,47,12:19:47,-68,Tahap-0
01/07/2025,12,19,47,12:19:47,-104,Tahap-0
01/07/2025,12,19,47,12:19:47,-88,Tahap-0
01/07/2025,12,19,47,12:19:47,60,Tahap-0
01/07/2025,12,19,47,12:19:47,-136,Tahap-0
01/07/2025,12,19,47,12:19:47,28,Tahap-0
01/07/2025,12,19,48,12:19:48,-140,Tahap-0
01/07/2025,12,19,48,12:19:48,-180,Tahap-0
01/07/2025,12,19,48,12:19:48,4,Tahap-0
01/07/2025,12,19,48,12:19:48,-48,Tahap-0
01/07/2025,12,19,48,12:19:48,-100,Tahap-0
01/07/2025,12,19,48,12:19:48,-20,Tahap-0
01/07/2025,12,19,48,12:19:48,-60,Tahap-0
01/07/2025,12,19,48,12:19:48,-36,Tahap-0
01/07/2025,12,19,48,12:19:48,128,Tahap-0
01/07/2025,12,19,48,12:19:48,-172,Tahap-0
01/07/2025,12,19,49,12:19:49,56,Tahap-0
01/07/2025,12,19,49,12:19:49,-56,Tahap-0
01/07/2025,12,19,49,12:19:49,-264,Tahap-0
01/07/2025,12,19,49,12:19:49,60,Tahap-0
01/07/2025,12,19,49,12:19:49,28,Tahap-0
01/07/2025,12,19,49,12:19:49,-184,Tahap-0
01/07/2025,12,19,49,12:19:49,16,Tahap-0
01/07/2025,12,19,49,12:19:49,-60,Tahap-0
01/07/2025,12,19,49,12:19:49,-164,Tahap-0
01/07/2025,12,19,49,12:19:49,84,Tahap-0
01/07/2025,12,19,50,12:19:50,-152,Tahap-0
01/07/2025,12,19,50,12:19:50,-28,Tahap-0
01/07/2025,12,19,50,12:19:50,-104,Tahap-0
01/07/2025,12,19,50,12:19:50,-176,Tahap-0
01/07/2025,12,19,50,12:19:50,-120,Tahap-0
01/07/2025,12,19,50,12:19:50,40,Tahap-0
01/07/2025,12,19,50,12:19:50,-188,Tahap-0
01/07/2025,12,19,50,12:19:50,-88,Tahap-0
01/07/2025,12,19,50,12:19:50,-120,Tahap-0
01/07/2025,12,19,50,12:19:50,-96,Tahap-0
01/07/2025,12,19,51,12:19:51,-168,Tahap-0
01/07/2025,12,19,51,12:19:51,-280,Tahap-0
01/07/2025,12,19,51,12:19:51,12,Tahap-0
01/07/2025,12,19,51,12:19:51,-328,Tahap-0
01/07/2025,12,19,51,12:19:51,-124,Tahap-0
01/07/2025,12,19,51,12:19:51,-228,Tahap-0
01/07/2025,12,19,51,12:19:51,-108,Tahap-0
01/07/2025,12,19,51,12:19:51,-200,Tahap-0
01/07/2025,12,19,51,12:19:51,-152,Tahap-0
01/07/2025,12,19,51,12:19:51,-244,Tahap-0
01/07/2025,12,19,52,12:19:52,-88,Tahap-0
01/07/2025,12,19,52,12:19:52,-188,Tahap-0
01/07/2025,12,19,52,12:19:52,-372,Tahap-0
01/07/2025,12,19,52,12:19:52,-24,Tahap-0
01/07/2025,12,19,52,12:19:52,-340,Tahap-0
01/07/2025,12,19,52,12:19:52,-212,Tahap-0
01/07/2025,12,19,52,12:19:52,-112,Tahap-0
01/07/2025,12,19,52,12:19:52,-280,Tahap-0
01/07/2025,12,19,52,12:19:52,-268,Tahap-0
01/07/2025,12,19,52,12:19:52,-124,Tahap-0
01/07/2025,12,19,53,12:19:53,-228,Tahap-0
01/07/2025,12,19,53,12:19:53,-188,Tahap-0
01/07/2025,12,19,53,12:19:53,-80,Tahap-0
01/07/2025,12,19,53,12:19:53,-488,Tahap-0
01/07/2025,12,19,53,12:19:53,-96,Tahap-0
01/07/2025,12,19,53,12:19:53,-288,Tahap-0
01/07/2025,12,19,53,12:19:53,-396,Tahap-0
01/07/2025,12,19,53,12:19:53,-148,Tahap-0
01/07/2025,12,19,53,12:19:53,-144,Tahap-0
01/07/2025,12,19,53,12:19:53,-408,Tahap-0
01/07/2025,12,19,54,12:19:54,-64,Tahap-0
01/07/2025,12,19,54,12:19:54,-384,Tahap-0
01/07/2025,12,19,54,12:19:54,-136,Tahap-0
01/07/2025,12,19,54,12:19:54,-220,Tahap-0
01/07/2025,12,19,54,12:19:54,-320,Tahap-0
01/07/2025,12,19,54,12:19:54,-308,Tahap-0
01/07/2025,12,19,54,12:19:54,-312,Tahap-0
01/07/2025,12,19,54,12:19:54,-376,Tahap-0
01/07/2025,12,19,54,12:19:54,-212,Tahap-0
01/07/2025,12,19,54,12:19:54,-244,Tahap-0
01/07/2025,12,19,55,12:19:55,-368,Tahap-0
01/07/2025,12,19,56,12:19:56,-312,Tahap-0
01/07/2025,12,19,56,12:19:56,-332,Tahap-0
01/07/2025,12,19,56,12:19:56,-208,Tahap-0
01/07/2025,12,19,56,12:19:56,-236,Tahap-0
01/07/2025,12,19,56,12:19:56,-360,Tahap-0
01/07/2025,12,19,56,12:19:56,-148,Tahap-0
01/07/2025,12,19,56,12:19:56,-512,Tahap-0
01/07/2025,12,19,56,12:19:56,-240,Tahap-0
01/07/2025,12,19,56,12:19:56,-236,Tahap-0
01/07/2025,12,19,56,12:19:56,-244,Tahap-0
01/07/2025,12,19,56,12:19:56,-360,Tahap-0
01/07/2025,12,19,56,12:19:56,-204,Tahap-0
01/07/2025,12,19,56,12:19:56,-424,Tahap-0
01/07/2025,12,19,56,12:19:56,-140,Tahap-0
01/07/2025,12,19,56,12:19:56,-260,Tahap-0
01/07/2025,12,19,56,12:19:56,-432,Tahap-0
01/07/2025,12,19,56,12:19:56,-108,Tahap-0
01/07/2025,12,19,56,12:19:56,-512,Tahap-0
01/07/2025,12,20,21,12:20:21,1843,Tahap-0
01/07/2025,12,20,21,12:20:21,1045,Tahap-0
01/07/2025,12,20,21,12:20:21,316,Tahap-0
01/07/2025,12,20,21,12:20:21,152,Tahap-0
01/07/2025,12,20,21,12:20:21,108,Tahap-0
01/07/2025,12,20,21,12:20:21,418,Tahap-0
01/07/2025,12,20,21,12:20:21,332,Tahap-0
01/07/2025,12,20,22,12:20:22,59,Tahap-0
01/07/2025,12,20,22,12:20:22,168,Tahap-0
01/07/2025,12,20,22,12:20:22,624,Tahap-0
01/07/2025,12,20,22,12:20:22,283,Tahap-0
01/07/2025,12,20,22,12:20:22,194,Tahap-0
01/07/2025,12,20,22,12:20:22,320,Tahap-0
01/07/2025,12,20,22,12:20:22,69,Tahap-0
01/07/2025,12,20,22,12:20:22,77,Tahap-0
01/07/2025,12,20,22,12:20:22,61,Tahap-0
01/07/2025,12,20,22,12:20:22,79,Tahap-0
01/07/2025,12,20,23,12:20:23,149,Tahap-0
01/07/2025,12,20,23,12:20:23,60,Tahap-0
01/07/2025,12,20,23,12:20:23,55,Tahap-0
01/07/2025,12,20,23,12:20:23,63,Tahap-0
01/07/2025,12,20,23,12:20:23,155,Tahap-0
01/07/2025,12,20,23,12:20:23,94,Tahap-0
01/07/2025,12,20,23,12:20:23,224,Tahap-0
01/07/2025,12,20,23,12:20:23,13,Tahap-0
01/07/2025,12,20,23,12:20:23,106,Tahap-0
01/07/2025,12,20,23,12:20:23,53,Tahap-0
01/07/2025,12,20,23,12:20:23,89,Tahap-0
01/07/2025,12,20,24,12:20:24,73,Tahap-0
01/07/2025,12,20,24,12:20:24,146,Tahap-0
01/07/2025,12,20,24,12:20:24,134,Tahap-0
01/07/2025,12,20,24,12:20:24,79,Tahap-0
01/07/2025,12,20,24,12:20:24,88,Tahap-0
01/07/2025,12,20,24,12:20:24,121,Tahap-0
01/07/2025,12,20,24,12:20:24,104,Tahap-0
01/07/2025,12,20,24,12:20:24,88,Tahap-0
01/07/2025,12,20,24,12:20:24,127,Tahap-0
01/07/2025,12,20,25,12:20:25,13,Tahap-0
01/07/2025,12,20,25,12:20:25,65,Tahap-0
01/07/2025,12,20,26,12:20:26,146,Tahap-0
01/07/2025,12,20,26,12:20:26,105,Tahap-0
01/07/2025,12,20,26,12:20:26,67,Tahap-0
01/07/2025,12,20,26,12:20:26,25,Tahap-0
01/07/2025,12,20,26,12:20:26,268,Tahap-0
01/07/2025,12,20,26,12:20:26,486,Tahap-0
01/07/2025,12,20,26,12:20:26,122,Tahap-0
01/07/2025,12,20,26,12:20:26,189,Tahap-0
01/07/2025,12,20,26,12:20:26,541,Tahap-0
01/07/2025,12,20,26,12:20:26,228,Tahap-0
01/07/2025,12,20,26,12:20:26,281,Tahap-0
01/07/2025,12,20,26,12:20:26,111,Tahap-0
01/07/2025,12,20,26,12:20:26,205,Tahap-0
01/07/2025,12,20,26,12:20:26,146,Tahap-0
01/07/2025,12,20,26,12:20:26,157,Tahap-0
01/07/2025,12,20,26,12:20:26,235,Tahap-0
01/07/2025,12,20,26,12:20:26,310,Tahap-0
01/07/2025,12,20,26,12:20:26,165,Tahap-0
01/07/2025,12,20,26,12:20:26,65,Tahap-0
01/07/2025,12,20,27,12:20:27,196,Tahap-0
01/07/2025,12,20,27,12:20:27,130,Tahap-0
01/07/2025,12,20,27,12:20:27,133,Tahap-0
01/07/2025,12,20,27,12:20:27,164,Tahap-0
01/07/2025,12,20,27,12:20:27,152,Tahap-0
01/07/2025,12,20,27,12:20:27,291,Tahap-0
01/07/2025,12,20,27,12:20:27,37,Tahap-0
01/07/2025,12,20,27,12:20:27,187,Tahap-0
01/07/2025,12,20,27,12:20:27,134,Tahap-0
01/07/2025,12,20,27,12:20:27,269,Tahap-0
01/07/2025,12,20,28,12:20:28,401,Tahap-0
01/07/2025,12,20,28,12:20:28,429,Tahap-0
01/07/2025,12,20,28,12:20:28,744,Tahap-0
01/07/2025,12,20,28,12:20:28,825,Tahap-0
01/07/2025,12,20,28,12:20:28,410,Tahap-0
01/07/2025,12,20,28,12:20:28,448,Tahap-0
01/07/2025,12,20,28,12:20:28,227,Tahap-0
01/07/2025,12,20,28,12:20:28,241,Tahap-0
01/07/2025,12,20,28,12:20:28,121,Tahap-0
01/07/2025,12,20,28,12:20:28,139,Tahap-0
01/07/2025,12,20,29,12:20:29,376,Tahap-0
01/07/2025,12,20,29,12:20:29,310,Tahap-0
01/07/2025,12,20,29,12:20:29,348,Tahap-0
01/07/2025,12,20,29,12:20:29,135,Tahap-0
01/07/2025,12,20,29,12:20:29,269,Tahap-0
01/07/2025,12,20,29,12:20:29,401,Tahap-0
01/07/2025,12,20,29,12:20:29,395,Tahap-0
01/07/2025,12,20,29,12:20:29,451,Tahap-0
01/07/2025,12,20,29,12:20:29,704,Tahap-0
01/07/2025,12,20,29,12:20:29,796,Tahap-0
01/07/2025,12,20,30,12:20:30,2669,Tahap-0
01/07/2025,12,20,30,12:20:30,2310,Tahap-0
01/07/2025,12,20,30,12:20:30,783,Tahap-0
01/07/2025,12,20,30,12:20:30,833,Tahap-0
01/07/2025,12,20,30,12:20:30,817,Tahap-0
01/07/2025,12,20,30,12:20:30,591,Tahap-0
01/07/2025,12,20,30,12:20:30,1151,Tahap-0
01/07/2025,12,20,30,12:20:30,2236,Tahap-0
01/07/2025,12,20,30,12:20:30,867,Tahap-0
01/07/2025,12,20,30,12:20:30,444,Tahap-0
01/07/2025,12,20,31,12:20:31,452,Tahap-0
01/07/2025,12,20,31,12:20:31,139,Tahap-0
01/07/2025,12,20,31,12:20:31,684,Tahap-0
01/07/2025,12,20,31,12:20:31,508,Tahap-0
01/07/2025,12,20,31,12:20:31,585,Tahap-0
01/07/2025,12,20,31,12:20:31,372,Tahap-0
01/07/2025,12,20,31,12:20:31,23,Tahap-0
01/07/2025,12,20,31,12:20:31,240,Tahap-0
01/07/2025,12,20,31,12:20:31,61,Tahap-0
01/07/2025,12,20,31,12:20:31,62,Tahap-0
01/07/2025,12,20,32,12:20:32,65,Tahap-0
01/07/2025,12,20,32,12:20:32,356,Tahap-0
01/07/2025,12,20,32,12:20:32,113,Tahap-0
01/07/2025,12,20,32,12:20:32,431,Tahap-0
01/07/2025,12,20,32,12:20:32,482,Tahap-0
01/07/2025,12,20,32,12:20:32,308,Tahap-0
01/07/2025,12,20,32,12:20:32,189,Tahap-0
01/07/2025,12,20,32,12:20:32,502,Tahap-0
01/07/2025,12,20,32,12:20:32,256,Tahap-0
01/07/2025,12,20,32,12:20:32,519,Tahap-0
01/07/2025,12,20,33,12:20:33,600,Tahap-0
01/07/2025,12,20,33,12:20:33,1323,Tahap-0
01/07/2025,12,20,33,12:20:33,570,Tahap-0
01/07/2025,12,20,33,12:20:33,433,Tahap-0
01/07/2025,12,20,33,12:20:33,327,Tahap-0
01/07/2025,12,20,33,12:20:33,210,Tahap-0
01/07/2025,12,20,33,12:20:33,296,Tahap-0
01/07/2025,12,20,33,12:20:33,113,Tahap-0
01/07/2025,12,20,33,12:20:33,101,Tahap-0
01/07/2025,12,20,33,12:20:33,-96,Tahap-0
01/07/2025,12,20,34,12:20:34,20,Tahap-0
01/07/2025,12,20,34,12:20:34,68,Tahap-0
01/07/2025,12,20,34,12:20:34,132,Tahap-0
01/07/2025,12,20,34,12:20:34,-112,Tahap-0
01/07/2025,12,20,34,12:20:34,120,Tahap-0
01/07/2025,12,20,34,12:20:34,-64,Tahap-0
01/07/2025,12,20,34,12:20:34,-56,Tahap-0
01/07/2025,12,20,34,12:20:34,116,Tahap-0
01/07/2025,12,20,34,12:20:34,-8,Tahap-0
01/07/2025,12,20,35,12:20:35,72,Tahap-0
01/07/2025,12,20,35,12:20:35,-72,Tahap-0
01/07/2025,12,20,35,12:20:35,4,Tahap-0
01/07/2025,12,20,35,12:20:35,228,Tahap-0
01/07/2025,12,20,35,12:20:35,-140,Tahap-0
01/07/2025,12,20,35,12:20:35,136,Tahap-0
01/07/2025,12,20,35,12:20:35,100,Tahap-0
01/07/2025,12,20,35,12:20:35,-152,Tahap-0
01/07/2025,12,20,35,12:20:35,52,Tahap-0
01/07/2025,12,20,35,12:20:35,240,Tahap-0
01/07/2025,12,20,36,12:20:36,-104,Tahap-0
01/07/2025,12,20,36,12:20:36,88,Tahap-0
01/07/2025,12,20,36,12:20:36,24,Tahap-0
01/07/2025,12,20,36,12:20:36,-96,Tahap-0
01/07/2025,12,20,36,12:20:36,252,Tahap-0
01/07/2025,12,20,36,12:20:36,-60,Tahap-0
01/07/2025,12,20,36,12:20:36,-64,Tahap-0
01/07/2025,12,20,36,12:20:36,216,Tahap-0
01/07/2025,12,20,36,12:20:36,-256,Tahap-0
01/07/2025,12,20,37,12:20:37,280,Tahap-0
01/07/2025,12,20,37,12:20:37,-244,Tahap-0
01/07/2025,12,20,37,12:20:37,84,Tahap-0
01/07/2025,12,20,37,12:20:37,60,Tahap-0
01/07/2025,12,20,37,12:20:37,-120,Tahap-0
01/07/2025,12,20,37,12:20:37,176,Tahap-0
01/07/2025,12,20,37,12:20:37,56,Tahap-0
01/07/2025,12,20,37,12:20:37,-28,Tahap-0
01/07/2025,12,20,37,12:20:37,60,Tahap-0
01/07/2025,12,20,37,12:20:37,-100,Tahap-0
01/07/2025,12,20,38,12:20:38,-16,Tahap-0
01/07/2025,12,20,38,12:20:38,164,Tahap-0
01/07/2025,12,20,38,12:20:38,-64,Tahap-0
01/07/2025,12,20,38,12:20:38,12,Tahap-0
01/07/2025,12,20,38,12:20:38,104,Tahap-0
01/07/2025,12,20,38,12:20:38,28,Tahap-0
01/07/2025,12,20,38,12:20:38,-20,Tahap-0
01/07/2025,12,20,38,12:20:38,108,Tahap-0
01/07/2025,12,20,38,12:20:38,32,Tahap-0
01/07/2025,12,20,38,12:20:38,-76,Tahap-0
01/07/2025,12,20,39,12:20:39,44,Tahap-0
01/07/2025,12,20,39,12:20:39,48,Tahap-0
01/07/2025,12,20,39,12:20:39,-44,Tahap-0
01/07/2025,12,20,39,12:20:39,32,Tahap-0
01/07/2025,12,20,39,12:20:39,-20,Tahap-0
01/07/2025,12,20,39,12:20:39,-8,Tahap-0
01/07/2025,12,20,39,12:20:39,112,Tahap-0
01/07/2025,12,20,39,12:20:39,-132,Tahap-0
01/07/2025,12,20,39,12:20:39,52,Tahap-0
01/07/2025,12,20,39,12:20:39,128,Tahap-0
01/07/2025,12,20,40,12:20:40,-164,Tahap-0
01/07/2025,12,20,40,12:20:40,-28,Tahap-0
01/07/2025,12,20,40,12:20:40,172,Tahap-0
01/07/2025,12,20,40,12:20:40,-332,Tahap-0
01/07/2025,12,20,40,12:20:40,152,Tahap-0
01/07/2025,12,20,40,12:20:40,-32,Tahap-0
01/07/2025,12,20,40,12:20:40,-68,Tahap-0
01/07/2025,12,20,40,12:20:40,188,Tahap-0
01/07/2025,12,20,40,12:20:40,-96,Tahap-0
01/07/2025,12,20,40,12:20:40,-20,Tahap-0
01/07/2025,12,20,41,12:20:41,224,Tahap-0
01/07/2025,12,20,41,12:20:41,-204,Tahap-0
01/07/2025,12,20,41,12:20:41,60,Tahap-0
01/07/2025,12,20,41,12:20:41,220,Tahap-0
01/07/2025,12,20,41,12:20:41,-296,Tahap-0
01/07/2025,12,20,41,12:20:41,188,Tahap-0
01/07/2025,12,20,41,12:20:41,48,Tahap-0
01/07/2025,12,20,41,12:20:41,-72,Tahap-0
01/07/2025,12,20,41,12:20:41,104,Tahap-0
01/07/2025,12,20,41,12:20:41,-56,Tahap-0
01/07/2025,12,20,42,12:20:42,-140,Tahap-0
01/07/2025,12,20,42,12:20:42,140,Tahap-0
01/07/2025,12,20,42,12:20:42,-296,Tahap-0
01/07/2025,12,20,42,12:20:42,64,Tahap-0
01/07/2025,12,20,42,12:20:42,-32,Tahap-0
01/07/2025,12,20,42,12:20:42,-40,Tahap-0
01/07/2025,12,20,42,12:20:42,-176,Tahap-0
01/07/2025,12,20,42,12:20:42,24,Tahap-0
01/07/2025,12,20,42,12:20:42,-36,Tahap-0
01/07/2025,12,20,42,12:20:42,-164,Tahap-0
01/07/2025,12,20,43,12:20:43,24,Tahap-0
01/07/2025,12,20,43,12:20:43,-104,Tahap-0
01/07/2025,12,20,43,12:20:43,36,Tahap-0
01/07/2025,12,20,43,12:20:43,-56,Tahap-0
01/07/2025,12,20,43,12:20:43,-104,Tahap-0
01/07/2025,12,20,43,12:20:43,-100,Tahap-0
01/07/2025,12,20,43,12:20:43,116,Tahap-0
01/07/2025,12,20,43,12:20:43,-292,Tahap-0
01/07/2025,12,20,43,12:20:43,-8,Tahap-0
01/07/2025,12,20,43,12:20:43,84,Tahap-0
01/07/2025,12,20,44,12:20:44,-188,Tahap-0
01/07/2025,12,20,44,12:20:44,-60,Tahap-0
01/07/2025,12,20,44,12:20:44,-68,Tahap-0
01/07/2025,12,20,44,12:20:44,-164,Tahap-0
01/07/2025,12,20,44,12:20:44,-52,Tahap-0
01/07/2025,12,20,44,12:20:44,-56,Tahap-0
01/07/2025,12,20,44,12:20:44,-244,Tahap-0
01/07/2025,12,20,44,12:20:44,68,Tahap-0
01/07/2025,12,20,44,12:20:44,-196,Tahap-0
01/07/2025,12,20,44,12:20:44,-212,Tahap-0
01/07/2025,12,20,45,12:20:45,144,Tahap-0
01/07/2025,12,20,45,12:20:45,-236,Tahap-0
01/07/2025,12,20,45,12:20:45,-136,Tahap-0
01/07/2025,12,20,45,12:20:45,164,Tahap-0
01/07/2025,12,20,45,12:20:45,-248,Tahap-0
01/07/2025,12,20,45,12:20:45,-24,Tahap-0
01/07/2025,12,20,45,12:20:45,76,Tahap-0
01/07/2025,12,20,45,12:20:45,-248,Tahap-0
01/07/2025,12,20,45,12:20:45,156,Tahap-0
01/07/2025,12,20,45,12:20:45,-92,Tahap-0
01/07/2025,12,20,46,12:20:46,-240,Tahap-0
01/07/2025,12,20,46,12:20:46,112,Tahap-0
01/07/2025,12,20,46,12:20:46,-116,Tahap-0
01/07/2025,12,20,46,12:20:46,-208,Tahap-0
01/07/2025,12,20,46,12:20:46,148,Tahap-0
01/07/2025,12,20,46,12:20:46,-332,Tahap-0
01/07/2025,12,20,46,12:20:46,-156,Tahap-0
01/07/2025,12,20,46,12:20:46,48,Tahap-0
01/07/2025,12,21,11,12:21:11,3735,Tahap-0
01/07/2025,12,21,11,12:21:11,949,Tahap-0
01/07/2025,12,21,11,12:21:11,1887,Tahap-0
01/07/2025,12,21,11,12:21:11,350,Tahap-0
01/07/2025,12,21,11,12:21:11,635,Tahap-0
01/07/2025,12,21,11,12:21:11,399,Tahap-0
01/07/2025,12,21,11,12:21:11,410,Tahap-0
01/07/2025,12,21,11,12:21:11,365,Tahap-0
01/07/2025,12,21,12,12:21:12,109,Tahap-0
01/07/2025,12,21,12,12:21:12,235,Tahap-0
01/07/2025,12,21,12,12:21:12,227,Tahap-0
01/07/2025,12,21,12,12:21:12,261,Tahap-0
01/07/2025,12,21,12,12:21:12,165,Tahap-0
01/07/2025,12,21,12,12:21:12,136,Tahap-0
01/07/2025,12,21,12,12:21:12,100,Tahap-0
01/07/2025,12,21,12,12:21:12,240,Tahap-0
01/07/2025,12,21,12,12:21:12,112,Tahap-0
01/07/2025,12,21,12,12:21:12,192,Tahap-0
01/07/2025,12,21,13,12:21:13,101,Tahap-0
01/07/2025,12,21,13,12:21:13,104,Tahap-0
01/07/2025,12,21,13,12:21:13,201,Tahap-0
01/07/2025,12,21,13,12:21:13,258,Tahap-0
01/07/2025,12,21,13,12:21:13,308,Tahap-0
01/07/2025,12,21,13,12:21:13,399,Tahap-0
01/07/2025,12,21,13,12:21:13,280,Tahap-0
01/07/2025,12,21,13,12:21:13,193,Tahap-0
01/07/2025,12,21,13,12:21:13,159,Tahap-0
01/07/2025,12,21,13,12:21:13,122,Tahap-0
01/07/2025,12,21,14,12:21:14,149,Tahap-0
01/07/2025,12,21,14,12:21:14,492,Tahap-0
01/07/2025,12,21,14,12:21:14,105,Tahap-0
01/07/2025,12,21,14,12:21:14,96,Tahap-0
01/07/2025,12,21,14,12:21:14,209,Tahap-0
01/07/2025,12,21,14,12:21:14,219,Tahap-0
01/07/2025,12,21,14,12:21:14,209,Tahap-0
01/07/2025,12,21,14,12:21:14,136,Tahap-0
01/07/2025,12,21,14,12:21:14,117,Tahap-0
01/07/2025,12,21,14,12:21:14,52,Tahap-0
01/07/2025,12,21,15,12:21:15,38,Tahap-0
01/07/2025,12,21,15,12:21:15,169,Tahap-0
01/07/2025,12,21,15,12:21:15,329,Tahap-0
01/07/2025,12,21,15,12:21:15,132,Tahap-0
01/07/2025,12,21,15,12:21:15,728,Tahap-0
01/07/2025,12,21,15,12:21:15,81,Tahap-0
01/07/2025,12,21,15,12:21:15,380,Tahap-0
01/07/2025,12,21,15,12:21:15,362,Tahap-0
01/07/2025,12,21,15,12:21:15,366,Tahap-0
01/07/2025,12,21,15,12:21:15,275,Tahap-0
01/07/2025,12,21,16,12:21:16,66,Tahap-0
01/07/2025,12,21,16,12:21:16,201,Tahap-0
01/07/2025,12,21,16,12:21:16,44,Tahap-0
01/07/2025,12,21,16,12:21:16,123,Tahap-0
01/07/2025,12,21,16,12:21:16,92,Tahap-0
01/07/2025,12,21,16,12:21:16,214,Tahap-0
01/07/2025,12,21,16,12:21:16,37,Tahap-0
01/07/2025,12,21,16,12:21:16,204,Tahap-0
01/07/2025,12,21,16,12:21:16,155,Tahap-0
01/07/2025,12,21,16,12:21:16,8,Tahap-0
01/07/2025,12,21,17,12:21:17,151,Tahap-0
01/07/2025,12,21,17,12:21:17,54,Tahap-0
01/07/2025,12,21,17,12:21:17,63,Tahap-0
01/07/2025,12,21,17,12:21:17,67,Tahap-0
01/07/2025,12,21,17,12:21:17,58,Tahap-0
01/07/2025,12,21,17,12:21:17,41,Tahap-0
01/07/2025,12,21,17,12:21:17,420,Tahap-0
01/07/2025,12,21,17,12:21:17,132,Tahap-0
01/07/2025,12,21,17,12:21:17,118,Tahap-0
01/07/2025,12,21,17,12:21:17,65,Tahap-0
01/07/2025,12,21,18,12:21:18,184,Tahap-0
01/07/2025,12,21,18,12:21:18,838,Tahap-0
01/07/2025,12,21,18,12:21:18,311,Tahap-0
01/07/2025,12,21,18,12:21:18,115,Tahap-0
01/07/2025,12,21,18,12:21:18,360,Tahap-0
01/07/2025,12,21,18,12:21:18,395,Tahap-0
01/07/2025,12,21,18,12:21:18,165,Tahap-0
01/07/2025,12,21,18,12:21:18,314,Tahap-0
01/07/2025,12,21,18,12:21:18,206,Tahap-0
01/07/2025,12,21,18,12:21:18,501,Tahap-0
01/07/2025,12,21,19,12:21:19,173,Tahap-0
01/07/2025,12,21,19,12:21:19,309,Tahap-0
01/07/2025,12,21,19,12:21:19,208,Tahap-0
01/07/2025,12,21,19,12:21:19,342,Tahap-0
01/07/2025,12,21,19,12:21:19,149,Tahap-0
01/07/2025,12,21,19,12:21:19,522,Tahap-0
01/07/2025,12,21,19,12:21:19,213,Tahap-0
01/07/2025,12,21,19,12:21:19,681,Tahap-0
01/07/2025,12,21,19,12:21:19,214,Tahap-0
01/07/2025,12,21,19,12:21:19,197,Tahap-0
01/07/2025,12,21,20,12:21:20,140,Tahap-0
01/07/2025,12,21,20,12:21:20,493,Tahap-0
01/07/2025,12,21,20,12:21:20,53,Tahap-0
01/07/2025,12,21,20,12:21:20,422,Tahap-0
01/07/2025,12,21,20,12:21:20,664,Tahap-0
01/07/2025,12,21,20,12:21:20,2532,Tahap-0
01/07/2025,12,21,20,12:21:20,1256,Tahap-0
01/07/2025,12,21,20,12:21:20,237,Tahap-0
01/07/2025,12,21,20,12:21:20,798,Tahap-0
01/07/2025,12,21,20,12:21:20,362,Tahap-0
01/07/2025,12,21,21,12:21:21,268,Tahap-0
01/07/2025,12,21,21,12:21:21,440,Tahap-0
01/07/2025,12,21,21,12:21:21,227,Tahap-0
01/07/2025,12,21,21,12:21:21,1060,Tahap-0
01/07/2025,12,21,21,12:21:21,334,Tahap-0
01/07/2025,12,21,21,12:21:21,975,Tahap-0
01/07/2025,12,21,21,12:21:21,703,Tahap-0
01/07/2025,12,21,21,12:21:21,414,Tahap-0
01/07/2025,12,21,21,12:21:21,253,Tahap-0
01/07/2025,12,21,21,12:21:21,430,Tahap-0
01/07/2025,12,21,22,12:21:22,190,Tahap-0
01/07/2025,12,21,22,12:21:22,323,Tahap-0
01/07/2025,12,21,22,12:21:22,376,Tahap-0
01/07/2025,12,21,22,12:21:22,70,Tahap-0
01/07/2025,12,21,22,12:21:22,230,Tahap-0
01/07/2025,12,21,22,12:21:22,236,Tahap-0
01/07/2025,12,21,22,12:21:22,53,Tahap-0
01/07/2025,12,21,22,12:21:22,682,Tahap-0
01/07/2025,12,21,22,12:21:22,1195,Tahap-0
01/07/2025,12,21,22,12:21:22,884,Tahap-0
01/07/2025,12,21,23,12:21:23,803,Tahap-0
01/07/2025,12,21,23,12:21:23,803,Tahap-0
01/07/2025,12,21,23,12:21:23,819,Tahap-0
01/07/2025,12,21,23,12:21:23,305,Tahap-0
01/07/2025,12,21,23,12:21:23,433,Tahap-0
01/07/2025,12,21,23,12:21:23,138,Tahap-0
01/07/2025,12,21,23,12:21:23,172,Tahap-0
01/07/2025,12,21,23,12:21:23,294,Tahap-0
01/07/2025,12,21,23,12:21:23,1130,Tahap-0
01/07/2025,12,21,23,12:21:23,64,Tahap-0
01/07/2025,12,21,24,12:21:24,-40,Tahap-0
01/07/2025,12,21,24,12:21:24,112,Tahap-0
01/07/2025,12,21,24,12:21:24,-40,Tahap-0
01/07/2025,12,21,24,12:21:24,52,Tahap-0
01/07/2025,12,21,24,12:21:24,48,Tahap-0
01/07/2025,12,21,24,12:21:24,112,Tahap-0
01/07/2025,12,21,24,12:21:24,-200,Tahap-0
01/07/2025,12,21,24,12:21:24,212,Tahap-0
01/07/2025,12,21,24,12:21:24,-96,Tahap-0
01/07/2025,12,21,24,12:21:24,20,Tahap-0
01/07/2025,12,21,25,12:21:25,124,Tahap-0
