Tanggal,Jam,Menit,Detik,Waktu,frekuensi,label
11/17/2025,12,13,15,12:13:15,13706,Tahap-0
11/17/2025,12,13,15,12:13:15,1545,Tahap-0
11/17/2025,12,13,15,12:13:15,4355,Tahap-0
11/17/2025,12,13,15,12:13:15,3516,Tahap-0
11/17/2025,12,13,15,12:13:15,1208,Tahap-0
11/17/2025,12,13,15,12:13:15,404,Tahap-0
11/17/2025,12,13,15,12:13:15,748,Tahap-0
11/17/2025,12,13,16,12:13:16,1164,Tahap-0
11/17/2025,12,13,16,12:13:16,655,Tahap-0
11/17/2025,12,13,16,12:13:16,607,Tahap-0
11/17/2025,12,13,16,12:13:16,534,Tahap-0
11/17/2025,12,13,16,12:13:16,665,Tahap-0
11/17/2025,12,13,16,12:13:16,431,Tahap-0
11/17/2025,12,13,16,12:13:16,186,Tahap-0
11/17/2025,12,13,16,12:13:16,289,Tahap-0
11/17/2025,12,13,16,12:13:16,137,Tahap-0
11/17/2025,12,13,16,12:13:16,223,Tahap-0
11/17/2025,12,13,17,12:13:17,157,Tahap-0
11/17/2025,12,13,17,12:13:17,40,Tahap-0
11/17/2025,12,13,17,12:13:17,239,Tahap-0
11/17/2025,12,13,17,12:13:17,81,Tahap-0
11/17/2025,12,13,17,12:13:17,80,Tahap-0
11/17/2025,12,13,17,12:13:17,62,Tahap-0
11/17/2025,12,13,17,12:13:17,198,Tahap-0
11/17/2025,12,13,17,12:13:17,46,Tahap-0
11/17/2025,12,13,17,12:13:17,99,Tahap-0
11/17/2025,12,13,17,12:13:17,167,Tahap-0
11/17/2025,12,13,18,12:13:18,132,Tahap-0
11/17/2025,12,13,18,12:13:18,153,Tahap-0
11/17/2025,12,13,18,12:13:18,186,Tahap-0
11/17/2025,12,13,18,12:13:18,153,Tahap-0
11/17/2025,12,13,18,12:13:18,33,Tahap-0
11/17/2025,12,13,18,12:13:18,129,Tahap-0
11/17/2025,12,13,18,12:13:18,101,Tahap-0
11/17/2025,12,13,18,12:13:18,53,Tahap-0
11/17/2025,12,13,18,12:13:18,171,Tahap-0
11/17/2025,12,13,18,12:13:18,124,Tahap-0
11/17/2025,12,13,19,12:13:19,555,Tahap-0
11/17/2025,12,13,19,12:13:19,314,Tahap-0
11/17/2025,12,13,19,12:13:19,181,Tahap-0
11/17/2025,12,13,19,12:13:19,251,Tahap-0
11/17/2025,12,13,19,12:13:19,221,Tahap-0
11/17/2025,12,13,19,12:13:19,106,Tahap-0
11/17/2025,12,13,19,12:13:19,28,Tahap-0
11/17/2025,12,13,19,12:13:19,115,Tahap-0
11/17/2025,12,13,19,12:13:19,32,Tahap-0
11/17/2025,12,13,19,12:13:19,40,Tahap-0
11/17/2025,12,13,20,12:13:20,175,Tahap-0
11/17/2025,12,13,20,12:13:20,159,Tahap-0
11/17/2025,12,13,20,12:13:20,197,Tahap-0
11/17/2025,12,13,20,12:13:20,129,Tahap-0
11/17/2025,12,13,20,12:13:20,203,Tahap-0
11/17/2025,12,13,20,12:13:20,36,Tahap-0
11/17/2025,12,13,20,12:13:20,121,Tahap-0
11/17/2025,12,13,20,12:13:20,249,Tahap-0
11/17/2025,12,13,20,12:13:20,20,Tahap-0
11/17/2025,12,13,20,12:13:20,35,Tahap-0
11/17/2025,12,13,21,12:13:21,199,Tahap-0
11/17/2025,12,13,21,12:13:21,127,Tahap-0
11/17/2025,12,13,21,12:13:21,40,Tahap-0
11/17/2025,12,13,21,12:13:21,109,Tahap-0
11/17/2025,12,13,21,12:13:21,58,Tahap-0
11/17/2025,12,13,21,12:13:21,162,Tahap-0
11/17/2025,12,13,21,12:13:21,157,Tahap-0
11/17/2025,12,13,22,12:13:22,131,Tahap-0
11/17/2025,12,13,22,12:13:22,206,Tahap-0
11/17/2025,12,13,22,12:13:22,94,Tahap-0
11/17/2025,12,13,22,12:13:22,122,Tahap-0
11/17/2025,12,13,22,12:13:22,195,Tahap-0
11/17/2025,12,13,22,12:13:22,47,Tahap-0
11/17/2025,12,13,22,12:13:22,146,Tahap-0
11/17/2025,12,13,22,12:13:22,263,Tahap-0
11/17/2025,12,13,22,12:13:22,293,Tahap-0
11/17/2025,12,13,22,12:13:22,361,Tahap-0
11/17/2025,12,13,22,12:13:22,372,Tahap-0
11/17/2025,12,13,22,12:13:22,684,Tahap-0
11/17/2025,12,13,22,12:13:22,723,Tahap-0
11/17/2025,12,13,23,12:13:23,228,Tahap-0
11/17/2025,12,13,23,12:13:23,156,Tahap-0
11/17/2025,12,13,23,12:13:23,143,Tahap-0
11/17/2025,12,13,23,12:13:23,272,Tahap-0
11/17/2025,12,13,23,12:13:23,281,Tahap-0
11/17/2025,12,13,23,12:13:23,151,Tahap-0
11/17/2025,12,13,23,12:13:23,171,Tahap-0
11/17/2025,12,13,23,12:13:23,59,Tahap-0
11/17/2025,12,13,23,12:13:23,87,Tahap-0
11/17/2025,12,13,23,12:13:23,89,Tahap-0
11/17/2025,12,13,24,12:13:24,207,Tahap-0
11/17/2025,12,13,24,12:13:24,359,Tahap-0
11/17/2025,12,13,24,12:13:24,231,Tahap-0
11/17/2025,12,13,24,12:13:24,158,Tahap-0
11/17/2025,12,13,24,12:13:24,146,Tahap-0
11/17/2025,12,13,24,12:13:24,221,Tahap-0
11/17/2025,12,13,24,12:13:24,236,Tahap-0
11/17/2025,12,13,24,12:13:24,124,Tahap-0
11/17/2025,12,13,24,12:13:24,208,Tahap-0
11/17/2025,12,13,24,12:13:24,357,Tahap-0
11/17/2025,12,13,25,12:13:25,263,Tahap-0
11/17/2025,12,13,25,12:13:25,455,Tahap-0
11/17/2025,12,13,25,12:13:25,498,Tahap-0
11/17/2025,12,13,25,12:13:25,458,Tahap-0
11/17/2025,12,13,25,12:13:25,752,Tahap-0
11/17/2025,12,13,25,12:13:25,815,Tahap-0
11/17/2025,12,13,25,12:13:25,532,Tahap-0
11/17/2025,12,13,25,12:13:25,300,Tahap-0
11/17/2025,12,13,25,12:13:25,57,Tahap-0
11/17/2025,12,13,25,12:13:25,194,Tahap-0
11/17/2025,12,13,26,12:13:26,63,Tahap-0
11/17/2025,12,13,26,12:13:26,257,Tahap-0
11/17/2025,12,13,26,12:13:26,293,Tahap-0
11/17/2025,12,13,26,12:13:26,91,Tahap-0
11/17/2025,12,13,26,12:13:26,250,Tahap-0
11/17/2025,12,13,26,12:13:26,475,Tahap-0
11/17/2025,12,13,26,12:13:26,349,Tahap-0
11/17/2025,12,13,26,12:13:26,1097,Tahap-0
11/17/2025,12,13,26,12:13:26,70,Tahap-0
11/17/2025,12,13,26,12:13:26,527,Tahap-0
11/17/2025,12,13,27,12:13:27,398,Tahap-0
11/17/2025,12,13,27,12:13:27,175,Tahap-0
11/17/2025,12,13,27,12:13:27,512,Tahap-0
11/17/2025,12,13,27,12:13:27,136,Tahap-0
11/17/2025,12,13,27,12:13:27,221,Tahap-0
11/17/2025,12,13,27,12:13:27,130,Tahap-0
11/17/2025,12,13,27,12:13:27,39,Tahap-0
11/17/2025,12,13,27,12:13:27,226,Tahap-0
11/17/2025,12,13,27,12:13:27,113,Tahap-0
11/17/2025,12,13,27,12:13:27,166,Tahap-0
11/17/2025,12,13,28,12:13:28,-160,Tahap-0
11/17/2025,12,13,28,12:13:28,-160,Tahap-0
11/17/2025,12,13,28,12:13:28,-164,Tahap-0
11/17/2025,12,13,28,12:13:28,-186,Tahap-0
11/17/2025,12,13,28,12:13:28,-228,Tahap-0
11/17/2025,12,13,28,12:13:28,-198,Tahap-0
11/17/2025,12,13,28,12:13:28,-156,Tahap-0
11/17/2025,12,13,28,12:13:28,-210,Tahap-0
11/17/2025,12,13,28,12:13:28,-146,Tahap-0
11/17/2025,12,13,28,12:13:28,-180,Tahap-0
11/17/2025,12,13,29,12:13:29,-176,Tahap-0
11/17/2025,12,13,29,12:13:29,-188,Tahap-0
11/17/2025,12,13,29,12:13:29,-220,Tahap-0
11/17/2025,12,13,29,12:13:29,-106,Tahap-0
11/17/2025,12,13,29,12:13:29,-218,Tahap-0
11/17/2025,12,13,29,12:13:29,-106,Tahap-0
11/17/2025,12,13,29,12:13:29,-154,Tahap-0
11/17/2025,12,13,29,12:13:29,-162,Tahap-0
11/17/2025,12,13,29,12:13:29,-168,Tahap-0
11/17/2025,12,13,29,12:13:29,-148,Tahap-0
11/17/2025,12,13,30,12:13:30,-130,Tahap-0
11/17/2025,12,13,30,12:13:30,-156,Tahap-0
11/17/2025,12,13,30,12:13:30,-144,Tahap-0
11/17/2025,12,13,30,12:13:30,-174,Tahap-0
11/17/2025,12,13,30,12:13:30,-200,Tahap-0
11/17/2025,12,13,30,12:13:30,-206,Tahap-0
11/17/2025,12,13,30,12:13:30,-162,Tahap-0
11/17/2025,12,13,30,12:13:30,-264,Tahap-0
11/17/2025,12,13,30,12:13:30,-194,Tahap-0
11/17/2025,12,13,30,12:13:30,-232,Tahap-0
11/17/2025,12,13,31,12:13:31,-206,Tahap-0
11/17/2025,12,13,31,12:13:31,-250,Tahap-0
11/17/2025,12,13,31,12:13:31,-264,Tahap-0
11/17/2025,12,13,31,12:13:31,-190,Tahap-0
11/17/2025,12,13,31,12:13:31,-268,Tahap-0
11/17/2025,12,13,31,12:13:31,-174,Tahap-0
11/17/2025,12,13,31,12:13:31,-198,Tahap-0
11/17/2025,12,13,31,12:13:31,-250,Tahap-0
11/17/2025,12,13,31,12:13:31,-218,Tahap-0
11/17/2025,12,13,31,12:13:31,-192,Tahap-0
11/17/2025,12,13,32,12:13:32,-166,Tahap-0
11/17/2025,12,13,32,12:13:32,-202,Tahap-0
11/17/2025,12,13,32,12:13:32,-148,Tahap-0
11/17/2025,12,13,32,12:13:32,-144,Tahap-0
11/17/2025,12,13,32,12:13:32,-164,Tahap-0
11/17/2025,12,13,32,12:13:32,-166,Tahap-0
11/17/2025,12,13,32,12:13:32,-110,Tahap-0
11/17/2025,12,13,32,12:13:32,-124,Tahap-0
11/17/2025,12,13,32,12:13:32,-82,Tahap-0
11/17/2025,12,13,32,12:13:32,-54,Tahap-0
11/17/2025,12,13,33,12:13:33,-64,Tahap-0
11/17/2025,12,13,33,12:13:33,-66,Tahap-0
11/17/2025,12,13,33,12:13:33,-112,Tahap-0
11/17/2025,12,13,33,12:13:33,10,Tahap-0
11/17/2025,12,13,33,12:13:33,-78,Tahap-0
11/17/2025,12,13,33,12:13:33,2,Tahap-0
11/17/2025,12,13,33,12:13:33,28,Tahap-0
11/17/2025,12,13,33,12:13:33,-26,Tahap-0
11/17/2025,12,13,33,12:13:33,44,Tahap-0
11/17/2025,12,13,33,12:13:33,12,Tahap-0
11/17/2025,12,13,34,12:13:34,128,Tahap-0
11/17/2025,12,13,34,12:13:34,42,Tahap-0
11/17/2025,12,13,34,12:13:34,118,Tahap-0
11/17/2025,12,13,34,12:13:34,142,Tahap-0
11/17/2025,12,13,34,12:13:34,112,Tahap-0
11/17/2025,12,13,34,12:13:34,108,Tahap-0
11/17/2025,12,13,34,12:13:34,170,Tahap-0
11/17/2025,12,13,34,12:13:34,134,Tahap-0
11/17/2025,12,13,34,12:13:34,168,Tahap-0
11/17/2025,12,13,34,12:13:34,204,Tahap-0
11/17/2025,12,13,35,12:13:35,178,Tahap-0
11/17/2025,12,13,35,12:13:35,206,Tahap-0
11/17/2025,12,13,35,12:13:35,122,Tahap-0
11/17/2025,12,13,35,12:13:35,284,Tahap-0
11/17/2025,12,13,35,12:13:35,170,Tahap-0
11/17/2025,12,13,35,12:13:35,268,Tahap-0
11/17/2025,12,13,35,12:13:35,278,Tahap-0
11/17/2025,12,13,35,12:13:35,206,Tahap-0
11/17/2025,12,13,35,12:13:35,250,Tahap-0
11/17/2025,12,13,35,12:13:35,254,Tahap-0
11/17/2025,12,13,36,12:13:36,332,Tahap-0
11/17/2025,12,13,36,12:13:36,240,Tahap-0
11/17/2025,12,13,36,12:13:36,322,Tahap-0
11/17/2025,12,13,36,12:13:36,326,Tahap-0
11/17/2025,12,13,36,12:13:36,306,Tahap-0
11/17/2025,12,13,36,12:13:36,296,Tahap-0
11/17/2025,12,13,36,12:13:36,344,Tahap-0
11/17/2025,12,13,36,12:13:36,302,Tahap-0
11/17/2025,12,13,36,12:13:36,310,Tahap-0
11/17/2025,12,13,36,12:13:36,334,Tahap-0
11/17/2025,12,13,37,12:13:37,284,Tahap-0
11/17/2025,12,13,37,12:13:37,306,Tahap-0
11/17/2025,12,13,37,12:13:37,202,Tahap-0
11/17/2025,12,13,37,12:13:37,302,Tahap-0
11/17/2025,12,13,37,12:13:37,190,Tahap-0
11/17/2025,12,13,37,12:13:37,252,Tahap-0
11/17/2025,12,13,37,12:13:37,230,Tahap-0
11/17/2025,12,13,37,12:13:37,138,Tahap-0
11/17/2025,12,13,37,12:13:37,144,Tahap-0
11/17/2025,12,13,37,12:13:37,116,Tahap-0
11/17/2025,12,13,38,12:13:38,194,Tahap-0
11/17/2025,12,13,38,12:13:38,72,Tahap-0
11/17/2025,12,13,38,12:13:38,140,Tahap-0
11/17/2025,12,13,38,12:13:38,118,Tahap-0
11/17/2025,12,13,38,12:13:38,92,Tahap-0
11/17/2025,12,13,38,12:13:38,62,Tahap-0
11/17/2025,12,13,38,12:13:38,122,Tahap-0
11/17/2025,12,13,38,12:13:38,124,Tahap-0
11/17/2025,12,13,38,12:13:38,80,Tahap-0
11/17/2025,12,13,38,12:13:38,142,Tahap-0
11/17/2025,12,13,39,12:13:39,126,Tahap-0
11/17/2025,12,13,39,12:13:39,90,Tahap-0
11/17/2025,12,13,39,12:13:39,54,Tahap-0
11/17/2025,12,13,39,12:13:39,160,Tahap-0
11/17/2025,12,13,39,12:13:39,66,Tahap-0
11/17/2025,12,13,39,12:13:39,134,Tahap-0
11/17/2025,12,13,39,12:13:39,146,Tahap-0
11/17/2025,12,13,39,12:13:39,100,Tahap-0
11/17/2025,12,13,39,12:13:39,122,Tahap-0
11/17/2025,12,13,39,12:13:39,126,Tahap-0
11/17/2025,12,13,40,12:13:40,174,Tahap-0
11/17/2025,12,13,40,12:13:40,116,Tahap-0
11/17/2025,12,13,40,12:13:40,162,Tahap-0
11/17/2025,12,13,40,12:13:40,200,Tahap-0
11/17/2025,12,13,40,12:13:40,156,Tahap-0
11/17/2025,12,13,40,12:13:40,166,Tahap-0
11/17/2025,12,13,40,12:13:40,194,Tahap-0
11/17/2025,12,13,40,12:13:40,216,Tahap-0
11/17/2025,12,13,40,12:13:40,216,Tahap-0
11/17/2025,12,14,5,12:14:05,9864,Tahap-0
11/17/2025,12,14,5,12:14:05,391,Tahap-0
11/17/2025,12,14,5,12:14:05,1313,Tahap-0
11/17/2025,12,14,5,12:14:05,1191,Tahap-0
11/17/2025,12,14,5,12:14:05,1311,Tahap-0
11/17/2025,12,14,5,12:14:05,633,Tahap-0
11/17/2025,12,14,5,12:14:05,439,Tahap-0
11/17/2025,12,14,5,12:14:05,479,Tahap-0
11/17/2025,12,14,6,12:14:06,350,Tahap-0
11/17/2025,12,14,6,12:14:06,379,Tahap-0
11/17/2025,12,14,6,12:14:06,355,Tahap-0
11/17/2025,12,14,6,12:14:06,354,Tahap-0
11/17/2025,12,14,6,12:14:06,301,Tahap-0
11/17/2025,12,14,6,12:14:06,217,Tahap-0
11/17/2025,12,14,6,12:14:06,208,Tahap-0
11/17/2025,12,14,6,12:14:06,205,Tahap-0
11/17/2025,12,14,6,12:14:06,279,Tahap-0
11/17/2025,12,14,6,12:14:06,239,Tahap-0
11/17/2025,12,14,7,12:14:07,188,Tahap-0
11/17/2025,12,14,7,12:14:07,165,Tahap-0
11/17/2025,12,14,7,12:14:07,192,Tahap-0
11/17/2025,12,14,7,12:14:07,168,Tahap-0
11/17/2025,12,14,7,12:14:07,170,Tahap-0
11/17/2025,12,14,7,12:14:07,115,Tahap-0
11/17/2025,12,14,7,12:14:07,135,Tahap-0
11/17/2025,12,14,7,12:14:07,137,Tahap-0
11/17/2025,12,14,7,12:14:07,149,Tahap-0
11/17/2025,12,14,7,12:14:07,126,Tahap-0
11/17/2025,12,14,8,12:14:08,160,Tahap-0
11/17/2025,12,14,8,12:14:08,120,Tahap-0
11/17/2025,12,14,8,12:14:08,176,Tahap-0
11/17/2025,12,14,8,12:14:08,93,Tahap-0
11/17/2025,12,14,8,12:14:08,167,Tahap-0
11/17/2025,12,14,8,12:14:08,91,Tahap-0
11/17/2025,12,14,8,12:14:08,129,Tahap-0
11/17/2025,12,14,8,12:14:08,128,Tahap-0
11/17/2025,12,14,8,12:14:08,70,Tahap-0
11/17/2025,12,14,8,12:14:08,69,Tahap-0
11/17/2025,12,14,9,12:14:09,91,Tahap-0
11/17/2025,12,14,9,12:14:09,94,Tahap-0
11/17/2025,12,14,9,12:14:09,126,Tahap-0
11/17/2025,12,14,9,12:14:09,100,Tahap-0
11/17/2025,12,14,9,12:14:09,79,Tahap-0
11/17/2025,12,14,9,12:14:09,89,Tahap-0
11/17/2025,12,14,9,12:14:09,106,Tahap-0
11/17/2025,12,14,9,12:14:09,98,Tahap-0
11/17/2025,12,14,9,12:14:09,76,Tahap-0
11/17/2025,12,14,9,12:14:09,84,Tahap-0
11/17/2025,12,14,10,12:14:10,116,Tahap-0
11/17/2025,12,14,10,12:14:10,74,Tahap-0
11/17/2025,12,14,10,12:14:10,112,Tahap-0
11/17/2025,12,14,10,12:14:10,139,Tahap-0
11/17/2025,12,14,10,12:14:10,87,Tahap-0
11/17/2025,12,14,10,12:14:10,37,Tahap-0
11/17/2025,12,14,10,12:14:10,78,Tahap-0
11/17/2025,12,14,10,12:14:10,94,Tahap-0
11/17/2025,12,14,10,12:14:10,63,Tahap-0
11/17/2025,12,14,10,12:14:10,79,Tahap-0
11/17/2025,12,14,11,12:14:11,66,Tahap-0
11/17/2025,12,14,11,12:14:11,68,Tahap-0
11/17/2025,12,14,11,12:14:11,59,Tahap-0
11/17/2025,12,14,11,12:14:11,92,Tahap-0
11/17/2025,12,14,11,12:14:11,109,Tahap-0
11/17/2025,12,14,11,12:14:11,107,Tahap-0
11/17/2025,12,14,11,12:14:11,116,Tahap-0
11/17/2025,12,14,11,12:14:11,72,Tahap-0
11/17/2025,12,14,11,12:14:11,53,Tahap-0
11/17/2025,12,14,11,12:14:11,63,Tahap-0
11/17/2025,12,14,12,12:14:12,49,Tahap-0
11/17/2025,12,14,12,12:14:12,50,Tahap-0
11/17/2025,12,14,12,12:14:12,62,Tahap-0
11/17/2025,12,14,12,12:14:12,62,Tahap-0
11/17/2025,12,14,12,12:14:12,56,Tahap-0
11/17/2025,12,14,12,12:14:12,75,Tahap-0
11/17/2025,12,14,12,12:14:12,71,Tahap-0
11/17/2025,12,14,12,12:14:12,36,Tahap-0
11/17/2025,12,14,12,12:14:12,364,Tahap-0
11/17/2025,12,14,12,12:14:12,185,Tahap-0
11/17/2025,12,14,13,12:14:13,149,Tahap-0
11/17/2025,12,14,13,12:14:13,55,Tahap-0
11/17/2025,12,14,13,12:14:13,87,Tahap-0
11/17/2025,12,14,13,12:14:13,76,Tahap-0
11/17/2025,12,14,13,12:14:13,28,Tahap-0
11/17/2025,12,14,13,12:14:13,44,Tahap-0
11/17/2025,12,14,13,12:14:13,57,Tahap-0
11/17/2025,12,14,13,12:14:13,34,Tahap-0
11/17/2025,12,14,13,12:14:13,47,Tahap-0
11/17/2025,12,14,13,12:14:13,46,Tahap-0
11/17/2025,12,14,14,12:14:14,87,Tahap-0
11/17/2025,12,14,14,12:14:14,100,Tahap-0
11/17/2025,12,14,14,12:14:14,12,Tahap-0
11/17/2025,12,14,14,12:14:14,10,Tahap-0
11/17/2025,12,14,14,12:14:14,16,Tahap-0
11/17/2025,12,14,14,12:14:14,35,Tahap-0
11/17/2025,12,14,14,12:14:14,49,Tahap-0
11/17/2025,12,14,14,12:14:14,4,Tahap-0
11/17/2025,12,14,14,12:14:14,54,Tahap-0
11/17/2025,12,14,14,12:14:14,41,Tahap-0
11/17/2025,12,14,15,12:14:15,104,Tahap-0
11/17/2025,12,14,15,12:14:15,70,Tahap-0
11/17/2025,12,14,15,12:14:15,4,Tahap-0
11/17/2025,12,14,15,12:14:15,104,Tahap-0
11/17/2025,12,14,15,12:14:15,196,Tahap-0
11/17/2025,12,14,15,12:14:15,60,Tahap-0
11/17/2025,12,14,15,12:14:15,67,Tahap-0
11/17/2025,12,14,15,12:14:15,113,Tahap-0
11/17/2025,12,14,15,12:14:15,49,Tahap-0
11/17/2025,12,14,15,12:14:15,33,Tahap-0
11/17/2025,12,14,16,12:14:16,78,Tahap-0
11/17/2025,12,14,16,12:14:16,70,Tahap-0
11/17/2025,12,14,16,12:14:16,58,Tahap-0
11/17/2025,12,14,16,12:14:16,27,Tahap-0
11/17/2025,12,14,16,12:14:16,97,Tahap-0
11/17/2025,12,14,16,12:14:16,119,Tahap-0
11/17/2025,12,14,16,12:14:16,325,Tahap-0
11/17/2025,12,14,16,12:14:16,416,Tahap-0
11/17/2025,12,14,16,12:14:16,212,Tahap-0
11/17/2025,12,14,16,12:14:16,194,Tahap-0
11/17/2025,12,14,17,12:14:17,170,Tahap-0
11/17/2025,12,14,17,12:14:17,24,Tahap-0
11/17/2025,12,14,17,12:14:17,178,Tahap-0
11/17/2025,12,14,17,12:14:17,26,Tahap-0
11/17/2025,12,14,17,12:14:17,41,Tahap-0
11/17/2025,12,14,17,12:14:17,117,Tahap-0
11/17/2025,12,14,17,12:14:17,72,Tahap-0
11/17/2025,12,14,17,12:14:17,91,Tahap-0
11/17/2025,12,14,17,12:14:17,99,Tahap-0
11/17/2025,12,14,17,12:14:17,-197,Tahap-0
11/17/2025,12,14,18,12:14:18,-138,Tahap-0
11/17/2025,12,14,18,12:14:18,-206,Tahap-0
11/17/2025,12,14,18,12:14:18,-202,Tahap-0
11/17/2025,12,14,18,12:14:18,-223,Tahap-0
11/17/2025,12,14,18,12:14:18,-193,Tahap-0
11/17/2025,12,14,18,12:14:18,-216,Tahap-0
11/17/2025,12,14,18,12:14:18,-251,Tahap-0
11/17/2025,12,14,18,12:14:18,-215,Tahap-0
11/17/2025,12,14,18,12:14:18,-262,Tahap-0
11/17/2025,12,14,18,12:14:18,-270,Tahap-0
11/17/2025,12,14,19,12:14:19,-284,Tahap-0
11/17/2025,12,14,19,12:14:19,-270,Tahap-0
11/17/2025,12,14,19,12:14:19,-319,Tahap-0
11/17/2025,12,14,19,12:14:19,-299,Tahap-0
11/17/2025,12,14,19,12:14:19,-301,Tahap-0
11/17/2025,12,14,19,12:14:19,-329,Tahap-0
11/17/2025,12,14,19,12:14:19,-354,Tahap-0
11/17/2025,12,14,19,12:14:19,-346,Tahap-0
11/17/2025,12,14,19,12:14:19,-311,Tahap-0
11/17/2025,12,14,19,12:14:19,-384,Tahap-0
11/17/2025,12,14,20,12:14:20,-293,Tahap-0
11/17/2025,12,14,20,12:14:20,-363,Tahap-0
11/17/2025,12,14,20,12:14:20,-319,Tahap-0
11/17/2025,12,14,20,12:14:20,-351,Tahap-0
11/17/2025,12,14,20,12:14:20,-295,Tahap-0
11/17/2025,12,14,20,12:14:20,-319,Tahap-0
11/17/2025,12,14,20,12:14:20,-326,Tahap-0
11/17/2025,12,14,20,12:14:20,-275,Tahap-0
11/17/2025,12,14,20,12:14:20,-319,Tahap-0
11/17/2025,12,14,20,12:14:20,-284,Tahap-0
11/17/2025,12,14,21,12:14:21,-302,Tahap-0
11/17/2025,12,14,21,12:14:21,-240,Tahap-0
11/17/2025,12,14,21,12:14:21,-303,Tahap-0
11/17/2025,12,14,21,12:14:21,-231,Tahap-0
11/17/2025,12,14,21,12:14:21,-269,Tahap-0
11/17/2025,12,14,21,12:14:21,-237,Tahap-0
11/17/2025,12,14,22,12:14:22,-280,Tahap-0
11/17/2025,12,14,22,12:14:22,-228,Tahap-0
11/17/2025,12,14,22,12:14:22,-225,Tahap-0
11/17/2025,12,14,22,12:14:22,-257,Tahap-0
11/17/2025,12,14,22,12:14:22,-185,Tahap-0
11/17/2025,12,14,22,12:14:22,-252,Tahap-0
11/17/2025,12,14,22,12:14:22,-215,Tahap-0
11/17/2025,12,14,22,12:14:22,-250,Tahap-0
11/17/2025,12,14,22,12:14:22,-188,Tahap-0
11/17/2025,12,14,22,12:14:22,-223,Tahap-0
11/17/2025,12,14,22,12:14:22,-225,Tahap-0
11/17/2025,12,14,22,12:14:22,-222,Tahap-0
11/17/2025,12,14,22,12:14:22,-245,Tahap-0
11/17/2025,12,14,22,12:14:22,-244,Tahap-0
11/17/2025,12,14,23,12:14:23,-247,Tahap-0
11/17/2025,12,14,23,12:14:23,-226,Tahap-0
11/17/2025,12,14,23,12:14:23,-274,Tahap-0
11/17/2025,12,14,23,12:14:23,-244,Tahap-0
11/17/2025,12,14,23,12:14:23,-272,Tahap-0
11/17/2025,12,14,23,12:14:23,-255,Tahap-0
11/17/2025,12,14,23,12:14:23,-311,Tahap-0
11/17/2025,12,14,23,12:14:23,-260,Tahap-0
11/17/2025,12,14,23,12:14:23,-276,Tahap-0
11/17/2025,12,14,23,12:14:23,-303,Tahap-0
11/17/2025,12,14,24,12:14:24,-241,Tahap-0
11/17/2025,12,14,24,12:14:24,-331,Tahap-0
11/17/2025,12,14,24,12:14:24,-303,Tahap-0
11/17/2025,12,14,24,12:14:24,-333,Tahap-0
11/17/2025,12,14,24,12:14:24,-280,Tahap-0
11/17/2025,12,14,24,12:14:24,-329,Tahap-0
11/17/2025,12,14,24,12:14:24,-307,Tahap-0
11/17/2025,12,14,24,12:14:24,-299,Tahap-0
11/17/2025,12,14,24,12:14:24,-307,Tahap-0
11/17/2025,12,14,24,12:14:24,-322,Tahap-0
11/17/2025,12,14,25,12:14:25,-292,Tahap-0
11/17/2025,12,14,25,12:14:25,-268,Tahap-0
11/17/2025,12,14,25,12:14:25,-296,Tahap-0
11/17/2025,12,14,25,12:14:25,-250,Tahap-0
11/17/2025,12,14,25,12:14:25,-274,Tahap-0
11/17/2025,12,14,25,12:14:25,-262,Tahap-0
11/17/2025,12,14,25,12:14:25,-300,Tahap-0
11/17/2025,12,14,25,12:14:25,-229,Tahap-0
11/17/2025,12,14,25,12:14:25,-266,Tahap-0
11/17/2025,12,14,25,12:14:25,-245,Tahap-0
11/17/2025,12,14,26,12:14:26,-196,Tahap-0
11/17/2025,12,14,26,12:14:26,-245,Tahap-0
11/17/2025,12,14,26,12:14:26,-201,Tahap-0
11/17/2025,12,14,26,12:14:26,-208,Tahap-0
11/17/2025,12,14,26,12:14:26,-136,Tahap-0
11/17/2025,12,14,26,12:14:26,-181,Tahap-0
11/17/2025,12,14,26,12:14:26,-143,Tahap-0
11/17/2025,12,14,26,12:14:26,-117,Tahap-0
11/17/2025,12,14,26,12:14:26,-124,Tahap-0
11/17/2025,12,14,26,12:14:26,-121,Tahap-0
11/17/2025,12,14,27,12:14:27,-98,Tahap-0
11/17/2025,12,14,27,12:14:27,-85,Tahap-0
11/17/2025,12,14,27,12:14:27,-91,Tahap-0
11/17/2025,12,14,27,12:14:27,-52,Tahap-0
11/17/2025,12,14,27,12:14:27,-57,Tahap-0
11/17/2025,12,14,27,12:14:27,-47,Tahap-0
11/17/2025,12,14,27,12:14:27,-76,Tahap-0
11/17/2025,12,14,27,12:14:27,-15,Tahap-0
11/17/2025,12,14,27,12:14:27,-46,Tahap-0
11/17/2025,12,14,27,12:14:27,-20,Tahap-0
11/17/2025,12,14,28,12:14:28,21,Tahap-0
11/17/2025,12,14,28,12:14:28,-33,Tahap-0
11/17/2025,12,14,28,12:14:28,4,Tahap-0
11/17/2025,12,14,28,12:14:28,-26,Tahap-0
11/17/2025,12,14,28,12:14:28,34,Tahap-0
11/17/2025,12,14,28,12:14:28,-3,Tahap-0
11/17/2025,12,14,28,12:14:28,7,Tahap-0
11/17/2025,12,14,28,12:14:28,36,Tahap-0
11/17/2025,12,14,28,12:14:28,9,Tahap-0
11/17/2025,12,14,28,12:14:28,2,Tahap-0
11/17/2025,12,14,29,12:14:29,1,Tahap-0
11/17/2025,12,14,29,12:14:29,31,Tahap-0
11/17/2025,12,14,29,12:14:29,-10,Tahap-0
11/17/2025,12,14,29,12:14:29,38,Tahap-0
11/17/2025,12,14,29,12:14:29,-2,Tahap-0
11/17/2025,12,14,29,12:14:29,1,Tahap-0
11/17/2025,12,14,29,12:14:29,-36,Tahap-0
11/17/2025,12,14,29,12:14:29,14,Tahap-0
11/17/2025,12,14,29,12:14:29,-28,Tahap-0
11/17/2025,12,14,29,12:14:29,-23,Tahap-0
11/17/2025,12,14,30,12:14:30,12,Tahap-0
11/17/2025,12,14,30,12:14:30,-62,Tahap-0
11/17/2025,12,14,30,12:14:30,-30,Tahap-0
11/17/2025,12,14,30,12:14:30,-69,Tahap-0
11/17/2025,12,14,30,12:14:30,-11,Tahap-0
11/17/2025,12,14,30,12:14:30,-84,Tahap-0
11/17/2025,12,14,30,12:14:30,-55,Tahap-0
11/17/2025,12,14,30,12:14:30,-66,Tahap-0
11/17/2025,12,14,55,12:14:55,8453,Tahap-0
11/17/2025,12,14,55,12:14:55,3016,Tahap-0
11/17/2025,12,14,55,12:14:55,1342,Tahap-0
11/17/2025,12,14,55,12:14:55,696,Tahap-0
11/17/2025,12,14,55,12:14:55,809,Tahap-0
11/17/2025,12,14,55,12:14:55,815,Tahap-0
11/17/2025,12,14,55,12:14:55,785,Tahap-0
11/17/2025,12,14,55,12:14:55,593,Tahap-0
11/17/2025,12,14,56,12:14:56,475,Tahap-0
11/17/2025,12,14,56,12:14:56,407,Tahap-0
11/17/2025,12,14,56,12:14:56,392,Tahap-0
11/17/2025,12,14,56,12:14:56,344,Tahap-0
11/17/2025,12,14,56,12:14:56,318,Tahap-0
11/17/2025,12,14,56,12:14:56,297,Tahap-0
11/17/2025,12,14,56,12:14:56,336,Tahap-0
11/17/2025,12,14,56,12:14:56,244,Tahap-0
11/17/2025,12,14,56,12:14:56,295,Tahap-0
11/17/2025,12,14,56,12:14:56,251,Tahap-0
11/17/2025,12,14,56,12:14:56,199,Tahap-0
11/17/2025,12,14,57,12:14:57,206,Tahap-0
11/17/2025,12,14,57,12:14:57,200,Tahap-0
11/17/2025,12,14,57,12:14:57,147,Tahap-0
11/17/2025,12,14,57,12:14:57,175,Tahap-0
11/17/2025,12,14,57,12:14:57,144,Tahap-0
11/17/2025,12,14,57,12:14:57,171,Tahap-0
11/17/2025,12,14,57,12:14:57,149,Tahap-0
11/17/2025,12,14,57,12:14:57,155,Tahap-0
11/17/2025,12,14,57,12:14:57,149,Tahap-0
11/17/2025,12,14,57,12:14:57,154,Tahap-0
11/17/2025,12,14,58,12:14:58,147,Tahap-0
11/17/2025,12,14,58,12:14:58,153,Tahap-0
11/17/2025,12,14,58,12:14:58,138,Tahap-0
11/17/2025,12,14,58,12:14:58,176,Tahap-0
11/17/2025,12,14,58,12:14:58,112,Tahap-0
11/17/2025,12,14,58,12:14:58,108,Tahap-0
11/17/2025,12,14,58,12:14:58,111,Tahap-0
11/17/2025,12,14,58,12:14:58,190,Tahap-0
11/17/2025,12,14,58,12:14:58,38,Tahap-0
11/17/2025,12,14,58,12:14:58,171,Tahap-0
11/17/2025,12,14,59,12:14:59,151,Tahap-0
11/17/2025,12,14,59,12:14:59,104,Tahap-0
11/17/2025,12,14,59,12:14:59,98,Tahap-0
11/17/2025,12,14,59,12:14:59,63,Tahap-0
11/17/2025,12,14,59,12:14:59,79,Tahap-0
11/17/2025,12,14,59,12:14:59,104,Tahap-0
11/17/2025,12,14,59,12:14:59,90,Tahap-0
11/17/2025,12,14,59,12:14:59,59,Tahap-0
11/17/2025,12,14,59,12:14:59,82,Tahap-0
11/17/2025,12,14,59,12:14:59,92,Tahap-0
11/17/2025,12,15,1,12:15:01,72,Tahap-0
11/17/2025,12,15,1,12:15:01,63,Tahap-0
11/17/2025,12,15,1,12:15:01,73,Tahap-0
11/17/2025,12,15,1,12:15:01,40,Tahap-0
11/17/2025,12,15,1,12:15:01,37,Tahap-0
11/17/2025,12,15,1,12:15:01,42,Tahap-0
11/17/2025,12,15,1,12:15:01,100,Tahap-0
11/17/2025,12,15,1,12:15:01,56,Tahap-0
11/17/2025,12,15,1,12:15:01,62,Tahap-0
11/17/2025,12,15,1,12:15:01,49,Tahap-0
11/17/2025,12,15,2,12:15:02,41,Tahap-0
11/17/2025,12,15,2,12:15:02,28,Tahap-0
11/17/2025,12,15,2,12:15:02,32,Tahap-0
11/17/2025,12,15,2,12:15:02,30,Tahap-0
11/17/2025,12,15,2,12:15:02,48,Tahap-0
11/17/2025,12,15,2,12:15:02,84,Tahap-0
11/17/2025,12,15,2,12:15:02,206,Tahap-0
11/17/2025,12,15,2,12:15:02,124,Tahap-0
11/17/2025,12,15,2,12:15:02,79,Tahap-0
11/17/2025,12,15,2,12:15:02,54,Tahap-0
11/17/2025,12,15,3,12:15:03,78,Tahap-0
11/17/2025,12,15,3,12:15:03,35,Tahap-0
11/17/2025,12,15,3,12:15:03,58,Tahap-0
11/17/2025,12,15,3,12:15:03,66,Tahap-0
11/17/2025,12,15,3,12:15:03,49,Tahap-0
11/17/2025,12,15,3,12:15:03,42,Tahap-0
11/17/2025,12,15,3,12:15:03,53,Tahap-0
11/17/2025,12,15,3,12:15:03,32,Tahap-0
11/17/2025,12,15,3,12:15:03,48,Tahap-0
11/17/2025,12,15,3,12:15:03,86,Tahap-0
11/17/2025,12,15,4,12:15:04,29,Tahap-0
11/17/2025,12,15,4,12:15:04,18,Tahap-0
11/17/2025,12,15,4,12:15:04,35,Tahap-0
11/17/2025,12,15,4,12:15:04,31,Tahap-0
11/17/2025,12,15,4,12:15:04,27,Tahap-0
11/17/2025,12,15,4,12:15:04,68,Tahap-0
11/17/2025,12,15,4,12:15:04,7,Tahap-0
11/17/2025,12,15,4,12:15:04,49,Tahap-0
11/17/2025,12,15,4,12:15:04,92,Tahap-0
11/17/2025,12,15,4,12:15:04,53,Tahap-0
11/17/2025,12,15,5,12:15:05,85,Tahap-0
11/17/2025,12,15,5,12:15:05,59,Tahap-0
11/17/2025,12,15,5,12:15:05,113,Tahap-0
11/17/2025,12,15,5,12:15:05,347,Tahap-0
11/17/2025,12,15,5,12:15:05,106,Tahap-0
11/17/2025,12,15,5,12:15:05,61,Tahap-0
11/17/2025,12,15,5,12:15:05,25,Tahap-0
11/17/2025,12,15,5,12:15:05,6,Tahap-0
11/17/2025,12,15,5,12:15:05,116,Tahap-0
11/17/2025,12,15,5,12:15:05,67,Tahap-0
11/17/2025,12,15,6,12:15:06,12,Tahap-0
11/17/2025,12,15,6,12:15:06,35,Tahap-0
11/17/2025,12,15,6,12:15:06,44,Tahap-0
11/17/2025,12,15,6,12:15:06,51,Tahap-0
11/17/2025,12,15,6,12:15:06,177,Tahap-0
11/17/2025,12,15,6,12:15:06,180,Tahap-0
11/17/2025,12,15,6,12:15:06,146,Tahap-0
11/17/2025,12,15,6,12:15:06,125,Tahap-0
11/17/2025,12,15,6,12:15:06,146,Tahap-0
11/17/2025,12,15,6,12:15:06,63,Tahap-0
11/17/2025,12,15,7,12:15:07,46,Tahap-0
11/17/2025,12,15,7,12:15:07,44,Tahap-0
11/17/2025,12,15,7,12:15:07,33,Tahap-0
11/17/2025,12,15,7,12:15:07,77,Tahap-0
11/17/2025,12,15,7,12:15:07,62,Tahap-0
11/17/2025,12,15,7,12:15:07,69,Tahap-0
11/17/2025,12,15,7,12:15:07,65,Tahap-0
11/17/2025,12,15,7,12:15:07,94,Tahap-0
11/17/2025,12,15,7,12:15:07,2,Tahap-0
11/17/2025,12,15,7,12:15:07,4,Tahap-0
11/17/2025,12,15,8,12:15:08,-17,Tahap-0
11/17/2025,12,15,8,12:15:08,22,Tahap-0
11/17/2025,12,15,8,12:15:08,20,Tahap-0
11/17/2025,12,15,8,12:15:08,5,Tahap-0
11/17/2025,12,15,8,12:15:08,23,Tahap-0
11/17/2025,12,15,8,12:15:08,19,Tahap-0
11/17/2025,12,15,8,12:15:08,26,Tahap-0
11/17/2025,12,15,8,12:15:08,26,Tahap-0
11/17/2025,12,15,8,12:15:08,39,Tahap-0
11/17/2025,12,15,8,12:15:08,42,Tahap-0
11/17/2025,12,15,9,12:15:09,26,Tahap-0
11/17/2025,12,15,9,12:15:09,42,Tahap-0
11/17/2025,12,15,9,12:15:09,56,Tahap-0
11/17/2025,12,15,9,12:15:09,28,Tahap-0
11/17/2025,12,15,9,12:15:09,83,Tahap-0
11/17/2025,12,15,9,12:15:09,60,Tahap-0
11/17/2025,12,15,9,12:15:09,72,Tahap-0
11/17/2025,12,15,9,12:15:09,65,Tahap-0
11/17/2025,12,15,9,12:15:09,76,Tahap-0
11/17/2025,12,15,9,12:15:09,109,Tahap-0
11/17/2025,12,15,10,12:15:10,65,Tahap-0
11/17/2025,12,15,10,12:15:10,122,Tahap-0
11/17/2025,12,15,10,12:15:10,106,Tahap-0
11/17/2025,12,15,10,12:15:10,104,Tahap-0
11/17/2025,12,15,10,12:15:10,121,Tahap-0
11/17/2025,12,15,10,12:15:10,115,Tahap-0
11/17/2025,12,15,10,12:15:10,123,Tahap-0
11/17/2025,12,15,10,12:15:10,129,Tahap-0
11/17/2025,12,15,10,12:15:10,134,Tahap-0
11/17/2025,12,15,10,12:15:10,156,Tahap-0
11/17/2025,12,15,11,12:15:11,119,Tahap-0
11/17/2025,12,15,11,12:15:11,129,Tahap-0
11/17/2025,12,15,11,12:15:11,150,Tahap-0
11/17/2025,12,15,11,12:15:11,138,Tahap-0
11/17/2025,12,15,11,12:15:11,177,Tahap-0
11/17/2025,12,15,11,12:15:11,153,Tahap-0
11/17/2025,12,15,11,12:15:11,158,Tahap-0
11/17/2025,12,15,11,12:15:11,151,Tahap-0
11/17/2025,12,15,11,12:15:11,148,Tahap-0
11/17/2025,12,15,11,12:15:11,187,Tahap-0
11/17/2025,12,15,12,12:15:12,149,Tahap-0
11/17/2025,12,15,12,12:15:12,191,Tahap-0
11/17/2025,12,15,12,12:15:12,175,Tahap-0
11/17/2025,12,15,12,12:15:12,173,Tahap-0
11/17/2025,12,15,12,12:15:12,178,Tahap-0
11/17/2025,12,15,12,12:15:12,168,Tahap-0
11/17/2025,12,15,12,12:15:12,208,Tahap-0
11/17/2025,12,15,12,12:15:12,188,Tahap-0
11/17/2025,12,15,12,12:15:12,212,Tahap-0
11/17/2025,12,15,12,12:15:12,221,Tahap-0
11/17/2025,12,15,13,12:15:13,203,Tahap-0
11/17/2025,12,15,13,12:15:13,204,Tahap-0
11/17/2025,12,15,13,12:15:13,219,Tahap-0
11/17/2025,12,15,13,12:15:13,219,Tahap-0
11/17/2025,12,15,13,12:15:13,237,Tahap-0
11/17/2025,12,15,13,12:15:13,228,Tahap-0
11/17/2025,12,15,13,12:15:13,226,Tahap-0
11/17/2025,12,15,13,12:15:13,239,Tahap-0
11/17/2025,12,15,13,12:15:13,221,Tahap-0
11/17/2025,12,15,13,12:15:13,252,Tahap-0
11/17/2025,12,15,14,12:15:14,241,Tahap-0
11/17/2025,12,15,14,12:15:14,252,Tahap-0
11/17/2025,12,15,14,12:15:14,267,Tahap-0
11/17/2025,12,15,14,12:15:14,259,Tahap-0
11/17/2025,12,15,14,12:15:14,277,Tahap-0
11/17/2025,12,15,14,12:15:14,256,Tahap-0
11/17/2025,12,15,14,12:15:14,269,Tahap-0
11/17/2025,12,15,14,12:15:14,289,Tahap-0
11/17/2025,12,15,14,12:15:14,264,Tahap-0
11/17/2025,12,15,14,12:15:14,333,Tahap-0
11/17/2025,12,15,15,12:15:15,263,Tahap-0
11/17/2025,12,15,15,12:15:15,297,Tahap-0
11/17/2025,12,15,15,12:15:15,286,Tahap-0
11/17/2025,12,15,15,12:15:15,324,Tahap-0
11/17/2025,12,15,15,12:15:15,315,Tahap-0
11/17/2025,12,15,15,12:15:15,314,Tahap-0
11/17/2025,12,15,15,12:15:15,316,Tahap-0
11/17/2025,12,15,15,12:15:15,332,Tahap-0
11/17/2025,12,15,15,12:15:15,301,Tahap-0
11/17/2025,12,15,15,12:15:15,341,Tahap-0
11/17/2025,12,15,16,12:15:16,332,Tahap-0
11/17/2025,12,15,16,12:15:16,314,Tahap-0
11/17/2025,12,15,16,12:15:16,329,Tahap-0
11/17/2025,12,15,16,12:15:16,325,Tahap-0
11/17/2025,12,15,16,12:15:16,347,Tahap-0
11/17/2025,12,15,16,12:15:16,295,Tahap-0
11/17/2025,12,15,16,12:15:16,355,Tahap-0
11/17/2025,12,15,16,12:15:16,313,Tahap-0
11/17/2025,12,15,16,12:15:16,318,Tahap-0
11/17/2025,12,15,16,12:15:16,316,Tahap-0
11/17/2025,12,15,17,12:15:17,281,Tahap-0
11/17/2025,12,15,17,12:15:17,329,Tahap-0
11/17/2025,12,15,17,12:15:17,285,Tahap-0
11/17/2025,12,15,17,12:15:17,337,Tahap-0
11/17/2025,12,15,17,12:15:17,267,Tahap-0
11/17/2025,12,15,17,12:15:17,275,Tahap-0
11/17/2025,12,15,17,12:15:17,267,Tahap-0
11/17/2025,12,15,17,12:15:17,270,Tahap-0
11/17/2025,12,15,17,12:15:17,264,Tahap-0
11/17/2025,12,15,17,12:15:17,271,Tahap-0
11/17/2025,12,15,18,12:15:18,257,Tahap-0
11/17/2025,12,15,18,12:15:18,240,Tahap-0
11/17/2025,12,15,18,12:15:18,235,Tahap-0
11/17/2025,12,15,18,12:15:18,232,Tahap-0
11/17/2025,12,15,18,12:15:18,266,Tahap-0
11/17/2025,12,15,18,12:15:18,202,Tahap-0
11/17/2025,12,15,18,12:15:18,269,Tahap-0
11/17/2025,12,15,18,12:15:18,209,Tahap-0
11/17/2025,12,15,18,12:15:18,226,Tahap-0
11/17/2025,12,15,18,12:15:18,195,Tahap-0
11/17/2025,12,15,19,12:15:19,205,Tahap-0
11/17/2025,12,15,19,12:15:19,224,Tahap-0
11/17/2025,12,15,19,12:15:19,162,Tahap-0
11/17/2025,12,15,19,12:15:19,215,Tahap-0
11/17/2025,12,15,19,12:15:19,169,Tahap-0
11/17/2025,12,15,19,12:15:19,164,Tahap-0
11/17/2025,12,15,19,12:15:19,157,Tahap-0
11/17/2025,12,15,19,12:15:19,174,Tahap-0
11/17/2025,12,15,19,12:15:19,153,Tahap-0
11/17/2025,12,15,19,12:15:19,159,Tahap-0
11/17/2025,12,15,20,12:15:20,137,Tahap-0
11/17/2025,12,15,20,12:15:20,152,Tahap-0
11/17/2025,12,15,20,12:15:20,106,Tahap-0
11/17/2025,12,15,20,12:15:20,117,Tahap-0
11/17/2025,12,15,20,12:15:20,132,Tahap-0
11/17/2025,12,15,20,12:15:20,84,Tahap-0
11/17/2025,12,15,20,12:15:20,127,Tahap-0
11/17/2025,12,15,45,12:15:45,10725,Tahap-0
11/17/2025,12,15,45,12:15:45,5868,Tahap-0
11/17/2025,12,15,45,12:15:45,258,Tahap-0
11/17/2025,12,15,45,12:15:45,3156,Tahap-0
11/17/2025,12,15,45,12:15:45,1571,Tahap-0
11/17/2025,12,15,45,12:15:45,1254,Tahap-0
11/17/2025,12,15,45,12:15:45,1401,Tahap-0
11/17/2025,12,15,45,12:15:45,979,Tahap-0
11/17/2025,12,15,45,12:15:45,855,Tahap-0
11/17/2025,12,15,46,12:15:46,943,Tahap-0
11/17/2025,12,15,46,12:15:46,570,Tahap-0
11/17/2025,12,15,46,12:15:46,581,Tahap-0
11/17/2025,12,15,46,12:15:46,548,Tahap-0
11/17/2025,12,15,46,12:15:46,453,Tahap-0
11/17/2025,12,15,46,12:15:46,552,Tahap-0
11/17/2025,12,15,46,12:15:46,320,Tahap-0
11/17/2025,12,15,46,12:15:46,400,Tahap-0
11/17/2025,12,15,46,12:15:46,443,Tahap-0
11/17/2025,12,15,46,12:15:46,268,Tahap-0
11/17/2025,12,15,47,12:15:47,239,Tahap-0
11/17/2025,12,15,47,12:15:47,398,Tahap-0
11/17/2025,12,15,47,12:15:47,261,Tahap-0
11/17/2025,12,15,47,12:15:47,311,Tahap-0
11/17/2025,12,15,47,12:15:47,250,Tahap-0
11/17/2025,12,15,47,12:15:47,160,Tahap-0
11/17/2025,12,15,47,12:15:47,292,Tahap-0
11/17/2025,12,15,47,12:15:47,240,Tahap-0
11/17/2025,12,15,47,12:15:47,317,Tahap-0
11/17/2025,12,15,47,12:15:47,334,Tahap-0
11/17/2025,12,15,48,12:15:48,321,Tahap-0
11/17/2025,12,15,48,12:15:48,164,Tahap-0
11/17/2025,12,15,48,12:15:48,217,Tahap-0
11/17/2025,12,15,48,12:15:48,216,Tahap-0
11/17/2025,12,15,48,12:15:48,295,Tahap-0
11/17/2025,12,15,48,12:15:48,189,Tahap-0
11/17/2025,12,15,48,12:15:48,240,Tahap-0
11/17/2025,12,15,48,12:15:48,348,Tahap-0
11/17/2025,12,15,48,12:15:48,208,Tahap-0
11/17/2025,12,15,48,12:15:48,643,Tahap-0
11/17/2025,12,15,49,12:15:49,363,Tahap-0
11/17/2025,12,15,49,12:15:49,46,Tahap-0
11/17/2025,12,15,49,12:15:49,219,Tahap-0
11/17/2025,12,15,49,12:15:49,206,Tahap-0
11/17/2025,12,15,49,12:15:49,16,Tahap-0
11/17/2025,12,15,49,12:15:49,22,Tahap-0
11/17/2025,12,15,49,12:15:49,198,Tahap-0
11/17/2025,12,15,49,12:15:49,169,Tahap-0
11/17/2025,12,15,49,12:15:49,145,Tahap-0
11/17/2025,12,15,49,12:15:49,93,Tahap-0
11/17/2025,12,15,50,12:15:50,60,Tahap-0
11/17/2025,12,15,50,12:15:50,149,Tahap-0
11/17/2025,12,15,50,12:15:50,313,Tahap-0
11/17/2025,12,15,50,12:15:50,219,Tahap-0
11/17/2025,12,15,50,12:15:50,160,Tahap-0
11/17/2025,12,15,50,12:15:50,83,Tahap-0
11/17/2025,12,15,50,12:15:50,127,Tahap-0
11/17/2025,12,15,50,12:15:50,179,Tahap-0
11/17/2025,12,15,50,12:15:50,195,Tahap-0
11/17/2025,12,15,50,12:15:50,155,Tahap-0
11/17/2025,12,15,51,12:15:51,137,Tahap-0
11/17/2025,12,15,51,12:15:51,84,Tahap-0
11/17/2025,12,15,51,12:15:51,80,Tahap-0
11/17/2025,12,15,51,12:15:51,87,Tahap-0
11/17/2025,12,15,51,12:15:51,203,Tahap-0
11/17/2025,12,15,51,12:15:51,480,Tahap-0
11/17/2025,12,15,51,12:15:51,130,Tahap-0
11/17/2025,12,15,52,12:15:52,168,Tahap-0
11/17/2025,12,15,52,12:15:52,182,Tahap-0
11/17/2025,12,15,52,12:15:52,299,Tahap-0
11/17/2025,12,15,52,12:15:52,163,Tahap-0
11/17/2025,12,15,52,12:15:52,120,Tahap-0
11/17/2025,12,15,52,12:15:52,259,Tahap-0
11/17/2025,12,15,52,12:15:52,298,Tahap-0
11/17/2025,12,15,52,12:15:52,264,Tahap-0
11/17/2025,12,15,52,12:15:52,495,Tahap-0
11/17/2025,12,15,52,12:15:52,776,Tahap-0
11/17/2025,12,15,52,12:15:52,800,Tahap-0
11/17/2025,12,15,52,12:15:52,390,Tahap-0
11/17/2025,12,15,52,12:15:52,512,Tahap-0
11/17/2025,12,15,53,12:15:53,247,Tahap-0
11/17/2025,12,15,53,12:15:53,266,Tahap-0
11/17/2025,12,15,53,12:15:53,78,Tahap-0
11/17/2025,12,15,53,12:15:53,188,Tahap-0
11/17/2025,12,15,53,12:15:53,85,Tahap-0
11/17/2025,12,15,53,12:15:53,157,Tahap-0
11/17/2025,12,15,53,12:15:53,69,Tahap-0
11/17/2025,12,15,53,12:15:53,74,Tahap-0
11/17/2025,12,15,53,12:15:53,157,Tahap-0
11/17/2025,12,15,53,12:15:53,97,Tahap-0
11/17/2025,12,15,54,12:15:54,129,Tahap-0
11/17/2025,12,15,54,12:15:54,184,Tahap-0
11/17/2025,12,15,54,12:15:54,238,Tahap-0
11/17/2025,12,15,54,12:15:54,76,Tahap-0
11/17/2025,12,15,54,12:15:54,27,Tahap-0
11/17/2025,12,15,54,12:15:54,108,Tahap-0
11/17/2025,12,15,54,12:15:54,125,Tahap-0
11/17/2025,12,15,54,12:15:54,259,Tahap-0
11/17/2025,12,15,54,12:15:54,197,Tahap-0
11/17/2025,12,15,54,12:15:54,232,Tahap-0
11/17/2025,12,15,55,12:15:55,340,Tahap-0
11/17/2025,12,15,55,12:15:55,483,Tahap-0
11/17/2025,12,15,55,12:15:55,142,Tahap-0
11/17/2025,12,15,55,12:15:55,1162,Tahap-0
11/17/2025,12,15,55,12:15:55,450,Tahap-0
11/17/2025,12,15,55,12:15:55,244,Tahap-0
11/17/2025,12,15,55,12:15:55,274,Tahap-0
11/17/2025,12,15,55,12:15:55,182,Tahap-0
11/17/2025,12,15,55,12:15:55,177,Tahap-0
11/17/2025,12,15,55,12:15:55,59,Tahap-0
11/17/2025,12,15,56,12:15:56,123,Tahap-0
11/17/2025,12,15,56,12:15:56,162,Tahap-0
11/17/2025,12,15,56,12:15:56,221,Tahap-0
11/17/2025,12,15,56,12:15:56,303,Tahap-0
11/17/2025,12,15,56,12:15:56,493,Tahap-0
11/17/2025,12,15,56,12:15:56,1412,Tahap-0
11/17/2025,12,15,56,12:15:56,447,Tahap-0
11/17/2025,12,15,56,12:15:56,656,Tahap-0
11/17/2025,12,15,56,12:15:56,417,Tahap-0
11/17/2025,12,15,56,12:15:56,285,Tahap-0
11/17/2025,12,15,57,12:15:57,440,Tahap-0
11/17/2025,12,15,57,12:15:57,102,Tahap-0
11/17/2025,12,15,57,12:15:57,176,Tahap-0
11/17/2025,12,15,57,12:15:57,199,Tahap-0
11/17/2025,12,15,57,12:15:57,144,Tahap-0
11/17/2025,12,15,57,12:15:57,129,Tahap-0
11/17/2025,12,15,57,12:15:57,142,Tahap-0
11/17/2025,12,15,57,12:15:57,132,Tahap-0
11/17/2025,12,15,57,12:15:57,186,Tahap-0
11/17/2025,12,15,57,12:15:57,120,Tahap-0
11/17/2025,12,15,58,12:15:58,226,Tahap-0
11/17/2025,12,15,58,12:15:58,132,Tahap-0
11/17/2025,12,15,58,12:15:58,146,Tahap-0
11/17/2025,12,15,58,12:15:58,128,Tahap-0
11/17/2025,12,15,58,12:15:58,124,Tahap-0
11/17/2025,12,15,58,12:15:58,146,Tahap-0
11/17/2025,12,15,58,12:15:58,110,Tahap-0
11/17/2025,12,15,58,12:15:58,150,Tahap-0
11/17/2025,12,15,58,12:15:58,114,Tahap-0
11/17/2025,12,15,58,12:15:58,56,Tahap-0
11/17/2025,12,15,59,12:15:59,56,Tahap-0
11/17/2025,12,15,59,12:15:59,96,Tahap-0
11/17/2025,12,15,59,12:15:59,64,Tahap-0
11/17/2025,12,15,59,12:15:59,90,Tahap-0
11/17/2025,12,15,59,12:15:59,70,Tahap-0
11/17/2025,12,15,59,12:15:59,72,Tahap-0
11/17/2025,12,15,59,12:15:59,32,Tahap-0
11/17/2025,12,15,59,12:15:59,34,Tahap-0
11/17/2025,12,15,59,12:15:59,66,Tahap-0
11/17/2025,12,15,59,12:15:59,6,Tahap-0
11/17/2025,12,16,1,12:16:01,16,Tahap-0
11/17/2025,12,16,1,12:16:01,10,Tahap-0
11/17/2025,12,16,1,12:16:01,54,Tahap-0
11/17/2025,12,16,1,12:16:01,18,Tahap-0
11/17/2025,12,16,1,12:16:01,92,Tahap-0
11/17/2025,12,16,1,12:16:01,46,Tahap-0
11/17/2025,12,16,1,12:16:01,80,Tahap-0
11/17/2025,12,16,1,12:16:01,64,Tahap-0
11/17/2025,12,16,1,12:16:01,122,Tahap-0
11/17/2025,12,16,1,12:16:01,68,Tahap-0
11/17/2025,12,16,1,12:16:01,118,Tahap-0
11/17/2025,12,16,2,12:16:02,124,Tahap-0
11/17/2025,12,16,2,12:16:02,134,Tahap-0
11/17/2025,12,16,2,12:16:02,102,Tahap-0
11/17/2025,12,16,2,12:16:02,88,Tahap-0
11/17/2025,12,16,2,12:16:02,192,Tahap-0
11/17/2025,12,16,2,12:16:02,88,Tahap-0
11/17/2025,12,16,2,12:16:02,240,Tahap-0
11/17/2025,12,16,2,12:16:02,134,Tahap-0
11/17/2025,12,16,2,12:16:02,144,Tahap-0
11/17/2025,12,16,2,12:16:02,124,Tahap-0
11/17/2025,12,16,3,12:16:03,162,Tahap-0
11/17/2025,12,16,3,12:16:03,180,Tahap-0
11/17/2025,12,16,3,12:16:03,132,Tahap-0
11/17/2025,12,16,3,12:16:03,182,Tahap-0
11/17/2025,12,16,3,12:16:03,172,Tahap-0
11/17/2025,12,16,3,12:16:03,160,Tahap-0
11/17/2025,12,16,3,12:16:03,114,Tahap-0
11/17/2025,12,16,3,12:16:03,182,Tahap-0
11/17/2025,12,16,3,12:16:03,154,Tahap-0
11/17/2025,12,16,3,12:16:03,150,Tahap-0
11/17/2025,12,16,4,12:16:04,166,Tahap-0
11/17/2025,12,16,4,12:16:04,138,Tahap-0
11/17/2025,12,16,4,12:16:04,124,Tahap-0
11/17/2025,12,16,4,12:16:04,148,Tahap-0
11/17/2025,12,16,4,12:16:04,198,Tahap-0
11/17/2025,12,16,4,12:16:04,140,Tahap-0
11/17/2025,12,16,4,12:16:04,190,Tahap-0
11/17/2025,12,16,4,12:16:04,132,Tahap-0
11/17/2025,12,16,4,12:16:04,112,Tahap-0
11/17/2025,12,16,4,12:16:04,172,Tahap-0
11/17/2025,12,16,5,12:16:05,132,Tahap-0
11/17/2025,12,16,5,12:16:05,188,Tahap-0
11/17/2025,12,16,5,12:16:05,100,Tahap-0
11/17/2025,12,16,5,12:16:05,164,Tahap-0
11/17/2025,12,16,5,12:16:05,74,Tahap-0
11/17/2025,12,16,5,12:16:05,134,Tahap-0
11/17/2025,12,16,5,12:16:05,120,Tahap-0
11/17/2025,12,16,5,12:16:05,126,Tahap-0
11/17/2025,12,16,5,12:16:05,112,Tahap-0
11/17/2025,12,16,5,12:16:05,66,Tahap-0
11/17/2025,12,16,6,12:16:06,112,Tahap-0
11/17/2025,12,16,6,12:16:06,42,Tahap-0
11/17/2025,12,16,6,12:16:06,106,Tahap-0
11/17/2025,12,16,6,12:16:06,44,Tahap-0
11/17/2025,12,16,6,12:16:06,98,Tahap-0
11/17/2025,12,16,6,12:16:06,48,Tahap-0
11/17/2025,12,16,6,12:16:06,98,Tahap-0
11/17/2025,12,16,6,12:16:06,-6,Tahap-0
11/17/2025,12,16,6,12:16:06,84,Tahap-0
11/17/2025,12,16,6,12:16:06,66,Tahap-0
11/17/2025,12,16,7,12:16:07,26,Tahap-0
11/17/2025,12,16,7,12:16:07,92,Tahap-0
11/17/2025,12,16,7,12:16:07,62,Tahap-0
11/17/2025,12,16,7,12:16:07,-14,Tahap-0
11/17/2025,12,16,7,12:16:07,112,Tahap-0
11/17/2025,12,16,7,12:16:07,-2,Tahap-0
11/17/2025,12,16,7,12:16:07,74,Tahap-0
11/17/2025,12,16,7,12:16:07,58,Tahap-0
11/17/2025,12,16,7,12:16:07,46,Tahap-0
11/17/2025,12,16,8,12:16:08,-14,Tahap-0
11/17/2025,12,16,8,12:16:08,16,Tahap-0
11/17/2025,12,16,8,12:16:08,74,Tahap-0
11/17/2025,12,16,8,12:16:08,6,Tahap-0
11/17/2025,12,16,8,12:16:08,76,Tahap-0
11/17/2025,12,16,8,12:16:08,14,Tahap-0
11/17/2025,12,16,8,12:16:08,40,Tahap-0
11/17/2025,12,16,8,12:16:08,-40,Tahap-0
11/17/2025,12,16,8,12:16:08,80,Tahap-0
11/17/2025,12,16,8,12:16:08,10,Tahap-0
11/17/2025,12,16,9,12:16:09,14,Tahap-0
11/17/2025,12,16,9,12:16:09,80,Tahap-0
11/17/2025,12,16,9,12:16:09,-14,Tahap-0
11/17/2025,12,16,9,12:16:09,30,Tahap-0
11/17/2025,12,16,9,12:16:09,12,Tahap-0
11/17/2025,12,16,9,12:16:09,74,Tahap-0
11/17/2025,12,16,9,12:16:09,32,Tahap-0
11/17/2025,12,16,9,12:16:09,64,Tahap-0
11/17/2025,12,16,9,12:16:09,68,Tahap-0
11/17/2025,12,16,9,12:16:09,72,Tahap-0
11/17/2025,12,16,10,12:16:10,-6,Tahap-0
11/17/2025,12,16,10,12:16:10,110,Tahap-0
11/17/2025,12,16,10,12:16:10,78,Tahap-0
11/17/2025,12,16,10,12:16:10,44,Tahap-0
11/17/2025,12,16,10,12:16:10,112,Tahap-0
11/17/2025,12,16,10,12:16:10,78,Tahap-0
11/17/2025,12,16,35,12:16:35,12738,Tahap-0
11/17/2025,12,16,35,12:16:35,3801,Tahap-0
11/17/2025,12,16,35,12:16:35,592,Tahap-0
11/17/2025,12,16,35,12:16:35,456,Tahap-0
11/17/2025,12,16,35,12:16:35,2633,Tahap-0
11/17/2025,12,16,35,12:16:35,3295,Tahap-0
11/17/2025,12,16,35,12:16:35,6473,Tahap-0
11/17/2025,12,16,35,12:16:35,1578,Tahap-0
11/17/2025,12,16,35,12:16:35,885,Tahap-0
11/17/2025,12,16,35,12:16:35,430,Tahap-0
11/17/2025,12,16,36,12:16:36,523,Tahap-0
11/17/2025,12,16,36,12:16:36,262,Tahap-0
11/17/2025,12,16,36,12:16:36,266,Tahap-0
11/17/2025,12,16,36,12:16:36,203,Tahap-0
11/17/2025,12,16,36,12:16:36,227,Tahap-0
11/17/2025,12,16,36,12:16:36,186,Tahap-0
11/17/2025,12,16,36,12:16:36,308,Tahap-0
11/17/2025,12,16,36,12:16:36,161,Tahap-0
11/17/2025,12,16,36,12:16:36,71,Tahap-0
11/17/2025,12,16,36,12:16:36,125,Tahap-0
11/17/2025,12,16,37,12:16:37,175,Tahap-0
11/17/2025,12,16,37,12:16:37,153,Tahap-0
11/17/2025,12,16,37,12:16:37,138,Tahap-0
11/17/2025,12,16,37,12:16:37,103,Tahap-0
11/17/2025,12,16,37,12:16:37,114,Tahap-0
11/17/2025,12,16,37,12:16:37,150,Tahap-0
11/17/2025,12,16,37,12:16:37,135,Tahap-0
11/17/2025,12,16,37,12:16:37,114,Tahap-0
11/17/2025,12,16,37,12:16:37,119,Tahap-0
11/17/2025,12,16,37,12:16:37,54,Tahap-0
11/17/2025,12,16,38,12:16:38,180,Tahap-0
11/17/2025,12,16,38,12:16:38,78,Tahap-0
11/17/2025,12,16,38,12:16:38,138,Tahap-0
11/17/2025,12,16,38,12:16:38,98,Tahap-0
11/17/2025,12,16,38,12:16:38,107,Tahap-0
11/17/2025,12,16,38,12:16:38,83,Tahap-0
11/17/2025,12,16,38,12:16:38,218,Tahap-0
11/17/2025,12,16,38,12:16:38,160,Tahap-0
11/17/2025,12,16,38,12:16:38,47,Tahap-0
11/17/2025,12,16,38,12:16:38,102,Tahap-0
11/17/2025,12,16,39,12:16:39,89,Tahap-0
11/17/2025,12,16,39,12:16:39,108,Tahap-0
11/17/2025,12,16,39,12:16:39,80,Tahap-0
11/17/2025,12,16,39,12:16:39,45,Tahap-0
11/17/2025,12,16,39,12:16:39,101,Tahap-0
11/17/2025,12,16,39,12:16:39,129,Tahap-0
11/17/2025,12,16,39,12:16:39,68,Tahap-0
11/17/2025,12,16,39,12:16:39,102,Tahap-0
11/17/2025,12,16,39,12:16:39,75,Tahap-0
11/17/2025,12,16,39,12:16:39,93,Tahap-0
11/17/2025,12,16,40,12:16:40,197,Tahap-0
11/17/2025,12,16,40,12:16:40,100,Tahap-0
11/17/2025,12,16,40,12:16:40,64,Tahap-0
11/17/2025,12,16,40,12:16:40,95,Tahap-0
11/17/2025,12,16,40,12:16:40,20,Tahap-0
11/17/2025,12,16,40,12:16:40,84,Tahap-0
11/17/2025,12,16,40,12:16:40,109,Tahap-0
11/17/2025,12,16,40,12:16:40,61,Tahap-0
11/17/2025,12,16,40,12:16:40,80,Tahap-0
11/17/2025,12,16,40,12:16:40,37,Tahap-0
11/17/2025,12,16,41,12:16:41,54,Tahap-0
11/17/2025,12,16,41,12:16:41,30,Tahap-0
11/17/2025,12,16,41,12:16:41,137,Tahap-0
11/17/2025,12,16,41,12:16:41,19,Tahap-0
11/17/2025,12,16,41,12:16:41,110,Tahap-0
11/17/2025,12,16,41,12:16:41,77,Tahap-0
11/17/2025,12,16,41,12:16:41,81,Tahap-0
11/17/2025,12,16,41,12:16:41,92,Tahap-0
11/17/2025,12,16,41,12:16:41,113,Tahap-0
11/17/2025,12,16,41,12:16:41,36,Tahap-0
11/17/2025,12,16,42,12:16:42,40,Tahap-0
11/17/2025,12,16,42,12:16:42,76,Tahap-0
11/17/2025,12,16,42,12:16:42,54,Tahap-0
11/17/2025,12,16,42,12:16:42,333,Tahap-0
11/17/2025,12,16,42,12:16:42,149,Tahap-0
11/17/2025,12,16,42,12:16:42,292,Tahap-0
11/17/2025,12,16,42,12:16:42,129,Tahap-0
11/17/2025,12,16,42,12:16:42,121,Tahap-0
11/17/2025,12,16,42,12:16:42,208,Tahap-0
11/17/2025,12,16,42,12:16:42,65,Tahap-0
11/17/2025,12,16,43,12:16:43,36,Tahap-0
11/17/2025,12,16,43,12:16:43,168,Tahap-0
11/17/2025,12,16,43,12:16:43,138,Tahap-0
11/17/2025,12,16,43,12:16:43,27,Tahap-0
11/17/2025,12,16,43,12:16:43,98,Tahap-0
11/17/2025,12,16,43,12:16:43,66,Tahap-0
11/17/2025,12,16,43,12:16:43,55,Tahap-0
11/17/2025,12,16,43,12:16:43,100,Tahap-0
11/17/2025,12,16,43,12:16:43,98,Tahap-0
11/17/2025,12,16,43,12:16:43,158,Tahap-0
11/17/2025,12,16,44,12:16:44,45,Tahap-0
11/17/2025,12,16,44,12:16:44,15,Tahap-0
11/17/2025,12,16,44,12:16:44,108,Tahap-0
11/17/2025,12,16,44,12:16:44,90,Tahap-0
11/17/2025,12,16,44,12:16:44,149,Tahap-0
11/17/2025,12,16,44,12:16:44,66,Tahap-0
11/17/2025,12,16,44,12:16:44,159,Tahap-0
11/17/2025,12,16,44,12:16:44,37,Tahap-0
11/17/2025,12,16,44,12:16:44,220,Tahap-0
11/17/2025,12,16,44,12:16:44,265,Tahap-0
11/17/2025,12,16,45,12:16:45,278,Tahap-0
11/17/2025,12,16,45,12:16:45,711,Tahap-0
11/17/2025,12,16,45,12:16:45,154,Tahap-0
11/17/2025,12,16,45,12:16:45,48,Tahap-0
11/17/2025,12,16,45,12:16:45,216,Tahap-0
11/17/2025,12,16,45,12:16:45,149,Tahap-0
11/17/2025,12,16,45,12:16:45,135,Tahap-0
11/17/2025,12,16,45,12:16:45,88,Tahap-0
11/17/2025,12,16,45,12:16:45,40,Tahap-0
11/17/2025,12,16,45,12:16:45,46,Tahap-0
11/17/2025,12,16,46,12:16:46,242,Tahap-0
11/17/2025,12,16,46,12:16:46,128,Tahap-0
11/17/2025,12,16,46,12:16:46,161,Tahap-0
11/17/2025,12,16,46,12:16:46,84,Tahap-0
11/17/2025,12,16,46,12:16:46,220,Tahap-0
11/17/2025,12,16,46,12:16:46,67,Tahap-0
11/17/2025,12,16,46,12:16:46,78,Tahap-0
11/17/2025,12,16,46,12:16:46,31,Tahap-0
11/17/2025,12,16,46,12:16:46,128,Tahap-0
11/17/2025,12,16,46,12:16:46,72,Tahap-0
11/17/2025,12,16,47,12:16:47,14,Tahap-0
11/17/2025,12,16,47,12:16:47,19,Tahap-0
11/17/2025,12,16,47,12:16:47,128,Tahap-0
11/17/2025,12,16,47,12:16:47,255,Tahap-0
11/17/2025,12,16,47,12:16:47,84,Tahap-0
11/17/2025,12,16,47,12:16:47,32,Tahap-0
11/17/2025,12,16,47,12:16:47,107,Tahap-0
11/17/2025,12,16,47,12:16:47,-43,Tahap-0
11/17/2025,12,16,47,12:16:47,-45,Tahap-0
11/17/2025,12,16,47,12:16:47,-79,Tahap-0
11/17/2025,12,16,48,12:16:48,-33,Tahap-0
11/17/2025,12,16,48,12:16:48,-65,Tahap-0
11/17/2025,12,16,48,12:16:48,-55,Tahap-0
11/17/2025,12,16,48,12:16:48,-43,Tahap-0
11/17/2025,12,16,48,12:16:48,-100,Tahap-0
11/17/2025,12,16,48,12:16:48,-60,Tahap-0
11/17/2025,12,16,48,12:16:48,-82,Tahap-0
11/17/2025,12,16,48,12:16:48,-53,Tahap-0
11/17/2025,12,16,48,12:16:48,-64,Tahap-0
11/17/2025,12,16,48,12:16:48,-73,Tahap-0
11/17/2025,12,16,49,12:16:49,-23,Tahap-0
11/17/2025,12,16,49,12:16:49,-57,Tahap-0
11/17/2025,12,16,49,12:16:49,-40,Tahap-0
11/17/2025,12,16,49,12:16:49,-24,Tahap-0
11/17/2025,12,16,49,12:16:49,-6,Tahap-0
11/17/2025,12,16,49,12:16:49,27,Tahap-0
11/17/2025,12,16,49,12:16:49,30,Tahap-0
11/17/2025,12,16,49,12:16:49,63,Tahap-0
11/17/2025,12,16,49,12:16:49,85,Tahap-0
11/17/2025,12,16,49,12:16:49,59,Tahap-0
11/17/2025,12,16,50,12:16:50,122,Tahap-0
11/17/2025,12,16,50,12:16:50,124,Tahap-0
11/17/2025,12,16,50,12:16:50,149,Tahap-0
11/17/2025,12,16,50,12:16:50,181,Tahap-0
11/17/2025,12,16,50,12:16:50,168,Tahap-0
11/17/2025,12,16,50,12:16:50,207,Tahap-0
11/17/2025,12,16,50,12:16:50,185,Tahap-0
11/17/2025,12,16,50,12:16:50,202,Tahap-0
11/17/2025,12,16,50,12:16:50,251,Tahap-0
11/17/2025,12,16,50,12:16:50,190,Tahap-0
11/17/2025,12,16,51,12:16:51,249,Tahap-0
11/17/2025,12,16,51,12:16:51,230,Tahap-0
11/17/2025,12,16,51,12:16:51,231,Tahap-0
11/17/2025,12,16,51,12:16:51,228,Tahap-0
11/17/2025,12,16,51,12:16:51,210,Tahap-0
11/17/2025,12,16,51,12:16:51,213,Tahap-0
11/17/2025,12,16,51,12:16:51,190,Tahap-0
11/17/2025,12,16,52,12:16:52,177,Tahap-0
11/17/2025,12,16,52,12:16:52,203,Tahap-0
11/17/2025,12,16,52,12:16:52,146,Tahap-0
11/17/2025,12,16,52,12:16:52,148,Tahap-0
11/17/2025,12,16,52,12:16:52,139,Tahap-0
11/17/2025,12,16,52,12:16:52,127,Tahap-0
11/17/2025,12,16,52,12:16:52,157,Tahap-0
11/17/2025,12,16,52,12:16:52,105,Tahap-0
11/17/2025,12,16,52,12:16:52,138,Tahap-0
11/17/2025,12,16,52,12:16:52,112,Tahap-0
11/17/2025,12,16,52,12:16:52,111,Tahap-0
11/17/2025,12,16,52,12:16:52,117,Tahap-0
11/17/2025,12,16,52,12:16:52,111,Tahap-0
11/17/2025,12,16,53,12:16:53,141,Tahap-0
11/17/2025,12,16,53,12:16:53,147,Tahap-0
11/17/2025,12,16,53,12:16:53,156,Tahap-0
11/17/2025,12,16,53,12:16:53,186,Tahap-0
11/17/2025,12,16,53,12:16:53,174,Tahap-0
11/17/2025,12,16,53,12:16:53,195,Tahap-0
11/17/2025,12,16,53,12:16:53,243,Tahap-0
11/17/2025,12,16,53,12:16:53,234,Tahap-0
11/17/2025,12,16,53,12:16:53,293,Tahap-0
11/17/2025,12,16,53,12:16:53,280,Tahap-0
11/17/2025,12,16,54,12:16:54,299,Tahap-0
11/17/2025,12,16,54,12:16:54,313,Tahap-0
11/17/2025,12,16,54,12:16:54,323,Tahap-0
11/17/2025,12,16,54,12:16:54,376,Tahap-0
11/17/2025,12,16,54,12:16:54,325,Tahap-0
11/17/2025,12,16,54,12:16:54,386,Tahap-0
11/17/2025,12,16,54,12:16:54,352,Tahap-0
11/17/2025,12,16,54,12:16:54,362,Tahap-0
11/17/2025,12,16,54,12:16:54,357,Tahap-0
11/17/2025,12,16,54,12:16:54,348,Tahap-0
11/17/2025,12,16,55,12:16:55,345,Tahap-0
11/17/2025,12,16,55,12:16:55,337,Tahap-0
11/17/2025,12,16,55,12:16:55,324,Tahap-0
11/17/2025,12,16,55,12:16:55,343,Tahap-0
11/17/2025,12,16,55,12:16:55,283,Tahap-0
11/17/2025,12,16,55,12:16:55,278,Tahap-0
11/17/2025,12,16,55,12:16:55,285,Tahap-0
11/17/2025,12,16,55,12:16:55,245,Tahap-0
11/17/2025,12,16,55,12:16:55,248,Tahap-0
11/17/2025,12,16,55,12:16:55,220,Tahap-0
11/17/2025,12,16,56,12:16:56,178,Tahap-0
11/17/2025,12,16,56,12:16:56,190,Tahap-0
11/17/2025,12,16,56,12:16:56,134,Tahap-0
11/17/2025,12,16,56,12:16:56,168,Tahap-0
11/17/2025,12,16,56,12:16:56,134,Tahap-0
11/17/2025,12,16,56,12:16:56,119,Tahap-0
11/17/2025,12,16,56,12:16:56,135,Tahap-0
11/17/2025,12,16,56,12:16:56,95,Tahap-0
11/17/2025,12,16,56,12:16:56,115,Tahap-0
11/17/2025,12,16,56,12:16:56,76,Tahap-0
11/17/2025,12,16,57,12:16:57,92,Tahap-0
11/17/2025,12,16,57,12:16:57,98,Tahap-0
11/17/2025,12,16,57,12:16:57,77,Tahap-0
11/17/2025,12,16,57,12:16:57,108,Tahap-0
11/17/2025,12,16,57,12:16:57,100,Tahap-0
11/17/2025,12,16,57,12:16:57,74,Tahap-0
11/17/2025,12,16,57,12:16:57,113,Tahap-0
11/17/2025,12,16,57,12:16:57,91,Tahap-0
11/17/2025,12,16,57,12:16:57,128,Tahap-0
11/17/2025,12,16,57,12:16:57,115,Tahap-0
11/17/2025,12,16,58,12:16:58,119,Tahap-0
11/17/2025,12,16,58,12:16:58,139,Tahap-0
11/17/2025,12,16,58,12:16:58,125,Tahap-0
11/17/2025,12,16,58,12:16:58,133,Tahap-0
11/17/2025,12,16,58,12:16:58,140,Tahap-0
11/17/2025,12,16,58,12:16:58,131,Tahap-0
11/17/2025,12,16,58,12:16:58,159,Tahap-0
11/17/2025,12,16,58,12:16:58,132,Tahap-0
11/17/2025,12,16,58,12:16:58,151,Tahap-0
11/17/2025,12,16,58,12:16:58,120,Tahap-0
11/17/2025,12,16,59,12:16:59,109,Tahap-0
11/17/2025,12,16,59,12:16:59,138,Tahap-0
11/17/2025,12,16,59,12:16:59,97,Tahap-0
11/17/2025,12,16,59,12:16:59,107,Tahap-0
11/17/2025,12,16,59,12:16:59,80,Tahap-0
11/17/2025,12,16,59,12:16:59,47,Tahap-0
11/17/2025,12,16,59,12:16:59,41,Tahap-0
11/17/2025,12,16,59,12:16:59,-16,Tahap-0
11/17/2025,12,16,59,12:16:59,32,Tahap-0
11/17/2025,12,16,59,12:16:59,-59,Tahap-0
11/17/2025,12,17,24,12:17:24,16969,Tahap-0
11/17/2025,12,17,25,12:17:25,6500,Tahap-0
11/17/2025,12,17,25,12:17:25,1701,Tahap-0
11/17/2025,12,17,25,12:17:25,2518,Tahap-0
11/17/2025,12,17,25,12:17:25,1470,Tahap-0
11/17/2025,12,17,25,12:17:25,622,Tahap-0
11/17/2025,12,17,25,12:17:25,2743,Tahap-0
11/17/2025,12,17,25,12:17:25,1062,Tahap-0
11/17/2025,12,17,25,12:17:25,886,Tahap-0
11/17/2025,12,17,25,12:17:25,507,Tahap-0
11/17/2025,12,17,25,12:17:25,813,Tahap-0
11/17/2025,12,17,26,12:17:26,708,Tahap-0
11/17/2025,12,17,26,12:17:26,477,Tahap-0
11/17/2025,12,17,26,12:17:26,473,Tahap-0
11/17/2025,12,17,26,12:17:26,414,Tahap-0
11/17/2025,12,17,26,12:17:26,244,Tahap-0
11/17/2025,12,17,26,12:17:26,384,Tahap-0
11/17/2025,12,17,26,12:17:26,320,Tahap-0
11/17/2025,12,17,26,12:17:26,598,Tahap-0
11/17/2025,12,17,26,12:17:26,350,Tahap-0
11/17/2025,12,17,26,12:17:26,471,Tahap-0
11/17/2025,12,17,27,12:17:27,363,Tahap-0
11/17/2025,12,17,27,12:17:27,388,Tahap-0
11/17/2025,12,17,27,12:17:27,393,Tahap-0
11/17/2025,12,17,27,12:17:27,396,Tahap-0
11/17/2025,12,17,27,12:17:27,344,Tahap-0
11/17/2025,12,17,27,12:17:27,324,Tahap-0
11/17/2025,12,17,27,12:17:27,337,Tahap-0
11/17/2025,12,17,27,12:17:27,366,Tahap-0
11/17/2025,12,17,27,12:17:27,264,Tahap-0
11/17/2025,12,17,27,12:17:27,321,Tahap-0
11/17/2025,12,17,28,12:17:28,263,Tahap-0
11/17/2025,12,17,28,12:17:28,338,Tahap-0
11/17/2025,12,17,28,12:17:28,381,Tahap-0
11/17/2025,12,17,28,12:17:28,269,Tahap-0
11/17/2025,12,17,28,12:17:28,450,Tahap-0
11/17/2025,12,17,28,12:17:28,554,Tahap-0
11/17/2025,12,17,28,12:17:28,321,Tahap-0
11/17/2025,12,17,28,12:17:28,314,Tahap-0
11/17/2025,12,17,28,12:17:28,84,Tahap-0
11/17/2025,12,17,28,12:17:28,174,Tahap-0
11/17/2025,12,17,29,12:17:29,360,Tahap-0
11/17/2025,12,17,29,12:17:29,316,Tahap-0
11/17/2025,12,17,29,12:17:29,227,Tahap-0
11/17/2025,12,17,29,12:17:29,164,Tahap-0
11/17/2025,12,17,29,12:17:29,456,Tahap-0
11/17/2025,12,17,29,12:17:29,247,Tahap-0
11/17/2025,12,17,29,12:17:29,293,Tahap-0
11/17/2025,12,17,29,12:17:29,293,Tahap-0
11/17/2025,12,17,29,12:17:29,303,Tahap-0
11/17/2025,12,17,29,12:17:29,198,Tahap-0
11/17/2025,12,17,30,12:17:30,299,Tahap-0
11/17/2025,12,17,30,12:17:30,308,Tahap-0
11/17/2025,12,17,30,12:17:30,286,Tahap-0
11/17/2025,12,17,30,12:17:30,256,Tahap-0
11/17/2025,12,17,30,12:17:30,154,Tahap-0
11/17/2025,12,17,30,12:17:30,157,Tahap-0
11/17/2025,12,17,30,12:17:30,218,Tahap-0
11/17/2025,12,17,30,12:17:30,197,Tahap-0
11/17/2025,12,17,30,12:17:30,220,Tahap-0
11/17/2025,12,17,30,12:17:30,184,Tahap-0
11/17/2025,12,17,31,12:17:31,266,Tahap-0
11/17/2025,12,17,31,12:17:31,76,Tahap-0
11/17/2025,12,17,31,12:17:31,220,Tahap-0
11/17/2025,12,17,31,12:17:31,592,Tahap-0
11/17/2025,12,17,31,12:17:31,360,Tahap-0
11/17/2025,12,17,31,12:17:31,243,Tahap-0
11/17/2025,12,17,31,12:17:31,267,Tahap-0
11/17/2025,12,17,31,12:17:31,397,Tahap-0
11/17/2025,12,17,31,12:17:31,263,Tahap-0
11/17/2025,12,17,31,12:17:31,357,Tahap-0
11/17/2025,12,17,32,12:17:32,263,Tahap-0
11/17/2025,12,17,32,12:17:32,234,Tahap-0
11/17/2025,12,17,32,12:17:32,576,Tahap-0
11/17/2025,12,17,32,12:17:32,142,Tahap-0
11/17/2025,12,17,32,12:17:32,223,Tahap-0
11/17/2025,12,17,32,12:17:32,141,Tahap-0
11/17/2025,12,17,32,12:17:32,400,Tahap-0
11/17/2025,12,17,32,12:17:32,138,Tahap-0
11/17/2025,12,17,32,12:17:32,198,Tahap-0
11/17/2025,12,17,32,12:17:32,316,Tahap-0
11/17/2025,12,17,33,12:17:33,356,Tahap-0
11/17/2025,12,17,33,12:17:33,154,Tahap-0
11/17/2025,12,17,33,12:17:33,173,Tahap-0
11/17/2025,12,17,33,12:17:33,266,Tahap-0
11/17/2025,12,17,33,12:17:33,225,Tahap-0
11/17/2025,12,17,33,12:17:33,211,Tahap-0
11/17/2025,12,17,33,12:17:33,194,Tahap-0
11/17/2025,12,17,33,12:17:33,164,Tahap-0
11/17/2025,12,17,33,12:17:33,183,Tahap-0
11/17/2025,12,17,33,12:17:33,262,Tahap-0
11/17/2025,12,17,34,12:17:34,285,Tahap-0
11/17/2025,12,17,34,12:17:34,240,Tahap-0
11/17/2025,12,17,34,12:17:34,222,Tahap-0
11/17/2025,12,17,34,12:17:34,184,Tahap-0
11/17/2025,12,17,34,12:17:34,65,Tahap-0
11/17/2025,12,17,34,12:17:34,268,Tahap-0
11/17/2025,12,17,34,12:17:34,70,Tahap-0
11/17/2025,12,17,34,12:17:34,253,Tahap-0
11/17/2025,12,17,34,12:17:34,615,Tahap-0
11/17/2025,12,17,34,12:17:34,1406,Tahap-0
11/17/2025,12,17,35,12:17:35,1038,Tahap-0
11/17/2025,12,17,35,12:17:35,821,Tahap-0
11/17/2025,12,17,35,12:17:35,486,Tahap-0
11/17/2025,12,17,35,12:17:35,172,Tahap-0
11/17/2025,12,17,35,12:17:35,326,Tahap-0
11/17/2025,12,17,35,12:17:35,446,Tahap-0
11/17/2025,12,17,35,12:17:35,231,Tahap-0
11/17/2025,12,17,35,12:17:35,194,Tahap-0
11/17/2025,12,17,35,12:17:35,644,Tahap-0
11/17/2025,12,17,35,12:17:35,334,Tahap-0
11/17/2025,12,17,36,12:17:36,417,Tahap-0
11/17/2025,12,17,36,12:17:36,464,Tahap-0
11/17/2025,12,17,36,12:17:36,325,Tahap-0
11/17/2025,12,17,36,12:17:36,827,Tahap-0
11/17/2025,12,17,36,12:17:36,609,Tahap-0
11/17/2025,12,17,36,12:17:36,264,Tahap-0
11/17/2025,12,17,36,12:17:36,303,Tahap-0
11/17/2025,12,17,36,12:17:36,298,Tahap-0
11/17/2025,12,17,36,12:17:36,470,Tahap-0
11/17/2025,12,17,36,12:17:36,292,Tahap-0
11/17/2025,12,17,37,12:17:37,228,Tahap-0
11/17/2025,12,17,37,12:17:37,185,Tahap-0
11/17/2025,12,17,37,12:17:37,115,Tahap-0
11/17/2025,12,17,37,12:17:37,465,Tahap-0
11/17/2025,12,17,37,12:17:37,238,Tahap-0
11/17/2025,12,17,37,12:17:37,341,Tahap-0
11/17/2025,12,17,37,12:17:37,-126,Tahap-0
11/17/2025,12,17,37,12:17:37,-190,Tahap-0
11/17/2025,12,17,37,12:17:37,-108,Tahap-0
11/17/2025,12,17,37,12:17:37,-154,Tahap-0
11/17/2025,12,17,38,12:17:38,-142,Tahap-0
11/17/2025,12,17,38,12:17:38,-104,Tahap-0
11/17/2025,12,17,38,12:17:38,-210,Tahap-0
11/17/2025,12,17,38,12:17:38,-138,Tahap-0
11/17/2025,12,17,38,12:17:38,-214,Tahap-0
11/17/2025,12,17,38,12:17:38,-140,Tahap-0
11/17/2025,12,17,38,12:17:38,-128,Tahap-0
11/17/2025,12,17,38,12:17:38,-194,Tahap-0
11/17/2025,12,17,38,12:17:38,-100,Tahap-0
11/17/2025,12,17,38,12:17:38,-180,Tahap-0
11/17/2025,12,17,39,12:17:39,-184,Tahap-0
11/17/2025,12,17,39,12:17:39,-168,Tahap-0
11/17/2025,12,17,39,12:17:39,-188,Tahap-0
11/17/2025,12,17,39,12:17:39,-170,Tahap-0
11/17/2025,12,17,39,12:17:39,-210,Tahap-0
11/17/2025,12,17,39,12:17:39,-214,Tahap-0
11/17/2025,12,17,39,12:17:39,-170,Tahap-0
11/17/2025,12,17,39,12:17:39,-284,Tahap-0
11/17/2025,12,17,39,12:17:39,-238,Tahap-0
11/17/2025,12,17,39,12:17:39,-226,Tahap-0
11/17/2025,12,17,40,12:17:40,-274,Tahap-0
11/17/2025,12,17,40,12:17:40,-198,Tahap-0
11/17/2025,12,17,40,12:17:40,-280,Tahap-0
11/17/2025,12,17,40,12:17:40,-270,Tahap-0
11/17/2025,12,17,40,12:17:40,-290,Tahap-0
11/17/2025,12,17,40,12:17:40,-390,Tahap-0
11/17/2025,12,17,40,12:17:40,-280,Tahap-0
11/17/2025,12,17,40,12:17:40,-402,Tahap-0
11/17/2025,12,17,40,12:17:40,-364,Tahap-0
11/17/2025,12,17,40,12:17:40,-364,Tahap-0
11/17/2025,12,17,41,12:17:41,-432,Tahap-0
11/17/2025,12,17,41,12:17:41,-408,Tahap-0
11/17/2025,12,17,41,12:17:41,-446,Tahap-0
11/17/2025,12,17,41,12:17:41,-450,Tahap-0
11/17/2025,12,17,41,12:17:41,-396,Tahap-0
11/17/2025,12,17,41,12:17:41,-514,Tahap-0
11/17/2025,12,17,41,12:17:41,-392,Tahap-0
11/17/2025,12,17,41,12:17:41,-492,Tahap-0
11/17/2025,12,17,41,12:17:41,-486,Tahap-0
11/17/2025,12,17,41,12:17:41,-490,Tahap-0
11/17/2025,12,17,42,12:17:42,-472,Tahap-0
11/17/2025,12,17,42,12:17:42,-440,Tahap-0
11/17/2025,12,17,42,12:17:42,-454,Tahap-0
11/17/2025,12,17,42,12:17:42,-450,Tahap-0
11/17/2025,12,17,42,12:17:42,-394,Tahap-0
11/17/2025,12,17,42,12:17:42,-432,Tahap-0
11/17/2025,12,17,42,12:17:42,-414,Tahap-0
11/17/2025,12,17,42,12:17:42,-378,Tahap-0
11/17/2025,12,17,42,12:17:42,-372,Tahap-0
11/17/2025,12,17,42,12:17:42,-310,Tahap-0
11/17/2025,12,17,43,12:17:43,-340,Tahap-0
11/17/2025,12,17,43,12:17:43,-312,Tahap-0
11/17/2025,12,17,43,12:17:43,-300,Tahap-0
11/17/2025,12,17,43,12:17:43,-346,Tahap-0
11/17/2025,12,17,43,12:17:43,-226,Tahap-0
11/17/2025,12,17,43,12:17:43,-306,Tahap-0
11/17/2025,12,17,43,12:17:43,-228,Tahap-0
11/17/2025,12,17,43,12:17:43,-222,Tahap-0
11/17/2025,12,17,43,12:17:43,-292,Tahap-0
11/17/2025,12,17,43,12:17:43,-228,Tahap-0
11/17/2025,12,17,44,12:17:44,-286,Tahap-0
11/17/2025,12,17,44,12:17:44,-186,Tahap-0
11/17/2025,12,17,44,12:17:44,-222,Tahap-0
11/17/2025,12,17,44,12:17:44,-256,Tahap-0
11/17/2025,12,17,44,12:17:44,-178,Tahap-0
11/17/2025,12,17,44,12:17:44,-248,Tahap-0
11/17/2025,12,17,44,12:17:44,-236,Tahap-0
11/17/2025,12,17,44,12:17:44,-190,Tahap-0
11/17/2025,12,17,44,12:17:44,-214,Tahap-0
11/17/2025,12,17,44,12:17:44,-180,Tahap-0
11/17/2025,12,17,45,12:17:45,-202,Tahap-0
11/17/2025,12,17,45,12:17:45,-152,Tahap-0
11/17/2025,12,17,45,12:17:45,-140,Tahap-0
11/17/2025,12,17,45,12:17:45,-174,Tahap-0
11/17/2025,12,17,45,12:17:45,-116,Tahap-0
11/17/2025,12,17,45,12:17:45,-112,Tahap-0
11/17/2025,12,17,45,12:17:45,-90,Tahap-0
11/17/2025,12,17,45,12:17:45,-8,Tahap-0
11/17/2025,12,17,45,12:17:45,-90,Tahap-0
11/17/2025,12,17,45,12:17:45,-8,Tahap-0
11/17/2025,12,17,46,12:17:46,-44,Tahap-0
11/17/2025,12,17,46,12:17:46,24,Tahap-0
11/17/2025,12,17,46,12:17:46,70,Tahap-0
11/17/2025,12,17,46,12:17:46,-6,Tahap-0
11/17/2025,12,17,46,12:17:46,132,Tahap-0
11/17/2025,12,17,46,12:17:46,42,Tahap-0
11/17/2025,12,17,46,12:17:46,64,Tahap-0
11/17/2025,12,17,46,12:17:46,86,Tahap-0
11/17/2025,12,17,46,12:17:46,114,Tahap-0
11/17/2025,12,17,46,12:17:46,144,Tahap-0
11/17/2025,12,17,47,12:17:47,124,Tahap-0
11/17/2025,12,17,47,12:17:47,148,Tahap-0
11/17/2025,12,17,47,12:17:47,174,Tahap-0
11/17/2025,12,17,47,12:17:47,96,Tahap-0
11/17/2025,12,17,47,12:17:47,114,Tahap-0
11/17/2025,12,17,47,12:17:47,150,Tahap-0
11/17/2025,12,17,47,12:17:47,84,Tahap-0
11/17/2025,12,17,47,12:17:47,158,Tahap-0
11/17/2025,12,17,47,12:17:47,68,Tahap-0
11/17/2025,12,17,47,12:17:47,124,Tahap-0
11/17/2025,12,17,48,12:17:48,74,Tahap-0
11/17/2025,12,17,48,12:17:48,72,Tahap-0
11/17/2025,12,17,48,12:17:48,130,Tahap-0
11/17/2025,12,17,48,12:17:48,52,Tahap-0
11/17/2025,12,17,48,12:17:48,134,Tahap-0
11/17/2025,12,17,48,12:17:48,116,Tahap-0
11/17/2025,12,17,48,12:17:48,102,Tahap-0
11/17/2025,12,17,48,12:17:48,134,Tahap-0
11/17/2025,12,17,48,12:17:48,138,Tahap-0
11/17/2025,12,17,48,12:17:48,138,Tahap-0
11/17/2025,12,17,49,12:17:49,174,Tahap-0
11/17/2025,12,17,49,12:17:49,174,Tahap-0
11/17/2025,12,17,49,12:17:49,284,Tahap-0
11/17/2025,12,17,49,12:17:49,214,Tahap-0
11/17/2025,12,17,49,12:17:49,230,Tahap-0
11/17/2025,12,17,49,12:17:49,284,Tahap-0
11/17/2025,12,17,49,12:17:49,264,Tahap-0
11/17/2025,12,17,49,12:17:49,338,Tahap-0
11/17/2025,12,17,49,12:17:49,328,Tahap-0
11/17/2025,12,17,49,12:17:49,368,Tahap-0
11/17/2025,12,17,50,12:17:50,418,Tahap-0
11/17/2025,12,17,50,12:17:50,352,Tahap-0
11/17/2025,12,17,50,12:17:50,422,Tahap-0
11/17/2025,12,17,50,12:17:50,426,Tahap-0
11/17/2025,12,17,50,12:17:50,446,Tahap-0
11/17/2025,12,18,14,12:18:14,4238,Tahap-0
11/17/2025,12,18,14,12:18:14,1268,Tahap-0
11/17/2025,12,18,15,12:18:15,446,Tahap-0
11/17/2025,12,18,15,12:18:15,766,Tahap-0
11/17/2025,12,18,15,12:18:15,260,Tahap-0
11/17/2025,12,18,15,12:18:15,368,Tahap-0
11/17/2025,12,18,15,12:18:15,312,Tahap-0
11/17/2025,12,18,15,12:18:15,151,Tahap-0
11/17/2025,12,18,15,12:18:15,42,Tahap-0
11/17/2025,12,18,15,12:18:15,237,Tahap-0
11/17/2025,12,18,15,12:18:15,122,Tahap-0
11/17/2025,12,18,15,12:18:15,214,Tahap-0
11/17/2025,12,18,16,12:18:16,108,Tahap-0
11/17/2025,12,18,16,12:18:16,175,Tahap-0
11/17/2025,12,18,16,12:18:16,58,Tahap-0
11/17/2025,12,18,16,12:18:16,132,Tahap-0
11/17/2025,12,18,16,12:18:16,96,Tahap-0
11/17/2025,12,18,16,12:18:16,143,Tahap-0
11/17/2025,12,18,16,12:18:16,40,Tahap-0
11/17/2025,12,18,16,12:18:16,49,Tahap-0
11/17/2025,12,18,16,12:18:16,129,Tahap-0
11/17/2025,12,18,16,12:18:16,80,Tahap-0
11/17/2025,12,18,17,12:18:17,53,Tahap-0
11/17/2025,12,18,17,12:18:17,128,Tahap-0
11/17/2025,12,18,17,12:18:17,63,Tahap-0
11/17/2025,12,18,17,12:18:17,69,Tahap-0
11/17/2025,12,18,17,12:18:17,28,Tahap-0
11/17/2025,12,18,17,12:18:17,50,Tahap-0
11/17/2025,12,18,17,12:18:17,36,Tahap-0
11/17/2025,12,18,17,12:18:17,103,Tahap-0
11/17/2025,12,18,17,12:18:17,100,Tahap-0
11/17/2025,12,18,17,12:18:17,73,Tahap-0
11/17/2025,12,18,18,12:18:18,126,Tahap-0
11/17/2025,12,18,18,12:18:18,95,Tahap-0
11/17/2025,12,18,18,12:18:18,52,Tahap-0
11/17/2025,12,18,18,12:18:18,137,Tahap-0
11/17/2025,12,18,18,12:18:18,453,Tahap-0
11/17/2025,12,18,18,12:18:18,407,Tahap-0
11/17/2025,12,18,18,12:18:18,113,Tahap-0
11/17/2025,12,18,18,12:18:18,107,Tahap-0
11/17/2025,12,18,18,12:18:18,129,Tahap-0
11/17/2025,12,18,18,12:18:18,153,Tahap-0
11/17/2025,12,18,19,12:18:19,10,Tahap-0
11/17/2025,12,18,19,12:18:19,76,Tahap-0
11/17/2025,12,18,19,12:18:19,86,Tahap-0
11/17/2025,12,18,19,12:18:19,205,Tahap-0
11/17/2025,12,18,19,12:18:19,29,Tahap-0
11/17/2025,12,18,19,12:18:19,157,Tahap-0
11/17/2025,12,18,19,12:18:19,78,Tahap-0
11/17/2025,12,18,19,12:18:19,118,Tahap-0
11/17/2025,12,18,19,12:18:19,341,Tahap-0
11/17/2025,12,18,19,12:18:19,69,Tahap-0
11/17/2025,12,18,20,12:18:20,71,Tahap-0
11/17/2025,12,18,20,12:18:20,89,Tahap-0
11/17/2025,12,18,20,12:18:20,117,Tahap-0
11/17/2025,12,18,20,12:18:20,131,Tahap-0
11/17/2025,12,18,20,12:18:20,39,Tahap-0
11/17/2025,12,18,20,12:18:20,148,Tahap-0
11/17/2025,12,18,20,12:18:20,37,Tahap-0
11/17/2025,12,18,20,12:18:20,40,Tahap-0
11/17/2025,12,18,20,12:18:20,35,Tahap-0
11/17/2025,12,18,20,12:18:20,133,Tahap-0
11/17/2025,12,18,21,12:18:21,106,Tahap-0
11/17/2025,12,18,21,12:18:21,71,Tahap-0
11/17/2025,12,18,21,12:18:21,250,Tahap-0
11/17/2025,12,18,21,12:18:21,80,Tahap-0
11/17/2025,12,18,21,12:18:21,135,Tahap-0
11/17/2025,12,18,21,12:18:21,135,Tahap-0
11/17/2025,12,18,22,12:18:22,14,Tahap-0
11/17/2025,12,18,22,12:18:22,55,Tahap-0
11/17/2025,12,18,22,12:18:22,87,Tahap-0
11/17/2025,12,18,22,12:18:22,126,Tahap-0
11/17/2025,12,18,22,12:18:22,226,Tahap-0
11/17/2025,12,18,22,12:18:22,210,Tahap-0
11/17/2025,12,18,22,12:18:22,398,Tahap-0
11/17/2025,12,18,22,12:18:22,668,Tahap-0
11/17/2025,12,18,22,12:18:22,192,Tahap-0
11/17/2025,12,18,22,12:18:22,472,Tahap-0
11/17/2025,12,18,22,12:18:22,374,Tahap-0
11/17/2025,12,18,22,12:18:22,356,Tahap-0
11/17/2025,12,18,22,12:18:22,150,Tahap-0
11/17/2025,12,18,22,12:18:22,115,Tahap-0
11/17/2025,12,18,23,12:18:23,11,Tahap-0
11/17/2025,12,18,23,12:18:23,181,Tahap-0
11/17/2025,12,18,23,12:18:23,42,Tahap-0
11/17/2025,12,18,23,12:18:23,81,Tahap-0
11/17/2025,12,18,23,12:18:23,60,Tahap-0
11/17/2025,12,18,23,12:18:23,134,Tahap-0
11/17/2025,12,18,23,12:18:23,138,Tahap-0
11/17/2025,12,18,23,12:18:23,80,Tahap-0
11/17/2025,12,18,23,12:18:23,27,Tahap-0
11/17/2025,12,18,23,12:18:23,48,Tahap-0
11/17/2025,12,18,24,12:18:24,61,Tahap-0
11/17/2025,12,18,24,12:18:24,129,Tahap-0
11/17/2025,12,18,24,12:18:24,85,Tahap-0
11/17/2025,12,18,24,12:18:24,81,Tahap-0
11/17/2025,12,18,24,12:18:24,145,Tahap-0
11/17/2025,12,18,24,12:18:24,178,Tahap-0
11/17/2025,12,18,24,12:18:24,91,Tahap-0
11/17/2025,12,18,24,12:18:24,366,Tahap-0
11/17/2025,12,18,24,12:18:24,216,Tahap-0
11/17/2025,12,18,24,12:18:24,1250,Tahap-0
11/17/2025,12,18,25,12:18:25,714,Tahap-0
11/17/2025,12,18,25,12:18:25,362,Tahap-0
11/17/2025,12,18,25,12:18:25,312,Tahap-0
11/17/2025,12,18,25,12:18:25,66,Tahap-0
11/17/2025,12,18,25,12:18:25,257,Tahap-0
11/17/2025,12,18,25,12:18:25,173,Tahap-0
11/17/2025,12,18,25,12:18:25,149,Tahap-0
11/17/2025,12,18,25,12:18:25,29,Tahap-0
11/17/2025,12,18,25,12:18:25,435,Tahap-0
11/17/2025,12,18,25,12:18:25,272,Tahap-0
11/17/2025,12,18,26,12:18:26,646,Tahap-0
11/17/2025,12,18,26,12:18:26,411,Tahap-0
11/17/2025,12,18,26,12:18:26,836,Tahap-0
11/17/2025,12,18,26,12:18:26,591,Tahap-0
11/17/2025,12,18,26,12:18:26,199,Tahap-0
11/17/2025,12,18,26,12:18:26,12,Tahap-0
11/17/2025,12,18,26,12:18:26,280,Tahap-0
11/17/2025,12,18,26,12:18:26,112,Tahap-0
11/17/2025,12,18,26,12:18:26,110,Tahap-0
11/17/2025,12,18,26,12:18:26,101,Tahap-0
11/17/2025,12,18,27,12:18:27,100,Tahap-0
11/17/2025,12,18,27,12:18:27,142,Tahap-0
11/17/2025,12,18,27,12:18:27,126,Tahap-0
11/17/2025,12,18,27,12:18:27,45,Tahap-0
11/17/2025,12,18,27,12:18:27,169,Tahap-0
11/17/2025,12,18,27,12:18:27,-180,Tahap-0
11/17/2025,12,18,27,12:18:27,-24,Tahap-0
11/17/2025,12,18,27,12:18:27,-208,Tahap-0
11/17/2025,12,18,27,12:18:27,-156,Tahap-0
11/17/2025,12,18,27,12:18:27,-188,Tahap-0
11/17/2025,12,18,28,12:18:28,-208,Tahap-0
11/17/2025,12,18,28,12:18:28,-76,Tahap-0
11/17/2025,12,18,28,12:18:28,-228,Tahap-0
11/17/2025,12,18,28,12:18:28,-68,Tahap-0
11/17/2025,12,18,28,12:18:28,-144,Tahap-0
11/17/2025,12,18,28,12:18:28,-220,Tahap-0
11/17/2025,12,18,28,12:18:28,-128,Tahap-0
11/17/2025,12,18,28,12:18:28,-180,Tahap-0
11/17/2025,12,18,28,12:18:28,-96,Tahap-0
11/17/2025,12,18,28,12:18:28,-164,Tahap-0
11/17/2025,12,18,29,12:18:29,-164,Tahap-0
11/17/2025,12,18,29,12:18:29,-128,Tahap-0
11/17/2025,12,18,29,12:18:29,-144,Tahap-0
11/17/2025,12,18,29,12:18:29,-180,Tahap-0
11/17/2025,12,18,29,12:18:29,-116,Tahap-0
11/17/2025,12,18,29,12:18:29,-224,Tahap-0
11/17/2025,12,18,29,12:18:29,-96,Tahap-0
11/17/2025,12,18,29,12:18:29,-172,Tahap-0
11/17/2025,12,18,29,12:18:29,-156,Tahap-0
11/17/2025,12,18,29,12:18:29,-184,Tahap-0
11/17/2025,12,18,30,12:18:30,-280,Tahap-0
11/17/2025,12,18,30,12:18:30,-44,Tahap-0
11/17/2025,12,18,30,12:18:30,-240,Tahap-0
11/17/2025,12,18,30,12:18:30,-84,Tahap-0
11/17/2025,12,18,30,12:18:30,-140,Tahap-0
11/17/2025,12,18,30,12:18:30,-208,Tahap-0
11/17/2025,12,18,30,12:18:30,-188,Tahap-0
11/17/2025,12,18,30,12:18:30,-200,Tahap-0
11/17/2025,12,18,30,12:18:30,-76,Tahap-0
11/17/2025,12,18,30,12:18:30,-224,Tahap-0
11/17/2025,12,18,31,12:18:31,-144,Tahap-0
11/17/2025,12,18,31,12:18:31,-140,Tahap-0
11/17/2025,12,18,31,12:18:31,-184,Tahap-0
11/17/2025,12,18,31,12:18:31,-232,Tahap-0
11/17/2025,12,18,31,12:18:31,-104,Tahap-0
11/17/2025,12,18,31,12:18:31,-216,Tahap-0
11/17/2025,12,18,31,12:18:31,-84,Tahap-0
11/17/2025,12,18,31,12:18:31,-100,Tahap-0
11/17/2025,12,18,31,12:18:31,-120,Tahap-0
11/17/2025,12,18,31,12:18:31,-188,Tahap-0
11/17/2025,12,18,32,12:18:32,-204,Tahap-0
11/17/2025,12,18,32,12:18:32,-40,Tahap-0
11/17/2025,12,18,32,12:18:32,-236,Tahap-0
11/17/2025,12,18,32,12:18:32,-52,Tahap-0
11/17/2025,12,18,32,12:18:32,-48,Tahap-0
11/17/2025,12,18,32,12:18:32,-144,Tahap-0
11/17/2025,12,18,32,12:18:32,-96,Tahap-0
11/17/2025,12,18,32,12:18:32,-132,Tahap-0
11/17/2025,12,18,32,12:18:32,-24,Tahap-0
11/17/2025,12,18,32,12:18:32,-104,Tahap-0
11/17/2025,12,18,33,12:18:33,-4,Tahap-0
11/17/2025,12,18,33,12:18:33,-48,Tahap-0
11/17/2025,12,18,33,12:18:33,-76,Tahap-0
11/17/2025,12,18,33,12:18:33,-128,Tahap-0
11/17/2025,12,18,33,12:18:33,-12,Tahap-0
11/17/2025,12,18,33,12:18:33,-60,Tahap-0
11/17/2025,12,18,33,12:18:33,-48,Tahap-0
11/17/2025,12,18,33,12:18:33,-12,Tahap-0
11/17/2025,12,18,33,12:18:33,-28,Tahap-0
11/17/2025,12,18,33,12:18:33,-28,Tahap-0
11/17/2025,12,18,34,12:18:34,-184,Tahap-0
11/17/2025,12,18,34,12:18:34,108,Tahap-0
11/17/2025,12,18,34,12:18:34,-136,Tahap-0
11/17/2025,12,18,34,12:18:34,80,Tahap-0
11/17/2025,12,18,34,12:18:34,64,Tahap-0
11/17/2025,12,18,34,12:18:34,-100,Tahap-0
11/17/2025,12,18,34,12:18:34,12,Tahap-0
11/17/2025,12,18,34,12:18:34,-88,Tahap-0
11/17/2025,12,18,34,12:18:34,120,Tahap-0
11/17/2025,12,18,34,12:18:34,-120,Tahap-0
11/17/2025,12,18,35,12:18:35,72,Tahap-0
11/17/2025,12,18,35,12:18:35,48,Tahap-0
11/17/2025,12,18,35,12:18:35,-12,Tahap-0
11/17/2025,12,18,35,12:18:35,-40,Tahap-0
11/17/2025,12,18,35,12:18:35,48,Tahap-0
11/17/2025,12,18,35,12:18:35,32,Tahap-0
11/17/2025,12,18,35,12:18:35,-4,Tahap-0
11/17/2025,12,18,35,12:18:35,68,Tahap-0
11/17/2025,12,18,35,12:18:35,36,Tahap-0
11/17/2025,12,18,35,12:18:35,100,Tahap-0
11/17/2025,12,18,36,12:18:36,-104,Tahap-0
11/17/2025,12,18,36,12:18:36,164,Tahap-0
11/17/2025,12,18,36,12:18:36,-48,Tahap-0
11/17/2025,12,18,36,12:18:36,60,Tahap-0
11/17/2025,12,18,36,12:18:36,72,Tahap-0
11/17/2025,12,18,36,12:18:36,20,Tahap-0
11/17/2025,12,18,36,12:18:36,92,Tahap-0
11/17/2025,12,18,36,12:18:36,48,Tahap-0
11/17/2025,12,18,36,12:18:36,88,Tahap-0
11/17/2025,12,18,36,12:18:36,56,Tahap-0
11/17/2025,12,18,37,12:18:37,104,Tahap-0
11/17/2025,12,18,37,12:18:37,120,Tahap-0
11/17/2025,12,18,37,12:18:37,64,Tahap-0
11/17/2025,12,18,37,12:18:37,76,Tahap-0
11/17/2025,12,18,37,12:18:37,140,Tahap-0
11/17/2025,12,18,37,12:18:37,92,Tahap-0
11/17/2025,12,18,37,12:18:37,172,Tahap-0
11/17/2025,12,18,37,12:18:37,132,Tahap-0
11/17/2025,12,18,37,12:18:37,156,Tahap-0
11/17/2025,12,18,37,12:18:37,216,Tahap-0
11/17/2025,12,18,38,12:18:38,48,Tahap-0
11/17/2025,12,18,38,12:18:38,180,Tahap-0
11/17/2025,12,18,38,12:18:38,136,Tahap-0
11/17/2025,12,18,38,12:18:38,192,Tahap-0
11/17/2025,12,18,38,12:18:38,192,Tahap-0
11/17/2025,12,18,38,12:18:38,136,Tahap-0
11/17/2025,12,18,38,12:18:38,196,Tahap-0
11/17/2025,12,18,38,12:18:38,176,Tahap-0
11/17/2025,12,18,38,12:18:38,124,Tahap-0
11/17/2025,12,18,38,12:18:38,196,Tahap-0
11/17/2025,12,18,39,12:18:39,140,Tahap-0
11/17/2025,12,18,39,12:18:39,240,Tahap-0
11/17/2025,12,18,39,12:18:39,224,Tahap-0
11/17/2025,12,18,39,12:18:39,208,Tahap-0
11/17/2025,12,18,39,12:18:39,164,Tahap-0
11/17/2025,12,18,39,12:18:39,96,Tahap-0
11/17/2025,12,18,39,12:18:39,268,Tahap-0
11/17/2025,12,18,39,12:18:39,132,Tahap-0
11/17/2025,12,18,39,12:18:39,272,Tahap-0
11/17/2025,12,18,39,12:18:39,308,Tahap-0
11/17/2025,12,18,40,12:18:40,152,Tahap-0
11/17/2025,12,18,40,12:18:40,224,Tahap-0
11/17/2025,12,18,40,12:18:40,172,Tahap-0
11/17/2025,12,18,40,12:18:40,288,Tahap-0
11/17/2025,12,19,4,12:19:04,11204,Tahap-0
11/17/2025,12,19,4,12:19:04,1801,Tahap-0
11/17/2025,12,19,4,12:19:04,1178,Tahap-0
11/17/2025,12,19,5,12:19:05,609,Tahap-0
11/17/2025,12,19,5,12:19:05,624,Tahap-0
11/17/2025,12,19,5,12:19:05,492,Tahap-0
11/17/2025,12,19,5,12:19:05,79,Tahap-0
11/17/2025,12,19,5,12:19:05,182,Tahap-0
11/17/2025,12,19,5,12:19:05,255,Tahap-0
11/17/2025,12,19,5,12:19:05,65,Tahap-0
11/17/2025,12,19,5,12:19:05,133,Tahap-0
11/17/2025,12,19,5,12:19:05,120,Tahap-0
11/17/2025,12,19,5,12:19:05,162,Tahap-0
11/17/2025,12,19,6,12:19:06,34,Tahap-0
11/17/2025,12,19,6,12:19:06,123,Tahap-0
11/17/2025,12,19,6,12:19:06,148,Tahap-0
11/17/2025,12,19,6,12:19:06,171,Tahap-0
11/17/2025,12,19,6,12:19:06,57,Tahap-0
11/17/2025,12,19,6,12:19:06,157,Tahap-0
11/17/2025,12,19,6,12:19:06,102,Tahap-0
11/17/2025,12,19,6,12:19:06,36,Tahap-0
11/17/2025,12,19,6,12:19:06,21,Tahap-0
11/17/2025,12,19,6,12:19:06,108,Tahap-0
11/17/2025,12,19,7,12:19:07,111,Tahap-0
11/17/2025,12,19,7,12:19:07,145,Tahap-0
11/17/2025,12,19,7,12:19:07,118,Tahap-0
11/17/2025,12,19,7,12:19:07,67,Tahap-0
11/17/2025,12,19,7,12:19:07,58,Tahap-0
11/17/2025,12,19,7,12:19:07,152,Tahap-0
11/17/2025,12,19,7,12:19:07,51,Tahap-0
11/17/2025,12,19,7,12:19:07,116,Tahap-0
11/17/2025,12,19,7,12:19:07,80,Tahap-0
11/17/2025,12,19,7,12:19:07,58,Tahap-0
11/17/2025,12,19,8,12:19:08,92,Tahap-0
11/17/2025,12,19,8,12:19:08,34,Tahap-0
11/17/2025,12,19,8,12:19:08,74,Tahap-0
11/17/2025,12,19,8,12:19:08,304,Tahap-0
11/17/2025,12,19,8,12:19:08,655,Tahap-0
11/17/2025,12,19,8,12:19:08,126,Tahap-0
11/17/2025,12,19,8,12:19:08,185,Tahap-0
11/17/2025,12,19,8,12:19:08,61,Tahap-0
11/17/2025,12,19,8,12:19:08,192,Tahap-0
11/17/2025,12,19,8,12:19:08,41,Tahap-0
11/17/2025,12,19,9,12:19:09,24,Tahap-0
11/17/2025,12,19,9,12:19:09,159,Tahap-0
11/17/2025,12,19,9,12:19:09,83,Tahap-0
11/17/2025,12,19,9,12:19:09,40,Tahap-0
11/17/2025,12,19,9,12:19:09,72,Tahap-0
11/17/2025,12,19,9,12:19:09,77,Tahap-0
11/17/2025,12,19,9,12:19:09,170,Tahap-0
11/17/2025,12,19,9,12:19:09,310,Tahap-0
11/17/2025,12,19,9,12:19:09,116,Tahap-0
11/17/2025,12,19,9,12:19:09,27,Tahap-0
11/17/2025,12,19,10,12:19:10,101,Tahap-0
11/17/2025,12,19,10,12:19:10,42,Tahap-0
11/17/2025,12,19,10,12:19:10,67,Tahap-0
11/17/2025,12,19,10,12:19:10,61,Tahap-0
11/17/2025,12,19,10,12:19:10,125,Tahap-0
11/17/2025,12,19,10,12:19:10,51,Tahap-0
11/17/2025,12,19,10,12:19:10,3,Tahap-0
11/17/2025,12,19,10,12:19:10,90,Tahap-0
11/17/2025,12,19,10,12:19:10,16,Tahap-0
11/17/2025,12,19,10,12:19:10,72,Tahap-0
11/17/2025,12,19,11,12:19:11,91,Tahap-0
11/17/2025,12,19,11,12:19:11,414,Tahap-0
11/17/2025,12,19,11,12:19:11,160,Tahap-0
11/17/2025,12,19,11,12:19:11,147,Tahap-0
11/17/2025,12,19,11,12:19:11,186,Tahap-0
11/17/2025,12,19,11,12:19:11,14,Tahap-0
11/17/2025,12,19,11,12:19:11,56,Tahap-0
11/17/2025,12,19,11,12:19:11,29,Tahap-0
11/17/2025,12,19,11,12:19:11,79,Tahap-0
11/17/2025,12,19,11,12:19:11,230,Tahap-0
11/17/2025,12,19,12,12:19:12,252,Tahap-0
11/17/2025,12,19,12,12:19:12,418,Tahap-0
11/17/2025,12,19,12,12:19:12,522,Tahap-0
11/17/2025,12,19,12,12:19:12,323,Tahap-0
11/17/2025,12,19,12,12:19:12,623,Tahap-0
11/17/2025,12,19,12,12:19:12,184,Tahap-0
11/17/2025,12,19,12,12:19:12,160,Tahap-0
11/17/2025,12,19,12,12:19:12,286,Tahap-0
11/17/2025,12,19,12,12:19:12,115,Tahap-0
11/17/2025,12,19,12,12:19:12,84,Tahap-0
11/17/2025,12,19,13,12:19:13,63,Tahap-0
11/17/2025,12,19,13,12:19:13,167,Tahap-0
11/17/2025,12,19,13,12:19:13,65,Tahap-0
11/17/2025,12,19,13,12:19:13,72,Tahap-0
11/17/2025,12,19,13,12:19:13,76,Tahap-0
11/17/2025,12,19,13,12:19:13,311,Tahap-0
11/17/2025,12,19,13,12:19:13,102,Tahap-0
11/17/2025,12,19,13,12:19:13,56,Tahap-0
11/17/2025,12,19,13,12:19:13,38,Tahap-0
11/17/2025,12,19,13,12:19:13,32,Tahap-0
11/17/2025,12,19,14,12:19:14,102,Tahap-0
11/17/2025,12,19,14,12:19:14,233,Tahap-0
11/17/2025,12,19,14,12:19:14,101,Tahap-0
11/17/2025,12,19,14,12:19:14,193,Tahap-0
11/17/2025,12,19,14,12:19:14,133,Tahap-0
11/17/2025,12,19,14,12:19:14,209,Tahap-0
11/17/2025,12,19,14,12:19:14,269,Tahap-0
11/17/2025,12,19,14,12:19:14,356,Tahap-0
11/17/2025,12,19,14,12:19:14,541,Tahap-0
11/17/2025,12,19,14,12:19:14,1314,Tahap-0
11/17/2025,12,19,15,12:19:15,273,Tahap-0
11/17/2025,12,19,15,12:19:15,282,Tahap-0
11/17/2025,12,19,15,12:19:15,243,Tahap-0
11/17/2025,12,19,15,12:19:15,208,Tahap-0
11/17/2025,12,19,15,12:19:15,264,Tahap-0
11/17/2025,12,19,15,12:19:15,200,Tahap-0
11/17/2025,12,19,15,12:19:15,123,Tahap-0
11/17/2025,12,19,15,12:19:15,183,Tahap-0
11/17/2025,12,19,15,12:19:15,224,Tahap-0
11/17/2025,12,19,15,12:19:15,518,Tahap-0
11/17/2025,12,19,16,12:19:16,768,Tahap-0
11/17/2025,12,19,16,12:19:16,558,Tahap-0
11/17/2025,12,19,16,12:19:16,944,Tahap-0
11/17/2025,12,19,16,12:19:16,516,Tahap-0
11/17/2025,12,19,16,12:19:16,138,Tahap-0
11/17/2025,12,19,16,12:19:16,629,Tahap-0
11/17/2025,12,19,16,12:19:16,51,Tahap-0
11/17/2025,12,19,16,12:19:16,164,Tahap-0
11/17/2025,12,19,16,12:19:16,419,Tahap-0
11/17/2025,12,19,16,12:19:16,279,Tahap-0
11/17/2025,12,19,17,12:19:17,127,Tahap-0
11/17/2025,12,19,17,12:19:17,198,Tahap-0
11/17/2025,12,19,17,12:19:17,183,Tahap-0
11/17/2025,12,19,17,12:19:17,116,Tahap-0
11/17/2025,12,19,17,12:19:17,48,Tahap-0
11/17/2025,12,19,17,12:19:17,32,Tahap-0
11/17/2025,12,19,17,12:19:17,68,Tahap-0
11/17/2025,12,19,17,12:19:17,90,Tahap-0
11/17/2025,12,19,17,12:19:17,80,Tahap-0
11/17/2025,12,19,17,12:19:17,92,Tahap-0
11/17/2025,12,19,18,12:19:18,-4,Tahap-0
11/17/2025,12,19,18,12:19:18,138,Tahap-0
11/17/2025,12,19,18,12:19:18,24,Tahap-0
11/17/2025,12,19,18,12:19:18,94,Tahap-0
11/17/2025,12,19,18,12:19:18,126,Tahap-0
11/17/2025,12,19,18,12:19:18,50,Tahap-0
11/17/2025,12,19,18,12:19:18,80,Tahap-0
11/17/2025,12,19,18,12:19:18,52,Tahap-0
11/17/2025,12,19,18,12:19:18,160,Tahap-0
11/17/2025,12,19,18,12:19:18,84,Tahap-0
11/17/2025,12,19,19,12:19:19,110,Tahap-0
11/17/2025,12,19,19,12:19:19,164,Tahap-0
11/17/2025,12,19,19,12:19:19,116,Tahap-0
11/17/2025,12,19,19,12:19:19,86,Tahap-0
11/17/2025,12,19,19,12:19:19,150,Tahap-0
11/17/2025,12,19,19,12:19:19,76,Tahap-0
11/17/2025,12,19,19,12:19:19,162,Tahap-0
11/17/2025,12,19,19,12:19:19,108,Tahap-0
11/17/2025,12,19,19,12:19:19,144,Tahap-0
11/17/2025,12,19,19,12:19:19,140,Tahap-0
11/17/2025,12,19,20,12:19:20,66,Tahap-0
11/17/2025,12,19,20,12:19:20,184,Tahap-0
11/17/2025,12,19,20,12:19:20,104,Tahap-0
11/17/2025,12,19,20,12:19:20,166,Tahap-0
11/17/2025,12,19,20,12:19:20,172,Tahap-0
11/17/2025,12,19,20,12:19:20,122,Tahap-0
11/17/2025,12,19,20,12:19:20,160,Tahap-0
11/17/2025,12,19,20,12:19:20,134,Tahap-0
11/17/2025,12,19,20,12:19:20,160,Tahap-0
11/17/2025,12,19,20,12:19:20,178,Tahap-0
11/17/2025,12,19,21,12:19:21,114,Tahap-0
11/17/2025,12,19,21,12:19:21,216,Tahap-0
11/17/2025,12,19,21,12:19:21,124,Tahap-0
11/17/2025,12,19,21,12:19:21,148,Tahap-0
11/17/2025,12,19,21,12:19:21,108,Tahap-0
11/17/2025,12,19,21,12:19:21,126,Tahap-0
11/17/2025,12,19,21,12:19:21,156,Tahap-0
11/17/2025,12,19,22,12:19:22,122,Tahap-0
11/17/2025,12,19,22,12:19:22,206,Tahap-0
11/17/2025,12,19,22,12:19:22,158,Tahap-0
11/17/2025,12,19,22,12:19:22,130,Tahap-0
11/17/2025,12,19,22,12:19:22,168,Tahap-0
11/17/2025,12,19,22,12:19:22,174,Tahap-0
11/17/2025,12,19,22,12:19:22,160,Tahap-0
11/17/2025,12,19,22,12:19:22,190,Tahap-0
11/17/2025,12,19,22,12:19:22,130,Tahap-0
11/17/2025,12,19,22,12:19:22,174,Tahap-0
11/17/2025,12,19,22,12:19:22,118,Tahap-0
11/17/2025,12,19,22,12:19:22,170,Tahap-0
11/17/2025,12,19,22,12:19:22,158,Tahap-0
11/17/2025,12,19,23,12:19:23,118,Tahap-0
11/17/2025,12,19,23,12:19:23,192,Tahap-0
11/17/2025,12,19,23,12:19:23,134,Tahap-0
11/17/2025,12,19,23,12:19:23,188,Tahap-0
11/17/2025,12,19,23,12:19:23,134,Tahap-0
11/17/2025,12,19,23,12:19:23,148,Tahap-0
11/17/2025,12,19,23,12:19:23,168,Tahap-0
11/17/2025,12,19,23,12:19:23,128,Tahap-0
11/17/2025,12,19,23,12:19:23,196,Tahap-0
11/17/2025,12,19,23,12:19:23,206,Tahap-0
11/17/2025,12,19,24,12:19:24,128,Tahap-0
11/17/2025,12,19,24,12:19:24,162,Tahap-0
11/17/2025,12,19,24,12:19:24,158,Tahap-0
11/17/2025,12,19,24,12:19:24,176,Tahap-0
11/17/2025,12,19,24,12:19:24,166,Tahap-0
11/17/2025,12,19,24,12:19:24,158,Tahap-0
11/17/2025,12,19,24,12:19:24,162,Tahap-0
11/17/2025,12,19,24,12:19:24,162,Tahap-0
11/17/2025,12,19,24,12:19:24,172,Tahap-0
11/17/2025,12,19,24,12:19:24,186,Tahap-0
11/17/2025,12,19,25,12:19:25,140,Tahap-0
11/17/2025,12,19,25,12:19:25,198,Tahap-0
11/17/2025,12,19,25,12:19:25,174,Tahap-0
11/17/2025,12,19,25,12:19:25,168,Tahap-0
11/17/2025,12,19,25,12:19:25,152,Tahap-0
11/17/2025,12,19,25,12:19:25,136,Tahap-0
11/17/2025,12,19,25,12:19:25,218,Tahap-0
11/17/2025,12,19,25,12:19:25,146,Tahap-0
11/17/2025,12,19,25,12:19:25,208,Tahap-0
11/17/2025,12,19,25,12:19:25,204,Tahap-0
11/17/2025,12,19,26,12:19:26,134,Tahap-0
11/17/2025,12,19,26,12:19:26,160,Tahap-0
11/17/2025,12,19,26,12:19:26,128,Tahap-0
11/17/2025,12,19,26,12:19:26,194,Tahap-0
11/17/2025,12,19,26,12:19:26,144,Tahap-0
11/17/2025,12,19,26,12:19:26,158,Tahap-0
11/17/2025,12,19,26,12:19:26,144,Tahap-0
11/17/2025,12,19,26,12:19:26,134,Tahap-0
11/17/2025,12,19,26,12:19:26,122,Tahap-0
11/17/2025,12,19,26,12:19:26,154,Tahap-0
11/17/2025,12,19,27,12:19:27,152,Tahap-0
11/17/2025,12,19,27,12:19:27,124,Tahap-0
11/17/2025,12,19,27,12:19:27,166,Tahap-0
11/17/2025,12,19,27,12:19:27,140,Tahap-0
11/17/2025,12,19,27,12:19:27,140,Tahap-0
11/17/2025,12,19,27,12:19:27,72,Tahap-0
11/17/2025,12,19,27,12:19:27,196,Tahap-0
11/17/2025,12,19,27,12:19:27,36,Tahap-0
11/17/2025,12,19,27,12:19:27,170,Tahap-0
11/17/2025,12,19,27,12:19:27,112,Tahap-0
11/17/2025,12,19,28,12:19:28,108,Tahap-0
11/17/2025,12,19,28,12:19:28,70,Tahap-0
11/17/2025,12,19,28,12:19:28,112,Tahap-0
11/17/2025,12,19,28,12:19:28,164,Tahap-0
11/17/2025,12,19,28,12:19:28,52,Tahap-0
11/17/2025,12,19,28,12:19:28,104,Tahap-0
11/17/2025,12,19,28,12:19:28,90,Tahap-0
11/17/2025,12,19,28,12:19:28,58,Tahap-0
11/17/2025,12,19,28,12:19:28,52,Tahap-0
11/17/2025,12,19,28,12:19:28,78,Tahap-0
11/17/2025,12,19,29,12:19:29,42,Tahap-0
11/17/2025,12,19,29,12:19:29,42,Tahap-0
11/17/2025,12,19,29,12:19:29,20,Tahap-0
11/17/2025,12,19,29,12:19:29,40,Tahap-0
11/17/2025,12,19,29,12:19:29,-22,Tahap-0
11/17/2025,12,19,29,12:19:29,-48,Tahap-0
11/17/2025,12,19,29,12:19:29,28,Tahap-0
11/17/2025,12,19,29,12:19:29,-92,Tahap-0
11/17/2025,12,19,29,12:19:29,-12,Tahap-0
11/17/2025,12,19,29,12:19:29,-24,Tahap-0
11/17/2025,12,19,30,12:19:30,-100,Tahap-0
11/17/2025,12,19,30,12:19:30,-54,Tahap-0
11/17/2025,12,19,30,12:19:30,-90,Tahap-0
11/17/2025,12,19,54,12:19:54,12076,Tahap-0
11/17/2025,12,19,54,12:19:54,5118,Tahap-0
11/17/2025,12,19,54,12:19:54,2758,Tahap-0
11/17/2025,12,19,54,12:19:54,2580,Tahap-0
11/17/2025,12,19,55,12:19:55,1900,Tahap-0
11/17/2025,12,19,55,12:19:55,1435,Tahap-0
11/17/2025,12,19,55,12:19:55,1427,Tahap-0
11/17/2025,12,19,55,12:19:55,1276,Tahap-0
11/17/2025,12,19,55,12:19:55,1181,Tahap-0
11/17/2025,12,19,55,12:19:55,877,Tahap-0
11/17/2025,12,19,55,12:19:55,836,Tahap-0
11/17/2025,12,19,55,12:19:55,882,Tahap-0
11/17/2025,12,19,55,12:19:55,792,Tahap-0
11/17/2025,12,19,55,12:19:55,625,Tahap-0
11/17/2025,12,19,56,12:19:56,706,Tahap-0
11/17/2025,12,19,56,12:19:56,709,Tahap-0
11/17/2025,12,19,56,12:19:56,625,Tahap-0
11/17/2025,12,19,56,12:19:56,603,Tahap-0
11/17/2025,12,19,56,12:19:56,489,Tahap-0
11/17/2025,12,19,56,12:19:56,514,Tahap-0
11/17/2025,12,19,56,12:19:56,480,Tahap-0
11/17/2025,12,19,56,12:19:56,556,Tahap-0
11/17/2025,12,19,56,12:19:56,426,Tahap-0
11/17/2025,12,19,56,12:19:56,483,Tahap-0
11/17/2025,12,19,57,12:19:57,429,Tahap-0
11/17/2025,12,19,57,12:19:57,357,Tahap-0
11/17/2025,12,19,57,12:19:57,393,Tahap-0
11/17/2025,12,19,57,12:19:57,475,Tahap-0
11/17/2025,12,19,57,12:19:57,332,Tahap-0
11/17/2025,12,19,57,12:19:57,364,Tahap-0
11/17/2025,12,19,57,12:19:57,324,Tahap-0
11/17/2025,12,19,57,12:19:57,278,Tahap-0
11/17/2025,12,19,57,12:19:57,310,Tahap-0
11/17/2025,12,19,57,12:19:57,181,Tahap-0
11/17/2025,12,19,58,12:19:58,163,Tahap-0
11/17/2025,12,19,58,12:19:58,537,Tahap-0
11/17/2025,12,19,58,12:19:58,89,Tahap-0
11/17/2025,12,19,58,12:19:58,310,Tahap-0
11/17/2025,12,19,58,12:19:58,502,Tahap-0
11/17/2025,12,19,58,12:19:58,404,Tahap-0
11/17/2025,12,19,58,12:19:58,280,Tahap-0
11/17/2025,12,19,58,12:19:58,216,Tahap-0
11/17/2025,12,19,58,12:19:58,224,Tahap-0
11/17/2025,12,19,58,12:19:58,292,Tahap-0
11/17/2025,12,19,59,12:19:59,256,Tahap-0
11/17/2025,12,19,59,12:19:59,149,Tahap-0
11/17/2025,12,19,59,12:19:59,243,Tahap-0
11/17/2025,12,19,59,12:19:59,307,Tahap-0
11/17/2025,12,19,59,12:19:59,198,Tahap-0
11/17/2025,12,19,59,12:19:59,582,Tahap-0
11/17/2025,12,19,59,12:19:59,237,Tahap-0
11/17/2025,12,19,59,12:19:59,204,Tahap-0
11/17/2025,12,19,59,12:19:59,203,Tahap-0
11/17/2025,12,19,59,12:19:59,177,Tahap-0
11/17/2025,12,20,1,12:20:01,189,Tahap-0
11/17/2025,12,20,1,12:20:01,214,Tahap-0
11/17/2025,12,20,1,12:20:01,212,Tahap-0
11/17/2025,12,20,1,12:20:01,168,Tahap-0
11/17/2025,12,20,1,12:20:01,196,Tahap-0
11/17/2025,12,20,1,12:20:01,162,Tahap-0
11/17/2025,12,20,1,12:20:01,80,Tahap-0
11/17/2025,12,20,1,12:20:01,390,Tahap-0
11/17/2025,12,20,1,12:20:01,180,Tahap-0
11/17/2025,12,20,1,12:20:01,85,Tahap-0
11/17/2025,12,20,2,12:20:02,171,Tahap-0
11/17/2025,12,20,2,12:20:02,261,Tahap-0
11/17/2025,12,20,2,12:20:02,189,Tahap-0
11/17/2025,12,20,2,12:20:02,196,Tahap-0
11/17/2025,12,20,2,12:20:02,175,Tahap-0
11/17/2025,12,20,2,12:20:02,160,Tahap-0
11/17/2025,12,20,2,12:20:02,63,Tahap-0
11/17/2025,12,20,2,12:20:02,142,Tahap-0
11/17/2025,12,20,2,12:20:02,82,Tahap-0
11/17/2025,12,20,2,12:20:02,130,Tahap-0
11/17/2025,12,20,3,12:20:03,57,Tahap-0
11/17/2025,12,20,3,12:20:03,193,Tahap-0
11/17/2025,12,20,3,12:20:03,36,Tahap-0
11/17/2025,12,20,3,12:20:03,107,Tahap-0
11/17/2025,12,20,3,12:20:03,134,Tahap-0
11/17/2025,12,20,3,12:20:03,47,Tahap-0
11/17/2025,12,20,3,12:20:03,190,Tahap-0
11/17/2025,12,20,3,12:20:03,132,Tahap-0
11/17/2025,12,20,3,12:20:03,121,Tahap-0
11/17/2025,12,20,3,12:20:03,113,Tahap-0
11/17/2025,12,20,4,12:20:04,213,Tahap-0
11/17/2025,12,20,4,12:20:04,201,Tahap-0
11/17/2025,12,20,4,12:20:04,222,Tahap-0
11/17/2025,12,20,4,12:20:04,193,Tahap-0
11/17/2025,12,20,4,12:20:04,526,Tahap-0
11/17/2025,12,20,4,12:20:04,1847,Tahap-0
11/17/2025,12,20,4,12:20:04,637,Tahap-0
11/17/2025,12,20,4,12:20:04,261,Tahap-0
11/17/2025,12,20,4,12:20:04,238,Tahap-0
11/17/2025,12,20,4,12:20:04,186,Tahap-0
11/17/2025,12,20,5,12:20:05,166,Tahap-0
11/17/2025,12,20,5,12:20:05,202,Tahap-0
11/17/2025,12,20,5,12:20:05,308,Tahap-0
11/17/2025,12,20,5,12:20:05,81,Tahap-0
11/17/2025,12,20,5,12:20:05,216,Tahap-0
11/17/2025,12,20,5,12:20:05,199,Tahap-0
11/17/2025,12,20,5,12:20:05,131,Tahap-0
11/17/2025,12,20,5,12:20:05,131,Tahap-0
11/17/2025,12,20,5,12:20:05,140,Tahap-0
11/17/2025,12,20,5,12:20:05,351,Tahap-0
11/17/2025,12,20,6,12:20:06,249,Tahap-0
11/17/2025,12,20,6,12:20:06,22,Tahap-0
11/17/2025,12,20,6,12:20:06,214,Tahap-0
11/17/2025,12,20,6,12:20:06,108,Tahap-0
11/17/2025,12,20,6,12:20:06,105,Tahap-0
11/17/2025,12,20,6,12:20:06,63,Tahap-0
11/17/2025,12,20,6,12:20:06,277,Tahap-0
11/17/2025,12,20,6,12:20:06,322,Tahap-0
11/17/2025,12,20,6,12:20:06,316,Tahap-0
11/17/2025,12,20,6,12:20:06,117,Tahap-0
11/17/2025,12,20,7,12:20:07,163,Tahap-0
11/17/2025,12,20,7,12:20:07,130,Tahap-0
11/17/2025,12,20,7,12:20:07,213,Tahap-0
11/17/2025,12,20,7,12:20:07,36,Tahap-0
11/17/2025,12,20,7,12:20:07,28,Tahap-0
11/17/2025,12,20,7,12:20:07,64,Tahap-0
11/17/2025,12,20,7,12:20:07,10,Tahap-0
11/17/2025,12,20,7,12:20:07,44,Tahap-0
11/17/2025,12,20,7,12:20:07,44,Tahap-0
11/17/2025,12,20,7,12:20:07,-34,Tahap-0
11/17/2025,12,20,8,12:20:08,50,Tahap-0
11/17/2025,12,20,8,12:20:08,-10,Tahap-0
11/17/2025,12,20,8,12:20:08,8,Tahap-0
11/17/2025,12,20,8,12:20:08,22,Tahap-0
11/17/2025,12,20,8,12:20:08,-2,Tahap-0
11/17/2025,12,20,8,12:20:08,40,Tahap-0
11/17/2025,12,20,8,12:20:08,-2,Tahap-0
11/17/2025,12,20,8,12:20:08,10,Tahap-0
11/17/2025,12,20,8,12:20:08,22,Tahap-0
11/17/2025,12,20,8,12:20:08,-24,Tahap-0
11/17/2025,12,20,9,12:20:09,40,Tahap-0
11/17/2025,12,20,9,12:20:09,16,Tahap-0
11/17/2025,12,20,9,12:20:09,-46,Tahap-0
11/17/2025,12,20,9,12:20:09,18,Tahap-0
11/17/2025,12,20,9,12:20:09,-84,Tahap-0
11/17/2025,12,20,9,12:20:09,68,Tahap-0
11/17/2025,12,20,9,12:20:09,-40,Tahap-0
11/17/2025,12,20,9,12:20:09,-30,Tahap-0
11/17/2025,12,20,9,12:20:09,-10,Tahap-0
11/17/2025,12,20,9,12:20:09,-34,Tahap-0
11/17/2025,12,20,10,12:20:10,-26,Tahap-0
11/17/2025,12,20,10,12:20:10,-6,Tahap-0
11/17/2025,12,20,10,12:20:10,-42,Tahap-0
11/17/2025,12,20,10,12:20:10,-18,Tahap-0
11/17/2025,12,20,10,12:20:10,-64,Tahap-0
11/17/2025,12,20,10,12:20:10,-58,Tahap-0
11/17/2025,12,20,10,12:20:10,-16,Tahap-0
11/17/2025,12,20,10,12:20:10,-104,Tahap-0
11/17/2025,12,20,10,12:20:10,-62,Tahap-0
11/17/2025,12,20,10,12:20:10,-84,Tahap-0
11/17/2025,12,20,11,12:20:11,-48,Tahap-0
11/17/2025,12,20,11,12:20:11,-36,Tahap-0
11/17/2025,12,20,11,12:20:11,-106,Tahap-0
11/17/2025,12,20,11,12:20:11,-78,Tahap-0
11/17/2025,12,20,11,12:20:11,-98,Tahap-0
11/17/2025,12,20,11,12:20:11,-112,Tahap-0
11/17/2025,12,20,11,12:20:11,-78,Tahap-0
11/17/2025,12,20,11,12:20:11,-134,Tahap-0
11/17/2025,12,20,11,12:20:11,-96,Tahap-0
11/17/2025,12,20,11,12:20:11,-120,Tahap-0
11/17/2025,12,20,12,12:20:12,-138,Tahap-0
11/17/2025,12,20,12,12:20:12,-92,Tahap-0
11/17/2025,12,20,12,12:20:12,-150,Tahap-0
11/17/2025,12,20,12,12:20:12,-154,Tahap-0
11/17/2025,12,20,12,12:20:12,-104,Tahap-0
11/17/2025,12,20,12,12:20:12,-166,Tahap-0
11/17/2025,12,20,12,12:20:12,-110,Tahap-0
11/17/2025,12,20,12,12:20:12,-146,Tahap-0
11/17/2025,12,20,12,12:20:12,-188,Tahap-0
11/17/2025,12,20,12,12:20:12,-158,Tahap-0
11/17/2025,12,20,13,12:20:13,-182,Tahap-0
11/17/2025,12,20,13,12:20:13,-134,Tahap-0
11/17/2025,12,20,13,12:20:13,-166,Tahap-0
11/17/2025,12,20,13,12:20:13,-168,Tahap-0
11/17/2025,12,20,13,12:20:13,-156,Tahap-0
11/17/2025,12,20,13,12:20:13,-188,Tahap-0
11/17/2025,12,20,13,12:20:13,-228,Tahap-0
11/17/2025,12,20,13,12:20:13,-132,Tahap-0
11/17/2025,12,20,13,12:20:13,-204,Tahap-0
11/17/2025,12,20,13,12:20:13,-152,Tahap-0
11/17/2025,12,20,14,12:20:14,-206,Tahap-0
11/17/2025,12,20,14,12:20:14,-148,Tahap-0
11/17/2025,12,20,14,12:20:14,-190,Tahap-0
11/17/2025,12,20,14,12:20:14,-230,Tahap-0
11/17/2025,12,20,14,12:20:14,-178,Tahap-0
11/17/2025,12,20,14,12:20:14,-154,Tahap-0
11/17/2025,12,20,14,12:20:14,-192,Tahap-0
11/17/2025,12,20,14,12:20:14,-166,Tahap-0
11/17/2025,12,20,14,12:20:14,-220,Tahap-0
11/17/2025,12,20,14,12:20:14,-202,Tahap-0
11/17/2025,12,20,15,12:20:15,-210,Tahap-0
11/17/2025,12,20,15,12:20:15,-208,Tahap-0
11/17/2025,12,20,15,12:20:15,-164,Tahap-0
11/17/2025,12,20,15,12:20:15,-252,Tahap-0
11/17/2025,12,20,15,12:20:15,-230,Tahap-0
11/17/2025,12,20,15,12:20:15,-218,Tahap-0
11/17/2025,12,20,15,12:20:15,-248,Tahap-0
11/17/2025,12,20,15,12:20:15,-198,Tahap-0
11/17/2025,12,20,15,12:20:15,-196,Tahap-0
11/17/2025,12,20,15,12:20:15,-230,Tahap-0
11/17/2025,12,20,16,12:20:16,-204,Tahap-0
11/17/2025,12,20,16,12:20:16,-256,Tahap-0
11/17/2025,12,20,16,12:20:16,-190,Tahap-0
11/17/2025,12,20,16,12:20:16,-274,Tahap-0
11/17/2025,12,20,16,12:20:16,-224,Tahap-0
11/17/2025,12,20,16,12:20:16,-200,Tahap-0
11/17/2025,12,20,16,12:20:16,-234,Tahap-0
11/17/2025,12,20,16,12:20:16,-208,Tahap-0
11/17/2025,12,20,16,12:20:16,-252,Tahap-0
11/17/2025,12,20,16,12:20:16,-242,Tahap-0
11/17/2025,12,20,17,12:20:17,-228,Tahap-0
11/17/2025,12,20,17,12:20:17,-246,Tahap-0
11/17/2025,12,20,17,12:20:17,-212,Tahap-0
11/17/2025,12,20,17,12:20:17,-200,Tahap-0
11/17/2025,12,20,17,12:20:17,-268,Tahap-0
11/17/2025,12,20,17,12:20:17,-226,Tahap-0
11/17/2025,12,20,17,12:20:17,-248,Tahap-0
11/17/2025,12,20,17,12:20:17,-206,Tahap-0
11/17/2025,12,20,17,12:20:17,-210,Tahap-0
11/17/2025,12,20,17,12:20:17,-260,Tahap-0
11/17/2025,12,20,18,12:20:18,-216,Tahap-0
11/17/2025,12,20,18,12:20:18,-238,Tahap-0
11/17/2025,12,20,18,12:20:18,-272,Tahap-0
11/17/2025,12,20,18,12:20:18,-200,Tahap-0
11/17/2025,12,20,18,12:20:18,-258,Tahap-0
11/17/2025,12,20,18,12:20:18,-194,Tahap-0
11/17/2025,12,20,18,12:20:18,-232,Tahap-0
11/17/2025,12,20,18,12:20:18,-230,Tahap-0
11/17/2025,12,20,18,12:20:18,-222,Tahap-0
11/17/2025,12,20,18,12:20:18,-280,Tahap-0
11/17/2025,12,20,19,12:20:19,-216,Tahap-0
11/17/2025,12,20,19,12:20:19,-228,Tahap-0
11/17/2025,12,20,19,12:20:19,-262,Tahap-0
11/17/2025,12,20,19,12:20:19,-204,Tahap-0
11/17/2025,12,20,19,12:20:19,-276,Tahap-0
11/17/2025,12,20,19,12:20:19,-260,Tahap-0
11/17/2025,12,20,19,12:20:19,-274,Tahap-0
11/17/2025,12,20,19,12:20:19,-264,Tahap-0
11/17/2025,12,20,19,12:20:19,-204,Tahap-0
11/17/2025,12,20,19,12:20:19,-304,Tahap-0
11/17/2025,12,20,20,12:20:20,-256,Tahap-0
11/17/2025,12,20,20,12:20:20,-236,Tahap-0
11/17/2025,12,20,44,12:20:44,1720,Tahap-0
11/17/2025,12,20,44,12:20:44,1898,Tahap-0
11/17/2025,12,20,44,12:20:44,553,Tahap-0
11/17/2025,12,20,44,12:20:44,1336,Tahap-0
11/17/2025,12,20,45,12:20:45,464,Tahap-0
11/17/2025,12,20,45,12:20:45,667,Tahap-0
11/17/2025,12,20,45,12:20:45,348,Tahap-0
11/17/2025,12,20,45,12:20:45,345,Tahap-0
11/17/2025,12,20,45,12:20:45,347,Tahap-0
11/17/2025,12,20,45,12:20:45,592,Tahap-0
11/17/2025,12,20,45,12:20:45,272,Tahap-0
11/17/2025,12,20,45,12:20:45,271,Tahap-0
11/17/2025,12,20,45,12:20:45,242,Tahap-0
11/17/2025,12,20,45,12:20:45,316,Tahap-0
11/17/2025,12,20,46,12:20:46,218,Tahap-0
11/17/2025,12,20,46,12:20:46,185,Tahap-0
11/17/2025,12,20,46,12:20:46,211,Tahap-0
11/17/2025,12,20,46,12:20:46,266,Tahap-0
11/17/2025,12,20,46,12:20:46,154,Tahap-0
11/17/2025,12,20,46,12:20:46,186,Tahap-0
11/17/2025,12,20,46,12:20:46,57,Tahap-0
11/17/2025,12,20,46,12:20:46,54,Tahap-0
11/17/2025,12,20,46,12:20:46,90,Tahap-0
11/17/2025,12,20,46,12:20:46,132,Tahap-0
11/17/2025,12,20,46,12:20:46,45,Tahap-0
11/17/2025,12,20,47,12:20:47,179,Tahap-0
11/17/2025,12,20,47,12:20:47,133,Tahap-0
11/17/2025,12,20,47,12:20:47,41,Tahap-0
11/17/2025,12,20,47,12:20:47,116,Tahap-0
11/17/2025,12,20,47,12:20:47,163,Tahap-0
11/17/2025,12,20,47,12:20:47,100,Tahap-0
11/17/2025,12,20,47,12:20:47,142,Tahap-0
11/17/2025,12,20,47,12:20:47,94,Tahap-0
11/17/2025,12,20,47,12:20:47,163,Tahap-0
11/17/2025,12,20,47,12:20:47,189,Tahap-0
11/17/2025,12,20,48,12:20:48,404,Tahap-0
11/17/2025,12,20,48,12:20:48,298,Tahap-0
11/17/2025,12,20,48,12:20:48,93,Tahap-0
11/17/2025,12,20,48,12:20:48,237,Tahap-0
11/17/2025,12,20,48,12:20:48,227,Tahap-0
11/17/2025,12,20,48,12:20:48,143,Tahap-0
11/17/2025,12,20,48,12:20:48,90,Tahap-0
11/17/2025,12,20,48,12:20:48,134,Tahap-0
11/17/2025,12,20,48,12:20:48,91,Tahap-0
11/17/2025,12,20,48,12:20:48,99,Tahap-0
11/17/2025,12,20,49,12:20:49,37,Tahap-0
11/17/2025,12,20,49,12:20:49,155,Tahap-0
11/17/2025,12,20,49,12:20:49,176,Tahap-0
11/17/2025,12,20,49,12:20:49,153,Tahap-0
11/17/2025,12,20,49,12:20:49,58,Tahap-0
11/17/2025,12,20,49,12:20:49,213,Tahap-0
11/17/2025,12,20,49,12:20:49,129,Tahap-0
11/17/2025,12,20,49,12:20:49,60,Tahap-0
11/17/2025,12,20,49,12:20:49,71,Tahap-0
11/17/2025,12,20,49,12:20:49,259,Tahap-0
11/17/2025,12,20,50,12:20:50,112,Tahap-0
11/17/2025,12,20,50,12:20:50,89,Tahap-0
11/17/2025,12,20,50,12:20:50,102,Tahap-0
11/17/2025,12,20,50,12:20:50,125,Tahap-0
11/17/2025,12,20,50,12:20:50,145,Tahap-0
11/17/2025,12,20,50,12:20:50,70,Tahap-0
11/17/2025,12,20,50,12:20:50,61,Tahap-0
11/17/2025,12,20,50,12:20:50,102,Tahap-0
11/17/2025,12,20,50,12:20:50,284,Tahap-0
11/17/2025,12,20,50,12:20:50,193,Tahap-0
11/17/2025,12,20,51,12:20:51,310,Tahap-0
11/17/2025,12,20,51,12:20:51,93,Tahap-0
11/17/2025,12,20,51,12:20:51,183,Tahap-0
11/17/2025,12,20,51,12:20:51,70,Tahap-0
11/17/2025,12,20,51,12:20:51,294,Tahap-0
11/17/2025,12,20,51,12:20:51,202,Tahap-0
11/17/2025,12,20,52,12:20:52,224,Tahap-0
11/17/2025,12,20,52,12:20:52,439,Tahap-0
11/17/2025,12,20,52,12:20:52,112,Tahap-0
11/17/2025,12,20,52,12:20:52,322,Tahap-0
11/17/2025,12,20,52,12:20:52,412,Tahap-0
11/17/2025,12,20,52,12:20:52,522,Tahap-0
11/17/2025,12,20,52,12:20:52,692,Tahap-0
11/17/2025,12,20,52,12:20:52,539,Tahap-0
11/17/2025,12,20,52,12:20:52,241,Tahap-0
11/17/2025,12,20,52,12:20:52,219,Tahap-0
11/17/2025,12,20,52,12:20:52,123,Tahap-0
11/17/2025,12,20,52,12:20:52,113,Tahap-0
11/17/2025,12,20,52,12:20:52,48,Tahap-0
11/17/2025,12,20,52,12:20:52,64,Tahap-0
11/17/2025,12,20,53,12:20:53,75,Tahap-0
11/17/2025,12,20,53,12:20:53,139,Tahap-0
11/17/2025,12,20,53,12:20:53,109,Tahap-0
11/17/2025,12,20,53,12:20:53,164,Tahap-0
11/17/2025,12,20,53,12:20:53,130,Tahap-0
11/17/2025,12,20,53,12:20:53,59,Tahap-0
11/17/2025,12,20,53,12:20:53,95,Tahap-0
11/17/2025,12,20,53,12:20:53,267,Tahap-0
11/17/2025,12,20,53,12:20:53,201,Tahap-0
11/17/2025,12,20,53,12:20:53,173,Tahap-0
11/17/2025,12,20,54,12:20:54,225,Tahap-0
11/17/2025,12,20,54,12:20:54,178,Tahap-0
11/17/2025,12,20,54,12:20:54,210,Tahap-0
11/17/2025,12,20,54,12:20:54,617,Tahap-0
11/17/2025,12,20,54,12:20:54,1844,Tahap-0
11/17/2025,12,20,54,12:20:54,979,Tahap-0
11/17/2025,12,20,54,12:20:54,118,Tahap-0
11/17/2025,12,20,54,12:20:54,362,Tahap-0
11/17/2025,12,20,54,12:20:54,199,Tahap-0
11/17/2025,12,20,54,12:20:54,71,Tahap-0
11/17/2025,12,20,55,12:20:55,418,Tahap-0
11/17/2025,12,20,55,12:20:55,245,Tahap-0
11/17/2025,12,20,55,12:20:55,443,Tahap-0
11/17/2025,12,20,55,12:20:55,451,Tahap-0
11/17/2025,12,20,55,12:20:55,311,Tahap-0
11/17/2025,12,20,55,12:20:55,143,Tahap-0
11/17/2025,12,20,55,12:20:55,38,Tahap-0
11/17/2025,12,20,55,12:20:55,206,Tahap-0
11/17/2025,12,20,55,12:20:55,227,Tahap-0
11/17/2025,12,20,55,12:20:55,300,Tahap-0
11/17/2025,12,20,56,12:20:56,192,Tahap-0
11/17/2025,12,20,56,12:20:56,16,Tahap-0
11/17/2025,12,20,56,12:20:56,45,Tahap-0
11/17/2025,12,20,56,12:20:56,83,Tahap-0
11/17/2025,12,20,56,12:20:56,172,Tahap-0
11/17/2025,12,20,56,12:20:56,381,Tahap-0
11/17/2025,12,20,56,12:20:56,145,Tahap-0
11/17/2025,12,20,56,12:20:56,201,Tahap-0
11/17/2025,12,20,56,12:20:56,43,Tahap-0
11/17/2025,12,20,56,12:20:56,115,Tahap-0
11/17/2025,12,20,57,12:20:57,188,Tahap-0
11/17/2025,12,20,57,12:20:57,133,Tahap-0
11/17/2025,12,20,57,12:20:57,-12,Tahap-0
11/17/2025,12,20,57,12:20:57,-88,Tahap-0
11/17/2025,12,20,57,12:20:57,24,Tahap-0
11/17/2025,12,20,57,12:20:57,4,Tahap-0
11/17/2025,12,20,57,12:20:57,-156,Tahap-0
11/17/2025,12,20,57,12:20:57,4,Tahap-0
11/17/2025,12,20,57,12:20:57,-116,Tahap-0
11/17/2025,12,20,57,12:20:57,-76,Tahap-0
11/17/2025,12,20,58,12:20:58,-76,Tahap-0
11/17/2025,12,20,58,12:20:58,-16,Tahap-0
11/17/2025,12,20,58,12:20:58,-128,Tahap-0
11/17/2025,12,20,58,12:20:58,-76,Tahap-0
11/17/2025,12,20,58,12:20:58,-20,Tahap-0
11/17/2025,12,20,58,12:20:58,-208,Tahap-0
11/17/2025,12,20,58,12:20:58,-56,Tahap-0
11/17/2025,12,20,58,12:20:58,-44,Tahap-0
11/17/2025,12,20,58,12:20:58,-152,Tahap-0
11/17/2025,12,20,59,12:20:59,44,Tahap-0
11/17/2025,12,20,59,12:20:59,-216,Tahap-0
11/17/2025,12,20,59,12:20:59,12,Tahap-0
11/17/2025,12,20,59,12:20:59,-124,Tahap-0
11/17/2025,12,20,59,12:20:59,-88,Tahap-0
11/17/2025,12,20,59,12:20:59,48,Tahap-0
11/17/2025,12,20,59,12:20:59,-176,Tahap-0
11/17/2025,12,20,59,12:20:59,20,Tahap-0
11/17/2025,12,20,59,12:20:59,-20,Tahap-0
11/17/2025,12,20,59,12:20:59,-124,Tahap-0
11/17/2025,12,21,1,12:21:01,52,Tahap-0
11/17/2025,12,21,1,12:21:01,32,Tahap-0
11/17/2025,12,21,1,12:21:01,-32,Tahap-0
11/17/2025,12,21,1,12:21:01,64,Tahap-0
11/17/2025,12,21,1,12:21:01,-112,Tahap-0
11/17/2025,12,21,1,12:21:01,8,Tahap-0
11/17/2025,12,21,1,12:21:01,8,Tahap-0
11/17/2025,12,21,1,12:21:01,56,Tahap-0
11/17/2025,12,21,1,12:21:01,-68,Tahap-0
11/17/2025,12,21,2,12:21:02,48,Tahap-0
11/17/2025,12,21,2,12:21:02,-100,Tahap-0
11/17/2025,12,21,2,12:21:02,116,Tahap-0
11/17/2025,12,21,2,12:21:02,-36,Tahap-0
11/17/2025,12,21,2,12:21:02,8,Tahap-0
11/17/2025,12,21,2,12:21:02,84,Tahap-0
11/17/2025,12,21,2,12:21:02,-112,Tahap-0
11/17/2025,12,21,2,12:21:02,72,Tahap-0
11/17/2025,12,21,2,12:21:02,-112,Tahap-0
11/17/2025,12,21,3,12:21:03,52,Tahap-0
11/17/2025,12,21,3,12:21:03,56,Tahap-0
11/17/2025,12,21,3,12:21:03,-84,Tahap-0
11/17/2025,12,21,3,12:21:03,8,Tahap-0
11/17/2025,12,21,3,12:21:03,-40,Tahap-0
11/17/2025,12,21,3,12:21:03,-72,Tahap-0
11/17/2025,12,21,3,12:21:03,16,Tahap-0
11/17/2025,12,21,3,12:21:03,-48,Tahap-0
11/17/2025,12,21,3,12:21:03,32,Tahap-0
11/17/2025,12,21,3,12:21:03,20,Tahap-0
11/17/2025,12,21,4,12:21:04,-12,Tahap-0
11/17/2025,12,21,4,12:21:04,128,Tahap-0
11/17/2025,12,21,4,12:21:04,-44,Tahap-0
11/17/2025,12,21,4,12:21:04,-16,Tahap-0
11/17/2025,12,21,4,12:21:04,112,Tahap-0
11/17/2025,12,21,4,12:21:04,-24,Tahap-0
11/17/2025,12,21,4,12:21:04,156,Tahap-0
11/17/2025,12,21,4,12:21:04,-4,Tahap-0
11/17/2025,12,21,4,12:21:04,36,Tahap-0
11/17/2025,12,21,4,12:21:04,116,Tahap-0
11/17/2025,12,21,5,12:21:05,-60,Tahap-0
11/17/2025,12,21,5,12:21:05,180,Tahap-0
11/17/2025,12,21,5,12:21:05,28,Tahap-0
11/17/2025,12,21,5,12:21:05,56,Tahap-0
11/17/2025,12,21,5,12:21:05,124,Tahap-0
11/17/2025,12,21,5,12:21:05,32,Tahap-0
11/17/2025,12,21,5,12:21:05,164,Tahap-0
11/17/2025,12,21,5,12:21:05,56,Tahap-0
11/17/2025,12,21,5,12:21:05,120,Tahap-0
11/17/2025,12,21,5,12:21:05,180,Tahap-0
11/17/2025,12,21,6,12:21:06,80,Tahap-0
11/17/2025,12,21,6,12:21:06,184,Tahap-0
11/17/2025,12,21,6,12:21:06,156,Tahap-0
11/17/2025,12,21,6,12:21:06,44,Tahap-0
11/17/2025,12,21,6,12:21:06,124,Tahap-0
11/17/2025,12,21,6,12:21:06,96,Tahap-0
11/17/2025,12,21,6,12:21:06,196,Tahap-0
11/17/2025,12,21,6,12:21:06,116,Tahap-0
11/17/2025,12,21,6,12:21:06,132,Tahap-0
11/17/2025,12,21,6,12:21:06,216,Tahap-0
11/17/2025,12,21,7,12:21:07,152,Tahap-0
11/17/2025,12,21,7,12:21:07,-8,Tahap-0
11/17/2025,12,21,7,12:21:07,176,Tahap-0
11/17/2025,12,21,7,12:21:07,76,Tahap-0
11/17/2025,12,21,7,12:21:07,196,Tahap-0
11/17/2025,12,21,7,12:21:07,44,Tahap-0
11/17/2025,12,21,7,12:21:07,120,Tahap-0
11/17/2025,12,21,7,12:21:07,164,Tahap-0
11/17/2025,12,21,7,12:21:07,8,Tahap-0
11/17/2025,12,21,7,12:21:07,80,Tahap-0
11/17/2025,12,21,8,12:21:08,120,Tahap-0
11/17/2025,12,21,8,12:21:08,80,Tahap-0
11/17/2025,12,21,8,12:21:08,216,Tahap-0
11/17/2025,12,21,8,12:21:08,8,Tahap-0
11/17/2025,12,21,8,12:21:08,168,Tahap-0
11/17/2025,12,21,8,12:21:08,100,Tahap-0
11/17/2025,12,21,8,12:21:08,60,Tahap-0
11/17/2025,12,21,8,12:21:08,280,Tahap-0
11/17/2025,12,21,8,12:21:08,56,Tahap-0
11/17/2025,12,21,8,12:21:08,244,Tahap-0
11/17/2025,12,21,9,12:21:09,152,Tahap-0
11/17/2025,12,21,9,12:21:09,148,Tahap-0
11/17/2025,12,21,9,12:21:09,260,Tahap-0
11/17/2025,12,21,9,12:21:09,92,Tahap-0
11/17/2025,12,21,9,12:21:09,228,Tahap-0
11/17/2025,12,21,9,12:21:09,216,Tahap-0
11/17/2025,12,21,9,12:21:09,144,Tahap-0
11/17/2025,12,21,9,12:21:09,268,Tahap-0
11/17/2025,12,21,9,12:21:09,132,Tahap-0
11/17/2025,12,21,9,12:21:09,144,Tahap-0
11/17/2025,12,21,10,12:21:10,192,Tahap-0
11/17/2025,12,21,34,12:21:34,13540,Tahap-0
11/17/2025,12,21,34,12:21:34,5448,Tahap-0
11/17/2025,12,21,34,12:21:34,3004,Tahap-0
11/17/2025,12,21,34,12:21:34,2284,Tahap-0
11/17/2025,12,21,34,12:21:34,2293,Tahap-0
11/17/2025,12,21,35,12:21:35,1339,Tahap-0
11/17/2025,12,21,35,12:21:35,1016,Tahap-0
11/17/2025,12,21,35,12:21:35,1090,Tahap-0
11/17/2025,12,21,35,12:21:35,1153,Tahap-0
11/17/2025,12,21,35,12:21:35,858,Tahap-0
11/17/2025,12,21,35,12:21:35,924,Tahap-0
11/17/2025,12,21,35,12:21:35,844,Tahap-0
11/17/2025,12,21,35,12:21:35,766,Tahap-0
11/17/2025,12,21,35,12:21:35,538,Tahap-0
11/17/2025,12,21,35,12:21:35,672,Tahap-0
11/17/2025,12,21,36,12:21:36,683,Tahap-0
11/17/2025,12,21,36,12:21:36,523,Tahap-0
11/17/2025,12,21,36,12:21:36,601,Tahap-0
11/17/2025,12,21,36,12:21:36,477,Tahap-0
11/17/2025,12,21,36,12:21:36,413,Tahap-0
11/17/2025,12,21,36,12:21:36,395,Tahap-0
11/17/2025,12,21,36,12:21:36,379,Tahap-0
11/17/2025,12,21,36,12:21:36,305,Tahap-0
11/17/2025,12,21,36,12:21:36,521,Tahap-0
11/17/2025,12,21,36,12:21:36,445,Tahap-0
11/17/2025,12,21,37,12:21:37,373,Tahap-0
11/17/2025,12,21,37,12:21:37,306,Tahap-0
11/17/2025,12,21,37,12:21:37,345,Tahap-0
11/17/2025,12,21,37,12:21:37,428,Tahap-0
11/17/2025,12,21,37,12:21:37,428,Tahap-0
11/17/2025,12,21,37,12:21:37,351,Tahap-0
11/17/2025,12,21,37,12:21:37,308,Tahap-0
11/17/2025,12,21,37,12:21:37,302,Tahap-0
11/17/2025,12,21,37,12:21:37,282,Tahap-0
11/17/2025,12,21,37,12:21:37,360,Tahap-0
11/17/2025,12,21,38,12:21:38,516,Tahap-0
11/17/2025,12,21,38,12:21:38,461,Tahap-0
11/17/2025,12,21,38,12:21:38,193,Tahap-0
11/17/2025,12,21,38,12:21:38,154,Tahap-0
11/17/2025,12,21,38,12:21:38,300,Tahap-0
11/17/2025,12,21,38,12:21:38,367,Tahap-0
11/17/2025,12,21,38,12:21:38,329,Tahap-0
11/17/2025,12,21,38,12:21:38,198,Tahap-0
11/17/2025,12,21,38,12:21:38,87,Tahap-0
11/17/2025,12,21,38,12:21:38,281,Tahap-0
11/17/2025,12,21,39,12:21:39,120,Tahap-0
11/17/2025,12,21,39,12:21:39,257,Tahap-0
11/17/2025,12,21,39,12:21:39,227,Tahap-0
11/17/2025,12,21,39,12:21:39,162,Tahap-0
11/17/2025,12,21,39,12:21:39,535,Tahap-0
11/17/2025,12,21,39,12:21:39,183,Tahap-0
11/17/2025,12,21,39,12:21:39,95,Tahap-0
11/17/2025,12,21,39,12:21:39,116,Tahap-0
11/17/2025,12,21,39,12:21:39,79,Tahap-0
11/17/2025,12,21,39,12:21:39,157,Tahap-0
11/17/2025,12,21,40,12:21:40,154,Tahap-0
11/17/2025,12,21,40,12:21:40,165,Tahap-0
11/17/2025,12,21,40,12:21:40,73,Tahap-0
11/17/2025,12,21,40,12:21:40,215,Tahap-0
11/17/2025,12,21,40,12:21:40,125,Tahap-0
11/17/2025,12,21,40,12:21:40,143,Tahap-0
11/17/2025,12,21,40,12:21:40,108,Tahap-0
11/17/2025,12,21,40,12:21:40,257,Tahap-0
11/17/2025,12,21,40,12:21:40,164,Tahap-0
11/17/2025,12,21,40,12:21:40,170,Tahap-0
11/17/2025,12,21,41,12:21:41,71,Tahap-0
11/17/2025,12,21,41,12:21:41,197,Tahap-0
11/17/2025,12,21,41,12:21:41,176,Tahap-0
11/17/2025,12,21,41,12:21:41,58,Tahap-0
11/17/2025,12,21,41,12:21:41,101,Tahap-0
11/17/2025,12,21,41,12:21:41,309,Tahap-0
11/17/2025,12,21,41,12:21:41,408,Tahap-0
11/17/2025,12,21,41,12:21:41,232,Tahap-0
11/17/2025,12,21,41,12:21:41,152,Tahap-0
11/17/2025,12,21,41,12:21:41,179,Tahap-0
11/17/2025,12,21,42,12:21:42,146,Tahap-0
11/17/2025,12,21,42,12:21:42,136,Tahap-0
11/17/2025,12,21,42,12:21:42,79,Tahap-0
11/17/2025,12,21,42,12:21:42,206,Tahap-0
11/17/2025,12,21,42,12:21:42,109,Tahap-0
11/17/2025,12,21,42,12:21:42,198,Tahap-0
11/17/2025,12,21,42,12:21:42,124,Tahap-0
11/17/2025,12,21,42,12:21:42,123,Tahap-0
11/17/2025,12,21,42,12:21:42,123,Tahap-0
11/17/2025,12,21,42,12:21:42,186,Tahap-0
11/17/2025,12,21,43,12:21:43,124,Tahap-0
11/17/2025,12,21,43,12:21:43,79,Tahap-0
11/17/2025,12,21,43,12:21:43,39,Tahap-0
11/17/2025,12,21,43,12:21:43,38,Tahap-0
11/17/2025,12,21,43,12:21:43,137,Tahap-0
11/17/2025,12,21,43,12:21:43,135,Tahap-0
11/17/2025,12,21,43,12:21:43,35,Tahap-0
11/17/2025,12,21,43,12:21:43,89,Tahap-0
11/17/2025,12,21,43,12:21:43,95,Tahap-0
11/17/2025,12,21,43,12:21:43,109,Tahap-0
11/17/2025,12,21,44,12:21:44,40,Tahap-0
11/17/2025,12,21,44,12:21:44,312,Tahap-0
11/17/2025,12,21,44,12:21:44,459,Tahap-0
11/17/2025,12,21,44,12:21:44,473,Tahap-0
11/17/2025,12,21,44,12:21:44,1642,Tahap-0
11/17/2025,12,21,44,12:21:44,1227,Tahap-0
11/17/2025,12,21,44,12:21:44,264,Tahap-0
11/17/2025,12,21,44,12:21:44,390,Tahap-0
11/17/2025,12,21,44,12:21:44,350,Tahap-0
11/17/2025,12,21,44,12:21:44,289,Tahap-0
11/17/2025,12,21,45,12:21:45,149,Tahap-0
11/17/2025,12,21,45,12:21:45,178,Tahap-0
11/17/2025,12,21,45,12:21:45,100,Tahap-0
11/17/2025,12,21,45,12:21:45,639,Tahap-0
11/17/2025,12,21,45,12:21:45,505,Tahap-0
11/17/2025,12,21,45,12:21:45,106,Tahap-0
11/17/2025,12,21,45,12:21:45,116,Tahap-0
11/17/2025,12,21,45,12:21:45,282,Tahap-0
11/17/2025,12,21,45,12:21:45,290,Tahap-0
11/17/2025,12,21,45,12:21:45,304,Tahap-0
11/17/2025,12,21,46,12:21:46,604,Tahap-0
11/17/2025,12,21,46,12:21:46,101,Tahap-0
11/17/2025,12,21,46,12:21:46,213,Tahap-0
11/17/2025,12,21,46,12:21:46,66,Tahap-0
11/17/2025,12,21,46,12:21:46,223,Tahap-0
11/17/2025,12,21,46,12:21:46,208,Tahap-0
11/17/2025,12,21,46,12:21:46,127,Tahap-0
11/17/2025,12,21,46,12:21:46,205,Tahap-0
11/17/2025,12,21,46,12:21:46,62,Tahap-0
11/17/2025,12,21,46,12:21:46,151,Tahap-0
11/17/2025,12,21,47,12:21:47,220,Tahap-0
11/17/2025,12,21,47,12:21:47,269,Tahap-0
11/17/2025,12,21,47,12:21:47,206,Tahap-0
11/17/2025,12,21,47,12:21:47,152,Tahap-0
11/17/2025,12,21,47,12:21:47,184,Tahap-0
11/17/2025,12,21,47,12:21:47,208,Tahap-0
11/17/2025,12,21,47,12:21:47,122,Tahap-0
11/17/2025,12,21,47,12:21:47,218,Tahap-0
11/17/2025,12,21,47,12:21:47,136,Tahap-0
11/17/2025,12,21,47,12:21:47,200,Tahap-0
11/17/2025,12,21,48,12:21:48,222,Tahap-0
11/17/2025,12,21,48,12:21:48,154,Tahap-0
11/17/2025,12,21,48,12:21:48,256,Tahap-0
11/17/2025,12,21,48,12:21:48,158,Tahap-0
11/17/2025,12,21,48,12:21:48,186,Tahap-0
11/17/2025,12,21,48,12:21:48,170,Tahap-0
11/17/2025,12,21,48,12:21:48,164,Tahap-0
11/17/2025,12,21,48,12:21:48,238,Tahap-0
11/17/2025,12,21,48,12:21:48,152,Tahap-0
11/17/2025,12,21,48,12:21:48,172,Tahap-0
11/17/2025,12,21,49,12:21:49,208,Tahap-0
11/17/2025,12,21,49,12:21:49,136,Tahap-0
11/17/2025,12,21,49,12:21:49,184,Tahap-0
11/17/2025,12,21,49,12:21:49,192,Tahap-0
11/17/2025,12,21,49,12:21:49,142,Tahap-0
11/17/2025,12,21,49,12:21:49,204,Tahap-0
11/17/2025,12,21,49,12:21:49,148,Tahap-0
11/17/2025,12,21,49,12:21:49,202,Tahap-0
11/17/2025,12,21,49,12:21:49,186,Tahap-0
11/17/2025,12,21,49,12:21:49,116,Tahap-0
11/17/2025,12,21,50,12:21:50,192,Tahap-0
11/17/2025,12,21,50,12:21:50,138,Tahap-0
11/17/2025,12,21,50,12:21:50,176,Tahap-0
11/17/2025,12,21,50,12:21:50,208,Tahap-0
11/17/2025,12,21,50,12:21:50,102,Tahap-0
11/17/2025,12,21,50,12:21:50,206,Tahap-0
11/17/2025,12,21,50,12:21:50,98,Tahap-0
11/17/2025,12,21,50,12:21:50,156,Tahap-0
11/17/2025,12,21,50,12:21:50,180,Tahap-0
11/17/2025,12,21,50,12:21:50,106,Tahap-0
11/17/2025,12,21,50,12:21:50,206,Tahap-0
11/17/2025,12,21,51,12:21:51,98,Tahap-0
11/17/2025,12,21,51,12:21:51,142,Tahap-0
11/17/2025,12,21,51,12:21:51,148,Tahap-0
11/17/2025,12,21,51,12:21:51,120,Tahap-0
11/17/2025,12,21,51,12:21:51,164,Tahap-0
11/17/2025,12,21,51,12:21:51,108,Tahap-0
11/17/2025,12,21,52,12:21:52,132,Tahap-0
11/17/2025,12,21,52,12:21:52,164,Tahap-0
11/17/2025,12,21,52,12:21:52,78,Tahap-0
11/17/2025,12,21,52,12:21:52,84,Tahap-0
11/17/2025,12,21,52,12:21:52,116,Tahap-0
11/17/2025,12,21,52,12:21:52,98,Tahap-0
11/17/2025,12,21,52,12:21:52,142,Tahap-0
11/17/2025,12,21,52,12:21:52,94,Tahap-0
11/17/2025,12,21,52,12:21:52,116,Tahap-0
11/17/2025,12,21,52,12:21:52,134,Tahap-0
11/17/2025,12,21,52,12:21:52,62,Tahap-0
11/17/2025,12,21,52,12:21:52,150,Tahap-0
11/17/2025,12,21,52,12:21:52,102,Tahap-0
11/17/2025,12,21,52,12:21:52,116,Tahap-0
11/17/2025,12,21,53,12:21:53,152,Tahap-0
11/17/2025,12,21,53,12:21:53,74,Tahap-0
11/17/2025,12,21,53,12:21:53,158,Tahap-0
11/17/2025,12,21,53,12:21:53,76,Tahap-0
11/17/2025,12,21,53,12:21:53,128,Tahap-0
11/17/2025,12,21,53,12:21:53,134,Tahap-0
11/17/2025,12,21,53,12:21:53,80,Tahap-0
11/17/2025,12,21,53,12:21:53,158,Tahap-0
11/17/2025,12,21,53,12:21:53,102,Tahap-0
11/17/2025,12,21,53,12:21:53,84,Tahap-0
11/17/2025,12,21,54,12:21:54,106,Tahap-0
11/17/2025,12,21,54,12:21:54,60,Tahap-0
11/17/2025,12,21,54,12:21:54,154,Tahap-0
11/17/2025,12,21,54,12:21:54,82,Tahap-0
11/17/2025,12,21,54,12:21:54,86,Tahap-0
11/17/2025,12,21,54,12:21:54,132,Tahap-0
11/17/2025,12,21,54,12:21:54,64,Tahap-0
11/17/2025,12,21,54,12:21:54,76,Tahap-0
11/17/2025,12,21,54,12:21:54,114,Tahap-0
11/17/2025,12,21,54,12:21:54,80,Tahap-0
11/17/2025,12,21,55,12:21:55,96,Tahap-0
11/17/2025,12,21,55,12:21:55,86,Tahap-0
11/17/2025,12,21,55,12:21:55,72,Tahap-0
11/17/2025,12,21,55,12:21:55,122,Tahap-0
11/17/2025,12,21,55,12:21:55,30,Tahap-0
11/17/2025,12,21,55,12:21:55,110,Tahap-0
11/17/2025,12,21,55,12:21:55,68,Tahap-0
11/17/2025,12,21,55,12:21:55,56,Tahap-0
11/17/2025,12,21,55,12:21:55,142,Tahap-0
11/17/2025,12,21,55,12:21:55,-2,Tahap-0
11/17/2025,12,21,56,12:21:56,98,Tahap-0
11/17/2025,12,21,56,12:21:56,16,Tahap-0
11/17/2025,12,21,56,12:21:56,58,Tahap-0
11/17/2025,12,21,56,12:21:56,134,Tahap-0
11/17/2025,12,21,56,12:21:56,16,Tahap-0
11/17/2025,12,21,56,12:21:56,118,Tahap-0
11/17/2025,12,21,56,12:21:56,68,Tahap-0
11/17/2025,12,21,56,12:21:56,46,Tahap-0
11/17/2025,12,21,56,12:21:56,88,Tahap-0
11/17/2025,12,21,56,12:21:56,34,Tahap-0
11/17/2025,12,21,57,12:21:57,90,Tahap-0
11/17/2025,12,21,57,12:21:57,72,Tahap-0
11/17/2025,12,21,57,12:21:57,54,Tahap-0
11/17/2025,12,21,57,12:21:57,120,Tahap-0
11/17/2025,12,21,57,12:21:57,54,Tahap-0
11/17/2025,12,21,57,12:21:57,36,Tahap-0
11/17/2025,12,21,57,12:21:57,64,Tahap-0
11/17/2025,12,21,57,12:21:57,50,Tahap-0
11/17/2025,12,21,57,12:21:57,112,Tahap-0
11/17/2025,12,21,57,12:21:57,30,Tahap-0
11/17/2025,12,21,58,12:21:58,54,Tahap-0
11/17/2025,12,21,58,12:21:58,90,Tahap-0
11/17/2025,12,21,58,12:21:58,6,Tahap-0
11/17/2025,12,21,58,12:21:58,50,Tahap-0
11/17/2025,12,21,58,12:21:58,74,Tahap-0
11/17/2025,12,21,58,12:21:58,18,Tahap-0
11/17/2025,12,21,58,12:21:58,62,Tahap-0
11/17/2025,12,21,58,12:21:58,4,Tahap-0
11/17/2025,12,21,58,12:21:58,48,Tahap-0
11/17/2025,12,21,58,12:21:58,-8,Tahap-0
11/17/2025,12,21,59,12:21:59,-16,Tahap-0
11/17/2025,12,21,59,12:21:59,50,Tahap-0
11/17/2025,12,21,59,12:21:59,-22,Tahap-0
11/17/2025,12,21,59,12:21:59,66,Tahap-0
11/17/2025,12,21,59,12:21:59,40,Tahap-0
11/17/2025,12,21,59,12:21:59,-26,Tahap-0
11/17/2025,12,21,59,12:21:59,44,Tahap-0
11/17/2025,12,21,59,12:21:59,-40,Tahap-0
11/17/2025,12,21,59,12:21:59,100,Tahap-0
11/17/2025,12,22,24,12:22:24,6548,Tahap-0
11/17/2025,12,22,24,12:22:24,9954,Tahap-0
11/17/2025,12,22,24,12:22:24,5595,Tahap-0
11/17/2025,12,22,24,12:22:24,1374,Tahap-0
11/17/2025,12,22,24,12:22:24,2653,Tahap-0
11/17/2025,12,22,24,12:22:24,2001,Tahap-0
11/17/2025,12,22,25,12:22:25,2227,Tahap-0
11/17/2025,12,22,25,12:22:25,1785,Tahap-0
11/17/2025,12,22,25,12:22:25,1078,Tahap-0
11/17/2025,12,22,25,12:22:25,795,Tahap-0
11/17/2025,12,22,25,12:22:25,1443,Tahap-0
11/17/2025,12,22,25,12:22:25,758,Tahap-0
11/17/2025,12,22,25,12:22:25,1008,Tahap-0
11/17/2025,12,22,25,12:22:25,974,Tahap-0
11/17/2025,12,22,25,12:22:25,843,Tahap-0
11/17/2025,12,22,25,12:22:25,684,Tahap-0
11/17/2025,12,22,26,12:22:26,816,Tahap-0
11/17/2025,12,22,26,12:22:26,728,Tahap-0
11/17/2025,12,22,26,12:22:26,770,Tahap-0
11/17/2025,12,22,26,12:22:26,608,Tahap-0
11/17/2025,12,22,26,12:22:26,643,Tahap-0
11/17/2025,12,22,26,12:22:26,596,Tahap-0
11/17/2025,12,22,26,12:22:26,514,Tahap-0
11/17/2025,12,22,26,12:22:26,580,Tahap-0
11/17/2025,12,22,26,12:22:26,474,Tahap-0
11/17/2025,12,22,26,12:22:26,510,Tahap-0
11/17/2025,12,22,27,12:22:27,460,Tahap-0
11/17/2025,12,22,27,12:22:27,537,Tahap-0
11/17/2025,12,22,27,12:22:27,464,Tahap-0
11/17/2025,12,22,27,12:22:27,478,Tahap-0
11/17/2025,12,22,27,12:22:27,322,Tahap-0
11/17/2025,12,22,27,12:22:27,386,Tahap-0
11/17/2025,12,22,27,12:22:27,493,Tahap-0
11/17/2025,12,22,27,12:22:27,397,Tahap-0
11/17/2025,12,22,27,12:22:27,432,Tahap-0
11/17/2025,12,22,27,12:22:27,507,Tahap-0
11/17/2025,12,22,28,12:22:28,276,Tahap-0
11/17/2025,12,22,28,12:22:28,106,Tahap-0
11/17/2025,12,22,28,12:22:28,317,Tahap-0
11/17/2025,12,22,28,12:22:28,405,Tahap-0
11/17/2025,12,22,28,12:22:28,382,Tahap-0
11/17/2025,12,22,28,12:22:28,327,Tahap-0
11/17/2025,12,22,28,12:22:28,445,Tahap-0
11/17/2025,12,22,28,12:22:28,359,Tahap-0
11/17/2025,12,22,28,12:22:28,416,Tahap-0
11/17/2025,12,22,28,12:22:28,387,Tahap-0
11/17/2025,12,22,29,12:22:29,301,Tahap-0
11/17/2025,12,22,29,12:22:29,374,Tahap-0
11/17/2025,12,22,29,12:22:29,518,Tahap-0
11/17/2025,12,22,29,12:22:29,124,Tahap-0
11/17/2025,12,22,29,12:22:29,228,Tahap-0
11/17/2025,12,22,29,12:22:29,177,Tahap-0
11/17/2025,12,22,29,12:22:29,191,Tahap-0
11/17/2025,12,22,29,12:22:29,109,Tahap-0
11/17/2025,12,22,29,12:22:29,183,Tahap-0
11/17/2025,12,22,29,12:22:29,202,Tahap-0
11/17/2025,12,22,30,12:22:30,315,Tahap-0
11/17/2025,12,22,30,12:22:30,178,Tahap-0
11/17/2025,12,22,30,12:22:30,222,Tahap-0
11/17/2025,12,22,30,12:22:30,219,Tahap-0
11/17/2025,12,22,30,12:22:30,286,Tahap-0
11/17/2025,12,22,30,12:22:30,415,Tahap-0
11/17/2025,12,22,30,12:22:30,308,Tahap-0
11/17/2025,12,22,30,12:22:30,436,Tahap-0
11/17/2025,12,22,30,12:22:30,261,Tahap-0
11/17/2025,12,22,30,12:22:30,229,Tahap-0
11/17/2025,12,22,31,12:22:31,140,Tahap-0
11/17/2025,12,22,31,12:22:31,172,Tahap-0
11/17/2025,12,22,31,12:22:31,266,Tahap-0
11/17/2025,12,22,31,12:22:31,382,Tahap-0
11/17/2025,12,22,31,12:22:31,484,Tahap-0
11/17/2025,12,22,31,12:22:31,230,Tahap-0
11/17/2025,12,22,31,12:22:31,289,Tahap-0
11/17/2025,12,22,31,12:22:31,107,Tahap-0
11/17/2025,12,22,31,12:22:31,162,Tahap-0
11/17/2025,12,22,31,12:22:31,164,Tahap-0
11/17/2025,12,22,32,12:22:32,229,Tahap-0
11/17/2025,12,22,32,12:22:32,176,Tahap-0
11/17/2025,12,22,32,12:22:32,143,Tahap-0
11/17/2025,12,22,32,12:22:32,254,Tahap-0
11/17/2025,12,22,32,12:22:32,145,Tahap-0
11/17/2025,12,22,32,12:22:32,249,Tahap-0
11/17/2025,12,22,32,12:22:32,188,Tahap-0
11/17/2025,12,22,32,12:22:32,335,Tahap-0
11/17/2025,12,22,32,12:22:32,56,Tahap-0
11/17/2025,12,22,32,12:22:32,235,Tahap-0
11/17/2025,12,22,33,12:22:33,245,Tahap-0
11/17/2025,12,22,33,12:22:33,178,Tahap-0
11/17/2025,12,22,33,12:22:33,149,Tahap-0
11/17/2025,12,22,33,12:22:33,306,Tahap-0
11/17/2025,12,22,33,12:22:33,179,Tahap-0
11/17/2025,12,22,33,12:22:33,224,Tahap-0
11/17/2025,12,22,33,12:22:33,183,Tahap-0
11/17/2025,12,22,33,12:22:33,104,Tahap-0
11/17/2025,12,22,33,12:22:33,170,Tahap-0
11/17/2025,12,22,33,12:22:33,155,Tahap-0
11/17/2025,12,22,34,12:22:34,78,Tahap-0
11/17/2025,12,22,34,12:22:34,834,Tahap-0
11/17/2025,12,22,34,12:22:34,1545,Tahap-0
11/17/2025,12,22,34,12:22:34,657,Tahap-0
11/17/2025,12,22,34,12:22:34,448,Tahap-0
11/17/2025,12,22,34,12:22:34,401,Tahap-0
11/17/2025,12,22,34,12:22:34,248,Tahap-0
11/17/2025,12,22,34,12:22:34,138,Tahap-0
11/17/2025,12,22,34,12:22:34,334,Tahap-0
11/17/2025,12,22,34,12:22:34,238,Tahap-0
11/17/2025,12,22,35,12:22:35,171,Tahap-0
11/17/2025,12,22,35,12:22:35,132,Tahap-0
11/17/2025,12,22,35,12:22:35,219,Tahap-0
11/17/2025,12,22,35,12:22:35,320,Tahap-0
11/17/2025,12,22,35,12:22:35,67,Tahap-0
11/17/2025,12,22,35,12:22:35,325,Tahap-0
11/17/2025,12,22,35,12:22:35,132,Tahap-0
11/17/2025,12,22,35,12:22:35,340,Tahap-0
11/17/2025,12,22,35,12:22:35,300,Tahap-0
11/17/2025,12,22,35,12:22:35,408,Tahap-0
11/17/2025,12,22,36,12:22:36,281,Tahap-0
11/17/2025,12,22,36,12:22:36,28,Tahap-0
11/17/2025,12,22,36,12:22:36,265,Tahap-0
11/17/2025,12,22,36,12:22:36,445,Tahap-0
11/17/2025,12,22,36,12:22:36,410,Tahap-0
11/17/2025,12,22,36,12:22:36,369,Tahap-0
11/17/2025,12,22,36,12:22:36,274,Tahap-0
11/17/2025,12,22,36,12:22:36,329,Tahap-0
11/17/2025,12,22,36,12:22:36,152,Tahap-0
11/17/2025,12,22,36,12:22:36,133,Tahap-0
11/17/2025,12,22,37,12:22:37,406,Tahap-0
11/17/2025,12,22,37,12:22:37,-40,Tahap-0
11/17/2025,12,22,37,12:22:37,30,Tahap-0
11/17/2025,12,22,37,12:22:37,-20,Tahap-0
11/17/2025,12,22,37,12:22:37,-34,Tahap-0
11/17/2025,12,22,37,12:22:37,-6,Tahap-0
11/17/2025,12,22,37,12:22:37,-50,Tahap-0
11/17/2025,12,22,37,12:22:37,-50,Tahap-0
11/17/2025,12,22,37,12:22:37,-32,Tahap-0
11/17/2025,12,22,37,12:22:37,-80,Tahap-0
11/17/2025,12,22,38,12:22:38,-24,Tahap-0
11/17/2025,12,22,38,12:22:38,-40,Tahap-0
11/17/2025,12,22,38,12:22:38,-70,Tahap-0
11/17/2025,12,22,38,12:22:38,-32,Tahap-0
11/17/2025,12,22,38,12:22:38,-68,Tahap-0
11/17/2025,12,22,38,12:22:38,12,Tahap-0
11/17/2025,12,22,38,12:22:38,-50,Tahap-0
11/17/2025,12,22,38,12:22:38,-48,Tahap-0
11/17/2025,12,22,38,12:22:38,-12,Tahap-0
11/17/2025,12,22,38,12:22:38,-38,Tahap-0
11/17/2025,12,22,39,12:22:39,-38,Tahap-0
11/17/2025,12,22,39,12:22:39,-6,Tahap-0
11/17/2025,12,22,39,12:22:39,-28,Tahap-0
11/17/2025,12,22,39,12:22:39,14,Tahap-0
11/17/2025,12,22,39,12:22:39,-12,Tahap-0
11/17/2025,12,22,39,12:22:39,-22,Tahap-0
11/17/2025,12,22,39,12:22:39,36,Tahap-0
11/17/2025,12,22,39,12:22:39,-48,Tahap-0
11/17/2025,12,22,39,12:22:39,22,Tahap-0
11/17/2025,12,22,39,12:22:39,-4,Tahap-0
11/17/2025,12,22,40,12:22:40,-8,Tahap-0
11/17/2025,12,22,40,12:22:40,22,Tahap-0
11/17/2025,12,22,40,12:22:40,6,Tahap-0
11/17/2025,12,22,40,12:22:40,-10,Tahap-0
11/17/2025,12,22,40,12:22:40,14,Tahap-0
11/17/2025,12,22,40,12:22:40,-50,Tahap-0
11/17/2025,12,22,40,12:22:40,64,Tahap-0
11/17/2025,12,22,40,12:22:40,12,Tahap-0
11/17/2025,12,22,40,12:22:40,-26,Tahap-0
11/17/2025,12,22,40,12:22:40,66,Tahap-0
11/17/2025,12,22,41,12:22:41,-12,Tahap-0
11/17/2025,12,22,41,12:22:41,66,Tahap-0
11/17/2025,12,22,41,12:22:41,36,Tahap-0
11/17/2025,12,22,41,12:22:41,26,Tahap-0
11/17/2025,12,22,41,12:22:41,86,Tahap-0
11/17/2025,12,22,41,12:22:41,42,Tahap-0
11/17/2025,12,22,41,12:22:41,48,Tahap-0
11/17/2025,12,22,41,12:22:41,120,Tahap-0
11/17/2025,12,22,41,12:22:41,34,Tahap-0
11/17/2025,12,22,41,12:22:41,44,Tahap-0
11/17/2025,12,22,42,12:22:42,48,Tahap-0
11/17/2025,12,22,42,12:22:42,36,Tahap-0
11/17/2025,12,22,42,12:22:42,82,Tahap-0
11/17/2025,12,22,42,12:22:42,-18,Tahap-0
11/17/2025,12,22,42,12:22:42,50,Tahap-0
11/17/2025,12,22,42,12:22:42,6,Tahap-0
11/17/2025,12,22,42,12:22:42,-34,Tahap-0
11/17/2025,12,22,42,12:22:42,44,Tahap-0
11/17/2025,12,22,42,12:22:42,-16,Tahap-0
11/17/2025,12,22,42,12:22:42,2,Tahap-0
11/17/2025,12,22,43,12:22:43,4,Tahap-0
11/17/2025,12,22,43,12:22:43,-50,Tahap-0
11/17/2025,12,22,43,12:22:43,34,Tahap-0
11/17/2025,12,22,43,12:22:43,-40,Tahap-0
11/17/2025,12,22,43,12:22:43,-14,Tahap-0
11/17/2025,12,22,43,12:22:43,10,Tahap-0
11/17/2025,12,22,43,12:22:43,-48,Tahap-0
11/17/2025,12,22,43,12:22:43,-4,Tahap-0
11/17/2025,12,22,43,12:22:43,-66,Tahap-0
11/17/2025,12,22,44,12:22:44,-14,Tahap-0
11/17/2025,12,22,44,12:22:44,-88,Tahap-0
11/17/2025,12,22,44,12:22:44,16,Tahap-0
11/17/2025,12,22,44,12:22:44,-70,Tahap-0
11/17/2025,12,22,44,12:22:44,-82,Tahap-0
11/17/2025,12,22,44,12:22:44,-82,Tahap-0
11/17/2025,12,22,44,12:22:44,-78,Tahap-0
11/17/2025,12,22,44,12:22:44,-116,Tahap-0
11/17/2025,12,22,44,12:22:44,-54,Tahap-0
11/17/2025,12,22,44,12:22:44,-130,Tahap-0
11/17/2025,12,22,45,12:22:45,-98,Tahap-0
11/17/2025,12,22,45,12:22:45,-132,Tahap-0
11/17/2025,12,22,45,12:22:45,-140,Tahap-0
11/17/2025,12,22,45,12:22:45,-88,Tahap-0
11/17/2025,12,22,45,12:22:45,-146,Tahap-0
11/17/2025,12,22,45,12:22:45,-170,Tahap-0
11/17/2025,12,22,45,12:22:45,-100,Tahap-0
11/17/2025,12,22,45,12:22:45,-170,Tahap-0
11/17/2025,12,22,45,12:22:45,-70,Tahap-0
11/17/2025,12,22,45,12:22:45,-186,Tahap-0
11/17/2025,12,22,46,12:22:46,-110,Tahap-0
11/17/2025,12,22,46,12:22:46,-114,Tahap-0
11/17/2025,12,22,46,12:22:46,-142,Tahap-0
11/17/2025,12,22,46,12:22:46,-86,Tahap-0
11/17/2025,12,22,46,12:22:46,-50,Tahap-0
11/17/2025,12,22,46,12:22:46,-86,Tahap-0
11/17/2025,12,22,46,12:22:46,-38,Tahap-0
11/17/2025,12,22,46,12:22:46,-114,Tahap-0
11/17/2025,12,22,46,12:22:46,-42,Tahap-0
11/17/2025,12,22,46,12:22:46,-50,Tahap-0
11/17/2025,12,22,47,12:22:47,-80,Tahap-0
11/17/2025,12,22,47,12:22:47,-44,Tahap-0
11/17/2025,12,22,47,12:22:47,-56,Tahap-0
11/17/2025,12,22,47,12:22:47,-52,Tahap-0
11/17/2025,12,22,47,12:22:47,-82,Tahap-0
11/17/2025,12,22,47,12:22:47,-72,Tahap-0
11/17/2025,12,22,47,12:22:47,-48,Tahap-0
11/17/2025,12,22,47,12:22:47,-46,Tahap-0
11/17/2025,12,22,47,12:22:47,-78,Tahap-0
11/17/2025,12,22,47,12:22:47,10,Tahap-0
11/17/2025,12,22,48,12:22:48,-52,Tahap-0
11/17/2025,12,22,48,12:22:48,-72,Tahap-0
11/17/2025,12,22,48,12:22:48,10,Tahap-0
11/17/2025,12,22,48,12:22:48,-40,Tahap-0
11/17/2025,12,22,48,12:22:48,56,Tahap-0
11/17/2025,12,22,48,12:22:48,-14,Tahap-0
11/17/2025,12,22,48,12:22:48,10,Tahap-0
11/17/2025,12,22,48,12:22:48,18,Tahap-0
11/17/2025,12,22,48,12:22:48,-10,Tahap-0
11/17/2025,12,22,48,12:22:48,66,Tahap-0
11/17/2025,12,22,49,12:22:49,12,Tahap-0
11/17/2025,12,22,49,12:22:49,-10,Tahap-0
11/17/2025,12,22,49,12:22:49,66,Tahap-0
11/17/2025,12,22,49,12:22:49,-28,Tahap-0
11/17/2025,12,22,49,12:22:49,54,Tahap-0
11/17/2025,12,22,49,12:22:49,4,Tahap-0
11/17/2025,12,22,49,12:22:49,-28,Tahap-0
11/17/2025,12,22,49,12:22:49,28,Tahap-0
11/17/2025,12,22,49,12:22:49,-10,Tahap-0
