Tanggal,Jam,Menit,Detik,Waktu,frekuensi,label
11/17/2025,9,30,20,09:30:20,-204,Tahap-0
11/17/2025,9,30,20,09:30:20,172,Tahap-0
11/17/2025,9,30,20,09:30:20,-144,Tahap-0
11/17/2025,9,30,20,09:30:20,108,Tahap-0
11/17/2025,9,30,20,09:30:20,-144,Tahap-0
11/17/2025,9,30,20,09:30:20,-56,Tahap-0
11/17/2025,9,30,20,09:30:20,-96,Tahap-0
11/17/2025,9,30,20,09:30:20,148,Tahap-0
11/17/2025,9,30,20,09:30:20,-156,Tahap-0
11/17/2025,9,30,20,09:30:20,60,Tahap-0
11/17/2025,9,30,20,09:30:20,-108,Tahap-0
11/17/2025,9,30,20,09:30:20,-84,Tahap-0
11/17/2025,9,30,20,09:30:20,40,Tahap-0
11/17/2025,9,30,20,09:30:20,-32,Tahap-0
11/17/2025,9,30,20,09:30:20,108,Tahap-0
11/17/2025,9,30,20,09:30:20,-112,Tahap-0
11/17/2025,9,30,20,09:30:20,-28,Tahap-0
11/17/2025,9,30,20,09:30:20,-20,Tahap-0
11/17/2025,9,30,20,09:30:20,-16,Tahap-0
11/17/2025,9,30,20,09:30:20,-100,Tahap-0
11/17/2025,9,30,20,09:30:20,128,Tahap-0
11/17/2025,9,30,21,09:30:21,-116,Tahap-0
11/17/2025,9,30,21,09:30:21,24,Tahap-0
11/17/2025,9,30,21,09:30:21,-132,Tahap-0
11/17/2025,9,30,21,09:30:21,68,Tahap-0
11/17/2025,9,30,21,09:30:21,-92,Tahap-0
11/17/2025,9,30,21,09:30:21,24,Tahap-0
11/17/2025,9,30,21,09:30:21,28,Tahap-0
11/17/2025,9,30,21,09:30:21,84,Tahap-0
11/17/2025,9,30,21,09:30:21,-208,Tahap-0
11/17/2025,9,30,21,09:30:21,48,Tahap-0
11/17/2025,9,30,22,09:30:22,-148,Tahap-0
11/17/2025,9,30,46,09:30:46,9765,Tahap-0
11/17/2025,9,30,46,09:30:46,2816,Tahap-0
11/17/2025,9,30,46,09:30:46,1500,Tahap-0
11/17/2025,9,30,46,09:30:46,580,Tahap-0
11/17/2025,9,30,46,09:30:46,236,Tahap-0
11/17/2025,9,30,46,09:30:46,309,Tahap-0
11/17/2025,9,30,47,09:30:47,357,Tahap-0
11/17/2025,9,30,47,09:30:47,391,Tahap-0
11/17/2025,9,30,47,09:30:47,407,Tahap-0
11/17/2025,9,30,47,09:30:47,431,Tahap-0
11/17/2025,9,30,47,09:30:47,576,Tahap-0
11/17/2025,9,30,47,09:30:47,297,Tahap-0
11/17/2025,9,30,47,09:30:47,312,Tahap-0
11/17/2025,9,30,47,09:30:47,259,Tahap-0
11/17/2025,9,30,47,09:30:47,154,Tahap-0
11/17/2025,9,30,47,09:30:47,211,Tahap-0
11/17/2025,9,30,48,09:30:48,326,Tahap-0
11/17/2025,9,30,48,09:30:48,160,Tahap-0
11/17/2025,9,30,48,09:30:48,121,Tahap-0
11/17/2025,9,30,48,09:30:48,206,Tahap-0
11/17/2025,9,30,48,09:30:48,194,Tahap-0
11/17/2025,9,30,48,09:30:48,65,Tahap-0
11/17/2025,9,30,48,09:30:48,349,Tahap-0
11/17/2025,9,30,48,09:30:48,160,Tahap-0
11/17/2025,9,30,49,09:30:49,69,Tahap-0
11/17/2025,9,30,49,09:30:49,158,Tahap-0
11/17/2025,9,30,49,09:30:49,145,Tahap-0
11/17/2025,9,30,49,09:30:49,189,Tahap-0
11/17/2025,9,30,49,09:30:49,82,Tahap-0
11/17/2025,9,30,49,09:30:49,66,Tahap-0
11/17/2025,9,30,49,09:30:49,268,Tahap-0
11/17/2025,9,30,49,09:30:49,199,Tahap-0
11/17/2025,9,30,49,09:30:49,138,Tahap-0
11/17/2025,9,30,49,09:30:49,58,Tahap-0
11/17/2025,9,30,49,09:30:49,91,Tahap-0
11/17/2025,9,30,49,09:30:49,215,Tahap-0
11/17/2025,9,30,50,09:30:50,88,Tahap-0
11/17/2025,9,30,50,09:30:50,72,Tahap-0
11/17/2025,9,30,50,09:30:50,245,Tahap-0
11/17/2025,9,30,50,09:30:50,270,Tahap-0
11/17/2025,9,30,50,09:30:50,876,Tahap-0
11/17/2025,9,30,50,09:30:50,346,Tahap-0
11/17/2025,9,30,50,09:30:50,93,Tahap-0
11/17/2025,9,30,50,09:30:50,171,Tahap-0
11/17/2025,9,30,50,09:30:50,132,Tahap-0
11/17/2025,9,30,50,09:30:50,155,Tahap-0
11/17/2025,9,30,51,09:30:51,95,Tahap-0
11/17/2025,9,30,51,09:30:51,72,Tahap-0
11/17/2025,9,30,51,09:30:51,81,Tahap-0
11/17/2025,9,30,51,09:30:51,708,Tahap-0
11/17/2025,9,30,51,09:30:51,141,Tahap-0
11/17/2025,9,30,51,09:30:51,73,Tahap-0
11/17/2025,9,30,51,09:30:51,42,Tahap-0
11/17/2025,9,30,51,09:30:51,131,Tahap-0
11/17/2025,9,30,51,09:30:51,159,Tahap-0
11/17/2025,9,30,51,09:30:51,279,Tahap-0
11/17/2025,9,30,52,09:30:52,60,Tahap-0
11/17/2025,9,30,52,09:30:52,12,Tahap-0
11/17/2025,9,30,52,09:30:52,43,Tahap-0
11/17/2025,9,30,52,09:30:52,166,Tahap-0
11/17/2025,9,30,52,09:30:52,97,Tahap-0
11/17/2025,9,30,52,09:30:52,133,Tahap-0
11/17/2025,9,30,52,09:30:52,30,Tahap-0
11/17/2025,9,30,52,09:30:52,65,Tahap-0
11/17/2025,9,30,52,09:30:52,163,Tahap-0
11/17/2025,9,30,52,09:30:52,58,Tahap-0
11/17/2025,9,30,53,09:30:53,155,Tahap-0
11/17/2025,9,30,53,09:30:53,98,Tahap-0
11/17/2025,9,30,53,09:30:53,30,Tahap-0
11/17/2025,9,30,53,09:30:53,117,Tahap-0
11/17/2025,9,30,53,09:30:53,159,Tahap-0
11/17/2025,9,30,53,09:30:53,123,Tahap-0
11/17/2025,9,30,53,09:30:53,25,Tahap-0
11/17/2025,9,30,53,09:30:53,116,Tahap-0
11/17/2025,9,30,53,09:30:53,975,Tahap-0
11/17/2025,9,30,53,09:30:53,258,Tahap-0
11/17/2025,9,30,54,09:30:54,67,Tahap-0
11/17/2025,9,30,54,09:30:54,85,Tahap-0
11/17/2025,9,30,54,09:30:54,251,Tahap-0
11/17/2025,9,30,54,09:30:54,229,Tahap-0
11/17/2025,9,30,54,09:30:54,39,Tahap-0
11/17/2025,9,30,54,09:30:54,247,Tahap-0
11/17/2025,9,30,54,09:30:54,220,Tahap-0
11/17/2025,9,30,54,09:30:54,200,Tahap-0
11/17/2025,9,30,54,09:30:54,99,Tahap-0
11/17/2025,9,30,54,09:30:54,181,Tahap-0
11/17/2025,9,30,55,09:30:55,211,Tahap-0
11/17/2025,9,30,55,09:30:55,144,Tahap-0
11/17/2025,9,30,55,09:30:55,58,Tahap-0
11/17/2025,9,30,55,09:30:55,15,Tahap-0
11/17/2025,9,30,55,09:30:55,238,Tahap-0
11/17/2025,9,30,55,09:30:55,59,Tahap-0
11/17/2025,9,30,55,09:30:55,160,Tahap-0
11/17/2025,9,30,55,09:30:55,70,Tahap-0
11/17/2025,9,30,55,09:30:55,45,Tahap-0
11/17/2025,9,30,55,09:30:55,83,Tahap-0
11/17/2025,9,30,56,09:30:56,205,Tahap-0
11/17/2025,9,30,56,09:30:56,148,Tahap-0
11/17/2025,9,30,56,09:30:56,116,Tahap-0
11/17/2025,9,30,56,09:30:56,1533,Tahap-0
11/17/2025,9,30,56,09:30:56,239,Tahap-0
11/17/2025,9,30,56,09:30:56,297,Tahap-0
11/17/2025,9,30,56,09:30:56,127,Tahap-0
11/17/2025,9,30,56,09:30:56,66,Tahap-0
11/17/2025,9,30,56,09:30:56,207,Tahap-0
11/17/2025,9,30,56,09:30:56,149,Tahap-0
11/17/2025,9,30,57,09:30:57,269,Tahap-0
11/17/2025,9,30,57,09:30:57,67,Tahap-0
11/17/2025,9,30,57,09:30:57,89,Tahap-0
11/17/2025,9,30,57,09:30:57,82,Tahap-0
11/17/2025,9,30,57,09:30:57,36,Tahap-0
11/17/2025,9,30,57,09:30:57,195,Tahap-0
11/17/2025,9,30,57,09:30:57,109,Tahap-0
11/17/2025,9,30,57,09:30:57,248,Tahap-0
11/17/2025,9,30,57,09:30:57,293,Tahap-0
11/17/2025,9,30,57,09:30:57,232,Tahap-0
11/17/2025,9,30,58,09:30:58,287,Tahap-0
11/17/2025,9,30,58,09:30:58,598,Tahap-0
11/17/2025,9,30,58,09:30:58,529,Tahap-0
11/17/2025,9,30,58,09:30:58,805,Tahap-0
11/17/2025,9,30,58,09:30:58,633,Tahap-0
11/17/2025,9,30,58,09:30:58,107,Tahap-0
11/17/2025,9,30,58,09:30:58,698,Tahap-0
11/17/2025,9,30,58,09:30:58,3112,Tahap-0
11/17/2025,9,30,58,09:30:58,2013,Tahap-0
11/17/2025,9,30,58,09:30:58,568,Tahap-0
11/17/2025,9,30,59,09:30:59,634,Tahap-0
11/17/2025,9,30,59,09:30:59,112,Tahap-0
11/17/2025,9,30,59,09:30:59,-32,Tahap-0
11/17/2025,9,30,59,09:30:59,58,Tahap-0
11/17/2025,9,30,59,09:30:59,-36,Tahap-0
11/17/2025,9,30,59,09:30:59,12,Tahap-0
11/17/2025,9,30,59,09:30:59,36,Tahap-0
11/17/2025,9,30,59,09:30:59,-2,Tahap-0
11/17/2025,9,30,59,09:30:59,8,Tahap-0
11/17/2025,9,31,1,09:31:01,16,Tahap-0
11/17/2025,9,31,1,09:31:01,-38,Tahap-0
11/17/2025,9,31,1,09:31:01,114,Tahap-0
11/17/2025,9,31,1,09:31:01,-112,Tahap-0
11/17/2025,9,31,1,09:31:01,78,Tahap-0
11/17/2025,9,31,1,09:31:01,-36,Tahap-0
11/17/2025,9,31,1,09:31:01,88,Tahap-0
11/17/2025,9,31,1,09:31:01,-36,Tahap-0
11/17/2025,9,31,1,09:31:01,76,Tahap-0
11/17/2025,9,31,1,09:31:01,-2,Tahap-0
11/17/2025,9,31,2,09:31:02,46,Tahap-0
11/17/2025,9,31,2,09:31:02,-44,Tahap-0
11/17/2025,9,31,2,09:31:02,140,Tahap-0
11/17/2025,9,31,2,09:31:02,-26,Tahap-0
11/17/2025,9,31,2,09:31:02,100,Tahap-0
11/17/2025,9,31,2,09:31:02,-18,Tahap-0
11/17/2025,9,31,2,09:31:02,60,Tahap-0
11/17/2025,9,31,2,09:31:02,40,Tahap-0
11/17/2025,9,31,2,09:31:02,104,Tahap-0
11/17/2025,9,31,2,09:31:02,34,Tahap-0
11/17/2025,9,31,3,09:31:03,94,Tahap-0
11/17/2025,9,31,3,09:31:03,114,Tahap-0
11/17/2025,9,31,3,09:31:03,54,Tahap-0
11/17/2025,9,31,3,09:31:03,88,Tahap-0
11/17/2025,9,31,3,09:31:03,128,Tahap-0
11/17/2025,9,31,3,09:31:03,86,Tahap-0
11/17/2025,9,31,3,09:31:03,128,Tahap-0
11/17/2025,9,31,3,09:31:03,72,Tahap-0
11/17/2025,9,31,3,09:31:03,142,Tahap-0
11/17/2025,9,31,4,09:31:04,114,Tahap-0
11/17/2025,9,31,4,09:31:04,108,Tahap-0
11/17/2025,9,31,4,09:31:04,84,Tahap-0
11/17/2025,9,31,4,09:31:04,194,Tahap-0
11/17/2025,9,31,4,09:31:04,-6,Tahap-0
11/17/2025,9,31,4,09:31:04,172,Tahap-0
11/17/2025,9,31,4,09:31:04,60,Tahap-0
11/17/2025,9,31,4,09:31:04,188,Tahap-0
11/17/2025,9,31,4,09:31:04,78,Tahap-0
11/17/2025,9,31,4,09:31:04,202,Tahap-0
11/17/2025,9,31,5,09:31:05,94,Tahap-0
11/17/2025,9,31,5,09:31:05,174,Tahap-0
11/17/2025,9,31,5,09:31:05,106,Tahap-0
11/17/2025,9,31,5,09:31:05,276,Tahap-0
11/17/2025,9,31,5,09:31:05,110,Tahap-0
11/17/2025,9,31,5,09:31:05,228,Tahap-0
11/17/2025,9,31,5,09:31:05,88,Tahap-0
11/17/2025,9,31,5,09:31:05,214,Tahap-0
11/17/2025,9,31,5,09:31:05,182,Tahap-0
11/17/2025,9,31,5,09:31:05,230,Tahap-0
11/17/2025,9,31,6,09:31:06,182,Tahap-0
11/17/2025,9,31,6,09:31:06,216,Tahap-0
11/17/2025,9,31,6,09:31:06,106,Tahap-0
11/17/2025,9,31,6,09:31:06,252,Tahap-0
11/17/2025,9,31,6,09:31:06,154,Tahap-0
11/17/2025,9,31,6,09:31:06,192,Tahap-0
11/17/2025,9,31,6,09:31:06,186,Tahap-0
11/17/2025,9,31,6,09:31:06,186,Tahap-0
11/17/2025,9,31,6,09:31:06,220,Tahap-0
11/17/2025,9,31,6,09:31:06,174,Tahap-0
11/17/2025,9,31,7,09:31:07,236,Tahap-0
11/17/2025,9,31,7,09:31:07,206,Tahap-0
11/17/2025,9,31,7,09:31:07,194,Tahap-0
11/17/2025,9,31,7,09:31:07,224,Tahap-0
11/17/2025,9,31,7,09:31:07,230,Tahap-0
11/17/2025,9,31,7,09:31:07,128,Tahap-0
11/17/2025,9,31,7,09:31:07,246,Tahap-0
11/17/2025,9,31,7,09:31:07,150,Tahap-0
11/17/2025,9,31,7,09:31:07,302,Tahap-0
11/17/2025,9,31,7,09:31:07,168,Tahap-0
11/17/2025,9,31,8,09:31:08,264,Tahap-0
11/17/2025,9,31,8,09:31:08,134,Tahap-0
11/17/2025,9,31,8,09:31:08,208,Tahap-0
11/17/2025,9,31,8,09:31:08,168,Tahap-0
11/17/2025,9,31,8,09:31:08,308,Tahap-0
11/17/2025,9,31,8,09:31:08,82,Tahap-0
11/17/2025,9,31,8,09:31:08,304,Tahap-0
11/17/2025,9,31,8,09:31:08,70,Tahap-0
11/17/2025,9,31,8,09:31:08,244,Tahap-0
11/17/2025,9,31,8,09:31:08,132,Tahap-0
11/17/2025,9,31,9,09:31:09,282,Tahap-0
11/17/2025,9,31,9,09:31:09,120,Tahap-0
11/17/2025,9,31,9,09:31:09,202,Tahap-0
11/17/2025,9,31,9,09:31:09,78,Tahap-0
11/17/2025,9,31,9,09:31:09,212,Tahap-0
11/17/2025,9,31,9,09:31:09,76,Tahap-0
11/17/2025,9,31,9,09:31:09,188,Tahap-0
11/17/2025,9,31,9,09:31:09,104,Tahap-0
11/17/2025,9,31,9,09:31:09,118,Tahap-0
11/17/2025,9,31,9,09:31:09,120,Tahap-0
11/17/2025,9,31,10,09:31:10,86,Tahap-0
11/17/2025,9,31,10,09:31:10,130,Tahap-0
11/17/2025,9,31,10,09:31:10,124,Tahap-0
11/17/2025,9,31,10,09:31:10,94,Tahap-0
11/17/2025,9,31,10,09:31:10,130,Tahap-0
11/17/2025,9,31,10,09:31:10,112,Tahap-0
11/17/2025,9,31,10,09:31:10,50,Tahap-0
11/17/2025,9,31,10,09:31:10,130,Tahap-0
11/17/2025,9,31,10,09:31:10,46,Tahap-0
11/17/2025,9,31,10,09:31:10,158,Tahap-0
11/17/2025,9,31,11,09:31:11,46,Tahap-0
11/17/2025,9,31,11,09:31:11,138,Tahap-0
11/17/2025,9,31,11,09:31:11,-2,Tahap-0
11/17/2025,9,31,11,09:31:11,56,Tahap-0
11/17/2025,9,31,11,09:31:11,58,Tahap-0
11/17/2025,9,31,11,09:31:11,148,Tahap-0
11/17/2025,9,31,11,09:31:11,-32,Tahap-0
11/17/2025,9,31,11,09:31:11,150,Tahap-0
11/17/2025,9,31,11,09:31:11,-108,Tahap-0
11/17/2025,9,31,11,09:31:11,100,Tahap-0
11/17/2025,9,31,36,09:31:36,9682,Tahap-0
11/17/2025,9,31,36,09:31:36,1866,Tahap-0
11/17/2025,9,31,36,09:31:36,702,Tahap-0
11/17/2025,9,31,36,09:31:36,718,Tahap-0
11/17/2025,9,31,36,09:31:36,460,Tahap-0
11/17/2025,9,31,36,09:31:36,417,Tahap-0
11/17/2025,9,31,36,09:31:36,246,Tahap-0
11/17/2025,9,31,37,09:31:37,386,Tahap-0
11/17/2025,9,31,37,09:31:37,237,Tahap-0
11/17/2025,9,31,37,09:31:37,207,Tahap-0
11/17/2025,9,31,37,09:31:37,210,Tahap-0
11/17/2025,9,31,37,09:31:37,285,Tahap-0
11/17/2025,9,31,37,09:31:37,220,Tahap-0
11/17/2025,9,31,37,09:31:37,272,Tahap-0
11/17/2025,9,31,37,09:31:37,183,Tahap-0
11/17/2025,9,31,37,09:31:37,232,Tahap-0
11/17/2025,9,31,37,09:31:37,248,Tahap-0
11/17/2025,9,31,38,09:31:38,147,Tahap-0
11/17/2025,9,31,38,09:31:38,278,Tahap-0
11/17/2025,9,31,38,09:31:38,150,Tahap-0
11/17/2025,9,31,38,09:31:38,103,Tahap-0
11/17/2025,9,31,38,09:31:38,80,Tahap-0
11/17/2025,9,31,38,09:31:38,122,Tahap-0
11/17/2025,9,31,38,09:31:38,234,Tahap-0
11/17/2025,9,31,38,09:31:38,292,Tahap-0
11/17/2025,9,31,38,09:31:38,170,Tahap-0
11/17/2025,9,31,38,09:31:38,187,Tahap-0
11/17/2025,9,31,39,09:31:39,49,Tahap-0
11/17/2025,9,31,39,09:31:39,68,Tahap-0
11/17/2025,9,31,39,09:31:39,186,Tahap-0
11/17/2025,9,31,39,09:31:39,149,Tahap-0
11/17/2025,9,31,39,09:31:39,188,Tahap-0
11/17/2025,9,31,39,09:31:39,151,Tahap-0
11/17/2025,9,31,39,09:31:39,20,Tahap-0
11/17/2025,9,31,39,09:31:39,91,Tahap-0
11/17/2025,9,31,39,09:31:39,67,Tahap-0
11/17/2025,9,31,39,09:31:39,160,Tahap-0
11/17/2025,9,31,40,09:31:40,132,Tahap-0
11/17/2025,9,31,40,09:31:40,167,Tahap-0
11/17/2025,9,31,40,09:31:40,128,Tahap-0
11/17/2025,9,31,40,09:31:40,814,Tahap-0
11/17/2025,9,31,40,09:31:40,497,Tahap-0
11/17/2025,9,31,40,09:31:40,298,Tahap-0
11/17/2025,9,31,40,09:31:40,220,Tahap-0
11/17/2025,9,31,40,09:31:40,123,Tahap-0
11/17/2025,9,31,40,09:31:40,101,Tahap-0
11/17/2025,9,31,40,09:31:40,82,Tahap-0
11/17/2025,9,31,41,09:31:41,152,Tahap-0
11/17/2025,9,31,41,09:31:41,373,Tahap-0
11/17/2025,9,31,41,09:31:41,385,Tahap-0
11/17/2025,9,31,41,09:31:41,217,Tahap-0
11/17/2025,9,31,41,09:31:41,170,Tahap-0
11/17/2025,9,31,41,09:31:41,327,Tahap-0
11/17/2025,9,31,41,09:31:41,131,Tahap-0
11/17/2025,9,31,41,09:31:41,208,Tahap-0
11/17/2025,9,31,41,09:31:41,127,Tahap-0
11/17/2025,9,31,41,09:31:41,239,Tahap-0
11/17/2025,9,31,42,09:31:42,165,Tahap-0
11/17/2025,9,31,42,09:31:42,63,Tahap-0
11/17/2025,9,31,42,09:31:42,105,Tahap-0
11/17/2025,9,31,42,09:31:42,86,Tahap-0
11/17/2025,9,31,42,09:31:42,128,Tahap-0
11/17/2025,9,31,42,09:31:42,72,Tahap-0
11/17/2025,9,31,42,09:31:42,123,Tahap-0
11/17/2025,9,31,42,09:31:42,285,Tahap-0
11/17/2025,9,31,42,09:31:42,230,Tahap-0
11/17/2025,9,31,42,09:31:42,169,Tahap-0
11/17/2025,9,31,43,09:31:43,129,Tahap-0
11/17/2025,9,31,43,09:31:43,157,Tahap-0
11/17/2025,9,31,43,09:31:43,168,Tahap-0
11/17/2025,9,31,43,09:31:43,69,Tahap-0
11/17/2025,9,31,43,09:31:43,5,Tahap-0
11/17/2025,9,31,43,09:31:43,236,Tahap-0
11/17/2025,9,31,43,09:31:43,768,Tahap-0
11/17/2025,9,31,43,09:31:43,156,Tahap-0
11/17/2025,9,31,43,09:31:43,505,Tahap-0
11/17/2025,9,31,43,09:31:43,129,Tahap-0
11/17/2025,9,31,44,09:31:44,538,Tahap-0
11/17/2025,9,31,44,09:31:44,65,Tahap-0
11/17/2025,9,31,44,09:31:44,185,Tahap-0
11/17/2025,9,31,44,09:31:44,334,Tahap-0
11/17/2025,9,31,44,09:31:44,112,Tahap-0
11/17/2025,9,31,44,09:31:44,484,Tahap-0
11/17/2025,9,31,44,09:31:44,83,Tahap-0
11/17/2025,9,31,44,09:31:44,224,Tahap-0
11/17/2025,9,31,44,09:31:44,76,Tahap-0
11/17/2025,9,31,44,09:31:44,191,Tahap-0
11/17/2025,9,31,45,09:31:45,86,Tahap-0
11/17/2025,9,31,45,09:31:45,207,Tahap-0
11/17/2025,9,31,45,09:31:45,55,Tahap-0
11/17/2025,9,31,45,09:31:45,54,Tahap-0
11/17/2025,9,31,45,09:31:45,244,Tahap-0
11/17/2025,9,31,45,09:31:45,190,Tahap-0
11/17/2025,9,31,45,09:31:45,350,Tahap-0
11/17/2025,9,31,45,09:31:45,289,Tahap-0
11/17/2025,9,31,45,09:31:45,130,Tahap-0
11/17/2025,9,31,45,09:31:45,222,Tahap-0
11/17/2025,9,31,46,09:31:46,591,Tahap-0
11/17/2025,9,31,46,09:31:46,1066,Tahap-0
11/17/2025,9,31,46,09:31:46,711,Tahap-0
11/17/2025,9,31,46,09:31:46,363,Tahap-0
11/17/2025,9,31,46,09:31:46,47,Tahap-0
11/17/2025,9,31,46,09:31:46,283,Tahap-0
11/17/2025,9,31,46,09:31:46,130,Tahap-0
11/17/2025,9,31,46,09:31:46,262,Tahap-0
11/17/2025,9,31,46,09:31:46,76,Tahap-0
11/17/2025,9,31,46,09:31:46,169,Tahap-0
11/17/2025,9,31,47,09:31:47,65,Tahap-0
11/17/2025,9,31,47,09:31:47,179,Tahap-0
11/17/2025,9,31,47,09:31:47,182,Tahap-0
11/17/2025,9,31,47,09:31:47,140,Tahap-0
11/17/2025,9,31,47,09:31:47,172,Tahap-0
11/17/2025,9,31,47,09:31:47,139,Tahap-0
11/17/2025,9,31,47,09:31:47,56,Tahap-0
11/17/2025,9,31,47,09:31:47,365,Tahap-0
11/17/2025,9,31,47,09:31:47,133,Tahap-0
11/17/2025,9,31,47,09:31:47,579,Tahap-0
11/17/2025,9,31,48,09:31:48,328,Tahap-0
11/17/2025,9,31,48,09:31:48,572,Tahap-0
11/17/2025,9,31,48,09:31:48,55,Tahap-0
11/17/2025,9,31,48,09:31:48,751,Tahap-0
11/17/2025,9,31,48,09:31:48,400,Tahap-0
11/17/2025,9,31,48,09:31:48,1064,Tahap-0
11/17/2025,9,31,48,09:31:48,3053,Tahap-0
11/17/2025,9,31,48,09:31:48,1088,Tahap-0
11/17/2025,9,31,49,09:31:49,572,Tahap-0
11/17/2025,9,31,49,09:31:49,335,Tahap-0
11/17/2025,9,31,49,09:31:49,102,Tahap-0
11/17/2025,9,31,49,09:31:49,120,Tahap-0
11/17/2025,9,31,49,09:31:49,20,Tahap-0
11/17/2025,9,31,49,09:31:49,152,Tahap-0
11/17/2025,9,31,49,09:31:49,-26,Tahap-0
11/17/2025,9,31,49,09:31:49,172,Tahap-0
11/17/2025,9,31,49,09:31:49,42,Tahap-0
11/17/2025,9,31,49,09:31:49,170,Tahap-0
11/17/2025,9,31,49,09:31:49,40,Tahap-0
11/17/2025,9,31,49,09:31:49,112,Tahap-0
11/17/2025,9,31,50,09:31:50,20,Tahap-0
11/17/2025,9,31,50,09:31:50,162,Tahap-0
11/17/2025,9,31,50,09:31:50,10,Tahap-0
11/17/2025,9,31,50,09:31:50,194,Tahap-0
11/17/2025,9,31,50,09:31:50,46,Tahap-0
11/17/2025,9,31,50,09:31:50,182,Tahap-0
11/17/2025,9,31,50,09:31:50,50,Tahap-0
11/17/2025,9,31,50,09:31:50,148,Tahap-0
11/17/2025,9,31,50,09:31:50,118,Tahap-0
11/17/2025,9,31,50,09:31:50,108,Tahap-0
11/17/2025,9,31,51,09:31:51,114,Tahap-0
11/17/2025,9,31,51,09:31:51,190,Tahap-0
11/17/2025,9,31,51,09:31:51,68,Tahap-0
11/17/2025,9,31,51,09:31:51,116,Tahap-0
11/17/2025,9,31,51,09:31:51,100,Tahap-0
11/17/2025,9,31,51,09:31:51,120,Tahap-0
11/17/2025,9,31,51,09:31:51,142,Tahap-0
11/17/2025,9,31,51,09:31:51,124,Tahap-0
11/17/2025,9,31,51,09:31:51,150,Tahap-0
11/17/2025,9,31,51,09:31:51,66,Tahap-0
11/17/2025,9,31,52,09:31:52,114,Tahap-0
11/17/2025,9,31,52,09:31:52,190,Tahap-0
11/17/2025,9,31,52,09:31:52,174,Tahap-0
11/17/2025,9,31,52,09:31:52,120,Tahap-0
11/17/2025,9,31,52,09:31:52,196,Tahap-0
11/17/2025,9,31,52,09:31:52,62,Tahap-0
11/17/2025,9,31,52,09:31:52,206,Tahap-0
11/17/2025,9,31,52,09:31:52,96,Tahap-0
11/17/2025,9,31,52,09:31:52,216,Tahap-0
11/17/2025,9,31,52,09:31:52,74,Tahap-0
11/17/2025,9,31,53,09:31:53,170,Tahap-0
11/17/2025,9,31,53,09:31:53,130,Tahap-0
11/17/2025,9,31,53,09:31:53,128,Tahap-0
11/17/2025,9,31,53,09:31:53,122,Tahap-0
11/17/2025,9,31,53,09:31:53,190,Tahap-0
11/17/2025,9,31,53,09:31:53,102,Tahap-0
11/17/2025,9,31,53,09:31:53,180,Tahap-0
11/17/2025,9,31,53,09:31:53,100,Tahap-0
11/17/2025,9,31,53,09:31:53,170,Tahap-0
11/17/2025,9,31,53,09:31:53,114,Tahap-0
11/17/2025,9,31,54,09:31:54,126,Tahap-0
11/17/2025,9,31,54,09:31:54,194,Tahap-0
11/17/2025,9,31,54,09:31:54,150,Tahap-0
11/17/2025,9,31,54,09:31:54,102,Tahap-0
11/17/2025,9,31,54,09:31:54,104,Tahap-0
11/17/2025,9,31,54,09:31:54,148,Tahap-0
11/17/2025,9,31,54,09:31:54,118,Tahap-0
11/17/2025,9,31,54,09:31:54,144,Tahap-0
11/17/2025,9,31,54,09:31:54,102,Tahap-0
11/17/2025,9,31,54,09:31:54,202,Tahap-0
11/17/2025,9,31,55,09:31:55,58,Tahap-0
11/17/2025,9,31,55,09:31:55,176,Tahap-0
11/17/2025,9,31,55,09:31:55,122,Tahap-0
11/17/2025,9,31,55,09:31:55,142,Tahap-0
11/17/2025,9,31,55,09:31:55,96,Tahap-0
11/17/2025,9,31,55,09:31:55,136,Tahap-0
11/17/2025,9,31,55,09:31:55,110,Tahap-0
11/17/2025,9,31,55,09:31:55,130,Tahap-0
11/17/2025,9,31,55,09:31:55,102,Tahap-0
11/17/2025,9,31,55,09:31:55,132,Tahap-0
11/17/2025,9,31,56,09:31:56,154,Tahap-0
11/17/2025,9,31,56,09:31:56,114,Tahap-0
11/17/2025,9,31,56,09:31:56,90,Tahap-0
11/17/2025,9,31,56,09:31:56,92,Tahap-0
11/17/2025,9,31,56,09:31:56,128,Tahap-0
11/17/2025,9,31,56,09:31:56,152,Tahap-0
11/17/2025,9,31,56,09:31:56,82,Tahap-0
11/17/2025,9,31,56,09:31:56,146,Tahap-0
11/17/2025,9,31,56,09:31:56,74,Tahap-0
11/17/2025,9,31,56,09:31:56,80,Tahap-0
11/17/2025,9,31,57,09:31:57,140,Tahap-0
11/17/2025,9,31,57,09:31:57,110,Tahap-0
11/17/2025,9,31,57,09:31:57,78,Tahap-0
11/17/2025,9,31,57,09:31:57,122,Tahap-0
11/17/2025,9,31,57,09:31:57,88,Tahap-0
11/17/2025,9,31,57,09:31:57,84,Tahap-0
11/17/2025,9,31,57,09:31:57,106,Tahap-0
11/17/2025,9,31,57,09:31:57,130,Tahap-0
11/17/2025,9,31,57,09:31:57,114,Tahap-0
11/17/2025,9,31,57,09:31:57,40,Tahap-0
11/17/2025,9,31,58,09:31:58,144,Tahap-0
11/17/2025,9,31,58,09:31:58,-6,Tahap-0
11/17/2025,9,31,58,09:31:58,80,Tahap-0
11/17/2025,9,31,58,09:31:58,64,Tahap-0
11/17/2025,9,31,58,09:31:58,142,Tahap-0
11/17/2025,9,31,58,09:31:58,44,Tahap-0
11/17/2025,9,31,58,09:31:58,120,Tahap-0
11/17/2025,9,31,58,09:31:58,52,Tahap-0
11/17/2025,9,31,58,09:31:58,102,Tahap-0
11/17/2025,9,31,58,09:31:58,8,Tahap-0
11/17/2025,9,31,59,09:31:59,170,Tahap-0
11/17/2025,9,31,59,09:31:59,56,Tahap-0
11/17/2025,9,31,59,09:31:59,96,Tahap-0
11/17/2025,9,31,59,09:31:59,12,Tahap-0
11/17/2025,9,31,59,09:31:59,84,Tahap-0
11/17/2025,9,31,59,09:31:59,38,Tahap-0
11/17/2025,9,31,59,09:31:59,104,Tahap-0
11/17/2025,9,31,59,09:31:59,68,Tahap-0
11/17/2025,9,31,59,09:31:59,128,Tahap-0
11/17/2025,9,31,59,09:31:59,-8,Tahap-0
11/17/2025,9,32,1,09:32:01,6,Tahap-0
11/17/2025,9,32,1,09:32:01,132,Tahap-0
11/17/2025,9,32,1,09:32:01,-48,Tahap-0
11/17/2025,9,32,1,09:32:01,112,Tahap-0
11/17/2025,9,32,1,09:32:01,32,Tahap-0
11/17/2025,9,32,1,09:32:01,124,Tahap-0
11/17/2025,9,32,1,09:32:01,34,Tahap-0
11/17/2025,9,32,1,09:32:01,114,Tahap-0
11/17/2025,9,32,1,09:32:01,28,Tahap-0
11/17/2025,9,32,26,09:32:26,3548,Tahap-0
11/17/2025,9,32,26,09:32:26,773,Tahap-0
11/17/2025,9,32,26,09:32:26,1387,Tahap-0
11/17/2025,9,32,26,09:32:26,1905,Tahap-0
11/17/2025,9,32,26,09:32:26,1291,Tahap-0
11/17/2025,9,32,26,09:32:26,578,Tahap-0
11/17/2025,9,32,26,09:32:26,335,Tahap-0
11/17/2025,9,32,26,09:32:26,206,Tahap-0
11/17/2025,9,32,27,09:32:27,567,Tahap-0
11/17/2025,9,32,27,09:32:27,385,Tahap-0
11/17/2025,9,32,27,09:32:27,380,Tahap-0
11/17/2025,9,32,27,09:32:27,187,Tahap-0
11/17/2025,9,32,27,09:32:27,417,Tahap-0
11/17/2025,9,32,27,09:32:27,226,Tahap-0
11/17/2025,9,32,27,09:32:27,202,Tahap-0
11/17/2025,9,32,27,09:32:27,314,Tahap-0
11/17/2025,9,32,27,09:32:27,246,Tahap-0
11/17/2025,9,32,27,09:32:27,188,Tahap-0
11/17/2025,9,32,28,09:32:28,187,Tahap-0
11/17/2025,9,32,28,09:32:28,276,Tahap-0
11/17/2025,9,32,28,09:32:28,190,Tahap-0
11/17/2025,9,32,28,09:32:28,268,Tahap-0
11/17/2025,9,32,28,09:32:28,239,Tahap-0
11/17/2025,9,32,28,09:32:28,293,Tahap-0
11/17/2025,9,32,28,09:32:28,46,Tahap-0
11/17/2025,9,32,28,09:32:28,128,Tahap-0
11/17/2025,9,32,28,09:32:28,224,Tahap-0
11/17/2025,9,32,28,09:32:28,103,Tahap-0
11/17/2025,9,32,29,09:32:29,195,Tahap-0
11/17/2025,9,32,29,09:32:29,208,Tahap-0
11/17/2025,9,32,29,09:32:29,64,Tahap-0
11/17/2025,9,32,29,09:32:29,177,Tahap-0
11/17/2025,9,32,29,09:32:29,85,Tahap-0
11/17/2025,9,32,29,09:32:29,263,Tahap-0
11/17/2025,9,32,29,09:32:29,122,Tahap-0
11/17/2025,9,32,29,09:32:29,161,Tahap-0
11/17/2025,9,32,29,09:32:29,118,Tahap-0
11/17/2025,9,32,29,09:32:29,288,Tahap-0
11/17/2025,9,32,30,09:32:30,209,Tahap-0
11/17/2025,9,32,30,09:32:30,258,Tahap-0
11/17/2025,9,32,30,09:32:30,710,Tahap-0
11/17/2025,9,32,30,09:32:30,445,Tahap-0
11/17/2025,9,32,30,09:32:30,261,Tahap-0
11/17/2025,9,32,30,09:32:30,137,Tahap-0
11/17/2025,9,32,30,09:32:30,59,Tahap-0
11/17/2025,9,32,30,09:32:30,87,Tahap-0
11/17/2025,9,32,30,09:32:30,70,Tahap-0
11/17/2025,9,32,30,09:32:30,169,Tahap-0
11/17/2025,9,32,31,09:32:31,209,Tahap-0
11/17/2025,9,32,31,09:32:31,734,Tahap-0
11/17/2025,9,32,31,09:32:31,305,Tahap-0
11/17/2025,9,32,31,09:32:31,236,Tahap-0
11/17/2025,9,32,31,09:32:31,158,Tahap-0
11/17/2025,9,32,31,09:32:31,149,Tahap-0
11/17/2025,9,32,31,09:32:31,99,Tahap-0
11/17/2025,9,32,31,09:32:31,177,Tahap-0
11/17/2025,9,32,31,09:32:31,117,Tahap-0
11/17/2025,9,32,31,09:32:31,9,Tahap-0
11/17/2025,9,32,32,09:32:32,87,Tahap-0
11/17/2025,9,32,32,09:32:32,55,Tahap-0
11/17/2025,9,32,32,09:32:32,120,Tahap-0
11/17/2025,9,32,32,09:32:32,104,Tahap-0
11/17/2025,9,32,32,09:32:32,95,Tahap-0
11/17/2025,9,32,32,09:32:32,31,Tahap-0
11/17/2025,9,32,32,09:32:32,175,Tahap-0
11/17/2025,9,32,32,09:32:32,76,Tahap-0
11/17/2025,9,32,32,09:32:32,52,Tahap-0
11/17/2025,9,32,32,09:32:32,17,Tahap-0
11/17/2025,9,32,33,09:32:33,122,Tahap-0
11/17/2025,9,32,33,09:32:33,92,Tahap-0
11/17/2025,9,32,33,09:32:33,152,Tahap-0
11/17/2025,9,32,33,09:32:33,30,Tahap-0
11/17/2025,9,32,33,09:32:33,137,Tahap-0
11/17/2025,9,32,33,09:32:33,235,Tahap-0
11/17/2025,9,32,33,09:32:33,833,Tahap-0
11/17/2025,9,32,33,09:32:33,159,Tahap-0
11/17/2025,9,32,33,09:32:33,301,Tahap-0
11/17/2025,9,32,33,09:32:33,156,Tahap-0
11/17/2025,9,32,34,09:32:34,150,Tahap-0
11/17/2025,9,32,34,09:32:34,159,Tahap-0
11/17/2025,9,32,34,09:32:34,184,Tahap-0
11/17/2025,9,32,34,09:32:34,197,Tahap-0
11/17/2025,9,32,34,09:32:34,575,Tahap-0
11/17/2025,9,32,34,09:32:34,154,Tahap-0
11/17/2025,9,32,34,09:32:34,78,Tahap-0
11/17/2025,9,32,34,09:32:34,83,Tahap-0
11/17/2025,9,32,34,09:32:34,74,Tahap-0
11/17/2025,9,32,34,09:32:34,74,Tahap-0
11/17/2025,9,32,35,09:32:35,111,Tahap-0
11/17/2025,9,32,35,09:32:35,123,Tahap-0
11/17/2025,9,32,35,09:32:35,79,Tahap-0
11/17/2025,9,32,35,09:32:35,35,Tahap-0
11/17/2025,9,32,35,09:32:35,96,Tahap-0
11/17/2025,9,32,35,09:32:35,216,Tahap-0
11/17/2025,9,32,35,09:32:35,169,Tahap-0
11/17/2025,9,32,35,09:32:35,144,Tahap-0
11/17/2025,9,32,35,09:32:35,181,Tahap-0
11/17/2025,9,32,35,09:32:35,525,Tahap-0
11/17/2025,9,32,36,09:32:36,894,Tahap-0
11/17/2025,9,32,36,09:32:36,809,Tahap-0
11/17/2025,9,32,36,09:32:36,315,Tahap-0
11/17/2025,9,32,36,09:32:36,312,Tahap-0
11/17/2025,9,32,36,09:32:36,277,Tahap-0
11/17/2025,9,32,36,09:32:36,198,Tahap-0
11/17/2025,9,32,36,09:32:36,187,Tahap-0
11/17/2025,9,32,36,09:32:36,61,Tahap-0
11/17/2025,9,32,36,09:32:36,150,Tahap-0
11/17/2025,9,32,36,09:32:36,215,Tahap-0
11/17/2025,9,32,37,09:32:37,183,Tahap-0
11/17/2025,9,32,37,09:32:37,57,Tahap-0
11/17/2025,9,32,37,09:32:37,121,Tahap-0
11/17/2025,9,32,37,09:32:37,156,Tahap-0
11/17/2025,9,32,37,09:32:37,131,Tahap-0
11/17/2025,9,32,37,09:32:37,105,Tahap-0
11/17/2025,9,32,37,09:32:37,234,Tahap-0
11/17/2025,9,32,37,09:32:37,228,Tahap-0
11/17/2025,9,32,37,09:32:37,157,Tahap-0
11/17/2025,9,32,37,09:32:37,70,Tahap-0
11/17/2025,9,32,38,09:32:38,650,Tahap-0
11/17/2025,9,32,38,09:32:38,580,Tahap-0
11/17/2025,9,32,38,09:32:38,180,Tahap-0
11/17/2025,9,32,38,09:32:38,525,Tahap-0
11/17/2025,9,32,38,09:32:38,505,Tahap-0
11/17/2025,9,32,38,09:32:38,3971,Tahap-0
11/17/2025,9,32,38,09:32:38,1760,Tahap-0
11/17/2025,9,32,38,09:32:38,708,Tahap-0
11/17/2025,9,32,38,09:32:38,379,Tahap-0
11/17/2025,9,32,38,09:32:38,172,Tahap-0
11/17/2025,9,32,39,09:32:39,-208,Tahap-0
11/17/2025,9,32,39,09:32:39,64,Tahap-0
11/17/2025,9,32,39,09:32:39,-92,Tahap-0
11/17/2025,9,32,39,09:32:39,88,Tahap-0
11/17/2025,9,32,39,09:32:39,-124,Tahap-0
11/17/2025,9,32,39,09:32:39,-28,Tahap-0
11/17/2025,9,32,39,09:32:39,-240,Tahap-0
11/17/2025,9,32,39,09:32:39,92,Tahap-0
11/17/2025,9,32,39,09:32:39,-128,Tahap-0
11/17/2025,9,32,39,09:32:39,28,Tahap-0
11/17/2025,9,32,40,09:32:40,-72,Tahap-0
11/17/2025,9,32,40,09:32:40,-44,Tahap-0
11/17/2025,9,32,40,09:32:40,-56,Tahap-0
11/17/2025,9,32,40,09:32:40,-112,Tahap-0
11/17/2025,9,32,40,09:32:40,-20,Tahap-0
11/17/2025,9,32,40,09:32:40,-44,Tahap-0
11/17/2025,9,32,40,09:32:40,-80,Tahap-0
11/17/2025,9,32,40,09:32:40,-12,Tahap-0
11/17/2025,9,32,40,09:32:40,44,Tahap-0
11/17/2025,9,32,40,09:32:40,-224,Tahap-0
11/17/2025,9,32,41,09:32:41,28,Tahap-0
11/17/2025,9,32,41,09:32:41,-184,Tahap-0
11/17/2025,9,32,41,09:32:41,120,Tahap-0
11/17/2025,9,32,41,09:32:41,-200,Tahap-0
11/17/2025,9,32,41,09:32:41,112,Tahap-0
11/17/2025,9,32,41,09:32:41,-200,Tahap-0
11/17/2025,9,32,41,09:32:41,-72,Tahap-0
11/17/2025,9,32,41,09:32:41,-180,Tahap-0
11/17/2025,9,32,41,09:32:41,128,Tahap-0
11/17/2025,9,32,41,09:32:41,-320,Tahap-0
11/17/2025,9,32,42,09:32:42,100,Tahap-0
11/17/2025,9,32,42,09:32:42,-284,Tahap-0
11/17/2025,9,32,42,09:32:42,-4,Tahap-0
11/17/2025,9,32,42,09:32:42,-192,Tahap-0
11/17/2025,9,32,42,09:32:42,96,Tahap-0
11/17/2025,9,32,42,09:32:42,-156,Tahap-0
11/17/2025,9,32,42,09:32:42,-44,Tahap-0
11/17/2025,9,32,42,09:32:42,-224,Tahap-0
11/17/2025,9,32,42,09:32:42,24,Tahap-0
11/17/2025,9,32,42,09:32:42,-244,Tahap-0
11/17/2025,9,32,43,09:32:43,-20,Tahap-0
11/17/2025,9,32,43,09:32:43,-140,Tahap-0
11/17/2025,9,32,43,09:32:43,-72,Tahap-0
11/17/2025,9,32,43,09:32:43,-136,Tahap-0
11/17/2025,9,32,43,09:32:43,-160,Tahap-0
11/17/2025,9,32,43,09:32:43,-84,Tahap-0
11/17/2025,9,32,43,09:32:43,-140,Tahap-0
11/17/2025,9,32,43,09:32:43,-140,Tahap-0
11/17/2025,9,32,43,09:32:43,-68,Tahap-0
11/17/2025,9,32,43,09:32:43,-92,Tahap-0
11/17/2025,9,32,44,09:32:44,-232,Tahap-0
11/17/2025,9,32,44,09:32:44,-80,Tahap-0
11/17/2025,9,32,44,09:32:44,-184,Tahap-0
11/17/2025,9,32,44,09:32:44,48,Tahap-0
11/17/2025,9,32,44,09:32:44,-164,Tahap-0
11/17/2025,9,32,44,09:32:44,8,Tahap-0
11/17/2025,9,32,44,09:32:44,-260,Tahap-0
11/17/2025,9,32,44,09:32:44,-104,Tahap-0
11/17/2025,9,32,44,09:32:44,-128,Tahap-0
11/17/2025,9,32,44,09:32:44,32,Tahap-0
11/17/2025,9,32,45,09:32:45,-288,Tahap-0
11/17/2025,9,32,45,09:32:45,92,Tahap-0
11/17/2025,9,32,45,09:32:45,-376,Tahap-0
11/17/2025,9,32,45,09:32:45,28,Tahap-0
11/17/2025,9,32,45,09:32:45,-212,Tahap-0
11/17/2025,9,32,45,09:32:45,108,Tahap-0
11/17/2025,9,32,45,09:32:45,-212,Tahap-0
11/17/2025,9,32,45,09:32:45,-4,Tahap-0
11/17/2025,9,32,45,09:32:45,-164,Tahap-0
11/17/2025,9,32,45,09:32:45,64,Tahap-0
11/17/2025,9,32,46,09:32:46,-216,Tahap-0
11/17/2025,9,32,46,09:32:46,144,Tahap-0
11/17/2025,9,32,46,09:32:46,-212,Tahap-0
11/17/2025,9,32,46,09:32:46,88,Tahap-0
11/17/2025,9,32,46,09:32:46,-144,Tahap-0
11/17/2025,9,32,46,09:32:46,16,Tahap-0
11/17/2025,9,32,46,09:32:46,-68,Tahap-0
11/17/2025,9,32,46,09:32:46,16,Tahap-0
11/17/2025,9,32,46,09:32:46,-48,Tahap-0
11/17/2025,9,32,46,09:32:46,108,Tahap-0
11/17/2025,9,32,47,09:32:47,-64,Tahap-0
11/17/2025,9,32,47,09:32:47,-44,Tahap-0
11/17/2025,9,32,47,09:32:47,-28,Tahap-0
11/17/2025,9,32,47,09:32:47,84,Tahap-0
11/17/2025,9,32,47,09:32:47,-16,Tahap-0
11/17/2025,9,32,47,09:32:47,104,Tahap-0
11/17/2025,9,32,47,09:32:47,-172,Tahap-0
11/17/2025,9,32,47,09:32:47,-36,Tahap-0
11/17/2025,9,32,47,09:32:47,68,Tahap-0
11/17/2025,9,32,48,09:32:48,80,Tahap-0
11/17/2025,9,32,48,09:32:48,-156,Tahap-0
11/17/2025,9,32,48,09:32:48,96,Tahap-0
11/17/2025,9,32,48,09:32:48,-192,Tahap-0
11/17/2025,9,32,48,09:32:48,84,Tahap-0
11/17/2025,9,32,48,09:32:48,-108,Tahap-0
11/17/2025,9,32,48,09:32:48,144,Tahap-0
11/17/2025,9,32,48,09:32:48,-180,Tahap-0
11/17/2025,9,32,48,09:32:48,-32,Tahap-0
11/17/2025,9,32,49,09:32:49,-208,Tahap-0
11/17/2025,9,32,49,09:32:49,40,Tahap-0
11/17/2025,9,32,49,09:32:49,-256,Tahap-0
11/17/2025,9,32,49,09:32:49,104,Tahap-0
11/17/2025,9,32,49,09:32:49,-284,Tahap-0
11/17/2025,9,32,49,09:32:49,48,Tahap-0
11/17/2025,9,32,49,09:32:49,-212,Tahap-0
11/17/2025,9,32,49,09:32:49,-40,Tahap-0
11/17/2025,9,32,49,09:32:49,-180,Tahap-0
11/17/2025,9,32,49,09:32:49,-60,Tahap-0
11/17/2025,9,32,49,09:32:49,-236,Tahap-0
11/17/2025,9,32,50,09:32:50,-16,Tahap-0
11/17/2025,9,32,50,09:32:50,-272,Tahap-0
11/17/2025,9,32,50,09:32:50,-160,Tahap-0
11/17/2025,9,32,50,09:32:50,-228,Tahap-0
11/17/2025,9,32,50,09:32:50,-148,Tahap-0
11/17/2025,9,32,50,09:32:50,-104,Tahap-0
11/17/2025,9,32,50,09:32:50,-176,Tahap-0
11/17/2025,9,32,50,09:32:50,-164,Tahap-0
11/17/2025,9,32,50,09:32:50,-332,Tahap-0
11/17/2025,9,32,50,09:32:50,-256,Tahap-0
11/17/2025,9,32,51,09:32:51,-124,Tahap-0
11/17/2025,9,32,51,09:32:51,-160,Tahap-0
11/17/2025,9,32,51,09:32:51,-332,Tahap-0
11/17/2025,9,32,51,09:32:51,-136,Tahap-0
11/17/2025,9,32,51,09:32:51,-440,Tahap-0
11/17/2025,9,32,51,09:32:51,-120,Tahap-0
11/17/2025,9,32,51,09:32:51,-376,Tahap-0
11/17/2025,9,32,51,09:32:51,-92,Tahap-0
11/17/2025,9,33,16,09:33:16,1202,Tahap-0
11/17/2025,9,33,16,09:33:16,605,Tahap-0
11/17/2025,9,33,16,09:33:16,749,Tahap-0
11/17/2025,9,33,16,09:33:16,425,Tahap-0
11/17/2025,9,33,16,09:33:16,446,Tahap-0
11/17/2025,9,33,16,09:33:16,220,Tahap-0
11/17/2025,9,33,16,09:33:16,321,Tahap-0
11/17/2025,9,33,16,09:33:16,128,Tahap-0
11/17/2025,9,33,17,09:33:17,325,Tahap-0
11/17/2025,9,33,17,09:33:17,205,Tahap-0
11/17/2025,9,33,17,09:33:17,240,Tahap-0
11/17/2025,9,33,17,09:33:17,61,Tahap-0
11/17/2025,9,33,17,09:33:17,154,Tahap-0
11/17/2025,9,33,17,09:33:17,249,Tahap-0
11/17/2025,9,33,17,09:33:17,181,Tahap-0
11/17/2025,9,33,17,09:33:17,149,Tahap-0
11/17/2025,9,33,17,09:33:17,83,Tahap-0
11/17/2025,9,33,17,09:33:17,158,Tahap-0
11/17/2025,9,33,18,09:33:18,100,Tahap-0
11/17/2025,9,33,18,09:33:18,265,Tahap-0
11/17/2025,9,33,18,09:33:18,188,Tahap-0
11/17/2025,9,33,18,09:33:18,85,Tahap-0
11/17/2025,9,33,18,09:33:18,23,Tahap-0
11/17/2025,9,33,18,09:33:18,91,Tahap-0
11/17/2025,9,33,18,09:33:18,102,Tahap-0
11/17/2025,9,33,18,09:33:18,39,Tahap-0
11/17/2025,9,33,18,09:33:18,90,Tahap-0
11/17/2025,9,33,19,09:33:19,97,Tahap-0
11/17/2025,9,33,19,09:33:19,154,Tahap-0
11/17/2025,9,33,19,09:33:19,248,Tahap-0
11/17/2025,9,33,19,09:33:19,247,Tahap-0
11/17/2025,9,33,19,09:33:19,26,Tahap-0
11/17/2025,9,33,19,09:33:19,143,Tahap-0
11/17/2025,9,33,19,09:33:19,127,Tahap-0
11/17/2025,9,33,19,09:33:19,79,Tahap-0
11/17/2025,9,33,19,09:33:19,148,Tahap-0
11/17/2025,9,33,19,09:33:19,84,Tahap-0
11/17/2025,9,33,19,09:33:19,69,Tahap-0
11/17/2025,9,33,20,09:33:20,168,Tahap-0
11/17/2025,9,33,20,09:33:20,215,Tahap-0
11/17/2025,9,33,20,09:33:20,969,Tahap-0
11/17/2025,9,33,20,09:33:20,511,Tahap-0
11/17/2025,9,33,20,09:33:20,139,Tahap-0
11/17/2025,9,33,20,09:33:20,95,Tahap-0
11/17/2025,9,33,20,09:33:20,43,Tahap-0
11/17/2025,9,33,20,09:33:20,92,Tahap-0
11/17/2025,9,33,20,09:33:20,173,Tahap-0
11/17/2025,9,33,20,09:33:20,153,Tahap-0
11/17/2025,9,33,21,09:33:21,372,Tahap-0
11/17/2025,9,33,21,09:33:21,635,Tahap-0
11/17/2025,9,33,21,09:33:21,188,Tahap-0
11/17/2025,9,33,21,09:33:21,53,Tahap-0
11/17/2025,9,33,21,09:33:21,36,Tahap-0
11/17/2025,9,33,21,09:33:21,44,Tahap-0
11/17/2025,9,33,21,09:33:21,131,Tahap-0
11/17/2025,9,33,21,09:33:21,195,Tahap-0
11/17/2025,9,33,21,09:33:21,99,Tahap-0
11/17/2025,9,33,21,09:33:21,139,Tahap-0
11/17/2025,9,33,21,09:33:21,156,Tahap-0
11/17/2025,9,33,22,09:33:22,151,Tahap-0
11/17/2025,9,33,22,09:33:22,97,Tahap-0
11/17/2025,9,33,22,09:33:22,30,Tahap-0
11/17/2025,9,33,22,09:33:22,22,Tahap-0
11/17/2025,9,33,22,09:33:22,72,Tahap-0
11/17/2025,9,33,22,09:33:22,65,Tahap-0
11/17/2025,9,33,22,09:33:22,158,Tahap-0
11/17/2025,9,33,22,09:33:22,253,Tahap-0
11/17/2025,9,33,22,09:33:22,140,Tahap-0
11/17/2025,9,33,22,09:33:22,93,Tahap-0
11/17/2025,9,33,23,09:33:23,124,Tahap-0
11/17/2025,9,33,23,09:33:23,77,Tahap-0
11/17/2025,9,33,23,09:33:23,227,Tahap-0
11/17/2025,9,33,23,09:33:23,302,Tahap-0
11/17/2025,9,33,23,09:33:23,247,Tahap-0
11/17/2025,9,33,23,09:33:23,845,Tahap-0
11/17/2025,9,33,23,09:33:23,260,Tahap-0
11/17/2025,9,33,23,09:33:23,43,Tahap-0
11/17/2025,9,33,23,09:33:23,336,Tahap-0
11/17/2025,9,33,23,09:33:23,163,Tahap-0
11/17/2025,9,33,24,09:33:24,88,Tahap-0
11/17/2025,9,33,24,09:33:24,167,Tahap-0
11/17/2025,9,33,24,09:33:24,100,Tahap-0
11/17/2025,9,33,24,09:33:24,562,Tahap-0
11/17/2025,9,33,24,09:33:24,137,Tahap-0
11/17/2025,9,33,24,09:33:24,17,Tahap-0
11/17/2025,9,33,24,09:33:24,106,Tahap-0
11/17/2025,9,33,24,09:33:24,7,Tahap-0
11/17/2025,9,33,24,09:33:24,127,Tahap-0
11/17/2025,9,33,24,09:33:24,94,Tahap-0
11/17/2025,9,33,25,09:33:25,60,Tahap-0
11/17/2025,9,33,25,09:33:25,54,Tahap-0
11/17/2025,9,33,25,09:33:25,33,Tahap-0
11/17/2025,9,33,25,09:33:25,36,Tahap-0
11/17/2025,9,33,25,09:33:25,180,Tahap-0
11/17/2025,9,33,25,09:33:25,107,Tahap-0
11/17/2025,9,33,25,09:33:25,185,Tahap-0
11/17/2025,9,33,25,09:33:25,260,Tahap-0
11/17/2025,9,33,25,09:33:25,449,Tahap-0
11/17/2025,9,33,25,09:33:25,1111,Tahap-0
11/17/2025,9,33,26,09:33:26,486,Tahap-0
11/17/2025,9,33,26,09:33:26,9,Tahap-0
11/17/2025,9,33,26,09:33:26,170,Tahap-0
11/17/2025,9,33,26,09:33:26,303,Tahap-0
11/17/2025,9,33,26,09:33:26,64,Tahap-0
11/17/2025,9,33,26,09:33:26,110,Tahap-0
11/17/2025,9,33,26,09:33:26,83,Tahap-0
11/17/2025,9,33,26,09:33:26,258,Tahap-0
11/17/2025,9,33,26,09:33:26,71,Tahap-0
11/17/2025,9,33,26,09:33:26,306,Tahap-0
11/17/2025,9,33,27,09:33:27,147,Tahap-0
11/17/2025,9,33,27,09:33:27,208,Tahap-0
11/17/2025,9,33,27,09:33:27,140,Tahap-0
11/17/2025,9,33,27,09:33:27,208,Tahap-0
11/17/2025,9,33,27,09:33:27,180,Tahap-0
11/17/2025,9,33,27,09:33:27,108,Tahap-0
11/17/2025,9,33,27,09:33:27,282,Tahap-0
11/17/2025,9,33,27,09:33:27,177,Tahap-0
11/17/2025,9,33,27,09:33:27,237,Tahap-0
11/17/2025,9,33,27,09:33:27,173,Tahap-0
11/17/2025,9,33,28,09:33:28,425,Tahap-0
11/17/2025,9,33,28,09:33:28,363,Tahap-0
11/17/2025,9,33,28,09:33:28,595,Tahap-0
11/17/2025,9,33,28,09:33:28,621,Tahap-0
11/17/2025,9,33,28,09:33:28,3040,Tahap-0
11/17/2025,9,33,28,09:33:28,376,Tahap-0
11/17/2025,9,33,28,09:33:28,520,Tahap-0
11/17/2025,9,33,28,09:33:28,558,Tahap-0
11/17/2025,9,33,28,09:33:28,-84,Tahap-0
11/17/2025,9,33,28,09:33:28,172,Tahap-0
11/17/2025,9,33,29,09:33:29,-56,Tahap-0
11/17/2025,9,33,29,09:33:29,168,Tahap-0
11/17/2025,9,33,29,09:33:29,-68,Tahap-0
11/17/2025,9,33,29,09:33:29,88,Tahap-0
11/17/2025,9,33,29,09:33:29,-8,Tahap-0
11/17/2025,9,33,29,09:33:29,100,Tahap-0
11/17/2025,9,33,29,09:33:29,128,Tahap-0
11/17/2025,9,33,29,09:33:29,196,Tahap-0
11/17/2025,9,33,29,09:33:29,-68,Tahap-0
11/17/2025,9,33,29,09:33:29,128,Tahap-0
11/17/2025,9,33,30,09:33:30,-20,Tahap-0
11/17/2025,9,33,30,09:33:30,240,Tahap-0
11/17/2025,9,33,30,09:33:30,24,Tahap-0
11/17/2025,9,33,30,09:33:30,160,Tahap-0
11/17/2025,9,33,30,09:33:30,32,Tahap-0
11/17/2025,9,33,30,09:33:30,4,Tahap-0
11/17/2025,9,33,30,09:33:30,112,Tahap-0
11/17/2025,9,33,30,09:33:30,168,Tahap-0
11/17/2025,9,33,30,09:33:30,56,Tahap-0
11/17/2025,9,33,30,09:33:30,136,Tahap-0
11/17/2025,9,33,31,09:33:31,48,Tahap-0
11/17/2025,9,33,31,09:33:31,-28,Tahap-0
11/17/2025,9,33,31,09:33:31,124,Tahap-0
11/17/2025,9,33,31,09:33:31,108,Tahap-0
11/17/2025,9,33,31,09:33:31,156,Tahap-0
11/17/2025,9,33,31,09:33:31,-28,Tahap-0
11/17/2025,9,33,31,09:33:31,132,Tahap-0
11/17/2025,9,33,31,09:33:31,28,Tahap-0
11/17/2025,9,33,31,09:33:31,60,Tahap-0
11/17/2025,9,33,31,09:33:31,24,Tahap-0
11/17/2025,9,33,32,09:33:32,188,Tahap-0
11/17/2025,9,33,32,09:33:32,-52,Tahap-0
11/17/2025,9,33,32,09:33:32,172,Tahap-0
11/17/2025,9,33,32,09:33:32,-40,Tahap-0
11/17/2025,9,33,32,09:33:32,132,Tahap-0
11/17/2025,9,33,32,09:33:32,-72,Tahap-0
11/17/2025,9,33,32,09:33:32,104,Tahap-0
11/17/2025,9,33,32,09:33:32,64,Tahap-0
11/17/2025,9,33,32,09:33:32,116,Tahap-0
11/17/2025,9,33,32,09:33:32,-104,Tahap-0
11/17/2025,9,33,33,09:33:33,72,Tahap-0
11/17/2025,9,33,33,09:33:33,-100,Tahap-0
11/17/2025,9,33,33,09:33:33,172,Tahap-0
11/17/2025,9,33,33,09:33:33,-52,Tahap-0
11/17/2025,9,33,33,09:33:33,136,Tahap-0
11/17/2025,9,33,33,09:33:33,-64,Tahap-0
11/17/2025,9,33,33,09:33:33,-36,Tahap-0
11/17/2025,9,33,33,09:33:33,44,Tahap-0
11/17/2025,9,33,33,09:33:33,124,Tahap-0
11/17/2025,9,33,33,09:33:33,-8,Tahap-0
11/17/2025,9,33,34,09:33:34,88,Tahap-0
11/17/2025,9,33,34,09:33:34,-64,Tahap-0
11/17/2025,9,33,34,09:33:34,16,Tahap-0
11/17/2025,9,33,34,09:33:34,32,Tahap-0
11/17/2025,9,33,34,09:33:34,72,Tahap-0
11/17/2025,9,33,34,09:33:34,48,Tahap-0
11/17/2025,9,33,34,09:33:34,-60,Tahap-0
11/17/2025,9,33,34,09:33:34,84,Tahap-0
11/17/2025,9,33,34,09:33:34,24,Tahap-0
11/17/2025,9,33,34,09:33:34,-40,Tahap-0
11/17/2025,9,33,35,09:33:35,12,Tahap-0
11/17/2025,9,33,35,09:33:35,108,Tahap-0
11/17/2025,9,33,35,09:33:35,-64,Tahap-0
11/17/2025,9,33,35,09:33:35,108,Tahap-0
11/17/2025,9,33,35,09:33:35,-92,Tahap-0
11/17/2025,9,33,35,09:33:35,64,Tahap-0
11/17/2025,9,33,35,09:33:35,-40,Tahap-0
11/17/2025,9,33,35,09:33:35,40,Tahap-0
11/17/2025,9,33,35,09:33:35,12,Tahap-0
11/17/2025,9,33,35,09:33:35,36,Tahap-0
11/17/2025,9,33,36,09:33:36,-128,Tahap-0
11/17/2025,9,33,36,09:33:36,32,Tahap-0
11/17/2025,9,33,36,09:33:36,-112,Tahap-0
11/17/2025,9,33,36,09:33:36,140,Tahap-0
11/17/2025,9,33,36,09:33:36,-88,Tahap-0
11/17/2025,9,33,36,09:33:36,44,Tahap-0
11/17/2025,9,33,36,09:33:36,-128,Tahap-0
11/17/2025,9,33,36,09:33:36,-116,Tahap-0
11/17/2025,9,33,36,09:33:36,-20,Tahap-0
11/17/2025,9,33,36,09:33:36,68,Tahap-0
11/17/2025,9,33,37,09:33:37,-112,Tahap-0
11/17/2025,9,33,37,09:33:37,48,Tahap-0
11/17/2025,9,33,37,09:33:37,-104,Tahap-0
11/17/2025,9,33,37,09:33:37,-4,Tahap-0
11/17/2025,9,33,37,09:33:37,4,Tahap-0
11/17/2025,9,33,37,09:33:37,12,Tahap-0
11/17/2025,9,33,37,09:33:37,-36,Tahap-0
11/17/2025,9,33,37,09:33:37,-52,Tahap-0
11/17/2025,9,33,37,09:33:37,60,Tahap-0
11/17/2025,9,33,37,09:33:37,-36,Tahap-0
11/17/2025,9,33,38,09:33:38,-28,Tahap-0
11/17/2025,9,33,38,09:33:38,-56,Tahap-0
11/17/2025,9,33,38,09:33:38,12,Tahap-0
11/17/2025,9,33,38,09:33:38,-88,Tahap-0
11/17/2025,9,33,38,09:33:38,84,Tahap-0
11/17/2025,9,33,38,09:33:38,-136,Tahap-0
11/17/2025,9,33,38,09:33:38,84,Tahap-0
11/17/2025,9,33,38,09:33:38,-172,Tahap-0
11/17/2025,9,33,38,09:33:38,84,Tahap-0
11/17/2025,9,33,38,09:33:38,32,Tahap-0
11/17/2025,9,33,39,09:33:39,20,Tahap-0
11/17/2025,9,33,39,09:33:39,-136,Tahap-0
11/17/2025,9,33,39,09:33:39,-36,Tahap-0
11/17/2025,9,33,39,09:33:39,-68,Tahap-0
11/17/2025,9,33,39,09:33:39,80,Tahap-0
11/17/2025,9,33,39,09:33:39,-88,Tahap-0
11/17/2025,9,33,39,09:33:39,144,Tahap-0
11/17/2025,9,33,39,09:33:39,-168,Tahap-0
11/17/2025,9,33,39,09:33:39,104,Tahap-0
11/17/2025,9,33,39,09:33:39,-80,Tahap-0
11/17/2025,9,33,40,09:33:40,92,Tahap-0
11/17/2025,9,33,40,09:33:40,-176,Tahap-0
11/17/2025,9,33,40,09:33:40,228,Tahap-0
11/17/2025,9,33,40,09:33:40,-212,Tahap-0
11/17/2025,9,33,40,09:33:40,88,Tahap-0
11/17/2025,9,33,40,09:33:40,-52,Tahap-0
11/17/2025,9,33,40,09:33:40,140,Tahap-0
11/17/2025,9,33,40,09:33:40,-44,Tahap-0
11/17/2025,9,33,40,09:33:40,96,Tahap-0
11/17/2025,9,33,40,09:33:40,40,Tahap-0
11/17/2025,9,33,41,09:33:41,-16,Tahap-0
11/17/2025,9,33,41,09:33:41,12,Tahap-0
11/17/2025,9,33,41,09:33:41,180,Tahap-0
11/17/2025,9,33,41,09:33:41,36,Tahap-0
11/17/2025,9,33,41,09:33:41,152,Tahap-0
11/17/2025,9,33,41,09:33:41,-80,Tahap-0
11/17/2025,9,34,6,09:34:06,3378,Tahap-0
11/17/2025,9,34,6,09:34:06,1291,Tahap-0
11/17/2025,9,34,6,09:34:06,454,Tahap-0
11/17/2025,9,34,6,09:34:06,871,Tahap-0
11/17/2025,9,34,6,09:34:06,319,Tahap-0
11/17/2025,9,34,6,09:34:06,189,Tahap-0
11/17/2025,9,34,6,09:34:06,373,Tahap-0
11/17/2025,9,34,6,09:34:06,423,Tahap-0
11/17/2025,9,34,6,09:34:06,372,Tahap-0
11/17/2025,9,34,7,09:34:07,132,Tahap-0
11/17/2025,9,34,7,09:34:07,278,Tahap-0
11/17/2025,9,34,7,09:34:07,296,Tahap-0
11/17/2025,9,34,7,09:34:07,135,Tahap-0
11/17/2025,9,34,7,09:34:07,114,Tahap-0
11/17/2025,9,34,7,09:34:07,162,Tahap-0
11/17/2025,9,34,7,09:34:07,132,Tahap-0
11/17/2025,9,34,7,09:34:07,92,Tahap-0
11/17/2025,9,34,7,09:34:07,147,Tahap-0
11/17/2025,9,34,7,09:34:07,182,Tahap-0
11/17/2025,9,34,8,09:34:08,47,Tahap-0
11/17/2025,9,34,8,09:34:08,109,Tahap-0
11/17/2025,9,34,8,09:34:08,175,Tahap-0
11/17/2025,9,34,8,09:34:08,213,Tahap-0
11/17/2025,9,34,8,09:34:08,158,Tahap-0
11/17/2025,9,34,8,09:34:08,128,Tahap-0
11/17/2025,9,34,8,09:34:08,149,Tahap-0
11/17/2025,9,34,8,09:34:08,112,Tahap-0
11/17/2025,9,34,8,09:34:08,57,Tahap-0
11/17/2025,9,34,8,09:34:08,70,Tahap-0
11/17/2025,9,34,9,09:34:09,167,Tahap-0
11/17/2025,9,34,9,09:34:09,37,Tahap-0
11/17/2025,9,34,9,09:34:09,197,Tahap-0
11/17/2025,9,34,9,09:34:09,171,Tahap-0
11/17/2025,9,34,9,09:34:09,148,Tahap-0
11/17/2025,9,34,9,09:34:09,107,Tahap-0
11/17/2025,9,34,9,09:34:09,132,Tahap-0
11/17/2025,9,34,9,09:34:09,176,Tahap-0
11/17/2025,9,34,9,09:34:09,216,Tahap-0
11/17/2025,9,34,9,09:34:09,180,Tahap-0
11/17/2025,9,34,10,09:34:10,250,Tahap-0
11/17/2025,9,34,10,09:34:10,904,Tahap-0
11/17/2025,9,34,10,09:34:10,263,Tahap-0
11/17/2025,9,34,10,09:34:10,16,Tahap-0
11/17/2025,9,34,10,09:34:10,44,Tahap-0
11/17/2025,9,34,10,09:34:10,100,Tahap-0
11/17/2025,9,34,10,09:34:10,121,Tahap-0
11/17/2025,9,34,10,09:34:10,39,Tahap-0
11/17/2025,9,34,10,09:34:10,147,Tahap-0
11/17/2025,9,34,10,09:34:10,299,Tahap-0
11/17/2025,9,34,10,09:34:10,668,Tahap-0
11/17/2025,9,34,11,09:34:11,267,Tahap-0
11/17/2025,9,34,11,09:34:11,159,Tahap-0
11/17/2025,9,34,11,09:34:11,141,Tahap-0
11/17/2025,9,34,11,09:34:11,56,Tahap-0
11/17/2025,9,34,11,09:34:11,148,Tahap-0
11/17/2025,9,34,11,09:34:11,143,Tahap-0
11/17/2025,9,34,11,09:34:11,62,Tahap-0
11/17/2025,9,34,11,09:34:11,51,Tahap-0
11/17/2025,9,34,11,09:34:11,36,Tahap-0
11/17/2025,9,34,11,09:34:11,92,Tahap-0
11/17/2025,9,34,12,09:34:12,80,Tahap-0
11/17/2025,9,34,12,09:34:12,102,Tahap-0
11/17/2025,9,34,12,09:34:12,112,Tahap-0
11/17/2025,9,34,12,09:34:12,55,Tahap-0
11/17/2025,9,34,12,09:34:12,181,Tahap-0
11/17/2025,9,34,12,09:34:12,72,Tahap-0
11/17/2025,9,34,12,09:34:12,82,Tahap-0
11/17/2025,9,34,12,09:34:12,121,Tahap-0
11/17/2025,9,34,12,09:34:12,49,Tahap-0
11/17/2025,9,34,12,09:34:12,126,Tahap-0
11/17/2025,9,34,13,09:34:13,98,Tahap-0
11/17/2025,9,34,13,09:34:13,178,Tahap-0
11/17/2025,9,34,13,09:34:13,198,Tahap-0
11/17/2025,9,34,13,09:34:13,219,Tahap-0
11/17/2025,9,34,13,09:34:13,788,Tahap-0
11/17/2025,9,34,13,09:34:13,151,Tahap-0
11/17/2025,9,34,13,09:34:13,253,Tahap-0
11/17/2025,9,34,13,09:34:13,252,Tahap-0
11/17/2025,9,34,13,09:34:13,134,Tahap-0
11/17/2025,9,34,13,09:34:13,370,Tahap-0
11/17/2025,9,34,14,09:34:14,108,Tahap-0
11/17/2025,9,34,14,09:34:14,117,Tahap-0
11/17/2025,9,34,14,09:34:14,434,Tahap-0
11/17/2025,9,34,14,09:34:14,82,Tahap-0
11/17/2025,9,34,14,09:34:14,76,Tahap-0
11/17/2025,9,34,14,09:34:14,51,Tahap-0
11/17/2025,9,34,14,09:34:14,146,Tahap-0
11/17/2025,9,34,14,09:34:14,196,Tahap-0
11/17/2025,9,34,14,09:34:14,82,Tahap-0
11/17/2025,9,34,14,09:34:14,48,Tahap-0
11/17/2025,9,34,15,09:34:15,166,Tahap-0
11/17/2025,9,34,15,09:34:15,144,Tahap-0
11/17/2025,9,34,15,09:34:15,138,Tahap-0
11/17/2025,9,34,15,09:34:15,315,Tahap-0
11/17/2025,9,34,15,09:34:15,169,Tahap-0
11/17/2025,9,34,15,09:34:15,30,Tahap-0
11/17/2025,9,34,15,09:34:15,258,Tahap-0
11/17/2025,9,34,15,09:34:15,569,Tahap-0
11/17/2025,9,34,15,09:34:15,716,Tahap-0
11/17/2025,9,34,15,09:34:15,789,Tahap-0
11/17/2025,9,34,16,09:34:16,290,Tahap-0
11/17/2025,9,34,16,09:34:16,230,Tahap-0
11/17/2025,9,34,16,09:34:16,280,Tahap-0
11/17/2025,9,34,16,09:34:16,51,Tahap-0
11/17/2025,9,34,16,09:34:16,33,Tahap-0
11/17/2025,9,34,16,09:34:16,43,Tahap-0
11/17/2025,9,34,16,09:34:16,111,Tahap-0
11/17/2025,9,34,16,09:34:16,224,Tahap-0
11/17/2025,9,34,16,09:34:16,191,Tahap-0
11/17/2025,9,34,16,09:34:16,55,Tahap-0
11/17/2025,9,34,17,09:34:17,116,Tahap-0
11/17/2025,9,34,17,09:34:17,45,Tahap-0
11/17/2025,9,34,17,09:34:17,9,Tahap-0
11/17/2025,9,34,17,09:34:17,140,Tahap-0
11/17/2025,9,34,17,09:34:17,244,Tahap-0
11/17/2025,9,34,17,09:34:17,25,Tahap-0
11/17/2025,9,34,17,09:34:17,153,Tahap-0
11/17/2025,9,34,17,09:34:17,60,Tahap-0
11/17/2025,9,34,17,09:34:17,306,Tahap-0
11/17/2025,9,34,17,09:34:17,613,Tahap-0
11/17/2025,9,34,18,09:34:18,165,Tahap-0
11/17/2025,9,34,18,09:34:18,442,Tahap-0
11/17/2025,9,34,18,09:34:18,242,Tahap-0
11/17/2025,9,34,18,09:34:18,3509,Tahap-0
11/17/2025,9,34,18,09:34:18,656,Tahap-0
11/17/2025,9,34,18,09:34:18,198,Tahap-0
11/17/2025,9,34,18,09:34:18,300,Tahap-0
11/17/2025,9,34,18,09:34:18,148,Tahap-0
11/17/2025,9,34,19,09:34:19,-148,Tahap-0
11/17/2025,9,34,19,09:34:19,76,Tahap-0
11/17/2025,9,34,19,09:34:19,-76,Tahap-0
11/17/2025,9,34,19,09:34:19,128,Tahap-0
11/17/2025,9,34,19,09:34:19,-72,Tahap-0
11/17/2025,9,34,19,09:34:19,48,Tahap-0
11/17/2025,9,34,19,09:34:19,-136,Tahap-0
11/17/2025,9,34,19,09:34:19,84,Tahap-0
11/17/2025,9,34,19,09:34:19,-48,Tahap-0
11/17/2025,9,34,19,09:34:19,44,Tahap-0
11/17/2025,9,34,19,09:34:19,-4,Tahap-0
11/17/2025,9,34,19,09:34:19,36,Tahap-0
11/17/2025,9,34,20,09:34:20,-40,Tahap-0
11/17/2025,9,34,20,09:34:20,-32,Tahap-0
11/17/2025,9,34,20,09:34:20,40,Tahap-0
11/17/2025,9,34,20,09:34:20,12,Tahap-0
11/17/2025,9,34,20,09:34:20,-48,Tahap-0
11/17/2025,9,34,20,09:34:20,56,Tahap-0
11/17/2025,9,34,20,09:34:20,40,Tahap-0
11/17/2025,9,34,20,09:34:20,-112,Tahap-0
11/17/2025,9,34,20,09:34:20,36,Tahap-0
11/17/2025,9,34,20,09:34:20,-56,Tahap-0
11/17/2025,9,34,21,09:34:21,112,Tahap-0
11/17/2025,9,34,21,09:34:21,-52,Tahap-0
11/17/2025,9,34,21,09:34:21,108,Tahap-0
11/17/2025,9,34,21,09:34:21,-92,Tahap-0
11/17/2025,9,34,21,09:34:21,-20,Tahap-0
11/17/2025,9,34,21,09:34:21,-4,Tahap-0
11/17/2025,9,34,21,09:34:21,152,Tahap-0
11/17/2025,9,34,21,09:34:21,-168,Tahap-0
11/17/2025,9,34,21,09:34:21,144,Tahap-0
11/17/2025,9,34,21,09:34:21,-268,Tahap-0
11/17/2025,9,34,22,09:34:22,108,Tahap-0
11/17/2025,9,34,22,09:34:22,-112,Tahap-0
11/17/2025,9,34,22,09:34:22,224,Tahap-0
11/17/2025,9,34,22,09:34:22,-156,Tahap-0
11/17/2025,9,34,22,09:34:22,40,Tahap-0
11/17/2025,9,34,22,09:34:22,-204,Tahap-0
11/17/2025,9,34,22,09:34:22,156,Tahap-0
11/17/2025,9,34,22,09:34:22,-256,Tahap-0
11/17/2025,9,34,22,09:34:22,148,Tahap-0
11/17/2025,9,34,22,09:34:22,-160,Tahap-0
11/17/2025,9,34,23,09:34:23,-100,Tahap-0
11/17/2025,9,34,23,09:34:23,-4,Tahap-0
11/17/2025,9,34,23,09:34:23,-24,Tahap-0
11/17/2025,9,34,23,09:34:23,-48,Tahap-0
11/17/2025,9,34,23,09:34:23,-72,Tahap-0
11/17/2025,9,34,23,09:34:23,4,Tahap-0
11/17/2025,9,34,23,09:34:23,-68,Tahap-0
11/17/2025,9,34,23,09:34:23,-152,Tahap-0
11/17/2025,9,34,23,09:34:23,-56,Tahap-0
11/17/2025,9,34,24,09:34:24,-160,Tahap-0
11/17/2025,9,34,24,09:34:24,44,Tahap-0
11/17/2025,9,34,24,09:34:24,-164,Tahap-0
11/17/2025,9,34,24,09:34:24,20,Tahap-0
11/17/2025,9,34,24,09:34:24,-224,Tahap-0
11/17/2025,9,34,24,09:34:24,-108,Tahap-0
11/17/2025,9,34,24,09:34:24,-96,Tahap-0
11/17/2025,9,34,24,09:34:24,24,Tahap-0
11/17/2025,9,34,24,09:34:24,-176,Tahap-0
11/17/2025,9,34,24,09:34:24,40,Tahap-0
11/17/2025,9,34,25,09:34:25,-284,Tahap-0
11/17/2025,9,34,25,09:34:25,36,Tahap-0
11/17/2025,9,34,25,09:34:25,-164,Tahap-0
11/17/2025,9,34,25,09:34:25,100,Tahap-0
11/17/2025,9,34,25,09:34:25,-140,Tahap-0
11/17/2025,9,34,25,09:34:25,-96,Tahap-0
11/17/2025,9,34,25,09:34:25,-176,Tahap-0
11/17/2025,9,34,25,09:34:25,8,Tahap-0
11/17/2025,9,34,25,09:34:25,-180,Tahap-0
11/17/2025,9,34,25,09:34:25,-4,Tahap-0
11/17/2025,9,34,26,09:34:26,-172,Tahap-0
11/17/2025,9,34,26,09:34:26,-44,Tahap-0
11/17/2025,9,34,26,09:34:26,-176,Tahap-0
11/17/2025,9,34,26,09:34:26,-96,Tahap-0
11/17/2025,9,34,26,09:34:26,-108,Tahap-0
11/17/2025,9,34,26,09:34:26,-172,Tahap-0
11/17/2025,9,34,26,09:34:26,-120,Tahap-0
11/17/2025,9,34,26,09:34:26,-20,Tahap-0
11/17/2025,9,34,26,09:34:26,-164,Tahap-0
11/17/2025,9,34,26,09:34:26,-180,Tahap-0
11/17/2025,9,34,27,09:34:27,-72,Tahap-0
11/17/2025,9,34,27,09:34:27,-148,Tahap-0
11/17/2025,9,34,27,09:34:27,-40,Tahap-0
11/17/2025,9,34,27,09:34:27,-104,Tahap-0
11/17/2025,9,34,27,09:34:27,-8,Tahap-0
11/17/2025,9,34,27,09:34:27,-256,Tahap-0
11/17/2025,9,34,27,09:34:27,-116,Tahap-0
11/17/2025,9,34,27,09:34:27,-140,Tahap-0
11/17/2025,9,34,27,09:34:27,-44,Tahap-0
11/17/2025,9,34,27,09:34:27,-244,Tahap-0
11/17/2025,9,34,28,09:34:28,8,Tahap-0
11/17/2025,9,34,28,09:34:28,-332,Tahap-0
11/17/2025,9,34,28,09:34:28,-8,Tahap-0
11/17/2025,9,34,28,09:34:28,-192,Tahap-0
11/17/2025,9,34,28,09:34:28,16,Tahap-0
11/17/2025,9,34,28,09:34:28,-252,Tahap-0
11/17/2025,9,34,28,09:34:28,-52,Tahap-0
11/17/2025,9,34,28,09:34:28,-176,Tahap-0
11/17/2025,9,34,28,09:34:28,-92,Tahap-0
11/17/2025,9,34,28,09:34:28,-216,Tahap-0
11/17/2025,9,34,29,09:34:29,16,Tahap-0
11/17/2025,9,34,29,09:34:29,-220,Tahap-0
11/17/2025,9,34,29,09:34:29,-40,Tahap-0
11/17/2025,9,34,29,09:34:29,-152,Tahap-0
11/17/2025,9,34,29,09:34:29,-124,Tahap-0
11/17/2025,9,34,29,09:34:29,-176,Tahap-0
11/17/2025,9,34,29,09:34:29,-132,Tahap-0
11/17/2025,9,34,29,09:34:29,-124,Tahap-0
11/17/2025,9,34,29,09:34:29,-84,Tahap-0
11/17/2025,9,34,29,09:34:29,-152,Tahap-0
11/17/2025,9,34,30,09:34:30,-196,Tahap-0
11/17/2025,9,34,30,09:34:30,-180,Tahap-0
11/17/2025,9,34,30,09:34:30,-136,Tahap-0
11/17/2025,9,34,30,09:34:30,-16,Tahap-0
11/17/2025,9,34,30,09:34:30,-184,Tahap-0
11/17/2025,9,34,30,09:34:30,-68,Tahap-0
11/17/2025,9,34,30,09:34:30,-348,Tahap-0
11/17/2025,9,34,30,09:34:30,-112,Tahap-0
11/17/2025,9,34,30,09:34:30,-76,Tahap-0
11/17/2025,9,34,30,09:34:30,-64,Tahap-0
11/17/2025,9,34,31,09:34:31,-216,Tahap-0
11/17/2025,9,34,31,09:34:31,24,Tahap-0
11/17/2025,9,34,31,09:34:31,-276,Tahap-0
11/17/2025,9,34,31,09:34:31,16,Tahap-0
11/17/2025,9,34,31,09:34:31,-192,Tahap-0
11/17/2025,9,34,31,09:34:31,80,Tahap-0
11/17/2025,9,34,56,09:34:56,950,Tahap-0
11/17/2025,9,34,56,09:34:56,875,Tahap-0
11/17/2025,9,34,56,09:34:56,675,Tahap-0
11/17/2025,9,34,56,09:34:56,434,Tahap-0
11/17/2025,9,34,56,09:34:56,213,Tahap-0
11/17/2025,9,34,56,09:34:56,210,Tahap-0
11/17/2025,9,34,56,09:34:56,130,Tahap-0
11/17/2025,9,34,56,09:34:56,102,Tahap-0
11/17/2025,9,34,56,09:34:56,127,Tahap-0
11/17/2025,9,34,56,09:34:56,266,Tahap-0
11/17/2025,9,34,57,09:34:57,48,Tahap-0
11/17/2025,9,34,57,09:34:57,88,Tahap-0
11/17/2025,9,34,57,09:34:57,86,Tahap-0
11/17/2025,9,34,57,09:34:57,105,Tahap-0
11/17/2025,9,34,57,09:34:57,105,Tahap-0
11/17/2025,9,34,57,09:34:57,259,Tahap-0
11/17/2025,9,34,57,09:34:57,157,Tahap-0
11/17/2025,9,34,57,09:34:57,151,Tahap-0
11/17/2025,9,34,57,09:34:57,151,Tahap-0
11/17/2025,9,34,57,09:34:57,173,Tahap-0
11/17/2025,9,34,58,09:34:58,254,Tahap-0
11/17/2025,9,34,58,09:34:58,149,Tahap-0
11/17/2025,9,34,58,09:34:58,96,Tahap-0
11/17/2025,9,34,58,09:34:58,19,Tahap-0
11/17/2025,9,34,58,09:34:58,50,Tahap-0
11/17/2025,9,34,58,09:34:58,20,Tahap-0
11/17/2025,9,34,58,09:34:58,41,Tahap-0
11/17/2025,9,34,58,09:34:58,97,Tahap-0
11/17/2025,9,34,58,09:34:58,42,Tahap-0
11/17/2025,9,34,58,09:34:58,24,Tahap-0
11/17/2025,9,34,59,09:34:59,92,Tahap-0
11/17/2025,9,34,59,09:34:59,218,Tahap-0
11/17/2025,9,34,59,09:34:59,38,Tahap-0
11/17/2025,9,34,59,09:34:59,115,Tahap-0
11/17/2025,9,34,59,09:34:59,59,Tahap-0
11/17/2025,9,34,59,09:34:59,223,Tahap-0
11/17/2025,9,34,59,09:34:59,193,Tahap-0
11/17/2025,9,34,59,09:34:59,80,Tahap-0
11/17/2025,9,34,59,09:34:59,132,Tahap-0
11/17/2025,9,34,59,09:34:59,243,Tahap-0
11/17/2025,9,35,1,09:35:01,185,Tahap-0
11/17/2025,9,35,1,09:35:01,112,Tahap-0
11/17/2025,9,35,1,09:35:01,112,Tahap-0
11/17/2025,9,35,1,09:35:01,120,Tahap-0
11/17/2025,9,35,1,09:35:01,42,Tahap-0
11/17/2025,9,35,1,09:35:01,43,Tahap-0
11/17/2025,9,35,1,09:35:01,148,Tahap-0
11/17/2025,9,35,1,09:35:01,52,Tahap-0
11/17/2025,9,35,1,09:35:01,97,Tahap-0
11/17/2025,9,35,1,09:35:01,106,Tahap-0
11/17/2025,9,35,2,09:35:02,76,Tahap-0
11/17/2025,9,35,2,09:35:02,39,Tahap-0
11/17/2025,9,35,2,09:35:02,15,Tahap-0
11/17/2025,9,35,2,09:35:02,35,Tahap-0
11/17/2025,9,35,2,09:35:02,201,Tahap-0
11/17/2025,9,35,2,09:35:02,300,Tahap-0
11/17/2025,9,35,2,09:35:02,70,Tahap-0
11/17/2025,9,35,2,09:35:02,192,Tahap-0
11/17/2025,9,35,2,09:35:02,44,Tahap-0
11/17/2025,9,35,2,09:35:02,93,Tahap-0
11/17/2025,9,35,3,09:35:03,206,Tahap-0
11/17/2025,9,35,3,09:35:03,50,Tahap-0
11/17/2025,9,35,3,09:35:03,216,Tahap-0
11/17/2025,9,35,3,09:35:03,467,Tahap-0
11/17/2025,9,35,3,09:35:03,497,Tahap-0
11/17/2025,9,35,3,09:35:03,350,Tahap-0
11/17/2025,9,35,3,09:35:03,471,Tahap-0
11/17/2025,9,35,3,09:35:03,391,Tahap-0
11/17/2025,9,35,3,09:35:03,115,Tahap-0
11/17/2025,9,35,3,09:35:03,372,Tahap-0
11/17/2025,9,35,4,09:35:04,394,Tahap-0
11/17/2025,9,35,4,09:35:04,396,Tahap-0
11/17/2025,9,35,4,09:35:04,259,Tahap-0
11/17/2025,9,35,4,09:35:04,146,Tahap-0
11/17/2025,9,35,4,09:35:04,135,Tahap-0
11/17/2025,9,35,4,09:35:04,55,Tahap-0
11/17/2025,9,35,4,09:35:04,221,Tahap-0
11/17/2025,9,35,4,09:35:04,68,Tahap-0
11/17/2025,9,35,4,09:35:04,163,Tahap-0
11/17/2025,9,35,4,09:35:04,213,Tahap-0
11/17/2025,9,35,5,09:35:05,60,Tahap-0
11/17/2025,9,35,5,09:35:05,179,Tahap-0
11/17/2025,9,35,5,09:35:05,55,Tahap-0
11/17/2025,9,35,5,09:35:05,68,Tahap-0
11/17/2025,9,35,5,09:35:05,147,Tahap-0
11/17/2025,9,35,5,09:35:05,136,Tahap-0
11/17/2025,9,35,5,09:35:05,260,Tahap-0
11/17/2025,9,35,5,09:35:05,400,Tahap-0
11/17/2025,9,35,5,09:35:05,569,Tahap-0
11/17/2025,9,35,5,09:35:05,799,Tahap-0
11/17/2025,9,35,6,09:35:06,40,Tahap-0
11/17/2025,9,35,6,09:35:06,222,Tahap-0
11/17/2025,9,35,6,09:35:06,168,Tahap-0
11/17/2025,9,35,6,09:35:06,213,Tahap-0
11/17/2025,9,35,6,09:35:06,229,Tahap-0
11/17/2025,9,35,6,09:35:06,66,Tahap-0
11/17/2025,9,35,6,09:35:06,205,Tahap-0
11/17/2025,9,35,6,09:35:06,208,Tahap-0
11/17/2025,9,35,6,09:35:06,152,Tahap-0
11/17/2025,9,35,6,09:35:06,74,Tahap-0
11/17/2025,9,35,7,09:35:07,194,Tahap-0
11/17/2025,9,35,7,09:35:07,137,Tahap-0
11/17/2025,9,35,7,09:35:07,29,Tahap-0
11/17/2025,9,35,7,09:35:07,69,Tahap-0
11/17/2025,9,35,7,09:35:07,158,Tahap-0
11/17/2025,9,35,7,09:35:07,285,Tahap-0
11/17/2025,9,35,7,09:35:07,285,Tahap-0
11/17/2025,9,35,7,09:35:07,379,Tahap-0
11/17/2025,9,35,7,09:35:07,514,Tahap-0
11/17/2025,9,35,7,09:35:07,476,Tahap-0
11/17/2025,9,35,7,09:35:07,455,Tahap-0
11/17/2025,9,35,8,09:35:08,334,Tahap-0
11/17/2025,9,35,8,09:35:08,1573,Tahap-0
11/17/2025,9,35,8,09:35:08,1426,Tahap-0
11/17/2025,9,35,8,09:35:08,1054,Tahap-0
11/17/2025,9,35,8,09:35:08,260,Tahap-0
11/17/2025,9,35,8,09:35:08,549,Tahap-0
11/17/2025,9,35,8,09:35:08,-72,Tahap-0
11/17/2025,9,35,8,09:35:08,-40,Tahap-0
11/17/2025,9,35,8,09:35:08,144,Tahap-0
11/17/2025,9,35,8,09:35:08,24,Tahap-0
11/17/2025,9,35,9,09:35:09,-96,Tahap-0
11/17/2025,9,35,9,09:35:09,-152,Tahap-0
11/17/2025,9,35,9,09:35:09,-64,Tahap-0
11/17/2025,9,35,9,09:35:09,-16,Tahap-0
11/17/2025,9,35,9,09:35:09,104,Tahap-0
11/17/2025,9,35,9,09:35:09,-112,Tahap-0
11/17/2025,9,35,9,09:35:09,-24,Tahap-0
11/17/2025,9,35,9,09:35:09,-312,Tahap-0
11/17/2025,9,35,9,09:35:09,64,Tahap-0
11/17/2025,9,35,9,09:35:09,56,Tahap-0
11/17/2025,9,35,10,09:35:10,24,Tahap-0
11/17/2025,9,35,10,09:35:10,64,Tahap-0
11/17/2025,9,35,10,09:35:10,-48,Tahap-0
11/17/2025,9,35,10,09:35:10,-240,Tahap-0
11/17/2025,9,35,10,09:35:10,56,Tahap-0
11/17/2025,9,35,10,09:35:10,-64,Tahap-0
11/17/2025,9,35,10,09:35:10,224,Tahap-0
11/17/2025,9,35,10,09:35:10,-232,Tahap-0
11/17/2025,9,35,10,09:35:10,72,Tahap-0
11/17/2025,9,35,10,09:35:10,8,Tahap-0
11/17/2025,9,35,11,09:35:11,-176,Tahap-0
11/17/2025,9,35,11,09:35:11,-40,Tahap-0
11/17/2025,9,35,11,09:35:11,168,Tahap-0
11/17/2025,9,35,11,09:35:11,-104,Tahap-0
11/17/2025,9,35,11,09:35:11,-40,Tahap-0
11/17/2025,9,35,11,09:35:11,-80,Tahap-0
11/17/2025,9,35,11,09:35:11,-48,Tahap-0
11/17/2025,9,35,11,09:35:11,-72,Tahap-0
11/17/2025,9,35,12,09:35:12,88,Tahap-0
11/17/2025,9,35,12,09:35:12,80,Tahap-0
11/17/2025,9,35,12,09:35:12,-16,Tahap-0
11/17/2025,9,35,12,09:35:12,-160,Tahap-0
11/17/2025,9,35,12,09:35:12,112,Tahap-0
11/17/2025,9,35,12,09:35:12,16,Tahap-0
11/17/2025,9,35,12,09:35:12,192,Tahap-0
11/17/2025,9,35,12,09:35:12,-128,Tahap-0
11/17/2025,9,35,12,09:35:12,136,Tahap-0
11/17/2025,9,35,12,09:35:12,-392,Tahap-0
11/17/2025,9,35,12,09:35:12,224,Tahap-0
11/17/2025,9,35,13,09:35:13,-32,Tahap-0
11/17/2025,9,35,13,09:35:13,72,Tahap-0
11/17/2025,9,35,13,09:35:13,-48,Tahap-0
11/17/2025,9,35,13,09:35:13,48,Tahap-0
11/17/2025,9,35,13,09:35:13,-184,Tahap-0
11/17/2025,9,35,13,09:35:13,104,Tahap-0
11/17/2025,9,35,13,09:35:13,-16,Tahap-0
11/17/2025,9,35,13,09:35:13,96,Tahap-0
11/17/2025,9,35,13,09:35:13,-208,Tahap-0
11/17/2025,9,35,13,09:35:13,88,Tahap-0
11/17/2025,9,35,14,09:35:14,32,Tahap-0
11/17/2025,9,35,14,09:35:14,-224,Tahap-0
11/17/2025,9,35,14,09:35:14,-80,Tahap-0
11/17/2025,9,35,14,09:35:14,-48,Tahap-0
11/17/2025,9,35,14,09:35:14,-80,Tahap-0
11/17/2025,9,35,14,09:35:14,-32,Tahap-0
11/17/2025,9,35,14,09:35:14,-88,Tahap-0
11/17/2025,9,35,14,09:35:14,-56,Tahap-0
11/17/2025,9,35,14,09:35:14,-80,Tahap-0
11/17/2025,9,35,15,09:35:15,256,Tahap-0
11/17/2025,9,35,15,09:35:15,-112,Tahap-0
11/17/2025,9,35,15,09:35:15,-184,Tahap-0
11/17/2025,9,35,15,09:35:15,-56,Tahap-0
11/17/2025,9,35,15,09:35:15,16,Tahap-0
11/17/2025,9,35,15,09:35:15,176,Tahap-0
11/17/2025,9,35,15,09:35:15,-120,Tahap-0
11/17/2025,9,35,15,09:35:15,32,Tahap-0
11/17/2025,9,35,15,09:35:15,-352,Tahap-0
11/17/2025,9,35,16,09:35:16,128,Tahap-0
11/17/2025,9,35,16,09:35:16,-184,Tahap-0
11/17/2025,9,35,16,09:35:16,176,Tahap-0
11/17/2025,9,35,16,09:35:16,-72,Tahap-0
11/17/2025,9,35,16,09:35:16,32,Tahap-0
11/17/2025,9,35,16,09:35:16,-176,Tahap-0
11/17/2025,9,35,16,09:35:16,16,Tahap-0
11/17/2025,9,35,16,09:35:16,-112,Tahap-0
11/17/2025,9,35,16,09:35:16,120,Tahap-0
11/17/2025,9,35,16,09:35:16,-320,Tahap-0
11/17/2025,9,35,17,09:35:17,192,Tahap-0
11/17/2025,9,35,17,09:35:17,-144,Tahap-0
11/17/2025,9,35,17,09:35:17,-168,Tahap-0
11/17/2025,9,35,17,09:35:17,-40,Tahap-0
11/17/2025,9,35,17,09:35:17,-8,Tahap-0
11/17/2025,9,35,17,09:35:17,64,Tahap-0
11/17/2025,9,35,17,09:35:17,8,Tahap-0
11/17/2025,9,35,17,09:35:17,88,Tahap-0
11/17/2025,9,35,17,09:35:17,-144,Tahap-0
11/17/2025,9,35,17,09:35:17,-48,Tahap-0
11/17/2025,9,35,18,09:35:18,-16,Tahap-0
11/17/2025,9,35,18,09:35:18,280,Tahap-0
11/17/2025,9,35,18,09:35:18,-168,Tahap-0
11/17/2025,9,35,18,09:35:18,152,Tahap-0
11/17/2025,9,35,18,09:35:18,-336,Tahap-0
11/17/2025,9,35,18,09:35:18,168,Tahap-0
11/17/2025,9,35,18,09:35:18,-112,Tahap-0
11/17/2025,9,35,18,09:35:18,328,Tahap-0
11/17/2025,9,35,19,09:35:19,-128,Tahap-0
11/17/2025,9,35,19,09:35:19,80,Tahap-0
11/17/2025,9,35,19,09:35:19,-360,Tahap-0
11/17/2025,9,35,19,09:35:19,384,Tahap-0
11/17/2025,9,35,19,09:35:19,-312,Tahap-0
11/17/2025,9,35,19,09:35:19,264,Tahap-0
11/17/2025,9,35,19,09:35:19,-240,Tahap-0
11/17/2025,9,35,19,09:35:19,240,Tahap-0
11/17/2025,9,35,19,09:35:19,-240,Tahap-0
11/17/2025,9,35,19,09:35:19,248,Tahap-0
11/17/2025,9,35,19,09:35:19,240,Tahap-0
11/17/2025,9,35,20,09:35:20,-224,Tahap-0
11/17/2025,9,35,20,09:35:20,312,Tahap-0
11/17/2025,9,35,20,09:35:20,-16,Tahap-0
11/17/2025,9,35,20,09:35:20,-96,Tahap-0
11/17/2025,9,35,20,09:35:20,-40,Tahap-0
11/17/2025,9,35,20,09:35:20,88,Tahap-0
11/17/2025,9,35,20,09:35:20,-16,Tahap-0
11/17/2025,9,35,20,09:35:20,80,Tahap-0
11/17/2025,9,35,20,09:35:20,-128,Tahap-0
11/17/2025,9,35,21,09:35:21,-40,Tahap-0
11/17/2025,9,35,21,09:35:21,152,Tahap-0
11/17/2025,9,35,21,09:35:21,296,Tahap-0
11/17/2025,9,35,21,09:35:21,-168,Tahap-0
11/17/2025,9,35,21,09:35:21,256,Tahap-0
11/17/2025,9,35,45,09:35:45,7613,Tahap-0
11/17/2025,9,35,46,09:35:46,1577,Tahap-0
11/17/2025,9,35,46,09:35:46,949,Tahap-0
11/17/2025,9,35,46,09:35:46,1082,Tahap-0
11/17/2025,9,35,46,09:35:46,593,Tahap-0
11/17/2025,9,35,46,09:35:46,475,Tahap-0
11/17/2025,9,35,46,09:35:46,286,Tahap-0
11/17/2025,9,35,46,09:35:46,659,Tahap-0
11/17/2025,9,35,46,09:35:46,405,Tahap-0
11/17/2025,9,35,46,09:35:46,459,Tahap-0
11/17/2025,9,35,46,09:35:46,203,Tahap-0
11/17/2025,9,35,47,09:35:47,384,Tahap-0
11/17/2025,9,35,47,09:35:47,258,Tahap-0
11/17/2025,9,35,47,09:35:47,238,Tahap-0
11/17/2025,9,35,47,09:35:47,235,Tahap-0
11/17/2025,9,35,47,09:35:47,293,Tahap-0
11/17/2025,9,35,47,09:35:47,235,Tahap-0
11/17/2025,9,35,47,09:35:47,168,Tahap-0
11/17/2025,9,35,47,09:35:47,178,Tahap-0
11/17/2025,9,35,47,09:35:47,179,Tahap-0
11/17/2025,9,35,47,09:35:47,220,Tahap-0
11/17/2025,9,35,48,09:35:48,53,Tahap-0
11/17/2025,9,35,48,09:35:48,169,Tahap-0
11/17/2025,9,35,48,09:35:48,248,Tahap-0
11/17/2025,9,35,48,09:35:48,72,Tahap-0
11/17/2025,9,35,48,09:35:48,161,Tahap-0
11/17/2025,9,35,48,09:35:48,56,Tahap-0
11/17/2025,9,35,48,09:35:48,210,Tahap-0
11/17/2025,9,35,48,09:35:48,256,Tahap-0
11/17/2025,9,35,48,09:35:48,84,Tahap-0
11/17/2025,9,35,49,09:35:49,287,Tahap-0
11/17/2025,9,35,49,09:35:49,226,Tahap-0
11/17/2025,9,35,49,09:35:49,94,Tahap-0
11/17/2025,9,35,49,09:35:49,145,Tahap-0
11/17/2025,9,35,49,09:35:49,112,Tahap-0
11/17/2025,9,35,49,09:35:49,211,Tahap-0
11/17/2025,9,35,49,09:35:49,199,Tahap-0
11/17/2025,9,35,49,09:35:49,79,Tahap-0
11/17/2025,9,35,49,09:35:49,62,Tahap-0
11/17/2025,9,35,49,09:35:49,241,Tahap-0
11/17/2025,9,35,49,09:35:49,775,Tahap-0
11/17/2025,9,35,50,09:35:50,509,Tahap-0
11/17/2025,9,35,50,09:35:50,243,Tahap-0
11/17/2025,9,35,50,09:35:50,178,Tahap-0
11/17/2025,9,35,50,09:35:50,240,Tahap-0
11/17/2025,9,35,50,09:35:50,224,Tahap-0
11/17/2025,9,35,50,09:35:50,133,Tahap-0
11/17/2025,9,35,50,09:35:50,201,Tahap-0
11/17/2025,9,35,50,09:35:50,459,Tahap-0
11/17/2025,9,35,50,09:35:50,344,Tahap-0
11/17/2025,9,35,50,09:35:50,335,Tahap-0
11/17/2025,9,35,51,09:35:51,196,Tahap-0
11/17/2025,9,35,51,09:35:51,78,Tahap-0
11/17/2025,9,35,51,09:35:51,313,Tahap-0
11/17/2025,9,35,51,09:35:51,174,Tahap-0
11/17/2025,9,35,51,09:35:51,187,Tahap-0
11/17/2025,9,35,51,09:35:51,282,Tahap-0
11/17/2025,9,35,51,09:35:51,160,Tahap-0
11/17/2025,9,35,51,09:35:51,63,Tahap-0
11/17/2025,9,35,51,09:35:51,219,Tahap-0
11/17/2025,9,35,51,09:35:51,186,Tahap-0
11/17/2025,9,35,52,09:35:52,99,Tahap-0
11/17/2025,9,35,52,09:35:52,18,Tahap-0
11/17/2025,9,35,52,09:35:52,89,Tahap-0
11/17/2025,9,35,52,09:35:52,160,Tahap-0
11/17/2025,9,35,52,09:35:52,176,Tahap-0
11/17/2025,9,35,52,09:35:52,84,Tahap-0
11/17/2025,9,35,52,09:35:52,113,Tahap-0
11/17/2025,9,35,52,09:35:52,87,Tahap-0
11/17/2025,9,35,52,09:35:52,251,Tahap-0
11/17/2025,9,35,52,09:35:52,151,Tahap-0
11/17/2025,9,35,53,09:35:53,149,Tahap-0
11/17/2025,9,35,53,09:35:53,252,Tahap-0
11/17/2025,9,35,53,09:35:53,362,Tahap-0
11/17/2025,9,35,53,09:35:53,723,Tahap-0
11/17/2025,9,35,53,09:35:53,49,Tahap-0
11/17/2025,9,35,53,09:35:53,163,Tahap-0
11/17/2025,9,35,53,09:35:53,109,Tahap-0
11/17/2025,9,35,53,09:35:53,273,Tahap-0
11/17/2025,9,35,53,09:35:53,272,Tahap-0
11/17/2025,9,35,53,09:35:53,95,Tahap-0
11/17/2025,9,35,54,09:35:54,107,Tahap-0
11/17/2025,9,35,54,09:35:54,331,Tahap-0
11/17/2025,9,35,54,09:35:54,92,Tahap-0
11/17/2025,9,35,54,09:35:54,63,Tahap-0
11/17/2025,9,35,54,09:35:54,170,Tahap-0
11/17/2025,9,35,54,09:35:54,263,Tahap-0
11/17/2025,9,35,54,09:35:54,310,Tahap-0
11/17/2025,9,35,54,09:35:54,472,Tahap-0
11/17/2025,9,35,54,09:35:54,295,Tahap-0
11/17/2025,9,35,54,09:35:54,217,Tahap-0
11/17/2025,9,35,55,09:35:55,70,Tahap-0
11/17/2025,9,35,55,09:35:55,74,Tahap-0
11/17/2025,9,35,55,09:35:55,210,Tahap-0
11/17/2025,9,35,55,09:35:55,428,Tahap-0
11/17/2025,9,35,55,09:35:55,150,Tahap-0
11/17/2025,9,35,55,09:35:55,377,Tahap-0
11/17/2025,9,35,55,09:35:55,188,Tahap-0
11/17/2025,9,35,55,09:35:55,446,Tahap-0
11/17/2025,9,35,55,09:35:55,940,Tahap-0
11/17/2025,9,35,55,09:35:55,30,Tahap-0
11/17/2025,9,35,56,09:35:56,180,Tahap-0
11/17/2025,9,35,56,09:35:56,203,Tahap-0
11/17/2025,9,35,56,09:35:56,267,Tahap-0
11/17/2025,9,35,56,09:35:56,130,Tahap-0
11/17/2025,9,35,56,09:35:56,84,Tahap-0
11/17/2025,9,35,56,09:35:56,134,Tahap-0
11/17/2025,9,35,56,09:35:56,135,Tahap-0
11/17/2025,9,35,56,09:35:56,101,Tahap-0
11/17/2025,9,35,56,09:35:56,259,Tahap-0
11/17/2025,9,35,56,09:35:56,237,Tahap-0
11/17/2025,9,35,57,09:35:57,114,Tahap-0
11/17/2025,9,35,57,09:35:57,170,Tahap-0
11/17/2025,9,35,57,09:35:57,283,Tahap-0
11/17/2025,9,35,57,09:35:57,499,Tahap-0
11/17/2025,9,35,57,09:35:57,745,Tahap-0
11/17/2025,9,35,57,09:35:57,847,Tahap-0
11/17/2025,9,35,57,09:35:57,958,Tahap-0
11/17/2025,9,35,57,09:35:57,1075,Tahap-0
11/17/2025,9,35,57,09:35:57,445,Tahap-0
11/17/2025,9,35,57,09:35:57,1242,Tahap-0
11/17/2025,9,35,58,09:35:58,1370,Tahap-0
11/17/2025,9,35,58,09:35:58,1429,Tahap-0
11/17/2025,9,35,58,09:35:58,3942,Tahap-0
11/17/2025,9,35,58,09:35:58,1127,Tahap-0
11/17/2025,9,35,58,09:35:58,198,Tahap-0
11/17/2025,9,35,58,09:35:58,306,Tahap-0
11/17/2025,9,35,58,09:35:58,-104,Tahap-0
11/17/2025,9,35,58,09:35:58,28,Tahap-0
11/17/2025,9,35,58,09:35:58,20,Tahap-0
11/17/2025,9,35,58,09:35:58,-76,Tahap-0
11/17/2025,9,35,59,09:35:59,112,Tahap-0
11/17/2025,9,35,59,09:35:59,-108,Tahap-0
11/17/2025,9,35,59,09:35:59,128,Tahap-0
11/17/2025,9,35,59,09:35:59,-92,Tahap-0
11/17/2025,9,35,59,09:35:59,132,Tahap-0
11/17/2025,9,35,59,09:35:59,104,Tahap-0
11/17/2025,9,35,59,09:35:59,-28,Tahap-0
11/17/2025,9,35,59,09:35:59,236,Tahap-0
11/17/2025,9,35,59,09:35:59,-152,Tahap-0
11/17/2025,9,36,1,09:36:01,360,Tahap-0
11/17/2025,9,36,1,09:36:01,-24,Tahap-0
11/17/2025,9,36,1,09:36:01,268,Tahap-0
11/17/2025,9,36,1,09:36:01,100,Tahap-0
11/17/2025,9,36,1,09:36:01,364,Tahap-0
11/17/2025,9,36,1,09:36:01,124,Tahap-0
11/17/2025,9,36,1,09:36:01,224,Tahap-0
11/17/2025,9,36,1,09:36:01,88,Tahap-0
11/17/2025,9,36,1,09:36:01,332,Tahap-0
11/17/2025,9,36,1,09:36:01,96,Tahap-0
11/17/2025,9,36,2,09:36:02,276,Tahap-0
11/17/2025,9,36,2,09:36:02,216,Tahap-0
11/17/2025,9,36,2,09:36:02,232,Tahap-0
11/17/2025,9,36,2,09:36:02,252,Tahap-0
11/17/2025,9,36,2,09:36:02,168,Tahap-0
11/17/2025,9,36,2,09:36:02,304,Tahap-0
11/17/2025,9,36,2,09:36:02,204,Tahap-0
11/17/2025,9,36,2,09:36:02,316,Tahap-0
11/17/2025,9,36,2,09:36:02,288,Tahap-0
11/17/2025,9,36,2,09:36:02,296,Tahap-0
11/17/2025,9,36,3,09:36:03,108,Tahap-0
11/17/2025,9,36,3,09:36:03,316,Tahap-0
11/17/2025,9,36,3,09:36:03,180,Tahap-0
11/17/2025,9,36,3,09:36:03,420,Tahap-0
11/17/2025,9,36,3,09:36:03,176,Tahap-0
11/17/2025,9,36,3,09:36:03,420,Tahap-0
11/17/2025,9,36,3,09:36:03,132,Tahap-0
11/17/2025,9,36,3,09:36:03,300,Tahap-0
11/17/2025,9,36,3,09:36:03,236,Tahap-0
11/17/2025,9,36,3,09:36:03,492,Tahap-0
11/17/2025,9,36,3,09:36:03,92,Tahap-0
11/17/2025,9,36,4,09:36:04,464,Tahap-0
11/17/2025,9,36,4,09:36:04,28,Tahap-0
11/17/2025,9,36,4,09:36:04,416,Tahap-0
11/17/2025,9,36,4,09:36:04,160,Tahap-0
11/17/2025,9,36,4,09:36:04,492,Tahap-0
11/17/2025,9,36,4,09:36:04,176,Tahap-0
11/17/2025,9,36,4,09:36:04,344,Tahap-0
11/17/2025,9,36,4,09:36:04,92,Tahap-0
11/17/2025,9,36,4,09:36:04,404,Tahap-0
11/17/2025,9,36,4,09:36:04,124,Tahap-0
11/17/2025,9,36,5,09:36:05,372,Tahap-0
11/17/2025,9,36,5,09:36:05,204,Tahap-0
11/17/2025,9,36,5,09:36:05,264,Tahap-0
11/17/2025,9,36,5,09:36:05,240,Tahap-0
11/17/2025,9,36,5,09:36:05,196,Tahap-0
11/17/2025,9,36,5,09:36:05,284,Tahap-0
11/17/2025,9,36,5,09:36:05,216,Tahap-0
11/17/2025,9,36,5,09:36:05,268,Tahap-0
11/17/2025,9,36,5,09:36:05,252,Tahap-0
11/17/2025,9,36,5,09:36:05,268,Tahap-0
11/17/2025,9,36,6,09:36:06,72,Tahap-0
11/17/2025,9,36,6,09:36:06,332,Tahap-0
11/17/2025,9,36,6,09:36:06,92,Tahap-0
11/17/2025,9,36,6,09:36:06,396,Tahap-0
11/17/2025,9,36,6,09:36:06,120,Tahap-0
11/17/2025,9,36,6,09:36:06,364,Tahap-0
11/17/2025,9,36,6,09:36:06,16,Tahap-0
11/17/2025,9,36,6,09:36:06,244,Tahap-0
11/17/2025,9,36,6,09:36:06,168,Tahap-0
11/17/2025,9,36,6,09:36:06,440,Tahap-0
11/17/2025,9,36,7,09:36:07,64,Tahap-0
11/17/2025,9,36,7,09:36:07,384,Tahap-0
11/17/2025,9,36,7,09:36:07,340,Tahap-0
11/17/2025,9,36,7,09:36:07,80,Tahap-0
11/17/2025,9,36,7,09:36:07,372,Tahap-0
11/17/2025,9,36,7,09:36:07,100,Tahap-0
11/17/2025,9,36,7,09:36:07,244,Tahap-0
11/17/2025,9,36,7,09:36:07,116,Tahap-0
11/17/2025,9,36,7,09:36:07,280,Tahap-0
11/17/2025,9,36,8,09:36:08,48,Tahap-0
11/17/2025,9,36,8,09:36:08,280,Tahap-0
11/17/2025,9,36,8,09:36:08,116,Tahap-0
11/17/2025,9,36,8,09:36:08,252,Tahap-0
11/17/2025,9,36,8,09:36:08,88,Tahap-0
11/17/2025,9,36,8,09:36:08,200,Tahap-0
11/17/2025,9,36,8,09:36:08,148,Tahap-0
11/17/2025,9,36,8,09:36:08,128,Tahap-0
11/17/2025,9,36,8,09:36:08,148,Tahap-0
11/17/2025,9,36,8,09:36:08,260,Tahap-0
11/17/2025,9,36,9,09:36:09,112,Tahap-0
11/17/2025,9,36,9,09:36:09,32,Tahap-0
11/17/2025,9,36,9,09:36:09,148,Tahap-0
11/17/2025,9,36,9,09:36:09,48,Tahap-0
11/17/2025,9,36,9,09:36:09,240,Tahap-0
11/17/2025,9,36,9,09:36:09,16,Tahap-0
11/17/2025,9,36,9,09:36:09,240,Tahap-0
11/17/2025,9,36,9,09:36:09,-76,Tahap-0
11/17/2025,9,36,9,09:36:09,100,Tahap-0
11/17/2025,9,36,9,09:36:09,48,Tahap-0
11/17/2025,9,36,10,09:36:10,188,Tahap-0
11/17/2025,9,36,10,09:36:10,-100,Tahap-0
11/17/2025,9,36,10,09:36:10,212,Tahap-0
11/17/2025,9,36,10,09:36:10,-200,Tahap-0
11/17/2025,9,36,10,09:36:10,192,Tahap-0
11/17/2025,9,36,10,09:36:10,-116,Tahap-0
11/17/2025,9,36,10,09:36:10,228,Tahap-0
11/17/2025,9,36,10,09:36:10,-136,Tahap-0
11/17/2025,9,36,10,09:36:10,128,Tahap-0
11/17/2025,9,36,10,09:36:10,-140,Tahap-0
11/17/2025,9,36,11,09:36:11,172,Tahap-0
11/17/2025,9,36,11,09:36:11,-180,Tahap-0
11/17/2025,9,36,11,09:36:11,204,Tahap-0
11/17/2025,9,36,11,09:36:11,-148,Tahap-0
11/17/2025,9,36,35,09:36:35,8763,Tahap-0
11/17/2025,9,36,35,09:36:35,4557,Tahap-0
11/17/2025,9,36,36,09:36:36,197,Tahap-0
11/17/2025,9,36,36,09:36:36,971,Tahap-0
11/17/2025,9,36,36,09:36:36,349,Tahap-0
11/17/2025,9,36,36,09:36:36,548,Tahap-0
11/17/2025,9,36,36,09:36:36,599,Tahap-0
11/17/2025,9,36,36,09:36:36,843,Tahap-0
11/17/2025,9,36,36,09:36:36,135,Tahap-0
11/17/2025,9,36,36,09:36:36,149,Tahap-0
11/17/2025,9,36,36,09:36:36,254,Tahap-0
11/17/2025,9,36,36,09:36:36,278,Tahap-0
11/17/2025,9,36,37,09:36:37,131,Tahap-0
11/17/2025,9,36,37,09:36:37,163,Tahap-0
11/17/2025,9,36,37,09:36:37,135,Tahap-0
11/17/2025,9,36,37,09:36:37,58,Tahap-0
11/17/2025,9,36,37,09:36:37,109,Tahap-0
11/17/2025,9,36,37,09:36:37,168,Tahap-0
11/17/2025,9,36,37,09:36:37,33,Tahap-0
11/17/2025,9,36,37,09:36:37,87,Tahap-0
11/17/2025,9,36,37,09:36:37,87,Tahap-0
11/17/2025,9,36,37,09:36:37,250,Tahap-0
11/17/2025,9,36,38,09:36:38,68,Tahap-0
11/17/2025,9,36,38,09:36:38,36,Tahap-0
11/17/2025,9,36,38,09:36:38,182,Tahap-0
11/17/2025,9,36,38,09:36:38,126,Tahap-0
11/17/2025,9,36,38,09:36:38,147,Tahap-0
11/17/2025,9,36,38,09:36:38,99,Tahap-0
11/17/2025,9,36,38,09:36:38,13,Tahap-0
11/17/2025,9,36,38,09:36:38,58,Tahap-0
11/17/2025,9,36,38,09:36:38,161,Tahap-0
11/17/2025,9,36,38,09:36:38,100,Tahap-0
11/17/2025,9,36,39,09:36:39,164,Tahap-0
11/17/2025,9,36,39,09:36:39,95,Tahap-0
11/17/2025,9,36,39,09:36:39,55,Tahap-0
11/17/2025,9,36,39,09:36:39,241,Tahap-0
11/17/2025,9,36,39,09:36:39,231,Tahap-0
11/17/2025,9,36,39,09:36:39,44,Tahap-0
11/17/2025,9,36,39,09:36:39,213,Tahap-0
11/17/2025,9,36,39,09:36:39,143,Tahap-0
11/17/2025,9,36,39,09:36:39,882,Tahap-0
11/17/2025,9,36,39,09:36:39,384,Tahap-0
11/17/2025,9,36,40,09:36:40,71,Tahap-0
11/17/2025,9,36,40,09:36:40,100,Tahap-0
11/17/2025,9,36,40,09:36:40,34,Tahap-0
11/17/2025,9,36,40,09:36:40,19,Tahap-0
11/17/2025,9,36,40,09:36:40,27,Tahap-0
11/17/2025,9,36,40,09:36:40,41,Tahap-0
11/17/2025,9,36,40,09:36:40,55,Tahap-0
11/17/2025,9,36,40,09:36:40,927,Tahap-0
11/17/2025,9,36,40,09:36:40,107,Tahap-0
11/17/2025,9,36,40,09:36:40,56,Tahap-0
11/17/2025,9,36,41,09:36:41,31,Tahap-0
11/17/2025,9,36,41,09:36:41,31,Tahap-0
11/17/2025,9,36,41,09:36:41,42,Tahap-0
11/17/2025,9,36,41,09:36:41,120,Tahap-0
11/17/2025,9,36,41,09:36:41,116,Tahap-0
11/17/2025,9,36,41,09:36:41,90,Tahap-0
11/17/2025,9,36,41,09:36:41,7,Tahap-0
11/17/2025,9,36,41,09:36:41,67,Tahap-0
11/17/2025,9,36,41,09:36:41,117,Tahap-0
11/17/2025,9,36,41,09:36:41,65,Tahap-0
11/17/2025,9,36,42,09:36:42,105,Tahap-0
11/17/2025,9,36,42,09:36:42,79,Tahap-0
11/17/2025,9,36,42,09:36:42,41,Tahap-0
11/17/2025,9,36,42,09:36:42,136,Tahap-0
11/17/2025,9,36,42,09:36:42,266,Tahap-0
11/17/2025,9,36,42,09:36:42,91,Tahap-0
11/17/2025,9,36,42,09:36:42,86,Tahap-0
11/17/2025,9,36,42,09:36:42,124,Tahap-0
11/17/2025,9,36,42,09:36:42,169,Tahap-0
11/17/2025,9,36,42,09:36:42,131,Tahap-0
11/17/2025,9,36,43,09:36:43,307,Tahap-0
11/17/2025,9,36,43,09:36:43,457,Tahap-0
11/17/2025,9,36,43,09:36:43,487,Tahap-0
11/17/2025,9,36,43,09:36:43,311,Tahap-0
11/17/2025,9,36,43,09:36:43,302,Tahap-0
11/17/2025,9,36,43,09:36:43,344,Tahap-0
11/17/2025,9,36,43,09:36:43,84,Tahap-0
11/17/2025,9,36,43,09:36:43,240,Tahap-0
11/17/2025,9,36,43,09:36:43,226,Tahap-0
11/17/2025,9,36,43,09:36:43,168,Tahap-0
11/17/2025,9,36,44,09:36:44,497,Tahap-0
11/17/2025,9,36,44,09:36:44,185,Tahap-0
11/17/2025,9,36,44,09:36:44,28,Tahap-0
11/17/2025,9,36,44,09:36:44,95,Tahap-0
11/17/2025,9,36,44,09:36:44,64,Tahap-0
11/17/2025,9,36,44,09:36:44,45,Tahap-0
11/17/2025,9,36,44,09:36:44,51,Tahap-0
11/17/2025,9,36,44,09:36:44,106,Tahap-0
11/17/2025,9,36,44,09:36:44,77,Tahap-0
11/17/2025,9,36,44,09:36:44,161,Tahap-0
11/17/2025,9,36,45,09:36:45,135,Tahap-0
11/17/2025,9,36,45,09:36:45,124,Tahap-0
11/17/2025,9,36,45,09:36:45,46,Tahap-0
11/17/2025,9,36,45,09:36:45,73,Tahap-0
11/17/2025,9,36,45,09:36:45,110,Tahap-0
11/17/2025,9,36,45,09:36:45,141,Tahap-0
11/17/2025,9,36,45,09:36:45,159,Tahap-0
11/17/2025,9,36,45,09:36:45,992,Tahap-0
11/17/2025,9,36,45,09:36:45,337,Tahap-0
11/17/2025,9,36,45,09:36:45,128,Tahap-0
11/17/2025,9,36,46,09:36:46,49,Tahap-0
11/17/2025,9,36,46,09:36:46,165,Tahap-0
11/17/2025,9,36,46,09:36:46,274,Tahap-0
11/17/2025,9,36,46,09:36:46,40,Tahap-0
11/17/2025,9,36,46,09:36:46,76,Tahap-0
11/17/2025,9,36,46,09:36:46,215,Tahap-0
11/17/2025,9,36,46,09:36:46,117,Tahap-0
11/17/2025,9,36,46,09:36:46,226,Tahap-0
11/17/2025,9,36,46,09:36:46,292,Tahap-0
11/17/2025,9,36,46,09:36:46,170,Tahap-0
11/17/2025,9,36,47,09:36:47,12,Tahap-0
11/17/2025,9,36,47,09:36:47,50,Tahap-0
11/17/2025,9,36,47,09:36:47,134,Tahap-0
11/17/2025,9,36,47,09:36:47,76,Tahap-0
11/17/2025,9,36,47,09:36:47,157,Tahap-0
11/17/2025,9,36,47,09:36:47,247,Tahap-0
11/17/2025,9,36,47,09:36:47,191,Tahap-0
11/17/2025,9,36,47,09:36:47,211,Tahap-0
11/17/2025,9,36,47,09:36:47,279,Tahap-0
11/17/2025,9,36,47,09:36:47,332,Tahap-0
11/17/2025,9,36,48,09:36:48,237,Tahap-0
11/17/2025,9,36,48,09:36:48,2612,Tahap-0
11/17/2025,9,36,48,09:36:48,1296,Tahap-0
11/17/2025,9,36,48,09:36:48,832,Tahap-0
11/17/2025,9,36,48,09:36:48,309,Tahap-0
11/17/2025,9,36,48,09:36:48,-126,Tahap-0
11/17/2025,9,36,48,09:36:48,-206,Tahap-0
11/17/2025,9,36,48,09:36:48,-66,Tahap-0
11/17/2025,9,36,48,09:36:48,-184,Tahap-0
11/17/2025,9,36,49,09:36:49,-112,Tahap-0
11/17/2025,9,36,49,09:36:49,-212,Tahap-0
11/17/2025,9,36,49,09:36:49,-200,Tahap-0
11/17/2025,9,36,49,09:36:49,-156,Tahap-0
11/17/2025,9,36,49,09:36:49,-130,Tahap-0
11/17/2025,9,36,49,09:36:49,-192,Tahap-0
11/17/2025,9,36,49,09:36:49,-124,Tahap-0
11/17/2025,9,36,49,09:36:49,-252,Tahap-0
11/17/2025,9,36,49,09:36:49,-146,Tahap-0
11/17/2025,9,36,49,09:36:49,-198,Tahap-0
11/17/2025,9,36,49,09:36:49,-118,Tahap-0
11/17/2025,9,36,50,09:36:50,-208,Tahap-0
11/17/2025,9,36,50,09:36:50,-210,Tahap-0
11/17/2025,9,36,50,09:36:50,-164,Tahap-0
11/17/2025,9,36,50,09:36:50,-198,Tahap-0
11/17/2025,9,36,50,09:36:50,-218,Tahap-0
11/17/2025,9,36,50,09:36:50,-168,Tahap-0
11/17/2025,9,36,50,09:36:50,-166,Tahap-0
11/17/2025,9,36,50,09:36:50,-190,Tahap-0
11/17/2025,9,36,50,09:36:50,-168,Tahap-0
11/17/2025,9,36,50,09:36:50,-194,Tahap-0
11/17/2025,9,36,51,09:36:51,-172,Tahap-0
11/17/2025,9,36,51,09:36:51,-208,Tahap-0
11/17/2025,9,36,51,09:36:51,-140,Tahap-0
11/17/2025,9,36,51,09:36:51,-152,Tahap-0
11/17/2025,9,36,51,09:36:51,-174,Tahap-0
11/17/2025,9,36,51,09:36:51,-222,Tahap-0
11/17/2025,9,36,51,09:36:51,-190,Tahap-0
11/17/2025,9,36,51,09:36:51,-192,Tahap-0
11/17/2025,9,36,51,09:36:51,-122,Tahap-0
11/17/2025,9,36,51,09:36:51,-186,Tahap-0
11/17/2025,9,36,52,09:36:52,-108,Tahap-0
11/17/2025,9,36,52,09:36:52,-216,Tahap-0
11/17/2025,9,36,52,09:36:52,-168,Tahap-0
11/17/2025,9,36,52,09:36:52,-126,Tahap-0
11/17/2025,9,36,52,09:36:52,-144,Tahap-0
11/17/2025,9,36,52,09:36:52,-136,Tahap-0
11/17/2025,9,36,52,09:36:52,-134,Tahap-0
11/17/2025,9,36,52,09:36:52,-178,Tahap-0
11/17/2025,9,36,52,09:36:52,-116,Tahap-0
11/17/2025,9,36,52,09:36:52,-106,Tahap-0
11/17/2025,9,36,53,09:36:53,-70,Tahap-0
11/17/2025,9,36,53,09:36:53,-124,Tahap-0
11/17/2025,9,36,53,09:36:53,-122,Tahap-0
11/17/2025,9,36,53,09:36:53,-42,Tahap-0
11/17/2025,9,36,53,09:36:53,-116,Tahap-0
11/17/2025,9,36,53,09:36:53,-90,Tahap-0
11/17/2025,9,36,53,09:36:53,-50,Tahap-0
11/17/2025,9,36,53,09:36:53,-44,Tahap-0
11/17/2025,9,36,53,09:36:53,-60,Tahap-0
11/17/2025,9,36,53,09:36:53,-12,Tahap-0
11/17/2025,9,36,54,09:36:54,-40,Tahap-0
11/17/2025,9,36,54,09:36:54,-24,Tahap-0
11/17/2025,9,36,54,09:36:54,-72,Tahap-0
11/17/2025,9,36,54,09:36:54,40,Tahap-0
11/17/2025,9,36,54,09:36:54,-8,Tahap-0
11/17/2025,9,36,54,09:36:54,-12,Tahap-0
11/17/2025,9,36,54,09:36:54,-36,Tahap-0
11/17/2025,9,36,54,09:36:54,-20,Tahap-0
11/17/2025,9,36,54,09:36:54,-6,Tahap-0
11/17/2025,9,36,54,09:36:54,38,Tahap-0
11/17/2025,9,36,55,09:36:55,6,Tahap-0
11/17/2025,9,36,55,09:36:55,56,Tahap-0
11/17/2025,9,36,55,09:36:55,-26,Tahap-0
11/17/2025,9,36,55,09:36:55,38,Tahap-0
11/17/2025,9,36,55,09:36:55,58,Tahap-0
11/17/2025,9,36,55,09:36:55,66,Tahap-0
11/17/2025,9,36,55,09:36:55,38,Tahap-0
11/17/2025,9,36,55,09:36:55,86,Tahap-0
11/17/2025,9,36,55,09:36:55,12,Tahap-0
11/17/2025,9,36,55,09:36:55,102,Tahap-0
11/17/2025,9,36,56,09:36:56,68,Tahap-0
11/17/2025,9,36,56,09:36:56,134,Tahap-0
11/17/2025,9,36,56,09:36:56,92,Tahap-0
11/17/2025,9,36,56,09:36:56,104,Tahap-0
11/17/2025,9,36,56,09:36:56,162,Tahap-0
11/17/2025,9,36,56,09:36:56,118,Tahap-0
11/17/2025,9,36,56,09:36:56,102,Tahap-0
11/17/2025,9,36,56,09:36:56,154,Tahap-0
11/17/2025,9,36,56,09:36:56,142,Tahap-0
11/17/2025,9,36,56,09:36:56,142,Tahap-0
11/17/2025,9,36,57,09:36:57,170,Tahap-0
11/17/2025,9,36,57,09:36:57,148,Tahap-0
11/17/2025,9,36,57,09:36:57,158,Tahap-0
11/17/2025,9,36,57,09:36:57,102,Tahap-0
11/17/2025,9,36,57,09:36:57,208,Tahap-0
11/17/2025,9,36,57,09:36:57,126,Tahap-0
11/17/2025,9,36,57,09:36:57,178,Tahap-0
11/17/2025,9,36,57,09:36:57,76,Tahap-0
11/17/2025,9,36,57,09:36:57,160,Tahap-0
11/17/2025,9,36,57,09:36:57,124,Tahap-0
11/17/2025,9,36,58,09:36:58,194,Tahap-0
11/17/2025,9,36,58,09:36:58,112,Tahap-0
11/17/2025,9,36,58,09:36:58,208,Tahap-0
11/17/2025,9,36,58,09:36:58,70,Tahap-0
11/17/2025,9,36,58,09:36:58,164,Tahap-0
11/17/2025,9,36,58,09:36:58,166,Tahap-0
11/17/2025,9,36,58,09:36:58,178,Tahap-0
11/17/2025,9,36,58,09:36:58,158,Tahap-0
11/17/2025,9,36,58,09:36:58,182,Tahap-0
11/17/2025,9,36,58,09:36:58,148,Tahap-0
11/17/2025,9,36,59,09:36:59,188,Tahap-0
11/17/2025,9,36,59,09:36:59,186,Tahap-0
11/17/2025,9,36,59,09:36:59,226,Tahap-0
11/17/2025,9,36,59,09:36:59,158,Tahap-0
11/17/2025,9,36,59,09:36:59,176,Tahap-0
11/17/2025,9,36,59,09:36:59,256,Tahap-0
11/17/2025,9,36,59,09:36:59,144,Tahap-0
11/17/2025,9,36,59,09:36:59,222,Tahap-0
11/17/2025,9,36,59,09:36:59,194,Tahap-0
11/17/2025,9,36,59,09:36:59,264,Tahap-0
11/17/2025,9,37,1,09:37:01,152,Tahap-0
11/17/2025,9,37,1,09:37:01,250,Tahap-0
11/17/2025,9,37,1,09:37:01,188,Tahap-0
11/17/2025,9,37,1,09:37:01,236,Tahap-0
11/17/2025,9,37,25,09:37:25,569,Tahap-0
11/17/2025,9,37,25,09:37:25,2441,Tahap-0
11/17/2025,9,37,25,09:37:25,582,Tahap-0
11/17/2025,9,37,26,09:37:26,1146,Tahap-0
11/17/2025,9,37,26,09:37:26,226,Tahap-0
11/17/2025,9,37,26,09:37:26,882,Tahap-0
11/17/2025,9,37,26,09:37:26,310,Tahap-0
11/17/2025,9,37,26,09:37:26,72,Tahap-0
11/17/2025,9,37,26,09:37:26,195,Tahap-0
11/17/2025,9,37,26,09:37:26,78,Tahap-0
11/17/2025,9,37,26,09:37:26,49,Tahap-0
11/17/2025,9,37,26,09:37:26,57,Tahap-0
11/17/2025,9,37,26,09:37:26,95,Tahap-0
11/17/2025,9,37,27,09:37:27,20,Tahap-0
11/17/2025,9,37,27,09:37:27,98,Tahap-0
11/17/2025,9,37,27,09:37:27,100,Tahap-0
11/17/2025,9,37,27,09:37:27,78,Tahap-0
11/17/2025,9,37,27,09:37:27,128,Tahap-0
11/17/2025,9,37,27,09:37:27,60,Tahap-0
11/17/2025,9,37,27,09:37:27,172,Tahap-0
11/17/2025,9,37,27,09:37:27,58,Tahap-0
11/17/2025,9,37,27,09:37:27,95,Tahap-0
11/17/2025,9,37,27,09:37:27,157,Tahap-0
11/17/2025,9,37,28,09:37:28,97,Tahap-0
11/17/2025,9,37,28,09:37:28,230,Tahap-0
11/17/2025,9,37,28,09:37:28,117,Tahap-0
11/17/2025,9,37,28,09:37:28,106,Tahap-0
11/17/2025,9,37,28,09:37:28,86,Tahap-0
11/17/2025,9,37,28,09:37:28,121,Tahap-0
11/17/2025,9,37,28,09:37:28,81,Tahap-0
11/17/2025,9,37,28,09:37:28,156,Tahap-0
11/17/2025,9,37,28,09:37:28,59,Tahap-0
11/17/2025,9,37,28,09:37:28,32,Tahap-0
11/17/2025,9,37,29,09:37:29,51,Tahap-0
11/17/2025,9,37,29,09:37:29,59,Tahap-0
11/17/2025,9,37,29,09:37:29,51,Tahap-0
11/17/2025,9,37,29,09:37:29,146,Tahap-0
11/17/2025,9,37,29,09:37:29,54,Tahap-0
11/17/2025,9,37,29,09:37:29,35,Tahap-0
11/17/2025,9,37,29,09:37:29,48,Tahap-0
11/17/2025,9,37,29,09:37:29,944,Tahap-0
11/17/2025,9,37,29,09:37:29,369,Tahap-0
11/17/2025,9,37,29,09:37:29,177,Tahap-0
11/17/2025,9,37,30,09:37:30,96,Tahap-0
11/17/2025,9,37,30,09:37:30,88,Tahap-0
11/17/2025,9,37,30,09:37:30,106,Tahap-0
11/17/2025,9,37,30,09:37:30,97,Tahap-0
11/17/2025,9,37,30,09:37:30,38,Tahap-0
11/17/2025,9,37,30,09:37:30,262,Tahap-0
11/17/2025,9,37,30,09:37:30,747,Tahap-0
11/17/2025,9,37,30,09:37:30,105,Tahap-0
11/17/2025,9,37,30,09:37:30,78,Tahap-0
11/17/2025,9,37,30,09:37:30,63,Tahap-0
11/17/2025,9,37,31,09:37:31,70,Tahap-0
11/17/2025,9,37,31,09:37:31,44,Tahap-0
11/17/2025,9,37,31,09:37:31,42,Tahap-0
11/17/2025,9,37,31,09:37:31,101,Tahap-0
11/17/2025,9,37,31,09:37:31,81,Tahap-0
11/17/2025,9,37,31,09:37:31,123,Tahap-0
11/17/2025,9,37,31,09:37:31,87,Tahap-0
11/17/2025,9,37,31,09:37:31,103,Tahap-0
11/17/2025,9,37,31,09:37:31,50,Tahap-0
11/17/2025,9,37,31,09:37:31,86,Tahap-0
11/17/2025,9,37,32,09:37:32,71,Tahap-0
11/17/2025,9,37,32,09:37:32,117,Tahap-0
11/17/2025,9,37,32,09:37:32,262,Tahap-0
11/17/2025,9,37,32,09:37:32,168,Tahap-0
11/17/2025,9,37,32,09:37:32,116,Tahap-0
11/17/2025,9,37,32,09:37:32,176,Tahap-0
11/17/2025,9,37,32,09:37:32,225,Tahap-0
11/17/2025,9,37,32,09:37:32,160,Tahap-0
11/17/2025,9,37,32,09:37:32,63,Tahap-0
11/17/2025,9,37,32,09:37:32,140,Tahap-0
11/17/2025,9,37,33,09:37:33,249,Tahap-0
11/17/2025,9,37,33,09:37:33,640,Tahap-0
11/17/2025,9,37,33,09:37:33,333,Tahap-0
11/17/2025,9,37,33,09:37:33,82,Tahap-0
11/17/2025,9,37,33,09:37:33,116,Tahap-0
11/17/2025,9,37,33,09:37:33,187,Tahap-0
11/17/2025,9,37,33,09:37:33,308,Tahap-0
11/17/2025,9,37,33,09:37:33,208,Tahap-0
11/17/2025,9,37,33,09:37:33,265,Tahap-0
11/17/2025,9,37,33,09:37:33,357,Tahap-0
11/17/2025,9,37,34,09:37:34,78,Tahap-0
11/17/2025,9,37,34,09:37:34,69,Tahap-0
11/17/2025,9,37,34,09:37:34,161,Tahap-0
11/17/2025,9,37,34,09:37:34,83,Tahap-0
11/17/2025,9,37,34,09:37:34,139,Tahap-0
11/17/2025,9,37,34,09:37:34,187,Tahap-0
11/17/2025,9,37,34,09:37:34,49,Tahap-0
11/17/2025,9,37,34,09:37:34,95,Tahap-0
11/17/2025,9,37,34,09:37:34,89,Tahap-0
11/17/2025,9,37,34,09:37:34,146,Tahap-0
11/17/2025,9,37,35,09:37:35,103,Tahap-0
11/17/2025,9,37,35,09:37:35,253,Tahap-0
11/17/2025,9,37,35,09:37:35,134,Tahap-0
11/17/2025,9,37,35,09:37:35,241,Tahap-0
11/17/2025,9,37,35,09:37:35,462,Tahap-0
11/17/2025,9,37,35,09:37:35,516,Tahap-0
11/17/2025,9,37,35,09:37:35,735,Tahap-0
11/17/2025,9,37,35,09:37:35,333,Tahap-0
11/17/2025,9,37,35,09:37:35,69,Tahap-0
11/17/2025,9,37,35,09:37:35,316,Tahap-0
11/17/2025,9,37,36,09:37:36,302,Tahap-0
11/17/2025,9,37,36,09:37:36,110,Tahap-0
11/17/2025,9,37,36,09:37:36,33,Tahap-0
11/17/2025,9,37,36,09:37:36,149,Tahap-0
11/17/2025,9,37,36,09:37:36,156,Tahap-0
11/17/2025,9,37,36,09:37:36,196,Tahap-0
11/17/2025,9,37,36,09:37:36,191,Tahap-0
11/17/2025,9,37,36,09:37:36,97,Tahap-0
11/17/2025,9,37,36,09:37:36,76,Tahap-0
11/17/2025,9,37,36,09:37:36,253,Tahap-0
11/17/2025,9,37,37,09:37:37,243,Tahap-0
11/17/2025,9,37,37,09:37:37,103,Tahap-0
11/17/2025,9,37,37,09:37:37,499,Tahap-0
11/17/2025,9,37,37,09:37:37,584,Tahap-0
11/17/2025,9,37,37,09:37:37,411,Tahap-0
11/17/2025,9,37,37,09:37:37,282,Tahap-0
11/17/2025,9,37,37,09:37:37,406,Tahap-0
11/17/2025,9,37,37,09:37:37,402,Tahap-0
11/17/2025,9,37,37,09:37:37,699,Tahap-0
11/17/2025,9,37,37,09:37:37,364,Tahap-0
11/17/2025,9,37,38,09:37:38,3511,Tahap-0
11/17/2025,9,37,38,09:37:38,1133,Tahap-0
11/17/2025,9,37,38,09:37:38,104,Tahap-0
11/17/2025,9,37,38,09:37:38,58,Tahap-0
11/17/2025,9,37,38,09:37:38,-204,Tahap-0
11/17/2025,9,37,38,09:37:38,148,Tahap-0
11/17/2025,9,37,38,09:37:38,-140,Tahap-0
11/17/2025,9,37,38,09:37:38,116,Tahap-0
11/17/2025,9,37,38,09:37:38,-32,Tahap-0
11/17/2025,9,37,38,09:37:38,68,Tahap-0
11/17/2025,9,37,39,09:37:39,-72,Tahap-0
11/17/2025,9,37,39,09:37:39,52,Tahap-0
11/17/2025,9,37,39,09:37:39,-28,Tahap-0
11/17/2025,9,37,39,09:37:39,88,Tahap-0
11/17/2025,9,37,39,09:37:39,-140,Tahap-0
11/17/2025,9,37,39,09:37:39,100,Tahap-0
11/17/2025,9,37,39,09:37:39,-32,Tahap-0
11/17/2025,9,37,39,09:37:39,-152,Tahap-0
11/17/2025,9,37,39,09:37:39,16,Tahap-0
11/17/2025,9,37,39,09:37:39,-40,Tahap-0
11/17/2025,9,37,40,09:37:40,84,Tahap-0
11/17/2025,9,37,40,09:37:40,8,Tahap-0
11/17/2025,9,37,40,09:37:40,56,Tahap-0
11/17/2025,9,37,40,09:37:40,-56,Tahap-0
11/17/2025,9,37,40,09:37:40,24,Tahap-0
11/17/2025,9,37,40,09:37:40,-28,Tahap-0
11/17/2025,9,37,40,09:37:40,200,Tahap-0
11/17/2025,9,37,40,09:37:40,-112,Tahap-0
11/17/2025,9,37,40,09:37:40,80,Tahap-0
11/17/2025,9,37,40,09:37:40,-152,Tahap-0
11/17/2025,9,37,41,09:37:41,72,Tahap-0
11/17/2025,9,37,41,09:37:41,-12,Tahap-0
11/17/2025,9,37,41,09:37:41,156,Tahap-0
11/17/2025,9,37,41,09:37:41,-80,Tahap-0
11/17/2025,9,37,41,09:37:41,80,Tahap-0
11/17/2025,9,37,41,09:37:41,-172,Tahap-0
11/17/2025,9,37,41,09:37:41,184,Tahap-0
11/17/2025,9,37,41,09:37:41,-100,Tahap-0
11/17/2025,9,37,41,09:37:41,156,Tahap-0
11/17/2025,9,37,41,09:37:41,-84,Tahap-0
11/17/2025,9,37,42,09:37:42,116,Tahap-0
11/17/2025,9,37,42,09:37:42,-116,Tahap-0
11/17/2025,9,37,42,09:37:42,76,Tahap-0
11/17/2025,9,37,42,09:37:42,-44,Tahap-0
11/17/2025,9,37,42,09:37:42,128,Tahap-0
11/17/2025,9,37,42,09:37:42,-96,Tahap-0
11/17/2025,9,37,42,09:37:42,168,Tahap-0
11/17/2025,9,37,42,09:37:42,-72,Tahap-0
11/17/2025,9,37,42,09:37:42,-16,Tahap-0
11/17/2025,9,37,42,09:37:42,-52,Tahap-0
11/17/2025,9,37,43,09:37:43,120,Tahap-0
11/17/2025,9,37,43,09:37:43,24,Tahap-0
11/17/2025,9,37,43,09:37:43,64,Tahap-0
11/17/2025,9,37,43,09:37:43,48,Tahap-0
11/17/2025,9,37,43,09:37:43,-28,Tahap-0
11/17/2025,9,37,43,09:37:43,-60,Tahap-0
11/17/2025,9,37,43,09:37:43,108,Tahap-0
11/17/2025,9,37,43,09:37:43,148,Tahap-0
11/17/2025,9,37,43,09:37:43,-108,Tahap-0
11/17/2025,9,37,43,09:37:43,108,Tahap-0
11/17/2025,9,37,44,09:37:44,-180,Tahap-0
11/17/2025,9,37,44,09:37:44,148,Tahap-0
11/17/2025,9,37,44,09:37:44,-40,Tahap-0
11/17/2025,9,37,44,09:37:44,244,Tahap-0
11/17/2025,9,37,44,09:37:44,-84,Tahap-0
11/17/2025,9,37,44,09:37:44,72,Tahap-0
11/17/2025,9,37,44,09:37:44,-112,Tahap-0
11/17/2025,9,37,44,09:37:44,156,Tahap-0
11/17/2025,9,37,44,09:37:44,-140,Tahap-0
11/17/2025,9,37,44,09:37:44,224,Tahap-0
11/17/2025,9,37,45,09:37:45,-172,Tahap-0
11/17/2025,9,37,45,09:37:45,208,Tahap-0
11/17/2025,9,37,45,09:37:45,-152,Tahap-0
11/17/2025,9,37,45,09:37:45,188,Tahap-0
11/17/2025,9,37,45,09:37:45,-56,Tahap-0
11/17/2025,9,37,45,09:37:45,124,Tahap-0
11/17/2025,9,37,45,09:37:45,-76,Tahap-0
11/17/2025,9,37,45,09:37:45,260,Tahap-0
11/17/2025,9,37,45,09:37:45,-88,Tahap-0
11/17/2025,9,37,45,09:37:45,112,Tahap-0
11/17/2025,9,37,46,09:37:46,-36,Tahap-0
11/17/2025,9,37,46,09:37:46,140,Tahap-0
11/17/2025,9,37,46,09:37:46,64,Tahap-0
11/17/2025,9,37,46,09:37:46,80,Tahap-0
11/17/2025,9,37,46,09:37:46,88,Tahap-0
11/17/2025,9,37,46,09:37:46,-56,Tahap-0
11/17/2025,9,37,46,09:37:46,-16,Tahap-0
11/17/2025,9,37,46,09:37:46,148,Tahap-0
11/17/2025,9,37,46,09:37:46,52,Tahap-0
11/17/2025,9,37,46,09:37:46,56,Tahap-0
11/17/2025,9,37,47,09:37:47,76,Tahap-0
11/17/2025,9,37,47,09:37:47,-88,Tahap-0
11/17/2025,9,37,47,09:37:47,132,Tahap-0
11/17/2025,9,37,47,09:37:47,-8,Tahap-0
11/17/2025,9,37,47,09:37:47,168,Tahap-0
11/17/2025,9,37,47,09:37:47,-120,Tahap-0
11/17/2025,9,37,47,09:37:47,56,Tahap-0
11/17/2025,9,37,47,09:37:47,-116,Tahap-0
11/17/2025,9,37,47,09:37:47,108,Tahap-0
11/17/2025,9,37,47,09:37:47,-180,Tahap-0
11/17/2025,9,37,48,09:37:48,168,Tahap-0
11/17/2025,9,37,48,09:37:48,-240,Tahap-0
11/17/2025,9,37,48,09:37:48,160,Tahap-0
11/17/2025,9,37,48,09:37:48,-244,Tahap-0
11/17/2025,9,37,48,09:37:48,104,Tahap-0
11/17/2025,9,37,48,09:37:48,-176,Tahap-0
11/17/2025,9,37,48,09:37:48,28,Tahap-0
11/17/2025,9,37,48,09:37:48,-200,Tahap-0
11/17/2025,9,37,48,09:37:48,104,Tahap-0
11/17/2025,9,37,49,09:37:49,-300,Tahap-0
11/17/2025,9,37,49,09:37:49,-32,Tahap-0
11/17/2025,9,37,49,09:37:49,-236,Tahap-0
11/17/2025,9,37,49,09:37:49,44,Tahap-0
11/17/2025,9,37,49,09:37:49,-112,Tahap-0
11/17/2025,9,37,49,09:37:49,-48,Tahap-0
11/17/2025,9,37,49,09:37:49,-124,Tahap-0
11/17/2025,9,37,49,09:37:49,-144,Tahap-0
11/17/2025,9,37,49,09:37:49,-172,Tahap-0
11/17/2025,9,37,49,09:37:49,20,Tahap-0
11/17/2025,9,37,49,09:37:49,-144,Tahap-0
11/17/2025,9,37,50,09:37:50,-120,Tahap-0
11/17/2025,9,37,50,09:37:50,-84,Tahap-0
11/17/2025,9,37,50,09:37:50,-200,Tahap-0
11/17/2025,9,37,50,09:37:50,8,Tahap-0
11/17/2025,9,37,50,09:37:50,-108,Tahap-0
11/17/2025,9,37,50,09:37:50,64,Tahap-0
11/17/2025,9,37,50,09:37:50,-180,Tahap-0
11/17/2025,9,37,50,09:37:50,-8,Tahap-0
11/17/2025,9,37,50,09:37:50,-164,Tahap-0
11/17/2025,9,37,50,09:37:50,44,Tahap-0
11/17/2025,9,37,51,09:37:51,-228,Tahap-0
11/17/2025,9,37,51,09:37:51,144,Tahap-0
11/17/2025,9,37,51,09:37:51,-276,Tahap-0
11/17/2025,9,38,15,09:38:15,4273,Tahap-0
11/17/2025,9,38,15,09:38:15,1645,Tahap-0
11/17/2025,9,38,15,09:38:15,976,Tahap-0
11/17/2025,9,38,15,09:38:15,741,Tahap-0
11/17/2025,9,38,16,09:38:16,700,Tahap-0
11/17/2025,9,38,16,09:38:16,312,Tahap-0
11/17/2025,9,38,16,09:38:16,632,Tahap-0
11/17/2025,9,38,16,09:38:16,411,Tahap-0
11/17/2025,9,38,16,09:38:16,494,Tahap-0
11/17/2025,9,38,16,09:38:16,284,Tahap-0
11/17/2025,9,38,16,09:38:16,317,Tahap-0
11/17/2025,9,38,16,09:38:16,405,Tahap-0
11/17/2025,9,38,16,09:38:16,237,Tahap-0
11/17/2025,9,38,16,09:38:16,204,Tahap-0
11/17/2025,9,38,17,09:38:17,133,Tahap-0
11/17/2025,9,38,17,09:38:17,288,Tahap-0
11/17/2025,9,38,17,09:38:17,343,Tahap-0
11/17/2025,9,38,17,09:38:17,25,Tahap-0
11/17/2025,9,38,17,09:38:17,171,Tahap-0
11/17/2025,9,38,17,09:38:17,294,Tahap-0
11/17/2025,9,38,17,09:38:17,240,Tahap-0
11/17/2025,9,38,17,09:38:17,129,Tahap-0
11/17/2025,9,38,17,09:38:17,193,Tahap-0
11/17/2025,9,38,17,09:38:17,151,Tahap-0
11/17/2025,9,38,18,09:38:18,202,Tahap-0
11/17/2025,9,38,18,09:38:18,170,Tahap-0
11/17/2025,9,38,18,09:38:18,184,Tahap-0
11/17/2025,9,38,18,09:38:18,151,Tahap-0
11/17/2025,9,38,18,09:38:18,165,Tahap-0
11/17/2025,9,38,18,09:38:18,81,Tahap-0
11/17/2025,9,38,18,09:38:18,95,Tahap-0
11/17/2025,9,38,18,09:38:18,88,Tahap-0
11/17/2025,9,38,19,09:38:19,131,Tahap-0
11/17/2025,9,38,19,09:38:19,132,Tahap-0
11/17/2025,9,38,19,09:38:19,134,Tahap-0
11/17/2025,9,38,19,09:38:19,118,Tahap-0
11/17/2025,9,38,19,09:38:19,191,Tahap-0
11/17/2025,9,38,19,09:38:19,169,Tahap-0
11/17/2025,9,38,19,09:38:19,42,Tahap-0
11/17/2025,9,38,19,09:38:19,203,Tahap-0
11/17/2025,9,38,19,09:38:19,857,Tahap-0
11/17/2025,9,38,19,09:38:19,403,Tahap-0
11/17/2025,9,38,19,09:38:19,238,Tahap-0
11/17/2025,9,38,19,09:38:19,147,Tahap-0
11/17/2025,9,38,20,09:38:20,69,Tahap-0
11/17/2025,9,38,20,09:38:20,22,Tahap-0
11/17/2025,9,38,20,09:38:20,78,Tahap-0
11/17/2025,9,38,20,09:38:20,158,Tahap-0
11/17/2025,9,38,20,09:38:20,516,Tahap-0
11/17/2025,9,38,20,09:38:20,465,Tahap-0
11/17/2025,9,38,20,09:38:20,205,Tahap-0
11/17/2025,9,38,20,09:38:20,181,Tahap-0
11/17/2025,9,38,20,09:38:20,206,Tahap-0
11/17/2025,9,38,20,09:38:20,193,Tahap-0
11/17/2025,9,38,21,09:38:21,148,Tahap-0
11/17/2025,9,38,21,09:38:21,93,Tahap-0
11/17/2025,9,38,21,09:38:21,154,Tahap-0
11/17/2025,9,38,21,09:38:21,86,Tahap-0
11/17/2025,9,38,21,09:38:21,130,Tahap-0
11/17/2025,9,38,21,09:38:21,99,Tahap-0
11/17/2025,9,38,21,09:38:21,161,Tahap-0
11/17/2025,9,38,21,09:38:21,105,Tahap-0
11/17/2025,9,38,21,09:38:21,56,Tahap-0
11/17/2025,9,38,21,09:38:21,102,Tahap-0
11/17/2025,9,38,22,09:38:22,63,Tahap-0
11/17/2025,9,38,22,09:38:22,113,Tahap-0
11/17/2025,9,38,22,09:38:22,97,Tahap-0
11/17/2025,9,38,22,09:38:22,69,Tahap-0
11/17/2025,9,38,22,09:38:22,64,Tahap-0
11/17/2025,9,38,22,09:38:22,169,Tahap-0
11/17/2025,9,38,22,09:38:22,209,Tahap-0
11/17/2025,9,38,22,09:38:22,61,Tahap-0
11/17/2025,9,38,22,09:38:22,95,Tahap-0
11/17/2025,9,38,22,09:38:22,360,Tahap-0
11/17/2025,9,38,23,09:38:23,422,Tahap-0
11/17/2025,9,38,23,09:38:23,312,Tahap-0
11/17/2025,9,38,23,09:38:23,274,Tahap-0
11/17/2025,9,38,23,09:38:23,205,Tahap-0
11/17/2025,9,38,23,09:38:23,78,Tahap-0
11/17/2025,9,38,23,09:38:23,245,Tahap-0
11/17/2025,9,38,23,09:38:23,79,Tahap-0
11/17/2025,9,38,23,09:38:23,49,Tahap-0
11/17/2025,9,38,23,09:38:23,280,Tahap-0
11/17/2025,9,38,23,09:38:23,52,Tahap-0
11/17/2025,9,38,24,09:38:24,75,Tahap-0
11/17/2025,9,38,24,09:38:24,104,Tahap-0
11/17/2025,9,38,24,09:38:24,103,Tahap-0
11/17/2025,9,38,24,09:38:24,174,Tahap-0
11/17/2025,9,38,24,09:38:24,150,Tahap-0
11/17/2025,9,38,24,09:38:24,156,Tahap-0
11/17/2025,9,38,24,09:38:24,92,Tahap-0
11/17/2025,9,38,24,09:38:24,247,Tahap-0
11/17/2025,9,38,24,09:38:24,120,Tahap-0
11/17/2025,9,38,24,09:38:24,158,Tahap-0
11/17/2025,9,38,25,09:38:25,129,Tahap-0
11/17/2025,9,38,25,09:38:25,187,Tahap-0
11/17/2025,9,38,25,09:38:25,178,Tahap-0
11/17/2025,9,38,25,09:38:25,516,Tahap-0
11/17/2025,9,38,25,09:38:25,808,Tahap-0
11/17/2025,9,38,25,09:38:25,609,Tahap-0
11/17/2025,9,38,25,09:38:25,268,Tahap-0
11/17/2025,9,38,25,09:38:25,132,Tahap-0
11/17/2025,9,38,25,09:38:25,105,Tahap-0
11/17/2025,9,38,25,09:38:25,91,Tahap-0
11/17/2025,9,38,26,09:38:26,63,Tahap-0
11/17/2025,9,38,26,09:38:26,158,Tahap-0
11/17/2025,9,38,26,09:38:26,110,Tahap-0
11/17/2025,9,38,26,09:38:26,132,Tahap-0
11/17/2025,9,38,26,09:38:26,63,Tahap-0
11/17/2025,9,38,26,09:38:26,20,Tahap-0
11/17/2025,9,38,26,09:38:26,122,Tahap-0
11/17/2025,9,38,26,09:38:26,149,Tahap-0
11/17/2025,9,38,26,09:38:26,122,Tahap-0
11/17/2025,9,38,26,09:38:26,148,Tahap-0
11/17/2025,9,38,27,09:38:27,206,Tahap-0
11/17/2025,9,38,27,09:38:27,180,Tahap-0
11/17/2025,9,38,27,09:38:27,64,Tahap-0
11/17/2025,9,38,27,09:38:27,237,Tahap-0
11/17/2025,9,38,27,09:38:27,231,Tahap-0
11/17/2025,9,38,27,09:38:27,392,Tahap-0
11/17/2025,9,38,27,09:38:27,444,Tahap-0
11/17/2025,9,38,27,09:38:27,165,Tahap-0
11/17/2025,9,38,27,09:38:27,995,Tahap-0
11/17/2025,9,38,27,09:38:27,3175,Tahap-0
11/17/2025,9,38,28,09:38:28,716,Tahap-0
11/17/2025,9,38,28,09:38:28,162,Tahap-0
11/17/2025,9,38,28,09:38:28,399,Tahap-0
11/17/2025,9,38,28,09:38:28,-160,Tahap-0
11/17/2025,9,38,28,09:38:28,128,Tahap-0
11/17/2025,9,38,28,09:38:28,-156,Tahap-0
11/17/2025,9,38,28,09:38:28,252,Tahap-0
11/17/2025,9,38,28,09:38:28,-96,Tahap-0
11/17/2025,9,38,28,09:38:28,128,Tahap-0
11/17/2025,9,38,28,09:38:28,-116,Tahap-0
11/17/2025,9,38,29,09:38:29,20,Tahap-0
11/17/2025,9,38,29,09:38:29,-60,Tahap-0
11/17/2025,9,38,29,09:38:29,188,Tahap-0
11/17/2025,9,38,29,09:38:29,-148,Tahap-0
11/17/2025,9,38,29,09:38:29,92,Tahap-0
11/17/2025,9,38,29,09:38:29,-192,Tahap-0
11/17/2025,9,38,29,09:38:29,56,Tahap-0
11/17/2025,9,38,29,09:38:29,-68,Tahap-0
11/17/2025,9,38,29,09:38:29,88,Tahap-0
11/17/2025,9,38,29,09:38:29,-52,Tahap-0
11/17/2025,9,38,30,09:38:30,-24,Tahap-0
11/17/2025,9,38,30,09:38:30,-44,Tahap-0
11/17/2025,9,38,30,09:38:30,8,Tahap-0
11/17/2025,9,38,30,09:38:30,-88,Tahap-0
11/17/2025,9,38,30,09:38:30,40,Tahap-0
11/17/2025,9,38,30,09:38:30,24,Tahap-0
11/17/2025,9,38,30,09:38:30,-20,Tahap-0
11/17/2025,9,38,30,09:38:30,104,Tahap-0
11/17/2025,9,38,30,09:38:30,-124,Tahap-0
11/17/2025,9,38,30,09:38:30,80,Tahap-0
11/17/2025,9,38,31,09:38:31,-120,Tahap-0
11/17/2025,9,38,31,09:38:31,72,Tahap-0
11/17/2025,9,38,31,09:38:31,-60,Tahap-0
11/17/2025,9,38,31,09:38:31,92,Tahap-0
11/17/2025,9,38,31,09:38:31,-216,Tahap-0
11/17/2025,9,38,31,09:38:31,72,Tahap-0
11/17/2025,9,38,31,09:38:31,-188,Tahap-0
11/17/2025,9,38,31,09:38:31,184,Tahap-0
11/17/2025,9,38,31,09:38:31,-148,Tahap-0
11/17/2025,9,38,31,09:38:31,64,Tahap-0
11/17/2025,9,38,32,09:38:32,-184,Tahap-0
11/17/2025,9,38,32,09:38:32,-100,Tahap-0
11/17/2025,9,38,32,09:38:32,168,Tahap-0
11/17/2025,9,38,32,09:38:32,-200,Tahap-0
11/17/2025,9,38,32,09:38:32,80,Tahap-0
11/17/2025,9,38,32,09:38:32,-204,Tahap-0
11/17/2025,9,38,32,09:38:32,12,Tahap-0
11/17/2025,9,38,32,09:38:32,-120,Tahap-0
11/17/2025,9,38,32,09:38:32,20,Tahap-0
11/17/2025,9,38,33,09:38:33,-84,Tahap-0
11/17/2025,9,38,33,09:38:33,-96,Tahap-0
11/17/2025,9,38,33,09:38:33,-136,Tahap-0
11/17/2025,9,38,33,09:38:33,-48,Tahap-0
11/17/2025,9,38,33,09:38:33,-184,Tahap-0
11/17/2025,9,38,33,09:38:33,-88,Tahap-0
11/17/2025,9,38,33,09:38:33,-56,Tahap-0
11/17/2025,9,38,33,09:38:33,-96,Tahap-0
11/17/2025,9,38,33,09:38:33,-20,Tahap-0
11/17/2025,9,38,33,09:38:33,-208,Tahap-0
11/17/2025,9,38,34,09:38:34,-32,Tahap-0
11/17/2025,9,38,34,09:38:34,-200,Tahap-0
11/17/2025,9,38,34,09:38:34,-32,Tahap-0
11/17/2025,9,38,34,09:38:34,-96,Tahap-0
11/17/2025,9,38,34,09:38:34,-64,Tahap-0
11/17/2025,9,38,34,09:38:34,-324,Tahap-0
11/17/2025,9,38,34,09:38:34,-68,Tahap-0
11/17/2025,9,38,34,09:38:34,-212,Tahap-0
11/17/2025,9,38,34,09:38:34,60,Tahap-0
11/17/2025,9,38,34,09:38:34,-192,Tahap-0
11/17/2025,9,38,35,09:38:35,52,Tahap-0
11/17/2025,9,38,35,09:38:35,-228,Tahap-0
11/17/2025,9,38,35,09:38:35,-68,Tahap-0
11/17/2025,9,38,35,09:38:35,-116,Tahap-0
11/17/2025,9,38,35,09:38:35,16,Tahap-0
11/17/2025,9,38,35,09:38:35,-220,Tahap-0
11/17/2025,9,38,35,09:38:35,-28,Tahap-0
11/17/2025,9,38,35,09:38:35,-260,Tahap-0
11/17/2025,9,38,35,09:38:35,-128,Tahap-0
11/17/2025,9,38,35,09:38:35,-180,Tahap-0
11/17/2025,9,38,36,09:38:36,-56,Tahap-0
11/17/2025,9,38,36,09:38:36,-172,Tahap-0
11/17/2025,9,38,36,09:38:36,-184,Tahap-0
11/17/2025,9,38,36,09:38:36,-124,Tahap-0
11/17/2025,9,38,36,09:38:36,-148,Tahap-0
11/17/2025,9,38,36,09:38:36,-140,Tahap-0
11/17/2025,9,38,36,09:38:36,-148,Tahap-0
11/17/2025,9,38,36,09:38:36,-116,Tahap-0
11/17/2025,9,38,36,09:38:36,-172,Tahap-0
11/17/2025,9,38,36,09:38:36,-116,Tahap-0
11/17/2025,9,38,37,09:38:37,-240,Tahap-0
11/17/2025,9,38,37,09:38:37,-172,Tahap-0
11/17/2025,9,38,37,09:38:37,-240,Tahap-0
11/17/2025,9,38,37,09:38:37,-136,Tahap-0
11/17/2025,9,38,37,09:38:37,-152,Tahap-0
11/17/2025,9,38,37,09:38:37,-168,Tahap-0
11/17/2025,9,38,37,09:38:37,-256,Tahap-0
11/17/2025,9,38,37,09:38:37,-156,Tahap-0
11/17/2025,9,38,37,09:38:37,-196,Tahap-0
11/17/2025,9,38,37,09:38:37,-80,Tahap-0
11/17/2025,9,38,38,09:38:38,-204,Tahap-0
11/17/2025,9,38,38,09:38:38,-96,Tahap-0
11/17/2025,9,38,38,09:38:38,-304,Tahap-0
11/17/2025,9,38,38,09:38:38,-184,Tahap-0
11/17/2025,9,38,38,09:38:38,-112,Tahap-0
11/17/2025,9,38,38,09:38:38,-128,Tahap-0
11/17/2025,9,38,38,09:38:38,-224,Tahap-0
11/17/2025,9,38,38,09:38:38,-112,Tahap-0
11/17/2025,9,38,38,09:38:38,-252,Tahap-0
11/17/2025,9,38,38,09:38:38,-132,Tahap-0
11/17/2025,9,38,39,09:38:39,-180,Tahap-0
11/17/2025,9,38,39,09:38:39,-80,Tahap-0
11/17/2025,9,38,39,09:38:39,-232,Tahap-0
11/17/2025,9,38,39,09:38:39,-192,Tahap-0
11/17/2025,9,38,39,09:38:39,-104,Tahap-0
11/17/2025,9,38,39,09:38:39,-172,Tahap-0
11/17/2025,9,38,39,09:38:39,-200,Tahap-0
11/17/2025,9,38,39,09:38:39,-160,Tahap-0
11/17/2025,9,38,39,09:38:39,-152,Tahap-0
11/17/2025,9,38,39,09:38:39,-192,Tahap-0
11/17/2025,9,38,40,09:38:40,-124,Tahap-0
11/17/2025,9,38,40,09:38:40,-164,Tahap-0
11/17/2025,9,38,40,09:38:40,-204,Tahap-0
11/17/2025,9,38,40,09:38:40,-252,Tahap-0
11/17/2025,9,38,40,09:38:40,-64,Tahap-0
11/17/2025,9,38,40,09:38:40,-152,Tahap-0
11/17/2025,9,38,40,09:38:40,-144,Tahap-0
11/17/2025,9,38,40,09:38:40,-300,Tahap-0
11/17/2025,9,38,40,09:38:40,-148,Tahap-0
11/17/2025,9,38,40,09:38:40,-224,Tahap-0
11/17/2025,9,38,41,09:38:41,-72,Tahap-0
11/17/2025,9,38,41,09:38:41,-180,Tahap-0
11/17/2025,9,39,5,09:39:05,7879,Tahap-0
11/17/2025,9,39,5,09:39:05,1246,Tahap-0
11/17/2025,9,39,5,09:39:05,1278,Tahap-0
11/17/2025,9,39,5,09:39:05,808,Tahap-0
11/17/2025,9,39,6,09:39:06,529,Tahap-0
11/17/2025,9,39,6,09:39:06,686,Tahap-0
11/17/2025,9,39,6,09:39:06,498,Tahap-0
11/17/2025,9,39,6,09:39:06,511,Tahap-0
11/17/2025,9,39,6,09:39:06,480,Tahap-0
11/17/2025,9,39,6,09:39:06,313,Tahap-0
11/17/2025,9,39,6,09:39:06,402,Tahap-0
11/17/2025,9,39,6,09:39:06,335,Tahap-0
11/17/2025,9,39,6,09:39:06,361,Tahap-0
11/17/2025,9,39,6,09:39:06,291,Tahap-0
11/17/2025,9,39,7,09:39:07,329,Tahap-0
11/17/2025,9,39,7,09:39:07,336,Tahap-0
11/17/2025,9,39,7,09:39:07,297,Tahap-0
11/17/2025,9,39,7,09:39:07,157,Tahap-0
11/17/2025,9,39,7,09:39:07,341,Tahap-0
11/17/2025,9,39,7,09:39:07,268,Tahap-0
11/17/2025,9,39,7,09:39:07,283,Tahap-0
11/17/2025,9,39,7,09:39:07,262,Tahap-0
11/17/2025,9,39,7,09:39:07,215,Tahap-0
11/17/2025,9,39,7,09:39:07,162,Tahap-0
11/17/2025,9,39,8,09:39:08,415,Tahap-0
11/17/2025,9,39,8,09:39:08,252,Tahap-0
11/17/2025,9,39,8,09:39:08,283,Tahap-0
11/17/2025,9,39,8,09:39:08,277,Tahap-0
11/17/2025,9,39,8,09:39:08,256,Tahap-0
11/17/2025,9,39,8,09:39:08,339,Tahap-0
11/17/2025,9,39,8,09:39:08,145,Tahap-0
11/17/2025,9,39,8,09:39:08,75,Tahap-0
11/17/2025,9,39,8,09:39:08,314,Tahap-0
11/17/2025,9,39,8,09:39:08,216,Tahap-0
11/17/2025,9,39,8,09:39:08,88,Tahap-0
11/17/2025,9,39,9,09:39:09,25,Tahap-0
11/17/2025,9,39,9,09:39:09,320,Tahap-0
11/17/2025,9,39,9,09:39:09,384,Tahap-0
11/17/2025,9,39,9,09:39:09,295,Tahap-0
11/17/2025,9,39,9,09:39:09,324,Tahap-0
11/17/2025,9,39,9,09:39:09,854,Tahap-0
11/17/2025,9,39,9,09:39:09,215,Tahap-0
11/17/2025,9,39,9,09:39:09,131,Tahap-0
11/17/2025,9,39,9,09:39:09,89,Tahap-0
11/17/2025,9,39,9,09:39:09,124,Tahap-0
11/17/2025,9,39,10,09:39:10,43,Tahap-0
11/17/2025,9,39,10,09:39:10,172,Tahap-0
11/17/2025,9,39,10,09:39:10,142,Tahap-0
11/17/2025,9,39,10,09:39:10,196,Tahap-0
11/17/2025,9,39,10,09:39:10,917,Tahap-0
11/17/2025,9,39,10,09:39:10,262,Tahap-0
11/17/2025,9,39,10,09:39:10,292,Tahap-0
11/17/2025,9,39,10,09:39:10,225,Tahap-0
11/17/2025,9,39,10,09:39:10,231,Tahap-0
11/17/2025,9,39,10,09:39:10,55,Tahap-0
11/17/2025,9,39,11,09:39:11,132,Tahap-0
11/17/2025,9,39,11,09:39:11,184,Tahap-0
11/17/2025,9,39,11,09:39:11,200,Tahap-0
11/17/2025,9,39,11,09:39:11,174,Tahap-0
11/17/2025,9,39,11,09:39:11,172,Tahap-0
11/17/2025,9,39,11,09:39:11,199,Tahap-0
11/17/2025,9,39,11,09:39:11,239,Tahap-0
11/17/2025,9,39,11,09:39:11,258,Tahap-0
11/17/2025,9,39,11,09:39:11,161,Tahap-0
11/17/2025,9,39,11,09:39:11,180,Tahap-0
11/17/2025,9,39,12,09:39:12,336,Tahap-0
11/17/2025,9,39,12,09:39:12,163,Tahap-0
11/17/2025,9,39,12,09:39:12,243,Tahap-0
11/17/2025,9,39,12,09:39:12,205,Tahap-0
11/17/2025,9,39,12,09:39:12,128,Tahap-0
11/17/2025,9,39,12,09:39:12,175,Tahap-0
11/17/2025,9,39,12,09:39:12,205,Tahap-0
11/17/2025,9,39,12,09:39:12,385,Tahap-0
11/17/2025,9,39,12,09:39:12,292,Tahap-0
11/17/2025,9,39,12,09:39:12,646,Tahap-0
11/17/2025,9,39,13,09:39:13,111,Tahap-0
11/17/2025,9,39,13,09:39:13,275,Tahap-0
11/17/2025,9,39,13,09:39:13,280,Tahap-0
11/17/2025,9,39,13,09:39:13,167,Tahap-0
11/17/2025,9,39,13,09:39:13,224,Tahap-0
11/17/2025,9,39,13,09:39:13,251,Tahap-0
11/17/2025,9,39,13,09:39:13,362,Tahap-0
11/17/2025,9,39,13,09:39:13,395,Tahap-0
11/17/2025,9,39,13,09:39:13,130,Tahap-0
11/17/2025,9,39,13,09:39:13,53,Tahap-0
11/17/2025,9,39,14,09:39:14,146,Tahap-0
11/17/2025,9,39,14,09:39:14,44,Tahap-0
11/17/2025,9,39,14,09:39:14,295,Tahap-0
11/17/2025,9,39,14,09:39:14,200,Tahap-0
11/17/2025,9,39,14,09:39:14,70,Tahap-0
11/17/2025,9,39,14,09:39:14,200,Tahap-0
11/17/2025,9,39,14,09:39:14,179,Tahap-0
11/17/2025,9,39,14,09:39:14,359,Tahap-0
11/17/2025,9,39,14,09:39:14,270,Tahap-0
11/17/2025,9,39,14,09:39:14,151,Tahap-0
11/17/2025,9,39,15,09:39:15,176,Tahap-0
11/17/2025,9,39,15,09:39:15,151,Tahap-0
11/17/2025,9,39,15,09:39:15,225,Tahap-0
11/17/2025,9,39,15,09:39:15,594,Tahap-0
11/17/2025,9,39,15,09:39:15,733,Tahap-0
11/17/2025,9,39,15,09:39:15,166,Tahap-0
11/17/2025,9,39,15,09:39:15,215,Tahap-0
11/17/2025,9,39,15,09:39:15,290,Tahap-0
11/17/2025,9,39,15,09:39:15,127,Tahap-0
11/17/2025,9,39,15,09:39:15,232,Tahap-0
11/17/2025,9,39,16,09:39:16,100,Tahap-0
11/17/2025,9,39,16,09:39:16,73,Tahap-0
11/17/2025,9,39,16,09:39:16,353,Tahap-0
11/17/2025,9,39,16,09:39:16,122,Tahap-0
11/17/2025,9,39,16,09:39:16,159,Tahap-0
11/17/2025,9,39,16,09:39:16,97,Tahap-0
11/17/2025,9,39,16,09:39:16,252,Tahap-0
11/17/2025,9,39,16,09:39:16,348,Tahap-0
11/17/2025,9,39,16,09:39:16,137,Tahap-0
11/17/2025,9,39,16,09:39:16,194,Tahap-0
11/17/2025,9,39,17,09:39:17,480,Tahap-0
11/17/2025,9,39,17,09:39:17,472,Tahap-0
11/17/2025,9,39,17,09:39:17,240,Tahap-0
11/17/2025,9,39,17,09:39:17,291,Tahap-0
11/17/2025,9,39,17,09:39:17,356,Tahap-0
11/17/2025,9,39,17,09:39:17,641,Tahap-0
11/17/2025,9,39,17,09:39:17,479,Tahap-0
11/17/2025,9,39,17,09:39:17,617,Tahap-0
11/17/2025,9,39,17,09:39:17,3853,Tahap-0
11/17/2025,9,39,17,09:39:17,634,Tahap-0
11/17/2025,9,39,18,09:39:18,291,Tahap-0
11/17/2025,9,39,18,09:39:18,236,Tahap-0
11/17/2025,9,39,18,09:39:18,-14,Tahap-0
11/17/2025,9,39,18,09:39:18,40,Tahap-0
11/17/2025,9,39,18,09:39:18,-108,Tahap-0
11/17/2025,9,39,18,09:39:18,42,Tahap-0
11/17/2025,9,39,18,09:39:18,-78,Tahap-0
11/17/2025,9,39,18,09:39:18,62,Tahap-0
11/17/2025,9,39,19,09:39:19,-62,Tahap-0
11/17/2025,9,39,19,09:39:19,40,Tahap-0
11/17/2025,9,39,19,09:39:19,-104,Tahap-0
11/17/2025,9,39,19,09:39:19,6,Tahap-0
11/17/2025,9,39,19,09:39:19,-58,Tahap-0
11/17/2025,9,39,19,09:39:19,88,Tahap-0
11/17/2025,9,39,19,09:39:19,-130,Tahap-0
11/17/2025,9,39,19,09:39:19,66,Tahap-0
11/17/2025,9,39,19,09:39:19,-154,Tahap-0
11/17/2025,9,39,19,09:39:19,36,Tahap-0
11/17/2025,9,39,19,09:39:19,-96,Tahap-0
11/17/2025,9,39,19,09:39:19,40,Tahap-0
11/17/2025,9,39,20,09:39:20,-82,Tahap-0
11/17/2025,9,39,20,09:39:20,6,Tahap-0
11/17/2025,9,39,20,09:39:20,-104,Tahap-0
11/17/2025,9,39,20,09:39:20,24,Tahap-0
11/17/2025,9,39,20,09:39:20,-106,Tahap-0
11/17/2025,9,39,20,09:39:20,2,Tahap-0
11/17/2025,9,39,20,09:39:20,-88,Tahap-0
11/17/2025,9,39,20,09:39:20,-30,Tahap-0
11/17/2025,9,39,20,09:39:20,-100,Tahap-0
11/17/2025,9,39,20,09:39:20,-58,Tahap-0
11/17/2025,9,39,21,09:39:21,-60,Tahap-0
11/17/2025,9,39,21,09:39:21,-74,Tahap-0
11/17/2025,9,39,21,09:39:21,-84,Tahap-0
11/17/2025,9,39,21,09:39:21,-54,Tahap-0
11/17/2025,9,39,21,09:39:21,-60,Tahap-0
11/17/2025,9,39,21,09:39:21,-148,Tahap-0
11/17/2025,9,39,21,09:39:21,-58,Tahap-0
11/17/2025,9,39,21,09:39:21,-134,Tahap-0
11/17/2025,9,39,21,09:39:21,-4,Tahap-0
11/17/2025,9,39,21,09:39:21,-156,Tahap-0
11/17/2025,9,39,22,09:39:22,-20,Tahap-0
11/17/2025,9,39,22,09:39:22,-158,Tahap-0
11/17/2025,9,39,22,09:39:22,-70,Tahap-0
11/17/2025,9,39,22,09:39:22,-134,Tahap-0
11/17/2025,9,39,22,09:39:22,-198,Tahap-0
11/17/2025,9,39,22,09:39:22,-30,Tahap-0
11/17/2025,9,39,22,09:39:22,-196,Tahap-0
11/17/2025,9,39,22,09:39:22,-40,Tahap-0
11/17/2025,9,39,22,09:39:22,-126,Tahap-0
11/17/2025,9,39,23,09:39:23,-24,Tahap-0
11/17/2025,9,39,23,09:39:23,-136,Tahap-0
11/17/2025,9,39,23,09:39:23,-70,Tahap-0
11/17/2025,9,39,23,09:39:23,-180,Tahap-0
11/17/2025,9,39,23,09:39:23,-44,Tahap-0
11/17/2025,9,39,23,09:39:23,-162,Tahap-0
11/17/2025,9,39,23,09:39:23,-48,Tahap-0
11/17/2025,9,39,23,09:39:23,-142,Tahap-0
11/17/2025,9,39,23,09:39:23,-106,Tahap-0
11/17/2025,9,39,23,09:39:23,-144,Tahap-0
11/17/2025,9,39,24,09:39:24,-130,Tahap-0
11/17/2025,9,39,24,09:39:24,-106,Tahap-0
11/17/2025,9,39,24,09:39:24,-114,Tahap-0
11/17/2025,9,39,24,09:39:24,-138,Tahap-0
11/17/2025,9,39,24,09:39:24,-80,Tahap-0
11/17/2025,9,39,24,09:39:24,-104,Tahap-0
11/17/2025,9,39,24,09:39:24,-168,Tahap-0
11/17/2025,9,39,24,09:39:24,-106,Tahap-0
11/17/2025,9,39,24,09:39:24,-160,Tahap-0
11/17/2025,9,39,24,09:39:24,-50,Tahap-0
11/17/2025,9,39,25,09:39:25,-158,Tahap-0
11/17/2025,9,39,25,09:39:25,-34,Tahap-0
11/17/2025,9,39,25,09:39:25,-192,Tahap-0
11/17/2025,9,39,25,09:39:25,-100,Tahap-0
11/17/2025,9,39,25,09:39:25,-132,Tahap-0
11/17/2025,9,39,25,09:39:25,-58,Tahap-0
11/17/2025,9,39,25,09:39:25,-200,Tahap-0
11/17/2025,9,39,25,09:39:25,-48,Tahap-0
11/17/2025,9,39,25,09:39:25,-236,Tahap-0
11/17/2025,9,39,25,09:39:25,-50,Tahap-0
11/17/2025,9,39,26,09:39:26,-188,Tahap-0
11/17/2025,9,39,26,09:39:26,-46,Tahap-0
11/17/2025,9,39,26,09:39:26,-188,Tahap-0
11/17/2025,9,39,26,09:39:26,-86,Tahap-0
11/17/2025,9,39,26,09:39:26,-184,Tahap-0
11/17/2025,9,39,26,09:39:26,-72,Tahap-0
11/17/2025,9,39,26,09:39:26,-180,Tahap-0
11/17/2025,9,39,26,09:39:26,-80,Tahap-0
11/17/2025,9,39,26,09:39:26,-156,Tahap-0
11/17/2025,9,39,26,09:39:26,-118,Tahap-0
11/17/2025,9,39,27,09:39:27,-136,Tahap-0
11/17/2025,9,39,27,09:39:27,-118,Tahap-0
11/17/2025,9,39,27,09:39:27,-134,Tahap-0
11/17/2025,9,39,27,09:39:27,-106,Tahap-0
11/17/2025,9,39,27,09:39:27,-134,Tahap-0
11/17/2025,9,39,27,09:39:27,-64,Tahap-0
11/17/2025,9,39,27,09:39:27,-112,Tahap-0
11/17/2025,9,39,27,09:39:27,-140,Tahap-0
11/17/2025,9,39,27,09:39:27,-94,Tahap-0
11/17/2025,9,39,27,09:39:27,-148,Tahap-0
11/17/2025,9,39,28,09:39:28,-46,Tahap-0
11/17/2025,9,39,28,09:39:28,-124,Tahap-0
11/17/2025,9,39,28,09:39:28,-62,Tahap-0
11/17/2025,9,39,28,09:39:28,-170,Tahap-0
11/17/2025,9,39,28,09:39:28,-86,Tahap-0
11/17/2025,9,39,28,09:39:28,-98,Tahap-0
11/17/2025,9,39,28,09:39:28,-14,Tahap-0
11/17/2025,9,39,28,09:39:28,-158,Tahap-0
11/17/2025,9,39,28,09:39:28,-32,Tahap-0
11/17/2025,9,39,28,09:39:28,-196,Tahap-0
11/17/2025,9,39,29,09:39:29,-30,Tahap-0
11/17/2025,9,39,29,09:39:29,-122,Tahap-0
11/17/2025,9,39,29,09:39:29,-16,Tahap-0
11/17/2025,9,39,29,09:39:29,-128,Tahap-0
11/17/2025,9,39,29,09:39:29,-62,Tahap-0
11/17/2025,9,39,29,09:39:29,-98,Tahap-0
11/17/2025,9,39,29,09:39:29,-52,Tahap-0
11/17/2025,9,39,29,09:39:29,-138,Tahap-0
11/17/2025,9,39,29,09:39:29,-28,Tahap-0
11/17/2025,9,39,29,09:39:29,-98,Tahap-0
11/17/2025,9,39,30,09:39:30,-42,Tahap-0
11/17/2025,9,39,30,09:39:30,-98,Tahap-0
11/17/2025,9,39,30,09:39:30,-84,Tahap-0
11/17/2025,9,39,30,09:39:30,-98,Tahap-0
11/17/2025,9,39,30,09:39:30,-114,Tahap-0
11/17/2025,9,39,30,09:39:30,-68,Tahap-0
11/17/2025,9,39,30,09:39:30,-52,Tahap-0
11/17/2025,9,39,30,09:39:30,-84,Tahap-0
11/17/2025,9,39,30,09:39:30,-120,Tahap-0
11/17/2025,9,39,30,09:39:30,-64,Tahap-0
11/17/2025,9,39,31,09:39:31,-98,Tahap-0
11/17/2025,9,39,55,09:39:55,5403,Tahap-0
11/17/2025,9,39,55,09:39:55,760,Tahap-0
11/17/2025,9,39,55,09:39:55,264,Tahap-0
11/17/2025,9,39,55,09:39:55,384,Tahap-0
11/17/2025,9,39,55,09:39:55,502,Tahap-0
11/17/2025,9,39,56,09:39:56,287,Tahap-0
11/17/2025,9,39,56,09:39:56,118,Tahap-0
11/17/2025,9,39,56,09:39:56,160,Tahap-0
11/17/2025,9,39,56,09:39:56,330,Tahap-0
11/17/2025,9,39,56,09:39:56,75,Tahap-0
11/17/2025,9,39,56,09:39:56,195,Tahap-0
11/17/2025,9,39,56,09:39:56,171,Tahap-0
11/17/2025,9,39,56,09:39:56,116,Tahap-0
11/17/2025,9,39,56,09:39:56,194,Tahap-0
11/17/2025,9,39,56,09:39:56,230,Tahap-0
11/17/2025,9,39,57,09:39:57,57,Tahap-0
11/17/2025,9,39,57,09:39:57,96,Tahap-0
11/17/2025,9,39,57,09:39:57,96,Tahap-0
11/17/2025,9,39,57,09:39:57,68,Tahap-0
11/17/2025,9,39,57,09:39:57,90,Tahap-0
11/17/2025,9,39,57,09:39:57,90,Tahap-0
11/17/2025,9,39,57,09:39:57,212,Tahap-0
11/17/2025,9,39,57,09:39:57,128,Tahap-0
11/17/2025,9,39,57,09:39:57,35,Tahap-0
11/17/2025,9,39,57,09:39:57,164,Tahap-0
11/17/2025,9,39,58,09:39:58,167,Tahap-0
11/17/2025,9,39,58,09:39:58,151,Tahap-0
11/17/2025,9,39,58,09:39:58,94,Tahap-0
11/17/2025,9,39,58,09:39:58,179,Tahap-0
11/17/2025,9,39,58,09:39:58,168,Tahap-0
11/17/2025,9,39,58,09:39:58,66,Tahap-0
11/17/2025,9,39,58,09:39:58,104,Tahap-0
11/17/2025,9,39,58,09:39:58,189,Tahap-0
11/17/2025,9,39,58,09:39:58,35,Tahap-0
11/17/2025,9,39,58,09:39:58,130,Tahap-0
11/17/2025,9,39,59,09:39:59,172,Tahap-0
11/17/2025,9,39,59,09:39:59,91,Tahap-0
11/17/2025,9,39,59,09:39:59,98,Tahap-0
11/17/2025,9,39,59,09:39:59,157,Tahap-0
11/17/2025,9,39,59,09:39:59,355,Tahap-0
11/17/2025,9,39,59,09:39:59,808,Tahap-0
11/17/2025,9,39,59,09:39:59,422,Tahap-0
11/17/2025,9,39,59,09:39:59,266,Tahap-0
11/17/2025,9,39,59,09:39:59,97,Tahap-0
11/17/2025,9,39,59,09:39:59,30,Tahap-0
11/17/2025,9,40,1,09:40:01,104,Tahap-0
11/17/2025,9,40,1,09:40:01,144,Tahap-0
11/17/2025,9,40,1,09:40:01,105,Tahap-0
11/17/2025,9,40,1,09:40:01,66,Tahap-0
11/17/2025,9,40,1,09:40:01,45,Tahap-0
11/17/2025,9,40,1,09:40:01,111,Tahap-0
11/17/2025,9,40,1,09:40:01,127,Tahap-0
11/17/2025,9,40,1,09:40:01,9,Tahap-0
11/17/2025,9,40,1,09:40:01,86,Tahap-0
11/17/2025,9,40,1,09:40:01,9,Tahap-0
11/17/2025,9,40,1,09:40:01,225,Tahap-0
11/17/2025,9,40,2,09:40:02,133,Tahap-0
11/17/2025,9,40,2,09:40:02,148,Tahap-0
11/17/2025,9,40,2,09:40:02,65,Tahap-0
11/17/2025,9,40,2,09:40:02,137,Tahap-0
11/17/2025,9,40,2,09:40:02,185,Tahap-0
11/17/2025,9,40,2,09:40:02,25,Tahap-0
11/17/2025,9,40,2,09:40:02,217,Tahap-0
11/17/2025,9,40,2,09:40:02,168,Tahap-0
11/17/2025,9,40,2,09:40:02,735,Tahap-0
11/17/2025,9,40,2,09:40:02,158,Tahap-0
11/17/2025,9,40,3,09:40:03,264,Tahap-0
11/17/2025,9,40,3,09:40:03,58,Tahap-0
11/17/2025,9,40,3,09:40:03,21,Tahap-0
11/17/2025,9,40,3,09:40:03,170,Tahap-0
11/17/2025,9,40,3,09:40:03,124,Tahap-0
11/17/2025,9,40,3,09:40:03,46,Tahap-0
11/17/2025,9,40,3,09:40:03,282,Tahap-0
11/17/2025,9,40,3,09:40:03,48,Tahap-0
11/17/2025,9,40,3,09:40:03,63,Tahap-0
11/17/2025,9,40,3,09:40:03,52,Tahap-0
11/17/2025,9,40,4,09:40:04,136,Tahap-0
11/17/2025,9,40,4,09:40:04,206,Tahap-0
11/17/2025,9,40,4,09:40:04,159,Tahap-0
11/17/2025,9,40,4,09:40:04,12,Tahap-0
11/17/2025,9,40,4,09:40:04,134,Tahap-0
11/17/2025,9,40,4,09:40:04,142,Tahap-0
11/17/2025,9,40,4,09:40:04,107,Tahap-0
11/17/2025,9,40,4,09:40:04,51,Tahap-0
11/17/2025,9,40,4,09:40:04,144,Tahap-0
11/17/2025,9,40,4,09:40:04,200,Tahap-0
11/17/2025,9,40,5,09:40:05,46,Tahap-0
11/17/2025,9,40,5,09:40:05,352,Tahap-0
11/17/2025,9,40,5,09:40:05,179,Tahap-0
11/17/2025,9,40,5,09:40:05,747,Tahap-0
11/17/2025,9,40,5,09:40:05,218,Tahap-0
11/17/2025,9,40,5,09:40:05,425,Tahap-0
11/17/2025,9,40,5,09:40:05,167,Tahap-0
11/17/2025,9,40,5,09:40:05,353,Tahap-0
11/17/2025,9,40,5,09:40:05,78,Tahap-0
11/17/2025,9,40,5,09:40:05,96,Tahap-0
11/17/2025,9,40,6,09:40:06,226,Tahap-0
11/17/2025,9,40,6,09:40:06,125,Tahap-0
11/17/2025,9,40,6,09:40:06,286,Tahap-0
11/17/2025,9,40,6,09:40:06,124,Tahap-0
11/17/2025,9,40,6,09:40:06,85,Tahap-0
11/17/2025,9,40,6,09:40:06,182,Tahap-0
11/17/2025,9,40,6,09:40:06,262,Tahap-0
11/17/2025,9,40,6,09:40:06,249,Tahap-0
11/17/2025,9,40,6,09:40:06,242,Tahap-0
11/17/2025,9,40,6,09:40:06,201,Tahap-0
11/17/2025,9,40,7,09:40:07,441,Tahap-0
11/17/2025,9,40,7,09:40:07,335,Tahap-0
11/17/2025,9,40,7,09:40:07,159,Tahap-0
11/17/2025,9,40,7,09:40:07,408,Tahap-0
11/17/2025,9,40,7,09:40:07,409,Tahap-0
11/17/2025,9,40,7,09:40:07,422,Tahap-0
11/17/2025,9,40,7,09:40:07,897,Tahap-0
11/17/2025,9,40,7,09:40:07,2856,Tahap-0
11/17/2025,9,40,7,09:40:07,1201,Tahap-0
11/17/2025,9,40,7,09:40:07,294,Tahap-0
11/17/2025,9,40,8,09:40:08,229,Tahap-0
11/17/2025,9,40,8,09:40:08,152,Tahap-0
11/17/2025,9,40,8,09:40:08,236,Tahap-0
11/17/2025,9,40,8,09:40:08,192,Tahap-0
11/17/2025,9,40,8,09:40:08,104,Tahap-0
11/17/2025,9,40,8,09:40:08,112,Tahap-0
11/17/2025,9,40,8,09:40:08,136,Tahap-0
11/17/2025,9,40,8,09:40:08,172,Tahap-0
11/17/2025,9,40,8,09:40:08,176,Tahap-0
11/17/2025,9,40,8,09:40:08,184,Tahap-0
11/17/2025,9,40,9,09:40:09,156,Tahap-0
11/17/2025,9,40,9,09:40:09,12,Tahap-0
11/17/2025,9,40,9,09:40:09,232,Tahap-0
11/17/2025,9,40,9,09:40:09,168,Tahap-0
11/17/2025,9,40,9,09:40:09,196,Tahap-0
11/17/2025,9,40,9,09:40:09,196,Tahap-0
11/17/2025,9,40,9,09:40:09,208,Tahap-0
11/17/2025,9,40,9,09:40:09,140,Tahap-0
11/17/2025,9,40,9,09:40:09,244,Tahap-0
11/17/2025,9,40,9,09:40:09,232,Tahap-0
11/17/2025,9,40,10,09:40:10,300,Tahap-0
11/17/2025,9,40,10,09:40:10,72,Tahap-0
11/17/2025,9,40,10,09:40:10,348,Tahap-0
11/17/2025,9,40,10,09:40:10,156,Tahap-0
11/17/2025,9,40,10,09:40:10,208,Tahap-0
11/17/2025,9,40,10,09:40:10,216,Tahap-0
11/17/2025,9,40,10,09:40:10,240,Tahap-0
11/17/2025,9,40,10,09:40:10,212,Tahap-0
11/17/2025,9,40,10,09:40:10,224,Tahap-0
11/17/2025,9,40,10,09:40:10,212,Tahap-0
11/17/2025,9,40,11,09:40:11,184,Tahap-0
11/17/2025,9,40,11,09:40:11,92,Tahap-0
11/17/2025,9,40,11,09:40:11,244,Tahap-0
11/17/2025,9,40,11,09:40:11,240,Tahap-0
11/17/2025,9,40,11,09:40:11,172,Tahap-0
11/17/2025,9,40,11,09:40:11,184,Tahap-0
11/17/2025,9,40,11,09:40:11,72,Tahap-0
11/17/2025,9,40,11,09:40:11,224,Tahap-0
11/17/2025,9,40,11,09:40:11,144,Tahap-0
11/17/2025,9,40,11,09:40:11,288,Tahap-0
11/17/2025,9,40,12,09:40:12,120,Tahap-0
11/17/2025,9,40,12,09:40:12,172,Tahap-0
11/17/2025,9,40,12,09:40:12,44,Tahap-0
11/17/2025,9,40,12,09:40:12,300,Tahap-0
11/17/2025,9,40,12,09:40:12,64,Tahap-0
11/17/2025,9,40,12,09:40:12,232,Tahap-0
11/17/2025,9,40,12,09:40:12,80,Tahap-0
11/17/2025,9,40,12,09:40:12,208,Tahap-0
11/17/2025,9,40,12,09:40:12,44,Tahap-0
11/17/2025,9,40,12,09:40:12,188,Tahap-0
11/17/2025,9,40,13,09:40:13,124,Tahap-0
11/17/2025,9,40,13,09:40:13,188,Tahap-0
11/17/2025,9,40,13,09:40:13,-4,Tahap-0
11/17/2025,9,40,13,09:40:13,276,Tahap-0
11/17/2025,9,40,13,09:40:13,16,Tahap-0
11/17/2025,9,40,13,09:40:13,104,Tahap-0
11/17/2025,9,40,13,09:40:13,16,Tahap-0
11/17/2025,9,40,13,09:40:13,96,Tahap-0
11/17/2025,9,40,13,09:40:13,48,Tahap-0
11/17/2025,9,40,13,09:40:13,108,Tahap-0
11/17/2025,9,40,14,09:40:14,20,Tahap-0
11/17/2025,9,40,14,09:40:14,84,Tahap-0
11/17/2025,9,40,14,09:40:14,-24,Tahap-0
11/17/2025,9,40,14,09:40:14,164,Tahap-0
11/17/2025,9,40,14,09:40:14,88,Tahap-0
11/17/2025,9,40,14,09:40:14,36,Tahap-0
11/17/2025,9,40,14,09:40:14,-28,Tahap-0
11/17/2025,9,40,14,09:40:14,-44,Tahap-0
11/17/2025,9,40,14,09:40:14,76,Tahap-0
11/17/2025,9,40,14,09:40:14,48,Tahap-0
11/17/2025,9,40,15,09:40:15,104,Tahap-0
11/17/2025,9,40,15,09:40:15,16,Tahap-0
11/17/2025,9,40,15,09:40:15,24,Tahap-0
11/17/2025,9,40,15,09:40:15,-64,Tahap-0
11/17/2025,9,40,15,09:40:15,168,Tahap-0
11/17/2025,9,40,15,09:40:15,-64,Tahap-0
11/17/2025,9,40,15,09:40:15,152,Tahap-0
11/17/2025,9,40,15,09:40:15,-72,Tahap-0
11/17/2025,9,40,15,09:40:15,96,Tahap-0
11/17/2025,9,40,15,09:40:15,-120,Tahap-0
11/17/2025,9,40,16,09:40:16,108,Tahap-0
11/17/2025,9,40,16,09:40:16,-32,Tahap-0
11/17/2025,9,40,16,09:40:16,76,Tahap-0
11/17/2025,9,40,16,09:40:16,-100,Tahap-0
11/17/2025,9,40,16,09:40:16,196,Tahap-0
11/17/2025,9,40,16,09:40:16,-128,Tahap-0
11/17/2025,9,40,16,09:40:16,20,Tahap-0
11/17/2025,9,40,16,09:40:16,-84,Tahap-0
11/17/2025,9,40,16,09:40:16,48,Tahap-0
11/17/2025,9,40,16,09:40:16,-32,Tahap-0
11/17/2025,9,40,17,09:40:17,12,Tahap-0
11/17/2025,9,40,17,09:40:17,-60,Tahap-0
11/17/2025,9,40,17,09:40:17,-60,Tahap-0
11/17/2025,9,40,17,09:40:17,-176,Tahap-0
11/17/2025,9,40,17,09:40:17,32,Tahap-0
11/17/2025,9,40,17,09:40:17,-52,Tahap-0
11/17/2025,9,40,17,09:40:17,-44,Tahap-0
11/17/2025,9,40,17,09:40:17,-124,Tahap-0
11/17/2025,9,40,17,09:40:17,-160,Tahap-0
11/17/2025,9,40,17,09:40:17,-64,Tahap-0
11/17/2025,9,40,18,09:40:18,-52,Tahap-0
11/17/2025,9,40,18,09:40:18,-40,Tahap-0
11/17/2025,9,40,18,09:40:18,-128,Tahap-0
11/17/2025,9,40,18,09:40:18,-136,Tahap-0
11/17/2025,9,40,18,09:40:18,-208,Tahap-0
11/17/2025,9,40,18,09:40:18,24,Tahap-0
11/17/2025,9,40,18,09:40:18,-248,Tahap-0
11/17/2025,9,40,18,09:40:18,-12,Tahap-0
