Tanggal,Jam,Menit,Detik,Waktu,frekuensi,label
12/16/2025,15,29,7,15:29:07,19278,Tahap-0
12/16/2025,15,29,7,15:29:07,2230,Tahap-0
12/16/2025,15,29,7,15:29:07,2383,Tahap-0
12/16/2025,15,29,7,15:29:07,835,Tahap-0
12/16/2025,15,29,7,15:29:07,336,Tahap-0
12/16/2025,15,29,7,15:29:07,727,Tahap-0
12/16/2025,15,29,7,15:29:07,16,Tahap-0
12/16/2025,15,29,7,15:29:07,274,Tahap-0
12/16/2025,15,29,7,15:29:07,320,Tahap-0
12/16/2025,15,29,8,15:29:08,635,Tahap-0
12/16/2025,15,29,8,15:29:08,58,Tahap-0
12/16/2025,15,29,8,15:29:08,433,Tahap-0
12/16/2025,15,29,8,15:29:08,663,Tahap-0
12/16/2025,15,29,8,15:29:08,1162,Tahap-0
12/16/2025,15,29,8,15:29:08,749,Tahap-0
12/16/2025,15,29,8,15:29:08,268,Tahap-0
12/16/2025,15,29,8,15:29:08,231,Tahap-0
12/16/2025,15,29,8,15:29:08,359,Tahap-0
12/16/2025,15,29,8,15:29:08,207,Tahap-0
12/16/2025,15,29,9,15:29:09,42,Tahap-0
12/16/2025,15,29,9,15:29:09,403,Tahap-0
12/16/2025,15,29,9,15:29:09,278,Tahap-0
12/16/2025,15,29,9,15:29:09,532,Tahap-0
12/16/2025,15,29,9,15:29:09,58,Tahap-0
12/16/2025,15,29,9,15:29:09,347,Tahap-0
12/16/2025,15,29,9,15:29:09,208,Tahap-0
12/16/2025,15,29,9,15:29:09,226,Tahap-0
12/16/2025,15,29,9,15:29:09,160,Tahap-0
12/16/2025,15,29,9,15:29:09,210,Tahap-0
12/16/2025,15,29,10,15:29:10,126,Tahap-0
12/16/2025,15,29,10,15:29:10,77,Tahap-0
12/16/2025,15,29,10,15:29:10,58,Tahap-0
12/16/2025,15,29,10,15:29:10,96,Tahap-0
12/16/2025,15,29,10,15:29:10,181,Tahap-0
12/16/2025,15,29,10,15:29:10,258,Tahap-0
12/16/2025,15,29,10,15:29:10,41,Tahap-0
12/16/2025,15,29,10,15:29:10,256,Tahap-0
12/16/2025,15,29,10,15:29:10,281,Tahap-0
12/16/2025,15,29,10,15:29:10,273,Tahap-0
12/16/2025,15,29,10,15:29:10,117,Tahap-0
12/16/2025,15,29,11,15:29:11,1444,Tahap-0
12/16/2025,15,29,11,15:29:11,401,Tahap-0
12/16/2025,15,29,11,15:29:11,398,Tahap-0
12/16/2025,15,29,11,15:29:11,76,Tahap-0
12/16/2025,15,29,11,15:29:11,769,Tahap-0
12/16/2025,15,29,11,15:29:11,123,Tahap-0
12/16/2025,15,29,11,15:29:11,106,Tahap-0
12/16/2025,15,29,11,15:29:11,226,Tahap-0
12/16/2025,15,29,11,15:29:11,199,Tahap-0
12/16/2025,15,29,11,15:29:11,215,Tahap-0
12/16/2025,15,29,12,15:29:12,249,Tahap-0
12/16/2025,15,29,12,15:29:12,113,Tahap-0
12/16/2025,15,29,12,15:29:12,229,Tahap-0
12/16/2025,15,29,12,15:29:12,287,Tahap-0
12/16/2025,15,29,12,15:29:12,224,Tahap-0
12/16/2025,15,29,12,15:29:12,85,Tahap-0
12/16/2025,15,29,12,15:29:12,265,Tahap-0
12/16/2025,15,29,12,15:29:12,203,Tahap-0
12/16/2025,15,29,12,15:29:12,150,Tahap-0
12/16/2025,15,29,12,15:29:12,189,Tahap-0
12/16/2025,15,29,13,15:29:13,66,Tahap-0
12/16/2025,15,29,13,15:29:13,203,Tahap-0
12/16/2025,15,29,13,15:29:13,162,Tahap-0
12/16/2025,15,29,13,15:29:13,210,Tahap-0
12/16/2025,15,29,13,15:29:13,321,Tahap-0
12/16/2025,15,29,13,15:29:13,491,Tahap-0
12/16/2025,15,29,13,15:29:13,566,Tahap-0
12/16/2025,15,29,13,15:29:13,1063,Tahap-0
12/16/2025,15,29,13,15:29:13,227,Tahap-0
12/16/2025,15,29,13,15:29:13,48,Tahap-0
12/16/2025,15,29,14,15:29:14,53,Tahap-0
12/16/2025,15,29,14,15:29:14,157,Tahap-0
12/16/2025,15,29,14,15:29:14,193,Tahap-0
12/16/2025,15,29,14,15:29:14,200,Tahap-0
12/16/2025,15,29,14,15:29:14,138,Tahap-0
12/16/2025,15,29,14,15:29:14,237,Tahap-0
12/16/2025,15,29,14,15:29:14,67,Tahap-0
12/16/2025,15,29,14,15:29:14,105,Tahap-0
12/16/2025,15,29,14,15:29:14,98,Tahap-0
12/16/2025,15,29,14,15:29:14,148,Tahap-0
12/16/2025,15,29,15,15:29:15,189,Tahap-0
12/16/2025,15,29,15,15:29:15,131,Tahap-0
12/16/2025,15,29,15,15:29:15,147,Tahap-0
12/16/2025,15,29,15,15:29:15,70,Tahap-0
12/16/2025,15,29,15,15:29:15,166,Tahap-0
12/16/2025,15,29,15,15:29:15,140,Tahap-0
12/16/2025,15,29,15,15:29:15,414,Tahap-0
12/16/2025,15,29,15,15:29:15,419,Tahap-0
12/16/2025,15,29,15,15:29:15,269,Tahap-0
12/16/2025,15,29,15,15:29:15,1224,Tahap-0
12/16/2025,15,29,16,15:29:16,673,Tahap-0
12/16/2025,15,29,16,15:29:16,239,Tahap-0
12/16/2025,15,29,16,15:29:16,363,Tahap-0
12/16/2025,15,29,16,15:29:16,282,Tahap-0
12/16/2025,15,29,16,15:29:16,431,Tahap-0
12/16/2025,15,29,16,15:29:16,403,Tahap-0
12/16/2025,15,29,16,15:29:16,215,Tahap-0
12/16/2025,15,29,16,15:29:16,314,Tahap-0
12/16/2025,15,29,16,15:29:16,408,Tahap-0
12/16/2025,15,29,16,15:29:16,109,Tahap-0
12/16/2025,15,29,17,15:29:17,219,Tahap-0
12/16/2025,15,29,17,15:29:17,381,Tahap-0
12/16/2025,15,29,17,15:29:17,122,Tahap-0
12/16/2025,15,29,17,15:29:17,192,Tahap-0
12/16/2025,15,29,17,15:29:17,266,Tahap-0
12/16/2025,15,29,17,15:29:17,234,Tahap-0
12/16/2025,15,29,17,15:29:17,303,Tahap-0
12/16/2025,15,29,17,15:29:17,172,Tahap-0
12/16/2025,15,29,17,15:29:17,63,Tahap-0
12/16/2025,15,29,17,15:29:17,580,Tahap-0
12/16/2025,15,29,18,15:29:18,520,Tahap-0
12/16/2025,15,29,18,15:29:18,428,Tahap-0
12/16/2025,15,29,18,15:29:18,989,Tahap-0
12/16/2025,15,29,18,15:29:18,685,Tahap-0
12/16/2025,15,29,18,15:29:18,105,Tahap-0
12/16/2025,15,29,18,15:29:18,397,Tahap-0
12/16/2025,15,29,18,15:29:18,134,Tahap-0
12/16/2025,15,29,18,15:29:18,650,Tahap-0
12/16/2025,15,29,18,15:29:18,78,Tahap-0
12/16/2025,15,29,18,15:29:18,260,Tahap-0
12/16/2025,15,29,19,15:29:19,527,Tahap-0
12/16/2025,15,29,19,15:29:19,474,Tahap-0
12/16/2025,15,29,19,15:29:19,1900,Tahap-0
12/16/2025,15,29,19,15:29:19,390,Tahap-0
12/16/2025,15,29,19,15:29:19,45,Tahap-0
12/16/2025,15,29,19,15:29:19,28,Tahap-0
12/16/2025,15,29,19,15:29:19,399,Tahap-0
12/16/2025,15,29,19,15:29:19,120,Tahap-0
12/16/2025,15,29,19,15:29:19,238,Tahap-0
12/16/2025,15,29,19,15:29:19,82,Tahap-0
12/16/2025,15,29,20,15:29:20,262,Tahap-0
12/16/2025,15,29,20,15:29:20,210,Tahap-0
12/16/2025,15,29,20,15:29:20,292,Tahap-0
12/16/2025,15,29,20,15:29:20,174,Tahap-0
12/16/2025,15,29,20,15:29:20,256,Tahap-0
12/16/2025,15,29,20,15:29:20,234,Tahap-0
12/16/2025,15,29,20,15:29:20,258,Tahap-0
12/16/2025,15,29,20,15:29:20,266,Tahap-0
12/16/2025,15,29,20,15:29:20,206,Tahap-0
12/16/2025,15,29,20,15:29:20,292,Tahap-0
12/16/2025,15,29,21,15:29:21,200,Tahap-0
12/16/2025,15,29,21,15:29:21,192,Tahap-0
12/16/2025,15,29,21,15:29:21,242,Tahap-0
12/16/2025,15,29,21,15:29:21,254,Tahap-0
12/16/2025,15,29,21,15:29:21,184,Tahap-0
12/16/2025,15,29,21,15:29:21,288,Tahap-0
12/16/2025,15,29,21,15:29:21,256,Tahap-0
12/16/2025,15,29,21,15:29:21,254,Tahap-0
12/16/2025,15,29,21,15:29:21,278,Tahap-0
12/16/2025,15,29,21,15:29:21,240,Tahap-0
12/16/2025,15,29,22,15:29:22,352,Tahap-0
12/16/2025,15,29,22,15:29:22,334,Tahap-0
12/16/2025,15,29,22,15:29:22,250,Tahap-0
12/16/2025,15,29,22,15:29:22,310,Tahap-0
12/16/2025,15,29,22,15:29:22,288,Tahap-0
12/16/2025,15,29,22,15:29:22,284,Tahap-0
12/16/2025,15,29,22,15:29:22,276,Tahap-0
12/16/2025,15,29,22,15:29:22,388,Tahap-0
12/16/2025,15,29,22,15:29:22,246,Tahap-0
12/16/2025,15,29,22,15:29:22,350,Tahap-0
12/16/2025,15,29,23,15:29:23,174,Tahap-0
12/16/2025,15,29,23,15:29:23,338,Tahap-0
12/16/2025,15,29,23,15:29:23,260,Tahap-0
12/16/2025,15,29,23,15:29:23,332,Tahap-0
12/16/2025,15,29,23,15:29:23,240,Tahap-0
12/16/2025,15,29,23,15:29:23,336,Tahap-0
12/16/2025,15,29,23,15:29:23,228,Tahap-0
12/16/2025,15,29,23,15:29:23,250,Tahap-0
12/16/2025,15,29,23,15:29:23,344,Tahap-0
12/16/2025,15,29,23,15:29:23,310,Tahap-0
12/16/2025,15,29,24,15:29:24,356,Tahap-0
12/16/2025,15,29,24,15:29:24,290,Tahap-0
12/16/2025,15,29,24,15:29:24,236,Tahap-0
12/16/2025,15,29,24,15:29:24,298,Tahap-0
12/16/2025,15,29,24,15:29:24,284,Tahap-0
12/16/2025,15,29,24,15:29:24,286,Tahap-0
12/16/2025,15,29,24,15:29:24,352,Tahap-0
12/16/2025,15,29,24,15:29:24,252,Tahap-0
12/16/2025,15,29,24,15:29:24,224,Tahap-0
12/16/2025,15,29,24,15:29:24,246,Tahap-0
12/16/2025,15,29,25,15:29:25,304,Tahap-0
12/16/2025,15,29,25,15:29:25,254,Tahap-0
12/16/2025,15,29,25,15:29:25,348,Tahap-0
12/16/2025,15,29,25,15:29:25,160,Tahap-0
12/16/2025,15,29,25,15:29:25,280,Tahap-0
12/16/2025,15,29,25,15:29:25,162,Tahap-0
12/16/2025,15,29,25,15:29:25,216,Tahap-0
12/16/2025,15,29,25,15:29:25,216,Tahap-0
12/16/2025,15,29,25,15:29:25,266,Tahap-0
12/16/2025,15,29,25,15:29:25,168,Tahap-0
12/16/2025,15,29,26,15:29:26,172,Tahap-0
12/16/2025,15,29,26,15:29:26,212,Tahap-0
12/16/2025,15,29,26,15:29:26,148,Tahap-0
12/16/2025,15,29,26,15:29:26,240,Tahap-0
12/16/2025,15,29,26,15:29:26,114,Tahap-0
12/16/2025,15,29,26,15:29:26,170,Tahap-0
12/16/2025,15,29,26,15:29:26,174,Tahap-0
12/16/2025,15,29,26,15:29:26,74,Tahap-0
12/16/2025,15,29,26,15:29:26,110,Tahap-0
12/16/2025,15,29,26,15:29:26,184,Tahap-0
12/16/2025,15,29,27,15:29:27,132,Tahap-0
12/16/2025,15,29,27,15:29:27,158,Tahap-0
12/16/2025,15,29,27,15:29:27,174,Tahap-0
12/16/2025,15,29,27,15:29:27,150,Tahap-0
12/16/2025,15,29,27,15:29:27,144,Tahap-0
12/16/2025,15,29,27,15:29:27,146,Tahap-0
12/16/2025,15,29,27,15:29:27,100,Tahap-0
12/16/2025,15,29,27,15:29:27,214,Tahap-0
12/16/2025,15,29,27,15:29:27,46,Tahap-0
12/16/2025,15,29,27,15:29:27,96,Tahap-0
12/16/2025,15,29,28,15:29:28,4,Tahap-0
12/16/2025,15,29,28,15:29:28,90,Tahap-0
12/16/2025,15,29,28,15:29:28,-40,Tahap-0
12/16/2025,15,29,28,15:29:28,94,Tahap-0
12/16/2025,15,29,28,15:29:28,-6,Tahap-0
12/16/2025,15,29,28,15:29:28,30,Tahap-0
12/16/2025,15,29,28,15:29:28,-4,Tahap-0
12/16/2025,15,29,28,15:29:28,-36,Tahap-0
12/16/2025,15,29,28,15:29:28,64,Tahap-0
12/16/2025,15,29,28,15:29:28,52,Tahap-0
12/16/2025,15,29,29,15:29:29,56,Tahap-0
12/16/2025,15,29,29,15:29:29,70,Tahap-0
12/16/2025,15,29,29,15:29:29,66,Tahap-0
12/16/2025,15,29,29,15:29:29,-38,Tahap-0
12/16/2025,15,29,29,15:29:29,46,Tahap-0
12/16/2025,15,29,29,15:29:29,64,Tahap-0
12/16/2025,15,29,29,15:29:29,38,Tahap-0
12/16/2025,15,29,29,15:29:29,-34,Tahap-0
12/16/2025,15,29,29,15:29:29,-88,Tahap-0
12/16/2025,15,29,29,15:29:29,-110,Tahap-0
12/16/2025,15,29,30,15:29:30,-58,Tahap-0
12/16/2025,15,29,30,15:29:30,-144,Tahap-0
12/16/2025,15,29,30,15:29:30,-42,Tahap-0
12/16/2025,15,29,30,15:29:30,-108,Tahap-0
12/16/2025,15,29,30,15:29:30,-94,Tahap-0
12/16/2025,15,29,30,15:29:30,-190,Tahap-0
12/16/2025,15,29,30,15:29:30,10,Tahap-0
12/16/2025,15,29,30,15:29:30,-88,Tahap-0
12/16/2025,15,29,30,15:29:30,-10,Tahap-0
12/16/2025,15,29,30,15:29:30,-150,Tahap-0
12/16/2025,15,29,31,15:29:31,-144,Tahap-0
12/16/2025,15,29,31,15:29:31,-144,Tahap-0
12/16/2025,15,29,31,15:29:31,-144,Tahap-0
12/16/2025,15,29,31,15:29:31,-168,Tahap-0
12/16/2025,15,29,32,15:29:32,-98,Tahap-0
12/16/2025,15,29,32,15:29:32,-168,Tahap-0
12/16/2025,15,29,32,15:29:32,-240,Tahap-0
12/16/2025,15,29,32,15:29:32,-184,Tahap-0
12/16/2025,15,29,32,15:29:32,-194,Tahap-0
12/16/2025,15,29,32,15:29:32,-160,Tahap-0
12/16/2025,15,29,32,15:29:32,-194,Tahap-0
12/16/2025,15,29,32,15:29:32,-232,Tahap-0
12/16/2025,15,29,32,15:29:32,-218,Tahap-0
12/16/2025,15,29,32,15:29:32,-220,Tahap-0
12/16/2025,15,29,32,15:29:32,-300,Tahap-0
12/16/2025,15,29,32,15:29:32,-198,Tahap-0
12/16/2025,15,29,57,15:29:57,10099,Tahap-0
12/16/2025,15,29,57,15:29:57,3684,Tahap-0
12/16/2025,15,29,57,15:29:57,572,Tahap-0
12/16/2025,15,29,57,15:29:57,781,Tahap-0
12/16/2025,15,29,57,15:29:57,561,Tahap-0
12/16/2025,15,29,57,15:29:57,257,Tahap-0
12/16/2025,15,29,57,15:29:57,79,Tahap-0
12/16/2025,15,29,57,15:29:57,39,Tahap-0
12/16/2025,15,29,57,15:29:57,76,Tahap-0
12/16/2025,15,29,57,15:29:57,146,Tahap-0
12/16/2025,15,29,58,15:29:58,54,Tahap-0
12/16/2025,15,29,58,15:29:58,21,Tahap-0
12/16/2025,15,29,58,15:29:58,89,Tahap-0
12/16/2025,15,29,58,15:29:58,78,Tahap-0
12/16/2025,15,29,58,15:29:58,199,Tahap-0
12/16/2025,15,29,58,15:29:58,162,Tahap-0
12/16/2025,15,29,58,15:29:58,75,Tahap-0
12/16/2025,15,29,58,15:29:58,59,Tahap-0
12/16/2025,15,29,58,15:29:58,104,Tahap-0
12/16/2025,15,29,58,15:29:58,68,Tahap-0
12/16/2025,15,29,59,15:29:59,133,Tahap-0
12/16/2025,15,29,59,15:29:59,271,Tahap-0
12/16/2025,15,29,59,15:29:59,271,Tahap-0
12/16/2025,15,29,59,15:29:59,407,Tahap-0
12/16/2025,15,29,59,15:29:59,340,Tahap-0
12/16/2025,15,29,59,15:29:59,171,Tahap-0
12/16/2025,15,29,59,15:29:59,98,Tahap-0
12/16/2025,15,29,59,15:29:59,29,Tahap-0
12/16/2025,15,29,59,15:29:59,163,Tahap-0
12/16/2025,15,29,59,15:29:59,127,Tahap-0
12/16/2025,15,30,1,15:30:01,1340,Tahap-0
12/16/2025,15,30,1,15:30:01,749,Tahap-0
12/16/2025,15,30,1,15:30:01,206,Tahap-0
12/16/2025,15,30,1,15:30:01,684,Tahap-0
12/16/2025,15,30,2,15:30:02,128,Tahap-0
12/16/2025,15,30,2,15:30:02,372,Tahap-0
12/16/2025,15,30,2,15:30:02,121,Tahap-0
12/16/2025,15,30,2,15:30:02,177,Tahap-0
12/16/2025,15,30,2,15:30:02,176,Tahap-0
12/16/2025,15,30,2,15:30:02,82,Tahap-0
12/16/2025,15,30,2,15:30:02,64,Tahap-0
12/16/2025,15,30,2,15:30:02,94,Tahap-0
12/16/2025,15,30,2,15:30:02,196,Tahap-0
12/16/2025,15,30,2,15:30:02,227,Tahap-0
12/16/2025,15,30,2,15:30:02,161,Tahap-0
12/16/2025,15,30,2,15:30:02,83,Tahap-0
12/16/2025,15,30,2,15:30:02,121,Tahap-0
12/16/2025,15,30,2,15:30:02,37,Tahap-0
12/16/2025,15,30,2,15:30:02,171,Tahap-0
12/16/2025,15,30,2,15:30:02,79,Tahap-0
12/16/2025,15,30,3,15:30:03,137,Tahap-0
12/16/2025,15,30,3,15:30:03,5,Tahap-0
12/16/2025,15,30,3,15:30:03,255,Tahap-0
12/16/2025,15,30,3,15:30:03,125,Tahap-0
12/16/2025,15,30,3,15:30:03,471,Tahap-0
12/16/2025,15,30,3,15:30:03,526,Tahap-0
12/16/2025,15,30,3,15:30:03,723,Tahap-0
12/16/2025,15,30,3,15:30:03,576,Tahap-0
12/16/2025,15,30,3,15:30:03,415,Tahap-0
12/16/2025,15,30,3,15:30:03,267,Tahap-0
12/16/2025,15,30,4,15:30:04,57,Tahap-0
12/16/2025,15,30,4,15:30:04,83,Tahap-0
12/16/2025,15,30,4,15:30:04,72,Tahap-0
12/16/2025,15,30,4,15:30:04,8,Tahap-0
12/16/2025,15,30,4,15:30:04,70,Tahap-0
12/16/2025,15,30,4,15:30:04,185,Tahap-0
12/16/2025,15,30,4,15:30:04,235,Tahap-0
12/16/2025,15,30,4,15:30:04,58,Tahap-0
12/16/2025,15,30,4,15:30:04,125,Tahap-0
12/16/2025,15,30,4,15:30:04,24,Tahap-0
12/16/2025,15,30,5,15:30:05,147,Tahap-0
12/16/2025,15,30,5,15:30:05,32,Tahap-0
12/16/2025,15,30,5,15:30:05,123,Tahap-0
12/16/2025,15,30,5,15:30:05,62,Tahap-0
12/16/2025,15,30,5,15:30:05,63,Tahap-0
12/16/2025,15,30,5,15:30:05,10,Tahap-0
12/16/2025,15,30,5,15:30:05,467,Tahap-0
12/16/2025,15,30,5,15:30:05,278,Tahap-0
12/16/2025,15,30,5,15:30:05,192,Tahap-0
12/16/2025,15,30,5,15:30:05,1261,Tahap-0
12/16/2025,15,30,6,15:30:06,482,Tahap-0
12/16/2025,15,30,6,15:30:06,158,Tahap-0
12/16/2025,15,30,6,15:30:06,410,Tahap-0
12/16/2025,15,30,6,15:30:06,584,Tahap-0
12/16/2025,15,30,6,15:30:06,354,Tahap-0
12/16/2025,15,30,6,15:30:06,445,Tahap-0
12/16/2025,15,30,6,15:30:06,211,Tahap-0
12/16/2025,15,30,6,15:30:06,186,Tahap-0
12/16/2025,15,30,6,15:30:06,315,Tahap-0
12/16/2025,15,30,6,15:30:06,390,Tahap-0
12/16/2025,15,30,7,15:30:07,307,Tahap-0
12/16/2025,15,30,7,15:30:07,168,Tahap-0
12/16/2025,15,30,7,15:30:07,51,Tahap-0
12/16/2025,15,30,7,15:30:07,136,Tahap-0
12/16/2025,15,30,7,15:30:07,221,Tahap-0
12/16/2025,15,30,7,15:30:07,229,Tahap-0
12/16/2025,15,30,7,15:30:07,57,Tahap-0
12/16/2025,15,30,7,15:30:07,133,Tahap-0
12/16/2025,15,30,7,15:30:07,320,Tahap-0
12/16/2025,15,30,7,15:30:07,448,Tahap-0
12/16/2025,15,30,8,15:30:08,761,Tahap-0
12/16/2025,15,30,8,15:30:08,293,Tahap-0
12/16/2025,15,30,8,15:30:08,596,Tahap-0
12/16/2025,15,30,8,15:30:08,744,Tahap-0
12/16/2025,15,30,8,15:30:08,213,Tahap-0
12/16/2025,15,30,8,15:30:08,338,Tahap-0
12/16/2025,15,30,8,15:30:08,995,Tahap-0
12/16/2025,15,30,8,15:30:08,279,Tahap-0
12/16/2025,15,30,8,15:30:08,187,Tahap-0
12/16/2025,15,30,8,15:30:08,292,Tahap-0
12/16/2025,15,30,9,15:30:09,505,Tahap-0
12/16/2025,15,30,9,15:30:09,1225,Tahap-0
12/16/2025,15,30,9,15:30:09,1497,Tahap-0
12/16/2025,15,30,9,15:30:09,540,Tahap-0
12/16/2025,15,30,9,15:30:09,406,Tahap-0
12/16/2025,15,30,9,15:30:09,349,Tahap-0
12/16/2025,15,30,9,15:30:09,335,Tahap-0
12/16/2025,15,30,9,15:30:09,168,Tahap-0
12/16/2025,15,30,9,15:30:09,154,Tahap-0
12/16/2025,15,30,9,15:30:09,252,Tahap-0
12/16/2025,15,30,10,15:30:10,108,Tahap-0
12/16/2025,15,30,10,15:30:10,184,Tahap-0
12/16/2025,15,30,10,15:30:10,192,Tahap-0
12/16/2025,15,30,10,15:30:10,212,Tahap-0
12/16/2025,15,30,10,15:30:10,182,Tahap-0
12/16/2025,15,30,10,15:30:10,168,Tahap-0
12/16/2025,15,30,10,15:30:10,170,Tahap-0
12/16/2025,15,30,10,15:30:10,200,Tahap-0
12/16/2025,15,30,10,15:30:10,146,Tahap-0
12/16/2025,15,30,10,15:30:10,132,Tahap-0
12/16/2025,15,30,11,15:30:11,212,Tahap-0
12/16/2025,15,30,11,15:30:11,110,Tahap-0
12/16/2025,15,30,11,15:30:11,194,Tahap-0
12/16/2025,15,30,11,15:30:11,160,Tahap-0
12/16/2025,15,30,11,15:30:11,202,Tahap-0
12/16/2025,15,30,11,15:30:11,136,Tahap-0
12/16/2025,15,30,11,15:30:11,178,Tahap-0
12/16/2025,15,30,11,15:30:11,88,Tahap-0
12/16/2025,15,30,11,15:30:11,230,Tahap-0
12/16/2025,15,30,11,15:30:11,94,Tahap-0
12/16/2025,15,30,11,15:30:11,144,Tahap-0
12/16/2025,15,30,12,15:30:12,86,Tahap-0
12/16/2025,15,30,12,15:30:12,182,Tahap-0
12/16/2025,15,30,12,15:30:12,40,Tahap-0
12/16/2025,15,30,12,15:30:12,158,Tahap-0
12/16/2025,15,30,12,15:30:12,146,Tahap-0
12/16/2025,15,30,12,15:30:12,114,Tahap-0
12/16/2025,15,30,12,15:30:12,134,Tahap-0
12/16/2025,15,30,12,15:30:12,-24,Tahap-0
12/16/2025,15,30,12,15:30:12,168,Tahap-0
12/16/2025,15,30,12,15:30:12,40,Tahap-0
12/16/2025,15,30,13,15:30:13,74,Tahap-0
12/16/2025,15,30,13,15:30:13,54,Tahap-0
12/16/2025,15,30,13,15:30:13,82,Tahap-0
12/16/2025,15,30,13,15:30:13,-38,Tahap-0
12/16/2025,15,30,13,15:30:13,96,Tahap-0
12/16/2025,15,30,13,15:30:13,24,Tahap-0
12/16/2025,15,30,13,15:30:13,76,Tahap-0
12/16/2025,15,30,13,15:30:13,26,Tahap-0
12/16/2025,15,30,13,15:30:13,-44,Tahap-0
12/16/2025,15,30,13,15:30:13,-26,Tahap-0
12/16/2025,15,30,14,15:30:14,2,Tahap-0
12/16/2025,15,30,14,15:30:14,-84,Tahap-0
12/16/2025,15,30,14,15:30:14,62,Tahap-0
12/16/2025,15,30,14,15:30:14,-42,Tahap-0
12/16/2025,15,30,14,15:30:14,-56,Tahap-0
12/16/2025,15,30,14,15:30:14,-126,Tahap-0
12/16/2025,15,30,14,15:30:14,-42,Tahap-0
12/16/2025,15,30,14,15:30:14,-84,Tahap-0
12/16/2025,15,30,14,15:30:14,-4,Tahap-0
12/16/2025,15,30,14,15:30:14,-136,Tahap-0
12/16/2025,15,30,15,15:30:15,-130,Tahap-0
12/16/2025,15,30,15,15:30:15,-100,Tahap-0
12/16/2025,15,30,15,15:30:15,-170,Tahap-0
12/16/2025,15,30,15,15:30:15,-118,Tahap-0
12/16/2025,15,30,15,15:30:15,-108,Tahap-0
12/16/2025,15,30,15,15:30:15,-96,Tahap-0
12/16/2025,15,30,15,15:30:15,-240,Tahap-0
12/16/2025,15,30,15,15:30:15,-92,Tahap-0
12/16/2025,15,30,15,15:30:15,-182,Tahap-0
12/16/2025,15,30,15,15:30:15,-104,Tahap-0
12/16/2025,15,30,16,15:30:16,-166,Tahap-0
12/16/2025,15,30,16,15:30:16,-148,Tahap-0
12/16/2025,15,30,16,15:30:16,-168,Tahap-0
12/16/2025,15,30,16,15:30:16,-178,Tahap-0
12/16/2025,15,30,16,15:30:16,-254,Tahap-0
12/16/2025,15,30,16,15:30:16,-132,Tahap-0
12/16/2025,15,30,16,15:30:16,-170,Tahap-0
12/16/2025,15,30,16,15:30:16,-204,Tahap-0
12/16/2025,15,30,16,15:30:16,-180,Tahap-0
12/16/2025,15,30,16,15:30:16,-184,Tahap-0
12/16/2025,15,30,17,15:30:17,-170,Tahap-0
12/16/2025,15,30,17,15:30:17,-156,Tahap-0
12/16/2025,15,30,17,15:30:17,-180,Tahap-0
12/16/2025,15,30,17,15:30:17,-180,Tahap-0
12/16/2025,15,30,17,15:30:17,-138,Tahap-0
12/16/2025,15,30,17,15:30:17,-226,Tahap-0
12/16/2025,15,30,17,15:30:17,-192,Tahap-0
12/16/2025,15,30,17,15:30:17,-188,Tahap-0
12/16/2025,15,30,17,15:30:17,-154,Tahap-0
12/16/2025,15,30,17,15:30:17,-238,Tahap-0
12/16/2025,15,30,18,15:30:18,-92,Tahap-0
12/16/2025,15,30,18,15:30:18,-204,Tahap-0
12/16/2025,15,30,18,15:30:18,-136,Tahap-0
12/16/2025,15,30,18,15:30:18,-216,Tahap-0
12/16/2025,15,30,18,15:30:18,-182,Tahap-0
12/16/2025,15,30,18,15:30:18,-144,Tahap-0
12/16/2025,15,30,18,15:30:18,-152,Tahap-0
12/16/2025,15,30,18,15:30:18,-190,Tahap-0
12/16/2025,15,30,18,15:30:18,-136,Tahap-0
12/16/2025,15,30,18,15:30:18,-174,Tahap-0
12/16/2025,15,30,19,15:30:19,-196,Tahap-0
12/16/2025,15,30,19,15:30:19,-118,Tahap-0
12/16/2025,15,30,19,15:30:19,-78,Tahap-0
12/16/2025,15,30,19,15:30:19,-130,Tahap-0
12/16/2025,15,30,19,15:30:19,-94,Tahap-0
12/16/2025,15,30,19,15:30:19,-232,Tahap-0
12/16/2025,15,30,19,15:30:19,-106,Tahap-0
12/16/2025,15,30,19,15:30:19,-174,Tahap-0
12/16/2025,15,30,19,15:30:19,-126,Tahap-0
12/16/2025,15,30,19,15:30:19,-110,Tahap-0
12/16/2025,15,30,20,15:30:20,-114,Tahap-0
12/16/2025,15,30,20,15:30:20,-172,Tahap-0
12/16/2025,15,30,20,15:30:20,-202,Tahap-0
12/16/2025,15,30,20,15:30:20,-80,Tahap-0
12/16/2025,15,30,20,15:30:20,-154,Tahap-0
12/16/2025,15,30,20,15:30:20,-44,Tahap-0
12/16/2025,15,30,20,15:30:20,-212,Tahap-0
12/16/2025,15,30,20,15:30:20,-134,Tahap-0
12/16/2025,15,30,20,15:30:20,-174,Tahap-0
12/16/2025,15,30,20,15:30:20,-142,Tahap-0
12/16/2025,15,30,21,15:30:21,-144,Tahap-0
12/16/2025,15,30,21,15:30:21,-52,Tahap-0
12/16/2025,15,30,21,15:30:21,-132,Tahap-0
12/16/2025,15,30,21,15:30:21,-160,Tahap-0
12/16/2025,15,30,21,15:30:21,-140,Tahap-0
12/16/2025,15,30,21,15:30:21,-118,Tahap-0
12/16/2025,15,30,21,15:30:21,-102,Tahap-0
12/16/2025,15,30,21,15:30:21,-78,Tahap-0
12/16/2025,15,30,21,15:30:21,-162,Tahap-0
12/16/2025,15,30,21,15:30:21,-94,Tahap-0
12/16/2025,15,30,22,15:30:22,-172,Tahap-0
12/16/2025,15,30,22,15:30:22,-136,Tahap-0
12/16/2025,15,30,22,15:30:22,-82,Tahap-0
12/16/2025,15,30,22,15:30:22,-102,Tahap-0
12/16/2025,15,30,22,15:30:22,-90,Tahap-0
12/16/2025,15,30,46,15:30:46,3788,Tahap-0
12/16/2025,15,30,47,15:30:47,2300,Tahap-0
12/16/2025,15,30,47,15:30:47,1695,Tahap-0
12/16/2025,15,30,47,15:30:47,1200,Tahap-0
12/16/2025,15,30,47,15:30:47,907,Tahap-0
12/16/2025,15,30,47,15:30:47,820,Tahap-0
12/16/2025,15,30,47,15:30:47,685,Tahap-0
12/16/2025,15,30,47,15:30:47,613,Tahap-0
12/16/2025,15,30,47,15:30:47,391,Tahap-0
12/16/2025,15,30,47,15:30:47,628,Tahap-0
12/16/2025,15,30,47,15:30:47,553,Tahap-0
12/16/2025,15,30,48,15:30:48,469,Tahap-0
12/16/2025,15,30,48,15:30:48,370,Tahap-0
12/16/2025,15,30,48,15:30:48,388,Tahap-0
12/16/2025,15,30,48,15:30:48,289,Tahap-0
12/16/2025,15,30,48,15:30:48,200,Tahap-0
12/16/2025,15,30,48,15:30:48,434,Tahap-0
12/16/2025,15,30,48,15:30:48,254,Tahap-0
12/16/2025,15,30,48,15:30:48,247,Tahap-0
12/16/2025,15,30,48,15:30:48,465,Tahap-0
12/16/2025,15,30,48,15:30:48,215,Tahap-0
12/16/2025,15,30,49,15:30:49,377,Tahap-0
12/16/2025,15,30,49,15:30:49,100,Tahap-0
12/16/2025,15,30,49,15:30:49,531,Tahap-0
12/16/2025,15,30,49,15:30:49,314,Tahap-0
12/16/2025,15,30,49,15:30:49,273,Tahap-0
12/16/2025,15,30,49,15:30:49,116,Tahap-0
12/16/2025,15,30,49,15:30:49,259,Tahap-0
12/16/2025,15,30,49,15:30:49,216,Tahap-0
12/16/2025,15,30,49,15:30:49,218,Tahap-0
12/16/2025,15,30,49,15:30:49,291,Tahap-0
12/16/2025,15,30,50,15:30:50,208,Tahap-0
12/16/2025,15,30,50,15:30:50,266,Tahap-0
12/16/2025,15,30,50,15:30:50,61,Tahap-0
12/16/2025,15,30,50,15:30:50,218,Tahap-0
12/16/2025,15,30,50,15:30:50,405,Tahap-0
12/16/2025,15,30,50,15:30:50,178,Tahap-0
12/16/2025,15,30,50,15:30:50,279,Tahap-0
12/16/2025,15,30,50,15:30:50,165,Tahap-0
12/16/2025,15,30,50,15:30:50,227,Tahap-0
12/16/2025,15,30,50,15:30:50,1037,Tahap-0
12/16/2025,15,30,51,15:30:51,385,Tahap-0
12/16/2025,15,30,51,15:30:51,788,Tahap-0
12/16/2025,15,30,51,15:30:51,687,Tahap-0
12/16/2025,15,30,51,15:30:51,547,Tahap-0
12/16/2025,15,30,51,15:30:51,166,Tahap-0
12/16/2025,15,30,51,15:30:51,43,Tahap-0
12/16/2025,15,30,51,15:30:51,112,Tahap-0
12/16/2025,15,30,51,15:30:51,110,Tahap-0
12/16/2025,15,30,51,15:30:51,184,Tahap-0
12/16/2025,15,30,51,15:30:51,65,Tahap-0
12/16/2025,15,30,52,15:30:52,206,Tahap-0
12/16/2025,15,30,52,15:30:52,161,Tahap-0
12/16/2025,15,30,52,15:30:52,67,Tahap-0
12/16/2025,15,30,52,15:30:52,271,Tahap-0
12/16/2025,15,30,52,15:30:52,228,Tahap-0
12/16/2025,15,30,52,15:30:52,88,Tahap-0
12/16/2025,15,30,52,15:30:52,126,Tahap-0
12/16/2025,15,30,52,15:30:52,97,Tahap-0
12/16/2025,15,30,52,15:30:52,98,Tahap-0
12/16/2025,15,30,52,15:30:52,200,Tahap-0
12/16/2025,15,30,53,15:30:53,214,Tahap-0
12/16/2025,15,30,53,15:30:53,146,Tahap-0
12/16/2025,15,30,53,15:30:53,265,Tahap-0
12/16/2025,15,30,53,15:30:53,164,Tahap-0
12/16/2025,15,30,53,15:30:53,839,Tahap-0
12/16/2025,15,30,53,15:30:53,702,Tahap-0
12/16/2025,15,30,53,15:30:53,164,Tahap-0
12/16/2025,15,30,53,15:30:53,455,Tahap-0
12/16/2025,15,30,53,15:30:53,281,Tahap-0
12/16/2025,15,30,53,15:30:53,244,Tahap-0
12/16/2025,15,30,54,15:30:54,302,Tahap-0
12/16/2025,15,30,54,15:30:54,175,Tahap-0
12/16/2025,15,30,54,15:30:54,154,Tahap-0
12/16/2025,15,30,54,15:30:54,248,Tahap-0
12/16/2025,15,30,54,15:30:54,198,Tahap-0
12/16/2025,15,30,54,15:30:54,159,Tahap-0
12/16/2025,15,30,54,15:30:54,159,Tahap-0
12/16/2025,15,30,54,15:30:54,232,Tahap-0
12/16/2025,15,30,54,15:30:54,256,Tahap-0
12/16/2025,15,30,54,15:30:54,281,Tahap-0
12/16/2025,15,30,55,15:30:55,135,Tahap-0
12/16/2025,15,30,55,15:30:55,110,Tahap-0
12/16/2025,15,30,55,15:30:55,296,Tahap-0
12/16/2025,15,30,55,15:30:55,85,Tahap-0
12/16/2025,15,30,55,15:30:55,228,Tahap-0
12/16/2025,15,30,55,15:30:55,280,Tahap-0
12/16/2025,15,30,55,15:30:55,390,Tahap-0
12/16/2025,15,30,55,15:30:55,834,Tahap-0
12/16/2025,15,30,55,15:30:55,860,Tahap-0
12/16/2025,15,30,55,15:30:55,583,Tahap-0
12/16/2025,15,30,56,15:30:56,103,Tahap-0
12/16/2025,15,30,56,15:30:56,137,Tahap-0
12/16/2025,15,30,56,15:30:56,673,Tahap-0
12/16/2025,15,30,56,15:30:56,416,Tahap-0
12/16/2025,15,30,56,15:30:56,183,Tahap-0
12/16/2025,15,30,56,15:30:56,210,Tahap-0
12/16/2025,15,30,56,15:30:56,342,Tahap-0
12/16/2025,15,30,56,15:30:56,733,Tahap-0
12/16/2025,15,30,56,15:30:56,228,Tahap-0
12/16/2025,15,30,56,15:30:56,389,Tahap-0
12/16/2025,15,30,57,15:30:57,72,Tahap-0
12/16/2025,15,30,57,15:30:57,634,Tahap-0
12/16/2025,15,30,57,15:30:57,263,Tahap-0
12/16/2025,15,30,57,15:30:57,291,Tahap-0
12/16/2025,15,30,57,15:30:57,95,Tahap-0
12/16/2025,15,30,57,15:30:57,155,Tahap-0
12/16/2025,15,30,57,15:30:57,184,Tahap-0
12/16/2025,15,30,57,15:30:57,210,Tahap-0
12/16/2025,15,30,57,15:30:57,388,Tahap-0
12/16/2025,15,30,57,15:30:57,803,Tahap-0
12/16/2025,15,30,58,15:30:58,997,Tahap-0
12/16/2025,15,30,58,15:30:58,584,Tahap-0
12/16/2025,15,30,58,15:30:58,130,Tahap-0
12/16/2025,15,30,58,15:30:58,162,Tahap-0
12/16/2025,15,30,58,15:30:58,464,Tahap-0
12/16/2025,15,30,58,15:30:58,300,Tahap-0
12/16/2025,15,30,58,15:30:58,345,Tahap-0
12/16/2025,15,30,58,15:30:58,486,Tahap-0
12/16/2025,15,30,58,15:30:58,470,Tahap-0
12/16/2025,15,30,58,15:30:58,567,Tahap-0
12/16/2025,15,30,59,15:30:59,819,Tahap-0
12/16/2025,15,30,59,15:30:59,1697,Tahap-0
12/16/2025,15,30,59,15:30:59,136,Tahap-0
12/16/2025,15,30,59,15:30:59,368,Tahap-0
12/16/2025,15,30,59,15:30:59,42,Tahap-0
12/16/2025,15,30,59,15:30:59,222,Tahap-0
12/16/2025,15,30,59,15:30:59,-24,Tahap-0
12/16/2025,15,30,59,15:30:59,68,Tahap-0
12/16/2025,15,30,59,15:30:59,-28,Tahap-0
12/16/2025,15,31,1,15:31:01,8,Tahap-0
12/16/2025,15,31,1,15:31:01,128,Tahap-0
12/16/2025,15,31,1,15:31:01,160,Tahap-0
12/16/2025,15,31,1,15:31:01,144,Tahap-0
12/16/2025,15,31,2,15:31:02,-56,Tahap-0
12/16/2025,15,31,2,15:31:02,124,Tahap-0
12/16/2025,15,31,2,15:31:02,40,Tahap-0
12/16/2025,15,31,2,15:31:02,168,Tahap-0
12/16/2025,15,31,2,15:31:02,116,Tahap-0
12/16/2025,15,31,2,15:31:02,40,Tahap-0
12/16/2025,15,31,2,15:31:02,140,Tahap-0
12/16/2025,15,31,2,15:31:02,20,Tahap-0
12/16/2025,15,31,2,15:31:02,-68,Tahap-0
12/16/2025,15,31,2,15:31:02,172,Tahap-0
12/16/2025,15,31,2,15:31:02,148,Tahap-0
12/16/2025,15,31,2,15:31:02,80,Tahap-0
12/16/2025,15,31,2,15:31:02,-20,Tahap-0
12/16/2025,15,31,2,15:31:02,100,Tahap-0
12/16/2025,15,31,2,15:31:02,-24,Tahap-0
12/16/2025,15,31,2,15:31:02,268,Tahap-0
12/16/2025,15,31,3,15:31:03,-60,Tahap-0
12/16/2025,15,31,3,15:31:03,244,Tahap-0
12/16/2025,15,31,3,15:31:03,8,Tahap-0
12/16/2025,15,31,3,15:31:03,24,Tahap-0
12/16/2025,15,31,3,15:31:03,-120,Tahap-0
12/16/2025,15,31,3,15:31:03,120,Tahap-0
12/16/2025,15,31,3,15:31:03,176,Tahap-0
12/16/2025,15,31,3,15:31:03,40,Tahap-0
12/16/2025,15,31,3,15:31:03,120,Tahap-0
12/16/2025,15,31,3,15:31:03,-52,Tahap-0
12/16/2025,15,31,4,15:31:04,80,Tahap-0
12/16/2025,15,31,4,15:31:04,40,Tahap-0
12/16/2025,15,31,4,15:31:04,136,Tahap-0
12/16/2025,15,31,4,15:31:04,80,Tahap-0
12/16/2025,15,31,4,15:31:04,244,Tahap-0
12/16/2025,15,31,4,15:31:04,-104,Tahap-0
12/16/2025,15,31,4,15:31:04,68,Tahap-0
12/16/2025,15,31,4,15:31:04,16,Tahap-0
12/16/2025,15,31,4,15:31:04,180,Tahap-0
12/16/2025,15,31,4,15:31:04,40,Tahap-0
12/16/2025,15,31,5,15:31:05,140,Tahap-0
12/16/2025,15,31,5,15:31:05,-40,Tahap-0
12/16/2025,15,31,5,15:31:05,100,Tahap-0
12/16/2025,15,31,5,15:31:05,-44,Tahap-0
12/16/2025,15,31,5,15:31:05,88,Tahap-0
12/16/2025,15,31,5,15:31:05,80,Tahap-0
12/16/2025,15,31,5,15:31:05,160,Tahap-0
12/16/2025,15,31,5,15:31:05,-40,Tahap-0
12/16/2025,15,31,5,15:31:05,72,Tahap-0
12/16/2025,15,31,5,15:31:05,128,Tahap-0
12/16/2025,15,31,6,15:31:06,-4,Tahap-0
12/16/2025,15,31,6,15:31:06,176,Tahap-0
12/16/2025,15,31,6,15:31:06,-56,Tahap-0
12/16/2025,15,31,6,15:31:06,144,Tahap-0
12/16/2025,15,31,6,15:31:06,8,Tahap-0
12/16/2025,15,31,6,15:31:06,-20,Tahap-0
12/16/2025,15,31,6,15:31:06,56,Tahap-0
12/16/2025,15,31,6,15:31:06,204,Tahap-0
12/16/2025,15,31,6,15:31:06,-92,Tahap-0
12/16/2025,15,31,6,15:31:06,184,Tahap-0
12/16/2025,15,31,7,15:31:07,112,Tahap-0
12/16/2025,15,31,7,15:31:07,80,Tahap-0
12/16/2025,15,31,7,15:31:07,144,Tahap-0
12/16/2025,15,31,7,15:31:07,-28,Tahap-0
12/16/2025,15,31,7,15:31:07,48,Tahap-0
12/16/2025,15,31,7,15:31:07,156,Tahap-0
12/16/2025,15,31,7,15:31:07,-72,Tahap-0
12/16/2025,15,31,7,15:31:07,156,Tahap-0
12/16/2025,15,31,7,15:31:07,20,Tahap-0
12/16/2025,15,31,7,15:31:07,132,Tahap-0
12/16/2025,15,31,8,15:31:08,-16,Tahap-0
12/16/2025,15,31,8,15:31:08,204,Tahap-0
12/16/2025,15,31,8,15:31:08,140,Tahap-0
12/16/2025,15,31,8,15:31:08,88,Tahap-0
12/16/2025,15,31,8,15:31:08,52,Tahap-0
12/16/2025,15,31,8,15:31:08,-12,Tahap-0
12/16/2025,15,31,8,15:31:08,176,Tahap-0
12/16/2025,15,31,8,15:31:08,-20,Tahap-0
12/16/2025,15,31,8,15:31:08,176,Tahap-0
12/16/2025,15,31,8,15:31:08,64,Tahap-0
12/16/2025,15,31,9,15:31:09,244,Tahap-0
12/16/2025,15,31,9,15:31:09,-108,Tahap-0
12/16/2025,15,31,9,15:31:09,196,Tahap-0
12/16/2025,15,31,9,15:31:09,120,Tahap-0
12/16/2025,15,31,9,15:31:09,260,Tahap-0
12/16/2025,15,31,9,15:31:09,108,Tahap-0
12/16/2025,15,31,9,15:31:09,140,Tahap-0
12/16/2025,15,31,9,15:31:09,16,Tahap-0
12/16/2025,15,31,9,15:31:09,164,Tahap-0
12/16/2025,15,31,9,15:31:09,100,Tahap-0
12/16/2025,15,31,10,15:31:10,132,Tahap-0
12/16/2025,15,31,10,15:31:10,236,Tahap-0
12/16/2025,15,31,10,15:31:10,116,Tahap-0
12/16/2025,15,31,10,15:31:10,-44,Tahap-0
12/16/2025,15,31,10,15:31:10,176,Tahap-0
12/16/2025,15,31,10,15:31:10,184,Tahap-0
12/16/2025,15,31,10,15:31:10,228,Tahap-0
12/16/2025,15,31,10,15:31:10,188,Tahap-0
12/16/2025,15,31,10,15:31:10,52,Tahap-0
12/16/2025,15,31,10,15:31:10,180,Tahap-0
12/16/2025,15,31,11,15:31:11,88,Tahap-0
12/16/2025,15,31,11,15:31:11,140,Tahap-0
12/16/2025,15,31,11,15:31:11,192,Tahap-0
12/16/2025,15,31,11,15:31:11,280,Tahap-0
12/16/2025,15,31,11,15:31:11,132,Tahap-0
12/16/2025,15,31,11,15:31:11,152,Tahap-0
12/16/2025,15,31,11,15:31:11,220,Tahap-0
12/16/2025,15,31,11,15:31:11,228,Tahap-0
12/16/2025,15,31,11,15:31:11,180,Tahap-0
12/16/2025,15,31,12,15:31:12,140,Tahap-0
12/16/2025,15,31,12,15:31:12,220,Tahap-0
12/16/2025,15,31,12,15:31:12,4,Tahap-0
12/16/2025,15,31,12,15:31:12,200,Tahap-0
12/16/2025,15,31,12,15:31:12,136,Tahap-0
12/16/2025,15,31,36,15:31:36,1269,Tahap-0
12/16/2025,15,31,36,15:31:36,1566,Tahap-0
12/16/2025,15,31,37,15:31:37,1560,Tahap-0
12/16/2025,15,31,37,15:31:37,108,Tahap-0
12/16/2025,15,31,37,15:31:37,979,Tahap-0
12/16/2025,15,31,37,15:31:37,606,Tahap-0
12/16/2025,15,31,37,15:31:37,516,Tahap-0
12/16/2025,15,31,37,15:31:37,418,Tahap-0
12/16/2025,15,31,37,15:31:37,408,Tahap-0
12/16/2025,15,31,37,15:31:37,481,Tahap-0
12/16/2025,15,31,37,15:31:37,153,Tahap-0
12/16/2025,15,31,37,15:31:37,86,Tahap-0
12/16/2025,15,31,38,15:31:38,267,Tahap-0
12/16/2025,15,31,38,15:31:38,260,Tahap-0
12/16/2025,15,31,38,15:31:38,315,Tahap-0
12/16/2025,15,31,38,15:31:38,237,Tahap-0
12/16/2025,15,31,38,15:31:38,160,Tahap-0
12/16/2025,15,31,38,15:31:38,103,Tahap-0
12/16/2025,15,31,38,15:31:38,56,Tahap-0
12/16/2025,15,31,38,15:31:38,134,Tahap-0
12/16/2025,15,31,38,15:31:38,133,Tahap-0
12/16/2025,15,31,38,15:31:38,363,Tahap-0
12/16/2025,15,31,39,15:31:39,222,Tahap-0
12/16/2025,15,31,39,15:31:39,380,Tahap-0
12/16/2025,15,31,39,15:31:39,319,Tahap-0
12/16/2025,15,31,39,15:31:39,103,Tahap-0
12/16/2025,15,31,39,15:31:39,231,Tahap-0
12/16/2025,15,31,39,15:31:39,228,Tahap-0
12/16/2025,15,31,39,15:31:39,135,Tahap-0
12/16/2025,15,31,39,15:31:39,50,Tahap-0
12/16/2025,15,31,39,15:31:39,260,Tahap-0
12/16/2025,15,31,39,15:31:39,233,Tahap-0
12/16/2025,15,31,40,15:31:40,199,Tahap-0
12/16/2025,15,31,40,15:31:40,13,Tahap-0
12/16/2025,15,31,40,15:31:40,265,Tahap-0
12/16/2025,15,31,40,15:31:40,341,Tahap-0
12/16/2025,15,31,40,15:31:40,355,Tahap-0
12/16/2025,15,31,40,15:31:40,244,Tahap-0
12/16/2025,15,31,40,15:31:40,103,Tahap-0
12/16/2025,15,31,40,15:31:40,272,Tahap-0
12/16/2025,15,31,40,15:31:40,993,Tahap-0
12/16/2025,15,31,40,15:31:40,731,Tahap-0
12/16/2025,15,31,41,15:31:41,296,Tahap-0
12/16/2025,15,31,41,15:31:41,476,Tahap-0
12/16/2025,15,31,41,15:31:41,547,Tahap-0
12/16/2025,15,31,41,15:31:41,389,Tahap-0
12/16/2025,15,31,41,15:31:41,177,Tahap-0
12/16/2025,15,31,41,15:31:41,62,Tahap-0
12/16/2025,15,31,41,15:31:41,113,Tahap-0
12/16/2025,15,31,41,15:31:41,135,Tahap-0
12/16/2025,15,31,41,15:31:41,122,Tahap-0
12/16/2025,15,31,41,15:31:41,58,Tahap-0
12/16/2025,15,31,42,15:31:42,93,Tahap-0
12/16/2025,15,31,42,15:31:42,124,Tahap-0
12/16/2025,15,31,42,15:31:42,262,Tahap-0
12/16/2025,15,31,42,15:31:42,129,Tahap-0
12/16/2025,15,31,42,15:31:42,9,Tahap-0
12/16/2025,15,31,42,15:31:42,51,Tahap-0
12/16/2025,15,31,42,15:31:42,72,Tahap-0
12/16/2025,15,31,42,15:31:42,157,Tahap-0
12/16/2025,15,31,42,15:31:42,75,Tahap-0
12/16/2025,15,31,42,15:31:42,118,Tahap-0
12/16/2025,15,31,43,15:31:43,134,Tahap-0
12/16/2025,15,31,43,15:31:43,300,Tahap-0
12/16/2025,15,31,43,15:31:43,359,Tahap-0
12/16/2025,15,31,43,15:31:43,102,Tahap-0
12/16/2025,15,31,43,15:31:43,1169,Tahap-0
12/16/2025,15,31,43,15:31:43,280,Tahap-0
12/16/2025,15,31,43,15:31:43,428,Tahap-0
12/16/2025,15,31,43,15:31:43,237,Tahap-0
12/16/2025,15,31,43,15:31:43,141,Tahap-0
12/16/2025,15,31,43,15:31:43,125,Tahap-0
12/16/2025,15,31,44,15:31:44,181,Tahap-0
12/16/2025,15,31,44,15:31:44,80,Tahap-0
12/16/2025,15,31,44,15:31:44,111,Tahap-0
12/16/2025,15,31,44,15:31:44,116,Tahap-0
12/16/2025,15,31,44,15:31:44,203,Tahap-0
12/16/2025,15,31,44,15:31:44,30,Tahap-0
12/16/2025,15,31,44,15:31:44,219,Tahap-0
12/16/2025,15,31,44,15:31:44,156,Tahap-0
12/16/2025,15,31,44,15:31:44,168,Tahap-0
12/16/2025,15,31,44,15:31:44,155,Tahap-0
12/16/2025,15,31,45,15:31:45,72,Tahap-0
12/16/2025,15,31,45,15:31:45,218,Tahap-0
12/16/2025,15,31,45,15:31:45,181,Tahap-0
12/16/2025,15,31,45,15:31:45,94,Tahap-0
12/16/2025,15,31,45,15:31:45,437,Tahap-0
12/16/2025,15,31,45,15:31:45,171,Tahap-0
12/16/2025,15,31,45,15:31:45,992,Tahap-0
12/16/2025,15,31,45,15:31:45,824,Tahap-0
12/16/2025,15,31,45,15:31:45,762,Tahap-0
12/16/2025,15,31,45,15:31:45,255,Tahap-0
12/16/2025,15,31,46,15:31:46,265,Tahap-0
12/16/2025,15,31,46,15:31:46,213,Tahap-0
12/16/2025,15,31,46,15:31:46,113,Tahap-0
12/16/2025,15,31,46,15:31:46,274,Tahap-0
12/16/2025,15,31,46,15:31:46,244,Tahap-0
12/16/2025,15,31,46,15:31:46,143,Tahap-0
12/16/2025,15,31,46,15:31:46,90,Tahap-0
12/16/2025,15,31,46,15:31:46,334,Tahap-0
12/16/2025,15,31,46,15:31:46,508,Tahap-0
12/16/2025,15,31,46,15:31:46,208,Tahap-0
12/16/2025,15,31,47,15:31:47,503,Tahap-0
12/16/2025,15,31,47,15:31:47,161,Tahap-0
12/16/2025,15,31,47,15:31:47,288,Tahap-0
12/16/2025,15,31,47,15:31:47,66,Tahap-0
12/16/2025,15,31,47,15:31:47,208,Tahap-0
12/16/2025,15,31,47,15:31:47,157,Tahap-0
12/16/2025,15,31,47,15:31:47,288,Tahap-0
12/16/2025,15,31,47,15:31:47,43,Tahap-0
12/16/2025,15,31,47,15:31:47,147,Tahap-0
12/16/2025,15,31,47,15:31:47,1044,Tahap-0
12/16/2025,15,31,48,15:31:48,385,Tahap-0
12/16/2025,15,31,48,15:31:48,300,Tahap-0
12/16/2025,15,31,48,15:31:48,303,Tahap-0
12/16/2025,15,31,48,15:31:48,627,Tahap-0
12/16/2025,15,31,48,15:31:48,654,Tahap-0
12/16/2025,15,31,48,15:31:48,315,Tahap-0
12/16/2025,15,31,48,15:31:48,508,Tahap-0
12/16/2025,15,31,48,15:31:48,197,Tahap-0
12/16/2025,15,31,48,15:31:48,645,Tahap-0
12/16/2025,15,31,48,15:31:48,1862,Tahap-0
12/16/2025,15,31,49,15:31:49,1087,Tahap-0
12/16/2025,15,31,49,15:31:49,671,Tahap-0
12/16/2025,15,31,49,15:31:49,347,Tahap-0
12/16/2025,15,31,49,15:31:49,316,Tahap-0
12/16/2025,15,31,49,15:31:49,246,Tahap-0
12/16/2025,15,31,49,15:31:49,-228,Tahap-0
12/16/2025,15,31,49,15:31:49,44,Tahap-0
12/16/2025,15,31,49,15:31:49,-120,Tahap-0
12/16/2025,15,31,49,15:31:49,-44,Tahap-0
12/16/2025,15,31,49,15:31:49,-32,Tahap-0
12/16/2025,15,31,50,15:31:50,196,Tahap-0
12/16/2025,15,31,50,15:31:50,-108,Tahap-0
12/16/2025,15,31,50,15:31:50,-28,Tahap-0
12/16/2025,15,31,50,15:31:50,-12,Tahap-0
12/16/2025,15,31,50,15:31:50,48,Tahap-0
12/16/2025,15,31,50,15:31:50,20,Tahap-0
12/16/2025,15,31,50,15:31:50,-8,Tahap-0
12/16/2025,15,31,50,15:31:50,-20,Tahap-0
12/16/2025,15,31,50,15:31:50,-56,Tahap-0
12/16/2025,15,31,51,15:31:51,-24,Tahap-0
12/16/2025,15,31,51,15:31:51,108,Tahap-0
12/16/2025,15,31,51,15:31:51,-60,Tahap-0
12/16/2025,15,31,51,15:31:51,-12,Tahap-0
12/16/2025,15,31,51,15:31:51,4,Tahap-0
12/16/2025,15,31,51,15:31:51,120,Tahap-0
12/16/2025,15,31,51,15:31:51,-16,Tahap-0
12/16/2025,15,31,51,15:31:51,24,Tahap-0
12/16/2025,15,31,51,15:31:51,-68,Tahap-0
12/16/2025,15,31,51,15:31:51,124,Tahap-0
12/16/2025,15,31,52,15:31:52,-88,Tahap-0
12/16/2025,15,31,52,15:31:52,32,Tahap-0
12/16/2025,15,31,52,15:31:52,-48,Tahap-0
12/16/2025,15,31,52,15:31:52,120,Tahap-0
12/16/2025,15,31,52,15:31:52,-136,Tahap-0
12/16/2025,15,31,52,15:31:52,56,Tahap-0
12/16/2025,15,31,52,15:31:52,48,Tahap-0
12/16/2025,15,31,52,15:31:52,-100,Tahap-0
12/16/2025,15,31,52,15:31:52,80,Tahap-0
12/16/2025,15,31,52,15:31:52,-248,Tahap-0
12/16/2025,15,31,53,15:31:53,80,Tahap-0
12/16/2025,15,31,53,15:31:53,4,Tahap-0
12/16/2025,15,31,53,15:31:53,-36,Tahap-0
12/16/2025,15,31,53,15:31:53,-68,Tahap-0
12/16/2025,15,31,53,15:31:53,-216,Tahap-0
12/16/2025,15,31,53,15:31:53,-12,Tahap-0
12/16/2025,15,31,53,15:31:53,48,Tahap-0
12/16/2025,15,31,53,15:31:53,96,Tahap-0
12/16/2025,15,31,53,15:31:53,-20,Tahap-0
12/16/2025,15,31,54,15:31:54,-52,Tahap-0
12/16/2025,15,31,54,15:31:54,-156,Tahap-0
12/16/2025,15,31,54,15:31:54,52,Tahap-0
12/16/2025,15,31,54,15:31:54,-128,Tahap-0
12/16/2025,15,31,54,15:31:54,72,Tahap-0
12/16/2025,15,31,54,15:31:54,-52,Tahap-0
12/16/2025,15,31,54,15:31:54,20,Tahap-0
12/16/2025,15,31,54,15:31:54,-268,Tahap-0
12/16/2025,15,31,54,15:31:54,84,Tahap-0
12/16/2025,15,31,54,15:31:54,-44,Tahap-0
12/16/2025,15,31,55,15:31:55,88,Tahap-0
12/16/2025,15,31,55,15:31:55,-36,Tahap-0
12/16/2025,15,31,55,15:31:55,-120,Tahap-0
12/16/2025,15,31,55,15:31:55,-56,Tahap-0
12/16/2025,15,31,55,15:31:55,-72,Tahap-0
12/16/2025,15,31,55,15:31:55,-24,Tahap-0
12/16/2025,15,31,55,15:31:55,40,Tahap-0
12/16/2025,15,31,55,15:31:55,116,Tahap-0
12/16/2025,15,31,55,15:31:55,-176,Tahap-0
12/16/2025,15,31,55,15:31:55,-52,Tahap-0
12/16/2025,15,31,56,15:31:56,12,Tahap-0
12/16/2025,15,31,56,15:31:56,72,Tahap-0
12/16/2025,15,31,56,15:31:56,-16,Tahap-0
12/16/2025,15,31,56,15:31:56,52,Tahap-0
12/16/2025,15,31,56,15:31:56,-144,Tahap-0
12/16/2025,15,31,56,15:31:56,164,Tahap-0
12/16/2025,15,31,56,15:31:56,-124,Tahap-0
12/16/2025,15,31,56,15:31:56,108,Tahap-0
12/16/2025,15,31,56,15:31:56,28,Tahap-0
12/16/2025,15,31,56,15:31:56,280,Tahap-0
12/16/2025,15,31,57,15:31:57,-184,Tahap-0
12/16/2025,15,31,57,15:31:57,140,Tahap-0
12/16/2025,15,31,57,15:31:57,-116,Tahap-0
12/16/2025,15,31,57,15:31:57,164,Tahap-0
12/16/2025,15,31,57,15:31:57,120,Tahap-0
12/16/2025,15,31,57,15:31:57,52,Tahap-0
12/16/2025,15,31,57,15:31:57,72,Tahap-0
12/16/2025,15,31,57,15:31:57,-44,Tahap-0
12/16/2025,15,31,57,15:31:57,-36,Tahap-0
12/16/2025,15,31,57,15:31:57,-80,Tahap-0
12/16/2025,15,31,58,15:31:58,256,Tahap-0
12/16/2025,15,31,58,15:31:58,84,Tahap-0
12/16/2025,15,31,58,15:31:58,164,Tahap-0
12/16/2025,15,31,58,15:31:58,-40,Tahap-0
12/16/2025,15,31,58,15:31:58,92,Tahap-0
12/16/2025,15,31,58,15:31:58,168,Tahap-0
12/16/2025,15,31,58,15:31:58,-4,Tahap-0
12/16/2025,15,31,58,15:31:58,260,Tahap-0
12/16/2025,15,31,58,15:31:58,44,Tahap-0
12/16/2025,15,31,59,15:31:59,-16,Tahap-0
12/16/2025,15,31,59,15:31:59,12,Tahap-0
12/16/2025,15,31,59,15:31:59,220,Tahap-0
12/16/2025,15,31,59,15:31:59,36,Tahap-0
12/16/2025,15,31,59,15:31:59,212,Tahap-0
12/16/2025,15,31,59,15:31:59,36,Tahap-0
12/16/2025,15,31,59,15:31:59,68,Tahap-0
12/16/2025,15,31,59,15:31:59,120,Tahap-0
12/16/2025,15,31,59,15:31:59,76,Tahap-0
12/16/2025,15,31,59,15:31:59,80,Tahap-0
12/16/2025,15,32,1,15:32:01,52,Tahap-0
12/16/2025,15,32,1,15:32:01,276,Tahap-0
12/16/2025,15,32,1,15:32:01,192,Tahap-0
12/16/2025,15,32,1,15:32:01,116,Tahap-0
12/16/2025,15,32,2,15:32:02,144,Tahap-0
12/16/2025,15,32,2,15:32:02,240,Tahap-0
12/16/2025,15,32,2,15:32:02,192,Tahap-0
12/16/2025,15,32,2,15:32:02,264,Tahap-0
12/16/2025,15,32,2,15:32:02,104,Tahap-0
12/16/2025,15,32,2,15:32:02,228,Tahap-0
12/16/2025,15,32,2,15:32:02,184,Tahap-0
12/16/2025,15,32,2,15:32:02,152,Tahap-0
12/16/2025,15,32,2,15:32:02,148,Tahap-0
12/16/2025,15,32,2,15:32:02,248,Tahap-0
12/16/2025,15,32,26,15:32:26,6847,Tahap-0
12/16/2025,15,32,26,15:32:26,1268,Tahap-0
12/16/2025,15,32,26,15:32:26,575,Tahap-0
12/16/2025,15,32,27,15:32:27,1746,Tahap-0
12/16/2025,15,32,27,15:32:27,695,Tahap-0
12/16/2025,15,32,27,15:32:27,80,Tahap-0
12/16/2025,15,32,27,15:32:27,521,Tahap-0
12/16/2025,15,32,27,15:32:27,300,Tahap-0
12/16/2025,15,32,27,15:32:27,230,Tahap-0
12/16/2025,15,32,27,15:32:27,130,Tahap-0
12/16/2025,15,32,27,15:32:27,260,Tahap-0
12/16/2025,15,32,27,15:32:27,160,Tahap-0
12/16/2025,15,32,27,15:32:27,258,Tahap-0
12/16/2025,15,32,28,15:32:28,87,Tahap-0
12/16/2025,15,32,28,15:32:28,263,Tahap-0
12/16/2025,15,32,28,15:32:28,42,Tahap-0
12/16/2025,15,32,28,15:32:28,87,Tahap-0
12/16/2025,15,32,28,15:32:28,136,Tahap-0
12/16/2025,15,32,28,15:32:28,128,Tahap-0
12/16/2025,15,32,28,15:32:28,74,Tahap-0
12/16/2025,15,32,28,15:32:28,178,Tahap-0
12/16/2025,15,32,28,15:32:28,350,Tahap-0
12/16/2025,15,32,28,15:32:28,234,Tahap-0
12/16/2025,15,32,29,15:32:29,269,Tahap-0
12/16/2025,15,32,29,15:32:29,202,Tahap-0
12/16/2025,15,32,29,15:32:29,188,Tahap-0
12/16/2025,15,32,29,15:32:29,94,Tahap-0
12/16/2025,15,32,29,15:32:29,77,Tahap-0
12/16/2025,15,32,29,15:32:29,156,Tahap-0
12/16/2025,15,32,29,15:32:29,267,Tahap-0
12/16/2025,15,32,29,15:32:29,133,Tahap-0
12/16/2025,15,32,29,15:32:29,87,Tahap-0
12/16/2025,15,32,29,15:32:29,40,Tahap-0
12/16/2025,15,32,30,15:32:30,275,Tahap-0
12/16/2025,15,32,30,15:32:30,179,Tahap-0
12/16/2025,15,32,30,15:32:30,249,Tahap-0
12/16/2025,15,32,30,15:32:30,191,Tahap-0
12/16/2025,15,32,30,15:32:30,26,Tahap-0
12/16/2025,15,32,30,15:32:30,301,Tahap-0
12/16/2025,15,32,30,15:32:30,374,Tahap-0
12/16/2025,15,32,30,15:32:30,988,Tahap-0
12/16/2025,15,32,30,15:32:30,839,Tahap-0
12/16/2025,15,32,30,15:32:30,458,Tahap-0
12/16/2025,15,32,31,15:32:31,667,Tahap-0
12/16/2025,15,32,31,15:32:31,678,Tahap-0
12/16/2025,15,32,31,15:32:31,222,Tahap-0
12/16/2025,15,32,31,15:32:31,131,Tahap-0
12/16/2025,15,32,32,15:32:32,126,Tahap-0
12/16/2025,15,32,32,15:32:32,76,Tahap-0
12/16/2025,15,32,32,15:32:32,56,Tahap-0
12/16/2025,15,32,32,15:32:32,54,Tahap-0
12/16/2025,15,32,32,15:32:32,142,Tahap-0
12/16/2025,15,32,32,15:32:32,103,Tahap-0
12/16/2025,15,32,32,15:32:32,240,Tahap-0
12/16/2025,15,32,32,15:32:32,119,Tahap-0
12/16/2025,15,32,32,15:32:32,57,Tahap-0
12/16/2025,15,32,32,15:32:32,89,Tahap-0
12/16/2025,15,32,32,15:32:32,104,Tahap-0
12/16/2025,15,32,32,15:32:32,141,Tahap-0
12/16/2025,15,32,32,15:32:32,223,Tahap-0
12/16/2025,15,32,32,15:32:32,121,Tahap-0
12/16/2025,15,32,32,15:32:32,88,Tahap-0
12/16/2025,15,32,32,15:32:32,225,Tahap-0
12/16/2025,15,32,33,15:32:33,292,Tahap-0
12/16/2025,15,32,33,15:32:33,184,Tahap-0
12/16/2025,15,32,33,15:32:33,194,Tahap-0
12/16/2025,15,32,33,15:32:33,1029,Tahap-0
12/16/2025,15,32,33,15:32:33,226,Tahap-0
12/16/2025,15,32,33,15:32:33,270,Tahap-0
12/16/2025,15,32,33,15:32:33,162,Tahap-0
12/16/2025,15,32,33,15:32:33,147,Tahap-0
12/16/2025,15,32,33,15:32:33,103,Tahap-0
12/16/2025,15,32,33,15:32:33,138,Tahap-0
12/16/2025,15,32,34,15:32:34,43,Tahap-0
12/16/2025,15,32,34,15:32:34,29,Tahap-0
12/16/2025,15,32,34,15:32:34,51,Tahap-0
12/16/2025,15,32,34,15:32:34,88,Tahap-0
12/16/2025,15,32,34,15:32:34,104,Tahap-0
12/16/2025,15,32,34,15:32:34,108,Tahap-0
12/16/2025,15,32,34,15:32:34,22,Tahap-0
12/16/2025,15,32,34,15:32:34,184,Tahap-0
12/16/2025,15,32,34,15:32:34,163,Tahap-0
12/16/2025,15,32,34,15:32:34,34,Tahap-0
12/16/2025,15,32,35,15:32:35,104,Tahap-0
12/16/2025,15,32,35,15:32:35,224,Tahap-0
12/16/2025,15,32,35,15:32:35,63,Tahap-0
12/16/2025,15,32,35,15:32:35,355,Tahap-0
12/16/2025,15,32,35,15:32:35,167,Tahap-0
12/16/2025,15,32,35,15:32:35,1141,Tahap-0
12/16/2025,15,32,35,15:32:35,414,Tahap-0
12/16/2025,15,32,35,15:32:35,170,Tahap-0
12/16/2025,15,32,35,15:32:35,752,Tahap-0
12/16/2025,15,32,35,15:32:35,797,Tahap-0
12/16/2025,15,32,36,15:32:36,59,Tahap-0
12/16/2025,15,32,36,15:32:36,518,Tahap-0
12/16/2025,15,32,36,15:32:36,697,Tahap-0
12/16/2025,15,32,36,15:32:36,176,Tahap-0
12/16/2025,15,32,36,15:32:36,360,Tahap-0
12/16/2025,15,32,36,15:32:36,307,Tahap-0
12/16/2025,15,32,36,15:32:36,397,Tahap-0
12/16/2025,15,32,36,15:32:36,119,Tahap-0
12/16/2025,15,32,36,15:32:36,450,Tahap-0
12/16/2025,15,32,36,15:32:36,106,Tahap-0
12/16/2025,15,32,37,15:32:37,370,Tahap-0
12/16/2025,15,32,37,15:32:37,187,Tahap-0
12/16/2025,15,32,37,15:32:37,144,Tahap-0
12/16/2025,15,32,37,15:32:37,18,Tahap-0
12/16/2025,15,32,37,15:32:37,218,Tahap-0
12/16/2025,15,32,37,15:32:37,32,Tahap-0
12/16/2025,15,32,37,15:32:37,194,Tahap-0
12/16/2025,15,32,37,15:32:37,771,Tahap-0
12/16/2025,15,32,37,15:32:37,921,Tahap-0
12/16/2025,15,32,37,15:32:37,308,Tahap-0
12/16/2025,15,32,38,15:32:38,361,Tahap-0
12/16/2025,15,32,38,15:32:38,309,Tahap-0
12/16/2025,15,32,38,15:32:38,329,Tahap-0
12/16/2025,15,32,38,15:32:38,412,Tahap-0
12/16/2025,15,32,38,15:32:38,673,Tahap-0
12/16/2025,15,32,38,15:32:38,526,Tahap-0
12/16/2025,15,32,38,15:32:38,160,Tahap-0
12/16/2025,15,32,38,15:32:38,815,Tahap-0
12/16/2025,15,32,38,15:32:38,1907,Tahap-0
12/16/2025,15,32,38,15:32:38,819,Tahap-0
12/16/2025,15,32,39,15:32:39,457,Tahap-0
12/16/2025,15,32,39,15:32:39,293,Tahap-0
12/16/2025,15,32,39,15:32:39,415,Tahap-0
12/16/2025,15,32,39,15:32:39,192,Tahap-0
12/16/2025,15,32,39,15:32:39,168,Tahap-0
12/16/2025,15,32,39,15:32:39,232,Tahap-0
12/16/2025,15,32,39,15:32:39,168,Tahap-0
12/16/2025,15,32,39,15:32:39,232,Tahap-0
12/16/2025,15,32,39,15:32:39,312,Tahap-0
12/16/2025,15,32,39,15:32:39,152,Tahap-0
12/16/2025,15,32,40,15:32:40,356,Tahap-0
12/16/2025,15,32,40,15:32:40,116,Tahap-0
12/16/2025,15,32,40,15:32:40,220,Tahap-0
12/16/2025,15,32,40,15:32:40,272,Tahap-0
12/16/2025,15,32,40,15:32:40,256,Tahap-0
12/16/2025,15,32,40,15:32:40,272,Tahap-0
12/16/2025,15,32,40,15:32:40,348,Tahap-0
12/16/2025,15,32,40,15:32:40,40,Tahap-0
12/16/2025,15,32,40,15:32:40,344,Tahap-0
12/16/2025,15,32,40,15:32:40,188,Tahap-0
12/16/2025,15,32,41,15:32:41,212,Tahap-0
12/16/2025,15,32,41,15:32:41,344,Tahap-0
12/16/2025,15,32,41,15:32:41,132,Tahap-0
12/16/2025,15,32,41,15:32:41,200,Tahap-0
12/16/2025,15,32,41,15:32:41,316,Tahap-0
12/16/2025,15,32,41,15:32:41,48,Tahap-0
12/16/2025,15,32,41,15:32:41,288,Tahap-0
12/16/2025,15,32,41,15:32:41,96,Tahap-0
12/16/2025,15,32,41,15:32:41,104,Tahap-0
12/16/2025,15,32,41,15:32:41,216,Tahap-0
12/16/2025,15,32,42,15:32:42,124,Tahap-0
12/16/2025,15,32,42,15:32:42,196,Tahap-0
12/16/2025,15,32,42,15:32:42,128,Tahap-0
12/16/2025,15,32,42,15:32:42,280,Tahap-0
12/16/2025,15,32,42,15:32:42,-120,Tahap-0
12/16/2025,15,32,42,15:32:42,308,Tahap-0
12/16/2025,15,32,42,15:32:42,16,Tahap-0
12/16/2025,15,32,42,15:32:42,184,Tahap-0
12/16/2025,15,32,42,15:32:42,120,Tahap-0
12/16/2025,15,32,42,15:32:42,116,Tahap-0
12/16/2025,15,32,43,15:32:43,208,Tahap-0
12/16/2025,15,32,43,15:32:43,80,Tahap-0
12/16/2025,15,32,43,15:32:43,-4,Tahap-0
12/16/2025,15,32,43,15:32:43,208,Tahap-0
12/16/2025,15,32,43,15:32:43,96,Tahap-0
12/16/2025,15,32,43,15:32:43,60,Tahap-0
12/16/2025,15,32,43,15:32:43,180,Tahap-0
12/16/2025,15,32,43,15:32:43,112,Tahap-0
12/16/2025,15,32,43,15:32:43,120,Tahap-0
12/16/2025,15,32,43,15:32:43,124,Tahap-0
12/16/2025,15,32,44,15:32:44,-32,Tahap-0
12/16/2025,15,32,44,15:32:44,208,Tahap-0
12/16/2025,15,32,44,15:32:44,160,Tahap-0
12/16/2025,15,32,44,15:32:44,56,Tahap-0
12/16/2025,15,32,44,15:32:44,76,Tahap-0
12/16/2025,15,32,44,15:32:44,12,Tahap-0
12/16/2025,15,32,44,15:32:44,100,Tahap-0
12/16/2025,15,32,44,15:32:44,-60,Tahap-0
12/16/2025,15,32,44,15:32:44,332,Tahap-0
12/16/2025,15,32,44,15:32:44,12,Tahap-0
12/16/2025,15,32,45,15:32:45,132,Tahap-0
12/16/2025,15,32,45,15:32:45,-92,Tahap-0
12/16/2025,15,32,45,15:32:45,24,Tahap-0
12/16/2025,15,32,45,15:32:45,8,Tahap-0
12/16/2025,15,32,45,15:32:45,96,Tahap-0
12/16/2025,15,32,45,15:32:45,-4,Tahap-0
12/16/2025,15,32,45,15:32:45,96,Tahap-0
12/16/2025,15,32,45,15:32:45,-56,Tahap-0
12/16/2025,15,32,45,15:32:45,-96,Tahap-0
12/16/2025,15,32,45,15:32:45,-20,Tahap-0
12/16/2025,15,32,46,15:32:46,136,Tahap-0
12/16/2025,15,32,46,15:32:46,-12,Tahap-0
12/16/2025,15,32,46,15:32:46,-60,Tahap-0
12/16/2025,15,32,46,15:32:46,-128,Tahap-0
12/16/2025,15,32,46,15:32:46,-92,Tahap-0
12/16/2025,15,32,46,15:32:46,4,Tahap-0
12/16/2025,15,32,46,15:32:46,-128,Tahap-0
12/16/2025,15,32,46,15:32:46,-4,Tahap-0
12/16/2025,15,32,46,15:32:46,-96,Tahap-0
12/16/2025,15,32,46,15:32:46,-172,Tahap-0
12/16/2025,15,32,47,15:32:47,-304,Tahap-0
12/16/2025,15,32,47,15:32:47,52,Tahap-0
12/16/2025,15,32,47,15:32:47,-140,Tahap-0
12/16/2025,15,32,47,15:32:47,24,Tahap-0
12/16/2025,15,32,47,15:32:47,-240,Tahap-0
12/16/2025,15,32,47,15:32:47,-192,Tahap-0
12/16/2025,15,32,47,15:32:47,-236,Tahap-0
12/16/2025,15,32,47,15:32:47,-184,Tahap-0
12/16/2025,15,32,47,15:32:47,-196,Tahap-0
12/16/2025,15,32,47,15:32:47,-68,Tahap-0
12/16/2025,15,32,48,15:32:48,-164,Tahap-0
12/16/2025,15,32,48,15:32:48,-316,Tahap-0
12/16/2025,15,32,48,15:32:48,-296,Tahap-0
12/16/2025,15,32,48,15:32:48,-124,Tahap-0
12/16/2025,15,32,48,15:32:48,-236,Tahap-0
12/16/2025,15,32,48,15:32:48,-96,Tahap-0
12/16/2025,15,32,48,15:32:48,-304,Tahap-0
12/16/2025,15,32,48,15:32:48,-240,Tahap-0
12/16/2025,15,32,48,15:32:48,-304,Tahap-0
12/16/2025,15,32,48,15:32:48,-292,Tahap-0
12/16/2025,15,32,49,15:32:49,-256,Tahap-0
12/16/2025,15,32,49,15:32:49,-168,Tahap-0
12/16/2025,15,32,49,15:32:49,-256,Tahap-0
12/16/2025,15,32,49,15:32:49,-476,Tahap-0
12/16/2025,15,32,49,15:32:49,-120,Tahap-0
12/16/2025,15,32,49,15:32:49,-356,Tahap-0
12/16/2025,15,32,49,15:32:49,-128,Tahap-0
12/16/2025,15,32,49,15:32:49,-376,Tahap-0
12/16/2025,15,32,49,15:32:49,-220,Tahap-0
12/16/2025,15,32,49,15:32:49,-300,Tahap-0
12/16/2025,15,32,50,15:32:50,-252,Tahap-0
12/16/2025,15,32,50,15:32:50,-384,Tahap-0
12/16/2025,15,32,50,15:32:50,-168,Tahap-0
12/16/2025,15,32,50,15:32:50,-188,Tahap-0
12/16/2025,15,32,50,15:32:50,-300,Tahap-0
12/16/2025,15,32,50,15:32:50,-192,Tahap-0
12/16/2025,15,32,50,15:32:50,-188,Tahap-0
12/16/2025,15,32,50,15:32:50,-176,Tahap-0
12/16/2025,15,32,50,15:32:50,-196,Tahap-0
12/16/2025,15,32,50,15:32:50,-252,Tahap-0
12/16/2025,15,32,51,15:32:51,-220,Tahap-0
12/16/2025,15,32,51,15:32:51,-92,Tahap-0
12/16/2025,15,32,51,15:32:51,-308,Tahap-0
12/16/2025,15,32,51,15:32:51,-180,Tahap-0
12/16/2025,15,32,51,15:32:51,-284,Tahap-0
12/16/2025,15,32,51,15:32:51,-100,Tahap-0
12/16/2025,15,32,51,15:32:51,-336,Tahap-0
12/16/2025,15,32,51,15:32:51,80,Tahap-0
12/16/2025,15,32,51,15:32:51,-248,Tahap-0
12/16/2025,15,32,51,15:32:51,-16,Tahap-0
12/16/2025,15,32,52,15:32:52,-268,Tahap-0
12/16/2025,15,32,52,15:32:52,-168,Tahap-0
12/16/2025,15,32,52,15:32:52,-152,Tahap-0
12/16/2025,15,33,16,15:33:16,7236,Tahap-0
12/16/2025,15,33,16,15:33:16,2299,Tahap-0
12/16/2025,15,33,16,15:33:16,1291,Tahap-0
12/16/2025,15,33,16,15:33:16,666,Tahap-0
12/16/2025,15,33,17,15:33:17,927,Tahap-0
12/16/2025,15,33,17,15:33:17,630,Tahap-0
12/16/2025,15,33,17,15:33:17,758,Tahap-0
12/16/2025,15,33,17,15:33:17,439,Tahap-0
12/16/2025,15,33,17,15:33:17,238,Tahap-0
12/16/2025,15,33,17,15:33:17,373,Tahap-0
12/16/2025,15,33,17,15:33:17,253,Tahap-0
12/16/2025,15,33,17,15:33:17,235,Tahap-0
12/16/2025,15,33,17,15:33:17,341,Tahap-0
12/16/2025,15,33,17,15:33:17,223,Tahap-0
12/16/2025,15,33,18,15:33:18,248,Tahap-0
12/16/2025,15,33,18,15:33:18,254,Tahap-0
12/16/2025,15,33,18,15:33:18,121,Tahap-0
12/16/2025,15,33,18,15:33:18,202,Tahap-0
12/16/2025,15,33,18,15:33:18,127,Tahap-0
12/16/2025,15,33,18,15:33:18,246,Tahap-0
12/16/2025,15,33,18,15:33:18,134,Tahap-0
12/16/2025,15,33,18,15:33:18,709,Tahap-0
12/16/2025,15,33,18,15:33:18,351,Tahap-0
12/16/2025,15,33,18,15:33:18,512,Tahap-0
12/16/2025,15,33,19,15:33:19,275,Tahap-0
12/16/2025,15,33,19,15:33:19,205,Tahap-0
12/16/2025,15,33,19,15:33:19,167,Tahap-0
12/16/2025,15,33,19,15:33:19,145,Tahap-0
12/16/2025,15,33,19,15:33:19,215,Tahap-0
12/16/2025,15,33,19,15:33:19,165,Tahap-0
12/16/2025,15,33,19,15:33:19,209,Tahap-0
12/16/2025,15,33,19,15:33:19,232,Tahap-0
12/16/2025,15,33,19,15:33:19,133,Tahap-0
12/16/2025,15,33,19,15:33:19,96,Tahap-0
12/16/2025,15,33,20,15:33:20,252,Tahap-0
12/16/2025,15,33,20,15:33:20,227,Tahap-0
12/16/2025,15,33,20,15:33:20,84,Tahap-0
12/16/2025,15,33,20,15:33:20,213,Tahap-0
12/16/2025,15,33,20,15:33:20,26,Tahap-0
12/16/2025,15,33,20,15:33:20,189,Tahap-0
12/16/2025,15,33,20,15:33:20,1137,Tahap-0
12/16/2025,15,33,20,15:33:20,384,Tahap-0
12/16/2025,15,33,20,15:33:20,574,Tahap-0
12/16/2025,15,33,20,15:33:20,865,Tahap-0
12/16/2025,15,33,21,15:33:21,633,Tahap-0
12/16/2025,15,33,21,15:33:21,114,Tahap-0
12/16/2025,15,33,21,15:33:21,58,Tahap-0
12/16/2025,15,33,21,15:33:21,56,Tahap-0
12/16/2025,15,33,21,15:33:21,106,Tahap-0
12/16/2025,15,33,21,15:33:21,102,Tahap-0
12/16/2025,15,33,21,15:33:21,180,Tahap-0
12/16/2025,15,33,21,15:33:21,149,Tahap-0
12/16/2025,15,33,21,15:33:21,94,Tahap-0
12/16/2025,15,33,21,15:33:21,273,Tahap-0
12/16/2025,15,33,22,15:33:22,371,Tahap-0
12/16/2025,15,33,22,15:33:22,85,Tahap-0
12/16/2025,15,33,22,15:33:22,9,Tahap-0
12/16/2025,15,33,22,15:33:22,171,Tahap-0
12/16/2025,15,33,22,15:33:22,110,Tahap-0
12/16/2025,15,33,22,15:33:22,120,Tahap-0
12/16/2025,15,33,22,15:33:22,24,Tahap-0
12/16/2025,15,33,22,15:33:22,164,Tahap-0
12/16/2025,15,33,22,15:33:22,87,Tahap-0
12/16/2025,15,33,22,15:33:22,269,Tahap-0
12/16/2025,15,33,23,15:33:23,137,Tahap-0
12/16/2025,15,33,23,15:33:23,127,Tahap-0
12/16/2025,15,33,23,15:33:23,1313,Tahap-0
12/16/2025,15,33,23,15:33:23,240,Tahap-0
12/16/2025,15,33,23,15:33:23,79,Tahap-0
12/16/2025,15,33,23,15:33:23,260,Tahap-0
12/16/2025,15,33,23,15:33:23,240,Tahap-0
12/16/2025,15,33,23,15:33:23,59,Tahap-0
12/16/2025,15,33,23,15:33:23,10,Tahap-0
12/16/2025,15,33,23,15:33:23,76,Tahap-0
12/16/2025,15,33,24,15:33:24,60,Tahap-0
12/16/2025,15,33,24,15:33:24,27,Tahap-0
12/16/2025,15,33,24,15:33:24,78,Tahap-0
12/16/2025,15,33,24,15:33:24,238,Tahap-0
12/16/2025,15,33,24,15:33:24,79,Tahap-0
12/16/2025,15,33,24,15:33:24,70,Tahap-0
12/16/2025,15,33,24,15:33:24,116,Tahap-0
12/16/2025,15,33,24,15:33:24,131,Tahap-0
12/16/2025,15,33,24,15:33:24,114,Tahap-0
12/16/2025,15,33,24,15:33:24,97,Tahap-0
12/16/2025,15,33,25,15:33:25,85,Tahap-0
12/16/2025,15,33,25,15:33:25,244,Tahap-0
12/16/2025,15,33,25,15:33:25,211,Tahap-0
12/16/2025,15,33,25,15:33:25,587,Tahap-0
12/16/2025,15,33,25,15:33:25,1044,Tahap-0
12/16/2025,15,33,25,15:33:25,632,Tahap-0
12/16/2025,15,33,25,15:33:25,386,Tahap-0
12/16/2025,15,33,25,15:33:25,230,Tahap-0
12/16/2025,15,33,25,15:33:25,656,Tahap-0
12/16/2025,15,33,25,15:33:25,825,Tahap-0
12/16/2025,15,33,26,15:33:26,425,Tahap-0
12/16/2025,15,33,26,15:33:26,580,Tahap-0
12/16/2025,15,33,26,15:33:26,703,Tahap-0
12/16/2025,15,33,26,15:33:26,305,Tahap-0
12/16/2025,15,33,26,15:33:26,111,Tahap-0
12/16/2025,15,33,26,15:33:26,437,Tahap-0
12/16/2025,15,33,26,15:33:26,79,Tahap-0
12/16/2025,15,33,26,15:33:26,34,Tahap-0
12/16/2025,15,33,26,15:33:26,95,Tahap-0
12/16/2025,15,33,26,15:33:26,305,Tahap-0
12/16/2025,15,33,27,15:33:27,54,Tahap-0
12/16/2025,15,33,27,15:33:27,117,Tahap-0
12/16/2025,15,33,27,15:33:27,287,Tahap-0
12/16/2025,15,33,27,15:33:27,77,Tahap-0
12/16/2025,15,33,27,15:33:27,148,Tahap-0
12/16/2025,15,33,27,15:33:27,226,Tahap-0
12/16/2025,15,33,27,15:33:27,640,Tahap-0
12/16/2025,15,33,27,15:33:27,784,Tahap-0
12/16/2025,15,33,27,15:33:27,526,Tahap-0
12/16/2025,15,33,27,15:33:27,338,Tahap-0
12/16/2025,15,33,28,15:33:28,166,Tahap-0
12/16/2025,15,33,28,15:33:28,423,Tahap-0
12/16/2025,15,33,28,15:33:28,436,Tahap-0
12/16/2025,15,33,28,15:33:28,536,Tahap-0
12/16/2025,15,33,28,15:33:28,389,Tahap-0
12/16/2025,15,33,28,15:33:28,419,Tahap-0
12/16/2025,15,33,28,15:33:28,448,Tahap-0
12/16/2025,15,33,28,15:33:28,1358,Tahap-0
12/16/2025,15,33,28,15:33:28,1186,Tahap-0
12/16/2025,15,33,28,15:33:28,306,Tahap-0
12/16/2025,15,33,29,15:33:29,428,Tahap-0
12/16/2025,15,33,29,15:33:29,621,Tahap-0
12/16/2025,15,33,29,15:33:29,354,Tahap-0
12/16/2025,15,33,29,15:33:29,-116,Tahap-0
12/16/2025,15,33,29,15:33:29,-372,Tahap-0
12/16/2025,15,33,29,15:33:29,-280,Tahap-0
12/16/2025,15,33,29,15:33:29,-364,Tahap-0
12/16/2025,15,33,29,15:33:29,-320,Tahap-0
12/16/2025,15,33,29,15:33:29,-300,Tahap-0
12/16/2025,15,33,29,15:33:29,-120,Tahap-0
12/16/2025,15,33,30,15:33:30,-220,Tahap-0
12/16/2025,15,33,30,15:33:30,-416,Tahap-0
12/16/2025,15,33,30,15:33:30,-140,Tahap-0
12/16/2025,15,33,30,15:33:30,-368,Tahap-0
12/16/2025,15,33,30,15:33:30,-124,Tahap-0
12/16/2025,15,33,30,15:33:30,-312,Tahap-0
12/16/2025,15,33,30,15:33:30,-216,Tahap-0
12/16/2025,15,33,30,15:33:30,-336,Tahap-0
12/16/2025,15,33,30,15:33:30,-224,Tahap-0
12/16/2025,15,33,30,15:33:30,-392,Tahap-0
12/16/2025,15,33,31,15:33:31,-192,Tahap-0
12/16/2025,15,33,31,15:33:31,-236,Tahap-0
12/16/2025,15,33,31,15:33:31,-300,Tahap-0
12/16/2025,15,33,31,15:33:31,-204,Tahap-0
12/16/2025,15,33,32,15:33:32,-176,Tahap-0
12/16/2025,15,33,32,15:33:32,-240,Tahap-0
12/16/2025,15,33,32,15:33:32,-228,Tahap-0
12/16/2025,15,33,32,15:33:32,-296,Tahap-0
12/16/2025,15,33,32,15:33:32,-224,Tahap-0
12/16/2025,15,33,32,15:33:32,-204,Tahap-0
12/16/2025,15,33,32,15:33:32,-320,Tahap-0
12/16/2025,15,33,32,15:33:32,-276,Tahap-0
12/16/2025,15,33,32,15:33:32,-248,Tahap-0
12/16/2025,15,33,32,15:33:32,-172,Tahap-0
12/16/2025,15,33,32,15:33:32,-456,Tahap-0
12/16/2025,15,33,32,15:33:32,-12,Tahap-0
12/16/2025,15,33,32,15:33:32,-356,Tahap-0
12/16/2025,15,33,32,15:33:32,-184,Tahap-0
12/16/2025,15,33,32,15:33:32,-392,Tahap-0
12/16/2025,15,33,32,15:33:32,-284,Tahap-0
12/16/2025,15,33,33,15:33:33,-264,Tahap-0
12/16/2025,15,33,33,15:33:33,-208,Tahap-0
12/16/2025,15,33,33,15:33:33,-340,Tahap-0
12/16/2025,15,33,33,15:33:33,-172,Tahap-0
12/16/2025,15,33,33,15:33:33,-380,Tahap-0
12/16/2025,15,33,33,15:33:33,-284,Tahap-0
12/16/2025,15,33,33,15:33:33,-228,Tahap-0
12/16/2025,15,33,33,15:33:33,-96,Tahap-0
12/16/2025,15,33,33,15:33:33,-232,Tahap-0
12/16/2025,15,33,33,15:33:33,-152,Tahap-0
12/16/2025,15,33,34,15:33:34,-324,Tahap-0
12/16/2025,15,33,34,15:33:34,-188,Tahap-0
12/16/2025,15,33,34,15:33:34,-200,Tahap-0
12/16/2025,15,33,34,15:33:34,-180,Tahap-0
12/16/2025,15,33,34,15:33:34,-144,Tahap-0
12/16/2025,15,33,34,15:33:34,-128,Tahap-0
12/16/2025,15,33,34,15:33:34,-276,Tahap-0
12/16/2025,15,33,34,15:33:34,-252,Tahap-0
12/16/2025,15,33,34,15:33:34,52,Tahap-0
12/16/2025,15,33,34,15:33:34,-160,Tahap-0
12/16/2025,15,33,35,15:33:35,20,Tahap-0
12/16/2025,15,33,35,15:33:35,-200,Tahap-0
12/16/2025,15,33,35,15:33:35,-80,Tahap-0
12/16/2025,15,33,35,15:33:35,-184,Tahap-0
12/16/2025,15,33,35,15:33:35,-60,Tahap-0
12/16/2025,15,33,35,15:33:35,-120,Tahap-0
12/16/2025,15,33,35,15:33:35,100,Tahap-0
12/16/2025,15,33,35,15:33:35,-96,Tahap-0
12/16/2025,15,33,35,15:33:35,-152,Tahap-0
12/16/2025,15,33,35,15:33:35,-44,Tahap-0
12/16/2025,15,33,36,15:33:36,100,Tahap-0
12/16/2025,15,33,36,15:33:36,-20,Tahap-0
12/16/2025,15,33,36,15:33:36,108,Tahap-0
12/16/2025,15,33,36,15:33:36,-96,Tahap-0
12/16/2025,15,33,36,15:33:36,-60,Tahap-0
12/16/2025,15,33,36,15:33:36,-24,Tahap-0
12/16/2025,15,33,36,15:33:36,-20,Tahap-0
12/16/2025,15,33,36,15:33:36,44,Tahap-0
12/16/2025,15,33,36,15:33:36,120,Tahap-0
12/16/2025,15,33,36,15:33:36,88,Tahap-0
12/16/2025,15,33,37,15:33:37,-160,Tahap-0
12/16/2025,15,33,37,15:33:37,180,Tahap-0
12/16/2025,15,33,37,15:33:37,-32,Tahap-0
12/16/2025,15,33,37,15:33:37,156,Tahap-0
12/16/2025,15,33,37,15:33:37,96,Tahap-0
12/16/2025,15,33,37,15:33:37,12,Tahap-0
12/16/2025,15,33,37,15:33:37,104,Tahap-0
12/16/2025,15,33,37,15:33:37,-88,Tahap-0
12/16/2025,15,33,37,15:33:37,164,Tahap-0
12/16/2025,15,33,38,15:33:38,92,Tahap-0
12/16/2025,15,33,38,15:33:38,32,Tahap-0
12/16/2025,15,33,38,15:33:38,80,Tahap-0
12/16/2025,15,33,38,15:33:38,104,Tahap-0
12/16/2025,15,33,38,15:33:38,40,Tahap-0
12/16/2025,15,33,38,15:33:38,56,Tahap-0
12/16/2025,15,33,38,15:33:38,16,Tahap-0
12/16/2025,15,33,38,15:33:38,108,Tahap-0
12/16/2025,15,33,38,15:33:38,92,Tahap-0
12/16/2025,15,33,38,15:33:38,-16,Tahap-0
12/16/2025,15,33,39,15:33:39,20,Tahap-0
12/16/2025,15,33,39,15:33:39,32,Tahap-0
12/16/2025,15,33,39,15:33:39,48,Tahap-0
12/16/2025,15,33,39,15:33:39,-88,Tahap-0
12/16/2025,15,33,39,15:33:39,292,Tahap-0
12/16/2025,15,33,39,15:33:39,-48,Tahap-0
12/16/2025,15,33,39,15:33:39,180,Tahap-0
12/16/2025,15,33,39,15:33:39,-76,Tahap-0
12/16/2025,15,33,39,15:33:39,36,Tahap-0
12/16/2025,15,33,39,15:33:39,76,Tahap-0
12/16/2025,15,33,40,15:33:40,28,Tahap-0
12/16/2025,15,33,40,15:33:40,44,Tahap-0
12/16/2025,15,33,40,15:33:40,160,Tahap-0
12/16/2025,15,33,40,15:33:40,-108,Tahap-0
12/16/2025,15,33,40,15:33:40,224,Tahap-0
12/16/2025,15,33,40,15:33:40,128,Tahap-0
12/16/2025,15,33,40,15:33:40,160,Tahap-0
12/16/2025,15,33,40,15:33:40,12,Tahap-0
12/16/2025,15,33,40,15:33:40,-40,Tahap-0
12/16/2025,15,33,41,15:33:41,244,Tahap-0
12/16/2025,15,33,41,15:33:41,-8,Tahap-0
12/16/2025,15,33,41,15:33:41,248,Tahap-0
12/16/2025,15,33,41,15:33:41,96,Tahap-0
12/16/2025,15,33,41,15:33:41,124,Tahap-0
12/16/2025,15,33,41,15:33:41,12,Tahap-0
12/16/2025,15,33,41,15:33:41,152,Tahap-0
12/16/2025,15,33,41,15:33:41,212,Tahap-0
12/16/2025,15,33,41,15:33:41,336,Tahap-0
12/16/2025,15,33,41,15:33:41,224,Tahap-0
12/16/2025,15,33,42,15:33:42,220,Tahap-0
12/16/2025,15,33,42,15:33:42,188,Tahap-0
12/16/2025,15,34,6,15:34:06,7809,Tahap-0
12/16/2025,15,34,6,15:34:06,651,Tahap-0
12/16/2025,15,34,6,15:34:06,1018,Tahap-0
12/16/2025,15,34,6,15:34:06,340,Tahap-0
12/16/2025,15,34,7,15:34:07,364,Tahap-0
12/16/2025,15,34,7,15:34:07,281,Tahap-0
12/16/2025,15,34,7,15:34:07,156,Tahap-0
12/16/2025,15,34,7,15:34:07,194,Tahap-0
12/16/2025,15,34,7,15:34:07,159,Tahap-0
12/16/2025,15,34,7,15:34:07,336,Tahap-0
12/16/2025,15,34,7,15:34:07,119,Tahap-0
12/16/2025,15,34,7,15:34:07,211,Tahap-0
12/16/2025,15,34,7,15:34:07,208,Tahap-0
12/16/2025,15,34,7,15:34:07,23,Tahap-0
12/16/2025,15,34,8,15:34:08,108,Tahap-0
12/16/2025,15,34,8,15:34:08,201,Tahap-0
12/16/2025,15,34,8,15:34:08,165,Tahap-0
12/16/2025,15,34,8,15:34:08,122,Tahap-0
12/16/2025,15,34,8,15:34:08,172,Tahap-0
12/16/2025,15,34,8,15:34:08,139,Tahap-0
12/16/2025,15,34,8,15:34:08,302,Tahap-0
12/16/2025,15,34,8,15:34:08,481,Tahap-0
12/16/2025,15,34,8,15:34:08,420,Tahap-0
12/16/2025,15,34,8,15:34:08,412,Tahap-0
12/16/2025,15,34,9,15:34:09,323,Tahap-0
12/16/2025,15,34,9,15:34:09,33,Tahap-0
12/16/2025,15,34,9,15:34:09,189,Tahap-0
12/16/2025,15,34,9,15:34:09,146,Tahap-0
12/16/2025,15,34,9,15:34:09,196,Tahap-0
12/16/2025,15,34,9,15:34:09,41,Tahap-0
12/16/2025,15,34,9,15:34:09,184,Tahap-0
12/16/2025,15,34,9,15:34:09,80,Tahap-0
12/16/2025,15,34,9,15:34:09,262,Tahap-0
12/16/2025,15,34,9,15:34:09,255,Tahap-0
12/16/2025,15,34,9,15:34:09,174,Tahap-0
12/16/2025,15,34,10,15:34:10,256,Tahap-0
12/16/2025,15,34,10,15:34:10,241,Tahap-0
12/16/2025,15,34,10,15:34:10,68,Tahap-0
12/16/2025,15,34,10,15:34:10,108,Tahap-0
12/16/2025,15,34,10,15:34:10,120,Tahap-0
12/16/2025,15,34,10,15:34:10,1131,Tahap-0
12/16/2025,15,34,10,15:34:10,405,Tahap-0
12/16/2025,15,34,10,15:34:10,884,Tahap-0
12/16/2025,15,34,10,15:34:10,928,Tahap-0
12/16/2025,15,34,10,15:34:10,726,Tahap-0
12/16/2025,15,34,11,15:34:11,91,Tahap-0
12/16/2025,15,34,11,15:34:11,129,Tahap-0
12/16/2025,15,34,11,15:34:11,92,Tahap-0
12/16/2025,15,34,11,15:34:11,127,Tahap-0
12/16/2025,15,34,11,15:34:11,143,Tahap-0
12/16/2025,15,34,11,15:34:11,209,Tahap-0
12/16/2025,15,34,11,15:34:11,154,Tahap-0
12/16/2025,15,34,11,15:34:11,178,Tahap-0
12/16/2025,15,34,11,15:34:11,114,Tahap-0
12/16/2025,15,34,11,15:34:11,48,Tahap-0
12/16/2025,15,34,12,15:34:12,90,Tahap-0
12/16/2025,15,34,12,15:34:12,42,Tahap-0
12/16/2025,15,34,12,15:34:12,110,Tahap-0
12/16/2025,15,34,12,15:34:12,163,Tahap-0
12/16/2025,15,34,12,15:34:12,65,Tahap-0
12/16/2025,15,34,12,15:34:12,109,Tahap-0
12/16/2025,15,34,12,15:34:12,221,Tahap-0
12/16/2025,15,34,12,15:34:12,278,Tahap-0
12/16/2025,15,34,12,15:34:12,130,Tahap-0
12/16/2025,15,34,12,15:34:12,353,Tahap-0
12/16/2025,15,34,13,15:34:13,177,Tahap-0
12/16/2025,15,34,13,15:34:13,1296,Tahap-0
12/16/2025,15,34,13,15:34:13,110,Tahap-0
12/16/2025,15,34,13,15:34:13,212,Tahap-0
12/16/2025,15,34,13,15:34:13,164,Tahap-0
12/16/2025,15,34,13,15:34:13,221,Tahap-0
12/16/2025,15,34,13,15:34:13,218,Tahap-0
12/16/2025,15,34,13,15:34:13,127,Tahap-0
12/16/2025,15,34,13,15:34:13,78,Tahap-0
12/16/2025,15,34,13,15:34:13,85,Tahap-0
12/16/2025,15,34,14,15:34:14,123,Tahap-0
12/16/2025,15,34,14,15:34:14,73,Tahap-0
12/16/2025,15,34,14,15:34:14,64,Tahap-0
12/16/2025,15,34,14,15:34:14,102,Tahap-0
12/16/2025,15,34,14,15:34:14,183,Tahap-0
12/16/2025,15,34,14,15:34:14,224,Tahap-0
12/16/2025,15,34,14,15:34:14,111,Tahap-0
12/16/2025,15,34,14,15:34:14,49,Tahap-0
12/16/2025,15,34,14,15:34:14,94,Tahap-0
12/16/2025,15,34,14,15:34:14,198,Tahap-0
12/16/2025,15,34,15,15:34:15,98,Tahap-0
12/16/2025,15,34,15,15:34:15,391,Tahap-0
12/16/2025,15,34,15,15:34:15,168,Tahap-0
12/16/2025,15,34,15,15:34:15,937,Tahap-0
12/16/2025,15,34,15,15:34:15,800,Tahap-0
12/16/2025,15,34,15,15:34:15,458,Tahap-0
12/16/2025,15,34,15,15:34:15,933,Tahap-0
12/16/2025,15,34,15,15:34:15,864,Tahap-0
12/16/2025,15,34,15,15:34:15,710,Tahap-0
12/16/2025,15,34,15,15:34:15,1067,Tahap-0
12/16/2025,15,34,16,15:34:16,1434,Tahap-0
12/16/2025,15,34,16,15:34:16,370,Tahap-0
12/16/2025,15,34,16,15:34:16,47,Tahap-0
12/16/2025,15,34,16,15:34:16,414,Tahap-0
12/16/2025,15,34,16,15:34:16,631,Tahap-0
12/16/2025,15,34,16,15:34:16,153,Tahap-0
12/16/2025,15,34,16,15:34:16,485,Tahap-0
12/16/2025,15,34,16,15:34:16,198,Tahap-0
12/16/2025,15,34,16,15:34:16,409,Tahap-0
12/16/2025,15,34,16,15:34:16,554,Tahap-0
12/16/2025,15,34,17,15:34:17,227,Tahap-0
12/16/2025,15,34,17,15:34:17,156,Tahap-0
12/16/2025,15,34,17,15:34:17,281,Tahap-0
12/16/2025,15,34,17,15:34:17,240,Tahap-0
12/16/2025,15,34,17,15:34:17,258,Tahap-0
12/16/2025,15,34,17,15:34:17,559,Tahap-0
12/16/2025,15,34,17,15:34:17,740,Tahap-0
12/16/2025,15,34,17,15:34:17,64,Tahap-0
12/16/2025,15,34,17,15:34:17,262,Tahap-0
12/16/2025,15,34,17,15:34:17,445,Tahap-0
12/16/2025,15,34,18,15:34:18,949,Tahap-0
12/16/2025,15,34,18,15:34:18,1092,Tahap-0
12/16/2025,15,34,18,15:34:18,977,Tahap-0
12/16/2025,15,34,18,15:34:18,1246,Tahap-0
12/16/2025,15,34,18,15:34:18,1135,Tahap-0
12/16/2025,15,34,18,15:34:18,535,Tahap-0
12/16/2025,15,34,18,15:34:18,1678,Tahap-0
12/16/2025,15,34,18,15:34:18,825,Tahap-0
12/16/2025,15,34,18,15:34:18,56,Tahap-0
12/16/2025,15,34,18,15:34:18,255,Tahap-0
12/16/2025,15,34,19,15:34:19,388,Tahap-0
12/16/2025,15,34,19,15:34:19,125,Tahap-0
12/16/2025,15,34,19,15:34:19,20,Tahap-0
12/16/2025,15,34,19,15:34:19,380,Tahap-0
12/16/2025,15,34,19,15:34:19,172,Tahap-0
12/16/2025,15,34,19,15:34:19,296,Tahap-0
12/16/2025,15,34,19,15:34:19,272,Tahap-0
12/16/2025,15,34,19,15:34:19,280,Tahap-0
12/16/2025,15,34,19,15:34:19,272,Tahap-0
12/16/2025,15,34,19,15:34:19,244,Tahap-0
12/16/2025,15,34,20,15:34:20,44,Tahap-0
12/16/2025,15,34,20,15:34:20,280,Tahap-0
12/16/2025,15,34,20,15:34:20,176,Tahap-0
12/16/2025,15,34,20,15:34:20,92,Tahap-0
12/16/2025,15,34,20,15:34:20,292,Tahap-0
12/16/2025,15,34,20,15:34:20,152,Tahap-0
12/16/2025,15,34,20,15:34:20,228,Tahap-0
12/16/2025,15,34,20,15:34:20,208,Tahap-0
12/16/2025,15,34,20,15:34:20,92,Tahap-0
12/16/2025,15,34,20,15:34:20,280,Tahap-0
12/16/2025,15,34,21,15:34:21,188,Tahap-0
12/16/2025,15,34,21,15:34:21,128,Tahap-0
12/16/2025,15,34,21,15:34:21,204,Tahap-0
12/16/2025,15,34,21,15:34:21,112,Tahap-0
12/16/2025,15,34,21,15:34:21,160,Tahap-0
12/16/2025,15,34,21,15:34:21,40,Tahap-0
12/16/2025,15,34,21,15:34:21,400,Tahap-0
12/16/2025,15,34,21,15:34:21,20,Tahap-0
12/16/2025,15,34,21,15:34:21,228,Tahap-0
12/16/2025,15,34,21,15:34:21,-52,Tahap-0
12/16/2025,15,34,22,15:34:22,192,Tahap-0
12/16/2025,15,34,22,15:34:22,52,Tahap-0
12/16/2025,15,34,22,15:34:22,184,Tahap-0
12/16/2025,15,34,22,15:34:22,24,Tahap-0
12/16/2025,15,34,22,15:34:22,160,Tahap-0
12/16/2025,15,34,22,15:34:22,-56,Tahap-0
12/16/2025,15,34,22,15:34:22,-52,Tahap-0
12/16/2025,15,34,22,15:34:22,112,Tahap-0
12/16/2025,15,34,22,15:34:22,148,Tahap-0
12/16/2025,15,34,22,15:34:22,76,Tahap-0
12/16/2025,15,34,23,15:34:23,-40,Tahap-0
12/16/2025,15,34,23,15:34:23,-104,Tahap-0
12/16/2025,15,34,23,15:34:23,112,Tahap-0
12/16/2025,15,34,23,15:34:23,-60,Tahap-0
12/16/2025,15,34,23,15:34:23,196,Tahap-0
12/16/2025,15,34,23,15:34:23,-28,Tahap-0
12/16/2025,15,34,23,15:34:23,-108,Tahap-0
12/16/2025,15,34,23,15:34:23,-76,Tahap-0
12/16/2025,15,34,23,15:34:23,136,Tahap-0
12/16/2025,15,34,24,15:34:24,-44,Tahap-0
12/16/2025,15,34,24,15:34:24,132,Tahap-0
12/16/2025,15,34,24,15:34:24,-164,Tahap-0
12/16/2025,15,34,24,15:34:24,-124,Tahap-0
12/16/2025,15,34,24,15:34:24,-104,Tahap-0
12/16/2025,15,34,24,15:34:24,-72,Tahap-0
12/16/2025,15,34,24,15:34:24,-4,Tahap-0
12/16/2025,15,34,24,15:34:24,-148,Tahap-0
12/16/2025,15,34,24,15:34:24,-256,Tahap-0
12/16/2025,15,34,25,15:34:25,-28,Tahap-0
12/16/2025,15,34,25,15:34:25,-96,Tahap-0
12/16/2025,15,34,25,15:34:25,-60,Tahap-0
12/16/2025,15,34,25,15:34:25,-140,Tahap-0
12/16/2025,15,34,25,15:34:25,-156,Tahap-0
12/16/2025,15,34,25,15:34:25,-128,Tahap-0
12/16/2025,15,34,25,15:34:25,-216,Tahap-0
12/16/2025,15,34,25,15:34:25,-220,Tahap-0
12/16/2025,15,34,25,15:34:25,-68,Tahap-0
12/16/2025,15,34,25,15:34:25,-124,Tahap-0
12/16/2025,15,34,26,15:34:26,-200,Tahap-0
12/16/2025,15,34,26,15:34:26,-288,Tahap-0
12/16/2025,15,34,26,15:34:26,-68,Tahap-0
12/16/2025,15,34,26,15:34:26,-236,Tahap-0
12/16/2025,15,34,26,15:34:26,-144,Tahap-0
12/16/2025,15,34,26,15:34:26,-284,Tahap-0
12/16/2025,15,34,26,15:34:26,-208,Tahap-0
12/16/2025,15,34,26,15:34:26,-208,Tahap-0
12/16/2025,15,34,26,15:34:26,-252,Tahap-0
12/16/2025,15,34,26,15:34:26,-364,Tahap-0
12/16/2025,15,34,27,15:34:27,-84,Tahap-0
12/16/2025,15,34,27,15:34:27,-228,Tahap-0
12/16/2025,15,34,27,15:34:27,-332,Tahap-0
12/16/2025,15,34,27,15:34:27,-40,Tahap-0
12/16/2025,15,34,27,15:34:27,-236,Tahap-0
12/16/2025,15,34,27,15:34:27,-160,Tahap-0
12/16/2025,15,34,27,15:34:27,-292,Tahap-0
12/16/2025,15,34,27,15:34:27,-284,Tahap-0
12/16/2025,15,34,27,15:34:27,-232,Tahap-0
12/16/2025,15,34,27,15:34:27,-172,Tahap-0
12/16/2025,15,34,28,15:34:28,-304,Tahap-0
12/16/2025,15,34,28,15:34:28,-192,Tahap-0
12/16/2025,15,34,28,15:34:28,-268,Tahap-0
12/16/2025,15,34,28,15:34:28,-296,Tahap-0
12/16/2025,15,34,28,15:34:28,-272,Tahap-0
12/16/2025,15,34,28,15:34:28,-8,Tahap-0
12/16/2025,15,34,28,15:34:28,-280,Tahap-0
12/16/2025,15,34,28,15:34:28,-108,Tahap-0
12/16/2025,15,34,28,15:34:28,-404,Tahap-0
12/16/2025,15,34,28,15:34:28,-196,Tahap-0
12/16/2025,15,34,29,15:34:29,-240,Tahap-0
12/16/2025,15,34,29,15:34:29,-76,Tahap-0
12/16/2025,15,34,29,15:34:29,-260,Tahap-0
12/16/2025,15,34,29,15:34:29,-116,Tahap-0
12/16/2025,15,34,29,15:34:29,-284,Tahap-0
12/16/2025,15,34,29,15:34:29,-308,Tahap-0
12/16/2025,15,34,29,15:34:29,-96,Tahap-0
12/16/2025,15,34,29,15:34:29,-136,Tahap-0
12/16/2025,15,34,29,15:34:29,-160,Tahap-0
12/16/2025,15,34,29,15:34:29,-188,Tahap-0
12/16/2025,15,34,30,15:34:30,-328,Tahap-0
12/16/2025,15,34,30,15:34:30,-272,Tahap-0
12/16/2025,15,34,30,15:34:30,-180,Tahap-0
12/16/2025,15,34,30,15:34:30,-216,Tahap-0
12/16/2025,15,34,30,15:34:30,-120,Tahap-0
12/16/2025,15,34,30,15:34:30,-184,Tahap-0
12/16/2025,15,34,30,15:34:30,-312,Tahap-0
12/16/2025,15,34,30,15:34:30,-284,Tahap-0
12/16/2025,15,34,30,15:34:30,28,Tahap-0
12/16/2025,15,34,30,15:34:30,-220,Tahap-0
12/16/2025,15,34,31,15:34:31,-272,Tahap-0
12/16/2025,15,34,31,15:34:31,-200,Tahap-0
12/16/2025,15,34,31,15:34:31,-212,Tahap-0
12/16/2025,15,34,32,15:34:32,-192,Tahap-0
12/16/2025,15,34,32,15:34:32,-164,Tahap-0
12/16/2025,15,34,32,15:34:32,-52,Tahap-0
12/16/2025,15,34,32,15:34:32,-172,Tahap-0
12/16/2025,15,34,32,15:34:32,-252,Tahap-0
12/16/2025,15,34,32,15:34:32,4,Tahap-0
12/16/2025,15,34,32,15:34:32,-196,Tahap-0
12/16/2025,15,34,56,15:34:56,8015,Tahap-0
12/16/2025,15,34,56,15:34:56,1269,Tahap-0
12/16/2025,15,34,56,15:34:56,568,Tahap-0
12/16/2025,15,34,56,15:34:56,760,Tahap-0
12/16/2025,15,34,56,15:34:56,387,Tahap-0
12/16/2025,15,34,57,15:34:57,353,Tahap-0
12/16/2025,15,34,57,15:34:57,485,Tahap-0
12/16/2025,15,34,57,15:34:57,350,Tahap-0
12/16/2025,15,34,57,15:34:57,135,Tahap-0
12/16/2025,15,34,57,15:34:57,308,Tahap-0
12/16/2025,15,34,57,15:34:57,316,Tahap-0
12/16/2025,15,34,57,15:34:57,253,Tahap-0
12/16/2025,15,34,57,15:34:57,225,Tahap-0
12/16/2025,15,34,57,15:34:57,93,Tahap-0
12/16/2025,15,34,57,15:34:57,348,Tahap-0
12/16/2025,15,34,58,15:34:58,163,Tahap-0
12/16/2025,15,34,58,15:34:58,92,Tahap-0
12/16/2025,15,34,58,15:34:58,120,Tahap-0
12/16/2025,15,34,58,15:34:58,51,Tahap-0
12/16/2025,15,34,58,15:34:58,184,Tahap-0
12/16/2025,15,34,58,15:34:58,371,Tahap-0
12/16/2025,15,34,58,15:34:58,179,Tahap-0
12/16/2025,15,34,58,15:34:58,210,Tahap-0
12/16/2025,15,34,58,15:34:58,523,Tahap-0
12/16/2025,15,34,58,15:34:58,296,Tahap-0
12/16/2025,15,34,59,15:34:59,86,Tahap-0
12/16/2025,15,34,59,15:34:59,169,Tahap-0
12/16/2025,15,34,59,15:34:59,124,Tahap-0
12/16/2025,15,34,59,15:34:59,193,Tahap-0
12/16/2025,15,34,59,15:34:59,126,Tahap-0
12/16/2025,15,34,59,15:34:59,321,Tahap-0
12/16/2025,15,34,59,15:34:59,195,Tahap-0
12/16/2025,15,34,59,15:34:59,111,Tahap-0
12/16/2025,15,34,59,15:34:59,197,Tahap-0
12/16/2025,15,34,59,15:34:59,31,Tahap-0
12/16/2025,15,35,1,15:35:01,318,Tahap-0
12/16/2025,15,35,1,15:35:01,173,Tahap-0
12/16/2025,15,35,1,15:35:01,108,Tahap-0
12/16/2025,15,35,1,15:35:01,78,Tahap-0
12/16/2025,15,35,2,15:35:02,92,Tahap-0
12/16/2025,15,35,2,15:35:02,15,Tahap-0
12/16/2025,15,35,2,15:35:02,192,Tahap-0
12/16/2025,15,35,2,15:35:02,40,Tahap-0
12/16/2025,15,35,2,15:35:02,377,Tahap-0
12/16/2025,15,35,2,15:35:02,276,Tahap-0
12/16/2025,15,35,2,15:35:02,35,Tahap-0
12/16/2025,15,35,2,15:35:02,89,Tahap-0
12/16/2025,15,35,2,15:35:02,68,Tahap-0
12/16/2025,15,35,2,15:35:02,127,Tahap-0
12/16/2025,15,35,2,15:35:02,133,Tahap-0
12/16/2025,15,35,2,15:35:02,115,Tahap-0
12/16/2025,15,35,2,15:35:02,159,Tahap-0
12/16/2025,15,35,2,15:35:02,134,Tahap-0
12/16/2025,15,35,2,15:35:02,178,Tahap-0
12/16/2025,15,35,2,15:35:02,196,Tahap-0
12/16/2025,15,35,3,15:35:03,93,Tahap-0
12/16/2025,15,35,3,15:35:03,1198,Tahap-0
12/16/2025,15,35,3,15:35:03,323,Tahap-0
12/16/2025,15,35,3,15:35:03,52,Tahap-0
12/16/2025,15,35,3,15:35:03,67,Tahap-0
12/16/2025,15,35,3,15:35:03,51,Tahap-0
12/16/2025,15,35,3,15:35:03,102,Tahap-0
12/16/2025,15,35,3,15:35:03,127,Tahap-0
12/16/2025,15,35,3,15:35:03,81,Tahap-0
12/16/2025,15,35,3,15:35:03,122,Tahap-0
12/16/2025,15,35,4,15:35:04,49,Tahap-0
12/16/2025,15,35,4,15:35:04,37,Tahap-0
12/16/2025,15,35,4,15:35:04,103,Tahap-0
12/16/2025,15,35,4,15:35:04,51,Tahap-0
12/16/2025,15,35,4,15:35:04,157,Tahap-0
12/16/2025,15,35,4,15:35:04,170,Tahap-0
12/16/2025,15,35,4,15:35:04,32,Tahap-0
12/16/2025,15,35,4,15:35:04,150,Tahap-0
12/16/2025,15,35,4,15:35:04,11,Tahap-0
12/16/2025,15,35,4,15:35:04,209,Tahap-0
12/16/2025,15,35,5,15:35:05,175,Tahap-0
12/16/2025,15,35,5,15:35:05,177,Tahap-0
12/16/2025,15,35,5,15:35:05,1044,Tahap-0
12/16/2025,15,35,5,15:35:05,342,Tahap-0
12/16/2025,15,35,5,15:35:05,632,Tahap-0
12/16/2025,15,35,5,15:35:05,820,Tahap-0
12/16/2025,15,35,5,15:35:05,408,Tahap-0
12/16/2025,15,35,5,15:35:05,590,Tahap-0
12/16/2025,15,35,5,15:35:05,417,Tahap-0
12/16/2025,15,35,5,15:35:05,304,Tahap-0
12/16/2025,15,35,6,15:35:06,866,Tahap-0
12/16/2025,15,35,6,15:35:06,277,Tahap-0
12/16/2025,15,35,6,15:35:06,54,Tahap-0
12/16/2025,15,35,6,15:35:06,168,Tahap-0
12/16/2025,15,35,6,15:35:06,467,Tahap-0
12/16/2025,15,35,6,15:35:06,521,Tahap-0
12/16/2025,15,35,6,15:35:06,327,Tahap-0
12/16/2025,15,35,6,15:35:06,440,Tahap-0
12/16/2025,15,35,6,15:35:06,106,Tahap-0
12/16/2025,15,35,6,15:35:06,409,Tahap-0
12/16/2025,15,35,6,15:35:06,235,Tahap-0
12/16/2025,15,35,7,15:35:07,169,Tahap-0
12/16/2025,15,35,7,15:35:07,40,Tahap-0
12/16/2025,15,35,7,15:35:07,374,Tahap-0
12/16/2025,15,35,7,15:35:07,474,Tahap-0
12/16/2025,15,35,7,15:35:07,265,Tahap-0
12/16/2025,15,35,7,15:35:07,694,Tahap-0
12/16/2025,15,35,7,15:35:07,504,Tahap-0
12/16/2025,15,35,7,15:35:07,102,Tahap-0
12/16/2025,15,35,7,15:35:07,97,Tahap-0
12/16/2025,15,35,7,15:35:07,155,Tahap-0
12/16/2025,15,35,8,15:35:08,615,Tahap-0
12/16/2025,15,35,8,15:35:08,199,Tahap-0
12/16/2025,15,35,8,15:35:08,151,Tahap-0
12/16/2025,15,35,8,15:35:08,700,Tahap-0
12/16/2025,15,35,8,15:35:08,967,Tahap-0
12/16/2025,15,35,8,15:35:08,1795,Tahap-0
12/16/2025,15,35,8,15:35:08,1360,Tahap-0
12/16/2025,15,35,8,15:35:08,450,Tahap-0
12/16/2025,15,35,8,15:35:08,394,Tahap-0
12/16/2025,15,35,8,15:35:08,303,Tahap-0
12/16/2025,15,35,9,15:35:09,212,Tahap-0
12/16/2025,15,35,9,15:35:09,72,Tahap-0
12/16/2025,15,35,9,15:35:09,316,Tahap-0
12/16/2025,15,35,9,15:35:09,216,Tahap-0
12/16/2025,15,35,9,15:35:09,304,Tahap-0
12/16/2025,15,35,9,15:35:09,224,Tahap-0
12/16/2025,15,35,9,15:35:09,400,Tahap-0
12/16/2025,15,35,9,15:35:09,56,Tahap-0
12/16/2025,15,35,9,15:35:09,312,Tahap-0
12/16/2025,15,35,9,15:35:09,336,Tahap-0
12/16/2025,15,35,10,15:35:10,352,Tahap-0
12/16/2025,15,35,10,15:35:10,300,Tahap-0
12/16/2025,15,35,10,15:35:10,232,Tahap-0
12/16/2025,15,35,10,15:35:10,172,Tahap-0
12/16/2025,15,35,10,15:35:10,192,Tahap-0
12/16/2025,15,35,10,15:35:10,256,Tahap-0
12/16/2025,15,35,10,15:35:10,180,Tahap-0
12/16/2025,15,35,10,15:35:10,412,Tahap-0
12/16/2025,15,35,10,15:35:10,176,Tahap-0
12/16/2025,15,35,10,15:35:10,28,Tahap-0
12/16/2025,15,35,11,15:35:11,256,Tahap-0
12/16/2025,15,35,11,15:35:11,468,Tahap-0
12/16/2025,15,35,11,15:35:11,208,Tahap-0
12/16/2025,15,35,11,15:35:11,416,Tahap-0
12/16/2025,15,35,11,15:35:11,-12,Tahap-0
12/16/2025,15,35,11,15:35:11,328,Tahap-0
12/16/2025,15,35,11,15:35:11,132,Tahap-0
12/16/2025,15,35,11,15:35:11,228,Tahap-0
12/16/2025,15,35,11,15:35:11,268,Tahap-0
12/16/2025,15,35,11,15:35:11,356,Tahap-0
12/16/2025,15,35,12,15:35:12,112,Tahap-0
12/16/2025,15,35,12,15:35:12,200,Tahap-0
12/16/2025,15,35,12,15:35:12,156,Tahap-0
12/16/2025,15,35,12,15:35:12,264,Tahap-0
12/16/2025,15,35,12,15:35:12,304,Tahap-0
12/16/2025,15,35,12,15:35:12,180,Tahap-0
12/16/2025,15,35,12,15:35:12,340,Tahap-0
12/16/2025,15,35,12,15:35:12,76,Tahap-0
12/16/2025,15,35,12,15:35:12,80,Tahap-0
12/16/2025,15,35,12,15:35:12,256,Tahap-0
12/16/2025,15,35,13,15:35:13,300,Tahap-0
12/16/2025,15,35,13,15:35:13,260,Tahap-0
12/16/2025,15,35,13,15:35:13,188,Tahap-0
12/16/2025,15,35,13,15:35:13,124,Tahap-0
12/16/2025,15,35,13,15:35:13,196,Tahap-0
12/16/2025,15,35,13,15:35:13,256,Tahap-0
12/16/2025,15,35,13,15:35:13,172,Tahap-0
12/16/2025,15,35,13,15:35:13,204,Tahap-0
12/16/2025,15,35,13,15:35:13,260,Tahap-0
12/16/2025,15,35,13,15:35:13,-4,Tahap-0
12/16/2025,15,35,14,15:35:14,168,Tahap-0
12/16/2025,15,35,14,15:35:14,116,Tahap-0
12/16/2025,15,35,14,15:35:14,140,Tahap-0
12/16/2025,15,35,14,15:35:14,168,Tahap-0
12/16/2025,15,35,14,15:35:14,64,Tahap-0
12/16/2025,15,35,14,15:35:14,156,Tahap-0
12/16/2025,15,35,14,15:35:14,168,Tahap-0
12/16/2025,15,35,14,15:35:14,-48,Tahap-0
12/16/2025,15,35,14,15:35:14,136,Tahap-0
12/16/2025,15,35,14,15:35:14,196,Tahap-0
12/16/2025,15,35,15,15:35:15,84,Tahap-0
12/16/2025,15,35,15,15:35:15,16,Tahap-0
12/16/2025,15,35,15,15:35:15,100,Tahap-0
12/16/2025,15,35,15,15:35:15,140,Tahap-0
12/16/2025,15,35,15,15:35:15,92,Tahap-0
12/16/2025,15,35,15,15:35:15,48,Tahap-0
12/16/2025,15,35,15,15:35:15,-36,Tahap-0
12/16/2025,15,35,15,15:35:15,116,Tahap-0
12/16/2025,15,35,15,15:35:15,-8,Tahap-0
12/16/2025,15,35,15,15:35:15,48,Tahap-0
12/16/2025,15,35,16,15:35:16,-84,Tahap-0
12/16/2025,15,35,16,15:35:16,192,Tahap-0
12/16/2025,15,35,16,15:35:16,-196,Tahap-0
12/16/2025,15,35,16,15:35:16,140,Tahap-0
12/16/2025,15,35,16,15:35:16,-4,Tahap-0
12/16/2025,15,35,16,15:35:16,44,Tahap-0
12/16/2025,15,35,16,15:35:16,20,Tahap-0
12/16/2025,15,35,16,15:35:16,-48,Tahap-0
12/16/2025,15,35,16,15:35:16,-20,Tahap-0
12/16/2025,15,35,16,15:35:16,92,Tahap-0
12/16/2025,15,35,17,15:35:17,-104,Tahap-0
12/16/2025,15,35,17,15:35:17,20,Tahap-0
12/16/2025,15,35,17,15:35:17,-16,Tahap-0
12/16/2025,15,35,17,15:35:17,-132,Tahap-0
12/16/2025,15,35,17,15:35:17,88,Tahap-0
12/16/2025,15,35,17,15:35:17,48,Tahap-0
12/16/2025,15,35,17,15:35:17,-76,Tahap-0
12/16/2025,15,35,17,15:35:17,4,Tahap-0
12/16/2025,15,35,17,15:35:17,-224,Tahap-0
12/16/2025,15,35,18,15:35:18,-60,Tahap-0
12/16/2025,15,35,18,15:35:18,-132,Tahap-0
12/16/2025,15,35,18,15:35:18,-20,Tahap-0
12/16/2025,15,35,18,15:35:18,-84,Tahap-0
12/16/2025,15,35,18,15:35:18,64,Tahap-0
12/16/2025,15,35,18,15:35:18,-296,Tahap-0
12/16/2025,15,35,18,15:35:18,44,Tahap-0
12/16/2025,15,35,18,15:35:18,-40,Tahap-0
12/16/2025,15,35,18,15:35:18,28,Tahap-0
12/16/2025,15,35,18,15:35:18,-80,Tahap-0
12/16/2025,15,35,19,15:35:19,-124,Tahap-0
12/16/2025,15,35,19,15:35:19,-212,Tahap-0
12/16/2025,15,35,19,15:35:19,-64,Tahap-0
12/16/2025,15,35,19,15:35:19,-188,Tahap-0
12/16/2025,15,35,19,15:35:19,-36,Tahap-0
12/16/2025,15,35,19,15:35:19,-52,Tahap-0
12/16/2025,15,35,19,15:35:19,-84,Tahap-0
12/16/2025,15,35,19,15:35:19,-284,Tahap-0
12/16/2025,15,35,19,15:35:19,48,Tahap-0
12/16/2025,15,35,19,15:35:19,-68,Tahap-0
12/16/2025,15,35,20,15:35:20,-76,Tahap-0
12/16/2025,15,35,20,15:35:20,-24,Tahap-0
12/16/2025,15,35,20,15:35:20,-260,Tahap-0
12/16/2025,15,35,20,15:35:20,-56,Tahap-0
12/16/2025,15,35,20,15:35:20,-208,Tahap-0
12/16/2025,15,35,20,15:35:20,-96,Tahap-0
12/16/2025,15,35,20,15:35:20,-128,Tahap-0
12/16/2025,15,35,20,15:35:20,28,Tahap-0
12/16/2025,15,35,20,15:35:20,-272,Tahap-0
12/16/2025,15,35,20,15:35:20,-52,Tahap-0
12/16/2025,15,35,21,15:35:21,-124,Tahap-0
12/16/2025,15,35,21,15:35:21,-20,Tahap-0
12/16/2025,15,35,21,15:35:21,-80,Tahap-0
12/16/2025,15,35,21,15:35:21,-40,Tahap-0
12/16/2025,15,35,21,15:35:21,-140,Tahap-0
12/16/2025,15,35,21,15:35:21,-72,Tahap-0
12/16/2025,15,35,21,15:35:21,-216,Tahap-0
12/16/2025,15,35,21,15:35:21,-72,Tahap-0
12/16/2025,15,35,21,15:35:21,-4,Tahap-0
12/16/2025,15,35,21,15:35:21,-112,Tahap-0
12/16/2025,15,35,46,15:35:46,7048,Tahap-0
12/16/2025,15,35,46,15:35:46,1405,Tahap-0
12/16/2025,15,35,46,15:35:46,1071,Tahap-0
12/16/2025,15,35,46,15:35:46,866,Tahap-0
12/16/2025,15,35,46,15:35:46,747,Tahap-0
12/16/2025,15,35,46,15:35:46,350,Tahap-0
12/16/2025,15,35,47,15:35:47,484,Tahap-0
12/16/2025,15,35,47,15:35:47,505,Tahap-0
12/16/2025,15,35,47,15:35:47,334,Tahap-0
12/16/2025,15,35,47,15:35:47,295,Tahap-0
12/16/2025,15,35,47,15:35:47,305,Tahap-0
12/16/2025,15,35,47,15:35:47,187,Tahap-0
12/16/2025,15,35,47,15:35:47,273,Tahap-0
12/16/2025,15,35,47,15:35:47,297,Tahap-0
12/16/2025,15,35,47,15:35:47,263,Tahap-0
12/16/2025,15,35,47,15:35:47,270,Tahap-0
12/16/2025,15,35,48,15:35:48,154,Tahap-0
12/16/2025,15,35,48,15:35:48,138,Tahap-0
12/16/2025,15,35,48,15:35:48,187,Tahap-0
12/16/2025,15,35,48,15:35:48,282,Tahap-0
12/16/2025,15,35,48,15:35:48,284,Tahap-0
12/16/2025,15,35,48,15:35:48,457,Tahap-0
12/16/2025,15,35,48,15:35:48,462,Tahap-0
12/16/2025,15,35,48,15:35:48,307,Tahap-0
12/16/2025,15,35,48,15:35:48,68,Tahap-0
12/16/2025,15,35,48,15:35:48,244,Tahap-0
12/16/2025,15,35,49,15:35:49,158,Tahap-0
12/16/2025,15,35,49,15:35:49,209,Tahap-0
12/16/2025,15,35,49,15:35:49,135,Tahap-0
12/16/2025,15,35,49,15:35:49,97,Tahap-0
12/16/2025,15,35,49,15:35:49,235,Tahap-0
12/16/2025,15,35,49,15:35:49,283,Tahap-0
12/16/2025,15,35,49,15:35:49,97,Tahap-0
12/16/2025,15,35,49,15:35:49,93,Tahap-0
12/16/2025,15,35,49,15:35:49,279,Tahap-0
12/16/2025,15,35,49,15:35:49,208,Tahap-0
12/16/2025,15,35,50,15:35:50,81,Tahap-0
12/16/2025,15,35,50,15:35:50,78,Tahap-0
12/16/2025,15,35,50,15:35:50,62,Tahap-0
12/16/2025,15,35,50,15:35:50,192,Tahap-0
12/16/2025,15,35,50,15:35:50,1285,Tahap-0
12/16/2025,15,35,50,15:35:50,358,Tahap-0
12/16/2025,15,35,50,15:35:50,260,Tahap-0
12/16/2025,15,35,50,15:35:50,1022,Tahap-0
12/16/2025,15,35,50,15:35:50,320,Tahap-0
12/16/2025,15,35,50,15:35:50,456,Tahap-0
12/16/2025,15,35,51,15:35:51,204,Tahap-0
12/16/2025,15,35,51,15:35:51,192,Tahap-0
12/16/2025,15,35,51,15:35:51,66,Tahap-0
12/16/2025,15,35,51,15:35:51,63,Tahap-0
12/16/2025,15,35,51,15:35:51,119,Tahap-0
12/16/2025,15,35,51,15:35:51,148,Tahap-0
12/16/2025,15,35,51,15:35:51,129,Tahap-0
12/16/2025,15,35,51,15:35:51,39,Tahap-0
12/16/2025,15,35,51,15:35:51,47,Tahap-0
12/16/2025,15,35,51,15:35:51,119,Tahap-0
12/16/2025,15,35,52,15:35:52,114,Tahap-0
12/16/2025,15,35,52,15:35:52,132,Tahap-0
12/16/2025,15,35,52,15:35:52,107,Tahap-0
12/16/2025,15,35,52,15:35:52,99,Tahap-0
12/16/2025,15,35,52,15:35:52,211,Tahap-0
12/16/2025,15,35,52,15:35:52,204,Tahap-0
12/16/2025,15,35,52,15:35:52,180,Tahap-0
12/16/2025,15,35,52,15:35:52,47,Tahap-0
12/16/2025,15,35,52,15:35:52,159,Tahap-0
12/16/2025,15,35,52,15:35:52,80,Tahap-0
12/16/2025,15,35,53,15:35:53,1238,Tahap-0
12/16/2025,15,35,53,15:35:53,119,Tahap-0
12/16/2025,15,35,53,15:35:53,211,Tahap-0
12/16/2025,15,35,53,15:35:53,121,Tahap-0
12/16/2025,15,35,53,15:35:53,98,Tahap-0
12/16/2025,15,35,53,15:35:53,35,Tahap-0
12/16/2025,15,35,53,15:35:53,78,Tahap-0
12/16/2025,15,35,53,15:35:53,168,Tahap-0
12/16/2025,15,35,53,15:35:53,83,Tahap-0
12/16/2025,15,35,53,15:35:53,155,Tahap-0
12/16/2025,15,35,54,15:35:54,153,Tahap-0
12/16/2025,15,35,54,15:35:54,117,Tahap-0
12/16/2025,15,35,54,15:35:54,52,Tahap-0
12/16/2025,15,35,54,15:35:54,83,Tahap-0
12/16/2025,15,35,54,15:35:54,166,Tahap-0
12/16/2025,15,35,54,15:35:54,226,Tahap-0
12/16/2025,15,35,54,15:35:54,92,Tahap-0
12/16/2025,15,35,54,15:35:54,132,Tahap-0
12/16/2025,15,35,54,15:35:54,55,Tahap-0
12/16/2025,15,35,54,15:35:54,86,Tahap-0
12/16/2025,15,35,55,15:35:55,419,Tahap-0
12/16/2025,15,35,55,15:35:55,739,Tahap-0
12/16/2025,15,35,55,15:35:55,786,Tahap-0
12/16/2025,15,35,55,15:35:55,1001,Tahap-0
12/16/2025,15,35,55,15:35:55,626,Tahap-0
12/16/2025,15,35,55,15:35:55,143,Tahap-0
12/16/2025,15,35,55,15:35:55,212,Tahap-0
12/16/2025,15,35,55,15:35:55,520,Tahap-0
12/16/2025,15,35,55,15:35:55,597,Tahap-0
12/16/2025,15,35,55,15:35:55,302,Tahap-0
12/16/2025,15,35,56,15:35:56,84,Tahap-0
12/16/2025,15,35,56,15:35:56,445,Tahap-0
12/16/2025,15,35,56,15:35:56,598,Tahap-0
12/16/2025,15,35,56,15:35:56,420,Tahap-0
12/16/2025,15,35,56,15:35:56,202,Tahap-0
12/16/2025,15,35,56,15:35:56,362,Tahap-0
12/16/2025,15,35,56,15:35:56,448,Tahap-0
12/16/2025,15,35,56,15:35:56,267,Tahap-0
12/16/2025,15,35,56,15:35:56,145,Tahap-0
12/16/2025,15,35,56,15:35:56,166,Tahap-0
12/16/2025,15,35,57,15:35:57,127,Tahap-0
12/16/2025,15,35,57,15:35:57,154,Tahap-0
12/16/2025,15,35,57,15:35:57,49,Tahap-0
12/16/2025,15,35,57,15:35:57,339,Tahap-0
12/16/2025,15,35,57,15:35:57,819,Tahap-0
12/16/2025,15,35,57,15:35:57,445,Tahap-0
12/16/2025,15,35,57,15:35:57,492,Tahap-0
12/16/2025,15,35,57,15:35:57,381,Tahap-0
12/16/2025,15,35,57,15:35:57,394,Tahap-0
12/16/2025,15,35,57,15:35:57,71,Tahap-0
12/16/2025,15,35,58,15:35:58,297,Tahap-0
12/16/2025,15,35,58,15:35:58,568,Tahap-0
12/16/2025,15,35,58,15:35:58,486,Tahap-0
12/16/2025,15,35,58,15:35:58,208,Tahap-0
12/16/2025,15,35,58,15:35:58,334,Tahap-0
12/16/2025,15,35,58,15:35:58,1571,Tahap-0
12/16/2025,15,35,58,15:35:58,424,Tahap-0
12/16/2025,15,35,58,15:35:58,481,Tahap-0
12/16/2025,15,35,58,15:35:58,398,Tahap-0
12/16/2025,15,35,58,15:35:58,345,Tahap-0
12/16/2025,15,35,59,15:35:59,115,Tahap-0
12/16/2025,15,35,59,15:35:59,-160,Tahap-0
12/16/2025,15,35,59,15:35:59,-232,Tahap-0
12/16/2025,15,35,59,15:35:59,-204,Tahap-0
12/16/2025,15,35,59,15:35:59,-180,Tahap-0
12/16/2025,15,35,59,15:35:59,-48,Tahap-0
12/16/2025,15,35,59,15:35:59,-368,Tahap-0
12/16/2025,15,35,59,15:35:59,36,Tahap-0
12/16/2025,15,35,59,15:35:59,-192,Tahap-0
12/16/2025,15,35,59,15:35:59,-180,Tahap-0
12/16/2025,15,36,1,15:36:01,-100,Tahap-0
12/16/2025,15,36,1,15:36:01,-192,Tahap-0
12/16/2025,15,36,1,15:36:01,-184,Tahap-0
12/16/2025,15,36,1,15:36:01,-364,Tahap-0
12/16/2025,15,36,2,15:36:02,-168,Tahap-0
12/16/2025,15,36,2,15:36:02,-248,Tahap-0
12/16/2025,15,36,2,15:36:02,-172,Tahap-0
12/16/2025,15,36,2,15:36:02,-192,Tahap-0
12/16/2025,15,36,2,15:36:02,-168,Tahap-0
12/16/2025,15,36,2,15:36:02,-492,Tahap-0
12/16/2025,15,36,2,15:36:02,-60,Tahap-0
12/16/2025,15,36,2,15:36:02,-220,Tahap-0
12/16/2025,15,36,2,15:36:02,-84,Tahap-0
12/16/2025,15,36,2,15:36:02,-196,Tahap-0
12/16/2025,15,36,2,15:36:02,-264,Tahap-0
12/16/2025,15,36,2,15:36:02,-192,Tahap-0
12/16/2025,15,36,2,15:36:02,-224,Tahap-0
12/16/2025,15,36,2,15:36:02,-212,Tahap-0
12/16/2025,15,36,2,15:36:02,-156,Tahap-0
12/16/2025,15,36,2,15:36:02,-156,Tahap-0
12/16/2025,15,36,3,15:36:03,-296,Tahap-0
12/16/2025,15,36,3,15:36:03,-312,Tahap-0
12/16/2025,15,36,3,15:36:03,-52,Tahap-0
12/16/2025,15,36,3,15:36:03,-164,Tahap-0
12/16/2025,15,36,3,15:36:03,-76,Tahap-0
12/16/2025,15,36,3,15:36:03,-140,Tahap-0
12/16/2025,15,36,3,15:36:03,-296,Tahap-0
12/16/2025,15,36,3,15:36:03,-140,Tahap-0
12/16/2025,15,36,3,15:36:03,-300,Tahap-0
12/16/2025,15,36,3,15:36:03,-172,Tahap-0
12/16/2025,15,36,4,15:36:04,-148,Tahap-0
12/16/2025,15,36,4,15:36:04,-76,Tahap-0
12/16/2025,15,36,4,15:36:04,-428,Tahap-0
12/16/2025,15,36,4,15:36:04,-48,Tahap-0
12/16/2025,15,36,4,15:36:04,-204,Tahap-0
12/16/2025,15,36,4,15:36:04,-160,Tahap-0
12/16/2025,15,36,4,15:36:04,-116,Tahap-0
12/16/2025,15,36,4,15:36:04,-236,Tahap-0
12/16/2025,15,36,4,15:36:04,-96,Tahap-0
12/16/2025,15,36,4,15:36:04,-204,Tahap-0
12/16/2025,15,36,5,15:36:05,-256,Tahap-0
12/16/2025,15,36,5,15:36:05,-152,Tahap-0
12/16/2025,15,36,5,15:36:05,-84,Tahap-0
12/16/2025,15,36,5,15:36:05,-260,Tahap-0
12/16/2025,15,36,5,15:36:05,-68,Tahap-0
12/16/2025,15,36,5,15:36:05,-96,Tahap-0
12/16/2025,15,36,5,15:36:05,-128,Tahap-0
12/16/2025,15,36,5,15:36:05,-120,Tahap-0
12/16/2025,15,36,5,15:36:05,-164,Tahap-0
12/16/2025,15,36,5,15:36:05,-64,Tahap-0
12/16/2025,15,36,6,15:36:06,-56,Tahap-0
12/16/2025,15,36,6,15:36:06,-168,Tahap-0
12/16/2025,15,36,6,15:36:06,-80,Tahap-0
12/16/2025,15,36,6,15:36:06,-176,Tahap-0
12/16/2025,15,36,6,15:36:06,-40,Tahap-0
12/16/2025,15,36,6,15:36:06,-292,Tahap-0
12/16/2025,15,36,6,15:36:06,136,Tahap-0
12/16/2025,15,36,6,15:36:06,-116,Tahap-0
12/16/2025,15,36,6,15:36:06,-20,Tahap-0
12/16/2025,15,36,6,15:36:06,-140,Tahap-0
12/16/2025,15,36,7,15:36:07,-136,Tahap-0
12/16/2025,15,36,7,15:36:07,-72,Tahap-0
12/16/2025,15,36,7,15:36:07,-12,Tahap-0
12/16/2025,15,36,7,15:36:07,-100,Tahap-0
12/16/2025,15,36,7,15:36:07,-28,Tahap-0
12/16/2025,15,36,7,15:36:07,-48,Tahap-0
12/16/2025,15,36,7,15:36:07,-208,Tahap-0
12/16/2025,15,36,7,15:36:07,64,Tahap-0
12/16/2025,15,36,7,15:36:07,40,Tahap-0
12/16/2025,15,36,7,15:36:07,-80,Tahap-0
12/16/2025,15,36,8,15:36:08,-64,Tahap-0
12/16/2025,15,36,8,15:36:08,-128,Tahap-0
12/16/2025,15,36,8,15:36:08,60,Tahap-0
12/16/2025,15,36,8,15:36:08,-88,Tahap-0
12/16/2025,15,36,8,15:36:08,32,Tahap-0
12/16/2025,15,36,8,15:36:08,-56,Tahap-0
12/16/2025,15,36,8,15:36:08,-76,Tahap-0
12/16/2025,15,36,8,15:36:08,-188,Tahap-0
12/16/2025,15,36,8,15:36:08,164,Tahap-0
12/16/2025,15,36,8,15:36:08,-40,Tahap-0
12/16/2025,15,36,9,15:36:09,140,Tahap-0
12/16/2025,15,36,9,15:36:09,-40,Tahap-0
12/16/2025,15,36,9,15:36:09,-52,Tahap-0
12/16/2025,15,36,9,15:36:09,-80,Tahap-0
12/16/2025,15,36,9,15:36:09,-36,Tahap-0
12/16/2025,15,36,9,15:36:09,-88,Tahap-0
12/16/2025,15,36,9,15:36:09,132,Tahap-0
12/16/2025,15,36,9,15:36:09,-32,Tahap-0
12/16/2025,15,36,9,15:36:09,-156,Tahap-0
12/16/2025,15,36,9,15:36:09,52,Tahap-0
12/16/2025,15,36,10,15:36:10,-16,Tahap-0
12/16/2025,15,36,10,15:36:10,8,Tahap-0
12/16/2025,15,36,10,15:36:10,4,Tahap-0
12/16/2025,15,36,10,15:36:10,-64,Tahap-0
12/16/2025,15,36,10,15:36:10,64,Tahap-0
12/16/2025,15,36,10,15:36:10,-72,Tahap-0
12/16/2025,15,36,10,15:36:10,-164,Tahap-0
12/16/2025,15,36,10,15:36:10,80,Tahap-0
12/16/2025,15,36,10,15:36:10,36,Tahap-0
12/16/2025,15,36,10,15:36:10,-36,Tahap-0
12/16/2025,15,36,11,15:36:11,-76,Tahap-0
12/16/2025,15,36,11,15:36:11,-52,Tahap-0
12/16/2025,15,36,11,15:36:11,-92,Tahap-0
12/16/2025,15,36,11,15:36:11,76,Tahap-0
12/16/2025,15,36,11,15:36:11,-160,Tahap-0
12/16/2025,15,36,11,15:36:11,64,Tahap-0
12/16/2025,15,36,11,15:36:11,-112,Tahap-0
12/16/2025,15,36,11,15:36:11,-148,Tahap-0
12/16/2025,15,36,11,15:36:11,-148,Tahap-0
12/16/2025,15,36,36,15:36:36,3294,Tahap-0
12/16/2025,15,36,36,15:36:36,3182,Tahap-0
12/16/2025,15,36,36,15:36:36,2992,Tahap-0
12/16/2025,15,36,36,15:36:36,1450,Tahap-0
12/16/2025,15,36,36,15:36:36,1133,Tahap-0
12/16/2025,15,36,36,15:36:36,1030,Tahap-0
12/16/2025,15,36,36,15:36:36,760,Tahap-0
12/16/2025,15,36,37,15:36:37,589,Tahap-0
12/16/2025,15,36,37,15:36:37,609,Tahap-0
12/16/2025,15,36,37,15:36:37,429,Tahap-0
12/16/2025,15,36,37,15:36:37,465,Tahap-0
12/16/2025,15,36,37,15:36:37,397,Tahap-0
12/16/2025,15,36,37,15:36:37,380,Tahap-0
12/16/2025,15,36,37,15:36:37,449,Tahap-0
12/16/2025,15,36,37,15:36:37,385,Tahap-0
12/16/2025,15,36,37,15:36:37,326,Tahap-0
12/16/2025,15,36,37,15:36:37,218,Tahap-0
12/16/2025,15,36,38,15:36:38,377,Tahap-0
12/16/2025,15,36,38,15:36:38,277,Tahap-0
12/16/2025,15,36,38,15:36:38,338,Tahap-0
12/16/2025,15,36,38,15:36:38,124,Tahap-0
12/16/2025,15,36,38,15:36:38,548,Tahap-0
12/16/2025,15,36,38,15:36:38,169,Tahap-0
12/16/2025,15,36,38,15:36:38,492,Tahap-0
12/16/2025,15,36,38,15:36:38,332,Tahap-0
12/16/2025,15,36,38,15:36:38,183,Tahap-0
12/16/2025,15,36,38,15:36:38,162,Tahap-0
12/16/2025,15,36,39,15:36:39,323,Tahap-0
12/16/2025,15,36,39,15:36:39,345,Tahap-0
12/16/2025,15,36,39,15:36:39,143,Tahap-0
12/16/2025,15,36,39,15:36:39,255,Tahap-0
12/16/2025,15,36,39,15:36:39,255,Tahap-0
12/16/2025,15,36,39,15:36:39,219,Tahap-0
12/16/2025,15,36,39,15:36:39,250,Tahap-0
12/16/2025,15,36,39,15:36:39,93,Tahap-0
12/16/2025,15,36,39,15:36:39,334,Tahap-0
12/16/2025,15,36,39,15:36:39,316,Tahap-0
12/16/2025,15,36,40,15:36:40,307,Tahap-0
12/16/2025,15,36,40,15:36:40,283,Tahap-0
12/16/2025,15,36,40,15:36:40,630,Tahap-0
12/16/2025,15,36,40,15:36:40,682,Tahap-0
12/16/2025,15,36,40,15:36:40,307,Tahap-0
12/16/2025,15,36,40,15:36:40,519,Tahap-0
12/16/2025,15,36,40,15:36:40,535,Tahap-0
12/16/2025,15,36,40,15:36:40,955,Tahap-0
12/16/2025,15,36,40,15:36:40,22,Tahap-0
12/16/2025,15,36,40,15:36:40,129,Tahap-0
12/16/2025,15,36,41,15:36:41,126,Tahap-0
12/16/2025,15,36,41,15:36:41,39,Tahap-0
12/16/2025,15,36,41,15:36:41,102,Tahap-0
12/16/2025,15,36,41,15:36:41,131,Tahap-0
12/16/2025,15,36,41,15:36:41,140,Tahap-0
12/16/2025,15,36,41,15:36:41,205,Tahap-0
12/16/2025,15,36,41,15:36:41,175,Tahap-0
12/16/2025,15,36,41,15:36:41,77,Tahap-0
12/16/2025,15,36,41,15:36:41,99,Tahap-0
12/16/2025,15,36,41,15:36:41,186,Tahap-0
12/16/2025,15,36,42,15:36:42,93,Tahap-0
12/16/2025,15,36,42,15:36:42,82,Tahap-0
12/16/2025,15,36,42,15:36:42,52,Tahap-0
12/16/2025,15,36,42,15:36:42,190,Tahap-0
12/16/2025,15,36,42,15:36:42,154,Tahap-0
12/16/2025,15,36,42,15:36:42,83,Tahap-0
12/16/2025,15,36,42,15:36:42,199,Tahap-0
12/16/2025,15,36,42,15:36:42,173,Tahap-0
12/16/2025,15,36,42,15:36:42,220,Tahap-0
12/16/2025,15,36,42,15:36:42,844,Tahap-0
12/16/2025,15,36,43,15:36:43,370,Tahap-0
12/16/2025,15,36,43,15:36:43,25,Tahap-0
12/16/2025,15,36,43,15:36:43,135,Tahap-0
12/16/2025,15,36,43,15:36:43,222,Tahap-0
12/16/2025,15,36,43,15:36:43,56,Tahap-0
12/16/2025,15,36,43,15:36:43,170,Tahap-0
12/16/2025,15,36,43,15:36:43,73,Tahap-0
12/16/2025,15,36,43,15:36:43,75,Tahap-0
12/16/2025,15,36,43,15:36:43,159,Tahap-0
12/16/2025,15,36,43,15:36:43,167,Tahap-0
12/16/2025,15,36,44,15:36:44,121,Tahap-0
12/16/2025,15,36,44,15:36:44,158,Tahap-0
12/16/2025,15,36,44,15:36:44,133,Tahap-0
12/16/2025,15,36,44,15:36:44,271,Tahap-0
12/16/2025,15,36,44,15:36:44,86,Tahap-0
12/16/2025,15,36,44,15:36:44,93,Tahap-0
12/16/2025,15,36,44,15:36:44,236,Tahap-0
12/16/2025,15,36,44,15:36:44,241,Tahap-0
12/16/2025,15,36,44,15:36:44,229,Tahap-0
12/16/2025,15,36,44,15:36:44,345,Tahap-0
12/16/2025,15,36,45,15:36:45,473,Tahap-0
12/16/2025,15,36,45,15:36:45,1300,Tahap-0
12/16/2025,15,36,45,15:36:45,858,Tahap-0
12/16/2025,15,36,45,15:36:45,360,Tahap-0
12/16/2025,15,36,45,15:36:45,399,Tahap-0
12/16/2025,15,36,45,15:36:45,212,Tahap-0
12/16/2025,15,36,45,15:36:45,239,Tahap-0
12/16/2025,15,36,45,15:36:45,376,Tahap-0
12/16/2025,15,36,45,15:36:45,418,Tahap-0
12/16/2025,15,36,45,15:36:45,258,Tahap-0
12/16/2025,15,36,46,15:36:46,261,Tahap-0
12/16/2025,15,36,46,15:36:46,326,Tahap-0
12/16/2025,15,36,46,15:36:46,403,Tahap-0
12/16/2025,15,36,46,15:36:46,507,Tahap-0
12/16/2025,15,36,46,15:36:46,13,Tahap-0
12/16/2025,15,36,46,15:36:46,483,Tahap-0
12/16/2025,15,36,46,15:36:46,277,Tahap-0
12/16/2025,15,36,46,15:36:46,319,Tahap-0
12/16/2025,15,36,46,15:36:46,256,Tahap-0
12/16/2025,15,36,46,15:36:46,155,Tahap-0
12/16/2025,15,36,47,15:36:47,121,Tahap-0
12/16/2025,15,36,47,15:36:47,103,Tahap-0
12/16/2025,15,36,47,15:36:47,284,Tahap-0
12/16/2025,15,36,47,15:36:47,316,Tahap-0
12/16/2025,15,36,47,15:36:47,1129,Tahap-0
12/16/2025,15,36,47,15:36:47,131,Tahap-0
12/16/2025,15,36,47,15:36:47,32,Tahap-0
12/16/2025,15,36,47,15:36:47,468,Tahap-0
12/16/2025,15,36,47,15:36:47,217,Tahap-0
12/16/2025,15,36,47,15:36:47,439,Tahap-0
12/16/2025,15,36,48,15:36:48,260,Tahap-0
12/16/2025,15,36,48,15:36:48,378,Tahap-0
12/16/2025,15,36,48,15:36:48,246,Tahap-0
12/16/2025,15,36,48,15:36:48,668,Tahap-0
12/16/2025,15,36,48,15:36:48,2147,Tahap-0
12/16/2025,15,36,48,15:36:48,361,Tahap-0
12/16/2025,15,36,48,15:36:48,230,Tahap-0
12/16/2025,15,36,48,15:36:48,114,Tahap-0
12/16/2025,15,36,48,15:36:48,409,Tahap-0
12/16/2025,15,36,48,15:36:48,190,Tahap-0
12/16/2025,15,36,49,15:36:49,120,Tahap-0
12/16/2025,15,36,49,15:36:49,-24,Tahap-0
12/16/2025,15,36,49,15:36:49,168,Tahap-0
12/16/2025,15,36,49,15:36:49,-72,Tahap-0
12/16/2025,15,36,49,15:36:49,156,Tahap-0
12/16/2025,15,36,49,15:36:49,64,Tahap-0
12/16/2025,15,36,49,15:36:49,160,Tahap-0
12/16/2025,15,36,49,15:36:49,-8,Tahap-0
12/16/2025,15,36,49,15:36:49,184,Tahap-0
12/16/2025,15,36,49,15:36:49,44,Tahap-0
12/16/2025,15,36,50,15:36:50,148,Tahap-0
12/16/2025,15,36,50,15:36:50,84,Tahap-0
12/16/2025,15,36,50,15:36:50,60,Tahap-0
12/16/2025,15,36,50,15:36:50,148,Tahap-0
12/16/2025,15,36,50,15:36:50,12,Tahap-0
12/16/2025,15,36,50,15:36:50,12,Tahap-0
12/16/2025,15,36,50,15:36:50,72,Tahap-0
12/16/2025,15,36,50,15:36:50,136,Tahap-0
12/16/2025,15,36,50,15:36:50,-116,Tahap-0
12/16/2025,15,36,50,15:36:50,280,Tahap-0
12/16/2025,15,36,51,15:36:51,-24,Tahap-0
12/16/2025,15,36,51,15:36:51,108,Tahap-0
12/16/2025,15,36,51,15:36:51,-12,Tahap-0
12/16/2025,15,36,51,15:36:51,-4,Tahap-0
12/16/2025,15,36,51,15:36:51,88,Tahap-0
12/16/2025,15,36,51,15:36:51,80,Tahap-0
12/16/2025,15,36,51,15:36:51,-44,Tahap-0
12/16/2025,15,36,51,15:36:51,120,Tahap-0
12/16/2025,15,36,51,15:36:51,8,Tahap-0
12/16/2025,15,36,52,15:36:52,-16,Tahap-0
12/16/2025,15,36,52,15:36:52,212,Tahap-0
12/16/2025,15,36,52,15:36:52,56,Tahap-0
12/16/2025,15,36,52,15:36:52,32,Tahap-0
12/16/2025,15,36,52,15:36:52,-4,Tahap-0
12/16/2025,15,36,52,15:36:52,-40,Tahap-0
12/16/2025,15,36,52,15:36:52,44,Tahap-0
12/16/2025,15,36,52,15:36:52,16,Tahap-0
12/16/2025,15,36,52,15:36:52,76,Tahap-0
12/16/2025,15,36,52,15:36:52,44,Tahap-0
12/16/2025,15,36,53,15:36:53,-4,Tahap-0
12/16/2025,15,36,53,15:36:53,-216,Tahap-0
12/16/2025,15,36,53,15:36:53,128,Tahap-0
12/16/2025,15,36,53,15:36:53,-36,Tahap-0
12/16/2025,15,36,53,15:36:53,128,Tahap-0
12/16/2025,15,36,53,15:36:53,-92,Tahap-0
12/16/2025,15,36,53,15:36:53,-48,Tahap-0
12/16/2025,15,36,53,15:36:53,-144,Tahap-0
12/16/2025,15,36,53,15:36:53,-132,Tahap-0
12/16/2025,15,36,54,15:36:54,80,Tahap-0
12/16/2025,15,36,54,15:36:54,-44,Tahap-0
12/16/2025,15,36,54,15:36:54,-216,Tahap-0
12/16/2025,15,36,54,15:36:54,-88,Tahap-0
12/16/2025,15,36,54,15:36:54,-12,Tahap-0
12/16/2025,15,36,54,15:36:54,-36,Tahap-0
12/16/2025,15,36,54,15:36:54,12,Tahap-0
12/16/2025,15,36,54,15:36:54,-108,Tahap-0
12/16/2025,15,36,54,15:36:54,-132,Tahap-0
12/16/2025,15,36,54,15:36:54,-80,Tahap-0
12/16/2025,15,36,55,15:36:55,-188,Tahap-0
12/16/2025,15,36,55,15:36:55,-56,Tahap-0
12/16/2025,15,36,55,15:36:55,-72,Tahap-0
12/16/2025,15,36,55,15:36:55,-28,Tahap-0
12/16/2025,15,36,55,15:36:55,-312,Tahap-0
12/16/2025,15,36,55,15:36:55,20,Tahap-0
12/16/2025,15,36,55,15:36:55,-120,Tahap-0
12/16/2025,15,36,55,15:36:55,-80,Tahap-0
12/16/2025,15,36,55,15:36:55,-80,Tahap-0
12/16/2025,15,36,55,15:36:55,-176,Tahap-0
12/16/2025,15,36,56,15:36:56,-32,Tahap-0
12/16/2025,15,36,56,15:36:56,-116,Tahap-0
12/16/2025,15,36,56,15:36:56,-224,Tahap-0
12/16/2025,15,36,56,15:36:56,-56,Tahap-0
12/16/2025,15,36,56,15:36:56,8,Tahap-0
12/16/2025,15,36,56,15:36:56,-284,Tahap-0
12/16/2025,15,36,56,15:36:56,24,Tahap-0
12/16/2025,15,36,56,15:36:56,-120,Tahap-0
12/16/2025,15,36,56,15:36:56,-80,Tahap-0
12/16/2025,15,36,56,15:36:56,-96,Tahap-0
12/16/2025,15,36,56,15:36:56,-204,Tahap-0
12/16/2025,15,36,57,15:36:57,-60,Tahap-0
12/16/2025,15,36,57,15:36:57,-56,Tahap-0
12/16/2025,15,36,57,15:36:57,-132,Tahap-0
12/16/2025,15,36,57,15:36:57,-48,Tahap-0
12/16/2025,15,36,57,15:36:57,-124,Tahap-0
12/16/2025,15,36,57,15:36:57,-16,Tahap-0
12/16/2025,15,36,57,15:36:57,-276,Tahap-0
12/16/2025,15,36,57,15:36:57,172,Tahap-0
12/16/2025,15,36,57,15:36:57,-128,Tahap-0
12/16/2025,15,36,57,15:36:57,16,Tahap-0
12/16/2025,15,36,58,15:36:58,-140,Tahap-0
12/16/2025,15,36,58,15:36:58,-104,Tahap-0
12/16/2025,15,36,58,15:36:58,-20,Tahap-0
12/16/2025,15,36,58,15:36:58,8,Tahap-0
12/16/2025,15,36,58,15:36:58,-56,Tahap-0
12/16/2025,15,36,58,15:36:58,16,Tahap-0
12/16/2025,15,36,58,15:36:58,-44,Tahap-0
12/16/2025,15,36,58,15:36:58,-172,Tahap-0
12/16/2025,15,36,58,15:36:58,116,Tahap-0
12/16/2025,15,36,58,15:36:58,32,Tahap-0
12/16/2025,15,36,59,15:36:59,100,Tahap-0
12/16/2025,15,36,59,15:36:59,36,Tahap-0
12/16/2025,15,36,59,15:36:59,-48,Tahap-0
12/16/2025,15,36,59,15:36:59,4,Tahap-0
12/16/2025,15,36,59,15:36:59,80,Tahap-0
12/16/2025,15,36,59,15:36:59,40,Tahap-0
12/16/2025,15,36,59,15:36:59,188,Tahap-0
12/16/2025,15,36,59,15:36:59,52,Tahap-0
12/16/2025,15,36,59,15:36:59,36,Tahap-0
12/16/2025,15,36,59,15:36:59,-24,Tahap-0
12/16/2025,15,37,1,15:37:01,16,Tahap-0
12/16/2025,15,37,1,15:37:01,288,Tahap-0
12/16/2025,15,37,1,15:37:01,148,Tahap-0
12/16/2025,15,37,2,15:37:02,288,Tahap-0
12/16/2025,15,37,2,15:37:02,204,Tahap-0
12/16/2025,15,37,2,15:37:02,292,Tahap-0
12/16/2025,15,37,2,15:37:02,136,Tahap-0
12/16/2025,15,37,2,15:37:02,272,Tahap-0
12/16/2025,15,37,26,15:37:26,3570,Tahap-0
12/16/2025,15,37,26,15:37:26,2598,Tahap-0
12/16/2025,15,37,26,15:37:26,1228,Tahap-0
12/16/2025,15,37,26,15:37:26,845,Tahap-0
12/16/2025,15,37,26,15:37:26,500,Tahap-0
12/16/2025,15,37,26,15:37:26,445,Tahap-0
12/16/2025,15,37,26,15:37:26,446,Tahap-0
12/16/2025,15,37,26,15:37:26,523,Tahap-0
12/16/2025,15,37,27,15:37:27,261,Tahap-0
12/16/2025,15,37,27,15:37:27,297,Tahap-0
12/16/2025,15,37,27,15:37:27,238,Tahap-0
12/16/2025,15,37,27,15:37:27,329,Tahap-0
12/16/2025,15,37,27,15:37:27,290,Tahap-0
12/16/2025,15,37,27,15:37:27,242,Tahap-0
12/16/2025,15,37,27,15:37:27,350,Tahap-0
12/16/2025,15,37,27,15:37:27,202,Tahap-0
12/16/2025,15,37,27,15:37:27,278,Tahap-0
12/16/2025,15,37,27,15:37:27,203,Tahap-0
12/16/2025,15,37,28,15:37:28,245,Tahap-0
12/16/2025,15,37,28,15:37:28,306,Tahap-0
12/16/2025,15,37,28,15:37:28,65,Tahap-0
12/16/2025,15,37,28,15:37:28,547,Tahap-0
12/16/2025,15,37,28,15:37:28,200,Tahap-0
12/16/2025,15,37,28,15:37:28,302,Tahap-0
12/16/2025,15,37,28,15:37:28,311,Tahap-0
12/16/2025,15,37,28,15:37:28,61,Tahap-0
12/16/2025,15,37,28,15:37:28,182,Tahap-0
12/16/2025,15,37,28,15:37:28,122,Tahap-0
12/16/2025,15,37,29,15:37:29,337,Tahap-0
12/16/2025,15,37,29,15:37:29,94,Tahap-0
12/16/2025,15,37,29,15:37:29,187,Tahap-0
12/16/2025,15,37,29,15:37:29,145,Tahap-0
12/16/2025,15,37,29,15:37:29,127,Tahap-0
12/16/2025,15,37,29,15:37:29,194,Tahap-0
12/16/2025,15,37,29,15:37:29,143,Tahap-0
12/16/2025,15,37,29,15:37:29,222,Tahap-0
12/16/2025,15,37,29,15:37:29,312,Tahap-0
12/16/2025,15,37,29,15:37:29,313,Tahap-0
12/16/2025,15,37,30,15:37:30,341,Tahap-0
12/16/2025,15,37,30,15:37:30,349,Tahap-0
12/16/2025,15,37,30,15:37:30,1119,Tahap-0
12/16/2025,15,37,30,15:37:30,538,Tahap-0
12/16/2025,15,37,30,15:37:30,365,Tahap-0
12/16/2025,15,37,30,15:37:30,624,Tahap-0
12/16/2025,15,37,30,15:37:30,819,Tahap-0
12/16/2025,15,37,30,15:37:30,250,Tahap-0
12/16/2025,15,37,30,15:37:30,125,Tahap-0
12/16/2025,15,37,30,15:37:30,89,Tahap-0
12/16/2025,15,37,31,15:37:31,141,Tahap-0
12/16/2025,15,37,31,15:37:31,66,Tahap-0
12/16/2025,15,37,31,15:37:31,115,Tahap-0
12/16/2025,15,37,31,15:37:31,161,Tahap-0
12/16/2025,15,37,32,15:37:32,213,Tahap-0
12/16/2025,15,37,32,15:37:32,86,Tahap-0
12/16/2025,15,37,32,15:37:32,70,Tahap-0
12/16/2025,15,37,32,15:37:32,251,Tahap-0
12/16/2025,15,37,32,15:37:32,211,Tahap-0
12/16/2025,15,37,32,15:37:32,122,Tahap-0
12/16/2025,15,37,32,15:37:32,188,Tahap-0
12/16/2025,15,37,32,15:37:32,123,Tahap-0
12/16/2025,15,37,32,15:37:32,95,Tahap-0
12/16/2025,15,37,32,15:37:32,114,Tahap-0
12/16/2025,15,37,32,15:37:32,182,Tahap-0
12/16/2025,15,37,32,15:37:32,182,Tahap-0
12/16/2025,15,37,32,15:37:32,104,Tahap-0
12/16/2025,15,37,32,15:37:32,164,Tahap-0
12/16/2025,15,37,32,15:37:32,904,Tahap-0
12/16/2025,15,37,32,15:37:32,103,Tahap-0
12/16/2025,15,37,33,15:37:33,155,Tahap-0
12/16/2025,15,37,33,15:37:33,27,Tahap-0
12/16/2025,15,37,33,15:37:33,233,Tahap-0
12/16/2025,15,37,33,15:37:33,9,Tahap-0
12/16/2025,15,37,33,15:37:33,74,Tahap-0
12/16/2025,15,37,33,15:37:33,329,Tahap-0
12/16/2025,15,37,33,15:37:33,108,Tahap-0
12/16/2025,15,37,33,15:37:33,72,Tahap-0
12/16/2025,15,37,33,15:37:33,178,Tahap-0
12/16/2025,15,37,33,15:37:33,173,Tahap-0
12/16/2025,15,37,34,15:37:34,154,Tahap-0
12/16/2025,15,37,34,15:37:34,233,Tahap-0
12/16/2025,15,37,34,15:37:34,287,Tahap-0
12/16/2025,15,37,34,15:37:34,132,Tahap-0
12/16/2025,15,37,34,15:37:34,16,Tahap-0
12/16/2025,15,37,34,15:37:34,35,Tahap-0
12/16/2025,15,37,34,15:37:34,218,Tahap-0
12/16/2025,15,37,34,15:37:34,197,Tahap-0
12/16/2025,15,37,34,15:37:34,380,Tahap-0
12/16/2025,15,37,34,15:37:34,500,Tahap-0
12/16/2025,15,37,35,15:37:35,1550,Tahap-0
12/16/2025,15,37,35,15:37:35,593,Tahap-0
12/16/2025,15,37,35,15:37:35,618,Tahap-0
12/16/2025,15,37,35,15:37:35,109,Tahap-0
12/16/2025,15,37,35,15:37:35,368,Tahap-0
12/16/2025,15,37,35,15:37:35,403,Tahap-0
12/16/2025,15,37,35,15:37:35,216,Tahap-0
12/16/2025,15,37,35,15:37:35,500,Tahap-0
12/16/2025,15,37,35,15:37:35,108,Tahap-0
12/16/2025,15,37,35,15:37:35,651,Tahap-0
12/16/2025,15,37,36,15:37:36,485,Tahap-0
12/16/2025,15,37,36,15:37:36,349,Tahap-0
12/16/2025,15,37,36,15:37:36,309,Tahap-0
12/16/2025,15,37,36,15:37:36,212,Tahap-0
12/16/2025,15,37,36,15:37:36,272,Tahap-0
12/16/2025,15,37,36,15:37:36,368,Tahap-0
12/16/2025,15,37,36,15:37:36,191,Tahap-0
12/16/2025,15,37,36,15:37:36,308,Tahap-0
12/16/2025,15,37,36,15:37:36,38,Tahap-0
12/16/2025,15,37,36,15:37:36,317,Tahap-0
12/16/2025,15,37,37,15:37:37,164,Tahap-0
12/16/2025,15,37,37,15:37:37,331,Tahap-0
12/16/2025,15,37,37,15:37:37,268,Tahap-0
12/16/2025,15,37,37,15:37:37,942,Tahap-0
12/16/2025,15,37,37,15:37:37,507,Tahap-0
12/16/2025,15,37,37,15:37:37,276,Tahap-0
12/16/2025,15,37,37,15:37:37,355,Tahap-0
12/16/2025,15,37,37,15:37:37,291,Tahap-0
12/16/2025,15,37,37,15:37:37,674,Tahap-0
12/16/2025,15,37,37,15:37:37,163,Tahap-0
12/16/2025,15,37,38,15:37:38,200,Tahap-0
12/16/2025,15,37,38,15:37:38,559,Tahap-0
12/16/2025,15,37,38,15:37:38,128,Tahap-0
12/16/2025,15,37,38,15:37:38,1859,Tahap-0
12/16/2025,15,37,38,15:37:38,493,Tahap-0
12/16/2025,15,37,38,15:37:38,416,Tahap-0
12/16/2025,15,37,38,15:37:38,377,Tahap-0
12/16/2025,15,37,38,15:37:38,266,Tahap-0
12/16/2025,15,37,38,15:37:38,253,Tahap-0
12/16/2025,15,37,39,15:37:39,92,Tahap-0
12/16/2025,15,37,39,15:37:39,188,Tahap-0
12/16/2025,15,37,39,15:37:39,-20,Tahap-0
12/16/2025,15,37,39,15:37:39,132,Tahap-0
12/16/2025,15,37,39,15:37:39,72,Tahap-0
12/16/2025,15,37,39,15:37:39,120,Tahap-0
12/16/2025,15,37,39,15:37:39,-8,Tahap-0
12/16/2025,15,37,39,15:37:39,284,Tahap-0
12/16/2025,15,37,39,15:37:39,68,Tahap-0
12/16/2025,15,37,39,15:37:39,112,Tahap-0
12/16/2025,15,37,40,15:37:40,32,Tahap-0
12/16/2025,15,37,40,15:37:40,-32,Tahap-0
12/16/2025,15,37,40,15:37:40,92,Tahap-0
12/16/2025,15,37,40,15:37:40,24,Tahap-0
12/16/2025,15,37,40,15:37:40,80,Tahap-0
12/16/2025,15,37,40,15:37:40,12,Tahap-0
12/16/2025,15,37,40,15:37:40,96,Tahap-0
12/16/2025,15,37,40,15:37:40,-192,Tahap-0
12/16/2025,15,37,40,15:37:40,156,Tahap-0
12/16/2025,15,37,40,15:37:40,72,Tahap-0
12/16/2025,15,37,41,15:37:41,108,Tahap-0
12/16/2025,15,37,41,15:37:41,20,Tahap-0
12/16/2025,15,37,41,15:37:41,-44,Tahap-0
12/16/2025,15,37,41,15:37:41,-76,Tahap-0
12/16/2025,15,37,41,15:37:41,52,Tahap-0
12/16/2025,15,37,41,15:37:41,-80,Tahap-0
12/16/2025,15,37,41,15:37:41,64,Tahap-0
12/16/2025,15,37,41,15:37:41,32,Tahap-0
12/16/2025,15,37,41,15:37:41,-100,Tahap-0
12/16/2025,15,37,41,15:37:41,-160,Tahap-0
12/16/2025,15,37,42,15:37:42,80,Tahap-0
12/16/2025,15,37,42,15:37:42,-80,Tahap-0
12/16/2025,15,37,42,15:37:42,104,Tahap-0
12/16/2025,15,37,42,15:37:42,-104,Tahap-0
12/16/2025,15,37,42,15:37:42,-120,Tahap-0
12/16/2025,15,37,42,15:37:42,-64,Tahap-0
12/16/2025,15,37,42,15:37:42,-120,Tahap-0
12/16/2025,15,37,42,15:37:42,-68,Tahap-0
12/16/2025,15,37,42,15:37:42,-36,Tahap-0
12/16/2025,15,37,42,15:37:42,-8,Tahap-0
12/16/2025,15,37,43,15:37:43,-256,Tahap-0
12/16/2025,15,37,43,15:37:43,-28,Tahap-0
12/16/2025,15,37,43,15:37:43,-136,Tahap-0
12/16/2025,15,37,43,15:37:43,-8,Tahap-0
12/16/2025,15,37,43,15:37:43,-140,Tahap-0
12/16/2025,15,37,43,15:37:43,16,Tahap-0
12/16/2025,15,37,43,15:37:43,-252,Tahap-0
12/16/2025,15,37,43,15:37:43,-44,Tahap-0
12/16/2025,15,37,43,15:37:43,-204,Tahap-0
12/16/2025,15,37,43,15:37:43,-68,Tahap-0
12/16/2025,15,37,44,15:37:44,-52,Tahap-0
12/16/2025,15,37,44,15:37:44,-120,Tahap-0
12/16/2025,15,37,44,15:37:44,-196,Tahap-0
12/16/2025,15,37,44,15:37:44,-68,Tahap-0
12/16/2025,15,37,44,15:37:44,-108,Tahap-0
12/16/2025,15,37,44,15:37:44,-112,Tahap-0
12/16/2025,15,37,44,15:37:44,-32,Tahap-0
12/16/2025,15,37,44,15:37:44,-220,Tahap-0
12/16/2025,15,37,44,15:37:44,-40,Tahap-0
12/16/2025,15,37,44,15:37:44,-124,Tahap-0
12/16/2025,15,37,44,15:37:44,-156,Tahap-0
12/16/2025,15,37,45,15:37:45,-180,Tahap-0
12/16/2025,15,37,45,15:37:45,76,Tahap-0
12/16/2025,15,37,45,15:37:45,-304,Tahap-0
12/16/2025,15,37,45,15:37:45,76,Tahap-0
12/16/2025,15,37,45,15:37:45,-92,Tahap-0
12/16/2025,15,37,45,15:37:45,-88,Tahap-0
12/16/2025,15,37,45,15:37:45,-100,Tahap-0
12/16/2025,15,37,45,15:37:45,-180,Tahap-0
12/16/2025,15,37,45,15:37:45,-100,Tahap-0
12/16/2025,15,37,45,15:37:45,-24,Tahap-0
12/16/2025,15,37,46,15:37:46,-180,Tahap-0
12/16/2025,15,37,46,15:37:46,-96,Tahap-0
12/16/2025,15,37,46,15:37:46,-92,Tahap-0
12/16/2025,15,37,46,15:37:46,-100,Tahap-0
12/16/2025,15,37,46,15:37:46,-232,Tahap-0
12/16/2025,15,37,46,15:37:46,64,Tahap-0
12/16/2025,15,37,46,15:37:46,-20,Tahap-0
12/16/2025,15,37,46,15:37:46,-116,Tahap-0
12/16/2025,15,37,46,15:37:46,-80,Tahap-0
12/16/2025,15,37,46,15:37:46,-236,Tahap-0
12/16/2025,15,37,47,15:37:47,-80,Tahap-0
12/16/2025,15,37,47,15:37:47,-68,Tahap-0
12/16/2025,15,37,47,15:37:47,-64,Tahap-0
12/16/2025,15,37,47,15:37:47,-132,Tahap-0
12/16/2025,15,37,47,15:37:47,40,Tahap-0
12/16/2025,15,37,47,15:37:47,-360,Tahap-0
12/16/2025,15,37,47,15:37:47,84,Tahap-0
12/16/2025,15,37,47,15:37:47,-72,Tahap-0
12/16/2025,15,37,47,15:37:47,36,Tahap-0
12/16/2025,15,37,47,15:37:47,-64,Tahap-0
12/16/2025,15,37,48,15:37:48,-120,Tahap-0
12/16/2025,15,37,48,15:37:48,-168,Tahap-0
12/16/2025,15,37,48,15:37:48,-128,Tahap-0
12/16/2025,15,37,48,15:37:48,24,Tahap-0
12/16/2025,15,37,48,15:37:48,8,Tahap-0
12/16/2025,15,37,48,15:37:48,-144,Tahap-0
12/16/2025,15,37,48,15:37:48,-172,Tahap-0
12/16/2025,15,37,48,15:37:48,68,Tahap-0
12/16/2025,15,37,48,15:37:48,-20,Tahap-0
12/16/2025,15,37,49,15:37:49,64,Tahap-0
12/16/2025,15,37,49,15:37:49,28,Tahap-0
12/16/2025,15,37,49,15:37:49,-180,Tahap-0
12/16/2025,15,37,49,15:37:49,-20,Tahap-0
12/16/2025,15,37,49,15:37:49,-144,Tahap-0
12/16/2025,15,37,49,15:37:49,20,Tahap-0
12/16/2025,15,37,49,15:37:49,-48,Tahap-0
12/16/2025,15,37,49,15:37:49,140,Tahap-0
12/16/2025,15,37,49,15:37:49,-196,Tahap-0
12/16/2025,15,37,49,15:37:49,96,Tahap-0
12/16/2025,15,37,50,15:37:50,40,Tahap-0
12/16/2025,15,37,50,15:37:50,28,Tahap-0
12/16/2025,15,37,50,15:37:50,140,Tahap-0
12/16/2025,15,37,50,15:37:50,-68,Tahap-0
12/16/2025,15,37,50,15:37:50,80,Tahap-0
12/16/2025,15,37,50,15:37:50,-8,Tahap-0
12/16/2025,15,37,50,15:37:50,-104,Tahap-0
12/16/2025,15,37,50,15:37:50,56,Tahap-0
12/16/2025,15,37,50,15:37:50,96,Tahap-0
12/16/2025,15,37,50,15:37:50,-92,Tahap-0
12/16/2025,15,37,51,15:37:51,176,Tahap-0
12/16/2025,15,37,51,15:37:51,76,Tahap-0
12/16/2025,15,37,51,15:37:51,108,Tahap-0
12/16/2025,15,37,51,15:37:51,116,Tahap-0
12/16/2025,15,37,51,15:37:51,4,Tahap-0
12/16/2025,15,37,51,15:37:51,176,Tahap-0
12/16/2025,15,37,51,15:37:51,124,Tahap-0
12/16/2025,15,38,16,15:38:16,6416,Tahap-0
12/16/2025,15,38,16,15:38:16,2244,Tahap-0
12/16/2025,15,38,16,15:38:16,1263,Tahap-0
12/16/2025,15,38,16,15:38:16,980,Tahap-0
12/16/2025,15,38,16,15:38:16,602,Tahap-0
12/16/2025,15,38,16,15:38:16,580,Tahap-0
12/16/2025,15,38,16,15:38:16,475,Tahap-0
12/16/2025,15,38,16,15:38:16,515,Tahap-0
12/16/2025,15,38,16,15:38:16,465,Tahap-0
12/16/2025,15,38,17,15:38:17,428,Tahap-0
12/16/2025,15,38,17,15:38:17,192,Tahap-0
12/16/2025,15,38,17,15:38:17,220,Tahap-0
12/16/2025,15,38,17,15:38:17,228,Tahap-0
12/16/2025,15,38,17,15:38:17,200,Tahap-0
12/16/2025,15,38,17,15:38:17,225,Tahap-0
12/16/2025,15,38,17,15:38:17,266,Tahap-0
12/16/2025,15,38,17,15:38:17,124,Tahap-0
12/16/2025,15,38,17,15:38:17,254,Tahap-0
12/16/2025,15,38,17,15:38:17,185,Tahap-0
12/16/2025,15,38,18,15:38:18,219,Tahap-0
12/16/2025,15,38,18,15:38:18,53,Tahap-0
12/16/2025,15,38,18,15:38:18,716,Tahap-0
12/16/2025,15,38,18,15:38:18,236,Tahap-0
12/16/2025,15,38,18,15:38:18,496,Tahap-0
12/16/2025,15,38,18,15:38:18,223,Tahap-0
12/16/2025,15,38,18,15:38:18,154,Tahap-0
12/16/2025,15,38,18,15:38:18,115,Tahap-0
12/16/2025,15,38,18,15:38:18,194,Tahap-0
12/16/2025,15,38,18,15:38:18,243,Tahap-0
12/16/2025,15,38,19,15:38:19,57,Tahap-0
12/16/2025,15,38,19,15:38:19,112,Tahap-0
12/16/2025,15,38,19,15:38:19,175,Tahap-0
12/16/2025,15,38,19,15:38:19,180,Tahap-0
12/16/2025,15,38,19,15:38:19,206,Tahap-0
12/16/2025,15,38,19,15:38:19,304,Tahap-0
12/16/2025,15,38,19,15:38:19,263,Tahap-0
12/16/2025,15,38,19,15:38:19,228,Tahap-0
12/16/2025,15,38,19,15:38:19,355,Tahap-0
12/16/2025,15,38,19,15:38:19,168,Tahap-0
12/16/2025,15,38,20,15:38:20,187,Tahap-0
12/16/2025,15,38,20,15:38:20,1271,Tahap-0
12/16/2025,15,38,20,15:38:20,559,Tahap-0
12/16/2025,15,38,20,15:38:20,245,Tahap-0
12/16/2025,15,38,20,15:38:20,837,Tahap-0
12/16/2025,15,38,20,15:38:20,647,Tahap-0
12/16/2025,15,38,20,15:38:20,82,Tahap-0
12/16/2025,15,38,20,15:38:20,114,Tahap-0
12/16/2025,15,38,20,15:38:20,61,Tahap-0
12/16/2025,15,38,20,15:38:20,68,Tahap-0
12/16/2025,15,38,21,15:38:21,56,Tahap-0
12/16/2025,15,38,21,15:38:21,234,Tahap-0
12/16/2025,15,38,21,15:38:21,43,Tahap-0
12/16/2025,15,38,21,15:38:21,73,Tahap-0
12/16/2025,15,38,21,15:38:21,138,Tahap-0
12/16/2025,15,38,21,15:38:21,201,Tahap-0
12/16/2025,15,38,21,15:38:21,138,Tahap-0
12/16/2025,15,38,21,15:38:21,125,Tahap-0
12/16/2025,15,38,21,15:38:21,152,Tahap-0
12/16/2025,15,38,21,15:38:21,52,Tahap-0
12/16/2025,15,38,22,15:38:22,106,Tahap-0
12/16/2025,15,38,22,15:38:22,153,Tahap-0
12/16/2025,15,38,22,15:38:22,12,Tahap-0
12/16/2025,15,38,22,15:38:22,146,Tahap-0
12/16/2025,15,38,22,15:38:22,113,Tahap-0
12/16/2025,15,38,22,15:38:22,132,Tahap-0
12/16/2025,15,38,22,15:38:22,158,Tahap-0
12/16/2025,15,38,22,15:38:22,999,Tahap-0
12/16/2025,15,38,22,15:38:22,181,Tahap-0
12/16/2025,15,38,22,15:38:22,244,Tahap-0
12/16/2025,15,38,23,15:38:23,143,Tahap-0
12/16/2025,15,38,23,15:38:23,108,Tahap-0
12/16/2025,15,38,23,15:38:23,180,Tahap-0
12/16/2025,15,38,23,15:38:23,105,Tahap-0
12/16/2025,15,38,23,15:38:23,181,Tahap-0
12/16/2025,15,38,23,15:38:23,80,Tahap-0
12/16/2025,15,38,23,15:38:23,79,Tahap-0
12/16/2025,15,38,23,15:38:23,118,Tahap-0
12/16/2025,15,38,23,15:38:23,28,Tahap-0
12/16/2025,15,38,23,15:38:23,140,Tahap-0
12/16/2025,15,38,24,15:38:24,76,Tahap-0
12/16/2025,15,38,24,15:38:24,191,Tahap-0
12/16/2025,15,38,24,15:38:24,206,Tahap-0
12/16/2025,15,38,24,15:38:24,1,Tahap-0
12/16/2025,15,38,24,15:38:24,62,Tahap-0
12/16/2025,15,38,24,15:38:24,131,Tahap-0
12/16/2025,15,38,24,15:38:24,64,Tahap-0
12/16/2025,15,38,24,15:38:24,410,Tahap-0
12/16/2025,15,38,24,15:38:24,303,Tahap-0
12/16/2025,15,38,24,15:38:24,1360,Tahap-0
12/16/2025,15,38,25,15:38:25,497,Tahap-0
12/16/2025,15,38,25,15:38:25,562,Tahap-0
12/16/2025,15,38,25,15:38:25,339,Tahap-0
12/16/2025,15,38,25,15:38:25,201,Tahap-0
12/16/2025,15,38,25,15:38:25,290,Tahap-0
12/16/2025,15,38,25,15:38:25,452,Tahap-0
12/16/2025,15,38,25,15:38:25,93,Tahap-0
12/16/2025,15,38,25,15:38:25,211,Tahap-0
12/16/2025,15,38,25,15:38:25,241,Tahap-0
12/16/2025,15,38,25,15:38:25,236,Tahap-0
12/16/2025,15,38,26,15:38:26,759,Tahap-0
12/16/2025,15,38,26,15:38:26,112,Tahap-0
12/16/2025,15,38,26,15:38:26,479,Tahap-0
12/16/2025,15,38,26,15:38:26,544,Tahap-0
12/16/2025,15,38,26,15:38:26,217,Tahap-0
12/16/2025,15,38,26,15:38:26,330,Tahap-0
12/16/2025,15,38,26,15:38:26,344,Tahap-0
12/16/2025,15,38,26,15:38:26,20,Tahap-0
12/16/2025,15,38,26,15:38:26,76,Tahap-0
12/16/2025,15,38,26,15:38:26,322,Tahap-0
12/16/2025,15,38,27,15:38:27,31,Tahap-0
12/16/2025,15,38,27,15:38:27,495,Tahap-0
12/16/2025,15,38,27,15:38:27,495,Tahap-0
12/16/2025,15,38,27,15:38:27,397,Tahap-0
12/16/2025,15,38,27,15:38:27,329,Tahap-0
12/16/2025,15,38,27,15:38:27,127,Tahap-0
12/16/2025,15,38,27,15:38:27,323,Tahap-0
12/16/2025,15,38,27,15:38:27,510,Tahap-0
12/16/2025,15,38,27,15:38:27,683,Tahap-0
12/16/2025,15,38,27,15:38:27,85,Tahap-0
12/16/2025,15,38,28,15:38:28,352,Tahap-0
12/16/2025,15,38,28,15:38:28,312,Tahap-0
12/16/2025,15,38,28,15:38:28,2216,Tahap-0
12/16/2025,15,38,28,15:38:28,258,Tahap-0
12/16/2025,15,38,28,15:38:28,568,Tahap-0
12/16/2025,15,38,28,15:38:28,204,Tahap-0
12/16/2025,15,38,28,15:38:28,512,Tahap-0
12/16/2025,15,38,28,15:38:28,94,Tahap-0
12/16/2025,15,38,28,15:38:28,-44,Tahap-0
12/16/2025,15,38,28,15:38:28,-268,Tahap-0
12/16/2025,15,38,29,15:38:29,-160,Tahap-0
12/16/2025,15,38,29,15:38:29,-276,Tahap-0
12/16/2025,15,38,29,15:38:29,-272,Tahap-0
12/16/2025,15,38,29,15:38:29,-308,Tahap-0
12/16/2025,15,38,29,15:38:29,-128,Tahap-0
12/16/2025,15,38,29,15:38:29,-176,Tahap-0
12/16/2025,15,38,29,15:38:29,-252,Tahap-0
12/16/2025,15,38,29,15:38:29,-8,Tahap-0
12/16/2025,15,38,29,15:38:29,-328,Tahap-0
12/16/2025,15,38,29,15:38:29,-80,Tahap-0
12/16/2025,15,38,30,15:38:30,-268,Tahap-0
12/16/2025,15,38,30,15:38:30,-240,Tahap-0
12/16/2025,15,38,30,15:38:30,-128,Tahap-0
12/16/2025,15,38,30,15:38:30,-216,Tahap-0
12/16/2025,15,38,30,15:38:30,-232,Tahap-0
12/16/2025,15,38,30,15:38:30,-148,Tahap-0
12/16/2025,15,38,30,15:38:30,-244,Tahap-0
12/16/2025,15,38,30,15:38:30,-248,Tahap-0
12/16/2025,15,38,30,15:38:30,-256,Tahap-0
12/16/2025,15,38,30,15:38:30,52,Tahap-0
12/16/2025,15,38,31,15:38:31,-212,Tahap-0
12/16/2025,15,38,31,15:38:31,-104,Tahap-0
12/16/2025,15,38,31,15:38:31,-276,Tahap-0
12/16/2025,15,38,31,15:38:31,-188,Tahap-0
12/16/2025,15,38,32,15:38:32,-200,Tahap-0
12/16/2025,15,38,32,15:38:32,-104,Tahap-0
12/16/2025,15,38,32,15:38:32,-224,Tahap-0
12/16/2025,15,38,32,15:38:32,-40,Tahap-0
12/16/2025,15,38,32,15:38:32,-288,Tahap-0
12/16/2025,15,38,32,15:38:32,-212,Tahap-0
12/16/2025,15,38,32,15:38:32,-28,Tahap-0
12/16/2025,15,38,32,15:38:32,-136,Tahap-0
12/16/2025,15,38,32,15:38:32,-44,Tahap-0
12/16/2025,15,38,32,15:38:32,-224,Tahap-0
12/16/2025,15,38,32,15:38:32,-144,Tahap-0
12/16/2025,15,38,32,15:38:32,-220,Tahap-0
12/16/2025,15,38,32,15:38:32,-76,Tahap-0
12/16/2025,15,38,32,15:38:32,-184,Tahap-0
12/16/2025,15,38,32,15:38:32,20,Tahap-0
12/16/2025,15,38,32,15:38:32,-184,Tahap-0
12/16/2025,15,38,33,15:38:33,-208,Tahap-0
12/16/2025,15,38,33,15:38:33,-140,Tahap-0
12/16/2025,15,38,33,15:38:33,92,Tahap-0
12/16/2025,15,38,33,15:38:33,-132,Tahap-0
12/16/2025,15,38,33,15:38:33,84,Tahap-0
12/16/2025,15,38,33,15:38:33,-176,Tahap-0
12/16/2025,15,38,33,15:38:33,-96,Tahap-0
12/16/2025,15,38,33,15:38:33,-100,Tahap-0
12/16/2025,15,38,33,15:38:33,-80,Tahap-0
12/16/2025,15,38,33,15:38:33,-128,Tahap-0
12/16/2025,15,38,34,15:38:34,120,Tahap-0
12/16/2025,15,38,34,15:38:34,-128,Tahap-0
12/16/2025,15,38,34,15:38:34,-148,Tahap-0
12/16/2025,15,38,34,15:38:34,32,Tahap-0
12/16/2025,15,38,34,15:38:34,-48,Tahap-0
12/16/2025,15,38,34,15:38:34,92,Tahap-0
12/16/2025,15,38,34,15:38:34,-36,Tahap-0
12/16/2025,15,38,34,15:38:34,12,Tahap-0
12/16/2025,15,38,34,15:38:34,-60,Tahap-0
12/16/2025,15,38,34,15:38:34,64,Tahap-0
12/16/2025,15,38,34,15:38:34,-108,Tahap-0
12/16/2025,15,38,35,15:38:35,120,Tahap-0
12/16/2025,15,38,35,15:38:35,28,Tahap-0
12/16/2025,15,38,35,15:38:35,32,Tahap-0
12/16/2025,15,38,35,15:38:35,-44,Tahap-0
12/16/2025,15,38,35,15:38:35,180,Tahap-0
12/16/2025,15,38,35,15:38:35,36,Tahap-0
12/16/2025,15,38,35,15:38:35,84,Tahap-0
12/16/2025,15,38,35,15:38:35,28,Tahap-0
12/16/2025,15,38,35,15:38:35,4,Tahap-0
12/16/2025,15,38,35,15:38:35,144,Tahap-0
12/16/2025,15,38,36,15:38:36,88,Tahap-0
12/16/2025,15,38,36,15:38:36,12,Tahap-0
12/16/2025,15,38,36,15:38:36,176,Tahap-0
12/16/2025,15,38,36,15:38:36,120,Tahap-0
12/16/2025,15,38,36,15:38:36,-28,Tahap-0
12/16/2025,15,38,36,15:38:36,348,Tahap-0
12/16/2025,15,38,36,15:38:36,20,Tahap-0
12/16/2025,15,38,36,15:38:36,276,Tahap-0
12/16/2025,15,38,36,15:38:36,96,Tahap-0
12/16/2025,15,38,36,15:38:36,128,Tahap-0
12/16/2025,15,38,37,15:38:37,224,Tahap-0
12/16/2025,15,38,37,15:38:37,248,Tahap-0
12/16/2025,15,38,37,15:38:37,116,Tahap-0
12/16/2025,15,38,37,15:38:37,240,Tahap-0
12/16/2025,15,38,37,15:38:37,144,Tahap-0
12/16/2025,15,38,37,15:38:37,236,Tahap-0
12/16/2025,15,38,37,15:38:37,144,Tahap-0
12/16/2025,15,38,37,15:38:37,444,Tahap-0
12/16/2025,15,38,37,15:38:37,172,Tahap-0
12/16/2025,15,38,37,15:38:37,300,Tahap-0
12/16/2025,15,38,38,15:38:38,196,Tahap-0
12/16/2025,15,38,38,15:38:38,220,Tahap-0
12/16/2025,15,38,38,15:38:38,256,Tahap-0
12/16/2025,15,38,38,15:38:38,380,Tahap-0
12/16/2025,15,38,38,15:38:38,208,Tahap-0
12/16/2025,15,38,38,15:38:38,336,Tahap-0
12/16/2025,15,38,38,15:38:38,192,Tahap-0
12/16/2025,15,38,38,15:38:38,88,Tahap-0
12/16/2025,15,38,38,15:38:38,412,Tahap-0
12/16/2025,15,38,38,15:38:38,384,Tahap-0
12/16/2025,15,38,39,15:38:39,416,Tahap-0
12/16/2025,15,38,39,15:38:39,268,Tahap-0
12/16/2025,15,38,39,15:38:39,268,Tahap-0
12/16/2025,15,38,39,15:38:39,252,Tahap-0
12/16/2025,15,38,39,15:38:39,368,Tahap-0
12/16/2025,15,38,39,15:38:39,236,Tahap-0
12/16/2025,15,38,39,15:38:39,408,Tahap-0
12/16/2025,15,38,39,15:38:39,364,Tahap-0
12/16/2025,15,38,39,15:38:39,264,Tahap-0
12/16/2025,15,38,39,15:38:39,176,Tahap-0
12/16/2025,15,38,40,15:38:40,520,Tahap-0
12/16/2025,15,38,40,15:38:40,288,Tahap-0
12/16/2025,15,38,40,15:38:40,564,Tahap-0
12/16/2025,15,38,40,15:38:40,212,Tahap-0
12/16/2025,15,38,40,15:38:40,368,Tahap-0
12/16/2025,15,38,40,15:38:40,264,Tahap-0
12/16/2025,15,38,40,15:38:40,324,Tahap-0
12/16/2025,15,38,40,15:38:40,304,Tahap-0
12/16/2025,15,38,40,15:38:40,480,Tahap-0
12/16/2025,15,38,40,15:38:40,344,Tahap-0
12/16/2025,15,38,41,15:38:41,200,Tahap-0
12/16/2025,15,38,41,15:38:41,460,Tahap-0
12/16/2025,15,38,41,15:38:41,352,Tahap-0
12/16/2025,15,38,41,15:38:41,412,Tahap-0
12/16/2025,15,38,41,15:38:41,376,Tahap-0
12/16/2025,15,38,41,15:38:41,372,Tahap-0
