Tanggal,Jam,Menit,Detik,Waktu,frekuensi,label
01/10/2025,13,33,1,13:33:01,28,Tahap-2
01/10/2025,13,33,1,13:33:01,34,Tahap-2
01/10/2025,13,33,1,13:33:01,13,Tahap-2
01/10/2025,13,33,1,13:33:01,6,Tahap-2
01/10/2025,13,33,1,13:33:01,15,Tahap-2
01/10/2025,13,33,1,13:33:01,15,Tahap-2
01/10/2025,13,33,1,13:33:01,14,Tahap-2
01/10/2025,13,33,1,13:33:01,14,Tahap-2
01/10/2025,13,33,1,13:33:01,64,Tahap-2
01/10/2025,13,33,1,13:33:01,25,Tahap-2
01/10/2025,13,33,2,13:33:02,7,Tahap-2
01/10/2025,13,33,2,13:33:02,1,Tahap-2
01/10/2025,13,33,2,13:33:02,46,Tahap-2
01/10/2025,13,33,2,13:33:02,42,Tahap-2
01/10/2025,13,33,2,13:33:02,21,Tahap-2
01/10/2025,13,33,2,13:33:02,10,Tahap-2
01/10/2025,13,33,2,13:33:02,21,Tahap-2
01/10/2025,13,33,2,13:33:02,24,Tahap-2
01/10/2025,13,33,2,13:33:02,68,Tahap-2
01/10/2025,13,33,2,13:33:02,28,Tahap-2
01/10/2025,13,33,3,13:33:03,31,Tahap-2
01/10/2025,13,33,3,13:33:03,11,Tahap-2
01/10/2025,13,33,3,13:33:03,16,Tahap-2
01/10/2025,13,33,3,13:33:03,19,Tahap-2
01/10/2025,13,33,3,13:33:03,67,Tahap-2
01/10/2025,13,33,3,13:33:03,29,Tahap-2
01/10/2025,13,33,3,13:33:03,44,Tahap-2
01/10/2025,13,33,3,13:33:03,55,Tahap-2
01/10/2025,13,33,3,13:33:03,21,Tahap-2
01/10/2025,13,33,3,13:33:03,34,Tahap-2
01/10/2025,13,33,4,13:33:04,49,Tahap-2
01/10/2025,13,33,4,13:33:04,63,Tahap-2
01/10/2025,13,33,4,13:33:04,35,Tahap-2
01/10/2025,13,33,4,13:33:04,26,Tahap-2
01/10/2025,13,33,4,13:33:04,45,Tahap-2
01/10/2025,13,33,4,13:33:04,46,Tahap-2
01/10/2025,13,33,4,13:33:04,30,Tahap-2
01/10/2025,13,33,4,13:33:04,37,Tahap-2
01/10/2025,13,33,4,13:33:04,70,Tahap-2
01/10/2025,13,33,4,13:33:04,7,Tahap-2
01/10/2025,13,33,5,13:33:05,78,Tahap-2
01/10/2025,13,33,5,13:33:05,41,Tahap-2
01/10/2025,13,33,5,13:33:05,49,Tahap-2
01/10/2025,13,33,5,13:33:05,46,Tahap-2
01/10/2025,13,33,5,13:33:05,77,Tahap-2
01/10/2025,13,33,5,13:33:05,33,Tahap-2
01/10/2025,13,33,5,13:33:05,35,Tahap-2
01/10/2025,13,33,5,13:33:05,33,Tahap-2
01/10/2025,13,33,5,13:33:05,-4,Tahap-2
01/10/2025,13,33,5,13:33:05,1,Tahap-2
01/10/2025,13,33,6,13:33:06,1,Tahap-2
01/10/2025,13,33,6,13:33:06,-1,Tahap-2
01/10/2025,13,33,6,13:33:06,-1,Tahap-2
01/10/2025,13,33,6,13:33:06,-3,Tahap-2
01/10/2025,13,33,6,13:33:06,2,Tahap-2
01/10/2025,13,33,6,13:33:06,-3,Tahap-2
01/10/2025,13,33,6,13:33:06,-3,Tahap-2
01/10/2025,13,33,7,13:33:07,-2,Tahap-2
01/10/2025,13,33,7,13:33:07,-3,Tahap-2
01/10/2025,13,33,7,13:33:07,-2,Tahap-2
01/10/2025,13,33,7,13:33:07,1,Tahap-2
01/10/2025,13,33,7,13:33:07,-4,Tahap-2
01/10/2025,13,33,7,13:33:07,-2,Tahap-2
01/10/2025,13,33,7,13:33:07,-3,Tahap-2
01/10/2025,13,33,7,13:33:07,-6,Tahap-2
01/10/2025,13,33,8,13:33:08,-1,Tahap-2
01/10/2025,13,33,8,13:33:08,-6,Tahap-2
01/10/2025,13,33,8,13:33:08,-4,Tahap-2
01/10/2025,13,33,8,13:33:08,-5,Tahap-2
01/10/2025,13,33,8,13:33:08,-4,Tahap-2
01/10/2025,13,33,8,13:33:08,-4,Tahap-2
01/10/2025,13,33,8,13:33:08,-4,Tahap-2
01/10/2025,13,33,8,13:33:08,-2,Tahap-2
01/10/2025,13,33,8,13:33:08,-4,Tahap-2
01/10/2025,13,33,8,13:33:08,-3,Tahap-2
01/10/2025,13,33,8,13:33:08,-5,Tahap-2
01/10/2025,13,33,9,13:33:09,-3,Tahap-2
01/10/2025,13,33,9,13:33:09,-3,Tahap-2
01/10/2025,13,33,9,13:33:09,-6,Tahap-2
01/10/2025,13,33,9,13:33:09,-3,Tahap-2
01/10/2025,13,33,9,13:33:09,-6,Tahap-2
01/10/2025,13,33,9,13:33:09,-5,Tahap-2
01/10/2025,13,33,9,13:33:09,-6,Tahap-2
01/10/2025,13,33,9,13:33:09,-4,Tahap-2
01/10/2025,13,33,9,13:33:09,-5,Tahap-2
01/10/2025,13,33,9,13:33:09,-5,Tahap-2
01/10/2025,13,33,10,13:33:10,-4,Tahap-2
01/10/2025,13,33,10,13:33:10,-7,Tahap-2
01/10/2025,13,33,10,13:33:10,-6,Tahap-2
01/10/2025,13,33,10,13:33:10,-5,Tahap-2
01/10/2025,13,33,10,13:33:10,-8,Tahap-2
01/10/2025,13,33,10,13:33:10,-7,Tahap-2
01/10/2025,13,33,10,13:33:10,-10,Tahap-2
01/10/2025,13,33,10,13:33:10,-7,Tahap-2
01/10/2025,13,33,10,13:33:10,-6,Tahap-2
01/10/2025,13,33,10,13:33:10,-11,Tahap-2
01/10/2025,13,33,11,13:33:11,-4,Tahap-2
01/10/2025,13,33,11,13:33:11,-10,Tahap-2
01/10/2025,13,33,11,13:33:11,-6,Tahap-2
01/10/2025,13,33,11,13:33:11,-10,Tahap-2
01/10/2025,13,33,11,13:33:11,-3,Tahap-2
01/10/2025,13,33,11,13:33:11,-9,Tahap-2
01/10/2025,13,33,11,13:33:11,-8,Tahap-2
01/10/2025,13,33,11,13:33:11,-9,Tahap-2
01/10/2025,13,33,11,13:33:11,-8,Tahap-2
01/10/2025,13,33,11,13:33:11,-9,Tahap-2
01/10/2025,13,33,12,13:33:12,-5,Tahap-2
01/10/2025,13,33,12,13:33:12,-10,Tahap-2
01/10/2025,13,33,12,13:33:12,-8,Tahap-2
01/10/2025,13,33,12,13:33:12,-11,Tahap-2
01/10/2025,13,33,12,13:33:12,-8,Tahap-2
01/10/2025,13,33,12,13:33:12,-10,Tahap-2
01/10/2025,13,33,12,13:33:12,-6,Tahap-2
01/10/2025,13,33,12,13:33:12,-10,Tahap-2
01/10/2025,13,33,12,13:33:12,-9,Tahap-2
01/10/2025,13,33,12,13:33:12,-11,Tahap-2
01/10/2025,13,33,13,13:33:13,-13,Tahap-2
01/10/2025,13,33,13,13:33:13,-6,Tahap-2
01/10/2025,13,33,13,13:33:13,-13,Tahap-2
01/10/2025,13,33,13,13:33:13,-11,Tahap-2
01/10/2025,13,33,13,13:33:13,-10,Tahap-2
01/10/2025,13,33,13,13:33:13,-8,Tahap-2
01/10/2025,13,33,13,13:33:13,-12,Tahap-2
01/10/2025,13,33,13,13:33:13,-9,Tahap-2
01/10/2025,13,33,13,13:33:13,-16,Tahap-2
01/10/2025,13,33,13,13:33:13,-9,Tahap-2
01/10/2025,13,33,14,13:33:14,-8,Tahap-2
01/10/2025,13,33,14,13:33:14,-11,Tahap-2
01/10/2025,13,33,14,13:33:14,-10,Tahap-2
01/10/2025,13,33,14,13:33:14,-15,Tahap-2
01/10/2025,13,33,14,13:33:14,-13,Tahap-2
01/10/2025,13,33,14,13:33:14,-11,Tahap-2
01/10/2025,13,33,14,13:33:14,-14,Tahap-2
01/10/2025,13,33,14,13:33:14,-8,Tahap-2
01/10/2025,13,33,14,13:33:14,-17,Tahap-2
01/10/2025,13,33,14,13:33:14,-9,Tahap-2
01/10/2025,13,33,15,13:33:15,-10,Tahap-2
01/10/2025,13,33,15,13:33:15,-9,Tahap-2
01/10/2025,13,33,15,13:33:15,-12,Tahap-2
01/10/2025,13,33,15,13:33:15,-10,Tahap-2
01/10/2025,13,33,15,13:33:15,-13,Tahap-2
01/10/2025,13,33,15,13:33:15,-13,Tahap-2
01/10/2025,13,33,15,13:33:15,-11,Tahap-2
01/10/2025,13,33,15,13:33:15,-12,Tahap-2
01/10/2025,13,33,15,13:33:15,-9,Tahap-2
01/10/2025,13,33,15,13:33:15,-16,Tahap-2
01/10/2025,13,33,16,13:33:16,-9,Tahap-2
01/10/2025,13,33,16,13:33:16,-18,Tahap-2
01/10/2025,13,33,16,13:33:16,-14,Tahap-2
01/10/2025,13,33,16,13:33:16,-12,Tahap-2
01/10/2025,13,33,16,13:33:16,-16,Tahap-2
01/10/2025,13,33,16,13:33:16,-14,Tahap-2
01/10/2025,13,33,16,13:33:16,-16,Tahap-2
01/10/2025,13,33,16,13:33:16,-14,Tahap-2
01/10/2025,13,33,16,13:33:16,-17,Tahap-2
01/10/2025,13,33,16,13:33:16,-11,Tahap-2
01/10/2025,13,33,17,13:33:17,-12,Tahap-2
01/10/2025,13,33,17,13:33:17,-14,Tahap-2
01/10/2025,13,33,17,13:33:17,-12,Tahap-2
01/10/2025,13,33,17,13:33:17,-12,Tahap-2
01/10/2025,13,33,17,13:33:17,-16,Tahap-2
01/10/2025,13,33,17,13:33:17,-10,Tahap-2
01/10/2025,13,33,17,13:33:17,-15,Tahap-2
01/10/2025,13,33,17,13:33:17,-13,Tahap-2
01/10/2025,13,33,17,13:33:17,-17,Tahap-2
01/10/2025,13,33,17,13:33:17,-16,Tahap-2
01/10/2025,13,33,18,13:33:18,-14,Tahap-2
01/10/2025,13,33,18,13:33:18,-18,Tahap-2
01/10/2025,13,33,18,13:33:18,-15,Tahap-2
01/10/2025,13,33,18,13:33:18,-19,Tahap-2
01/10/2025,13,33,18,13:33:18,-16,Tahap-2
01/10/2025,13,33,18,13:33:18,-14,Tahap-2
01/10/2025,13,33,43,13:33:43,2541,Tahap-2
01/10/2025,13,33,43,13:33:43,1182,Tahap-2
01/10/2025,13,33,43,13:33:43,582,Tahap-2
01/10/2025,13,33,43,13:33:43,376,Tahap-2
01/10/2025,13,33,43,13:33:43,431,Tahap-2
01/10/2025,13,33,43,13:33:43,333,Tahap-2
01/10/2025,13,33,43,13:33:43,137,Tahap-2
01/10/2025,13,33,43,13:33:43,225,Tahap-2
01/10/2025,13,33,43,13:33:43,264,Tahap-2
01/10/2025,13,33,43,13:33:43,200,Tahap-2
01/10/2025,13,33,44,13:33:44,133,Tahap-2
01/10/2025,13,33,44,13:33:44,77,Tahap-2
01/10/2025,13,33,44,13:33:44,51,Tahap-2
01/10/2025,13,33,44,13:33:44,109,Tahap-2
01/10/2025,13,33,44,13:33:44,216,Tahap-2
01/10/2025,13,33,44,13:33:44,57,Tahap-2
01/10/2025,13,33,44,13:33:44,33,Tahap-2
01/10/2025,13,33,44,13:33:44,124,Tahap-2
01/10/2025,13,33,44,13:33:44,103,Tahap-2
01/10/2025,13,33,44,13:33:44,85,Tahap-2
01/10/2025,13,33,45,13:33:45,171,Tahap-2
01/10/2025,13,33,45,13:33:45,238,Tahap-2
01/10/2025,13,33,45,13:33:45,324,Tahap-2
01/10/2025,13,33,45,13:33:45,434,Tahap-2
01/10/2025,13,33,45,13:33:45,37,Tahap-2
01/10/2025,13,33,45,13:33:45,54,Tahap-2
01/10/2025,13,33,45,13:33:45,5,Tahap-2
01/10/2025,13,33,45,13:33:45,72,Tahap-2
01/10/2025,13,33,45,13:33:45,73,Tahap-2
01/10/2025,13,33,45,13:33:45,117,Tahap-2
01/10/2025,13,33,46,13:33:46,152,Tahap-2
01/10/2025,13,33,46,13:33:46,91,Tahap-2
01/10/2025,13,33,46,13:33:46,163,Tahap-2
01/10/2025,13,33,46,13:33:46,221,Tahap-2
01/10/2025,13,33,46,13:33:46,395,Tahap-2
01/10/2025,13,33,46,13:33:46,112,Tahap-2
01/10/2025,13,33,46,13:33:46,130,Tahap-2
01/10/2025,13,33,46,13:33:46,183,Tahap-2
01/10/2025,13,33,46,13:33:46,64,Tahap-2
01/10/2025,13,33,46,13:33:46,184,Tahap-2
01/10/2025,13,33,47,13:33:47,139,Tahap-2
01/10/2025,13,33,47,13:33:47,48,Tahap-2
01/10/2025,13,33,47,13:33:47,72,Tahap-2
01/10/2025,13,33,47,13:33:47,149,Tahap-2
01/10/2025,13,33,47,13:33:47,289,Tahap-2
01/10/2025,13,33,47,13:33:47,208,Tahap-2
01/10/2025,13,33,47,13:33:47,70,Tahap-2
01/10/2025,13,33,47,13:33:47,92,Tahap-2
01/10/2025,13,33,47,13:33:47,172,Tahap-2
01/10/2025,13,33,47,13:33:47,65,Tahap-2
01/10/2025,13,33,48,13:33:48,42,Tahap-2
01/10/2025,13,33,48,13:33:48,71,Tahap-2
01/10/2025,13,33,48,13:33:48,30,Tahap-2
01/10/2025,13,33,48,13:33:48,91,Tahap-2
01/10/2025,13,33,48,13:33:48,78,Tahap-2
01/10/2025,13,33,48,13:33:48,143,Tahap-2
01/10/2025,13,33,48,13:33:48,151,Tahap-2
01/10/2025,13,33,48,13:33:48,99,Tahap-2
01/10/2025,13,33,48,13:33:48,156,Tahap-2
01/10/2025,13,33,48,13:33:48,8,Tahap-2
01/10/2025,13,33,49,13:33:49,230,Tahap-2
01/10/2025,13,33,49,13:33:49,162,Tahap-2
01/10/2025,13,33,49,13:33:49,122,Tahap-2
01/10/2025,13,33,49,13:33:49,124,Tahap-2
01/10/2025,13,33,49,13:33:49,50,Tahap-2
01/10/2025,13,33,49,13:33:49,151,Tahap-2
01/10/2025,13,33,49,13:33:49,202,Tahap-2
01/10/2025,13,33,49,13:33:49,501,Tahap-2
01/10/2025,13,33,49,13:33:49,385,Tahap-2
01/10/2025,13,33,49,13:33:49,496,Tahap-2
01/10/2025,13,33,50,13:33:50,255,Tahap-2
01/10/2025,13,33,50,13:33:50,209,Tahap-2
01/10/2025,13,33,50,13:33:50,114,Tahap-2
01/10/2025,13,33,50,13:33:50,12,Tahap-2
01/10/2025,13,33,50,13:33:50,146,Tahap-2
01/10/2025,13,33,50,13:33:50,148,Tahap-2
01/10/2025,13,33,50,13:33:50,124,Tahap-2
01/10/2025,13,33,50,13:33:50,34,Tahap-2
01/10/2025,13,33,50,13:33:50,66,Tahap-2
01/10/2025,13,33,50,13:33:50,51,Tahap-2
01/10/2025,13,33,51,13:33:51,80,Tahap-2
01/10/2025,13,33,51,13:33:51,113,Tahap-2
01/10/2025,13,33,51,13:33:51,24,Tahap-2
01/10/2025,13,33,51,13:33:51,82,Tahap-2
01/10/2025,13,33,51,13:33:51,84,Tahap-2
01/10/2025,13,33,51,13:33:51,50,Tahap-2
01/10/2025,13,33,51,13:33:51,213,Tahap-2
01/10/2025,13,33,51,13:33:51,407,Tahap-2
01/10/2025,13,33,51,13:33:51,1109,Tahap-2
01/10/2025,13,33,51,13:33:51,360,Tahap-2
01/10/2025,13,33,52,13:33:52,135,Tahap-2
01/10/2025,13,33,52,13:33:52,115,Tahap-2
01/10/2025,13,33,52,13:33:52,248,Tahap-2
01/10/2025,13,33,52,13:33:52,500,Tahap-2
01/10/2025,13,33,52,13:33:52,395,Tahap-2
01/10/2025,13,33,52,13:33:52,314,Tahap-2
01/10/2025,13,33,52,13:33:52,451,Tahap-2
01/10/2025,13,33,52,13:33:52,29,Tahap-2
01/10/2025,13,33,52,13:33:52,68,Tahap-2
01/10/2025,13,33,52,13:33:52,215,Tahap-2
01/10/2025,13,33,53,13:33:53,154,Tahap-2
01/10/2025,13,33,53,13:33:53,114,Tahap-2
01/10/2025,13,33,53,13:33:53,186,Tahap-2
01/10/2025,13,33,53,13:33:53,66,Tahap-2
01/10/2025,13,33,53,13:33:53,128,Tahap-2
01/10/2025,13,33,53,13:33:53,102,Tahap-2
01/10/2025,13,33,53,13:33:53,64,Tahap-2
01/10/2025,13,33,53,13:33:53,8,Tahap-2
01/10/2025,13,33,53,13:33:53,239,Tahap-2
01/10/2025,13,33,53,13:33:53,58,Tahap-2
01/10/2025,13,33,54,13:33:54,215,Tahap-2
01/10/2025,13,33,54,13:33:54,384,Tahap-2
01/10/2025,13,33,54,13:33:54,306,Tahap-2
01/10/2025,13,33,54,13:33:54,38,Tahap-2
01/10/2025,13,33,54,13:33:54,196,Tahap-2
01/10/2025,13,33,54,13:33:54,279,Tahap-2
01/10/2025,13,33,54,13:33:54,240,Tahap-2
01/10/2025,13,33,54,13:33:54,523,Tahap-2
01/10/2025,13,33,54,13:33:54,425,Tahap-2
01/10/2025,13,33,54,13:33:54,373,Tahap-2
01/10/2025,13,33,55,13:33:55,695,Tahap-2
01/10/2025,13,33,55,13:33:55,319,Tahap-2
01/10/2025,13,33,55,13:33:55,184,Tahap-2
01/10/2025,13,33,55,13:33:55,431,Tahap-2
01/10/2025,13,33,55,13:33:55,200,Tahap-2
01/10/2025,13,33,55,13:33:55,32,Tahap-2
01/10/2025,13,33,55,13:33:55,326,Tahap-2
01/10/2025,13,33,55,13:33:55,-48,Tahap-2
01/10/2025,13,33,55,13:33:55,-176,Tahap-2
01/10/2025,13,33,55,13:33:55,-48,Tahap-2
01/10/2025,13,33,56,13:33:56,-48,Tahap-2
01/10/2025,13,33,56,13:33:56,-144,Tahap-2
01/10/2025,13,33,56,13:33:56,-88,Tahap-2
01/10/2025,13,33,56,13:33:56,-200,Tahap-2
01/10/2025,13,33,56,13:33:56,-32,Tahap-2
01/10/2025,13,33,56,13:33:56,-152,Tahap-2
01/10/2025,13,33,56,13:33:56,-184,Tahap-2
01/10/2025,13,33,56,13:33:56,-72,Tahap-2
01/10/2025,13,33,56,13:33:56,-144,Tahap-2
01/10/2025,13,33,56,13:33:56,-224,Tahap-2
01/10/2025,13,33,57,13:33:57,-120,Tahap-2
01/10/2025,13,33,57,13:33:57,40,Tahap-2
01/10/2025,13,33,57,13:33:57,-256,Tahap-2
01/10/2025,13,33,57,13:33:57,-96,Tahap-2
01/10/2025,13,33,57,13:33:57,-120,Tahap-2
01/10/2025,13,33,57,13:33:57,-56,Tahap-2
01/10/2025,13,33,57,13:33:57,32,Tahap-2
01/10/2025,13,33,57,13:33:57,-248,Tahap-2
01/10/2025,13,33,57,13:33:57,-40,Tahap-2
01/10/2025,13,33,57,13:33:57,-40,Tahap-2
01/10/2025,13,33,58,13:33:58,-136,Tahap-2
01/10/2025,13,33,59,13:33:59,-80,Tahap-2
01/10/2025,13,33,59,13:33:59,120,Tahap-2
01/10/2025,13,33,59,13:33:59,-288,Tahap-2
01/10/2025,13,33,59,13:33:59,56,Tahap-2
01/10/2025,13,33,59,13:33:59,-8,Tahap-2
01/10/2025,13,33,59,13:33:59,-120,Tahap-2
01/10/2025,13,33,59,13:33:59,56,Tahap-2
01/10/2025,13,33,59,13:33:59,-112,Tahap-2
01/10/2025,13,33,59,13:33:59,-160,Tahap-2
01/10/2025,13,33,59,13:33:59,128,Tahap-2
01/10/2025,13,33,59,13:33:59,-416,Tahap-2
01/10/2025,13,33,59,13:33:59,104,Tahap-2
01/10/2025,13,33,59,13:33:59,-64,Tahap-2
01/10/2025,13,33,59,13:33:59,24,Tahap-2
01/10/2025,13,33,59,13:33:59,-128,Tahap-2
01/10/2025,13,33,59,13:33:59,88,Tahap-2
01/10/2025,13,33,59,13:33:59,-216,Tahap-2
01/10/2025,13,33,59,13:33:59,-40,Tahap-2
01/10/2025,13,33,59,13:33:59,-160,Tahap-2
01/10/2025,13,34,1,13:34:01,-80,Tahap-2
01/10/2025,13,34,1,13:34:01,80,Tahap-2
01/10/2025,13,34,1,13:34:01,-40,Tahap-2
01/10/2025,13,34,1,13:34:01,-280,Tahap-2
01/10/2025,13,34,1,13:34:01,-48,Tahap-2
01/10/2025,13,34,1,13:34:01,-168,Tahap-2
01/10/2025,13,34,1,13:34:01,168,Tahap-2
01/10/2025,13,34,1,13:34:01,-48,Tahap-2
01/10/2025,13,34,1,13:34:01,8,Tahap-2
01/10/2025,13,34,1,13:34:01,16,Tahap-2
01/10/2025,13,34,2,13:34:02,24,Tahap-2
01/10/2025,13,34,2,13:34:02,-184,Tahap-2
01/10/2025,13,34,2,13:34:02,248,Tahap-2
01/10/2025,13,34,2,13:34:02,-112,Tahap-2
01/10/2025,13,34,2,13:34:02,120,Tahap-2
01/10/2025,13,34,2,13:34:02,72,Tahap-2
01/10/2025,13,34,2,13:34:02,48,Tahap-2
01/10/2025,13,34,2,13:34:02,224,Tahap-2
01/10/2025,13,34,2,13:34:02,-8,Tahap-2
01/10/2025,13,34,3,13:34:03,192,Tahap-2
01/10/2025,13,34,3,13:34:03,104,Tahap-2
01/10/2025,13,34,3,13:34:03,248,Tahap-2
01/10/2025,13,34,3,13:34:03,16,Tahap-2
01/10/2025,13,34,3,13:34:03,24,Tahap-2
01/10/2025,13,34,3,13:34:03,120,Tahap-2
01/10/2025,13,34,3,13:34:03,168,Tahap-2
01/10/2025,13,34,3,13:34:03,32,Tahap-2
01/10/2025,13,34,3,13:34:03,320,Tahap-2
01/10/2025,13,34,4,13:34:04,136,Tahap-2
01/10/2025,13,34,4,13:34:04,48,Tahap-2
01/10/2025,13,34,4,13:34:04,232,Tahap-2
01/10/2025,13,34,4,13:34:04,96,Tahap-2
01/10/2025,13,34,4,13:34:04,288,Tahap-2
01/10/2025,13,34,4,13:34:04,216,Tahap-2
01/10/2025,13,34,4,13:34:04,112,Tahap-2
01/10/2025,13,34,4,13:34:04,216,Tahap-2
01/10/2025,13,34,4,13:34:04,352,Tahap-2
01/10/2025,13,34,4,13:34:04,112,Tahap-2
01/10/2025,13,34,5,13:34:05,240,Tahap-2
01/10/2025,13,34,5,13:34:05,328,Tahap-2
01/10/2025,13,34,5,13:34:05,128,Tahap-2
01/10/2025,13,34,5,13:34:05,184,Tahap-2
01/10/2025,13,34,5,13:34:05,200,Tahap-2
01/10/2025,13,34,5,13:34:05,192,Tahap-2
01/10/2025,13,34,5,13:34:05,304,Tahap-2
01/10/2025,13,34,5,13:34:05,112,Tahap-2
01/10/2025,13,34,5,13:34:05,296,Tahap-2
01/10/2025,13,34,5,13:34:05,200,Tahap-2
01/10/2025,13,34,6,13:34:06,288,Tahap-2
01/10/2025,13,34,6,13:34:06,96,Tahap-2
01/10/2025,13,34,6,13:34:06,368,Tahap-2
01/10/2025,13,34,6,13:34:06,152,Tahap-2
01/10/2025,13,34,6,13:34:06,72,Tahap-2
01/10/2025,13,34,6,13:34:06,256,Tahap-2
01/10/2025,13,34,6,13:34:06,344,Tahap-2
01/10/2025,13,34,6,13:34:06,232,Tahap-2
01/10/2025,13,34,6,13:34:06,272,Tahap-2
01/10/2025,13,34,6,13:34:06,368,Tahap-2
01/10/2025,13,34,7,13:34:07,336,Tahap-2
01/10/2025,13,34,7,13:34:07,344,Tahap-2
01/10/2025,13,34,7,13:34:07,248,Tahap-2
01/10/2025,13,34,7,13:34:07,320,Tahap-2
01/10/2025,13,34,7,13:34:07,488,Tahap-2
01/10/2025,13,34,7,13:34:07,184,Tahap-2
01/10/2025,13,34,7,13:34:07,304,Tahap-2
01/10/2025,13,34,7,13:34:07,528,Tahap-2
01/10/2025,13,34,7,13:34:07,160,Tahap-2
01/10/2025,13,34,7,13:34:07,376,Tahap-2
01/10/2025,13,34,8,13:34:08,536,Tahap-2
01/10/2025,13,34,8,13:34:08,336,Tahap-2
01/10/2025,13,34,8,13:34:08,424,Tahap-2
01/10/2025,13,34,8,13:34:08,320,Tahap-2
01/10/2025,13,34,8,13:34:08,296,Tahap-2
01/10/2025,13,34,8,13:34:08,344,Tahap-2
01/10/2025,13,34,32,13:34:32,6242,Tahap-2
01/10/2025,13,34,33,13:34:33,2046,Tahap-2
01/10/2025,13,34,33,13:34:33,1119,Tahap-2
01/10/2025,13,34,33,13:34:33,245,Tahap-2
01/10/2025,13,34,33,13:34:33,557,Tahap-2
01/10/2025,13,34,33,13:34:33,513,Tahap-2
01/10/2025,13,34,33,13:34:33,590,Tahap-2
01/10/2025,13,34,33,13:34:33,495,Tahap-2
01/10/2025,13,34,33,13:34:33,392,Tahap-2
01/10/2025,13,34,33,13:34:33,315,Tahap-2
01/10/2025,13,34,33,13:34:33,345,Tahap-2
01/10/2025,13,34,34,13:34:34,184,Tahap-2
01/10/2025,13,34,34,13:34:34,218,Tahap-2
01/10/2025,13,34,34,13:34:34,223,Tahap-2
01/10/2025,13,34,34,13:34:34,231,Tahap-2
01/10/2025,13,34,34,13:34:34,253,Tahap-2
01/10/2025,13,34,34,13:34:34,191,Tahap-2
01/10/2025,13,34,34,13:34:34,217,Tahap-2
01/10/2025,13,34,34,13:34:34,143,Tahap-2
01/10/2025,13,34,34,13:34:34,119,Tahap-2
01/10/2025,13,34,34,13:34:34,174,Tahap-2
01/10/2025,13,34,35,13:34:35,270,Tahap-2
01/10/2025,13,34,35,13:34:35,295,Tahap-2
01/10/2025,13,34,35,13:34:35,561,Tahap-2
01/10/2025,13,34,35,13:34:35,380,Tahap-2
01/10/2025,13,34,35,13:34:35,227,Tahap-2
01/10/2025,13,34,35,13:34:35,250,Tahap-2
01/10/2025,13,34,35,13:34:35,216,Tahap-2
01/10/2025,13,34,35,13:34:35,201,Tahap-2
01/10/2025,13,34,35,13:34:35,115,Tahap-2
01/10/2025,13,34,35,13:34:35,289,Tahap-2
01/10/2025,13,34,36,13:34:36,212,Tahap-2
01/10/2025,13,34,36,13:34:36,221,Tahap-2
01/10/2025,13,34,36,13:34:36,65,Tahap-2
01/10/2025,13,34,36,13:34:36,343,Tahap-2
01/10/2025,13,34,36,13:34:36,157,Tahap-2
01/10/2025,13,34,36,13:34:36,197,Tahap-2
01/10/2025,13,34,36,13:34:36,142,Tahap-2
01/10/2025,13,34,36,13:34:36,177,Tahap-2
01/10/2025,13,34,36,13:34:36,156,Tahap-2
01/10/2025,13,34,36,13:34:36,169,Tahap-2
01/10/2025,13,34,37,13:34:37,230,Tahap-2
01/10/2025,13,34,37,13:34:37,174,Tahap-2
01/10/2025,13,34,37,13:34:37,286,Tahap-2
01/10/2025,13,34,37,13:34:37,329,Tahap-2
01/10/2025,13,34,37,13:34:37,71,Tahap-2
01/10/2025,13,34,37,13:34:37,259,Tahap-2
01/10/2025,13,34,37,13:34:37,272,Tahap-2
01/10/2025,13,34,37,13:34:37,94,Tahap-2
01/10/2025,13,34,37,13:34:37,155,Tahap-2
01/10/2025,13,34,37,13:34:37,333,Tahap-2
01/10/2025,13,34,38,13:34:38,86,Tahap-2
01/10/2025,13,34,38,13:34:38,139,Tahap-2
01/10/2025,13,34,38,13:34:38,183,Tahap-2
01/10/2025,13,34,38,13:34:38,152,Tahap-2
01/10/2025,13,34,38,13:34:38,108,Tahap-2
01/10/2025,13,34,38,13:34:38,169,Tahap-2
01/10/2025,13,34,38,13:34:38,223,Tahap-2
01/10/2025,13,34,38,13:34:38,88,Tahap-2
01/10/2025,13,34,38,13:34:38,248,Tahap-2
01/10/2025,13,34,38,13:34:38,159,Tahap-2
01/10/2025,13,34,39,13:34:39,160,Tahap-2
01/10/2025,13,34,39,13:34:39,198,Tahap-2
01/10/2025,13,34,39,13:34:39,114,Tahap-2
01/10/2025,13,34,39,13:34:39,348,Tahap-2
01/10/2025,13,34,39,13:34:39,206,Tahap-2
01/10/2025,13,34,39,13:34:39,286,Tahap-2
01/10/2025,13,34,39,13:34:39,453,Tahap-2
01/10/2025,13,34,39,13:34:39,629,Tahap-2
01/10/2025,13,34,39,13:34:39,324,Tahap-2
01/10/2025,13,34,39,13:34:39,392,Tahap-2
01/10/2025,13,34,40,13:34:40,130,Tahap-2
01/10/2025,13,34,40,13:34:40,316,Tahap-2
01/10/2025,13,34,40,13:34:40,184,Tahap-2
01/10/2025,13,34,40,13:34:40,225,Tahap-2
01/10/2025,13,34,40,13:34:40,199,Tahap-2
01/10/2025,13,34,40,13:34:40,137,Tahap-2
01/10/2025,13,34,40,13:34:40,87,Tahap-2
01/10/2025,13,34,40,13:34:40,65,Tahap-2
01/10/2025,13,34,40,13:34:40,209,Tahap-2
01/10/2025,13,34,40,13:34:40,172,Tahap-2
01/10/2025,13,34,41,13:34:41,153,Tahap-2
01/10/2025,13,34,41,13:34:41,163,Tahap-2
01/10/2025,13,34,41,13:34:41,167,Tahap-2
01/10/2025,13,34,41,13:34:41,330,Tahap-2
01/10/2025,13,34,41,13:34:41,201,Tahap-2
01/10/2025,13,34,41,13:34:41,302,Tahap-2
01/10/2025,13,34,41,13:34:41,451,Tahap-2
01/10/2025,13,34,41,13:34:41,985,Tahap-2
01/10/2025,13,34,41,13:34:41,191,Tahap-2
01/10/2025,13,34,41,13:34:41,206,Tahap-2
01/10/2025,13,34,42,13:34:42,99,Tahap-2
01/10/2025,13,34,42,13:34:42,114,Tahap-2
01/10/2025,13,34,42,13:34:42,769,Tahap-2
01/10/2025,13,34,42,13:34:42,133,Tahap-2
01/10/2025,13,34,42,13:34:42,220,Tahap-2
01/10/2025,13,34,42,13:34:42,260,Tahap-2
01/10/2025,13,34,42,13:34:42,125,Tahap-2
01/10/2025,13,34,42,13:34:42,101,Tahap-2
01/10/2025,13,34,42,13:34:42,131,Tahap-2
01/10/2025,13,34,42,13:34:42,19,Tahap-2
01/10/2025,13,34,43,13:34:43,34,Tahap-2
01/10/2025,13,34,43,13:34:43,102,Tahap-2
01/10/2025,13,34,43,13:34:43,202,Tahap-2
01/10/2025,13,34,43,13:34:43,173,Tahap-2
01/10/2025,13,34,43,13:34:43,133,Tahap-2
01/10/2025,13,34,43,13:34:43,41,Tahap-2
01/10/2025,13,34,43,13:34:43,114,Tahap-2
01/10/2025,13,34,43,13:34:43,100,Tahap-2
01/10/2025,13,34,43,13:34:43,127,Tahap-2
01/10/2025,13,34,43,13:34:43,349,Tahap-2
01/10/2025,13,34,44,13:34:44,71,Tahap-2
01/10/2025,13,34,44,13:34:44,131,Tahap-2
01/10/2025,13,34,44,13:34:44,314,Tahap-2
01/10/2025,13,34,44,13:34:44,250,Tahap-2
01/10/2025,13,34,44,13:34:44,118,Tahap-2
01/10/2025,13,34,44,13:34:44,555,Tahap-2
01/10/2025,13,34,44,13:34:44,109,Tahap-2
01/10/2025,13,34,44,13:34:44,280,Tahap-2
01/10/2025,13,34,44,13:34:44,499,Tahap-2
01/10/2025,13,34,44,13:34:44,149,Tahap-2
01/10/2025,13,34,45,13:34:45,355,Tahap-2
01/10/2025,13,34,45,13:34:45,192,Tahap-2
01/10/2025,13,34,45,13:34:45,67,Tahap-2
01/10/2025,13,34,45,13:34:45,224,Tahap-2
01/10/2025,13,34,45,13:34:45,310,Tahap-2
01/10/2025,13,34,45,13:34:45,365,Tahap-2
01/10/2025,13,34,45,13:34:45,128,Tahap-2
01/10/2025,13,34,45,13:34:45,160,Tahap-2
01/10/2025,13,34,45,13:34:45,108,Tahap-2
01/10/2025,13,34,45,13:34:45,188,Tahap-2
01/10/2025,13,34,46,13:34:46,12,Tahap-2
01/10/2025,13,34,46,13:34:46,220,Tahap-2
01/10/2025,13,34,46,13:34:46,148,Tahap-2
01/10/2025,13,34,46,13:34:46,168,Tahap-2
01/10/2025,13,34,46,13:34:46,136,Tahap-2
01/10/2025,13,34,46,13:34:46,228,Tahap-2
01/10/2025,13,34,46,13:34:46,124,Tahap-2
01/10/2025,13,34,46,13:34:46,184,Tahap-2
01/10/2025,13,34,46,13:34:46,148,Tahap-2
01/10/2025,13,34,46,13:34:46,112,Tahap-2
01/10/2025,13,34,47,13:34:47,244,Tahap-2
01/10/2025,13,34,47,13:34:47,72,Tahap-2
01/10/2025,13,34,47,13:34:47,176,Tahap-2
01/10/2025,13,34,47,13:34:47,332,Tahap-2
01/10/2025,13,34,47,13:34:47,120,Tahap-2
01/10/2025,13,34,47,13:34:47,128,Tahap-2
01/10/2025,13,34,47,13:34:47,136,Tahap-2
01/10/2025,13,34,47,13:34:47,128,Tahap-2
01/10/2025,13,34,47,13:34:47,164,Tahap-2
01/10/2025,13,34,47,13:34:47,156,Tahap-2
01/10/2025,13,34,48,13:34:48,120,Tahap-2
01/10/2025,13,34,48,13:34:48,232,Tahap-2
01/10/2025,13,34,48,13:34:48,112,Tahap-2
01/10/2025,13,34,48,13:34:48,84,Tahap-2
01/10/2025,13,34,48,13:34:48,212,Tahap-2
01/10/2025,13,34,48,13:34:48,200,Tahap-2
01/10/2025,13,34,48,13:34:48,60,Tahap-2
01/10/2025,13,34,48,13:34:48,200,Tahap-2
01/10/2025,13,34,48,13:34:48,108,Tahap-2
01/10/2025,13,34,48,13:34:48,72,Tahap-2
01/10/2025,13,34,49,13:34:49,116,Tahap-2
01/10/2025,13,34,49,13:34:49,120,Tahap-2
01/10/2025,13,34,49,13:34:49,196,Tahap-2
01/10/2025,13,34,49,13:34:49,112,Tahap-2
01/10/2025,13,34,49,13:34:49,112,Tahap-2
01/10/2025,13,34,49,13:34:49,124,Tahap-2
01/10/2025,13,34,49,13:34:49,196,Tahap-2
01/10/2025,13,34,49,13:34:49,64,Tahap-2
01/10/2025,13,34,49,13:34:49,124,Tahap-2
01/10/2025,13,34,49,13:34:49,152,Tahap-2
01/10/2025,13,34,50,13:34:50,24,Tahap-2
01/10/2025,13,34,50,13:34:50,92,Tahap-2
01/10/2025,13,34,50,13:34:50,112,Tahap-2
01/10/2025,13,34,50,13:34:50,200,Tahap-2
01/10/2025,13,34,50,13:34:50,120,Tahap-2
01/10/2025,13,34,50,13:34:50,144,Tahap-2
01/10/2025,13,34,50,13:34:50,116,Tahap-2
01/10/2025,13,34,50,13:34:50,240,Tahap-2
01/10/2025,13,34,50,13:34:50,180,Tahap-2
01/10/2025,13,34,50,13:34:50,108,Tahap-2
01/10/2025,13,34,51,13:34:51,176,Tahap-2
01/10/2025,13,34,51,13:34:51,136,Tahap-2
01/10/2025,13,34,51,13:34:51,124,Tahap-2
01/10/2025,13,34,51,13:34:51,152,Tahap-2
01/10/2025,13,34,51,13:34:51,232,Tahap-2
01/10/2025,13,34,51,13:34:51,120,Tahap-2
01/10/2025,13,34,51,13:34:51,152,Tahap-2
01/10/2025,13,34,51,13:34:51,236,Tahap-2
01/10/2025,13,34,51,13:34:51,132,Tahap-2
01/10/2025,13,34,51,13:34:51,208,Tahap-2
01/10/2025,13,34,52,13:34:52,100,Tahap-2
01/10/2025,13,34,52,13:34:52,164,Tahap-2
01/10/2025,13,34,52,13:34:52,184,Tahap-2
01/10/2025,13,34,52,13:34:52,92,Tahap-2
01/10/2025,13,34,52,13:34:52,88,Tahap-2
01/10/2025,13,34,52,13:34:52,316,Tahap-2
01/10/2025,13,34,52,13:34:52,116,Tahap-2
01/10/2025,13,34,52,13:34:52,168,Tahap-2
01/10/2025,13,34,52,13:34:52,276,Tahap-2
01/10/2025,13,34,52,13:34:52,180,Tahap-2
01/10/2025,13,34,53,13:34:53,164,Tahap-2
01/10/2025,13,34,53,13:34:53,164,Tahap-2
01/10/2025,13,34,53,13:34:53,104,Tahap-2
01/10/2025,13,34,53,13:34:53,212,Tahap-2
01/10/2025,13,34,53,13:34:53,96,Tahap-2
01/10/2025,13,34,53,13:34:53,132,Tahap-2
01/10/2025,13,34,53,13:34:53,276,Tahap-2
01/10/2025,13,34,53,13:34:53,132,Tahap-2
01/10/2025,13,34,53,13:34:53,176,Tahap-2
01/10/2025,13,34,53,13:34:53,184,Tahap-2
01/10/2025,13,34,54,13:34:54,196,Tahap-2
01/10/2025,13,34,54,13:34:54,120,Tahap-2
01/10/2025,13,34,54,13:34:54,228,Tahap-2
01/10/2025,13,34,54,13:34:54,96,Tahap-2
01/10/2025,13,34,54,13:34:54,164,Tahap-2
01/10/2025,13,34,54,13:34:54,84,Tahap-2
01/10/2025,13,34,54,13:34:54,128,Tahap-2
01/10/2025,13,34,54,13:34:54,164,Tahap-2
01/10/2025,13,34,54,13:34:54,128,Tahap-2
01/10/2025,13,34,54,13:34:54,144,Tahap-2
01/10/2025,13,34,55,13:34:55,148,Tahap-2
01/10/2025,13,34,55,13:34:55,164,Tahap-2
01/10/2025,13,34,55,13:34:55,40,Tahap-2
01/10/2025,13,34,55,13:34:55,120,Tahap-2
01/10/2025,13,34,55,13:34:55,64,Tahap-2
01/10/2025,13,34,55,13:34:55,80,Tahap-2
01/10/2025,13,34,55,13:34:55,-52,Tahap-2
01/10/2025,13,34,55,13:34:55,156,Tahap-2
01/10/2025,13,34,55,13:34:55,-8,Tahap-2
01/10/2025,13,34,55,13:34:55,116,Tahap-2
01/10/2025,13,34,56,13:34:56,144,Tahap-2
01/10/2025,13,34,56,13:34:56,80,Tahap-2
01/10/2025,13,34,56,13:34:56,84,Tahap-2
01/10/2025,13,34,56,13:34:56,104,Tahap-2
01/10/2025,13,34,56,13:34:56,-16,Tahap-2
01/10/2025,13,34,56,13:34:56,60,Tahap-2
01/10/2025,13,34,56,13:34:56,52,Tahap-2
01/10/2025,13,34,56,13:34:56,-72,Tahap-2
01/10/2025,13,34,56,13:34:56,136,Tahap-2
01/10/2025,13,34,56,13:34:56,-24,Tahap-2
01/10/2025,13,34,57,13:34:57,-28,Tahap-2
01/10/2025,13,34,57,13:34:57,108,Tahap-2
01/10/2025,13,34,57,13:34:57,60,Tahap-2
01/10/2025,13,34,57,13:34:57,-32,Tahap-2
01/10/2025,13,34,57,13:34:57,32,Tahap-2
01/10/2025,13,34,57,13:34:57,-80,Tahap-2
01/10/2025,13,34,57,13:34:57,-52,Tahap-2
01/10/2025,13,34,57,13:34:57,-8,Tahap-2
01/10/2025,13,34,57,13:34:57,-84,Tahap-2
01/10/2025,13,34,57,13:34:57,8,Tahap-2
01/10/2025,13,34,58,13:34:58,-28,Tahap-2
01/10/2025,13,34,58,13:34:58,-76,Tahap-2
01/10/2025,13,34,59,13:34:59,60,Tahap-2
01/10/2025,13,34,59,13:34:59,108,Tahap-2
01/10/2025,13,34,59,13:34:59,-76,Tahap-2
01/10/2025,13,35,22,13:35:22,6620,Tahap-2
01/10/2025,13,35,22,13:35:22,3581,Tahap-2
01/10/2025,13,35,23,13:35:23,2229,Tahap-2
01/10/2025,13,35,23,13:35:23,1424,Tahap-2
01/10/2025,13,35,23,13:35:23,1657,Tahap-2
01/10/2025,13,35,23,13:35:23,1092,Tahap-2
01/10/2025,13,35,23,13:35:23,890,Tahap-2
01/10/2025,13,35,23,13:35:23,890,Tahap-2
01/10/2025,13,35,23,13:35:23,682,Tahap-2
01/10/2025,13,35,23,13:35:23,940,Tahap-2
01/10/2025,13,35,23,13:35:23,507,Tahap-2
01/10/2025,13,35,23,13:35:23,463,Tahap-2
01/10/2025,13,35,24,13:35:24,540,Tahap-2
01/10/2025,13,35,24,13:35:24,545,Tahap-2
01/10/2025,13,35,24,13:35:24,509,Tahap-2
01/10/2025,13,35,24,13:35:24,560,Tahap-2
01/10/2025,13,35,24,13:35:24,518,Tahap-2
01/10/2025,13,35,24,13:35:24,514,Tahap-2
01/10/2025,13,35,24,13:35:24,383,Tahap-2
01/10/2025,13,35,24,13:35:24,286,Tahap-2
01/10/2025,13,35,24,13:35:24,508,Tahap-2
01/10/2025,13,35,24,13:35:24,401,Tahap-2
01/10/2025,13,35,25,13:35:25,379,Tahap-2
01/10/2025,13,35,25,13:35:25,393,Tahap-2
01/10/2025,13,35,25,13:35:25,285,Tahap-2
01/10/2025,13,35,25,13:35:25,201,Tahap-2
01/10/2025,13,35,25,13:35:25,343,Tahap-2
01/10/2025,13,35,25,13:35:25,235,Tahap-2
01/10/2025,13,35,25,13:35:25,216,Tahap-2
01/10/2025,13,35,25,13:35:25,219,Tahap-2
01/10/2025,13,35,25,13:35:25,237,Tahap-2
01/10/2025,13,35,25,13:35:25,221,Tahap-2
01/10/2025,13,35,26,13:35:26,203,Tahap-2
01/10/2025,13,35,26,13:35:26,273,Tahap-2
01/10/2025,13,35,26,13:35:26,124,Tahap-2
01/10/2025,13,35,26,13:35:26,227,Tahap-2
01/10/2025,13,35,26,13:35:26,297,Tahap-2
01/10/2025,13,35,26,13:35:26,188,Tahap-2
01/10/2025,13,35,26,13:35:26,205,Tahap-2
01/10/2025,13,35,26,13:35:26,64,Tahap-2
01/10/2025,13,35,26,13:35:26,83,Tahap-2
01/10/2025,13,35,26,13:35:26,157,Tahap-2
01/10/2025,13,35,27,13:35:27,158,Tahap-2
01/10/2025,13,35,27,13:35:27,300,Tahap-2
01/10/2025,13,35,27,13:35:27,189,Tahap-2
01/10/2025,13,35,27,13:35:27,174,Tahap-2
01/10/2025,13,35,27,13:35:27,221,Tahap-2
01/10/2025,13,35,27,13:35:27,180,Tahap-2
01/10/2025,13,35,27,13:35:27,267,Tahap-2
01/10/2025,13,35,27,13:35:27,187,Tahap-2
01/10/2025,13,35,27,13:35:27,135,Tahap-2
01/10/2025,13,35,27,13:35:27,56,Tahap-2
01/10/2025,13,35,28,13:35:28,100,Tahap-2
01/10/2025,13,35,29,13:35:29,12,Tahap-2
01/10/2025,13,35,29,13:35:29,69,Tahap-2
01/10/2025,13,35,29,13:35:29,34,Tahap-2
01/10/2025,13,35,29,13:35:29,125,Tahap-2
01/10/2025,13,35,29,13:35:29,82,Tahap-2
01/10/2025,13,35,29,13:35:29,79,Tahap-2
01/10/2025,13,35,29,13:35:29,107,Tahap-2
01/10/2025,13,35,29,13:35:29,88,Tahap-2
01/10/2025,13,35,29,13:35:29,103,Tahap-2
01/10/2025,13,35,29,13:35:29,63,Tahap-2
01/10/2025,13,35,29,13:35:29,113,Tahap-2
01/10/2025,13,35,29,13:35:29,229,Tahap-2
01/10/2025,13,35,29,13:35:29,164,Tahap-2
01/10/2025,13,35,29,13:35:29,279,Tahap-2
01/10/2025,13,35,29,13:35:29,142,Tahap-2
01/10/2025,13,35,29,13:35:29,281,Tahap-2
01/10/2025,13,35,29,13:35:29,938,Tahap-2
01/10/2025,13,35,29,13:35:29,82,Tahap-2
01/10/2025,13,35,29,13:35:29,79,Tahap-2
01/10/2025,13,35,30,13:35:30,82,Tahap-2
01/10/2025,13,35,30,13:35:30,103,Tahap-2
01/10/2025,13,35,30,13:35:30,69,Tahap-2
01/10/2025,13,35,30,13:35:30,24,Tahap-2
01/10/2025,13,35,30,13:35:30,146,Tahap-2
01/10/2025,13,35,30,13:35:30,94,Tahap-2
01/10/2025,13,35,30,13:35:30,130,Tahap-2
01/10/2025,13,35,30,13:35:30,14,Tahap-2
01/10/2025,13,35,30,13:35:30,72,Tahap-2
01/10/2025,13,35,30,13:35:30,166,Tahap-2
01/10/2025,13,35,31,13:35:31,118,Tahap-2
01/10/2025,13,35,31,13:35:31,83,Tahap-2
01/10/2025,13,35,31,13:35:31,161,Tahap-2
01/10/2025,13,35,31,13:35:31,142,Tahap-2
01/10/2025,13,35,31,13:35:31,29,Tahap-2
01/10/2025,13,35,31,13:35:31,11,Tahap-2
01/10/2025,13,35,31,13:35:31,1344,Tahap-2
01/10/2025,13,35,31,13:35:31,54,Tahap-2
01/10/2025,13,35,31,13:35:31,97,Tahap-2
01/10/2025,13,35,31,13:35:31,66,Tahap-2
01/10/2025,13,35,32,13:35:32,443,Tahap-2
01/10/2025,13,35,32,13:35:32,312,Tahap-2
01/10/2025,13,35,32,13:35:32,128,Tahap-2
01/10/2025,13,35,32,13:35:32,62,Tahap-2
01/10/2025,13,35,32,13:35:32,197,Tahap-2
01/10/2025,13,35,32,13:35:32,134,Tahap-2
01/10/2025,13,35,32,13:35:32,128,Tahap-2
01/10/2025,13,35,32,13:35:32,88,Tahap-2
01/10/2025,13,35,32,13:35:32,71,Tahap-2
01/10/2025,13,35,32,13:35:32,66,Tahap-2
01/10/2025,13,35,33,13:35:33,140,Tahap-2
01/10/2025,13,35,33,13:35:33,181,Tahap-2
01/10/2025,13,35,33,13:35:33,118,Tahap-2
01/10/2025,13,35,33,13:35:33,193,Tahap-2
01/10/2025,13,35,33,13:35:33,43,Tahap-2
01/10/2025,13,35,33,13:35:33,71,Tahap-2
01/10/2025,13,35,33,13:35:33,129,Tahap-2
01/10/2025,13,35,33,13:35:33,143,Tahap-2
01/10/2025,13,35,33,13:35:33,211,Tahap-2
01/10/2025,13,35,33,13:35:33,188,Tahap-2
01/10/2025,13,35,34,13:35:34,180,Tahap-2
01/10/2025,13,35,34,13:35:34,145,Tahap-2
01/10/2025,13,35,34,13:35:34,182,Tahap-2
01/10/2025,13,35,34,13:35:34,534,Tahap-2
01/10/2025,13,35,34,13:35:34,327,Tahap-2
01/10/2025,13,35,34,13:35:34,162,Tahap-2
01/10/2025,13,35,34,13:35:34,256,Tahap-2
01/10/2025,13,35,34,13:35:34,413,Tahap-2
01/10/2025,13,35,34,13:35:34,340,Tahap-2
01/10/2025,13,35,34,13:35:34,284,Tahap-2
01/10/2025,13,35,35,13:35:35,195,Tahap-2
01/10/2025,13,35,35,13:35:35,62,Tahap-2
01/10/2025,13,35,35,13:35:35,30,Tahap-2
01/10/2025,13,35,35,13:35:35,332,Tahap-2
01/10/2025,13,35,35,13:35:35,185,Tahap-2
01/10/2025,13,35,35,13:35:35,-36,Tahap-2
01/10/2025,13,35,35,13:35:35,-120,Tahap-2
01/10/2025,13,35,35,13:35:35,28,Tahap-2
01/10/2025,13,35,35,13:35:35,-108,Tahap-2
01/10/2025,13,35,35,13:35:35,-104,Tahap-2
01/10/2025,13,35,36,13:35:36,-116,Tahap-2
01/10/2025,13,35,36,13:35:36,-8,Tahap-2
01/10/2025,13,35,36,13:35:36,-88,Tahap-2
01/10/2025,13,35,36,13:35:36,-64,Tahap-2
01/10/2025,13,35,36,13:35:36,-48,Tahap-2
01/10/2025,13,35,36,13:35:36,-64,Tahap-2
01/10/2025,13,35,36,13:35:36,-12,Tahap-2
01/10/2025,13,35,36,13:35:36,-176,Tahap-2
01/10/2025,13,35,36,13:35:36,-56,Tahap-2
01/10/2025,13,35,36,13:35:36,-80,Tahap-2
01/10/2025,13,35,37,13:35:37,-156,Tahap-2
01/10/2025,13,35,37,13:35:37,-192,Tahap-2
01/10/2025,13,35,37,13:35:37,-44,Tahap-2
01/10/2025,13,35,37,13:35:37,-136,Tahap-2
01/10/2025,13,35,37,13:35:37,-60,Tahap-2
01/10/2025,13,35,37,13:35:37,-36,Tahap-2
01/10/2025,13,35,37,13:35:37,-136,Tahap-2
01/10/2025,13,35,37,13:35:37,-92,Tahap-2
01/10/2025,13,35,37,13:35:37,-104,Tahap-2
01/10/2025,13,35,37,13:35:37,-112,Tahap-2
01/10/2025,13,35,38,13:35:38,-108,Tahap-2
01/10/2025,13,35,38,13:35:38,-108,Tahap-2
01/10/2025,13,35,38,13:35:38,-180,Tahap-2
01/10/2025,13,35,38,13:35:38,32,Tahap-2
01/10/2025,13,35,38,13:35:38,-172,Tahap-2
01/10/2025,13,35,38,13:35:38,-96,Tahap-2
01/10/2025,13,35,38,13:35:38,28,Tahap-2
01/10/2025,13,35,38,13:35:38,-108,Tahap-2
01/10/2025,13,35,38,13:35:38,-72,Tahap-2
01/10/2025,13,35,38,13:35:38,-32,Tahap-2
01/10/2025,13,35,39,13:35:39,-92,Tahap-2
01/10/2025,13,35,39,13:35:39,-72,Tahap-2
01/10/2025,13,35,39,13:35:39,-68,Tahap-2
01/10/2025,13,35,39,13:35:39,-124,Tahap-2
01/10/2025,13,35,39,13:35:39,-64,Tahap-2
01/10/2025,13,35,39,13:35:39,-164,Tahap-2
01/10/2025,13,35,39,13:35:39,-80,Tahap-2
01/10/2025,13,35,39,13:35:39,-168,Tahap-2
01/10/2025,13,35,40,13:35:40,-60,Tahap-2
01/10/2025,13,35,40,13:35:40,-104,Tahap-2
01/10/2025,13,35,40,13:35:40,-160,Tahap-2
01/10/2025,13,35,40,13:35:40,-140,Tahap-2
01/10/2025,13,35,40,13:35:40,-152,Tahap-2
01/10/2025,13,35,40,13:35:40,-112,Tahap-2
01/10/2025,13,35,40,13:35:40,-64,Tahap-2
01/10/2025,13,35,40,13:35:40,-236,Tahap-2
01/10/2025,13,35,40,13:35:40,-112,Tahap-2
01/10/2025,13,35,41,13:35:41,-120,Tahap-2
01/10/2025,13,35,41,13:35:41,-156,Tahap-2
01/10/2025,13,35,41,13:35:41,-80,Tahap-2
01/10/2025,13,35,41,13:35:41,-136,Tahap-2
01/10/2025,13,35,41,13:35:41,-176,Tahap-2
01/10/2025,13,35,41,13:35:41,-172,Tahap-2
01/10/2025,13,35,41,13:35:41,-124,Tahap-2
01/10/2025,13,35,41,13:35:41,-56,Tahap-2
01/10/2025,13,35,41,13:35:41,-204,Tahap-2
01/10/2025,13,35,41,13:35:41,-148,Tahap-2
01/10/2025,13,35,42,13:35:42,-108,Tahap-2
01/10/2025,13,35,42,13:35:42,-144,Tahap-2
01/10/2025,13,35,42,13:35:42,-288,Tahap-2
01/10/2025,13,35,42,13:35:42,-160,Tahap-2
01/10/2025,13,35,42,13:35:42,-244,Tahap-2
01/10/2025,13,35,42,13:35:42,-224,Tahap-2
01/10/2025,13,35,42,13:35:42,-236,Tahap-2
01/10/2025,13,35,42,13:35:42,-76,Tahap-2
01/10/2025,13,35,42,13:35:42,-224,Tahap-2
01/10/2025,13,35,42,13:35:42,-208,Tahap-2
01/10/2025,13,35,43,13:35:43,-164,Tahap-2
01/10/2025,13,35,43,13:35:43,-176,Tahap-2
01/10/2025,13,35,43,13:35:43,-120,Tahap-2
01/10/2025,13,35,43,13:35:43,-220,Tahap-2
01/10/2025,13,35,43,13:35:43,-212,Tahap-2
01/10/2025,13,35,43,13:35:43,-216,Tahap-2
01/10/2025,13,35,43,13:35:43,-196,Tahap-2
01/10/2025,13,35,43,13:35:43,-272,Tahap-2
01/10/2025,13,35,43,13:35:43,-48,Tahap-2
01/10/2025,13,35,43,13:35:43,-228,Tahap-2
01/10/2025,13,35,44,13:35:44,-184,Tahap-2
01/10/2025,13,35,44,13:35:44,-164,Tahap-2
01/10/2025,13,35,44,13:35:44,-192,Tahap-2
01/10/2025,13,35,44,13:35:44,-188,Tahap-2
01/10/2025,13,35,44,13:35:44,-160,Tahap-2
01/10/2025,13,35,44,13:35:44,-288,Tahap-2
01/10/2025,13,35,44,13:35:44,-176,Tahap-2
01/10/2025,13,35,44,13:35:44,-328,Tahap-2
01/10/2025,13,35,44,13:35:44,-300,Tahap-2
01/10/2025,13,35,44,13:35:44,-136,Tahap-2
01/10/2025,13,35,45,13:35:45,-264,Tahap-2
01/10/2025,13,35,45,13:35:45,-268,Tahap-2
01/10/2025,13,35,45,13:35:45,-172,Tahap-2
01/10/2025,13,35,45,13:35:45,-184,Tahap-2
01/10/2025,13,35,45,13:35:45,-268,Tahap-2
01/10/2025,13,35,45,13:35:45,-172,Tahap-2
01/10/2025,13,35,45,13:35:45,-256,Tahap-2
01/10/2025,13,35,45,13:35:45,-224,Tahap-2
01/10/2025,13,35,45,13:35:45,-212,Tahap-2
01/10/2025,13,35,45,13:35:45,-296,Tahap-2
01/10/2025,13,35,46,13:35:46,-116,Tahap-2
01/10/2025,13,35,46,13:35:46,-244,Tahap-2
01/10/2025,13,35,46,13:35:46,-244,Tahap-2
01/10/2025,13,35,46,13:35:46,-212,Tahap-2
01/10/2025,13,35,46,13:35:46,-148,Tahap-2
01/10/2025,13,35,46,13:35:46,-272,Tahap-2
01/10/2025,13,35,46,13:35:46,-200,Tahap-2
01/10/2025,13,35,46,13:35:46,-252,Tahap-2
01/10/2025,13,35,46,13:35:46,-288,Tahap-2
01/10/2025,13,35,46,13:35:46,-264,Tahap-2
01/10/2025,13,35,47,13:35:47,-240,Tahap-2
01/10/2025,13,35,47,13:35:47,-316,Tahap-2
01/10/2025,13,35,47,13:35:47,-152,Tahap-2
01/10/2025,13,35,47,13:35:47,-340,Tahap-2
01/10/2025,13,35,47,13:35:47,-232,Tahap-2
01/10/2025,13,35,47,13:35:47,-200,Tahap-2
01/10/2025,13,35,47,13:35:47,-268,Tahap-2
01/10/2025,13,35,47,13:35:47,-328,Tahap-2
01/10/2025,13,35,47,13:35:47,-200,Tahap-2
01/10/2025,13,35,47,13:35:47,-368,Tahap-2
01/10/2025,13,35,48,13:35:48,-360,Tahap-2
01/10/2025,13,35,48,13:35:48,-340,Tahap-2
01/10/2025,13,35,48,13:35:48,-352,Tahap-2
01/10/2025,13,35,48,13:35:48,-276,Tahap-2
01/10/2025,13,36,12,13:36:12,2730,Tahap-2
01/10/2025,13,36,12,13:36:12,1078,Tahap-2
01/10/2025,13,36,12,13:36:12,1022,Tahap-2
01/10/2025,13,36,13,13:36:13,354,Tahap-2
01/10/2025,13,36,13,13:36:13,460,Tahap-2
01/10/2025,13,36,13,13:36:13,135,Tahap-2
01/10/2025,13,36,13,13:36:13,175,Tahap-2
01/10/2025,13,36,13,13:36:13,231,Tahap-2
01/10/2025,13,36,13,13:36:13,129,Tahap-2
01/10/2025,13,36,13,13:36:13,216,Tahap-2
01/10/2025,13,36,13,13:36:13,182,Tahap-2
01/10/2025,13,36,13,13:36:13,138,Tahap-2
01/10/2025,13,36,13,13:36:13,166,Tahap-2
01/10/2025,13,36,14,13:36:14,158,Tahap-2
01/10/2025,13,36,14,13:36:14,199,Tahap-2
01/10/2025,13,36,14,13:36:14,186,Tahap-2
01/10/2025,13,36,14,13:36:14,108,Tahap-2
01/10/2025,13,36,14,13:36:14,244,Tahap-2
01/10/2025,13,36,14,13:36:14,167,Tahap-2
01/10/2025,13,36,14,13:36:14,230,Tahap-2
01/10/2025,13,36,14,13:36:14,178,Tahap-2
01/10/2025,13,36,14,13:36:14,365,Tahap-2
01/10/2025,13,36,14,13:36:14,388,Tahap-2
01/10/2025,13,36,15,13:36:15,429,Tahap-2
01/10/2025,13,36,15,13:36:15,88,Tahap-2
01/10/2025,13,36,15,13:36:15,167,Tahap-2
01/10/2025,13,36,15,13:36:15,287,Tahap-2
01/10/2025,13,36,15,13:36:15,205,Tahap-2
01/10/2025,13,36,15,13:36:15,105,Tahap-2
01/10/2025,13,36,15,13:36:15,40,Tahap-2
01/10/2025,13,36,15,13:36:15,185,Tahap-2
01/10/2025,13,36,15,13:36:15,129,Tahap-2
01/10/2025,13,36,15,13:36:15,203,Tahap-2
01/10/2025,13,36,16,13:36:16,79,Tahap-2
01/10/2025,13,36,16,13:36:16,106,Tahap-2
01/10/2025,13,36,16,13:36:16,372,Tahap-2
01/10/2025,13,36,16,13:36:16,126,Tahap-2
01/10/2025,13,36,16,13:36:16,44,Tahap-2
01/10/2025,13,36,16,13:36:16,105,Tahap-2
01/10/2025,13,36,16,13:36:16,99,Tahap-2
01/10/2025,13,36,16,13:36:16,137,Tahap-2
01/10/2025,13,36,16,13:36:16,164,Tahap-2
01/10/2025,13,36,16,13:36:16,31,Tahap-2
01/10/2025,13,36,17,13:36:17,176,Tahap-2
01/10/2025,13,36,17,13:36:17,283,Tahap-2
01/10/2025,13,36,17,13:36:17,208,Tahap-2
01/10/2025,13,36,17,13:36:17,213,Tahap-2
01/10/2025,13,36,17,13:36:17,230,Tahap-2
01/10/2025,13,36,17,13:36:17,68,Tahap-2
01/10/2025,13,36,17,13:36:17,112,Tahap-2
01/10/2025,13,36,17,13:36:17,152,Tahap-2
01/10/2025,13,36,17,13:36:17,93,Tahap-2
01/10/2025,13,36,17,13:36:17,112,Tahap-2
01/10/2025,13,36,18,13:36:18,86,Tahap-2
01/10/2025,13,36,18,13:36:18,100,Tahap-2
01/10/2025,13,36,18,13:36:18,194,Tahap-2
01/10/2025,13,36,18,13:36:18,159,Tahap-2
01/10/2025,13,36,18,13:36:18,108,Tahap-2
01/10/2025,13,36,18,13:36:18,97,Tahap-2
01/10/2025,13,36,18,13:36:18,186,Tahap-2
01/10/2025,13,36,18,13:36:18,25,Tahap-2
01/10/2025,13,36,18,13:36:18,146,Tahap-2
01/10/2025,13,36,18,13:36:18,69,Tahap-2
01/10/2025,13,36,19,13:36:19,28,Tahap-2
01/10/2025,13,36,19,13:36:19,268,Tahap-2
01/10/2025,13,36,19,13:36:19,169,Tahap-2
01/10/2025,13,36,19,13:36:19,267,Tahap-2
01/10/2025,13,36,19,13:36:19,289,Tahap-2
01/10/2025,13,36,19,13:36:19,692,Tahap-2
01/10/2025,13,36,19,13:36:19,478,Tahap-2
01/10/2025,13,36,19,13:36:19,321,Tahap-2
01/10/2025,13,36,19,13:36:19,182,Tahap-2
01/10/2025,13,36,19,13:36:19,90,Tahap-2
01/10/2025,13,36,20,13:36:20,157,Tahap-2
01/10/2025,13,36,20,13:36:20,198,Tahap-2
01/10/2025,13,36,20,13:36:20,263,Tahap-2
01/10/2025,13,36,20,13:36:20,82,Tahap-2
01/10/2025,13,36,20,13:36:20,148,Tahap-2
01/10/2025,13,36,20,13:36:20,237,Tahap-2
01/10/2025,13,36,20,13:36:20,155,Tahap-2
01/10/2025,13,36,20,13:36:20,208,Tahap-2
01/10/2025,13,36,20,13:36:20,254,Tahap-2
01/10/2025,13,36,20,13:36:20,224,Tahap-2
01/10/2025,13,36,21,13:36:21,151,Tahap-2
01/10/2025,13,36,21,13:36:21,161,Tahap-2
01/10/2025,13,36,21,13:36:21,269,Tahap-2
01/10/2025,13,36,21,13:36:21,99,Tahap-2
01/10/2025,13,36,21,13:36:21,193,Tahap-2
01/10/2025,13,36,21,13:36:21,932,Tahap-2
01/10/2025,13,36,21,13:36:21,312,Tahap-2
01/10/2025,13,36,21,13:36:21,256,Tahap-2
01/10/2025,13,36,21,13:36:21,156,Tahap-2
01/10/2025,13,36,21,13:36:21,610,Tahap-2
01/10/2025,13,36,22,13:36:22,292,Tahap-2
01/10/2025,13,36,22,13:36:22,227,Tahap-2
01/10/2025,13,36,22,13:36:22,134,Tahap-2
01/10/2025,13,36,22,13:36:22,81,Tahap-2
01/10/2025,13,36,22,13:36:22,313,Tahap-2
01/10/2025,13,36,22,13:36:22,76,Tahap-2
01/10/2025,13,36,22,13:36:22,9,Tahap-2
01/10/2025,13,36,22,13:36:22,162,Tahap-2
01/10/2025,13,36,22,13:36:22,205,Tahap-2
01/10/2025,13,36,22,13:36:22,208,Tahap-2
01/10/2025,13,36,23,13:36:23,60,Tahap-2
01/10/2025,13,36,23,13:36:23,192,Tahap-2
01/10/2025,13,36,23,13:36:23,232,Tahap-2
01/10/2025,13,36,23,13:36:23,56,Tahap-2
01/10/2025,13,36,23,13:36:23,157,Tahap-2
01/10/2025,13,36,23,13:36:23,179,Tahap-2
01/10/2025,13,36,23,13:36:23,402,Tahap-2
01/10/2025,13,36,23,13:36:23,241,Tahap-2
01/10/2025,13,36,23,13:36:23,78,Tahap-2
01/10/2025,13,36,23,13:36:23,44,Tahap-2
01/10/2025,13,36,24,13:36:24,133,Tahap-2
01/10/2025,13,36,24,13:36:24,332,Tahap-2
01/10/2025,13,36,24,13:36:24,429,Tahap-2
01/10/2025,13,36,24,13:36:24,352,Tahap-2
01/10/2025,13,36,24,13:36:24,242,Tahap-2
01/10/2025,13,36,24,13:36:24,161,Tahap-2
01/10/2025,13,36,24,13:36:24,20,Tahap-2
01/10/2025,13,36,24,13:36:24,226,Tahap-2
01/10/2025,13,36,24,13:36:24,122,Tahap-2
01/10/2025,13,36,24,13:36:24,360,Tahap-2
01/10/2025,13,36,25,13:36:25,261,Tahap-2
01/10/2025,13,36,25,13:36:25,144,Tahap-2
01/10/2025,13,36,25,13:36:25,18,Tahap-2
01/10/2025,13,36,25,13:36:25,294,Tahap-2
01/10/2025,13,36,25,13:36:25,8,Tahap-2
01/10/2025,13,36,25,13:36:25,20,Tahap-2
01/10/2025,13,36,25,13:36:25,40,Tahap-2
01/10/2025,13,36,25,13:36:25,48,Tahap-2
01/10/2025,13,36,25,13:36:25,52,Tahap-2
01/10/2025,13,36,25,13:36:25,4,Tahap-2
01/10/2025,13,36,26,13:36:26,68,Tahap-2
01/10/2025,13,36,26,13:36:26,60,Tahap-2
01/10/2025,13,36,26,13:36:26,-20,Tahap-2
01/10/2025,13,36,26,13:36:26,12,Tahap-2
01/10/2025,13,36,26,13:36:26,24,Tahap-2
01/10/2025,13,36,26,13:36:26,-16,Tahap-2
01/10/2025,13,36,26,13:36:26,-24,Tahap-2
01/10/2025,13,36,26,13:36:26,12,Tahap-2
01/10/2025,13,36,26,13:36:26,72,Tahap-2
01/10/2025,13,36,26,13:36:26,-16,Tahap-2
01/10/2025,13,36,27,13:36:27,44,Tahap-2
01/10/2025,13,36,27,13:36:27,28,Tahap-2
01/10/2025,13,36,27,13:36:27,16,Tahap-2
01/10/2025,13,36,27,13:36:27,16,Tahap-2
01/10/2025,13,36,27,13:36:27,-72,Tahap-2
01/10/2025,13,36,27,13:36:27,4,Tahap-2
01/10/2025,13,36,27,13:36:27,20,Tahap-2
01/10/2025,13,36,27,13:36:27,-124,Tahap-2
01/10/2025,13,36,27,13:36:27,-12,Tahap-2
01/10/2025,13,36,27,13:36:27,44,Tahap-2
01/10/2025,13,36,28,13:36:28,-124,Tahap-2
01/10/2025,13,36,29,13:36:29,76,Tahap-2
01/10/2025,13,36,29,13:36:29,32,Tahap-2
01/10/2025,13,36,29,13:36:29,16,Tahap-2
01/10/2025,13,36,29,13:36:29,52,Tahap-2
01/10/2025,13,36,29,13:36:29,48,Tahap-2
01/10/2025,13,36,29,13:36:29,-36,Tahap-2
01/10/2025,13,36,29,13:36:29,32,Tahap-2
01/10/2025,13,36,29,13:36:29,-28,Tahap-2
01/10/2025,13,36,29,13:36:29,-28,Tahap-2
01/10/2025,13,36,29,13:36:29,88,Tahap-2
01/10/2025,13,36,29,13:36:29,-68,Tahap-2
01/10/2025,13,36,29,13:36:29,20,Tahap-2
01/10/2025,13,36,29,13:36:29,76,Tahap-2
01/10/2025,13,36,29,13:36:29,-4,Tahap-2
01/10/2025,13,36,29,13:36:29,-76,Tahap-2
01/10/2025,13,36,29,13:36:29,20,Tahap-2
01/10/2025,13,36,29,13:36:29,-64,Tahap-2
01/10/2025,13,36,29,13:36:29,-28,Tahap-2
01/10/2025,13,36,29,13:36:29,-64,Tahap-2
01/10/2025,13,36,30,13:36:30,-48,Tahap-2
01/10/2025,13,36,30,13:36:30,-4,Tahap-2
01/10/2025,13,36,30,13:36:30,-88,Tahap-2
01/10/2025,13,36,30,13:36:30,-112,Tahap-2
01/10/2025,13,36,30,13:36:30,32,Tahap-2
01/10/2025,13,36,30,13:36:30,-8,Tahap-2
01/10/2025,13,36,30,13:36:30,-76,Tahap-2
01/10/2025,13,36,30,13:36:30,-48,Tahap-2
01/10/2025,13,36,30,13:36:30,-68,Tahap-2
01/10/2025,13,36,30,13:36:30,-92,Tahap-2
01/10/2025,13,36,31,13:36:31,-120,Tahap-2
01/10/2025,13,36,31,13:36:31,-68,Tahap-2
01/10/2025,13,36,31,13:36:31,-40,Tahap-2
01/10/2025,13,36,31,13:36:31,-96,Tahap-2
01/10/2025,13,36,31,13:36:31,-104,Tahap-2
01/10/2025,13,36,31,13:36:31,-32,Tahap-2
01/10/2025,13,36,31,13:36:31,-4,Tahap-2
01/10/2025,13,36,31,13:36:31,-148,Tahap-2
01/10/2025,13,36,31,13:36:31,-52,Tahap-2
01/10/2025,13,36,31,13:36:31,-104,Tahap-2
01/10/2025,13,36,32,13:36:32,-112,Tahap-2
01/10/2025,13,36,32,13:36:32,-152,Tahap-2
01/10/2025,13,36,32,13:36:32,-128,Tahap-2
01/10/2025,13,36,32,13:36:32,-28,Tahap-2
01/10/2025,13,36,32,13:36:32,-128,Tahap-2
01/10/2025,13,36,32,13:36:32,-32,Tahap-2
01/10/2025,13,36,32,13:36:32,-104,Tahap-2
01/10/2025,13,36,32,13:36:32,-12,Tahap-2
01/10/2025,13,36,32,13:36:32,-84,Tahap-2
01/10/2025,13,36,32,13:36:32,-136,Tahap-2
01/10/2025,13,36,33,13:36:33,-108,Tahap-2
01/10/2025,13,36,33,13:36:33,-172,Tahap-2
01/10/2025,13,36,33,13:36:33,-168,Tahap-2
01/10/2025,13,36,33,13:36:33,-108,Tahap-2
01/10/2025,13,36,33,13:36:33,-16,Tahap-2
01/10/2025,13,36,33,13:36:33,-172,Tahap-2
01/10/2025,13,36,33,13:36:33,-12,Tahap-2
01/10/2025,13,36,33,13:36:33,-76,Tahap-2
01/10/2025,13,36,33,13:36:33,-52,Tahap-2
01/10/2025,13,36,33,13:36:33,-72,Tahap-2
01/10/2025,13,36,34,13:36:34,-116,Tahap-2
01/10/2025,13,36,34,13:36:34,-104,Tahap-2
01/10/2025,13,36,34,13:36:34,-136,Tahap-2
01/10/2025,13,36,34,13:36:34,-188,Tahap-2
01/10/2025,13,36,34,13:36:34,-160,Tahap-2
01/10/2025,13,36,34,13:36:34,-32,Tahap-2
01/10/2025,13,36,34,13:36:34,-124,Tahap-2
01/10/2025,13,36,34,13:36:34,-148,Tahap-2
01/10/2025,13,36,34,13:36:34,-56,Tahap-2
01/10/2025,13,36,34,13:36:34,-124,Tahap-2
01/10/2025,13,36,35,13:36:35,-112,Tahap-2
01/10/2025,13,36,35,13:36:35,-136,Tahap-2
01/10/2025,13,36,35,13:36:35,-140,Tahap-2
01/10/2025,13,36,35,13:36:35,-144,Tahap-2
01/10/2025,13,36,35,13:36:35,-172,Tahap-2
01/10/2025,13,36,35,13:36:35,-208,Tahap-2
01/10/2025,13,36,35,13:36:35,-20,Tahap-2
01/10/2025,13,36,35,13:36:35,-168,Tahap-2
01/10/2025,13,36,35,13:36:35,-164,Tahap-2
01/10/2025,13,36,35,13:36:35,-108,Tahap-2
01/10/2025,13,36,36,13:36:36,-92,Tahap-2
01/10/2025,13,36,36,13:36:36,-172,Tahap-2
01/10/2025,13,36,36,13:36:36,-80,Tahap-2
01/10/2025,13,36,36,13:36:36,-196,Tahap-2
01/10/2025,13,36,36,13:36:36,-128,Tahap-2
01/10/2025,13,36,36,13:36:36,-136,Tahap-2
01/10/2025,13,36,36,13:36:36,-200,Tahap-2
01/10/2025,13,36,36,13:36:36,-36,Tahap-2
01/10/2025,13,36,36,13:36:36,-136,Tahap-2
01/10/2025,13,36,36,13:36:36,-84,Tahap-2
01/10/2025,13,36,37,13:36:37,-68,Tahap-2
01/10/2025,13,36,37,13:36:37,-4,Tahap-2
01/10/2025,13,36,37,13:36:37,-164,Tahap-2
01/10/2025,13,36,37,13:36:37,-32,Tahap-2
01/10/2025,13,36,37,13:36:37,-56,Tahap-2
01/10/2025,13,36,37,13:36:37,-108,Tahap-2
01/10/2025,13,36,37,13:36:37,-128,Tahap-2
01/10/2025,13,36,37,13:36:37,-84,Tahap-2
01/10/2025,13,36,37,13:36:37,-56,Tahap-2
01/10/2025,13,36,37,13:36:37,-100,Tahap-2
01/10/2025,13,36,38,13:36:38,16,Tahap-2
01/10/2025,13,36,38,13:36:38,-40,Tahap-2
01/10/2025,13,36,38,13:36:38,28,Tahap-2
01/10/2025,13,37,2,13:37:02,3675,Tahap-2
01/10/2025,13,37,2,13:37:02,2706,Tahap-2
01/10/2025,13,37,2,13:37:02,1097,Tahap-2
01/10/2025,13,37,2,13:37:02,856,Tahap-2
01/10/2025,13,37,3,13:37:03,638,Tahap-2
01/10/2025,13,37,3,13:37:03,272,Tahap-2
01/10/2025,13,37,3,13:37:03,626,Tahap-2
01/10/2025,13,37,3,13:37:03,434,Tahap-2
01/10/2025,13,37,3,13:37:03,213,Tahap-2
01/10/2025,13,37,3,13:37:03,137,Tahap-2
01/10/2025,13,37,3,13:37:03,79,Tahap-2
01/10/2025,13,37,3,13:37:03,264,Tahap-2
01/10/2025,13,37,3,13:37:03,348,Tahap-2
01/10/2025,13,37,3,13:37:03,297,Tahap-2
01/10/2025,13,37,4,13:37:04,278,Tahap-2
01/10/2025,13,37,4,13:37:04,317,Tahap-2
01/10/2025,13,37,4,13:37:04,197,Tahap-2
01/10/2025,13,37,4,13:37:04,135,Tahap-2
01/10/2025,13,37,4,13:37:04,255,Tahap-2
01/10/2025,13,37,4,13:37:04,122,Tahap-2
01/10/2025,13,37,4,13:37:04,246,Tahap-2
01/10/2025,13,37,4,13:37:04,427,Tahap-2
01/10/2025,13,37,4,13:37:04,86,Tahap-2
01/10/2025,13,37,4,13:37:04,429,Tahap-2
01/10/2025,13,37,5,13:37:05,94,Tahap-2
01/10/2025,13,37,5,13:37:05,98,Tahap-2
01/10/2025,13,37,5,13:37:05,85,Tahap-2
01/10/2025,13,37,5,13:37:05,105,Tahap-2
01/10/2025,13,37,5,13:37:05,152,Tahap-2
01/10/2025,13,37,5,13:37:05,111,Tahap-2
01/10/2025,13,37,5,13:37:05,55,Tahap-2
01/10/2025,13,37,5,13:37:05,84,Tahap-2
01/10/2025,13,37,5,13:37:05,198,Tahap-2
01/10/2025,13,37,5,13:37:05,151,Tahap-2
01/10/2025,13,37,6,13:37:06,83,Tahap-2
01/10/2025,13,37,6,13:37:06,301,Tahap-2
01/10/2025,13,37,6,13:37:06,203,Tahap-2
01/10/2025,13,37,6,13:37:06,223,Tahap-2
01/10/2025,13,37,6,13:37:06,116,Tahap-2
01/10/2025,13,37,6,13:37:06,68,Tahap-2
01/10/2025,13,37,6,13:37:06,173,Tahap-2
01/10/2025,13,37,6,13:37:06,250,Tahap-2
01/10/2025,13,37,6,13:37:06,139,Tahap-2
01/10/2025,13,37,6,13:37:06,278,Tahap-2
01/10/2025,13,37,7,13:37:07,124,Tahap-2
01/10/2025,13,37,7,13:37:07,130,Tahap-2
01/10/2025,13,37,7,13:37:07,171,Tahap-2
01/10/2025,13,37,7,13:37:07,33,Tahap-2
01/10/2025,13,37,7,13:37:07,28,Tahap-2
01/10/2025,13,37,7,13:37:07,152,Tahap-2
01/10/2025,13,37,7,13:37:07,87,Tahap-2
01/10/2025,13,37,7,13:37:07,72,Tahap-2
01/10/2025,13,37,7,13:37:07,54,Tahap-2
01/10/2025,13,37,7,13:37:07,90,Tahap-2
01/10/2025,13,37,8,13:37:08,118,Tahap-2
01/10/2025,13,37,8,13:37:08,53,Tahap-2
01/10/2025,13,37,8,13:37:08,69,Tahap-2
01/10/2025,13,37,8,13:37:08,75,Tahap-2
01/10/2025,13,37,8,13:37:08,71,Tahap-2
01/10/2025,13,37,8,13:37:08,92,Tahap-2
01/10/2025,13,37,8,13:37:08,109,Tahap-2
01/10/2025,13,37,8,13:37:08,38,Tahap-2
01/10/2025,13,37,8,13:37:08,71,Tahap-2
01/10/2025,13,37,8,13:37:08,135,Tahap-2
01/10/2025,13,37,9,13:37:09,84,Tahap-2
01/10/2025,13,37,9,13:37:09,65,Tahap-2
01/10/2025,13,37,9,13:37:09,245,Tahap-2
01/10/2025,13,37,9,13:37:09,552,Tahap-2
01/10/2025,13,37,9,13:37:09,586,Tahap-2
01/10/2025,13,37,9,13:37:09,541,Tahap-2
01/10/2025,13,37,9,13:37:09,250,Tahap-2
01/10/2025,13,37,9,13:37:09,248,Tahap-2
01/10/2025,13,37,9,13:37:09,141,Tahap-2
01/10/2025,13,37,9,13:37:09,106,Tahap-2
01/10/2025,13,37,10,13:37:10,151,Tahap-2
01/10/2025,13,37,10,13:37:10,267,Tahap-2
01/10/2025,13,37,10,13:37:10,70,Tahap-2
01/10/2025,13,37,10,13:37:10,79,Tahap-2
01/10/2025,13,37,10,13:37:10,128,Tahap-2
01/10/2025,13,37,10,13:37:10,101,Tahap-2
01/10/2025,13,37,10,13:37:10,142,Tahap-2
01/10/2025,13,37,10,13:37:10,228,Tahap-2
01/10/2025,13,37,10,13:37:10,100,Tahap-2
01/10/2025,13,37,10,13:37:10,39,Tahap-2
01/10/2025,13,37,11,13:37:11,32,Tahap-2
01/10/2025,13,37,11,13:37:11,136,Tahap-2
01/10/2025,13,37,11,13:37:11,224,Tahap-2
01/10/2025,13,37,11,13:37:11,295,Tahap-2
01/10/2025,13,37,11,13:37:11,878,Tahap-2
01/10/2025,13,37,11,13:37:11,299,Tahap-2
01/10/2025,13,37,11,13:37:11,129,Tahap-2
01/10/2025,13,37,11,13:37:11,186,Tahap-2
01/10/2025,13,37,11,13:37:11,648,Tahap-2
01/10/2025,13,37,11,13:37:11,200,Tahap-2
01/10/2025,13,37,12,13:37:12,34,Tahap-2
01/10/2025,13,37,12,13:37:12,100,Tahap-2
01/10/2025,13,37,12,13:37:12,131,Tahap-2
01/10/2025,13,37,12,13:37:12,138,Tahap-2
01/10/2025,13,37,12,13:37:12,78,Tahap-2
01/10/2025,13,37,12,13:37:12,57,Tahap-2
01/10/2025,13,37,12,13:37:12,69,Tahap-2
01/10/2025,13,37,12,13:37:12,73,Tahap-2
01/10/2025,13,37,12,13:37:12,117,Tahap-2
01/10/2025,13,37,12,13:37:12,119,Tahap-2
01/10/2025,13,37,13,13:37:13,231,Tahap-2
01/10/2025,13,37,13,13:37:13,198,Tahap-2
01/10/2025,13,37,13,13:37:13,194,Tahap-2
01/10/2025,13,37,13,13:37:13,68,Tahap-2
01/10/2025,13,37,13,13:37:13,147,Tahap-2
01/10/2025,13,37,13,13:37:13,323,Tahap-2
01/10/2025,13,37,13,13:37:13,168,Tahap-2
01/10/2025,13,37,13,13:37:13,275,Tahap-2
01/10/2025,13,37,13,13:37:13,45,Tahap-2
01/10/2025,13,37,13,13:37:13,77,Tahap-2
01/10/2025,13,37,14,13:37:14,59,Tahap-2
01/10/2025,13,37,14,13:37:14,269,Tahap-2
01/10/2025,13,37,14,13:37:14,406,Tahap-2
01/10/2025,13,37,14,13:37:14,213,Tahap-2
01/10/2025,13,37,14,13:37:14,112,Tahap-2
01/10/2025,13,37,14,13:37:14,311,Tahap-2
01/10/2025,13,37,14,13:37:14,373,Tahap-2
01/10/2025,13,37,14,13:37:14,361,Tahap-2
01/10/2025,13,37,14,13:37:14,120,Tahap-2
01/10/2025,13,37,14,13:37:14,237,Tahap-2
01/10/2025,13,37,15,13:37:15,127,Tahap-2
01/10/2025,13,37,15,13:37:15,167,Tahap-2
01/10/2025,13,37,15,13:37:15,262,Tahap-2
01/10/2025,13,37,15,13:37:15,24,Tahap-2
01/10/2025,13,37,15,13:37:15,96,Tahap-2
01/10/2025,13,37,15,13:37:15,16,Tahap-2
01/10/2025,13,37,15,13:37:15,272,Tahap-2
01/10/2025,13,37,15,13:37:15,-72,Tahap-2
01/10/2025,13,37,15,13:37:15,136,Tahap-2
01/10/2025,13,37,15,13:37:15,104,Tahap-2
01/10/2025,13,37,16,13:37:16,96,Tahap-2
01/10/2025,13,37,16,13:37:16,184,Tahap-2
01/10/2025,13,37,16,13:37:16,120,Tahap-2
01/10/2025,13,37,16,13:37:16,96,Tahap-2
01/10/2025,13,37,16,13:37:16,136,Tahap-2
01/10/2025,13,37,16,13:37:16,-48,Tahap-2
01/10/2025,13,37,16,13:37:16,-80,Tahap-2
01/10/2025,13,37,16,13:37:16,328,Tahap-2
01/10/2025,13,37,16,13:37:16,160,Tahap-2
01/10/2025,13,37,16,13:37:16,-24,Tahap-2
01/10/2025,13,37,17,13:37:17,248,Tahap-2
01/10/2025,13,37,17,13:37:17,120,Tahap-2
01/10/2025,13,37,17,13:37:17,120,Tahap-2
01/10/2025,13,37,17,13:37:17,168,Tahap-2
01/10/2025,13,37,17,13:37:17,88,Tahap-2
01/10/2025,13,37,17,13:37:17,112,Tahap-2
01/10/2025,13,37,17,13:37:17,136,Tahap-2
01/10/2025,13,37,17,13:37:17,320,Tahap-2
01/10/2025,13,37,17,13:37:17,56,Tahap-2
01/10/2025,13,37,18,13:37:18,88,Tahap-2
01/10/2025,13,37,18,13:37:18,224,Tahap-2
01/10/2025,13,37,18,13:37:18,176,Tahap-2
01/10/2025,13,37,18,13:37:18,80,Tahap-2
01/10/2025,13,37,18,13:37:18,216,Tahap-2
01/10/2025,13,37,18,13:37:18,16,Tahap-2
01/10/2025,13,37,18,13:37:18,32,Tahap-2
01/10/2025,13,37,18,13:37:18,56,Tahap-2
01/10/2025,13,37,18,13:37:18,-8,Tahap-2
01/10/2025,13,37,18,13:37:18,184,Tahap-2
01/10/2025,13,37,19,13:37:19,40,Tahap-2
01/10/2025,13,37,19,13:37:19,136,Tahap-2
01/10/2025,13,37,19,13:37:19,104,Tahap-2
01/10/2025,13,37,19,13:37:19,-96,Tahap-2
01/10/2025,13,37,19,13:37:19,112,Tahap-2
01/10/2025,13,37,19,13:37:19,-88,Tahap-2
01/10/2025,13,37,19,13:37:19,-120,Tahap-2
01/10/2025,13,37,19,13:37:19,-40,Tahap-2
01/10/2025,13,37,19,13:37:19,-16,Tahap-2
01/10/2025,13,37,20,13:37:20,32,Tahap-2
01/10/2025,13,37,20,13:37:20,48,Tahap-2
01/10/2025,13,37,20,13:37:20,24,Tahap-2
01/10/2025,13,37,20,13:37:20,80,Tahap-2
01/10/2025,13,37,20,13:37:20,-96,Tahap-2
01/10/2025,13,37,20,13:37:20,-112,Tahap-2
01/10/2025,13,37,20,13:37:20,-8,Tahap-2
01/10/2025,13,37,20,13:37:20,-144,Tahap-2
01/10/2025,13,37,20,13:37:20,-152,Tahap-2
01/10/2025,13,37,21,13:37:21,-112,Tahap-2
01/10/2025,13,37,21,13:37:21,-32,Tahap-2
01/10/2025,13,37,21,13:37:21,-224,Tahap-2
01/10/2025,13,37,21,13:37:21,-8,Tahap-2
01/10/2025,13,37,21,13:37:21,-24,Tahap-2
01/10/2025,13,37,21,13:37:21,-72,Tahap-2
01/10/2025,13,37,21,13:37:21,-112,Tahap-2
01/10/2025,13,37,21,13:37:21,-272,Tahap-2
01/10/2025,13,37,21,13:37:21,-120,Tahap-2
01/10/2025,13,37,21,13:37:21,-152,Tahap-2
01/10/2025,13,37,22,13:37:22,-424,Tahap-2
01/10/2025,13,37,22,13:37:22,-192,Tahap-2
01/10/2025,13,37,22,13:37:22,-48,Tahap-2
01/10/2025,13,37,22,13:37:22,-440,Tahap-2
01/10/2025,13,37,22,13:37:22,-168,Tahap-2
01/10/2025,13,37,22,13:37:22,-120,Tahap-2
01/10/2025,13,37,22,13:37:22,-232,Tahap-2
01/10/2025,13,37,22,13:37:22,-280,Tahap-2
01/10/2025,13,37,22,13:37:22,-360,Tahap-2
01/10/2025,13,37,22,13:37:22,-320,Tahap-2
01/10/2025,13,37,23,13:37:23,-288,Tahap-2
01/10/2025,13,37,23,13:37:23,-456,Tahap-2
01/10/2025,13,37,23,13:37:23,-424,Tahap-2
01/10/2025,13,37,23,13:37:23,-72,Tahap-2
01/10/2025,13,37,23,13:37:23,-512,Tahap-2
01/10/2025,13,37,23,13:37:23,-376,Tahap-2
01/10/2025,13,37,23,13:37:23,-160,Tahap-2
01/10/2025,13,37,23,13:37:23,-408,Tahap-2
01/10/2025,13,37,23,13:37:23,-440,Tahap-2
01/10/2025,13,37,23,13:37:23,-296,Tahap-2
01/10/2025,13,37,24,13:37:24,-520,Tahap-2
01/10/2025,13,37,24,13:37:24,-344,Tahap-2
01/10/2025,13,37,24,13:37:24,-456,Tahap-2
01/10/2025,13,37,24,13:37:24,-488,Tahap-2
01/10/2025,13,37,24,13:37:24,-336,Tahap-2
01/10/2025,13,37,24,13:37:24,-488,Tahap-2
01/10/2025,13,37,24,13:37:24,-448,Tahap-2
01/10/2025,13,37,24,13:37:24,-232,Tahap-2
01/10/2025,13,37,24,13:37:24,-280,Tahap-2
01/10/2025,13,37,24,13:37:24,-440,Tahap-2
01/10/2025,13,37,25,13:37:25,-304,Tahap-2
01/10/2025,13,37,25,13:37:25,-424,Tahap-2
01/10/2025,13,37,25,13:37:25,-432,Tahap-2
01/10/2025,13,37,25,13:37:25,-392,Tahap-2
01/10/2025,13,37,25,13:37:25,-392,Tahap-2
01/10/2025,13,37,25,13:37:25,-296,Tahap-2
01/10/2025,13,37,25,13:37:25,-504,Tahap-2
01/10/2025,13,37,25,13:37:25,-496,Tahap-2
01/10/2025,13,37,25,13:37:25,-400,Tahap-2
01/10/2025,13,37,25,13:37:25,-176,Tahap-2
01/10/2025,13,37,26,13:37:26,-560,Tahap-2
01/10/2025,13,37,26,13:37:26,-368,Tahap-2
01/10/2025,13,37,26,13:37:26,-456,Tahap-2
01/10/2025,13,37,26,13:37:26,-424,Tahap-2
01/10/2025,13,37,26,13:37:26,-496,Tahap-2
01/10/2025,13,37,26,13:37:26,-400,Tahap-2
01/10/2025,13,37,26,13:37:26,-240,Tahap-2
01/10/2025,13,37,26,13:37:26,-568,Tahap-2
01/10/2025,13,37,26,13:37:26,-256,Tahap-2
01/10/2025,13,37,26,13:37:26,-312,Tahap-2
01/10/2025,13,37,27,13:37:27,-168,Tahap-2
01/10/2025,13,37,27,13:37:27,-328,Tahap-2
01/10/2025,13,37,27,13:37:27,-296,Tahap-2
01/10/2025,13,37,27,13:37:27,-408,Tahap-2
01/10/2025,13,37,27,13:37:27,-448,Tahap-2
01/10/2025,13,37,27,13:37:27,-488,Tahap-2
01/10/2025,13,37,27,13:37:27,-240,Tahap-2
01/10/2025,13,37,27,13:37:27,-368,Tahap-2
01/10/2025,13,37,27,13:37:27,-288,Tahap-2
01/10/2025,13,37,27,13:37:27,-440,Tahap-2
01/10/2025,13,37,28,13:37:28,-248,Tahap-2
01/10/2025,13,37,29,13:37:29,-384,Tahap-2
01/10/2025,13,37,52,13:37:52,1518,Tahap-2
01/10/2025,13,37,52,13:37:52,1735,Tahap-2
01/10/2025,13,37,52,13:37:52,1546,Tahap-2
01/10/2025,13,37,52,13:37:52,637,Tahap-2
01/10/2025,13,37,52,13:37:52,344,Tahap-2
01/10/2025,13,37,53,13:37:53,518,Tahap-2
01/10/2025,13,37,53,13:37:53,50,Tahap-2
01/10/2025,13,37,53,13:37:53,364,Tahap-2
01/10/2025,13,37,53,13:37:53,168,Tahap-2
01/10/2025,13,37,53,13:37:53,199,Tahap-2
01/10/2025,13,37,53,13:37:53,76,Tahap-2
01/10/2025,13,37,53,13:37:53,71,Tahap-2
01/10/2025,13,37,53,13:37:53,295,Tahap-2
01/10/2025,13,37,53,13:37:53,58,Tahap-2
01/10/2025,13,37,53,13:37:53,215,Tahap-2
01/10/2025,13,37,54,13:37:54,46,Tahap-2
01/10/2025,13,37,54,13:37:54,163,Tahap-2
01/10/2025,13,37,54,13:37:54,233,Tahap-2
01/10/2025,13,37,54,13:37:54,186,Tahap-2
01/10/2025,13,37,54,13:37:54,172,Tahap-2
01/10/2025,13,37,54,13:37:54,365,Tahap-2
01/10/2025,13,37,54,13:37:54,227,Tahap-2
01/10/2025,13,37,54,13:37:54,241,Tahap-2
01/10/2025,13,37,54,13:37:54,544,Tahap-2
01/10/2025,13,37,54,13:37:54,227,Tahap-2
01/10/2025,13,37,55,13:37:55,150,Tahap-2
01/10/2025,13,37,55,13:37:55,56,Tahap-2
01/10/2025,13,37,55,13:37:55,34,Tahap-2
01/10/2025,13,37,55,13:37:55,95,Tahap-2
01/10/2025,13,37,55,13:37:55,6,Tahap-2
01/10/2025,13,37,55,13:37:55,135,Tahap-2
01/10/2025,13,37,55,13:37:55,63,Tahap-2
01/10/2025,13,37,55,13:37:55,67,Tahap-2
01/10/2025,13,37,55,13:37:55,114,Tahap-2
01/10/2025,13,37,55,13:37:55,193,Tahap-2
01/10/2025,13,37,56,13:37:56,258,Tahap-2
01/10/2025,13,37,56,13:37:56,118,Tahap-2
01/10/2025,13,37,56,13:37:56,16,Tahap-2
01/10/2025,13,37,56,13:37:56,174,Tahap-2
01/10/2025,13,37,56,13:37:56,226,Tahap-2
01/10/2025,13,37,56,13:37:56,96,Tahap-2
01/10/2025,13,37,56,13:37:56,129,Tahap-2
01/10/2025,13,37,56,13:37:56,42,Tahap-2
01/10/2025,13,37,56,13:37:56,281,Tahap-2
01/10/2025,13,37,56,13:37:56,244,Tahap-2
01/10/2025,13,37,57,13:37:57,146,Tahap-2
01/10/2025,13,37,57,13:37:57,279,Tahap-2
01/10/2025,13,37,57,13:37:57,80,Tahap-2
01/10/2025,13,37,57,13:37:57,67,Tahap-2
01/10/2025,13,37,57,13:37:57,102,Tahap-2
01/10/2025,13,37,57,13:37:57,91,Tahap-2
01/10/2025,13,37,57,13:37:57,70,Tahap-2
01/10/2025,13,37,57,13:37:57,63,Tahap-2
01/10/2025,13,37,57,13:37:57,79,Tahap-2
01/10/2025,13,37,57,13:37:57,45,Tahap-2
01/10/2025,13,37,58,13:37:58,58,Tahap-2
01/10/2025,13,37,59,13:37:59,40,Tahap-2
01/10/2025,13,37,59,13:37:59,51,Tahap-2
01/10/2025,13,37,59,13:37:59,150,Tahap-2
01/10/2025,13,37,59,13:37:59,89,Tahap-2
01/10/2025,13,37,59,13:37:59,75,Tahap-2
01/10/2025,13,37,59,13:37:59,166,Tahap-2
01/10/2025,13,37,59,13:37:59,81,Tahap-2
01/10/2025,13,37,59,13:37:59,134,Tahap-2
01/10/2025,13,37,59,13:37:59,133,Tahap-2
01/10/2025,13,37,59,13:37:59,176,Tahap-2
01/10/2025,13,37,59,13:37:59,342,Tahap-2
01/10/2025,13,37,59,13:37:59,533,Tahap-2
01/10/2025,13,37,59,13:37:59,446,Tahap-2
01/10/2025,13,37,59,13:37:59,601,Tahap-2
01/10/2025,13,37,59,13:37:59,426,Tahap-2
01/10/2025,13,37,59,13:37:59,199,Tahap-2
01/10/2025,13,37,59,13:37:59,283,Tahap-2
01/10/2025,13,37,59,13:37:59,102,Tahap-2
01/10/2025,13,37,59,13:37:59,87,Tahap-2
01/10/2025,13,38,1,13:38:01,247,Tahap-2
01/10/2025,13,38,1,13:38:01,335,Tahap-2
01/10/2025,13,38,1,13:38:01,528,Tahap-2
01/10/2025,13,38,1,13:38:01,873,Tahap-2
01/10/2025,13,38,1,13:38:01,485,Tahap-2
01/10/2025,13,38,1,13:38:01,140,Tahap-2
01/10/2025,13,38,1,13:38:01,148,Tahap-2
01/10/2025,13,38,1,13:38:01,412,Tahap-2
01/10/2025,13,38,1,13:38:01,276,Tahap-2
01/10/2025,13,38,1,13:38:01,48,Tahap-2
01/10/2025,13,38,2,13:38:02,118,Tahap-2
01/10/2025,13,38,2,13:38:02,82,Tahap-2
01/10/2025,13,38,2,13:38:02,153,Tahap-2
01/10/2025,13,38,2,13:38:02,198,Tahap-2
01/10/2025,13,38,2,13:38:02,50,Tahap-2
01/10/2025,13,38,2,13:38:02,235,Tahap-2
01/10/2025,13,38,2,13:38:02,50,Tahap-2
01/10/2025,13,38,2,13:38:02,63,Tahap-2
01/10/2025,13,38,2,13:38:02,111,Tahap-2
01/10/2025,13,38,2,13:38:02,126,Tahap-2
01/10/2025,13,38,3,13:38:03,50,Tahap-2
01/10/2025,13,38,3,13:38:03,94,Tahap-2
01/10/2025,13,38,3,13:38:03,46,Tahap-2
01/10/2025,13,38,3,13:38:03,87,Tahap-2
01/10/2025,13,38,3,13:38:03,162,Tahap-2
01/10/2025,13,38,3,13:38:03,33,Tahap-2
01/10/2025,13,38,3,13:38:03,422,Tahap-2
01/10/2025,13,38,3,13:38:03,270,Tahap-2
01/10/2025,13,38,3,13:38:03,399,Tahap-2
01/10/2025,13,38,3,13:38:03,252,Tahap-2
01/10/2025,13,38,4,13:38:04,183,Tahap-2
01/10/2025,13,38,4,13:38:04,322,Tahap-2
01/10/2025,13,38,4,13:38:04,251,Tahap-2
01/10/2025,13,38,4,13:38:04,263,Tahap-2
01/10/2025,13,38,4,13:38:04,361,Tahap-2
01/10/2025,13,38,4,13:38:04,385,Tahap-2
01/10/2025,13,38,4,13:38:04,281,Tahap-2
01/10/2025,13,38,4,13:38:04,182,Tahap-2
01/10/2025,13,38,4,13:38:04,94,Tahap-2
01/10/2025,13,38,4,13:38:04,35,Tahap-2
01/10/2025,13,38,5,13:38:05,131,Tahap-2
01/10/2025,13,38,5,13:38:05,387,Tahap-2
01/10/2025,13,38,5,13:38:05,184,Tahap-2
01/10/2025,13,38,5,13:38:05,224,Tahap-2
01/10/2025,13,38,5,13:38:05,136,Tahap-2
01/10/2025,13,38,5,13:38:05,112,Tahap-2
01/10/2025,13,38,5,13:38:05,120,Tahap-2
01/10/2025,13,38,5,13:38:05,288,Tahap-2
01/10/2025,13,38,5,13:38:05,152,Tahap-2
01/10/2025,13,38,5,13:38:05,32,Tahap-2
01/10/2025,13,38,6,13:38:06,248,Tahap-2
01/10/2025,13,38,6,13:38:06,-64,Tahap-2
01/10/2025,13,38,6,13:38:06,40,Tahap-2
01/10/2025,13,38,6,13:38:06,-48,Tahap-2
01/10/2025,13,38,6,13:38:06,224,Tahap-2
01/10/2025,13,38,6,13:38:06,-40,Tahap-2
01/10/2025,13,38,6,13:38:06,16,Tahap-2
01/10/2025,13,38,6,13:38:06,144,Tahap-2
01/10/2025,13,38,6,13:38:06,24,Tahap-2
01/10/2025,13,38,6,13:38:06,272,Tahap-2
01/10/2025,13,38,7,13:38:07,-24,Tahap-2
01/10/2025,13,38,7,13:38:07,136,Tahap-2
01/10/2025,13,38,7,13:38:07,24,Tahap-2
01/10/2025,13,38,7,13:38:07,64,Tahap-2
01/10/2025,13,38,7,13:38:07,-80,Tahap-2
01/10/2025,13,38,7,13:38:07,456,Tahap-2
01/10/2025,13,38,7,13:38:07,-56,Tahap-2
01/10/2025,13,38,7,13:38:07,-8,Tahap-2
01/10/2025,13,38,7,13:38:07,240,Tahap-2
01/10/2025,13,38,7,13:38:07,120,Tahap-2
01/10/2025,13,38,8,13:38:08,96,Tahap-2
01/10/2025,13,38,8,13:38:08,160,Tahap-2
01/10/2025,13,38,8,13:38:08,80,Tahap-2
01/10/2025,13,38,8,13:38:08,-32,Tahap-2
01/10/2025,13,38,8,13:38:08,-136,Tahap-2
01/10/2025,13,38,8,13:38:08,-88,Tahap-2
01/10/2025,13,38,8,13:38:08,152,Tahap-2
01/10/2025,13,38,8,13:38:08,128,Tahap-2
01/10/2025,13,38,8,13:38:08,24,Tahap-2
01/10/2025,13,38,8,13:38:08,144,Tahap-2
01/10/2025,13,38,9,13:38:09,16,Tahap-2
01/10/2025,13,38,9,13:38:09,-56,Tahap-2
01/10/2025,13,38,9,13:38:09,104,Tahap-2
01/10/2025,13,38,9,13:38:09,-56,Tahap-2
01/10/2025,13,38,9,13:38:09,104,Tahap-2
01/10/2025,13,38,9,13:38:09,-200,Tahap-2
01/10/2025,13,38,9,13:38:09,64,Tahap-2
01/10/2025,13,38,9,13:38:09,-128,Tahap-2
01/10/2025,13,38,9,13:38:09,-120,Tahap-2
01/10/2025,13,38,9,13:38:09,-120,Tahap-2
01/10/2025,13,38,10,13:38:10,-40,Tahap-2
01/10/2025,13,38,10,13:38:10,72,Tahap-2
01/10/2025,13,38,10,13:38:10,-168,Tahap-2
01/10/2025,13,38,10,13:38:10,32,Tahap-2
01/10/2025,13,38,10,13:38:10,-184,Tahap-2
01/10/2025,13,38,10,13:38:10,-64,Tahap-2
01/10/2025,13,38,10,13:38:10,-224,Tahap-2
01/10/2025,13,38,10,13:38:10,104,Tahap-2
01/10/2025,13,38,10,13:38:10,-232,Tahap-2
01/10/2025,13,38,10,13:38:10,64,Tahap-2
01/10/2025,13,38,11,13:38:11,-96,Tahap-2
01/10/2025,13,38,11,13:38:11,-40,Tahap-2
01/10/2025,13,38,11,13:38:11,32,Tahap-2
01/10/2025,13,38,11,13:38:11,-136,Tahap-2
01/10/2025,13,38,11,13:38:11,56,Tahap-2
01/10/2025,13,38,11,13:38:11,-24,Tahap-2
01/10/2025,13,38,11,13:38:11,-56,Tahap-2
01/10/2025,13,38,11,13:38:11,184,Tahap-2
01/10/2025,13,38,11,13:38:11,-128,Tahap-2
01/10/2025,13,38,12,13:38:12,-104,Tahap-2
01/10/2025,13,38,12,13:38:12,128,Tahap-2
01/10/2025,13,38,12,13:38:12,-16,Tahap-2
01/10/2025,13,38,12,13:38:12,-152,Tahap-2
01/10/2025,13,38,12,13:38:12,104,Tahap-2
01/10/2025,13,38,12,13:38:12,-88,Tahap-2
01/10/2025,13,38,12,13:38:12,-128,Tahap-2
01/10/2025,13,38,12,13:38:12,24,Tahap-2
01/10/2025,13,38,12,13:38:12,-144,Tahap-2
01/10/2025,13,38,12,13:38:12,-32,Tahap-2
01/10/2025,13,38,13,13:38:13,128,Tahap-2
01/10/2025,13,38,13,13:38:13,-208,Tahap-2
01/10/2025,13,38,13,13:38:13,184,Tahap-2
01/10/2025,13,38,13,13:38:13,192,Tahap-2
01/10/2025,13,38,13,13:38:13,-136,Tahap-2
01/10/2025,13,38,13,13:38:13,24,Tahap-2
01/10/2025,13,38,13,13:38:13,56,Tahap-2
01/10/2025,13,38,13,13:38:13,-64,Tahap-2
01/10/2025,13,38,13,13:38:13,72,Tahap-2
01/10/2025,13,38,13,13:38:13,64,Tahap-2
01/10/2025,13,38,14,13:38:14,48,Tahap-2
01/10/2025,13,38,14,13:38:14,176,Tahap-2
01/10/2025,13,38,14,13:38:14,-184,Tahap-2
01/10/2025,13,38,14,13:38:14,144,Tahap-2
01/10/2025,13,38,14,13:38:14,152,Tahap-2
01/10/2025,13,38,14,13:38:14,104,Tahap-2
01/10/2025,13,38,14,13:38:14,-16,Tahap-2
01/10/2025,13,38,14,13:38:14,128,Tahap-2
01/10/2025,13,38,14,13:38:14,-80,Tahap-2
01/10/2025,13,38,14,13:38:14,-104,Tahap-2
01/10/2025,13,38,15,13:38:15,24,Tahap-2
01/10/2025,13,38,15,13:38:15,48,Tahap-2
01/10/2025,13,38,15,13:38:15,192,Tahap-2
01/10/2025,13,38,15,13:38:15,32,Tahap-2
01/10/2025,13,38,15,13:38:15,16,Tahap-2
01/10/2025,13,38,15,13:38:15,200,Tahap-2
01/10/2025,13,38,15,13:38:15,176,Tahap-2
01/10/2025,13,38,15,13:38:15,-120,Tahap-2
01/10/2025,13,38,15,13:38:15,232,Tahap-2
01/10/2025,13,38,15,13:38:15,136,Tahap-2
01/10/2025,13,38,16,13:38:16,-112,Tahap-2
01/10/2025,13,38,16,13:38:16,112,Tahap-2
01/10/2025,13,38,16,13:38:16,168,Tahap-2
01/10/2025,13,38,16,13:38:16,240,Tahap-2
01/10/2025,13,38,16,13:38:16,120,Tahap-2
01/10/2025,13,38,16,13:38:16,112,Tahap-2
01/10/2025,13,38,16,13:38:16,256,Tahap-2
01/10/2025,13,38,16,13:38:16,296,Tahap-2
01/10/2025,13,38,16,13:38:16,120,Tahap-2
01/10/2025,13,38,16,13:38:16,-8,Tahap-2
01/10/2025,13,38,17,13:38:17,256,Tahap-2
01/10/2025,13,38,17,13:38:17,-40,Tahap-2
01/10/2025,13,38,17,13:38:17,80,Tahap-2
01/10/2025,13,38,17,13:38:17,200,Tahap-2
01/10/2025,13,38,17,13:38:17,360,Tahap-2
01/10/2025,13,38,17,13:38:17,32,Tahap-2
01/10/2025,13,38,17,13:38:17,232,Tahap-2
01/10/2025,13,38,17,13:38:17,184,Tahap-2
01/10/2025,13,38,17,13:38:17,216,Tahap-2
01/10/2025,13,38,17,13:38:17,208,Tahap-2
01/10/2025,13,38,18,13:38:18,32,Tahap-2
01/10/2025,13,38,42,13:38:42,1987,Tahap-2
01/10/2025,13,38,42,13:38:42,281,Tahap-2
01/10/2025,13,38,42,13:38:42,533,Tahap-2
01/10/2025,13,38,42,13:38:42,111,Tahap-2
01/10/2025,13,38,42,13:38:42,238,Tahap-2
01/10/2025,13,38,42,13:38:42,264,Tahap-2
01/10/2025,13,38,43,13:38:43,101,Tahap-2
01/10/2025,13,38,43,13:38:43,16,Tahap-2
01/10/2025,13,38,43,13:38:43,166,Tahap-2
01/10/2025,13,38,43,13:38:43,404,Tahap-2
01/10/2025,13,38,43,13:38:43,81,Tahap-2
01/10/2025,13,38,43,13:38:43,385,Tahap-2
01/10/2025,13,38,43,13:38:43,142,Tahap-2
01/10/2025,13,38,43,13:38:43,131,Tahap-2
01/10/2025,13,38,43,13:38:43,30,Tahap-2
01/10/2025,13,38,43,13:38:43,75,Tahap-2
01/10/2025,13,38,44,13:38:44,12,Tahap-2
01/10/2025,13,38,44,13:38:44,55,Tahap-2
01/10/2025,13,38,44,13:38:44,170,Tahap-2
01/10/2025,13,38,44,13:38:44,119,Tahap-2
01/10/2025,13,38,44,13:38:44,98,Tahap-2
01/10/2025,13,38,44,13:38:44,369,Tahap-2
01/10/2025,13,38,44,13:38:44,59,Tahap-2
01/10/2025,13,38,44,13:38:44,530,Tahap-2
01/10/2025,13,38,44,13:38:44,150,Tahap-2
01/10/2025,13,38,44,13:38:44,256,Tahap-2
01/10/2025,13,38,45,13:38:45,104,Tahap-2
01/10/2025,13,38,45,13:38:45,96,Tahap-2
01/10/2025,13,38,45,13:38:45,55,Tahap-2
01/10/2025,13,38,45,13:38:45,80,Tahap-2
01/10/2025,13,38,45,13:38:45,108,Tahap-2
01/10/2025,13,38,45,13:38:45,64,Tahap-2
01/10/2025,13,38,45,13:38:45,68,Tahap-2
01/10/2025,13,38,45,13:38:45,112,Tahap-2
01/10/2025,13,38,45,13:38:45,88,Tahap-2
01/10/2025,13,38,45,13:38:45,81,Tahap-2
01/10/2025,13,38,46,13:38:46,27,Tahap-2
01/10/2025,13,38,46,13:38:46,101,Tahap-2
01/10/2025,13,38,46,13:38:46,116,Tahap-2
01/10/2025,13,38,46,13:38:46,146,Tahap-2
01/10/2025,13,38,46,13:38:46,32,Tahap-2
01/10/2025,13,38,46,13:38:46,97,Tahap-2
01/10/2025,13,38,46,13:38:46,81,Tahap-2
01/10/2025,13,38,46,13:38:46,275,Tahap-2
01/10/2025,13,38,46,13:38:46,145,Tahap-2
01/10/2025,13,38,46,13:38:46,193,Tahap-2
01/10/2025,13,38,47,13:38:47,145,Tahap-2
01/10/2025,13,38,47,13:38:47,144,Tahap-2
01/10/2025,13,38,47,13:38:47,126,Tahap-2
01/10/2025,13,38,47,13:38:47,104,Tahap-2
01/10/2025,13,38,47,13:38:47,54,Tahap-2
01/10/2025,13,38,47,13:38:47,46,Tahap-2
01/10/2025,13,38,47,13:38:47,116,Tahap-2
01/10/2025,13,38,47,13:38:47,51,Tahap-2
01/10/2025,13,38,47,13:38:47,96,Tahap-2
01/10/2025,13,38,47,13:38:47,40,Tahap-2
01/10/2025,13,38,48,13:38:48,92,Tahap-2
01/10/2025,13,38,48,13:38:48,111,Tahap-2
01/10/2025,13,38,48,13:38:48,52,Tahap-2
01/10/2025,13,38,48,13:38:48,34,Tahap-2
01/10/2025,13,38,48,13:38:48,38,Tahap-2
01/10/2025,13,38,48,13:38:48,72,Tahap-2
01/10/2025,13,38,48,13:38:48,52,Tahap-2
01/10/2025,13,38,48,13:38:48,48,Tahap-2
01/10/2025,13,38,48,13:38:48,288,Tahap-2
01/10/2025,13,38,48,13:38:48,124,Tahap-2
01/10/2025,13,38,49,13:38:49,14,Tahap-2
01/10/2025,13,38,49,13:38:49,387,Tahap-2
01/10/2025,13,38,49,13:38:49,402,Tahap-2
01/10/2025,13,38,49,13:38:49,606,Tahap-2
01/10/2025,13,38,49,13:38:49,196,Tahap-2
01/10/2025,13,38,49,13:38:49,31,Tahap-2
01/10/2025,13,38,49,13:38:49,157,Tahap-2
01/10/2025,13,38,49,13:38:49,272,Tahap-2
01/10/2025,13,38,49,13:38:49,146,Tahap-2
01/10/2025,13,38,49,13:38:49,74,Tahap-2
01/10/2025,13,38,50,13:38:50,172,Tahap-2
01/10/2025,13,38,50,13:38:50,134,Tahap-2
01/10/2025,13,38,50,13:38:50,170,Tahap-2
01/10/2025,13,38,50,13:38:50,156,Tahap-2
01/10/2025,13,38,50,13:38:50,267,Tahap-2
01/10/2025,13,38,50,13:38:50,59,Tahap-2
01/10/2025,13,38,50,13:38:50,184,Tahap-2
01/10/2025,13,38,50,13:38:50,230,Tahap-2
01/10/2025,13,38,50,13:38:50,292,Tahap-2
01/10/2025,13,38,50,13:38:50,121,Tahap-2
01/10/2025,13,38,51,13:38:51,213,Tahap-2
01/10/2025,13,38,51,13:38:51,424,Tahap-2
01/10/2025,13,38,51,13:38:51,1005,Tahap-2
01/10/2025,13,38,51,13:38:51,275,Tahap-2
01/10/2025,13,38,51,13:38:51,210,Tahap-2
01/10/2025,13,38,51,13:38:51,190,Tahap-2
01/10/2025,13,38,51,13:38:51,649,Tahap-2
01/10/2025,13,38,51,13:38:51,570,Tahap-2
01/10/2025,13,38,51,13:38:51,218,Tahap-2
01/10/2025,13,38,51,13:38:51,137,Tahap-2
01/10/2025,13,38,52,13:38:52,11,Tahap-2
01/10/2025,13,38,52,13:38:52,138,Tahap-2
01/10/2025,13,38,52,13:38:52,52,Tahap-2
01/10/2025,13,38,52,13:38:52,181,Tahap-2
01/10/2025,13,38,52,13:38:52,46,Tahap-2
01/10/2025,13,38,52,13:38:52,166,Tahap-2
01/10/2025,13,38,52,13:38:52,62,Tahap-2
01/10/2025,13,38,52,13:38:52,45,Tahap-2
01/10/2025,13,38,52,13:38:52,142,Tahap-2
01/10/2025,13,38,52,13:38:52,120,Tahap-2
01/10/2025,13,38,53,13:38:53,128,Tahap-2
01/10/2025,13,38,53,13:38:53,301,Tahap-2
01/10/2025,13,38,53,13:38:53,169,Tahap-2
01/10/2025,13,38,53,13:38:53,92,Tahap-2
01/10/2025,13,38,53,13:38:53,87,Tahap-2
01/10/2025,13,38,53,13:38:53,220,Tahap-2
01/10/2025,13,38,53,13:38:53,202,Tahap-2
01/10/2025,13,38,53,13:38:53,231,Tahap-2
01/10/2025,13,38,53,13:38:53,135,Tahap-2
01/10/2025,13,38,53,13:38:53,338,Tahap-2
01/10/2025,13,38,54,13:38:54,547,Tahap-2
01/10/2025,13,38,54,13:38:54,62,Tahap-2
01/10/2025,13,38,54,13:38:54,101,Tahap-2
01/10/2025,13,38,54,13:38:54,300,Tahap-2
01/10/2025,13,38,54,13:38:54,115,Tahap-2
01/10/2025,13,38,54,13:38:54,114,Tahap-2
01/10/2025,13,38,54,13:38:54,470,Tahap-2
01/10/2025,13,38,54,13:38:54,198,Tahap-2
01/10/2025,13,38,54,13:38:54,91,Tahap-2
01/10/2025,13,38,54,13:38:54,92,Tahap-2
01/10/2025,13,38,55,13:38:55,399,Tahap-2
01/10/2025,13,38,55,13:38:55,192,Tahap-2
01/10/2025,13,38,55,13:38:55,-56,Tahap-2
01/10/2025,13,38,55,13:38:55,-80,Tahap-2
01/10/2025,13,38,55,13:38:55,-24,Tahap-2
01/10/2025,13,38,55,13:38:55,-48,Tahap-2
01/10/2025,13,38,55,13:38:55,-216,Tahap-2
01/10/2025,13,38,55,13:38:55,-32,Tahap-2
01/10/2025,13,38,55,13:38:55,-160,Tahap-2
01/10/2025,13,38,55,13:38:55,-144,Tahap-2
01/10/2025,13,38,56,13:38:56,-176,Tahap-2
01/10/2025,13,38,56,13:38:56,-176,Tahap-2
01/10/2025,13,38,56,13:38:56,-56,Tahap-2
01/10/2025,13,38,56,13:38:56,-176,Tahap-2
01/10/2025,13,38,56,13:38:56,-104,Tahap-2
01/10/2025,13,38,56,13:38:56,-152,Tahap-2
01/10/2025,13,38,56,13:38:56,104,Tahap-2
01/10/2025,13,38,56,13:38:56,-120,Tahap-2
01/10/2025,13,38,56,13:38:56,-168,Tahap-2
01/10/2025,13,38,56,13:38:56,-72,Tahap-2
01/10/2025,13,38,57,13:38:57,-104,Tahap-2
01/10/2025,13,38,57,13:38:57,-160,Tahap-2
01/10/2025,13,38,57,13:38:57,-56,Tahap-2
01/10/2025,13,38,57,13:38:57,-8,Tahap-2
01/10/2025,13,38,57,13:38:57,-256,Tahap-2
01/10/2025,13,38,57,13:38:57,56,Tahap-2
01/10/2025,13,38,57,13:38:57,-64,Tahap-2
01/10/2025,13,38,57,13:38:57,40,Tahap-2
01/10/2025,13,38,57,13:38:57,-112,Tahap-2
01/10/2025,13,38,57,13:38:57,-72,Tahap-2
01/10/2025,13,38,58,13:38:58,-120,Tahap-2
01/10/2025,13,38,59,13:38:59,8,Tahap-2
01/10/2025,13,38,59,13:38:59,-264,Tahap-2
01/10/2025,13,38,59,13:38:59,8,Tahap-2
01/10/2025,13,38,59,13:38:59,32,Tahap-2
01/10/2025,13,38,59,13:38:59,-192,Tahap-2
01/10/2025,13,38,59,13:38:59,-56,Tahap-2
01/10/2025,13,38,59,13:38:59,64,Tahap-2
01/10/2025,13,38,59,13:38:59,-240,Tahap-2
01/10/2025,13,38,59,13:38:59,-80,Tahap-2
01/10/2025,13,38,59,13:38:59,-112,Tahap-2
01/10/2025,13,38,59,13:38:59,-328,Tahap-2
01/10/2025,13,38,59,13:38:59,-112,Tahap-2
01/10/2025,13,38,59,13:38:59,-256,Tahap-2
01/10/2025,13,38,59,13:38:59,-192,Tahap-2
01/10/2025,13,38,59,13:38:59,24,Tahap-2
01/10/2025,13,38,59,13:38:59,-384,Tahap-2
01/10/2025,13,38,59,13:38:59,-104,Tahap-2
01/10/2025,13,38,59,13:38:59,-16,Tahap-2
01/10/2025,13,38,59,13:38:59,-64,Tahap-2
01/10/2025,13,39,1,13:39:01,16,Tahap-2
01/10/2025,13,39,1,13:39:01,-216,Tahap-2
01/10/2025,13,39,1,13:39:01,-48,Tahap-2
01/10/2025,13,39,1,13:39:01,-120,Tahap-2
01/10/2025,13,39,1,13:39:01,-192,Tahap-2
01/10/2025,13,39,1,13:39:01,-208,Tahap-2
01/10/2025,13,39,1,13:39:01,-64,Tahap-2
01/10/2025,13,39,1,13:39:01,-96,Tahap-2
01/10/2025,13,39,1,13:39:01,-264,Tahap-2
01/10/2025,13,39,1,13:39:01,-72,Tahap-2
01/10/2025,13,39,2,13:39:02,-168,Tahap-2
01/10/2025,13,39,2,13:39:02,-24,Tahap-2
01/10/2025,13,39,2,13:39:02,-120,Tahap-2
01/10/2025,13,39,2,13:39:02,-88,Tahap-2
01/10/2025,13,39,2,13:39:02,-160,Tahap-2
01/10/2025,13,39,2,13:39:02,-88,Tahap-2
01/10/2025,13,39,2,13:39:02,-248,Tahap-2
01/10/2025,13,39,2,13:39:02,-8,Tahap-2
01/10/2025,13,39,2,13:39:02,-200,Tahap-2
01/10/2025,13,39,3,13:39:03,112,Tahap-2
01/10/2025,13,39,3,13:39:03,-88,Tahap-2
01/10/2025,13,39,3,13:39:03,-8,Tahap-2
01/10/2025,13,39,3,13:39:03,72,Tahap-2
01/10/2025,13,39,3,13:39:03,-48,Tahap-2
01/10/2025,13,39,3,13:39:03,-8,Tahap-2
01/10/2025,13,39,3,13:39:03,32,Tahap-2
01/10/2025,13,39,3,13:39:03,-200,Tahap-2
01/10/2025,13,39,3,13:39:03,-24,Tahap-2
01/10/2025,13,39,3,13:39:03,168,Tahap-2
01/10/2025,13,39,4,13:39:04,-280,Tahap-2
01/10/2025,13,39,4,13:39:04,88,Tahap-2
01/10/2025,13,39,4,13:39:04,64,Tahap-2
01/10/2025,13,39,4,13:39:04,-56,Tahap-2
01/10/2025,13,39,4,13:39:04,16,Tahap-2
01/10/2025,13,39,4,13:39:04,-160,Tahap-2
01/10/2025,13,39,4,13:39:04,-88,Tahap-2
01/10/2025,13,39,4,13:39:04,-160,Tahap-2
01/10/2025,13,39,4,13:39:04,-32,Tahap-2
01/10/2025,13,39,5,13:39:05,176,Tahap-2
01/10/2025,13,39,5,13:39:05,-136,Tahap-2
01/10/2025,13,39,5,13:39:05,80,Tahap-2
01/10/2025,13,39,5,13:39:05,208,Tahap-2
01/10/2025,13,39,5,13:39:05,112,Tahap-2
01/10/2025,13,39,5,13:39:05,80,Tahap-2
01/10/2025,13,39,5,13:39:05,296,Tahap-2
01/10/2025,13,39,5,13:39:05,-144,Tahap-2
01/10/2025,13,39,5,13:39:05,192,Tahap-2
01/10/2025,13,39,5,13:39:05,96,Tahap-2
01/10/2025,13,39,6,13:39:06,32,Tahap-2
01/10/2025,13,39,6,13:39:06,184,Tahap-2
01/10/2025,13,39,6,13:39:06,344,Tahap-2
01/10/2025,13,39,6,13:39:06,-40,Tahap-2
01/10/2025,13,39,6,13:39:06,296,Tahap-2
01/10/2025,13,39,6,13:39:06,184,Tahap-2
01/10/2025,13,39,6,13:39:06,24,Tahap-2
01/10/2025,13,39,6,13:39:06,96,Tahap-2
01/10/2025,13,39,6,13:39:06,176,Tahap-2
01/10/2025,13,39,6,13:39:06,-88,Tahap-2
01/10/2025,13,39,7,13:39:07,232,Tahap-2
01/10/2025,13,39,7,13:39:07,-72,Tahap-2
01/10/2025,13,39,7,13:39:07,56,Tahap-2
01/10/2025,13,39,7,13:39:07,248,Tahap-2
01/10/2025,13,39,7,13:39:07,240,Tahap-2
01/10/2025,13,39,7,13:39:07,-24,Tahap-2
01/10/2025,13,39,7,13:39:07,288,Tahap-2
01/10/2025,13,39,7,13:39:07,176,Tahap-2
01/10/2025,13,39,7,13:39:07,-48,Tahap-2
01/10/2025,13,39,7,13:39:07,224,Tahap-2
01/10/2025,13,39,32,13:39:32,4875,Tahap-2
01/10/2025,13,39,32,13:39:32,1885,Tahap-2
01/10/2025,13,39,32,13:39:32,1276,Tahap-2
01/10/2025,13,39,32,13:39:32,688,Tahap-2
01/10/2025,13,39,32,13:39:32,1242,Tahap-2
01/10/2025,13,39,32,13:39:32,385,Tahap-2
01/10/2025,13,39,32,13:39:32,543,Tahap-2
01/10/2025,13,39,33,13:39:33,477,Tahap-2
01/10/2025,13,39,33,13:39:33,414,Tahap-2
01/10/2025,13,39,33,13:39:33,250,Tahap-2
01/10/2025,13,39,33,13:39:33,403,Tahap-2
01/10/2025,13,39,33,13:39:33,260,Tahap-2
01/10/2025,13,39,33,13:39:33,261,Tahap-2
01/10/2025,13,39,33,13:39:33,258,Tahap-2
01/10/2025,13,39,33,13:39:33,305,Tahap-2
01/10/2025,13,39,33,13:39:33,197,Tahap-2
01/10/2025,13,39,33,13:39:33,210,Tahap-2
01/10/2025,13,39,34,13:39:34,280,Tahap-2
01/10/2025,13,39,34,13:39:34,271,Tahap-2
01/10/2025,13,39,34,13:39:34,124,Tahap-2
01/10/2025,13,39,34,13:39:34,196,Tahap-2
01/10/2025,13,39,34,13:39:34,423,Tahap-2
01/10/2025,13,39,34,13:39:34,246,Tahap-2
01/10/2025,13,39,34,13:39:34,537,Tahap-2
01/10/2025,13,39,34,13:39:34,133,Tahap-2
01/10/2025,13,39,34,13:39:34,102,Tahap-2
01/10/2025,13,39,34,13:39:34,129,Tahap-2
01/10/2025,13,39,35,13:39:35,153,Tahap-2
01/10/2025,13,39,35,13:39:35,49,Tahap-2
01/10/2025,13,39,35,13:39:35,11,Tahap-2
01/10/2025,13,39,35,13:39:35,80,Tahap-2
01/10/2025,13,39,35,13:39:35,120,Tahap-2
01/10/2025,13,39,35,13:39:35,162,Tahap-2
01/10/2025,13,39,35,13:39:35,54,Tahap-2
01/10/2025,13,39,35,13:39:35,203,Tahap-2
01/10/2025,13,39,35,13:39:35,256,Tahap-2
01/10/2025,13,39,35,13:39:35,48,Tahap-2
01/10/2025,13,39,36,13:39:36,96,Tahap-2
01/10/2025,13,39,36,13:39:36,103,Tahap-2
01/10/2025,13,39,36,13:39:36,97,Tahap-2
01/10/2025,13,39,36,13:39:36,80,Tahap-2
01/10/2025,13,39,36,13:39:36,100,Tahap-2
01/10/2025,13,39,36,13:39:36,93,Tahap-2
01/10/2025,13,39,36,13:39:36,197,Tahap-2
01/10/2025,13,39,36,13:39:36,296,Tahap-2
01/10/2025,13,39,36,13:39:36,186,Tahap-2
01/10/2025,13,39,36,13:39:36,149,Tahap-2
01/10/2025,13,39,37,13:39:37,178,Tahap-2
01/10/2025,13,39,37,13:39:37,73,Tahap-2
01/10/2025,13,39,37,13:39:37,78,Tahap-2
01/10/2025,13,39,37,13:39:37,55,Tahap-2
01/10/2025,13,39,37,13:39:37,94,Tahap-2
01/10/2025,13,39,37,13:39:37,129,Tahap-2
01/10/2025,13,39,37,13:39:37,84,Tahap-2
01/10/2025,13,39,37,13:39:37,99,Tahap-2
01/10/2025,13,39,37,13:39:37,124,Tahap-2
01/10/2025,13,39,37,13:39:37,35,Tahap-2
01/10/2025,13,39,38,13:39:38,91,Tahap-2
01/10/2025,13,39,38,13:39:38,55,Tahap-2
01/10/2025,13,39,38,13:39:38,29,Tahap-2
01/10/2025,13,39,38,13:39:38,99,Tahap-2
01/10/2025,13,39,38,13:39:38,116,Tahap-2
01/10/2025,13,39,38,13:39:38,28,Tahap-2
01/10/2025,13,39,38,13:39:38,161,Tahap-2
01/10/2025,13,39,38,13:39:38,124,Tahap-2
01/10/2025,13,39,38,13:39:38,120,Tahap-2
01/10/2025,13,39,38,13:39:38,294,Tahap-2
01/10/2025,13,39,39,13:39:39,258,Tahap-2
01/10/2025,13,39,39,13:39:39,214,Tahap-2
01/10/2025,13,39,39,13:39:39,668,Tahap-2
01/10/2025,13,39,39,13:39:39,198,Tahap-2
01/10/2025,13,39,39,13:39:39,279,Tahap-2
01/10/2025,13,39,39,13:39:39,198,Tahap-2
01/10/2025,13,39,39,13:39:39,16,Tahap-2
01/10/2025,13,39,39,13:39:39,144,Tahap-2
01/10/2025,13,39,39,13:39:39,193,Tahap-2
01/10/2025,13,39,39,13:39:39,112,Tahap-2
01/10/2025,13,39,40,13:39:40,123,Tahap-2
01/10/2025,13,39,40,13:39:40,51,Tahap-2
01/10/2025,13,39,40,13:39:40,72,Tahap-2
01/10/2025,13,39,40,13:39:40,93,Tahap-2
01/10/2025,13,39,40,13:39:40,168,Tahap-2
01/10/2025,13,39,40,13:39:40,102,Tahap-2
01/10/2025,13,39,40,13:39:40,42,Tahap-2
01/10/2025,13,39,40,13:39:40,99,Tahap-2
01/10/2025,13,39,40,13:39:40,125,Tahap-2
01/10/2025,13,39,40,13:39:40,130,Tahap-2
01/10/2025,13,39,41,13:39:41,567,Tahap-2
01/10/2025,13,39,41,13:39:41,980,Tahap-2
01/10/2025,13,39,41,13:39:41,269,Tahap-2
01/10/2025,13,39,41,13:39:41,141,Tahap-2
01/10/2025,13,39,41,13:39:41,188,Tahap-2
01/10/2025,13,39,41,13:39:41,677,Tahap-2
01/10/2025,13,39,41,13:39:41,410,Tahap-2
01/10/2025,13,39,41,13:39:41,175,Tahap-2
01/10/2025,13,39,41,13:39:41,254,Tahap-2
01/10/2025,13,39,41,13:39:41,234,Tahap-2
01/10/2025,13,39,42,13:39:42,15,Tahap-2
01/10/2025,13,39,42,13:39:42,221,Tahap-2
01/10/2025,13,39,42,13:39:42,136,Tahap-2
01/10/2025,13,39,42,13:39:42,114,Tahap-2
01/10/2025,13,39,42,13:39:42,17,Tahap-2
01/10/2025,13,39,42,13:39:42,123,Tahap-2
01/10/2025,13,39,42,13:39:42,144,Tahap-2
01/10/2025,13,39,42,13:39:42,111,Tahap-2
01/10/2025,13,39,42,13:39:42,161,Tahap-2
01/10/2025,13,39,42,13:39:42,137,Tahap-2
01/10/2025,13,39,43,13:39:43,151,Tahap-2
01/10/2025,13,39,43,13:39:43,108,Tahap-2
01/10/2025,13,39,43,13:39:43,65,Tahap-2
01/10/2025,13,39,43,13:39:43,93,Tahap-2
01/10/2025,13,39,43,13:39:43,83,Tahap-2
01/10/2025,13,39,43,13:39:43,202,Tahap-2
01/10/2025,13,39,43,13:39:43,290,Tahap-2
01/10/2025,13,39,43,13:39:43,166,Tahap-2
01/10/2025,13,39,43,13:39:43,95,Tahap-2
01/10/2025,13,39,43,13:39:43,671,Tahap-2
01/10/2025,13,39,44,13:39:44,413,Tahap-2
01/10/2025,13,39,44,13:39:44,174,Tahap-2
01/10/2025,13,39,44,13:39:44,104,Tahap-2
01/10/2025,13,39,44,13:39:44,220,Tahap-2
01/10/2025,13,39,44,13:39:44,210,Tahap-2
01/10/2025,13,39,44,13:39:44,266,Tahap-2
01/10/2025,13,39,44,13:39:44,175,Tahap-2
01/10/2025,13,39,44,13:39:44,123,Tahap-2
01/10/2025,13,39,44,13:39:44,124,Tahap-2
01/10/2025,13,39,44,13:39:44,211,Tahap-2
01/10/2025,13,39,45,13:39:45,12,Tahap-2
01/10/2025,13,39,45,13:39:45,36,Tahap-2
01/10/2025,13,39,45,13:39:45,52,Tahap-2
01/10/2025,13,39,45,13:39:45,16,Tahap-2
01/10/2025,13,39,45,13:39:45,76,Tahap-2
01/10/2025,13,39,45,13:39:45,64,Tahap-2
01/10/2025,13,39,45,13:39:45,36,Tahap-2
01/10/2025,13,39,45,13:39:45,116,Tahap-2
01/10/2025,13,39,45,13:39:45,76,Tahap-2
01/10/2025,13,39,45,13:39:45,36,Tahap-2
01/10/2025,13,39,46,13:39:46,44,Tahap-2
01/10/2025,13,39,46,13:39:46,64,Tahap-2
01/10/2025,13,39,46,13:39:46,84,Tahap-2
01/10/2025,13,39,46,13:39:46,172,Tahap-2
01/10/2025,13,39,46,13:39:46,100,Tahap-2
01/10/2025,13,39,46,13:39:46,104,Tahap-2
01/10/2025,13,39,46,13:39:46,72,Tahap-2
01/10/2025,13,39,46,13:39:46,60,Tahap-2
01/10/2025,13,39,46,13:39:46,56,Tahap-2
01/10/2025,13,39,47,13:39:47,96,Tahap-2
01/10/2025,13,39,47,13:39:47,-16,Tahap-2
01/10/2025,13,39,47,13:39:47,116,Tahap-2
01/10/2025,13,39,47,13:39:47,120,Tahap-2
01/10/2025,13,39,47,13:39:47,-12,Tahap-2
01/10/2025,13,39,47,13:39:47,140,Tahap-2
01/10/2025,13,39,47,13:39:47,124,Tahap-2
01/10/2025,13,39,47,13:39:47,40,Tahap-2
01/10/2025,13,39,47,13:39:47,84,Tahap-2
01/10/2025,13,39,47,13:39:47,48,Tahap-2
01/10/2025,13,39,48,13:39:48,-12,Tahap-2
01/10/2025,13,39,48,13:39:48,56,Tahap-2
01/10/2025,13,39,48,13:39:48,-4,Tahap-2
01/10/2025,13,39,48,13:39:48,24,Tahap-2
01/10/2025,13,39,48,13:39:48,124,Tahap-2
01/10/2025,13,39,48,13:39:48,-44,Tahap-2
01/10/2025,13,39,48,13:39:48,64,Tahap-2
01/10/2025,13,39,48,13:39:48,184,Tahap-2
01/10/2025,13,39,48,13:39:48,16,Tahap-2
01/10/2025,13,39,48,13:39:48,8,Tahap-2
01/10/2025,13,39,49,13:39:49,96,Tahap-2
01/10/2025,13,39,49,13:39:49,-4,Tahap-2
01/10/2025,13,39,49,13:39:49,100,Tahap-2
01/10/2025,13,39,49,13:39:49,64,Tahap-2
01/10/2025,13,39,49,13:39:49,60,Tahap-2
01/10/2025,13,39,49,13:39:49,168,Tahap-2
01/10/2025,13,39,49,13:39:49,28,Tahap-2
01/10/2025,13,39,49,13:39:49,100,Tahap-2
01/10/2025,13,39,49,13:39:49,164,Tahap-2
01/10/2025,13,39,49,13:39:49,160,Tahap-2
01/10/2025,13,39,50,13:39:50,76,Tahap-2
01/10/2025,13,39,50,13:39:50,140,Tahap-2
01/10/2025,13,39,50,13:39:50,76,Tahap-2
01/10/2025,13,39,50,13:39:50,112,Tahap-2
01/10/2025,13,39,50,13:39:50,116,Tahap-2
01/10/2025,13,39,50,13:39:50,148,Tahap-2
01/10/2025,13,39,50,13:39:50,192,Tahap-2
01/10/2025,13,39,50,13:39:50,140,Tahap-2
01/10/2025,13,39,50,13:39:50,136,Tahap-2
01/10/2025,13,39,50,13:39:50,156,Tahap-2
01/10/2025,13,39,51,13:39:51,212,Tahap-2
01/10/2025,13,39,51,13:39:51,116,Tahap-2
01/10/2025,13,39,51,13:39:51,156,Tahap-2
01/10/2025,13,39,51,13:39:51,96,Tahap-2
01/10/2025,13,39,51,13:39:51,132,Tahap-2
01/10/2025,13,39,51,13:39:51,68,Tahap-2
01/10/2025,13,39,51,13:39:51,224,Tahap-2
01/10/2025,13,39,51,13:39:51,124,Tahap-2
01/10/2025,13,39,51,13:39:51,120,Tahap-2
01/10/2025,13,39,51,13:39:51,212,Tahap-2
01/10/2025,13,39,52,13:39:52,156,Tahap-2
01/10/2025,13,39,52,13:39:52,164,Tahap-2
01/10/2025,13,39,52,13:39:52,188,Tahap-2
01/10/2025,13,39,52,13:39:52,116,Tahap-2
01/10/2025,13,39,52,13:39:52,112,Tahap-2
01/10/2025,13,39,52,13:39:52,76,Tahap-2
01/10/2025,13,39,52,13:39:52,48,Tahap-2
01/10/2025,13,39,52,13:39:52,180,Tahap-2
01/10/2025,13,39,52,13:39:52,132,Tahap-2
01/10/2025,13,39,52,13:39:52,44,Tahap-2
01/10/2025,13,39,53,13:39:53,208,Tahap-2
01/10/2025,13,39,53,13:39:53,160,Tahap-2
01/10/2025,13,39,53,13:39:53,128,Tahap-2
01/10/2025,13,39,53,13:39:53,188,Tahap-2
01/10/2025,13,39,53,13:39:53,140,Tahap-2
01/10/2025,13,39,53,13:39:53,76,Tahap-2
01/10/2025,13,39,53,13:39:53,152,Tahap-2
01/10/2025,13,39,53,13:39:53,72,Tahap-2
01/10/2025,13,39,53,13:39:53,160,Tahap-2
01/10/2025,13,39,53,13:39:53,272,Tahap-2
01/10/2025,13,39,54,13:39:54,64,Tahap-2
01/10/2025,13,39,54,13:39:54,220,Tahap-2
01/10/2025,13,39,54,13:39:54,212,Tahap-2
01/10/2025,13,39,54,13:39:54,124,Tahap-2
01/10/2025,13,39,54,13:39:54,176,Tahap-2
01/10/2025,13,39,54,13:39:54,228,Tahap-2
01/10/2025,13,39,54,13:39:54,128,Tahap-2
01/10/2025,13,39,54,13:39:54,164,Tahap-2
01/10/2025,13,39,54,13:39:54,152,Tahap-2
01/10/2025,13,39,54,13:39:54,128,Tahap-2
01/10/2025,13,39,55,13:39:55,284,Tahap-2
01/10/2025,13,39,55,13:39:55,140,Tahap-2
01/10/2025,13,39,55,13:39:55,132,Tahap-2
01/10/2025,13,39,55,13:39:55,256,Tahap-2
01/10/2025,13,39,55,13:39:55,144,Tahap-2
01/10/2025,13,39,55,13:39:55,156,Tahap-2
01/10/2025,13,39,55,13:39:55,224,Tahap-2
01/10/2025,13,39,55,13:39:55,168,Tahap-2
01/10/2025,13,39,55,13:39:55,132,Tahap-2
01/10/2025,13,39,55,13:39:55,144,Tahap-2
01/10/2025,13,39,56,13:39:56,128,Tahap-2
01/10/2025,13,39,56,13:39:56,228,Tahap-2
01/10/2025,13,39,56,13:39:56,148,Tahap-2
01/10/2025,13,39,56,13:39:56,200,Tahap-2
01/10/2025,13,39,56,13:39:56,200,Tahap-2
01/10/2025,13,39,56,13:39:56,228,Tahap-2
01/10/2025,13,39,56,13:39:56,76,Tahap-2
01/10/2025,13,39,56,13:39:56,196,Tahap-2
01/10/2025,13,39,56,13:39:56,188,Tahap-2
01/10/2025,13,39,56,13:39:56,112,Tahap-2
01/10/2025,13,39,57,13:39:57,108,Tahap-2
01/10/2025,13,39,57,13:39:57,180,Tahap-2
01/10/2025,13,39,57,13:39:57,160,Tahap-2
01/10/2025,13,39,57,13:39:57,144,Tahap-2
01/10/2025,13,39,57,13:39:57,196,Tahap-2
01/10/2025,13,39,57,13:39:57,160,Tahap-2
01/10/2025,13,39,57,13:39:57,180,Tahap-2
01/10/2025,13,39,57,13:39:57,100,Tahap-2
01/10/2025,13,39,57,13:39:57,152,Tahap-2
01/10/2025,13,40,22,13:40:22,5681,Tahap-2
01/10/2025,13,40,22,13:40:22,1104,Tahap-2
01/10/2025,13,40,22,13:40:22,1460,Tahap-2
01/10/2025,13,40,22,13:40:22,1449,Tahap-2
01/10/2025,13,40,22,13:40:22,929,Tahap-2
01/10/2025,13,40,22,13:40:22,457,Tahap-2
01/10/2025,13,40,22,13:40:22,96,Tahap-2
01/10/2025,13,40,22,13:40:22,191,Tahap-2
01/10/2025,13,40,23,13:40:23,296,Tahap-2
01/10/2025,13,40,23,13:40:23,266,Tahap-2
01/10/2025,13,40,23,13:40:23,258,Tahap-2
01/10/2025,13,40,23,13:40:23,259,Tahap-2
01/10/2025,13,40,23,13:40:23,225,Tahap-2
01/10/2025,13,40,23,13:40:23,229,Tahap-2
01/10/2025,13,40,23,13:40:23,226,Tahap-2
01/10/2025,13,40,23,13:40:23,190,Tahap-2
01/10/2025,13,40,23,13:40:23,119,Tahap-2
01/10/2025,13,40,23,13:40:23,148,Tahap-2
01/10/2025,13,40,24,13:40:24,60,Tahap-2
01/10/2025,13,40,24,13:40:24,172,Tahap-2
01/10/2025,13,40,24,13:40:24,111,Tahap-2
01/10/2025,13,40,24,13:40:24,84,Tahap-2
01/10/2025,13,40,24,13:40:24,366,Tahap-2
01/10/2025,13,40,24,13:40:24,643,Tahap-2
01/10/2025,13,40,24,13:40:24,198,Tahap-2
01/10/2025,13,40,24,13:40:24,128,Tahap-2
01/10/2025,13,40,24,13:40:24,190,Tahap-2
01/10/2025,13,40,24,13:40:24,97,Tahap-2
01/10/2025,13,40,25,13:40:25,159,Tahap-2
01/10/2025,13,40,25,13:40:25,173,Tahap-2
01/10/2025,13,40,25,13:40:25,302,Tahap-2
01/10/2025,13,40,25,13:40:25,180,Tahap-2
01/10/2025,13,40,25,13:40:25,42,Tahap-2
01/10/2025,13,40,25,13:40:25,98,Tahap-2
01/10/2025,13,40,25,13:40:25,332,Tahap-2
01/10/2025,13,40,25,13:40:25,169,Tahap-2
01/10/2025,13,40,25,13:40:25,37,Tahap-2
01/10/2025,13,40,25,13:40:25,16,Tahap-2
01/10/2025,13,40,26,13:40:26,77,Tahap-2
01/10/2025,13,40,26,13:40:26,182,Tahap-2
01/10/2025,13,40,26,13:40:26,86,Tahap-2
01/10/2025,13,40,26,13:40:26,38,Tahap-2
01/10/2025,13,40,26,13:40:26,61,Tahap-2
01/10/2025,13,40,26,13:40:26,187,Tahap-2
01/10/2025,13,40,26,13:40:26,15,Tahap-2
01/10/2025,13,40,26,13:40:26,38,Tahap-2
01/10/2025,13,40,26,13:40:26,211,Tahap-2
01/10/2025,13,40,26,13:40:26,53,Tahap-2
01/10/2025,13,40,27,13:40:27,140,Tahap-2
01/10/2025,13,40,27,13:40:27,162,Tahap-2
01/10/2025,13,40,27,13:40:27,170,Tahap-2
01/10/2025,13,40,27,13:40:27,68,Tahap-2
01/10/2025,13,40,27,13:40:27,74,Tahap-2
01/10/2025,13,40,27,13:40:27,34,Tahap-2
01/10/2025,13,40,27,13:40:27,149,Tahap-2
01/10/2025,13,40,27,13:40:27,81,Tahap-2
01/10/2025,13,40,27,13:40:27,110,Tahap-2
01/10/2025,13,40,27,13:40:27,45,Tahap-2
01/10/2025,13,40,28,13:40:28,92,Tahap-2
01/10/2025,13,40,29,13:40:29,93,Tahap-2
01/10/2025,13,40,29,13:40:29,87,Tahap-2
01/10/2025,13,40,29,13:40:29,149,Tahap-2
01/10/2025,13,40,29,13:40:29,89,Tahap-2
01/10/2025,13,40,29,13:40:29,71,Tahap-2
01/10/2025,13,40,29,13:40:29,186,Tahap-2
01/10/2025,13,40,29,13:40:29,43,Tahap-2
01/10/2025,13,40,29,13:40:29,276,Tahap-2
01/10/2025,13,40,29,13:40:29,533,Tahap-2
01/10/2025,13,40,29,13:40:29,332,Tahap-2
01/10/2025,13,40,29,13:40:29,710,Tahap-2
01/10/2025,13,40,29,13:40:29,145,Tahap-2
01/10/2025,13,40,29,13:40:29,13,Tahap-2
01/10/2025,13,40,29,13:40:29,35,Tahap-2
01/10/2025,13,40,29,13:40:29,186,Tahap-2
01/10/2025,13,40,29,13:40:29,127,Tahap-2
01/10/2025,13,40,29,13:40:29,90,Tahap-2
01/10/2025,13,40,29,13:40:29,69,Tahap-2
01/10/2025,13,40,29,13:40:29,30,Tahap-2
01/10/2025,13,40,30,13:40:30,172,Tahap-2
01/10/2025,13,40,30,13:40:30,238,Tahap-2
01/10/2025,13,40,30,13:40:30,190,Tahap-2
01/10/2025,13,40,30,13:40:30,278,Tahap-2
01/10/2025,13,40,30,13:40:30,163,Tahap-2
01/10/2025,13,40,30,13:40:30,341,Tahap-2
01/10/2025,13,40,30,13:40:30,210,Tahap-2
01/10/2025,13,40,30,13:40:30,199,Tahap-2
01/10/2025,13,40,30,13:40:30,198,Tahap-2
01/10/2025,13,40,30,13:40:30,816,Tahap-2
01/10/2025,13,40,31,13:40:31,454,Tahap-2
01/10/2025,13,40,31,13:40:31,300,Tahap-2
01/10/2025,13,40,31,13:40:31,457,Tahap-2
01/10/2025,13,40,31,13:40:31,127,Tahap-2
01/10/2025,13,40,31,13:40:31,422,Tahap-2
01/10/2025,13,40,31,13:40:31,543,Tahap-2
01/10/2025,13,40,31,13:40:31,94,Tahap-2
01/10/2025,13,40,31,13:40:31,133,Tahap-2
01/10/2025,13,40,31,13:40:31,80,Tahap-2
01/10/2025,13,40,31,13:40:31,93,Tahap-2
01/10/2025,13,40,32,13:40:32,206,Tahap-2
01/10/2025,13,40,32,13:40:32,108,Tahap-2
01/10/2025,13,40,32,13:40:32,123,Tahap-2
01/10/2025,13,40,32,13:40:32,99,Tahap-2
01/10/2025,13,40,32,13:40:32,95,Tahap-2
01/10/2025,13,40,32,13:40:32,55,Tahap-2
01/10/2025,13,40,32,13:40:32,137,Tahap-2
01/10/2025,13,40,32,13:40:32,158,Tahap-2
01/10/2025,13,40,32,13:40:32,152,Tahap-2
01/10/2025,13,40,32,13:40:32,211,Tahap-2
01/10/2025,13,40,33,13:40:33,91,Tahap-2
01/10/2025,13,40,33,13:40:33,224,Tahap-2
01/10/2025,13,40,33,13:40:33,283,Tahap-2
01/10/2025,13,40,33,13:40:33,279,Tahap-2
01/10/2025,13,40,33,13:40:33,256,Tahap-2
01/10/2025,13,40,33,13:40:33,163,Tahap-2
01/10/2025,13,40,33,13:40:33,193,Tahap-2
01/10/2025,13,40,33,13:40:33,382,Tahap-2
01/10/2025,13,40,33,13:40:33,571,Tahap-2
01/10/2025,13,40,33,13:40:33,214,Tahap-2
01/10/2025,13,40,34,13:40:34,205,Tahap-2
01/10/2025,13,40,34,13:40:34,178,Tahap-2
01/10/2025,13,40,34,13:40:34,167,Tahap-2
01/10/2025,13,40,34,13:40:34,145,Tahap-2
01/10/2025,13,40,34,13:40:34,172,Tahap-2
01/10/2025,13,40,34,13:40:34,161,Tahap-2
01/10/2025,13,40,34,13:40:34,201,Tahap-2
01/10/2025,13,40,34,13:40:34,332,Tahap-2
01/10/2025,13,40,34,13:40:34,76,Tahap-2
01/10/2025,13,40,34,13:40:34,-72,Tahap-2
01/10/2025,13,40,35,13:40:35,-136,Tahap-2
01/10/2025,13,40,35,13:40:35,-72,Tahap-2
01/10/2025,13,40,35,13:40:35,-56,Tahap-2
01/10/2025,13,40,35,13:40:35,-176,Tahap-2
01/10/2025,13,40,35,13:40:35,-108,Tahap-2
01/10/2025,13,40,35,13:40:35,-40,Tahap-2
01/10/2025,13,40,35,13:40:35,-40,Tahap-2
01/10/2025,13,40,35,13:40:35,-184,Tahap-2
01/10/2025,13,40,35,13:40:35,-44,Tahap-2
01/10/2025,13,40,35,13:40:35,-108,Tahap-2
01/10/2025,13,40,36,13:40:36,-96,Tahap-2
01/10/2025,13,40,36,13:40:36,-132,Tahap-2
01/10/2025,13,40,36,13:40:36,-40,Tahap-2
01/10/2025,13,40,36,13:40:36,-100,Tahap-2
01/10/2025,13,40,36,13:40:36,-104,Tahap-2
01/10/2025,13,40,36,13:40:36,-84,Tahap-2
01/10/2025,13,40,36,13:40:36,-32,Tahap-2
01/10/2025,13,40,36,13:40:36,-8,Tahap-2
01/10/2025,13,40,36,13:40:36,-88,Tahap-2
01/10/2025,13,40,36,13:40:36,-52,Tahap-2
01/10/2025,13,40,37,13:40:37,-24,Tahap-2
01/10/2025,13,40,37,13:40:37,-44,Tahap-2
01/10/2025,13,40,37,13:40:37,-140,Tahap-2
01/10/2025,13,40,37,13:40:37,100,Tahap-2
01/10/2025,13,40,37,13:40:37,-88,Tahap-2
01/10/2025,13,40,37,13:40:37,-60,Tahap-2
01/10/2025,13,40,37,13:40:37,16,Tahap-2
01/10/2025,13,40,37,13:40:37,-28,Tahap-2
01/10/2025,13,40,37,13:40:37,4,Tahap-2
01/10/2025,13,40,37,13:40:37,40,Tahap-2
01/10/2025,13,40,38,13:40:38,-60,Tahap-2
01/10/2025,13,40,38,13:40:38,8,Tahap-2
01/10/2025,13,40,38,13:40:38,56,Tahap-2
01/10/2025,13,40,38,13:40:38,-88,Tahap-2
01/10/2025,13,40,38,13:40:38,108,Tahap-2
01/10/2025,13,40,38,13:40:38,20,Tahap-2
01/10/2025,13,40,38,13:40:38,44,Tahap-2
01/10/2025,13,40,38,13:40:38,104,Tahap-2
01/10/2025,13,40,38,13:40:38,108,Tahap-2
01/10/2025,13,40,38,13:40:38,28,Tahap-2
01/10/2025,13,40,39,13:40:39,156,Tahap-2
01/10/2025,13,40,39,13:40:39,72,Tahap-2
01/10/2025,13,40,39,13:40:39,-4,Tahap-2
01/10/2025,13,40,39,13:40:39,112,Tahap-2
01/10/2025,13,40,39,13:40:39,40,Tahap-2
01/10/2025,13,40,39,13:40:39,172,Tahap-2
01/10/2025,13,40,39,13:40:39,60,Tahap-2
01/10/2025,13,40,39,13:40:39,100,Tahap-2
01/10/2025,13,40,39,13:40:39,164,Tahap-2
01/10/2025,13,40,39,13:40:39,184,Tahap-2
01/10/2025,13,40,40,13:40:40,88,Tahap-2
01/10/2025,13,40,40,13:40:40,156,Tahap-2
01/10/2025,13,40,40,13:40:40,164,Tahap-2
01/10/2025,13,40,40,13:40:40,112,Tahap-2
01/10/2025,13,40,40,13:40:40,128,Tahap-2
01/10/2025,13,40,40,13:40:40,120,Tahap-2
01/10/2025,13,40,40,13:40:40,220,Tahap-2
01/10/2025,13,40,40,13:40:40,116,Tahap-2
01/10/2025,13,40,40,13:40:40,176,Tahap-2
01/10/2025,13,40,40,13:40:40,196,Tahap-2
01/10/2025,13,40,41,13:40:41,228,Tahap-2
01/10/2025,13,40,41,13:40:41,136,Tahap-2
01/10/2025,13,40,41,13:40:41,168,Tahap-2
01/10/2025,13,40,41,13:40:41,124,Tahap-2
01/10/2025,13,40,41,13:40:41,156,Tahap-2
01/10/2025,13,40,41,13:40:41,84,Tahap-2
01/10/2025,13,40,41,13:40:41,108,Tahap-2
01/10/2025,13,40,41,13:40:41,192,Tahap-2
01/10/2025,13,40,41,13:40:41,68,Tahap-2
01/10/2025,13,40,41,13:40:41,116,Tahap-2
01/10/2025,13,40,42,13:40:42,204,Tahap-2
01/10/2025,13,40,42,13:40:42,68,Tahap-2
01/10/2025,13,40,42,13:40:42,152,Tahap-2
01/10/2025,13,40,42,13:40:42,56,Tahap-2
01/10/2025,13,40,42,13:40:42,104,Tahap-2
01/10/2025,13,40,42,13:40:42,144,Tahap-2
01/10/2025,13,40,42,13:40:42,88,Tahap-2
01/10/2025,13,40,42,13:40:42,12,Tahap-2
01/10/2025,13,40,42,13:40:42,168,Tahap-2
01/10/2025,13,40,42,13:40:42,32,Tahap-2
01/10/2025,13,40,43,13:40:43,68,Tahap-2
01/10/2025,13,40,43,13:40:43,180,Tahap-2
01/10/2025,13,40,43,13:40:43,116,Tahap-2
01/10/2025,13,40,43,13:40:43,32,Tahap-2
01/10/2025,13,40,43,13:40:43,100,Tahap-2
01/10/2025,13,40,43,13:40:43,56,Tahap-2
01/10/2025,13,40,43,13:40:43,72,Tahap-2
01/10/2025,13,40,43,13:40:43,96,Tahap-2
01/10/2025,13,40,43,13:40:43,8,Tahap-2
01/10/2025,13,40,43,13:40:43,240,Tahap-2
01/10/2025,13,40,44,13:40:44,108,Tahap-2
01/10/2025,13,40,44,13:40:44,148,Tahap-2
01/10/2025,13,40,44,13:40:44,212,Tahap-2
01/10/2025,13,40,44,13:40:44,272,Tahap-2
01/10/2025,13,40,44,13:40:44,108,Tahap-2
01/10/2025,13,40,44,13:40:44,216,Tahap-2
01/10/2025,13,40,44,13:40:44,204,Tahap-2
01/10/2025,13,40,44,13:40:44,132,Tahap-2
01/10/2025,13,40,44,13:40:44,208,Tahap-2
01/10/2025,13,40,44,13:40:44,200,Tahap-2
01/10/2025,13,40,45,13:40:45,296,Tahap-2
01/10/2025,13,40,45,13:40:45,272,Tahap-2
01/10/2025,13,40,45,13:40:45,244,Tahap-2
01/10/2025,13,40,45,13:40:45,312,Tahap-2
01/10/2025,13,40,45,13:40:45,356,Tahap-2
01/10/2025,13,40,45,13:40:45,308,Tahap-2
01/10/2025,13,40,45,13:40:45,256,Tahap-2
01/10/2025,13,40,45,13:40:45,312,Tahap-2
01/10/2025,13,40,45,13:40:45,244,Tahap-2
01/10/2025,13,40,45,13:40:45,260,Tahap-2
01/10/2025,13,40,46,13:40:46,228,Tahap-2
01/10/2025,13,40,46,13:40:46,340,Tahap-2
01/10/2025,13,40,46,13:40:46,248,Tahap-2
01/10/2025,13,40,46,13:40:46,272,Tahap-2
01/10/2025,13,40,46,13:40:46,268,Tahap-2
01/10/2025,13,40,46,13:40:46,360,Tahap-2
01/10/2025,13,40,46,13:40:46,312,Tahap-2
01/10/2025,13,40,46,13:40:46,272,Tahap-2
01/10/2025,13,40,46,13:40:46,280,Tahap-2
01/10/2025,13,40,46,13:40:46,300,Tahap-2
01/10/2025,13,40,47,13:40:47,128,Tahap-2
01/10/2025,13,40,47,13:40:47,340,Tahap-2
01/10/2025,13,40,47,13:40:47,280,Tahap-2
01/10/2025,13,40,47,13:40:47,232,Tahap-2
01/10/2025,13,40,47,13:40:47,304,Tahap-2
01/10/2025,13,40,47,13:40:47,348,Tahap-2
01/10/2025,13,40,47,13:40:47,252,Tahap-2
01/10/2025,13,40,47,13:40:47,320,Tahap-2
01/10/2025,13,41,12,13:41:12,5677,Tahap-2
01/10/2025,13,41,12,13:41:12,449,Tahap-2
01/10/2025,13,41,12,13:41:12,1025,Tahap-2
01/10/2025,13,41,12,13:41:12,890,Tahap-2
01/10/2025,13,41,12,13:41:12,511,Tahap-2
01/10/2025,13,41,12,13:41:12,323,Tahap-2
01/10/2025,13,41,12,13:41:12,122,Tahap-2
01/10/2025,13,41,12,13:41:12,135,Tahap-2
01/10/2025,13,41,12,13:41:12,357,Tahap-2
01/10/2025,13,41,13,13:41:13,472,Tahap-2
01/10/2025,13,41,13,13:41:13,254,Tahap-2
01/10/2025,13,41,13,13:41:13,260,Tahap-2
01/10/2025,13,41,13,13:41:13,276,Tahap-2
01/10/2025,13,41,13,13:41:13,164,Tahap-2
01/10/2025,13,41,13,13:41:13,127,Tahap-2
01/10/2025,13,41,13,13:41:13,233,Tahap-2
01/10/2025,13,41,13,13:41:13,180,Tahap-2
01/10/2025,13,41,13,13:41:13,89,Tahap-2
01/10/2025,13,41,13,13:41:13,136,Tahap-2
01/10/2025,13,41,14,13:41:14,224,Tahap-2
01/10/2025,13,41,14,13:41:14,110,Tahap-2
01/10/2025,13,41,14,13:41:14,466,Tahap-2
01/10/2025,13,41,14,13:41:14,213,Tahap-2
01/10/2025,13,41,14,13:41:14,504,Tahap-2
01/10/2025,13,41,14,13:41:14,161,Tahap-2
01/10/2025,13,41,14,13:41:14,182,Tahap-2
01/10/2025,13,41,14,13:41:14,193,Tahap-2
01/10/2025,13,41,14,13:41:14,42,Tahap-2
01/10/2025,13,41,14,13:41:14,107,Tahap-2
01/10/2025,13,41,15,13:41:15,227,Tahap-2
01/10/2025,13,41,15,13:41:15,132,Tahap-2
01/10/2025,13,41,15,13:41:15,27,Tahap-2
01/10/2025,13,41,15,13:41:15,57,Tahap-2
01/10/2025,13,41,15,13:41:15,233,Tahap-2
01/10/2025,13,41,15,13:41:15,138,Tahap-2
01/10/2025,13,41,15,13:41:15,142,Tahap-2
01/10/2025,13,41,15,13:41:15,30,Tahap-2
01/10/2025,13,41,15,13:41:15,141,Tahap-2
01/10/2025,13,41,15,13:41:15,49,Tahap-2
01/10/2025,13,41,16,13:41:16,129,Tahap-2
01/10/2025,13,41,16,13:41:16,65,Tahap-2
01/10/2025,13,41,16,13:41:16,61,Tahap-2
01/10/2025,13,41,16,13:41:16,168,Tahap-2
01/10/2025,13,41,16,13:41:16,119,Tahap-2
01/10/2025,13,41,16,13:41:16,172,Tahap-2
01/10/2025,13,41,16,13:41:16,30,Tahap-2
01/10/2025,13,41,16,13:41:16,83,Tahap-2
01/10/2025,13,41,16,13:41:16,250,Tahap-2
01/10/2025,13,41,16,13:41:16,61,Tahap-2
01/10/2025,13,41,17,13:41:17,166,Tahap-2
01/10/2025,13,41,17,13:41:17,92,Tahap-2
01/10/2025,13,41,17,13:41:17,91,Tahap-2
01/10/2025,13,41,17,13:41:17,57,Tahap-2
01/10/2025,13,41,17,13:41:17,14,Tahap-2
01/10/2025,13,41,17,13:41:17,121,Tahap-2
01/10/2025,13,41,17,13:41:17,105,Tahap-2
01/10/2025,13,41,17,13:41:17,111,Tahap-2
01/10/2025,13,41,17,13:41:17,91,Tahap-2
01/10/2025,13,41,17,13:41:17,46,Tahap-2
01/10/2025,13,41,18,13:41:18,42,Tahap-2
01/10/2025,13,41,18,13:41:18,26,Tahap-2
01/10/2025,13,41,18,13:41:18,98,Tahap-2
01/10/2025,13,41,18,13:41:18,138,Tahap-2
01/10/2025,13,41,18,13:41:18,155,Tahap-2
01/10/2025,13,41,18,13:41:18,133,Tahap-2
01/10/2025,13,41,18,13:41:18,173,Tahap-2
01/10/2025,13,41,18,13:41:18,160,Tahap-2
01/10/2025,13,41,18,13:41:18,261,Tahap-2
01/10/2025,13,41,18,13:41:18,257,Tahap-2
01/10/2025,13,41,19,13:41:19,717,Tahap-2
01/10/2025,13,41,19,13:41:19,308,Tahap-2
01/10/2025,13,41,19,13:41:19,202,Tahap-2
01/10/2025,13,41,19,13:41:19,113,Tahap-2
01/10/2025,13,41,19,13:41:19,81,Tahap-2
01/10/2025,13,41,19,13:41:19,201,Tahap-2
01/10/2025,13,41,19,13:41:19,88,Tahap-2
01/10/2025,13,41,19,13:41:19,58,Tahap-2
01/10/2025,13,41,19,13:41:19,43,Tahap-2
01/10/2025,13,41,19,13:41:19,65,Tahap-2
01/10/2025,13,41,20,13:41:20,113,Tahap-2
01/10/2025,13,41,20,13:41:20,90,Tahap-2
01/10/2025,13,41,20,13:41:20,97,Tahap-2
01/10/2025,13,41,20,13:41:20,210,Tahap-2
01/10/2025,13,41,20,13:41:20,213,Tahap-2
01/10/2025,13,41,20,13:41:20,75,Tahap-2
01/10/2025,13,41,20,13:41:20,76,Tahap-2
01/10/2025,13,41,20,13:41:20,298,Tahap-2
01/10/2025,13,41,20,13:41:20,444,Tahap-2
01/10/2025,13,41,20,13:41:20,889,Tahap-2
01/10/2025,13,41,21,13:41:21,221,Tahap-2
01/10/2025,13,41,21,13:41:21,239,Tahap-2
01/10/2025,13,41,21,13:41:21,283,Tahap-2
01/10/2025,13,41,21,13:41:21,671,Tahap-2
01/10/2025,13,41,21,13:41:21,382,Tahap-2
01/10/2025,13,41,21,13:41:21,165,Tahap-2
01/10/2025,13,41,21,13:41:21,284,Tahap-2
01/10/2025,13,41,21,13:41:21,219,Tahap-2
01/10/2025,13,41,21,13:41:21,109,Tahap-2
01/10/2025,13,41,21,13:41:21,98,Tahap-2
01/10/2025,13,41,22,13:41:22,130,Tahap-2
01/10/2025,13,41,22,13:41:22,83,Tahap-2
01/10/2025,13,41,22,13:41:22,157,Tahap-2
01/10/2025,13,41,22,13:41:22,144,Tahap-2
01/10/2025,13,41,22,13:41:22,149,Tahap-2
01/10/2025,13,41,22,13:41:22,95,Tahap-2
01/10/2025,13,41,22,13:41:22,159,Tahap-2
01/10/2025,13,41,22,13:41:22,60,Tahap-2
01/10/2025,13,41,22,13:41:22,173,Tahap-2
01/10/2025,13,41,22,13:41:22,44,Tahap-2
01/10/2025,13,41,23,13:41:23,151,Tahap-2
01/10/2025,13,41,23,13:41:23,215,Tahap-2
01/10/2025,13,41,23,13:41:23,57,Tahap-2
01/10/2025,13,41,23,13:41:23,82,Tahap-2
01/10/2025,13,41,23,13:41:23,104,Tahap-2
01/10/2025,13,41,23,13:41:23,218,Tahap-2
01/10/2025,13,41,23,13:41:23,89,Tahap-2
01/10/2025,13,41,23,13:41:23,396,Tahap-2
01/10/2025,13,41,23,13:41:23,705,Tahap-2
01/10/2025,13,41,23,13:41:23,233,Tahap-2
01/10/2025,13,41,24,13:41:24,244,Tahap-2
01/10/2025,13,41,24,13:41:24,321,Tahap-2
01/10/2025,13,41,24,13:41:24,289,Tahap-2
01/10/2025,13,41,24,13:41:24,238,Tahap-2
01/10/2025,13,41,24,13:41:24,126,Tahap-2
01/10/2025,13,41,24,13:41:24,148,Tahap-2
01/10/2025,13,41,24,13:41:24,54,Tahap-2
01/10/2025,13,41,24,13:41:24,243,Tahap-2
01/10/2025,13,41,24,13:41:24,132,Tahap-2
01/10/2025,13,41,24,13:41:24,-56,Tahap-2
01/10/2025,13,41,25,13:41:25,64,Tahap-2
01/10/2025,13,41,25,13:41:25,20,Tahap-2
01/10/2025,13,41,25,13:41:25,-52,Tahap-2
01/10/2025,13,41,25,13:41:25,48,Tahap-2
01/10/2025,13,41,25,13:41:25,-116,Tahap-2
01/10/2025,13,41,25,13:41:25,-36,Tahap-2
01/10/2025,13,41,25,13:41:25,-88,Tahap-2
01/10/2025,13,41,25,13:41:25,-108,Tahap-2
01/10/2025,13,41,25,13:41:25,48,Tahap-2
01/10/2025,13,41,26,13:41:26,-132,Tahap-2
01/10/2025,13,41,26,13:41:26,-68,Tahap-2
01/10/2025,13,41,26,13:41:26,-84,Tahap-2
01/10/2025,13,41,26,13:41:26,-116,Tahap-2
01/10/2025,13,41,26,13:41:26,-128,Tahap-2
01/10/2025,13,41,26,13:41:26,-104,Tahap-2
01/10/2025,13,41,26,13:41:26,-124,Tahap-2
01/10/2025,13,41,26,13:41:26,-124,Tahap-2
01/10/2025,13,41,27,13:41:27,-68,Tahap-2
01/10/2025,13,41,27,13:41:27,-164,Tahap-2
01/10/2025,13,41,27,13:41:27,-80,Tahap-2
01/10/2025,13,41,27,13:41:27,-120,Tahap-2
01/10/2025,13,41,27,13:41:27,-100,Tahap-2
01/10/2025,13,41,27,13:41:27,-184,Tahap-2
01/10/2025,13,41,27,13:41:27,-72,Tahap-2
01/10/2025,13,41,27,13:41:27,-148,Tahap-2
01/10/2025,13,41,27,13:41:27,-184,Tahap-2
01/10/2025,13,41,27,13:41:27,-184,Tahap-2
01/10/2025,13,41,28,13:41:28,-192,Tahap-2
01/10/2025,13,41,29,13:41:29,-132,Tahap-2
01/10/2025,13,41,29,13:41:29,-196,Tahap-2
01/10/2025,13,41,29,13:41:29,-140,Tahap-2
01/10/2025,13,41,29,13:41:29,-152,Tahap-2
01/10/2025,13,41,29,13:41:29,-144,Tahap-2
01/10/2025,13,41,29,13:41:29,-204,Tahap-2
01/10/2025,13,41,29,13:41:29,-160,Tahap-2
01/10/2025,13,41,29,13:41:29,-188,Tahap-2
01/10/2025,13,41,29,13:41:29,-172,Tahap-2
01/10/2025,13,41,29,13:41:29,-268,Tahap-2
01/10/2025,13,41,29,13:41:29,-108,Tahap-2
01/10/2025,13,41,29,13:41:29,-144,Tahap-2
01/10/2025,13,41,29,13:41:29,-292,Tahap-2
01/10/2025,13,41,29,13:41:29,-120,Tahap-2
01/10/2025,13,41,29,13:41:29,-92,Tahap-2
01/10/2025,13,41,29,13:41:29,-156,Tahap-2
01/10/2025,13,41,29,13:41:29,-152,Tahap-2
01/10/2025,13,41,29,13:41:29,-136,Tahap-2
01/10/2025,13,41,29,13:41:29,-208,Tahap-2
01/10/2025,13,41,30,13:41:30,-112,Tahap-2
01/10/2025,13,41,30,13:41:30,-196,Tahap-2
01/10/2025,13,41,30,13:41:30,-156,Tahap-2
01/10/2025,13,41,30,13:41:30,-96,Tahap-2
01/10/2025,13,41,30,13:41:30,-160,Tahap-2
01/10/2025,13,41,30,13:41:30,-140,Tahap-2
01/10/2025,13,41,30,13:41:30,-36,Tahap-2
01/10/2025,13,41,30,13:41:30,-260,Tahap-2
01/10/2025,13,41,30,13:41:30,-164,Tahap-2
01/10/2025,13,41,30,13:41:30,-156,Tahap-2
01/10/2025,13,41,31,13:41:31,-208,Tahap-2
01/10/2025,13,41,31,13:41:31,-156,Tahap-2
01/10/2025,13,41,31,13:41:31,-176,Tahap-2
01/10/2025,13,41,31,13:41:31,-192,Tahap-2
01/10/2025,13,41,31,13:41:31,-192,Tahap-2
01/10/2025,13,41,31,13:41:31,-208,Tahap-2
01/10/2025,13,41,31,13:41:31,-200,Tahap-2
01/10/2025,13,41,31,13:41:31,-48,Tahap-2
01/10/2025,13,41,31,13:41:31,-172,Tahap-2
01/10/2025,13,41,31,13:41:31,-148,Tahap-2
01/10/2025,13,41,32,13:41:32,-120,Tahap-2
01/10/2025,13,41,32,13:41:32,-216,Tahap-2
01/10/2025,13,41,32,13:41:32,-196,Tahap-2
01/10/2025,13,41,32,13:41:32,-100,Tahap-2
01/10/2025,13,41,32,13:41:32,-192,Tahap-2
01/10/2025,13,41,32,13:41:32,-168,Tahap-2
01/10/2025,13,41,32,13:41:32,-84,Tahap-2
01/10/2025,13,41,32,13:41:32,-148,Tahap-2
01/10/2025,13,41,32,13:41:32,-20,Tahap-2
01/10/2025,13,41,32,13:41:32,-104,Tahap-2
01/10/2025,13,41,33,13:41:33,-172,Tahap-2
01/10/2025,13,41,33,13:41:33,-68,Tahap-2
01/10/2025,13,41,33,13:41:33,-100,Tahap-2
01/10/2025,13,41,33,13:41:33,-180,Tahap-2
01/10/2025,13,41,33,13:41:33,-104,Tahap-2
01/10/2025,13,41,33,13:41:33,-132,Tahap-2
01/10/2025,13,41,33,13:41:33,-164,Tahap-2
01/10/2025,13,41,33,13:41:33,-124,Tahap-2
01/10/2025,13,41,33,13:41:33,-140,Tahap-2
01/10/2025,13,41,33,13:41:33,-72,Tahap-2
01/10/2025,13,41,34,13:41:34,-132,Tahap-2
01/10/2025,13,41,34,13:41:34,-112,Tahap-2
01/10/2025,13,41,34,13:41:34,-152,Tahap-2
01/10/2025,13,41,34,13:41:34,-96,Tahap-2
01/10/2025,13,41,34,13:41:34,-192,Tahap-2
01/10/2025,13,41,34,13:41:34,-228,Tahap-2
01/10/2025,13,41,34,13:41:34,-108,Tahap-2
01/10/2025,13,41,34,13:41:34,-164,Tahap-2
01/10/2025,13,41,34,13:41:34,-204,Tahap-2
01/10/2025,13,41,34,13:41:34,-124,Tahap-2
01/10/2025,13,41,35,13:41:35,-120,Tahap-2
01/10/2025,13,41,35,13:41:35,-192,Tahap-2
01/10/2025,13,41,35,13:41:35,-108,Tahap-2
01/10/2025,13,41,35,13:41:35,-120,Tahap-2
01/10/2025,13,41,35,13:41:35,-88,Tahap-2
01/10/2025,13,41,35,13:41:35,-128,Tahap-2
01/10/2025,13,41,35,13:41:35,-160,Tahap-2
01/10/2025,13,41,35,13:41:35,-192,Tahap-2
01/10/2025,13,41,35,13:41:35,-84,Tahap-2
01/10/2025,13,41,35,13:41:35,-200,Tahap-2
01/10/2025,13,41,36,13:41:36,-80,Tahap-2
01/10/2025,13,41,36,13:41:36,-52,Tahap-2
01/10/2025,13,41,36,13:41:36,-164,Tahap-2
01/10/2025,13,41,36,13:41:36,-108,Tahap-2
01/10/2025,13,41,36,13:41:36,-28,Tahap-2
01/10/2025,13,41,36,13:41:36,-148,Tahap-2
01/10/2025,13,41,36,13:41:36,-72,Tahap-2
01/10/2025,13,41,36,13:41:36,-120,Tahap-2
01/10/2025,13,41,36,13:41:36,-180,Tahap-2
01/10/2025,13,41,36,13:41:36,-36,Tahap-2
01/10/2025,13,41,37,13:41:37,-176,Tahap-2
01/10/2025,13,41,37,13:41:37,-96,Tahap-2
01/10/2025,13,41,37,13:41:37,-68,Tahap-2
01/10/2025,13,41,37,13:41:37,-144,Tahap-2
01/10/2025,13,41,37,13:41:37,-104,Tahap-2
01/10/2025,13,41,37,13:41:37,-8,Tahap-2
01/10/2025,13,41,37,13:41:37,-104,Tahap-2
01/10/2025,13,42,2,13:42:02,3418,Tahap-2
01/10/2025,13,42,2,13:42:02,1314,Tahap-2
01/10/2025,13,42,2,13:42:02,1482,Tahap-2
01/10/2025,13,42,2,13:42:02,203,Tahap-2
01/10/2025,13,42,2,13:42:02,830,Tahap-2
01/10/2025,13,42,2,13:42:02,417,Tahap-2
01/10/2025,13,42,2,13:42:02,227,Tahap-2
01/10/2025,13,42,2,13:42:02,222,Tahap-2
01/10/2025,13,42,2,13:42:02,146,Tahap-2
01/10/2025,13,42,3,13:42:03,397,Tahap-2
01/10/2025,13,42,3,13:42:03,72,Tahap-2
01/10/2025,13,42,3,13:42:03,82,Tahap-2
01/10/2025,13,42,3,13:42:03,80,Tahap-2
01/10/2025,13,42,3,13:42:03,117,Tahap-2
01/10/2025,13,42,3,13:42:03,122,Tahap-2
01/10/2025,13,42,3,13:42:03,63,Tahap-2
01/10/2025,13,42,3,13:42:03,116,Tahap-2
01/10/2025,13,42,3,13:42:03,31,Tahap-2
01/10/2025,13,42,3,13:42:03,141,Tahap-2
01/10/2025,13,42,4,13:42:04,61,Tahap-2
01/10/2025,13,42,4,13:42:04,160,Tahap-2
01/10/2025,13,42,4,13:42:04,262,Tahap-2
01/10/2025,13,42,4,13:42:04,748,Tahap-2
01/10/2025,13,42,4,13:42:04,331,Tahap-2
01/10/2025,13,42,4,13:42:04,123,Tahap-2
01/10/2025,13,42,4,13:42:04,105,Tahap-2
01/10/2025,13,42,4,13:42:04,120,Tahap-2
01/10/2025,13,42,4,13:42:04,89,Tahap-2
01/10/2025,13,42,4,13:42:04,90,Tahap-2
01/10/2025,13,42,5,13:42:05,80,Tahap-2
01/10/2025,13,42,5,13:42:05,163,Tahap-2
01/10/2025,13,42,5,13:42:05,244,Tahap-2
01/10/2025,13,42,5,13:42:05,122,Tahap-2
01/10/2025,13,42,5,13:42:05,118,Tahap-2
01/10/2025,13,42,5,13:42:05,146,Tahap-2
01/10/2025,13,42,5,13:42:05,399,Tahap-2
01/10/2025,13,42,5,13:42:05,106,Tahap-2
01/10/2025,13,42,5,13:42:05,73,Tahap-2
01/10/2025,13,42,5,13:42:05,87,Tahap-2
01/10/2025,13,42,6,13:42:06,114,Tahap-2
01/10/2025,13,42,6,13:42:06,169,Tahap-2
01/10/2025,13,42,6,13:42:06,23,Tahap-2
01/10/2025,13,42,6,13:42:06,117,Tahap-2
01/10/2025,13,42,6,13:42:06,354,Tahap-2
01/10/2025,13,42,6,13:42:06,232,Tahap-2
01/10/2025,13,42,6,13:42:06,74,Tahap-2
01/10/2025,13,42,6,13:42:06,93,Tahap-2
01/10/2025,13,42,6,13:42:06,153,Tahap-2
01/10/2025,13,42,6,13:42:06,125,Tahap-2
01/10/2025,13,42,6,13:42:06,140,Tahap-2
01/10/2025,13,42,7,13:42:07,109,Tahap-2
01/10/2025,13,42,7,13:42:07,99,Tahap-2
01/10/2025,13,42,7,13:42:07,152,Tahap-2
01/10/2025,13,42,7,13:42:07,142,Tahap-2
01/10/2025,13,42,7,13:42:07,61,Tahap-2
01/10/2025,13,42,7,13:42:07,94,Tahap-2
01/10/2025,13,42,7,13:42:07,172,Tahap-2
01/10/2025,13,42,7,13:42:07,111,Tahap-2
01/10/2025,13,42,7,13:42:07,50,Tahap-2
01/10/2025,13,42,7,13:42:07,54,Tahap-2
01/10/2025,13,42,8,13:42:08,67,Tahap-2
01/10/2025,13,42,8,13:42:08,36,Tahap-2
01/10/2025,13,42,8,13:42:08,47,Tahap-2
01/10/2025,13,42,8,13:42:08,73,Tahap-2
01/10/2025,13,42,8,13:42:08,216,Tahap-2
01/10/2025,13,42,8,13:42:08,31,Tahap-2
01/10/2025,13,42,8,13:42:08,99,Tahap-2
01/10/2025,13,42,8,13:42:08,429,Tahap-2
01/10/2025,13,42,8,13:42:08,428,Tahap-2
01/10/2025,13,42,8,13:42:08,516,Tahap-2
01/10/2025,13,42,9,13:42:09,336,Tahap-2
01/10/2025,13,42,9,13:42:09,139,Tahap-2
01/10/2025,13,42,9,13:42:09,143,Tahap-2
01/10/2025,13,42,9,13:42:09,87,Tahap-2
01/10/2025,13,42,9,13:42:09,92,Tahap-2
01/10/2025,13,42,9,13:42:09,169,Tahap-2
01/10/2025,13,42,9,13:42:09,115,Tahap-2
01/10/2025,13,42,9,13:42:09,84,Tahap-2
01/10/2025,13,42,9,13:42:09,57,Tahap-2
01/10/2025,13,42,9,13:42:09,65,Tahap-2
01/10/2025,13,42,10,13:42:10,36,Tahap-2
01/10/2025,13,42,10,13:42:10,38,Tahap-2
01/10/2025,13,42,10,13:42:10,45,Tahap-2
01/10/2025,13,42,10,13:42:10,253,Tahap-2
01/10/2025,13,42,10,13:42:10,111,Tahap-2
01/10/2025,13,42,10,13:42:10,81,Tahap-2
01/10/2025,13,42,10,13:42:10,86,Tahap-2
01/10/2025,13,42,10,13:42:10,925,Tahap-2
01/10/2025,13,42,10,13:42:10,440,Tahap-2
01/10/2025,13,42,10,13:42:10,126,Tahap-2
01/10/2025,13,42,11,13:42:11,181,Tahap-2
01/10/2025,13,42,11,13:42:11,334,Tahap-2
01/10/2025,13,42,11,13:42:11,799,Tahap-2
01/10/2025,13,42,11,13:42:11,402,Tahap-2
01/10/2025,13,42,11,13:42:11,123,Tahap-2
01/10/2025,13,42,11,13:42:11,108,Tahap-2
01/10/2025,13,42,11,13:42:11,163,Tahap-2
01/10/2025,13,42,11,13:42:11,213,Tahap-2
01/10/2025,13,42,11,13:42:11,73,Tahap-2
01/10/2025,13,42,11,13:42:11,45,Tahap-2
01/10/2025,13,42,12,13:42:12,83,Tahap-2
01/10/2025,13,42,12,13:42:12,150,Tahap-2
01/10/2025,13,42,12,13:42:12,101,Tahap-2
01/10/2025,13,42,12,13:42:12,60,Tahap-2
01/10/2025,13,42,12,13:42:12,75,Tahap-2
01/10/2025,13,42,12,13:42:12,193,Tahap-2
01/10/2025,13,42,12,13:42:12,84,Tahap-2
01/10/2025,13,42,12,13:42:12,113,Tahap-2
01/10/2025,13,42,12,13:42:12,125,Tahap-2
01/10/2025,13,42,12,13:42:12,121,Tahap-2
01/10/2025,13,42,13,13:42:13,259,Tahap-2
01/10/2025,13,42,13,13:42:13,108,Tahap-2
01/10/2025,13,42,13,13:42:13,112,Tahap-2
01/10/2025,13,42,13,13:42:13,55,Tahap-2
01/10/2025,13,42,13,13:42:13,207,Tahap-2
01/10/2025,13,42,13,13:42:13,368,Tahap-2
01/10/2025,13,42,13,13:42:13,221,Tahap-2
01/10/2025,13,42,13,13:42:13,193,Tahap-2
01/10/2025,13,42,13,13:42:13,284,Tahap-2
01/10/2025,13,42,13,13:42:13,106,Tahap-2
01/10/2025,13,42,14,13:42:14,543,Tahap-2
01/10/2025,13,42,14,13:42:14,52,Tahap-2
01/10/2025,13,42,14,13:42:14,268,Tahap-2
01/10/2025,13,42,14,13:42:14,203,Tahap-2
01/10/2025,13,42,14,13:42:14,170,Tahap-2
01/10/2025,13,42,14,13:42:14,126,Tahap-2
01/10/2025,13,42,14,13:42:14,200,Tahap-2
01/10/2025,13,42,14,13:42:14,140,Tahap-2
01/10/2025,13,42,14,13:42:14,104,Tahap-2
01/10/2025,13,42,14,13:42:14,44,Tahap-2
01/10/2025,13,42,15,13:42:15,124,Tahap-2
01/10/2025,13,42,15,13:42:15,44,Tahap-2
01/10/2025,13,42,15,13:42:15,116,Tahap-2
01/10/2025,13,42,15,13:42:15,-44,Tahap-2
01/10/2025,13,42,15,13:42:15,136,Tahap-2
01/10/2025,13,42,15,13:42:15,84,Tahap-2
01/10/2025,13,42,15,13:42:15,-12,Tahap-2
01/10/2025,13,42,15,13:42:15,104,Tahap-2
01/10/2025,13,42,15,13:42:15,168,Tahap-2
01/10/2025,13,42,16,13:42:16,28,Tahap-2
01/10/2025,13,42,16,13:42:16,112,Tahap-2
01/10/2025,13,42,16,13:42:16,88,Tahap-2
01/10/2025,13,42,16,13:42:16,4,Tahap-2
01/10/2025,13,42,16,13:42:16,76,Tahap-2
01/10/2025,13,42,16,13:42:16,48,Tahap-2
01/10/2025,13,42,16,13:42:16,124,Tahap-2
01/10/2025,13,42,16,13:42:16,132,Tahap-2
01/10/2025,13,42,16,13:42:16,44,Tahap-2
01/10/2025,13,42,16,13:42:16,124,Tahap-2
01/10/2025,13,42,17,13:42:17,192,Tahap-2
01/10/2025,13,42,17,13:42:17,108,Tahap-2
01/10/2025,13,42,17,13:42:17,72,Tahap-2
01/10/2025,13,42,17,13:42:17,80,Tahap-2
01/10/2025,13,42,17,13:42:17,40,Tahap-2
01/10/2025,13,42,17,13:42:17,40,Tahap-2
01/10/2025,13,42,17,13:42:17,80,Tahap-2
01/10/2025,13,42,17,13:42:17,208,Tahap-2
01/10/2025,13,42,17,13:42:17,-12,Tahap-2
01/10/2025,13,42,17,13:42:17,116,Tahap-2
01/10/2025,13,42,18,13:42:18,84,Tahap-2
01/10/2025,13,42,18,13:42:18,152,Tahap-2
01/10/2025,13,42,18,13:42:18,112,Tahap-2
01/10/2025,13,42,18,13:42:18,120,Tahap-2
01/10/2025,13,42,18,13:42:18,20,Tahap-2
01/10/2025,13,42,18,13:42:18,68,Tahap-2
01/10/2025,13,42,18,13:42:18,4,Tahap-2
01/10/2025,13,42,18,13:42:18,40,Tahap-2
01/10/2025,13,42,18,13:42:18,112,Tahap-2
01/10/2025,13,42,18,13:42:18,80,Tahap-2
01/10/2025,13,42,19,13:42:19,92,Tahap-2
01/10/2025,13,42,19,13:42:19,160,Tahap-2
01/10/2025,13,42,19,13:42:19,-36,Tahap-2
01/10/2025,13,42,19,13:42:19,120,Tahap-2
01/10/2025,13,42,19,13:42:19,116,Tahap-2
01/10/2025,13,42,19,13:42:19,32,Tahap-2
01/10/2025,13,42,19,13:42:19,116,Tahap-2
01/10/2025,13,42,19,13:42:19,72,Tahap-2
01/10/2025,13,42,19,13:42:19,12,Tahap-2
01/10/2025,13,42,19,13:42:19,44,Tahap-2
01/10/2025,13,42,20,13:42:20,60,Tahap-2
01/10/2025,13,42,20,13:42:20,184,Tahap-2
01/10/2025,13,42,20,13:42:20,-28,Tahap-2
01/10/2025,13,42,20,13:42:20,124,Tahap-2
01/10/2025,13,42,20,13:42:20,124,Tahap-2
01/10/2025,13,42,20,13:42:20,16,Tahap-2
01/10/2025,13,42,20,13:42:20,-28,Tahap-2
01/10/2025,13,42,20,13:42:20,116,Tahap-2
01/10/2025,13,42,21,13:42:21,84,Tahap-2
01/10/2025,13,42,21,13:42:21,104,Tahap-2
01/10/2025,13,42,21,13:42:21,76,Tahap-2
01/10/2025,13,42,21,13:42:21,132,Tahap-2
01/10/2025,13,42,21,13:42:21,68,Tahap-2
01/10/2025,13,42,21,13:42:21,48,Tahap-2
01/10/2025,13,42,21,13:42:21,136,Tahap-2
01/10/2025,13,42,21,13:42:21,112,Tahap-2
01/10/2025,13,42,21,13:42:21,8,Tahap-2
01/10/2025,13,42,21,13:42:21,140,Tahap-2
01/10/2025,13,42,22,13:42:22,16,Tahap-2
01/10/2025,13,42,22,13:42:22,52,Tahap-2
01/10/2025,13,42,22,13:42:22,28,Tahap-2
01/10/2025,13,42,22,13:42:22,156,Tahap-2
01/10/2025,13,42,22,13:42:22,120,Tahap-2
01/10/2025,13,42,22,13:42:22,48,Tahap-2
01/10/2025,13,42,22,13:42:22,88,Tahap-2
01/10/2025,13,42,22,13:42:22,68,Tahap-2
01/10/2025,13,42,22,13:42:22,76,Tahap-2
01/10/2025,13,42,22,13:42:22,-4,Tahap-2
01/10/2025,13,42,23,13:42:23,12,Tahap-2
01/10/2025,13,42,23,13:42:23,12,Tahap-2
01/10/2025,13,42,23,13:42:23,20,Tahap-2
01/10/2025,13,42,23,13:42:23,-32,Tahap-2
01/10/2025,13,42,23,13:42:23,112,Tahap-2
01/10/2025,13,42,23,13:42:23,104,Tahap-2
01/10/2025,13,42,23,13:42:23,20,Tahap-2
01/10/2025,13,42,23,13:42:23,68,Tahap-2
01/10/2025,13,42,23,13:42:23,48,Tahap-2
01/10/2025,13,42,23,13:42:23,96,Tahap-2
01/10/2025,13,42,24,13:42:24,108,Tahap-2
01/10/2025,13,42,24,13:42:24,48,Tahap-2
01/10/2025,13,42,24,13:42:24,24,Tahap-2
01/10/2025,13,42,24,13:42:24,52,Tahap-2
01/10/2025,13,42,24,13:42:24,68,Tahap-2
01/10/2025,13,42,24,13:42:24,100,Tahap-2
01/10/2025,13,42,24,13:42:24,204,Tahap-2
01/10/2025,13,42,24,13:42:24,56,Tahap-2
01/10/2025,13,42,24,13:42:24,132,Tahap-2
01/10/2025,13,42,24,13:42:24,172,Tahap-2
01/10/2025,13,42,25,13:42:25,96,Tahap-2
01/10/2025,13,42,25,13:42:25,104,Tahap-2
01/10/2025,13,42,25,13:42:25,140,Tahap-2
01/10/2025,13,42,25,13:42:25,76,Tahap-2
01/10/2025,13,42,25,13:42:25,128,Tahap-2
01/10/2025,13,42,25,13:42:25,68,Tahap-2
01/10/2025,13,42,25,13:42:25,64,Tahap-2
01/10/2025,13,42,25,13:42:25,280,Tahap-2
01/10/2025,13,42,25,13:42:25,108,Tahap-2
01/10/2025,13,42,25,13:42:25,76,Tahap-2
01/10/2025,13,42,26,13:42:26,232,Tahap-2
01/10/2025,13,42,26,13:42:26,180,Tahap-2
01/10/2025,13,42,26,13:42:26,124,Tahap-2
01/10/2025,13,42,26,13:42:26,172,Tahap-2
01/10/2025,13,42,26,13:42:26,100,Tahap-2
01/10/2025,13,42,26,13:42:26,92,Tahap-2
01/10/2025,13,42,26,13:42:26,148,Tahap-2
01/10/2025,13,42,26,13:42:26,68,Tahap-2
01/10/2025,13,42,26,13:42:26,216,Tahap-2
01/10/2025,13,42,26,13:42:26,132,Tahap-2
01/10/2025,13,42,27,13:42:27,48,Tahap-2
01/10/2025,13,42,27,13:42:27,172,Tahap-2
01/10/2025,13,42,27,13:42:27,116,Tahap-2
01/10/2025,13,42,27,13:42:27,24,Tahap-2
01/10/2025,13,42,27,13:42:27,96,Tahap-2
01/10/2025,13,42,27,13:42:27,60,Tahap-2
01/10/2025,13,42,52,13:42:52,2398,Tahap-2
01/10/2025,13,42,52,13:42:52,693,Tahap-2
01/10/2025,13,42,52,13:42:52,531,Tahap-2
01/10/2025,13,42,52,13:42:52,396,Tahap-2
01/10/2025,13,42,52,13:42:52,742,Tahap-2
01/10/2025,13,42,52,13:42:52,412,Tahap-2
01/10/2025,13,42,52,13:42:52,491,Tahap-2
01/10/2025,13,42,52,13:42:52,197,Tahap-2
01/10/2025,13,42,52,13:42:52,209,Tahap-2
01/10/2025,13,42,52,13:42:52,359,Tahap-2
01/10/2025,13,42,53,13:42:53,230,Tahap-2
01/10/2025,13,42,53,13:42:53,202,Tahap-2
01/10/2025,13,42,53,13:42:53,28,Tahap-2
01/10/2025,13,42,53,13:42:53,282,Tahap-2
01/10/2025,13,42,53,13:42:53,97,Tahap-2
01/10/2025,13,42,53,13:42:53,218,Tahap-2
01/10/2025,13,42,53,13:42:53,160,Tahap-2
01/10/2025,13,42,53,13:42:53,39,Tahap-2
01/10/2025,13,42,53,13:42:53,133,Tahap-2
01/10/2025,13,42,53,13:42:53,194,Tahap-2
01/10/2025,13,42,54,13:42:54,176,Tahap-2
01/10/2025,13,42,54,13:42:54,310,Tahap-2
01/10/2025,13,42,54,13:42:54,564,Tahap-2
01/10/2025,13,42,54,13:42:54,432,Tahap-2
01/10/2025,13,42,54,13:42:54,86,Tahap-2
01/10/2025,13,42,54,13:42:54,59,Tahap-2
01/10/2025,13,42,54,13:42:54,27,Tahap-2
01/10/2025,13,42,54,13:42:54,44,Tahap-2
01/10/2025,13,42,54,13:42:54,50,Tahap-2
01/10/2025,13,42,54,13:42:54,105,Tahap-2
01/10/2025,13,42,55,13:42:55,111,Tahap-2
01/10/2025,13,42,55,13:42:55,157,Tahap-2
01/10/2025,13,42,55,13:42:55,221,Tahap-2
01/10/2025,13,42,55,13:42:55,123,Tahap-2
01/10/2025,13,42,55,13:42:55,152,Tahap-2
01/10/2025,13,42,55,13:42:55,236,Tahap-2
01/10/2025,13,42,55,13:42:55,36,Tahap-2
01/10/2025,13,42,55,13:42:55,144,Tahap-2
01/10/2025,13,42,55,13:42:55,123,Tahap-2
01/10/2025,13,42,55,13:42:55,109,Tahap-2
01/10/2025,13,42,56,13:42:56,34,Tahap-2
01/10/2025,13,42,56,13:42:56,6,Tahap-2
01/10/2025,13,42,56,13:42:56,154,Tahap-2
01/10/2025,13,42,56,13:42:56,324,Tahap-2
01/10/2025,13,42,56,13:42:56,182,Tahap-2
01/10/2025,13,42,56,13:42:56,60,Tahap-2
01/10/2025,13,42,56,13:42:56,266,Tahap-2
01/10/2025,13,42,56,13:42:56,53,Tahap-2
01/10/2025,13,42,56,13:42:56,83,Tahap-2
01/10/2025,13,42,56,13:42:56,65,Tahap-2
01/10/2025,13,42,57,13:42:57,100,Tahap-2
01/10/2025,13,42,57,13:42:57,33,Tahap-2
01/10/2025,13,42,57,13:42:57,6,Tahap-2
01/10/2025,13,42,57,13:42:57,101,Tahap-2
01/10/2025,13,42,57,13:42:57,79,Tahap-2
01/10/2025,13,42,57,13:42:57,101,Tahap-2
01/10/2025,13,42,57,13:42:57,29,Tahap-2
01/10/2025,13,42,57,13:42:57,87,Tahap-2
01/10/2025,13,42,57,13:42:57,111,Tahap-2
01/10/2025,13,42,57,13:42:57,159,Tahap-2
01/10/2025,13,42,58,13:42:58,124,Tahap-2
01/10/2025,13,42,58,13:42:58,126,Tahap-2
