Tanggal,Jam,Menit,Detik,Waktu,frekuensi,label
01/13/2025,10,20,7,10:20:07,658,Tahap-2
01/13/2025,10,20,7,10:20:07,336,Tahap-2
01/13/2025,10,20,7,10:20:07,51,Tahap-2
01/13/2025,10,20,7,10:20:07,267,Tahap-2
01/13/2025,10,20,8,10:20:08,158,Tahap-2
01/13/2025,10,20,8,10:20:08,176,Tahap-2
01/13/2025,10,20,8,10:20:08,75,Tahap-2
01/13/2025,10,20,8,10:20:08,99,Tahap-2
01/13/2025,10,20,8,10:20:08,151,Tahap-2
01/13/2025,10,20,8,10:20:08,191,Tahap-2
01/13/2025,10,20,8,10:20:08,173,Tahap-2
01/13/2025,10,20,8,10:20:08,137,Tahap-2
01/13/2025,10,20,8,10:20:08,101,Tahap-2
01/13/2025,10,20,8,10:20:08,106,Tahap-2
01/13/2025,10,20,9,10:20:09,178,Tahap-2
01/13/2025,10,20,9,10:20:09,121,Tahap-2
01/13/2025,10,20,9,10:20:09,79,Tahap-2
01/13/2025,10,20,9,10:20:09,43,Tahap-2
01/13/2025,10,20,9,10:20:09,90,Tahap-2
01/13/2025,10,20,9,10:20:09,187,Tahap-2
01/13/2025,10,20,9,10:20:09,115,Tahap-2
01/13/2025,10,20,9,10:20:09,155,Tahap-2
01/13/2025,10,20,9,10:20:09,971,Tahap-2
01/13/2025,10,20,9,10:20:09,98,Tahap-2
01/13/2025,10,20,10,10:20:10,64,Tahap-2
01/13/2025,10,20,10,10:20:10,100,Tahap-2
01/13/2025,10,20,10,10:20:10,45,Tahap-2
01/13/2025,10,20,10,10:20:10,173,Tahap-2
01/13/2025,10,20,10,10:20:10,77,Tahap-2
01/13/2025,10,20,10,10:20:10,220,Tahap-2
01/13/2025,10,20,10,10:20:10,99,Tahap-2
01/13/2025,10,20,10,10:20:10,63,Tahap-2
01/13/2025,10,20,10,10:20:10,82,Tahap-2
01/13/2025,10,20,10,10:20:10,47,Tahap-2
01/13/2025,10,20,11,10:20:11,86,Tahap-2
01/13/2025,10,20,11,10:20:11,110,Tahap-2
01/13/2025,10,20,11,10:20:11,137,Tahap-2
01/13/2025,10,20,11,10:20:11,57,Tahap-2
01/13/2025,10,20,11,10:20:11,106,Tahap-2
01/13/2025,10,20,11,10:20:11,81,Tahap-2
01/13/2025,10,20,11,10:20:11,104,Tahap-2
01/13/2025,10,20,11,10:20:11,16,Tahap-2
01/13/2025,10,20,11,10:20:11,289,Tahap-2
01/13/2025,10,20,11,10:20:11,112,Tahap-2
01/13/2025,10,20,12,10:20:12,82,Tahap-2
01/13/2025,10,20,12,10:20:12,671,Tahap-2
01/13/2025,10,20,12,10:20:12,156,Tahap-2
01/13/2025,10,20,12,10:20:12,200,Tahap-2
01/13/2025,10,20,12,10:20:12,132,Tahap-2
01/13/2025,10,20,12,10:20:12,189,Tahap-2
01/13/2025,10,20,12,10:20:12,162,Tahap-2
01/13/2025,10,20,12,10:20:12,112,Tahap-2
01/13/2025,10,20,12,10:20:12,98,Tahap-2
01/13/2025,10,20,12,10:20:12,40,Tahap-2
01/13/2025,10,20,13,10:20:13,121,Tahap-2
01/13/2025,10,20,13,10:20:13,74,Tahap-2
01/13/2025,10,20,13,10:20:13,124,Tahap-2
01/13/2025,10,20,13,10:20:13,159,Tahap-2
01/13/2025,10,20,13,10:20:13,127,Tahap-2
01/13/2025,10,20,13,10:20:13,157,Tahap-2
01/13/2025,10,20,13,10:20:13,193,Tahap-2
01/13/2025,10,20,13,10:20:13,140,Tahap-2
01/13/2025,10,20,13,10:20:13,218,Tahap-2
01/13/2025,10,20,13,10:20:13,190,Tahap-2
01/13/2025,10,20,14,10:20:14,397,Tahap-2
01/13/2025,10,20,14,10:20:14,271,Tahap-2
01/13/2025,10,20,14,10:20:14,211,Tahap-2
01/13/2025,10,20,14,10:20:14,729,Tahap-2
01/13/2025,10,20,14,10:20:14,1659,Tahap-2
01/13/2025,10,20,15,10:20:15,134,Tahap-2
01/13/2025,10,20,15,10:20:15,335,Tahap-2
01/13/2025,10,20,15,10:20:15,178,Tahap-2
01/13/2025,10,20,15,10:20:15,163,Tahap-2
01/13/2025,10,20,15,10:20:15,122,Tahap-2
01/13/2025,10,20,15,10:20:15,52,Tahap-2
01/13/2025,10,20,15,10:20:15,128,Tahap-2
01/13/2025,10,20,15,10:20:15,170,Tahap-2
01/13/2025,10,20,15,10:20:15,147,Tahap-2
01/13/2025,10,20,15,10:20:15,61,Tahap-2
01/13/2025,10,20,15,10:20:15,86,Tahap-2
01/13/2025,10,20,15,10:20:15,61,Tahap-2
01/13/2025,10,20,15,10:20:15,75,Tahap-2
01/13/2025,10,20,15,10:20:15,290,Tahap-2
01/13/2025,10,20,15,10:20:15,194,Tahap-2
01/13/2025,10,20,16,10:20:16,291,Tahap-2
01/13/2025,10,20,16,10:20:16,1315,Tahap-2
01/13/2025,10,20,16,10:20:16,315,Tahap-2
01/13/2025,10,20,16,10:20:16,532,Tahap-2
01/13/2025,10,20,16,10:20:16,417,Tahap-2
01/13/2025,10,20,16,10:20:16,346,Tahap-2
01/13/2025,10,20,16,10:20:16,515,Tahap-2
01/13/2025,10,20,16,10:20:16,863,Tahap-2
01/13/2025,10,20,16,10:20:16,180,Tahap-2
01/13/2025,10,20,16,10:20:16,484,Tahap-2
01/13/2025,10,20,17,10:20:17,342,Tahap-2
01/13/2025,10,20,17,10:20:17,164,Tahap-2
01/13/2025,10,20,17,10:20:17,194,Tahap-2
01/13/2025,10,20,17,10:20:17,265,Tahap-2
01/13/2025,10,20,17,10:20:17,65,Tahap-2
01/13/2025,10,20,17,10:20:17,78,Tahap-2
01/13/2025,10,20,17,10:20:17,72,Tahap-2
01/13/2025,10,20,17,10:20:17,172,Tahap-2
01/13/2025,10,20,17,10:20:17,93,Tahap-2
01/13/2025,10,20,17,10:20:17,130,Tahap-2
01/13/2025,10,20,18,10:20:18,10,Tahap-2
01/13/2025,10,20,18,10:20:18,310,Tahap-2
01/13/2025,10,20,18,10:20:18,119,Tahap-2
01/13/2025,10,20,18,10:20:18,137,Tahap-2
01/13/2025,10,20,18,10:20:18,564,Tahap-2
01/13/2025,10,20,18,10:20:18,191,Tahap-2
01/13/2025,10,20,18,10:20:18,366,Tahap-2
01/13/2025,10,20,18,10:20:18,467,Tahap-2
01/13/2025,10,20,18,10:20:18,437,Tahap-2
01/13/2025,10,20,18,10:20:18,691,Tahap-2
01/13/2025,10,20,19,10:20:19,463,Tahap-2
01/13/2025,10,20,19,10:20:19,256,Tahap-2
01/13/2025,10,20,19,10:20:19,293,Tahap-2
01/13/2025,10,20,19,10:20:19,222,Tahap-2
01/13/2025,10,20,19,10:20:19,67,Tahap-2
01/13/2025,10,20,19,10:20:19,183,Tahap-2
01/13/2025,10,20,19,10:20:19,74,Tahap-2
01/13/2025,10,20,19,10:20:19,144,Tahap-2
01/13/2025,10,20,19,10:20:19,261,Tahap-2
01/13/2025,10,20,19,10:20:19,126,Tahap-2
01/13/2025,10,20,20,10:20:20,198,Tahap-2
01/13/2025,10,20,20,10:20:20,151,Tahap-2
01/13/2025,10,20,20,10:20:20,999,Tahap-2
01/13/2025,10,20,20,10:20:20,-320,Tahap-2
01/13/2025,10,20,20,10:20:20,32,Tahap-2
01/13/2025,10,20,20,10:20:20,-96,Tahap-2
01/13/2025,10,20,20,10:20:20,208,Tahap-2
01/13/2025,10,20,20,10:20:20,-48,Tahap-2
01/13/2025,10,20,20,10:20:20,56,Tahap-2
01/13/2025,10,20,20,10:20:20,152,Tahap-2
01/13/2025,10,20,21,10:20:21,120,Tahap-2
01/13/2025,10,20,21,10:20:21,-208,Tahap-2
01/13/2025,10,20,21,10:20:21,40,Tahap-2
01/13/2025,10,20,21,10:20:21,152,Tahap-2
01/13/2025,10,20,21,10:20:21,-184,Tahap-2
01/13/2025,10,20,21,10:20:21,-216,Tahap-2
01/13/2025,10,20,21,10:20:21,48,Tahap-2
01/13/2025,10,20,21,10:20:21,224,Tahap-2
01/13/2025,10,20,21,10:20:21,-104,Tahap-2
01/13/2025,10,20,21,10:20:21,176,Tahap-2
01/13/2025,10,20,22,10:20:22,208,Tahap-2
01/13/2025,10,20,22,10:20:22,48,Tahap-2
01/13/2025,10,20,22,10:20:22,-32,Tahap-2
01/13/2025,10,20,22,10:20:22,64,Tahap-2
01/13/2025,10,20,22,10:20:22,152,Tahap-2
01/13/2025,10,20,22,10:20:22,-40,Tahap-2
01/13/2025,10,20,22,10:20:22,-40,Tahap-2
01/13/2025,10,20,22,10:20:22,-120,Tahap-2
01/13/2025,10,20,22,10:20:22,328,Tahap-2
01/13/2025,10,20,22,10:20:22,-32,Tahap-2
01/13/2025,10,20,23,10:20:23,-88,Tahap-2
01/13/2025,10,20,23,10:20:23,408,Tahap-2
01/13/2025,10,20,23,10:20:23,64,Tahap-2
01/13/2025,10,20,23,10:20:23,-144,Tahap-2
01/13/2025,10,20,23,10:20:23,144,Tahap-2
01/13/2025,10,20,23,10:20:23,88,Tahap-2
01/13/2025,10,20,23,10:20:23,-32,Tahap-2
01/13/2025,10,20,23,10:20:23,24,Tahap-2
01/13/2025,10,20,23,10:20:23,-48,Tahap-2
01/13/2025,10,20,23,10:20:23,88,Tahap-2
01/13/2025,10,20,24,10:20:24,232,Tahap-2
01/13/2025,10,20,24,10:20:24,-40,Tahap-2
01/13/2025,10,20,24,10:20:24,200,Tahap-2
01/13/2025,10,20,24,10:20:24,472,Tahap-2
01/13/2025,10,20,24,10:20:24,-176,Tahap-2
01/13/2025,10,20,24,10:20:24,328,Tahap-2
01/13/2025,10,20,24,10:20:24,-80,Tahap-2
01/13/2025,10,20,24,10:20:24,-56,Tahap-2
01/13/2025,10,20,24,10:20:24,48,Tahap-2
01/13/2025,10,20,25,10:20:25,128,Tahap-2
01/13/2025,10,20,25,10:20:25,96,Tahap-2
01/13/2025,10,20,25,10:20:25,-40,Tahap-2
01/13/2025,10,20,25,10:20:25,160,Tahap-2
01/13/2025,10,20,25,10:20:25,144,Tahap-2
01/13/2025,10,20,25,10:20:25,160,Tahap-2
01/13/2025,10,20,25,10:20:25,-192,Tahap-2
01/13/2025,10,20,25,10:20:25,224,Tahap-2
01/13/2025,10,20,25,10:20:25,40,Tahap-2
01/13/2025,10,20,25,10:20:25,-48,Tahap-2
01/13/2025,10,20,26,10:20:26,-144,Tahap-2
01/13/2025,10,20,26,10:20:26,304,Tahap-2
01/13/2025,10,20,26,10:20:26,32,Tahap-2
01/13/2025,10,20,26,10:20:26,8,Tahap-2
01/13/2025,10,20,26,10:20:26,208,Tahap-2
01/13/2025,10,20,26,10:20:26,96,Tahap-2
01/13/2025,10,20,26,10:20:26,-56,Tahap-2
01/13/2025,10,20,26,10:20:26,48,Tahap-2
01/13/2025,10,20,26,10:20:26,-16,Tahap-2
01/13/2025,10,20,26,10:20:26,40,Tahap-2
01/13/2025,10,20,27,10:20:27,-136,Tahap-2
01/13/2025,10,20,27,10:20:27,-152,Tahap-2
01/13/2025,10,20,27,10:20:27,104,Tahap-2
01/13/2025,10,20,27,10:20:27,216,Tahap-2
01/13/2025,10,20,27,10:20:27,-152,Tahap-2
01/13/2025,10,20,27,10:20:27,248,Tahap-2
01/13/2025,10,20,27,10:20:27,104,Tahap-2
01/13/2025,10,20,27,10:20:27,-72,Tahap-2
01/13/2025,10,20,27,10:20:27,-56,Tahap-2
01/13/2025,10,20,27,10:20:27,184,Tahap-2
01/13/2025,10,20,28,10:20:28,-256,Tahap-2
01/13/2025,10,20,28,10:20:28,-24,Tahap-2
01/13/2025,10,20,28,10:20:28,-120,Tahap-2
01/13/2025,10,20,28,10:20:28,24,Tahap-2
01/13/2025,10,20,28,10:20:28,144,Tahap-2
01/13/2025,10,20,28,10:20:28,48,Tahap-2
01/13/2025,10,20,28,10:20:28,-32,Tahap-2
01/13/2025,10,20,28,10:20:28,336,Tahap-2
01/13/2025,10,20,28,10:20:28,-96,Tahap-2
01/13/2025,10,20,28,10:20:28,-104,Tahap-2
01/13/2025,10,20,29,10:20:29,192,Tahap-2
01/13/2025,10,20,29,10:20:29,224,Tahap-2
01/13/2025,10,20,29,10:20:29,-280,Tahap-2
01/13/2025,10,20,29,10:20:29,80,Tahap-2
01/13/2025,10,20,29,10:20:29,-40,Tahap-2
01/13/2025,10,20,29,10:20:29,120,Tahap-2
01/13/2025,10,20,29,10:20:29,144,Tahap-2
01/13/2025,10,20,29,10:20:29,104,Tahap-2
01/13/2025,10,20,29,10:20:29,232,Tahap-2
01/13/2025,10,20,30,10:20:30,-168,Tahap-2
01/13/2025,10,20,30,10:20:30,-24,Tahap-2
01/13/2025,10,20,30,10:20:30,312,Tahap-2
01/13/2025,10,20,30,10:20:30,-184,Tahap-2
01/13/2025,10,20,30,10:20:30,-224,Tahap-2
01/13/2025,10,20,30,10:20:30,40,Tahap-2
01/13/2025,10,20,30,10:20:30,-176,Tahap-2
01/13/2025,10,20,30,10:20:30,296,Tahap-2
01/13/2025,10,20,30,10:20:30,-184,Tahap-2
01/13/2025,10,20,30,10:20:30,232,Tahap-2
01/13/2025,10,20,31,10:20:31,-48,Tahap-2
01/13/2025,10,20,31,10:20:31,48,Tahap-2
01/13/2025,10,20,31,10:20:31,-336,Tahap-2
01/13/2025,10,20,31,10:20:31,240,Tahap-2
01/13/2025,10,20,31,10:20:31,-112,Tahap-2
01/13/2025,10,20,31,10:20:31,-184,Tahap-2
01/13/2025,10,20,31,10:20:31,-208,Tahap-2
01/13/2025,10,20,31,10:20:31,-80,Tahap-2
01/13/2025,10,20,31,10:20:31,344,Tahap-2
01/13/2025,10,20,31,10:20:31,-168,Tahap-2
01/13/2025,10,20,32,10:20:32,16,Tahap-2
01/13/2025,10,20,32,10:20:32,304,Tahap-2
01/13/2025,10,20,32,10:20:32,-280,Tahap-2
01/13/2025,10,20,32,10:20:32,-8,Tahap-2
01/13/2025,10,20,32,10:20:32,-104,Tahap-2
01/13/2025,10,20,32,10:20:32,-8,Tahap-2
01/13/2025,10,20,32,10:20:32,-192,Tahap-2
01/13/2025,10,20,32,10:20:32,-280,Tahap-2
01/13/2025,10,20,32,10:20:32,288,Tahap-2
01/13/2025,10,20,33,10:20:33,-80,Tahap-2
01/13/2025,10,20,33,10:20:33,-336,Tahap-2
01/13/2025,10,20,57,10:20:57,825,Tahap-2
01/13/2025,10,20,57,10:20:57,675,Tahap-2
01/13/2025,10,20,57,10:20:57,208,Tahap-2
01/13/2025,10,20,57,10:20:57,418,Tahap-2
01/13/2025,10,20,57,10:20:57,296,Tahap-2
01/13/2025,10,20,58,10:20:58,187,Tahap-2
01/13/2025,10,20,58,10:20:58,277,Tahap-2
01/13/2025,10,20,58,10:20:58,173,Tahap-2
01/13/2025,10,20,58,10:20:58,220,Tahap-2
01/13/2025,10,20,58,10:20:58,141,Tahap-2
01/13/2025,10,20,58,10:20:58,168,Tahap-2
01/13/2025,10,20,58,10:20:58,127,Tahap-2
01/13/2025,10,20,58,10:20:58,135,Tahap-2
01/13/2025,10,20,58,10:20:58,156,Tahap-2
01/13/2025,10,20,58,10:20:58,97,Tahap-2
01/13/2025,10,20,59,10:20:59,4,Tahap-2
01/13/2025,10,20,59,10:20:59,152,Tahap-2
01/13/2025,10,20,59,10:20:59,99,Tahap-2
01/13/2025,10,20,59,10:20:59,116,Tahap-2
01/13/2025,10,20,59,10:20:59,167,Tahap-2
01/13/2025,10,20,59,10:20:59,173,Tahap-2
01/13/2025,10,20,59,10:20:59,251,Tahap-2
01/13/2025,10,20,59,10:20:59,759,Tahap-2
01/13/2025,10,20,59,10:20:59,239,Tahap-2
01/13/2025,10,20,59,10:20:59,140,Tahap-2
01/13/2025,10,21,1,10:21:01,176,Tahap-2
01/13/2025,10,21,1,10:21:01,110,Tahap-2
01/13/2025,10,21,1,10:21:01,90,Tahap-2
01/13/2025,10,21,1,10:21:01,62,Tahap-2
01/13/2025,10,21,1,10:21:01,156,Tahap-2
01/13/2025,10,21,1,10:21:01,91,Tahap-2
01/13/2025,10,21,1,10:21:01,125,Tahap-2
01/13/2025,10,21,1,10:21:01,359,Tahap-2
01/13/2025,10,21,1,10:21:01,263,Tahap-2
01/13/2025,10,21,1,10:21:01,518,Tahap-2
01/13/2025,10,21,2,10:21:02,470,Tahap-2
01/13/2025,10,21,2,10:21:02,64,Tahap-2
01/13/2025,10,21,2,10:21:02,66,Tahap-2
01/13/2025,10,21,2,10:21:02,36,Tahap-2
01/13/2025,10,21,2,10:21:02,181,Tahap-2
01/13/2025,10,21,2,10:21:02,70,Tahap-2
01/13/2025,10,21,2,10:21:02,47,Tahap-2
01/13/2025,10,21,2,10:21:02,130,Tahap-2
01/13/2025,10,21,2,10:21:02,134,Tahap-2
01/13/2025,10,21,2,10:21:02,125,Tahap-2
01/13/2025,10,21,3,10:21:03,39,Tahap-2
01/13/2025,10,21,3,10:21:03,101,Tahap-2
01/13/2025,10,21,3,10:21:03,123,Tahap-2
01/13/2025,10,21,3,10:21:03,27,Tahap-2
01/13/2025,10,21,3,10:21:03,75,Tahap-2
01/13/2025,10,21,3,10:21:03,115,Tahap-2
01/13/2025,10,21,3,10:21:03,121,Tahap-2
01/13/2025,10,21,3,10:21:03,115,Tahap-2
01/13/2025,10,21,3,10:21:03,28,Tahap-2
01/13/2025,10,21,3,10:21:03,55,Tahap-2
01/13/2025,10,21,4,10:21:04,159,Tahap-2
01/13/2025,10,21,4,10:21:04,612,Tahap-2
01/13/2025,10,21,4,10:21:04,1438,Tahap-2
01/13/2025,10,21,4,10:21:04,776,Tahap-2
01/13/2025,10,21,4,10:21:04,478,Tahap-2
01/13/2025,10,21,4,10:21:04,508,Tahap-2
01/13/2025,10,21,4,10:21:04,374,Tahap-2
01/13/2025,10,21,4,10:21:04,267,Tahap-2
01/13/2025,10,21,4,10:21:04,178,Tahap-2
01/13/2025,10,21,4,10:21:04,253,Tahap-2
01/13/2025,10,21,5,10:21:05,220,Tahap-2
01/13/2025,10,21,5,10:21:05,237,Tahap-2
01/13/2025,10,21,5,10:21:05,169,Tahap-2
01/13/2025,10,21,5,10:21:05,157,Tahap-2
01/13/2025,10,21,5,10:21:05,141,Tahap-2
01/13/2025,10,21,5,10:21:05,124,Tahap-2
01/13/2025,10,21,5,10:21:05,135,Tahap-2
01/13/2025,10,21,5,10:21:05,287,Tahap-2
01/13/2025,10,21,5,10:21:05,218,Tahap-2
01/13/2025,10,21,5,10:21:05,818,Tahap-2
01/13/2025,10,21,6,10:21:06,1192,Tahap-2
01/13/2025,10,21,6,10:21:06,303,Tahap-2
01/13/2025,10,21,6,10:21:06,230,Tahap-2
01/13/2025,10,21,6,10:21:06,307,Tahap-2
01/13/2025,10,21,6,10:21:06,617,Tahap-2
01/13/2025,10,21,6,10:21:06,1122,Tahap-2
01/13/2025,10,21,6,10:21:06,796,Tahap-2
01/13/2025,10,21,6,10:21:06,347,Tahap-2
01/13/2025,10,21,6,10:21:06,399,Tahap-2
01/13/2025,10,21,6,10:21:06,275,Tahap-2
01/13/2025,10,21,7,10:21:07,366,Tahap-2
01/13/2025,10,21,7,10:21:07,83,Tahap-2
01/13/2025,10,21,7,10:21:07,146,Tahap-2
01/13/2025,10,21,7,10:21:07,283,Tahap-2
01/13/2025,10,21,7,10:21:07,305,Tahap-2
01/13/2025,10,21,7,10:21:07,263,Tahap-2
01/13/2025,10,21,7,10:21:07,122,Tahap-2
01/13/2025,10,21,7,10:21:07,176,Tahap-2
01/13/2025,10,21,7,10:21:07,215,Tahap-2
01/13/2025,10,21,7,10:21:07,74,Tahap-2
01/13/2025,10,21,8,10:21:08,283,Tahap-2
01/13/2025,10,21,8,10:21:08,167,Tahap-2
01/13/2025,10,21,8,10:21:08,205,Tahap-2
01/13/2025,10,21,8,10:21:08,329,Tahap-2
01/13/2025,10,21,8,10:21:08,61,Tahap-2
01/13/2025,10,21,8,10:21:08,371,Tahap-2
01/13/2025,10,21,8,10:21:08,408,Tahap-2
01/13/2025,10,21,8,10:21:08,397,Tahap-2
01/13/2025,10,21,8,10:21:08,544,Tahap-2
01/13/2025,10,21,8,10:21:08,597,Tahap-2
01/13/2025,10,21,9,10:21:09,237,Tahap-2
01/13/2025,10,21,9,10:21:09,117,Tahap-2
01/13/2025,10,21,9,10:21:09,219,Tahap-2
01/13/2025,10,21,9,10:21:09,158,Tahap-2
01/13/2025,10,21,9,10:21:09,81,Tahap-2
01/13/2025,10,21,9,10:21:09,262,Tahap-2
01/13/2025,10,21,9,10:21:09,103,Tahap-2
01/13/2025,10,21,9,10:21:09,147,Tahap-2
01/13/2025,10,21,9,10:21:09,329,Tahap-2
01/13/2025,10,21,9,10:21:09,396,Tahap-2
01/13/2025,10,21,10,10:21:10,536,Tahap-2
01/13/2025,10,21,10,10:21:10,389,Tahap-2
01/13/2025,10,21,10,10:21:10,-80,Tahap-2
01/13/2025,10,21,10,10:21:10,48,Tahap-2
01/13/2025,10,21,10,10:21:10,40,Tahap-2
01/13/2025,10,21,10,10:21:10,-68,Tahap-2
01/13/2025,10,21,10,10:21:10,-16,Tahap-2
01/13/2025,10,21,10,10:21:10,48,Tahap-2
01/13/2025,10,21,10,10:21:10,-8,Tahap-2
01/13/2025,10,21,10,10:21:10,-4,Tahap-2
01/13/2025,10,21,11,10:21:11,-92,Tahap-2
01/13/2025,10,21,11,10:21:11,68,Tahap-2
01/13/2025,10,21,11,10:21:11,-76,Tahap-2
01/13/2025,10,21,11,10:21:11,-64,Tahap-2
01/13/2025,10,21,11,10:21:11,-100,Tahap-2
01/13/2025,10,21,11,10:21:11,192,Tahap-2
01/13/2025,10,21,11,10:21:11,-60,Tahap-2
01/13/2025,10,21,11,10:21:11,8,Tahap-2
01/13/2025,10,21,11,10:21:11,96,Tahap-2
01/13/2025,10,21,11,10:21:11,-32,Tahap-2
01/13/2025,10,21,12,10:21:12,-36,Tahap-2
01/13/2025,10,21,12,10:21:12,76,Tahap-2
01/13/2025,10,21,12,10:21:12,4,Tahap-2
01/13/2025,10,21,12,10:21:12,-56,Tahap-2
01/13/2025,10,21,12,10:21:12,-44,Tahap-2
01/13/2025,10,21,12,10:21:12,-88,Tahap-2
01/13/2025,10,21,12,10:21:12,64,Tahap-2
01/13/2025,10,21,12,10:21:12,60,Tahap-2
01/13/2025,10,21,12,10:21:12,-176,Tahap-2
01/13/2025,10,21,12,10:21:12,160,Tahap-2
01/13/2025,10,21,13,10:21:13,-4,Tahap-2
01/13/2025,10,21,13,10:21:13,-64,Tahap-2
01/13/2025,10,21,13,10:21:13,-24,Tahap-2
01/13/2025,10,21,13,10:21:13,108,Tahap-2
01/13/2025,10,21,13,10:21:13,-164,Tahap-2
01/13/2025,10,21,13,10:21:13,20,Tahap-2
01/13/2025,10,21,13,10:21:13,-88,Tahap-2
01/13/2025,10,21,13,10:21:13,12,Tahap-2
01/13/2025,10,21,13,10:21:13,44,Tahap-2
01/13/2025,10,21,13,10:21:13,8,Tahap-2
01/13/2025,10,21,14,10:21:14,-36,Tahap-2
01/13/2025,10,21,14,10:21:14,100,Tahap-2
01/13/2025,10,21,14,10:21:14,-104,Tahap-2
01/13/2025,10,21,14,10:21:14,-72,Tahap-2
01/13/2025,10,21,14,10:21:14,96,Tahap-2
01/13/2025,10,21,15,10:21:15,24,Tahap-2
01/13/2025,10,21,15,10:21:15,-184,Tahap-2
01/13/2025,10,21,15,10:21:15,4,Tahap-2
01/13/2025,10,21,15,10:21:15,-28,Tahap-2
01/13/2025,10,21,15,10:21:15,60,Tahap-2
01/13/2025,10,21,15,10:21:15,-48,Tahap-2
01/13/2025,10,21,15,10:21:15,36,Tahap-2
01/13/2025,10,21,15,10:21:15,-40,Tahap-2
01/13/2025,10,21,15,10:21:15,12,Tahap-2
01/13/2025,10,21,15,10:21:15,-164,Tahap-2
01/13/2025,10,21,15,10:21:15,36,Tahap-2
01/13/2025,10,21,15,10:21:15,12,Tahap-2
01/13/2025,10,21,15,10:21:15,-64,Tahap-2
01/13/2025,10,21,15,10:21:15,-120,Tahap-2
01/13/2025,10,21,15,10:21:15,-64,Tahap-2
01/13/2025,10,21,16,10:21:16,104,Tahap-2
01/13/2025,10,21,16,10:21:16,-60,Tahap-2
01/13/2025,10,21,16,10:21:16,4,Tahap-2
01/13/2025,10,21,16,10:21:16,180,Tahap-2
01/13/2025,10,21,16,10:21:16,-104,Tahap-2
01/13/2025,10,21,16,10:21:16,-32,Tahap-2
01/13/2025,10,21,16,10:21:16,8,Tahap-2
01/13/2025,10,21,16,10:21:16,20,Tahap-2
01/13/2025,10,21,16,10:21:16,-108,Tahap-2
01/13/2025,10,21,16,10:21:16,-32,Tahap-2
01/13/2025,10,21,17,10:21:17,-128,Tahap-2
01/13/2025,10,21,17,10:21:17,120,Tahap-2
01/13/2025,10,21,17,10:21:17,-64,Tahap-2
01/13/2025,10,21,17,10:21:17,-92,Tahap-2
01/13/2025,10,21,17,10:21:17,108,Tahap-2
01/13/2025,10,21,17,10:21:17,88,Tahap-2
01/13/2025,10,21,17,10:21:17,-236,Tahap-2
01/13/2025,10,21,17,10:21:17,112,Tahap-2
01/13/2025,10,21,17,10:21:17,12,Tahap-2
01/13/2025,10,21,17,10:21:17,-112,Tahap-2
01/13/2025,10,21,18,10:21:18,-60,Tahap-2
01/13/2025,10,21,18,10:21:18,-32,Tahap-2
01/13/2025,10,21,18,10:21:18,80,Tahap-2
01/13/2025,10,21,18,10:21:18,-80,Tahap-2
01/13/2025,10,21,18,10:21:18,44,Tahap-2
01/13/2025,10,21,18,10:21:18,48,Tahap-2
01/13/2025,10,21,18,10:21:18,-24,Tahap-2
01/13/2025,10,21,18,10:21:18,-104,Tahap-2
01/13/2025,10,21,18,10:21:18,128,Tahap-2
01/13/2025,10,21,19,10:21:19,-92,Tahap-2
01/13/2025,10,21,19,10:21:19,-80,Tahap-2
01/13/2025,10,21,19,10:21:19,-76,Tahap-2
01/13/2025,10,21,19,10:21:19,52,Tahap-2
01/13/2025,10,21,19,10:21:19,8,Tahap-2
01/13/2025,10,21,19,10:21:19,-56,Tahap-2
01/13/2025,10,21,19,10:21:19,40,Tahap-2
01/13/2025,10,21,19,10:21:19,60,Tahap-2
01/13/2025,10,21,19,10:21:19,-12,Tahap-2
01/13/2025,10,21,19,10:21:19,-28,Tahap-2
01/13/2025,10,21,20,10:21:20,64,Tahap-2
01/13/2025,10,21,20,10:21:20,-4,Tahap-2
01/13/2025,10,21,20,10:21:20,-72,Tahap-2
01/13/2025,10,21,20,10:21:20,-56,Tahap-2
01/13/2025,10,21,20,10:21:20,4,Tahap-2
01/13/2025,10,21,20,10:21:20,196,Tahap-2
01/13/2025,10,21,20,10:21:20,-116,Tahap-2
01/13/2025,10,21,20,10:21:20,104,Tahap-2
01/13/2025,10,21,20,10:21:20,64,Tahap-2
01/13/2025,10,21,20,10:21:20,-44,Tahap-2
01/13/2025,10,21,21,10:21:21,-44,Tahap-2
01/13/2025,10,21,21,10:21:21,108,Tahap-2
01/13/2025,10,21,21,10:21:21,-60,Tahap-2
01/13/2025,10,21,21,10:21:21,-32,Tahap-2
01/13/2025,10,21,21,10:21:21,-4,Tahap-2
01/13/2025,10,21,21,10:21:21,-64,Tahap-2
01/13/2025,10,21,21,10:21:21,156,Tahap-2
01/13/2025,10,21,21,10:21:21,-24,Tahap-2
01/13/2025,10,21,21,10:21:21,-40,Tahap-2
01/13/2025,10,21,21,10:21:21,160,Tahap-2
01/13/2025,10,21,22,10:21:22,-40,Tahap-2
01/13/2025,10,21,22,10:21:22,-120,Tahap-2
01/13/2025,10,21,22,10:21:22,112,Tahap-2
01/13/2025,10,21,22,10:21:22,32,Tahap-2
01/13/2025,10,21,22,10:21:22,-140,Tahap-2
01/13/2025,10,21,22,10:21:22,-20,Tahap-2
01/13/2025,10,21,22,10:21:22,-72,Tahap-2
01/13/2025,10,21,22,10:21:22,92,Tahap-2
01/13/2025,10,21,22,10:21:22,72,Tahap-2
01/13/2025,10,21,22,10:21:22,-60,Tahap-2
01/13/2025,10,21,23,10:21:23,88,Tahap-2
01/13/2025,10,21,47,10:21:47,2672,Tahap-2
01/13/2025,10,21,47,10:21:47,840,Tahap-2
01/13/2025,10,21,47,10:21:47,751,Tahap-2
01/13/2025,10,21,47,10:21:47,572,Tahap-2
01/13/2025,10,21,47,10:21:47,317,Tahap-2
01/13/2025,10,21,48,10:21:48,329,Tahap-2
01/13/2025,10,21,48,10:21:48,223,Tahap-2
01/13/2025,10,21,48,10:21:48,274,Tahap-2
01/13/2025,10,21,48,10:21:48,157,Tahap-2
01/13/2025,10,21,48,10:21:48,339,Tahap-2
01/13/2025,10,21,48,10:21:48,212,Tahap-2
01/13/2025,10,21,48,10:21:48,112,Tahap-2
01/13/2025,10,21,48,10:21:48,177,Tahap-2
01/13/2025,10,21,48,10:21:48,258,Tahap-2
01/13/2025,10,21,48,10:21:48,105,Tahap-2
01/13/2025,10,21,48,10:21:48,178,Tahap-2
01/13/2025,10,21,49,10:21:49,171,Tahap-2
01/13/2025,10,21,49,10:21:49,158,Tahap-2
01/13/2025,10,21,49,10:21:49,60,Tahap-2
01/13/2025,10,21,49,10:21:49,56,Tahap-2
01/13/2025,10,21,49,10:21:49,152,Tahap-2
01/13/2025,10,21,49,10:21:49,117,Tahap-2
01/13/2025,10,21,49,10:21:49,1113,Tahap-2
01/13/2025,10,21,49,10:21:49,87,Tahap-2
01/13/2025,10,21,49,10:21:49,115,Tahap-2
01/13/2025,10,21,49,10:21:49,57,Tahap-2
01/13/2025,10,21,50,10:21:50,47,Tahap-2
01/13/2025,10,21,50,10:21:50,120,Tahap-2
01/13/2025,10,21,50,10:21:50,107,Tahap-2
01/13/2025,10,21,50,10:21:50,63,Tahap-2
01/13/2025,10,21,50,10:21:50,111,Tahap-2
01/13/2025,10,21,50,10:21:50,37,Tahap-2
01/13/2025,10,21,50,10:21:50,137,Tahap-2
01/13/2025,10,21,50,10:21:50,17,Tahap-2
01/13/2025,10,21,50,10:21:50,104,Tahap-2
01/13/2025,10,21,50,10:21:50,144,Tahap-2
01/13/2025,10,21,51,10:21:51,68,Tahap-2
01/13/2025,10,21,51,10:21:51,171,Tahap-2
01/13/2025,10,21,51,10:21:51,123,Tahap-2
01/13/2025,10,21,51,10:21:51,105,Tahap-2
01/13/2025,10,21,51,10:21:51,115,Tahap-2
01/13/2025,10,21,51,10:21:51,142,Tahap-2
01/13/2025,10,21,51,10:21:51,360,Tahap-2
01/13/2025,10,21,51,10:21:51,103,Tahap-2
01/13/2025,10,21,51,10:21:51,96,Tahap-2
01/13/2025,10,21,51,10:21:51,440,Tahap-2
01/13/2025,10,21,52,10:21:52,74,Tahap-2
01/13/2025,10,21,52,10:21:52,20,Tahap-2
01/13/2025,10,21,52,10:21:52,110,Tahap-2
01/13/2025,10,21,52,10:21:52,72,Tahap-2
01/13/2025,10,21,52,10:21:52,31,Tahap-2
01/13/2025,10,21,52,10:21:52,86,Tahap-2
01/13/2025,10,21,52,10:21:52,42,Tahap-2
01/13/2025,10,21,52,10:21:52,39,Tahap-2
01/13/2025,10,21,52,10:21:52,34,Tahap-2
01/13/2025,10,21,52,10:21:52,140,Tahap-2
01/13/2025,10,21,53,10:21:53,109,Tahap-2
01/13/2025,10,21,53,10:21:53,178,Tahap-2
01/13/2025,10,21,53,10:21:53,74,Tahap-2
01/13/2025,10,21,53,10:21:53,39,Tahap-2
01/13/2025,10,21,53,10:21:53,93,Tahap-2
01/13/2025,10,21,53,10:21:53,31,Tahap-2
01/13/2025,10,21,53,10:21:53,123,Tahap-2
01/13/2025,10,21,53,10:21:53,183,Tahap-2
01/13/2025,10,21,53,10:21:53,178,Tahap-2
01/13/2025,10,21,53,10:21:53,464,Tahap-2
01/13/2025,10,21,54,10:21:54,371,Tahap-2
01/13/2025,10,21,54,10:21:54,877,Tahap-2
01/13/2025,10,21,54,10:21:54,1475,Tahap-2
01/13/2025,10,21,54,10:21:54,505,Tahap-2
01/13/2025,10,21,54,10:21:54,178,Tahap-2
01/13/2025,10,21,54,10:21:54,118,Tahap-2
01/13/2025,10,21,54,10:21:54,90,Tahap-2
01/13/2025,10,21,54,10:21:54,39,Tahap-2
01/13/2025,10,21,54,10:21:54,136,Tahap-2
01/13/2025,10,21,54,10:21:54,185,Tahap-2
01/13/2025,10,21,55,10:21:55,112,Tahap-2
01/13/2025,10,21,55,10:21:55,135,Tahap-2
01/13/2025,10,21,55,10:21:55,53,Tahap-2
01/13/2025,10,21,55,10:21:55,56,Tahap-2
01/13/2025,10,21,55,10:21:55,69,Tahap-2
01/13/2025,10,21,55,10:21:55,145,Tahap-2
01/13/2025,10,21,55,10:21:55,401,Tahap-2
01/13/2025,10,21,55,10:21:55,413,Tahap-2
01/13/2025,10,21,55,10:21:55,1020,Tahap-2
01/13/2025,10,21,55,10:21:55,883,Tahap-2
01/13/2025,10,21,56,10:21:56,274,Tahap-2
01/13/2025,10,21,56,10:21:56,140,Tahap-2
01/13/2025,10,21,56,10:21:56,301,Tahap-2
01/13/2025,10,21,56,10:21:56,744,Tahap-2
01/13/2025,10,21,56,10:21:56,977,Tahap-2
01/13/2025,10,21,56,10:21:56,805,Tahap-2
01/13/2025,10,21,56,10:21:56,272,Tahap-2
01/13/2025,10,21,56,10:21:56,672,Tahap-2
01/13/2025,10,21,56,10:21:56,230,Tahap-2
01/13/2025,10,21,56,10:21:56,84,Tahap-2
01/13/2025,10,21,57,10:21:57,151,Tahap-2
01/13/2025,10,21,57,10:21:57,150,Tahap-2
01/13/2025,10,21,57,10:21:57,206,Tahap-2
01/13/2025,10,21,57,10:21:57,296,Tahap-2
01/13/2025,10,21,57,10:21:57,58,Tahap-2
01/13/2025,10,21,57,10:21:57,41,Tahap-2
01/13/2025,10,21,57,10:21:57,224,Tahap-2
01/13/2025,10,21,57,10:21:57,191,Tahap-2
01/13/2025,10,21,57,10:21:57,241,Tahap-2
01/13/2025,10,21,57,10:21:57,227,Tahap-2
01/13/2025,10,21,58,10:21:58,104,Tahap-2
01/13/2025,10,21,58,10:21:58,270,Tahap-2
01/13/2025,10,21,58,10:21:58,297,Tahap-2
01/13/2025,10,21,58,10:21:58,311,Tahap-2
01/13/2025,10,21,58,10:21:58,380,Tahap-2
01/13/2025,10,21,58,10:21:58,437,Tahap-2
01/13/2025,10,21,58,10:21:58,345,Tahap-2
01/13/2025,10,21,58,10:21:58,704,Tahap-2
01/13/2025,10,21,58,10:21:58,280,Tahap-2
01/13/2025,10,21,58,10:21:58,101,Tahap-2
01/13/2025,10,21,59,10:21:59,320,Tahap-2
01/13/2025,10,21,59,10:21:59,149,Tahap-2
01/13/2025,10,21,59,10:21:59,324,Tahap-2
01/13/2025,10,21,59,10:21:59,191,Tahap-2
01/13/2025,10,21,59,10:21:59,143,Tahap-2
01/13/2025,10,21,59,10:21:59,61,Tahap-2
01/13/2025,10,21,59,10:21:59,305,Tahap-2
01/13/2025,10,21,59,10:21:59,65,Tahap-2
01/13/2025,10,21,59,10:21:59,68,Tahap-2
01/13/2025,10,21,59,10:21:59,205,Tahap-2
01/13/2025,10,22,1,10:22:01,120,Tahap-2
01/13/2025,10,22,1,10:22:01,-128,Tahap-2
01/13/2025,10,22,1,10:22:01,20,Tahap-2
01/13/2025,10,22,1,10:22:01,28,Tahap-2
01/13/2025,10,22,1,10:22:01,88,Tahap-2
01/13/2025,10,22,1,10:22:01,108,Tahap-2
01/13/2025,10,22,1,10:22:01,-76,Tahap-2
01/13/2025,10,22,1,10:22:01,152,Tahap-2
01/13/2025,10,22,1,10:22:01,56,Tahap-2
01/13/2025,10,22,1,10:22:01,64,Tahap-2
01/13/2025,10,22,2,10:22:02,-92,Tahap-2
01/13/2025,10,22,2,10:22:02,100,Tahap-2
01/13/2025,10,22,2,10:22:02,12,Tahap-2
01/13/2025,10,22,2,10:22:02,-32,Tahap-2
01/13/2025,10,22,2,10:22:02,124,Tahap-2
01/13/2025,10,22,2,10:22:02,200,Tahap-2
01/13/2025,10,22,2,10:22:02,-60,Tahap-2
01/13/2025,10,22,2,10:22:02,148,Tahap-2
01/13/2025,10,22,2,10:22:02,116,Tahap-2
01/13/2025,10,22,3,10:22:03,16,Tahap-2
01/13/2025,10,22,3,10:22:03,64,Tahap-2
01/13/2025,10,22,3,10:22:03,72,Tahap-2
01/13/2025,10,22,3,10:22:03,8,Tahap-2
01/13/2025,10,22,3,10:22:03,-8,Tahap-2
01/13/2025,10,22,3,10:22:03,20,Tahap-2
01/13/2025,10,22,3,10:22:03,4,Tahap-2
01/13/2025,10,22,3,10:22:03,256,Tahap-2
01/13/2025,10,22,3,10:22:03,-36,Tahap-2
01/13/2025,10,22,3,10:22:03,24,Tahap-2
01/13/2025,10,22,4,10:22:04,160,Tahap-2
01/13/2025,10,22,4,10:22:04,4,Tahap-2
01/13/2025,10,22,4,10:22:04,-28,Tahap-2
01/13/2025,10,22,4,10:22:04,188,Tahap-2
01/13/2025,10,22,4,10:22:04,-4,Tahap-2
01/13/2025,10,22,4,10:22:04,4,Tahap-2
01/13/2025,10,22,4,10:22:04,20,Tahap-2
01/13/2025,10,22,4,10:22:04,8,Tahap-2
01/13/2025,10,22,4,10:22:04,176,Tahap-2
01/13/2025,10,22,4,10:22:04,96,Tahap-2
01/13/2025,10,22,5,10:22:05,64,Tahap-2
01/13/2025,10,22,5,10:22:05,144,Tahap-2
01/13/2025,10,22,5,10:22:05,140,Tahap-2
01/13/2025,10,22,5,10:22:05,-52,Tahap-2
01/13/2025,10,22,5,10:22:05,92,Tahap-2
01/13/2025,10,22,5,10:22:05,140,Tahap-2
01/13/2025,10,22,5,10:22:05,-40,Tahap-2
01/13/2025,10,22,5,10:22:05,-24,Tahap-2
01/13/2025,10,22,5,10:22:05,36,Tahap-2
01/13/2025,10,22,5,10:22:05,144,Tahap-2
01/13/2025,10,22,6,10:22:06,32,Tahap-2
01/13/2025,10,22,6,10:22:06,104,Tahap-2
01/13/2025,10,22,6,10:22:06,104,Tahap-2
01/13/2025,10,22,6,10:22:06,92,Tahap-2
01/13/2025,10,22,6,10:22:06,-28,Tahap-2
01/13/2025,10,22,6,10:22:06,24,Tahap-2
01/13/2025,10,22,6,10:22:06,76,Tahap-2
01/13/2025,10,22,6,10:22:06,88,Tahap-2
01/13/2025,10,22,6,10:22:06,-44,Tahap-2
01/13/2025,10,22,6,10:22:06,20,Tahap-2
01/13/2025,10,22,7,10:22:07,124,Tahap-2
01/13/2025,10,22,7,10:22:07,92,Tahap-2
01/13/2025,10,22,7,10:22:07,-24,Tahap-2
01/13/2025,10,22,7,10:22:07,276,Tahap-2
01/13/2025,10,22,7,10:22:07,20,Tahap-2
01/13/2025,10,22,7,10:22:07,56,Tahap-2
01/13/2025,10,22,7,10:22:07,12,Tahap-2
01/13/2025,10,22,7,10:22:07,136,Tahap-2
01/13/2025,10,22,7,10:22:07,4,Tahap-2
01/13/2025,10,22,7,10:22:07,92,Tahap-2
01/13/2025,10,22,8,10:22:08,-64,Tahap-2
01/13/2025,10,22,8,10:22:08,128,Tahap-2
01/13/2025,10,22,8,10:22:08,196,Tahap-2
01/13/2025,10,22,8,10:22:08,-12,Tahap-2
01/13/2025,10,22,8,10:22:08,92,Tahap-2
01/13/2025,10,22,8,10:22:08,248,Tahap-2
01/13/2025,10,22,8,10:22:08,-12,Tahap-2
01/13/2025,10,22,8,10:22:08,-16,Tahap-2
01/13/2025,10,22,8,10:22:08,204,Tahap-2
01/13/2025,10,22,8,10:22:08,8,Tahap-2
01/13/2025,10,22,9,10:22:09,-4,Tahap-2
01/13/2025,10,22,9,10:22:09,48,Tahap-2
01/13/2025,10,22,9,10:22:09,36,Tahap-2
01/13/2025,10,22,9,10:22:09,164,Tahap-2
01/13/2025,10,22,9,10:22:09,40,Tahap-2
01/13/2025,10,22,9,10:22:09,72,Tahap-2
01/13/2025,10,22,9,10:22:09,176,Tahap-2
01/13/2025,10,22,9,10:22:09,152,Tahap-2
01/13/2025,10,22,9,10:22:09,-80,Tahap-2
01/13/2025,10,22,9,10:22:09,184,Tahap-2
01/13/2025,10,22,10,10:22:10,96,Tahap-2
01/13/2025,10,22,10,10:22:10,-8,Tahap-2
01/13/2025,10,22,10,10:22:10,16,Tahap-2
01/13/2025,10,22,10,10:22:10,144,Tahap-2
01/13/2025,10,22,10,10:22:10,164,Tahap-2
01/13/2025,10,22,10,10:22:10,24,Tahap-2
01/13/2025,10,22,10,10:22:10,92,Tahap-2
01/13/2025,10,22,10,10:22:10,176,Tahap-2
01/13/2025,10,22,10,10:22:10,72,Tahap-2
01/13/2025,10,22,10,10:22:10,116,Tahap-2
01/13/2025,10,22,11,10:22:11,40,Tahap-2
01/13/2025,10,22,11,10:22:11,140,Tahap-2
01/13/2025,10,22,11,10:22:11,-20,Tahap-2
01/13/2025,10,22,11,10:22:11,48,Tahap-2
01/13/2025,10,22,11,10:22:11,40,Tahap-2
01/13/2025,10,22,11,10:22:11,224,Tahap-2
01/13/2025,10,22,11,10:22:11,68,Tahap-2
01/13/2025,10,22,11,10:22:11,-20,Tahap-2
01/13/2025,10,22,11,10:22:11,216,Tahap-2
01/13/2025,10,22,11,10:22:11,84,Tahap-2
01/13/2025,10,22,12,10:22:12,48,Tahap-2
01/13/2025,10,22,12,10:22:12,140,Tahap-2
01/13/2025,10,22,12,10:22:12,108,Tahap-2
01/13/2025,10,22,12,10:22:12,24,Tahap-2
01/13/2025,10,22,12,10:22:12,68,Tahap-2
01/13/2025,10,22,12,10:22:12,24,Tahap-2
01/13/2025,10,22,12,10:22:12,104,Tahap-2
01/13/2025,10,22,12,10:22:12,308,Tahap-2
01/13/2025,10,22,12,10:22:12,-88,Tahap-2
01/13/2025,10,22,12,10:22:12,200,Tahap-2
01/13/2025,10,22,37,10:22:37,1090,Tahap-2
01/13/2025,10,22,37,10:22:37,705,Tahap-2
01/13/2025,10,22,37,10:22:37,353,Tahap-2
01/13/2025,10,22,37,10:22:37,132,Tahap-2
01/13/2025,10,22,37,10:22:37,292,Tahap-2
01/13/2025,10,22,37,10:22:37,266,Tahap-2
01/13/2025,10,22,38,10:22:38,164,Tahap-2
01/13/2025,10,22,38,10:22:38,250,Tahap-2
01/13/2025,10,22,38,10:22:38,142,Tahap-2
01/13/2025,10,22,38,10:22:38,76,Tahap-2
01/13/2025,10,22,38,10:22:38,58,Tahap-2
01/13/2025,10,22,38,10:22:38,99,Tahap-2
01/13/2025,10,22,38,10:22:38,69,Tahap-2
01/13/2025,10,22,38,10:22:38,31,Tahap-2
01/13/2025,10,22,38,10:22:38,101,Tahap-2
01/13/2025,10,22,38,10:22:38,154,Tahap-2
01/13/2025,10,22,39,10:22:39,92,Tahap-2
01/13/2025,10,22,39,10:22:39,229,Tahap-2
01/13/2025,10,22,39,10:22:39,119,Tahap-2
01/13/2025,10,22,39,10:22:39,143,Tahap-2
01/13/2025,10,22,39,10:22:39,133,Tahap-2
01/13/2025,10,22,39,10:22:39,122,Tahap-2
01/13/2025,10,22,39,10:22:39,789,Tahap-2
01/13/2025,10,22,39,10:22:39,211,Tahap-2
01/13/2025,10,22,39,10:22:39,134,Tahap-2
01/13/2025,10,22,39,10:22:39,153,Tahap-2
01/13/2025,10,22,39,10:22:39,132,Tahap-2
01/13/2025,10,22,40,10:22:40,74,Tahap-2
01/13/2025,10,22,40,10:22:40,246,Tahap-2
01/13/2025,10,22,40,10:22:40,267,Tahap-2
01/13/2025,10,22,40,10:22:40,107,Tahap-2
01/13/2025,10,22,40,10:22:40,68,Tahap-2
01/13/2025,10,22,40,10:22:40,188,Tahap-2
01/13/2025,10,22,40,10:22:40,126,Tahap-2
01/13/2025,10,22,40,10:22:40,206,Tahap-2
01/13/2025,10,22,40,10:22:40,128,Tahap-2
01/13/2025,10,22,40,10:22:40,25,Tahap-2
01/13/2025,10,22,41,10:22:41,124,Tahap-2
01/13/2025,10,22,41,10:22:41,58,Tahap-2
01/13/2025,10,22,41,10:22:41,211,Tahap-2
01/13/2025,10,22,41,10:22:41,126,Tahap-2
01/13/2025,10,22,41,10:22:41,145,Tahap-2
01/13/2025,10,22,41,10:22:41,544,Tahap-2
01/13/2025,10,22,41,10:22:41,225,Tahap-2
01/13/2025,10,22,41,10:22:41,80,Tahap-2
01/13/2025,10,22,41,10:22:41,336,Tahap-2
01/13/2025,10,22,41,10:22:41,81,Tahap-2
01/13/2025,10,22,42,10:22:42,105,Tahap-2
01/13/2025,10,22,42,10:22:42,81,Tahap-2
01/13/2025,10,22,42,10:22:42,5,Tahap-2
01/13/2025,10,22,42,10:22:42,21,Tahap-2
01/13/2025,10,22,42,10:22:42,74,Tahap-2
01/13/2025,10,22,42,10:22:42,19,Tahap-2
01/13/2025,10,22,42,10:22:42,235,Tahap-2
01/13/2025,10,22,42,10:22:42,42,Tahap-2
01/13/2025,10,22,42,10:22:42,98,Tahap-2
01/13/2025,10,22,42,10:22:42,100,Tahap-2
01/13/2025,10,22,43,10:22:43,139,Tahap-2
01/13/2025,10,22,43,10:22:43,87,Tahap-2
01/13/2025,10,22,43,10:22:43,31,Tahap-2
01/13/2025,10,22,43,10:22:43,56,Tahap-2
01/13/2025,10,22,43,10:22:43,184,Tahap-2
01/13/2025,10,22,43,10:22:43,35,Tahap-2
01/13/2025,10,22,43,10:22:43,56,Tahap-2
01/13/2025,10,22,43,10:22:43,238,Tahap-2
01/13/2025,10,22,43,10:22:43,391,Tahap-2
01/13/2025,10,22,43,10:22:43,458,Tahap-2
01/13/2025,10,22,44,10:22:44,1818,Tahap-2
01/13/2025,10,22,44,10:22:44,665,Tahap-2
01/13/2025,10,22,44,10:22:44,349,Tahap-2
01/13/2025,10,22,44,10:22:44,162,Tahap-2
01/13/2025,10,22,44,10:22:44,108,Tahap-2
01/13/2025,10,22,45,10:22:45,192,Tahap-2
01/13/2025,10,22,45,10:22:45,39,Tahap-2
01/13/2025,10,22,45,10:22:45,50,Tahap-2
01/13/2025,10,22,45,10:22:45,72,Tahap-2
01/13/2025,10,22,45,10:22:45,147,Tahap-2
01/13/2025,10,22,45,10:22:45,73,Tahap-2
01/13/2025,10,22,45,10:22:45,106,Tahap-2
01/13/2025,10,22,45,10:22:45,97,Tahap-2
01/13/2025,10,22,45,10:22:45,52,Tahap-2
01/13/2025,10,22,45,10:22:45,90,Tahap-2
01/13/2025,10,22,45,10:22:45,141,Tahap-2
01/13/2025,10,22,45,10:22:45,280,Tahap-2
01/13/2025,10,22,45,10:22:45,325,Tahap-2
01/13/2025,10,22,45,10:22:45,1379,Tahap-2
01/13/2025,10,22,45,10:22:45,281,Tahap-2
01/13/2025,10,22,46,10:22:46,431,Tahap-2
01/13/2025,10,22,46,10:22:46,81,Tahap-2
01/13/2025,10,22,46,10:22:46,933,Tahap-2
01/13/2025,10,22,46,10:22:46,1329,Tahap-2
01/13/2025,10,22,46,10:22:46,526,Tahap-2
01/13/2025,10,22,46,10:22:46,336,Tahap-2
01/13/2025,10,22,46,10:22:46,209,Tahap-2
01/13/2025,10,22,46,10:22:46,268,Tahap-2
01/13/2025,10,22,46,10:22:46,360,Tahap-2
01/13/2025,10,22,46,10:22:46,56,Tahap-2
01/13/2025,10,22,47,10:22:47,87,Tahap-2
01/13/2025,10,22,47,10:22:47,173,Tahap-2
01/13/2025,10,22,47,10:22:47,127,Tahap-2
01/13/2025,10,22,47,10:22:47,167,Tahap-2
01/13/2025,10,22,47,10:22:47,85,Tahap-2
01/13/2025,10,22,47,10:22:47,95,Tahap-2
01/13/2025,10,22,47,10:22:47,164,Tahap-2
01/13/2025,10,22,47,10:22:47,294,Tahap-2
01/13/2025,10,22,47,10:22:47,73,Tahap-2
01/13/2025,10,22,47,10:22:47,61,Tahap-2
01/13/2025,10,22,48,10:22:48,241,Tahap-2
01/13/2025,10,22,48,10:22:48,221,Tahap-2
01/13/2025,10,22,48,10:22:48,197,Tahap-2
01/13/2025,10,22,48,10:22:48,864,Tahap-2
01/13/2025,10,22,48,10:22:48,175,Tahap-2
01/13/2025,10,22,48,10:22:48,352,Tahap-2
01/13/2025,10,22,48,10:22:48,562,Tahap-2
01/13/2025,10,22,48,10:22:48,383,Tahap-2
01/13/2025,10,22,48,10:22:48,414,Tahap-2
01/13/2025,10,22,48,10:22:48,324,Tahap-2
01/13/2025,10,22,49,10:22:49,339,Tahap-2
01/13/2025,10,22,49,10:22:49,66,Tahap-2
01/13/2025,10,22,49,10:22:49,256,Tahap-2
01/13/2025,10,22,49,10:22:49,239,Tahap-2
01/13/2025,10,22,49,10:22:49,69,Tahap-2
01/13/2025,10,22,49,10:22:49,255,Tahap-2
01/13/2025,10,22,49,10:22:49,152,Tahap-2
01/13/2025,10,22,49,10:22:49,147,Tahap-2
01/13/2025,10,22,49,10:22:49,131,Tahap-2
01/13/2025,10,22,49,10:22:49,686,Tahap-2
01/13/2025,10,22,50,10:22:50,-80,Tahap-2
01/13/2025,10,22,50,10:22:50,296,Tahap-2
01/13/2025,10,22,50,10:22:50,-96,Tahap-2
01/13/2025,10,22,50,10:22:50,168,Tahap-2
01/13/2025,10,22,50,10:22:50,88,Tahap-2
01/13/2025,10,22,50,10:22:50,8,Tahap-2
01/13/2025,10,22,50,10:22:50,-168,Tahap-2
01/13/2025,10,22,50,10:22:50,104,Tahap-2
01/13/2025,10,22,50,10:22:50,72,Tahap-2
01/13/2025,10,22,51,10:22:51,-248,Tahap-2
01/13/2025,10,22,51,10:22:51,48,Tahap-2
01/13/2025,10,22,51,10:22:51,200,Tahap-2
01/13/2025,10,22,51,10:22:51,-88,Tahap-2
01/13/2025,10,22,51,10:22:51,56,Tahap-2
01/13/2025,10,22,51,10:22:51,328,Tahap-2
01/13/2025,10,22,51,10:22:51,-176,Tahap-2
01/13/2025,10,22,51,10:22:51,-112,Tahap-2
01/13/2025,10,22,51,10:22:51,-8,Tahap-2
01/13/2025,10,22,51,10:22:51,48,Tahap-2
01/13/2025,10,22,52,10:22:52,-8,Tahap-2
01/13/2025,10,22,52,10:22:52,8,Tahap-2
01/13/2025,10,22,52,10:22:52,-240,Tahap-2
01/13/2025,10,22,52,10:22:52,328,Tahap-2
01/13/2025,10,22,52,10:22:52,-40,Tahap-2
01/13/2025,10,22,52,10:22:52,-32,Tahap-2
01/13/2025,10,22,52,10:22:52,320,Tahap-2
01/13/2025,10,22,52,10:22:52,264,Tahap-2
01/13/2025,10,22,52,10:22:52,-232,Tahap-2
01/13/2025,10,22,52,10:22:52,304,Tahap-2
01/13/2025,10,22,53,10:22:53,8,Tahap-2
01/13/2025,10,22,53,10:22:53,-136,Tahap-2
01/13/2025,10,22,53,10:22:53,-24,Tahap-2
01/13/2025,10,22,53,10:22:53,-80,Tahap-2
01/13/2025,10,22,53,10:22:53,200,Tahap-2
01/13/2025,10,22,53,10:22:53,144,Tahap-2
01/13/2025,10,22,53,10:22:53,-144,Tahap-2
01/13/2025,10,22,53,10:22:53,128,Tahap-2
01/13/2025,10,22,53,10:22:53,280,Tahap-2
01/13/2025,10,22,53,10:22:53,-120,Tahap-2
01/13/2025,10,22,54,10:22:54,-80,Tahap-2
01/13/2025,10,22,54,10:22:54,256,Tahap-2
01/13/2025,10,22,54,10:22:54,-88,Tahap-2
01/13/2025,10,22,54,10:22:54,-8,Tahap-2
01/13/2025,10,22,54,10:22:54,-80,Tahap-2
01/13/2025,10,22,54,10:22:54,216,Tahap-2
01/13/2025,10,22,54,10:22:54,88,Tahap-2
01/13/2025,10,22,54,10:22:54,-96,Tahap-2
01/13/2025,10,22,54,10:22:54,208,Tahap-2
01/13/2025,10,22,54,10:22:54,88,Tahap-2
01/13/2025,10,22,55,10:22:55,32,Tahap-2
01/13/2025,10,22,55,10:22:55,-32,Tahap-2
01/13/2025,10,22,55,10:22:55,64,Tahap-2
01/13/2025,10,22,55,10:22:55,48,Tahap-2
01/13/2025,10,22,55,10:22:55,-104,Tahap-2
01/13/2025,10,22,55,10:22:55,-88,Tahap-2
01/13/2025,10,22,55,10:22:55,256,Tahap-2
01/13/2025,10,22,55,10:22:55,176,Tahap-2
01/13/2025,10,22,55,10:22:55,-72,Tahap-2
01/13/2025,10,22,55,10:22:55,304,Tahap-2
01/13/2025,10,22,56,10:22:56,208,Tahap-2
01/13/2025,10,22,56,10:22:56,-88,Tahap-2
01/13/2025,10,22,56,10:22:56,224,Tahap-2
01/13/2025,10,22,56,10:22:56,88,Tahap-2
01/13/2025,10,22,56,10:22:56,48,Tahap-2
01/13/2025,10,22,56,10:22:56,64,Tahap-2
01/13/2025,10,22,56,10:22:56,-256,Tahap-2
01/13/2025,10,22,56,10:22:56,192,Tahap-2
01/13/2025,10,22,56,10:22:56,240,Tahap-2
01/13/2025,10,22,56,10:22:56,64,Tahap-2
01/13/2025,10,22,57,10:22:57,8,Tahap-2
01/13/2025,10,22,57,10:22:57,392,Tahap-2
01/13/2025,10,22,57,10:22:57,-144,Tahap-2
01/13/2025,10,22,57,10:22:57,80,Tahap-2
01/13/2025,10,22,57,10:22:57,-24,Tahap-2
01/13/2025,10,22,57,10:22:57,192,Tahap-2
01/13/2025,10,22,57,10:22:57,-48,Tahap-2
01/13/2025,10,22,57,10:22:57,-64,Tahap-2
01/13/2025,10,22,57,10:22:57,128,Tahap-2
01/13/2025,10,22,57,10:22:57,8,Tahap-2
01/13/2025,10,22,58,10:22:58,200,Tahap-2
01/13/2025,10,22,58,10:22:58,-232,Tahap-2
01/13/2025,10,22,58,10:22:58,248,Tahap-2
01/13/2025,10,22,58,10:22:58,128,Tahap-2
01/13/2025,10,22,58,10:22:58,-40,Tahap-2
01/13/2025,10,22,58,10:22:58,328,Tahap-2
01/13/2025,10,22,58,10:22:58,200,Tahap-2
01/13/2025,10,22,58,10:22:58,-224,Tahap-2
01/13/2025,10,22,58,10:22:58,48,Tahap-2
01/13/2025,10,22,59,10:22:59,176,Tahap-2
01/13/2025,10,22,59,10:22:59,112,Tahap-2
01/13/2025,10,22,59,10:22:59,112,Tahap-2
01/13/2025,10,22,59,10:22:59,144,Tahap-2
01/13/2025,10,22,59,10:22:59,136,Tahap-2
01/13/2025,10,22,59,10:22:59,16,Tahap-2
01/13/2025,10,22,59,10:22:59,56,Tahap-2
01/13/2025,10,22,59,10:22:59,24,Tahap-2
01/13/2025,10,22,59,10:22:59,312,Tahap-2
01/13/2025,10,22,59,10:22:59,-72,Tahap-2
01/13/2025,10,23,1,10:23:01,360,Tahap-2
01/13/2025,10,23,1,10:23:01,-312,Tahap-2
01/13/2025,10,23,1,10:23:01,264,Tahap-2
01/13/2025,10,23,1,10:23:01,328,Tahap-2
01/13/2025,10,23,1,10:23:01,-64,Tahap-2
01/13/2025,10,23,1,10:23:01,-96,Tahap-2
01/13/2025,10,23,1,10:23:01,432,Tahap-2
01/13/2025,10,23,1,10:23:01,-176,Tahap-2
01/13/2025,10,23,1,10:23:01,-48,Tahap-2
01/13/2025,10,23,1,10:23:01,80,Tahap-2
01/13/2025,10,23,2,10:23:02,-16,Tahap-2
01/13/2025,10,23,2,10:23:02,272,Tahap-2
01/13/2025,10,23,2,10:23:02,40,Tahap-2
01/13/2025,10,23,2,10:23:02,-120,Tahap-2
01/13/2025,10,23,2,10:23:02,384,Tahap-2
01/13/2025,10,23,2,10:23:02,-72,Tahap-2
01/13/2025,10,23,2,10:23:02,-64,Tahap-2
01/13/2025,10,23,2,10:23:02,168,Tahap-2
01/13/2025,10,23,2,10:23:02,320,Tahap-2
01/13/2025,10,23,27,10:23:27,377,Tahap-2
01/13/2025,10,23,27,10:23:27,161,Tahap-2
01/13/2025,10,23,27,10:23:27,145,Tahap-2
01/13/2025,10,23,27,10:23:27,115,Tahap-2
01/13/2025,10,23,27,10:23:27,121,Tahap-2
01/13/2025,10,23,27,10:23:27,12,Tahap-2
01/13/2025,10,23,27,10:23:27,177,Tahap-2
01/13/2025,10,23,28,10:23:28,15,Tahap-2
01/13/2025,10,23,28,10:23:28,37,Tahap-2
01/13/2025,10,23,28,10:23:28,110,Tahap-2
01/13/2025,10,23,28,10:23:28,96,Tahap-2
01/13/2025,10,23,28,10:23:28,70,Tahap-2
01/13/2025,10,23,28,10:23:28,72,Tahap-2
01/13/2025,10,23,28,10:23:28,38,Tahap-2
01/13/2025,10,23,28,10:23:28,66,Tahap-2
01/13/2025,10,23,28,10:23:28,69,Tahap-2
01/13/2025,10,23,28,10:23:28,121,Tahap-2
01/13/2025,10,23,29,10:23:29,20,Tahap-2
01/13/2025,10,23,29,10:23:29,74,Tahap-2
01/13/2025,10,23,29,10:23:29,128,Tahap-2
01/13/2025,10,23,29,10:23:29,88,Tahap-2
01/13/2025,10,23,29,10:23:29,323,Tahap-2
01/13/2025,10,23,29,10:23:29,775,Tahap-2
01/13/2025,10,23,29,10:23:29,177,Tahap-2
01/13/2025,10,23,29,10:23:29,34,Tahap-2
01/13/2025,10,23,29,10:23:29,72,Tahap-2
01/13/2025,10,23,29,10:23:29,52,Tahap-2
01/13/2025,10,23,30,10:23:30,92,Tahap-2
01/13/2025,10,23,30,10:23:30,134,Tahap-2
01/13/2025,10,23,30,10:23:30,50,Tahap-2
01/13/2025,10,23,30,10:23:30,192,Tahap-2
01/13/2025,10,23,30,10:23:30,93,Tahap-2
01/13/2025,10,23,30,10:23:30,91,Tahap-2
01/13/2025,10,23,30,10:23:30,102,Tahap-2
01/13/2025,10,23,30,10:23:30,88,Tahap-2
01/13/2025,10,23,30,10:23:30,150,Tahap-2
01/13/2025,10,23,30,10:23:30,27,Tahap-2
01/13/2025,10,23,31,10:23:31,56,Tahap-2
01/13/2025,10,23,31,10:23:31,94,Tahap-2
01/13/2025,10,23,31,10:23:31,57,Tahap-2
01/13/2025,10,23,31,10:23:31,95,Tahap-2
01/13/2025,10,23,31,10:23:31,14,Tahap-2
01/13/2025,10,23,31,10:23:31,451,Tahap-2
01/13/2025,10,23,31,10:23:31,233,Tahap-2
01/13/2025,10,23,31,10:23:31,363,Tahap-2
01/13/2025,10,23,31,10:23:31,351,Tahap-2
01/13/2025,10,23,31,10:23:31,90,Tahap-2
01/13/2025,10,23,32,10:23:32,119,Tahap-2
01/13/2025,10,23,32,10:23:32,71,Tahap-2
01/13/2025,10,23,32,10:23:32,14,Tahap-2
01/13/2025,10,23,32,10:23:32,84,Tahap-2
01/13/2025,10,23,32,10:23:32,95,Tahap-2
01/13/2025,10,23,32,10:23:32,37,Tahap-2
01/13/2025,10,23,32,10:23:32,126,Tahap-2
01/13/2025,10,23,32,10:23:32,166,Tahap-2
01/13/2025,10,23,32,10:23:32,121,Tahap-2
01/13/2025,10,23,32,10:23:32,92,Tahap-2
01/13/2025,10,23,32,10:23:32,121,Tahap-2
01/13/2025,10,23,33,10:23:33,18,Tahap-2
01/13/2025,10,23,33,10:23:33,172,Tahap-2
01/13/2025,10,23,33,10:23:33,70,Tahap-2
01/13/2025,10,23,33,10:23:33,174,Tahap-2
01/13/2025,10,23,33,10:23:33,205,Tahap-2
01/13/2025,10,23,33,10:23:33,73,Tahap-2
01/13/2025,10,23,33,10:23:33,354,Tahap-2
01/13/2025,10,23,33,10:23:33,132,Tahap-2
01/13/2025,10,23,33,10:23:33,1255,Tahap-2
01/13/2025,10,23,33,10:23:33,528,Tahap-2
01/13/2025,10,23,34,10:23:34,698,Tahap-2
01/13/2025,10,23,34,10:23:34,800,Tahap-2
01/13/2025,10,23,34,10:23:34,494,Tahap-2
01/13/2025,10,23,34,10:23:34,187,Tahap-2
01/13/2025,10,23,34,10:23:34,95,Tahap-2
01/13/2025,10,23,34,10:23:34,217,Tahap-2
01/13/2025,10,23,34,10:23:34,166,Tahap-2
01/13/2025,10,23,34,10:23:34,235,Tahap-2
01/13/2025,10,23,34,10:23:34,65,Tahap-2
01/13/2025,10,23,34,10:23:34,72,Tahap-2
01/13/2025,10,23,35,10:23:35,91,Tahap-2
01/13/2025,10,23,35,10:23:35,155,Tahap-2
01/13/2025,10,23,35,10:23:35,113,Tahap-2
01/13/2025,10,23,35,10:23:35,131,Tahap-2
01/13/2025,10,23,35,10:23:35,304,Tahap-2
01/13/2025,10,23,35,10:23:35,253,Tahap-2
01/13/2025,10,23,35,10:23:35,241,Tahap-2
01/13/2025,10,23,35,10:23:35,1414,Tahap-2
01/13/2025,10,23,35,10:23:35,452,Tahap-2
01/13/2025,10,23,35,10:23:35,499,Tahap-2
01/13/2025,10,23,36,10:23:36,567,Tahap-2
01/13/2025,10,23,36,10:23:36,986,Tahap-2
01/13/2025,10,23,36,10:23:36,810,Tahap-2
01/13/2025,10,23,36,10:23:36,787,Tahap-2
01/13/2025,10,23,36,10:23:36,365,Tahap-2
01/13/2025,10,23,36,10:23:36,166,Tahap-2
01/13/2025,10,23,36,10:23:36,343,Tahap-2
01/13/2025,10,23,36,10:23:36,86,Tahap-2
01/13/2025,10,23,36,10:23:36,54,Tahap-2
01/13/2025,10,23,36,10:23:36,345,Tahap-2
01/13/2025,10,23,37,10:23:37,287,Tahap-2
01/13/2025,10,23,37,10:23:37,32,Tahap-2
01/13/2025,10,23,37,10:23:37,154,Tahap-2
01/13/2025,10,23,37,10:23:37,37,Tahap-2
01/13/2025,10,23,37,10:23:37,202,Tahap-2
01/13/2025,10,23,37,10:23:37,36,Tahap-2
01/13/2025,10,23,37,10:23:37,114,Tahap-2
01/13/2025,10,23,37,10:23:37,221,Tahap-2
01/13/2025,10,23,37,10:23:37,206,Tahap-2
01/13/2025,10,23,37,10:23:37,257,Tahap-2
01/13/2025,10,23,38,10:23:38,347,Tahap-2
01/13/2025,10,23,38,10:23:38,412,Tahap-2
01/13/2025,10,23,38,10:23:38,257,Tahap-2
01/13/2025,10,23,38,10:23:38,737,Tahap-2
01/13/2025,10,23,38,10:23:38,470,Tahap-2
01/13/2025,10,23,38,10:23:38,527,Tahap-2
01/13/2025,10,23,38,10:23:38,541,Tahap-2
01/13/2025,10,23,38,10:23:38,147,Tahap-2
01/13/2025,10,23,38,10:23:38,197,Tahap-2
01/13/2025,10,23,38,10:23:38,138,Tahap-2
01/13/2025,10,23,39,10:23:39,196,Tahap-2
01/13/2025,10,23,39,10:23:39,173,Tahap-2
01/13/2025,10,23,39,10:23:39,219,Tahap-2
01/13/2025,10,23,39,10:23:39,114,Tahap-2
01/13/2025,10,23,39,10:23:39,83,Tahap-2
01/13/2025,10,23,39,10:23:39,208,Tahap-2
01/13/2025,10,23,39,10:23:39,282,Tahap-2
01/13/2025,10,23,39,10:23:39,234,Tahap-2
01/13/2025,10,23,39,10:23:39,843,Tahap-2
01/13/2025,10,23,39,10:23:39,8,Tahap-2
01/13/2025,10,23,40,10:23:40,-16,Tahap-2
01/13/2025,10,23,40,10:23:40,-48,Tahap-2
01/13/2025,10,23,40,10:23:40,88,Tahap-2
01/13/2025,10,23,40,10:23:40,-216,Tahap-2
01/13/2025,10,23,40,10:23:40,184,Tahap-2
01/13/2025,10,23,40,10:23:40,56,Tahap-2
01/13/2025,10,23,40,10:23:40,16,Tahap-2
01/13/2025,10,23,40,10:23:40,-264,Tahap-2
01/13/2025,10,23,40,10:23:40,360,Tahap-2
01/13/2025,10,23,40,10:23:40,-264,Tahap-2
01/13/2025,10,23,41,10:23:41,-104,Tahap-2
01/13/2025,10,23,41,10:23:41,-104,Tahap-2
01/13/2025,10,23,41,10:23:41,80,Tahap-2
01/13/2025,10,23,41,10:23:41,112,Tahap-2
01/13/2025,10,23,41,10:23:41,-272,Tahap-2
01/13/2025,10,23,41,10:23:41,192,Tahap-2
01/13/2025,10,23,41,10:23:41,88,Tahap-2
01/13/2025,10,23,41,10:23:41,16,Tahap-2
01/13/2025,10,23,41,10:23:41,-144,Tahap-2
01/13/2025,10,23,41,10:23:41,24,Tahap-2
01/13/2025,10,23,42,10:23:42,-32,Tahap-2
01/13/2025,10,23,42,10:23:42,-192,Tahap-2
01/13/2025,10,23,42,10:23:42,64,Tahap-2
01/13/2025,10,23,42,10:23:42,-288,Tahap-2
01/13/2025,10,23,42,10:23:42,304,Tahap-2
01/13/2025,10,23,42,10:23:42,-40,Tahap-2
01/13/2025,10,23,42,10:23:42,-40,Tahap-2
01/13/2025,10,23,42,10:23:42,88,Tahap-2
01/13/2025,10,23,42,10:23:42,-88,Tahap-2
01/13/2025,10,23,43,10:23:43,24,Tahap-2
01/13/2025,10,23,43,10:23:43,-104,Tahap-2
01/13/2025,10,23,43,10:23:43,-112,Tahap-2
01/13/2025,10,23,43,10:23:43,24,Tahap-2
01/13/2025,10,23,43,10:23:43,48,Tahap-2
01/13/2025,10,23,43,10:23:43,-120,Tahap-2
01/13/2025,10,23,43,10:23:43,256,Tahap-2
01/13/2025,10,23,43,10:23:43,-168,Tahap-2
01/13/2025,10,23,43,10:23:43,96,Tahap-2
01/13/2025,10,23,43,10:23:43,-104,Tahap-2
01/13/2025,10,23,44,10:23:44,80,Tahap-2
01/13/2025,10,23,44,10:23:44,-40,Tahap-2
01/13/2025,10,23,44,10:23:44,88,Tahap-2
01/13/2025,10,23,44,10:23:44,-88,Tahap-2
01/13/2025,10,23,44,10:23:44,-144,Tahap-2
01/13/2025,10,23,45,10:23:45,224,Tahap-2
01/13/2025,10,23,45,10:23:45,-176,Tahap-2
01/13/2025,10,23,45,10:23:45,224,Tahap-2
01/13/2025,10,23,45,10:23:45,136,Tahap-2
01/13/2025,10,23,45,10:23:45,-56,Tahap-2
01/13/2025,10,23,45,10:23:45,48,Tahap-2
01/13/2025,10,23,45,10:23:45,16,Tahap-2
01/13/2025,10,23,45,10:23:45,40,Tahap-2
01/13/2025,10,23,45,10:23:45,-32,Tahap-2
01/13/2025,10,23,45,10:23:45,32,Tahap-2
01/13/2025,10,23,45,10:23:45,-352,Tahap-2
01/13/2025,10,23,45,10:23:45,312,Tahap-2
01/13/2025,10,23,45,10:23:45,-80,Tahap-2
01/13/2025,10,23,45,10:23:45,-160,Tahap-2
01/13/2025,10,23,45,10:23:45,488,Tahap-2
01/13/2025,10,23,46,10:23:46,-120,Tahap-2
01/13/2025,10,23,46,10:23:46,-136,Tahap-2
01/13/2025,10,23,46,10:23:46,152,Tahap-2
01/13/2025,10,23,46,10:23:46,48,Tahap-2
01/13/2025,10,23,46,10:23:46,-128,Tahap-2
01/13/2025,10,23,46,10:23:46,16,Tahap-2
01/13/2025,10,23,46,10:23:46,-136,Tahap-2
01/13/2025,10,23,46,10:23:46,-32,Tahap-2
01/13/2025,10,23,46,10:23:46,152,Tahap-2
01/13/2025,10,23,46,10:23:46,-152,Tahap-2
01/13/2025,10,23,47,10:23:47,232,Tahap-2
01/13/2025,10,23,47,10:23:47,248,Tahap-2
01/13/2025,10,23,47,10:23:47,-168,Tahap-2
01/13/2025,10,23,47,10:23:47,-56,Tahap-2
01/13/2025,10,23,47,10:23:47,288,Tahap-2
01/13/2025,10,23,47,10:23:47,-104,Tahap-2
01/13/2025,10,23,47,10:23:47,-56,Tahap-2
01/13/2025,10,23,47,10:23:47,160,Tahap-2
01/13/2025,10,23,47,10:23:47,8,Tahap-2
01/13/2025,10,23,47,10:23:47,144,Tahap-2
01/13/2025,10,23,48,10:23:48,-128,Tahap-2
01/13/2025,10,23,48,10:23:48,128,Tahap-2
01/13/2025,10,23,48,10:23:48,112,Tahap-2
01/13/2025,10,23,48,10:23:48,112,Tahap-2
01/13/2025,10,23,48,10:23:48,-192,Tahap-2
01/13/2025,10,23,48,10:23:48,176,Tahap-2
01/13/2025,10,23,48,10:23:48,-8,Tahap-2
01/13/2025,10,23,48,10:23:48,-160,Tahap-2
01/13/2025,10,23,48,10:23:48,-104,Tahap-2
01/13/2025,10,23,48,10:23:48,160,Tahap-2
01/13/2025,10,23,49,10:23:49,232,Tahap-2
01/13/2025,10,23,49,10:23:49,-256,Tahap-2
01/13/2025,10,23,49,10:23:49,296,Tahap-2
01/13/2025,10,23,49,10:23:49,88,Tahap-2
01/13/2025,10,23,49,10:23:49,-72,Tahap-2
01/13/2025,10,23,49,10:23:49,88,Tahap-2
01/13/2025,10,23,49,10:23:49,48,Tahap-2
01/13/2025,10,23,49,10:23:49,-24,Tahap-2
01/13/2025,10,23,49,10:23:49,-136,Tahap-2
01/13/2025,10,23,50,10:23:50,56,Tahap-2
01/13/2025,10,23,50,10:23:50,312,Tahap-2
01/13/2025,10,23,50,10:23:50,-104,Tahap-2
01/13/2025,10,23,50,10:23:50,136,Tahap-2
01/13/2025,10,23,50,10:23:50,224,Tahap-2
01/13/2025,10,23,50,10:23:50,-72,Tahap-2
01/13/2025,10,23,50,10:23:50,-168,Tahap-2
01/13/2025,10,23,50,10:23:50,288,Tahap-2
01/13/2025,10,23,50,10:23:50,-32,Tahap-2
01/13/2025,10,23,50,10:23:50,-96,Tahap-2
01/13/2025,10,23,51,10:23:51,-80,Tahap-2
01/13/2025,10,23,51,10:23:51,-48,Tahap-2
01/13/2025,10,23,51,10:23:51,64,Tahap-2
01/13/2025,10,23,51,10:23:51,88,Tahap-2
01/13/2025,10,23,51,10:23:51,-64,Tahap-2
01/13/2025,10,23,51,10:23:51,296,Tahap-2
01/13/2025,10,23,51,10:23:51,40,Tahap-2
01/13/2025,10,23,51,10:23:51,-120,Tahap-2
01/13/2025,10,23,51,10:23:51,56,Tahap-2
01/13/2025,10,23,51,10:23:51,264,Tahap-2
01/13/2025,10,23,52,10:23:52,-360,Tahap-2
01/13/2025,10,23,52,10:23:52,-88,Tahap-2
01/13/2025,10,23,52,10:23:52,160,Tahap-2
01/13/2025,10,23,52,10:23:52,-56,Tahap-2
01/13/2025,10,23,52,10:23:52,144,Tahap-2
01/13/2025,10,23,52,10:23:52,96,Tahap-2
01/13/2025,10,23,52,10:23:52,104,Tahap-2
01/13/2025,10,24,17,10:24:17,3607,Tahap-2
01/13/2025,10,24,17,10:24:17,1345,Tahap-2
01/13/2025,10,24,17,10:24:17,1099,Tahap-2
01/13/2025,10,24,17,10:24:17,804,Tahap-2
01/13/2025,10,24,17,10:24:17,656,Tahap-2
01/13/2025,10,24,17,10:24:17,579,Tahap-2
01/13/2025,10,24,17,10:24:17,486,Tahap-2
01/13/2025,10,24,17,10:24:17,429,Tahap-2
01/13/2025,10,24,18,10:24:18,324,Tahap-2
01/13/2025,10,24,18,10:24:18,400,Tahap-2
01/13/2025,10,24,18,10:24:18,194,Tahap-2
01/13/2025,10,24,18,10:24:18,224,Tahap-2
01/13/2025,10,24,18,10:24:18,242,Tahap-2
01/13/2025,10,24,18,10:24:18,280,Tahap-2
01/13/2025,10,24,18,10:24:18,194,Tahap-2
01/13/2025,10,24,18,10:24:18,164,Tahap-2
01/13/2025,10,24,18,10:24:18,296,Tahap-2
01/13/2025,10,24,18,10:24:18,75,Tahap-2
01/13/2025,10,24,19,10:24:19,215,Tahap-2
01/13/2025,10,24,19,10:24:19,169,Tahap-2
01/13/2025,10,24,19,10:24:19,306,Tahap-2
01/13/2025,10,24,19,10:24:19,527,Tahap-2
01/13/2025,10,24,19,10:24:19,696,Tahap-2
01/13/2025,10,24,19,10:24:19,402,Tahap-2
01/13/2025,10,24,19,10:24:19,93,Tahap-2
01/13/2025,10,24,19,10:24:19,73,Tahap-2
01/13/2025,10,24,19,10:24:19,16,Tahap-2
01/13/2025,10,24,19,10:24:19,60,Tahap-2
01/13/2025,10,24,20,10:24:20,222,Tahap-2
01/13/2025,10,24,20,10:24:20,152,Tahap-2
01/13/2025,10,24,20,10:24:20,142,Tahap-2
01/13/2025,10,24,20,10:24:20,106,Tahap-2
01/13/2025,10,24,20,10:24:20,102,Tahap-2
01/13/2025,10,24,20,10:24:20,247,Tahap-2
01/13/2025,10,24,20,10:24:20,166,Tahap-2
01/13/2025,10,24,20,10:24:20,115,Tahap-2
01/13/2025,10,24,20,10:24:20,53,Tahap-2
01/13/2025,10,24,20,10:24:20,19,Tahap-2
01/13/2025,10,24,21,10:24:21,109,Tahap-2
01/13/2025,10,24,21,10:24:21,156,Tahap-2
01/13/2025,10,24,21,10:24:21,105,Tahap-2
01/13/2025,10,24,21,10:24:21,156,Tahap-2
01/13/2025,10,24,21,10:24:21,355,Tahap-2
01/13/2025,10,24,21,10:24:21,173,Tahap-2
01/13/2025,10,24,21,10:24:21,555,Tahap-2
01/13/2025,10,24,21,10:24:21,97,Tahap-2
01/13/2025,10,24,21,10:24:21,254,Tahap-2
01/13/2025,10,24,21,10:24:21,81,Tahap-2
01/13/2025,10,24,22,10:24:22,91,Tahap-2
01/13/2025,10,24,22,10:24:22,96,Tahap-2
01/13/2025,10,24,22,10:24:22,44,Tahap-2
01/13/2025,10,24,22,10:24:22,104,Tahap-2
01/13/2025,10,24,22,10:24:22,108,Tahap-2
01/13/2025,10,24,22,10:24:22,187,Tahap-2
01/13/2025,10,24,22,10:24:22,53,Tahap-2
01/13/2025,10,24,22,10:24:22,34,Tahap-2
01/13/2025,10,24,22,10:24:22,77,Tahap-2
01/13/2025,10,24,22,10:24:22,110,Tahap-2
01/13/2025,10,24,23,10:24:23,96,Tahap-2
01/13/2025,10,24,23,10:24:23,126,Tahap-2
01/13/2025,10,24,23,10:24:23,232,Tahap-2
01/13/2025,10,24,23,10:24:23,140,Tahap-2
01/13/2025,10,24,23,10:24:23,227,Tahap-2
01/13/2025,10,24,23,10:24:23,70,Tahap-2
01/13/2025,10,24,23,10:24:23,300,Tahap-2
01/13/2025,10,24,23,10:24:23,496,Tahap-2
01/13/2025,10,24,23,10:24:23,231,Tahap-2
01/13/2025,10,24,23,10:24:23,805,Tahap-2
01/13/2025,10,24,24,10:24:24,1434,Tahap-2
01/13/2025,10,24,24,10:24:24,600,Tahap-2
01/13/2025,10,24,24,10:24:24,203,Tahap-2
01/13/2025,10,24,24,10:24:24,283,Tahap-2
01/13/2025,10,24,24,10:24:24,218,Tahap-2
01/13/2025,10,24,24,10:24:24,196,Tahap-2
01/13/2025,10,24,24,10:24:24,221,Tahap-2
01/13/2025,10,24,24,10:24:24,187,Tahap-2
01/13/2025,10,24,24,10:24:24,143,Tahap-2
01/13/2025,10,24,24,10:24:24,51,Tahap-2
01/13/2025,10,24,25,10:24:25,101,Tahap-2
01/13/2025,10,24,25,10:24:25,184,Tahap-2
01/13/2025,10,24,25,10:24:25,56,Tahap-2
01/13/2025,10,24,25,10:24:25,80,Tahap-2
01/13/2025,10,24,25,10:24:25,379,Tahap-2
01/13/2025,10,24,25,10:24:25,515,Tahap-2
01/13/2025,10,24,25,10:24:25,486,Tahap-2
01/13/2025,10,24,25,10:24:25,1230,Tahap-2
01/13/2025,10,24,25,10:24:25,318,Tahap-2
01/13/2025,10,24,25,10:24:25,365,Tahap-2
01/13/2025,10,24,25,10:24:25,445,Tahap-2
01/13/2025,10,24,26,10:24:26,588,Tahap-2
01/13/2025,10,24,26,10:24:26,773,Tahap-2
01/13/2025,10,24,26,10:24:26,738,Tahap-2
01/13/2025,10,24,26,10:24:26,552,Tahap-2
01/13/2025,10,24,26,10:24:26,452,Tahap-2
01/13/2025,10,24,26,10:24:26,250,Tahap-2
01/13/2025,10,24,26,10:24:26,189,Tahap-2
01/13/2025,10,24,26,10:24:26,129,Tahap-2
01/13/2025,10,24,26,10:24:26,376,Tahap-2
01/13/2025,10,24,26,10:24:26,221,Tahap-2
01/13/2025,10,24,27,10:24:27,61,Tahap-2
01/13/2025,10,24,27,10:24:27,62,Tahap-2
01/13/2025,10,24,27,10:24:27,139,Tahap-2
01/13/2025,10,24,27,10:24:27,188,Tahap-2
01/13/2025,10,24,27,10:24:27,129,Tahap-2
01/13/2025,10,24,27,10:24:27,47,Tahap-2
01/13/2025,10,24,27,10:24:27,248,Tahap-2
01/13/2025,10,24,27,10:24:27,56,Tahap-2
01/13/2025,10,24,27,10:24:27,160,Tahap-2
01/13/2025,10,24,27,10:24:27,292,Tahap-2
01/13/2025,10,24,28,10:24:28,86,Tahap-2
01/13/2025,10,24,28,10:24:28,170,Tahap-2
01/13/2025,10,24,28,10:24:28,106,Tahap-2
01/13/2025,10,24,28,10:24:28,180,Tahap-2
01/13/2025,10,24,28,10:24:28,1055,Tahap-2
01/13/2025,10,24,28,10:24:28,124,Tahap-2
01/13/2025,10,24,28,10:24:28,115,Tahap-2
01/13/2025,10,24,28,10:24:28,137,Tahap-2
01/13/2025,10,24,28,10:24:28,140,Tahap-2
01/13/2025,10,24,28,10:24:28,163,Tahap-2
01/13/2025,10,24,29,10:24:29,270,Tahap-2
01/13/2025,10,24,29,10:24:29,252,Tahap-2
01/13/2025,10,24,29,10:24:29,60,Tahap-2
01/13/2025,10,24,29,10:24:29,87,Tahap-2
01/13/2025,10,24,29,10:24:29,272,Tahap-2
01/13/2025,10,24,29,10:24:29,169,Tahap-2
01/13/2025,10,24,29,10:24:29,104,Tahap-2
01/13/2025,10,24,29,10:24:29,929,Tahap-2
01/13/2025,10,24,29,10:24:29,-68,Tahap-2
01/13/2025,10,24,29,10:24:29,40,Tahap-2
01/13/2025,10,24,30,10:24:30,-64,Tahap-2
01/13/2025,10,24,30,10:24:30,-48,Tahap-2
01/13/2025,10,24,30,10:24:30,-20,Tahap-2
01/13/2025,10,24,30,10:24:30,-120,Tahap-2
01/13/2025,10,24,30,10:24:30,60,Tahap-2
01/13/2025,10,24,30,10:24:30,76,Tahap-2
01/13/2025,10,24,30,10:24:30,-140,Tahap-2
01/13/2025,10,24,30,10:24:30,64,Tahap-2
01/13/2025,10,24,30,10:24:30,4,Tahap-2
01/13/2025,10,24,30,10:24:30,-144,Tahap-2
01/13/2025,10,24,31,10:24:31,-24,Tahap-2
01/13/2025,10,24,31,10:24:31,128,Tahap-2
01/13/2025,10,24,31,10:24:31,-132,Tahap-2
01/13/2025,10,24,31,10:24:31,-28,Tahap-2
01/13/2025,10,24,31,10:24:31,-32,Tahap-2
01/13/2025,10,24,31,10:24:31,76,Tahap-2
01/13/2025,10,24,31,10:24:31,92,Tahap-2
01/13/2025,10,24,31,10:24:31,84,Tahap-2
01/13/2025,10,24,31,10:24:31,-8,Tahap-2
01/13/2025,10,24,31,10:24:31,112,Tahap-2
01/13/2025,10,24,32,10:24:32,-24,Tahap-2
01/13/2025,10,24,32,10:24:32,-4,Tahap-2
01/13/2025,10,24,32,10:24:32,52,Tahap-2
01/13/2025,10,24,32,10:24:32,80,Tahap-2
01/13/2025,10,24,32,10:24:32,-148,Tahap-2
01/13/2025,10,24,32,10:24:32,8,Tahap-2
01/13/2025,10,24,32,10:24:32,44,Tahap-2
01/13/2025,10,24,32,10:24:32,160,Tahap-2
01/13/2025,10,24,32,10:24:32,-48,Tahap-2
01/13/2025,10,24,32,10:24:32,192,Tahap-2
01/13/2025,10,24,33,10:24:33,16,Tahap-2
01/13/2025,10,24,33,10:24:33,60,Tahap-2
01/13/2025,10,24,33,10:24:33,-48,Tahap-2
01/13/2025,10,24,33,10:24:33,88,Tahap-2
01/13/2025,10,24,33,10:24:33,64,Tahap-2
01/13/2025,10,24,33,10:24:33,40,Tahap-2
01/13/2025,10,24,33,10:24:33,16,Tahap-2
01/13/2025,10,24,33,10:24:33,36,Tahap-2
01/13/2025,10,24,33,10:24:33,168,Tahap-2
01/13/2025,10,24,33,10:24:33,32,Tahap-2
01/13/2025,10,24,34,10:24:34,24,Tahap-2
01/13/2025,10,24,34,10:24:34,256,Tahap-2
01/13/2025,10,24,34,10:24:34,92,Tahap-2
01/13/2025,10,24,34,10:24:34,88,Tahap-2
01/13/2025,10,24,34,10:24:34,116,Tahap-2
01/13/2025,10,24,34,10:24:34,-92,Tahap-2
01/13/2025,10,24,34,10:24:34,184,Tahap-2
01/13/2025,10,24,34,10:24:34,-28,Tahap-2
01/13/2025,10,24,34,10:24:34,184,Tahap-2
01/13/2025,10,24,35,10:24:35,152,Tahap-2
01/13/2025,10,24,35,10:24:35,152,Tahap-2
01/13/2025,10,24,35,10:24:35,196,Tahap-2
01/13/2025,10,24,35,10:24:35,-84,Tahap-2
01/13/2025,10,24,35,10:24:35,100,Tahap-2
01/13/2025,10,24,35,10:24:35,100,Tahap-2
01/13/2025,10,24,35,10:24:35,-32,Tahap-2
01/13/2025,10,24,35,10:24:35,20,Tahap-2
01/13/2025,10,24,35,10:24:35,148,Tahap-2
01/13/2025,10,24,36,10:24:36,88,Tahap-2
01/13/2025,10,24,36,10:24:36,204,Tahap-2
01/13/2025,10,24,36,10:24:36,-20,Tahap-2
01/13/2025,10,24,36,10:24:36,204,Tahap-2
01/13/2025,10,24,36,10:24:36,180,Tahap-2
01/13/2025,10,24,36,10:24:36,128,Tahap-2
01/13/2025,10,24,36,10:24:36,-36,Tahap-2
01/13/2025,10,24,36,10:24:36,248,Tahap-2
01/13/2025,10,24,36,10:24:36,60,Tahap-2
01/13/2025,10,24,36,10:24:36,24,Tahap-2
01/13/2025,10,24,37,10:24:37,68,Tahap-2
01/13/2025,10,24,37,10:24:37,144,Tahap-2
01/13/2025,10,24,37,10:24:37,236,Tahap-2
01/13/2025,10,24,37,10:24:37,48,Tahap-2
01/13/2025,10,24,37,10:24:37,152,Tahap-2
01/13/2025,10,24,37,10:24:37,232,Tahap-2
01/13/2025,10,24,37,10:24:37,76,Tahap-2
01/13/2025,10,24,37,10:24:37,84,Tahap-2
01/13/2025,10,24,37,10:24:37,96,Tahap-2
01/13/2025,10,24,37,10:24:37,128,Tahap-2
01/13/2025,10,24,38,10:24:38,20,Tahap-2
01/13/2025,10,24,38,10:24:38,60,Tahap-2
01/13/2025,10,24,38,10:24:38,116,Tahap-2
01/13/2025,10,24,38,10:24:38,332,Tahap-2
01/13/2025,10,24,38,10:24:38,-20,Tahap-2
01/13/2025,10,24,38,10:24:38,128,Tahap-2
01/13/2025,10,24,38,10:24:38,204,Tahap-2
01/13/2025,10,24,38,10:24:38,104,Tahap-2
01/13/2025,10,24,38,10:24:38,28,Tahap-2
01/13/2025,10,24,38,10:24:38,244,Tahap-2
01/13/2025,10,24,39,10:24:39,80,Tahap-2
01/13/2025,10,24,39,10:24:39,60,Tahap-2
01/13/2025,10,24,39,10:24:39,84,Tahap-2
01/13/2025,10,24,39,10:24:39,40,Tahap-2
01/13/2025,10,24,39,10:24:39,232,Tahap-2
01/13/2025,10,24,39,10:24:39,224,Tahap-2
01/13/2025,10,24,39,10:24:39,-24,Tahap-2
01/13/2025,10,24,39,10:24:39,264,Tahap-2
01/13/2025,10,24,39,10:24:39,100,Tahap-2
01/13/2025,10,24,39,10:24:39,28,Tahap-2
01/13/2025,10,24,40,10:24:40,100,Tahap-2
01/13/2025,10,24,40,10:24:40,292,Tahap-2
01/13/2025,10,24,40,10:24:40,-32,Tahap-2
01/13/2025,10,24,40,10:24:40,108,Tahap-2
01/13/2025,10,24,40,10:24:40,60,Tahap-2
01/13/2025,10,24,40,10:24:40,196,Tahap-2
01/13/2025,10,24,40,10:24:40,228,Tahap-2
01/13/2025,10,24,40,10:24:40,108,Tahap-2
01/13/2025,10,24,40,10:24:40,212,Tahap-2
01/13/2025,10,24,40,10:24:40,260,Tahap-2
01/13/2025,10,24,41,10:24:41,68,Tahap-2
01/13/2025,10,24,41,10:24:41,60,Tahap-2
01/13/2025,10,24,41,10:24:41,284,Tahap-2
01/13/2025,10,24,41,10:24:41,148,Tahap-2
01/13/2025,10,24,41,10:24:41,76,Tahap-2
01/13/2025,10,24,41,10:24:41,156,Tahap-2
01/13/2025,10,24,41,10:24:41,192,Tahap-2
01/13/2025,10,24,41,10:24:41,264,Tahap-2
01/13/2025,10,24,41,10:24:41,140,Tahap-2
01/13/2025,10,24,41,10:24:41,248,Tahap-2
01/13/2025,10,24,42,10:24:42,196,Tahap-2
01/13/2025,10,24,42,10:24:42,180,Tahap-2
01/13/2025,10,24,42,10:24:42,84,Tahap-2
01/13/2025,10,24,42,10:24:42,228,Tahap-2
01/13/2025,10,24,42,10:24:42,208,Tahap-2
01/13/2025,10,24,42,10:24:42,128,Tahap-2
01/13/2025,10,24,42,10:24:42,104,Tahap-2
01/13/2025,10,25,7,10:25:07,1889,Tahap-2
01/13/2025,10,25,7,10:25:07,1238,Tahap-2
01/13/2025,10,25,7,10:25:07,526,Tahap-2
01/13/2025,10,25,7,10:25:07,409,Tahap-2
01/13/2025,10,25,7,10:25:07,510,Tahap-2
01/13/2025,10,25,7,10:25:07,322,Tahap-2
01/13/2025,10,25,7,10:25:07,317,Tahap-2
01/13/2025,10,25,7,10:25:07,212,Tahap-2
01/13/2025,10,25,7,10:25:07,313,Tahap-2
01/13/2025,10,25,8,10:25:08,301,Tahap-2
01/13/2025,10,25,8,10:25:08,162,Tahap-2
01/13/2025,10,25,8,10:25:08,135,Tahap-2
01/13/2025,10,25,8,10:25:08,138,Tahap-2
01/13/2025,10,25,8,10:25:08,100,Tahap-2
01/13/2025,10,25,8,10:25:08,168,Tahap-2
01/13/2025,10,25,8,10:25:08,88,Tahap-2
01/13/2025,10,25,8,10:25:08,156,Tahap-2
01/13/2025,10,25,8,10:25:08,117,Tahap-2
01/13/2025,10,25,8,10:25:08,64,Tahap-2
01/13/2025,10,25,9,10:25:09,197,Tahap-2
01/13/2025,10,25,9,10:25:09,299,Tahap-2
01/13/2025,10,25,9,10:25:09,457,Tahap-2
01/13/2025,10,25,9,10:25:09,763,Tahap-2
01/13/2025,10,25,9,10:25:09,45,Tahap-2
01/13/2025,10,25,9,10:25:09,84,Tahap-2
01/13/2025,10,25,9,10:25:09,68,Tahap-2
01/13/2025,10,25,9,10:25:09,92,Tahap-2
01/13/2025,10,25,9,10:25:09,93,Tahap-2
01/13/2025,10,25,9,10:25:09,104,Tahap-2
01/13/2025,10,25,10,10:25:10,135,Tahap-2
01/13/2025,10,25,10,10:25:10,66,Tahap-2
01/13/2025,10,25,10,10:25:10,28,Tahap-2
01/13/2025,10,25,10,10:25:10,122,Tahap-2
01/13/2025,10,25,10,10:25:10,199,Tahap-2
01/13/2025,10,25,10,10:25:10,161,Tahap-2
01/13/2025,10,25,10,10:25:10,111,Tahap-2
01/13/2025,10,25,10,10:25:10,105,Tahap-2
01/13/2025,10,25,10,10:25:10,93,Tahap-2
01/13/2025,10,25,10,10:25:10,80,Tahap-2
01/13/2025,10,25,11,10:25:11,73,Tahap-2
01/13/2025,10,25,11,10:25:11,57,Tahap-2
01/13/2025,10,25,11,10:25:11,148,Tahap-2
01/13/2025,10,25,11,10:25:11,476,Tahap-2
01/13/2025,10,25,11,10:25:11,120,Tahap-2
01/13/2025,10,25,11,10:25:11,509,Tahap-2
01/13/2025,10,25,11,10:25:11,189,Tahap-2
01/13/2025,10,25,11,10:25:11,280,Tahap-2
01/13/2025,10,25,11,10:25:11,127,Tahap-2
01/13/2025,10,25,11,10:25:11,102,Tahap-2
01/13/2025,10,25,12,10:25:12,118,Tahap-2
01/13/2025,10,25,12,10:25:12,96,Tahap-2
01/13/2025,10,25,12,10:25:12,77,Tahap-2
01/13/2025,10,25,12,10:25:12,37,Tahap-2
01/13/2025,10,25,12,10:25:12,218,Tahap-2
01/13/2025,10,25,12,10:25:12,161,Tahap-2
01/13/2025,10,25,12,10:25:12,51,Tahap-2
01/13/2025,10,25,12,10:25:12,58,Tahap-2
01/13/2025,10,25,12,10:25:12,93,Tahap-2
01/13/2025,10,25,12,10:25:12,135,Tahap-2
01/13/2025,10,25,13,10:25:13,132,Tahap-2
01/13/2025,10,25,13,10:25:13,182,Tahap-2
01/13/2025,10,25,13,10:25:13,79,Tahap-2
01/13/2025,10,25,13,10:25:13,8,Tahap-2
01/13/2025,10,25,13,10:25:13,203,Tahap-2
01/13/2025,10,25,13,10:25:13,284,Tahap-2
01/13/2025,10,25,13,10:25:13,450,Tahap-2
01/13/2025,10,25,13,10:25:13,336,Tahap-2
01/13/2025,10,25,13,10:25:13,1376,Tahap-2
01/13/2025,10,25,13,10:25:13,1222,Tahap-2
01/13/2025,10,25,14,10:25:14,529,Tahap-2
01/13/2025,10,25,14,10:25:14,294,Tahap-2
01/13/2025,10,25,14,10:25:14,314,Tahap-2
01/13/2025,10,25,14,10:25:14,316,Tahap-2
01/13/2025,10,25,14,10:25:14,171,Tahap-2
01/13/2025,10,25,14,10:25:14,145,Tahap-2
01/13/2025,10,25,15,10:25:15,62,Tahap-2
01/13/2025,10,25,15,10:25:15,116,Tahap-2
01/13/2025,10,25,15,10:25:15,102,Tahap-2
01/13/2025,10,25,15,10:25:15,184,Tahap-2
01/13/2025,10,25,15,10:25:15,208,Tahap-2
01/13/2025,10,25,15,10:25:15,152,Tahap-2
01/13/2025,10,25,15,10:25:15,80,Tahap-2
01/13/2025,10,25,15,10:25:15,135,Tahap-2
01/13/2025,10,25,15,10:25:15,111,Tahap-2
01/13/2025,10,25,15,10:25:15,56,Tahap-2
01/13/2025,10,25,15,10:25:15,1609,Tahap-2
01/13/2025,10,25,15,10:25:15,277,Tahap-2
01/13/2025,10,25,15,10:25:15,137,Tahap-2
01/13/2025,10,25,15,10:25:15,774,Tahap-2
01/13/2025,10,25,15,10:25:15,882,Tahap-2
01/13/2025,10,25,16,10:25:16,671,Tahap-2
01/13/2025,10,25,16,10:25:16,865,Tahap-2
01/13/2025,10,25,16,10:25:16,376,Tahap-2
01/13/2025,10,25,16,10:25:16,400,Tahap-2
01/13/2025,10,25,16,10:25:16,241,Tahap-2
01/13/2025,10,25,16,10:25:16,226,Tahap-2
01/13/2025,10,25,16,10:25:16,147,Tahap-2
01/13/2025,10,25,16,10:25:16,112,Tahap-2
01/13/2025,10,25,16,10:25:16,88,Tahap-2
01/13/2025,10,25,17,10:25:17,113,Tahap-2
01/13/2025,10,25,17,10:25:17,140,Tahap-2
01/13/2025,10,25,17,10:25:17,168,Tahap-2
01/13/2025,10,25,17,10:25:17,125,Tahap-2
01/13/2025,10,25,17,10:25:17,109,Tahap-2
01/13/2025,10,25,17,10:25:17,38,Tahap-2
01/13/2025,10,25,17,10:25:17,103,Tahap-2
01/13/2025,10,25,17,10:25:17,209,Tahap-2
01/13/2025,10,25,17,10:25:17,137,Tahap-2
01/13/2025,10,25,17,10:25:17,343,Tahap-2
01/13/2025,10,25,17,10:25:17,230,Tahap-2
01/13/2025,10,25,18,10:25:18,355,Tahap-2
01/13/2025,10,25,18,10:25:18,206,Tahap-2
01/13/2025,10,25,18,10:25:18,337,Tahap-2
01/13/2025,10,25,18,10:25:18,482,Tahap-2
01/13/2025,10,25,18,10:25:18,492,Tahap-2
01/13/2025,10,25,18,10:25:18,185,Tahap-2
01/13/2025,10,25,18,10:25:18,247,Tahap-2
01/13/2025,10,25,18,10:25:18,225,Tahap-2
01/13/2025,10,25,18,10:25:18,152,Tahap-2
01/13/2025,10,25,18,10:25:18,263,Tahap-2
01/13/2025,10,25,19,10:25:19,355,Tahap-2
01/13/2025,10,25,19,10:25:19,306,Tahap-2
01/13/2025,10,25,19,10:25:19,330,Tahap-2
01/13/2025,10,25,19,10:25:19,84,Tahap-2
01/13/2025,10,25,19,10:25:19,153,Tahap-2
01/13/2025,10,25,19,10:25:19,150,Tahap-2
01/13/2025,10,25,19,10:25:19,664,Tahap-2
01/13/2025,10,25,19,10:25:19,-56,Tahap-2
01/13/2025,10,25,19,10:25:19,40,Tahap-2
01/13/2025,10,25,19,10:25:19,20,Tahap-2
01/13/2025,10,25,20,10:25:20,-104,Tahap-2
01/13/2025,10,25,20,10:25:20,-12,Tahap-2
01/13/2025,10,25,20,10:25:20,-24,Tahap-2
01/13/2025,10,25,20,10:25:20,196,Tahap-2
01/13/2025,10,25,20,10:25:20,-216,Tahap-2
01/13/2025,10,25,20,10:25:20,100,Tahap-2
01/13/2025,10,25,20,10:25:20,100,Tahap-2
01/13/2025,10,25,20,10:25:20,-124,Tahap-2
01/13/2025,10,25,20,10:25:20,-28,Tahap-2
01/13/2025,10,25,21,10:25:21,100,Tahap-2
01/13/2025,10,25,21,10:25:21,-112,Tahap-2
01/13/2025,10,25,21,10:25:21,-36,Tahap-2
01/13/2025,10,25,21,10:25:21,-28,Tahap-2
01/13/2025,10,25,21,10:25:21,-48,Tahap-2
01/13/2025,10,25,21,10:25:21,116,Tahap-2
01/13/2025,10,25,21,10:25:21,-40,Tahap-2
01/13/2025,10,25,21,10:25:21,-96,Tahap-2
01/13/2025,10,25,21,10:25:21,168,Tahap-2
01/13/2025,10,25,21,10:25:21,-68,Tahap-2
01/13/2025,10,25,22,10:25:22,-104,Tahap-2
01/13/2025,10,25,22,10:25:22,108,Tahap-2
01/13/2025,10,25,22,10:25:22,32,Tahap-2
01/13/2025,10,25,22,10:25:22,-112,Tahap-2
01/13/2025,10,25,22,10:25:22,-56,Tahap-2
01/13/2025,10,25,22,10:25:22,-56,Tahap-2
01/13/2025,10,25,22,10:25:22,112,Tahap-2
01/13/2025,10,25,22,10:25:22,-12,Tahap-2
01/13/2025,10,25,22,10:25:22,-12,Tahap-2
01/13/2025,10,25,22,10:25:22,8,Tahap-2
01/13/2025,10,25,23,10:25:23,108,Tahap-2
01/13/2025,10,25,23,10:25:23,-128,Tahap-2
01/13/2025,10,25,23,10:25:23,60,Tahap-2
01/13/2025,10,25,23,10:25:23,60,Tahap-2
01/13/2025,10,25,23,10:25:23,-112,Tahap-2
01/13/2025,10,25,23,10:25:23,-104,Tahap-2
01/13/2025,10,25,23,10:25:23,8,Tahap-2
01/13/2025,10,25,23,10:25:23,64,Tahap-2
01/13/2025,10,25,23,10:25:23,8,Tahap-2
01/13/2025,10,25,23,10:25:23,-64,Tahap-2
01/13/2025,10,25,24,10:25:24,104,Tahap-2
01/13/2025,10,25,24,10:25:24,-72,Tahap-2
01/13/2025,10,25,24,10:25:24,-36,Tahap-2
01/13/2025,10,25,24,10:25:24,-40,Tahap-2
01/13/2025,10,25,24,10:25:24,96,Tahap-2
01/13/2025,10,25,24,10:25:24,-84,Tahap-2
01/13/2025,10,25,24,10:25:24,-44,Tahap-2
01/13/2025,10,25,24,10:25:24,-156,Tahap-2
01/13/2025,10,25,24,10:25:24,60,Tahap-2
01/13/2025,10,25,24,10:25:24,8,Tahap-2
01/13/2025,10,25,25,10:25:25,-128,Tahap-2
01/13/2025,10,25,25,10:25:25,100,Tahap-2
01/13/2025,10,25,25,10:25:25,52,Tahap-2
01/13/2025,10,25,25,10:25:25,-132,Tahap-2
01/13/2025,10,25,25,10:25:25,8,Tahap-2
01/13/2025,10,25,25,10:25:25,52,Tahap-2
01/13/2025,10,25,25,10:25:25,-72,Tahap-2
01/13/2025,10,25,25,10:25:25,-44,Tahap-2
01/13/2025,10,25,25,10:25:25,-28,Tahap-2
01/13/2025,10,25,25,10:25:25,-72,Tahap-2
01/13/2025,10,25,26,10:25:26,100,Tahap-2
01/13/2025,10,25,26,10:25:26,-124,Tahap-2
01/13/2025,10,25,26,10:25:26,-16,Tahap-2
01/13/2025,10,25,26,10:25:26,88,Tahap-2
01/13/2025,10,25,26,10:25:26,-128,Tahap-2
01/13/2025,10,25,26,10:25:26,-144,Tahap-2
01/13/2025,10,25,26,10:25:26,96,Tahap-2
01/13/2025,10,25,26,10:25:26,-116,Tahap-2
01/13/2025,10,25,26,10:25:26,-132,Tahap-2
01/13/2025,10,25,26,10:25:26,-48,Tahap-2
01/13/2025,10,25,27,10:25:27,-108,Tahap-2
01/13/2025,10,25,27,10:25:27,52,Tahap-2
01/13/2025,10,25,27,10:25:27,-84,Tahap-2
01/13/2025,10,25,27,10:25:27,-96,Tahap-2
01/13/2025,10,25,27,10:25:27,48,Tahap-2
01/13/2025,10,25,27,10:25:27,-4,Tahap-2
01/13/2025,10,25,27,10:25:27,-140,Tahap-2
01/13/2025,10,25,27,10:25:27,-48,Tahap-2
01/13/2025,10,25,27,10:25:27,44,Tahap-2
01/13/2025,10,25,27,10:25:27,-188,Tahap-2
01/13/2025,10,25,28,10:25:28,-44,Tahap-2
01/13/2025,10,25,28,10:25:28,-48,Tahap-2
01/13/2025,10,25,28,10:25:28,72,Tahap-2
01/13/2025,10,25,28,10:25:28,-92,Tahap-2
01/13/2025,10,25,28,10:25:28,-36,Tahap-2
01/13/2025,10,25,28,10:25:28,24,Tahap-2
01/13/2025,10,25,28,10:25:28,-68,Tahap-2
01/13/2025,10,25,28,10:25:28,-116,Tahap-2
01/13/2025,10,25,28,10:25:28,-40,Tahap-2
01/13/2025,10,25,28,10:25:28,-72,Tahap-2
01/13/2025,10,25,29,10:25:29,-124,Tahap-2
01/13/2025,10,25,29,10:25:29,-164,Tahap-2
01/13/2025,10,25,29,10:25:29,-160,Tahap-2
01/13/2025,10,25,29,10:25:29,84,Tahap-2
01/13/2025,10,25,29,10:25:29,-48,Tahap-2
01/13/2025,10,25,29,10:25:29,-200,Tahap-2
01/13/2025,10,25,29,10:25:29,36,Tahap-2
01/13/2025,10,25,29,10:25:29,-40,Tahap-2
01/13/2025,10,25,29,10:25:29,-184,Tahap-2
01/13/2025,10,25,29,10:25:29,-24,Tahap-2
01/13/2025,10,25,30,10:25:30,-68,Tahap-2
01/13/2025,10,25,30,10:25:30,-196,Tahap-2
01/13/2025,10,25,30,10:25:30,-132,Tahap-2
01/13/2025,10,25,30,10:25:30,-168,Tahap-2
01/13/2025,10,25,30,10:25:30,-24,Tahap-2
01/13/2025,10,25,30,10:25:30,52,Tahap-2
01/13/2025,10,25,30,10:25:30,-172,Tahap-2
01/13/2025,10,25,30,10:25:30,-24,Tahap-2
01/13/2025,10,25,30,10:25:30,-24,Tahap-2
01/13/2025,10,25,30,10:25:30,-192,Tahap-2
01/13/2025,10,25,31,10:25:31,-164,Tahap-2
01/13/2025,10,25,31,10:25:31,48,Tahap-2
01/13/2025,10,25,31,10:25:31,-244,Tahap-2
01/13/2025,10,25,31,10:25:31,-180,Tahap-2
01/13/2025,10,25,31,10:25:31,-136,Tahap-2
01/13/2025,10,25,31,10:25:31,-52,Tahap-2
01/13/2025,10,25,31,10:25:31,-36,Tahap-2
01/13/2025,10,25,31,10:25:31,-96,Tahap-2
01/13/2025,10,25,31,10:25:31,-88,Tahap-2
01/13/2025,10,25,31,10:25:31,-56,Tahap-2
01/13/2025,10,25,32,10:25:32,-116,Tahap-2
01/13/2025,10,25,32,10:25:32,-208,Tahap-2
01/13/2025,10,25,32,10:25:32,12,Tahap-2
01/13/2025,10,25,32,10:25:32,-84,Tahap-2
01/13/2025,10,25,32,10:25:32,-252,Tahap-2
01/13/2025,10,25,32,10:25:32,-144,Tahap-2
01/13/2025,10,25,57,10:25:57,2027,Tahap-2
01/13/2025,10,25,57,10:25:57,444,Tahap-2
01/13/2025,10,25,57,10:25:57,183,Tahap-2
01/13/2025,10,25,57,10:25:57,223,Tahap-2
01/13/2025,10,25,57,10:25:57,240,Tahap-2
01/13/2025,10,25,57,10:25:57,170,Tahap-2
01/13/2025,10,25,57,10:25:57,163,Tahap-2
01/13/2025,10,25,57,10:25:57,62,Tahap-2
01/13/2025,10,25,57,10:25:57,93,Tahap-2
01/13/2025,10,25,57,10:25:57,87,Tahap-2
01/13/2025,10,25,58,10:25:58,135,Tahap-2
01/13/2025,10,25,58,10:25:58,118,Tahap-2
01/13/2025,10,25,58,10:25:58,76,Tahap-2
01/13/2025,10,25,58,10:25:58,34,Tahap-2
01/13/2025,10,25,58,10:25:58,49,Tahap-2
01/13/2025,10,25,58,10:25:58,45,Tahap-2
01/13/2025,10,25,58,10:25:58,33,Tahap-2
01/13/2025,10,25,58,10:25:58,32,Tahap-2
01/13/2025,10,25,58,10:25:58,260,Tahap-2
01/13/2025,10,25,58,10:25:58,82,Tahap-2
01/13/2025,10,25,59,10:25:59,104,Tahap-2
01/13/2025,10,25,59,10:25:59,695,Tahap-2
01/13/2025,10,25,59,10:25:59,797,Tahap-2
01/13/2025,10,25,59,10:25:59,337,Tahap-2
01/13/2025,10,25,59,10:25:59,183,Tahap-2
01/13/2025,10,25,59,10:25:59,20,Tahap-2
01/13/2025,10,25,59,10:25:59,71,Tahap-2
01/13/2025,10,25,59,10:25:59,101,Tahap-2
01/13/2025,10,25,59,10:25:59,43,Tahap-2
01/13/2025,10,25,59,10:25:59,180,Tahap-2
01/13/2025,10,26,1,10:26:01,132,Tahap-2
01/13/2025,10,26,1,10:26:01,87,Tahap-2
01/13/2025,10,26,1,10:26:01,479,Tahap-2
01/13/2025,10,26,1,10:26:01,167,Tahap-2
01/13/2025,10,26,1,10:26:01,601,Tahap-2
01/13/2025,10,26,1,10:26:01,142,Tahap-2
01/13/2025,10,26,1,10:26:01,205,Tahap-2
01/13/2025,10,26,1,10:26:01,136,Tahap-2
01/13/2025,10,26,1,10:26:01,31,Tahap-2
01/13/2025,10,26,1,10:26:01,72,Tahap-2
01/13/2025,10,26,2,10:26:02,10,Tahap-2
01/13/2025,10,26,2,10:26:02,59,Tahap-2
01/13/2025,10,26,2,10:26:02,12,Tahap-2
01/13/2025,10,26,2,10:26:02,101,Tahap-2
01/13/2025,10,26,2,10:26:02,90,Tahap-2
01/13/2025,10,26,2,10:26:02,75,Tahap-2
01/13/2025,10,26,2,10:26:02,52,Tahap-2
01/13/2025,10,26,2,10:26:02,23,Tahap-2
01/13/2025,10,26,2,10:26:02,16,Tahap-2
01/13/2025,10,26,2,10:26:02,64,Tahap-2
01/13/2025,10,26,3,10:26:03,108,Tahap-2
01/13/2025,10,26,3,10:26:03,31,Tahap-2
01/13/2025,10,26,3,10:26:03,257,Tahap-2
01/13/2025,10,26,3,10:26:03,189,Tahap-2
01/13/2025,10,26,3,10:26:03,321,Tahap-2
01/13/2025,10,26,3,10:26:03,550,Tahap-2
01/13/2025,10,26,3,10:26:03,710,Tahap-2
01/13/2025,10,26,3,10:26:03,679,Tahap-2
01/13/2025,10,26,3,10:26:03,1806,Tahap-2
01/13/2025,10,26,3,10:26:03,166,Tahap-2
01/13/2025,10,26,4,10:26:04,205,Tahap-2
01/13/2025,10,26,4,10:26:04,136,Tahap-2
01/13/2025,10,26,4,10:26:04,37,Tahap-2
01/13/2025,10,26,4,10:26:04,103,Tahap-2
01/13/2025,10,26,4,10:26:04,147,Tahap-2
01/13/2025,10,26,4,10:26:04,48,Tahap-2
01/13/2025,10,26,4,10:26:04,104,Tahap-2
01/13/2025,10,26,4,10:26:04,17,Tahap-2
01/13/2025,10,26,4,10:26:04,103,Tahap-2
01/13/2025,10,26,4,10:26:04,74,Tahap-2
01/13/2025,10,26,5,10:26:05,54,Tahap-2
01/13/2025,10,26,5,10:26:05,171,Tahap-2
01/13/2025,10,26,5,10:26:05,171,Tahap-2
01/13/2025,10,26,5,10:26:05,128,Tahap-2
01/13/2025,10,26,5,10:26:05,311,Tahap-2
01/13/2025,10,26,5,10:26:05,1117,Tahap-2
01/13/2025,10,26,5,10:26:05,843,Tahap-2
01/13/2025,10,26,5,10:26:05,767,Tahap-2
01/13/2025,10,26,5,10:26:05,691,Tahap-2
01/13/2025,10,26,5,10:26:05,590,Tahap-2
01/13/2025,10,26,6,10:26:06,671,Tahap-2
01/13/2025,10,26,6,10:26:06,935,Tahap-2
01/13/2025,10,26,6,10:26:06,249,Tahap-2
01/13/2025,10,26,6,10:26:06,300,Tahap-2
01/13/2025,10,26,6,10:26:06,263,Tahap-2
01/13/2025,10,26,6,10:26:06,176,Tahap-2
01/13/2025,10,26,6,10:26:06,314,Tahap-2
01/13/2025,10,26,6,10:26:06,132,Tahap-2
01/13/2025,10,26,6,10:26:06,58,Tahap-2
01/13/2025,10,26,6,10:26:06,142,Tahap-2
01/13/2025,10,26,7,10:26:07,105,Tahap-2
01/13/2025,10,26,7,10:26:07,145,Tahap-2
01/13/2025,10,26,7,10:26:07,52,Tahap-2
01/13/2025,10,26,7,10:26:07,124,Tahap-2
01/13/2025,10,26,7,10:26:07,248,Tahap-2
01/13/2025,10,26,7,10:26:07,68,Tahap-2
01/13/2025,10,26,7,10:26:07,216,Tahap-2
01/13/2025,10,26,7,10:26:07,390,Tahap-2
01/13/2025,10,26,7,10:26:07,453,Tahap-2
01/13/2025,10,26,7,10:26:07,609,Tahap-2
01/13/2025,10,26,8,10:26:08,699,Tahap-2
01/13/2025,10,26,8,10:26:08,488,Tahap-2
01/13/2025,10,26,8,10:26:08,478,Tahap-2
01/13/2025,10,26,8,10:26:08,608,Tahap-2
01/13/2025,10,26,8,10:26:08,529,Tahap-2
01/13/2025,10,26,8,10:26:08,101,Tahap-2
01/13/2025,10,26,8,10:26:08,203,Tahap-2
01/13/2025,10,26,8,10:26:08,215,Tahap-2
01/13/2025,10,26,8,10:26:08,193,Tahap-2
01/13/2025,10,26,8,10:26:08,117,Tahap-2
01/13/2025,10,26,9,10:26:09,139,Tahap-2
01/13/2025,10,26,9,10:26:09,100,Tahap-2
01/13/2025,10,26,9,10:26:09,207,Tahap-2
01/13/2025,10,26,9,10:26:09,80,Tahap-2
01/13/2025,10,26,9,10:26:09,115,Tahap-2
01/13/2025,10,26,9,10:26:09,280,Tahap-2
01/13/2025,10,26,9,10:26:09,870,Tahap-2
01/13/2025,10,26,9,10:26:09,56,Tahap-2
01/13/2025,10,26,9,10:26:09,-64,Tahap-2
01/13/2025,10,26,9,10:26:09,-296,Tahap-2
01/13/2025,10,26,10,10:26:10,72,Tahap-2
01/13/2025,10,26,10,10:26:10,-136,Tahap-2
01/13/2025,10,26,10,10:26:10,-264,Tahap-2
01/13/2025,10,26,10,10:26:10,-24,Tahap-2
01/13/2025,10,26,10,10:26:10,-104,Tahap-2
01/13/2025,10,26,10,10:26:10,96,Tahap-2
01/13/2025,10,26,10,10:26:10,-416,Tahap-2
01/13/2025,10,26,10,10:26:10,120,Tahap-2
01/13/2025,10,26,10,10:26:10,-152,Tahap-2
01/13/2025,10,26,11,10:26:11,-176,Tahap-2
01/13/2025,10,26,11,10:26:11,-256,Tahap-2
01/13/2025,10,26,11,10:26:11,160,Tahap-2
01/13/2025,10,26,11,10:26:11,-504,Tahap-2
01/13/2025,10,26,11,10:26:11,-96,Tahap-2
01/13/2025,10,26,11,10:26:11,-120,Tahap-2
01/13/2025,10,26,11,10:26:11,-64,Tahap-2
01/13/2025,10,26,11,10:26:11,56,Tahap-2
01/13/2025,10,26,11,10:26:11,-160,Tahap-2
01/13/2025,10,26,11,10:26:11,-48,Tahap-2
01/13/2025,10,26,12,10:26:12,16,Tahap-2
01/13/2025,10,26,12,10:26:12,-304,Tahap-2
01/13/2025,10,26,12,10:26:12,-296,Tahap-2
01/13/2025,10,26,12,10:26:12,-56,Tahap-2
01/13/2025,10,26,12,10:26:12,-88,Tahap-2
01/13/2025,10,26,12,10:26:12,-328,Tahap-2
01/13/2025,10,26,12,10:26:12,-80,Tahap-2
01/13/2025,10,26,12,10:26:12,72,Tahap-2
01/13/2025,10,26,12,10:26:12,-16,Tahap-2
01/13/2025,10,26,12,10:26:12,-168,Tahap-2
01/13/2025,10,26,12,10:26:12,120,Tahap-2
01/13/2025,10,26,13,10:26:13,-200,Tahap-2
01/13/2025,10,26,13,10:26:13,-136,Tahap-2
01/13/2025,10,26,13,10:26:13,-320,Tahap-2
01/13/2025,10,26,13,10:26:13,32,Tahap-2
01/13/2025,10,26,13,10:26:13,-208,Tahap-2
01/13/2025,10,26,13,10:26:13,-32,Tahap-2
01/13/2025,10,26,13,10:26:13,-376,Tahap-2
01/13/2025,10,26,13,10:26:13,112,Tahap-2
01/13/2025,10,26,13,10:26:13,64,Tahap-2
01/13/2025,10,26,13,10:26:13,-288,Tahap-2
01/13/2025,10,26,14,10:26:14,112,Tahap-2
01/13/2025,10,26,14,10:26:14,184,Tahap-2
01/13/2025,10,26,14,10:26:14,-344,Tahap-2
01/13/2025,10,26,14,10:26:14,-64,Tahap-2
01/13/2025,10,26,14,10:26:14,-64,Tahap-2
01/13/2025,10,26,15,10:26:15,-160,Tahap-2
01/13/2025,10,26,15,10:26:15,-176,Tahap-2
01/13/2025,10,26,15,10:26:15,-24,Tahap-2
01/13/2025,10,26,15,10:26:15,-152,Tahap-2
01/13/2025,10,26,15,10:26:15,168,Tahap-2
01/13/2025,10,26,15,10:26:15,-96,Tahap-2
01/13/2025,10,26,15,10:26:15,-8,Tahap-2
01/13/2025,10,26,15,10:26:15,256,Tahap-2
01/13/2025,10,26,15,10:26:15,-40,Tahap-2
01/13/2025,10,26,15,10:26:15,-400,Tahap-2
01/13/2025,10,26,15,10:26:15,232,Tahap-2
01/13/2025,10,26,15,10:26:15,-80,Tahap-2
01/13/2025,10,26,15,10:26:15,-248,Tahap-2
01/13/2025,10,26,15,10:26:15,-56,Tahap-2
01/13/2025,10,26,15,10:26:15,-8,Tahap-2
01/13/2025,10,26,16,10:26:16,64,Tahap-2
01/13/2025,10,26,16,10:26:16,-8,Tahap-2
01/13/2025,10,26,16,10:26:16,-136,Tahap-2
01/13/2025,10,26,16,10:26:16,144,Tahap-2
01/13/2025,10,26,16,10:26:16,16,Tahap-2
01/13/2025,10,26,16,10:26:16,-120,Tahap-2
01/13/2025,10,26,16,10:26:16,-160,Tahap-2
01/13/2025,10,26,16,10:26:16,168,Tahap-2
01/13/2025,10,26,16,10:26:16,-360,Tahap-2
01/13/2025,10,26,16,10:26:16,-96,Tahap-2
01/13/2025,10,26,17,10:26:17,-80,Tahap-2
01/13/2025,10,26,17,10:26:17,232,Tahap-2
01/13/2025,10,26,17,10:26:17,-200,Tahap-2
01/13/2025,10,26,17,10:26:17,-40,Tahap-2
01/13/2025,10,26,17,10:26:17,40,Tahap-2
01/13/2025,10,26,17,10:26:17,-88,Tahap-2
01/13/2025,10,26,17,10:26:17,8,Tahap-2
01/13/2025,10,26,17,10:26:17,-64,Tahap-2
01/13/2025,10,26,17,10:26:17,96,Tahap-2
01/13/2025,10,26,17,10:26:17,-136,Tahap-2
01/13/2025,10,26,18,10:26:18,-136,Tahap-2
01/13/2025,10,26,18,10:26:18,-120,Tahap-2
01/13/2025,10,26,18,10:26:18,232,Tahap-2
01/13/2025,10,26,18,10:26:18,32,Tahap-2
01/13/2025,10,26,18,10:26:18,-112,Tahap-2
01/13/2025,10,26,18,10:26:18,296,Tahap-2
01/13/2025,10,26,18,10:26:18,8,Tahap-2
01/13/2025,10,26,18,10:26:18,-144,Tahap-2
01/13/2025,10,26,18,10:26:18,88,Tahap-2
01/13/2025,10,26,18,10:26:18,136,Tahap-2
01/13/2025,10,26,19,10:26:19,-208,Tahap-2
01/13/2025,10,26,19,10:26:19,-104,Tahap-2
01/13/2025,10,26,19,10:26:19,240,Tahap-2
01/13/2025,10,26,19,10:26:19,248,Tahap-2
01/13/2025,10,26,19,10:26:19,-72,Tahap-2
01/13/2025,10,26,19,10:26:19,208,Tahap-2
01/13/2025,10,26,19,10:26:19,288,Tahap-2
01/13/2025,10,26,19,10:26:19,-112,Tahap-2
01/13/2025,10,26,19,10:26:19,32,Tahap-2
01/13/2025,10,26,20,10:26:20,408,Tahap-2
01/13/2025,10,26,20,10:26:20,-120,Tahap-2
01/13/2025,10,26,20,10:26:20,-32,Tahap-2
01/13/2025,10,26,20,10:26:20,-24,Tahap-2
01/13/2025,10,26,20,10:26:20,184,Tahap-2
01/13/2025,10,26,20,10:26:20,224,Tahap-2
01/13/2025,10,26,20,10:26:20,112,Tahap-2
01/13/2025,10,26,20,10:26:20,144,Tahap-2
01/13/2025,10,26,20,10:26:20,192,Tahap-2
01/13/2025,10,26,20,10:26:20,64,Tahap-2
01/13/2025,10,26,21,10:26:21,-8,Tahap-2
01/13/2025,10,26,21,10:26:21,264,Tahap-2
01/13/2025,10,26,21,10:26:21,208,Tahap-2
01/13/2025,10,26,21,10:26:21,-112,Tahap-2
01/13/2025,10,26,21,10:26:21,16,Tahap-2
01/13/2025,10,26,21,10:26:21,144,Tahap-2
01/13/2025,10,26,21,10:26:21,320,Tahap-2
01/13/2025,10,26,21,10:26:21,-48,Tahap-2
01/13/2025,10,26,21,10:26:21,424,Tahap-2
01/13/2025,10,26,21,10:26:21,152,Tahap-2
01/13/2025,10,26,22,10:26:22,152,Tahap-2
01/13/2025,10,26,22,10:26:22,64,Tahap-2
01/13/2025,10,26,22,10:26:22,216,Tahap-2
01/13/2025,10,26,22,10:26:22,152,Tahap-2
01/13/2025,10,26,22,10:26:22,192,Tahap-2
01/13/2025,10,26,46,10:26:46,2076,Tahap-2
01/13/2025,10,26,47,10:26:47,301,Tahap-2
01/13/2025,10,26,47,10:26:47,741,Tahap-2
01/13/2025,10,26,47,10:26:47,299,Tahap-2
01/13/2025,10,26,47,10:26:47,51,Tahap-2
01/13/2025,10,26,47,10:26:47,50,Tahap-2
01/13/2025,10,26,47,10:26:47,168,Tahap-2
01/13/2025,10,26,47,10:26:47,18,Tahap-2
01/13/2025,10,26,47,10:26:47,32,Tahap-2
01/13/2025,10,26,47,10:26:47,63,Tahap-2
01/13/2025,10,26,47,10:26:47,141,Tahap-2
01/13/2025,10,26,48,10:26:48,102,Tahap-2
01/13/2025,10,26,48,10:26:48,133,Tahap-2
01/13/2025,10,26,48,10:26:48,62,Tahap-2
01/13/2025,10,26,48,10:26:48,26,Tahap-2
01/13/2025,10,26,48,10:26:48,51,Tahap-2
01/13/2025,10,26,48,10:26:48,191,Tahap-2
01/13/2025,10,26,48,10:26:48,86,Tahap-2
01/13/2025,10,26,48,10:26:48,38,Tahap-2
01/13/2025,10,26,48,10:26:48,257,Tahap-2
01/13/2025,10,26,48,10:26:48,81,Tahap-2
01/13/2025,10,26,49,10:26:49,503,Tahap-2
01/13/2025,10,26,49,10:26:49,443,Tahap-2
01/13/2025,10,26,49,10:26:49,490,Tahap-2
01/13/2025,10,26,49,10:26:49,39,Tahap-2
01/13/2025,10,26,49,10:26:49,48,Tahap-2
01/13/2025,10,26,49,10:26:49,102,Tahap-2
01/13/2025,10,26,49,10:26:49,98,Tahap-2
01/13/2025,10,26,49,10:26:49,66,Tahap-2
01/13/2025,10,26,49,10:26:49,195,Tahap-2
01/13/2025,10,26,49,10:26:49,165,Tahap-2
01/13/2025,10,26,50,10:26:50,27,Tahap-2
01/13/2025,10,26,50,10:26:50,58,Tahap-2
01/13/2025,10,26,50,10:26:50,132,Tahap-2
01/13/2025,10,26,50,10:26:50,116,Tahap-2
01/13/2025,10,26,50,10:26:50,208,Tahap-2
01/13/2025,10,26,50,10:26:50,9,Tahap-2
01/13/2025,10,26,50,10:26:50,58,Tahap-2
01/13/2025,10,26,50,10:26:50,100,Tahap-2
01/13/2025,10,26,50,10:26:50,144,Tahap-2
01/13/2025,10,26,50,10:26:50,68,Tahap-2
01/13/2025,10,26,51,10:26:51,157,Tahap-2
01/13/2025,10,26,51,10:26:51,488,Tahap-2
01/13/2025,10,26,51,10:26:51,234,Tahap-2
01/13/2025,10,26,51,10:26:51,38,Tahap-2
01/13/2025,10,26,51,10:26:51,532,Tahap-2
01/13/2025,10,26,51,10:26:51,193,Tahap-2
01/13/2025,10,26,51,10:26:51,46,Tahap-2
01/13/2025,10,26,51,10:26:51,32,Tahap-2
01/13/2025,10,26,51,10:26:51,27,Tahap-2
01/13/2025,10,26,51,10:26:51,14,Tahap-2
01/13/2025,10,26,52,10:26:52,102,Tahap-2
01/13/2025,10,26,52,10:26:52,76,Tahap-2
01/13/2025,10,26,52,10:26:52,70,Tahap-2
01/13/2025,10,26,52,10:26:52,44,Tahap-2
01/13/2025,10,26,52,10:26:52,108,Tahap-2
01/13/2025,10,26,52,10:26:52,107,Tahap-2
01/13/2025,10,26,52,10:26:52,3,Tahap-2
01/13/2025,10,26,52,10:26:52,57,Tahap-2
01/13/2025,10,26,52,10:26:52,30,Tahap-2
01/13/2025,10,26,52,10:26:52,60,Tahap-2
01/13/2025,10,26,53,10:26:53,148,Tahap-2
01/13/2025,10,26,53,10:26:53,163,Tahap-2
01/13/2025,10,26,53,10:26:53,347,Tahap-2
01/13/2025,10,26,53,10:26:53,193,Tahap-2
01/13/2025,10,26,53,10:26:53,585,Tahap-2
01/13/2025,10,26,53,10:26:53,596,Tahap-2
01/13/2025,10,26,53,10:26:53,874,Tahap-2
01/13/2025,10,26,53,10:26:53,1589,Tahap-2
01/13/2025,10,26,53,10:26:53,782,Tahap-2
01/13/2025,10,26,53,10:26:53,333,Tahap-2
01/13/2025,10,26,54,10:26:54,180,Tahap-2
01/13/2025,10,26,54,10:26:54,34,Tahap-2
01/13/2025,10,26,54,10:26:54,138,Tahap-2
01/13/2025,10,26,54,10:26:54,290,Tahap-2
01/13/2025,10,26,54,10:26:54,289,Tahap-2
01/13/2025,10,26,54,10:26:54,99,Tahap-2
01/13/2025,10,26,54,10:26:54,68,Tahap-2
01/13/2025,10,26,54,10:26:54,118,Tahap-2
01/13/2025,10,26,54,10:26:54,43,Tahap-2
01/13/2025,10,26,54,10:26:54,169,Tahap-2
01/13/2025,10,26,55,10:26:55,92,Tahap-2
01/13/2025,10,26,55,10:26:55,47,Tahap-2
01/13/2025,10,26,55,10:26:55,223,Tahap-2
01/13/2025,10,26,55,10:26:55,433,Tahap-2
01/13/2025,10,26,55,10:26:55,871,Tahap-2
01/13/2025,10,26,55,10:26:55,811,Tahap-2
01/13/2025,10,26,55,10:26:55,1022,Tahap-2
01/13/2025,10,26,55,10:26:55,1240,Tahap-2
01/13/2025,10,26,55,10:26:55,622,Tahap-2
01/13/2025,10,26,55,10:26:55,496,Tahap-2
01/13/2025,10,26,56,10:26:56,440,Tahap-2
01/13/2025,10,26,56,10:26:56,236,Tahap-2
01/13/2025,10,26,56,10:26:56,326,Tahap-2
01/13/2025,10,26,56,10:26:56,267,Tahap-2
01/13/2025,10,26,56,10:26:56,402,Tahap-2
01/13/2025,10,26,56,10:26:56,316,Tahap-2
01/13/2025,10,26,56,10:26:56,121,Tahap-2
01/13/2025,10,26,56,10:26:56,133,Tahap-2
01/13/2025,10,26,56,10:26:56,128,Tahap-2
01/13/2025,10,26,56,10:26:56,189,Tahap-2
01/13/2025,10,26,57,10:26:57,15,Tahap-2
01/13/2025,10,26,57,10:26:57,92,Tahap-2
01/13/2025,10,26,57,10:26:57,250,Tahap-2
01/13/2025,10,26,57,10:26:57,40,Tahap-2
01/13/2025,10,26,57,10:26:57,21,Tahap-2
01/13/2025,10,26,57,10:26:57,117,Tahap-2
01/13/2025,10,26,57,10:26:57,141,Tahap-2
01/13/2025,10,26,57,10:26:57,433,Tahap-2
01/13/2025,10,26,57,10:26:57,712,Tahap-2
01/13/2025,10,26,57,10:26:57,681,Tahap-2
01/13/2025,10,26,58,10:26:58,864,Tahap-2
01/13/2025,10,26,58,10:26:58,292,Tahap-2
01/13/2025,10,26,58,10:26:58,281,Tahap-2
01/13/2025,10,26,58,10:26:58,509,Tahap-2
01/13/2025,10,26,58,10:26:58,315,Tahap-2
01/13/2025,10,26,58,10:26:58,442,Tahap-2
01/13/2025,10,26,58,10:26:58,122,Tahap-2
01/13/2025,10,26,58,10:26:58,203,Tahap-2
01/13/2025,10,26,58,10:26:58,117,Tahap-2
01/13/2025,10,26,58,10:26:58,266,Tahap-2
01/13/2025,10,26,59,10:26:59,211,Tahap-2
01/13/2025,10,26,59,10:26:59,171,Tahap-2
01/13/2025,10,26,59,10:26:59,262,Tahap-2
01/13/2025,10,26,59,10:26:59,91,Tahap-2
01/13/2025,10,26,59,10:26:59,242,Tahap-2
01/13/2025,10,26,59,10:26:59,223,Tahap-2
01/13/2025,10,26,59,10:26:59,60,Tahap-2
01/13/2025,10,26,59,10:26:59,-60,Tahap-2
01/13/2025,10,26,59,10:26:59,-152,Tahap-2
01/13/2025,10,26,59,10:26:59,-24,Tahap-2
01/13/2025,10,27,1,10:27:01,-12,Tahap-2
01/13/2025,10,27,1,10:27:01,-32,Tahap-2
01/13/2025,10,27,1,10:27:01,-24,Tahap-2
01/13/2025,10,27,1,10:27:01,-152,Tahap-2
01/13/2025,10,27,1,10:27:01,-72,Tahap-2
01/13/2025,10,27,1,10:27:01,24,Tahap-2
01/13/2025,10,27,1,10:27:01,-116,Tahap-2
01/13/2025,10,27,1,10:27:01,-108,Tahap-2
01/13/2025,10,27,1,10:27:01,48,Tahap-2
01/13/2025,10,27,2,10:27:02,-136,Tahap-2
01/13/2025,10,27,2,10:27:02,-8,Tahap-2
01/13/2025,10,27,2,10:27:02,-32,Tahap-2
01/13/2025,10,27,2,10:27:02,-132,Tahap-2
01/13/2025,10,27,2,10:27:02,-60,Tahap-2
01/13/2025,10,27,2,10:27:02,-60,Tahap-2
01/13/2025,10,27,2,10:27:02,-56,Tahap-2
01/13/2025,10,27,2,10:27:02,-4,Tahap-2
01/13/2025,10,27,2,10:27:02,-132,Tahap-2
01/13/2025,10,27,2,10:27:02,-104,Tahap-2
01/13/2025,10,27,3,10:27:03,112,Tahap-2
01/13/2025,10,27,3,10:27:03,-192,Tahap-2
01/13/2025,10,27,3,10:27:03,-76,Tahap-2
01/13/2025,10,27,3,10:27:03,52,Tahap-2
01/13/2025,10,27,3,10:27:03,-64,Tahap-2
01/13/2025,10,27,3,10:27:03,-156,Tahap-2
01/13/2025,10,27,3,10:27:03,84,Tahap-2
01/13/2025,10,27,3,10:27:03,-72,Tahap-2
01/13/2025,10,27,3,10:27:03,-100,Tahap-2
01/13/2025,10,27,3,10:27:03,-24,Tahap-2
01/13/2025,10,27,4,10:27:04,-120,Tahap-2
01/13/2025,10,27,4,10:27:04,76,Tahap-2
01/13/2025,10,27,4,10:27:04,28,Tahap-2
01/13/2025,10,27,4,10:27:04,-140,Tahap-2
01/13/2025,10,27,4,10:27:04,48,Tahap-2
01/13/2025,10,27,4,10:27:04,-192,Tahap-2
01/13/2025,10,27,4,10:27:04,8,Tahap-2
01/13/2025,10,27,4,10:27:04,116,Tahap-2
01/13/2025,10,27,4,10:27:04,-188,Tahap-2
01/13/2025,10,27,5,10:27:05,-32,Tahap-2
01/13/2025,10,27,5,10:27:05,-56,Tahap-2
01/13/2025,10,27,5,10:27:05,-4,Tahap-2
01/13/2025,10,27,5,10:27:05,16,Tahap-2
01/13/2025,10,27,5,10:27:05,-76,Tahap-2
01/13/2025,10,27,5,10:27:05,-20,Tahap-2
01/13/2025,10,27,5,10:27:05,-4,Tahap-2
01/13/2025,10,27,5,10:27:05,-104,Tahap-2
01/13/2025,10,27,5,10:27:05,-116,Tahap-2
01/13/2025,10,27,5,10:27:05,120,Tahap-2
01/13/2025,10,27,6,10:27:06,-56,Tahap-2
01/13/2025,10,27,6,10:27:06,-176,Tahap-2
01/13/2025,10,27,6,10:27:06,16,Tahap-2
01/13/2025,10,27,6,10:27:06,-16,Tahap-2
01/13/2025,10,27,6,10:27:06,-68,Tahap-2
01/13/2025,10,27,6,10:27:06,44,Tahap-2
01/13/2025,10,27,6,10:27:06,-60,Tahap-2
01/13/2025,10,27,6,10:27:06,-52,Tahap-2
01/13/2025,10,27,6,10:27:06,-136,Tahap-2
01/13/2025,10,27,7,10:27:07,12,Tahap-2
01/13/2025,10,27,7,10:27:07,-52,Tahap-2
01/13/2025,10,27,7,10:27:07,-80,Tahap-2
01/13/2025,10,27,7,10:27:07,-200,Tahap-2
01/13/2025,10,27,7,10:27:07,72,Tahap-2
01/13/2025,10,27,7,10:27:07,-8,Tahap-2
01/13/2025,10,27,7,10:27:07,-132,Tahap-2
01/13/2025,10,27,7,10:27:07,104,Tahap-2
01/13/2025,10,27,7,10:27:07,48,Tahap-2
01/13/2025,10,27,7,10:27:07,-140,Tahap-2
01/13/2025,10,27,8,10:27:08,-4,Tahap-2
01/13/2025,10,27,8,10:27:08,16,Tahap-2
01/13/2025,10,27,8,10:27:08,-88,Tahap-2
01/13/2025,10,27,8,10:27:08,-8,Tahap-2
01/13/2025,10,27,8,10:27:08,-104,Tahap-2
01/13/2025,10,27,8,10:27:08,-20,Tahap-2
01/13/2025,10,27,8,10:27:08,52,Tahap-2
01/13/2025,10,27,8,10:27:08,-96,Tahap-2
01/13/2025,10,27,8,10:27:08,48,Tahap-2
01/13/2025,10,27,8,10:27:08,100,Tahap-2
01/13/2025,10,27,8,10:27:08,-60,Tahap-2
01/13/2025,10,27,9,10:27:09,-100,Tahap-2
01/13/2025,10,27,9,10:27:09,60,Tahap-2
01/13/2025,10,27,9,10:27:09,-104,Tahap-2
01/13/2025,10,27,9,10:27:09,-44,Tahap-2
01/13/2025,10,27,9,10:27:09,-40,Tahap-2
01/13/2025,10,27,9,10:27:09,24,Tahap-2
01/13/2025,10,27,9,10:27:09,40,Tahap-2
01/13/2025,10,27,9,10:27:09,-4,Tahap-2
01/13/2025,10,27,9,10:27:09,24,Tahap-2
01/13/2025,10,27,9,10:27:09,80,Tahap-2
01/13/2025,10,27,10,10:27:10,40,Tahap-2
01/13/2025,10,27,10,10:27:10,-104,Tahap-2
01/13/2025,10,27,10,10:27:10,128,Tahap-2
01/13/2025,10,27,10,10:27:10,4,Tahap-2
01/13/2025,10,27,10,10:27:10,-12,Tahap-2
01/13/2025,10,27,10,10:27:10,-4,Tahap-2
01/13/2025,10,27,10,10:27:10,84,Tahap-2
01/13/2025,10,27,10,10:27:10,112,Tahap-2
01/13/2025,10,27,10,10:27:10,-20,Tahap-2
01/13/2025,10,27,10,10:27:10,52,Tahap-2
01/13/2025,10,27,11,10:27:11,108,Tahap-2
01/13/2025,10,27,11,10:27:11,84,Tahap-2
01/13/2025,10,27,11,10:27:11,-12,Tahap-2
01/13/2025,10,27,11,10:27:11,116,Tahap-2
01/13/2025,10,27,11,10:27:11,96,Tahap-2
01/13/2025,10,27,11,10:27:11,16,Tahap-2
01/13/2025,10,27,11,10:27:11,32,Tahap-2
01/13/2025,10,27,11,10:27:11,100,Tahap-2
01/13/2025,10,27,11,10:27:11,148,Tahap-2
01/13/2025,10,27,11,10:27:11,-24,Tahap-2
01/13/2025,10,27,12,10:27:12,152,Tahap-2
01/13/2025,10,27,12,10:27:12,120,Tahap-2
01/13/2025,10,27,12,10:27:12,112,Tahap-2
01/13/2025,10,27,12,10:27:12,28,Tahap-2
01/13/2025,10,27,36,10:27:36,5733,Tahap-2
01/13/2025,10,27,36,10:27:36,2369,Tahap-2
01/13/2025,10,27,37,10:27:37,1374,Tahap-2
01/13/2025,10,27,37,10:27:37,1058,Tahap-2
01/13/2025,10,27,37,10:27:37,893,Tahap-2
01/13/2025,10,27,37,10:27:37,651,Tahap-2
01/13/2025,10,27,37,10:27:37,726,Tahap-2
01/13/2025,10,27,37,10:27:37,493,Tahap-2
01/13/2025,10,27,37,10:27:37,506,Tahap-2
01/13/2025,10,27,37,10:27:37,437,Tahap-2
01/13/2025,10,27,37,10:27:37,304,Tahap-2
01/13/2025,10,27,37,10:27:37,369,Tahap-2
01/13/2025,10,27,38,10:27:38,267,Tahap-2
01/13/2025,10,27,38,10:27:38,300,Tahap-2
01/13/2025,10,27,38,10:27:38,295,Tahap-2
01/13/2025,10,27,38,10:27:38,131,Tahap-2
01/13/2025,10,27,38,10:27:38,177,Tahap-2
01/13/2025,10,27,38,10:27:38,264,Tahap-2
01/13/2025,10,27,38,10:27:38,172,Tahap-2
01/13/2025,10,27,38,10:27:38,212,Tahap-2
01/13/2025,10,27,38,10:27:38,32,Tahap-2
01/13/2025,10,27,38,10:27:38,282,Tahap-2
01/13/2025,10,27,39,10:27:39,892,Tahap-2
01/13/2025,10,27,39,10:27:39,292,Tahap-2
01/13/2025,10,27,39,10:27:39,199,Tahap-2
01/13/2025,10,27,39,10:27:39,180,Tahap-2
01/13/2025,10,27,39,10:27:39,149,Tahap-2
01/13/2025,10,27,39,10:27:39,126,Tahap-2
01/13/2025,10,27,39,10:27:39,195,Tahap-2
01/13/2025,10,27,39,10:27:39,228,Tahap-2
01/13/2025,10,27,39,10:27:39,103,Tahap-2
01/13/2025,10,27,39,10:27:39,38,Tahap-2
01/13/2025,10,27,40,10:27:40,90,Tahap-2
01/13/2025,10,27,40,10:27:40,167,Tahap-2
01/13/2025,10,27,40,10:27:40,269,Tahap-2
01/13/2025,10,27,40,10:27:40,84,Tahap-2
01/13/2025,10,27,40,10:27:40,55,Tahap-2
01/13/2025,10,27,40,10:27:40,121,Tahap-2
01/13/2025,10,27,40,10:27:40,147,Tahap-2
01/13/2025,10,27,40,10:27:40,109,Tahap-2
01/13/2025,10,27,40,10:27:40,90,Tahap-2
01/13/2025,10,27,40,10:27:40,97,Tahap-2
01/13/2025,10,27,41,10:27:41,278,Tahap-2
01/13/2025,10,27,41,10:27:41,206,Tahap-2
01/13/2025,10,27,41,10:27:41,331,Tahap-2
01/13/2025,10,27,41,10:27:41,328,Tahap-2
01/13/2025,10,27,41,10:27:41,171,Tahap-2
01/13/2025,10,27,41,10:27:41,74,Tahap-2
01/13/2025,10,27,41,10:27:41,70,Tahap-2
01/13/2025,10,27,41,10:27:41,107,Tahap-2
01/13/2025,10,27,41,10:27:41,112,Tahap-2
01/13/2025,10,27,41,10:27:41,99,Tahap-2
01/13/2025,10,27,42,10:27:42,178,Tahap-2
01/13/2025,10,27,42,10:27:42,193,Tahap-2
01/13/2025,10,27,42,10:27:42,44,Tahap-2
01/13/2025,10,27,42,10:27:42,66,Tahap-2
01/13/2025,10,27,42,10:27:42,40,Tahap-2
01/13/2025,10,27,42,10:27:42,58,Tahap-2
01/13/2025,10,27,42,10:27:42,112,Tahap-2
01/13/2025,10,27,42,10:27:42,93,Tahap-2
01/13/2025,10,27,42,10:27:42,18,Tahap-2
01/13/2025,10,27,42,10:27:42,79,Tahap-2
01/13/2025,10,27,43,10:27:43,139,Tahap-2
01/13/2025,10,27,43,10:27:43,97,Tahap-2
01/13/2025,10,27,43,10:27:43,66,Tahap-2
01/13/2025,10,27,43,10:27:43,215,Tahap-2
01/13/2025,10,27,43,10:27:43,564,Tahap-2
01/13/2025,10,27,43,10:27:43,1835,Tahap-2
01/13/2025,10,27,43,10:27:43,882,Tahap-2
01/13/2025,10,27,43,10:27:43,178,Tahap-2
01/13/2025,10,27,43,10:27:43,163,Tahap-2
01/13/2025,10,27,43,10:27:43,222,Tahap-2
01/13/2025,10,27,44,10:27:44,278,Tahap-2
01/13/2025,10,27,44,10:27:44,74,Tahap-2
01/13/2025,10,27,44,10:27:44,153,Tahap-2
01/13/2025,10,27,44,10:27:44,64,Tahap-2
01/13/2025,10,27,44,10:27:44,157,Tahap-2
01/13/2025,10,27,45,10:27:45,37,Tahap-2
01/13/2025,10,27,45,10:27:45,98,Tahap-2
01/13/2025,10,27,45,10:27:45,14,Tahap-2
01/13/2025,10,27,45,10:27:45,94,Tahap-2
01/13/2025,10,27,45,10:27:45,155,Tahap-2
01/13/2025,10,27,45,10:27:45,128,Tahap-2
01/13/2025,10,27,45,10:27:45,317,Tahap-2
01/13/2025,10,27,45,10:27:45,167,Tahap-2
01/13/2025,10,27,45,10:27:45,1279,Tahap-2
01/13/2025,10,27,45,10:27:45,56,Tahap-2
01/13/2025,10,27,45,10:27:45,173,Tahap-2
01/13/2025,10,27,45,10:27:45,464,Tahap-2
01/13/2025,10,27,45,10:27:45,326,Tahap-2
01/13/2025,10,27,45,10:27:45,1638,Tahap-2
01/13/2025,10,27,45,10:27:45,43,Tahap-2
01/13/2025,10,27,46,10:27:46,86,Tahap-2
01/13/2025,10,27,46,10:27:46,48,Tahap-2
01/13/2025,10,27,46,10:27:46,178,Tahap-2
01/13/2025,10,27,46,10:27:46,276,Tahap-2
01/13/2025,10,27,46,10:27:46,93,Tahap-2
01/13/2025,10,27,46,10:27:46,53,Tahap-2
01/13/2025,10,27,46,10:27:46,182,Tahap-2
01/13/2025,10,27,46,10:27:46,89,Tahap-2
01/13/2025,10,27,46,10:27:46,196,Tahap-2
01/13/2025,10,27,46,10:27:46,17,Tahap-2
01/13/2025,10,27,47,10:27:47,73,Tahap-2
01/13/2025,10,27,47,10:27:47,228,Tahap-2
01/13/2025,10,27,47,10:27:47,96,Tahap-2
01/13/2025,10,27,47,10:27:47,162,Tahap-2
01/13/2025,10,27,47,10:27:47,147,Tahap-2
01/13/2025,10,27,47,10:27:47,91,Tahap-2
01/13/2025,10,27,47,10:27:47,390,Tahap-2
01/13/2025,10,27,47,10:27:47,120,Tahap-2
01/13/2025,10,27,47,10:27:47,272,Tahap-2
01/13/2025,10,27,47,10:27:47,250,Tahap-2
01/13/2025,10,27,48,10:27:48,266,Tahap-2
01/13/2025,10,27,48,10:27:48,1107,Tahap-2
01/13/2025,10,27,48,10:27:48,97,Tahap-2
01/13/2025,10,27,48,10:27:48,117,Tahap-2
01/13/2025,10,27,48,10:27:48,143,Tahap-2
01/13/2025,10,27,48,10:27:48,247,Tahap-2
01/13/2025,10,27,48,10:27:48,164,Tahap-2
01/13/2025,10,27,48,10:27:48,113,Tahap-2
01/13/2025,10,27,48,10:27:48,90,Tahap-2
01/13/2025,10,27,48,10:27:48,193,Tahap-2
01/13/2025,10,27,49,10:27:49,166,Tahap-2
01/13/2025,10,27,49,10:27:49,106,Tahap-2
01/13/2025,10,27,49,10:27:49,398,Tahap-2
01/13/2025,10,27,49,10:27:49,329,Tahap-2
01/13/2025,10,27,49,10:27:49,1161,Tahap-2
01/13/2025,10,27,49,10:27:49,-68,Tahap-2
01/13/2025,10,27,49,10:27:49,-52,Tahap-2
01/13/2025,10,27,49,10:27:49,52,Tahap-2
01/13/2025,10,27,49,10:27:49,80,Tahap-2
01/13/2025,10,27,49,10:27:49,-136,Tahap-2
01/13/2025,10,27,50,10:27:50,80,Tahap-2
01/13/2025,10,27,50,10:27:50,64,Tahap-2
01/13/2025,10,27,50,10:27:50,-100,Tahap-2
01/13/2025,10,27,50,10:27:50,-20,Tahap-2
01/13/2025,10,27,50,10:27:50,-20,Tahap-2
01/13/2025,10,27,50,10:27:50,-60,Tahap-2
01/13/2025,10,27,50,10:27:50,-128,Tahap-2
01/13/2025,10,27,50,10:27:50,-92,Tahap-2
01/13/2025,10,27,50,10:27:50,-108,Tahap-2
01/13/2025,10,27,50,10:27:50,164,Tahap-2
01/13/2025,10,27,51,10:27:51,-192,Tahap-2
01/13/2025,10,27,51,10:27:51,-28,Tahap-2
01/13/2025,10,27,51,10:27:51,64,Tahap-2
01/13/2025,10,27,51,10:27:51,-88,Tahap-2
01/13/2025,10,27,51,10:27:51,-100,Tahap-2
01/13/2025,10,27,51,10:27:51,76,Tahap-2
01/13/2025,10,27,51,10:27:51,-116,Tahap-2
01/13/2025,10,27,51,10:27:51,-132,Tahap-2
01/13/2025,10,27,51,10:27:51,-128,Tahap-2
01/13/2025,10,27,51,10:27:51,-116,Tahap-2
01/13/2025,10,27,52,10:27:52,8,Tahap-2
01/13/2025,10,27,52,10:27:52,-40,Tahap-2
01/13/2025,10,27,52,10:27:52,-188,Tahap-2
01/13/2025,10,27,52,10:27:52,68,Tahap-2
01/13/2025,10,27,52,10:27:52,-72,Tahap-2
01/13/2025,10,27,52,10:27:52,-148,Tahap-2
01/13/2025,10,27,52,10:27:52,-52,Tahap-2
01/13/2025,10,27,52,10:27:52,40,Tahap-2
01/13/2025,10,27,52,10:27:52,-260,Tahap-2
01/13/2025,10,27,52,10:27:52,-100,Tahap-2
01/13/2025,10,27,53,10:27:53,-132,Tahap-2
01/13/2025,10,27,53,10:27:53,-40,Tahap-2
01/13/2025,10,27,53,10:27:53,-56,Tahap-2
01/13/2025,10,27,53,10:27:53,-120,Tahap-2
01/13/2025,10,27,53,10:27:53,-40,Tahap-2
01/13/2025,10,27,53,10:27:53,-72,Tahap-2
01/13/2025,10,27,53,10:27:53,-188,Tahap-2
01/13/2025,10,27,53,10:27:53,-176,Tahap-2
01/13/2025,10,27,53,10:27:53,-24,Tahap-2
01/13/2025,10,27,53,10:27:53,-112,Tahap-2
01/13/2025,10,27,54,10:27:54,-244,Tahap-2
01/13/2025,10,27,54,10:27:54,-132,Tahap-2
01/13/2025,10,27,54,10:27:54,-32,Tahap-2
01/13/2025,10,27,54,10:27:54,-60,Tahap-2
01/13/2025,10,27,54,10:27:54,-204,Tahap-2
01/13/2025,10,27,54,10:27:54,36,Tahap-2
01/13/2025,10,27,54,10:27:54,-164,Tahap-2
01/13/2025,10,27,54,10:27:54,-96,Tahap-2
01/13/2025,10,27,54,10:27:54,-232,Tahap-2
01/13/2025,10,27,54,10:27:54,-44,Tahap-2
01/13/2025,10,27,55,10:27:55,-176,Tahap-2
01/13/2025,10,27,55,10:27:55,-148,Tahap-2
01/13/2025,10,27,55,10:27:55,-272,Tahap-2
01/13/2025,10,27,55,10:27:55,-68,Tahap-2
01/13/2025,10,27,55,10:27:55,-32,Tahap-2
01/13/2025,10,27,55,10:27:55,-284,Tahap-2
01/13/2025,10,27,55,10:27:55,-40,Tahap-2
01/13/2025,10,27,55,10:27:55,-4,Tahap-2
01/13/2025,10,27,55,10:27:55,-256,Tahap-2
01/13/2025,10,27,55,10:27:55,-132,Tahap-2
01/13/2025,10,27,56,10:27:56,-60,Tahap-2
01/13/2025,10,27,56,10:27:56,-204,Tahap-2
01/13/2025,10,27,56,10:27:56,-252,Tahap-2
01/13/2025,10,27,56,10:27:56,-168,Tahap-2
01/13/2025,10,27,56,10:27:56,-204,Tahap-2
01/13/2025,10,27,56,10:27:56,-48,Tahap-2
01/13/2025,10,27,56,10:27:56,-220,Tahap-2
01/13/2025,10,27,56,10:27:56,-160,Tahap-2
01/13/2025,10,27,56,10:27:56,-48,Tahap-2
01/13/2025,10,27,56,10:27:56,-120,Tahap-2
01/13/2025,10,27,57,10:27:57,-316,Tahap-2
01/13/2025,10,27,57,10:27:57,-68,Tahap-2
01/13/2025,10,27,57,10:27:57,-192,Tahap-2
01/13/2025,10,27,57,10:27:57,-212,Tahap-2
01/13/2025,10,27,57,10:27:57,-172,Tahap-2
01/13/2025,10,27,57,10:27:57,-168,Tahap-2
01/13/2025,10,27,57,10:27:57,-128,Tahap-2
01/13/2025,10,27,57,10:27:57,-184,Tahap-2
01/13/2025,10,27,57,10:27:57,-248,Tahap-2
01/13/2025,10,27,57,10:27:57,-104,Tahap-2
01/13/2025,10,27,58,10:27:58,-168,Tahap-2
01/13/2025,10,27,58,10:27:58,-220,Tahap-2
01/13/2025,10,27,58,10:27:58,-256,Tahap-2
01/13/2025,10,27,58,10:27:58,-44,Tahap-2
01/13/2025,10,27,58,10:27:58,-344,Tahap-2
01/13/2025,10,27,58,10:27:58,-200,Tahap-2
01/13/2025,10,27,58,10:27:58,-248,Tahap-2
01/13/2025,10,27,58,10:27:58,-76,Tahap-2
01/13/2025,10,27,58,10:27:58,-144,Tahap-2
01/13/2025,10,27,58,10:27:58,-268,Tahap-2
01/13/2025,10,27,59,10:27:59,-100,Tahap-2
01/13/2025,10,27,59,10:27:59,-132,Tahap-2
01/13/2025,10,27,59,10:27:59,-236,Tahap-2
01/13/2025,10,27,59,10:27:59,-176,Tahap-2
01/13/2025,10,27,59,10:27:59,-164,Tahap-2
01/13/2025,10,27,59,10:27:59,-216,Tahap-2
01/13/2025,10,27,59,10:27:59,-316,Tahap-2
01/13/2025,10,27,59,10:27:59,-152,Tahap-2
01/13/2025,10,27,59,10:27:59,-228,Tahap-2
01/13/2025,10,27,59,10:27:59,56,Tahap-2
01/13/2025,10,27,59,10:27:59,-380,Tahap-2
01/13/2025,10,28,1,10:28:01,-256,Tahap-2
01/13/2025,10,28,1,10:28:01,-212,Tahap-2
01/13/2025,10,28,1,10:28:01,-12,Tahap-2
01/13/2025,10,28,1,10:28:01,-312,Tahap-2
01/13/2025,10,28,1,10:28:01,-228,Tahap-2
01/13/2025,10,28,1,10:28:01,-112,Tahap-2
01/13/2025,10,28,1,10:28:01,-176,Tahap-2
01/13/2025,10,28,1,10:28:01,-312,Tahap-2
01/13/2025,10,28,1,10:28:01,-212,Tahap-2
01/13/2025,10,28,1,10:28:01,-160,Tahap-2
01/13/2025,10,28,2,10:28:02,-128,Tahap-2
01/13/2025,10,28,2,10:28:02,-176,Tahap-2
01/13/2025,10,28,2,10:28:02,-168,Tahap-2
01/13/2025,10,28,26,10:28:26,3040,Tahap-2
01/13/2025,10,28,26,10:28:26,384,Tahap-2
01/13/2025,10,28,26,10:28:26,62,Tahap-2
01/13/2025,10,28,27,10:28:27,250,Tahap-2
01/13/2025,10,28,27,10:28:27,95,Tahap-2
01/13/2025,10,28,27,10:28:27,79,Tahap-2
01/13/2025,10,28,27,10:28:27,174,Tahap-2
01/13/2025,10,28,27,10:28:27,67,Tahap-2
01/13/2025,10,28,27,10:28:27,157,Tahap-2
01/13/2025,10,28,27,10:28:27,68,Tahap-2
01/13/2025,10,28,27,10:28:27,18,Tahap-2
01/13/2025,10,28,27,10:28:27,40,Tahap-2
01/13/2025,10,28,27,10:28:27,88,Tahap-2
01/13/2025,10,28,28,10:28:28,84,Tahap-2
01/13/2025,10,28,28,10:28:28,62,Tahap-2
01/13/2025,10,28,28,10:28:28,72,Tahap-2
01/13/2025,10,28,28,10:28:28,48,Tahap-2
01/13/2025,10,28,28,10:28:28,38,Tahap-2
01/13/2025,10,28,28,10:28:28,34,Tahap-2
01/13/2025,10,28,28,10:28:28,73,Tahap-2
01/13/2025,10,28,28,10:28:28,150,Tahap-2
01/13/2025,10,28,28,10:28:28,461,Tahap-2
01/13/2025,10,28,28,10:28:28,729,Tahap-2
01/13/2025,10,28,29,10:28:29,170,Tahap-2
01/13/2025,10,28,29,10:28:29,152,Tahap-2
01/13/2025,10,28,29,10:28:29,45,Tahap-2
01/13/2025,10,28,29,10:28:29,73,Tahap-2
01/13/2025,10,28,29,10:28:29,88,Tahap-2
01/13/2025,10,28,29,10:28:29,114,Tahap-2
01/13/2025,10,28,29,10:28:29,109,Tahap-2
01/13/2025,10,28,29,10:28:29,86,Tahap-2
01/13/2025,10,28,29,10:28:29,52,Tahap-2
01/13/2025,10,28,29,10:28:29,41,Tahap-2
01/13/2025,10,28,30,10:28:30,117,Tahap-2
01/13/2025,10,28,30,10:28:30,116,Tahap-2
01/13/2025,10,28,30,10:28:30,48,Tahap-2
01/13/2025,10,28,30,10:28:30,59,Tahap-2
01/13/2025,10,28,30,10:28:30,35,Tahap-2
01/13/2025,10,28,30,10:28:30,57,Tahap-2
01/13/2025,10,28,30,10:28:30,76,Tahap-2
01/13/2025,10,28,30,10:28:30,39,Tahap-2
01/13/2025,10,28,30,10:28:30,126,Tahap-2
01/13/2025,10,28,30,10:28:30,269,Tahap-2
01/13/2025,10,28,31,10:28:31,62,Tahap-2
01/13/2025,10,28,31,10:28:31,294,Tahap-2
01/13/2025,10,28,31,10:28:31,364,Tahap-2
01/13/2025,10,28,31,10:28:31,23,Tahap-2
01/13/2025,10,28,31,10:28:31,117,Tahap-2
01/13/2025,10,28,31,10:28:31,134,Tahap-2
01/13/2025,10,28,31,10:28:31,95,Tahap-2
01/13/2025,10,28,31,10:28:31,108,Tahap-2
01/13/2025,10,28,31,10:28:31,89,Tahap-2
01/13/2025,10,28,31,10:28:31,100,Tahap-2
01/13/2025,10,28,32,10:28:32,52,Tahap-2
01/13/2025,10,28,32,10:28:32,67,Tahap-2
01/13/2025,10,28,32,10:28:32,71,Tahap-2
01/13/2025,10,28,32,10:28:32,53,Tahap-2
01/13/2025,10,28,32,10:28:32,100,Tahap-2
01/13/2025,10,28,32,10:28:32,46,Tahap-2
01/13/2025,10,28,32,10:28:32,26,Tahap-2
01/13/2025,10,28,32,10:28:32,179,Tahap-2
01/13/2025,10,28,32,10:28:32,125,Tahap-2
01/13/2025,10,28,32,10:28:32,109,Tahap-2
01/13/2025,10,28,33,10:28:33,61,Tahap-2
01/13/2025,10,28,33,10:28:33,23,Tahap-2
01/13/2025,10,28,33,10:28:33,114,Tahap-2
01/13/2025,10,28,33,10:28:33,382,Tahap-2
01/13/2025,10,28,33,10:28:33,788,Tahap-2
01/13/2025,10,28,33,10:28:33,1719,Tahap-2
01/13/2025,10,28,33,10:28:33,712,Tahap-2
01/13/2025,10,28,33,10:28:33,73,Tahap-2
01/13/2025,10,28,33,10:28:33,392,Tahap-2
01/13/2025,10,28,33,10:28:33,175,Tahap-2
01/13/2025,10,28,34,10:28:34,40,Tahap-2
01/13/2025,10,28,34,10:28:34,91,Tahap-2
01/13/2025,10,28,34,10:28:34,163,Tahap-2
01/13/2025,10,28,34,10:28:34,5,Tahap-2
01/13/2025,10,28,34,10:28:34,15,Tahap-2
01/13/2025,10,28,34,10:28:34,85,Tahap-2
01/13/2025,10,28,34,10:28:34,26,Tahap-2
01/13/2025,10,28,34,10:28:34,46,Tahap-2
01/13/2025,10,28,34,10:28:34,113,Tahap-2
01/13/2025,10,28,34,10:28:34,59,Tahap-2
01/13/2025,10,28,35,10:28:35,303,Tahap-2
01/13/2025,10,28,35,10:28:35,896,Tahap-2
01/13/2025,10,28,35,10:28:35,1177,Tahap-2
01/13/2025,10,28,35,10:28:35,522,Tahap-2
01/13/2025,10,28,35,10:28:35,120,Tahap-2
01/13/2025,10,28,35,10:28:35,233,Tahap-2
01/13/2025,10,28,35,10:28:35,369,Tahap-2
01/13/2025,10,28,35,10:28:35,1083,Tahap-2
01/13/2025,10,28,35,10:28:35,761,Tahap-2
01/13/2025,10,28,35,10:28:35,144,Tahap-2
01/13/2025,10,28,36,10:28:36,334,Tahap-2
01/13/2025,10,28,36,10:28:36,314,Tahap-2
01/13/2025,10,28,36,10:28:36,81,Tahap-2
01/13/2025,10,28,36,10:28:36,259,Tahap-2
01/13/2025,10,28,36,10:28:36,221,Tahap-2
01/13/2025,10,28,36,10:28:36,102,Tahap-2
01/13/2025,10,28,36,10:28:36,182,Tahap-2
01/13/2025,10,28,36,10:28:36,278,Tahap-2
01/13/2025,10,28,36,10:28:36,25,Tahap-2
01/13/2025,10,28,36,10:28:36,9,Tahap-2
01/13/2025,10,28,37,10:28:37,171,Tahap-2
01/13/2025,10,28,37,10:28:37,85,Tahap-2
01/13/2025,10,28,37,10:28:37,200,Tahap-2
01/13/2025,10,28,37,10:28:37,255,Tahap-2
01/13/2025,10,28,37,10:28:37,422,Tahap-2
01/13/2025,10,28,37,10:28:37,193,Tahap-2
01/13/2025,10,28,37,10:28:37,245,Tahap-2
01/13/2025,10,28,37,10:28:37,160,Tahap-2
01/13/2025,10,28,37,10:28:37,372,Tahap-2
01/13/2025,10,28,37,10:28:37,376,Tahap-2
01/13/2025,10,28,38,10:28:38,823,Tahap-2
01/13/2025,10,28,38,10:28:38,23,Tahap-2
01/13/2025,10,28,38,10:28:38,195,Tahap-2
01/13/2025,10,28,38,10:28:38,198,Tahap-2
01/13/2025,10,28,38,10:28:38,257,Tahap-2
01/13/2025,10,28,38,10:28:38,246,Tahap-2
01/13/2025,10,28,38,10:28:38,469,Tahap-2
01/13/2025,10,28,38,10:28:38,118,Tahap-2
01/13/2025,10,28,38,10:28:38,117,Tahap-2
01/13/2025,10,28,38,10:28:38,417,Tahap-2
01/13/2025,10,28,39,10:28:39,78,Tahap-2
01/13/2025,10,28,39,10:28:39,175,Tahap-2
01/13/2025,10,28,39,10:28:39,593,Tahap-2
01/13/2025,10,28,39,10:28:39,238,Tahap-2
01/13/2025,10,28,39,10:28:39,-76,Tahap-2
01/13/2025,10,28,39,10:28:39,-152,Tahap-2
01/13/2025,10,28,39,10:28:39,-112,Tahap-2
01/13/2025,10,28,39,10:28:39,-148,Tahap-2
01/13/2025,10,28,39,10:28:39,100,Tahap-2
01/13/2025,10,28,39,10:28:39,-108,Tahap-2
01/13/2025,10,28,40,10:28:40,-128,Tahap-2
01/13/2025,10,28,40,10:28:40,100,Tahap-2
01/13/2025,10,28,40,10:28:40,-116,Tahap-2
01/13/2025,10,28,40,10:28:40,-148,Tahap-2
01/13/2025,10,28,40,10:28:40,-4,Tahap-2
01/13/2025,10,28,40,10:28:40,-32,Tahap-2
01/13/2025,10,28,40,10:28:40,-188,Tahap-2
01/13/2025,10,28,40,10:28:40,-104,Tahap-2
01/13/2025,10,28,40,10:28:40,-144,Tahap-2
01/13/2025,10,28,40,10:28:40,20,Tahap-2
01/13/2025,10,28,41,10:28:41,44,Tahap-2
01/13/2025,10,28,41,10:28:41,-152,Tahap-2
01/13/2025,10,28,41,10:28:41,12,Tahap-2
01/13/2025,10,28,41,10:28:41,4,Tahap-2
01/13/2025,10,28,41,10:28:41,-136,Tahap-2
01/13/2025,10,28,41,10:28:41,-96,Tahap-2
01/13/2025,10,28,41,10:28:41,84,Tahap-2
01/13/2025,10,28,41,10:28:41,-156,Tahap-2
01/13/2025,10,28,41,10:28:41,-128,Tahap-2
01/13/2025,10,28,41,10:28:41,-92,Tahap-2
01/13/2025,10,28,42,10:28:42,8,Tahap-2
01/13/2025,10,28,42,10:28:42,-8,Tahap-2
01/13/2025,10,28,42,10:28:42,-32,Tahap-2
01/13/2025,10,28,42,10:28:42,-8,Tahap-2
01/13/2025,10,28,42,10:28:42,-8,Tahap-2
01/13/2025,10,28,42,10:28:42,-40,Tahap-2
01/13/2025,10,28,42,10:28:42,-112,Tahap-2
01/13/2025,10,28,42,10:28:42,72,Tahap-2
01/13/2025,10,28,42,10:28:42,-60,Tahap-2
01/13/2025,10,28,42,10:28:42,-56,Tahap-2
01/13/2025,10,28,43,10:28:43,-176,Tahap-2
01/13/2025,10,28,43,10:28:43,132,Tahap-2
01/13/2025,10,28,43,10:28:43,-60,Tahap-2
01/13/2025,10,28,43,10:28:43,-104,Tahap-2
01/13/2025,10,28,43,10:28:43,168,Tahap-2
01/13/2025,10,28,43,10:28:43,52,Tahap-2
01/13/2025,10,28,43,10:28:43,-116,Tahap-2
01/13/2025,10,28,43,10:28:43,68,Tahap-2
01/13/2025,10,28,43,10:28:43,-28,Tahap-2
01/13/2025,10,28,43,10:28:43,-28,Tahap-2
01/13/2025,10,28,44,10:28:44,-96,Tahap-2
01/13/2025,10,28,44,10:28:44,-60,Tahap-2
01/13/2025,10,28,44,10:28:44,40,Tahap-2
01/13/2025,10,28,44,10:28:44,28,Tahap-2
01/13/2025,10,28,44,10:28:44,-8,Tahap-2
01/13/2025,10,28,45,10:28:45,-28,Tahap-2
01/13/2025,10,28,45,10:28:45,196,Tahap-2
01/13/2025,10,28,45,10:28:45,-180,Tahap-2
01/13/2025,10,28,45,10:28:45,52,Tahap-2
01/13/2025,10,28,45,10:28:45,88,Tahap-2
01/13/2025,10,28,45,10:28:45,16,Tahap-2
01/13/2025,10,28,45,10:28:45,-112,Tahap-2
01/13/2025,10,28,45,10:28:45,184,Tahap-2
01/13/2025,10,28,45,10:28:45,-68,Tahap-2
01/13/2025,10,28,45,10:28:45,64,Tahap-2
01/13/2025,10,28,45,10:28:45,36,Tahap-2
01/13/2025,10,28,45,10:28:45,-12,Tahap-2
01/13/2025,10,28,45,10:28:45,140,Tahap-2
01/13/2025,10,28,45,10:28:45,88,Tahap-2
01/13/2025,10,28,45,10:28:45,-48,Tahap-2
01/13/2025,10,28,46,10:28:46,128,Tahap-2
01/13/2025,10,28,46,10:28:46,44,Tahap-2
01/13/2025,10,28,46,10:28:46,-108,Tahap-2
01/13/2025,10,28,46,10:28:46,108,Tahap-2
01/13/2025,10,28,46,10:28:46,60,Tahap-2
01/13/2025,10,28,46,10:28:46,-76,Tahap-2
01/13/2025,10,28,46,10:28:46,100,Tahap-2
01/13/2025,10,28,46,10:28:46,44,Tahap-2
01/13/2025,10,28,46,10:28:46,144,Tahap-2
01/13/2025,10,28,46,10:28:46,-20,Tahap-2
01/13/2025,10,28,47,10:28:47,88,Tahap-2
01/13/2025,10,28,47,10:28:47,68,Tahap-2
01/13/2025,10,28,47,10:28:47,88,Tahap-2
01/13/2025,10,28,47,10:28:47,-72,Tahap-2
01/13/2025,10,28,47,10:28:47,52,Tahap-2
01/13/2025,10,28,47,10:28:47,48,Tahap-2
01/13/2025,10,28,47,10:28:47,52,Tahap-2
01/13/2025,10,28,47,10:28:47,16,Tahap-2
01/13/2025,10,28,47,10:28:47,80,Tahap-2
01/13/2025,10,28,47,10:28:47,164,Tahap-2
01/13/2025,10,28,48,10:28:48,72,Tahap-2
01/13/2025,10,28,48,10:28:48,-24,Tahap-2
01/13/2025,10,28,48,10:28:48,268,Tahap-2
01/13/2025,10,28,48,10:28:48,-20,Tahap-2
01/13/2025,10,28,48,10:28:48,60,Tahap-2
01/13/2025,10,28,48,10:28:48,92,Tahap-2
01/13/2025,10,28,48,10:28:48,84,Tahap-2
01/13/2025,10,28,48,10:28:48,64,Tahap-2
01/13/2025,10,28,48,10:28:48,144,Tahap-2
01/13/2025,10,28,48,10:28:48,40,Tahap-2
01/13/2025,10,28,49,10:28:49,144,Tahap-2
01/13/2025,10,28,49,10:28:49,60,Tahap-2
01/13/2025,10,28,49,10:28:49,28,Tahap-2
01/13/2025,10,28,49,10:28:49,152,Tahap-2
01/13/2025,10,28,49,10:28:49,200,Tahap-2
01/13/2025,10,28,49,10:28:49,-32,Tahap-2
01/13/2025,10,28,49,10:28:49,96,Tahap-2
01/13/2025,10,28,49,10:28:49,136,Tahap-2
01/13/2025,10,28,49,10:28:49,36,Tahap-2
01/13/2025,10,28,49,10:28:49,44,Tahap-2
01/13/2025,10,28,50,10:28:50,104,Tahap-2
01/13/2025,10,28,50,10:28:50,124,Tahap-2
01/13/2025,10,28,50,10:28:50,164,Tahap-2
01/13/2025,10,28,50,10:28:50,24,Tahap-2
01/13/2025,10,28,50,10:28:50,136,Tahap-2
01/13/2025,10,28,50,10:28:50,164,Tahap-2
01/13/2025,10,28,50,10:28:50,104,Tahap-2
01/13/2025,10,28,50,10:28:50,-52,Tahap-2
01/13/2025,10,28,50,10:28:50,236,Tahap-2
01/13/2025,10,28,50,10:28:50,28,Tahap-2
01/13/2025,10,28,50,10:28:50,120,Tahap-2
01/13/2025,10,28,51,10:28:51,68,Tahap-2
01/13/2025,10,28,51,10:28:51,216,Tahap-2
01/13/2025,10,28,51,10:28:51,184,Tahap-2
01/13/2025,10,28,51,10:28:51,8,Tahap-2
01/13/2025,10,28,51,10:28:51,184,Tahap-2
01/13/2025,10,28,51,10:28:51,184,Tahap-2
01/13/2025,10,28,51,10:28:51,96,Tahap-2
01/13/2025,10,28,51,10:28:51,100,Tahap-2
01/13/2025,10,28,51,10:28:51,132,Tahap-2
01/13/2025,10,28,51,10:28:51,188,Tahap-2
01/13/2025,10,28,52,10:28:52,40,Tahap-2
01/13/2025,10,28,52,10:28:52,128,Tahap-2
01/13/2025,10,29,16,10:29:16,2090,Tahap-2
01/13/2025,10,29,16,10:29:16,920,Tahap-2
01/13/2025,10,29,16,10:29:16,766,Tahap-2
01/13/2025,10,29,16,10:29:16,486,Tahap-2
01/13/2025,10,29,17,10:29:17,299,Tahap-2
01/13/2025,10,29,17,10:29:17,281,Tahap-2
01/13/2025,10,29,17,10:29:17,209,Tahap-2
01/13/2025,10,29,17,10:29:17,182,Tahap-2
01/13/2025,10,29,17,10:29:17,263,Tahap-2
01/13/2025,10,29,17,10:29:17,150,Tahap-2
01/13/2025,10,29,17,10:29:17,224,Tahap-2
01/13/2025,10,29,17,10:29:17,164,Tahap-2
01/13/2025,10,29,17,10:29:17,134,Tahap-2
01/13/2025,10,29,17,10:29:17,83,Tahap-2
01/13/2025,10,29,18,10:29:18,136,Tahap-2
01/13/2025,10,29,18,10:29:18,116,Tahap-2
01/13/2025,10,29,18,10:29:18,46,Tahap-2
01/13/2025,10,29,18,10:29:18,73,Tahap-2
01/13/2025,10,29,18,10:29:18,80,Tahap-2
01/13/2025,10,29,18,10:29:18,91,Tahap-2
01/13/2025,10,29,18,10:29:18,25,Tahap-2
01/13/2025,10,29,18,10:29:18,324,Tahap-2
01/13/2025,10,29,18,10:29:18,804,Tahap-2
01/13/2025,10,29,18,10:29:18,223,Tahap-2
01/13/2025,10,29,19,10:29:19,197,Tahap-2
01/13/2025,10,29,19,10:29:19,98,Tahap-2
01/13/2025,10,29,19,10:29:19,59,Tahap-2
01/13/2025,10,29,19,10:29:19,54,Tahap-2
01/13/2025,10,29,19,10:29:19,153,Tahap-2
01/13/2025,10,29,19,10:29:19,292,Tahap-2
01/13/2025,10,29,19,10:29:19,46,Tahap-2
01/13/2025,10,29,19,10:29:19,20,Tahap-2
01/13/2025,10,29,19,10:29:19,9,Tahap-2
01/13/2025,10,29,19,10:29:19,164,Tahap-2
01/13/2025,10,29,20,10:29:20,330,Tahap-2
01/13/2025,10,29,20,10:29:20,55,Tahap-2
01/13/2025,10,29,20,10:29:20,189,Tahap-2
01/13/2025,10,29,20,10:29:20,70,Tahap-2
01/13/2025,10,29,20,10:29:20,96,Tahap-2
01/13/2025,10,29,20,10:29:20,209,Tahap-2
01/13/2025,10,29,20,10:29:20,6,Tahap-2
01/13/2025,10,29,20,10:29:20,180,Tahap-2
01/13/2025,10,29,20,10:29:20,368,Tahap-2
01/13/2025,10,29,20,10:29:20,124,Tahap-2
01/13/2025,10,29,21,10:29:21,271,Tahap-2
01/13/2025,10,29,21,10:29:21,434,Tahap-2
01/13/2025,10,29,21,10:29:21,288,Tahap-2
01/13/2025,10,29,21,10:29:21,91,Tahap-2
01/13/2025,10,29,21,10:29:21,123,Tahap-2
01/13/2025,10,29,21,10:29:21,24,Tahap-2
01/13/2025,10,29,21,10:29:21,61,Tahap-2
01/13/2025,10,29,21,10:29:21,75,Tahap-2
01/13/2025,10,29,21,10:29:21,72,Tahap-2
01/13/2025,10,29,21,10:29:21,134,Tahap-2
01/13/2025,10,29,22,10:29:22,136,Tahap-2
01/13/2025,10,29,22,10:29:22,55,Tahap-2
01/13/2025,10,29,22,10:29:22,107,Tahap-2
01/13/2025,10,29,22,10:29:22,78,Tahap-2
01/13/2025,10,29,22,10:29:22,133,Tahap-2
01/13/2025,10,29,22,10:29:22,109,Tahap-2
01/13/2025,10,29,22,10:29:22,165,Tahap-2
01/13/2025,10,29,22,10:29:22,54,Tahap-2
01/13/2025,10,29,22,10:29:22,93,Tahap-2
01/13/2025,10,29,22,10:29:22,84,Tahap-2
01/13/2025,10,29,23,10:29:23,85,Tahap-2
01/13/2025,10,29,23,10:29:23,311,Tahap-2
01/13/2025,10,29,23,10:29:23,723,Tahap-2
01/13/2025,10,29,23,10:29:23,1264,Tahap-2
01/13/2025,10,29,23,10:29:23,1448,Tahap-2
01/13/2025,10,29,23,10:29:23,95,Tahap-2
01/13/2025,10,29,23,10:29:23,362,Tahap-2
01/13/2025,10,29,23,10:29:23,197,Tahap-2
01/13/2025,10,29,23,10:29:23,278,Tahap-2
01/13/2025,10,29,23,10:29:23,169,Tahap-2
01/13/2025,10,29,24,10:29:24,120,Tahap-2
01/13/2025,10,29,24,10:29:24,39,Tahap-2
01/13/2025,10,29,24,10:29:24,36,Tahap-2
01/13/2025,10,29,24,10:29:24,159,Tahap-2
01/13/2025,10,29,24,10:29:24,148,Tahap-2
01/13/2025,10,29,24,10:29:24,66,Tahap-2
01/13/2025,10,29,24,10:29:24,58,Tahap-2
01/13/2025,10,29,24,10:29:24,89,Tahap-2
01/13/2025,10,29,24,10:29:24,45,Tahap-2
01/13/2025,10,29,24,10:29:24,176,Tahap-2
01/13/2025,10,29,25,10:29:25,377,Tahap-2
01/13/2025,10,29,25,10:29:25,1463,Tahap-2
01/13/2025,10,29,25,10:29:25,666,Tahap-2
01/13/2025,10,29,25,10:29:25,80,Tahap-2
01/13/2025,10,29,25,10:29:25,586,Tahap-2
01/13/2025,10,29,25,10:29:25,566,Tahap-2
01/13/2025,10,29,25,10:29:25,1140,Tahap-2
01/13/2025,10,29,25,10:29:25,527,Tahap-2
01/13/2025,10,29,25,10:29:25,144,Tahap-2
01/13/2025,10,29,25,10:29:25,254,Tahap-2
01/13/2025,10,29,26,10:29:26,492,Tahap-2
01/13/2025,10,29,26,10:29:26,145,Tahap-2
01/13/2025,10,29,26,10:29:26,84,Tahap-2
01/13/2025,10,29,26,10:29:26,147,Tahap-2
01/13/2025,10,29,26,10:29:26,74,Tahap-2
01/13/2025,10,29,26,10:29:26,271,Tahap-2
01/13/2025,10,29,26,10:29:26,127,Tahap-2
01/13/2025,10,29,26,10:29:26,97,Tahap-2
01/13/2025,10,29,26,10:29:26,15,Tahap-2
01/13/2025,10,29,26,10:29:26,69,Tahap-2
01/13/2025,10,29,27,10:29:27,135,Tahap-2
01/13/2025,10,29,27,10:29:27,45,Tahap-2
01/13/2025,10,29,27,10:29:27,196,Tahap-2
01/13/2025,10,29,27,10:29:27,265,Tahap-2
01/13/2025,10,29,27,10:29:27,319,Tahap-2
01/13/2025,10,29,27,10:29:27,190,Tahap-2
01/13/2025,10,29,27,10:29:27,249,Tahap-2
01/13/2025,10,29,27,10:29:27,321,Tahap-2
01/13/2025,10,29,27,10:29:27,338,Tahap-2
01/13/2025,10,29,27,10:29:27,785,Tahap-2
01/13/2025,10,29,28,10:29:28,300,Tahap-2
01/13/2025,10,29,28,10:29:28,136,Tahap-2
01/13/2025,10,29,28,10:29:28,438,Tahap-2
01/13/2025,10,29,28,10:29:28,99,Tahap-2
01/13/2025,10,29,28,10:29:28,104,Tahap-2
01/13/2025,10,29,28,10:29:28,257,Tahap-2
01/13/2025,10,29,28,10:29:28,46,Tahap-2
01/13/2025,10,29,28,10:29:28,208,Tahap-2
01/13/2025,10,29,28,10:29:28,401,Tahap-2
01/13/2025,10,29,28,10:29:28,178,Tahap-2
01/13/2025,10,29,29,10:29:29,86,Tahap-2
01/13/2025,10,29,29,10:29:29,246,Tahap-2
01/13/2025,10,29,29,10:29:29,753,Tahap-2
01/13/2025,10,29,29,10:29:29,32,Tahap-2
01/13/2025,10,29,29,10:29:29,-16,Tahap-2
01/13/2025,10,29,29,10:29:29,100,Tahap-2
01/13/2025,10,29,29,10:29:29,40,Tahap-2
01/13/2025,10,29,29,10:29:29,28,Tahap-2
01/13/2025,10,29,29,10:29:29,-116,Tahap-2
01/13/2025,10,29,29,10:29:29,132,Tahap-2
01/13/2025,10,29,30,10:29:30,-92,Tahap-2
01/13/2025,10,29,30,10:29:30,-48,Tahap-2
01/13/2025,10,29,30,10:29:30,-52,Tahap-2
01/13/2025,10,29,30,10:29:30,196,Tahap-2
01/13/2025,10,29,30,10:29:30,-8,Tahap-2
01/13/2025,10,29,30,10:29:30,-32,Tahap-2
01/13/2025,10,29,30,10:29:30,92,Tahap-2
01/13/2025,10,29,30,10:29:30,68,Tahap-2
01/13/2025,10,29,30,10:29:30,-56,Tahap-2
01/13/2025,10,29,30,10:29:30,48,Tahap-2
01/13/2025,10,29,31,10:29:31,12,Tahap-2
01/13/2025,10,29,31,10:29:31,44,Tahap-2
01/13/2025,10,29,31,10:29:31,-104,Tahap-2
01/13/2025,10,29,31,10:29:31,-8,Tahap-2
01/13/2025,10,29,31,10:29:31,216,Tahap-2
01/13/2025,10,29,31,10:29:31,-72,Tahap-2
01/13/2025,10,29,31,10:29:31,140,Tahap-2
01/13/2025,10,29,31,10:29:31,136,Tahap-2
01/13/2025,10,29,31,10:29:31,-28,Tahap-2
01/13/2025,10,29,32,10:29:32,-40,Tahap-2
01/13/2025,10,29,32,10:29:32,164,Tahap-2
01/13/2025,10,29,32,10:29:32,-44,Tahap-2
01/13/2025,10,29,32,10:29:32,-28,Tahap-2
01/13/2025,10,29,32,10:29:32,28,Tahap-2
01/13/2025,10,29,32,10:29:32,-48,Tahap-2
01/13/2025,10,29,32,10:29:32,176,Tahap-2
01/13/2025,10,29,32,10:29:32,84,Tahap-2
01/13/2025,10,29,32,10:29:32,-72,Tahap-2
01/13/2025,10,29,32,10:29:32,172,Tahap-2
01/13/2025,10,29,33,10:29:33,-8,Tahap-2
01/13/2025,10,29,33,10:29:33,-84,Tahap-2
01/13/2025,10,29,33,10:29:33,104,Tahap-2
01/13/2025,10,29,33,10:29:33,144,Tahap-2
01/13/2025,10,29,33,10:29:33,-140,Tahap-2
01/13/2025,10,29,33,10:29:33,12,Tahap-2
01/13/2025,10,29,33,10:29:33,-28,Tahap-2
01/13/2025,10,29,33,10:29:33,108,Tahap-2
01/13/2025,10,29,33,10:29:33,56,Tahap-2
01/13/2025,10,29,33,10:29:33,24,Tahap-2
01/13/2025,10,29,34,10:29:34,64,Tahap-2
01/13/2025,10,29,34,10:29:34,96,Tahap-2
01/13/2025,10,29,34,10:29:34,-52,Tahap-2
01/13/2025,10,29,34,10:29:34,12,Tahap-2
01/13/2025,10,29,34,10:29:34,160,Tahap-2
01/13/2025,10,29,34,10:29:34,4,Tahap-2
01/13/2025,10,29,34,10:29:34,-104,Tahap-2
01/13/2025,10,29,34,10:29:34,40,Tahap-2
01/13/2025,10,29,34,10:29:34,84,Tahap-2
01/13/2025,10,29,34,10:29:34,100,Tahap-2
01/13/2025,10,29,35,10:29:35,212,Tahap-2
01/13/2025,10,29,35,10:29:35,-8,Tahap-2
01/13/2025,10,29,35,10:29:35,60,Tahap-2
01/13/2025,10,29,35,10:29:35,-24,Tahap-2
01/13/2025,10,29,35,10:29:35,156,Tahap-2
01/13/2025,10,29,35,10:29:35,12,Tahap-2
01/13/2025,10,29,35,10:29:35,12,Tahap-2
01/13/2025,10,29,35,10:29:35,-72,Tahap-2
01/13/2025,10,29,35,10:29:35,112,Tahap-2
01/13/2025,10,29,36,10:29:36,92,Tahap-2
01/13/2025,10,29,36,10:29:36,-76,Tahap-2
01/13/2025,10,29,36,10:29:36,204,Tahap-2
01/13/2025,10,29,36,10:29:36,140,Tahap-2
01/13/2025,10,29,36,10:29:36,-64,Tahap-2
01/13/2025,10,29,36,10:29:36,36,Tahap-2
01/13/2025,10,29,36,10:29:36,120,Tahap-2
01/13/2025,10,29,36,10:29:36,40,Tahap-2
01/13/2025,10,29,36,10:29:36,24,Tahap-2
01/13/2025,10,29,36,10:29:36,48,Tahap-2
01/13/2025,10,29,37,10:29:37,-40,Tahap-2
01/13/2025,10,29,37,10:29:37,160,Tahap-2
01/13/2025,10,29,37,10:29:37,-28,Tahap-2
01/13/2025,10,29,37,10:29:37,44,Tahap-2
01/13/2025,10,29,37,10:29:37,200,Tahap-2
01/13/2025,10,29,37,10:29:37,72,Tahap-2
01/13/2025,10,29,37,10:29:37,-52,Tahap-2
01/13/2025,10,29,37,10:29:37,184,Tahap-2
01/13/2025,10,29,37,10:29:37,16,Tahap-2
01/13/2025,10,29,37,10:29:37,-32,Tahap-2
01/13/2025,10,29,38,10:29:38,56,Tahap-2
01/13/2025,10,29,38,10:29:38,28,Tahap-2
01/13/2025,10,29,38,10:29:38,160,Tahap-2
01/13/2025,10,29,38,10:29:38,68,Tahap-2
01/13/2025,10,29,38,10:29:38,60,Tahap-2
01/13/2025,10,29,38,10:29:38,156,Tahap-2
01/13/2025,10,29,38,10:29:38,168,Tahap-2
01/13/2025,10,29,38,10:29:38,-56,Tahap-2
01/13/2025,10,29,38,10:29:38,104,Tahap-2
01/13/2025,10,29,38,10:29:38,120,Tahap-2
01/13/2025,10,29,39,10:29:39,-44,Tahap-2
01/13/2025,10,29,39,10:29:39,40,Tahap-2
01/13/2025,10,29,39,10:29:39,80,Tahap-2
01/13/2025,10,29,39,10:29:39,148,Tahap-2
01/13/2025,10,29,39,10:29:39,84,Tahap-2
01/13/2025,10,29,39,10:29:39,44,Tahap-2
01/13/2025,10,29,39,10:29:39,132,Tahap-2
01/13/2025,10,29,39,10:29:39,100,Tahap-2
01/13/2025,10,29,39,10:29:39,108,Tahap-2
01/13/2025,10,29,39,10:29:39,20,Tahap-2
01/13/2025,10,29,40,10:29:40,172,Tahap-2
01/13/2025,10,29,40,10:29:40,-4,Tahap-2
01/13/2025,10,29,40,10:29:40,28,Tahap-2
01/13/2025,10,29,40,10:29:40,36,Tahap-2
01/13/2025,10,29,40,10:29:40,256,Tahap-2
01/13/2025,10,29,40,10:29:40,116,Tahap-2
01/13/2025,10,29,40,10:29:40,-20,Tahap-2
01/13/2025,10,29,40,10:29:40,228,Tahap-2
01/13/2025,10,29,40,10:29:40,92,Tahap-2
01/13/2025,10,29,40,10:29:40,48,Tahap-2
01/13/2025,10,29,41,10:29:41,116,Tahap-2
01/13/2025,10,29,41,10:29:41,120,Tahap-2
01/13/2025,10,29,41,10:29:41,32,Tahap-2
01/13/2025,10,29,41,10:29:41,88,Tahap-2
01/13/2025,10,29,41,10:29:41,-8,Tahap-2
01/13/2025,10,29,41,10:29:41,112,Tahap-2
01/13/2025,10,29,41,10:29:41,200,Tahap-2
01/13/2025,10,29,41,10:29:41,-68,Tahap-2
01/13/2025,10,29,41,10:29:41,168,Tahap-2
01/13/2025,10,29,41,10:29:41,140,Tahap-2
01/13/2025,10,29,42,10:29:42,-4,Tahap-2
01/13/2025,10,29,42,10:29:42,112,Tahap-2
