Tanggal,Jam,Menit,Detik,Waktu,frekuensi,label
01/13/2025,10,30,27,10:30:27,147,Tahap-2
01/13/2025,10,30,27,10:30:27,131,Tahap-2
01/13/2025,10,30,27,10:30:27,124,Tahap-2
01/13/2025,10,30,27,10:30:27,135,Tahap-2
01/13/2025,10,30,27,10:30:27,68,Tahap-2
01/13/2025,10,30,27,10:30:27,146,Tahap-2
01/13/2025,10,30,27,10:30:27,125,Tahap-2
01/13/2025,10,30,27,10:30:27,139,Tahap-2
01/13/2025,10,30,27,10:30:27,157,Tahap-2
01/13/2025,10,30,27,10:30:27,178,Tahap-2
01/13/2025,10,30,27,10:30:27,194,Tahap-2
01/13/2025,10,30,27,10:30:27,157,Tahap-2
01/13/2025,10,30,27,10:30:27,171,Tahap-2
01/13/2025,10,30,27,10:30:27,160,Tahap-2
01/13/2025,10,30,27,10:30:27,159,Tahap-2
01/13/2025,10,30,27,10:30:27,168,Tahap-2
01/13/2025,10,30,27,10:30:27,153,Tahap-2
01/13/2025,10,30,27,10:30:27,196,Tahap-2
01/13/2025,10,30,27,10:30:27,146,Tahap-2
01/13/2025,10,30,27,10:30:27,189,Tahap-2
01/13/2025,10,30,27,10:30:27,148,Tahap-2
01/13/2025,10,30,27,10:30:27,199,Tahap-2
01/13/2025,10,30,27,10:30:27,184,Tahap-2
01/13/2025,10,30,27,10:30:27,153,Tahap-2
01/13/2025,10,30,27,10:30:27,215,Tahap-2
01/13/2025,10,30,27,10:30:27,170,Tahap-2
01/13/2025,10,30,27,10:30:27,179,Tahap-2
01/13/2025,10,30,27,10:30:27,212,Tahap-2
01/13/2025,10,30,27,10:30:27,208,Tahap-2
01/13/2025,10,30,28,10:30:28,199,Tahap-2
01/13/2025,10,30,28,10:30:28,184,Tahap-2
01/13/2025,10,30,28,10:30:28,196,Tahap-2
01/13/2025,10,30,28,10:30:28,185,Tahap-2
01/13/2025,10,30,28,10:30:28,208,Tahap-2
01/13/2025,10,30,28,10:30:28,191,Tahap-2
01/13/2025,10,30,28,10:30:28,161,Tahap-2
01/13/2025,10,30,28,10:30:28,205,Tahap-2
01/13/2025,10,30,28,10:30:28,182,Tahap-2
01/13/2025,10,30,28,10:30:28,190,Tahap-2
01/13/2025,10,30,29,10:30:29,191,Tahap-2
01/13/2025,10,30,29,10:30:29,203,Tahap-2
01/13/2025,10,30,29,10:30:29,201,Tahap-2
01/13/2025,10,30,29,10:30:29,205,Tahap-2
01/13/2025,10,30,29,10:30:29,234,Tahap-2
01/13/2025,10,30,29,10:30:29,167,Tahap-2
01/13/2025,10,30,29,10:30:29,251,Tahap-2
01/13/2025,10,30,29,10:30:29,163,Tahap-2
01/13/2025,10,30,29,10:30:29,169,Tahap-2
01/13/2025,10,30,29,10:30:29,212,Tahap-2
01/13/2025,10,30,30,10:30:30,208,Tahap-2
01/13/2025,10,30,30,10:30:30,192,Tahap-2
01/13/2025,10,30,30,10:30:30,221,Tahap-2
01/13/2025,10,30,30,10:30:30,179,Tahap-2
01/13/2025,10,30,30,10:30:30,199,Tahap-2
01/13/2025,10,30,30,10:30:30,207,Tahap-2
01/13/2025,10,30,30,10:30:30,187,Tahap-2
01/13/2025,10,30,30,10:30:30,211,Tahap-2
01/13/2025,10,30,30,10:30:30,200,Tahap-2
01/13/2025,10,30,30,10:30:30,226,Tahap-2
01/13/2025,10,30,31,10:30:31,199,Tahap-2
01/13/2025,10,30,31,10:30:31,196,Tahap-2
01/13/2025,10,30,31,10:30:31,179,Tahap-2
01/13/2025,10,30,31,10:30:31,197,Tahap-2
01/13/2025,10,30,31,10:30:31,189,Tahap-2
01/13/2025,10,30,31,10:30:31,189,Tahap-2
01/13/2025,10,30,31,10:30:31,194,Tahap-2
01/13/2025,10,30,31,10:30:31,220,Tahap-2
01/13/2025,10,30,31,10:30:31,247,Tahap-2
01/13/2025,10,30,31,10:30:31,221,Tahap-2
01/13/2025,10,30,32,10:30:32,226,Tahap-2
01/13/2025,10,30,56,10:30:56,1453,Tahap-2
01/13/2025,10,30,56,10:30:56,722,Tahap-2
01/13/2025,10,30,56,10:30:56,277,Tahap-2
01/13/2025,10,30,56,10:30:56,244,Tahap-2
01/13/2025,10,30,56,10:30:56,242,Tahap-2
01/13/2025,10,30,56,10:30:56,61,Tahap-2
01/13/2025,10,30,57,10:30:57,293,Tahap-2
01/13/2025,10,30,57,10:30:57,90,Tahap-2
01/13/2025,10,30,57,10:30:57,277,Tahap-2
01/13/2025,10,30,57,10:30:57,153,Tahap-2
01/13/2025,10,30,57,10:30:57,169,Tahap-2
01/13/2025,10,30,57,10:30:57,194,Tahap-2
01/13/2025,10,30,57,10:30:57,180,Tahap-2
01/13/2025,10,30,57,10:30:57,107,Tahap-2
01/13/2025,10,30,57,10:30:57,66,Tahap-2
01/13/2025,10,30,57,10:30:57,77,Tahap-2
01/13/2025,10,30,58,10:30:58,66,Tahap-2
01/13/2025,10,30,58,10:30:58,97,Tahap-2
01/13/2025,10,30,58,10:30:58,128,Tahap-2
01/13/2025,10,30,58,10:30:58,146,Tahap-2
01/13/2025,10,30,58,10:30:58,262,Tahap-2
01/13/2025,10,30,58,10:30:58,238,Tahap-2
01/13/2025,10,30,58,10:30:58,621,Tahap-2
01/13/2025,10,30,58,10:30:58,376,Tahap-2
01/13/2025,10,30,58,10:30:58,164,Tahap-2
01/13/2025,10,30,58,10:30:58,101,Tahap-2
01/13/2025,10,30,59,10:30:59,169,Tahap-2
01/13/2025,10,30,59,10:30:59,7,Tahap-2
01/13/2025,10,30,59,10:30:59,57,Tahap-2
01/13/2025,10,30,59,10:30:59,171,Tahap-2
01/13/2025,10,30,59,10:30:59,151,Tahap-2
01/13/2025,10,30,59,10:30:59,88,Tahap-2
01/13/2025,10,30,59,10:30:59,57,Tahap-2
01/13/2025,10,30,59,10:30:59,127,Tahap-2
01/13/2025,10,30,59,10:30:59,125,Tahap-2
01/13/2025,10,30,59,10:30:59,135,Tahap-2
01/13/2025,10,31,1,10:31:01,62,Tahap-2
01/13/2025,10,31,1,10:31:01,111,Tahap-2
01/13/2025,10,31,1,10:31:01,49,Tahap-2
01/13/2025,10,31,1,10:31:01,122,Tahap-2
01/13/2025,10,31,1,10:31:01,118,Tahap-2
01/13/2025,10,31,1,10:31:01,85,Tahap-2
01/13/2025,10,31,1,10:31:01,28,Tahap-2
01/13/2025,10,31,1,10:31:01,127,Tahap-2
01/13/2025,10,31,1,10:31:01,77,Tahap-2
01/13/2025,10,31,1,10:31:01,160,Tahap-2
01/13/2025,10,31,2,10:31:02,116,Tahap-2
01/13/2025,10,31,2,10:31:02,152,Tahap-2
01/13/2025,10,31,2,10:31:02,88,Tahap-2
01/13/2025,10,31,2,10:31:02,111,Tahap-2
01/13/2025,10,31,2,10:31:02,91,Tahap-2
01/13/2025,10,31,2,10:31:02,71,Tahap-2
01/13/2025,10,31,2,10:31:02,145,Tahap-2
01/13/2025,10,31,2,10:31:02,34,Tahap-2
01/13/2025,10,31,2,10:31:02,5,Tahap-2
01/13/2025,10,31,2,10:31:02,298,Tahap-2
01/13/2025,10,31,3,10:31:03,782,Tahap-2
01/13/2025,10,31,3,10:31:03,952,Tahap-2
01/13/2025,10,31,3,10:31:03,415,Tahap-2
01/13/2025,10,31,3,10:31:03,564,Tahap-2
01/13/2025,10,31,3,10:31:03,66,Tahap-2
01/13/2025,10,31,3,10:31:03,177,Tahap-2
01/13/2025,10,31,3,10:31:03,140,Tahap-2
01/13/2025,10,31,3,10:31:03,152,Tahap-2
01/13/2025,10,31,3,10:31:03,88,Tahap-2
01/13/2025,10,31,3,10:31:03,75,Tahap-2
01/13/2025,10,31,4,10:31:04,191,Tahap-2
01/13/2025,10,31,4,10:31:04,19,Tahap-2
01/13/2025,10,31,4,10:31:04,115,Tahap-2
01/13/2025,10,31,4,10:31:04,32,Tahap-2
01/13/2025,10,31,4,10:31:04,117,Tahap-2
01/13/2025,10,31,4,10:31:04,53,Tahap-2
01/13/2025,10,31,4,10:31:04,90,Tahap-2
01/13/2025,10,31,4,10:31:04,152,Tahap-2
01/13/2025,10,31,4,10:31:04,572,Tahap-2
01/13/2025,10,31,4,10:31:04,343,Tahap-2
01/13/2025,10,31,5,10:31:05,222,Tahap-2
01/13/2025,10,31,5,10:31:05,128,Tahap-2
01/13/2025,10,31,5,10:31:05,431,Tahap-2
01/13/2025,10,31,5,10:31:05,268,Tahap-2
01/13/2025,10,31,5,10:31:05,912,Tahap-2
01/13/2025,10,31,5,10:31:05,120,Tahap-2
01/13/2025,10,31,5,10:31:05,170,Tahap-2
01/13/2025,10,31,5,10:31:05,74,Tahap-2
01/13/2025,10,31,5,10:31:05,184,Tahap-2
01/13/2025,10,31,5,10:31:05,200,Tahap-2
01/13/2025,10,31,6,10:31:06,112,Tahap-2
01/13/2025,10,31,6,10:31:06,127,Tahap-2
01/13/2025,10,31,6,10:31:06,177,Tahap-2
01/13/2025,10,31,6,10:31:06,105,Tahap-2
01/13/2025,10,31,6,10:31:06,102,Tahap-2
01/13/2025,10,31,6,10:31:06,12,Tahap-2
01/13/2025,10,31,6,10:31:06,75,Tahap-2
01/13/2025,10,31,6,10:31:06,81,Tahap-2
01/13/2025,10,31,6,10:31:06,248,Tahap-2
01/13/2025,10,31,6,10:31:06,123,Tahap-2
01/13/2025,10,31,7,10:31:07,363,Tahap-2
01/13/2025,10,31,7,10:31:07,33,Tahap-2
01/13/2025,10,31,7,10:31:07,648,Tahap-2
01/13/2025,10,31,7,10:31:07,103,Tahap-2
01/13/2025,10,31,7,10:31:07,80,Tahap-2
01/13/2025,10,31,7,10:31:07,491,Tahap-2
01/13/2025,10,31,7,10:31:07,394,Tahap-2
01/13/2025,10,31,7,10:31:07,1431,Tahap-2
01/13/2025,10,31,7,10:31:07,344,Tahap-2
01/13/2025,10,31,7,10:31:07,244,Tahap-2
01/13/2025,10,31,8,10:31:08,233,Tahap-2
01/13/2025,10,31,8,10:31:08,312,Tahap-2
01/13/2025,10,31,8,10:31:08,185,Tahap-2
01/13/2025,10,31,8,10:31:08,91,Tahap-2
01/13/2025,10,31,8,10:31:08,145,Tahap-2
01/13/2025,10,31,8,10:31:08,21,Tahap-2
01/13/2025,10,31,8,10:31:08,216,Tahap-2
01/13/2025,10,31,8,10:31:08,94,Tahap-2
01/13/2025,10,31,8,10:31:08,269,Tahap-2
01/13/2025,10,31,8,10:31:08,299,Tahap-2
01/13/2025,10,31,9,10:31:09,277,Tahap-2
01/13/2025,10,31,9,10:31:09,-24,Tahap-2
01/13/2025,10,31,9,10:31:09,-24,Tahap-2
01/13/2025,10,31,9,10:31:09,216,Tahap-2
01/13/2025,10,31,9,10:31:09,-88,Tahap-2
01/13/2025,10,31,9,10:31:09,80,Tahap-2
01/13/2025,10,31,9,10:31:09,208,Tahap-2
01/13/2025,10,31,9,10:31:09,80,Tahap-2
01/13/2025,10,31,9,10:31:09,-320,Tahap-2
01/13/2025,10,31,9,10:31:09,248,Tahap-2
01/13/2025,10,31,10,10:31:10,-40,Tahap-2
01/13/2025,10,31,10,10:31:10,-56,Tahap-2
01/13/2025,10,31,10,10:31:10,-32,Tahap-2
01/13/2025,10,31,10,10:31:10,-88,Tahap-2
01/13/2025,10,31,10,10:31:10,192,Tahap-2
01/13/2025,10,31,10,10:31:10,-64,Tahap-2
01/13/2025,10,31,10,10:31:10,80,Tahap-2
01/13/2025,10,31,10,10:31:10,112,Tahap-2
01/13/2025,10,31,10,10:31:10,-120,Tahap-2
01/13/2025,10,31,11,10:31:11,-136,Tahap-2
01/13/2025,10,31,11,10:31:11,208,Tahap-2
01/13/2025,10,31,11,10:31:11,-240,Tahap-2
01/13/2025,10,31,11,10:31:11,136,Tahap-2
01/13/2025,10,31,11,10:31:11,-232,Tahap-2
01/13/2025,10,31,11,10:31:11,240,Tahap-2
01/13/2025,10,31,11,10:31:11,-104,Tahap-2
01/13/2025,10,31,11,10:31:11,8,Tahap-2
01/13/2025,10,31,11,10:31:11,144,Tahap-2
01/13/2025,10,31,11,10:31:11,48,Tahap-2
01/13/2025,10,31,12,10:31:12,104,Tahap-2
01/13/2025,10,31,12,10:31:12,-120,Tahap-2
01/13/2025,10,31,12,10:31:12,112,Tahap-2
01/13/2025,10,31,12,10:31:12,-128,Tahap-2
01/13/2025,10,31,12,10:31:12,-32,Tahap-2
01/13/2025,10,31,12,10:31:12,-96,Tahap-2
01/13/2025,10,31,12,10:31:12,160,Tahap-2
01/13/2025,10,31,12,10:31:12,184,Tahap-2
01/13/2025,10,31,12,10:31:12,-208,Tahap-2
01/13/2025,10,31,12,10:31:12,264,Tahap-2
01/13/2025,10,31,13,10:31:13,56,Tahap-2
01/13/2025,10,31,13,10:31:13,64,Tahap-2
01/13/2025,10,31,13,10:31:13,-120,Tahap-2
01/13/2025,10,31,13,10:31:13,264,Tahap-2
01/13/2025,10,31,13,10:31:13,-288,Tahap-2
01/13/2025,10,31,13,10:31:13,112,Tahap-2
01/13/2025,10,31,13,10:31:13,-112,Tahap-2
01/13/2025,10,31,13,10:31:13,-80,Tahap-2
01/13/2025,10,31,13,10:31:13,240,Tahap-2
01/13/2025,10,31,13,10:31:13,88,Tahap-2
01/13/2025,10,31,14,10:31:14,-120,Tahap-2
01/13/2025,10,31,14,10:31:14,176,Tahap-2
01/13/2025,10,31,14,10:31:14,24,Tahap-2
01/13/2025,10,31,14,10:31:14,-96,Tahap-2
01/13/2025,10,31,14,10:31:14,8,Tahap-2
01/13/2025,10,31,14,10:31:14,-24,Tahap-2
01/13/2025,10,31,14,10:31:14,-32,Tahap-2
01/13/2025,10,31,14,10:31:14,192,Tahap-2
01/13/2025,10,31,14,10:31:14,-168,Tahap-2
01/13/2025,10,31,14,10:31:14,232,Tahap-2
01/13/2025,10,31,15,10:31:15,200,Tahap-2
01/13/2025,10,31,15,10:31:15,8,Tahap-2
01/13/2025,10,31,15,10:31:15,-16,Tahap-2
01/13/2025,10,31,15,10:31:15,272,Tahap-2
01/13/2025,10,31,15,10:31:15,-48,Tahap-2
01/13/2025,10,31,15,10:31:15,72,Tahap-2
01/13/2025,10,31,15,10:31:15,40,Tahap-2
01/13/2025,10,31,15,10:31:15,56,Tahap-2
01/13/2025,10,31,15,10:31:15,152,Tahap-2
01/13/2025,10,31,15,10:31:15,-72,Tahap-2
01/13/2025,10,31,16,10:31:16,96,Tahap-2
01/13/2025,10,31,16,10:31:16,216,Tahap-2
01/13/2025,10,31,16,10:31:16,144,Tahap-2
01/13/2025,10,31,16,10:31:16,-32,Tahap-2
01/13/2025,10,31,16,10:31:16,136,Tahap-2
01/13/2025,10,31,16,10:31:16,248,Tahap-2
01/13/2025,10,31,16,10:31:16,-72,Tahap-2
01/13/2025,10,31,16,10:31:16,144,Tahap-2
01/13/2025,10,31,16,10:31:16,-32,Tahap-2
01/13/2025,10,31,16,10:31:16,344,Tahap-2
01/13/2025,10,31,17,10:31:17,-32,Tahap-2
01/13/2025,10,31,17,10:31:17,112,Tahap-2
01/13/2025,10,31,17,10:31:17,280,Tahap-2
01/13/2025,10,31,17,10:31:17,120,Tahap-2
01/13/2025,10,31,17,10:31:17,72,Tahap-2
01/13/2025,10,31,17,10:31:17,48,Tahap-2
01/13/2025,10,31,17,10:31:17,264,Tahap-2
01/13/2025,10,31,17,10:31:17,-56,Tahap-2
01/13/2025,10,31,17,10:31:17,80,Tahap-2
01/13/2025,10,31,17,10:31:17,-120,Tahap-2
01/13/2025,10,31,18,10:31:18,256,Tahap-2
01/13/2025,10,31,18,10:31:18,104,Tahap-2
01/13/2025,10,31,18,10:31:18,-80,Tahap-2
01/13/2025,10,31,18,10:31:18,320,Tahap-2
01/13/2025,10,31,18,10:31:18,112,Tahap-2
01/13/2025,10,31,18,10:31:18,104,Tahap-2
01/13/2025,10,31,18,10:31:18,320,Tahap-2
01/13/2025,10,31,18,10:31:18,-16,Tahap-2
01/13/2025,10,31,18,10:31:18,184,Tahap-2
01/13/2025,10,31,19,10:31:19,-48,Tahap-2
01/13/2025,10,31,19,10:31:19,288,Tahap-2
01/13/2025,10,31,19,10:31:19,272,Tahap-2
01/13/2025,10,31,19,10:31:19,24,Tahap-2
01/13/2025,10,31,19,10:31:19,240,Tahap-2
01/13/2025,10,31,19,10:31:19,272,Tahap-2
01/13/2025,10,31,19,10:31:19,88,Tahap-2
01/13/2025,10,31,19,10:31:19,-32,Tahap-2
01/13/2025,10,31,19,10:31:19,264,Tahap-2
01/13/2025,10,31,19,10:31:19,96,Tahap-2
01/13/2025,10,31,20,10:31:20,48,Tahap-2
01/13/2025,10,31,20,10:31:20,-8,Tahap-2
01/13/2025,10,31,20,10:31:20,136,Tahap-2
01/13/2025,10,31,20,10:31:20,184,Tahap-2
01/13/2025,10,31,20,10:31:20,104,Tahap-2
01/13/2025,10,31,20,10:31:20,256,Tahap-2
01/13/2025,10,31,20,10:31:20,184,Tahap-2
01/13/2025,10,31,20,10:31:20,240,Tahap-2
01/13/2025,10,31,20,10:31:20,-40,Tahap-2
01/13/2025,10,31,20,10:31:20,280,Tahap-2
01/13/2025,10,31,21,10:31:21,104,Tahap-2
01/13/2025,10,31,21,10:31:21,112,Tahap-2
01/13/2025,10,31,21,10:31:21,-16,Tahap-2
01/13/2025,10,31,21,10:31:21,136,Tahap-2
01/13/2025,10,31,21,10:31:21,200,Tahap-2
01/13/2025,10,31,21,10:31:21,272,Tahap-2
01/13/2025,10,31,21,10:31:21,96,Tahap-2
01/13/2025,10,31,21,10:31:21,160,Tahap-2
01/13/2025,10,31,21,10:31:21,-24,Tahap-2
01/13/2025,10,31,46,10:31:46,1277,Tahap-2
01/13/2025,10,31,46,10:31:46,831,Tahap-2
01/13/2025,10,31,46,10:31:46,404,Tahap-2
01/13/2025,10,31,46,10:31:46,310,Tahap-2
01/13/2025,10,31,46,10:31:46,351,Tahap-2
01/13/2025,10,31,46,10:31:46,191,Tahap-2
01/13/2025,10,31,46,10:31:46,290,Tahap-2
01/13/2025,10,31,47,10:31:47,301,Tahap-2
01/13/2025,10,31,47,10:31:47,134,Tahap-2
01/13/2025,10,31,47,10:31:47,117,Tahap-2
01/13/2025,10,31,47,10:31:47,185,Tahap-2
01/13/2025,10,31,47,10:31:47,86,Tahap-2
01/13/2025,10,31,47,10:31:47,104,Tahap-2
01/13/2025,10,31,47,10:31:47,46,Tahap-2
01/13/2025,10,31,47,10:31:47,82,Tahap-2
01/13/2025,10,31,47,10:31:47,45,Tahap-2
01/13/2025,10,31,47,10:31:47,170,Tahap-2
01/13/2025,10,31,48,10:31:48,91,Tahap-2
01/13/2025,10,31,48,10:31:48,70,Tahap-2
01/13/2025,10,31,48,10:31:48,38,Tahap-2
01/13/2025,10,31,48,10:31:48,176,Tahap-2
01/13/2025,10,31,48,10:31:48,423,Tahap-2
01/13/2025,10,31,48,10:31:48,433,Tahap-2
01/13/2025,10,31,48,10:31:48,240,Tahap-2
01/13/2025,10,31,48,10:31:48,68,Tahap-2
01/13/2025,10,31,48,10:31:48,201,Tahap-2
01/13/2025,10,31,48,10:31:48,121,Tahap-2
01/13/2025,10,31,49,10:31:49,15,Tahap-2
01/13/2025,10,31,49,10:31:49,108,Tahap-2
01/13/2025,10,31,49,10:31:49,42,Tahap-2
01/13/2025,10,31,49,10:31:49,150,Tahap-2
01/13/2025,10,31,49,10:31:49,165,Tahap-2
01/13/2025,10,31,49,10:31:49,12,Tahap-2
01/13/2025,10,31,49,10:31:49,210,Tahap-2
01/13/2025,10,31,49,10:31:49,50,Tahap-2
01/13/2025,10,31,49,10:31:49,69,Tahap-2
01/13/2025,10,31,49,10:31:49,15,Tahap-2
01/13/2025,10,31,50,10:31:50,125,Tahap-2
01/13/2025,10,31,50,10:31:50,119,Tahap-2
01/13/2025,10,31,50,10:31:50,131,Tahap-2
01/13/2025,10,31,50,10:31:50,69,Tahap-2
01/13/2025,10,31,50,10:31:50,43,Tahap-2
01/13/2025,10,31,50,10:31:50,270,Tahap-2
01/13/2025,10,31,50,10:31:50,80,Tahap-2
01/13/2025,10,31,50,10:31:50,176,Tahap-2
01/13/2025,10,31,50,10:31:50,61,Tahap-2
01/13/2025,10,31,50,10:31:50,84,Tahap-2
01/13/2025,10,31,51,10:31:51,95,Tahap-2
01/13/2025,10,31,51,10:31:51,46,Tahap-2
01/13/2025,10,31,51,10:31:51,92,Tahap-2
01/13/2025,10,31,51,10:31:51,130,Tahap-2
01/13/2025,10,31,51,10:31:51,47,Tahap-2
01/13/2025,10,31,51,10:31:51,129,Tahap-2
01/13/2025,10,31,51,10:31:51,155,Tahap-2
01/13/2025,10,31,51,10:31:51,14,Tahap-2
01/13/2025,10,31,51,10:31:51,187,Tahap-2
01/13/2025,10,31,51,10:31:51,101,Tahap-2
01/13/2025,10,31,52,10:31:52,92,Tahap-2
01/13/2025,10,31,52,10:31:52,112,Tahap-2
01/13/2025,10,31,52,10:31:52,191,Tahap-2
01/13/2025,10,31,52,10:31:52,113,Tahap-2
01/13/2025,10,31,52,10:31:52,142,Tahap-2
01/13/2025,10,31,52,10:31:52,238,Tahap-2
01/13/2025,10,31,52,10:31:52,210,Tahap-2
01/13/2025,10,31,52,10:31:52,121,Tahap-2
01/13/2025,10,31,52,10:31:52,225,Tahap-2
01/13/2025,10,31,52,10:31:52,309,Tahap-2
01/13/2025,10,31,53,10:31:53,785,Tahap-2
01/13/2025,10,31,53,10:31:53,967,Tahap-2
01/13/2025,10,31,53,10:31:53,319,Tahap-2
01/13/2025,10,31,53,10:31:53,171,Tahap-2
01/13/2025,10,31,53,10:31:53,149,Tahap-2
01/13/2025,10,31,53,10:31:53,176,Tahap-2
01/13/2025,10,31,53,10:31:53,174,Tahap-2
01/13/2025,10,31,53,10:31:53,151,Tahap-2
01/13/2025,10,31,53,10:31:53,180,Tahap-2
01/13/2025,10,31,53,10:31:53,52,Tahap-2
01/13/2025,10,31,54,10:31:54,189,Tahap-2
01/13/2025,10,31,54,10:31:54,51,Tahap-2
01/13/2025,10,31,54,10:31:54,59,Tahap-2
01/13/2025,10,31,54,10:31:54,74,Tahap-2
01/13/2025,10,31,54,10:31:54,194,Tahap-2
01/13/2025,10,31,54,10:31:54,16,Tahap-2
01/13/2025,10,31,54,10:31:54,158,Tahap-2
01/13/2025,10,31,54,10:31:54,172,Tahap-2
01/13/2025,10,31,54,10:31:54,683,Tahap-2
01/13/2025,10,31,54,10:31:54,325,Tahap-2
01/13/2025,10,31,56,10:31:56,62,Tahap-2
01/13/2025,10,31,56,10:31:56,317,Tahap-2
01/13/2025,10,31,56,10:31:56,605,Tahap-2
01/13/2025,10,31,56,10:31:56,854,Tahap-2
01/13/2025,10,31,56,10:31:56,230,Tahap-2
01/13/2025,10,31,56,10:31:56,155,Tahap-2
01/13/2025,10,31,56,10:31:56,253,Tahap-2
01/13/2025,10,31,56,10:31:56,288,Tahap-2
01/13/2025,10,31,56,10:31:56,165,Tahap-2
01/13/2025,10,31,56,10:31:56,151,Tahap-2
01/13/2025,10,31,56,10:31:56,21,Tahap-2
01/13/2025,10,31,56,10:31:56,178,Tahap-2
01/13/2025,10,31,56,10:31:56,146,Tahap-2
01/13/2025,10,31,56,10:31:56,175,Tahap-2
01/13/2025,10,31,56,10:31:56,99,Tahap-2
01/13/2025,10,31,56,10:31:56,73,Tahap-2
01/13/2025,10,31,56,10:31:56,151,Tahap-2
01/13/2025,10,31,56,10:31:56,95,Tahap-2
01/13/2025,10,31,56,10:31:56,344,Tahap-2
01/13/2025,10,31,56,10:31:56,182,Tahap-2
01/13/2025,10,31,57,10:31:57,247,Tahap-2
01/13/2025,10,31,57,10:31:57,344,Tahap-2
01/13/2025,10,31,57,10:31:57,337,Tahap-2
01/13/2025,10,31,57,10:31:57,123,Tahap-2
01/13/2025,10,31,57,10:31:57,283,Tahap-2
01/13/2025,10,31,57,10:31:57,531,Tahap-2
01/13/2025,10,31,57,10:31:57,1241,Tahap-2
01/13/2025,10,31,57,10:31:57,46,Tahap-2
01/13/2025,10,31,57,10:31:57,102,Tahap-2
01/13/2025,10,31,57,10:31:57,162,Tahap-2
01/13/2025,10,31,58,10:31:58,87,Tahap-2
01/13/2025,10,31,58,10:31:58,104,Tahap-2
01/13/2025,10,31,58,10:31:58,153,Tahap-2
01/13/2025,10,31,58,10:31:58,180,Tahap-2
01/13/2025,10,31,58,10:31:58,254,Tahap-2
01/13/2025,10,31,58,10:31:58,57,Tahap-2
01/13/2025,10,31,58,10:31:58,169,Tahap-2
01/13/2025,10,31,58,10:31:58,47,Tahap-2
01/13/2025,10,31,58,10:31:58,140,Tahap-2
01/13/2025,10,31,58,10:31:58,530,Tahap-2
01/13/2025,10,31,59,10:31:59,256,Tahap-2
01/13/2025,10,31,59,10:31:59,144,Tahap-2
01/13/2025,10,31,59,10:31:59,104,Tahap-2
01/13/2025,10,31,59,10:31:59,-184,Tahap-2
01/13/2025,10,31,59,10:31:59,152,Tahap-2
01/13/2025,10,31,59,10:31:59,-8,Tahap-2
01/13/2025,10,31,59,10:31:59,-24,Tahap-2
01/13/2025,10,31,59,10:31:59,-40,Tahap-2
01/13/2025,10,31,59,10:31:59,-104,Tahap-2
01/13/2025,10,31,59,10:31:59,264,Tahap-2
01/13/2025,10,32,1,10:32:01,248,Tahap-2
01/13/2025,10,32,1,10:32:01,-80,Tahap-2
01/13/2025,10,32,1,10:32:01,-72,Tahap-2
01/13/2025,10,32,1,10:32:01,168,Tahap-2
01/13/2025,10,32,1,10:32:01,184,Tahap-2
01/13/2025,10,32,1,10:32:01,-272,Tahap-2
01/13/2025,10,32,1,10:32:01,48,Tahap-2
01/13/2025,10,32,1,10:32:01,8,Tahap-2
01/13/2025,10,32,1,10:32:01,-128,Tahap-2
01/13/2025,10,32,1,10:32:01,-16,Tahap-2
01/13/2025,10,32,2,10:32:02,-32,Tahap-2
01/13/2025,10,32,2,10:32:02,96,Tahap-2
01/13/2025,10,32,2,10:32:02,64,Tahap-2
01/13/2025,10,32,2,10:32:02,-80,Tahap-2
01/13/2025,10,32,2,10:32:02,96,Tahap-2
01/13/2025,10,32,2,10:32:02,224,Tahap-2
01/13/2025,10,32,2,10:32:02,-304,Tahap-2
01/13/2025,10,32,2,10:32:02,256,Tahap-2
01/13/2025,10,32,2,10:32:02,-240,Tahap-2
01/13/2025,10,32,3,10:32:03,80,Tahap-2
01/13/2025,10,32,3,10:32:03,-152,Tahap-2
01/13/2025,10,32,3,10:32:03,160,Tahap-2
01/13/2025,10,32,3,10:32:03,8,Tahap-2
01/13/2025,10,32,3,10:32:03,120,Tahap-2
01/13/2025,10,32,3,10:32:03,32,Tahap-2
01/13/2025,10,32,3,10:32:03,32,Tahap-2
01/13/2025,10,32,3,10:32:03,-184,Tahap-2
01/13/2025,10,32,3,10:32:03,72,Tahap-2
01/13/2025,10,32,4,10:32:04,-24,Tahap-2
01/13/2025,10,32,4,10:32:04,-88,Tahap-2
01/13/2025,10,32,4,10:32:04,-40,Tahap-2
01/13/2025,10,32,4,10:32:04,-16,Tahap-2
01/13/2025,10,32,4,10:32:04,144,Tahap-2
01/13/2025,10,32,4,10:32:04,-248,Tahap-2
01/13/2025,10,32,4,10:32:04,80,Tahap-2
01/13/2025,10,32,4,10:32:04,-16,Tahap-2
01/13/2025,10,32,4,10:32:04,-168,Tahap-2
01/13/2025,10,32,5,10:32:05,64,Tahap-2
01/13/2025,10,32,5,10:32:05,-152,Tahap-2
01/13/2025,10,32,5,10:32:05,-16,Tahap-2
01/13/2025,10,32,5,10:32:05,-240,Tahap-2
01/13/2025,10,32,5,10:32:05,-72,Tahap-2
01/13/2025,10,32,5,10:32:05,272,Tahap-2
01/13/2025,10,32,5,10:32:05,-192,Tahap-2
01/13/2025,10,32,5,10:32:05,-72,Tahap-2
01/13/2025,10,32,5,10:32:05,104,Tahap-2
01/13/2025,10,32,5,10:32:05,-64,Tahap-2
01/13/2025,10,32,6,10:32:06,-168,Tahap-2
01/13/2025,10,32,6,10:32:06,40,Tahap-2
01/13/2025,10,32,6,10:32:06,8,Tahap-2
01/13/2025,10,32,6,10:32:06,-232,Tahap-2
01/13/2025,10,32,6,10:32:06,24,Tahap-2
01/13/2025,10,32,6,10:32:06,-256,Tahap-2
01/13/2025,10,32,6,10:32:06,168,Tahap-2
01/13/2025,10,32,6,10:32:06,32,Tahap-2
01/13/2025,10,32,6,10:32:06,-248,Tahap-2
01/13/2025,10,32,6,10:32:06,88,Tahap-2
01/13/2025,10,32,7,10:32:07,40,Tahap-2
01/13/2025,10,32,7,10:32:07,-224,Tahap-2
01/13/2025,10,32,7,10:32:07,-152,Tahap-2
01/13/2025,10,32,7,10:32:07,88,Tahap-2
01/13/2025,10,32,7,10:32:07,-248,Tahap-2
01/13/2025,10,32,7,10:32:07,-304,Tahap-2
01/13/2025,10,32,7,10:32:07,-56,Tahap-2
01/13/2025,10,32,7,10:32:07,-216,Tahap-2
01/13/2025,10,32,7,10:32:07,24,Tahap-2
01/13/2025,10,32,7,10:32:07,48,Tahap-2
01/13/2025,10,32,8,10:32:08,-16,Tahap-2
01/13/2025,10,32,8,10:32:08,-120,Tahap-2
01/13/2025,10,32,8,10:32:08,80,Tahap-2
01/13/2025,10,32,8,10:32:08,-360,Tahap-2
01/13/2025,10,32,8,10:32:08,-72,Tahap-2
01/13/2025,10,32,8,10:32:08,-328,Tahap-2
01/13/2025,10,32,8,10:32:08,-208,Tahap-2
01/13/2025,10,32,8,10:32:08,-40,Tahap-2
01/13/2025,10,32,8,10:32:08,-240,Tahap-2
01/13/2025,10,32,8,10:32:08,-24,Tahap-2
01/13/2025,10,32,9,10:32:09,-216,Tahap-2
01/13/2025,10,32,9,10:32:09,-72,Tahap-2
01/13/2025,10,32,9,10:32:09,-72,Tahap-2
01/13/2025,10,32,9,10:32:09,-184,Tahap-2
01/13/2025,10,32,9,10:32:09,-248,Tahap-2
01/13/2025,10,32,9,10:32:09,-80,Tahap-2
01/13/2025,10,32,9,10:32:09,-136,Tahap-2
01/13/2025,10,32,9,10:32:09,-144,Tahap-2
01/13/2025,10,32,9,10:32:09,-256,Tahap-2
01/13/2025,10,32,9,10:32:09,-176,Tahap-2
01/13/2025,10,32,10,10:32:10,96,Tahap-2
01/13/2025,10,32,10,10:32:10,-184,Tahap-2
01/13/2025,10,32,10,10:32:10,-176,Tahap-2
01/13/2025,10,32,10,10:32:10,144,Tahap-2
01/13/2025,10,32,10,10:32:10,-240,Tahap-2
01/13/2025,10,32,10,10:32:10,-208,Tahap-2
01/13/2025,10,32,10,10:32:10,-16,Tahap-2
01/13/2025,10,32,10,10:32:10,-208,Tahap-2
01/13/2025,10,32,10,10:32:10,-208,Tahap-2
01/13/2025,10,32,10,10:32:10,-264,Tahap-2
01/13/2025,10,32,11,10:32:11,-168,Tahap-2
01/13/2025,10,32,11,10:32:11,64,Tahap-2
01/13/2025,10,32,11,10:32:11,-200,Tahap-2
01/13/2025,10,32,11,10:32:11,-136,Tahap-2
01/13/2025,10,32,11,10:32:11,-128,Tahap-2
01/13/2025,10,32,11,10:32:11,-8,Tahap-2
01/13/2025,10,32,11,10:32:11,-368,Tahap-2
01/13/2025,10,32,11,10:32:11,-88,Tahap-2
01/13/2025,10,32,11,10:32:11,-200,Tahap-2
01/13/2025,10,32,36,10:32:36,4730,Tahap-2
01/13/2025,10,32,36,10:32:36,1711,Tahap-2
01/13/2025,10,32,36,10:32:36,1223,Tahap-2
01/13/2025,10,32,36,10:32:36,981,Tahap-2
01/13/2025,10,32,36,10:32:36,855,Tahap-2
01/13/2025,10,32,36,10:32:36,571,Tahap-2
01/13/2025,10,32,36,10:32:36,551,Tahap-2
01/13/2025,10,32,36,10:32:36,423,Tahap-2
01/13/2025,10,32,37,10:32:37,412,Tahap-2
01/13/2025,10,32,37,10:32:37,336,Tahap-2
01/13/2025,10,32,37,10:32:37,467,Tahap-2
01/13/2025,10,32,37,10:32:37,376,Tahap-2
01/13/2025,10,32,37,10:32:37,289,Tahap-2
01/13/2025,10,32,37,10:32:37,277,Tahap-2
01/13/2025,10,32,37,10:32:37,365,Tahap-2
01/13/2025,10,32,37,10:32:37,139,Tahap-2
01/13/2025,10,32,37,10:32:37,120,Tahap-2
01/13/2025,10,32,37,10:32:37,160,Tahap-2
01/13/2025,10,32,38,10:32:38,78,Tahap-2
01/13/2025,10,32,38,10:32:38,104,Tahap-2
01/13/2025,10,32,38,10:32:38,150,Tahap-2
01/13/2025,10,32,38,10:32:38,380,Tahap-2
01/13/2025,10,32,38,10:32:38,510,Tahap-2
01/13/2025,10,32,38,10:32:38,391,Tahap-2
01/13/2025,10,32,38,10:32:38,122,Tahap-2
01/13/2025,10,32,38,10:32:38,178,Tahap-2
01/13/2025,10,32,38,10:32:38,207,Tahap-2
01/13/2025,10,32,38,10:32:38,170,Tahap-2
01/13/2025,10,32,39,10:32:39,108,Tahap-2
01/13/2025,10,32,39,10:32:39,175,Tahap-2
01/13/2025,10,32,39,10:32:39,198,Tahap-2
01/13/2025,10,32,39,10:32:39,168,Tahap-2
01/13/2025,10,32,39,10:32:39,134,Tahap-2
01/13/2025,10,32,39,10:32:39,148,Tahap-2
01/13/2025,10,32,39,10:32:39,143,Tahap-2
01/13/2025,10,32,39,10:32:39,194,Tahap-2
01/13/2025,10,32,39,10:32:39,63,Tahap-2
01/13/2025,10,32,39,10:32:39,81,Tahap-2
01/13/2025,10,32,40,10:32:40,96,Tahap-2
01/13/2025,10,32,40,10:32:40,168,Tahap-2
01/13/2025,10,32,40,10:32:40,46,Tahap-2
01/13/2025,10,32,40,10:32:40,154,Tahap-2
01/13/2025,10,32,40,10:32:40,301,Tahap-2
01/13/2025,10,32,40,10:32:40,171,Tahap-2
01/13/2025,10,32,40,10:32:40,248,Tahap-2
01/13/2025,10,32,40,10:32:40,228,Tahap-2
01/13/2025,10,32,40,10:32:40,193,Tahap-2
01/13/2025,10,32,40,10:32:40,120,Tahap-2
01/13/2025,10,32,41,10:32:41,114,Tahap-2
01/13/2025,10,32,41,10:32:41,82,Tahap-2
01/13/2025,10,32,41,10:32:41,109,Tahap-2
01/13/2025,10,32,41,10:32:41,68,Tahap-2
01/13/2025,10,32,41,10:32:41,44,Tahap-2
01/13/2025,10,32,41,10:32:41,141,Tahap-2
01/13/2025,10,32,41,10:32:41,105,Tahap-2
01/13/2025,10,32,41,10:32:41,47,Tahap-2
01/13/2025,10,32,41,10:32:41,53,Tahap-2
01/13/2025,10,32,41,10:32:41,26,Tahap-2
01/13/2025,10,32,42,10:32:42,92,Tahap-2
01/13/2025,10,32,42,10:32:42,206,Tahap-2
01/13/2025,10,32,42,10:32:42,73,Tahap-2
01/13/2025,10,32,42,10:32:42,47,Tahap-2
01/13/2025,10,32,42,10:32:42,78,Tahap-2
01/13/2025,10,32,42,10:32:42,223,Tahap-2
01/13/2025,10,32,42,10:32:42,274,Tahap-2
01/13/2025,10,32,42,10:32:42,408,Tahap-2
01/13/2025,10,32,42,10:32:42,294,Tahap-2
01/13/2025,10,32,42,10:32:42,1078,Tahap-2
01/13/2025,10,32,43,10:32:43,527,Tahap-2
01/13/2025,10,32,43,10:32:43,475,Tahap-2
01/13/2025,10,32,43,10:32:43,159,Tahap-2
01/13/2025,10,32,43,10:32:43,479,Tahap-2
01/13/2025,10,32,43,10:32:43,119,Tahap-2
01/13/2025,10,32,43,10:32:43,230,Tahap-2
01/13/2025,10,32,43,10:32:43,162,Tahap-2
01/13/2025,10,32,43,10:32:43,47,Tahap-2
01/13/2025,10,32,43,10:32:43,321,Tahap-2
01/13/2025,10,32,43,10:32:43,142,Tahap-2
01/13/2025,10,32,44,10:32:44,214,Tahap-2
01/13/2025,10,32,44,10:32:44,51,Tahap-2
01/13/2025,10,32,44,10:32:44,53,Tahap-2
01/13/2025,10,32,44,10:32:44,201,Tahap-2
01/13/2025,10,32,44,10:32:44,107,Tahap-2
01/13/2025,10,32,44,10:32:44,185,Tahap-2
01/13/2025,10,32,44,10:32:44,272,Tahap-2
01/13/2025,10,32,44,10:32:44,564,Tahap-2
01/13/2025,10,32,44,10:32:44,261,Tahap-2
01/13/2025,10,32,44,10:32:44,82,Tahap-2
01/13/2025,10,32,45,10:32:45,344,Tahap-2
01/13/2025,10,32,45,10:32:45,366,Tahap-2
01/13/2025,10,32,45,10:32:45,409,Tahap-2
01/13/2025,10,32,45,10:32:45,198,Tahap-2
01/13/2025,10,32,45,10:32:45,243,Tahap-2
01/13/2025,10,32,45,10:32:45,125,Tahap-2
01/13/2025,10,32,45,10:32:45,285,Tahap-2
01/13/2025,10,32,45,10:32:45,116,Tahap-2
01/13/2025,10,32,45,10:32:45,501,Tahap-2
01/13/2025,10,32,45,10:32:45,97,Tahap-2
01/13/2025,10,32,46,10:32:46,125,Tahap-2
01/13/2025,10,32,46,10:32:46,183,Tahap-2
01/13/2025,10,32,46,10:32:46,208,Tahap-2
01/13/2025,10,32,46,10:32:46,228,Tahap-2
01/13/2025,10,32,46,10:32:46,206,Tahap-2
01/13/2025,10,32,46,10:32:46,274,Tahap-2
01/13/2025,10,32,46,10:32:46,125,Tahap-2
01/13/2025,10,32,46,10:32:46,190,Tahap-2
01/13/2025,10,32,46,10:32:46,138,Tahap-2
01/13/2025,10,32,46,10:32:46,252,Tahap-2
01/13/2025,10,32,47,10:32:47,478,Tahap-2
01/13/2025,10,32,47,10:32:47,252,Tahap-2
01/13/2025,10,32,47,10:32:47,212,Tahap-2
01/13/2025,10,32,47,10:32:47,653,Tahap-2
01/13/2025,10,32,47,10:32:47,439,Tahap-2
01/13/2025,10,32,47,10:32:47,420,Tahap-2
01/13/2025,10,32,47,10:32:47,739,Tahap-2
01/13/2025,10,32,47,10:32:47,608,Tahap-2
01/13/2025,10,32,47,10:32:47,410,Tahap-2
01/13/2025,10,32,47,10:32:47,96,Tahap-2
01/13/2025,10,32,48,10:32:48,592,Tahap-2
01/13/2025,10,32,48,10:32:48,605,Tahap-2
01/13/2025,10,32,48,10:32:48,630,Tahap-2
01/13/2025,10,32,48,10:32:48,270,Tahap-2
01/13/2025,10,32,48,10:32:48,84,Tahap-2
01/13/2025,10,32,48,10:32:48,194,Tahap-2
01/13/2025,10,32,48,10:32:48,118,Tahap-2
01/13/2025,10,32,48,10:32:48,495,Tahap-2
01/13/2025,10,32,48,10:32:48,869,Tahap-2
01/13/2025,10,32,48,10:32:48,-96,Tahap-2
01/13/2025,10,32,49,10:32:49,28,Tahap-2
01/13/2025,10,32,49,10:32:49,-128,Tahap-2
01/13/2025,10,32,49,10:32:49,120,Tahap-2
01/13/2025,10,32,49,10:32:49,-16,Tahap-2
01/13/2025,10,32,49,10:32:49,-8,Tahap-2
01/13/2025,10,32,49,10:32:49,88,Tahap-2
01/13/2025,10,32,49,10:32:49,20,Tahap-2
01/13/2025,10,32,49,10:32:49,56,Tahap-2
01/13/2025,10,32,49,10:32:49,-20,Tahap-2
01/13/2025,10,32,49,10:32:49,4,Tahap-2
01/13/2025,10,32,50,10:32:50,76,Tahap-2
01/13/2025,10,32,50,10:32:50,-4,Tahap-2
01/13/2025,10,32,50,10:32:50,32,Tahap-2
01/13/2025,10,32,50,10:32:50,116,Tahap-2
01/13/2025,10,32,50,10:32:50,-36,Tahap-2
01/13/2025,10,32,50,10:32:50,120,Tahap-2
01/13/2025,10,32,50,10:32:50,24,Tahap-2
01/13/2025,10,32,50,10:32:50,80,Tahap-2
01/13/2025,10,32,50,10:32:50,-48,Tahap-2
01/13/2025,10,32,51,10:32:51,108,Tahap-2
01/13/2025,10,32,51,10:32:51,-40,Tahap-2
01/13/2025,10,32,51,10:32:51,36,Tahap-2
01/13/2025,10,32,51,10:32:51,-32,Tahap-2
01/13/2025,10,32,51,10:32:51,56,Tahap-2
01/13/2025,10,32,51,10:32:51,140,Tahap-2
01/13/2025,10,32,51,10:32:51,16,Tahap-2
01/13/2025,10,32,51,10:32:51,76,Tahap-2
01/13/2025,10,32,51,10:32:51,108,Tahap-2
01/13/2025,10,32,51,10:32:51,52,Tahap-2
01/13/2025,10,32,52,10:32:52,120,Tahap-2
01/13/2025,10,32,52,10:32:52,120,Tahap-2
01/13/2025,10,32,52,10:32:52,-32,Tahap-2
01/13/2025,10,32,52,10:32:52,104,Tahap-2
01/13/2025,10,32,52,10:32:52,-32,Tahap-2
01/13/2025,10,32,52,10:32:52,268,Tahap-2
01/13/2025,10,32,52,10:32:52,164,Tahap-2
01/13/2025,10,32,52,10:32:52,44,Tahap-2
01/13/2025,10,32,53,10:32:53,172,Tahap-2
01/13/2025,10,32,53,10:32:53,-12,Tahap-2
01/13/2025,10,32,53,10:32:53,104,Tahap-2
01/13/2025,10,32,53,10:32:53,140,Tahap-2
01/13/2025,10,32,53,10:32:53,4,Tahap-2
01/13/2025,10,32,53,10:32:53,12,Tahap-2
01/13/2025,10,32,53,10:32:53,32,Tahap-2
01/13/2025,10,32,53,10:32:53,200,Tahap-2
01/13/2025,10,32,53,10:32:53,44,Tahap-2
01/13/2025,10,32,53,10:32:53,148,Tahap-2
01/13/2025,10,32,54,10:32:54,160,Tahap-2
01/13/2025,10,32,54,10:32:54,112,Tahap-2
01/13/2025,10,32,54,10:32:54,68,Tahap-2
01/13/2025,10,32,54,10:32:54,80,Tahap-2
01/13/2025,10,32,54,10:32:54,172,Tahap-2
01/13/2025,10,32,54,10:32:54,112,Tahap-2
01/13/2025,10,32,54,10:32:54,100,Tahap-2
01/13/2025,10,32,54,10:32:54,28,Tahap-2
01/13/2025,10,32,54,10:32:54,256,Tahap-2
01/13/2025,10,32,54,10:32:54,88,Tahap-2
01/13/2025,10,32,56,10:32:56,104,Tahap-2
01/13/2025,10,32,56,10:32:56,188,Tahap-2
01/13/2025,10,32,56,10:32:56,184,Tahap-2
01/13/2025,10,32,56,10:32:56,16,Tahap-2
01/13/2025,10,32,56,10:32:56,180,Tahap-2
01/13/2025,10,32,56,10:32:56,64,Tahap-2
01/13/2025,10,32,56,10:32:56,156,Tahap-2
01/13/2025,10,32,56,10:32:56,-44,Tahap-2
01/13/2025,10,32,56,10:32:56,308,Tahap-2
01/13/2025,10,32,56,10:32:56,24,Tahap-2
01/13/2025,10,32,56,10:32:56,204,Tahap-2
01/13/2025,10,32,56,10:32:56,216,Tahap-2
01/13/2025,10,32,56,10:32:56,144,Tahap-2
01/13/2025,10,32,56,10:32:56,192,Tahap-2
01/13/2025,10,32,56,10:32:56,196,Tahap-2
01/13/2025,10,32,56,10:32:56,68,Tahap-2
01/13/2025,10,32,56,10:32:56,232,Tahap-2
01/13/2025,10,32,56,10:32:56,48,Tahap-2
01/13/2025,10,32,56,10:32:56,96,Tahap-2
01/13/2025,10,32,56,10:32:56,200,Tahap-2
01/13/2025,10,32,57,10:32:57,184,Tahap-2
01/13/2025,10,32,57,10:32:57,124,Tahap-2
01/13/2025,10,32,57,10:32:57,264,Tahap-2
01/13/2025,10,32,57,10:32:57,32,Tahap-2
01/13/2025,10,32,57,10:32:57,168,Tahap-2
01/13/2025,10,32,57,10:32:57,232,Tahap-2
01/13/2025,10,32,57,10:32:57,112,Tahap-2
01/13/2025,10,32,57,10:32:57,88,Tahap-2
01/13/2025,10,32,57,10:32:57,188,Tahap-2
01/13/2025,10,32,57,10:32:57,120,Tahap-2
01/13/2025,10,32,58,10:32:58,140,Tahap-2
01/13/2025,10,32,58,10:32:58,140,Tahap-2
01/13/2025,10,32,58,10:32:58,196,Tahap-2
01/13/2025,10,32,58,10:32:58,208,Tahap-2
01/13/2025,10,32,58,10:32:58,128,Tahap-2
01/13/2025,10,32,58,10:32:58,120,Tahap-2
01/13/2025,10,32,58,10:32:58,236,Tahap-2
01/13/2025,10,32,58,10:32:58,164,Tahap-2
01/13/2025,10,32,58,10:32:58,148,Tahap-2
01/13/2025,10,32,58,10:32:58,92,Tahap-2
01/13/2025,10,32,59,10:32:59,256,Tahap-2
01/13/2025,10,32,59,10:32:59,28,Tahap-2
01/13/2025,10,32,59,10:32:59,244,Tahap-2
01/13/2025,10,32,59,10:32:59,116,Tahap-2
01/13/2025,10,32,59,10:32:59,352,Tahap-2
01/13/2025,10,32,59,10:32:59,132,Tahap-2
01/13/2025,10,32,59,10:32:59,156,Tahap-2
01/13/2025,10,32,59,10:32:59,188,Tahap-2
01/13/2025,10,32,59,10:32:59,220,Tahap-2
01/13/2025,10,32,59,10:32:59,172,Tahap-2
01/13/2025,10,33,1,10:33:01,224,Tahap-2
01/13/2025,10,33,1,10:33:01,108,Tahap-2
01/13/2025,10,33,1,10:33:01,176,Tahap-2
01/13/2025,10,33,1,10:33:01,152,Tahap-2
01/13/2025,10,33,1,10:33:01,176,Tahap-2
01/13/2025,10,33,1,10:33:01,144,Tahap-2
01/13/2025,10,33,1,10:33:01,204,Tahap-2
01/13/2025,10,33,1,10:33:01,264,Tahap-2
01/13/2025,10,33,26,10:33:26,1347,Tahap-2
01/13/2025,10,33,26,10:33:26,141,Tahap-2
01/13/2025,10,33,26,10:33:26,704,Tahap-2
01/13/2025,10,33,26,10:33:26,153,Tahap-2
01/13/2025,10,33,26,10:33:26,191,Tahap-2
01/13/2025,10,33,26,10:33:26,87,Tahap-2
01/13/2025,10,33,26,10:33:26,91,Tahap-2
01/13/2025,10,33,26,10:33:26,239,Tahap-2
01/13/2025,10,33,26,10:33:26,25,Tahap-2
01/13/2025,10,33,27,10:33:27,119,Tahap-2
01/13/2025,10,33,27,10:33:27,71,Tahap-2
01/13/2025,10,33,27,10:33:27,47,Tahap-2
01/13/2025,10,33,27,10:33:27,165,Tahap-2
01/13/2025,10,33,27,10:33:27,140,Tahap-2
01/13/2025,10,33,27,10:33:27,114,Tahap-2
01/13/2025,10,33,27,10:33:27,73,Tahap-2
01/13/2025,10,33,27,10:33:27,106,Tahap-2
01/13/2025,10,33,27,10:33:27,190,Tahap-2
01/13/2025,10,33,27,10:33:27,135,Tahap-2
01/13/2025,10,33,28,10:33:28,175,Tahap-2
01/13/2025,10,33,28,10:33:28,96,Tahap-2
01/13/2025,10,33,28,10:33:28,218,Tahap-2
01/13/2025,10,33,28,10:33:28,784,Tahap-2
01/13/2025,10,33,28,10:33:28,139,Tahap-2
01/13/2025,10,33,28,10:33:28,42,Tahap-2
01/13/2025,10,33,28,10:33:28,22,Tahap-2
01/13/2025,10,33,28,10:33:28,99,Tahap-2
01/13/2025,10,33,28,10:33:28,56,Tahap-2
01/13/2025,10,33,28,10:33:28,73,Tahap-2
01/13/2025,10,33,29,10:33:29,54,Tahap-2
01/13/2025,10,33,29,10:33:29,166,Tahap-2
01/13/2025,10,33,29,10:33:29,66,Tahap-2
01/13/2025,10,33,29,10:33:29,26,Tahap-2
01/13/2025,10,33,29,10:33:29,65,Tahap-2
01/13/2025,10,33,29,10:33:29,165,Tahap-2
01/13/2025,10,33,29,10:33:29,68,Tahap-2
01/13/2025,10,33,29,10:33:29,103,Tahap-2
01/13/2025,10,33,29,10:33:29,39,Tahap-2
01/13/2025,10,33,29,10:33:29,9,Tahap-2
01/13/2025,10,33,30,10:33:30,131,Tahap-2
01/13/2025,10,33,30,10:33:30,47,Tahap-2
01/13/2025,10,33,30,10:33:30,82,Tahap-2
01/13/2025,10,33,30,10:33:30,120,Tahap-2
01/13/2025,10,33,30,10:33:30,137,Tahap-2
01/13/2025,10,33,30,10:33:30,125,Tahap-2
01/13/2025,10,33,30,10:33:30,216,Tahap-2
01/13/2025,10,33,30,10:33:30,57,Tahap-2
01/13/2025,10,33,30,10:33:30,55,Tahap-2
01/13/2025,10,33,30,10:33:30,90,Tahap-2
01/13/2025,10,33,31,10:33:31,23,Tahap-2
01/13/2025,10,33,31,10:33:31,130,Tahap-2
01/13/2025,10,33,31,10:33:31,30,Tahap-2
01/13/2025,10,33,31,10:33:31,121,Tahap-2
01/13/2025,10,33,31,10:33:31,113,Tahap-2
01/13/2025,10,33,31,10:33:31,29,Tahap-2
01/13/2025,10,33,31,10:33:31,64,Tahap-2
01/13/2025,10,33,31,10:33:31,11,Tahap-2
01/13/2025,10,33,31,10:33:31,68,Tahap-2
01/13/2025,10,33,31,10:33:31,66,Tahap-2
01/13/2025,10,33,32,10:33:32,156,Tahap-2
01/13/2025,10,33,32,10:33:32,120,Tahap-2
01/13/2025,10,33,32,10:33:32,46,Tahap-2
01/13/2025,10,33,32,10:33:32,19,Tahap-2
01/13/2025,10,33,32,10:33:32,152,Tahap-2
01/13/2025,10,33,32,10:33:32,194,Tahap-2
01/13/2025,10,33,32,10:33:32,110,Tahap-2
01/13/2025,10,33,32,10:33:32,345,Tahap-2
01/13/2025,10,33,32,10:33:32,1597,Tahap-2
01/13/2025,10,33,32,10:33:32,458,Tahap-2
01/13/2025,10,33,33,10:33:33,368,Tahap-2
01/13/2025,10,33,33,10:33:33,210,Tahap-2
01/13/2025,10,33,33,10:33:33,118,Tahap-2
01/13/2025,10,33,33,10:33:33,68,Tahap-2
01/13/2025,10,33,33,10:33:33,148,Tahap-2
01/13/2025,10,33,33,10:33:33,210,Tahap-2
01/13/2025,10,33,33,10:33:33,138,Tahap-2
01/13/2025,10,33,33,10:33:33,95,Tahap-2
01/13/2025,10,33,33,10:33:33,71,Tahap-2
01/13/2025,10,33,33,10:33:33,105,Tahap-2
01/13/2025,10,33,34,10:33:34,129,Tahap-2
01/13/2025,10,33,34,10:33:34,63,Tahap-2
01/13/2025,10,33,34,10:33:34,113,Tahap-2
01/13/2025,10,33,34,10:33:34,165,Tahap-2
01/13/2025,10,33,34,10:33:34,170,Tahap-2
01/13/2025,10,33,34,10:33:34,246,Tahap-2
01/13/2025,10,33,34,10:33:34,609,Tahap-2
01/13/2025,10,33,34,10:33:34,61,Tahap-2
01/13/2025,10,33,34,10:33:34,146,Tahap-2
01/13/2025,10,33,34,10:33:34,287,Tahap-2
01/13/2025,10,33,35,10:33:35,221,Tahap-2
01/13/2025,10,33,35,10:33:35,1308,Tahap-2
01/13/2025,10,33,35,10:33:35,174,Tahap-2
01/13/2025,10,33,35,10:33:35,32,Tahap-2
01/13/2025,10,33,35,10:33:35,245,Tahap-2
01/13/2025,10,33,35,10:33:35,263,Tahap-2
01/13/2025,10,33,35,10:33:35,155,Tahap-2
01/13/2025,10,33,35,10:33:35,183,Tahap-2
01/13/2025,10,33,35,10:33:35,234,Tahap-2
01/13/2025,10,33,35,10:33:35,234,Tahap-2
01/13/2025,10,33,36,10:33:36,281,Tahap-2
01/13/2025,10,33,36,10:33:36,48,Tahap-2
01/13/2025,10,33,36,10:33:36,49,Tahap-2
01/13/2025,10,33,36,10:33:36,127,Tahap-2
01/13/2025,10,33,36,10:33:36,125,Tahap-2
01/13/2025,10,33,36,10:33:36,228,Tahap-2
01/13/2025,10,33,36,10:33:36,139,Tahap-2
01/13/2025,10,33,36,10:33:36,88,Tahap-2
01/13/2025,10,33,36,10:33:36,186,Tahap-2
01/13/2025,10,33,36,10:33:36,107,Tahap-2
01/13/2025,10,33,37,10:33:37,113,Tahap-2
01/13/2025,10,33,37,10:33:37,185,Tahap-2
01/13/2025,10,33,37,10:33:37,85,Tahap-2
01/13/2025,10,33,37,10:33:37,511,Tahap-2
01/13/2025,10,33,37,10:33:37,1460,Tahap-2
01/13/2025,10,33,37,10:33:37,246,Tahap-2
01/13/2025,10,33,37,10:33:37,172,Tahap-2
01/13/2025,10,33,37,10:33:37,230,Tahap-2
01/13/2025,10,33,37,10:33:37,138,Tahap-2
01/13/2025,10,33,37,10:33:37,251,Tahap-2
01/13/2025,10,33,38,10:33:38,184,Tahap-2
01/13/2025,10,33,38,10:33:38,466,Tahap-2
01/13/2025,10,33,38,10:33:38,283,Tahap-2
01/13/2025,10,33,38,10:33:38,226,Tahap-2
01/13/2025,10,33,38,10:33:38,215,Tahap-2
01/13/2025,10,33,38,10:33:38,67,Tahap-2
01/13/2025,10,33,38,10:33:38,393,Tahap-2
01/13/2025,10,33,38,10:33:38,926,Tahap-2
01/13/2025,10,33,38,10:33:38,-104,Tahap-2
01/13/2025,10,33,38,10:33:38,-48,Tahap-2
01/13/2025,10,33,39,10:33:39,-152,Tahap-2
01/13/2025,10,33,39,10:33:39,-40,Tahap-2
01/13/2025,10,33,39,10:33:39,112,Tahap-2
01/13/2025,10,33,39,10:33:39,-200,Tahap-2
01/13/2025,10,33,39,10:33:39,48,Tahap-2
01/13/2025,10,33,39,10:33:39,152,Tahap-2
01/13/2025,10,33,39,10:33:39,-112,Tahap-2
01/13/2025,10,33,39,10:33:39,-280,Tahap-2
01/13/2025,10,33,39,10:33:39,256,Tahap-2
01/13/2025,10,33,39,10:33:39,24,Tahap-2
01/13/2025,10,33,40,10:33:40,-80,Tahap-2
01/13/2025,10,33,40,10:33:40,-8,Tahap-2
01/13/2025,10,33,40,10:33:40,8,Tahap-2
01/13/2025,10,33,40,10:33:40,184,Tahap-2
01/13/2025,10,33,40,10:33:40,-24,Tahap-2
01/13/2025,10,33,40,10:33:40,40,Tahap-2
01/13/2025,10,33,40,10:33:40,184,Tahap-2
01/13/2025,10,33,40,10:33:40,208,Tahap-2
01/13/2025,10,33,40,10:33:40,-160,Tahap-2
01/13/2025,10,33,40,10:33:40,144,Tahap-2
01/13/2025,10,33,41,10:33:41,240,Tahap-2
01/13/2025,10,33,41,10:33:41,-112,Tahap-2
01/13/2025,10,33,41,10:33:41,160,Tahap-2
01/13/2025,10,33,41,10:33:41,-72,Tahap-2
01/13/2025,10,33,41,10:33:41,424,Tahap-2
01/13/2025,10,33,41,10:33:41,-56,Tahap-2
01/13/2025,10,33,41,10:33:41,112,Tahap-2
01/13/2025,10,33,41,10:33:41,216,Tahap-2
01/13/2025,10,33,41,10:33:41,144,Tahap-2
01/13/2025,10,33,41,10:33:41,72,Tahap-2
01/13/2025,10,33,42,10:33:42,-24,Tahap-2
01/13/2025,10,33,42,10:33:42,272,Tahap-2
01/13/2025,10,33,42,10:33:42,-64,Tahap-2
01/13/2025,10,33,42,10:33:42,104,Tahap-2
01/13/2025,10,33,42,10:33:42,-64,Tahap-2
01/13/2025,10,33,42,10:33:42,280,Tahap-2
01/13/2025,10,33,42,10:33:42,136,Tahap-2
01/13/2025,10,33,42,10:33:42,-96,Tahap-2
01/13/2025,10,33,42,10:33:42,240,Tahap-2
01/13/2025,10,33,42,10:33:42,160,Tahap-2
01/13/2025,10,33,43,10:33:43,56,Tahap-2
01/13/2025,10,33,43,10:33:43,-16,Tahap-2
01/13/2025,10,33,43,10:33:43,240,Tahap-2
01/13/2025,10,33,43,10:33:43,-88,Tahap-2
01/13/2025,10,33,43,10:33:43,160,Tahap-2
01/13/2025,10,33,43,10:33:43,-24,Tahap-2
01/13/2025,10,33,43,10:33:43,232,Tahap-2
01/13/2025,10,33,43,10:33:43,296,Tahap-2
01/13/2025,10,33,43,10:33:43,-56,Tahap-2
01/13/2025,10,33,43,10:33:43,304,Tahap-2
01/13/2025,10,33,44,10:33:44,216,Tahap-2
01/13/2025,10,33,44,10:33:44,136,Tahap-2
01/13/2025,10,33,44,10:33:44,-64,Tahap-2
01/13/2025,10,33,44,10:33:44,240,Tahap-2
01/13/2025,10,33,44,10:33:44,-72,Tahap-2
01/13/2025,10,33,44,10:33:44,40,Tahap-2
01/13/2025,10,33,44,10:33:44,40,Tahap-2
01/13/2025,10,33,44,10:33:44,-40,Tahap-2
01/13/2025,10,33,44,10:33:44,312,Tahap-2
01/13/2025,10,33,44,10:33:44,-64,Tahap-2
01/13/2025,10,33,45,10:33:45,80,Tahap-2
01/13/2025,10,33,45,10:33:45,208,Tahap-2
01/13/2025,10,33,45,10:33:45,120,Tahap-2
01/13/2025,10,33,45,10:33:45,-136,Tahap-2
01/13/2025,10,33,45,10:33:45,112,Tahap-2
01/13/2025,10,33,45,10:33:45,168,Tahap-2
01/13/2025,10,33,45,10:33:45,-136,Tahap-2
01/13/2025,10,33,45,10:33:45,176,Tahap-2
01/13/2025,10,33,45,10:33:45,-96,Tahap-2
01/13/2025,10,33,45,10:33:45,248,Tahap-2
01/13/2025,10,33,46,10:33:46,56,Tahap-2
01/13/2025,10,33,46,10:33:46,24,Tahap-2
01/13/2025,10,33,46,10:33:46,88,Tahap-2
01/13/2025,10,33,46,10:33:46,144,Tahap-2
01/13/2025,10,33,46,10:33:46,-80,Tahap-2
01/13/2025,10,33,46,10:33:46,16,Tahap-2
01/13/2025,10,33,46,10:33:46,104,Tahap-2
01/13/2025,10,33,46,10:33:46,-112,Tahap-2
01/13/2025,10,33,46,10:33:46,-32,Tahap-2
01/13/2025,10,33,46,10:33:46,-56,Tahap-2
01/13/2025,10,33,47,10:33:47,232,Tahap-2
01/13/2025,10,33,47,10:33:47,200,Tahap-2
01/13/2025,10,33,47,10:33:47,-64,Tahap-2
01/13/2025,10,33,47,10:33:47,280,Tahap-2
01/13/2025,10,33,47,10:33:47,48,Tahap-2
01/13/2025,10,33,47,10:33:47,112,Tahap-2
01/13/2025,10,33,47,10:33:47,-128,Tahap-2
01/13/2025,10,33,47,10:33:47,216,Tahap-2
01/13/2025,10,33,47,10:33:47,-120,Tahap-2
01/13/2025,10,33,47,10:33:47,128,Tahap-2
01/13/2025,10,33,48,10:33:48,-144,Tahap-2
01/13/2025,10,33,48,10:33:48,144,Tahap-2
01/13/2025,10,33,48,10:33:48,184,Tahap-2
01/13/2025,10,33,48,10:33:48,-64,Tahap-2
01/13/2025,10,33,48,10:33:48,120,Tahap-2
01/13/2025,10,33,48,10:33:48,344,Tahap-2
01/13/2025,10,33,48,10:33:48,-16,Tahap-2
01/13/2025,10,33,48,10:33:48,136,Tahap-2
01/13/2025,10,33,48,10:33:48,-24,Tahap-2
01/13/2025,10,33,49,10:33:49,-8,Tahap-2
01/13/2025,10,33,49,10:33:49,56,Tahap-2
01/13/2025,10,33,49,10:33:49,-32,Tahap-2
01/13/2025,10,33,49,10:33:49,352,Tahap-2
01/13/2025,10,33,49,10:33:49,-56,Tahap-2
01/13/2025,10,33,49,10:33:49,56,Tahap-2
01/13/2025,10,33,49,10:33:49,248,Tahap-2
01/13/2025,10,33,49,10:33:49,312,Tahap-2
01/13/2025,10,33,49,10:33:49,-128,Tahap-2
01/13/2025,10,33,49,10:33:49,248,Tahap-2
01/13/2025,10,33,50,10:33:50,104,Tahap-2
01/13/2025,10,33,50,10:33:50,-64,Tahap-2
01/13/2025,10,33,50,10:33:50,32,Tahap-2
01/13/2025,10,33,50,10:33:50,-16,Tahap-2
01/13/2025,10,33,50,10:33:50,184,Tahap-2
01/13/2025,10,33,50,10:33:50,96,Tahap-2
01/13/2025,10,33,50,10:33:50,-16,Tahap-2
01/13/2025,10,33,50,10:33:50,256,Tahap-2
01/13/2025,10,33,50,10:33:50,232,Tahap-2
01/13/2025,10,33,50,10:33:50,168,Tahap-2
01/13/2025,10,33,51,10:33:51,-144,Tahap-2
01/13/2025,10,33,51,10:33:51,448,Tahap-2
01/13/2025,10,33,51,10:33:51,-168,Tahap-2
01/13/2025,10,33,51,10:33:51,104,Tahap-2
01/13/2025,10,33,51,10:33:51,224,Tahap-2
01/13/2025,10,33,51,10:33:51,272,Tahap-2
01/13/2025,10,34,16,10:34:16,711,Tahap-2
01/13/2025,10,34,16,10:34:16,634,Tahap-2
01/13/2025,10,34,16,10:34:16,580,Tahap-2
01/13/2025,10,34,16,10:34:16,361,Tahap-2
01/13/2025,10,34,16,10:34:16,437,Tahap-2
01/13/2025,10,34,16,10:34:16,264,Tahap-2
01/13/2025,10,34,16,10:34:16,219,Tahap-2
01/13/2025,10,34,16,10:34:16,186,Tahap-2
01/13/2025,10,34,16,10:34:16,264,Tahap-2
01/13/2025,10,34,16,10:34:16,191,Tahap-2
01/13/2025,10,34,17,10:34:17,18,Tahap-2
01/13/2025,10,34,17,10:34:17,225,Tahap-2
01/13/2025,10,34,17,10:34:17,100,Tahap-2
01/13/2025,10,34,17,10:34:17,31,Tahap-2
01/13/2025,10,34,17,10:34:17,155,Tahap-2
01/13/2025,10,34,17,10:34:17,43,Tahap-2
01/13/2025,10,34,17,10:34:17,12,Tahap-2
01/13/2025,10,34,17,10:34:17,154,Tahap-2
01/13/2025,10,34,17,10:34:17,110,Tahap-2
01/13/2025,10,34,17,10:34:17,119,Tahap-2
01/13/2025,10,34,18,10:34:18,102,Tahap-2
01/13/2025,10,34,18,10:34:18,128,Tahap-2
01/13/2025,10,34,18,10:34:18,853,Tahap-2
01/13/2025,10,34,18,10:34:18,113,Tahap-2
01/13/2025,10,34,18,10:34:18,123,Tahap-2
01/13/2025,10,34,18,10:34:18,86,Tahap-2
01/13/2025,10,34,18,10:34:18,156,Tahap-2
01/13/2025,10,34,18,10:34:18,22,Tahap-2
01/13/2025,10,34,18,10:34:18,76,Tahap-2
01/13/2025,10,34,18,10:34:18,77,Tahap-2
01/13/2025,10,34,19,10:34:19,93,Tahap-2
01/13/2025,10,34,19,10:34:19,163,Tahap-2
01/13/2025,10,34,19,10:34:19,45,Tahap-2
01/13/2025,10,34,19,10:34:19,35,Tahap-2
01/13/2025,10,34,19,10:34:19,66,Tahap-2
01/13/2025,10,34,19,10:34:19,213,Tahap-2
01/13/2025,10,34,19,10:34:19,46,Tahap-2
01/13/2025,10,34,19,10:34:19,82,Tahap-2
01/13/2025,10,34,19,10:34:19,78,Tahap-2
01/13/2025,10,34,19,10:34:19,55,Tahap-2
01/13/2025,10,34,20,10:34:20,99,Tahap-2
01/13/2025,10,34,20,10:34:20,70,Tahap-2
01/13/2025,10,34,20,10:34:20,259,Tahap-2
01/13/2025,10,34,20,10:34:20,73,Tahap-2
01/13/2025,10,34,20,10:34:20,38,Tahap-2
01/13/2025,10,34,20,10:34:20,234,Tahap-2
01/13/2025,10,34,20,10:34:20,62,Tahap-2
01/13/2025,10,34,20,10:34:20,85,Tahap-2
01/13/2025,10,34,20,10:34:20,18,Tahap-2
01/13/2025,10,34,20,10:34:20,162,Tahap-2
01/13/2025,10,34,21,10:34:21,47,Tahap-2
01/13/2025,10,34,21,10:34:21,57,Tahap-2
01/13/2025,10,34,21,10:34:21,83,Tahap-2
01/13/2025,10,34,21,10:34:21,149,Tahap-2
01/13/2025,10,34,21,10:34:21,17,Tahap-2
01/13/2025,10,34,21,10:34:21,45,Tahap-2
01/13/2025,10,34,21,10:34:21,33,Tahap-2
01/13/2025,10,34,21,10:34:21,86,Tahap-2
01/13/2025,10,34,21,10:34:21,46,Tahap-2
01/13/2025,10,34,21,10:34:21,186,Tahap-2
01/13/2025,10,34,22,10:34:22,140,Tahap-2
01/13/2025,10,34,22,10:34:22,115,Tahap-2
01/13/2025,10,34,22,10:34:22,47,Tahap-2
01/13/2025,10,34,22,10:34:22,109,Tahap-2
01/13/2025,10,34,22,10:34:22,102,Tahap-2
01/13/2025,10,34,22,10:34:22,639,Tahap-2
01/13/2025,10,34,22,10:34:22,619,Tahap-2
01/13/2025,10,34,22,10:34:22,1301,Tahap-2
01/13/2025,10,34,22,10:34:22,868,Tahap-2
01/13/2025,10,34,22,10:34:22,173,Tahap-2
01/13/2025,10,34,23,10:34:23,43,Tahap-2
01/13/2025,10,34,23,10:34:23,130,Tahap-2
01/13/2025,10,34,23,10:34:23,69,Tahap-2
01/13/2025,10,34,23,10:34:23,54,Tahap-2
01/13/2025,10,34,23,10:34:23,54,Tahap-2
01/13/2025,10,34,23,10:34:23,115,Tahap-2
01/13/2025,10,34,23,10:34:23,171,Tahap-2
01/13/2025,10,34,23,10:34:23,159,Tahap-2
01/13/2025,10,34,23,10:34:23,228,Tahap-2
01/13/2025,10,34,23,10:34:23,139,Tahap-2
01/13/2025,10,34,24,10:34:24,78,Tahap-2
01/13/2025,10,34,24,10:34:24,110,Tahap-2
01/13/2025,10,34,24,10:34:24,136,Tahap-2
01/13/2025,10,34,24,10:34:24,250,Tahap-2
01/13/2025,10,34,24,10:34:24,78,Tahap-2
01/13/2025,10,34,24,10:34:24,529,Tahap-2
01/13/2025,10,34,24,10:34:24,124,Tahap-2
01/13/2025,10,34,24,10:34:24,91,Tahap-2
01/13/2025,10,34,24,10:34:24,246,Tahap-2
01/13/2025,10,34,24,10:34:24,511,Tahap-2
01/13/2025,10,34,26,10:34:26,1132,Tahap-2
01/13/2025,10,34,26,10:34:26,253,Tahap-2
01/13/2025,10,34,26,10:34:26,53,Tahap-2
01/13/2025,10,34,26,10:34:26,87,Tahap-2
01/13/2025,10,34,26,10:34:26,139,Tahap-2
01/13/2025,10,34,26,10:34:26,140,Tahap-2
01/13/2025,10,34,26,10:34:26,93,Tahap-2
01/13/2025,10,34,26,10:34:26,175,Tahap-2
01/13/2025,10,34,26,10:34:26,52,Tahap-2
01/13/2025,10,34,26,10:34:26,149,Tahap-2
01/13/2025,10,34,26,10:34:26,84,Tahap-2
01/13/2025,10,34,26,10:34:26,61,Tahap-2
01/13/2025,10,34,26,10:34:26,47,Tahap-2
01/13/2025,10,34,26,10:34:26,160,Tahap-2
01/13/2025,10,34,26,10:34:26,185,Tahap-2
01/13/2025,10,34,26,10:34:26,274,Tahap-2
01/13/2025,10,34,26,10:34:26,141,Tahap-2
01/13/2025,10,34,26,10:34:26,117,Tahap-2
01/13/2025,10,34,26,10:34:26,371,Tahap-2
01/13/2025,10,34,26,10:34:26,199,Tahap-2
01/13/2025,10,34,27,10:34:27,217,Tahap-2
01/13/2025,10,34,27,10:34:27,159,Tahap-2
01/13/2025,10,34,27,10:34:27,454,Tahap-2
01/13/2025,10,34,27,10:34:27,1420,Tahap-2
01/13/2025,10,34,27,10:34:27,225,Tahap-2
01/13/2025,10,34,27,10:34:27,269,Tahap-2
01/13/2025,10,34,27,10:34:27,308,Tahap-2
01/13/2025,10,34,27,10:34:27,174,Tahap-2
01/13/2025,10,34,27,10:34:27,287,Tahap-2
01/13/2025,10,34,27,10:34:27,67,Tahap-2
01/13/2025,10,34,28,10:34:28,73,Tahap-2
01/13/2025,10,34,28,10:34:28,140,Tahap-2
01/13/2025,10,34,28,10:34:28,91,Tahap-2
01/13/2025,10,34,28,10:34:28,132,Tahap-2
01/13/2025,10,34,28,10:34:28,370,Tahap-2
01/13/2025,10,34,28,10:34:28,331,Tahap-2
01/13/2025,10,34,28,10:34:28,869,Tahap-2
01/13/2025,10,34,28,10:34:28,-56,Tahap-2
01/13/2025,10,34,28,10:34:28,-96,Tahap-2
01/13/2025,10,34,28,10:34:28,-136,Tahap-2
01/13/2025,10,34,29,10:34:29,320,Tahap-2
01/13/2025,10,34,29,10:34:29,-256,Tahap-2
01/13/2025,10,34,29,10:34:29,120,Tahap-2
01/13/2025,10,34,29,10:34:29,72,Tahap-2
01/13/2025,10,34,29,10:34:29,104,Tahap-2
01/13/2025,10,34,29,10:34:29,-80,Tahap-2
01/13/2025,10,34,29,10:34:29,64,Tahap-2
01/13/2025,10,34,29,10:34:29,56,Tahap-2
01/13/2025,10,34,29,10:34:29,-136,Tahap-2
01/13/2025,10,34,29,10:34:29,80,Tahap-2
01/13/2025,10,34,30,10:34:30,-144,Tahap-2
01/13/2025,10,34,30,10:34:30,360,Tahap-2
01/13/2025,10,34,30,10:34:30,-64,Tahap-2
01/13/2025,10,34,30,10:34:30,96,Tahap-2
01/13/2025,10,34,30,10:34:30,120,Tahap-2
01/13/2025,10,34,30,10:34:30,88,Tahap-2
01/13/2025,10,34,30,10:34:30,-64,Tahap-2
01/13/2025,10,34,30,10:34:30,184,Tahap-2
01/13/2025,10,34,30,10:34:30,120,Tahap-2
01/13/2025,10,34,30,10:34:30,-32,Tahap-2
01/13/2025,10,34,31,10:34:31,-16,Tahap-2
01/13/2025,10,34,31,10:34:31,-184,Tahap-2
01/13/2025,10,34,31,10:34:31,240,Tahap-2
01/13/2025,10,34,31,10:34:31,-64,Tahap-2
01/13/2025,10,34,31,10:34:31,-96,Tahap-2
01/13/2025,10,34,31,10:34:31,232,Tahap-2
01/13/2025,10,34,31,10:34:31,40,Tahap-2
01/13/2025,10,34,31,10:34:31,-80,Tahap-2
01/13/2025,10,34,31,10:34:31,8,Tahap-2
01/13/2025,10,34,31,10:34:31,72,Tahap-2
01/13/2025,10,34,32,10:34:32,-200,Tahap-2
01/13/2025,10,34,32,10:34:32,-64,Tahap-2
01/13/2025,10,34,32,10:34:32,-176,Tahap-2
01/13/2025,10,34,32,10:34:32,200,Tahap-2
01/13/2025,10,34,32,10:34:32,-56,Tahap-2
01/13/2025,10,34,32,10:34:32,32,Tahap-2
01/13/2025,10,34,32,10:34:32,72,Tahap-2
01/13/2025,10,34,32,10:34:32,176,Tahap-2
01/13/2025,10,34,32,10:34:32,-80,Tahap-2
01/13/2025,10,34,32,10:34:32,-16,Tahap-2
01/13/2025,10,34,33,10:34:33,120,Tahap-2
01/13/2025,10,34,33,10:34:33,-8,Tahap-2
01/13/2025,10,34,33,10:34:33,-176,Tahap-2
01/13/2025,10,34,33,10:34:33,-104,Tahap-2
01/13/2025,10,34,33,10:34:33,64,Tahap-2
01/13/2025,10,34,33,10:34:33,-88,Tahap-2
01/13/2025,10,34,33,10:34:33,144,Tahap-2
01/13/2025,10,34,33,10:34:33,-24,Tahap-2
01/13/2025,10,34,33,10:34:33,32,Tahap-2
01/13/2025,10,34,34,10:34:34,-240,Tahap-2
01/13/2025,10,34,34,10:34:34,168,Tahap-2
01/13/2025,10,34,34,10:34:34,-88,Tahap-2
01/13/2025,10,34,34,10:34:34,80,Tahap-2
01/13/2025,10,34,34,10:34:34,-144,Tahap-2
01/13/2025,10,34,34,10:34:34,88,Tahap-2
01/13/2025,10,34,34,10:34:34,136,Tahap-2
01/13/2025,10,34,34,10:34:34,-104,Tahap-2
01/13/2025,10,34,34,10:34:34,192,Tahap-2
01/13/2025,10,34,34,10:34:34,240,Tahap-2
01/13/2025,10,34,35,10:34:35,-80,Tahap-2
01/13/2025,10,34,35,10:34:35,-24,Tahap-2
01/13/2025,10,34,35,10:34:35,136,Tahap-2
01/13/2025,10,34,35,10:34:35,8,Tahap-2
01/13/2025,10,34,35,10:34:35,352,Tahap-2
01/13/2025,10,34,35,10:34:35,-8,Tahap-2
01/13/2025,10,34,35,10:34:35,-24,Tahap-2
01/13/2025,10,34,36,10:34:36,240,Tahap-2
01/13/2025,10,34,36,10:34:36,120,Tahap-2
01/13/2025,10,34,36,10:34:36,-232,Tahap-2
01/13/2025,10,34,36,10:34:36,144,Tahap-2
01/13/2025,10,34,36,10:34:36,-56,Tahap-2
01/13/2025,10,34,36,10:34:36,-88,Tahap-2
01/13/2025,10,34,36,10:34:36,-48,Tahap-2
01/13/2025,10,34,36,10:34:36,176,Tahap-2
01/13/2025,10,34,36,10:34:36,-24,Tahap-2
01/13/2025,10,34,37,10:34:37,-24,Tahap-2
01/13/2025,10,34,37,10:34:37,192,Tahap-2
01/13/2025,10,34,37,10:34:37,280,Tahap-2
01/13/2025,10,34,37,10:34:37,-24,Tahap-2
01/13/2025,10,34,37,10:34:37,-48,Tahap-2
01/13/2025,10,34,37,10:34:37,152,Tahap-2
01/13/2025,10,34,37,10:34:37,-112,Tahap-2
01/13/2025,10,34,37,10:34:37,48,Tahap-2
01/13/2025,10,34,37,10:34:37,-168,Tahap-2
01/13/2025,10,34,37,10:34:37,328,Tahap-2
01/13/2025,10,34,38,10:34:38,-24,Tahap-2
01/13/2025,10,34,38,10:34:38,64,Tahap-2
01/13/2025,10,34,38,10:34:38,88,Tahap-2
01/13/2025,10,34,38,10:34:38,192,Tahap-2
01/13/2025,10,34,38,10:34:38,32,Tahap-2
01/13/2025,10,34,38,10:34:38,8,Tahap-2
01/13/2025,10,34,38,10:34:38,104,Tahap-2
01/13/2025,10,34,38,10:34:38,48,Tahap-2
01/13/2025,10,34,38,10:34:38,-56,Tahap-2
01/13/2025,10,34,38,10:34:38,24,Tahap-2
01/13/2025,10,34,39,10:34:39,128,Tahap-2
01/13/2025,10,34,39,10:34:39,408,Tahap-2
01/13/2025,10,34,39,10:34:39,-232,Tahap-2
01/13/2025,10,34,39,10:34:39,328,Tahap-2
01/13/2025,10,34,39,10:34:39,120,Tahap-2
01/13/2025,10,34,39,10:34:39,184,Tahap-2
01/13/2025,10,34,39,10:34:39,-96,Tahap-2
01/13/2025,10,34,39,10:34:39,248,Tahap-2
01/13/2025,10,34,39,10:34:39,-24,Tahap-2
01/13/2025,10,34,39,10:34:39,128,Tahap-2
01/13/2025,10,34,40,10:34:40,88,Tahap-2
01/13/2025,10,34,40,10:34:40,416,Tahap-2
01/13/2025,10,34,40,10:34:40,24,Tahap-2
01/13/2025,10,34,40,10:34:40,152,Tahap-2
01/13/2025,10,34,40,10:34:40,312,Tahap-2
01/13/2025,10,34,40,10:34:40,152,Tahap-2
01/13/2025,10,34,40,10:34:40,24,Tahap-2
01/13/2025,10,34,40,10:34:40,176,Tahap-2
01/13/2025,10,34,40,10:34:40,160,Tahap-2
01/13/2025,10,34,41,10:34:41,-32,Tahap-2
01/13/2025,10,34,41,10:34:41,144,Tahap-2
01/13/2025,10,34,41,10:34:41,-24,Tahap-2
01/13/2025,10,34,41,10:34:41,480,Tahap-2
01/13/2025,10,34,41,10:34:41,48,Tahap-2
01/13/2025,10,34,41,10:34:41,248,Tahap-2
01/13/2025,10,35,6,10:35:06,1961,Tahap-2
01/13/2025,10,35,6,10:35:06,555,Tahap-2
01/13/2025,10,35,6,10:35:06,503,Tahap-2
01/13/2025,10,35,6,10:35:06,290,Tahap-2
01/13/2025,10,35,6,10:35:06,230,Tahap-2
01/13/2025,10,35,6,10:35:06,251,Tahap-2
01/13/2025,10,35,6,10:35:06,255,Tahap-2
01/13/2025,10,35,6,10:35:06,102,Tahap-2
01/13/2025,10,35,6,10:35:06,142,Tahap-2
01/13/2025,10,35,6,10:35:06,190,Tahap-2
01/13/2025,10,35,7,10:35:07,201,Tahap-2
01/13/2025,10,35,7,10:35:07,121,Tahap-2
01/13/2025,10,35,7,10:35:07,7,Tahap-2
01/13/2025,10,35,7,10:35:07,50,Tahap-2
01/13/2025,10,35,7,10:35:07,101,Tahap-2
01/13/2025,10,35,7,10:35:07,99,Tahap-2
01/13/2025,10,35,7,10:35:07,52,Tahap-2
01/13/2025,10,35,7,10:35:07,44,Tahap-2
01/13/2025,10,35,7,10:35:07,18,Tahap-2
01/13/2025,10,35,7,10:35:07,145,Tahap-2
01/13/2025,10,35,8,10:35:08,93,Tahap-2
01/13/2025,10,35,8,10:35:08,169,Tahap-2
01/13/2025,10,35,8,10:35:08,508,Tahap-2
01/13/2025,10,35,8,10:35:08,340,Tahap-2
01/13/2025,10,35,8,10:35:08,139,Tahap-2
01/13/2025,10,35,8,10:35:08,252,Tahap-2
01/13/2025,10,35,8,10:35:08,113,Tahap-2
01/13/2025,10,35,8,10:35:08,99,Tahap-2
01/13/2025,10,35,8,10:35:08,82,Tahap-2
01/13/2025,10,35,8,10:35:08,193,Tahap-2
01/13/2025,10,35,9,10:35:09,85,Tahap-2
01/13/2025,10,35,9,10:35:09,173,Tahap-2
01/13/2025,10,35,9,10:35:09,109,Tahap-2
01/13/2025,10,35,9,10:35:09,53,Tahap-2
01/13/2025,10,35,9,10:35:09,35,Tahap-2
01/13/2025,10,35,9,10:35:09,100,Tahap-2
01/13/2025,10,35,9,10:35:09,113,Tahap-2
01/13/2025,10,35,9,10:35:09,29,Tahap-2
01/13/2025,10,35,9,10:35:09,62,Tahap-2
01/13/2025,10,35,9,10:35:09,69,Tahap-2
01/13/2025,10,35,10,10:35:10,33,Tahap-2
01/13/2025,10,35,10,10:35:10,76,Tahap-2
01/13/2025,10,35,10,10:35:10,145,Tahap-2
01/13/2025,10,35,10,10:35:10,46,Tahap-2
01/13/2025,10,35,10,10:35:10,115,Tahap-2
01/13/2025,10,35,10,10:35:10,118,Tahap-2
01/13/2025,10,35,10,10:35:10,103,Tahap-2
01/13/2025,10,35,10,10:35:10,14,Tahap-2
01/13/2025,10,35,10,10:35:10,71,Tahap-2
01/13/2025,10,35,10,10:35:10,125,Tahap-2
01/13/2025,10,35,11,10:35:11,91,Tahap-2
01/13/2025,10,35,11,10:35:11,30,Tahap-2
01/13/2025,10,35,11,10:35:11,92,Tahap-2
01/13/2025,10,35,11,10:35:11,21,Tahap-2
01/13/2025,10,35,11,10:35:11,56,Tahap-2
01/13/2025,10,35,11,10:35:11,30,Tahap-2
01/13/2025,10,35,11,10:35:11,91,Tahap-2
01/13/2025,10,35,11,10:35:11,113,Tahap-2
01/13/2025,10,35,11,10:35:11,105,Tahap-2
01/13/2025,10,35,11,10:35:11,101,Tahap-2
01/13/2025,10,35,11,10:35:11,63,Tahap-2
01/13/2025,10,35,12,10:35:12,73,Tahap-2
01/13/2025,10,35,12,10:35:12,76,Tahap-2
01/13/2025,10,35,12,10:35:12,50,Tahap-2
01/13/2025,10,35,12,10:35:12,161,Tahap-2
01/13/2025,10,35,12,10:35:12,195,Tahap-2
01/13/2025,10,35,12,10:35:12,382,Tahap-2
01/13/2025,10,35,12,10:35:12,1394,Tahap-2
01/13/2025,10,35,12,10:35:12,530,Tahap-2
01/13/2025,10,35,12,10:35:12,89,Tahap-2
01/13/2025,10,35,12,10:35:12,360,Tahap-2
01/13/2025,10,35,13,10:35:13,231,Tahap-2
01/13/2025,10,35,13,10:35:13,130,Tahap-2
01/13/2025,10,35,13,10:35:13,21,Tahap-2
01/13/2025,10,35,13,10:35:13,156,Tahap-2
01/13/2025,10,35,13,10:35:13,174,Tahap-2
01/13/2025,10,35,13,10:35:13,202,Tahap-2
01/13/2025,10,35,13,10:35:13,182,Tahap-2
01/13/2025,10,35,13,10:35:13,65,Tahap-2
01/13/2025,10,35,13,10:35:13,17,Tahap-2
01/13/2025,10,35,13,10:35:13,27,Tahap-2
01/13/2025,10,35,14,10:35:14,45,Tahap-2
01/13/2025,10,35,14,10:35:14,128,Tahap-2
01/13/2025,10,35,14,10:35:14,127,Tahap-2
01/13/2025,10,35,14,10:35:14,217,Tahap-2
01/13/2025,10,35,14,10:35:14,590,Tahap-2
01/13/2025,10,35,14,10:35:14,169,Tahap-2
01/13/2025,10,35,14,10:35:14,323,Tahap-2
01/13/2025,10,35,14,10:35:14,195,Tahap-2
01/13/2025,10,35,14,10:35:14,132,Tahap-2
01/13/2025,10,35,14,10:35:14,552,Tahap-2
01/13/2025,10,35,15,10:35:15,573,Tahap-2
01/13/2025,10,35,15,10:35:15,185,Tahap-2
01/13/2025,10,35,15,10:35:15,210,Tahap-2
01/13/2025,10,35,15,10:35:15,157,Tahap-2
01/13/2025,10,35,15,10:35:15,349,Tahap-2
01/13/2025,10,35,15,10:35:15,52,Tahap-2
01/13/2025,10,35,15,10:35:15,103,Tahap-2
01/13/2025,10,35,15,10:35:15,174,Tahap-2
01/13/2025,10,35,15,10:35:15,107,Tahap-2
01/13/2025,10,35,15,10:35:15,60,Tahap-2
01/13/2025,10,35,16,10:35:16,111,Tahap-2
01/13/2025,10,35,16,10:35:16,18,Tahap-2
01/13/2025,10,35,16,10:35:16,34,Tahap-2
01/13/2025,10,35,16,10:35:16,70,Tahap-2
01/13/2025,10,35,16,10:35:16,237,Tahap-2
01/13/2025,10,35,16,10:35:16,104,Tahap-2
01/13/2025,10,35,16,10:35:16,92,Tahap-2
01/13/2025,10,35,16,10:35:16,135,Tahap-2
01/13/2025,10,35,16,10:35:16,159,Tahap-2
01/13/2025,10,35,16,10:35:16,129,Tahap-2
01/13/2025,10,35,17,10:35:17,204,Tahap-2
01/13/2025,10,35,17,10:35:17,777,Tahap-2
01/13/2025,10,35,17,10:35:17,647,Tahap-2
01/13/2025,10,35,17,10:35:17,859,Tahap-2
01/13/2025,10,35,17,10:35:17,269,Tahap-2
01/13/2025,10,35,17,10:35:17,203,Tahap-2
01/13/2025,10,35,17,10:35:17,142,Tahap-2
01/13/2025,10,35,17,10:35:17,15,Tahap-2
01/13/2025,10,35,17,10:35:17,171,Tahap-2
01/13/2025,10,35,17,10:35:17,374,Tahap-2
01/13/2025,10,35,18,10:35:18,163,Tahap-2
01/13/2025,10,35,18,10:35:18,333,Tahap-2
01/13/2025,10,35,18,10:35:18,189,Tahap-2
01/13/2025,10,35,18,10:35:18,163,Tahap-2
01/13/2025,10,35,18,10:35:18,188,Tahap-2
01/13/2025,10,35,18,10:35:18,524,Tahap-2
01/13/2025,10,35,18,10:35:18,-152,Tahap-2
01/13/2025,10,35,18,10:35:18,72,Tahap-2
01/13/2025,10,35,18,10:35:18,-80,Tahap-2
01/13/2025,10,35,18,10:35:18,72,Tahap-2
01/13/2025,10,35,19,10:35:19,112,Tahap-2
01/13/2025,10,35,19,10:35:19,96,Tahap-2
01/13/2025,10,35,19,10:35:19,-144,Tahap-2
01/13/2025,10,35,19,10:35:19,-120,Tahap-2
01/13/2025,10,35,19,10:35:19,152,Tahap-2
01/13/2025,10,35,19,10:35:19,-136,Tahap-2
01/13/2025,10,35,19,10:35:19,-200,Tahap-2
01/13/2025,10,35,19,10:35:19,120,Tahap-2
01/13/2025,10,35,19,10:35:19,-24,Tahap-2
01/13/2025,10,35,20,10:35:20,-160,Tahap-2
01/13/2025,10,35,20,10:35:20,96,Tahap-2
01/13/2025,10,35,20,10:35:20,64,Tahap-2
01/13/2025,10,35,20,10:35:20,-80,Tahap-2
01/13/2025,10,35,20,10:35:20,-88,Tahap-2
01/13/2025,10,35,20,10:35:20,72,Tahap-2
01/13/2025,10,35,20,10:35:20,-80,Tahap-2
01/13/2025,10,35,20,10:35:20,-24,Tahap-2
01/13/2025,10,35,20,10:35:20,-176,Tahap-2
01/13/2025,10,35,20,10:35:20,88,Tahap-2
01/13/2025,10,35,21,10:35:21,32,Tahap-2
01/13/2025,10,35,21,10:35:21,-240,Tahap-2
01/13/2025,10,35,21,10:35:21,56,Tahap-2
01/13/2025,10,35,21,10:35:21,184,Tahap-2
01/13/2025,10,35,21,10:35:21,-136,Tahap-2
01/13/2025,10,35,21,10:35:21,-176,Tahap-2
01/13/2025,10,35,21,10:35:21,120,Tahap-2
01/13/2025,10,35,21,10:35:21,-176,Tahap-2
01/13/2025,10,35,21,10:35:21,-88,Tahap-2
01/13/2025,10,35,21,10:35:21,-128,Tahap-2
01/13/2025,10,35,22,10:35:22,-72,Tahap-2
01/13/2025,10,35,22,10:35:22,96,Tahap-2
01/13/2025,10,35,22,10:35:22,-224,Tahap-2
01/13/2025,10,35,22,10:35:22,8,Tahap-2
01/13/2025,10,35,22,10:35:22,-40,Tahap-2
01/13/2025,10,35,22,10:35:22,112,Tahap-2
01/13/2025,10,35,22,10:35:22,-344,Tahap-2
01/13/2025,10,35,22,10:35:22,-8,Tahap-2
01/13/2025,10,35,22,10:35:22,-56,Tahap-2
01/13/2025,10,35,22,10:35:22,-208,Tahap-2
01/13/2025,10,35,23,10:35:23,-80,Tahap-2
01/13/2025,10,35,23,10:35:23,-144,Tahap-2
01/13/2025,10,35,23,10:35:23,120,Tahap-2
01/13/2025,10,35,23,10:35:23,-184,Tahap-2
01/13/2025,10,35,23,10:35:23,-48,Tahap-2
01/13/2025,10,35,23,10:35:23,-72,Tahap-2
01/13/2025,10,35,23,10:35:23,72,Tahap-2
01/13/2025,10,35,23,10:35:23,-128,Tahap-2
01/13/2025,10,35,23,10:35:23,-128,Tahap-2
01/13/2025,10,35,24,10:35:24,-216,Tahap-2
01/13/2025,10,35,24,10:35:24,-120,Tahap-2
01/13/2025,10,35,24,10:35:24,-256,Tahap-2
01/13/2025,10,35,24,10:35:24,112,Tahap-2
01/13/2025,10,35,24,10:35:24,-88,Tahap-2
01/13/2025,10,35,24,10:35:24,-208,Tahap-2
01/13/2025,10,35,24,10:35:24,80,Tahap-2
01/13/2025,10,35,24,10:35:24,8,Tahap-2
01/13/2025,10,35,24,10:35:24,-136,Tahap-2
01/13/2025,10,35,24,10:35:24,-152,Tahap-2
01/13/2025,10,35,26,10:35:26,-40,Tahap-2
01/13/2025,10,35,26,10:35:26,-200,Tahap-2
01/13/2025,10,35,26,10:35:26,-32,Tahap-2
01/13/2025,10,35,26,10:35:26,-280,Tahap-2
01/13/2025,10,35,26,10:35:26,16,Tahap-2
01/13/2025,10,35,26,10:35:26,184,Tahap-2
01/13/2025,10,35,26,10:35:26,-328,Tahap-2
01/13/2025,10,35,26,10:35:26,48,Tahap-2
01/13/2025,10,35,26,10:35:26,-32,Tahap-2
01/13/2025,10,35,26,10:35:26,-48,Tahap-2
01/13/2025,10,35,26,10:35:26,-280,Tahap-2
01/13/2025,10,35,26,10:35:26,72,Tahap-2
01/13/2025,10,35,26,10:35:26,-320,Tahap-2
01/13/2025,10,35,26,10:35:26,-128,Tahap-2
01/13/2025,10,35,26,10:35:26,-296,Tahap-2
01/13/2025,10,35,26,10:35:26,-128,Tahap-2
01/13/2025,10,35,26,10:35:26,88,Tahap-2
01/13/2025,10,35,26,10:35:26,-256,Tahap-2
01/13/2025,10,35,26,10:35:26,-80,Tahap-2
01/13/2025,10,35,26,10:35:26,72,Tahap-2
01/13/2025,10,35,27,10:35:27,-96,Tahap-2
01/13/2025,10,35,27,10:35:27,-248,Tahap-2
01/13/2025,10,35,27,10:35:27,-56,Tahap-2
01/13/2025,10,35,27,10:35:27,-56,Tahap-2
01/13/2025,10,35,27,10:35:27,-232,Tahap-2
01/13/2025,10,35,27,10:35:27,-264,Tahap-2
01/13/2025,10,35,27,10:35:27,8,Tahap-2
01/13/2025,10,35,27,10:35:27,16,Tahap-2
01/13/2025,10,35,27,10:35:27,-128,Tahap-2
01/13/2025,10,35,27,10:35:27,-128,Tahap-2
01/13/2025,10,35,28,10:35:28,-32,Tahap-2
01/13/2025,10,35,28,10:35:28,-48,Tahap-2
01/13/2025,10,35,28,10:35:28,-128,Tahap-2
01/13/2025,10,35,28,10:35:28,-336,Tahap-2
01/13/2025,10,35,28,10:35:28,136,Tahap-2
01/13/2025,10,35,28,10:35:28,-120,Tahap-2
01/13/2025,10,35,28,10:35:28,-256,Tahap-2
01/13/2025,10,35,28,10:35:28,-24,Tahap-2
01/13/2025,10,35,28,10:35:28,-104,Tahap-2
01/13/2025,10,35,28,10:35:28,-104,Tahap-2
01/13/2025,10,35,29,10:35:29,-160,Tahap-2
01/13/2025,10,35,29,10:35:29,-16,Tahap-2
01/13/2025,10,35,29,10:35:29,-136,Tahap-2
01/13/2025,10,35,29,10:35:29,48,Tahap-2
01/13/2025,10,35,29,10:35:29,-432,Tahap-2
01/13/2025,10,35,29,10:35:29,88,Tahap-2
01/13/2025,10,35,29,10:35:29,-176,Tahap-2
01/13/2025,10,35,29,10:35:29,-264,Tahap-2
01/13/2025,10,35,29,10:35:29,-144,Tahap-2
01/13/2025,10,35,30,10:35:30,-144,Tahap-2
01/13/2025,10,35,30,10:35:30,-128,Tahap-2
01/13/2025,10,35,30,10:35:30,-112,Tahap-2
01/13/2025,10,35,30,10:35:30,-16,Tahap-2
01/13/2025,10,35,30,10:35:30,-344,Tahap-2
01/13/2025,10,35,30,10:35:30,-96,Tahap-2
01/13/2025,10,35,30,10:35:30,-216,Tahap-2
01/13/2025,10,35,30,10:35:30,64,Tahap-2
01/13/2025,10,35,30,10:35:30,-328,Tahap-2
01/13/2025,10,35,30,10:35:30,32,Tahap-2
01/13/2025,10,35,31,10:35:31,-216,Tahap-2
01/13/2025,10,35,31,10:35:31,48,Tahap-2
01/13/2025,10,35,31,10:35:31,-304,Tahap-2
01/13/2025,10,35,31,10:35:31,-168,Tahap-2
01/13/2025,10,35,31,10:35:31,-104,Tahap-2
01/13/2025,10,35,56,10:35:56,1321,Tahap-2
01/13/2025,10,35,56,10:35:56,417,Tahap-2
01/13/2025,10,35,56,10:35:56,218,Tahap-2
01/13/2025,10,35,56,10:35:56,288,Tahap-2
01/13/2025,10,35,56,10:35:56,219,Tahap-2
01/13/2025,10,35,56,10:35:56,97,Tahap-2
01/13/2025,10,35,56,10:35:56,137,Tahap-2
01/13/2025,10,35,56,10:35:56,92,Tahap-2
01/13/2025,10,35,56,10:35:56,86,Tahap-2
01/13/2025,10,35,56,10:35:56,108,Tahap-2
01/13/2025,10,35,56,10:35:56,212,Tahap-2
01/13/2025,10,35,57,10:35:57,57,Tahap-2
01/13/2025,10,35,57,10:35:57,110,Tahap-2
01/13/2025,10,35,57,10:35:57,23,Tahap-2
01/13/2025,10,35,57,10:35:57,108,Tahap-2
01/13/2025,10,35,57,10:35:57,119,Tahap-2
01/13/2025,10,35,57,10:35:57,106,Tahap-2
01/13/2025,10,35,57,10:35:57,122,Tahap-2
01/13/2025,10,35,57,10:35:57,28,Tahap-2
01/13/2025,10,35,57,10:35:57,137,Tahap-2
01/13/2025,10,35,57,10:35:57,86,Tahap-2
01/13/2025,10,35,58,10:35:58,222,Tahap-2
01/13/2025,10,35,58,10:35:58,763,Tahap-2
01/13/2025,10,35,58,10:35:58,205,Tahap-2
01/13/2025,10,35,58,10:35:58,38,Tahap-2
01/13/2025,10,35,58,10:35:58,73,Tahap-2
01/13/2025,10,35,58,10:35:58,68,Tahap-2
01/13/2025,10,35,58,10:35:58,101,Tahap-2
01/13/2025,10,35,58,10:35:58,50,Tahap-2
01/13/2025,10,35,58,10:35:58,163,Tahap-2
01/13/2025,10,35,58,10:35:58,133,Tahap-2
01/13/2025,10,35,59,10:35:59,25,Tahap-2
01/13/2025,10,35,59,10:35:59,54,Tahap-2
01/13/2025,10,35,59,10:35:59,68,Tahap-2
01/13/2025,10,35,59,10:35:59,103,Tahap-2
01/13/2025,10,35,59,10:35:59,124,Tahap-2
01/13/2025,10,35,59,10:35:59,107,Tahap-2
01/13/2025,10,35,59,10:35:59,31,Tahap-2
01/13/2025,10,35,59,10:35:59,48,Tahap-2
01/13/2025,10,35,59,10:35:59,110,Tahap-2
01/13/2025,10,35,59,10:35:59,41,Tahap-2
01/13/2025,10,36,1,10:36:01,16,Tahap-2
01/13/2025,10,36,1,10:36:01,136,Tahap-2
01/13/2025,10,36,1,10:36:01,48,Tahap-2
01/13/2025,10,36,1,10:36:01,63,Tahap-2
01/13/2025,10,36,1,10:36:01,89,Tahap-2
01/13/2025,10,36,1,10:36:01,111,Tahap-2
01/13/2025,10,36,1,10:36:01,110,Tahap-2
01/13/2025,10,36,1,10:36:01,184,Tahap-2
01/13/2025,10,36,1,10:36:01,57,Tahap-2
01/13/2025,10,36,1,10:36:01,13,Tahap-2
01/13/2025,10,36,2,10:36:02,169,Tahap-2
01/13/2025,10,36,2,10:36:02,100,Tahap-2
01/13/2025,10,36,2,10:36:02,105,Tahap-2
01/13/2025,10,36,2,10:36:02,99,Tahap-2
01/13/2025,10,36,2,10:36:02,172,Tahap-2
01/13/2025,10,36,2,10:36:02,356,Tahap-2
01/13/2025,10,36,2,10:36:02,1141,Tahap-2
01/13/2025,10,36,2,10:36:02,299,Tahap-2
01/13/2025,10,36,2,10:36:02,710,Tahap-2
01/13/2025,10,36,2,10:36:02,517,Tahap-2
01/13/2025,10,36,3,10:36:03,89,Tahap-2
01/13/2025,10,36,3,10:36:03,171,Tahap-2
01/13/2025,10,36,3,10:36:03,72,Tahap-2
01/13/2025,10,36,3,10:36:03,262,Tahap-2
01/13/2025,10,36,3,10:36:03,181,Tahap-2
01/13/2025,10,36,3,10:36:03,95,Tahap-2
01/13/2025,10,36,3,10:36:03,98,Tahap-2
01/13/2025,10,36,3,10:36:03,241,Tahap-2
01/13/2025,10,36,3,10:36:03,183,Tahap-2
01/13/2025,10,36,3,10:36:03,173,Tahap-2
01/13/2025,10,36,4,10:36:04,303,Tahap-2
01/13/2025,10,36,4,10:36:04,119,Tahap-2
01/13/2025,10,36,4,10:36:04,20,Tahap-2
01/13/2025,10,36,4,10:36:04,325,Tahap-2
01/13/2025,10,36,4,10:36:04,520,Tahap-2
01/13/2025,10,36,4,10:36:04,384,Tahap-2
01/13/2025,10,36,4,10:36:04,61,Tahap-2
01/13/2025,10,36,4,10:36:04,109,Tahap-2
01/13/2025,10,36,4,10:36:04,353,Tahap-2
01/13/2025,10,36,4,10:36:04,607,Tahap-2
01/13/2025,10,36,5,10:36:05,409,Tahap-2
01/13/2025,10,36,5,10:36:05,144,Tahap-2
01/13/2025,10,36,5,10:36:05,164,Tahap-2
01/13/2025,10,36,5,10:36:05,108,Tahap-2
01/13/2025,10,36,5,10:36:05,336,Tahap-2
01/13/2025,10,36,5,10:36:05,235,Tahap-2
01/13/2025,10,36,5,10:36:05,249,Tahap-2
01/13/2025,10,36,5,10:36:05,252,Tahap-2
01/13/2025,10,36,5,10:36:05,154,Tahap-2
01/13/2025,10,36,5,10:36:05,221,Tahap-2
01/13/2025,10,36,6,10:36:06,69,Tahap-2
01/13/2025,10,36,6,10:36:06,119,Tahap-2
01/13/2025,10,36,6,10:36:06,189,Tahap-2
01/13/2025,10,36,6,10:36:06,126,Tahap-2
01/13/2025,10,36,6,10:36:06,133,Tahap-2
01/13/2025,10,36,6,10:36:06,41,Tahap-2
01/13/2025,10,36,6,10:36:06,131,Tahap-2
01/13/2025,10,36,6,10:36:06,486,Tahap-2
01/13/2025,10,36,6,10:36:06,250,Tahap-2
01/13/2025,10,36,6,10:36:06,401,Tahap-2
01/13/2025,10,36,6,10:36:06,183,Tahap-2
01/13/2025,10,36,7,10:36:07,135,Tahap-2
01/13/2025,10,36,7,10:36:07,909,Tahap-2
01/13/2025,10,36,7,10:36:07,910,Tahap-2
01/13/2025,10,36,7,10:36:07,367,Tahap-2
01/13/2025,10,36,7,10:36:07,248,Tahap-2
01/13/2025,10,36,7,10:36:07,270,Tahap-2
01/13/2025,10,36,7,10:36:07,308,Tahap-2
01/13/2025,10,36,7,10:36:07,95,Tahap-2
01/13/2025,10,36,7,10:36:07,374,Tahap-2
01/13/2025,10,36,7,10:36:07,287,Tahap-2
01/13/2025,10,36,8,10:36:08,222,Tahap-2
01/13/2025,10,36,8,10:36:08,480,Tahap-2
01/13/2025,10,36,8,10:36:08,202,Tahap-2
01/13/2025,10,36,8,10:36:08,251,Tahap-2
01/13/2025,10,36,8,10:36:08,596,Tahap-2
01/13/2025,10,36,8,10:36:08,-80,Tahap-2
01/13/2025,10,36,8,10:36:08,40,Tahap-2
01/13/2025,10,36,8,10:36:08,-152,Tahap-2
01/13/2025,10,36,8,10:36:08,88,Tahap-2
01/13/2025,10,36,8,10:36:08,192,Tahap-2
01/13/2025,10,36,9,10:36:09,-112,Tahap-2
01/13/2025,10,36,9,10:36:09,192,Tahap-2
01/13/2025,10,36,9,10:36:09,184,Tahap-2
01/13/2025,10,36,9,10:36:09,-152,Tahap-2
01/13/2025,10,36,9,10:36:09,-16,Tahap-2
01/13/2025,10,36,9,10:36:09,88,Tahap-2
01/13/2025,10,36,9,10:36:09,-48,Tahap-2
01/13/2025,10,36,9,10:36:09,24,Tahap-2
01/13/2025,10,36,9,10:36:09,-88,Tahap-2
01/13/2025,10,36,9,10:36:09,16,Tahap-2
01/13/2025,10,36,10,10:36:10,304,Tahap-2
01/13/2025,10,36,10,10:36:10,-208,Tahap-2
01/13/2025,10,36,10,10:36:10,56,Tahap-2
01/13/2025,10,36,10,10:36:10,176,Tahap-2
01/13/2025,10,36,10,10:36:10,152,Tahap-2
01/13/2025,10,36,10,10:36:10,-232,Tahap-2
01/13/2025,10,36,10,10:36:10,216,Tahap-2
01/13/2025,10,36,10,10:36:10,-88,Tahap-2
01/13/2025,10,36,10,10:36:10,-48,Tahap-2
01/13/2025,10,36,10,10:36:10,-136,Tahap-2
01/13/2025,10,36,11,10:36:11,-40,Tahap-2
01/13/2025,10,36,11,10:36:11,48,Tahap-2
01/13/2025,10,36,11,10:36:11,-80,Tahap-2
01/13/2025,10,36,11,10:36:11,-24,Tahap-2
01/13/2025,10,36,11,10:36:11,40,Tahap-2
01/13/2025,10,36,11,10:36:11,208,Tahap-2
01/13/2025,10,36,11,10:36:11,-200,Tahap-2
01/13/2025,10,36,11,10:36:11,-32,Tahap-2
01/13/2025,10,36,11,10:36:11,48,Tahap-2
01/13/2025,10,36,11,10:36:11,-280,Tahap-2
01/13/2025,10,36,12,10:36:12,8,Tahap-2
01/13/2025,10,36,12,10:36:12,-136,Tahap-2
01/13/2025,10,36,12,10:36:12,200,Tahap-2
01/13/2025,10,36,12,10:36:12,-232,Tahap-2
01/13/2025,10,36,12,10:36:12,80,Tahap-2
01/13/2025,10,36,12,10:36:12,-40,Tahap-2
01/13/2025,10,36,12,10:36:12,72,Tahap-2
01/13/2025,10,36,12,10:36:12,-112,Tahap-2
01/13/2025,10,36,12,10:36:12,-136,Tahap-2
01/13/2025,10,36,12,10:36:12,-16,Tahap-2
01/13/2025,10,36,13,10:36:13,-192,Tahap-2
01/13/2025,10,36,13,10:36:13,-136,Tahap-2
01/13/2025,10,36,13,10:36:13,-160,Tahap-2
01/13/2025,10,36,13,10:36:13,120,Tahap-2
01/13/2025,10,36,13,10:36:13,-112,Tahap-2
01/13/2025,10,36,13,10:36:13,-96,Tahap-2
01/13/2025,10,36,13,10:36:13,16,Tahap-2
01/13/2025,10,36,13,10:36:13,-16,Tahap-2
01/13/2025,10,36,13,10:36:13,-96,Tahap-2
01/13/2025,10,36,13,10:36:13,-168,Tahap-2
01/13/2025,10,36,14,10:36:14,-8,Tahap-2
01/13/2025,10,36,14,10:36:14,-208,Tahap-2
01/13/2025,10,36,14,10:36:14,-192,Tahap-2
01/13/2025,10,36,14,10:36:14,-240,Tahap-2
01/13/2025,10,36,14,10:36:14,104,Tahap-2
01/13/2025,10,36,14,10:36:14,-88,Tahap-2
01/13/2025,10,36,14,10:36:14,-224,Tahap-2
01/13/2025,10,36,14,10:36:14,16,Tahap-2
01/13/2025,10,36,14,10:36:14,16,Tahap-2
01/13/2025,10,36,14,10:36:14,-144,Tahap-2
01/13/2025,10,36,15,10:36:15,-200,Tahap-2
01/13/2025,10,36,15,10:36:15,128,Tahap-2
01/13/2025,10,36,15,10:36:15,-304,Tahap-2
01/13/2025,10,36,15,10:36:15,-24,Tahap-2
01/13/2025,10,36,15,10:36:15,-264,Tahap-2
01/13/2025,10,36,15,10:36:15,48,Tahap-2
01/13/2025,10,36,15,10:36:15,-40,Tahap-2
01/13/2025,10,36,15,10:36:15,-224,Tahap-2
01/13/2025,10,36,15,10:36:15,48,Tahap-2
01/13/2025,10,36,15,10:36:15,-56,Tahap-2
01/13/2025,10,36,16,10:36:16,-104,Tahap-2
01/13/2025,10,36,16,10:36:16,-216,Tahap-2
01/13/2025,10,36,16,10:36:16,16,Tahap-2
01/13/2025,10,36,16,10:36:16,-216,Tahap-2
01/13/2025,10,36,16,10:36:16,-216,Tahap-2
01/13/2025,10,36,16,10:36:16,-200,Tahap-2
01/13/2025,10,36,16,10:36:16,56,Tahap-2
01/13/2025,10,36,16,10:36:16,-192,Tahap-2
01/13/2025,10,36,16,10:36:16,-16,Tahap-2
01/13/2025,10,36,16,10:36:16,-32,Tahap-2
01/13/2025,10,36,17,10:36:17,-48,Tahap-2
01/13/2025,10,36,17,10:36:17,-48,Tahap-2
01/13/2025,10,36,17,10:36:17,-80,Tahap-2
01/13/2025,10,36,17,10:36:17,32,Tahap-2
01/13/2025,10,36,17,10:36:17,-296,Tahap-2
01/13/2025,10,36,17,10:36:17,-56,Tahap-2
01/13/2025,10,36,17,10:36:17,-16,Tahap-2
01/13/2025,10,36,17,10:36:17,-32,Tahap-2
01/13/2025,10,36,17,10:36:17,-72,Tahap-2
01/13/2025,10,36,18,10:36:18,128,Tahap-2
01/13/2025,10,36,18,10:36:18,-120,Tahap-2
01/13/2025,10,36,18,10:36:18,-40,Tahap-2
01/13/2025,10,36,18,10:36:18,-56,Tahap-2
01/13/2025,10,36,18,10:36:18,-160,Tahap-2
01/13/2025,10,36,18,10:36:18,-72,Tahap-2
01/13/2025,10,36,18,10:36:18,-88,Tahap-2
01/13/2025,10,36,18,10:36:18,-136,Tahap-2
01/13/2025,10,36,18,10:36:18,-168,Tahap-2
01/13/2025,10,36,19,10:36:19,-240,Tahap-2
01/13/2025,10,36,19,10:36:19,104,Tahap-2
01/13/2025,10,36,19,10:36:19,-216,Tahap-2
01/13/2025,10,36,19,10:36:19,72,Tahap-2
01/13/2025,10,36,19,10:36:19,-104,Tahap-2
01/13/2025,10,36,19,10:36:19,-112,Tahap-2
01/13/2025,10,36,19,10:36:19,-160,Tahap-2
01/13/2025,10,36,19,10:36:19,-144,Tahap-2
01/13/2025,10,36,19,10:36:19,40,Tahap-2
01/13/2025,10,36,19,10:36:19,-256,Tahap-2
01/13/2025,10,36,20,10:36:20,24,Tahap-2
01/13/2025,10,36,20,10:36:20,-120,Tahap-2
01/13/2025,10,36,20,10:36:20,88,Tahap-2
01/13/2025,10,36,20,10:36:20,24,Tahap-2
01/13/2025,10,36,20,10:36:20,-160,Tahap-2
01/13/2025,10,36,20,10:36:20,16,Tahap-2
01/13/2025,10,36,20,10:36:20,-80,Tahap-2
01/13/2025,10,36,20,10:36:20,-80,Tahap-2
01/13/2025,10,36,20,10:36:20,-328,Tahap-2
01/13/2025,10,36,20,10:36:20,80,Tahap-2
01/13/2025,10,36,21,10:36:21,-288,Tahap-2
01/13/2025,10,36,21,10:36:21,-136,Tahap-2
01/13/2025,10,36,21,10:36:21,-16,Tahap-2
01/13/2025,10,36,21,10:36:21,8,Tahap-2
01/13/2025,10,36,45,10:36:45,5299,Tahap-2
01/13/2025,10,36,45,10:36:45,1571,Tahap-2
01/13/2025,10,36,46,10:36:46,1117,Tahap-2
01/13/2025,10,36,46,10:36:46,845,Tahap-2
01/13/2025,10,36,46,10:36:46,718,Tahap-2
01/13/2025,10,36,46,10:36:46,498,Tahap-2
01/13/2025,10,36,46,10:36:46,583,Tahap-2
01/13/2025,10,36,46,10:36:46,326,Tahap-2
01/13/2025,10,36,46,10:36:46,297,Tahap-2
01/13/2025,10,36,46,10:36:46,233,Tahap-2
01/13/2025,10,36,46,10:36:46,236,Tahap-2
01/13/2025,10,36,46,10:36:46,306,Tahap-2
01/13/2025,10,36,47,10:36:47,164,Tahap-2
01/13/2025,10,36,47,10:36:47,190,Tahap-2
01/13/2025,10,36,47,10:36:47,158,Tahap-2
01/13/2025,10,36,47,10:36:47,171,Tahap-2
01/13/2025,10,36,47,10:36:47,249,Tahap-2
01/13/2025,10,36,47,10:36:47,159,Tahap-2
01/13/2025,10,36,47,10:36:47,80,Tahap-2
01/13/2025,10,36,47,10:36:47,63,Tahap-2
01/13/2025,10,36,47,10:36:47,171,Tahap-2
01/13/2025,10,36,47,10:36:47,115,Tahap-2
01/13/2025,10,36,48,10:36:48,541,Tahap-2
01/13/2025,10,36,48,10:36:48,283,Tahap-2
01/13/2025,10,36,48,10:36:48,265,Tahap-2
01/13/2025,10,36,48,10:36:48,156,Tahap-2
01/13/2025,10,36,48,10:36:48,127,Tahap-2
01/13/2025,10,36,48,10:36:48,39,Tahap-2
01/13/2025,10,36,48,10:36:48,150,Tahap-2
01/13/2025,10,36,48,10:36:48,220,Tahap-2
01/13/2025,10,36,48,10:36:48,187,Tahap-2
01/13/2025,10,36,48,10:36:48,114,Tahap-2
01/13/2025,10,36,49,10:36:49,138,Tahap-2
01/13/2025,10,36,49,10:36:49,199,Tahap-2
01/13/2025,10,36,49,10:36:49,62,Tahap-2
01/13/2025,10,36,49,10:36:49,37,Tahap-2
01/13/2025,10,36,49,10:36:49,123,Tahap-2
01/13/2025,10,36,49,10:36:49,120,Tahap-2
01/13/2025,10,36,49,10:36:49,111,Tahap-2
01/13/2025,10,36,49,10:36:49,162,Tahap-2
01/13/2025,10,36,49,10:36:49,142,Tahap-2
01/13/2025,10,36,49,10:36:49,64,Tahap-2
01/13/2025,10,36,50,10:36:50,257,Tahap-2
01/13/2025,10,36,50,10:36:50,132,Tahap-2
01/13/2025,10,36,50,10:36:50,33,Tahap-2
01/13/2025,10,36,50,10:36:50,110,Tahap-2
01/13/2025,10,36,50,10:36:50,71,Tahap-2
01/13/2025,10,36,50,10:36:50,142,Tahap-2
01/13/2025,10,36,50,10:36:50,38,Tahap-2
01/13/2025,10,36,50,10:36:50,75,Tahap-2
01/13/2025,10,36,50,10:36:50,142,Tahap-2
01/13/2025,10,36,50,10:36:50,24,Tahap-2
01/13/2025,10,36,51,10:36:51,93,Tahap-2
01/13/2025,10,36,51,10:36:51,200,Tahap-2
01/13/2025,10,36,51,10:36:51,35,Tahap-2
01/13/2025,10,36,51,10:36:51,171,Tahap-2
01/13/2025,10,36,51,10:36:51,80,Tahap-2
01/13/2025,10,36,51,10:36:51,106,Tahap-2
01/13/2025,10,36,51,10:36:51,100,Tahap-2
01/13/2025,10,36,51,10:36:51,178,Tahap-2
01/13/2025,10,36,51,10:36:51,183,Tahap-2
01/13/2025,10,36,51,10:36:51,52,Tahap-2
01/13/2025,10,36,52,10:36:52,60,Tahap-2
01/13/2025,10,36,52,10:36:52,160,Tahap-2
01/13/2025,10,36,52,10:36:52,121,Tahap-2
01/13/2025,10,36,52,10:36:52,270,Tahap-2
01/13/2025,10,36,52,10:36:52,626,Tahap-2
01/13/2025,10,36,52,10:36:52,1155,Tahap-2
01/13/2025,10,36,52,10:36:52,387,Tahap-2
01/13/2025,10,36,52,10:36:52,631,Tahap-2
01/13/2025,10,36,52,10:36:52,279,Tahap-2
01/13/2025,10,36,52,10:36:52,107,Tahap-2
01/13/2025,10,36,53,10:36:53,61,Tahap-2
01/13/2025,10,36,53,10:36:53,108,Tahap-2
01/13/2025,10,36,53,10:36:53,36,Tahap-2
01/13/2025,10,36,53,10:36:53,36,Tahap-2
01/13/2025,10,36,53,10:36:53,56,Tahap-2
01/13/2025,10,36,53,10:36:53,8,Tahap-2
01/13/2025,10,36,53,10:36:53,71,Tahap-2
01/13/2025,10,36,53,10:36:53,90,Tahap-2
01/13/2025,10,36,53,10:36:53,32,Tahap-2
01/13/2025,10,36,53,10:36:53,28,Tahap-2
01/13/2025,10,36,54,10:36:54,154,Tahap-2
01/13/2025,10,36,54,10:36:54,100,Tahap-2
01/13/2025,10,36,54,10:36:54,98,Tahap-2
01/13/2025,10,36,54,10:36:54,457,Tahap-2
01/13/2025,10,36,54,10:36:54,193,Tahap-2
01/13/2025,10,36,54,10:36:54,63,Tahap-2
01/13/2025,10,36,54,10:36:54,317,Tahap-2
01/13/2025,10,36,54,10:36:54,288,Tahap-2
01/13/2025,10,36,54,10:36:54,1147,Tahap-2
01/13/2025,10,36,54,10:36:54,111,Tahap-2
01/13/2025,10,36,56,10:36:56,32,Tahap-2
01/13/2025,10,36,56,10:36:56,216,Tahap-2
01/13/2025,10,36,56,10:36:56,276,Tahap-2
01/13/2025,10,36,56,10:36:56,131,Tahap-2
01/13/2025,10,36,56,10:36:56,104,Tahap-2
01/13/2025,10,36,56,10:36:56,37,Tahap-2
01/13/2025,10,36,56,10:36:56,188,Tahap-2
01/13/2025,10,36,56,10:36:56,37,Tahap-2
01/13/2025,10,36,56,10:36:56,51,Tahap-2
01/13/2025,10,36,56,10:36:56,107,Tahap-2
01/13/2025,10,36,56,10:36:56,142,Tahap-2
01/13/2025,10,36,56,10:36:56,63,Tahap-2
01/13/2025,10,36,56,10:36:56,84,Tahap-2
01/13/2025,10,36,56,10:36:56,202,Tahap-2
01/13/2025,10,36,56,10:36:56,232,Tahap-2
01/13/2025,10,36,56,10:36:56,270,Tahap-2
01/13/2025,10,36,56,10:36:56,514,Tahap-2
01/13/2025,10,36,56,10:36:56,130,Tahap-2
01/13/2025,10,36,56,10:36:56,586,Tahap-2
01/13/2025,10,36,56,10:36:56,336,Tahap-2
01/13/2025,10,36,57,10:36:57,426,Tahap-2
01/13/2025,10,36,57,10:36:57,1013,Tahap-2
01/13/2025,10,36,57,10:36:57,501,Tahap-2
01/13/2025,10,36,57,10:36:57,418,Tahap-2
01/13/2025,10,36,57,10:36:57,211,Tahap-2
01/13/2025,10,36,57,10:36:57,116,Tahap-2
01/13/2025,10,36,57,10:36:57,197,Tahap-2
01/13/2025,10,36,57,10:36:57,246,Tahap-2
01/13/2025,10,36,57,10:36:57,235,Tahap-2
01/13/2025,10,36,57,10:36:57,124,Tahap-2
01/13/2025,10,36,58,10:36:58,115,Tahap-2
01/13/2025,10,36,58,10:36:58,107,Tahap-2
01/13/2025,10,36,58,10:36:58,225,Tahap-2
01/13/2025,10,36,58,10:36:58,251,Tahap-2
01/13/2025,10,36,58,10:36:58,935,Tahap-2
01/13/2025,10,36,58,10:36:58,-24,Tahap-2
01/13/2025,10,36,58,10:36:58,200,Tahap-2
01/13/2025,10,36,58,10:36:58,24,Tahap-2
01/13/2025,10,36,58,10:36:58,116,Tahap-2
01/13/2025,10,36,59,10:36:59,52,Tahap-2
01/13/2025,10,36,59,10:36:59,-32,Tahap-2
01/13/2025,10,36,59,10:36:59,64,Tahap-2
01/13/2025,10,36,59,10:36:59,72,Tahap-2
01/13/2025,10,36,59,10:36:59,-36,Tahap-2
01/13/2025,10,36,59,10:36:59,44,Tahap-2
01/13/2025,10,36,59,10:36:59,-72,Tahap-2
01/13/2025,10,36,59,10:36:59,124,Tahap-2
01/13/2025,10,36,59,10:36:59,64,Tahap-2
01/13/2025,10,36,59,10:36:59,-96,Tahap-2
01/13/2025,10,37,1,10:37:01,32,Tahap-2
01/13/2025,10,37,1,10:37:01,40,Tahap-2
01/13/2025,10,37,1,10:37:01,-52,Tahap-2
01/13/2025,10,37,1,10:37:01,-100,Tahap-2
01/13/2025,10,37,1,10:37:01,52,Tahap-2
01/13/2025,10,37,1,10:37:01,-8,Tahap-2
01/13/2025,10,37,1,10:37:01,-132,Tahap-2
01/13/2025,10,37,1,10:37:01,-32,Tahap-2
01/13/2025,10,37,1,10:37:01,-128,Tahap-2
01/13/2025,10,37,1,10:37:01,124,Tahap-2
01/13/2025,10,37,2,10:37:02,-172,Tahap-2
01/13/2025,10,37,2,10:37:02,8,Tahap-2
01/13/2025,10,37,2,10:37:02,-60,Tahap-2
01/13/2025,10,37,2,10:37:02,44,Tahap-2
01/13/2025,10,37,2,10:37:02,-192,Tahap-2
01/13/2025,10,37,2,10:37:02,12,Tahap-2
01/13/2025,10,37,2,10:37:02,-104,Tahap-2
01/13/2025,10,37,2,10:37:02,-40,Tahap-2
01/13/2025,10,37,2,10:37:02,-172,Tahap-2
01/13/2025,10,37,2,10:37:02,-88,Tahap-2
01/13/2025,10,37,3,10:37:03,-16,Tahap-2
01/13/2025,10,37,3,10:37:03,-28,Tahap-2
01/13/2025,10,37,3,10:37:03,-176,Tahap-2
01/13/2025,10,37,3,10:37:03,44,Tahap-2
01/13/2025,10,37,3,10:37:03,-108,Tahap-2
01/13/2025,10,37,3,10:37:03,-76,Tahap-2
01/13/2025,10,37,3,10:37:03,-172,Tahap-2
01/13/2025,10,37,3,10:37:03,-76,Tahap-2
01/13/2025,10,37,3,10:37:03,-104,Tahap-2
01/13/2025,10,37,4,10:37:04,-228,Tahap-2
01/13/2025,10,37,4,10:37:04,-24,Tahap-2
01/13/2025,10,37,4,10:37:04,-80,Tahap-2
01/13/2025,10,37,4,10:37:04,-124,Tahap-2
01/13/2025,10,37,4,10:37:04,-156,Tahap-2
01/13/2025,10,37,4,10:37:04,48,Tahap-2
01/13/2025,10,37,4,10:37:04,-176,Tahap-2
01/13/2025,10,37,4,10:37:04,-84,Tahap-2
01/13/2025,10,37,4,10:37:04,-144,Tahap-2
01/13/2025,10,37,4,10:37:04,-120,Tahap-2
01/13/2025,10,37,5,10:37:05,-68,Tahap-2
01/13/2025,10,37,5,10:37:05,-180,Tahap-2
01/13/2025,10,37,5,10:37:05,-172,Tahap-2
01/13/2025,10,37,5,10:37:05,-120,Tahap-2
01/13/2025,10,37,5,10:37:05,-188,Tahap-2
01/13/2025,10,37,5,10:37:05,-52,Tahap-2
01/13/2025,10,37,5,10:37:05,-84,Tahap-2
01/13/2025,10,37,5,10:37:05,-224,Tahap-2
01/13/2025,10,37,5,10:37:05,-100,Tahap-2
01/13/2025,10,37,6,10:37:06,-220,Tahap-2
01/13/2025,10,37,6,10:37:06,-292,Tahap-2
01/13/2025,10,37,6,10:37:06,-60,Tahap-2
01/13/2025,10,37,6,10:37:06,-168,Tahap-2
01/13/2025,10,37,6,10:37:06,-52,Tahap-2
01/13/2025,10,37,6,10:37:06,-260,Tahap-2
01/13/2025,10,37,6,10:37:06,-116,Tahap-2
01/13/2025,10,37,6,10:37:06,-112,Tahap-2
01/13/2025,10,37,6,10:37:06,-232,Tahap-2
01/13/2025,10,37,7,10:37:07,-208,Tahap-2
01/13/2025,10,37,7,10:37:07,-212,Tahap-2
01/13/2025,10,37,7,10:37:07,-92,Tahap-2
01/13/2025,10,37,7,10:37:07,-148,Tahap-2
01/13/2025,10,37,7,10:37:07,-192,Tahap-2
01/13/2025,10,37,7,10:37:07,-100,Tahap-2
01/13/2025,10,37,7,10:37:07,-152,Tahap-2
01/13/2025,10,37,7,10:37:07,-164,Tahap-2
01/13/2025,10,37,7,10:37:07,-252,Tahap-2
01/13/2025,10,37,7,10:37:07,-88,Tahap-2
01/13/2025,10,37,8,10:37:08,-232,Tahap-2
01/13/2025,10,37,8,10:37:08,-200,Tahap-2
01/13/2025,10,37,8,10:37:08,-256,Tahap-2
01/13/2025,10,37,8,10:37:08,-108,Tahap-2
01/13/2025,10,37,8,10:37:08,-212,Tahap-2
01/13/2025,10,37,8,10:37:08,-212,Tahap-2
01/13/2025,10,37,8,10:37:08,-144,Tahap-2
01/13/2025,10,37,8,10:37:08,-164,Tahap-2
01/13/2025,10,37,8,10:37:08,-296,Tahap-2
01/13/2025,10,37,8,10:37:08,-200,Tahap-2
01/13/2025,10,37,9,10:37:09,-184,Tahap-2
01/13/2025,10,37,9,10:37:09,-224,Tahap-2
01/13/2025,10,37,9,10:37:09,-292,Tahap-2
01/13/2025,10,37,9,10:37:09,-292,Tahap-2
01/13/2025,10,37,9,10:37:09,-212,Tahap-2
01/13/2025,10,37,9,10:37:09,-228,Tahap-2
01/13/2025,10,37,9,10:37:09,-300,Tahap-2
01/13/2025,10,37,9,10:37:09,-184,Tahap-2
01/13/2025,10,37,9,10:37:09,-152,Tahap-2
01/13/2025,10,37,9,10:37:09,-288,Tahap-2
01/13/2025,10,37,10,10:37:10,-304,Tahap-2
01/13/2025,10,37,10,10:37:10,-140,Tahap-2
01/13/2025,10,37,10,10:37:10,-364,Tahap-2
01/13/2025,10,37,10,10:37:10,-252,Tahap-2
01/13/2025,10,37,10,10:37:10,-320,Tahap-2
01/13/2025,10,37,10,10:37:10,-156,Tahap-2
01/13/2025,10,37,10,10:37:10,-256,Tahap-2
01/13/2025,10,37,10,10:37:10,-312,Tahap-2
01/13/2025,10,37,10,10:37:10,-232,Tahap-2
01/13/2025,10,37,10,10:37:10,-164,Tahap-2
01/13/2025,10,37,11,10:37:11,-208,Tahap-2
01/13/2025,10,37,11,10:37:11,-376,Tahap-2
01/13/2025,10,37,11,10:37:11,-156,Tahap-2
01/13/2025,10,37,35,10:37:35,3007,Tahap-2
01/13/2025,10,37,35,10:37:35,498,Tahap-2
01/13/2025,10,37,35,10:37:35,316,Tahap-2
01/13/2025,10,37,36,10:37:36,180,Tahap-2
01/13/2025,10,37,36,10:37:36,175,Tahap-2
01/13/2025,10,37,36,10:37:36,146,Tahap-2
01/13/2025,10,37,36,10:37:36,177,Tahap-2
01/13/2025,10,37,36,10:37:36,215,Tahap-2
01/13/2025,10,37,36,10:37:36,105,Tahap-2
01/13/2025,10,37,36,10:37:36,156,Tahap-2
01/13/2025,10,37,36,10:37:36,76,Tahap-2
01/13/2025,10,37,36,10:37:36,157,Tahap-2
01/13/2025,10,37,36,10:37:36,127,Tahap-2
01/13/2025,10,37,37,10:37:37,161,Tahap-2
01/13/2025,10,37,37,10:37:37,40,Tahap-2
01/13/2025,10,37,37,10:37:37,23,Tahap-2
01/13/2025,10,37,37,10:37:37,147,Tahap-2
01/13/2025,10,37,37,10:37:37,58,Tahap-2
01/13/2025,10,37,37,10:37:37,121,Tahap-2
01/13/2025,10,37,37,10:37:37,85,Tahap-2
01/13/2025,10,37,37,10:37:37,128,Tahap-2
01/13/2025,10,37,37,10:37:37,110,Tahap-2
01/13/2025,10,37,37,10:37:37,772,Tahap-2
01/13/2025,10,37,38,10:37:38,93,Tahap-2
01/13/2025,10,37,38,10:37:38,52,Tahap-2
01/13/2025,10,37,38,10:37:38,73,Tahap-2
01/13/2025,10,37,38,10:37:38,145,Tahap-2
01/13/2025,10,37,38,10:37:38,53,Tahap-2
01/13/2025,10,37,38,10:37:38,75,Tahap-2
01/13/2025,10,37,38,10:37:38,189,Tahap-2
01/13/2025,10,37,38,10:37:38,23,Tahap-2
01/13/2025,10,37,38,10:37:38,47,Tahap-2
01/13/2025,10,37,38,10:37:38,52,Tahap-2
01/13/2025,10,37,39,10:37:39,81,Tahap-2
01/13/2025,10,37,39,10:37:39,93,Tahap-2
01/13/2025,10,37,39,10:37:39,82,Tahap-2
01/13/2025,10,37,39,10:37:39,65,Tahap-2
01/13/2025,10,37,39,10:37:39,53,Tahap-2
01/13/2025,10,37,39,10:37:39,32,Tahap-2
01/13/2025,10,37,39,10:37:39,94,Tahap-2
01/13/2025,10,37,39,10:37:39,131,Tahap-2
01/13/2025,10,37,39,10:37:39,79,Tahap-2
01/13/2025,10,37,39,10:37:39,151,Tahap-2
01/13/2025,10,37,40,10:37:40,56,Tahap-2
01/13/2025,10,37,40,10:37:40,163,Tahap-2
01/13/2025,10,37,40,10:37:40,191,Tahap-2
01/13/2025,10,37,40,10:37:40,126,Tahap-2
01/13/2025,10,37,40,10:37:40,138,Tahap-2
01/13/2025,10,37,40,10:37:40,77,Tahap-2
01/13/2025,10,37,40,10:37:40,80,Tahap-2
01/13/2025,10,37,40,10:37:40,79,Tahap-2
01/13/2025,10,37,40,10:37:40,10,Tahap-2
01/13/2025,10,37,40,10:37:40,92,Tahap-2
01/13/2025,10,37,41,10:37:41,84,Tahap-2
01/13/2025,10,37,41,10:37:41,39,Tahap-2
01/13/2025,10,37,41,10:37:41,46,Tahap-2
01/13/2025,10,37,41,10:37:41,61,Tahap-2
01/13/2025,10,37,41,10:37:41,93,Tahap-2
01/13/2025,10,37,41,10:37:41,50,Tahap-2
01/13/2025,10,37,41,10:37:41,73,Tahap-2
01/13/2025,10,37,41,10:37:41,63,Tahap-2
01/13/2025,10,37,41,10:37:41,188,Tahap-2
01/13/2025,10,37,41,10:37:41,22,Tahap-2
01/13/2025,10,37,42,10:37:42,29,Tahap-2
01/13/2025,10,37,42,10:37:42,189,Tahap-2
01/13/2025,10,37,42,10:37:42,410,Tahap-2
01/13/2025,10,37,42,10:37:42,345,Tahap-2
01/13/2025,10,37,42,10:37:42,1097,Tahap-2
01/13/2025,10,37,42,10:37:42,735,Tahap-2
01/13/2025,10,37,42,10:37:42,206,Tahap-2
01/13/2025,10,37,42,10:37:42,277,Tahap-2
01/13/2025,10,37,42,10:37:42,113,Tahap-2
01/13/2025,10,37,42,10:37:42,63,Tahap-2
01/13/2025,10,37,43,10:37:43,214,Tahap-2
01/13/2025,10,37,43,10:37:43,115,Tahap-2
01/13/2025,10,37,43,10:37:43,104,Tahap-2
01/13/2025,10,37,43,10:37:43,288,Tahap-2
01/13/2025,10,37,43,10:37:43,301,Tahap-2
01/13/2025,10,37,43,10:37:43,40,Tahap-2
01/13/2025,10,37,43,10:37:43,53,Tahap-2
01/13/2025,10,37,43,10:37:43,30,Tahap-2
01/13/2025,10,37,43,10:37:43,57,Tahap-2
01/13/2025,10,37,43,10:37:43,162,Tahap-2
01/13/2025,10,37,44,10:37:44,153,Tahap-2
01/13/2025,10,37,44,10:37:44,81,Tahap-2
01/13/2025,10,37,44,10:37:44,688,Tahap-2
01/13/2025,10,37,44,10:37:44,46,Tahap-2
01/13/2025,10,37,44,10:37:44,62,Tahap-2
01/13/2025,10,37,44,10:37:44,91,Tahap-2
01/13/2025,10,37,44,10:37:44,446,Tahap-2
01/13/2025,10,37,44,10:37:44,911,Tahap-2
01/13/2025,10,37,44,10:37:44,255,Tahap-2
01/13/2025,10,37,44,10:37:44,143,Tahap-2
01/13/2025,10,37,45,10:37:45,326,Tahap-2
01/13/2025,10,37,45,10:37:45,214,Tahap-2
01/13/2025,10,37,45,10:37:45,144,Tahap-2
01/13/2025,10,37,45,10:37:45,220,Tahap-2
01/13/2025,10,37,45,10:37:45,257,Tahap-2
01/13/2025,10,37,45,10:37:45,142,Tahap-2
01/13/2025,10,37,45,10:37:45,73,Tahap-2
01/13/2025,10,37,45,10:37:45,207,Tahap-2
01/13/2025,10,37,45,10:37:45,45,Tahap-2
01/13/2025,10,37,45,10:37:45,68,Tahap-2
01/13/2025,10,37,46,10:37:46,79,Tahap-2
01/13/2025,10,37,46,10:37:46,103,Tahap-2
01/13/2025,10,37,46,10:37:46,267,Tahap-2
01/13/2025,10,37,46,10:37:46,258,Tahap-2
01/13/2025,10,37,46,10:37:46,124,Tahap-2
01/13/2025,10,37,46,10:37:46,412,Tahap-2
01/13/2025,10,37,46,10:37:46,191,Tahap-2
01/13/2025,10,37,46,10:37:46,117,Tahap-2
01/13/2025,10,37,46,10:37:46,210,Tahap-2
01/13/2025,10,37,46,10:37:46,454,Tahap-2
01/13/2025,10,37,47,10:37:47,1174,Tahap-2
01/13/2025,10,37,47,10:37:47,526,Tahap-2
01/13/2025,10,37,47,10:37:47,171,Tahap-2
01/13/2025,10,37,47,10:37:47,159,Tahap-2
01/13/2025,10,37,47,10:37:47,188,Tahap-2
01/13/2025,10,37,47,10:37:47,188,Tahap-2
01/13/2025,10,37,47,10:37:47,96,Tahap-2
01/13/2025,10,37,47,10:37:47,343,Tahap-2
01/13/2025,10,37,47,10:37:47,227,Tahap-2
01/13/2025,10,37,47,10:37:47,200,Tahap-2
01/13/2025,10,37,48,10:37:48,135,Tahap-2
01/13/2025,10,37,48,10:37:48,250,Tahap-2
01/13/2025,10,37,48,10:37:48,25,Tahap-2
01/13/2025,10,37,48,10:37:48,555,Tahap-2
01/13/2025,10,37,48,10:37:48,8,Tahap-2
01/13/2025,10,37,48,10:37:48,128,Tahap-2
01/13/2025,10,37,48,10:37:48,224,Tahap-2
01/13/2025,10,37,48,10:37:48,-88,Tahap-2
01/13/2025,10,37,48,10:37:48,368,Tahap-2
01/13/2025,10,37,48,10:37:48,208,Tahap-2
01/13/2025,10,37,49,10:37:49,160,Tahap-2
01/13/2025,10,37,49,10:37:49,232,Tahap-2
01/13/2025,10,37,49,10:37:49,144,Tahap-2
01/13/2025,10,37,49,10:37:49,232,Tahap-2
01/13/2025,10,37,49,10:37:49,56,Tahap-2
01/13/2025,10,37,49,10:37:49,144,Tahap-2
01/13/2025,10,37,49,10:37:49,248,Tahap-2
01/13/2025,10,37,49,10:37:49,8,Tahap-2
01/13/2025,10,37,49,10:37:49,440,Tahap-2
01/13/2025,10,37,50,10:37:50,176,Tahap-2
01/13/2025,10,37,50,10:37:50,136,Tahap-2
01/13/2025,10,37,50,10:37:50,240,Tahap-2
01/13/2025,10,37,50,10:37:50,288,Tahap-2
01/13/2025,10,37,50,10:37:50,56,Tahap-2
01/13/2025,10,37,50,10:37:50,296,Tahap-2
01/13/2025,10,37,50,10:37:50,184,Tahap-2
01/13/2025,10,37,50,10:37:50,48,Tahap-2
01/13/2025,10,37,50,10:37:50,56,Tahap-2
01/13/2025,10,37,50,10:37:50,64,Tahap-2
01/13/2025,10,37,51,10:37:51,360,Tahap-2
01/13/2025,10,37,51,10:37:51,160,Tahap-2
01/13/2025,10,37,51,10:37:51,128,Tahap-2
01/13/2025,10,37,51,10:37:51,416,Tahap-2
01/13/2025,10,37,51,10:37:51,104,Tahap-2
01/13/2025,10,37,51,10:37:51,208,Tahap-2
01/13/2025,10,37,51,10:37:51,176,Tahap-2
01/13/2025,10,37,51,10:37:51,264,Tahap-2
01/13/2025,10,37,51,10:37:51,56,Tahap-2
01/13/2025,10,37,51,10:37:51,88,Tahap-2
01/13/2025,10,37,52,10:37:52,328,Tahap-2
01/13/2025,10,37,52,10:37:52,312,Tahap-2
01/13/2025,10,37,52,10:37:52,-24,Tahap-2
01/13/2025,10,37,52,10:37:52,304,Tahap-2
01/13/2025,10,37,52,10:37:52,152,Tahap-2
01/13/2025,10,37,52,10:37:52,64,Tahap-2
01/13/2025,10,37,52,10:37:52,104,Tahap-2
01/13/2025,10,37,52,10:37:52,152,Tahap-2
01/13/2025,10,37,52,10:37:52,112,Tahap-2
01/13/2025,10,37,53,10:37:53,24,Tahap-2
01/13/2025,10,37,53,10:37:53,168,Tahap-2
01/13/2025,10,37,53,10:37:53,176,Tahap-2
01/13/2025,10,37,53,10:37:53,280,Tahap-2
01/13/2025,10,37,53,10:37:53,-8,Tahap-2
01/13/2025,10,37,53,10:37:53,312,Tahap-2
01/13/2025,10,37,53,10:37:53,240,Tahap-2
01/13/2025,10,37,53,10:37:53,88,Tahap-2
01/13/2025,10,37,53,10:37:53,-48,Tahap-2
01/13/2025,10,37,53,10:37:53,368,Tahap-2
01/13/2025,10,37,53,10:37:53,-24,Tahap-2
01/13/2025,10,37,54,10:37:54,136,Tahap-2
01/13/2025,10,37,54,10:37:54,104,Tahap-2
01/13/2025,10,37,54,10:37:54,160,Tahap-2
01/13/2025,10,37,54,10:37:54,224,Tahap-2
01/13/2025,10,37,54,10:37:54,24,Tahap-2
01/13/2025,10,37,54,10:37:54,96,Tahap-2
01/13/2025,10,37,54,10:37:54,176,Tahap-2
01/13/2025,10,37,54,10:37:54,248,Tahap-2
01/13/2025,10,37,54,10:37:54,-88,Tahap-2
01/13/2025,10,37,54,10:37:54,192,Tahap-2
01/13/2025,10,37,56,10:37:56,168,Tahap-2
01/13/2025,10,37,56,10:37:56,-80,Tahap-2
01/13/2025,10,37,56,10:37:56,88,Tahap-2
01/13/2025,10,37,56,10:37:56,-8,Tahap-2
01/13/2025,10,37,56,10:37:56,392,Tahap-2
01/13/2025,10,37,56,10:37:56,-88,Tahap-2
01/13/2025,10,37,56,10:37:56,136,Tahap-2
01/13/2025,10,37,56,10:37:56,232,Tahap-2
01/13/2025,10,37,56,10:37:56,128,Tahap-2
01/13/2025,10,37,56,10:37:56,40,Tahap-2
01/13/2025,10,37,56,10:37:56,-64,Tahap-2
01/13/2025,10,37,56,10:37:56,224,Tahap-2
01/13/2025,10,37,56,10:37:56,-152,Tahap-2
01/13/2025,10,37,56,10:37:56,48,Tahap-2
01/13/2025,10,37,56,10:37:56,336,Tahap-2
01/13/2025,10,37,56,10:37:56,-48,Tahap-2
01/13/2025,10,37,56,10:37:56,16,Tahap-2
01/13/2025,10,37,56,10:37:56,160,Tahap-2
01/13/2025,10,37,56,10:37:56,104,Tahap-2
01/13/2025,10,37,57,10:37:57,-48,Tahap-2
01/13/2025,10,37,57,10:37:57,88,Tahap-2
01/13/2025,10,37,57,10:37:57,8,Tahap-2
01/13/2025,10,37,57,10:37:57,-16,Tahap-2
01/13/2025,10,37,57,10:37:57,-24,Tahap-2
01/13/2025,10,37,57,10:37:57,-184,Tahap-2
01/13/2025,10,37,57,10:37:57,144,Tahap-2
01/13/2025,10,37,57,10:37:57,-8,Tahap-2
01/13/2025,10,37,57,10:37:57,-160,Tahap-2
01/13/2025,10,37,57,10:37:57,136,Tahap-2
01/13/2025,10,37,58,10:37:58,72,Tahap-2
01/13/2025,10,37,58,10:37:58,-112,Tahap-2
01/13/2025,10,37,58,10:37:58,-144,Tahap-2
01/13/2025,10,37,58,10:37:58,96,Tahap-2
01/13/2025,10,37,58,10:37:58,-200,Tahap-2
01/13/2025,10,37,58,10:37:58,-88,Tahap-2
01/13/2025,10,37,58,10:37:58,-232,Tahap-2
01/13/2025,10,37,58,10:37:58,-16,Tahap-2
01/13/2025,10,37,58,10:37:58,64,Tahap-2
01/13/2025,10,37,58,10:37:58,-168,Tahap-2
01/13/2025,10,37,59,10:37:59,40,Tahap-2
01/13/2025,10,37,59,10:37:59,72,Tahap-2
01/13/2025,10,37,59,10:37:59,-112,Tahap-2
01/13/2025,10,37,59,10:37:59,-264,Tahap-2
01/13/2025,10,37,59,10:37:59,24,Tahap-2
01/13/2025,10,37,59,10:37:59,-104,Tahap-2
01/13/2025,10,37,59,10:37:59,-240,Tahap-2
01/13/2025,10,37,59,10:37:59,-136,Tahap-2
01/13/2025,10,37,59,10:37:59,-176,Tahap-2
01/13/2025,10,37,59,10:37:59,176,Tahap-2
01/13/2025,10,38,1,10:38:01,56,Tahap-2
01/13/2025,10,38,1,10:38:01,-248,Tahap-2
01/13/2025,10,38,26,10:38:26,1945,Tahap-2
01/13/2025,10,38,26,10:38:26,751,Tahap-2
01/13/2025,10,38,26,10:38:26,321,Tahap-2
01/13/2025,10,38,26,10:38:26,179,Tahap-2
01/13/2025,10,38,26,10:38:26,285,Tahap-2
01/13/2025,10,38,26,10:38:26,90,Tahap-2
01/13/2025,10,38,26,10:38:26,149,Tahap-2
01/13/2025,10,38,26,10:38:26,230,Tahap-2
01/13/2025,10,38,26,10:38:26,170,Tahap-2
01/13/2025,10,38,26,10:38:26,108,Tahap-2
01/13/2025,10,38,26,10:38:26,306,Tahap-2
01/13/2025,10,38,26,10:38:26,113,Tahap-2
01/13/2025,10,38,26,10:38:26,151,Tahap-2
01/13/2025,10,38,26,10:38:26,90,Tahap-2
01/13/2025,10,38,27,10:38:27,3,Tahap-2
01/13/2025,10,38,27,10:38:27,40,Tahap-2
01/13/2025,10,38,27,10:38:27,66,Tahap-2
01/13/2025,10,38,27,10:38:27,74,Tahap-2
01/13/2025,10,38,27,10:38:27,195,Tahap-2
01/13/2025,10,38,27,10:38:27,86,Tahap-2
01/13/2025,10,38,27,10:38:27,76,Tahap-2
01/13/2025,10,38,27,10:38:27,202,Tahap-2
01/13/2025,10,38,27,10:38:27,643,Tahap-2
01/13/2025,10,38,27,10:38:27,205,Tahap-2
01/13/2025,10,38,28,10:38:28,102,Tahap-2
01/13/2025,10,38,28,10:38:28,169,Tahap-2
01/13/2025,10,38,28,10:38:28,64,Tahap-2
01/13/2025,10,38,28,10:38:28,41,Tahap-2
01/13/2025,10,38,28,10:38:28,96,Tahap-2
01/13/2025,10,38,28,10:38:28,162,Tahap-2
01/13/2025,10,38,28,10:38:28,111,Tahap-2
01/13/2025,10,38,28,10:38:28,59,Tahap-2
01/13/2025,10,38,28,10:38:28,47,Tahap-2
01/13/2025,10,38,28,10:38:28,57,Tahap-2
01/13/2025,10,38,29,10:38:29,34,Tahap-2
01/13/2025,10,38,29,10:38:29,37,Tahap-2
01/13/2025,10,38,29,10:38:29,80,Tahap-2
01/13/2025,10,38,29,10:38:29,41,Tahap-2
01/13/2025,10,38,29,10:38:29,27,Tahap-2
01/13/2025,10,38,29,10:38:29,103,Tahap-2
01/13/2025,10,38,29,10:38:29,32,Tahap-2
01/13/2025,10,38,29,10:38:29,96,Tahap-2
01/13/2025,10,38,29,10:38:29,142,Tahap-2
01/13/2025,10,38,29,10:38:29,51,Tahap-2
01/13/2025,10,38,30,10:38:30,45,Tahap-2
01/13/2025,10,38,30,10:38:30,139,Tahap-2
01/13/2025,10,38,30,10:38:30,160,Tahap-2
01/13/2025,10,38,30,10:38:30,40,Tahap-2
01/13/2025,10,38,30,10:38:30,45,Tahap-2
01/13/2025,10,38,30,10:38:30,26,Tahap-2
01/13/2025,10,38,30,10:38:30,115,Tahap-2
01/13/2025,10,38,30,10:38:30,29,Tahap-2
01/13/2025,10,38,30,10:38:30,74,Tahap-2
01/13/2025,10,38,30,10:38:30,57,Tahap-2
01/13/2025,10,38,31,10:38:31,35,Tahap-2
01/13/2025,10,38,31,10:38:31,78,Tahap-2
01/13/2025,10,38,31,10:38:31,54,Tahap-2
01/13/2025,10,38,31,10:38:31,119,Tahap-2
01/13/2025,10,38,31,10:38:31,77,Tahap-2
01/13/2025,10,38,31,10:38:31,32,Tahap-2
01/13/2025,10,38,31,10:38:31,57,Tahap-2
01/13/2025,10,38,31,10:38:31,126,Tahap-2
01/13/2025,10,38,31,10:38:31,121,Tahap-2
01/13/2025,10,38,31,10:38:31,113,Tahap-2
01/13/2025,10,38,32,10:38:32,61,Tahap-2
01/13/2025,10,38,32,10:38:32,228,Tahap-2
01/13/2025,10,38,32,10:38:32,549,Tahap-2
01/13/2025,10,38,32,10:38:32,773,Tahap-2
01/13/2025,10,38,32,10:38:32,195,Tahap-2
01/13/2025,10,38,32,10:38:32,803,Tahap-2
01/13/2025,10,38,32,10:38:32,151,Tahap-2
01/13/2025,10,38,32,10:38:32,194,Tahap-2
01/13/2025,10,38,32,10:38:32,97,Tahap-2
01/13/2025,10,38,32,10:38:32,90,Tahap-2
01/13/2025,10,38,33,10:38:33,175,Tahap-2
01/13/2025,10,38,33,10:38:33,98,Tahap-2
01/13/2025,10,38,33,10:38:33,146,Tahap-2
01/13/2025,10,38,33,10:38:33,148,Tahap-2
01/13/2025,10,38,33,10:38:33,98,Tahap-2
01/13/2025,10,38,33,10:38:33,43,Tahap-2
01/13/2025,10,38,33,10:38:33,106,Tahap-2
01/13/2025,10,38,33,10:38:33,52,Tahap-2
01/13/2025,10,38,33,10:38:33,52,Tahap-2
01/13/2025,10,38,33,10:38:33,167,Tahap-2
01/13/2025,10,38,34,10:38:34,79,Tahap-2
01/13/2025,10,38,34,10:38:34,92,Tahap-2
01/13/2025,10,38,34,10:38:34,432,Tahap-2
01/13/2025,10,38,34,10:38:34,465,Tahap-2
01/13/2025,10,38,34,10:38:34,334,Tahap-2
01/13/2025,10,38,34,10:38:34,449,Tahap-2
01/13/2025,10,38,34,10:38:34,507,Tahap-2
01/13/2025,10,38,34,10:38:34,378,Tahap-2
01/13/2025,10,38,34,10:38:34,327,Tahap-2
01/13/2025,10,38,34,10:38:34,173,Tahap-2
01/13/2025,10,38,35,10:38:35,128,Tahap-2
01/13/2025,10,38,35,10:38:35,205,Tahap-2
01/13/2025,10,38,35,10:38:35,128,Tahap-2
01/13/2025,10,38,35,10:38:35,64,Tahap-2
01/13/2025,10,38,35,10:38:35,92,Tahap-2
01/13/2025,10,38,35,10:38:35,110,Tahap-2
01/13/2025,10,38,35,10:38:35,142,Tahap-2
01/13/2025,10,38,35,10:38:35,216,Tahap-2
01/13/2025,10,38,35,10:38:35,66,Tahap-2
01/13/2025,10,38,35,10:38:35,176,Tahap-2
01/13/2025,10,38,36,10:38:36,93,Tahap-2
01/13/2025,10,38,36,10:38:36,162,Tahap-2
01/13/2025,10,38,36,10:38:36,175,Tahap-2
01/13/2025,10,38,36,10:38:36,209,Tahap-2
01/13/2025,10,38,36,10:38:36,283,Tahap-2
01/13/2025,10,38,36,10:38:36,179,Tahap-2
01/13/2025,10,38,36,10:38:36,527,Tahap-2
01/13/2025,10,38,36,10:38:36,346,Tahap-2
01/13/2025,10,38,36,10:38:36,374,Tahap-2
01/13/2025,10,38,36,10:38:36,599,Tahap-2
01/13/2025,10,38,37,10:38:37,990,Tahap-2
01/13/2025,10,38,37,10:38:37,464,Tahap-2
01/13/2025,10,38,37,10:38:37,291,Tahap-2
01/13/2025,10,38,37,10:38:37,64,Tahap-2
01/13/2025,10,38,37,10:38:37,74,Tahap-2
01/13/2025,10,38,37,10:38:37,237,Tahap-2
01/13/2025,10,38,37,10:38:37,363,Tahap-2
01/13/2025,10,38,37,10:38:37,34,Tahap-2
01/13/2025,10,38,37,10:38:37,83,Tahap-2
01/13/2025,10,38,37,10:38:37,90,Tahap-2
01/13/2025,10,38,38,10:38:38,92,Tahap-2
01/13/2025,10,38,38,10:38:38,219,Tahap-2
01/13/2025,10,38,38,10:38:38,116,Tahap-2
01/13/2025,10,38,38,10:38:38,-72,Tahap-2
01/13/2025,10,38,38,10:38:38,192,Tahap-2
01/13/2025,10,38,38,10:38:38,-40,Tahap-2
01/13/2025,10,38,38,10:38:38,40,Tahap-2
01/13/2025,10,38,38,10:38:38,88,Tahap-2
01/13/2025,10,38,38,10:38:38,136,Tahap-2
01/13/2025,10,38,38,10:38:38,-112,Tahap-2
01/13/2025,10,38,39,10:38:39,-48,Tahap-2
01/13/2025,10,38,39,10:38:39,104,Tahap-2
01/13/2025,10,38,39,10:38:39,-176,Tahap-2
01/13/2025,10,38,39,10:38:39,-120,Tahap-2
01/13/2025,10,38,39,10:38:39,-48,Tahap-2
01/13/2025,10,38,39,10:38:39,88,Tahap-2
01/13/2025,10,38,39,10:38:39,-96,Tahap-2
01/13/2025,10,38,39,10:38:39,56,Tahap-2
01/13/2025,10,38,39,10:38:39,48,Tahap-2
01/13/2025,10,38,40,10:38:40,-48,Tahap-2
01/13/2025,10,38,40,10:38:40,-120,Tahap-2
01/13/2025,10,38,40,10:38:40,88,Tahap-2
01/13/2025,10,38,40,10:38:40,-192,Tahap-2
01/13/2025,10,38,40,10:38:40,-88,Tahap-2
01/13/2025,10,38,40,10:38:40,-160,Tahap-2
01/13/2025,10,38,40,10:38:40,128,Tahap-2
01/13/2025,10,38,40,10:38:40,-88,Tahap-2
01/13/2025,10,38,40,10:38:40,-128,Tahap-2
01/13/2025,10,38,40,10:38:40,136,Tahap-2
01/13/2025,10,38,41,10:38:41,-80,Tahap-2
01/13/2025,10,38,41,10:38:41,64,Tahap-2
01/13/2025,10,38,41,10:38:41,-296,Tahap-2
01/13/2025,10,38,41,10:38:41,80,Tahap-2
01/13/2025,10,38,41,10:38:41,-160,Tahap-2
01/13/2025,10,38,41,10:38:41,-200,Tahap-2
01/13/2025,10,38,41,10:38:41,-288,Tahap-2
01/13/2025,10,38,41,10:38:41,176,Tahap-2
01/13/2025,10,38,41,10:38:41,-224,Tahap-2
01/13/2025,10,38,41,10:38:41,16,Tahap-2
01/13/2025,10,38,42,10:38:42,96,Tahap-2
01/13/2025,10,38,42,10:38:42,-112,Tahap-2
01/13/2025,10,38,42,10:38:42,-56,Tahap-2
01/13/2025,10,38,42,10:38:42,-40,Tahap-2
01/13/2025,10,38,42,10:38:42,-72,Tahap-2
01/13/2025,10,38,42,10:38:42,-64,Tahap-2
01/13/2025,10,38,42,10:38:42,-200,Tahap-2
01/13/2025,10,38,42,10:38:42,-152,Tahap-2
01/13/2025,10,38,42,10:38:42,24,Tahap-2
01/13/2025,10,38,42,10:38:42,-48,Tahap-2
01/13/2025,10,38,42,10:38:42,-88,Tahap-2
01/13/2025,10,38,43,10:38:43,-16,Tahap-2
01/13/2025,10,38,43,10:38:43,-200,Tahap-2
01/13/2025,10,38,43,10:38:43,-16,Tahap-2
01/13/2025,10,38,43,10:38:43,-136,Tahap-2
01/13/2025,10,38,43,10:38:43,-56,Tahap-2
01/13/2025,10,38,43,10:38:43,-240,Tahap-2
01/13/2025,10,38,43,10:38:43,40,Tahap-2
01/13/2025,10,38,43,10:38:43,-240,Tahap-2
01/13/2025,10,38,43,10:38:43,-120,Tahap-2
01/13/2025,10,38,43,10:38:43,-104,Tahap-2
01/13/2025,10,38,44,10:38:44,-88,Tahap-2
01/13/2025,10,38,44,10:38:44,-80,Tahap-2
01/13/2025,10,38,44,10:38:44,-208,Tahap-2
01/13/2025,10,38,44,10:38:44,-24,Tahap-2
01/13/2025,10,38,44,10:38:44,-112,Tahap-2
01/13/2025,10,38,44,10:38:44,-24,Tahap-2
01/13/2025,10,38,44,10:38:44,-320,Tahap-2
01/13/2025,10,38,44,10:38:44,-136,Tahap-2
01/13/2025,10,38,44,10:38:44,-144,Tahap-2
01/13/2025,10,38,44,10:38:44,-248,Tahap-2
01/13/2025,10,38,45,10:38:45,48,Tahap-2
01/13/2025,10,38,45,10:38:45,-288,Tahap-2
01/13/2025,10,38,45,10:38:45,224,Tahap-2
01/13/2025,10,38,45,10:38:45,-328,Tahap-2
01/13/2025,10,38,45,10:38:45,16,Tahap-2
01/13/2025,10,38,45,10:38:45,-192,Tahap-2
01/13/2025,10,38,45,10:38:45,40,Tahap-2
01/13/2025,10,38,45,10:38:45,-328,Tahap-2
01/13/2025,10,38,45,10:38:45,-232,Tahap-2
01/13/2025,10,38,45,10:38:45,-8,Tahap-2
01/13/2025,10,38,46,10:38:46,-344,Tahap-2
01/13/2025,10,38,46,10:38:46,-56,Tahap-2
01/13/2025,10,38,46,10:38:46,-224,Tahap-2
01/13/2025,10,38,46,10:38:46,72,Tahap-2
01/13/2025,10,38,46,10:38:46,-240,Tahap-2
01/13/2025,10,38,46,10:38:46,-120,Tahap-2
01/13/2025,10,38,46,10:38:46,-112,Tahap-2
01/13/2025,10,38,46,10:38:46,-104,Tahap-2
01/13/2025,10,38,46,10:38:46,-240,Tahap-2
01/13/2025,10,38,46,10:38:46,-264,Tahap-2
01/13/2025,10,38,47,10:38:47,-80,Tahap-2
01/13/2025,10,38,47,10:38:47,-232,Tahap-2
01/13/2025,10,38,47,10:38:47,-216,Tahap-2
01/13/2025,10,38,47,10:38:47,-128,Tahap-2
01/13/2025,10,38,47,10:38:47,32,Tahap-2
01/13/2025,10,38,47,10:38:47,-224,Tahap-2
01/13/2025,10,38,47,10:38:47,-16,Tahap-2
01/13/2025,10,38,47,10:38:47,-104,Tahap-2
01/13/2025,10,38,47,10:38:47,-152,Tahap-2
01/13/2025,10,38,48,10:38:48,-280,Tahap-2
01/13/2025,10,38,48,10:38:48,-176,Tahap-2
01/13/2025,10,38,48,10:38:48,-32,Tahap-2
01/13/2025,10,38,48,10:38:48,-328,Tahap-2
01/13/2025,10,38,48,10:38:48,-104,Tahap-2
01/13/2025,10,38,48,10:38:48,72,Tahap-2
01/13/2025,10,38,48,10:38:48,-216,Tahap-2
01/13/2025,10,38,48,10:38:48,-48,Tahap-2
01/13/2025,10,38,48,10:38:48,-56,Tahap-2
01/13/2025,10,38,49,10:38:49,-120,Tahap-2
01/13/2025,10,38,49,10:38:49,-112,Tahap-2
01/13/2025,10,38,49,10:38:49,-144,Tahap-2
01/13/2025,10,38,49,10:38:49,-88,Tahap-2
01/13/2025,10,38,49,10:38:49,-16,Tahap-2
01/13/2025,10,38,49,10:38:49,-160,Tahap-2
01/13/2025,10,38,49,10:38:49,64,Tahap-2
01/13/2025,10,38,49,10:38:49,-200,Tahap-2
01/13/2025,10,38,49,10:38:49,-64,Tahap-2
01/13/2025,10,38,49,10:38:49,64,Tahap-2
01/13/2025,10,38,50,10:38:50,-104,Tahap-2
01/13/2025,10,38,50,10:38:50,-104,Tahap-2
01/13/2025,10,38,50,10:38:50,-40,Tahap-2
01/13/2025,10,38,50,10:38:50,-112,Tahap-2
01/13/2025,10,38,50,10:38:50,-56,Tahap-2
01/13/2025,10,38,50,10:38:50,-184,Tahap-2
01/13/2025,10,38,50,10:38:50,-120,Tahap-2
01/13/2025,10,38,50,10:38:50,24,Tahap-2
01/13/2025,10,38,50,10:38:50,-200,Tahap-2
01/13/2025,10,38,50,10:38:50,-40,Tahap-2
01/13/2025,10,38,51,10:38:51,24,Tahap-2
01/13/2025,10,39,15,10:39:15,6518,Tahap-2
01/13/2025,10,39,15,10:39:15,2950,Tahap-2
01/13/2025,10,39,15,10:39:15,2062,Tahap-2
01/13/2025,10,39,15,10:39:15,1610,Tahap-2
01/13/2025,10,39,15,10:39:15,1002,Tahap-2
01/13/2025,10,39,16,10:39:16,1000,Tahap-2
01/13/2025,10,39,16,10:39:16,903,Tahap-2
01/13/2025,10,39,16,10:39:16,662,Tahap-2
01/13/2025,10,39,16,10:39:16,602,Tahap-2
01/13/2025,10,39,16,10:39:16,489,Tahap-2
01/13/2025,10,39,16,10:39:16,499,Tahap-2
01/13/2025,10,39,16,10:39:16,509,Tahap-2
01/13/2025,10,39,16,10:39:16,417,Tahap-2
01/13/2025,10,39,16,10:39:16,356,Tahap-2
01/13/2025,10,39,16,10:39:16,345,Tahap-2
01/13/2025,10,39,17,10:39:17,455,Tahap-2
01/13/2025,10,39,17,10:39:17,330,Tahap-2
01/13/2025,10,39,17,10:39:17,326,Tahap-2
01/13/2025,10,39,17,10:39:17,259,Tahap-2
01/13/2025,10,39,17,10:39:17,277,Tahap-2
01/13/2025,10,39,17,10:39:17,484,Tahap-2
01/13/2025,10,39,17,10:39:17,482,Tahap-2
01/13/2025,10,39,17,10:39:17,670,Tahap-2
01/13/2025,10,39,17,10:39:17,272,Tahap-2
01/13/2025,10,39,17,10:39:17,143,Tahap-2
01/13/2025,10,39,18,10:39:18,158,Tahap-2
01/13/2025,10,39,18,10:39:18,206,Tahap-2
01/13/2025,10,39,18,10:39:18,299,Tahap-2
01/13/2025,10,39,18,10:39:18,217,Tahap-2
01/13/2025,10,39,18,10:39:18,210,Tahap-2
01/13/2025,10,39,18,10:39:18,261,Tahap-2
01/13/2025,10,39,18,10:39:18,172,Tahap-2
01/13/2025,10,39,18,10:39:18,147,Tahap-2
01/13/2025,10,39,18,10:39:18,88,Tahap-2
01/13/2025,10,39,18,10:39:18,135,Tahap-2
01/13/2025,10,39,19,10:39:19,184,Tahap-2
01/13/2025,10,39,19,10:39:19,130,Tahap-2
01/13/2025,10,39,19,10:39:19,156,Tahap-2
01/13/2025,10,39,19,10:39:19,40,Tahap-2
01/13/2025,10,39,19,10:39:19,185,Tahap-2
01/13/2025,10,39,19,10:39:19,106,Tahap-2
01/13/2025,10,39,19,10:39:19,204,Tahap-2
01/13/2025,10,39,19,10:39:19,263,Tahap-2
01/13/2025,10,39,19,10:39:19,171,Tahap-2
01/13/2025,10,39,19,10:39:19,143,Tahap-2
01/13/2025,10,39,20,10:39:20,191,Tahap-2
01/13/2025,10,39,20,10:39:20,149,Tahap-2
01/13/2025,10,39,20,10:39:20,182,Tahap-2
01/13/2025,10,39,20,10:39:20,61,Tahap-2
01/13/2025,10,39,20,10:39:20,189,Tahap-2
01/13/2025,10,39,20,10:39:20,130,Tahap-2
01/13/2025,10,39,20,10:39:20,77,Tahap-2
01/13/2025,10,39,20,10:39:20,56,Tahap-2
01/13/2025,10,39,20,10:39:20,74,Tahap-2
01/13/2025,10,39,20,10:39:20,153,Tahap-2
01/13/2025,10,39,21,10:39:21,81,Tahap-2
01/13/2025,10,39,21,10:39:21,79,Tahap-2
01/13/2025,10,39,21,10:39:21,102,Tahap-2
01/13/2025,10,39,21,10:39:21,29,Tahap-2
01/13/2025,10,39,21,10:39:21,181,Tahap-2
01/13/2025,10,39,21,10:39:21,194,Tahap-2
01/13/2025,10,39,21,10:39:21,13,Tahap-2
01/13/2025,10,39,21,10:39:21,116,Tahap-2
01/13/2025,10,39,21,10:39:21,45,Tahap-2
01/13/2025,10,39,21,10:39:21,91,Tahap-2
01/13/2025,10,39,22,10:39:22,368,Tahap-2
01/13/2025,10,39,22,10:39:22,620,Tahap-2
01/13/2025,10,39,22,10:39:22,1379,Tahap-2
01/13/2025,10,39,22,10:39:22,345,Tahap-2
01/13/2025,10,39,22,10:39:22,382,Tahap-2
01/13/2025,10,39,22,10:39:22,56,Tahap-2
01/13/2025,10,39,22,10:39:22,139,Tahap-2
01/13/2025,10,39,22,10:39:22,250,Tahap-2
01/13/2025,10,39,22,10:39:22,116,Tahap-2
01/13/2025,10,39,22,10:39:22,68,Tahap-2
01/13/2025,10,39,23,10:39:23,39,Tahap-2
01/13/2025,10,39,23,10:39:23,131,Tahap-2
01/13/2025,10,39,23,10:39:23,53,Tahap-2
01/13/2025,10,39,23,10:39:23,188,Tahap-2
01/13/2025,10,39,23,10:39:23,100,Tahap-2
01/13/2025,10,39,23,10:39:23,109,Tahap-2
01/13/2025,10,39,23,10:39:23,119,Tahap-2
01/13/2025,10,39,23,10:39:23,59,Tahap-2
01/13/2025,10,39,23,10:39:23,89,Tahap-2
01/13/2025,10,39,23,10:39:23,411,Tahap-2
01/13/2025,10,39,24,10:39:24,332,Tahap-2
01/13/2025,10,39,24,10:39:24,178,Tahap-2
01/13/2025,10,39,24,10:39:24,103,Tahap-2
01/13/2025,10,39,24,10:39:24,211,Tahap-2
01/13/2025,10,39,24,10:39:24,62,Tahap-2
01/13/2025,10,39,24,10:39:24,900,Tahap-2
01/13/2025,10,39,24,10:39:24,338,Tahap-2
01/13/2025,10,39,24,10:39:24,72,Tahap-2
01/13/2025,10,39,24,10:39:24,235,Tahap-2
01/13/2025,10,39,24,10:39:24,169,Tahap-2
01/13/2025,10,39,26,10:39:26,240,Tahap-2
01/13/2025,10,39,26,10:39:26,253,Tahap-2
01/13/2025,10,39,26,10:39:26,183,Tahap-2
01/13/2025,10,39,26,10:39:26,208,Tahap-2
01/13/2025,10,39,26,10:39:26,118,Tahap-2
01/13/2025,10,39,26,10:39:26,99,Tahap-2
01/13/2025,10,39,26,10:39:26,109,Tahap-2
01/13/2025,10,39,26,10:39:26,84,Tahap-2
01/13/2025,10,39,26,10:39:26,138,Tahap-2
01/13/2025,10,39,26,10:39:26,151,Tahap-2
01/13/2025,10,39,26,10:39:26,154,Tahap-2
01/13/2025,10,39,26,10:39:26,163,Tahap-2
01/13/2025,10,39,26,10:39:26,96,Tahap-2
01/13/2025,10,39,26,10:39:26,444,Tahap-2
01/13/2025,10,39,26,10:39:26,240,Tahap-2
01/13/2025,10,39,26,10:39:26,88,Tahap-2
01/13/2025,10,39,26,10:39:26,326,Tahap-2
01/13/2025,10,39,26,10:39:26,97,Tahap-2
01/13/2025,10,39,26,10:39:26,847,Tahap-2
01/13/2025,10,39,26,10:39:26,1006,Tahap-2
01/13/2025,10,39,27,10:39:27,724,Tahap-2
01/13/2025,10,39,27,10:39:27,76,Tahap-2
01/13/2025,10,39,27,10:39:27,162,Tahap-2
01/13/2025,10,39,27,10:39:27,38,Tahap-2
01/13/2025,10,39,27,10:39:27,282,Tahap-2
01/13/2025,10,39,27,10:39:27,529,Tahap-2
01/13/2025,10,39,27,10:39:27,140,Tahap-2
01/13/2025,10,39,27,10:39:27,377,Tahap-2
01/13/2025,10,39,27,10:39:27,258,Tahap-2
01/13/2025,10,39,27,10:39:27,276,Tahap-2
01/13/2025,10,39,28,10:39:28,213,Tahap-2
01/13/2025,10,39,28,10:39:28,271,Tahap-2
01/13/2025,10,39,28,10:39:28,-76,Tahap-2
01/13/2025,10,39,28,10:39:28,-112,Tahap-2
01/13/2025,10,39,28,10:39:28,-108,Tahap-2
01/13/2025,10,39,28,10:39:28,84,Tahap-2
01/13/2025,10,39,28,10:39:28,-152,Tahap-2
01/13/2025,10,39,28,10:39:28,12,Tahap-2
01/13/2025,10,39,28,10:39:28,28,Tahap-2
01/13/2025,10,39,28,10:39:28,-44,Tahap-2
01/13/2025,10,39,29,10:39:29,-60,Tahap-2
01/13/2025,10,39,29,10:39:29,8,Tahap-2
01/13/2025,10,39,29,10:39:29,-24,Tahap-2
01/13/2025,10,39,29,10:39:29,-44,Tahap-2
01/13/2025,10,39,29,10:39:29,-80,Tahap-2
01/13/2025,10,39,29,10:39:29,-44,Tahap-2
01/13/2025,10,39,29,10:39:29,112,Tahap-2
01/13/2025,10,39,29,10:39:29,-28,Tahap-2
01/13/2025,10,39,29,10:39:29,96,Tahap-2
01/13/2025,10,39,30,10:39:30,8,Tahap-2
01/13/2025,10,39,30,10:39:30,-44,Tahap-2
01/13/2025,10,39,30,10:39:30,104,Tahap-2
01/13/2025,10,39,30,10:39:30,-92,Tahap-2
01/13/2025,10,39,30,10:39:30,52,Tahap-2
01/13/2025,10,39,30,10:39:30,-132,Tahap-2
01/13/2025,10,39,30,10:39:30,176,Tahap-2
01/13/2025,10,39,30,10:39:30,12,Tahap-2
01/13/2025,10,39,30,10:39:30,28,Tahap-2
01/13/2025,10,39,31,10:39:31,68,Tahap-2
01/13/2025,10,39,31,10:39:31,76,Tahap-2
01/13/2025,10,39,31,10:39:31,16,Tahap-2
01/13/2025,10,39,31,10:39:31,4,Tahap-2
01/13/2025,10,39,31,10:39:31,216,Tahap-2
01/13/2025,10,39,31,10:39:31,-68,Tahap-2
01/13/2025,10,39,31,10:39:31,124,Tahap-2
01/13/2025,10,39,31,10:39:31,-32,Tahap-2
01/13/2025,10,39,31,10:39:31,148,Tahap-2
01/13/2025,10,39,31,10:39:31,140,Tahap-2
01/13/2025,10,39,32,10:39:32,44,Tahap-2
01/13/2025,10,39,32,10:39:32,136,Tahap-2
01/13/2025,10,39,32,10:39:32,128,Tahap-2
01/13/2025,10,39,32,10:39:32,104,Tahap-2
01/13/2025,10,39,32,10:39:32,16,Tahap-2
01/13/2025,10,39,32,10:39:32,204,Tahap-2
01/13/2025,10,39,32,10:39:32,52,Tahap-2
01/13/2025,10,39,32,10:39:32,172,Tahap-2
01/13/2025,10,39,32,10:39:32,-32,Tahap-2
01/13/2025,10,39,32,10:39:32,172,Tahap-2
01/13/2025,10,39,33,10:39:33,216,Tahap-2
01/13/2025,10,39,33,10:39:33,152,Tahap-2
01/13/2025,10,39,33,10:39:33,88,Tahap-2
01/13/2025,10,39,33,10:39:33,212,Tahap-2
01/13/2025,10,39,33,10:39:33,180,Tahap-2
01/13/2025,10,39,33,10:39:33,100,Tahap-2
01/13/2025,10,39,33,10:39:33,92,Tahap-2
01/13/2025,10,39,33,10:39:33,196,Tahap-2
01/13/2025,10,39,33,10:39:33,160,Tahap-2
01/13/2025,10,39,33,10:39:33,148,Tahap-2
01/13/2025,10,39,33,10:39:33,56,Tahap-2
01/13/2025,10,39,34,10:39:34,248,Tahap-2
01/13/2025,10,39,34,10:39:34,160,Tahap-2
01/13/2025,10,39,34,10:39:34,128,Tahap-2
01/13/2025,10,39,34,10:39:34,176,Tahap-2
01/13/2025,10,39,34,10:39:34,248,Tahap-2
01/13/2025,10,39,34,10:39:34,76,Tahap-2
01/13/2025,10,39,34,10:39:34,188,Tahap-2
01/13/2025,10,39,34,10:39:34,108,Tahap-2
01/13/2025,10,39,34,10:39:34,192,Tahap-2
01/13/2025,10,39,35,10:39:35,200,Tahap-2
01/13/2025,10,39,35,10:39:35,40,Tahap-2
01/13/2025,10,39,35,10:39:35,248,Tahap-2
01/13/2025,10,39,35,10:39:35,128,Tahap-2
01/13/2025,10,39,35,10:39:35,204,Tahap-2
01/13/2025,10,39,35,10:39:35,128,Tahap-2
01/13/2025,10,39,35,10:39:35,300,Tahap-2
01/13/2025,10,39,35,10:39:35,108,Tahap-2
01/13/2025,10,39,35,10:39:35,204,Tahap-2
01/13/2025,10,39,35,10:39:35,100,Tahap-2
01/13/2025,10,39,35,10:39:35,276,Tahap-2
01/13/2025,10,39,36,10:39:36,240,Tahap-2
01/13/2025,10,39,36,10:39:36,108,Tahap-2
01/13/2025,10,39,36,10:39:36,296,Tahap-2
01/13/2025,10,39,36,10:39:36,300,Tahap-2
01/13/2025,10,39,36,10:39:36,212,Tahap-2
01/13/2025,10,39,36,10:39:36,168,Tahap-2
01/13/2025,10,39,36,10:39:36,328,Tahap-2
01/13/2025,10,39,36,10:39:36,196,Tahap-2
01/13/2025,10,39,36,10:39:36,192,Tahap-2
01/13/2025,10,39,36,10:39:36,204,Tahap-2
01/13/2025,10,39,37,10:39:37,172,Tahap-2
01/13/2025,10,39,37,10:39:37,352,Tahap-2
01/13/2025,10,39,37,10:39:37,200,Tahap-2
01/13/2025,10,39,37,10:39:37,272,Tahap-2
01/13/2025,10,39,37,10:39:37,308,Tahap-2
01/13/2025,10,39,37,10:39:37,340,Tahap-2
01/13/2025,10,39,37,10:39:37,104,Tahap-2
01/13/2025,10,39,37,10:39:37,288,Tahap-2
01/13/2025,10,39,37,10:39:37,304,Tahap-2
01/13/2025,10,39,37,10:39:37,224,Tahap-2
01/13/2025,10,39,38,10:39:38,204,Tahap-2
01/13/2025,10,39,38,10:39:38,296,Tahap-2
01/13/2025,10,39,38,10:39:38,308,Tahap-2
01/13/2025,10,39,38,10:39:38,244,Tahap-2
01/13/2025,10,39,38,10:39:38,280,Tahap-2
01/13/2025,10,39,38,10:39:38,308,Tahap-2
01/13/2025,10,39,38,10:39:38,308,Tahap-2
01/13/2025,10,39,38,10:39:38,196,Tahap-2
01/13/2025,10,39,38,10:39:38,316,Tahap-2
01/13/2025,10,39,38,10:39:38,324,Tahap-2
01/13/2025,10,39,39,10:39:39,296,Tahap-2
01/13/2025,10,39,39,10:39:39,256,Tahap-2
01/13/2025,10,39,39,10:39:39,308,Tahap-2
01/13/2025,10,39,39,10:39:39,340,Tahap-2
01/13/2025,10,39,39,10:39:39,244,Tahap-2
01/13/2025,10,39,39,10:39:39,316,Tahap-2
01/13/2025,10,39,39,10:39:39,384,Tahap-2
01/13/2025,10,39,39,10:39:39,300,Tahap-2
01/13/2025,10,39,39,10:39:39,296,Tahap-2
01/13/2025,10,39,39,10:39:39,308,Tahap-2
01/13/2025,10,39,40,10:39:40,376,Tahap-2
01/13/2025,10,39,40,10:39:40,272,Tahap-2
01/13/2025,10,39,40,10:39:40,280,Tahap-2
01/13/2025,10,39,40,10:39:40,248,Tahap-2
01/13/2025,10,39,40,10:39:40,404,Tahap-2
01/13/2025,10,39,40,10:39:40,260,Tahap-2
01/13/2025,10,39,40,10:39:40,336,Tahap-2
01/13/2025,10,39,40,10:39:40,364,Tahap-2
01/13/2025,10,39,40,10:39:40,408,Tahap-2
01/13/2025,10,39,40,10:39:40,208,Tahap-2
01/13/2025,10,40,5,10:40:05,1104,Tahap-2
01/13/2025,10,40,5,10:40:05,404,Tahap-2
01/13/2025,10,40,5,10:40:05,45,Tahap-2
01/13/2025,10,40,5,10:40:05,116,Tahap-2
01/13/2025,10,40,5,10:40:05,55,Tahap-2
01/13/2025,10,40,5,10:40:05,81,Tahap-2
01/13/2025,10,40,6,10:40:06,39,Tahap-2
01/13/2025,10,40,6,10:40:06,73,Tahap-2
01/13/2025,10,40,6,10:40:06,102,Tahap-2
01/13/2025,10,40,6,10:40:06,197,Tahap-2
01/13/2025,10,40,6,10:40:06,54,Tahap-2
01/13/2025,10,40,6,10:40:06,62,Tahap-2
01/13/2025,10,40,6,10:40:06,112,Tahap-2
01/13/2025,10,40,6,10:40:06,68,Tahap-2
01/13/2025,10,40,6,10:40:06,14,Tahap-2
01/13/2025,10,40,6,10:40:06,98,Tahap-2
01/13/2025,10,40,7,10:40:07,16,Tahap-2
01/13/2025,10,40,7,10:40:07,55,Tahap-2
01/13/2025,10,40,7,10:40:07,6,Tahap-2
01/13/2025,10,40,7,10:40:07,97,Tahap-2
01/13/2025,10,40,7,10:40:07,79,Tahap-2
01/13/2025,10,40,7,10:40:07,370,Tahap-2
01/13/2025,10,40,7,10:40:07,766,Tahap-2
01/13/2025,10,40,7,10:40:07,80,Tahap-2
01/13/2025,10,40,7,10:40:07,37,Tahap-2
01/13/2025,10,40,7,10:40:07,101,Tahap-2
01/13/2025,10,40,8,10:40:08,157,Tahap-2
01/13/2025,10,40,8,10:40:08,74,Tahap-2
01/13/2025,10,40,8,10:40:08,52,Tahap-2
01/13/2025,10,40,8,10:40:08,261,Tahap-2
01/13/2025,10,40,8,10:40:08,22,Tahap-2
01/13/2025,10,40,8,10:40:08,137,Tahap-2
01/13/2025,10,40,8,10:40:08,64,Tahap-2
01/13/2025,10,40,8,10:40:08,8,Tahap-2
01/13/2025,10,40,8,10:40:08,246,Tahap-2
01/13/2025,10,40,8,10:40:08,44,Tahap-2
01/13/2025,10,40,9,10:40:09,75,Tahap-2
01/13/2025,10,40,9,10:40:09,81,Tahap-2
01/13/2025,10,40,9,10:40:09,102,Tahap-2
01/13/2025,10,40,9,10:40:09,38,Tahap-2
01/13/2025,10,40,9,10:40:09,68,Tahap-2
01/13/2025,10,40,9,10:40:09,45,Tahap-2
01/13/2025,10,40,9,10:40:09,70,Tahap-2
01/13/2025,10,40,9,10:40:09,63,Tahap-2
01/13/2025,10,40,9,10:40:09,140,Tahap-2
01/13/2025,10,40,9,10:40:09,110,Tahap-2
01/13/2025,10,40,10,10:40:10,186,Tahap-2
01/13/2025,10,40,10,10:40:10,98,Tahap-2
01/13/2025,10,40,10,10:40:10,202,Tahap-2
01/13/2025,10,40,10,10:40:10,152,Tahap-2
01/13/2025,10,40,10,10:40:10,55,Tahap-2
01/13/2025,10,40,10,10:40:10,87,Tahap-2
01/13/2025,10,40,10,10:40:10,126,Tahap-2
01/13/2025,10,40,10,10:40:10,117,Tahap-2
01/13/2025,10,40,10,10:40:10,60,Tahap-2
01/13/2025,10,40,10,10:40:10,206,Tahap-2
01/13/2025,10,40,11,10:40:11,73,Tahap-2
01/13/2025,10,40,11,10:40:11,69,Tahap-2
01/13/2025,10,40,11,10:40:11,76,Tahap-2
01/13/2025,10,40,11,10:40:11,112,Tahap-2
01/13/2025,10,40,11,10:40:11,93,Tahap-2
01/13/2025,10,40,11,10:40:11,185,Tahap-2
01/13/2025,10,40,11,10:40:11,194,Tahap-2
01/13/2025,10,40,11,10:40:11,131,Tahap-2
01/13/2025,10,40,11,10:40:11,152,Tahap-2
01/13/2025,10,40,11,10:40:11,347,Tahap-2
01/13/2025,10,40,12,10:40:12,725,Tahap-2
01/13/2025,10,40,12,10:40:12,704,Tahap-2
01/13/2025,10,40,12,10:40:12,726,Tahap-2
01/13/2025,10,40,12,10:40:12,654,Tahap-2
01/13/2025,10,40,12,10:40:12,274,Tahap-2
01/13/2025,10,40,12,10:40:12,353,Tahap-2
01/13/2025,10,40,12,10:40:12,214,Tahap-2
01/13/2025,10,40,12,10:40:12,153,Tahap-2
01/13/2025,10,40,12,10:40:12,112,Tahap-2
01/13/2025,10,40,12,10:40:12,96,Tahap-2
01/13/2025,10,40,13,10:40:13,263,Tahap-2
01/13/2025,10,40,13,10:40:13,304,Tahap-2
01/13/2025,10,40,13,10:40:13,123,Tahap-2
01/13/2025,10,40,13,10:40:13,183,Tahap-2
01/13/2025,10,40,13,10:40:13,7,Tahap-2
01/13/2025,10,40,13,10:40:13,99,Tahap-2
01/13/2025,10,40,13,10:40:13,130,Tahap-2
01/13/2025,10,40,13,10:40:13,306,Tahap-2
01/13/2025,10,40,13,10:40:13,750,Tahap-2
01/13/2025,10,40,13,10:40:13,170,Tahap-2
01/13/2025,10,40,14,10:40:14,121,Tahap-2
01/13/2025,10,40,14,10:40:14,249,Tahap-2
01/13/2025,10,40,14,10:40:14,314,Tahap-2
01/13/2025,10,40,14,10:40:14,254,Tahap-2
01/13/2025,10,40,14,10:40:14,620,Tahap-2
01/13/2025,10,40,14,10:40:14,633,Tahap-2
01/13/2025,10,40,14,10:40:14,227,Tahap-2
01/13/2025,10,40,14,10:40:14,281,Tahap-2
01/13/2025,10,40,14,10:40:14,231,Tahap-2
01/13/2025,10,40,14,10:40:14,150,Tahap-2
01/13/2025,10,40,15,10:40:15,122,Tahap-2
01/13/2025,10,40,15,10:40:15,313,Tahap-2
01/13/2025,10,40,15,10:40:15,152,Tahap-2
01/13/2025,10,40,15,10:40:15,86,Tahap-2
01/13/2025,10,40,15,10:40:15,145,Tahap-2
01/13/2025,10,40,15,10:40:15,67,Tahap-2
01/13/2025,10,40,15,10:40:15,166,Tahap-2
01/13/2025,10,40,15,10:40:15,180,Tahap-2
01/13/2025,10,40,15,10:40:15,212,Tahap-2
01/13/2025,10,40,15,10:40:15,60,Tahap-2
01/13/2025,10,40,16,10:40:16,133,Tahap-2
01/13/2025,10,40,16,10:40:16,84,Tahap-2
01/13/2025,10,40,16,10:40:16,423,Tahap-2
01/13/2025,10,40,16,10:40:16,348,Tahap-2
01/13/2025,10,40,16,10:40:16,544,Tahap-2
01/13/2025,10,40,16,10:40:16,200,Tahap-2
01/13/2025,10,40,16,10:40:16,618,Tahap-2
01/13/2025,10,40,16,10:40:16,447,Tahap-2
01/13/2025,10,40,16,10:40:16,1029,Tahap-2
01/13/2025,10,40,16,10:40:16,348,Tahap-2
01/13/2025,10,40,17,10:40:17,176,Tahap-2
01/13/2025,10,40,17,10:40:17,130,Tahap-2
01/13/2025,10,40,17,10:40:17,348,Tahap-2
01/13/2025,10,40,17,10:40:17,60,Tahap-2
01/13/2025,10,40,17,10:40:17,422,Tahap-2
01/13/2025,10,40,17,10:40:17,233,Tahap-2
01/13/2025,10,40,17,10:40:17,153,Tahap-2
01/13/2025,10,40,17,10:40:17,329,Tahap-2
01/13/2025,10,40,17,10:40:17,258,Tahap-2
01/13/2025,10,40,17,10:40:17,315,Tahap-2
01/13/2025,10,40,18,10:40:18,256,Tahap-2
01/13/2025,10,40,18,10:40:18,24,Tahap-2
01/13/2025,10,40,18,10:40:18,-104,Tahap-2
01/13/2025,10,40,18,10:40:18,-136,Tahap-2
01/13/2025,10,40,18,10:40:18,-112,Tahap-2
01/13/2025,10,40,18,10:40:18,216,Tahap-2
01/13/2025,10,40,18,10:40:18,-336,Tahap-2
01/13/2025,10,40,18,10:40:18,128,Tahap-2
01/13/2025,10,40,18,10:40:18,-32,Tahap-2
01/13/2025,10,40,18,10:40:18,8,Tahap-2
01/13/2025,10,40,19,10:40:19,-256,Tahap-2
01/13/2025,10,40,19,10:40:19,160,Tahap-2
01/13/2025,10,40,19,10:40:19,-128,Tahap-2
01/13/2025,10,40,19,10:40:19,-8,Tahap-2
01/13/2025,10,40,19,10:40:19,-168,Tahap-2
01/13/2025,10,40,19,10:40:19,-168,Tahap-2
01/13/2025,10,40,19,10:40:19,192,Tahap-2
01/13/2025,10,40,19,10:40:19,-16,Tahap-2
01/13/2025,10,40,19,10:40:19,-184,Tahap-2
01/13/2025,10,40,19,10:40:19,136,Tahap-2
01/13/2025,10,40,20,10:40:20,-16,Tahap-2
01/13/2025,10,40,20,10:40:20,-152,Tahap-2
01/13/2025,10,40,20,10:40:20,-48,Tahap-2
01/13/2025,10,40,20,10:40:20,240,Tahap-2
01/13/2025,10,40,20,10:40:20,-272,Tahap-2
01/13/2025,10,40,20,10:40:20,96,Tahap-2
01/13/2025,10,40,20,10:40:20,-368,Tahap-2
01/13/2025,10,40,20,10:40:20,256,Tahap-2
01/13/2025,10,40,20,10:40:20,-344,Tahap-2
01/13/2025,10,40,20,10:40:20,8,Tahap-2
01/13/2025,10,40,21,10:40:21,-16,Tahap-2
01/13/2025,10,40,21,10:40:21,128,Tahap-2
01/13/2025,10,40,21,10:40:21,-200,Tahap-2
01/13/2025,10,40,21,10:40:21,-16,Tahap-2
01/13/2025,10,40,21,10:40:21,64,Tahap-2
01/13/2025,10,40,21,10:40:21,-112,Tahap-2
01/13/2025,10,40,21,10:40:21,-336,Tahap-2
01/13/2025,10,40,21,10:40:21,-32,Tahap-2
01/13/2025,10,40,21,10:40:21,64,Tahap-2
01/13/2025,10,40,21,10:40:21,64,Tahap-2
01/13/2025,10,40,22,10:40:22,24,Tahap-2
01/13/2025,10,40,22,10:40:22,16,Tahap-2
01/13/2025,10,40,22,10:40:22,-88,Tahap-2
01/13/2025,10,40,22,10:40:22,64,Tahap-2
01/13/2025,10,40,22,10:40:22,-128,Tahap-2
01/13/2025,10,40,22,10:40:22,64,Tahap-2
01/13/2025,10,40,22,10:40:22,-32,Tahap-2
01/13/2025,10,40,22,10:40:22,-72,Tahap-2
01/13/2025,10,40,22,10:40:22,168,Tahap-2
01/13/2025,10,40,23,10:40:23,-8,Tahap-2
01/13/2025,10,40,23,10:40:23,-48,Tahap-2
01/13/2025,10,40,23,10:40:23,208,Tahap-2
01/13/2025,10,40,23,10:40:23,-56,Tahap-2
01/13/2025,10,40,23,10:40:23,56,Tahap-2
01/13/2025,10,40,23,10:40:23,-120,Tahap-2
01/13/2025,10,40,23,10:40:23,80,Tahap-2
01/13/2025,10,40,23,10:40:23,-288,Tahap-2
01/13/2025,10,40,23,10:40:23,160,Tahap-2
01/13/2025,10,40,24,10:40:24,-72,Tahap-2
01/13/2025,10,40,24,10:40:24,-40,Tahap-2
01/13/2025,10,40,24,10:40:24,136,Tahap-2
01/13/2025,10,40,24,10:40:24,32,Tahap-2
01/13/2025,10,40,24,10:40:24,112,Tahap-2
01/13/2025,10,40,24,10:40:24,24,Tahap-2
01/13/2025,10,40,24,10:40:24,-48,Tahap-2
01/13/2025,10,40,24,10:40:24,136,Tahap-2
01/13/2025,10,40,24,10:40:24,-56,Tahap-2
01/13/2025,10,40,24,10:40:24,40,Tahap-2
01/13/2025,10,40,25,10:40:25,-120,Tahap-2
