Tanggal,Jam,Menit,Detik,Waktu,frekuensi,label
01/21/2025,13,27,19,13:27:19,1368,Tahap-4
01/21/2025,13,27,19,13:27:19,699,Tahap-4
01/21/2025,13,27,19,13:27:19,401,Tahap-4
01/21/2025,13,27,19,13:27:19,334,Tahap-4
01/21/2025,13,27,19,13:27:19,278,Tahap-4
01/21/2025,13,27,19,13:27:19,199,Tahap-4
01/21/2025,13,27,19,13:27:19,200,Tahap-4
01/21/2025,13,27,19,13:27:19,170,Tahap-4
01/21/2025,13,27,19,13:27:19,153,Tahap-4
01/21/2025,13,27,19,13:27:19,163,Tahap-4
01/21/2025,13,27,19,13:27:19,144,Tahap-4
01/21/2025,13,27,19,13:27:19,114,Tahap-4
01/21/2025,13,27,19,13:27:19,77,Tahap-4
01/21/2025,13,27,19,13:27:19,69,Tahap-4
01/21/2025,13,27,19,13:27:19,110,Tahap-4
01/21/2025,13,27,19,13:27:19,78,Tahap-4
01/21/2025,13,27,19,13:27:19,104,Tahap-4
01/21/2025,13,27,19,13:27:19,53,Tahap-4
01/21/2025,13,27,19,13:27:19,25,Tahap-4
01/21/2025,13,27,19,13:27:19,100,Tahap-4
01/21/2025,13,27,19,13:27:19,19,Tahap-4
01/21/2025,13,27,19,13:27:19,59,Tahap-4
01/21/2025,13,27,19,13:27:19,43,Tahap-4
01/21/2025,13,27,19,13:27:19,29,Tahap-4
01/21/2025,13,27,19,13:27:19,53,Tahap-4
01/21/2025,13,27,19,13:27:19,62,Tahap-4
01/21/2025,13,27,20,13:27:20,33,Tahap-4
01/21/2025,13,27,20,13:27:20,78,Tahap-4
01/21/2025,13,27,20,13:27:20,14,Tahap-4
01/21/2025,13,27,20,13:27:20,64,Tahap-4
01/21/2025,13,27,20,13:27:20,48,Tahap-4
01/21/2025,13,27,20,13:27:20,48,Tahap-4
01/21/2025,13,27,20,13:27:20,55,Tahap-4
01/21/2025,13,27,20,13:27:20,50,Tahap-4
01/21/2025,13,27,20,13:27:20,58,Tahap-4
01/21/2025,13,27,20,13:27:20,59,Tahap-4
01/21/2025,13,27,21,13:27:21,48,Tahap-4
01/21/2025,13,27,21,13:27:21,12,Tahap-4
01/21/2025,13,27,21,13:27:21,48,Tahap-4
01/21/2025,13,27,21,13:27:21,69,Tahap-4
01/21/2025,13,27,21,13:27:21,20,Tahap-4
01/21/2025,13,27,21,13:27:21,37,Tahap-4
01/21/2025,13,27,21,13:27:21,32,Tahap-4
01/21/2025,13,27,21,13:27:21,45,Tahap-4
01/21/2025,13,27,21,13:27:21,18,Tahap-4
01/21/2025,13,27,21,13:27:21,47,Tahap-4
01/21/2025,13,27,22,13:27:22,7,Tahap-4
01/21/2025,13,27,22,13:27:22,4,Tahap-4
01/21/2025,13,27,22,13:27:22,42,Tahap-4
01/21/2025,13,27,22,13:27:22,26,Tahap-4
01/21/2025,13,27,22,13:27:22,41,Tahap-4
01/21/2025,13,27,22,13:27:22,42,Tahap-4
01/21/2025,13,27,22,13:27:22,18,Tahap-4
01/21/2025,13,27,22,13:27:22,33,Tahap-4
01/21/2025,13,27,22,13:27:22,44,Tahap-4
01/21/2025,13,27,22,13:27:22,57,Tahap-4
01/21/2025,13,27,23,13:27:23,40,Tahap-4
01/21/2025,13,27,23,13:27:23,34,Tahap-4
01/21/2025,13,27,23,13:27:23,24,Tahap-4
01/21/2025,13,27,23,13:27:23,19,Tahap-4
01/21/2025,13,27,23,13:27:23,48,Tahap-4
01/21/2025,13,27,23,13:27:23,32,Tahap-4
01/21/2025,13,27,23,13:27:23,34,Tahap-4
01/21/2025,13,27,23,13:27:23,55,Tahap-4
01/21/2025,13,27,23,13:27:23,18,Tahap-4
01/21/2025,13,27,23,13:27:23,17,Tahap-4
01/21/2025,13,27,24,13:27:24,31,Tahap-4
01/21/2025,13,27,24,13:27:24,15,Tahap-4
01/21/2025,13,27,24,13:27:24,15,Tahap-4
01/21/2025,13,27,24,13:27:24,32,Tahap-4
01/21/2025,13,27,24,13:27:24,25,Tahap-4
01/21/2025,13,27,24,13:27:24,38,Tahap-4
01/21/2025,13,27,24,13:27:24,17,Tahap-4
01/21/2025,13,27,24,13:27:24,26,Tahap-4
01/21/2025,13,27,24,13:27:24,46,Tahap-4
01/21/2025,13,27,24,13:27:24,15,Tahap-4
01/21/2025,13,27,25,13:27:25,37,Tahap-4
01/21/2025,13,27,25,13:27:25,28,Tahap-4
01/21/2025,13,27,25,13:27:25,21,Tahap-4
01/21/2025,13,27,25,13:27:25,11,Tahap-4
01/21/2025,13,27,25,13:27:25,29,Tahap-4
01/21/2025,13,27,25,13:27:25,35,Tahap-4
01/21/2025,13,27,25,13:27:25,9,Tahap-4
01/21/2025,13,27,25,13:27:25,29,Tahap-4
01/21/2025,13,27,25,13:27:25,40,Tahap-4
01/21/2025,13,27,25,13:27:25,32,Tahap-4
01/21/2025,13,27,26,13:27:26,42,Tahap-4
01/21/2025,13,27,26,13:27:26,49,Tahap-4
01/21/2025,13,27,26,13:27:26,62,Tahap-4
01/21/2025,13,27,26,13:27:26,4,Tahap-4
01/21/2025,13,27,26,13:27:26,37,Tahap-4
01/21/2025,13,27,26,13:27:26,32,Tahap-4
01/21/2025,13,27,26,13:27:26,29,Tahap-4
01/21/2025,13,27,26,13:27:26,35,Tahap-4
01/21/2025,13,27,26,13:27:26,8,Tahap-4
01/21/2025,13,27,26,13:27:26,47,Tahap-4
01/21/2025,13,27,27,13:27:27,11,Tahap-4
01/21/2025,13,27,27,13:27:27,73,Tahap-4
01/21/2025,13,27,27,13:27:27,30,Tahap-4
01/21/2025,13,27,27,13:27:27,8,Tahap-4
01/21/2025,13,27,27,13:27:27,18,Tahap-4
01/21/2025,13,27,27,13:27:27,13,Tahap-4
01/21/2025,13,27,27,13:27:27,40,Tahap-4
01/21/2025,13,27,27,13:27:27,34,Tahap-4
01/21/2025,13,27,27,13:27:27,50,Tahap-4
01/21/2025,13,27,27,13:27:27,47,Tahap-4
01/21/2025,13,27,28,13:27:28,53,Tahap-4
01/21/2025,13,27,28,13:27:28,61,Tahap-4
01/21/2025,13,27,28,13:27:28,42,Tahap-4
01/21/2025,13,27,28,13:27:28,13,Tahap-4
01/21/2025,13,27,28,13:27:28,69,Tahap-4
01/21/2025,13,27,28,13:27:28,41,Tahap-4
01/21/2025,13,27,28,13:27:28,58,Tahap-4
01/21/2025,13,27,28,13:27:28,82,Tahap-4
01/21/2025,13,27,28,13:27:28,45,Tahap-4
01/21/2025,13,27,28,13:27:28,57,Tahap-4
01/21/2025,13,27,29,13:27:29,38,Tahap-4
01/21/2025,13,27,29,13:27:29,21,Tahap-4
01/21/2025,13,27,29,13:27:29,30,Tahap-4
01/21/2025,13,27,29,13:27:29,49,Tahap-4
01/21/2025,13,27,29,13:27:29,68,Tahap-4
01/21/2025,13,27,29,13:27:29,35,Tahap-4
01/21/2025,13,27,29,13:27:29,71,Tahap-4
01/21/2025,13,27,29,13:27:29,20,Tahap-4
01/21/2025,13,27,29,13:27:29,52,Tahap-4
01/21/2025,13,27,29,13:27:29,45,Tahap-4
01/21/2025,13,27,30,13:27:30,45,Tahap-4
01/21/2025,13,27,30,13:27:30,2,Tahap-4
01/21/2025,13,27,30,13:27:30,-2,Tahap-4
01/21/2025,13,27,30,13:27:30,2,Tahap-4
01/21/2025,13,27,30,13:27:30,-1,Tahap-4
01/21/2025,13,27,30,13:27:30,-1,Tahap-4
01/21/2025,13,27,30,13:27:30,-2,Tahap-4
01/21/2025,13,27,30,13:27:30,1,Tahap-4
01/21/2025,13,27,30,13:27:30,-3,Tahap-4
01/21/2025,13,27,31,13:27:31,-4,Tahap-4
01/21/2025,13,27,31,13:27:31,-2,Tahap-4
01/21/2025,13,27,31,13:27:31,-1,Tahap-4
01/21/2025,13,27,31,13:27:31,-1,Tahap-4
01/21/2025,13,27,31,13:27:31,-2,Tahap-4
01/21/2025,13,27,31,13:27:31,-2,Tahap-4
01/21/2025,13,27,31,13:27:31,-2,Tahap-4
01/21/2025,13,27,32,13:27:32,-4,Tahap-4
01/21/2025,13,27,32,13:27:32,-3,Tahap-4
01/21/2025,13,27,32,13:27:32,-4,Tahap-4
01/21/2025,13,27,32,13:27:32,-4,Tahap-4
01/21/2025,13,27,32,13:27:32,-6,Tahap-4
01/21/2025,13,27,32,13:27:32,-1,Tahap-4
01/21/2025,13,27,32,13:27:32,-4,Tahap-4
01/21/2025,13,27,32,13:27:32,-2,Tahap-4
01/21/2025,13,27,32,13:27:32,-4,Tahap-4
01/21/2025,13,27,33,13:27:33,2,Tahap-4
01/21/2025,13,27,33,13:27:33,-4,Tahap-4
01/21/2025,13,27,33,13:27:33,-2,Tahap-4
01/21/2025,13,27,33,13:27:33,-7,Tahap-4
01/21/2025,13,27,33,13:27:33,-2,Tahap-4
01/21/2025,13,27,33,13:27:33,-5,Tahap-4
01/21/2025,13,27,33,13:27:33,-6,Tahap-4
01/21/2025,13,27,33,13:27:33,-8,Tahap-4
01/21/2025,13,27,33,13:27:33,-4,Tahap-4
01/21/2025,13,27,33,13:27:33,-9,Tahap-4
01/21/2025,13,27,34,13:27:34,-3,Tahap-4
01/21/2025,13,27,34,13:27:34,-6,Tahap-4
01/21/2025,13,27,34,13:27:34,-4,Tahap-4
01/21/2025,13,27,34,13:27:34,-4,Tahap-4
01/21/2025,13,27,34,13:27:34,-4,Tahap-4
01/21/2025,13,27,34,13:27:34,-9,Tahap-4
01/21/2025,13,27,34,13:27:34,-6,Tahap-4
01/21/2025,13,27,34,13:27:34,-6,Tahap-4
01/21/2025,13,27,34,13:27:34,-6,Tahap-4
01/21/2025,13,27,34,13:27:34,-6,Tahap-4
01/21/2025,13,27,34,13:27:34,-9,Tahap-4
01/21/2025,13,27,35,13:27:35,-4,Tahap-4
01/21/2025,13,27,35,13:27:35,-5,Tahap-4
01/21/2025,13,27,35,13:27:35,-8,Tahap-4
01/21/2025,13,27,35,13:27:35,-7,Tahap-4
01/21/2025,13,27,35,13:27:35,-7,Tahap-4
01/21/2025,13,27,35,13:27:35,-10,Tahap-4
01/21/2025,13,27,35,13:27:35,-6,Tahap-4
01/21/2025,13,27,35,13:27:35,-8,Tahap-4
01/21/2025,13,27,35,13:27:35,-7,Tahap-4
01/21/2025,13,27,35,13:27:35,-9,Tahap-4
01/21/2025,13,27,36,13:27:36,-11,Tahap-4
01/21/2025,13,27,36,13:27:36,-6,Tahap-4
01/21/2025,13,27,36,13:27:36,-12,Tahap-4
01/21/2025,13,27,36,13:27:36,-9,Tahap-4
01/21/2025,13,27,36,13:27:36,-5,Tahap-4
01/21/2025,13,27,36,13:27:36,-10,Tahap-4
01/21/2025,13,27,36,13:27:36,-6,Tahap-4
01/21/2025,13,27,36,13:27:36,-10,Tahap-4
01/21/2025,13,27,36,13:27:36,-10,Tahap-4
01/21/2025,13,27,36,13:27:36,-10,Tahap-4
01/21/2025,13,27,37,13:27:37,-12,Tahap-4
01/21/2025,13,27,37,13:27:37,-8,Tahap-4
01/21/2025,13,27,37,13:27:37,-11,Tahap-4
01/21/2025,13,27,37,13:27:37,-10,Tahap-4
01/21/2025,13,27,37,13:27:37,-9,Tahap-4
01/21/2025,13,27,37,13:27:37,-10,Tahap-4
01/21/2025,13,27,37,13:27:37,-11,Tahap-4
01/21/2025,13,27,37,13:27:37,-11,Tahap-4
01/21/2025,13,27,37,13:27:37,-10,Tahap-4
01/21/2025,13,27,37,13:27:37,-8,Tahap-4
01/21/2025,13,27,38,13:27:38,-9,Tahap-4
01/21/2025,13,27,38,13:27:38,-10,Tahap-4
01/21/2025,13,27,38,13:27:38,-10,Tahap-4
01/21/2025,13,27,38,13:27:38,-11,Tahap-4
01/21/2025,13,27,38,13:27:38,-9,Tahap-4
01/21/2025,13,27,38,13:27:38,-7,Tahap-4
01/21/2025,13,27,38,13:27:38,-10,Tahap-4
01/21/2025,13,27,38,13:27:38,-13,Tahap-4
01/21/2025,13,27,38,13:27:38,-8,Tahap-4
01/21/2025,13,27,38,13:27:38,-13,Tahap-4
01/21/2025,13,27,39,13:27:39,-9,Tahap-4
01/21/2025,13,27,39,13:27:39,-16,Tahap-4
01/21/2025,13,27,39,13:27:39,-11,Tahap-4
01/21/2025,13,27,39,13:27:39,-10,Tahap-4
01/21/2025,13,27,39,13:27:39,-15,Tahap-4
01/21/2025,13,27,39,13:27:39,-15,Tahap-4
01/21/2025,13,27,39,13:27:39,-12,Tahap-4
01/21/2025,13,27,39,13:27:39,-14,Tahap-4
01/21/2025,13,27,39,13:27:39,-13,Tahap-4
01/21/2025,13,27,39,13:27:39,-18,Tahap-4
01/21/2025,13,27,40,13:27:40,-10,Tahap-4
01/21/2025,13,27,40,13:27:40,-15,Tahap-4
01/21/2025,13,27,40,13:27:40,-11,Tahap-4
01/21/2025,13,27,40,13:27:40,-16,Tahap-4
01/21/2025,13,27,40,13:27:40,-13,Tahap-4
01/21/2025,13,27,40,13:27:40,-14,Tahap-4
01/21/2025,13,27,40,13:27:40,-10,Tahap-4
01/21/2025,13,27,40,13:27:40,-17,Tahap-4
01/21/2025,13,27,40,13:27:40,-15,Tahap-4
01/21/2025,13,27,40,13:27:40,-14,Tahap-4
01/21/2025,13,27,41,13:27:41,-12,Tahap-4
01/21/2025,13,27,41,13:27:41,-12,Tahap-4
01/21/2025,13,27,41,13:27:41,-16,Tahap-4
01/21/2025,13,27,41,13:27:41,-14,Tahap-4
01/21/2025,13,27,41,13:27:41,-17,Tahap-4
01/21/2025,13,27,41,13:27:41,-10,Tahap-4
01/21/2025,13,27,41,13:27:41,-15,Tahap-4
01/21/2025,13,27,41,13:27:41,-14,Tahap-4
01/21/2025,13,27,41,13:27:41,-16,Tahap-4
01/21/2025,13,27,41,13:27:41,-18,Tahap-4
01/21/2025,13,27,42,13:27:42,-14,Tahap-4
01/21/2025,13,27,42,13:27:42,-19,Tahap-4
01/21/2025,13,27,42,13:27:42,-16,Tahap-4
01/21/2025,13,27,42,13:27:42,-14,Tahap-4
01/21/2025,13,27,42,13:27:42,-17,Tahap-4
01/21/2025,13,27,42,13:27:42,-17,Tahap-4
01/21/2025,13,27,42,13:27:42,-18,Tahap-4
01/21/2025,13,27,42,13:27:42,-17,Tahap-4
01/21/2025,13,27,42,13:27:42,-17,Tahap-4
01/21/2025,13,28,7,13:28:07,1410,Tahap-4
01/21/2025,13,28,7,13:28:07,875,Tahap-4
01/21/2025,13,28,7,13:28:07,62,Tahap-4
01/21/2025,13,28,7,13:28:07,181,Tahap-4
01/21/2025,13,28,7,13:28:07,111,Tahap-4
01/21/2025,13,28,7,13:28:07,97,Tahap-4
01/21/2025,13,28,7,13:28:07,159,Tahap-4
01/21/2025,13,28,8,13:28:08,165,Tahap-4
01/21/2025,13,28,8,13:28:08,5,Tahap-4
01/21/2025,13,28,8,13:28:08,48,Tahap-4
01/21/2025,13,28,8,13:28:08,32,Tahap-4
01/21/2025,13,28,8,13:28:08,147,Tahap-4
01/21/2025,13,28,8,13:28:08,103,Tahap-4
01/21/2025,13,28,8,13:28:08,115,Tahap-4
01/21/2025,13,28,8,13:28:08,29,Tahap-4
01/21/2025,13,28,8,13:28:08,115,Tahap-4
01/21/2025,13,28,8,13:28:08,29,Tahap-4
01/21/2025,13,28,9,13:28:09,72,Tahap-4
01/21/2025,13,28,9,13:28:09,132,Tahap-4
01/21/2025,13,28,9,13:28:09,63,Tahap-4
01/21/2025,13,28,9,13:28:09,16,Tahap-4
01/21/2025,13,28,9,13:28:09,467,Tahap-4
01/21/2025,13,28,9,13:28:09,276,Tahap-4
01/21/2025,13,28,9,13:28:09,260,Tahap-4
01/21/2025,13,28,9,13:28:09,241,Tahap-4
01/21/2025,13,28,9,13:28:09,199,Tahap-4
01/21/2025,13,28,9,13:28:09,143,Tahap-4
01/21/2025,13,28,10,13:28:10,270,Tahap-4
01/21/2025,13,28,10,13:28:10,119,Tahap-4
01/21/2025,13,28,10,13:28:10,159,Tahap-4
01/21/2025,13,28,10,13:28:10,136,Tahap-4
01/21/2025,13,28,10,13:28:10,150,Tahap-4
01/21/2025,13,28,10,13:28:10,25,Tahap-4
01/21/2025,13,28,10,13:28:10,76,Tahap-4
01/21/2025,13,28,10,13:28:10,95,Tahap-4
01/21/2025,13,28,10,13:28:10,80,Tahap-4
01/21/2025,13,28,10,13:28:10,158,Tahap-4
01/21/2025,13,28,11,13:28:11,28,Tahap-4
01/21/2025,13,28,11,13:28:11,119,Tahap-4
01/21/2025,13,28,11,13:28:11,75,Tahap-4
01/21/2025,13,28,11,13:28:11,108,Tahap-4
01/21/2025,13,28,11,13:28:11,128,Tahap-4
01/21/2025,13,28,11,13:28:11,363,Tahap-4
01/21/2025,13,28,11,13:28:11,471,Tahap-4
01/21/2025,13,28,11,13:28:11,428,Tahap-4
01/21/2025,13,28,11,13:28:11,338,Tahap-4
01/21/2025,13,28,11,13:28:11,267,Tahap-4
01/21/2025,13,28,12,13:28:12,126,Tahap-4
01/21/2025,13,28,12,13:28:12,130,Tahap-4
01/21/2025,13,28,12,13:28:12,63,Tahap-4
01/21/2025,13,28,12,13:28:12,130,Tahap-4
01/21/2025,13,28,12,13:28:12,123,Tahap-4
01/21/2025,13,28,12,13:28:12,127,Tahap-4
01/21/2025,13,28,12,13:28:12,40,Tahap-4
01/21/2025,13,28,12,13:28:12,158,Tahap-4
01/21/2025,13,28,12,13:28:12,127,Tahap-4
01/21/2025,13,28,12,13:28:12,74,Tahap-4
01/21/2025,13,28,13,13:28:13,19,Tahap-4
01/21/2025,13,28,13,13:28:13,23,Tahap-4
01/21/2025,13,28,13,13:28:13,50,Tahap-4
01/21/2025,13,28,13,13:28:13,172,Tahap-4
01/21/2025,13,28,13,13:28:13,29,Tahap-4
01/21/2025,13,28,13,13:28:13,82,Tahap-4
01/21/2025,13,28,13,13:28:13,200,Tahap-4
01/21/2025,13,28,13,13:28:13,348,Tahap-4
01/21/2025,13,28,13,13:28:13,162,Tahap-4
01/21/2025,13,28,13,13:28:13,260,Tahap-4
01/21/2025,13,28,14,13:28:14,616,Tahap-4
01/21/2025,13,28,14,13:28:14,817,Tahap-4
01/21/2025,13,28,14,13:28:14,762,Tahap-4
01/21/2025,13,28,14,13:28:14,759,Tahap-4
01/21/2025,13,28,14,13:28:14,546,Tahap-4
01/21/2025,13,28,14,13:28:14,245,Tahap-4
01/21/2025,13,28,14,13:28:14,248,Tahap-4
01/21/2025,13,28,14,13:28:14,237,Tahap-4
01/21/2025,13,28,14,13:28:14,69,Tahap-4
01/21/2025,13,28,14,13:28:14,64,Tahap-4
01/21/2025,13,28,15,13:28:15,236,Tahap-4
01/21/2025,13,28,15,13:28:15,138,Tahap-4
01/21/2025,13,28,15,13:28:15,51,Tahap-4
01/21/2025,13,28,15,13:28:15,131,Tahap-4
01/21/2025,13,28,15,13:28:15,40,Tahap-4
01/21/2025,13,28,15,13:28:15,60,Tahap-4
01/21/2025,13,28,15,13:28:15,29,Tahap-4
01/21/2025,13,28,15,13:28:15,431,Tahap-4
01/21/2025,13,28,15,13:28:15,389,Tahap-4
01/21/2025,13,28,15,13:28:15,437,Tahap-4
01/21/2025,13,28,16,13:28:16,462,Tahap-4
01/21/2025,13,28,16,13:28:16,991,Tahap-4
01/21/2025,13,28,16,13:28:16,647,Tahap-4
01/21/2025,13,28,16,13:28:16,306,Tahap-4
01/21/2025,13,28,16,13:28:16,210,Tahap-4
01/21/2025,13,28,16,13:28:16,364,Tahap-4
01/21/2025,13,28,16,13:28:16,555,Tahap-4
01/21/2025,13,28,16,13:28:16,1447,Tahap-4
01/21/2025,13,28,16,13:28:16,141,Tahap-4
01/21/2025,13,28,16,13:28:16,518,Tahap-4
01/21/2025,13,28,17,13:28:17,361,Tahap-4
01/21/2025,13,28,17,13:28:17,121,Tahap-4
01/21/2025,13,28,17,13:28:17,71,Tahap-4
01/21/2025,13,28,18,13:28:18,265,Tahap-4
01/21/2025,13,28,18,13:28:18,65,Tahap-4
01/21/2025,13,28,18,13:28:18,79,Tahap-4
01/21/2025,13,28,18,13:28:18,140,Tahap-4
01/21/2025,13,28,18,13:28:18,253,Tahap-4
01/21/2025,13,28,18,13:28:18,14,Tahap-4
01/21/2025,13,28,18,13:28:18,123,Tahap-4
01/21/2025,13,28,18,13:28:18,76,Tahap-4
01/21/2025,13,28,18,13:28:18,130,Tahap-4
01/21/2025,13,28,18,13:28:18,176,Tahap-4
01/21/2025,13,28,18,13:28:18,326,Tahap-4
01/21/2025,13,28,18,13:28:18,588,Tahap-4
01/21/2025,13,28,18,13:28:18,1084,Tahap-4
01/21/2025,13,28,18,13:28:18,529,Tahap-4
01/21/2025,13,28,18,13:28:18,380,Tahap-4
01/21/2025,13,28,18,13:28:18,296,Tahap-4
01/21/2025,13,28,18,13:28:18,271,Tahap-4
01/21/2025,13,28,19,13:28:19,481,Tahap-4
01/21/2025,13,28,19,13:28:19,321,Tahap-4
01/21/2025,13,28,19,13:28:19,798,Tahap-4
01/21/2025,13,28,19,13:28:19,171,Tahap-4
01/21/2025,13,28,19,13:28:19,150,Tahap-4
01/21/2025,13,28,19,13:28:19,204,Tahap-4
01/21/2025,13,28,19,13:28:19,279,Tahap-4
01/21/2025,13,28,19,13:28:19,227,Tahap-4
01/21/2025,13,28,19,13:28:19,268,Tahap-4
01/21/2025,13,28,19,13:28:19,185,Tahap-4
01/21/2025,13,28,20,13:28:20,-104,Tahap-4
01/21/2025,13,28,20,13:28:20,-40,Tahap-4
01/21/2025,13,28,20,13:28:20,-148,Tahap-4
01/21/2025,13,28,20,13:28:20,16,Tahap-4
01/21/2025,13,28,20,13:28:20,-80,Tahap-4
01/21/2025,13,28,20,13:28:20,-128,Tahap-4
01/21/2025,13,28,20,13:28:20,-88,Tahap-4
01/21/2025,13,28,20,13:28:20,20,Tahap-4
01/21/2025,13,28,20,13:28:20,-76,Tahap-4
01/21/2025,13,28,20,13:28:20,-8,Tahap-4
01/21/2025,13,28,21,13:28:21,-80,Tahap-4
01/21/2025,13,28,21,13:28:21,-60,Tahap-4
01/21/2025,13,28,21,13:28:21,-56,Tahap-4
01/21/2025,13,28,21,13:28:21,-116,Tahap-4
01/21/2025,13,28,21,13:28:21,44,Tahap-4
01/21/2025,13,28,21,13:28:21,-112,Tahap-4
01/21/2025,13,28,21,13:28:21,-56,Tahap-4
01/21/2025,13,28,21,13:28:21,-48,Tahap-4
01/21/2025,13,28,21,13:28:21,-88,Tahap-4
01/21/2025,13,28,21,13:28:21,-16,Tahap-4
01/21/2025,13,28,22,13:28:22,56,Tahap-4
01/21/2025,13,28,22,13:28:22,-100,Tahap-4
01/21/2025,13,28,22,13:28:22,-64,Tahap-4
01/21/2025,13,28,22,13:28:22,-148,Tahap-4
01/21/2025,13,28,22,13:28:22,-104,Tahap-4
01/21/2025,13,28,22,13:28:22,56,Tahap-4
01/21/2025,13,28,22,13:28:22,-144,Tahap-4
01/21/2025,13,28,22,13:28:22,-56,Tahap-4
01/21/2025,13,28,22,13:28:22,-44,Tahap-4
01/21/2025,13,28,22,13:28:22,-144,Tahap-4
01/21/2025,13,28,23,13:28:23,-52,Tahap-4
01/21/2025,13,28,23,13:28:23,80,Tahap-4
01/21/2025,13,28,23,13:28:23,-124,Tahap-4
01/21/2025,13,28,23,13:28:23,44,Tahap-4
01/21/2025,13,28,23,13:28:23,-108,Tahap-4
01/21/2025,13,28,23,13:28:23,8,Tahap-4
01/21/2025,13,28,23,13:28:23,8,Tahap-4
01/21/2025,13,28,23,13:28:23,-148,Tahap-4
01/21/2025,13,28,23,13:28:23,12,Tahap-4
01/21/2025,13,28,24,13:28:24,-64,Tahap-4
01/21/2025,13,28,24,13:28:24,-32,Tahap-4
01/21/2025,13,28,24,13:28:24,52,Tahap-4
01/21/2025,13,28,24,13:28:24,-16,Tahap-4
01/21/2025,13,28,24,13:28:24,-88,Tahap-4
01/21/2025,13,28,24,13:28:24,16,Tahap-4
01/21/2025,13,28,24,13:28:24,-36,Tahap-4
01/21/2025,13,28,24,13:28:24,-36,Tahap-4
01/21/2025,13,28,24,13:28:24,44,Tahap-4
01/21/2025,13,28,25,13:28:25,12,Tahap-4
01/21/2025,13,28,25,13:28:25,-44,Tahap-4
01/21/2025,13,28,25,13:28:25,12,Tahap-4
01/21/2025,13,28,25,13:28:25,-24,Tahap-4
01/21/2025,13,28,25,13:28:25,80,Tahap-4
01/21/2025,13,28,25,13:28:25,-40,Tahap-4
01/21/2025,13,28,25,13:28:25,-40,Tahap-4
01/21/2025,13,28,25,13:28:25,96,Tahap-4
01/21/2025,13,28,25,13:28:25,-92,Tahap-4
01/21/2025,13,28,25,13:28:25,28,Tahap-4
01/21/2025,13,28,26,13:28:26,152,Tahap-4
01/21/2025,13,28,26,13:28:26,-56,Tahap-4
01/21/2025,13,28,26,13:28:26,-36,Tahap-4
01/21/2025,13,28,26,13:28:26,68,Tahap-4
01/21/2025,13,28,26,13:28:26,-104,Tahap-4
01/21/2025,13,28,26,13:28:26,48,Tahap-4
01/21/2025,13,28,26,13:28:26,-28,Tahap-4
01/21/2025,13,28,26,13:28:26,-16,Tahap-4
01/21/2025,13,28,26,13:28:26,100,Tahap-4
01/21/2025,13,28,26,13:28:26,-88,Tahap-4
01/21/2025,13,28,27,13:28:27,-12,Tahap-4
01/21/2025,13,28,27,13:28:27,172,Tahap-4
01/21/2025,13,28,27,13:28:27,-4,Tahap-4
01/21/2025,13,28,27,13:28:27,-56,Tahap-4
01/21/2025,13,28,27,13:28:27,88,Tahap-4
01/21/2025,13,28,27,13:28:27,8,Tahap-4
01/21/2025,13,28,27,13:28:27,24,Tahap-4
01/21/2025,13,28,27,13:28:27,4,Tahap-4
01/21/2025,13,28,27,13:28:27,16,Tahap-4
01/21/2025,13,28,27,13:28:27,132,Tahap-4
01/21/2025,13,28,28,13:28:28,-60,Tahap-4
01/21/2025,13,28,28,13:28:28,-12,Tahap-4
01/21/2025,13,28,28,13:28:28,88,Tahap-4
01/21/2025,13,28,28,13:28:28,52,Tahap-4
01/21/2025,13,28,28,13:28:28,20,Tahap-4
01/21/2025,13,28,28,13:28:28,-4,Tahap-4
01/21/2025,13,28,28,13:28:28,36,Tahap-4
01/21/2025,13,28,28,13:28:28,-60,Tahap-4
01/21/2025,13,28,29,13:28:29,92,Tahap-4
01/21/2025,13,28,29,13:28:29,-60,Tahap-4
01/21/2025,13,28,29,13:28:29,32,Tahap-4
01/21/2025,13,28,29,13:28:29,60,Tahap-4
01/21/2025,13,28,29,13:28:29,40,Tahap-4
01/21/2025,13,28,29,13:28:29,44,Tahap-4
01/21/2025,13,28,29,13:28:29,28,Tahap-4
01/21/2025,13,28,29,13:28:29,12,Tahap-4
01/21/2025,13,28,29,13:28:29,-20,Tahap-4
01/21/2025,13,28,29,13:28:29,-8,Tahap-4
01/21/2025,13,28,30,13:28:30,-24,Tahap-4
01/21/2025,13,28,30,13:28:30,96,Tahap-4
01/21/2025,13,28,30,13:28:30,-88,Tahap-4
01/21/2025,13,28,30,13:28:30,88,Tahap-4
01/21/2025,13,28,30,13:28:30,20,Tahap-4
01/21/2025,13,28,30,13:28:30,-28,Tahap-4
01/21/2025,13,28,30,13:28:30,44,Tahap-4
01/21/2025,13,28,30,13:28:30,-36,Tahap-4
01/21/2025,13,28,30,13:28:30,-28,Tahap-4
01/21/2025,13,28,30,13:28:30,8,Tahap-4
01/21/2025,13,28,31,13:28:31,-148,Tahap-4
01/21/2025,13,28,31,13:28:31,92,Tahap-4
01/21/2025,13,28,31,13:28:31,24,Tahap-4
01/21/2025,13,28,31,13:28:31,-40,Tahap-4
01/21/2025,13,28,31,13:28:31,128,Tahap-4
01/21/2025,13,28,31,13:28:31,12,Tahap-4
01/21/2025,13,28,31,13:28:31,-88,Tahap-4
01/21/2025,13,28,31,13:28:31,28,Tahap-4
01/21/2025,13,28,31,13:28:31,56,Tahap-4
01/21/2025,13,28,31,13:28:31,-48,Tahap-4
01/21/2025,13,28,32,13:28:32,24,Tahap-4
01/21/2025,13,28,32,13:28:32,-176,Tahap-4
01/21/2025,13,28,32,13:28:32,120,Tahap-4
01/21/2025,13,28,32,13:28:32,-16,Tahap-4
01/21/2025,13,28,32,13:28:32,-20,Tahap-4
01/21/2025,13,28,32,13:28:32,116,Tahap-4
01/21/2025,13,28,32,13:28:32,-4,Tahap-4
01/21/2025,13,28,32,13:28:32,-52,Tahap-4
01/21/2025,13,28,32,13:28:32,36,Tahap-4
01/21/2025,13,28,57,13:28:57,7750,Tahap-4
01/21/2025,13,28,57,13:28:57,2894,Tahap-4
01/21/2025,13,28,57,13:28:57,1193,Tahap-4
01/21/2025,13,28,57,13:28:57,1071,Tahap-4
01/21/2025,13,28,57,13:28:57,900,Tahap-4
01/21/2025,13,28,57,13:28:57,750,Tahap-4
01/21/2025,13,28,57,13:28:57,607,Tahap-4
01/21/2025,13,28,57,13:28:57,505,Tahap-4
01/21/2025,13,28,58,13:28:58,460,Tahap-4
01/21/2025,13,28,58,13:28:58,463,Tahap-4
01/21/2025,13,28,58,13:28:58,452,Tahap-4
01/21/2025,13,28,58,13:28:58,418,Tahap-4
01/21/2025,13,28,58,13:28:58,394,Tahap-4
01/21/2025,13,28,58,13:28:58,355,Tahap-4
01/21/2025,13,28,58,13:28:58,298,Tahap-4
01/21/2025,13,28,58,13:28:58,281,Tahap-4
01/21/2025,13,28,58,13:28:58,258,Tahap-4
01/21/2025,13,28,58,13:28:58,261,Tahap-4
01/21/2025,13,28,59,13:28:59,161,Tahap-4
01/21/2025,13,28,59,13:28:59,238,Tahap-4
01/21/2025,13,28,59,13:28:59,182,Tahap-4
01/21/2025,13,28,59,13:28:59,218,Tahap-4
01/21/2025,13,28,59,13:28:59,591,Tahap-4
01/21/2025,13,28,59,13:28:59,552,Tahap-4
01/21/2025,13,28,59,13:28:59,257,Tahap-4
01/21/2025,13,28,59,13:28:59,142,Tahap-4
01/21/2025,13,28,59,13:28:59,98,Tahap-4
01/21/2025,13,28,59,13:28:59,134,Tahap-4
01/21/2025,13,29,1,13:29:01,108,Tahap-4
01/21/2025,13,29,1,13:29:01,125,Tahap-4
01/21/2025,13,29,1,13:29:01,93,Tahap-4
01/21/2025,13,29,1,13:29:01,100,Tahap-4
01/21/2025,13,29,1,13:29:01,164,Tahap-4
01/21/2025,13,29,1,13:29:01,374,Tahap-4
01/21/2025,13,29,1,13:29:01,144,Tahap-4
01/21/2025,13,29,1,13:29:01,72,Tahap-4
01/21/2025,13,29,1,13:29:01,313,Tahap-4
01/21/2025,13,29,1,13:29:01,54,Tahap-4
01/21/2025,13,29,2,13:29:02,106,Tahap-4
01/21/2025,13,29,2,13:29:02,67,Tahap-4
01/21/2025,13,29,2,13:29:02,121,Tahap-4
01/21/2025,13,29,2,13:29:02,100,Tahap-4
01/21/2025,13,29,2,13:29:02,52,Tahap-4
01/21/2025,13,29,2,13:29:02,137,Tahap-4
01/21/2025,13,29,2,13:29:02,118,Tahap-4
01/21/2025,13,29,2,13:29:02,18,Tahap-4
01/21/2025,13,29,2,13:29:02,135,Tahap-4
01/21/2025,13,29,2,13:29:02,54,Tahap-4
01/21/2025,13,29,3,13:29:03,58,Tahap-4
01/21/2025,13,29,3,13:29:03,51,Tahap-4
01/21/2025,13,29,3,13:29:03,55,Tahap-4
01/21/2025,13,29,3,13:29:03,75,Tahap-4
01/21/2025,13,29,3,13:29:03,65,Tahap-4
01/21/2025,13,29,3,13:29:03,46,Tahap-4
01/21/2025,13,29,3,13:29:03,171,Tahap-4
01/21/2025,13,29,3,13:29:03,110,Tahap-4
01/21/2025,13,29,3,13:29:03,161,Tahap-4
01/21/2025,13,29,3,13:29:03,107,Tahap-4
01/21/2025,13,29,4,13:29:04,120,Tahap-4
01/21/2025,13,29,4,13:29:04,72,Tahap-4
01/21/2025,13,29,4,13:29:04,463,Tahap-4
01/21/2025,13,29,4,13:29:04,209,Tahap-4
01/21/2025,13,29,4,13:29:04,93,Tahap-4
01/21/2025,13,29,4,13:29:04,44,Tahap-4
01/21/2025,13,29,4,13:29:04,75,Tahap-4
01/21/2025,13,29,4,13:29:04,169,Tahap-4
01/21/2025,13,29,4,13:29:04,33,Tahap-4
01/21/2025,13,29,4,13:29:04,156,Tahap-4
01/21/2025,13,29,5,13:29:05,77,Tahap-4
01/21/2025,13,29,5,13:29:05,39,Tahap-4
01/21/2025,13,29,5,13:29:05,97,Tahap-4
01/21/2025,13,29,5,13:29:05,36,Tahap-4
01/21/2025,13,29,5,13:29:05,153,Tahap-4
01/21/2025,13,29,5,13:29:05,77,Tahap-4
01/21/2025,13,29,5,13:29:05,133,Tahap-4
01/21/2025,13,29,5,13:29:05,273,Tahap-4
01/21/2025,13,29,5,13:29:05,117,Tahap-4
01/21/2025,13,29,5,13:29:05,250,Tahap-4
01/21/2025,13,29,6,13:29:06,377,Tahap-4
01/21/2025,13,29,6,13:29:06,177,Tahap-4
01/21/2025,13,29,6,13:29:06,161,Tahap-4
01/21/2025,13,29,6,13:29:06,124,Tahap-4
01/21/2025,13,29,6,13:29:06,65,Tahap-4
01/21/2025,13,29,6,13:29:06,375,Tahap-4
01/21/2025,13,29,6,13:29:06,447,Tahap-4
01/21/2025,13,29,6,13:29:06,527,Tahap-4
01/21/2025,13,29,6,13:29:06,244,Tahap-4
01/21/2025,13,29,6,13:29:06,97,Tahap-4
01/21/2025,13,29,7,13:29:07,95,Tahap-4
01/21/2025,13,29,7,13:29:07,134,Tahap-4
01/21/2025,13,29,7,13:29:07,34,Tahap-4
01/21/2025,13,29,7,13:29:07,125,Tahap-4
01/21/2025,13,29,7,13:29:07,74,Tahap-4
01/21/2025,13,29,7,13:29:07,20,Tahap-4
01/21/2025,13,29,7,13:29:07,37,Tahap-4
01/21/2025,13,29,7,13:29:07,94,Tahap-4
01/21/2025,13,29,7,13:29:07,55,Tahap-4
01/21/2025,13,29,7,13:29:07,52,Tahap-4
01/21/2025,13,29,8,13:29:08,153,Tahap-4
01/21/2025,13,29,8,13:29:08,176,Tahap-4
01/21/2025,13,29,8,13:29:08,172,Tahap-4
01/21/2025,13,29,8,13:29:08,292,Tahap-4
01/21/2025,13,29,8,13:29:08,99,Tahap-4
01/21/2025,13,29,8,13:29:08,236,Tahap-4
01/21/2025,13,29,8,13:29:08,125,Tahap-4
01/21/2025,13,29,8,13:29:08,170,Tahap-4
01/21/2025,13,29,8,13:29:08,97,Tahap-4
01/21/2025,13,29,8,13:29:08,377,Tahap-4
01/21/2025,13,29,9,13:29:09,33,Tahap-4
01/21/2025,13,29,9,13:29:09,381,Tahap-4
01/21/2025,13,29,9,13:29:09,237,Tahap-4
01/21/2025,13,29,9,13:29:09,261,Tahap-4
01/21/2025,13,29,9,13:29:09,141,Tahap-4
01/21/2025,13,29,9,13:29:09,65,Tahap-4
01/21/2025,13,29,9,13:29:09,270,Tahap-4
01/21/2025,13,29,9,13:29:09,100,Tahap-4
01/21/2025,13,29,9,13:29:09,200,Tahap-4
01/21/2025,13,29,9,13:29:09,-66,Tahap-4
01/21/2025,13,29,10,13:29:10,28,Tahap-4
01/21/2025,13,29,10,13:29:10,52,Tahap-4
01/21/2025,13,29,10,13:29:10,-52,Tahap-4
01/21/2025,13,29,10,13:29:10,-28,Tahap-4
01/21/2025,13,29,10,13:29:10,6,Tahap-4
01/21/2025,13,29,10,13:29:10,-48,Tahap-4
01/21/2025,13,29,10,13:29:10,2,Tahap-4
01/21/2025,13,29,10,13:29:10,-44,Tahap-4
01/21/2025,13,29,10,13:29:10,-42,Tahap-4
01/21/2025,13,29,10,13:29:10,18,Tahap-4
01/21/2025,13,29,11,13:29:11,-72,Tahap-4
01/21/2025,13,29,11,13:29:11,-42,Tahap-4
01/21/2025,13,29,11,13:29:11,26,Tahap-4
01/21/2025,13,29,11,13:29:11,-66,Tahap-4
01/21/2025,13,29,11,13:29:11,-68,Tahap-4
01/21/2025,13,29,11,13:29:11,-72,Tahap-4
01/21/2025,13,29,11,13:29:11,-32,Tahap-4
01/21/2025,13,29,11,13:29:11,-84,Tahap-4
01/21/2025,13,29,11,13:29:11,-18,Tahap-4
01/21/2025,13,29,12,13:29:12,-50,Tahap-4
01/21/2025,13,29,12,13:29:12,-82,Tahap-4
01/21/2025,13,29,12,13:29:12,-44,Tahap-4
01/21/2025,13,29,12,13:29:12,-60,Tahap-4
01/21/2025,13,29,12,13:29:12,-54,Tahap-4
01/21/2025,13,29,12,13:29:12,-108,Tahap-4
01/21/2025,13,29,12,13:29:12,-50,Tahap-4
01/21/2025,13,29,12,13:29:12,-94,Tahap-4
01/21/2025,13,29,12,13:29:12,-96,Tahap-4
01/21/2025,13,29,12,13:29:12,-100,Tahap-4
01/21/2025,13,29,13,13:29:13,-46,Tahap-4
01/21/2025,13,29,13,13:29:13,-54,Tahap-4
01/21/2025,13,29,13,13:29:13,-130,Tahap-4
01/21/2025,13,29,13,13:29:13,-46,Tahap-4
01/21/2025,13,29,13,13:29:13,-102,Tahap-4
01/21/2025,13,29,13,13:29:13,-86,Tahap-4
01/21/2025,13,29,13,13:29:13,-84,Tahap-4
01/21/2025,13,29,13,13:29:13,-112,Tahap-4
01/21/2025,13,29,13,13:29:13,-116,Tahap-4
01/21/2025,13,29,13,13:29:13,-126,Tahap-4
01/21/2025,13,29,14,13:29:14,-170,Tahap-4
01/21/2025,13,29,14,13:29:14,-76,Tahap-4
01/21/2025,13,29,14,13:29:14,-120,Tahap-4
01/21/2025,13,29,14,13:29:14,-172,Tahap-4
01/21/2025,13,29,14,13:29:14,-72,Tahap-4
01/21/2025,13,29,14,13:29:14,-146,Tahap-4
01/21/2025,13,29,14,13:29:14,-170,Tahap-4
01/21/2025,13,29,14,13:29:14,-116,Tahap-4
01/21/2025,13,29,14,13:29:14,-174,Tahap-4
01/21/2025,13,29,14,13:29:14,-174,Tahap-4
01/21/2025,13,29,15,13:29:15,-176,Tahap-4
01/21/2025,13,29,15,13:29:15,-254,Tahap-4
01/21/2025,13,29,15,13:29:15,-144,Tahap-4
01/21/2025,13,29,15,13:29:15,-184,Tahap-4
01/21/2025,13,29,15,13:29:15,-210,Tahap-4
01/21/2025,13,29,15,13:29:15,-146,Tahap-4
01/21/2025,13,29,15,13:29:15,-198,Tahap-4
01/21/2025,13,29,15,13:29:15,-218,Tahap-4
01/21/2025,13,29,15,13:29:15,-184,Tahap-4
01/21/2025,13,29,15,13:29:15,-166,Tahap-4
01/21/2025,13,29,16,13:29:16,-222,Tahap-4
01/21/2025,13,29,16,13:29:16,-192,Tahap-4
01/21/2025,13,29,16,13:29:16,-290,Tahap-4
01/21/2025,13,29,16,13:29:16,-162,Tahap-4
01/21/2025,13,29,16,13:29:16,-212,Tahap-4
01/21/2025,13,29,16,13:29:16,-222,Tahap-4
01/21/2025,13,29,16,13:29:16,-144,Tahap-4
01/21/2025,13,29,16,13:29:16,-206,Tahap-4
01/21/2025,13,29,16,13:29:16,-226,Tahap-4
01/21/2025,13,29,16,13:29:16,-220,Tahap-4
01/21/2025,13,29,17,13:29:17,-196,Tahap-4
01/21/2025,13,29,17,13:29:17,-242,Tahap-4
01/21/2025,13,29,17,13:29:17,-268,Tahap-4
01/21/2025,13,29,18,13:29:18,-226,Tahap-4
01/21/2025,13,29,18,13:29:18,-332,Tahap-4
01/21/2025,13,29,18,13:29:18,-190,Tahap-4
01/21/2025,13,29,18,13:29:18,-202,Tahap-4
01/21/2025,13,29,18,13:29:18,-230,Tahap-4
01/21/2025,13,29,18,13:29:18,-260,Tahap-4
01/21/2025,13,29,18,13:29:18,-180,Tahap-4
01/21/2025,13,29,18,13:29:18,-320,Tahap-4
01/21/2025,13,29,18,13:29:18,-212,Tahap-4
01/21/2025,13,29,18,13:29:18,-292,Tahap-4
01/21/2025,13,29,18,13:29:18,-240,Tahap-4
01/21/2025,13,29,18,13:29:18,-284,Tahap-4
01/21/2025,13,29,18,13:29:18,-248,Tahap-4
01/21/2025,13,29,18,13:29:18,-312,Tahap-4
01/21/2025,13,29,18,13:29:18,-186,Tahap-4
01/21/2025,13,29,18,13:29:18,-222,Tahap-4
01/21/2025,13,29,18,13:29:18,-238,Tahap-4
01/21/2025,13,29,19,13:29:19,-240,Tahap-4
01/21/2025,13,29,19,13:29:19,-202,Tahap-4
01/21/2025,13,29,19,13:29:19,-290,Tahap-4
01/21/2025,13,29,19,13:29:19,-220,Tahap-4
01/21/2025,13,29,19,13:29:19,-272,Tahap-4
01/21/2025,13,29,19,13:29:19,-318,Tahap-4
01/21/2025,13,29,19,13:29:19,-172,Tahap-4
01/21/2025,13,29,19,13:29:19,-308,Tahap-4
01/21/2025,13,29,19,13:29:19,-246,Tahap-4
01/21/2025,13,29,19,13:29:19,-176,Tahap-4
01/21/2025,13,29,20,13:29:20,-252,Tahap-4
01/21/2025,13,29,20,13:29:20,-302,Tahap-4
01/21/2025,13,29,20,13:29:20,-230,Tahap-4
01/21/2025,13,29,20,13:29:20,-318,Tahap-4
01/21/2025,13,29,20,13:29:20,-282,Tahap-4
01/21/2025,13,29,20,13:29:20,-318,Tahap-4
01/21/2025,13,29,20,13:29:20,-316,Tahap-4
01/21/2025,13,29,20,13:29:20,-204,Tahap-4
01/21/2025,13,29,20,13:29:20,-322,Tahap-4
01/21/2025,13,29,20,13:29:20,-212,Tahap-4
01/21/2025,13,29,21,13:29:21,-216,Tahap-4
01/21/2025,13,29,21,13:29:21,-234,Tahap-4
01/21/2025,13,29,21,13:29:21,-280,Tahap-4
01/21/2025,13,29,21,13:29:21,-232,Tahap-4
01/21/2025,13,29,21,13:29:21,-286,Tahap-4
01/21/2025,13,29,21,13:29:21,-276,Tahap-4
01/21/2025,13,29,21,13:29:21,-264,Tahap-4
01/21/2025,13,29,21,13:29:21,-288,Tahap-4
01/21/2025,13,29,21,13:29:21,-200,Tahap-4
01/21/2025,13,29,21,13:29:21,-264,Tahap-4
01/21/2025,13,29,22,13:29:22,-202,Tahap-4
01/21/2025,13,29,22,13:29:22,-242,Tahap-4
01/21/2025,13,29,22,13:29:22,-238,Tahap-4
01/21/2025,13,29,22,13:29:22,-240,Tahap-4
01/21/2025,13,29,22,13:29:22,-228,Tahap-4
01/21/2025,13,29,22,13:29:22,-266,Tahap-4
01/21/2025,13,29,22,13:29:22,-262,Tahap-4
01/21/2025,13,29,22,13:29:22,-314,Tahap-4
01/21/2025,13,29,47,13:29:47,2658,Tahap-4
01/21/2025,13,29,48,13:29:48,1227,Tahap-4
01/21/2025,13,29,48,13:29:48,5599,Tahap-4
01/21/2025,13,29,48,13:29:48,713,Tahap-4
01/21/2025,13,29,48,13:29:48,1256,Tahap-4
01/21/2025,13,29,48,13:29:48,106,Tahap-4
01/21/2025,13,29,48,13:29:48,1549,Tahap-4
01/21/2025,13,29,48,13:29:48,30,Tahap-4
01/21/2025,13,29,48,13:29:48,512,Tahap-4
01/21/2025,13,29,48,13:29:48,554,Tahap-4
01/21/2025,13,29,48,13:29:48,151,Tahap-4
01/21/2025,13,29,48,13:29:48,94,Tahap-4
01/21/2025,13,29,48,13:29:48,118,Tahap-4
01/21/2025,13,29,48,13:29:48,64,Tahap-4
01/21/2025,13,29,48,13:29:48,217,Tahap-4
01/21/2025,13,29,48,13:29:48,78,Tahap-4
01/21/2025,13,29,48,13:29:48,281,Tahap-4
01/21/2025,13,29,48,13:29:48,148,Tahap-4
01/21/2025,13,29,49,13:29:49,124,Tahap-4
01/21/2025,13,29,49,13:29:49,62,Tahap-4
01/21/2025,13,29,49,13:29:49,94,Tahap-4
01/21/2025,13,29,49,13:29:49,86,Tahap-4
01/21/2025,13,29,49,13:29:49,827,Tahap-4
01/21/2025,13,29,49,13:29:49,587,Tahap-4
01/21/2025,13,29,49,13:29:49,149,Tahap-4
01/21/2025,13,29,49,13:29:49,143,Tahap-4
01/21/2025,13,29,49,13:29:49,233,Tahap-4
01/21/2025,13,29,49,13:29:49,25,Tahap-4
01/21/2025,13,29,50,13:29:50,104,Tahap-4
01/21/2025,13,29,50,13:29:50,288,Tahap-4
01/21/2025,13,29,50,13:29:50,127,Tahap-4
01/21/2025,13,29,50,13:29:50,94,Tahap-4
01/21/2025,13,29,50,13:29:50,149,Tahap-4
01/21/2025,13,29,50,13:29:50,34,Tahap-4
01/21/2025,13,29,50,13:29:50,196,Tahap-4
01/21/2025,13,29,50,13:29:50,212,Tahap-4
01/21/2025,13,29,50,13:29:50,48,Tahap-4
01/21/2025,13,29,50,13:29:50,48,Tahap-4
01/21/2025,13,29,51,13:29:51,159,Tahap-4
01/21/2025,13,29,51,13:29:51,139,Tahap-4
01/21/2025,13,29,51,13:29:51,129,Tahap-4
01/21/2025,13,29,51,13:29:51,161,Tahap-4
01/21/2025,13,29,51,13:29:51,122,Tahap-4
01/21/2025,13,29,51,13:29:51,473,Tahap-4
01/21/2025,13,29,51,13:29:51,201,Tahap-4
01/21/2025,13,29,51,13:29:51,38,Tahap-4
01/21/2025,13,29,51,13:29:51,454,Tahap-4
01/21/2025,13,29,51,13:29:51,194,Tahap-4
01/21/2025,13,29,52,13:29:52,39,Tahap-4
01/21/2025,13,29,52,13:29:52,107,Tahap-4
01/21/2025,13,29,52,13:29:52,88,Tahap-4
01/21/2025,13,29,52,13:29:52,37,Tahap-4
01/21/2025,13,29,52,13:29:52,49,Tahap-4
01/21/2025,13,29,52,13:29:52,202,Tahap-4
01/21/2025,13,29,52,13:29:52,238,Tahap-4
01/21/2025,13,29,52,13:29:52,41,Tahap-4
01/21/2025,13,29,52,13:29:52,120,Tahap-4
01/21/2025,13,29,52,13:29:52,179,Tahap-4
01/21/2025,13,29,53,13:29:53,74,Tahap-4
01/21/2025,13,29,53,13:29:53,222,Tahap-4
01/21/2025,13,29,53,13:29:53,137,Tahap-4
01/21/2025,13,29,53,13:29:53,85,Tahap-4
01/21/2025,13,29,53,13:29:53,136,Tahap-4
01/21/2025,13,29,53,13:29:53,150,Tahap-4
01/21/2025,13,29,53,13:29:53,367,Tahap-4
01/21/2025,13,29,53,13:29:53,50,Tahap-4
01/21/2025,13,29,53,13:29:53,106,Tahap-4
01/21/2025,13,29,53,13:29:53,242,Tahap-4
01/21/2025,13,29,53,13:29:53,162,Tahap-4
01/21/2025,13,29,54,13:29:54,417,Tahap-4
01/21/2025,13,29,54,13:29:54,1362,Tahap-4
01/21/2025,13,29,54,13:29:54,247,Tahap-4
01/21/2025,13,29,54,13:29:54,93,Tahap-4
01/21/2025,13,29,54,13:29:54,138,Tahap-4
01/21/2025,13,29,54,13:29:54,191,Tahap-4
01/21/2025,13,29,54,13:29:54,235,Tahap-4
01/21/2025,13,29,54,13:29:54,135,Tahap-4
01/21/2025,13,29,54,13:29:54,80,Tahap-4
01/21/2025,13,29,54,13:29:54,81,Tahap-4
01/21/2025,13,29,55,13:29:55,67,Tahap-4
01/21/2025,13,29,55,13:29:55,132,Tahap-4
01/21/2025,13,29,55,13:29:55,140,Tahap-4
01/21/2025,13,29,55,13:29:55,154,Tahap-4
01/21/2025,13,29,55,13:29:55,156,Tahap-4
01/21/2025,13,29,55,13:29:55,167,Tahap-4
01/21/2025,13,29,55,13:29:55,223,Tahap-4
01/21/2025,13,29,55,13:29:55,230,Tahap-4
01/21/2025,13,29,55,13:29:55,253,Tahap-4
01/21/2025,13,29,55,13:29:55,903,Tahap-4
01/21/2025,13,29,56,13:29:56,102,Tahap-4
01/21/2025,13,29,56,13:29:56,241,Tahap-4
01/21/2025,13,29,56,13:29:56,302,Tahap-4
01/21/2025,13,29,56,13:29:56,292,Tahap-4
01/21/2025,13,29,56,13:29:56,657,Tahap-4
01/21/2025,13,29,56,13:29:56,1547,Tahap-4
01/21/2025,13,29,56,13:29:56,371,Tahap-4
01/21/2025,13,29,56,13:29:56,510,Tahap-4
01/21/2025,13,29,56,13:29:56,352,Tahap-4
01/21/2025,13,29,56,13:29:56,287,Tahap-4
01/21/2025,13,29,57,13:29:57,178,Tahap-4
01/21/2025,13,29,57,13:29:57,76,Tahap-4
01/21/2025,13,29,57,13:29:57,144,Tahap-4
01/21/2025,13,29,57,13:29:57,139,Tahap-4
01/21/2025,13,29,57,13:29:57,167,Tahap-4
01/21/2025,13,29,57,13:29:57,47,Tahap-4
01/21/2025,13,29,57,13:29:57,68,Tahap-4
01/21/2025,13,29,57,13:29:57,186,Tahap-4
01/21/2025,13,29,57,13:29:57,180,Tahap-4
01/21/2025,13,29,57,13:29:57,259,Tahap-4
01/21/2025,13,29,58,13:29:58,254,Tahap-4
01/21/2025,13,29,58,13:29:58,259,Tahap-4
01/21/2025,13,29,58,13:29:58,462,Tahap-4
01/21/2025,13,29,58,13:29:58,276,Tahap-4
01/21/2025,13,29,58,13:29:58,126,Tahap-4
01/21/2025,13,29,58,13:29:58,287,Tahap-4
01/21/2025,13,29,58,13:29:58,326,Tahap-4
01/21/2025,13,29,58,13:29:58,401,Tahap-4
01/21/2025,13,29,58,13:29:58,719,Tahap-4
01/21/2025,13,29,58,13:29:58,718,Tahap-4
01/21/2025,13,29,59,13:29:59,442,Tahap-4
01/21/2025,13,29,59,13:29:59,350,Tahap-4
01/21/2025,13,29,59,13:29:59,305,Tahap-4
01/21/2025,13,29,59,13:29:59,308,Tahap-4
01/21/2025,13,29,59,13:29:59,279,Tahap-4
01/21/2025,13,29,59,13:29:59,134,Tahap-4
01/21/2025,13,29,59,13:29:59,211,Tahap-4
01/21/2025,13,29,59,13:29:59,234,Tahap-4
01/21/2025,13,29,59,13:29:59,-140,Tahap-4
01/21/2025,13,29,59,13:29:59,52,Tahap-4
01/21/2025,13,30,1,13:30:01,-84,Tahap-4
01/21/2025,13,30,1,13:30:01,-128,Tahap-4
01/21/2025,13,30,1,13:30:01,-212,Tahap-4
01/21/2025,13,30,1,13:30:01,-148,Tahap-4
01/21/2025,13,30,1,13:30:01,-116,Tahap-4
01/21/2025,13,30,1,13:30:01,-184,Tahap-4
01/21/2025,13,30,1,13:30:01,-140,Tahap-4
01/21/2025,13,30,1,13:30:01,-228,Tahap-4
01/21/2025,13,30,1,13:30:01,-76,Tahap-4
01/21/2025,13,30,1,13:30:01,-188,Tahap-4
01/21/2025,13,30,2,13:30:02,-88,Tahap-4
01/21/2025,13,30,2,13:30:02,-76,Tahap-4
01/21/2025,13,30,2,13:30:02,-120,Tahap-4
01/21/2025,13,30,2,13:30:02,-164,Tahap-4
01/21/2025,13,30,2,13:30:02,-108,Tahap-4
01/21/2025,13,30,2,13:30:02,-84,Tahap-4
01/21/2025,13,30,2,13:30:02,-28,Tahap-4
01/21/2025,13,30,2,13:30:02,-120,Tahap-4
01/21/2025,13,30,2,13:30:02,36,Tahap-4
01/21/2025,13,30,2,13:30:02,8,Tahap-4
01/21/2025,13,30,3,13:30:03,-24,Tahap-4
01/21/2025,13,30,3,13:30:03,212,Tahap-4
01/21/2025,13,30,3,13:30:03,132,Tahap-4
01/21/2025,13,30,3,13:30:03,44,Tahap-4
01/21/2025,13,30,3,13:30:03,84,Tahap-4
01/21/2025,13,30,3,13:30:03,140,Tahap-4
01/21/2025,13,30,3,13:30:03,92,Tahap-4
01/21/2025,13,30,3,13:30:03,224,Tahap-4
01/21/2025,13,30,3,13:30:03,60,Tahap-4
01/21/2025,13,30,3,13:30:03,268,Tahap-4
01/21/2025,13,30,4,13:30:04,208,Tahap-4
01/21/2025,13,30,4,13:30:04,28,Tahap-4
01/21/2025,13,30,4,13:30:04,304,Tahap-4
01/21/2025,13,30,4,13:30:04,268,Tahap-4
01/21/2025,13,30,4,13:30:04,112,Tahap-4
01/21/2025,13,30,4,13:30:04,232,Tahap-4
01/21/2025,13,30,4,13:30:04,128,Tahap-4
01/21/2025,13,30,4,13:30:04,40,Tahap-4
01/21/2025,13,30,4,13:30:04,160,Tahap-4
01/21/2025,13,30,4,13:30:04,20,Tahap-4
01/21/2025,13,30,5,13:30:05,156,Tahap-4
01/21/2025,13,30,5,13:30:05,36,Tahap-4
01/21/2025,13,30,5,13:30:05,8,Tahap-4
01/21/2025,13,30,5,13:30:05,124,Tahap-4
01/21/2025,13,30,5,13:30:05,160,Tahap-4
01/21/2025,13,30,5,13:30:05,-36,Tahap-4
01/21/2025,13,30,5,13:30:05,-52,Tahap-4
01/21/2025,13,30,5,13:30:05,36,Tahap-4
01/21/2025,13,30,5,13:30:05,-100,Tahap-4
01/21/2025,13,30,5,13:30:05,-56,Tahap-4
01/21/2025,13,30,6,13:30:06,-176,Tahap-4
01/21/2025,13,30,6,13:30:06,12,Tahap-4
01/21/2025,13,30,6,13:30:06,-128,Tahap-4
01/21/2025,13,30,6,13:30:06,-140,Tahap-4
01/21/2025,13,30,6,13:30:06,-8,Tahap-4
01/21/2025,13,30,6,13:30:06,-168,Tahap-4
01/21/2025,13,30,6,13:30:06,-88,Tahap-4
01/21/2025,13,30,6,13:30:06,-220,Tahap-4
01/21/2025,13,30,6,13:30:06,-156,Tahap-4
01/21/2025,13,30,6,13:30:06,-284,Tahap-4
01/21/2025,13,30,7,13:30:07,-268,Tahap-4
01/21/2025,13,30,7,13:30:07,-308,Tahap-4
01/21/2025,13,30,7,13:30:07,-88,Tahap-4
01/21/2025,13,30,7,13:30:07,-292,Tahap-4
01/21/2025,13,30,7,13:30:07,-192,Tahap-4
01/21/2025,13,30,7,13:30:07,-108,Tahap-4
01/21/2025,13,30,7,13:30:07,-288,Tahap-4
01/21/2025,13,30,7,13:30:07,-220,Tahap-4
01/21/2025,13,30,7,13:30:07,-192,Tahap-4
01/21/2025,13,30,7,13:30:07,-312,Tahap-4
01/21/2025,13,30,8,13:30:08,-224,Tahap-4
01/21/2025,13,30,8,13:30:08,-360,Tahap-4
01/21/2025,13,30,8,13:30:08,-320,Tahap-4
01/21/2025,13,30,8,13:30:08,-136,Tahap-4
01/21/2025,13,30,8,13:30:08,-368,Tahap-4
01/21/2025,13,30,8,13:30:08,-188,Tahap-4
01/21/2025,13,30,8,13:30:08,-164,Tahap-4
01/21/2025,13,30,8,13:30:08,-272,Tahap-4
01/21/2025,13,30,8,13:30:08,-260,Tahap-4
01/21/2025,13,30,8,13:30:08,-164,Tahap-4
01/21/2025,13,30,9,13:30:09,-316,Tahap-4
01/21/2025,13,30,9,13:30:09,-208,Tahap-4
01/21/2025,13,30,9,13:30:09,-368,Tahap-4
01/21/2025,13,30,9,13:30:09,-320,Tahap-4
01/21/2025,13,30,9,13:30:09,-196,Tahap-4
01/21/2025,13,30,9,13:30:09,-364,Tahap-4
01/21/2025,13,30,9,13:30:09,-112,Tahap-4
01/21/2025,13,30,9,13:30:09,-180,Tahap-4
01/21/2025,13,30,9,13:30:09,-232,Tahap-4
01/21/2025,13,30,9,13:30:09,-288,Tahap-4
01/21/2025,13,30,10,13:30:10,-120,Tahap-4
01/21/2025,13,30,10,13:30:10,-180,Tahap-4
01/21/2025,13,30,10,13:30:10,-160,Tahap-4
01/21/2025,13,30,10,13:30:10,-208,Tahap-4
01/21/2025,13,30,10,13:30:10,-72,Tahap-4
01/21/2025,13,30,10,13:30:10,-32,Tahap-4
01/21/2025,13,30,10,13:30:10,-88,Tahap-4
01/21/2025,13,30,10,13:30:10,132,Tahap-4
01/21/2025,13,30,10,13:30:10,28,Tahap-4
01/21/2025,13,30,10,13:30:10,24,Tahap-4
01/21/2025,13,30,11,13:30:11,76,Tahap-4
01/21/2025,13,30,11,13:30:11,24,Tahap-4
01/21/2025,13,30,11,13:30:11,92,Tahap-4
01/21/2025,13,30,11,13:30:11,52,Tahap-4
01/21/2025,13,30,11,13:30:11,8,Tahap-4
01/21/2025,13,30,11,13:30:11,224,Tahap-4
01/21/2025,13,30,11,13:30:11,-40,Tahap-4
01/21/2025,13,30,11,13:30:11,124,Tahap-4
01/21/2025,13,30,11,13:30:11,292,Tahap-4
01/21/2025,13,30,11,13:30:11,108,Tahap-4
01/21/2025,13,30,12,13:30:12,96,Tahap-4
01/21/2025,13,30,12,13:30:12,164,Tahap-4
01/21/2025,13,30,12,13:30:12,72,Tahap-4
01/21/2025,13,30,12,13:30:12,120,Tahap-4
01/21/2025,13,30,12,13:30:12,92,Tahap-4
01/21/2025,13,30,12,13:30:12,48,Tahap-4
01/21/2025,13,30,12,13:30:12,140,Tahap-4
01/21/2025,13,30,37,13:30:37,2133,Tahap-4
01/21/2025,13,30,37,13:30:37,1352,Tahap-4
01/21/2025,13,30,37,13:30:37,267,Tahap-4
01/21/2025,13,30,37,13:30:37,1059,Tahap-4
01/21/2025,13,30,37,13:30:37,600,Tahap-4
01/21/2025,13,30,37,13:30:37,364,Tahap-4
01/21/2025,13,30,37,13:30:37,195,Tahap-4
01/21/2025,13,30,37,13:30:37,186,Tahap-4
01/21/2025,13,30,37,13:30:37,250,Tahap-4
01/21/2025,13,30,38,13:30:38,154,Tahap-4
01/21/2025,13,30,38,13:30:38,108,Tahap-4
01/21/2025,13,30,38,13:30:38,152,Tahap-4
01/21/2025,13,30,38,13:30:38,79,Tahap-4
01/21/2025,13,30,38,13:30:38,34,Tahap-4
01/21/2025,13,30,38,13:30:38,28,Tahap-4
01/21/2025,13,30,38,13:30:38,138,Tahap-4
01/21/2025,13,30,38,13:30:38,120,Tahap-4
01/21/2025,13,30,38,13:30:38,16,Tahap-4
01/21/2025,13,30,38,13:30:38,50,Tahap-4
01/21/2025,13,30,39,13:30:39,81,Tahap-4
01/21/2025,13,30,39,13:30:39,54,Tahap-4
01/21/2025,13,30,39,13:30:39,200,Tahap-4
01/21/2025,13,30,39,13:30:39,647,Tahap-4
01/21/2025,13,30,39,13:30:39,244,Tahap-4
01/21/2025,13,30,39,13:30:39,227,Tahap-4
01/21/2025,13,30,39,13:30:39,111,Tahap-4
01/21/2025,13,30,39,13:30:39,212,Tahap-4
01/21/2025,13,30,39,13:30:39,50,Tahap-4
01/21/2025,13,30,39,13:30:39,196,Tahap-4
01/21/2025,13,30,40,13:30:40,191,Tahap-4
01/21/2025,13,30,40,13:30:40,43,Tahap-4
01/21/2025,13,30,40,13:30:40,60,Tahap-4
01/21/2025,13,30,40,13:30:40,58,Tahap-4
01/21/2025,13,30,40,13:30:40,59,Tahap-4
01/21/2025,13,30,40,13:30:40,119,Tahap-4
01/21/2025,13,30,40,13:30:40,71,Tahap-4
01/21/2025,13,30,40,13:30:40,11,Tahap-4
01/21/2025,13,30,40,13:30:40,92,Tahap-4
01/21/2025,13,30,40,13:30:40,76,Tahap-4
01/21/2025,13,30,41,13:30:41,45,Tahap-4
01/21/2025,13,30,41,13:30:41,56,Tahap-4
01/21/2025,13,30,41,13:30:41,37,Tahap-4
01/21/2025,13,30,41,13:30:41,90,Tahap-4
01/21/2025,13,30,41,13:30:41,535,Tahap-4
01/21/2025,13,30,41,13:30:41,293,Tahap-4
01/21/2025,13,30,41,13:30:41,159,Tahap-4
01/21/2025,13,30,41,13:30:41,433,Tahap-4
01/21/2025,13,30,41,13:30:41,148,Tahap-4
01/21/2025,13,30,41,13:30:41,113,Tahap-4
01/21/2025,13,30,42,13:30:42,108,Tahap-4
01/21/2025,13,30,42,13:30:42,130,Tahap-4
01/21/2025,13,30,42,13:30:42,81,Tahap-4
01/21/2025,13,30,42,13:30:42,79,Tahap-4
01/21/2025,13,30,42,13:30:42,70,Tahap-4
01/21/2025,13,30,42,13:30:42,102,Tahap-4
01/21/2025,13,30,42,13:30:42,76,Tahap-4
01/21/2025,13,30,42,13:30:42,6,Tahap-4
01/21/2025,13,30,42,13:30:42,37,Tahap-4
01/21/2025,13,30,42,13:30:42,127,Tahap-4
01/21/2025,13,30,43,13:30:43,201,Tahap-4
01/21/2025,13,30,43,13:30:43,55,Tahap-4
01/21/2025,13,30,43,13:30:43,119,Tahap-4
01/21/2025,13,30,43,13:30:43,53,Tahap-4
01/21/2025,13,30,43,13:30:43,426,Tahap-4
01/21/2025,13,30,43,13:30:43,35,Tahap-4
01/21/2025,13,30,43,13:30:43,81,Tahap-4
01/21/2025,13,30,43,13:30:43,39,Tahap-4
01/21/2025,13,30,43,13:30:43,144,Tahap-4
01/21/2025,13,30,43,13:30:43,447,Tahap-4
01/21/2025,13,30,44,13:30:44,164,Tahap-4
01/21/2025,13,30,44,13:30:44,1052,Tahap-4
01/21/2025,13,30,44,13:30:44,469,Tahap-4
01/21/2025,13,30,44,13:30:44,280,Tahap-4
01/21/2025,13,30,44,13:30:44,129,Tahap-4
01/21/2025,13,30,44,13:30:44,57,Tahap-4
01/21/2025,13,30,44,13:30:44,267,Tahap-4
01/21/2025,13,30,44,13:30:44,141,Tahap-4
01/21/2025,13,30,44,13:30:44,61,Tahap-4
01/21/2025,13,30,44,13:30:44,126,Tahap-4
01/21/2025,13,30,45,13:30:45,102,Tahap-4
01/21/2025,13,30,45,13:30:45,88,Tahap-4
01/21/2025,13,30,45,13:30:45,327,Tahap-4
01/21/2025,13,30,45,13:30:45,204,Tahap-4
01/21/2025,13,30,45,13:30:45,212,Tahap-4
01/21/2025,13,30,45,13:30:45,173,Tahap-4
01/21/2025,13,30,45,13:30:45,397,Tahap-4
01/21/2025,13,30,45,13:30:45,225,Tahap-4
01/21/2025,13,30,45,13:30:45,816,Tahap-4
01/21/2025,13,30,45,13:30:45,687,Tahap-4
01/21/2025,13,30,46,13:30:46,386,Tahap-4
01/21/2025,13,30,46,13:30:46,122,Tahap-4
01/21/2025,13,30,46,13:30:46,248,Tahap-4
01/21/2025,13,30,46,13:30:46,374,Tahap-4
01/21/2025,13,30,46,13:30:46,857,Tahap-4
01/21/2025,13,30,46,13:30:46,888,Tahap-4
01/21/2025,13,30,46,13:30:46,659,Tahap-4
01/21/2025,13,30,46,13:30:46,880,Tahap-4
01/21/2025,13,30,46,13:30:46,209,Tahap-4
01/21/2025,13,30,46,13:30:46,140,Tahap-4
01/21/2025,13,30,47,13:30:47,114,Tahap-4
01/21/2025,13,30,47,13:30:47,349,Tahap-4
01/21/2025,13,30,47,13:30:47,228,Tahap-4
01/21/2025,13,30,48,13:30:48,68,Tahap-4
01/21/2025,13,30,48,13:30:48,31,Tahap-4
01/21/2025,13,30,48,13:30:48,158,Tahap-4
01/21/2025,13,30,48,13:30:48,198,Tahap-4
01/21/2025,13,30,48,13:30:48,109,Tahap-4
01/21/2025,13,30,48,13:30:48,177,Tahap-4
01/21/2025,13,30,48,13:30:48,428,Tahap-4
01/21/2025,13,30,48,13:30:48,370,Tahap-4
01/21/2025,13,30,48,13:30:48,143,Tahap-4
01/21/2025,13,30,48,13:30:48,15,Tahap-4
01/21/2025,13,30,48,13:30:48,192,Tahap-4
01/21/2025,13,30,48,13:30:48,144,Tahap-4
01/21/2025,13,30,48,13:30:48,173,Tahap-4
01/21/2025,13,30,48,13:30:48,348,Tahap-4
01/21/2025,13,30,48,13:30:48,474,Tahap-4
01/21/2025,13,30,48,13:30:48,295,Tahap-4
01/21/2025,13,30,48,13:30:48,909,Tahap-4
01/21/2025,13,30,49,13:30:49,730,Tahap-4
01/21/2025,13,30,49,13:30:49,320,Tahap-4
01/21/2025,13,30,49,13:30:49,160,Tahap-4
01/21/2025,13,30,49,13:30:49,154,Tahap-4
01/21/2025,13,30,49,13:30:49,48,Tahap-4
01/21/2025,13,30,49,13:30:49,389,Tahap-4
01/21/2025,13,30,49,13:30:49,119,Tahap-4
01/21/2025,13,30,49,13:30:49,99,Tahap-4
01/21/2025,13,30,49,13:30:49,232,Tahap-4
01/21/2025,13,30,49,13:30:49,88,Tahap-4
01/21/2025,13,30,50,13:30:50,-48,Tahap-4
01/21/2025,13,30,50,13:30:50,56,Tahap-4
01/21/2025,13,30,50,13:30:50,-104,Tahap-4
01/21/2025,13,30,50,13:30:50,144,Tahap-4
01/21/2025,13,30,50,13:30:50,32,Tahap-4
01/21/2025,13,30,50,13:30:50,-128,Tahap-4
01/21/2025,13,30,50,13:30:50,360,Tahap-4
01/21/2025,13,30,50,13:30:50,-232,Tahap-4
01/21/2025,13,30,50,13:30:50,64,Tahap-4
01/21/2025,13,30,50,13:30:50,272,Tahap-4
01/21/2025,13,30,51,13:30:51,16,Tahap-4
01/21/2025,13,30,51,13:30:51,-72,Tahap-4
01/21/2025,13,30,51,13:30:51,216,Tahap-4
01/21/2025,13,30,51,13:30:51,-96,Tahap-4
01/21/2025,13,30,51,13:30:51,120,Tahap-4
01/21/2025,13,30,51,13:30:51,-16,Tahap-4
01/21/2025,13,30,51,13:30:51,48,Tahap-4
01/21/2025,13,30,51,13:30:51,280,Tahap-4
01/21/2025,13,30,51,13:30:51,-80,Tahap-4
01/21/2025,13,30,51,13:30:51,152,Tahap-4
01/21/2025,13,30,52,13:30:52,280,Tahap-4
01/21/2025,13,30,52,13:30:52,216,Tahap-4
01/21/2025,13,30,52,13:30:52,-104,Tahap-4
01/21/2025,13,30,52,13:30:52,224,Tahap-4
01/21/2025,13,30,52,13:30:52,-40,Tahap-4
01/21/2025,13,30,52,13:30:52,136,Tahap-4
01/21/2025,13,30,52,13:30:52,-120,Tahap-4
01/21/2025,13,30,52,13:30:52,320,Tahap-4
01/21/2025,13,30,52,13:30:52,192,Tahap-4
01/21/2025,13,30,52,13:30:52,72,Tahap-4
01/21/2025,13,30,53,13:30:53,208,Tahap-4
01/21/2025,13,30,53,13:30:53,136,Tahap-4
01/21/2025,13,30,53,13:30:53,224,Tahap-4
01/21/2025,13,30,53,13:30:53,168,Tahap-4
01/21/2025,13,30,53,13:30:53,104,Tahap-4
01/21/2025,13,30,53,13:30:53,144,Tahap-4
01/21/2025,13,30,53,13:30:53,128,Tahap-4
01/21/2025,13,30,53,13:30:53,-72,Tahap-4
01/21/2025,13,30,53,13:30:53,424,Tahap-4
01/21/2025,13,30,53,13:30:53,112,Tahap-4
01/21/2025,13,30,54,13:30:54,192,Tahap-4
01/21/2025,13,30,54,13:30:54,312,Tahap-4
01/21/2025,13,30,54,13:30:54,128,Tahap-4
01/21/2025,13,30,54,13:30:54,48,Tahap-4
01/21/2025,13,30,54,13:30:54,352,Tahap-4
01/21/2025,13,30,54,13:30:54,-16,Tahap-4
01/21/2025,13,30,54,13:30:54,40,Tahap-4
01/21/2025,13,30,54,13:30:54,128,Tahap-4
01/21/2025,13,30,54,13:30:54,-216,Tahap-4
01/21/2025,13,30,54,13:30:54,208,Tahap-4
01/21/2025,13,30,55,13:30:55,136,Tahap-4
01/21/2025,13,30,55,13:30:55,-16,Tahap-4
01/21/2025,13,30,55,13:30:55,112,Tahap-4
01/21/2025,13,30,55,13:30:55,120,Tahap-4
01/21/2025,13,30,55,13:30:55,-256,Tahap-4
01/21/2025,13,30,55,13:30:55,8,Tahap-4
01/21/2025,13,30,55,13:30:55,-112,Tahap-4
01/21/2025,13,30,55,13:30:55,-72,Tahap-4
01/21/2025,13,30,55,13:30:55,-376,Tahap-4
01/21/2025,13,30,56,13:30:56,-208,Tahap-4
01/21/2025,13,30,56,13:30:56,40,Tahap-4
01/21/2025,13,30,56,13:30:56,-224,Tahap-4
01/21/2025,13,30,56,13:30:56,-136,Tahap-4
01/21/2025,13,30,56,13:30:56,-8,Tahap-4
01/21/2025,13,30,56,13:30:56,-336,Tahap-4
01/21/2025,13,30,56,13:30:56,-192,Tahap-4
01/21/2025,13,30,56,13:30:56,-440,Tahap-4
01/21/2025,13,30,56,13:30:56,96,Tahap-4
01/21/2025,13,30,56,13:30:56,-360,Tahap-4
01/21/2025,13,30,57,13:30:57,-408,Tahap-4
01/21/2025,13,30,57,13:30:57,-272,Tahap-4
01/21/2025,13,30,57,13:30:57,-216,Tahap-4
01/21/2025,13,30,57,13:30:57,-120,Tahap-4
01/21/2025,13,30,57,13:30:57,-72,Tahap-4
01/21/2025,13,30,57,13:30:57,-168,Tahap-4
01/21/2025,13,30,57,13:30:57,-160,Tahap-4
01/21/2025,13,30,57,13:30:57,-256,Tahap-4
01/21/2025,13,30,57,13:30:57,-280,Tahap-4
01/21/2025,13,30,57,13:30:57,112,Tahap-4
01/21/2025,13,30,58,13:30:58,-344,Tahap-4
01/21/2025,13,30,58,13:30:58,-136,Tahap-4
01/21/2025,13,30,58,13:30:58,-136,Tahap-4
01/21/2025,13,30,58,13:30:58,-312,Tahap-4
01/21/2025,13,30,58,13:30:58,-16,Tahap-4
01/21/2025,13,30,58,13:30:58,32,Tahap-4
01/21/2025,13,30,58,13:30:58,-280,Tahap-4
01/21/2025,13,30,58,13:30:58,24,Tahap-4
01/21/2025,13,30,58,13:30:58,-400,Tahap-4
01/21/2025,13,30,58,13:30:58,-144,Tahap-4
01/21/2025,13,30,59,13:30:59,-16,Tahap-4
01/21/2025,13,30,59,13:30:59,-376,Tahap-4
01/21/2025,13,30,59,13:30:59,-160,Tahap-4
01/21/2025,13,30,59,13:30:59,-152,Tahap-4
01/21/2025,13,30,59,13:30:59,-232,Tahap-4
01/21/2025,13,30,59,13:30:59,-64,Tahap-4
01/21/2025,13,30,59,13:30:59,72,Tahap-4
01/21/2025,13,30,59,13:30:59,-256,Tahap-4
01/21/2025,13,30,59,13:30:59,-32,Tahap-4
01/21/2025,13,30,59,13:30:59,-304,Tahap-4
01/21/2025,13,31,1,13:31:01,-152,Tahap-4
01/21/2025,13,31,1,13:31:01,-256,Tahap-4
01/21/2025,13,31,1,13:31:01,-240,Tahap-4
01/21/2025,13,31,1,13:31:01,-168,Tahap-4
01/21/2025,13,31,1,13:31:01,-200,Tahap-4
01/21/2025,13,31,1,13:31:01,-344,Tahap-4
01/21/2025,13,31,1,13:31:01,-168,Tahap-4
01/21/2025,13,31,1,13:31:01,-432,Tahap-4
01/21/2025,13,31,1,13:31:01,-112,Tahap-4
01/21/2025,13,31,1,13:31:01,-416,Tahap-4
01/21/2025,13,31,2,13:31:02,-264,Tahap-4
01/21/2025,13,31,2,13:31:02,-32,Tahap-4
01/21/2025,13,31,2,13:31:02,-472,Tahap-4
01/21/2025,13,31,2,13:31:02,-144,Tahap-4
01/21/2025,13,31,2,13:31:02,40,Tahap-4
01/21/2025,13,31,2,13:31:02,-384,Tahap-4
01/21/2025,13,31,27,13:31:27,400,Tahap-4
01/21/2025,13,31,27,13:31:27,811,Tahap-4
01/21/2025,13,31,27,13:31:27,841,Tahap-4
01/21/2025,13,31,27,13:31:27,241,Tahap-4
01/21/2025,13,31,27,13:31:27,50,Tahap-4
01/21/2025,13,31,27,13:31:27,284,Tahap-4
01/21/2025,13,31,27,13:31:27,188,Tahap-4
01/21/2025,13,31,27,13:31:27,145,Tahap-4
01/21/2025,13,31,27,13:31:27,167,Tahap-4
01/21/2025,13,31,27,13:31:27,31,Tahap-4
01/21/2025,13,31,28,13:31:28,201,Tahap-4
01/21/2025,13,31,28,13:31:28,373,Tahap-4
01/21/2025,13,31,28,13:31:28,78,Tahap-4
01/21/2025,13,31,28,13:31:28,111,Tahap-4
01/21/2025,13,31,28,13:31:28,51,Tahap-4
01/21/2025,13,31,28,13:31:28,113,Tahap-4
01/21/2025,13,31,28,13:31:28,83,Tahap-4
01/21/2025,13,31,28,13:31:28,199,Tahap-4
01/21/2025,13,31,28,13:31:28,119,Tahap-4
01/21/2025,13,31,28,13:31:28,102,Tahap-4
01/21/2025,13,31,29,13:31:29,64,Tahap-4
01/21/2025,13,31,29,13:31:29,223,Tahap-4
01/21/2025,13,31,29,13:31:29,974,Tahap-4
01/21/2025,13,31,29,13:31:29,463,Tahap-4
01/21/2025,13,31,29,13:31:29,201,Tahap-4
01/21/2025,13,31,29,13:31:29,83,Tahap-4
01/21/2025,13,31,29,13:31:29,8,Tahap-4
01/21/2025,13,31,29,13:31:29,178,Tahap-4
01/21/2025,13,31,29,13:31:29,127,Tahap-4
01/21/2025,13,31,29,13:31:29,135,Tahap-4
01/21/2025,13,31,30,13:31:30,92,Tahap-4
01/21/2025,13,31,30,13:31:30,97,Tahap-4
01/21/2025,13,31,30,13:31:30,101,Tahap-4
01/21/2025,13,31,30,13:31:30,69,Tahap-4
01/21/2025,13,31,30,13:31:30,6,Tahap-4
01/21/2025,13,31,30,13:31:30,222,Tahap-4
01/21/2025,13,31,30,13:31:30,40,Tahap-4
01/21/2025,13,31,30,13:31:30,128,Tahap-4
01/21/2025,13,31,30,13:31:30,207,Tahap-4
01/21/2025,13,31,30,13:31:30,64,Tahap-4
01/21/2025,13,31,31,13:31:31,62,Tahap-4
01/21/2025,13,31,31,13:31:31,111,Tahap-4
01/21/2025,13,31,31,13:31:31,331,Tahap-4
01/21/2025,13,31,31,13:31:31,488,Tahap-4
01/21/2025,13,31,31,13:31:31,208,Tahap-4
01/21/2025,13,31,31,13:31:31,67,Tahap-4
01/21/2025,13,31,31,13:31:31,420,Tahap-4
01/21/2025,13,31,31,13:31:31,91,Tahap-4
01/21/2025,13,31,31,13:31:31,191,Tahap-4
01/21/2025,13,31,31,13:31:31,113,Tahap-4
01/21/2025,13,31,32,13:31:32,63,Tahap-4
01/21/2025,13,31,32,13:31:32,169,Tahap-4
01/21/2025,13,31,32,13:31:32,154,Tahap-4
01/21/2025,13,31,32,13:31:32,129,Tahap-4
01/21/2025,13,31,32,13:31:32,208,Tahap-4
01/21/2025,13,31,32,13:31:32,113,Tahap-4
01/21/2025,13,31,32,13:31:32,212,Tahap-4
01/21/2025,13,31,32,13:31:32,116,Tahap-4
01/21/2025,13,31,32,13:31:32,188,Tahap-4
01/21/2025,13,31,32,13:31:32,30,Tahap-4
01/21/2025,13,31,33,13:31:33,131,Tahap-4
01/21/2025,13,31,33,13:31:33,144,Tahap-4
01/21/2025,13,31,33,13:31:33,62,Tahap-4
01/21/2025,13,31,33,13:31:33,302,Tahap-4
01/21/2025,13,31,33,13:31:33,172,Tahap-4
01/21/2025,13,31,33,13:31:33,144,Tahap-4
01/21/2025,13,31,33,13:31:33,107,Tahap-4
01/21/2025,13,31,33,13:31:33,241,Tahap-4
01/21/2025,13,31,33,13:31:33,265,Tahap-4
01/21/2025,13,31,33,13:31:33,222,Tahap-4
01/21/2025,13,31,34,13:31:34,500,Tahap-4
01/21/2025,13,31,34,13:31:34,1008,Tahap-4
01/21/2025,13,31,34,13:31:34,446,Tahap-4
01/21/2025,13,31,34,13:31:34,169,Tahap-4
01/21/2025,13,31,34,13:31:34,276,Tahap-4
01/21/2025,13,31,34,13:31:34,87,Tahap-4
01/21/2025,13,31,34,13:31:34,222,Tahap-4
01/21/2025,13,31,34,13:31:34,276,Tahap-4
01/21/2025,13,31,34,13:31:34,195,Tahap-4
01/21/2025,13,31,34,13:31:34,55,Tahap-4
01/21/2025,13,31,35,13:31:35,146,Tahap-4
01/21/2025,13,31,35,13:31:35,166,Tahap-4
01/21/2025,13,31,35,13:31:35,28,Tahap-4
01/21/2025,13,31,35,13:31:35,64,Tahap-4
01/21/2025,13,31,35,13:31:35,227,Tahap-4
01/21/2025,13,31,35,13:31:35,202,Tahap-4
01/21/2025,13,31,35,13:31:35,395,Tahap-4
01/21/2025,13,31,35,13:31:35,312,Tahap-4
01/21/2025,13,31,35,13:31:35,1017,Tahap-4
01/21/2025,13,31,35,13:31:35,286,Tahap-4
01/21/2025,13,31,36,13:31:36,63,Tahap-4
01/21/2025,13,31,36,13:31:36,104,Tahap-4
01/21/2025,13,31,36,13:31:36,588,Tahap-4
01/21/2025,13,31,36,13:31:36,902,Tahap-4
01/21/2025,13,31,36,13:31:36,667,Tahap-4
01/21/2025,13,31,36,13:31:36,1311,Tahap-4
01/21/2025,13,31,36,13:31:36,377,Tahap-4
01/21/2025,13,31,36,13:31:36,90,Tahap-4
01/21/2025,13,31,36,13:31:36,231,Tahap-4
01/21/2025,13,31,36,13:31:36,234,Tahap-4
01/21/2025,13,31,37,13:31:37,157,Tahap-4
01/21/2025,13,31,37,13:31:37,345,Tahap-4
01/21/2025,13,31,37,13:31:37,168,Tahap-4
01/21/2025,13,31,37,13:31:37,80,Tahap-4
01/21/2025,13,31,37,13:31:37,109,Tahap-4
01/21/2025,13,31,37,13:31:37,147,Tahap-4
01/21/2025,13,31,37,13:31:37,153,Tahap-4
01/21/2025,13,31,37,13:31:37,221,Tahap-4
01/21/2025,13,31,37,13:31:37,360,Tahap-4
01/21/2025,13,31,37,13:31:37,175,Tahap-4
01/21/2025,13,31,38,13:31:38,216,Tahap-4
01/21/2025,13,31,38,13:31:38,306,Tahap-4
01/21/2025,13,31,38,13:31:38,555,Tahap-4
01/21/2025,13,31,38,13:31:38,149,Tahap-4
01/21/2025,13,31,38,13:31:38,326,Tahap-4
01/21/2025,13,31,38,13:31:38,41,Tahap-4
01/21/2025,13,31,38,13:31:38,362,Tahap-4
01/21/2025,13,31,38,13:31:38,644,Tahap-4
01/21/2025,13,31,38,13:31:38,678,Tahap-4
01/21/2025,13,31,38,13:31:38,703,Tahap-4
01/21/2025,13,31,39,13:31:39,399,Tahap-4
01/21/2025,13,31,39,13:31:39,380,Tahap-4
01/21/2025,13,31,39,13:31:39,189,Tahap-4
01/21/2025,13,31,39,13:31:39,263,Tahap-4
01/21/2025,13,31,39,13:31:39,248,Tahap-4
01/21/2025,13,31,39,13:31:39,433,Tahap-4
01/21/2025,13,31,39,13:31:39,115,Tahap-4
01/21/2025,13,31,39,13:31:39,-88,Tahap-4
01/21/2025,13,31,39,13:31:39,96,Tahap-4
01/21/2025,13,31,39,13:31:39,-152,Tahap-4
01/21/2025,13,31,40,13:31:40,32,Tahap-4
01/21/2025,13,31,40,13:31:40,-88,Tahap-4
01/21/2025,13,31,40,13:31:40,-8,Tahap-4
01/21/2025,13,31,40,13:31:40,-192,Tahap-4
01/21/2025,13,31,40,13:31:40,216,Tahap-4
01/21/2025,13,31,40,13:31:40,-88,Tahap-4
01/21/2025,13,31,40,13:31:40,16,Tahap-4
01/21/2025,13,31,40,13:31:40,160,Tahap-4
01/21/2025,13,31,40,13:31:40,-72,Tahap-4
01/21/2025,13,31,40,13:31:40,-240,Tahap-4
01/21/2025,13,31,41,13:31:41,152,Tahap-4
01/21/2025,13,31,41,13:31:41,-424,Tahap-4
01/21/2025,13,31,41,13:31:41,104,Tahap-4
01/21/2025,13,31,41,13:31:41,-448,Tahap-4
01/21/2025,13,31,41,13:31:41,96,Tahap-4
01/21/2025,13,31,41,13:31:41,-40,Tahap-4
01/21/2025,13,31,41,13:31:41,-208,Tahap-4
01/21/2025,13,31,41,13:31:41,200,Tahap-4
01/21/2025,13,31,41,13:31:41,120,Tahap-4
01/21/2025,13,31,41,13:31:41,-136,Tahap-4
01/21/2025,13,31,42,13:31:42,-56,Tahap-4
01/21/2025,13,31,42,13:31:42,88,Tahap-4
01/21/2025,13,31,42,13:31:42,-232,Tahap-4
01/21/2025,13,31,42,13:31:42,-16,Tahap-4
01/21/2025,13,31,42,13:31:42,-184,Tahap-4
01/21/2025,13,31,42,13:31:42,120,Tahap-4
01/21/2025,13,31,42,13:31:42,8,Tahap-4
01/21/2025,13,31,42,13:31:42,-48,Tahap-4
01/21/2025,13,31,42,13:31:42,240,Tahap-4
01/21/2025,13,31,42,13:31:42,-176,Tahap-4
01/21/2025,13,31,43,13:31:43,104,Tahap-4
01/21/2025,13,31,43,13:31:43,-96,Tahap-4
01/21/2025,13,31,43,13:31:43,-88,Tahap-4
01/21/2025,13,31,43,13:31:43,40,Tahap-4
01/21/2025,13,31,43,13:31:43,16,Tahap-4
01/21/2025,13,31,43,13:31:43,120,Tahap-4
01/21/2025,13,31,43,13:31:43,-56,Tahap-4
01/21/2025,13,31,43,13:31:43,-80,Tahap-4
01/21/2025,13,31,43,13:31:43,304,Tahap-4
01/21/2025,13,31,43,13:31:43,328,Tahap-4
01/21/2025,13,31,44,13:31:44,-48,Tahap-4
01/21/2025,13,31,44,13:31:44,328,Tahap-4
01/21/2025,13,31,44,13:31:44,120,Tahap-4
01/21/2025,13,31,44,13:31:44,-104,Tahap-4
01/21/2025,13,31,44,13:31:44,184,Tahap-4
01/21/2025,13,31,44,13:31:44,40,Tahap-4
01/21/2025,13,31,44,13:31:44,56,Tahap-4
01/21/2025,13,31,44,13:31:44,-152,Tahap-4
01/21/2025,13,31,44,13:31:44,240,Tahap-4
01/21/2025,13,31,45,13:31:45,296,Tahap-4
01/21/2025,13,31,45,13:31:45,8,Tahap-4
01/21/2025,13,31,45,13:31:45,216,Tahap-4
01/21/2025,13,31,45,13:31:45,120,Tahap-4
01/21/2025,13,31,45,13:31:45,-64,Tahap-4
01/21/2025,13,31,45,13:31:45,184,Tahap-4
01/21/2025,13,31,45,13:31:45,32,Tahap-4
01/21/2025,13,31,45,13:31:45,32,Tahap-4
01/21/2025,13,31,45,13:31:45,-72,Tahap-4
01/21/2025,13,31,45,13:31:45,-232,Tahap-4
01/21/2025,13,31,46,13:31:46,352,Tahap-4
01/21/2025,13,31,46,13:31:46,160,Tahap-4
01/21/2025,13,31,46,13:31:46,224,Tahap-4
01/21/2025,13,31,46,13:31:46,168,Tahap-4
01/21/2025,13,31,46,13:31:46,48,Tahap-4
01/21/2025,13,31,46,13:31:46,-56,Tahap-4
01/21/2025,13,31,46,13:31:46,56,Tahap-4
01/21/2025,13,31,46,13:31:46,160,Tahap-4
01/21/2025,13,31,46,13:31:46,64,Tahap-4
01/21/2025,13,31,46,13:31:46,-264,Tahap-4
01/21/2025,13,31,47,13:31:47,104,Tahap-4
01/21/2025,13,31,47,13:31:47,136,Tahap-4
01/21/2025,13,31,47,13:31:47,-120,Tahap-4
01/21/2025,13,31,48,13:31:48,368,Tahap-4
01/21/2025,13,31,48,13:31:48,40,Tahap-4
01/21/2025,13,31,48,13:31:48,16,Tahap-4
01/21/2025,13,31,48,13:31:48,-16,Tahap-4
01/21/2025,13,31,48,13:31:48,-32,Tahap-4
01/21/2025,13,31,48,13:31:48,-72,Tahap-4
01/21/2025,13,31,48,13:31:48,112,Tahap-4
01/21/2025,13,31,48,13:31:48,-344,Tahap-4
01/21/2025,13,31,48,13:31:48,368,Tahap-4
01/21/2025,13,31,48,13:31:48,-16,Tahap-4
01/21/2025,13,31,48,13:31:48,-144,Tahap-4
01/21/2025,13,31,48,13:31:48,232,Tahap-4
01/21/2025,13,31,48,13:31:48,160,Tahap-4
01/21/2025,13,31,48,13:31:48,-160,Tahap-4
01/21/2025,13,31,48,13:31:48,96,Tahap-4
01/21/2025,13,31,48,13:31:48,-200,Tahap-4
01/21/2025,13,31,48,13:31:48,-120,Tahap-4
01/21/2025,13,31,49,13:31:49,-184,Tahap-4
01/21/2025,13,31,49,13:31:49,-288,Tahap-4
01/21/2025,13,31,49,13:31:49,48,Tahap-4
01/21/2025,13,31,49,13:31:49,-344,Tahap-4
01/21/2025,13,31,49,13:31:49,8,Tahap-4
01/21/2025,13,31,49,13:31:49,-128,Tahap-4
01/21/2025,13,31,49,13:31:49,96,Tahap-4
01/21/2025,13,31,49,13:31:49,-192,Tahap-4
01/21/2025,13,31,49,13:31:49,-80,Tahap-4
01/21/2025,13,31,49,13:31:49,-152,Tahap-4
01/21/2025,13,31,50,13:31:50,-120,Tahap-4
01/21/2025,13,31,50,13:31:50,-416,Tahap-4
01/21/2025,13,31,50,13:31:50,-56,Tahap-4
01/21/2025,13,31,50,13:31:50,40,Tahap-4
01/21/2025,13,31,50,13:31:50,-240,Tahap-4
01/21/2025,13,31,50,13:31:50,120,Tahap-4
01/21/2025,13,31,50,13:31:50,-80,Tahap-4
01/21/2025,13,31,50,13:31:50,-72,Tahap-4
01/21/2025,13,31,50,13:31:50,80,Tahap-4
01/21/2025,13,31,50,13:31:50,-64,Tahap-4
01/21/2025,13,31,51,13:31:51,-152,Tahap-4
01/21/2025,13,31,51,13:31:51,-32,Tahap-4
01/21/2025,13,31,51,13:31:51,-520,Tahap-4
01/21/2025,13,31,51,13:31:51,160,Tahap-4
01/21/2025,13,31,51,13:31:51,-192,Tahap-4
01/21/2025,13,31,51,13:31:51,-264,Tahap-4
01/21/2025,13,31,51,13:31:51,128,Tahap-4
01/21/2025,13,31,51,13:31:51,8,Tahap-4
01/21/2025,13,31,51,13:31:51,-232,Tahap-4
01/21/2025,13,31,51,13:31:51,-8,Tahap-4
01/21/2025,13,31,52,13:31:52,-32,Tahap-4
01/21/2025,13,31,52,13:31:52,-144,Tahap-4
01/21/2025,13,31,52,13:31:52,-40,Tahap-4
01/21/2025,13,31,52,13:31:52,-456,Tahap-4
01/21/2025,13,31,52,13:31:52,88,Tahap-4
01/21/2025,13,31,52,13:31:52,-208,Tahap-4
01/21/2025,13,32,16,13:32:16,426,Tahap-4
01/21/2025,13,32,17,13:32:17,765,Tahap-4
01/21/2025,13,32,17,13:32:17,667,Tahap-4
01/21/2025,13,32,18,13:32:18,223,Tahap-4
01/21/2025,13,32,18,13:32:18,14,Tahap-4
01/21/2025,13,32,18,13:32:18,197,Tahap-4
01/21/2025,13,32,18,13:32:18,250,Tahap-4
01/21/2025,13,32,18,13:32:18,144,Tahap-4
01/21/2025,13,32,18,13:32:18,169,Tahap-4
01/21/2025,13,32,18,13:32:18,51,Tahap-4
01/21/2025,13,32,18,13:32:18,278,Tahap-4
01/21/2025,13,32,18,13:32:18,171,Tahap-4
01/21/2025,13,32,18,13:32:18,268,Tahap-4
01/21/2025,13,32,18,13:32:18,165,Tahap-4
01/21/2025,13,32,18,13:32:18,82,Tahap-4
01/21/2025,13,32,18,13:32:18,209,Tahap-4
01/21/2025,13,32,18,13:32:18,189,Tahap-4
01/21/2025,13,32,18,13:32:18,196,Tahap-4
01/21/2025,13,32,18,13:32:18,168,Tahap-4
01/21/2025,13,32,18,13:32:18,26,Tahap-4
01/21/2025,13,32,18,13:32:18,246,Tahap-4
01/21/2025,13,32,19,13:32:19,358,Tahap-4
01/21/2025,13,32,19,13:32:19,658,Tahap-4
01/21/2025,13,32,19,13:32:19,735,Tahap-4
01/21/2025,13,32,19,13:32:19,39,Tahap-4
01/21/2025,13,32,19,13:32:19,149,Tahap-4
01/21/2025,13,32,19,13:32:19,104,Tahap-4
01/21/2025,13,32,19,13:32:19,170,Tahap-4
01/21/2025,13,32,19,13:32:19,49,Tahap-4
01/21/2025,13,32,19,13:32:19,114,Tahap-4
01/21/2025,13,32,19,13:32:19,215,Tahap-4
01/21/2025,13,32,20,13:32:20,45,Tahap-4
01/21/2025,13,32,20,13:32:20,89,Tahap-4
01/21/2025,13,32,20,13:32:20,158,Tahap-4
01/21/2025,13,32,20,13:32:20,197,Tahap-4
01/21/2025,13,32,20,13:32:20,155,Tahap-4
01/21/2025,13,32,20,13:32:20,131,Tahap-4
01/21/2025,13,32,20,13:32:20,138,Tahap-4
01/21/2025,13,32,20,13:32:20,112,Tahap-4
01/21/2025,13,32,20,13:32:20,102,Tahap-4
01/21/2025,13,32,20,13:32:20,61,Tahap-4
01/21/2025,13,32,21,13:32:21,251,Tahap-4
01/21/2025,13,32,21,13:32:21,200,Tahap-4
01/21/2025,13,32,21,13:32:21,590,Tahap-4
01/21/2025,13,32,21,13:32:21,122,Tahap-4
01/21/2025,13,32,21,13:32:21,293,Tahap-4
01/21/2025,13,32,21,13:32:21,401,Tahap-4
01/21/2025,13,32,21,13:32:21,176,Tahap-4
01/21/2025,13,32,21,13:32:21,113,Tahap-4
01/21/2025,13,32,21,13:32:21,74,Tahap-4
01/21/2025,13,32,21,13:32:21,70,Tahap-4
01/21/2025,13,32,22,13:32:22,76,Tahap-4
01/21/2025,13,32,22,13:32:22,71,Tahap-4
01/21/2025,13,32,22,13:32:22,100,Tahap-4
01/21/2025,13,32,22,13:32:22,130,Tahap-4
01/21/2025,13,32,22,13:32:22,111,Tahap-4
01/21/2025,13,32,22,13:32:22,45,Tahap-4
01/21/2025,13,32,22,13:32:22,111,Tahap-4
01/21/2025,13,32,22,13:32:22,23,Tahap-4
01/21/2025,13,32,22,13:32:22,158,Tahap-4
01/21/2025,13,32,22,13:32:22,118,Tahap-4
01/21/2025,13,32,23,13:32:23,107,Tahap-4
01/21/2025,13,32,23,13:32:23,74,Tahap-4
01/21/2025,13,32,23,13:32:23,295,Tahap-4
01/21/2025,13,32,23,13:32:23,202,Tahap-4
01/21/2025,13,32,23,13:32:23,271,Tahap-4
01/21/2025,13,32,23,13:32:23,249,Tahap-4
01/21/2025,13,32,23,13:32:23,338,Tahap-4
01/21/2025,13,32,23,13:32:23,233,Tahap-4
01/21/2025,13,32,23,13:32:23,270,Tahap-4
01/21/2025,13,32,23,13:32:23,1198,Tahap-4
01/21/2025,13,32,24,13:32:24,116,Tahap-4
01/21/2025,13,32,24,13:32:24,148,Tahap-4
01/21/2025,13,32,24,13:32:24,64,Tahap-4
01/21/2025,13,32,24,13:32:24,6,Tahap-4
01/21/2025,13,32,24,13:32:24,163,Tahap-4
01/21/2025,13,32,24,13:32:24,155,Tahap-4
01/21/2025,13,32,24,13:32:24,64,Tahap-4
01/21/2025,13,32,24,13:32:24,81,Tahap-4
01/21/2025,13,32,24,13:32:24,97,Tahap-4
01/21/2025,13,32,24,13:32:24,18,Tahap-4
01/21/2025,13,32,25,13:32:25,74,Tahap-4
01/21/2025,13,32,25,13:32:25,185,Tahap-4
01/21/2025,13,32,25,13:32:25,57,Tahap-4
01/21/2025,13,32,25,13:32:25,309,Tahap-4
01/21/2025,13,32,25,13:32:25,266,Tahap-4
01/21/2025,13,32,25,13:32:25,146,Tahap-4
01/21/2025,13,32,25,13:32:25,939,Tahap-4
01/21/2025,13,32,25,13:32:25,229,Tahap-4
01/21/2025,13,32,25,13:32:25,388,Tahap-4
01/21/2025,13,32,25,13:32:25,470,Tahap-4
01/21/2025,13,32,26,13:32:26,561,Tahap-4
01/21/2025,13,32,26,13:32:26,605,Tahap-4
01/21/2025,13,32,26,13:32:26,587,Tahap-4
01/21/2025,13,32,26,13:32:26,1190,Tahap-4
01/21/2025,13,32,26,13:32:26,104,Tahap-4
01/21/2025,13,32,26,13:32:26,379,Tahap-4
01/21/2025,13,32,26,13:32:26,254,Tahap-4
01/21/2025,13,32,26,13:32:26,215,Tahap-4
01/21/2025,13,32,26,13:32:26,161,Tahap-4
01/21/2025,13,32,26,13:32:26,194,Tahap-4
01/21/2025,13,32,27,13:32:27,153,Tahap-4
01/21/2025,13,32,27,13:32:27,57,Tahap-4
01/21/2025,13,32,27,13:32:27,77,Tahap-4
01/21/2025,13,32,27,13:32:27,96,Tahap-4
01/21/2025,13,32,27,13:32:27,50,Tahap-4
01/21/2025,13,32,27,13:32:27,29,Tahap-4
01/21/2025,13,32,27,13:32:27,173,Tahap-4
01/21/2025,13,32,27,13:32:27,255,Tahap-4
01/21/2025,13,32,27,13:32:27,672,Tahap-4
01/21/2025,13,32,27,13:32:27,960,Tahap-4
01/21/2025,13,32,28,13:32:28,87,Tahap-4
01/21/2025,13,32,28,13:32:28,457,Tahap-4
01/21/2025,13,32,28,13:32:28,152,Tahap-4
01/21/2025,13,32,28,13:32:28,288,Tahap-4
01/21/2025,13,32,28,13:32:28,376,Tahap-4
01/21/2025,13,32,28,13:32:28,733,Tahap-4
01/21/2025,13,32,28,13:32:28,742,Tahap-4
01/21/2025,13,32,28,13:32:28,441,Tahap-4
01/21/2025,13,32,28,13:32:28,461,Tahap-4
01/21/2025,13,32,28,13:32:28,86,Tahap-4
01/21/2025,13,32,29,13:32:29,316,Tahap-4
01/21/2025,13,32,29,13:32:29,322,Tahap-4
01/21/2025,13,32,29,13:32:29,127,Tahap-4
01/21/2025,13,32,29,13:32:29,247,Tahap-4
01/21/2025,13,32,29,13:32:29,472,Tahap-4
01/21/2025,13,32,29,13:32:29,116,Tahap-4
01/21/2025,13,32,29,13:32:29,-128,Tahap-4
01/21/2025,13,32,29,13:32:29,40,Tahap-4
01/21/2025,13,32,29,13:32:29,-28,Tahap-4
01/21/2025,13,32,29,13:32:29,-4,Tahap-4
01/21/2025,13,32,30,13:32:30,-64,Tahap-4
01/21/2025,13,32,30,13:32:30,48,Tahap-4
01/21/2025,13,32,30,13:32:30,-88,Tahap-4
01/21/2025,13,32,30,13:32:30,-68,Tahap-4
01/21/2025,13,32,30,13:32:30,-40,Tahap-4
01/21/2025,13,32,30,13:32:30,76,Tahap-4
01/21/2025,13,32,30,13:32:30,-228,Tahap-4
01/21/2025,13,32,30,13:32:30,36,Tahap-4
01/21/2025,13,32,30,13:32:30,-132,Tahap-4
01/21/2025,13,32,31,13:32:31,-76,Tahap-4
01/21/2025,13,32,31,13:32:31,-88,Tahap-4
01/21/2025,13,32,31,13:32:31,-44,Tahap-4
01/21/2025,13,32,31,13:32:31,16,Tahap-4
01/21/2025,13,32,31,13:32:31,-128,Tahap-4
01/21/2025,13,32,31,13:32:31,-132,Tahap-4
01/21/2025,13,32,31,13:32:31,-36,Tahap-4
01/21/2025,13,32,31,13:32:31,36,Tahap-4
01/21/2025,13,32,31,13:32:31,-160,Tahap-4
01/21/2025,13,32,31,13:32:31,24,Tahap-4
01/21/2025,13,32,32,13:32:32,-76,Tahap-4
01/21/2025,13,32,32,13:32:32,-80,Tahap-4
01/21/2025,13,32,32,13:32:32,36,Tahap-4
01/21/2025,13,32,32,13:32:32,-92,Tahap-4
01/21/2025,13,32,32,13:32:32,-88,Tahap-4
01/21/2025,13,32,32,13:32:32,-8,Tahap-4
01/21/2025,13,32,32,13:32:32,-212,Tahap-4
01/21/2025,13,32,32,13:32:32,80,Tahap-4
01/21/2025,13,32,32,13:32:32,-56,Tahap-4
01/21/2025,13,32,32,13:32:32,-64,Tahap-4
01/21/2025,13,32,33,13:32:33,44,Tahap-4
01/21/2025,13,32,33,13:32:33,-36,Tahap-4
01/21/2025,13,32,33,13:32:33,-100,Tahap-4
01/21/2025,13,32,33,13:32:33,24,Tahap-4
01/21/2025,13,32,33,13:32:33,-132,Tahap-4
01/21/2025,13,32,33,13:32:33,52,Tahap-4
01/21/2025,13,32,33,13:32:33,-148,Tahap-4
01/21/2025,13,32,33,13:32:33,116,Tahap-4
01/21/2025,13,32,33,13:32:33,-24,Tahap-4
01/21/2025,13,32,34,13:32:34,-28,Tahap-4
01/21/2025,13,32,34,13:32:34,96,Tahap-4
01/21/2025,13,32,34,13:32:34,-32,Tahap-4
01/21/2025,13,32,34,13:32:34,-24,Tahap-4
01/21/2025,13,32,34,13:32:34,-68,Tahap-4
01/21/2025,13,32,34,13:32:34,84,Tahap-4
01/21/2025,13,32,34,13:32:34,-32,Tahap-4
01/21/2025,13,32,34,13:32:34,44,Tahap-4
01/21/2025,13,32,34,13:32:34,-80,Tahap-4
01/21/2025,13,32,34,13:32:34,92,Tahap-4
01/21/2025,13,32,35,13:32:35,-36,Tahap-4
01/21/2025,13,32,35,13:32:35,64,Tahap-4
01/21/2025,13,32,35,13:32:35,76,Tahap-4
01/21/2025,13,32,35,13:32:35,12,Tahap-4
01/21/2025,13,32,35,13:32:35,-32,Tahap-4
01/21/2025,13,32,35,13:32:35,28,Tahap-4
01/21/2025,13,32,35,13:32:35,-8,Tahap-4
01/21/2025,13,32,35,13:32:35,116,Tahap-4
01/21/2025,13,32,35,13:32:35,-44,Tahap-4
01/21/2025,13,32,35,13:32:35,-4,Tahap-4
01/21/2025,13,32,36,13:32:36,128,Tahap-4
01/21/2025,13,32,36,13:32:36,-52,Tahap-4
01/21/2025,13,32,36,13:32:36,148,Tahap-4
01/21/2025,13,32,36,13:32:36,144,Tahap-4
01/21/2025,13,32,36,13:32:36,-12,Tahap-4
01/21/2025,13,32,36,13:32:36,24,Tahap-4
01/21/2025,13,32,36,13:32:36,52,Tahap-4
01/21/2025,13,32,36,13:32:36,-72,Tahap-4
01/21/2025,13,32,36,13:32:36,136,Tahap-4
01/21/2025,13,32,36,13:32:36,-88,Tahap-4
01/21/2025,13,32,37,13:32:37,92,Tahap-4
01/21/2025,13,32,37,13:32:37,12,Tahap-4
01/21/2025,13,32,37,13:32:37,-68,Tahap-4
01/21/2025,13,32,37,13:32:37,112,Tahap-4
01/21/2025,13,32,37,13:32:37,132,Tahap-4
01/21/2025,13,32,37,13:32:37,16,Tahap-4
01/21/2025,13,32,37,13:32:37,32,Tahap-4
01/21/2025,13,32,37,13:32:37,-92,Tahap-4
01/21/2025,13,32,37,13:32:37,4,Tahap-4
01/21/2025,13,32,38,13:32:38,-100,Tahap-4
01/21/2025,13,32,38,13:32:38,132,Tahap-4
01/21/2025,13,32,38,13:32:38,-60,Tahap-4
01/21/2025,13,32,38,13:32:38,-28,Tahap-4
01/21/2025,13,32,38,13:32:38,92,Tahap-4
01/21/2025,13,32,38,13:32:38,48,Tahap-4
01/21/2025,13,32,38,13:32:38,56,Tahap-4
01/21/2025,13,32,38,13:32:38,-16,Tahap-4
01/21/2025,13,32,38,13:32:38,16,Tahap-4
01/21/2025,13,32,38,13:32:38,-68,Tahap-4
01/21/2025,13,32,39,13:32:39,-60,Tahap-4
01/21/2025,13,32,39,13:32:39,-60,Tahap-4
01/21/2025,13,32,39,13:32:39,72,Tahap-4
01/21/2025,13,32,39,13:32:39,-8,Tahap-4
01/21/2025,13,32,39,13:32:39,16,Tahap-4
01/21/2025,13,32,39,13:32:39,72,Tahap-4
01/21/2025,13,32,39,13:32:39,-48,Tahap-4
01/21/2025,13,32,39,13:32:39,8,Tahap-4
01/21/2025,13,32,39,13:32:39,56,Tahap-4
01/21/2025,13,32,39,13:32:39,-68,Tahap-4
01/21/2025,13,32,40,13:32:40,36,Tahap-4
01/21/2025,13,32,40,13:32:40,-108,Tahap-4
01/21/2025,13,32,40,13:32:40,-72,Tahap-4
01/21/2025,13,32,40,13:32:40,88,Tahap-4
01/21/2025,13,32,40,13:32:40,-60,Tahap-4
01/21/2025,13,32,40,13:32:40,-4,Tahap-4
01/21/2025,13,32,40,13:32:40,156,Tahap-4
01/21/2025,13,32,40,13:32:40,-64,Tahap-4
01/21/2025,13,32,40,13:32:40,-20,Tahap-4
01/21/2025,13,32,40,13:32:40,68,Tahap-4
01/21/2025,13,32,41,13:32:41,-68,Tahap-4
01/21/2025,13,32,41,13:32:41,-16,Tahap-4
01/21/2025,13,32,41,13:32:41,-52,Tahap-4
01/21/2025,13,32,41,13:32:41,-88,Tahap-4
01/21/2025,13,32,41,13:32:41,128,Tahap-4
01/21/2025,13,32,41,13:32:41,-24,Tahap-4
01/21/2025,13,32,41,13:32:41,92,Tahap-4
01/21/2025,13,32,41,13:32:41,92,Tahap-4
01/21/2025,13,32,41,13:32:41,8,Tahap-4
01/21/2025,13,32,41,13:32:41,-40,Tahap-4
01/21/2025,13,32,42,13:32:42,76,Tahap-4
01/21/2025,13,32,42,13:32:42,-16,Tahap-4
01/21/2025,13,32,42,13:32:42,-12,Tahap-4
01/21/2025,13,32,42,13:32:42,-108,Tahap-4
01/21/2025,13,32,42,13:32:42,-68,Tahap-4
01/21/2025,13,33,6,13:33:06,3485,Tahap-4
01/21/2025,13,33,7,13:33:07,1474,Tahap-4
01/21/2025,13,33,7,13:33:07,1027,Tahap-4
01/21/2025,13,33,7,13:33:07,579,Tahap-4
01/21/2025,13,33,7,13:33:07,811,Tahap-4
01/21/2025,13,33,7,13:33:07,1042,Tahap-4
01/21/2025,13,33,7,13:33:07,89,Tahap-4
01/21/2025,13,33,7,13:33:07,207,Tahap-4
01/21/2025,13,33,7,13:33:07,233,Tahap-4
01/21/2025,13,33,7,13:33:07,212,Tahap-4
01/21/2025,13,33,7,13:33:07,220,Tahap-4
01/21/2025,13,33,8,13:33:08,137,Tahap-4
01/21/2025,13,33,8,13:33:08,152,Tahap-4
01/21/2025,13,33,8,13:33:08,242,Tahap-4
01/21/2025,13,33,8,13:33:08,76,Tahap-4
01/21/2025,13,33,8,13:33:08,97,Tahap-4
01/21/2025,13,33,8,13:33:08,186,Tahap-4
01/21/2025,13,33,8,13:33:08,148,Tahap-4
01/21/2025,13,33,8,13:33:08,31,Tahap-4
01/21/2025,13,33,8,13:33:08,102,Tahap-4
01/21/2025,13,33,8,13:33:08,46,Tahap-4
01/21/2025,13,33,9,13:33:09,86,Tahap-4
01/21/2025,13,33,9,13:33:09,786,Tahap-4
01/21/2025,13,33,9,13:33:09,522,Tahap-4
01/21/2025,13,33,9,13:33:09,268,Tahap-4
01/21/2025,13,33,9,13:33:09,56,Tahap-4
01/21/2025,13,33,9,13:33:09,191,Tahap-4
01/21/2025,13,33,9,13:33:09,162,Tahap-4
01/21/2025,13,33,9,13:33:09,221,Tahap-4
01/21/2025,13,33,9,13:33:09,112,Tahap-4
01/21/2025,13,33,9,13:33:09,121,Tahap-4
01/21/2025,13,33,10,13:33:10,135,Tahap-4
01/21/2025,13,33,10,13:33:10,173,Tahap-4
01/21/2025,13,33,10,13:33:10,59,Tahap-4
01/21/2025,13,33,10,13:33:10,163,Tahap-4
01/21/2025,13,33,10,13:33:10,212,Tahap-4
01/21/2025,13,33,10,13:33:10,151,Tahap-4
01/21/2025,13,33,10,13:33:10,59,Tahap-4
01/21/2025,13,33,10,13:33:10,175,Tahap-4
01/21/2025,13,33,10,13:33:10,255,Tahap-4
01/21/2025,13,33,10,13:33:10,171,Tahap-4
01/21/2025,13,33,11,13:33:11,120,Tahap-4
01/21/2025,13,33,11,13:33:11,116,Tahap-4
01/21/2025,13,33,11,13:33:11,477,Tahap-4
01/21/2025,13,33,11,13:33:11,281,Tahap-4
01/21/2025,13,33,11,13:33:11,133,Tahap-4
01/21/2025,13,33,11,13:33:11,415,Tahap-4
01/21/2025,13,33,11,13:33:11,118,Tahap-4
01/21/2025,13,33,11,13:33:11,75,Tahap-4
01/21/2025,13,33,11,13:33:11,87,Tahap-4
01/21/2025,13,33,11,13:33:11,75,Tahap-4
01/21/2025,13,33,12,13:33:12,87,Tahap-4
01/21/2025,13,33,12,13:33:12,38,Tahap-4
01/21/2025,13,33,12,13:33:12,141,Tahap-4
01/21/2025,13,33,12,13:33:12,221,Tahap-4
01/21/2025,13,33,12,13:33:12,136,Tahap-4
01/21/2025,13,33,12,13:33:12,133,Tahap-4
01/21/2025,13,33,12,13:33:12,42,Tahap-4
01/21/2025,13,33,12,13:33:12,123,Tahap-4
01/21/2025,13,33,12,13:33:12,187,Tahap-4
01/21/2025,13,33,12,13:33:12,135,Tahap-4
01/21/2025,13,33,13,13:33:13,164,Tahap-4
01/21/2025,13,33,13,13:33:13,329,Tahap-4
01/21/2025,13,33,13,13:33:13,37,Tahap-4
01/21/2025,13,33,13,13:33:13,156,Tahap-4
01/21/2025,13,33,13,13:33:13,115,Tahap-4
01/21/2025,13,33,13,13:33:13,108,Tahap-4
01/21/2025,13,33,13,13:33:13,89,Tahap-4
01/21/2025,13,33,13,13:33:13,370,Tahap-4
01/21/2025,13,33,13,13:33:13,478,Tahap-4
01/21/2025,13,33,13,13:33:13,821,Tahap-4
01/21/2025,13,33,14,13:33:14,610,Tahap-4
01/21/2025,13,33,14,13:33:14,334,Tahap-4
01/21/2025,13,33,14,13:33:14,231,Tahap-4
01/21/2025,13,33,14,13:33:14,136,Tahap-4
01/21/2025,13,33,14,13:33:14,88,Tahap-4
01/21/2025,13,33,14,13:33:14,90,Tahap-4
01/21/2025,13,33,14,13:33:14,69,Tahap-4
01/21/2025,13,33,14,13:33:14,38,Tahap-4
01/21/2025,13,33,14,13:33:14,57,Tahap-4
01/21/2025,13,33,14,13:33:14,46,Tahap-4
01/21/2025,13,33,15,13:33:15,169,Tahap-4
01/21/2025,13,33,15,13:33:15,253,Tahap-4
01/21/2025,13,33,15,13:33:15,59,Tahap-4
01/21/2025,13,33,15,13:33:15,63,Tahap-4
01/21/2025,13,33,15,13:33:15,298,Tahap-4
01/21/2025,13,33,15,13:33:15,374,Tahap-4
01/21/2025,13,33,15,13:33:15,250,Tahap-4
01/21/2025,13,33,15,13:33:15,645,Tahap-4
01/21/2025,13,33,15,13:33:15,262,Tahap-4
01/21/2025,13,33,15,13:33:15,356,Tahap-4
01/21/2025,13,33,16,13:33:16,320,Tahap-4
01/21/2025,13,33,16,13:33:16,608,Tahap-4
01/21/2025,13,33,16,13:33:16,366,Tahap-4
01/21/2025,13,33,16,13:33:16,524,Tahap-4
01/21/2025,13,33,16,13:33:16,958,Tahap-4
01/21/2025,13,33,16,13:33:16,927,Tahap-4
01/21/2025,13,33,16,13:33:16,119,Tahap-4
01/21/2025,13,33,16,13:33:16,33,Tahap-4
01/21/2025,13,33,16,13:33:16,197,Tahap-4
01/21/2025,13,33,16,13:33:16,245,Tahap-4
01/21/2025,13,33,16,13:33:16,142,Tahap-4
01/21/2025,13,33,17,13:33:17,118,Tahap-4
01/21/2025,13,33,17,13:33:17,47,Tahap-4
01/21/2025,13,33,18,13:33:18,46,Tahap-4
01/21/2025,13,33,18,13:33:18,95,Tahap-4
01/21/2025,13,33,18,13:33:18,118,Tahap-4
01/21/2025,13,33,18,13:33:18,175,Tahap-4
01/21/2025,13,33,18,13:33:18,253,Tahap-4
01/21/2025,13,33,18,13:33:18,725,Tahap-4
01/21/2025,13,33,18,13:33:18,350,Tahap-4
01/21/2025,13,33,18,13:33:18,610,Tahap-4
01/21/2025,13,33,18,13:33:18,346,Tahap-4
01/21/2025,13,33,18,13:33:18,455,Tahap-4
01/21/2025,13,33,18,13:33:18,151,Tahap-4
01/21/2025,13,33,18,13:33:18,255,Tahap-4
01/21/2025,13,33,18,13:33:18,478,Tahap-4
01/21/2025,13,33,18,13:33:18,618,Tahap-4
01/21/2025,13,33,18,13:33:18,537,Tahap-4
01/21/2025,13,33,18,13:33:18,872,Tahap-4
01/21/2025,13,33,18,13:33:18,1098,Tahap-4
01/21/2025,13,33,18,13:33:18,294,Tahap-4
01/21/2025,13,33,19,13:33:19,129,Tahap-4
01/21/2025,13,33,19,13:33:19,188,Tahap-4
01/21/2025,13,33,19,13:33:19,263,Tahap-4
01/21/2025,13,33,19,13:33:19,216,Tahap-4
01/21/2025,13,33,19,13:33:19,151,Tahap-4
01/21/2025,13,33,19,13:33:19,112,Tahap-4
01/21/2025,13,33,19,13:33:19,96,Tahap-4
01/21/2025,13,33,19,13:33:19,-40,Tahap-4
01/21/2025,13,33,19,13:33:19,52,Tahap-4
01/21/2025,13,33,19,13:33:19,52,Tahap-4
01/21/2025,13,33,20,13:33:20,-8,Tahap-4
01/21/2025,13,33,20,13:33:20,12,Tahap-4
01/21/2025,13,33,20,13:33:20,-88,Tahap-4
01/21/2025,13,33,20,13:33:20,-4,Tahap-4
01/21/2025,13,33,20,13:33:20,52,Tahap-4
01/21/2025,13,33,20,13:33:20,-56,Tahap-4
01/21/2025,13,33,20,13:33:20,20,Tahap-4
01/21/2025,13,33,20,13:33:20,72,Tahap-4
01/21/2025,13,33,20,13:33:20,-96,Tahap-4
01/21/2025,13,33,20,13:33:20,-52,Tahap-4
01/21/2025,13,33,21,13:33:21,40,Tahap-4
01/21/2025,13,33,21,13:33:21,-24,Tahap-4
01/21/2025,13,33,21,13:33:21,-32,Tahap-4
01/21/2025,13,33,21,13:33:21,-88,Tahap-4
01/21/2025,13,33,21,13:33:21,-96,Tahap-4
01/21/2025,13,33,21,13:33:21,124,Tahap-4
01/21/2025,13,33,21,13:33:21,-52,Tahap-4
01/21/2025,13,33,21,13:33:21,80,Tahap-4
01/21/2025,13,33,21,13:33:21,80,Tahap-4
01/21/2025,13,33,21,13:33:21,-36,Tahap-4
01/21/2025,13,33,22,13:33:22,-68,Tahap-4
01/21/2025,13,33,22,13:33:22,28,Tahap-4
01/21/2025,13,33,22,13:33:22,-20,Tahap-4
01/21/2025,13,33,22,13:33:22,-56,Tahap-4
01/21/2025,13,33,22,13:33:22,-36,Tahap-4
01/21/2025,13,33,22,13:33:22,52,Tahap-4
01/21/2025,13,33,22,13:33:22,-44,Tahap-4
01/21/2025,13,33,22,13:33:22,116,Tahap-4
01/21/2025,13,33,23,13:33:23,-24,Tahap-4
01/21/2025,13,33,23,13:33:23,-56,Tahap-4
01/21/2025,13,33,23,13:33:23,8,Tahap-4
01/21/2025,13,33,23,13:33:23,-64,Tahap-4
01/21/2025,13,33,23,13:33:23,-36,Tahap-4
01/21/2025,13,33,23,13:33:23,-124,Tahap-4
01/21/2025,13,33,23,13:33:23,36,Tahap-4
01/21/2025,13,33,23,13:33:23,-88,Tahap-4
01/21/2025,13,33,23,13:33:23,-28,Tahap-4
01/21/2025,13,33,23,13:33:23,104,Tahap-4
01/21/2025,13,33,24,13:33:24,-16,Tahap-4
01/21/2025,13,33,24,13:33:24,-92,Tahap-4
01/21/2025,13,33,24,13:33:24,-116,Tahap-4
01/21/2025,13,33,24,13:33:24,-60,Tahap-4
01/21/2025,13,33,24,13:33:24,-104,Tahap-4
01/21/2025,13,33,24,13:33:24,-28,Tahap-4
01/21/2025,13,33,24,13:33:24,-260,Tahap-4
01/21/2025,13,33,24,13:33:24,-64,Tahap-4
01/21/2025,13,33,24,13:33:24,-48,Tahap-4
01/21/2025,13,33,24,13:33:24,-108,Tahap-4
01/21/2025,13,33,25,13:33:25,-4,Tahap-4
01/21/2025,13,33,25,13:33:25,-104,Tahap-4
01/21/2025,13,33,25,13:33:25,-80,Tahap-4
01/21/2025,13,33,25,13:33:25,-148,Tahap-4
01/21/2025,13,33,25,13:33:25,-184,Tahap-4
01/21/2025,13,33,25,13:33:25,-96,Tahap-4
01/21/2025,13,33,25,13:33:25,-48,Tahap-4
01/21/2025,13,33,25,13:33:25,-8,Tahap-4
01/21/2025,13,33,25,13:33:25,-216,Tahap-4
01/21/2025,13,33,25,13:33:25,-72,Tahap-4
01/21/2025,13,33,26,13:33:26,-148,Tahap-4
01/21/2025,13,33,26,13:33:26,-8,Tahap-4
01/21/2025,13,33,26,13:33:26,-164,Tahap-4
01/21/2025,13,33,26,13:33:26,-64,Tahap-4
01/21/2025,13,33,26,13:33:26,-48,Tahap-4
01/21/2025,13,33,26,13:33:26,-204,Tahap-4
01/21/2025,13,33,26,13:33:26,-44,Tahap-4
01/21/2025,13,33,26,13:33:26,-256,Tahap-4
01/21/2025,13,33,26,13:33:26,68,Tahap-4
01/21/2025,13,33,26,13:33:26,-236,Tahap-4
01/21/2025,13,33,27,13:33:27,-16,Tahap-4
01/21/2025,13,33,27,13:33:27,-52,Tahap-4
01/21/2025,13,33,27,13:33:27,-36,Tahap-4
01/21/2025,13,33,27,13:33:27,-32,Tahap-4
01/21/2025,13,33,27,13:33:27,-76,Tahap-4
01/21/2025,13,33,27,13:33:27,-48,Tahap-4
01/21/2025,13,33,27,13:33:27,-140,Tahap-4
01/21/2025,13,33,27,13:33:27,-228,Tahap-4
01/21/2025,13,33,27,13:33:27,-120,Tahap-4
01/21/2025,13,33,27,13:33:27,-60,Tahap-4
01/21/2025,13,33,28,13:33:28,-212,Tahap-4
01/21/2025,13,33,28,13:33:28,-76,Tahap-4
01/21/2025,13,33,28,13:33:28,-24,Tahap-4
01/21/2025,13,33,28,13:33:28,-176,Tahap-4
01/21/2025,13,33,28,13:33:28,-52,Tahap-4
01/21/2025,13,33,28,13:33:28,-76,Tahap-4
01/21/2025,13,33,28,13:33:28,-252,Tahap-4
01/21/2025,13,33,28,13:33:28,-104,Tahap-4
01/21/2025,13,33,28,13:33:28,-364,Tahap-4
01/21/2025,13,33,28,13:33:28,48,Tahap-4
01/21/2025,13,33,29,13:33:29,-252,Tahap-4
01/21/2025,13,33,29,13:33:29,-180,Tahap-4
01/21/2025,13,33,29,13:33:29,-28,Tahap-4
01/21/2025,13,33,29,13:33:29,-148,Tahap-4
01/21/2025,13,33,29,13:33:29,-156,Tahap-4
01/21/2025,13,33,29,13:33:29,-220,Tahap-4
01/21/2025,13,33,29,13:33:29,-88,Tahap-4
01/21/2025,13,33,29,13:33:29,-240,Tahap-4
01/21/2025,13,33,29,13:33:29,-132,Tahap-4
01/21/2025,13,33,29,13:33:29,-308,Tahap-4
01/21/2025,13,33,30,13:33:30,-56,Tahap-4
01/21/2025,13,33,30,13:33:30,-252,Tahap-4
01/21/2025,13,33,30,13:33:30,-120,Tahap-4
01/21/2025,13,33,30,13:33:30,-84,Tahap-4
01/21/2025,13,33,30,13:33:30,-124,Tahap-4
01/21/2025,13,33,30,13:33:30,-148,Tahap-4
01/21/2025,13,33,30,13:33:30,-132,Tahap-4
01/21/2025,13,33,30,13:33:30,-104,Tahap-4
01/21/2025,13,33,30,13:33:30,-20,Tahap-4
01/21/2025,13,33,30,13:33:30,-224,Tahap-4
01/21/2025,13,33,31,13:33:31,-88,Tahap-4
01/21/2025,13,33,31,13:33:31,-100,Tahap-4
01/21/2025,13,33,31,13:33:31,-204,Tahap-4
01/21/2025,13,33,31,13:33:31,16,Tahap-4
01/21/2025,13,33,31,13:33:31,-60,Tahap-4
01/21/2025,13,33,31,13:33:31,-76,Tahap-4
01/21/2025,13,33,31,13:33:31,-88,Tahap-4
01/21/2025,13,33,31,13:33:31,-56,Tahap-4
01/21/2025,13,33,31,13:33:31,-264,Tahap-4
01/21/2025,13,33,31,13:33:31,36,Tahap-4
01/21/2025,13,33,32,13:33:32,-260,Tahap-4
01/21/2025,13,33,32,13:33:32,-164,Tahap-4
01/21/2025,13,33,32,13:33:32,-260,Tahap-4
01/21/2025,13,33,56,13:33:56,10439,Tahap-4
01/21/2025,13,33,56,13:33:56,5462,Tahap-4
01/21/2025,13,33,57,13:33:57,1946,Tahap-4
01/21/2025,13,33,57,13:33:57,329,Tahap-4
01/21/2025,13,33,57,13:33:57,771,Tahap-4
01/21/2025,13,33,57,13:33:57,1057,Tahap-4
01/21/2025,13,33,57,13:33:57,693,Tahap-4
01/21/2025,13,33,57,13:33:57,541,Tahap-4
01/21/2025,13,33,57,13:33:57,317,Tahap-4
01/21/2025,13,33,57,13:33:57,360,Tahap-4
01/21/2025,13,33,57,13:33:57,179,Tahap-4
01/21/2025,13,33,57,13:33:57,78,Tahap-4
01/21/2025,13,33,58,13:33:58,254,Tahap-4
01/21/2025,13,33,58,13:33:58,170,Tahap-4
01/21/2025,13,33,58,13:33:58,302,Tahap-4
01/21/2025,13,33,58,13:33:58,32,Tahap-4
01/21/2025,13,33,58,13:33:58,180,Tahap-4
01/21/2025,13,33,58,13:33:58,112,Tahap-4
01/21/2025,13,33,58,13:33:58,33,Tahap-4
01/21/2025,13,33,58,13:33:58,108,Tahap-4
01/21/2025,13,33,58,13:33:58,221,Tahap-4
01/21/2025,13,33,58,13:33:58,135,Tahap-4
01/21/2025,13,33,59,13:33:59,898,Tahap-4
01/21/2025,13,33,59,13:33:59,757,Tahap-4
01/21/2025,13,33,59,13:33:59,235,Tahap-4
01/21/2025,13,33,59,13:33:59,99,Tahap-4
01/21/2025,13,33,59,13:33:59,72,Tahap-4
01/21/2025,13,33,59,13:33:59,121,Tahap-4
01/21/2025,13,33,59,13:33:59,183,Tahap-4
01/21/2025,13,33,59,13:33:59,334,Tahap-4
01/21/2025,13,33,59,13:33:59,182,Tahap-4
01/21/2025,13,33,59,13:33:59,212,Tahap-4
01/21/2025,13,34,1,13:34:01,133,Tahap-4
01/21/2025,13,34,1,13:34:01,453,Tahap-4
01/21/2025,13,34,1,13:34:01,236,Tahap-4
01/21/2025,13,34,1,13:34:01,120,Tahap-4
01/21/2025,13,34,1,13:34:01,547,Tahap-4
01/21/2025,13,34,1,13:34:01,296,Tahap-4
01/21/2025,13,34,1,13:34:01,162,Tahap-4
01/21/2025,13,34,1,13:34:01,126,Tahap-4
01/21/2025,13,34,1,13:34:01,207,Tahap-4
01/21/2025,13,34,1,13:34:01,154,Tahap-4
01/21/2025,13,34,2,13:34:02,173,Tahap-4
01/21/2025,13,34,2,13:34:02,193,Tahap-4
01/21/2025,13,34,2,13:34:02,206,Tahap-4
01/21/2025,13,34,2,13:34:02,64,Tahap-4
01/21/2025,13,34,2,13:34:02,222,Tahap-4
01/21/2025,13,34,2,13:34:02,187,Tahap-4
01/21/2025,13,34,2,13:34:02,248,Tahap-4
01/21/2025,13,34,2,13:34:02,252,Tahap-4
01/21/2025,13,34,2,13:34:02,82,Tahap-4
01/21/2025,13,34,2,13:34:02,161,Tahap-4
01/21/2025,13,34,3,13:34:03,216,Tahap-4
01/21/2025,13,34,3,13:34:03,207,Tahap-4
01/21/2025,13,34,3,13:34:03,212,Tahap-4
01/21/2025,13,34,3,13:34:03,165,Tahap-4
01/21/2025,13,34,3,13:34:03,171,Tahap-4
01/21/2025,13,34,3,13:34:03,151,Tahap-4
01/21/2025,13,34,3,13:34:03,145,Tahap-4
01/21/2025,13,34,3,13:34:03,433,Tahap-4
01/21/2025,13,34,3,13:34:03,1133,Tahap-4
01/21/2025,13,34,3,13:34:03,282,Tahap-4
01/21/2025,13,34,4,13:34:04,256,Tahap-4
01/21/2025,13,34,4,13:34:04,158,Tahap-4
01/21/2025,13,34,4,13:34:04,233,Tahap-4
01/21/2025,13,34,4,13:34:04,418,Tahap-4
01/21/2025,13,34,4,13:34:04,190,Tahap-4
01/21/2025,13,34,4,13:34:04,130,Tahap-4
01/21/2025,13,34,4,13:34:04,207,Tahap-4
01/21/2025,13,34,4,13:34:04,203,Tahap-4
01/21/2025,13,34,4,13:34:04,165,Tahap-4
01/21/2025,13,34,4,13:34:04,436,Tahap-4
01/21/2025,13,34,5,13:34:05,192,Tahap-4
01/21/2025,13,34,5,13:34:05,87,Tahap-4
01/21/2025,13,34,5,13:34:05,235,Tahap-4
01/21/2025,13,34,5,13:34:05,138,Tahap-4
01/21/2025,13,34,5,13:34:05,324,Tahap-4
01/21/2025,13,34,5,13:34:05,680,Tahap-4
01/21/2025,13,34,5,13:34:05,740,Tahap-4
01/21/2025,13,34,5,13:34:05,231,Tahap-4
01/21/2025,13,34,5,13:34:05,301,Tahap-4
01/21/2025,13,34,5,13:34:05,281,Tahap-4
01/21/2025,13,34,6,13:34:06,532,Tahap-4
01/21/2025,13,34,6,13:34:06,274,Tahap-4
01/21/2025,13,34,6,13:34:06,1552,Tahap-4
01/21/2025,13,34,6,13:34:06,223,Tahap-4
01/21/2025,13,34,6,13:34:06,525,Tahap-4
01/21/2025,13,34,6,13:34:06,290,Tahap-4
01/21/2025,13,34,6,13:34:06,438,Tahap-4
01/21/2025,13,34,6,13:34:06,307,Tahap-4
01/21/2025,13,34,6,13:34:06,70,Tahap-4
01/21/2025,13,34,6,13:34:06,187,Tahap-4
01/21/2025,13,34,7,13:34:07,309,Tahap-4
01/21/2025,13,34,7,13:34:07,305,Tahap-4
01/21/2025,13,34,7,13:34:07,169,Tahap-4
01/21/2025,13,34,7,13:34:07,285,Tahap-4
01/21/2025,13,34,7,13:34:07,79,Tahap-4
01/21/2025,13,34,7,13:34:07,360,Tahap-4
01/21/2025,13,34,7,13:34:07,136,Tahap-4
01/21/2025,13,34,7,13:34:07,264,Tahap-4
01/21/2025,13,34,7,13:34:07,409,Tahap-4
01/21/2025,13,34,7,13:34:07,492,Tahap-4
01/21/2025,13,34,8,13:34:08,173,Tahap-4
01/21/2025,13,34,8,13:34:08,203,Tahap-4
01/21/2025,13,34,8,13:34:08,231,Tahap-4
01/21/2025,13,34,8,13:34:08,363,Tahap-4
01/21/2025,13,34,8,13:34:08,640,Tahap-4
01/21/2025,13,34,8,13:34:08,566,Tahap-4
01/21/2025,13,34,8,13:34:08,781,Tahap-4
01/21/2025,13,34,8,13:34:08,570,Tahap-4
01/21/2025,13,34,8,13:34:08,687,Tahap-4
01/21/2025,13,34,8,13:34:08,487,Tahap-4
01/21/2025,13,34,9,13:34:09,436,Tahap-4
01/21/2025,13,34,9,13:34:09,379,Tahap-4
01/21/2025,13,34,9,13:34:09,145,Tahap-4
01/21/2025,13,34,9,13:34:09,346,Tahap-4
01/21/2025,13,34,9,13:34:09,290,Tahap-4
01/21/2025,13,34,9,13:34:09,-222,Tahap-4
01/21/2025,13,34,9,13:34:09,-256,Tahap-4
01/21/2025,13,34,9,13:34:09,-160,Tahap-4
01/21/2025,13,34,9,13:34:09,-264,Tahap-4
01/21/2025,13,34,9,13:34:09,-258,Tahap-4
01/21/2025,13,34,10,13:34:10,-180,Tahap-4
01/21/2025,13,34,10,13:34:10,-222,Tahap-4
01/21/2025,13,34,10,13:34:10,-244,Tahap-4
01/21/2025,13,34,10,13:34:10,-220,Tahap-4
01/21/2025,13,34,10,13:34:10,-296,Tahap-4
01/21/2025,13,34,10,13:34:10,-148,Tahap-4
01/21/2025,13,34,10,13:34:10,-256,Tahap-4
01/21/2025,13,34,10,13:34:10,-226,Tahap-4
01/21/2025,13,34,10,13:34:10,-182,Tahap-4
01/21/2025,13,34,10,13:34:10,-230,Tahap-4
01/21/2025,13,34,11,13:34:11,-254,Tahap-4
01/21/2025,13,34,11,13:34:11,-200,Tahap-4
01/21/2025,13,34,11,13:34:11,-230,Tahap-4
01/21/2025,13,34,11,13:34:11,-270,Tahap-4
01/21/2025,13,34,11,13:34:11,-240,Tahap-4
01/21/2025,13,34,11,13:34:11,-280,Tahap-4
01/21/2025,13,34,11,13:34:11,-162,Tahap-4
01/21/2025,13,34,11,13:34:11,-222,Tahap-4
01/21/2025,13,34,11,13:34:11,-204,Tahap-4
01/21/2025,13,34,11,13:34:11,-186,Tahap-4
01/21/2025,13,34,12,13:34:12,-228,Tahap-4
01/21/2025,13,34,12,13:34:12,-204,Tahap-4
01/21/2025,13,34,12,13:34:12,-196,Tahap-4
01/21/2025,13,34,12,13:34:12,-152,Tahap-4
01/21/2025,13,34,12,13:34:12,-178,Tahap-4
01/21/2025,13,34,12,13:34:12,-184,Tahap-4
01/21/2025,13,34,12,13:34:12,-160,Tahap-4
01/21/2025,13,34,12,13:34:12,-78,Tahap-4
01/21/2025,13,34,12,13:34:12,-166,Tahap-4
01/21/2025,13,34,12,13:34:12,-48,Tahap-4
01/21/2025,13,34,13,13:34:13,-110,Tahap-4
01/21/2025,13,34,13,13:34:13,-104,Tahap-4
01/21/2025,13,34,13,13:34:13,-110,Tahap-4
01/21/2025,13,34,13,13:34:13,-98,Tahap-4
01/21/2025,13,34,13,13:34:13,-104,Tahap-4
01/21/2025,13,34,13,13:34:13,-26,Tahap-4
01/21/2025,13,34,13,13:34:13,-136,Tahap-4
01/21/2025,13,34,13,13:34:13,-6,Tahap-4
01/21/2025,13,34,13,13:34:13,-2,Tahap-4
01/21/2025,13,34,13,13:34:13,-84,Tahap-4
01/21/2025,13,34,14,13:34:14,86,Tahap-4
01/21/2025,13,34,14,13:34:14,54,Tahap-4
01/21/2025,13,34,14,13:34:14,-12,Tahap-4
01/21/2025,13,34,14,13:34:14,56,Tahap-4
01/21/2025,13,34,14,13:34:14,66,Tahap-4
01/21/2025,13,34,14,13:34:14,38,Tahap-4
01/21/2025,13,34,14,13:34:14,130,Tahap-4
01/21/2025,13,34,14,13:34:14,34,Tahap-4
01/21/2025,13,34,14,13:34:14,174,Tahap-4
01/21/2025,13,34,14,13:34:14,96,Tahap-4
01/21/2025,13,34,15,13:34:15,124,Tahap-4
01/21/2025,13,34,15,13:34:15,198,Tahap-4
01/21/2025,13,34,15,13:34:15,196,Tahap-4
01/21/2025,13,34,15,13:34:15,152,Tahap-4
01/21/2025,13,34,15,13:34:15,166,Tahap-4
01/21/2025,13,34,15,13:34:15,192,Tahap-4
01/21/2025,13,34,15,13:34:15,146,Tahap-4
01/21/2025,13,34,15,13:34:15,178,Tahap-4
01/21/2025,13,34,15,13:34:15,140,Tahap-4
01/21/2025,13,34,15,13:34:15,252,Tahap-4
01/21/2025,13,34,16,13:34:16,110,Tahap-4
01/21/2025,13,34,16,13:34:16,230,Tahap-4
01/21/2025,13,34,16,13:34:16,188,Tahap-4
01/21/2025,13,34,16,13:34:16,184,Tahap-4
01/21/2025,13,34,16,13:34:16,198,Tahap-4
01/21/2025,13,34,16,13:34:16,164,Tahap-4
01/21/2025,13,34,16,13:34:16,166,Tahap-4
01/21/2025,13,34,16,13:34:16,170,Tahap-4
01/21/2025,13,34,16,13:34:16,116,Tahap-4
01/21/2025,13,34,16,13:34:16,174,Tahap-4
01/21/2025,13,34,16,13:34:16,192,Tahap-4
01/21/2025,13,34,17,13:34:17,104,Tahap-4
01/21/2025,13,34,17,13:34:17,226,Tahap-4
01/21/2025,13,34,18,13:34:18,188,Tahap-4
01/21/2025,13,34,18,13:34:18,146,Tahap-4
01/21/2025,13,34,18,13:34:18,182,Tahap-4
01/21/2025,13,34,18,13:34:18,180,Tahap-4
01/21/2025,13,34,18,13:34:18,118,Tahap-4
01/21/2025,13,34,18,13:34:18,198,Tahap-4
01/21/2025,13,34,18,13:34:18,76,Tahap-4
01/21/2025,13,34,18,13:34:18,194,Tahap-4
01/21/2025,13,34,18,13:34:18,166,Tahap-4
01/21/2025,13,34,18,13:34:18,144,Tahap-4
01/21/2025,13,34,18,13:34:18,228,Tahap-4
01/21/2025,13,34,18,13:34:18,210,Tahap-4
01/21/2025,13,34,18,13:34:18,168,Tahap-4
01/21/2025,13,34,18,13:34:18,190,Tahap-4
01/21/2025,13,34,18,13:34:18,186,Tahap-4
01/21/2025,13,34,18,13:34:18,158,Tahap-4
01/21/2025,13,34,18,13:34:18,182,Tahap-4
01/21/2025,13,34,18,13:34:18,92,Tahap-4
01/21/2025,13,34,19,13:34:19,192,Tahap-4
01/21/2025,13,34,19,13:34:19,166,Tahap-4
01/21/2025,13,34,19,13:34:19,168,Tahap-4
01/21/2025,13,34,19,13:34:19,234,Tahap-4
01/21/2025,13,34,19,13:34:19,174,Tahap-4
01/21/2025,13,34,19,13:34:19,152,Tahap-4
01/21/2025,13,34,19,13:34:19,164,Tahap-4
01/21/2025,13,34,19,13:34:19,146,Tahap-4
01/21/2025,13,34,19,13:34:19,138,Tahap-4
01/21/2025,13,34,19,13:34:19,104,Tahap-4
01/21/2025,13,34,20,13:34:20,82,Tahap-4
01/21/2025,13,34,20,13:34:20,146,Tahap-4
01/21/2025,13,34,20,13:34:20,48,Tahap-4
01/21/2025,13,34,20,13:34:20,146,Tahap-4
01/21/2025,13,34,20,13:34:20,140,Tahap-4
01/21/2025,13,34,20,13:34:20,132,Tahap-4
01/21/2025,13,34,20,13:34:20,60,Tahap-4
01/21/2025,13,34,20,13:34:20,104,Tahap-4
01/21/2025,13,34,20,13:34:20,66,Tahap-4
01/21/2025,13,34,20,13:34:20,114,Tahap-4
01/21/2025,13,34,21,13:34:21,2,Tahap-4
01/21/2025,13,34,21,13:34:21,86,Tahap-4
01/21/2025,13,34,21,13:34:21,90,Tahap-4
01/21/2025,13,34,21,13:34:21,-14,Tahap-4
01/21/2025,13,34,21,13:34:21,102,Tahap-4
01/21/2025,13,34,21,13:34:21,116,Tahap-4
01/21/2025,13,34,21,13:34:21,30,Tahap-4
01/21/2025,13,34,21,13:34:21,80,Tahap-4
01/21/2025,13,34,21,13:34:21,50,Tahap-4
01/21/2025,13,34,21,13:34:21,48,Tahap-4
01/21/2025,13,34,22,13:34:22,108,Tahap-4
01/21/2025,13,34,22,13:34:22,24,Tahap-4
01/21/2025,13,34,22,13:34:22,112,Tahap-4
01/21/2025,13,34,46,13:34:46,678,Tahap-4
01/21/2025,13,34,46,13:34:46,924,Tahap-4
01/21/2025,13,34,46,13:34:46,1058,Tahap-4
01/21/2025,13,34,47,13:34:47,1038,Tahap-4
01/21/2025,13,34,47,13:34:47,342,Tahap-4
01/21/2025,13,34,47,13:34:47,317,Tahap-4
01/21/2025,13,34,48,13:34:48,480,Tahap-4
01/21/2025,13,34,48,13:34:48,253,Tahap-4
01/21/2025,13,34,48,13:34:48,145,Tahap-4
01/21/2025,13,34,48,13:34:48,185,Tahap-4
01/21/2025,13,34,48,13:34:48,168,Tahap-4
01/21/2025,13,34,48,13:34:48,87,Tahap-4
01/21/2025,13,34,48,13:34:48,22,Tahap-4
01/21/2025,13,34,48,13:34:48,13,Tahap-4
01/21/2025,13,34,48,13:34:48,34,Tahap-4
01/21/2025,13,34,48,13:34:48,151,Tahap-4
01/21/2025,13,34,48,13:34:48,59,Tahap-4
01/21/2025,13,34,48,13:34:48,33,Tahap-4
01/21/2025,13,34,48,13:34:48,73,Tahap-4
01/21/2025,13,34,48,13:34:48,53,Tahap-4
01/21/2025,13,34,48,13:34:48,61,Tahap-4
01/21/2025,13,34,48,13:34:48,84,Tahap-4
01/21/2025,13,34,48,13:34:48,762,Tahap-4
01/21/2025,13,34,49,13:34:49,551,Tahap-4
01/21/2025,13,34,49,13:34:49,104,Tahap-4
01/21/2025,13,34,49,13:34:49,135,Tahap-4
01/21/2025,13,34,49,13:34:49,186,Tahap-4
01/21/2025,13,34,49,13:34:49,74,Tahap-4
01/21/2025,13,34,49,13:34:49,103,Tahap-4
01/21/2025,13,34,49,13:34:49,124,Tahap-4
01/21/2025,13,34,49,13:34:49,73,Tahap-4
01/21/2025,13,34,49,13:34:49,89,Tahap-4
01/21/2025,13,34,49,13:34:49,132,Tahap-4
01/21/2025,13,34,50,13:34:50,158,Tahap-4
01/21/2025,13,34,50,13:34:50,34,Tahap-4
01/21/2025,13,34,50,13:34:50,51,Tahap-4
01/21/2025,13,34,50,13:34:50,122,Tahap-4
01/21/2025,13,34,50,13:34:50,59,Tahap-4
01/21/2025,13,34,50,13:34:50,108,Tahap-4
01/21/2025,13,34,50,13:34:50,104,Tahap-4
01/21/2025,13,34,50,13:34:50,34,Tahap-4
01/21/2025,13,34,50,13:34:50,82,Tahap-4
01/21/2025,13,34,50,13:34:50,140,Tahap-4
01/21/2025,13,34,51,13:34:51,564,Tahap-4
01/21/2025,13,34,51,13:34:51,330,Tahap-4
01/21/2025,13,34,51,13:34:51,228,Tahap-4
01/21/2025,13,34,51,13:34:51,259,Tahap-4
01/21/2025,13,34,51,13:34:51,229,Tahap-4
01/21/2025,13,34,51,13:34:51,140,Tahap-4
01/21/2025,13,34,51,13:34:51,68,Tahap-4
01/21/2025,13,34,51,13:34:51,154,Tahap-4
01/21/2025,13,34,51,13:34:51,37,Tahap-4
01/21/2025,13,34,51,13:34:51,100,Tahap-4
01/21/2025,13,34,52,13:34:52,26,Tahap-4
01/21/2025,13,34,52,13:34:52,33,Tahap-4
01/21/2025,13,34,52,13:34:52,100,Tahap-4
01/21/2025,13,34,52,13:34:52,115,Tahap-4
01/21/2025,13,34,52,13:34:52,76,Tahap-4
01/21/2025,13,34,52,13:34:52,27,Tahap-4
01/21/2025,13,34,52,13:34:52,63,Tahap-4
01/21/2025,13,34,52,13:34:52,111,Tahap-4
01/21/2025,13,34,52,13:34:52,75,Tahap-4
01/21/2025,13,34,52,13:34:52,105,Tahap-4
01/21/2025,13,34,53,13:34:53,149,Tahap-4
01/21/2025,13,34,53,13:34:53,98,Tahap-4
01/21/2025,13,34,53,13:34:53,61,Tahap-4
01/21/2025,13,34,53,13:34:53,10,Tahap-4
01/21/2025,13,34,53,13:34:53,146,Tahap-4
01/21/2025,13,34,53,13:34:53,265,Tahap-4
01/21/2025,13,34,53,13:34:53,401,Tahap-4
01/21/2025,13,34,53,13:34:53,1092,Tahap-4
01/21/2025,13,34,53,13:34:53,479,Tahap-4
01/21/2025,13,34,53,13:34:53,137,Tahap-4
01/21/2025,13,34,54,13:34:54,101,Tahap-4
01/21/2025,13,34,54,13:34:54,126,Tahap-4
01/21/2025,13,34,54,13:34:54,144,Tahap-4
01/21/2025,13,34,54,13:34:54,71,Tahap-4
01/21/2025,13,34,54,13:34:54,133,Tahap-4
01/21/2025,13,34,54,13:34:54,57,Tahap-4
01/21/2025,13,34,54,13:34:54,80,Tahap-4
01/21/2025,13,34,54,13:34:54,187,Tahap-4
01/21/2025,13,34,54,13:34:54,130,Tahap-4
01/21/2025,13,34,54,13:34:54,138,Tahap-4
01/21/2025,13,34,55,13:34:55,111,Tahap-4
01/21/2025,13,34,55,13:34:55,116,Tahap-4
01/21/2025,13,34,55,13:34:55,233,Tahap-4
01/21/2025,13,34,55,13:34:55,79,Tahap-4
01/21/2025,13,34,55,13:34:55,84,Tahap-4
01/21/2025,13,34,55,13:34:55,814,Tahap-4
01/21/2025,13,34,55,13:34:55,94,Tahap-4
01/21/2025,13,34,55,13:34:55,200,Tahap-4
01/21/2025,13,34,55,13:34:55,318,Tahap-4
01/21/2025,13,34,55,13:34:55,502,Tahap-4
01/21/2025,13,34,56,13:34:56,928,Tahap-4
01/21/2025,13,34,56,13:34:56,1036,Tahap-4
01/21/2025,13,34,56,13:34:56,465,Tahap-4
01/21/2025,13,34,56,13:34:56,653,Tahap-4
01/21/2025,13,34,56,13:34:56,123,Tahap-4
01/21/2025,13,34,56,13:34:56,238,Tahap-4
01/21/2025,13,34,56,13:34:56,72,Tahap-4
01/21/2025,13,34,56,13:34:56,166,Tahap-4
01/21/2025,13,34,56,13:34:56,126,Tahap-4
01/21/2025,13,34,56,13:34:56,152,Tahap-4
01/21/2025,13,34,57,13:34:57,94,Tahap-4
01/21/2025,13,34,57,13:34:57,88,Tahap-4
01/21/2025,13,34,57,13:34:57,50,Tahap-4
01/21/2025,13,34,57,13:34:57,35,Tahap-4
01/21/2025,13,34,57,13:34:57,134,Tahap-4
01/21/2025,13,34,57,13:34:57,375,Tahap-4
01/21/2025,13,34,57,13:34:57,188,Tahap-4
01/21/2025,13,34,57,13:34:57,78,Tahap-4
01/21/2025,13,34,57,13:34:57,146,Tahap-4
01/21/2025,13,34,57,13:34:57,517,Tahap-4
01/21/2025,13,34,58,13:34:58,375,Tahap-4
01/21/2025,13,34,58,13:34:58,37,Tahap-4
01/21/2025,13,34,58,13:34:58,426,Tahap-4
01/21/2025,13,34,58,13:34:58,476,Tahap-4
01/21/2025,13,34,58,13:34:58,639,Tahap-4
01/21/2025,13,34,58,13:34:58,564,Tahap-4
01/21/2025,13,34,58,13:34:58,273,Tahap-4
01/21/2025,13,34,58,13:34:58,394,Tahap-4
01/21/2025,13,34,58,13:34:58,343,Tahap-4
01/21/2025,13,34,58,13:34:58,62,Tahap-4
01/21/2025,13,34,59,13:34:59,194,Tahap-4
01/21/2025,13,34,59,13:34:59,274,Tahap-4
01/21/2025,13,34,59,13:34:59,170,Tahap-4
01/21/2025,13,34,59,13:34:59,206,Tahap-4
01/21/2025,13,34,59,13:34:59,48,Tahap-4
01/21/2025,13,34,59,13:34:59,-16,Tahap-4
01/21/2025,13,34,59,13:34:59,-232,Tahap-4
01/21/2025,13,34,59,13:34:59,120,Tahap-4
01/21/2025,13,34,59,13:34:59,-232,Tahap-4
01/21/2025,13,34,59,13:34:59,-32,Tahap-4
01/21/2025,13,35,1,13:35:01,-96,Tahap-4
01/21/2025,13,35,1,13:35:01,-264,Tahap-4
01/21/2025,13,35,1,13:35:01,32,Tahap-4
01/21/2025,13,35,1,13:35:01,-72,Tahap-4
01/21/2025,13,35,1,13:35:01,-248,Tahap-4
01/21/2025,13,35,1,13:35:01,128,Tahap-4
01/21/2025,13,35,1,13:35:01,-176,Tahap-4
01/21/2025,13,35,1,13:35:01,-32,Tahap-4
01/21/2025,13,35,1,13:35:01,-16,Tahap-4
01/21/2025,13,35,1,13:35:01,-112,Tahap-4
01/21/2025,13,35,2,13:35:02,-104,Tahap-4
01/21/2025,13,35,2,13:35:02,-80,Tahap-4
01/21/2025,13,35,2,13:35:02,-208,Tahap-4
01/21/2025,13,35,2,13:35:02,112,Tahap-4
01/21/2025,13,35,2,13:35:02,-8,Tahap-4
01/21/2025,13,35,2,13:35:02,-40,Tahap-4
01/21/2025,13,35,2,13:35:02,208,Tahap-4
01/21/2025,13,35,2,13:35:02,-48,Tahap-4
01/21/2025,13,35,2,13:35:02,-152,Tahap-4
01/21/2025,13,35,2,13:35:02,120,Tahap-4
01/21/2025,13,35,3,13:35:03,16,Tahap-4
01/21/2025,13,35,3,13:35:03,-32,Tahap-4
01/21/2025,13,35,3,13:35:03,-168,Tahap-4
01/21/2025,13,35,3,13:35:03,248,Tahap-4
01/21/2025,13,35,3,13:35:03,8,Tahap-4
01/21/2025,13,35,3,13:35:03,40,Tahap-4
01/21/2025,13,35,3,13:35:03,264,Tahap-4
01/21/2025,13,35,3,13:35:03,72,Tahap-4
01/21/2025,13,35,3,13:35:03,-24,Tahap-4
01/21/2025,13,35,4,13:35:04,136,Tahap-4
01/21/2025,13,35,4,13:35:04,152,Tahap-4
01/21/2025,13,35,4,13:35:04,-96,Tahap-4
01/21/2025,13,35,4,13:35:04,24,Tahap-4
01/21/2025,13,35,4,13:35:04,-184,Tahap-4
01/21/2025,13,35,4,13:35:04,240,Tahap-4
01/21/2025,13,35,4,13:35:04,-48,Tahap-4
01/21/2025,13,35,4,13:35:04,120,Tahap-4
01/21/2025,13,35,4,13:35:04,168,Tahap-4
01/21/2025,13,35,4,13:35:04,-16,Tahap-4
01/21/2025,13,35,5,13:35:05,-72,Tahap-4
01/21/2025,13,35,5,13:35:05,8,Tahap-4
01/21/2025,13,35,5,13:35:05,-24,Tahap-4
01/21/2025,13,35,5,13:35:05,-56,Tahap-4
01/21/2025,13,35,5,13:35:05,-168,Tahap-4
01/21/2025,13,35,5,13:35:05,-112,Tahap-4
01/21/2025,13,35,5,13:35:05,-48,Tahap-4
01/21/2025,13,35,5,13:35:05,-272,Tahap-4
01/21/2025,13,35,5,13:35:05,144,Tahap-4
01/21/2025,13,35,5,13:35:05,72,Tahap-4
01/21/2025,13,35,6,13:35:06,-168,Tahap-4
01/21/2025,13,35,6,13:35:06,-192,Tahap-4
01/21/2025,13,35,6,13:35:06,-136,Tahap-4
01/21/2025,13,35,6,13:35:06,-304,Tahap-4
01/21/2025,13,35,6,13:35:06,-24,Tahap-4
01/21/2025,13,35,6,13:35:06,-384,Tahap-4
01/21/2025,13,35,6,13:35:06,-24,Tahap-4
01/21/2025,13,35,6,13:35:06,-232,Tahap-4
01/21/2025,13,35,6,13:35:06,-448,Tahap-4
01/21/2025,13,35,6,13:35:06,144,Tahap-4
01/21/2025,13,35,7,13:35:07,-24,Tahap-4
01/21/2025,13,35,7,13:35:07,-240,Tahap-4
01/21/2025,13,35,7,13:35:07,-88,Tahap-4
01/21/2025,13,35,7,13:35:07,-216,Tahap-4
01/21/2025,13,35,7,13:35:07,-288,Tahap-4
01/21/2025,13,35,7,13:35:07,-24,Tahap-4
01/21/2025,13,35,7,13:35:07,-272,Tahap-4
01/21/2025,13,35,7,13:35:07,-88,Tahap-4
01/21/2025,13,35,7,13:35:07,-88,Tahap-4
01/21/2025,13,35,7,13:35:07,-320,Tahap-4
01/21/2025,13,35,8,13:35:08,128,Tahap-4
01/21/2025,13,35,8,13:35:08,120,Tahap-4
01/21/2025,13,35,8,13:35:08,-88,Tahap-4
01/21/2025,13,35,8,13:35:08,8,Tahap-4
01/21/2025,13,35,8,13:35:08,-176,Tahap-4
01/21/2025,13,35,8,13:35:08,-24,Tahap-4
01/21/2025,13,35,8,13:35:08,-184,Tahap-4
01/21/2025,13,35,8,13:35:08,216,Tahap-4
01/21/2025,13,35,8,13:35:08,-120,Tahap-4
01/21/2025,13,35,9,13:35:09,-32,Tahap-4
01/21/2025,13,35,9,13:35:09,232,Tahap-4
01/21/2025,13,35,9,13:35:09,160,Tahap-4
01/21/2025,13,35,9,13:35:09,72,Tahap-4
01/21/2025,13,35,9,13:35:09,56,Tahap-4
01/21/2025,13,35,9,13:35:09,48,Tahap-4
01/21/2025,13,35,9,13:35:09,-96,Tahap-4
01/21/2025,13,35,9,13:35:09,48,Tahap-4
01/21/2025,13,35,9,13:35:09,-72,Tahap-4
01/21/2025,13,35,9,13:35:09,344,Tahap-4
01/21/2025,13,35,10,13:35:10,-48,Tahap-4
01/21/2025,13,35,10,13:35:10,200,Tahap-4
01/21/2025,13,35,10,13:35:10,320,Tahap-4
01/21/2025,13,35,10,13:35:10,152,Tahap-4
01/21/2025,13,35,10,13:35:10,312,Tahap-4
01/21/2025,13,35,10,13:35:10,200,Tahap-4
01/21/2025,13,35,10,13:35:10,272,Tahap-4
01/21/2025,13,35,10,13:35:10,176,Tahap-4
01/21/2025,13,35,10,13:35:10,56,Tahap-4
01/21/2025,13,35,10,13:35:10,208,Tahap-4
01/21/2025,13,35,11,13:35:11,432,Tahap-4
01/21/2025,13,35,11,13:35:11,-40,Tahap-4
01/21/2025,13,35,11,13:35:11,432,Tahap-4
01/21/2025,13,35,11,13:35:11,552,Tahap-4
01/21/2025,13,35,11,13:35:11,144,Tahap-4
01/21/2025,13,35,11,13:35:11,328,Tahap-4
01/21/2025,13,35,11,13:35:11,408,Tahap-4
01/21/2025,13,35,11,13:35:11,88,Tahap-4
01/21/2025,13,35,11,13:35:11,336,Tahap-4
01/21/2025,13,35,11,13:35:11,-64,Tahap-4
01/21/2025,13,35,12,13:35:12,168,Tahap-4
01/21/2025,13,35,12,13:35:12,320,Tahap-4
01/21/2025,13,35,12,13:35:12,40,Tahap-4
01/21/2025,13,35,36,13:35:36,5986,Tahap-4
01/21/2025,13,35,36,13:35:36,2703,Tahap-4
01/21/2025,13,35,36,13:35:36,1033,Tahap-4
01/21/2025,13,35,37,13:35:37,1203,Tahap-4
01/21/2025,13,35,37,13:35:37,1137,Tahap-4
01/21/2025,13,35,37,13:35:37,792,Tahap-4
01/21/2025,13,35,37,13:35:37,415,Tahap-4
01/21/2025,13,35,37,13:35:37,673,Tahap-4
01/21/2025,13,35,37,13:35:37,498,Tahap-4
01/21/2025,13,35,37,13:35:37,440,Tahap-4
01/21/2025,13,35,37,13:35:37,419,Tahap-4
01/21/2025,13,35,37,13:35:37,306,Tahap-4
01/21/2025,13,35,37,13:35:37,349,Tahap-4
01/21/2025,13,35,38,13:35:38,434,Tahap-4
01/21/2025,13,35,38,13:35:38,274,Tahap-4
01/21/2025,13,35,38,13:35:38,318,Tahap-4
01/21/2025,13,35,38,13:35:38,318,Tahap-4
01/21/2025,13,35,38,13:35:38,191,Tahap-4
01/21/2025,13,35,38,13:35:38,247,Tahap-4
01/21/2025,13,35,38,13:35:38,289,Tahap-4
01/21/2025,13,35,38,13:35:38,344,Tahap-4
01/21/2025,13,35,38,13:35:38,472,Tahap-4
01/21/2025,13,35,38,13:35:38,820,Tahap-4
01/21/2025,13,35,39,13:35:39,116,Tahap-4
01/21/2025,13,35,39,13:35:39,248,Tahap-4
01/21/2025,13,35,39,13:35:39,39,Tahap-4
01/21/2025,13,35,39,13:35:39,95,Tahap-4
01/21/2025,13,35,39,13:35:39,19,Tahap-4
01/21/2025,13,35,39,13:35:39,80,Tahap-4
01/21/2025,13,35,39,13:35:39,260,Tahap-4
01/21/2025,13,35,39,13:35:39,52,Tahap-4
01/21/2025,13,35,39,13:35:39,148,Tahap-4
01/21/2025,13,35,39,13:35:39,92,Tahap-4
01/21/2025,13,35,39,13:35:39,107,Tahap-4
01/21/2025,13,35,40,13:35:40,276,Tahap-4
01/21/2025,13,35,40,13:35:40,62,Tahap-4
01/21/2025,13,35,40,13:35:40,122,Tahap-4
01/21/2025,13,35,40,13:35:40,97,Tahap-4
01/21/2025,13,35,40,13:35:40,218,Tahap-4
01/21/2025,13,35,40,13:35:40,96,Tahap-4
01/21/2025,13,35,40,13:35:40,34,Tahap-4
01/21/2025,13,35,40,13:35:40,148,Tahap-4
01/21/2025,13,35,40,13:35:40,149,Tahap-4
01/21/2025,13,35,40,13:35:40,236,Tahap-4
01/21/2025,13,35,41,13:35:41,433,Tahap-4
01/21/2025,13,35,41,13:35:41,291,Tahap-4
01/21/2025,13,35,41,13:35:41,394,Tahap-4
01/21/2025,13,35,41,13:35:41,48,Tahap-4
01/21/2025,13,35,41,13:35:41,108,Tahap-4
01/21/2025,13,35,41,13:35:41,167,Tahap-4
01/21/2025,13,35,41,13:35:41,152,Tahap-4
01/21/2025,13,35,41,13:35:41,57,Tahap-4
01/21/2025,13,35,41,13:35:41,59,Tahap-4
01/21/2025,13,35,41,13:35:41,41,Tahap-4
01/21/2025,13,35,42,13:35:42,191,Tahap-4
01/21/2025,13,35,42,13:35:42,33,Tahap-4
01/21/2025,13,35,42,13:35:42,252,Tahap-4
01/21/2025,13,35,42,13:35:42,159,Tahap-4
01/21/2025,13,35,42,13:35:42,121,Tahap-4
01/21/2025,13,35,42,13:35:42,125,Tahap-4
01/21/2025,13,35,42,13:35:42,48,Tahap-4
01/21/2025,13,35,42,13:35:42,237,Tahap-4
01/21/2025,13,35,42,13:35:42,102,Tahap-4
01/21/2025,13,35,42,13:35:42,247,Tahap-4
01/21/2025,13,35,43,13:35:43,146,Tahap-4
01/21/2025,13,35,43,13:35:43,122,Tahap-4
01/21/2025,13,35,43,13:35:43,156,Tahap-4
01/21/2025,13,35,43,13:35:43,433,Tahap-4
01/21/2025,13,35,43,13:35:43,154,Tahap-4
01/21/2025,13,35,43,13:35:43,346,Tahap-4
01/21/2025,13,35,43,13:35:43,972,Tahap-4
01/21/2025,13,35,43,13:35:43,365,Tahap-4
01/21/2025,13,35,43,13:35:43,377,Tahap-4
01/21/2025,13,35,43,13:35:43,263,Tahap-4
01/21/2025,13,35,44,13:35:44,73,Tahap-4
01/21/2025,13,35,44,13:35:44,187,Tahap-4
01/21/2025,13,35,44,13:35:44,230,Tahap-4
01/21/2025,13,35,44,13:35:44,127,Tahap-4
01/21/2025,13,35,44,13:35:44,83,Tahap-4
01/21/2025,13,35,44,13:35:44,75,Tahap-4
01/21/2025,13,35,44,13:35:44,96,Tahap-4
01/21/2025,13,35,44,13:35:44,199,Tahap-4
01/21/2025,13,35,44,13:35:44,193,Tahap-4
01/21/2025,13,35,44,13:35:44,153,Tahap-4
01/21/2025,13,35,45,13:35:45,226,Tahap-4
01/21/2025,13,35,45,13:35:45,162,Tahap-4
01/21/2025,13,35,45,13:35:45,321,Tahap-4
01/21/2025,13,35,45,13:35:45,108,Tahap-4
01/21/2025,13,35,45,13:35:45,1139,Tahap-4
01/21/2025,13,35,45,13:35:45,75,Tahap-4
01/21/2025,13,35,45,13:35:45,108,Tahap-4
01/21/2025,13,35,45,13:35:45,256,Tahap-4
01/21/2025,13,35,45,13:35:45,606,Tahap-4
01/21/2025,13,35,45,13:35:45,579,Tahap-4
01/21/2025,13,35,46,13:35:46,1138,Tahap-4
01/21/2025,13,35,46,13:35:46,607,Tahap-4
01/21/2025,13,35,46,13:35:46,642,Tahap-4
01/21/2025,13,35,46,13:35:46,381,Tahap-4
01/21/2025,13,35,46,13:35:46,168,Tahap-4
01/21/2025,13,35,46,13:35:46,165,Tahap-4
01/21/2025,13,35,46,13:35:46,213,Tahap-4
01/21/2025,13,35,46,13:35:46,43,Tahap-4
01/21/2025,13,35,46,13:35:46,163,Tahap-4
01/21/2025,13,35,46,13:35:46,103,Tahap-4
01/21/2025,13,35,47,13:35:47,173,Tahap-4
01/21/2025,13,35,47,13:35:47,177,Tahap-4
01/21/2025,13,35,48,13:35:48,207,Tahap-4
01/21/2025,13,35,48,13:35:48,224,Tahap-4
01/21/2025,13,35,48,13:35:48,515,Tahap-4
01/21/2025,13,35,48,13:35:48,714,Tahap-4
01/21/2025,13,35,48,13:35:48,651,Tahap-4
01/21/2025,13,35,48,13:35:48,229,Tahap-4
01/21/2025,13,35,48,13:35:48,296,Tahap-4
01/21/2025,13,35,48,13:35:48,101,Tahap-4
01/21/2025,13,35,48,13:35:48,276,Tahap-4
01/21/2025,13,35,48,13:35:48,334,Tahap-4
01/21/2025,13,35,48,13:35:48,334,Tahap-4
01/21/2025,13,35,48,13:35:48,166,Tahap-4
01/21/2025,13,35,48,13:35:48,668,Tahap-4
01/21/2025,13,35,48,13:35:48,407,Tahap-4
01/21/2025,13,35,48,13:35:48,369,Tahap-4
01/21/2025,13,35,48,13:35:48,370,Tahap-4
01/21/2025,13,35,48,13:35:48,296,Tahap-4
01/21/2025,13,35,48,13:35:48,245,Tahap-4
01/21/2025,13,35,49,13:35:49,298,Tahap-4
01/21/2025,13,35,49,13:35:49,95,Tahap-4
01/21/2025,13,35,49,13:35:49,461,Tahap-4
01/21/2025,13,35,49,13:35:49,-72,Tahap-4
01/21/2025,13,35,49,13:35:49,48,Tahap-4
01/21/2025,13,35,49,13:35:49,-120,Tahap-4
01/21/2025,13,35,49,13:35:49,-64,Tahap-4
01/21/2025,13,35,49,13:35:49,-132,Tahap-4
01/21/2025,13,35,49,13:35:49,-36,Tahap-4
01/21/2025,13,35,49,13:35:49,36,Tahap-4
01/21/2025,13,35,50,13:35:50,-124,Tahap-4
01/21/2025,13,35,50,13:35:50,-144,Tahap-4
01/21/2025,13,35,50,13:35:50,28,Tahap-4
01/21/2025,13,35,50,13:35:50,8,Tahap-4
01/21/2025,13,35,50,13:35:50,-164,Tahap-4
01/21/2025,13,35,50,13:35:50,12,Tahap-4
01/21/2025,13,35,50,13:35:50,-76,Tahap-4
01/21/2025,13,35,50,13:35:50,-40,Tahap-4
01/21/2025,13,35,50,13:35:50,-176,Tahap-4
01/21/2025,13,35,50,13:35:50,-60,Tahap-4
01/21/2025,13,35,51,13:35:51,40,Tahap-4
01/21/2025,13,35,51,13:35:51,-156,Tahap-4
01/21/2025,13,35,51,13:35:51,8,Tahap-4
01/21/2025,13,35,51,13:35:51,-84,Tahap-4
01/21/2025,13,35,51,13:35:51,48,Tahap-4
01/21/2025,13,35,51,13:35:51,-56,Tahap-4
01/21/2025,13,35,51,13:35:51,-52,Tahap-4
01/21/2025,13,35,51,13:35:51,-68,Tahap-4
01/21/2025,13,35,51,13:35:51,-100,Tahap-4
01/21/2025,13,35,51,13:35:51,-136,Tahap-4
01/21/2025,13,35,52,13:35:52,84,Tahap-4
01/21/2025,13,35,52,13:35:52,-132,Tahap-4
01/21/2025,13,35,52,13:35:52,-84,Tahap-4
01/21/2025,13,35,52,13:35:52,-20,Tahap-4
01/21/2025,13,35,52,13:35:52,-60,Tahap-4
01/21/2025,13,35,52,13:35:52,-112,Tahap-4
01/21/2025,13,35,52,13:35:52,36,Tahap-4
01/21/2025,13,35,52,13:35:52,-180,Tahap-4
01/21/2025,13,35,52,13:35:52,-40,Tahap-4
01/21/2025,13,35,52,13:35:52,-92,Tahap-4
01/21/2025,13,35,53,13:35:53,-188,Tahap-4
01/21/2025,13,35,53,13:35:53,64,Tahap-4
01/21/2025,13,35,53,13:35:53,-144,Tahap-4
01/21/2025,13,35,53,13:35:53,-80,Tahap-4
01/21/2025,13,35,53,13:35:53,-24,Tahap-4
01/21/2025,13,35,53,13:35:53,-112,Tahap-4
01/21/2025,13,35,53,13:35:53,-116,Tahap-4
01/21/2025,13,35,53,13:35:53,-40,Tahap-4
01/21/2025,13,35,53,13:35:53,-72,Tahap-4
01/21/2025,13,35,53,13:35:53,-172,Tahap-4
01/21/2025,13,35,54,13:35:54,-88,Tahap-4
01/21/2025,13,35,54,13:35:54,-204,Tahap-4
01/21/2025,13,35,54,13:35:54,-28,Tahap-4
01/21/2025,13,35,54,13:35:54,-116,Tahap-4
01/21/2025,13,35,54,13:35:54,-112,Tahap-4
01/21/2025,13,35,54,13:35:54,-16,Tahap-4
01/21/2025,13,35,54,13:35:54,-116,Tahap-4
01/21/2025,13,35,54,13:35:54,-148,Tahap-4
01/21/2025,13,35,54,13:35:54,-104,Tahap-4
01/21/2025,13,35,54,13:35:54,-104,Tahap-4
01/21/2025,13,35,55,13:35:55,-116,Tahap-4
01/21/2025,13,35,55,13:35:55,-176,Tahap-4
01/21/2025,13,35,55,13:35:55,-108,Tahap-4
01/21/2025,13,35,55,13:35:55,-80,Tahap-4
01/21/2025,13,35,55,13:35:55,-164,Tahap-4
01/21/2025,13,35,55,13:35:55,-20,Tahap-4
01/21/2025,13,35,55,13:35:55,-68,Tahap-4
01/21/2025,13,35,55,13:35:55,-140,Tahap-4
01/21/2025,13,35,55,13:35:55,-124,Tahap-4
01/21/2025,13,35,55,13:35:55,-104,Tahap-4
01/21/2025,13,35,56,13:35:56,-132,Tahap-4
01/21/2025,13,35,56,13:35:56,-48,Tahap-4
01/21/2025,13,35,56,13:35:56,-276,Tahap-4
01/21/2025,13,35,56,13:35:56,44,Tahap-4
01/21/2025,13,35,56,13:35:56,-248,Tahap-4
01/21/2025,13,35,56,13:35:56,-188,Tahap-4
01/21/2025,13,35,56,13:35:56,20,Tahap-4
01/21/2025,13,35,56,13:35:56,-96,Tahap-4
01/21/2025,13,35,56,13:35:56,-200,Tahap-4
01/21/2025,13,35,56,13:35:56,-84,Tahap-4
01/21/2025,13,35,57,13:35:57,-204,Tahap-4
01/21/2025,13,35,57,13:35:57,-132,Tahap-4
01/21/2025,13,35,57,13:35:57,-112,Tahap-4
01/21/2025,13,35,57,13:35:57,-200,Tahap-4
01/21/2025,13,35,57,13:35:57,-216,Tahap-4
01/21/2025,13,35,57,13:35:57,-248,Tahap-4
01/21/2025,13,35,57,13:35:57,-28,Tahap-4
01/21/2025,13,35,57,13:35:57,-104,Tahap-4
01/21/2025,13,35,57,13:35:57,-236,Tahap-4
01/21/2025,13,35,58,13:35:58,-132,Tahap-4
01/21/2025,13,35,58,13:35:58,-196,Tahap-4
01/21/2025,13,35,58,13:35:58,-204,Tahap-4
01/21/2025,13,35,58,13:35:58,-164,Tahap-4
01/21/2025,13,35,58,13:35:58,-264,Tahap-4
01/21/2025,13,35,58,13:35:58,-92,Tahap-4
01/21/2025,13,35,58,13:35:58,-284,Tahap-4
01/21/2025,13,35,58,13:35:58,-184,Tahap-4
01/21/2025,13,35,58,13:35:58,-188,Tahap-4
01/21/2025,13,35,58,13:35:58,-136,Tahap-4
01/21/2025,13,35,59,13:35:59,-172,Tahap-4
01/21/2025,13,35,59,13:35:59,-208,Tahap-4
01/21/2025,13,35,59,13:35:59,-248,Tahap-4
01/21/2025,13,35,59,13:35:59,-312,Tahap-4
01/21/2025,13,35,59,13:35:59,-296,Tahap-4
01/21/2025,13,35,59,13:35:59,-268,Tahap-4
01/21/2025,13,35,59,13:35:59,-152,Tahap-4
01/21/2025,13,35,59,13:35:59,-368,Tahap-4
01/21/2025,13,35,59,13:35:59,-180,Tahap-4
01/21/2025,13,35,59,13:35:59,-268,Tahap-4
01/21/2025,13,36,1,13:36:01,-220,Tahap-4
01/21/2025,13,36,1,13:36:01,-324,Tahap-4
01/21/2025,13,36,1,13:36:01,-204,Tahap-4
01/21/2025,13,36,1,13:36:01,-200,Tahap-4
01/21/2025,13,36,1,13:36:01,-308,Tahap-4
01/21/2025,13,36,1,13:36:01,-232,Tahap-4
01/21/2025,13,36,1,13:36:01,-392,Tahap-4
01/21/2025,13,36,1,13:36:01,-168,Tahap-4
01/21/2025,13,36,1,13:36:01,-172,Tahap-4
01/21/2025,13,36,1,13:36:01,-280,Tahap-4
01/21/2025,13,36,2,13:36:02,-28,Tahap-4
01/21/2025,13,36,2,13:36:02,-168,Tahap-4
01/21/2025,13,36,26,13:36:26,1987,Tahap-4
01/21/2025,13,36,26,13:36:26,955,Tahap-4
01/21/2025,13,36,26,13:36:26,641,Tahap-4
01/21/2025,13,36,26,13:36:26,1082,Tahap-4
01/21/2025,13,36,27,13:36:27,270,Tahap-4
01/21/2025,13,36,27,13:36:27,512,Tahap-4
01/21/2025,13,36,27,13:36:27,168,Tahap-4
01/21/2025,13,36,27,13:36:27,456,Tahap-4
01/21/2025,13,36,27,13:36:27,291,Tahap-4
01/21/2025,13,36,27,13:36:27,334,Tahap-4
01/21/2025,13,36,27,13:36:27,227,Tahap-4
01/21/2025,13,36,27,13:36:27,244,Tahap-4
01/21/2025,13,36,27,13:36:27,215,Tahap-4
01/21/2025,13,36,27,13:36:27,114,Tahap-4
01/21/2025,13,36,28,13:36:28,226,Tahap-4
01/21/2025,13,36,28,13:36:28,148,Tahap-4
01/21/2025,13,36,28,13:36:28,151,Tahap-4
01/21/2025,13,36,28,13:36:28,180,Tahap-4
01/21/2025,13,36,28,13:36:28,181,Tahap-4
01/21/2025,13,36,28,13:36:28,64,Tahap-4
01/21/2025,13,36,28,13:36:28,105,Tahap-4
01/21/2025,13,36,28,13:36:28,204,Tahap-4
01/21/2025,13,36,28,13:36:28,751,Tahap-4
01/21/2025,13,36,28,13:36:28,525,Tahap-4
01/21/2025,13,36,29,13:36:29,169,Tahap-4
01/21/2025,13,36,29,13:36:29,62,Tahap-4
01/21/2025,13,36,29,13:36:29,223,Tahap-4
01/21/2025,13,36,29,13:36:29,60,Tahap-4
01/21/2025,13,36,29,13:36:29,30,Tahap-4
01/21/2025,13,36,29,13:36:29,80,Tahap-4
01/21/2025,13,36,29,13:36:29,93,Tahap-4
01/21/2025,13,36,29,13:36:29,133,Tahap-4
01/21/2025,13,36,29,13:36:29,63,Tahap-4
01/21/2025,13,36,29,13:36:29,95,Tahap-4
01/21/2025,13,36,30,13:36:30,128,Tahap-4
01/21/2025,13,36,30,13:36:30,107,Tahap-4
01/21/2025,13,36,30,13:36:30,96,Tahap-4
01/21/2025,13,36,30,13:36:30,142,Tahap-4
01/21/2025,13,36,30,13:36:30,58,Tahap-4
01/21/2025,13,36,30,13:36:30,94,Tahap-4
01/21/2025,13,36,30,13:36:30,71,Tahap-4
01/21/2025,13,36,30,13:36:30,131,Tahap-4
01/21/2025,13,36,30,13:36:30,192,Tahap-4
01/21/2025,13,36,30,13:36:30,376,Tahap-4
01/21/2025,13,36,31,13:36:31,403,Tahap-4
01/21/2025,13,36,31,13:36:31,140,Tahap-4
01/21/2025,13,36,31,13:36:31,433,Tahap-4
01/21/2025,13,36,31,13:36:31,158,Tahap-4
01/21/2025,13,36,31,13:36:31,124,Tahap-4
01/21/2025,13,36,31,13:36:31,72,Tahap-4
01/21/2025,13,36,31,13:36:31,78,Tahap-4
01/21/2025,13,36,31,13:36:31,15,Tahap-4
01/21/2025,13,36,31,13:36:31,90,Tahap-4
01/21/2025,13,36,31,13:36:31,63,Tahap-4
01/21/2025,13,36,32,13:36:32,141,Tahap-4
01/21/2025,13,36,32,13:36:32,237,Tahap-4
01/21/2025,13,36,32,13:36:32,69,Tahap-4
01/21/2025,13,36,32,13:36:32,32,Tahap-4
01/21/2025,13,36,32,13:36:32,44,Tahap-4
01/21/2025,13,36,32,13:36:32,158,Tahap-4
01/21/2025,13,36,32,13:36:32,50,Tahap-4
01/21/2025,13,36,32,13:36:32,125,Tahap-4
01/21/2025,13,36,32,13:36:32,55,Tahap-4
01/21/2025,13,36,32,13:36:32,166,Tahap-4
01/21/2025,13,36,33,13:36:33,113,Tahap-4
01/21/2025,13,36,33,13:36:33,222,Tahap-4
01/21/2025,13,36,33,13:36:33,207,Tahap-4
01/21/2025,13,36,33,13:36:33,143,Tahap-4
01/21/2025,13,36,33,13:36:33,282,Tahap-4
01/21/2025,13,36,33,13:36:33,148,Tahap-4
01/21/2025,13,36,33,13:36:33,1130,Tahap-4
01/21/2025,13,36,33,13:36:33,219,Tahap-4
01/21/2025,13,36,33,13:36:33,200,Tahap-4
01/21/2025,13,36,33,13:36:33,315,Tahap-4
01/21/2025,13,36,34,13:36:34,118,Tahap-4
01/21/2025,13,36,34,13:36:34,156,Tahap-4
01/21/2025,13,36,34,13:36:34,98,Tahap-4
01/21/2025,13,36,34,13:36:34,248,Tahap-4
01/21/2025,13,36,34,13:36:34,114,Tahap-4
01/21/2025,13,36,34,13:36:34,38,Tahap-4
01/21/2025,13,36,34,13:36:34,93,Tahap-4
01/21/2025,13,36,34,13:36:34,361,Tahap-4
01/21/2025,13,36,34,13:36:34,138,Tahap-4
01/21/2025,13,36,34,13:36:34,267,Tahap-4
01/21/2025,13,36,35,13:36:35,68,Tahap-4
01/21/2025,13,36,35,13:36:35,325,Tahap-4
01/21/2025,13,36,35,13:36:35,45,Tahap-4
01/21/2025,13,36,35,13:36:35,234,Tahap-4
01/21/2025,13,36,35,13:36:35,1020,Tahap-4
01/21/2025,13,36,35,13:36:35,415,Tahap-4
01/21/2025,13,36,35,13:36:35,105,Tahap-4
01/21/2025,13,36,35,13:36:35,154,Tahap-4
01/21/2025,13,36,35,13:36:35,645,Tahap-4
01/21/2025,13,36,35,13:36:35,663,Tahap-4
01/21/2025,13,36,36,13:36:36,1044,Tahap-4
01/21/2025,13,36,36,13:36:36,305,Tahap-4
01/21/2025,13,36,36,13:36:36,672,Tahap-4
01/21/2025,13,36,36,13:36:36,597,Tahap-4
01/21/2025,13,36,36,13:36:36,316,Tahap-4
01/21/2025,13,36,36,13:36:36,191,Tahap-4
01/21/2025,13,36,36,13:36:36,215,Tahap-4
01/21/2025,13,36,36,13:36:36,172,Tahap-4
01/21/2025,13,36,36,13:36:36,102,Tahap-4
01/21/2025,13,36,36,13:36:36,16,Tahap-4
01/21/2025,13,36,37,13:36:37,123,Tahap-4
01/21/2025,13,36,37,13:36:37,49,Tahap-4
01/21/2025,13,36,37,13:36:37,105,Tahap-4
01/21/2025,13,36,37,13:36:37,181,Tahap-4
01/21/2025,13,36,37,13:36:37,430,Tahap-4
01/21/2025,13,36,37,13:36:37,449,Tahap-4
01/21/2025,13,36,37,13:36:37,390,Tahap-4
01/21/2025,13,36,37,13:36:37,542,Tahap-4
01/21/2025,13,36,37,13:36:37,542,Tahap-4
01/21/2025,13,36,37,13:36:37,357,Tahap-4
01/21/2025,13,36,38,13:36:38,100,Tahap-4
01/21/2025,13,36,38,13:36:38,102,Tahap-4
01/21/2025,13,36,38,13:36:38,403,Tahap-4
01/21/2025,13,36,38,13:36:38,496,Tahap-4
01/21/2025,13,36,38,13:36:38,569,Tahap-4
01/21/2025,13,36,38,13:36:38,140,Tahap-4
01/21/2025,13,36,38,13:36:38,805,Tahap-4
01/21/2025,13,36,38,13:36:38,249,Tahap-4
01/21/2025,13,36,38,13:36:38,141,Tahap-4
01/21/2025,13,36,38,13:36:38,217,Tahap-4
01/21/2025,13,36,39,13:36:39,521,Tahap-4
01/21/2025,13,36,39,13:36:39,67,Tahap-4
01/21/2025,13,36,39,13:36:39,765,Tahap-4
01/21/2025,13,36,39,13:36:39,8,Tahap-4
01/21/2025,13,36,39,13:36:39,28,Tahap-4
01/21/2025,13,36,39,13:36:39,136,Tahap-4
01/21/2025,13,36,39,13:36:39,-44,Tahap-4
01/21/2025,13,36,39,13:36:39,16,Tahap-4
01/21/2025,13,36,39,13:36:39,4,Tahap-4
01/21/2025,13,36,40,13:36:40,24,Tahap-4
01/21/2025,13,36,40,13:36:40,-44,Tahap-4
01/21/2025,13,36,40,13:36:40,-56,Tahap-4
01/21/2025,13,36,40,13:36:40,76,Tahap-4
01/21/2025,13,36,40,13:36:40,-92,Tahap-4
01/21/2025,13,36,40,13:36:40,-12,Tahap-4
01/21/2025,13,36,40,13:36:40,144,Tahap-4
01/21/2025,13,36,40,13:36:40,-40,Tahap-4
01/21/2025,13,36,40,13:36:40,12,Tahap-4
01/21/2025,13,36,40,13:36:40,4,Tahap-4
01/21/2025,13,36,40,13:36:40,-20,Tahap-4
01/21/2025,13,36,41,13:36:41,64,Tahap-4
01/21/2025,13,36,41,13:36:41,-16,Tahap-4
01/21/2025,13,36,41,13:36:41,-40,Tahap-4
01/21/2025,13,36,41,13:36:41,188,Tahap-4
01/21/2025,13,36,41,13:36:41,-84,Tahap-4
01/21/2025,13,36,41,13:36:41,52,Tahap-4
01/21/2025,13,36,41,13:36:41,192,Tahap-4
01/21/2025,13,36,41,13:36:41,56,Tahap-4
01/21/2025,13,36,41,13:36:41,-60,Tahap-4
01/21/2025,13,36,41,13:36:41,88,Tahap-4
01/21/2025,13,36,42,13:36:42,-32,Tahap-4
01/21/2025,13,36,42,13:36:42,44,Tahap-4
01/21/2025,13,36,42,13:36:42,16,Tahap-4
01/21/2025,13,36,42,13:36:42,44,Tahap-4
01/21/2025,13,36,42,13:36:42,140,Tahap-4
01/21/2025,13,36,42,13:36:42,20,Tahap-4
01/21/2025,13,36,42,13:36:42,44,Tahap-4
01/21/2025,13,36,42,13:36:42,128,Tahap-4
01/21/2025,13,36,42,13:36:42,-16,Tahap-4
01/21/2025,13,36,42,13:36:42,36,Tahap-4
01/21/2025,13,36,43,13:36:43,28,Tahap-4
01/21/2025,13,36,43,13:36:43,52,Tahap-4
01/21/2025,13,36,43,13:36:43,-92,Tahap-4
01/21/2025,13,36,43,13:36:43,160,Tahap-4
01/21/2025,13,36,43,13:36:43,-132,Tahap-4
01/21/2025,13,36,43,13:36:43,144,Tahap-4
01/21/2025,13,36,43,13:36:43,44,Tahap-4
01/21/2025,13,36,43,13:36:43,92,Tahap-4
01/21/2025,13,36,43,13:36:43,12,Tahap-4
01/21/2025,13,36,43,13:36:43,104,Tahap-4
01/21/2025,13,36,44,13:36:44,-36,Tahap-4
01/21/2025,13,36,44,13:36:44,4,Tahap-4
01/21/2025,13,36,44,13:36:44,-20,Tahap-4
01/21/2025,13,36,44,13:36:44,-12,Tahap-4
01/21/2025,13,36,44,13:36:44,28,Tahap-4
01/21/2025,13,36,44,13:36:44,128,Tahap-4
01/21/2025,13,36,44,13:36:44,-80,Tahap-4
01/21/2025,13,36,44,13:36:44,144,Tahap-4
01/21/2025,13,36,44,13:36:44,104,Tahap-4
01/21/2025,13,36,44,13:36:44,52,Tahap-4
01/21/2025,13,36,45,13:36:45,-4,Tahap-4
01/21/2025,13,36,45,13:36:45,164,Tahap-4
01/21/2025,13,36,45,13:36:45,4,Tahap-4
01/21/2025,13,36,45,13:36:45,16,Tahap-4
01/21/2025,13,36,45,13:36:45,60,Tahap-4
01/21/2025,13,36,45,13:36:45,-180,Tahap-4
01/21/2025,13,36,45,13:36:45,228,Tahap-4
01/21/2025,13,36,45,13:36:45,-12,Tahap-4
01/21/2025,13,36,45,13:36:45,196,Tahap-4
01/21/2025,13,36,46,13:36:46,24,Tahap-4
01/21/2025,13,36,46,13:36:46,-32,Tahap-4
01/21/2025,13,36,46,13:36:46,52,Tahap-4
01/21/2025,13,36,46,13:36:46,100,Tahap-4
01/21/2025,13,36,46,13:36:46,-72,Tahap-4
01/21/2025,13,36,46,13:36:46,40,Tahap-4
01/21/2025,13,36,46,13:36:46,-140,Tahap-4
01/21/2025,13,36,46,13:36:46,136,Tahap-4
01/21/2025,13,36,46,13:36:46,-68,Tahap-4
01/21/2025,13,36,46,13:36:46,64,Tahap-4
01/21/2025,13,36,47,13:36:47,152,Tahap-4
01/21/2025,13,36,47,13:36:47,-12,Tahap-4
01/21/2025,13,36,48,13:36:48,-16,Tahap-4
01/21/2025,13,36,48,13:36:48,48,Tahap-4
01/21/2025,13,36,48,13:36:48,20,Tahap-4
01/21/2025,13,36,48,13:36:48,-44,Tahap-4
01/21/2025,13,36,48,13:36:48,-76,Tahap-4
01/21/2025,13,36,48,13:36:48,28,Tahap-4
01/21/2025,13,36,48,13:36:48,-56,Tahap-4
01/21/2025,13,36,48,13:36:48,32,Tahap-4
01/21/2025,13,36,48,13:36:48,120,Tahap-4
01/21/2025,13,36,48,13:36:48,112,Tahap-4
01/21/2025,13,36,48,13:36:48,88,Tahap-4
01/21/2025,13,36,48,13:36:48,-24,Tahap-4
01/21/2025,13,36,48,13:36:48,120,Tahap-4
01/21/2025,13,36,48,13:36:48,12,Tahap-4
01/21/2025,13,36,48,13:36:48,120,Tahap-4
01/21/2025,13,36,48,13:36:48,-104,Tahap-4
01/21/2025,13,36,48,13:36:48,184,Tahap-4
01/21/2025,13,36,48,13:36:48,4,Tahap-4
01/21/2025,13,36,49,13:36:49,36,Tahap-4
01/21/2025,13,36,49,13:36:49,280,Tahap-4
01/21/2025,13,36,49,13:36:49,140,Tahap-4
01/21/2025,13,36,49,13:36:49,52,Tahap-4
01/21/2025,13,36,49,13:36:49,160,Tahap-4
01/21/2025,13,36,49,13:36:49,12,Tahap-4
01/21/2025,13,36,49,13:36:49,124,Tahap-4
01/21/2025,13,36,49,13:36:49,60,Tahap-4
01/21/2025,13,36,49,13:36:49,-16,Tahap-4
01/21/2025,13,36,49,13:36:49,192,Tahap-4
01/21/2025,13,36,50,13:36:50,-4,Tahap-4
01/21/2025,13,36,50,13:36:50,36,Tahap-4
01/21/2025,13,36,50,13:36:50,252,Tahap-4
01/21/2025,13,36,50,13:36:50,160,Tahap-4
01/21/2025,13,36,50,13:36:50,56,Tahap-4
01/21/2025,13,36,50,13:36:50,212,Tahap-4
01/21/2025,13,36,50,13:36:50,120,Tahap-4
01/21/2025,13,36,50,13:36:50,108,Tahap-4
01/21/2025,13,36,50,13:36:50,8,Tahap-4
01/21/2025,13,36,51,13:36:51,228,Tahap-4
01/21/2025,13,36,51,13:36:51,16,Tahap-4
01/21/2025,13,36,51,13:36:51,116,Tahap-4
01/21/2025,13,36,51,13:36:51,196,Tahap-4
01/21/2025,13,36,51,13:36:51,208,Tahap-4
01/21/2025,13,36,51,13:36:51,112,Tahap-4
01/21/2025,13,36,51,13:36:51,212,Tahap-4
01/21/2025,13,36,51,13:36:51,124,Tahap-4
01/21/2025,13,36,51,13:36:51,96,Tahap-4
01/21/2025,13,36,51,13:36:51,108,Tahap-4
01/21/2025,13,36,52,13:36:52,40,Tahap-4
01/21/2025,13,37,16,13:37:16,2707,Tahap-4
01/21/2025,13,37,16,13:37:16,1796,Tahap-4
01/21/2025,13,37,16,13:37:16,1585,Tahap-4
01/21/2025,13,37,16,13:37:16,230,Tahap-4
01/21/2025,13,37,16,13:37:16,241,Tahap-4
01/21/2025,13,37,17,13:37:17,293,Tahap-4
01/21/2025,13,37,17,13:37:17,435,Tahap-4
01/21/2025,13,37,17,13:37:17,306,Tahap-4
