Tanggal,Jam,Menit,Detik,Waktu,frekuensi,label
01/20/2025,13,47,1,13:47:01,2327,Tahap-4
01/20/2025,13,47,1,13:47:01,698,Tahap-4
01/20/2025,13,47,1,13:47:01,537,Tahap-4
01/20/2025,13,47,2,13:47:02,321,Tahap-4
01/20/2025,13,47,2,13:47:02,289,Tahap-4
01/20/2025,13,47,2,13:47:02,218,Tahap-4
01/20/2025,13,47,2,13:47:02,311,Tahap-4
01/20/2025,13,47,2,13:47:02,62,Tahap-4
01/20/2025,13,47,2,13:47:02,135,Tahap-4
01/20/2025,13,47,2,13:47:02,264,Tahap-4
01/20/2025,13,47,2,13:47:02,98,Tahap-4
01/20/2025,13,47,2,13:47:02,47,Tahap-4
01/20/2025,13,47,2,13:47:02,95,Tahap-4
01/20/2025,13,47,3,13:47:03,78,Tahap-4
01/20/2025,13,47,3,13:47:03,150,Tahap-4
01/20/2025,13,47,3,13:47:03,71,Tahap-4
01/20/2025,13,47,3,13:47:03,134,Tahap-4
01/20/2025,13,47,3,13:47:03,155,Tahap-4
01/20/2025,13,47,3,13:47:03,169,Tahap-4
01/20/2025,13,47,3,13:47:03,87,Tahap-4
01/20/2025,13,47,3,13:47:03,82,Tahap-4
01/20/2025,13,47,3,13:47:03,157,Tahap-4
01/20/2025,13,47,3,13:47:03,224,Tahap-4
01/20/2025,13,47,4,13:47:04,251,Tahap-4
01/20/2025,13,47,4,13:47:04,112,Tahap-4
01/20/2025,13,47,4,13:47:04,67,Tahap-4
01/20/2025,13,47,4,13:47:04,271,Tahap-4
01/20/2025,13,47,4,13:47:04,186,Tahap-4
01/20/2025,13,47,4,13:47:04,43,Tahap-4
01/20/2025,13,47,4,13:47:04,184,Tahap-4
01/20/2025,13,47,4,13:47:04,133,Tahap-4
01/20/2025,13,47,4,13:47:04,144,Tahap-4
01/20/2025,13,47,4,13:47:04,208,Tahap-4
01/20/2025,13,47,5,13:47:05,121,Tahap-4
01/20/2025,13,47,5,13:47:05,109,Tahap-4
01/20/2025,13,47,5,13:47:05,276,Tahap-4
01/20/2025,13,47,5,13:47:05,87,Tahap-4
01/20/2025,13,47,5,13:47:05,122,Tahap-4
01/20/2025,13,47,5,13:47:05,50,Tahap-4
01/20/2025,13,47,5,13:47:05,87,Tahap-4
01/20/2025,13,47,5,13:47:05,102,Tahap-4
01/20/2025,13,47,5,13:47:05,253,Tahap-4
01/20/2025,13,47,5,13:47:05,310,Tahap-4
01/20/2025,13,47,6,13:47:06,98,Tahap-4
01/20/2025,13,47,6,13:47:06,97,Tahap-4
01/20/2025,13,47,6,13:47:06,207,Tahap-4
01/20/2025,13,47,6,13:47:06,266,Tahap-4
01/20/2025,13,47,6,13:47:06,147,Tahap-4
01/20/2025,13,47,6,13:47:06,75,Tahap-4
01/20/2025,13,47,6,13:47:06,123,Tahap-4
01/20/2025,13,47,6,13:47:06,218,Tahap-4
01/20/2025,13,47,6,13:47:06,94,Tahap-4
01/20/2025,13,47,6,13:47:06,59,Tahap-4
01/20/2025,13,47,7,13:47:07,50,Tahap-4
01/20/2025,13,47,7,13:47:07,165,Tahap-4
01/20/2025,13,47,7,13:47:07,140,Tahap-4
01/20/2025,13,47,7,13:47:07,76,Tahap-4
01/20/2025,13,47,7,13:47:07,157,Tahap-4
01/20/2025,13,47,7,13:47:07,38,Tahap-4
01/20/2025,13,47,7,13:47:07,157,Tahap-4
01/20/2025,13,47,7,13:47:07,104,Tahap-4
01/20/2025,13,47,7,13:47:07,89,Tahap-4
01/20/2025,13,47,7,13:47:07,190,Tahap-4
01/20/2025,13,47,8,13:47:08,124,Tahap-4
01/20/2025,13,47,8,13:47:08,406,Tahap-4
01/20/2025,13,47,8,13:47:08,207,Tahap-4
01/20/2025,13,47,8,13:47:08,409,Tahap-4
01/20/2025,13,47,8,13:47:08,300,Tahap-4
01/20/2025,13,47,8,13:47:08,386,Tahap-4
01/20/2025,13,47,8,13:47:08,932,Tahap-4
01/20/2025,13,47,8,13:47:08,427,Tahap-4
01/20/2025,13,47,8,13:47:08,342,Tahap-4
01/20/2025,13,47,8,13:47:08,176,Tahap-4
01/20/2025,13,47,8,13:47:08,303,Tahap-4
01/20/2025,13,47,9,13:47:09,248,Tahap-4
01/20/2025,13,47,9,13:47:09,50,Tahap-4
01/20/2025,13,47,9,13:47:09,56,Tahap-4
01/20/2025,13,47,9,13:47:09,199,Tahap-4
01/20/2025,13,47,9,13:47:09,103,Tahap-4
01/20/2025,13,47,9,13:47:09,149,Tahap-4
01/20/2025,13,47,9,13:47:09,253,Tahap-4
01/20/2025,13,47,9,13:47:09,364,Tahap-4
01/20/2025,13,47,9,13:47:09,296,Tahap-4
01/20/2025,13,47,9,13:47:09,402,Tahap-4
01/20/2025,13,47,10,13:47:10,660,Tahap-4
01/20/2025,13,47,10,13:47:10,393,Tahap-4
01/20/2025,13,47,10,13:47:10,398,Tahap-4
01/20/2025,13,47,11,13:47:11,187,Tahap-4
01/20/2025,13,47,11,13:47:11,522,Tahap-4
01/20/2025,13,47,11,13:47:11,248,Tahap-4
01/20/2025,13,47,11,13:47:11,88,Tahap-4
01/20/2025,13,47,11,13:47:11,195,Tahap-4
01/20/2025,13,47,11,13:47:11,1348,Tahap-4
01/20/2025,13,47,11,13:47:11,604,Tahap-4
01/20/2025,13,47,11,13:47:11,284,Tahap-4
01/20/2025,13,47,11,13:47:11,332,Tahap-4
01/20/2025,13,47,11,13:47:11,266,Tahap-4
01/20/2025,13,47,11,13:47:11,518,Tahap-4
01/20/2025,13,47,11,13:47:11,382,Tahap-4
01/20/2025,13,47,11,13:47:11,238,Tahap-4
01/20/2025,13,47,11,13:47:11,161,Tahap-4
01/20/2025,13,47,11,13:47:11,95,Tahap-4
01/20/2025,13,47,11,13:47:11,65,Tahap-4
01/20/2025,13,47,11,13:47:11,178,Tahap-4
01/20/2025,13,47,12,13:47:12,116,Tahap-4
01/20/2025,13,47,12,13:47:12,177,Tahap-4
01/20/2025,13,47,12,13:47:12,164,Tahap-4
01/20/2025,13,47,12,13:47:12,305,Tahap-4
01/20/2025,13,47,12,13:47:12,362,Tahap-4
01/20/2025,13,47,12,13:47:12,251,Tahap-4
01/20/2025,13,47,12,13:47:12,716,Tahap-4
01/20/2025,13,47,12,13:47:12,488,Tahap-4
01/20/2025,13,47,12,13:47:12,295,Tahap-4
01/20/2025,13,47,12,13:47:12,364,Tahap-4
01/20/2025,13,47,13,13:47:13,168,Tahap-4
01/20/2025,13,47,13,13:47:13,467,Tahap-4
01/20/2025,13,47,13,13:47:13,948,Tahap-4
01/20/2025,13,47,13,13:47:13,205,Tahap-4
01/20/2025,13,47,13,13:47:13,175,Tahap-4
01/20/2025,13,47,13,13:47:13,346,Tahap-4
01/20/2025,13,47,13,13:47:13,136,Tahap-4
01/20/2025,13,47,13,13:47:13,278,Tahap-4
01/20/2025,13,47,13,13:47:13,392,Tahap-4
01/20/2025,13,47,13,13:47:13,281,Tahap-4
01/20/2025,13,47,14,13:47:14,166,Tahap-4
01/20/2025,13,47,14,13:47:14,382,Tahap-4
01/20/2025,13,47,14,13:47:14,478,Tahap-4
01/20/2025,13,47,14,13:47:14,-36,Tahap-4
01/20/2025,13,47,14,13:47:14,144,Tahap-4
01/20/2025,13,47,14,13:47:14,20,Tahap-4
01/20/2025,13,47,14,13:47:14,-60,Tahap-4
01/20/2025,13,47,14,13:47:14,152,Tahap-4
01/20/2025,13,47,14,13:47:14,-48,Tahap-4
01/20/2025,13,47,14,13:47:14,56,Tahap-4
01/20/2025,13,47,15,13:47:15,88,Tahap-4
01/20/2025,13,47,15,13:47:15,52,Tahap-4
01/20/2025,13,47,15,13:47:15,-44,Tahap-4
01/20/2025,13,47,15,13:47:15,92,Tahap-4
01/20/2025,13,47,15,13:47:15,-128,Tahap-4
01/20/2025,13,47,15,13:47:15,204,Tahap-4
01/20/2025,13,47,15,13:47:15,-28,Tahap-4
01/20/2025,13,47,15,13:47:15,44,Tahap-4
01/20/2025,13,47,15,13:47:15,128,Tahap-4
01/20/2025,13,47,15,13:47:15,44,Tahap-4
01/20/2025,13,47,16,13:47:16,-56,Tahap-4
01/20/2025,13,47,16,13:47:16,64,Tahap-4
01/20/2025,13,47,16,13:47:16,20,Tahap-4
01/20/2025,13,47,16,13:47:16,44,Tahap-4
01/20/2025,13,47,16,13:47:16,-36,Tahap-4
01/20/2025,13,47,16,13:47:16,40,Tahap-4
01/20/2025,13,47,16,13:47:16,164,Tahap-4
01/20/2025,13,47,16,13:47:16,-28,Tahap-4
01/20/2025,13,47,16,13:47:16,12,Tahap-4
01/20/2025,13,47,16,13:47:16,164,Tahap-4
01/20/2025,13,47,17,13:47:17,-36,Tahap-4
01/20/2025,13,47,17,13:47:17,68,Tahap-4
01/20/2025,13,47,17,13:47:17,-40,Tahap-4
01/20/2025,13,47,17,13:47:17,112,Tahap-4
01/20/2025,13,47,17,13:47:17,20,Tahap-4
01/20/2025,13,47,17,13:47:17,80,Tahap-4
01/20/2025,13,47,17,13:47:17,-140,Tahap-4
01/20/2025,13,47,17,13:47:17,224,Tahap-4
01/20/2025,13,47,17,13:47:17,-72,Tahap-4
01/20/2025,13,47,17,13:47:17,64,Tahap-4
01/20/2025,13,47,18,13:47:18,148,Tahap-4
01/20/2025,13,47,18,13:47:18,112,Tahap-4
01/20/2025,13,47,18,13:47:18,-56,Tahap-4
01/20/2025,13,47,18,13:47:18,168,Tahap-4
01/20/2025,13,47,18,13:47:18,16,Tahap-4
01/20/2025,13,47,18,13:47:18,112,Tahap-4
01/20/2025,13,47,18,13:47:18,60,Tahap-4
01/20/2025,13,47,18,13:47:18,20,Tahap-4
01/20/2025,13,47,18,13:47:18,196,Tahap-4
01/20/2025,13,47,18,13:47:18,16,Tahap-4
01/20/2025,13,47,19,13:47:19,72,Tahap-4
01/20/2025,13,47,19,13:47:19,164,Tahap-4
01/20/2025,13,47,19,13:47:19,112,Tahap-4
01/20/2025,13,47,19,13:47:19,120,Tahap-4
01/20/2025,13,47,19,13:47:19,4,Tahap-4
01/20/2025,13,47,19,13:47:19,156,Tahap-4
01/20/2025,13,47,19,13:47:19,36,Tahap-4
01/20/2025,13,47,19,13:47:19,36,Tahap-4
01/20/2025,13,47,19,13:47:19,-8,Tahap-4
01/20/2025,13,47,19,13:47:19,292,Tahap-4
01/20/2025,13,47,20,13:47:20,-64,Tahap-4
01/20/2025,13,47,20,13:47:20,172,Tahap-4
01/20/2025,13,47,20,13:47:20,52,Tahap-4
01/20/2025,13,47,20,13:47:20,16,Tahap-4
01/20/2025,13,47,20,13:47:20,44,Tahap-4
01/20/2025,13,47,20,13:47:20,144,Tahap-4
01/20/2025,13,47,20,13:47:20,-8,Tahap-4
01/20/2025,13,47,20,13:47:20,96,Tahap-4
01/20/2025,13,47,20,13:47:20,-12,Tahap-4
01/20/2025,13,47,20,13:47:20,8,Tahap-4
01/20/2025,13,47,21,13:47:21,192,Tahap-4
01/20/2025,13,47,21,13:47:21,-32,Tahap-4
01/20/2025,13,47,21,13:47:21,104,Tahap-4
01/20/2025,13,47,21,13:47:21,176,Tahap-4
01/20/2025,13,47,21,13:47:21,8,Tahap-4
01/20/2025,13,47,21,13:47:21,76,Tahap-4
01/20/2025,13,47,21,13:47:21,132,Tahap-4
01/20/2025,13,47,21,13:47:21,88,Tahap-4
01/20/2025,13,47,21,13:47:21,16,Tahap-4
01/20/2025,13,47,21,13:47:21,52,Tahap-4
01/20/2025,13,47,22,13:47:22,-44,Tahap-4
01/20/2025,13,47,22,13:47:22,204,Tahap-4
01/20/2025,13,47,22,13:47:22,-28,Tahap-4
01/20/2025,13,47,22,13:47:22,72,Tahap-4
01/20/2025,13,47,22,13:47:22,96,Tahap-4
01/20/2025,13,47,22,13:47:22,76,Tahap-4
01/20/2025,13,47,22,13:47:22,-32,Tahap-4
01/20/2025,13,47,22,13:47:22,164,Tahap-4
01/20/2025,13,47,22,13:47:22,116,Tahap-4
01/20/2025,13,47,22,13:47:22,20,Tahap-4
01/20/2025,13,47,23,13:47:23,48,Tahap-4
01/20/2025,13,47,23,13:47:23,56,Tahap-4
01/20/2025,13,47,23,13:47:23,8,Tahap-4
01/20/2025,13,47,23,13:47:23,164,Tahap-4
01/20/2025,13,47,23,13:47:23,104,Tahap-4
01/20/2025,13,47,23,13:47:23,124,Tahap-4
01/20/2025,13,47,23,13:47:23,8,Tahap-4
01/20/2025,13,47,23,13:47:23,164,Tahap-4
01/20/2025,13,47,23,13:47:23,-124,Tahap-4
01/20/2025,13,47,23,13:47:23,144,Tahap-4
01/20/2025,13,47,24,13:47:24,44,Tahap-4
01/20/2025,13,47,24,13:47:24,136,Tahap-4
01/20/2025,13,47,24,13:47:24,32,Tahap-4
01/20/2025,13,47,24,13:47:24,128,Tahap-4
01/20/2025,13,47,24,13:47:24,-12,Tahap-4
01/20/2025,13,47,24,13:47:24,92,Tahap-4
01/20/2025,13,47,24,13:47:24,108,Tahap-4
01/20/2025,13,47,24,13:47:24,64,Tahap-4
01/20/2025,13,47,24,13:47:24,-60,Tahap-4
01/20/2025,13,47,24,13:47:24,224,Tahap-4
01/20/2025,13,47,25,13:47:25,-140,Tahap-4
01/20/2025,13,47,25,13:47:25,152,Tahap-4
01/20/2025,13,47,25,13:47:25,-56,Tahap-4
01/20/2025,13,47,25,13:47:25,84,Tahap-4
01/20/2025,13,47,25,13:47:25,60,Tahap-4
01/20/2025,13,47,25,13:47:25,-28,Tahap-4
01/20/2025,13,47,25,13:47:25,108,Tahap-4
01/20/2025,13,47,25,13:47:25,80,Tahap-4
01/20/2025,13,47,25,13:47:25,84,Tahap-4
01/20/2025,13,47,25,13:47:25,-20,Tahap-4
01/20/2025,13,47,26,13:47:26,88,Tahap-4
01/20/2025,13,47,26,13:47:26,36,Tahap-4
01/20/2025,13,47,26,13:47:26,40,Tahap-4
01/20/2025,13,47,26,13:47:26,-28,Tahap-4
01/20/2025,13,47,26,13:47:26,28,Tahap-4
01/20/2025,13,47,26,13:47:26,224,Tahap-4
01/20/2025,13,47,26,13:47:26,-220,Tahap-4
01/20/2025,13,47,26,13:47:26,140,Tahap-4
01/20/2025,13,47,26,13:47:26,24,Tahap-4
01/20/2025,13,47,26,13:47:26,12,Tahap-4
01/20/2025,13,47,27,13:47:27,40,Tahap-4
01/20/2025,13,47,27,13:47:27,116,Tahap-4
01/20/2025,13,47,51,13:47:51,1614,Tahap-4
01/20/2025,13,47,51,13:47:51,1268,Tahap-4
01/20/2025,13,47,51,13:47:51,660,Tahap-4
01/20/2025,13,47,51,13:47:51,414,Tahap-4
01/20/2025,13,47,52,13:47:52,528,Tahap-4
01/20/2025,13,47,52,13:47:52,377,Tahap-4
01/20/2025,13,47,52,13:47:52,275,Tahap-4
01/20/2025,13,47,52,13:47:52,221,Tahap-4
01/20/2025,13,47,52,13:47:52,227,Tahap-4
01/20/2025,13,47,52,13:47:52,229,Tahap-4
01/20/2025,13,47,52,13:47:52,203,Tahap-4
01/20/2025,13,47,52,13:47:52,161,Tahap-4
01/20/2025,13,47,52,13:47:52,206,Tahap-4
01/20/2025,13,47,52,13:47:52,201,Tahap-4
01/20/2025,13,47,53,13:47:53,118,Tahap-4
01/20/2025,13,47,53,13:47:53,156,Tahap-4
01/20/2025,13,47,53,13:47:53,47,Tahap-4
01/20/2025,13,47,53,13:47:53,143,Tahap-4
01/20/2025,13,47,53,13:47:53,162,Tahap-4
01/20/2025,13,47,53,13:47:53,90,Tahap-4
01/20/2025,13,47,53,13:47:53,159,Tahap-4
01/20/2025,13,47,53,13:47:53,178,Tahap-4
01/20/2025,13,47,53,13:47:53,179,Tahap-4
01/20/2025,13,47,53,13:47:53,270,Tahap-4
01/20/2025,13,47,54,13:47:54,53,Tahap-4
01/20/2025,13,47,54,13:47:54,68,Tahap-4
01/20/2025,13,47,54,13:47:54,164,Tahap-4
01/20/2025,13,47,54,13:47:54,103,Tahap-4
01/20/2025,13,47,54,13:47:54,141,Tahap-4
01/20/2025,13,47,54,13:47:54,266,Tahap-4
01/20/2025,13,47,54,13:47:54,157,Tahap-4
01/20/2025,13,47,54,13:47:54,77,Tahap-4
01/20/2025,13,47,54,13:47:54,159,Tahap-4
01/20/2025,13,47,54,13:47:54,33,Tahap-4
01/20/2025,13,47,55,13:47:55,57,Tahap-4
01/20/2025,13,47,55,13:47:55,121,Tahap-4
01/20/2025,13,47,55,13:47:55,110,Tahap-4
01/20/2025,13,47,55,13:47:55,65,Tahap-4
01/20/2025,13,47,55,13:47:55,74,Tahap-4
01/20/2025,13,47,55,13:47:55,32,Tahap-4
01/20/2025,13,47,55,13:47:55,56,Tahap-4
01/20/2025,13,47,55,13:47:55,112,Tahap-4
01/20/2025,13,47,55,13:47:55,453,Tahap-4
01/20/2025,13,47,55,13:47:55,183,Tahap-4
01/20/2025,13,47,56,13:47:56,85,Tahap-4
01/20/2025,13,47,56,13:47:56,215,Tahap-4
01/20/2025,13,47,56,13:47:56,222,Tahap-4
01/20/2025,13,47,56,13:47:56,75,Tahap-4
01/20/2025,13,47,56,13:47:56,52,Tahap-4
01/20/2025,13,47,56,13:47:56,134,Tahap-4
01/20/2025,13,47,56,13:47:56,152,Tahap-4
01/20/2025,13,47,56,13:47:56,101,Tahap-4
01/20/2025,13,47,56,13:47:56,118,Tahap-4
01/20/2025,13,47,56,13:47:56,42,Tahap-4
01/20/2025,13,47,57,13:47:57,135,Tahap-4
01/20/2025,13,47,57,13:47:57,98,Tahap-4
01/20/2025,13,47,57,13:47:57,91,Tahap-4
01/20/2025,13,47,57,13:47:57,150,Tahap-4
01/20/2025,13,47,57,13:47:57,94,Tahap-4
01/20/2025,13,47,57,13:47:57,91,Tahap-4
01/20/2025,13,47,57,13:47:57,21,Tahap-4
01/20/2025,13,47,57,13:47:57,78,Tahap-4
01/20/2025,13,47,57,13:47:57,192,Tahap-4
01/20/2025,13,47,57,13:47:57,273,Tahap-4
01/20/2025,13,47,58,13:47:58,182,Tahap-4
01/20/2025,13,47,58,13:47:58,119,Tahap-4
01/20/2025,13,47,58,13:47:58,188,Tahap-4
01/20/2025,13,47,58,13:47:58,384,Tahap-4
01/20/2025,13,47,58,13:47:58,921,Tahap-4
01/20/2025,13,47,58,13:47:58,876,Tahap-4
01/20/2025,13,47,58,13:47:58,338,Tahap-4
01/20/2025,13,47,58,13:47:58,490,Tahap-4
01/20/2025,13,47,58,13:47:58,267,Tahap-4
01/20/2025,13,47,58,13:47:58,162,Tahap-4
01/20/2025,13,47,59,13:47:59,177,Tahap-4
01/20/2025,13,47,59,13:47:59,65,Tahap-4
01/20/2025,13,47,59,13:47:59,54,Tahap-4
01/20/2025,13,47,59,13:47:59,72,Tahap-4
01/20/2025,13,47,59,13:47:59,81,Tahap-4
01/20/2025,13,47,59,13:47:59,123,Tahap-4
01/20/2025,13,47,59,13:47:59,56,Tahap-4
01/20/2025,13,47,59,13:47:59,346,Tahap-4
01/20/2025,13,47,59,13:47:59,236,Tahap-4
01/20/2025,13,47,59,13:47:59,8,Tahap-4
01/20/2025,13,48,1,13:48:01,590,Tahap-4
01/20/2025,13,48,1,13:48:01,247,Tahap-4
01/20/2025,13,48,1,13:48:01,265,Tahap-4
01/20/2025,13,48,1,13:48:01,289,Tahap-4
01/20/2025,13,48,1,13:48:01,191,Tahap-4
01/20/2025,13,48,1,13:48:01,131,Tahap-4
01/20/2025,13,48,1,13:48:01,46,Tahap-4
01/20/2025,13,48,1,13:48:01,39,Tahap-4
01/20/2025,13,48,1,13:48:01,58,Tahap-4
01/20/2025,13,48,1,13:48:01,183,Tahap-4
01/20/2025,13,48,2,13:48:02,184,Tahap-4
01/20/2025,13,48,2,13:48:02,150,Tahap-4
01/20/2025,13,48,2,13:48:02,110,Tahap-4
01/20/2025,13,48,2,13:48:02,135,Tahap-4
01/20/2025,13,48,2,13:48:02,423,Tahap-4
01/20/2025,13,48,2,13:48:02,449,Tahap-4
01/20/2025,13,48,2,13:48:02,262,Tahap-4
01/20/2025,13,48,2,13:48:02,431,Tahap-4
01/20/2025,13,48,2,13:48:02,328,Tahap-4
01/20/2025,13,48,2,13:48:02,175,Tahap-4
01/20/2025,13,48,3,13:48:03,188,Tahap-4
01/20/2025,13,48,3,13:48:03,1110,Tahap-4
01/20/2025,13,48,3,13:48:03,313,Tahap-4
01/20/2025,13,48,3,13:48:03,239,Tahap-4
01/20/2025,13,48,3,13:48:03,369,Tahap-4
01/20/2025,13,48,3,13:48:03,382,Tahap-4
01/20/2025,13,48,3,13:48:03,371,Tahap-4
01/20/2025,13,48,3,13:48:03,150,Tahap-4
01/20/2025,13,48,3,13:48:03,179,Tahap-4
01/20/2025,13,48,3,13:48:03,317,Tahap-4
01/20/2025,13,48,4,13:48:04,305,Tahap-4
01/20/2025,13,48,4,13:48:04,373,Tahap-4
01/20/2025,13,48,4,13:48:04,268,Tahap-4
01/20/2025,13,48,4,13:48:04,-80,Tahap-4
01/20/2025,13,48,4,13:48:04,-56,Tahap-4
01/20/2025,13,48,4,13:48:04,64,Tahap-4
01/20/2025,13,48,4,13:48:04,-124,Tahap-4
01/20/2025,13,48,4,13:48:04,-28,Tahap-4
01/20/2025,13,48,4,13:48:04,48,Tahap-4
01/20/2025,13,48,4,13:48:04,20,Tahap-4
01/20/2025,13,48,4,13:48:04,-48,Tahap-4
01/20/2025,13,48,5,13:48:05,8,Tahap-4
01/20/2025,13,48,5,13:48:05,-20,Tahap-4
01/20/2025,13,48,5,13:48:05,-108,Tahap-4
01/20/2025,13,48,5,13:48:05,-20,Tahap-4
01/20/2025,13,48,5,13:48:05,-144,Tahap-4
01/20/2025,13,48,5,13:48:05,172,Tahap-4
01/20/2025,13,48,5,13:48:05,-156,Tahap-4
01/20/2025,13,48,5,13:48:05,-24,Tahap-4
01/20/2025,13,48,5,13:48:05,4,Tahap-4
01/20/2025,13,48,5,13:48:05,-44,Tahap-4
01/20/2025,13,48,6,13:48:06,-40,Tahap-4
01/20/2025,13,48,6,13:48:06,-48,Tahap-4
01/20/2025,13,48,6,13:48:06,-16,Tahap-4
01/20/2025,13,48,6,13:48:06,-80,Tahap-4
01/20/2025,13,48,6,13:48:06,-84,Tahap-4
01/20/2025,13,48,6,13:48:06,-48,Tahap-4
01/20/2025,13,48,6,13:48:06,144,Tahap-4
01/20/2025,13,48,6,13:48:06,-104,Tahap-4
01/20/2025,13,48,6,13:48:06,-88,Tahap-4
01/20/2025,13,48,6,13:48:06,88,Tahap-4
01/20/2025,13,48,7,13:48:07,-124,Tahap-4
01/20/2025,13,48,7,13:48:07,-16,Tahap-4
01/20/2025,13,48,7,13:48:07,40,Tahap-4
01/20/2025,13,48,7,13:48:07,-8,Tahap-4
01/20/2025,13,48,7,13:48:07,-36,Tahap-4
01/20/2025,13,48,7,13:48:07,-32,Tahap-4
01/20/2025,13,48,7,13:48:07,-152,Tahap-4
01/20/2025,13,48,7,13:48:07,112,Tahap-4
01/20/2025,13,48,7,13:48:07,-48,Tahap-4
01/20/2025,13,48,7,13:48:07,-60,Tahap-4
01/20/2025,13,48,8,13:48:08,64,Tahap-4
01/20/2025,13,48,8,13:48:08,-24,Tahap-4
01/20/2025,13,48,8,13:48:08,-100,Tahap-4
01/20/2025,13,48,8,13:48:08,8,Tahap-4
01/20/2025,13,48,8,13:48:08,4,Tahap-4
01/20/2025,13,48,8,13:48:08,-48,Tahap-4
01/20/2025,13,48,8,13:48:08,-56,Tahap-4
01/20/2025,13,48,8,13:48:08,-100,Tahap-4
01/20/2025,13,48,8,13:48:08,100,Tahap-4
01/20/2025,13,48,8,13:48:08,-100,Tahap-4
01/20/2025,13,48,9,13:48:09,60,Tahap-4
01/20/2025,13,48,9,13:48:09,-20,Tahap-4
01/20/2025,13,48,9,13:48:09,8,Tahap-4
01/20/2025,13,48,9,13:48:09,-64,Tahap-4
01/20/2025,13,48,9,13:48:09,-36,Tahap-4
01/20/2025,13,48,9,13:48:09,12,Tahap-4
01/20/2025,13,48,9,13:48:09,-8,Tahap-4
01/20/2025,13,48,9,13:48:09,-64,Tahap-4
01/20/2025,13,48,9,13:48:09,-172,Tahap-4
01/20/2025,13,48,9,13:48:09,160,Tahap-4
01/20/2025,13,48,10,13:48:10,-124,Tahap-4
01/20/2025,13,48,10,13:48:10,-44,Tahap-4
01/20/2025,13,48,10,13:48:10,96,Tahap-4
01/20/2025,13,48,11,13:48:11,-52,Tahap-4
01/20/2025,13,48,11,13:48:11,-80,Tahap-4
01/20/2025,13,48,11,13:48:11,8,Tahap-4
01/20/2025,13,48,11,13:48:11,-48,Tahap-4
01/20/2025,13,48,11,13:48:11,-20,Tahap-4
01/20/2025,13,48,11,13:48:11,-52,Tahap-4
01/20/2025,13,48,11,13:48:11,-80,Tahap-4
01/20/2025,13,48,11,13:48:11,60,Tahap-4
01/20/2025,13,48,11,13:48:11,-60,Tahap-4
01/20/2025,13,48,11,13:48:11,-84,Tahap-4
01/20/2025,13,48,11,13:48:11,28,Tahap-4
01/20/2025,13,48,11,13:48:11,36,Tahap-4
01/20/2025,13,48,11,13:48:11,-100,Tahap-4
01/20/2025,13,48,11,13:48:11,28,Tahap-4
01/20/2025,13,48,11,13:48:11,-36,Tahap-4
01/20/2025,13,48,11,13:48:11,-72,Tahap-4
01/20/2025,13,48,11,13:48:11,-56,Tahap-4
01/20/2025,13,48,12,13:48:12,-80,Tahap-4
01/20/2025,13,48,12,13:48:12,92,Tahap-4
01/20/2025,13,48,12,13:48:12,-80,Tahap-4
01/20/2025,13,48,12,13:48:12,-56,Tahap-4
01/20/2025,13,48,12,13:48:12,40,Tahap-4
01/20/2025,13,48,12,13:48:12,-28,Tahap-4
01/20/2025,13,48,12,13:48:12,-20,Tahap-4
01/20/2025,13,48,12,13:48:12,-72,Tahap-4
01/20/2025,13,48,12,13:48:12,-20,Tahap-4
01/20/2025,13,48,12,13:48:12,-72,Tahap-4
01/20/2025,13,48,13,13:48:13,-84,Tahap-4
01/20/2025,13,48,13,13:48:13,-124,Tahap-4
01/20/2025,13,48,13,13:48:13,128,Tahap-4
01/20/2025,13,48,13,13:48:13,-72,Tahap-4
01/20/2025,13,48,13,13:48:13,-96,Tahap-4
01/20/2025,13,48,13,13:48:13,32,Tahap-4
01/20/2025,13,48,13,13:48:13,-52,Tahap-4
01/20/2025,13,48,13,13:48:13,-60,Tahap-4
01/20/2025,13,48,13,13:48:13,12,Tahap-4
01/20/2025,13,48,13,13:48:13,-76,Tahap-4
01/20/2025,13,48,14,13:48:14,-56,Tahap-4
01/20/2025,13,48,14,13:48:14,-24,Tahap-4
01/20/2025,13,48,14,13:48:14,-156,Tahap-4
01/20/2025,13,48,14,13:48:14,140,Tahap-4
01/20/2025,13,48,14,13:48:14,-120,Tahap-4
01/20/2025,13,48,14,13:48:14,-88,Tahap-4
01/20/2025,13,48,14,13:48:14,12,Tahap-4
01/20/2025,13,48,14,13:48:14,-72,Tahap-4
01/20/2025,13,48,14,13:48:14,-96,Tahap-4
01/20/2025,13,48,14,13:48:14,16,Tahap-4
01/20/2025,13,48,15,13:48:15,-24,Tahap-4
01/20/2025,13,48,15,13:48:15,-60,Tahap-4
01/20/2025,13,48,15,13:48:15,-48,Tahap-4
01/20/2025,13,48,15,13:48:15,-124,Tahap-4
01/20/2025,13,48,15,13:48:15,76,Tahap-4
01/20/2025,13,48,15,13:48:15,-148,Tahap-4
01/20/2025,13,48,15,13:48:15,-8,Tahap-4
01/20/2025,13,48,15,13:48:15,-4,Tahap-4
01/20/2025,13,48,15,13:48:15,-40,Tahap-4
01/20/2025,13,48,15,13:48:15,-60,Tahap-4
01/20/2025,13,48,16,13:48:16,-44,Tahap-4
01/20/2025,13,48,16,13:48:16,16,Tahap-4
01/20/2025,13,48,16,13:48:16,-44,Tahap-4
01/20/2025,13,48,16,13:48:16,-96,Tahap-4
01/20/2025,13,48,16,13:48:16,-96,Tahap-4
01/20/2025,13,48,16,13:48:16,-60,Tahap-4
01/20/2025,13,48,16,13:48:16,16,Tahap-4
01/20/2025,13,48,16,13:48:16,4,Tahap-4
01/20/2025,13,48,16,13:48:16,-84,Tahap-4
01/20/2025,13,48,17,13:48:17,52,Tahap-4
01/20/2025,13,48,41,13:48:41,4400,Tahap-4
01/20/2025,13,48,41,13:48:41,2510,Tahap-4
01/20/2025,13,48,41,13:48:41,1366,Tahap-4
01/20/2025,13,48,41,13:48:41,1439,Tahap-4
01/20/2025,13,48,41,13:48:41,784,Tahap-4
01/20/2025,13,48,42,13:48:42,256,Tahap-4
01/20/2025,13,48,42,13:48:42,612,Tahap-4
01/20/2025,13,48,42,13:48:42,403,Tahap-4
01/20/2025,13,48,42,13:48:42,463,Tahap-4
01/20/2025,13,48,42,13:48:42,254,Tahap-4
01/20/2025,13,48,42,13:48:42,330,Tahap-4
01/20/2025,13,48,42,13:48:42,174,Tahap-4
01/20/2025,13,48,42,13:48:42,233,Tahap-4
01/20/2025,13,48,42,13:48:42,170,Tahap-4
01/20/2025,13,48,42,13:48:42,165,Tahap-4
01/20/2025,13,48,43,13:48:43,192,Tahap-4
01/20/2025,13,48,43,13:48:43,298,Tahap-4
01/20/2025,13,48,43,13:48:43,171,Tahap-4
01/20/2025,13,48,43,13:48:43,229,Tahap-4
01/20/2025,13,48,43,13:48:43,105,Tahap-4
01/20/2025,13,48,43,13:48:43,130,Tahap-4
01/20/2025,13,48,43,13:48:43,259,Tahap-4
01/20/2025,13,48,43,13:48:43,163,Tahap-4
01/20/2025,13,48,43,13:48:43,338,Tahap-4
01/20/2025,13,48,43,13:48:43,147,Tahap-4
01/20/2025,13,48,44,13:48:44,100,Tahap-4
01/20/2025,13,48,44,13:48:44,214,Tahap-4
01/20/2025,13,48,44,13:48:44,273,Tahap-4
01/20/2025,13,48,44,13:48:44,220,Tahap-4
01/20/2025,13,48,44,13:48:44,71,Tahap-4
01/20/2025,13,48,44,13:48:44,171,Tahap-4
01/20/2025,13,48,44,13:48:44,141,Tahap-4
01/20/2025,13,48,44,13:48:44,157,Tahap-4
01/20/2025,13,48,44,13:48:44,129,Tahap-4
01/20/2025,13,48,44,13:48:44,53,Tahap-4
01/20/2025,13,48,45,13:48:45,224,Tahap-4
01/20/2025,13,48,45,13:48:45,279,Tahap-4
01/20/2025,13,48,45,13:48:45,112,Tahap-4
01/20/2025,13,48,45,13:48:45,128,Tahap-4
01/20/2025,13,48,45,13:48:45,115,Tahap-4
01/20/2025,13,48,45,13:48:45,193,Tahap-4
01/20/2025,13,48,45,13:48:45,165,Tahap-4
01/20/2025,13,48,45,13:48:45,314,Tahap-4
01/20/2025,13,48,45,13:48:45,267,Tahap-4
01/20/2025,13,48,45,13:48:45,50,Tahap-4
01/20/2025,13,48,46,13:48:46,174,Tahap-4
01/20/2025,13,48,46,13:48:46,185,Tahap-4
01/20/2025,13,48,46,13:48:46,184,Tahap-4
01/20/2025,13,48,46,13:48:46,34,Tahap-4
01/20/2025,13,48,46,13:48:46,39,Tahap-4
01/20/2025,13,48,46,13:48:46,165,Tahap-4
01/20/2025,13,48,46,13:48:46,125,Tahap-4
01/20/2025,13,48,46,13:48:46,101,Tahap-4
01/20/2025,13,48,46,13:48:46,74,Tahap-4
01/20/2025,13,48,46,13:48:46,294,Tahap-4
01/20/2025,13,48,47,13:48:47,130,Tahap-4
01/20/2025,13,48,47,13:48:47,46,Tahap-4
01/20/2025,13,48,47,13:48:47,43,Tahap-4
01/20/2025,13,48,47,13:48:47,88,Tahap-4
01/20/2025,13,48,47,13:48:47,191,Tahap-4
01/20/2025,13,48,47,13:48:47,241,Tahap-4
01/20/2025,13,48,47,13:48:47,92,Tahap-4
01/20/2025,13,48,47,13:48:47,154,Tahap-4
01/20/2025,13,48,47,13:48:47,200,Tahap-4
01/20/2025,13,48,47,13:48:47,348,Tahap-4
01/20/2025,13,48,48,13:48:48,274,Tahap-4
01/20/2025,13,48,48,13:48:48,196,Tahap-4
01/20/2025,13,48,48,13:48:48,405,Tahap-4
01/20/2025,13,48,48,13:48:48,96,Tahap-4
01/20/2025,13,48,48,13:48:48,1299,Tahap-4
01/20/2025,13,48,48,13:48:48,447,Tahap-4
01/20/2025,13,48,48,13:48:48,435,Tahap-4
01/20/2025,13,48,48,13:48:48,189,Tahap-4
01/20/2025,13,48,48,13:48:48,159,Tahap-4
01/20/2025,13,48,48,13:48:48,113,Tahap-4
01/20/2025,13,48,49,13:48:49,83,Tahap-4
01/20/2025,13,48,49,13:48:49,152,Tahap-4
01/20/2025,13,48,49,13:48:49,80,Tahap-4
01/20/2025,13,48,49,13:48:49,153,Tahap-4
01/20/2025,13,48,49,13:48:49,40,Tahap-4
01/20/2025,13,48,49,13:48:49,107,Tahap-4
01/20/2025,13,48,49,13:48:49,83,Tahap-4
01/20/2025,13,48,49,13:48:49,341,Tahap-4
01/20/2025,13,48,49,13:48:49,208,Tahap-4
01/20/2025,13,48,49,13:48:49,282,Tahap-4
01/20/2025,13,48,50,13:48:50,986,Tahap-4
01/20/2025,13,48,50,13:48:50,380,Tahap-4
01/20/2025,13,48,50,13:48:50,167,Tahap-4
01/20/2025,13,48,50,13:48:50,359,Tahap-4
01/20/2025,13,48,50,13:48:50,276,Tahap-4
01/20/2025,13,48,50,13:48:50,317,Tahap-4
01/20/2025,13,48,50,13:48:50,262,Tahap-4
01/20/2025,13,48,50,13:48:50,465,Tahap-4
01/20/2025,13,48,50,13:48:50,1819,Tahap-4
01/20/2025,13,48,50,13:48:50,510,Tahap-4
01/20/2025,13,48,51,13:48:51,314,Tahap-4
01/20/2025,13,48,51,13:48:51,257,Tahap-4
01/20/2025,13,48,51,13:48:51,284,Tahap-4
01/20/2025,13,48,51,13:48:51,151,Tahap-4
01/20/2025,13,48,51,13:48:51,134,Tahap-4
01/20/2025,13,48,51,13:48:51,198,Tahap-4
01/20/2025,13,48,51,13:48:51,167,Tahap-4
01/20/2025,13,48,51,13:48:51,245,Tahap-4
01/20/2025,13,48,51,13:48:51,159,Tahap-4
01/20/2025,13,48,51,13:48:51,184,Tahap-4
01/20/2025,13,48,52,13:48:52,308,Tahap-4
01/20/2025,13,48,52,13:48:52,250,Tahap-4
01/20/2025,13,48,52,13:48:52,286,Tahap-4
01/20/2025,13,48,52,13:48:52,314,Tahap-4
01/20/2025,13,48,52,13:48:52,414,Tahap-4
01/20/2025,13,48,52,13:48:52,155,Tahap-4
01/20/2025,13,48,52,13:48:52,108,Tahap-4
01/20/2025,13,48,52,13:48:52,296,Tahap-4
01/20/2025,13,48,52,13:48:52,138,Tahap-4
01/20/2025,13,48,52,13:48:52,271,Tahap-4
01/20/2025,13,48,53,13:48:53,345,Tahap-4
01/20/2025,13,48,53,13:48:53,1030,Tahap-4
01/20/2025,13,48,53,13:48:53,517,Tahap-4
01/20/2025,13,48,53,13:48:53,445,Tahap-4
01/20/2025,13,48,53,13:48:53,126,Tahap-4
01/20/2025,13,48,53,13:48:53,319,Tahap-4
01/20/2025,13,48,53,13:48:53,281,Tahap-4
01/20/2025,13,48,53,13:48:53,256,Tahap-4
01/20/2025,13,48,53,13:48:53,169,Tahap-4
01/20/2025,13,48,53,13:48:53,250,Tahap-4
01/20/2025,13,48,54,13:48:54,275,Tahap-4
01/20/2025,13,48,54,13:48:54,953,Tahap-4
01/20/2025,13,48,54,13:48:54,40,Tahap-4
01/20/2025,13,48,54,13:48:54,228,Tahap-4
01/20/2025,13,48,54,13:48:54,-56,Tahap-4
01/20/2025,13,48,54,13:48:54,112,Tahap-4
01/20/2025,13,48,54,13:48:54,176,Tahap-4
01/20/2025,13,48,54,13:48:54,-32,Tahap-4
01/20/2025,13,48,54,13:48:54,60,Tahap-4
01/20/2025,13,48,54,13:48:54,104,Tahap-4
01/20/2025,13,48,55,13:48:55,64,Tahap-4
01/20/2025,13,48,55,13:48:55,16,Tahap-4
01/20/2025,13,48,55,13:48:55,4,Tahap-4
01/20/2025,13,48,55,13:48:55,-68,Tahap-4
01/20/2025,13,48,55,13:48:55,236,Tahap-4
01/20/2025,13,48,55,13:48:55,-84,Tahap-4
01/20/2025,13,48,55,13:48:55,92,Tahap-4
01/20/2025,13,48,55,13:48:55,92,Tahap-4
01/20/2025,13,48,55,13:48:55,12,Tahap-4
01/20/2025,13,48,55,13:48:55,-72,Tahap-4
01/20/2025,13,48,56,13:48:56,80,Tahap-4
01/20/2025,13,48,56,13:48:56,4,Tahap-4
01/20/2025,13,48,56,13:48:56,-44,Tahap-4
01/20/2025,13,48,56,13:48:56,-112,Tahap-4
01/20/2025,13,48,56,13:48:56,-8,Tahap-4
01/20/2025,13,48,56,13:48:56,96,Tahap-4
01/20/2025,13,48,56,13:48:56,-160,Tahap-4
01/20/2025,13,48,56,13:48:56,84,Tahap-4
01/20/2025,13,48,56,13:48:56,32,Tahap-4
01/20/2025,13,48,56,13:48:56,-84,Tahap-4
01/20/2025,13,48,57,13:48:57,-12,Tahap-4
01/20/2025,13,48,57,13:48:57,-84,Tahap-4
01/20/2025,13,48,57,13:48:57,-32,Tahap-4
01/20/2025,13,48,57,13:48:57,-12,Tahap-4
01/20/2025,13,48,57,13:48:57,-108,Tahap-4
01/20/2025,13,48,57,13:48:57,-56,Tahap-4
01/20/2025,13,48,57,13:48:57,20,Tahap-4
01/20/2025,13,48,57,13:48:57,-192,Tahap-4
01/20/2025,13,48,57,13:48:57,32,Tahap-4
01/20/2025,13,48,57,13:48:57,-16,Tahap-4
01/20/2025,13,48,57,13:48:57,-112,Tahap-4
01/20/2025,13,48,58,13:48:58,-128,Tahap-4
01/20/2025,13,48,58,13:48:58,20,Tahap-4
01/20/2025,13,48,58,13:48:58,-212,Tahap-4
01/20/2025,13,48,58,13:48:58,-52,Tahap-4
01/20/2025,13,48,58,13:48:58,-204,Tahap-4
01/20/2025,13,48,58,13:48:58,-72,Tahap-4
01/20/2025,13,48,58,13:48:58,-84,Tahap-4
01/20/2025,13,48,58,13:48:58,-196,Tahap-4
01/20/2025,13,48,58,13:48:58,-32,Tahap-4
01/20/2025,13,48,58,13:48:58,-104,Tahap-4
01/20/2025,13,48,59,13:48:59,-52,Tahap-4
01/20/2025,13,48,59,13:48:59,-160,Tahap-4
01/20/2025,13,48,59,13:48:59,-56,Tahap-4
01/20/2025,13,48,59,13:48:59,-132,Tahap-4
01/20/2025,13,48,59,13:48:59,-160,Tahap-4
01/20/2025,13,48,59,13:48:59,-168,Tahap-4
01/20/2025,13,48,59,13:48:59,-84,Tahap-4
01/20/2025,13,48,59,13:48:59,-40,Tahap-4
01/20/2025,13,48,59,13:48:59,-312,Tahap-4
01/20/2025,13,48,59,13:48:59,-16,Tahap-4
01/20/2025,13,49,1,13:49:01,-116,Tahap-4
01/20/2025,13,49,1,13:49:01,-92,Tahap-4
01/20/2025,13,49,1,13:49:01,-208,Tahap-4
01/20/2025,13,49,1,13:49:01,-128,Tahap-4
01/20/2025,13,49,1,13:49:01,-44,Tahap-4
01/20/2025,13,49,1,13:49:01,-172,Tahap-4
01/20/2025,13,49,1,13:49:01,-76,Tahap-4
01/20/2025,13,49,1,13:49:01,-268,Tahap-4
01/20/2025,13,49,1,13:49:01,-124,Tahap-4
01/20/2025,13,49,1,13:49:01,-28,Tahap-4
01/20/2025,13,49,2,13:49:02,-192,Tahap-4
01/20/2025,13,49,2,13:49:02,-104,Tahap-4
01/20/2025,13,49,2,13:49:02,-100,Tahap-4
01/20/2025,13,49,2,13:49:02,-192,Tahap-4
01/20/2025,13,49,2,13:49:02,-192,Tahap-4
01/20/2025,13,49,2,13:49:02,-120,Tahap-4
01/20/2025,13,49,2,13:49:02,-164,Tahap-4
01/20/2025,13,49,2,13:49:02,-196,Tahap-4
01/20/2025,13,49,2,13:49:02,-204,Tahap-4
01/20/2025,13,49,2,13:49:02,-168,Tahap-4
01/20/2025,13,49,3,13:49:03,-96,Tahap-4
01/20/2025,13,49,3,13:49:03,-300,Tahap-4
01/20/2025,13,49,3,13:49:03,-56,Tahap-4
01/20/2025,13,49,3,13:49:03,-216,Tahap-4
01/20/2025,13,49,3,13:49:03,-136,Tahap-4
01/20/2025,13,49,3,13:49:03,-312,Tahap-4
01/20/2025,13,49,3,13:49:03,-140,Tahap-4
01/20/2025,13,49,3,13:49:03,-168,Tahap-4
01/20/2025,13,49,3,13:49:03,-140,Tahap-4
01/20/2025,13,49,3,13:49:03,-368,Tahap-4
01/20/2025,13,49,4,13:49:04,-52,Tahap-4
01/20/2025,13,49,4,13:49:04,-132,Tahap-4
01/20/2025,13,49,4,13:49:04,-228,Tahap-4
01/20/2025,13,49,4,13:49:04,-72,Tahap-4
01/20/2025,13,49,4,13:49:04,-84,Tahap-4
01/20/2025,13,49,4,13:49:04,-296,Tahap-4
01/20/2025,13,49,4,13:49:04,-104,Tahap-4
01/20/2025,13,49,4,13:49:04,-216,Tahap-4
01/20/2025,13,49,4,13:49:04,-172,Tahap-4
01/20/2025,13,49,4,13:49:04,-120,Tahap-4
01/20/2025,13,49,5,13:49:05,-296,Tahap-4
01/20/2025,13,49,5,13:49:05,-64,Tahap-4
01/20/2025,13,49,5,13:49:05,-180,Tahap-4
01/20/2025,13,49,5,13:49:05,-260,Tahap-4
01/20/2025,13,49,5,13:49:05,-136,Tahap-4
01/20/2025,13,49,5,13:49:05,-172,Tahap-4
01/20/2025,13,49,5,13:49:05,-168,Tahap-4
01/20/2025,13,49,5,13:49:05,-264,Tahap-4
01/20/2025,13,49,5,13:49:05,-116,Tahap-4
01/20/2025,13,49,5,13:49:05,-260,Tahap-4
01/20/2025,13,49,6,13:49:06,-124,Tahap-4
01/20/2025,13,49,6,13:49:06,-336,Tahap-4
01/20/2025,13,49,6,13:49:06,-4,Tahap-4
01/20/2025,13,49,6,13:49:06,-232,Tahap-4
01/20/2025,13,49,6,13:49:06,-188,Tahap-4
01/20/2025,13,49,6,13:49:06,-92,Tahap-4
01/20/2025,13,49,6,13:49:06,-160,Tahap-4
01/20/2025,13,49,6,13:49:06,-200,Tahap-4
01/20/2025,13,49,6,13:49:06,-128,Tahap-4
01/20/2025,13,49,6,13:49:06,-208,Tahap-4
01/20/2025,13,49,31,13:49:31,2536,Tahap-4
01/20/2025,13,49,31,13:49:31,459,Tahap-4
01/20/2025,13,49,31,13:49:31,176,Tahap-4
01/20/2025,13,49,31,13:49:31,918,Tahap-4
01/20/2025,13,49,31,13:49:31,625,Tahap-4
01/20/2025,13,49,31,13:49:31,118,Tahap-4
01/20/2025,13,49,32,13:49:32,267,Tahap-4
01/20/2025,13,49,32,13:49:32,214,Tahap-4
01/20/2025,13,49,32,13:49:32,345,Tahap-4
01/20/2025,13,49,32,13:49:32,253,Tahap-4
01/20/2025,13,49,32,13:49:32,163,Tahap-4
01/20/2025,13,49,32,13:49:32,166,Tahap-4
01/20/2025,13,49,32,13:49:32,34,Tahap-4
01/20/2025,13,49,32,13:49:32,58,Tahap-4
01/20/2025,13,49,32,13:49:32,70,Tahap-4
01/20/2025,13,49,32,13:49:32,51,Tahap-4
01/20/2025,13,49,33,13:49:33,62,Tahap-4
01/20/2025,13,49,33,13:49:33,104,Tahap-4
01/20/2025,13,49,33,13:49:33,54,Tahap-4
01/20/2025,13,49,33,13:49:33,140,Tahap-4
01/20/2025,13,49,33,13:49:33,126,Tahap-4
01/20/2025,13,49,33,13:49:33,102,Tahap-4
01/20/2025,13,49,33,13:49:33,317,Tahap-4
01/20/2025,13,49,33,13:49:33,348,Tahap-4
01/20/2025,13,49,33,13:49:33,49,Tahap-4
01/20/2025,13,49,33,13:49:33,165,Tahap-4
01/20/2025,13,49,34,13:49:34,172,Tahap-4
01/20/2025,13,49,34,13:49:34,92,Tahap-4
01/20/2025,13,49,34,13:49:34,166,Tahap-4
01/20/2025,13,49,34,13:49:34,217,Tahap-4
01/20/2025,13,49,34,13:49:34,128,Tahap-4
01/20/2025,13,49,34,13:49:34,35,Tahap-4
01/20/2025,13,49,34,13:49:34,65,Tahap-4
01/20/2025,13,49,34,13:49:34,84,Tahap-4
01/20/2025,13,49,34,13:49:34,89,Tahap-4
01/20/2025,13,49,34,13:49:34,224,Tahap-4
01/20/2025,13,49,35,13:49:35,136,Tahap-4
01/20/2025,13,49,35,13:49:35,53,Tahap-4
01/20/2025,13,49,35,13:49:35,120,Tahap-4
01/20/2025,13,49,35,13:49:35,39,Tahap-4
01/20/2025,13,49,35,13:49:35,89,Tahap-4
01/20/2025,13,49,35,13:49:35,156,Tahap-4
01/20/2025,13,49,35,13:49:35,427,Tahap-4
01/20/2025,13,49,35,13:49:35,191,Tahap-4
01/20/2025,13,49,35,13:49:35,171,Tahap-4
01/20/2025,13,49,35,13:49:35,78,Tahap-4
01/20/2025,13,49,36,13:49:36,145,Tahap-4
01/20/2025,13,49,36,13:49:36,93,Tahap-4
01/20/2025,13,49,36,13:49:36,127,Tahap-4
01/20/2025,13,49,36,13:49:36,102,Tahap-4
01/20/2025,13,49,36,13:49:36,83,Tahap-4
01/20/2025,13,49,36,13:49:36,108,Tahap-4
01/20/2025,13,49,36,13:49:36,38,Tahap-4
01/20/2025,13,49,36,13:49:36,120,Tahap-4
01/20/2025,13,49,36,13:49:36,48,Tahap-4
01/20/2025,13,49,36,13:49:36,161,Tahap-4
01/20/2025,13,49,37,13:49:37,238,Tahap-4
01/20/2025,13,49,37,13:49:37,97,Tahap-4
01/20/2025,13,49,37,13:49:37,52,Tahap-4
01/20/2025,13,49,37,13:49:37,123,Tahap-4
01/20/2025,13,49,37,13:49:37,59,Tahap-4
01/20/2025,13,49,37,13:49:37,207,Tahap-4
01/20/2025,13,49,37,13:49:37,182,Tahap-4
01/20/2025,13,49,37,13:49:37,216,Tahap-4
01/20/2025,13,49,37,13:49:37,113,Tahap-4
01/20/2025,13,49,37,13:49:37,86,Tahap-4
01/20/2025,13,49,38,13:49:38,143,Tahap-4
01/20/2025,13,49,38,13:49:38,265,Tahap-4
01/20/2025,13,49,38,13:49:38,500,Tahap-4
01/20/2025,13,49,38,13:49:38,908,Tahap-4
01/20/2025,13,49,38,13:49:38,849,Tahap-4
01/20/2025,13,49,38,13:49:38,167,Tahap-4
01/20/2025,13,49,38,13:49:38,126,Tahap-4
01/20/2025,13,49,38,13:49:38,114,Tahap-4
01/20/2025,13,49,38,13:49:38,158,Tahap-4
01/20/2025,13,49,38,13:49:38,209,Tahap-4
01/20/2025,13,49,39,13:49:39,118,Tahap-4
01/20/2025,13,49,39,13:49:39,155,Tahap-4
01/20/2025,13,49,39,13:49:39,124,Tahap-4
01/20/2025,13,49,39,13:49:39,61,Tahap-4
01/20/2025,13,49,39,13:49:39,69,Tahap-4
01/20/2025,13,49,39,13:49:39,228,Tahap-4
01/20/2025,13,49,39,13:49:39,283,Tahap-4
01/20/2025,13,49,39,13:49:39,248,Tahap-4
01/20/2025,13,49,39,13:49:39,321,Tahap-4
01/20/2025,13,49,39,13:49:39,783,Tahap-4
01/20/2025,13,49,40,13:49:40,410,Tahap-4
01/20/2025,13,49,40,13:49:40,359,Tahap-4
01/20/2025,13,49,40,13:49:40,333,Tahap-4
01/20/2025,13,49,41,13:49:41,324,Tahap-4
01/20/2025,13,49,41,13:49:41,250,Tahap-4
01/20/2025,13,49,41,13:49:41,572,Tahap-4
01/20/2025,13,49,41,13:49:41,477,Tahap-4
01/20/2025,13,49,41,13:49:41,1326,Tahap-4
01/20/2025,13,49,41,13:49:41,991,Tahap-4
01/20/2025,13,49,41,13:49:41,329,Tahap-4
01/20/2025,13,49,41,13:49:41,73,Tahap-4
01/20/2025,13,49,41,13:49:41,312,Tahap-4
01/20/2025,13,49,41,13:49:41,186,Tahap-4
01/20/2025,13,49,41,13:49:41,100,Tahap-4
01/20/2025,13,49,41,13:49:41,38,Tahap-4
01/20/2025,13,49,41,13:49:41,137,Tahap-4
01/20/2025,13,49,41,13:49:41,215,Tahap-4
01/20/2025,13,49,41,13:49:41,264,Tahap-4
01/20/2025,13,49,41,13:49:41,295,Tahap-4
01/20/2025,13,49,41,13:49:41,168,Tahap-4
01/20/2025,13,49,42,13:49:42,110,Tahap-4
01/20/2025,13,49,42,13:49:42,194,Tahap-4
01/20/2025,13,49,42,13:49:42,279,Tahap-4
01/20/2025,13,49,42,13:49:42,495,Tahap-4
01/20/2025,13,49,42,13:49:42,210,Tahap-4
01/20/2025,13,49,42,13:49:42,219,Tahap-4
01/20/2025,13,49,42,13:49:42,406,Tahap-4
01/20/2025,13,49,42,13:49:42,202,Tahap-4
01/20/2025,13,49,42,13:49:42,265,Tahap-4
01/20/2025,13,49,42,13:49:42,593,Tahap-4
01/20/2025,13,49,43,13:49:43,800,Tahap-4
01/20/2025,13,49,43,13:49:43,447,Tahap-4
01/20/2025,13,49,43,13:49:43,314,Tahap-4
01/20/2025,13,49,43,13:49:43,205,Tahap-4
01/20/2025,13,49,43,13:49:43,360,Tahap-4
01/20/2025,13,49,43,13:49:43,81,Tahap-4
01/20/2025,13,49,43,13:49:43,274,Tahap-4
01/20/2025,13,49,43,13:49:43,263,Tahap-4
01/20/2025,13,49,43,13:49:43,238,Tahap-4
01/20/2025,13,49,43,13:49:43,297,Tahap-4
01/20/2025,13,49,44,13:49:44,804,Tahap-4
01/20/2025,13,49,44,13:49:44,-104,Tahap-4
01/20/2025,13,49,44,13:49:44,100,Tahap-4
01/20/2025,13,49,44,13:49:44,-172,Tahap-4
01/20/2025,13,49,44,13:49:44,-64,Tahap-4
01/20/2025,13,49,44,13:49:44,76,Tahap-4
01/20/2025,13,49,44,13:49:44,-136,Tahap-4
01/20/2025,13,49,44,13:49:44,-20,Tahap-4
01/20/2025,13,49,44,13:49:44,68,Tahap-4
01/20/2025,13,49,44,13:49:44,-32,Tahap-4
01/20/2025,13,49,45,13:49:45,-8,Tahap-4
01/20/2025,13,49,45,13:49:45,-72,Tahap-4
01/20/2025,13,49,45,13:49:45,-112,Tahap-4
01/20/2025,13,49,45,13:49:45,100,Tahap-4
01/20/2025,13,49,45,13:49:45,-76,Tahap-4
01/20/2025,13,49,45,13:49:45,8,Tahap-4
01/20/2025,13,49,45,13:49:45,116,Tahap-4
01/20/2025,13,49,45,13:49:45,-60,Tahap-4
01/20/2025,13,49,45,13:49:45,-36,Tahap-4
01/20/2025,13,49,45,13:49:45,64,Tahap-4
01/20/2025,13,49,46,13:49:46,16,Tahap-4
01/20/2025,13,49,46,13:49:46,4,Tahap-4
01/20/2025,13,49,46,13:49:46,-28,Tahap-4
01/20/2025,13,49,46,13:49:46,20,Tahap-4
01/20/2025,13,49,46,13:49:46,156,Tahap-4
01/20/2025,13,49,46,13:49:46,-68,Tahap-4
01/20/2025,13,49,46,13:49:46,172,Tahap-4
01/20/2025,13,49,46,13:49:46,52,Tahap-4
01/20/2025,13,49,46,13:49:46,76,Tahap-4
01/20/2025,13,49,46,13:49:46,12,Tahap-4
01/20/2025,13,49,47,13:49:47,100,Tahap-4
01/20/2025,13,49,47,13:49:47,76,Tahap-4
01/20/2025,13,49,47,13:49:47,140,Tahap-4
01/20/2025,13,49,47,13:49:47,-16,Tahap-4
01/20/2025,13,49,47,13:49:47,164,Tahap-4
01/20/2025,13,49,47,13:49:47,76,Tahap-4
01/20/2025,13,49,47,13:49:47,184,Tahap-4
01/20/2025,13,49,47,13:49:47,168,Tahap-4
01/20/2025,13,49,47,13:49:47,-16,Tahap-4
01/20/2025,13,49,48,13:49:48,156,Tahap-4
01/20/2025,13,49,48,13:49:48,68,Tahap-4
01/20/2025,13,49,48,13:49:48,36,Tahap-4
01/20/2025,13,49,48,13:49:48,132,Tahap-4
01/20/2025,13,49,48,13:49:48,-16,Tahap-4
01/20/2025,13,49,48,13:49:48,204,Tahap-4
01/20/2025,13,49,48,13:49:48,32,Tahap-4
01/20/2025,13,49,48,13:49:48,40,Tahap-4
01/20/2025,13,49,48,13:49:48,196,Tahap-4
01/20/2025,13,49,48,13:49:48,128,Tahap-4
01/20/2025,13,49,49,13:49:49,148,Tahap-4
01/20/2025,13,49,49,13:49:49,64,Tahap-4
01/20/2025,13,49,49,13:49:49,180,Tahap-4
01/20/2025,13,49,49,13:49:49,88,Tahap-4
01/20/2025,13,49,49,13:49:49,112,Tahap-4
01/20/2025,13,49,49,13:49:49,-8,Tahap-4
01/20/2025,13,49,49,13:49:49,284,Tahap-4
01/20/2025,13,49,49,13:49:49,-28,Tahap-4
01/20/2025,13,49,49,13:49:49,44,Tahap-4
01/20/2025,13,49,49,13:49:49,156,Tahap-4
01/20/2025,13,49,49,13:49:49,88,Tahap-4
01/20/2025,13,49,50,13:49:50,68,Tahap-4
01/20/2025,13,49,50,13:49:50,116,Tahap-4
01/20/2025,13,49,50,13:49:50,108,Tahap-4
01/20/2025,13,49,50,13:49:50,-60,Tahap-4
01/20/2025,13,49,50,13:49:50,12,Tahap-4
01/20/2025,13,49,50,13:49:50,132,Tahap-4
01/20/2025,13,49,50,13:49:50,-24,Tahap-4
01/20/2025,13,49,50,13:49:50,-36,Tahap-4
01/20/2025,13,49,50,13:49:50,164,Tahap-4
01/20/2025,13,49,51,13:49:51,-8,Tahap-4
01/20/2025,13,49,51,13:49:51,112,Tahap-4
01/20/2025,13,49,51,13:49:51,44,Tahap-4
01/20/2025,13,49,51,13:49:51,28,Tahap-4
01/20/2025,13,49,51,13:49:51,28,Tahap-4
01/20/2025,13,49,51,13:49:51,8,Tahap-4
01/20/2025,13,49,51,13:49:51,184,Tahap-4
01/20/2025,13,49,51,13:49:51,-44,Tahap-4
01/20/2025,13,49,51,13:49:51,176,Tahap-4
01/20/2025,13,49,52,13:49:52,64,Tahap-4
01/20/2025,13,49,52,13:49:52,124,Tahap-4
01/20/2025,13,49,52,13:49:52,-4,Tahap-4
01/20/2025,13,49,52,13:49:52,88,Tahap-4
01/20/2025,13,49,52,13:49:52,36,Tahap-4
01/20/2025,13,49,52,13:49:52,172,Tahap-4
01/20/2025,13,49,52,13:49:52,-20,Tahap-4
01/20/2025,13,49,52,13:49:52,96,Tahap-4
01/20/2025,13,49,52,13:49:52,144,Tahap-4
01/20/2025,13,49,52,13:49:52,-60,Tahap-4
01/20/2025,13,49,53,13:49:53,160,Tahap-4
01/20/2025,13,49,53,13:49:53,224,Tahap-4
01/20/2025,13,49,53,13:49:53,-12,Tahap-4
01/20/2025,13,49,53,13:49:53,124,Tahap-4
01/20/2025,13,49,53,13:49:53,76,Tahap-4
01/20/2025,13,49,53,13:49:53,88,Tahap-4
01/20/2025,13,49,53,13:49:53,128,Tahap-4
01/20/2025,13,49,53,13:49:53,52,Tahap-4
01/20/2025,13,49,53,13:49:53,80,Tahap-4
01/20/2025,13,49,53,13:49:53,232,Tahap-4
01/20/2025,13,49,54,13:49:54,-48,Tahap-4
01/20/2025,13,49,54,13:49:54,200,Tahap-4
01/20/2025,13,49,54,13:49:54,192,Tahap-4
01/20/2025,13,49,54,13:49:54,160,Tahap-4
01/20/2025,13,49,54,13:49:54,12,Tahap-4
01/20/2025,13,49,54,13:49:54,196,Tahap-4
01/20/2025,13,49,54,13:49:54,28,Tahap-4
01/20/2025,13,49,54,13:49:54,160,Tahap-4
01/20/2025,13,49,54,13:49:54,4,Tahap-4
01/20/2025,13,49,54,13:49:54,148,Tahap-4
01/20/2025,13,49,55,13:49:55,72,Tahap-4
01/20/2025,13,49,55,13:49:55,-28,Tahap-4
01/20/2025,13,49,55,13:49:55,124,Tahap-4
01/20/2025,13,49,55,13:49:55,52,Tahap-4
01/20/2025,13,49,55,13:49:55,40,Tahap-4
01/20/2025,13,49,55,13:49:55,24,Tahap-4
01/20/2025,13,49,55,13:49:55,-8,Tahap-4
01/20/2025,13,49,55,13:49:55,12,Tahap-4
01/20/2025,13,49,55,13:49:55,-32,Tahap-4
01/20/2025,13,49,55,13:49:55,-124,Tahap-4
01/20/2025,13,49,56,13:49:56,8,Tahap-4
01/20/2025,13,49,56,13:49:56,28,Tahap-4
01/20/2025,13,49,56,13:49:56,-180,Tahap-4
01/20/2025,13,49,56,13:49:56,116,Tahap-4
01/20/2025,13,49,56,13:49:56,-56,Tahap-4
01/20/2025,13,49,56,13:49:56,-68,Tahap-4
01/20/2025,13,49,56,13:49:56,-52,Tahap-4
01/20/2025,13,49,56,13:49:56,16,Tahap-4
01/20/2025,13,49,56,13:49:56,-108,Tahap-4
01/20/2025,13,50,21,13:50:21,1379,Tahap-4
01/20/2025,13,50,21,13:50:21,495,Tahap-4
01/20/2025,13,50,21,13:50:21,113,Tahap-4
01/20/2025,13,50,21,13:50:21,975,Tahap-4
01/20/2025,13,50,21,13:50:21,530,Tahap-4
01/20/2025,13,50,21,13:50:21,330,Tahap-4
01/20/2025,13,50,21,13:50:21,20,Tahap-4
01/20/2025,13,50,22,13:50:22,250,Tahap-4
01/20/2025,13,50,22,13:50:22,84,Tahap-4
01/20/2025,13,50,22,13:50:22,157,Tahap-4
01/20/2025,13,50,22,13:50:22,108,Tahap-4
01/20/2025,13,50,22,13:50:22,127,Tahap-4
01/20/2025,13,50,22,13:50:22,85,Tahap-4
01/20/2025,13,50,22,13:50:22,20,Tahap-4
01/20/2025,13,50,22,13:50:22,155,Tahap-4
01/20/2025,13,50,22,13:50:22,167,Tahap-4
01/20/2025,13,50,22,13:50:22,60,Tahap-4
01/20/2025,13,50,23,13:50:23,94,Tahap-4
01/20/2025,13,50,23,13:50:23,87,Tahap-4
01/20/2025,13,50,23,13:50:23,22,Tahap-4
01/20/2025,13,50,23,13:50:23,84,Tahap-4
01/20/2025,13,50,23,13:50:23,104,Tahap-4
01/20/2025,13,50,23,13:50:23,297,Tahap-4
01/20/2025,13,50,23,13:50:23,339,Tahap-4
01/20/2025,13,50,23,13:50:23,17,Tahap-4
01/20/2025,13,50,23,13:50:23,81,Tahap-4
01/20/2025,13,50,23,13:50:23,179,Tahap-4
01/20/2025,13,50,24,13:50:24,115,Tahap-4
01/20/2025,13,50,24,13:50:24,129,Tahap-4
01/20/2025,13,50,24,13:50:24,181,Tahap-4
01/20/2025,13,50,24,13:50:24,87,Tahap-4
01/20/2025,13,50,24,13:50:24,34,Tahap-4
01/20/2025,13,50,24,13:50:24,66,Tahap-4
01/20/2025,13,50,24,13:50:24,77,Tahap-4
01/20/2025,13,50,24,13:50:24,60,Tahap-4
01/20/2025,13,50,24,13:50:24,115,Tahap-4
01/20/2025,13,50,24,13:50:24,141,Tahap-4
01/20/2025,13,50,25,13:50:25,33,Tahap-4
01/20/2025,13,50,25,13:50:25,71,Tahap-4
01/20/2025,13,50,25,13:50:25,108,Tahap-4
01/20/2025,13,50,25,13:50:25,119,Tahap-4
01/20/2025,13,50,25,13:50:25,179,Tahap-4
01/20/2025,13,50,25,13:50:25,356,Tahap-4
01/20/2025,13,50,25,13:50:25,128,Tahap-4
01/20/2025,13,50,25,13:50:25,137,Tahap-4
01/20/2025,13,50,25,13:50:25,104,Tahap-4
01/20/2025,13,50,25,13:50:25,208,Tahap-4
01/20/2025,13,50,26,13:50:26,177,Tahap-4
01/20/2025,13,50,26,13:50:26,24,Tahap-4
01/20/2025,13,50,26,13:50:26,88,Tahap-4
01/20/2025,13,50,26,13:50:26,39,Tahap-4
01/20/2025,13,50,26,13:50:26,35,Tahap-4
01/20/2025,13,50,26,13:50:26,11,Tahap-4
01/20/2025,13,50,26,13:50:26,39,Tahap-4
01/20/2025,13,50,26,13:50:26,35,Tahap-4
01/20/2025,13,50,26,13:50:26,100,Tahap-4
01/20/2025,13,50,26,13:50:26,74,Tahap-4
01/20/2025,13,50,27,13:50:27,125,Tahap-4
01/20/2025,13,50,27,13:50:27,61,Tahap-4
01/20/2025,13,50,27,13:50:27,134,Tahap-4
01/20/2025,13,50,27,13:50:27,87,Tahap-4
01/20/2025,13,50,27,13:50:27,101,Tahap-4
01/20/2025,13,50,27,13:50:27,242,Tahap-4
01/20/2025,13,50,27,13:50:27,162,Tahap-4
01/20/2025,13,50,27,13:50:27,182,Tahap-4
01/20/2025,13,50,27,13:50:27,238,Tahap-4
01/20/2025,13,50,27,13:50:27,187,Tahap-4
01/20/2025,13,50,28,13:50:28,252,Tahap-4
01/20/2025,13,50,28,13:50:28,606,Tahap-4
01/20/2025,13,50,28,13:50:28,1248,Tahap-4
01/20/2025,13,50,28,13:50:28,299,Tahap-4
01/20/2025,13,50,28,13:50:28,333,Tahap-4
01/20/2025,13,50,28,13:50:28,317,Tahap-4
01/20/2025,13,50,28,13:50:28,226,Tahap-4
01/20/2025,13,50,28,13:50:28,94,Tahap-4
01/20/2025,13,50,28,13:50:28,65,Tahap-4
01/20/2025,13,50,28,13:50:28,70,Tahap-4
01/20/2025,13,50,29,13:50:29,115,Tahap-4
01/20/2025,13,50,29,13:50:29,129,Tahap-4
01/20/2025,13,50,29,13:50:29,108,Tahap-4
01/20/2025,13,50,29,13:50:29,90,Tahap-4
01/20/2025,13,50,29,13:50:29,193,Tahap-4
01/20/2025,13,50,29,13:50:29,190,Tahap-4
01/20/2025,13,50,29,13:50:29,233,Tahap-4
01/20/2025,13,50,29,13:50:29,290,Tahap-4
01/20/2025,13,50,29,13:50:29,586,Tahap-4
01/20/2025,13,50,29,13:50:29,913,Tahap-4
01/20/2025,13,50,30,13:50:30,113,Tahap-4
01/20/2025,13,50,30,13:50:30,187,Tahap-4
01/20/2025,13,50,30,13:50:30,596,Tahap-4
01/20/2025,13,50,30,13:50:30,312,Tahap-4
01/20/2025,13,50,30,13:50:30,664,Tahap-4
01/20/2025,13,50,30,13:50:30,801,Tahap-4
01/20/2025,13,50,30,13:50:30,840,Tahap-4
01/20/2025,13,50,30,13:50:30,760,Tahap-4
01/20/2025,13,50,30,13:50:30,360,Tahap-4
01/20/2025,13,50,30,13:50:30,396,Tahap-4
01/20/2025,13,50,31,13:50:31,290,Tahap-4
01/20/2025,13,50,31,13:50:31,195,Tahap-4
01/20/2025,13,50,31,13:50:31,36,Tahap-4
01/20/2025,13,50,31,13:50:31,118,Tahap-4
01/20/2025,13,50,31,13:50:31,248,Tahap-4
01/20/2025,13,50,31,13:50:31,97,Tahap-4
01/20/2025,13,50,31,13:50:31,218,Tahap-4
01/20/2025,13,50,31,13:50:31,130,Tahap-4
01/20/2025,13,50,31,13:50:31,37,Tahap-4
01/20/2025,13,50,31,13:50:31,321,Tahap-4
01/20/2025,13,50,32,13:50:32,239,Tahap-4
01/20/2025,13,50,32,13:50:32,346,Tahap-4
01/20/2025,13,50,32,13:50:32,393,Tahap-4
01/20/2025,13,50,32,13:50:32,45,Tahap-4
01/20/2025,13,50,32,13:50:32,339,Tahap-4
01/20/2025,13,50,32,13:50:32,311,Tahap-4
01/20/2025,13,50,32,13:50:32,262,Tahap-4
01/20/2025,13,50,32,13:50:32,83,Tahap-4
01/20/2025,13,50,32,13:50:32,971,Tahap-4
01/20/2025,13,50,32,13:50:32,581,Tahap-4
01/20/2025,13,50,33,13:50:33,247,Tahap-4
01/20/2025,13,50,33,13:50:33,339,Tahap-4
01/20/2025,13,50,33,13:50:33,392,Tahap-4
01/20/2025,13,50,33,13:50:33,415,Tahap-4
01/20/2025,13,50,33,13:50:33,410,Tahap-4
01/20/2025,13,50,33,13:50:33,176,Tahap-4
01/20/2025,13,50,33,13:50:33,113,Tahap-4
01/20/2025,13,50,33,13:50:33,270,Tahap-4
01/20/2025,13,50,33,13:50:33,700,Tahap-4
01/20/2025,13,50,33,13:50:33,107,Tahap-4
01/20/2025,13,50,34,13:50:34,16,Tahap-4
01/20/2025,13,50,34,13:50:34,432,Tahap-4
01/20/2025,13,50,34,13:50:34,168,Tahap-4
01/20/2025,13,50,34,13:50:34,128,Tahap-4
01/20/2025,13,50,34,13:50:34,304,Tahap-4
01/20/2025,13,50,34,13:50:34,312,Tahap-4
01/20/2025,13,50,34,13:50:34,208,Tahap-4
01/20/2025,13,50,34,13:50:34,144,Tahap-4
01/20/2025,13,50,34,13:50:34,336,Tahap-4
01/20/2025,13,50,34,13:50:34,160,Tahap-4
01/20/2025,13,50,35,13:50:35,112,Tahap-4
01/20/2025,13,50,35,13:50:35,-64,Tahap-4
01/20/2025,13,50,35,13:50:35,424,Tahap-4
01/20/2025,13,50,35,13:50:35,32,Tahap-4
01/20/2025,13,50,35,13:50:35,64,Tahap-4
01/20/2025,13,50,35,13:50:35,408,Tahap-4
01/20/2025,13,50,35,13:50:35,80,Tahap-4
01/20/2025,13,50,35,13:50:35,136,Tahap-4
01/20/2025,13,50,35,13:50:35,80,Tahap-4
01/20/2025,13,50,35,13:50:35,88,Tahap-4
01/20/2025,13,50,36,13:50:36,120,Tahap-4
01/20/2025,13,50,36,13:50:36,112,Tahap-4
01/20/2025,13,50,36,13:50:36,-232,Tahap-4
01/20/2025,13,50,36,13:50:36,496,Tahap-4
01/20/2025,13,50,36,13:50:36,-112,Tahap-4
01/20/2025,13,50,36,13:50:36,-64,Tahap-4
01/20/2025,13,50,36,13:50:36,256,Tahap-4
01/20/2025,13,50,36,13:50:36,-80,Tahap-4
01/20/2025,13,50,36,13:50:36,-120,Tahap-4
01/20/2025,13,50,36,13:50:36,136,Tahap-4
01/20/2025,13,50,37,13:50:37,-72,Tahap-4
01/20/2025,13,50,37,13:50:37,8,Tahap-4
01/20/2025,13,50,37,13:50:37,104,Tahap-4
01/20/2025,13,50,37,13:50:37,-200,Tahap-4
01/20/2025,13,50,37,13:50:37,264,Tahap-4
01/20/2025,13,50,37,13:50:37,-64,Tahap-4
01/20/2025,13,50,37,13:50:37,-176,Tahap-4
01/20/2025,13,50,37,13:50:37,80,Tahap-4
01/20/2025,13,50,37,13:50:37,112,Tahap-4
01/20/2025,13,50,37,13:50:37,-104,Tahap-4
01/20/2025,13,50,38,13:50:38,-144,Tahap-4
01/20/2025,13,50,38,13:50:38,256,Tahap-4
01/20/2025,13,50,38,13:50:38,-200,Tahap-4
01/20/2025,13,50,38,13:50:38,80,Tahap-4
01/20/2025,13,50,38,13:50:38,-232,Tahap-4
01/20/2025,13,50,38,13:50:38,208,Tahap-4
01/20/2025,13,50,38,13:50:38,-40,Tahap-4
01/20/2025,13,50,38,13:50:38,-48,Tahap-4
01/20/2025,13,50,38,13:50:38,104,Tahap-4
01/20/2025,13,50,38,13:50:38,56,Tahap-4
01/20/2025,13,50,39,13:50:39,64,Tahap-4
01/20/2025,13,50,39,13:50:39,-80,Tahap-4
01/20/2025,13,50,39,13:50:39,40,Tahap-4
01/20/2025,13,50,39,13:50:39,-136,Tahap-4
01/20/2025,13,50,39,13:50:39,-104,Tahap-4
01/20/2025,13,50,39,13:50:39,112,Tahap-4
01/20/2025,13,50,39,13:50:39,144,Tahap-4
01/20/2025,13,50,39,13:50:39,-296,Tahap-4
01/20/2025,13,50,39,13:50:39,272,Tahap-4
01/20/2025,13,50,40,13:50:40,-88,Tahap-4
01/20/2025,13,50,40,13:50:40,48,Tahap-4
01/20/2025,13,50,40,13:50:40,24,Tahap-4
01/20/2025,13,50,41,13:50:41,40,Tahap-4
01/20/2025,13,50,41,13:50:41,-72,Tahap-4
01/20/2025,13,50,41,13:50:41,-40,Tahap-4
01/20/2025,13,50,41,13:50:41,-232,Tahap-4
01/20/2025,13,50,41,13:50:41,24,Tahap-4
01/20/2025,13,50,41,13:50:41,240,Tahap-4
01/20/2025,13,50,41,13:50:41,-272,Tahap-4
01/20/2025,13,50,41,13:50:41,152,Tahap-4
01/20/2025,13,50,41,13:50:41,48,Tahap-4
01/20/2025,13,50,41,13:50:41,-216,Tahap-4
01/20/2025,13,50,41,13:50:41,24,Tahap-4
01/20/2025,13,50,41,13:50:41,96,Tahap-4
01/20/2025,13,50,41,13:50:41,-168,Tahap-4
01/20/2025,13,50,41,13:50:41,24,Tahap-4
01/20/2025,13,50,41,13:50:41,-280,Tahap-4
01/20/2025,13,50,41,13:50:41,64,Tahap-4
01/20/2025,13,50,41,13:50:41,32,Tahap-4
01/20/2025,13,50,41,13:50:41,-112,Tahap-4
01/20/2025,13,50,42,13:50:42,104,Tahap-4
01/20/2025,13,50,42,13:50:42,160,Tahap-4
01/20/2025,13,50,42,13:50:42,-168,Tahap-4
01/20/2025,13,50,42,13:50:42,-136,Tahap-4
01/20/2025,13,50,42,13:50:42,112,Tahap-4
01/20/2025,13,50,42,13:50:42,-24,Tahap-4
01/20/2025,13,50,42,13:50:42,-40,Tahap-4
01/20/2025,13,50,42,13:50:42,-256,Tahap-4
01/20/2025,13,50,42,13:50:42,176,Tahap-4
01/20/2025,13,50,42,13:50:42,-120,Tahap-4
01/20/2025,13,50,43,13:50:43,32,Tahap-4
01/20/2025,13,50,43,13:50:43,192,Tahap-4
01/20/2025,13,50,43,13:50:43,-56,Tahap-4
01/20/2025,13,50,43,13:50:43,-32,Tahap-4
01/20/2025,13,50,43,13:50:43,-200,Tahap-4
01/20/2025,13,50,43,13:50:43,-88,Tahap-4
01/20/2025,13,50,43,13:50:43,-152,Tahap-4
01/20/2025,13,50,43,13:50:43,48,Tahap-4
01/20/2025,13,50,43,13:50:43,-392,Tahap-4
01/20/2025,13,50,44,13:50:44,184,Tahap-4
01/20/2025,13,50,44,13:50:44,-264,Tahap-4
01/20/2025,13,50,44,13:50:44,-272,Tahap-4
01/20/2025,13,50,44,13:50:44,112,Tahap-4
01/20/2025,13,50,44,13:50:44,-104,Tahap-4
01/20/2025,13,50,44,13:50:44,-352,Tahap-4
01/20/2025,13,50,44,13:50:44,8,Tahap-4
01/20/2025,13,50,44,13:50:44,-216,Tahap-4
01/20/2025,13,50,44,13:50:44,-136,Tahap-4
01/20/2025,13,50,44,13:50:44,-144,Tahap-4
01/20/2025,13,50,44,13:50:44,-264,Tahap-4
01/20/2025,13,50,45,13:50:45,136,Tahap-4
01/20/2025,13,50,45,13:50:45,-208,Tahap-4
01/20/2025,13,50,45,13:50:45,-152,Tahap-4
01/20/2025,13,50,45,13:50:45,48,Tahap-4
01/20/2025,13,50,45,13:50:45,-144,Tahap-4
01/20/2025,13,50,45,13:50:45,-88,Tahap-4
01/20/2025,13,50,45,13:50:45,-136,Tahap-4
01/20/2025,13,50,45,13:50:45,16,Tahap-4
01/20/2025,13,50,45,13:50:45,-240,Tahap-4
01/20/2025,13,50,45,13:50:45,-96,Tahap-4
01/20/2025,13,50,46,13:50:46,-208,Tahap-4
01/20/2025,13,50,46,13:50:46,248,Tahap-4
01/20/2025,13,50,46,13:50:46,-264,Tahap-4
01/20/2025,13,50,46,13:50:46,56,Tahap-4
01/20/2025,13,50,46,13:50:46,88,Tahap-4
01/20/2025,13,50,46,13:50:46,-152,Tahap-4
01/20/2025,13,50,46,13:50:46,-24,Tahap-4
01/20/2025,13,50,46,13:50:46,-104,Tahap-4
01/20/2025,13,51,11,13:51:11,3590,Tahap-4
01/20/2025,13,51,11,13:51:11,1266,Tahap-4
01/20/2025,13,51,11,13:51:11,580,Tahap-4
01/20/2025,13,51,11,13:51:11,662,Tahap-4
01/20/2025,13,51,11,13:51:11,407,Tahap-4
01/20/2025,13,51,11,13:51:11,268,Tahap-4
01/20/2025,13,51,11,13:51:11,211,Tahap-4
01/20/2025,13,51,11,13:51:11,147,Tahap-4
01/20/2025,13,51,12,13:51:12,213,Tahap-4
01/20/2025,13,51,12,13:51:12,175,Tahap-4
01/20/2025,13,51,12,13:51:12,33,Tahap-4
01/20/2025,13,51,12,13:51:12,180,Tahap-4
01/20/2025,13,51,12,13:51:12,28,Tahap-4
01/20/2025,13,51,12,13:51:12,242,Tahap-4
01/20/2025,13,51,12,13:51:12,230,Tahap-4
01/20/2025,13,51,12,13:51:12,310,Tahap-4
01/20/2025,13,51,12,13:51:12,99,Tahap-4
01/20/2025,13,51,12,13:51:12,47,Tahap-4
01/20/2025,13,51,13,13:51:13,63,Tahap-4
01/20/2025,13,51,13,13:51:13,160,Tahap-4
01/20/2025,13,51,13,13:51:13,45,Tahap-4
01/20/2025,13,51,13,13:51:13,131,Tahap-4
01/20/2025,13,51,13,13:51:13,180,Tahap-4
01/20/2025,13,51,13,13:51:13,280,Tahap-4
01/20/2025,13,51,13,13:51:13,162,Tahap-4
01/20/2025,13,51,13,13:51:13,116,Tahap-4
01/20/2025,13,51,13,13:51:13,189,Tahap-4
01/20/2025,13,51,13,13:51:13,169,Tahap-4
01/20/2025,13,51,14,13:51:14,110,Tahap-4
01/20/2025,13,51,14,13:51:14,130,Tahap-4
01/20/2025,13,51,14,13:51:14,238,Tahap-4
01/20/2025,13,51,14,13:51:14,122,Tahap-4
01/20/2025,13,51,14,13:51:14,13,Tahap-4
01/20/2025,13,51,14,13:51:14,13,Tahap-4
01/20/2025,13,51,14,13:51:14,25,Tahap-4
01/20/2025,13,51,14,13:51:14,52,Tahap-4
01/20/2025,13,51,14,13:51:14,158,Tahap-4
01/20/2025,13,51,14,13:51:14,8,Tahap-4
01/20/2025,13,51,15,13:51:15,94,Tahap-4
01/20/2025,13,51,15,13:51:15,55,Tahap-4
01/20/2025,13,51,15,13:51:15,169,Tahap-4
01/20/2025,13,51,15,13:51:15,20,Tahap-4
01/20/2025,13,51,15,13:51:15,536,Tahap-4
01/20/2025,13,51,15,13:51:15,299,Tahap-4
01/20/2025,13,51,15,13:51:15,86,Tahap-4
01/20/2025,13,51,15,13:51:15,88,Tahap-4
01/20/2025,13,51,15,13:51:15,185,Tahap-4
01/20/2025,13,51,15,13:51:15,35,Tahap-4
01/20/2025,13,51,16,13:51:16,39,Tahap-4
01/20/2025,13,51,16,13:51:16,59,Tahap-4
01/20/2025,13,51,16,13:51:16,23,Tahap-4
01/20/2025,13,51,16,13:51:16,53,Tahap-4
01/20/2025,13,51,16,13:51:16,55,Tahap-4
01/20/2025,13,51,16,13:51:16,44,Tahap-4
01/20/2025,13,51,16,13:51:16,161,Tahap-4
01/20/2025,13,51,16,13:51:16,86,Tahap-4
01/20/2025,13,51,16,13:51:16,167,Tahap-4
01/20/2025,13,51,16,13:51:16,29,Tahap-4
01/20/2025,13,51,17,13:51:17,95,Tahap-4
01/20/2025,13,51,17,13:51:17,54,Tahap-4
01/20/2025,13,51,17,13:51:17,114,Tahap-4
01/20/2025,13,51,17,13:51:17,25,Tahap-4
01/20/2025,13,51,17,13:51:17,186,Tahap-4
01/20/2025,13,51,17,13:51:17,234,Tahap-4
01/20/2025,13,51,17,13:51:17,209,Tahap-4
01/20/2025,13,51,17,13:51:17,395,Tahap-4
01/20/2025,13,51,17,13:51:17,304,Tahap-4
01/20/2025,13,51,17,13:51:17,249,Tahap-4
01/20/2025,13,51,18,13:51:18,163,Tahap-4
01/20/2025,13,51,18,13:51:18,1221,Tahap-4
01/20/2025,13,51,18,13:51:18,448,Tahap-4
01/20/2025,13,51,18,13:51:18,74,Tahap-4
01/20/2025,13,51,18,13:51:18,287,Tahap-4
01/20/2025,13,51,18,13:51:18,189,Tahap-4
01/20/2025,13,51,18,13:51:18,253,Tahap-4
01/20/2025,13,51,18,13:51:18,186,Tahap-4
01/20/2025,13,51,18,13:51:18,66,Tahap-4
01/20/2025,13,51,18,13:51:18,11,Tahap-4
01/20/2025,13,51,19,13:51:19,105,Tahap-4
01/20/2025,13,51,19,13:51:19,76,Tahap-4
01/20/2025,13,51,19,13:51:19,78,Tahap-4
01/20/2025,13,51,19,13:51:19,274,Tahap-4
01/20/2025,13,51,19,13:51:19,319,Tahap-4
01/20/2025,13,51,19,13:51:19,53,Tahap-4
01/20/2025,13,51,19,13:51:19,429,Tahap-4
01/20/2025,13,51,19,13:51:19,459,Tahap-4
01/20/2025,13,51,19,13:51:19,292,Tahap-4
01/20/2025,13,51,19,13:51:19,311,Tahap-4
01/20/2025,13,51,20,13:51:20,201,Tahap-4
01/20/2025,13,51,20,13:51:20,564,Tahap-4
01/20/2025,13,51,20,13:51:20,387,Tahap-4
01/20/2025,13,51,20,13:51:20,236,Tahap-4
01/20/2025,13,51,20,13:51:20,565,Tahap-4
01/20/2025,13,51,20,13:51:20,1797,Tahap-4
01/20/2025,13,51,20,13:51:20,547,Tahap-4
01/20/2025,13,51,20,13:51:20,363,Tahap-4
01/20/2025,13,51,20,13:51:20,290,Tahap-4
01/20/2025,13,51,20,13:51:20,101,Tahap-4
01/20/2025,13,51,21,13:51:21,169,Tahap-4
01/20/2025,13,51,21,13:51:21,128,Tahap-4
01/20/2025,13,51,21,13:51:21,60,Tahap-4
01/20/2025,13,51,21,13:51:21,25,Tahap-4
01/20/2025,13,51,21,13:51:21,15,Tahap-4
01/20/2025,13,51,21,13:51:21,159,Tahap-4
01/20/2025,13,51,21,13:51:21,159,Tahap-4
01/20/2025,13,51,21,13:51:21,279,Tahap-4
01/20/2025,13,51,21,13:51:21,203,Tahap-4
01/20/2025,13,51,21,13:51:21,138,Tahap-4
01/20/2025,13,51,22,13:51:22,399,Tahap-4
01/20/2025,13,51,22,13:51:22,544,Tahap-4
01/20/2025,13,51,22,13:51:22,451,Tahap-4
01/20/2025,13,51,22,13:51:22,247,Tahap-4
01/20/2025,13,51,22,13:51:22,140,Tahap-4
01/20/2025,13,51,22,13:51:22,274,Tahap-4
01/20/2025,13,51,22,13:51:22,128,Tahap-4
01/20/2025,13,51,22,13:51:22,78,Tahap-4
01/20/2025,13,51,22,13:51:22,1040,Tahap-4
01/20/2025,13,51,22,13:51:22,362,Tahap-4
01/20/2025,13,51,23,13:51:23,187,Tahap-4
01/20/2025,13,51,23,13:51:23,351,Tahap-4
01/20/2025,13,51,23,13:51:23,808,Tahap-4
01/20/2025,13,51,23,13:51:23,94,Tahap-4
01/20/2025,13,51,23,13:51:23,154,Tahap-4
01/20/2025,13,51,23,13:51:23,178,Tahap-4
01/20/2025,13,51,23,13:51:23,451,Tahap-4
01/20/2025,13,51,23,13:51:23,246,Tahap-4
01/20/2025,13,51,23,13:51:23,531,Tahap-4
01/20/2025,13,51,23,13:51:23,-188,Tahap-4
01/20/2025,13,51,24,13:51:24,84,Tahap-4
01/20/2025,13,51,24,13:51:24,-88,Tahap-4
01/20/2025,13,51,24,13:51:24,-112,Tahap-4
01/20/2025,13,51,24,13:51:24,44,Tahap-4
01/20/2025,13,51,24,13:51:24,-36,Tahap-4
01/20/2025,13,51,24,13:51:24,-4,Tahap-4
01/20/2025,13,51,24,13:51:24,-8,Tahap-4
01/20/2025,13,51,24,13:51:24,-40,Tahap-4
01/20/2025,13,51,24,13:51:24,-56,Tahap-4
01/20/2025,13,51,24,13:51:24,-60,Tahap-4
01/20/2025,13,51,25,13:51:25,-168,Tahap-4
01/20/2025,13,51,25,13:51:25,28,Tahap-4
01/20/2025,13,51,25,13:51:25,4,Tahap-4
01/20/2025,13,51,25,13:51:25,-188,Tahap-4
01/20/2025,13,51,25,13:51:25,132,Tahap-4
01/20/2025,13,51,25,13:51:25,-140,Tahap-4
01/20/2025,13,51,25,13:51:25,-52,Tahap-4
01/20/2025,13,51,25,13:51:25,-52,Tahap-4
01/20/2025,13,51,25,13:51:25,-28,Tahap-4
01/20/2025,13,51,25,13:51:25,-100,Tahap-4
01/20/2025,13,51,26,13:51:26,-216,Tahap-4
01/20/2025,13,51,26,13:51:26,72,Tahap-4
01/20/2025,13,51,26,13:51:26,-36,Tahap-4
01/20/2025,13,51,26,13:51:26,-148,Tahap-4
01/20/2025,13,51,26,13:51:26,44,Tahap-4
01/20/2025,13,51,26,13:51:26,-68,Tahap-4
01/20/2025,13,51,26,13:51:26,-120,Tahap-4
01/20/2025,13,51,26,13:51:26,-40,Tahap-4
01/20/2025,13,51,26,13:51:26,-40,Tahap-4
01/20/2025,13,51,27,13:51:27,-40,Tahap-4
01/20/2025,13,51,27,13:51:27,-64,Tahap-4
01/20/2025,13,51,27,13:51:27,-164,Tahap-4
01/20/2025,13,51,27,13:51:27,32,Tahap-4
01/20/2025,13,51,27,13:51:27,-164,Tahap-4
01/20/2025,13,51,27,13:51:27,-68,Tahap-4
01/20/2025,13,51,27,13:51:27,-20,Tahap-4
01/20/2025,13,51,27,13:51:27,-120,Tahap-4
01/20/2025,13,51,27,13:51:27,-76,Tahap-4
01/20/2025,13,51,27,13:51:27,-148,Tahap-4
01/20/2025,13,51,28,13:51:28,-24,Tahap-4
01/20/2025,13,51,28,13:51:28,-56,Tahap-4
01/20/2025,13,51,28,13:51:28,-64,Tahap-4
01/20/2025,13,51,28,13:51:28,-252,Tahap-4
01/20/2025,13,51,28,13:51:28,56,Tahap-4
01/20/2025,13,51,28,13:51:28,-236,Tahap-4
01/20/2025,13,51,28,13:51:28,-96,Tahap-4
01/20/2025,13,51,28,13:51:28,112,Tahap-4
01/20/2025,13,51,28,13:51:28,-156,Tahap-4
01/20/2025,13,51,28,13:51:28,-100,Tahap-4
01/20/2025,13,51,29,13:51:29,-44,Tahap-4
01/20/2025,13,51,29,13:51:29,-112,Tahap-4
01/20/2025,13,51,29,13:51:29,-28,Tahap-4
01/20/2025,13,51,29,13:51:29,-140,Tahap-4
01/20/2025,13,51,29,13:51:29,-104,Tahap-4
01/20/2025,13,51,29,13:51:29,32,Tahap-4
01/20/2025,13,51,29,13:51:29,-188,Tahap-4
01/20/2025,13,51,29,13:51:29,-188,Tahap-4
01/20/2025,13,51,29,13:51:29,36,Tahap-4
01/20/2025,13,51,29,13:51:29,-76,Tahap-4
01/20/2025,13,51,30,13:51:30,-148,Tahap-4
01/20/2025,13,51,30,13:51:30,-92,Tahap-4
01/20/2025,13,51,30,13:51:30,-68,Tahap-4
01/20/2025,13,51,30,13:51:30,-132,Tahap-4
01/20/2025,13,51,30,13:51:30,-96,Tahap-4
01/20/2025,13,51,30,13:51:30,-144,Tahap-4
01/20/2025,13,51,30,13:51:30,40,Tahap-4
01/20/2025,13,51,30,13:51:30,-160,Tahap-4
01/20/2025,13,51,30,13:51:30,-64,Tahap-4
01/20/2025,13,51,30,13:51:30,-36,Tahap-4
01/20/2025,13,51,31,13:51:31,-92,Tahap-4
01/20/2025,13,51,31,13:51:31,-16,Tahap-4
01/20/2025,13,51,31,13:51:31,-112,Tahap-4
01/20/2025,13,51,31,13:51:31,-68,Tahap-4
01/20/2025,13,51,31,13:51:31,-108,Tahap-4
01/20/2025,13,51,31,13:51:31,-156,Tahap-4
01/20/2025,13,51,31,13:51:31,-132,Tahap-4
01/20/2025,13,51,31,13:51:31,80,Tahap-4
01/20/2025,13,51,31,13:51:31,-204,Tahap-4
01/20/2025,13,51,32,13:51:32,-16,Tahap-4
01/20/2025,13,51,32,13:51:32,-64,Tahap-4
01/20/2025,13,51,32,13:51:32,-68,Tahap-4
01/20/2025,13,51,32,13:51:32,-136,Tahap-4
01/20/2025,13,51,32,13:51:32,-56,Tahap-4
01/20/2025,13,51,32,13:51:32,-188,Tahap-4
01/20/2025,13,51,32,13:51:32,-120,Tahap-4
01/20/2025,13,51,32,13:51:32,52,Tahap-4
01/20/2025,13,51,32,13:51:32,-256,Tahap-4
01/20/2025,13,51,33,13:51:33,-48,Tahap-4
01/20/2025,13,51,33,13:51:33,-40,Tahap-4
01/20/2025,13,51,33,13:51:33,-176,Tahap-4
01/20/2025,13,51,33,13:51:33,-168,Tahap-4
01/20/2025,13,51,33,13:51:33,24,Tahap-4
01/20/2025,13,51,33,13:51:33,-128,Tahap-4
01/20/2025,13,51,33,13:51:33,-56,Tahap-4
01/20/2025,13,51,33,13:51:33,-176,Tahap-4
01/20/2025,13,51,33,13:51:33,-96,Tahap-4
01/20/2025,13,51,33,13:51:33,32,Tahap-4
01/20/2025,13,51,34,13:51:34,-180,Tahap-4
01/20/2025,13,51,34,13:51:34,24,Tahap-4
01/20/2025,13,51,34,13:51:34,-116,Tahap-4
01/20/2025,13,51,34,13:51:34,-72,Tahap-4
01/20/2025,13,51,34,13:51:34,-224,Tahap-4
01/20/2025,13,51,34,13:51:34,-28,Tahap-4
01/20/2025,13,51,34,13:51:34,-168,Tahap-4
01/20/2025,13,51,34,13:51:34,-96,Tahap-4
01/20/2025,13,51,34,13:51:34,-180,Tahap-4
01/20/2025,13,51,34,13:51:34,-172,Tahap-4
01/20/2025,13,51,35,13:51:35,-20,Tahap-4
01/20/2025,13,51,35,13:51:35,-76,Tahap-4
01/20/2025,13,51,35,13:51:35,-40,Tahap-4
01/20/2025,13,51,35,13:51:35,-96,Tahap-4
01/20/2025,13,51,35,13:51:35,-100,Tahap-4
01/20/2025,13,51,35,13:51:35,-80,Tahap-4
01/20/2025,13,51,35,13:51:35,-240,Tahap-4
01/20/2025,13,51,35,13:51:35,-12,Tahap-4
01/20/2025,13,51,35,13:51:35,-80,Tahap-4
01/20/2025,13,51,35,13:51:35,-48,Tahap-4
01/20/2025,13,51,36,13:51:36,-124,Tahap-4
01/20/2025,13,51,36,13:51:36,-160,Tahap-4
01/20/2025,13,51,36,13:51:36,-28,Tahap-4
01/20/2025,13,51,36,13:51:36,-100,Tahap-4
01/20/2025,13,51,36,13:51:36,-76,Tahap-4
01/20/2025,13,51,36,13:51:36,-148,Tahap-4
01/20/2025,13,51,36,13:51:36,16,Tahap-4
01/20/2025,13,51,36,13:51:36,-188,Tahap-4
01/20/2025,13,52,1,13:52:01,1400,Tahap-4
01/20/2025,13,52,1,13:52:01,335,Tahap-4
01/20/2025,13,52,1,13:52:01,352,Tahap-4
01/20/2025,13,52,1,13:52:01,528,Tahap-4
01/20/2025,13,52,1,13:52:01,597,Tahap-4
01/20/2025,13,52,1,13:52:01,456,Tahap-4
01/20/2025,13,52,1,13:52:01,479,Tahap-4
01/20/2025,13,52,1,13:52:01,485,Tahap-4
01/20/2025,13,52,1,13:52:01,741,Tahap-4
01/20/2025,13,52,2,13:52:02,82,Tahap-4
01/20/2025,13,52,2,13:52:02,114,Tahap-4
01/20/2025,13,52,2,13:52:02,79,Tahap-4
01/20/2025,13,52,2,13:52:02,86,Tahap-4
01/20/2025,13,52,2,13:52:02,115,Tahap-4
01/20/2025,13,52,2,13:52:02,8,Tahap-4
01/20/2025,13,52,2,13:52:02,53,Tahap-4
01/20/2025,13,52,2,13:52:02,149,Tahap-4
01/20/2025,13,52,2,13:52:02,193,Tahap-4
01/20/2025,13,52,2,13:52:02,34,Tahap-4
01/20/2025,13,52,3,13:52:03,40,Tahap-4
01/20/2025,13,52,3,13:52:03,35,Tahap-4
01/20/2025,13,52,3,13:52:03,123,Tahap-4
01/20/2025,13,52,3,13:52:03,304,Tahap-4
01/20/2025,13,52,3,13:52:03,215,Tahap-4
01/20/2025,13,52,3,13:52:03,107,Tahap-4
01/20/2025,13,52,3,13:52:03,152,Tahap-4
01/20/2025,13,52,3,13:52:03,249,Tahap-4
01/20/2025,13,52,3,13:52:03,110,Tahap-4
01/20/2025,13,52,3,13:52:03,160,Tahap-4
01/20/2025,13,52,4,13:52:04,156,Tahap-4
01/20/2025,13,52,4,13:52:04,200,Tahap-4
01/20/2025,13,52,4,13:52:04,74,Tahap-4
01/20/2025,13,52,4,13:52:04,59,Tahap-4
01/20/2025,13,52,4,13:52:04,174,Tahap-4
01/20/2025,13,52,4,13:52:04,115,Tahap-4
01/20/2025,13,52,4,13:52:04,158,Tahap-4
01/20/2025,13,52,4,13:52:04,28,Tahap-4
01/20/2025,13,52,4,13:52:04,95,Tahap-4
01/20/2025,13,52,4,13:52:04,38,Tahap-4
01/20/2025,13,52,5,13:52:05,7,Tahap-4
01/20/2025,13,52,5,13:52:05,33,Tahap-4
01/20/2025,13,52,5,13:52:05,23,Tahap-4
01/20/2025,13,52,5,13:52:05,514,Tahap-4
01/20/2025,13,52,5,13:52:05,159,Tahap-4
01/20/2025,13,52,5,13:52:05,51,Tahap-4
01/20/2025,13,52,5,13:52:05,136,Tahap-4
01/20/2025,13,52,5,13:52:05,181,Tahap-4
01/20/2025,13,52,5,13:52:05,98,Tahap-4
01/20/2025,13,52,5,13:52:05,48,Tahap-4
01/20/2025,13,52,6,13:52:06,109,Tahap-4
01/20/2025,13,52,6,13:52:06,36,Tahap-4
01/20/2025,13,52,6,13:52:06,66,Tahap-4
01/20/2025,13,52,6,13:52:06,72,Tahap-4
01/20/2025,13,52,6,13:52:06,53,Tahap-4
01/20/2025,13,52,6,13:52:06,106,Tahap-4
01/20/2025,13,52,6,13:52:06,150,Tahap-4
01/20/2025,13,52,6,13:52:06,220,Tahap-4
01/20/2025,13,52,6,13:52:06,123,Tahap-4
01/20/2025,13,52,6,13:52:06,26,Tahap-4
01/20/2025,13,52,7,13:52:07,28,Tahap-4
01/20/2025,13,52,7,13:52:07,57,Tahap-4
01/20/2025,13,52,7,13:52:07,72,Tahap-4
01/20/2025,13,52,7,13:52:07,118,Tahap-4
01/20/2025,13,52,7,13:52:07,238,Tahap-4
01/20/2025,13,52,7,13:52:07,280,Tahap-4
01/20/2025,13,52,7,13:52:07,81,Tahap-4
01/20/2025,13,52,7,13:52:07,350,Tahap-4
01/20/2025,13,52,7,13:52:07,275,Tahap-4
01/20/2025,13,52,7,13:52:07,190,Tahap-4
01/20/2025,13,52,8,13:52:08,1273,Tahap-4
01/20/2025,13,52,8,13:52:08,361,Tahap-4
01/20/2025,13,52,8,13:52:08,395,Tahap-4
01/20/2025,13,52,8,13:52:08,312,Tahap-4
01/20/2025,13,52,8,13:52:08,241,Tahap-4
01/20/2025,13,52,8,13:52:08,106,Tahap-4
01/20/2025,13,52,8,13:52:08,121,Tahap-4
01/20/2025,13,52,8,13:52:08,70,Tahap-4
01/20/2025,13,52,8,13:52:08,56,Tahap-4
01/20/2025,13,52,8,13:52:08,145,Tahap-4
01/20/2025,13,52,9,13:52:09,202,Tahap-4
01/20/2025,13,52,9,13:52:09,134,Tahap-4
01/20/2025,13,52,9,13:52:09,386,Tahap-4
01/20/2025,13,52,9,13:52:09,160,Tahap-4
01/20/2025,13,52,9,13:52:09,207,Tahap-4
01/20/2025,13,52,9,13:52:09,12,Tahap-4
01/20/2025,13,52,9,13:52:09,635,Tahap-4
01/20/2025,13,52,9,13:52:09,136,Tahap-4
01/20/2025,13,52,9,13:52:09,95,Tahap-4
01/20/2025,13,52,9,13:52:09,580,Tahap-4
01/20/2025,13,52,10,13:52:10,242,Tahap-4
01/20/2025,13,52,10,13:52:10,267,Tahap-4
01/20/2025,13,52,10,13:52:10,422,Tahap-4
01/20/2025,13,52,11,13:52:11,373,Tahap-4
01/20/2025,13,52,11,13:52:11,1777,Tahap-4
01/20/2025,13,52,11,13:52:11,70,Tahap-4
01/20/2025,13,52,11,13:52:11,623,Tahap-4
01/20/2025,13,52,11,13:52:11,90,Tahap-4
01/20/2025,13,52,11,13:52:11,127,Tahap-4
01/20/2025,13,52,11,13:52:11,177,Tahap-4
01/20/2025,13,52,11,13:52:11,244,Tahap-4
01/20/2025,13,52,11,13:52:11,173,Tahap-4
01/20/2025,13,52,11,13:52:11,136,Tahap-4
01/20/2025,13,52,11,13:52:11,17,Tahap-4
01/20/2025,13,52,11,13:52:11,38,Tahap-4
01/20/2025,13,52,11,13:52:11,304,Tahap-4
01/20/2025,13,52,11,13:52:11,163,Tahap-4
01/20/2025,13,52,11,13:52:11,241,Tahap-4
01/20/2025,13,52,11,13:52:11,94,Tahap-4
01/20/2025,13,52,11,13:52:11,365,Tahap-4
01/20/2025,13,52,12,13:52:12,619,Tahap-4
01/20/2025,13,52,12,13:52:12,249,Tahap-4
01/20/2025,13,52,12,13:52:12,254,Tahap-4
01/20/2025,13,52,12,13:52:12,335,Tahap-4
01/20/2025,13,52,12,13:52:12,242,Tahap-4
01/20/2025,13,52,12,13:52:12,395,Tahap-4
01/20/2025,13,52,12,13:52:12,544,Tahap-4
01/20/2025,13,52,12,13:52:12,688,Tahap-4
01/20/2025,13,52,12,13:52:12,477,Tahap-4
01/20/2025,13,52,12,13:52:12,228,Tahap-4
01/20/2025,13,52,13,13:52:13,680,Tahap-4
01/20/2025,13,52,13,13:52:13,387,Tahap-4
01/20/2025,13,52,13,13:52:13,243,Tahap-4
01/20/2025,13,52,13,13:52:13,305,Tahap-4
01/20/2025,13,52,13,13:52:13,295,Tahap-4
01/20/2025,13,52,13,13:52:13,489,Tahap-4
01/20/2025,13,52,13,13:52:13,83,Tahap-4
01/20/2025,13,52,13,13:52:13,506,Tahap-4
01/20/2025,13,52,13,13:52:13,-44,Tahap-4
01/20/2025,13,52,13,13:52:13,176,Tahap-4
01/20/2025,13,52,14,13:52:14,-88,Tahap-4
01/20/2025,13,52,14,13:52:14,80,Tahap-4
01/20/2025,13,52,14,13:52:14,164,Tahap-4
01/20/2025,13,52,14,13:52:14,40,Tahap-4
01/20/2025,13,52,14,13:52:14,112,Tahap-4
01/20/2025,13,52,14,13:52:14,40,Tahap-4
01/20/2025,13,52,14,13:52:14,184,Tahap-4
01/20/2025,13,52,14,13:52:14,-16,Tahap-4
01/20/2025,13,52,14,13:52:14,148,Tahap-4
01/20/2025,13,52,14,13:52:14,4,Tahap-4
01/20/2025,13,52,15,13:52:15,304,Tahap-4
01/20/2025,13,52,15,13:52:15,4,Tahap-4
01/20/2025,13,52,15,13:52:15,128,Tahap-4
01/20/2025,13,52,15,13:52:15,212,Tahap-4
01/20/2025,13,52,15,13:52:15,60,Tahap-4
01/20/2025,13,52,15,13:52:15,84,Tahap-4
01/20/2025,13,52,15,13:52:15,92,Tahap-4
01/20/2025,13,52,15,13:52:15,36,Tahap-4
01/20/2025,13,52,15,13:52:15,68,Tahap-4
01/20/2025,13,52,15,13:52:15,-12,Tahap-4
01/20/2025,13,52,16,13:52:16,-28,Tahap-4
01/20/2025,13,52,16,13:52:16,192,Tahap-4
01/20/2025,13,52,16,13:52:16,24,Tahap-4
01/20/2025,13,52,16,13:52:16,-56,Tahap-4
01/20/2025,13,52,16,13:52:16,128,Tahap-4
01/20/2025,13,52,16,13:52:16,-52,Tahap-4
01/20/2025,13,52,16,13:52:16,-80,Tahap-4
01/20/2025,13,52,16,13:52:16,36,Tahap-4
01/20/2025,13,52,16,13:52:16,36,Tahap-4
01/20/2025,13,52,16,13:52:16,-32,Tahap-4
01/20/2025,13,52,17,13:52:17,-8,Tahap-4
01/20/2025,13,52,17,13:52:17,-116,Tahap-4
01/20/2025,13,52,17,13:52:17,156,Tahap-4
01/20/2025,13,52,17,13:52:17,-92,Tahap-4
01/20/2025,13,52,17,13:52:17,116,Tahap-4
01/20/2025,13,52,17,13:52:17,24,Tahap-4
01/20/2025,13,52,17,13:52:17,92,Tahap-4
01/20/2025,13,52,17,13:52:17,-24,Tahap-4
01/20/2025,13,52,17,13:52:17,100,Tahap-4
01/20/2025,13,52,17,13:52:17,36,Tahap-4
01/20/2025,13,52,18,13:52:18,132,Tahap-4
01/20/2025,13,52,18,13:52:18,-24,Tahap-4
01/20/2025,13,52,18,13:52:18,56,Tahap-4
01/20/2025,13,52,18,13:52:18,172,Tahap-4
01/20/2025,13,52,18,13:52:18,-60,Tahap-4
01/20/2025,13,52,18,13:52:18,128,Tahap-4
01/20/2025,13,52,18,13:52:18,164,Tahap-4
01/20/2025,13,52,18,13:52:18,-40,Tahap-4
01/20/2025,13,52,18,13:52:18,72,Tahap-4
01/20/2025,13,52,18,13:52:18,40,Tahap-4
01/20/2025,13,52,19,13:52:19,-12,Tahap-4
01/20/2025,13,52,19,13:52:19,84,Tahap-4
01/20/2025,13,52,19,13:52:19,-32,Tahap-4
01/20/2025,13,52,19,13:52:19,-32,Tahap-4
01/20/2025,13,52,19,13:52:19,132,Tahap-4
01/20/2025,13,52,19,13:52:19,-132,Tahap-4
01/20/2025,13,52,19,13:52:19,40,Tahap-4
01/20/2025,13,52,19,13:52:19,96,Tahap-4
01/20/2025,13,52,19,13:52:19,24,Tahap-4
01/20/2025,13,52,19,13:52:19,-96,Tahap-4
01/20/2025,13,52,20,13:52:20,156,Tahap-4
01/20/2025,13,52,20,13:52:20,-48,Tahap-4
01/20/2025,13,52,20,13:52:20,136,Tahap-4
01/20/2025,13,52,20,13:52:20,-24,Tahap-4
01/20/2025,13,52,20,13:52:20,80,Tahap-4
01/20/2025,13,52,20,13:52:20,224,Tahap-4
01/20/2025,13,52,20,13:52:20,-132,Tahap-4
01/20/2025,13,52,20,13:52:20,144,Tahap-4
01/20/2025,13,52,20,13:52:20,140,Tahap-4
01/20/2025,13,52,20,13:52:20,64,Tahap-4
01/20/2025,13,52,21,13:52:21,88,Tahap-4
01/20/2025,13,52,21,13:52:21,120,Tahap-4
01/20/2025,13,52,21,13:52:21,28,Tahap-4
01/20/2025,13,52,21,13:52:21,28,Tahap-4
01/20/2025,13,52,21,13:52:21,-64,Tahap-4
01/20/2025,13,52,21,13:52:21,88,Tahap-4
01/20/2025,13,52,21,13:52:21,76,Tahap-4
01/20/2025,13,52,21,13:52:21,-44,Tahap-4
01/20/2025,13,52,21,13:52:21,28,Tahap-4
01/20/2025,13,52,21,13:52:21,8,Tahap-4
01/20/2025,13,52,22,13:52:22,-56,Tahap-4
01/20/2025,13,52,22,13:52:22,-4,Tahap-4
01/20/2025,13,52,22,13:52:22,-156,Tahap-4
01/20/2025,13,52,22,13:52:22,36,Tahap-4
01/20/2025,13,52,22,13:52:22,-48,Tahap-4
01/20/2025,13,52,22,13:52:22,-216,Tahap-4
01/20/2025,13,52,22,13:52:22,56,Tahap-4
01/20/2025,13,52,22,13:52:22,-60,Tahap-4
01/20/2025,13,52,22,13:52:22,-108,Tahap-4
01/20/2025,13,52,22,13:52:22,-92,Tahap-4
01/20/2025,13,52,23,13:52:23,36,Tahap-4
01/20/2025,13,52,23,13:52:23,-200,Tahap-4
01/20/2025,13,52,23,13:52:23,44,Tahap-4
01/20/2025,13,52,23,13:52:23,-164,Tahap-4
01/20/2025,13,52,23,13:52:23,56,Tahap-4
01/20/2025,13,52,23,13:52:23,-32,Tahap-4
01/20/2025,13,52,23,13:52:23,-196,Tahap-4
01/20/2025,13,52,23,13:52:23,-8,Tahap-4
01/20/2025,13,52,23,13:52:23,-68,Tahap-4
01/20/2025,13,52,23,13:52:23,12,Tahap-4
01/20/2025,13,52,24,13:52:24,-60,Tahap-4
01/20/2025,13,52,24,13:52:24,-12,Tahap-4
01/20/2025,13,52,24,13:52:24,4,Tahap-4
01/20/2025,13,52,24,13:52:24,-76,Tahap-4
01/20/2025,13,52,24,13:52:24,-100,Tahap-4
01/20/2025,13,52,24,13:52:24,120,Tahap-4
01/20/2025,13,52,24,13:52:24,-28,Tahap-4
01/20/2025,13,52,24,13:52:24,-160,Tahap-4
01/20/2025,13,52,24,13:52:24,80,Tahap-4
01/20/2025,13,52,24,13:52:24,-80,Tahap-4
01/20/2025,13,52,25,13:52:25,-72,Tahap-4
01/20/2025,13,52,25,13:52:25,104,Tahap-4
01/20/2025,13,52,25,13:52:25,-84,Tahap-4
01/20/2025,13,52,25,13:52:25,-4,Tahap-4
01/20/2025,13,52,25,13:52:25,-44,Tahap-4
01/20/2025,13,52,25,13:52:25,-132,Tahap-4
01/20/2025,13,52,25,13:52:25,168,Tahap-4
01/20/2025,13,52,25,13:52:25,-84,Tahap-4
01/20/2025,13,52,25,13:52:25,-24,Tahap-4
01/20/2025,13,52,26,13:52:26,16,Tahap-4
01/20/2025,13,52,26,13:52:26,-44,Tahap-4
01/20/2025,13,52,26,13:52:26,64,Tahap-4
01/20/2025,13,52,26,13:52:26,72,Tahap-4
01/20/2025,13,52,26,13:52:26,-60,Tahap-4
01/20/2025,13,52,26,13:52:26,-32,Tahap-4
01/20/2025,13,52,26,13:52:26,-44,Tahap-4
01/20/2025,13,52,51,13:52:51,4599,Tahap-4
01/20/2025,13,52,51,13:52:51,4138,Tahap-4
01/20/2025,13,52,51,13:52:51,3290,Tahap-4
01/20/2025,13,52,51,13:52:51,986,Tahap-4
01/20/2025,13,52,51,13:52:51,1819,Tahap-4
01/20/2025,13,52,51,13:52:51,554,Tahap-4
01/20/2025,13,52,51,13:52:51,759,Tahap-4
01/20/2025,13,52,51,13:52:51,854,Tahap-4
01/20/2025,13,52,51,13:52:51,745,Tahap-4
01/20/2025,13,52,51,13:52:51,826,Tahap-4
01/20/2025,13,52,52,13:52:52,699,Tahap-4
01/20/2025,13,52,52,13:52:52,164,Tahap-4
01/20/2025,13,52,52,13:52:52,127,Tahap-4
01/20/2025,13,52,52,13:52:52,490,Tahap-4
01/20/2025,13,52,52,13:52:52,206,Tahap-4
01/20/2025,13,52,52,13:52:52,274,Tahap-4
01/20/2025,13,52,52,13:52:52,249,Tahap-4
01/20/2025,13,52,52,13:52:52,155,Tahap-4
01/20/2025,13,52,52,13:52:52,337,Tahap-4
01/20/2025,13,52,52,13:52:52,157,Tahap-4
01/20/2025,13,52,53,13:52:53,259,Tahap-4
01/20/2025,13,52,53,13:52:53,286,Tahap-4
01/20/2025,13,52,53,13:52:53,132,Tahap-4
01/20/2025,13,52,53,13:52:53,236,Tahap-4
01/20/2025,13,52,53,13:52:53,227,Tahap-4
01/20/2025,13,52,53,13:52:53,214,Tahap-4
01/20/2025,13,52,53,13:52:53,316,Tahap-4
01/20/2025,13,52,53,13:52:53,159,Tahap-4
01/20/2025,13,52,53,13:52:53,51,Tahap-4
01/20/2025,13,52,53,13:52:53,102,Tahap-4
01/20/2025,13,52,54,13:52:54,269,Tahap-4
01/20/2025,13,52,54,13:52:54,193,Tahap-4
01/20/2025,13,52,54,13:52:54,94,Tahap-4
01/20/2025,13,52,54,13:52:54,189,Tahap-4
01/20/2025,13,52,54,13:52:54,125,Tahap-4
01/20/2025,13,52,54,13:52:54,267,Tahap-4
01/20/2025,13,52,54,13:52:54,44,Tahap-4
01/20/2025,13,52,54,13:52:54,132,Tahap-4
01/20/2025,13,52,54,13:52:54,157,Tahap-4
01/20/2025,13,52,54,13:52:54,213,Tahap-4
01/20/2025,13,52,55,13:52:55,50,Tahap-4
01/20/2025,13,52,55,13:52:55,221,Tahap-4
01/20/2025,13,52,55,13:52:55,383,Tahap-4
01/20/2025,13,52,55,13:52:55,161,Tahap-4
01/20/2025,13,52,55,13:52:55,106,Tahap-4
01/20/2025,13,52,55,13:52:55,277,Tahap-4
01/20/2025,13,52,55,13:52:55,258,Tahap-4
01/20/2025,13,52,55,13:52:55,110,Tahap-4
01/20/2025,13,52,55,13:52:55,233,Tahap-4
01/20/2025,13,52,55,13:52:55,139,Tahap-4
01/20/2025,13,52,56,13:52:56,191,Tahap-4
01/20/2025,13,52,56,13:52:56,151,Tahap-4
01/20/2025,13,52,56,13:52:56,101,Tahap-4
01/20/2025,13,52,56,13:52:56,70,Tahap-4
01/20/2025,13,52,56,13:52:56,17,Tahap-4
01/20/2025,13,52,56,13:52:56,218,Tahap-4
01/20/2025,13,52,56,13:52:56,76,Tahap-4
01/20/2025,13,52,56,13:52:56,227,Tahap-4
01/20/2025,13,52,56,13:52:56,149,Tahap-4
01/20/2025,13,52,56,13:52:56,209,Tahap-4
01/20/2025,13,52,57,13:52:57,100,Tahap-4
01/20/2025,13,52,57,13:52:57,105,Tahap-4
01/20/2025,13,52,57,13:52:57,207,Tahap-4
01/20/2025,13,52,57,13:52:57,238,Tahap-4
01/20/2025,13,52,57,13:52:57,194,Tahap-4
01/20/2025,13,52,57,13:52:57,220,Tahap-4
01/20/2025,13,52,57,13:52:57,246,Tahap-4
01/20/2025,13,52,57,13:52:57,27,Tahap-4
01/20/2025,13,52,57,13:52:57,197,Tahap-4
01/20/2025,13,52,57,13:52:57,796,Tahap-4
01/20/2025,13,52,58,13:52:58,1039,Tahap-4
01/20/2025,13,52,58,13:52:58,695,Tahap-4
01/20/2025,13,52,58,13:52:58,336,Tahap-4
01/20/2025,13,52,58,13:52:58,78,Tahap-4
01/20/2025,13,52,58,13:52:58,156,Tahap-4
01/20/2025,13,52,58,13:52:58,134,Tahap-4
01/20/2025,13,52,58,13:52:58,296,Tahap-4
01/20/2025,13,52,58,13:52:58,306,Tahap-4
01/20/2025,13,52,58,13:52:58,83,Tahap-4
01/20/2025,13,52,58,13:52:58,19,Tahap-4
01/20/2025,13,52,59,13:52:59,160,Tahap-4
01/20/2025,13,52,59,13:52:59,420,Tahap-4
01/20/2025,13,52,59,13:52:59,15,Tahap-4
01/20/2025,13,52,59,13:52:59,222,Tahap-4
01/20/2025,13,52,59,13:52:59,239,Tahap-4
01/20/2025,13,52,59,13:52:59,796,Tahap-4
01/20/2025,13,52,59,13:52:59,487,Tahap-4
01/20/2025,13,52,59,13:52:59,572,Tahap-4
01/20/2025,13,52,59,13:52:59,224,Tahap-4
01/20/2025,13,52,59,13:52:59,95,Tahap-4
01/20/2025,13,53,1,13:53:01,154,Tahap-4
01/20/2025,13,53,1,13:53:01,106,Tahap-4
01/20/2025,13,53,1,13:53:01,303,Tahap-4
01/20/2025,13,53,1,13:53:01,274,Tahap-4
01/20/2025,13,53,1,13:53:01,329,Tahap-4
01/20/2025,13,53,1,13:53:01,242,Tahap-4
01/20/2025,13,53,1,13:53:01,255,Tahap-4
01/20/2025,13,53,1,13:53:01,242,Tahap-4
01/20/2025,13,53,1,13:53:01,348,Tahap-4
01/20/2025,13,53,1,13:53:01,369,Tahap-4
01/20/2025,13,53,2,13:53:02,358,Tahap-4
01/20/2025,13,53,2,13:53:02,243,Tahap-4
01/20/2025,13,53,2,13:53:02,367,Tahap-4
01/20/2025,13,53,2,13:53:02,148,Tahap-4
01/20/2025,13,53,2,13:53:02,318,Tahap-4
01/20/2025,13,53,2,13:53:02,491,Tahap-4
01/20/2025,13,53,2,13:53:02,431,Tahap-4
01/20/2025,13,53,2,13:53:02,505,Tahap-4
01/20/2025,13,53,2,13:53:02,675,Tahap-4
01/20/2025,13,53,2,13:53:02,547,Tahap-4
01/20/2025,13,53,3,13:53:03,609,Tahap-4
01/20/2025,13,53,3,13:53:03,139,Tahap-4
01/20/2025,13,53,3,13:53:03,463,Tahap-4
01/20/2025,13,53,3,13:53:03,525,Tahap-4
01/20/2025,13,53,3,13:53:03,95,Tahap-4
01/20/2025,13,53,3,13:53:03,373,Tahap-4
01/20/2025,13,53,3,13:53:03,170,Tahap-4
01/20/2025,13,53,3,13:53:03,152,Tahap-4
01/20/2025,13,53,3,13:53:03,36,Tahap-4
01/20/2025,13,53,3,13:53:03,92,Tahap-4
01/20/2025,13,53,4,13:53:04,156,Tahap-4
01/20/2025,13,53,4,13:53:04,-12,Tahap-4
01/20/2025,13,53,4,13:53:04,120,Tahap-4
01/20/2025,13,53,4,13:53:04,-20,Tahap-4
01/20/2025,13,53,4,13:53:04,92,Tahap-4
01/20/2025,13,53,4,13:53:04,184,Tahap-4
01/20/2025,13,53,4,13:53:04,-40,Tahap-4
01/20/2025,13,53,4,13:53:04,88,Tahap-4
01/20/2025,13,53,4,13:53:04,88,Tahap-4
01/20/2025,13,53,4,13:53:04,64,Tahap-4
01/20/2025,13,53,5,13:53:05,16,Tahap-4
01/20/2025,13,53,5,13:53:05,200,Tahap-4
01/20/2025,13,53,5,13:53:05,24,Tahap-4
01/20/2025,13,53,5,13:53:05,72,Tahap-4
01/20/2025,13,53,5,13:53:05,20,Tahap-4
01/20/2025,13,53,5,13:53:05,204,Tahap-4
01/20/2025,13,53,5,13:53:05,-80,Tahap-4
01/20/2025,13,53,5,13:53:05,52,Tahap-4
01/20/2025,13,53,5,13:53:05,-8,Tahap-4
01/20/2025,13,53,6,13:53:06,64,Tahap-4
01/20/2025,13,53,6,13:53:06,-44,Tahap-4
01/20/2025,13,53,6,13:53:06,32,Tahap-4
01/20/2025,13,53,6,13:53:06,-60,Tahap-4
01/20/2025,13,53,6,13:53:06,-24,Tahap-4
01/20/2025,13,53,6,13:53:06,-176,Tahap-4
01/20/2025,13,53,6,13:53:06,164,Tahap-4
01/20/2025,13,53,6,13:53:06,-28,Tahap-4
01/20/2025,13,53,6,13:53:06,-76,Tahap-4
01/20/2025,13,53,6,13:53:06,92,Tahap-4
01/20/2025,13,53,7,13:53:07,72,Tahap-4
01/20/2025,13,53,7,13:53:07,-180,Tahap-4
01/20/2025,13,53,7,13:53:07,148,Tahap-4
01/20/2025,13,53,7,13:53:07,-56,Tahap-4
01/20/2025,13,53,7,13:53:07,-12,Tahap-4
01/20/2025,13,53,7,13:53:07,48,Tahap-4
01/20/2025,13,53,7,13:53:07,-116,Tahap-4
01/20/2025,13,53,7,13:53:07,132,Tahap-4
01/20/2025,13,53,7,13:53:07,-64,Tahap-4
01/20/2025,13,53,7,13:53:07,-104,Tahap-4
01/20/2025,13,53,8,13:53:08,-12,Tahap-4
01/20/2025,13,53,8,13:53:08,12,Tahap-4
01/20/2025,13,53,8,13:53:08,-48,Tahap-4
01/20/2025,13,53,8,13:53:08,-72,Tahap-4
01/20/2025,13,53,8,13:53:08,68,Tahap-4
01/20/2025,13,53,8,13:53:08,-116,Tahap-4
01/20/2025,13,53,8,13:53:08,-8,Tahap-4
01/20/2025,13,53,8,13:53:08,-104,Tahap-4
01/20/2025,13,53,8,13:53:08,196,Tahap-4
01/20/2025,13,53,8,13:53:08,-144,Tahap-4
01/20/2025,13,53,9,13:53:09,-84,Tahap-4
01/20/2025,13,53,9,13:53:09,-12,Tahap-4
01/20/2025,13,53,9,13:53:09,-28,Tahap-4
01/20/2025,13,53,9,13:53:09,28,Tahap-4
01/20/2025,13,53,9,13:53:09,-8,Tahap-4
01/20/2025,13,53,9,13:53:09,48,Tahap-4
01/20/2025,13,53,9,13:53:09,-48,Tahap-4
01/20/2025,13,53,9,13:53:09,40,Tahap-4
01/20/2025,13,53,9,13:53:09,160,Tahap-4
01/20/2025,13,53,10,13:53:10,68,Tahap-4
01/20/2025,13,53,10,13:53:10,200,Tahap-4
01/20/2025,13,53,11,13:53:11,44,Tahap-4
01/20/2025,13,53,11,13:53:11,188,Tahap-4
01/20/2025,13,53,11,13:53:11,260,Tahap-4
01/20/2025,13,53,11,13:53:11,248,Tahap-4
01/20/2025,13,53,11,13:53:11,264,Tahap-4
01/20/2025,13,53,11,13:53:11,248,Tahap-4
01/20/2025,13,53,11,13:53:11,232,Tahap-4
01/20/2025,13,53,11,13:53:11,488,Tahap-4
01/20/2025,13,53,11,13:53:11,252,Tahap-4
01/20/2025,13,53,11,13:53:11,368,Tahap-4
01/20/2025,13,53,11,13:53:11,492,Tahap-4
01/20/2025,13,53,11,13:53:11,400,Tahap-4
01/20/2025,13,53,11,13:53:11,356,Tahap-4
01/20/2025,13,53,11,13:53:11,456,Tahap-4
01/20/2025,13,53,11,13:53:11,400,Tahap-4
01/20/2025,13,53,11,13:53:11,288,Tahap-4
01/20/2025,13,53,11,13:53:11,292,Tahap-4
01/20/2025,13,53,12,13:53:12,196,Tahap-4
01/20/2025,13,53,12,13:53:12,344,Tahap-4
01/20/2025,13,53,12,13:53:12,136,Tahap-4
01/20/2025,13,53,12,13:53:12,296,Tahap-4
01/20/2025,13,53,12,13:53:12,196,Tahap-4
01/20/2025,13,53,12,13:53:12,184,Tahap-4
01/20/2025,13,53,12,13:53:12,124,Tahap-4
01/20/2025,13,53,12,13:53:12,168,Tahap-4
01/20/2025,13,53,12,13:53:12,104,Tahap-4
01/20/2025,13,53,12,13:53:12,76,Tahap-4
01/20/2025,13,53,13,13:53:13,-4,Tahap-4
01/20/2025,13,53,13,13:53:13,92,Tahap-4
01/20/2025,13,53,13,13:53:13,200,Tahap-4
01/20/2025,13,53,13,13:53:13,-60,Tahap-4
01/20/2025,13,53,13,13:53:13,196,Tahap-4
01/20/2025,13,53,13,13:53:13,188,Tahap-4
01/20/2025,13,53,13,13:53:13,24,Tahap-4
01/20/2025,13,53,13,13:53:13,92,Tahap-4
01/20/2025,13,53,13,13:53:13,128,Tahap-4
01/20/2025,13,53,13,13:53:13,44,Tahap-4
01/20/2025,13,53,14,13:53:14,228,Tahap-4
01/20/2025,13,53,14,13:53:14,4,Tahap-4
01/20/2025,13,53,14,13:53:14,140,Tahap-4
01/20/2025,13,53,14,13:53:14,124,Tahap-4
01/20/2025,13,53,14,13:53:14,-44,Tahap-4
01/20/2025,13,53,14,13:53:14,104,Tahap-4
01/20/2025,13,53,14,13:53:14,72,Tahap-4
01/20/2025,13,53,14,13:53:14,-68,Tahap-4
01/20/2025,13,53,14,13:53:14,-144,Tahap-4
01/20/2025,13,53,14,13:53:14,4,Tahap-4
01/20/2025,13,53,15,13:53:15,-228,Tahap-4
01/20/2025,13,53,15,13:53:15,-88,Tahap-4
01/20/2025,13,53,15,13:53:15,-300,Tahap-4
01/20/2025,13,53,15,13:53:15,-48,Tahap-4
01/20/2025,13,53,15,13:53:15,-212,Tahap-4
01/20/2025,13,53,15,13:53:15,-324,Tahap-4
01/20/2025,13,53,15,13:53:15,-132,Tahap-4
01/20/2025,13,53,15,13:53:15,-268,Tahap-4
01/20/2025,13,53,15,13:53:15,-244,Tahap-4
01/20/2025,13,53,15,13:53:15,-256,Tahap-4
01/20/2025,13,53,16,13:53:16,-212,Tahap-4
01/20/2025,13,53,16,13:53:16,-220,Tahap-4
01/20/2025,13,53,16,13:53:16,-240,Tahap-4
01/20/2025,13,53,16,13:53:16,-268,Tahap-4
01/20/2025,13,53,16,13:53:16,-52,Tahap-4
01/20/2025,13,53,16,13:53:16,-160,Tahap-4
01/20/2025,13,53,41,13:53:41,12532,Tahap-4
01/20/2025,13,53,41,13:53:41,2962,Tahap-4
01/20/2025,13,53,41,13:53:41,3854,Tahap-4
01/20/2025,13,53,41,13:53:41,742,Tahap-4
01/20/2025,13,53,41,13:53:41,1099,Tahap-4
01/20/2025,13,53,41,13:53:41,145,Tahap-4
01/20/2025,13,53,41,13:53:41,870,Tahap-4
01/20/2025,13,53,41,13:53:41,433,Tahap-4
01/20/2025,13,53,41,13:53:41,491,Tahap-4
01/20/2025,13,53,41,13:53:41,89,Tahap-4
01/20/2025,13,53,41,13:53:41,159,Tahap-4
01/20/2025,13,53,42,13:53:42,276,Tahap-4
01/20/2025,13,53,42,13:53:42,134,Tahap-4
01/20/2025,13,53,42,13:53:42,220,Tahap-4
01/20/2025,13,53,42,13:53:42,127,Tahap-4
01/20/2025,13,53,42,13:53:42,92,Tahap-4
01/20/2025,13,53,42,13:53:42,167,Tahap-4
01/20/2025,13,53,42,13:53:42,231,Tahap-4
01/20/2025,13,53,42,13:53:42,104,Tahap-4
01/20/2025,13,53,42,13:53:42,197,Tahap-4
01/20/2025,13,53,42,13:53:42,154,Tahap-4
01/20/2025,13,53,43,13:53:43,70,Tahap-4
01/20/2025,13,53,43,13:53:43,121,Tahap-4
01/20/2025,13,53,43,13:53:43,298,Tahap-4
01/20/2025,13,53,43,13:53:43,67,Tahap-4
01/20/2025,13,53,43,13:53:43,146,Tahap-4
01/20/2025,13,53,43,13:53:43,97,Tahap-4
01/20/2025,13,53,43,13:53:43,103,Tahap-4
01/20/2025,13,53,43,13:53:43,36,Tahap-4
01/20/2025,13,53,43,13:53:43,286,Tahap-4
01/20/2025,13,53,43,13:53:43,132,Tahap-4
01/20/2025,13,53,44,13:53:44,44,Tahap-4
01/20/2025,13,53,44,13:53:44,239,Tahap-4
01/20/2025,13,53,44,13:53:44,230,Tahap-4
01/20/2025,13,53,44,13:53:44,284,Tahap-4
01/20/2025,13,53,44,13:53:44,63,Tahap-4
01/20/2025,13,53,44,13:53:44,255,Tahap-4
01/20/2025,13,53,44,13:53:44,158,Tahap-4
01/20/2025,13,53,44,13:53:44,59,Tahap-4
01/20/2025,13,53,44,13:53:44,30,Tahap-4
01/20/2025,13,53,44,13:53:44,83,Tahap-4
01/20/2025,13,53,45,13:53:45,158,Tahap-4
01/20/2025,13,53,45,13:53:45,241,Tahap-4
01/20/2025,13,53,45,13:53:45,315,Tahap-4
01/20/2025,13,53,45,13:53:45,162,Tahap-4
01/20/2025,13,53,45,13:53:45,122,Tahap-4
01/20/2025,13,53,45,13:53:45,176,Tahap-4
01/20/2025,13,53,45,13:53:45,185,Tahap-4
01/20/2025,13,53,45,13:53:45,125,Tahap-4
01/20/2025,13,53,45,13:53:45,24,Tahap-4
01/20/2025,13,53,45,13:53:45,128,Tahap-4
01/20/2025,13,53,46,13:53:46,151,Tahap-4
01/20/2025,13,53,46,13:53:46,118,Tahap-4
01/20/2025,13,53,46,13:53:46,16,Tahap-4
01/20/2025,13,53,46,13:53:46,123,Tahap-4
01/20/2025,13,53,46,13:53:46,58,Tahap-4
01/20/2025,13,53,46,13:53:46,41,Tahap-4
01/20/2025,13,53,46,13:53:46,33,Tahap-4
01/20/2025,13,53,46,13:53:46,86,Tahap-4
01/20/2025,13,53,46,13:53:46,94,Tahap-4
01/20/2025,13,53,46,13:53:46,83,Tahap-4
01/20/2025,13,53,47,13:53:47,111,Tahap-4
01/20/2025,13,53,47,13:53:47,153,Tahap-4
01/20/2025,13,53,47,13:53:47,192,Tahap-4
01/20/2025,13,53,47,13:53:47,483,Tahap-4
01/20/2025,13,53,47,13:53:47,239,Tahap-4
01/20/2025,13,53,47,13:53:47,244,Tahap-4
01/20/2025,13,53,47,13:53:47,968,Tahap-4
01/20/2025,13,53,47,13:53:47,741,Tahap-4
01/20/2025,13,53,47,13:53:47,653,Tahap-4
01/20/2025,13,53,47,13:53:47,719,Tahap-4
01/20/2025,13,53,48,13:53:48,120,Tahap-4
01/20/2025,13,53,48,13:53:48,248,Tahap-4
01/20/2025,13,53,48,13:53:48,160,Tahap-4
01/20/2025,13,53,48,13:53:48,81,Tahap-4
01/20/2025,13,53,48,13:53:48,192,Tahap-4
01/20/2025,13,53,48,13:53:48,272,Tahap-4
01/20/2025,13,53,48,13:53:48,37,Tahap-4
01/20/2025,13,53,48,13:53:48,16,Tahap-4
01/20/2025,13,53,48,13:53:48,141,Tahap-4
01/20/2025,13,53,48,13:53:48,143,Tahap-4
01/20/2025,13,53,49,13:53:49,221,Tahap-4
01/20/2025,13,53,49,13:53:49,98,Tahap-4
01/20/2025,13,53,49,13:53:49,281,Tahap-4
01/20/2025,13,53,49,13:53:49,577,Tahap-4
01/20/2025,13,53,49,13:53:49,287,Tahap-4
01/20/2025,13,53,49,13:53:49,366,Tahap-4
01/20/2025,13,53,49,13:53:49,437,Tahap-4
01/20/2025,13,53,49,13:53:49,184,Tahap-4
01/20/2025,13,53,49,13:53:49,155,Tahap-4
01/20/2025,13,53,49,13:53:49,388,Tahap-4
01/20/2025,13,53,50,13:53:50,719,Tahap-4
01/20/2025,13,53,50,13:53:50,1500,Tahap-4
01/20/2025,13,53,50,13:53:50,866,Tahap-4
01/20/2025,13,53,50,13:53:50,408,Tahap-4
01/20/2025,13,53,50,13:53:50,383,Tahap-4
01/20/2025,13,53,50,13:53:50,120,Tahap-4
01/20/2025,13,53,50,13:53:50,104,Tahap-4
01/20/2025,13,53,50,13:53:50,180,Tahap-4
01/20/2025,13,53,50,13:53:50,235,Tahap-4
01/20/2025,13,53,50,13:53:50,82,Tahap-4
01/20/2025,13,53,51,13:53:51,122,Tahap-4
01/20/2025,13,53,51,13:53:51,49,Tahap-4
01/20/2025,13,53,51,13:53:51,153,Tahap-4
01/20/2025,13,53,51,13:53:51,190,Tahap-4
01/20/2025,13,53,51,13:53:51,128,Tahap-4
01/20/2025,13,53,51,13:53:51,166,Tahap-4
01/20/2025,13,53,51,13:53:51,247,Tahap-4
01/20/2025,13,53,51,13:53:51,346,Tahap-4
01/20/2025,13,53,51,13:53:51,420,Tahap-4
01/20/2025,13,53,51,13:53:51,266,Tahap-4
01/20/2025,13,53,52,13:53:52,397,Tahap-4
01/20/2025,13,53,52,13:53:52,304,Tahap-4
01/20/2025,13,53,52,13:53:52,354,Tahap-4
01/20/2025,13,53,52,13:53:52,155,Tahap-4
01/20/2025,13,53,52,13:53:52,91,Tahap-4
01/20/2025,13,53,52,13:53:52,1039,Tahap-4
01/20/2025,13,53,52,13:53:52,545,Tahap-4
01/20/2025,13,53,52,13:53:52,479,Tahap-4
01/20/2025,13,53,52,13:53:52,418,Tahap-4
01/20/2025,13,53,52,13:53:52,302,Tahap-4
01/20/2025,13,53,53,13:53:53,81,Tahap-4
01/20/2025,13,53,53,13:53:53,397,Tahap-4
01/20/2025,13,53,53,13:53:53,315,Tahap-4
01/20/2025,13,53,53,13:53:53,189,Tahap-4
01/20/2025,13,53,53,13:53:53,651,Tahap-4
01/20/2025,13,53,53,13:53:53,704,Tahap-4
01/20/2025,13,53,53,13:53:53,-30,Tahap-4
01/20/2025,13,53,53,13:53:53,62,Tahap-4
01/20/2025,13,53,53,13:53:53,-58,Tahap-4
01/20/2025,13,53,53,13:53:53,100,Tahap-4
01/20/2025,13,53,54,13:53:54,22,Tahap-4
01/20/2025,13,53,54,13:53:54,16,Tahap-4
01/20/2025,13,53,54,13:53:54,64,Tahap-4
01/20/2025,13,53,54,13:53:54,48,Tahap-4
01/20/2025,13,53,54,13:53:54,58,Tahap-4
01/20/2025,13,53,54,13:53:54,66,Tahap-4
01/20/2025,13,53,54,13:53:54,22,Tahap-4
01/20/2025,13,53,54,13:53:54,70,Tahap-4
01/20/2025,13,53,54,13:53:54,20,Tahap-4
01/20/2025,13,53,55,13:53:55,116,Tahap-4
01/20/2025,13,53,55,13:53:55,82,Tahap-4
01/20/2025,13,53,55,13:53:55,10,Tahap-4
01/20/2025,13,53,55,13:53:55,114,Tahap-4
01/20/2025,13,53,55,13:53:55,10,Tahap-4
01/20/2025,13,53,55,13:53:55,12,Tahap-4
01/20/2025,13,53,55,13:53:55,54,Tahap-4
01/20/2025,13,53,55,13:53:55,50,Tahap-4
01/20/2025,13,53,55,13:53:55,16,Tahap-4
01/20/2025,13,53,55,13:53:55,60,Tahap-4
01/20/2025,13,53,56,13:53:56,-36,Tahap-4
01/20/2025,13,53,56,13:53:56,92,Tahap-4
01/20/2025,13,53,56,13:53:56,-44,Tahap-4
01/20/2025,13,53,56,13:53:56,2,Tahap-4
01/20/2025,13,53,56,13:53:56,6,Tahap-4
01/20/2025,13,53,56,13:53:56,-8,Tahap-4
01/20/2025,13,53,56,13:53:56,-70,Tahap-4
01/20/2025,13,53,56,13:53:56,-12,Tahap-4
01/20/2025,13,53,56,13:53:56,-8,Tahap-4
01/20/2025,13,53,56,13:53:56,-24,Tahap-4
01/20/2025,13,53,57,13:53:57,-54,Tahap-4
01/20/2025,13,53,57,13:53:57,-68,Tahap-4
01/20/2025,13,53,57,13:53:57,38,Tahap-4
01/20/2025,13,53,57,13:53:57,-72,Tahap-4
01/20/2025,13,53,57,13:53:57,-46,Tahap-4
01/20/2025,13,53,57,13:53:57,52,Tahap-4
01/20/2025,13,53,57,13:53:57,-58,Tahap-4
01/20/2025,13,53,57,13:53:57,22,Tahap-4
01/20/2025,13,53,57,13:53:57,-42,Tahap-4
01/20/2025,13,53,57,13:53:57,14,Tahap-4
01/20/2025,13,53,58,13:53:58,-24,Tahap-4
01/20/2025,13,53,58,13:53:58,-8,Tahap-4
01/20/2025,13,53,58,13:53:58,-82,Tahap-4
01/20/2025,13,53,58,13:53:58,54,Tahap-4
01/20/2025,13,53,58,13:53:58,-88,Tahap-4
01/20/2025,13,53,58,13:53:58,-18,Tahap-4
01/20/2025,13,53,58,13:53:58,-4,Tahap-4
01/20/2025,13,53,58,13:53:58,-24,Tahap-4
01/20/2025,13,53,58,13:53:58,-108,Tahap-4
01/20/2025,13,53,58,13:53:58,-56,Tahap-4
01/20/2025,13,53,59,13:53:59,-118,Tahap-4
01/20/2025,13,53,59,13:53:59,-96,Tahap-4
01/20/2025,13,53,59,13:53:59,-152,Tahap-4
01/20/2025,13,53,59,13:53:59,-116,Tahap-4
01/20/2025,13,53,59,13:53:59,-92,Tahap-4
01/20/2025,13,53,59,13:53:59,-220,Tahap-4
01/20/2025,13,53,59,13:53:59,-152,Tahap-4
01/20/2025,13,53,59,13:53:59,-168,Tahap-4
01/20/2025,13,53,59,13:53:59,-208,Tahap-4
01/20/2025,13,53,59,13:53:59,-162,Tahap-4
01/20/2025,13,54,1,13:54:01,-280,Tahap-4
01/20/2025,13,54,1,13:54:01,-210,Tahap-4
01/20/2025,13,54,1,13:54:01,-302,Tahap-4
01/20/2025,13,54,1,13:54:01,-258,Tahap-4
01/20/2025,13,54,1,13:54:01,-314,Tahap-4
01/20/2025,13,54,1,13:54:01,-298,Tahap-4
01/20/2025,13,54,1,13:54:01,-212,Tahap-4
01/20/2025,13,54,1,13:54:01,-304,Tahap-4
01/20/2025,13,54,1,13:54:01,-302,Tahap-4
01/20/2025,13,54,1,13:54:01,-192,Tahap-4
01/20/2025,13,54,2,13:54:02,-308,Tahap-4
01/20/2025,13,54,2,13:54:02,-306,Tahap-4
01/20/2025,13,54,2,13:54:02,-274,Tahap-4
01/20/2025,13,54,2,13:54:02,-236,Tahap-4
01/20/2025,13,54,2,13:54:02,-322,Tahap-4
01/20/2025,13,54,2,13:54:02,-280,Tahap-4
01/20/2025,13,54,2,13:54:02,-312,Tahap-4
01/20/2025,13,54,2,13:54:02,-206,Tahap-4
01/20/2025,13,54,2,13:54:02,-334,Tahap-4
01/20/2025,13,54,2,13:54:02,-200,Tahap-4
01/20/2025,13,54,3,13:54:03,-282,Tahap-4
01/20/2025,13,54,3,13:54:03,-198,Tahap-4
01/20/2025,13,54,3,13:54:03,-302,Tahap-4
01/20/2025,13,54,3,13:54:03,-182,Tahap-4
01/20/2025,13,54,3,13:54:03,-276,Tahap-4
01/20/2025,13,54,3,13:54:03,-134,Tahap-4
01/20/2025,13,54,3,13:54:03,-312,Tahap-4
01/20/2025,13,54,3,13:54:03,-208,Tahap-4
01/20/2025,13,54,3,13:54:03,-140,Tahap-4
01/20/2025,13,54,3,13:54:03,-186,Tahap-4
01/20/2025,13,54,4,13:54:04,-188,Tahap-4
01/20/2025,13,54,4,13:54:04,-102,Tahap-4
01/20/2025,13,54,4,13:54:04,-176,Tahap-4
01/20/2025,13,54,4,13:54:04,-142,Tahap-4
01/20/2025,13,54,4,13:54:04,-146,Tahap-4
01/20/2025,13,54,4,13:54:04,-162,Tahap-4
01/20/2025,13,54,4,13:54:04,-18,Tahap-4
01/20/2025,13,54,4,13:54:04,-96,Tahap-4
01/20/2025,13,54,4,13:54:04,-170,Tahap-4
01/20/2025,13,54,4,13:54:04,-50,Tahap-4
01/20/2025,13,54,5,13:54:05,-100,Tahap-4
01/20/2025,13,54,5,13:54:05,-90,Tahap-4
01/20/2025,13,54,5,13:54:05,-90,Tahap-4
01/20/2025,13,54,5,13:54:05,-12,Tahap-4
01/20/2025,13,54,5,13:54:05,-110,Tahap-4
01/20/2025,13,54,5,13:54:05,-36,Tahap-4
01/20/2025,13,54,5,13:54:05,-114,Tahap-4
01/20/2025,13,54,5,13:54:05,10,Tahap-4
01/20/2025,13,54,5,13:54:05,-100,Tahap-4
01/20/2025,13,54,5,13:54:05,-92,Tahap-4
01/20/2025,13,54,6,13:54:06,-40,Tahap-4
01/20/2025,13,54,6,13:54:06,-40,Tahap-4
01/20/2025,13,54,6,13:54:06,-56,Tahap-4
01/20/2025,13,54,6,13:54:06,-68,Tahap-4
01/20/2025,13,54,6,13:54:06,-56,Tahap-4
01/20/2025,13,54,30,13:54:30,4718,Tahap-4
01/20/2025,13,54,30,13:54:30,2081,Tahap-4
01/20/2025,13,54,31,13:54:31,1003,Tahap-4
01/20/2025,13,54,31,13:54:31,1234,Tahap-4
01/20/2025,13,54,31,13:54:31,982,Tahap-4
01/20/2025,13,54,31,13:54:31,642,Tahap-4
01/20/2025,13,54,31,13:54:31,352,Tahap-4
01/20/2025,13,54,31,13:54:31,304,Tahap-4
01/20/2025,13,54,31,13:54:31,182,Tahap-4
01/20/2025,13,54,31,13:54:31,524,Tahap-4
01/20/2025,13,54,31,13:54:31,174,Tahap-4
01/20/2025,13,54,31,13:54:31,180,Tahap-4
01/20/2025,13,54,32,13:54:32,202,Tahap-4
01/20/2025,13,54,32,13:54:32,248,Tahap-4
01/20/2025,13,54,32,13:54:32,246,Tahap-4
01/20/2025,13,54,32,13:54:32,217,Tahap-4
01/20/2025,13,54,32,13:54:32,166,Tahap-4
01/20/2025,13,54,32,13:54:32,206,Tahap-4
01/20/2025,13,54,32,13:54:32,74,Tahap-4
01/20/2025,13,54,32,13:54:32,231,Tahap-4
01/20/2025,13,54,32,13:54:32,115,Tahap-4
01/20/2025,13,54,32,13:54:32,221,Tahap-4
01/20/2025,13,54,33,13:54:33,339,Tahap-4
01/20/2025,13,54,33,13:54:33,364,Tahap-4
01/20/2025,13,54,33,13:54:33,196,Tahap-4
01/20/2025,13,54,33,13:54:33,136,Tahap-4
01/20/2025,13,54,33,13:54:33,77,Tahap-4
01/20/2025,13,54,33,13:54:33,163,Tahap-4
01/20/2025,13,54,33,13:54:33,208,Tahap-4
01/20/2025,13,54,33,13:54:33,274,Tahap-4
01/20/2025,13,54,33,13:54:33,228,Tahap-4
01/20/2025,13,54,33,13:54:33,151,Tahap-4
01/20/2025,13,54,34,13:54:34,107,Tahap-4
01/20/2025,13,54,34,13:54:34,170,Tahap-4
01/20/2025,13,54,34,13:54:34,53,Tahap-4
01/20/2025,13,54,34,13:54:34,137,Tahap-4
01/20/2025,13,54,34,13:54:34,200,Tahap-4
01/20/2025,13,54,34,13:54:34,91,Tahap-4
01/20/2025,13,54,34,13:54:34,101,Tahap-4
01/20/2025,13,54,34,13:54:34,131,Tahap-4
01/20/2025,13,54,34,13:54:34,43,Tahap-4
01/20/2025,13,54,34,13:54:34,113,Tahap-4
01/20/2025,13,54,35,13:54:35,73,Tahap-4
01/20/2025,13,54,35,13:54:35,419,Tahap-4
01/20/2025,13,54,35,13:54:35,238,Tahap-4
01/20/2025,13,54,35,13:54:35,220,Tahap-4
01/20/2025,13,54,35,13:54:35,379,Tahap-4
01/20/2025,13,54,35,13:54:35,137,Tahap-4
01/20/2025,13,54,35,13:54:35,53,Tahap-4
01/20/2025,13,54,35,13:54:35,126,Tahap-4
01/20/2025,13,54,35,13:54:35,50,Tahap-4
01/20/2025,13,54,35,13:54:35,119,Tahap-4
01/20/2025,13,54,36,13:54:36,68,Tahap-4
01/20/2025,13,54,36,13:54:36,80,Tahap-4
01/20/2025,13,54,36,13:54:36,99,Tahap-4
01/20/2025,13,54,36,13:54:36,136,Tahap-4
01/20/2025,13,54,36,13:54:36,112,Tahap-4
01/20/2025,13,54,36,13:54:36,80,Tahap-4
01/20/2025,13,54,36,13:54:36,183,Tahap-4
01/20/2025,13,54,36,13:54:36,91,Tahap-4
01/20/2025,13,54,36,13:54:36,25,Tahap-4
01/20/2025,13,54,36,13:54:36,91,Tahap-4
01/20/2025,13,54,37,13:54:37,150,Tahap-4
01/20/2025,13,54,37,13:54:37,262,Tahap-4
01/20/2025,13,54,37,13:54:37,149,Tahap-4
01/20/2025,13,54,37,13:54:37,84,Tahap-4
01/20/2025,13,54,37,13:54:37,278,Tahap-4
01/20/2025,13,54,37,13:54:37,265,Tahap-4
01/20/2025,13,54,37,13:54:37,402,Tahap-4
01/20/2025,13,54,37,13:54:37,706,Tahap-4
01/20/2025,13,54,37,13:54:37,704,Tahap-4
01/20/2025,13,54,37,13:54:37,858,Tahap-4
01/20/2025,13,54,38,13:54:38,145,Tahap-4
01/20/2025,13,54,38,13:54:38,84,Tahap-4
01/20/2025,13,54,38,13:54:38,179,Tahap-4
01/20/2025,13,54,38,13:54:38,49,Tahap-4
01/20/2025,13,54,38,13:54:38,152,Tahap-4
01/20/2025,13,54,38,13:54:38,155,Tahap-4
01/20/2025,13,54,38,13:54:38,83,Tahap-4
01/20/2025,13,54,38,13:54:38,95,Tahap-4
01/20/2025,13,54,38,13:54:38,151,Tahap-4
01/20/2025,13,54,38,13:54:38,43,Tahap-4
01/20/2025,13,54,39,13:54:39,151,Tahap-4
01/20/2025,13,54,39,13:54:39,302,Tahap-4
01/20/2025,13,54,39,13:54:39,348,Tahap-4
01/20/2025,13,54,39,13:54:39,172,Tahap-4
01/20/2025,13,54,39,13:54:39,425,Tahap-4
01/20/2025,13,54,39,13:54:39,1006,Tahap-4
01/20/2025,13,54,39,13:54:39,480,Tahap-4
01/20/2025,13,54,39,13:54:39,218,Tahap-4
01/20/2025,13,54,39,13:54:39,294,Tahap-4
01/20/2025,13,54,39,13:54:39,514,Tahap-4
01/20/2025,13,54,40,13:54:40,274,Tahap-4
01/20/2025,13,54,40,13:54:40,597,Tahap-4
01/20/2025,13,54,40,13:54:40,683,Tahap-4
01/20/2025,13,54,41,13:54:41,1331,Tahap-4
01/20/2025,13,54,41,13:54:41,465,Tahap-4
01/20/2025,13,54,41,13:54:41,108,Tahap-4
01/20/2025,13,54,41,13:54:41,206,Tahap-4
01/20/2025,13,54,41,13:54:41,494,Tahap-4
01/20/2025,13,54,41,13:54:41,164,Tahap-4
01/20/2025,13,54,41,13:54:41,183,Tahap-4
01/20/2025,13,54,41,13:54:41,172,Tahap-4
01/20/2025,13,54,41,13:54:41,170,Tahap-4
01/20/2025,13,54,41,13:54:41,33,Tahap-4
01/20/2025,13,54,41,13:54:41,187,Tahap-4
01/20/2025,13,54,41,13:54:41,76,Tahap-4
01/20/2025,13,54,41,13:54:41,250,Tahap-4
01/20/2025,13,54,41,13:54:41,250,Tahap-4
01/20/2025,13,54,41,13:54:41,485,Tahap-4
01/20/2025,13,54,41,13:54:41,328,Tahap-4
01/20/2025,13,54,41,13:54:41,139,Tahap-4
01/20/2025,13,54,42,13:54:42,207,Tahap-4
01/20/2025,13,54,42,13:54:42,474,Tahap-4
01/20/2025,13,54,42,13:54:42,219,Tahap-4
01/20/2025,13,54,42,13:54:42,553,Tahap-4
01/20/2025,13,54,42,13:54:42,571,Tahap-4
01/20/2025,13,54,42,13:54:42,208,Tahap-4
01/20/2025,13,54,42,13:54:42,655,Tahap-4
01/20/2025,13,54,42,13:54:42,484,Tahap-4
01/20/2025,13,54,42,13:54:42,334,Tahap-4
01/20/2025,13,54,42,13:54:42,212,Tahap-4
01/20/2025,13,54,43,13:54:43,202,Tahap-4
01/20/2025,13,54,43,13:54:43,363,Tahap-4
01/20/2025,13,54,43,13:54:43,422,Tahap-4
01/20/2025,13,54,43,13:54:43,431,Tahap-4
01/20/2025,13,54,43,13:54:43,357,Tahap-4
01/20/2025,13,54,43,13:54:43,48,Tahap-4
01/20/2025,13,54,43,13:54:43,-48,Tahap-4
01/20/2025,13,54,43,13:54:43,-24,Tahap-4
01/20/2025,13,54,43,13:54:43,-36,Tahap-4
01/20/2025,13,54,43,13:54:43,48,Tahap-4
01/20/2025,13,54,44,13:54:44,-48,Tahap-4
01/20/2025,13,54,44,13:54:44,84,Tahap-4
01/20/2025,13,54,44,13:54:44,-208,Tahap-4
01/20/2025,13,54,44,13:54:44,120,Tahap-4
01/20/2025,13,54,44,13:54:44,-184,Tahap-4
01/20/2025,13,54,44,13:54:44,-84,Tahap-4
01/20/2025,13,54,44,13:54:44,120,Tahap-4
01/20/2025,13,54,44,13:54:44,-52,Tahap-4
01/20/2025,13,54,44,13:54:44,-100,Tahap-4
01/20/2025,13,54,44,13:54:44,20,Tahap-4
01/20/2025,13,54,45,13:54:45,-120,Tahap-4
01/20/2025,13,54,45,13:54:45,-112,Tahap-4
01/20/2025,13,54,45,13:54:45,-88,Tahap-4
01/20/2025,13,54,45,13:54:45,36,Tahap-4
01/20/2025,13,54,45,13:54:45,-168,Tahap-4
01/20/2025,13,54,45,13:54:45,-140,Tahap-4
01/20/2025,13,54,45,13:54:45,48,Tahap-4
01/20/2025,13,54,45,13:54:45,-32,Tahap-4
01/20/2025,13,54,45,13:54:45,-200,Tahap-4
01/20/2025,13,54,46,13:54:46,-4,Tahap-4
01/20/2025,13,54,46,13:54:46,-188,Tahap-4
01/20/2025,13,54,46,13:54:46,-4,Tahap-4
01/20/2025,13,54,46,13:54:46,-200,Tahap-4
01/20/2025,13,54,46,13:54:46,16,Tahap-4
01/20/2025,13,54,46,13:54:46,-24,Tahap-4
01/20/2025,13,54,46,13:54:46,-156,Tahap-4
01/20/2025,13,54,46,13:54:46,64,Tahap-4
01/20/2025,13,54,46,13:54:46,-100,Tahap-4
01/20/2025,13,54,46,13:54:46,20,Tahap-4
01/20/2025,13,54,47,13:54:47,-120,Tahap-4
01/20/2025,13,54,47,13:54:47,-88,Tahap-4
01/20/2025,13,54,47,13:54:47,-148,Tahap-4
01/20/2025,13,54,47,13:54:47,-60,Tahap-4
01/20/2025,13,54,47,13:54:47,-176,Tahap-4
01/20/2025,13,54,47,13:54:47,72,Tahap-4
01/20/2025,13,54,47,13:54:47,-64,Tahap-4
01/20/2025,13,54,47,13:54:47,-212,Tahap-4
01/20/2025,13,54,47,13:54:47,-100,Tahap-4
01/20/2025,13,54,48,13:54:48,-116,Tahap-4
01/20/2025,13,54,48,13:54:48,-60,Tahap-4
01/20/2025,13,54,48,13:54:48,-88,Tahap-4
01/20/2025,13,54,48,13:54:48,-80,Tahap-4
01/20/2025,13,54,48,13:54:48,-100,Tahap-4
01/20/2025,13,54,48,13:54:48,-256,Tahap-4
01/20/2025,13,54,48,13:54:48,56,Tahap-4
01/20/2025,13,54,48,13:54:48,-108,Tahap-4
01/20/2025,13,54,48,13:54:48,-240,Tahap-4
01/20/2025,13,54,48,13:54:48,32,Tahap-4
01/20/2025,13,54,49,13:54:49,-92,Tahap-4
01/20/2025,13,54,49,13:54:49,-164,Tahap-4
01/20/2025,13,54,49,13:54:49,-44,Tahap-4
01/20/2025,13,54,49,13:54:49,-100,Tahap-4
01/20/2025,13,54,49,13:54:49,-168,Tahap-4
01/20/2025,13,54,49,13:54:49,-36,Tahap-4
01/20/2025,13,54,49,13:54:49,-228,Tahap-4
01/20/2025,13,54,49,13:54:49,28,Tahap-4
01/20/2025,13,54,49,13:54:49,-164,Tahap-4
01/20/2025,13,54,49,13:54:49,-88,Tahap-4
01/20/2025,13,54,50,13:54:50,-44,Tahap-4
01/20/2025,13,54,50,13:54:50,-136,Tahap-4
01/20/2025,13,54,50,13:54:50,-160,Tahap-4
01/20/2025,13,54,50,13:54:50,-156,Tahap-4
01/20/2025,13,54,50,13:54:50,-76,Tahap-4
01/20/2025,13,54,50,13:54:50,-108,Tahap-4
01/20/2025,13,54,50,13:54:50,-228,Tahap-4
01/20/2025,13,54,50,13:54:50,-136,Tahap-4
01/20/2025,13,54,50,13:54:50,-100,Tahap-4
01/20/2025,13,54,50,13:54:50,-224,Tahap-4
01/20/2025,13,54,51,13:54:51,-40,Tahap-4
01/20/2025,13,54,51,13:54:51,-72,Tahap-4
01/20/2025,13,54,51,13:54:51,-236,Tahap-4
01/20/2025,13,54,51,13:54:51,-64,Tahap-4
01/20/2025,13,54,51,13:54:51,-180,Tahap-4
01/20/2025,13,54,51,13:54:51,-128,Tahap-4
01/20/2025,13,54,51,13:54:51,-48,Tahap-4
01/20/2025,13,54,51,13:54:51,-196,Tahap-4
01/20/2025,13,54,51,13:54:51,-60,Tahap-4
01/20/2025,13,54,51,13:54:51,-84,Tahap-4
01/20/2025,13,54,52,13:54:52,-252,Tahap-4
01/20/2025,13,54,52,13:54:52,-52,Tahap-4
01/20/2025,13,54,52,13:54:52,-24,Tahap-4
01/20/2025,13,54,52,13:54:52,-184,Tahap-4
01/20/2025,13,54,52,13:54:52,-108,Tahap-4
01/20/2025,13,54,52,13:54:52,-96,Tahap-4
01/20/2025,13,54,52,13:54:52,-160,Tahap-4
01/20/2025,13,54,52,13:54:52,-44,Tahap-4
01/20/2025,13,54,52,13:54:52,-256,Tahap-4
01/20/2025,13,54,52,13:54:52,-20,Tahap-4
01/20/2025,13,54,53,13:54:53,-184,Tahap-4
01/20/2025,13,54,53,13:54:53,-176,Tahap-4
01/20/2025,13,54,53,13:54:53,-108,Tahap-4
01/20/2025,13,54,53,13:54:53,-96,Tahap-4
01/20/2025,13,54,53,13:54:53,-172,Tahap-4
01/20/2025,13,54,53,13:54:53,-188,Tahap-4
01/20/2025,13,54,53,13:54:53,-164,Tahap-4
01/20/2025,13,54,53,13:54:53,-172,Tahap-4
01/20/2025,13,54,53,13:54:53,-208,Tahap-4
01/20/2025,13,54,53,13:54:53,-244,Tahap-4
01/20/2025,13,54,54,13:54:54,-68,Tahap-4
01/20/2025,13,54,54,13:54:54,-268,Tahap-4
01/20/2025,13,54,54,13:54:54,-208,Tahap-4
01/20/2025,13,54,54,13:54:54,-128,Tahap-4
01/20/2025,13,54,54,13:54:54,-200,Tahap-4
01/20/2025,13,54,54,13:54:54,-184,Tahap-4
01/20/2025,13,54,54,13:54:54,-192,Tahap-4
01/20/2025,13,54,54,13:54:54,-196,Tahap-4
01/20/2025,13,54,54,13:54:54,-152,Tahap-4
01/20/2025,13,54,54,13:54:54,-236,Tahap-4
01/20/2025,13,54,55,13:54:55,-180,Tahap-4
01/20/2025,13,54,55,13:54:55,-28,Tahap-4
01/20/2025,13,54,55,13:54:55,-252,Tahap-4
01/20/2025,13,54,55,13:54:55,-128,Tahap-4
01/20/2025,13,54,55,13:54:55,-56,Tahap-4
01/20/2025,13,54,55,13:54:55,-224,Tahap-4
01/20/2025,13,54,55,13:54:55,-100,Tahap-4
01/20/2025,13,54,55,13:54:55,-136,Tahap-4
01/20/2025,13,54,55,13:54:55,-168,Tahap-4
01/20/2025,13,54,55,13:54:55,-100,Tahap-4
01/20/2025,13,54,56,13:54:56,-196,Tahap-4
01/20/2025,13,54,56,13:54:56,-176,Tahap-4
01/20/2025,13,54,56,13:54:56,-20,Tahap-4
01/20/2025,13,54,56,13:54:56,-264,Tahap-4
01/20/2025,13,55,20,13:55:20,5233,Tahap-4
01/20/2025,13,55,20,13:55:20,1566,Tahap-4
01/20/2025,13,55,20,13:55:20,1133,Tahap-4
01/20/2025,13,55,21,13:55:21,992,Tahap-4
01/20/2025,13,55,21,13:55:21,1195,Tahap-4
01/20/2025,13,55,21,13:55:21,568,Tahap-4
01/20/2025,13,55,21,13:55:21,322,Tahap-4
01/20/2025,13,55,21,13:55:21,506,Tahap-4
01/20/2025,13,55,21,13:55:21,658,Tahap-4
01/20/2025,13,55,21,13:55:21,360,Tahap-4
01/20/2025,13,55,21,13:55:21,424,Tahap-4
01/20/2025,13,55,21,13:55:21,362,Tahap-4
01/20/2025,13,55,21,13:55:21,418,Tahap-4
01/20/2025,13,55,22,13:55:22,348,Tahap-4
01/20/2025,13,55,22,13:55:22,333,Tahap-4
01/20/2025,13,55,22,13:55:22,214,Tahap-4
01/20/2025,13,55,22,13:55:22,213,Tahap-4
01/20/2025,13,55,22,13:55:22,247,Tahap-4
01/20/2025,13,55,22,13:55:22,235,Tahap-4
01/20/2025,13,55,22,13:55:22,214,Tahap-4
01/20/2025,13,55,22,13:55:22,204,Tahap-4
01/20/2025,13,55,22,13:55:22,208,Tahap-4
01/20/2025,13,55,22,13:55:22,182,Tahap-4
01/20/2025,13,55,23,13:55:23,351,Tahap-4
01/20/2025,13,55,23,13:55:23,280,Tahap-4
01/20/2025,13,55,23,13:55:23,206,Tahap-4
01/20/2025,13,55,23,13:55:23,216,Tahap-4
01/20/2025,13,55,23,13:55:23,314,Tahap-4
01/20/2025,13,55,23,13:55:23,236,Tahap-4
01/20/2025,13,55,23,13:55:23,155,Tahap-4
01/20/2025,13,55,23,13:55:23,273,Tahap-4
01/20/2025,13,55,23,13:55:23,199,Tahap-4
01/20/2025,13,55,23,13:55:23,170,Tahap-4
01/20/2025,13,55,24,13:55:24,167,Tahap-4
01/20/2025,13,55,24,13:55:24,69,Tahap-4
01/20/2025,13,55,24,13:55:24,207,Tahap-4
01/20/2025,13,55,24,13:55:24,180,Tahap-4
01/20/2025,13,55,24,13:55:24,101,Tahap-4
01/20/2025,13,55,24,13:55:24,129,Tahap-4
01/20/2025,13,55,24,13:55:24,195,Tahap-4
01/20/2025,13,55,24,13:55:24,88,Tahap-4
01/20/2025,13,55,24,13:55:24,170,Tahap-4
01/20/2025,13,55,24,13:55:24,140,Tahap-4
01/20/2025,13,55,25,13:55:25,594,Tahap-4
01/20/2025,13,55,25,13:55:25,235,Tahap-4
01/20/2025,13,55,25,13:55:25,276,Tahap-4
01/20/2025,13,55,25,13:55:25,107,Tahap-4
01/20/2025,13,55,25,13:55:25,249,Tahap-4
01/20/2025,13,55,25,13:55:25,86,Tahap-4
01/20/2025,13,55,25,13:55:25,37,Tahap-4
01/20/2025,13,55,25,13:55:25,9,Tahap-4
01/20/2025,13,55,25,13:55:25,142,Tahap-4
01/20/2025,13,55,25,13:55:25,40,Tahap-4
01/20/2025,13,55,26,13:55:26,34,Tahap-4
01/20/2025,13,55,26,13:55:26,173,Tahap-4
01/20/2025,13,55,26,13:55:26,196,Tahap-4
01/20/2025,13,55,26,13:55:26,96,Tahap-4
01/20/2025,13,55,26,13:55:26,121,Tahap-4
01/20/2025,13,55,26,13:55:26,90,Tahap-4
01/20/2025,13,55,26,13:55:26,89,Tahap-4
01/20/2025,13,55,26,13:55:26,175,Tahap-4
01/20/2025,13,55,26,13:55:26,104,Tahap-4
01/20/2025,13,55,26,13:55:26,162,Tahap-4
01/20/2025,13,55,27,13:55:27,327,Tahap-4
01/20/2025,13,55,27,13:55:27,217,Tahap-4
01/20/2025,13,55,27,13:55:27,211,Tahap-4
01/20/2025,13,55,27,13:55:27,216,Tahap-4
01/20/2025,13,55,27,13:55:27,197,Tahap-4
01/20/2025,13,55,27,13:55:27,166,Tahap-4
01/20/2025,13,55,27,13:55:27,300,Tahap-4
01/20/2025,13,55,27,13:55:27,1319,Tahap-4
01/20/2025,13,55,27,13:55:27,362,Tahap-4
01/20/2025,13,55,27,13:55:27,235,Tahap-4
01/20/2025,13,55,28,13:55:28,285,Tahap-4
01/20/2025,13,55,28,13:55:28,228,Tahap-4
01/20/2025,13,55,28,13:55:28,112,Tahap-4
01/20/2025,13,55,28,13:55:28,170,Tahap-4
01/20/2025,13,55,28,13:55:28,231,Tahap-4
01/20/2025,13,55,28,13:55:28,203,Tahap-4
01/20/2025,13,55,28,13:55:28,77,Tahap-4
01/20/2025,13,55,28,13:55:28,161,Tahap-4
01/20/2025,13,55,28,13:55:28,32,Tahap-4
01/20/2025,13,55,28,13:55:28,150,Tahap-4
01/20/2025,13,55,29,13:55:29,43,Tahap-4
01/20/2025,13,55,29,13:55:29,164,Tahap-4
01/20/2025,13,55,29,13:55:29,183,Tahap-4
01/20/2025,13,55,29,13:55:29,85,Tahap-4
01/20/2025,13,55,29,13:55:29,536,Tahap-4
01/20/2025,13,55,29,13:55:29,627,Tahap-4
01/20/2025,13,55,29,13:55:29,128,Tahap-4
01/20/2025,13,55,29,13:55:29,20,Tahap-4
01/20/2025,13,55,29,13:55:29,68,Tahap-4
01/20/2025,13,55,29,13:55:29,68,Tahap-4
01/20/2025,13,55,30,13:55:30,579,Tahap-4
01/20/2025,13,55,30,13:55:30,1378,Tahap-4
01/20/2025,13,55,30,13:55:30,1005,Tahap-4
01/20/2025,13,55,30,13:55:30,1256,Tahap-4
01/20/2025,13,55,30,13:55:30,396,Tahap-4
01/20/2025,13,55,30,13:55:30,70,Tahap-4
01/20/2025,13,55,30,13:55:30,155,Tahap-4
01/20/2025,13,55,30,13:55:30,209,Tahap-4
01/20/2025,13,55,30,13:55:30,99,Tahap-4
01/20/2025,13,55,30,13:55:30,244,Tahap-4
01/20/2025,13,55,31,13:55:31,196,Tahap-4
01/20/2025,13,55,31,13:55:31,193,Tahap-4
01/20/2025,13,55,31,13:55:31,16,Tahap-4
01/20/2025,13,55,31,13:55:31,183,Tahap-4
01/20/2025,13,55,31,13:55:31,88,Tahap-4
01/20/2025,13,55,31,13:55:31,99,Tahap-4
01/20/2025,13,55,31,13:55:31,326,Tahap-4
01/20/2025,13,55,31,13:55:31,268,Tahap-4
01/20/2025,13,55,31,13:55:31,63,Tahap-4
01/20/2025,13,55,31,13:55:31,266,Tahap-4
01/20/2025,13,55,32,13:55:32,262,Tahap-4
01/20/2025,13,55,32,13:55:32,236,Tahap-4
01/20/2025,13,55,32,13:55:32,287,Tahap-4
01/20/2025,13,55,32,13:55:32,239,Tahap-4
01/20/2025,13,55,32,13:55:32,323,Tahap-4
01/20/2025,13,55,32,13:55:32,955,Tahap-4
01/20/2025,13,55,32,13:55:32,17,Tahap-4
01/20/2025,13,55,32,13:55:32,649,Tahap-4
01/20/2025,13,55,32,13:55:32,268,Tahap-4
01/20/2025,13,55,32,13:55:32,275,Tahap-4
01/20/2025,13,55,33,13:55:33,357,Tahap-4
01/20/2025,13,55,33,13:55:33,664,Tahap-4
01/20/2025,13,55,33,13:55:33,343,Tahap-4
01/20/2025,13,55,33,13:55:33,189,Tahap-4
01/20/2025,13,55,33,13:55:33,108,Tahap-4
01/20/2025,13,55,33,13:55:33,64,Tahap-4
01/20/2025,13,55,33,13:55:33,-120,Tahap-4
01/20/2025,13,55,33,13:55:33,152,Tahap-4
01/20/2025,13,55,33,13:55:33,40,Tahap-4
01/20/2025,13,55,33,13:55:33,-40,Tahap-4
01/20/2025,13,55,34,13:55:34,68,Tahap-4
01/20/2025,13,55,34,13:55:34,20,Tahap-4
01/20/2025,13,55,34,13:55:34,52,Tahap-4
01/20/2025,13,55,34,13:55:34,-84,Tahap-4
01/20/2025,13,55,34,13:55:34,80,Tahap-4
01/20/2025,13,55,34,13:55:34,52,Tahap-4
01/20/2025,13,55,34,13:55:34,-164,Tahap-4
01/20/2025,13,55,34,13:55:34,92,Tahap-4
01/20/2025,13,55,34,13:55:34,108,Tahap-4
01/20/2025,13,55,35,13:55:35,-24,Tahap-4
01/20/2025,13,55,35,13:55:35,68,Tahap-4
01/20/2025,13,55,35,13:55:35,-12,Tahap-4
01/20/2025,13,55,35,13:55:35,-96,Tahap-4
01/20/2025,13,55,35,13:55:35,44,Tahap-4
01/20/2025,13,55,35,13:55:35,-80,Tahap-4
01/20/2025,13,55,35,13:55:35,124,Tahap-4
01/20/2025,13,55,35,13:55:35,12,Tahap-4
01/20/2025,13,55,35,13:55:35,-108,Tahap-4
01/20/2025,13,55,35,13:55:35,28,Tahap-4
01/20/2025,13,55,36,13:55:36,20,Tahap-4
01/20/2025,13,55,36,13:55:36,-28,Tahap-4
01/20/2025,13,55,36,13:55:36,-92,Tahap-4
01/20/2025,13,55,36,13:55:36,-28,Tahap-4
01/20/2025,13,55,36,13:55:36,-72,Tahap-4
01/20/2025,13,55,36,13:55:36,-36,Tahap-4
01/20/2025,13,55,36,13:55:36,-112,Tahap-4
01/20/2025,13,55,36,13:55:36,92,Tahap-4
01/20/2025,13,55,36,13:55:36,-88,Tahap-4
01/20/2025,13,55,36,13:55:36,-68,Tahap-4
01/20/2025,13,55,37,13:55:37,-44,Tahap-4
01/20/2025,13,55,37,13:55:37,-76,Tahap-4
01/20/2025,13,55,37,13:55:37,-64,Tahap-4
01/20/2025,13,55,37,13:55:37,-68,Tahap-4
01/20/2025,13,55,37,13:55:37,-88,Tahap-4
01/20/2025,13,55,37,13:55:37,-24,Tahap-4
01/20/2025,13,55,37,13:55:37,-140,Tahap-4
01/20/2025,13,55,37,13:55:37,-84,Tahap-4
01/20/2025,13,55,37,13:55:37,52,Tahap-4
01/20/2025,13,55,37,13:55:37,-200,Tahap-4
01/20/2025,13,55,38,13:55:38,-32,Tahap-4
01/20/2025,13,55,38,13:55:38,8,Tahap-4
01/20/2025,13,55,38,13:55:38,-148,Tahap-4
01/20/2025,13,55,38,13:55:38,-56,Tahap-4
01/20/2025,13,55,38,13:55:38,12,Tahap-4
01/20/2025,13,55,38,13:55:38,-120,Tahap-4
01/20/2025,13,55,38,13:55:38,-56,Tahap-4
01/20/2025,13,55,38,13:55:38,-168,Tahap-4
01/20/2025,13,55,38,13:55:38,-116,Tahap-4
01/20/2025,13,55,38,13:55:38,4,Tahap-4
01/20/2025,13,55,39,13:55:39,-208,Tahap-4
01/20/2025,13,55,39,13:55:39,-52,Tahap-4
01/20/2025,13,55,39,13:55:39,-56,Tahap-4
01/20/2025,13,55,39,13:55:39,-180,Tahap-4
01/20/2025,13,55,39,13:55:39,-108,Tahap-4
01/20/2025,13,55,39,13:55:39,-60,Tahap-4
01/20/2025,13,55,39,13:55:39,-172,Tahap-4
01/20/2025,13,55,39,13:55:39,-48,Tahap-4
01/20/2025,13,55,39,13:55:39,-224,Tahap-4
01/20/2025,13,55,39,13:55:39,-160,Tahap-4
01/20/2025,13,55,40,13:55:40,-72,Tahap-4
01/20/2025,13,55,40,13:55:40,-244,Tahap-4
01/20/2025,13,55,40,13:55:40,-64,Tahap-4
01/20/2025,13,55,41,13:55:41,-108,Tahap-4
01/20/2025,13,55,41,13:55:41,-220,Tahap-4
01/20/2025,13,55,41,13:55:41,-236,Tahap-4
01/20/2025,13,55,41,13:55:41,-100,Tahap-4
01/20/2025,13,55,41,13:55:41,-184,Tahap-4
01/20/2025,13,55,41,13:55:41,-136,Tahap-4
01/20/2025,13,55,41,13:55:41,-220,Tahap-4
01/20/2025,13,55,41,13:55:41,-72,Tahap-4
01/20/2025,13,55,41,13:55:41,-204,Tahap-4
01/20/2025,13,55,41,13:55:41,-176,Tahap-4
01/20/2025,13,55,41,13:55:41,-52,Tahap-4
01/20/2025,13,55,41,13:55:41,-120,Tahap-4
01/20/2025,13,55,41,13:55:41,-152,Tahap-4
01/20/2025,13,55,41,13:55:41,-140,Tahap-4
01/20/2025,13,55,41,13:55:41,-168,Tahap-4
01/20/2025,13,55,41,13:55:41,-108,Tahap-4
01/20/2025,13,55,41,13:55:41,-152,Tahap-4
01/20/2025,13,55,42,13:55:42,-220,Tahap-4
01/20/2025,13,55,42,13:55:42,36,Tahap-4
01/20/2025,13,55,42,13:55:42,-340,Tahap-4
01/20/2025,13,55,42,13:55:42,-152,Tahap-4
01/20/2025,13,55,42,13:55:42,-8,Tahap-4
01/20/2025,13,55,42,13:55:42,-200,Tahap-4
01/20/2025,13,55,42,13:55:42,-200,Tahap-4
01/20/2025,13,55,42,13:55:42,-140,Tahap-4
01/20/2025,13,55,42,13:55:42,-268,Tahap-4
01/20/2025,13,55,42,13:55:42,-104,Tahap-4
01/20/2025,13,55,43,13:55:43,-256,Tahap-4
01/20/2025,13,55,43,13:55:43,-208,Tahap-4
01/20/2025,13,55,43,13:55:43,-104,Tahap-4
01/20/2025,13,55,43,13:55:43,-364,Tahap-4
01/20/2025,13,55,43,13:55:43,-160,Tahap-4
01/20/2025,13,55,43,13:55:43,-96,Tahap-4
01/20/2025,13,55,43,13:55:43,-200,Tahap-4
01/20/2025,13,55,43,13:55:43,-284,Tahap-4
01/20/2025,13,55,43,13:55:43,-168,Tahap-4
01/20/2025,13,55,43,13:55:43,-276,Tahap-4
01/20/2025,13,55,44,13:55:44,-144,Tahap-4
01/20/2025,13,55,44,13:55:44,-344,Tahap-4
01/20/2025,13,55,44,13:55:44,-64,Tahap-4
01/20/2025,13,55,44,13:55:44,-228,Tahap-4
01/20/2025,13,55,44,13:55:44,-284,Tahap-4
01/20/2025,13,55,44,13:55:44,-160,Tahap-4
01/20/2025,13,55,44,13:55:44,-172,Tahap-4
01/20/2025,13,55,44,13:55:44,-188,Tahap-4
01/20/2025,13,55,44,13:55:44,-216,Tahap-4
01/20/2025,13,55,44,13:55:44,-212,Tahap-4
01/20/2025,13,55,45,13:55:45,-244,Tahap-4
01/20/2025,13,55,45,13:55:45,-228,Tahap-4
01/20/2025,13,55,45,13:55:45,-304,Tahap-4
01/20/2025,13,55,45,13:55:45,-44,Tahap-4
01/20/2025,13,55,45,13:55:45,-360,Tahap-4
01/20/2025,13,55,45,13:55:45,-180,Tahap-4
01/20/2025,13,55,45,13:55:45,-176,Tahap-4
01/20/2025,13,55,45,13:55:45,-280,Tahap-4
01/20/2025,13,55,45,13:55:45,-300,Tahap-4
01/20/2025,13,55,45,13:55:45,-164,Tahap-4
01/20/2025,13,55,46,13:55:46,-424,Tahap-4
01/20/2025,13,55,46,13:55:46,-148,Tahap-4
01/20/2025,13,55,46,13:55:46,-448,Tahap-4
01/20/2025,13,56,11,13:56:11,2725,Tahap-4
01/20/2025,13,56,11,13:56:11,446,Tahap-4
01/20/2025,13,56,11,13:56:11,183,Tahap-4
01/20/2025,13,56,11,13:56:11,134,Tahap-4
01/20/2025,13,56,11,13:56:11,203,Tahap-4
01/20/2025,13,56,11,13:56:11,176,Tahap-4
01/20/2025,13,56,11,13:56:11,62,Tahap-4
01/20/2025,13,56,11,13:56:11,358,Tahap-4
01/20/2025,13,56,11,13:56:11,29,Tahap-4
01/20/2025,13,56,11,13:56:11,106,Tahap-4
01/20/2025,13,56,11,13:56:11,53,Tahap-4
01/20/2025,13,56,11,13:56:11,167,Tahap-4
01/20/2025,13,56,11,13:56:11,142,Tahap-4
01/20/2025,13,56,12,13:56:12,138,Tahap-4
01/20/2025,13,56,12,13:56:12,264,Tahap-4
01/20/2025,13,56,12,13:56:12,15,Tahap-4
01/20/2025,13,56,12,13:56:12,75,Tahap-4
01/20/2025,13,56,12,13:56:12,139,Tahap-4
01/20/2025,13,56,12,13:56:12,122,Tahap-4
01/20/2025,13,56,12,13:56:12,13,Tahap-4
01/20/2025,13,56,12,13:56:12,210,Tahap-4
01/20/2025,13,56,12,13:56:12,184,Tahap-4
01/20/2025,13,56,12,13:56:12,203,Tahap-4
01/20/2025,13,56,13,13:56:13,171,Tahap-4
01/20/2025,13,56,13,13:56:13,131,Tahap-4
01/20/2025,13,56,13,13:56:13,83,Tahap-4
01/20/2025,13,56,13,13:56:13,90,Tahap-4
01/20/2025,13,56,13,13:56:13,100,Tahap-4
01/20/2025,13,56,13,13:56:13,178,Tahap-4
01/20/2025,13,56,13,13:56:13,193,Tahap-4
01/20/2025,13,56,13,13:56:13,183,Tahap-4
01/20/2025,13,56,13,13:56:13,46,Tahap-4
01/20/2025,13,56,13,13:56:13,158,Tahap-4
01/20/2025,13,56,13,13:56:13,189,Tahap-4
01/20/2025,13,56,14,13:56:14,170,Tahap-4
01/20/2025,13,56,14,13:56:14,121,Tahap-4
01/20/2025,13,56,14,13:56:14,107,Tahap-4
01/20/2025,13,56,14,13:56:14,68,Tahap-4
01/20/2025,13,56,14,13:56:14,39,Tahap-4
01/20/2025,13,56,14,13:56:14,169,Tahap-4
01/20/2025,13,56,14,13:56:14,82,Tahap-4
01/20/2025,13,56,14,13:56:14,111,Tahap-4
01/20/2025,13,56,14,13:56:14,166,Tahap-4
01/20/2025,13,56,14,13:56:14,632,Tahap-4
01/20/2025,13,56,15,13:56:15,397,Tahap-4
01/20/2025,13,56,15,13:56:15,326,Tahap-4
01/20/2025,13,56,15,13:56:15,295,Tahap-4
01/20/2025,13,56,15,13:56:15,33,Tahap-4
01/20/2025,13,56,15,13:56:15,96,Tahap-4
01/20/2025,13,56,15,13:56:15,124,Tahap-4
01/20/2025,13,56,15,13:56:15,111,Tahap-4
01/20/2025,13,56,15,13:56:15,50,Tahap-4
01/20/2025,13,56,15,13:56:15,117,Tahap-4
01/20/2025,13,56,15,13:56:15,33,Tahap-4
01/20/2025,13,56,16,13:56:16,209,Tahap-4
01/20/2025,13,56,16,13:56:16,80,Tahap-4
01/20/2025,13,56,16,13:56:16,156,Tahap-4
01/20/2025,13,56,16,13:56:16,98,Tahap-4
01/20/2025,13,56,16,13:56:16,72,Tahap-4
01/20/2025,13,56,16,13:56:16,122,Tahap-4
01/20/2025,13,56,16,13:56:16,13,Tahap-4
01/20/2025,13,56,16,13:56:16,164,Tahap-4
01/20/2025,13,56,16,13:56:16,127,Tahap-4
01/20/2025,13,56,16,13:56:16,265,Tahap-4
01/20/2025,13,56,17,13:56:17,112,Tahap-4
01/20/2025,13,56,17,13:56:17,81,Tahap-4
01/20/2025,13,56,17,13:56:17,431,Tahap-4
01/20/2025,13,56,17,13:56:17,657,Tahap-4
01/20/2025,13,56,17,13:56:17,299,Tahap-4
01/20/2025,13,56,17,13:56:17,556,Tahap-4
01/20/2025,13,56,17,13:56:17,905,Tahap-4
01/20/2025,13,56,17,13:56:17,1129,Tahap-4
01/20/2025,13,56,17,13:56:17,147,Tahap-4
01/20/2025,13,56,17,13:56:17,220,Tahap-4
01/20/2025,13,56,18,13:56:18,114,Tahap-4
01/20/2025,13,56,18,13:56:18,20,Tahap-4
01/20/2025,13,56,18,13:56:18,58,Tahap-4
01/20/2025,13,56,18,13:56:18,94,Tahap-4
01/20/2025,13,56,18,13:56:18,12,Tahap-4
01/20/2025,13,56,18,13:56:18,39,Tahap-4
01/20/2025,13,56,18,13:56:18,8,Tahap-4
01/20/2025,13,56,18,13:56:18,216,Tahap-4
01/20/2025,13,56,18,13:56:18,250,Tahap-4
01/20/2025,13,56,18,13:56:18,126,Tahap-4
01/20/2025,13,56,19,13:56:19,279,Tahap-4
01/20/2025,13,56,19,13:56:19,297,Tahap-4
01/20/2025,13,56,19,13:56:19,144,Tahap-4
01/20/2025,13,56,19,13:56:19,578,Tahap-4
01/20/2025,13,56,19,13:56:19,653,Tahap-4
01/20/2025,13,56,19,13:56:19,309,Tahap-4
01/20/2025,13,56,19,13:56:19,460,Tahap-4
01/20/2025,13,56,19,13:56:19,692,Tahap-4
01/20/2025,13,56,19,13:56:19,974,Tahap-4
01/20/2025,13,56,19,13:56:19,968,Tahap-4
01/20/2025,13,56,20,13:56:20,1007,Tahap-4
01/20/2025,13,56,20,13:56:20,1264,Tahap-4
01/20/2025,13,56,20,13:56:20,946,Tahap-4
01/20/2025,13,56,20,13:56:20,500,Tahap-4
01/20/2025,13,56,20,13:56:20,214,Tahap-4
01/20/2025,13,56,20,13:56:20,224,Tahap-4
01/20/2025,13,56,20,13:56:20,219,Tahap-4
01/20/2025,13,56,20,13:56:20,64,Tahap-4
01/20/2025,13,56,20,13:56:20,67,Tahap-4
01/20/2025,13,56,20,13:56:20,78,Tahap-4
01/20/2025,13,56,21,13:56:21,114,Tahap-4
01/20/2025,13,56,21,13:56:21,193,Tahap-4
01/20/2025,13,56,21,13:56:21,209,Tahap-4
01/20/2025,13,56,21,13:56:21,147,Tahap-4
01/20/2025,13,56,21,13:56:21,147,Tahap-4
01/20/2025,13,56,21,13:56:21,114,Tahap-4
01/20/2025,13,56,21,13:56:21,257,Tahap-4
01/20/2025,13,56,21,13:56:21,452,Tahap-4
01/20/2025,13,56,21,13:56:21,580,Tahap-4
01/20/2025,13,56,21,13:56:21,319,Tahap-4
01/20/2025,13,56,22,13:56:22,90,Tahap-4
01/20/2025,13,56,22,13:56:22,589,Tahap-4
01/20/2025,13,56,22,13:56:22,645,Tahap-4
01/20/2025,13,56,22,13:56:22,524,Tahap-4
01/20/2025,13,56,22,13:56:22,814,Tahap-4
01/20/2025,13,56,22,13:56:22,496,Tahap-4
01/20/2025,13,56,22,13:56:22,409,Tahap-4
01/20/2025,13,56,22,13:56:22,378,Tahap-4
01/20/2025,13,56,22,13:56:22,394,Tahap-4
01/20/2025,13,56,22,13:56:22,247,Tahap-4
01/20/2025,13,56,23,13:56:23,251,Tahap-4
01/20/2025,13,56,23,13:56:23,137,Tahap-4
01/20/2025,13,56,23,13:56:23,227,Tahap-4
01/20/2025,13,56,23,13:56:23,-152,Tahap-4
01/20/2025,13,56,23,13:56:23,48,Tahap-4
01/20/2025,13,56,23,13:56:23,-176,Tahap-4
01/20/2025,13,56,23,13:56:23,-84,Tahap-4
01/20/2025,13,56,23,13:56:23,-24,Tahap-4
01/20/2025,13,56,23,13:56:23,-176,Tahap-4
01/20/2025,13,56,23,13:56:23,-104,Tahap-4
01/20/2025,13,56,24,13:56:24,-48,Tahap-4
01/20/2025,13,56,24,13:56:24,-64,Tahap-4
01/20/2025,13,56,24,13:56:24,48,Tahap-4
01/20/2025,13,56,24,13:56:24,-196,Tahap-4
01/20/2025,13,56,24,13:56:24,-60,Tahap-4
01/20/2025,13,56,24,13:56:24,40,Tahap-4
01/20/2025,13,56,24,13:56:24,-244,Tahap-4
01/20/2025,13,56,24,13:56:24,40,Tahap-4
01/20/2025,13,56,24,13:56:24,80,Tahap-4
01/20/2025,13,56,24,13:56:24,-168,Tahap-4
01/20/2025,13,56,25,13:56:25,24,Tahap-4
01/20/2025,13,56,25,13:56:25,-44,Tahap-4
01/20/2025,13,56,25,13:56:25,-108,Tahap-4
01/20/2025,13,56,25,13:56:25,100,Tahap-4
01/20/2025,13,56,25,13:56:25,-220,Tahap-4
01/20/2025,13,56,25,13:56:25,-4,Tahap-4
01/20/2025,13,56,25,13:56:25,-152,Tahap-4
01/20/2025,13,56,25,13:56:25,36,Tahap-4
01/20/2025,13,56,25,13:56:25,28,Tahap-4
01/20/2025,13,56,26,13:56:26,-180,Tahap-4
01/20/2025,13,56,26,13:56:26,-92,Tahap-4
01/20/2025,13,56,26,13:56:26,20,Tahap-4
01/20/2025,13,56,26,13:56:26,-120,Tahap-4
01/20/2025,13,56,26,13:56:26,48,Tahap-4
01/20/2025,13,56,26,13:56:26,-188,Tahap-4
01/20/2025,13,56,26,13:56:26,124,Tahap-4
01/20/2025,13,56,26,13:56:26,-124,Tahap-4
01/20/2025,13,56,26,13:56:26,-64,Tahap-4
01/20/2025,13,56,26,13:56:26,4,Tahap-4
01/20/2025,13,56,27,13:56:27,16,Tahap-4
01/20/2025,13,56,27,13:56:27,-96,Tahap-4
01/20/2025,13,56,27,13:56:27,12,Tahap-4
01/20/2025,13,56,27,13:56:27,-48,Tahap-4
01/20/2025,13,56,27,13:56:27,4,Tahap-4
01/20/2025,13,56,27,13:56:27,-96,Tahap-4
01/20/2025,13,56,27,13:56:27,-84,Tahap-4
01/20/2025,13,56,27,13:56:27,108,Tahap-4
01/20/2025,13,56,27,13:56:27,-152,Tahap-4
01/20/2025,13,56,27,13:56:27,-8,Tahap-4
01/20/2025,13,56,28,13:56:28,16,Tahap-4
01/20/2025,13,56,28,13:56:28,-48,Tahap-4
01/20/2025,13,56,28,13:56:28,16,Tahap-4
01/20/2025,13,56,28,13:56:28,-28,Tahap-4
01/20/2025,13,56,28,13:56:28,-20,Tahap-4
01/20/2025,13,56,28,13:56:28,20,Tahap-4
01/20/2025,13,56,28,13:56:28,-80,Tahap-4
01/20/2025,13,56,28,13:56:28,-32,Tahap-4
01/20/2025,13,56,28,13:56:28,108,Tahap-4
01/20/2025,13,56,28,13:56:28,-124,Tahap-4
01/20/2025,13,56,29,13:56:29,44,Tahap-4
01/20/2025,13,56,29,13:56:29,72,Tahap-4
01/20/2025,13,56,29,13:56:29,-108,Tahap-4
01/20/2025,13,56,29,13:56:29,12,Tahap-4
01/20/2025,13,56,29,13:56:29,32,Tahap-4
01/20/2025,13,56,29,13:56:29,-60,Tahap-4
01/20/2025,13,56,29,13:56:29,80,Tahap-4
01/20/2025,13,56,29,13:56:29,-124,Tahap-4
01/20/2025,13,56,29,13:56:29,68,Tahap-4
01/20/2025,13,56,29,13:56:29,80,Tahap-4
01/20/2025,13,56,30,13:56:30,-88,Tahap-4
01/20/2025,13,56,30,13:56:30,136,Tahap-4
01/20/2025,13,56,30,13:56:30,68,Tahap-4
01/20/2025,13,56,30,13:56:30,-36,Tahap-4
01/20/2025,13,56,30,13:56:30,-36,Tahap-4
01/20/2025,13,56,30,13:56:30,108,Tahap-4
01/20/2025,13,56,30,13:56:30,72,Tahap-4
01/20/2025,13,56,30,13:56:30,-76,Tahap-4
01/20/2025,13,56,30,13:56:30,144,Tahap-4
01/20/2025,13,56,31,13:56:31,8,Tahap-4
01/20/2025,13,56,31,13:56:31,108,Tahap-4
01/20/2025,13,56,31,13:56:31,88,Tahap-4
01/20/2025,13,56,31,13:56:31,20,Tahap-4
01/20/2025,13,56,31,13:56:31,84,Tahap-4
01/20/2025,13,56,31,13:56:31,8,Tahap-4
01/20/2025,13,56,31,13:56:31,104,Tahap-4
01/20/2025,13,56,31,13:56:31,12,Tahap-4
01/20/2025,13,56,31,13:56:31,-28,Tahap-4
01/20/2025,13,56,32,13:56:32,168,Tahap-4
01/20/2025,13,56,32,13:56:32,-148,Tahap-4
01/20/2025,13,56,32,13:56:32,96,Tahap-4
01/20/2025,13,56,32,13:56:32,144,Tahap-4
01/20/2025,13,56,32,13:56:32,-44,Tahap-4
01/20/2025,13,56,32,13:56:32,28,Tahap-4
01/20/2025,13,56,32,13:56:32,40,Tahap-4
01/20/2025,13,56,32,13:56:32,-32,Tahap-4
01/20/2025,13,56,32,13:56:32,108,Tahap-4
01/20/2025,13,56,32,13:56:32,36,Tahap-4
01/20/2025,13,56,33,13:56:33,24,Tahap-4
01/20/2025,13,56,33,13:56:33,176,Tahap-4
01/20/2025,13,56,33,13:56:33,-72,Tahap-4
01/20/2025,13,56,33,13:56:33,72,Tahap-4
01/20/2025,13,56,33,13:56:33,232,Tahap-4
01/20/2025,13,56,33,13:56:33,40,Tahap-4
01/20/2025,13,56,33,13:56:33,24,Tahap-4
01/20/2025,13,56,33,13:56:33,156,Tahap-4
01/20/2025,13,56,33,13:56:33,-4,Tahap-4
01/20/2025,13,56,33,13:56:33,124,Tahap-4
01/20/2025,13,56,34,13:56:34,172,Tahap-4
01/20/2025,13,56,34,13:56:34,100,Tahap-4
01/20/2025,13,56,34,13:56:34,8,Tahap-4
01/20/2025,13,56,34,13:56:34,132,Tahap-4
01/20/2025,13,56,34,13:56:34,168,Tahap-4
01/20/2025,13,56,34,13:56:34,168,Tahap-4
01/20/2025,13,56,34,13:56:34,44,Tahap-4
01/20/2025,13,56,34,13:56:34,156,Tahap-4
01/20/2025,13,56,34,13:56:34,92,Tahap-4
01/20/2025,13,56,35,13:56:35,180,Tahap-4
01/20/2025,13,56,35,13:56:35,32,Tahap-4
01/20/2025,13,56,35,13:56:35,248,Tahap-4
01/20/2025,13,56,35,13:56:35,96,Tahap-4
01/20/2025,13,56,35,13:56:35,72,Tahap-4
01/20/2025,13,56,35,13:56:35,212,Tahap-4
01/20/2025,13,56,35,13:56:35,104,Tahap-4
01/20/2025,13,56,35,13:56:35,176,Tahap-4
01/20/2025,13,56,35,13:56:35,148,Tahap-4
01/20/2025,13,56,35,13:56:35,108,Tahap-4
01/20/2025,13,56,36,13:56:36,120,Tahap-4
01/20/2025,13,56,36,13:56:36,100,Tahap-4
