Tanggal,Jam,Menit,Detik,Waktu,frekuensi,label
01/20/2025,13,25,6,13:25:06,1244,Tahap-3
01/20/2025,13,25,6,13:25:06,214,Tahap-3
01/20/2025,13,25,6,13:25:06,223,Tahap-3
01/20/2025,13,25,6,13:25:06,114,Tahap-3
01/20/2025,13,25,6,13:25:06,291,Tahap-3
01/20/2025,13,25,6,13:25:06,252,Tahap-3
01/20/2025,13,25,6,13:25:06,114,Tahap-3
01/20/2025,13,25,6,13:25:06,233,Tahap-3
01/20/2025,13,25,6,13:25:06,177,Tahap-3
01/20/2025,13,25,6,13:25:06,145,Tahap-3
01/20/2025,13,25,6,13:25:06,182,Tahap-3
01/20/2025,13,25,6,13:25:06,151,Tahap-3
01/20/2025,13,25,6,13:25:06,94,Tahap-3
01/20/2025,13,25,6,13:25:06,103,Tahap-3
01/20/2025,13,25,6,13:25:06,39,Tahap-3
01/20/2025,13,25,7,13:25:07,48,Tahap-3
01/20/2025,13,25,7,13:25:07,67,Tahap-3
01/20/2025,13,25,7,13:25:07,106,Tahap-3
01/20/2025,13,25,7,13:25:07,18,Tahap-3
01/20/2025,13,25,7,13:25:07,114,Tahap-3
01/20/2025,13,25,7,13:25:07,292,Tahap-3
01/20/2025,13,25,7,13:25:07,128,Tahap-3
01/20/2025,13,25,7,13:25:07,196,Tahap-3
01/20/2025,13,25,7,13:25:07,133,Tahap-3
01/20/2025,13,25,7,13:25:07,116,Tahap-3
01/20/2025,13,25,8,13:25:08,58,Tahap-3
01/20/2025,13,25,8,13:25:08,124,Tahap-3
01/20/2025,13,25,8,13:25:08,116,Tahap-3
01/20/2025,13,25,8,13:25:08,63,Tahap-3
01/20/2025,13,25,8,13:25:08,165,Tahap-3
01/20/2025,13,25,8,13:25:08,98,Tahap-3
01/20/2025,13,25,8,13:25:08,59,Tahap-3
01/20/2025,13,25,8,13:25:08,124,Tahap-3
01/20/2025,13,25,8,13:25:08,82,Tahap-3
01/20/2025,13,25,8,13:25:08,55,Tahap-3
01/20/2025,13,25,9,13:25:09,147,Tahap-3
01/20/2025,13,25,9,13:25:09,158,Tahap-3
01/20/2025,13,25,9,13:25:09,12,Tahap-3
01/20/2025,13,25,9,13:25:09,157,Tahap-3
01/20/2025,13,25,9,13:25:09,26,Tahap-3
01/20/2025,13,25,9,13:25:09,45,Tahap-3
01/20/2025,13,25,9,13:25:09,38,Tahap-3
01/20/2025,13,25,9,13:25:09,330,Tahap-3
01/20/2025,13,25,9,13:25:09,32,Tahap-3
01/20/2025,13,25,9,13:25:09,334,Tahap-3
01/20/2025,13,25,10,13:25:10,213,Tahap-3
01/20/2025,13,25,10,13:25:10,123,Tahap-3
01/20/2025,13,25,10,13:25:10,132,Tahap-3
01/20/2025,13,25,10,13:25:10,32,Tahap-3
01/20/2025,13,25,10,13:25:10,68,Tahap-3
01/20/2025,13,25,10,13:25:10,115,Tahap-3
01/20/2025,13,25,10,13:25:10,96,Tahap-3
01/20/2025,13,25,10,13:25:10,135,Tahap-3
01/20/2025,13,25,10,13:25:10,126,Tahap-3
01/20/2025,13,25,10,13:25:10,29,Tahap-3
01/20/2025,13,25,11,13:25:11,170,Tahap-3
01/20/2025,13,25,11,13:25:11,1,Tahap-3
01/20/2025,13,25,11,13:25:11,58,Tahap-3
01/20/2025,13,25,11,13:25:11,108,Tahap-3
01/20/2025,13,25,11,13:25:11,105,Tahap-3
01/20/2025,13,25,11,13:25:11,13,Tahap-3
01/20/2025,13,25,11,13:25:11,57,Tahap-3
01/20/2025,13,25,11,13:25:11,225,Tahap-3
01/20/2025,13,25,11,13:25:11,164,Tahap-3
01/20/2025,13,25,11,13:25:11,126,Tahap-3
01/20/2025,13,25,12,13:25:12,245,Tahap-3
01/20/2025,13,25,12,13:25:12,257,Tahap-3
01/20/2025,13,25,12,13:25:12,288,Tahap-3
01/20/2025,13,25,12,13:25:12,505,Tahap-3
01/20/2025,13,25,12,13:25:12,1181,Tahap-3
01/20/2025,13,25,12,13:25:12,515,Tahap-3
01/20/2025,13,25,12,13:25:12,535,Tahap-3
01/20/2025,13,25,12,13:25:12,299,Tahap-3
01/20/2025,13,25,12,13:25:12,134,Tahap-3
01/20/2025,13,25,12,13:25:12,31,Tahap-3
01/20/2025,13,25,13,13:25:13,97,Tahap-3
01/20/2025,13,25,13,13:25:13,246,Tahap-3
01/20/2025,13,25,13,13:25:13,180,Tahap-3
01/20/2025,13,25,13,13:25:13,142,Tahap-3
01/20/2025,13,25,13,13:25:13,189,Tahap-3
01/20/2025,13,25,13,13:25:13,29,Tahap-3
01/20/2025,13,25,13,13:25:13,45,Tahap-3
01/20/2025,13,25,13,13:25:13,122,Tahap-3
01/20/2025,13,25,13,13:25:13,124,Tahap-3
01/20/2025,13,25,13,13:25:13,255,Tahap-3
01/20/2025,13,25,14,13:25:14,1022,Tahap-3
01/20/2025,13,25,14,13:25:14,349,Tahap-3
01/20/2025,13,25,14,13:25:14,224,Tahap-3
01/20/2025,13,25,14,13:25:14,324,Tahap-3
01/20/2025,13,25,14,13:25:14,192,Tahap-3
01/20/2025,13,25,14,13:25:14,235,Tahap-3
01/20/2025,13,25,14,13:25:14,244,Tahap-3
01/20/2025,13,25,14,13:25:14,612,Tahap-3
01/20/2025,13,25,14,13:25:14,566,Tahap-3
01/20/2025,13,25,14,13:25:14,44,Tahap-3
01/20/2025,13,25,15,13:25:15,504,Tahap-3
01/20/2025,13,25,15,13:25:15,385,Tahap-3
01/20/2025,13,25,15,13:25:15,248,Tahap-3
01/20/2025,13,25,15,13:25:15,256,Tahap-3
01/20/2025,13,25,15,13:25:15,248,Tahap-3
01/20/2025,13,25,15,13:25:15,161,Tahap-3
01/20/2025,13,25,15,13:25:15,206,Tahap-3
01/20/2025,13,25,15,13:25:15,112,Tahap-3
01/20/2025,13,25,15,13:25:15,53,Tahap-3
01/20/2025,13,25,15,13:25:15,212,Tahap-3
01/20/2025,13,25,16,13:25:16,129,Tahap-3
01/20/2025,13,25,16,13:25:16,128,Tahap-3
01/20/2025,13,25,16,13:25:16,60,Tahap-3
01/20/2025,13,25,16,13:25:16,280,Tahap-3
01/20/2025,13,25,16,13:25:16,685,Tahap-3
01/20/2025,13,25,16,13:25:16,415,Tahap-3
01/20/2025,13,25,16,13:25:16,321,Tahap-3
01/20/2025,13,25,16,13:25:16,211,Tahap-3
01/20/2025,13,25,16,13:25:16,92,Tahap-3
01/20/2025,13,25,16,13:25:16,312,Tahap-3
01/20/2025,13,25,17,13:25:17,143,Tahap-3
01/20/2025,13,25,17,13:25:17,1539,Tahap-3
01/20/2025,13,25,17,13:25:17,71,Tahap-3
01/20/2025,13,25,17,13:25:17,388,Tahap-3
01/20/2025,13,25,17,13:25:17,33,Tahap-3
01/20/2025,13,25,17,13:25:17,337,Tahap-3
01/20/2025,13,25,17,13:25:17,135,Tahap-3
01/20/2025,13,25,17,13:25:17,248,Tahap-3
01/20/2025,13,25,17,13:25:17,287,Tahap-3
01/20/2025,13,25,17,13:25:17,265,Tahap-3
01/20/2025,13,25,18,13:25:18,360,Tahap-3
01/20/2025,13,25,18,13:25:18,709,Tahap-3
01/20/2025,13,25,18,13:25:18,192,Tahap-3
01/20/2025,13,25,18,13:25:18,16,Tahap-3
01/20/2025,13,25,18,13:25:18,168,Tahap-3
01/20/2025,13,25,18,13:25:18,24,Tahap-3
01/20/2025,13,25,18,13:25:18,8,Tahap-3
01/20/2025,13,25,18,13:25:18,96,Tahap-3
01/20/2025,13,25,18,13:25:18,-24,Tahap-3
01/20/2025,13,25,18,13:25:18,248,Tahap-3
01/20/2025,13,25,19,13:25:19,72,Tahap-3
01/20/2025,13,25,19,13:25:19,-48,Tahap-3
01/20/2025,13,25,19,13:25:19,112,Tahap-3
01/20/2025,13,25,19,13:25:19,104,Tahap-3
01/20/2025,13,25,19,13:25:19,-40,Tahap-3
01/20/2025,13,25,19,13:25:19,-16,Tahap-3
01/20/2025,13,25,19,13:25:19,424,Tahap-3
01/20/2025,13,25,19,13:25:19,-104,Tahap-3
01/20/2025,13,25,19,13:25:19,248,Tahap-3
01/20/2025,13,25,19,13:25:19,-72,Tahap-3
01/20/2025,13,25,20,13:25:20,416,Tahap-3
01/20/2025,13,25,20,13:25:20,-96,Tahap-3
01/20/2025,13,25,20,13:25:20,104,Tahap-3
01/20/2025,13,25,20,13:25:20,24,Tahap-3
01/20/2025,13,25,20,13:25:20,144,Tahap-3
01/20/2025,13,25,20,13:25:20,144,Tahap-3
01/20/2025,13,25,20,13:25:20,-40,Tahap-3
01/20/2025,13,25,20,13:25:20,176,Tahap-3
01/20/2025,13,25,20,13:25:20,88,Tahap-3
01/20/2025,13,25,21,13:25:21,392,Tahap-3
01/20/2025,13,25,21,13:25:21,40,Tahap-3
01/20/2025,13,25,21,13:25:21,-48,Tahap-3
01/20/2025,13,25,21,13:25:21,208,Tahap-3
01/20/2025,13,25,21,13:25:21,-104,Tahap-3
01/20/2025,13,25,21,13:25:21,-56,Tahap-3
01/20/2025,13,25,21,13:25:21,72,Tahap-3
01/20/2025,13,25,21,13:25:21,112,Tahap-3
01/20/2025,13,25,21,13:25:21,-72,Tahap-3
01/20/2025,13,25,22,13:25:22,64,Tahap-3
01/20/2025,13,25,22,13:25:22,-272,Tahap-3
01/20/2025,13,25,22,13:25:22,312,Tahap-3
01/20/2025,13,25,22,13:25:22,40,Tahap-3
01/20/2025,13,25,22,13:25:22,-32,Tahap-3
01/20/2025,13,25,22,13:25:22,96,Tahap-3
01/20/2025,13,25,22,13:25:22,80,Tahap-3
01/20/2025,13,25,22,13:25:22,-184,Tahap-3
01/20/2025,13,25,22,13:25:22,-40,Tahap-3
01/20/2025,13,25,22,13:25:22,176,Tahap-3
01/20/2025,13,25,23,13:25:23,-80,Tahap-3
01/20/2025,13,25,23,13:25:23,64,Tahap-3
01/20/2025,13,25,23,13:25:23,-128,Tahap-3
01/20/2025,13,25,23,13:25:23,248,Tahap-3
01/20/2025,13,25,23,13:25:23,-24,Tahap-3
01/20/2025,13,25,23,13:25:23,104,Tahap-3
01/20/2025,13,25,23,13:25:23,80,Tahap-3
01/20/2025,13,25,23,13:25:23,176,Tahap-3
01/20/2025,13,25,23,13:25:23,-64,Tahap-3
01/20/2025,13,25,23,13:25:23,-32,Tahap-3
01/20/2025,13,25,24,13:25:24,232,Tahap-3
01/20/2025,13,25,24,13:25:24,16,Tahap-3
01/20/2025,13,25,24,13:25:24,16,Tahap-3
01/20/2025,13,25,24,13:25:24,-32,Tahap-3
01/20/2025,13,25,24,13:25:24,224,Tahap-3
01/20/2025,13,25,24,13:25:24,8,Tahap-3
01/20/2025,13,25,24,13:25:24,72,Tahap-3
01/20/2025,13,25,24,13:25:24,256,Tahap-3
01/20/2025,13,25,24,13:25:24,-48,Tahap-3
01/20/2025,13,25,24,13:25:24,152,Tahap-3
01/20/2025,13,25,25,13:25:25,-80,Tahap-3
01/20/2025,13,25,25,13:25:25,144,Tahap-3
01/20/2025,13,25,25,13:25:25,152,Tahap-3
01/20/2025,13,25,25,13:25:25,80,Tahap-3
01/20/2025,13,25,25,13:25:25,-216,Tahap-3
01/20/2025,13,25,25,13:25:25,416,Tahap-3
01/20/2025,13,25,25,13:25:25,-152,Tahap-3
01/20/2025,13,25,25,13:25:25,144,Tahap-3
01/20/2025,13,25,25,13:25:25,160,Tahap-3
01/20/2025,13,25,25,13:25:25,200,Tahap-3
01/20/2025,13,25,26,13:25:26,-192,Tahap-3
01/20/2025,13,25,26,13:25:26,136,Tahap-3
01/20/2025,13,25,26,13:25:26,-160,Tahap-3
01/20/2025,13,25,26,13:25:26,32,Tahap-3
01/20/2025,13,25,26,13:25:26,-96,Tahap-3
01/20/2025,13,25,26,13:25:26,-56,Tahap-3
01/20/2025,13,25,26,13:25:26,144,Tahap-3
01/20/2025,13,25,26,13:25:26,-120,Tahap-3
01/20/2025,13,25,26,13:25:26,-16,Tahap-3
01/20/2025,13,25,26,13:25:26,80,Tahap-3
01/20/2025,13,25,27,13:25:27,184,Tahap-3
01/20/2025,13,25,27,13:25:27,-232,Tahap-3
01/20/2025,13,25,27,13:25:27,-32,Tahap-3
01/20/2025,13,25,27,13:25:27,40,Tahap-3
01/20/2025,13,25,27,13:25:27,16,Tahap-3
01/20/2025,13,25,27,13:25:27,-72,Tahap-3
01/20/2025,13,25,27,13:25:27,-96,Tahap-3
01/20/2025,13,25,27,13:25:27,232,Tahap-3
01/20/2025,13,25,27,13:25:27,-352,Tahap-3
01/20/2025,13,25,27,13:25:27,216,Tahap-3
01/20/2025,13,25,28,13:25:28,-120,Tahap-3
01/20/2025,13,25,28,13:25:28,56,Tahap-3
01/20/2025,13,25,28,13:25:28,88,Tahap-3
01/20/2025,13,25,28,13:25:28,-8,Tahap-3
01/20/2025,13,25,28,13:25:28,-56,Tahap-3
01/20/2025,13,25,28,13:25:28,120,Tahap-3
01/20/2025,13,25,28,13:25:28,-264,Tahap-3
01/20/2025,13,25,28,13:25:28,56,Tahap-3
01/20/2025,13,25,28,13:25:28,168,Tahap-3
01/20/2025,13,25,28,13:25:28,-224,Tahap-3
01/20/2025,13,25,28,13:25:28,48,Tahap-3
01/20/2025,13,25,29,13:25:29,72,Tahap-3
01/20/2025,13,25,29,13:25:29,-144,Tahap-3
01/20/2025,13,25,29,13:25:29,-40,Tahap-3
01/20/2025,13,25,29,13:25:29,184,Tahap-3
01/20/2025,13,25,29,13:25:29,-104,Tahap-3
01/20/2025,13,25,29,13:25:29,80,Tahap-3
01/20/2025,13,25,29,13:25:29,-208,Tahap-3
01/20/2025,13,25,29,13:25:29,112,Tahap-3
01/20/2025,13,25,29,13:25:29,-112,Tahap-3
01/20/2025,13,25,30,13:25:30,32,Tahap-3
01/20/2025,13,25,30,13:25:30,40,Tahap-3
01/20/2025,13,25,30,13:25:30,80,Tahap-3
01/20/2025,13,25,30,13:25:30,-184,Tahap-3
01/20/2025,13,25,30,13:25:30,72,Tahap-3
01/20/2025,13,25,30,13:25:30,-80,Tahap-3
01/20/2025,13,25,30,13:25:30,-96,Tahap-3
01/20/2025,13,25,30,13:25:30,-256,Tahap-3
01/20/2025,13,25,30,13:25:30,136,Tahap-3
01/20/2025,13,25,30,13:25:30,-24,Tahap-3
01/20/2025,13,25,55,13:25:55,1052,Tahap-3
01/20/2025,13,25,55,13:25:55,577,Tahap-3
01/20/2025,13,25,55,13:25:55,691,Tahap-3
01/20/2025,13,25,55,13:25:55,580,Tahap-3
01/20/2025,13,25,55,13:25:55,155,Tahap-3
01/20/2025,13,25,55,13:25:55,327,Tahap-3
01/20/2025,13,25,56,13:25:56,297,Tahap-3
01/20/2025,13,25,56,13:25:56,117,Tahap-3
01/20/2025,13,25,56,13:25:56,180,Tahap-3
01/20/2025,13,25,56,13:25:56,143,Tahap-3
01/20/2025,13,25,56,13:25:56,186,Tahap-3
01/20/2025,13,25,56,13:25:56,112,Tahap-3
01/20/2025,13,25,56,13:25:56,25,Tahap-3
01/20/2025,13,25,56,13:25:56,141,Tahap-3
01/20/2025,13,25,56,13:25:56,64,Tahap-3
01/20/2025,13,25,56,13:25:56,128,Tahap-3
01/20/2025,13,25,57,13:25:57,141,Tahap-3
01/20/2025,13,25,57,13:25:57,68,Tahap-3
01/20/2025,13,25,57,13:25:57,145,Tahap-3
01/20/2025,13,25,57,13:25:57,109,Tahap-3
01/20/2025,13,25,57,13:25:57,188,Tahap-3
01/20/2025,13,25,57,13:25:57,153,Tahap-3
01/20/2025,13,25,57,13:25:57,129,Tahap-3
01/20/2025,13,25,57,13:25:57,229,Tahap-3
01/20/2025,13,25,57,13:25:57,101,Tahap-3
01/20/2025,13,25,57,13:25:57,67,Tahap-3
01/20/2025,13,25,58,13:25:58,194,Tahap-3
01/20/2025,13,25,58,13:25:58,127,Tahap-3
01/20/2025,13,25,58,13:25:58,172,Tahap-3
01/20/2025,13,25,58,13:25:58,194,Tahap-3
01/20/2025,13,25,58,13:25:58,32,Tahap-3
01/20/2025,13,25,58,13:25:58,76,Tahap-3
01/20/2025,13,25,58,13:25:58,141,Tahap-3
01/20/2025,13,25,58,13:25:58,126,Tahap-3
01/20/2025,13,25,58,13:25:58,115,Tahap-3
01/20/2025,13,25,58,13:25:58,83,Tahap-3
01/20/2025,13,25,59,13:25:59,94,Tahap-3
01/20/2025,13,25,59,13:25:59,49,Tahap-3
01/20/2025,13,25,59,13:25:59,91,Tahap-3
01/20/2025,13,25,59,13:25:59,64,Tahap-3
01/20/2025,13,25,59,13:25:59,79,Tahap-3
01/20/2025,13,25,59,13:25:59,39,Tahap-3
01/20/2025,13,25,59,13:25:59,331,Tahap-3
01/20/2025,13,25,59,13:25:59,186,Tahap-3
01/20/2025,13,25,59,13:25:59,34,Tahap-3
01/20/2025,13,25,59,13:25:59,136,Tahap-3
01/20/2025,13,26,1,13:26:01,108,Tahap-3
01/20/2025,13,26,1,13:26:01,65,Tahap-3
01/20/2025,13,26,1,13:26:01,105,Tahap-3
01/20/2025,13,26,1,13:26:01,118,Tahap-3
01/20/2025,13,26,1,13:26:01,104,Tahap-3
01/20/2025,13,26,1,13:26:01,61,Tahap-3
01/20/2025,13,26,1,13:26:01,48,Tahap-3
01/20/2025,13,26,1,13:26:01,189,Tahap-3
01/20/2025,13,26,1,13:26:01,40,Tahap-3
01/20/2025,13,26,1,13:26:01,184,Tahap-3
01/20/2025,13,26,2,13:26:02,237,Tahap-3
01/20/2025,13,26,2,13:26:02,498,Tahap-3
01/20/2025,13,26,2,13:26:02,350,Tahap-3
01/20/2025,13,26,2,13:26:02,883,Tahap-3
01/20/2025,13,26,2,13:26:02,497,Tahap-3
01/20/2025,13,26,2,13:26:02,415,Tahap-3
01/20/2025,13,26,2,13:26:02,250,Tahap-3
01/20/2025,13,26,2,13:26:02,197,Tahap-3
01/20/2025,13,26,2,13:26:02,140,Tahap-3
01/20/2025,13,26,2,13:26:02,76,Tahap-3
01/20/2025,13,26,3,13:26:03,138,Tahap-3
01/20/2025,13,26,3,13:26:03,250,Tahap-3
01/20/2025,13,26,3,13:26:03,151,Tahap-3
01/20/2025,13,26,3,13:26:03,96,Tahap-3
01/20/2025,13,26,3,13:26:03,169,Tahap-3
01/20/2025,13,26,3,13:26:03,230,Tahap-3
01/20/2025,13,26,3,13:26:03,362,Tahap-3
01/20/2025,13,26,3,13:26:03,218,Tahap-3
01/20/2025,13,26,3,13:26:03,369,Tahap-3
01/20/2025,13,26,3,13:26:03,1108,Tahap-3
01/20/2025,13,26,4,13:26:04,593,Tahap-3
01/20/2025,13,26,4,13:26:04,153,Tahap-3
01/20/2025,13,26,4,13:26:04,521,Tahap-3
01/20/2025,13,26,4,13:26:04,475,Tahap-3
01/20/2025,13,26,5,13:26:05,168,Tahap-3
01/20/2025,13,26,5,13:26:05,274,Tahap-3
01/20/2025,13,26,5,13:26:05,765,Tahap-3
01/20/2025,13,26,5,13:26:05,729,Tahap-3
01/20/2025,13,26,5,13:26:05,151,Tahap-3
01/20/2025,13,26,5,13:26:05,402,Tahap-3
01/20/2025,13,26,5,13:26:05,431,Tahap-3
01/20/2025,13,26,5,13:26:05,200,Tahap-3
01/20/2025,13,26,5,13:26:05,83,Tahap-3
01/20/2025,13,26,5,13:26:05,147,Tahap-3
01/20/2025,13,26,5,13:26:05,209,Tahap-3
01/20/2025,13,26,5,13:26:05,210,Tahap-3
01/20/2025,13,26,5,13:26:05,146,Tahap-3
01/20/2025,13,26,5,13:26:05,93,Tahap-3
01/20/2025,13,26,5,13:26:05,181,Tahap-3
01/20/2025,13,26,5,13:26:05,192,Tahap-3
01/20/2025,13,26,6,13:26:06,116,Tahap-3
01/20/2025,13,26,6,13:26:06,106,Tahap-3
01/20/2025,13,26,6,13:26:06,410,Tahap-3
01/20/2025,13,26,6,13:26:06,102,Tahap-3
01/20/2025,13,26,6,13:26:06,149,Tahap-3
01/20/2025,13,26,6,13:26:06,265,Tahap-3
01/20/2025,13,26,6,13:26:06,473,Tahap-3
01/20/2025,13,26,6,13:26:06,365,Tahap-3
01/20/2025,13,26,6,13:26:06,236,Tahap-3
01/20/2025,13,26,6,13:26:06,714,Tahap-3
01/20/2025,13,26,7,13:26:07,1063,Tahap-3
01/20/2025,13,26,7,13:26:07,330,Tahap-3
01/20/2025,13,26,7,13:26:07,430,Tahap-3
01/20/2025,13,26,7,13:26:07,67,Tahap-3
01/20/2025,13,26,7,13:26:07,348,Tahap-3
01/20/2025,13,26,7,13:26:07,212,Tahap-3
01/20/2025,13,26,7,13:26:07,202,Tahap-3
01/20/2025,13,26,7,13:26:07,107,Tahap-3
01/20/2025,13,26,7,13:26:07,429,Tahap-3
01/20/2025,13,26,7,13:26:07,544,Tahap-3
01/20/2025,13,26,8,13:26:08,817,Tahap-3
01/20/2025,13,26,8,13:26:08,192,Tahap-3
01/20/2025,13,26,8,13:26:08,152,Tahap-3
01/20/2025,13,26,8,13:26:08,-208,Tahap-3
01/20/2025,13,26,8,13:26:08,288,Tahap-3
01/20/2025,13,26,8,13:26:08,-80,Tahap-3
01/20/2025,13,26,8,13:26:08,48,Tahap-3
01/20/2025,13,26,8,13:26:08,96,Tahap-3
01/20/2025,13,26,8,13:26:08,-16,Tahap-3
01/20/2025,13,26,9,13:26:09,48,Tahap-3
01/20/2025,13,26,9,13:26:09,-224,Tahap-3
01/20/2025,13,26,9,13:26:09,56,Tahap-3
01/20/2025,13,26,9,13:26:09,208,Tahap-3
01/20/2025,13,26,9,13:26:09,-160,Tahap-3
01/20/2025,13,26,9,13:26:09,176,Tahap-3
01/20/2025,13,26,9,13:26:09,56,Tahap-3
01/20/2025,13,26,9,13:26:09,-40,Tahap-3
01/20/2025,13,26,9,13:26:09,-88,Tahap-3
01/20/2025,13,26,9,13:26:09,112,Tahap-3
01/20/2025,13,26,10,13:26:10,-152,Tahap-3
01/20/2025,13,26,10,13:26:10,128,Tahap-3
01/20/2025,13,26,10,13:26:10,-160,Tahap-3
01/20/2025,13,26,10,13:26:10,232,Tahap-3
01/20/2025,13,26,10,13:26:10,128,Tahap-3
01/20/2025,13,26,10,13:26:10,-32,Tahap-3
01/20/2025,13,26,10,13:26:10,96,Tahap-3
01/20/2025,13,26,10,13:26:10,40,Tahap-3
01/20/2025,13,26,10,13:26:10,48,Tahap-3
01/20/2025,13,26,10,13:26:10,-136,Tahap-3
01/20/2025,13,26,11,13:26:11,112,Tahap-3
01/20/2025,13,26,11,13:26:11,-48,Tahap-3
01/20/2025,13,26,11,13:26:11,16,Tahap-3
01/20/2025,13,26,11,13:26:11,-248,Tahap-3
01/20/2025,13,26,11,13:26:11,208,Tahap-3
01/20/2025,13,26,11,13:26:11,-48,Tahap-3
01/20/2025,13,26,11,13:26:11,-272,Tahap-3
01/20/2025,13,26,11,13:26:11,184,Tahap-3
01/20/2025,13,26,11,13:26:11,-168,Tahap-3
01/20/2025,13,26,11,13:26:11,-120,Tahap-3
01/20/2025,13,26,12,13:26:12,-32,Tahap-3
01/20/2025,13,26,12,13:26:12,-104,Tahap-3
01/20/2025,13,26,12,13:26:12,-80,Tahap-3
01/20/2025,13,26,12,13:26:12,-240,Tahap-3
01/20/2025,13,26,12,13:26:12,32,Tahap-3
01/20/2025,13,26,12,13:26:12,-344,Tahap-3
01/20/2025,13,26,12,13:26:12,120,Tahap-3
01/20/2025,13,26,12,13:26:12,88,Tahap-3
01/20/2025,13,26,13,13:26:13,-128,Tahap-3
01/20/2025,13,26,13,13:26:13,-152,Tahap-3
01/20/2025,13,26,13,13:26:13,-136,Tahap-3
01/20/2025,13,26,13,13:26:13,-8,Tahap-3
01/20/2025,13,26,13,13:26:13,-216,Tahap-3
01/20/2025,13,26,13,13:26:13,120,Tahap-3
01/20/2025,13,26,13,13:26:13,-96,Tahap-3
01/20/2025,13,26,13,13:26:13,-80,Tahap-3
01/20/2025,13,26,13,13:26:13,-24,Tahap-3
01/20/2025,13,26,14,13:26:14,16,Tahap-3
01/20/2025,13,26,14,13:26:14,56,Tahap-3
01/20/2025,13,26,14,13:26:14,-144,Tahap-3
01/20/2025,13,26,14,13:26:14,56,Tahap-3
01/20/2025,13,26,14,13:26:14,-16,Tahap-3
01/20/2025,13,26,14,13:26:14,-32,Tahap-3
01/20/2025,13,26,14,13:26:14,-192,Tahap-3
01/20/2025,13,26,14,13:26:14,192,Tahap-3
01/20/2025,13,26,14,13:26:14,-32,Tahap-3
01/20/2025,13,26,14,13:26:14,-208,Tahap-3
01/20/2025,13,26,15,13:26:15,168,Tahap-3
01/20/2025,13,26,15,13:26:15,-160,Tahap-3
01/20/2025,13,26,15,13:26:15,16,Tahap-3
01/20/2025,13,26,15,13:26:15,-16,Tahap-3
01/20/2025,13,26,15,13:26:15,-32,Tahap-3
01/20/2025,13,26,15,13:26:15,-144,Tahap-3
01/20/2025,13,26,15,13:26:15,40,Tahap-3
01/20/2025,13,26,15,13:26:15,-344,Tahap-3
01/20/2025,13,26,15,13:26:15,208,Tahap-3
01/20/2025,13,26,15,13:26:15,16,Tahap-3
01/20/2025,13,26,16,13:26:16,-216,Tahap-3
01/20/2025,13,26,16,13:26:16,128,Tahap-3
01/20/2025,13,26,16,13:26:16,-8,Tahap-3
01/20/2025,13,26,16,13:26:16,-144,Tahap-3
01/20/2025,13,26,16,13:26:16,-40,Tahap-3
01/20/2025,13,26,16,13:26:16,112,Tahap-3
01/20/2025,13,26,16,13:26:16,-160,Tahap-3
01/20/2025,13,26,16,13:26:16,24,Tahap-3
01/20/2025,13,26,16,13:26:16,-240,Tahap-3
01/20/2025,13,26,16,13:26:16,128,Tahap-3
01/20/2025,13,26,17,13:26:17,-32,Tahap-3
01/20/2025,13,26,17,13:26:17,-168,Tahap-3
01/20/2025,13,26,17,13:26:17,64,Tahap-3
01/20/2025,13,26,17,13:26:17,-104,Tahap-3
01/20/2025,13,26,17,13:26:17,-248,Tahap-3
01/20/2025,13,26,17,13:26:17,152,Tahap-3
01/20/2025,13,26,17,13:26:17,-48,Tahap-3
01/20/2025,13,26,17,13:26:17,-176,Tahap-3
01/20/2025,13,26,17,13:26:17,-256,Tahap-3
01/20/2025,13,26,18,13:26:18,152,Tahap-3
01/20/2025,13,26,18,13:26:18,-208,Tahap-3
01/20/2025,13,26,18,13:26:18,-168,Tahap-3
01/20/2025,13,26,18,13:26:18,24,Tahap-3
01/20/2025,13,26,18,13:26:18,-192,Tahap-3
01/20/2025,13,26,18,13:26:18,32,Tahap-3
01/20/2025,13,26,18,13:26:18,-264,Tahap-3
01/20/2025,13,26,18,13:26:18,-128,Tahap-3
01/20/2025,13,26,18,13:26:18,-24,Tahap-3
01/20/2025,13,26,18,13:26:18,-16,Tahap-3
01/20/2025,13,26,19,13:26:19,-432,Tahap-3
01/20/2025,13,26,19,13:26:19,184,Tahap-3
01/20/2025,13,26,19,13:26:19,-216,Tahap-3
01/20/2025,13,26,19,13:26:19,-240,Tahap-3
01/20/2025,13,26,19,13:26:19,-64,Tahap-3
01/20/2025,13,26,19,13:26:19,-96,Tahap-3
01/20/2025,13,26,19,13:26:19,-264,Tahap-3
01/20/2025,13,26,19,13:26:19,48,Tahap-3
01/20/2025,13,26,19,13:26:19,-184,Tahap-3
01/20/2025,13,26,19,13:26:19,-136,Tahap-3
01/20/2025,13,26,20,13:26:20,-64,Tahap-3
01/20/2025,13,26,20,13:26:20,-240,Tahap-3
01/20/2025,13,26,20,13:26:20,88,Tahap-3
01/20/2025,13,26,20,13:26:20,-312,Tahap-3
01/20/2025,13,26,20,13:26:20,-160,Tahap-3
01/20/2025,13,26,20,13:26:20,-168,Tahap-3
01/20/2025,13,26,20,13:26:20,-80,Tahap-3
01/20/2025,13,26,20,13:26:20,-136,Tahap-3
01/20/2025,13,26,20,13:26:20,-200,Tahap-3
01/20/2025,13,26,20,13:26:20,-32,Tahap-3
01/20/2025,13,26,45,13:26:45,1035,Tahap-3
01/20/2025,13,26,45,13:26:45,234,Tahap-3
01/20/2025,13,26,45,13:26:45,189,Tahap-3
01/20/2025,13,26,45,13:26:45,121,Tahap-3
01/20/2025,13,26,45,13:26:45,100,Tahap-3
01/20/2025,13,26,45,13:26:45,14,Tahap-3
01/20/2025,13,26,45,13:26:45,14,Tahap-3
01/20/2025,13,26,46,13:26:46,169,Tahap-3
01/20/2025,13,26,46,13:26:46,60,Tahap-3
01/20/2025,13,26,46,13:26:46,72,Tahap-3
01/20/2025,13,26,46,13:26:46,185,Tahap-3
01/20/2025,13,26,46,13:26:46,98,Tahap-3
01/20/2025,13,26,46,13:26:46,72,Tahap-3
01/20/2025,13,26,46,13:26:46,49,Tahap-3
01/20/2025,13,26,46,13:26:46,92,Tahap-3
01/20/2025,13,26,46,13:26:46,172,Tahap-3
01/20/2025,13,26,46,13:26:46,69,Tahap-3
01/20/2025,13,26,47,13:26:47,36,Tahap-3
01/20/2025,13,26,47,13:26:47,19,Tahap-3
01/20/2025,13,26,47,13:26:47,38,Tahap-3
01/20/2025,13,26,47,13:26:47,110,Tahap-3
01/20/2025,13,26,47,13:26:47,161,Tahap-3
01/20/2025,13,26,47,13:26:47,100,Tahap-3
01/20/2025,13,26,47,13:26:47,133,Tahap-3
01/20/2025,13,26,47,13:26:47,19,Tahap-3
01/20/2025,13,26,47,13:26:47,49,Tahap-3
01/20/2025,13,26,47,13:26:47,251,Tahap-3
01/20/2025,13,26,48,13:26:48,86,Tahap-3
01/20/2025,13,26,48,13:26:48,88,Tahap-3
01/20/2025,13,26,48,13:26:48,145,Tahap-3
01/20/2025,13,26,48,13:26:48,61,Tahap-3
01/20/2025,13,26,48,13:26:48,132,Tahap-3
01/20/2025,13,26,48,13:26:48,58,Tahap-3
01/20/2025,13,26,48,13:26:48,62,Tahap-3
01/20/2025,13,26,48,13:26:48,117,Tahap-3
01/20/2025,13,26,48,13:26:48,128,Tahap-3
01/20/2025,13,26,48,13:26:48,94,Tahap-3
01/20/2025,13,26,49,13:26:49,77,Tahap-3
01/20/2025,13,26,49,13:26:49,19,Tahap-3
01/20/2025,13,26,49,13:26:49,72,Tahap-3
01/20/2025,13,26,49,13:26:49,58,Tahap-3
01/20/2025,13,26,49,13:26:49,174,Tahap-3
01/20/2025,13,26,49,13:26:49,329,Tahap-3
01/20/2025,13,26,49,13:26:49,128,Tahap-3
01/20/2025,13,26,49,13:26:49,89,Tahap-3
01/20/2025,13,26,49,13:26:49,163,Tahap-3
01/20/2025,13,26,49,13:26:49,137,Tahap-3
01/20/2025,13,26,50,13:26:50,97,Tahap-3
01/20/2025,13,26,50,13:26:50,49,Tahap-3
01/20/2025,13,26,50,13:26:50,56,Tahap-3
01/20/2025,13,26,50,13:26:50,99,Tahap-3
01/20/2025,13,26,50,13:26:50,149,Tahap-3
01/20/2025,13,26,50,13:26:50,94,Tahap-3
01/20/2025,13,26,50,13:26:50,92,Tahap-3
01/20/2025,13,26,50,13:26:50,294,Tahap-3
01/20/2025,13,26,50,13:26:50,141,Tahap-3
01/20/2025,13,26,50,13:26:50,79,Tahap-3
01/20/2025,13,26,51,13:26:51,62,Tahap-3
01/20/2025,13,26,51,13:26:51,82,Tahap-3
01/20/2025,13,26,51,13:26:51,89,Tahap-3
01/20/2025,13,26,51,13:26:51,98,Tahap-3
01/20/2025,13,26,51,13:26:51,191,Tahap-3
01/20/2025,13,26,51,13:26:51,20,Tahap-3
01/20/2025,13,26,51,13:26:51,174,Tahap-3
01/20/2025,13,26,51,13:26:51,110,Tahap-3
01/20/2025,13,26,51,13:26:51,181,Tahap-3
01/20/2025,13,26,51,13:26:51,115,Tahap-3
01/20/2025,13,26,52,13:26:52,336,Tahap-3
01/20/2025,13,26,52,13:26:52,365,Tahap-3
01/20/2025,13,26,52,13:26:52,1072,Tahap-3
01/20/2025,13,26,52,13:26:52,542,Tahap-3
01/20/2025,13,26,52,13:26:52,428,Tahap-3
01/20/2025,13,26,52,13:26:52,264,Tahap-3
01/20/2025,13,26,52,13:26:52,237,Tahap-3
01/20/2025,13,26,52,13:26:52,155,Tahap-3
01/20/2025,13,26,52,13:26:52,171,Tahap-3
01/20/2025,13,26,52,13:26:52,46,Tahap-3
01/20/2025,13,26,53,13:26:53,196,Tahap-3
01/20/2025,13,26,53,13:26:53,244,Tahap-3
01/20/2025,13,26,53,13:26:53,98,Tahap-3
01/20/2025,13,26,53,13:26:53,230,Tahap-3
01/20/2025,13,26,53,13:26:53,201,Tahap-3
01/20/2025,13,26,53,13:26:53,146,Tahap-3
01/20/2025,13,26,53,13:26:53,449,Tahap-3
01/20/2025,13,26,53,13:26:53,988,Tahap-3
01/20/2025,13,26,53,13:26:53,418,Tahap-3
01/20/2025,13,26,53,13:26:53,99,Tahap-3
01/20/2025,13,26,54,13:26:54,314,Tahap-3
01/20/2025,13,26,54,13:26:54,382,Tahap-3
01/20/2025,13,26,54,13:26:54,447,Tahap-3
01/20/2025,13,26,54,13:26:54,236,Tahap-3
01/20/2025,13,26,54,13:26:54,125,Tahap-3
01/20/2025,13,26,54,13:26:54,406,Tahap-3
01/20/2025,13,26,54,13:26:54,954,Tahap-3
01/20/2025,13,26,54,13:26:54,242,Tahap-3
01/20/2025,13,26,54,13:26:54,92,Tahap-3
01/20/2025,13,26,54,13:26:54,231,Tahap-3
01/20/2025,13,26,55,13:26:55,238,Tahap-3
01/20/2025,13,26,55,13:26:55,210,Tahap-3
01/20/2025,13,26,55,13:26:55,162,Tahap-3
01/20/2025,13,26,55,13:26:55,116,Tahap-3
01/20/2025,13,26,55,13:26:55,112,Tahap-3
01/20/2025,13,26,55,13:26:55,74,Tahap-3
01/20/2025,13,26,55,13:26:55,38,Tahap-3
01/20/2025,13,26,55,13:26:55,108,Tahap-3
01/20/2025,13,26,55,13:26:55,186,Tahap-3
01/20/2025,13,26,55,13:26:55,126,Tahap-3
01/20/2025,13,26,56,13:26:56,161,Tahap-3
01/20/2025,13,26,56,13:26:56,399,Tahap-3
01/20/2025,13,26,56,13:26:56,664,Tahap-3
01/20/2025,13,26,56,13:26:56,400,Tahap-3
01/20/2025,13,26,56,13:26:56,56,Tahap-3
01/20/2025,13,26,56,13:26:56,89,Tahap-3
01/20/2025,13,26,56,13:26:56,370,Tahap-3
01/20/2025,13,26,56,13:26:56,422,Tahap-3
01/20/2025,13,26,56,13:26:56,922,Tahap-3
01/20/2025,13,26,56,13:26:56,1104,Tahap-3
01/20/2025,13,26,57,13:26:57,397,Tahap-3
01/20/2025,13,26,57,13:26:57,603,Tahap-3
01/20/2025,13,26,57,13:26:57,317,Tahap-3
01/20/2025,13,26,57,13:26:57,422,Tahap-3
01/20/2025,13,26,57,13:26:57,353,Tahap-3
01/20/2025,13,26,57,13:26:57,386,Tahap-3
01/20/2025,13,26,57,13:26:57,212,Tahap-3
01/20/2025,13,26,57,13:26:57,239,Tahap-3
01/20/2025,13,26,57,13:26:57,104,Tahap-3
01/20/2025,13,26,57,13:26:57,218,Tahap-3
01/20/2025,13,26,58,13:26:58,-288,Tahap-3
01/20/2025,13,26,58,13:26:58,136,Tahap-3
01/20/2025,13,26,58,13:26:58,-40,Tahap-3
01/20/2025,13,26,58,13:26:58,40,Tahap-3
01/20/2025,13,26,58,13:26:58,24,Tahap-3
01/20/2025,13,26,58,13:26:58,72,Tahap-3
01/20/2025,13,26,58,13:26:58,-200,Tahap-3
01/20/2025,13,26,58,13:26:58,272,Tahap-3
01/20/2025,13,26,58,13:26:58,-360,Tahap-3
01/20/2025,13,26,59,13:26:59,104,Tahap-3
01/20/2025,13,26,59,13:26:59,-392,Tahap-3
01/20/2025,13,26,59,13:26:59,384,Tahap-3
01/20/2025,13,26,59,13:26:59,-184,Tahap-3
01/20/2025,13,26,59,13:26:59,-16,Tahap-3
01/20/2025,13,26,59,13:26:59,72,Tahap-3
01/20/2025,13,26,59,13:26:59,24,Tahap-3
01/20/2025,13,26,59,13:26:59,-8,Tahap-3
01/20/2025,13,27,1,13:27:01,184,Tahap-3
01/20/2025,13,27,1,13:27:01,-120,Tahap-3
01/20/2025,13,27,1,13:27:01,272,Tahap-3
01/20/2025,13,27,1,13:27:01,-288,Tahap-3
01/20/2025,13,27,1,13:27:01,328,Tahap-3
01/20/2025,13,27,1,13:27:01,-64,Tahap-3
01/20/2025,13,27,1,13:27:01,48,Tahap-3
01/20/2025,13,27,1,13:27:01,-16,Tahap-3
01/20/2025,13,27,1,13:27:01,184,Tahap-3
01/20/2025,13,27,1,13:27:01,-240,Tahap-3
01/20/2025,13,27,2,13:27:02,96,Tahap-3
01/20/2025,13,27,2,13:27:02,136,Tahap-3
01/20/2025,13,27,2,13:27:02,16,Tahap-3
01/20/2025,13,27,2,13:27:02,-104,Tahap-3
01/20/2025,13,27,2,13:27:02,-64,Tahap-3
01/20/2025,13,27,2,13:27:02,168,Tahap-3
01/20/2025,13,27,2,13:27:02,-88,Tahap-3
01/20/2025,13,27,2,13:27:02,-24,Tahap-3
01/20/2025,13,27,2,13:27:02,184,Tahap-3
01/20/2025,13,27,2,13:27:02,-80,Tahap-3
01/20/2025,13,27,3,13:27:03,224,Tahap-3
01/20/2025,13,27,3,13:27:03,-152,Tahap-3
01/20/2025,13,27,3,13:27:03,264,Tahap-3
01/20/2025,13,27,3,13:27:03,48,Tahap-3
01/20/2025,13,27,3,13:27:03,128,Tahap-3
01/20/2025,13,27,3,13:27:03,-304,Tahap-3
01/20/2025,13,27,3,13:27:03,376,Tahap-3
01/20/2025,13,27,3,13:27:03,-104,Tahap-3
01/20/2025,13,27,3,13:27:03,-32,Tahap-3
01/20/2025,13,27,3,13:27:03,136,Tahap-3
01/20/2025,13,27,4,13:27:04,184,Tahap-3
01/20/2025,13,27,4,13:27:04,-104,Tahap-3
01/20/2025,13,27,4,13:27:04,120,Tahap-3
01/20/2025,13,27,4,13:27:04,48,Tahap-3
01/20/2025,13,27,5,13:27:05,32,Tahap-3
01/20/2025,13,27,5,13:27:05,24,Tahap-3
01/20/2025,13,27,5,13:27:05,-72,Tahap-3
01/20/2025,13,27,5,13:27:05,208,Tahap-3
01/20/2025,13,27,5,13:27:05,-40,Tahap-3
01/20/2025,13,27,5,13:27:05,88,Tahap-3
01/20/2025,13,27,5,13:27:05,136,Tahap-3
01/20/2025,13,27,5,13:27:05,48,Tahap-3
01/20/2025,13,27,5,13:27:05,-120,Tahap-3
01/20/2025,13,27,5,13:27:05,256,Tahap-3
01/20/2025,13,27,5,13:27:05,-64,Tahap-3
01/20/2025,13,27,5,13:27:05,40,Tahap-3
01/20/2025,13,27,5,13:27:05,-152,Tahap-3
01/20/2025,13,27,5,13:27:05,432,Tahap-3
01/20/2025,13,27,5,13:27:05,-272,Tahap-3
01/20/2025,13,27,6,13:27:06,208,Tahap-3
01/20/2025,13,27,6,13:27:06,88,Tahap-3
01/20/2025,13,27,6,13:27:06,168,Tahap-3
01/20/2025,13,27,6,13:27:06,32,Tahap-3
01/20/2025,13,27,6,13:27:06,112,Tahap-3
01/20/2025,13,27,6,13:27:06,-48,Tahap-3
01/20/2025,13,27,6,13:27:06,152,Tahap-3
01/20/2025,13,27,6,13:27:06,-120,Tahap-3
01/20/2025,13,27,6,13:27:06,-64,Tahap-3
01/20/2025,13,27,6,13:27:06,280,Tahap-3
01/20/2025,13,27,7,13:27:07,-48,Tahap-3
01/20/2025,13,27,7,13:27:07,24,Tahap-3
01/20/2025,13,27,7,13:27:07,176,Tahap-3
01/20/2025,13,27,7,13:27:07,-8,Tahap-3
01/20/2025,13,27,7,13:27:07,-32,Tahap-3
01/20/2025,13,27,7,13:27:07,96,Tahap-3
01/20/2025,13,27,7,13:27:07,96,Tahap-3
01/20/2025,13,27,7,13:27:07,-16,Tahap-3
01/20/2025,13,27,7,13:27:07,104,Tahap-3
01/20/2025,13,27,7,13:27:07,-176,Tahap-3
01/20/2025,13,27,8,13:27:08,360,Tahap-3
01/20/2025,13,27,8,13:27:08,-104,Tahap-3
01/20/2025,13,27,8,13:27:08,176,Tahap-3
01/20/2025,13,27,8,13:27:08,-104,Tahap-3
01/20/2025,13,27,8,13:27:08,216,Tahap-3
01/20/2025,13,27,8,13:27:08,-136,Tahap-3
01/20/2025,13,27,8,13:27:08,128,Tahap-3
01/20/2025,13,27,8,13:27:08,104,Tahap-3
01/20/2025,13,27,8,13:27:08,152,Tahap-3
01/20/2025,13,27,8,13:27:08,-80,Tahap-3
01/20/2025,13,27,9,13:27:09,120,Tahap-3
01/20/2025,13,27,9,13:27:09,136,Tahap-3
01/20/2025,13,27,9,13:27:09,-120,Tahap-3
01/20/2025,13,27,9,13:27:09,88,Tahap-3
01/20/2025,13,27,9,13:27:09,120,Tahap-3
01/20/2025,13,27,9,13:27:09,-8,Tahap-3
01/20/2025,13,27,9,13:27:09,160,Tahap-3
01/20/2025,13,27,9,13:27:09,-88,Tahap-3
01/20/2025,13,27,9,13:27:09,80,Tahap-3
01/20/2025,13,27,9,13:27:09,136,Tahap-3
01/20/2025,13,27,10,13:27:10,48,Tahap-3
01/20/2025,13,27,10,13:27:10,-32,Tahap-3
01/20/2025,13,27,10,13:27:10,328,Tahap-3
01/20/2025,13,27,10,13:27:10,-192,Tahap-3
01/20/2025,13,27,10,13:27:10,208,Tahap-3
01/20/2025,13,27,10,13:27:10,176,Tahap-3
01/20/2025,13,27,10,13:27:10,96,Tahap-3
01/20/2025,13,27,10,13:27:10,-160,Tahap-3
01/20/2025,13,27,10,13:27:10,328,Tahap-3
01/20/2025,13,27,35,13:27:35,2160,Tahap-3
01/20/2025,13,27,35,13:27:35,1073,Tahap-3
01/20/2025,13,27,35,13:27:35,605,Tahap-3
01/20/2025,13,27,35,13:27:35,419,Tahap-3
01/20/2025,13,27,35,13:27:35,532,Tahap-3
01/20/2025,13,27,35,13:27:35,359,Tahap-3
01/20/2025,13,27,35,13:27:35,219,Tahap-3
01/20/2025,13,27,35,13:27:35,171,Tahap-3
01/20/2025,13,27,36,13:27:36,166,Tahap-3
01/20/2025,13,27,36,13:27:36,133,Tahap-3
01/20/2025,13,27,36,13:27:36,122,Tahap-3
01/20/2025,13,27,36,13:27:36,58,Tahap-3
01/20/2025,13,27,36,13:27:36,107,Tahap-3
01/20/2025,13,27,36,13:27:36,190,Tahap-3
01/20/2025,13,27,36,13:27:36,100,Tahap-3
01/20/2025,13,27,36,13:27:36,18,Tahap-3
01/20/2025,13,27,36,13:27:36,205,Tahap-3
01/20/2025,13,27,36,13:27:36,196,Tahap-3
01/20/2025,13,27,37,13:27:37,62,Tahap-3
01/20/2025,13,27,37,13:27:37,178,Tahap-3
01/20/2025,13,27,37,13:27:37,64,Tahap-3
01/20/2025,13,27,37,13:27:37,148,Tahap-3
01/20/2025,13,27,37,13:27:37,93,Tahap-3
01/20/2025,13,27,37,13:27:37,131,Tahap-3
01/20/2025,13,27,37,13:27:37,59,Tahap-3
01/20/2025,13,27,37,13:27:37,41,Tahap-3
01/20/2025,13,27,37,13:27:37,192,Tahap-3
01/20/2025,13,27,37,13:27:37,64,Tahap-3
01/20/2025,13,27,38,13:27:38,67,Tahap-3
01/20/2025,13,27,38,13:27:38,165,Tahap-3
01/20/2025,13,27,38,13:27:38,104,Tahap-3
01/20/2025,13,27,38,13:27:38,143,Tahap-3
01/20/2025,13,27,38,13:27:38,131,Tahap-3
01/20/2025,13,27,38,13:27:38,86,Tahap-3
01/20/2025,13,27,38,13:27:38,23,Tahap-3
01/20/2025,13,27,38,13:27:38,146,Tahap-3
01/20/2025,13,27,38,13:27:38,87,Tahap-3
01/20/2025,13,27,38,13:27:38,63,Tahap-3
01/20/2025,13,27,39,13:27:39,32,Tahap-3
01/20/2025,13,27,39,13:27:39,82,Tahap-3
01/20/2025,13,27,39,13:27:39,65,Tahap-3
01/20/2025,13,27,39,13:27:39,224,Tahap-3
01/20/2025,13,27,39,13:27:39,197,Tahap-3
01/20/2025,13,27,39,13:27:39,74,Tahap-3
01/20/2025,13,27,39,13:27:39,141,Tahap-3
01/20/2025,13,27,39,13:27:39,499,Tahap-3
01/20/2025,13,27,39,13:27:39,53,Tahap-3
01/20/2025,13,27,39,13:27:39,113,Tahap-3
01/20/2025,13,27,40,13:27:40,44,Tahap-3
01/20/2025,13,27,40,13:27:40,131,Tahap-3
01/20/2025,13,27,40,13:27:40,102,Tahap-3
01/20/2025,13,27,40,13:27:40,77,Tahap-3
01/20/2025,13,27,40,13:27:40,144,Tahap-3
01/20/2025,13,27,40,13:27:40,78,Tahap-3
01/20/2025,13,27,40,13:27:40,132,Tahap-3
01/20/2025,13,27,40,13:27:40,120,Tahap-3
01/20/2025,13,27,40,13:27:40,48,Tahap-3
01/20/2025,13,27,40,13:27:40,68,Tahap-3
01/20/2025,13,27,41,13:27:41,53,Tahap-3
01/20/2025,13,27,41,13:27:41,89,Tahap-3
01/20/2025,13,27,41,13:27:41,178,Tahap-3
01/20/2025,13,27,41,13:27:41,97,Tahap-3
01/20/2025,13,27,41,13:27:41,51,Tahap-3
01/20/2025,13,27,41,13:27:41,107,Tahap-3
01/20/2025,13,27,41,13:27:41,95,Tahap-3
01/20/2025,13,27,41,13:27:41,95,Tahap-3
01/20/2025,13,27,41,13:27:41,143,Tahap-3
01/20/2025,13,27,41,13:27:41,117,Tahap-3
01/20/2025,13,27,42,13:27:42,328,Tahap-3
01/20/2025,13,27,42,13:27:42,1250,Tahap-3
01/20/2025,13,27,42,13:27:42,413,Tahap-3
01/20/2025,13,27,42,13:27:42,257,Tahap-3
01/20/2025,13,27,42,13:27:42,61,Tahap-3
01/20/2025,13,27,42,13:27:42,53,Tahap-3
01/20/2025,13,27,42,13:27:42,153,Tahap-3
01/20/2025,13,27,42,13:27:42,150,Tahap-3
01/20/2025,13,27,42,13:27:42,12,Tahap-3
01/20/2025,13,27,42,13:27:42,147,Tahap-3
01/20/2025,13,27,43,13:27:43,134,Tahap-3
01/20/2025,13,27,43,13:27:43,101,Tahap-3
01/20/2025,13,27,43,13:27:43,147,Tahap-3
01/20/2025,13,27,43,13:27:43,184,Tahap-3
01/20/2025,13,27,43,13:27:43,67,Tahap-3
01/20/2025,13,27,43,13:27:43,240,Tahap-3
01/20/2025,13,27,43,13:27:43,1058,Tahap-3
01/20/2025,13,27,43,13:27:43,256,Tahap-3
01/20/2025,13,27,43,13:27:43,28,Tahap-3
01/20/2025,13,27,43,13:27:43,32,Tahap-3
01/20/2025,13,27,44,13:27:44,169,Tahap-3
01/20/2025,13,27,44,13:27:44,491,Tahap-3
01/20/2025,13,27,44,13:27:44,131,Tahap-3
01/20/2025,13,27,44,13:27:44,530,Tahap-3
01/20/2025,13,27,44,13:27:44,476,Tahap-3
01/20/2025,13,27,44,13:27:44,855,Tahap-3
01/20/2025,13,27,44,13:27:44,142,Tahap-3
01/20/2025,13,27,44,13:27:44,376,Tahap-3
01/20/2025,13,27,44,13:27:44,189,Tahap-3
01/20/2025,13,27,44,13:27:44,221,Tahap-3
01/20/2025,13,27,45,13:27:45,22,Tahap-3
01/20/2025,13,27,45,13:27:45,252,Tahap-3
01/20/2025,13,27,45,13:27:45,49,Tahap-3
01/20/2025,13,27,45,13:27:45,67,Tahap-3
01/20/2025,13,27,45,13:27:45,65,Tahap-3
01/20/2025,13,27,45,13:27:45,99,Tahap-3
01/20/2025,13,27,45,13:27:45,112,Tahap-3
01/20/2025,13,27,45,13:27:45,87,Tahap-3
01/20/2025,13,27,45,13:27:45,98,Tahap-3
01/20/2025,13,27,45,13:27:45,102,Tahap-3
01/20/2025,13,27,46,13:27:46,411,Tahap-3
01/20/2025,13,27,46,13:27:46,581,Tahap-3
01/20/2025,13,27,46,13:27:46,169,Tahap-3
01/20/2025,13,27,46,13:27:46,425,Tahap-3
01/20/2025,13,27,46,13:27:46,189,Tahap-3
01/20/2025,13,27,46,13:27:46,245,Tahap-3
01/20/2025,13,27,46,13:27:46,299,Tahap-3
01/20/2025,13,27,46,13:27:46,1099,Tahap-3
01/20/2025,13,27,46,13:27:46,709,Tahap-3
01/20/2025,13,27,46,13:27:46,682,Tahap-3
01/20/2025,13,27,47,13:27:47,475,Tahap-3
01/20/2025,13,27,47,13:27:47,518,Tahap-3
01/20/2025,13,27,47,13:27:47,561,Tahap-3
01/20/2025,13,27,47,13:27:47,322,Tahap-3
01/20/2025,13,27,47,13:27:47,242,Tahap-3
01/20/2025,13,27,47,13:27:47,264,Tahap-3
01/20/2025,13,27,47,13:27:47,269,Tahap-3
01/20/2025,13,27,47,13:27:47,209,Tahap-3
01/20/2025,13,27,47,13:27:47,501,Tahap-3
01/20/2025,13,27,47,13:27:47,52,Tahap-3
01/20/2025,13,27,48,13:27:48,92,Tahap-3
01/20/2025,13,27,48,13:27:48,-12,Tahap-3
01/20/2025,13,27,48,13:27:48,56,Tahap-3
01/20/2025,13,27,48,13:27:48,24,Tahap-3
01/20/2025,13,27,48,13:27:48,32,Tahap-3
01/20/2025,13,27,48,13:27:48,-32,Tahap-3
01/20/2025,13,27,48,13:27:48,184,Tahap-3
01/20/2025,13,27,48,13:27:48,52,Tahap-3
01/20/2025,13,27,48,13:27:48,-56,Tahap-3
01/20/2025,13,27,48,13:27:48,172,Tahap-3
01/20/2025,13,27,49,13:27:49,-24,Tahap-3
01/20/2025,13,27,49,13:27:49,28,Tahap-3
01/20/2025,13,27,49,13:27:49,20,Tahap-3
01/20/2025,13,27,49,13:27:49,108,Tahap-3
01/20/2025,13,27,49,13:27:49,-28,Tahap-3
01/20/2025,13,27,49,13:27:49,116,Tahap-3
01/20/2025,13,27,49,13:27:49,-100,Tahap-3
01/20/2025,13,27,49,13:27:49,200,Tahap-3
01/20/2025,13,27,49,13:27:49,44,Tahap-3
01/20/2025,13,27,49,13:27:49,24,Tahap-3
01/20/2025,13,27,50,13:27:50,-4,Tahap-3
01/20/2025,13,27,50,13:27:50,88,Tahap-3
01/20/2025,13,27,50,13:27:50,-48,Tahap-3
01/20/2025,13,27,50,13:27:50,60,Tahap-3
01/20/2025,13,27,50,13:27:50,64,Tahap-3
01/20/2025,13,27,50,13:27:50,16,Tahap-3
01/20/2025,13,27,50,13:27:50,8,Tahap-3
01/20/2025,13,27,50,13:27:50,20,Tahap-3
01/20/2025,13,27,50,13:27:50,64,Tahap-3
01/20/2025,13,27,50,13:27:50,28,Tahap-3
01/20/2025,13,27,51,13:27:51,-8,Tahap-3
01/20/2025,13,27,51,13:27:51,84,Tahap-3
01/20/2025,13,27,51,13:27:51,8,Tahap-3
01/20/2025,13,27,51,13:27:51,64,Tahap-3
01/20/2025,13,27,51,13:27:51,-88,Tahap-3
01/20/2025,13,27,51,13:27:51,116,Tahap-3
01/20/2025,13,27,51,13:27:51,-24,Tahap-3
01/20/2025,13,27,51,13:27:51,100,Tahap-3
01/20/2025,13,27,51,13:27:51,-196,Tahap-3
01/20/2025,13,27,51,13:27:51,284,Tahap-3
01/20/2025,13,27,52,13:27:52,-148,Tahap-3
01/20/2025,13,27,52,13:27:52,52,Tahap-3
01/20/2025,13,27,52,13:27:52,60,Tahap-3
01/20/2025,13,27,52,13:27:52,132,Tahap-3
01/20/2025,13,27,52,13:27:52,-52,Tahap-3
01/20/2025,13,27,52,13:27:52,96,Tahap-3
01/20/2025,13,27,52,13:27:52,-24,Tahap-3
01/20/2025,13,27,52,13:27:52,48,Tahap-3
01/20/2025,13,27,52,13:27:52,-44,Tahap-3
01/20/2025,13,27,52,13:27:52,-56,Tahap-3
01/20/2025,13,27,53,13:27:53,100,Tahap-3
01/20/2025,13,27,53,13:27:53,24,Tahap-3
01/20/2025,13,27,53,13:27:53,20,Tahap-3
01/20/2025,13,27,53,13:27:53,40,Tahap-3
01/20/2025,13,27,53,13:27:53,28,Tahap-3
01/20/2025,13,27,53,13:27:53,32,Tahap-3
01/20/2025,13,27,53,13:27:53,-40,Tahap-3
01/20/2025,13,27,53,13:27:53,40,Tahap-3
01/20/2025,13,27,53,13:27:53,92,Tahap-3
01/20/2025,13,27,53,13:27:53,-116,Tahap-3
01/20/2025,13,27,54,13:27:54,112,Tahap-3
01/20/2025,13,27,54,13:27:54,-8,Tahap-3
01/20/2025,13,27,54,13:27:54,8,Tahap-3
01/20/2025,13,27,54,13:27:54,8,Tahap-3
01/20/2025,13,27,54,13:27:54,-44,Tahap-3
01/20/2025,13,27,54,13:27:54,-60,Tahap-3
01/20/2025,13,27,54,13:27:54,36,Tahap-3
01/20/2025,13,27,54,13:27:54,-64,Tahap-3
01/20/2025,13,27,54,13:27:54,-56,Tahap-3
01/20/2025,13,27,54,13:27:54,176,Tahap-3
01/20/2025,13,27,55,13:27:55,-272,Tahap-3
01/20/2025,13,27,55,13:27:55,36,Tahap-3
01/20/2025,13,27,55,13:27:55,-36,Tahap-3
01/20/2025,13,27,55,13:27:55,48,Tahap-3
01/20/2025,13,27,55,13:27:55,-144,Tahap-3
01/20/2025,13,27,55,13:27:55,80,Tahap-3
01/20/2025,13,27,55,13:27:55,-96,Tahap-3
01/20/2025,13,27,55,13:27:55,-12,Tahap-3
01/20/2025,13,27,55,13:27:55,-104,Tahap-3
01/20/2025,13,27,56,13:27:56,20,Tahap-3
01/20/2025,13,27,56,13:27:56,-88,Tahap-3
01/20/2025,13,27,56,13:27:56,-84,Tahap-3
01/20/2025,13,27,56,13:27:56,-12,Tahap-3
01/20/2025,13,27,56,13:27:56,-76,Tahap-3
01/20/2025,13,27,56,13:27:56,-40,Tahap-3
01/20/2025,13,27,56,13:27:56,-80,Tahap-3
01/20/2025,13,27,56,13:27:56,-44,Tahap-3
01/20/2025,13,27,56,13:27:56,-24,Tahap-3
01/20/2025,13,27,56,13:27:56,-104,Tahap-3
01/20/2025,13,27,57,13:27:57,-8,Tahap-3
01/20/2025,13,27,57,13:27:57,68,Tahap-3
01/20/2025,13,27,57,13:27:57,-160,Tahap-3
01/20/2025,13,27,57,13:27:57,-20,Tahap-3
01/20/2025,13,27,57,13:27:57,-96,Tahap-3
01/20/2025,13,27,57,13:27:57,-40,Tahap-3
01/20/2025,13,27,57,13:27:57,-88,Tahap-3
01/20/2025,13,27,57,13:27:57,16,Tahap-3
01/20/2025,13,27,57,13:27:57,-240,Tahap-3
01/20/2025,13,27,58,13:27:58,-216,Tahap-3
01/20/2025,13,27,58,13:27:58,-16,Tahap-3
01/20/2025,13,27,58,13:27:58,-16,Tahap-3
01/20/2025,13,27,58,13:27:58,-212,Tahap-3
01/20/2025,13,27,58,13:27:58,-132,Tahap-3
01/20/2025,13,27,58,13:27:58,-36,Tahap-3
01/20/2025,13,27,58,13:27:58,-108,Tahap-3
01/20/2025,13,27,58,13:27:58,-144,Tahap-3
01/20/2025,13,27,58,13:27:58,-60,Tahap-3
01/20/2025,13,27,58,13:27:58,-124,Tahap-3
01/20/2025,13,27,59,13:27:59,-164,Tahap-3
01/20/2025,13,27,59,13:27:59,-80,Tahap-3
01/20/2025,13,27,59,13:27:59,-252,Tahap-3
01/20/2025,13,27,59,13:27:59,16,Tahap-3
01/20/2025,13,27,59,13:27:59,-256,Tahap-3
01/20/2025,13,27,59,13:27:59,-116,Tahap-3
01/20/2025,13,27,59,13:27:59,-204,Tahap-3
01/20/2025,13,27,59,13:27:59,8,Tahap-3
01/20/2025,13,27,59,13:27:59,-316,Tahap-3
01/20/2025,13,27,59,13:27:59,-80,Tahap-3
01/20/2025,13,28,25,13:28:25,1725,Tahap-3
01/20/2025,13,28,25,13:28:25,1134,Tahap-3
01/20/2025,13,28,25,13:28:25,575,Tahap-3
01/20/2025,13,28,25,13:28:25,620,Tahap-3
01/20/2025,13,28,25,13:28:25,312,Tahap-3
01/20/2025,13,28,25,13:28:25,414,Tahap-3
01/20/2025,13,28,25,13:28:25,385,Tahap-3
01/20/2025,13,28,25,13:28:25,280,Tahap-3
01/20/2025,13,28,25,13:28:25,203,Tahap-3
01/20/2025,13,28,26,13:28:26,185,Tahap-3
01/20/2025,13,28,26,13:28:26,226,Tahap-3
01/20/2025,13,28,26,13:28:26,184,Tahap-3
01/20/2025,13,28,26,13:28:26,254,Tahap-3
01/20/2025,13,28,26,13:28:26,170,Tahap-3
01/20/2025,13,28,26,13:28:26,148,Tahap-3
01/20/2025,13,28,26,13:28:26,59,Tahap-3
01/20/2025,13,28,26,13:28:26,156,Tahap-3
01/20/2025,13,28,26,13:28:26,174,Tahap-3
01/20/2025,13,28,26,13:28:26,93,Tahap-3
01/20/2025,13,28,27,13:28:27,135,Tahap-3
01/20/2025,13,28,27,13:28:27,252,Tahap-3
01/20/2025,13,28,27,13:28:27,110,Tahap-3
01/20/2025,13,28,27,13:28:27,249,Tahap-3
01/20/2025,13,28,27,13:28:27,150,Tahap-3
01/20/2025,13,28,27,13:28:27,60,Tahap-3
01/20/2025,13,28,27,13:28:27,54,Tahap-3
01/20/2025,13,28,27,13:28:27,338,Tahap-3
01/20/2025,13,28,27,13:28:27,183,Tahap-3
01/20/2025,13,28,27,13:28:27,45,Tahap-3
01/20/2025,13,28,28,13:28:28,200,Tahap-3
01/20/2025,13,28,28,13:28:28,274,Tahap-3
01/20/2025,13,28,28,13:28:28,129,Tahap-3
01/20/2025,13,28,28,13:28:28,23,Tahap-3
01/20/2025,13,28,28,13:28:28,96,Tahap-3
01/20/2025,13,28,28,13:28:28,189,Tahap-3
01/20/2025,13,28,28,13:28:28,164,Tahap-3
01/20/2025,13,28,28,13:28:28,81,Tahap-3
01/20/2025,13,28,28,13:28:28,51,Tahap-3
01/20/2025,13,28,28,13:28:28,87,Tahap-3
01/20/2025,13,28,29,13:28:29,114,Tahap-3
01/20/2025,13,28,29,13:28:29,18,Tahap-3
01/20/2025,13,28,29,13:28:29,96,Tahap-3
01/20/2025,13,28,29,13:28:29,453,Tahap-3
01/20/2025,13,28,29,13:28:29,47,Tahap-3
01/20/2025,13,28,29,13:28:29,110,Tahap-3
01/20/2025,13,28,29,13:28:29,118,Tahap-3
01/20/2025,13,28,29,13:28:29,148,Tahap-3
01/20/2025,13,28,29,13:28:29,161,Tahap-3
01/20/2025,13,28,29,13:28:29,15,Tahap-3
01/20/2025,13,28,30,13:28:30,76,Tahap-3
01/20/2025,13,28,30,13:28:30,164,Tahap-3
01/20/2025,13,28,30,13:28:30,98,Tahap-3
01/20/2025,13,28,30,13:28:30,38,Tahap-3
01/20/2025,13,28,30,13:28:30,65,Tahap-3
01/20/2025,13,28,30,13:28:30,140,Tahap-3
01/20/2025,13,28,30,13:28:30,96,Tahap-3
01/20/2025,13,28,30,13:28:30,47,Tahap-3
01/20/2025,13,28,30,13:28:30,68,Tahap-3
01/20/2025,13,28,30,13:28:30,80,Tahap-3
01/20/2025,13,28,31,13:28:31,196,Tahap-3
01/20/2025,13,28,31,13:28:31,213,Tahap-3
01/20/2025,13,28,31,13:28:31,107,Tahap-3
01/20/2025,13,28,31,13:28:31,55,Tahap-3
01/20/2025,13,28,31,13:28:31,103,Tahap-3
01/20/2025,13,28,31,13:28:31,155,Tahap-3
01/20/2025,13,28,31,13:28:31,63,Tahap-3
01/20/2025,13,28,31,13:28:31,122,Tahap-3
01/20/2025,13,28,31,13:28:31,300,Tahap-3
01/20/2025,13,28,31,13:28:31,177,Tahap-3
01/20/2025,13,28,32,13:28:32,1077,Tahap-3
01/20/2025,13,28,32,13:28:32,556,Tahap-3
01/20/2025,13,28,32,13:28:32,517,Tahap-3
01/20/2025,13,28,32,13:28:32,306,Tahap-3
01/20/2025,13,28,32,13:28:32,208,Tahap-3
01/20/2025,13,28,32,13:28:32,212,Tahap-3
01/20/2025,13,28,32,13:28:32,117,Tahap-3
01/20/2025,13,28,32,13:28:32,3,Tahap-3
01/20/2025,13,28,32,13:28:32,204,Tahap-3
01/20/2025,13,28,32,13:28:32,197,Tahap-3
01/20/2025,13,28,33,13:28:33,106,Tahap-3
01/20/2025,13,28,33,13:28:33,89,Tahap-3
01/20/2025,13,28,33,13:28:33,213,Tahap-3
01/20/2025,13,28,33,13:28:33,103,Tahap-3
01/20/2025,13,28,33,13:28:33,208,Tahap-3
01/20/2025,13,28,33,13:28:33,213,Tahap-3
01/20/2025,13,28,33,13:28:33,1220,Tahap-3
01/20/2025,13,28,33,13:28:33,301,Tahap-3
01/20/2025,13,28,33,13:28:33,120,Tahap-3
01/20/2025,13,28,33,13:28:33,428,Tahap-3
01/20/2025,13,28,34,13:28:34,430,Tahap-3
01/20/2025,13,28,34,13:28:34,321,Tahap-3
01/20/2025,13,28,34,13:28:34,273,Tahap-3
01/20/2025,13,28,34,13:28:34,342,Tahap-3
01/20/2025,13,28,35,13:28:35,1030,Tahap-3
01/20/2025,13,28,35,13:28:35,114,Tahap-3
01/20/2025,13,28,35,13:28:35,360,Tahap-3
01/20/2025,13,28,35,13:28:35,113,Tahap-3
01/20/2025,13,28,35,13:28:35,265,Tahap-3
01/20/2025,13,28,35,13:28:35,34,Tahap-3
01/20/2025,13,28,35,13:28:35,252,Tahap-3
01/20/2025,13,28,35,13:28:35,151,Tahap-3
01/20/2025,13,28,35,13:28:35,120,Tahap-3
01/20/2025,13,28,35,13:28:35,158,Tahap-3
01/20/2025,13,28,35,13:28:35,178,Tahap-3
01/20/2025,13,28,35,13:28:35,175,Tahap-3
01/20/2025,13,28,35,13:28:35,223,Tahap-3
01/20/2025,13,28,35,13:28:35,62,Tahap-3
01/20/2025,13,28,35,13:28:35,198,Tahap-3
01/20/2025,13,28,35,13:28:35,348,Tahap-3
01/20/2025,13,28,36,13:28:36,524,Tahap-3
01/20/2025,13,28,36,13:28:36,167,Tahap-3
01/20/2025,13,28,36,13:28:36,211,Tahap-3
01/20/2025,13,28,36,13:28:36,133,Tahap-3
01/20/2025,13,28,36,13:28:36,361,Tahap-3
01/20/2025,13,28,36,13:28:36,730,Tahap-3
01/20/2025,13,28,36,13:28:36,612,Tahap-3
01/20/2025,13,28,36,13:28:36,1073,Tahap-3
01/20/2025,13,28,36,13:28:36,585,Tahap-3
01/20/2025,13,28,36,13:28:36,433,Tahap-3
01/20/2025,13,28,37,13:28:37,182,Tahap-3
01/20/2025,13,28,37,13:28:37,184,Tahap-3
01/20/2025,13,28,37,13:28:37,342,Tahap-3
01/20/2025,13,28,37,13:28:37,166,Tahap-3
01/20/2025,13,28,37,13:28:37,219,Tahap-3
01/20/2025,13,28,37,13:28:37,161,Tahap-3
01/20/2025,13,28,37,13:28:37,58,Tahap-3
01/20/2025,13,28,37,13:28:37,853,Tahap-3
01/20/2025,13,28,37,13:28:37,-248,Tahap-3
01/20/2025,13,28,37,13:28:37,488,Tahap-3
01/20/2025,13,28,38,13:28:38,-296,Tahap-3
01/20/2025,13,28,38,13:28:38,152,Tahap-3
01/20/2025,13,28,38,13:28:38,136,Tahap-3
01/20/2025,13,28,38,13:28:38,136,Tahap-3
01/20/2025,13,28,38,13:28:38,-136,Tahap-3
01/20/2025,13,28,38,13:28:38,256,Tahap-3
01/20/2025,13,28,38,13:28:38,-136,Tahap-3
01/20/2025,13,28,38,13:28:38,88,Tahap-3
01/20/2025,13,28,38,13:28:38,-56,Tahap-3
01/20/2025,13,28,38,13:28:38,-24,Tahap-3
01/20/2025,13,28,39,13:28:39,152,Tahap-3
01/20/2025,13,28,39,13:28:39,-56,Tahap-3
01/20/2025,13,28,39,13:28:39,-24,Tahap-3
01/20/2025,13,28,39,13:28:39,152,Tahap-3
01/20/2025,13,28,39,13:28:39,112,Tahap-3
01/20/2025,13,28,39,13:28:39,-56,Tahap-3
01/20/2025,13,28,39,13:28:39,-48,Tahap-3
01/20/2025,13,28,39,13:28:39,72,Tahap-3
01/20/2025,13,28,39,13:28:39,24,Tahap-3
01/20/2025,13,28,40,13:28:40,8,Tahap-3
01/20/2025,13,28,40,13:28:40,384,Tahap-3
01/20/2025,13,28,40,13:28:40,-256,Tahap-3
01/20/2025,13,28,40,13:28:40,192,Tahap-3
01/20/2025,13,28,40,13:28:40,-8,Tahap-3
01/20/2025,13,28,40,13:28:40,8,Tahap-3
01/20/2025,13,28,40,13:28:40,64,Tahap-3
01/20/2025,13,28,40,13:28:40,104,Tahap-3
01/20/2025,13,28,40,13:28:40,24,Tahap-3
01/20/2025,13,28,40,13:28:40,184,Tahap-3
01/20/2025,13,28,41,13:28:41,-184,Tahap-3
01/20/2025,13,28,41,13:28:41,144,Tahap-3
01/20/2025,13,28,41,13:28:41,216,Tahap-3
01/20/2025,13,28,41,13:28:41,-144,Tahap-3
01/20/2025,13,28,41,13:28:41,40,Tahap-3
01/20/2025,13,28,41,13:28:41,176,Tahap-3
01/20/2025,13,28,41,13:28:41,-56,Tahap-3
01/20/2025,13,28,41,13:28:41,48,Tahap-3
01/20/2025,13,28,41,13:28:41,168,Tahap-3
01/20/2025,13,28,41,13:28:41,-16,Tahap-3
01/20/2025,13,28,42,13:28:42,16,Tahap-3
01/20/2025,13,28,42,13:28:42,8,Tahap-3
01/20/2025,13,28,42,13:28:42,40,Tahap-3
01/20/2025,13,28,42,13:28:42,296,Tahap-3
01/20/2025,13,28,42,13:28:42,-176,Tahap-3
01/20/2025,13,28,42,13:28:42,160,Tahap-3
01/20/2025,13,28,42,13:28:42,40,Tahap-3
01/20/2025,13,28,42,13:28:42,264,Tahap-3
01/20/2025,13,28,42,13:28:42,-144,Tahap-3
01/20/2025,13,28,42,13:28:42,240,Tahap-3
01/20/2025,13,28,43,13:28:43,112,Tahap-3
01/20/2025,13,28,43,13:28:43,72,Tahap-3
01/20/2025,13,28,43,13:28:43,96,Tahap-3
01/20/2025,13,28,43,13:28:43,40,Tahap-3
01/20/2025,13,28,43,13:28:43,264,Tahap-3
01/20/2025,13,28,43,13:28:43,-104,Tahap-3
01/20/2025,13,28,43,13:28:43,360,Tahap-3
01/20/2025,13,28,43,13:28:43,24,Tahap-3
01/20/2025,13,28,43,13:28:43,192,Tahap-3
01/20/2025,13,28,43,13:28:43,24,Tahap-3
01/20/2025,13,28,44,13:28:44,88,Tahap-3
01/20/2025,13,28,44,13:28:44,48,Tahap-3
01/20/2025,13,28,44,13:28:44,192,Tahap-3
01/20/2025,13,28,44,13:28:44,-104,Tahap-3
01/20/2025,13,28,44,13:28:44,48,Tahap-3
01/20/2025,13,28,44,13:28:44,344,Tahap-3
01/20/2025,13,28,44,13:28:44,-168,Tahap-3
01/20/2025,13,28,44,13:28:44,184,Tahap-3
01/20/2025,13,28,44,13:28:44,304,Tahap-3
01/20/2025,13,28,44,13:28:44,16,Tahap-3
01/20/2025,13,28,45,13:28:45,-48,Tahap-3
01/20/2025,13,28,45,13:28:45,168,Tahap-3
01/20/2025,13,28,45,13:28:45,-176,Tahap-3
01/20/2025,13,28,45,13:28:45,256,Tahap-3
01/20/2025,13,28,45,13:28:45,-160,Tahap-3
01/20/2025,13,28,45,13:28:45,16,Tahap-3
01/20/2025,13,28,45,13:28:45,192,Tahap-3
01/20/2025,13,28,45,13:28:45,-80,Tahap-3
01/20/2025,13,28,45,13:28:45,120,Tahap-3
01/20/2025,13,28,45,13:28:45,184,Tahap-3
01/20/2025,13,28,46,13:28:46,368,Tahap-3
01/20/2025,13,28,46,13:28:46,-184,Tahap-3
01/20/2025,13,28,46,13:28:46,280,Tahap-3
01/20/2025,13,28,46,13:28:46,-16,Tahap-3
01/20/2025,13,28,46,13:28:46,80,Tahap-3
01/20/2025,13,28,46,13:28:46,16,Tahap-3
01/20/2025,13,28,46,13:28:46,160,Tahap-3
01/20/2025,13,28,46,13:28:46,240,Tahap-3
01/20/2025,13,28,46,13:28:46,-112,Tahap-3
01/20/2025,13,28,46,13:28:46,168,Tahap-3
01/20/2025,13,28,47,13:28:47,-8,Tahap-3
01/20/2025,13,28,47,13:28:47,248,Tahap-3
01/20/2025,13,28,47,13:28:47,-8,Tahap-3
01/20/2025,13,28,47,13:28:47,136,Tahap-3
01/20/2025,13,28,47,13:28:47,80,Tahap-3
01/20/2025,13,28,47,13:28:47,64,Tahap-3
01/20/2025,13,28,47,13:28:47,-112,Tahap-3
01/20/2025,13,28,47,13:28:47,184,Tahap-3
01/20/2025,13,28,47,13:28:47,336,Tahap-3
01/20/2025,13,28,47,13:28:47,-184,Tahap-3
01/20/2025,13,28,48,13:28:48,296,Tahap-3
01/20/2025,13,28,48,13:28:48,96,Tahap-3
01/20/2025,13,28,48,13:28:48,88,Tahap-3
01/20/2025,13,28,48,13:28:48,128,Tahap-3
01/20/2025,13,28,48,13:28:48,216,Tahap-3
01/20/2025,13,28,48,13:28:48,-72,Tahap-3
01/20/2025,13,28,48,13:28:48,208,Tahap-3
01/20/2025,13,28,48,13:28:48,-168,Tahap-3
01/20/2025,13,28,48,13:28:48,272,Tahap-3
01/20/2025,13,28,48,13:28:48,208,Tahap-3
01/20/2025,13,28,49,13:28:49,-8,Tahap-3
01/20/2025,13,28,49,13:28:49,56,Tahap-3
01/20/2025,13,28,49,13:28:49,240,Tahap-3
01/20/2025,13,28,49,13:28:49,-40,Tahap-3
01/20/2025,13,28,49,13:28:49,-8,Tahap-3
01/20/2025,13,28,49,13:28:49,256,Tahap-3
01/20/2025,13,28,49,13:28:49,88,Tahap-3
01/20/2025,13,28,49,13:28:49,152,Tahap-3
01/20/2025,13,28,49,13:28:49,-40,Tahap-3
01/20/2025,13,28,49,13:28:49,208,Tahap-3
01/20/2025,13,28,50,13:28:50,272,Tahap-3
01/20/2025,13,28,50,13:28:50,-128,Tahap-3
01/20/2025,13,28,50,13:28:50,336,Tahap-3
01/20/2025,13,28,50,13:28:50,72,Tahap-3
01/20/2025,13,28,50,13:28:50,296,Tahap-3
01/20/2025,13,28,50,13:28:50,-104,Tahap-3
01/20/2025,13,28,50,13:28:50,256,Tahap-3
01/20/2025,13,29,15,13:29:15,2184,Tahap-3
01/20/2025,13,29,15,13:29:15,1289,Tahap-3
01/20/2025,13,29,15,13:29:15,928,Tahap-3
01/20/2025,13,29,15,13:29:15,759,Tahap-3
01/20/2025,13,29,15,13:29:15,444,Tahap-3
01/20/2025,13,29,15,13:29:15,445,Tahap-3
01/20/2025,13,29,15,13:29:15,371,Tahap-3
01/20/2025,13,29,15,13:29:15,289,Tahap-3
01/20/2025,13,29,15,13:29:15,302,Tahap-3
01/20/2025,13,29,16,13:29:16,212,Tahap-3
01/20/2025,13,29,16,13:29:16,167,Tahap-3
01/20/2025,13,29,16,13:29:16,270,Tahap-3
01/20/2025,13,29,16,13:29:16,138,Tahap-3
01/20/2025,13,29,16,13:29:16,190,Tahap-3
01/20/2025,13,29,16,13:29:16,159,Tahap-3
01/20/2025,13,29,16,13:29:16,95,Tahap-3
01/20/2025,13,29,16,13:29:16,92,Tahap-3
01/20/2025,13,29,16,13:29:16,132,Tahap-3
01/20/2025,13,29,16,13:29:16,143,Tahap-3
01/20/2025,13,29,17,13:29:17,47,Tahap-3
01/20/2025,13,29,17,13:29:17,131,Tahap-3
01/20/2025,13,29,17,13:29:17,155,Tahap-3
01/20/2025,13,29,17,13:29:17,281,Tahap-3
01/20/2025,13,29,17,13:29:17,167,Tahap-3
01/20/2025,13,29,17,13:29:17,95,Tahap-3
01/20/2025,13,29,17,13:29:17,46,Tahap-3
01/20/2025,13,29,17,13:29:17,284,Tahap-3
01/20/2025,13,29,17,13:29:17,104,Tahap-3
01/20/2025,13,29,17,13:29:17,107,Tahap-3
01/20/2025,13,29,18,13:29:18,301,Tahap-3
01/20/2025,13,29,18,13:29:18,149,Tahap-3
01/20/2025,13,29,18,13:29:18,131,Tahap-3
01/20/2025,13,29,18,13:29:18,130,Tahap-3
01/20/2025,13,29,18,13:29:18,17,Tahap-3
01/20/2025,13,29,18,13:29:18,131,Tahap-3
01/20/2025,13,29,18,13:29:18,190,Tahap-3
01/20/2025,13,29,18,13:29:18,89,Tahap-3
01/20/2025,13,29,18,13:29:18,80,Tahap-3
01/20/2025,13,29,18,13:29:18,104,Tahap-3
01/20/2025,13,29,19,13:29:19,130,Tahap-3
01/20/2025,13,29,19,13:29:19,76,Tahap-3
01/20/2025,13,29,19,13:29:19,75,Tahap-3
01/20/2025,13,29,19,13:29:19,333,Tahap-3
01/20/2025,13,29,19,13:29:19,38,Tahap-3
01/20/2025,13,29,19,13:29:19,98,Tahap-3
01/20/2025,13,29,19,13:29:19,181,Tahap-3
01/20/2025,13,29,19,13:29:19,60,Tahap-3
01/20/2025,13,29,19,13:29:19,35,Tahap-3
01/20/2025,13,29,19,13:29:19,21,Tahap-3
01/20/2025,13,29,20,13:29:20,244,Tahap-3
01/20/2025,13,29,20,13:29:20,136,Tahap-3
01/20/2025,13,29,20,13:29:20,90,Tahap-3
01/20/2025,13,29,20,13:29:20,59,Tahap-3
01/20/2025,13,29,20,13:29:20,153,Tahap-3
01/20/2025,13,29,20,13:29:20,188,Tahap-3
01/20/2025,13,29,20,13:29:20,105,Tahap-3
01/20/2025,13,29,20,13:29:20,203,Tahap-3
01/20/2025,13,29,20,13:29:20,152,Tahap-3
01/20/2025,13,29,20,13:29:20,69,Tahap-3
01/20/2025,13,29,21,13:29:21,174,Tahap-3
01/20/2025,13,29,21,13:29:21,54,Tahap-3
01/20/2025,13,29,21,13:29:21,114,Tahap-3
01/20/2025,13,29,21,13:29:21,17,Tahap-3
01/20/2025,13,29,21,13:29:21,293,Tahap-3
01/20/2025,13,29,21,13:29:21,136,Tahap-3
01/20/2025,13,29,21,13:29:21,174,Tahap-3
01/20/2025,13,29,21,13:29:21,144,Tahap-3
01/20/2025,13,29,21,13:29:21,507,Tahap-3
01/20/2025,13,29,21,13:29:21,436,Tahap-3
01/20/2025,13,29,22,13:29:22,757,Tahap-3
01/20/2025,13,29,22,13:29:22,764,Tahap-3
01/20/2025,13,29,22,13:29:22,192,Tahap-3
01/20/2025,13,29,22,13:29:22,387,Tahap-3
01/20/2025,13,29,22,13:29:22,306,Tahap-3
01/20/2025,13,29,22,13:29:22,211,Tahap-3
01/20/2025,13,29,22,13:29:22,61,Tahap-3
01/20/2025,13,29,22,13:29:22,134,Tahap-3
01/20/2025,13,29,22,13:29:22,133,Tahap-3
01/20/2025,13,29,22,13:29:22,168,Tahap-3
01/20/2025,13,29,23,13:29:23,60,Tahap-3
01/20/2025,13,29,23,13:29:23,174,Tahap-3
01/20/2025,13,29,23,13:29:23,56,Tahap-3
01/20/2025,13,29,23,13:29:23,178,Tahap-3
01/20/2025,13,29,23,13:29:23,138,Tahap-3
01/20/2025,13,29,23,13:29:23,180,Tahap-3
01/20/2025,13,29,23,13:29:23,1137,Tahap-3
01/20/2025,13,29,23,13:29:23,181,Tahap-3
01/20/2025,13,29,23,13:29:23,217,Tahap-3
01/20/2025,13,29,23,13:29:23,405,Tahap-3
01/20/2025,13,29,24,13:29:24,478,Tahap-3
01/20/2025,13,29,24,13:29:24,255,Tahap-3
01/20/2025,13,29,24,13:29:24,80,Tahap-3
01/20/2025,13,29,24,13:29:24,151,Tahap-3
01/20/2025,13,29,24,13:29:24,877,Tahap-3
01/20/2025,13,29,24,13:29:24,968,Tahap-3
01/20/2025,13,29,24,13:29:24,472,Tahap-3
01/20/2025,13,29,24,13:29:24,311,Tahap-3
01/20/2025,13,29,24,13:29:24,429,Tahap-3
01/20/2025,13,29,24,13:29:24,210,Tahap-3
01/20/2025,13,29,24,13:29:24,266,Tahap-3
01/20/2025,13,29,25,13:29:25,85,Tahap-3
01/20/2025,13,29,25,13:29:25,42,Tahap-3
01/20/2025,13,29,25,13:29:25,45,Tahap-3
01/20/2025,13,29,25,13:29:25,46,Tahap-3
01/20/2025,13,29,25,13:29:25,141,Tahap-3
01/20/2025,13,29,25,13:29:25,104,Tahap-3
01/20/2025,13,29,25,13:29:25,157,Tahap-3
01/20/2025,13,29,25,13:29:25,238,Tahap-3
01/20/2025,13,29,25,13:29:25,420,Tahap-3
01/20/2025,13,29,25,13:29:25,226,Tahap-3
01/20/2025,13,29,26,13:29:26,601,Tahap-3
01/20/2025,13,29,26,13:29:26,32,Tahap-3
01/20/2025,13,29,26,13:29:26,220,Tahap-3
01/20/2025,13,29,26,13:29:26,352,Tahap-3
01/20/2025,13,29,26,13:29:26,432,Tahap-3
01/20/2025,13,29,26,13:29:26,449,Tahap-3
01/20/2025,13,29,26,13:29:26,827,Tahap-3
01/20/2025,13,29,26,13:29:26,1267,Tahap-3
01/20/2025,13,29,26,13:29:26,444,Tahap-3
01/20/2025,13,29,26,13:29:26,904,Tahap-3
01/20/2025,13,29,27,13:29:27,140,Tahap-3
01/20/2025,13,29,27,13:29:27,577,Tahap-3
01/20/2025,13,29,27,13:29:27,293,Tahap-3
01/20/2025,13,29,27,13:29:27,273,Tahap-3
01/20/2025,13,29,27,13:29:27,197,Tahap-3
01/20/2025,13,29,27,13:29:27,321,Tahap-3
01/20/2025,13,29,27,13:29:27,908,Tahap-3
01/20/2025,13,29,27,13:29:27,140,Tahap-3
01/20/2025,13,29,27,13:29:27,-56,Tahap-3
01/20/2025,13,29,27,13:29:27,-84,Tahap-3
01/20/2025,13,29,28,13:29:28,52,Tahap-3
01/20/2025,13,29,28,13:29:28,12,Tahap-3
01/20/2025,13,29,28,13:29:28,-100,Tahap-3
01/20/2025,13,29,28,13:29:28,-8,Tahap-3
01/20/2025,13,29,28,13:29:28,64,Tahap-3
01/20/2025,13,29,28,13:29:28,-100,Tahap-3
01/20/2025,13,29,28,13:29:28,-160,Tahap-3
01/20/2025,13,29,28,13:29:28,56,Tahap-3
01/20/2025,13,29,28,13:29:28,-60,Tahap-3
01/20/2025,13,29,29,13:29:29,-64,Tahap-3
01/20/2025,13,29,29,13:29:29,52,Tahap-3
01/20/2025,13,29,29,13:29:29,8,Tahap-3
01/20/2025,13,29,29,13:29:29,-16,Tahap-3
01/20/2025,13,29,29,13:29:29,-72,Tahap-3
01/20/2025,13,29,29,13:29:29,8,Tahap-3
01/20/2025,13,29,29,13:29:29,-60,Tahap-3
01/20/2025,13,29,29,13:29:29,-48,Tahap-3
01/20/2025,13,29,29,13:29:29,-100,Tahap-3
01/20/2025,13,29,29,13:29:29,96,Tahap-3
01/20/2025,13,29,30,13:29:30,-92,Tahap-3
01/20/2025,13,29,30,13:29:30,-16,Tahap-3
01/20/2025,13,29,30,13:29:30,124,Tahap-3
01/20/2025,13,29,30,13:29:30,-36,Tahap-3
01/20/2025,13,29,30,13:29:30,-48,Tahap-3
01/20/2025,13,29,30,13:29:30,44,Tahap-3
01/20/2025,13,29,30,13:29:30,-76,Tahap-3
01/20/2025,13,29,30,13:29:30,76,Tahap-3
01/20/2025,13,29,30,13:29:30,-40,Tahap-3
01/20/2025,13,29,30,13:29:30,-4,Tahap-3
01/20/2025,13,29,31,13:29:31,112,Tahap-3
01/20/2025,13,29,31,13:29:31,-52,Tahap-3
01/20/2025,13,29,31,13:29:31,32,Tahap-3
01/20/2025,13,29,31,13:29:31,60,Tahap-3
01/20/2025,13,29,31,13:29:31,100,Tahap-3
01/20/2025,13,29,31,13:29:31,-116,Tahap-3
01/20/2025,13,29,31,13:29:31,100,Tahap-3
01/20/2025,13,29,31,13:29:31,-12,Tahap-3
01/20/2025,13,29,31,13:29:31,24,Tahap-3
01/20/2025,13,29,32,13:29:32,40,Tahap-3
01/20/2025,13,29,32,13:29:32,160,Tahap-3
01/20/2025,13,29,32,13:29:32,-96,Tahap-3
01/20/2025,13,29,32,13:29:32,64,Tahap-3
01/20/2025,13,29,32,13:29:32,20,Tahap-3
01/20/2025,13,29,32,13:29:32,76,Tahap-3
01/20/2025,13,29,32,13:29:32,12,Tahap-3
01/20/2025,13,29,32,13:29:32,-8,Tahap-3
01/20/2025,13,29,32,13:29:32,88,Tahap-3
01/20/2025,13,29,32,13:29:32,24,Tahap-3
01/20/2025,13,29,33,13:29:33,8,Tahap-3
01/20/2025,13,29,33,13:29:33,-60,Tahap-3
01/20/2025,13,29,33,13:29:33,172,Tahap-3
01/20/2025,13,29,33,13:29:33,-104,Tahap-3
01/20/2025,13,29,33,13:29:33,116,Tahap-3
01/20/2025,13,29,33,13:29:33,48,Tahap-3
01/20/2025,13,29,33,13:29:33,16,Tahap-3
01/20/2025,13,29,33,13:29:33,56,Tahap-3
01/20/2025,13,29,33,13:29:33,116,Tahap-3
01/20/2025,13,29,33,13:29:33,-4,Tahap-3
01/20/2025,13,29,34,13:29:34,124,Tahap-3
01/20/2025,13,29,34,13:29:34,-84,Tahap-3
01/20/2025,13,29,34,13:29:34,68,Tahap-3
01/20/2025,13,29,34,13:29:34,144,Tahap-3
01/20/2025,13,29,35,13:29:35,-32,Tahap-3
01/20/2025,13,29,35,13:29:35,84,Tahap-3
01/20/2025,13,29,35,13:29:35,124,Tahap-3
01/20/2025,13,29,35,13:29:35,4,Tahap-3
01/20/2025,13,29,35,13:29:35,8,Tahap-3
01/20/2025,13,29,35,13:29:35,148,Tahap-3
01/20/2025,13,29,35,13:29:35,52,Tahap-3
01/20/2025,13,29,35,13:29:35,60,Tahap-3
01/20/2025,13,29,35,13:29:35,88,Tahap-3
01/20/2025,13,29,35,13:29:35,108,Tahap-3
01/20/2025,13,29,35,13:29:35,20,Tahap-3
01/20/2025,13,29,35,13:29:35,188,Tahap-3
01/20/2025,13,29,35,13:29:35,32,Tahap-3
01/20/2025,13,29,35,13:29:35,172,Tahap-3
01/20/2025,13,29,36,13:29:36,176,Tahap-3
01/20/2025,13,29,36,13:29:36,96,Tahap-3
01/20/2025,13,29,36,13:29:36,148,Tahap-3
01/20/2025,13,29,36,13:29:36,-48,Tahap-3
01/20/2025,13,29,36,13:29:36,304,Tahap-3
01/20/2025,13,29,36,13:29:36,48,Tahap-3
01/20/2025,13,29,36,13:29:36,52,Tahap-3
01/20/2025,13,29,36,13:29:36,184,Tahap-3
01/20/2025,13,29,36,13:29:36,160,Tahap-3
01/20/2025,13,29,36,13:29:36,36,Tahap-3
01/20/2025,13,29,37,13:29:37,228,Tahap-3
01/20/2025,13,29,37,13:29:37,64,Tahap-3
01/20/2025,13,29,37,13:29:37,112,Tahap-3
01/20/2025,13,29,37,13:29:37,136,Tahap-3
01/20/2025,13,29,37,13:29:37,8,Tahap-3
01/20/2025,13,29,37,13:29:37,276,Tahap-3
01/20/2025,13,29,37,13:29:37,80,Tahap-3
01/20/2025,13,29,37,13:29:37,128,Tahap-3
01/20/2025,13,29,37,13:29:37,164,Tahap-3
01/20/2025,13,29,37,13:29:37,252,Tahap-3
01/20/2025,13,29,38,13:29:38,12,Tahap-3
01/20/2025,13,29,38,13:29:38,212,Tahap-3
01/20/2025,13,29,38,13:29:38,88,Tahap-3
01/20/2025,13,29,38,13:29:38,144,Tahap-3
01/20/2025,13,29,38,13:29:38,32,Tahap-3
01/20/2025,13,29,38,13:29:38,128,Tahap-3
01/20/2025,13,29,38,13:29:38,284,Tahap-3
01/20/2025,13,29,38,13:29:38,-84,Tahap-3
01/20/2025,13,29,38,13:29:38,272,Tahap-3
01/20/2025,13,29,38,13:29:38,88,Tahap-3
01/20/2025,13,29,39,13:29:39,188,Tahap-3
01/20/2025,13,29,39,13:29:39,56,Tahap-3
01/20/2025,13,29,39,13:29:39,208,Tahap-3
01/20/2025,13,29,39,13:29:39,-16,Tahap-3
01/20/2025,13,29,39,13:29:39,196,Tahap-3
01/20/2025,13,29,39,13:29:39,-32,Tahap-3
01/20/2025,13,29,39,13:29:39,252,Tahap-3
01/20/2025,13,29,39,13:29:39,132,Tahap-3
01/20/2025,13,29,39,13:29:39,64,Tahap-3
01/20/2025,13,29,39,13:29:39,92,Tahap-3
01/20/2025,13,29,40,13:29:40,168,Tahap-3
01/20/2025,13,29,40,13:29:40,-72,Tahap-3
01/20/2025,13,29,40,13:29:40,156,Tahap-3
01/20/2025,13,29,40,13:29:40,-80,Tahap-3
01/20/2025,13,29,40,13:29:40,148,Tahap-3
01/20/2025,13,29,40,13:29:40,88,Tahap-3
01/20/2025,13,30,5,13:30:05,1909,Tahap-3
01/20/2025,13,30,5,13:30:05,821,Tahap-3
01/20/2025,13,30,5,13:30:05,442,Tahap-3
01/20/2025,13,30,5,13:30:05,513,Tahap-3
01/20/2025,13,30,5,13:30:05,223,Tahap-3
01/20/2025,13,30,5,13:30:05,221,Tahap-3
01/20/2025,13,30,5,13:30:05,188,Tahap-3
01/20/2025,13,30,5,13:30:05,122,Tahap-3
01/20/2025,13,30,5,13:30:05,99,Tahap-3
01/20/2025,13,30,5,13:30:05,133,Tahap-3
01/20/2025,13,30,6,13:30:06,125,Tahap-3
01/20/2025,13,30,6,13:30:06,79,Tahap-3
01/20/2025,13,30,6,13:30:06,88,Tahap-3
01/20/2025,13,30,6,13:30:06,139,Tahap-3
01/20/2025,13,30,6,13:30:06,60,Tahap-3
01/20/2025,13,30,6,13:30:06,80,Tahap-3
01/20/2025,13,30,6,13:30:06,33,Tahap-3
01/20/2025,13,30,6,13:30:06,97,Tahap-3
01/20/2025,13,30,6,13:30:06,163,Tahap-3
01/20/2025,13,30,6,13:30:06,78,Tahap-3
01/20/2025,13,30,7,13:30:07,126,Tahap-3
01/20/2025,13,30,7,13:30:07,86,Tahap-3
01/20/2025,13,30,7,13:30:07,120,Tahap-3
01/20/2025,13,30,7,13:30:07,223,Tahap-3
01/20/2025,13,30,7,13:30:07,154,Tahap-3
01/20/2025,13,30,7,13:30:07,139,Tahap-3
01/20/2025,13,30,7,13:30:07,62,Tahap-3
01/20/2025,13,30,7,13:30:07,131,Tahap-3
01/20/2025,13,30,7,13:30:07,46,Tahap-3
01/20/2025,13,30,7,13:30:07,394,Tahap-3
01/20/2025,13,30,8,13:30:08,255,Tahap-3
01/20/2025,13,30,8,13:30:08,80,Tahap-3
01/20/2025,13,30,8,13:30:08,35,Tahap-3
01/20/2025,13,30,8,13:30:08,120,Tahap-3
01/20/2025,13,30,8,13:30:08,165,Tahap-3
01/20/2025,13,30,8,13:30:08,165,Tahap-3
01/20/2025,13,30,8,13:30:08,71,Tahap-3
01/20/2025,13,30,8,13:30:08,147,Tahap-3
01/20/2025,13,30,8,13:30:08,151,Tahap-3
01/20/2025,13,30,8,13:30:08,175,Tahap-3
01/20/2025,13,30,9,13:30:09,195,Tahap-3
01/20/2025,13,30,9,13:30:09,209,Tahap-3
01/20/2025,13,30,9,13:30:09,433,Tahap-3
01/20/2025,13,30,9,13:30:09,226,Tahap-3
01/20/2025,13,30,9,13:30:09,246,Tahap-3
01/20/2025,13,30,9,13:30:09,151,Tahap-3
01/20/2025,13,30,9,13:30:09,41,Tahap-3
01/20/2025,13,30,9,13:30:09,243,Tahap-3
01/20/2025,13,30,9,13:30:09,125,Tahap-3
01/20/2025,13,30,9,13:30:09,139,Tahap-3
01/20/2025,13,30,10,13:30:10,75,Tahap-3
01/20/2025,13,30,10,13:30:10,108,Tahap-3
01/20/2025,13,30,10,13:30:10,106,Tahap-3
01/20/2025,13,30,10,13:30:10,5,Tahap-3
01/20/2025,13,30,10,13:30:10,180,Tahap-3
01/20/2025,13,30,10,13:30:10,25,Tahap-3
01/20/2025,13,30,10,13:30:10,159,Tahap-3
01/20/2025,13,30,10,13:30:10,92,Tahap-3
01/20/2025,13,30,10,13:30:10,105,Tahap-3
01/20/2025,13,30,10,13:30:10,100,Tahap-3
01/20/2025,13,30,11,13:30:11,34,Tahap-3
01/20/2025,13,30,11,13:30:11,3,Tahap-3
01/20/2025,13,30,11,13:30:11,170,Tahap-3
01/20/2025,13,30,11,13:30:11,265,Tahap-3
01/20/2025,13,30,11,13:30:11,57,Tahap-3
01/20/2025,13,30,11,13:30:11,244,Tahap-3
01/20/2025,13,30,11,13:30:11,433,Tahap-3
01/20/2025,13,30,11,13:30:11,110,Tahap-3
01/20/2025,13,30,11,13:30:11,446,Tahap-3
01/20/2025,13,30,11,13:30:11,939,Tahap-3
01/20/2025,13,30,12,13:30:12,552,Tahap-3
01/20/2025,13,30,12,13:30:12,263,Tahap-3
01/20/2025,13,30,12,13:30:12,208,Tahap-3
01/20/2025,13,30,12,13:30:12,94,Tahap-3
01/20/2025,13,30,12,13:30:12,127,Tahap-3
01/20/2025,13,30,12,13:30:12,78,Tahap-3
01/20/2025,13,30,12,13:30:12,39,Tahap-3
01/20/2025,13,30,12,13:30:12,67,Tahap-3
01/20/2025,13,30,12,13:30:12,73,Tahap-3
01/20/2025,13,30,12,13:30:12,142,Tahap-3
01/20/2025,13,30,13,13:30:13,107,Tahap-3
01/20/2025,13,30,13,13:30:13,91,Tahap-3
01/20/2025,13,30,13,13:30:13,96,Tahap-3
01/20/2025,13,30,13,13:30:13,259,Tahap-3
01/20/2025,13,30,13,13:30:13,542,Tahap-3
01/20/2025,13,30,13,13:30:13,835,Tahap-3
01/20/2025,13,30,13,13:30:13,599,Tahap-3
01/20/2025,13,30,13,13:30:13,152,Tahap-3
01/20/2025,13,30,13,13:30:13,212,Tahap-3
01/20/2025,13,30,13,13:30:13,153,Tahap-3
01/20/2025,13,30,14,13:30:14,322,Tahap-3
01/20/2025,13,30,14,13:30:14,226,Tahap-3
01/20/2025,13,30,14,13:30:14,855,Tahap-3
01/20/2025,13,30,14,13:30:14,736,Tahap-3
01/20/2025,13,30,14,13:30:14,188,Tahap-3
01/20/2025,13,30,14,13:30:14,401,Tahap-3
01/20/2025,13,30,14,13:30:14,168,Tahap-3
01/20/2025,13,30,14,13:30:14,72,Tahap-3
01/20/2025,13,30,14,13:30:14,303,Tahap-3
01/20/2025,13,30,14,13:30:14,160,Tahap-3
01/20/2025,13,30,15,13:30:15,180,Tahap-3
01/20/2025,13,30,15,13:30:15,75,Tahap-3
01/20/2025,13,30,15,13:30:15,158,Tahap-3
01/20/2025,13,30,15,13:30:15,48,Tahap-3
01/20/2025,13,30,15,13:30:15,251,Tahap-3
01/20/2025,13,30,15,13:30:15,103,Tahap-3
01/20/2025,13,30,15,13:30:15,174,Tahap-3
01/20/2025,13,30,15,13:30:15,136,Tahap-3
01/20/2025,13,30,15,13:30:15,788,Tahap-3
01/20/2025,13,30,15,13:30:15,296,Tahap-3
01/20/2025,13,30,15,13:30:15,109,Tahap-3
01/20/2025,13,30,16,13:30:16,336,Tahap-3
01/20/2025,13,30,16,13:30:16,192,Tahap-3
01/20/2025,13,30,16,13:30:16,232,Tahap-3
01/20/2025,13,30,16,13:30:16,456,Tahap-3
01/20/2025,13,30,16,13:30:16,324,Tahap-3
01/20/2025,13,30,16,13:30:16,1388,Tahap-3
01/20/2025,13,30,16,13:30:16,31,Tahap-3
01/20/2025,13,30,16,13:30:16,240,Tahap-3
01/20/2025,13,30,16,13:30:16,268,Tahap-3
01/20/2025,13,30,16,13:30:16,58,Tahap-3
01/20/2025,13,30,17,13:30:17,157,Tahap-3
01/20/2025,13,30,17,13:30:17,213,Tahap-3
01/20/2025,13,30,17,13:30:17,186,Tahap-3
01/20/2025,13,30,17,13:30:17,542,Tahap-3
01/20/2025,13,30,17,13:30:17,711,Tahap-3
01/20/2025,13,30,17,13:30:17,287,Tahap-3
01/20/2025,13,30,17,13:30:17,24,Tahap-3
01/20/2025,13,30,17,13:30:17,28,Tahap-3
01/20/2025,13,30,17,13:30:17,112,Tahap-3
01/20/2025,13,30,17,13:30:17,-36,Tahap-3
01/20/2025,13,30,18,13:30:18,88,Tahap-3
01/20/2025,13,30,18,13:30:18,8,Tahap-3
01/20/2025,13,30,18,13:30:18,20,Tahap-3
01/20/2025,13,30,18,13:30:18,-44,Tahap-3
01/20/2025,13,30,18,13:30:18,132,Tahap-3
01/20/2025,13,30,18,13:30:18,84,Tahap-3
01/20/2025,13,30,18,13:30:18,-84,Tahap-3
01/20/2025,13,30,18,13:30:18,116,Tahap-3
01/20/2025,13,30,18,13:30:18,-40,Tahap-3
01/20/2025,13,30,18,13:30:18,76,Tahap-3
01/20/2025,13,30,19,13:30:19,52,Tahap-3
01/20/2025,13,30,19,13:30:19,84,Tahap-3
01/20/2025,13,30,19,13:30:19,16,Tahap-3
01/20/2025,13,30,19,13:30:19,72,Tahap-3
01/20/2025,13,30,19,13:30:19,-92,Tahap-3
01/20/2025,13,30,19,13:30:19,108,Tahap-3
01/20/2025,13,30,19,13:30:19,144,Tahap-3
01/20/2025,13,30,19,13:30:19,-124,Tahap-3
01/20/2025,13,30,19,13:30:19,92,Tahap-3
01/20/2025,13,30,19,13:30:19,48,Tahap-3
01/20/2025,13,30,20,13:30:20,-12,Tahap-3
01/20/2025,13,30,20,13:30:20,24,Tahap-3
01/20/2025,13,30,20,13:30:20,136,Tahap-3
01/20/2025,13,30,20,13:30:20,-16,Tahap-3
01/20/2025,13,30,20,13:30:20,60,Tahap-3
01/20/2025,13,30,20,13:30:20,-60,Tahap-3
01/20/2025,13,30,20,13:30:20,136,Tahap-3
01/20/2025,13,30,20,13:30:20,20,Tahap-3
01/20/2025,13,30,20,13:30:20,100,Tahap-3
01/20/2025,13,30,20,13:30:20,40,Tahap-3
01/20/2025,13,30,21,13:30:21,88,Tahap-3
01/20/2025,13,30,21,13:30:21,4,Tahap-3
01/20/2025,13,30,21,13:30:21,-12,Tahap-3
01/20/2025,13,30,21,13:30:21,84,Tahap-3
01/20/2025,13,30,21,13:30:21,52,Tahap-3
01/20/2025,13,30,21,13:30:21,28,Tahap-3
01/20/2025,13,30,21,13:30:21,-84,Tahap-3
01/20/2025,13,30,21,13:30:21,252,Tahap-3
01/20/2025,13,30,21,13:30:21,-68,Tahap-3
01/20/2025,13,30,21,13:30:21,28,Tahap-3
01/20/2025,13,30,22,13:30:22,192,Tahap-3
01/20/2025,13,30,22,13:30:22,36,Tahap-3
01/20/2025,13,30,22,13:30:22,100,Tahap-3
01/20/2025,13,30,22,13:30:22,12,Tahap-3
01/20/2025,13,30,22,13:30:22,44,Tahap-3
01/20/2025,13,30,22,13:30:22,56,Tahap-3
01/20/2025,13,30,22,13:30:22,104,Tahap-3
01/20/2025,13,30,22,13:30:22,-64,Tahap-3
01/20/2025,13,30,22,13:30:22,192,Tahap-3
01/20/2025,13,30,22,13:30:22,-40,Tahap-3
01/20/2025,13,30,23,13:30:23,-8,Tahap-3
01/20/2025,13,30,23,13:30:23,128,Tahap-3
01/20/2025,13,30,23,13:30:23,116,Tahap-3
01/20/2025,13,30,23,13:30:23,-28,Tahap-3
01/20/2025,13,30,23,13:30:23,92,Tahap-3
01/20/2025,13,30,23,13:30:23,8,Tahap-3
01/20/2025,13,30,23,13:30:23,44,Tahap-3
01/20/2025,13,30,23,13:30:23,28,Tahap-3
01/20/2025,13,30,23,13:30:23,4,Tahap-3
01/20/2025,13,30,23,13:30:23,84,Tahap-3
01/20/2025,13,30,24,13:30:24,8,Tahap-3
01/20/2025,13,30,24,13:30:24,12,Tahap-3
01/20/2025,13,30,24,13:30:24,72,Tahap-3
01/20/2025,13,30,24,13:30:24,100,Tahap-3
01/20/2025,13,30,24,13:30:24,16,Tahap-3
01/20/2025,13,30,24,13:30:24,-8,Tahap-3
01/20/2025,13,30,24,13:30:24,92,Tahap-3
01/20/2025,13,30,24,13:30:24,56,Tahap-3
01/20/2025,13,30,24,13:30:24,-80,Tahap-3
01/20/2025,13,30,25,13:30:25,200,Tahap-3
01/20/2025,13,30,25,13:30:25,-100,Tahap-3
01/20/2025,13,30,25,13:30:25,120,Tahap-3
01/20/2025,13,30,25,13:30:25,-16,Tahap-3
01/20/2025,13,30,25,13:30:25,60,Tahap-3
01/20/2025,13,30,25,13:30:25,-16,Tahap-3
01/20/2025,13,30,25,13:30:25,88,Tahap-3
01/20/2025,13,30,25,13:30:25,-96,Tahap-3
01/20/2025,13,30,25,13:30:25,144,Tahap-3
01/20/2025,13,30,26,13:30:26,-24,Tahap-3
01/20/2025,13,30,26,13:30:26,104,Tahap-3
01/20/2025,13,30,26,13:30:26,96,Tahap-3
01/20/2025,13,30,26,13:30:26,-44,Tahap-3
01/20/2025,13,30,26,13:30:26,96,Tahap-3
01/20/2025,13,30,26,13:30:26,-4,Tahap-3
01/20/2025,13,30,26,13:30:26,-48,Tahap-3
01/20/2025,13,30,26,13:30:26,32,Tahap-3
01/20/2025,13,30,26,13:30:26,16,Tahap-3
01/20/2025,13,30,26,13:30:26,84,Tahap-3
01/20/2025,13,30,27,13:30:27,160,Tahap-3
01/20/2025,13,30,27,13:30:27,-140,Tahap-3
01/20/2025,13,30,27,13:30:27,48,Tahap-3
01/20/2025,13,30,27,13:30:27,64,Tahap-3
01/20/2025,13,30,27,13:30:27,52,Tahap-3
01/20/2025,13,30,27,13:30:27,-168,Tahap-3
01/20/2025,13,30,27,13:30:27,156,Tahap-3
01/20/2025,13,30,27,13:30:27,-80,Tahap-3
01/20/2025,13,30,27,13:30:27,56,Tahap-3
01/20/2025,13,30,27,13:30:27,8,Tahap-3
01/20/2025,13,30,28,13:30:28,44,Tahap-3
01/20/2025,13,30,28,13:30:28,84,Tahap-3
01/20/2025,13,30,28,13:30:28,-128,Tahap-3
01/20/2025,13,30,28,13:30:28,4,Tahap-3
01/20/2025,13,30,28,13:30:28,-4,Tahap-3
01/20/2025,13,30,28,13:30:28,116,Tahap-3
01/20/2025,13,30,28,13:30:28,-40,Tahap-3
01/20/2025,13,30,28,13:30:28,-4,Tahap-3
01/20/2025,13,30,28,13:30:28,24,Tahap-3
01/20/2025,13,30,28,13:30:28,-48,Tahap-3
01/20/2025,13,30,29,13:30:29,-4,Tahap-3
01/20/2025,13,30,29,13:30:29,64,Tahap-3
01/20/2025,13,30,29,13:30:29,136,Tahap-3
01/20/2025,13,30,29,13:30:29,-172,Tahap-3
01/20/2025,13,30,29,13:30:29,52,Tahap-3
01/20/2025,13,30,29,13:30:29,-8,Tahap-3
01/20/2025,13,30,29,13:30:29,24,Tahap-3
01/20/2025,13,30,29,13:30:29,28,Tahap-3
01/20/2025,13,30,29,13:30:29,-20,Tahap-3
01/20/2025,13,30,29,13:30:29,-68,Tahap-3
01/20/2025,13,30,30,13:30:30,28,Tahap-3
01/20/2025,13,30,30,13:30:30,-132,Tahap-3
01/20/2025,13,30,30,13:30:30,88,Tahap-3
01/20/2025,13,30,30,13:30:30,24,Tahap-3
01/20/2025,13,30,30,13:30:30,-80,Tahap-3
01/20/2025,13,30,54,13:30:54,673,Tahap-3
01/20/2025,13,30,55,13:30:55,588,Tahap-3
01/20/2025,13,30,55,13:30:55,152,Tahap-3
01/20/2025,13,30,55,13:30:55,85,Tahap-3
01/20/2025,13,30,55,13:30:55,139,Tahap-3
01/20/2025,13,30,55,13:30:55,152,Tahap-3
01/20/2025,13,30,55,13:30:55,59,Tahap-3
01/20/2025,13,30,55,13:30:55,142,Tahap-3
01/20/2025,13,30,55,13:30:55,197,Tahap-3
01/20/2025,13,30,55,13:30:55,103,Tahap-3
01/20/2025,13,30,55,13:30:55,76,Tahap-3
01/20/2025,13,30,56,13:30:56,111,Tahap-3
01/20/2025,13,30,56,13:30:56,142,Tahap-3
01/20/2025,13,30,56,13:30:56,18,Tahap-3
01/20/2025,13,30,56,13:30:56,114,Tahap-3
01/20/2025,13,30,56,13:30:56,64,Tahap-3
01/20/2025,13,30,56,13:30:56,169,Tahap-3
01/20/2025,13,30,56,13:30:56,74,Tahap-3
01/20/2025,13,30,56,13:30:56,68,Tahap-3
01/20/2025,13,30,56,13:30:56,81,Tahap-3
01/20/2025,13,30,56,13:30:56,130,Tahap-3
01/20/2025,13,30,57,13:30:57,96,Tahap-3
01/20/2025,13,30,57,13:30:57,317,Tahap-3
01/20/2025,13,30,57,13:30:57,159,Tahap-3
01/20/2025,13,30,57,13:30:57,62,Tahap-3
01/20/2025,13,30,57,13:30:57,79,Tahap-3
01/20/2025,13,30,57,13:30:57,173,Tahap-3
01/20/2025,13,30,57,13:30:57,184,Tahap-3
01/20/2025,13,30,57,13:30:57,180,Tahap-3
01/20/2025,13,30,57,13:30:57,221,Tahap-3
01/20/2025,13,30,57,13:30:57,95,Tahap-3
01/20/2025,13,30,58,13:30:58,96,Tahap-3
01/20/2025,13,30,58,13:30:58,40,Tahap-3
01/20/2025,13,30,58,13:30:58,111,Tahap-3
01/20/2025,13,30,58,13:30:58,141,Tahap-3
01/20/2025,13,30,58,13:30:58,125,Tahap-3
01/20/2025,13,30,58,13:30:58,173,Tahap-3
01/20/2025,13,30,58,13:30:58,64,Tahap-3
01/20/2025,13,30,58,13:30:58,68,Tahap-3
01/20/2025,13,30,58,13:30:58,75,Tahap-3
01/20/2025,13,30,58,13:30:58,59,Tahap-3
01/20/2025,13,30,59,13:30:59,63,Tahap-3
01/20/2025,13,30,59,13:30:59,346,Tahap-3
01/20/2025,13,30,59,13:30:59,117,Tahap-3
01/20/2025,13,30,59,13:30:59,116,Tahap-3
01/20/2025,13,30,59,13:30:59,115,Tahap-3
01/20/2025,13,30,59,13:30:59,36,Tahap-3
01/20/2025,13,30,59,13:30:59,63,Tahap-3
01/20/2025,13,30,59,13:30:59,178,Tahap-3
01/20/2025,13,30,59,13:30:59,109,Tahap-3
01/20/2025,13,30,59,13:30:59,24,Tahap-3
01/20/2025,13,31,1,13:31:01,65,Tahap-3
01/20/2025,13,31,1,13:31:01,118,Tahap-3
01/20/2025,13,31,1,13:31:01,78,Tahap-3
01/20/2025,13,31,1,13:31:01,221,Tahap-3
01/20/2025,13,31,1,13:31:01,212,Tahap-3
01/20/2025,13,31,1,13:31:01,236,Tahap-3
01/20/2025,13,31,1,13:31:01,218,Tahap-3
01/20/2025,13,31,1,13:31:01,146,Tahap-3
01/20/2025,13,31,1,13:31:01,1179,Tahap-3
01/20/2025,13,31,1,13:31:01,569,Tahap-3
01/20/2025,13,31,2,13:31:02,381,Tahap-3
01/20/2025,13,31,2,13:31:02,137,Tahap-3
01/20/2025,13,31,2,13:31:02,21,Tahap-3
01/20/2025,13,31,2,13:31:02,62,Tahap-3
01/20/2025,13,31,2,13:31:02,154,Tahap-3
01/20/2025,13,31,2,13:31:02,50,Tahap-3
01/20/2025,13,31,2,13:31:02,192,Tahap-3
01/20/2025,13,31,2,13:31:02,151,Tahap-3
01/20/2025,13,31,2,13:31:02,99,Tahap-3
01/20/2025,13,31,2,13:31:02,77,Tahap-3
01/20/2025,13,31,3,13:31:03,43,Tahap-3
01/20/2025,13,31,3,13:31:03,163,Tahap-3
01/20/2025,13,31,3,13:31:03,469,Tahap-3
01/20/2025,13,31,3,13:31:03,542,Tahap-3
01/20/2025,13,31,3,13:31:03,857,Tahap-3
01/20/2025,13,31,3,13:31:03,373,Tahap-3
01/20/2025,13,31,3,13:31:03,237,Tahap-3
01/20/2025,13,31,3,13:31:03,141,Tahap-3
01/20/2025,13,31,3,13:31:03,311,Tahap-3
01/20/2025,13,31,3,13:31:03,351,Tahap-3
01/20/2025,13,31,4,13:31:04,92,Tahap-3
01/20/2025,13,31,4,13:31:04,346,Tahap-3
01/20/2025,13,31,4,13:31:04,1230,Tahap-3
01/20/2025,13,31,4,13:31:04,510,Tahap-3
01/20/2025,13,31,5,13:31:05,181,Tahap-3
01/20/2025,13,31,5,13:31:05,239,Tahap-3
01/20/2025,13,31,5,13:31:05,237,Tahap-3
01/20/2025,13,31,5,13:31:05,245,Tahap-3
01/20/2025,13,31,5,13:31:05,87,Tahap-3
01/20/2025,13,31,5,13:31:05,205,Tahap-3
01/20/2025,13,31,5,13:31:05,86,Tahap-3
01/20/2025,13,31,5,13:31:05,220,Tahap-3
01/20/2025,13,31,5,13:31:05,110,Tahap-3
01/20/2025,13,31,5,13:31:05,158,Tahap-3
01/20/2025,13,31,5,13:31:05,127,Tahap-3
01/20/2025,13,31,5,13:31:05,139,Tahap-3
01/20/2025,13,31,5,13:31:05,307,Tahap-3
01/20/2025,13,31,5,13:31:05,183,Tahap-3
01/20/2025,13,31,5,13:31:05,543,Tahap-3
01/20/2025,13,31,5,13:31:05,347,Tahap-3
01/20/2025,13,31,6,13:31:06,76,Tahap-3
01/20/2025,13,31,6,13:31:06,125,Tahap-3
01/20/2025,13,31,6,13:31:06,251,Tahap-3
01/20/2025,13,31,6,13:31:06,492,Tahap-3
01/20/2025,13,31,6,13:31:06,201,Tahap-3
01/20/2025,13,31,6,13:31:06,1237,Tahap-3
01/20/2025,13,31,6,13:31:06,125,Tahap-3
01/20/2025,13,31,6,13:31:06,571,Tahap-3
01/20/2025,13,31,6,13:31:06,357,Tahap-3
01/20/2025,13,31,6,13:31:06,274,Tahap-3
01/20/2025,13,31,7,13:31:07,495,Tahap-3
01/20/2025,13,31,7,13:31:07,546,Tahap-3
01/20/2025,13,31,7,13:31:07,302,Tahap-3
01/20/2025,13,31,7,13:31:07,227,Tahap-3
01/20/2025,13,31,7,13:31:07,530,Tahap-3
01/20/2025,13,31,7,13:31:07,1011,Tahap-3
01/20/2025,13,31,7,13:31:07,-184,Tahap-3
01/20/2025,13,31,7,13:31:07,352,Tahap-3
01/20/2025,13,31,7,13:31:07,-208,Tahap-3
01/20/2025,13,31,7,13:31:07,-72,Tahap-3
01/20/2025,13,31,8,13:31:08,80,Tahap-3
01/20/2025,13,31,8,13:31:08,80,Tahap-3
01/20/2025,13,31,8,13:31:08,-224,Tahap-3
01/20/2025,13,31,8,13:31:08,80,Tahap-3
01/20/2025,13,31,8,13:31:08,-72,Tahap-3
01/20/2025,13,31,8,13:31:08,-48,Tahap-3
01/20/2025,13,31,8,13:31:08,-104,Tahap-3
01/20/2025,13,31,8,13:31:08,-72,Tahap-3
01/20/2025,13,31,8,13:31:08,176,Tahap-3
01/20/2025,13,31,8,13:31:08,-208,Tahap-3
01/20/2025,13,31,9,13:31:09,16,Tahap-3
01/20/2025,13,31,9,13:31:09,80,Tahap-3
01/20/2025,13,31,9,13:31:09,-16,Tahap-3
01/20/2025,13,31,9,13:31:09,-8,Tahap-3
01/20/2025,13,31,9,13:31:09,-40,Tahap-3
01/20/2025,13,31,9,13:31:09,8,Tahap-3
01/20/2025,13,31,9,13:31:09,-144,Tahap-3
01/20/2025,13,31,9,13:31:09,-40,Tahap-3
01/20/2025,13,31,9,13:31:09,384,Tahap-3
01/20/2025,13,31,10,13:31:10,-272,Tahap-3
01/20/2025,13,31,10,13:31:10,176,Tahap-3
01/20/2025,13,31,10,13:31:10,56,Tahap-3
01/20/2025,13,31,10,13:31:10,-64,Tahap-3
01/20/2025,13,31,10,13:31:10,-104,Tahap-3
01/20/2025,13,31,10,13:31:10,96,Tahap-3
01/20/2025,13,31,10,13:31:10,-192,Tahap-3
01/20/2025,13,31,10,13:31:10,96,Tahap-3
01/20/2025,13,31,10,13:31:10,-152,Tahap-3
01/20/2025,13,31,10,13:31:10,-48,Tahap-3
01/20/2025,13,31,10,13:31:10,224,Tahap-3
01/20/2025,13,31,11,13:31:11,-160,Tahap-3
01/20/2025,13,31,11,13:31:11,-16,Tahap-3
01/20/2025,13,31,11,13:31:11,120,Tahap-3
01/20/2025,13,31,11,13:31:11,-24,Tahap-3
01/20/2025,13,31,11,13:31:11,-160,Tahap-3
01/20/2025,13,31,11,13:31:11,144,Tahap-3
01/20/2025,13,31,11,13:31:11,40,Tahap-3
01/20/2025,13,31,11,13:31:11,-24,Tahap-3
01/20/2025,13,31,11,13:31:11,-40,Tahap-3
01/20/2025,13,31,12,13:31:12,160,Tahap-3
01/20/2025,13,31,12,13:31:12,-192,Tahap-3
01/20/2025,13,31,12,13:31:12,256,Tahap-3
01/20/2025,13,31,12,13:31:12,-8,Tahap-3
01/20/2025,13,31,12,13:31:12,128,Tahap-3
01/20/2025,13,31,12,13:31:12,-168,Tahap-3
01/20/2025,13,31,12,13:31:12,56,Tahap-3
01/20/2025,13,31,12,13:31:12,16,Tahap-3
01/20/2025,13,31,12,13:31:12,80,Tahap-3
01/20/2025,13,31,12,13:31:12,-272,Tahap-3
01/20/2025,13,31,13,13:31:13,184,Tahap-3
01/20/2025,13,31,13,13:31:13,128,Tahap-3
01/20/2025,13,31,13,13:31:13,-128,Tahap-3
01/20/2025,13,31,13,13:31:13,72,Tahap-3
01/20/2025,13,31,13,13:31:13,312,Tahap-3
01/20/2025,13,31,13,13:31:13,-160,Tahap-3
01/20/2025,13,31,13,13:31:13,32,Tahap-3
01/20/2025,13,31,13,13:31:13,-40,Tahap-3
01/20/2025,13,31,13,13:31:13,-56,Tahap-3
01/20/2025,13,31,14,13:31:14,-80,Tahap-3
01/20/2025,13,31,14,13:31:14,-24,Tahap-3
01/20/2025,13,31,14,13:31:14,216,Tahap-3
01/20/2025,13,31,14,13:31:14,-216,Tahap-3
01/20/2025,13,31,14,13:31:14,80,Tahap-3
01/20/2025,13,31,14,13:31:14,8,Tahap-3
01/20/2025,13,31,14,13:31:14,208,Tahap-3
01/20/2025,13,31,14,13:31:14,-368,Tahap-3
01/20/2025,13,31,14,13:31:14,344,Tahap-3
01/20/2025,13,31,14,13:31:14,-152,Tahap-3
01/20/2025,13,31,15,13:31:15,24,Tahap-3
01/20/2025,13,31,15,13:31:15,-128,Tahap-3
01/20/2025,13,31,15,13:31:15,-40,Tahap-3
01/20/2025,13,31,15,13:31:15,56,Tahap-3
01/20/2025,13,31,15,13:31:15,-192,Tahap-3
01/20/2025,13,31,15,13:31:15,48,Tahap-3
01/20/2025,13,31,15,13:31:15,16,Tahap-3
01/20/2025,13,31,15,13:31:15,112,Tahap-3
01/20/2025,13,31,15,13:31:15,-16,Tahap-3
01/20/2025,13,31,15,13:31:15,-136,Tahap-3
01/20/2025,13,31,16,13:31:16,120,Tahap-3
01/20/2025,13,31,16,13:31:16,-144,Tahap-3
01/20/2025,13,31,16,13:31:16,-32,Tahap-3
01/20/2025,13,31,16,13:31:16,-96,Tahap-3
01/20/2025,13,31,16,13:31:16,296,Tahap-3
01/20/2025,13,31,16,13:31:16,-384,Tahap-3
01/20/2025,13,31,16,13:31:16,128,Tahap-3
01/20/2025,13,31,16,13:31:16,-64,Tahap-3
01/20/2025,13,31,16,13:31:16,-160,Tahap-3
01/20/2025,13,31,16,13:31:16,-104,Tahap-3
01/20/2025,13,31,17,13:31:17,96,Tahap-3
01/20/2025,13,31,17,13:31:17,-232,Tahap-3
01/20/2025,13,31,17,13:31:17,72,Tahap-3
01/20/2025,13,31,17,13:31:17,-248,Tahap-3
01/20/2025,13,31,17,13:31:17,8,Tahap-3
01/20/2025,13,31,17,13:31:17,88,Tahap-3
01/20/2025,13,31,17,13:31:17,-112,Tahap-3
01/20/2025,13,31,17,13:31:17,-32,Tahap-3
01/20/2025,13,31,17,13:31:17,136,Tahap-3
01/20/2025,13,31,17,13:31:17,-120,Tahap-3
01/20/2025,13,31,18,13:31:18,-168,Tahap-3
01/20/2025,13,31,18,13:31:18,136,Tahap-3
01/20/2025,13,31,18,13:31:18,-40,Tahap-3
01/20/2025,13,31,18,13:31:18,-80,Tahap-3
01/20/2025,13,31,18,13:31:18,-56,Tahap-3
01/20/2025,13,31,18,13:31:18,-48,Tahap-3
01/20/2025,13,31,18,13:31:18,88,Tahap-3
01/20/2025,13,31,18,13:31:18,-232,Tahap-3
01/20/2025,13,31,18,13:31:18,160,Tahap-3
01/20/2025,13,31,18,13:31:18,-280,Tahap-3
01/20/2025,13,31,19,13:31:19,104,Tahap-3
01/20/2025,13,31,19,13:31:19,-344,Tahap-3
01/20/2025,13,31,19,13:31:19,40,Tahap-3
01/20/2025,13,31,19,13:31:19,-104,Tahap-3
01/20/2025,13,31,19,13:31:19,-32,Tahap-3
01/20/2025,13,31,19,13:31:19,-344,Tahap-3
01/20/2025,13,31,19,13:31:19,64,Tahap-3
01/20/2025,13,31,19,13:31:19,64,Tahap-3
01/20/2025,13,31,19,13:31:19,-280,Tahap-3
01/20/2025,13,31,19,13:31:19,16,Tahap-3
01/20/2025,13,31,20,13:31:20,-16,Tahap-3
01/20/2025,13,31,20,13:31:20,-200,Tahap-3
01/20/2025,13,31,20,13:31:20,-88,Tahap-3
01/20/2025,13,31,20,13:31:20,-208,Tahap-3
01/20/2025,13,31,44,13:31:44,1748,Tahap-3
01/20/2025,13,31,44,13:31:44,1075,Tahap-3
01/20/2025,13,31,45,13:31:45,483,Tahap-3
01/20/2025,13,31,45,13:31:45,256,Tahap-3
01/20/2025,13,31,45,13:31:45,322,Tahap-3
01/20/2025,13,31,45,13:31:45,231,Tahap-3
01/20/2025,13,31,45,13:31:45,300,Tahap-3
01/20/2025,13,31,45,13:31:45,193,Tahap-3
01/20/2025,13,31,45,13:31:45,210,Tahap-3
01/20/2025,13,31,45,13:31:45,162,Tahap-3
01/20/2025,13,31,45,13:31:45,262,Tahap-3
01/20/2025,13,31,45,13:31:45,258,Tahap-3
01/20/2025,13,31,46,13:31:46,235,Tahap-3
01/20/2025,13,31,46,13:31:46,88,Tahap-3
01/20/2025,13,31,46,13:31:46,201,Tahap-3
01/20/2025,13,31,46,13:31:46,56,Tahap-3
01/20/2025,13,31,46,13:31:46,214,Tahap-3
01/20/2025,13,31,46,13:31:46,99,Tahap-3
01/20/2025,13,31,46,13:31:46,118,Tahap-3
01/20/2025,13,31,46,13:31:46,110,Tahap-3
01/20/2025,13,31,46,13:31:46,134,Tahap-3
01/20/2025,13,31,46,13:31:46,57,Tahap-3
01/20/2025,13,31,47,13:31:47,309,Tahap-3
01/20/2025,13,31,47,13:31:47,174,Tahap-3
01/20/2025,13,31,47,13:31:47,168,Tahap-3
01/20/2025,13,31,47,13:31:47,213,Tahap-3
01/20/2025,13,31,47,13:31:47,177,Tahap-3
01/20/2025,13,31,47,13:31:47,98,Tahap-3
01/20/2025,13,31,47,13:31:47,225,Tahap-3
01/20/2025,13,31,47,13:31:47,278,Tahap-3
01/20/2025,13,31,47,13:31:47,12,Tahap-3
01/20/2025,13,31,47,13:31:47,75,Tahap-3
01/20/2025,13,31,48,13:31:48,140,Tahap-3
01/20/2025,13,31,48,13:31:48,182,Tahap-3
01/20/2025,13,31,48,13:31:48,217,Tahap-3
01/20/2025,13,31,48,13:31:48,108,Tahap-3
01/20/2025,13,31,48,13:31:48,82,Tahap-3
01/20/2025,13,31,48,13:31:48,103,Tahap-3
01/20/2025,13,31,48,13:31:48,151,Tahap-3
01/20/2025,13,31,48,13:31:48,95,Tahap-3
01/20/2025,13,31,48,13:31:48,134,Tahap-3
01/20/2025,13,31,48,13:31:48,46,Tahap-3
01/20/2025,13,31,49,13:31:49,305,Tahap-3
01/20/2025,13,31,49,13:31:49,188,Tahap-3
01/20/2025,13,31,49,13:31:49,246,Tahap-3
01/20/2025,13,31,49,13:31:49,59,Tahap-3
01/20/2025,13,31,49,13:31:49,112,Tahap-3
01/20/2025,13,31,49,13:31:49,84,Tahap-3
01/20/2025,13,31,49,13:31:49,170,Tahap-3
01/20/2025,13,31,49,13:31:49,113,Tahap-3
01/20/2025,13,31,49,13:31:49,13,Tahap-3
01/20/2025,13,31,49,13:31:49,164,Tahap-3
01/20/2025,13,31,50,13:31:50,13,Tahap-3
01/20/2025,13,31,50,13:31:50,45,Tahap-3
01/20/2025,13,31,50,13:31:50,73,Tahap-3
01/20/2025,13,31,50,13:31:50,76,Tahap-3
01/20/2025,13,31,50,13:31:50,47,Tahap-3
01/20/2025,13,31,50,13:31:50,107,Tahap-3
01/20/2025,13,31,50,13:31:50,158,Tahap-3
01/20/2025,13,31,50,13:31:50,98,Tahap-3
01/20/2025,13,31,50,13:31:50,61,Tahap-3
01/20/2025,13,31,50,13:31:50,327,Tahap-3
01/20/2025,13,31,51,13:31:51,264,Tahap-3
01/20/2025,13,31,51,13:31:51,309,Tahap-3
01/20/2025,13,31,51,13:31:51,176,Tahap-3
01/20/2025,13,31,51,13:31:51,60,Tahap-3
01/20/2025,13,31,51,13:31:51,179,Tahap-3
01/20/2025,13,31,51,13:31:51,447,Tahap-3
01/20/2025,13,31,51,13:31:51,647,Tahap-3
01/20/2025,13,31,51,13:31:51,795,Tahap-3
01/20/2025,13,31,51,13:31:51,531,Tahap-3
01/20/2025,13,31,51,13:31:51,313,Tahap-3
01/20/2025,13,31,52,13:31:52,123,Tahap-3
01/20/2025,13,31,52,13:31:52,205,Tahap-3
01/20/2025,13,31,52,13:31:52,123,Tahap-3
01/20/2025,13,31,52,13:31:52,179,Tahap-3
01/20/2025,13,31,52,13:31:52,133,Tahap-3
01/20/2025,13,31,52,13:31:52,127,Tahap-3
01/20/2025,13,31,52,13:31:52,174,Tahap-3
01/20/2025,13,31,52,13:31:52,24,Tahap-3
01/20/2025,13,31,52,13:31:52,125,Tahap-3
01/20/2025,13,31,52,13:31:52,74,Tahap-3
01/20/2025,13,31,53,13:31:53,92,Tahap-3
01/20/2025,13,31,53,13:31:53,408,Tahap-3
01/20/2025,13,31,53,13:31:53,190,Tahap-3
01/20/2025,13,31,53,13:31:53,810,Tahap-3
01/20/2025,13,31,53,13:31:53,474,Tahap-3
01/20/2025,13,31,53,13:31:53,420,Tahap-3
01/20/2025,13,31,53,13:31:53,801,Tahap-3
01/20/2025,13,31,53,13:31:53,285,Tahap-3
01/20/2025,13,31,53,13:31:53,253,Tahap-3
01/20/2025,13,31,53,13:31:53,506,Tahap-3
01/20/2025,13,31,54,13:31:54,177,Tahap-3
01/20/2025,13,31,54,13:31:54,938,Tahap-3
01/20/2025,13,31,54,13:31:54,341,Tahap-3
01/20/2025,13,31,54,13:31:54,346,Tahap-3
01/20/2025,13,31,54,13:31:54,353,Tahap-3
01/20/2025,13,31,54,13:31:54,146,Tahap-3
01/20/2025,13,31,54,13:31:54,128,Tahap-3
01/20/2025,13,31,54,13:31:54,244,Tahap-3
01/20/2025,13,31,54,13:31:54,148,Tahap-3
01/20/2025,13,31,54,13:31:54,232,Tahap-3
01/20/2025,13,31,55,13:31:55,224,Tahap-3
01/20/2025,13,31,55,13:31:55,235,Tahap-3
01/20/2025,13,31,55,13:31:55,242,Tahap-3
01/20/2025,13,31,55,13:31:55,76,Tahap-3
01/20/2025,13,31,55,13:31:55,103,Tahap-3
01/20/2025,13,31,55,13:31:55,383,Tahap-3
01/20/2025,13,31,55,13:31:55,479,Tahap-3
01/20/2025,13,31,55,13:31:55,452,Tahap-3
01/20/2025,13,31,55,13:31:55,375,Tahap-3
01/20/2025,13,31,55,13:31:55,258,Tahap-3
01/20/2025,13,31,56,13:31:56,389,Tahap-3
01/20/2025,13,31,56,13:31:56,179,Tahap-3
01/20/2025,13,31,56,13:31:56,281,Tahap-3
01/20/2025,13,31,56,13:31:56,875,Tahap-3
01/20/2025,13,31,56,13:31:56,1268,Tahap-3
01/20/2025,13,31,56,13:31:56,710,Tahap-3
01/20/2025,13,31,56,13:31:56,518,Tahap-3
01/20/2025,13,31,56,13:31:56,466,Tahap-3
01/20/2025,13,31,56,13:31:56,725,Tahap-3
01/20/2025,13,31,56,13:31:56,320,Tahap-3
01/20/2025,13,31,57,13:31:57,273,Tahap-3
01/20/2025,13,31,57,13:31:57,414,Tahap-3
01/20/2025,13,31,57,13:31:57,89,Tahap-3
01/20/2025,13,31,57,13:31:57,431,Tahap-3
01/20/2025,13,31,57,13:31:57,154,Tahap-3
01/20/2025,13,31,57,13:31:57,-52,Tahap-3
01/20/2025,13,31,57,13:31:57,48,Tahap-3
01/20/2025,13,31,57,13:31:57,-24,Tahap-3
01/20/2025,13,31,57,13:31:57,-48,Tahap-3
01/20/2025,13,31,57,13:31:57,128,Tahap-3
01/20/2025,13,31,58,13:31:58,-124,Tahap-3
01/20/2025,13,31,58,13:31:58,76,Tahap-3
01/20/2025,13,31,58,13:31:58,-100,Tahap-3
01/20/2025,13,31,58,13:31:58,80,Tahap-3
01/20/2025,13,31,58,13:31:58,-80,Tahap-3
01/20/2025,13,31,58,13:31:58,28,Tahap-3
01/20/2025,13,31,58,13:31:58,-164,Tahap-3
01/20/2025,13,31,58,13:31:58,116,Tahap-3
01/20/2025,13,31,58,13:31:58,-64,Tahap-3
01/20/2025,13,31,58,13:31:58,-60,Tahap-3
01/20/2025,13,31,59,13:31:59,84,Tahap-3
01/20/2025,13,31,59,13:31:59,52,Tahap-3
01/20/2025,13,31,59,13:31:59,-132,Tahap-3
01/20/2025,13,31,59,13:31:59,24,Tahap-3
01/20/2025,13,31,59,13:31:59,-8,Tahap-3
01/20/2025,13,31,59,13:31:59,-72,Tahap-3
01/20/2025,13,31,59,13:31:59,44,Tahap-3
01/20/2025,13,31,59,13:31:59,-88,Tahap-3
01/20/2025,13,31,59,13:31:59,108,Tahap-3
01/20/2025,13,31,59,13:31:59,28,Tahap-3
01/20/2025,13,32,1,13:32:01,-56,Tahap-3
01/20/2025,13,32,1,13:32:01,60,Tahap-3
01/20/2025,13,32,1,13:32:01,-36,Tahap-3
01/20/2025,13,32,1,13:32:01,32,Tahap-3
01/20/2025,13,32,1,13:32:01,8,Tahap-3
01/20/2025,13,32,1,13:32:01,24,Tahap-3
01/20/2025,13,32,1,13:32:01,-24,Tahap-3
01/20/2025,13,32,1,13:32:01,44,Tahap-3
01/20/2025,13,32,1,13:32:01,-24,Tahap-3
01/20/2025,13,32,1,13:32:01,-8,Tahap-3
01/20/2025,13,32,2,13:32:02,116,Tahap-3
01/20/2025,13,32,2,13:32:02,-12,Tahap-3
01/20/2025,13,32,2,13:32:02,-32,Tahap-3
01/20/2025,13,32,2,13:32:02,84,Tahap-3
01/20/2025,13,32,2,13:32:02,-8,Tahap-3
01/20/2025,13,32,2,13:32:02,20,Tahap-3
01/20/2025,13,32,2,13:32:02,36,Tahap-3
01/20/2025,13,32,2,13:32:02,76,Tahap-3
01/20/2025,13,32,2,13:32:02,12,Tahap-3
01/20/2025,13,32,2,13:32:02,48,Tahap-3
01/20/2025,13,32,3,13:32:03,-92,Tahap-3
01/20/2025,13,32,3,13:32:03,232,Tahap-3
01/20/2025,13,32,3,13:32:03,-4,Tahap-3
01/20/2025,13,32,3,13:32:03,108,Tahap-3
01/20/2025,13,32,3,13:32:03,56,Tahap-3
01/20/2025,13,32,3,13:32:03,132,Tahap-3
01/20/2025,13,32,3,13:32:03,-72,Tahap-3
01/20/2025,13,32,3,13:32:03,120,Tahap-3
01/20/2025,13,32,3,13:32:03,84,Tahap-3
01/20/2025,13,32,3,13:32:03,64,Tahap-3
01/20/2025,13,32,4,13:32:04,16,Tahap-3
01/20/2025,13,32,4,13:32:04,12,Tahap-3
01/20/2025,13,32,4,13:32:04,176,Tahap-3
01/20/2025,13,32,4,13:32:04,-28,Tahap-3
01/20/2025,13,32,4,13:32:04,104,Tahap-3
01/20/2025,13,32,5,13:32:05,68,Tahap-3
01/20/2025,13,32,5,13:32:05,60,Tahap-3
01/20/2025,13,32,5,13:32:05,88,Tahap-3
01/20/2025,13,32,5,13:32:05,4,Tahap-3
01/20/2025,13,32,5,13:32:05,208,Tahap-3
01/20/2025,13,32,5,13:32:05,-12,Tahap-3
01/20/2025,13,32,5,13:32:05,140,Tahap-3
01/20/2025,13,32,5,13:32:05,12,Tahap-3
01/20/2025,13,32,5,13:32:05,140,Tahap-3
01/20/2025,13,32,5,13:32:05,72,Tahap-3
01/20/2025,13,32,5,13:32:05,164,Tahap-3
01/20/2025,13,32,5,13:32:05,84,Tahap-3
01/20/2025,13,32,5,13:32:05,92,Tahap-3
01/20/2025,13,32,5,13:32:05,80,Tahap-3
01/20/2025,13,32,5,13:32:05,80,Tahap-3
01/20/2025,13,32,6,13:32:06,24,Tahap-3
01/20/2025,13,32,6,13:32:06,124,Tahap-3
01/20/2025,13,32,6,13:32:06,112,Tahap-3
01/20/2025,13,32,6,13:32:06,140,Tahap-3
01/20/2025,13,32,6,13:32:06,-32,Tahap-3
01/20/2025,13,32,6,13:32:06,148,Tahap-3
01/20/2025,13,32,6,13:32:06,64,Tahap-3
01/20/2025,13,32,6,13:32:06,68,Tahap-3
01/20/2025,13,32,6,13:32:06,100,Tahap-3
01/20/2025,13,32,6,13:32:06,32,Tahap-3
01/20/2025,13,32,6,13:32:06,144,Tahap-3
01/20/2025,13,32,7,13:32:07,136,Tahap-3
01/20/2025,13,32,7,13:32:07,-72,Tahap-3
01/20/2025,13,32,7,13:32:07,256,Tahap-3
01/20/2025,13,32,7,13:32:07,-36,Tahap-3
01/20/2025,13,32,7,13:32:07,60,Tahap-3
01/20/2025,13,32,7,13:32:07,148,Tahap-3
01/20/2025,13,32,7,13:32:07,68,Tahap-3
01/20/2025,13,32,7,13:32:07,80,Tahap-3
01/20/2025,13,32,7,13:32:07,88,Tahap-3
01/20/2025,13,32,8,13:32:08,72,Tahap-3
01/20/2025,13,32,8,13:32:08,36,Tahap-3
01/20/2025,13,32,8,13:32:08,140,Tahap-3
01/20/2025,13,32,8,13:32:08,-104,Tahap-3
01/20/2025,13,32,8,13:32:08,268,Tahap-3
01/20/2025,13,32,8,13:32:08,72,Tahap-3
01/20/2025,13,32,8,13:32:08,-52,Tahap-3
01/20/2025,13,32,8,13:32:08,188,Tahap-3
01/20/2025,13,32,8,13:32:08,24,Tahap-3
01/20/2025,13,32,8,13:32:08,24,Tahap-3
01/20/2025,13,32,9,13:32:09,140,Tahap-3
01/20/2025,13,32,9,13:32:09,64,Tahap-3
01/20/2025,13,32,9,13:32:09,8,Tahap-3
01/20/2025,13,32,9,13:32:09,128,Tahap-3
01/20/2025,13,32,9,13:32:09,-8,Tahap-3
01/20/2025,13,32,9,13:32:09,104,Tahap-3
01/20/2025,13,32,9,13:32:09,72,Tahap-3
01/20/2025,13,32,9,13:32:09,80,Tahap-3
01/20/2025,13,32,9,13:32:09,68,Tahap-3
01/20/2025,13,32,9,13:32:09,168,Tahap-3
01/20/2025,13,32,10,13:32:10,-64,Tahap-3
01/20/2025,13,32,10,13:32:10,80,Tahap-3
01/20/2025,13,32,10,13:32:10,60,Tahap-3
01/20/2025,13,32,35,13:32:35,2669,Tahap-3
01/20/2025,13,32,35,13:32:35,608,Tahap-3
01/20/2025,13,32,35,13:32:35,298,Tahap-3
01/20/2025,13,32,35,13:32:35,274,Tahap-3
01/20/2025,13,32,35,13:32:35,215,Tahap-3
01/20/2025,13,32,35,13:32:35,215,Tahap-3
01/20/2025,13,32,35,13:32:35,301,Tahap-3
01/20/2025,13,32,35,13:32:35,104,Tahap-3
01/20/2025,13,32,35,13:32:35,148,Tahap-3
01/20/2025,13,32,35,13:32:35,140,Tahap-3
01/20/2025,13,32,35,13:32:35,66,Tahap-3
01/20/2025,13,32,35,13:32:35,135,Tahap-3
01/20/2025,13,32,35,13:32:35,71,Tahap-3
01/20/2025,13,32,36,13:32:36,103,Tahap-3
01/20/2025,13,32,36,13:32:36,43,Tahap-3
01/20/2025,13,32,36,13:32:36,172,Tahap-3
01/20/2025,13,32,36,13:32:36,136,Tahap-3
01/20/2025,13,32,36,13:32:36,140,Tahap-3
01/20/2025,13,32,36,13:32:36,48,Tahap-3
01/20/2025,13,32,36,13:32:36,53,Tahap-3
01/20/2025,13,32,36,13:32:36,88,Tahap-3
01/20/2025,13,32,36,13:32:36,70,Tahap-3
01/20/2025,13,32,36,13:32:36,122,Tahap-3
01/20/2025,13,32,37,13:32:37,173,Tahap-3
01/20/2025,13,32,37,13:32:37,30,Tahap-3
01/20/2025,13,32,37,13:32:37,19,Tahap-3
01/20/2025,13,32,37,13:32:37,168,Tahap-3
01/20/2025,13,32,37,13:32:37,154,Tahap-3
01/20/2025,13,32,37,13:32:37,116,Tahap-3
01/20/2025,13,32,37,13:32:37,298,Tahap-3
01/20/2025,13,32,37,13:32:37,141,Tahap-3
01/20/2025,13,32,37,13:32:37,107,Tahap-3
01/20/2025,13,32,37,13:32:37,28,Tahap-3
01/20/2025,13,32,38,13:32:38,71,Tahap-3
01/20/2025,13,32,38,13:32:38,130,Tahap-3
01/20/2025,13,32,38,13:32:38,195,Tahap-3
01/20/2025,13,32,38,13:32:38,71,Tahap-3
01/20/2025,13,32,38,13:32:38,76,Tahap-3
01/20/2025,13,32,38,13:32:38,30,Tahap-3
01/20/2025,13,32,38,13:32:38,80,Tahap-3
01/20/2025,13,32,38,13:32:38,124,Tahap-3
01/20/2025,13,32,38,13:32:38,110,Tahap-3
01/20/2025,13,32,38,13:32:38,368,Tahap-3
01/20/2025,13,32,39,13:32:39,174,Tahap-3
01/20/2025,13,32,39,13:32:39,74,Tahap-3
01/20/2025,13,32,39,13:32:39,117,Tahap-3
01/20/2025,13,32,39,13:32:39,271,Tahap-3
01/20/2025,13,32,39,13:32:39,196,Tahap-3
01/20/2025,13,32,39,13:32:39,128,Tahap-3
01/20/2025,13,32,39,13:32:39,105,Tahap-3
01/20/2025,13,32,39,13:32:39,218,Tahap-3
01/20/2025,13,32,39,13:32:39,111,Tahap-3
01/20/2025,13,32,39,13:32:39,17,Tahap-3
01/20/2025,13,32,40,13:32:40,51,Tahap-3
01/20/2025,13,32,40,13:32:40,57,Tahap-3
01/20/2025,13,32,40,13:32:40,51,Tahap-3
01/20/2025,13,32,40,13:32:40,35,Tahap-3
01/20/2025,13,32,40,13:32:40,120,Tahap-3
01/20/2025,13,32,40,13:32:40,142,Tahap-3
01/20/2025,13,32,40,13:32:40,222,Tahap-3
01/20/2025,13,32,40,13:32:40,200,Tahap-3
01/20/2025,13,32,40,13:32:40,94,Tahap-3
01/20/2025,13,32,40,13:32:40,93,Tahap-3
01/20/2025,13,32,41,13:32:41,216,Tahap-3
01/20/2025,13,32,41,13:32:41,317,Tahap-3
01/20/2025,13,32,41,13:32:41,89,Tahap-3
01/20/2025,13,32,41,13:32:41,201,Tahap-3
01/20/2025,13,32,41,13:32:41,521,Tahap-3
01/20/2025,13,32,41,13:32:41,464,Tahap-3
01/20/2025,13,32,41,13:32:41,903,Tahap-3
01/20/2025,13,32,41,13:32:41,701,Tahap-3
01/20/2025,13,32,41,13:32:41,249,Tahap-3
01/20/2025,13,32,41,13:32:41,305,Tahap-3
01/20/2025,13,32,42,13:32:42,135,Tahap-3
01/20/2025,13,32,42,13:32:42,178,Tahap-3
01/20/2025,13,32,42,13:32:42,196,Tahap-3
01/20/2025,13,32,42,13:32:42,82,Tahap-3
01/20/2025,13,32,42,13:32:42,134,Tahap-3
01/20/2025,13,32,42,13:32:42,163,Tahap-3
01/20/2025,13,32,42,13:32:42,70,Tahap-3
01/20/2025,13,32,42,13:32:42,100,Tahap-3
01/20/2025,13,32,42,13:32:42,203,Tahap-3
01/20/2025,13,32,42,13:32:42,117,Tahap-3
01/20/2025,13,32,43,13:32:43,166,Tahap-3
01/20/2025,13,32,43,13:32:43,267,Tahap-3
01/20/2025,13,32,43,13:32:43,958,Tahap-3
01/20/2025,13,32,43,13:32:43,279,Tahap-3
01/20/2025,13,32,43,13:32:43,158,Tahap-3
01/20/2025,13,32,43,13:32:43,283,Tahap-3
01/20/2025,13,32,43,13:32:43,342,Tahap-3
01/20/2025,13,32,43,13:32:43,158,Tahap-3
01/20/2025,13,32,43,13:32:43,153,Tahap-3
01/20/2025,13,32,43,13:32:43,205,Tahap-3
01/20/2025,13,32,44,13:32:44,1459,Tahap-3
01/20/2025,13,32,44,13:32:44,324,Tahap-3
01/20/2025,13,32,44,13:32:44,114,Tahap-3
01/20/2025,13,32,44,13:32:44,264,Tahap-3
01/20/2025,13,32,44,13:32:44,46,Tahap-3
01/20/2025,13,32,44,13:32:44,107,Tahap-3
01/20/2025,13,32,44,13:32:44,96,Tahap-3
01/20/2025,13,32,44,13:32:44,45,Tahap-3
01/20/2025,13,32,44,13:32:44,131,Tahap-3
01/20/2025,13,32,44,13:32:44,97,Tahap-3
01/20/2025,13,32,45,13:32:45,280,Tahap-3
01/20/2025,13,32,45,13:32:45,103,Tahap-3
01/20/2025,13,32,45,13:32:45,111,Tahap-3
01/20/2025,13,32,45,13:32:45,147,Tahap-3
01/20/2025,13,32,45,13:32:45,65,Tahap-3
01/20/2025,13,32,45,13:32:45,471,Tahap-3
01/20/2025,13,32,45,13:32:45,55,Tahap-3
01/20/2025,13,32,45,13:32:45,595,Tahap-3
01/20/2025,13,32,45,13:32:45,535,Tahap-3
01/20/2025,13,32,45,13:32:45,343,Tahap-3
01/20/2025,13,32,46,13:32:46,167,Tahap-3
01/20/2025,13,32,46,13:32:46,229,Tahap-3
01/20/2025,13,32,46,13:32:46,499,Tahap-3
01/20/2025,13,32,46,13:32:46,890,Tahap-3
01/20/2025,13,32,46,13:32:46,576,Tahap-3
01/20/2025,13,32,46,13:32:46,796,Tahap-3
01/20/2025,13,32,46,13:32:46,1124,Tahap-3
01/20/2025,13,32,46,13:32:46,405,Tahap-3
01/20/2025,13,32,46,13:32:46,342,Tahap-3
01/20/2025,13,32,46,13:32:46,48,Tahap-3
01/20/2025,13,32,47,13:32:47,570,Tahap-3
01/20/2025,13,32,47,13:32:47,546,Tahap-3
01/20/2025,13,32,47,13:32:47,288,Tahap-3
01/20/2025,13,32,47,13:32:47,420,Tahap-3
01/20/2025,13,32,47,13:32:47,20,Tahap-3
01/20/2025,13,32,47,13:32:47,100,Tahap-3
01/20/2025,13,32,47,13:32:47,28,Tahap-3
01/20/2025,13,32,47,13:32:47,92,Tahap-3
01/20/2025,13,32,47,13:32:47,144,Tahap-3
01/20/2025,13,32,48,13:32:48,60,Tahap-3
01/20/2025,13,32,48,13:32:48,60,Tahap-3
01/20/2025,13,32,48,13:32:48,68,Tahap-3
01/20/2025,13,32,48,13:32:48,-44,Tahap-3
01/20/2025,13,32,48,13:32:48,232,Tahap-3
01/20/2025,13,32,48,13:32:48,8,Tahap-3
01/20/2025,13,32,48,13:32:48,24,Tahap-3
01/20/2025,13,32,48,13:32:48,40,Tahap-3
01/20/2025,13,32,48,13:32:48,84,Tahap-3
01/20/2025,13,32,48,13:32:48,-12,Tahap-3
01/20/2025,13,32,49,13:32:49,180,Tahap-3
01/20/2025,13,32,49,13:32:49,16,Tahap-3
01/20/2025,13,32,49,13:32:49,24,Tahap-3
01/20/2025,13,32,49,13:32:49,32,Tahap-3
01/20/2025,13,32,49,13:32:49,16,Tahap-3
01/20/2025,13,32,49,13:32:49,172,Tahap-3
01/20/2025,13,32,49,13:32:49,-44,Tahap-3
01/20/2025,13,32,49,13:32:49,172,Tahap-3
01/20/2025,13,32,49,13:32:49,36,Tahap-3
01/20/2025,13,32,49,13:32:49,132,Tahap-3
01/20/2025,13,32,50,13:32:50,20,Tahap-3
01/20/2025,13,32,50,13:32:50,68,Tahap-3
01/20/2025,13,32,50,13:32:50,28,Tahap-3
01/20/2025,13,32,50,13:32:50,96,Tahap-3
01/20/2025,13,32,50,13:32:50,-60,Tahap-3
01/20/2025,13,32,50,13:32:50,120,Tahap-3
01/20/2025,13,32,50,13:32:50,180,Tahap-3
01/20/2025,13,32,50,13:32:50,-52,Tahap-3
01/20/2025,13,32,50,13:32:50,48,Tahap-3
01/20/2025,13,32,50,13:32:50,156,Tahap-3
01/20/2025,13,32,51,13:32:51,-12,Tahap-3
01/20/2025,13,32,51,13:32:51,56,Tahap-3
01/20/2025,13,32,51,13:32:51,-16,Tahap-3
01/20/2025,13,32,51,13:32:51,92,Tahap-3
01/20/2025,13,32,51,13:32:51,-48,Tahap-3
01/20/2025,13,32,51,13:32:51,28,Tahap-3
01/20/2025,13,32,51,13:32:51,136,Tahap-3
01/20/2025,13,32,51,13:32:51,-116,Tahap-3
01/20/2025,13,32,51,13:32:51,16,Tahap-3
01/20/2025,13,32,52,13:32:52,52,Tahap-3
01/20/2025,13,32,52,13:32:52,32,Tahap-3
01/20/2025,13,32,52,13:32:52,-76,Tahap-3
01/20/2025,13,32,52,13:32:52,128,Tahap-3
01/20/2025,13,32,52,13:32:52,-56,Tahap-3
01/20/2025,13,32,52,13:32:52,40,Tahap-3
01/20/2025,13,32,52,13:32:52,-56,Tahap-3
01/20/2025,13,32,52,13:32:52,32,Tahap-3
01/20/2025,13,32,52,13:32:52,68,Tahap-3
01/20/2025,13,32,52,13:32:52,-88,Tahap-3
01/20/2025,13,32,53,13:32:53,36,Tahap-3
01/20/2025,13,32,53,13:32:53,-8,Tahap-3
01/20/2025,13,32,53,13:32:53,76,Tahap-3
01/20/2025,13,32,53,13:32:53,-32,Tahap-3
01/20/2025,13,32,53,13:32:53,8,Tahap-3
01/20/2025,13,32,53,13:32:53,-36,Tahap-3
01/20/2025,13,32,53,13:32:53,-40,Tahap-3
01/20/2025,13,32,53,13:32:53,-68,Tahap-3
01/20/2025,13,32,53,13:32:53,32,Tahap-3
01/20/2025,13,32,53,13:32:53,72,Tahap-3
01/20/2025,13,32,54,13:32:54,-180,Tahap-3
01/20/2025,13,32,54,13:32:54,88,Tahap-3
01/20/2025,13,32,54,13:32:54,-48,Tahap-3
01/20/2025,13,32,54,13:32:54,-44,Tahap-3
01/20/2025,13,32,54,13:32:54,-20,Tahap-3
01/20/2025,13,32,54,13:32:54,-4,Tahap-3
01/20/2025,13,32,54,13:32:54,-112,Tahap-3
01/20/2025,13,32,54,13:32:54,20,Tahap-3
01/20/2025,13,32,54,13:32:54,-164,Tahap-3
01/20/2025,13,32,54,13:32:54,56,Tahap-3
01/20/2025,13,32,55,13:32:55,-144,Tahap-3
01/20/2025,13,32,55,13:32:55,-56,Tahap-3
01/20/2025,13,32,55,13:32:55,20,Tahap-3
01/20/2025,13,32,55,13:32:55,-128,Tahap-3
01/20/2025,13,32,55,13:32:55,-100,Tahap-3
01/20/2025,13,32,55,13:32:55,4,Tahap-3
01/20/2025,13,32,55,13:32:55,-148,Tahap-3
01/20/2025,13,32,55,13:32:55,12,Tahap-3
01/20/2025,13,32,55,13:32:55,-152,Tahap-3
01/20/2025,13,32,56,13:32:56,-12,Tahap-3
01/20/2025,13,32,56,13:32:56,-48,Tahap-3
01/20/2025,13,32,56,13:32:56,-140,Tahap-3
01/20/2025,13,32,56,13:32:56,-12,Tahap-3
01/20/2025,13,32,56,13:32:56,-68,Tahap-3
01/20/2025,13,32,56,13:32:56,-40,Tahap-3
01/20/2025,13,32,56,13:32:56,-152,Tahap-3
01/20/2025,13,32,56,13:32:56,-24,Tahap-3
01/20/2025,13,32,56,13:32:56,-44,Tahap-3
01/20/2025,13,32,56,13:32:56,-96,Tahap-3
01/20/2025,13,32,57,13:32:57,-200,Tahap-3
01/20/2025,13,32,57,13:32:57,-128,Tahap-3
01/20/2025,13,32,57,13:32:57,-164,Tahap-3
01/20/2025,13,32,57,13:32:57,4,Tahap-3
01/20/2025,13,32,57,13:32:57,-140,Tahap-3
01/20/2025,13,32,57,13:32:57,-36,Tahap-3
01/20/2025,13,32,57,13:32:57,-148,Tahap-3
01/20/2025,13,32,57,13:32:57,-96,Tahap-3
01/20/2025,13,32,57,13:32:57,-108,Tahap-3
01/20/2025,13,32,58,13:32:58,-60,Tahap-3
01/20/2025,13,32,58,13:32:58,-260,Tahap-3
01/20/2025,13,32,58,13:32:58,8,Tahap-3
01/20/2025,13,32,58,13:32:58,-108,Tahap-3
01/20/2025,13,32,58,13:32:58,-180,Tahap-3
01/20/2025,13,32,58,13:32:58,-44,Tahap-3
01/20/2025,13,32,58,13:32:58,-60,Tahap-3
01/20/2025,13,32,58,13:32:58,-228,Tahap-3
01/20/2025,13,32,58,13:32:58,-88,Tahap-3
01/20/2025,13,32,58,13:32:58,-128,Tahap-3
01/20/2025,13,32,58,13:32:58,-180,Tahap-3
01/20/2025,13,32,59,13:32:59,-128,Tahap-3
01/20/2025,13,32,59,13:32:59,-192,Tahap-3
01/20/2025,13,32,59,13:32:59,-188,Tahap-3
01/20/2025,13,32,59,13:32:59,-116,Tahap-3
01/20/2025,13,32,59,13:32:59,-144,Tahap-3
01/20/2025,13,32,59,13:32:59,-96,Tahap-3
01/20/2025,13,32,59,13:32:59,-164,Tahap-3
01/20/2025,13,32,59,13:32:59,-184,Tahap-3
01/20/2025,13,32,59,13:32:59,-104,Tahap-3
01/20/2025,13,33,24,13:33:24,2873,Tahap-3
01/20/2025,13,33,24,13:33:24,575,Tahap-3
01/20/2025,13,33,24,13:33:24,847,Tahap-3
01/20/2025,13,33,24,13:33:24,528,Tahap-3
01/20/2025,13,33,25,13:33:25,292,Tahap-3
01/20/2025,13,33,25,13:33:25,310,Tahap-3
01/20/2025,13,33,25,13:33:25,291,Tahap-3
01/20/2025,13,33,25,13:33:25,187,Tahap-3
01/20/2025,13,33,25,13:33:25,311,Tahap-3
01/20/2025,13,33,25,13:33:25,249,Tahap-3
01/20/2025,13,33,25,13:33:25,205,Tahap-3
01/20/2025,13,33,25,13:33:25,258,Tahap-3
01/20/2025,13,33,25,13:33:25,203,Tahap-3
01/20/2025,13,33,25,13:33:25,109,Tahap-3
01/20/2025,13,33,26,13:33:26,158,Tahap-3
01/20/2025,13,33,26,13:33:26,124,Tahap-3
01/20/2025,13,33,26,13:33:26,182,Tahap-3
01/20/2025,13,33,26,13:33:26,139,Tahap-3
01/20/2025,13,33,26,13:33:26,73,Tahap-3
01/20/2025,13,33,26,13:33:26,126,Tahap-3
01/20/2025,13,33,26,13:33:26,165,Tahap-3
01/20/2025,13,33,26,13:33:26,139,Tahap-3
01/20/2025,13,33,26,13:33:26,261,Tahap-3
01/20/2025,13,33,26,13:33:26,230,Tahap-3
01/20/2025,13,33,27,13:33:27,199,Tahap-3
01/20/2025,13,33,27,13:33:27,138,Tahap-3
01/20/2025,13,33,27,13:33:27,265,Tahap-3
01/20/2025,13,33,27,13:33:27,56,Tahap-3
01/20/2025,13,33,27,13:33:27,135,Tahap-3
01/20/2025,13,33,27,13:33:27,280,Tahap-3
01/20/2025,13,33,27,13:33:27,118,Tahap-3
01/20/2025,13,33,27,13:33:27,149,Tahap-3
01/20/2025,13,33,27,13:33:27,216,Tahap-3
01/20/2025,13,33,27,13:33:27,181,Tahap-3
01/20/2025,13,33,28,13:33:28,228,Tahap-3
01/20/2025,13,33,28,13:33:28,177,Tahap-3
01/20/2025,13,33,28,13:33:28,58,Tahap-3
01/20/2025,13,33,28,13:33:28,105,Tahap-3
01/20/2025,13,33,28,13:33:28,134,Tahap-3
01/20/2025,13,33,28,13:33:28,129,Tahap-3
01/20/2025,13,33,28,13:33:28,171,Tahap-3
01/20/2025,13,33,28,13:33:28,182,Tahap-3
01/20/2025,13,33,28,13:33:28,297,Tahap-3
01/20/2025,13,33,28,13:33:28,50,Tahap-3
01/20/2025,13,33,29,13:33:29,128,Tahap-3
01/20/2025,13,33,29,13:33:29,184,Tahap-3
01/20/2025,13,33,29,13:33:29,282,Tahap-3
01/20/2025,13,33,29,13:33:29,199,Tahap-3
01/20/2025,13,33,29,13:33:29,141,Tahap-3
01/20/2025,13,33,29,13:33:29,204,Tahap-3
01/20/2025,13,33,29,13:33:29,158,Tahap-3
01/20/2025,13,33,29,13:33:29,203,Tahap-3
01/20/2025,13,33,29,13:33:29,12,Tahap-3
01/20/2025,13,33,29,13:33:29,120,Tahap-3
01/20/2025,13,33,30,13:33:30,221,Tahap-3
01/20/2025,13,33,30,13:33:30,131,Tahap-3
01/20/2025,13,33,30,13:33:30,83,Tahap-3
01/20/2025,13,33,30,13:33:30,124,Tahap-3
01/20/2025,13,33,30,13:33:30,260,Tahap-3
01/20/2025,13,33,30,13:33:30,161,Tahap-3
01/20/2025,13,33,30,13:33:30,124,Tahap-3
01/20/2025,13,33,30,13:33:30,228,Tahap-3
01/20/2025,13,33,30,13:33:30,41,Tahap-3
01/20/2025,13,33,30,13:33:30,208,Tahap-3
01/20/2025,13,33,31,13:33:31,237,Tahap-3
01/20/2025,13,33,31,13:33:31,141,Tahap-3
01/20/2025,13,33,31,13:33:31,257,Tahap-3
01/20/2025,13,33,31,13:33:31,192,Tahap-3
01/20/2025,13,33,31,13:33:31,429,Tahap-3
01/20/2025,13,33,31,13:33:31,1043,Tahap-3
01/20/2025,13,33,31,13:33:31,584,Tahap-3
01/20/2025,13,33,31,13:33:31,366,Tahap-3
01/20/2025,13,33,31,13:33:31,57,Tahap-3
01/20/2025,13,33,31,13:33:31,252,Tahap-3
01/20/2025,13,33,32,13:33:32,191,Tahap-3
01/20/2025,13,33,32,13:33:32,113,Tahap-3
01/20/2025,13,33,32,13:33:32,20,Tahap-3
01/20/2025,13,33,32,13:33:32,96,Tahap-3
01/20/2025,13,33,32,13:33:32,197,Tahap-3
01/20/2025,13,33,32,13:33:32,210,Tahap-3
01/20/2025,13,33,32,13:33:32,190,Tahap-3
01/20/2025,13,33,32,13:33:32,257,Tahap-3
01/20/2025,13,33,32,13:33:32,83,Tahap-3
01/20/2025,13,33,32,13:33:32,222,Tahap-3
01/20/2025,13,33,33,13:33:33,300,Tahap-3
01/20/2025,13,33,33,13:33:33,1036,Tahap-3
01/20/2025,13,33,33,13:33:33,148,Tahap-3
01/20/2025,13,33,33,13:33:33,169,Tahap-3
01/20/2025,13,33,33,13:33:33,161,Tahap-3
01/20/2025,13,33,33,13:33:33,308,Tahap-3
01/20/2025,13,33,33,13:33:33,251,Tahap-3
01/20/2025,13,33,33,13:33:33,26,Tahap-3
01/20/2025,13,33,33,13:33:33,491,Tahap-3
01/20/2025,13,33,33,13:33:33,765,Tahap-3
01/20/2025,13,33,34,13:33:34,306,Tahap-3
01/20/2025,13,33,34,13:33:34,651,Tahap-3
01/20/2025,13,33,34,13:33:34,363,Tahap-3
01/20/2025,13,33,34,13:33:34,40,Tahap-3
01/20/2025,13,33,35,13:33:35,77,Tahap-3
01/20/2025,13,33,35,13:33:35,139,Tahap-3
01/20/2025,13,33,35,13:33:35,190,Tahap-3
01/20/2025,13,33,35,13:33:35,215,Tahap-3
01/20/2025,13,33,35,13:33:35,134,Tahap-3
01/20/2025,13,33,35,13:33:35,157,Tahap-3
01/20/2025,13,33,35,13:33:35,128,Tahap-3
01/20/2025,13,33,35,13:33:35,90,Tahap-3
01/20/2025,13,33,35,13:33:35,202,Tahap-3
01/20/2025,13,33,35,13:33:35,136,Tahap-3
01/20/2025,13,33,35,13:33:35,324,Tahap-3
01/20/2025,13,33,35,13:33:35,793,Tahap-3
01/20/2025,13,33,35,13:33:35,471,Tahap-3
01/20/2025,13,33,35,13:33:35,412,Tahap-3
01/20/2025,13,33,35,13:33:35,141,Tahap-3
01/20/2025,13,33,35,13:33:35,114,Tahap-3
01/20/2025,13,33,36,13:33:36,336,Tahap-3
01/20/2025,13,33,36,13:33:36,222,Tahap-3
01/20/2025,13,33,36,13:33:36,1367,Tahap-3
01/20/2025,13,33,36,13:33:36,256,Tahap-3
01/20/2025,13,33,36,13:33:36,355,Tahap-3
01/20/2025,13,33,36,13:33:36,688,Tahap-3
01/20/2025,13,33,36,13:33:36,775,Tahap-3
01/20/2025,13,33,36,13:33:36,460,Tahap-3
01/20/2025,13,33,36,13:33:36,227,Tahap-3
01/20/2025,13,33,36,13:33:36,399,Tahap-3
01/20/2025,13,33,37,13:33:37,358,Tahap-3
01/20/2025,13,33,37,13:33:37,182,Tahap-3
01/20/2025,13,33,37,13:33:37,807,Tahap-3
01/20/2025,13,33,37,13:33:37,72,Tahap-3
01/20/2025,13,33,37,13:33:37,-76,Tahap-3
01/20/2025,13,33,37,13:33:37,84,Tahap-3
01/20/2025,13,33,37,13:33:37,-36,Tahap-3
01/20/2025,13,33,37,13:33:37,68,Tahap-3
01/20/2025,13,33,37,13:33:37,-60,Tahap-3
01/20/2025,13,33,37,13:33:37,72,Tahap-3
01/20/2025,13,33,38,13:33:38,12,Tahap-3
01/20/2025,13,33,38,13:33:38,16,Tahap-3
01/20/2025,13,33,38,13:33:38,-56,Tahap-3
01/20/2025,13,33,38,13:33:38,68,Tahap-3
01/20/2025,13,33,38,13:33:38,96,Tahap-3
01/20/2025,13,33,38,13:33:38,-64,Tahap-3
01/20/2025,13,33,38,13:33:38,152,Tahap-3
01/20/2025,13,33,38,13:33:38,104,Tahap-3
01/20/2025,13,33,38,13:33:38,12,Tahap-3
01/20/2025,13,33,38,13:33:38,92,Tahap-3
01/20/2025,13,33,39,13:33:39,16,Tahap-3
01/20/2025,13,33,39,13:33:39,60,Tahap-3
01/20/2025,13,33,39,13:33:39,36,Tahap-3
01/20/2025,13,33,39,13:33:39,16,Tahap-3
01/20/2025,13,33,39,13:33:39,28,Tahap-3
01/20/2025,13,33,39,13:33:39,200,Tahap-3
01/20/2025,13,33,39,13:33:39,-44,Tahap-3
01/20/2025,13,33,39,13:33:39,76,Tahap-3
01/20/2025,13,33,39,13:33:39,168,Tahap-3
01/20/2025,13,33,39,13:33:39,60,Tahap-3
01/20/2025,13,33,40,13:33:40,-32,Tahap-3
01/20/2025,13,33,40,13:33:40,176,Tahap-3
01/20/2025,13,33,40,13:33:40,-88,Tahap-3
01/20/2025,13,33,40,13:33:40,168,Tahap-3
01/20/2025,13,33,40,13:33:40,132,Tahap-3
01/20/2025,13,33,40,13:33:40,128,Tahap-3
01/20/2025,13,33,40,13:33:40,52,Tahap-3
01/20/2025,13,33,40,13:33:40,68,Tahap-3
01/20/2025,13,33,40,13:33:40,100,Tahap-3
01/20/2025,13,33,41,13:33:41,164,Tahap-3
01/20/2025,13,33,41,13:33:41,-36,Tahap-3
01/20/2025,13,33,41,13:33:41,180,Tahap-3
01/20/2025,13,33,41,13:33:41,32,Tahap-3
01/20/2025,13,33,41,13:33:41,92,Tahap-3
01/20/2025,13,33,41,13:33:41,-28,Tahap-3
01/20/2025,13,33,41,13:33:41,172,Tahap-3
01/20/2025,13,33,41,13:33:41,128,Tahap-3
01/20/2025,13,33,41,13:33:41,-24,Tahap-3
01/20/2025,13,33,41,13:33:41,176,Tahap-3
01/20/2025,13,33,42,13:33:42,48,Tahap-3
01/20/2025,13,33,42,13:33:42,132,Tahap-3
01/20/2025,13,33,42,13:33:42,60,Tahap-3
01/20/2025,13,33,42,13:33:42,84,Tahap-3
01/20/2025,13,33,42,13:33:42,48,Tahap-3
01/20/2025,13,33,42,13:33:42,72,Tahap-3
01/20/2025,13,33,42,13:33:42,-60,Tahap-3
01/20/2025,13,33,42,13:33:42,148,Tahap-3
01/20/2025,13,33,42,13:33:42,132,Tahap-3
01/20/2025,13,33,42,13:33:42,-48,Tahap-3
01/20/2025,13,33,43,13:33:43,160,Tahap-3
01/20/2025,13,33,43,13:33:43,120,Tahap-3
01/20/2025,13,33,43,13:33:43,44,Tahap-3
01/20/2025,13,33,43,13:33:43,200,Tahap-3
01/20/2025,13,33,43,13:33:43,-32,Tahap-3
01/20/2025,13,33,43,13:33:43,172,Tahap-3
01/20/2025,13,33,43,13:33:43,-60,Tahap-3
01/20/2025,13,33,43,13:33:43,148,Tahap-3
01/20/2025,13,33,43,13:33:43,120,Tahap-3
01/20/2025,13,33,44,13:33:44,32,Tahap-3
01/20/2025,13,33,44,13:33:44,56,Tahap-3
01/20/2025,13,33,44,13:33:44,104,Tahap-3
01/20/2025,13,33,44,13:33:44,52,Tahap-3
01/20/2025,13,33,44,13:33:44,12,Tahap-3
01/20/2025,13,33,44,13:33:44,152,Tahap-3
01/20/2025,13,33,44,13:33:44,64,Tahap-3
01/20/2025,13,33,44,13:33:44,40,Tahap-3
01/20/2025,13,33,44,13:33:44,-20,Tahap-3
01/20/2025,13,33,44,13:33:44,184,Tahap-3
01/20/2025,13,33,45,13:33:45,28,Tahap-3
01/20/2025,13,33,45,13:33:45,48,Tahap-3
01/20/2025,13,33,45,13:33:45,188,Tahap-3
01/20/2025,13,33,45,13:33:45,32,Tahap-3
01/20/2025,13,33,45,13:33:45,104,Tahap-3
01/20/2025,13,33,45,13:33:45,44,Tahap-3
01/20/2025,13,33,45,13:33:45,100,Tahap-3
01/20/2025,13,33,45,13:33:45,64,Tahap-3
01/20/2025,13,33,45,13:33:45,108,Tahap-3
01/20/2025,13,33,45,13:33:45,-52,Tahap-3
01/20/2025,13,33,46,13:33:46,216,Tahap-3
01/20/2025,13,33,46,13:33:46,52,Tahap-3
01/20/2025,13,33,46,13:33:46,36,Tahap-3
01/20/2025,13,33,46,13:33:46,168,Tahap-3
01/20/2025,13,33,46,13:33:46,136,Tahap-3
01/20/2025,13,33,46,13:33:46,-16,Tahap-3
01/20/2025,13,33,46,13:33:46,112,Tahap-3
01/20/2025,13,33,46,13:33:46,88,Tahap-3
01/20/2025,13,33,46,13:33:46,48,Tahap-3
01/20/2025,13,33,46,13:33:46,132,Tahap-3
01/20/2025,13,33,47,13:33:47,36,Tahap-3
01/20/2025,13,33,47,13:33:47,176,Tahap-3
01/20/2025,13,33,47,13:33:47,68,Tahap-3
01/20/2025,13,33,47,13:33:47,56,Tahap-3
01/20/2025,13,33,47,13:33:47,132,Tahap-3
01/20/2025,13,33,47,13:33:47,100,Tahap-3
01/20/2025,13,33,47,13:33:47,140,Tahap-3
01/20/2025,13,33,47,13:33:47,220,Tahap-3
01/20/2025,13,33,47,13:33:47,56,Tahap-3
01/20/2025,13,33,48,13:33:48,76,Tahap-3
01/20/2025,13,33,48,13:33:48,-12,Tahap-3
01/20/2025,13,33,48,13:33:48,248,Tahap-3
01/20/2025,13,33,48,13:33:48,-4,Tahap-3
01/20/2025,13,33,48,13:33:48,108,Tahap-3
01/20/2025,13,33,48,13:33:48,108,Tahap-3
01/20/2025,13,33,48,13:33:48,80,Tahap-3
01/20/2025,13,33,48,13:33:48,92,Tahap-3
01/20/2025,13,33,48,13:33:48,92,Tahap-3
01/20/2025,13,33,48,13:33:48,72,Tahap-3
01/20/2025,13,33,48,13:33:48,148,Tahap-3
01/20/2025,13,33,49,13:33:49,76,Tahap-3
01/20/2025,13,33,49,13:33:49,36,Tahap-3
01/20/2025,13,33,49,13:33:49,140,Tahap-3
01/20/2025,13,33,49,13:33:49,156,Tahap-3
01/20/2025,13,33,49,13:33:49,-40,Tahap-3
01/20/2025,13,33,49,13:33:49,168,Tahap-3
01/20/2025,13,33,49,13:33:49,60,Tahap-3
01/20/2025,13,33,49,13:33:49,68,Tahap-3
01/20/2025,13,33,49,13:33:49,80,Tahap-3
01/20/2025,13,33,49,13:33:49,176,Tahap-3
01/20/2025,13,33,50,13:33:50,-12,Tahap-3
01/20/2025,13,34,14,13:34:14,1563,Tahap-3
01/20/2025,13,34,14,13:34:14,207,Tahap-3
01/20/2025,13,34,14,13:34:14,50,Tahap-3
01/20/2025,13,34,14,13:34:14,84,Tahap-3
01/20/2025,13,34,14,13:34:14,132,Tahap-3
01/20/2025,13,34,15,13:34:15,67,Tahap-3
01/20/2025,13,34,15,13:34:15,102,Tahap-3
01/20/2025,13,34,15,13:34:15,63,Tahap-3
01/20/2025,13,34,15,13:34:15,37,Tahap-3
01/20/2025,13,34,15,13:34:15,51,Tahap-3
01/20/2025,13,34,15,13:34:15,79,Tahap-3
01/20/2025,13,34,15,13:34:15,115,Tahap-3
01/20/2025,13,34,15,13:34:15,57,Tahap-3
01/20/2025,13,34,15,13:34:15,51,Tahap-3
01/20/2025,13,34,15,13:34:15,49,Tahap-3
01/20/2025,13,34,16,13:34:16,92,Tahap-3
01/20/2025,13,34,16,13:34:16,101,Tahap-3
01/20/2025,13,34,16,13:34:16,37,Tahap-3
01/20/2025,13,34,16,13:34:16,102,Tahap-3
01/20/2025,13,34,16,13:34:16,67,Tahap-3
01/20/2025,13,34,16,13:34:16,109,Tahap-3
01/20/2025,13,34,16,13:34:16,104,Tahap-3
01/20/2025,13,34,16,13:34:16,102,Tahap-3
01/20/2025,13,34,16,13:34:16,193,Tahap-3
01/20/2025,13,34,16,13:34:16,59,Tahap-3
01/20/2025,13,34,17,13:34:17,165,Tahap-3
01/20/2025,13,34,17,13:34:17,178,Tahap-3
01/20/2025,13,34,17,13:34:17,48,Tahap-3
01/20/2025,13,34,17,13:34:17,82,Tahap-3
01/20/2025,13,34,17,13:34:17,158,Tahap-3
01/20/2025,13,34,17,13:34:17,65,Tahap-3
01/20/2025,13,34,17,13:34:17,50,Tahap-3
01/20/2025,13,34,17,13:34:17,50,Tahap-3
01/20/2025,13,34,17,13:34:17,38,Tahap-3
01/20/2025,13,34,17,13:34:17,67,Tahap-3
01/20/2025,13,34,18,13:34:18,188,Tahap-3
01/20/2025,13,34,18,13:34:18,75,Tahap-3
01/20/2025,13,34,18,13:34:18,17,Tahap-3
01/20/2025,13,34,18,13:34:18,6,Tahap-3
01/20/2025,13,34,18,13:34:18,58,Tahap-3
01/20/2025,13,34,18,13:34:18,35,Tahap-3
01/20/2025,13,34,18,13:34:18,41,Tahap-3
01/20/2025,13,34,18,13:34:18,318,Tahap-3
01/20/2025,13,34,18,13:34:18,131,Tahap-3
01/20/2025,13,34,18,13:34:18,159,Tahap-3
01/20/2025,13,34,19,13:34:19,202,Tahap-3
01/20/2025,13,34,19,13:34:19,210,Tahap-3
01/20/2025,13,34,19,13:34:19,250,Tahap-3
01/20/2025,13,34,19,13:34:19,65,Tahap-3
01/20/2025,13,34,19,13:34:19,82,Tahap-3
01/20/2025,13,34,19,13:34:19,58,Tahap-3
01/20/2025,13,34,19,13:34:19,46,Tahap-3
01/20/2025,13,34,19,13:34:19,36,Tahap-3
01/20/2025,13,34,19,13:34:19,156,Tahap-3
01/20/2025,13,34,19,13:34:19,129,Tahap-3
01/20/2025,13,34,20,13:34:20,75,Tahap-3
01/20/2025,13,34,20,13:34:20,94,Tahap-3
01/20/2025,13,34,20,13:34:20,100,Tahap-3
01/20/2025,13,34,20,13:34:20,19,Tahap-3
01/20/2025,13,34,20,13:34:20,88,Tahap-3
01/20/2025,13,34,20,13:34:20,108,Tahap-3
01/20/2025,13,34,20,13:34:20,116,Tahap-3
01/20/2025,13,34,20,13:34:20,72,Tahap-3
01/20/2025,13,34,20,13:34:20,184,Tahap-3
01/20/2025,13,34,20,13:34:20,123,Tahap-3
01/20/2025,13,34,21,13:34:21,66,Tahap-3
01/20/2025,13,34,21,13:34:21,214,Tahap-3
01/20/2025,13,34,21,13:34:21,201,Tahap-3
01/20/2025,13,34,21,13:34:21,263,Tahap-3
01/20/2025,13,34,21,13:34:21,562,Tahap-3
01/20/2025,13,34,21,13:34:21,1021,Tahap-3
01/20/2025,13,34,21,13:34:21,396,Tahap-3
01/20/2025,13,34,21,13:34:21,271,Tahap-3
01/20/2025,13,34,21,13:34:21,193,Tahap-3
01/20/2025,13,34,21,13:34:21,93,Tahap-3
01/20/2025,13,34,22,13:34:22,77,Tahap-3
01/20/2025,13,34,22,13:34:22,14,Tahap-3
01/20/2025,13,34,22,13:34:22,96,Tahap-3
01/20/2025,13,34,22,13:34:22,32,Tahap-3
01/20/2025,13,34,22,13:34:22,43,Tahap-3
01/20/2025,13,34,22,13:34:22,92,Tahap-3
01/20/2025,13,34,22,13:34:22,211,Tahap-3
01/20/2025,13,34,22,13:34:22,77,Tahap-3
01/20/2025,13,34,22,13:34:22,63,Tahap-3
01/20/2025,13,34,22,13:34:22,215,Tahap-3
01/20/2025,13,34,23,13:34:23,997,Tahap-3
01/20/2025,13,34,23,13:34:23,325,Tahap-3
01/20/2025,13,34,23,13:34:23,348,Tahap-3
01/20/2025,13,34,23,13:34:23,54,Tahap-3
01/20/2025,13,34,23,13:34:23,388,Tahap-3
01/20/2025,13,34,23,13:34:23,427,Tahap-3
01/20/2025,13,34,23,13:34:23,100,Tahap-3
01/20/2025,13,34,23,13:34:23,41,Tahap-3
01/20/2025,13,34,23,13:34:23,752,Tahap-3
01/20/2025,13,34,23,13:34:23,922,Tahap-3
01/20/2025,13,34,24,13:34:24,403,Tahap-3
01/20/2025,13,34,24,13:34:24,209,Tahap-3
01/20/2025,13,34,24,13:34:24,315,Tahap-3
01/20/2025,13,34,24,13:34:24,202,Tahap-3
01/20/2025,13,34,24,13:34:24,40,Tahap-3
01/20/2025,13,34,24,13:34:24,55,Tahap-3
01/20/2025,13,34,24,13:34:24,52,Tahap-3
01/20/2025,13,34,24,13:34:24,10,Tahap-3
01/20/2025,13,34,24,13:34:24,156,Tahap-3
01/20/2025,13,34,24,13:34:24,179,Tahap-3
01/20/2025,13,34,25,13:34:25,70,Tahap-3
01/20/2025,13,34,25,13:34:25,66,Tahap-3
01/20/2025,13,34,25,13:34:25,117,Tahap-3
01/20/2025,13,34,25,13:34:25,138,Tahap-3
01/20/2025,13,34,25,13:34:25,814,Tahap-3
01/20/2025,13,34,25,13:34:25,347,Tahap-3
01/20/2025,13,34,25,13:34:25,104,Tahap-3
01/20/2025,13,34,25,13:34:25,67,Tahap-3
01/20/2025,13,34,25,13:34:25,504,Tahap-3
01/20/2025,13,34,25,13:34:25,485,Tahap-3
01/20/2025,13,34,26,13:34:26,315,Tahap-3
01/20/2025,13,34,26,13:34:26,654,Tahap-3
01/20/2025,13,34,26,13:34:26,891,Tahap-3
01/20/2025,13,34,26,13:34:26,731,Tahap-3
01/20/2025,13,34,26,13:34:26,674,Tahap-3
01/20/2025,13,34,26,13:34:26,250,Tahap-3
01/20/2025,13,34,26,13:34:26,447,Tahap-3
01/20/2025,13,34,26,13:34:26,302,Tahap-3
01/20/2025,13,34,26,13:34:26,214,Tahap-3
01/20/2025,13,34,26,13:34:26,403,Tahap-3
01/20/2025,13,34,27,13:34:27,625,Tahap-3
01/20/2025,13,34,27,13:34:27,458,Tahap-3
01/20/2025,13,34,27,13:34:27,-344,Tahap-3
01/20/2025,13,34,27,13:34:27,24,Tahap-3
01/20/2025,13,34,27,13:34:27,-16,Tahap-3
01/20/2025,13,34,27,13:34:27,112,Tahap-3
01/20/2025,13,34,27,13:34:27,-344,Tahap-3
01/20/2025,13,34,27,13:34:27,120,Tahap-3
01/20/2025,13,34,27,13:34:27,-192,Tahap-3
01/20/2025,13,34,27,13:34:27,-40,Tahap-3
01/20/2025,13,34,28,13:34:28,-248,Tahap-3
01/20/2025,13,34,28,13:34:28,32,Tahap-3
01/20/2025,13,34,28,13:34:28,-56,Tahap-3
01/20/2025,13,34,28,13:34:28,-256,Tahap-3
01/20/2025,13,34,28,13:34:28,128,Tahap-3
01/20/2025,13,34,28,13:34:28,-104,Tahap-3
01/20/2025,13,34,28,13:34:28,80,Tahap-3
01/20/2025,13,34,28,13:34:28,-40,Tahap-3
01/20/2025,13,34,28,13:34:28,-128,Tahap-3
01/20/2025,13,34,28,13:34:28,-72,Tahap-3
01/20/2025,13,34,29,13:34:29,-88,Tahap-3
01/20/2025,13,34,29,13:34:29,-288,Tahap-3
01/20/2025,13,34,29,13:34:29,120,Tahap-3
01/20/2025,13,34,29,13:34:29,-40,Tahap-3
01/20/2025,13,34,29,13:34:29,-200,Tahap-3
01/20/2025,13,34,29,13:34:29,120,Tahap-3
01/20/2025,13,34,29,13:34:29,-64,Tahap-3
01/20/2025,13,34,29,13:34:29,-224,Tahap-3
01/20/2025,13,34,29,13:34:29,24,Tahap-3
01/20/2025,13,34,29,13:34:29,-72,Tahap-3
01/20/2025,13,34,30,13:34:30,-192,Tahap-3
01/20/2025,13,34,30,13:34:30,56,Tahap-3
01/20/2025,13,34,30,13:34:30,-320,Tahap-3
01/20/2025,13,34,30,13:34:30,216,Tahap-3
01/20/2025,13,34,30,13:34:30,-216,Tahap-3
01/20/2025,13,34,30,13:34:30,48,Tahap-3
01/20/2025,13,34,30,13:34:30,-112,Tahap-3
01/20/2025,13,34,30,13:34:30,112,Tahap-3
01/20/2025,13,34,30,13:34:30,-224,Tahap-3
01/20/2025,13,34,30,13:34:30,32,Tahap-3
01/20/2025,13,34,31,13:34:31,-112,Tahap-3
01/20/2025,13,34,31,13:34:31,-72,Tahap-3
01/20/2025,13,34,31,13:34:31,184,Tahap-3
01/20/2025,13,34,31,13:34:31,-240,Tahap-3
01/20/2025,13,34,31,13:34:31,-48,Tahap-3
01/20/2025,13,34,31,13:34:31,104,Tahap-3
01/20/2025,13,34,31,13:34:31,-72,Tahap-3
01/20/2025,13,34,31,13:34:31,-8,Tahap-3
01/20/2025,13,34,32,13:34:32,-160,Tahap-3
01/20/2025,13,34,32,13:34:32,64,Tahap-3
01/20/2025,13,34,32,13:34:32,72,Tahap-3
01/20/2025,13,34,32,13:34:32,-8,Tahap-3
01/20/2025,13,34,32,13:34:32,-168,Tahap-3
01/20/2025,13,34,32,13:34:32,264,Tahap-3
01/20/2025,13,34,32,13:34:32,-240,Tahap-3
01/20/2025,13,34,32,13:34:32,72,Tahap-3
01/20/2025,13,34,32,13:34:32,120,Tahap-3
01/20/2025,13,34,32,13:34:32,104,Tahap-3
01/20/2025,13,34,33,13:34:33,-176,Tahap-3
01/20/2025,13,34,33,13:34:33,232,Tahap-3
01/20/2025,13,34,33,13:34:33,-216,Tahap-3
01/20/2025,13,34,33,13:34:33,112,Tahap-3
01/20/2025,13,34,33,13:34:33,-48,Tahap-3
01/20/2025,13,34,33,13:34:33,32,Tahap-3
01/20/2025,13,34,33,13:34:33,136,Tahap-3
01/20/2025,13,34,33,13:34:33,-104,Tahap-3
01/20/2025,13,34,33,13:34:33,8,Tahap-3
01/20/2025,13,34,33,13:34:33,40,Tahap-3
01/20/2025,13,34,34,13:34:34,208,Tahap-3
01/20/2025,13,34,34,13:34:34,-112,Tahap-3
01/20/2025,13,34,34,13:34:34,72,Tahap-3
01/20/2025,13,34,34,13:34:34,104,Tahap-3
01/20/2025,13,34,35,13:34:35,-24,Tahap-3
01/20/2025,13,34,35,13:34:35,32,Tahap-3
01/20/2025,13,34,35,13:34:35,72,Tahap-3
01/20/2025,13,34,35,13:34:35,240,Tahap-3
01/20/2025,13,34,35,13:34:35,-248,Tahap-3
01/20/2025,13,34,35,13:34:35,288,Tahap-3
01/20/2025,13,34,35,13:34:35,-8,Tahap-3
01/20/2025,13,34,35,13:34:35,72,Tahap-3
01/20/2025,13,34,35,13:34:35,32,Tahap-3
01/20/2025,13,34,35,13:34:35,80,Tahap-3
01/20/2025,13,34,35,13:34:35,-96,Tahap-3
01/20/2025,13,34,35,13:34:35,320,Tahap-3
01/20/2025,13,34,35,13:34:35,-176,Tahap-3
01/20/2025,13,34,35,13:34:35,288,Tahap-3
01/20/2025,13,34,35,13:34:35,176,Tahap-3
01/20/2025,13,34,35,13:34:35,-112,Tahap-3
01/20/2025,13,34,36,13:34:36,192,Tahap-3
01/20/2025,13,34,36,13:34:36,264,Tahap-3
01/20/2025,13,34,36,13:34:36,-136,Tahap-3
01/20/2025,13,34,36,13:34:36,112,Tahap-3
01/20/2025,13,34,36,13:34:36,200,Tahap-3
01/20/2025,13,34,36,13:34:36,48,Tahap-3
01/20/2025,13,34,36,13:34:36,64,Tahap-3
01/20/2025,13,34,36,13:34:36,-24,Tahap-3
01/20/2025,13,34,36,13:34:36,344,Tahap-3
01/20/2025,13,34,36,13:34:36,-88,Tahap-3
01/20/2025,13,34,37,13:34:37,320,Tahap-3
01/20/2025,13,34,37,13:34:37,24,Tahap-3
01/20/2025,13,34,37,13:34:37,288,Tahap-3
01/20/2025,13,34,37,13:34:37,-64,Tahap-3
01/20/2025,13,34,37,13:34:37,280,Tahap-3
01/20/2025,13,34,37,13:34:37,-32,Tahap-3
01/20/2025,13,34,37,13:34:37,336,Tahap-3
01/20/2025,13,34,37,13:34:37,-224,Tahap-3
01/20/2025,13,34,37,13:34:37,296,Tahap-3
01/20/2025,13,34,37,13:34:37,248,Tahap-3
01/20/2025,13,34,38,13:34:38,-184,Tahap-3
01/20/2025,13,34,38,13:34:38,160,Tahap-3
01/20/2025,13,34,38,13:34:38,280,Tahap-3
01/20/2025,13,34,38,13:34:38,-72,Tahap-3
01/20/2025,13,34,38,13:34:38,184,Tahap-3
01/20/2025,13,34,38,13:34:38,216,Tahap-3
01/20/2025,13,34,38,13:34:38,-72,Tahap-3
01/20/2025,13,34,38,13:34:38,336,Tahap-3
01/20/2025,13,34,38,13:34:38,-32,Tahap-3
01/20/2025,13,34,38,13:34:38,208,Tahap-3
01/20/2025,13,34,39,13:34:39,192,Tahap-3
01/20/2025,13,34,39,13:34:39,-72,Tahap-3
01/20/2025,13,34,39,13:34:39,168,Tahap-3
01/20/2025,13,34,39,13:34:39,280,Tahap-3
01/20/2025,13,34,39,13:34:39,184,Tahap-3
01/20/2025,13,34,39,13:34:39,-128,Tahap-3
01/20/2025,13,34,39,13:34:39,312,Tahap-3
01/20/2025,13,34,39,13:34:39,48,Tahap-3
01/20/2025,13,34,39,13:34:39,64,Tahap-3
01/20/2025,13,34,39,13:34:39,88,Tahap-3
01/20/2025,13,34,40,13:34:40,104,Tahap-3
