Tanggal,Jam,Menit,Detik,Waktu,frekuensi,label
01/23/2025,11,38,41,11:38:41,473,Tahap-3
01/23/2025,11,38,41,11:38:41,446,Tahap-3
01/23/2025,11,38,41,11:38:41,871,Tahap-3
01/23/2025,11,38,41,11:38:41,237,Tahap-3
01/23/2025,11,38,41,11:38:41,327,Tahap-3
01/23/2025,11,38,41,11:38:41,427,Tahap-3
01/23/2025,11,38,41,11:38:41,479,Tahap-3
01/23/2025,11,38,41,11:38:41,319,Tahap-3
01/23/2025,11,38,41,11:38:41,358,Tahap-3
01/23/2025,11,38,41,11:38:41,405,Tahap-3
01/23/2025,11,38,41,11:38:41,394,Tahap-3
01/23/2025,11,38,41,11:38:41,362,Tahap-3
01/23/2025,11,38,41,11:38:41,401,Tahap-3
01/23/2025,11,38,41,11:38:41,364,Tahap-3
01/23/2025,11,38,41,11:38:41,341,Tahap-3
01/23/2025,11,38,41,11:38:41,503,Tahap-3
01/23/2025,11,38,41,11:38:41,398,Tahap-3
01/23/2025,11,38,41,11:38:41,347,Tahap-3
01/23/2025,11,38,41,11:38:41,647,Tahap-3
01/23/2025,11,38,41,11:38:41,356,Tahap-3
01/23/2025,11,38,41,11:38:41,335,Tahap-3
01/23/2025,11,38,41,11:38:41,660,Tahap-3
01/23/2025,11,38,41,11:38:41,492,Tahap-3
01/23/2025,11,38,41,11:38:41,458,Tahap-3
01/23/2025,11,38,41,11:38:41,353,Tahap-3
01/23/2025,11,38,41,11:38:41,551,Tahap-3
01/23/2025,11,38,41,11:38:41,309,Tahap-3
01/23/2025,11,38,42,11:38:42,231,Tahap-3
01/23/2025,11,38,42,11:38:42,339,Tahap-3
01/23/2025,11,38,42,11:38:42,664,Tahap-3
01/23/2025,11,38,42,11:38:42,275,Tahap-3
01/23/2025,11,38,42,11:38:42,211,Tahap-3
01/23/2025,11,38,42,11:38:42,374,Tahap-3
01/23/2025,11,38,42,11:38:42,379,Tahap-3
01/23/2025,11,38,42,11:38:42,442,Tahap-3
01/23/2025,11,38,42,11:38:42,446,Tahap-3
01/23/2025,11,38,42,11:38:42,670,Tahap-3
01/23/2025,11,38,43,11:38:43,-98,Tahap-3
01/23/2025,11,38,43,11:38:43,-100,Tahap-3
01/23/2025,11,38,43,11:38:43,-93,Tahap-3
01/23/2025,11,38,43,11:38:43,-85,Tahap-3
01/23/2025,11,38,43,11:38:43,-109,Tahap-3
01/23/2025,11,38,43,11:38:43,-83,Tahap-3
01/23/2025,11,38,43,11:38:43,-106,Tahap-3
01/23/2025,11,38,43,11:38:43,-77,Tahap-3
01/23/2025,11,38,43,11:38:43,-79,Tahap-3
01/23/2025,11,38,43,11:38:43,-94,Tahap-3
01/23/2025,11,38,44,11:38:44,-81,Tahap-3
01/23/2025,11,38,44,11:38:44,-74,Tahap-3
01/23/2025,11,38,44,11:38:44,-95,Tahap-3
01/23/2025,11,38,44,11:38:44,-86,Tahap-3
01/23/2025,11,38,44,11:38:44,-69,Tahap-3
01/23/2025,11,38,44,11:38:44,-90,Tahap-3
01/23/2025,11,38,44,11:38:44,-83,Tahap-3
01/23/2025,11,38,44,11:38:44,-78,Tahap-3
01/23/2025,11,38,44,11:38:44,-70,Tahap-3
01/23/2025,11,38,44,11:38:44,-84,Tahap-3
01/23/2025,11,38,45,11:38:45,-72,Tahap-3
01/23/2025,11,38,45,11:38:45,-63,Tahap-3
01/23/2025,11,38,45,11:38:45,-86,Tahap-3
01/23/2025,11,38,45,11:38:45,-70,Tahap-3
01/23/2025,11,38,45,11:38:45,-87,Tahap-3
01/23/2025,11,38,45,11:38:45,-72,Tahap-3
01/23/2025,11,38,45,11:38:45,-75,Tahap-3
01/23/2025,11,38,45,11:38:45,-71,Tahap-3
01/23/2025,11,38,45,11:38:45,-91,Tahap-3
01/23/2025,11,38,45,11:38:45,-45,Tahap-3
01/23/2025,11,38,46,11:38:46,-86,Tahap-3
01/23/2025,11,38,46,11:38:46,-75,Tahap-3
01/23/2025,11,38,46,11:38:46,-51,Tahap-3
01/23/2025,11,38,46,11:38:46,-65,Tahap-3
01/23/2025,11,38,46,11:38:46,-88,Tahap-3
01/23/2025,11,38,46,11:38:46,-53,Tahap-3
01/23/2025,11,38,46,11:38:46,-78,Tahap-3
01/23/2025,11,38,46,11:38:46,-62,Tahap-3
01/23/2025,11,38,46,11:38:46,-59,Tahap-3
01/23/2025,11,38,46,11:38:46,-74,Tahap-3
01/23/2025,11,38,47,11:38:47,-52,Tahap-3
01/23/2025,11,38,47,11:38:47,-56,Tahap-3
01/23/2025,11,38,47,11:38:47,-66,Tahap-3
01/23/2025,11,38,47,11:38:47,-56,Tahap-3
01/23/2025,11,38,47,11:38:47,-56,Tahap-3
01/23/2025,11,38,47,11:38:47,-58,Tahap-3
01/23/2025,11,38,47,11:38:47,-66,Tahap-3
01/23/2025,11,38,47,11:38:47,-45,Tahap-3
01/23/2025,11,38,47,11:38:47,-72,Tahap-3
01/23/2025,11,38,47,11:38:47,-51,Tahap-3
01/23/2025,11,38,48,11:38:48,-60,Tahap-3
01/23/2025,11,38,48,11:38:48,-34,Tahap-3
01/23/2025,11,38,48,11:38:48,-67,Tahap-3
01/23/2025,11,38,48,11:38:48,-56,Tahap-3
01/23/2025,11,38,48,11:38:48,-50,Tahap-3
01/23/2025,11,38,48,11:38:48,-58,Tahap-3
01/23/2025,11,38,48,11:38:48,-54,Tahap-3
01/23/2025,11,38,48,11:38:48,-50,Tahap-3
01/23/2025,11,38,48,11:38:48,-61,Tahap-3
01/23/2025,11,38,48,11:38:48,-44,Tahap-3
01/23/2025,11,38,49,11:38:49,-63,Tahap-3
01/23/2025,11,38,49,11:38:49,-56,Tahap-3
01/23/2025,11,38,49,11:38:49,-33,Tahap-3
01/23/2025,11,38,49,11:38:49,-44,Tahap-3
01/23/2025,11,38,49,11:38:49,-58,Tahap-3
01/23/2025,11,38,49,11:38:49,-19,Tahap-3
01/23/2025,11,38,49,11:38:49,-57,Tahap-3
01/23/2025,11,38,49,11:38:49,-43,Tahap-3
01/23/2025,11,38,49,11:38:49,-35,Tahap-3
01/23/2025,11,38,49,11:38:49,-22,Tahap-3
01/23/2025,11,38,50,11:38:50,-47,Tahap-3
01/23/2025,11,38,50,11:38:50,-17,Tahap-3
01/23/2025,11,38,50,11:38:50,-45,Tahap-3
01/23/2025,11,38,50,11:38:50,-2,Tahap-3
01/23/2025,11,38,50,11:38:50,-21,Tahap-3
01/23/2025,11,38,50,11:38:50,-19,Tahap-3
01/23/2025,11,38,50,11:38:50,-9,Tahap-3
01/23/2025,11,38,50,11:38:50,-1,Tahap-3
01/23/2025,11,38,50,11:38:50,-19,Tahap-3
01/23/2025,11,38,50,11:38:50,-1,Tahap-3
01/23/2025,11,38,51,11:38:51,2,Tahap-3
01/23/2025,11,38,51,11:38:51,4,Tahap-3
01/23/2025,11,38,51,11:38:51,4,Tahap-3
01/23/2025,11,38,51,11:38:51,12,Tahap-3
01/23/2025,11,38,51,11:38:51,30,Tahap-3
01/23/2025,11,38,51,11:38:51,16,Tahap-3
01/23/2025,11,38,51,11:38:51,21,Tahap-3
01/23/2025,11,38,51,11:38:51,41,Tahap-3
01/23/2025,11,38,51,11:38:51,18,Tahap-3
01/23/2025,11,38,51,11:38:51,28,Tahap-3
01/23/2025,11,38,52,11:38:52,26,Tahap-3
01/23/2025,11,38,52,11:38:52,31,Tahap-3
01/23/2025,11,38,52,11:38:52,33,Tahap-3
01/23/2025,11,38,52,11:38:52,35,Tahap-3
01/23/2025,11,38,52,11:38:52,17,Tahap-3
01/23/2025,11,38,52,11:38:52,65,Tahap-3
01/23/2025,11,38,52,11:38:52,31,Tahap-3
01/23/2025,11,38,52,11:38:52,35,Tahap-3
01/23/2025,11,38,52,11:38:52,47,Tahap-3
01/23/2025,11,38,52,11:38:52,51,Tahap-3
01/23/2025,11,38,53,11:38:53,25,Tahap-3
01/23/2025,11,38,53,11:38:53,58,Tahap-3
01/23/2025,11,38,53,11:38:53,43,Tahap-3
01/23/2025,11,38,53,11:38:53,49,Tahap-3
01/23/2025,11,38,53,11:38:53,52,Tahap-3
01/23/2025,11,38,53,11:38:53,50,Tahap-3
01/23/2025,11,38,53,11:38:53,64,Tahap-3
01/23/2025,11,38,53,11:38:53,57,Tahap-3
01/23/2025,11,38,53,11:38:53,51,Tahap-3
01/23/2025,11,38,53,11:38:53,67,Tahap-3
01/23/2025,11,38,54,11:38:54,69,Tahap-3
01/23/2025,11,38,54,11:38:54,70,Tahap-3
01/23/2025,11,38,54,11:38:54,65,Tahap-3
01/23/2025,11,38,54,11:38:54,95,Tahap-3
01/23/2025,11,38,54,11:38:54,72,Tahap-3
01/23/2025,11,38,54,11:38:54,90,Tahap-3
01/23/2025,11,38,54,11:38:54,75,Tahap-3
01/23/2025,11,38,54,11:38:54,125,Tahap-3
01/23/2025,11,38,54,11:38:54,90,Tahap-3
01/23/2025,11,38,54,11:38:54,111,Tahap-3
01/23/2025,11,38,55,11:38:55,115,Tahap-3
01/23/2025,11,38,55,11:38:55,115,Tahap-3
01/23/2025,11,38,55,11:38:55,117,Tahap-3
01/23/2025,11,38,55,11:38:55,129,Tahap-3
01/23/2025,11,38,55,11:38:55,116,Tahap-3
01/23/2025,11,38,55,11:38:55,131,Tahap-3
01/23/2025,11,38,55,11:38:55,130,Tahap-3
01/23/2025,11,38,55,11:38:55,126,Tahap-3
01/23/2025,11,38,55,11:38:55,163,Tahap-3
01/23/2025,11,39,20,11:39:20,2392,Tahap-3
01/23/2025,11,39,20,11:39:20,41,Tahap-3
01/23/2025,11,39,20,11:39:20,1022,Tahap-3
01/23/2025,11,39,20,11:39:20,457,Tahap-3
01/23/2025,11,39,20,11:39:20,326,Tahap-3
01/23/2025,11,39,20,11:39:20,299,Tahap-3
01/23/2025,11,39,20,11:39:20,307,Tahap-3
01/23/2025,11,39,20,11:39:20,252,Tahap-3
01/23/2025,11,39,21,11:39:21,248,Tahap-3
01/23/2025,11,39,21,11:39:21,17,Tahap-3
01/23/2025,11,39,21,11:39:21,90,Tahap-3
01/23/2025,11,39,21,11:39:21,147,Tahap-3
01/23/2025,11,39,21,11:39:21,175,Tahap-3
01/23/2025,11,39,21,11:39:21,115,Tahap-3
01/23/2025,11,39,21,11:39:21,193,Tahap-3
01/23/2025,11,39,21,11:39:21,82,Tahap-3
01/23/2025,11,39,21,11:39:21,253,Tahap-3
01/23/2025,11,39,21,11:39:21,81,Tahap-3
01/23/2025,11,39,22,11:39:22,61,Tahap-3
01/23/2025,11,39,22,11:39:22,276,Tahap-3
01/23/2025,11,39,22,11:39:22,143,Tahap-3
01/23/2025,11,39,22,11:39:22,189,Tahap-3
01/23/2025,11,39,22,11:39:22,607,Tahap-3
01/23/2025,11,39,22,11:39:22,153,Tahap-3
01/23/2025,11,39,22,11:39:22,124,Tahap-3
01/23/2025,11,39,22,11:39:22,111,Tahap-3
01/23/2025,11,39,22,11:39:22,25,Tahap-3
01/23/2025,11,39,22,11:39:22,154,Tahap-3
01/23/2025,11,39,23,11:39:23,141,Tahap-3
01/23/2025,11,39,23,11:39:23,253,Tahap-3
01/23/2025,11,39,23,11:39:23,59,Tahap-3
01/23/2025,11,39,23,11:39:23,86,Tahap-3
01/23/2025,11,39,23,11:39:23,190,Tahap-3
01/23/2025,11,39,23,11:39:23,218,Tahap-3
01/23/2025,11,39,23,11:39:23,88,Tahap-3
01/23/2025,11,39,23,11:39:23,171,Tahap-3
01/23/2025,11,39,23,11:39:23,165,Tahap-3
01/23/2025,11,39,23,11:39:23,92,Tahap-3
01/23/2025,11,39,24,11:39:24,90,Tahap-3
01/23/2025,11,39,24,11:39:24,136,Tahap-3
01/23/2025,11,39,24,11:39:24,106,Tahap-3
01/23/2025,11,39,24,11:39:24,202,Tahap-3
01/23/2025,11,39,24,11:39:24,172,Tahap-3
01/23/2025,11,39,24,11:39:24,190,Tahap-3
01/23/2025,11,39,24,11:39:24,186,Tahap-3
01/23/2025,11,39,24,11:39:24,146,Tahap-3
01/23/2025,11,39,24,11:39:24,258,Tahap-3
01/23/2025,11,39,24,11:39:24,58,Tahap-3
01/23/2025,11,39,25,11:39:25,45,Tahap-3
01/23/2025,11,39,25,11:39:25,5,Tahap-3
01/23/2025,11,39,25,11:39:25,28,Tahap-3
01/23/2025,11,39,25,11:39:25,124,Tahap-3
01/23/2025,11,39,25,11:39:25,81,Tahap-3
01/23/2025,11,39,25,11:39:25,10,Tahap-3
01/23/2025,11,39,25,11:39:25,28,Tahap-3
01/23/2025,11,39,25,11:39:25,90,Tahap-3
01/23/2025,11,39,25,11:39:25,169,Tahap-3
01/23/2025,11,39,25,11:39:25,24,Tahap-3
01/23/2025,11,39,26,11:39:26,66,Tahap-3
01/23/2025,11,39,26,11:39:26,16,Tahap-3
01/23/2025,11,39,26,11:39:26,45,Tahap-3
01/23/2025,11,39,26,11:39:26,90,Tahap-3
01/23/2025,11,39,26,11:39:26,262,Tahap-3
01/23/2025,11,39,26,11:39:26,69,Tahap-3
01/23/2025,11,39,26,11:39:26,145,Tahap-3
01/23/2025,11,39,26,11:39:26,355,Tahap-3
01/23/2025,11,39,26,11:39:26,164,Tahap-3
01/23/2025,11,39,26,11:39:26,617,Tahap-3
01/23/2025,11,39,27,11:39:27,663,Tahap-3
01/23/2025,11,39,27,11:39:27,623,Tahap-3
01/23/2025,11,39,27,11:39:27,870,Tahap-3
01/23/2025,11,39,27,11:39:27,46,Tahap-3
01/23/2025,11,39,27,11:39:27,197,Tahap-3
01/23/2025,11,39,27,11:39:27,66,Tahap-3
01/23/2025,11,39,27,11:39:27,143,Tahap-3
01/23/2025,11,39,27,11:39:27,193,Tahap-3
01/23/2025,11,39,27,11:39:27,126,Tahap-3
01/23/2025,11,39,27,11:39:27,66,Tahap-3
01/23/2025,11,39,28,11:39:28,50,Tahap-3
01/23/2025,11,39,28,11:39:28,56,Tahap-3
01/23/2025,11,39,28,11:39:28,90,Tahap-3
01/23/2025,11,39,28,11:39:28,44,Tahap-3
01/23/2025,11,39,28,11:39:28,205,Tahap-3
01/23/2025,11,39,28,11:39:28,255,Tahap-3
01/23/2025,11,39,28,11:39:28,1180,Tahap-3
01/23/2025,11,39,28,11:39:28,277,Tahap-3
01/23/2025,11,39,28,11:39:28,131,Tahap-3
01/23/2025,11,39,28,11:39:28,517,Tahap-3
01/23/2025,11,39,29,11:39:29,238,Tahap-3
01/23/2025,11,39,29,11:39:29,317,Tahap-3
01/23/2025,11,39,29,11:39:29,426,Tahap-3
01/23/2025,11,39,29,11:39:29,625,Tahap-3
01/23/2025,11,39,29,11:39:29,585,Tahap-3
01/23/2025,11,39,29,11:39:29,1575,Tahap-3
01/23/2025,11,39,29,11:39:29,110,Tahap-3
01/23/2025,11,39,29,11:39:29,313,Tahap-3
01/23/2025,11,39,29,11:39:29,572,Tahap-3
01/23/2025,11,39,29,11:39:29,249,Tahap-3
01/23/2025,11,39,30,11:39:30,192,Tahap-3
01/23/2025,11,39,30,11:39:30,85,Tahap-3
01/23/2025,11,39,30,11:39:30,64,Tahap-3
01/23/2025,11,39,30,11:39:30,130,Tahap-3
01/23/2025,11,39,30,11:39:30,161,Tahap-3
01/23/2025,11,39,30,11:39:30,235,Tahap-3
01/23/2025,11,39,30,11:39:30,84,Tahap-3
01/23/2025,11,39,30,11:39:30,156,Tahap-3
01/23/2025,11,39,30,11:39:30,81,Tahap-3
01/23/2025,11,39,30,11:39:30,387,Tahap-3
01/23/2025,11,39,31,11:39:31,105,Tahap-3
01/23/2025,11,39,31,11:39:31,230,Tahap-3
01/23/2025,11,39,31,11:39:31,237,Tahap-3
01/23/2025,11,39,31,11:39:31,197,Tahap-3
01/23/2025,11,39,31,11:39:31,434,Tahap-3
01/23/2025,11,39,31,11:39:31,192,Tahap-3
01/23/2025,11,39,31,11:39:31,412,Tahap-3
01/23/2025,11,39,31,11:39:31,188,Tahap-3
01/23/2025,11,39,31,11:39:31,931,Tahap-3
01/23/2025,11,39,31,11:39:31,347,Tahap-3
01/23/2025,11,39,32,11:39:32,220,Tahap-3
01/23/2025,11,39,32,11:39:32,346,Tahap-3
01/23/2025,11,39,32,11:39:32,336,Tahap-3
01/23/2025,11,39,32,11:39:32,303,Tahap-3
01/23/2025,11,39,32,11:39:32,223,Tahap-3
01/23/2025,11,39,32,11:39:32,61,Tahap-3
01/23/2025,11,39,32,11:39:32,260,Tahap-3
01/23/2025,11,39,32,11:39:32,152,Tahap-3
01/23/2025,11,39,32,11:39:32,473,Tahap-3
01/23/2025,11,39,32,11:39:32,152,Tahap-3
01/23/2025,11,39,33,11:39:33,112,Tahap-3
01/23/2025,11,39,33,11:39:33,-16,Tahap-3
01/23/2025,11,39,33,11:39:33,136,Tahap-3
01/23/2025,11,39,33,11:39:33,-24,Tahap-3
01/23/2025,11,39,33,11:39:33,92,Tahap-3
01/23/2025,11,39,33,11:39:33,44,Tahap-3
01/23/2025,11,39,33,11:39:33,-12,Tahap-3
01/23/2025,11,39,33,11:39:33,124,Tahap-3
01/23/2025,11,39,33,11:39:33,168,Tahap-3
01/23/2025,11,39,33,11:39:33,-124,Tahap-3
01/23/2025,11,39,34,11:39:34,200,Tahap-3
01/23/2025,11,39,34,11:39:34,16,Tahap-3
01/23/2025,11,39,34,11:39:34,-56,Tahap-3
01/23/2025,11,39,34,11:39:34,64,Tahap-3
01/23/2025,11,39,34,11:39:34,112,Tahap-3
01/23/2025,11,39,34,11:39:34,-88,Tahap-3
01/23/2025,11,39,34,11:39:34,164,Tahap-3
01/23/2025,11,39,34,11:39:34,-116,Tahap-3
01/23/2025,11,39,34,11:39:34,132,Tahap-3
01/23/2025,11,39,34,11:39:34,84,Tahap-3
01/23/2025,11,39,35,11:39:35,56,Tahap-3
01/23/2025,11,39,35,11:39:35,128,Tahap-3
01/23/2025,11,39,35,11:39:35,-52,Tahap-3
01/23/2025,11,39,35,11:39:35,-12,Tahap-3
01/23/2025,11,39,35,11:39:35,36,Tahap-3
01/23/2025,11,39,35,11:39:35,52,Tahap-3
01/23/2025,11,39,35,11:39:35,-72,Tahap-3
01/23/2025,11,39,35,11:39:35,16,Tahap-3
01/23/2025,11,39,35,11:39:35,28,Tahap-3
01/23/2025,11,39,36,11:39:36,36,Tahap-3
01/23/2025,11,39,36,11:39:36,76,Tahap-3
01/23/2025,11,39,36,11:39:36,-12,Tahap-3
01/23/2025,11,39,36,11:39:36,36,Tahap-3
01/23/2025,11,39,36,11:39:36,-84,Tahap-3
01/23/2025,11,39,36,11:39:36,-72,Tahap-3
01/23/2025,11,39,36,11:39:36,96,Tahap-3
01/23/2025,11,39,36,11:39:36,-36,Tahap-3
01/23/2025,11,39,36,11:39:36,-108,Tahap-3
01/23/2025,11,39,37,11:39:37,100,Tahap-3
01/23/2025,11,39,37,11:39:37,-64,Tahap-3
01/23/2025,11,39,37,11:39:37,176,Tahap-3
01/23/2025,11,39,37,11:39:37,-140,Tahap-3
01/23/2025,11,39,37,11:39:37,72,Tahap-3
01/23/2025,11,39,37,11:39:37,-60,Tahap-3
01/23/2025,11,39,37,11:39:37,56,Tahap-3
01/23/2025,11,39,37,11:39:37,-144,Tahap-3
01/23/2025,11,39,37,11:39:37,80,Tahap-3
01/23/2025,11,39,37,11:39:37,-72,Tahap-3
01/23/2025,11,39,38,11:39:38,24,Tahap-3
01/23/2025,11,39,38,11:39:38,-76,Tahap-3
01/23/2025,11,39,38,11:39:38,16,Tahap-3
01/23/2025,11,39,38,11:39:38,112,Tahap-3
01/23/2025,11,39,38,11:39:38,-140,Tahap-3
01/23/2025,11,39,38,11:39:38,28,Tahap-3
01/23/2025,11,39,38,11:39:38,160,Tahap-3
01/23/2025,11,39,38,11:39:38,-140,Tahap-3
01/23/2025,11,39,38,11:39:38,44,Tahap-3
01/23/2025,11,39,38,11:39:38,4,Tahap-3
01/23/2025,11,39,39,11:39:39,-52,Tahap-3
01/23/2025,11,39,39,11:39:39,-80,Tahap-3
01/23/2025,11,39,39,11:39:39,16,Tahap-3
01/23/2025,11,39,40,11:39:40,-84,Tahap-3
01/23/2025,11,39,40,11:39:40,140,Tahap-3
01/23/2025,11,39,40,11:39:40,-116,Tahap-3
01/23/2025,11,39,40,11:39:40,-36,Tahap-3
01/23/2025,11,39,40,11:39:40,32,Tahap-3
01/23/2025,11,39,40,11:39:40,36,Tahap-3
01/23/2025,11,39,40,11:39:40,-140,Tahap-3
01/23/2025,11,39,40,11:39:40,60,Tahap-3
01/23/2025,11,39,40,11:39:40,-36,Tahap-3
01/23/2025,11,39,40,11:39:40,-76,Tahap-3
01/23/2025,11,39,40,11:39:40,64,Tahap-3
01/23/2025,11,39,40,11:39:40,56,Tahap-3
01/23/2025,11,39,40,11:39:40,-92,Tahap-3
01/23/2025,11,39,40,11:39:40,-8,Tahap-3
01/23/2025,11,39,40,11:39:40,-24,Tahap-3
01/23/2025,11,39,40,11:39:40,-44,Tahap-3
01/23/2025,11,39,41,11:39:41,4,Tahap-3
01/23/2025,11,39,41,11:39:41,-44,Tahap-3
01/23/2025,11,39,41,11:39:41,-8,Tahap-3
01/23/2025,11,39,41,11:39:41,-80,Tahap-3
01/23/2025,11,39,41,11:39:41,-72,Tahap-3
01/23/2025,11,39,41,11:39:41,-36,Tahap-3
01/23/2025,11,39,41,11:39:41,140,Tahap-3
01/23/2025,11,39,41,11:39:41,-216,Tahap-3
01/23/2025,11,39,41,11:39:41,-28,Tahap-3
01/23/2025,11,39,41,11:39:41,-4,Tahap-3
01/23/2025,11,39,42,11:39:42,-136,Tahap-3
01/23/2025,11,39,42,11:39:42,-112,Tahap-3
01/23/2025,11,39,42,11:39:42,80,Tahap-3
01/23/2025,11,39,42,11:39:42,-192,Tahap-3
01/23/2025,11,39,42,11:39:42,-16,Tahap-3
01/23/2025,11,39,42,11:39:42,-80,Tahap-3
01/23/2025,11,39,42,11:39:42,-104,Tahap-3
01/23/2025,11,39,42,11:39:42,28,Tahap-3
01/23/2025,11,39,42,11:39:42,-96,Tahap-3
01/23/2025,11,39,42,11:39:42,-72,Tahap-3
01/23/2025,11,39,43,11:39:43,36,Tahap-3
01/23/2025,11,39,43,11:39:43,-96,Tahap-3
01/23/2025,11,39,43,11:39:43,-140,Tahap-3
01/23/2025,11,39,43,11:39:43,-12,Tahap-3
01/23/2025,11,39,43,11:39:43,-76,Tahap-3
01/23/2025,11,39,43,11:39:43,-132,Tahap-3
01/23/2025,11,39,43,11:39:43,-128,Tahap-3
01/23/2025,11,39,43,11:39:43,-56,Tahap-3
01/23/2025,11,39,43,11:39:43,36,Tahap-3
01/23/2025,11,39,43,11:39:43,-224,Tahap-3
01/23/2025,11,39,44,11:39:44,-128,Tahap-3
01/23/2025,11,39,44,11:39:44,-92,Tahap-3
01/23/2025,11,39,44,11:39:44,-172,Tahap-3
01/23/2025,11,39,44,11:39:44,-120,Tahap-3
01/23/2025,11,39,44,11:39:44,-152,Tahap-3
01/23/2025,11,39,44,11:39:44,-32,Tahap-3
01/23/2025,11,39,44,11:39:44,-276,Tahap-3
01/23/2025,11,39,44,11:39:44,-64,Tahap-3
01/23/2025,11,39,45,11:39:45,-268,Tahap-3
01/23/2025,11,39,45,11:39:45,-92,Tahap-3
01/23/2025,11,39,45,11:39:45,-32,Tahap-3
01/23/2025,11,39,45,11:39:45,-224,Tahap-3
01/23/2025,11,39,45,11:39:45,-108,Tahap-3
01/23/2025,11,39,45,11:39:45,-160,Tahap-3
01/23/2025,11,39,45,11:39:45,-256,Tahap-3
01/23/2025,11,39,45,11:39:45,-148,Tahap-3
01/23/2025,11,40,10,11:40:10,3977,Tahap-3
01/23/2025,11,40,10,11:40:10,2112,Tahap-3
01/23/2025,11,40,10,11:40:10,702,Tahap-3
01/23/2025,11,40,10,11:40:10,1111,Tahap-3
01/23/2025,11,40,10,11:40:10,1039,Tahap-3
01/23/2025,11,40,10,11:40:10,830,Tahap-3
01/23/2025,11,40,10,11:40:10,573,Tahap-3
01/23/2025,11,40,10,11:40:10,818,Tahap-3
01/23/2025,11,40,10,11:40:10,547,Tahap-3
01/23/2025,11,40,11,11:40:11,295,Tahap-3
01/23/2025,11,40,11,11:40:11,216,Tahap-3
01/23/2025,11,40,11,11:40:11,344,Tahap-3
01/23/2025,11,40,11,11:40:11,288,Tahap-3
01/23/2025,11,40,11,11:40:11,399,Tahap-3
01/23/2025,11,40,11,11:40:11,278,Tahap-3
01/23/2025,11,40,11,11:40:11,327,Tahap-3
01/23/2025,11,40,11,11:40:11,220,Tahap-3
01/23/2025,11,40,11,11:40:11,185,Tahap-3
01/23/2025,11,40,11,11:40:11,128,Tahap-3
01/23/2025,11,40,12,11:40:12,129,Tahap-3
01/23/2025,11,40,12,11:40:12,51,Tahap-3
01/23/2025,11,40,12,11:40:12,139,Tahap-3
01/23/2025,11,40,12,11:40:12,198,Tahap-3
01/23/2025,11,40,12,11:40:12,648,Tahap-3
01/23/2025,11,40,12,11:40:12,268,Tahap-3
01/23/2025,11,40,12,11:40:12,156,Tahap-3
01/23/2025,11,40,12,11:40:12,79,Tahap-3
01/23/2025,11,40,12,11:40:12,212,Tahap-3
01/23/2025,11,40,12,11:40:12,304,Tahap-3
01/23/2025,11,40,13,11:40:13,128,Tahap-3
01/23/2025,11,40,13,11:40:13,67,Tahap-3
01/23/2025,11,40,13,11:40:13,120,Tahap-3
01/23/2025,11,40,13,11:40:13,198,Tahap-3
01/23/2025,11,40,13,11:40:13,144,Tahap-3
01/23/2025,11,40,13,11:40:13,206,Tahap-3
01/23/2025,11,40,13,11:40:13,127,Tahap-3
01/23/2025,11,40,13,11:40:13,217,Tahap-3
01/23/2025,11,40,13,11:40:13,113,Tahap-3
01/23/2025,11,40,13,11:40:13,112,Tahap-3
01/23/2025,11,40,14,11:40:14,193,Tahap-3
01/23/2025,11,40,14,11:40:14,161,Tahap-3
01/23/2025,11,40,14,11:40:14,312,Tahap-3
01/23/2025,11,40,14,11:40:14,148,Tahap-3
01/23/2025,11,40,14,11:40:14,125,Tahap-3
01/23/2025,11,40,14,11:40:14,161,Tahap-3
01/23/2025,11,40,14,11:40:14,211,Tahap-3
01/23/2025,11,40,14,11:40:14,185,Tahap-3
01/23/2025,11,40,14,11:40:14,142,Tahap-3
01/23/2025,11,40,14,11:40:14,93,Tahap-3
01/23/2025,11,40,15,11:40:15,217,Tahap-3
01/23/2025,11,40,15,11:40:15,101,Tahap-3
01/23/2025,11,40,15,11:40:15,81,Tahap-3
01/23/2025,11,40,15,11:40:15,74,Tahap-3
01/23/2025,11,40,15,11:40:15,179,Tahap-3
01/23/2025,11,40,15,11:40:15,121,Tahap-3
01/23/2025,11,40,15,11:40:15,154,Tahap-3
01/23/2025,11,40,15,11:40:15,181,Tahap-3
01/23/2025,11,40,15,11:40:15,46,Tahap-3
01/23/2025,11,40,15,11:40:15,120,Tahap-3
01/23/2025,11,40,16,11:40:16,95,Tahap-3
01/23/2025,11,40,16,11:40:16,174,Tahap-3
01/23/2025,11,40,16,11:40:16,62,Tahap-3
01/23/2025,11,40,16,11:40:16,141,Tahap-3
01/23/2025,11,40,16,11:40:16,166,Tahap-3
01/23/2025,11,40,16,11:40:16,74,Tahap-3
01/23/2025,11,40,16,11:40:16,261,Tahap-3
01/23/2025,11,40,16,11:40:16,12,Tahap-3
01/23/2025,11,40,16,11:40:16,375,Tahap-3
01/23/2025,11,40,16,11:40:16,769,Tahap-3
01/23/2025,11,40,17,11:40:17,636,Tahap-3
01/23/2025,11,40,17,11:40:17,510,Tahap-3
01/23/2025,11,40,17,11:40:17,382,Tahap-3
01/23/2025,11,40,17,11:40:17,200,Tahap-3
01/23/2025,11,40,17,11:40:17,139,Tahap-3
01/23/2025,11,40,17,11:40:17,295,Tahap-3
01/23/2025,11,40,17,11:40:17,88,Tahap-3
01/23/2025,11,40,17,11:40:17,163,Tahap-3
01/23/2025,11,40,17,11:40:17,257,Tahap-3
01/23/2025,11,40,17,11:40:17,162,Tahap-3
01/23/2025,11,40,18,11:40:18,151,Tahap-3
01/23/2025,11,40,18,11:40:18,131,Tahap-3
01/23/2025,11,40,18,11:40:18,319,Tahap-3
01/23/2025,11,40,18,11:40:18,125,Tahap-3
01/23/2025,11,40,18,11:40:18,345,Tahap-3
01/23/2025,11,40,18,11:40:18,1201,Tahap-3
01/23/2025,11,40,18,11:40:18,516,Tahap-3
01/23/2025,11,40,18,11:40:18,422,Tahap-3
01/23/2025,11,40,18,11:40:18,360,Tahap-3
01/23/2025,11,40,18,11:40:18,258,Tahap-3
01/23/2025,11,40,19,11:40:19,313,Tahap-3
01/23/2025,11,40,19,11:40:19,97,Tahap-3
01/23/2025,11,40,19,11:40:19,927,Tahap-3
01/23/2025,11,40,19,11:40:19,457,Tahap-3
01/23/2025,11,40,19,11:40:19,1264,Tahap-3
01/23/2025,11,40,19,11:40:19,348,Tahap-3
01/23/2025,11,40,19,11:40:19,448,Tahap-3
01/23/2025,11,40,19,11:40:19,389,Tahap-3
01/23/2025,11,40,19,11:40:19,205,Tahap-3
01/23/2025,11,40,19,11:40:19,190,Tahap-3
01/23/2025,11,40,20,11:40:20,299,Tahap-3
01/23/2025,11,40,20,11:40:20,148,Tahap-3
01/23/2025,11,40,20,11:40:20,88,Tahap-3
01/23/2025,11,40,20,11:40:20,67,Tahap-3
01/23/2025,11,40,20,11:40:20,95,Tahap-3
01/23/2025,11,40,20,11:40:20,115,Tahap-3
01/23/2025,11,40,20,11:40:20,176,Tahap-3
01/23/2025,11,40,20,11:40:20,80,Tahap-3
01/23/2025,11,40,20,11:40:20,74,Tahap-3
01/23/2025,11,40,20,11:40:20,116,Tahap-3
01/23/2025,11,40,21,11:40:21,668,Tahap-3
01/23/2025,11,40,21,11:40:21,629,Tahap-3
01/23/2025,11,40,21,11:40:21,586,Tahap-3
01/23/2025,11,40,21,11:40:21,291,Tahap-3
01/23/2025,11,40,21,11:40:21,286,Tahap-3
01/23/2025,11,40,21,11:40:21,367,Tahap-3
01/23/2025,11,40,21,11:40:21,817,Tahap-3
01/23/2025,11,40,21,11:40:21,282,Tahap-3
01/23/2025,11,40,21,11:40:21,487,Tahap-3
01/23/2025,11,40,21,11:40:21,182,Tahap-3
01/23/2025,11,40,22,11:40:22,599,Tahap-3
01/23/2025,11,40,22,11:40:22,481,Tahap-3
01/23/2025,11,40,22,11:40:22,443,Tahap-3
01/23/2025,11,40,22,11:40:22,164,Tahap-3
01/23/2025,11,40,22,11:40:22,219,Tahap-3
01/23/2025,11,40,22,11:40:22,199,Tahap-3
01/23/2025,11,40,22,11:40:22,442,Tahap-3
01/23/2025,11,40,22,11:40:22,1298,Tahap-3
01/23/2025,11,40,22,11:40:22,44,Tahap-3
01/23/2025,11,40,22,11:40:22,76,Tahap-3
01/23/2025,11,40,23,11:40:23,48,Tahap-3
01/23/2025,11,40,23,11:40:23,-56,Tahap-3
01/23/2025,11,40,23,11:40:23,192,Tahap-3
01/23/2025,11,40,23,11:40:23,-16,Tahap-3
01/23/2025,11,40,23,11:40:23,40,Tahap-3
01/23/2025,11,40,23,11:40:23,28,Tahap-3
01/23/2025,11,40,23,11:40:23,48,Tahap-3
01/23/2025,11,40,23,11:40:23,-12,Tahap-3
01/23/2025,11,40,23,11:40:23,112,Tahap-3
01/23/2025,11,40,23,11:40:23,-208,Tahap-3
01/23/2025,11,40,24,11:40:24,224,Tahap-3
01/23/2025,11,40,24,11:40:24,-44,Tahap-3
01/23/2025,11,40,24,11:40:24,8,Tahap-3
01/23/2025,11,40,24,11:40:24,76,Tahap-3
01/23/2025,11,40,24,11:40:24,112,Tahap-3
01/23/2025,11,40,24,11:40:24,-116,Tahap-3
01/23/2025,11,40,24,11:40:24,84,Tahap-3
01/23/2025,11,40,24,11:40:24,12,Tahap-3
01/23/2025,11,40,24,11:40:24,-52,Tahap-3
01/23/2025,11,40,24,11:40:24,4,Tahap-3
01/23/2025,11,40,25,11:40:25,-44,Tahap-3
01/23/2025,11,40,25,11:40:25,108,Tahap-3
01/23/2025,11,40,25,11:40:25,-68,Tahap-3
01/23/2025,11,40,25,11:40:25,-48,Tahap-3
01/23/2025,11,40,25,11:40:25,68,Tahap-3
01/23/2025,11,40,25,11:40:25,-76,Tahap-3
01/23/2025,11,40,25,11:40:25,32,Tahap-3
01/23/2025,11,40,25,11:40:25,-108,Tahap-3
01/23/2025,11,40,25,11:40:25,40,Tahap-3
01/23/2025,11,40,25,11:40:25,-128,Tahap-3
01/23/2025,11,40,26,11:40:26,40,Tahap-3
01/23/2025,11,40,26,11:40:26,-152,Tahap-3
01/23/2025,11,40,26,11:40:26,60,Tahap-3
01/23/2025,11,40,26,11:40:26,8,Tahap-3
01/23/2025,11,40,26,11:40:26,-28,Tahap-3
01/23/2025,11,40,26,11:40:26,-52,Tahap-3
01/23/2025,11,40,26,11:40:26,-12,Tahap-3
01/23/2025,11,40,26,11:40:26,-84,Tahap-3
01/23/2025,11,40,26,11:40:26,-8,Tahap-3
01/23/2025,11,40,26,11:40:26,-72,Tahap-3
01/23/2025,11,40,27,11:40:27,16,Tahap-3
01/23/2025,11,40,27,11:40:27,-60,Tahap-3
01/23/2025,11,40,27,11:40:27,36,Tahap-3
01/23/2025,11,40,27,11:40:27,-228,Tahap-3
01/23/2025,11,40,27,11:40:27,72,Tahap-3
01/23/2025,11,40,27,11:40:27,-48,Tahap-3
01/23/2025,11,40,27,11:40:27,-96,Tahap-3
01/23/2025,11,40,27,11:40:27,-64,Tahap-3
01/23/2025,11,40,27,11:40:27,-64,Tahap-3
01/23/2025,11,40,27,11:40:27,-104,Tahap-3
01/23/2025,11,40,28,11:40:28,-52,Tahap-3
01/23/2025,11,40,28,11:40:28,-68,Tahap-3
01/23/2025,11,40,28,11:40:28,-240,Tahap-3
01/23/2025,11,40,28,11:40:28,68,Tahap-3
01/23/2025,11,40,28,11:40:28,-276,Tahap-3
01/23/2025,11,40,28,11:40:28,-156,Tahap-3
01/23/2025,11,40,28,11:40:28,20,Tahap-3
01/23/2025,11,40,28,11:40:28,-184,Tahap-3
01/23/2025,11,40,28,11:40:28,-208,Tahap-3
01/23/2025,11,40,28,11:40:28,-76,Tahap-3
01/23/2025,11,40,29,11:40:29,-236,Tahap-3
01/23/2025,11,40,29,11:40:29,-176,Tahap-3
01/23/2025,11,40,29,11:40:29,-152,Tahap-3
01/23/2025,11,40,29,11:40:29,-188,Tahap-3
01/23/2025,11,40,29,11:40:29,-120,Tahap-3
01/23/2025,11,40,29,11:40:29,-196,Tahap-3
01/23/2025,11,40,29,11:40:29,-236,Tahap-3
01/23/2025,11,40,29,11:40:29,-80,Tahap-3
01/23/2025,11,40,29,11:40:29,-128,Tahap-3
01/23/2025,11,40,29,11:40:29,-232,Tahap-3
01/23/2025,11,40,30,11:40:30,-140,Tahap-3
01/23/2025,11,40,30,11:40:30,-208,Tahap-3
01/23/2025,11,40,30,11:40:30,-216,Tahap-3
01/23/2025,11,40,30,11:40:30,-204,Tahap-3
01/23/2025,11,40,30,11:40:30,-104,Tahap-3
01/23/2025,11,40,30,11:40:30,-88,Tahap-3
01/23/2025,11,40,30,11:40:30,-268,Tahap-3
01/23/2025,11,40,30,11:40:30,-36,Tahap-3
01/23/2025,11,40,30,11:40:30,-136,Tahap-3
01/23/2025,11,40,30,11:40:30,-148,Tahap-3
01/23/2025,11,40,31,11:40:31,-168,Tahap-3
01/23/2025,11,40,31,11:40:31,-128,Tahap-3
01/23/2025,11,40,31,11:40:31,-264,Tahap-3
01/23/2025,11,40,31,11:40:31,-120,Tahap-3
01/23/2025,11,40,31,11:40:31,-240,Tahap-3
01/23/2025,11,40,31,11:40:31,-148,Tahap-3
01/23/2025,11,40,31,11:40:31,-28,Tahap-3
01/23/2025,11,40,31,11:40:31,-244,Tahap-3
01/23/2025,11,40,31,11:40:31,-176,Tahap-3
01/23/2025,11,40,31,11:40:31,-44,Tahap-3
01/23/2025,11,40,32,11:40:32,-276,Tahap-3
01/23/2025,11,40,32,11:40:32,-192,Tahap-3
01/23/2025,11,40,32,11:40:32,-4,Tahap-3
01/23/2025,11,40,32,11:40:32,-208,Tahap-3
01/23/2025,11,40,32,11:40:32,-212,Tahap-3
01/23/2025,11,40,32,11:40:32,-72,Tahap-3
01/23/2025,11,40,32,11:40:32,-224,Tahap-3
01/23/2025,11,40,32,11:40:32,44,Tahap-3
01/23/2025,11,40,32,11:40:32,-192,Tahap-3
01/23/2025,11,40,32,11:40:32,-64,Tahap-3
01/23/2025,11,40,33,11:40:33,-44,Tahap-3
01/23/2025,11,40,33,11:40:33,-96,Tahap-3
01/23/2025,11,40,33,11:40:33,-228,Tahap-3
01/23/2025,11,40,33,11:40:33,-92,Tahap-3
01/23/2025,11,40,33,11:40:33,-84,Tahap-3
01/23/2025,11,40,33,11:40:33,-196,Tahap-3
01/23/2025,11,40,33,11:40:33,-168,Tahap-3
01/23/2025,11,40,33,11:40:33,-148,Tahap-3
01/23/2025,11,40,33,11:40:33,-68,Tahap-3
01/23/2025,11,40,33,11:40:33,-188,Tahap-3
01/23/2025,11,40,34,11:40:34,-68,Tahap-3
01/23/2025,11,40,34,11:40:34,-104,Tahap-3
01/23/2025,11,40,34,11:40:34,-164,Tahap-3
01/23/2025,11,40,34,11:40:34,-124,Tahap-3
01/23/2025,11,40,34,11:40:34,-172,Tahap-3
01/23/2025,11,40,34,11:40:34,-124,Tahap-3
01/23/2025,11,40,34,11:40:34,-148,Tahap-3
01/23/2025,11,40,34,11:40:34,-200,Tahap-3
01/23/2025,11,40,34,11:40:34,-212,Tahap-3
01/23/2025,11,40,34,11:40:34,8,Tahap-3
01/23/2025,11,40,35,11:40:35,-284,Tahap-3
01/23/2025,11,40,35,11:40:35,-128,Tahap-3
01/23/2025,11,40,35,11:40:35,-72,Tahap-3
01/23/2025,11,40,35,11:40:35,-204,Tahap-3
01/23/2025,11,40,35,11:40:35,-220,Tahap-3
01/23/2025,11,40,35,11:40:35,-68,Tahap-3
01/23/2025,11,40,35,11:40:35,-288,Tahap-3
01/23/2025,11,41,1,11:41:01,168,Tahap-3
01/23/2025,11,41,1,11:41:01,275,Tahap-3
01/23/2025,11,41,1,11:41:01,185,Tahap-3
01/23/2025,11,41,1,11:41:01,180,Tahap-3
01/23/2025,11,41,1,11:41:01,144,Tahap-3
01/23/2025,11,41,1,11:41:01,184,Tahap-3
01/23/2025,11,41,1,11:41:01,159,Tahap-3
01/23/2025,11,41,1,11:41:01,52,Tahap-3
01/23/2025,11,41,1,11:41:01,221,Tahap-3
01/23/2025,11,41,1,11:41:01,29,Tahap-3
01/23/2025,11,41,2,11:41:02,148,Tahap-3
01/23/2025,11,41,2,11:41:02,89,Tahap-3
01/23/2025,11,41,2,11:41:02,77,Tahap-3
01/23/2025,11,41,2,11:41:02,554,Tahap-3
01/23/2025,11,41,2,11:41:02,79,Tahap-3
01/23/2025,11,41,2,11:41:02,127,Tahap-3
01/23/2025,11,41,2,11:41:02,87,Tahap-3
01/23/2025,11,41,2,11:41:02,99,Tahap-3
01/23/2025,11,41,2,11:41:02,90,Tahap-3
01/23/2025,11,41,2,11:41:02,218,Tahap-3
01/23/2025,11,41,3,11:41:03,107,Tahap-3
01/23/2025,11,41,3,11:41:03,71,Tahap-3
01/23/2025,11,41,3,11:41:03,82,Tahap-3
01/23/2025,11,41,3,11:41:03,59,Tahap-3
01/23/2025,11,41,3,11:41:03,261,Tahap-3
01/23/2025,11,41,3,11:41:03,99,Tahap-3
01/23/2025,11,41,3,11:41:03,60,Tahap-3
01/23/2025,11,41,3,11:41:03,69,Tahap-3
01/23/2025,11,41,3,11:41:03,30,Tahap-3
01/23/2025,11,41,3,11:41:03,78,Tahap-3
01/23/2025,11,41,4,11:41:04,127,Tahap-3
01/23/2025,11,41,4,11:41:04,166,Tahap-3
01/23/2025,11,41,4,11:41:04,297,Tahap-3
01/23/2025,11,41,4,11:41:04,188,Tahap-3
01/23/2025,11,41,4,11:41:04,143,Tahap-3
01/23/2025,11,41,4,11:41:04,207,Tahap-3
01/23/2025,11,41,4,11:41:04,75,Tahap-3
01/23/2025,11,41,4,11:41:04,60,Tahap-3
01/23/2025,11,41,4,11:41:04,270,Tahap-3
01/23/2025,11,41,4,11:41:04,118,Tahap-3
01/23/2025,11,41,5,11:41:05,35,Tahap-3
01/23/2025,11,41,5,11:41:05,123,Tahap-3
01/23/2025,11,41,5,11:41:05,97,Tahap-3
01/23/2025,11,41,5,11:41:05,73,Tahap-3
01/23/2025,11,41,5,11:41:05,35,Tahap-3
01/23/2025,11,41,5,11:41:05,71,Tahap-3
01/23/2025,11,41,5,11:41:05,137,Tahap-3
01/23/2025,11,41,5,11:41:05,99,Tahap-3
01/23/2025,11,41,5,11:41:05,108,Tahap-3
01/23/2025,11,41,5,11:41:05,60,Tahap-3
01/23/2025,11,41,6,11:41:06,62,Tahap-3
01/23/2025,11,41,6,11:41:06,113,Tahap-3
01/23/2025,11,41,6,11:41:06,137,Tahap-3
01/23/2025,11,41,6,11:41:06,191,Tahap-3
01/23/2025,11,41,6,11:41:06,499,Tahap-3
01/23/2025,11,41,6,11:41:06,198,Tahap-3
01/23/2025,11,41,6,11:41:06,338,Tahap-3
01/23/2025,11,41,6,11:41:06,711,Tahap-3
01/23/2025,11,41,6,11:41:06,564,Tahap-3
01/23/2025,11,41,6,11:41:06,1219,Tahap-3
01/23/2025,11,41,7,11:41:07,312,Tahap-3
01/23/2025,11,41,7,11:41:07,298,Tahap-3
01/23/2025,11,41,7,11:41:07,341,Tahap-3
01/23/2025,11,41,7,11:41:07,254,Tahap-3
01/23/2025,11,41,7,11:41:07,98,Tahap-3
01/23/2025,11,41,7,11:41:07,83,Tahap-3
01/23/2025,11,41,7,11:41:07,161,Tahap-3
01/23/2025,11,41,7,11:41:07,82,Tahap-3
01/23/2025,11,41,7,11:41:07,163,Tahap-3
01/23/2025,11,41,7,11:41:07,182,Tahap-3
01/23/2025,11,41,8,11:41:08,79,Tahap-3
01/23/2025,11,41,8,11:41:08,284,Tahap-3
01/23/2025,11,41,8,11:41:08,128,Tahap-3
01/23/2025,11,41,8,11:41:08,126,Tahap-3
01/23/2025,11,41,8,11:41:08,82,Tahap-3
01/23/2025,11,41,8,11:41:08,1499,Tahap-3
01/23/2025,11,41,8,11:41:08,538,Tahap-3
01/23/2025,11,41,8,11:41:08,196,Tahap-3
01/23/2025,11,41,8,11:41:08,494,Tahap-3
01/23/2025,11,41,8,11:41:08,711,Tahap-3
01/23/2025,11,41,9,11:41:09,616,Tahap-3
01/23/2025,11,41,9,11:41:09,560,Tahap-3
01/23/2025,11,41,9,11:41:09,781,Tahap-3
01/23/2025,11,41,10,11:41:10,1573,Tahap-3
01/23/2025,11,41,10,11:41:10,262,Tahap-3
01/23/2025,11,41,10,11:41:10,250,Tahap-3
01/23/2025,11,41,10,11:41:10,162,Tahap-3
01/23/2025,11,41,10,11:41:10,154,Tahap-3
01/23/2025,11,41,10,11:41:10,284,Tahap-3
01/23/2025,11,41,10,11:41:10,128,Tahap-3
01/23/2025,11,41,10,11:41:10,204,Tahap-3
01/23/2025,11,41,10,11:41:10,193,Tahap-3
01/23/2025,11,41,10,11:41:10,185,Tahap-3
01/23/2025,11,41,10,11:41:10,141,Tahap-3
01/23/2025,11,41,10,11:41:10,263,Tahap-3
01/23/2025,11,41,10,11:41:10,293,Tahap-3
01/23/2025,11,41,10,11:41:10,81,Tahap-3
01/23/2025,11,41,10,11:41:10,264,Tahap-3
01/23/2025,11,41,10,11:41:10,453,Tahap-3
01/23/2025,11,41,10,11:41:10,380,Tahap-3
01/23/2025,11,41,11,11:41:11,414,Tahap-3
01/23/2025,11,41,11,11:41:11,391,Tahap-3
01/23/2025,11,41,11,11:41:11,469,Tahap-3
01/23/2025,11,41,11,11:41:11,239,Tahap-3
01/23/2025,11,41,11,11:41:11,323,Tahap-3
01/23/2025,11,41,11,11:41:11,727,Tahap-3
01/23/2025,11,41,11,11:41:11,383,Tahap-3
01/23/2025,11,41,11,11:41:11,675,Tahap-3
01/23/2025,11,41,11,11:41:11,613,Tahap-3
01/23/2025,11,41,11,11:41:11,285,Tahap-3
01/23/2025,11,41,12,11:41:12,125,Tahap-3
01/23/2025,11,41,12,11:41:12,337,Tahap-3
01/23/2025,11,41,12,11:41:12,393,Tahap-3
01/23/2025,11,41,12,11:41:12,269,Tahap-3
01/23/2025,11,41,12,11:41:12,592,Tahap-3
01/23/2025,11,41,12,11:41:12,453,Tahap-3
01/23/2025,11,41,12,11:41:12,765,Tahap-3
01/23/2025,11,41,12,11:41:12,60,Tahap-3
01/23/2025,11,41,12,11:41:12,-144,Tahap-3
01/23/2025,11,41,12,11:41:12,-52,Tahap-3
01/23/2025,11,41,13,11:41:13,164,Tahap-3
01/23/2025,11,41,13,11:41:13,-140,Tahap-3
01/23/2025,11,41,13,11:41:13,-12,Tahap-3
01/23/2025,11,41,13,11:41:13,140,Tahap-3
01/23/2025,11,41,13,11:41:13,-68,Tahap-3
01/23/2025,11,41,13,11:41:13,28,Tahap-3
01/23/2025,11,41,13,11:41:13,60,Tahap-3
01/23/2025,11,41,13,11:41:13,-64,Tahap-3
01/23/2025,11,41,13,11:41:13,16,Tahap-3
01/23/2025,11,41,13,11:41:13,20,Tahap-3
01/23/2025,11,41,14,11:41:14,-36,Tahap-3
01/23/2025,11,41,14,11:41:14,80,Tahap-3
01/23/2025,11,41,14,11:41:14,12,Tahap-3
01/23/2025,11,41,14,11:41:14,80,Tahap-3
01/23/2025,11,41,14,11:41:14,56,Tahap-3
01/23/2025,11,41,14,11:41:14,88,Tahap-3
01/23/2025,11,41,14,11:41:14,-24,Tahap-3
01/23/2025,11,41,14,11:41:14,108,Tahap-3
01/23/2025,11,41,14,11:41:14,-28,Tahap-3
01/23/2025,11,41,14,11:41:14,80,Tahap-3
01/23/2025,11,41,15,11:41:15,-100,Tahap-3
01/23/2025,11,41,15,11:41:15,236,Tahap-3
01/23/2025,11,41,15,11:41:15,-60,Tahap-3
01/23/2025,11,41,15,11:41:15,-16,Tahap-3
01/23/2025,11,41,15,11:41:15,212,Tahap-3
01/23/2025,11,41,15,11:41:15,-12,Tahap-3
01/23/2025,11,41,15,11:41:15,8,Tahap-3
01/23/2025,11,41,15,11:41:15,108,Tahap-3
01/23/2025,11,41,15,11:41:15,4,Tahap-3
01/23/2025,11,41,15,11:41:15,8,Tahap-3
01/23/2025,11,41,16,11:41:16,96,Tahap-3
01/23/2025,11,41,16,11:41:16,-76,Tahap-3
01/23/2025,11,41,16,11:41:16,96,Tahap-3
01/23/2025,11,41,16,11:41:16,60,Tahap-3
01/23/2025,11,41,16,11:41:16,-148,Tahap-3
01/23/2025,11,41,16,11:41:16,176,Tahap-3
01/23/2025,11,41,16,11:41:16,136,Tahap-3
01/23/2025,11,41,16,11:41:16,-44,Tahap-3
01/23/2025,11,41,16,11:41:16,80,Tahap-3
01/23/2025,11,41,16,11:41:16,136,Tahap-3
01/23/2025,11,41,17,11:41:17,-40,Tahap-3
01/23/2025,11,41,17,11:41:17,108,Tahap-3
01/23/2025,11,41,17,11:41:17,-4,Tahap-3
01/23/2025,11,41,17,11:41:17,112,Tahap-3
01/23/2025,11,41,17,11:41:17,120,Tahap-3
01/23/2025,11,41,17,11:41:17,-68,Tahap-3
01/23/2025,11,41,17,11:41:17,124,Tahap-3
01/23/2025,11,41,17,11:41:17,132,Tahap-3
01/23/2025,11,41,17,11:41:17,104,Tahap-3
01/23/2025,11,41,17,11:41:17,-28,Tahap-3
01/23/2025,11,41,18,11:41:18,120,Tahap-3
01/23/2025,11,41,18,11:41:18,4,Tahap-3
01/23/2025,11,41,18,11:41:18,68,Tahap-3
01/23/2025,11,41,18,11:41:18,24,Tahap-3
01/23/2025,11,41,18,11:41:18,100,Tahap-3
01/23/2025,11,41,18,11:41:18,132,Tahap-3
01/23/2025,11,41,18,11:41:18,-32,Tahap-3
01/23/2025,11,41,18,11:41:18,156,Tahap-3
01/23/2025,11,41,18,11:41:18,40,Tahap-3
01/23/2025,11,41,18,11:41:18,32,Tahap-3
01/23/2025,11,41,19,11:41:19,96,Tahap-3
01/23/2025,11,41,19,11:41:19,36,Tahap-3
01/23/2025,11,41,19,11:41:19,12,Tahap-3
01/23/2025,11,41,19,11:41:19,92,Tahap-3
01/23/2025,11,41,19,11:41:19,-76,Tahap-3
01/23/2025,11,41,19,11:41:19,192,Tahap-3
01/23/2025,11,41,19,11:41:19,64,Tahap-3
01/23/2025,11,41,19,11:41:19,-8,Tahap-3
01/23/2025,11,41,19,11:41:19,160,Tahap-3
01/23/2025,11,41,19,11:41:19,64,Tahap-3
01/23/2025,11,41,20,11:41:20,-28,Tahap-3
01/23/2025,11,41,20,11:41:20,116,Tahap-3
01/23/2025,11,41,20,11:41:20,112,Tahap-3
01/23/2025,11,41,20,11:41:20,-20,Tahap-3
01/23/2025,11,41,20,11:41:20,104,Tahap-3
01/23/2025,11,41,20,11:41:20,-60,Tahap-3
01/23/2025,11,41,20,11:41:20,140,Tahap-3
01/23/2025,11,41,20,11:41:20,72,Tahap-3
01/23/2025,11,41,20,11:41:20,72,Tahap-3
01/23/2025,11,41,20,11:41:20,64,Tahap-3
01/23/2025,11,41,21,11:41:21,156,Tahap-3
01/23/2025,11,41,21,11:41:21,48,Tahap-3
01/23/2025,11,41,21,11:41:21,40,Tahap-3
01/23/2025,11,41,21,11:41:21,172,Tahap-3
01/23/2025,11,41,21,11:41:21,68,Tahap-3
01/23/2025,11,41,21,11:41:21,4,Tahap-3
01/23/2025,11,41,21,11:41:21,36,Tahap-3
01/23/2025,11,41,21,11:41:21,164,Tahap-3
01/23/2025,11,41,21,11:41:21,100,Tahap-3
01/23/2025,11,41,21,11:41:21,-20,Tahap-3
01/23/2025,11,41,22,11:41:22,196,Tahap-3
01/23/2025,11,41,22,11:41:22,4,Tahap-3
01/23/2025,11,41,22,11:41:22,88,Tahap-3
01/23/2025,11,41,22,11:41:22,-20,Tahap-3
01/23/2025,11,41,22,11:41:22,84,Tahap-3
01/23/2025,11,41,22,11:41:22,100,Tahap-3
01/23/2025,11,41,22,11:41:22,104,Tahap-3
01/23/2025,11,41,22,11:41:22,-72,Tahap-3
01/23/2025,11,41,22,11:41:22,264,Tahap-3
01/23/2025,11,41,22,11:41:22,12,Tahap-3
01/23/2025,11,41,23,11:41:23,48,Tahap-3
01/23/2025,11,41,23,11:41:23,176,Tahap-3
01/23/2025,11,41,23,11:41:23,152,Tahap-3
01/23/2025,11,41,23,11:41:23,-56,Tahap-3
01/23/2025,11,41,23,11:41:23,212,Tahap-3
01/23/2025,11,41,23,11:41:23,8,Tahap-3
01/23/2025,11,41,23,11:41:23,88,Tahap-3
01/23/2025,11,41,23,11:41:23,92,Tahap-3
01/23/2025,11,41,23,11:41:23,40,Tahap-3
01/23/2025,11,41,23,11:41:23,208,Tahap-3
01/23/2025,11,41,24,11:41:24,96,Tahap-3
01/23/2025,11,41,24,11:41:24,72,Tahap-3
01/23/2025,11,41,24,11:41:24,172,Tahap-3
01/23/2025,11,41,24,11:41:24,96,Tahap-3
01/23/2025,11,41,24,11:41:24,96,Tahap-3
01/23/2025,11,41,24,11:41:24,32,Tahap-3
01/23/2025,11,41,24,11:41:24,232,Tahap-3
01/23/2025,11,41,24,11:41:24,4,Tahap-3
01/23/2025,11,41,24,11:41:24,164,Tahap-3
01/23/2025,11,41,24,11:41:24,60,Tahap-3
01/23/2025,11,41,25,11:41:25,304,Tahap-3
01/23/2025,11,41,25,11:41:25,48,Tahap-3
01/23/2025,11,41,25,11:41:25,144,Tahap-3
01/23/2025,11,41,25,11:41:25,208,Tahap-3
01/23/2025,11,41,25,11:41:25,120,Tahap-3
01/23/2025,11,41,25,11:41:25,128,Tahap-3
01/23/2025,11,41,50,11:41:50,749,Tahap-3
01/23/2025,11,41,50,11:41:50,374,Tahap-3
01/23/2025,11,41,50,11:41:50,257,Tahap-3
01/23/2025,11,41,50,11:41:50,115,Tahap-3
01/23/2025,11,41,50,11:41:50,218,Tahap-3
01/23/2025,11,41,50,11:41:50,351,Tahap-3
01/23/2025,11,41,50,11:41:50,277,Tahap-3
01/23/2025,11,41,50,11:41:50,169,Tahap-3
01/23/2025,11,41,50,11:41:50,145,Tahap-3
01/23/2025,11,41,50,11:41:50,114,Tahap-3
01/23/2025,11,41,50,11:41:50,13,Tahap-3
01/23/2025,11,41,51,11:41:51,72,Tahap-3
01/23/2025,11,41,51,11:41:51,67,Tahap-3
01/23/2025,11,41,51,11:41:51,41,Tahap-3
01/23/2025,11,41,51,11:41:51,109,Tahap-3
01/23/2025,11,41,51,11:41:51,126,Tahap-3
01/23/2025,11,41,51,11:41:51,124,Tahap-3
01/23/2025,11,41,51,11:41:51,124,Tahap-3
01/23/2025,11,41,51,11:41:51,52,Tahap-3
01/23/2025,11,41,51,11:41:51,124,Tahap-3
01/23/2025,11,41,51,11:41:51,87,Tahap-3
01/23/2025,11,41,52,11:41:52,188,Tahap-3
01/23/2025,11,41,52,11:41:52,77,Tahap-3
01/23/2025,11,41,52,11:41:52,518,Tahap-3
01/23/2025,11,41,52,11:41:52,227,Tahap-3
01/23/2025,11,41,52,11:41:52,107,Tahap-3
01/23/2025,11,41,52,11:41:52,159,Tahap-3
01/23/2025,11,41,52,11:41:52,114,Tahap-3
01/23/2025,11,41,52,11:41:52,231,Tahap-3
01/23/2025,11,41,52,11:41:52,123,Tahap-3
01/23/2025,11,41,52,11:41:52,56,Tahap-3
01/23/2025,11,41,53,11:41:53,93,Tahap-3
01/23/2025,11,41,53,11:41:53,71,Tahap-3
01/23/2025,11,41,53,11:41:53,135,Tahap-3
01/23/2025,11,41,53,11:41:53,80,Tahap-3
01/23/2025,11,41,53,11:41:53,34,Tahap-3
01/23/2025,11,41,53,11:41:53,172,Tahap-3
01/23/2025,11,41,53,11:41:53,127,Tahap-3
01/23/2025,11,41,53,11:41:53,126,Tahap-3
01/23/2025,11,41,53,11:41:53,96,Tahap-3
01/23/2025,11,41,53,11:41:53,83,Tahap-3
01/23/2025,11,41,54,11:41:54,276,Tahap-3
01/23/2025,11,41,54,11:41:54,209,Tahap-3
01/23/2025,11,41,54,11:41:54,159,Tahap-3
01/23/2025,11,41,54,11:41:54,95,Tahap-3
01/23/2025,11,41,54,11:41:54,264,Tahap-3
01/23/2025,11,41,54,11:41:54,59,Tahap-3
01/23/2025,11,41,54,11:41:54,81,Tahap-3
01/23/2025,11,41,54,11:41:54,113,Tahap-3
01/23/2025,11,41,54,11:41:54,61,Tahap-3
01/23/2025,11,41,54,11:41:54,5,Tahap-3
01/23/2025,11,41,55,11:41:55,60,Tahap-3
01/23/2025,11,41,55,11:41:55,30,Tahap-3
01/23/2025,11,41,55,11:41:55,32,Tahap-3
01/23/2025,11,41,55,11:41:55,164,Tahap-3
01/23/2025,11,41,55,11:41:55,49,Tahap-3
01/23/2025,11,41,55,11:41:55,95,Tahap-3
01/23/2025,11,41,55,11:41:55,43,Tahap-3
01/23/2025,11,41,55,11:41:55,56,Tahap-3
01/23/2025,11,41,55,11:41:55,17,Tahap-3
01/23/2025,11,41,55,11:41:55,132,Tahap-3
01/23/2025,11,41,56,11:41:56,115,Tahap-3
01/23/2025,11,41,56,11:41:56,162,Tahap-3
01/23/2025,11,41,56,11:41:56,98,Tahap-3
01/23/2025,11,41,56,11:41:56,335,Tahap-3
01/23/2025,11,41,56,11:41:56,167,Tahap-3
01/23/2025,11,41,56,11:41:56,190,Tahap-3
01/23/2025,11,41,56,11:41:56,177,Tahap-3
01/23/2025,11,41,56,11:41:56,559,Tahap-3
01/23/2025,11,41,56,11:41:56,983,Tahap-3
01/23/2025,11,41,56,11:41:56,225,Tahap-3
01/23/2025,11,41,57,11:41:57,415,Tahap-3
01/23/2025,11,41,57,11:41:57,215,Tahap-3
01/23/2025,11,41,57,11:41:57,188,Tahap-3
01/23/2025,11,41,57,11:41:57,41,Tahap-3
01/23/2025,11,41,57,11:41:57,131,Tahap-3
01/23/2025,11,41,57,11:41:57,118,Tahap-3
01/23/2025,11,41,57,11:41:57,166,Tahap-3
01/23/2025,11,41,57,11:41:57,168,Tahap-3
01/23/2025,11,41,57,11:41:57,126,Tahap-3
01/23/2025,11,41,57,11:41:57,189,Tahap-3
01/23/2025,11,41,58,11:41:58,184,Tahap-3
01/23/2025,11,41,58,11:41:58,393,Tahap-3
01/23/2025,11,41,58,11:41:58,65,Tahap-3
01/23/2025,11,41,58,11:41:58,1440,Tahap-3
01/23/2025,11,41,58,11:41:58,136,Tahap-3
01/23/2025,11,41,58,11:41:58,498,Tahap-3
01/23/2025,11,41,58,11:41:58,162,Tahap-3
01/23/2025,11,41,58,11:41:58,214,Tahap-3
01/23/2025,11,41,58,11:41:58,643,Tahap-3
01/23/2025,11,41,58,11:41:58,355,Tahap-3
01/23/2025,11,41,59,11:41:59,542,Tahap-3
01/23/2025,11,41,59,11:41:59,984,Tahap-3
01/23/2025,11,41,59,11:41:59,711,Tahap-3
01/23/2025,11,41,59,11:41:59,528,Tahap-3
01/23/2025,11,41,59,11:41:59,431,Tahap-3
01/23/2025,11,41,59,11:41:59,399,Tahap-3
01/23/2025,11,41,59,11:41:59,103,Tahap-3
01/23/2025,11,41,59,11:41:59,259,Tahap-3
01/23/2025,11,41,59,11:41:59,248,Tahap-3
01/23/2025,11,41,59,11:41:59,235,Tahap-3
01/23/2025,11,42,1,11:42:01,710,Tahap-3
01/23/2025,11,42,1,11:42:01,224,Tahap-3
01/23/2025,11,42,1,11:42:01,422,Tahap-3
01/23/2025,11,42,1,11:42:01,190,Tahap-3
01/23/2025,11,42,1,11:42:01,661,Tahap-3
01/23/2025,11,42,1,11:42:01,578,Tahap-3
01/23/2025,11,42,1,11:42:01,343,Tahap-3
01/23/2025,11,42,1,11:42:01,139,Tahap-3
01/23/2025,11,42,1,11:42:01,496,Tahap-3
01/23/2025,11,42,1,11:42:01,375,Tahap-3
01/23/2025,11,42,2,11:42:02,105,Tahap-3
01/23/2025,11,42,2,11:42:02,181,Tahap-3
01/23/2025,11,42,2,11:42:02,566,Tahap-3
01/23/2025,11,42,2,11:42:02,600,Tahap-3
01/23/2025,11,42,2,11:42:02,368,Tahap-3
01/23/2025,11,42,2,11:42:02,773,Tahap-3
01/23/2025,11,42,2,11:42:02,-120,Tahap-3
01/23/2025,11,42,2,11:42:02,56,Tahap-3
01/23/2025,11,42,2,11:42:02,288,Tahap-3
01/23/2025,11,42,2,11:42:02,-216,Tahap-3
01/23/2025,11,42,3,11:42:03,88,Tahap-3
01/23/2025,11,42,3,11:42:03,80,Tahap-3
01/23/2025,11,42,3,11:42:03,-88,Tahap-3
01/23/2025,11,42,3,11:42:03,-32,Tahap-3
01/23/2025,11,42,3,11:42:03,184,Tahap-3
01/23/2025,11,42,3,11:42:03,-176,Tahap-3
01/23/2025,11,42,3,11:42:03,-24,Tahap-3
01/23/2025,11,42,3,11:42:03,-16,Tahap-3
01/23/2025,11,42,3,11:42:03,24,Tahap-3
01/23/2025,11,42,3,11:42:03,200,Tahap-3
01/23/2025,11,42,4,11:42:04,32,Tahap-3
01/23/2025,11,42,4,11:42:04,176,Tahap-3
01/23/2025,11,42,4,11:42:04,64,Tahap-3
01/23/2025,11,42,4,11:42:04,24,Tahap-3
01/23/2025,11,42,4,11:42:04,-152,Tahap-3
01/23/2025,11,42,4,11:42:04,224,Tahap-3
01/23/2025,11,42,4,11:42:04,-16,Tahap-3
01/23/2025,11,42,4,11:42:04,112,Tahap-3
01/23/2025,11,42,4,11:42:04,-128,Tahap-3
01/23/2025,11,42,4,11:42:04,280,Tahap-3
01/23/2025,11,42,5,11:42:05,-96,Tahap-3
01/23/2025,11,42,5,11:42:05,344,Tahap-3
01/23/2025,11,42,5,11:42:05,-32,Tahap-3
01/23/2025,11,42,5,11:42:05,-136,Tahap-3
01/23/2025,11,42,5,11:42:05,80,Tahap-3
01/23/2025,11,42,5,11:42:05,-80,Tahap-3
01/23/2025,11,42,5,11:42:05,64,Tahap-3
01/23/2025,11,42,5,11:42:05,32,Tahap-3
01/23/2025,11,42,5,11:42:05,-176,Tahap-3
01/23/2025,11,42,6,11:42:06,176,Tahap-3
01/23/2025,11,42,6,11:42:06,120,Tahap-3
01/23/2025,11,42,6,11:42:06,-232,Tahap-3
01/23/2025,11,42,6,11:42:06,136,Tahap-3
01/23/2025,11,42,6,11:42:06,208,Tahap-3
01/23/2025,11,42,6,11:42:06,-152,Tahap-3
01/23/2025,11,42,6,11:42:06,-88,Tahap-3
01/23/2025,11,42,6,11:42:06,184,Tahap-3
01/23/2025,11,42,6,11:42:06,-168,Tahap-3
01/23/2025,11,42,6,11:42:06,168,Tahap-3
01/23/2025,11,42,7,11:42:07,-152,Tahap-3
01/23/2025,11,42,7,11:42:07,208,Tahap-3
01/23/2025,11,42,7,11:42:07,64,Tahap-3
01/23/2025,11,42,7,11:42:07,-8,Tahap-3
01/23/2025,11,42,7,11:42:07,144,Tahap-3
01/23/2025,11,42,7,11:42:07,136,Tahap-3
01/23/2025,11,42,7,11:42:07,144,Tahap-3
01/23/2025,11,42,7,11:42:07,72,Tahap-3
01/23/2025,11,42,7,11:42:07,136,Tahap-3
01/23/2025,11,42,7,11:42:07,120,Tahap-3
01/23/2025,11,42,8,11:42:08,56,Tahap-3
01/23/2025,11,42,8,11:42:08,-16,Tahap-3
01/23/2025,11,42,8,11:42:08,216,Tahap-3
01/23/2025,11,42,8,11:42:08,280,Tahap-3
01/23/2025,11,42,8,11:42:08,-176,Tahap-3
01/23/2025,11,42,8,11:42:08,440,Tahap-3
01/23/2025,11,42,8,11:42:08,-32,Tahap-3
01/23/2025,11,42,8,11:42:08,128,Tahap-3
01/23/2025,11,42,8,11:42:08,208,Tahap-3
01/23/2025,11,42,9,11:42:09,-232,Tahap-3
01/23/2025,11,42,9,11:42:09,96,Tahap-3
01/23/2025,11,42,9,11:42:09,-264,Tahap-3
01/23/2025,11,42,10,11:42:10,80,Tahap-3
01/23/2025,11,42,10,11:42:10,248,Tahap-3
01/23/2025,11,42,10,11:42:10,-168,Tahap-3
01/23/2025,11,42,10,11:42:10,128,Tahap-3
01/23/2025,11,42,10,11:42:10,232,Tahap-3
01/23/2025,11,42,10,11:42:10,-128,Tahap-3
01/23/2025,11,42,10,11:42:10,32,Tahap-3
01/23/2025,11,42,10,11:42:10,200,Tahap-3
01/23/2025,11,42,10,11:42:10,-112,Tahap-3
01/23/2025,11,42,10,11:42:10,-72,Tahap-3
01/23/2025,11,42,10,11:42:10,24,Tahap-3
01/23/2025,11,42,10,11:42:10,-24,Tahap-3
01/23/2025,11,42,10,11:42:10,224,Tahap-3
01/23/2025,11,42,10,11:42:10,-200,Tahap-3
01/23/2025,11,42,10,11:42:10,296,Tahap-3
01/23/2025,11,42,10,11:42:10,-48,Tahap-3
01/23/2025,11,42,10,11:42:10,72,Tahap-3
01/23/2025,11,42,11,11:42:11,-200,Tahap-3
01/23/2025,11,42,11,11:42:11,224,Tahap-3
01/23/2025,11,42,11,11:42:11,24,Tahap-3
01/23/2025,11,42,11,11:42:11,104,Tahap-3
01/23/2025,11,42,11,11:42:11,-240,Tahap-3
01/23/2025,11,42,11,11:42:11,320,Tahap-3
01/23/2025,11,42,11,11:42:11,136,Tahap-3
01/23/2025,11,42,11,11:42:11,-184,Tahap-3
01/23/2025,11,42,11,11:42:11,200,Tahap-3
01/23/2025,11,42,11,11:42:11,80,Tahap-3
01/23/2025,11,42,12,11:42:12,-272,Tahap-3
01/23/2025,11,42,12,11:42:12,56,Tahap-3
01/23/2025,11,42,12,11:42:12,-24,Tahap-3
01/23/2025,11,42,12,11:42:12,56,Tahap-3
01/23/2025,11,42,12,11:42:12,-128,Tahap-3
01/23/2025,11,42,12,11:42:12,160,Tahap-3
01/23/2025,11,42,12,11:42:12,-248,Tahap-3
01/23/2025,11,42,12,11:42:12,152,Tahap-3
01/23/2025,11,42,12,11:42:12,64,Tahap-3
01/23/2025,11,42,12,11:42:12,-112,Tahap-3
01/23/2025,11,42,13,11:42:13,32,Tahap-3
01/23/2025,11,42,13,11:42:13,80,Tahap-3
01/23/2025,11,42,13,11:42:13,-408,Tahap-3
01/23/2025,11,42,13,11:42:13,8,Tahap-3
01/23/2025,11,42,13,11:42:13,-296,Tahap-3
01/23/2025,11,42,13,11:42:13,-16,Tahap-3
01/23/2025,11,42,13,11:42:13,-136,Tahap-3
01/23/2025,11,42,13,11:42:13,136,Tahap-3
01/23/2025,11,42,13,11:42:13,-376,Tahap-3
01/23/2025,11,42,13,11:42:13,112,Tahap-3
01/23/2025,11,42,14,11:42:14,-96,Tahap-3
01/23/2025,11,42,14,11:42:14,-240,Tahap-3
01/23/2025,11,42,14,11:42:14,-80,Tahap-3
01/23/2025,11,42,14,11:42:14,-32,Tahap-3
01/23/2025,11,42,14,11:42:14,-216,Tahap-3
01/23/2025,11,42,14,11:42:14,-40,Tahap-3
01/23/2025,11,42,14,11:42:14,-80,Tahap-3
01/23/2025,11,42,14,11:42:14,-328,Tahap-3
01/23/2025,11,42,14,11:42:14,248,Tahap-3
01/23/2025,11,42,14,11:42:14,-144,Tahap-3
01/23/2025,11,42,15,11:42:15,-160,Tahap-3
01/23/2025,11,42,15,11:42:15,184,Tahap-3
01/23/2025,11,42,15,11:42:15,-192,Tahap-3
01/23/2025,11,42,15,11:42:15,-184,Tahap-3
01/23/2025,11,42,15,11:42:15,24,Tahap-3
01/23/2025,11,42,40,11:42:40,2438,Tahap-3
01/23/2025,11,42,40,11:42:40,609,Tahap-3
01/23/2025,11,42,40,11:42:40,297,Tahap-3
01/23/2025,11,42,40,11:42:40,466,Tahap-3
01/23/2025,11,42,40,11:42:40,231,Tahap-3
01/23/2025,11,42,40,11:42:40,321,Tahap-3
01/23/2025,11,42,40,11:42:40,339,Tahap-3
01/23/2025,11,42,40,11:42:40,241,Tahap-3
01/23/2025,11,42,40,11:42:40,268,Tahap-3
01/23/2025,11,42,40,11:42:40,81,Tahap-3
01/23/2025,11,42,40,11:42:40,97,Tahap-3
01/23/2025,11,42,40,11:42:40,98,Tahap-3
01/23/2025,11,42,41,11:42:41,225,Tahap-3
01/23/2025,11,42,41,11:42:41,210,Tahap-3
01/23/2025,11,42,41,11:42:41,26,Tahap-3
01/23/2025,11,42,41,11:42:41,161,Tahap-3
01/23/2025,11,42,41,11:42:41,160,Tahap-3
01/23/2025,11,42,41,11:42:41,90,Tahap-3
01/23/2025,11,42,41,11:42:41,126,Tahap-3
01/23/2025,11,42,41,11:42:41,152,Tahap-3
01/23/2025,11,42,41,11:42:41,214,Tahap-3
01/23/2025,11,42,41,11:42:41,242,Tahap-3
01/23/2025,11,42,42,11:42:42,614,Tahap-3
01/23/2025,11,42,42,11:42:42,159,Tahap-3
01/23/2025,11,42,42,11:42:42,6,Tahap-3
01/23/2025,11,42,42,11:42:42,38,Tahap-3
01/23/2025,11,42,42,11:42:42,138,Tahap-3
01/23/2025,11,42,42,11:42:42,49,Tahap-3
01/23/2025,11,42,42,11:42:42,128,Tahap-3
01/23/2025,11,42,42,11:42:42,235,Tahap-3
01/23/2025,11,42,42,11:42:42,172,Tahap-3
01/23/2025,11,42,42,11:42:42,96,Tahap-3
01/23/2025,11,42,43,11:42:43,60,Tahap-3
01/23/2025,11,42,43,11:42:43,104,Tahap-3
01/23/2025,11,42,43,11:42:43,62,Tahap-3
01/23/2025,11,42,43,11:42:43,212,Tahap-3
01/23/2025,11,42,43,11:42:43,67,Tahap-3
01/23/2025,11,42,43,11:42:43,133,Tahap-3
01/23/2025,11,42,43,11:42:43,83,Tahap-3
01/23/2025,11,42,43,11:42:43,46,Tahap-3
01/23/2025,11,42,43,11:42:43,154,Tahap-3
01/23/2025,11,42,43,11:42:43,55,Tahap-3
01/23/2025,11,42,44,11:42:44,324,Tahap-3
01/23/2025,11,42,44,11:42:44,293,Tahap-3
01/23/2025,11,42,44,11:42:44,95,Tahap-3
01/23/2025,11,42,44,11:42:44,129,Tahap-3
01/23/2025,11,42,44,11:42:44,110,Tahap-3
01/23/2025,11,42,44,11:42:44,149,Tahap-3
01/23/2025,11,42,44,11:42:44,61,Tahap-3
01/23/2025,11,42,44,11:42:44,86,Tahap-3
01/23/2025,11,42,44,11:42:44,164,Tahap-3
01/23/2025,11,42,44,11:42:44,122,Tahap-3
01/23/2025,11,42,45,11:42:45,126,Tahap-3
01/23/2025,11,42,45,11:42:45,152,Tahap-3
01/23/2025,11,42,45,11:42:45,146,Tahap-3
01/23/2025,11,42,45,11:42:45,184,Tahap-3
01/23/2025,11,42,45,11:42:45,135,Tahap-3
01/23/2025,11,42,45,11:42:45,65,Tahap-3
01/23/2025,11,42,45,11:42:45,64,Tahap-3
01/23/2025,11,42,45,11:42:45,62,Tahap-3
01/23/2025,11,42,45,11:42:45,85,Tahap-3
01/23/2025,11,42,45,11:42:45,109,Tahap-3
01/23/2025,11,42,46,11:42:46,104,Tahap-3
01/23/2025,11,42,46,11:42:46,39,Tahap-3
01/23/2025,11,42,46,11:42:46,282,Tahap-3
01/23/2025,11,42,46,11:42:46,250,Tahap-3
01/23/2025,11,42,46,11:42:46,235,Tahap-3
01/23/2025,11,42,46,11:42:46,360,Tahap-3
01/23/2025,11,42,46,11:42:46,216,Tahap-3
01/23/2025,11,42,46,11:42:46,824,Tahap-3
01/23/2025,11,42,46,11:42:46,803,Tahap-3
01/23/2025,11,42,46,11:42:46,505,Tahap-3
01/23/2025,11,42,47,11:42:47,315,Tahap-3
01/23/2025,11,42,47,11:42:47,85,Tahap-3
01/23/2025,11,42,47,11:42:47,74,Tahap-3
01/23/2025,11,42,47,11:42:47,34,Tahap-3
01/23/2025,11,42,47,11:42:47,127,Tahap-3
01/23/2025,11,42,47,11:42:47,169,Tahap-3
01/23/2025,11,42,47,11:42:47,113,Tahap-3
01/23/2025,11,42,47,11:42:47,14,Tahap-3
01/23/2025,11,42,47,11:42:47,78,Tahap-3
01/23/2025,11,42,47,11:42:47,247,Tahap-3
01/23/2025,11,42,48,11:42:48,312,Tahap-3
01/23/2025,11,42,48,11:42:48,176,Tahap-3
01/23/2025,11,42,48,11:42:48,190,Tahap-3
01/23/2025,11,42,48,11:42:48,415,Tahap-3
01/23/2025,11,42,48,11:42:48,1658,Tahap-3
01/23/2025,11,42,48,11:42:48,197,Tahap-3
01/23/2025,11,42,48,11:42:48,444,Tahap-3
01/23/2025,11,42,48,11:42:48,326,Tahap-3
01/23/2025,11,42,48,11:42:48,72,Tahap-3
01/23/2025,11,42,48,11:42:48,263,Tahap-3
01/23/2025,11,42,49,11:42:49,173,Tahap-3
01/23/2025,11,42,49,11:42:49,1578,Tahap-3
01/23/2025,11,42,49,11:42:49,648,Tahap-3
01/23/2025,11,42,49,11:42:49,593,Tahap-3
01/23/2025,11,42,49,11:42:49,835,Tahap-3
01/23/2025,11,42,49,11:42:49,268,Tahap-3
01/23/2025,11,42,49,11:42:49,167,Tahap-3
01/23/2025,11,42,49,11:42:49,252,Tahap-3
01/23/2025,11,42,49,11:42:49,344,Tahap-3
01/23/2025,11,42,49,11:42:49,129,Tahap-3
01/23/2025,11,42,50,11:42:50,79,Tahap-3
01/23/2025,11,42,50,11:42:50,69,Tahap-3
01/23/2025,11,42,50,11:42:50,63,Tahap-3
01/23/2025,11,42,50,11:42:50,136,Tahap-3
01/23/2025,11,42,50,11:42:50,114,Tahap-3
01/23/2025,11,42,50,11:42:50,80,Tahap-3
01/23/2025,11,42,50,11:42:50,79,Tahap-3
01/23/2025,11,42,50,11:42:50,741,Tahap-3
01/23/2025,11,42,50,11:42:50,442,Tahap-3
01/23/2025,11,42,50,11:42:50,427,Tahap-3
01/23/2025,11,42,51,11:42:51,323,Tahap-3
01/23/2025,11,42,51,11:42:51,519,Tahap-3
01/23/2025,11,42,51,11:42:51,461,Tahap-3
01/23/2025,11,42,51,11:42:51,239,Tahap-3
01/23/2025,11,42,51,11:42:51,758,Tahap-3
01/23/2025,11,42,51,11:42:51,707,Tahap-3
01/23/2025,11,42,51,11:42:51,457,Tahap-3
01/23/2025,11,42,51,11:42:51,313,Tahap-3
01/23/2025,11,42,51,11:42:51,622,Tahap-3
01/23/2025,11,42,51,11:42:51,461,Tahap-3
01/23/2025,11,42,52,11:42:52,315,Tahap-3
01/23/2025,11,42,52,11:42:52,164,Tahap-3
01/23/2025,11,42,52,11:42:52,15,Tahap-3
01/23/2025,11,42,52,11:42:52,301,Tahap-3
01/23/2025,11,42,52,11:42:52,237,Tahap-3
01/23/2025,11,42,52,11:42:52,176,Tahap-3
01/23/2025,11,42,52,11:42:52,16,Tahap-3
01/23/2025,11,42,52,11:42:52,-24,Tahap-3
01/23/2025,11,42,52,11:42:52,212,Tahap-3
01/23/2025,11,42,52,11:42:52,72,Tahap-3
01/23/2025,11,42,53,11:42:53,8,Tahap-3
01/23/2025,11,42,53,11:42:53,156,Tahap-3
01/23/2025,11,42,53,11:42:53,-16,Tahap-3
01/23/2025,11,42,53,11:42:53,196,Tahap-3
01/23/2025,11,42,53,11:42:53,48,Tahap-3
01/23/2025,11,42,53,11:42:53,32,Tahap-3
01/23/2025,11,42,53,11:42:53,64,Tahap-3
01/23/2025,11,42,53,11:42:53,124,Tahap-3
01/23/2025,11,42,53,11:42:53,-80,Tahap-3
01/23/2025,11,42,53,11:42:53,76,Tahap-3
01/23/2025,11,42,54,11:42:54,120,Tahap-3
01/23/2025,11,42,54,11:42:54,16,Tahap-3
01/23/2025,11,42,54,11:42:54,40,Tahap-3
01/23/2025,11,42,54,11:42:54,40,Tahap-3
01/23/2025,11,42,54,11:42:54,120,Tahap-3
01/23/2025,11,42,54,11:42:54,-16,Tahap-3
01/23/2025,11,42,54,11:42:54,52,Tahap-3
01/23/2025,11,42,54,11:42:54,140,Tahap-3
01/23/2025,11,42,54,11:42:54,24,Tahap-3
01/23/2025,11,42,54,11:42:54,20,Tahap-3
01/23/2025,11,42,55,11:42:55,-20,Tahap-3
01/23/2025,11,42,55,11:42:55,12,Tahap-3
01/23/2025,11,42,55,11:42:55,52,Tahap-3
01/23/2025,11,42,55,11:42:55,-36,Tahap-3
01/23/2025,11,42,55,11:42:55,-28,Tahap-3
01/23/2025,11,42,55,11:42:55,180,Tahap-3
01/23/2025,11,42,55,11:42:55,-140,Tahap-3
01/23/2025,11,42,55,11:42:55,12,Tahap-3
01/23/2025,11,42,55,11:42:55,168,Tahap-3
01/23/2025,11,42,55,11:42:55,-72,Tahap-3
01/23/2025,11,42,56,11:42:56,-24,Tahap-3
01/23/2025,11,42,56,11:42:56,56,Tahap-3
01/23/2025,11,42,56,11:42:56,-116,Tahap-3
01/23/2025,11,42,56,11:42:56,40,Tahap-3
01/23/2025,11,42,56,11:42:56,-24,Tahap-3
01/23/2025,11,42,56,11:42:56,-100,Tahap-3
01/23/2025,11,42,56,11:42:56,120,Tahap-3
01/23/2025,11,42,56,11:42:56,-100,Tahap-3
01/23/2025,11,42,56,11:42:56,-40,Tahap-3
01/23/2025,11,42,56,11:42:56,92,Tahap-3
01/23/2025,11,42,57,11:42:57,-188,Tahap-3
01/23/2025,11,42,57,11:42:57,108,Tahap-3
01/23/2025,11,42,57,11:42:57,-120,Tahap-3
01/23/2025,11,42,57,11:42:57,-56,Tahap-3
01/23/2025,11,42,57,11:42:57,-20,Tahap-3
01/23/2025,11,42,57,11:42:57,-84,Tahap-3
01/23/2025,11,42,57,11:42:57,56,Tahap-3
01/23/2025,11,42,57,11:42:57,-144,Tahap-3
01/23/2025,11,42,57,11:42:57,4,Tahap-3
01/23/2025,11,42,58,11:42:58,-76,Tahap-3
01/23/2025,11,42,58,11:42:58,-92,Tahap-3
01/23/2025,11,42,58,11:42:58,-56,Tahap-3
01/23/2025,11,42,58,11:42:58,-44,Tahap-3
01/23/2025,11,42,58,11:42:58,-72,Tahap-3
01/23/2025,11,42,58,11:42:58,-180,Tahap-3
01/23/2025,11,42,58,11:42:58,24,Tahap-3
01/23/2025,11,42,58,11:42:58,24,Tahap-3
01/23/2025,11,42,58,11:42:58,-228,Tahap-3
01/23/2025,11,42,59,11:42:59,104,Tahap-3
01/23/2025,11,42,59,11:42:59,-76,Tahap-3
01/23/2025,11,42,59,11:42:59,-164,Tahap-3
01/23/2025,11,42,59,11:42:59,-8,Tahap-3
01/23/2025,11,42,59,11:42:59,-60,Tahap-3
01/23/2025,11,42,59,11:42:59,-148,Tahap-3
01/23/2025,11,42,59,11:42:59,52,Tahap-3
01/23/2025,11,42,59,11:42:59,-184,Tahap-3
01/23/2025,11,42,59,11:42:59,44,Tahap-3
01/23/2025,11,42,59,11:42:59,-16,Tahap-3
01/23/2025,11,43,1,11:43:01,-68,Tahap-3
01/23/2025,11,43,1,11:43:01,-100,Tahap-3
01/23/2025,11,43,1,11:43:01,-16,Tahap-3
01/23/2025,11,43,1,11:43:01,-92,Tahap-3
01/23/2025,11,43,1,11:43:01,-80,Tahap-3
01/23/2025,11,43,1,11:43:01,-156,Tahap-3
01/23/2025,11,43,1,11:43:01,-60,Tahap-3
01/23/2025,11,43,1,11:43:01,-48,Tahap-3
01/23/2025,11,43,1,11:43:01,-112,Tahap-3
01/23/2025,11,43,1,11:43:01,-152,Tahap-3
01/23/2025,11,43,2,11:43:02,68,Tahap-3
01/23/2025,11,43,2,11:43:02,-172,Tahap-3
01/23/2025,11,43,2,11:43:02,-92,Tahap-3
01/23/2025,11,43,2,11:43:02,92,Tahap-3
01/23/2025,11,43,2,11:43:02,-128,Tahap-3
01/23/2025,11,43,2,11:43:02,-96,Tahap-3
01/23/2025,11,43,2,11:43:02,-44,Tahap-3
01/23/2025,11,43,2,11:43:02,-140,Tahap-3
01/23/2025,11,43,2,11:43:02,-76,Tahap-3
01/23/2025,11,43,2,11:43:02,-96,Tahap-3
01/23/2025,11,43,3,11:43:03,-176,Tahap-3
01/23/2025,11,43,3,11:43:03,52,Tahap-3
01/23/2025,11,43,3,11:43:03,-108,Tahap-3
01/23/2025,11,43,3,11:43:03,-172,Tahap-3
01/23/2025,11,43,3,11:43:03,56,Tahap-3
01/23/2025,11,43,3,11:43:03,-28,Tahap-3
01/23/2025,11,43,3,11:43:03,-232,Tahap-3
01/23/2025,11,43,3,11:43:03,-60,Tahap-3
01/23/2025,11,43,3,11:43:03,-100,Tahap-3
01/23/2025,11,43,3,11:43:03,-216,Tahap-3
01/23/2025,11,43,4,11:43:04,-28,Tahap-3
01/23/2025,11,43,4,11:43:04,-212,Tahap-3
01/23/2025,11,43,4,11:43:04,4,Tahap-3
01/23/2025,11,43,4,11:43:04,-100,Tahap-3
01/23/2025,11,43,4,11:43:04,-168,Tahap-3
01/23/2025,11,43,4,11:43:04,-48,Tahap-3
01/23/2025,11,43,4,11:43:04,-80,Tahap-3
01/23/2025,11,43,4,11:43:04,-148,Tahap-3
01/23/2025,11,43,4,11:43:04,-176,Tahap-3
01/23/2025,11,43,4,11:43:04,-36,Tahap-3
01/23/2025,11,43,5,11:43:05,-192,Tahap-3
01/23/2025,11,43,5,11:43:05,-120,Tahap-3
01/23/2025,11,43,5,11:43:05,-188,Tahap-3
01/23/2025,11,43,5,11:43:05,52,Tahap-3
01/23/2025,11,43,29,11:43:29,2939,Tahap-3
01/23/2025,11,43,29,11:43:29,714,Tahap-3
01/23/2025,11,43,30,11:43:30,733,Tahap-3
01/23/2025,11,43,30,11:43:30,454,Tahap-3
01/23/2025,11,43,30,11:43:30,357,Tahap-3
01/23/2025,11,43,30,11:43:30,151,Tahap-3
01/23/2025,11,43,30,11:43:30,199,Tahap-3
01/23/2025,11,43,30,11:43:30,134,Tahap-3
01/23/2025,11,43,30,11:43:30,103,Tahap-3
01/23/2025,11,43,30,11:43:30,108,Tahap-3
01/23/2025,11,43,30,11:43:30,155,Tahap-3
01/23/2025,11,43,30,11:43:30,36,Tahap-3
01/23/2025,11,43,30,11:43:30,83,Tahap-3
01/23/2025,11,43,31,11:43:31,82,Tahap-3
01/23/2025,11,43,31,11:43:31,193,Tahap-3
01/23/2025,11,43,31,11:43:31,90,Tahap-3
01/23/2025,11,43,31,11:43:31,65,Tahap-3
01/23/2025,11,43,31,11:43:31,41,Tahap-3
01/23/2025,11,43,31,11:43:31,118,Tahap-3
01/23/2025,11,43,31,11:43:31,113,Tahap-3
01/23/2025,11,43,31,11:43:31,132,Tahap-3
01/23/2025,11,43,31,11:43:31,215,Tahap-3
01/23/2025,11,43,31,11:43:31,170,Tahap-3
01/23/2025,11,43,32,11:43:32,543,Tahap-3
01/23/2025,11,43,32,11:43:32,150,Tahap-3
01/23/2025,11,43,32,11:43:32,52,Tahap-3
01/23/2025,11,43,32,11:43:32,125,Tahap-3
01/23/2025,11,43,32,11:43:32,152,Tahap-3
01/23/2025,11,43,32,11:43:32,129,Tahap-3
01/23/2025,11,43,32,11:43:32,59,Tahap-3
01/23/2025,11,43,32,11:43:32,71,Tahap-3
01/23/2025,11,43,32,11:43:32,83,Tahap-3
01/23/2025,11,43,32,11:43:32,72,Tahap-3
01/23/2025,11,43,33,11:43:33,141,Tahap-3
01/23/2025,11,43,33,11:43:33,146,Tahap-3
01/23/2025,11,43,33,11:43:33,342,Tahap-3
01/23/2025,11,43,33,11:43:33,78,Tahap-3
01/23/2025,11,43,33,11:43:33,36,Tahap-3
01/23/2025,11,43,33,11:43:33,63,Tahap-3
01/23/2025,11,43,33,11:43:33,51,Tahap-3
01/23/2025,11,43,33,11:43:33,138,Tahap-3
01/23/2025,11,43,33,11:43:33,146,Tahap-3
01/23/2025,11,43,33,11:43:33,309,Tahap-3
01/23/2025,11,43,34,11:43:34,17,Tahap-3
01/23/2025,11,43,34,11:43:34,39,Tahap-3
01/23/2025,11,43,34,11:43:34,438,Tahap-3
01/23/2025,11,43,34,11:43:34,172,Tahap-3
01/23/2025,11,43,34,11:43:34,33,Tahap-3
01/23/2025,11,43,34,11:43:34,33,Tahap-3
01/23/2025,11,43,34,11:43:34,149,Tahap-3
01/23/2025,11,43,34,11:43:34,121,Tahap-3
01/23/2025,11,43,34,11:43:34,196,Tahap-3
01/23/2025,11,43,34,11:43:34,14,Tahap-3
01/23/2025,11,43,35,11:43:35,143,Tahap-3
01/23/2025,11,43,35,11:43:35,168,Tahap-3
01/23/2025,11,43,35,11:43:35,64,Tahap-3
01/23/2025,11,43,35,11:43:35,71,Tahap-3
01/23/2025,11,43,35,11:43:35,70,Tahap-3
01/23/2025,11,43,35,11:43:35,215,Tahap-3
01/23/2025,11,43,35,11:43:35,64,Tahap-3
01/23/2025,11,43,35,11:43:35,47,Tahap-3
01/23/2025,11,43,35,11:43:35,153,Tahap-3
01/23/2025,11,43,35,11:43:35,58,Tahap-3
01/23/2025,11,43,36,11:43:36,254,Tahap-3
01/23/2025,11,43,36,11:43:36,294,Tahap-3
01/23/2025,11,43,36,11:43:36,94,Tahap-3
01/23/2025,11,43,36,11:43:36,191,Tahap-3
01/23/2025,11,43,36,11:43:36,598,Tahap-3
01/23/2025,11,43,36,11:43:36,649,Tahap-3
01/23/2025,11,43,36,11:43:36,906,Tahap-3
01/23/2025,11,43,36,11:43:36,478,Tahap-3
01/23/2025,11,43,36,11:43:36,417,Tahap-3
01/23/2025,11,43,36,11:43:36,259,Tahap-3
01/23/2025,11,43,37,11:43:37,143,Tahap-3
01/23/2025,11,43,37,11:43:37,132,Tahap-3
01/23/2025,11,43,37,11:43:37,139,Tahap-3
01/23/2025,11,43,37,11:43:37,102,Tahap-3
01/23/2025,11,43,37,11:43:37,151,Tahap-3
01/23/2025,11,43,37,11:43:37,29,Tahap-3
01/23/2025,11,43,37,11:43:37,42,Tahap-3
01/23/2025,11,43,37,11:43:37,91,Tahap-3
01/23/2025,11,43,37,11:43:37,117,Tahap-3
01/23/2025,11,43,37,11:43:37,92,Tahap-3
01/23/2025,11,43,38,11:43:38,330,Tahap-3
01/23/2025,11,43,38,11:43:38,1101,Tahap-3
01/23/2025,11,43,38,11:43:38,811,Tahap-3
01/23/2025,11,43,38,11:43:38,372,Tahap-3
01/23/2025,11,43,38,11:43:38,149,Tahap-3
01/23/2025,11,43,38,11:43:38,478,Tahap-3
01/23/2025,11,43,38,11:43:38,247,Tahap-3
01/23/2025,11,43,38,11:43:38,264,Tahap-3
01/23/2025,11,43,38,11:43:38,543,Tahap-3
01/23/2025,11,43,38,11:43:38,1175,Tahap-3
01/23/2025,11,43,39,11:43:39,1072,Tahap-3
01/23/2025,11,43,39,11:43:39,562,Tahap-3
01/23/2025,11,43,39,11:43:39,310,Tahap-3
01/23/2025,11,43,40,11:43:40,154,Tahap-3
01/23/2025,11,43,40,11:43:40,155,Tahap-3
01/23/2025,11,43,40,11:43:40,106,Tahap-3
01/23/2025,11,43,40,11:43:40,191,Tahap-3
01/23/2025,11,43,40,11:43:40,156,Tahap-3
01/23/2025,11,43,40,11:43:40,21,Tahap-3
01/23/2025,11,43,40,11:43:40,27,Tahap-3
01/23/2025,11,43,40,11:43:40,245,Tahap-3
01/23/2025,11,43,40,11:43:40,52,Tahap-3
01/23/2025,11,43,40,11:43:40,232,Tahap-3
01/23/2025,11,43,40,11:43:40,196,Tahap-3
01/23/2025,11,43,40,11:43:40,105,Tahap-3
01/23/2025,11,43,40,11:43:40,126,Tahap-3
01/23/2025,11,43,40,11:43:40,317,Tahap-3
01/23/2025,11,43,40,11:43:40,15,Tahap-3
01/23/2025,11,43,40,11:43:40,350,Tahap-3
01/23/2025,11,43,40,11:43:40,315,Tahap-3
01/23/2025,11,43,41,11:43:41,291,Tahap-3
01/23/2025,11,43,41,11:43:41,227,Tahap-3
01/23/2025,11,43,41,11:43:41,391,Tahap-3
01/23/2025,11,43,41,11:43:41,929,Tahap-3
01/23/2025,11,43,41,11:43:41,602,Tahap-3
01/23/2025,11,43,41,11:43:41,557,Tahap-3
01/23/2025,11,43,41,11:43:41,376,Tahap-3
01/23/2025,11,43,41,11:43:41,208,Tahap-3
01/23/2025,11,43,41,11:43:41,123,Tahap-3
01/23/2025,11,43,41,11:43:41,144,Tahap-3
01/23/2025,11,43,42,11:43:42,298,Tahap-3
01/23/2025,11,43,42,11:43:42,209,Tahap-3
01/23/2025,11,43,42,11:43:42,405,Tahap-3
01/23/2025,11,43,42,11:43:42,58,Tahap-3
01/23/2025,11,43,42,11:43:42,84,Tahap-3
01/23/2025,11,43,42,11:43:42,-96,Tahap-3
01/23/2025,11,43,42,11:43:42,8,Tahap-3
01/23/2025,11,43,42,11:43:42,-104,Tahap-3
01/23/2025,11,43,42,11:43:42,20,Tahap-3
01/23/2025,11,43,42,11:43:42,-104,Tahap-3
01/23/2025,11,43,43,11:43:43,-16,Tahap-3
01/23/2025,11,43,43,11:43:43,-240,Tahap-3
01/23/2025,11,43,43,11:43:43,160,Tahap-3
01/23/2025,11,43,43,11:43:43,-156,Tahap-3
01/23/2025,11,43,43,11:43:43,-60,Tahap-3
01/23/2025,11,43,43,11:43:43,68,Tahap-3
01/23/2025,11,43,43,11:43:43,-48,Tahap-3
01/23/2025,11,43,43,11:43:43,-144,Tahap-3
01/23/2025,11,43,43,11:43:43,32,Tahap-3
01/23/2025,11,43,43,11:43:43,-152,Tahap-3
01/23/2025,11,43,44,11:43:44,-40,Tahap-3
01/23/2025,11,43,44,11:43:44,-112,Tahap-3
01/23/2025,11,43,44,11:43:44,-64,Tahap-3
01/23/2025,11,43,44,11:43:44,32,Tahap-3
01/23/2025,11,43,44,11:43:44,-56,Tahap-3
01/23/2025,11,43,44,11:43:44,-136,Tahap-3
01/23/2025,11,43,44,11:43:44,24,Tahap-3
01/23/2025,11,43,44,11:43:44,-28,Tahap-3
01/23/2025,11,43,44,11:43:44,-68,Tahap-3
01/23/2025,11,43,44,11:43:44,-108,Tahap-3
01/23/2025,11,43,45,11:43:45,-12,Tahap-3
01/23/2025,11,43,45,11:43:45,-136,Tahap-3
01/23/2025,11,43,45,11:43:45,-44,Tahap-3
01/23/2025,11,43,45,11:43:45,-108,Tahap-3
01/23/2025,11,43,45,11:43:45,96,Tahap-3
01/23/2025,11,43,45,11:43:45,-176,Tahap-3
01/23/2025,11,43,45,11:43:45,60,Tahap-3
01/23/2025,11,43,45,11:43:45,-52,Tahap-3
01/23/2025,11,43,45,11:43:45,-56,Tahap-3
01/23/2025,11,43,45,11:43:45,-76,Tahap-3
01/23/2025,11,43,46,11:43:46,-4,Tahap-3
01/23/2025,11,43,46,11:43:46,-160,Tahap-3
01/23/2025,11,43,46,11:43:46,-8,Tahap-3
01/23/2025,11,43,46,11:43:46,-116,Tahap-3
01/23/2025,11,43,46,11:43:46,-168,Tahap-3
01/23/2025,11,43,46,11:43:46,200,Tahap-3
01/23/2025,11,43,46,11:43:46,-220,Tahap-3
01/23/2025,11,43,46,11:43:46,-88,Tahap-3
01/23/2025,11,43,46,11:43:46,136,Tahap-3
01/23/2025,11,43,46,11:43:46,-164,Tahap-3
01/23/2025,11,43,47,11:43:47,-172,Tahap-3
01/23/2025,11,43,47,11:43:47,40,Tahap-3
01/23/2025,11,43,47,11:43:47,-108,Tahap-3
01/23/2025,11,43,47,11:43:47,-212,Tahap-3
01/23/2025,11,43,47,11:43:47,-68,Tahap-3
01/23/2025,11,43,47,11:43:47,-232,Tahap-3
01/23/2025,11,43,47,11:43:47,72,Tahap-3
01/23/2025,11,43,47,11:43:47,-104,Tahap-3
01/23/2025,11,43,47,11:43:47,-80,Tahap-3
01/23/2025,11,43,47,11:43:47,-104,Tahap-3
01/23/2025,11,43,48,11:43:48,-68,Tahap-3
01/23/2025,11,43,48,11:43:48,-232,Tahap-3
01/23/2025,11,43,48,11:43:48,-88,Tahap-3
01/23/2025,11,43,48,11:43:48,-124,Tahap-3
01/23/2025,11,43,48,11:43:48,-76,Tahap-3
01/23/2025,11,43,48,11:43:48,-156,Tahap-3
01/23/2025,11,43,48,11:43:48,-112,Tahap-3
01/23/2025,11,43,48,11:43:48,-84,Tahap-3
01/23/2025,11,43,48,11:43:48,-100,Tahap-3
01/23/2025,11,43,48,11:43:48,-44,Tahap-3
01/23/2025,11,43,49,11:43:49,-68,Tahap-3
01/23/2025,11,43,49,11:43:49,-116,Tahap-3
01/23/2025,11,43,49,11:43:49,-112,Tahap-3
01/23/2025,11,43,49,11:43:49,-156,Tahap-3
01/23/2025,11,43,49,11:43:49,-204,Tahap-3
01/23/2025,11,43,49,11:43:49,-20,Tahap-3
01/23/2025,11,43,49,11:43:49,-28,Tahap-3
01/23/2025,11,43,49,11:43:49,-332,Tahap-3
01/23/2025,11,43,49,11:43:49,76,Tahap-3
01/23/2025,11,43,49,11:43:49,-92,Tahap-3
01/23/2025,11,43,50,11:43:50,-84,Tahap-3
01/23/2025,11,43,50,11:43:50,-108,Tahap-3
01/23/2025,11,43,50,11:43:50,-4,Tahap-3
01/23/2025,11,43,50,11:43:50,-244,Tahap-3
01/23/2025,11,43,50,11:43:50,60,Tahap-3
01/23/2025,11,43,50,11:43:50,-192,Tahap-3
01/23/2025,11,43,50,11:43:50,44,Tahap-3
01/23/2025,11,43,50,11:43:50,-16,Tahap-3
01/23/2025,11,43,50,11:43:50,-140,Tahap-3
01/23/2025,11,43,50,11:43:50,-8,Tahap-3
01/23/2025,11,43,51,11:43:51,-76,Tahap-3
01/23/2025,11,43,51,11:43:51,-24,Tahap-3
01/23/2025,11,43,51,11:43:51,44,Tahap-3
01/23/2025,11,43,51,11:43:51,-64,Tahap-3
01/23/2025,11,43,51,11:43:51,-48,Tahap-3
01/23/2025,11,43,51,11:43:51,-60,Tahap-3
01/23/2025,11,43,51,11:43:51,32,Tahap-3
01/23/2025,11,43,51,11:43:51,-56,Tahap-3
01/23/2025,11,43,51,11:43:51,-48,Tahap-3
01/23/2025,11,43,52,11:43:52,116,Tahap-3
01/23/2025,11,43,52,11:43:52,-16,Tahap-3
01/23/2025,11,43,52,11:43:52,60,Tahap-3
01/23/2025,11,43,52,11:43:52,-112,Tahap-3
01/23/2025,11,43,52,11:43:52,8,Tahap-3
01/23/2025,11,43,52,11:43:52,-64,Tahap-3
01/23/2025,11,43,52,11:43:52,56,Tahap-3
01/23/2025,11,43,52,11:43:52,-80,Tahap-3
01/23/2025,11,43,52,11:43:52,204,Tahap-3
01/23/2025,11,43,52,11:43:52,-52,Tahap-3
01/23/2025,11,43,53,11:43:53,-84,Tahap-3
01/23/2025,11,43,53,11:43:53,120,Tahap-3
01/23/2025,11,43,53,11:43:53,64,Tahap-3
01/23/2025,11,43,53,11:43:53,-132,Tahap-3
01/23/2025,11,43,53,11:43:53,68,Tahap-3
01/23/2025,11,43,53,11:43:53,-24,Tahap-3
01/23/2025,11,43,53,11:43:53,8,Tahap-3
01/23/2025,11,43,53,11:43:53,-52,Tahap-3
01/23/2025,11,43,53,11:43:53,52,Tahap-3
01/23/2025,11,43,54,11:43:54,44,Tahap-3
01/23/2025,11,43,54,11:43:54,-112,Tahap-3
01/23/2025,11,43,54,11:43:54,92,Tahap-3
01/23/2025,11,43,54,11:43:54,32,Tahap-3
01/23/2025,11,43,54,11:43:54,-36,Tahap-3
01/23/2025,11,43,54,11:43:54,-116,Tahap-3
01/23/2025,11,43,54,11:43:54,104,Tahap-3
01/23/2025,11,43,54,11:43:54,-120,Tahap-3
01/23/2025,11,43,54,11:43:54,56,Tahap-3
01/23/2025,11,43,54,11:43:54,-88,Tahap-3
01/23/2025,11,43,55,11:43:55,108,Tahap-3
01/23/2025,11,43,55,11:43:55,-4,Tahap-3
01/23/2025,11,43,55,11:43:55,-68,Tahap-3
01/23/2025,11,44,19,11:44:19,146,Tahap-3
01/23/2025,11,44,19,11:44:19,265,Tahap-3
01/23/2025,11,44,19,11:44:19,321,Tahap-3
01/23/2025,11,44,20,11:44:20,109,Tahap-3
01/23/2025,11,44,20,11:44:20,181,Tahap-3
01/23/2025,11,44,20,11:44:20,207,Tahap-3
01/23/2025,11,44,20,11:44:20,126,Tahap-3
01/23/2025,11,44,20,11:44:20,118,Tahap-3
01/23/2025,11,44,20,11:44:20,151,Tahap-3
01/23/2025,11,44,20,11:44:20,40,Tahap-3
01/23/2025,11,44,20,11:44:20,62,Tahap-3
01/23/2025,11,44,20,11:44:20,113,Tahap-3
01/23/2025,11,44,20,11:44:20,19,Tahap-3
01/23/2025,11,44,21,11:44:21,35,Tahap-3
01/23/2025,11,44,21,11:44:21,23,Tahap-3
01/23/2025,11,44,21,11:44:21,242,Tahap-3
01/23/2025,11,44,21,11:44:21,83,Tahap-3
01/23/2025,11,44,21,11:44:21,32,Tahap-3
01/23/2025,11,44,21,11:44:21,98,Tahap-3
01/23/2025,11,44,21,11:44:21,99,Tahap-3
01/23/2025,11,44,21,11:44:21,180,Tahap-3
01/23/2025,11,44,21,11:44:21,55,Tahap-3
01/23/2025,11,44,21,11:44:21,129,Tahap-3
01/23/2025,11,44,22,11:44:22,406,Tahap-3
01/23/2025,11,44,22,11:44:22,60,Tahap-3
01/23/2025,11,44,22,11:44:22,83,Tahap-3
01/23/2025,11,44,22,11:44:22,140,Tahap-3
01/23/2025,11,44,22,11:44:22,25,Tahap-3
01/23/2025,11,44,22,11:44:22,94,Tahap-3
01/23/2025,11,44,22,11:44:22,261,Tahap-3
01/23/2025,11,44,22,11:44:22,115,Tahap-3
01/23/2025,11,44,22,11:44:22,120,Tahap-3
01/23/2025,11,44,22,11:44:22,128,Tahap-3
01/23/2025,11,44,23,11:44:23,37,Tahap-3
01/23/2025,11,44,23,11:44:23,59,Tahap-3
01/23/2025,11,44,23,11:44:23,96,Tahap-3
01/23/2025,11,44,23,11:44:23,110,Tahap-3
01/23/2025,11,44,23,11:44:23,71,Tahap-3
01/23/2025,11,44,23,11:44:23,67,Tahap-3
01/23/2025,11,44,23,11:44:23,42,Tahap-3
01/23/2025,11,44,23,11:44:23,108,Tahap-3
01/23/2025,11,44,23,11:44:23,253,Tahap-3
01/23/2025,11,44,23,11:44:23,353,Tahap-3
01/23/2025,11,44,24,11:44:24,192,Tahap-3
01/23/2025,11,44,24,11:44:24,12,Tahap-3
01/23/2025,11,44,24,11:44:24,118,Tahap-3
01/23/2025,11,44,24,11:44:24,95,Tahap-3
01/23/2025,11,44,24,11:44:24,158,Tahap-3
01/23/2025,11,44,24,11:44:24,77,Tahap-3
01/23/2025,11,44,24,11:44:24,48,Tahap-3
01/23/2025,11,44,24,11:44:24,7,Tahap-3
01/23/2025,11,44,24,11:44:24,79,Tahap-3
01/23/2025,11,44,24,11:44:24,132,Tahap-3
01/23/2025,11,44,24,11:44:24,30,Tahap-3
01/23/2025,11,44,25,11:44:25,52,Tahap-3
01/23/2025,11,44,25,11:44:25,61,Tahap-3
01/23/2025,11,44,25,11:44:25,33,Tahap-3
01/23/2025,11,44,25,11:44:25,95,Tahap-3
01/23/2025,11,44,25,11:44:25,51,Tahap-3
01/23/2025,11,44,25,11:44:25,118,Tahap-3
01/23/2025,11,44,25,11:44:25,107,Tahap-3
01/23/2025,11,44,25,11:44:25,43,Tahap-3
01/23/2025,11,44,25,11:44:25,119,Tahap-3
01/23/2025,11,44,25,11:44:25,116,Tahap-3
01/23/2025,11,44,26,11:44:26,63,Tahap-3
01/23/2025,11,44,26,11:44:26,171,Tahap-3
01/23/2025,11,44,26,11:44:26,264,Tahap-3
01/23/2025,11,44,26,11:44:26,385,Tahap-3
01/23/2025,11,44,26,11:44:26,618,Tahap-3
01/23/2025,11,44,26,11:44:26,863,Tahap-3
01/23/2025,11,44,26,11:44:26,376,Tahap-3
01/23/2025,11,44,26,11:44:26,213,Tahap-3
01/23/2025,11,44,26,11:44:26,146,Tahap-3
01/23/2025,11,44,26,11:44:26,138,Tahap-3
01/23/2025,11,44,27,11:44:27,217,Tahap-3
01/23/2025,11,44,27,11:44:27,230,Tahap-3
01/23/2025,11,44,27,11:44:27,37,Tahap-3
01/23/2025,11,44,27,11:44:27,47,Tahap-3
01/23/2025,11,44,27,11:44:27,76,Tahap-3
01/23/2025,11,44,27,11:44:27,56,Tahap-3
01/23/2025,11,44,27,11:44:27,166,Tahap-3
01/23/2025,11,44,27,11:44:27,242,Tahap-3
01/23/2025,11,44,27,11:44:27,150,Tahap-3
01/23/2025,11,44,27,11:44:27,87,Tahap-3
01/23/2025,11,44,28,11:44:28,1659,Tahap-3
01/23/2025,11,44,28,11:44:28,214,Tahap-3
01/23/2025,11,44,28,11:44:28,429,Tahap-3
01/23/2025,11,44,28,11:44:28,98,Tahap-3
01/23/2025,11,44,28,11:44:28,349,Tahap-3
01/23/2025,11,44,28,11:44:28,356,Tahap-3
01/23/2025,11,44,28,11:44:28,397,Tahap-3
01/23/2025,11,44,28,11:44:28,461,Tahap-3
01/23/2025,11,44,28,11:44:28,1594,Tahap-3
01/23/2025,11,44,28,11:44:28,606,Tahap-3
01/23/2025,11,44,29,11:44:29,28,Tahap-3
01/23/2025,11,44,29,11:44:29,218,Tahap-3
01/23/2025,11,44,29,11:44:29,281,Tahap-3
01/23/2025,11,44,29,11:44:29,100,Tahap-3
01/23/2025,11,44,29,11:44:29,36,Tahap-3
01/23/2025,11,44,29,11:44:29,245,Tahap-3
01/23/2025,11,44,29,11:44:29,214,Tahap-3
01/23/2025,11,44,29,11:44:29,150,Tahap-3
01/23/2025,11,44,29,11:44:29,43,Tahap-3
01/23/2025,11,44,29,11:44:29,200,Tahap-3
01/23/2025,11,44,30,11:44:30,88,Tahap-3
01/23/2025,11,44,30,11:44:30,37,Tahap-3
01/23/2025,11,44,30,11:44:30,173,Tahap-3
01/23/2025,11,44,30,11:44:30,158,Tahap-3
01/23/2025,11,44,30,11:44:30,224,Tahap-3
01/23/2025,11,44,30,11:44:30,479,Tahap-3
01/23/2025,11,44,30,11:44:30,370,Tahap-3
01/23/2025,11,44,30,11:44:30,275,Tahap-3
01/23/2025,11,44,30,11:44:30,417,Tahap-3
01/23/2025,11,44,30,11:44:30,450,Tahap-3
01/23/2025,11,44,31,11:44:31,384,Tahap-3
01/23/2025,11,44,31,11:44:31,807,Tahap-3
01/23/2025,11,44,31,11:44:31,818,Tahap-3
01/23/2025,11,44,31,11:44:31,381,Tahap-3
01/23/2025,11,44,31,11:44:31,161,Tahap-3
01/23/2025,11,44,31,11:44:31,189,Tahap-3
01/23/2025,11,44,31,11:44:31,403,Tahap-3
01/23/2025,11,44,31,11:44:31,206,Tahap-3
01/23/2025,11,44,31,11:44:31,119,Tahap-3
01/23/2025,11,44,31,11:44:31,48,Tahap-3
01/23/2025,11,44,32,11:44:32,268,Tahap-3
01/23/2025,11,44,32,11:44:32,423,Tahap-3
01/23/2025,11,44,32,11:44:32,854,Tahap-3
01/23/2025,11,44,32,11:44:32,48,Tahap-3
01/23/2025,11,44,32,11:44:32,-136,Tahap-3
01/23/2025,11,44,32,11:44:32,304,Tahap-3
01/23/2025,11,44,32,11:44:32,-304,Tahap-3
01/23/2025,11,44,32,11:44:32,72,Tahap-3
01/23/2025,11,44,32,11:44:32,168,Tahap-3
01/23/2025,11,44,32,11:44:32,72,Tahap-3
01/23/2025,11,44,33,11:44:33,-272,Tahap-3
01/23/2025,11,44,33,11:44:33,304,Tahap-3
01/23/2025,11,44,33,11:44:33,-232,Tahap-3
01/23/2025,11,44,33,11:44:33,32,Tahap-3
01/23/2025,11,44,33,11:44:33,-224,Tahap-3
01/23/2025,11,44,33,11:44:33,112,Tahap-3
01/23/2025,11,44,33,11:44:33,-16,Tahap-3
01/23/2025,11,44,33,11:44:33,-40,Tahap-3
01/23/2025,11,44,33,11:44:33,104,Tahap-3
01/23/2025,11,44,33,11:44:33,32,Tahap-3
01/23/2025,11,44,34,11:44:34,-40,Tahap-3
01/23/2025,11,44,34,11:44:34,56,Tahap-3
01/23/2025,11,44,34,11:44:34,-40,Tahap-3
01/23/2025,11,44,34,11:44:34,24,Tahap-3
01/23/2025,11,44,34,11:44:34,-8,Tahap-3
01/23/2025,11,44,34,11:44:34,-152,Tahap-3
01/23/2025,11,44,34,11:44:34,64,Tahap-3
01/23/2025,11,44,34,11:44:34,400,Tahap-3
01/23/2025,11,44,34,11:44:34,-480,Tahap-3
01/23/2025,11,44,34,11:44:34,288,Tahap-3
01/23/2025,11,44,35,11:44:35,-88,Tahap-3
01/23/2025,11,44,35,11:44:35,-144,Tahap-3
01/23/2025,11,44,35,11:44:35,-48,Tahap-3
01/23/2025,11,44,35,11:44:35,288,Tahap-3
01/23/2025,11,44,35,11:44:35,-352,Tahap-3
01/23/2025,11,44,35,11:44:35,280,Tahap-3
01/23/2025,11,44,35,11:44:35,-200,Tahap-3
01/23/2025,11,44,35,11:44:35,72,Tahap-3
01/23/2025,11,44,35,11:44:35,264,Tahap-3
01/23/2025,11,44,35,11:44:35,-136,Tahap-3
01/23/2025,11,44,36,11:44:36,16,Tahap-3
01/23/2025,11,44,36,11:44:36,272,Tahap-3
01/23/2025,11,44,36,11:44:36,-88,Tahap-3
01/23/2025,11,44,36,11:44:36,-56,Tahap-3
01/23/2025,11,44,36,11:44:36,200,Tahap-3
01/23/2025,11,44,36,11:44:36,96,Tahap-3
01/23/2025,11,44,36,11:44:36,-128,Tahap-3
01/23/2025,11,44,36,11:44:36,104,Tahap-3
01/23/2025,11,44,36,11:44:36,-24,Tahap-3
01/23/2025,11,44,36,11:44:36,136,Tahap-3
01/23/2025,11,44,37,11:44:37,-128,Tahap-3
01/23/2025,11,44,37,11:44:37,296,Tahap-3
01/23/2025,11,44,37,11:44:37,-56,Tahap-3
01/23/2025,11,44,37,11:44:37,216,Tahap-3
01/23/2025,11,44,37,11:44:37,-128,Tahap-3
01/23/2025,11,44,37,11:44:37,120,Tahap-3
01/23/2025,11,44,37,11:44:37,-120,Tahap-3
01/23/2025,11,44,37,11:44:37,240,Tahap-3
01/23/2025,11,44,37,11:44:37,-336,Tahap-3
01/23/2025,11,44,37,11:44:37,224,Tahap-3
01/23/2025,11,44,38,11:44:38,128,Tahap-3
01/23/2025,11,44,38,11:44:38,-216,Tahap-3
01/23/2025,11,44,38,11:44:38,176,Tahap-3
01/23/2025,11,44,38,11:44:38,200,Tahap-3
01/23/2025,11,44,38,11:44:38,-208,Tahap-3
01/23/2025,11,44,38,11:44:38,88,Tahap-3
01/23/2025,11,44,38,11:44:38,-40,Tahap-3
01/23/2025,11,44,38,11:44:38,-152,Tahap-3
01/23/2025,11,44,38,11:44:38,64,Tahap-3
01/23/2025,11,44,38,11:44:38,-56,Tahap-3
01/23/2025,11,44,39,11:44:39,-8,Tahap-3
01/23/2025,11,44,39,11:44:39,352,Tahap-3
01/23/2025,11,44,39,11:44:39,-256,Tahap-3
01/23/2025,11,44,40,11:44:40,64,Tahap-3
01/23/2025,11,44,40,11:44:40,88,Tahap-3
01/23/2025,11,44,40,11:44:40,64,Tahap-3
01/23/2025,11,44,40,11:44:40,-256,Tahap-3
01/23/2025,11,44,40,11:44:40,192,Tahap-3
01/23/2025,11,44,40,11:44:40,-192,Tahap-3
01/23/2025,11,44,40,11:44:40,88,Tahap-3
01/23/2025,11,44,40,11:44:40,-168,Tahap-3
01/23/2025,11,44,40,11:44:40,200,Tahap-3
01/23/2025,11,44,40,11:44:40,8,Tahap-3
01/23/2025,11,44,40,11:44:40,-136,Tahap-3
01/23/2025,11,44,40,11:44:40,128,Tahap-3
01/23/2025,11,44,40,11:44:40,64,Tahap-3
01/23/2025,11,44,40,11:44:40,-80,Tahap-3
01/23/2025,11,44,40,11:44:40,128,Tahap-3
01/23/2025,11,44,40,11:44:40,-144,Tahap-3
01/23/2025,11,44,40,11:44:40,-24,Tahap-3
01/23/2025,11,44,41,11:44:41,16,Tahap-3
01/23/2025,11,44,41,11:44:41,-136,Tahap-3
01/23/2025,11,44,41,11:44:41,32,Tahap-3
01/23/2025,11,44,41,11:44:41,256,Tahap-3
01/23/2025,11,44,41,11:44:41,-312,Tahap-3
01/23/2025,11,44,41,11:44:41,272,Tahap-3
01/23/2025,11,44,41,11:44:41,8,Tahap-3
01/23/2025,11,44,41,11:44:41,-176,Tahap-3
01/23/2025,11,44,41,11:44:41,-64,Tahap-3
01/23/2025,11,44,41,11:44:41,168,Tahap-3
01/23/2025,11,44,42,11:44:42,-280,Tahap-3
01/23/2025,11,44,42,11:44:42,152,Tahap-3
01/23/2025,11,44,42,11:44:42,-64,Tahap-3
01/23/2025,11,44,42,11:44:42,56,Tahap-3
01/23/2025,11,44,42,11:44:42,160,Tahap-3
01/23/2025,11,44,42,11:44:42,-64,Tahap-3
01/23/2025,11,44,42,11:44:42,80,Tahap-3
01/23/2025,11,44,42,11:44:42,112,Tahap-3
01/23/2025,11,44,42,11:44:42,-88,Tahap-3
01/23/2025,11,44,42,11:44:42,-128,Tahap-3
01/23/2025,11,44,43,11:44:43,24,Tahap-3
01/23/2025,11,44,43,11:44:43,104,Tahap-3
01/23/2025,11,44,43,11:44:43,-176,Tahap-3
01/23/2025,11,44,43,11:44:43,-56,Tahap-3
01/23/2025,11,44,43,11:44:43,-56,Tahap-3
01/23/2025,11,44,43,11:44:43,128,Tahap-3
01/23/2025,11,44,43,11:44:43,-312,Tahap-3
01/23/2025,11,44,43,11:44:43,152,Tahap-3
01/23/2025,11,44,43,11:44:43,-120,Tahap-3
01/23/2025,11,44,43,11:44:43,80,Tahap-3
01/23/2025,11,44,44,11:44:44,-144,Tahap-3
01/23/2025,11,44,44,11:44:44,-40,Tahap-3
01/23/2025,11,44,44,11:44:44,-64,Tahap-3
01/23/2025,11,44,44,11:44:44,-16,Tahap-3
01/23/2025,11,44,44,11:44:44,-184,Tahap-3
01/23/2025,11,44,44,11:44:44,-168,Tahap-3
01/23/2025,11,44,44,11:44:44,264,Tahap-3
01/23/2025,11,44,44,11:44:44,-296,Tahap-3
01/23/2025,11,44,44,11:44:44,-8,Tahap-3
01/23/2025,11,44,44,11:44:44,208,Tahap-3
01/23/2025,11,44,45,11:44:45,-208,Tahap-3
01/23/2025,11,44,45,11:44:45,-152,Tahap-3
01/23/2025,11,45,10,11:45:10,3928,Tahap-3
01/23/2025,11,45,10,11:45:10,2130,Tahap-3
01/23/2025,11,45,10,11:45:10,922,Tahap-3
01/23/2025,11,45,10,11:45:10,867,Tahap-3
01/23/2025,11,45,10,11:45:10,551,Tahap-3
01/23/2025,11,45,10,11:45:10,408,Tahap-3
01/23/2025,11,45,10,11:45:10,567,Tahap-3
01/23/2025,11,45,10,11:45:10,362,Tahap-3
01/23/2025,11,45,10,11:45:10,344,Tahap-3
01/23/2025,11,45,10,11:45:10,413,Tahap-3
01/23/2025,11,45,10,11:45:10,163,Tahap-3
01/23/2025,11,45,10,11:45:10,316,Tahap-3
01/23/2025,11,45,10,11:45:10,151,Tahap-3
01/23/2025,11,45,10,11:45:10,317,Tahap-3
01/23/2025,11,45,11,11:45:11,256,Tahap-3
01/23/2025,11,45,11,11:45:11,110,Tahap-3
01/23/2025,11,45,11,11:45:11,247,Tahap-3
01/23/2025,11,45,11,11:45:11,138,Tahap-3
01/23/2025,11,45,11,11:45:11,205,Tahap-3
01/23/2025,11,45,11,11:45:11,119,Tahap-3
01/23/2025,11,45,11,11:45:11,117,Tahap-3
01/23/2025,11,45,11,11:45:11,143,Tahap-3
01/23/2025,11,45,11,11:45:11,418,Tahap-3
01/23/2025,11,45,11,11:45:11,353,Tahap-3
01/23/2025,11,45,12,11:45:12,225,Tahap-3
01/23/2025,11,45,12,11:45:12,196,Tahap-3
01/23/2025,11,45,12,11:45:12,189,Tahap-3
01/23/2025,11,45,12,11:45:12,95,Tahap-3
01/23/2025,11,45,12,11:45:12,62,Tahap-3
01/23/2025,11,45,12,11:45:12,294,Tahap-3
01/23/2025,11,45,12,11:45:12,140,Tahap-3
01/23/2025,11,45,12,11:45:12,76,Tahap-3
01/23/2025,11,45,12,11:45:12,66,Tahap-3
01/23/2025,11,45,12,11:45:12,138,Tahap-3
01/23/2025,11,45,13,11:45:13,171,Tahap-3
01/23/2025,11,45,13,11:45:13,119,Tahap-3
01/23/2025,11,45,13,11:45:13,15,Tahap-3
01/23/2025,11,45,13,11:45:13,60,Tahap-3
01/23/2025,11,45,13,11:45:13,121,Tahap-3
01/23/2025,11,45,13,11:45:13,59,Tahap-3
01/23/2025,11,45,13,11:45:13,51,Tahap-3
01/23/2025,11,45,13,11:45:13,119,Tahap-3
01/23/2025,11,45,13,11:45:13,227,Tahap-3
01/23/2025,11,45,13,11:45:13,206,Tahap-3
01/23/2025,11,45,14,11:45:14,330,Tahap-3
01/23/2025,11,45,14,11:45:14,68,Tahap-3
01/23/2025,11,45,14,11:45:14,73,Tahap-3
01/23/2025,11,45,14,11:45:14,60,Tahap-3
01/23/2025,11,45,14,11:45:14,39,Tahap-3
01/23/2025,11,45,14,11:45:14,92,Tahap-3
01/23/2025,11,45,14,11:45:14,77,Tahap-3
01/23/2025,11,45,14,11:45:14,32,Tahap-3
01/23/2025,11,45,14,11:45:14,152,Tahap-3
01/23/2025,11,45,14,11:45:14,72,Tahap-3
01/23/2025,11,45,15,11:45:15,71,Tahap-3
01/23/2025,11,45,15,11:45:15,91,Tahap-3
01/23/2025,11,45,15,11:45:15,154,Tahap-3
01/23/2025,11,45,15,11:45:15,135,Tahap-3
01/23/2025,11,45,15,11:45:15,63,Tahap-3
01/23/2025,11,45,15,11:45:15,165,Tahap-3
01/23/2025,11,45,15,11:45:15,107,Tahap-3
01/23/2025,11,45,15,11:45:15,25,Tahap-3
01/23/2025,11,45,15,11:45:15,21,Tahap-3
01/23/2025,11,45,15,11:45:15,137,Tahap-3
01/23/2025,11,45,16,11:45:16,60,Tahap-3
01/23/2025,11,45,16,11:45:16,193,Tahap-3
01/23/2025,11,45,16,11:45:16,238,Tahap-3
01/23/2025,11,45,16,11:45:16,562,Tahap-3
01/23/2025,11,45,16,11:45:16,788,Tahap-3
01/23/2025,11,45,16,11:45:16,923,Tahap-3
01/23/2025,11,45,16,11:45:16,329,Tahap-3
01/23/2025,11,45,16,11:45:16,205,Tahap-3
01/23/2025,11,45,16,11:45:16,146,Tahap-3
01/23/2025,11,45,16,11:45:16,205,Tahap-3
01/23/2025,11,45,17,11:45:17,58,Tahap-3
01/23/2025,11,45,17,11:45:17,136,Tahap-3
01/23/2025,11,45,17,11:45:17,166,Tahap-3
01/23/2025,11,45,17,11:45:17,103,Tahap-3
01/23/2025,11,45,17,11:45:17,64,Tahap-3
01/23/2025,11,45,17,11:45:17,6,Tahap-3
01/23/2025,11,45,17,11:45:17,30,Tahap-3
01/23/2025,11,45,17,11:45:17,298,Tahap-3
01/23/2025,11,45,17,11:45:17,276,Tahap-3
01/23/2025,11,45,17,11:45:17,512,Tahap-3
01/23/2025,11,45,18,11:45:18,1319,Tahap-3
01/23/2025,11,45,18,11:45:18,301,Tahap-3
01/23/2025,11,45,18,11:45:18,134,Tahap-3
01/23/2025,11,45,18,11:45:18,456,Tahap-3
01/23/2025,11,45,18,11:45:18,212,Tahap-3
01/23/2025,11,45,18,11:45:18,160,Tahap-3
01/23/2025,11,45,18,11:45:18,601,Tahap-3
01/23/2025,11,45,18,11:45:18,1179,Tahap-3
01/23/2025,11,45,18,11:45:18,834,Tahap-3
01/23/2025,11,45,18,11:45:18,375,Tahap-3
01/23/2025,11,45,19,11:45:19,459,Tahap-3
01/23/2025,11,45,19,11:45:19,473,Tahap-3
01/23/2025,11,45,19,11:45:19,522,Tahap-3
01/23/2025,11,45,19,11:45:19,175,Tahap-3
01/23/2025,11,45,19,11:45:19,222,Tahap-3
01/23/2025,11,45,19,11:45:19,143,Tahap-3
01/23/2025,11,45,19,11:45:19,225,Tahap-3
01/23/2025,11,45,19,11:45:19,76,Tahap-3
01/23/2025,11,45,19,11:45:19,88,Tahap-3
01/23/2025,11,45,19,11:45:19,339,Tahap-3
01/23/2025,11,45,19,11:45:19,250,Tahap-3
01/23/2025,11,45,20,11:45:20,67,Tahap-3
01/23/2025,11,45,20,11:45:20,127,Tahap-3
01/23/2025,11,45,20,11:45:20,249,Tahap-3
01/23/2025,11,45,20,11:45:20,286,Tahap-3
01/23/2025,11,45,20,11:45:20,207,Tahap-3
01/23/2025,11,45,20,11:45:20,308,Tahap-3
01/23/2025,11,45,20,11:45:20,181,Tahap-3
01/23/2025,11,45,20,11:45:20,311,Tahap-3
01/23/2025,11,45,20,11:45:20,250,Tahap-3
01/23/2025,11,45,20,11:45:20,618,Tahap-3
01/23/2025,11,45,21,11:45:21,442,Tahap-3
01/23/2025,11,45,21,11:45:21,521,Tahap-3
01/23/2025,11,45,21,11:45:21,269,Tahap-3
01/23/2025,11,45,21,11:45:21,107,Tahap-3
01/23/2025,11,45,21,11:45:21,515,Tahap-3
01/23/2025,11,45,21,11:45:21,326,Tahap-3
01/23/2025,11,45,21,11:45:21,156,Tahap-3
01/23/2025,11,45,21,11:45:21,277,Tahap-3
01/23/2025,11,45,21,11:45:21,101,Tahap-3
01/23/2025,11,45,21,11:45:21,442,Tahap-3
01/23/2025,11,45,22,11:45:22,414,Tahap-3
01/23/2025,11,45,22,11:45:22,1254,Tahap-3
01/23/2025,11,45,22,11:45:22,-44,Tahap-3
01/23/2025,11,45,22,11:45:22,-20,Tahap-3
01/23/2025,11,45,22,11:45:22,-8,Tahap-3
01/23/2025,11,45,22,11:45:22,-184,Tahap-3
01/23/2025,11,45,22,11:45:22,44,Tahap-3
01/23/2025,11,45,22,11:45:22,-40,Tahap-3
01/23/2025,11,45,22,11:45:22,-88,Tahap-3
01/23/2025,11,45,22,11:45:22,-64,Tahap-3
01/23/2025,11,45,23,11:45:23,44,Tahap-3
01/23/2025,11,45,23,11:45:23,60,Tahap-3
01/23/2025,11,45,23,11:45:23,-124,Tahap-3
01/23/2025,11,45,23,11:45:23,-4,Tahap-3
01/23/2025,11,45,23,11:45:23,16,Tahap-3
01/23/2025,11,45,23,11:45:23,-64,Tahap-3
01/23/2025,11,45,23,11:45:23,32,Tahap-3
01/23/2025,11,45,23,11:45:23,4,Tahap-3
01/23/2025,11,45,23,11:45:23,-28,Tahap-3
01/23/2025,11,45,23,11:45:23,48,Tahap-3
01/23/2025,11,45,24,11:45:24,-76,Tahap-3
01/23/2025,11,45,24,11:45:24,-76,Tahap-3
01/23/2025,11,45,24,11:45:24,136,Tahap-3
01/23/2025,11,45,24,11:45:24,-56,Tahap-3
01/23/2025,11,45,24,11:45:24,-116,Tahap-3
01/23/2025,11,45,24,11:45:24,100,Tahap-3
01/23/2025,11,45,24,11:45:24,-140,Tahap-3
01/23/2025,11,45,24,11:45:24,-112,Tahap-3
01/23/2025,11,45,24,11:45:24,-16,Tahap-3
01/23/2025,11,45,25,11:45:25,-188,Tahap-3
01/23/2025,11,45,25,11:45:25,48,Tahap-3
01/23/2025,11,45,25,11:45:25,-140,Tahap-3
01/23/2025,11,45,25,11:45:25,84,Tahap-3
01/23/2025,11,45,25,11:45:25,44,Tahap-3
01/23/2025,11,45,25,11:45:25,-140,Tahap-3
01/23/2025,11,45,25,11:45:25,68,Tahap-3
01/23/2025,11,45,25,11:45:25,28,Tahap-3
01/23/2025,11,45,25,11:45:25,-104,Tahap-3
01/23/2025,11,45,25,11:45:25,-40,Tahap-3
01/23/2025,11,45,26,11:45:26,120,Tahap-3
01/23/2025,11,45,26,11:45:26,-100,Tahap-3
01/23/2025,11,45,26,11:45:26,-24,Tahap-3
01/23/2025,11,45,26,11:45:26,32,Tahap-3
01/23/2025,11,45,26,11:45:26,64,Tahap-3
01/23/2025,11,45,26,11:45:26,36,Tahap-3
01/23/2025,11,45,26,11:45:26,-80,Tahap-3
01/23/2025,11,45,26,11:45:26,132,Tahap-3
01/23/2025,11,45,26,11:45:26,-28,Tahap-3
01/23/2025,11,45,26,11:45:26,4,Tahap-3
01/23/2025,11,45,27,11:45:27,-4,Tahap-3
01/23/2025,11,45,27,11:45:27,60,Tahap-3
01/23/2025,11,45,27,11:45:27,32,Tahap-3
01/23/2025,11,45,27,11:45:27,68,Tahap-3
01/23/2025,11,45,27,11:45:27,-76,Tahap-3
01/23/2025,11,45,27,11:45:27,240,Tahap-3
01/23/2025,11,45,27,11:45:27,-20,Tahap-3
01/23/2025,11,45,27,11:45:27,-20,Tahap-3
01/23/2025,11,45,27,11:45:27,200,Tahap-3
01/23/2025,11,45,27,11:45:27,76,Tahap-3
01/23/2025,11,45,28,11:45:28,-68,Tahap-3
01/23/2025,11,45,28,11:45:28,140,Tahap-3
01/23/2025,11,45,28,11:45:28,96,Tahap-3
01/23/2025,11,45,28,11:45:28,32,Tahap-3
01/23/2025,11,45,28,11:45:28,96,Tahap-3
01/23/2025,11,45,28,11:45:28,4,Tahap-3
01/23/2025,11,45,28,11:45:28,128,Tahap-3
01/23/2025,11,45,28,11:45:28,152,Tahap-3
01/23/2025,11,45,28,11:45:28,-4,Tahap-3
01/23/2025,11,45,28,11:45:28,144,Tahap-3
01/23/2025,11,45,29,11:45:29,124,Tahap-3
01/23/2025,11,45,29,11:45:29,112,Tahap-3
01/23/2025,11,45,29,11:45:29,-4,Tahap-3
01/23/2025,11,45,29,11:45:29,200,Tahap-3
01/23/2025,11,45,29,11:45:29,16,Tahap-3
01/23/2025,11,45,29,11:45:29,156,Tahap-3
01/23/2025,11,45,29,11:45:29,24,Tahap-3
01/23/2025,11,45,29,11:45:29,300,Tahap-3
01/23/2025,11,45,29,11:45:29,48,Tahap-3
01/23/2025,11,45,29,11:45:29,108,Tahap-3
01/23/2025,11,45,30,11:45:30,152,Tahap-3
01/23/2025,11,45,30,11:45:30,116,Tahap-3
01/23/2025,11,45,30,11:45:30,56,Tahap-3
01/23/2025,11,45,30,11:45:30,176,Tahap-3
01/23/2025,11,45,30,11:45:30,56,Tahap-3
01/23/2025,11,45,30,11:45:30,184,Tahap-3
01/23/2025,11,45,30,11:45:30,160,Tahap-3
01/23/2025,11,45,30,11:45:30,36,Tahap-3
01/23/2025,11,45,30,11:45:30,256,Tahap-3
01/23/2025,11,45,30,11:45:30,216,Tahap-3
01/23/2025,11,45,31,11:45:31,20,Tahap-3
01/23/2025,11,45,31,11:45:31,300,Tahap-3
01/23/2025,11,45,31,11:45:31,152,Tahap-3
01/23/2025,11,45,31,11:45:31,80,Tahap-3
01/23/2025,11,45,31,11:45:31,152,Tahap-3
01/23/2025,11,45,31,11:45:31,284,Tahap-3
01/23/2025,11,45,31,11:45:31,60,Tahap-3
01/23/2025,11,45,31,11:45:31,228,Tahap-3
01/23/2025,11,45,31,11:45:31,84,Tahap-3
01/23/2025,11,45,31,11:45:31,252,Tahap-3
01/23/2025,11,45,32,11:45:32,184,Tahap-3
01/23/2025,11,45,32,11:45:32,120,Tahap-3
01/23/2025,11,45,32,11:45:32,212,Tahap-3
01/23/2025,11,45,32,11:45:32,204,Tahap-3
01/23/2025,11,45,32,11:45:32,100,Tahap-3
01/23/2025,11,45,32,11:45:32,124,Tahap-3
01/23/2025,11,45,32,11:45:32,172,Tahap-3
01/23/2025,11,45,32,11:45:32,184,Tahap-3
01/23/2025,11,45,32,11:45:32,156,Tahap-3
01/23/2025,11,45,32,11:45:32,92,Tahap-3
01/23/2025,11,45,33,11:45:33,308,Tahap-3
01/23/2025,11,45,33,11:45:33,196,Tahap-3
01/23/2025,11,45,33,11:45:33,120,Tahap-3
01/23/2025,11,45,33,11:45:33,400,Tahap-3
01/23/2025,11,45,33,11:45:33,128,Tahap-3
01/23/2025,11,45,33,11:45:33,192,Tahap-3
01/23/2025,11,45,33,11:45:33,216,Tahap-3
01/23/2025,11,45,33,11:45:33,204,Tahap-3
01/23/2025,11,45,33,11:45:33,168,Tahap-3
01/23/2025,11,45,33,11:45:33,284,Tahap-3
01/23/2025,11,45,34,11:45:34,124,Tahap-3
01/23/2025,11,45,34,11:45:34,332,Tahap-3
01/23/2025,11,45,34,11:45:34,248,Tahap-3
01/23/2025,11,45,34,11:45:34,164,Tahap-3
01/23/2025,11,45,34,11:45:34,312,Tahap-3
01/23/2025,11,45,34,11:45:34,320,Tahap-3
01/23/2025,11,45,34,11:45:34,136,Tahap-3
01/23/2025,11,45,34,11:45:34,244,Tahap-3
01/23/2025,11,45,34,11:45:34,288,Tahap-3
01/23/2025,11,45,34,11:45:34,160,Tahap-3
01/23/2025,11,45,35,11:45:35,300,Tahap-3
01/23/2025,11,45,59,11:45:59,3921,Tahap-3
01/23/2025,11,45,59,11:45:59,363,Tahap-3
01/23/2025,11,45,59,11:45:59,337,Tahap-3
01/23/2025,11,45,59,11:45:59,414,Tahap-3
01/23/2025,11,45,59,11:45:59,465,Tahap-3
01/23/2025,11,46,1,11:46:01,170,Tahap-3
01/23/2025,11,46,1,11:46:01,160,Tahap-3
01/23/2025,11,46,1,11:46:01,184,Tahap-3
01/23/2025,11,46,1,11:46:01,155,Tahap-3
01/23/2025,11,46,1,11:46:01,98,Tahap-3
01/23/2025,11,46,1,11:46:01,200,Tahap-3
01/23/2025,11,46,1,11:46:01,203,Tahap-3
01/23/2025,11,46,1,11:46:01,373,Tahap-3
01/23/2025,11,46,1,11:46:01,492,Tahap-3
01/23/2025,11,46,1,11:46:01,132,Tahap-3
01/23/2025,11,46,2,11:46:02,84,Tahap-3
01/23/2025,11,46,2,11:46:02,165,Tahap-3
01/23/2025,11,46,2,11:46:02,199,Tahap-3
01/23/2025,11,46,2,11:46:02,197,Tahap-3
01/23/2025,11,46,2,11:46:02,234,Tahap-3
01/23/2025,11,46,2,11:46:02,150,Tahap-3
01/23/2025,11,46,2,11:46:02,102,Tahap-3
01/23/2025,11,46,2,11:46:02,67,Tahap-3
01/23/2025,11,46,2,11:46:02,60,Tahap-3
01/23/2025,11,46,2,11:46:02,152,Tahap-3
01/23/2025,11,46,3,11:46:03,224,Tahap-3
01/23/2025,11,46,3,11:46:03,118,Tahap-3
01/23/2025,11,46,3,11:46:03,175,Tahap-3
01/23/2025,11,46,3,11:46:03,197,Tahap-3
01/23/2025,11,46,3,11:46:03,61,Tahap-3
01/23/2025,11,46,3,11:46:03,194,Tahap-3
01/23/2025,11,46,3,11:46:03,123,Tahap-3
01/23/2025,11,46,3,11:46:03,265,Tahap-3
01/23/2025,11,46,3,11:46:03,178,Tahap-3
01/23/2025,11,46,3,11:46:03,223,Tahap-3
01/23/2025,11,46,4,11:46:04,80,Tahap-3
01/23/2025,11,46,4,11:46:04,154,Tahap-3
01/23/2025,11,46,4,11:46:04,278,Tahap-3
01/23/2025,11,46,4,11:46:04,92,Tahap-3
01/23/2025,11,46,4,11:46:04,95,Tahap-3
01/23/2025,11,46,4,11:46:04,123,Tahap-3
01/23/2025,11,46,4,11:46:04,156,Tahap-3
01/23/2025,11,46,4,11:46:04,66,Tahap-3
01/23/2025,11,46,4,11:46:04,90,Tahap-3
01/23/2025,11,46,4,11:46:04,176,Tahap-3
01/23/2025,11,46,5,11:46:05,93,Tahap-3
01/23/2025,11,46,5,11:46:05,164,Tahap-3
01/23/2025,11,46,5,11:46:05,81,Tahap-3
01/23/2025,11,46,5,11:46:05,129,Tahap-3
01/23/2025,11,46,5,11:46:05,187,Tahap-3
01/23/2025,11,46,5,11:46:05,110,Tahap-3
01/23/2025,11,46,5,11:46:05,121,Tahap-3
01/23/2025,11,46,5,11:46:05,126,Tahap-3
01/23/2025,11,46,5,11:46:05,60,Tahap-3
01/23/2025,11,46,5,11:46:05,187,Tahap-3
01/23/2025,11,46,6,11:46:06,98,Tahap-3
01/23/2025,11,46,6,11:46:06,222,Tahap-3
01/23/2025,11,46,6,11:46:06,36,Tahap-3
01/23/2025,11,46,6,11:46:06,556,Tahap-3
01/23/2025,11,46,6,11:46:06,1302,Tahap-3
01/23/2025,11,46,6,11:46:06,121,Tahap-3
01/23/2025,11,46,6,11:46:06,226,Tahap-3
01/23/2025,11,46,6,11:46:06,29,Tahap-3
01/23/2025,11,46,6,11:46:06,285,Tahap-3
01/23/2025,11,46,6,11:46:06,172,Tahap-3
01/23/2025,11,46,7,11:46:07,459,Tahap-3
01/23/2025,11,46,7,11:46:07,111,Tahap-3
01/23/2025,11,46,7,11:46:07,119,Tahap-3
01/23/2025,11,46,7,11:46:07,218,Tahap-3
01/23/2025,11,46,7,11:46:07,165,Tahap-3
01/23/2025,11,46,7,11:46:07,223,Tahap-3
01/23/2025,11,46,7,11:46:07,666,Tahap-3
01/23/2025,11,46,7,11:46:07,123,Tahap-3
01/23/2025,11,46,7,11:46:07,227,Tahap-3
01/23/2025,11,46,7,11:46:07,792,Tahap-3
01/23/2025,11,46,8,11:46:08,1065,Tahap-3
01/23/2025,11,46,8,11:46:08,314,Tahap-3
01/23/2025,11,46,8,11:46:08,221,Tahap-3
01/23/2025,11,46,8,11:46:08,230,Tahap-3
01/23/2025,11,46,8,11:46:08,368,Tahap-3
01/23/2025,11,46,8,11:46:08,306,Tahap-3
01/23/2025,11,46,8,11:46:08,466,Tahap-3
01/23/2025,11,46,8,11:46:08,412,Tahap-3
01/23/2025,11,46,8,11:46:08,1514,Tahap-3
01/23/2025,11,46,8,11:46:08,470,Tahap-3
01/23/2025,11,46,9,11:46:09,301,Tahap-3
01/23/2025,11,46,9,11:46:09,40,Tahap-3
01/23/2025,11,46,9,11:46:09,306,Tahap-3
01/23/2025,11,46,10,11:46:10,447,Tahap-3
01/23/2025,11,46,10,11:46:10,77,Tahap-3
01/23/2025,11,46,10,11:46:10,262,Tahap-3
01/23/2025,11,46,10,11:46:10,108,Tahap-3
01/23/2025,11,46,10,11:46:10,84,Tahap-3
01/23/2025,11,46,10,11:46:10,159,Tahap-3
01/23/2025,11,46,10,11:46:10,172,Tahap-3
01/23/2025,11,46,10,11:46:10,226,Tahap-3
01/23/2025,11,46,10,11:46:10,192,Tahap-3
01/23/2025,11,46,10,11:46:10,258,Tahap-3
01/23/2025,11,46,10,11:46:10,263,Tahap-3
01/23/2025,11,46,10,11:46:10,482,Tahap-3
01/23/2025,11,46,10,11:46:10,437,Tahap-3
01/23/2025,11,46,10,11:46:10,433,Tahap-3
01/23/2025,11,46,10,11:46:10,336,Tahap-3
01/23/2025,11,46,10,11:46:10,293,Tahap-3
01/23/2025,11,46,10,11:46:10,525,Tahap-3
01/23/2025,11,46,11,11:46:11,488,Tahap-3
01/23/2025,11,46,11,11:46:11,703,Tahap-3
01/23/2025,11,46,11,11:46:11,453,Tahap-3
01/23/2025,11,46,11,11:46:11,382,Tahap-3
01/23/2025,11,46,11,11:46:11,387,Tahap-3
01/23/2025,11,46,11,11:46:11,228,Tahap-3
01/23/2025,11,46,11,11:46:11,327,Tahap-3
01/23/2025,11,46,11,11:46:11,303,Tahap-3
01/23/2025,11,46,11,11:46:11,55,Tahap-3
01/23/2025,11,46,11,11:46:11,302,Tahap-3
01/23/2025,11,46,12,11:46:12,558,Tahap-3
01/23/2025,11,46,12,11:46:12,931,Tahap-3
01/23/2025,11,46,12,11:46:12,4,Tahap-3
01/23/2025,11,46,12,11:46:12,12,Tahap-3
01/23/2025,11,46,12,11:46:12,-128,Tahap-3
01/23/2025,11,46,12,11:46:12,36,Tahap-3
01/23/2025,11,46,12,11:46:12,-32,Tahap-3
01/23/2025,11,46,12,11:46:12,-140,Tahap-3
01/23/2025,11,46,12,11:46:12,60,Tahap-3
01/23/2025,11,46,13,11:46:13,-164,Tahap-3
01/23/2025,11,46,13,11:46:13,-76,Tahap-3
01/23/2025,11,46,13,11:46:13,32,Tahap-3
01/23/2025,11,46,13,11:46:13,-80,Tahap-3
01/23/2025,11,46,13,11:46:13,-40,Tahap-3
01/23/2025,11,46,13,11:46:13,96,Tahap-3
01/23/2025,11,46,13,11:46:13,-4,Tahap-3
01/23/2025,11,46,13,11:46:13,-44,Tahap-3
01/23/2025,11,46,13,11:46:13,48,Tahap-3
01/23/2025,11,46,13,11:46:13,-76,Tahap-3
01/23/2025,11,46,14,11:46:14,-64,Tahap-3
01/23/2025,11,46,14,11:46:14,48,Tahap-3
01/23/2025,11,46,14,11:46:14,-28,Tahap-3
01/23/2025,11,46,14,11:46:14,12,Tahap-3
01/23/2025,11,46,14,11:46:14,80,Tahap-3
01/23/2025,11,46,14,11:46:14,12,Tahap-3
01/23/2025,11,46,14,11:46:14,-52,Tahap-3
01/23/2025,11,46,14,11:46:14,120,Tahap-3
01/23/2025,11,46,14,11:46:14,-28,Tahap-3
01/23/2025,11,46,14,11:46:14,-40,Tahap-3
01/23/2025,11,46,15,11:46:15,116,Tahap-3
01/23/2025,11,46,15,11:46:15,12,Tahap-3
01/23/2025,11,46,15,11:46:15,-60,Tahap-3
01/23/2025,11,46,15,11:46:15,160,Tahap-3
01/23/2025,11,46,15,11:46:15,-172,Tahap-3
01/23/2025,11,46,15,11:46:15,236,Tahap-3
01/23/2025,11,46,15,11:46:15,-44,Tahap-3
01/23/2025,11,46,15,11:46:15,72,Tahap-3
01/23/2025,11,46,15,11:46:15,32,Tahap-3
01/23/2025,11,46,15,11:46:15,140,Tahap-3
01/23/2025,11,46,16,11:46:16,-128,Tahap-3
01/23/2025,11,46,16,11:46:16,152,Tahap-3
01/23/2025,11,46,16,11:46:16,24,Tahap-3
01/23/2025,11,46,16,11:46:16,92,Tahap-3
01/23/2025,11,46,16,11:46:16,4,Tahap-3
01/23/2025,11,46,16,11:46:16,60,Tahap-3
01/23/2025,11,46,16,11:46:16,204,Tahap-3
01/23/2025,11,46,16,11:46:16,-60,Tahap-3
01/23/2025,11,46,16,11:46:16,200,Tahap-3
01/23/2025,11,46,16,11:46:16,220,Tahap-3
01/23/2025,11,46,16,11:46:16,-36,Tahap-3
01/23/2025,11,46,17,11:46:17,188,Tahap-3
01/23/2025,11,46,17,11:46:17,48,Tahap-3
01/23/2025,11,46,17,11:46:17,108,Tahap-3
01/23/2025,11,46,17,11:46:17,96,Tahap-3
01/23/2025,11,46,17,11:46:17,180,Tahap-3
01/23/2025,11,46,17,11:46:17,-28,Tahap-3
01/23/2025,11,46,17,11:46:17,272,Tahap-3
01/23/2025,11,46,17,11:46:17,40,Tahap-3
01/23/2025,11,46,17,11:46:17,128,Tahap-3
01/23/2025,11,46,17,11:46:17,284,Tahap-3
01/23/2025,11,46,18,11:46:18,152,Tahap-3
01/23/2025,11,46,18,11:46:18,8,Tahap-3
01/23/2025,11,46,18,11:46:18,244,Tahap-3
01/23/2025,11,46,18,11:46:18,48,Tahap-3
01/23/2025,11,46,18,11:46:18,164,Tahap-3
01/23/2025,11,46,18,11:46:18,84,Tahap-3
01/23/2025,11,46,18,11:46:18,132,Tahap-3
01/23/2025,11,46,18,11:46:18,196,Tahap-3
01/23/2025,11,46,18,11:46:18,144,Tahap-3
01/23/2025,11,46,18,11:46:18,92,Tahap-3
01/23/2025,11,46,19,11:46:19,192,Tahap-3
01/23/2025,11,46,19,11:46:19,100,Tahap-3
01/23/2025,11,46,19,11:46:19,112,Tahap-3
01/23/2025,11,46,19,11:46:19,80,Tahap-3
01/23/2025,11,46,19,11:46:19,176,Tahap-3
01/23/2025,11,46,19,11:46:19,-64,Tahap-3
01/23/2025,11,46,19,11:46:19,168,Tahap-3
01/23/2025,11,46,19,11:46:19,24,Tahap-3
01/23/2025,11,46,19,11:46:19,352,Tahap-3
01/23/2025,11,46,19,11:46:19,-24,Tahap-3
01/23/2025,11,46,20,11:46:20,236,Tahap-3
01/23/2025,11,46,20,11:46:20,192,Tahap-3
01/23/2025,11,46,20,11:46:20,120,Tahap-3
01/23/2025,11,46,20,11:46:20,76,Tahap-3
01/23/2025,11,46,20,11:46:20,156,Tahap-3
01/23/2025,11,46,20,11:46:20,56,Tahap-3
01/23/2025,11,46,20,11:46:20,136,Tahap-3
01/23/2025,11,46,20,11:46:20,64,Tahap-3
01/23/2025,11,46,20,11:46:20,64,Tahap-3
01/23/2025,11,46,20,11:46:20,224,Tahap-3
01/23/2025,11,46,21,11:46:21,108,Tahap-3
01/23/2025,11,46,21,11:46:21,108,Tahap-3
01/23/2025,11,46,21,11:46:21,268,Tahap-3
01/23/2025,11,46,21,11:46:21,12,Tahap-3
01/23/2025,11,46,21,11:46:21,112,Tahap-3
01/23/2025,11,46,21,11:46:21,144,Tahap-3
01/23/2025,11,46,21,11:46:21,84,Tahap-3
01/23/2025,11,46,21,11:46:21,76,Tahap-3
01/23/2025,11,46,21,11:46:21,152,Tahap-3
01/23/2025,11,46,21,11:46:21,48,Tahap-3
01/23/2025,11,46,22,11:46:22,316,Tahap-3
01/23/2025,11,46,22,11:46:22,40,Tahap-3
01/23/2025,11,46,22,11:46:22,180,Tahap-3
01/23/2025,11,46,22,11:46:22,92,Tahap-3
01/23/2025,11,46,22,11:46:22,180,Tahap-3
01/23/2025,11,46,22,11:46:22,176,Tahap-3
01/23/2025,11,46,22,11:46:22,136,Tahap-3
01/23/2025,11,46,22,11:46:22,132,Tahap-3
01/23/2025,11,46,22,11:46:22,-8,Tahap-3
01/23/2025,11,46,23,11:46:23,164,Tahap-3
01/23/2025,11,46,23,11:46:23,180,Tahap-3
01/23/2025,11,46,23,11:46:23,16,Tahap-3
01/23/2025,11,46,23,11:46:23,156,Tahap-3
01/23/2025,11,46,23,11:46:23,156,Tahap-3
01/23/2025,11,46,23,11:46:23,64,Tahap-3
01/23/2025,11,46,23,11:46:23,120,Tahap-3
01/23/2025,11,46,23,11:46:23,124,Tahap-3
01/23/2025,11,46,23,11:46:23,108,Tahap-3
01/23/2025,11,46,23,11:46:23,116,Tahap-3
01/23/2025,11,46,24,11:46:24,116,Tahap-3
01/23/2025,11,46,24,11:46:24,48,Tahap-3
01/23/2025,11,46,24,11:46:24,332,Tahap-3
01/23/2025,11,46,24,11:46:24,-32,Tahap-3
01/23/2025,11,46,24,11:46:24,132,Tahap-3
01/23/2025,11,46,24,11:46:24,268,Tahap-3
01/23/2025,11,46,24,11:46:24,88,Tahap-3
01/23/2025,11,46,24,11:46:24,56,Tahap-3
01/23/2025,11,46,24,11:46:24,260,Tahap-3
01/23/2025,11,46,24,11:46:24,4,Tahap-3
01/23/2025,11,46,49,11:46:49,3727,Tahap-3
01/23/2025,11,46,49,11:46:49,1376,Tahap-3
01/23/2025,11,46,49,11:46:49,337,Tahap-3
01/23/2025,11,46,49,11:46:49,484,Tahap-3
01/23/2025,11,46,49,11:46:49,120,Tahap-3
01/23/2025,11,46,49,11:46:49,249,Tahap-3
01/23/2025,11,46,50,11:46:50,114,Tahap-3
01/23/2025,11,46,50,11:46:50,247,Tahap-3
01/23/2025,11,46,50,11:46:50,249,Tahap-3
01/23/2025,11,46,50,11:46:50,162,Tahap-3
01/23/2025,11,46,50,11:46:50,66,Tahap-3
01/23/2025,11,46,50,11:46:50,68,Tahap-3
01/23/2025,11,46,50,11:46:50,199,Tahap-3
01/23/2025,11,46,50,11:46:50,94,Tahap-3
01/23/2025,11,46,50,11:46:50,184,Tahap-3
01/23/2025,11,46,50,11:46:50,131,Tahap-3
01/23/2025,11,46,51,11:46:51,121,Tahap-3
01/23/2025,11,46,51,11:46:51,78,Tahap-3
01/23/2025,11,46,51,11:46:51,132,Tahap-3
01/23/2025,11,46,51,11:46:51,97,Tahap-3
01/23/2025,11,46,51,11:46:51,39,Tahap-3
01/23/2025,11,46,51,11:46:51,58,Tahap-3
01/23/2025,11,46,51,11:46:51,324,Tahap-3
01/23/2025,11,46,51,11:46:51,610,Tahap-3
01/23/2025,11,46,51,11:46:51,214,Tahap-3
01/23/2025,11,46,51,11:46:51,167,Tahap-3
01/23/2025,11,46,52,11:46:52,84,Tahap-3
01/23/2025,11,46,52,11:46:52,215,Tahap-3
01/23/2025,11,46,52,11:46:52,168,Tahap-3
01/23/2025,11,46,52,11:46:52,258,Tahap-3
01/23/2025,11,46,52,11:46:52,144,Tahap-3
01/23/2025,11,46,52,11:46:52,70,Tahap-3
01/23/2025,11,46,52,11:46:52,62,Tahap-3
01/23/2025,11,46,52,11:46:52,129,Tahap-3
01/23/2025,11,46,52,11:46:52,122,Tahap-3
01/23/2025,11,46,52,11:46:52,91,Tahap-3
01/23/2025,11,46,53,11:46:53,66,Tahap-3
01/23/2025,11,46,53,11:46:53,101,Tahap-3
01/23/2025,11,46,53,11:46:53,184,Tahap-3
01/23/2025,11,46,53,11:46:53,132,Tahap-3
01/23/2025,11,46,53,11:46:53,73,Tahap-3
01/23/2025,11,46,53,11:46:53,136,Tahap-3
01/23/2025,11,46,53,11:46:53,308,Tahap-3
01/23/2025,11,46,53,11:46:53,213,Tahap-3
01/23/2025,11,46,53,11:46:53,77,Tahap-3
01/23/2025,11,46,53,11:46:53,166,Tahap-3
01/23/2025,11,46,54,11:46:54,130,Tahap-3
01/23/2025,11,46,54,11:46:54,26,Tahap-3
01/23/2025,11,46,54,11:46:54,88,Tahap-3
01/23/2025,11,46,54,11:46:54,179,Tahap-3
01/23/2025,11,46,54,11:46:54,96,Tahap-3
01/23/2025,11,46,54,11:46:54,187,Tahap-3
01/23/2025,11,46,54,11:46:54,69,Tahap-3
01/23/2025,11,46,54,11:46:54,171,Tahap-3
01/23/2025,11,46,54,11:46:54,77,Tahap-3
01/23/2025,11,46,54,11:46:54,113,Tahap-3
01/23/2025,11,46,55,11:46:55,171,Tahap-3
01/23/2025,11,46,55,11:46:55,133,Tahap-3
01/23/2025,11,46,55,11:46:55,51,Tahap-3
01/23/2025,11,46,55,11:46:55,12,Tahap-3
01/23/2025,11,46,55,11:46:55,125,Tahap-3
01/23/2025,11,46,55,11:46:55,165,Tahap-3
01/23/2025,11,46,55,11:46:55,125,Tahap-3
01/23/2025,11,46,55,11:46:55,30,Tahap-3
01/23/2025,11,46,55,11:46:55,76,Tahap-3
01/23/2025,11,46,55,11:46:55,267,Tahap-3
01/23/2025,11,46,56,11:46:56,135,Tahap-3
01/23/2025,11,46,56,11:46:56,426,Tahap-3
01/23/2025,11,46,56,11:46:56,801,Tahap-3
01/23/2025,11,46,56,11:46:56,845,Tahap-3
01/23/2025,11,46,56,11:46:56,318,Tahap-3
01/23/2025,11,46,56,11:46:56,352,Tahap-3
01/23/2025,11,46,56,11:46:56,346,Tahap-3
01/23/2025,11,46,56,11:46:56,219,Tahap-3
01/23/2025,11,46,56,11:46:56,107,Tahap-3
01/23/2025,11,46,56,11:46:56,147,Tahap-3
01/23/2025,11,46,57,11:46:57,287,Tahap-3
01/23/2025,11,46,57,11:46:57,227,Tahap-3
01/23/2025,11,46,57,11:46:57,204,Tahap-3
01/23/2025,11,46,57,11:46:57,205,Tahap-3
01/23/2025,11,46,57,11:46:57,186,Tahap-3
01/23/2025,11,46,57,11:46:57,169,Tahap-3
01/23/2025,11,46,57,11:46:57,167,Tahap-3
01/23/2025,11,46,57,11:46:57,439,Tahap-3
01/23/2025,11,46,57,11:46:57,907,Tahap-3
01/23/2025,11,46,57,11:46:57,977,Tahap-3
01/23/2025,11,46,58,11:46:58,437,Tahap-3
01/23/2025,11,46,58,11:46:58,366,Tahap-3
01/23/2025,11,46,58,11:46:58,280,Tahap-3
01/23/2025,11,46,58,11:46:58,467,Tahap-3
01/23/2025,11,46,58,11:46:58,228,Tahap-3
01/23/2025,11,46,58,11:46:58,183,Tahap-3
01/23/2025,11,46,58,11:46:58,1521,Tahap-3
01/23/2025,11,46,58,11:46:58,313,Tahap-3
01/23/2025,11,46,58,11:46:58,321,Tahap-3
01/23/2025,11,46,58,11:46:58,50,Tahap-3
01/23/2025,11,46,59,11:46:59,390,Tahap-3
01/23/2025,11,46,59,11:46:59,437,Tahap-3
01/23/2025,11,46,59,11:46:59,253,Tahap-3
01/23/2025,11,46,59,11:46:59,114,Tahap-3
01/23/2025,11,46,59,11:46:59,79,Tahap-3
01/23/2025,11,46,59,11:46:59,121,Tahap-3
01/23/2025,11,46,59,11:46:59,168,Tahap-3
01/23/2025,11,46,59,11:46:59,181,Tahap-3
01/23/2025,11,46,59,11:46:59,174,Tahap-3
01/23/2025,11,46,59,11:46:59,173,Tahap-3
01/23/2025,11,47,1,11:47:01,648,Tahap-3
01/23/2025,11,47,1,11:47:01,163,Tahap-3
01/23/2025,11,47,1,11:47:01,66,Tahap-3
01/23/2025,11,47,1,11:47:01,162,Tahap-3
01/23/2025,11,47,1,11:47:01,215,Tahap-3
01/23/2025,11,47,1,11:47:01,60,Tahap-3
01/23/2025,11,47,1,11:47:01,328,Tahap-3
01/23/2025,11,47,1,11:47:01,78,Tahap-3
01/23/2025,11,47,1,11:47:01,254,Tahap-3
01/23/2025,11,47,1,11:47:01,230,Tahap-3
01/23/2025,11,47,2,11:47:02,618,Tahap-3
01/23/2025,11,47,2,11:47:02,-112,Tahap-3
01/23/2025,11,47,2,11:47:02,168,Tahap-3
01/23/2025,11,47,2,11:47:02,100,Tahap-3
01/23/2025,11,47,2,11:47:02,-32,Tahap-3
01/23/2025,11,47,2,11:47:02,128,Tahap-3
01/23/2025,11,47,2,11:47:02,144,Tahap-3
01/23/2025,11,47,2,11:47:02,-132,Tahap-3
01/23/2025,11,47,2,11:47:02,124,Tahap-3
01/23/2025,11,47,2,11:47:02,-20,Tahap-3
01/23/2025,11,47,3,11:47:03,24,Tahap-3
01/23/2025,11,47,3,11:47:03,24,Tahap-3
01/23/2025,11,47,3,11:47:03,-4,Tahap-3
01/23/2025,11,47,3,11:47:03,28,Tahap-3
01/23/2025,11,47,3,11:47:03,160,Tahap-3
01/23/2025,11,47,3,11:47:03,-56,Tahap-3
01/23/2025,11,47,3,11:47:03,88,Tahap-3
01/23/2025,11,47,3,11:47:03,48,Tahap-3
01/23/2025,11,47,3,11:47:03,72,Tahap-3
01/23/2025,11,47,3,11:47:03,-140,Tahap-3
01/23/2025,11,47,4,11:47:04,128,Tahap-3
01/23/2025,11,47,4,11:47:04,-108,Tahap-3
01/23/2025,11,47,4,11:47:04,56,Tahap-3
01/23/2025,11,47,4,11:47:04,-88,Tahap-3
01/23/2025,11,47,4,11:47:04,116,Tahap-3
01/23/2025,11,47,4,11:47:04,-32,Tahap-3
01/23/2025,11,47,4,11:47:04,-44,Tahap-3
01/23/2025,11,47,4,11:47:04,-12,Tahap-3
01/23/2025,11,47,4,11:47:04,-36,Tahap-3
01/23/2025,11,47,4,11:47:04,-80,Tahap-3
01/23/2025,11,47,5,11:47:05,-8,Tahap-3
01/23/2025,11,47,5,11:47:05,-112,Tahap-3
01/23/2025,11,47,5,11:47:05,-40,Tahap-3
01/23/2025,11,47,5,11:47:05,-68,Tahap-3
01/23/2025,11,47,5,11:47:05,-148,Tahap-3
01/23/2025,11,47,5,11:47:05,28,Tahap-3
01/23/2025,11,47,5,11:47:05,-240,Tahap-3
01/23/2025,11,47,5,11:47:05,80,Tahap-3
01/23/2025,11,47,5,11:47:05,-132,Tahap-3
01/23/2025,11,47,6,11:47:06,-160,Tahap-3
01/23/2025,11,47,6,11:47:06,-120,Tahap-3
01/23/2025,11,47,6,11:47:06,20,Tahap-3
01/23/2025,11,47,6,11:47:06,-244,Tahap-3
01/23/2025,11,47,6,11:47:06,-20,Tahap-3
01/23/2025,11,47,6,11:47:06,-272,Tahap-3
01/23/2025,11,47,6,11:47:06,-84,Tahap-3
01/23/2025,11,47,6,11:47:06,-180,Tahap-3
01/23/2025,11,47,6,11:47:06,-72,Tahap-3
01/23/2025,11,47,7,11:47:07,-84,Tahap-3
01/23/2025,11,47,7,11:47:07,-184,Tahap-3
01/23/2025,11,47,7,11:47:07,-160,Tahap-3
01/23/2025,11,47,7,11:47:07,-36,Tahap-3
01/23/2025,11,47,7,11:47:07,-192,Tahap-3
01/23/2025,11,47,7,11:47:07,-192,Tahap-3
01/23/2025,11,47,7,11:47:07,-124,Tahap-3
01/23/2025,11,47,7,11:47:07,-164,Tahap-3
01/23/2025,11,47,7,11:47:07,-24,Tahap-3
01/23/2025,11,47,7,11:47:07,-240,Tahap-3
01/23/2025,11,47,8,11:47:08,-20,Tahap-3
01/23/2025,11,47,8,11:47:08,-204,Tahap-3
01/23/2025,11,47,8,11:47:08,-52,Tahap-3
01/23/2025,11,47,8,11:47:08,-284,Tahap-3
01/23/2025,11,47,8,11:47:08,-76,Tahap-3
01/23/2025,11,47,8,11:47:08,-196,Tahap-3
01/23/2025,11,47,8,11:47:08,-76,Tahap-3
01/23/2025,11,47,8,11:47:08,-248,Tahap-3
01/23/2025,11,47,8,11:47:08,-20,Tahap-3
01/23/2025,11,47,8,11:47:08,-64,Tahap-3
01/23/2025,11,47,9,11:47:09,-248,Tahap-3
01/23/2025,11,47,9,11:47:09,-24,Tahap-3
01/23/2025,11,47,9,11:47:09,-84,Tahap-3
01/23/2025,11,47,10,11:47:10,-240,Tahap-3
01/23/2025,11,47,10,11:47:10,-108,Tahap-3
01/23/2025,11,47,10,11:47:10,-192,Tahap-3
01/23/2025,11,47,10,11:47:10,-164,Tahap-3
01/23/2025,11,47,10,11:47:10,-128,Tahap-3
01/23/2025,11,47,10,11:47:10,-152,Tahap-3
01/23/2025,11,47,10,11:47:10,-164,Tahap-3
01/23/2025,11,47,10,11:47:10,4,Tahap-3
01/23/2025,11,47,10,11:47:10,-260,Tahap-3
01/23/2025,11,47,10,11:47:10,-88,Tahap-3
01/23/2025,11,47,10,11:47:10,-16,Tahap-3
01/23/2025,11,47,10,11:47:10,-176,Tahap-3
01/23/2025,11,47,10,11:47:10,-236,Tahap-3
01/23/2025,11,47,10,11:47:10,24,Tahap-3
01/23/2025,11,47,10,11:47:10,-260,Tahap-3
01/23/2025,11,47,10,11:47:10,-84,Tahap-3
01/23/2025,11,47,10,11:47:10,-224,Tahap-3
01/23/2025,11,47,11,11:47:11,-52,Tahap-3
01/23/2025,11,47,11,11:47:11,-100,Tahap-3
01/23/2025,11,47,11,11:47:11,-152,Tahap-3
01/23/2025,11,47,11,11:47:11,-80,Tahap-3
01/23/2025,11,47,11,11:47:11,-108,Tahap-3
01/23/2025,11,47,11,11:47:11,-124,Tahap-3
01/23/2025,11,47,11,11:47:11,-112,Tahap-3
01/23/2025,11,47,11,11:47:11,-148,Tahap-3
01/23/2025,11,47,11,11:47:11,-64,Tahap-3
01/23/2025,11,47,11,11:47:11,-168,Tahap-3
01/23/2025,11,47,11,11:47:11,-108,Tahap-3
01/23/2025,11,47,12,11:47:12,-44,Tahap-3
01/23/2025,11,47,12,11:47:12,96,Tahap-3
01/23/2025,11,47,12,11:47:12,-236,Tahap-3
01/23/2025,11,47,12,11:47:12,80,Tahap-3
01/23/2025,11,47,12,11:47:12,-120,Tahap-3
01/23/2025,11,47,12,11:47:12,-132,Tahap-3
01/23/2025,11,47,12,11:47:12,-92,Tahap-3
01/23/2025,11,47,12,11:47:12,-20,Tahap-3
01/23/2025,11,47,12,11:47:12,-176,Tahap-3
01/23/2025,11,47,13,11:47:13,32,Tahap-3
01/23/2025,11,47,13,11:47:13,-308,Tahap-3
01/23/2025,11,47,13,11:47:13,84,Tahap-3
01/23/2025,11,47,13,11:47:13,-52,Tahap-3
01/23/2025,11,47,13,11:47:13,-120,Tahap-3
01/23/2025,11,47,13,11:47:13,-32,Tahap-3
01/23/2025,11,47,13,11:47:13,4,Tahap-3
01/23/2025,11,47,13,11:47:13,-184,Tahap-3
01/23/2025,11,47,13,11:47:13,-24,Tahap-3
01/23/2025,11,47,13,11:47:13,-32,Tahap-3
01/23/2025,11,47,13,11:47:13,-80,Tahap-3
01/23/2025,11,47,14,11:47:14,-60,Tahap-3
01/23/2025,11,47,14,11:47:14,-48,Tahap-3
01/23/2025,11,47,14,11:47:14,4,Tahap-3
01/23/2025,11,47,14,11:47:14,-64,Tahap-3
01/23/2025,11,47,14,11:47:14,60,Tahap-3
01/23/2025,11,47,14,11:47:14,-44,Tahap-3
01/23/2025,11,47,14,11:47:14,-4,Tahap-3
01/23/2025,11,47,14,11:47:14,-128,Tahap-3
01/23/2025,11,47,40,11:47:40,1175,Tahap-3
01/23/2025,11,47,40,11:47:40,978,Tahap-3
01/23/2025,11,47,40,11:47:40,510,Tahap-3
01/23/2025,11,47,40,11:47:40,865,Tahap-3
01/23/2025,11,47,40,11:47:40,431,Tahap-3
01/23/2025,11,47,40,11:47:40,401,Tahap-3
01/23/2025,11,47,40,11:47:40,204,Tahap-3
01/23/2025,11,47,40,11:47:40,183,Tahap-3
01/23/2025,11,47,40,11:47:40,270,Tahap-3
01/23/2025,11,47,40,11:47:40,71,Tahap-3
01/23/2025,11,47,40,11:47:40,107,Tahap-3
01/23/2025,11,47,40,11:47:40,161,Tahap-3
01/23/2025,11,47,40,11:47:40,129,Tahap-3
01/23/2025,11,47,40,11:47:40,82,Tahap-3
01/23/2025,11,47,40,11:47:40,5,Tahap-3
01/23/2025,11,47,40,11:47:40,58,Tahap-3
01/23/2025,11,47,40,11:47:40,67,Tahap-3
01/23/2025,11,47,41,11:47:41,158,Tahap-3
01/23/2025,11,47,41,11:47:41,32,Tahap-3
01/23/2025,11,47,41,11:47:41,54,Tahap-3
01/23/2025,11,47,41,11:47:41,226,Tahap-3
01/23/2025,11,47,41,11:47:41,69,Tahap-3
01/23/2025,11,47,41,11:47:41,41,Tahap-3
01/23/2025,11,47,41,11:47:41,520,Tahap-3
01/23/2025,11,47,41,11:47:41,129,Tahap-3
01/23/2025,11,47,41,11:47:41,174,Tahap-3
01/23/2025,11,47,41,11:47:41,99,Tahap-3
01/23/2025,11,47,42,11:47:42,121,Tahap-3
01/23/2025,11,47,42,11:47:42,98,Tahap-3
01/23/2025,11,47,42,11:47:42,286,Tahap-3
01/23/2025,11,47,42,11:47:42,97,Tahap-3
01/23/2025,11,47,42,11:47:42,58,Tahap-3
01/23/2025,11,47,42,11:47:42,119,Tahap-3
01/23/2025,11,47,42,11:47:42,115,Tahap-3
01/23/2025,11,47,42,11:47:42,137,Tahap-3
01/23/2025,11,47,42,11:47:42,36,Tahap-3
01/23/2025,11,47,42,11:47:42,180,Tahap-3
01/23/2025,11,47,43,11:47:43,97,Tahap-3
01/23/2025,11,47,43,11:47:43,45,Tahap-3
01/23/2025,11,47,43,11:47:43,76,Tahap-3
01/23/2025,11,47,43,11:47:43,96,Tahap-3
01/23/2025,11,47,43,11:47:43,314,Tahap-3
01/23/2025,11,47,43,11:47:43,190,Tahap-3
01/23/2025,11,47,43,11:47:43,46,Tahap-3
01/23/2025,11,47,43,11:47:43,320,Tahap-3
01/23/2025,11,47,43,11:47:43,65,Tahap-3
01/23/2025,11,47,43,11:47:43,127,Tahap-3
01/23/2025,11,47,44,11:47:44,190,Tahap-3
01/23/2025,11,47,44,11:47:44,129,Tahap-3
01/23/2025,11,47,44,11:47:44,76,Tahap-3
01/23/2025,11,47,44,11:47:44,37,Tahap-3
01/23/2025,11,47,44,11:47:44,96,Tahap-3
01/23/2025,11,47,44,11:47:44,95,Tahap-3
01/23/2025,11,47,44,11:47:44,52,Tahap-3
01/23/2025,11,47,44,11:47:44,157,Tahap-3
01/23/2025,11,47,44,11:47:44,117,Tahap-3
01/23/2025,11,47,44,11:47:44,95,Tahap-3
01/23/2025,11,47,45,11:47:45,120,Tahap-3
01/23/2025,11,47,45,11:47:45,99,Tahap-3
01/23/2025,11,47,45,11:47:45,116,Tahap-3
01/23/2025,11,47,45,11:47:45,128,Tahap-3
01/23/2025,11,47,45,11:47:45,57,Tahap-3
01/23/2025,11,47,45,11:47:45,119,Tahap-3
01/23/2025,11,47,45,11:47:45,196,Tahap-3
01/23/2025,11,47,45,11:47:45,95,Tahap-3
01/23/2025,11,47,45,11:47:45,55,Tahap-3
01/23/2025,11,47,45,11:47:45,363,Tahap-3
01/23/2025,11,47,46,11:47:46,167,Tahap-3
01/23/2025,11,47,46,11:47:46,1605,Tahap-3
01/23/2025,11,47,46,11:47:46,52,Tahap-3
01/23/2025,11,47,46,11:47:46,465,Tahap-3
01/23/2025,11,47,46,11:47:46,137,Tahap-3
01/23/2025,11,47,46,11:47:46,85,Tahap-3
01/23/2025,11,47,46,11:47:46,43,Tahap-3
01/23/2025,11,47,46,11:47:46,57,Tahap-3
01/23/2025,11,47,46,11:47:46,29,Tahap-3
01/23/2025,11,47,46,11:47:46,34,Tahap-3
01/23/2025,11,47,47,11:47:47,25,Tahap-3
01/23/2025,11,47,47,11:47:47,52,Tahap-3
01/23/2025,11,47,47,11:47:47,103,Tahap-3
01/23/2025,11,47,47,11:47:47,26,Tahap-3
01/23/2025,11,47,47,11:47:47,96,Tahap-3
01/23/2025,11,47,47,11:47:47,79,Tahap-3
01/23/2025,11,47,47,11:47:47,445,Tahap-3
01/23/2025,11,47,47,11:47:47,1269,Tahap-3
01/23/2025,11,47,47,11:47:47,404,Tahap-3
01/23/2025,11,47,47,11:47:47,477,Tahap-3
01/23/2025,11,47,48,11:47:48,68,Tahap-3
01/23/2025,11,47,48,11:47:48,276,Tahap-3
01/23/2025,11,47,48,11:47:48,89,Tahap-3
01/23/2025,11,47,48,11:47:48,466,Tahap-3
01/23/2025,11,47,48,11:47:48,817,Tahap-3
01/23/2025,11,47,48,11:47:48,1455,Tahap-3
01/23/2025,11,47,48,11:47:48,414,Tahap-3
01/23/2025,11,47,48,11:47:48,398,Tahap-3
01/23/2025,11,47,48,11:47:48,438,Tahap-3
01/23/2025,11,47,48,11:47:48,223,Tahap-3
01/23/2025,11,47,49,11:47:49,251,Tahap-3
01/23/2025,11,47,49,11:47:49,217,Tahap-3
01/23/2025,11,47,49,11:47:49,142,Tahap-3
01/23/2025,11,47,49,11:47:49,75,Tahap-3
01/23/2025,11,47,49,11:47:49,62,Tahap-3
01/23/2025,11,47,49,11:47:49,196,Tahap-3
01/23/2025,11,47,49,11:47:49,68,Tahap-3
01/23/2025,11,47,49,11:47:49,78,Tahap-3
01/23/2025,11,47,49,11:47:49,206,Tahap-3
01/23/2025,11,47,49,11:47:49,117,Tahap-3
01/23/2025,11,47,50,11:47:50,245,Tahap-3
01/23/2025,11,47,50,11:47:50,398,Tahap-3
01/23/2025,11,47,50,11:47:50,202,Tahap-3
01/23/2025,11,47,50,11:47:50,332,Tahap-3
01/23/2025,11,47,50,11:47:50,405,Tahap-3
01/23/2025,11,47,50,11:47:50,139,Tahap-3
01/23/2025,11,47,50,11:47:50,556,Tahap-3
01/23/2025,11,47,50,11:47:50,183,Tahap-3
01/23/2025,11,47,50,11:47:50,858,Tahap-3
01/23/2025,11,47,50,11:47:50,539,Tahap-3
01/23/2025,11,47,51,11:47:51,428,Tahap-3
01/23/2025,11,47,51,11:47:51,210,Tahap-3
01/23/2025,11,47,51,11:47:51,257,Tahap-3
01/23/2025,11,47,51,11:47:51,265,Tahap-3
01/23/2025,11,47,51,11:47:51,230,Tahap-3
01/23/2025,11,47,51,11:47:51,406,Tahap-3
01/23/2025,11,47,51,11:47:51,298,Tahap-3
01/23/2025,11,47,51,11:47:51,326,Tahap-3
01/23/2025,11,47,51,11:47:51,253,Tahap-3
01/23/2025,11,47,51,11:47:51,1734,Tahap-3
01/23/2025,11,47,52,11:47:52,40,Tahap-3
01/23/2025,11,47,52,11:47:52,-16,Tahap-3
01/23/2025,11,47,52,11:47:52,-216,Tahap-3
01/23/2025,11,47,52,11:47:52,-16,Tahap-3
01/23/2025,11,47,52,11:47:52,-144,Tahap-3
01/23/2025,11,47,52,11:47:52,96,Tahap-3
01/23/2025,11,47,52,11:47:52,-104,Tahap-3
01/23/2025,11,47,52,11:47:52,-408,Tahap-3
01/23/2025,11,47,52,11:47:52,288,Tahap-3
01/23/2025,11,47,52,11:47:52,-80,Tahap-3
01/23/2025,11,47,53,11:47:53,-104,Tahap-3
01/23/2025,11,47,53,11:47:53,64,Tahap-3
01/23/2025,11,47,53,11:47:53,112,Tahap-3
01/23/2025,11,47,53,11:47:53,-424,Tahap-3
01/23/2025,11,47,53,11:47:53,120,Tahap-3
01/23/2025,11,47,53,11:47:53,-368,Tahap-3
01/23/2025,11,47,53,11:47:53,88,Tahap-3
01/23/2025,11,47,53,11:47:53,72,Tahap-3
01/23/2025,11,47,53,11:47:53,-304,Tahap-3
01/23/2025,11,47,53,11:47:53,-24,Tahap-3
01/23/2025,11,47,54,11:47:54,56,Tahap-3
01/23/2025,11,47,54,11:47:54,-296,Tahap-3
01/23/2025,11,47,54,11:47:54,-304,Tahap-3
01/23/2025,11,47,54,11:47:54,192,Tahap-3
01/23/2025,11,47,54,11:47:54,-280,Tahap-3
01/23/2025,11,47,54,11:47:54,-152,Tahap-3
01/23/2025,11,47,54,11:47:54,-48,Tahap-3
01/23/2025,11,47,54,11:47:54,-184,Tahap-3
01/23/2025,11,47,54,11:47:54,80,Tahap-3
01/23/2025,11,47,54,11:47:54,-448,Tahap-3
01/23/2025,11,47,55,11:47:55,40,Tahap-3
01/23/2025,11,47,55,11:47:55,-208,Tahap-3
01/23/2025,11,47,55,11:47:55,40,Tahap-3
01/23/2025,11,47,55,11:47:55,-392,Tahap-3
01/23/2025,11,47,55,11:47:55,80,Tahap-3
01/23/2025,11,47,55,11:47:55,-184,Tahap-3
01/23/2025,11,47,55,11:47:55,-96,Tahap-3
01/23/2025,11,47,55,11:47:55,-288,Tahap-3
01/23/2025,11,47,55,11:47:55,24,Tahap-3
01/23/2025,11,47,55,11:47:55,24,Tahap-3
01/23/2025,11,47,56,11:47:56,-424,Tahap-3
01/23/2025,11,47,56,11:47:56,-96,Tahap-3
01/23/2025,11,47,56,11:47:56,128,Tahap-3
01/23/2025,11,47,56,11:47:56,-376,Tahap-3
01/23/2025,11,47,56,11:47:56,-16,Tahap-3
01/23/2025,11,47,56,11:47:56,-168,Tahap-3
01/23/2025,11,47,56,11:47:56,-136,Tahap-3
01/23/2025,11,47,56,11:47:56,-208,Tahap-3
01/23/2025,11,47,56,11:47:56,-104,Tahap-3
01/23/2025,11,47,56,11:47:56,-144,Tahap-3
01/23/2025,11,47,57,11:47:57,104,Tahap-3
01/23/2025,11,47,57,11:47:57,-352,Tahap-3
01/23/2025,11,47,57,11:47:57,48,Tahap-3
01/23/2025,11,47,57,11:47:57,120,Tahap-3
01/23/2025,11,47,57,11:47:57,-16,Tahap-3
01/23/2025,11,47,57,11:47:57,-336,Tahap-3
01/23/2025,11,47,57,11:47:57,112,Tahap-3
01/23/2025,11,47,57,11:47:57,-264,Tahap-3
01/23/2025,11,47,57,11:47:57,16,Tahap-3
01/23/2025,11,47,57,11:47:57,-184,Tahap-3
01/23/2025,11,47,58,11:47:58,128,Tahap-3
01/23/2025,11,47,58,11:47:58,16,Tahap-3
01/23/2025,11,47,58,11:47:58,-240,Tahap-3
01/23/2025,11,47,58,11:47:58,8,Tahap-3
01/23/2025,11,47,58,11:47:58,56,Tahap-3
01/23/2025,11,47,58,11:47:58,-112,Tahap-3
01/23/2025,11,47,58,11:47:58,16,Tahap-3
01/23/2025,11,47,58,11:47:58,-136,Tahap-3
01/23/2025,11,47,58,11:47:58,104,Tahap-3
01/23/2025,11,47,58,11:47:58,-232,Tahap-3
01/23/2025,11,47,59,11:47:59,-96,Tahap-3
01/23/2025,11,47,59,11:47:59,-176,Tahap-3
01/23/2025,11,47,59,11:47:59,416,Tahap-3
01/23/2025,11,47,59,11:47:59,-376,Tahap-3
01/23/2025,11,47,59,11:47:59,64,Tahap-3
01/23/2025,11,47,59,11:47:59,72,Tahap-3
01/23/2025,11,47,59,11:47:59,-136,Tahap-3
01/23/2025,11,47,59,11:47:59,-136,Tahap-3
01/23/2025,11,47,59,11:47:59,112,Tahap-3
01/23/2025,11,47,59,11:47:59,-264,Tahap-3
01/23/2025,11,48,1,11:48:01,96,Tahap-3
01/23/2025,11,48,1,11:48:01,-248,Tahap-3
01/23/2025,11,48,1,11:48:01,16,Tahap-3
01/23/2025,11,48,1,11:48:01,-96,Tahap-3
01/23/2025,11,48,1,11:48:01,352,Tahap-3
01/23/2025,11,48,1,11:48:01,-144,Tahap-3
01/23/2025,11,48,1,11:48:01,280,Tahap-3
01/23/2025,11,48,1,11:48:01,-48,Tahap-3
01/23/2025,11,48,1,11:48:01,152,Tahap-3
01/23/2025,11,48,1,11:48:01,-152,Tahap-3
01/23/2025,11,48,2,11:48:02,176,Tahap-3
01/23/2025,11,48,2,11:48:02,16,Tahap-3
01/23/2025,11,48,2,11:48:02,296,Tahap-3
01/23/2025,11,48,2,11:48:02,-168,Tahap-3
01/23/2025,11,48,2,11:48:02,152,Tahap-3
01/23/2025,11,48,2,11:48:02,400,Tahap-3
01/23/2025,11,48,2,11:48:02,-56,Tahap-3
01/23/2025,11,48,2,11:48:02,144,Tahap-3
01/23/2025,11,48,2,11:48:02,448,Tahap-3
01/23/2025,11,48,2,11:48:02,-32,Tahap-3
01/23/2025,11,48,3,11:48:03,208,Tahap-3
01/23/2025,11,48,3,11:48:03,304,Tahap-3
01/23/2025,11,48,3,11:48:03,176,Tahap-3
01/23/2025,11,48,3,11:48:03,240,Tahap-3
01/23/2025,11,48,3,11:48:03,248,Tahap-3
01/23/2025,11,48,3,11:48:03,56,Tahap-3
01/23/2025,11,48,3,11:48:03,528,Tahap-3
01/23/2025,11,48,3,11:48:03,152,Tahap-3
01/23/2025,11,48,3,11:48:03,144,Tahap-3
01/23/2025,11,48,3,11:48:03,376,Tahap-3
01/23/2025,11,48,3,11:48:03,352,Tahap-3
01/23/2025,11,48,4,11:48:04,-56,Tahap-3
01/23/2025,11,48,4,11:48:04,360,Tahap-3
01/23/2025,11,48,4,11:48:04,264,Tahap-3
01/23/2025,11,48,4,11:48:04,96,Tahap-3
01/23/2025,11,48,4,11:48:04,184,Tahap-3
01/23/2025,11,48,4,11:48:04,160,Tahap-3
01/23/2025,11,48,4,11:48:04,496,Tahap-3
01/23/2025,11,48,4,11:48:04,128,Tahap-3
01/23/2025,11,48,29,11:48:29,5131,Tahap-3
01/23/2025,11,48,29,11:48:29,2693,Tahap-3
01/23/2025,11,48,29,11:48:29,2068,Tahap-3
01/23/2025,11,48,29,11:48:29,839,Tahap-3
01/23/2025,11,48,29,11:48:29,1041,Tahap-3
01/23/2025,11,48,29,11:48:29,597,Tahap-3
01/23/2025,11,48,29,11:48:29,774,Tahap-3
01/23/2025,11,48,29,11:48:29,688,Tahap-3
01/23/2025,11,48,30,11:48:30,390,Tahap-3
01/23/2025,11,48,30,11:48:30,467,Tahap-3
01/23/2025,11,48,30,11:48:30,337,Tahap-3
01/23/2025,11,48,30,11:48:30,298,Tahap-3
01/23/2025,11,48,30,11:48:30,330,Tahap-3
01/23/2025,11,48,30,11:48:30,351,Tahap-3
01/23/2025,11,48,30,11:48:30,213,Tahap-3
01/23/2025,11,48,30,11:48:30,284,Tahap-3
01/23/2025,11,48,30,11:48:30,324,Tahap-3
01/23/2025,11,48,30,11:48:30,203,Tahap-3
01/23/2025,11,48,31,11:48:31,136,Tahap-3
01/23/2025,11,48,31,11:48:31,89,Tahap-3
01/23/2025,11,48,31,11:48:31,88,Tahap-3
01/23/2025,11,48,31,11:48:31,112,Tahap-3
01/23/2025,11,48,31,11:48:31,271,Tahap-3
01/23/2025,11,48,31,11:48:31,453,Tahap-3
01/23/2025,11,48,31,11:48:31,323,Tahap-3
01/23/2025,11,48,31,11:48:31,227,Tahap-3
01/23/2025,11,48,31,11:48:31,171,Tahap-3
01/23/2025,11,48,31,11:48:31,272,Tahap-3
01/23/2025,11,48,32,11:48:32,128,Tahap-3
01/23/2025,11,48,32,11:48:32,332,Tahap-3
01/23/2025,11,48,32,11:48:32,197,Tahap-3
01/23/2025,11,48,32,11:48:32,132,Tahap-3
01/23/2025,11,48,32,11:48:32,114,Tahap-3
01/23/2025,11,48,32,11:48:32,110,Tahap-3
01/23/2025,11,48,32,11:48:32,259,Tahap-3
01/23/2025,11,48,32,11:48:32,392,Tahap-3
01/23/2025,11,48,32,11:48:32,67,Tahap-3
01/23/2025,11,48,32,11:48:32,130,Tahap-3
01/23/2025,11,48,33,11:48:33,96,Tahap-3
01/23/2025,11,48,33,11:48:33,266,Tahap-3
01/23/2025,11,48,33,11:48:33,207,Tahap-3
01/23/2025,11,48,33,11:48:33,208,Tahap-3
01/23/2025,11,48,33,11:48:33,325,Tahap-3
01/23/2025,11,48,33,11:48:33,161,Tahap-3
01/23/2025,11,48,33,11:48:33,154,Tahap-3
01/23/2025,11,48,33,11:48:33,30,Tahap-3
01/23/2025,11,48,33,11:48:33,244,Tahap-3
01/23/2025,11,48,33,11:48:33,116,Tahap-3
01/23/2025,11,48,34,11:48:34,147,Tahap-3
01/23/2025,11,48,34,11:48:34,184,Tahap-3
01/23/2025,11,48,34,11:48:34,145,Tahap-3
01/23/2025,11,48,34,11:48:34,103,Tahap-3
01/23/2025,11,48,34,11:48:34,137,Tahap-3
01/23/2025,11,48,34,11:48:34,33,Tahap-3
01/23/2025,11,48,34,11:48:34,139,Tahap-3
01/23/2025,11,48,34,11:48:34,107,Tahap-3
01/23/2025,11,48,34,11:48:34,212,Tahap-3
01/23/2025,11,48,34,11:48:34,142,Tahap-3
01/23/2025,11,48,35,11:48:35,164,Tahap-3
01/23/2025,11,48,35,11:48:35,182,Tahap-3
01/23/2025,11,48,35,11:48:35,80,Tahap-3
01/23/2025,11,48,35,11:48:35,108,Tahap-3
01/23/2025,11,48,35,11:48:35,106,Tahap-3
01/23/2025,11,48,35,11:48:35,249,Tahap-3
01/23/2025,11,48,35,11:48:35,126,Tahap-3
01/23/2025,11,48,35,11:48:35,203,Tahap-3
01/23/2025,11,48,35,11:48:35,385,Tahap-3
01/23/2025,11,48,35,11:48:35,182,Tahap-3
01/23/2025,11,48,36,11:48:36,235,Tahap-3
01/23/2025,11,48,36,11:48:36,898,Tahap-3
01/23/2025,11,48,36,11:48:36,445,Tahap-3
01/23/2025,11,48,36,11:48:36,445,Tahap-3
01/23/2025,11,48,36,11:48:36,289,Tahap-3
01/23/2025,11,48,36,11:48:36,336,Tahap-3
01/23/2025,11,48,36,11:48:36,61,Tahap-3
01/23/2025,11,48,36,11:48:36,285,Tahap-3
01/23/2025,11,48,36,11:48:36,164,Tahap-3
01/23/2025,11,48,36,11:48:36,191,Tahap-3
01/23/2025,11,48,37,11:48:37,287,Tahap-3
01/23/2025,11,48,37,11:48:37,200,Tahap-3
01/23/2025,11,48,37,11:48:37,194,Tahap-3
01/23/2025,11,48,37,11:48:37,237,Tahap-3
01/23/2025,11,48,37,11:48:37,57,Tahap-3
01/23/2025,11,48,37,11:48:37,350,Tahap-3
01/23/2025,11,48,37,11:48:37,1126,Tahap-3
01/23/2025,11,48,37,11:48:37,777,Tahap-3
01/23/2025,11,48,37,11:48:37,144,Tahap-3
01/23/2025,11,48,37,11:48:37,346,Tahap-3
01/23/2025,11,48,38,11:48:38,415,Tahap-3
01/23/2025,11,48,38,11:48:38,193,Tahap-3
01/23/2025,11,48,38,11:48:38,375,Tahap-3
01/23/2025,11,48,38,11:48:38,616,Tahap-3
01/23/2025,11,48,38,11:48:38,796,Tahap-3
01/23/2025,11,48,38,11:48:38,1213,Tahap-3
01/23/2025,11,48,38,11:48:38,650,Tahap-3
01/23/2025,11,48,38,11:48:38,353,Tahap-3
01/23/2025,11,48,38,11:48:38,377,Tahap-3
01/23/2025,11,48,38,11:48:38,363,Tahap-3
01/23/2025,11,48,39,11:48:39,404,Tahap-3
01/23/2025,11,48,39,11:48:39,238,Tahap-3
01/23/2025,11,48,39,11:48:39,101,Tahap-3
