Tanggal,Jam,Menit,Detik,Waktu,frekuensi,label
01/16/2025,11,20,26,11:20:26,-34,Tahap-3
01/16/2025,11,20,26,11:20:26,22,Tahap-3
01/16/2025,11,20,26,11:20:26,2,Tahap-3
01/16/2025,11,20,26,11:20:26,-14,Tahap-3
01/16/2025,11,20,26,11:20:26,-4,Tahap-3
01/16/2025,11,20,26,11:20:26,10,Tahap-3
01/16/2025,11,20,26,11:20:26,-10,Tahap-3
01/16/2025,11,20,26,11:20:26,-10,Tahap-3
01/16/2025,11,20,26,11:20:26,-64,Tahap-3
01/16/2025,11,20,26,11:20:26,52,Tahap-3
01/16/2025,11,20,26,11:20:26,18,Tahap-3
01/16/2025,11,20,26,11:20:26,-30,Tahap-3
01/16/2025,11,20,26,11:20:26,80,Tahap-3
01/16/2025,11,20,26,11:20:26,40,Tahap-3
01/16/2025,11,20,26,11:20:26,40,Tahap-3
01/16/2025,11,20,26,11:20:26,50,Tahap-3
01/16/2025,11,20,26,11:20:26,50,Tahap-3
01/16/2025,11,20,26,11:20:26,68,Tahap-3
01/16/2025,11,20,26,11:20:26,100,Tahap-3
01/16/2025,11,20,26,11:20:26,16,Tahap-3
01/16/2025,11,20,26,11:20:26,120,Tahap-3
01/16/2025,11,20,26,11:20:26,114,Tahap-3
01/16/2025,11,20,26,11:20:26,46,Tahap-3
01/16/2025,11,20,26,11:20:26,144,Tahap-3
01/16/2025,11,20,26,11:20:26,118,Tahap-3
01/16/2025,11,20,26,11:20:26,92,Tahap-3
01/16/2025,11,20,27,11:20:27,128,Tahap-3
01/16/2025,11,20,27,11:20:27,110,Tahap-3
01/16/2025,11,20,27,11:20:27,134,Tahap-3
01/16/2025,11,20,27,11:20:27,124,Tahap-3
01/16/2025,11,20,27,11:20:27,72,Tahap-3
01/16/2025,11,20,27,11:20:27,188,Tahap-3
01/16/2025,11,20,27,11:20:27,140,Tahap-3
01/16/2025,11,20,27,11:20:27,104,Tahap-3
01/16/2025,11,20,27,11:20:27,180,Tahap-3
01/16/2025,11,20,27,11:20:27,174,Tahap-3
01/16/2025,11,20,28,11:20:28,136,Tahap-3
01/16/2025,11,20,28,11:20:28,158,Tahap-3
01/16/2025,11,20,28,11:20:28,184,Tahap-3
01/16/2025,11,20,28,11:20:28,132,Tahap-3
01/16/2025,11,20,28,11:20:28,180,Tahap-3
01/16/2025,11,20,28,11:20:28,94,Tahap-3
01/16/2025,11,20,28,11:20:28,264,Tahap-3
01/16/2025,11,20,28,11:20:28,128,Tahap-3
01/16/2025,11,20,28,11:20:28,186,Tahap-3
01/16/2025,11,20,28,11:20:28,188,Tahap-3
01/16/2025,11,20,29,11:20:29,156,Tahap-3
01/16/2025,11,20,29,11:20:29,158,Tahap-3
01/16/2025,11,20,29,11:20:29,148,Tahap-3
01/16/2025,11,20,29,11:20:29,176,Tahap-3
01/16/2025,11,20,29,11:20:29,140,Tahap-3
01/16/2025,11,20,29,11:20:29,138,Tahap-3
01/16/2025,11,20,29,11:20:29,114,Tahap-3
01/16/2025,11,20,29,11:20:29,220,Tahap-3
01/16/2025,11,20,29,11:20:29,72,Tahap-3
01/16/2025,11,20,29,11:20:29,116,Tahap-3
01/16/2025,11,20,30,11:20:30,144,Tahap-3
01/16/2025,11,20,30,11:20:30,74,Tahap-3
01/16/2025,11,20,30,11:20:30,118,Tahap-3
01/16/2025,11,20,30,11:20:30,84,Tahap-3
01/16/2025,11,20,30,11:20:30,106,Tahap-3
01/16/2025,11,20,30,11:20:30,112,Tahap-3
01/16/2025,11,20,30,11:20:30,24,Tahap-3
01/16/2025,11,20,30,11:20:30,88,Tahap-3
01/16/2025,11,20,30,11:20:30,100,Tahap-3
01/16/2025,11,20,30,11:20:30,32,Tahap-3
01/16/2025,11,20,31,11:20:31,102,Tahap-3
01/16/2025,11,20,31,11:20:31,76,Tahap-3
01/16/2025,11,20,31,11:20:31,40,Tahap-3
01/16/2025,11,20,31,11:20:31,62,Tahap-3
01/16/2025,11,20,31,11:20:31,70,Tahap-3
01/16/2025,11,20,31,11:20:31,34,Tahap-3
01/16/2025,11,20,31,11:20:31,72,Tahap-3
01/16/2025,11,20,31,11:20:31,-38,Tahap-3
01/16/2025,11,20,31,11:20:31,32,Tahap-3
01/16/2025,11,20,31,11:20:31,50,Tahap-3
01/16/2025,11,20,32,11:20:32,-20,Tahap-3
01/16/2025,11,20,32,11:20:32,78,Tahap-3
01/16/2025,11,20,32,11:20:32,40,Tahap-3
01/16/2025,11,20,32,11:20:32,14,Tahap-3
01/16/2025,11,20,32,11:20:32,54,Tahap-3
01/16/2025,11,20,32,11:20:32,36,Tahap-3
01/16/2025,11,20,32,11:20:32,12,Tahap-3
01/16/2025,11,20,32,11:20:32,-14,Tahap-3
01/16/2025,11,20,32,11:20:32,34,Tahap-3
01/16/2025,11,20,33,11:20:33,106,Tahap-3
01/16/2025,11,20,33,11:20:33,2,Tahap-3
01/16/2025,11,20,33,11:20:33,98,Tahap-3
01/16/2025,11,20,33,11:20:33,56,Tahap-3
01/16/2025,11,20,33,11:20:33,76,Tahap-3
01/16/2025,11,20,33,11:20:33,62,Tahap-3
01/16/2025,11,20,33,11:20:33,102,Tahap-3
01/16/2025,11,20,33,11:20:33,68,Tahap-3
01/16/2025,11,20,33,11:20:33,88,Tahap-3
01/16/2025,11,20,33,11:20:33,60,Tahap-3
01/16/2025,11,20,34,11:20:34,88,Tahap-3
01/16/2025,11,20,34,11:20:34,130,Tahap-3
01/16/2025,11,20,34,11:20:34,64,Tahap-3
01/16/2025,11,20,34,11:20:34,162,Tahap-3
01/16/2025,11,20,34,11:20:34,148,Tahap-3
01/16/2025,11,20,34,11:20:34,100,Tahap-3
01/16/2025,11,20,34,11:20:34,112,Tahap-3
01/16/2025,11,20,34,11:20:34,142,Tahap-3
01/16/2025,11,20,34,11:20:34,148,Tahap-3
01/16/2025,11,20,34,11:20:34,134,Tahap-3
01/16/2025,11,20,35,11:20:35,118,Tahap-3
01/16/2025,11,20,35,11:20:35,154,Tahap-3
01/16/2025,11,20,35,11:20:35,178,Tahap-3
01/16/2025,11,20,35,11:20:35,134,Tahap-3
01/16/2025,11,20,35,11:20:35,246,Tahap-3
01/16/2025,11,20,35,11:20:35,176,Tahap-3
01/16/2025,11,20,35,11:20:35,206,Tahap-3
01/16/2025,11,20,35,11:20:35,168,Tahap-3
01/16/2025,11,20,35,11:20:35,242,Tahap-3
01/16/2025,11,20,35,11:20:35,214,Tahap-3
01/16/2025,11,20,36,11:20:36,226,Tahap-3
01/16/2025,11,20,36,11:20:36,180,Tahap-3
01/16/2025,11,20,36,11:20:36,240,Tahap-3
01/16/2025,11,21,1,11:21:01,431,Tahap-3
01/16/2025,11,21,1,11:21:01,40,Tahap-3
01/16/2025,11,21,1,11:21:01,155,Tahap-3
01/16/2025,11,21,1,11:21:01,212,Tahap-3
01/16/2025,11,21,1,11:21:01,69,Tahap-3
01/16/2025,11,21,1,11:21:01,188,Tahap-3
01/16/2025,11,21,1,11:21:01,7,Tahap-3
01/16/2025,11,21,1,11:21:01,153,Tahap-3
01/16/2025,11,21,1,11:21:01,48,Tahap-3
01/16/2025,11,21,1,11:21:01,34,Tahap-3
01/16/2025,11,21,2,11:21:02,128,Tahap-3
01/16/2025,11,21,2,11:21:02,61,Tahap-3
01/16/2025,11,21,2,11:21:02,113,Tahap-3
01/16/2025,11,21,2,11:21:02,45,Tahap-3
01/16/2025,11,21,2,11:21:02,83,Tahap-3
01/16/2025,11,21,2,11:21:02,92,Tahap-3
01/16/2025,11,21,2,11:21:02,30,Tahap-3
01/16/2025,11,21,2,11:21:02,168,Tahap-3
01/16/2025,11,21,2,11:21:02,103,Tahap-3
01/16/2025,11,21,2,11:21:02,82,Tahap-3
01/16/2025,11,21,3,11:21:03,84,Tahap-3
01/16/2025,11,21,3,11:21:03,84,Tahap-3
01/16/2025,11,21,3,11:21:03,140,Tahap-3
01/16/2025,11,21,3,11:21:03,652,Tahap-3
01/16/2025,11,21,3,11:21:03,277,Tahap-3
01/16/2025,11,21,3,11:21:03,240,Tahap-3
01/16/2025,11,21,3,11:21:03,90,Tahap-3
01/16/2025,11,21,3,11:21:03,177,Tahap-3
01/16/2025,11,21,3,11:21:03,29,Tahap-3
01/16/2025,11,21,3,11:21:03,66,Tahap-3
01/16/2025,11,21,4,11:21:04,52,Tahap-3
01/16/2025,11,21,4,11:21:04,96,Tahap-3
01/16/2025,11,21,4,11:21:04,130,Tahap-3
01/16/2025,11,21,4,11:21:04,174,Tahap-3
01/16/2025,11,21,4,11:21:04,72,Tahap-3
01/16/2025,11,21,4,11:21:04,33,Tahap-3
01/16/2025,11,21,4,11:21:04,15,Tahap-3
01/16/2025,11,21,4,11:21:04,105,Tahap-3
01/16/2025,11,21,4,11:21:04,41,Tahap-3
01/16/2025,11,21,4,11:21:04,54,Tahap-3
01/16/2025,11,21,5,11:21:05,84,Tahap-3
01/16/2025,11,21,5,11:21:05,49,Tahap-3
01/16/2025,11,21,5,11:21:05,73,Tahap-3
01/16/2025,11,21,5,11:21:05,187,Tahap-3
01/16/2025,11,21,5,11:21:05,62,Tahap-3
01/16/2025,11,21,5,11:21:05,194,Tahap-3
01/16/2025,11,21,5,11:21:05,53,Tahap-3
01/16/2025,11,21,5,11:21:05,57,Tahap-3
01/16/2025,11,21,5,11:21:05,133,Tahap-3
01/16/2025,11,21,5,11:21:05,271,Tahap-3
01/16/2025,11,21,6,11:21:06,346,Tahap-3
01/16/2025,11,21,6,11:21:06,378,Tahap-3
01/16/2025,11,21,6,11:21:06,187,Tahap-3
01/16/2025,11,21,6,11:21:06,21,Tahap-3
01/16/2025,11,21,6,11:21:06,57,Tahap-3
01/16/2025,11,21,6,11:21:06,261,Tahap-3
01/16/2025,11,21,6,11:21:06,211,Tahap-3
01/16/2025,11,21,6,11:21:06,47,Tahap-3
01/16/2025,11,21,6,11:21:06,157,Tahap-3
01/16/2025,11,21,6,11:21:06,97,Tahap-3
01/16/2025,11,21,7,11:21:07,127,Tahap-3
01/16/2025,11,21,7,11:21:07,97,Tahap-3
01/16/2025,11,21,7,11:21:07,193,Tahap-3
01/16/2025,11,21,7,11:21:07,66,Tahap-3
01/16/2025,11,21,7,11:21:07,96,Tahap-3
01/16/2025,11,21,7,11:21:07,81,Tahap-3
01/16/2025,11,21,7,11:21:07,133,Tahap-3
01/16/2025,11,21,7,11:21:07,136,Tahap-3
01/16/2025,11,21,7,11:21:07,169,Tahap-3
01/16/2025,11,21,7,11:21:07,134,Tahap-3
01/16/2025,11,21,8,11:21:08,248,Tahap-3
01/16/2025,11,21,8,11:21:08,103,Tahap-3
01/16/2025,11,21,8,11:21:08,115,Tahap-3
01/16/2025,11,21,8,11:21:08,210,Tahap-3
01/16/2025,11,21,8,11:21:08,4,Tahap-3
01/16/2025,11,21,8,11:21:08,111,Tahap-3
01/16/2025,11,21,8,11:21:08,165,Tahap-3
01/16/2025,11,21,8,11:21:08,170,Tahap-3
01/16/2025,11,21,8,11:21:08,303,Tahap-3
01/16/2025,11,21,8,11:21:08,182,Tahap-3
01/16/2025,11,21,9,11:21:09,207,Tahap-3
01/16/2025,11,21,9,11:21:09,56,Tahap-3
01/16/2025,11,21,9,11:21:09,28,Tahap-3
01/16/2025,11,21,9,11:21:09,283,Tahap-3
01/16/2025,11,21,9,11:21:09,109,Tahap-3
01/16/2025,11,21,9,11:21:09,215,Tahap-3
01/16/2025,11,21,9,11:21:09,137,Tahap-3
01/16/2025,11,21,9,11:21:09,235,Tahap-3
01/16/2025,11,21,9,11:21:09,100,Tahap-3
01/16/2025,11,21,9,11:21:09,367,Tahap-3
01/16/2025,11,21,10,11:21:10,65,Tahap-3
01/16/2025,11,21,10,11:21:10,122,Tahap-3
01/16/2025,11,21,10,11:21:10,201,Tahap-3
01/16/2025,11,21,10,11:21:10,188,Tahap-3
01/16/2025,11,21,10,11:21:10,137,Tahap-3
01/16/2025,11,21,10,11:21:10,145,Tahap-3
01/16/2025,11,21,10,11:21:10,179,Tahap-3
01/16/2025,11,21,10,11:21:10,57,Tahap-3
01/16/2025,11,21,10,11:21:10,55,Tahap-3
01/16/2025,11,21,10,11:21:10,142,Tahap-3
01/16/2025,11,21,11,11:21:11,47,Tahap-3
01/16/2025,11,21,11,11:21:11,80,Tahap-3
01/16/2025,11,21,11,11:21:11,46,Tahap-3
01/16/2025,11,21,11,11:21:11,326,Tahap-3
01/16/2025,11,21,11,11:21:11,98,Tahap-3
01/16/2025,11,21,11,11:21:11,265,Tahap-3
01/16/2025,11,21,11,11:21:11,18,Tahap-3
01/16/2025,11,21,11,11:21:11,130,Tahap-3
01/16/2025,11,21,11,11:21:11,226,Tahap-3
01/16/2025,11,21,11,11:21:11,130,Tahap-3
01/16/2025,11,21,12,11:21:12,120,Tahap-3
01/16/2025,11,21,12,11:21:12,407,Tahap-3
01/16/2025,11,21,12,11:21:12,223,Tahap-3
01/16/2025,11,21,12,11:21:12,327,Tahap-3
01/16/2025,11,21,12,11:21:12,256,Tahap-3
01/16/2025,11,21,12,11:21:12,385,Tahap-3
01/16/2025,11,21,12,11:21:12,664,Tahap-3
01/16/2025,11,21,12,11:21:12,263,Tahap-3
01/16/2025,11,21,12,11:21:12,348,Tahap-3
01/16/2025,11,21,12,11:21:12,135,Tahap-3
01/16/2025,11,21,13,11:21:13,214,Tahap-3
01/16/2025,11,21,13,11:21:13,211,Tahap-3
01/16/2025,11,21,13,11:21:13,119,Tahap-3
01/16/2025,11,21,13,11:21:13,324,Tahap-3
01/16/2025,11,21,13,11:21:13,64,Tahap-3
01/16/2025,11,21,13,11:21:13,104,Tahap-3
01/16/2025,11,21,13,11:21:13,-24,Tahap-3
01/16/2025,11,21,13,11:21:13,80,Tahap-3
01/16/2025,11,21,13,11:21:13,120,Tahap-3
01/16/2025,11,21,13,11:21:13,224,Tahap-3
01/16/2025,11,21,14,11:21:14,48,Tahap-3
01/16/2025,11,21,14,11:21:14,-56,Tahap-3
01/16/2025,11,21,14,11:21:14,-24,Tahap-3
01/16/2025,11,21,14,11:21:14,-72,Tahap-3
01/16/2025,11,21,14,11:21:14,48,Tahap-3
01/16/2025,11,21,14,11:21:14,-48,Tahap-3
01/16/2025,11,21,14,11:21:14,-16,Tahap-3
01/16/2025,11,21,14,11:21:14,40,Tahap-3
01/16/2025,11,21,14,11:21:14,88,Tahap-3
01/16/2025,11,21,14,11:21:14,80,Tahap-3
01/16/2025,11,21,15,11:21:15,-72,Tahap-3
01/16/2025,11,21,15,11:21:15,-104,Tahap-3
01/16/2025,11,21,15,11:21:15,-16,Tahap-3
01/16/2025,11,21,15,11:21:15,-80,Tahap-3
01/16/2025,11,21,15,11:21:15,-120,Tahap-3
01/16/2025,11,21,15,11:21:15,-72,Tahap-3
01/16/2025,11,21,15,11:21:15,-104,Tahap-3
01/16/2025,11,21,15,11:21:15,16,Tahap-3
01/16/2025,11,21,15,11:21:15,-72,Tahap-3
01/16/2025,11,21,15,11:21:15,-24,Tahap-3
01/16/2025,11,21,16,11:21:16,-168,Tahap-3
01/16/2025,11,21,16,11:21:16,64,Tahap-3
01/16/2025,11,21,16,11:21:16,-72,Tahap-3
01/16/2025,11,21,16,11:21:16,-80,Tahap-3
01/16/2025,11,21,16,11:21:16,-200,Tahap-3
01/16/2025,11,21,16,11:21:16,16,Tahap-3
01/16/2025,11,21,16,11:21:16,16,Tahap-3
01/16/2025,11,21,16,11:21:16,64,Tahap-3
01/16/2025,11,21,16,11:21:16,40,Tahap-3
01/16/2025,11,21,16,11:21:16,-168,Tahap-3
01/16/2025,11,21,17,11:21:17,-80,Tahap-3
01/16/2025,11,21,17,11:21:17,-56,Tahap-3
01/16/2025,11,21,17,11:21:17,-72,Tahap-3
01/16/2025,11,21,17,11:21:17,-40,Tahap-3
01/16/2025,11,21,17,11:21:17,-8,Tahap-3
01/16/2025,11,21,17,11:21:17,-72,Tahap-3
01/16/2025,11,21,17,11:21:17,24,Tahap-3
01/16/2025,11,21,17,11:21:17,128,Tahap-3
01/16/2025,11,21,17,11:21:17,-24,Tahap-3
01/16/2025,11,21,17,11:21:17,-160,Tahap-3
01/16/2025,11,21,18,11:21:18,8,Tahap-3
01/16/2025,11,21,18,11:21:18,-128,Tahap-3
01/16/2025,11,21,18,11:21:18,8,Tahap-3
01/16/2025,11,21,18,11:21:18,-192,Tahap-3
01/16/2025,11,21,18,11:21:18,-40,Tahap-3
01/16/2025,11,21,18,11:21:18,56,Tahap-3
01/16/2025,11,21,18,11:21:18,80,Tahap-3
01/16/2025,11,21,18,11:21:18,16,Tahap-3
01/16/2025,11,21,18,11:21:18,-176,Tahap-3
01/16/2025,11,21,19,11:21:19,-80,Tahap-3
01/16/2025,11,21,19,11:21:19,-8,Tahap-3
01/16/2025,11,21,19,11:21:19,-240,Tahap-3
01/16/2025,11,21,19,11:21:19,32,Tahap-3
01/16/2025,11,21,19,11:21:19,-88,Tahap-3
01/16/2025,11,21,19,11:21:19,120,Tahap-3
01/16/2025,11,21,19,11:21:19,-8,Tahap-3
01/16/2025,11,21,19,11:21:19,-320,Tahap-3
01/16/2025,11,21,19,11:21:19,-8,Tahap-3
01/16/2025,11,21,20,11:21:20,-160,Tahap-3
01/16/2025,11,21,20,11:21:20,8,Tahap-3
01/16/2025,11,21,20,11:21:20,-64,Tahap-3
01/16/2025,11,21,20,11:21:20,32,Tahap-3
01/16/2025,11,21,20,11:21:20,8,Tahap-3
01/16/2025,11,21,20,11:21:20,8,Tahap-3
01/16/2025,11,21,20,11:21:20,-56,Tahap-3
01/16/2025,11,21,20,11:21:20,-192,Tahap-3
01/16/2025,11,21,20,11:21:20,-128,Tahap-3
01/16/2025,11,21,20,11:21:20,-160,Tahap-3
01/16/2025,11,21,20,11:21:20,88,Tahap-3
01/16/2025,11,21,21,11:21:21,-208,Tahap-3
01/16/2025,11,21,21,11:21:21,72,Tahap-3
01/16/2025,11,21,21,11:21:21,-144,Tahap-3
01/16/2025,11,21,21,11:21:21,-144,Tahap-3
01/16/2025,11,21,21,11:21:21,-56,Tahap-3
01/16/2025,11,21,21,11:21:21,-216,Tahap-3
01/16/2025,11,21,21,11:21:21,-136,Tahap-3
01/16/2025,11,21,21,11:21:21,-72,Tahap-3
01/16/2025,11,21,21,11:21:21,-152,Tahap-3
01/16/2025,11,21,22,11:21:22,64,Tahap-3
01/16/2025,11,21,22,11:21:22,-160,Tahap-3
01/16/2025,11,21,22,11:21:22,120,Tahap-3
01/16/2025,11,21,22,11:21:22,-72,Tahap-3
01/16/2025,11,21,22,11:21:22,-136,Tahap-3
01/16/2025,11,21,22,11:21:22,-200,Tahap-3
01/16/2025,11,21,22,11:21:22,-48,Tahap-3
01/16/2025,11,21,22,11:21:22,-168,Tahap-3
01/16/2025,11,21,22,11:21:22,-120,Tahap-3
01/16/2025,11,21,22,11:21:22,-40,Tahap-3
01/16/2025,11,21,23,11:21:23,48,Tahap-3
01/16/2025,11,21,23,11:21:23,-32,Tahap-3
01/16/2025,11,21,23,11:21:23,-16,Tahap-3
01/16/2025,11,21,23,11:21:23,-144,Tahap-3
01/16/2025,11,21,23,11:21:23,-80,Tahap-3
01/16/2025,11,21,23,11:21:23,-216,Tahap-3
01/16/2025,11,21,23,11:21:23,24,Tahap-3
01/16/2025,11,21,23,11:21:23,-112,Tahap-3
01/16/2025,11,21,23,11:21:23,-80,Tahap-3
01/16/2025,11,21,23,11:21:23,-40,Tahap-3
01/16/2025,11,21,24,11:21:24,-160,Tahap-3
01/16/2025,11,21,24,11:21:24,-64,Tahap-3
01/16/2025,11,21,24,11:21:24,-72,Tahap-3
01/16/2025,11,21,24,11:21:24,-32,Tahap-3
01/16/2025,11,21,25,11:21:25,-128,Tahap-3
01/16/2025,11,21,25,11:21:25,-168,Tahap-3
01/16/2025,11,21,25,11:21:25,16,Tahap-3
01/16/2025,11,21,25,11:21:25,-32,Tahap-3
01/16/2025,11,21,25,11:21:25,-88,Tahap-3
01/16/2025,11,21,25,11:21:25,-56,Tahap-3
01/16/2025,11,21,25,11:21:25,-96,Tahap-3
01/16/2025,11,21,25,11:21:25,-96,Tahap-3
01/16/2025,11,21,25,11:21:25,-40,Tahap-3
01/16/2025,11,21,25,11:21:25,-40,Tahap-3
01/16/2025,11,21,25,11:21:25,-96,Tahap-3
01/16/2025,11,21,25,11:21:25,-120,Tahap-3
01/16/2025,11,21,25,11:21:25,56,Tahap-3
01/16/2025,11,21,25,11:21:25,-80,Tahap-3
01/16/2025,11,21,25,11:21:25,88,Tahap-3
01/16/2025,11,21,25,11:21:25,-72,Tahap-3
01/16/2025,11,21,26,11:21:26,16,Tahap-3
01/16/2025,11,21,26,11:21:26,-88,Tahap-3
01/16/2025,11,21,50,11:21:50,1417,Tahap-3
01/16/2025,11,21,50,11:21:50,605,Tahap-3
01/16/2025,11,21,50,11:21:50,558,Tahap-3
01/16/2025,11,21,50,11:21:50,105,Tahap-3
01/16/2025,11,21,51,11:21:51,359,Tahap-3
01/16/2025,11,21,51,11:21:51,169,Tahap-3
01/16/2025,11,21,51,11:21:51,75,Tahap-3
01/16/2025,11,21,51,11:21:51,112,Tahap-3
01/16/2025,11,21,51,11:21:51,115,Tahap-3
01/16/2025,11,21,51,11:21:51,145,Tahap-3
01/16/2025,11,21,51,11:21:51,172,Tahap-3
01/16/2025,11,21,51,11:21:51,65,Tahap-3
01/16/2025,11,21,51,11:21:51,80,Tahap-3
01/16/2025,11,21,51,11:21:51,40,Tahap-3
01/16/2025,11,21,52,11:21:52,93,Tahap-3
01/16/2025,11,21,52,11:21:52,115,Tahap-3
01/16/2025,11,21,52,11:21:52,39,Tahap-3
01/16/2025,11,21,52,11:21:52,81,Tahap-3
01/16/2025,11,21,52,11:21:52,43,Tahap-3
01/16/2025,11,21,52,11:21:52,135,Tahap-3
01/16/2025,11,21,52,11:21:52,192,Tahap-3
01/16/2025,11,21,52,11:21:52,56,Tahap-3
01/16/2025,11,21,52,11:21:52,80,Tahap-3
01/16/2025,11,21,52,11:21:52,48,Tahap-3
01/16/2025,11,21,53,11:21:53,119,Tahap-3
01/16/2025,11,21,53,11:21:53,157,Tahap-3
01/16/2025,11,21,53,11:21:53,786,Tahap-3
01/16/2025,11,21,53,11:21:53,77,Tahap-3
01/16/2025,11,21,53,11:21:53,63,Tahap-3
01/16/2025,11,21,53,11:21:53,64,Tahap-3
01/16/2025,11,21,53,11:21:53,65,Tahap-3
01/16/2025,11,21,53,11:21:53,134,Tahap-3
01/16/2025,11,21,53,11:21:53,95,Tahap-3
01/16/2025,11,21,53,11:21:53,81,Tahap-3
01/16/2025,11,21,54,11:21:54,36,Tahap-3
01/16/2025,11,21,54,11:21:54,56,Tahap-3
01/16/2025,11,21,54,11:21:54,88,Tahap-3
01/16/2025,11,21,54,11:21:54,65,Tahap-3
01/16/2025,11,21,54,11:21:54,57,Tahap-3
01/16/2025,11,21,55,11:21:55,38,Tahap-3
01/16/2025,11,21,55,11:21:55,72,Tahap-3
01/16/2025,11,21,55,11:21:55,82,Tahap-3
01/16/2025,11,21,55,11:21:55,16,Tahap-3
01/16/2025,11,21,55,11:21:55,59,Tahap-3
01/16/2025,11,21,55,11:21:55,115,Tahap-3
01/16/2025,11,21,55,11:21:55,121,Tahap-3
01/16/2025,11,21,55,11:21:55,106,Tahap-3
01/16/2025,11,21,55,11:21:55,77,Tahap-3
01/16/2025,11,21,55,11:21:55,170,Tahap-3
01/16/2025,11,21,55,11:21:55,71,Tahap-3
01/16/2025,11,21,55,11:21:55,67,Tahap-3
01/16/2025,11,21,55,11:21:55,78,Tahap-3
01/16/2025,11,21,55,11:21:55,98,Tahap-3
01/16/2025,11,21,55,11:21:55,803,Tahap-3
01/16/2025,11,21,56,11:21:56,224,Tahap-3
01/16/2025,11,21,56,11:21:56,115,Tahap-3
01/16/2025,11,21,56,11:21:56,158,Tahap-3
01/16/2025,11,21,56,11:21:56,62,Tahap-3
01/16/2025,11,21,56,11:21:56,12,Tahap-3
01/16/2025,11,21,56,11:21:56,99,Tahap-3
01/16/2025,11,21,56,11:21:56,65,Tahap-3
01/16/2025,11,21,56,11:21:56,11,Tahap-3
01/16/2025,11,21,56,11:21:56,8,Tahap-3
01/16/2025,11,21,56,11:21:56,73,Tahap-3
01/16/2025,11,21,57,11:21:57,35,Tahap-3
01/16/2025,11,21,57,11:21:57,151,Tahap-3
01/16/2025,11,21,57,11:21:57,97,Tahap-3
01/16/2025,11,21,57,11:21:57,52,Tahap-3
01/16/2025,11,21,57,11:21:57,52,Tahap-3
01/16/2025,11,21,57,11:21:57,37,Tahap-3
01/16/2025,11,21,57,11:21:57,115,Tahap-3
01/16/2025,11,21,57,11:21:57,79,Tahap-3
01/16/2025,11,21,57,11:21:57,61,Tahap-3
01/16/2025,11,21,57,11:21:57,167,Tahap-3
01/16/2025,11,21,58,11:21:58,132,Tahap-3
01/16/2025,11,21,58,11:21:58,73,Tahap-3
01/16/2025,11,21,58,11:21:58,213,Tahap-3
01/16/2025,11,21,58,11:21:58,65,Tahap-3
01/16/2025,11,21,58,11:21:58,73,Tahap-3
01/16/2025,11,21,58,11:21:58,37,Tahap-3
01/16/2025,11,21,58,11:21:58,317,Tahap-3
01/16/2025,11,21,58,11:21:58,224,Tahap-3
01/16/2025,11,21,58,11:21:58,77,Tahap-3
01/16/2025,11,21,58,11:21:58,186,Tahap-3
01/16/2025,11,21,59,11:21:59,39,Tahap-3
01/16/2025,11,21,59,11:21:59,100,Tahap-3
01/16/2025,11,21,59,11:21:59,129,Tahap-3
01/16/2025,11,21,59,11:21:59,138,Tahap-3
01/16/2025,11,21,59,11:21:59,12,Tahap-3
01/16/2025,11,21,59,11:21:59,173,Tahap-3
01/16/2025,11,21,59,11:21:59,69,Tahap-3
01/16/2025,11,21,59,11:21:59,39,Tahap-3
01/16/2025,11,21,59,11:21:59,189,Tahap-3
01/16/2025,11,21,59,11:21:59,145,Tahap-3
01/16/2025,11,22,1,11:22:01,120,Tahap-3
01/16/2025,11,22,1,11:22:01,141,Tahap-3
01/16/2025,11,22,1,11:22:01,179,Tahap-3
01/16/2025,11,22,1,11:22:01,775,Tahap-3
01/16/2025,11,22,1,11:22:01,427,Tahap-3
01/16/2025,11,22,1,11:22:01,135,Tahap-3
01/16/2025,11,22,1,11:22:01,236,Tahap-3
01/16/2025,11,22,1,11:22:01,7,Tahap-3
01/16/2025,11,22,1,11:22:01,205,Tahap-3
01/16/2025,11,22,1,11:22:01,29,Tahap-3
01/16/2025,11,22,2,11:22:02,247,Tahap-3
01/16/2025,11,22,2,11:22:02,6,Tahap-3
01/16/2025,11,22,2,11:22:02,252,Tahap-3
01/16/2025,11,22,2,11:22:02,146,Tahap-3
01/16/2025,11,22,2,11:22:02,165,Tahap-3
01/16/2025,11,22,2,11:22:02,169,Tahap-3
01/16/2025,11,22,2,11:22:02,44,Tahap-3
01/16/2025,11,22,2,11:22:02,144,Tahap-3
01/16/2025,11,22,2,11:22:02,329,Tahap-3
01/16/2025,11,22,2,11:22:02,205,Tahap-3
01/16/2025,11,22,3,11:22:03,330,Tahap-3
01/16/2025,11,22,3,11:22:03,143,Tahap-3
01/16/2025,11,22,3,11:22:03,389,Tahap-3
01/16/2025,11,22,3,11:22:03,184,Tahap-3
01/16/2025,11,22,3,11:22:03,-64,Tahap-3
01/16/2025,11,22,3,11:22:03,192,Tahap-3
01/16/2025,11,22,3,11:22:03,104,Tahap-3
01/16/2025,11,22,3,11:22:03,-88,Tahap-3
01/16/2025,11,22,3,11:22:03,-16,Tahap-3
01/16/2025,11,22,3,11:22:03,-32,Tahap-3
01/16/2025,11,22,4,11:22:04,24,Tahap-3
01/16/2025,11,22,4,11:22:04,-56,Tahap-3
01/16/2025,11,22,4,11:22:04,8,Tahap-3
01/16/2025,11,22,4,11:22:04,-56,Tahap-3
01/16/2025,11,22,4,11:22:04,96,Tahap-3
01/16/2025,11,22,4,11:22:04,136,Tahap-3
01/16/2025,11,22,4,11:22:04,-112,Tahap-3
01/16/2025,11,22,4,11:22:04,-144,Tahap-3
01/16/2025,11,22,4,11:22:04,8,Tahap-3
01/16/2025,11,22,4,11:22:04,-56,Tahap-3
01/16/2025,11,22,5,11:22:05,-32,Tahap-3
01/16/2025,11,22,5,11:22:05,-248,Tahap-3
01/16/2025,11,22,5,11:22:05,88,Tahap-3
01/16/2025,11,22,5,11:22:05,-64,Tahap-3
01/16/2025,11,22,5,11:22:05,48,Tahap-3
01/16/2025,11,22,5,11:22:05,-168,Tahap-3
01/16/2025,11,22,5,11:22:05,-72,Tahap-3
01/16/2025,11,22,5,11:22:05,-80,Tahap-3
01/16/2025,11,22,5,11:22:05,32,Tahap-3
01/16/2025,11,22,6,11:22:06,-280,Tahap-3
01/16/2025,11,22,6,11:22:06,-112,Tahap-3
01/16/2025,11,22,6,11:22:06,-104,Tahap-3
01/16/2025,11,22,6,11:22:06,-48,Tahap-3
01/16/2025,11,22,6,11:22:06,112,Tahap-3
01/16/2025,11,22,6,11:22:06,-240,Tahap-3
01/16/2025,11,22,6,11:22:06,-152,Tahap-3
01/16/2025,11,22,6,11:22:06,-104,Tahap-3
01/16/2025,11,22,6,11:22:06,-88,Tahap-3
01/16/2025,11,22,6,11:22:06,-72,Tahap-3
01/16/2025,11,22,7,11:22:07,-216,Tahap-3
01/16/2025,11,22,7,11:22:07,-40,Tahap-3
01/16/2025,11,22,7,11:22:07,-64,Tahap-3
01/16/2025,11,22,7,11:22:07,80,Tahap-3
01/16/2025,11,22,7,11:22:07,-104,Tahap-3
01/16/2025,11,22,7,11:22:07,-120,Tahap-3
01/16/2025,11,22,7,11:22:07,-120,Tahap-3
01/16/2025,11,22,7,11:22:07,-88,Tahap-3
01/16/2025,11,22,7,11:22:07,-112,Tahap-3
01/16/2025,11,22,7,11:22:07,-72,Tahap-3
01/16/2025,11,22,8,11:22:08,-104,Tahap-3
01/16/2025,11,22,8,11:22:08,-8,Tahap-3
01/16/2025,11,22,8,11:22:08,-24,Tahap-3
01/16/2025,11,22,8,11:22:08,96,Tahap-3
01/16/2025,11,22,8,11:22:08,-136,Tahap-3
01/16/2025,11,22,8,11:22:08,-8,Tahap-3
01/16/2025,11,22,8,11:22:08,-96,Tahap-3
01/16/2025,11,22,8,11:22:08,-40,Tahap-3
01/16/2025,11,22,8,11:22:08,-128,Tahap-3
01/16/2025,11,22,8,11:22:08,-144,Tahap-3
01/16/2025,11,22,9,11:22:09,48,Tahap-3
01/16/2025,11,22,9,11:22:09,8,Tahap-3
01/16/2025,11,22,9,11:22:09,-24,Tahap-3
01/16/2025,11,22,9,11:22:09,-192,Tahap-3
01/16/2025,11,22,9,11:22:09,-16,Tahap-3
01/16/2025,11,22,9,11:22:09,-96,Tahap-3
01/16/2025,11,22,9,11:22:09,-16,Tahap-3
01/16/2025,11,22,9,11:22:09,-248,Tahap-3
01/16/2025,11,22,9,11:22:09,-56,Tahap-3
01/16/2025,11,22,10,11:22:10,-112,Tahap-3
01/16/2025,11,22,10,11:22:10,72,Tahap-3
01/16/2025,11,22,10,11:22:10,-160,Tahap-3
01/16/2025,11,22,10,11:22:10,-120,Tahap-3
01/16/2025,11,22,10,11:22:10,-80,Tahap-3
01/16/2025,11,22,10,11:22:10,-80,Tahap-3
01/16/2025,11,22,10,11:22:10,-104,Tahap-3
01/16/2025,11,22,10,11:22:10,-120,Tahap-3
01/16/2025,11,22,10,11:22:10,-32,Tahap-3
01/16/2025,11,22,10,11:22:10,-56,Tahap-3
01/16/2025,11,22,11,11:22:11,40,Tahap-3
01/16/2025,11,22,11,11:22:11,-80,Tahap-3
01/16/2025,11,22,11,11:22:11,-224,Tahap-3
01/16/2025,11,22,11,11:22:11,-80,Tahap-3
01/16/2025,11,22,11,11:22:11,-112,Tahap-3
01/16/2025,11,22,11,11:22:11,-64,Tahap-3
01/16/2025,11,22,11,11:22:11,-144,Tahap-3
01/16/2025,11,22,11,11:22:11,-32,Tahap-3
01/16/2025,11,22,11,11:22:11,32,Tahap-3
01/16/2025,11,22,11,11:22:11,-120,Tahap-3
01/16/2025,11,22,12,11:22:12,80,Tahap-3
01/16/2025,11,22,12,11:22:12,-224,Tahap-3
01/16/2025,11,22,12,11:22:12,-112,Tahap-3
01/16/2025,11,22,12,11:22:12,-88,Tahap-3
01/16/2025,11,22,12,11:22:12,24,Tahap-3
01/16/2025,11,22,12,11:22:12,-200,Tahap-3
01/16/2025,11,22,12,11:22:12,-96,Tahap-3
01/16/2025,11,22,12,11:22:12,-40,Tahap-3
01/16/2025,11,22,12,11:22:12,-24,Tahap-3
01/16/2025,11,22,12,11:22:12,184,Tahap-3
01/16/2025,11,22,13,11:22:13,-88,Tahap-3
01/16/2025,11,22,13,11:22:13,-16,Tahap-3
01/16/2025,11,22,13,11:22:13,-72,Tahap-3
01/16/2025,11,22,13,11:22:13,-64,Tahap-3
01/16/2025,11,22,13,11:22:13,-48,Tahap-3
01/16/2025,11,22,13,11:22:13,-152,Tahap-3
01/16/2025,11,22,13,11:22:13,16,Tahap-3
01/16/2025,11,22,13,11:22:13,-24,Tahap-3
01/16/2025,11,22,13,11:22:13,136,Tahap-3
01/16/2025,11,22,13,11:22:13,96,Tahap-3
01/16/2025,11,22,14,11:22:14,-104,Tahap-3
01/16/2025,11,22,14,11:22:14,-16,Tahap-3
01/16/2025,11,22,14,11:22:14,-24,Tahap-3
01/16/2025,11,22,14,11:22:14,-48,Tahap-3
01/16/2025,11,22,14,11:22:14,-120,Tahap-3
01/16/2025,11,22,14,11:22:14,16,Tahap-3
01/16/2025,11,22,14,11:22:14,40,Tahap-3
01/16/2025,11,22,14,11:22:14,-40,Tahap-3
01/16/2025,11,22,14,11:22:14,88,Tahap-3
01/16/2025,11,22,14,11:22:14,-200,Tahap-3
01/16/2025,11,22,15,11:22:15,-112,Tahap-3
01/16/2025,11,22,15,11:22:15,-16,Tahap-3
01/16/2025,11,22,15,11:22:15,-56,Tahap-3
01/16/2025,11,22,15,11:22:15,-152,Tahap-3
01/16/2025,11,22,15,11:22:15,-112,Tahap-3
01/16/2025,11,22,15,11:22:15,16,Tahap-3
01/16/2025,11,22,15,11:22:15,8,Tahap-3
01/16/2025,11,22,15,11:22:15,24,Tahap-3
01/16/2025,11,22,15,11:22:15,-40,Tahap-3
01/16/2025,11,22,15,11:22:15,-280,Tahap-3
01/16/2025,11,22,16,11:22:16,-144,Tahap-3
01/16/2025,11,22,40,11:22:40,500,Tahap-3
01/16/2025,11,22,40,11:22:40,452,Tahap-3
01/16/2025,11,22,40,11:22:40,343,Tahap-3
01/16/2025,11,22,40,11:22:40,250,Tahap-3
01/16/2025,11,22,40,11:22:40,130,Tahap-3
01/16/2025,11,22,41,11:22:41,110,Tahap-3
01/16/2025,11,22,41,11:22:41,107,Tahap-3
01/16/2025,11,22,41,11:22:41,122,Tahap-3
01/16/2025,11,22,41,11:22:41,75,Tahap-3
01/16/2025,11,22,41,11:22:41,62,Tahap-3
01/16/2025,11,22,41,11:22:41,133,Tahap-3
01/16/2025,11,22,41,11:22:41,117,Tahap-3
01/16/2025,11,22,41,11:22:41,36,Tahap-3
01/16/2025,11,22,41,11:22:41,89,Tahap-3
01/16/2025,11,22,41,11:22:41,54,Tahap-3
01/16/2025,11,22,42,11:22:42,59,Tahap-3
01/16/2025,11,22,42,11:22:42,85,Tahap-3
01/16/2025,11,22,42,11:22:42,87,Tahap-3
01/16/2025,11,22,42,11:22:42,72,Tahap-3
01/16/2025,11,22,42,11:22:42,74,Tahap-3
01/16/2025,11,22,42,11:22:42,57,Tahap-3
01/16/2025,11,22,42,11:22:42,114,Tahap-3
01/16/2025,11,22,42,11:22:42,131,Tahap-3
01/16/2025,11,22,42,11:22:42,55,Tahap-3
01/16/2025,11,22,42,11:22:42,110,Tahap-3
01/16/2025,11,22,43,11:22:43,222,Tahap-3
01/16/2025,11,22,43,11:22:43,473,Tahap-3
01/16/2025,11,22,43,11:22:43,232,Tahap-3
01/16/2025,11,22,43,11:22:43,408,Tahap-3
01/16/2025,11,22,43,11:22:43,134,Tahap-3
01/16/2025,11,22,43,11:22:43,113,Tahap-3
01/16/2025,11,22,43,11:22:43,56,Tahap-3
01/16/2025,11,22,43,11:22:43,84,Tahap-3
01/16/2025,11,22,43,11:22:43,134,Tahap-3
01/16/2025,11,22,43,11:22:43,241,Tahap-3
01/16/2025,11,22,44,11:22:44,150,Tahap-3
01/16/2025,11,22,44,11:22:44,147,Tahap-3
01/16/2025,11,22,44,11:22:44,47,Tahap-3
01/16/2025,11,22,44,11:22:44,92,Tahap-3
01/16/2025,11,22,44,11:22:44,139,Tahap-3
01/16/2025,11,22,44,11:22:44,26,Tahap-3
01/16/2025,11,22,44,11:22:44,31,Tahap-3
01/16/2025,11,22,44,11:22:44,88,Tahap-3
01/16/2025,11,22,44,11:22:44,188,Tahap-3
01/16/2025,11,22,44,11:22:44,147,Tahap-3
01/16/2025,11,22,45,11:22:45,108,Tahap-3
01/16/2025,11,22,45,11:22:45,58,Tahap-3
01/16/2025,11,22,45,11:22:45,85,Tahap-3
01/16/2025,11,22,45,11:22:45,82,Tahap-3
01/16/2025,11,22,45,11:22:45,205,Tahap-3
01/16/2025,11,22,45,11:22:45,88,Tahap-3
01/16/2025,11,22,45,11:22:45,74,Tahap-3
01/16/2025,11,22,45,11:22:45,137,Tahap-3
01/16/2025,11,22,45,11:22:45,501,Tahap-3
01/16/2025,11,22,45,11:22:45,93,Tahap-3
01/16/2025,11,22,46,11:22:46,66,Tahap-3
01/16/2025,11,22,46,11:22:46,78,Tahap-3
01/16/2025,11,22,46,11:22:46,48,Tahap-3
01/16/2025,11,22,46,11:22:46,149,Tahap-3
01/16/2025,11,22,46,11:22:46,106,Tahap-3
01/16/2025,11,22,46,11:22:46,205,Tahap-3
01/16/2025,11,22,46,11:22:46,120,Tahap-3
01/16/2025,11,22,46,11:22:46,196,Tahap-3
01/16/2025,11,22,46,11:22:46,97,Tahap-3
01/16/2025,11,22,46,11:22:46,60,Tahap-3
01/16/2025,11,22,47,11:22:47,49,Tahap-3
01/16/2025,11,22,47,11:22:47,163,Tahap-3
01/16/2025,11,22,47,11:22:47,55,Tahap-3
01/16/2025,11,22,47,11:22:47,23,Tahap-3
01/16/2025,11,22,47,11:22:47,76,Tahap-3
01/16/2025,11,22,47,11:22:47,169,Tahap-3
01/16/2025,11,22,47,11:22:47,132,Tahap-3
01/16/2025,11,22,47,11:22:47,21,Tahap-3
01/16/2025,11,22,47,11:22:47,153,Tahap-3
01/16/2025,11,22,47,11:22:47,131,Tahap-3
01/16/2025,11,22,48,11:22:48,42,Tahap-3
01/16/2025,11,22,48,11:22:48,301,Tahap-3
01/16/2025,11,22,48,11:22:48,150,Tahap-3
01/16/2025,11,22,48,11:22:48,107,Tahap-3
01/16/2025,11,22,48,11:22:48,113,Tahap-3
01/16/2025,11,22,48,11:22:48,319,Tahap-3
01/16/2025,11,22,48,11:22:48,234,Tahap-3
01/16/2025,11,22,48,11:22:48,237,Tahap-3
01/16/2025,11,22,48,11:22:48,290,Tahap-3
01/16/2025,11,22,48,11:22:48,77,Tahap-3
01/16/2025,11,22,49,11:22:49,102,Tahap-3
01/16/2025,11,22,49,11:22:49,92,Tahap-3
01/16/2025,11,22,49,11:22:49,159,Tahap-3
01/16/2025,11,22,49,11:22:49,111,Tahap-3
01/16/2025,11,22,49,11:22:49,271,Tahap-3
01/16/2025,11,22,49,11:22:49,102,Tahap-3
01/16/2025,11,22,49,11:22:49,82,Tahap-3
01/16/2025,11,22,49,11:22:49,365,Tahap-3
01/16/2025,11,22,49,11:22:49,108,Tahap-3
01/16/2025,11,22,49,11:22:49,115,Tahap-3
01/16/2025,11,22,50,11:22:50,117,Tahap-3
01/16/2025,11,22,50,11:22:50,83,Tahap-3
01/16/2025,11,22,50,11:22:50,193,Tahap-3
01/16/2025,11,22,50,11:22:50,110,Tahap-3
01/16/2025,11,22,50,11:22:50,42,Tahap-3
01/16/2025,11,22,50,11:22:50,69,Tahap-3
01/16/2025,11,22,50,11:22:50,150,Tahap-3
01/16/2025,11,22,50,11:22:50,127,Tahap-3
01/16/2025,11,22,50,11:22:50,271,Tahap-3
01/16/2025,11,22,50,11:22:50,78,Tahap-3
01/16/2025,11,22,51,11:22:51,218,Tahap-3
01/16/2025,11,22,51,11:22:51,495,Tahap-3
01/16/2025,11,22,51,11:22:51,843,Tahap-3
01/16/2025,11,22,51,11:22:51,492,Tahap-3
01/16/2025,11,22,51,11:22:51,183,Tahap-3
01/16/2025,11,22,51,11:22:51,195,Tahap-3
01/16/2025,11,22,51,11:22:51,196,Tahap-3
01/16/2025,11,22,51,11:22:51,129,Tahap-3
01/16/2025,11,22,51,11:22:51,242,Tahap-3
01/16/2025,11,22,51,11:22:51,281,Tahap-3
01/16/2025,11,22,52,11:22:52,267,Tahap-3
01/16/2025,11,22,52,11:22:52,36,Tahap-3
01/16/2025,11,22,52,11:22:52,299,Tahap-3
01/16/2025,11,22,52,11:22:52,282,Tahap-3
01/16/2025,11,22,52,11:22:52,170,Tahap-3
01/16/2025,11,22,52,11:22:52,486,Tahap-3
01/16/2025,11,22,52,11:22:52,181,Tahap-3
01/16/2025,11,22,52,11:22:52,430,Tahap-3
01/16/2025,11,22,52,11:22:52,122,Tahap-3
01/16/2025,11,22,52,11:22:52,480,Tahap-3
01/16/2025,11,22,53,11:22:53,115,Tahap-3
01/16/2025,11,22,53,11:22:53,260,Tahap-3
01/16/2025,11,22,53,11:22:53,40,Tahap-3
01/16/2025,11,22,53,11:22:53,16,Tahap-3
01/16/2025,11,22,53,11:22:53,-64,Tahap-3
01/16/2025,11,22,53,11:22:53,80,Tahap-3
01/16/2025,11,22,53,11:22:53,-160,Tahap-3
01/16/2025,11,22,53,11:22:53,56,Tahap-3
01/16/2025,11,22,53,11:22:53,-16,Tahap-3
01/16/2025,11,22,53,11:22:53,96,Tahap-3
01/16/2025,11,22,54,11:22:54,-24,Tahap-3
01/16/2025,11,22,54,11:22:54,-56,Tahap-3
01/16/2025,11,22,54,11:22:54,-16,Tahap-3
01/16/2025,11,22,54,11:22:54,-24,Tahap-3
01/16/2025,11,22,55,11:22:55,-136,Tahap-3
01/16/2025,11,22,55,11:22:55,64,Tahap-3
01/16/2025,11,22,55,11:22:55,-24,Tahap-3
01/16/2025,11,22,55,11:22:55,64,Tahap-3
01/16/2025,11,22,55,11:22:55,24,Tahap-3
01/16/2025,11,22,55,11:22:55,-112,Tahap-3
01/16/2025,11,22,55,11:22:55,-16,Tahap-3
01/16/2025,11,22,55,11:22:55,-40,Tahap-3
01/16/2025,11,22,55,11:22:55,-48,Tahap-3
01/16/2025,11,22,55,11:22:55,16,Tahap-3
01/16/2025,11,22,55,11:22:55,-72,Tahap-3
01/16/2025,11,22,55,11:22:55,120,Tahap-3
01/16/2025,11,22,55,11:22:55,112,Tahap-3
01/16/2025,11,22,55,11:22:55,56,Tahap-3
01/16/2025,11,22,55,11:22:55,64,Tahap-3
01/16/2025,11,22,56,11:22:56,-64,Tahap-3
01/16/2025,11,22,56,11:22:56,-8,Tahap-3
01/16/2025,11,22,56,11:22:56,-112,Tahap-3
01/16/2025,11,22,56,11:22:56,248,Tahap-3
01/16/2025,11,22,56,11:22:56,-144,Tahap-3
01/16/2025,11,22,56,11:22:56,152,Tahap-3
01/16/2025,11,22,56,11:22:56,24,Tahap-3
01/16/2025,11,22,56,11:22:56,8,Tahap-3
01/16/2025,11,22,56,11:22:56,144,Tahap-3
01/16/2025,11,22,56,11:22:56,-96,Tahap-3
01/16/2025,11,22,57,11:22:57,-16,Tahap-3
01/16/2025,11,22,57,11:22:57,24,Tahap-3
01/16/2025,11,22,57,11:22:57,40,Tahap-3
01/16/2025,11,22,57,11:22:57,-112,Tahap-3
01/16/2025,11,22,57,11:22:57,120,Tahap-3
01/16/2025,11,22,57,11:22:57,-32,Tahap-3
01/16/2025,11,22,57,11:22:57,48,Tahap-3
01/16/2025,11,22,57,11:22:57,128,Tahap-3
01/16/2025,11,22,57,11:22:57,96,Tahap-3
01/16/2025,11,22,57,11:22:57,-248,Tahap-3
01/16/2025,11,22,58,11:22:58,248,Tahap-3
01/16/2025,11,22,58,11:22:58,-272,Tahap-3
01/16/2025,11,22,58,11:22:58,168,Tahap-3
01/16/2025,11,22,58,11:22:58,16,Tahap-3
01/16/2025,11,22,58,11:22:58,160,Tahap-3
01/16/2025,11,22,58,11:22:58,32,Tahap-3
01/16/2025,11,22,58,11:22:58,96,Tahap-3
01/16/2025,11,22,58,11:22:58,136,Tahap-3
01/16/2025,11,22,58,11:22:58,-152,Tahap-3
01/16/2025,11,22,58,11:22:58,-16,Tahap-3
01/16/2025,11,22,59,11:22:59,128,Tahap-3
01/16/2025,11,22,59,11:22:59,-80,Tahap-3
01/16/2025,11,22,59,11:22:59,192,Tahap-3
01/16/2025,11,22,59,11:22:59,8,Tahap-3
01/16/2025,11,22,59,11:22:59,48,Tahap-3
01/16/2025,11,22,59,11:22:59,80,Tahap-3
01/16/2025,11,22,59,11:22:59,64,Tahap-3
01/16/2025,11,22,59,11:22:59,16,Tahap-3
01/16/2025,11,22,59,11:22:59,-88,Tahap-3
01/16/2025,11,22,59,11:22:59,192,Tahap-3
01/16/2025,11,23,1,11:23:01,-8,Tahap-3
01/16/2025,11,23,1,11:23:01,240,Tahap-3
01/16/2025,11,23,1,11:23:01,80,Tahap-3
01/16/2025,11,23,1,11:23:01,80,Tahap-3
01/16/2025,11,23,1,11:23:01,32,Tahap-3
01/16/2025,11,23,1,11:23:01,48,Tahap-3
01/16/2025,11,23,1,11:23:01,-32,Tahap-3
01/16/2025,11,23,1,11:23:01,-88,Tahap-3
01/16/2025,11,23,1,11:23:01,144,Tahap-3
01/16/2025,11,23,1,11:23:01,40,Tahap-3
01/16/2025,11,23,2,11:23:02,288,Tahap-3
01/16/2025,11,23,2,11:23:02,32,Tahap-3
01/16/2025,11,23,2,11:23:02,-40,Tahap-3
01/16/2025,11,23,2,11:23:02,48,Tahap-3
01/16/2025,11,23,2,11:23:02,88,Tahap-3
01/16/2025,11,23,2,11:23:02,48,Tahap-3
01/16/2025,11,23,2,11:23:02,-32,Tahap-3
01/16/2025,11,23,2,11:23:02,104,Tahap-3
01/16/2025,11,23,2,11:23:02,112,Tahap-3
01/16/2025,11,23,2,11:23:02,152,Tahap-3
01/16/2025,11,23,3,11:23:03,200,Tahap-3
01/16/2025,11,23,3,11:23:03,-56,Tahap-3
01/16/2025,11,23,3,11:23:03,48,Tahap-3
01/16/2025,11,23,3,11:23:03,120,Tahap-3
01/16/2025,11,23,3,11:23:03,88,Tahap-3
01/16/2025,11,23,3,11:23:03,56,Tahap-3
01/16/2025,11,23,3,11:23:03,-40,Tahap-3
01/16/2025,11,23,3,11:23:03,216,Tahap-3
01/16/2025,11,23,3,11:23:03,-184,Tahap-3
01/16/2025,11,23,3,11:23:03,208,Tahap-3
01/16/2025,11,23,4,11:23:04,56,Tahap-3
01/16/2025,11,23,4,11:23:04,-96,Tahap-3
01/16/2025,11,23,4,11:23:04,48,Tahap-3
01/16/2025,11,23,4,11:23:04,-24,Tahap-3
01/16/2025,11,23,4,11:23:04,24,Tahap-3
01/16/2025,11,23,4,11:23:04,-88,Tahap-3
01/16/2025,11,23,4,11:23:04,40,Tahap-3
01/16/2025,11,23,4,11:23:04,-24,Tahap-3
01/16/2025,11,23,4,11:23:04,40,Tahap-3
01/16/2025,11,23,4,11:23:04,24,Tahap-3
01/16/2025,11,23,5,11:23:05,-168,Tahap-3
01/16/2025,11,23,5,11:23:05,56,Tahap-3
01/16/2025,11,23,5,11:23:05,-152,Tahap-3
01/16/2025,11,23,5,11:23:05,88,Tahap-3
01/16/2025,11,23,5,11:23:05,-104,Tahap-3
01/16/2025,11,23,5,11:23:05,-64,Tahap-3
01/16/2025,11,23,5,11:23:05,56,Tahap-3
01/16/2025,11,23,5,11:23:05,-176,Tahap-3
01/16/2025,11,23,5,11:23:05,144,Tahap-3
01/16/2025,11,23,5,11:23:05,-72,Tahap-3
01/16/2025,11,23,6,11:23:06,-40,Tahap-3
01/16/2025,11,23,30,11:23:30,3919,Tahap-3
01/16/2025,11,23,30,11:23:30,884,Tahap-3
01/16/2025,11,23,30,11:23:30,486,Tahap-3
01/16/2025,11,23,30,11:23:30,498,Tahap-3
01/16/2025,11,23,30,11:23:30,427,Tahap-3
01/16/2025,11,23,30,11:23:30,340,Tahap-3
01/16/2025,11,23,31,11:23:31,171,Tahap-3
01/16/2025,11,23,31,11:23:31,286,Tahap-3
01/16/2025,11,23,31,11:23:31,197,Tahap-3
01/16/2025,11,23,31,11:23:31,153,Tahap-3
01/16/2025,11,23,31,11:23:31,170,Tahap-3
01/16/2025,11,23,31,11:23:31,64,Tahap-3
01/16/2025,11,23,31,11:23:31,75,Tahap-3
01/16/2025,11,23,31,11:23:31,191,Tahap-3
01/16/2025,11,23,31,11:23:31,109,Tahap-3
01/16/2025,11,23,31,11:23:31,65,Tahap-3
01/16/2025,11,23,32,11:23:32,136,Tahap-3
01/16/2025,11,23,32,11:23:32,78,Tahap-3
01/16/2025,11,23,32,11:23:32,54,Tahap-3
01/16/2025,11,23,32,11:23:32,102,Tahap-3
01/16/2025,11,23,32,11:23:32,56,Tahap-3
01/16/2025,11,23,32,11:23:32,154,Tahap-3
01/16/2025,11,23,32,11:23:32,25,Tahap-3
01/16/2025,11,23,32,11:23:32,75,Tahap-3
01/16/2025,11,23,32,11:23:32,64,Tahap-3
01/16/2025,11,23,32,11:23:32,146,Tahap-3
01/16/2025,11,23,33,11:23:33,446,Tahap-3
01/16/2025,11,23,33,11:23:33,270,Tahap-3
01/16/2025,11,23,33,11:23:33,92,Tahap-3
01/16/2025,11,23,33,11:23:33,258,Tahap-3
01/16/2025,11,23,33,11:23:33,49,Tahap-3
01/16/2025,11,23,33,11:23:33,236,Tahap-3
01/16/2025,11,23,33,11:23:33,80,Tahap-3
01/16/2025,11,23,33,11:23:33,93,Tahap-3
01/16/2025,11,23,33,11:23:33,112,Tahap-3
01/16/2025,11,23,33,11:23:33,61,Tahap-3
01/16/2025,11,23,34,11:23:34,36,Tahap-3
01/16/2025,11,23,34,11:23:34,76,Tahap-3
01/16/2025,11,23,34,11:23:34,31,Tahap-3
01/16/2025,11,23,34,11:23:34,85,Tahap-3
01/16/2025,11,23,34,11:23:34,129,Tahap-3
01/16/2025,11,23,34,11:23:34,94,Tahap-3
01/16/2025,11,23,34,11:23:34,118,Tahap-3
01/16/2025,11,23,34,11:23:34,359,Tahap-3
01/16/2025,11,23,34,11:23:34,341,Tahap-3
01/16/2025,11,23,34,11:23:34,178,Tahap-3
01/16/2025,11,23,35,11:23:35,101,Tahap-3
01/16/2025,11,23,35,11:23:35,91,Tahap-3
01/16/2025,11,23,35,11:23:35,61,Tahap-3
01/16/2025,11,23,35,11:23:35,221,Tahap-3
01/16/2025,11,23,35,11:23:35,169,Tahap-3
01/16/2025,11,23,35,11:23:35,40,Tahap-3
01/16/2025,11,23,35,11:23:35,227,Tahap-3
01/16/2025,11,23,35,11:23:35,61,Tahap-3
01/16/2025,11,23,35,11:23:35,85,Tahap-3
01/16/2025,11,23,35,11:23:35,144,Tahap-3
01/16/2025,11,23,36,11:23:36,49,Tahap-3
01/16/2025,11,23,36,11:23:36,87,Tahap-3
01/16/2025,11,23,36,11:23:36,28,Tahap-3
01/16/2025,11,23,36,11:23:36,30,Tahap-3
01/16/2025,11,23,36,11:23:36,57,Tahap-3
01/16/2025,11,23,36,11:23:36,97,Tahap-3
01/16/2025,11,23,36,11:23:36,55,Tahap-3
01/16/2025,11,23,36,11:23:36,163,Tahap-3
01/16/2025,11,23,36,11:23:36,152,Tahap-3
01/16/2025,11,23,36,11:23:36,18,Tahap-3
01/16/2025,11,23,37,11:23:37,137,Tahap-3
01/16/2025,11,23,37,11:23:37,157,Tahap-3
01/16/2025,11,23,37,11:23:37,49,Tahap-3
01/16/2025,11,23,37,11:23:37,39,Tahap-3
01/16/2025,11,23,37,11:23:37,237,Tahap-3
01/16/2025,11,23,37,11:23:37,74,Tahap-3
01/16/2025,11,23,37,11:23:37,147,Tahap-3
01/16/2025,11,23,37,11:23:37,92,Tahap-3
01/16/2025,11,23,37,11:23:37,156,Tahap-3
01/16/2025,11,23,37,11:23:37,95,Tahap-3
01/16/2025,11,23,38,11:23:38,909,Tahap-3
01/16/2025,11,23,38,11:23:38,687,Tahap-3
01/16/2025,11,23,38,11:23:38,228,Tahap-3
01/16/2025,11,23,38,11:23:38,121,Tahap-3
01/16/2025,11,23,38,11:23:38,188,Tahap-3
01/16/2025,11,23,38,11:23:38,220,Tahap-3
01/16/2025,11,23,38,11:23:38,148,Tahap-3
01/16/2025,11,23,38,11:23:38,70,Tahap-3
01/16/2025,11,23,38,11:23:38,166,Tahap-3
01/16/2025,11,23,38,11:23:38,132,Tahap-3
01/16/2025,11,23,39,11:23:39,174,Tahap-3
01/16/2025,11,23,39,11:23:39,439,Tahap-3
01/16/2025,11,23,39,11:23:39,274,Tahap-3
01/16/2025,11,23,39,11:23:39,202,Tahap-3
01/16/2025,11,23,39,11:23:39,89,Tahap-3
01/16/2025,11,23,39,11:23:39,165,Tahap-3
01/16/2025,11,23,39,11:23:39,60,Tahap-3
01/16/2025,11,23,39,11:23:39,64,Tahap-3
01/16/2025,11,23,39,11:23:39,68,Tahap-3
01/16/2025,11,23,39,11:23:39,124,Tahap-3
01/16/2025,11,23,40,11:23:40,139,Tahap-3
01/16/2025,11,23,40,11:23:40,170,Tahap-3
01/16/2025,11,23,40,11:23:40,108,Tahap-3
01/16/2025,11,23,40,11:23:40,158,Tahap-3
01/16/2025,11,23,40,11:23:40,132,Tahap-3
01/16/2025,11,23,40,11:23:40,261,Tahap-3
01/16/2025,11,23,40,11:23:40,135,Tahap-3
01/16/2025,11,23,40,11:23:40,446,Tahap-3
01/16/2025,11,23,40,11:23:40,85,Tahap-3
01/16/2025,11,23,40,11:23:40,144,Tahap-3
01/16/2025,11,23,41,11:23:41,504,Tahap-3
01/16/2025,11,23,41,11:23:41,188,Tahap-3
01/16/2025,11,23,41,11:23:41,162,Tahap-3
01/16/2025,11,23,41,11:23:41,382,Tahap-3
01/16/2025,11,23,41,11:23:41,307,Tahap-3
01/16/2025,11,23,41,11:23:41,311,Tahap-3
01/16/2025,11,23,41,11:23:41,110,Tahap-3
01/16/2025,11,23,41,11:23:41,191,Tahap-3
01/16/2025,11,23,41,11:23:41,305,Tahap-3
01/16/2025,11,23,41,11:23:41,103,Tahap-3
01/16/2025,11,23,42,11:23:42,18,Tahap-3
01/16/2025,11,23,42,11:23:42,338,Tahap-3
01/16/2025,11,23,42,11:23:42,152,Tahap-3
01/16/2025,11,23,42,11:23:42,265,Tahap-3
01/16/2025,11,23,42,11:23:42,526,Tahap-3
01/16/2025,11,23,42,11:23:42,170,Tahap-3
01/16/2025,11,23,42,11:23:42,250,Tahap-3
01/16/2025,11,23,42,11:23:42,230,Tahap-3
01/16/2025,11,23,42,11:23:42,452,Tahap-3
01/16/2025,11,23,42,11:23:42,457,Tahap-3
01/16/2025,11,23,43,11:23:43,718,Tahap-3
01/16/2025,11,23,43,11:23:43,152,Tahap-3
01/16/2025,11,23,43,11:23:43,-24,Tahap-3
01/16/2025,11,23,43,11:23:43,64,Tahap-3
01/16/2025,11,23,43,11:23:43,28,Tahap-3
01/16/2025,11,23,43,11:23:43,172,Tahap-3
01/16/2025,11,23,43,11:23:43,-12,Tahap-3
01/16/2025,11,23,43,11:23:43,136,Tahap-3
01/16/2025,11,23,43,11:23:43,60,Tahap-3
01/16/2025,11,23,43,11:23:43,72,Tahap-3
01/16/2025,11,23,44,11:23:44,4,Tahap-3
01/16/2025,11,23,44,11:23:44,84,Tahap-3
01/16/2025,11,23,44,11:23:44,108,Tahap-3
01/16/2025,11,23,44,11:23:44,-28,Tahap-3
01/16/2025,11,23,44,11:23:44,144,Tahap-3
01/16/2025,11,23,44,11:23:44,-24,Tahap-3
01/16/2025,11,23,44,11:23:44,48,Tahap-3
01/16/2025,11,23,44,11:23:44,44,Tahap-3
01/16/2025,11,23,44,11:23:44,188,Tahap-3
01/16/2025,11,23,44,11:23:44,44,Tahap-3
01/16/2025,11,23,45,11:23:45,36,Tahap-3
01/16/2025,11,23,45,11:23:45,16,Tahap-3
01/16/2025,11,23,45,11:23:45,16,Tahap-3
01/16/2025,11,23,45,11:23:45,-36,Tahap-3
01/16/2025,11,23,45,11:23:45,60,Tahap-3
01/16/2025,11,23,45,11:23:45,32,Tahap-3
01/16/2025,11,23,45,11:23:45,48,Tahap-3
01/16/2025,11,23,45,11:23:45,-8,Tahap-3
01/16/2025,11,23,45,11:23:45,64,Tahap-3
01/16/2025,11,23,45,11:23:45,4,Tahap-3
01/16/2025,11,23,46,11:23:46,-12,Tahap-3
01/16/2025,11,23,46,11:23:46,16,Tahap-3
01/16/2025,11,23,46,11:23:46,-60,Tahap-3
01/16/2025,11,23,46,11:23:46,-96,Tahap-3
01/16/2025,11,23,46,11:23:46,84,Tahap-3
01/16/2025,11,23,46,11:23:46,88,Tahap-3
01/16/2025,11,23,46,11:23:46,-20,Tahap-3
01/16/2025,11,23,46,11:23:46,52,Tahap-3
01/16/2025,11,23,46,11:23:46,-60,Tahap-3
01/16/2025,11,23,46,11:23:46,-56,Tahap-3
01/16/2025,11,23,47,11:23:47,-12,Tahap-3
01/16/2025,11,23,47,11:23:47,76,Tahap-3
01/16/2025,11,23,47,11:23:47,-32,Tahap-3
01/16/2025,11,23,47,11:23:47,-48,Tahap-3
01/16/2025,11,23,47,11:23:47,80,Tahap-3
01/16/2025,11,23,47,11:23:47,-20,Tahap-3
01/16/2025,11,23,47,11:23:47,-12,Tahap-3
01/16/2025,11,23,47,11:23:47,12,Tahap-3
01/16/2025,11,23,47,11:23:47,-72,Tahap-3
01/16/2025,11,23,47,11:23:47,-80,Tahap-3
01/16/2025,11,23,48,11:23:48,-84,Tahap-3
01/16/2025,11,23,48,11:23:48,-16,Tahap-3
01/16/2025,11,23,48,11:23:48,-100,Tahap-3
01/16/2025,11,23,48,11:23:48,-32,Tahap-3
01/16/2025,11,23,48,11:23:48,4,Tahap-3
01/16/2025,11,23,48,11:23:48,-52,Tahap-3
01/16/2025,11,23,48,11:23:48,-120,Tahap-3
01/16/2025,11,23,48,11:23:48,-72,Tahap-3
01/16/2025,11,23,48,11:23:48,-48,Tahap-3
01/16/2025,11,23,48,11:23:48,-88,Tahap-3
01/16/2025,11,23,49,11:23:49,-92,Tahap-3
01/16/2025,11,23,49,11:23:49,-28,Tahap-3
01/16/2025,11,23,49,11:23:49,-164,Tahap-3
01/16/2025,11,23,49,11:23:49,-72,Tahap-3
01/16/2025,11,23,49,11:23:49,16,Tahap-3
01/16/2025,11,23,49,11:23:49,-124,Tahap-3
01/16/2025,11,23,49,11:23:49,-156,Tahap-3
01/16/2025,11,23,49,11:23:49,-84,Tahap-3
01/16/2025,11,23,49,11:23:49,-188,Tahap-3
01/16/2025,11,23,49,11:23:49,-52,Tahap-3
01/16/2025,11,23,50,11:23:50,-100,Tahap-3
01/16/2025,11,23,50,11:23:50,-36,Tahap-3
01/16/2025,11,23,50,11:23:50,-188,Tahap-3
01/16/2025,11,23,50,11:23:50,-128,Tahap-3
01/16/2025,11,23,50,11:23:50,-52,Tahap-3
01/16/2025,11,23,50,11:23:50,-96,Tahap-3
01/16/2025,11,23,50,11:23:50,-96,Tahap-3
01/16/2025,11,23,50,11:23:50,-100,Tahap-3
01/16/2025,11,23,50,11:23:50,-144,Tahap-3
01/16/2025,11,23,50,11:23:50,-116,Tahap-3
01/16/2025,11,23,51,11:23:51,-156,Tahap-3
01/16/2025,11,23,51,11:23:51,32,Tahap-3
01/16/2025,11,23,51,11:23:51,-200,Tahap-3
01/16/2025,11,23,51,11:23:51,-100,Tahap-3
01/16/2025,11,23,51,11:23:51,-60,Tahap-3
01/16/2025,11,23,51,11:23:51,-148,Tahap-3
01/16/2025,11,23,51,11:23:51,-116,Tahap-3
01/16/2025,11,23,51,11:23:51,-32,Tahap-3
01/16/2025,11,23,51,11:23:51,-92,Tahap-3
01/16/2025,11,23,51,11:23:51,-180,Tahap-3
01/16/2025,11,23,52,11:23:52,-104,Tahap-3
01/16/2025,11,23,52,11:23:52,-116,Tahap-3
01/16/2025,11,23,52,11:23:52,-168,Tahap-3
01/16/2025,11,23,52,11:23:52,-88,Tahap-3
01/16/2025,11,23,52,11:23:52,-100,Tahap-3
01/16/2025,11,23,52,11:23:52,-140,Tahap-3
01/16/2025,11,23,52,11:23:52,-168,Tahap-3
01/16/2025,11,23,52,11:23:52,-144,Tahap-3
01/16/2025,11,23,52,11:23:52,-112,Tahap-3
01/16/2025,11,23,52,11:23:52,-180,Tahap-3
01/16/2025,11,23,53,11:23:53,-152,Tahap-3
01/16/2025,11,23,53,11:23:53,-84,Tahap-3
01/16/2025,11,23,53,11:23:53,-212,Tahap-3
01/16/2025,11,23,53,11:23:53,-156,Tahap-3
01/16/2025,11,23,53,11:23:53,-120,Tahap-3
01/16/2025,11,23,53,11:23:53,-164,Tahap-3
01/16/2025,11,23,53,11:23:53,-232,Tahap-3
01/16/2025,11,23,53,11:23:53,-100,Tahap-3
01/16/2025,11,23,53,11:23:53,-216,Tahap-3
01/16/2025,11,23,53,11:23:53,-184,Tahap-3
01/16/2025,11,23,54,11:23:54,-116,Tahap-3
01/16/2025,11,23,54,11:23:54,-140,Tahap-3
01/16/2025,11,23,54,11:23:54,-272,Tahap-3
01/16/2025,11,23,54,11:23:54,-116,Tahap-3
01/16/2025,11,23,54,11:23:54,-140,Tahap-3
01/16/2025,11,23,55,11:23:55,-200,Tahap-3
01/16/2025,11,23,55,11:23:55,-164,Tahap-3
01/16/2025,11,23,55,11:23:55,-176,Tahap-3
01/16/2025,11,23,55,11:23:55,-256,Tahap-3
01/16/2025,11,23,55,11:23:55,-180,Tahap-3
01/16/2025,11,23,55,11:23:55,-156,Tahap-3
01/16/2025,11,23,55,11:23:55,-172,Tahap-3
01/16/2025,11,23,55,11:23:55,-180,Tahap-3
01/16/2025,11,23,55,11:23:55,-148,Tahap-3
01/16/2025,11,23,55,11:23:55,-172,Tahap-3
01/16/2025,11,23,55,11:23:55,-172,Tahap-3
01/16/2025,11,23,55,11:23:55,-172,Tahap-3
01/16/2025,11,23,55,11:23:55,-120,Tahap-3
01/16/2025,11,23,55,11:23:55,-196,Tahap-3
01/16/2025,11,23,55,11:23:55,-160,Tahap-3
01/16/2025,11,24,20,11:24:20,1499,Tahap-3
01/16/2025,11,24,20,11:24:20,559,Tahap-3
01/16/2025,11,24,20,11:24:20,284,Tahap-3
01/16/2025,11,24,20,11:24:20,94,Tahap-3
01/16/2025,11,24,20,11:24:20,462,Tahap-3
01/16/2025,11,24,20,11:24:20,214,Tahap-3
01/16/2025,11,24,20,11:24:20,326,Tahap-3
01/16/2025,11,24,21,11:24:21,159,Tahap-3
01/16/2025,11,24,21,11:24:21,308,Tahap-3
01/16/2025,11,24,21,11:24:21,11,Tahap-3
01/16/2025,11,24,21,11:24:21,241,Tahap-3
01/16/2025,11,24,21,11:24:21,128,Tahap-3
01/16/2025,11,24,21,11:24:21,61,Tahap-3
01/16/2025,11,24,21,11:24:21,160,Tahap-3
01/16/2025,11,24,21,11:24:21,75,Tahap-3
01/16/2025,11,24,21,11:24:21,28,Tahap-3
01/16/2025,11,24,21,11:24:21,115,Tahap-3
01/16/2025,11,24,22,11:24:22,94,Tahap-3
01/16/2025,11,24,22,11:24:22,38,Tahap-3
01/16/2025,11,24,22,11:24:22,109,Tahap-3
01/16/2025,11,24,22,11:24:22,97,Tahap-3
01/16/2025,11,24,22,11:24:22,100,Tahap-3
01/16/2025,11,24,22,11:24:22,92,Tahap-3
01/16/2025,11,24,22,11:24:22,39,Tahap-3
01/16/2025,11,24,22,11:24:22,107,Tahap-3
01/16/2025,11,24,22,11:24:22,76,Tahap-3
01/16/2025,11,24,22,11:24:22,139,Tahap-3
01/16/2025,11,24,23,11:24:23,202,Tahap-3
01/16/2025,11,24,23,11:24:23,91,Tahap-3
01/16/2025,11,24,23,11:24:23,91,Tahap-3
01/16/2025,11,24,23,11:24:23,130,Tahap-3
01/16/2025,11,24,23,11:24:23,76,Tahap-3
01/16/2025,11,24,23,11:24:23,144,Tahap-3
01/16/2025,11,24,23,11:24:23,8,Tahap-3
01/16/2025,11,24,23,11:24:23,90,Tahap-3
01/16/2025,11,24,23,11:24:23,80,Tahap-3
01/16/2025,11,24,23,11:24:23,86,Tahap-3
01/16/2025,11,24,24,11:24:24,80,Tahap-3
01/16/2025,11,24,24,11:24:24,52,Tahap-3
01/16/2025,11,24,24,11:24:24,97,Tahap-3
01/16/2025,11,24,24,11:24:24,54,Tahap-3
01/16/2025,11,24,25,11:24:25,30,Tahap-3
01/16/2025,11,24,25,11:24:25,50,Tahap-3
01/16/2025,11,24,25,11:24:25,20,Tahap-3
01/16/2025,11,24,25,11:24:25,61,Tahap-3
01/16/2025,11,24,25,11:24:25,103,Tahap-3
01/16/2025,11,24,25,11:24:25,118,Tahap-3
01/16/2025,11,24,25,11:24:25,60,Tahap-3
01/16/2025,11,24,25,11:24:25,32,Tahap-3
01/16/2025,11,24,25,11:24:25,180,Tahap-3
01/16/2025,11,24,25,11:24:25,116,Tahap-3
01/16/2025,11,24,25,11:24:25,107,Tahap-3
01/16/2025,11,24,25,11:24:25,198,Tahap-3
01/16/2025,11,24,25,11:24:25,405,Tahap-3
01/16/2025,11,24,25,11:24:25,249,Tahap-3
01/16/2025,11,24,25,11:24:25,119,Tahap-3
01/16/2025,11,24,25,11:24:25,84,Tahap-3
01/16/2025,11,24,26,11:24:26,111,Tahap-3
01/16/2025,11,24,26,11:24:26,78,Tahap-3
01/16/2025,11,24,26,11:24:26,133,Tahap-3
01/16/2025,11,24,26,11:24:26,63,Tahap-3
01/16/2025,11,24,26,11:24:26,57,Tahap-3
01/16/2025,11,24,26,11:24:26,178,Tahap-3
01/16/2025,11,24,26,11:24:26,145,Tahap-3
01/16/2025,11,24,26,11:24:26,203,Tahap-3
01/16/2025,11,24,26,11:24:26,89,Tahap-3
01/16/2025,11,24,26,11:24:26,86,Tahap-3
01/16/2025,11,24,27,11:24:27,142,Tahap-3
01/16/2025,11,24,27,11:24:27,132,Tahap-3
01/16/2025,11,24,27,11:24:27,68,Tahap-3
01/16/2025,11,24,27,11:24:27,101,Tahap-3
01/16/2025,11,24,27,11:24:27,105,Tahap-3
01/16/2025,11,24,27,11:24:27,73,Tahap-3
01/16/2025,11,24,27,11:24:27,74,Tahap-3
01/16/2025,11,24,27,11:24:27,129,Tahap-3
01/16/2025,11,24,27,11:24:27,94,Tahap-3
01/16/2025,11,24,27,11:24:27,198,Tahap-3
01/16/2025,11,24,28,11:24:28,191,Tahap-3
01/16/2025,11,24,28,11:24:28,215,Tahap-3
01/16/2025,11,24,28,11:24:28,321,Tahap-3
01/16/2025,11,24,28,11:24:28,95,Tahap-3
01/16/2025,11,24,28,11:24:28,120,Tahap-3
01/16/2025,11,24,28,11:24:28,358,Tahap-3
01/16/2025,11,24,28,11:24:28,81,Tahap-3
01/16/2025,11,24,28,11:24:28,163,Tahap-3
01/16/2025,11,24,28,11:24:28,108,Tahap-3
01/16/2025,11,24,28,11:24:28,133,Tahap-3
01/16/2025,11,24,29,11:24:29,246,Tahap-3
01/16/2025,11,24,29,11:24:29,298,Tahap-3
01/16/2025,11,24,29,11:24:29,169,Tahap-3
01/16/2025,11,24,29,11:24:29,355,Tahap-3
01/16/2025,11,24,29,11:24:29,346,Tahap-3
01/16/2025,11,24,29,11:24:29,114,Tahap-3
01/16/2025,11,24,29,11:24:29,80,Tahap-3
01/16/2025,11,24,29,11:24:29,110,Tahap-3
01/16/2025,11,24,29,11:24:29,62,Tahap-3
01/16/2025,11,24,29,11:24:29,211,Tahap-3
01/16/2025,11,24,30,11:24:30,25,Tahap-3
01/16/2025,11,24,30,11:24:30,153,Tahap-3
01/16/2025,11,24,30,11:24:30,124,Tahap-3
01/16/2025,11,24,30,11:24:30,124,Tahap-3
01/16/2025,11,24,30,11:24:30,70,Tahap-3
01/16/2025,11,24,30,11:24:30,273,Tahap-3
01/16/2025,11,24,30,11:24:30,75,Tahap-3
01/16/2025,11,24,30,11:24:30,133,Tahap-3
01/16/2025,11,24,30,11:24:30,395,Tahap-3
01/16/2025,11,24,30,11:24:30,224,Tahap-3
01/16/2025,11,24,31,11:24:31,76,Tahap-3
01/16/2025,11,24,31,11:24:31,202,Tahap-3
01/16/2025,11,24,31,11:24:31,144,Tahap-3
01/16/2025,11,24,31,11:24:31,213,Tahap-3
01/16/2025,11,24,31,11:24:31,327,Tahap-3
01/16/2025,11,24,31,11:24:31,57,Tahap-3
01/16/2025,11,24,31,11:24:31,30,Tahap-3
01/16/2025,11,24,31,11:24:31,160,Tahap-3
01/16/2025,11,24,31,11:24:31,147,Tahap-3
01/16/2025,11,24,31,11:24:31,147,Tahap-3
01/16/2025,11,24,32,11:24:32,410,Tahap-3
01/16/2025,11,24,32,11:24:32,82,Tahap-3
01/16/2025,11,24,32,11:24:32,84,Tahap-3
01/16/2025,11,24,32,11:24:32,321,Tahap-3
01/16/2025,11,24,32,11:24:32,170,Tahap-3
01/16/2025,11,24,32,11:24:32,486,Tahap-3
01/16/2025,11,24,32,11:24:32,356,Tahap-3
01/16/2025,11,24,32,11:24:32,377,Tahap-3
01/16/2025,11,24,32,11:24:32,230,Tahap-3
01/16/2025,11,24,32,11:24:32,567,Tahap-3
01/16/2025,11,24,33,11:24:33,-136,Tahap-3
01/16/2025,11,24,33,11:24:33,-80,Tahap-3
01/16/2025,11,24,33,11:24:33,-136,Tahap-3
01/16/2025,11,24,33,11:24:33,136,Tahap-3
01/16/2025,11,24,33,11:24:33,-176,Tahap-3
01/16/2025,11,24,33,11:24:33,56,Tahap-3
01/16/2025,11,24,33,11:24:33,-72,Tahap-3
01/16/2025,11,24,33,11:24:33,8,Tahap-3
01/16/2025,11,24,33,11:24:33,144,Tahap-3
01/16/2025,11,24,33,11:24:33,-88,Tahap-3
01/16/2025,11,24,34,11:24:34,16,Tahap-3
01/16/2025,11,24,34,11:24:34,24,Tahap-3
01/16/2025,11,24,34,11:24:34,-56,Tahap-3
01/16/2025,11,24,34,11:24:34,72,Tahap-3
01/16/2025,11,24,34,11:24:34,-56,Tahap-3
01/16/2025,11,24,34,11:24:34,-40,Tahap-3
01/16/2025,11,24,34,11:24:34,16,Tahap-3
01/16/2025,11,24,34,11:24:34,64,Tahap-3
01/16/2025,11,24,34,11:24:34,40,Tahap-3
01/16/2025,11,24,34,11:24:34,-96,Tahap-3
01/16/2025,11,24,35,11:24:35,88,Tahap-3
01/16/2025,11,24,35,11:24:35,-56,Tahap-3
01/16/2025,11,24,35,11:24:35,136,Tahap-3
01/16/2025,11,24,35,11:24:35,-104,Tahap-3
01/16/2025,11,24,35,11:24:35,8,Tahap-3
01/16/2025,11,24,35,11:24:35,56,Tahap-3
01/16/2025,11,24,35,11:24:35,-16,Tahap-3
01/16/2025,11,24,35,11:24:35,128,Tahap-3
01/16/2025,11,24,35,11:24:35,-56,Tahap-3
01/16/2025,11,24,36,11:24:36,-32,Tahap-3
01/16/2025,11,24,36,11:24:36,112,Tahap-3
01/16/2025,11,24,36,11:24:36,-112,Tahap-3
01/16/2025,11,24,36,11:24:36,56,Tahap-3
01/16/2025,11,24,36,11:24:36,-136,Tahap-3
01/16/2025,11,24,36,11:24:36,72,Tahap-3
01/16/2025,11,24,36,11:24:36,96,Tahap-3
01/16/2025,11,24,36,11:24:36,40,Tahap-3
01/16/2025,11,24,36,11:24:36,-64,Tahap-3
01/16/2025,11,24,36,11:24:36,88,Tahap-3
01/16/2025,11,24,37,11:24:37,-32,Tahap-3
01/16/2025,11,24,37,11:24:37,-48,Tahap-3
01/16/2025,11,24,37,11:24:37,24,Tahap-3
01/16/2025,11,24,37,11:24:37,-72,Tahap-3
01/16/2025,11,24,37,11:24:37,136,Tahap-3
01/16/2025,11,24,37,11:24:37,-24,Tahap-3
01/16/2025,11,24,37,11:24:37,80,Tahap-3
01/16/2025,11,24,37,11:24:37,-48,Tahap-3
01/16/2025,11,24,37,11:24:37,120,Tahap-3
01/16/2025,11,24,38,11:24:38,56,Tahap-3
01/16/2025,11,24,38,11:24:38,24,Tahap-3
01/16/2025,11,24,38,11:24:38,168,Tahap-3
01/16/2025,11,24,38,11:24:38,56,Tahap-3
01/16/2025,11,24,38,11:24:38,72,Tahap-3
01/16/2025,11,24,38,11:24:38,192,Tahap-3
01/16/2025,11,24,38,11:24:38,16,Tahap-3
01/16/2025,11,24,38,11:24:38,176,Tahap-3
01/16/2025,11,24,38,11:24:38,128,Tahap-3
01/16/2025,11,24,39,11:24:39,-56,Tahap-3
01/16/2025,11,24,39,11:24:39,128,Tahap-3
01/16/2025,11,24,39,11:24:39,120,Tahap-3
01/16/2025,11,24,39,11:24:39,88,Tahap-3
01/16/2025,11,24,39,11:24:39,136,Tahap-3
01/16/2025,11,24,39,11:24:39,136,Tahap-3
01/16/2025,11,24,39,11:24:39,160,Tahap-3
01/16/2025,11,24,39,11:24:39,16,Tahap-3
01/16/2025,11,24,39,11:24:39,168,Tahap-3
01/16/2025,11,24,39,11:24:39,24,Tahap-3
01/16/2025,11,24,40,11:24:40,192,Tahap-3
01/16/2025,11,24,40,11:24:40,8,Tahap-3
01/16/2025,11,24,40,11:24:40,88,Tahap-3
01/16/2025,11,24,40,11:24:40,168,Tahap-3
01/16/2025,11,24,40,11:24:40,192,Tahap-3
01/16/2025,11,24,40,11:24:40,136,Tahap-3
01/16/2025,11,24,40,11:24:40,64,Tahap-3
01/16/2025,11,24,40,11:24:40,88,Tahap-3
01/16/2025,11,24,40,11:24:40,184,Tahap-3
01/16/2025,11,24,40,11:24:40,136,Tahap-3
01/16/2025,11,24,41,11:24:41,-16,Tahap-3
01/16/2025,11,24,41,11:24:41,208,Tahap-3
01/16/2025,11,24,41,11:24:41,96,Tahap-3
01/16/2025,11,24,41,11:24:41,216,Tahap-3
01/16/2025,11,24,41,11:24:41,160,Tahap-3
01/16/2025,11,24,41,11:24:41,144,Tahap-3
01/16/2025,11,24,41,11:24:41,128,Tahap-3
01/16/2025,11,24,41,11:24:41,176,Tahap-3
01/16/2025,11,24,41,11:24:41,80,Tahap-3
01/16/2025,11,24,41,11:24:41,224,Tahap-3
01/16/2025,11,24,42,11:24:42,144,Tahap-3
01/16/2025,11,24,42,11:24:42,136,Tahap-3
01/16/2025,11,24,42,11:24:42,168,Tahap-3
01/16/2025,11,24,42,11:24:42,216,Tahap-3
01/16/2025,11,24,42,11:24:42,64,Tahap-3
01/16/2025,11,24,42,11:24:42,296,Tahap-3
01/16/2025,11,24,42,11:24:42,-24,Tahap-3
01/16/2025,11,24,42,11:24:42,232,Tahap-3
01/16/2025,11,24,42,11:24:42,232,Tahap-3
01/16/2025,11,24,42,11:24:42,8,Tahap-3
01/16/2025,11,24,43,11:24:43,160,Tahap-3
01/16/2025,11,24,43,11:24:43,104,Tahap-3
01/16/2025,11,24,43,11:24:43,64,Tahap-3
01/16/2025,11,24,43,11:24:43,208,Tahap-3
01/16/2025,11,24,43,11:24:43,16,Tahap-3
01/16/2025,11,24,43,11:24:43,96,Tahap-3
01/16/2025,11,24,43,11:24:43,152,Tahap-3
01/16/2025,11,24,43,11:24:43,-40,Tahap-3
01/16/2025,11,24,43,11:24:43,200,Tahap-3
01/16/2025,11,24,44,11:24:44,-80,Tahap-3
01/16/2025,11,24,44,11:24:44,136,Tahap-3
01/16/2025,11,24,44,11:24:44,40,Tahap-3
01/16/2025,11,24,44,11:24:44,216,Tahap-3
01/16/2025,11,24,44,11:24:44,192,Tahap-3
01/16/2025,11,24,44,11:24:44,32,Tahap-3
01/16/2025,11,24,44,11:24:44,72,Tahap-3
01/16/2025,11,24,44,11:24:44,216,Tahap-3
01/16/2025,11,24,44,11:24:44,80,Tahap-3
01/16/2025,11,24,44,11:24:44,136,Tahap-3
01/16/2025,11,24,45,11:24:45,248,Tahap-3
01/16/2025,11,24,45,11:24:45,72,Tahap-3
01/16/2025,11,24,45,11:24:45,112,Tahap-3
01/16/2025,11,24,45,11:24:45,240,Tahap-3
01/16/2025,11,24,45,11:24:45,88,Tahap-3
01/16/2025,11,24,45,11:24:45,80,Tahap-3
01/16/2025,11,24,45,11:24:45,224,Tahap-3
01/16/2025,11,24,45,11:24:45,96,Tahap-3
01/16/2025,11,24,45,11:24:45,120,Tahap-3
01/16/2025,11,25,10,11:25:10,512,Tahap-3
01/16/2025,11,25,10,11:25:10,215,Tahap-3
01/16/2025,11,25,10,11:25:10,247,Tahap-3
01/16/2025,11,25,10,11:25:10,124,Tahap-3
01/16/2025,11,25,10,11:25:10,408,Tahap-3
01/16/2025,11,25,10,11:25:10,328,Tahap-3
01/16/2025,11,25,10,11:25:10,251,Tahap-3
01/16/2025,11,25,11,11:25:11,154,Tahap-3
01/16/2025,11,25,11,11:25:11,22,Tahap-3
01/16/2025,11,25,11,11:25:11,55,Tahap-3
01/16/2025,11,25,11,11:25:11,157,Tahap-3
01/16/2025,11,25,11,11:25:11,102,Tahap-3
01/16/2025,11,25,11,11:25:11,145,Tahap-3
01/16/2025,11,25,11,11:25:11,118,Tahap-3
01/16/2025,11,25,11,11:25:11,26,Tahap-3
01/16/2025,11,25,11,11:25:11,106,Tahap-3
01/16/2025,11,25,11,11:25:11,59,Tahap-3
01/16/2025,11,25,12,11:25:12,100,Tahap-3
01/16/2025,11,25,12,11:25:12,19,Tahap-3
01/16/2025,11,25,12,11:25:12,112,Tahap-3
01/16/2025,11,25,12,11:25:12,112,Tahap-3
01/16/2025,11,25,12,11:25:12,168,Tahap-3
01/16/2025,11,25,12,11:25:12,115,Tahap-3
01/16/2025,11,25,12,11:25:12,40,Tahap-3
01/16/2025,11,25,12,11:25:12,81,Tahap-3
01/16/2025,11,25,12,11:25:12,78,Tahap-3
01/16/2025,11,25,12,11:25:12,135,Tahap-3
01/16/2025,11,25,13,11:25:13,61,Tahap-3
01/16/2025,11,25,13,11:25:13,96,Tahap-3
01/16/2025,11,25,13,11:25:13,75,Tahap-3
01/16/2025,11,25,13,11:25:13,158,Tahap-3
01/16/2025,11,25,13,11:25:13,179,Tahap-3
01/16/2025,11,25,13,11:25:13,103,Tahap-3
01/16/2025,11,25,13,11:25:13,121,Tahap-3
01/16/2025,11,25,13,11:25:13,56,Tahap-3
01/16/2025,11,25,13,11:25:13,168,Tahap-3
01/16/2025,11,25,13,11:25:13,146,Tahap-3
01/16/2025,11,25,14,11:25:14,144,Tahap-3
01/16/2025,11,25,14,11:25:14,61,Tahap-3
01/16/2025,11,25,14,11:25:14,65,Tahap-3
01/16/2025,11,25,14,11:25:14,100,Tahap-3
01/16/2025,11,25,14,11:25:14,134,Tahap-3
01/16/2025,11,25,14,11:25:14,135,Tahap-3
01/16/2025,11,25,14,11:25:14,139,Tahap-3
01/16/2025,11,25,14,11:25:14,158,Tahap-3
01/16/2025,11,25,14,11:25:14,289,Tahap-3
01/16/2025,11,25,14,11:25:14,30,Tahap-3
01/16/2025,11,25,15,11:25:15,168,Tahap-3
01/16/2025,11,25,15,11:25:15,64,Tahap-3
01/16/2025,11,25,15,11:25:15,162,Tahap-3
01/16/2025,11,25,15,11:25:15,206,Tahap-3
01/16/2025,11,25,15,11:25:15,100,Tahap-3
01/16/2025,11,25,15,11:25:15,208,Tahap-3
01/16/2025,11,25,15,11:25:15,233,Tahap-3
01/16/2025,11,25,15,11:25:15,289,Tahap-3
01/16/2025,11,25,15,11:25:15,259,Tahap-3
01/16/2025,11,25,15,11:25:15,130,Tahap-3
01/16/2025,11,25,16,11:25:16,47,Tahap-3
01/16/2025,11,25,16,11:25:16,41,Tahap-3
01/16/2025,11,25,16,11:25:16,175,Tahap-3
01/16/2025,11,25,16,11:25:16,153,Tahap-3
01/16/2025,11,25,16,11:25:16,44,Tahap-3
01/16/2025,11,25,16,11:25:16,75,Tahap-3
01/16/2025,11,25,16,11:25:16,242,Tahap-3
01/16/2025,11,25,16,11:25:16,216,Tahap-3
01/16/2025,11,25,16,11:25:16,220,Tahap-3
01/16/2025,11,25,16,11:25:16,120,Tahap-3
01/16/2025,11,25,17,11:25:17,30,Tahap-3
01/16/2025,11,25,17,11:25:17,119,Tahap-3
01/16/2025,11,25,17,11:25:17,100,Tahap-3
01/16/2025,11,25,17,11:25:17,126,Tahap-3
01/16/2025,11,25,17,11:25:17,246,Tahap-3
01/16/2025,11,25,17,11:25:17,242,Tahap-3
01/16/2025,11,25,17,11:25:17,139,Tahap-3
01/16/2025,11,25,17,11:25:17,103,Tahap-3
01/16/2025,11,25,17,11:25:17,111,Tahap-3
01/16/2025,11,25,17,11:25:17,58,Tahap-3
01/16/2025,11,25,18,11:25:18,587,Tahap-3
01/16/2025,11,25,18,11:25:18,439,Tahap-3
01/16/2025,11,25,18,11:25:18,134,Tahap-3
01/16/2025,11,25,18,11:25:18,35,Tahap-3
01/16/2025,11,25,18,11:25:18,163,Tahap-3
01/16/2025,11,25,18,11:25:18,268,Tahap-3
01/16/2025,11,25,18,11:25:18,75,Tahap-3
01/16/2025,11,25,18,11:25:18,94,Tahap-3
01/16/2025,11,25,18,11:25:18,141,Tahap-3
01/16/2025,11,25,18,11:25:18,151,Tahap-3
01/16/2025,11,25,19,11:25:19,382,Tahap-3
01/16/2025,11,25,19,11:25:19,402,Tahap-3
01/16/2025,11,25,19,11:25:19,77,Tahap-3
01/16/2025,11,25,19,11:25:19,268,Tahap-3
01/16/2025,11,25,19,11:25:19,531,Tahap-3
01/16/2025,11,25,19,11:25:19,130,Tahap-3
01/16/2025,11,25,19,11:25:19,218,Tahap-3
01/16/2025,11,25,19,11:25:19,220,Tahap-3
01/16/2025,11,25,19,11:25:19,172,Tahap-3
01/16/2025,11,25,19,11:25:19,129,Tahap-3
01/16/2025,11,25,20,11:25:20,72,Tahap-3
01/16/2025,11,25,20,11:25:20,186,Tahap-3
01/16/2025,11,25,20,11:25:20,135,Tahap-3
01/16/2025,11,25,20,11:25:20,171,Tahap-3
01/16/2025,11,25,20,11:25:20,357,Tahap-3
01/16/2025,11,25,20,11:25:20,100,Tahap-3
01/16/2025,11,25,20,11:25:20,174,Tahap-3
01/16/2025,11,25,20,11:25:20,390,Tahap-3
01/16/2025,11,25,20,11:25:20,145,Tahap-3
01/16/2025,11,25,20,11:25:20,325,Tahap-3
01/16/2025,11,25,20,11:25:20,22,Tahap-3
01/16/2025,11,25,21,11:25:21,313,Tahap-3
01/16/2025,11,25,21,11:25:21,235,Tahap-3
01/16/2025,11,25,21,11:25:21,310,Tahap-3
01/16/2025,11,25,21,11:25:21,168,Tahap-3
01/16/2025,11,25,21,11:25:21,119,Tahap-3
01/16/2025,11,25,21,11:25:21,246,Tahap-3
01/16/2025,11,25,21,11:25:21,130,Tahap-3
01/16/2025,11,25,21,11:25:21,70,Tahap-3
01/16/2025,11,25,21,11:25:21,129,Tahap-3
01/16/2025,11,25,21,11:25:21,266,Tahap-3
01/16/2025,11,25,22,11:25:22,349,Tahap-3
01/16/2025,11,25,22,11:25:22,408,Tahap-3
01/16/2025,11,25,22,11:25:22,149,Tahap-3
01/16/2025,11,25,22,11:25:22,406,Tahap-3
01/16/2025,11,25,22,11:25:22,551,Tahap-3
01/16/2025,11,25,22,11:25:22,400,Tahap-3
01/16/2025,11,25,22,11:25:22,588,Tahap-3
01/16/2025,11,25,22,11:25:22,156,Tahap-3
01/16/2025,11,25,22,11:25:22,365,Tahap-3
01/16/2025,11,25,22,11:25:22,88,Tahap-3
01/16/2025,11,25,23,11:25:23,104,Tahap-3
01/16/2025,11,25,23,11:25:23,-8,Tahap-3
01/16/2025,11,25,23,11:25:23,168,Tahap-3
01/16/2025,11,25,23,11:25:23,-40,Tahap-3
01/16/2025,11,25,23,11:25:23,48,Tahap-3
01/16/2025,11,25,23,11:25:23,40,Tahap-3
01/16/2025,11,25,23,11:25:23,184,Tahap-3
01/16/2025,11,25,23,11:25:23,56,Tahap-3
01/16/2025,11,25,23,11:25:23,32,Tahap-3
01/16/2025,11,25,23,11:25:23,-16,Tahap-3
01/16/2025,11,25,24,11:25:24,24,Tahap-3
01/16/2025,11,25,24,11:25:24,176,Tahap-3
01/16/2025,11,25,24,11:25:24,-8,Tahap-3
01/16/2025,11,25,24,11:25:24,136,Tahap-3
01/16/2025,11,25,25,11:25:25,24,Tahap-3
01/16/2025,11,25,25,11:25:25,-56,Tahap-3
01/16/2025,11,25,25,11:25:25,448,Tahap-3
01/16/2025,11,25,25,11:25:25,-128,Tahap-3
01/16/2025,11,25,25,11:25:25,24,Tahap-3
01/16/2025,11,25,25,11:25:25,64,Tahap-3
01/16/2025,11,25,25,11:25:25,104,Tahap-3
01/16/2025,11,25,25,11:25:25,-64,Tahap-3
01/16/2025,11,25,25,11:25:25,96,Tahap-3
01/16/2025,11,25,25,11:25:25,40,Tahap-3
01/16/2025,11,25,25,11:25:25,-40,Tahap-3
01/16/2025,11,25,25,11:25:25,-16,Tahap-3
01/16/2025,11,25,25,11:25:25,104,Tahap-3
01/16/2025,11,25,25,11:25:25,16,Tahap-3
01/16/2025,11,25,25,11:25:25,-16,Tahap-3
01/16/2025,11,25,25,11:25:25,48,Tahap-3
01/16/2025,11,25,26,11:25:26,72,Tahap-3
01/16/2025,11,25,26,11:25:26,-40,Tahap-3
01/16/2025,11,25,26,11:25:26,-32,Tahap-3
01/16/2025,11,25,26,11:25:26,136,Tahap-3
01/16/2025,11,25,26,11:25:26,-144,Tahap-3
01/16/2025,11,25,26,11:25:26,56,Tahap-3
01/16/2025,11,25,26,11:25:26,32,Tahap-3
01/16/2025,11,25,26,11:25:26,56,Tahap-3
01/16/2025,11,25,26,11:25:26,24,Tahap-3
01/16/2025,11,25,26,11:25:26,176,Tahap-3
01/16/2025,11,25,27,11:25:27,-128,Tahap-3
01/16/2025,11,25,27,11:25:27,-24,Tahap-3
01/16/2025,11,25,27,11:25:27,40,Tahap-3
01/16/2025,11,25,27,11:25:27,56,Tahap-3
01/16/2025,11,25,27,11:25:27,-24,Tahap-3
01/16/2025,11,25,27,11:25:27,56,Tahap-3
01/16/2025,11,25,27,11:25:27,-24,Tahap-3
01/16/2025,11,25,27,11:25:27,72,Tahap-3
01/16/2025,11,25,27,11:25:27,96,Tahap-3
01/16/2025,11,25,27,11:25:27,-96,Tahap-3
01/16/2025,11,25,28,11:25:28,-80,Tahap-3
01/16/2025,11,25,28,11:25:28,72,Tahap-3
01/16/2025,11,25,28,11:25:28,8,Tahap-3
01/16/2025,11,25,28,11:25:28,-32,Tahap-3
01/16/2025,11,25,28,11:25:28,144,Tahap-3
01/16/2025,11,25,28,11:25:28,24,Tahap-3
01/16/2025,11,25,28,11:25:28,-8,Tahap-3
01/16/2025,11,25,28,11:25:28,160,Tahap-3
01/16/2025,11,25,29,11:25:29,-104,Tahap-3
01/16/2025,11,25,29,11:25:29,64,Tahap-3
01/16/2025,11,25,29,11:25:29,96,Tahap-3
01/16/2025,11,25,29,11:25:29,32,Tahap-3
01/16/2025,11,25,29,11:25:29,8,Tahap-3
01/16/2025,11,25,29,11:25:29,80,Tahap-3
01/16/2025,11,25,29,11:25:29,120,Tahap-3
01/16/2025,11,25,29,11:25:29,48,Tahap-3
01/16/2025,11,25,29,11:25:29,48,Tahap-3
01/16/2025,11,25,29,11:25:29,112,Tahap-3
01/16/2025,11,25,30,11:25:30,-80,Tahap-3
01/16/2025,11,25,30,11:25:30,8,Tahap-3
01/16/2025,11,25,30,11:25:30,168,Tahap-3
01/16/2025,11,25,30,11:25:30,-56,Tahap-3
01/16/2025,11,25,30,11:25:30,-8,Tahap-3
01/16/2025,11,25,30,11:25:30,48,Tahap-3
01/16/2025,11,25,30,11:25:30,-24,Tahap-3
01/16/2025,11,25,30,11:25:30,-144,Tahap-3
01/16/2025,11,25,30,11:25:30,200,Tahap-3
01/16/2025,11,25,30,11:25:30,-96,Tahap-3
01/16/2025,11,25,31,11:25:31,64,Tahap-3
01/16/2025,11,25,31,11:25:31,-8,Tahap-3
01/16/2025,11,25,31,11:25:31,120,Tahap-3
01/16/2025,11,25,31,11:25:31,-96,Tahap-3
01/16/2025,11,25,31,11:25:31,56,Tahap-3
01/16/2025,11,25,31,11:25:31,-16,Tahap-3
01/16/2025,11,25,31,11:25:31,8,Tahap-3
01/16/2025,11,25,31,11:25:31,-56,Tahap-3
01/16/2025,11,25,31,11:25:31,8,Tahap-3
01/16/2025,11,25,31,11:25:31,24,Tahap-3
01/16/2025,11,25,32,11:25:32,-32,Tahap-3
01/16/2025,11,25,32,11:25:32,24,Tahap-3
01/16/2025,11,25,32,11:25:32,-40,Tahap-3
01/16/2025,11,25,32,11:25:32,-32,Tahap-3
01/16/2025,11,25,32,11:25:32,32,Tahap-3
01/16/2025,11,25,32,11:25:32,-72,Tahap-3
01/16/2025,11,25,32,11:25:32,-120,Tahap-3
01/16/2025,11,25,32,11:25:32,-88,Tahap-3
01/16/2025,11,25,32,11:25:32,-24,Tahap-3
01/16/2025,11,25,32,11:25:32,-208,Tahap-3
01/16/2025,11,25,33,11:25:33,-64,Tahap-3
01/16/2025,11,25,33,11:25:33,-32,Tahap-3
01/16/2025,11,25,33,11:25:33,-192,Tahap-3
01/16/2025,11,25,33,11:25:33,-64,Tahap-3
01/16/2025,11,25,33,11:25:33,-8,Tahap-3
01/16/2025,11,25,33,11:25:33,-96,Tahap-3
01/16/2025,11,25,33,11:25:33,40,Tahap-3
01/16/2025,11,25,33,11:25:33,-120,Tahap-3
01/16/2025,11,25,33,11:25:33,-16,Tahap-3
01/16/2025,11,25,34,11:25:34,-176,Tahap-3
01/16/2025,11,25,34,11:25:34,88,Tahap-3
01/16/2025,11,25,34,11:25:34,-136,Tahap-3
01/16/2025,11,25,34,11:25:34,-40,Tahap-3
01/16/2025,11,25,34,11:25:34,80,Tahap-3
01/16/2025,11,25,34,11:25:34,-72,Tahap-3
01/16/2025,11,25,34,11:25:34,-160,Tahap-3
01/16/2025,11,25,34,11:25:34,104,Tahap-3
01/16/2025,11,25,34,11:25:34,-200,Tahap-3
01/16/2025,11,25,34,11:25:34,16,Tahap-3
01/16/2025,11,25,35,11:25:35,-64,Tahap-3
01/16/2025,11,25,35,11:25:35,80,Tahap-3
01/16/2025,11,25,35,11:25:35,-128,Tahap-3
01/16/2025,11,25,35,11:25:35,-40,Tahap-3
01/16/2025,11,25,35,11:25:35,-16,Tahap-3
01/16/2025,11,25,35,11:25:35,-24,Tahap-3
01/16/2025,11,25,35,11:25:35,-32,Tahap-3
01/16/2025,11,26,1,11:26:01,106,Tahap-3
01/16/2025,11,26,1,11:26:01,73,Tahap-3
01/16/2025,11,26,1,11:26:01,83,Tahap-3
01/16/2025,11,26,1,11:26:01,208,Tahap-3
01/16/2025,11,26,1,11:26:01,141,Tahap-3
01/16/2025,11,26,1,11:26:01,100,Tahap-3
01/16/2025,11,26,1,11:26:01,69,Tahap-3
01/16/2025,11,26,1,11:26:01,83,Tahap-3
01/16/2025,11,26,1,11:26:01,56,Tahap-3
01/16/2025,11,26,1,11:26:01,157,Tahap-3
01/16/2025,11,26,2,11:26:02,153,Tahap-3
01/16/2025,11,26,2,11:26:02,34,Tahap-3
01/16/2025,11,26,2,11:26:02,12,Tahap-3
01/16/2025,11,26,2,11:26:02,88,Tahap-3
01/16/2025,11,26,2,11:26:02,90,Tahap-3
01/16/2025,11,26,2,11:26:02,61,Tahap-3
01/16/2025,11,26,2,11:26:02,126,Tahap-3
01/16/2025,11,26,2,11:26:02,151,Tahap-3
01/16/2025,11,26,2,11:26:02,145,Tahap-3
01/16/2025,11,26,2,11:26:02,170,Tahap-3
01/16/2025,11,26,3,11:26:03,85,Tahap-3
01/16/2025,11,26,3,11:26:03,180,Tahap-3
01/16/2025,11,26,3,11:26:03,148,Tahap-3
01/16/2025,11,26,3,11:26:03,55,Tahap-3
01/16/2025,11,26,3,11:26:03,109,Tahap-3
01/16/2025,11,26,3,11:26:03,10,Tahap-3
01/16/2025,11,26,3,11:26:03,128,Tahap-3
01/16/2025,11,26,3,11:26:03,79,Tahap-3
01/16/2025,11,26,3,11:26:03,101,Tahap-3
01/16/2025,11,26,3,11:26:03,57,Tahap-3
01/16/2025,11,26,4,11:26:04,131,Tahap-3
01/16/2025,11,26,4,11:26:04,68,Tahap-3
01/16/2025,11,26,4,11:26:04,84,Tahap-3
01/16/2025,11,26,4,11:26:04,35,Tahap-3
01/16/2025,11,26,4,11:26:04,41,Tahap-3
01/16/2025,11,26,4,11:26:04,50,Tahap-3
01/16/2025,11,26,4,11:26:04,84,Tahap-3
01/16/2025,11,26,4,11:26:04,145,Tahap-3
01/16/2025,11,26,4,11:26:04,76,Tahap-3
01/16/2025,11,26,4,11:26:04,110,Tahap-3
01/16/2025,11,26,5,11:26:05,83,Tahap-3
01/16/2025,11,26,5,11:26:05,145,Tahap-3
01/16/2025,11,26,5,11:26:05,116,Tahap-3
01/16/2025,11,26,5,11:26:05,214,Tahap-3
01/16/2025,11,26,5,11:26:05,134,Tahap-3
01/16/2025,11,26,5,11:26:05,201,Tahap-3
01/16/2025,11,26,5,11:26:05,324,Tahap-3
01/16/2025,11,26,5,11:26:05,190,Tahap-3
01/16/2025,11,26,5,11:26:05,47,Tahap-3
01/16/2025,11,26,5,11:26:05,56,Tahap-3
01/16/2025,11,26,6,11:26:06,208,Tahap-3
01/16/2025,11,26,6,11:26:06,120,Tahap-3
01/16/2025,11,26,6,11:26:06,61,Tahap-3
01/16/2025,11,26,6,11:26:06,194,Tahap-3
01/16/2025,11,26,6,11:26:06,159,Tahap-3
01/16/2025,11,26,6,11:26:06,93,Tahap-3
01/16/2025,11,26,6,11:26:06,55,Tahap-3
01/16/2025,11,26,6,11:26:06,90,Tahap-3
01/16/2025,11,26,6,11:26:06,133,Tahap-3
01/16/2025,11,26,6,11:26:06,126,Tahap-3
01/16/2025,11,26,7,11:26:07,87,Tahap-3
01/16/2025,11,26,7,11:26:07,50,Tahap-3
01/16/2025,11,26,7,11:26:07,87,Tahap-3
01/16/2025,11,26,7,11:26:07,245,Tahap-3
01/16/2025,11,26,7,11:26:07,119,Tahap-3
01/16/2025,11,26,7,11:26:07,96,Tahap-3
01/16/2025,11,26,7,11:26:07,122,Tahap-3
01/16/2025,11,26,7,11:26:07,131,Tahap-3
01/16/2025,11,26,7,11:26:07,328,Tahap-3
01/16/2025,11,26,7,11:26:07,835,Tahap-3
01/16/2025,11,26,8,11:26:08,131,Tahap-3
01/16/2025,11,26,8,11:26:08,107,Tahap-3
01/16/2025,11,26,8,11:26:08,157,Tahap-3
01/16/2025,11,26,8,11:26:08,210,Tahap-3
01/16/2025,11,26,8,11:26:08,268,Tahap-3
01/16/2025,11,26,8,11:26:08,165,Tahap-3
01/16/2025,11,26,8,11:26:08,61,Tahap-3
01/16/2025,11,26,8,11:26:08,80,Tahap-3
01/16/2025,11,26,8,11:26:08,202,Tahap-3
01/16/2025,11,26,8,11:26:08,189,Tahap-3
01/16/2025,11,26,9,11:26:09,363,Tahap-3
01/16/2025,11,26,9,11:26:09,275,Tahap-3
01/16/2025,11,26,9,11:26:09,545,Tahap-3
01/16/2025,11,26,9,11:26:09,251,Tahap-3
01/16/2025,11,26,9,11:26:09,186,Tahap-3
01/16/2025,11,26,9,11:26:09,22,Tahap-3
01/16/2025,11,26,9,11:26:09,146,Tahap-3
01/16/2025,11,26,9,11:26:09,147,Tahap-3
01/16/2025,11,26,9,11:26:09,86,Tahap-3
01/16/2025,11,26,9,11:26:09,99,Tahap-3
01/16/2025,11,26,9,11:26:09,101,Tahap-3
01/16/2025,11,26,10,11:26:10,36,Tahap-3
01/16/2025,11,26,10,11:26:10,68,Tahap-3
01/16/2025,11,26,10,11:26:10,43,Tahap-3
01/16/2025,11,26,10,11:26:10,114,Tahap-3
01/16/2025,11,26,10,11:26:10,368,Tahap-3
01/16/2025,11,26,10,11:26:10,305,Tahap-3
01/16/2025,11,26,10,11:26:10,317,Tahap-3
01/16/2025,11,26,10,11:26:10,207,Tahap-3
01/16/2025,11,26,10,11:26:10,266,Tahap-3
01/16/2025,11,26,10,11:26:10,176,Tahap-3
01/16/2025,11,26,11,11:26:11,350,Tahap-3
01/16/2025,11,26,11,11:26:11,48,Tahap-3
01/16/2025,11,26,11,11:26:11,114,Tahap-3
01/16/2025,11,26,11,11:26:11,102,Tahap-3
01/16/2025,11,26,11,11:26:11,274,Tahap-3
01/16/2025,11,26,11,11:26:11,58,Tahap-3
01/16/2025,11,26,11,11:26:11,267,Tahap-3
01/16/2025,11,26,11,11:26:11,172,Tahap-3
01/16/2025,11,26,11,11:26:11,303,Tahap-3
01/16/2025,11,26,11,11:26:11,120,Tahap-3
01/16/2025,11,26,12,11:26:12,388,Tahap-3
01/16/2025,11,26,12,11:26:12,454,Tahap-3
01/16/2025,11,26,12,11:26:12,330,Tahap-3
01/16/2025,11,26,12,11:26:12,197,Tahap-3
01/16/2025,11,26,12,11:26:12,335,Tahap-3
01/16/2025,11,26,12,11:26:12,551,Tahap-3
01/16/2025,11,26,12,11:26:12,232,Tahap-3
01/16/2025,11,26,12,11:26:12,572,Tahap-3
01/16/2025,11,26,12,11:26:12,-16,Tahap-3
01/16/2025,11,26,12,11:26:12,112,Tahap-3
01/16/2025,11,26,13,11:26:13,-64,Tahap-3
01/16/2025,11,26,13,11:26:13,16,Tahap-3
01/16/2025,11,26,13,11:26:13,24,Tahap-3
01/16/2025,11,26,13,11:26:13,24,Tahap-3
01/16/2025,11,26,13,11:26:13,160,Tahap-3
01/16/2025,11,26,13,11:26:13,-72,Tahap-3
01/16/2025,11,26,13,11:26:13,24,Tahap-3
01/16/2025,11,26,13,11:26:13,-48,Tahap-3
01/16/2025,11,26,13,11:26:13,16,Tahap-3
01/16/2025,11,26,14,11:26:14,-272,Tahap-3
01/16/2025,11,26,14,11:26:14,112,Tahap-3
01/16/2025,11,26,14,11:26:14,136,Tahap-3
01/16/2025,11,26,14,11:26:14,-40,Tahap-3
01/16/2025,11,26,14,11:26:14,8,Tahap-3
01/16/2025,11,26,14,11:26:14,-56,Tahap-3
01/16/2025,11,26,14,11:26:14,-200,Tahap-3
01/16/2025,11,26,14,11:26:14,64,Tahap-3
01/16/2025,11,26,14,11:26:14,-16,Tahap-3
01/16/2025,11,26,14,11:26:14,104,Tahap-3
01/16/2025,11,26,15,11:26:15,-64,Tahap-3
01/16/2025,11,26,15,11:26:15,160,Tahap-3
01/16/2025,11,26,15,11:26:15,160,Tahap-3
01/16/2025,11,26,15,11:26:15,48,Tahap-3
01/16/2025,11,26,15,11:26:15,-48,Tahap-3
01/16/2025,11,26,15,11:26:15,48,Tahap-3
01/16/2025,11,26,15,11:26:15,-64,Tahap-3
01/16/2025,11,26,15,11:26:15,-32,Tahap-3
01/16/2025,11,26,15,11:26:15,128,Tahap-3
01/16/2025,11,26,15,11:26:15,88,Tahap-3
01/16/2025,11,26,16,11:26:16,-240,Tahap-3
01/16/2025,11,26,16,11:26:16,344,Tahap-3
01/16/2025,11,26,16,11:26:16,56,Tahap-3
01/16/2025,11,26,16,11:26:16,24,Tahap-3
01/16/2025,11,26,16,11:26:16,32,Tahap-3
01/16/2025,11,26,16,11:26:16,-32,Tahap-3
01/16/2025,11,26,16,11:26:16,-40,Tahap-3
01/16/2025,11,26,16,11:26:16,208,Tahap-3
01/16/2025,11,26,16,11:26:16,24,Tahap-3
01/16/2025,11,26,16,11:26:16,-24,Tahap-3
01/16/2025,11,26,17,11:26:17,-80,Tahap-3
01/16/2025,11,26,17,11:26:17,64,Tahap-3
01/16/2025,11,26,17,11:26:17,8,Tahap-3
01/16/2025,11,26,17,11:26:17,-64,Tahap-3
01/16/2025,11,26,17,11:26:17,-88,Tahap-3
01/16/2025,11,26,17,11:26:17,88,Tahap-3
01/16/2025,11,26,17,11:26:17,-56,Tahap-3
01/16/2025,11,26,17,11:26:17,136,Tahap-3
01/16/2025,11,26,17,11:26:17,-160,Tahap-3
01/16/2025,11,26,18,11:26:18,104,Tahap-3
01/16/2025,11,26,18,11:26:18,80,Tahap-3
01/16/2025,11,26,18,11:26:18,8,Tahap-3
01/16/2025,11,26,18,11:26:18,-168,Tahap-3
01/16/2025,11,26,18,11:26:18,72,Tahap-3
01/16/2025,11,26,18,11:26:18,-152,Tahap-3
01/16/2025,11,26,18,11:26:18,32,Tahap-3
01/16/2025,11,26,18,11:26:18,-72,Tahap-3
01/16/2025,11,26,18,11:26:18,24,Tahap-3
01/16/2025,11,26,18,11:26:18,-88,Tahap-3
01/16/2025,11,26,19,11:26:19,32,Tahap-3
01/16/2025,11,26,19,11:26:19,56,Tahap-3
01/16/2025,11,26,19,11:26:19,-48,Tahap-3
01/16/2025,11,26,19,11:26:19,16,Tahap-3
01/16/2025,11,26,19,11:26:19,72,Tahap-3
01/16/2025,11,26,19,11:26:19,-8,Tahap-3
01/16/2025,11,26,19,11:26:19,-48,Tahap-3
01/16/2025,11,26,19,11:26:19,112,Tahap-3
01/16/2025,11,26,19,11:26:19,-144,Tahap-3
01/16/2025,11,26,20,11:26:20,168,Tahap-3
01/16/2025,11,26,20,11:26:20,-16,Tahap-3
01/16/2025,11,26,20,11:26:20,-40,Tahap-3
01/16/2025,11,26,20,11:26:20,16,Tahap-3
01/16/2025,11,26,20,11:26:20,88,Tahap-3
01/16/2025,11,26,20,11:26:20,48,Tahap-3
01/16/2025,11,26,20,11:26:20,-72,Tahap-3
01/16/2025,11,26,20,11:26:20,40,Tahap-3
01/16/2025,11,26,20,11:26:20,-32,Tahap-3
01/16/2025,11,26,21,11:26:21,56,Tahap-3
01/16/2025,11,26,21,11:26:21,-48,Tahap-3
01/16/2025,11,26,21,11:26:21,32,Tahap-3
01/16/2025,11,26,21,11:26:21,-144,Tahap-3
01/16/2025,11,26,21,11:26:21,48,Tahap-3
01/16/2025,11,26,21,11:26:21,-40,Tahap-3
01/16/2025,11,26,21,11:26:21,-144,Tahap-3
01/16/2025,11,26,21,11:26:21,184,Tahap-3
01/16/2025,11,26,21,11:26:21,-80,Tahap-3
01/16/2025,11,26,21,11:26:21,16,Tahap-3
01/16/2025,11,26,22,11:26:22,144,Tahap-3
01/16/2025,11,26,22,11:26:22,-56,Tahap-3
01/16/2025,11,26,22,11:26:22,-88,Tahap-3
01/16/2025,11,26,22,11:26:22,80,Tahap-3
01/16/2025,11,26,22,11:26:22,-128,Tahap-3
01/16/2025,11,26,22,11:26:22,64,Tahap-3
01/16/2025,11,26,22,11:26:22,8,Tahap-3
01/16/2025,11,26,22,11:26:22,-8,Tahap-3
01/16/2025,11,26,22,11:26:22,-48,Tahap-3
01/16/2025,11,26,22,11:26:22,8,Tahap-3
01/16/2025,11,26,23,11:26:23,-128,Tahap-3
01/16/2025,11,26,23,11:26:23,88,Tahap-3
01/16/2025,11,26,23,11:26:23,-96,Tahap-3
01/16/2025,11,26,23,11:26:23,24,Tahap-3
01/16/2025,11,26,23,11:26:23,-24,Tahap-3
01/16/2025,11,26,23,11:26:23,48,Tahap-3
01/16/2025,11,26,23,11:26:23,56,Tahap-3
01/16/2025,11,26,23,11:26:23,-96,Tahap-3
01/16/2025,11,26,23,11:26:23,88,Tahap-3
01/16/2025,11,26,24,11:26:24,80,Tahap-3
01/16/2025,11,26,24,11:26:24,-40,Tahap-3
01/16/2025,11,26,24,11:26:24,-24,Tahap-3
01/16/2025,11,26,24,11:26:24,136,Tahap-3
01/16/2025,11,26,25,11:26:25,-104,Tahap-3
01/16/2025,11,26,25,11:26:25,96,Tahap-3
01/16/2025,11,26,25,11:26:25,-16,Tahap-3
01/16/2025,11,26,25,11:26:25,-8,Tahap-3
01/16/2025,11,26,25,11:26:25,-88,Tahap-3
01/16/2025,11,26,25,11:26:25,-16,Tahap-3
01/16/2025,11,26,25,11:26:25,-32,Tahap-3
01/16/2025,11,26,25,11:26:25,-32,Tahap-3
01/16/2025,11,26,25,11:26:25,-48,Tahap-3
01/16/2025,11,26,25,11:26:25,-96,Tahap-3
01/16/2025,11,26,25,11:26:25,152,Tahap-3
01/16/2025,11,26,25,11:26:25,-184,Tahap-3
01/16/2025,11,26,25,11:26:25,72,Tahap-3
01/16/2025,11,26,50,11:26:50,1672,Tahap-3
01/16/2025,11,26,50,11:26:50,776,Tahap-3
01/16/2025,11,26,50,11:26:50,241,Tahap-3
01/16/2025,11,26,50,11:26:50,319,Tahap-3
01/16/2025,11,26,50,11:26:50,242,Tahap-3
01/16/2025,11,26,50,11:26:50,327,Tahap-3
01/16/2025,11,26,50,11:26:50,167,Tahap-3
01/16/2025,11,26,50,11:26:50,243,Tahap-3
01/16/2025,11,26,50,11:26:50,111,Tahap-3
01/16/2025,11,26,51,11:26:51,289,Tahap-3
01/16/2025,11,26,51,11:26:51,232,Tahap-3
01/16/2025,11,26,51,11:26:51,55,Tahap-3
01/16/2025,11,26,51,11:26:51,106,Tahap-3
01/16/2025,11,26,51,11:26:51,133,Tahap-3
01/16/2025,11,26,51,11:26:51,137,Tahap-3
01/16/2025,11,26,51,11:26:51,100,Tahap-3
01/16/2025,11,26,51,11:26:51,29,Tahap-3
01/16/2025,11,26,51,11:26:51,50,Tahap-3
01/16/2025,11,26,51,11:26:51,113,Tahap-3
01/16/2025,11,26,52,11:26:52,47,Tahap-3
01/16/2025,11,26,52,11:26:52,91,Tahap-3
01/16/2025,11,26,52,11:26:52,98,Tahap-3
01/16/2025,11,26,52,11:26:52,38,Tahap-3
01/16/2025,11,26,52,11:26:52,71,Tahap-3
01/16/2025,11,26,52,11:26:52,53,Tahap-3
01/16/2025,11,26,52,11:26:52,76,Tahap-3
01/16/2025,11,26,52,11:26:52,347,Tahap-3
01/16/2025,11,26,52,11:26:52,194,Tahap-3
01/16/2025,11,26,52,11:26:52,135,Tahap-3
01/16/2025,11,26,53,11:26:53,45,Tahap-3
01/16/2025,11,26,53,11:26:53,3,Tahap-3
01/16/2025,11,26,53,11:26:53,86,Tahap-3
01/16/2025,11,26,53,11:26:53,52,Tahap-3
01/16/2025,11,26,53,11:26:53,153,Tahap-3
01/16/2025,11,26,53,11:26:53,122,Tahap-3
01/16/2025,11,26,53,11:26:53,145,Tahap-3
01/16/2025,11,26,53,11:26:53,117,Tahap-3
01/16/2025,11,26,53,11:26:53,43,Tahap-3
01/16/2025,11,26,53,11:26:53,132,Tahap-3
01/16/2025,11,26,54,11:26:54,34,Tahap-3
01/16/2025,11,26,54,11:26:54,26,Tahap-3
01/16/2025,11,26,54,11:26:54,22,Tahap-3
01/16/2025,11,26,54,11:26:54,79,Tahap-3
01/16/2025,11,26,54,11:26:54,211,Tahap-3
01/16/2025,11,26,55,11:26:55,56,Tahap-3
01/16/2025,11,26,55,11:26:55,148,Tahap-3
01/16/2025,11,26,55,11:26:55,95,Tahap-3
01/16/2025,11,26,55,11:26:55,169,Tahap-3
01/16/2025,11,26,55,11:26:55,160,Tahap-3
01/16/2025,11,26,55,11:26:55,116,Tahap-3
01/16/2025,11,26,55,11:26:55,138,Tahap-3
01/16/2025,11,26,55,11:26:55,74,Tahap-3
01/16/2025,11,26,55,11:26:55,93,Tahap-3
01/16/2025,11,26,55,11:26:55,145,Tahap-3
01/16/2025,11,26,55,11:26:55,37,Tahap-3
01/16/2025,11,26,55,11:26:55,23,Tahap-3
01/16/2025,11,26,55,11:26:55,138,Tahap-3
01/16/2025,11,26,55,11:26:55,62,Tahap-3
01/16/2025,11,26,55,11:26:55,80,Tahap-3
01/16/2025,11,26,56,11:26:56,129,Tahap-3
01/16/2025,11,26,56,11:26:56,111,Tahap-3
01/16/2025,11,26,56,11:26:56,29,Tahap-3
01/16/2025,11,26,56,11:26:56,34,Tahap-3
01/16/2025,11,26,56,11:26:56,137,Tahap-3
01/16/2025,11,26,56,11:26:56,146,Tahap-3
01/16/2025,11,26,56,11:26:56,17,Tahap-3
01/16/2025,11,26,56,11:26:56,86,Tahap-3
01/16/2025,11,26,56,11:26:56,104,Tahap-3
01/16/2025,11,26,56,11:26:56,116,Tahap-3
01/16/2025,11,26,57,11:26:57,44,Tahap-3
01/16/2025,11,26,57,11:26:57,28,Tahap-3
01/16/2025,11,26,57,11:26:57,265,Tahap-3
01/16/2025,11,26,57,11:26:57,97,Tahap-3
01/16/2025,11,26,57,11:26:57,174,Tahap-3
01/16/2025,11,26,57,11:26:57,179,Tahap-3
01/16/2025,11,26,57,11:26:57,158,Tahap-3
01/16/2025,11,26,57,11:26:57,110,Tahap-3
01/16/2025,11,26,57,11:26:57,233,Tahap-3
01/16/2025,11,26,57,11:26:57,652,Tahap-3
01/16/2025,11,26,58,11:26:58,121,Tahap-3
01/16/2025,11,26,58,11:26:58,117,Tahap-3
01/16/2025,11,26,58,11:26:58,116,Tahap-3
01/16/2025,11,26,58,11:26:58,249,Tahap-3
01/16/2025,11,26,58,11:26:58,159,Tahap-3
01/16/2025,11,26,58,11:26:58,155,Tahap-3
01/16/2025,11,26,58,11:26:58,110,Tahap-3
01/16/2025,11,26,58,11:26:58,191,Tahap-3
01/16/2025,11,26,58,11:26:58,284,Tahap-3
01/16/2025,11,26,58,11:26:58,360,Tahap-3
01/16/2025,11,26,59,11:26:59,405,Tahap-3
01/16/2025,11,26,59,11:26:59,115,Tahap-3
01/16/2025,11,26,59,11:26:59,746,Tahap-3
01/16/2025,11,26,59,11:26:59,151,Tahap-3
01/16/2025,11,26,59,11:26:59,152,Tahap-3
01/16/2025,11,26,59,11:26:59,63,Tahap-3
01/16/2025,11,26,59,11:26:59,82,Tahap-3
01/16/2025,11,26,59,11:26:59,119,Tahap-3
01/16/2025,11,26,59,11:26:59,231,Tahap-3
01/16/2025,11,26,59,11:26:59,109,Tahap-3
01/16/2025,11,27,1,11:27:01,118,Tahap-3
01/16/2025,11,27,1,11:27:01,274,Tahap-3
01/16/2025,11,27,1,11:27:01,351,Tahap-3
01/16/2025,11,27,1,11:27:01,48,Tahap-3
01/16/2025,11,27,1,11:27:01,162,Tahap-3
01/16/2025,11,27,1,11:27:01,146,Tahap-3
01/16/2025,11,27,1,11:27:01,251,Tahap-3
01/16/2025,11,27,1,11:27:01,191,Tahap-3
01/16/2025,11,27,1,11:27:01,311,Tahap-3
01/16/2025,11,27,1,11:27:01,230,Tahap-3
01/16/2025,11,27,2,11:27:02,102,Tahap-3
01/16/2025,11,27,2,11:27:02,503,Tahap-3
01/16/2025,11,27,2,11:27:02,291,Tahap-3
01/16/2025,11,27,2,11:27:02,326,Tahap-3
01/16/2025,11,27,2,11:27:02,198,Tahap-3
01/16/2025,11,27,2,11:27:02,752,Tahap-3
01/16/2025,11,27,2,11:27:02,349,Tahap-3
01/16/2025,11,27,2,11:27:02,144,Tahap-3
01/16/2025,11,27,2,11:27:02,-88,Tahap-3
01/16/2025,11,27,2,11:27:02,88,Tahap-3
01/16/2025,11,27,3,11:27:03,8,Tahap-3
01/16/2025,11,27,3,11:27:03,-24,Tahap-3
01/16/2025,11,27,3,11:27:03,32,Tahap-3
01/16/2025,11,27,3,11:27:03,40,Tahap-3
01/16/2025,11,27,3,11:27:03,-80,Tahap-3
01/16/2025,11,27,3,11:27:03,104,Tahap-3
01/16/2025,11,27,3,11:27:03,48,Tahap-3
01/16/2025,11,27,3,11:27:03,8,Tahap-3
01/16/2025,11,27,3,11:27:03,40,Tahap-3
01/16/2025,11,27,3,11:27:03,32,Tahap-3
01/16/2025,11,27,4,11:27:04,-104,Tahap-3
01/16/2025,11,27,4,11:27:04,112,Tahap-3
01/16/2025,11,27,4,11:27:04,-40,Tahap-3
01/16/2025,11,27,4,11:27:04,88,Tahap-3
01/16/2025,11,27,4,11:27:04,-72,Tahap-3
01/16/2025,11,27,4,11:27:04,72,Tahap-3
01/16/2025,11,27,4,11:27:04,32,Tahap-3
01/16/2025,11,27,4,11:27:04,-8,Tahap-3
01/16/2025,11,27,4,11:27:04,-24,Tahap-3
01/16/2025,11,27,4,11:27:04,16,Tahap-3
01/16/2025,11,27,5,11:27:05,-160,Tahap-3
01/16/2025,11,27,5,11:27:05,-32,Tahap-3
01/16/2025,11,27,5,11:27:05,72,Tahap-3
01/16/2025,11,27,5,11:27:05,-96,Tahap-3
01/16/2025,11,27,5,11:27:05,-72,Tahap-3
01/16/2025,11,27,5,11:27:05,112,Tahap-3
01/16/2025,11,27,5,11:27:05,-72,Tahap-3
01/16/2025,11,27,5,11:27:05,-120,Tahap-3
01/16/2025,11,27,5,11:27:05,48,Tahap-3
01/16/2025,11,27,5,11:27:05,-216,Tahap-3
01/16/2025,11,27,6,11:27:06,-56,Tahap-3
01/16/2025,11,27,6,11:27:06,-104,Tahap-3
01/16/2025,11,27,6,11:27:06,32,Tahap-3
01/16/2025,11,27,6,11:27:06,-64,Tahap-3
01/16/2025,11,27,6,11:27:06,-24,Tahap-3
01/16/2025,11,27,6,11:27:06,-40,Tahap-3
01/16/2025,11,27,6,11:27:06,48,Tahap-3
01/16/2025,11,27,6,11:27:06,-160,Tahap-3
01/16/2025,11,27,6,11:27:06,16,Tahap-3
01/16/2025,11,27,6,11:27:06,-72,Tahap-3
01/16/2025,11,27,6,11:27:06,-64,Tahap-3
01/16/2025,11,27,7,11:27:07,-144,Tahap-3
01/16/2025,11,27,7,11:27:07,32,Tahap-3
01/16/2025,11,27,7,11:27:07,-224,Tahap-3
01/16/2025,11,27,7,11:27:07,120,Tahap-3
01/16/2025,11,27,7,11:27:07,-168,Tahap-3
01/16/2025,11,27,7,11:27:07,-112,Tahap-3
01/16/2025,11,27,7,11:27:07,-80,Tahap-3
01/16/2025,11,27,7,11:27:07,16,Tahap-3
01/16/2025,11,27,7,11:27:07,-224,Tahap-3
01/16/2025,11,27,8,11:27:08,-160,Tahap-3
01/16/2025,11,27,8,11:27:08,-48,Tahap-3
01/16/2025,11,27,8,11:27:08,-8,Tahap-3
01/16/2025,11,27,8,11:27:08,-96,Tahap-3
01/16/2025,11,27,8,11:27:08,-8,Tahap-3
01/16/2025,11,27,8,11:27:08,-192,Tahap-3
01/16/2025,11,27,8,11:27:08,-64,Tahap-3
01/16/2025,11,27,8,11:27:08,-64,Tahap-3
01/16/2025,11,27,8,11:27:08,-48,Tahap-3
01/16/2025,11,27,8,11:27:08,-160,Tahap-3
01/16/2025,11,27,9,11:27:09,40,Tahap-3
01/16/2025,11,27,9,11:27:09,-168,Tahap-3
01/16/2025,11,27,9,11:27:09,-112,Tahap-3
01/16/2025,11,27,9,11:27:09,-88,Tahap-3
01/16/2025,11,27,9,11:27:09,-200,Tahap-3
01/16/2025,11,27,9,11:27:09,16,Tahap-3
01/16/2025,11,27,9,11:27:09,-248,Tahap-3
01/16/2025,11,27,9,11:27:09,-104,Tahap-3
01/16/2025,11,27,9,11:27:09,-160,Tahap-3
01/16/2025,11,27,10,11:27:10,-16,Tahap-3
01/16/2025,11,27,10,11:27:10,-232,Tahap-3
01/16/2025,11,27,10,11:27:10,-96,Tahap-3
01/16/2025,11,27,10,11:27:10,-104,Tahap-3
01/16/2025,11,27,10,11:27:10,-184,Tahap-3
01/16/2025,11,27,10,11:27:10,-120,Tahap-3
01/16/2025,11,27,10,11:27:10,-168,Tahap-3
01/16/2025,11,27,10,11:27:10,-24,Tahap-3
01/16/2025,11,27,10,11:27:10,-216,Tahap-3
01/16/2025,11,27,10,11:27:10,-32,Tahap-3
01/16/2025,11,27,11,11:27:11,-72,Tahap-3
01/16/2025,11,27,11,11:27:11,-168,Tahap-3
01/16/2025,11,27,11,11:27:11,-88,Tahap-3
01/16/2025,11,27,11,11:27:11,-32,Tahap-3
01/16/2025,11,27,11,11:27:11,-120,Tahap-3
01/16/2025,11,27,11,11:27:11,-96,Tahap-3
01/16/2025,11,27,11,11:27:11,-272,Tahap-3
01/16/2025,11,27,11,11:27:11,-160,Tahap-3
01/16/2025,11,27,12,11:27:12,-56,Tahap-3
01/16/2025,11,27,12,11:27:12,-152,Tahap-3
01/16/2025,11,27,12,11:27:12,-120,Tahap-3
01/16/2025,11,27,12,11:27:12,-64,Tahap-3
01/16/2025,11,27,12,11:27:12,-152,Tahap-3
01/16/2025,11,27,12,11:27:12,-80,Tahap-3
01/16/2025,11,27,12,11:27:12,-120,Tahap-3
01/16/2025,11,27,12,11:27:12,-144,Tahap-3
01/16/2025,11,27,12,11:27:12,-184,Tahap-3
01/16/2025,11,27,12,11:27:12,64,Tahap-3
01/16/2025,11,27,13,11:27:13,-112,Tahap-3
01/16/2025,11,27,13,11:27:13,-184,Tahap-3
01/16/2025,11,27,13,11:27:13,88,Tahap-3
01/16/2025,11,27,13,11:27:13,-120,Tahap-3
01/16/2025,11,27,13,11:27:13,-176,Tahap-3
01/16/2025,11,27,13,11:27:13,80,Tahap-3
01/16/2025,11,27,13,11:27:13,-144,Tahap-3
01/16/2025,11,27,13,11:27:13,-48,Tahap-3
01/16/2025,11,27,13,11:27:13,-192,Tahap-3
01/16/2025,11,27,13,11:27:13,-48,Tahap-3
01/16/2025,11,27,14,11:27:14,-96,Tahap-3
01/16/2025,11,27,14,11:27:14,-64,Tahap-3
01/16/2025,11,27,14,11:27:14,-8,Tahap-3
01/16/2025,11,27,14,11:27:14,-184,Tahap-3
01/16/2025,11,27,14,11:27:14,-144,Tahap-3
01/16/2025,11,27,14,11:27:14,-112,Tahap-3
01/16/2025,11,27,14,11:27:14,-72,Tahap-3
01/16/2025,11,27,14,11:27:14,-112,Tahap-3
01/16/2025,11,27,14,11:27:14,-136,Tahap-3
01/16/2025,11,27,14,11:27:14,-40,Tahap-3
01/16/2025,11,27,15,11:27:15,-176,Tahap-3
01/16/2025,11,27,15,11:27:15,-56,Tahap-3
01/16/2025,11,27,15,11:27:15,-168,Tahap-3
01/16/2025,11,27,15,11:27:15,-192,Tahap-3
01/16/2025,11,27,15,11:27:15,-120,Tahap-3
01/16/2025,11,27,15,11:27:15,-56,Tahap-3
01/16/2025,11,27,40,11:27:40,5526,Tahap-3
01/16/2025,11,27,40,11:27:40,2528,Tahap-3
01/16/2025,11,27,40,11:27:40,1797,Tahap-3
01/16/2025,11,27,40,11:27:40,1320,Tahap-3
01/16/2025,11,27,40,11:27:40,927,Tahap-3
01/16/2025,11,27,40,11:27:40,697,Tahap-3
01/16/2025,11,27,40,11:27:40,749,Tahap-3
01/16/2025,11,27,40,11:27:40,584,Tahap-3
01/16/2025,11,27,40,11:27:40,593,Tahap-3
01/16/2025,11,27,40,11:27:40,332,Tahap-3
01/16/2025,11,27,41,11:27:41,541,Tahap-3
01/16/2025,11,27,41,11:27:41,475,Tahap-3
01/16/2025,11,27,41,11:27:41,437,Tahap-3
01/16/2025,11,27,41,11:27:41,355,Tahap-3
01/16/2025,11,27,41,11:27:41,385,Tahap-3
01/16/2025,11,27,41,11:27:41,366,Tahap-3
01/16/2025,11,27,41,11:27:41,193,Tahap-3
01/16/2025,11,27,41,11:27:41,270,Tahap-3
01/16/2025,11,27,41,11:27:41,260,Tahap-3
01/16/2025,11,27,41,11:27:41,184,Tahap-3
01/16/2025,11,27,42,11:27:42,147,Tahap-3
01/16/2025,11,27,42,11:27:42,216,Tahap-3
01/16/2025,11,27,42,11:27:42,271,Tahap-3
01/16/2025,11,27,42,11:27:42,191,Tahap-3
01/16/2025,11,27,42,11:27:42,168,Tahap-3
01/16/2025,11,27,42,11:27:42,224,Tahap-3
01/16/2025,11,27,42,11:27:42,320,Tahap-3
01/16/2025,11,27,42,11:27:42,64,Tahap-3
01/16/2025,11,27,42,11:27:42,216,Tahap-3
01/16/2025,11,27,42,11:27:42,203,Tahap-3
01/16/2025,11,27,43,11:27:43,198,Tahap-3
01/16/2025,11,27,43,11:27:43,129,Tahap-3
01/16/2025,11,27,43,11:27:43,182,Tahap-3
01/16/2025,11,27,43,11:27:43,98,Tahap-3
01/16/2025,11,27,43,11:27:43,129,Tahap-3
01/16/2025,11,27,43,11:27:43,206,Tahap-3
01/16/2025,11,27,43,11:27:43,136,Tahap-3
01/16/2025,11,27,43,11:27:43,186,Tahap-3
01/16/2025,11,27,43,11:27:43,94,Tahap-3
01/16/2025,11,27,43,11:27:43,73,Tahap-3
01/16/2025,11,27,44,11:27:44,107,Tahap-3
01/16/2025,11,27,44,11:27:44,195,Tahap-3
01/16/2025,11,27,44,11:27:44,123,Tahap-3
01/16/2025,11,27,44,11:27:44,145,Tahap-3
01/16/2025,11,27,44,11:27:44,125,Tahap-3
01/16/2025,11,27,44,11:27:44,58,Tahap-3
01/16/2025,11,27,44,11:27:44,71,Tahap-3
01/16/2025,11,27,44,11:27:44,27,Tahap-3
01/16/2025,11,27,44,11:27:44,67,Tahap-3
01/16/2025,11,27,44,11:27:44,199,Tahap-3
01/16/2025,11,27,45,11:27:45,89,Tahap-3
01/16/2025,11,27,45,11:27:45,152,Tahap-3
01/16/2025,11,27,45,11:27:45,42,Tahap-3
01/16/2025,11,27,45,11:27:45,427,Tahap-3
01/16/2025,11,27,45,11:27:45,179,Tahap-3
01/16/2025,11,27,45,11:27:45,148,Tahap-3
01/16/2025,11,27,45,11:27:45,230,Tahap-3
01/16/2025,11,27,45,11:27:45,186,Tahap-3
01/16/2025,11,27,45,11:27:45,197,Tahap-3
01/16/2025,11,27,45,11:27:45,57,Tahap-3
01/16/2025,11,27,46,11:27:46,146,Tahap-3
01/16/2025,11,27,46,11:27:46,115,Tahap-3
01/16/2025,11,27,46,11:27:46,154,Tahap-3
01/16/2025,11,27,46,11:27:46,306,Tahap-3
01/16/2025,11,27,46,11:27:46,83,Tahap-3
01/16/2025,11,27,46,11:27:46,175,Tahap-3
01/16/2025,11,27,46,11:27:46,182,Tahap-3
01/16/2025,11,27,46,11:27:46,103,Tahap-3
01/16/2025,11,27,46,11:27:46,73,Tahap-3
01/16/2025,11,27,46,11:27:46,114,Tahap-3
01/16/2025,11,27,47,11:27:47,152,Tahap-3
01/16/2025,11,27,47,11:27:47,130,Tahap-3
01/16/2025,11,27,47,11:27:47,166,Tahap-3
01/16/2025,11,27,47,11:27:47,195,Tahap-3
01/16/2025,11,27,47,11:27:47,41,Tahap-3
01/16/2025,11,27,47,11:27:47,293,Tahap-3
01/16/2025,11,27,47,11:27:47,211,Tahap-3
01/16/2025,11,27,47,11:27:47,155,Tahap-3
01/16/2025,11,27,47,11:27:47,864,Tahap-3
01/16/2025,11,27,47,11:27:47,187,Tahap-3
01/16/2025,11,27,48,11:27:48,107,Tahap-3
01/16/2025,11,27,48,11:27:48,70,Tahap-3
01/16/2025,11,27,48,11:27:48,123,Tahap-3
01/16/2025,11,27,48,11:27:48,37,Tahap-3
01/16/2025,11,27,48,11:27:48,155,Tahap-3
01/16/2025,11,27,48,11:27:48,69,Tahap-3
01/16/2025,11,27,48,11:27:48,79,Tahap-3
01/16/2025,11,27,48,11:27:48,109,Tahap-3
01/16/2025,11,27,48,11:27:48,123,Tahap-3
01/16/2025,11,27,48,11:27:48,132,Tahap-3
01/16/2025,11,27,49,11:27:49,696,Tahap-3
01/16/2025,11,27,49,11:27:49,322,Tahap-3
01/16/2025,11,27,49,11:27:49,125,Tahap-3
01/16/2025,11,27,49,11:27:49,51,Tahap-3
01/16/2025,11,27,49,11:27:49,119,Tahap-3
01/16/2025,11,27,49,11:27:49,41,Tahap-3
01/16/2025,11,27,49,11:27:49,144,Tahap-3
01/16/2025,11,27,49,11:27:49,249,Tahap-3
01/16/2025,11,27,49,11:27:49,118,Tahap-3
01/16/2025,11,27,49,11:27:49,146,Tahap-3
01/16/2025,11,27,50,11:27:50,60,Tahap-3
01/16/2025,11,27,50,11:27:50,139,Tahap-3
01/16/2025,11,27,50,11:27:50,148,Tahap-3
01/16/2025,11,27,50,11:27:50,109,Tahap-3
01/16/2025,11,27,50,11:27:50,218,Tahap-3
01/16/2025,11,27,50,11:27:50,446,Tahap-3
01/16/2025,11,27,50,11:27:50,178,Tahap-3
01/16/2025,11,27,50,11:27:50,249,Tahap-3
01/16/2025,11,27,50,11:27:50,476,Tahap-3
01/16/2025,11,27,50,11:27:50,212,Tahap-3
01/16/2025,11,27,51,11:27:51,165,Tahap-3
01/16/2025,11,27,51,11:27:51,76,Tahap-3
01/16/2025,11,27,51,11:27:51,86,Tahap-3
01/16/2025,11,27,51,11:27:51,32,Tahap-3
01/16/2025,11,27,51,11:27:51,116,Tahap-3
01/16/2025,11,27,51,11:27:51,433,Tahap-3
01/16/2025,11,27,51,11:27:51,149,Tahap-3
01/16/2025,11,27,51,11:27:51,292,Tahap-3
01/16/2025,11,27,51,11:27:51,276,Tahap-3
01/16/2025,11,27,51,11:27:51,16,Tahap-3
01/16/2025,11,27,52,11:27:52,215,Tahap-3
01/16/2025,11,27,52,11:27:52,307,Tahap-3
01/16/2025,11,27,52,11:27:52,561,Tahap-3
01/16/2025,11,27,52,11:27:52,403,Tahap-3
01/16/2025,11,27,52,11:27:52,468,Tahap-3
01/16/2025,11,27,52,11:27:52,458,Tahap-3
01/16/2025,11,27,52,11:27:52,399,Tahap-3
01/16/2025,11,27,52,11:27:52,-36,Tahap-3
01/16/2025,11,27,52,11:27:52,-112,Tahap-3
01/16/2025,11,27,53,11:27:53,-144,Tahap-3
01/16/2025,11,27,53,11:27:53,-36,Tahap-3
01/16/2025,11,27,53,11:27:53,-76,Tahap-3
01/16/2025,11,27,53,11:27:53,-72,Tahap-3
01/16/2025,11,27,53,11:27:53,-40,Tahap-3
01/16/2025,11,27,53,11:27:53,-56,Tahap-3
01/16/2025,11,27,53,11:27:53,-24,Tahap-3
01/16/2025,11,27,53,11:27:53,-28,Tahap-3
01/16/2025,11,27,53,11:27:53,-96,Tahap-3
01/16/2025,11,27,53,11:27:53,-16,Tahap-3
01/16/2025,11,27,54,11:27:54,-44,Tahap-3
01/16/2025,11,27,54,11:27:54,-116,Tahap-3
01/16/2025,11,27,54,11:27:54,-52,Tahap-3
01/16/2025,11,27,54,11:27:54,-76,Tahap-3
01/16/2025,11,27,54,11:27:54,-64,Tahap-3
01/16/2025,11,27,55,11:27:55,-20,Tahap-3
01/16/2025,11,27,55,11:27:55,-28,Tahap-3
01/16/2025,11,27,55,11:27:55,-104,Tahap-3
01/16/2025,11,27,55,11:27:55,-48,Tahap-3
01/16/2025,11,27,55,11:27:55,-68,Tahap-3
01/16/2025,11,27,55,11:27:55,-92,Tahap-3
01/16/2025,11,27,55,11:27:55,20,Tahap-3
01/16/2025,11,27,55,11:27:55,-144,Tahap-3
01/16/2025,11,27,55,11:27:55,24,Tahap-3
01/16/2025,11,27,55,11:27:55,-20,Tahap-3
01/16/2025,11,27,55,11:27:55,-4,Tahap-3
01/16/2025,11,27,55,11:27:55,40,Tahap-3
01/16/2025,11,27,55,11:27:55,-96,Tahap-3
01/16/2025,11,27,55,11:27:55,-28,Tahap-3
01/16/2025,11,27,55,11:27:55,-24,Tahap-3
01/16/2025,11,27,56,11:27:56,-40,Tahap-3
01/16/2025,11,27,56,11:27:56,56,Tahap-3
01/16/2025,11,27,56,11:27:56,-28,Tahap-3
01/16/2025,11,27,56,11:27:56,44,Tahap-3
01/16/2025,11,27,56,11:27:56,16,Tahap-3
01/16/2025,11,27,56,11:27:56,4,Tahap-3
01/16/2025,11,27,56,11:27:56,4,Tahap-3
01/16/2025,11,27,56,11:27:56,88,Tahap-3
01/16/2025,11,27,56,11:27:56,-40,Tahap-3
01/16/2025,11,27,56,11:27:56,84,Tahap-3
01/16/2025,11,27,57,11:27:57,20,Tahap-3
01/16/2025,11,27,57,11:27:57,36,Tahap-3
01/16/2025,11,27,57,11:27:57,64,Tahap-3
01/16/2025,11,27,57,11:27:57,64,Tahap-3
01/16/2025,11,27,57,11:27:57,80,Tahap-3
01/16/2025,11,27,57,11:27:57,4,Tahap-3
01/16/2025,11,27,57,11:27:57,40,Tahap-3
01/16/2025,11,27,57,11:27:57,64,Tahap-3
01/16/2025,11,27,57,11:27:57,20,Tahap-3
01/16/2025,11,27,58,11:27:58,88,Tahap-3
01/16/2025,11,27,58,11:27:58,84,Tahap-3
01/16/2025,11,27,58,11:27:58,80,Tahap-3
01/16/2025,11,27,58,11:27:58,140,Tahap-3
01/16/2025,11,27,58,11:27:58,112,Tahap-3
01/16/2025,11,27,58,11:27:58,24,Tahap-3
01/16/2025,11,27,58,11:27:58,168,Tahap-3
01/16/2025,11,27,58,11:27:58,44,Tahap-3
01/16/2025,11,27,58,11:27:58,76,Tahap-3
01/16/2025,11,27,58,11:27:58,120,Tahap-3
01/16/2025,11,27,59,11:27:59,92,Tahap-3
01/16/2025,11,27,59,11:27:59,24,Tahap-3
01/16/2025,11,27,59,11:27:59,184,Tahap-3
01/16/2025,11,27,59,11:27:59,48,Tahap-3
01/16/2025,11,27,59,11:27:59,140,Tahap-3
01/16/2025,11,27,59,11:27:59,84,Tahap-3
01/16/2025,11,27,59,11:27:59,168,Tahap-3
01/16/2025,11,27,59,11:27:59,56,Tahap-3
01/16/2025,11,27,59,11:27:59,76,Tahap-3
01/16/2025,11,27,59,11:27:59,184,Tahap-3
01/16/2025,11,28,1,11:28:01,204,Tahap-3
01/16/2025,11,28,1,11:28:01,220,Tahap-3
01/16/2025,11,28,1,11:28:01,268,Tahap-3
01/16/2025,11,28,1,11:28:01,204,Tahap-3
01/16/2025,11,28,1,11:28:01,148,Tahap-3
01/16/2025,11,28,1,11:28:01,220,Tahap-3
01/16/2025,11,28,1,11:28:01,168,Tahap-3
01/16/2025,11,28,1,11:28:01,204,Tahap-3
01/16/2025,11,28,1,11:28:01,204,Tahap-3
01/16/2025,11,28,1,11:28:01,296,Tahap-3
01/16/2025,11,28,2,11:28:02,256,Tahap-3
01/16/2025,11,28,2,11:28:02,192,Tahap-3
01/16/2025,11,28,2,11:28:02,280,Tahap-3
01/16/2025,11,28,2,11:28:02,208,Tahap-3
01/16/2025,11,28,2,11:28:02,192,Tahap-3
01/16/2025,11,28,2,11:28:02,296,Tahap-3
01/16/2025,11,28,2,11:28:02,288,Tahap-3
01/16/2025,11,28,2,11:28:02,196,Tahap-3
01/16/2025,11,28,2,11:28:02,300,Tahap-3
01/16/2025,11,28,2,11:28:02,320,Tahap-3
01/16/2025,11,28,3,11:28:03,332,Tahap-3
01/16/2025,11,28,3,11:28:03,316,Tahap-3
01/16/2025,11,28,3,11:28:03,300,Tahap-3
01/16/2025,11,28,3,11:28:03,188,Tahap-3
01/16/2025,11,28,3,11:28:03,372,Tahap-3
01/16/2025,11,28,3,11:28:03,244,Tahap-3
01/16/2025,11,28,3,11:28:03,336,Tahap-3
01/16/2025,11,28,3,11:28:03,216,Tahap-3
01/16/2025,11,28,3,11:28:03,324,Tahap-3
01/16/2025,11,28,3,11:28:03,356,Tahap-3
01/16/2025,11,28,4,11:28:04,312,Tahap-3
01/16/2025,11,28,4,11:28:04,296,Tahap-3
01/16/2025,11,28,4,11:28:04,336,Tahap-3
01/16/2025,11,28,4,11:28:04,220,Tahap-3
01/16/2025,11,28,4,11:28:04,340,Tahap-3
01/16/2025,11,28,4,11:28:04,360,Tahap-3
01/16/2025,11,28,4,11:28:04,364,Tahap-3
01/16/2025,11,28,4,11:28:04,296,Tahap-3
01/16/2025,11,28,4,11:28:04,456,Tahap-3
01/16/2025,11,28,4,11:28:04,364,Tahap-3
01/16/2025,11,28,5,11:28:05,372,Tahap-3
01/16/2025,11,28,5,11:28:05,336,Tahap-3
01/16/2025,11,28,5,11:28:05,316,Tahap-3
01/16/2025,11,28,5,11:28:05,340,Tahap-3
01/16/2025,11,28,5,11:28:05,332,Tahap-3
01/16/2025,11,28,29,11:28:29,2053,Tahap-3
01/16/2025,11,28,30,11:28:30,1014,Tahap-3
01/16/2025,11,28,30,11:28:30,755,Tahap-3
01/16/2025,11,28,30,11:28:30,401,Tahap-3
01/16/2025,11,28,30,11:28:30,404,Tahap-3
01/16/2025,11,28,30,11:28:30,268,Tahap-3
01/16/2025,11,28,30,11:28:30,262,Tahap-3
01/16/2025,11,28,30,11:28:30,199,Tahap-3
01/16/2025,11,28,30,11:28:30,240,Tahap-3
01/16/2025,11,28,30,11:28:30,299,Tahap-3
01/16/2025,11,28,30,11:28:30,138,Tahap-3
01/16/2025,11,28,31,11:28:31,190,Tahap-3
01/16/2025,11,28,31,11:28:31,236,Tahap-3
01/16/2025,11,28,31,11:28:31,111,Tahap-3
01/16/2025,11,28,31,11:28:31,140,Tahap-3
01/16/2025,11,28,31,11:28:31,183,Tahap-3
01/16/2025,11,28,31,11:28:31,56,Tahap-3
01/16/2025,11,28,31,11:28:31,157,Tahap-3
01/16/2025,11,28,31,11:28:31,137,Tahap-3
01/16/2025,11,28,31,11:28:31,57,Tahap-3
01/16/2025,11,28,31,11:28:31,127,Tahap-3
01/16/2025,11,28,32,11:28:32,50,Tahap-3
01/16/2025,11,28,32,11:28:32,144,Tahap-3
01/16/2025,11,28,32,11:28:32,169,Tahap-3
01/16/2025,11,28,32,11:28:32,45,Tahap-3
01/16/2025,11,28,32,11:28:32,31,Tahap-3
01/16/2025,11,28,32,11:28:32,27,Tahap-3
01/16/2025,11,28,32,11:28:32,123,Tahap-3
01/16/2025,11,28,32,11:28:32,25,Tahap-3
01/16/2025,11,28,32,11:28:32,96,Tahap-3
01/16/2025,11,28,32,11:28:32,126,Tahap-3
01/16/2025,11,28,33,11:28:33,56,Tahap-3
01/16/2025,11,28,33,11:28:33,47,Tahap-3
01/16/2025,11,28,33,11:28:33,119,Tahap-3
01/16/2025,11,28,33,11:28:33,183,Tahap-3
01/16/2025,11,28,33,11:28:33,82,Tahap-3
01/16/2025,11,28,33,11:28:33,91,Tahap-3
01/16/2025,11,28,33,11:28:33,116,Tahap-3
01/16/2025,11,28,33,11:28:33,30,Tahap-3
01/16/2025,11,28,33,11:28:33,69,Tahap-3
01/16/2025,11,28,33,11:28:33,106,Tahap-3
01/16/2025,11,28,34,11:28:34,82,Tahap-3
01/16/2025,11,28,34,11:28:34,68,Tahap-3
01/16/2025,11,28,34,11:28:34,92,Tahap-3
01/16/2025,11,28,34,11:28:34,21,Tahap-3
01/16/2025,11,28,34,11:28:34,124,Tahap-3
01/16/2025,11,28,34,11:28:34,62,Tahap-3
01/16/2025,11,28,34,11:28:34,233,Tahap-3
01/16/2025,11,28,34,11:28:34,37,Tahap-3
01/16/2025,11,28,34,11:28:34,127,Tahap-3
01/16/2025,11,28,34,11:28:34,201,Tahap-3
01/16/2025,11,28,35,11:28:35,29,Tahap-3
01/16/2025,11,28,35,11:28:35,131,Tahap-3
01/16/2025,11,28,35,11:28:35,242,Tahap-3
01/16/2025,11,28,35,11:28:35,144,Tahap-3
01/16/2025,11,28,35,11:28:35,100,Tahap-3
01/16/2025,11,28,35,11:28:35,36,Tahap-3
01/16/2025,11,28,35,11:28:35,72,Tahap-3
01/16/2025,11,28,35,11:28:35,147,Tahap-3
01/16/2025,11,28,35,11:28:35,255,Tahap-3
01/16/2025,11,28,35,11:28:35,69,Tahap-3
01/16/2025,11,28,36,11:28:36,177,Tahap-3
01/16/2025,11,28,36,11:28:36,112,Tahap-3
01/16/2025,11,28,36,11:28:36,51,Tahap-3
01/16/2025,11,28,36,11:28:36,315,Tahap-3
01/16/2025,11,28,36,11:28:36,111,Tahap-3
01/16/2025,11,28,36,11:28:36,154,Tahap-3
01/16/2025,11,28,36,11:28:36,208,Tahap-3
01/16/2025,11,28,36,11:28:36,103,Tahap-3
01/16/2025,11,28,36,11:28:36,78,Tahap-3
01/16/2025,11,28,36,11:28:36,91,Tahap-3
01/16/2025,11,28,37,11:28:37,252,Tahap-3
01/16/2025,11,28,37,11:28:37,92,Tahap-3
01/16/2025,11,28,37,11:28:37,194,Tahap-3
01/16/2025,11,28,37,11:28:37,121,Tahap-3
01/16/2025,11,28,37,11:28:37,169,Tahap-3
01/16/2025,11,28,37,11:28:37,451,Tahap-3
01/16/2025,11,28,37,11:28:37,446,Tahap-3
01/16/2025,11,28,37,11:28:37,344,Tahap-3
01/16/2025,11,28,37,11:28:37,176,Tahap-3
01/16/2025,11,28,37,11:28:37,94,Tahap-3
01/16/2025,11,28,38,11:28:38,105,Tahap-3
01/16/2025,11,28,38,11:28:38,230,Tahap-3
01/16/2025,11,28,38,11:28:38,141,Tahap-3
01/16/2025,11,28,38,11:28:38,23,Tahap-3
01/16/2025,11,28,38,11:28:38,48,Tahap-3
01/16/2025,11,28,38,11:28:38,79,Tahap-3
01/16/2025,11,28,38,11:28:38,116,Tahap-3
01/16/2025,11,28,38,11:28:38,256,Tahap-3
01/16/2025,11,28,38,11:28:38,206,Tahap-3
01/16/2025,11,28,38,11:28:38,333,Tahap-3
01/16/2025,11,28,39,11:28:39,579,Tahap-3
01/16/2025,11,28,39,11:28:39,120,Tahap-3
01/16/2025,11,28,39,11:28:39,190,Tahap-3
01/16/2025,11,28,39,11:28:39,99,Tahap-3
01/16/2025,11,28,39,11:28:39,253,Tahap-3
01/16/2025,11,28,39,11:28:39,57,Tahap-3
01/16/2025,11,28,39,11:28:39,63,Tahap-3
01/16/2025,11,28,39,11:28:39,337,Tahap-3
01/16/2025,11,28,39,11:28:39,99,Tahap-3
01/16/2025,11,28,39,11:28:39,85,Tahap-3
01/16/2025,11,28,40,11:28:40,64,Tahap-3
01/16/2025,11,28,40,11:28:40,83,Tahap-3
01/16/2025,11,28,40,11:28:40,267,Tahap-3
01/16/2025,11,28,40,11:28:40,241,Tahap-3
01/16/2025,11,28,40,11:28:40,316,Tahap-3
01/16/2025,11,28,40,11:28:40,289,Tahap-3
01/16/2025,11,28,40,11:28:40,157,Tahap-3
01/16/2025,11,28,40,11:28:40,343,Tahap-3
01/16/2025,11,28,40,11:28:40,390,Tahap-3
01/16/2025,11,28,40,11:28:40,390,Tahap-3
01/16/2025,11,28,41,11:28:41,250,Tahap-3
01/16/2025,11,28,41,11:28:41,49,Tahap-3
01/16/2025,11,28,41,11:28:41,22,Tahap-3
01/16/2025,11,28,41,11:28:41,148,Tahap-3
01/16/2025,11,28,41,11:28:41,197,Tahap-3
01/16/2025,11,28,41,11:28:41,67,Tahap-3
01/16/2025,11,28,41,11:28:41,503,Tahap-3
01/16/2025,11,28,41,11:28:41,295,Tahap-3
01/16/2025,11,28,41,11:28:41,562,Tahap-3
01/16/2025,11,28,41,11:28:41,282,Tahap-3
01/16/2025,11,28,42,11:28:42,390,Tahap-3
01/16/2025,11,28,42,11:28:42,495,Tahap-3
01/16/2025,11,28,42,11:28:42,222,Tahap-3
01/16/2025,11,28,42,11:28:42,353,Tahap-3
01/16/2025,11,28,42,11:28:42,553,Tahap-3
01/16/2025,11,28,42,11:28:42,362,Tahap-3
01/16/2025,11,28,42,11:28:42,144,Tahap-3
01/16/2025,11,28,42,11:28:42,32,Tahap-3
01/16/2025,11,28,42,11:28:42,104,Tahap-3
01/16/2025,11,28,42,11:28:42,72,Tahap-3
01/16/2025,11,28,43,11:28:43,56,Tahap-3
01/16/2025,11,28,43,11:28:43,176,Tahap-3
01/16/2025,11,28,43,11:28:43,64,Tahap-3
01/16/2025,11,28,43,11:28:43,64,Tahap-3
01/16/2025,11,28,43,11:28:43,80,Tahap-3
01/16/2025,11,28,43,11:28:43,120,Tahap-3
01/16/2025,11,28,43,11:28:43,40,Tahap-3
01/16/2025,11,28,43,11:28:43,168,Tahap-3
01/16/2025,11,28,43,11:28:43,-64,Tahap-3
01/16/2025,11,28,43,11:28:43,144,Tahap-3
01/16/2025,11,28,44,11:28:44,80,Tahap-3
01/16/2025,11,28,44,11:28:44,192,Tahap-3
01/16/2025,11,28,44,11:28:44,-8,Tahap-3
01/16/2025,11,28,44,11:28:44,280,Tahap-3
01/16/2025,11,28,44,11:28:44,-120,Tahap-3
01/16/2025,11,28,44,11:28:44,392,Tahap-3
01/16/2025,11,28,44,11:28:44,-296,Tahap-3
01/16/2025,11,28,44,11:28:44,416,Tahap-3
01/16/2025,11,28,44,11:28:44,-176,Tahap-3
01/16/2025,11,28,44,11:28:44,80,Tahap-3
01/16/2025,11,28,45,11:28:45,176,Tahap-3
01/16/2025,11,28,45,11:28:45,184,Tahap-3
01/16/2025,11,28,45,11:28:45,-40,Tahap-3
01/16/2025,11,28,45,11:28:45,192,Tahap-3
01/16/2025,11,28,45,11:28:45,144,Tahap-3
01/16/2025,11,28,45,11:28:45,64,Tahap-3
01/16/2025,11,28,45,11:28:45,-24,Tahap-3
01/16/2025,11,28,45,11:28:45,112,Tahap-3
01/16/2025,11,28,45,11:28:45,208,Tahap-3
01/16/2025,11,28,45,11:28:45,16,Tahap-3
01/16/2025,11,28,46,11:28:46,40,Tahap-3
01/16/2025,11,28,46,11:28:46,-72,Tahap-3
01/16/2025,11,28,46,11:28:46,208,Tahap-3
01/16/2025,11,28,46,11:28:46,48,Tahap-3
01/16/2025,11,28,46,11:28:46,144,Tahap-3
01/16/2025,11,28,46,11:28:46,40,Tahap-3
01/16/2025,11,28,46,11:28:46,136,Tahap-3
01/16/2025,11,28,46,11:28:46,232,Tahap-3
01/16/2025,11,28,46,11:28:46,240,Tahap-3
01/16/2025,11,28,46,11:28:46,16,Tahap-3
01/16/2025,11,28,47,11:28:47,192,Tahap-3
01/16/2025,11,28,47,11:28:47,176,Tahap-3
01/16/2025,11,28,47,11:28:47,144,Tahap-3
01/16/2025,11,28,47,11:28:47,208,Tahap-3
01/16/2025,11,28,47,11:28:47,56,Tahap-3
01/16/2025,11,28,47,11:28:47,80,Tahap-3
01/16/2025,11,28,47,11:28:47,152,Tahap-3
01/16/2025,11,28,47,11:28:47,128,Tahap-3
01/16/2025,11,28,47,11:28:47,176,Tahap-3
01/16/2025,11,28,47,11:28:47,232,Tahap-3
01/16/2025,11,28,48,11:28:48,-80,Tahap-3
01/16/2025,11,28,48,11:28:48,160,Tahap-3
01/16/2025,11,28,48,11:28:48,80,Tahap-3
01/16/2025,11,28,48,11:28:48,240,Tahap-3
01/16/2025,11,28,48,11:28:48,32,Tahap-3
01/16/2025,11,28,48,11:28:48,88,Tahap-3
01/16/2025,11,28,48,11:28:48,232,Tahap-3
01/16/2025,11,28,48,11:28:48,24,Tahap-3
01/16/2025,11,28,48,11:28:48,120,Tahap-3
01/16/2025,11,28,49,11:28:49,128,Tahap-3
01/16/2025,11,28,49,11:28:49,-8,Tahap-3
01/16/2025,11,28,49,11:28:49,248,Tahap-3
01/16/2025,11,28,49,11:28:49,-40,Tahap-3
01/16/2025,11,28,49,11:28:49,96,Tahap-3
01/16/2025,11,28,49,11:28:49,176,Tahap-3
01/16/2025,11,28,49,11:28:49,112,Tahap-3
01/16/2025,11,28,49,11:28:49,256,Tahap-3
01/16/2025,11,28,49,11:28:49,-72,Tahap-3
01/16/2025,11,28,50,11:28:50,112,Tahap-3
01/16/2025,11,28,50,11:28:50,120,Tahap-3
01/16/2025,11,28,50,11:28:50,120,Tahap-3
01/16/2025,11,28,50,11:28:50,24,Tahap-3
01/16/2025,11,28,50,11:28:50,184,Tahap-3
01/16/2025,11,28,50,11:28:50,-64,Tahap-3
01/16/2025,11,28,50,11:28:50,88,Tahap-3
01/16/2025,11,28,50,11:28:50,168,Tahap-3
01/16/2025,11,28,50,11:28:50,-48,Tahap-3
01/16/2025,11,28,50,11:28:50,96,Tahap-3
01/16/2025,11,28,51,11:28:51,384,Tahap-3
01/16/2025,11,28,51,11:28:51,-80,Tahap-3
01/16/2025,11,28,51,11:28:51,192,Tahap-3
01/16/2025,11,28,51,11:28:51,-32,Tahap-3
01/16/2025,11,28,51,11:28:51,192,Tahap-3
01/16/2025,11,28,51,11:28:51,16,Tahap-3
01/16/2025,11,28,51,11:28:51,120,Tahap-3
01/16/2025,11,28,51,11:28:51,160,Tahap-3
01/16/2025,11,28,51,11:28:51,40,Tahap-3
01/16/2025,11,28,52,11:28:52,48,Tahap-3
01/16/2025,11,28,52,11:28:52,224,Tahap-3
01/16/2025,11,28,52,11:28:52,-40,Tahap-3
01/16/2025,11,28,52,11:28:52,136,Tahap-3
01/16/2025,11,28,52,11:28:52,8,Tahap-3
01/16/2025,11,28,52,11:28:52,32,Tahap-3
01/16/2025,11,28,52,11:28:52,112,Tahap-3
01/16/2025,11,28,52,11:28:52,48,Tahap-3
01/16/2025,11,28,52,11:28:52,-8,Tahap-3
01/16/2025,11,28,52,11:28:52,24,Tahap-3
01/16/2025,11,28,53,11:28:53,104,Tahap-3
01/16/2025,11,28,53,11:28:53,-80,Tahap-3
01/16/2025,11,28,53,11:28:53,208,Tahap-3
01/16/2025,11,28,53,11:28:53,56,Tahap-3
01/16/2025,11,28,53,11:28:53,-48,Tahap-3
01/16/2025,11,28,53,11:28:53,72,Tahap-3
01/16/2025,11,28,53,11:28:53,-32,Tahap-3
01/16/2025,11,28,53,11:28:53,224,Tahap-3
01/16/2025,11,28,53,11:28:53,40,Tahap-3
01/16/2025,11,28,53,11:28:53,104,Tahap-3
01/16/2025,11,28,53,11:28:53,64,Tahap-3
01/16/2025,11,28,54,11:28:54,-24,Tahap-3
01/16/2025,11,28,54,11:28:54,-32,Tahap-3
01/16/2025,11,28,54,11:28:54,104,Tahap-3
01/16/2025,11,28,55,11:28:55,64,Tahap-3
01/16/2025,11,28,55,11:28:55,56,Tahap-3
01/16/2025,11,28,55,11:28:55,72,Tahap-3
01/16/2025,11,28,55,11:28:55,-48,Tahap-3
01/16/2025,11,28,55,11:28:55,208,Tahap-3
01/16/2025,11,28,55,11:28:55,-168,Tahap-3
01/16/2025,11,28,55,11:28:55,232,Tahap-3
01/16/2025,11,28,55,11:28:55,-96,Tahap-3
01/16/2025,11,28,55,11:28:55,168,Tahap-3
01/16/2025,11,28,55,11:28:55,-8,Tahap-3
01/16/2025,11,29,19,11:29:19,1920,Tahap-3
01/16/2025,11,29,19,11:29:19,539,Tahap-3
01/16/2025,11,29,20,11:29:20,328,Tahap-3
01/16/2025,11,29,20,11:29:20,115,Tahap-3
01/16/2025,11,29,20,11:29:20,145,Tahap-3
01/16/2025,11,29,20,11:29:20,114,Tahap-3
01/16/2025,11,29,20,11:29:20,68,Tahap-3
01/16/2025,11,29,20,11:29:20,75,Tahap-3
01/16/2025,11,29,20,11:29:20,161,Tahap-3
01/16/2025,11,29,20,11:29:20,91,Tahap-3
01/16/2025,11,29,20,11:29:20,26,Tahap-3
01/16/2025,11,29,20,11:29:20,118,Tahap-3
01/16/2025,11,29,21,11:29:21,27,Tahap-3
01/16/2025,11,29,21,11:29:21,12,Tahap-3
01/16/2025,11,29,21,11:29:21,32,Tahap-3
01/16/2025,11,29,21,11:29:21,90,Tahap-3
01/16/2025,11,29,21,11:29:21,76,Tahap-3
01/16/2025,11,29,21,11:29:21,57,Tahap-3
01/16/2025,11,29,21,11:29:21,17,Tahap-3
01/16/2025,11,29,21,11:29:21,49,Tahap-3
01/16/2025,11,29,21,11:29:21,84,Tahap-3
01/16/2025,11,29,21,11:29:21,90,Tahap-3
01/16/2025,11,29,22,11:29:22,48,Tahap-3
01/16/2025,11,29,22,11:29:22,48,Tahap-3
01/16/2025,11,29,22,11:29:22,76,Tahap-3
01/16/2025,11,29,22,11:29:22,119,Tahap-3
01/16/2025,11,29,22,11:29:22,291,Tahap-3
01/16/2025,11,29,22,11:29:22,308,Tahap-3
01/16/2025,11,29,22,11:29:22,6,Tahap-3
01/16/2025,11,29,22,11:29:22,212,Tahap-3
01/16/2025,11,29,22,11:29:22,87,Tahap-3
01/16/2025,11,29,22,11:29:22,129,Tahap-3
01/16/2025,11,29,23,11:29:23,80,Tahap-3
01/16/2025,11,29,23,11:29:23,107,Tahap-3
01/16/2025,11,29,23,11:29:23,52,Tahap-3
01/16/2025,11,29,23,11:29:23,117,Tahap-3
01/16/2025,11,29,23,11:29:23,92,Tahap-3
01/16/2025,11,29,23,11:29:23,74,Tahap-3
01/16/2025,11,29,23,11:29:23,27,Tahap-3
01/16/2025,11,29,23,11:29:23,21,Tahap-3
01/16/2025,11,29,23,11:29:23,27,Tahap-3
01/16/2025,11,29,23,11:29:23,50,Tahap-3
01/16/2025,11,29,24,11:29:24,55,Tahap-3
01/16/2025,11,29,24,11:29:24,95,Tahap-3
01/16/2025,11,29,24,11:29:24,74,Tahap-3
01/16/2025,11,29,24,11:29:24,139,Tahap-3
01/16/2025,11,29,24,11:29:24,25,Tahap-3
01/16/2025,11,29,25,11:29:25,124,Tahap-3
01/16/2025,11,29,25,11:29:25,170,Tahap-3
01/16/2025,11,29,25,11:29:25,108,Tahap-3
01/16/2025,11,29,25,11:29:25,74,Tahap-3
01/16/2025,11,29,25,11:29:25,26,Tahap-3
01/16/2025,11,29,25,11:29:25,279,Tahap-3
01/16/2025,11,29,25,11:29:25,155,Tahap-3
01/16/2025,11,29,25,11:29:25,122,Tahap-3
01/16/2025,11,29,25,11:29:25,178,Tahap-3
01/16/2025,11,29,25,11:29:25,19,Tahap-3
01/16/2025,11,29,25,11:29:25,116,Tahap-3
01/16/2025,11,29,25,11:29:25,37,Tahap-3
01/16/2025,11,29,25,11:29:25,70,Tahap-3
01/16/2025,11,29,25,11:29:25,198,Tahap-3
01/16/2025,11,29,25,11:29:25,20,Tahap-3
01/16/2025,11,29,26,11:29:26,127,Tahap-3
01/16/2025,11,29,26,11:29:26,136,Tahap-3
01/16/2025,11,29,26,11:29:26,182,Tahap-3
01/16/2025,11,29,26,11:29:26,101,Tahap-3
01/16/2025,11,29,26,11:29:26,102,Tahap-3
01/16/2025,11,29,26,11:29:26,59,Tahap-3
01/16/2025,11,29,26,11:29:26,18,Tahap-3
01/16/2025,11,29,26,11:29:26,64,Tahap-3
01/16/2025,11,29,26,11:29:26,143,Tahap-3
01/16/2025,11,29,26,11:29:26,37,Tahap-3
01/16/2025,11,29,27,11:29:27,76,Tahap-3
01/16/2025,11,29,27,11:29:27,78,Tahap-3
01/16/2025,11,29,27,11:29:27,161,Tahap-3
01/16/2025,11,29,27,11:29:27,149,Tahap-3
01/16/2025,11,29,27,11:29:27,349,Tahap-3
01/16/2025,11,29,27,11:29:27,265,Tahap-3
01/16/2025,11,29,27,11:29:27,360,Tahap-3
01/16/2025,11,29,27,11:29:27,276,Tahap-3
01/16/2025,11,29,27,11:29:27,63,Tahap-3
01/16/2025,11,29,27,11:29:27,33,Tahap-3
01/16/2025,11,29,28,11:29:28,358,Tahap-3
01/16/2025,11,29,28,11:29:28,171,Tahap-3
01/16/2025,11,29,28,11:29:28,61,Tahap-3
01/16/2025,11,29,28,11:29:28,196,Tahap-3
01/16/2025,11,29,28,11:29:28,153,Tahap-3
01/16/2025,11,29,28,11:29:28,99,Tahap-3
01/16/2025,11,29,28,11:29:28,184,Tahap-3
01/16/2025,11,29,28,11:29:28,148,Tahap-3
01/16/2025,11,29,28,11:29:28,319,Tahap-3
01/16/2025,11,29,28,11:29:28,571,Tahap-3
01/16/2025,11,29,29,11:29:29,153,Tahap-3
01/16/2025,11,29,29,11:29:29,122,Tahap-3
01/16/2025,11,29,29,11:29:29,85,Tahap-3
01/16/2025,11,29,29,11:29:29,124,Tahap-3
01/16/2025,11,29,29,11:29:29,164,Tahap-3
01/16/2025,11,29,29,11:29:29,139,Tahap-3
01/16/2025,11,29,29,11:29:29,24,Tahap-3
01/16/2025,11,29,29,11:29:29,147,Tahap-3
01/16/2025,11,29,29,11:29:29,163,Tahap-3
01/16/2025,11,29,29,11:29:29,57,Tahap-3
01/16/2025,11,29,30,11:29:30,74,Tahap-3
01/16/2025,11,29,30,11:29:30,87,Tahap-3
01/16/2025,11,29,30,11:29:30,162,Tahap-3
01/16/2025,11,29,30,11:29:30,387,Tahap-3
01/16/2025,11,29,30,11:29:30,141,Tahap-3
01/16/2025,11,29,30,11:29:30,115,Tahap-3
01/16/2025,11,29,30,11:29:30,126,Tahap-3
01/16/2025,11,29,30,11:29:30,438,Tahap-3
01/16/2025,11,29,30,11:29:30,185,Tahap-3
01/16/2025,11,29,30,11:29:30,316,Tahap-3
01/16/2025,11,29,31,11:29:31,149,Tahap-3
01/16/2025,11,29,31,11:29:31,274,Tahap-3
01/16/2025,11,29,31,11:29:31,109,Tahap-3
01/16/2025,11,29,31,11:29:31,268,Tahap-3
01/16/2025,11,29,31,11:29:31,184,Tahap-3
01/16/2025,11,29,31,11:29:31,444,Tahap-3
01/16/2025,11,29,31,11:29:31,216,Tahap-3
01/16/2025,11,29,31,11:29:31,232,Tahap-3
01/16/2025,11,29,31,11:29:31,383,Tahap-3
01/16/2025,11,29,31,11:29:31,380,Tahap-3
01/16/2025,11,29,32,11:29:32,205,Tahap-3
01/16/2025,11,29,32,11:29:32,450,Tahap-3
01/16/2025,11,29,32,11:29:32,198,Tahap-3
01/16/2025,11,29,32,11:29:32,633,Tahap-3
01/16/2025,11,29,32,11:29:32,459,Tahap-3
01/16/2025,11,29,32,11:29:32,64,Tahap-3
01/16/2025,11,29,32,11:29:32,144,Tahap-3
01/16/2025,11,29,32,11:29:32,80,Tahap-3
01/16/2025,11,29,32,11:29:32,184,Tahap-3
01/16/2025,11,29,32,11:29:32,24,Tahap-3
01/16/2025,11,29,33,11:29:33,264,Tahap-3
01/16/2025,11,29,33,11:29:33,64,Tahap-3
01/16/2025,11,29,33,11:29:33,128,Tahap-3
01/16/2025,11,29,33,11:29:33,120,Tahap-3
01/16/2025,11,29,33,11:29:33,192,Tahap-3
01/16/2025,11,29,33,11:29:33,40,Tahap-3
01/16/2025,11,29,33,11:29:33,232,Tahap-3
01/16/2025,11,29,33,11:29:33,-40,Tahap-3
01/16/2025,11,29,33,11:29:33,224,Tahap-3
01/16/2025,11,29,33,11:29:33,64,Tahap-3
01/16/2025,11,29,34,11:29:34,16,Tahap-3
01/16/2025,11,29,34,11:29:34,456,Tahap-3
01/16/2025,11,29,34,11:29:34,16,Tahap-3
01/16/2025,11,29,34,11:29:34,272,Tahap-3
01/16/2025,11,29,34,11:29:34,32,Tahap-3
01/16/2025,11,29,34,11:29:34,136,Tahap-3
01/16/2025,11,29,34,11:29:34,40,Tahap-3
01/16/2025,11,29,34,11:29:34,296,Tahap-3
01/16/2025,11,29,34,11:29:34,-24,Tahap-3
01/16/2025,11,29,34,11:29:34,216,Tahap-3
01/16/2025,11,29,35,11:29:35,136,Tahap-3
01/16/2025,11,29,35,11:29:35,224,Tahap-3
01/16/2025,11,29,35,11:29:35,144,Tahap-3
01/16/2025,11,29,35,11:29:35,80,Tahap-3
01/16/2025,11,29,35,11:29:35,160,Tahap-3
01/16/2025,11,29,35,11:29:35,128,Tahap-3
01/16/2025,11,29,35,11:29:35,152,Tahap-3
01/16/2025,11,29,35,11:29:35,-8,Tahap-3
01/16/2025,11,29,35,11:29:35,360,Tahap-3
01/16/2025,11,29,35,11:29:35,-8,Tahap-3
01/16/2025,11,29,36,11:29:36,168,Tahap-3
01/16/2025,11,29,36,11:29:36,120,Tahap-3
01/16/2025,11,29,36,11:29:36,16,Tahap-3
01/16/2025,11,29,36,11:29:36,248,Tahap-3
01/16/2025,11,29,36,11:29:36,24,Tahap-3
01/16/2025,11,29,36,11:29:36,64,Tahap-3
01/16/2025,11,29,36,11:29:36,96,Tahap-3
01/16/2025,11,29,36,11:29:36,136,Tahap-3
01/16/2025,11,29,36,11:29:36,176,Tahap-3
01/16/2025,11,29,37,11:29:37,112,Tahap-3
01/16/2025,11,29,37,11:29:37,-72,Tahap-3
01/16/2025,11,29,37,11:29:37,56,Tahap-3
01/16/2025,11,29,37,11:29:37,120,Tahap-3
01/16/2025,11,29,37,11:29:37,168,Tahap-3
01/16/2025,11,29,37,11:29:37,-24,Tahap-3
01/16/2025,11,29,37,11:29:37,160,Tahap-3
01/16/2025,11,29,37,11:29:37,120,Tahap-3
01/16/2025,11,29,37,11:29:37,152,Tahap-3
01/16/2025,11,29,37,11:29:37,40,Tahap-3
01/16/2025,11,29,38,11:29:38,128,Tahap-3
01/16/2025,11,29,38,11:29:38,-136,Tahap-3
01/16/2025,11,29,38,11:29:38,72,Tahap-3
01/16/2025,11,29,38,11:29:38,192,Tahap-3
01/16/2025,11,29,38,11:29:38,-16,Tahap-3
01/16/2025,11,29,38,11:29:38,32,Tahap-3
01/16/2025,11,29,38,11:29:38,136,Tahap-3
01/16/2025,11,29,38,11:29:38,-32,Tahap-3
01/16/2025,11,29,38,11:29:38,136,Tahap-3
01/16/2025,11,29,38,11:29:38,8,Tahap-3
01/16/2025,11,29,39,11:29:39,-64,Tahap-3
01/16/2025,11,29,39,11:29:39,-168,Tahap-3
01/16/2025,11,29,39,11:29:39,192,Tahap-3
01/16/2025,11,29,39,11:29:39,32,Tahap-3
01/16/2025,11,29,39,11:29:39,120,Tahap-3
01/16/2025,11,29,39,11:29:39,-32,Tahap-3
01/16/2025,11,29,39,11:29:39,8,Tahap-3
01/16/2025,11,29,39,11:29:39,32,Tahap-3
01/16/2025,11,29,39,11:29:39,-64,Tahap-3
01/16/2025,11,29,39,11:29:39,32,Tahap-3
01/16/2025,11,29,40,11:29:40,-64,Tahap-3
01/16/2025,11,29,40,11:29:40,-56,Tahap-3
01/16/2025,11,29,40,11:29:40,112,Tahap-3
01/16/2025,11,29,40,11:29:40,-88,Tahap-3
01/16/2025,11,29,40,11:29:40,-32,Tahap-3
01/16/2025,11,29,40,11:29:40,8,Tahap-3
01/16/2025,11,29,40,11:29:40,16,Tahap-3
01/16/2025,11,29,40,11:29:40,-72,Tahap-3
01/16/2025,11,29,40,11:29:40,24,Tahap-3
01/16/2025,11,29,40,11:29:40,72,Tahap-3
01/16/2025,11,29,41,11:29:41,-56,Tahap-3
01/16/2025,11,29,41,11:29:41,88,Tahap-3
01/16/2025,11,29,41,11:29:41,-80,Tahap-3
01/16/2025,11,29,41,11:29:41,64,Tahap-3
01/16/2025,11,29,41,11:29:41,-200,Tahap-3
01/16/2025,11,29,41,11:29:41,88,Tahap-3
01/16/2025,11,29,41,11:29:41,-56,Tahap-3
01/16/2025,11,29,41,11:29:41,16,Tahap-3
01/16/2025,11,29,41,11:29:41,-128,Tahap-3
01/16/2025,11,29,41,11:29:41,64,Tahap-3
01/16/2025,11,29,42,11:29:42,-200,Tahap-3
01/16/2025,11,29,42,11:29:42,-72,Tahap-3
01/16/2025,11,29,42,11:29:42,-72,Tahap-3
01/16/2025,11,29,42,11:29:42,-120,Tahap-3
01/16/2025,11,29,42,11:29:42,-288,Tahap-3
01/16/2025,11,29,42,11:29:42,112,Tahap-3
01/16/2025,11,29,42,11:29:42,-216,Tahap-3
01/16/2025,11,29,42,11:29:42,-56,Tahap-3
01/16/2025,11,29,42,11:29:42,-200,Tahap-3
01/16/2025,11,29,42,11:29:42,-72,Tahap-3
01/16/2025,11,29,43,11:29:43,-224,Tahap-3
01/16/2025,11,29,43,11:29:43,-96,Tahap-3
01/16/2025,11,29,43,11:29:43,-152,Tahap-3
01/16/2025,11,29,43,11:29:43,-152,Tahap-3
01/16/2025,11,29,43,11:29:43,-184,Tahap-3
01/16/2025,11,29,43,11:29:43,-120,Tahap-3
01/16/2025,11,29,43,11:29:43,-40,Tahap-3
01/16/2025,11,29,43,11:29:43,-240,Tahap-3
01/16/2025,11,29,43,11:29:43,-136,Tahap-3
01/16/2025,11,29,43,11:29:43,-152,Tahap-3
01/16/2025,11,29,44,11:29:44,-176,Tahap-3
01/16/2025,11,29,44,11:29:44,-48,Tahap-3
01/16/2025,11,29,44,11:29:44,-176,Tahap-3
01/16/2025,11,29,44,11:29:44,-208,Tahap-3
01/16/2025,11,29,44,11:29:44,-192,Tahap-3
01/16/2025,11,29,44,11:29:44,-88,Tahap-3
01/16/2025,11,29,44,11:29:44,-288,Tahap-3
01/16/2025,11,29,44,11:29:44,-48,Tahap-3
01/16/2025,11,29,44,11:29:44,-176,Tahap-3
01/16/2025,11,29,44,11:29:44,-264,Tahap-3
01/16/2025,11,29,45,11:29:45,-160,Tahap-3
01/16/2025,11,29,45,11:29:45,-264,Tahap-3
01/16/2025,11,29,45,11:29:45,-120,Tahap-3
01/16/2025,11,29,45,11:29:45,-160,Tahap-3
01/16/2025,11,30,9,11:30:09,4539,Tahap-3
01/16/2025,11,30,9,11:30:09,319,Tahap-3
01/16/2025,11,30,9,11:30:09,346,Tahap-3
01/16/2025,11,30,10,11:30:10,152,Tahap-3
01/16/2025,11,30,10,11:30:10,168,Tahap-3
01/16/2025,11,30,10,11:30:10,238,Tahap-3
01/16/2025,11,30,10,11:30:10,243,Tahap-3
01/16/2025,11,30,10,11:30:10,190,Tahap-3
01/16/2025,11,30,10,11:30:10,136,Tahap-3
01/16/2025,11,30,10,11:30:10,121,Tahap-3
01/16/2025,11,30,10,11:30:10,36,Tahap-3
01/16/2025,11,30,10,11:30:10,56,Tahap-3
01/16/2025,11,30,10,11:30:10,33,Tahap-3
01/16/2025,11,30,11,11:30:11,125,Tahap-3
01/16/2025,11,30,11,11:30:11,53,Tahap-3
01/16/2025,11,30,11,11:30:11,52,Tahap-3
01/16/2025,11,30,11,11:30:11,183,Tahap-3
01/16/2025,11,30,11,11:30:11,104,Tahap-3
01/16/2025,11,30,11,11:30:11,23,Tahap-3
01/16/2025,11,30,11,11:30:11,88,Tahap-3
01/16/2025,11,30,11,11:30:11,105,Tahap-3
01/16/2025,11,30,11,11:30:11,71,Tahap-3
01/16/2025,11,30,11,11:30:11,35,Tahap-3
01/16/2025,11,30,12,11:30:12,16,Tahap-3
01/16/2025,11,30,12,11:30:12,96,Tahap-3
01/16/2025,11,30,12,11:30:12,123,Tahap-3
01/16/2025,11,30,12,11:30:12,631,Tahap-3
01/16/2025,11,30,12,11:30:12,228,Tahap-3
01/16/2025,11,30,12,11:30:12,79,Tahap-3
01/16/2025,11,30,12,11:30:12,80,Tahap-3
01/16/2025,11,30,12,11:30:12,81,Tahap-3
01/16/2025,11,30,12,11:30:12,51,Tahap-3
01/16/2025,11,30,12,11:30:12,91,Tahap-3
01/16/2025,11,30,13,11:30:13,47,Tahap-3
01/16/2025,11,30,13,11:30:13,72,Tahap-3
01/16/2025,11,30,13,11:30:13,42,Tahap-3
01/16/2025,11,30,13,11:30:13,58,Tahap-3
01/16/2025,11,30,13,11:30:13,122,Tahap-3
01/16/2025,11,30,13,11:30:13,91,Tahap-3
01/16/2025,11,30,13,11:30:13,14,Tahap-3
01/16/2025,11,30,13,11:30:13,59,Tahap-3
01/16/2025,11,30,13,11:30:13,27,Tahap-3
01/16/2025,11,30,13,11:30:13,163,Tahap-3
01/16/2025,11,30,14,11:30:14,80,Tahap-3
01/16/2025,11,30,14,11:30:14,71,Tahap-3
01/16/2025,11,30,14,11:30:14,159,Tahap-3
01/16/2025,11,30,14,11:30:14,112,Tahap-3
01/16/2025,11,30,14,11:30:14,74,Tahap-3
01/16/2025,11,30,14,11:30:14,62,Tahap-3
01/16/2025,11,30,14,11:30:14,73,Tahap-3
01/16/2025,11,30,14,11:30:14,103,Tahap-3
01/16/2025,11,30,14,11:30:14,69,Tahap-3
01/16/2025,11,30,14,11:30:14,189,Tahap-3
01/16/2025,11,30,15,11:30:15,575,Tahap-3
01/16/2025,11,30,15,11:30:15,596,Tahap-3
01/16/2025,11,30,15,11:30:15,145,Tahap-3
01/16/2025,11,30,15,11:30:15,82,Tahap-3
01/16/2025,11,30,15,11:30:15,92,Tahap-3
01/16/2025,11,30,15,11:30:15,9,Tahap-3
01/16/2025,11,30,15,11:30:15,142,Tahap-3
01/16/2025,11,30,15,11:30:15,14,Tahap-3
01/16/2025,11,30,15,11:30:15,104,Tahap-3
01/16/2025,11,30,15,11:30:15,70,Tahap-3
01/16/2025,11,30,16,11:30:16,114,Tahap-3
01/16/2025,11,30,16,11:30:16,89,Tahap-3
01/16/2025,11,30,16,11:30:16,194,Tahap-3
01/16/2025,11,30,16,11:30:16,87,Tahap-3
01/16/2025,11,30,16,11:30:16,41,Tahap-3
01/16/2025,11,30,16,11:30:16,180,Tahap-3
01/16/2025,11,30,16,11:30:16,58,Tahap-3
01/16/2025,11,30,16,11:30:16,74,Tahap-3
01/16/2025,11,30,16,11:30:16,180,Tahap-3
01/16/2025,11,30,16,11:30:16,104,Tahap-3
01/16/2025,11,30,17,11:30:17,100,Tahap-3
01/16/2025,11,30,17,11:30:17,114,Tahap-3
01/16/2025,11,30,17,11:30:17,66,Tahap-3
01/16/2025,11,30,17,11:30:17,87,Tahap-3
01/16/2025,11,30,17,11:30:17,51,Tahap-3
01/16/2025,11,30,17,11:30:17,34,Tahap-3
01/16/2025,11,30,17,11:30:17,115,Tahap-3
01/16/2025,11,30,17,11:30:17,354,Tahap-3
01/16/2025,11,30,17,11:30:17,904,Tahap-3
01/16/2025,11,30,17,11:30:17,171,Tahap-3
01/16/2025,11,30,18,11:30:18,16,Tahap-3
01/16/2025,11,30,18,11:30:18,100,Tahap-3
01/16/2025,11,30,18,11:30:18,114,Tahap-3
01/16/2025,11,30,18,11:30:18,69,Tahap-3
01/16/2025,11,30,18,11:30:18,118,Tahap-3
01/16/2025,11,30,18,11:30:18,85,Tahap-3
01/16/2025,11,30,18,11:30:18,206,Tahap-3
01/16/2025,11,30,18,11:30:18,155,Tahap-3
01/16/2025,11,30,18,11:30:18,133,Tahap-3
01/16/2025,11,30,18,11:30:18,191,Tahap-3
01/16/2025,11,30,19,11:30:19,167,Tahap-3
01/16/2025,11,30,19,11:30:19,89,Tahap-3
01/16/2025,11,30,19,11:30:19,22,Tahap-3
01/16/2025,11,30,19,11:30:19,62,Tahap-3
01/16/2025,11,30,19,11:30:19,2,Tahap-3
01/16/2025,11,30,19,11:30:19,182,Tahap-3
01/16/2025,11,30,19,11:30:19,13,Tahap-3
01/16/2025,11,30,19,11:30:19,198,Tahap-3
01/16/2025,11,30,19,11:30:19,98,Tahap-3
01/16/2025,11,30,19,11:30:19,97,Tahap-3
01/16/2025,11,30,20,11:30:20,147,Tahap-3
01/16/2025,11,30,20,11:30:20,31,Tahap-3
01/16/2025,11,30,20,11:30:20,70,Tahap-3
01/16/2025,11,30,20,11:30:20,101,Tahap-3
01/16/2025,11,30,20,11:30:20,267,Tahap-3
01/16/2025,11,30,20,11:30:20,1704,Tahap-3
01/16/2025,11,30,20,11:30:20,157,Tahap-3
01/16/2025,11,30,20,11:30:20,111,Tahap-3
01/16/2025,11,30,20,11:30:20,118,Tahap-3
01/16/2025,11,30,20,11:30:20,213,Tahap-3
01/16/2025,11,30,21,11:30:21,55,Tahap-3
01/16/2025,11,30,21,11:30:21,177,Tahap-3
01/16/2025,11,30,21,11:30:21,149,Tahap-3
01/16/2025,11,30,21,11:30:21,125,Tahap-3
01/16/2025,11,30,21,11:30:21,288,Tahap-3
01/16/2025,11,30,21,11:30:21,162,Tahap-3
01/16/2025,11,30,21,11:30:21,116,Tahap-3
01/16/2025,11,30,21,11:30:21,549,Tahap-3
01/16/2025,11,30,21,11:30:21,166,Tahap-3
01/16/2025,11,30,21,11:30:21,154,Tahap-3
01/16/2025,11,30,22,11:30:22,330,Tahap-3
01/16/2025,11,30,22,11:30:22,218,Tahap-3
01/16/2025,11,30,22,11:30:22,129,Tahap-3
01/16/2025,11,30,22,11:30:22,167,Tahap-3
01/16/2025,11,30,22,11:30:22,-176,Tahap-3
01/16/2025,11,30,22,11:30:22,-12,Tahap-3
01/16/2025,11,30,22,11:30:22,-136,Tahap-3
01/16/2025,11,30,22,11:30:22,-144,Tahap-3
01/16/2025,11,30,22,11:30:22,-152,Tahap-3
01/16/2025,11,30,22,11:30:22,-132,Tahap-3
01/16/2025,11,30,23,11:30:23,-100,Tahap-3
01/16/2025,11,30,23,11:30:23,-280,Tahap-3
01/16/2025,11,30,23,11:30:23,-4,Tahap-3
01/16/2025,11,30,23,11:30:23,-248,Tahap-3
01/16/2025,11,30,23,11:30:23,-36,Tahap-3
01/16/2025,11,30,23,11:30:23,-96,Tahap-3
01/16/2025,11,30,23,11:30:23,-188,Tahap-3
01/16/2025,11,30,23,11:30:23,-140,Tahap-3
01/16/2025,11,30,23,11:30:23,-152,Tahap-3
01/16/2025,11,30,23,11:30:23,-140,Tahap-3
01/16/2025,11,30,24,11:30:24,-188,Tahap-3
01/16/2025,11,30,24,11:30:24,-200,Tahap-3
01/16/2025,11,30,24,11:30:24,-124,Tahap-3
01/16/2025,11,30,24,11:30:24,-172,Tahap-3
01/16/2025,11,30,24,11:30:24,12,Tahap-3
