Tanggal,Jam,Menit,Detik,Waktu,frekuensi,label
01/17/2025,9,59,42,09:59:42,295,Tahap-3
01/17/2025,9,59,42,09:59:42,182,Tahap-3
01/17/2025,9,59,42,09:59:42,99,Tahap-3
01/17/2025,9,59,42,09:59:42,754,Tahap-3
01/17/2025,9,59,42,09:59:42,690,Tahap-3
01/17/2025,9,59,42,09:59:42,173,Tahap-3
01/17/2025,9,59,42,09:59:42,191,Tahap-3
01/17/2025,9,59,42,09:59:42,224,Tahap-3
01/17/2025,9,59,42,09:59:42,200,Tahap-3
01/17/2025,9,59,42,09:59:42,136,Tahap-3
01/17/2025,9,59,42,09:59:42,119,Tahap-3
01/17/2025,9,59,42,09:59:42,142,Tahap-3
01/17/2025,9,59,42,09:59:42,133,Tahap-3
01/17/2025,9,59,42,09:59:42,198,Tahap-3
01/17/2025,9,59,42,09:59:42,114,Tahap-3
01/17/2025,9,59,42,09:59:42,78,Tahap-3
01/17/2025,9,59,42,09:59:42,129,Tahap-3
01/17/2025,9,59,42,09:59:42,96,Tahap-3
01/17/2025,9,59,42,09:59:42,157,Tahap-3
01/17/2025,9,59,42,09:59:42,149,Tahap-3
01/17/2025,9,59,42,09:59:42,144,Tahap-3
01/17/2025,9,59,42,09:59:42,24,Tahap-3
01/17/2025,9,59,42,09:59:42,1048,Tahap-3
01/17/2025,9,59,43,09:59:43,31,Tahap-3
01/17/2025,9,59,43,09:59:43,116,Tahap-3
01/17/2025,9,59,43,09:59:43,439,Tahap-3
01/17/2025,9,59,43,09:59:43,1161,Tahap-3
01/17/2025,9,59,43,09:59:43,488,Tahap-3
01/17/2025,9,59,43,09:59:43,189,Tahap-3
01/17/2025,9,59,43,09:59:43,92,Tahap-3
01/17/2025,9,59,43,09:59:43,136,Tahap-3
01/17/2025,9,59,43,09:59:43,223,Tahap-3
01/17/2025,9,59,43,09:59:43,497,Tahap-3
01/17/2025,9,59,44,09:59:44,89,Tahap-3
01/17/2025,9,59,44,09:59:44,251,Tahap-3
01/17/2025,9,59,44,09:59:44,241,Tahap-3
01/17/2025,9,59,44,09:59:44,369,Tahap-3
01/17/2025,9,59,44,09:59:44,181,Tahap-3
01/17/2025,9,59,44,09:59:44,167,Tahap-3
01/17/2025,9,59,44,09:59:44,125,Tahap-3
01/17/2025,9,59,44,09:59:44,129,Tahap-3
01/17/2025,9,59,44,09:59:44,184,Tahap-3
01/17/2025,9,59,44,09:59:44,87,Tahap-3
01/17/2025,9,59,45,09:59:45,97,Tahap-3
01/17/2025,9,59,45,09:59:45,299,Tahap-3
01/17/2025,9,59,45,09:59:45,711,Tahap-3
01/17/2025,9,59,45,09:59:45,43,Tahap-3
01/17/2025,9,59,45,09:59:45,316,Tahap-3
01/17/2025,9,59,45,09:59:45,1171,Tahap-3
01/17/2025,9,59,45,09:59:45,1413,Tahap-3
01/17/2025,9,59,45,09:59:45,446,Tahap-3
01/17/2025,9,59,45,09:59:45,335,Tahap-3
01/17/2025,9,59,45,09:59:45,212,Tahap-3
01/17/2025,9,59,46,09:59:46,93,Tahap-3
01/17/2025,9,59,46,09:59:46,40,Tahap-3
01/17/2025,9,59,46,09:59:46,172,Tahap-3
01/17/2025,9,59,46,09:59:46,46,Tahap-3
01/17/2025,9,59,46,09:59:46,201,Tahap-3
01/17/2025,9,59,46,09:59:46,168,Tahap-3
01/17/2025,9,59,46,09:59:46,152,Tahap-3
01/17/2025,9,59,46,09:59:46,67,Tahap-3
01/17/2025,9,59,46,09:59:46,191,Tahap-3
01/17/2025,9,59,46,09:59:46,335,Tahap-3
01/17/2025,9,59,47,09:59:47,1213,Tahap-3
01/17/2025,9,59,47,09:59:47,76,Tahap-3
01/17/2025,9,59,47,09:59:47,72,Tahap-3
01/17/2025,9,59,47,09:59:47,56,Tahap-3
01/17/2025,9,59,47,09:59:47,132,Tahap-3
01/17/2025,9,59,47,09:59:47,88,Tahap-3
01/17/2025,9,59,47,09:59:47,42,Tahap-3
01/17/2025,9,59,47,09:59:47,154,Tahap-3
01/17/2025,9,59,47,09:59:47,-2,Tahap-3
01/17/2025,9,59,47,09:59:47,86,Tahap-3
01/17/2025,9,59,48,09:59:48,8,Tahap-3
01/17/2025,9,59,48,09:59:48,54,Tahap-3
01/17/2025,9,59,48,09:59:48,30,Tahap-3
01/17/2025,9,59,48,09:59:48,32,Tahap-3
01/17/2025,9,59,48,09:59:48,8,Tahap-3
01/17/2025,9,59,48,09:59:48,52,Tahap-3
01/17/2025,9,59,48,09:59:48,90,Tahap-3
01/17/2025,9,59,48,09:59:48,-36,Tahap-3
01/17/2025,9,59,48,09:59:48,34,Tahap-3
01/17/2025,9,59,48,09:59:48,36,Tahap-3
01/17/2025,9,59,49,09:59:49,-68,Tahap-3
01/17/2025,9,59,49,09:59:49,22,Tahap-3
01/17/2025,9,59,49,09:59:49,-18,Tahap-3
01/17/2025,9,59,49,09:59:49,-12,Tahap-3
01/17/2025,9,59,49,09:59:49,-22,Tahap-3
01/17/2025,9,59,49,09:59:49,-20,Tahap-3
01/17/2025,9,59,49,09:59:49,-40,Tahap-3
01/17/2025,9,59,49,09:59:49,42,Tahap-3
01/17/2025,9,59,49,09:59:49,-74,Tahap-3
01/17/2025,9,59,49,09:59:49,-34,Tahap-3
01/17/2025,9,59,50,09:59:50,42,Tahap-3
01/17/2025,9,59,50,09:59:50,-26,Tahap-3
01/17/2025,9,59,50,09:59:50,-64,Tahap-3
01/17/2025,9,59,50,09:59:50,-4,Tahap-3
01/17/2025,9,59,50,09:59:50,-54,Tahap-3
01/17/2025,9,59,50,09:59:50,-16,Tahap-3
01/17/2025,9,59,50,09:59:50,-34,Tahap-3
01/17/2025,9,59,50,09:59:50,-74,Tahap-3
01/17/2025,9,59,50,09:59:50,2,Tahap-3
01/17/2025,9,59,50,09:59:50,14,Tahap-3
01/17/2025,9,59,51,09:59:51,-76,Tahap-3
01/17/2025,9,59,51,09:59:51,22,Tahap-3
01/17/2025,9,59,51,09:59:51,4,Tahap-3
01/17/2025,9,59,51,09:59:51,2,Tahap-3
01/17/2025,9,59,51,09:59:51,-40,Tahap-3
01/17/2025,9,59,51,09:59:51,6,Tahap-3
01/17/2025,9,59,51,09:59:51,-32,Tahap-3
01/17/2025,9,59,51,09:59:51,70,Tahap-3
01/17/2025,9,59,51,09:59:51,-64,Tahap-3
01/17/2025,9,59,51,09:59:51,32,Tahap-3
01/17/2025,9,59,52,09:59:52,-28,Tahap-3
01/17/2025,9,59,52,09:59:52,14,Tahap-3
01/17/2025,9,59,52,09:59:52,-40,Tahap-3
01/17/2025,9,59,52,09:59:52,-16,Tahap-3
01/17/2025,9,59,52,09:59:52,-22,Tahap-3
01/17/2025,9,59,52,09:59:52,-32,Tahap-3
01/17/2025,9,59,52,09:59:52,-36,Tahap-3
01/17/2025,9,59,52,09:59:52,6,Tahap-3
01/17/2025,9,59,52,09:59:52,-14,Tahap-3
01/17/2025,9,59,52,09:59:52,-54,Tahap-3
01/17/2025,9,59,53,09:59:53,-46,Tahap-3
01/17/2025,9,59,53,09:59:53,16,Tahap-3
01/17/2025,9,59,53,09:59:53,-68,Tahap-3
01/17/2025,9,59,53,09:59:53,32,Tahap-3
01/17/2025,9,59,53,09:59:53,-68,Tahap-3
01/17/2025,9,59,53,09:59:53,2,Tahap-3
01/17/2025,9,59,53,09:59:53,-56,Tahap-3
01/17/2025,9,59,53,09:59:53,-12,Tahap-3
01/17/2025,9,59,53,09:59:53,-88,Tahap-3
01/17/2025,9,59,53,09:59:53,-72,Tahap-3
01/17/2025,9,59,54,09:59:54,-88,Tahap-3
01/17/2025,9,59,54,09:59:54,42,Tahap-3
01/17/2025,9,59,54,09:59:54,-46,Tahap-3
01/17/2025,9,59,54,09:59:54,-66,Tahap-3
01/17/2025,9,59,54,09:59:54,-48,Tahap-3
01/17/2025,9,59,54,09:59:54,-38,Tahap-3
01/17/2025,9,59,54,09:59:54,-42,Tahap-3
01/17/2025,9,59,54,09:59:54,-48,Tahap-3
01/17/2025,9,59,54,09:59:54,-38,Tahap-3
01/17/2025,9,59,55,09:59:55,10,Tahap-3
01/17/2025,9,59,55,09:59:55,-114,Tahap-3
01/17/2025,9,59,55,09:59:55,32,Tahap-3
01/17/2025,9,59,55,09:59:55,-22,Tahap-3
01/17/2025,9,59,55,09:59:55,-60,Tahap-3
01/17/2025,9,59,55,09:59:55,-76,Tahap-3
01/17/2025,9,59,55,09:59:55,6,Tahap-3
01/17/2025,9,59,55,09:59:55,-88,Tahap-3
01/17/2025,9,59,55,09:59:55,-38,Tahap-3
01/17/2025,9,59,55,09:59:55,-52,Tahap-3
01/17/2025,9,59,56,09:59:56,-20,Tahap-3
01/17/2025,9,59,56,09:59:56,-42,Tahap-3
01/17/2025,9,59,56,09:59:56,-78,Tahap-3
01/17/2025,9,59,56,09:59:56,-54,Tahap-3
01/17/2025,9,59,56,09:59:56,-6,Tahap-3
01/17/2025,9,59,56,09:59:56,-62,Tahap-3
01/17/2025,9,59,56,09:59:56,-68,Tahap-3
01/17/2025,9,59,56,09:59:56,-110,Tahap-3
01/17/2025,9,59,56,09:59:56,28,Tahap-3
01/17/2025,9,59,56,09:59:56,-128,Tahap-3
01/17/2025,9,59,57,09:59:57,-44,Tahap-3
01/17/2025,9,59,57,09:59:57,-100,Tahap-3
01/17/2025,9,59,57,09:59:57,-18,Tahap-3
01/17/2025,9,59,57,09:59:57,-82,Tahap-3
01/17/2025,9,59,57,09:59:57,-76,Tahap-3
01/17/2025,9,59,57,09:59:57,-38,Tahap-3
01/17/2025,9,59,57,09:59:57,-72,Tahap-3
01/17/2025,9,59,57,09:59:57,-64,Tahap-3
01/17/2025,9,59,57,09:59:57,-92,Tahap-3
01/17/2025,9,59,57,09:59:57,-30,Tahap-3
01/17/2025,9,59,58,09:59:58,-80,Tahap-3
01/17/2025,9,59,58,09:59:58,-94,Tahap-3
01/17/2025,9,59,58,09:59:58,-62,Tahap-3
01/17/2025,9,59,58,09:59:58,-86,Tahap-3
01/17/2025,9,59,58,09:59:58,-24,Tahap-3
01/17/2025,9,59,58,09:59:58,-164,Tahap-3
01/17/2025,9,59,58,09:59:58,-46,Tahap-3
01/17/2025,9,59,58,09:59:58,-110,Tahap-3
01/17/2025,9,59,58,09:59:58,-90,Tahap-3
01/17/2025,9,59,58,09:59:58,-80,Tahap-3
01/17/2025,9,59,59,09:59:59,-114,Tahap-3
01/17/2025,9,59,59,09:59:59,-72,Tahap-3
01/17/2025,9,59,59,09:59:59,-130,Tahap-3
01/17/2025,9,59,59,09:59:59,-104,Tahap-3
01/17/2025,9,59,59,09:59:59,-112,Tahap-3
01/17/2025,9,59,59,09:59:59,-24,Tahap-3
01/17/2025,9,59,59,09:59:59,-148,Tahap-3
01/17/2025,9,59,59,09:59:59,-160,Tahap-3
01/17/2025,9,59,59,09:59:59,-54,Tahap-3
01/17/2025,10,1,14,10:01:14,4552,Tahap-3
01/17/2025,10,1,14,10:01:14,1009,Tahap-3
01/17/2025,10,1,14,10:01:14,1007,Tahap-3
01/17/2025,10,1,14,10:01:14,369,Tahap-3
01/17/2025,10,1,14,10:01:14,283,Tahap-3
01/17/2025,10,1,14,10:01:14,197,Tahap-3
01/17/2025,10,1,14,10:01:14,265,Tahap-3
01/17/2025,10,1,14,10:01:14,128,Tahap-3
01/17/2025,10,1,15,10:01:15,387,Tahap-3
01/17/2025,10,1,15,10:01:15,96,Tahap-3
01/17/2025,10,1,15,10:01:15,79,Tahap-3
01/17/2025,10,1,15,10:01:15,215,Tahap-3
01/17/2025,10,1,15,10:01:15,64,Tahap-3
01/17/2025,10,1,15,10:01:15,135,Tahap-3
01/17/2025,10,1,15,10:01:15,117,Tahap-3
01/17/2025,10,1,15,10:01:15,97,Tahap-3
01/17/2025,10,1,15,10:01:15,134,Tahap-3
01/17/2025,10,1,15,10:01:15,122,Tahap-3
01/17/2025,10,1,16,10:01:16,123,Tahap-3
01/17/2025,10,1,16,10:01:16,51,Tahap-3
01/17/2025,10,1,16,10:01:16,33,Tahap-3
01/17/2025,10,1,16,10:01:16,136,Tahap-3
01/17/2025,10,1,16,10:01:16,407,Tahap-3
01/17/2025,10,1,16,10:01:16,78,Tahap-3
01/17/2025,10,1,16,10:01:16,133,Tahap-3
01/17/2025,10,1,16,10:01:16,70,Tahap-3
01/17/2025,10,1,16,10:01:16,43,Tahap-3
01/17/2025,10,1,16,10:01:16,109,Tahap-3
01/17/2025,10,1,17,10:01:17,278,Tahap-3
01/17/2025,10,1,17,10:01:17,90,Tahap-3
01/17/2025,10,1,17,10:01:17,157,Tahap-3
01/17/2025,10,1,17,10:01:17,80,Tahap-3
01/17/2025,10,1,17,10:01:17,185,Tahap-3
01/17/2025,10,1,17,10:01:17,78,Tahap-3
01/17/2025,10,1,17,10:01:17,92,Tahap-3
01/17/2025,10,1,17,10:01:17,129,Tahap-3
01/17/2025,10,1,17,10:01:17,100,Tahap-3
01/17/2025,10,1,17,10:01:17,114,Tahap-3
01/17/2025,10,1,18,10:01:18,105,Tahap-3
01/17/2025,10,1,18,10:01:18,32,Tahap-3
01/17/2025,10,1,18,10:01:18,33,Tahap-3
01/17/2025,10,1,18,10:01:18,99,Tahap-3
01/17/2025,10,1,18,10:01:18,270,Tahap-3
01/17/2025,10,1,18,10:01:18,222,Tahap-3
01/17/2025,10,1,18,10:01:18,116,Tahap-3
01/17/2025,10,1,18,10:01:18,129,Tahap-3
01/17/2025,10,1,18,10:01:18,135,Tahap-3
01/17/2025,10,1,18,10:01:18,203,Tahap-3
01/17/2025,10,1,19,10:01:19,32,Tahap-3
01/17/2025,10,1,19,10:01:19,139,Tahap-3
01/17/2025,10,1,19,10:01:19,124,Tahap-3
01/17/2025,10,1,19,10:01:19,105,Tahap-3
01/17/2025,10,1,19,10:01:19,106,Tahap-3
01/17/2025,10,1,19,10:01:19,159,Tahap-3
01/17/2025,10,1,19,10:01:19,20,Tahap-3
01/17/2025,10,1,19,10:01:19,93,Tahap-3
01/17/2025,10,1,19,10:01:19,221,Tahap-3
01/17/2025,10,1,19,10:01:19,24,Tahap-3
01/17/2025,10,1,20,10:01:20,134,Tahap-3
01/17/2025,10,1,20,10:01:20,56,Tahap-3
01/17/2025,10,1,20,10:01:20,84,Tahap-3
01/17/2025,10,1,20,10:01:20,106,Tahap-3
01/17/2025,10,1,20,10:01:20,35,Tahap-3
01/17/2025,10,1,20,10:01:20,277,Tahap-3
01/17/2025,10,1,20,10:01:20,123,Tahap-3
01/17/2025,10,1,20,10:01:20,121,Tahap-3
01/17/2025,10,1,20,10:01:20,413,Tahap-3
01/17/2025,10,1,20,10:01:20,414,Tahap-3
01/17/2025,10,1,21,10:01:21,485,Tahap-3
01/17/2025,10,1,21,10:01:21,144,Tahap-3
01/17/2025,10,1,21,10:01:21,411,Tahap-3
01/17/2025,10,1,21,10:01:21,101,Tahap-3
01/17/2025,10,1,21,10:01:21,408,Tahap-3
01/17/2025,10,1,21,10:01:21,177,Tahap-3
01/17/2025,10,1,21,10:01:21,282,Tahap-3
01/17/2025,10,1,21,10:01:21,90,Tahap-3
01/17/2025,10,1,21,10:01:21,351,Tahap-3
01/17/2025,10,1,21,10:01:21,183,Tahap-3
01/17/2025,10,1,22,10:01:22,108,Tahap-3
01/17/2025,10,1,22,10:01:22,51,Tahap-3
01/17/2025,10,1,22,10:01:22,9,Tahap-3
01/17/2025,10,1,22,10:01:22,81,Tahap-3
01/17/2025,10,1,22,10:01:22,104,Tahap-3
01/17/2025,10,1,22,10:01:22,174,Tahap-3
01/17/2025,10,1,22,10:01:22,91,Tahap-3
01/17/2025,10,1,22,10:01:22,917,Tahap-3
01/17/2025,10,1,22,10:01:22,225,Tahap-3
01/17/2025,10,1,22,10:01:22,180,Tahap-3
01/17/2025,10,1,23,10:01:23,424,Tahap-3
01/17/2025,10,1,23,10:01:23,217,Tahap-3
01/17/2025,10,1,23,10:01:23,819,Tahap-3
01/17/2025,10,1,23,10:01:23,474,Tahap-3
01/17/2025,10,1,23,10:01:23,86,Tahap-3
01/17/2025,10,1,23,10:01:23,599,Tahap-3
01/17/2025,10,1,23,10:01:23,154,Tahap-3
01/17/2025,10,1,23,10:01:23,498,Tahap-3
01/17/2025,10,1,23,10:01:23,133,Tahap-3
01/17/2025,10,1,23,10:01:23,592,Tahap-3
01/17/2025,10,1,24,10:01:24,242,Tahap-3
01/17/2025,10,1,24,10:01:24,353,Tahap-3
01/17/2025,10,1,24,10:01:24,195,Tahap-3
01/17/2025,10,1,24,10:01:24,215,Tahap-3
01/17/2025,10,1,24,10:01:24,121,Tahap-3
01/17/2025,10,1,24,10:01:24,136,Tahap-3
01/17/2025,10,1,24,10:01:24,136,Tahap-3
01/17/2025,10,1,24,10:01:24,88,Tahap-3
01/17/2025,10,1,24,10:01:24,263,Tahap-3
01/17/2025,10,1,24,10:01:24,326,Tahap-3
01/17/2025,10,1,25,10:01:25,226,Tahap-3
01/17/2025,10,1,25,10:01:25,632,Tahap-3
01/17/2025,10,1,25,10:01:25,955,Tahap-3
01/17/2025,10,1,25,10:01:25,685,Tahap-3
01/17/2025,10,1,25,10:01:25,850,Tahap-3
01/17/2025,10,1,25,10:01:25,704,Tahap-3
01/17/2025,10,1,25,10:01:25,483,Tahap-3
01/17/2025,10,1,25,10:01:25,211,Tahap-3
01/17/2025,10,1,25,10:01:25,381,Tahap-3
01/17/2025,10,1,25,10:01:25,309,Tahap-3
01/17/2025,10,1,26,10:01:26,119,Tahap-3
01/17/2025,10,1,26,10:01:26,49,Tahap-3
01/17/2025,10,1,26,10:01:26,225,Tahap-3
01/17/2025,10,1,26,10:01:26,150,Tahap-3
01/17/2025,10,1,26,10:01:26,240,Tahap-3
01/17/2025,10,1,26,10:01:26,232,Tahap-3
01/17/2025,10,1,26,10:01:26,208,Tahap-3
01/17/2025,10,1,26,10:01:26,133,Tahap-3
01/17/2025,10,1,26,10:01:26,1206,Tahap-3
01/17/2025,10,1,26,10:01:26,-40,Tahap-3
01/17/2025,10,1,27,10:01:27,72,Tahap-3
01/17/2025,10,1,27,10:01:27,-44,Tahap-3
01/17/2025,10,1,27,10:01:27,12,Tahap-3
01/17/2025,10,1,27,10:01:27,-48,Tahap-3
01/17/2025,10,1,27,10:01:27,104,Tahap-3
01/17/2025,10,1,27,10:01:27,-52,Tahap-3
01/17/2025,10,1,27,10:01:27,-40,Tahap-3
01/17/2025,10,1,27,10:01:27,120,Tahap-3
01/17/2025,10,1,27,10:01:27,-104,Tahap-3
01/17/2025,10,1,27,10:01:27,-20,Tahap-3
01/17/2025,10,1,28,10:01:28,-40,Tahap-3
01/17/2025,10,1,28,10:01:28,-24,Tahap-3
01/17/2025,10,1,28,10:01:28,-96,Tahap-3
01/17/2025,10,1,28,10:01:28,-4,Tahap-3
01/17/2025,10,1,28,10:01:28,-96,Tahap-3
01/17/2025,10,1,28,10:01:28,-20,Tahap-3
01/17/2025,10,1,28,10:01:28,36,Tahap-3
01/17/2025,10,1,28,10:01:28,-180,Tahap-3
01/17/2025,10,1,28,10:01:28,76,Tahap-3
01/17/2025,10,1,28,10:01:28,-72,Tahap-3
01/17/2025,10,1,29,10:01:29,-140,Tahap-3
01/17/2025,10,1,29,10:01:29,-60,Tahap-3
01/17/2025,10,1,29,10:01:29,-36,Tahap-3
01/17/2025,10,1,29,10:01:29,-140,Tahap-3
01/17/2025,10,1,29,10:01:29,-108,Tahap-3
01/17/2025,10,1,29,10:01:29,-116,Tahap-3
01/17/2025,10,1,29,10:01:29,-148,Tahap-3
01/17/2025,10,1,29,10:01:29,16,Tahap-3
01/17/2025,10,1,29,10:01:29,-192,Tahap-3
01/17/2025,10,1,29,10:01:29,-72,Tahap-3
01/17/2025,10,1,30,10:01:30,-88,Tahap-3
01/17/2025,10,1,30,10:01:30,-120,Tahap-3
01/17/2025,10,1,30,10:01:30,-180,Tahap-3
01/17/2025,10,1,30,10:01:30,-156,Tahap-3
01/17/2025,10,1,30,10:01:30,-100,Tahap-3
01/17/2025,10,1,30,10:01:30,-192,Tahap-3
01/17/2025,10,1,30,10:01:30,-84,Tahap-3
01/17/2025,10,1,30,10:01:30,-212,Tahap-3
01/17/2025,10,1,30,10:01:30,12,Tahap-3
01/17/2025,10,1,30,10:01:30,-140,Tahap-3
01/17/2025,10,1,31,10:01:31,-192,Tahap-3
01/17/2025,10,1,31,10:01:31,-28,Tahap-3
01/17/2025,10,1,31,10:01:31,-196,Tahap-3
01/17/2025,10,1,31,10:01:31,-28,Tahap-3
01/17/2025,10,1,31,10:01:31,-200,Tahap-3
01/17/2025,10,1,31,10:01:31,-84,Tahap-3
01/17/2025,10,1,31,10:01:31,-160,Tahap-3
01/17/2025,10,1,31,10:01:31,-144,Tahap-3
01/17/2025,10,1,31,10:01:31,-136,Tahap-3
01/17/2025,10,1,31,10:01:31,32,Tahap-3
01/17/2025,10,1,32,10:01:32,-216,Tahap-3
01/17/2025,10,1,32,10:01:32,-180,Tahap-3
01/17/2025,10,1,32,10:01:32,-16,Tahap-3
01/17/2025,10,1,32,10:01:32,-204,Tahap-3
01/17/2025,10,1,32,10:01:32,-176,Tahap-3
01/17/2025,10,1,32,10:01:32,-84,Tahap-3
01/17/2025,10,1,32,10:01:32,-248,Tahap-3
01/17/2025,10,1,32,10:01:32,-68,Tahap-3
01/17/2025,10,1,32,10:01:32,-248,Tahap-3
01/17/2025,10,1,32,10:01:32,-56,Tahap-3
01/17/2025,10,1,33,10:01:33,-72,Tahap-3
01/17/2025,10,1,33,10:01:33,-176,Tahap-3
01/17/2025,10,1,33,10:01:33,-148,Tahap-3
01/17/2025,10,1,33,10:01:33,16,Tahap-3
01/17/2025,10,1,33,10:01:33,-268,Tahap-3
01/17/2025,10,1,33,10:01:33,-80,Tahap-3
01/17/2025,10,1,33,10:01:33,-156,Tahap-3
01/17/2025,10,1,33,10:01:33,-52,Tahap-3
01/17/2025,10,1,33,10:01:33,-188,Tahap-3
01/17/2025,10,1,33,10:01:33,-60,Tahap-3
01/17/2025,10,1,34,10:01:34,-124,Tahap-3
01/17/2025,10,1,34,10:01:34,-124,Tahap-3
01/17/2025,10,1,34,10:01:34,-188,Tahap-3
01/17/2025,10,1,34,10:01:34,-116,Tahap-3
01/17/2025,10,1,34,10:01:34,-64,Tahap-3
01/17/2025,10,1,34,10:01:34,-176,Tahap-3
01/17/2025,10,1,34,10:01:34,-120,Tahap-3
01/17/2025,10,1,34,10:01:34,-196,Tahap-3
01/17/2025,10,1,34,10:01:34,-152,Tahap-3
01/17/2025,10,1,34,10:01:34,-88,Tahap-3
01/17/2025,10,1,35,10:01:35,-248,Tahap-3
01/17/2025,10,1,35,10:01:35,-104,Tahap-3
01/17/2025,10,1,35,10:01:35,-228,Tahap-3
01/17/2025,10,1,35,10:01:35,-80,Tahap-3
01/17/2025,10,1,35,10:01:35,-188,Tahap-3
01/17/2025,10,1,35,10:01:35,-192,Tahap-3
01/17/2025,10,1,35,10:01:35,-144,Tahap-3
01/17/2025,10,1,35,10:01:35,-88,Tahap-3
01/17/2025,10,1,35,10:01:35,-148,Tahap-3
01/17/2025,10,1,36,10:01:36,-148,Tahap-3
01/17/2025,10,1,36,10:01:36,-160,Tahap-3
01/17/2025,10,1,36,10:01:36,-168,Tahap-3
01/17/2025,10,1,36,10:01:36,-132,Tahap-3
01/17/2025,10,1,36,10:01:36,-168,Tahap-3
01/17/2025,10,1,36,10:01:36,-136,Tahap-3
01/17/2025,10,1,36,10:01:36,-116,Tahap-3
01/17/2025,10,1,36,10:01:36,28,Tahap-3
01/17/2025,10,1,36,10:01:36,-304,Tahap-3
01/17/2025,10,1,36,10:01:36,28,Tahap-3
01/17/2025,10,1,37,10:01:37,-220,Tahap-3
01/17/2025,10,1,37,10:01:37,-68,Tahap-3
01/17/2025,10,1,37,10:01:37,-60,Tahap-3
01/17/2025,10,1,37,10:01:37,-104,Tahap-3
01/17/2025,10,1,37,10:01:37,-136,Tahap-3
01/17/2025,10,1,37,10:01:37,-60,Tahap-3
01/17/2025,10,1,37,10:01:37,-128,Tahap-3
01/17/2025,10,1,37,10:01:37,-120,Tahap-3
01/17/2025,10,1,37,10:01:37,28,Tahap-3
01/17/2025,10,1,37,10:01:37,-240,Tahap-3
01/17/2025,10,1,38,10:01:38,-132,Tahap-3
01/17/2025,10,1,38,10:01:38,-40,Tahap-3
01/17/2025,10,1,38,10:01:38,-180,Tahap-3
01/17/2025,10,1,38,10:01:38,-52,Tahap-3
01/17/2025,10,1,38,10:01:38,-128,Tahap-3
01/17/2025,10,1,38,10:01:38,-12,Tahap-3
01/17/2025,10,1,38,10:01:38,-224,Tahap-3
01/17/2025,10,1,38,10:01:38,-24,Tahap-3
01/17/2025,10,1,38,10:01:38,-192,Tahap-3
01/17/2025,10,1,38,10:01:38,84,Tahap-3
01/17/2025,10,1,39,10:01:39,-68,Tahap-3
01/17/2025,10,1,39,10:01:39,-112,Tahap-3
01/17/2025,10,1,39,10:01:39,-12,Tahap-3
01/17/2025,10,1,39,10:01:39,-68,Tahap-3
01/17/2025,10,1,39,10:01:39,-116,Tahap-3
01/17/2025,10,1,39,10:01:39,-44,Tahap-3
01/17/2025,10,1,39,10:01:39,16,Tahap-3
01/17/2025,10,1,39,10:01:39,-52,Tahap-3
01/17/2025,10,2,4,10:02:04,2462,Tahap-3
01/17/2025,10,2,4,10:02:04,1991,Tahap-3
01/17/2025,10,2,4,10:02:04,1339,Tahap-3
01/17/2025,10,2,4,10:02:04,1147,Tahap-3
01/17/2025,10,2,4,10:02:04,680,Tahap-3
01/17/2025,10,2,4,10:02:04,752,Tahap-3
01/17/2025,10,2,4,10:02:04,586,Tahap-3
01/17/2025,10,2,4,10:02:04,647,Tahap-3
01/17/2025,10,2,4,10:02:04,485,Tahap-3
01/17/2025,10,2,5,10:02:05,459,Tahap-3
01/17/2025,10,2,5,10:02:05,311,Tahap-3
01/17/2025,10,2,5,10:02:05,462,Tahap-3
01/17/2025,10,2,5,10:02:05,275,Tahap-3
01/17/2025,10,2,5,10:02:05,291,Tahap-3
01/17/2025,10,2,5,10:02:05,223,Tahap-3
01/17/2025,10,2,5,10:02:05,95,Tahap-3
01/17/2025,10,2,5,10:02:05,306,Tahap-3
01/17/2025,10,2,5,10:02:05,190,Tahap-3
01/17/2025,10,2,5,10:02:05,191,Tahap-3
01/17/2025,10,2,6,10:02:06,202,Tahap-3
01/17/2025,10,2,6,10:02:06,187,Tahap-3
01/17/2025,10,2,6,10:02:06,129,Tahap-3
01/17/2025,10,2,6,10:02:06,277,Tahap-3
01/17/2025,10,2,6,10:02:06,111,Tahap-3
01/17/2025,10,2,6,10:02:06,192,Tahap-3
01/17/2025,10,2,6,10:02:06,62,Tahap-3
01/17/2025,10,2,6,10:02:06,261,Tahap-3
01/17/2025,10,2,6,10:02:06,245,Tahap-3
01/17/2025,10,2,6,10:02:06,99,Tahap-3
01/17/2025,10,2,7,10:02:07,310,Tahap-3
01/17/2025,10,2,7,10:02:07,216,Tahap-3
01/17/2025,10,2,7,10:02:07,208,Tahap-3
01/17/2025,10,2,7,10:02:07,139,Tahap-3
01/17/2025,10,2,7,10:02:07,66,Tahap-3
01/17/2025,10,2,7,10:02:07,170,Tahap-3
01/17/2025,10,2,7,10:02:07,279,Tahap-3
01/17/2025,10,2,7,10:02:07,107,Tahap-3
01/17/2025,10,2,7,10:02:07,138,Tahap-3
01/17/2025,10,2,7,10:02:07,76,Tahap-3
01/17/2025,10,2,8,10:02:08,213,Tahap-3
01/17/2025,10,2,8,10:02:08,107,Tahap-3
01/17/2025,10,2,8,10:02:08,225,Tahap-3
01/17/2025,10,2,8,10:02:08,207,Tahap-3
01/17/2025,10,2,8,10:02:08,284,Tahap-3
01/17/2025,10,2,8,10:02:08,177,Tahap-3
01/17/2025,10,2,8,10:02:08,72,Tahap-3
01/17/2025,10,2,8,10:02:08,105,Tahap-3
01/17/2025,10,2,8,10:02:08,65,Tahap-3
01/17/2025,10,2,8,10:02:08,58,Tahap-3
01/17/2025,10,2,9,10:02:09,251,Tahap-3
01/17/2025,10,2,9,10:02:09,69,Tahap-3
01/17/2025,10,2,9,10:02:09,19,Tahap-3
01/17/2025,10,2,9,10:02:09,61,Tahap-3
01/17/2025,10,2,9,10:02:09,133,Tahap-3
01/17/2025,10,2,9,10:02:09,160,Tahap-3
01/17/2025,10,2,9,10:02:09,113,Tahap-3
01/17/2025,10,2,9,10:02:09,123,Tahap-3
01/17/2025,10,2,9,10:02:09,187,Tahap-3
01/17/2025,10,2,9,10:02:09,144,Tahap-3
01/17/2025,10,2,10,10:02:10,299,Tahap-3
01/17/2025,10,2,10,10:02:10,98,Tahap-3
01/17/2025,10,2,10,10:02:10,146,Tahap-3
01/17/2025,10,2,10,10:02:10,202,Tahap-3
01/17/2025,10,2,10,10:02:10,435,Tahap-3
01/17/2025,10,2,10,10:02:10,271,Tahap-3
01/17/2025,10,2,11,10:02:11,133,Tahap-3
01/17/2025,10,2,11,10:02:11,312,Tahap-3
01/17/2025,10,2,11,10:02:11,825,Tahap-3
01/17/2025,10,2,11,10:02:11,56,Tahap-3
01/17/2025,10,2,11,10:02:11,132,Tahap-3
01/17/2025,10,2,11,10:02:11,177,Tahap-3
01/17/2025,10,2,11,10:02:11,113,Tahap-3
01/17/2025,10,2,11,10:02:11,144,Tahap-3
01/17/2025,10,2,11,10:02:11,166,Tahap-3
01/17/2025,10,2,11,10:02:11,230,Tahap-3
01/17/2025,10,2,11,10:02:11,106,Tahap-3
01/17/2025,10,2,11,10:02:11,24,Tahap-3
01/17/2025,10,2,11,10:02:11,206,Tahap-3
01/17/2025,10,2,11,10:02:11,194,Tahap-3
01/17/2025,10,2,12,10:02:12,92,Tahap-3
01/17/2025,10,2,12,10:02:12,99,Tahap-3
01/17/2025,10,2,12,10:02:12,67,Tahap-3
01/17/2025,10,2,12,10:02:12,40,Tahap-3
01/17/2025,10,2,12,10:02:12,179,Tahap-3
01/17/2025,10,2,12,10:02:12,73,Tahap-3
01/17/2025,10,2,12,10:02:12,812,Tahap-3
01/17/2025,10,2,12,10:02:12,321,Tahap-3
01/17/2025,10,2,12,10:02:12,493,Tahap-3
01/17/2025,10,2,12,10:02:12,560,Tahap-3
01/17/2025,10,2,13,10:02:13,961,Tahap-3
01/17/2025,10,2,13,10:02:13,375,Tahap-3
01/17/2025,10,2,13,10:02:13,162,Tahap-3
01/17/2025,10,2,13,10:02:13,167,Tahap-3
01/17/2025,10,2,13,10:02:13,211,Tahap-3
01/17/2025,10,2,13,10:02:13,65,Tahap-3
01/17/2025,10,2,13,10:02:13,233,Tahap-3
01/17/2025,10,2,13,10:02:13,365,Tahap-3
01/17/2025,10,2,13,10:02:13,211,Tahap-3
01/17/2025,10,2,13,10:02:13,220,Tahap-3
01/17/2025,10,2,14,10:02:14,190,Tahap-3
01/17/2025,10,2,14,10:02:14,80,Tahap-3
01/17/2025,10,2,14,10:02:14,183,Tahap-3
01/17/2025,10,2,14,10:02:14,149,Tahap-3
01/17/2025,10,2,14,10:02:14,97,Tahap-3
01/17/2025,10,2,14,10:02:14,134,Tahap-3
01/17/2025,10,2,14,10:02:14,191,Tahap-3
01/17/2025,10,2,14,10:02:14,215,Tahap-3
01/17/2025,10,2,14,10:02:14,103,Tahap-3
01/17/2025,10,2,14,10:02:14,338,Tahap-3
01/17/2025,10,2,15,10:02:15,90,Tahap-3
01/17/2025,10,2,15,10:02:15,528,Tahap-3
01/17/2025,10,2,15,10:02:15,787,Tahap-3
01/17/2025,10,2,15,10:02:15,1479,Tahap-3
01/17/2025,10,2,15,10:02:15,653,Tahap-3
01/17/2025,10,2,15,10:02:15,357,Tahap-3
01/17/2025,10,2,15,10:02:15,166,Tahap-3
01/17/2025,10,2,15,10:02:15,278,Tahap-3
01/17/2025,10,2,15,10:02:15,315,Tahap-3
01/17/2025,10,2,15,10:02:15,198,Tahap-3
01/17/2025,10,2,16,10:02:16,373,Tahap-3
01/17/2025,10,2,16,10:02:16,215,Tahap-3
01/17/2025,10,2,16,10:02:16,220,Tahap-3
01/17/2025,10,2,16,10:02:16,258,Tahap-3
01/17/2025,10,2,16,10:02:16,135,Tahap-3
01/17/2025,10,2,16,10:02:16,387,Tahap-3
01/17/2025,10,2,16,10:02:16,658,Tahap-3
01/17/2025,10,2,16,10:02:16,1463,Tahap-3
01/17/2025,10,2,16,10:02:16,32,Tahap-3
01/17/2025,10,2,16,10:02:16,-16,Tahap-3
01/17/2025,10,2,17,10:02:17,-24,Tahap-3
01/17/2025,10,2,17,10:02:17,-136,Tahap-3
01/17/2025,10,2,17,10:02:17,36,Tahap-3
01/17/2025,10,2,17,10:02:17,-164,Tahap-3
01/17/2025,10,2,17,10:02:17,120,Tahap-3
01/17/2025,10,2,17,10:02:17,-92,Tahap-3
01/17/2025,10,2,17,10:02:17,-40,Tahap-3
01/17/2025,10,2,17,10:02:17,-52,Tahap-3
01/17/2025,10,2,17,10:02:17,-96,Tahap-3
01/17/2025,10,2,17,10:02:17,-96,Tahap-3
01/17/2025,10,2,18,10:02:18,-32,Tahap-3
01/17/2025,10,2,18,10:02:18,4,Tahap-3
01/17/2025,10,2,18,10:02:18,-76,Tahap-3
01/17/2025,10,2,18,10:02:18,-104,Tahap-3
01/17/2025,10,2,18,10:02:18,-48,Tahap-3
01/17/2025,10,2,18,10:02:18,-88,Tahap-3
01/17/2025,10,2,18,10:02:18,80,Tahap-3
01/17/2025,10,2,18,10:02:18,-180,Tahap-3
01/17/2025,10,2,18,10:02:18,108,Tahap-3
01/17/2025,10,2,18,10:02:18,-100,Tahap-3
01/17/2025,10,2,19,10:02:19,8,Tahap-3
01/17/2025,10,2,19,10:02:19,-60,Tahap-3
01/17/2025,10,2,19,10:02:19,64,Tahap-3
01/17/2025,10,2,19,10:02:19,-72,Tahap-3
01/17/2025,10,2,19,10:02:19,-4,Tahap-3
01/17/2025,10,2,19,10:02:19,-124,Tahap-3
01/17/2025,10,2,19,10:02:19,4,Tahap-3
01/17/2025,10,2,19,10:02:19,40,Tahap-3
01/17/2025,10,2,19,10:02:19,-148,Tahap-3
01/17/2025,10,2,19,10:02:19,60,Tahap-3
01/17/2025,10,2,20,10:02:20,64,Tahap-3
01/17/2025,10,2,20,10:02:20,-104,Tahap-3
01/17/2025,10,2,20,10:02:20,68,Tahap-3
01/17/2025,10,2,20,10:02:20,-56,Tahap-3
01/17/2025,10,2,20,10:02:20,88,Tahap-3
01/17/2025,10,2,20,10:02:20,-16,Tahap-3
01/17/2025,10,2,20,10:02:20,4,Tahap-3
01/17/2025,10,2,20,10:02:20,-64,Tahap-3
01/17/2025,10,2,20,10:02:20,160,Tahap-3
01/17/2025,10,2,21,10:02:21,-36,Tahap-3
01/17/2025,10,2,21,10:02:21,100,Tahap-3
01/17/2025,10,2,21,10:02:21,4,Tahap-3
01/17/2025,10,2,21,10:02:21,-88,Tahap-3
01/17/2025,10,2,21,10:02:21,36,Tahap-3
01/17/2025,10,2,21,10:02:21,16,Tahap-3
01/17/2025,10,2,21,10:02:21,56,Tahap-3
01/17/2025,10,2,21,10:02:21,20,Tahap-3
01/17/2025,10,2,21,10:02:21,-4,Tahap-3
01/17/2025,10,2,21,10:02:21,64,Tahap-3
01/17/2025,10,2,22,10:02:22,136,Tahap-3
01/17/2025,10,2,22,10:02:22,-96,Tahap-3
01/17/2025,10,2,22,10:02:22,120,Tahap-3
01/17/2025,10,2,22,10:02:22,8,Tahap-3
01/17/2025,10,2,22,10:02:22,76,Tahap-3
01/17/2025,10,2,22,10:02:22,-52,Tahap-3
01/17/2025,10,2,22,10:02:22,152,Tahap-3
01/17/2025,10,2,22,10:02:22,-36,Tahap-3
01/17/2025,10,2,22,10:02:22,104,Tahap-3
01/17/2025,10,2,22,10:02:22,-12,Tahap-3
01/17/2025,10,2,23,10:02:23,100,Tahap-3
01/17/2025,10,2,23,10:02:23,112,Tahap-3
01/17/2025,10,2,23,10:02:23,36,Tahap-3
01/17/2025,10,2,23,10:02:23,100,Tahap-3
01/17/2025,10,2,23,10:02:23,136,Tahap-3
01/17/2025,10,2,23,10:02:23,60,Tahap-3
01/17/2025,10,2,23,10:02:23,96,Tahap-3
01/17/2025,10,2,23,10:02:23,-48,Tahap-3
01/17/2025,10,2,23,10:02:23,176,Tahap-3
01/17/2025,10,2,23,10:02:23,-36,Tahap-3
01/17/2025,10,2,24,10:02:24,148,Tahap-3
01/17/2025,10,2,24,10:02:24,-8,Tahap-3
01/17/2025,10,2,24,10:02:24,216,Tahap-3
01/17/2025,10,2,24,10:02:24,12,Tahap-3
01/17/2025,10,2,24,10:02:24,28,Tahap-3
01/17/2025,10,2,24,10:02:24,136,Tahap-3
01/17/2025,10,2,24,10:02:24,32,Tahap-3
01/17/2025,10,2,24,10:02:24,92,Tahap-3
01/17/2025,10,2,24,10:02:24,36,Tahap-3
01/17/2025,10,2,24,10:02:24,88,Tahap-3
01/17/2025,10,2,25,10:02:25,120,Tahap-3
01/17/2025,10,2,25,10:02:25,104,Tahap-3
01/17/2025,10,2,25,10:02:25,100,Tahap-3
01/17/2025,10,2,25,10:02:25,116,Tahap-3
01/17/2025,10,2,25,10:02:25,244,Tahap-3
01/17/2025,10,2,25,10:02:25,-92,Tahap-3
01/17/2025,10,2,25,10:02:25,288,Tahap-3
01/17/2025,10,2,25,10:02:25,52,Tahap-3
01/17/2025,10,2,25,10:02:25,88,Tahap-3
01/17/2025,10,2,25,10:02:25,120,Tahap-3
01/17/2025,10,2,26,10:02:26,168,Tahap-3
01/17/2025,10,2,26,10:02:26,76,Tahap-3
01/17/2025,10,2,26,10:02:26,176,Tahap-3
01/17/2025,10,2,26,10:02:26,76,Tahap-3
01/17/2025,10,2,26,10:02:26,108,Tahap-3
01/17/2025,10,2,26,10:02:26,244,Tahap-3
01/17/2025,10,2,26,10:02:26,52,Tahap-3
01/17/2025,10,2,26,10:02:26,100,Tahap-3
01/17/2025,10,2,26,10:02:26,256,Tahap-3
01/17/2025,10,2,26,10:02:26,40,Tahap-3
01/17/2025,10,2,27,10:02:27,200,Tahap-3
01/17/2025,10,2,27,10:02:27,140,Tahap-3
01/17/2025,10,2,27,10:02:27,224,Tahap-3
01/17/2025,10,2,27,10:02:27,36,Tahap-3
01/17/2025,10,2,27,10:02:27,240,Tahap-3
01/17/2025,10,2,27,10:02:27,20,Tahap-3
01/17/2025,10,2,27,10:02:27,244,Tahap-3
01/17/2025,10,2,27,10:02:27,208,Tahap-3
01/17/2025,10,2,27,10:02:27,76,Tahap-3
01/17/2025,10,2,27,10:02:27,220,Tahap-3
01/17/2025,10,2,28,10:02:28,176,Tahap-3
01/17/2025,10,2,28,10:02:28,124,Tahap-3
01/17/2025,10,2,28,10:02:28,112,Tahap-3
01/17/2025,10,2,28,10:02:28,236,Tahap-3
01/17/2025,10,2,28,10:02:28,196,Tahap-3
01/17/2025,10,2,28,10:02:28,84,Tahap-3
01/17/2025,10,2,28,10:02:28,232,Tahap-3
01/17/2025,10,2,28,10:02:28,92,Tahap-3
01/17/2025,10,2,28,10:02:28,392,Tahap-3
01/17/2025,10,2,28,10:02:28,92,Tahap-3
01/17/2025,10,2,29,10:02:29,244,Tahap-3
01/17/2025,10,2,29,10:02:29,188,Tahap-3
01/17/2025,10,2,29,10:02:29,180,Tahap-3
01/17/2025,10,2,29,10:02:29,140,Tahap-3
01/17/2025,10,2,29,10:02:29,184,Tahap-3
01/17/2025,10,2,29,10:02:29,236,Tahap-3
01/17/2025,10,2,29,10:02:29,124,Tahap-3
01/17/2025,10,2,54,10:02:54,2749,Tahap-3
01/17/2025,10,2,54,10:02:54,1044,Tahap-3
01/17/2025,10,2,54,10:02:54,797,Tahap-3
01/17/2025,10,2,54,10:02:54,616,Tahap-3
01/17/2025,10,2,54,10:02:54,208,Tahap-3
01/17/2025,10,2,54,10:02:54,420,Tahap-3
01/17/2025,10,2,54,10:02:54,254,Tahap-3
01/17/2025,10,2,54,10:02:54,287,Tahap-3
01/17/2025,10,2,54,10:02:54,276,Tahap-3
01/17/2025,10,2,54,10:02:54,153,Tahap-3
01/17/2025,10,2,55,10:02:55,306,Tahap-3
01/17/2025,10,2,55,10:02:55,265,Tahap-3
01/17/2025,10,2,55,10:02:55,132,Tahap-3
01/17/2025,10,2,55,10:02:55,280,Tahap-3
01/17/2025,10,2,55,10:02:55,157,Tahap-3
01/17/2025,10,2,55,10:02:55,147,Tahap-3
01/17/2025,10,2,55,10:02:55,194,Tahap-3
01/17/2025,10,2,55,10:02:55,204,Tahap-3
01/17/2025,10,2,55,10:02:55,147,Tahap-3
01/17/2025,10,2,55,10:02:55,208,Tahap-3
01/17/2025,10,2,56,10:02:56,86,Tahap-3
01/17/2025,10,2,56,10:02:56,166,Tahap-3
01/17/2025,10,2,56,10:02:56,472,Tahap-3
01/17/2025,10,2,56,10:02:56,146,Tahap-3
01/17/2025,10,2,56,10:02:56,100,Tahap-3
01/17/2025,10,2,56,10:02:56,64,Tahap-3
01/17/2025,10,2,56,10:02:56,50,Tahap-3
01/17/2025,10,2,56,10:02:56,95,Tahap-3
01/17/2025,10,2,56,10:02:56,139,Tahap-3
01/17/2025,10,2,56,10:02:56,163,Tahap-3
01/17/2025,10,2,57,10:02:57,30,Tahap-3
01/17/2025,10,2,57,10:02:57,83,Tahap-3
01/17/2025,10,2,57,10:02:57,166,Tahap-3
01/17/2025,10,2,57,10:02:57,210,Tahap-3
01/17/2025,10,2,57,10:02:57,180,Tahap-3
01/17/2025,10,2,57,10:02:57,190,Tahap-3
01/17/2025,10,2,57,10:02:57,255,Tahap-3
01/17/2025,10,2,57,10:02:57,244,Tahap-3
01/17/2025,10,2,57,10:02:57,229,Tahap-3
01/17/2025,10,2,57,10:02:57,107,Tahap-3
01/17/2025,10,2,58,10:02:58,147,Tahap-3
01/17/2025,10,2,58,10:02:58,229,Tahap-3
01/17/2025,10,2,58,10:02:58,120,Tahap-3
01/17/2025,10,2,58,10:02:58,289,Tahap-3
01/17/2025,10,2,58,10:02:58,86,Tahap-3
01/17/2025,10,2,58,10:02:58,37,Tahap-3
01/17/2025,10,2,58,10:02:58,42,Tahap-3
01/17/2025,10,2,58,10:02:58,132,Tahap-3
01/17/2025,10,2,58,10:02:58,113,Tahap-3
01/17/2025,10,2,58,10:02:58,12,Tahap-3
01/17/2025,10,2,59,10:02:59,103,Tahap-3
01/17/2025,10,2,59,10:02:59,97,Tahap-3
01/17/2025,10,2,59,10:02:59,48,Tahap-3
01/17/2025,10,2,59,10:02:59,34,Tahap-3
01/17/2025,10,2,59,10:02:59,196,Tahap-3
01/17/2025,10,2,59,10:02:59,107,Tahap-3
01/17/2025,10,2,59,10:02:59,11,Tahap-3
01/17/2025,10,2,59,10:02:59,57,Tahap-3
01/17/2025,10,2,59,10:02:59,231,Tahap-3
01/17/2025,10,2,59,10:02:59,60,Tahap-3
01/17/2025,10,3,1,10:03:01,286,Tahap-3
01/17/2025,10,3,1,10:03:01,177,Tahap-3
01/17/2025,10,3,1,10:03:01,141,Tahap-3
01/17/2025,10,3,1,10:03:01,90,Tahap-3
01/17/2025,10,3,1,10:03:01,64,Tahap-3
01/17/2025,10,3,1,10:03:01,101,Tahap-3
01/17/2025,10,3,1,10:03:01,75,Tahap-3
01/17/2025,10,3,1,10:03:01,31,Tahap-3
01/17/2025,10,3,1,10:03:01,21,Tahap-3
01/17/2025,10,3,1,10:03:01,117,Tahap-3
01/17/2025,10,3,2,10:03:02,135,Tahap-3
01/17/2025,10,3,2,10:03:02,111,Tahap-3
01/17/2025,10,3,2,10:03:02,114,Tahap-3
01/17/2025,10,3,2,10:03:02,234,Tahap-3
01/17/2025,10,3,2,10:03:02,458,Tahap-3
01/17/2025,10,3,2,10:03:02,317,Tahap-3
01/17/2025,10,3,2,10:03:02,61,Tahap-3
01/17/2025,10,3,2,10:03:02,233,Tahap-3
01/17/2025,10,3,2,10:03:02,256,Tahap-3
01/17/2025,10,3,2,10:03:02,328,Tahap-3
01/17/2025,10,3,3,10:03:03,947,Tahap-3
01/17/2025,10,3,3,10:03:03,411,Tahap-3
01/17/2025,10,3,3,10:03:03,571,Tahap-3
01/17/2025,10,3,3,10:03:03,143,Tahap-3
01/17/2025,10,3,3,10:03:03,209,Tahap-3
01/17/2025,10,3,3,10:03:03,397,Tahap-3
01/17/2025,10,3,3,10:03:03,310,Tahap-3
01/17/2025,10,3,3,10:03:03,207,Tahap-3
01/17/2025,10,3,3,10:03:03,73,Tahap-3
01/17/2025,10,3,3,10:03:03,102,Tahap-3
01/17/2025,10,3,4,10:03:04,133,Tahap-3
01/17/2025,10,3,4,10:03:04,155,Tahap-3
01/17/2025,10,3,4,10:03:04,215,Tahap-3
01/17/2025,10,3,4,10:03:04,81,Tahap-3
01/17/2025,10,3,4,10:03:04,14,Tahap-3
01/17/2025,10,3,4,10:03:04,158,Tahap-3
01/17/2025,10,3,4,10:03:04,143,Tahap-3
01/17/2025,10,3,4,10:03:04,488,Tahap-3
01/17/2025,10,3,4,10:03:04,103,Tahap-3
01/17/2025,10,3,4,10:03:04,589,Tahap-3
01/17/2025,10,3,5,10:03:05,392,Tahap-3
01/17/2025,10,3,5,10:03:05,347,Tahap-3
01/17/2025,10,3,5,10:03:05,589,Tahap-3
01/17/2025,10,3,5,10:03:05,1284,Tahap-3
01/17/2025,10,3,5,10:03:05,385,Tahap-3
01/17/2025,10,3,5,10:03:05,269,Tahap-3
01/17/2025,10,3,5,10:03:05,106,Tahap-3
01/17/2025,10,3,5,10:03:05,270,Tahap-3
01/17/2025,10,3,5,10:03:05,209,Tahap-3
01/17/2025,10,3,5,10:03:05,76,Tahap-3
01/17/2025,10,3,6,10:03:06,110,Tahap-3
01/17/2025,10,3,6,10:03:06,278,Tahap-3
01/17/2025,10,3,6,10:03:06,106,Tahap-3
01/17/2025,10,3,6,10:03:06,326,Tahap-3
01/17/2025,10,3,6,10:03:06,181,Tahap-3
01/17/2025,10,3,6,10:03:06,185,Tahap-3
01/17/2025,10,3,6,10:03:06,149,Tahap-3
01/17/2025,10,3,6,10:03:06,52,Tahap-3
01/17/2025,10,3,6,10:03:06,-76,Tahap-3
01/17/2025,10,3,6,10:03:06,72,Tahap-3
01/17/2025,10,3,7,10:03:07,-36,Tahap-3
01/17/2025,10,3,7,10:03:07,28,Tahap-3
01/17/2025,10,3,7,10:03:07,12,Tahap-3
01/17/2025,10,3,7,10:03:07,-48,Tahap-3
01/17/2025,10,3,7,10:03:07,4,Tahap-3
01/17/2025,10,3,7,10:03:07,-24,Tahap-3
01/17/2025,10,3,7,10:03:07,36,Tahap-3
01/17/2025,10,3,7,10:03:07,-60,Tahap-3
01/17/2025,10,3,7,10:03:07,136,Tahap-3
01/17/2025,10,3,7,10:03:07,-148,Tahap-3
01/17/2025,10,3,8,10:03:08,48,Tahap-3
01/17/2025,10,3,8,10:03:08,-8,Tahap-3
01/17/2025,10,3,8,10:03:08,16,Tahap-3
01/17/2025,10,3,8,10:03:08,-16,Tahap-3
01/17/2025,10,3,8,10:03:08,-32,Tahap-3
01/17/2025,10,3,8,10:03:08,-36,Tahap-3
01/17/2025,10,3,8,10:03:08,4,Tahap-3
01/17/2025,10,3,8,10:03:08,-36,Tahap-3
01/17/2025,10,3,8,10:03:08,-40,Tahap-3
01/17/2025,10,3,8,10:03:08,104,Tahap-3
01/17/2025,10,3,9,10:03:09,40,Tahap-3
01/17/2025,10,3,9,10:03:09,-152,Tahap-3
01/17/2025,10,3,9,10:03:09,140,Tahap-3
01/17/2025,10,3,9,10:03:09,-108,Tahap-3
01/17/2025,10,3,9,10:03:09,-8,Tahap-3
01/17/2025,10,3,9,10:03:09,-88,Tahap-3
01/17/2025,10,3,9,10:03:09,-16,Tahap-3
01/17/2025,10,3,9,10:03:09,-108,Tahap-3
01/17/2025,10,3,9,10:03:09,-24,Tahap-3
01/17/2025,10,3,9,10:03:09,-112,Tahap-3
01/17/2025,10,3,10,10:03:10,12,Tahap-3
01/17/2025,10,3,10,10:03:10,-216,Tahap-3
01/17/2025,10,3,10,10:03:10,-12,Tahap-3
01/17/2025,10,3,10,10:03:10,-48,Tahap-3
01/17/2025,10,3,10,10:03:10,-140,Tahap-3
01/17/2025,10,3,11,10:03:11,-44,Tahap-3
01/17/2025,10,3,11,10:03:11,-60,Tahap-3
01/17/2025,10,3,11,10:03:11,-92,Tahap-3
01/17/2025,10,3,11,10:03:11,-96,Tahap-3
01/17/2025,10,3,11,10:03:11,-64,Tahap-3
01/17/2025,10,3,11,10:03:11,-24,Tahap-3
01/17/2025,10,3,11,10:03:11,52,Tahap-3
01/17/2025,10,3,11,10:03:11,-148,Tahap-3
01/17/2025,10,3,11,10:03:11,-4,Tahap-3
01/17/2025,10,3,11,10:03:11,-96,Tahap-3
01/17/2025,10,3,11,10:03:11,-64,Tahap-3
01/17/2025,10,3,11,10:03:11,-124,Tahap-3
01/17/2025,10,3,11,10:03:11,-68,Tahap-3
01/17/2025,10,3,11,10:03:11,-32,Tahap-3
01/17/2025,10,3,12,10:03:12,-124,Tahap-3
01/17/2025,10,3,12,10:03:12,-160,Tahap-3
01/17/2025,10,3,12,10:03:12,-40,Tahap-3
01/17/2025,10,3,12,10:03:12,-16,Tahap-3
01/17/2025,10,3,12,10:03:12,-136,Tahap-3
01/17/2025,10,3,12,10:03:12,8,Tahap-3
01/17/2025,10,3,12,10:03:12,-76,Tahap-3
01/17/2025,10,3,12,10:03:12,-92,Tahap-3
01/17/2025,10,3,12,10:03:12,-56,Tahap-3
01/17/2025,10,3,12,10:03:12,-112,Tahap-3
01/17/2025,10,3,13,10:03:13,-8,Tahap-3
01/17/2025,10,3,13,10:03:13,-112,Tahap-3
01/17/2025,10,3,13,10:03:13,-80,Tahap-3
01/17/2025,10,3,13,10:03:13,-124,Tahap-3
01/17/2025,10,3,13,10:03:13,88,Tahap-3
01/17/2025,10,3,13,10:03:13,-160,Tahap-3
01/17/2025,10,3,13,10:03:13,-56,Tahap-3
01/17/2025,10,3,13,10:03:13,-16,Tahap-3
01/17/2025,10,3,13,10:03:13,-88,Tahap-3
01/17/2025,10,3,13,10:03:13,-140,Tahap-3
01/17/2025,10,3,14,10:03:14,-76,Tahap-3
01/17/2025,10,3,14,10:03:14,-64,Tahap-3
01/17/2025,10,3,14,10:03:14,-96,Tahap-3
01/17/2025,10,3,14,10:03:14,-104,Tahap-3
01/17/2025,10,3,14,10:03:14,-156,Tahap-3
01/17/2025,10,3,14,10:03:14,8,Tahap-3
01/17/2025,10,3,14,10:03:14,-40,Tahap-3
01/17/2025,10,3,14,10:03:14,-148,Tahap-3
01/17/2025,10,3,14,10:03:14,-8,Tahap-3
01/17/2025,10,3,14,10:03:14,-84,Tahap-3
01/17/2025,10,3,15,10:03:15,-68,Tahap-3
01/17/2025,10,3,15,10:03:15,-224,Tahap-3
01/17/2025,10,3,15,10:03:15,-8,Tahap-3
01/17/2025,10,3,15,10:03:15,-144,Tahap-3
01/17/2025,10,3,15,10:03:15,-48,Tahap-3
01/17/2025,10,3,15,10:03:15,-168,Tahap-3
01/17/2025,10,3,15,10:03:15,-36,Tahap-3
01/17/2025,10,3,15,10:03:15,-28,Tahap-3
01/17/2025,10,3,15,10:03:15,-164,Tahap-3
01/17/2025,10,3,15,10:03:15,-4,Tahap-3
01/17/2025,10,3,16,10:03:16,-120,Tahap-3
01/17/2025,10,3,16,10:03:16,-56,Tahap-3
01/17/2025,10,3,16,10:03:16,-148,Tahap-3
01/17/2025,10,3,16,10:03:16,-148,Tahap-3
01/17/2025,10,3,16,10:03:16,4,Tahap-3
01/17/2025,10,3,16,10:03:16,-184,Tahap-3
01/17/2025,10,3,16,10:03:16,-28,Tahap-3
01/17/2025,10,3,16,10:03:16,-192,Tahap-3
01/17/2025,10,3,16,10:03:16,40,Tahap-3
01/17/2025,10,3,16,10:03:16,-180,Tahap-3
01/17/2025,10,3,17,10:03:17,-48,Tahap-3
01/17/2025,10,3,17,10:03:17,-48,Tahap-3
01/17/2025,10,3,17,10:03:17,-96,Tahap-3
01/17/2025,10,3,17,10:03:17,-36,Tahap-3
01/17/2025,10,3,17,10:03:17,-160,Tahap-3
01/17/2025,10,3,17,10:03:17,-36,Tahap-3
01/17/2025,10,3,17,10:03:17,-100,Tahap-3
01/17/2025,10,3,17,10:03:17,-68,Tahap-3
01/17/2025,10,3,17,10:03:17,-112,Tahap-3
01/17/2025,10,3,17,10:03:17,-52,Tahap-3
01/17/2025,10,3,18,10:03:18,8,Tahap-3
01/17/2025,10,3,18,10:03:18,-224,Tahap-3
01/17/2025,10,3,18,10:03:18,4,Tahap-3
01/17/2025,10,3,18,10:03:18,-124,Tahap-3
01/17/2025,10,3,18,10:03:18,-24,Tahap-3
01/17/2025,10,3,18,10:03:18,-64,Tahap-3
01/17/2025,10,3,18,10:03:18,4,Tahap-3
01/17/2025,10,3,18,10:03:18,-124,Tahap-3
01/17/2025,10,3,18,10:03:18,-68,Tahap-3
01/17/2025,10,3,18,10:03:18,-160,Tahap-3
01/17/2025,10,3,19,10:03:19,-136,Tahap-3
01/17/2025,10,3,19,10:03:19,60,Tahap-3
01/17/2025,10,3,19,10:03:19,-140,Tahap-3
01/17/2025,10,3,19,10:03:19,-104,Tahap-3
01/17/2025,10,3,19,10:03:19,-164,Tahap-3
01/17/2025,10,3,43,10:03:43,1516,Tahap-3
01/17/2025,10,3,44,10:03:44,393,Tahap-3
01/17/2025,10,3,44,10:03:44,160,Tahap-3
01/17/2025,10,3,44,10:03:44,159,Tahap-3
01/17/2025,10,3,44,10:03:44,86,Tahap-3
01/17/2025,10,3,44,10:03:44,278,Tahap-3
01/17/2025,10,3,44,10:03:44,167,Tahap-3
01/17/2025,10,3,44,10:03:44,129,Tahap-3
01/17/2025,10,3,44,10:03:44,121,Tahap-3
01/17/2025,10,3,44,10:03:44,76,Tahap-3
01/17/2025,10,3,44,10:03:44,98,Tahap-3
01/17/2025,10,3,45,10:03:45,140,Tahap-3
01/17/2025,10,3,45,10:03:45,111,Tahap-3
01/17/2025,10,3,45,10:03:45,90,Tahap-3
01/17/2025,10,3,45,10:03:45,85,Tahap-3
01/17/2025,10,3,45,10:03:45,174,Tahap-3
01/17/2025,10,3,45,10:03:45,126,Tahap-3
01/17/2025,10,3,45,10:03:45,102,Tahap-3
01/17/2025,10,3,45,10:03:45,79,Tahap-3
01/17/2025,10,3,45,10:03:45,73,Tahap-3
01/17/2025,10,3,45,10:03:45,111,Tahap-3
01/17/2025,10,3,46,10:03:46,125,Tahap-3
01/17/2025,10,3,46,10:03:46,482,Tahap-3
01/17/2025,10,3,46,10:03:46,74,Tahap-3
01/17/2025,10,3,46,10:03:46,45,Tahap-3
01/17/2025,10,3,46,10:03:46,14,Tahap-3
01/17/2025,10,3,46,10:03:46,190,Tahap-3
01/17/2025,10,3,46,10:03:46,213,Tahap-3
01/17/2025,10,3,46,10:03:46,121,Tahap-3
01/17/2025,10,3,46,10:03:46,177,Tahap-3
01/17/2025,10,3,46,10:03:46,310,Tahap-3
01/17/2025,10,3,47,10:03:47,131,Tahap-3
01/17/2025,10,3,47,10:03:47,130,Tahap-3
01/17/2025,10,3,47,10:03:47,11,Tahap-3
01/17/2025,10,3,47,10:03:47,138,Tahap-3
01/17/2025,10,3,47,10:03:47,206,Tahap-3
01/17/2025,10,3,47,10:03:47,143,Tahap-3
01/17/2025,10,3,47,10:03:47,100,Tahap-3
01/17/2025,10,3,47,10:03:47,23,Tahap-3
01/17/2025,10,3,47,10:03:47,121,Tahap-3
01/17/2025,10,3,47,10:03:47,191,Tahap-3
01/17/2025,10,3,48,10:03:48,180,Tahap-3
01/17/2025,10,3,48,10:03:48,192,Tahap-3
01/17/2025,10,3,48,10:03:48,58,Tahap-3
01/17/2025,10,3,48,10:03:48,159,Tahap-3
01/17/2025,10,3,48,10:03:48,119,Tahap-3
01/17/2025,10,3,48,10:03:48,40,Tahap-3
01/17/2025,10,3,48,10:03:48,93,Tahap-3
01/17/2025,10,3,48,10:03:48,52,Tahap-3
01/17/2025,10,3,48,10:03:48,223,Tahap-3
01/17/2025,10,3,48,10:03:48,108,Tahap-3
01/17/2025,10,3,49,10:03:49,159,Tahap-3
01/17/2025,10,3,49,10:03:49,50,Tahap-3
01/17/2025,10,3,49,10:03:49,109,Tahap-3
01/17/2025,10,3,49,10:03:49,177,Tahap-3
01/17/2025,10,3,49,10:03:49,94,Tahap-3
01/17/2025,10,3,49,10:03:49,142,Tahap-3
01/17/2025,10,3,49,10:03:49,179,Tahap-3
01/17/2025,10,3,49,10:03:49,128,Tahap-3
01/17/2025,10,3,49,10:03:49,203,Tahap-3
01/17/2025,10,3,49,10:03:49,24,Tahap-3
01/17/2025,10,3,50,10:03:50,73,Tahap-3
01/17/2025,10,3,50,10:03:50,357,Tahap-3
01/17/2025,10,3,50,10:03:50,242,Tahap-3
01/17/2025,10,3,50,10:03:50,515,Tahap-3
01/17/2025,10,3,50,10:03:50,128,Tahap-3
01/17/2025,10,3,50,10:03:50,80,Tahap-3
01/17/2025,10,3,50,10:03:50,790,Tahap-3
01/17/2025,10,3,50,10:03:50,239,Tahap-3
01/17/2025,10,3,50,10:03:50,170,Tahap-3
01/17/2025,10,3,50,10:03:50,41,Tahap-3
01/17/2025,10,3,51,10:03:51,112,Tahap-3
01/17/2025,10,3,51,10:03:51,260,Tahap-3
01/17/2025,10,3,51,10:03:51,17,Tahap-3
01/17/2025,10,3,51,10:03:51,289,Tahap-3
01/17/2025,10,3,51,10:03:51,31,Tahap-3
01/17/2025,10,3,51,10:03:51,83,Tahap-3
01/17/2025,10,3,51,10:03:51,209,Tahap-3
01/17/2025,10,3,51,10:03:51,61,Tahap-3
01/17/2025,10,3,51,10:03:51,190,Tahap-3
01/17/2025,10,3,51,10:03:51,37,Tahap-3
01/17/2025,10,3,52,10:03:52,116,Tahap-3
01/17/2025,10,3,52,10:03:52,44,Tahap-3
01/17/2025,10,3,52,10:03:52,285,Tahap-3
01/17/2025,10,3,52,10:03:52,402,Tahap-3
01/17/2025,10,3,52,10:03:52,523,Tahap-3
01/17/2025,10,3,52,10:03:52,94,Tahap-3
01/17/2025,10,3,52,10:03:52,264,Tahap-3
01/17/2025,10,3,52,10:03:52,381,Tahap-3
01/17/2025,10,3,52,10:03:52,520,Tahap-3
01/17/2025,10,3,52,10:03:52,684,Tahap-3
01/17/2025,10,3,53,10:03:53,211,Tahap-3
01/17/2025,10,3,53,10:03:53,178,Tahap-3
01/17/2025,10,3,53,10:03:53,337,Tahap-3
01/17/2025,10,3,53,10:03:53,153,Tahap-3
01/17/2025,10,3,53,10:03:53,347,Tahap-3
01/17/2025,10,3,53,10:03:53,219,Tahap-3
01/17/2025,10,3,53,10:03:53,254,Tahap-3
01/17/2025,10,3,53,10:03:53,91,Tahap-3
01/17/2025,10,3,53,10:03:53,157,Tahap-3
01/17/2025,10,3,53,10:03:53,323,Tahap-3
01/17/2025,10,3,54,10:03:54,48,Tahap-3
01/17/2025,10,3,54,10:03:54,359,Tahap-3
01/17/2025,10,3,54,10:03:54,47,Tahap-3
01/17/2025,10,3,54,10:03:54,151,Tahap-3
01/17/2025,10,3,54,10:03:54,86,Tahap-3
01/17/2025,10,3,54,10:03:54,83,Tahap-3
01/17/2025,10,3,54,10:03:54,200,Tahap-3
01/17/2025,10,3,54,10:03:54,581,Tahap-3
01/17/2025,10,3,54,10:03:54,251,Tahap-3
01/17/2025,10,3,54,10:03:54,899,Tahap-3
01/17/2025,10,3,55,10:03:55,643,Tahap-3
01/17/2025,10,3,55,10:03:55,1258,Tahap-3
01/17/2025,10,3,55,10:03:55,604,Tahap-3
01/17/2025,10,3,55,10:03:55,301,Tahap-3
01/17/2025,10,3,55,10:03:55,178,Tahap-3
01/17/2025,10,3,55,10:03:55,59,Tahap-3
01/17/2025,10,3,55,10:03:55,94,Tahap-3
01/17/2025,10,3,55,10:03:55,331,Tahap-3
01/17/2025,10,3,55,10:03:55,231,Tahap-3
01/17/2025,10,3,55,10:03:55,118,Tahap-3
01/17/2025,10,3,56,10:03:56,202,Tahap-3
01/17/2025,10,3,56,10:03:56,249,Tahap-3
01/17/2025,10,3,56,10:03:56,369,Tahap-3
01/17/2025,10,3,56,10:03:56,352,Tahap-3
01/17/2025,10,3,56,10:03:56,289,Tahap-3
01/17/2025,10,3,56,10:03:56,579,Tahap-3
01/17/2025,10,3,56,10:03:56,-104,Tahap-3
01/17/2025,10,3,56,10:03:56,32,Tahap-3
01/17/2025,10,3,56,10:03:56,-16,Tahap-3
01/17/2025,10,3,56,10:03:56,24,Tahap-3
01/17/2025,10,3,57,10:03:57,-232,Tahap-3
01/17/2025,10,3,57,10:03:57,32,Tahap-3
01/17/2025,10,3,57,10:03:57,-184,Tahap-3
01/17/2025,10,3,57,10:03:57,328,Tahap-3
01/17/2025,10,3,57,10:03:57,-160,Tahap-3
01/17/2025,10,3,57,10:03:57,16,Tahap-3
01/17/2025,10,3,57,10:03:57,32,Tahap-3
01/17/2025,10,3,57,10:03:57,-48,Tahap-3
01/17/2025,10,3,57,10:03:57,-56,Tahap-3
01/17/2025,10,3,57,10:03:57,-48,Tahap-3
01/17/2025,10,3,58,10:03:58,88,Tahap-3
01/17/2025,10,3,58,10:03:58,-144,Tahap-3
01/17/2025,10,3,58,10:03:58,-8,Tahap-3
01/17/2025,10,3,58,10:03:58,40,Tahap-3
01/17/2025,10,3,58,10:03:58,-152,Tahap-3
01/17/2025,10,3,58,10:03:58,32,Tahap-3
01/17/2025,10,3,58,10:03:58,-40,Tahap-3
01/17/2025,10,3,58,10:03:58,88,Tahap-3
01/17/2025,10,3,58,10:03:58,-320,Tahap-3
01/17/2025,10,3,58,10:03:58,192,Tahap-3
01/17/2025,10,3,59,10:03:59,-128,Tahap-3
01/17/2025,10,3,59,10:03:59,-8,Tahap-3
01/17/2025,10,3,59,10:03:59,-304,Tahap-3
01/17/2025,10,3,59,10:03:59,112,Tahap-3
01/17/2025,10,3,59,10:03:59,-152,Tahap-3
01/17/2025,10,3,59,10:03:59,56,Tahap-3
01/17/2025,10,3,59,10:03:59,-32,Tahap-3
01/17/2025,10,3,59,10:03:59,-184,Tahap-3
01/17/2025,10,3,59,10:03:59,152,Tahap-3
01/17/2025,10,3,59,10:03:59,-72,Tahap-3
01/17/2025,10,4,1,10:04:01,24,Tahap-3
01/17/2025,10,4,1,10:04:01,-128,Tahap-3
01/17/2025,10,4,1,10:04:01,-216,Tahap-3
01/17/2025,10,4,1,10:04:01,88,Tahap-3
01/17/2025,10,4,1,10:04:01,-128,Tahap-3
01/17/2025,10,4,1,10:04:01,-80,Tahap-3
01/17/2025,10,4,1,10:04:01,-224,Tahap-3
01/17/2025,10,4,1,10:04:01,-24,Tahap-3
01/17/2025,10,4,1,10:04:01,32,Tahap-3
01/17/2025,10,4,1,10:04:01,-152,Tahap-3
01/17/2025,10,4,2,10:04:02,-64,Tahap-3
01/17/2025,10,4,2,10:04:02,8,Tahap-3
01/17/2025,10,4,2,10:04:02,64,Tahap-3
01/17/2025,10,4,2,10:04:02,-224,Tahap-3
01/17/2025,10,4,2,10:04:02,-144,Tahap-3
01/17/2025,10,4,2,10:04:02,-8,Tahap-3
01/17/2025,10,4,2,10:04:02,-184,Tahap-3
01/17/2025,10,4,2,10:04:02,-40,Tahap-3
01/17/2025,10,4,2,10:04:02,-112,Tahap-3
01/17/2025,10,4,2,10:04:02,120,Tahap-3
01/17/2025,10,4,3,10:04:03,-168,Tahap-3
01/17/2025,10,4,3,10:04:03,-16,Tahap-3
01/17/2025,10,4,3,10:04:03,-128,Tahap-3
01/17/2025,10,4,3,10:04:03,-24,Tahap-3
01/17/2025,10,4,3,10:04:03,-24,Tahap-3
01/17/2025,10,4,3,10:04:03,-240,Tahap-3
01/17/2025,10,4,3,10:04:03,-72,Tahap-3
01/17/2025,10,4,3,10:04:03,-144,Tahap-3
01/17/2025,10,4,3,10:04:03,-48,Tahap-3
01/17/2025,10,4,3,10:04:03,-176,Tahap-3
01/17/2025,10,4,4,10:04:04,-64,Tahap-3
01/17/2025,10,4,4,10:04:04,112,Tahap-3
01/17/2025,10,4,4,10:04:04,-456,Tahap-3
01/17/2025,10,4,4,10:04:04,136,Tahap-3
01/17/2025,10,4,4,10:04:04,-296,Tahap-3
01/17/2025,10,4,4,10:04:04,-24,Tahap-3
01/17/2025,10,4,4,10:04:04,-144,Tahap-3
01/17/2025,10,4,4,10:04:04,-112,Tahap-3
01/17/2025,10,4,4,10:04:04,-168,Tahap-3
01/17/2025,10,4,4,10:04:04,-56,Tahap-3
01/17/2025,10,4,5,10:04:05,-56,Tahap-3
01/17/2025,10,4,5,10:04:05,-176,Tahap-3
01/17/2025,10,4,5,10:04:05,184,Tahap-3
01/17/2025,10,4,5,10:04:05,-368,Tahap-3
01/17/2025,10,4,5,10:04:05,8,Tahap-3
01/17/2025,10,4,5,10:04:05,-8,Tahap-3
01/17/2025,10,4,5,10:04:05,-176,Tahap-3
01/17/2025,10,4,5,10:04:05,-96,Tahap-3
01/17/2025,10,4,5,10:04:05,32,Tahap-3
01/17/2025,10,4,6,10:04:06,-192,Tahap-3
01/17/2025,10,4,6,10:04:06,8,Tahap-3
01/17/2025,10,4,6,10:04:06,-176,Tahap-3
01/17/2025,10,4,6,10:04:06,24,Tahap-3
01/17/2025,10,4,6,10:04:06,72,Tahap-3
01/17/2025,10,4,6,10:04:06,-224,Tahap-3
01/17/2025,10,4,6,10:04:06,184,Tahap-3
01/17/2025,10,4,6,10:04:06,-200,Tahap-3
01/17/2025,10,4,6,10:04:06,56,Tahap-3
01/17/2025,10,4,6,10:04:06,-112,Tahap-3
01/17/2025,10,4,7,10:04:07,104,Tahap-3
01/17/2025,10,4,7,10:04:07,-96,Tahap-3
01/17/2025,10,4,7,10:04:07,-48,Tahap-3
01/17/2025,10,4,7,10:04:07,-136,Tahap-3
01/17/2025,10,4,7,10:04:07,-16,Tahap-3
01/17/2025,10,4,7,10:04:07,80,Tahap-3
01/17/2025,10,4,7,10:04:07,-216,Tahap-3
01/17/2025,10,4,7,10:04:07,104,Tahap-3
01/17/2025,10,4,7,10:04:07,-80,Tahap-3
01/17/2025,10,4,7,10:04:07,-96,Tahap-3
01/17/2025,10,4,8,10:04:08,-16,Tahap-3
01/17/2025,10,4,8,10:04:08,-64,Tahap-3
01/17/2025,10,4,8,10:04:08,32,Tahap-3
01/17/2025,10,4,8,10:04:08,-80,Tahap-3
01/17/2025,10,4,8,10:04:08,24,Tahap-3
01/17/2025,10,4,8,10:04:08,-24,Tahap-3
01/17/2025,10,4,8,10:04:08,208,Tahap-3
01/17/2025,10,4,8,10:04:08,-200,Tahap-3
01/17/2025,10,4,8,10:04:08,216,Tahap-3
01/17/2025,10,4,8,10:04:08,-104,Tahap-3
01/17/2025,10,4,9,10:04:09,24,Tahap-3
01/17/2025,10,4,9,10:04:09,-80,Tahap-3
01/17/2025,10,4,9,10:04:09,-8,Tahap-3
01/17/2025,10,4,9,10:04:09,-16,Tahap-3
01/17/2025,10,4,9,10:04:09,-72,Tahap-3
01/17/2025,10,4,33,10:04:33,749,Tahap-3
01/17/2025,10,4,33,10:04:33,573,Tahap-3
01/17/2025,10,4,34,10:04:34,205,Tahap-3
01/17/2025,10,4,34,10:04:34,158,Tahap-3
01/17/2025,10,4,34,10:04:34,196,Tahap-3
01/17/2025,10,4,34,10:04:34,98,Tahap-3
01/17/2025,10,4,34,10:04:34,142,Tahap-3
01/17/2025,10,4,34,10:04:34,84,Tahap-3
01/17/2025,10,4,34,10:04:34,134,Tahap-3
01/17/2025,10,4,34,10:04:34,26,Tahap-3
01/17/2025,10,4,34,10:04:34,128,Tahap-3
01/17/2025,10,4,34,10:04:34,90,Tahap-3
01/17/2025,10,4,35,10:04:35,181,Tahap-3
01/17/2025,10,4,35,10:04:35,72,Tahap-3
01/17/2025,10,4,35,10:04:35,151,Tahap-3
01/17/2025,10,4,35,10:04:35,60,Tahap-3
01/17/2025,10,4,35,10:04:35,138,Tahap-3
01/17/2025,10,4,35,10:04:35,59,Tahap-3
01/17/2025,10,4,35,10:04:35,94,Tahap-3
01/17/2025,10,4,35,10:04:35,108,Tahap-3
01/17/2025,10,4,35,10:04:35,139,Tahap-3
01/17/2025,10,4,35,10:04:35,183,Tahap-3
01/17/2025,10,4,36,10:04:36,444,Tahap-3
01/17/2025,10,4,36,10:04:36,129,Tahap-3
01/17/2025,10,4,36,10:04:36,36,Tahap-3
01/17/2025,10,4,36,10:04:36,47,Tahap-3
01/17/2025,10,4,36,10:04:36,106,Tahap-3
01/17/2025,10,4,36,10:04:36,65,Tahap-3
01/17/2025,10,4,36,10:04:36,108,Tahap-3
01/17/2025,10,4,36,10:04:36,232,Tahap-3
01/17/2025,10,4,36,10:04:36,174,Tahap-3
01/17/2025,10,4,36,10:04:36,28,Tahap-3
01/17/2025,10,4,37,10:04:37,98,Tahap-3
01/17/2025,10,4,37,10:04:37,139,Tahap-3
01/17/2025,10,4,37,10:04:37,146,Tahap-3
01/17/2025,10,4,37,10:04:37,133,Tahap-3
01/17/2025,10,4,37,10:04:37,60,Tahap-3
01/17/2025,10,4,37,10:04:37,81,Tahap-3
01/17/2025,10,4,37,10:04:37,55,Tahap-3
01/17/2025,10,4,37,10:04:37,73,Tahap-3
01/17/2025,10,4,37,10:04:37,104,Tahap-3
01/17/2025,10,4,37,10:04:37,66,Tahap-3
01/17/2025,10,4,38,10:04:38,310,Tahap-3
01/17/2025,10,4,38,10:04:38,143,Tahap-3
01/17/2025,10,4,38,10:04:38,237,Tahap-3
01/17/2025,10,4,38,10:04:38,67,Tahap-3
01/17/2025,10,4,38,10:04:38,127,Tahap-3
01/17/2025,10,4,38,10:04:38,69,Tahap-3
01/17/2025,10,4,38,10:04:38,95,Tahap-3
01/17/2025,10,4,38,10:04:38,70,Tahap-3
01/17/2025,10,4,38,10:04:38,79,Tahap-3
01/17/2025,10,4,38,10:04:38,62,Tahap-3
01/17/2025,10,4,39,10:04:39,47,Tahap-3
01/17/2025,10,4,39,10:04:39,120,Tahap-3
01/17/2025,10,4,39,10:04:39,92,Tahap-3
01/17/2025,10,4,39,10:04:39,33,Tahap-3
01/17/2025,10,4,39,10:04:39,55,Tahap-3
01/17/2025,10,4,39,10:04:39,64,Tahap-3
01/17/2025,10,4,39,10:04:39,129,Tahap-3
01/17/2025,10,4,39,10:04:39,25,Tahap-3
01/17/2025,10,4,39,10:04:39,50,Tahap-3
01/17/2025,10,4,39,10:04:39,106,Tahap-3
01/17/2025,10,4,40,10:04:40,93,Tahap-3
01/17/2025,10,4,40,10:04:40,425,Tahap-3
01/17/2025,10,4,40,10:04:40,369,Tahap-3
01/17/2025,10,4,40,10:04:40,159,Tahap-3
01/17/2025,10,4,40,10:04:40,150,Tahap-3
01/17/2025,10,4,40,10:04:40,892,Tahap-3
01/17/2025,10,4,41,10:04:41,162,Tahap-3
01/17/2025,10,4,41,10:04:41,91,Tahap-3
01/17/2025,10,4,41,10:04:41,76,Tahap-3
01/17/2025,10,4,41,10:04:41,134,Tahap-3
01/17/2025,10,4,41,10:04:41,167,Tahap-3
01/17/2025,10,4,41,10:04:41,147,Tahap-3
01/17/2025,10,4,41,10:04:41,255,Tahap-3
01/17/2025,10,4,41,10:04:41,288,Tahap-3
01/17/2025,10,4,41,10:04:41,189,Tahap-3
01/17/2025,10,4,41,10:04:41,219,Tahap-3
01/17/2025,10,4,41,10:04:41,191,Tahap-3
01/17/2025,10,4,41,10:04:41,174,Tahap-3
01/17/2025,10,4,41,10:04:41,37,Tahap-3
01/17/2025,10,4,41,10:04:41,105,Tahap-3
01/17/2025,10,4,42,10:04:42,76,Tahap-3
01/17/2025,10,4,42,10:04:42,113,Tahap-3
01/17/2025,10,4,42,10:04:42,154,Tahap-3
01/17/2025,10,4,42,10:04:42,666,Tahap-3
01/17/2025,10,4,42,10:04:42,58,Tahap-3
01/17/2025,10,4,42,10:04:42,300,Tahap-3
01/17/2025,10,4,42,10:04:42,258,Tahap-3
01/17/2025,10,4,42,10:04:42,797,Tahap-3
01/17/2025,10,4,42,10:04:42,647,Tahap-3
01/17/2025,10,4,42,10:04:42,196,Tahap-3
01/17/2025,10,4,43,10:04:43,155,Tahap-3
01/17/2025,10,4,43,10:04:43,37,Tahap-3
01/17/2025,10,4,43,10:04:43,126,Tahap-3
01/17/2025,10,4,43,10:04:43,199,Tahap-3
01/17/2025,10,4,43,10:04:43,122,Tahap-3
01/17/2025,10,4,43,10:04:43,183,Tahap-3
01/17/2025,10,4,43,10:04:43,126,Tahap-3
01/17/2025,10,4,43,10:04:43,240,Tahap-3
01/17/2025,10,4,43,10:04:43,213,Tahap-3
01/17/2025,10,4,43,10:04:43,115,Tahap-3
01/17/2025,10,4,44,10:04:44,65,Tahap-3
01/17/2025,10,4,44,10:04:44,47,Tahap-3
01/17/2025,10,4,44,10:04:44,180,Tahap-3
01/17/2025,10,4,44,10:04:44,73,Tahap-3
01/17/2025,10,4,44,10:04:44,81,Tahap-3
01/17/2025,10,4,44,10:04:44,238,Tahap-3
01/17/2025,10,4,44,10:04:44,481,Tahap-3
01/17/2025,10,4,44,10:04:44,456,Tahap-3
01/17/2025,10,4,44,10:04:44,471,Tahap-3
01/17/2025,10,4,44,10:04:44,743,Tahap-3
01/17/2025,10,4,45,10:04:45,1363,Tahap-3
01/17/2025,10,4,45,10:04:45,792,Tahap-3
01/17/2025,10,4,45,10:04:45,164,Tahap-3
01/17/2025,10,4,45,10:04:45,184,Tahap-3
01/17/2025,10,4,45,10:04:45,93,Tahap-3
01/17/2025,10,4,45,10:04:45,98,Tahap-3
01/17/2025,10,4,45,10:04:45,110,Tahap-3
01/17/2025,10,4,45,10:04:45,100,Tahap-3
01/17/2025,10,4,45,10:04:45,64,Tahap-3
01/17/2025,10,4,45,10:04:45,189,Tahap-3
01/17/2025,10,4,46,10:04:46,114,Tahap-3
01/17/2025,10,4,46,10:04:46,5,Tahap-3
01/17/2025,10,4,46,10:04:46,135,Tahap-3
01/17/2025,10,4,46,10:04:46,236,Tahap-3
01/17/2025,10,4,46,10:04:46,1338,Tahap-3
01/17/2025,10,4,46,10:04:46,-80,Tahap-3
01/17/2025,10,4,46,10:04:46,16,Tahap-3
01/17/2025,10,4,46,10:04:46,-56,Tahap-3
01/17/2025,10,4,46,10:04:46,-72,Tahap-3
01/17/2025,10,4,46,10:04:46,16,Tahap-3
01/17/2025,10,4,47,10:04:47,80,Tahap-3
01/17/2025,10,4,47,10:04:47,-240,Tahap-3
01/17/2025,10,4,47,10:04:47,96,Tahap-3
01/17/2025,10,4,47,10:04:47,72,Tahap-3
01/17/2025,10,4,47,10:04:47,-192,Tahap-3
01/17/2025,10,4,47,10:04:47,-136,Tahap-3
01/17/2025,10,4,47,10:04:47,8,Tahap-3
01/17/2025,10,4,47,10:04:47,-72,Tahap-3
01/17/2025,10,4,47,10:04:47,-128,Tahap-3
01/17/2025,10,4,47,10:04:47,-120,Tahap-3
01/17/2025,10,4,48,10:04:48,-112,Tahap-3
01/17/2025,10,4,48,10:04:48,176,Tahap-3
01/17/2025,10,4,48,10:04:48,-224,Tahap-3
01/17/2025,10,4,48,10:04:48,40,Tahap-3
01/17/2025,10,4,48,10:04:48,8,Tahap-3
01/17/2025,10,4,48,10:04:48,48,Tahap-3
01/17/2025,10,4,48,10:04:48,-112,Tahap-3
01/17/2025,10,4,48,10:04:48,-48,Tahap-3
01/17/2025,10,4,48,10:04:48,120,Tahap-3
01/17/2025,10,4,48,10:04:48,-168,Tahap-3
01/17/2025,10,4,49,10:04:49,-40,Tahap-3
01/17/2025,10,4,49,10:04:49,-176,Tahap-3
01/17/2025,10,4,49,10:04:49,224,Tahap-3
01/17/2025,10,4,49,10:04:49,-192,Tahap-3
01/17/2025,10,4,49,10:04:49,-48,Tahap-3
01/17/2025,10,4,49,10:04:49,72,Tahap-3
01/17/2025,10,4,49,10:04:49,-136,Tahap-3
01/17/2025,10,4,49,10:04:49,168,Tahap-3
01/17/2025,10,4,49,10:04:49,-200,Tahap-3
01/17/2025,10,4,49,10:04:49,72,Tahap-3
01/17/2025,10,4,50,10:04:50,-136,Tahap-3
01/17/2025,10,4,50,10:04:50,-8,Tahap-3
01/17/2025,10,4,50,10:04:50,-176,Tahap-3
01/17/2025,10,4,50,10:04:50,176,Tahap-3
01/17/2025,10,4,50,10:04:50,-40,Tahap-3
01/17/2025,10,4,50,10:04:50,-160,Tahap-3
01/17/2025,10,4,50,10:04:50,144,Tahap-3
01/17/2025,10,4,50,10:04:50,-136,Tahap-3
01/17/2025,10,4,50,10:04:50,-32,Tahap-3
01/17/2025,10,4,50,10:04:50,-16,Tahap-3
01/17/2025,10,4,51,10:04:51,-112,Tahap-3
01/17/2025,10,4,51,10:04:51,-104,Tahap-3
01/17/2025,10,4,51,10:04:51,-104,Tahap-3
01/17/2025,10,4,51,10:04:51,-16,Tahap-3
01/17/2025,10,4,51,10:04:51,-56,Tahap-3
01/17/2025,10,4,51,10:04:51,312,Tahap-3
01/17/2025,10,4,51,10:04:51,-288,Tahap-3
01/17/2025,10,4,51,10:04:51,256,Tahap-3
01/17/2025,10,4,51,10:04:51,-64,Tahap-3
01/17/2025,10,4,51,10:04:51,-24,Tahap-3
01/17/2025,10,4,52,10:04:52,-88,Tahap-3
01/17/2025,10,4,52,10:04:52,120,Tahap-3
01/17/2025,10,4,52,10:04:52,-216,Tahap-3
01/17/2025,10,4,52,10:04:52,24,Tahap-3
01/17/2025,10,4,52,10:04:52,-32,Tahap-3
01/17/2025,10,4,52,10:04:52,-80,Tahap-3
01/17/2025,10,4,52,10:04:52,200,Tahap-3
01/17/2025,10,4,52,10:04:52,-80,Tahap-3
01/17/2025,10,4,52,10:04:52,-96,Tahap-3
01/17/2025,10,4,52,10:04:52,240,Tahap-3
01/17/2025,10,4,53,10:04:53,-96,Tahap-3
01/17/2025,10,4,53,10:04:53,-16,Tahap-3
01/17/2025,10,4,53,10:04:53,-40,Tahap-3
01/17/2025,10,4,53,10:04:53,144,Tahap-3
01/17/2025,10,4,53,10:04:53,-224,Tahap-3
01/17/2025,10,4,53,10:04:53,112,Tahap-3
01/17/2025,10,4,53,10:04:53,-112,Tahap-3
01/17/2025,10,4,53,10:04:53,280,Tahap-3
01/17/2025,10,4,53,10:04:53,-16,Tahap-3
01/17/2025,10,4,54,10:04:54,72,Tahap-3
01/17/2025,10,4,54,10:04:54,88,Tahap-3
01/17/2025,10,4,54,10:04:54,8,Tahap-3
01/17/2025,10,4,54,10:04:54,192,Tahap-3
01/17/2025,10,4,54,10:04:54,16,Tahap-3
01/17/2025,10,4,54,10:04:54,8,Tahap-3
01/17/2025,10,4,54,10:04:54,136,Tahap-3
01/17/2025,10,4,54,10:04:54,88,Tahap-3
01/17/2025,10,4,54,10:04:54,360,Tahap-3
01/17/2025,10,4,55,10:04:55,-176,Tahap-3
01/17/2025,10,4,55,10:04:55,312,Tahap-3
01/17/2025,10,4,55,10:04:55,-40,Tahap-3
01/17/2025,10,4,55,10:04:55,216,Tahap-3
01/17/2025,10,4,55,10:04:55,-80,Tahap-3
01/17/2025,10,4,55,10:04:55,136,Tahap-3
01/17/2025,10,4,55,10:04:55,32,Tahap-3
01/17/2025,10,4,55,10:04:55,104,Tahap-3
01/17/2025,10,4,55,10:04:55,16,Tahap-3
01/17/2025,10,4,55,10:04:55,80,Tahap-3
01/17/2025,10,4,56,10:04:56,248,Tahap-3
01/17/2025,10,4,56,10:04:56,-72,Tahap-3
01/17/2025,10,4,56,10:04:56,80,Tahap-3
01/17/2025,10,4,56,10:04:56,168,Tahap-3
01/17/2025,10,4,56,10:04:56,-120,Tahap-3
01/17/2025,10,4,56,10:04:56,112,Tahap-3
01/17/2025,10,4,56,10:04:56,-72,Tahap-3
01/17/2025,10,4,56,10:04:56,248,Tahap-3
01/17/2025,10,4,56,10:04:56,40,Tahap-3
01/17/2025,10,4,56,10:04:56,104,Tahap-3
01/17/2025,10,4,57,10:04:57,288,Tahap-3
01/17/2025,10,4,57,10:04:57,56,Tahap-3
01/17/2025,10,4,57,10:04:57,-16,Tahap-3
01/17/2025,10,4,57,10:04:57,256,Tahap-3
01/17/2025,10,4,57,10:04:57,40,Tahap-3
01/17/2025,10,4,57,10:04:57,-88,Tahap-3
01/17/2025,10,4,57,10:04:57,48,Tahap-3
01/17/2025,10,4,57,10:04:57,56,Tahap-3
01/17/2025,10,4,57,10:04:57,32,Tahap-3
01/17/2025,10,4,58,10:04:58,104,Tahap-3
01/17/2025,10,4,58,10:04:58,96,Tahap-3
01/17/2025,10,4,58,10:04:58,104,Tahap-3
01/17/2025,10,4,58,10:04:58,392,Tahap-3
01/17/2025,10,4,58,10:04:58,-128,Tahap-3
01/17/2025,10,4,58,10:04:58,272,Tahap-3
01/17/2025,10,4,58,10:04:58,88,Tahap-3
01/17/2025,10,4,58,10:04:58,96,Tahap-3
01/17/2025,10,4,58,10:04:58,-32,Tahap-3
01/17/2025,10,4,58,10:04:58,88,Tahap-3
01/17/2025,10,4,59,10:04:59,144,Tahap-3
01/17/2025,10,4,59,10:04:59,24,Tahap-3
01/17/2025,10,4,59,10:04:59,216,Tahap-3
01/17/2025,10,4,59,10:04:59,56,Tahap-3
01/17/2025,10,5,23,10:05:23,3835,Tahap-3
01/17/2025,10,5,23,10:05:23,1795,Tahap-3
01/17/2025,10,5,24,10:05:24,1109,Tahap-3
01/17/2025,10,5,24,10:05:24,825,Tahap-3
01/17/2025,10,5,24,10:05:24,781,Tahap-3
01/17/2025,10,5,24,10:05:24,606,Tahap-3
01/17/2025,10,5,24,10:05:24,541,Tahap-3
01/17/2025,10,5,24,10:05:24,556,Tahap-3
01/17/2025,10,5,24,10:05:24,443,Tahap-3
01/17/2025,10,5,24,10:05:24,416,Tahap-3
01/17/2025,10,5,24,10:05:24,347,Tahap-3
01/17/2025,10,5,24,10:05:24,346,Tahap-3
01/17/2025,10,5,25,10:05:25,367,Tahap-3
01/17/2025,10,5,25,10:05:25,278,Tahap-3
01/17/2025,10,5,25,10:05:25,238,Tahap-3
01/17/2025,10,5,25,10:05:25,226,Tahap-3
01/17/2025,10,5,25,10:05:25,195,Tahap-3
01/17/2025,10,5,25,10:05:25,318,Tahap-3
01/17/2025,10,5,25,10:05:25,122,Tahap-3
01/17/2025,10,5,25,10:05:25,251,Tahap-3
01/17/2025,10,5,25,10:05:25,135,Tahap-3
01/17/2025,10,5,25,10:05:25,280,Tahap-3
01/17/2025,10,5,26,10:05:26,485,Tahap-3
01/17/2025,10,5,26,10:05:26,122,Tahap-3
01/17/2025,10,5,26,10:05:26,118,Tahap-3
01/17/2025,10,5,26,10:05:26,257,Tahap-3
01/17/2025,10,5,26,10:05:26,54,Tahap-3
01/17/2025,10,5,26,10:05:26,181,Tahap-3
01/17/2025,10,5,26,10:05:26,197,Tahap-3
01/17/2025,10,5,26,10:05:26,316,Tahap-3
01/17/2025,10,5,26,10:05:26,163,Tahap-3
01/17/2025,10,5,26,10:05:26,181,Tahap-3
01/17/2025,10,5,26,10:05:26,199,Tahap-3
01/17/2025,10,5,27,10:05:27,215,Tahap-3
01/17/2025,10,5,27,10:05:27,121,Tahap-3
01/17/2025,10,5,27,10:05:27,175,Tahap-3
01/17/2025,10,5,27,10:05:27,84,Tahap-3
01/17/2025,10,5,27,10:05:27,115,Tahap-3
01/17/2025,10,5,27,10:05:27,218,Tahap-3
01/17/2025,10,5,27,10:05:27,70,Tahap-3
01/17/2025,10,5,27,10:05:27,153,Tahap-3
01/17/2025,10,5,27,10:05:27,81,Tahap-3
01/17/2025,10,5,27,10:05:27,324,Tahap-3
01/17/2025,10,5,28,10:05:28,150,Tahap-3
01/17/2025,10,5,28,10:05:28,329,Tahap-3
01/17/2025,10,5,28,10:05:28,191,Tahap-3
01/17/2025,10,5,28,10:05:28,133,Tahap-3
01/17/2025,10,5,28,10:05:28,184,Tahap-3
01/17/2025,10,5,28,10:05:28,233,Tahap-3
01/17/2025,10,5,28,10:05:28,140,Tahap-3
01/17/2025,10,5,28,10:05:28,136,Tahap-3
01/17/2025,10,5,28,10:05:28,233,Tahap-3
01/17/2025,10,5,28,10:05:28,261,Tahap-3
01/17/2025,10,5,29,10:05:29,35,Tahap-3
01/17/2025,10,5,29,10:05:29,126,Tahap-3
01/17/2025,10,5,29,10:05:29,222,Tahap-3
01/17/2025,10,5,29,10:05:29,47,Tahap-3
01/17/2025,10,5,29,10:05:29,43,Tahap-3
01/17/2025,10,5,29,10:05:29,41,Tahap-3
01/17/2025,10,5,29,10:05:29,202,Tahap-3
01/17/2025,10,5,29,10:05:29,206,Tahap-3
01/17/2025,10,5,29,10:05:29,263,Tahap-3
01/17/2025,10,5,29,10:05:29,115,Tahap-3
01/17/2025,10,5,30,10:05:30,401,Tahap-3
01/17/2025,10,5,30,10:05:30,471,Tahap-3
01/17/2025,10,5,30,10:05:30,279,Tahap-3
01/17/2025,10,5,30,10:05:30,61,Tahap-3
01/17/2025,10,5,30,10:05:30,843,Tahap-3
01/17/2025,10,5,30,10:05:30,293,Tahap-3
01/17/2025,10,5,30,10:05:30,129,Tahap-3
01/17/2025,10,5,30,10:05:30,264,Tahap-3
01/17/2025,10,5,30,10:05:30,183,Tahap-3
01/17/2025,10,5,30,10:05:30,89,Tahap-3
01/17/2025,10,5,31,10:05:31,84,Tahap-3
01/17/2025,10,5,31,10:05:31,174,Tahap-3
01/17/2025,10,5,31,10:05:31,162,Tahap-3
01/17/2025,10,5,31,10:05:31,216,Tahap-3
01/17/2025,10,5,31,10:05:31,244,Tahap-3
01/17/2025,10,5,31,10:05:31,122,Tahap-3
01/17/2025,10,5,31,10:05:31,152,Tahap-3
01/17/2025,10,5,31,10:05:31,169,Tahap-3
01/17/2025,10,5,31,10:05:31,217,Tahap-3
01/17/2025,10,5,31,10:05:31,159,Tahap-3
01/17/2025,10,5,32,10:05:32,139,Tahap-3
01/17/2025,10,5,32,10:05:32,306,Tahap-3
01/17/2025,10,5,32,10:05:32,937,Tahap-3
01/17/2025,10,5,32,10:05:32,377,Tahap-3
01/17/2025,10,5,32,10:05:32,231,Tahap-3
01/17/2025,10,5,32,10:05:32,521,Tahap-3
01/17/2025,10,5,32,10:05:32,626,Tahap-3
01/17/2025,10,5,32,10:05:32,542,Tahap-3
01/17/2025,10,5,32,10:05:32,336,Tahap-3
01/17/2025,10,5,32,10:05:32,223,Tahap-3
01/17/2025,10,5,33,10:05:33,364,Tahap-3
01/17/2025,10,5,33,10:05:33,274,Tahap-3
01/17/2025,10,5,33,10:05:33,263,Tahap-3
01/17/2025,10,5,33,10:05:33,175,Tahap-3
01/17/2025,10,5,33,10:05:33,298,Tahap-3
01/17/2025,10,5,33,10:05:33,30,Tahap-3
01/17/2025,10,5,33,10:05:33,226,Tahap-3
01/17/2025,10,5,33,10:05:33,295,Tahap-3
01/17/2025,10,5,33,10:05:33,90,Tahap-3
01/17/2025,10,5,33,10:05:33,232,Tahap-3
01/17/2025,10,5,34,10:05:34,106,Tahap-3
01/17/2025,10,5,34,10:05:34,154,Tahap-3
01/17/2025,10,5,34,10:05:34,245,Tahap-3
01/17/2025,10,5,34,10:05:34,197,Tahap-3
01/17/2025,10,5,34,10:05:34,315,Tahap-3
01/17/2025,10,5,34,10:05:34,122,Tahap-3
01/17/2025,10,5,34,10:05:34,467,Tahap-3
01/17/2025,10,5,34,10:05:34,140,Tahap-3
01/17/2025,10,5,34,10:05:34,414,Tahap-3
01/17/2025,10,5,34,10:05:34,1419,Tahap-3
01/17/2025,10,5,35,10:05:35,166,Tahap-3
01/17/2025,10,5,35,10:05:35,598,Tahap-3
01/17/2025,10,5,35,10:05:35,63,Tahap-3
01/17/2025,10,5,35,10:05:35,239,Tahap-3
01/17/2025,10,5,35,10:05:35,105,Tahap-3
01/17/2025,10,5,35,10:05:35,104,Tahap-3
01/17/2025,10,5,35,10:05:35,282,Tahap-3
01/17/2025,10,5,35,10:05:35,92,Tahap-3
01/17/2025,10,5,35,10:05:35,97,Tahap-3
01/17/2025,10,5,35,10:05:35,102,Tahap-3
01/17/2025,10,5,36,10:05:36,239,Tahap-3
01/17/2025,10,5,36,10:05:36,208,Tahap-3
01/17/2025,10,5,36,10:05:36,479,Tahap-3
01/17/2025,10,5,36,10:05:36,768,Tahap-3
01/17/2025,10,5,36,10:05:36,152,Tahap-3
01/17/2025,10,5,36,10:05:36,-56,Tahap-3
01/17/2025,10,5,36,10:05:36,108,Tahap-3
01/17/2025,10,5,36,10:05:36,24,Tahap-3
01/17/2025,10,5,36,10:05:36,128,Tahap-3
01/17/2025,10,5,36,10:05:36,-8,Tahap-3
01/17/2025,10,5,37,10:05:37,128,Tahap-3
01/17/2025,10,5,37,10:05:37,116,Tahap-3
01/17/2025,10,5,37,10:05:37,-48,Tahap-3
01/17/2025,10,5,37,10:05:37,176,Tahap-3
01/17/2025,10,5,37,10:05:37,-72,Tahap-3
01/17/2025,10,5,37,10:05:37,92,Tahap-3
01/17/2025,10,5,37,10:05:37,68,Tahap-3
01/17/2025,10,5,37,10:05:37,4,Tahap-3
01/17/2025,10,5,37,10:05:37,48,Tahap-3
01/17/2025,10,5,37,10:05:37,60,Tahap-3
01/17/2025,10,5,38,10:05:38,40,Tahap-3
01/17/2025,10,5,38,10:05:38,36,Tahap-3
01/17/2025,10,5,38,10:05:38,168,Tahap-3
01/17/2025,10,5,38,10:05:38,-156,Tahap-3
01/17/2025,10,5,38,10:05:38,188,Tahap-3
01/17/2025,10,5,38,10:05:38,16,Tahap-3
01/17/2025,10,5,38,10:05:38,48,Tahap-3
01/17/2025,10,5,38,10:05:38,64,Tahap-3
01/17/2025,10,5,38,10:05:38,-32,Tahap-3
01/17/2025,10,5,39,10:05:39,-8,Tahap-3
01/17/2025,10,5,39,10:05:39,-56,Tahap-3
01/17/2025,10,5,39,10:05:39,8,Tahap-3
01/17/2025,10,5,39,10:05:39,80,Tahap-3
01/17/2025,10,5,39,10:05:39,-64,Tahap-3
01/17/2025,10,5,39,10:05:39,-12,Tahap-3
01/17/2025,10,5,39,10:05:39,104,Tahap-3
01/17/2025,10,5,39,10:05:39,-32,Tahap-3
01/17/2025,10,5,39,10:05:39,-28,Tahap-3
01/17/2025,10,5,39,10:05:39,-4,Tahap-3
01/17/2025,10,5,40,10:05:40,40,Tahap-3
01/17/2025,10,5,40,10:05:40,-96,Tahap-3
01/17/2025,10,5,40,10:05:40,12,Tahap-3
01/17/2025,10,5,40,10:05:40,-64,Tahap-3
01/17/2025,10,5,40,10:05:40,136,Tahap-3
01/17/2025,10,5,40,10:05:40,-60,Tahap-3
01/17/2025,10,5,41,10:05:41,-36,Tahap-3
01/17/2025,10,5,41,10:05:41,4,Tahap-3
01/17/2025,10,5,41,10:05:41,-12,Tahap-3
01/17/2025,10,5,41,10:05:41,-40,Tahap-3
01/17/2025,10,5,41,10:05:41,-32,Tahap-3
01/17/2025,10,5,41,10:05:41,32,Tahap-3
01/17/2025,10,5,41,10:05:41,-56,Tahap-3
01/17/2025,10,5,41,10:05:41,-16,Tahap-3
01/17/2025,10,5,41,10:05:41,-76,Tahap-3
01/17/2025,10,5,41,10:05:41,68,Tahap-3
01/17/2025,10,5,41,10:05:41,-24,Tahap-3
01/17/2025,10,5,41,10:05:41,-52,Tahap-3
01/17/2025,10,5,41,10:05:41,60,Tahap-3
01/17/2025,10,5,41,10:05:41,-140,Tahap-3
01/17/2025,10,5,42,10:05:42,-136,Tahap-3
01/17/2025,10,5,42,10:05:42,40,Tahap-3
01/17/2025,10,5,42,10:05:42,-68,Tahap-3
01/17/2025,10,5,42,10:05:42,-104,Tahap-3
01/17/2025,10,5,42,10:05:42,-124,Tahap-3
01/17/2025,10,5,42,10:05:42,36,Tahap-3
01/17/2025,10,5,42,10:05:42,-48,Tahap-3
01/17/2025,10,5,42,10:05:42,-160,Tahap-3
01/17/2025,10,5,42,10:05:42,84,Tahap-3
01/17/2025,10,5,43,10:05:43,-96,Tahap-3
01/17/2025,10,5,43,10:05:43,-108,Tahap-3
01/17/2025,10,5,43,10:05:43,-64,Tahap-3
01/17/2025,10,5,43,10:05:43,-156,Tahap-3
01/17/2025,10,5,43,10:05:43,-28,Tahap-3
01/17/2025,10,5,43,10:05:43,-184,Tahap-3
01/17/2025,10,5,43,10:05:43,-60,Tahap-3
01/17/2025,10,5,43,10:05:43,-108,Tahap-3
01/17/2025,10,5,43,10:05:43,28,Tahap-3
01/17/2025,10,5,43,10:05:43,-176,Tahap-3
01/17/2025,10,5,44,10:05:44,-44,Tahap-3
01/17/2025,10,5,44,10:05:44,-52,Tahap-3
01/17/2025,10,5,44,10:05:44,-172,Tahap-3
01/17/2025,10,5,44,10:05:44,-148,Tahap-3
01/17/2025,10,5,44,10:05:44,-52,Tahap-3
01/17/2025,10,5,44,10:05:44,-72,Tahap-3
01/17/2025,10,5,44,10:05:44,-132,Tahap-3
01/17/2025,10,5,44,10:05:44,-136,Tahap-3
01/17/2025,10,5,44,10:05:44,-172,Tahap-3
01/17/2025,10,5,44,10:05:44,-32,Tahap-3
01/17/2025,10,5,45,10:05:45,-96,Tahap-3
01/17/2025,10,5,45,10:05:45,-240,Tahap-3
01/17/2025,10,5,45,10:05:45,-40,Tahap-3
01/17/2025,10,5,45,10:05:45,-156,Tahap-3
01/17/2025,10,5,45,10:05:45,-164,Tahap-3
01/17/2025,10,5,45,10:05:45,-200,Tahap-3
01/17/2025,10,5,45,10:05:45,-60,Tahap-3
01/17/2025,10,5,45,10:05:45,-212,Tahap-3
01/17/2025,10,5,45,10:05:45,-160,Tahap-3
01/17/2025,10,5,45,10:05:45,-164,Tahap-3
01/17/2025,10,5,46,10:05:46,-188,Tahap-3
01/17/2025,10,5,46,10:05:46,-104,Tahap-3
01/17/2025,10,5,46,10:05:46,-168,Tahap-3
01/17/2025,10,5,46,10:05:46,-172,Tahap-3
01/17/2025,10,5,46,10:05:46,-212,Tahap-3
01/17/2025,10,5,46,10:05:46,-120,Tahap-3
01/17/2025,10,5,46,10:05:46,-276,Tahap-3
01/17/2025,10,5,46,10:05:46,-140,Tahap-3
01/17/2025,10,5,46,10:05:46,-264,Tahap-3
01/17/2025,10,5,46,10:05:46,-168,Tahap-3
01/17/2025,10,5,47,10:05:47,-112,Tahap-3
01/17/2025,10,5,47,10:05:47,-140,Tahap-3
01/17/2025,10,5,47,10:05:47,-180,Tahap-3
01/17/2025,10,5,47,10:05:47,-176,Tahap-3
01/17/2025,10,5,47,10:05:47,-208,Tahap-3
01/17/2025,10,5,47,10:05:47,-136,Tahap-3
01/17/2025,10,5,47,10:05:47,-240,Tahap-3
01/17/2025,10,5,47,10:05:47,-176,Tahap-3
01/17/2025,10,5,47,10:05:47,-260,Tahap-3
01/17/2025,10,5,47,10:05:47,-160,Tahap-3
01/17/2025,10,5,48,10:05:48,-236,Tahap-3
01/17/2025,10,5,48,10:05:48,-252,Tahap-3
01/17/2025,10,5,48,10:05:48,-112,Tahap-3
01/17/2025,10,5,48,10:05:48,-272,Tahap-3
01/17/2025,10,5,48,10:05:48,-276,Tahap-3
01/17/2025,10,5,48,10:05:48,-160,Tahap-3
01/17/2025,10,5,48,10:05:48,-280,Tahap-3
01/17/2025,10,5,48,10:05:48,-280,Tahap-3
01/17/2025,10,5,48,10:05:48,-260,Tahap-3
01/17/2025,10,5,48,10:05:48,-212,Tahap-3
01/17/2025,10,5,49,10:05:49,-344,Tahap-3
01/17/2025,10,5,49,10:05:49,-228,Tahap-3
01/17/2025,10,5,49,10:05:49,-412,Tahap-3
01/17/2025,10,6,13,10:06:13,1377,Tahap-3
01/17/2025,10,6,13,10:06:13,634,Tahap-3
01/17/2025,10,6,13,10:06:13,230,Tahap-3
01/17/2025,10,6,13,10:06:13,221,Tahap-3
01/17/2025,10,6,14,10:06:14,245,Tahap-3
01/17/2025,10,6,14,10:06:14,119,Tahap-3
01/17/2025,10,6,14,10:06:14,178,Tahap-3
01/17/2025,10,6,14,10:06:14,123,Tahap-3
01/17/2025,10,6,14,10:06:14,42,Tahap-3
01/17/2025,10,6,14,10:06:14,86,Tahap-3
01/17/2025,10,6,14,10:06:14,98,Tahap-3
01/17/2025,10,6,14,10:06:14,14,Tahap-3
01/17/2025,10,6,14,10:06:14,46,Tahap-3
01/17/2025,10,6,14,10:06:14,57,Tahap-3
01/17/2025,10,6,15,10:06:15,15,Tahap-3
01/17/2025,10,6,15,10:06:15,136,Tahap-3
01/17/2025,10,6,15,10:06:15,62,Tahap-3
01/17/2025,10,6,15,10:06:15,22,Tahap-3
01/17/2025,10,6,15,10:06:15,12,Tahap-3
01/17/2025,10,6,15,10:06:15,68,Tahap-3
01/17/2025,10,6,15,10:06:15,47,Tahap-3
01/17/2025,10,6,15,10:06:15,140,Tahap-3
01/17/2025,10,6,15,10:06:15,157,Tahap-3
01/17/2025,10,6,15,10:06:15,63,Tahap-3
01/17/2025,10,6,16,10:06:16,89,Tahap-3
01/17/2025,10,6,16,10:06:16,73,Tahap-3
01/17/2025,10,6,16,10:06:16,133,Tahap-3
01/17/2025,10,6,16,10:06:16,54,Tahap-3
01/17/2025,10,6,16,10:06:16,48,Tahap-3
01/17/2025,10,6,16,10:06:16,132,Tahap-3
01/17/2025,10,6,16,10:06:16,119,Tahap-3
01/17/2025,10,6,16,10:06:16,82,Tahap-3
01/17/2025,10,6,16,10:06:16,83,Tahap-3
01/17/2025,10,6,16,10:06:16,66,Tahap-3
01/17/2025,10,6,17,10:06:17,37,Tahap-3
01/17/2025,10,6,17,10:06:17,120,Tahap-3
01/17/2025,10,6,17,10:06:17,79,Tahap-3
01/17/2025,10,6,17,10:06:17,63,Tahap-3
01/17/2025,10,6,17,10:06:17,18,Tahap-3
01/17/2025,10,6,17,10:06:17,94,Tahap-3
01/17/2025,10,6,17,10:06:17,61,Tahap-3
01/17/2025,10,6,17,10:06:17,21,Tahap-3
01/17/2025,10,6,17,10:06:17,283,Tahap-3
01/17/2025,10,6,17,10:06:17,74,Tahap-3
01/17/2025,10,6,18,10:06:18,101,Tahap-3
01/17/2025,10,6,18,10:06:18,155,Tahap-3
01/17/2025,10,6,18,10:06:18,74,Tahap-3
01/17/2025,10,6,18,10:06:18,38,Tahap-3
01/17/2025,10,6,18,10:06:18,79,Tahap-3
01/17/2025,10,6,18,10:06:18,115,Tahap-3
01/17/2025,10,6,18,10:06:18,168,Tahap-3
01/17/2025,10,6,18,10:06:18,108,Tahap-3
01/17/2025,10,6,18,10:06:18,29,Tahap-3
01/17/2025,10,6,18,10:06:18,58,Tahap-3
01/17/2025,10,6,19,10:06:19,82,Tahap-3
01/17/2025,10,6,19,10:06:19,150,Tahap-3
01/17/2025,10,6,19,10:06:19,85,Tahap-3
01/17/2025,10,6,19,10:06:19,145,Tahap-3
01/17/2025,10,6,19,10:06:19,58,Tahap-3
01/17/2025,10,6,19,10:06:19,73,Tahap-3
01/17/2025,10,6,19,10:06:19,110,Tahap-3
01/17/2025,10,6,19,10:06:19,98,Tahap-3
01/17/2025,10,6,19,10:06:19,239,Tahap-3
01/17/2025,10,6,19,10:06:19,316,Tahap-3
01/17/2025,10,6,20,10:06:20,184,Tahap-3
01/17/2025,10,6,20,10:06:20,279,Tahap-3
01/17/2025,10,6,20,10:06:20,290,Tahap-3
01/17/2025,10,6,20,10:06:20,997,Tahap-3
01/17/2025,10,6,20,10:06:20,243,Tahap-3
01/17/2025,10,6,20,10:06:20,307,Tahap-3
01/17/2025,10,6,20,10:06:20,154,Tahap-3
01/17/2025,10,6,20,10:06:20,118,Tahap-3
01/17/2025,10,6,20,10:06:20,152,Tahap-3
01/17/2025,10,6,20,10:06:20,126,Tahap-3
01/17/2025,10,6,21,10:06:21,169,Tahap-3
01/17/2025,10,6,21,10:06:21,161,Tahap-3
01/17/2025,10,6,21,10:06:21,57,Tahap-3
01/17/2025,10,6,21,10:06:21,168,Tahap-3
01/17/2025,10,6,21,10:06:21,116,Tahap-3
01/17/2025,10,6,21,10:06:21,86,Tahap-3
01/17/2025,10,6,21,10:06:21,145,Tahap-3
01/17/2025,10,6,21,10:06:21,77,Tahap-3
01/17/2025,10,6,21,10:06:21,186,Tahap-3
01/17/2025,10,6,21,10:06:21,181,Tahap-3
01/17/2025,10,6,22,10:06:22,624,Tahap-3
01/17/2025,10,6,22,10:06:22,303,Tahap-3
01/17/2025,10,6,22,10:06:22,29,Tahap-3
01/17/2025,10,6,22,10:06:22,161,Tahap-3
01/17/2025,10,6,22,10:06:22,747,Tahap-3
01/17/2025,10,6,22,10:06:22,685,Tahap-3
01/17/2025,10,6,22,10:06:22,521,Tahap-3
01/17/2025,10,6,22,10:06:22,268,Tahap-3
01/17/2025,10,6,22,10:06:22,89,Tahap-3
01/17/2025,10,6,22,10:06:22,364,Tahap-3
01/17/2025,10,6,23,10:06:23,237,Tahap-3
01/17/2025,10,6,23,10:06:23,228,Tahap-3
01/17/2025,10,6,23,10:06:23,134,Tahap-3
01/17/2025,10,6,23,10:06:23,282,Tahap-3
01/17/2025,10,6,23,10:06:23,300,Tahap-3
01/17/2025,10,6,23,10:06:23,30,Tahap-3
01/17/2025,10,6,23,10:06:23,83,Tahap-3
01/17/2025,10,6,23,10:06:23,162,Tahap-3
01/17/2025,10,6,23,10:06:23,90,Tahap-3
01/17/2025,10,6,23,10:06:23,226,Tahap-3
01/17/2025,10,6,24,10:06:24,213,Tahap-3
01/17/2025,10,6,24,10:06:24,99,Tahap-3
01/17/2025,10,6,24,10:06:24,194,Tahap-3
01/17/2025,10,6,24,10:06:24,251,Tahap-3
01/17/2025,10,6,24,10:06:24,299,Tahap-3
01/17/2025,10,6,24,10:06:24,223,Tahap-3
01/17/2025,10,6,24,10:06:24,1601,Tahap-3
01/17/2025,10,6,24,10:06:24,127,Tahap-3
01/17/2025,10,6,24,10:06:24,633,Tahap-3
01/17/2025,10,6,24,10:06:24,709,Tahap-3
01/17/2025,10,6,25,10:06:25,238,Tahap-3
01/17/2025,10,6,25,10:06:25,312,Tahap-3
01/17/2025,10,6,25,10:06:25,202,Tahap-3
01/17/2025,10,6,25,10:06:25,271,Tahap-3
01/17/2025,10,6,25,10:06:25,178,Tahap-3
01/17/2025,10,6,25,10:06:25,114,Tahap-3
01/17/2025,10,6,25,10:06:25,208,Tahap-3
01/17/2025,10,6,25,10:06:25,208,Tahap-3
01/17/2025,10,6,25,10:06:25,91,Tahap-3
01/17/2025,10,6,25,10:06:25,57,Tahap-3
01/17/2025,10,6,26,10:06:26,189,Tahap-3
01/17/2025,10,6,26,10:06:26,251,Tahap-3
01/17/2025,10,6,26,10:06:26,282,Tahap-3
01/17/2025,10,6,26,10:06:26,24,Tahap-3
01/17/2025,10,6,26,10:06:26,-168,Tahap-3
01/17/2025,10,6,26,10:06:26,32,Tahap-3
01/17/2025,10,6,26,10:06:26,-72,Tahap-3
01/17/2025,10,6,26,10:06:26,152,Tahap-3
01/17/2025,10,6,26,10:06:26,-296,Tahap-3
01/17/2025,10,6,26,10:06:26,192,Tahap-3
01/17/2025,10,6,27,10:06:27,-240,Tahap-3
01/17/2025,10,6,27,10:06:27,56,Tahap-3
01/17/2025,10,6,27,10:06:27,-176,Tahap-3
01/17/2025,10,6,27,10:06:27,16,Tahap-3
01/17/2025,10,6,27,10:06:27,-80,Tahap-3
01/17/2025,10,6,27,10:06:27,-48,Tahap-3
01/17/2025,10,6,27,10:06:27,-176,Tahap-3
01/17/2025,10,6,27,10:06:27,-72,Tahap-3
01/17/2025,10,6,27,10:06:27,248,Tahap-3
01/17/2025,10,6,27,10:06:27,-136,Tahap-3
01/17/2025,10,6,28,10:06:28,-184,Tahap-3
01/17/2025,10,6,28,10:06:28,240,Tahap-3
01/17/2025,10,6,28,10:06:28,-208,Tahap-3
01/17/2025,10,6,28,10:06:28,-32,Tahap-3
01/17/2025,10,6,28,10:06:28,-96,Tahap-3
01/17/2025,10,6,28,10:06:28,48,Tahap-3
01/17/2025,10,6,28,10:06:28,-112,Tahap-3
01/17/2025,10,6,28,10:06:28,-24,Tahap-3
01/17/2025,10,6,28,10:06:28,-184,Tahap-3
01/17/2025,10,6,28,10:06:28,232,Tahap-3
01/17/2025,10,6,29,10:06:29,-256,Tahap-3
01/17/2025,10,6,29,10:06:29,-40,Tahap-3
01/17/2025,10,6,29,10:06:29,32,Tahap-3
01/17/2025,10,6,29,10:06:29,-8,Tahap-3
01/17/2025,10,6,29,10:06:29,-288,Tahap-3
01/17/2025,10,6,29,10:06:29,-56,Tahap-3
01/17/2025,10,6,29,10:06:29,-24,Tahap-3
01/17/2025,10,6,29,10:06:29,16,Tahap-3
01/17/2025,10,6,29,10:06:29,-192,Tahap-3
01/17/2025,10,6,29,10:06:29,240,Tahap-3
01/17/2025,10,6,30,10:06:30,-208,Tahap-3
01/17/2025,10,6,30,10:06:30,72,Tahap-3
01/17/2025,10,6,30,10:06:30,-248,Tahap-3
01/17/2025,10,6,30,10:06:30,-64,Tahap-3
01/17/2025,10,6,30,10:06:30,48,Tahap-3
01/17/2025,10,6,30,10:06:30,-80,Tahap-3
01/17/2025,10,6,30,10:06:30,-304,Tahap-3
01/17/2025,10,6,30,10:06:30,72,Tahap-3
01/17/2025,10,6,30,10:06:30,-144,Tahap-3
01/17/2025,10,6,30,10:06:30,-96,Tahap-3
01/17/2025,10,6,31,10:06:31,-96,Tahap-3
01/17/2025,10,6,31,10:06:31,-16,Tahap-3
01/17/2025,10,6,31,10:06:31,-248,Tahap-3
01/17/2025,10,6,31,10:06:31,56,Tahap-3
01/17/2025,10,6,31,10:06:31,-240,Tahap-3
01/17/2025,10,6,31,10:06:31,48,Tahap-3
01/17/2025,10,6,31,10:06:31,-64,Tahap-3
01/17/2025,10,6,31,10:06:31,-272,Tahap-3
01/17/2025,10,6,31,10:06:31,72,Tahap-3
01/17/2025,10,6,31,10:06:31,-40,Tahap-3
01/17/2025,10,6,32,10:06:32,-192,Tahap-3
01/17/2025,10,6,32,10:06:32,-128,Tahap-3
01/17/2025,10,6,32,10:06:32,-88,Tahap-3
01/17/2025,10,6,32,10:06:32,72,Tahap-3
01/17/2025,10,6,32,10:06:32,-280,Tahap-3
01/17/2025,10,6,32,10:06:32,112,Tahap-3
01/17/2025,10,6,32,10:06:32,-272,Tahap-3
01/17/2025,10,6,32,10:06:32,336,Tahap-3
01/17/2025,10,6,32,10:06:32,-344,Tahap-3
01/17/2025,10,6,32,10:06:32,152,Tahap-3
01/17/2025,10,6,33,10:06:33,-176,Tahap-3
01/17/2025,10,6,33,10:06:33,32,Tahap-3
01/17/2025,10,6,33,10:06:33,-40,Tahap-3
01/17/2025,10,6,33,10:06:33,-80,Tahap-3
01/17/2025,10,6,33,10:06:33,112,Tahap-3
01/17/2025,10,6,33,10:06:33,-32,Tahap-3
01/17/2025,10,6,33,10:06:33,-80,Tahap-3
01/17/2025,10,6,33,10:06:33,-64,Tahap-3
01/17/2025,10,6,33,10:06:33,32,Tahap-3
01/17/2025,10,6,34,10:06:34,-312,Tahap-3
01/17/2025,10,6,34,10:06:34,376,Tahap-3
01/17/2025,10,6,34,10:06:34,-296,Tahap-3
01/17/2025,10,6,34,10:06:34,232,Tahap-3
01/17/2025,10,6,34,10:06:34,-272,Tahap-3
01/17/2025,10,6,34,10:06:34,176,Tahap-3
01/17/2025,10,6,34,10:06:34,-80,Tahap-3
01/17/2025,10,6,34,10:06:34,24,Tahap-3
01/17/2025,10,6,34,10:06:34,-160,Tahap-3
01/17/2025,10,6,34,10:06:34,32,Tahap-3
01/17/2025,10,6,35,10:06:35,112,Tahap-3
01/17/2025,10,6,35,10:06:35,-152,Tahap-3
01/17/2025,10,6,35,10:06:35,-104,Tahap-3
01/17/2025,10,6,35,10:06:35,184,Tahap-3
01/17/2025,10,6,35,10:06:35,-288,Tahap-3
01/17/2025,10,6,35,10:06:35,160,Tahap-3
01/17/2025,10,6,35,10:06:35,-192,Tahap-3
01/17/2025,10,6,35,10:06:35,232,Tahap-3
01/17/2025,10,6,35,10:06:35,-216,Tahap-3
01/17/2025,10,6,35,10:06:35,144,Tahap-3
01/17/2025,10,6,36,10:06:36,-288,Tahap-3
01/17/2025,10,6,36,10:06:36,192,Tahap-3
01/17/2025,10,6,36,10:06:36,16,Tahap-3
01/17/2025,10,6,36,10:06:36,-232,Tahap-3
01/17/2025,10,6,36,10:06:36,192,Tahap-3
01/17/2025,10,6,36,10:06:36,-80,Tahap-3
01/17/2025,10,6,36,10:06:36,-184,Tahap-3
01/17/2025,10,6,36,10:06:36,144,Tahap-3
01/17/2025,10,6,36,10:06:36,-48,Tahap-3
01/17/2025,10,6,36,10:06:36,72,Tahap-3
01/17/2025,10,6,37,10:06:37,-72,Tahap-3
01/17/2025,10,6,37,10:06:37,32,Tahap-3
01/17/2025,10,6,37,10:06:37,-152,Tahap-3
01/17/2025,10,6,37,10:06:37,328,Tahap-3
01/17/2025,10,6,37,10:06:37,-240,Tahap-3
01/17/2025,10,6,37,10:06:37,240,Tahap-3
01/17/2025,10,6,37,10:06:37,16,Tahap-3
01/17/2025,10,6,37,10:06:37,176,Tahap-3
01/17/2025,10,6,37,10:06:37,-104,Tahap-3
01/17/2025,10,6,37,10:06:37,80,Tahap-3
01/17/2025,10,6,38,10:06:38,-8,Tahap-3
01/17/2025,10,6,38,10:06:38,128,Tahap-3
01/17/2025,10,6,38,10:06:38,32,Tahap-3
01/17/2025,10,6,38,10:06:38,64,Tahap-3
01/17/2025,10,6,38,10:06:38,208,Tahap-3
01/17/2025,10,6,38,10:06:38,80,Tahap-3
01/17/2025,10,6,38,10:06:38,-112,Tahap-3
01/17/2025,10,6,38,10:06:38,312,Tahap-3
01/17/2025,10,6,38,10:06:38,-96,Tahap-3
01/17/2025,10,6,38,10:06:38,280,Tahap-3
01/17/2025,10,6,39,10:06:39,-184,Tahap-3
01/17/2025,10,6,39,10:06:39,272,Tahap-3
01/17/2025,10,7,3,10:07:03,3022,Tahap-3
01/17/2025,10,7,3,10:07:03,493,Tahap-3
01/17/2025,10,7,3,10:07:03,365,Tahap-3
01/17/2025,10,7,3,10:07:03,414,Tahap-3
01/17/2025,10,7,4,10:07:04,95,Tahap-3
01/17/2025,10,7,4,10:07:04,264,Tahap-3
01/17/2025,10,7,4,10:07:04,108,Tahap-3
01/17/2025,10,7,4,10:07:04,209,Tahap-3
01/17/2025,10,7,4,10:07:04,211,Tahap-3
01/17/2025,10,7,4,10:07:04,107,Tahap-3
01/17/2025,10,7,4,10:07:04,136,Tahap-3
01/17/2025,10,7,4,10:07:04,161,Tahap-3
01/17/2025,10,7,4,10:07:04,100,Tahap-3
01/17/2025,10,7,4,10:07:04,133,Tahap-3
01/17/2025,10,7,5,10:07:05,165,Tahap-3
01/17/2025,10,7,5,10:07:05,116,Tahap-3
01/17/2025,10,7,5,10:07:05,173,Tahap-3
01/17/2025,10,7,5,10:07:05,155,Tahap-3
01/17/2025,10,7,5,10:07:05,73,Tahap-3
01/17/2025,10,7,5,10:07:05,155,Tahap-3
01/17/2025,10,7,5,10:07:05,128,Tahap-3
01/17/2025,10,7,5,10:07:05,205,Tahap-3
01/17/2025,10,7,5,10:07:05,407,Tahap-3
01/17/2025,10,7,5,10:07:05,215,Tahap-3
01/17/2025,10,7,5,10:07:05,27,Tahap-3
01/17/2025,10,7,6,10:07:06,58,Tahap-3
01/17/2025,10,7,6,10:07:06,85,Tahap-3
01/17/2025,10,7,6,10:07:06,92,Tahap-3
01/17/2025,10,7,6,10:07:06,129,Tahap-3
01/17/2025,10,7,6,10:07:06,197,Tahap-3
01/17/2025,10,7,6,10:07:06,113,Tahap-3
01/17/2025,10,7,6,10:07:06,155,Tahap-3
01/17/2025,10,7,6,10:07:06,144,Tahap-3
01/17/2025,10,7,6,10:07:06,164,Tahap-3
01/17/2025,10,7,7,10:07:07,135,Tahap-3
01/17/2025,10,7,7,10:07:07,120,Tahap-3
01/17/2025,10,7,7,10:07:07,125,Tahap-3
01/17/2025,10,7,7,10:07:07,56,Tahap-3
01/17/2025,10,7,7,10:07:07,83,Tahap-3
01/17/2025,10,7,7,10:07:07,102,Tahap-3
01/17/2025,10,7,7,10:07:07,141,Tahap-3
01/17/2025,10,7,7,10:07:07,248,Tahap-3
01/17/2025,10,7,7,10:07:07,149,Tahap-3
01/17/2025,10,7,7,10:07:07,82,Tahap-3
01/17/2025,10,7,7,10:07:07,202,Tahap-3
01/17/2025,10,7,8,10:07:08,130,Tahap-3
01/17/2025,10,7,8,10:07:08,48,Tahap-3
01/17/2025,10,7,8,10:07:08,103,Tahap-3
01/17/2025,10,7,8,10:07:08,71,Tahap-3
01/17/2025,10,7,8,10:07:08,51,Tahap-3
01/17/2025,10,7,8,10:07:08,138,Tahap-3
01/17/2025,10,7,8,10:07:08,183,Tahap-3
01/17/2025,10,7,8,10:07:08,37,Tahap-3
01/17/2025,10,7,8,10:07:08,54,Tahap-3
01/17/2025,10,7,8,10:07:08,175,Tahap-3
01/17/2025,10,7,9,10:07:09,102,Tahap-3
01/17/2025,10,7,9,10:07:09,145,Tahap-3
01/17/2025,10,7,9,10:07:09,98,Tahap-3
01/17/2025,10,7,9,10:07:09,103,Tahap-3
01/17/2025,10,7,9,10:07:09,180,Tahap-3
01/17/2025,10,7,9,10:07:09,70,Tahap-3
01/17/2025,10,7,9,10:07:09,17,Tahap-3
01/17/2025,10,7,9,10:07:09,170,Tahap-3
01/17/2025,10,7,9,10:07:09,87,Tahap-3
01/17/2025,10,7,9,10:07:09,229,Tahap-3
01/17/2025,10,7,10,10:07:10,209,Tahap-3
01/17/2025,10,7,10,10:07:10,337,Tahap-3
01/17/2025,10,7,10,10:07:10,716,Tahap-3
01/17/2025,10,7,10,10:07:10,254,Tahap-3
01/17/2025,10,7,10,10:07:10,167,Tahap-3
01/17/2025,10,7,10,10:07:10,143,Tahap-3
01/17/2025,10,7,11,10:07:11,77,Tahap-3
01/17/2025,10,7,11,10:07:11,255,Tahap-3
01/17/2025,10,7,11,10:07:11,218,Tahap-3
01/17/2025,10,7,11,10:07:11,179,Tahap-3
01/17/2025,10,7,11,10:07:11,118,Tahap-3
01/17/2025,10,7,11,10:07:11,55,Tahap-3
01/17/2025,10,7,11,10:07:11,152,Tahap-3
01/17/2025,10,7,11,10:07:11,143,Tahap-3
01/17/2025,10,7,11,10:07:11,167,Tahap-3
01/17/2025,10,7,11,10:07:11,25,Tahap-3
01/17/2025,10,7,11,10:07:11,129,Tahap-3
01/17/2025,10,7,11,10:07:11,90,Tahap-3
01/17/2025,10,7,11,10:07:11,131,Tahap-3
01/17/2025,10,7,11,10:07:11,441,Tahap-3
01/17/2025,10,7,12,10:07:12,508,Tahap-3
01/17/2025,10,7,12,10:07:12,400,Tahap-3
01/17/2025,10,7,12,10:07:12,137,Tahap-3
01/17/2025,10,7,12,10:07:12,416,Tahap-3
01/17/2025,10,7,12,10:07:12,834,Tahap-3
01/17/2025,10,7,12,10:07:12,401,Tahap-3
01/17/2025,10,7,12,10:07:12,178,Tahap-3
01/17/2025,10,7,12,10:07:12,413,Tahap-3
01/17/2025,10,7,12,10:07:12,408,Tahap-3
01/17/2025,10,7,12,10:07:12,304,Tahap-3
01/17/2025,10,7,13,10:07:13,155,Tahap-3
01/17/2025,10,7,13,10:07:13,249,Tahap-3
01/17/2025,10,7,13,10:07:13,158,Tahap-3
01/17/2025,10,7,13,10:07:13,208,Tahap-3
01/17/2025,10,7,13,10:07:13,57,Tahap-3
01/17/2025,10,7,13,10:07:13,256,Tahap-3
01/17/2025,10,7,13,10:07:13,79,Tahap-3
01/17/2025,10,7,13,10:07:13,279,Tahap-3
01/17/2025,10,7,13,10:07:13,21,Tahap-3
01/17/2025,10,7,13,10:07:13,181,Tahap-3
01/17/2025,10,7,14,10:07:14,113,Tahap-3
01/17/2025,10,7,14,10:07:14,116,Tahap-3
01/17/2025,10,7,14,10:07:14,400,Tahap-3
01/17/2025,10,7,14,10:07:14,218,Tahap-3
01/17/2025,10,7,14,10:07:14,890,Tahap-3
01/17/2025,10,7,14,10:07:14,141,Tahap-3
01/17/2025,10,7,14,10:07:14,524,Tahap-3
01/17/2025,10,7,14,10:07:14,1333,Tahap-3
01/17/2025,10,7,14,10:07:14,56,Tahap-3
01/17/2025,10,7,14,10:07:14,316,Tahap-3
01/17/2025,10,7,15,10:07:15,320,Tahap-3
01/17/2025,10,7,15,10:07:15,113,Tahap-3
01/17/2025,10,7,15,10:07:15,42,Tahap-3
01/17/2025,10,7,15,10:07:15,199,Tahap-3
01/17/2025,10,7,15,10:07:15,213,Tahap-3
01/17/2025,10,7,15,10:07:15,216,Tahap-3
01/17/2025,10,7,15,10:07:15,37,Tahap-3
01/17/2025,10,7,15,10:07:15,166,Tahap-3
01/17/2025,10,7,15,10:07:15,111,Tahap-3
01/17/2025,10,7,15,10:07:15,438,Tahap-3
01/17/2025,10,7,16,10:07:16,423,Tahap-3
01/17/2025,10,7,16,10:07:16,431,Tahap-3
01/17/2025,10,7,16,10:07:16,116,Tahap-3
01/17/2025,10,7,16,10:07:16,-72,Tahap-3
01/17/2025,10,7,16,10:07:16,-24,Tahap-3
01/17/2025,10,7,16,10:07:16,36,Tahap-3
01/17/2025,10,7,16,10:07:16,-32,Tahap-3
01/17/2025,10,7,16,10:07:16,-76,Tahap-3
01/17/2025,10,7,16,10:07:16,60,Tahap-3
01/17/2025,10,7,16,10:07:16,-76,Tahap-3
01/17/2025,10,7,17,10:07:17,32,Tahap-3
01/17/2025,10,7,17,10:07:17,-116,Tahap-3
01/17/2025,10,7,17,10:07:17,-44,Tahap-3
01/17/2025,10,7,17,10:07:17,-20,Tahap-3
01/17/2025,10,7,17,10:07:17,24,Tahap-3
01/17/2025,10,7,17,10:07:17,-92,Tahap-3
01/17/2025,10,7,17,10:07:17,68,Tahap-3
01/17/2025,10,7,17,10:07:17,-80,Tahap-3
01/17/2025,10,7,17,10:07:17,20,Tahap-3
01/17/2025,10,7,17,10:07:17,-192,Tahap-3
01/17/2025,10,7,18,10:07:18,52,Tahap-3
01/17/2025,10,7,18,10:07:18,-108,Tahap-3
01/17/2025,10,7,18,10:07:18,-8,Tahap-3
01/17/2025,10,7,18,10:07:18,-80,Tahap-3
01/17/2025,10,7,18,10:07:18,-60,Tahap-3
01/17/2025,10,7,18,10:07:18,16,Tahap-3
01/17/2025,10,7,18,10:07:18,-92,Tahap-3
01/17/2025,10,7,18,10:07:18,-20,Tahap-3
01/17/2025,10,7,18,10:07:18,-40,Tahap-3
01/17/2025,10,7,18,10:07:18,-76,Tahap-3
01/17/2025,10,7,19,10:07:19,-84,Tahap-3
01/17/2025,10,7,19,10:07:19,-176,Tahap-3
01/17/2025,10,7,19,10:07:19,24,Tahap-3
01/17/2025,10,7,19,10:07:19,-184,Tahap-3
01/17/2025,10,7,19,10:07:19,28,Tahap-3
01/17/2025,10,7,19,10:07:19,-196,Tahap-3
01/17/2025,10,7,19,10:07:19,108,Tahap-3
01/17/2025,10,7,19,10:07:19,-196,Tahap-3
01/17/2025,10,7,19,10:07:19,-84,Tahap-3
01/17/2025,10,7,19,10:07:19,-60,Tahap-3
01/17/2025,10,7,20,10:07:20,-104,Tahap-3
01/17/2025,10,7,20,10:07:20,-132,Tahap-3
01/17/2025,10,7,20,10:07:20,-68,Tahap-3
01/17/2025,10,7,20,10:07:20,-88,Tahap-3
01/17/2025,10,7,20,10:07:20,-72,Tahap-3
01/17/2025,10,7,20,10:07:20,-72,Tahap-3
01/17/2025,10,7,20,10:07:20,-140,Tahap-3
01/17/2025,10,7,20,10:07:20,-40,Tahap-3
01/17/2025,10,7,20,10:07:20,88,Tahap-3
01/17/2025,10,7,20,10:07:20,-264,Tahap-3
01/17/2025,10,7,21,10:07:21,56,Tahap-3
01/17/2025,10,7,21,10:07:21,-156,Tahap-3
01/17/2025,10,7,21,10:07:21,-88,Tahap-3
01/17/2025,10,7,21,10:07:21,-116,Tahap-3
01/17/2025,10,7,21,10:07:21,-72,Tahap-3
01/17/2025,10,7,21,10:07:21,-184,Tahap-3
01/17/2025,10,7,21,10:07:21,-132,Tahap-3
01/17/2025,10,7,21,10:07:21,-76,Tahap-3
01/17/2025,10,7,21,10:07:21,-112,Tahap-3
01/17/2025,10,7,21,10:07:21,68,Tahap-3
01/17/2025,10,7,22,10:07:22,-96,Tahap-3
01/17/2025,10,7,22,10:07:22,-120,Tahap-3
01/17/2025,10,7,22,10:07:22,-8,Tahap-3
01/17/2025,10,7,22,10:07:22,-156,Tahap-3
01/17/2025,10,7,22,10:07:22,-92,Tahap-3
01/17/2025,10,7,22,10:07:22,-104,Tahap-3
01/17/2025,10,7,22,10:07:22,-32,Tahap-3
01/17/2025,10,7,22,10:07:22,-168,Tahap-3
01/17/2025,10,7,22,10:07:22,-168,Tahap-3
01/17/2025,10,7,23,10:07:23,-48,Tahap-3
01/17/2025,10,7,23,10:07:23,4,Tahap-3
01/17/2025,10,7,23,10:07:23,-128,Tahap-3
01/17/2025,10,7,23,10:07:23,-24,Tahap-3
01/17/2025,10,7,23,10:07:23,-120,Tahap-3
01/17/2025,10,7,23,10:07:23,-108,Tahap-3
01/17/2025,10,7,23,10:07:23,-104,Tahap-3
01/17/2025,10,7,23,10:07:23,-40,Tahap-3
01/17/2025,10,7,23,10:07:23,-40,Tahap-3
01/17/2025,10,7,23,10:07:23,-184,Tahap-3
01/17/2025,10,7,24,10:07:24,-12,Tahap-3
01/17/2025,10,7,24,10:07:24,-180,Tahap-3
01/17/2025,10,7,24,10:07:24,80,Tahap-3
01/17/2025,10,7,24,10:07:24,-180,Tahap-3
01/17/2025,10,7,24,10:07:24,-72,Tahap-3
01/17/2025,10,7,24,10:07:24,-92,Tahap-3
01/17/2025,10,7,24,10:07:24,-44,Tahap-3
01/17/2025,10,7,24,10:07:24,-124,Tahap-3
01/17/2025,10,7,24,10:07:24,-88,Tahap-3
01/17/2025,10,7,24,10:07:24,-88,Tahap-3
01/17/2025,10,7,25,10:07:25,-120,Tahap-3
01/17/2025,10,7,25,10:07:25,-60,Tahap-3
01/17/2025,10,7,25,10:07:25,-144,Tahap-3
01/17/2025,10,7,25,10:07:25,20,Tahap-3
01/17/2025,10,7,25,10:07:25,-56,Tahap-3
01/17/2025,10,7,25,10:07:25,-80,Tahap-3
01/17/2025,10,7,25,10:07:25,-4,Tahap-3
01/17/2025,10,7,25,10:07:25,-180,Tahap-3
01/17/2025,10,7,25,10:07:25,-8,Tahap-3
01/17/2025,10,7,25,10:07:25,-124,Tahap-3
01/17/2025,10,7,26,10:07:26,-80,Tahap-3
01/17/2025,10,7,26,10:07:26,-88,Tahap-3
01/17/2025,10,7,26,10:07:26,48,Tahap-3
01/17/2025,10,7,26,10:07:26,-132,Tahap-3
01/17/2025,10,7,26,10:07:26,8,Tahap-3
01/17/2025,10,7,26,10:07:26,-84,Tahap-3
01/17/2025,10,7,26,10:07:26,-88,Tahap-3
01/17/2025,10,7,26,10:07:26,-16,Tahap-3
01/17/2025,10,7,26,10:07:26,-56,Tahap-3
01/17/2025,10,7,26,10:07:26,-124,Tahap-3
01/17/2025,10,7,27,10:07:27,32,Tahap-3
01/17/2025,10,7,27,10:07:27,-84,Tahap-3
01/17/2025,10,7,27,10:07:27,-48,Tahap-3
01/17/2025,10,7,27,10:07:27,28,Tahap-3
01/17/2025,10,7,27,10:07:27,-16,Tahap-3
01/17/2025,10,7,27,10:07:27,-112,Tahap-3
01/17/2025,10,7,27,10:07:27,44,Tahap-3
01/17/2025,10,7,27,10:07:27,-56,Tahap-3
01/17/2025,10,7,27,10:07:27,40,Tahap-3
01/17/2025,10,7,27,10:07:27,-80,Tahap-3
01/17/2025,10,7,28,10:07:28,-24,Tahap-3
01/17/2025,10,7,28,10:07:28,-92,Tahap-3
01/17/2025,10,7,28,10:07:28,44,Tahap-3
01/17/2025,10,7,28,10:07:28,-100,Tahap-3
01/17/2025,10,7,28,10:07:28,-12,Tahap-3
01/17/2025,10,7,28,10:07:28,64,Tahap-3
01/17/2025,10,7,28,10:07:28,-112,Tahap-3
01/17/2025,10,7,28,10:07:28,36,Tahap-3
01/17/2025,10,7,28,10:07:28,-52,Tahap-3
01/17/2025,10,7,28,10:07:28,-16,Tahap-3
01/17/2025,10,7,29,10:07:29,-44,Tahap-3
01/17/2025,10,7,53,10:07:53,1554,Tahap-3
01/17/2025,10,7,53,10:07:53,862,Tahap-3
01/17/2025,10,7,53,10:07:53,434,Tahap-3
01/17/2025,10,7,53,10:07:53,334,Tahap-3
01/17/2025,10,7,53,10:07:53,202,Tahap-3
01/17/2025,10,7,54,10:07:54,252,Tahap-3
01/17/2025,10,7,54,10:07:54,133,Tahap-3
01/17/2025,10,7,54,10:07:54,273,Tahap-3
01/17/2025,10,7,54,10:07:54,326,Tahap-3
01/17/2025,10,7,54,10:07:54,181,Tahap-3
01/17/2025,10,7,54,10:07:54,188,Tahap-3
01/17/2025,10,7,54,10:07:54,189,Tahap-3
01/17/2025,10,7,54,10:07:54,148,Tahap-3
01/17/2025,10,7,54,10:07:54,89,Tahap-3
01/17/2025,10,7,54,10:07:54,254,Tahap-3
01/17/2025,10,7,55,10:07:55,222,Tahap-3
01/17/2025,10,7,55,10:07:55,131,Tahap-3
01/17/2025,10,7,55,10:07:55,33,Tahap-3
01/17/2025,10,7,55,10:07:55,189,Tahap-3
01/17/2025,10,7,55,10:07:55,75,Tahap-3
01/17/2025,10,7,55,10:07:55,198,Tahap-3
01/17/2025,10,7,55,10:07:55,74,Tahap-3
01/17/2025,10,7,55,10:07:55,256,Tahap-3
01/17/2025,10,7,55,10:07:55,139,Tahap-3
01/17/2025,10,7,55,10:07:55,104,Tahap-3
01/17/2025,10,7,56,10:07:56,99,Tahap-3
01/17/2025,10,7,56,10:07:56,53,Tahap-3
01/17/2025,10,7,56,10:07:56,75,Tahap-3
01/17/2025,10,7,56,10:07:56,64,Tahap-3
01/17/2025,10,7,56,10:07:56,77,Tahap-3
01/17/2025,10,7,56,10:07:56,67,Tahap-3
01/17/2025,10,7,56,10:07:56,68,Tahap-3
01/17/2025,10,7,56,10:07:56,48,Tahap-3
01/17/2025,10,7,56,10:07:56,158,Tahap-3
01/17/2025,10,7,56,10:07:56,102,Tahap-3
01/17/2025,10,7,57,10:07:57,33,Tahap-3
01/17/2025,10,7,57,10:07:57,146,Tahap-3
01/17/2025,10,7,57,10:07:57,111,Tahap-3
01/17/2025,10,7,57,10:07:57,58,Tahap-3
01/17/2025,10,7,57,10:07:57,108,Tahap-3
01/17/2025,10,7,57,10:07:57,88,Tahap-3
01/17/2025,10,7,57,10:07:57,45,Tahap-3
01/17/2025,10,7,57,10:07:57,299,Tahap-3
01/17/2025,10,7,57,10:07:57,241,Tahap-3
01/17/2025,10,7,57,10:07:57,122,Tahap-3
01/17/2025,10,7,58,10:07:58,77,Tahap-3
01/17/2025,10,7,58,10:07:58,50,Tahap-3
01/17/2025,10,7,58,10:07:58,115,Tahap-3
01/17/2025,10,7,58,10:07:58,136,Tahap-3
01/17/2025,10,7,58,10:07:58,22,Tahap-3
01/17/2025,10,7,58,10:07:58,50,Tahap-3
01/17/2025,10,7,58,10:07:58,83,Tahap-3
01/17/2025,10,7,58,10:07:58,129,Tahap-3
01/17/2025,10,7,58,10:07:58,156,Tahap-3
01/17/2025,10,7,58,10:07:58,33,Tahap-3
01/17/2025,10,7,59,10:07:59,67,Tahap-3
01/17/2025,10,7,59,10:07:59,109,Tahap-3
01/17/2025,10,7,59,10:07:59,61,Tahap-3
01/17/2025,10,7,59,10:07:59,65,Tahap-3
01/17/2025,10,7,59,10:07:59,21,Tahap-3
01/17/2025,10,7,59,10:07:59,40,Tahap-3
01/17/2025,10,7,59,10:07:59,152,Tahap-3
01/17/2025,10,7,59,10:07:59,123,Tahap-3
01/17/2025,10,7,59,10:07:59,372,Tahap-3
01/17/2025,10,7,59,10:07:59,236,Tahap-3
01/17/2025,10,8,1,10:08:01,221,Tahap-3
01/17/2025,10,8,1,10:08:01,78,Tahap-3
01/17/2025,10,8,1,10:08:01,56,Tahap-3
01/17/2025,10,8,1,10:08:01,104,Tahap-3
01/17/2025,10,8,1,10:08:01,72,Tahap-3
01/17/2025,10,8,1,10:08:01,73,Tahap-3
01/17/2025,10,8,1,10:08:01,57,Tahap-3
01/17/2025,10,8,1,10:08:01,103,Tahap-3
01/17/2025,10,8,1,10:08:01,83,Tahap-3
01/17/2025,10,8,1,10:08:01,597,Tahap-3
01/17/2025,10,8,2,10:08:02,438,Tahap-3
01/17/2025,10,8,2,10:08:02,146,Tahap-3
01/17/2025,10,8,2,10:08:02,90,Tahap-3
01/17/2025,10,8,2,10:08:02,365,Tahap-3
01/17/2025,10,8,2,10:08:02,1091,Tahap-3
01/17/2025,10,8,2,10:08:02,256,Tahap-3
01/17/2025,10,8,2,10:08:02,363,Tahap-3
01/17/2025,10,8,2,10:08:02,252,Tahap-3
01/17/2025,10,8,2,10:08:02,251,Tahap-3
01/17/2025,10,8,2,10:08:02,266,Tahap-3
01/17/2025,10,8,3,10:08:03,404,Tahap-3
01/17/2025,10,8,3,10:08:03,296,Tahap-3
01/17/2025,10,8,3,10:08:03,444,Tahap-3
01/17/2025,10,8,3,10:08:03,315,Tahap-3
01/17/2025,10,8,3,10:08:03,247,Tahap-3
01/17/2025,10,8,3,10:08:03,177,Tahap-3
01/17/2025,10,8,3,10:08:03,151,Tahap-3
01/17/2025,10,8,3,10:08:03,156,Tahap-3
01/17/2025,10,8,3,10:08:03,171,Tahap-3
01/17/2025,10,8,3,10:08:03,245,Tahap-3
01/17/2025,10,8,3,10:08:03,177,Tahap-3
01/17/2025,10,8,4,10:08:04,68,Tahap-3
01/17/2025,10,8,4,10:08:04,322,Tahap-3
01/17/2025,10,8,4,10:08:04,24,Tahap-3
01/17/2025,10,8,4,10:08:04,180,Tahap-3
01/17/2025,10,8,4,10:08:04,687,Tahap-3
01/17/2025,10,8,4,10:08:04,244,Tahap-3
01/17/2025,10,8,4,10:08:04,1687,Tahap-3
01/17/2025,10,8,4,10:08:04,232,Tahap-3
01/17/2025,10,8,4,10:08:04,283,Tahap-3
01/17/2025,10,8,4,10:08:04,184,Tahap-3
01/17/2025,10,8,5,10:08:05,185,Tahap-3
01/17/2025,10,8,5,10:08:05,185,Tahap-3
01/17/2025,10,8,5,10:08:05,99,Tahap-3
01/17/2025,10,8,5,10:08:05,281,Tahap-3
01/17/2025,10,8,5,10:08:05,354,Tahap-3
01/17/2025,10,8,5,10:08:05,341,Tahap-3
01/17/2025,10,8,5,10:08:05,302,Tahap-3
01/17/2025,10,8,5,10:08:05,235,Tahap-3
01/17/2025,10,8,5,10:08:05,133,Tahap-3
01/17/2025,10,8,5,10:08:05,487,Tahap-3
01/17/2025,10,8,6,10:08:06,573,Tahap-3
01/17/2025,10,8,6,10:08:06,36,Tahap-3
01/17/2025,10,8,6,10:08:06,64,Tahap-3
01/17/2025,10,8,6,10:08:06,-8,Tahap-3
01/17/2025,10,8,6,10:08:06,124,Tahap-3
01/17/2025,10,8,6,10:08:06,-8,Tahap-3
01/17/2025,10,8,6,10:08:06,-36,Tahap-3
01/17/2025,10,8,6,10:08:06,160,Tahap-3
01/17/2025,10,8,6,10:08:06,-112,Tahap-3
01/17/2025,10,8,7,10:08:07,36,Tahap-3
01/17/2025,10,8,7,10:08:07,40,Tahap-3
01/17/2025,10,8,7,10:08:07,100,Tahap-3
01/17/2025,10,8,7,10:08:07,32,Tahap-3
01/17/2025,10,8,7,10:08:07,84,Tahap-3
01/17/2025,10,8,7,10:08:07,-24,Tahap-3
01/17/2025,10,8,7,10:08:07,140,Tahap-3
01/17/2025,10,8,7,10:08:07,36,Tahap-3
01/17/2025,10,8,7,10:08:07,-36,Tahap-3
01/17/2025,10,8,7,10:08:07,100,Tahap-3
01/17/2025,10,8,8,10:08:08,76,Tahap-3
01/17/2025,10,8,8,10:08:08,-24,Tahap-3
01/17/2025,10,8,8,10:08:08,88,Tahap-3
01/17/2025,10,8,8,10:08:08,44,Tahap-3
01/17/2025,10,8,8,10:08:08,8,Tahap-3
01/17/2025,10,8,8,10:08:08,40,Tahap-3
01/17/2025,10,8,8,10:08:08,52,Tahap-3
01/17/2025,10,8,8,10:08:08,148,Tahap-3
01/17/2025,10,8,8,10:08:08,-100,Tahap-3
01/17/2025,10,8,9,10:08:09,116,Tahap-3
01/17/2025,10,8,9,10:08:09,12,Tahap-3
01/17/2025,10,8,9,10:08:09,156,Tahap-3
01/17/2025,10,8,9,10:08:09,-72,Tahap-3
01/17/2025,10,8,9,10:08:09,92,Tahap-3
01/17/2025,10,8,9,10:08:09,60,Tahap-3
01/17/2025,10,8,9,10:08:09,-20,Tahap-3
01/17/2025,10,8,9,10:08:09,48,Tahap-3
01/17/2025,10,8,9,10:08:09,-16,Tahap-3
01/17/2025,10,8,9,10:08:09,136,Tahap-3
01/17/2025,10,8,10,10:08:10,-48,Tahap-3
01/17/2025,10,8,10,10:08:10,36,Tahap-3
01/17/2025,10,8,10,10:08:10,36,Tahap-3
01/17/2025,10,8,10,10:08:10,-40,Tahap-3
01/17/2025,10,8,10,10:08:10,80,Tahap-3
01/17/2025,10,8,10,10:08:10,-60,Tahap-3
01/17/2025,10,8,11,10:08:11,92,Tahap-3
01/17/2025,10,8,11,10:08:11,-32,Tahap-3
01/17/2025,10,8,11,10:08:11,92,Tahap-3
01/17/2025,10,8,11,10:08:11,-64,Tahap-3
01/17/2025,10,8,11,10:08:11,176,Tahap-3
01/17/2025,10,8,11,10:08:11,20,Tahap-3
01/17/2025,10,8,11,10:08:11,-4,Tahap-3
01/17/2025,10,8,11,10:08:11,116,Tahap-3
01/17/2025,10,8,11,10:08:11,16,Tahap-3
01/17/2025,10,8,11,10:08:11,-16,Tahap-3
01/17/2025,10,8,11,10:08:11,64,Tahap-3
01/17/2025,10,8,11,10:08:11,-36,Tahap-3
01/17/2025,10,8,11,10:08:11,64,Tahap-3
01/17/2025,10,8,11,10:08:11,-32,Tahap-3
01/17/2025,10,8,12,10:08:12,28,Tahap-3
01/17/2025,10,8,12,10:08:12,-44,Tahap-3
01/17/2025,10,8,12,10:08:12,164,Tahap-3
01/17/2025,10,8,12,10:08:12,-212,Tahap-3
01/17/2025,10,8,12,10:08:12,176,Tahap-3
01/17/2025,10,8,12,10:08:12,-20,Tahap-3
01/17/2025,10,8,12,10:08:12,12,Tahap-3
01/17/2025,10,8,12,10:08:12,-36,Tahap-3
01/17/2025,10,8,12,10:08:12,92,Tahap-3
01/17/2025,10,8,12,10:08:12,4,Tahap-3
01/17/2025,10,8,13,10:08:13,-40,Tahap-3
01/17/2025,10,8,13,10:08:13,24,Tahap-3
01/17/2025,10,8,13,10:08:13,-40,Tahap-3
01/17/2025,10,8,13,10:08:13,80,Tahap-3
01/17/2025,10,8,13,10:08:13,8,Tahap-3
01/17/2025,10,8,13,10:08:13,-104,Tahap-3
01/17/2025,10,8,13,10:08:13,124,Tahap-3
01/17/2025,10,8,13,10:08:13,-108,Tahap-3
01/17/2025,10,8,13,10:08:13,24,Tahap-3
01/17/2025,10,8,13,10:08:13,-104,Tahap-3
01/17/2025,10,8,14,10:08:14,100,Tahap-3
01/17/2025,10,8,14,10:08:14,-144,Tahap-3
01/17/2025,10,8,14,10:08:14,24,Tahap-3
01/17/2025,10,8,14,10:08:14,-72,Tahap-3
01/17/2025,10,8,14,10:08:14,32,Tahap-3
01/17/2025,10,8,14,10:08:14,36,Tahap-3
01/17/2025,10,8,14,10:08:14,-84,Tahap-3
01/17/2025,10,8,14,10:08:14,-24,Tahap-3
01/17/2025,10,8,14,10:08:14,-68,Tahap-3
01/17/2025,10,8,14,10:08:14,-68,Tahap-3
01/17/2025,10,8,15,10:08:15,-96,Tahap-3
01/17/2025,10,8,15,10:08:15,-100,Tahap-3
01/17/2025,10,8,15,10:08:15,-8,Tahap-3
01/17/2025,10,8,15,10:08:15,-148,Tahap-3
01/17/2025,10,8,15,10:08:15,-24,Tahap-3
01/17/2025,10,8,15,10:08:15,-144,Tahap-3
01/17/2025,10,8,15,10:08:15,104,Tahap-3
01/17/2025,10,8,15,10:08:15,-176,Tahap-3
01/17/2025,10,8,15,10:08:15,-4,Tahap-3
01/17/2025,10,8,15,10:08:15,-84,Tahap-3
01/17/2025,10,8,16,10:08:16,-96,Tahap-3
01/17/2025,10,8,16,10:08:16,-64,Tahap-3
01/17/2025,10,8,16,10:08:16,-68,Tahap-3
01/17/2025,10,8,16,10:08:16,-60,Tahap-3
01/17/2025,10,8,16,10:08:16,-64,Tahap-3
01/17/2025,10,8,16,10:08:16,-152,Tahap-3
01/17/2025,10,8,16,10:08:16,-120,Tahap-3
01/17/2025,10,8,16,10:08:16,-60,Tahap-3
01/17/2025,10,8,16,10:08:16,4,Tahap-3
01/17/2025,10,8,16,10:08:16,-196,Tahap-3
01/17/2025,10,8,17,10:08:17,96,Tahap-3
01/17/2025,10,8,17,10:08:17,-252,Tahap-3
01/17/2025,10,8,17,10:08:17,-28,Tahap-3
01/17/2025,10,8,17,10:08:17,-176,Tahap-3
01/17/2025,10,8,17,10:08:17,-28,Tahap-3
01/17/2025,10,8,17,10:08:17,-152,Tahap-3
01/17/2025,10,8,17,10:08:17,-36,Tahap-3
01/17/2025,10,8,17,10:08:17,-168,Tahap-3
01/17/2025,10,8,17,10:08:17,-64,Tahap-3
01/17/2025,10,8,18,10:08:18,-176,Tahap-3
01/17/2025,10,8,18,10:08:18,-68,Tahap-3
01/17/2025,10,8,18,10:08:18,-36,Tahap-3
01/17/2025,10,8,18,10:08:18,-296,Tahap-3
01/17/2025,10,8,18,10:08:18,-52,Tahap-3
01/17/2025,10,8,18,10:08:18,-172,Tahap-3
01/17/2025,10,8,18,10:08:18,-60,Tahap-3
01/17/2025,10,8,18,10:08:18,-176,Tahap-3
01/17/2025,10,8,18,10:08:18,-100,Tahap-3
01/17/2025,10,8,18,10:08:18,-208,Tahap-3
01/17/2025,10,8,43,10:08:43,442,Tahap-3
01/17/2025,10,8,43,10:08:43,553,Tahap-3
01/17/2025,10,8,43,10:08:43,320,Tahap-3
01/17/2025,10,8,43,10:08:43,561,Tahap-3
01/17/2025,10,8,43,10:08:43,294,Tahap-3
01/17/2025,10,8,43,10:08:43,67,Tahap-3
01/17/2025,10,8,44,10:08:44,152,Tahap-3
01/17/2025,10,8,44,10:08:44,239,Tahap-3
01/17/2025,10,8,44,10:08:44,153,Tahap-3
01/17/2025,10,8,44,10:08:44,142,Tahap-3
01/17/2025,10,8,44,10:08:44,135,Tahap-3
01/17/2025,10,8,44,10:08:44,107,Tahap-3
01/17/2025,10,8,44,10:08:44,79,Tahap-3
01/17/2025,10,8,44,10:08:44,49,Tahap-3
01/17/2025,10,8,44,10:08:44,125,Tahap-3
01/17/2025,10,8,44,10:08:44,102,Tahap-3
01/17/2025,10,8,45,10:08:45,57,Tahap-3
01/17/2025,10,8,45,10:08:45,57,Tahap-3
01/17/2025,10,8,45,10:08:45,69,Tahap-3
01/17/2025,10,8,45,10:08:45,50,Tahap-3
01/17/2025,10,8,45,10:08:45,123,Tahap-3
01/17/2025,10,8,45,10:08:45,261,Tahap-3
01/17/2025,10,8,45,10:08:45,397,Tahap-3
01/17/2025,10,8,45,10:08:45,19,Tahap-3
01/17/2025,10,8,45,10:08:45,38,Tahap-3
01/17/2025,10,8,45,10:08:45,83,Tahap-3
01/17/2025,10,8,46,10:08:46,100,Tahap-3
01/17/2025,10,8,46,10:08:46,61,Tahap-3
01/17/2025,10,8,46,10:08:46,100,Tahap-3
01/17/2025,10,8,46,10:08:46,73,Tahap-3
01/17/2025,10,8,46,10:08:46,75,Tahap-3
01/17/2025,10,8,46,10:08:46,40,Tahap-3
01/17/2025,10,8,46,10:08:46,102,Tahap-3
01/17/2025,10,8,46,10:08:46,51,Tahap-3
01/17/2025,10,8,46,10:08:46,146,Tahap-3
01/17/2025,10,8,46,10:08:46,193,Tahap-3
01/17/2025,10,8,47,10:08:47,197,Tahap-3
01/17/2025,10,8,47,10:08:47,71,Tahap-3
01/17/2025,10,8,47,10:08:47,136,Tahap-3
01/17/2025,10,8,47,10:08:47,138,Tahap-3
01/17/2025,10,8,47,10:08:47,149,Tahap-3
01/17/2025,10,8,47,10:08:47,132,Tahap-3
01/17/2025,10,8,47,10:08:47,149,Tahap-3
01/17/2025,10,8,47,10:08:47,282,Tahap-3
01/17/2025,10,8,47,10:08:47,175,Tahap-3
01/17/2025,10,8,47,10:08:47,147,Tahap-3
01/17/2025,10,8,48,10:08:48,40,Tahap-3
01/17/2025,10,8,48,10:08:48,160,Tahap-3
01/17/2025,10,8,48,10:08:48,22,Tahap-3
01/17/2025,10,8,48,10:08:48,103,Tahap-3
01/17/2025,10,8,48,10:08:48,101,Tahap-3
01/17/2025,10,8,48,10:08:48,102,Tahap-3
01/17/2025,10,8,48,10:08:48,94,Tahap-3
01/17/2025,10,8,48,10:08:48,52,Tahap-3
01/17/2025,10,8,48,10:08:48,184,Tahap-3
01/17/2025,10,8,48,10:08:48,54,Tahap-3
01/17/2025,10,8,49,10:08:49,90,Tahap-3
01/17/2025,10,8,49,10:08:49,31,Tahap-3
01/17/2025,10,8,49,10:08:49,98,Tahap-3
01/17/2025,10,8,49,10:08:49,184,Tahap-3
01/17/2025,10,8,49,10:08:49,163,Tahap-3
01/17/2025,10,8,49,10:08:49,34,Tahap-3
01/17/2025,10,8,49,10:08:49,205,Tahap-3
01/17/2025,10,8,49,10:08:49,231,Tahap-3
01/17/2025,10,8,49,10:08:49,237,Tahap-3
01/17/2025,10,8,49,10:08:49,245,Tahap-3
01/17/2025,10,8,50,10:08:50,462,Tahap-3
01/17/2025,10,8,50,10:08:50,663,Tahap-3
01/17/2025,10,8,50,10:08:50,267,Tahap-3
01/17/2025,10,8,50,10:08:50,200,Tahap-3
01/17/2025,10,8,50,10:08:50,233,Tahap-3
01/17/2025,10,8,50,10:08:50,170,Tahap-3
01/17/2025,10,8,50,10:08:50,131,Tahap-3
01/17/2025,10,8,50,10:08:50,227,Tahap-3
01/17/2025,10,8,50,10:08:50,198,Tahap-3
01/17/2025,10,8,50,10:08:50,81,Tahap-3
01/17/2025,10,8,50,10:08:50,121,Tahap-3
01/17/2025,10,8,51,10:08:51,152,Tahap-3
01/17/2025,10,8,51,10:08:51,139,Tahap-3
01/17/2025,10,8,51,10:08:51,143,Tahap-3
01/17/2025,10,8,51,10:08:51,185,Tahap-3
01/17/2025,10,8,51,10:08:51,150,Tahap-3
01/17/2025,10,8,51,10:08:51,48,Tahap-3
01/17/2025,10,8,51,10:08:51,100,Tahap-3
01/17/2025,10,8,51,10:08:51,667,Tahap-3
01/17/2025,10,8,51,10:08:51,323,Tahap-3
01/17/2025,10,8,52,10:08:52,270,Tahap-3
01/17/2025,10,8,52,10:08:52,229,Tahap-3
01/17/2025,10,8,52,10:08:52,613,Tahap-3
01/17/2025,10,8,52,10:08:52,642,Tahap-3
01/17/2025,10,8,52,10:08:52,356,Tahap-3
01/17/2025,10,8,52,10:08:52,300,Tahap-3
01/17/2025,10,8,52,10:08:52,16,Tahap-3
01/17/2025,10,8,52,10:08:52,293,Tahap-3
01/17/2025,10,8,52,10:08:52,197,Tahap-3
01/17/2025,10,8,52,10:08:52,253,Tahap-3
01/17/2025,10,8,52,10:08:52,298,Tahap-3
01/17/2025,10,8,53,10:08:53,160,Tahap-3
01/17/2025,10,8,53,10:08:53,300,Tahap-3
01/17/2025,10,8,53,10:08:53,263,Tahap-3
01/17/2025,10,8,53,10:08:53,267,Tahap-3
01/17/2025,10,8,53,10:08:53,118,Tahap-3
01/17/2025,10,8,53,10:08:53,108,Tahap-3
01/17/2025,10,8,53,10:08:53,233,Tahap-3
01/17/2025,10,8,53,10:08:53,149,Tahap-3
01/17/2025,10,8,53,10:08:53,83,Tahap-3
01/17/2025,10,8,53,10:08:53,138,Tahap-3
01/17/2025,10,8,54,10:08:54,463,Tahap-3
01/17/2025,10,8,54,10:08:54,122,Tahap-3
01/17/2025,10,8,54,10:08:54,120,Tahap-3
01/17/2025,10,8,54,10:08:54,543,Tahap-3
01/17/2025,10,8,54,10:08:54,1449,Tahap-3
01/17/2025,10,8,54,10:08:54,693,Tahap-3
01/17/2025,10,8,54,10:08:54,114,Tahap-3
01/17/2025,10,8,54,10:08:54,280,Tahap-3
01/17/2025,10,8,54,10:08:54,251,Tahap-3
01/17/2025,10,8,54,10:08:54,130,Tahap-3
01/17/2025,10,8,55,10:08:55,72,Tahap-3
01/17/2025,10,8,55,10:08:55,235,Tahap-3
01/17/2025,10,8,55,10:08:55,456,Tahap-3
01/17/2025,10,8,55,10:08:55,64,Tahap-3
01/17/2025,10,8,55,10:08:55,140,Tahap-3
01/17/2025,10,8,55,10:08:55,262,Tahap-3
01/17/2025,10,8,55,10:08:55,150,Tahap-3
01/17/2025,10,8,55,10:08:55,425,Tahap-3
01/17/2025,10,8,55,10:08:55,395,Tahap-3
01/17/2025,10,8,55,10:08:55,381,Tahap-3
01/17/2025,10,8,56,10:08:56,32,Tahap-3
01/17/2025,10,8,56,10:08:56,32,Tahap-3
01/17/2025,10,8,56,10:08:56,-56,Tahap-3
01/17/2025,10,8,56,10:08:56,-32,Tahap-3
01/17/2025,10,8,56,10:08:56,240,Tahap-3
01/17/2025,10,8,56,10:08:56,-152,Tahap-3
01/17/2025,10,8,56,10:08:56,232,Tahap-3
01/17/2025,10,8,56,10:08:56,-136,Tahap-3
01/17/2025,10,8,56,10:08:56,56,Tahap-3
01/17/2025,10,8,57,10:08:57,-104,Tahap-3
01/17/2025,10,8,57,10:08:57,-8,Tahap-3
01/17/2025,10,8,57,10:08:57,128,Tahap-3
01/17/2025,10,8,57,10:08:57,48,Tahap-3
01/17/2025,10,8,57,10:08:57,32,Tahap-3
01/17/2025,10,8,57,10:08:57,48,Tahap-3
01/17/2025,10,8,57,10:08:57,296,Tahap-3
01/17/2025,10,8,57,10:08:57,-248,Tahap-3
01/17/2025,10,8,57,10:08:57,192,Tahap-3
01/17/2025,10,8,57,10:08:57,152,Tahap-3
01/17/2025,10,8,58,10:08:58,-112,Tahap-3
01/17/2025,10,8,58,10:08:58,152,Tahap-3
01/17/2025,10,8,58,10:08:58,16,Tahap-3
01/17/2025,10,8,58,10:08:58,32,Tahap-3
01/17/2025,10,8,58,10:08:58,-40,Tahap-3
01/17/2025,10,8,58,10:08:58,104,Tahap-3
01/17/2025,10,8,58,10:08:58,-96,Tahap-3
01/17/2025,10,8,58,10:08:58,344,Tahap-3
01/17/2025,10,8,58,10:08:58,-40,Tahap-3
01/17/2025,10,8,58,10:08:58,-96,Tahap-3
01/17/2025,10,8,59,10:08:59,344,Tahap-3
01/17/2025,10,8,59,10:08:59,-32,Tahap-3
01/17/2025,10,8,59,10:08:59,-8,Tahap-3
01/17/2025,10,8,59,10:08:59,104,Tahap-3
01/17/2025,10,8,59,10:08:59,72,Tahap-3
01/17/2025,10,8,59,10:08:59,16,Tahap-3
01/17/2025,10,8,59,10:08:59,104,Tahap-3
01/17/2025,10,8,59,10:08:59,104,Tahap-3
01/17/2025,10,8,59,10:08:59,224,Tahap-3
01/17/2025,10,8,59,10:08:59,408,Tahap-3
01/17/2025,10,9,1,10:09:01,248,Tahap-3
01/17/2025,10,9,1,10:09:01,80,Tahap-3
01/17/2025,10,9,1,10:09:01,72,Tahap-3
01/17/2025,10,9,1,10:09:01,-32,Tahap-3
01/17/2025,10,9,1,10:09:01,-40,Tahap-3
01/17/2025,10,9,1,10:09:01,16,Tahap-3
01/17/2025,10,9,1,10:09:01,176,Tahap-3
01/17/2025,10,9,1,10:09:01,-128,Tahap-3
01/17/2025,10,9,1,10:09:01,8,Tahap-3
01/17/2025,10,9,2,10:09:02,-88,Tahap-3
01/17/2025,10,9,2,10:09:02,56,Tahap-3
01/17/2025,10,9,2,10:09:02,160,Tahap-3
01/17/2025,10,9,2,10:09:02,-184,Tahap-3
01/17/2025,10,9,2,10:09:02,176,Tahap-3
01/17/2025,10,9,2,10:09:02,-128,Tahap-3
01/17/2025,10,9,2,10:09:02,-136,Tahap-3
01/17/2025,10,9,2,10:09:02,104,Tahap-3
01/17/2025,10,9,2,10:09:02,64,Tahap-3
01/17/2025,10,9,3,10:09:03,-88,Tahap-3
01/17/2025,10,9,3,10:09:03,48,Tahap-3
01/17/2025,10,9,3,10:09:03,-48,Tahap-3
01/17/2025,10,9,3,10:09:03,320,Tahap-3
01/17/2025,10,9,3,10:09:03,-176,Tahap-3
01/17/2025,10,9,3,10:09:03,112,Tahap-3
01/17/2025,10,9,3,10:09:03,16,Tahap-3
01/17/2025,10,9,3,10:09:03,-152,Tahap-3
01/17/2025,10,9,3,10:09:03,40,Tahap-3
01/17/2025,10,9,3,10:09:03,-176,Tahap-3
01/17/2025,10,9,4,10:09:04,128,Tahap-3
01/17/2025,10,9,4,10:09:04,-120,Tahap-3
01/17/2025,10,9,4,10:09:04,96,Tahap-3
01/17/2025,10,9,4,10:09:04,-136,Tahap-3
01/17/2025,10,9,4,10:09:04,232,Tahap-3
01/17/2025,10,9,4,10:09:04,48,Tahap-3
01/17/2025,10,9,4,10:09:04,-152,Tahap-3
01/17/2025,10,9,4,10:09:04,304,Tahap-3
01/17/2025,10,9,4,10:09:04,-192,Tahap-3
01/17/2025,10,9,4,10:09:04,-8,Tahap-3
01/17/2025,10,9,5,10:09:05,128,Tahap-3
01/17/2025,10,9,5,10:09:05,64,Tahap-3
01/17/2025,10,9,5,10:09:05,-16,Tahap-3
01/17/2025,10,9,5,10:09:05,48,Tahap-3
01/17/2025,10,9,5,10:09:05,80,Tahap-3
01/17/2025,10,9,5,10:09:05,288,Tahap-3
01/17/2025,10,9,5,10:09:05,-136,Tahap-3
01/17/2025,10,9,5,10:09:05,104,Tahap-3
01/17/2025,10,9,5,10:09:05,144,Tahap-3
01/17/2025,10,9,6,10:09:06,-128,Tahap-3
01/17/2025,10,9,6,10:09:06,16,Tahap-3
01/17/2025,10,9,6,10:09:06,96,Tahap-3
01/17/2025,10,9,6,10:09:06,80,Tahap-3
01/17/2025,10,9,6,10:09:06,-88,Tahap-3
01/17/2025,10,9,6,10:09:06,48,Tahap-3
01/17/2025,10,9,6,10:09:06,80,Tahap-3
01/17/2025,10,9,6,10:09:06,168,Tahap-3
01/17/2025,10,9,6,10:09:06,-24,Tahap-3
01/17/2025,10,9,6,10:09:06,8,Tahap-3
01/17/2025,10,9,7,10:09:07,96,Tahap-3
01/17/2025,10,9,7,10:09:07,-40,Tahap-3
01/17/2025,10,9,7,10:09:07,-48,Tahap-3
01/17/2025,10,9,7,10:09:07,-192,Tahap-3
01/17/2025,10,9,7,10:09:07,152,Tahap-3
01/17/2025,10,9,7,10:09:07,-168,Tahap-3
01/17/2025,10,9,7,10:09:07,-16,Tahap-3
01/17/2025,10,9,7,10:09:07,-208,Tahap-3
01/17/2025,10,9,7,10:09:07,120,Tahap-3
01/17/2025,10,9,7,10:09:07,-120,Tahap-3
01/17/2025,10,9,8,10:09:08,-192,Tahap-3
01/17/2025,10,9,8,10:09:08,-8,Tahap-3
01/17/2025,10,9,8,10:09:08,-120,Tahap-3
01/17/2025,10,9,8,10:09:08,-64,Tahap-3
01/17/2025,10,9,8,10:09:08,-200,Tahap-3
01/17/2025,10,9,8,10:09:08,-88,Tahap-3
01/17/2025,10,9,8,10:09:08,-136,Tahap-3
01/17/2025,10,9,8,10:09:08,-72,Tahap-3
01/17/2025,10,9,8,10:09:08,-120,Tahap-3
01/17/2025,10,9,33,10:09:33,2772,Tahap-3
01/17/2025,10,9,33,10:09:33,2112,Tahap-3
01/17/2025,10,9,33,10:09:33,760,Tahap-3
01/17/2025,10,9,33,10:09:33,546,Tahap-3
01/17/2025,10,9,33,10:09:33,532,Tahap-3
01/17/2025,10,9,33,10:09:33,450,Tahap-3
01/17/2025,10,9,33,10:09:33,460,Tahap-3
01/17/2025,10,9,34,10:09:34,226,Tahap-3
01/17/2025,10,9,34,10:09:34,277,Tahap-3
01/17/2025,10,9,34,10:09:34,313,Tahap-3
01/17/2025,10,9,34,10:09:34,186,Tahap-3
01/17/2025,10,9,34,10:09:34,172,Tahap-3
01/17/2025,10,9,34,10:09:34,126,Tahap-3
01/17/2025,10,9,34,10:09:34,323,Tahap-3
01/17/2025,10,9,34,10:09:34,181,Tahap-3
01/17/2025,10,9,34,10:09:34,33,Tahap-3
01/17/2025,10,9,34,10:09:34,114,Tahap-3
01/17/2025,10,9,35,10:09:35,182,Tahap-3
01/17/2025,10,9,35,10:09:35,73,Tahap-3
01/17/2025,10,9,35,10:09:35,71,Tahap-3
01/17/2025,10,9,35,10:09:35,172,Tahap-3
01/17/2025,10,9,35,10:09:35,77,Tahap-3
01/17/2025,10,9,35,10:09:35,497,Tahap-3
01/17/2025,10,9,35,10:09:35,140,Tahap-3
01/17/2025,10,9,35,10:09:35,103,Tahap-3
01/17/2025,10,9,35,10:09:35,86,Tahap-3
01/17/2025,10,9,35,10:09:35,259,Tahap-3
01/17/2025,10,9,36,10:09:36,44,Tahap-3
01/17/2025,10,9,36,10:09:36,39,Tahap-3
01/17/2025,10,9,36,10:09:36,320,Tahap-3
01/17/2025,10,9,36,10:09:36,78,Tahap-3
01/17/2025,10,9,36,10:09:36,39,Tahap-3
01/17/2025,10,9,36,10:09:36,76,Tahap-3
01/17/2025,10,9,36,10:09:36,107,Tahap-3
01/17/2025,10,9,36,10:09:36,183,Tahap-3
01/17/2025,10,9,36,10:09:36,171,Tahap-3
01/17/2025,10,9,36,10:09:36,86,Tahap-3
01/17/2025,10,9,37,10:09:37,19,Tahap-3
01/17/2025,10,9,37,10:09:37,68,Tahap-3
01/17/2025,10,9,37,10:09:37,152,Tahap-3
01/17/2025,10,9,37,10:09:37,72,Tahap-3
01/17/2025,10,9,37,10:09:37,57,Tahap-3
01/17/2025,10,9,37,10:09:37,381,Tahap-3
01/17/2025,10,9,37,10:09:37,172,Tahap-3
01/17/2025,10,9,37,10:09:37,151,Tahap-3
01/17/2025,10,9,37,10:09:37,84,Tahap-3
01/17/2025,10,9,37,10:09:37,188,Tahap-3
01/17/2025,10,9,38,10:09:38,99,Tahap-3
01/17/2025,10,9,38,10:09:38,145,Tahap-3
01/17/2025,10,9,38,10:09:38,76,Tahap-3
01/17/2025,10,9,38,10:09:38,51,Tahap-3
01/17/2025,10,9,38,10:09:38,73,Tahap-3
01/17/2025,10,9,38,10:09:38,117,Tahap-3
01/17/2025,10,9,38,10:09:38,100,Tahap-3
01/17/2025,10,9,38,10:09:38,141,Tahap-3
01/17/2025,10,9,38,10:09:38,44,Tahap-3
01/17/2025,10,9,38,10:09:38,68,Tahap-3
01/17/2025,10,9,39,10:09:39,54,Tahap-3
01/17/2025,10,9,39,10:09:39,98,Tahap-3
01/17/2025,10,9,39,10:09:39,89,Tahap-3
01/17/2025,10,9,39,10:09:39,107,Tahap-3
01/17/2025,10,9,39,10:09:39,43,Tahap-3
01/17/2025,10,9,39,10:09:39,195,Tahap-3
01/17/2025,10,9,39,10:09:39,261,Tahap-3
01/17/2025,10,9,39,10:09:39,21,Tahap-3
01/17/2025,10,9,39,10:09:39,181,Tahap-3
01/17/2025,10,9,39,10:09:39,414,Tahap-3
01/17/2025,10,9,40,10:09:40,839,Tahap-3
01/17/2025,10,9,40,10:09:40,122,Tahap-3
01/17/2025,10,9,40,10:09:40,301,Tahap-3
01/17/2025,10,9,40,10:09:40,200,Tahap-3
01/17/2025,10,9,40,10:09:40,164,Tahap-3
01/17/2025,10,9,40,10:09:40,128,Tahap-3
