Tanggal,Jam,Menit,Detik,Waktu,frekuensi,label
01/10/2025,13,11,13,13:11:13,266,Tahap-1
01/10/2025,13,11,13,13:11:13,314,Tahap-1
01/10/2025,13,11,13,13:11:13,251,Tahap-1
01/10/2025,13,11,13,13:11:13,171,Tahap-1
01/10/2025,13,11,13,13:11:13,304,Tahap-1
01/10/2025,13,11,13,13:11:13,501,Tahap-1
01/10/2025,13,11,13,13:11:13,310,Tahap-1
01/10/2025,13,11,13,13:11:13,159,Tahap-1
01/10/2025,13,11,13,13:11:13,50,Tahap-1
01/10/2025,13,11,13,13:11:13,251,Tahap-1
01/10/2025,13,11,13,13:11:13,234,Tahap-1
01/10/2025,13,11,13,13:11:13,162,Tahap-1
01/10/2025,13,11,13,13:11:13,200,Tahap-1
01/10/2025,13,11,13,13:11:13,100,Tahap-1
01/10/2025,13,11,13,13:11:13,221,Tahap-1
01/10/2025,13,11,13,13:11:13,203,Tahap-1
01/10/2025,13,11,13,13:11:13,87,Tahap-1
01/10/2025,13,11,13,13:11:13,179,Tahap-1
01/10/2025,13,11,13,13:11:13,156,Tahap-1
01/10/2025,13,11,13,13:11:13,155,Tahap-1
01/10/2025,13,11,13,13:11:13,73,Tahap-1
01/10/2025,13,11,13,13:11:13,224,Tahap-1
01/10/2025,13,11,13,13:11:13,604,Tahap-1
01/10/2025,13,11,13,13:11:13,186,Tahap-1
01/10/2025,13,11,13,13:11:13,60,Tahap-1
01/10/2025,13,11,13,13:11:13,149,Tahap-1
01/10/2025,13,11,13,13:11:13,230,Tahap-1
01/10/2025,13,11,13,13:11:13,149,Tahap-1
01/10/2025,13,11,13,13:11:13,79,Tahap-1
01/10/2025,13,11,13,13:11:13,189,Tahap-1
01/10/2025,13,11,14,13:11:14,256,Tahap-1
01/10/2025,13,11,14,13:11:14,85,Tahap-1
01/10/2025,13,11,14,13:11:14,79,Tahap-1
01/10/2025,13,11,14,13:11:14,113,Tahap-1
01/10/2025,13,11,14,13:11:14,114,Tahap-1
01/10/2025,13,11,14,13:11:14,35,Tahap-1
01/10/2025,13,11,14,13:11:14,91,Tahap-1
01/10/2025,13,11,14,13:11:14,103,Tahap-1
01/10/2025,13,11,14,13:11:14,141,Tahap-1
01/10/2025,13,11,14,13:11:14,101,Tahap-1
01/10/2025,13,11,15,13:11:15,101,Tahap-1
01/10/2025,13,11,15,13:11:15,26,Tahap-1
01/10/2025,13,11,15,13:11:15,155,Tahap-1
01/10/2025,13,11,15,13:11:15,107,Tahap-1
01/10/2025,13,11,15,13:11:15,107,Tahap-1
01/10/2025,13,11,15,13:11:15,331,Tahap-1
01/10/2025,13,11,15,13:11:15,160,Tahap-1
01/10/2025,13,11,15,13:11:15,65,Tahap-1
01/10/2025,13,11,15,13:11:15,153,Tahap-1
01/10/2025,13,11,15,13:11:15,111,Tahap-1
01/10/2025,13,11,16,13:11:16,184,Tahap-1
01/10/2025,13,11,16,13:11:16,111,Tahap-1
01/10/2025,13,11,16,13:11:16,58,Tahap-1
01/10/2025,13,11,16,13:11:16,178,Tahap-1
01/10/2025,13,11,16,13:11:16,419,Tahap-1
01/10/2025,13,11,16,13:11:16,725,Tahap-1
01/10/2025,13,11,16,13:11:16,514,Tahap-1
01/10/2025,13,11,16,13:11:16,350,Tahap-1
01/10/2025,13,11,16,13:11:16,202,Tahap-1
01/10/2025,13,11,16,13:11:16,148,Tahap-1
01/10/2025,13,11,17,13:11:17,154,Tahap-1
01/10/2025,13,11,17,13:11:17,418,Tahap-1
01/10/2025,13,11,17,13:11:17,59,Tahap-1
01/10/2025,13,11,17,13:11:17,82,Tahap-1
01/10/2025,13,11,17,13:11:17,146,Tahap-1
01/10/2025,13,11,17,13:11:17,423,Tahap-1
01/10/2025,13,11,17,13:11:17,1600,Tahap-1
01/10/2025,13,11,17,13:11:17,113,Tahap-1
01/10/2025,13,11,17,13:11:17,114,Tahap-1
01/10/2025,13,11,17,13:11:17,167,Tahap-1
01/10/2025,13,11,18,13:11:18,76,Tahap-1
01/10/2025,13,11,18,13:11:18,67,Tahap-1
01/10/2025,13,11,18,13:11:18,184,Tahap-1
01/10/2025,13,11,18,13:11:18,107,Tahap-1
01/10/2025,13,11,18,13:11:18,117,Tahap-1
01/10/2025,13,11,18,13:11:18,113,Tahap-1
01/10/2025,13,11,18,13:11:18,239,Tahap-1
01/10/2025,13,11,18,13:11:18,247,Tahap-1
01/10/2025,13,11,18,13:11:18,190,Tahap-1
01/10/2025,13,11,18,13:11:18,101,Tahap-1
01/10/2025,13,11,19,13:11:19,229,Tahap-1
01/10/2025,13,11,19,13:11:19,1017,Tahap-1
01/10/2025,13,11,19,13:11:19,132,Tahap-1
01/10/2025,13,11,19,13:11:19,122,Tahap-1
01/10/2025,13,11,19,13:11:19,267,Tahap-1
01/10/2025,13,11,19,13:11:19,252,Tahap-1
01/10/2025,13,11,19,13:11:19,199,Tahap-1
01/10/2025,13,11,19,13:11:19,168,Tahap-1
01/10/2025,13,11,19,13:11:19,312,Tahap-1
01/10/2025,13,11,19,13:11:19,131,Tahap-1
01/10/2025,13,11,20,13:11:20,122,Tahap-1
01/10/2025,13,11,20,13:11:20,97,Tahap-1
01/10/2025,13,11,20,13:11:20,263,Tahap-1
01/10/2025,13,11,20,13:11:20,131,Tahap-1
01/10/2025,13,11,20,13:11:20,228,Tahap-1
01/10/2025,13,11,20,13:11:20,112,Tahap-1
01/10/2025,13,11,20,13:11:20,229,Tahap-1
01/10/2025,13,11,20,13:11:20,206,Tahap-1
01/10/2025,13,11,20,13:11:20,311,Tahap-1
01/10/2025,13,11,20,13:11:20,506,Tahap-1
01/10/2025,13,11,21,13:11:21,284,Tahap-1
01/10/2025,13,11,21,13:11:21,238,Tahap-1
01/10/2025,13,11,21,13:11:21,128,Tahap-1
01/10/2025,13,11,21,13:11:21,544,Tahap-1
01/10/2025,13,11,21,13:11:21,480,Tahap-1
01/10/2025,13,11,21,13:11:21,498,Tahap-1
01/10/2025,13,11,21,13:11:21,252,Tahap-1
01/10/2025,13,11,21,13:11:21,272,Tahap-1
01/10/2025,13,11,21,13:11:21,292,Tahap-1
01/10/2025,13,11,21,13:11:21,164,Tahap-1
01/10/2025,13,11,22,13:11:22,360,Tahap-1
01/10/2025,13,11,22,13:11:22,244,Tahap-1
01/10/2025,13,11,22,13:11:22,292,Tahap-1
01/10/2025,13,11,22,13:11:22,216,Tahap-1
01/10/2025,13,11,22,13:11:22,340,Tahap-1
01/10/2025,13,11,22,13:11:22,72,Tahap-1
01/10/2025,13,11,22,13:11:22,280,Tahap-1
01/10/2025,13,11,22,13:11:22,160,Tahap-1
01/10/2025,13,11,22,13:11:22,228,Tahap-1
01/10/2025,13,11,22,13:11:22,160,Tahap-1
01/10/2025,13,11,23,13:11:23,332,Tahap-1
01/10/2025,13,11,23,13:11:23,100,Tahap-1
01/10/2025,13,11,23,13:11:23,272,Tahap-1
01/10/2025,13,11,23,13:11:23,196,Tahap-1
01/10/2025,13,11,23,13:11:23,128,Tahap-1
01/10/2025,13,11,23,13:11:23,260,Tahap-1
01/10/2025,13,11,23,13:11:23,96,Tahap-1
01/10/2025,13,11,23,13:11:23,128,Tahap-1
01/10/2025,13,11,23,13:11:23,204,Tahap-1
01/10/2025,13,11,23,13:11:23,72,Tahap-1
01/10/2025,13,11,24,13:11:24,204,Tahap-1
01/10/2025,13,11,24,13:11:24,180,Tahap-1
01/10/2025,13,11,24,13:11:24,108,Tahap-1
01/10/2025,13,11,24,13:11:24,112,Tahap-1
01/10/2025,13,11,24,13:11:24,116,Tahap-1
01/10/2025,13,11,24,13:11:24,96,Tahap-1
01/10/2025,13,11,24,13:11:24,40,Tahap-1
01/10/2025,13,11,24,13:11:24,264,Tahap-1
01/10/2025,13,11,24,13:11:24,12,Tahap-1
01/10/2025,13,11,24,13:11:24,84,Tahap-1
01/10/2025,13,11,25,13:11:25,272,Tahap-1
01/10/2025,13,11,25,13:11:25,-40,Tahap-1
01/10/2025,13,11,25,13:11:25,144,Tahap-1
01/10/2025,13,11,25,13:11:25,132,Tahap-1
01/10/2025,13,11,25,13:11:25,4,Tahap-1
01/10/2025,13,11,25,13:11:25,16,Tahap-1
01/10/2025,13,11,25,13:11:25,40,Tahap-1
01/10/2025,13,11,25,13:11:25,48,Tahap-1
01/10/2025,13,11,25,13:11:25,4,Tahap-1
01/10/2025,13,11,25,13:11:25,12,Tahap-1
01/10/2025,13,11,26,13:11:26,68,Tahap-1
01/10/2025,13,11,26,13:11:26,-88,Tahap-1
01/10/2025,13,11,26,13:11:26,12,Tahap-1
01/10/2025,13,11,26,13:11:26,-44,Tahap-1
01/10/2025,13,11,26,13:11:26,80,Tahap-1
01/10/2025,13,11,26,13:11:26,-124,Tahap-1
01/10/2025,13,11,26,13:11:26,-20,Tahap-1
01/10/2025,13,11,26,13:11:26,-28,Tahap-1
01/10/2025,13,11,26,13:11:26,-96,Tahap-1
01/10/2025,13,11,27,13:11:27,76,Tahap-1
01/10/2025,13,11,27,13:11:27,-132,Tahap-1
01/10/2025,13,11,27,13:11:27,-84,Tahap-1
01/10/2025,13,11,27,13:11:27,-84,Tahap-1
01/10/2025,13,11,27,13:11:27,-148,Tahap-1
01/10/2025,13,11,27,13:11:27,-168,Tahap-1
01/10/2025,13,11,27,13:11:27,-16,Tahap-1
01/10/2025,13,11,27,13:11:27,-96,Tahap-1
01/10/2025,13,11,27,13:11:27,-160,Tahap-1
01/10/2025,13,11,27,13:11:27,-160,Tahap-1
01/10/2025,13,11,28,13:11:28,-68,Tahap-1
01/10/2025,13,11,28,13:11:28,-184,Tahap-1
01/10/2025,13,11,28,13:11:28,-124,Tahap-1
01/10/2025,13,11,28,13:11:28,-192,Tahap-1
01/10/2025,13,11,28,13:11:28,-220,Tahap-1
01/10/2025,13,11,28,13:11:28,-252,Tahap-1
01/10/2025,13,11,28,13:11:28,-268,Tahap-1
01/10/2025,13,11,28,13:11:28,-156,Tahap-1
01/10/2025,13,11,28,13:11:28,-208,Tahap-1
01/10/2025,13,11,28,13:11:28,-300,Tahap-1
01/10/2025,13,11,29,13:11:29,-140,Tahap-1
01/10/2025,13,11,29,13:11:29,-296,Tahap-1
01/10/2025,13,11,29,13:11:29,-288,Tahap-1
01/10/2025,13,11,29,13:11:29,-200,Tahap-1
01/10/2025,13,11,29,13:11:29,-264,Tahap-1
01/10/2025,13,11,29,13:11:29,-360,Tahap-1
01/10/2025,13,11,29,13:11:29,-256,Tahap-1
01/10/2025,13,11,29,13:11:29,-288,Tahap-1
01/10/2025,13,11,29,13:11:29,-344,Tahap-1
01/10/2025,13,11,29,13:11:29,-280,Tahap-1
01/10/2025,13,11,30,13:11:30,-240,Tahap-1
01/10/2025,13,11,30,13:11:30,-416,Tahap-1
01/10/2025,13,11,30,13:11:30,-320,Tahap-1
01/10/2025,13,11,30,13:11:30,-344,Tahap-1
01/10/2025,13,11,30,13:11:30,-372,Tahap-1
01/10/2025,13,11,30,13:11:30,-304,Tahap-1
01/10/2025,13,11,30,13:11:30,-368,Tahap-1
01/10/2025,13,11,30,13:11:30,-300,Tahap-1
01/10/2025,13,11,30,13:11:30,-400,Tahap-1
01/10/2025,13,11,30,13:11:30,-352,Tahap-1
01/10/2025,13,11,31,13:11:31,-328,Tahap-1
01/10/2025,13,11,31,13:11:31,-364,Tahap-1
01/10/2025,13,11,31,13:11:31,-380,Tahap-1
01/10/2025,13,11,31,13:11:31,-380,Tahap-1
01/10/2025,13,11,31,13:11:31,-408,Tahap-1
01/10/2025,13,11,31,13:11:31,-432,Tahap-1
01/10/2025,13,11,31,13:11:31,-380,Tahap-1
01/10/2025,13,11,31,13:11:31,-304,Tahap-1
01/10/2025,13,11,31,13:11:31,-572,Tahap-1
01/10/2025,13,11,31,13:11:31,-320,Tahap-1
01/10/2025,13,11,32,13:11:32,-432,Tahap-1
01/10/2025,13,11,32,13:11:32,-512,Tahap-1
01/10/2025,13,11,32,13:11:32,-372,Tahap-1
01/10/2025,13,11,32,13:11:32,-388,Tahap-1
01/10/2025,13,11,32,13:11:32,-528,Tahap-1
01/10/2025,13,11,32,13:11:32,-416,Tahap-1
01/10/2025,13,11,32,13:11:32,-500,Tahap-1
01/10/2025,13,11,32,13:11:32,-392,Tahap-1
01/10/2025,13,11,32,13:11:32,-580,Tahap-1
01/10/2025,13,11,32,13:11:32,-400,Tahap-1
01/10/2025,13,11,33,13:11:33,-520,Tahap-1
01/10/2025,13,11,33,13:11:33,-476,Tahap-1
01/10/2025,13,11,33,13:11:33,-548,Tahap-1
01/10/2025,13,11,33,13:11:33,-492,Tahap-1
01/10/2025,13,11,33,13:11:33,-424,Tahap-1
01/10/2025,13,11,33,13:11:33,-536,Tahap-1
01/10/2025,13,11,33,13:11:33,-484,Tahap-1
01/10/2025,13,11,33,13:11:33,-388,Tahap-1
01/10/2025,13,11,33,13:11:33,-628,Tahap-1
01/10/2025,13,11,33,13:11:33,-420,Tahap-1
01/10/2025,13,11,34,13:11:34,-464,Tahap-1
01/10/2025,13,11,34,13:11:34,-556,Tahap-1
01/10/2025,13,11,34,13:11:34,-520,Tahap-1
01/10/2025,13,11,34,13:11:34,-524,Tahap-1
01/10/2025,13,11,34,13:11:34,-608,Tahap-1
01/10/2025,13,11,58,13:11:58,9596,Tahap-1
01/10/2025,13,11,58,13:11:58,3117,Tahap-1
01/10/2025,13,11,59,13:11:59,2334,Tahap-1
01/10/2025,13,11,59,13:11:59,1831,Tahap-1
01/10/2025,13,11,59,13:11:59,1465,Tahap-1
01/10/2025,13,11,59,13:11:59,1448,Tahap-1
01/10/2025,13,11,59,13:11:59,1071,Tahap-1
01/10/2025,13,11,59,13:11:59,844,Tahap-1
01/10/2025,13,11,59,13:11:59,1295,Tahap-1
01/10/2025,13,11,59,13:11:59,791,Tahap-1
01/10/2025,13,11,59,13:11:59,762,Tahap-1
01/10/2025,13,11,59,13:11:59,663,Tahap-1
01/10/2025,13,12,1,13:12:01,387,Tahap-1
01/10/2025,13,12,1,13:12:01,236,Tahap-1
01/10/2025,13,12,1,13:12:01,313,Tahap-1
01/10/2025,13,12,1,13:12:01,453,Tahap-1
01/10/2025,13,12,1,13:12:01,125,Tahap-1
01/10/2025,13,12,1,13:12:01,353,Tahap-1
01/10/2025,13,12,1,13:12:01,362,Tahap-1
01/10/2025,13,12,1,13:12:01,271,Tahap-1
01/10/2025,13,12,1,13:12:01,181,Tahap-1
01/10/2025,13,12,1,13:12:01,280,Tahap-1
01/10/2025,13,12,2,13:12:02,491,Tahap-1
01/10/2025,13,12,2,13:12:02,219,Tahap-1
01/10/2025,13,12,2,13:12:02,47,Tahap-1
01/10/2025,13,12,2,13:12:02,283,Tahap-1
01/10/2025,13,12,2,13:12:02,293,Tahap-1
01/10/2025,13,12,2,13:12:02,186,Tahap-1
01/10/2025,13,12,2,13:12:02,173,Tahap-1
01/10/2025,13,12,2,13:12:02,171,Tahap-1
01/10/2025,13,12,2,13:12:02,113,Tahap-1
01/10/2025,13,12,2,13:12:02,129,Tahap-1
01/10/2025,13,12,3,13:12:03,230,Tahap-1
01/10/2025,13,12,3,13:12:03,775,Tahap-1
01/10/2025,13,12,3,13:12:03,109,Tahap-1
01/10/2025,13,12,3,13:12:03,127,Tahap-1
01/10/2025,13,12,3,13:12:03,166,Tahap-1
01/10/2025,13,12,3,13:12:03,228,Tahap-1
01/10/2025,13,12,3,13:12:03,68,Tahap-1
01/10/2025,13,12,3,13:12:03,207,Tahap-1
01/10/2025,13,12,3,13:12:03,125,Tahap-1
01/10/2025,13,12,3,13:12:03,58,Tahap-1
01/10/2025,13,12,4,13:12:04,99,Tahap-1
01/10/2025,13,12,4,13:12:04,113,Tahap-1
01/10/2025,13,12,4,13:12:04,11,Tahap-1
01/10/2025,13,12,4,13:12:04,293,Tahap-1
01/10/2025,13,12,4,13:12:04,310,Tahap-1
01/10/2025,13,12,4,13:12:04,169,Tahap-1
01/10/2025,13,12,4,13:12:04,110,Tahap-1
01/10/2025,13,12,4,13:12:04,134,Tahap-1
01/10/2025,13,12,4,13:12:04,322,Tahap-1
01/10/2025,13,12,4,13:12:04,274,Tahap-1
01/10/2025,13,12,5,13:12:05,110,Tahap-1
01/10/2025,13,12,5,13:12:05,158,Tahap-1
01/10/2025,13,12,5,13:12:05,194,Tahap-1
01/10/2025,13,12,5,13:12:05,228,Tahap-1
01/10/2025,13,12,5,13:12:05,126,Tahap-1
01/10/2025,13,12,5,13:12:05,185,Tahap-1
01/10/2025,13,12,5,13:12:05,99,Tahap-1
01/10/2025,13,12,5,13:12:05,166,Tahap-1
01/10/2025,13,12,5,13:12:05,111,Tahap-1
01/10/2025,13,12,5,13:12:05,171,Tahap-1
01/10/2025,13,12,6,13:12:06,311,Tahap-1
01/10/2025,13,12,6,13:12:06,64,Tahap-1
01/10/2025,13,12,6,13:12:06,183,Tahap-1
01/10/2025,13,12,6,13:12:06,169,Tahap-1
01/10/2025,13,12,6,13:12:06,616,Tahap-1
01/10/2025,13,12,6,13:12:06,686,Tahap-1
01/10/2025,13,12,6,13:12:06,178,Tahap-1
01/10/2025,13,12,6,13:12:06,142,Tahap-1
01/10/2025,13,12,6,13:12:06,122,Tahap-1
01/10/2025,13,12,6,13:12:06,125,Tahap-1
01/10/2025,13,12,7,13:12:07,79,Tahap-1
01/10/2025,13,12,7,13:12:07,188,Tahap-1
01/10/2025,13,12,7,13:12:07,302,Tahap-1
01/10/2025,13,12,7,13:12:07,256,Tahap-1
01/10/2025,13,12,7,13:12:07,129,Tahap-1
01/10/2025,13,12,7,13:12:07,1405,Tahap-1
01/10/2025,13,12,7,13:12:07,548,Tahap-1
01/10/2025,13,12,7,13:12:07,296,Tahap-1
01/10/2025,13,12,7,13:12:07,154,Tahap-1
01/10/2025,13,12,7,13:12:07,81,Tahap-1
01/10/2025,13,12,8,13:12:08,290,Tahap-1
01/10/2025,13,12,8,13:12:08,299,Tahap-1
01/10/2025,13,12,8,13:12:08,231,Tahap-1
01/10/2025,13,12,8,13:12:08,192,Tahap-1
01/10/2025,13,12,8,13:12:08,69,Tahap-1
01/10/2025,13,12,8,13:12:08,279,Tahap-1
01/10/2025,13,12,8,13:12:08,66,Tahap-1
01/10/2025,13,12,8,13:12:08,98,Tahap-1
01/10/2025,13,12,8,13:12:08,194,Tahap-1
01/10/2025,13,12,8,13:12:08,344,Tahap-1
01/10/2025,13,12,9,13:12:09,787,Tahap-1
01/10/2025,13,12,9,13:12:09,560,Tahap-1
01/10/2025,13,12,9,13:12:09,432,Tahap-1
01/10/2025,13,12,9,13:12:09,327,Tahap-1
01/10/2025,13,12,9,13:12:09,151,Tahap-1
01/10/2025,13,12,9,13:12:09,62,Tahap-1
01/10/2025,13,12,9,13:12:09,77,Tahap-1
01/10/2025,13,12,9,13:12:09,296,Tahap-1
01/10/2025,13,12,9,13:12:09,57,Tahap-1
01/10/2025,13,12,9,13:12:09,177,Tahap-1
01/10/2025,13,12,10,13:12:10,57,Tahap-1
01/10/2025,13,12,10,13:12:10,291,Tahap-1
01/10/2025,13,12,10,13:12:10,148,Tahap-1
01/10/2025,13,12,10,13:12:10,74,Tahap-1
01/10/2025,13,12,10,13:12:10,55,Tahap-1
01/10/2025,13,12,10,13:12:10,280,Tahap-1
01/10/2025,13,12,10,13:12:10,731,Tahap-1
01/10/2025,13,12,10,13:12:10,799,Tahap-1
01/10/2025,13,12,10,13:12:10,916,Tahap-1
01/10/2025,13,12,10,13:12:10,594,Tahap-1
01/10/2025,13,12,12,13:12:12,627,Tahap-1
01/10/2025,13,12,12,13:12:12,334,Tahap-1
01/10/2025,13,12,12,13:12:12,179,Tahap-1
01/10/2025,13,12,12,13:12:12,616,Tahap-1
01/10/2025,13,12,12,13:12:12,438,Tahap-1
01/10/2025,13,12,12,13:12:12,128,Tahap-1
01/10/2025,13,12,12,13:12:12,-32,Tahap-1
01/10/2025,13,12,12,13:12:12,168,Tahap-1
01/10/2025,13,12,12,13:12:12,-28,Tahap-1
01/10/2025,13,12,12,13:12:12,152,Tahap-1
01/10/2025,13,12,12,13:12:12,-20,Tahap-1
01/10/2025,13,12,12,13:12:12,124,Tahap-1
01/10/2025,13,12,12,13:12:12,20,Tahap-1
01/10/2025,13,12,12,13:12:12,84,Tahap-1
01/10/2025,13,12,12,13:12:12,108,Tahap-1
01/10/2025,13,12,12,13:12:12,-72,Tahap-1
01/10/2025,13,12,12,13:12:12,36,Tahap-1
01/10/2025,13,12,12,13:12:12,32,Tahap-1
01/10/2025,13,12,12,13:12:12,-88,Tahap-1
01/10/2025,13,12,12,13:12:12,144,Tahap-1
01/10/2025,13,12,13,13:12:13,-28,Tahap-1
01/10/2025,13,12,13,13:12:13,-20,Tahap-1
01/10/2025,13,12,13,13:12:13,-28,Tahap-1
01/10/2025,13,12,13,13:12:13,-12,Tahap-1
01/10/2025,13,12,13,13:12:13,-88,Tahap-1
01/10/2025,13,12,13,13:12:13,72,Tahap-1
01/10/2025,13,12,13,13:12:13,-92,Tahap-1
01/10/2025,13,12,13,13:12:13,20,Tahap-1
01/10/2025,13,12,13,13:12:13,24,Tahap-1
01/10/2025,13,12,14,13:12:14,-76,Tahap-1
01/10/2025,13,12,14,13:12:14,36,Tahap-1
01/10/2025,13,12,14,13:12:14,-104,Tahap-1
01/10/2025,13,12,14,13:12:14,-108,Tahap-1
01/10/2025,13,12,14,13:12:14,-72,Tahap-1
01/10/2025,13,12,14,13:12:14,-128,Tahap-1
01/10/2025,13,12,14,13:12:14,-72,Tahap-1
01/10/2025,13,12,14,13:12:14,-88,Tahap-1
01/10/2025,13,12,14,13:12:14,-116,Tahap-1
01/10/2025,13,12,14,13:12:14,-108,Tahap-1
01/10/2025,13,12,15,13:12:15,-176,Tahap-1
01/10/2025,13,12,15,13:12:15,-200,Tahap-1
01/10/2025,13,12,15,13:12:15,-184,Tahap-1
01/10/2025,13,12,15,13:12:15,-104,Tahap-1
01/10/2025,13,12,15,13:12:15,-236,Tahap-1
01/10/2025,13,12,15,13:12:15,-132,Tahap-1
01/10/2025,13,12,15,13:12:15,-84,Tahap-1
01/10/2025,13,12,15,13:12:15,-284,Tahap-1
01/10/2025,13,12,15,13:12:15,-160,Tahap-1
01/10/2025,13,12,15,13:12:15,-84,Tahap-1
01/10/2025,13,12,16,13:12:16,-304,Tahap-1
01/10/2025,13,12,16,13:12:16,-172,Tahap-1
01/10/2025,13,12,16,13:12:16,-228,Tahap-1
01/10/2025,13,12,16,13:12:16,-272,Tahap-1
01/10/2025,13,12,16,13:12:16,-144,Tahap-1
01/10/2025,13,12,16,13:12:16,-212,Tahap-1
01/10/2025,13,12,16,13:12:16,-228,Tahap-1
01/10/2025,13,12,16,13:12:16,-264,Tahap-1
01/10/2025,13,12,16,13:12:16,-156,Tahap-1
01/10/2025,13,12,16,13:12:16,-280,Tahap-1
01/10/2025,13,12,17,13:12:17,-200,Tahap-1
01/10/2025,13,12,17,13:12:17,-240,Tahap-1
01/10/2025,13,12,17,13:12:17,-276,Tahap-1
01/10/2025,13,12,17,13:12:17,-272,Tahap-1
01/10/2025,13,12,17,13:12:17,-284,Tahap-1
01/10/2025,13,12,17,13:12:17,-308,Tahap-1
01/10/2025,13,12,17,13:12:17,-132,Tahap-1
01/10/2025,13,12,17,13:12:17,-392,Tahap-1
01/10/2025,13,12,17,13:12:17,-252,Tahap-1
01/10/2025,13,12,17,13:12:17,-204,Tahap-1
01/10/2025,13,12,18,13:12:18,-356,Tahap-1
01/10/2025,13,12,18,13:12:18,-336,Tahap-1
01/10/2025,13,12,18,13:12:18,-140,Tahap-1
01/10/2025,13,12,18,13:12:18,-408,Tahap-1
01/10/2025,13,12,18,13:12:18,-260,Tahap-1
01/10/2025,13,12,18,13:12:18,-332,Tahap-1
01/10/2025,13,12,18,13:12:18,-264,Tahap-1
01/10/2025,13,12,18,13:12:18,-356,Tahap-1
01/10/2025,13,12,18,13:12:18,-212,Tahap-1
01/10/2025,13,12,18,13:12:18,-308,Tahap-1
01/10/2025,13,12,19,13:12:19,-348,Tahap-1
01/10/2025,13,12,19,13:12:19,-236,Tahap-1
01/10/2025,13,12,19,13:12:19,-296,Tahap-1
01/10/2025,13,12,19,13:12:19,-216,Tahap-1
01/10/2025,13,12,19,13:12:19,-256,Tahap-1
01/10/2025,13,12,19,13:12:19,-336,Tahap-1
01/10/2025,13,12,19,13:12:19,-180,Tahap-1
01/10/2025,13,12,19,13:12:19,-388,Tahap-1
01/10/2025,13,12,19,13:12:19,-260,Tahap-1
01/10/2025,13,12,19,13:12:19,-220,Tahap-1
01/10/2025,13,12,20,13:12:20,-276,Tahap-1
01/10/2025,13,12,20,13:12:20,-376,Tahap-1
01/10/2025,13,12,20,13:12:20,-300,Tahap-1
01/10/2025,13,12,20,13:12:20,-372,Tahap-1
01/10/2025,13,12,20,13:12:20,-340,Tahap-1
01/10/2025,13,12,20,13:12:20,-248,Tahap-1
01/10/2025,13,12,20,13:12:20,-292,Tahap-1
01/10/2025,13,12,20,13:12:20,-492,Tahap-1
01/10/2025,13,12,20,13:12:20,-204,Tahap-1
01/10/2025,13,12,20,13:12:20,-396,Tahap-1
01/10/2025,13,12,21,13:12:21,-364,Tahap-1
01/10/2025,13,12,21,13:12:21,-304,Tahap-1
01/10/2025,13,12,21,13:12:21,-396,Tahap-1
01/10/2025,13,12,21,13:12:21,-388,Tahap-1
01/10/2025,13,12,21,13:12:21,-316,Tahap-1
01/10/2025,13,12,21,13:12:21,-472,Tahap-1
01/10/2025,13,12,21,13:12:21,-292,Tahap-1
01/10/2025,13,12,21,13:12:21,-436,Tahap-1
01/10/2025,13,12,21,13:12:21,-332,Tahap-1
01/10/2025,13,12,21,13:12:21,-416,Tahap-1
01/10/2025,13,12,22,13:12:22,-376,Tahap-1
01/10/2025,13,12,22,13:12:22,-460,Tahap-1
01/10/2025,13,12,22,13:12:22,-308,Tahap-1
01/10/2025,13,12,22,13:12:22,-352,Tahap-1
01/10/2025,13,12,22,13:12:22,-360,Tahap-1
01/10/2025,13,12,22,13:12:22,-316,Tahap-1
01/10/2025,13,12,22,13:12:22,-324,Tahap-1
01/10/2025,13,12,22,13:12:22,-520,Tahap-1
01/10/2025,13,12,22,13:12:22,-224,Tahap-1
01/10/2025,13,12,22,13:12:22,-420,Tahap-1
01/10/2025,13,12,23,13:12:23,-452,Tahap-1
01/10/2025,13,12,23,13:12:23,-348,Tahap-1
01/10/2025,13,12,23,13:12:23,-380,Tahap-1
01/10/2025,13,12,23,13:12:23,-476,Tahap-1
01/10/2025,13,12,23,13:12:23,-320,Tahap-1
01/10/2025,13,12,23,13:12:23,-408,Tahap-1
01/10/2025,13,12,23,13:12:23,-424,Tahap-1
01/10/2025,13,12,23,13:12:23,-452,Tahap-1
01/10/2025,13,12,23,13:12:23,-372,Tahap-1
01/10/2025,13,12,23,13:12:23,-480,Tahap-1
01/10/2025,13,12,24,13:12:24,-368,Tahap-1
01/10/2025,13,12,24,13:12:24,-392,Tahap-1
01/10/2025,13,12,24,13:12:24,-428,Tahap-1
01/10/2025,13,12,24,13:12:24,-416,Tahap-1
01/10/2025,13,12,48,13:12:48,2651,Tahap-1
01/10/2025,13,12,48,13:12:48,2694,Tahap-1
01/10/2025,13,12,48,13:12:48,928,Tahap-1
01/10/2025,13,12,49,13:12:49,1453,Tahap-1
01/10/2025,13,12,49,13:12:49,709,Tahap-1
01/10/2025,13,12,49,13:12:49,1054,Tahap-1
01/10/2025,13,12,49,13:12:49,1039,Tahap-1
01/10/2025,13,12,49,13:12:49,618,Tahap-1
01/10/2025,13,12,49,13:12:49,537,Tahap-1
01/10/2025,13,12,49,13:12:49,450,Tahap-1
01/10/2025,13,12,49,13:12:49,331,Tahap-1
01/10/2025,13,12,49,13:12:49,367,Tahap-1
01/10/2025,13,12,49,13:12:49,440,Tahap-1
01/10/2025,13,12,50,13:12:50,278,Tahap-1
01/10/2025,13,12,50,13:12:50,268,Tahap-1
01/10/2025,13,12,50,13:12:50,220,Tahap-1
01/10/2025,13,12,50,13:12:50,189,Tahap-1
01/10/2025,13,12,50,13:12:50,362,Tahap-1
01/10/2025,13,12,50,13:12:50,231,Tahap-1
01/10/2025,13,12,50,13:12:50,182,Tahap-1
01/10/2025,13,12,50,13:12:50,187,Tahap-1
01/10/2025,13,12,50,13:12:50,227,Tahap-1
01/10/2025,13,12,50,13:12:50,139,Tahap-1
01/10/2025,13,12,51,13:12:51,80,Tahap-1
01/10/2025,13,12,51,13:12:51,150,Tahap-1
01/10/2025,13,12,51,13:12:51,83,Tahap-1
01/10/2025,13,12,51,13:12:51,546,Tahap-1
01/10/2025,13,12,51,13:12:51,106,Tahap-1
01/10/2025,13,12,51,13:12:51,256,Tahap-1
01/10/2025,13,12,51,13:12:51,207,Tahap-1
01/10/2025,13,12,51,13:12:51,185,Tahap-1
01/10/2025,13,12,51,13:12:51,161,Tahap-1
01/10/2025,13,12,51,13:12:51,93,Tahap-1
01/10/2025,13,12,52,13:12:52,69,Tahap-1
01/10/2025,13,12,52,13:12:52,163,Tahap-1
01/10/2025,13,12,52,13:12:52,124,Tahap-1
01/10/2025,13,12,52,13:12:52,115,Tahap-1
01/10/2025,13,12,52,13:12:52,115,Tahap-1
01/10/2025,13,12,52,13:12:52,143,Tahap-1
01/10/2025,13,12,52,13:12:52,155,Tahap-1
01/10/2025,13,12,52,13:12:52,141,Tahap-1
01/10/2025,13,12,52,13:12:52,181,Tahap-1
01/10/2025,13,12,52,13:12:52,135,Tahap-1
01/10/2025,13,12,53,13:12:53,213,Tahap-1
01/10/2025,13,12,53,13:12:53,242,Tahap-1
01/10/2025,13,12,53,13:12:53,96,Tahap-1
01/10/2025,13,12,53,13:12:53,147,Tahap-1
01/10/2025,13,12,53,13:12:53,174,Tahap-1
01/10/2025,13,12,53,13:12:53,155,Tahap-1
01/10/2025,13,12,53,13:12:53,216,Tahap-1
01/10/2025,13,12,53,13:12:53,131,Tahap-1
01/10/2025,13,12,53,13:12:53,2,Tahap-1
01/10/2025,13,12,53,13:12:53,92,Tahap-1
01/10/2025,13,12,54,13:12:54,17,Tahap-1
01/10/2025,13,12,54,13:12:54,31,Tahap-1
01/10/2025,13,12,54,13:12:54,105,Tahap-1
01/10/2025,13,12,54,13:12:54,33,Tahap-1
01/10/2025,13,12,54,13:12:54,22,Tahap-1
01/10/2025,13,12,54,13:12:54,129,Tahap-1
01/10/2025,13,12,54,13:12:54,47,Tahap-1
01/10/2025,13,12,54,13:12:54,21,Tahap-1
01/10/2025,13,12,54,13:12:54,52,Tahap-1
01/10/2025,13,12,54,13:12:54,110,Tahap-1
01/10/2025,13,12,55,13:12:55,143,Tahap-1
01/10/2025,13,12,55,13:12:55,16,Tahap-1
01/10/2025,13,12,55,13:12:55,103,Tahap-1
01/10/2025,13,12,55,13:12:55,18,Tahap-1
01/10/2025,13,12,55,13:12:55,119,Tahap-1
01/10/2025,13,12,55,13:12:55,116,Tahap-1
01/10/2025,13,12,55,13:12:55,82,Tahap-1
01/10/2025,13,12,55,13:12:55,80,Tahap-1
01/10/2025,13,12,55,13:12:55,77,Tahap-1
01/10/2025,13,12,55,13:12:55,228,Tahap-1
01/10/2025,13,12,56,13:12:56,281,Tahap-1
01/10/2025,13,12,56,13:12:56,225,Tahap-1
01/10/2025,13,12,56,13:12:56,239,Tahap-1
01/10/2025,13,12,56,13:12:56,430,Tahap-1
01/10/2025,13,12,56,13:12:56,250,Tahap-1
01/10/2025,13,12,56,13:12:56,336,Tahap-1
01/10/2025,13,12,56,13:12:56,257,Tahap-1
01/10/2025,13,12,56,13:12:56,107,Tahap-1
01/10/2025,13,12,56,13:12:56,220,Tahap-1
01/10/2025,13,12,56,13:12:56,112,Tahap-1
01/10/2025,13,12,57,13:12:57,202,Tahap-1
01/10/2025,13,12,57,13:12:57,155,Tahap-1
01/10/2025,13,12,57,13:12:57,329,Tahap-1
01/10/2025,13,12,57,13:12:57,223,Tahap-1
01/10/2025,13,12,57,13:12:57,497,Tahap-1
01/10/2025,13,12,57,13:12:57,384,Tahap-1
01/10/2025,13,12,57,13:12:57,310,Tahap-1
01/10/2025,13,12,57,13:12:57,196,Tahap-1
01/10/2025,13,12,57,13:12:57,147,Tahap-1
01/10/2025,13,12,57,13:12:57,296,Tahap-1
01/10/2025,13,12,58,13:12:58,111,Tahap-1
01/10/2025,13,12,58,13:12:58,174,Tahap-1
01/10/2025,13,12,58,13:12:58,131,Tahap-1
01/10/2025,13,12,58,13:12:58,131,Tahap-1
01/10/2025,13,12,58,13:12:58,147,Tahap-1
01/10/2025,13,12,58,13:12:58,98,Tahap-1
01/10/2025,13,12,58,13:12:58,224,Tahap-1
01/10/2025,13,12,58,13:12:58,326,Tahap-1
01/10/2025,13,12,58,13:12:58,252,Tahap-1
01/10/2025,13,12,58,13:12:58,85,Tahap-1
01/10/2025,13,12,59,13:12:59,224,Tahap-1
01/10/2025,13,12,59,13:12:59,226,Tahap-1
01/10/2025,13,12,59,13:12:59,813,Tahap-1
01/10/2025,13,12,59,13:12:59,317,Tahap-1
01/10/2025,13,12,59,13:12:59,109,Tahap-1
01/10/2025,13,12,59,13:12:59,224,Tahap-1
01/10/2025,13,12,59,13:12:59,217,Tahap-1
01/10/2025,13,12,59,13:12:59,150,Tahap-1
01/10/2025,13,12,59,13:12:59,204,Tahap-1
01/10/2025,13,12,59,13:12:59,346,Tahap-1
01/10/2025,13,13,1,13:13:01,233,Tahap-1
01/10/2025,13,13,1,13:13:01,322,Tahap-1
01/10/2025,13,13,1,13:13:01,568,Tahap-1
01/10/2025,13,13,1,13:13:01,296,Tahap-1
01/10/2025,13,13,1,13:13:01,16,Tahap-1
01/10/2025,13,13,1,13:13:01,64,Tahap-1
01/10/2025,13,13,1,13:13:01,64,Tahap-1
01/10/2025,13,13,1,13:13:01,-8,Tahap-1
01/10/2025,13,13,1,13:13:01,64,Tahap-1
01/10/2025,13,13,1,13:13:01,12,Tahap-1
01/10/2025,13,13,2,13:13:02,64,Tahap-1
01/10/2025,13,13,2,13:13:02,28,Tahap-1
01/10/2025,13,13,2,13:13:02,-40,Tahap-1
01/10/2025,13,13,2,13:13:02,24,Tahap-1
01/10/2025,13,13,2,13:13:02,-48,Tahap-1
01/10/2025,13,13,2,13:13:02,60,Tahap-1
01/10/2025,13,13,2,13:13:02,-36,Tahap-1
01/10/2025,13,13,2,13:13:02,-16,Tahap-1
01/10/2025,13,13,2,13:13:02,-8,Tahap-1
01/10/2025,13,13,3,13:13:03,-36,Tahap-1
01/10/2025,13,13,3,13:13:03,-44,Tahap-1
01/10/2025,13,13,3,13:13:03,-56,Tahap-1
01/10/2025,13,13,3,13:13:03,-32,Tahap-1
01/10/2025,13,13,3,13:13:03,-132,Tahap-1
01/10/2025,13,13,3,13:13:03,-24,Tahap-1
01/10/2025,13,13,3,13:13:03,-40,Tahap-1
01/10/2025,13,13,3,13:13:03,44,Tahap-1
01/10/2025,13,13,3,13:13:03,-52,Tahap-1
01/10/2025,13,13,4,13:13:04,-52,Tahap-1
01/10/2025,13,13,4,13:13:04,-60,Tahap-1
01/10/2025,13,13,4,13:13:04,-48,Tahap-1
01/10/2025,13,13,4,13:13:04,12,Tahap-1
01/10/2025,13,13,4,13:13:04,-100,Tahap-1
01/10/2025,13,13,4,13:13:04,24,Tahap-1
01/10/2025,13,13,4,13:13:04,-12,Tahap-1
01/10/2025,13,13,4,13:13:04,-40,Tahap-1
01/10/2025,13,13,4,13:13:04,4,Tahap-1
01/10/2025,13,13,4,13:13:04,-16,Tahap-1
01/10/2025,13,13,5,13:13:05,-28,Tahap-1
01/10/2025,13,13,5,13:13:05,-24,Tahap-1
01/10/2025,13,13,5,13:13:05,28,Tahap-1
01/10/2025,13,13,5,13:13:05,-60,Tahap-1
01/10/2025,13,13,5,13:13:05,20,Tahap-1
01/10/2025,13,13,5,13:13:05,64,Tahap-1
01/10/2025,13,13,5,13:13:05,-20,Tahap-1
01/10/2025,13,13,5,13:13:05,4,Tahap-1
01/10/2025,13,13,5,13:13:05,36,Tahap-1
01/10/2025,13,13,5,13:13:05,-8,Tahap-1
01/10/2025,13,13,6,13:13:06,-8,Tahap-1
01/10/2025,13,13,6,13:13:06,8,Tahap-1
01/10/2025,13,13,6,13:13:06,-24,Tahap-1
01/10/2025,13,13,6,13:13:06,-28,Tahap-1
01/10/2025,13,13,6,13:13:06,48,Tahap-1
01/10/2025,13,13,6,13:13:06,-16,Tahap-1
01/10/2025,13,13,6,13:13:06,52,Tahap-1
01/10/2025,13,13,6,13:13:06,32,Tahap-1
01/10/2025,13,13,7,13:13:07,44,Tahap-1
01/10/2025,13,13,7,13:13:07,44,Tahap-1
01/10/2025,13,13,7,13:13:07,36,Tahap-1
01/10/2025,13,13,7,13:13:07,12,Tahap-1
01/10/2025,13,13,7,13:13:07,88,Tahap-1
01/10/2025,13,13,7,13:13:07,-32,Tahap-1
01/10/2025,13,13,7,13:13:07,88,Tahap-1
01/10/2025,13,13,7,13:13:07,88,Tahap-1
01/10/2025,13,13,7,13:13:07,-12,Tahap-1
01/10/2025,13,13,7,13:13:07,88,Tahap-1
01/10/2025,13,13,8,13:13:08,8,Tahap-1
01/10/2025,13,13,8,13:13:08,36,Tahap-1
01/10/2025,13,13,8,13:13:08,64,Tahap-1
01/10/2025,13,13,8,13:13:08,52,Tahap-1
01/10/2025,13,13,8,13:13:08,72,Tahap-1
01/10/2025,13,13,8,13:13:08,56,Tahap-1
01/10/2025,13,13,8,13:13:08,108,Tahap-1
01/10/2025,13,13,8,13:13:08,60,Tahap-1
01/10/2025,13,13,8,13:13:08,92,Tahap-1
01/10/2025,13,13,8,13:13:08,72,Tahap-1
01/10/2025,13,13,9,13:13:09,28,Tahap-1
01/10/2025,13,13,9,13:13:09,92,Tahap-1
01/10/2025,13,13,9,13:13:09,-4,Tahap-1
01/10/2025,13,13,9,13:13:09,172,Tahap-1
01/10/2025,13,13,9,13:13:09,116,Tahap-1
01/10/2025,13,13,9,13:13:09,80,Tahap-1
01/10/2025,13,13,9,13:13:09,172,Tahap-1
01/10/2025,13,13,9,13:13:09,64,Tahap-1
01/10/2025,13,13,9,13:13:09,128,Tahap-1
01/10/2025,13,13,9,13:13:09,72,Tahap-1
01/10/2025,13,13,10,13:13:10,116,Tahap-1
01/10/2025,13,13,10,13:13:10,96,Tahap-1
01/10/2025,13,13,10,13:13:10,116,Tahap-1
01/10/2025,13,13,10,13:13:10,192,Tahap-1
01/10/2025,13,13,10,13:13:10,128,Tahap-1
01/10/2025,13,13,10,13:13:10,152,Tahap-1
01/10/2025,13,13,10,13:13:10,152,Tahap-1
01/10/2025,13,13,10,13:13:10,76,Tahap-1
01/10/2025,13,13,10,13:13:10,120,Tahap-1
01/10/2025,13,13,10,13:13:10,76,Tahap-1
01/10/2025,13,13,12,13:13:12,140,Tahap-1
01/10/2025,13,13,12,13:13:12,120,Tahap-1
01/10/2025,13,13,12,13:13:12,120,Tahap-1
01/10/2025,13,13,12,13:13:12,136,Tahap-1
01/10/2025,13,13,12,13:13:12,68,Tahap-1
01/10/2025,13,13,12,13:13:12,192,Tahap-1
01/10/2025,13,13,12,13:13:12,112,Tahap-1
01/10/2025,13,13,12,13:13:12,104,Tahap-1
01/10/2025,13,13,12,13:13:12,108,Tahap-1
01/10/2025,13,13,12,13:13:12,64,Tahap-1
01/10/2025,13,13,12,13:13:12,176,Tahap-1
01/10/2025,13,13,12,13:13:12,76,Tahap-1
01/10/2025,13,13,12,13:13:12,260,Tahap-1
01/10/2025,13,13,12,13:13:12,120,Tahap-1
01/10/2025,13,13,12,13:13:12,188,Tahap-1
01/10/2025,13,13,12,13:13:12,200,Tahap-1
01/10/2025,13,13,12,13:13:12,208,Tahap-1
01/10/2025,13,13,12,13:13:12,152,Tahap-1
01/10/2025,13,13,12,13:13:12,232,Tahap-1
01/10/2025,13,13,12,13:13:12,184,Tahap-1
01/10/2025,13,13,13,13:13:13,312,Tahap-1
01/10/2025,13,13,13,13:13:13,144,Tahap-1
01/10/2025,13,13,13,13:13:13,408,Tahap-1
01/10/2025,13,13,13,13:13:13,144,Tahap-1
01/10/2025,13,13,13,13:13:13,280,Tahap-1
01/10/2025,13,13,13,13:13:13,276,Tahap-1
01/10/2025,13,13,13,13:13:13,300,Tahap-1
01/10/2025,13,13,13,13:13:13,260,Tahap-1
01/10/2025,13,13,13,13:13:13,256,Tahap-1
01/10/2025,13,13,13,13:13:13,264,Tahap-1
01/10/2025,13,13,14,13:13:14,260,Tahap-1
01/10/2025,13,13,14,13:13:14,148,Tahap-1
01/10/2025,13,13,14,13:13:14,336,Tahap-1
01/10/2025,13,13,38,13:13:38,3707,Tahap-1
01/10/2025,13,13,38,13:13:38,1627,Tahap-1
01/10/2025,13,13,38,13:13:38,1224,Tahap-1
01/10/2025,13,13,38,13:13:38,1487,Tahap-1
01/10/2025,13,13,39,13:13:39,692,Tahap-1
01/10/2025,13,13,39,13:13:39,845,Tahap-1
01/10/2025,13,13,39,13:13:39,415,Tahap-1
01/10/2025,13,13,39,13:13:39,281,Tahap-1
01/10/2025,13,13,39,13:13:39,270,Tahap-1
01/10/2025,13,13,39,13:13:39,323,Tahap-1
01/10/2025,13,13,39,13:13:39,290,Tahap-1
01/10/2025,13,13,39,13:13:39,395,Tahap-1
01/10/2025,13,13,39,13:13:39,303,Tahap-1
01/10/2025,13,13,40,13:13:40,304,Tahap-1
01/10/2025,13,13,40,13:13:40,255,Tahap-1
01/10/2025,13,13,40,13:13:40,275,Tahap-1
01/10/2025,13,13,40,13:13:40,367,Tahap-1
01/10/2025,13,13,40,13:13:40,163,Tahap-1
01/10/2025,13,13,40,13:13:40,132,Tahap-1
01/10/2025,13,13,40,13:13:40,235,Tahap-1
01/10/2025,13,13,40,13:13:40,159,Tahap-1
01/10/2025,13,13,40,13:13:40,111,Tahap-1
01/10/2025,13,13,40,13:13:40,203,Tahap-1
01/10/2025,13,13,40,13:13:40,136,Tahap-1
01/10/2025,13,13,42,13:13:42,239,Tahap-1
01/10/2025,13,13,42,13:13:42,248,Tahap-1
01/10/2025,13,13,42,13:13:42,333,Tahap-1
01/10/2025,13,13,42,13:13:42,102,Tahap-1
01/10/2025,13,13,42,13:13:42,132,Tahap-1
01/10/2025,13,13,42,13:13:42,221,Tahap-1
01/10/2025,13,13,42,13:13:42,217,Tahap-1
01/10/2025,13,13,42,13:13:42,156,Tahap-1
01/10/2025,13,13,42,13:13:42,233,Tahap-1
01/10/2025,13,13,42,13:13:42,293,Tahap-1
01/10/2025,13,13,42,13:13:42,110,Tahap-1
01/10/2025,13,13,42,13:13:42,70,Tahap-1
01/10/2025,13,13,42,13:13:42,262,Tahap-1
01/10/2025,13,13,42,13:13:42,110,Tahap-1
01/10/2025,13,13,42,13:13:42,116,Tahap-1
01/10/2025,13,13,42,13:13:42,158,Tahap-1
01/10/2025,13,13,42,13:13:42,136,Tahap-1
01/10/2025,13,13,42,13:13:42,90,Tahap-1
01/10/2025,13,13,42,13:13:42,172,Tahap-1
01/10/2025,13,13,42,13:13:42,552,Tahap-1
01/10/2025,13,13,43,13:13:43,213,Tahap-1
01/10/2025,13,13,43,13:13:43,74,Tahap-1
01/10/2025,13,13,43,13:13:43,111,Tahap-1
01/10/2025,13,13,43,13:13:43,135,Tahap-1
01/10/2025,13,13,43,13:13:43,163,Tahap-1
01/10/2025,13,13,43,13:13:43,51,Tahap-1
01/10/2025,13,13,43,13:13:43,99,Tahap-1
01/10/2025,13,13,43,13:13:43,85,Tahap-1
01/10/2025,13,13,43,13:13:43,175,Tahap-1
01/10/2025,13,13,43,13:13:43,102,Tahap-1
01/10/2025,13,13,44,13:13:44,168,Tahap-1
01/10/2025,13,13,44,13:13:44,143,Tahap-1
01/10/2025,13,13,44,13:13:44,144,Tahap-1
01/10/2025,13,13,44,13:13:44,57,Tahap-1
01/10/2025,13,13,44,13:13:44,208,Tahap-1
01/10/2025,13,13,44,13:13:44,117,Tahap-1
01/10/2025,13,13,44,13:13:44,239,Tahap-1
01/10/2025,13,13,44,13:13:44,258,Tahap-1
01/10/2025,13,13,44,13:13:44,166,Tahap-1
01/10/2025,13,13,44,13:13:44,126,Tahap-1
01/10/2025,13,13,45,13:13:45,166,Tahap-1
01/10/2025,13,13,45,13:13:45,158,Tahap-1
01/10/2025,13,13,45,13:13:45,137,Tahap-1
01/10/2025,13,13,45,13:13:45,150,Tahap-1
01/10/2025,13,13,45,13:13:45,162,Tahap-1
01/10/2025,13,13,45,13:13:45,64,Tahap-1
01/10/2025,13,13,45,13:13:45,133,Tahap-1
01/10/2025,13,13,45,13:13:45,380,Tahap-1
01/10/2025,13,13,45,13:13:45,146,Tahap-1
01/10/2025,13,13,45,13:13:45,281,Tahap-1
01/10/2025,13,13,46,13:13:46,348,Tahap-1
01/10/2025,13,13,46,13:13:46,691,Tahap-1
01/10/2025,13,13,46,13:13:46,659,Tahap-1
01/10/2025,13,13,46,13:13:46,429,Tahap-1
01/10/2025,13,13,46,13:13:46,296,Tahap-1
01/10/2025,13,13,46,13:13:46,145,Tahap-1
01/10/2025,13,13,46,13:13:46,59,Tahap-1
01/10/2025,13,13,46,13:13:46,24,Tahap-1
01/10/2025,13,13,46,13:13:46,126,Tahap-1
01/10/2025,13,13,46,13:13:46,99,Tahap-1
01/10/2025,13,13,47,13:13:47,172,Tahap-1
01/10/2025,13,13,47,13:13:47,313,Tahap-1
01/10/2025,13,13,47,13:13:47,347,Tahap-1
01/10/2025,13,13,47,13:13:47,1654,Tahap-1
01/10/2025,13,13,47,13:13:47,334,Tahap-1
01/10/2025,13,13,47,13:13:47,78,Tahap-1
01/10/2025,13,13,47,13:13:47,205,Tahap-1
01/10/2025,13,13,47,13:13:47,130,Tahap-1
01/10/2025,13,13,47,13:13:47,100,Tahap-1
01/10/2025,13,13,47,13:13:47,98,Tahap-1
01/10/2025,13,13,48,13:13:48,325,Tahap-1
01/10/2025,13,13,48,13:13:48,114,Tahap-1
01/10/2025,13,13,48,13:13:48,246,Tahap-1
01/10/2025,13,13,48,13:13:48,98,Tahap-1
01/10/2025,13,13,48,13:13:48,194,Tahap-1
01/10/2025,13,13,48,13:13:48,170,Tahap-1
01/10/2025,13,13,48,13:13:48,324,Tahap-1
01/10/2025,13,13,48,13:13:48,601,Tahap-1
01/10/2025,13,13,48,13:13:48,838,Tahap-1
01/10/2025,13,13,48,13:13:48,404,Tahap-1
01/10/2025,13,13,49,13:13:49,264,Tahap-1
01/10/2025,13,13,49,13:13:49,113,Tahap-1
01/10/2025,13,13,49,13:13:49,78,Tahap-1
01/10/2025,13,13,49,13:13:49,111,Tahap-1
01/10/2025,13,13,49,13:13:49,145,Tahap-1
01/10/2025,13,13,49,13:13:49,225,Tahap-1
01/10/2025,13,13,49,13:13:49,127,Tahap-1
01/10/2025,13,13,49,13:13:49,191,Tahap-1
01/10/2025,13,13,49,13:13:49,250,Tahap-1
01/10/2025,13,13,49,13:13:49,156,Tahap-1
01/10/2025,13,13,50,13:13:50,214,Tahap-1
01/10/2025,13,13,50,13:13:50,80,Tahap-1
01/10/2025,13,13,50,13:13:50,213,Tahap-1
01/10/2025,13,13,50,13:13:50,119,Tahap-1
01/10/2025,13,13,50,13:13:50,329,Tahap-1
01/10/2025,13,13,50,13:13:50,285,Tahap-1
01/10/2025,13,13,50,13:13:50,431,Tahap-1
01/10/2025,13,13,50,13:13:50,156,Tahap-1
01/10/2025,13,13,50,13:13:50,561,Tahap-1
01/10/2025,13,13,50,13:13:50,442,Tahap-1
01/10/2025,13,13,51,13:13:51,637,Tahap-1
01/10/2025,13,13,51,13:13:51,584,Tahap-1
01/10/2025,13,13,51,13:13:51,825,Tahap-1
01/10/2025,13,13,51,13:13:51,116,Tahap-1
01/10/2025,13,13,51,13:13:51,8,Tahap-1
01/10/2025,13,13,51,13:13:51,108,Tahap-1
01/10/2025,13,13,51,13:13:51,-72,Tahap-1
01/10/2025,13,13,51,13:13:51,12,Tahap-1
01/10/2025,13,13,51,13:13:51,144,Tahap-1
01/10/2025,13,13,51,13:13:51,84,Tahap-1
01/10/2025,13,13,52,13:13:52,-32,Tahap-1
01/10/2025,13,13,52,13:13:52,196,Tahap-1
01/10/2025,13,13,52,13:13:52,-20,Tahap-1
01/10/2025,13,13,52,13:13:52,52,Tahap-1
01/10/2025,13,13,52,13:13:52,224,Tahap-1
01/10/2025,13,13,52,13:13:52,64,Tahap-1
01/10/2025,13,13,52,13:13:52,148,Tahap-1
01/10/2025,13,13,52,13:13:52,60,Tahap-1
01/10/2025,13,13,52,13:13:52,76,Tahap-1
01/10/2025,13,13,53,13:13:53,100,Tahap-1
01/10/2025,13,13,53,13:13:53,148,Tahap-1
01/10/2025,13,13,53,13:13:53,-20,Tahap-1
01/10/2025,13,13,53,13:13:53,124,Tahap-1
01/10/2025,13,13,53,13:13:53,-24,Tahap-1
01/10/2025,13,13,53,13:13:53,76,Tahap-1
01/10/2025,13,13,53,13:13:53,144,Tahap-1
01/10/2025,13,13,53,13:13:53,-24,Tahap-1
01/10/2025,13,13,53,13:13:53,112,Tahap-1
01/10/2025,13,13,53,13:13:53,44,Tahap-1
01/10/2025,13,13,54,13:13:54,-16,Tahap-1
01/10/2025,13,13,54,13:13:54,144,Tahap-1
01/10/2025,13,13,54,13:13:54,-8,Tahap-1
01/10/2025,13,13,54,13:13:54,-8,Tahap-1
01/10/2025,13,13,54,13:13:54,56,Tahap-1
01/10/2025,13,13,54,13:13:54,-20,Tahap-1
01/10/2025,13,13,54,13:13:54,-72,Tahap-1
01/10/2025,13,13,54,13:13:54,76,Tahap-1
01/10/2025,13,13,54,13:13:54,52,Tahap-1
01/10/2025,13,13,54,13:13:54,-132,Tahap-1
01/10/2025,13,13,55,13:13:55,-44,Tahap-1
01/10/2025,13,13,55,13:13:55,-152,Tahap-1
01/10/2025,13,13,55,13:13:55,32,Tahap-1
01/10/2025,13,13,55,13:13:55,-32,Tahap-1
01/10/2025,13,13,55,13:13:55,-72,Tahap-1
01/10/2025,13,13,55,13:13:55,-32,Tahap-1
01/10/2025,13,13,55,13:13:55,-8,Tahap-1
01/10/2025,13,13,55,13:13:55,-112,Tahap-1
01/10/2025,13,13,55,13:13:55,80,Tahap-1
01/10/2025,13,13,56,13:13:56,-184,Tahap-1
01/10/2025,13,13,56,13:13:56,-16,Tahap-1
01/10/2025,13,13,56,13:13:56,-56,Tahap-1
01/10/2025,13,13,56,13:13:56,-76,Tahap-1
01/10/2025,13,13,56,13:13:56,-128,Tahap-1
01/10/2025,13,13,56,13:13:56,80,Tahap-1
01/10/2025,13,13,56,13:13:56,-124,Tahap-1
01/10/2025,13,13,56,13:13:56,-80,Tahap-1
01/10/2025,13,13,56,13:13:56,32,Tahap-1
01/10/2025,13,13,56,13:13:56,-60,Tahap-1
01/10/2025,13,13,57,13:13:57,-48,Tahap-1
01/10/2025,13,13,57,13:13:57,44,Tahap-1
01/10/2025,13,13,57,13:13:57,-180,Tahap-1
01/10/2025,13,13,57,13:13:57,-80,Tahap-1
01/10/2025,13,13,57,13:13:57,-148,Tahap-1
01/10/2025,13,13,57,13:13:57,-172,Tahap-1
01/10/2025,13,13,57,13:13:57,32,Tahap-1
01/10/2025,13,13,57,13:13:57,-148,Tahap-1
01/10/2025,13,13,57,13:13:57,-40,Tahap-1
01/10/2025,13,13,57,13:13:57,-132,Tahap-1
01/10/2025,13,13,58,13:13:58,-84,Tahap-1
01/10/2025,13,13,58,13:13:58,-200,Tahap-1
01/10/2025,13,13,58,13:13:58,-28,Tahap-1
01/10/2025,13,13,58,13:13:58,-168,Tahap-1
01/10/2025,13,13,58,13:13:58,-160,Tahap-1
01/10/2025,13,13,58,13:13:58,-140,Tahap-1
01/10/2025,13,13,58,13:13:58,-20,Tahap-1
01/10/2025,13,13,58,13:13:58,-172,Tahap-1
01/10/2025,13,13,58,13:13:58,-20,Tahap-1
01/10/2025,13,13,58,13:13:58,-68,Tahap-1
01/10/2025,13,13,59,13:13:59,-132,Tahap-1
01/10/2025,13,13,59,13:13:59,-128,Tahap-1
01/10/2025,13,13,59,13:13:59,-172,Tahap-1
01/10/2025,13,13,59,13:13:59,-88,Tahap-1
01/10/2025,13,13,59,13:13:59,-20,Tahap-1
01/10/2025,13,13,59,13:13:59,-164,Tahap-1
01/10/2025,13,13,59,13:13:59,24,Tahap-1
01/10/2025,13,13,59,13:13:59,-100,Tahap-1
01/10/2025,13,13,59,13:13:59,-88,Tahap-1
01/10/2025,13,13,59,13:13:59,-28,Tahap-1
01/10/2025,13,14,1,13:14:01,-176,Tahap-1
01/10/2025,13,14,1,13:14:01,-44,Tahap-1
01/10/2025,13,14,1,13:14:01,-180,Tahap-1
01/10/2025,13,14,1,13:14:01,-104,Tahap-1
01/10/2025,13,14,1,13:14:01,-152,Tahap-1
01/10/2025,13,14,1,13:14:01,-184,Tahap-1
01/10/2025,13,14,1,13:14:01,-112,Tahap-1
01/10/2025,13,14,1,13:14:01,-200,Tahap-1
01/10/2025,13,14,1,13:14:01,-192,Tahap-1
01/10/2025,13,14,1,13:14:01,-236,Tahap-1
01/10/2025,13,14,2,13:14:02,-208,Tahap-1
01/10/2025,13,14,2,13:14:02,-288,Tahap-1
01/10/2025,13,14,2,13:14:02,-228,Tahap-1
01/10/2025,13,14,2,13:14:02,-112,Tahap-1
01/10/2025,13,14,2,13:14:02,-348,Tahap-1
01/10/2025,13,14,2,13:14:02,-232,Tahap-1
01/10/2025,13,14,2,13:14:02,-188,Tahap-1
01/10/2025,13,14,2,13:14:02,-284,Tahap-1
01/10/2025,13,14,2,13:14:02,-160,Tahap-1
01/10/2025,13,14,2,13:14:02,-152,Tahap-1
01/10/2025,13,14,3,13:14:03,-292,Tahap-1
01/10/2025,13,14,3,13:14:03,-160,Tahap-1
01/10/2025,13,14,3,13:14:03,-244,Tahap-1
01/10/2025,13,14,3,13:14:03,-180,Tahap-1
01/10/2025,13,14,3,13:14:03,-288,Tahap-1
01/10/2025,13,14,3,13:14:03,-188,Tahap-1
01/10/2025,13,14,3,13:14:03,-192,Tahap-1
01/10/2025,13,14,3,13:14:03,-280,Tahap-1
01/10/2025,13,14,3,13:14:03,-228,Tahap-1
01/10/2025,13,14,3,13:14:03,-288,Tahap-1
01/10/2025,13,14,4,13:14:04,-148,Tahap-1
01/10/2025,13,14,4,13:14:04,-292,Tahap-1
01/10/2025,13,14,28,13:14:28,8875,Tahap-1
01/10/2025,13,14,28,13:14:28,3889,Tahap-1
01/10/2025,13,14,28,13:14:28,3195,Tahap-1
01/10/2025,13,14,28,13:14:28,2219,Tahap-1
01/10/2025,13,14,29,13:14:29,943,Tahap-1
01/10/2025,13,14,29,13:14:29,1353,Tahap-1
01/10/2025,13,14,29,13:14:29,1520,Tahap-1
01/10/2025,13,14,29,13:14:29,1009,Tahap-1
01/10/2025,13,14,29,13:14:29,1222,Tahap-1
01/10/2025,13,14,29,13:14:29,787,Tahap-1
01/10/2025,13,14,29,13:14:29,636,Tahap-1
01/10/2025,13,14,29,13:14:29,598,Tahap-1
01/10/2025,13,14,29,13:14:29,609,Tahap-1
01/10/2025,13,14,29,13:14:29,664,Tahap-1
01/10/2025,13,14,30,13:14:30,641,Tahap-1
01/10/2025,13,14,30,13:14:30,683,Tahap-1
01/10/2025,13,14,30,13:14:30,433,Tahap-1
01/10/2025,13,14,30,13:14:30,505,Tahap-1
01/10/2025,13,14,30,13:14:30,427,Tahap-1
01/10/2025,13,14,30,13:14:30,432,Tahap-1
01/10/2025,13,14,30,13:14:30,405,Tahap-1
01/10/2025,13,14,30,13:14:30,386,Tahap-1
01/10/2025,13,14,30,13:14:30,361,Tahap-1
01/10/2025,13,14,30,13:14:30,336,Tahap-1
01/10/2025,13,14,31,13:14:31,330,Tahap-1
01/10/2025,13,14,31,13:14:31,437,Tahap-1
01/10/2025,13,14,31,13:14:31,293,Tahap-1
01/10/2025,13,14,31,13:14:31,314,Tahap-1
01/10/2025,13,14,31,13:14:31,232,Tahap-1
01/10/2025,13,14,31,13:14:31,436,Tahap-1
01/10/2025,13,14,31,13:14:31,340,Tahap-1
01/10/2025,13,14,31,13:14:31,288,Tahap-1
01/10/2025,13,14,31,13:14:31,258,Tahap-1
01/10/2025,13,14,31,13:14:31,197,Tahap-1
01/10/2025,13,14,31,13:14:31,312,Tahap-1
01/10/2025,13,14,32,13:14:32,270,Tahap-1
01/10/2025,13,14,32,13:14:32,232,Tahap-1
01/10/2025,13,14,32,13:14:32,193,Tahap-1
01/10/2025,13,14,32,13:14:32,175,Tahap-1
01/10/2025,13,14,32,13:14:32,290,Tahap-1
01/10/2025,13,14,32,13:14:32,326,Tahap-1
01/10/2025,13,14,32,13:14:32,236,Tahap-1
01/10/2025,13,14,32,13:14:32,159,Tahap-1
01/10/2025,13,14,32,13:14:32,449,Tahap-1
01/10/2025,13,14,32,13:14:32,291,Tahap-1
01/10/2025,13,14,33,13:14:33,207,Tahap-1
01/10/2025,13,14,33,13:14:33,122,Tahap-1
01/10/2025,13,14,33,13:14:33,143,Tahap-1
01/10/2025,13,14,33,13:14:33,167,Tahap-1
01/10/2025,13,14,33,13:14:33,169,Tahap-1
01/10/2025,13,14,33,13:14:33,183,Tahap-1
01/10/2025,13,14,33,13:14:33,182,Tahap-1
01/10/2025,13,14,33,13:14:33,153,Tahap-1
01/10/2025,13,14,33,13:14:33,190,Tahap-1
01/10/2025,13,14,33,13:14:33,87,Tahap-1
01/10/2025,13,14,34,13:14:34,49,Tahap-1
01/10/2025,13,14,34,13:14:34,121,Tahap-1
01/10/2025,13,14,34,13:14:34,198,Tahap-1
01/10/2025,13,14,34,13:14:34,96,Tahap-1
01/10/2025,13,14,34,13:14:34,110,Tahap-1
01/10/2025,13,14,34,13:14:34,161,Tahap-1
01/10/2025,13,14,34,13:14:34,197,Tahap-1
01/10/2025,13,14,34,13:14:34,43,Tahap-1
01/10/2025,13,14,34,13:14:34,248,Tahap-1
01/10/2025,13,14,34,13:14:34,203,Tahap-1
01/10/2025,13,14,35,13:14:35,294,Tahap-1
01/10/2025,13,14,35,13:14:35,58,Tahap-1
01/10/2025,13,14,35,13:14:35,127,Tahap-1
01/10/2025,13,14,35,13:14:35,194,Tahap-1
01/10/2025,13,14,35,13:14:35,211,Tahap-1
01/10/2025,13,14,35,13:14:35,76,Tahap-1
01/10/2025,13,14,35,13:14:35,58,Tahap-1
01/10/2025,13,14,35,13:14:35,270,Tahap-1
01/10/2025,13,14,35,13:14:35,140,Tahap-1
01/10/2025,13,14,35,13:14:35,181,Tahap-1
01/10/2025,13,14,36,13:14:36,115,Tahap-1
01/10/2025,13,14,36,13:14:36,1064,Tahap-1
01/10/2025,13,14,36,13:14:36,111,Tahap-1
01/10/2025,13,14,36,13:14:36,174,Tahap-1
01/10/2025,13,14,36,13:14:36,153,Tahap-1
01/10/2025,13,14,36,13:14:36,121,Tahap-1
01/10/2025,13,14,36,13:14:36,188,Tahap-1
01/10/2025,13,14,36,13:14:36,251,Tahap-1
01/10/2025,13,14,36,13:14:36,112,Tahap-1
01/10/2025,13,14,36,13:14:36,284,Tahap-1
01/10/2025,13,14,37,13:14:37,425,Tahap-1
01/10/2025,13,14,37,13:14:37,773,Tahap-1
01/10/2025,13,14,37,13:14:37,1780,Tahap-1
01/10/2025,13,14,37,13:14:37,494,Tahap-1
01/10/2025,13,14,37,13:14:37,105,Tahap-1
01/10/2025,13,14,37,13:14:37,100,Tahap-1
01/10/2025,13,14,37,13:14:37,197,Tahap-1
01/10/2025,13,14,37,13:14:37,156,Tahap-1
01/10/2025,13,14,37,13:14:37,209,Tahap-1
01/10/2025,13,14,37,13:14:37,75,Tahap-1
01/10/2025,13,14,38,13:14:38,52,Tahap-1
01/10/2025,13,14,38,13:14:38,101,Tahap-1
01/10/2025,13,14,38,13:14:38,302,Tahap-1
01/10/2025,13,14,38,13:14:38,98,Tahap-1
01/10/2025,13,14,38,13:14:38,124,Tahap-1
01/10/2025,13,14,38,13:14:38,60,Tahap-1
01/10/2025,13,14,38,13:14:38,293,Tahap-1
01/10/2025,13,14,38,13:14:38,905,Tahap-1
01/10/2025,13,14,38,13:14:38,41,Tahap-1
01/10/2025,13,14,38,13:14:38,335,Tahap-1
01/10/2025,13,14,39,13:14:39,168,Tahap-1
01/10/2025,13,14,39,13:14:39,70,Tahap-1
01/10/2025,13,14,39,13:14:39,175,Tahap-1
01/10/2025,13,14,39,13:14:39,237,Tahap-1
01/10/2025,13,14,39,13:14:39,275,Tahap-1
01/10/2025,13,14,39,13:14:39,164,Tahap-1
01/10/2025,13,14,39,13:14:39,49,Tahap-1
01/10/2025,13,14,39,13:14:39,121,Tahap-1
01/10/2025,13,14,39,13:14:39,107,Tahap-1
01/10/2025,13,14,39,13:14:39,154,Tahap-1
01/10/2025,13,14,40,13:14:40,80,Tahap-1
01/10/2025,13,14,40,13:14:40,91,Tahap-1
01/10/2025,13,14,40,13:14:40,354,Tahap-1
01/10/2025,13,14,40,13:14:40,266,Tahap-1
01/10/2025,13,14,40,13:14:40,487,Tahap-1
01/10/2025,13,14,40,13:14:40,659,Tahap-1
01/10/2025,13,14,40,13:14:40,198,Tahap-1
01/10/2025,13,14,40,13:14:40,249,Tahap-1
01/10/2025,13,14,40,13:14:40,253,Tahap-1
01/10/2025,13,14,40,13:14:40,171,Tahap-1
01/10/2025,13,14,42,13:14:42,696,Tahap-1
01/10/2025,13,14,42,13:14:42,1253,Tahap-1
01/10/2025,13,14,42,13:14:42,16,Tahap-1
01/10/2025,13,14,42,13:14:42,24,Tahap-1
01/10/2025,13,14,42,13:14:42,52,Tahap-1
01/10/2025,13,14,42,13:14:42,-26,Tahap-1
01/10/2025,13,14,42,13:14:42,28,Tahap-1
01/10/2025,13,14,42,13:14:42,36,Tahap-1
01/10/2025,13,14,42,13:14:42,2,Tahap-1
01/10/2025,13,14,42,13:14:42,128,Tahap-1
01/10/2025,13,14,42,13:14:42,-32,Tahap-1
01/10/2025,13,14,42,13:14:42,52,Tahap-1
01/10/2025,13,14,42,13:14:42,34,Tahap-1
01/10/2025,13,14,42,13:14:42,22,Tahap-1
01/10/2025,13,14,42,13:14:42,46,Tahap-1
01/10/2025,13,14,42,13:14:42,58,Tahap-1
01/10/2025,13,14,42,13:14:42,38,Tahap-1
01/10/2025,13,14,42,13:14:42,48,Tahap-1
01/10/2025,13,14,42,13:14:42,44,Tahap-1
01/10/2025,13,14,43,13:14:43,36,Tahap-1
01/10/2025,13,14,43,13:14:43,50,Tahap-1
01/10/2025,13,14,43,13:14:43,84,Tahap-1
01/10/2025,13,14,43,13:14:43,4,Tahap-1
01/10/2025,13,14,43,13:14:43,52,Tahap-1
01/10/2025,13,14,43,13:14:43,38,Tahap-1
01/10/2025,13,14,43,13:14:43,28,Tahap-1
01/10/2025,13,14,43,13:14:43,120,Tahap-1
01/10/2025,13,14,43,13:14:43,40,Tahap-1
01/10/2025,13,14,43,13:14:43,46,Tahap-1
01/10/2025,13,14,44,13:14:44,116,Tahap-1
01/10/2025,13,14,44,13:14:44,28,Tahap-1
01/10/2025,13,14,44,13:14:44,42,Tahap-1
01/10/2025,13,14,44,13:14:44,112,Tahap-1
01/10/2025,13,14,44,13:14:44,56,Tahap-1
01/10/2025,13,14,44,13:14:44,50,Tahap-1
01/10/2025,13,14,44,13:14:44,116,Tahap-1
01/10/2025,13,14,44,13:14:44,76,Tahap-1
01/10/2025,13,14,44,13:14:44,58,Tahap-1
01/10/2025,13,14,44,13:14:44,106,Tahap-1
01/10/2025,13,14,45,13:14:45,126,Tahap-1
01/10/2025,13,14,45,13:14:45,40,Tahap-1
01/10/2025,13,14,45,13:14:45,146,Tahap-1
01/10/2025,13,14,45,13:14:45,62,Tahap-1
01/10/2025,13,14,45,13:14:45,98,Tahap-1
01/10/2025,13,14,45,13:14:45,126,Tahap-1
01/10/2025,13,14,45,13:14:45,70,Tahap-1
01/10/2025,13,14,45,13:14:45,132,Tahap-1
01/10/2025,13,14,45,13:14:45,76,Tahap-1
01/10/2025,13,14,45,13:14:45,44,Tahap-1
01/10/2025,13,14,46,13:14:46,160,Tahap-1
01/10/2025,13,14,46,13:14:46,72,Tahap-1
01/10/2025,13,14,46,13:14:46,74,Tahap-1
01/10/2025,13,14,46,13:14:46,94,Tahap-1
01/10/2025,13,14,46,13:14:46,92,Tahap-1
01/10/2025,13,14,46,13:14:46,40,Tahap-1
01/10/2025,13,14,46,13:14:46,130,Tahap-1
01/10/2025,13,14,46,13:14:46,122,Tahap-1
01/10/2025,13,14,46,13:14:46,14,Tahap-1
01/10/2025,13,14,46,13:14:46,112,Tahap-1
01/10/2025,13,14,47,13:14:47,106,Tahap-1
01/10/2025,13,14,47,13:14:47,44,Tahap-1
01/10/2025,13,14,47,13:14:47,138,Tahap-1
01/10/2025,13,14,47,13:14:47,102,Tahap-1
01/10/2025,13,14,47,13:14:47,60,Tahap-1
01/10/2025,13,14,47,13:14:47,106,Tahap-1
01/10/2025,13,14,47,13:14:47,82,Tahap-1
01/10/2025,13,14,47,13:14:47,92,Tahap-1
01/10/2025,13,14,47,13:14:47,122,Tahap-1
01/10/2025,13,14,47,13:14:47,80,Tahap-1
01/10/2025,13,14,48,13:14:48,80,Tahap-1
01/10/2025,13,14,48,13:14:48,92,Tahap-1
01/10/2025,13,14,48,13:14:48,68,Tahap-1
01/10/2025,13,14,48,13:14:48,116,Tahap-1
01/10/2025,13,14,48,13:14:48,120,Tahap-1
01/10/2025,13,14,48,13:14:48,56,Tahap-1
01/10/2025,13,14,48,13:14:48,84,Tahap-1
01/10/2025,13,14,48,13:14:48,138,Tahap-1
01/10/2025,13,14,48,13:14:48,50,Tahap-1
01/10/2025,13,14,48,13:14:48,104,Tahap-1
01/10/2025,13,14,49,13:14:49,166,Tahap-1
01/10/2025,13,14,49,13:14:49,46,Tahap-1
01/10/2025,13,14,49,13:14:49,122,Tahap-1
01/10/2025,13,14,49,13:14:49,118,Tahap-1
01/10/2025,13,14,49,13:14:49,80,Tahap-1
01/10/2025,13,14,49,13:14:49,140,Tahap-1
01/10/2025,13,14,49,13:14:49,156,Tahap-1
01/10/2025,13,14,49,13:14:49,112,Tahap-1
01/10/2025,13,14,49,13:14:49,144,Tahap-1
01/10/2025,13,14,49,13:14:49,110,Tahap-1
01/10/2025,13,14,50,13:14:50,154,Tahap-1
01/10/2025,13,14,50,13:14:50,154,Tahap-1
01/10/2025,13,14,50,13:14:50,192,Tahap-1
01/10/2025,13,14,50,13:14:50,112,Tahap-1
01/10/2025,13,14,50,13:14:50,182,Tahap-1
01/10/2025,13,14,50,13:14:50,144,Tahap-1
01/10/2025,13,14,50,13:14:50,138,Tahap-1
01/10/2025,13,14,50,13:14:50,228,Tahap-1
01/10/2025,13,14,50,13:14:50,120,Tahap-1
01/10/2025,13,14,50,13:14:50,142,Tahap-1
01/10/2025,13,14,51,13:14:51,186,Tahap-1
01/10/2025,13,14,51,13:14:51,122,Tahap-1
01/10/2025,13,14,51,13:14:51,152,Tahap-1
01/10/2025,13,14,51,13:14:51,234,Tahap-1
01/10/2025,13,14,51,13:14:51,108,Tahap-1
01/10/2025,13,14,51,13:14:51,166,Tahap-1
01/10/2025,13,14,51,13:14:51,184,Tahap-1
01/10/2025,13,14,51,13:14:51,176,Tahap-1
01/10/2025,13,14,51,13:14:51,144,Tahap-1
01/10/2025,13,14,51,13:14:51,226,Tahap-1
01/10/2025,13,14,52,13:14:52,170,Tahap-1
01/10/2025,13,14,52,13:14:52,156,Tahap-1
01/10/2025,13,14,52,13:14:52,206,Tahap-1
01/10/2025,13,14,52,13:14:52,170,Tahap-1
01/10/2025,13,14,52,13:14:52,186,Tahap-1
01/10/2025,13,14,52,13:14:52,236,Tahap-1
01/10/2025,13,14,52,13:14:52,140,Tahap-1
01/10/2025,13,14,52,13:14:52,240,Tahap-1
01/10/2025,13,14,52,13:14:52,158,Tahap-1
01/10/2025,13,14,52,13:14:52,202,Tahap-1
01/10/2025,13,14,53,13:14:53,216,Tahap-1
01/10/2025,13,14,53,13:14:53,200,Tahap-1
01/10/2025,13,14,53,13:14:53,198,Tahap-1
01/10/2025,13,14,53,13:14:53,234,Tahap-1
01/10/2025,13,14,53,13:14:53,200,Tahap-1
01/10/2025,13,14,53,13:14:53,190,Tahap-1
01/10/2025,13,14,53,13:14:53,258,Tahap-1
01/10/2025,13,14,53,13:14:53,252,Tahap-1
01/10/2025,13,14,53,13:14:53,160,Tahap-1
01/10/2025,13,14,53,13:14:53,286,Tahap-1
01/10/2025,13,14,54,13:14:54,200,Tahap-1
01/10/2025,13,15,18,13:15:18,5029,Tahap-1
01/10/2025,13,15,18,13:15:18,2080,Tahap-1
01/10/2025,13,15,18,13:15:18,1189,Tahap-1
01/10/2025,13,15,18,13:15:18,702,Tahap-1
01/10/2025,13,15,18,13:15:18,832,Tahap-1
01/10/2025,13,15,19,13:15:19,736,Tahap-1
01/10/2025,13,15,19,13:15:19,420,Tahap-1
01/10/2025,13,15,19,13:15:19,584,Tahap-1
01/10/2025,13,15,19,13:15:19,631,Tahap-1
01/10/2025,13,15,19,13:15:19,341,Tahap-1
01/10/2025,13,15,19,13:15:19,393,Tahap-1
01/10/2025,13,15,19,13:15:19,366,Tahap-1
01/10/2025,13,15,19,13:15:19,328,Tahap-1
01/10/2025,13,15,19,13:15:19,260,Tahap-1
01/10/2025,13,15,19,13:15:19,252,Tahap-1
01/10/2025,13,15,20,13:15:20,270,Tahap-1
01/10/2025,13,15,20,13:15:20,270,Tahap-1
01/10/2025,13,15,20,13:15:20,168,Tahap-1
01/10/2025,13,15,20,13:15:20,164,Tahap-1
01/10/2025,13,15,20,13:15:20,218,Tahap-1
01/10/2025,13,15,20,13:15:20,260,Tahap-1
01/10/2025,13,15,20,13:15:20,153,Tahap-1
01/10/2025,13,15,20,13:15:20,138,Tahap-1
01/10/2025,13,15,20,13:15:20,209,Tahap-1
01/10/2025,13,15,20,13:15:20,200,Tahap-1
01/10/2025,13,15,21,13:15:21,160,Tahap-1
01/10/2025,13,15,21,13:15:21,165,Tahap-1
01/10/2025,13,15,21,13:15:21,298,Tahap-1
01/10/2025,13,15,21,13:15:21,254,Tahap-1
01/10/2025,13,15,21,13:15:21,158,Tahap-1
01/10/2025,13,15,21,13:15:21,51,Tahap-1
01/10/2025,13,15,21,13:15:21,118,Tahap-1
01/10/2025,13,15,21,13:15:21,224,Tahap-1
01/10/2025,13,15,21,13:15:21,166,Tahap-1
01/10/2025,13,15,21,13:15:21,159,Tahap-1
01/10/2025,13,15,22,13:15:22,173,Tahap-1
01/10/2025,13,15,22,13:15:22,119,Tahap-1
01/10/2025,13,15,22,13:15:22,147,Tahap-1
01/10/2025,13,15,22,13:15:22,121,Tahap-1
01/10/2025,13,15,22,13:15:22,171,Tahap-1
01/10/2025,13,15,22,13:15:22,120,Tahap-1
01/10/2025,13,15,22,13:15:22,121,Tahap-1
01/10/2025,13,15,22,13:15:22,323,Tahap-1
01/10/2025,13,15,22,13:15:22,429,Tahap-1
01/10/2025,13,15,22,13:15:22,161,Tahap-1
01/10/2025,13,15,23,13:15:23,107,Tahap-1
01/10/2025,13,15,23,13:15:23,107,Tahap-1
01/10/2025,13,15,23,13:15:23,71,Tahap-1
01/10/2025,13,15,23,13:15:23,99,Tahap-1
01/10/2025,13,15,23,13:15:23,99,Tahap-1
01/10/2025,13,15,23,13:15:23,138,Tahap-1
01/10/2025,13,15,23,13:15:23,90,Tahap-1
01/10/2025,13,15,23,13:15:23,131,Tahap-1
01/10/2025,13,15,23,13:15:23,62,Tahap-1
01/10/2025,13,15,23,13:15:23,86,Tahap-1
01/10/2025,13,15,24,13:15:24,90,Tahap-1
01/10/2025,13,15,24,13:15:24,84,Tahap-1
01/10/2025,13,15,24,13:15:24,37,Tahap-1
01/10/2025,13,15,24,13:15:24,130,Tahap-1
01/10/2025,13,15,24,13:15:24,74,Tahap-1
01/10/2025,13,15,24,13:15:24,46,Tahap-1
01/10/2025,13,15,24,13:15:24,38,Tahap-1
01/10/2025,13,15,24,13:15:24,83,Tahap-1
01/10/2025,13,15,24,13:15:24,82,Tahap-1
01/10/2025,13,15,24,13:15:24,126,Tahap-1
01/10/2025,13,15,25,13:15:25,149,Tahap-1
01/10/2025,13,15,25,13:15:25,181,Tahap-1
01/10/2025,13,15,25,13:15:25,56,Tahap-1
01/10/2025,13,15,25,13:15:25,52,Tahap-1
01/10/2025,13,15,25,13:15:25,161,Tahap-1
01/10/2025,13,15,25,13:15:25,257,Tahap-1
01/10/2025,13,15,25,13:15:25,125,Tahap-1
01/10/2025,13,15,25,13:15:25,151,Tahap-1
01/10/2025,13,15,25,13:15:25,23,Tahap-1
01/10/2025,13,15,25,13:15:25,100,Tahap-1
01/10/2025,13,15,25,13:15:25,258,Tahap-1
01/10/2025,13,15,26,13:15:26,1179,Tahap-1
01/10/2025,13,15,26,13:15:26,255,Tahap-1
01/10/2025,13,15,26,13:15:26,85,Tahap-1
01/10/2025,13,15,26,13:15:26,103,Tahap-1
01/10/2025,13,15,26,13:15:26,49,Tahap-1
01/10/2025,13,15,26,13:15:26,53,Tahap-1
01/10/2025,13,15,26,13:15:26,222,Tahap-1
01/10/2025,13,15,26,13:15:26,282,Tahap-1
01/10/2025,13,15,26,13:15:26,103,Tahap-1
01/10/2025,13,15,26,13:15:26,214,Tahap-1
01/10/2025,13,15,27,13:15:27,1164,Tahap-1
01/10/2025,13,15,27,13:15:27,1362,Tahap-1
01/10/2025,13,15,27,13:15:27,684,Tahap-1
01/10/2025,13,15,27,13:15:27,458,Tahap-1
01/10/2025,13,15,27,13:15:27,378,Tahap-1
01/10/2025,13,15,27,13:15:27,203,Tahap-1
01/10/2025,13,15,27,13:15:27,113,Tahap-1
01/10/2025,13,15,27,13:15:27,119,Tahap-1
01/10/2025,13,15,27,13:15:27,167,Tahap-1
01/10/2025,13,15,27,13:15:27,305,Tahap-1
01/10/2025,13,15,28,13:15:28,354,Tahap-1
01/10/2025,13,15,28,13:15:28,296,Tahap-1
01/10/2025,13,15,28,13:15:28,123,Tahap-1
01/10/2025,13,15,28,13:15:28,70,Tahap-1
01/10/2025,13,15,28,13:15:28,217,Tahap-1
01/10/2025,13,15,28,13:15:28,944,Tahap-1
01/10/2025,13,15,28,13:15:28,740,Tahap-1
01/10/2025,13,15,28,13:15:28,543,Tahap-1
01/10/2025,13,15,28,13:15:28,502,Tahap-1
01/10/2025,13,15,28,13:15:28,104,Tahap-1
01/10/2025,13,15,29,13:15:29,144,Tahap-1
01/10/2025,13,15,29,13:15:29,91,Tahap-1
01/10/2025,13,15,29,13:15:29,198,Tahap-1
01/10/2025,13,15,29,13:15:29,151,Tahap-1
01/10/2025,13,15,29,13:15:29,190,Tahap-1
01/10/2025,13,15,29,13:15:29,158,Tahap-1
01/10/2025,13,15,29,13:15:29,335,Tahap-1
01/10/2025,13,15,29,13:15:29,206,Tahap-1
01/10/2025,13,15,29,13:15:29,53,Tahap-1
01/10/2025,13,15,29,13:15:29,137,Tahap-1
01/10/2025,13,15,30,13:15:30,96,Tahap-1
01/10/2025,13,15,30,13:15:30,64,Tahap-1
01/10/2025,13,15,30,13:15:30,99,Tahap-1
01/10/2025,13,15,30,13:15:30,219,Tahap-1
01/10/2025,13,15,30,13:15:30,332,Tahap-1
01/10/2025,13,15,30,13:15:30,70,Tahap-1
01/10/2025,13,15,30,13:15:30,301,Tahap-1
01/10/2025,13,15,30,13:15:30,391,Tahap-1
01/10/2025,13,15,30,13:15:30,650,Tahap-1
01/10/2025,13,15,30,13:15:30,308,Tahap-1
01/10/2025,13,15,31,13:15:31,662,Tahap-1
01/10/2025,13,15,31,13:15:31,120,Tahap-1
01/10/2025,13,15,31,13:15:31,-28,Tahap-1
01/10/2025,13,15,31,13:15:31,-4,Tahap-1
01/10/2025,13,15,31,13:15:31,-4,Tahap-1
01/10/2025,13,15,31,13:15:31,-8,Tahap-1
01/10/2025,13,15,31,13:15:31,40,Tahap-1
01/10/2025,13,15,31,13:15:31,36,Tahap-1
01/10/2025,13,15,31,13:15:31,-108,Tahap-1
01/10/2025,13,15,31,13:15:31,124,Tahap-1
01/10/2025,13,15,32,13:15:32,-104,Tahap-1
01/10/2025,13,15,32,13:15:32,-52,Tahap-1
01/10/2025,13,15,32,13:15:32,60,Tahap-1
01/10/2025,13,15,32,13:15:32,28,Tahap-1
01/10/2025,13,15,32,13:15:32,-128,Tahap-1
01/10/2025,13,15,32,13:15:32,60,Tahap-1
01/10/2025,13,15,32,13:15:32,-16,Tahap-1
01/10/2025,13,15,32,13:15:32,-76,Tahap-1
01/10/2025,13,15,32,13:15:32,8,Tahap-1
01/10/2025,13,15,32,13:15:32,88,Tahap-1
01/10/2025,13,15,33,13:15:33,-148,Tahap-1
01/10/2025,13,15,33,13:15:33,-8,Tahap-1
01/10/2025,13,15,33,13:15:33,-72,Tahap-1
01/10/2025,13,15,33,13:15:33,-104,Tahap-1
01/10/2025,13,15,33,13:15:33,12,Tahap-1
01/10/2025,13,15,33,13:15:33,-56,Tahap-1
01/10/2025,13,15,33,13:15:33,-92,Tahap-1
01/10/2025,13,15,33,13:15:33,8,Tahap-1
01/10/2025,13,15,33,13:15:33,-184,Tahap-1
01/10/2025,13,15,33,13:15:33,8,Tahap-1
01/10/2025,13,15,34,13:15:34,-32,Tahap-1
01/10/2025,13,15,34,13:15:34,-44,Tahap-1
01/10/2025,13,15,34,13:15:34,-48,Tahap-1
01/10/2025,13,15,34,13:15:34,-12,Tahap-1
01/10/2025,13,15,34,13:15:34,-120,Tahap-1
01/10/2025,13,15,34,13:15:34,-36,Tahap-1
01/10/2025,13,15,34,13:15:34,112,Tahap-1
01/10/2025,13,15,34,13:15:34,-120,Tahap-1
01/10/2025,13,15,34,13:15:34,-88,Tahap-1
01/10/2025,13,15,34,13:15:34,128,Tahap-1
01/10/2025,13,15,35,13:15:35,-188,Tahap-1
01/10/2025,13,15,35,13:15:35,44,Tahap-1
01/10/2025,13,15,35,13:15:35,32,Tahap-1
01/10/2025,13,15,35,13:15:35,-52,Tahap-1
01/10/2025,13,15,35,13:15:35,-8,Tahap-1
01/10/2025,13,15,35,13:15:35,-12,Tahap-1
01/10/2025,13,15,35,13:15:35,-56,Tahap-1
01/10/2025,13,15,35,13:15:35,48,Tahap-1
01/10/2025,13,15,35,13:15:35,-28,Tahap-1
01/10/2025,13,15,35,13:15:35,24,Tahap-1
01/10/2025,13,15,36,13:15:36,-76,Tahap-1
01/10/2025,13,15,36,13:15:36,-16,Tahap-1
01/10/2025,13,15,36,13:15:36,-116,Tahap-1
01/10/2025,13,15,36,13:15:36,-4,Tahap-1
01/10/2025,13,15,36,13:15:36,-76,Tahap-1
01/10/2025,13,15,36,13:15:36,-188,Tahap-1
01/10/2025,13,15,36,13:15:36,4,Tahap-1
01/10/2025,13,15,36,13:15:36,-176,Tahap-1
01/10/2025,13,15,36,13:15:36,-192,Tahap-1
01/10/2025,13,15,36,13:15:36,36,Tahap-1
01/10/2025,13,15,37,13:15:37,-168,Tahap-1
01/10/2025,13,15,37,13:15:37,-168,Tahap-1
01/10/2025,13,15,37,13:15:37,-32,Tahap-1
01/10/2025,13,15,37,13:15:37,-184,Tahap-1
01/10/2025,13,15,37,13:15:37,-196,Tahap-1
01/10/2025,13,15,37,13:15:37,-68,Tahap-1
01/10/2025,13,15,37,13:15:37,-100,Tahap-1
01/10/2025,13,15,37,13:15:37,-200,Tahap-1
01/10/2025,13,15,37,13:15:37,-164,Tahap-1
01/10/2025,13,15,37,13:15:37,-116,Tahap-1
01/10/2025,13,15,38,13:15:38,-240,Tahap-1
01/10/2025,13,15,38,13:15:38,-60,Tahap-1
01/10/2025,13,15,38,13:15:38,-172,Tahap-1
01/10/2025,13,15,38,13:15:38,-164,Tahap-1
01/10/2025,13,15,38,13:15:38,-116,Tahap-1
01/10/2025,13,15,38,13:15:38,-180,Tahap-1
01/10/2025,13,15,38,13:15:38,-136,Tahap-1
01/10/2025,13,15,38,13:15:38,-100,Tahap-1
01/10/2025,13,15,38,13:15:38,-248,Tahap-1
01/10/2025,13,15,38,13:15:38,-64,Tahap-1
01/10/2025,13,15,39,13:15:39,-208,Tahap-1
01/10/2025,13,15,39,13:15:39,-196,Tahap-1
01/10/2025,13,15,39,13:15:39,-124,Tahap-1
01/10/2025,13,15,39,13:15:39,-112,Tahap-1
01/10/2025,13,15,39,13:15:39,-272,Tahap-1
01/10/2025,13,15,39,13:15:39,-124,Tahap-1
01/10/2025,13,15,39,13:15:39,-152,Tahap-1
01/10/2025,13,15,39,13:15:39,-212,Tahap-1
01/10/2025,13,15,39,13:15:39,-228,Tahap-1
01/10/2025,13,15,39,13:15:39,-40,Tahap-1
01/10/2025,13,15,40,13:15:40,-352,Tahap-1
01/10/2025,13,15,40,13:15:40,-120,Tahap-1
01/10/2025,13,15,40,13:15:40,-252,Tahap-1
01/10/2025,13,15,40,13:15:40,-256,Tahap-1
01/10/2025,13,15,40,13:15:40,-160,Tahap-1
01/10/2025,13,15,40,13:15:40,-172,Tahap-1
01/10/2025,13,15,40,13:15:40,-256,Tahap-1
01/10/2025,13,15,40,13:15:40,-116,Tahap-1
01/10/2025,13,15,40,13:15:40,-300,Tahap-1
01/10/2025,13,15,40,13:15:40,-140,Tahap-1
01/10/2025,13,15,42,13:15:42,-192,Tahap-1
01/10/2025,13,15,42,13:15:42,-208,Tahap-1
01/10/2025,13,15,42,13:15:42,-216,Tahap-1
01/10/2025,13,15,42,13:15:42,-144,Tahap-1
01/10/2025,13,15,42,13:15:42,-280,Tahap-1
01/10/2025,13,15,42,13:15:42,-212,Tahap-1
01/10/2025,13,15,42,13:15:42,-84,Tahap-1
01/10/2025,13,15,42,13:15:42,-284,Tahap-1
01/10/2025,13,15,42,13:15:42,-292,Tahap-1
01/10/2025,13,15,42,13:15:42,-68,Tahap-1
01/10/2025,13,15,42,13:15:42,-372,Tahap-1
01/10/2025,13,15,42,13:15:42,-172,Tahap-1
01/10/2025,13,15,42,13:15:42,-100,Tahap-1
01/10/2025,13,15,42,13:15:42,-248,Tahap-1
01/10/2025,13,15,42,13:15:42,-236,Tahap-1
01/10/2025,13,15,42,13:15:42,-160,Tahap-1
01/10/2025,13,15,42,13:15:42,-260,Tahap-1
01/10/2025,13,15,42,13:15:42,-124,Tahap-1
01/10/2025,13,15,42,13:15:42,-236,Tahap-1
01/10/2025,13,15,42,13:15:42,-132,Tahap-1
01/10/2025,13,15,43,13:15:43,-280,Tahap-1
01/10/2025,13,15,43,13:15:43,-196,Tahap-1
01/10/2025,13,15,43,13:15:43,-216,Tahap-1
01/10/2025,13,15,43,13:15:43,-152,Tahap-1
01/10/2025,13,15,43,13:15:43,-152,Tahap-1
01/10/2025,13,15,43,13:15:43,-260,Tahap-1
01/10/2025,13,15,43,13:15:43,-112,Tahap-1
01/10/2025,13,15,43,13:15:43,-216,Tahap-1
01/10/2025,13,15,43,13:15:43,-292,Tahap-1
01/10/2025,13,15,43,13:15:43,-60,Tahap-1
01/10/2025,13,16,8,13:16:08,2809,Tahap-1
01/10/2025,13,16,8,13:16:08,1111,Tahap-1
01/10/2025,13,16,8,13:16:08,304,Tahap-1
01/10/2025,13,16,8,13:16:08,296,Tahap-1
01/10/2025,13,16,8,13:16:08,678,Tahap-1
01/10/2025,13,16,8,13:16:08,316,Tahap-1
01/10/2025,13,16,9,13:16:09,355,Tahap-1
01/10/2025,13,16,9,13:16:09,147,Tahap-1
01/10/2025,13,16,9,13:16:09,269,Tahap-1
01/10/2025,13,16,9,13:16:09,211,Tahap-1
01/10/2025,13,16,9,13:16:09,293,Tahap-1
01/10/2025,13,16,9,13:16:09,230,Tahap-1
01/10/2025,13,16,9,13:16:09,260,Tahap-1
01/10/2025,13,16,9,13:16:09,217,Tahap-1
01/10/2025,13,16,9,13:16:09,130,Tahap-1
01/10/2025,13,16,9,13:16:09,110,Tahap-1
01/10/2025,13,16,10,13:16:10,109,Tahap-1
01/10/2025,13,16,10,13:16:10,75,Tahap-1
01/10/2025,13,16,10,13:16:10,56,Tahap-1
01/10/2025,13,16,10,13:16:10,157,Tahap-1
01/10/2025,13,16,10,13:16:10,278,Tahap-1
01/10/2025,13,16,10,13:16:10,126,Tahap-1
01/10/2025,13,16,10,13:16:10,267,Tahap-1
01/10/2025,13,16,10,13:16:10,118,Tahap-1
01/10/2025,13,16,10,13:16:10,125,Tahap-1
01/10/2025,13,16,10,13:16:10,144,Tahap-1
01/10/2025,13,16,12,13:16:12,251,Tahap-1
01/10/2025,13,16,12,13:16:12,74,Tahap-1
01/10/2025,13,16,12,13:16:12,29,Tahap-1
01/10/2025,13,16,12,13:16:12,294,Tahap-1
01/10/2025,13,16,12,13:16:12,256,Tahap-1
01/10/2025,13,16,12,13:16:12,137,Tahap-1
01/10/2025,13,16,12,13:16:12,121,Tahap-1
01/10/2025,13,16,12,13:16:12,79,Tahap-1
01/10/2025,13,16,12,13:16:12,152,Tahap-1
01/10/2025,13,16,12,13:16:12,160,Tahap-1
01/10/2025,13,16,12,13:16:12,97,Tahap-1
01/10/2025,13,16,12,13:16:12,154,Tahap-1
01/10/2025,13,16,12,13:16:12,154,Tahap-1
01/10/2025,13,16,12,13:16:12,211,Tahap-1
01/10/2025,13,16,12,13:16:12,169,Tahap-1
01/10/2025,13,16,12,13:16:12,152,Tahap-1
01/10/2025,13,16,12,13:16:12,202,Tahap-1
01/10/2025,13,16,12,13:16:12,479,Tahap-1
01/10/2025,13,16,12,13:16:12,217,Tahap-1
01/10/2025,13,16,12,13:16:12,142,Tahap-1
01/10/2025,13,16,13,13:16:13,153,Tahap-1
01/10/2025,13,16,13,13:16:13,159,Tahap-1
01/10/2025,13,16,13,13:16:13,27,Tahap-1
01/10/2025,13,16,13,13:16:13,257,Tahap-1
01/10/2025,13,16,13,13:16:13,31,Tahap-1
01/10/2025,13,16,13,13:16:13,157,Tahap-1
01/10/2025,13,16,13,13:16:13,83,Tahap-1
01/10/2025,13,16,13,13:16:13,111,Tahap-1
01/10/2025,13,16,13,13:16:13,96,Tahap-1
01/10/2025,13,16,13,13:16:13,200,Tahap-1
01/10/2025,13,16,14,13:16:14,85,Tahap-1
01/10/2025,13,16,14,13:16:14,66,Tahap-1
01/10/2025,13,16,14,13:16:14,86,Tahap-1
01/10/2025,13,16,14,13:16:14,180,Tahap-1
01/10/2025,13,16,14,13:16:14,75,Tahap-1
01/10/2025,13,16,14,13:16:14,190,Tahap-1
01/10/2025,13,16,14,13:16:14,74,Tahap-1
01/10/2025,13,16,14,13:16:14,67,Tahap-1
01/10/2025,13,16,14,13:16:14,227,Tahap-1
01/10/2025,13,16,14,13:16:14,186,Tahap-1
01/10/2025,13,16,15,13:16:15,50,Tahap-1
01/10/2025,13,16,15,13:16:15,196,Tahap-1
01/10/2025,13,16,15,13:16:15,102,Tahap-1
01/10/2025,13,16,15,13:16:15,392,Tahap-1
01/10/2025,13,16,15,13:16:15,195,Tahap-1
01/10/2025,13,16,15,13:16:15,217,Tahap-1
01/10/2025,13,16,15,13:16:15,117,Tahap-1
01/10/2025,13,16,15,13:16:15,33,Tahap-1
01/10/2025,13,16,15,13:16:15,682,Tahap-1
01/10/2025,13,16,15,13:16:15,511,Tahap-1
01/10/2025,13,16,16,13:16:16,268,Tahap-1
01/10/2025,13,16,16,13:16:16,629,Tahap-1
01/10/2025,13,16,16,13:16:16,230,Tahap-1
01/10/2025,13,16,16,13:16:16,343,Tahap-1
01/10/2025,13,16,16,13:16:16,220,Tahap-1
01/10/2025,13,16,16,13:16:16,229,Tahap-1
01/10/2025,13,16,16,13:16:16,288,Tahap-1
01/10/2025,13,16,16,13:16:16,370,Tahap-1
01/10/2025,13,16,16,13:16:16,269,Tahap-1
01/10/2025,13,16,16,13:16:16,366,Tahap-1
01/10/2025,13,16,17,13:16:17,909,Tahap-1
01/10/2025,13,16,17,13:16:17,1734,Tahap-1
01/10/2025,13,16,17,13:16:17,625,Tahap-1
01/10/2025,13,16,17,13:16:17,198,Tahap-1
01/10/2025,13,16,17,13:16:17,64,Tahap-1
01/10/2025,13,16,17,13:16:17,150,Tahap-1
01/10/2025,13,16,17,13:16:17,170,Tahap-1
01/10/2025,13,16,17,13:16:17,542,Tahap-1
01/10/2025,13,16,17,13:16:17,169,Tahap-1
01/10/2025,13,16,17,13:16:17,175,Tahap-1
01/10/2025,13,16,18,13:16:18,211,Tahap-1
01/10/2025,13,16,18,13:16:18,310,Tahap-1
01/10/2025,13,16,18,13:16:18,439,Tahap-1
01/10/2025,13,16,18,13:16:18,557,Tahap-1
01/10/2025,13,16,18,13:16:18,373,Tahap-1
01/10/2025,13,16,18,13:16:18,601,Tahap-1
01/10/2025,13,16,18,13:16:18,528,Tahap-1
01/10/2025,13,16,18,13:16:18,467,Tahap-1
01/10/2025,13,16,18,13:16:18,43,Tahap-1
01/10/2025,13,16,18,13:16:18,272,Tahap-1
01/10/2025,13,16,19,13:16:19,195,Tahap-1
01/10/2025,13,16,19,13:16:19,106,Tahap-1
01/10/2025,13,16,19,13:16:19,96,Tahap-1
01/10/2025,13,16,19,13:16:19,333,Tahap-1
01/10/2025,13,16,19,13:16:19,287,Tahap-1
01/10/2025,13,16,19,13:16:19,232,Tahap-1
01/10/2025,13,16,19,13:16:19,220,Tahap-1
01/10/2025,13,16,19,13:16:19,384,Tahap-1
01/10/2025,13,16,19,13:16:19,163,Tahap-1
01/10/2025,13,16,19,13:16:19,317,Tahap-1
01/10/2025,13,16,20,13:16:20,218,Tahap-1
01/10/2025,13,16,20,13:16:20,272,Tahap-1
01/10/2025,13,16,20,13:16:20,213,Tahap-1
01/10/2025,13,16,20,13:16:20,657,Tahap-1
01/10/2025,13,16,20,13:16:20,545,Tahap-1
01/10/2025,13,16,20,13:16:20,308,Tahap-1
01/10/2025,13,16,20,13:16:20,351,Tahap-1
01/10/2025,13,16,20,13:16:20,232,Tahap-1
01/10/2025,13,16,20,13:16:20,302,Tahap-1
01/10/2025,13,16,20,13:16:20,374,Tahap-1
01/10/2025,13,16,20,13:16:20,1016,Tahap-1
01/10/2025,13,16,21,13:16:21,48,Tahap-1
01/10/2025,13,16,21,13:16:21,-68,Tahap-1
01/10/2025,13,16,21,13:16:21,120,Tahap-1
01/10/2025,13,16,21,13:16:21,-48,Tahap-1
01/10/2025,13,16,21,13:16:21,-4,Tahap-1
01/10/2025,13,16,21,13:16:21,184,Tahap-1
01/10/2025,13,16,21,13:16:21,-92,Tahap-1
01/10/2025,13,16,21,13:16:21,124,Tahap-1
01/10/2025,13,16,21,13:16:21,-28,Tahap-1
01/10/2025,13,16,21,13:16:21,40,Tahap-1
01/10/2025,13,16,22,13:16:22,88,Tahap-1
01/10/2025,13,16,22,13:16:22,68,Tahap-1
01/10/2025,13,16,22,13:16:22,52,Tahap-1
01/10/2025,13,16,22,13:16:22,76,Tahap-1
01/10/2025,13,16,22,13:16:22,88,Tahap-1
01/10/2025,13,16,22,13:16:22,36,Tahap-1
01/10/2025,13,16,22,13:16:22,152,Tahap-1
01/10/2025,13,16,22,13:16:22,208,Tahap-1
01/10/2025,13,16,22,13:16:22,-84,Tahap-1
01/10/2025,13,16,22,13:16:22,148,Tahap-1
01/10/2025,13,16,23,13:16:23,128,Tahap-1
01/10/2025,13,16,23,13:16:23,-12,Tahap-1
01/10/2025,13,16,23,13:16:23,128,Tahap-1
01/10/2025,13,16,23,13:16:23,156,Tahap-1
01/10/2025,13,16,23,13:16:23,-24,Tahap-1
01/10/2025,13,16,23,13:16:23,148,Tahap-1
01/10/2025,13,16,23,13:16:23,56,Tahap-1
01/10/2025,13,16,23,13:16:23,104,Tahap-1
01/10/2025,13,16,23,13:16:23,36,Tahap-1
01/10/2025,13,16,23,13:16:23,116,Tahap-1
01/10/2025,13,16,24,13:16:24,20,Tahap-1
01/10/2025,13,16,24,13:16:24,80,Tahap-1
01/10/2025,13,16,24,13:16:24,84,Tahap-1
01/10/2025,13,16,24,13:16:24,-12,Tahap-1
01/10/2025,13,16,24,13:16:24,132,Tahap-1
01/10/2025,13,16,24,13:16:24,-4,Tahap-1
01/10/2025,13,16,24,13:16:24,-40,Tahap-1
01/10/2025,13,16,24,13:16:24,136,Tahap-1
01/10/2025,13,16,24,13:16:24,-92,Tahap-1
01/10/2025,13,16,24,13:16:24,88,Tahap-1
01/10/2025,13,16,25,13:16:25,108,Tahap-1
01/10/2025,13,16,25,13:16:25,68,Tahap-1
01/10/2025,13,16,25,13:16:25,128,Tahap-1
01/10/2025,13,16,25,13:16:25,-40,Tahap-1
01/10/2025,13,16,25,13:16:25,64,Tahap-1
01/10/2025,13,16,25,13:16:25,88,Tahap-1
01/10/2025,13,16,25,13:16:25,60,Tahap-1
01/10/2025,13,16,25,13:16:25,-28,Tahap-1
01/10/2025,13,16,25,13:16:25,84,Tahap-1
01/10/2025,13,16,26,13:16:26,40,Tahap-1
01/10/2025,13,16,26,13:16:26,140,Tahap-1
01/10/2025,13,16,26,13:16:26,148,Tahap-1
01/10/2025,13,16,26,13:16:26,28,Tahap-1
01/10/2025,13,16,26,13:16:26,76,Tahap-1
01/10/2025,13,16,26,13:16:26,64,Tahap-1
01/10/2025,13,16,26,13:16:26,8,Tahap-1
01/10/2025,13,16,26,13:16:26,104,Tahap-1
01/10/2025,13,16,26,13:16:26,32,Tahap-1
01/10/2025,13,16,26,13:16:26,28,Tahap-1
01/10/2025,13,16,27,13:16:27,36,Tahap-1
01/10/2025,13,16,27,13:16:27,44,Tahap-1
01/10/2025,13,16,27,13:16:27,8,Tahap-1
01/10/2025,13,16,27,13:16:27,148,Tahap-1
01/10/2025,13,16,27,13:16:27,64,Tahap-1
01/10/2025,13,16,27,13:16:27,-20,Tahap-1
01/10/2025,13,16,27,13:16:27,152,Tahap-1
01/10/2025,13,16,27,13:16:27,-8,Tahap-1
01/10/2025,13,16,27,13:16:27,4,Tahap-1
01/10/2025,13,16,27,13:16:27,244,Tahap-1
01/10/2025,13,16,28,13:16:28,-4,Tahap-1
01/10/2025,13,16,28,13:16:28,112,Tahap-1
01/10/2025,13,16,28,13:16:28,96,Tahap-1
01/10/2025,13,16,28,13:16:28,40,Tahap-1
01/10/2025,13,16,28,13:16:28,40,Tahap-1
01/10/2025,13,16,28,13:16:28,228,Tahap-1
01/10/2025,13,16,28,13:16:28,-24,Tahap-1
01/10/2025,13,16,28,13:16:28,160,Tahap-1
01/10/2025,13,16,28,13:16:28,40,Tahap-1
01/10/2025,13,16,28,13:16:28,164,Tahap-1
01/10/2025,13,16,29,13:16:29,-16,Tahap-1
01/10/2025,13,16,29,13:16:29,212,Tahap-1
01/10/2025,13,16,29,13:16:29,24,Tahap-1
01/10/2025,13,16,29,13:16:29,144,Tahap-1
01/10/2025,13,16,29,13:16:29,52,Tahap-1
01/10/2025,13,16,29,13:16:29,36,Tahap-1
01/10/2025,13,16,29,13:16:29,124,Tahap-1
01/10/2025,13,16,29,13:16:29,172,Tahap-1
01/10/2025,13,16,29,13:16:29,-112,Tahap-1
01/10/2025,13,16,29,13:16:29,236,Tahap-1
01/10/2025,13,16,30,13:16:30,-44,Tahap-1
01/10/2025,13,16,30,13:16:30,44,Tahap-1
01/10/2025,13,16,30,13:16:30,92,Tahap-1
01/10/2025,13,16,30,13:16:30,112,Tahap-1
01/10/2025,13,16,30,13:16:30,-68,Tahap-1
01/10/2025,13,16,30,13:16:30,128,Tahap-1
01/10/2025,13,16,30,13:16:30,44,Tahap-1
01/10/2025,13,16,30,13:16:30,24,Tahap-1
01/10/2025,13,16,30,13:16:30,60,Tahap-1
01/10/2025,13,16,30,13:16:30,152,Tahap-1
01/10/2025,13,16,31,13:16:31,-96,Tahap-1
01/10/2025,13,16,31,13:16:31,128,Tahap-1
01/10/2025,13,16,31,13:16:31,68,Tahap-1
01/10/2025,13,16,31,13:16:31,64,Tahap-1
01/10/2025,13,16,31,13:16:31,136,Tahap-1
01/10/2025,13,16,31,13:16:31,76,Tahap-1
01/10/2025,13,16,31,13:16:31,56,Tahap-1
01/10/2025,13,16,31,13:16:31,176,Tahap-1
01/10/2025,13,16,31,13:16:31,-76,Tahap-1
01/10/2025,13,16,31,13:16:31,168,Tahap-1
01/10/2025,13,16,32,13:16:32,64,Tahap-1
01/10/2025,13,16,32,13:16:32,64,Tahap-1
01/10/2025,13,16,32,13:16:32,28,Tahap-1
01/10/2025,13,16,32,13:16:32,96,Tahap-1
01/10/2025,13,16,32,13:16:32,-56,Tahap-1
01/10/2025,13,16,32,13:16:32,88,Tahap-1
01/10/2025,13,16,32,13:16:32,148,Tahap-1
01/10/2025,13,16,32,13:16:32,-8,Tahap-1
01/10/2025,13,16,32,13:16:32,-4,Tahap-1
01/10/2025,13,16,32,13:16:32,164,Tahap-1
01/10/2025,13,16,33,13:16:33,-120,Tahap-1
01/10/2025,13,16,33,13:16:33,108,Tahap-1
01/10/2025,13,16,33,13:16:33,128,Tahap-1
01/10/2025,13,16,33,13:16:33,-16,Tahap-1
01/10/2025,13,16,33,13:16:33,24,Tahap-1
01/10/2025,13,16,33,13:16:33,64,Tahap-1
01/10/2025,13,16,33,13:16:33,144,Tahap-1
01/10/2025,13,16,33,13:16:33,-16,Tahap-1
01/10/2025,13,16,58,13:16:58,4270,Tahap-1
01/10/2025,13,16,58,13:16:58,1609,Tahap-1
01/10/2025,13,16,58,13:16:58,1798,Tahap-1
01/10/2025,13,16,58,13:16:58,1283,Tahap-1
01/10/2025,13,16,58,13:16:58,963,Tahap-1
01/10/2025,13,16,58,13:16:58,478,Tahap-1
01/10/2025,13,16,58,13:16:58,720,Tahap-1
01/10/2025,13,16,59,13:16:59,674,Tahap-1
01/10/2025,13,16,59,13:16:59,502,Tahap-1
01/10/2025,13,16,59,13:16:59,271,Tahap-1
01/10/2025,13,16,59,13:16:59,46,Tahap-1
01/10/2025,13,16,59,13:16:59,174,Tahap-1
01/10/2025,13,16,59,13:16:59,249,Tahap-1
01/10/2025,13,16,59,13:16:59,94,Tahap-1
01/10/2025,13,16,59,13:16:59,203,Tahap-1
01/10/2025,13,16,59,13:16:59,208,Tahap-1
01/10/2025,13,16,59,13:16:59,50,Tahap-1
01/10/2025,13,17,1,13:17:01,59,Tahap-1
01/10/2025,13,17,1,13:17:01,141,Tahap-1
01/10/2025,13,17,1,13:17:01,142,Tahap-1
01/10/2025,13,17,1,13:17:01,71,Tahap-1
01/10/2025,13,17,1,13:17:01,212,Tahap-1
01/10/2025,13,17,1,13:17:01,74,Tahap-1
01/10/2025,13,17,1,13:17:01,144,Tahap-1
01/10/2025,13,17,1,13:17:01,148,Tahap-1
01/10/2025,13,17,1,13:17:01,18,Tahap-1
01/10/2025,13,17,1,13:17:01,6,Tahap-1
01/10/2025,13,17,2,13:17:02,95,Tahap-1
01/10/2025,13,17,2,13:17:02,49,Tahap-1
01/10/2025,13,17,2,13:17:02,115,Tahap-1
01/10/2025,13,17,2,13:17:02,105,Tahap-1
01/10/2025,13,17,2,13:17:02,62,Tahap-1
01/10/2025,13,17,2,13:17:02,180,Tahap-1
01/10/2025,13,17,2,13:17:02,333,Tahap-1
01/10/2025,13,17,2,13:17:02,406,Tahap-1
01/10/2025,13,17,2,13:17:02,100,Tahap-1
01/10/2025,13,17,2,13:17:02,137,Tahap-1
01/10/2025,13,17,3,13:17:03,118,Tahap-1
01/10/2025,13,17,3,13:17:03,73,Tahap-1
01/10/2025,13,17,3,13:17:03,36,Tahap-1
01/10/2025,13,17,3,13:17:03,37,Tahap-1
01/10/2025,13,17,3,13:17:03,71,Tahap-1
01/10/2025,13,17,3,13:17:03,97,Tahap-1
01/10/2025,13,17,3,13:17:03,63,Tahap-1
01/10/2025,13,17,3,13:17:03,132,Tahap-1
01/10/2025,13,17,3,13:17:03,37,Tahap-1
01/10/2025,13,17,3,13:17:03,67,Tahap-1
01/10/2025,13,17,4,13:17:04,124,Tahap-1
01/10/2025,13,17,4,13:17:04,78,Tahap-1
01/10/2025,13,17,4,13:17:04,46,Tahap-1
01/10/2025,13,17,4,13:17:04,58,Tahap-1
01/10/2025,13,17,4,13:17:04,143,Tahap-1
01/10/2025,13,17,4,13:17:04,127,Tahap-1
01/10/2025,13,17,4,13:17:04,28,Tahap-1
01/10/2025,13,17,4,13:17:04,85,Tahap-1
01/10/2025,13,17,4,13:17:04,11,Tahap-1
01/10/2025,13,17,4,13:17:04,88,Tahap-1
01/10/2025,13,17,5,13:17:05,28,Tahap-1
01/10/2025,13,17,5,13:17:05,115,Tahap-1
01/10/2025,13,17,5,13:17:05,120,Tahap-1
01/10/2025,13,17,5,13:17:05,124,Tahap-1
01/10/2025,13,17,5,13:17:05,150,Tahap-1
01/10/2025,13,17,5,13:17:05,145,Tahap-1
01/10/2025,13,17,5,13:17:05,76,Tahap-1
01/10/2025,13,17,5,13:17:05,54,Tahap-1
01/10/2025,13,17,5,13:17:05,423,Tahap-1
01/10/2025,13,17,5,13:17:05,649,Tahap-1
01/10/2025,13,17,6,13:17:06,375,Tahap-1
01/10/2025,13,17,6,13:17:06,54,Tahap-1
01/10/2025,13,17,6,13:17:06,134,Tahap-1
01/10/2025,13,17,6,13:17:06,151,Tahap-1
01/10/2025,13,17,6,13:17:06,76,Tahap-1
01/10/2025,13,17,6,13:17:06,161,Tahap-1
01/10/2025,13,17,6,13:17:06,188,Tahap-1
01/10/2025,13,17,6,13:17:06,57,Tahap-1
01/10/2025,13,17,6,13:17:06,50,Tahap-1
01/10/2025,13,17,6,13:17:06,592,Tahap-1
01/10/2025,13,17,7,13:17:07,1066,Tahap-1
01/10/2025,13,17,7,13:17:07,367,Tahap-1
01/10/2025,13,17,7,13:17:07,168,Tahap-1
01/10/2025,13,17,7,13:17:07,307,Tahap-1
01/10/2025,13,17,7,13:17:07,100,Tahap-1
01/10/2025,13,17,7,13:17:07,158,Tahap-1
01/10/2025,13,17,7,13:17:07,163,Tahap-1
01/10/2025,13,17,7,13:17:07,89,Tahap-1
01/10/2025,13,17,7,13:17:07,105,Tahap-1
01/10/2025,13,17,7,13:17:07,160,Tahap-1
01/10/2025,13,17,8,13:17:08,248,Tahap-1
01/10/2025,13,17,8,13:17:08,174,Tahap-1
01/10/2025,13,17,8,13:17:08,82,Tahap-1
01/10/2025,13,17,8,13:17:08,244,Tahap-1
01/10/2025,13,17,8,13:17:08,648,Tahap-1
01/10/2025,13,17,8,13:17:08,618,Tahap-1
01/10/2025,13,17,8,13:17:08,543,Tahap-1
01/10/2025,13,17,8,13:17:08,206,Tahap-1
01/10/2025,13,17,8,13:17:08,464,Tahap-1
01/10/2025,13,17,8,13:17:08,68,Tahap-1
01/10/2025,13,17,8,13:17:08,226,Tahap-1
01/10/2025,13,17,9,13:17:09,120,Tahap-1
01/10/2025,13,17,9,13:17:09,249,Tahap-1
01/10/2025,13,17,9,13:17:09,240,Tahap-1
01/10/2025,13,17,9,13:17:09,193,Tahap-1
01/10/2025,13,17,9,13:17:09,110,Tahap-1
01/10/2025,13,17,9,13:17:09,131,Tahap-1
01/10/2025,13,17,9,13:17:09,55,Tahap-1
01/10/2025,13,17,9,13:17:09,79,Tahap-1
01/10/2025,13,17,9,13:17:09,44,Tahap-1
01/10/2025,13,17,10,13:17:10,111,Tahap-1
01/10/2025,13,17,10,13:17:10,230,Tahap-1
01/10/2025,13,17,10,13:17:10,295,Tahap-1
01/10/2025,13,17,10,13:17:10,307,Tahap-1
01/10/2025,13,17,10,13:17:10,323,Tahap-1
01/10/2025,13,17,10,13:17:10,139,Tahap-1
01/10/2025,13,17,10,13:17:10,109,Tahap-1
01/10/2025,13,17,10,13:17:10,510,Tahap-1
01/10/2025,13,17,10,13:17:10,428,Tahap-1
01/10/2025,13,17,10,13:17:10,725,Tahap-1
01/10/2025,13,17,11,13:17:11,-176,Tahap-1
01/10/2025,13,17,12,13:17:12,-24,Tahap-1
01/10/2025,13,17,12,13:17:12,-124,Tahap-1
01/10/2025,13,17,12,13:17:12,-72,Tahap-1
01/10/2025,13,17,12,13:17:12,-112,Tahap-1
01/10/2025,13,17,12,13:17:12,-116,Tahap-1
01/10/2025,13,17,12,13:17:12,-188,Tahap-1
01/10/2025,13,17,12,13:17:12,-128,Tahap-1
01/10/2025,13,17,12,13:17:12,-4,Tahap-1
01/10/2025,13,17,12,13:17:12,-180,Tahap-1
01/10/2025,13,17,12,13:17:12,-140,Tahap-1
01/10/2025,13,17,12,13:17:12,-64,Tahap-1
01/10/2025,13,17,12,13:17:12,-208,Tahap-1
01/10/2025,13,17,12,13:17:12,-56,Tahap-1
01/10/2025,13,17,12,13:17:12,-76,Tahap-1
01/10/2025,13,17,12,13:17:12,-204,Tahap-1
01/10/2025,13,17,12,13:17:12,-88,Tahap-1
01/10/2025,13,17,12,13:17:12,-220,Tahap-1
01/10/2025,13,17,12,13:17:12,-44,Tahap-1
01/10/2025,13,17,12,13:17:12,-180,Tahap-1
01/10/2025,13,17,12,13:17:12,-44,Tahap-1
01/10/2025,13,17,13,13:17:13,-156,Tahap-1
01/10/2025,13,17,13,13:17:13,-176,Tahap-1
01/10/2025,13,17,13,13:17:13,-136,Tahap-1
01/10/2025,13,17,13,13:17:13,-208,Tahap-1
01/10/2025,13,17,13,13:17:13,-68,Tahap-1
01/10/2025,13,17,13,13:17:13,-172,Tahap-1
01/10/2025,13,17,13,13:17:13,-264,Tahap-1
01/10/2025,13,17,13,13:17:13,-48,Tahap-1
01/10/2025,13,17,13,13:17:13,-292,Tahap-1
01/10/2025,13,17,13,13:17:13,-52,Tahap-1
01/10/2025,13,17,14,13:17:14,-104,Tahap-1
01/10/2025,13,17,14,13:17:14,-132,Tahap-1
01/10/2025,13,17,14,13:17:14,-136,Tahap-1
01/10/2025,13,17,14,13:17:14,-108,Tahap-1
01/10/2025,13,17,14,13:17:14,-196,Tahap-1
01/10/2025,13,17,14,13:17:14,-148,Tahap-1
01/10/2025,13,17,14,13:17:14,-52,Tahap-1
01/10/2025,13,17,14,13:17:14,-112,Tahap-1
01/10/2025,13,17,14,13:17:14,-228,Tahap-1
01/10/2025,13,17,14,13:17:14,-4,Tahap-1
01/10/2025,13,17,15,13:17:15,-212,Tahap-1
01/10/2025,13,17,15,13:17:15,-120,Tahap-1
01/10/2025,13,17,15,13:17:15,-60,Tahap-1
01/10/2025,13,17,15,13:17:15,-164,Tahap-1
01/10/2025,13,17,15,13:17:15,-172,Tahap-1
01/10/2025,13,17,15,13:17:15,-108,Tahap-1
01/10/2025,13,17,15,13:17:15,-164,Tahap-1
01/10/2025,13,17,15,13:17:15,16,Tahap-1
01/10/2025,13,17,15,13:17:15,-152,Tahap-1
01/10/2025,13,17,15,13:17:15,-52,Tahap-1
01/10/2025,13,17,16,13:17:16,-56,Tahap-1
01/10/2025,13,17,16,13:17:16,-168,Tahap-1
01/10/2025,13,17,16,13:17:16,-184,Tahap-1
01/10/2025,13,17,16,13:17:16,-8,Tahap-1
01/10/2025,13,17,16,13:17:16,-84,Tahap-1
01/10/2025,13,17,16,13:17:16,-136,Tahap-1
01/10/2025,13,17,16,13:17:16,-8,Tahap-1
01/10/2025,13,17,16,13:17:16,-16,Tahap-1
01/10/2025,13,17,16,13:17:16,-208,Tahap-1
01/10/2025,13,17,16,13:17:16,40,Tahap-1
01/10/2025,13,17,17,13:17:17,-32,Tahap-1
01/10/2025,13,17,17,13:17:17,-132,Tahap-1
01/10/2025,13,17,17,13:17:17,-64,Tahap-1
01/10/2025,13,17,17,13:17:17,-36,Tahap-1
01/10/2025,13,17,17,13:17:17,100,Tahap-1
01/10/2025,13,17,17,13:17:17,-28,Tahap-1
01/10/2025,13,17,17,13:17:17,36,Tahap-1
01/10/2025,13,17,17,13:17:17,-24,Tahap-1
01/10/2025,13,17,17,13:17:17,56,Tahap-1
01/10/2025,13,17,18,13:17:18,36,Tahap-1
01/10/2025,13,17,18,13:17:18,108,Tahap-1
01/10/2025,13,17,18,13:17:18,68,Tahap-1
01/10/2025,13,17,18,13:17:18,12,Tahap-1
01/10/2025,13,17,18,13:17:18,-36,Tahap-1
01/10/2025,13,17,18,13:17:18,24,Tahap-1
01/10/2025,13,17,18,13:17:18,212,Tahap-1
01/10/2025,13,17,18,13:17:18,-172,Tahap-1
01/10/2025,13,17,18,13:17:18,84,Tahap-1
01/10/2025,13,17,19,13:17:19,-12,Tahap-1
01/10/2025,13,17,19,13:17:19,-92,Tahap-1
01/10/2025,13,17,19,13:17:19,8,Tahap-1
01/10/2025,13,17,19,13:17:19,-204,Tahap-1
01/10/2025,13,17,19,13:17:19,12,Tahap-1
01/10/2025,13,17,19,13:17:19,-132,Tahap-1
01/10/2025,13,17,19,13:17:19,-24,Tahap-1
01/10/2025,13,17,19,13:17:19,-164,Tahap-1
01/10/2025,13,17,20,13:17:20,-188,Tahap-1
01/10/2025,13,17,20,13:17:20,-80,Tahap-1
01/10/2025,13,17,20,13:17:20,-120,Tahap-1
01/10/2025,13,17,20,13:17:20,-92,Tahap-1
01/10/2025,13,17,20,13:17:20,-32,Tahap-1
01/10/2025,13,17,20,13:17:20,-124,Tahap-1
01/10/2025,13,17,20,13:17:20,-152,Tahap-1
01/10/2025,13,17,20,13:17:20,16,Tahap-1
01/10/2025,13,17,20,13:17:20,-216,Tahap-1
01/10/2025,13,17,20,13:17:20,-24,Tahap-1
01/10/2025,13,17,21,13:17:21,-28,Tahap-1
01/10/2025,13,17,21,13:17:21,-184,Tahap-1
01/10/2025,13,17,21,13:17:21,-84,Tahap-1
01/10/2025,13,17,21,13:17:21,-64,Tahap-1
01/10/2025,13,17,21,13:17:21,-156,Tahap-1
01/10/2025,13,17,21,13:17:21,-24,Tahap-1
01/10/2025,13,17,21,13:17:21,-56,Tahap-1
01/10/2025,13,17,21,13:17:21,-88,Tahap-1
01/10/2025,13,17,21,13:17:21,-196,Tahap-1
01/10/2025,13,17,21,13:17:21,-20,Tahap-1
01/10/2025,13,17,22,13:17:22,-140,Tahap-1
01/10/2025,13,17,22,13:17:22,-100,Tahap-1
01/10/2025,13,17,22,13:17:22,-76,Tahap-1
01/10/2025,13,17,22,13:17:22,-132,Tahap-1
01/10/2025,13,17,22,13:17:22,-128,Tahap-1
01/10/2025,13,17,22,13:17:22,-92,Tahap-1
01/10/2025,13,17,22,13:17:22,-196,Tahap-1
01/10/2025,13,17,22,13:17:22,12,Tahap-1
01/10/2025,13,17,22,13:17:22,-204,Tahap-1
01/10/2025,13,17,22,13:17:22,-56,Tahap-1
01/10/2025,13,17,23,13:17:23,-80,Tahap-1
01/10/2025,13,17,23,13:17:23,-120,Tahap-1
01/10/2025,13,17,23,13:17:23,-156,Tahap-1
01/10/2025,13,17,23,13:17:23,-12,Tahap-1
01/10/2025,13,17,23,13:17:23,-180,Tahap-1
01/10/2025,13,17,23,13:17:23,-108,Tahap-1
01/10/2025,13,17,23,13:17:23,-88,Tahap-1
01/10/2025,13,17,23,13:17:23,-76,Tahap-1
01/10/2025,13,17,48,13:17:48,1232,Tahap-1
01/10/2025,13,17,48,13:17:48,490,Tahap-1
01/10/2025,13,17,48,13:17:48,672,Tahap-1
01/10/2025,13,17,48,13:17:48,481,Tahap-1
01/10/2025,13,17,48,13:17:48,282,Tahap-1
01/10/2025,13,17,48,13:17:48,366,Tahap-1
01/10/2025,13,17,48,13:17:48,736,Tahap-1
01/10/2025,13,17,48,13:17:48,310,Tahap-1
01/10/2025,13,17,49,13:17:49,428,Tahap-1
01/10/2025,13,17,49,13:17:49,316,Tahap-1
01/10/2025,13,17,49,13:17:49,368,Tahap-1
01/10/2025,13,17,49,13:17:49,90,Tahap-1
01/10/2025,13,17,49,13:17:49,322,Tahap-1
01/10/2025,13,17,49,13:17:49,290,Tahap-1
01/10/2025,13,17,49,13:17:49,186,Tahap-1
01/10/2025,13,17,49,13:17:49,153,Tahap-1
01/10/2025,13,17,49,13:17:49,213,Tahap-1
01/10/2025,13,17,49,13:17:49,228,Tahap-1
01/10/2025,13,17,50,13:17:50,180,Tahap-1
01/10/2025,13,17,50,13:17:50,186,Tahap-1
01/10/2025,13,17,50,13:17:50,201,Tahap-1
01/10/2025,13,17,50,13:17:50,156,Tahap-1
01/10/2025,13,17,50,13:17:50,294,Tahap-1
01/10/2025,13,17,50,13:17:50,170,Tahap-1
01/10/2025,13,17,50,13:17:50,162,Tahap-1
01/10/2025,13,17,50,13:17:50,258,Tahap-1
01/10/2025,13,17,50,13:17:50,89,Tahap-1
01/10/2025,13,17,50,13:17:50,11,Tahap-1
01/10/2025,13,17,51,13:17:51,137,Tahap-1
01/10/2025,13,17,51,13:17:51,399,Tahap-1
01/10/2025,13,17,51,13:17:51,10,Tahap-1
01/10/2025,13,17,51,13:17:51,53,Tahap-1
01/10/2025,13,17,51,13:17:51,192,Tahap-1
01/10/2025,13,17,51,13:17:51,259,Tahap-1
01/10/2025,13,17,51,13:17:51,221,Tahap-1
01/10/2025,13,17,51,13:17:51,85,Tahap-1
01/10/2025,13,17,51,13:17:51,241,Tahap-1
01/10/2025,13,17,51,13:17:51,130,Tahap-1
01/10/2025,13,17,52,13:17:52,183,Tahap-1
01/10/2025,13,17,52,13:17:52,237,Tahap-1
01/10/2025,13,17,52,13:17:52,55,Tahap-1
01/10/2025,13,17,52,13:17:52,165,Tahap-1
01/10/2025,13,17,52,13:17:52,125,Tahap-1
01/10/2025,13,17,52,13:17:52,613,Tahap-1
01/10/2025,13,17,52,13:17:52,194,Tahap-1
01/10/2025,13,17,52,13:17:52,238,Tahap-1
01/10/2025,13,17,52,13:17:52,143,Tahap-1
01/10/2025,13,17,52,13:17:52,203,Tahap-1
01/10/2025,13,17,53,13:17:53,198,Tahap-1
01/10/2025,13,17,53,13:17:53,216,Tahap-1
01/10/2025,13,17,53,13:17:53,43,Tahap-1
01/10/2025,13,17,53,13:17:53,177,Tahap-1
01/10/2025,13,17,53,13:17:53,91,Tahap-1
01/10/2025,13,17,53,13:17:53,218,Tahap-1
01/10/2025,13,17,53,13:17:53,68,Tahap-1
01/10/2025,13,17,53,13:17:53,182,Tahap-1
01/10/2025,13,17,53,13:17:53,158,Tahap-1
01/10/2025,13,17,53,13:17:53,112,Tahap-1
01/10/2025,13,17,54,13:17:54,206,Tahap-1
01/10/2025,13,17,54,13:17:54,10,Tahap-1
01/10/2025,13,17,54,13:17:54,112,Tahap-1
01/10/2025,13,17,54,13:17:54,94,Tahap-1
01/10/2025,13,17,54,13:17:54,273,Tahap-1
01/10/2025,13,17,54,13:17:54,109,Tahap-1
01/10/2025,13,17,54,13:17:54,72,Tahap-1
01/10/2025,13,17,54,13:17:54,88,Tahap-1
01/10/2025,13,17,54,13:17:54,229,Tahap-1
01/10/2025,13,17,54,13:17:54,298,Tahap-1
01/10/2025,13,17,55,13:17:55,244,Tahap-1
01/10/2025,13,17,55,13:17:55,25,Tahap-1
01/10/2025,13,17,55,13:17:55,94,Tahap-1
01/10/2025,13,17,55,13:17:55,198,Tahap-1
01/10/2025,13,17,55,13:17:55,290,Tahap-1
01/10/2025,13,17,55,13:17:55,140,Tahap-1
01/10/2025,13,17,55,13:17:55,246,Tahap-1
01/10/2025,13,17,55,13:17:55,552,Tahap-1
01/10/2025,13,17,55,13:17:55,578,Tahap-1
01/10/2025,13,17,55,13:17:55,306,Tahap-1
01/10/2025,13,17,56,13:17:56,219,Tahap-1
01/10/2025,13,17,56,13:17:56,153,Tahap-1
01/10/2025,13,17,56,13:17:56,216,Tahap-1
01/10/2025,13,17,56,13:17:56,194,Tahap-1
01/10/2025,13,17,56,13:17:56,235,Tahap-1
01/10/2025,13,17,56,13:17:56,154,Tahap-1
01/10/2025,13,17,56,13:17:56,291,Tahap-1
01/10/2025,13,17,56,13:17:56,291,Tahap-1
01/10/2025,13,17,56,13:17:56,188,Tahap-1
01/10/2025,13,17,56,13:17:56,1931,Tahap-1
01/10/2025,13,17,57,13:17:57,282,Tahap-1
01/10/2025,13,17,57,13:17:57,168,Tahap-1
01/10/2025,13,17,57,13:17:57,58,Tahap-1
01/10/2025,13,17,57,13:17:57,95,Tahap-1
01/10/2025,13,17,57,13:17:57,20,Tahap-1
01/10/2025,13,17,57,13:17:57,299,Tahap-1
01/10/2025,13,17,57,13:17:57,284,Tahap-1
01/10/2025,13,17,57,13:17:57,206,Tahap-1
01/10/2025,13,17,57,13:17:57,93,Tahap-1
01/10/2025,13,17,57,13:17:57,176,Tahap-1
01/10/2025,13,17,58,13:17:58,241,Tahap-1
01/10/2025,13,17,58,13:17:58,106,Tahap-1
01/10/2025,13,17,58,13:17:58,57,Tahap-1
01/10/2025,13,17,58,13:17:58,591,Tahap-1
01/10/2025,13,17,58,13:17:58,1029,Tahap-1
01/10/2025,13,17,58,13:17:58,619,Tahap-1
01/10/2025,13,17,58,13:17:58,282,Tahap-1
01/10/2025,13,17,58,13:17:58,159,Tahap-1
01/10/2025,13,17,58,13:17:58,257,Tahap-1
01/10/2025,13,17,58,13:17:58,167,Tahap-1
01/10/2025,13,17,59,13:17:59,202,Tahap-1
01/10/2025,13,17,59,13:17:59,177,Tahap-1
01/10/2025,13,17,59,13:17:59,47,Tahap-1
01/10/2025,13,17,59,13:17:59,162,Tahap-1
01/10/2025,13,17,59,13:17:59,480,Tahap-1
01/10/2025,13,17,59,13:17:59,20,Tahap-1
01/10/2025,13,17,59,13:17:59,194,Tahap-1
01/10/2025,13,17,59,13:17:59,136,Tahap-1
01/10/2025,13,17,59,13:17:59,116,Tahap-1
01/10/2025,13,17,59,13:17:59,211,Tahap-1
01/10/2025,13,18,1,13:18:01,-60,Tahap-1
01/10/2025,13,18,1,13:18:01,60,Tahap-1
01/10/2025,13,18,1,13:18:01,-20,Tahap-1
01/10/2025,13,18,1,13:18:01,-32,Tahap-1
01/10/2025,13,18,1,13:18:01,76,Tahap-1
01/10/2025,13,18,1,13:18:01,4,Tahap-1
01/10/2025,13,18,1,13:18:01,-72,Tahap-1
01/10/2025,13,18,1,13:18:01,28,Tahap-1
01/10/2025,13,18,1,13:18:01,20,Tahap-1
01/10/2025,13,18,1,13:18:01,-84,Tahap-1
01/10/2025,13,18,2,13:18:02,52,Tahap-1
01/10/2025,13,18,2,13:18:02,12,Tahap-1
01/10/2025,13,18,2,13:18:02,-116,Tahap-1
01/10/2025,13,18,2,13:18:02,40,Tahap-1
01/10/2025,13,18,2,13:18:02,4,Tahap-1
01/10/2025,13,18,2,13:18:02,-84,Tahap-1
01/10/2025,13,18,2,13:18:02,68,Tahap-1
01/10/2025,13,18,2,13:18:02,-88,Tahap-1
01/10/2025,13,18,2,13:18:02,-16,Tahap-1
01/10/2025,13,18,3,13:18:03,-92,Tahap-1
01/10/2025,13,18,3,13:18:03,72,Tahap-1
01/10/2025,13,18,3,13:18:03,28,Tahap-1
01/10/2025,13,18,3,13:18:03,4,Tahap-1
01/10/2025,13,18,3,13:18:03,-8,Tahap-1
01/10/2025,13,18,3,13:18:03,-108,Tahap-1
01/10/2025,13,18,3,13:18:03,-16,Tahap-1
01/10/2025,13,18,3,13:18:03,104,Tahap-1
01/10/2025,13,18,3,13:18:03,-128,Tahap-1
01/10/2025,13,18,4,13:18:04,76,Tahap-1
01/10/2025,13,18,4,13:18:04,-132,Tahap-1
01/10/2025,13,18,4,13:18:04,72,Tahap-1
01/10/2025,13,18,4,13:18:04,72,Tahap-1
01/10/2025,13,18,4,13:18:04,-116,Tahap-1
01/10/2025,13,18,4,13:18:04,4,Tahap-1
01/10/2025,13,18,4,13:18:04,-16,Tahap-1
01/10/2025,13,18,4,13:18:04,-48,Tahap-1
01/10/2025,13,18,4,13:18:04,68,Tahap-1
01/10/2025,13,18,4,13:18:04,-8,Tahap-1
01/10/2025,13,18,5,13:18:05,68,Tahap-1
01/10/2025,13,18,5,13:18:05,-68,Tahap-1
01/10/2025,13,18,5,13:18:05,-4,Tahap-1
01/10/2025,13,18,5,13:18:05,-52,Tahap-1
01/10/2025,13,18,5,13:18:05,128,Tahap-1
01/10/2025,13,18,5,13:18:05,-36,Tahap-1
01/10/2025,13,18,5,13:18:05,-56,Tahap-1
01/10/2025,13,18,5,13:18:05,88,Tahap-1
01/10/2025,13,18,5,13:18:05,-76,Tahap-1
01/10/2025,13,18,5,13:18:05,-92,Tahap-1
01/10/2025,13,18,6,13:18:06,104,Tahap-1
01/10/2025,13,18,6,13:18:06,-120,Tahap-1
01/10/2025,13,18,6,13:18:06,-36,Tahap-1
01/10/2025,13,18,6,13:18:06,36,Tahap-1
01/10/2025,13,18,6,13:18:06,-84,Tahap-1
01/10/2025,13,18,6,13:18:06,-12,Tahap-1
01/10/2025,13,18,6,13:18:06,56,Tahap-1
01/10/2025,13,18,6,13:18:06,-12,Tahap-1
01/10/2025,13,18,6,13:18:06,-64,Tahap-1
01/10/2025,13,18,6,13:18:06,-32,Tahap-1
01/10/2025,13,18,7,13:18:07,32,Tahap-1
01/10/2025,13,18,7,13:18:07,-44,Tahap-1
01/10/2025,13,18,7,13:18:07,64,Tahap-1
01/10/2025,13,18,7,13:18:07,-56,Tahap-1
01/10/2025,13,18,7,13:18:07,-20,Tahap-1
01/10/2025,13,18,7,13:18:07,-36,Tahap-1
01/10/2025,13,18,7,13:18:07,-72,Tahap-1
01/10/2025,13,18,7,13:18:07,60,Tahap-1
01/10/2025,13,18,7,13:18:07,-84,Tahap-1
01/10/2025,13,18,7,13:18:07,-80,Tahap-1
01/10/2025,13,18,8,13:18:08,32,Tahap-1
01/10/2025,13,18,8,13:18:08,-96,Tahap-1
01/10/2025,13,18,8,13:18:08,-60,Tahap-1
01/10/2025,13,18,8,13:18:08,40,Tahap-1
01/10/2025,13,18,8,13:18:08,-100,Tahap-1
01/10/2025,13,18,8,13:18:08,-92,Tahap-1
01/10/2025,13,18,8,13:18:08,-44,Tahap-1
01/10/2025,13,18,8,13:18:08,-20,Tahap-1
01/10/2025,13,18,8,13:18:08,-128,Tahap-1
01/10/2025,13,18,8,13:18:08,64,Tahap-1
01/10/2025,13,18,9,13:18:09,-24,Tahap-1
01/10/2025,13,18,9,13:18:09,-108,Tahap-1
01/10/2025,13,18,9,13:18:09,-24,Tahap-1
01/10/2025,13,18,9,13:18:09,-120,Tahap-1
01/10/2025,13,18,9,13:18:09,-64,Tahap-1
01/10/2025,13,18,9,13:18:09,-20,Tahap-1
01/10/2025,13,18,9,13:18:09,-108,Tahap-1
01/10/2025,13,18,9,13:18:09,-20,Tahap-1
01/10/2025,13,18,9,13:18:09,-92,Tahap-1
01/10/2025,13,18,9,13:18:09,-164,Tahap-1
01/10/2025,13,18,10,13:18:10,76,Tahap-1
01/10/2025,13,18,10,13:18:10,-148,Tahap-1
01/10/2025,13,18,10,13:18:10,-32,Tahap-1
01/10/2025,13,18,10,13:18:10,-108,Tahap-1
01/10/2025,13,18,10,13:18:10,-76,Tahap-1
01/10/2025,13,18,10,13:18:10,-196,Tahap-1
01/10/2025,13,18,10,13:18:10,84,Tahap-1
01/10/2025,13,18,10,13:18:10,-4,Tahap-1
01/10/2025,13,18,10,13:18:10,-196,Tahap-1
01/10/2025,13,18,10,13:18:10,-4,Tahap-1
01/10/2025,13,18,12,13:18:12,-24,Tahap-1
01/10/2025,13,18,12,13:18:12,-88,Tahap-1
01/10/2025,13,18,12,13:18:12,52,Tahap-1
01/10/2025,13,18,12,13:18:12,-76,Tahap-1
01/10/2025,13,18,12,13:18:12,-12,Tahap-1
01/10/2025,13,18,12,13:18:12,-36,Tahap-1
01/10/2025,13,18,12,13:18:12,-68,Tahap-1
01/10/2025,13,18,12,13:18:12,100,Tahap-1
01/10/2025,13,18,12,13:18:12,-28,Tahap-1
01/10/2025,13,18,12,13:18:12,60,Tahap-1
01/10/2025,13,18,12,13:18:12,-40,Tahap-1
01/10/2025,13,18,12,13:18:12,48,Tahap-1
01/10/2025,13,18,12,13:18:12,-96,Tahap-1
01/10/2025,13,18,12,13:18:12,12,Tahap-1
01/10/2025,13,18,12,13:18:12,96,Tahap-1
01/10/2025,13,18,12,13:18:12,-96,Tahap-1
01/10/2025,13,18,12,13:18:12,-40,Tahap-1
01/10/2025,13,18,12,13:18:12,132,Tahap-1
01/10/2025,13,18,12,13:18:12,-132,Tahap-1
01/10/2025,13,18,12,13:18:12,56,Tahap-1
01/10/2025,13,18,13,13:18:13,20,Tahap-1
01/10/2025,13,18,13,13:18:13,-176,Tahap-1
01/10/2025,13,18,13,13:18:13,12,Tahap-1
01/10/2025,13,18,13,13:18:13,-148,Tahap-1
01/10/2025,13,18,13,13:18:13,-136,Tahap-1
01/10/2025,13,18,13,13:18:13,-20,Tahap-1
01/10/2025,13,18,38,13:18:38,4411,Tahap-1
01/10/2025,13,18,38,13:18:38,1143,Tahap-1
01/10/2025,13,18,38,13:18:38,828,Tahap-1
01/10/2025,13,18,38,13:18:38,263,Tahap-1
01/10/2025,13,18,38,13:18:38,226,Tahap-1
01/10/2025,13,18,38,13:18:38,845,Tahap-1
01/10/2025,13,18,38,13:18:38,266,Tahap-1
01/10/2025,13,18,38,13:18:38,544,Tahap-1
01/10/2025,13,18,38,13:18:38,301,Tahap-1
01/10/2025,13,18,39,13:18:39,422,Tahap-1
01/10/2025,13,18,39,13:18:39,115,Tahap-1
01/10/2025,13,18,39,13:18:39,120,Tahap-1
01/10/2025,13,18,39,13:18:39,210,Tahap-1
01/10/2025,13,18,39,13:18:39,288,Tahap-1
01/10/2025,13,18,39,13:18:39,235,Tahap-1
01/10/2025,13,18,39,13:18:39,298,Tahap-1
01/10/2025,13,18,39,13:18:39,244,Tahap-1
01/10/2025,13,18,39,13:18:39,159,Tahap-1
01/10/2025,13,18,39,13:18:39,190,Tahap-1
01/10/2025,13,18,40,13:18:40,248,Tahap-1
01/10/2025,13,18,40,13:18:40,144,Tahap-1
01/10/2025,13,18,40,13:18:40,248,Tahap-1
01/10/2025,13,18,40,13:18:40,235,Tahap-1
01/10/2025,13,18,40,13:18:40,242,Tahap-1
01/10/2025,13,18,40,13:18:40,91,Tahap-1
01/10/2025,13,18,40,13:18:40,96,Tahap-1
01/10/2025,13,18,40,13:18:40,168,Tahap-1
01/10/2025,13,18,40,13:18:40,210,Tahap-1
01/10/2025,13,18,40,13:18:40,255,Tahap-1
01/10/2025,13,18,42,13:18:42,229,Tahap-1
01/10/2025,13,18,42,13:18:42,144,Tahap-1
01/10/2025,13,18,42,13:18:42,168,Tahap-1
01/10/2025,13,18,42,13:18:42,187,Tahap-1
01/10/2025,13,18,42,13:18:42,224,Tahap-1
01/10/2025,13,18,42,13:18:42,88,Tahap-1
01/10/2025,13,18,42,13:18:42,207,Tahap-1
01/10/2025,13,18,42,13:18:42,192,Tahap-1
01/10/2025,13,18,42,13:18:42,216,Tahap-1
01/10/2025,13,18,42,13:18:42,173,Tahap-1
01/10/2025,13,18,42,13:18:42,145,Tahap-1
01/10/2025,13,18,42,13:18:42,173,Tahap-1
01/10/2025,13,18,42,13:18:42,177,Tahap-1
01/10/2025,13,18,42,13:18:42,241,Tahap-1
01/10/2025,13,18,42,13:18:42,207,Tahap-1
01/10/2025,13,18,42,13:18:42,338,Tahap-1
01/10/2025,13,18,42,13:18:42,287,Tahap-1
01/10/2025,13,18,42,13:18:42,130,Tahap-1
01/10/2025,13,18,42,13:18:42,134,Tahap-1
01/10/2025,13,18,42,13:18:42,73,Tahap-1
01/10/2025,13,18,43,13:18:43,199,Tahap-1
01/10/2025,13,18,43,13:18:43,88,Tahap-1
01/10/2025,13,18,43,13:18:43,56,Tahap-1
01/10/2025,13,18,43,13:18:43,116,Tahap-1
01/10/2025,13,18,43,13:18:43,132,Tahap-1
01/10/2025,13,18,43,13:18:43,57,Tahap-1
01/10/2025,13,18,43,13:18:43,239,Tahap-1
01/10/2025,13,18,43,13:18:43,201,Tahap-1
01/10/2025,13,18,43,13:18:43,104,Tahap-1
01/10/2025,13,18,43,13:18:43,97,Tahap-1
01/10/2025,13,18,44,13:18:44,102,Tahap-1
01/10/2025,13,18,44,13:18:44,155,Tahap-1
01/10/2025,13,18,44,13:18:44,153,Tahap-1
01/10/2025,13,18,44,13:18:44,245,Tahap-1
01/10/2025,13,18,44,13:18:44,262,Tahap-1
01/10/2025,13,18,44,13:18:44,205,Tahap-1
01/10/2025,13,18,44,13:18:44,162,Tahap-1
01/10/2025,13,18,44,13:18:44,239,Tahap-1
01/10/2025,13,18,44,13:18:44,166,Tahap-1
01/10/2025,13,18,44,13:18:44,151,Tahap-1
01/10/2025,13,18,45,13:18:45,118,Tahap-1
01/10/2025,13,18,45,13:18:45,252,Tahap-1
01/10/2025,13,18,45,13:18:45,132,Tahap-1
01/10/2025,13,18,45,13:18:45,277,Tahap-1
01/10/2025,13,18,45,13:18:45,145,Tahap-1
01/10/2025,13,18,45,13:18:45,37,Tahap-1
01/10/2025,13,18,45,13:18:45,166,Tahap-1
01/10/2025,13,18,45,13:18:45,352,Tahap-1
01/10/2025,13,18,45,13:18:45,210,Tahap-1
01/10/2025,13,18,45,13:18:45,437,Tahap-1
01/10/2025,13,18,46,13:18:46,78,Tahap-1
01/10/2025,13,18,46,13:18:46,159,Tahap-1
01/10/2025,13,18,46,13:18:46,135,Tahap-1
01/10/2025,13,18,46,13:18:46,252,Tahap-1
01/10/2025,13,18,46,13:18:46,123,Tahap-1
01/10/2025,13,18,46,13:18:46,211,Tahap-1
01/10/2025,13,18,46,13:18:46,146,Tahap-1
01/10/2025,13,18,46,13:18:46,91,Tahap-1
01/10/2025,13,18,46,13:18:46,264,Tahap-1
01/10/2025,13,18,46,13:18:46,248,Tahap-1
01/10/2025,13,18,47,13:18:47,52,Tahap-1
01/10/2025,13,18,47,13:18:47,206,Tahap-1
01/10/2025,13,18,47,13:18:47,167,Tahap-1
01/10/2025,13,18,47,13:18:47,153,Tahap-1
01/10/2025,13,18,47,13:18:47,323,Tahap-1
01/10/2025,13,18,47,13:18:47,372,Tahap-1
01/10/2025,13,18,47,13:18:47,361,Tahap-1
01/10/2025,13,18,47,13:18:47,148,Tahap-1
01/10/2025,13,18,47,13:18:47,148,Tahap-1
01/10/2025,13,18,47,13:18:47,355,Tahap-1
01/10/2025,13,18,48,13:18:48,366,Tahap-1
01/10/2025,13,18,48,13:18:48,254,Tahap-1
01/10/2025,13,18,48,13:18:48,244,Tahap-1
01/10/2025,13,18,48,13:18:48,384,Tahap-1
01/10/2025,13,18,48,13:18:48,526,Tahap-1
01/10/2025,13,18,48,13:18:48,1205,Tahap-1
01/10/2025,13,18,48,13:18:48,349,Tahap-1
01/10/2025,13,18,48,13:18:48,116,Tahap-1
01/10/2025,13,18,48,13:18:48,63,Tahap-1
01/10/2025,13,18,48,13:18:48,78,Tahap-1
01/10/2025,13,18,49,13:18:49,291,Tahap-1
01/10/2025,13,18,49,13:18:49,212,Tahap-1
01/10/2025,13,18,49,13:18:49,309,Tahap-1
01/10/2025,13,18,49,13:18:49,422,Tahap-1
01/10/2025,13,18,49,13:18:49,93,Tahap-1
01/10/2025,13,18,49,13:18:49,32,Tahap-1
01/10/2025,13,18,49,13:18:49,106,Tahap-1
01/10/2025,13,18,49,13:18:49,174,Tahap-1
01/10/2025,13,18,49,13:18:49,317,Tahap-1
01/10/2025,13,18,49,13:18:49,129,Tahap-1
01/10/2025,13,18,50,13:18:50,280,Tahap-1
01/10/2025,13,18,50,13:18:50,222,Tahap-1
01/10/2025,13,18,50,13:18:50,213,Tahap-1
01/10/2025,13,18,50,13:18:50,232,Tahap-1
01/10/2025,13,18,50,13:18:50,247,Tahap-1
01/10/2025,13,18,50,13:18:50,680,Tahap-1
01/10/2025,13,18,50,13:18:50,192,Tahap-1
01/10/2025,13,18,50,13:18:50,219,Tahap-1
01/10/2025,13,18,50,13:18:50,-196,Tahap-1
01/10/2025,13,18,50,13:18:50,-96,Tahap-1
01/10/2025,13,18,51,13:18:51,-116,Tahap-1
01/10/2025,13,18,51,13:18:51,-64,Tahap-1
01/10/2025,13,18,51,13:18:51,-132,Tahap-1
01/10/2025,13,18,51,13:18:51,-164,Tahap-1
01/10/2025,13,18,51,13:18:51,-64,Tahap-1
01/10/2025,13,18,51,13:18:51,-204,Tahap-1
01/10/2025,13,18,51,13:18:51,-104,Tahap-1
01/10/2025,13,18,51,13:18:51,-72,Tahap-1
01/10/2025,13,18,51,13:18:51,-148,Tahap-1
01/10/2025,13,18,51,13:18:51,-40,Tahap-1
01/10/2025,13,18,52,13:18:52,-128,Tahap-1
01/10/2025,13,18,52,13:18:52,-100,Tahap-1
01/10/2025,13,18,52,13:18:52,-48,Tahap-1
01/10/2025,13,18,52,13:18:52,-148,Tahap-1
01/10/2025,13,18,52,13:18:52,-44,Tahap-1
01/10/2025,13,18,52,13:18:52,-224,Tahap-1
01/10/2025,13,18,52,13:18:52,-40,Tahap-1
01/10/2025,13,18,52,13:18:52,-172,Tahap-1
01/10/2025,13,18,52,13:18:52,-80,Tahap-1
01/10/2025,13,18,52,13:18:52,-76,Tahap-1
01/10/2025,13,18,53,13:18:53,-148,Tahap-1
01/10/2025,13,18,53,13:18:53,-108,Tahap-1
01/10/2025,13,18,53,13:18:53,-176,Tahap-1
01/10/2025,13,18,53,13:18:53,-52,Tahap-1
01/10/2025,13,18,53,13:18:53,-108,Tahap-1
01/10/2025,13,18,53,13:18:53,-144,Tahap-1
01/10/2025,13,18,53,13:18:53,-40,Tahap-1
01/10/2025,13,18,53,13:18:53,-164,Tahap-1
01/10/2025,13,18,53,13:18:53,-24,Tahap-1
01/10/2025,13,18,53,13:18:53,-28,Tahap-1
01/10/2025,13,18,54,13:18:54,-60,Tahap-1
01/10/2025,13,18,54,13:18:54,-36,Tahap-1
01/10/2025,13,18,54,13:18:54,-88,Tahap-1
01/10/2025,13,18,54,13:18:54,-24,Tahap-1
01/10/2025,13,18,54,13:18:54,-56,Tahap-1
01/10/2025,13,18,54,13:18:54,-20,Tahap-1
01/10/2025,13,18,54,13:18:54,20,Tahap-1
01/10/2025,13,18,54,13:18:54,-80,Tahap-1
01/10/2025,13,18,54,13:18:54,-16,Tahap-1
01/10/2025,13,18,54,13:18:54,-76,Tahap-1
01/10/2025,13,18,55,13:18:55,-8,Tahap-1
01/10/2025,13,18,55,13:18:55,-24,Tahap-1
01/10/2025,13,18,55,13:18:55,-76,Tahap-1
01/10/2025,13,18,55,13:18:55,4,Tahap-1
01/10/2025,13,18,55,13:18:55,-88,Tahap-1
01/10/2025,13,18,55,13:18:55,-12,Tahap-1
01/10/2025,13,18,55,13:18:55,12,Tahap-1
01/10/2025,13,18,55,13:18:55,-24,Tahap-1
01/10/2025,13,18,55,13:18:55,-56,Tahap-1
01/10/2025,13,18,55,13:18:55,-52,Tahap-1
01/10/2025,13,18,55,13:18:55,-72,Tahap-1
01/10/2025,13,18,56,13:18:56,-20,Tahap-1
01/10/2025,13,18,56,13:18:56,-28,Tahap-1
01/10/2025,13,18,56,13:18:56,-136,Tahap-1
01/10/2025,13,18,56,13:18:56,36,Tahap-1
01/10/2025,13,18,56,13:18:56,-152,Tahap-1
01/10/2025,13,18,56,13:18:56,-48,Tahap-1
01/10/2025,13,18,56,13:18:56,-56,Tahap-1
01/10/2025,13,18,56,13:18:56,-112,Tahap-1
01/10/2025,13,18,56,13:18:56,-64,Tahap-1
01/10/2025,13,18,57,13:18:57,-108,Tahap-1
01/10/2025,13,18,57,13:18:57,-52,Tahap-1
01/10/2025,13,18,57,13:18:57,-60,Tahap-1
01/10/2025,13,18,57,13:18:57,-92,Tahap-1
01/10/2025,13,18,57,13:18:57,-24,Tahap-1
01/10/2025,13,18,57,13:18:57,-132,Tahap-1
01/10/2025,13,18,57,13:18:57,-36,Tahap-1
01/10/2025,13,18,57,13:18:57,-16,Tahap-1
01/10/2025,13,18,57,13:18:57,-80,Tahap-1
01/10/2025,13,18,57,13:18:57,-24,Tahap-1
01/10/2025,13,18,58,13:18:58,-108,Tahap-1
01/10/2025,13,18,58,13:18:58,-60,Tahap-1
01/10/2025,13,18,58,13:18:58,4,Tahap-1
01/10/2025,13,18,58,13:18:58,32,Tahap-1
01/10/2025,13,18,58,13:18:58,-124,Tahap-1
01/10/2025,13,18,58,13:18:58,20,Tahap-1
01/10/2025,13,18,58,13:18:58,-88,Tahap-1
01/10/2025,13,18,58,13:18:58,4,Tahap-1
01/10/2025,13,18,58,13:18:58,20,Tahap-1
01/10/2025,13,18,59,13:18:59,-72,Tahap-1
01/10/2025,13,18,59,13:18:59,68,Tahap-1
01/10/2025,13,18,59,13:18:59,-132,Tahap-1
01/10/2025,13,18,59,13:18:59,52,Tahap-1
01/10/2025,13,18,59,13:18:59,-52,Tahap-1
01/10/2025,13,18,59,13:18:59,48,Tahap-1
01/10/2025,13,18,59,13:18:59,24,Tahap-1
01/10/2025,13,18,59,13:18:59,-44,Tahap-1
01/10/2025,13,18,59,13:18:59,-28,Tahap-1
01/10/2025,13,18,59,13:18:59,12,Tahap-1
01/10/2025,13,19,1,13:19:01,92,Tahap-1
01/10/2025,13,19,1,13:19:01,140,Tahap-1
01/10/2025,13,19,1,13:19:01,32,Tahap-1
01/10/2025,13,19,1,13:19:01,196,Tahap-1
01/10/2025,13,19,1,13:19:01,-8,Tahap-1
01/10/2025,13,19,1,13:19:01,152,Tahap-1
01/10/2025,13,19,1,13:19:01,128,Tahap-1
01/10/2025,13,19,1,13:19:01,64,Tahap-1
01/10/2025,13,19,1,13:19:01,112,Tahap-1
01/10/2025,13,19,1,13:19:01,44,Tahap-1
01/10/2025,13,19,2,13:19:02,124,Tahap-1
01/10/2025,13,19,2,13:19:02,76,Tahap-1
01/10/2025,13,19,2,13:19:02,48,Tahap-1
01/10/2025,13,19,2,13:19:02,188,Tahap-1
01/10/2025,13,19,2,13:19:02,4,Tahap-1
01/10/2025,13,19,2,13:19:02,156,Tahap-1
01/10/2025,13,19,2,13:19:02,16,Tahap-1
01/10/2025,13,19,2,13:19:02,36,Tahap-1
01/10/2025,13,19,2,13:19:02,156,Tahap-1
01/10/2025,13,19,2,13:19:02,-4,Tahap-1
01/10/2025,13,19,3,13:19:03,156,Tahap-1
01/10/2025,13,19,3,13:19:03,8,Tahap-1
01/10/2025,13,19,3,13:19:03,112,Tahap-1
01/10/2025,13,19,3,13:19:03,116,Tahap-1
01/10/2025,13,19,3,13:19:03,40,Tahap-1
01/10/2025,13,19,3,13:19:03,152,Tahap-1
01/10/2025,13,19,28,13:19:28,3678,Tahap-1
01/10/2025,13,19,28,13:19:28,2489,Tahap-1
01/10/2025,13,19,28,13:19:28,1454,Tahap-1
01/10/2025,13,19,28,13:19:28,344,Tahap-1
01/10/2025,13,19,28,13:19:28,618,Tahap-1
01/10/2025,13,19,28,13:19:28,444,Tahap-1
01/10/2025,13,19,28,13:19:28,231,Tahap-1
01/10/2025,13,19,28,13:19:28,563,Tahap-1
01/10/2025,13,19,28,13:19:28,391,Tahap-1
01/10/2025,13,19,28,13:19:28,147,Tahap-1
01/10/2025,13,19,29,13:19:29,462,Tahap-1
01/10/2025,13,19,29,13:19:29,244,Tahap-1
01/10/2025,13,19,29,13:19:29,315,Tahap-1
01/10/2025,13,19,29,13:19:29,151,Tahap-1
01/10/2025,13,19,29,13:19:29,131,Tahap-1
01/10/2025,13,19,29,13:19:29,233,Tahap-1
01/10/2025,13,19,29,13:19:29,256,Tahap-1
01/10/2025,13,19,29,13:19:29,336,Tahap-1
01/10/2025,13,19,29,13:19:29,151,Tahap-1
01/10/2025,13,19,29,13:19:29,231,Tahap-1
01/10/2025,13,19,30,13:19:30,222,Tahap-1
01/10/2025,13,19,30,13:19:30,255,Tahap-1
01/10/2025,13,19,30,13:19:30,93,Tahap-1
01/10/2025,13,19,30,13:19:30,167,Tahap-1
01/10/2025,13,19,30,13:19:30,134,Tahap-1
01/10/2025,13,19,30,13:19:30,232,Tahap-1
01/10/2025,13,19,30,13:19:30,378,Tahap-1
01/10/2025,13,19,30,13:19:30,235,Tahap-1
01/10/2025,13,19,30,13:19:30,263,Tahap-1
01/10/2025,13,19,30,13:19:30,210,Tahap-1
01/10/2025,13,19,31,13:19:31,307,Tahap-1
01/10/2025,13,19,31,13:19:31,193,Tahap-1
01/10/2025,13,19,31,13:19:31,262,Tahap-1
01/10/2025,13,19,31,13:19:31,147,Tahap-1
01/10/2025,13,19,31,13:19:31,195,Tahap-1
01/10/2025,13,19,31,13:19:31,185,Tahap-1
01/10/2025,13,19,31,13:19:31,171,Tahap-1
01/10/2025,13,19,31,13:19:31,176,Tahap-1
01/10/2025,13,19,31,13:19:31,98,Tahap-1
01/10/2025,13,19,31,13:19:31,161,Tahap-1
01/10/2025,13,19,32,13:19:32,153,Tahap-1
01/10/2025,13,19,32,13:19:32,188,Tahap-1
01/10/2025,13,19,32,13:19:32,206,Tahap-1
01/10/2025,13,19,32,13:19:32,214,Tahap-1
01/10/2025,13,19,32,13:19:32,460,Tahap-1
01/10/2025,13,19,32,13:19:32,164,Tahap-1
01/10/2025,13,19,32,13:19:32,54,Tahap-1
01/10/2025,13,19,32,13:19:32,57,Tahap-1
01/10/2025,13,19,32,13:19:32,66,Tahap-1
01/10/2025,13,19,32,13:19:32,93,Tahap-1
01/10/2025,13,19,33,13:19:33,55,Tahap-1
01/10/2025,13,19,33,13:19:33,125,Tahap-1
01/10/2025,13,19,33,13:19:33,119,Tahap-1
01/10/2025,13,19,33,13:19:33,90,Tahap-1
01/10/2025,13,19,33,13:19:33,138,Tahap-1
01/10/2025,13,19,33,13:19:33,197,Tahap-1
01/10/2025,13,19,33,13:19:33,51,Tahap-1
01/10/2025,13,19,33,13:19:33,113,Tahap-1
01/10/2025,13,19,33,13:19:33,58,Tahap-1
01/10/2025,13,19,33,13:19:33,184,Tahap-1
01/10/2025,13,19,34,13:19:34,164,Tahap-1
01/10/2025,13,19,34,13:19:34,98,Tahap-1
01/10/2025,13,19,34,13:19:34,87,Tahap-1
01/10/2025,13,19,34,13:19:34,173,Tahap-1
01/10/2025,13,19,34,13:19:34,307,Tahap-1
01/10/2025,13,19,34,13:19:34,91,Tahap-1
01/10/2025,13,19,34,13:19:34,142,Tahap-1
01/10/2025,13,19,34,13:19:34,95,Tahap-1
01/10/2025,13,19,34,13:19:34,79,Tahap-1
01/10/2025,13,19,34,13:19:34,153,Tahap-1
01/10/2025,13,19,35,13:19:35,169,Tahap-1
01/10/2025,13,19,35,13:19:35,55,Tahap-1
01/10/2025,13,19,35,13:19:35,274,Tahap-1
01/10/2025,13,19,35,13:19:35,86,Tahap-1
01/10/2025,13,19,35,13:19:35,69,Tahap-1
01/10/2025,13,19,35,13:19:35,149,Tahap-1
01/10/2025,13,19,35,13:19:35,167,Tahap-1
01/10/2025,13,19,35,13:19:35,362,Tahap-1
01/10/2025,13,19,35,13:19:35,32,Tahap-1
01/10/2025,13,19,35,13:19:35,307,Tahap-1
01/10/2025,13,19,36,13:19:36,143,Tahap-1
01/10/2025,13,19,36,13:19:36,270,Tahap-1
01/10/2025,13,19,36,13:19:36,271,Tahap-1
01/10/2025,13,19,36,13:19:36,62,Tahap-1
01/10/2025,13,19,36,13:19:36,104,Tahap-1
01/10/2025,13,19,36,13:19:36,139,Tahap-1
01/10/2025,13,19,36,13:19:36,97,Tahap-1
01/10/2025,13,19,36,13:19:36,272,Tahap-1
01/10/2025,13,19,36,13:19:36,134,Tahap-1
01/10/2025,13,19,36,13:19:36,66,Tahap-1
01/10/2025,13,19,37,13:19:37,475,Tahap-1
01/10/2025,13,19,37,13:19:37,90,Tahap-1
01/10/2025,13,19,37,13:19:37,137,Tahap-1
01/10/2025,13,19,37,13:19:37,236,Tahap-1
01/10/2025,13,19,37,13:19:37,247,Tahap-1
01/10/2025,13,19,37,13:19:37,284,Tahap-1
01/10/2025,13,19,37,13:19:37,145,Tahap-1
01/10/2025,13,19,37,13:19:37,9,Tahap-1
01/10/2025,13,19,37,13:19:37,277,Tahap-1
01/10/2025,13,19,37,13:19:37,264,Tahap-1
01/10/2025,13,19,38,13:19:38,358,Tahap-1
01/10/2025,13,19,38,13:19:38,160,Tahap-1
01/10/2025,13,19,38,13:19:38,169,Tahap-1
01/10/2025,13,19,38,13:19:38,922,Tahap-1
01/10/2025,13,19,38,13:19:38,586,Tahap-1
01/10/2025,13,19,38,13:19:38,573,Tahap-1
01/10/2025,13,19,38,13:19:38,209,Tahap-1
01/10/2025,13,19,38,13:19:38,134,Tahap-1
01/10/2025,13,19,38,13:19:38,155,Tahap-1
01/10/2025,13,19,38,13:19:38,208,Tahap-1
01/10/2025,13,19,39,13:19:39,238,Tahap-1
01/10/2025,13,19,39,13:19:39,110,Tahap-1
01/10/2025,13,19,39,13:19:39,225,Tahap-1
01/10/2025,13,19,39,13:19:39,73,Tahap-1
01/10/2025,13,19,39,13:19:39,21,Tahap-1
01/10/2025,13,19,39,13:19:39,158,Tahap-1
01/10/2025,13,19,39,13:19:39,192,Tahap-1
01/10/2025,13,19,39,13:19:39,396,Tahap-1
01/10/2025,13,19,39,13:19:39,227,Tahap-1
01/10/2025,13,19,39,13:19:39,484,Tahap-1
01/10/2025,13,19,40,13:19:40,181,Tahap-1
01/10/2025,13,19,40,13:19:40,357,Tahap-1
01/10/2025,13,19,40,13:19:40,254,Tahap-1
01/10/2025,13,19,40,13:19:40,195,Tahap-1
01/10/2025,13,19,40,13:19:40,334,Tahap-1
01/10/2025,13,19,40,13:19:40,556,Tahap-1
01/10/2025,13,19,40,13:19:40,156,Tahap-1
01/10/2025,13,19,40,13:19:40,-140,Tahap-1
01/10/2025,13,19,40,13:19:40,-96,Tahap-1
01/10/2025,13,19,40,13:19:40,-104,Tahap-1
01/10/2025,13,19,42,13:19:42,-76,Tahap-1
01/10/2025,13,19,42,13:19:42,-160,Tahap-1
01/10/2025,13,19,42,13:19:42,-132,Tahap-1
01/10/2025,13,19,42,13:19:42,-80,Tahap-1
01/10/2025,13,19,42,13:19:42,-196,Tahap-1
01/10/2025,13,19,42,13:19:42,-84,Tahap-1
01/10/2025,13,19,42,13:19:42,-148,Tahap-1
01/10/2025,13,19,42,13:19:42,-56,Tahap-1
01/10/2025,13,19,42,13:19:42,-104,Tahap-1
01/10/2025,13,19,42,13:19:42,-92,Tahap-1
01/10/2025,13,19,42,13:19:42,-104,Tahap-1
01/10/2025,13,19,42,13:19:42,-88,Tahap-1
01/10/2025,13,19,42,13:19:42,-112,Tahap-1
01/10/2025,13,19,42,13:19:42,-124,Tahap-1
01/10/2025,13,19,42,13:19:42,-180,Tahap-1
01/10/2025,13,19,42,13:19:42,-100,Tahap-1
01/10/2025,13,19,42,13:19:42,-152,Tahap-1
01/10/2025,13,19,42,13:19:42,-44,Tahap-1
01/10/2025,13,19,42,13:19:42,-84,Tahap-1
01/10/2025,13,19,42,13:19:42,-128,Tahap-1
01/10/2025,13,19,43,13:19:43,-60,Tahap-1
01/10/2025,13,19,43,13:19:43,-180,Tahap-1
01/10/2025,13,19,43,13:19:43,-36,Tahap-1
01/10/2025,13,19,43,13:19:43,-160,Tahap-1
01/10/2025,13,19,43,13:19:43,-48,Tahap-1
01/10/2025,13,19,43,13:19:43,-96,Tahap-1
01/10/2025,13,19,43,13:19:43,-136,Tahap-1
01/10/2025,13,19,43,13:19:43,4,Tahap-1
01/10/2025,13,19,43,13:19:43,-80,Tahap-1
01/10/2025,13,19,43,13:19:43,-88,Tahap-1
01/10/2025,13,19,44,13:19:44,-108,Tahap-1
01/10/2025,13,19,44,13:19:44,-100,Tahap-1
01/10/2025,13,19,44,13:19:44,-108,Tahap-1
01/10/2025,13,19,44,13:19:44,-100,Tahap-1
01/10/2025,13,19,44,13:19:44,-80,Tahap-1
01/10/2025,13,19,44,13:19:44,12,Tahap-1
01/10/2025,13,19,44,13:19:44,-136,Tahap-1
01/10/2025,13,19,44,13:19:44,-96,Tahap-1
01/10/2025,13,19,44,13:19:44,-136,Tahap-1
01/10/2025,13,19,44,13:19:44,-8,Tahap-1
01/10/2025,13,19,45,13:19:45,-160,Tahap-1
01/10/2025,13,19,45,13:19:45,-120,Tahap-1
01/10/2025,13,19,45,13:19:45,-80,Tahap-1
01/10/2025,13,19,45,13:19:45,-108,Tahap-1
01/10/2025,13,19,45,13:19:45,-188,Tahap-1
01/10/2025,13,19,45,13:19:45,-40,Tahap-1
01/10/2025,13,19,45,13:19:45,-88,Tahap-1
01/10/2025,13,19,45,13:19:45,-176,Tahap-1
01/10/2025,13,19,45,13:19:45,-72,Tahap-1
01/10/2025,13,19,45,13:19:45,-92,Tahap-1
01/10/2025,13,19,46,13:19:46,-104,Tahap-1
01/10/2025,13,19,46,13:19:46,-64,Tahap-1
01/10/2025,13,19,46,13:19:46,-68,Tahap-1
01/10/2025,13,19,46,13:19:46,-88,Tahap-1
01/10/2025,13,19,46,13:19:46,-92,Tahap-1
01/10/2025,13,19,46,13:19:46,-76,Tahap-1
01/10/2025,13,19,46,13:19:46,-20,Tahap-1
01/10/2025,13,19,46,13:19:46,8,Tahap-1
01/10/2025,13,19,46,13:19:46,-52,Tahap-1
01/10/2025,13,19,47,13:19:47,-56,Tahap-1
01/10/2025,13,19,47,13:19:47,-60,Tahap-1
01/10/2025,13,19,47,13:19:47,-8,Tahap-1
01/10/2025,13,19,47,13:19:47,16,Tahap-1
01/10/2025,13,19,47,13:19:47,-128,Tahap-1
01/10/2025,13,19,47,13:19:47,96,Tahap-1
01/10/2025,13,19,47,13:19:47,-108,Tahap-1
01/10/2025,13,19,47,13:19:47,12,Tahap-1
01/10/2025,13,19,47,13:19:47,-20,Tahap-1
01/10/2025,13,19,47,13:19:47,-44,Tahap-1
01/10/2025,13,19,48,13:19:48,-48,Tahap-1
01/10/2025,13,19,48,13:19:48,-24,Tahap-1
01/10/2025,13,19,48,13:19:48,-24,Tahap-1
01/10/2025,13,19,48,13:19:48,44,Tahap-1
01/10/2025,13,19,48,13:19:48,-4,Tahap-1
01/10/2025,13,19,48,13:19:48,96,Tahap-1
01/10/2025,13,19,48,13:19:48,80,Tahap-1
01/10/2025,13,19,48,13:19:48,64,Tahap-1
01/10/2025,13,19,48,13:19:48,112,Tahap-1
01/10/2025,13,19,49,13:19:49,92,Tahap-1
01/10/2025,13,19,49,13:19:49,20,Tahap-1
01/10/2025,13,19,49,13:19:49,196,Tahap-1
01/10/2025,13,19,49,13:19:49,16,Tahap-1
01/10/2025,13,19,49,13:19:49,180,Tahap-1
01/10/2025,13,19,49,13:19:49,148,Tahap-1
01/10/2025,13,19,49,13:19:49,136,Tahap-1
01/10/2025,13,19,49,13:19:49,136,Tahap-1
01/10/2025,13,19,49,13:19:49,128,Tahap-1
01/10/2025,13,19,49,13:19:49,64,Tahap-1
01/10/2025,13,19,50,13:19:50,160,Tahap-1
01/10/2025,13,19,50,13:19:50,136,Tahap-1
01/10/2025,13,19,50,13:19:50,192,Tahap-1
01/10/2025,13,19,50,13:19:50,100,Tahap-1
01/10/2025,13,19,50,13:19:50,224,Tahap-1
01/10/2025,13,19,50,13:19:50,192,Tahap-1
01/10/2025,13,19,50,13:19:50,176,Tahap-1
01/10/2025,13,19,50,13:19:50,232,Tahap-1
01/10/2025,13,19,50,13:19:50,156,Tahap-1
01/10/2025,13,19,50,13:19:50,168,Tahap-1
01/10/2025,13,19,51,13:19:51,120,Tahap-1
01/10/2025,13,19,51,13:19:51,252,Tahap-1
01/10/2025,13,19,51,13:19:51,224,Tahap-1
01/10/2025,13,19,51,13:19:51,152,Tahap-1
01/10/2025,13,19,51,13:19:51,284,Tahap-1
01/10/2025,13,19,51,13:19:51,136,Tahap-1
01/10/2025,13,19,51,13:19:51,244,Tahap-1
01/10/2025,13,19,51,13:19:51,236,Tahap-1
01/10/2025,13,19,51,13:19:51,240,Tahap-1
01/10/2025,13,19,51,13:19:51,236,Tahap-1
01/10/2025,13,19,51,13:19:51,256,Tahap-1
01/10/2025,13,19,52,13:19:52,268,Tahap-1
01/10/2025,13,19,52,13:19:52,236,Tahap-1
01/10/2025,13,19,52,13:19:52,268,Tahap-1
01/10/2025,13,19,52,13:19:52,316,Tahap-1
01/10/2025,13,19,52,13:19:52,184,Tahap-1
01/10/2025,13,19,52,13:19:52,296,Tahap-1
01/10/2025,13,19,52,13:19:52,196,Tahap-1
01/10/2025,13,19,52,13:19:52,280,Tahap-1
01/10/2025,13,19,52,13:19:52,292,Tahap-1
01/10/2025,13,19,52,13:19:52,216,Tahap-1
01/10/2025,13,19,53,13:19:53,332,Tahap-1
01/10/2025,13,19,53,13:19:53,228,Tahap-1
01/10/2025,13,19,53,13:19:53,340,Tahap-1
01/10/2025,13,19,53,13:19:53,320,Tahap-1
01/10/2025,13,19,53,13:19:53,332,Tahap-1
01/10/2025,13,20,17,13:20:17,3639,Tahap-1
01/10/2025,13,20,18,13:20:18,1754,Tahap-1
01/10/2025,13,20,18,13:20:18,73,Tahap-1
01/10/2025,13,20,18,13:20:18,488,Tahap-1
01/10/2025,13,20,18,13:20:18,450,Tahap-1
01/10/2025,13,20,18,13:20:18,322,Tahap-1
01/10/2025,13,20,18,13:20:18,771,Tahap-1
01/10/2025,13,20,18,13:20:18,69,Tahap-1
01/10/2025,13,20,18,13:20:18,223,Tahap-1
01/10/2025,13,20,18,13:20:18,345,Tahap-1
01/10/2025,13,20,18,13:20:18,408,Tahap-1
01/10/2025,13,20,19,13:20:19,54,Tahap-1
01/10/2025,13,20,19,13:20:19,174,Tahap-1
01/10/2025,13,20,19,13:20:19,177,Tahap-1
01/10/2025,13,20,19,13:20:19,150,Tahap-1
01/10/2025,13,20,19,13:20:19,140,Tahap-1
01/10/2025,13,20,19,13:20:19,139,Tahap-1
01/10/2025,13,20,19,13:20:19,133,Tahap-1
01/10/2025,13,20,19,13:20:19,91,Tahap-1
01/10/2025,13,20,19,13:20:19,101,Tahap-1
01/10/2025,13,20,19,13:20:19,135,Tahap-1
01/10/2025,13,20,20,13:20:20,93,Tahap-1
01/10/2025,13,20,20,13:20:20,108,Tahap-1
01/10/2025,13,20,20,13:20:20,175,Tahap-1
01/10/2025,13,20,20,13:20:20,67,Tahap-1
01/10/2025,13,20,20,13:20:20,355,Tahap-1
01/10/2025,13,20,20,13:20:20,264,Tahap-1
01/10/2025,13,20,20,13:20:20,159,Tahap-1
01/10/2025,13,20,20,13:20:20,105,Tahap-1
01/10/2025,13,20,20,13:20:20,354,Tahap-1
01/10/2025,13,20,20,13:20:20,140,Tahap-1
01/10/2025,13,20,21,13:20:21,118,Tahap-1
01/10/2025,13,20,21,13:20:21,96,Tahap-1
01/10/2025,13,20,21,13:20:21,220,Tahap-1
01/10/2025,13,20,21,13:20:21,266,Tahap-1
01/10/2025,13,20,21,13:20:21,86,Tahap-1
01/10/2025,13,20,21,13:20:21,43,Tahap-1
01/10/2025,13,20,21,13:20:21,87,Tahap-1
01/10/2025,13,20,21,13:20:21,57,Tahap-1
01/10/2025,13,20,21,13:20:21,74,Tahap-1
01/10/2025,13,20,21,13:20:21,159,Tahap-1
01/10/2025,13,20,22,13:20:22,90,Tahap-1
01/10/2025,13,20,22,13:20:22,138,Tahap-1
01/10/2025,13,20,22,13:20:22,175,Tahap-1
01/10/2025,13,20,22,13:20:22,492,Tahap-1
01/10/2025,13,20,22,13:20:22,216,Tahap-1
01/10/2025,13,20,22,13:20:22,127,Tahap-1
01/10/2025,13,20,22,13:20:22,126,Tahap-1
01/10/2025,13,20,22,13:20:22,69,Tahap-1
01/10/2025,13,20,22,13:20:22,47,Tahap-1
01/10/2025,13,20,22,13:20:22,28,Tahap-1
01/10/2025,13,20,23,13:20:23,208,Tahap-1
01/10/2025,13,20,23,13:20:23,106,Tahap-1
01/10/2025,13,20,23,13:20:23,116,Tahap-1
01/10/2025,13,20,23,13:20:23,7,Tahap-1
01/10/2025,13,20,23,13:20:23,76,Tahap-1
01/10/2025,13,20,23,13:20:23,17,Tahap-1
01/10/2025,13,20,23,13:20:23,68,Tahap-1
01/10/2025,13,20,23,13:20:23,52,Tahap-1
01/10/2025,13,20,23,13:20:23,117,Tahap-1
01/10/2025,13,20,23,13:20:23,125,Tahap-1
01/10/2025,13,20,24,13:20:24,117,Tahap-1
01/10/2025,13,20,24,13:20:24,108,Tahap-1
01/10/2025,13,20,24,13:20:24,102,Tahap-1
01/10/2025,13,20,24,13:20:24,128,Tahap-1
01/10/2025,13,20,24,13:20:24,64,Tahap-1
01/10/2025,13,20,24,13:20:24,67,Tahap-1
01/10/2025,13,20,24,13:20:24,51,Tahap-1
01/10/2025,13,20,24,13:20:24,147,Tahap-1
01/10/2025,13,20,24,13:20:24,188,Tahap-1
01/10/2025,13,20,24,13:20:24,30,Tahap-1
01/10/2025,13,20,25,13:20:25,108,Tahap-1
01/10/2025,13,20,25,13:20:25,46,Tahap-1
01/10/2025,13,20,25,13:20:25,186,Tahap-1
01/10/2025,13,20,25,13:20:25,75,Tahap-1
01/10/2025,13,20,25,13:20:25,293,Tahap-1
01/10/2025,13,20,25,13:20:25,220,Tahap-1
01/10/2025,13,20,25,13:20:25,570,Tahap-1
01/10/2025,13,20,25,13:20:25,193,Tahap-1
01/10/2025,13,20,25,13:20:25,77,Tahap-1
01/10/2025,13,20,25,13:20:25,15,Tahap-1
01/10/2025,13,20,26,13:20:26,125,Tahap-1
01/10/2025,13,20,26,13:20:26,231,Tahap-1
01/10/2025,13,20,26,13:20:26,58,Tahap-1
01/10/2025,13,20,26,13:20:26,23,Tahap-1
01/10/2025,13,20,26,13:20:26,165,Tahap-1
01/10/2025,13,20,26,13:20:26,80,Tahap-1
01/10/2025,13,20,26,13:20:26,104,Tahap-1
01/10/2025,13,20,26,13:20:26,27,Tahap-1
01/10/2025,13,20,26,13:20:26,254,Tahap-1
01/10/2025,13,20,26,13:20:26,499,Tahap-1
01/10/2025,13,20,27,13:20:27,40,Tahap-1
01/10/2025,13,20,27,13:20:27,106,Tahap-1
01/10/2025,13,20,27,13:20:27,64,Tahap-1
01/10/2025,13,20,27,13:20:27,125,Tahap-1
01/10/2025,13,20,27,13:20:27,109,Tahap-1
01/10/2025,13,20,27,13:20:27,78,Tahap-1
01/10/2025,13,20,27,13:20:27,221,Tahap-1
01/10/2025,13,20,27,13:20:27,167,Tahap-1
01/10/2025,13,20,27,13:20:27,295,Tahap-1
01/10/2025,13,20,27,13:20:27,70,Tahap-1
01/10/2025,13,20,28,13:20:28,194,Tahap-1
01/10/2025,13,20,28,13:20:28,76,Tahap-1
01/10/2025,13,20,28,13:20:28,879,Tahap-1
01/10/2025,13,20,28,13:20:28,1334,Tahap-1
01/10/2025,13,20,28,13:20:28,380,Tahap-1
01/10/2025,13,20,28,13:20:28,162,Tahap-1
01/10/2025,13,20,28,13:20:28,130,Tahap-1
01/10/2025,13,20,28,13:20:28,158,Tahap-1
01/10/2025,13,20,28,13:20:28,124,Tahap-1
01/10/2025,13,20,28,13:20:28,188,Tahap-1
01/10/2025,13,20,29,13:20:29,237,Tahap-1
01/10/2025,13,20,29,13:20:29,82,Tahap-1
01/10/2025,13,20,29,13:20:29,56,Tahap-1
01/10/2025,13,20,29,13:20:29,109,Tahap-1
01/10/2025,13,20,29,13:20:29,64,Tahap-1
01/10/2025,13,20,29,13:20:29,273,Tahap-1
01/10/2025,13,20,29,13:20:29,190,Tahap-1
01/10/2025,13,20,29,13:20:29,191,Tahap-1
01/10/2025,13,20,29,13:20:29,220,Tahap-1
01/10/2025,13,20,29,13:20:29,249,Tahap-1
01/10/2025,13,20,30,13:20:30,378,Tahap-1
01/10/2025,13,20,30,13:20:30,155,Tahap-1
01/10/2025,13,20,30,13:20:30,280,Tahap-1
01/10/2025,13,20,30,13:20:30,860,Tahap-1
01/10/2025,13,20,30,13:20:30,413,Tahap-1
01/10/2025,13,20,30,13:20:30,74,Tahap-1
01/10/2025,13,20,30,13:20:30,-16,Tahap-1
01/10/2025,13,20,30,13:20:30,36,Tahap-1
01/10/2025,13,20,30,13:20:30,136,Tahap-1
01/10/2025,13,20,30,13:20:30,36,Tahap-1
01/10/2025,13,20,31,13:20:31,52,Tahap-1
01/10/2025,13,20,31,13:20:31,48,Tahap-1
01/10/2025,13,20,31,13:20:31,44,Tahap-1
01/10/2025,13,20,31,13:20:31,160,Tahap-1
01/10/2025,13,20,31,13:20:31,44,Tahap-1
01/10/2025,13,20,31,13:20:31,144,Tahap-1
01/10/2025,13,20,31,13:20:31,56,Tahap-1
01/10/2025,13,20,31,13:20:31,120,Tahap-1
01/10/2025,13,20,31,13:20:31,116,Tahap-1
01/10/2025,13,20,31,13:20:31,88,Tahap-1
01/10/2025,13,20,32,13:20:32,116,Tahap-1
01/10/2025,13,20,32,13:20:32,16,Tahap-1
01/10/2025,13,20,32,13:20:32,132,Tahap-1
01/10/2025,13,20,32,13:20:32,60,Tahap-1
01/10/2025,13,20,32,13:20:32,36,Tahap-1
01/10/2025,13,20,32,13:20:32,176,Tahap-1
01/10/2025,13,20,32,13:20:32,36,Tahap-1
01/10/2025,13,20,32,13:20:32,72,Tahap-1
01/10/2025,13,20,32,13:20:32,76,Tahap-1
01/10/2025,13,20,32,13:20:32,32,Tahap-1
01/10/2025,13,20,33,13:20:33,112,Tahap-1
01/10/2025,13,20,33,13:20:33,40,Tahap-1
01/10/2025,13,20,33,13:20:33,88,Tahap-1
01/10/2025,13,20,33,13:20:33,24,Tahap-1
01/10/2025,13,20,33,13:20:33,92,Tahap-1
01/10/2025,13,20,33,13:20:33,84,Tahap-1
01/10/2025,13,20,33,13:20:33,88,Tahap-1
01/10/2025,13,20,33,13:20:33,160,Tahap-1
01/10/2025,13,20,33,13:20:33,88,Tahap-1
01/10/2025,13,20,33,13:20:33,116,Tahap-1
01/10/2025,13,20,34,13:20:34,92,Tahap-1
01/10/2025,13,20,34,13:20:34,84,Tahap-1
01/10/2025,13,20,34,13:20:34,244,Tahap-1
01/10/2025,13,20,34,13:20:34,32,Tahap-1
01/10/2025,13,20,34,13:20:34,232,Tahap-1
01/10/2025,13,20,34,13:20:34,108,Tahap-1
01/10/2025,13,20,34,13:20:34,140,Tahap-1
01/10/2025,13,20,34,13:20:34,192,Tahap-1
01/10/2025,13,20,34,13:20:34,116,Tahap-1
01/10/2025,13,20,34,13:20:34,128,Tahap-1
01/10/2025,13,20,35,13:20:35,184,Tahap-1
01/10/2025,13,20,35,13:20:35,140,Tahap-1
01/10/2025,13,20,35,13:20:35,232,Tahap-1
01/10/2025,13,20,35,13:20:35,72,Tahap-1
01/10/2025,13,20,35,13:20:35,340,Tahap-1
01/10/2025,13,20,35,13:20:35,100,Tahap-1
01/10/2025,13,20,35,13:20:35,220,Tahap-1
01/10/2025,13,20,35,13:20:35,180,Tahap-1
01/10/2025,13,20,35,13:20:35,172,Tahap-1
01/10/2025,13,20,35,13:20:35,188,Tahap-1
01/10/2025,13,20,36,13:20:36,124,Tahap-1
01/10/2025,13,20,36,13:20:36,148,Tahap-1
01/10/2025,13,20,36,13:20:36,260,Tahap-1
01/10/2025,13,20,36,13:20:36,36,Tahap-1
01/10/2025,13,20,36,13:20:36,292,Tahap-1
01/10/2025,13,20,36,13:20:36,144,Tahap-1
01/10/2025,13,20,36,13:20:36,128,Tahap-1
01/10/2025,13,20,36,13:20:36,124,Tahap-1
01/10/2025,13,20,36,13:20:36,132,Tahap-1
01/10/2025,13,20,36,13:20:36,124,Tahap-1
01/10/2025,13,20,37,13:20:37,120,Tahap-1
01/10/2025,13,20,37,13:20:37,188,Tahap-1
01/10/2025,13,20,37,13:20:37,144,Tahap-1
01/10/2025,13,20,37,13:20:37,20,Tahap-1
01/10/2025,13,20,37,13:20:37,220,Tahap-1
01/10/2025,13,20,37,13:20:37,16,Tahap-1
01/10/2025,13,20,37,13:20:37,144,Tahap-1
01/10/2025,13,20,37,13:20:37,88,Tahap-1
01/10/2025,13,20,37,13:20:37,36,Tahap-1
01/10/2025,13,20,37,13:20:37,92,Tahap-1
01/10/2025,13,20,38,13:20:38,44,Tahap-1
01/10/2025,13,20,38,13:20:38,232,Tahap-1
01/10/2025,13,20,38,13:20:38,64,Tahap-1
01/10/2025,13,20,38,13:20:38,76,Tahap-1
01/10/2025,13,20,38,13:20:38,120,Tahap-1
01/10/2025,13,20,38,13:20:38,20,Tahap-1
01/10/2025,13,20,38,13:20:38,104,Tahap-1
01/10/2025,13,20,38,13:20:38,64,Tahap-1
01/10/2025,13,20,38,13:20:38,64,Tahap-1
01/10/2025,13,20,38,13:20:38,68,Tahap-1
01/10/2025,13,20,39,13:20:39,-4,Tahap-1
01/10/2025,13,20,39,13:20:39,80,Tahap-1
01/10/2025,13,20,39,13:20:39,-32,Tahap-1
01/10/2025,13,20,39,13:20:39,88,Tahap-1
01/10/2025,13,20,39,13:20:39,36,Tahap-1
01/10/2025,13,20,39,13:20:39,-64,Tahap-1
01/10/2025,13,20,39,13:20:39,16,Tahap-1
01/10/2025,13,20,39,13:20:39,-64,Tahap-1
01/10/2025,13,20,39,13:20:39,24,Tahap-1
01/10/2025,13,20,39,13:20:39,-44,Tahap-1
01/10/2025,13,20,40,13:20:40,-120,Tahap-1
01/10/2025,13,20,40,13:20:40,56,Tahap-1
01/10/2025,13,20,40,13:20:40,-164,Tahap-1
01/10/2025,13,20,40,13:20:40,20,Tahap-1
01/10/2025,13,20,40,13:20:40,-56,Tahap-1
01/10/2025,13,20,40,13:20:40,8,Tahap-1
01/10/2025,13,20,40,13:20:40,-68,Tahap-1
01/10/2025,13,20,40,13:20:40,-108,Tahap-1
01/10/2025,13,20,40,13:20:40,-108,Tahap-1
01/10/2025,13,20,40,13:20:40,-8,Tahap-1
01/10/2025,13,20,42,13:20:42,-72,Tahap-1
01/10/2025,13,20,42,13:20:42,4,Tahap-1
01/10/2025,13,20,42,13:20:42,-132,Tahap-1
01/10/2025,13,20,42,13:20:42,44,Tahap-1
01/10/2025,13,20,42,13:20:42,-140,Tahap-1
01/10/2025,13,20,42,13:20:42,32,Tahap-1
01/10/2025,13,20,42,13:20:42,-64,Tahap-1
01/10/2025,13,20,42,13:20:42,-100,Tahap-1
01/10/2025,13,20,42,13:20:42,-84,Tahap-1
01/10/2025,13,20,42,13:20:42,-152,Tahap-1
01/10/2025,13,20,42,13:20:42,16,Tahap-1
01/10/2025,13,20,42,13:20:42,-68,Tahap-1
01/10/2025,13,20,42,13:20:42,-100,Tahap-1
01/10/2025,13,20,42,13:20:42,-12,Tahap-1
01/10/2025,13,20,42,13:20:42,-148,Tahap-1
01/10/2025,13,20,42,13:20:42,-88,Tahap-1
01/10/2025,13,20,42,13:20:42,-108,Tahap-1
01/10/2025,13,20,42,13:20:42,-36,Tahap-1
01/10/2025,13,20,42,13:20:42,-128,Tahap-1
01/10/2025,13,20,42,13:20:42,-108,Tahap-1
01/10/2025,13,20,43,13:20:43,-20,Tahap-1
01/10/2025,13,20,43,13:20:43,-108,Tahap-1
01/10/2025,13,20,43,13:20:43,-44,Tahap-1
01/10/2025,13,20,43,13:20:43,-36,Tahap-1
01/10/2025,13,20,43,13:20:43,-200,Tahap-1
01/10/2025,13,21,7,13:21:07,4172,Tahap-1
01/10/2025,13,21,7,13:21:07,732,Tahap-1
01/10/2025,13,21,8,13:21:08,363,Tahap-1
01/10/2025,13,21,8,13:21:08,176,Tahap-1
01/10/2025,13,21,8,13:21:08,277,Tahap-1
01/10/2025,13,21,8,13:21:08,313,Tahap-1
01/10/2025,13,21,8,13:21:08,813,Tahap-1
01/10/2025,13,21,8,13:21:08,158,Tahap-1
01/10/2025,13,21,8,13:21:08,307,Tahap-1
01/10/2025,13,21,8,13:21:08,297,Tahap-1
01/10/2025,13,21,8,13:21:08,131,Tahap-1
01/10/2025,13,21,8,13:21:08,203,Tahap-1
01/10/2025,13,21,9,13:21:09,87,Tahap-1
01/10/2025,13,21,9,13:21:09,167,Tahap-1
01/10/2025,13,21,9,13:21:09,16,Tahap-1
01/10/2025,13,21,9,13:21:09,38,Tahap-1
01/10/2025,13,21,9,13:21:09,47,Tahap-1
01/10/2025,13,21,9,13:21:09,64,Tahap-1
01/10/2025,13,21,9,13:21:09,88,Tahap-1
01/10/2025,13,21,9,13:21:09,55,Tahap-1
01/10/2025,13,21,9,13:21:09,219,Tahap-1
01/10/2025,13,21,9,13:21:09,58,Tahap-1
01/10/2025,13,21,10,13:21:10,53,Tahap-1
01/10/2025,13,21,10,13:21:10,103,Tahap-1
01/10/2025,13,21,10,13:21:10,139,Tahap-1
01/10/2025,13,21,10,13:21:10,124,Tahap-1
01/10/2025,13,21,10,13:21:10,266,Tahap-1
01/10/2025,13,21,10,13:21:10,246,Tahap-1
01/10/2025,13,21,10,13:21:10,111,Tahap-1
01/10/2025,13,21,10,13:21:10,231,Tahap-1
01/10/2025,13,21,10,13:21:10,155,Tahap-1
01/10/2025,13,21,10,13:21:10,204,Tahap-1
