Tanggal,Jam,Menit,Detik,Waktu,frekuensi,label
01/22/2025,12,50,18,12:50:18,140,Tahap-3
01/22/2025,12,50,18,12:50:18,150,Tahap-3
01/22/2025,12,50,18,12:50:18,131,Tahap-3
01/22/2025,12,50,18,12:50:18,147,Tahap-3
01/22/2025,12,50,18,12:50:18,1,Tahap-3
01/22/2025,12,50,18,12:50:18,1,Tahap-3
01/22/2025,12,50,18,12:50:18,1,Tahap-3
01/22/2025,12,50,18,12:50:18,1,Tahap-3
01/22/2025,12,50,18,12:50:18,-1,Tahap-3
01/22/2025,12,50,18,12:50:18,-1,Tahap-3
01/22/2025,12,50,18,12:50:18,-1,Tahap-3
01/22/2025,12,50,18,12:50:18,-1,Tahap-3
01/22/2025,12,50,18,12:50:18,-2,Tahap-3
01/22/2025,12,50,18,12:50:18,-2,Tahap-3
01/22/2025,12,50,18,12:50:18,-2,Tahap-3
01/22/2025,12,50,18,12:50:18,-2,Tahap-3
01/22/2025,12,50,18,12:50:18,-3,Tahap-3
01/22/2025,12,50,18,12:50:18,-3,Tahap-3
01/22/2025,12,50,18,12:50:18,-3,Tahap-3
01/22/2025,12,50,18,12:50:18,-3,Tahap-3
01/22/2025,12,50,18,12:50:18,-4,Tahap-3
01/22/2025,12,50,18,12:50:18,-4,Tahap-3
01/22/2025,12,50,18,12:50:18,-4,Tahap-3
01/22/2025,12,50,18,12:50:18,-4,Tahap-3
01/22/2025,12,50,18,12:50:18,-5,Tahap-3
01/22/2025,12,50,19,12:50:19,-5,Tahap-3
01/22/2025,12,50,19,12:50:19,-5,Tahap-3
01/22/2025,12,50,19,12:50:19,-5,Tahap-3
01/22/2025,12,50,19,12:50:19,-6,Tahap-3
01/22/2025,12,50,19,12:50:19,-6,Tahap-3
01/22/2025,12,50,19,12:50:19,-6,Tahap-3
01/22/2025,12,50,19,12:50:19,-6,Tahap-3
01/22/2025,12,50,19,12:50:19,-7,Tahap-3
01/22/2025,12,50,19,12:50:19,-7,Tahap-3
01/22/2025,12,50,19,12:50:19,-7,Tahap-3
01/22/2025,12,50,20,12:50:20,-7,Tahap-3
01/22/2025,12,50,20,12:50:20,-7,Tahap-3
01/22/2025,12,50,20,12:50:20,-8,Tahap-3
01/22/2025,12,50,20,12:50:20,-8,Tahap-3
01/22/2025,12,50,20,12:50:20,-8,Tahap-3
01/22/2025,12,50,20,12:50:20,-8,Tahap-3
01/22/2025,12,50,20,12:50:20,-9,Tahap-3
01/22/2025,12,50,20,12:50:20,-9,Tahap-3
01/22/2025,12,50,20,12:50:20,-9,Tahap-3
01/22/2025,12,50,20,12:50:20,-9,Tahap-3
01/22/2025,12,50,20,12:50:20,-10,Tahap-3
01/22/2025,12,50,21,12:50:21,-10,Tahap-3
01/22/2025,12,50,21,12:50:21,-10,Tahap-3
01/22/2025,12,50,21,12:50:21,-10,Tahap-3
01/22/2025,12,50,21,12:50:21,-11,Tahap-3
01/22/2025,12,50,21,12:50:21,-11,Tahap-3
01/22/2025,12,50,21,12:50:21,-11,Tahap-3
01/22/2025,12,50,21,12:50:21,-11,Tahap-3
01/22/2025,12,50,21,12:50:21,-12,Tahap-3
01/22/2025,12,50,21,12:50:21,-12,Tahap-3
01/22/2025,12,50,21,12:50:21,-12,Tahap-3
01/22/2025,12,50,22,12:50:22,-12,Tahap-3
01/22/2025,12,50,22,12:50:22,-13,Tahap-3
01/22/2025,12,50,22,12:50:22,-13,Tahap-3
01/22/2025,12,50,22,12:50:22,-13,Tahap-3
01/22/2025,12,50,22,12:50:22,-13,Tahap-3
01/22/2025,12,50,22,12:50:22,-14,Tahap-3
01/22/2025,12,50,22,12:50:22,-14,Tahap-3
01/22/2025,12,50,22,12:50:22,-14,Tahap-3
01/22/2025,12,50,22,12:50:22,-14,Tahap-3
01/22/2025,12,50,22,12:50:22,-14,Tahap-3
01/22/2025,12,50,23,12:50:23,-15,Tahap-3
01/22/2025,12,50,23,12:50:23,-15,Tahap-3
01/22/2025,12,50,23,12:50:23,-15,Tahap-3
01/22/2025,12,50,23,12:50:23,-15,Tahap-3
01/22/2025,12,50,23,12:50:23,-16,Tahap-3
01/22/2025,12,50,23,12:50:23,-16,Tahap-3
01/22/2025,12,50,23,12:50:23,-16,Tahap-3
01/22/2025,12,50,23,12:50:23,-16,Tahap-3
01/22/2025,12,50,23,12:50:23,-17,Tahap-3
01/22/2025,12,50,23,12:50:23,-17,Tahap-3
01/22/2025,12,50,24,12:50:24,-17,Tahap-3
01/22/2025,12,50,24,12:50:24,-17,Tahap-3
01/22/2025,12,50,24,12:50:24,-18,Tahap-3
01/22/2025,12,50,24,12:50:24,-18,Tahap-3
01/22/2025,12,50,24,12:50:24,-18,Tahap-3
01/22/2025,12,50,24,12:50:24,-18,Tahap-3
01/22/2025,12,50,24,12:50:24,-19,Tahap-3
01/22/2025,12,50,24,12:50:24,-19,Tahap-3
01/22/2025,12,50,24,12:50:24,-19,Tahap-3
01/22/2025,12,50,24,12:50:24,-19,Tahap-3
01/22/2025,12,50,25,12:50:25,-20,Tahap-3
01/22/2025,12,50,25,12:50:25,-20,Tahap-3
01/22/2025,12,50,25,12:50:25,-20,Tahap-3
01/22/2025,12,50,25,12:50:25,-20,Tahap-3
01/22/2025,12,50,25,12:50:25,-21,Tahap-3
01/22/2025,12,50,25,12:50:25,-21,Tahap-3
01/22/2025,12,50,25,12:50:25,-21,Tahap-3
01/22/2025,12,50,25,12:50:25,-21,Tahap-3
01/22/2025,12,50,25,12:50:25,-21,Tahap-3
01/22/2025,12,50,25,12:50:25,-22,Tahap-3
01/22/2025,12,50,26,12:50:26,-22,Tahap-3
01/22/2025,12,50,26,12:50:26,-22,Tahap-3
01/22/2025,12,50,26,12:50:26,-22,Tahap-3
01/22/2025,12,50,26,12:50:26,-23,Tahap-3
01/22/2025,12,50,26,12:50:26,-23,Tahap-3
01/22/2025,12,50,26,12:50:26,-23,Tahap-3
01/22/2025,12,50,26,12:50:26,-23,Tahap-3
01/22/2025,12,50,26,12:50:26,-24,Tahap-3
01/22/2025,12,50,26,12:50:26,-24,Tahap-3
01/22/2025,12,50,26,12:50:26,-24,Tahap-3
01/22/2025,12,50,27,12:50:27,-24,Tahap-3
01/22/2025,12,50,27,12:50:27,-25,Tahap-3
01/22/2025,12,50,27,12:50:27,-25,Tahap-3
01/22/2025,12,50,27,12:50:27,-25,Tahap-3
01/22/2025,12,50,27,12:50:27,-25,Tahap-3
01/22/2025,12,50,27,12:50:27,-26,Tahap-3
01/22/2025,12,50,27,12:50:27,-26,Tahap-3
01/22/2025,12,50,27,12:50:27,-26,Tahap-3
01/22/2025,12,50,27,12:50:27,-26,Tahap-3
01/22/2025,12,50,27,12:50:27,-26,Tahap-3
01/22/2025,12,50,28,12:50:28,-27,Tahap-3
01/22/2025,12,50,28,12:50:28,-27,Tahap-3
01/22/2025,12,50,28,12:50:28,-27,Tahap-3
01/22/2025,12,50,28,12:50:28,-27,Tahap-3
01/22/2025,12,50,28,12:50:28,-28,Tahap-3
01/22/2025,12,50,28,12:50:28,-28,Tahap-3
01/22/2025,12,50,28,12:50:28,-28,Tahap-3
01/22/2025,12,50,28,12:50:28,-28,Tahap-3
01/22/2025,12,50,28,12:50:28,-29,Tahap-3
01/22/2025,12,50,28,12:50:28,-29,Tahap-3
01/22/2025,12,50,29,12:50:29,-29,Tahap-3
01/22/2025,12,50,29,12:50:29,-29,Tahap-3
01/22/2025,12,50,29,12:50:29,-30,Tahap-3
01/22/2025,12,50,53,12:50:53,5107,Tahap-3
01/22/2025,12,50,53,12:50:53,2450,Tahap-3
01/22/2025,12,50,53,12:50:53,1533,Tahap-3
01/22/2025,12,50,54,12:50:54,1014,Tahap-3
01/22/2025,12,50,54,12:50:54,732,Tahap-3
01/22/2025,12,50,54,12:50:54,719,Tahap-3
01/22/2025,12,50,54,12:50:54,685,Tahap-3
01/22/2025,12,50,54,12:50:54,530,Tahap-3
01/22/2025,12,50,54,12:50:54,443,Tahap-3
01/22/2025,12,50,54,12:50:54,312,Tahap-3
01/22/2025,12,50,54,12:50:54,391,Tahap-3
01/22/2025,12,50,54,12:50:54,248,Tahap-3
01/22/2025,12,50,54,12:50:54,319,Tahap-3
01/22/2025,12,50,55,12:50:55,358,Tahap-3
01/22/2025,12,50,55,12:50:55,314,Tahap-3
01/22/2025,12,50,55,12:50:55,197,Tahap-3
01/22/2025,12,50,55,12:50:55,459,Tahap-3
01/22/2025,12,50,55,12:50:55,163,Tahap-3
01/22/2025,12,50,55,12:50:55,170,Tahap-3
01/22/2025,12,50,55,12:50:55,175,Tahap-3
01/22/2025,12,50,55,12:50:55,169,Tahap-3
01/22/2025,12,50,55,12:50:55,367,Tahap-3
01/22/2025,12,50,55,12:50:55,309,Tahap-3
01/22/2025,12,50,56,12:50:56,361,Tahap-3
01/22/2025,12,50,56,12:50:56,74,Tahap-3
01/22/2025,12,50,56,12:50:56,203,Tahap-3
01/22/2025,12,50,56,12:50:56,137,Tahap-3
01/22/2025,12,50,56,12:50:56,207,Tahap-3
01/22/2025,12,50,56,12:50:56,60,Tahap-3
01/22/2025,12,50,56,12:50:56,345,Tahap-3
01/22/2025,12,50,56,12:50:56,226,Tahap-3
01/22/2025,12,50,56,12:50:56,253,Tahap-3
01/22/2025,12,50,56,12:50:56,269,Tahap-3
01/22/2025,12,50,57,12:50:57,125,Tahap-3
01/22/2025,12,50,57,12:50:57,195,Tahap-3
01/22/2025,12,50,57,12:50:57,132,Tahap-3
01/22/2025,12,50,57,12:50:57,93,Tahap-3
01/22/2025,12,50,57,12:50:57,182,Tahap-3
01/22/2025,12,50,57,12:50:57,73,Tahap-3
01/22/2025,12,50,57,12:50:57,114,Tahap-3
01/22/2025,12,50,57,12:50:57,66,Tahap-3
01/22/2025,12,50,57,12:50:57,74,Tahap-3
01/22/2025,12,50,57,12:50:57,139,Tahap-3
01/22/2025,12,50,58,12:50:58,203,Tahap-3
01/22/2025,12,50,58,12:50:58,453,Tahap-3
01/22/2025,12,50,58,12:50:58,386,Tahap-3
01/22/2025,12,50,58,12:50:58,105,Tahap-3
01/22/2025,12,50,58,12:50:58,90,Tahap-3
01/22/2025,12,50,58,12:50:58,192,Tahap-3
01/22/2025,12,50,58,12:50:58,87,Tahap-3
01/22/2025,12,50,58,12:50:58,97,Tahap-3
01/22/2025,12,50,58,12:50:58,126,Tahap-3
01/22/2025,12,50,58,12:50:58,57,Tahap-3
01/22/2025,12,50,59,12:50:59,139,Tahap-3
01/22/2025,12,50,59,12:50:59,63,Tahap-3
01/22/2025,12,50,59,12:50:59,119,Tahap-3
01/22/2025,12,50,59,12:50:59,80,Tahap-3
01/22/2025,12,50,59,12:50:59,72,Tahap-3
01/22/2025,12,50,59,12:50:59,81,Tahap-3
01/22/2025,12,50,59,12:50:59,153,Tahap-3
01/22/2025,12,50,59,12:50:59,87,Tahap-3
01/22/2025,12,50,59,12:50:59,174,Tahap-3
01/22/2025,12,50,59,12:50:59,11,Tahap-3
01/22/2025,12,51,1,12:51:01,361,Tahap-3
01/22/2025,12,51,1,12:51:01,211,Tahap-3
01/22/2025,12,51,1,12:51:01,169,Tahap-3
01/22/2025,12,51,1,12:51:01,267,Tahap-3
01/22/2025,12,51,1,12:51:01,144,Tahap-3
01/22/2025,12,51,1,12:51:01,102,Tahap-3
01/22/2025,12,51,1,12:51:01,57,Tahap-3
01/22/2025,12,51,1,12:51:01,173,Tahap-3
01/22/2025,12,51,1,12:51:01,195,Tahap-3
01/22/2025,12,51,1,12:51:01,256,Tahap-3
01/22/2025,12,51,2,12:51:02,258,Tahap-3
01/22/2025,12,51,2,12:51:02,254,Tahap-3
01/22/2025,12,51,2,12:51:02,125,Tahap-3
01/22/2025,12,51,2,12:51:02,289,Tahap-3
01/22/2025,12,51,2,12:51:02,375,Tahap-3
01/22/2025,12,51,2,12:51:02,354,Tahap-3
01/22/2025,12,51,2,12:51:02,558,Tahap-3
01/22/2025,12,51,2,12:51:02,318,Tahap-3
01/22/2025,12,51,2,12:51:02,251,Tahap-3
01/22/2025,12,51,2,12:51:02,479,Tahap-3
01/22/2025,12,51,3,12:51:03,727,Tahap-3
01/22/2025,12,51,3,12:51:03,569,Tahap-3
01/22/2025,12,51,3,12:51:03,514,Tahap-3
01/22/2025,12,51,3,12:51:03,493,Tahap-3
01/22/2025,12,51,3,12:51:03,154,Tahap-3
01/22/2025,12,51,3,12:51:03,135,Tahap-3
01/22/2025,12,51,3,12:51:03,155,Tahap-3
01/22/2025,12,51,3,12:51:03,195,Tahap-3
01/22/2025,12,51,3,12:51:03,119,Tahap-3
01/22/2025,12,51,3,12:51:03,99,Tahap-3
01/22/2025,12,51,4,12:51:04,121,Tahap-3
01/22/2025,12,51,4,12:51:04,129,Tahap-3
01/22/2025,12,51,4,12:51:04,40,Tahap-3
01/22/2025,12,51,4,12:51:04,67,Tahap-3
01/22/2025,12,51,4,12:51:04,184,Tahap-3
01/22/2025,12,51,4,12:51:04,65,Tahap-3
01/22/2025,12,51,4,12:51:04,561,Tahap-3
01/22/2025,12,51,4,12:51:04,650,Tahap-3
01/22/2025,12,51,4,12:51:04,506,Tahap-3
01/22/2025,12,51,4,12:51:04,311,Tahap-3
01/22/2025,12,51,5,12:51:05,331,Tahap-3
01/22/2025,12,51,5,12:51:05,56,Tahap-3
01/22/2025,12,51,5,12:51:05,152,Tahap-3
01/22/2025,12,51,5,12:51:05,57,Tahap-3
01/22/2025,12,51,5,12:51:05,500,Tahap-3
01/22/2025,12,51,5,12:51:05,191,Tahap-3
01/22/2025,12,51,5,12:51:05,549,Tahap-3
01/22/2025,12,51,5,12:51:05,570,Tahap-3
01/22/2025,12,51,5,12:51:05,238,Tahap-3
01/22/2025,12,51,5,12:51:05,224,Tahap-3
01/22/2025,12,51,6,12:51:06,88,Tahap-3
01/22/2025,12,51,6,12:51:06,172,Tahap-3
01/22/2025,12,51,6,12:51:06,411,Tahap-3
01/22/2025,12,51,6,12:51:06,363,Tahap-3
01/22/2025,12,51,6,12:51:06,104,Tahap-3
01/22/2025,12,51,6,12:51:06,28,Tahap-3
01/22/2025,12,51,6,12:51:06,-40,Tahap-3
01/22/2025,12,51,6,12:51:06,144,Tahap-3
01/22/2025,12,51,6,12:51:06,20,Tahap-3
01/22/2025,12,51,6,12:51:06,-12,Tahap-3
01/22/2025,12,51,7,12:51:07,76,Tahap-3
01/22/2025,12,51,7,12:51:07,-24,Tahap-3
01/22/2025,12,51,7,12:51:07,-8,Tahap-3
01/22/2025,12,51,7,12:51:07,-40,Tahap-3
01/22/2025,12,51,7,12:51:07,56,Tahap-3
01/22/2025,12,51,7,12:51:07,76,Tahap-3
01/22/2025,12,51,7,12:51:07,-72,Tahap-3
01/22/2025,12,51,7,12:51:07,96,Tahap-3
01/22/2025,12,51,7,12:51:07,28,Tahap-3
01/22/2025,12,51,7,12:51:07,64,Tahap-3
01/22/2025,12,51,8,12:51:08,-12,Tahap-3
01/22/2025,12,51,8,12:51:08,-12,Tahap-3
01/22/2025,12,51,8,12:51:08,-60,Tahap-3
01/22/2025,12,51,8,12:51:08,-128,Tahap-3
01/22/2025,12,51,8,12:51:08,52,Tahap-3
01/22/2025,12,51,8,12:51:08,128,Tahap-3
01/22/2025,12,51,8,12:51:08,-48,Tahap-3
01/22/2025,12,51,8,12:51:08,-28,Tahap-3
01/22/2025,12,51,8,12:51:08,32,Tahap-3
01/22/2025,12,51,9,12:51:09,-36,Tahap-3
01/22/2025,12,51,9,12:51:09,-32,Tahap-3
01/22/2025,12,51,9,12:51:09,-80,Tahap-3
01/22/2025,12,51,9,12:51:09,28,Tahap-3
01/22/2025,12,51,9,12:51:09,36,Tahap-3
01/22/2025,12,51,9,12:51:09,-84,Tahap-3
01/22/2025,12,51,9,12:51:09,-28,Tahap-3
01/22/2025,12,51,9,12:51:09,-8,Tahap-3
01/22/2025,12,51,9,12:51:09,-32,Tahap-3
01/22/2025,12,51,9,12:51:09,-108,Tahap-3
01/22/2025,12,51,10,12:51:10,-32,Tahap-3
01/22/2025,12,51,10,12:51:10,-20,Tahap-3
01/22/2025,12,51,10,12:51:10,-36,Tahap-3
01/22/2025,12,51,10,12:51:10,-76,Tahap-3
01/22/2025,12,51,10,12:51:10,40,Tahap-3
01/22/2025,12,51,10,12:51:10,40,Tahap-3
01/22/2025,12,51,10,12:51:10,-196,Tahap-3
01/22/2025,12,51,10,12:51:10,28,Tahap-3
01/22/2025,12,51,10,12:51:10,-8,Tahap-3
01/22/2025,12,51,10,12:51:10,-124,Tahap-3
01/22/2025,12,51,11,12:51:11,-12,Tahap-3
01/22/2025,12,51,11,12:51:11,-104,Tahap-3
01/22/2025,12,51,11,12:51:11,-56,Tahap-3
01/22/2025,12,51,11,12:51:11,-64,Tahap-3
01/22/2025,12,51,11,12:51:11,-108,Tahap-3
01/22/2025,12,51,11,12:51:11,-32,Tahap-3
01/22/2025,12,51,11,12:51:11,-64,Tahap-3
01/22/2025,12,51,11,12:51:11,-228,Tahap-3
01/22/2025,12,51,11,12:51:11,-96,Tahap-3
01/22/2025,12,51,11,12:51:11,8,Tahap-3
01/22/2025,12,51,12,12:51:12,-180,Tahap-3
01/22/2025,12,51,12,12:51:12,-20,Tahap-3
01/22/2025,12,51,12,12:51:12,-88,Tahap-3
01/22/2025,12,51,12,12:51:12,-144,Tahap-3
01/22/2025,12,51,12,12:51:12,-72,Tahap-3
01/22/2025,12,51,12,12:51:12,-188,Tahap-3
01/22/2025,12,51,12,12:51:12,-4,Tahap-3
01/22/2025,12,51,12,12:51:12,-112,Tahap-3
01/22/2025,12,51,12,12:51:12,-176,Tahap-3
01/22/2025,12,51,12,12:51:12,-140,Tahap-3
01/22/2025,12,51,13,12:51:13,-40,Tahap-3
01/22/2025,12,51,13,12:51:13,-140,Tahap-3
01/22/2025,12,51,13,12:51:13,-144,Tahap-3
01/22/2025,12,51,13,12:51:13,-108,Tahap-3
01/22/2025,12,51,13,12:51:13,-216,Tahap-3
01/22/2025,12,51,13,12:51:13,-152,Tahap-3
01/22/2025,12,51,13,12:51:13,-156,Tahap-3
01/22/2025,12,51,13,12:51:13,-84,Tahap-3
01/22/2025,12,51,13,12:51:13,-48,Tahap-3
01/22/2025,12,51,13,12:51:13,-292,Tahap-3
01/22/2025,12,51,14,12:51:14,-120,Tahap-3
01/22/2025,12,51,14,12:51:14,-228,Tahap-3
01/22/2025,12,51,14,12:51:14,-128,Tahap-3
01/22/2025,12,51,14,12:51:14,-276,Tahap-3
01/22/2025,12,51,14,12:51:14,-104,Tahap-3
01/22/2025,12,51,14,12:51:14,-196,Tahap-3
01/22/2025,12,51,14,12:51:14,-188,Tahap-3
01/22/2025,12,51,14,12:51:14,-200,Tahap-3
01/22/2025,12,51,14,12:51:14,-148,Tahap-3
01/22/2025,12,51,14,12:51:14,-108,Tahap-3
01/22/2025,12,51,15,12:51:15,-296,Tahap-3
01/22/2025,12,51,15,12:51:15,-140,Tahap-3
01/22/2025,12,51,15,12:51:15,-212,Tahap-3
01/22/2025,12,51,15,12:51:15,-144,Tahap-3
01/22/2025,12,51,15,12:51:15,-220,Tahap-3
01/22/2025,12,51,15,12:51:15,-212,Tahap-3
01/22/2025,12,51,15,12:51:15,-200,Tahap-3
01/22/2025,12,51,15,12:51:15,-276,Tahap-3
01/22/2025,12,51,15,12:51:15,-280,Tahap-3
01/22/2025,12,51,15,12:51:15,-120,Tahap-3
01/22/2025,12,51,15,12:51:15,-196,Tahap-3
01/22/2025,12,51,17,12:51:17,-236,Tahap-3
01/22/2025,12,51,17,12:51:17,-148,Tahap-3
01/22/2025,12,51,17,12:51:17,-240,Tahap-3
01/22/2025,12,51,17,12:51:17,-180,Tahap-3
01/22/2025,12,51,17,12:51:17,-196,Tahap-3
01/22/2025,12,51,17,12:51:17,-240,Tahap-3
01/22/2025,12,51,17,12:51:17,-244,Tahap-3
01/22/2025,12,51,17,12:51:17,-248,Tahap-3
01/22/2025,12,51,17,12:51:17,-300,Tahap-3
01/22/2025,12,51,17,12:51:17,-52,Tahap-3
01/22/2025,12,51,17,12:51:17,-308,Tahap-3
01/22/2025,12,51,17,12:51:17,-196,Tahap-3
01/22/2025,12,51,17,12:51:17,-200,Tahap-3
01/22/2025,12,51,17,12:51:17,-256,Tahap-3
01/22/2025,12,51,17,12:51:17,-320,Tahap-3
01/22/2025,12,51,17,12:51:17,-220,Tahap-3
01/22/2025,12,51,17,12:51:17,-300,Tahap-3
01/22/2025,12,51,17,12:51:17,-244,Tahap-3
01/22/2025,12,51,17,12:51:17,-268,Tahap-3
01/22/2025,12,51,17,12:51:17,-304,Tahap-3
01/22/2025,12,51,18,12:51:18,-144,Tahap-3
01/22/2025,12,51,18,12:51:18,-364,Tahap-3
01/22/2025,12,51,18,12:51:18,-220,Tahap-3
01/22/2025,12,51,18,12:51:18,-232,Tahap-3
01/22/2025,12,51,18,12:51:18,-324,Tahap-3
01/22/2025,12,51,18,12:51:18,-360,Tahap-3
01/22/2025,12,51,18,12:51:18,-188,Tahap-3
01/22/2025,12,51,18,12:51:18,-304,Tahap-3
01/22/2025,12,51,18,12:51:18,-280,Tahap-3
01/22/2025,12,51,18,12:51:18,-356,Tahap-3
01/22/2025,12,51,19,12:51:19,-312,Tahap-3
01/22/2025,12,51,19,12:51:19,-264,Tahap-3
01/22/2025,12,51,43,12:51:43,2738,Tahap-3
01/22/2025,12,51,43,12:51:43,515,Tahap-3
01/22/2025,12,51,43,12:51:43,477,Tahap-3
01/22/2025,12,51,43,12:51:43,346,Tahap-3
01/22/2025,12,51,44,12:51:44,469,Tahap-3
01/22/2025,12,51,44,12:51:44,355,Tahap-3
01/22/2025,12,51,44,12:51:44,122,Tahap-3
01/22/2025,12,51,44,12:51:44,133,Tahap-3
01/22/2025,12,51,44,12:51:44,209,Tahap-3
01/22/2025,12,51,44,12:51:44,136,Tahap-3
01/22/2025,12,51,44,12:51:44,64,Tahap-3
01/22/2025,12,51,44,12:51:44,132,Tahap-3
01/22/2025,12,51,44,12:51:44,269,Tahap-3
01/22/2025,12,51,44,12:51:44,65,Tahap-3
01/22/2025,12,51,45,12:51:45,182,Tahap-3
01/22/2025,12,51,45,12:51:45,91,Tahap-3
01/22/2025,12,51,45,12:51:45,120,Tahap-3
01/22/2025,12,51,45,12:51:45,56,Tahap-3
01/22/2025,12,51,45,12:51:45,77,Tahap-3
01/22/2025,12,51,45,12:51:45,124,Tahap-3
01/22/2025,12,51,45,12:51:45,128,Tahap-3
01/22/2025,12,51,45,12:51:45,205,Tahap-3
01/22/2025,12,51,45,12:51:45,377,Tahap-3
01/22/2025,12,51,45,12:51:45,195,Tahap-3
01/22/2025,12,51,46,12:51:46,107,Tahap-3
01/22/2025,12,51,47,12:51:47,175,Tahap-3
01/22/2025,12,51,47,12:51:47,182,Tahap-3
01/22/2025,12,51,47,12:51:47,106,Tahap-3
01/22/2025,12,51,47,12:51:47,241,Tahap-3
01/22/2025,12,51,47,12:51:47,286,Tahap-3
01/22/2025,12,51,47,12:51:47,87,Tahap-3
01/22/2025,12,51,47,12:51:47,61,Tahap-3
01/22/2025,12,51,47,12:51:47,107,Tahap-3
01/22/2025,12,51,47,12:51:47,135,Tahap-3
01/22/2025,12,51,47,12:51:47,203,Tahap-3
01/22/2025,12,51,47,12:51:47,84,Tahap-3
01/22/2025,12,51,47,12:51:47,71,Tahap-3
01/22/2025,12,51,47,12:51:47,100,Tahap-3
01/22/2025,12,51,47,12:51:47,193,Tahap-3
01/22/2025,12,51,47,12:51:47,251,Tahap-3
01/22/2025,12,51,47,12:51:47,114,Tahap-3
01/22/2025,12,51,47,12:51:47,196,Tahap-3
01/22/2025,12,51,47,12:51:47,108,Tahap-3
01/22/2025,12,51,47,12:51:47,409,Tahap-3
01/22/2025,12,51,48,12:51:48,233,Tahap-3
01/22/2025,12,51,48,12:51:48,166,Tahap-3
01/22/2025,12,51,48,12:51:48,144,Tahap-3
01/22/2025,12,51,48,12:51:48,177,Tahap-3
01/22/2025,12,51,48,12:51:48,155,Tahap-3
01/22/2025,12,51,48,12:51:48,34,Tahap-3
01/22/2025,12,51,48,12:51:48,22,Tahap-3
01/22/2025,12,51,48,12:51:48,132,Tahap-3
01/22/2025,12,51,48,12:51:48,41,Tahap-3
01/22/2025,12,51,48,12:51:48,145,Tahap-3
01/22/2025,12,51,49,12:51:49,159,Tahap-3
01/22/2025,12,51,49,12:51:49,71,Tahap-3
01/22/2025,12,51,49,12:51:49,191,Tahap-3
01/22/2025,12,51,49,12:51:49,154,Tahap-3
01/22/2025,12,51,49,12:51:49,120,Tahap-3
01/22/2025,12,51,49,12:51:49,10,Tahap-3
01/22/2025,12,51,49,12:51:49,123,Tahap-3
01/22/2025,12,51,49,12:51:49,99,Tahap-3
01/22/2025,12,51,49,12:51:49,75,Tahap-3
01/22/2025,12,51,49,12:51:49,330,Tahap-3
01/22/2025,12,51,50,12:51:50,124,Tahap-3
01/22/2025,12,51,50,12:51:50,90,Tahap-3
01/22/2025,12,51,50,12:51:50,213,Tahap-3
01/22/2025,12,51,50,12:51:50,329,Tahap-3
01/22/2025,12,51,50,12:51:50,529,Tahap-3
01/22/2025,12,51,50,12:51:50,879,Tahap-3
01/22/2025,12,51,50,12:51:50,649,Tahap-3
01/22/2025,12,51,50,12:51:50,400,Tahap-3
01/22/2025,12,51,50,12:51:50,238,Tahap-3
01/22/2025,12,51,50,12:51:50,175,Tahap-3
01/22/2025,12,51,51,12:51:51,114,Tahap-3
01/22/2025,12,51,51,12:51:51,132,Tahap-3
01/22/2025,12,51,51,12:51:51,240,Tahap-3
01/22/2025,12,51,51,12:51:51,117,Tahap-3
01/22/2025,12,51,51,12:51:51,164,Tahap-3
01/22/2025,12,51,51,12:51:51,31,Tahap-3
01/22/2025,12,51,51,12:51:51,77,Tahap-3
01/22/2025,12,51,51,12:51:51,202,Tahap-3
01/22/2025,12,51,51,12:51:51,225,Tahap-3
01/22/2025,12,51,51,12:51:51,206,Tahap-3
01/22/2025,12,51,52,12:51:52,36,Tahap-3
01/22/2025,12,51,52,12:51:52,85,Tahap-3
01/22/2025,12,51,52,12:51:52,167,Tahap-3
01/22/2025,12,51,52,12:51:52,198,Tahap-3
01/22/2025,12,51,52,12:51:52,803,Tahap-3
01/22/2025,12,51,52,12:51:52,301,Tahap-3
01/22/2025,12,51,52,12:51:52,276,Tahap-3
01/22/2025,12,51,52,12:51:52,257,Tahap-3
01/22/2025,12,51,52,12:51:52,547,Tahap-3
01/22/2025,12,51,52,12:51:52,900,Tahap-3
01/22/2025,12,51,53,12:51:53,392,Tahap-3
01/22/2025,12,51,53,12:51:53,330,Tahap-3
01/22/2025,12,51,53,12:51:53,167,Tahap-3
01/22/2025,12,51,53,12:51:53,262,Tahap-3
01/22/2025,12,51,53,12:51:53,318,Tahap-3
01/22/2025,12,51,53,12:51:53,309,Tahap-3
01/22/2025,12,51,53,12:51:53,374,Tahap-3
01/22/2025,12,51,53,12:51:53,66,Tahap-3
01/22/2025,12,51,53,12:51:53,103,Tahap-3
01/22/2025,12,51,53,12:51:53,52,Tahap-3
01/22/2025,12,51,54,12:51:54,156,Tahap-3
01/22/2025,12,51,54,12:51:54,161,Tahap-3
01/22/2025,12,51,54,12:51:54,135,Tahap-3
01/22/2025,12,51,54,12:51:54,109,Tahap-3
01/22/2025,12,51,54,12:51:54,338,Tahap-3
01/22/2025,12,51,54,12:51:54,420,Tahap-3
01/22/2025,12,51,54,12:51:54,679,Tahap-3
01/22/2025,12,51,54,12:51:54,662,Tahap-3
01/22/2025,12,51,54,12:51:54,130,Tahap-3
01/22/2025,12,51,54,12:51:54,187,Tahap-3
01/22/2025,12,51,55,12:51:55,150,Tahap-3
01/22/2025,12,51,55,12:51:55,82,Tahap-3
01/22/2025,12,51,55,12:51:55,410,Tahap-3
01/22/2025,12,51,55,12:51:55,567,Tahap-3
01/22/2025,12,51,55,12:51:55,285,Tahap-3
01/22/2025,12,51,55,12:51:55,310,Tahap-3
01/22/2025,12,51,55,12:51:55,455,Tahap-3
01/22/2025,12,51,55,12:51:55,338,Tahap-3
01/22/2025,12,51,55,12:51:55,192,Tahap-3
01/22/2025,12,51,55,12:51:55,251,Tahap-3
01/22/2025,12,51,56,12:51:56,346,Tahap-3
01/22/2025,12,51,56,12:51:56,397,Tahap-3
01/22/2025,12,51,56,12:51:56,333,Tahap-3
01/22/2025,12,51,56,12:51:56,-192,Tahap-3
01/22/2025,12,51,56,12:51:56,-84,Tahap-3
01/22/2025,12,51,56,12:51:56,-4,Tahap-3
01/22/2025,12,51,56,12:51:56,-64,Tahap-3
01/22/2025,12,51,56,12:51:56,-132,Tahap-3
01/22/2025,12,51,56,12:51:56,-104,Tahap-3
01/22/2025,12,51,57,12:51:57,-124,Tahap-3
01/22/2025,12,51,57,12:51:57,-136,Tahap-3
01/22/2025,12,51,57,12:51:57,-104,Tahap-3
01/22/2025,12,51,57,12:51:57,-120,Tahap-3
01/22/2025,12,51,57,12:51:57,24,Tahap-3
01/22/2025,12,51,57,12:51:57,-212,Tahap-3
01/22/2025,12,51,57,12:51:57,-28,Tahap-3
01/22/2025,12,51,57,12:51:57,-68,Tahap-3
01/22/2025,12,51,57,12:51:57,4,Tahap-3
01/22/2025,12,51,57,12:51:57,-96,Tahap-3
01/22/2025,12,51,58,12:51:58,-20,Tahap-3
01/22/2025,12,51,58,12:51:58,-60,Tahap-3
01/22/2025,12,51,58,12:51:58,-140,Tahap-3
01/22/2025,12,51,58,12:51:58,-128,Tahap-3
01/22/2025,12,51,58,12:51:58,-64,Tahap-3
01/22/2025,12,51,58,12:51:58,48,Tahap-3
01/22/2025,12,51,58,12:51:58,-120,Tahap-3
01/22/2025,12,51,58,12:51:58,-96,Tahap-3
01/22/2025,12,51,58,12:51:58,-108,Tahap-3
01/22/2025,12,51,59,12:51:59,-28,Tahap-3
01/22/2025,12,51,59,12:51:59,-104,Tahap-3
01/22/2025,12,51,59,12:51:59,-44,Tahap-3
01/22/2025,12,51,59,12:51:59,-120,Tahap-3
01/22/2025,12,51,59,12:51:59,-116,Tahap-3
01/22/2025,12,51,59,12:51:59,4,Tahap-3
01/22/2025,12,51,59,12:51:59,-80,Tahap-3
01/22/2025,12,51,59,12:51:59,-92,Tahap-3
01/22/2025,12,51,59,12:51:59,8,Tahap-3
01/22/2025,12,51,59,12:51:59,-60,Tahap-3
01/22/2025,12,52,1,12:52:01,-12,Tahap-3
01/22/2025,12,52,1,12:52:01,-92,Tahap-3
01/22/2025,12,52,1,12:52:01,-32,Tahap-3
01/22/2025,12,52,1,12:52:01,52,Tahap-3
01/22/2025,12,52,1,12:52:01,-88,Tahap-3
01/22/2025,12,52,1,12:52:01,40,Tahap-3
01/22/2025,12,52,1,12:52:01,-84,Tahap-3
01/22/2025,12,52,1,12:52:01,48,Tahap-3
01/22/2025,12,52,1,12:52:01,4,Tahap-3
01/22/2025,12,52,1,12:52:01,-64,Tahap-3
01/22/2025,12,52,2,12:52:02,120,Tahap-3
01/22/2025,12,52,2,12:52:02,-24,Tahap-3
01/22/2025,12,52,2,12:52:02,-48,Tahap-3
01/22/2025,12,52,2,12:52:02,84,Tahap-3
01/22/2025,12,52,2,12:52:02,-12,Tahap-3
01/22/2025,12,52,2,12:52:02,36,Tahap-3
01/22/2025,12,52,2,12:52:02,-76,Tahap-3
01/22/2025,12,52,2,12:52:02,8,Tahap-3
01/22/2025,12,52,2,12:52:02,24,Tahap-3
01/22/2025,12,52,3,12:52:03,-20,Tahap-3
01/22/2025,12,52,3,12:52:03,124,Tahap-3
01/22/2025,12,52,3,12:52:03,-12,Tahap-3
01/22/2025,12,52,3,12:52:03,-28,Tahap-3
01/22/2025,12,52,3,12:52:03,-52,Tahap-3
01/22/2025,12,52,3,12:52:03,96,Tahap-3
01/22/2025,12,52,3,12:52:03,4,Tahap-3
01/22/2025,12,52,3,12:52:03,-8,Tahap-3
01/22/2025,12,52,3,12:52:03,92,Tahap-3
01/22/2025,12,52,4,12:52:04,-48,Tahap-3
01/22/2025,12,52,4,12:52:04,48,Tahap-3
01/22/2025,12,52,4,12:52:04,80,Tahap-3
01/22/2025,12,52,4,12:52:04,20,Tahap-3
01/22/2025,12,52,4,12:52:04,8,Tahap-3
01/22/2025,12,52,4,12:52:04,-20,Tahap-3
01/22/2025,12,52,4,12:52:04,36,Tahap-3
01/22/2025,12,52,4,12:52:04,72,Tahap-3
01/22/2025,12,52,4,12:52:04,-4,Tahap-3
01/22/2025,12,52,4,12:52:04,-52,Tahap-3
01/22/2025,12,52,5,12:52:05,156,Tahap-3
01/22/2025,12,52,5,12:52:05,-80,Tahap-3
01/22/2025,12,52,5,12:52:05,20,Tahap-3
01/22/2025,12,52,5,12:52:05,132,Tahap-3
01/22/2025,12,52,5,12:52:05,-36,Tahap-3
01/22/2025,12,52,5,12:52:05,-8,Tahap-3
01/22/2025,12,52,5,12:52:05,40,Tahap-3
01/22/2025,12,52,5,12:52:05,12,Tahap-3
01/22/2025,12,52,5,12:52:05,84,Tahap-3
01/22/2025,12,52,5,12:52:05,36,Tahap-3
01/22/2025,12,52,5,12:52:05,16,Tahap-3
01/22/2025,12,52,6,12:52:06,128,Tahap-3
01/22/2025,12,52,6,12:52:06,-16,Tahap-3
01/22/2025,12,52,6,12:52:06,36,Tahap-3
01/22/2025,12,52,6,12:52:06,156,Tahap-3
01/22/2025,12,52,6,12:52:06,24,Tahap-3
01/22/2025,12,52,6,12:52:06,8,Tahap-3
01/22/2025,12,52,6,12:52:06,84,Tahap-3
01/22/2025,12,52,6,12:52:06,28,Tahap-3
01/22/2025,12,52,6,12:52:06,48,Tahap-3
01/22/2025,12,52,6,12:52:06,-8,Tahap-3
01/22/2025,12,52,7,12:52:07,52,Tahap-3
01/22/2025,12,52,7,12:52:07,136,Tahap-3
01/22/2025,12,52,7,12:52:07,8,Tahap-3
01/22/2025,12,52,7,12:52:07,12,Tahap-3
01/22/2025,12,52,7,12:52:07,132,Tahap-3
01/22/2025,12,52,7,12:52:07,88,Tahap-3
01/22/2025,12,52,7,12:52:07,-12,Tahap-3
01/22/2025,12,52,7,12:52:07,88,Tahap-3
01/22/2025,12,52,7,12:52:07,24,Tahap-3
01/22/2025,12,52,7,12:52:07,56,Tahap-3
01/22/2025,12,52,8,12:52:08,32,Tahap-3
01/22/2025,12,52,8,12:52:08,36,Tahap-3
01/22/2025,12,52,8,12:52:08,184,Tahap-3
01/22/2025,12,52,8,12:52:08,-28,Tahap-3
01/22/2025,12,52,8,12:52:08,76,Tahap-3
01/22/2025,12,52,8,12:52:08,76,Tahap-3
01/22/2025,12,52,8,12:52:08,100,Tahap-3
01/22/2025,12,52,8,12:52:08,4,Tahap-3
01/22/2025,12,52,8,12:52:08,88,Tahap-3
01/22/2025,12,52,8,12:52:08,76,Tahap-3
01/22/2025,12,52,9,12:52:09,32,Tahap-3
01/22/2025,12,52,33,12:52:33,991,Tahap-3
01/22/2025,12,52,33,12:52:33,415,Tahap-3
01/22/2025,12,52,33,12:52:33,232,Tahap-3
01/22/2025,12,52,33,12:52:33,246,Tahap-3
01/22/2025,12,52,33,12:52:33,172,Tahap-3
01/22/2025,12,52,34,12:52:34,75,Tahap-3
01/22/2025,12,52,34,12:52:34,14,Tahap-3
01/22/2025,12,52,34,12:52:34,46,Tahap-3
01/22/2025,12,52,34,12:52:34,150,Tahap-3
01/22/2025,12,52,34,12:52:34,101,Tahap-3
01/22/2025,12,52,34,12:52:34,81,Tahap-3
01/22/2025,12,52,34,12:52:34,68,Tahap-3
01/22/2025,12,52,34,12:52:34,88,Tahap-3
01/22/2025,12,52,34,12:52:34,14,Tahap-3
01/22/2025,12,52,34,12:52:34,50,Tahap-3
01/22/2025,12,52,35,12:52:35,109,Tahap-3
01/22/2025,12,52,35,12:52:35,60,Tahap-3
01/22/2025,12,52,35,12:52:35,101,Tahap-3
01/22/2025,12,52,35,12:52:35,80,Tahap-3
01/22/2025,12,52,35,12:52:35,133,Tahap-3
01/22/2025,12,52,35,12:52:35,129,Tahap-3
01/22/2025,12,52,35,12:52:35,56,Tahap-3
01/22/2025,12,52,35,12:52:35,388,Tahap-3
01/22/2025,12,52,35,12:52:35,257,Tahap-3
01/22/2025,12,52,35,12:52:35,128,Tahap-3
01/22/2025,12,52,36,12:52:36,119,Tahap-3
01/22/2025,12,52,36,12:52:36,131,Tahap-3
01/22/2025,12,52,36,12:52:36,66,Tahap-3
01/22/2025,12,52,36,12:52:36,60,Tahap-3
01/22/2025,12,52,36,12:52:36,66,Tahap-3
01/22/2025,12,52,36,12:52:36,51,Tahap-3
01/22/2025,12,52,36,12:52:36,58,Tahap-3
01/22/2025,12,52,36,12:52:36,42,Tahap-3
01/22/2025,12,52,36,12:52:36,52,Tahap-3
01/22/2025,12,52,36,12:52:36,51,Tahap-3
01/22/2025,12,52,37,12:52:37,22,Tahap-3
01/22/2025,12,52,37,12:52:37,113,Tahap-3
01/22/2025,12,52,37,12:52:37,125,Tahap-3
01/22/2025,12,52,37,12:52:37,127,Tahap-3
01/22/2025,12,52,37,12:52:37,127,Tahap-3
01/22/2025,12,52,37,12:52:37,26,Tahap-3
01/22/2025,12,52,37,12:52:37,55,Tahap-3
01/22/2025,12,52,37,12:52:37,82,Tahap-3
01/22/2025,12,52,37,12:52:37,452,Tahap-3
01/22/2025,12,52,37,12:52:37,98,Tahap-3
01/22/2025,12,52,38,12:52:38,67,Tahap-3
01/22/2025,12,52,38,12:52:38,226,Tahap-3
01/22/2025,12,52,38,12:52:38,79,Tahap-3
01/22/2025,12,52,38,12:52:38,82,Tahap-3
01/22/2025,12,52,38,12:52:38,95,Tahap-3
01/22/2025,12,52,38,12:52:38,46,Tahap-3
01/22/2025,12,52,38,12:52:38,40,Tahap-3
01/22/2025,12,52,38,12:52:38,19,Tahap-3
01/22/2025,12,52,38,12:52:38,214,Tahap-3
01/22/2025,12,52,38,12:52:38,13,Tahap-3
01/22/2025,12,52,39,12:52:39,41,Tahap-3
01/22/2025,12,52,39,12:52:39,63,Tahap-3
01/22/2025,12,52,39,12:52:39,111,Tahap-3
01/22/2025,12,52,39,12:52:39,105,Tahap-3
01/22/2025,12,52,39,12:52:39,51,Tahap-3
01/22/2025,12,52,39,12:52:39,65,Tahap-3
01/22/2025,12,52,39,12:52:39,153,Tahap-3
01/22/2025,12,52,39,12:52:39,114,Tahap-3
01/22/2025,12,52,39,12:52:39,191,Tahap-3
01/22/2025,12,52,39,12:52:39,138,Tahap-3
01/22/2025,12,52,40,12:52:40,248,Tahap-3
01/22/2025,12,52,40,12:52:40,283,Tahap-3
01/22/2025,12,52,40,12:52:40,431,Tahap-3
01/22/2025,12,52,40,12:52:40,71,Tahap-3
01/22/2025,12,52,40,12:52:40,668,Tahap-3
01/22/2025,12,52,40,12:52:40,750,Tahap-3
01/22/2025,12,52,40,12:52:40,394,Tahap-3
01/22/2025,12,52,40,12:52:40,234,Tahap-3
01/22/2025,12,52,40,12:52:40,80,Tahap-3
01/22/2025,12,52,40,12:52:40,197,Tahap-3
01/22/2025,12,52,41,12:52:41,261,Tahap-3
01/22/2025,12,52,41,12:52:41,136,Tahap-3
01/22/2025,12,52,41,12:52:41,82,Tahap-3
01/22/2025,12,52,41,12:52:41,182,Tahap-3
01/22/2025,12,52,41,12:52:41,31,Tahap-3
01/22/2025,12,52,41,12:52:41,150,Tahap-3
01/22/2025,12,52,41,12:52:41,130,Tahap-3
01/22/2025,12,52,41,12:52:41,144,Tahap-3
01/22/2025,12,52,41,12:52:41,56,Tahap-3
01/22/2025,12,52,41,12:52:41,174,Tahap-3
01/22/2025,12,52,42,12:52:42,456,Tahap-3
01/22/2025,12,52,42,12:52:42,470,Tahap-3
01/22/2025,12,52,42,12:52:42,330,Tahap-3
01/22/2025,12,52,42,12:52:42,493,Tahap-3
01/22/2025,12,52,42,12:52:42,298,Tahap-3
01/22/2025,12,52,42,12:52:42,72,Tahap-3
01/22/2025,12,52,42,12:52:42,204,Tahap-3
01/22/2025,12,52,42,12:52:42,254,Tahap-3
01/22/2025,12,52,42,12:52:42,1030,Tahap-3
01/22/2025,12,52,42,12:52:42,143,Tahap-3
01/22/2025,12,52,43,12:52:43,203,Tahap-3
01/22/2025,12,52,43,12:52:43,331,Tahap-3
01/22/2025,12,52,43,12:52:43,334,Tahap-3
01/22/2025,12,52,43,12:52:43,100,Tahap-3
01/22/2025,12,52,43,12:52:43,201,Tahap-3
01/22/2025,12,52,43,12:52:43,129,Tahap-3
01/22/2025,12,52,43,12:52:43,269,Tahap-3
01/22/2025,12,52,43,12:52:43,151,Tahap-3
01/22/2025,12,52,43,12:52:43,178,Tahap-3
01/22/2025,12,52,43,12:52:43,125,Tahap-3
01/22/2025,12,52,44,12:52:44,262,Tahap-3
01/22/2025,12,52,44,12:52:44,224,Tahap-3
01/22/2025,12,52,44,12:52:44,104,Tahap-3
01/22/2025,12,52,44,12:52:44,380,Tahap-3
01/22/2025,12,52,44,12:52:44,599,Tahap-3
01/22/2025,12,52,44,12:52:44,745,Tahap-3
01/22/2025,12,52,44,12:52:44,142,Tahap-3
01/22/2025,12,52,44,12:52:44,630,Tahap-3
01/22/2025,12,52,44,12:52:44,237,Tahap-3
01/22/2025,12,52,44,12:52:44,333,Tahap-3
01/22/2025,12,52,45,12:52:45,191,Tahap-3
01/22/2025,12,52,45,12:52:45,338,Tahap-3
01/22/2025,12,52,45,12:52:45,438,Tahap-3
01/22/2025,12,52,45,12:52:45,363,Tahap-3
01/22/2025,12,52,45,12:52:45,379,Tahap-3
01/22/2025,12,52,45,12:52:45,219,Tahap-3
01/22/2025,12,52,45,12:52:45,97,Tahap-3
01/22/2025,12,52,45,12:52:45,138,Tahap-3
01/22/2025,12,52,45,12:52:45,162,Tahap-3
01/22/2025,12,52,45,12:52:45,288,Tahap-3
01/22/2025,12,52,46,12:52:46,502,Tahap-3
01/22/2025,12,52,47,12:52:47,760,Tahap-3
01/22/2025,12,52,47,12:52:47,280,Tahap-3
01/22/2025,12,52,47,12:52:47,-104,Tahap-3
01/22/2025,12,52,47,12:52:47,-96,Tahap-3
01/22/2025,12,52,47,12:52:47,64,Tahap-3
01/22/2025,12,52,47,12:52:47,144,Tahap-3
01/22/2025,12,52,47,12:52:47,-256,Tahap-3
01/22/2025,12,52,47,12:52:47,80,Tahap-3
01/22/2025,12,52,47,12:52:47,-72,Tahap-3
01/22/2025,12,52,47,12:52:47,-56,Tahap-3
01/22/2025,12,52,47,12:52:47,-120,Tahap-3
01/22/2025,12,52,47,12:52:47,-232,Tahap-3
01/22/2025,12,52,47,12:52:47,168,Tahap-3
01/22/2025,12,52,47,12:52:47,-48,Tahap-3
01/22/2025,12,52,47,12:52:47,-16,Tahap-3
01/22/2025,12,52,47,12:52:47,88,Tahap-3
01/22/2025,12,52,47,12:52:47,-16,Tahap-3
01/22/2025,12,52,47,12:52:47,-8,Tahap-3
01/22/2025,12,52,47,12:52:47,-96,Tahap-3
01/22/2025,12,52,48,12:52:48,120,Tahap-3
01/22/2025,12,52,48,12:52:48,-24,Tahap-3
01/22/2025,12,52,48,12:52:48,-112,Tahap-3
01/22/2025,12,52,48,12:52:48,-80,Tahap-3
01/22/2025,12,52,48,12:52:48,192,Tahap-3
01/22/2025,12,52,48,12:52:48,-192,Tahap-3
01/22/2025,12,52,48,12:52:48,208,Tahap-3
01/22/2025,12,52,48,12:52:48,48,Tahap-3
01/22/2025,12,52,48,12:52:48,-80,Tahap-3
01/22/2025,12,52,48,12:52:48,24,Tahap-3
01/22/2025,12,52,49,12:52:49,-72,Tahap-3
01/22/2025,12,52,49,12:52:49,-112,Tahap-3
01/22/2025,12,52,49,12:52:49,80,Tahap-3
01/22/2025,12,52,49,12:52:49,-272,Tahap-3
01/22/2025,12,52,49,12:52:49,-32,Tahap-3
01/22/2025,12,52,49,12:52:49,144,Tahap-3
01/22/2025,12,52,49,12:52:49,-232,Tahap-3
01/22/2025,12,52,49,12:52:49,96,Tahap-3
01/22/2025,12,52,49,12:52:49,96,Tahap-3
01/22/2025,12,52,49,12:52:49,-256,Tahap-3
01/22/2025,12,52,50,12:52:50,-24,Tahap-3
01/22/2025,12,52,50,12:52:50,-56,Tahap-3
01/22/2025,12,52,50,12:52:50,-128,Tahap-3
01/22/2025,12,52,50,12:52:50,-48,Tahap-3
01/22/2025,12,52,50,12:52:50,-160,Tahap-3
01/22/2025,12,52,50,12:52:50,-16,Tahap-3
01/22/2025,12,52,50,12:52:50,-8,Tahap-3
01/22/2025,12,52,50,12:52:50,-328,Tahap-3
01/22/2025,12,52,50,12:52:50,112,Tahap-3
01/22/2025,12,52,50,12:52:50,32,Tahap-3
01/22/2025,12,52,51,12:52:51,-184,Tahap-3
01/22/2025,12,52,51,12:52:51,-224,Tahap-3
01/22/2025,12,52,51,12:52:51,16,Tahap-3
01/22/2025,12,52,51,12:52:51,-152,Tahap-3
01/22/2025,12,52,51,12:52:51,8,Tahap-3
01/22/2025,12,52,51,12:52:51,-248,Tahap-3
01/22/2025,12,52,51,12:52:51,128,Tahap-3
01/22/2025,12,52,51,12:52:51,-184,Tahap-3
01/22/2025,12,52,51,12:52:51,-96,Tahap-3
01/22/2025,12,52,51,12:52:51,-8,Tahap-3
01/22/2025,12,52,52,12:52:52,-80,Tahap-3
01/22/2025,12,52,52,12:52:52,-24,Tahap-3
01/22/2025,12,52,52,12:52:52,-184,Tahap-3
01/22/2025,12,52,52,12:52:52,32,Tahap-3
01/22/2025,12,52,52,12:52:52,-64,Tahap-3
01/22/2025,12,52,52,12:52:52,-144,Tahap-3
01/22/2025,12,52,52,12:52:52,-96,Tahap-3
01/22/2025,12,52,52,12:52:52,128,Tahap-3
01/22/2025,12,52,52,12:52:52,-48,Tahap-3
01/22/2025,12,52,52,12:52:52,-224,Tahap-3
01/22/2025,12,52,53,12:52:53,72,Tahap-3
01/22/2025,12,52,53,12:52:53,-64,Tahap-3
01/22/2025,12,52,53,12:52:53,104,Tahap-3
01/22/2025,12,52,53,12:52:53,-104,Tahap-3
01/22/2025,12,52,53,12:52:53,80,Tahap-3
01/22/2025,12,52,53,12:52:53,-96,Tahap-3
01/22/2025,12,52,53,12:52:53,-88,Tahap-3
01/22/2025,12,52,53,12:52:53,-88,Tahap-3
01/22/2025,12,52,53,12:52:53,104,Tahap-3
01/22/2025,12,52,53,12:52:53,48,Tahap-3
01/22/2025,12,52,54,12:52:54,-120,Tahap-3
01/22/2025,12,52,54,12:52:54,224,Tahap-3
01/22/2025,12,52,54,12:52:54,-72,Tahap-3
01/22/2025,12,52,54,12:52:54,104,Tahap-3
01/22/2025,12,52,54,12:52:54,64,Tahap-3
01/22/2025,12,52,54,12:52:54,32,Tahap-3
01/22/2025,12,52,54,12:52:54,-40,Tahap-3
01/22/2025,12,52,54,12:52:54,-80,Tahap-3
01/22/2025,12,52,54,12:52:54,232,Tahap-3
01/22/2025,12,52,55,12:52:55,96,Tahap-3
01/22/2025,12,52,55,12:52:55,-16,Tahap-3
01/22/2025,12,52,55,12:52:55,184,Tahap-3
01/22/2025,12,52,55,12:52:55,64,Tahap-3
01/22/2025,12,52,55,12:52:55,-24,Tahap-3
01/22/2025,12,52,55,12:52:55,128,Tahap-3
01/22/2025,12,52,55,12:52:55,-48,Tahap-3
01/22/2025,12,52,55,12:52:55,88,Tahap-3
01/22/2025,12,52,55,12:52:55,-48,Tahap-3
01/22/2025,12,52,55,12:52:55,-200,Tahap-3
01/22/2025,12,52,56,12:52:56,352,Tahap-3
01/22/2025,12,52,56,12:52:56,-64,Tahap-3
01/22/2025,12,52,56,12:52:56,120,Tahap-3
01/22/2025,12,52,56,12:52:56,48,Tahap-3
01/22/2025,12,52,56,12:52:56,56,Tahap-3
01/22/2025,12,52,56,12:52:56,-96,Tahap-3
01/22/2025,12,52,56,12:52:56,240,Tahap-3
01/22/2025,12,52,56,12:52:56,16,Tahap-3
01/22/2025,12,52,56,12:52:56,40,Tahap-3
01/22/2025,12,52,56,12:52:56,-48,Tahap-3
01/22/2025,12,52,57,12:52:57,-48,Tahap-3
01/22/2025,12,52,57,12:52:57,184,Tahap-3
01/22/2025,12,52,57,12:52:57,-104,Tahap-3
01/22/2025,12,52,57,12:52:57,216,Tahap-3
01/22/2025,12,52,57,12:52:57,200,Tahap-3
01/22/2025,12,52,57,12:52:57,-48,Tahap-3
01/22/2025,12,52,57,12:52:57,-48,Tahap-3
01/22/2025,12,52,57,12:52:57,152,Tahap-3
01/22/2025,12,52,57,12:52:57,32,Tahap-3
01/22/2025,12,52,57,12:52:57,152,Tahap-3
01/22/2025,12,52,58,12:52:58,-72,Tahap-3
01/22/2025,12,52,58,12:52:58,136,Tahap-3
01/22/2025,12,52,58,12:52:58,8,Tahap-3
01/22/2025,12,52,58,12:52:58,-24,Tahap-3
01/22/2025,12,52,58,12:52:58,248,Tahap-3
01/22/2025,12,52,58,12:52:58,56,Tahap-3
01/22/2025,12,52,58,12:52:58,32,Tahap-3
01/22/2025,12,52,58,12:52:58,-8,Tahap-3
01/22/2025,12,52,58,12:52:58,-32,Tahap-3
01/22/2025,12,52,58,12:52:58,48,Tahap-3
01/22/2025,12,52,59,12:52:59,96,Tahap-3
01/22/2025,12,53,23,12:53:23,2555,Tahap-3
01/22/2025,12,53,23,12:53:23,899,Tahap-3
01/22/2025,12,53,23,12:53:23,274,Tahap-3
01/22/2025,12,53,23,12:53:23,171,Tahap-3
01/22/2025,12,53,23,12:53:23,110,Tahap-3
01/22/2025,12,53,23,12:53:23,359,Tahap-3
01/22/2025,12,53,24,12:53:24,263,Tahap-3
01/22/2025,12,53,24,12:53:24,272,Tahap-3
01/22/2025,12,53,24,12:53:24,176,Tahap-3
01/22/2025,12,53,24,12:53:24,125,Tahap-3
01/22/2025,12,53,24,12:53:24,192,Tahap-3
01/22/2025,12,53,24,12:53:24,118,Tahap-3
01/22/2025,12,53,24,12:53:24,174,Tahap-3
01/22/2025,12,53,24,12:53:24,121,Tahap-3
01/22/2025,12,53,24,12:53:24,90,Tahap-3
01/22/2025,12,53,24,12:53:24,54,Tahap-3
01/22/2025,12,53,25,12:53:25,170,Tahap-3
01/22/2025,12,53,25,12:53:25,135,Tahap-3
01/22/2025,12,53,25,12:53:25,97,Tahap-3
01/22/2025,12,53,25,12:53:25,66,Tahap-3
01/22/2025,12,53,25,12:53:25,92,Tahap-3
01/22/2025,12,53,25,12:53:25,202,Tahap-3
01/22/2025,12,53,25,12:53:25,236,Tahap-3
01/22/2025,12,53,25,12:53:25,316,Tahap-3
01/22/2025,12,53,25,12:53:25,172,Tahap-3
01/22/2025,12,53,25,12:53:25,75,Tahap-3
01/22/2025,12,53,26,12:53:26,288,Tahap-3
01/22/2025,12,53,26,12:53:26,183,Tahap-3
01/22/2025,12,53,26,12:53:26,92,Tahap-3
01/22/2025,12,53,26,12:53:26,91,Tahap-3
01/22/2025,12,53,26,12:53:26,40,Tahap-3
01/22/2025,12,53,26,12:53:26,77,Tahap-3
01/22/2025,12,53,26,12:53:26,224,Tahap-3
01/22/2025,12,53,26,12:53:26,70,Tahap-3
01/22/2025,12,53,26,12:53:26,98,Tahap-3
01/22/2025,12,53,26,12:53:26,136,Tahap-3
01/22/2025,12,53,27,12:53:27,104,Tahap-3
01/22/2025,12,53,27,12:53:27,57,Tahap-3
01/22/2025,12,53,27,12:53:27,31,Tahap-3
01/22/2025,12,53,27,12:53:27,199,Tahap-3
01/22/2025,12,53,27,12:53:27,90,Tahap-3
01/22/2025,12,53,27,12:53:27,127,Tahap-3
01/22/2025,12,53,27,12:53:27,478,Tahap-3
01/22/2025,12,53,27,12:53:27,107,Tahap-3
01/22/2025,12,53,27,12:53:27,46,Tahap-3
01/22/2025,12,53,27,12:53:27,266,Tahap-3
01/22/2025,12,53,28,12:53:28,272,Tahap-3
01/22/2025,12,53,28,12:53:28,107,Tahap-3
01/22/2025,12,53,28,12:53:28,62,Tahap-3
01/22/2025,12,53,28,12:53:28,30,Tahap-3
01/22/2025,12,53,28,12:53:28,56,Tahap-3
01/22/2025,12,53,28,12:53:28,24,Tahap-3
01/22/2025,12,53,28,12:53:28,111,Tahap-3
01/22/2025,12,53,28,12:53:28,58,Tahap-3
01/22/2025,12,53,28,12:53:28,95,Tahap-3
01/22/2025,12,53,28,12:53:28,93,Tahap-3
01/22/2025,12,53,29,12:53:29,45,Tahap-3
01/22/2025,12,53,29,12:53:29,49,Tahap-3
01/22/2025,12,53,29,12:53:29,50,Tahap-3
01/22/2025,12,53,29,12:53:29,56,Tahap-3
01/22/2025,12,53,29,12:53:29,178,Tahap-3
01/22/2025,12,53,29,12:53:29,53,Tahap-3
01/22/2025,12,53,29,12:53:29,60,Tahap-3
01/22/2025,12,53,29,12:53:29,168,Tahap-3
01/22/2025,12,53,29,12:53:29,526,Tahap-3
01/22/2025,12,53,29,12:53:29,565,Tahap-3
01/22/2025,12,53,30,12:53:30,614,Tahap-3
01/22/2025,12,53,30,12:53:30,730,Tahap-3
01/22/2025,12,53,30,12:53:30,1035,Tahap-3
01/22/2025,12,53,30,12:53:30,602,Tahap-3
01/22/2025,12,53,30,12:53:30,162,Tahap-3
01/22/2025,12,53,30,12:53:30,282,Tahap-3
01/22/2025,12,53,30,12:53:30,288,Tahap-3
01/22/2025,12,53,30,12:53:30,189,Tahap-3
01/22/2025,12,53,30,12:53:30,84,Tahap-3
01/22/2025,12,53,30,12:53:30,128,Tahap-3
01/22/2025,12,53,31,12:53:31,23,Tahap-3
01/22/2025,12,53,31,12:53:31,26,Tahap-3
01/22/2025,12,53,31,12:53:31,62,Tahap-3
01/22/2025,12,53,31,12:53:31,122,Tahap-3
01/22/2025,12,53,31,12:53:31,57,Tahap-3
01/22/2025,12,53,31,12:53:31,74,Tahap-3
01/22/2025,12,53,31,12:53:31,216,Tahap-3
01/22/2025,12,53,31,12:53:31,45,Tahap-3
01/22/2025,12,53,31,12:53:31,388,Tahap-3
01/22/2025,12,53,31,12:53:31,1202,Tahap-3
01/22/2025,12,53,32,12:53:32,1038,Tahap-3
01/22/2025,12,53,32,12:53:32,410,Tahap-3
01/22/2025,12,53,32,12:53:32,300,Tahap-3
01/22/2025,12,53,32,12:53:32,712,Tahap-3
01/22/2025,12,53,32,12:53:32,443,Tahap-3
01/22/2025,12,53,32,12:53:32,204,Tahap-3
01/22/2025,12,53,32,12:53:32,999,Tahap-3
01/22/2025,12,53,32,12:53:32,187,Tahap-3
01/22/2025,12,53,32,12:53:32,195,Tahap-3
01/22/2025,12,53,32,12:53:32,362,Tahap-3
01/22/2025,12,53,33,12:53:33,254,Tahap-3
01/22/2025,12,53,33,12:53:33,104,Tahap-3
01/22/2025,12,53,33,12:53:33,267,Tahap-3
01/22/2025,12,53,33,12:53:33,121,Tahap-3
01/22/2025,12,53,33,12:53:33,118,Tahap-3
01/22/2025,12,53,33,12:53:33,127,Tahap-3
01/22/2025,12,53,33,12:53:33,225,Tahap-3
01/22/2025,12,53,33,12:53:33,205,Tahap-3
01/22/2025,12,53,33,12:53:33,295,Tahap-3
01/22/2025,12,53,33,12:53:33,204,Tahap-3
01/22/2025,12,53,34,12:53:34,83,Tahap-3
01/22/2025,12,53,34,12:53:34,110,Tahap-3
01/22/2025,12,53,34,12:53:34,511,Tahap-3
01/22/2025,12,53,34,12:53:34,637,Tahap-3
01/22/2025,12,53,34,12:53:34,375,Tahap-3
01/22/2025,12,53,34,12:53:34,469,Tahap-3
01/22/2025,12,53,34,12:53:34,417,Tahap-3
01/22/2025,12,53,34,12:53:34,464,Tahap-3
01/22/2025,12,53,34,12:53:34,456,Tahap-3
01/22/2025,12,53,34,12:53:34,346,Tahap-3
01/22/2025,12,53,35,12:53:35,53,Tahap-3
01/22/2025,12,53,35,12:53:35,139,Tahap-3
01/22/2025,12,53,35,12:53:35,205,Tahap-3
01/22/2025,12,53,35,12:53:35,116,Tahap-3
01/22/2025,12,53,35,12:53:35,284,Tahap-3
01/22/2025,12,53,35,12:53:35,58,Tahap-3
01/22/2025,12,53,35,12:53:35,41,Tahap-3
01/22/2025,12,53,35,12:53:35,142,Tahap-3
01/22/2025,12,53,35,12:53:35,97,Tahap-3
01/22/2025,12,53,35,12:53:35,538,Tahap-3
01/22/2025,12,53,36,12:53:36,427,Tahap-3
01/22/2025,12,53,36,12:53:36,68,Tahap-3
01/22/2025,12,53,36,12:53:36,-92,Tahap-3
01/22/2025,12,53,36,12:53:36,-84,Tahap-3
01/22/2025,12,53,36,12:53:36,136,Tahap-3
01/22/2025,12,53,36,12:53:36,-124,Tahap-3
01/22/2025,12,53,36,12:53:36,-40,Tahap-3
01/22/2025,12,53,36,12:53:36,-24,Tahap-3
01/22/2025,12,53,36,12:53:36,-48,Tahap-3
01/22/2025,12,53,36,12:53:36,-4,Tahap-3
01/22/2025,12,53,37,12:53:37,-108,Tahap-3
01/22/2025,12,53,37,12:53:37,-140,Tahap-3
01/22/2025,12,53,37,12:53:37,92,Tahap-3
01/22/2025,12,53,37,12:53:37,-36,Tahap-3
01/22/2025,12,53,37,12:53:37,-136,Tahap-3
01/22/2025,12,53,37,12:53:37,104,Tahap-3
01/22/2025,12,53,37,12:53:37,-20,Tahap-3
01/22/2025,12,53,37,12:53:37,-168,Tahap-3
01/22/2025,12,53,37,12:53:37,28,Tahap-3
01/22/2025,12,53,37,12:53:37,4,Tahap-3
01/22/2025,12,53,38,12:53:38,-120,Tahap-3
01/22/2025,12,53,38,12:53:38,-24,Tahap-3
01/22/2025,12,53,38,12:53:38,-132,Tahap-3
01/22/2025,12,53,38,12:53:38,64,Tahap-3
01/22/2025,12,53,38,12:53:38,-20,Tahap-3
01/22/2025,12,53,38,12:53:38,-44,Tahap-3
01/22/2025,12,53,38,12:53:38,-40,Tahap-3
01/22/2025,12,53,38,12:53:38,24,Tahap-3
01/22/2025,12,53,38,12:53:38,-116,Tahap-3
01/22/2025,12,53,38,12:53:38,-152,Tahap-3
01/22/2025,12,53,39,12:53:39,48,Tahap-3
01/22/2025,12,53,39,12:53:39,-8,Tahap-3
01/22/2025,12,53,39,12:53:39,-112,Tahap-3
01/22/2025,12,53,39,12:53:39,-56,Tahap-3
01/22/2025,12,53,39,12:53:39,-20,Tahap-3
01/22/2025,12,53,39,12:53:39,-40,Tahap-3
01/22/2025,12,53,39,12:53:39,-64,Tahap-3
01/22/2025,12,53,39,12:53:39,32,Tahap-3
01/22/2025,12,53,39,12:53:39,-92,Tahap-3
01/22/2025,12,53,39,12:53:39,20,Tahap-3
01/22/2025,12,53,40,12:53:40,-128,Tahap-3
01/22/2025,12,53,40,12:53:40,4,Tahap-3
01/22/2025,12,53,40,12:53:40,-28,Tahap-3
01/22/2025,12,53,40,12:53:40,-32,Tahap-3
01/22/2025,12,53,40,12:53:40,-160,Tahap-3
01/22/2025,12,53,40,12:53:40,64,Tahap-3
01/22/2025,12,53,40,12:53:40,-76,Tahap-3
01/22/2025,12,53,40,12:53:40,-96,Tahap-3
01/22/2025,12,53,40,12:53:40,36,Tahap-3
01/22/2025,12,53,40,12:53:40,-40,Tahap-3
01/22/2025,12,53,41,12:53:41,-164,Tahap-3
01/22/2025,12,53,41,12:53:41,24,Tahap-3
01/22/2025,12,53,41,12:53:41,-136,Tahap-3
01/22/2025,12,53,41,12:53:41,-8,Tahap-3
01/22/2025,12,53,41,12:53:41,-92,Tahap-3
01/22/2025,12,53,41,12:53:41,-104,Tahap-3
01/22/2025,12,53,41,12:53:41,8,Tahap-3
01/22/2025,12,53,41,12:53:41,-36,Tahap-3
01/22/2025,12,53,41,12:53:41,-144,Tahap-3
01/22/2025,12,53,41,12:53:41,-16,Tahap-3
01/22/2025,12,53,42,12:53:42,20,Tahap-3
01/22/2025,12,53,42,12:53:42,-116,Tahap-3
01/22/2025,12,53,42,12:53:42,-64,Tahap-3
01/22/2025,12,53,42,12:53:42,24,Tahap-3
01/22/2025,12,53,42,12:53:42,-124,Tahap-3
01/22/2025,12,53,42,12:53:42,-64,Tahap-3
01/22/2025,12,53,42,12:53:42,-148,Tahap-3
01/22/2025,12,53,42,12:53:42,-8,Tahap-3
01/22/2025,12,53,42,12:53:42,-48,Tahap-3
01/22/2025,12,53,42,12:53:42,-84,Tahap-3
01/22/2025,12,53,43,12:53:43,-64,Tahap-3
01/22/2025,12,53,43,12:53:43,-44,Tahap-3
01/22/2025,12,53,43,12:53:43,-24,Tahap-3
01/22/2025,12,53,43,12:53:43,-112,Tahap-3
01/22/2025,12,53,43,12:53:43,-36,Tahap-3
01/22/2025,12,53,43,12:53:43,-8,Tahap-3
01/22/2025,12,53,43,12:53:43,-180,Tahap-3
01/22/2025,12,53,43,12:53:43,-120,Tahap-3
01/22/2025,12,53,43,12:53:43,-88,Tahap-3
01/22/2025,12,53,43,12:53:43,-8,Tahap-3
01/22/2025,12,53,44,12:53:44,-196,Tahap-3
01/22/2025,12,53,44,12:53:44,12,Tahap-3
01/22/2025,12,53,44,12:53:44,-112,Tahap-3
01/22/2025,12,53,44,12:53:44,-72,Tahap-3
01/22/2025,12,53,44,12:53:44,-24,Tahap-3
01/22/2025,12,53,44,12:53:44,-112,Tahap-3
01/22/2025,12,53,44,12:53:44,-60,Tahap-3
01/22/2025,12,53,44,12:53:44,-144,Tahap-3
01/22/2025,12,53,44,12:53:44,-204,Tahap-3
01/22/2025,12,53,44,12:53:44,-48,Tahap-3
01/22/2025,12,53,45,12:53:45,48,Tahap-3
01/22/2025,12,53,45,12:53:45,-160,Tahap-3
01/22/2025,12,53,45,12:53:45,-20,Tahap-3
01/22/2025,12,53,45,12:53:45,-20,Tahap-3
01/22/2025,12,53,45,12:53:45,-108,Tahap-3
01/22/2025,12,53,45,12:53:45,-44,Tahap-3
01/22/2025,12,53,45,12:53:45,-16,Tahap-3
01/22/2025,12,53,45,12:53:45,-116,Tahap-3
01/22/2025,12,53,45,12:53:45,-64,Tahap-3
01/22/2025,12,53,45,12:53:45,-128,Tahap-3
01/22/2025,12,53,46,12:53:46,-76,Tahap-3
01/22/2025,12,53,47,12:53:47,72,Tahap-3
01/22/2025,12,53,47,12:53:47,-36,Tahap-3
01/22/2025,12,53,47,12:53:47,-56,Tahap-3
01/22/2025,12,53,47,12:53:47,24,Tahap-3
01/22/2025,12,53,47,12:53:47,-100,Tahap-3
01/22/2025,12,53,47,12:53:47,-100,Tahap-3
01/22/2025,12,53,47,12:53:47,16,Tahap-3
01/22/2025,12,53,47,12:53:47,-16,Tahap-3
01/22/2025,12,53,47,12:53:47,-76,Tahap-3
01/22/2025,12,53,47,12:53:47,-92,Tahap-3
01/22/2025,12,53,47,12:53:47,-40,Tahap-3
01/22/2025,12,53,47,12:53:47,16,Tahap-3
01/22/2025,12,53,47,12:53:47,-80,Tahap-3
01/22/2025,12,53,47,12:53:47,64,Tahap-3
01/22/2025,12,53,47,12:53:47,-44,Tahap-3
01/22/2025,12,53,47,12:53:47,-28,Tahap-3
01/22/2025,12,53,47,12:53:47,-92,Tahap-3
01/22/2025,12,53,47,12:53:47,-48,Tahap-3
01/22/2025,12,53,47,12:53:47,16,Tahap-3
01/22/2025,12,53,48,12:53:48,-64,Tahap-3
01/22/2025,12,53,48,12:53:48,-116,Tahap-3
01/22/2025,12,53,48,12:53:48,-32,Tahap-3
01/22/2025,12,53,48,12:53:48,60,Tahap-3
01/22/2025,12,53,48,12:53:48,-96,Tahap-3
01/22/2025,12,53,48,12:53:48,-28,Tahap-3
01/22/2025,12,53,48,12:53:48,84,Tahap-3
01/22/2025,12,53,48,12:53:48,-144,Tahap-3
01/22/2025,12,53,48,12:53:48,44,Tahap-3
01/22/2025,12,53,48,12:53:48,-88,Tahap-3
01/22/2025,12,54,13,12:54:13,2379,Tahap-3
01/22/2025,12,54,13,12:54:13,409,Tahap-3
01/22/2025,12,54,13,12:54:13,234,Tahap-3
01/22/2025,12,54,13,12:54:13,340,Tahap-3
01/22/2025,12,54,13,12:54:13,97,Tahap-3
01/22/2025,12,54,13,12:54:13,284,Tahap-3
01/22/2025,12,54,13,12:54:13,111,Tahap-3
01/22/2025,12,54,14,12:54:14,150,Tahap-3
01/22/2025,12,54,14,12:54:14,23,Tahap-3
01/22/2025,12,54,14,12:54:14,117,Tahap-3
01/22/2025,12,54,14,12:54:14,34,Tahap-3
01/22/2025,12,54,14,12:54:14,19,Tahap-3
01/22/2025,12,54,14,12:54:14,78,Tahap-3
01/22/2025,12,54,14,12:54:14,129,Tahap-3
01/22/2025,12,54,14,12:54:14,83,Tahap-3
01/22/2025,12,54,14,12:54:14,74,Tahap-3
01/22/2025,12,54,14,12:54:14,62,Tahap-3
01/22/2025,12,54,15,12:54:15,35,Tahap-3
01/22/2025,12,54,15,12:54:15,2,Tahap-3
01/22/2025,12,54,15,12:54:15,35,Tahap-3
01/22/2025,12,54,15,12:54:15,164,Tahap-3
01/22/2025,12,54,15,12:54:15,166,Tahap-3
01/22/2025,12,54,15,12:54:15,106,Tahap-3
01/22/2025,12,54,15,12:54:15,279,Tahap-3
01/22/2025,12,54,15,12:54:15,61,Tahap-3
01/22/2025,12,54,15,12:54:15,29,Tahap-3
01/22/2025,12,54,15,12:54:15,149,Tahap-3
01/22/2025,12,54,16,12:54:16,216,Tahap-3
01/22/2025,12,54,17,12:54:17,127,Tahap-3
01/22/2025,12,54,17,12:54:17,200,Tahap-3
01/22/2025,12,54,17,12:54:17,243,Tahap-3
01/22/2025,12,54,17,12:54:17,149,Tahap-3
01/22/2025,12,54,17,12:54:17,132,Tahap-3
01/22/2025,12,54,17,12:54:17,116,Tahap-3
01/22/2025,12,54,17,12:54:17,159,Tahap-3
01/22/2025,12,54,17,12:54:17,144,Tahap-3
01/22/2025,12,54,17,12:54:17,233,Tahap-3
01/22/2025,12,54,17,12:54:17,155,Tahap-3
01/22/2025,12,54,17,12:54:17,76,Tahap-3
01/22/2025,12,54,17,12:54:17,79,Tahap-3
01/22/2025,12,54,17,12:54:17,114,Tahap-3
01/22/2025,12,54,17,12:54:17,202,Tahap-3
01/22/2025,12,54,17,12:54:17,370,Tahap-3
01/22/2025,12,54,17,12:54:17,120,Tahap-3
01/22/2025,12,54,17,12:54:17,243,Tahap-3
01/22/2025,12,54,17,12:54:17,75,Tahap-3
01/22/2025,12,54,17,12:54:17,121,Tahap-3
01/22/2025,12,54,18,12:54:18,32,Tahap-3
01/22/2025,12,54,18,12:54:18,221,Tahap-3
01/22/2025,12,54,18,12:54:18,156,Tahap-3
01/22/2025,12,54,18,12:54:18,159,Tahap-3
01/22/2025,12,54,18,12:54:18,125,Tahap-3
01/22/2025,12,54,18,12:54:18,92,Tahap-3
01/22/2025,12,54,18,12:54:18,95,Tahap-3
01/22/2025,12,54,18,12:54:18,78,Tahap-3
01/22/2025,12,54,18,12:54:18,96,Tahap-3
01/22/2025,12,54,18,12:54:18,11,Tahap-3
01/22/2025,12,54,19,12:54:19,85,Tahap-3
01/22/2025,12,54,19,12:54:19,157,Tahap-3
01/22/2025,12,54,19,12:54:19,242,Tahap-3
01/22/2025,12,54,19,12:54:19,110,Tahap-3
01/22/2025,12,54,19,12:54:19,145,Tahap-3
01/22/2025,12,54,19,12:54:19,76,Tahap-3
01/22/2025,12,54,19,12:54:19,177,Tahap-3
01/22/2025,12,54,19,12:54:19,373,Tahap-3
01/22/2025,12,54,19,12:54:19,356,Tahap-3
01/22/2025,12,54,19,12:54:19,353,Tahap-3
01/22/2025,12,54,20,12:54:20,786,Tahap-3
01/22/2025,12,54,20,12:54:20,830,Tahap-3
01/22/2025,12,54,20,12:54:20,227,Tahap-3
01/22/2025,12,54,20,12:54:20,660,Tahap-3
01/22/2025,12,54,20,12:54:20,170,Tahap-3
01/22/2025,12,54,20,12:54:20,305,Tahap-3
01/22/2025,12,54,20,12:54:20,90,Tahap-3
01/22/2025,12,54,20,12:54:20,168,Tahap-3
01/22/2025,12,54,20,12:54:20,153,Tahap-3
01/22/2025,12,54,20,12:54:20,314,Tahap-3
01/22/2025,12,54,21,12:54:21,68,Tahap-3
01/22/2025,12,54,21,12:54:21,193,Tahap-3
01/22/2025,12,54,21,12:54:21,55,Tahap-3
01/22/2025,12,54,21,12:54:21,126,Tahap-3
01/22/2025,12,54,21,12:54:21,139,Tahap-3
01/22/2025,12,54,21,12:54:21,373,Tahap-3
01/22/2025,12,54,21,12:54:21,269,Tahap-3
01/22/2025,12,54,21,12:54:21,95,Tahap-3
01/22/2025,12,54,21,12:54:21,1098,Tahap-3
01/22/2025,12,54,21,12:54:21,389,Tahap-3
01/22/2025,12,54,22,12:54:22,188,Tahap-3
01/22/2025,12,54,22,12:54:22,351,Tahap-3
01/22/2025,12,54,22,12:54:22,611,Tahap-3
01/22/2025,12,54,22,12:54:22,147,Tahap-3
01/22/2025,12,54,22,12:54:22,726,Tahap-3
01/22/2025,12,54,22,12:54:22,548,Tahap-3
01/22/2025,12,54,22,12:54:22,157,Tahap-3
01/22/2025,12,54,22,12:54:22,49,Tahap-3
01/22/2025,12,54,22,12:54:22,78,Tahap-3
01/22/2025,12,54,22,12:54:22,283,Tahap-3
01/22/2025,12,54,23,12:54:23,142,Tahap-3
01/22/2025,12,54,23,12:54:23,210,Tahap-3
01/22/2025,12,54,23,12:54:23,29,Tahap-3
01/22/2025,12,54,23,12:54:23,244,Tahap-3
01/22/2025,12,54,23,12:54:23,98,Tahap-3
01/22/2025,12,54,23,12:54:23,130,Tahap-3
01/22/2025,12,54,23,12:54:23,122,Tahap-3
01/22/2025,12,54,23,12:54:23,228,Tahap-3
01/22/2025,12,54,23,12:54:23,34,Tahap-3
01/22/2025,12,54,23,12:54:23,21,Tahap-3
01/22/2025,12,54,24,12:54:24,59,Tahap-3
01/22/2025,12,54,24,12:54:24,99,Tahap-3
01/22/2025,12,54,24,12:54:24,849,Tahap-3
01/22/2025,12,54,24,12:54:24,554,Tahap-3
01/22/2025,12,54,24,12:54:24,103,Tahap-3
01/22/2025,12,54,24,12:54:24,631,Tahap-3
01/22/2025,12,54,24,12:54:24,814,Tahap-3
01/22/2025,12,54,24,12:54:24,184,Tahap-3
01/22/2025,12,54,24,12:54:24,373,Tahap-3
01/22/2025,12,54,24,12:54:24,218,Tahap-3
01/22/2025,12,54,25,12:54:25,165,Tahap-3
01/22/2025,12,54,25,12:54:25,50,Tahap-3
01/22/2025,12,54,25,12:54:25,246,Tahap-3
01/22/2025,12,54,25,12:54:25,219,Tahap-3
01/22/2025,12,54,25,12:54:25,86,Tahap-3
01/22/2025,12,54,25,12:54:25,161,Tahap-3
01/22/2025,12,54,25,12:54:25,325,Tahap-3
01/22/2025,12,54,25,12:54:25,315,Tahap-3
01/22/2025,12,54,25,12:54:25,253,Tahap-3
01/22/2025,12,54,25,12:54:25,921,Tahap-3
01/22/2025,12,54,26,12:54:26,-84,Tahap-3
01/22/2025,12,54,26,12:54:26,92,Tahap-3
01/22/2025,12,54,26,12:54:26,68,Tahap-3
01/22/2025,12,54,26,12:54:26,136,Tahap-3
01/22/2025,12,54,26,12:54:26,-32,Tahap-3
01/22/2025,12,54,26,12:54:26,96,Tahap-3
01/22/2025,12,54,26,12:54:26,32,Tahap-3
01/22/2025,12,54,26,12:54:26,96,Tahap-3
01/22/2025,12,54,26,12:54:26,-64,Tahap-3
01/22/2025,12,54,26,12:54:26,72,Tahap-3
01/22/2025,12,54,27,12:54:27,52,Tahap-3
01/22/2025,12,54,27,12:54:27,28,Tahap-3
01/22/2025,12,54,27,12:54:27,-24,Tahap-3
01/22/2025,12,54,27,12:54:27,76,Tahap-3
01/22/2025,12,54,27,12:54:27,92,Tahap-3
01/22/2025,12,54,27,12:54:27,32,Tahap-3
01/22/2025,12,54,27,12:54:27,24,Tahap-3
01/22/2025,12,54,27,12:54:27,64,Tahap-3
01/22/2025,12,54,27,12:54:27,8,Tahap-3
01/22/2025,12,54,27,12:54:27,56,Tahap-3
01/22/2025,12,54,28,12:54:28,-160,Tahap-3
01/22/2025,12,54,28,12:54:28,200,Tahap-3
01/22/2025,12,54,28,12:54:28,60,Tahap-3
01/22/2025,12,54,28,12:54:28,-40,Tahap-3
01/22/2025,12,54,28,12:54:28,64,Tahap-3
01/22/2025,12,54,28,12:54:28,96,Tahap-3
01/22/2025,12,54,28,12:54:28,-48,Tahap-3
01/22/2025,12,54,28,12:54:28,-4,Tahap-3
01/22/2025,12,54,28,12:54:28,152,Tahap-3
01/22/2025,12,54,28,12:54:28,-60,Tahap-3
01/22/2025,12,54,29,12:54:29,8,Tahap-3
01/22/2025,12,54,29,12:54:29,24,Tahap-3
01/22/2025,12,54,29,12:54:29,-20,Tahap-3
01/22/2025,12,54,29,12:54:29,140,Tahap-3
01/22/2025,12,54,29,12:54:29,-116,Tahap-3
01/22/2025,12,54,29,12:54:29,-12,Tahap-3
01/22/2025,12,54,29,12:54:29,-40,Tahap-3
01/22/2025,12,54,29,12:54:29,48,Tahap-3
01/22/2025,12,54,29,12:54:29,-68,Tahap-3
01/22/2025,12,54,29,12:54:29,20,Tahap-3
01/22/2025,12,54,30,12:54:30,108,Tahap-3
01/22/2025,12,54,30,12:54:30,-84,Tahap-3
01/22/2025,12,54,30,12:54:30,-36,Tahap-3
01/22/2025,12,54,30,12:54:30,-52,Tahap-3
01/22/2025,12,54,30,12:54:30,44,Tahap-3
01/22/2025,12,54,30,12:54:30,-160,Tahap-3
01/22/2025,12,54,30,12:54:30,-4,Tahap-3
01/22/2025,12,54,30,12:54:30,-44,Tahap-3
01/22/2025,12,54,30,12:54:30,-52,Tahap-3
01/22/2025,12,54,30,12:54:30,-64,Tahap-3
01/22/2025,12,54,31,12:54:31,-60,Tahap-3
01/22/2025,12,54,31,12:54:31,-52,Tahap-3
01/22/2025,12,54,31,12:54:31,-52,Tahap-3
01/22/2025,12,54,31,12:54:31,-128,Tahap-3
01/22/2025,12,54,31,12:54:31,-8,Tahap-3
01/22/2025,12,54,31,12:54:31,-32,Tahap-3
01/22/2025,12,54,31,12:54:31,-164,Tahap-3
01/22/2025,12,54,31,12:54:31,-52,Tahap-3
01/22/2025,12,54,31,12:54:31,48,Tahap-3
01/22/2025,12,54,31,12:54:31,-156,Tahap-3
01/22/2025,12,54,32,12:54:32,-68,Tahap-3
01/22/2025,12,54,32,12:54:32,-28,Tahap-3
01/22/2025,12,54,32,12:54:32,-76,Tahap-3
01/22/2025,12,54,32,12:54:32,-32,Tahap-3
01/22/2025,12,54,32,12:54:32,-164,Tahap-3
01/22/2025,12,54,32,12:54:32,20,Tahap-3
01/22/2025,12,54,32,12:54:32,20,Tahap-3
01/22/2025,12,54,32,12:54:32,-140,Tahap-3
01/22/2025,12,54,32,12:54:32,-20,Tahap-3
01/22/2025,12,54,32,12:54:32,-4,Tahap-3
01/22/2025,12,54,33,12:54:33,-28,Tahap-3
01/22/2025,12,54,33,12:54:33,-176,Tahap-3
01/22/2025,12,54,33,12:54:33,12,Tahap-3
01/22/2025,12,54,33,12:54:33,-80,Tahap-3
01/22/2025,12,54,33,12:54:33,-60,Tahap-3
01/22/2025,12,54,33,12:54:33,-88,Tahap-3
01/22/2025,12,54,33,12:54:33,-32,Tahap-3
01/22/2025,12,54,33,12:54:33,24,Tahap-3
01/22/2025,12,54,33,12:54:33,-128,Tahap-3
01/22/2025,12,54,33,12:54:33,-52,Tahap-3
01/22/2025,12,54,34,12:54:34,-56,Tahap-3
01/22/2025,12,54,34,12:54:34,-72,Tahap-3
01/22/2025,12,54,34,12:54:34,-48,Tahap-3
01/22/2025,12,54,34,12:54:34,-152,Tahap-3
01/22/2025,12,54,34,12:54:34,-12,Tahap-3
01/22/2025,12,54,34,12:54:34,-128,Tahap-3
01/22/2025,12,54,34,12:54:34,-76,Tahap-3
01/22/2025,12,54,34,12:54:34,-116,Tahap-3
01/22/2025,12,54,34,12:54:34,96,Tahap-3
01/22/2025,12,54,34,12:54:34,-212,Tahap-3
01/22/2025,12,54,35,12:54:35,-24,Tahap-3
01/22/2025,12,54,35,12:54:35,-40,Tahap-3
01/22/2025,12,54,35,12:54:35,-132,Tahap-3
01/22/2025,12,54,35,12:54:35,-88,Tahap-3
01/22/2025,12,54,35,12:54:35,-56,Tahap-3
01/22/2025,12,54,35,12:54:35,-116,Tahap-3
01/22/2025,12,54,35,12:54:35,-8,Tahap-3
01/22/2025,12,54,35,12:54:35,-116,Tahap-3
01/22/2025,12,54,35,12:54:35,-112,Tahap-3
01/22/2025,12,54,35,12:54:35,20,Tahap-3
01/22/2025,12,54,36,12:54:36,-68,Tahap-3
01/22/2025,12,54,36,12:54:36,-168,Tahap-3
01/22/2025,12,54,36,12:54:36,48,Tahap-3
01/22/2025,12,54,36,12:54:36,-180,Tahap-3
01/22/2025,12,54,36,12:54:36,-132,Tahap-3
01/22/2025,12,54,36,12:54:36,-40,Tahap-3
01/22/2025,12,54,36,12:54:36,-20,Tahap-3
01/22/2025,12,54,36,12:54:36,-148,Tahap-3
01/22/2025,12,54,36,12:54:36,-56,Tahap-3
01/22/2025,12,54,36,12:54:36,-204,Tahap-3
01/22/2025,12,54,37,12:54:37,40,Tahap-3
01/22/2025,12,54,37,12:54:37,-100,Tahap-3
01/22/2025,12,54,37,12:54:37,-64,Tahap-3
01/22/2025,12,54,37,12:54:37,-8,Tahap-3
01/22/2025,12,54,37,12:54:37,-48,Tahap-3
01/22/2025,12,54,37,12:54:37,-128,Tahap-3
01/22/2025,12,54,37,12:54:37,-48,Tahap-3
01/22/2025,12,54,37,12:54:37,36,Tahap-3
01/22/2025,12,54,37,12:54:37,-80,Tahap-3
01/22/2025,12,54,37,12:54:37,-116,Tahap-3
01/22/2025,12,54,38,12:54:38,-84,Tahap-3
01/22/2025,12,54,38,12:54:38,16,Tahap-3
01/22/2025,12,54,38,12:54:38,-24,Tahap-3
01/22/2025,12,54,38,12:54:38,-52,Tahap-3
01/22/2025,12,54,38,12:54:38,24,Tahap-3
01/22/2025,12,54,38,12:54:38,-100,Tahap-3
01/22/2025,12,54,38,12:54:38,-52,Tahap-3
01/22/2025,12,54,38,12:54:38,-160,Tahap-3
01/22/2025,12,54,38,12:54:38,-4,Tahap-3
01/22/2025,12,55,3,12:55:03,1990,Tahap-3
01/22/2025,12,55,3,12:55:03,108,Tahap-3
01/22/2025,12,55,3,12:55:03,410,Tahap-3
01/22/2025,12,55,3,12:55:03,522,Tahap-3
01/22/2025,12,55,3,12:55:03,210,Tahap-3
01/22/2025,12,55,3,12:55:03,37,Tahap-3
01/22/2025,12,55,3,12:55:03,161,Tahap-3
01/22/2025,12,55,3,12:55:03,125,Tahap-3
01/22/2025,12,55,4,12:55:04,25,Tahap-3
01/22/2025,12,55,4,12:55:04,132,Tahap-3
01/22/2025,12,55,4,12:55:04,153,Tahap-3
01/22/2025,12,55,4,12:55:04,58,Tahap-3
01/22/2025,12,55,4,12:55:04,92,Tahap-3
01/22/2025,12,55,4,12:55:04,36,Tahap-3
01/22/2025,12,55,4,12:55:04,99,Tahap-3
01/22/2025,12,55,4,12:55:04,118,Tahap-3
01/22/2025,12,55,4,12:55:04,60,Tahap-3
01/22/2025,12,55,4,12:55:04,43,Tahap-3
01/22/2025,12,55,5,12:55:05,43,Tahap-3
01/22/2025,12,55,5,12:55:05,87,Tahap-3
01/22/2025,12,55,5,12:55:05,97,Tahap-3
01/22/2025,12,55,5,12:55:05,45,Tahap-3
01/22/2025,12,55,5,12:55:05,492,Tahap-3
01/22/2025,12,55,5,12:55:05,106,Tahap-3
01/22/2025,12,55,5,12:55:05,68,Tahap-3
01/22/2025,12,55,5,12:55:05,63,Tahap-3
01/22/2025,12,55,5,12:55:05,82,Tahap-3
01/22/2025,12,55,5,12:55:05,238,Tahap-3
01/22/2025,12,55,6,12:55:06,116,Tahap-3
01/22/2025,12,55,6,12:55:06,219,Tahap-3
01/22/2025,12,55,6,12:55:06,154,Tahap-3
01/22/2025,12,55,6,12:55:06,54,Tahap-3
01/22/2025,12,55,6,12:55:06,77,Tahap-3
01/22/2025,12,55,6,12:55:06,134,Tahap-3
01/22/2025,12,55,6,12:55:06,264,Tahap-3
01/22/2025,12,55,6,12:55:06,248,Tahap-3
01/22/2025,12,55,6,12:55:06,75,Tahap-3
01/22/2025,12,55,6,12:55:06,186,Tahap-3
01/22/2025,12,55,7,12:55:07,103,Tahap-3
01/22/2025,12,55,7,12:55:07,91,Tahap-3
01/22/2025,12,55,7,12:55:07,22,Tahap-3
01/22/2025,12,55,7,12:55:07,43,Tahap-3
01/22/2025,12,55,7,12:55:07,261,Tahap-3
01/22/2025,12,55,7,12:55:07,100,Tahap-3
01/22/2025,12,55,7,12:55:07,264,Tahap-3
01/22/2025,12,55,7,12:55:07,131,Tahap-3
01/22/2025,12,55,7,12:55:07,114,Tahap-3
01/22/2025,12,55,7,12:55:07,110,Tahap-3
01/22/2025,12,55,8,12:55:08,125,Tahap-3
01/22/2025,12,55,8,12:55:08,173,Tahap-3
01/22/2025,12,55,8,12:55:08,70,Tahap-3
01/22/2025,12,55,8,12:55:08,86,Tahap-3
01/22/2025,12,55,8,12:55:08,63,Tahap-3
01/22/2025,12,55,8,12:55:08,66,Tahap-3
01/22/2025,12,55,8,12:55:08,99,Tahap-3
01/22/2025,12,55,8,12:55:08,181,Tahap-3
01/22/2025,12,55,8,12:55:08,62,Tahap-3
01/22/2025,12,55,8,12:55:08,229,Tahap-3
01/22/2025,12,55,9,12:55:09,198,Tahap-3
01/22/2025,12,55,9,12:55:09,122,Tahap-3
01/22/2025,12,55,9,12:55:09,110,Tahap-3
01/22/2025,12,55,9,12:55:09,57,Tahap-3
01/22/2025,12,55,9,12:55:09,153,Tahap-3
01/22/2025,12,55,9,12:55:09,219,Tahap-3
01/22/2025,12,55,9,12:55:09,14,Tahap-3
01/22/2025,12,55,9,12:55:09,340,Tahap-3
01/22/2025,12,55,9,12:55:09,269,Tahap-3
01/22/2025,12,55,9,12:55:09,516,Tahap-3
01/22/2025,12,55,10,12:55:10,221,Tahap-3
01/22/2025,12,55,10,12:55:10,660,Tahap-3
01/22/2025,12,55,10,12:55:10,538,Tahap-3
01/22/2025,12,55,10,12:55:10,398,Tahap-3
01/22/2025,12,55,10,12:55:10,223,Tahap-3
01/22/2025,12,55,10,12:55:10,261,Tahap-3
01/22/2025,12,55,10,12:55:10,147,Tahap-3
01/22/2025,12,55,10,12:55:10,134,Tahap-3
01/22/2025,12,55,10,12:55:10,147,Tahap-3
01/22/2025,12,55,10,12:55:10,139,Tahap-3
01/22/2025,12,55,11,12:55:11,210,Tahap-3
01/22/2025,12,55,11,12:55:11,97,Tahap-3
01/22/2025,12,55,11,12:55:11,132,Tahap-3
01/22/2025,12,55,11,12:55:11,199,Tahap-3
01/22/2025,12,55,11,12:55:11,159,Tahap-3
01/22/2025,12,55,11,12:55:11,245,Tahap-3
01/22/2025,12,55,11,12:55:11,235,Tahap-3
01/22/2025,12,55,11,12:55:11,1222,Tahap-3
01/22/2025,12,55,11,12:55:11,157,Tahap-3
01/22/2025,12,55,11,12:55:11,174,Tahap-3
01/22/2025,12,55,12,12:55:12,221,Tahap-3
01/22/2025,12,55,12,12:55:12,248,Tahap-3
01/22/2025,12,55,12,12:55:12,370,Tahap-3
01/22/2025,12,55,12,12:55:12,209,Tahap-3
01/22/2025,12,55,12,12:55:12,661,Tahap-3
01/22/2025,12,55,12,12:55:12,763,Tahap-3
01/22/2025,12,55,12,12:55:12,383,Tahap-3
01/22/2025,12,55,12,12:55:12,163,Tahap-3
01/22/2025,12,55,12,12:55:12,223,Tahap-3
01/22/2025,12,55,12,12:55:12,222,Tahap-3
01/22/2025,12,55,13,12:55:13,144,Tahap-3
01/22/2025,12,55,13,12:55:13,230,Tahap-3
01/22/2025,12,55,13,12:55:13,133,Tahap-3
01/22/2025,12,55,13,12:55:13,200,Tahap-3
01/22/2025,12,55,13,12:55:13,77,Tahap-3
01/22/2025,12,55,13,12:55:13,107,Tahap-3
01/22/2025,12,55,13,12:55:13,139,Tahap-3
01/22/2025,12,55,13,12:55:13,92,Tahap-3
01/22/2025,12,55,13,12:55:13,117,Tahap-3
01/22/2025,12,55,13,12:55:13,138,Tahap-3
01/22/2025,12,55,14,12:55:14,586,Tahap-3
01/22/2025,12,55,14,12:55:14,519,Tahap-3
01/22/2025,12,55,14,12:55:14,415,Tahap-3
01/22/2025,12,55,14,12:55:14,500,Tahap-3
01/22/2025,12,55,14,12:55:14,362,Tahap-3
01/22/2025,12,55,14,12:55:14,216,Tahap-3
01/22/2025,12,55,14,12:55:14,195,Tahap-3
01/22/2025,12,55,14,12:55:14,469,Tahap-3
01/22/2025,12,55,14,12:55:14,497,Tahap-3
01/22/2025,12,55,14,12:55:14,134,Tahap-3
01/22/2025,12,55,15,12:55:15,119,Tahap-3
01/22/2025,12,55,15,12:55:15,151,Tahap-3
01/22/2025,12,55,15,12:55:15,227,Tahap-3
01/22/2025,12,55,15,12:55:15,4,Tahap-3
01/22/2025,12,55,15,12:55:15,250,Tahap-3
01/22/2025,12,55,15,12:55:15,86,Tahap-3
01/22/2025,12,55,15,12:55:15,380,Tahap-3
01/22/2025,12,55,15,12:55:15,480,Tahap-3
01/22/2025,12,55,15,12:55:15,695,Tahap-3
01/22/2025,12,55,15,12:55:15,184,Tahap-3
01/22/2025,12,55,16,12:55:16,64,Tahap-3
01/22/2025,12,55,17,12:55:17,152,Tahap-3
01/22/2025,12,55,17,12:55:17,-136,Tahap-3
01/22/2025,12,55,17,12:55:17,120,Tahap-3
01/22/2025,12,55,17,12:55:17,72,Tahap-3
01/22/2025,12,55,17,12:55:17,-32,Tahap-3
01/22/2025,12,55,17,12:55:17,-168,Tahap-3
01/22/2025,12,55,17,12:55:17,88,Tahap-3
01/22/2025,12,55,17,12:55:17,128,Tahap-3
01/22/2025,12,55,17,12:55:17,-144,Tahap-3
01/22/2025,12,55,17,12:55:17,232,Tahap-3
01/22/2025,12,55,17,12:55:17,32,Tahap-3
01/22/2025,12,55,17,12:55:17,-88,Tahap-3
01/22/2025,12,55,17,12:55:17,-16,Tahap-3
01/22/2025,12,55,17,12:55:17,-104,Tahap-3
01/22/2025,12,55,17,12:55:17,24,Tahap-3
01/22/2025,12,55,17,12:55:17,32,Tahap-3
01/22/2025,12,55,17,12:55:17,-120,Tahap-3
01/22/2025,12,55,17,12:55:17,-8,Tahap-3
01/22/2025,12,55,17,12:55:17,280,Tahap-3
01/22/2025,12,55,18,12:55:18,-280,Tahap-3
01/22/2025,12,55,18,12:55:18,160,Tahap-3
01/22/2025,12,55,18,12:55:18,88,Tahap-3
01/22/2025,12,55,18,12:55:18,-32,Tahap-3
01/22/2025,12,55,18,12:55:18,-168,Tahap-3
01/22/2025,12,55,18,12:55:18,152,Tahap-3
01/22/2025,12,55,18,12:55:18,-280,Tahap-3
01/22/2025,12,55,18,12:55:18,-48,Tahap-3
01/22/2025,12,55,18,12:55:18,-232,Tahap-3
01/22/2025,12,55,18,12:55:18,-40,Tahap-3
01/22/2025,12,55,19,12:55:19,88,Tahap-3
01/22/2025,12,55,19,12:55:19,-80,Tahap-3
01/22/2025,12,55,19,12:55:19,8,Tahap-3
01/22/2025,12,55,19,12:55:19,-40,Tahap-3
01/22/2025,12,55,19,12:55:19,-256,Tahap-3
01/22/2025,12,55,19,12:55:19,-40,Tahap-3
01/22/2025,12,55,19,12:55:19,-168,Tahap-3
01/22/2025,12,55,19,12:55:19,-184,Tahap-3
01/22/2025,12,55,20,12:55:20,-24,Tahap-3
01/22/2025,12,55,20,12:55:20,96,Tahap-3
01/22/2025,12,55,20,12:55:20,-264,Tahap-3
01/22/2025,12,55,20,12:55:20,56,Tahap-3
01/22/2025,12,55,20,12:55:20,-200,Tahap-3
01/22/2025,12,55,20,12:55:20,-80,Tahap-3
01/22/2025,12,55,20,12:55:20,-16,Tahap-3
01/22/2025,12,55,20,12:55:20,-160,Tahap-3
01/22/2025,12,55,20,12:55:20,-48,Tahap-3
01/22/2025,12,55,20,12:55:20,-72,Tahap-3
01/22/2025,12,55,21,12:55:21,-328,Tahap-3
01/22/2025,12,55,21,12:55:21,-112,Tahap-3
01/22/2025,12,55,21,12:55:21,88,Tahap-3
01/22/2025,12,55,21,12:55:21,-264,Tahap-3
01/22/2025,12,55,21,12:55:21,8,Tahap-3
01/22/2025,12,55,21,12:55:21,-48,Tahap-3
01/22/2025,12,55,21,12:55:21,-248,Tahap-3
01/22/2025,12,55,21,12:55:21,24,Tahap-3
01/22/2025,12,55,21,12:55:21,-56,Tahap-3
01/22/2025,12,55,21,12:55:21,-136,Tahap-3
01/22/2025,12,55,22,12:55:22,-88,Tahap-3
01/22/2025,12,55,22,12:55:22,-200,Tahap-3
01/22/2025,12,55,22,12:55:22,-128,Tahap-3
01/22/2025,12,55,22,12:55:22,128,Tahap-3
01/22/2025,12,55,22,12:55:22,-184,Tahap-3
01/22/2025,12,55,22,12:55:22,8,Tahap-3
01/22/2025,12,55,22,12:55:22,80,Tahap-3
01/22/2025,12,55,22,12:55:22,-128,Tahap-3
01/22/2025,12,55,22,12:55:22,-224,Tahap-3
01/22/2025,12,55,22,12:55:22,-8,Tahap-3
01/22/2025,12,55,23,12:55:23,-112,Tahap-3
01/22/2025,12,55,23,12:55:23,-32,Tahap-3
01/22/2025,12,55,23,12:55:23,-328,Tahap-3
01/22/2025,12,55,23,12:55:23,88,Tahap-3
01/22/2025,12,55,23,12:55:23,-176,Tahap-3
01/22/2025,12,55,23,12:55:23,-96,Tahap-3
01/22/2025,12,55,23,12:55:23,112,Tahap-3
01/22/2025,12,55,23,12:55:23,-184,Tahap-3
01/22/2025,12,55,23,12:55:23,-104,Tahap-3
01/22/2025,12,55,23,12:55:23,32,Tahap-3
01/22/2025,12,55,24,12:55:24,-264,Tahap-3
01/22/2025,12,55,24,12:55:24,-24,Tahap-3
01/22/2025,12,55,24,12:55:24,-288,Tahap-3
01/22/2025,12,55,24,12:55:24,-120,Tahap-3
01/22/2025,12,55,24,12:55:24,152,Tahap-3
01/22/2025,12,55,24,12:55:24,-288,Tahap-3
01/22/2025,12,55,24,12:55:24,8,Tahap-3
01/22/2025,12,55,24,12:55:24,96,Tahap-3
01/22/2025,12,55,24,12:55:24,-272,Tahap-3
01/22/2025,12,55,24,12:55:24,-56,Tahap-3
01/22/2025,12,55,25,12:55:25,-136,Tahap-3
01/22/2025,12,55,25,12:55:25,-144,Tahap-3
01/22/2025,12,55,25,12:55:25,-120,Tahap-3
01/22/2025,12,55,25,12:55:25,128,Tahap-3
01/22/2025,12,55,25,12:55:25,-152,Tahap-3
01/22/2025,12,55,25,12:55:25,-240,Tahap-3
01/22/2025,12,55,25,12:55:25,-216,Tahap-3
01/22/2025,12,55,25,12:55:25,-40,Tahap-3
01/22/2025,12,55,25,12:55:25,-312,Tahap-3
01/22/2025,12,55,26,12:55:26,48,Tahap-3
01/22/2025,12,55,26,12:55:26,-248,Tahap-3
01/22/2025,12,55,26,12:55:26,-200,Tahap-3
01/22/2025,12,55,26,12:55:26,-360,Tahap-3
01/22/2025,12,55,26,12:55:26,-120,Tahap-3
01/22/2025,12,55,26,12:55:26,-136,Tahap-3
01/22/2025,12,55,26,12:55:26,-232,Tahap-3
01/22/2025,12,55,26,12:55:26,-224,Tahap-3
01/22/2025,12,55,26,12:55:26,-48,Tahap-3
01/22/2025,12,55,26,12:55:26,-48,Tahap-3
01/22/2025,12,55,27,12:55:27,-280,Tahap-3
01/22/2025,12,55,27,12:55:27,-32,Tahap-3
01/22/2025,12,55,27,12:55:27,-272,Tahap-3
01/22/2025,12,55,27,12:55:27,-56,Tahap-3
01/22/2025,12,55,27,12:55:27,-272,Tahap-3
01/22/2025,12,55,27,12:55:27,-136,Tahap-3
01/22/2025,12,55,27,12:55:27,-176,Tahap-3
01/22/2025,12,55,27,12:55:27,-224,Tahap-3
01/22/2025,12,55,27,12:55:27,-16,Tahap-3
01/22/2025,12,55,28,12:55:28,168,Tahap-3
01/22/2025,12,55,28,12:55:28,-432,Tahap-3
01/22/2025,12,55,28,12:55:28,-152,Tahap-3
01/22/2025,12,55,28,12:55:28,16,Tahap-3
01/22/2025,12,55,28,12:55:28,-216,Tahap-3
01/22/2025,12,55,28,12:55:28,-256,Tahap-3
01/22/2025,12,55,28,12:55:28,120,Tahap-3
01/22/2025,12,55,28,12:55:28,-400,Tahap-3
01/22/2025,12,55,53,12:55:53,142,Tahap-3
01/22/2025,12,55,53,12:55:53,109,Tahap-3
01/22/2025,12,55,53,12:55:53,522,Tahap-3
01/22/2025,12,55,53,12:55:53,252,Tahap-3
01/22/2025,12,55,53,12:55:53,106,Tahap-3
01/22/2025,12,55,53,12:55:53,69,Tahap-3
01/22/2025,12,55,53,12:55:53,139,Tahap-3
01/22/2025,12,55,53,12:55:53,254,Tahap-3
01/22/2025,12,55,54,12:55:54,123,Tahap-3
01/22/2025,12,55,54,12:55:54,100,Tahap-3
01/22/2025,12,55,54,12:55:54,107,Tahap-3
01/22/2025,12,55,54,12:55:54,61,Tahap-3
01/22/2025,12,55,54,12:55:54,56,Tahap-3
01/22/2025,12,55,54,12:55:54,10,Tahap-3
01/22/2025,12,55,54,12:55:54,60,Tahap-3
01/22/2025,12,55,54,12:55:54,51,Tahap-3
01/22/2025,12,55,54,12:55:54,58,Tahap-3
01/22/2025,12,55,54,12:55:54,59,Tahap-3
01/22/2025,12,55,54,12:55:54,3,Tahap-3
01/22/2025,12,55,55,12:55:55,86,Tahap-3
01/22/2025,12,55,55,12:55:55,102,Tahap-3
01/22/2025,12,55,55,12:55:55,203,Tahap-3
01/22/2025,12,55,55,12:55:55,121,Tahap-3
01/22/2025,12,55,55,12:55:55,316,Tahap-3
01/22/2025,12,55,55,12:55:55,115,Tahap-3
01/22/2025,12,55,55,12:55:55,70,Tahap-3
01/22/2025,12,55,55,12:55:55,142,Tahap-3
01/22/2025,12,55,55,12:55:55,122,Tahap-3
01/22/2025,12,55,55,12:55:55,186,Tahap-3
01/22/2025,12,55,56,12:55:56,325,Tahap-3
01/22/2025,12,55,56,12:55:56,117,Tahap-3
01/22/2025,12,55,56,12:55:56,87,Tahap-3
01/22/2025,12,55,56,12:55:56,81,Tahap-3
01/22/2025,12,55,56,12:55:56,128,Tahap-3
01/22/2025,12,55,56,12:55:56,162,Tahap-3
01/22/2025,12,55,56,12:55:56,79,Tahap-3
01/22/2025,12,55,56,12:55:56,108,Tahap-3
01/22/2025,12,55,56,12:55:56,58,Tahap-3
01/22/2025,12,55,56,12:55:56,92,Tahap-3
01/22/2025,12,55,57,12:55:57,126,Tahap-3
01/22/2025,12,55,57,12:55:57,100,Tahap-3
01/22/2025,12,55,57,12:55:57,128,Tahap-3
01/22/2025,12,55,57,12:55:57,271,Tahap-3
01/22/2025,12,55,57,12:55:57,199,Tahap-3
01/22/2025,12,55,57,12:55:57,112,Tahap-3
01/22/2025,12,55,57,12:55:57,296,Tahap-3
01/22/2025,12,55,57,12:55:57,212,Tahap-3
01/22/2025,12,55,57,12:55:57,136,Tahap-3
01/22/2025,12,55,57,12:55:57,25,Tahap-3
01/22/2025,12,55,58,12:55:58,68,Tahap-3
01/22/2025,12,55,58,12:55:58,34,Tahap-3
01/22/2025,12,55,58,12:55:58,121,Tahap-3
01/22/2025,12,55,58,12:55:58,34,Tahap-3
01/22/2025,12,55,58,12:55:58,43,Tahap-3
01/22/2025,12,55,58,12:55:58,57,Tahap-3
01/22/2025,12,55,58,12:55:58,34,Tahap-3
01/22/2025,12,55,58,12:55:58,117,Tahap-3
01/22/2025,12,55,58,12:55:58,58,Tahap-3
01/22/2025,12,55,58,12:55:58,9,Tahap-3
01/22/2025,12,55,59,12:55:59,219,Tahap-3
01/22/2025,12,55,59,12:55:59,139,Tahap-3
01/22/2025,12,55,59,12:55:59,48,Tahap-3
01/22/2025,12,55,59,12:55:59,139,Tahap-3
01/22/2025,12,55,59,12:55:59,94,Tahap-3
01/22/2025,12,55,59,12:55:59,133,Tahap-3
01/22/2025,12,55,59,12:55:59,216,Tahap-3
01/22/2025,12,55,59,12:55:59,119,Tahap-3
01/22/2025,12,55,59,12:55:59,794,Tahap-3
01/22/2025,12,55,59,12:55:59,999,Tahap-3
01/22/2025,12,56,1,12:56:01,48,Tahap-3
01/22/2025,12,56,1,12:56:01,23,Tahap-3
01/22/2025,12,56,1,12:56:01,80,Tahap-3
01/22/2025,12,56,1,12:56:01,205,Tahap-3
01/22/2025,12,56,1,12:56:01,177,Tahap-3
01/22/2025,12,56,1,12:56:01,111,Tahap-3
01/22/2025,12,56,1,12:56:01,1260,Tahap-3
01/22/2025,12,56,1,12:56:01,49,Tahap-3
01/22/2025,12,56,1,12:56:01,141,Tahap-3
01/22/2025,12,56,1,12:56:01,127,Tahap-3
01/22/2025,12,56,2,12:56:02,222,Tahap-3
01/22/2025,12,56,2,12:56:02,247,Tahap-3
01/22/2025,12,56,2,12:56:02,237,Tahap-3
01/22/2025,12,56,2,12:56:02,1108,Tahap-3
01/22/2025,12,56,2,12:56:02,173,Tahap-3
01/22/2025,12,56,2,12:56:02,58,Tahap-3
01/22/2025,12,56,2,12:56:02,146,Tahap-3
01/22/2025,12,56,2,12:56:02,114,Tahap-3
01/22/2025,12,56,2,12:56:02,153,Tahap-3
01/22/2025,12,56,2,12:56:02,138,Tahap-3
01/22/2025,12,56,3,12:56:03,146,Tahap-3
01/22/2025,12,56,3,12:56:03,150,Tahap-3
01/22/2025,12,56,3,12:56:03,42,Tahap-3
01/22/2025,12,56,3,12:56:03,295,Tahap-3
01/22/2025,12,56,3,12:56:03,140,Tahap-3
01/22/2025,12,56,3,12:56:03,299,Tahap-3
01/22/2025,12,56,3,12:56:03,96,Tahap-3
01/22/2025,12,56,3,12:56:03,27,Tahap-3
01/22/2025,12,56,3,12:56:03,208,Tahap-3
01/22/2025,12,56,3,12:56:03,390,Tahap-3
01/22/2025,12,56,4,12:56:04,126,Tahap-3
01/22/2025,12,56,4,12:56:04,207,Tahap-3
01/22/2025,12,56,4,12:56:04,462,Tahap-3
01/22/2025,12,56,4,12:56:04,255,Tahap-3
01/22/2025,12,56,4,12:56:04,430,Tahap-3
01/22/2025,12,56,4,12:56:04,120,Tahap-3
01/22/2025,12,56,4,12:56:04,532,Tahap-3
01/22/2025,12,56,4,12:56:04,482,Tahap-3
01/22/2025,12,56,4,12:56:04,161,Tahap-3
01/22/2025,12,56,4,12:56:04,252,Tahap-3
01/22/2025,12,56,5,12:56:05,283,Tahap-3
01/22/2025,12,56,5,12:56:05,292,Tahap-3
01/22/2025,12,56,5,12:56:05,253,Tahap-3
01/22/2025,12,56,5,12:56:05,163,Tahap-3
01/22/2025,12,56,5,12:56:05,145,Tahap-3
01/22/2025,12,56,5,12:56:05,352,Tahap-3
01/22/2025,12,56,5,12:56:05,101,Tahap-3
01/22/2025,12,56,5,12:56:05,871,Tahap-3
01/22/2025,12,56,5,12:56:05,-160,Tahap-3
01/22/2025,12,56,6,12:56:06,-176,Tahap-3
01/22/2025,12,56,6,12:56:06,224,Tahap-3
01/22/2025,12,56,6,12:56:06,-24,Tahap-3
01/22/2025,12,56,6,12:56:06,-176,Tahap-3
01/22/2025,12,56,6,12:56:06,168,Tahap-3
01/22/2025,12,56,6,12:56:06,-32,Tahap-3
01/22/2025,12,56,6,12:56:06,-152,Tahap-3
01/22/2025,12,56,6,12:56:06,56,Tahap-3
01/22/2025,12,56,6,12:56:06,120,Tahap-3
01/22/2025,12,56,6,12:56:06,-104,Tahap-3
01/22/2025,12,56,7,12:56:07,-144,Tahap-3
01/22/2025,12,56,7,12:56:07,-32,Tahap-3
01/22/2025,12,56,7,12:56:07,224,Tahap-3
01/22/2025,12,56,7,12:56:07,-64,Tahap-3
01/22/2025,12,56,7,12:56:07,128,Tahap-3
01/22/2025,12,56,7,12:56:07,-8,Tahap-3
01/22/2025,12,56,7,12:56:07,168,Tahap-3
01/22/2025,12,56,7,12:56:07,-136,Tahap-3
01/22/2025,12,56,7,12:56:07,48,Tahap-3
01/22/2025,12,56,7,12:56:07,80,Tahap-3
01/22/2025,12,56,8,12:56:08,144,Tahap-3
01/22/2025,12,56,8,12:56:08,-96,Tahap-3
01/22/2025,12,56,8,12:56:08,48,Tahap-3
01/22/2025,12,56,8,12:56:08,208,Tahap-3
01/22/2025,12,56,8,12:56:08,-104,Tahap-3
01/22/2025,12,56,8,12:56:08,88,Tahap-3
01/22/2025,12,56,8,12:56:08,200,Tahap-3
01/22/2025,12,56,8,12:56:08,-256,Tahap-3
01/22/2025,12,56,8,12:56:08,160,Tahap-3
01/22/2025,12,56,8,12:56:08,-32,Tahap-3
01/22/2025,12,56,9,12:56:09,-40,Tahap-3
01/22/2025,12,56,9,12:56:09,128,Tahap-3
01/22/2025,12,56,9,12:56:09,-48,Tahap-3
01/22/2025,12,56,9,12:56:09,-56,Tahap-3
01/22/2025,12,56,9,12:56:09,144,Tahap-3
01/22/2025,12,56,9,12:56:09,-184,Tahap-3
01/22/2025,12,56,9,12:56:09,104,Tahap-3
01/22/2025,12,56,9,12:56:09,72,Tahap-3
01/22/2025,12,56,9,12:56:09,88,Tahap-3
01/22/2025,12,56,9,12:56:09,-160,Tahap-3
01/22/2025,12,56,10,12:56:10,272,Tahap-3
01/22/2025,12,56,10,12:56:10,-96,Tahap-3
01/22/2025,12,56,10,12:56:10,56,Tahap-3
01/22/2025,12,56,10,12:56:10,-80,Tahap-3
01/22/2025,12,56,10,12:56:10,56,Tahap-3
01/22/2025,12,56,10,12:56:10,184,Tahap-3
01/22/2025,12,56,10,12:56:10,-40,Tahap-3
01/22/2025,12,56,10,12:56:10,176,Tahap-3
01/22/2025,12,56,10,12:56:10,120,Tahap-3
01/22/2025,12,56,10,12:56:10,80,Tahap-3
01/22/2025,12,56,11,12:56:11,96,Tahap-3
01/22/2025,12,56,11,12:56:11,40,Tahap-3
01/22/2025,12,56,11,12:56:11,120,Tahap-3
01/22/2025,12,56,11,12:56:11,-32,Tahap-3
01/22/2025,12,56,11,12:56:11,-80,Tahap-3
01/22/2025,12,56,11,12:56:11,-24,Tahap-3
01/22/2025,12,56,11,12:56:11,320,Tahap-3
01/22/2025,12,56,11,12:56:11,-288,Tahap-3
01/22/2025,12,56,11,12:56:11,208,Tahap-3
01/22/2025,12,56,11,12:56:11,-24,Tahap-3
01/22/2025,12,56,12,12:56:12,-120,Tahap-3
01/22/2025,12,56,12,12:56:12,40,Tahap-3
01/22/2025,12,56,12,12:56:12,72,Tahap-3
01/22/2025,12,56,12,12:56:12,-144,Tahap-3
01/22/2025,12,56,12,12:56:12,32,Tahap-3
01/22/2025,12,56,12,12:56:12,-240,Tahap-3
01/22/2025,12,56,12,12:56:12,-48,Tahap-3
01/22/2025,12,56,12,12:56:12,208,Tahap-3
01/22/2025,12,56,12,12:56:12,-112,Tahap-3
01/22/2025,12,56,12,12:56:12,-120,Tahap-3
01/22/2025,12,56,13,12:56:13,248,Tahap-3
01/22/2025,12,56,13,12:56:13,-224,Tahap-3
01/22/2025,12,56,13,12:56:13,-96,Tahap-3
01/22/2025,12,56,13,12:56:13,72,Tahap-3
01/22/2025,12,56,13,12:56:13,-128,Tahap-3
01/22/2025,12,56,13,12:56:13,40,Tahap-3
01/22/2025,12,56,13,12:56:13,-224,Tahap-3
01/22/2025,12,56,13,12:56:13,144,Tahap-3
01/22/2025,12,56,13,12:56:13,-96,Tahap-3
01/22/2025,12,56,14,12:56:14,-24,Tahap-3
01/22/2025,12,56,14,12:56:14,-64,Tahap-3
01/22/2025,12,56,14,12:56:14,80,Tahap-3
01/22/2025,12,56,14,12:56:14,-248,Tahap-3
01/22/2025,12,56,14,12:56:14,-24,Tahap-3
01/22/2025,12,56,14,12:56:14,128,Tahap-3
01/22/2025,12,56,14,12:56:14,-112,Tahap-3
01/22/2025,12,56,14,12:56:14,-240,Tahap-3
01/22/2025,12,56,14,12:56:14,-80,Tahap-3
01/22/2025,12,56,14,12:56:14,80,Tahap-3
01/22/2025,12,56,15,12:56:15,-24,Tahap-3
01/22/2025,12,56,15,12:56:15,-128,Tahap-3
01/22/2025,12,56,15,12:56:15,168,Tahap-3
01/22/2025,12,56,15,12:56:15,-200,Tahap-3
01/22/2025,12,56,15,12:56:15,72,Tahap-3
01/22/2025,12,56,15,12:56:15,-264,Tahap-3
01/22/2025,12,56,15,12:56:15,120,Tahap-3
01/22/2025,12,56,15,12:56:15,40,Tahap-3
01/22/2025,12,56,15,12:56:15,-96,Tahap-3
01/22/2025,12,56,15,12:56:15,-184,Tahap-3
01/22/2025,12,56,16,12:56:16,264,Tahap-3
01/22/2025,12,56,17,12:56:17,-144,Tahap-3
01/22/2025,12,56,17,12:56:17,-40,Tahap-3
01/22/2025,12,56,17,12:56:17,144,Tahap-3
01/22/2025,12,56,17,12:56:17,48,Tahap-3
01/22/2025,12,56,17,12:56:17,-152,Tahap-3
01/22/2025,12,56,17,12:56:17,144,Tahap-3
01/22/2025,12,56,17,12:56:17,-72,Tahap-3
01/22/2025,12,56,17,12:56:17,88,Tahap-3
01/22/2025,12,56,17,12:56:17,-80,Tahap-3
01/22/2025,12,56,17,12:56:17,8,Tahap-3
01/22/2025,12,56,17,12:56:17,136,Tahap-3
01/22/2025,12,56,17,12:56:17,120,Tahap-3
01/22/2025,12,56,17,12:56:17,-136,Tahap-3
01/22/2025,12,56,17,12:56:17,120,Tahap-3
01/22/2025,12,56,17,12:56:17,232,Tahap-3
01/22/2025,12,56,17,12:56:17,-120,Tahap-3
01/22/2025,12,56,17,12:56:17,80,Tahap-3
01/22/2025,12,56,17,12:56:17,184,Tahap-3
01/22/2025,12,56,17,12:56:17,-72,Tahap-3
01/22/2025,12,56,18,12:56:18,112,Tahap-3
01/22/2025,12,56,18,12:56:18,-96,Tahap-3
01/22/2025,12,56,18,12:56:18,296,Tahap-3
01/22/2025,12,56,18,12:56:18,120,Tahap-3
01/22/2025,12,56,18,12:56:18,48,Tahap-3
01/22/2025,12,56,18,12:56:18,104,Tahap-3
01/22/2025,12,56,43,12:56:43,2215,Tahap-3
01/22/2025,12,56,43,12:56:43,349,Tahap-3
01/22/2025,12,56,43,12:56:43,269,Tahap-3
01/22/2025,12,56,43,12:56:43,148,Tahap-3
01/22/2025,12,56,43,12:56:43,134,Tahap-3
01/22/2025,12,56,43,12:56:43,188,Tahap-3
01/22/2025,12,56,43,12:56:43,116,Tahap-3
01/22/2025,12,56,43,12:56:43,180,Tahap-3
01/22/2025,12,56,43,12:56:43,201,Tahap-3
01/22/2025,12,56,44,12:56:44,191,Tahap-3
01/22/2025,12,56,44,12:56:44,58,Tahap-3
01/22/2025,12,56,44,12:56:44,103,Tahap-3
01/22/2025,12,56,44,12:56:44,154,Tahap-3
01/22/2025,12,56,44,12:56:44,74,Tahap-3
01/22/2025,12,56,44,12:56:44,192,Tahap-3
01/22/2025,12,56,44,12:56:44,96,Tahap-3
01/22/2025,12,56,44,12:56:44,75,Tahap-3
01/22/2025,12,56,44,12:56:44,140,Tahap-3
01/22/2025,12,56,44,12:56:44,85,Tahap-3
01/22/2025,12,56,45,12:56:45,51,Tahap-3
01/22/2025,12,56,45,12:56:45,67,Tahap-3
01/22/2025,12,56,45,12:56:45,314,Tahap-3
01/22/2025,12,56,45,12:56:45,342,Tahap-3
01/22/2025,12,56,45,12:56:45,256,Tahap-3
01/22/2025,12,56,45,12:56:45,101,Tahap-3
01/22/2025,12,56,45,12:56:45,93,Tahap-3
01/22/2025,12,56,45,12:56:45,40,Tahap-3
01/22/2025,12,56,45,12:56:45,135,Tahap-3
01/22/2025,12,56,45,12:56:45,200,Tahap-3
01/22/2025,12,56,46,12:56:46,65,Tahap-3
01/22/2025,12,56,47,12:56:47,183,Tahap-3
01/22/2025,12,56,47,12:56:47,145,Tahap-3
01/22/2025,12,56,47,12:56:47,39,Tahap-3
01/22/2025,12,56,47,12:56:47,77,Tahap-3
01/22/2025,12,56,47,12:56:47,62,Tahap-3
01/22/2025,12,56,47,12:56:47,145,Tahap-3
01/22/2025,12,56,47,12:56:47,104,Tahap-3
01/22/2025,12,56,47,12:56:47,6,Tahap-3
01/22/2025,12,56,47,12:56:47,50,Tahap-3
01/22/2025,12,56,47,12:56:47,26,Tahap-3
01/22/2025,12,56,47,12:56:47,69,Tahap-3
01/22/2025,12,56,47,12:56:47,135,Tahap-3
01/22/2025,12,56,47,12:56:47,129,Tahap-3
01/22/2025,12,56,47,12:56:47,200,Tahap-3
01/22/2025,12,56,47,12:56:47,480,Tahap-3
01/22/2025,12,56,47,12:56:47,198,Tahap-3
01/22/2025,12,56,47,12:56:47,154,Tahap-3
01/22/2025,12,56,47,12:56:47,316,Tahap-3
01/22/2025,12,56,47,12:56:47,82,Tahap-3
01/22/2025,12,56,47,12:56:47,90,Tahap-3
01/22/2025,12,56,48,12:56:48,37,Tahap-3
01/22/2025,12,56,48,12:56:48,67,Tahap-3
01/22/2025,12,56,48,12:56:48,91,Tahap-3
01/22/2025,12,56,48,12:56:48,92,Tahap-3
01/22/2025,12,56,48,12:56:48,105,Tahap-3
01/22/2025,12,56,48,12:56:48,166,Tahap-3
01/22/2025,12,56,48,12:56:48,126,Tahap-3
01/22/2025,12,56,48,12:56:48,31,Tahap-3
01/22/2025,12,56,48,12:56:48,109,Tahap-3
01/22/2025,12,56,48,12:56:48,67,Tahap-3
01/22/2025,12,56,49,12:56:49,146,Tahap-3
01/22/2025,12,56,49,12:56:49,156,Tahap-3
01/22/2025,12,56,49,12:56:49,14,Tahap-3
01/22/2025,12,56,49,12:56:49,195,Tahap-3
01/22/2025,12,56,49,12:56:49,65,Tahap-3
01/22/2025,12,56,49,12:56:49,87,Tahap-3
01/22/2025,12,56,49,12:56:49,187,Tahap-3
01/22/2025,12,56,49,12:56:49,432,Tahap-3
01/22/2025,12,56,49,12:56:49,623,Tahap-3
01/22/2025,12,56,49,12:56:49,428,Tahap-3
01/22/2025,12,56,50,12:56:50,387,Tahap-3
01/22/2025,12,56,50,12:56:50,766,Tahap-3
01/22/2025,12,56,50,12:56:50,41,Tahap-3
01/22/2025,12,56,50,12:56:50,300,Tahap-3
01/22/2025,12,56,50,12:56:50,139,Tahap-3
01/22/2025,12,56,50,12:56:50,101,Tahap-3
01/22/2025,12,56,50,12:56:50,216,Tahap-3
01/22/2025,12,56,50,12:56:50,106,Tahap-3
01/22/2025,12,56,50,12:56:50,77,Tahap-3
01/22/2025,12,56,50,12:56:50,60,Tahap-3
01/22/2025,12,56,51,12:56:51,92,Tahap-3
01/22/2025,12,56,51,12:56:51,71,Tahap-3
01/22/2025,12,56,51,12:56:51,62,Tahap-3
01/22/2025,12,56,51,12:56:51,105,Tahap-3
01/22/2025,12,56,51,12:56:51,180,Tahap-3
01/22/2025,12,56,51,12:56:51,93,Tahap-3
01/22/2025,12,56,51,12:56:51,59,Tahap-3
01/22/2025,12,56,51,12:56:51,43,Tahap-3
01/22/2025,12,56,51,12:56:51,774,Tahap-3
01/22/2025,12,56,51,12:56:51,344,Tahap-3
01/22/2025,12,56,52,12:56:52,18,Tahap-3
01/22/2025,12,56,52,12:56:52,94,Tahap-3
01/22/2025,12,56,52,12:56:52,641,Tahap-3
01/22/2025,12,56,52,12:56:52,703,Tahap-3
01/22/2025,12,56,52,12:56:52,642,Tahap-3
01/22/2025,12,56,52,12:56:52,396,Tahap-3
01/22/2025,12,56,52,12:56:52,218,Tahap-3
01/22/2025,12,56,52,12:56:52,229,Tahap-3
01/22/2025,12,56,52,12:56:52,194,Tahap-3
01/22/2025,12,56,52,12:56:52,92,Tahap-3
01/22/2025,12,56,53,12:56:53,103,Tahap-3
01/22/2025,12,56,53,12:56:53,137,Tahap-3
01/22/2025,12,56,53,12:56:53,137,Tahap-3
01/22/2025,12,56,53,12:56:53,62,Tahap-3
01/22/2025,12,56,53,12:56:53,68,Tahap-3
01/22/2025,12,56,53,12:56:53,31,Tahap-3
01/22/2025,12,56,53,12:56:53,33,Tahap-3
01/22/2025,12,56,53,12:56:53,106,Tahap-3
01/22/2025,12,56,53,12:56:53,196,Tahap-3
01/22/2025,12,56,53,12:56:53,517,Tahap-3
01/22/2025,12,56,54,12:56:54,334,Tahap-3
01/22/2025,12,56,54,12:56:54,106,Tahap-3
01/22/2025,12,56,54,12:56:54,367,Tahap-3
01/22/2025,12,56,54,12:56:54,597,Tahap-3
01/22/2025,12,56,54,12:56:54,288,Tahap-3
01/22/2025,12,56,54,12:56:54,455,Tahap-3
01/22/2025,12,56,54,12:56:54,416,Tahap-3
01/22/2025,12,56,54,12:56:54,543,Tahap-3
01/22/2025,12,56,54,12:56:54,61,Tahap-3
01/22/2025,12,56,54,12:56:54,49,Tahap-3
01/22/2025,12,56,55,12:56:55,153,Tahap-3
01/22/2025,12,56,55,12:56:55,222,Tahap-3
01/22/2025,12,56,55,12:56:55,148,Tahap-3
01/22/2025,12,56,55,12:56:55,274,Tahap-3
01/22/2025,12,56,55,12:56:55,23,Tahap-3
01/22/2025,12,56,55,12:56:55,200,Tahap-3
01/22/2025,12,56,55,12:56:55,74,Tahap-3
01/22/2025,12,56,55,12:56:55,16,Tahap-3
01/22/2025,12,56,55,12:56:55,240,Tahap-3
01/22/2025,12,56,55,12:56:55,176,Tahap-3
01/22/2025,12,56,56,12:56:56,16,Tahap-3
01/22/2025,12,56,56,12:56:56,144,Tahap-3
01/22/2025,12,56,56,12:56:56,120,Tahap-3
01/22/2025,12,56,56,12:56:56,-16,Tahap-3
01/22/2025,12,56,56,12:56:56,168,Tahap-3
01/22/2025,12,56,56,12:56:56,-8,Tahap-3
01/22/2025,12,56,56,12:56:56,224,Tahap-3
01/22/2025,12,56,56,12:56:56,80,Tahap-3
01/22/2025,12,56,56,12:56:56,112,Tahap-3
01/22/2025,12,56,56,12:56:56,288,Tahap-3
01/22/2025,12,56,57,12:56:57,144,Tahap-3
01/22/2025,12,56,57,12:56:57,-32,Tahap-3
01/22/2025,12,56,57,12:56:57,56,Tahap-3
01/22/2025,12,56,57,12:56:57,176,Tahap-3
01/22/2025,12,56,57,12:56:57,128,Tahap-3
01/22/2025,12,56,57,12:56:57,-24,Tahap-3
01/22/2025,12,56,57,12:56:57,184,Tahap-3
01/22/2025,12,56,57,12:56:57,128,Tahap-3
01/22/2025,12,56,57,12:56:57,32,Tahap-3
01/22/2025,12,56,57,12:56:57,376,Tahap-3
01/22/2025,12,56,58,12:56:58,312,Tahap-3
01/22/2025,12,56,58,12:56:58,80,Tahap-3
01/22/2025,12,56,58,12:56:58,264,Tahap-3
01/22/2025,12,56,58,12:56:58,24,Tahap-3
01/22/2025,12,56,58,12:56:58,96,Tahap-3
01/22/2025,12,56,58,12:56:58,296,Tahap-3
01/22/2025,12,56,58,12:56:58,-56,Tahap-3
01/22/2025,12,56,58,12:56:58,304,Tahap-3
01/22/2025,12,56,58,12:56:58,128,Tahap-3
01/22/2025,12,56,58,12:56:58,56,Tahap-3
01/22/2025,12,56,59,12:56:59,504,Tahap-3
01/22/2025,12,56,59,12:56:59,32,Tahap-3
01/22/2025,12,56,59,12:56:59,152,Tahap-3
01/22/2025,12,56,59,12:56:59,240,Tahap-3
01/22/2025,12,56,59,12:56:59,72,Tahap-3
01/22/2025,12,56,59,12:56:59,160,Tahap-3
01/22/2025,12,56,59,12:56:59,296,Tahap-3
01/22/2025,12,56,59,12:56:59,200,Tahap-3
01/22/2025,12,56,59,12:56:59,24,Tahap-3
01/22/2025,12,56,59,12:56:59,80,Tahap-3
01/22/2025,12,57,1,12:57:01,40,Tahap-3
01/22/2025,12,57,1,12:57:01,304,Tahap-3
01/22/2025,12,57,1,12:57:01,152,Tahap-3
01/22/2025,12,57,1,12:57:01,272,Tahap-3
01/22/2025,12,57,1,12:57:01,248,Tahap-3
01/22/2025,12,57,1,12:57:01,136,Tahap-3
01/22/2025,12,57,1,12:57:01,48,Tahap-3
01/22/2025,12,57,1,12:57:01,64,Tahap-3
01/22/2025,12,57,1,12:57:01,112,Tahap-3
01/22/2025,12,57,1,12:57:01,120,Tahap-3
01/22/2025,12,57,2,12:57:02,64,Tahap-3
01/22/2025,12,57,2,12:57:02,-88,Tahap-3
01/22/2025,12,57,2,12:57:02,320,Tahap-3
01/22/2025,12,57,2,12:57:02,112,Tahap-3
01/22/2025,12,57,2,12:57:02,40,Tahap-3
01/22/2025,12,57,2,12:57:02,312,Tahap-3
01/22/2025,12,57,2,12:57:02,-56,Tahap-3
01/22/2025,12,57,2,12:57:02,40,Tahap-3
01/22/2025,12,57,2,12:57:02,-56,Tahap-3
01/22/2025,12,57,2,12:57:02,200,Tahap-3
01/22/2025,12,57,3,12:57:03,16,Tahap-3
01/22/2025,12,57,3,12:57:03,48,Tahap-3
01/22/2025,12,57,3,12:57:03,-176,Tahap-3
01/22/2025,12,57,3,12:57:03,312,Tahap-3
01/22/2025,12,57,3,12:57:03,-24,Tahap-3
01/22/2025,12,57,3,12:57:03,-200,Tahap-3
01/22/2025,12,57,3,12:57:03,232,Tahap-3
01/22/2025,12,57,3,12:57:03,64,Tahap-3
01/22/2025,12,57,3,12:57:03,16,Tahap-3
01/22/2025,12,57,3,12:57:03,96,Tahap-3
01/22/2025,12,57,4,12:57:04,-32,Tahap-3
01/22/2025,12,57,4,12:57:04,-8,Tahap-3
01/22/2025,12,57,4,12:57:04,-88,Tahap-3
01/22/2025,12,57,4,12:57:04,-40,Tahap-3
01/22/2025,12,57,4,12:57:04,144,Tahap-3
01/22/2025,12,57,4,12:57:04,-80,Tahap-3
01/22/2025,12,57,4,12:57:04,-96,Tahap-3
01/22/2025,12,57,4,12:57:04,192,Tahap-3
01/22/2025,12,57,4,12:57:04,192,Tahap-3
01/22/2025,12,57,4,12:57:04,-248,Tahap-3
01/22/2025,12,57,5,12:57:05,-32,Tahap-3
01/22/2025,12,57,5,12:57:05,-40,Tahap-3
01/22/2025,12,57,5,12:57:05,-112,Tahap-3
01/22/2025,12,57,5,12:57:05,-136,Tahap-3
01/22/2025,12,57,5,12:57:05,-104,Tahap-3
01/22/2025,12,57,5,12:57:05,96,Tahap-3
01/22/2025,12,57,5,12:57:05,-72,Tahap-3
01/22/2025,12,57,5,12:57:05,-160,Tahap-3
01/22/2025,12,57,5,12:57:05,-16,Tahap-3
01/22/2025,12,57,5,12:57:05,-16,Tahap-3
01/22/2025,12,57,6,12:57:06,-40,Tahap-3
01/22/2025,12,57,6,12:57:06,-120,Tahap-3
01/22/2025,12,57,6,12:57:06,-32,Tahap-3
01/22/2025,12,57,6,12:57:06,-248,Tahap-3
01/22/2025,12,57,6,12:57:06,-24,Tahap-3
01/22/2025,12,57,6,12:57:06,-192,Tahap-3
01/22/2025,12,57,6,12:57:06,208,Tahap-3
01/22/2025,12,57,6,12:57:06,-144,Tahap-3
01/22/2025,12,57,6,12:57:06,-72,Tahap-3
01/22/2025,12,57,6,12:57:06,72,Tahap-3
01/22/2025,12,57,7,12:57:07,-88,Tahap-3
01/22/2025,12,57,7,12:57:07,64,Tahap-3
01/22/2025,12,57,7,12:57:07,-104,Tahap-3
01/22/2025,12,57,7,12:57:07,24,Tahap-3
01/22/2025,12,57,7,12:57:07,-112,Tahap-3
01/22/2025,12,57,7,12:57:07,-48,Tahap-3
01/22/2025,12,57,7,12:57:07,-48,Tahap-3
01/22/2025,12,57,7,12:57:07,216,Tahap-3
01/22/2025,12,57,7,12:57:07,-104,Tahap-3
01/22/2025,12,57,7,12:57:07,-16,Tahap-3
01/22/2025,12,57,8,12:57:08,112,Tahap-3
01/22/2025,12,57,8,12:57:08,-136,Tahap-3
01/22/2025,12,57,8,12:57:08,64,Tahap-3
01/22/2025,12,57,8,12:57:08,-24,Tahap-3
01/22/2025,12,57,8,12:57:08,-48,Tahap-3
01/22/2025,12,57,8,12:57:08,-48,Tahap-3
01/22/2025,12,57,33,12:57:33,1810,Tahap-3
01/22/2025,12,57,33,12:57:33,792,Tahap-3
01/22/2025,12,57,33,12:57:33,69,Tahap-3
01/22/2025,12,57,33,12:57:33,389,Tahap-3
01/22/2025,12,57,33,12:57:33,53,Tahap-3
01/22/2025,12,57,33,12:57:33,242,Tahap-3
01/22/2025,12,57,33,12:57:33,47,Tahap-3
01/22/2025,12,57,33,12:57:33,76,Tahap-3
01/22/2025,12,57,33,12:57:33,105,Tahap-3
01/22/2025,12,57,33,12:57:33,101,Tahap-3
01/22/2025,12,57,34,12:57:34,127,Tahap-3
01/22/2025,12,57,34,12:57:34,125,Tahap-3
01/22/2025,12,57,34,12:57:34,94,Tahap-3
01/22/2025,12,57,34,12:57:34,146,Tahap-3
01/22/2025,12,57,34,12:57:34,11,Tahap-3
01/22/2025,12,57,34,12:57:34,86,Tahap-3
01/22/2025,12,57,34,12:57:34,83,Tahap-3
01/22/2025,12,57,34,12:57:34,134,Tahap-3
01/22/2025,12,57,34,12:57:34,55,Tahap-3
01/22/2025,12,57,34,12:57:34,55,Tahap-3
01/22/2025,12,57,35,12:57:35,52,Tahap-3
01/22/2025,12,57,35,12:57:35,48,Tahap-3
01/22/2025,12,57,35,12:57:35,374,Tahap-3
01/22/2025,12,57,35,12:57:35,88,Tahap-3
01/22/2025,12,57,35,12:57:35,152,Tahap-3
01/22/2025,12,57,35,12:57:35,141,Tahap-3
01/22/2025,12,57,35,12:57:35,149,Tahap-3
01/22/2025,12,57,35,12:57:35,84,Tahap-3
01/22/2025,12,57,35,12:57:35,124,Tahap-3
01/22/2025,12,57,35,12:57:35,169,Tahap-3
01/22/2025,12,57,36,12:57:36,161,Tahap-3
01/22/2025,12,57,36,12:57:36,98,Tahap-3
01/22/2025,12,57,36,12:57:36,60,Tahap-3
01/22/2025,12,57,36,12:57:36,139,Tahap-3
01/22/2025,12,57,36,12:57:36,92,Tahap-3
01/22/2025,12,57,36,12:57:36,135,Tahap-3
01/22/2025,12,57,36,12:57:36,46,Tahap-3
01/22/2025,12,57,36,12:57:36,57,Tahap-3
01/22/2025,12,57,36,12:57:36,159,Tahap-3
01/22/2025,12,57,36,12:57:36,37,Tahap-3
01/22/2025,12,57,37,12:57:37,39,Tahap-3
01/22/2025,12,57,37,12:57:37,108,Tahap-3
01/22/2025,12,57,37,12:57:37,306,Tahap-3
01/22/2025,12,57,37,12:57:37,185,Tahap-3
01/22/2025,12,57,37,12:57:37,284,Tahap-3
01/22/2025,12,57,37,12:57:37,311,Tahap-3
01/22/2025,12,57,37,12:57:37,72,Tahap-3
01/22/2025,12,57,37,12:57:37,99,Tahap-3
01/22/2025,12,57,37,12:57:37,69,Tahap-3
01/22/2025,12,57,37,12:57:37,72,Tahap-3
01/22/2025,12,57,38,12:57:38,67,Tahap-3
01/22/2025,12,57,38,12:57:38,34,Tahap-3
01/22/2025,12,57,38,12:57:38,45,Tahap-3
01/22/2025,12,57,38,12:57:38,79,Tahap-3
01/22/2025,12,57,38,12:57:38,70,Tahap-3
01/22/2025,12,57,38,12:57:38,59,Tahap-3
01/22/2025,12,57,38,12:57:38,78,Tahap-3
01/22/2025,12,57,38,12:57:38,106,Tahap-3
01/22/2025,12,57,38,12:57:38,46,Tahap-3
01/22/2025,12,57,38,12:57:38,189,Tahap-3
01/22/2025,12,57,39,12:57:39,111,Tahap-3
01/22/2025,12,57,39,12:57:39,143,Tahap-3
01/22/2025,12,57,39,12:57:39,133,Tahap-3
01/22/2025,12,57,39,12:57:39,199,Tahap-3
01/22/2025,12,57,39,12:57:39,369,Tahap-3
01/22/2025,12,57,39,12:57:39,147,Tahap-3
01/22/2025,12,57,39,12:57:39,221,Tahap-3
01/22/2025,12,57,39,12:57:39,324,Tahap-3
01/22/2025,12,57,39,12:57:39,268,Tahap-3
01/22/2025,12,57,39,12:57:39,1127,Tahap-3
01/22/2025,12,57,40,12:57:40,123,Tahap-3
01/22/2025,12,57,40,12:57:40,159,Tahap-3
01/22/2025,12,57,40,12:57:40,117,Tahap-3
01/22/2025,12,57,40,12:57:40,102,Tahap-3
01/22/2025,12,57,40,12:57:40,170,Tahap-3
01/22/2025,12,57,40,12:57:40,38,Tahap-3
01/22/2025,12,57,40,12:57:40,111,Tahap-3
01/22/2025,12,57,40,12:57:40,126,Tahap-3
01/22/2025,12,57,40,12:57:40,72,Tahap-3
01/22/2025,12,57,40,12:57:40,67,Tahap-3
01/22/2025,12,57,40,12:57:40,14,Tahap-3
01/22/2025,12,57,41,12:57:41,197,Tahap-3
01/22/2025,12,57,41,12:57:41,179,Tahap-3
01/22/2025,12,57,41,12:57:41,73,Tahap-3
01/22/2025,12,57,41,12:57:41,194,Tahap-3
01/22/2025,12,57,41,12:57:41,1038,Tahap-3
01/22/2025,12,57,41,12:57:41,460,Tahap-3
01/22/2025,12,57,41,12:57:41,250,Tahap-3
01/22/2025,12,57,41,12:57:41,243,Tahap-3
01/22/2025,12,57,41,12:57:41,38,Tahap-3
01/22/2025,12,57,41,12:57:41,90,Tahap-3
01/22/2025,12,57,42,12:57:42,96,Tahap-3
01/22/2025,12,57,42,12:57:42,1085,Tahap-3
01/22/2025,12,57,42,12:57:42,69,Tahap-3
01/22/2025,12,57,42,12:57:42,5,Tahap-3
01/22/2025,12,57,42,12:57:42,214,Tahap-3
01/22/2025,12,57,42,12:57:42,247,Tahap-3
01/22/2025,12,57,42,12:57:42,135,Tahap-3
01/22/2025,12,57,42,12:57:42,286,Tahap-3
01/22/2025,12,57,42,12:57:42,66,Tahap-3
01/22/2025,12,57,42,12:57:42,19,Tahap-3
01/22/2025,12,57,43,12:57:43,87,Tahap-3
01/22/2025,12,57,43,12:57:43,115,Tahap-3
01/22/2025,12,57,43,12:57:43,208,Tahap-3
01/22/2025,12,57,43,12:57:43,253,Tahap-3
01/22/2025,12,57,43,12:57:43,227,Tahap-3
01/22/2025,12,57,43,12:57:43,52,Tahap-3
01/22/2025,12,57,43,12:57:43,157,Tahap-3
01/22/2025,12,57,43,12:57:43,165,Tahap-3
01/22/2025,12,57,43,12:57:43,282,Tahap-3
01/22/2025,12,57,43,12:57:43,499,Tahap-3
01/22/2025,12,57,44,12:57:44,508,Tahap-3
01/22/2025,12,57,44,12:57:44,79,Tahap-3
01/22/2025,12,57,44,12:57:44,521,Tahap-3
01/22/2025,12,57,44,12:57:44,488,Tahap-3
01/22/2025,12,57,44,12:57:44,558,Tahap-3
01/22/2025,12,57,44,12:57:44,350,Tahap-3
01/22/2025,12,57,44,12:57:44,121,Tahap-3
01/22/2025,12,57,44,12:57:44,88,Tahap-3
01/22/2025,12,57,44,12:57:44,99,Tahap-3
01/22/2025,12,57,44,12:57:44,368,Tahap-3
01/22/2025,12,57,45,12:57:45,315,Tahap-3
01/22/2025,12,57,45,12:57:45,52,Tahap-3
01/22/2025,12,57,45,12:57:45,73,Tahap-3
01/22/2025,12,57,45,12:57:45,326,Tahap-3
01/22/2025,12,57,45,12:57:45,748,Tahap-3
01/22/2025,12,57,45,12:57:45,182,Tahap-3
01/22/2025,12,57,45,12:57:45,136,Tahap-3
01/22/2025,12,57,45,12:57:45,-80,Tahap-3
01/22/2025,12,57,45,12:57:45,-8,Tahap-3
01/22/2025,12,57,45,12:57:45,16,Tahap-3
01/22/2025,12,57,47,12:57:47,-104,Tahap-3
01/22/2025,12,57,47,12:57:47,48,Tahap-3
01/22/2025,12,57,47,12:57:47,-8,Tahap-3
01/22/2025,12,57,47,12:57:47,-192,Tahap-3
01/22/2025,12,57,47,12:57:47,32,Tahap-3
01/22/2025,12,57,47,12:57:47,104,Tahap-3
01/22/2025,12,57,47,12:57:47,-280,Tahap-3
01/22/2025,12,57,47,12:57:47,136,Tahap-3
01/22/2025,12,57,47,12:57:47,120,Tahap-3
01/22/2025,12,57,47,12:57:47,-176,Tahap-3
01/22/2025,12,57,47,12:57:47,-16,Tahap-3
01/22/2025,12,57,47,12:57:47,-24,Tahap-3
01/22/2025,12,57,47,12:57:47,-120,Tahap-3
01/22/2025,12,57,47,12:57:47,-32,Tahap-3
01/22/2025,12,57,47,12:57:47,-64,Tahap-3
01/22/2025,12,57,47,12:57:47,-112,Tahap-3
01/22/2025,12,57,47,12:57:47,104,Tahap-3
01/22/2025,12,57,47,12:57:47,-264,Tahap-3
01/22/2025,12,57,47,12:57:47,-56,Tahap-3
01/22/2025,12,57,47,12:57:47,40,Tahap-3
01/22/2025,12,57,48,12:57:48,80,Tahap-3
01/22/2025,12,57,48,12:57:48,-288,Tahap-3
01/22/2025,12,57,48,12:57:48,56,Tahap-3
01/22/2025,12,57,48,12:57:48,-160,Tahap-3
01/22/2025,12,57,48,12:57:48,-200,Tahap-3
01/22/2025,12,57,48,12:57:48,-152,Tahap-3
01/22/2025,12,57,48,12:57:48,-176,Tahap-3
01/22/2025,12,57,48,12:57:48,80,Tahap-3
01/22/2025,12,57,48,12:57:48,-216,Tahap-3
01/22/2025,12,57,48,12:57:48,-88,Tahap-3
01/22/2025,12,57,49,12:57:49,-96,Tahap-3
01/22/2025,12,57,49,12:57:49,-56,Tahap-3
01/22/2025,12,57,49,12:57:49,-136,Tahap-3
01/22/2025,12,57,49,12:57:49,-232,Tahap-3
01/22/2025,12,57,49,12:57:49,-56,Tahap-3
01/22/2025,12,57,49,12:57:49,-200,Tahap-3
01/22/2025,12,57,49,12:57:49,-232,Tahap-3
01/22/2025,12,57,49,12:57:49,-104,Tahap-3
01/22/2025,12,57,49,12:57:49,152,Tahap-3
01/22/2025,12,57,49,12:57:49,-312,Tahap-3
01/22/2025,12,57,50,12:57:50,32,Tahap-3
01/22/2025,12,57,50,12:57:50,-48,Tahap-3
01/22/2025,12,57,50,12:57:50,-256,Tahap-3
01/22/2025,12,57,50,12:57:50,-80,Tahap-3
01/22/2025,12,57,50,12:57:50,-64,Tahap-3
01/22/2025,12,57,50,12:57:50,-136,Tahap-3
01/22/2025,12,57,50,12:57:50,-16,Tahap-3
01/22/2025,12,57,50,12:57:50,-232,Tahap-3
01/22/2025,12,57,50,12:57:50,-64,Tahap-3
01/22/2025,12,57,50,12:57:50,160,Tahap-3
01/22/2025,12,57,51,12:57:51,-192,Tahap-3
01/22/2025,12,57,51,12:57:51,-96,Tahap-3
01/22/2025,12,57,51,12:57:51,120,Tahap-3
01/22/2025,12,57,51,12:57:51,-256,Tahap-3
01/22/2025,12,57,51,12:57:51,-168,Tahap-3
01/22/2025,12,57,51,12:57:51,-32,Tahap-3
01/22/2025,12,57,51,12:57:51,-136,Tahap-3
01/22/2025,12,57,51,12:57:51,-144,Tahap-3
01/22/2025,12,57,51,12:57:51,-40,Tahap-3
01/22/2025,12,57,51,12:57:51,-120,Tahap-3
01/22/2025,12,57,52,12:57:52,152,Tahap-3
01/22/2025,12,57,52,12:57:52,-128,Tahap-3
01/22/2025,12,57,52,12:57:52,96,Tahap-3
01/22/2025,12,57,52,12:57:52,-64,Tahap-3
01/22/2025,12,57,52,12:57:52,-152,Tahap-3
01/22/2025,12,57,52,12:57:52,80,Tahap-3
01/22/2025,12,57,52,12:57:52,192,Tahap-3
01/22/2025,12,57,52,12:57:52,-128,Tahap-3
01/22/2025,12,57,52,12:57:52,-32,Tahap-3
01/22/2025,12,57,53,12:57:53,24,Tahap-3
01/22/2025,12,57,53,12:57:53,168,Tahap-3
01/22/2025,12,57,53,12:57:53,-128,Tahap-3
01/22/2025,12,57,53,12:57:53,72,Tahap-3
01/22/2025,12,57,53,12:57:53,152,Tahap-3
01/22/2025,12,57,53,12:57:53,-96,Tahap-3
01/22/2025,12,57,53,12:57:53,80,Tahap-3
01/22/2025,12,57,53,12:57:53,-112,Tahap-3
01/22/2025,12,57,53,12:57:53,136,Tahap-3
01/22/2025,12,57,53,12:57:53,136,Tahap-3
01/22/2025,12,57,54,12:57:54,-64,Tahap-3
01/22/2025,12,57,54,12:57:54,-72,Tahap-3
01/22/2025,12,57,54,12:57:54,312,Tahap-3
01/22/2025,12,57,54,12:57:54,-32,Tahap-3
01/22/2025,12,57,54,12:57:54,24,Tahap-3
01/22/2025,12,57,54,12:57:54,320,Tahap-3
01/22/2025,12,57,54,12:57:54,-216,Tahap-3
01/22/2025,12,57,54,12:57:54,344,Tahap-3
01/22/2025,12,57,54,12:57:54,48,Tahap-3
01/22/2025,12,57,54,12:57:54,64,Tahap-3
01/22/2025,12,57,55,12:57:55,232,Tahap-3
01/22/2025,12,57,55,12:57:55,184,Tahap-3
01/22/2025,12,57,55,12:57:55,64,Tahap-3
01/22/2025,12,57,55,12:57:55,-24,Tahap-3
01/22/2025,12,57,55,12:57:55,176,Tahap-3
01/22/2025,12,57,55,12:57:55,64,Tahap-3
01/22/2025,12,57,55,12:57:55,328,Tahap-3
01/22/2025,12,57,55,12:57:55,-120,Tahap-3
01/22/2025,12,57,55,12:57:55,112,Tahap-3
01/22/2025,12,57,55,12:57:55,240,Tahap-3
01/22/2025,12,57,56,12:57:56,-16,Tahap-3
01/22/2025,12,57,56,12:57:56,64,Tahap-3
01/22/2025,12,57,56,12:57:56,128,Tahap-3
01/22/2025,12,57,56,12:57:56,192,Tahap-3
01/22/2025,12,57,56,12:57:56,-128,Tahap-3
01/22/2025,12,57,56,12:57:56,232,Tahap-3
01/22/2025,12,57,56,12:57:56,264,Tahap-3
01/22/2025,12,57,56,12:57:56,208,Tahap-3
01/22/2025,12,57,56,12:57:56,-80,Tahap-3
01/22/2025,12,57,56,12:57:56,168,Tahap-3
01/22/2025,12,57,57,12:57:57,128,Tahap-3
01/22/2025,12,57,57,12:57:57,184,Tahap-3
01/22/2025,12,57,57,12:57:57,72,Tahap-3
01/22/2025,12,57,57,12:57:57,32,Tahap-3
01/22/2025,12,57,57,12:57:57,176,Tahap-3
01/22/2025,12,57,57,12:57:57,112,Tahap-3
01/22/2025,12,57,57,12:57:57,-24,Tahap-3
01/22/2025,12,57,57,12:57:57,320,Tahap-3
01/22/2025,12,57,57,12:57:57,296,Tahap-3
01/22/2025,12,57,57,12:57:57,72,Tahap-3
01/22/2025,12,57,58,12:57:58,24,Tahap-3
01/22/2025,12,57,58,12:57:58,432,Tahap-3
01/22/2025,12,57,58,12:57:58,-40,Tahap-3
01/22/2025,12,57,58,12:57:58,288,Tahap-3
01/22/2025,12,57,58,12:57:58,160,Tahap-3
01/22/2025,12,58,22,12:58:22,1790,Tahap-3
01/22/2025,12,58,23,12:58:23,863,Tahap-3
01/22/2025,12,58,23,12:58:23,217,Tahap-3
01/22/2025,12,58,23,12:58:23,116,Tahap-3
01/22/2025,12,58,23,12:58:23,183,Tahap-3
01/22/2025,12,58,23,12:58:23,64,Tahap-3
01/22/2025,12,58,23,12:58:23,63,Tahap-3
01/22/2025,12,58,23,12:58:23,114,Tahap-3
01/22/2025,12,58,23,12:58:23,73,Tahap-3
01/22/2025,12,58,23,12:58:23,201,Tahap-3
01/22/2025,12,58,23,12:58:23,75,Tahap-3
01/22/2025,12,58,24,12:58:24,44,Tahap-3
01/22/2025,12,58,24,12:58:24,148,Tahap-3
01/22/2025,12,58,24,12:58:24,167,Tahap-3
01/22/2025,12,58,24,12:58:24,88,Tahap-3
01/22/2025,12,58,24,12:58:24,46,Tahap-3
01/22/2025,12,58,24,12:58:24,145,Tahap-3
01/22/2025,12,58,24,12:58:24,168,Tahap-3
01/22/2025,12,58,24,12:58:24,32,Tahap-3
01/22/2025,12,58,24,12:58:24,19,Tahap-3
01/22/2025,12,58,24,12:58:24,44,Tahap-3
01/22/2025,12,58,25,12:58:25,184,Tahap-3
01/22/2025,12,58,25,12:58:25,255,Tahap-3
01/22/2025,12,58,25,12:58:25,260,Tahap-3
01/22/2025,12,58,25,12:58:25,187,Tahap-3
01/22/2025,12,58,25,12:58:25,77,Tahap-3
01/22/2025,12,58,25,12:58:25,202,Tahap-3
01/22/2025,12,58,25,12:58:25,123,Tahap-3
01/22/2025,12,58,25,12:58:25,178,Tahap-3
01/22/2025,12,58,25,12:58:25,221,Tahap-3
01/22/2025,12,58,25,12:58:25,64,Tahap-3
01/22/2025,12,58,26,12:58:26,24,Tahap-3
01/22/2025,12,58,26,12:58:26,182,Tahap-3
01/22/2025,12,58,26,12:58:26,196,Tahap-3
01/22/2025,12,58,26,12:58:26,109,Tahap-3
01/22/2025,12,58,26,12:58:26,130,Tahap-3
01/22/2025,12,58,26,12:58:26,67,Tahap-3
01/22/2025,12,58,26,12:58:26,47,Tahap-3
01/22/2025,12,58,26,12:58:26,96,Tahap-3
01/22/2025,12,58,26,12:58:26,22,Tahap-3
01/22/2025,12,58,26,12:58:26,56,Tahap-3
01/22/2025,12,58,27,12:58:27,107,Tahap-3
01/22/2025,12,58,27,12:58:27,227,Tahap-3
01/22/2025,12,58,27,12:58:27,126,Tahap-3
01/22/2025,12,58,27,12:58:27,42,Tahap-3
01/22/2025,12,58,27,12:58:27,247,Tahap-3
01/22/2025,12,58,27,12:58:27,154,Tahap-3
01/22/2025,12,58,27,12:58:27,64,Tahap-3
01/22/2025,12,58,27,12:58:27,107,Tahap-3
01/22/2025,12,58,27,12:58:27,143,Tahap-3
01/22/2025,12,58,27,12:58:27,102,Tahap-3
01/22/2025,12,58,28,12:58:28,62,Tahap-3
01/22/2025,12,58,28,12:58:28,44,Tahap-3
01/22/2025,12,58,28,12:58:28,36,Tahap-3
01/22/2025,12,58,28,12:58:28,82,Tahap-3
01/22/2025,12,58,28,12:58:28,63,Tahap-3
01/22/2025,12,58,28,12:58:28,151,Tahap-3
01/22/2025,12,58,28,12:58:28,70,Tahap-3
01/22/2025,12,58,28,12:58:28,130,Tahap-3
01/22/2025,12,58,28,12:58:28,31,Tahap-3
01/22/2025,12,58,28,12:58:28,223,Tahap-3
01/22/2025,12,58,29,12:58:29,123,Tahap-3
01/22/2025,12,58,29,12:58:29,285,Tahap-3
01/22/2025,12,58,29,12:58:29,227,Tahap-3
01/22/2025,12,58,29,12:58:29,208,Tahap-3
01/22/2025,12,58,29,12:58:29,346,Tahap-3
01/22/2025,12,58,29,12:58:29,256,Tahap-3
01/22/2025,12,58,29,12:58:29,338,Tahap-3
01/22/2025,12,58,29,12:58:29,959,Tahap-3
01/22/2025,12,58,29,12:58:29,605,Tahap-3
01/22/2025,12,58,29,12:58:29,211,Tahap-3
01/22/2025,12,58,30,12:58:30,415,Tahap-3
01/22/2025,12,58,30,12:58:30,450,Tahap-3
01/22/2025,12,58,30,12:58:30,52,Tahap-3
01/22/2025,12,58,30,12:58:30,172,Tahap-3
01/22/2025,12,58,30,12:58:30,290,Tahap-3
01/22/2025,12,58,30,12:58:30,270,Tahap-3
01/22/2025,12,58,30,12:58:30,217,Tahap-3
01/22/2025,12,58,30,12:58:30,47,Tahap-3
01/22/2025,12,58,30,12:58:30,32,Tahap-3
01/22/2025,12,58,30,12:58:30,75,Tahap-3
01/22/2025,12,58,30,12:58:30,142,Tahap-3
01/22/2025,12,58,31,12:58:31,203,Tahap-3
01/22/2025,12,58,31,12:58:31,86,Tahap-3
01/22/2025,12,58,31,12:58:31,153,Tahap-3
01/22/2025,12,58,31,12:58:31,1195,Tahap-3
01/22/2025,12,58,31,12:58:31,198,Tahap-3
01/22/2025,12,58,31,12:58:31,573,Tahap-3
01/22/2025,12,58,31,12:58:31,284,Tahap-3
01/22/2025,12,58,31,12:58:31,359,Tahap-3
01/22/2025,12,58,31,12:58:31,420,Tahap-3
01/22/2025,12,58,31,12:58:31,528,Tahap-3
01/22/2025,12,58,32,12:58:32,747,Tahap-3
01/22/2025,12,58,32,12:58:32,155,Tahap-3
01/22/2025,12,58,32,12:58:32,251,Tahap-3
01/22/2025,12,58,32,12:58:32,455,Tahap-3
01/22/2025,12,58,32,12:58:32,453,Tahap-3
01/22/2025,12,58,32,12:58:32,297,Tahap-3
01/22/2025,12,58,32,12:58:32,131,Tahap-3
01/22/2025,12,58,32,12:58:32,123,Tahap-3
01/22/2025,12,58,32,12:58:32,273,Tahap-3
01/22/2025,12,58,32,12:58:32,211,Tahap-3
01/22/2025,12,58,33,12:58:33,91,Tahap-3
01/22/2025,12,58,33,12:58:33,70,Tahap-3
01/22/2025,12,58,33,12:58:33,131,Tahap-3
01/22/2025,12,58,33,12:58:33,123,Tahap-3
01/22/2025,12,58,33,12:58:33,100,Tahap-3
01/22/2025,12,58,33,12:58:33,193,Tahap-3
01/22/2025,12,58,33,12:58:33,339,Tahap-3
01/22/2025,12,58,33,12:58:33,311,Tahap-3
01/22/2025,12,58,33,12:58:33,133,Tahap-3
01/22/2025,12,58,33,12:58:33,85,Tahap-3
01/22/2025,12,58,34,12:58:34,376,Tahap-3
01/22/2025,12,58,34,12:58:34,479,Tahap-3
01/22/2025,12,58,34,12:58:34,286,Tahap-3
01/22/2025,12,58,34,12:58:34,474,Tahap-3
01/22/2025,12,58,34,12:58:34,305,Tahap-3
01/22/2025,12,58,34,12:58:34,68,Tahap-3
01/22/2025,12,58,34,12:58:34,206,Tahap-3
01/22/2025,12,58,34,12:58:34,365,Tahap-3
01/22/2025,12,58,34,12:58:34,201,Tahap-3
01/22/2025,12,58,34,12:58:34,236,Tahap-3
01/22/2025,12,58,35,12:58:35,156,Tahap-3
01/22/2025,12,58,35,12:58:35,73,Tahap-3
01/22/2025,12,58,35,12:58:35,89,Tahap-3
01/22/2025,12,58,35,12:58:35,252,Tahap-3
01/22/2025,12,58,35,12:58:35,762,Tahap-3
01/22/2025,12,58,35,12:58:35,216,Tahap-3
01/22/2025,12,58,35,12:58:35,144,Tahap-3
01/22/2025,12,58,35,12:58:35,-128,Tahap-3
01/22/2025,12,58,35,12:58:35,152,Tahap-3
01/22/2025,12,58,35,12:58:35,200,Tahap-3
01/22/2025,12,58,36,12:58:36,16,Tahap-3
01/22/2025,12,58,36,12:58:36,32,Tahap-3
01/22/2025,12,58,36,12:58:36,64,Tahap-3
01/22/2025,12,58,36,12:58:36,184,Tahap-3
01/22/2025,12,58,36,12:58:36,40,Tahap-3
01/22/2025,12,58,36,12:58:36,160,Tahap-3
01/22/2025,12,58,36,12:58:36,176,Tahap-3
01/22/2025,12,58,36,12:58:36,40,Tahap-3
01/22/2025,12,58,36,12:58:36,-40,Tahap-3
01/22/2025,12,58,36,12:58:36,32,Tahap-3
01/22/2025,12,58,37,12:58:37,136,Tahap-3
01/22/2025,12,58,37,12:58:37,152,Tahap-3
01/22/2025,12,58,37,12:58:37,-120,Tahap-3
01/22/2025,12,58,37,12:58:37,112,Tahap-3
01/22/2025,12,58,37,12:58:37,264,Tahap-3
01/22/2025,12,58,37,12:58:37,-32,Tahap-3
01/22/2025,12,58,37,12:58:37,120,Tahap-3
01/22/2025,12,58,37,12:58:37,272,Tahap-3
01/22/2025,12,58,37,12:58:37,80,Tahap-3
01/22/2025,12,58,37,12:58:37,88,Tahap-3
01/22/2025,12,58,38,12:58:38,200,Tahap-3
01/22/2025,12,58,38,12:58:38,-16,Tahap-3
01/22/2025,12,58,38,12:58:38,344,Tahap-3
01/22/2025,12,58,38,12:58:38,-104,Tahap-3
01/22/2025,12,58,38,12:58:38,128,Tahap-3
01/22/2025,12,58,38,12:58:38,240,Tahap-3
01/22/2025,12,58,38,12:58:38,48,Tahap-3
01/22/2025,12,58,38,12:58:38,200,Tahap-3
01/22/2025,12,58,38,12:58:38,248,Tahap-3
01/22/2025,12,58,38,12:58:38,208,Tahap-3
01/22/2025,12,58,39,12:58:39,32,Tahap-3
01/22/2025,12,58,39,12:58:39,160,Tahap-3
01/22/2025,12,58,39,12:58:39,152,Tahap-3
01/22/2025,12,58,39,12:58:39,96,Tahap-3
01/22/2025,12,58,39,12:58:39,-8,Tahap-3
01/22/2025,12,58,39,12:58:39,176,Tahap-3
01/22/2025,12,58,39,12:58:39,272,Tahap-3
01/22/2025,12,58,39,12:58:39,24,Tahap-3
01/22/2025,12,58,39,12:58:39,264,Tahap-3
01/22/2025,12,58,39,12:58:39,144,Tahap-3
01/22/2025,12,58,40,12:58:40,48,Tahap-3
01/22/2025,12,58,40,12:58:40,256,Tahap-3
01/22/2025,12,58,40,12:58:40,24,Tahap-3
01/22/2025,12,58,40,12:58:40,160,Tahap-3
01/22/2025,12,58,40,12:58:40,104,Tahap-3
01/22/2025,12,58,40,12:58:40,-24,Tahap-3
01/22/2025,12,58,40,12:58:40,104,Tahap-3
01/22/2025,12,58,40,12:58:40,304,Tahap-3
01/22/2025,12,58,40,12:58:40,-80,Tahap-3
01/22/2025,12,58,40,12:58:40,88,Tahap-3
01/22/2025,12,58,41,12:58:41,272,Tahap-3
01/22/2025,12,58,41,12:58:41,32,Tahap-3
01/22/2025,12,58,41,12:58:41,16,Tahap-3
01/22/2025,12,58,41,12:58:41,224,Tahap-3
01/22/2025,12,58,41,12:58:41,16,Tahap-3
01/22/2025,12,58,41,12:58:41,96,Tahap-3
01/22/2025,12,58,41,12:58:41,40,Tahap-3
01/22/2025,12,58,41,12:58:41,-56,Tahap-3
01/22/2025,12,58,41,12:58:41,288,Tahap-3
01/22/2025,12,58,41,12:58:41,136,Tahap-3
01/22/2025,12,58,42,12:58:42,-24,Tahap-3
01/22/2025,12,58,42,12:58:42,296,Tahap-3
01/22/2025,12,58,42,12:58:42,48,Tahap-3
01/22/2025,12,58,42,12:58:42,-112,Tahap-3
01/22/2025,12,58,42,12:58:42,72,Tahap-3
01/22/2025,12,58,42,12:58:42,104,Tahap-3
01/22/2025,12,58,42,12:58:42,-176,Tahap-3
01/22/2025,12,58,42,12:58:42,112,Tahap-3
01/22/2025,12,58,42,12:58:42,-120,Tahap-3
01/22/2025,12,58,42,12:58:42,240,Tahap-3
01/22/2025,12,58,43,12:58:43,-40,Tahap-3
01/22/2025,12,58,43,12:58:43,64,Tahap-3
01/22/2025,12,58,43,12:58:43,96,Tahap-3
01/22/2025,12,58,43,12:58:43,104,Tahap-3
01/22/2025,12,58,43,12:58:43,-88,Tahap-3
01/22/2025,12,58,43,12:58:43,88,Tahap-3
01/22/2025,12,58,43,12:58:43,200,Tahap-3
01/22/2025,12,58,43,12:58:43,104,Tahap-3
01/22/2025,12,58,43,12:58:43,-144,Tahap-3
01/22/2025,12,58,43,12:58:43,40,Tahap-3
01/22/2025,12,58,44,12:58:44,192,Tahap-3
01/22/2025,12,58,44,12:58:44,56,Tahap-3
01/22/2025,12,58,44,12:58:44,400,Tahap-3
01/22/2025,12,58,44,12:58:44,-152,Tahap-3
01/22/2025,12,58,44,12:58:44,104,Tahap-3
01/22/2025,12,58,44,12:58:44,8,Tahap-3
01/22/2025,12,58,44,12:58:44,24,Tahap-3
01/22/2025,12,58,44,12:58:44,120,Tahap-3
01/22/2025,12,58,44,12:58:44,-32,Tahap-3
01/22/2025,12,58,45,12:58:45,-112,Tahap-3
01/22/2025,12,58,45,12:58:45,416,Tahap-3
01/22/2025,12,58,45,12:58:45,-184,Tahap-3
01/22/2025,12,58,45,12:58:45,-152,Tahap-3
01/22/2025,12,58,45,12:58:45,304,Tahap-3
01/22/2025,12,58,45,12:58:45,96,Tahap-3
01/22/2025,12,58,45,12:58:45,-256,Tahap-3
01/22/2025,12,58,45,12:58:45,288,Tahap-3
01/22/2025,12,58,45,12:58:45,-8,Tahap-3
01/22/2025,12,58,45,12:58:45,32,Tahap-3
01/22/2025,12,58,46,12:58:46,-152,Tahap-3
01/22/2025,12,58,47,12:58:47,-8,Tahap-3
01/22/2025,12,58,47,12:58:47,184,Tahap-3
01/22/2025,12,58,47,12:58:47,80,Tahap-3
01/22/2025,12,58,47,12:58:47,-128,Tahap-3
01/22/2025,12,58,47,12:58:47,88,Tahap-3
01/22/2025,12,58,47,12:58:47,48,Tahap-3
01/22/2025,12,58,47,12:58:47,160,Tahap-3
01/22/2025,12,58,47,12:58:47,-392,Tahap-3
01/22/2025,12,58,47,12:58:47,312,Tahap-3
01/22/2025,12,58,47,12:58:47,-160,Tahap-3
01/22/2025,12,58,47,12:58:47,168,Tahap-3
01/22/2025,12,58,47,12:58:47,112,Tahap-3
01/22/2025,12,58,47,12:58:47,-48,Tahap-3
01/22/2025,12,58,47,12:58:47,208,Tahap-3
01/22/2025,12,58,47,12:58:47,136,Tahap-3
01/22/2025,12,58,47,12:58:47,-160,Tahap-3
01/22/2025,12,58,47,12:58:47,-40,Tahap-3
01/22/2025,12,58,47,12:58:47,128,Tahap-3
01/22/2025,12,58,47,12:58:47,-64,Tahap-3
01/22/2025,12,58,48,12:58:48,32,Tahap-3
01/22/2025,12,58,48,12:58:48,24,Tahap-3
01/22/2025,12,58,48,12:58:48,64,Tahap-3
01/22/2025,12,58,48,12:58:48,-8,Tahap-3
01/22/2025,12,59,12,12:59:12,1591,Tahap-3
01/22/2025,12,59,12,12:59:12,946,Tahap-3
01/22/2025,12,59,13,12:59:13,368,Tahap-3
01/22/2025,12,59,13,12:59:13,420,Tahap-3
01/22/2025,12,59,13,12:59:13,175,Tahap-3
01/22/2025,12,59,13,12:59:13,318,Tahap-3
01/22/2025,12,59,13,12:59:13,212,Tahap-3
01/22/2025,12,59,13,12:59:13,227,Tahap-3
01/22/2025,12,59,13,12:59:13,152,Tahap-3
01/22/2025,12,59,13,12:59:13,176,Tahap-3
01/22/2025,12,59,13,12:59:13,224,Tahap-3
01/22/2025,12,59,13,12:59:13,148,Tahap-3
01/22/2025,12,59,14,12:59:14,139,Tahap-3
01/22/2025,12,59,14,12:59:14,130,Tahap-3
01/22/2025,12,59,14,12:59:14,126,Tahap-3
01/22/2025,12,59,14,12:59:14,76,Tahap-3
01/22/2025,12,59,14,12:59:14,121,Tahap-3
01/22/2025,12,59,14,12:59:14,79,Tahap-3
01/22/2025,12,59,14,12:59:14,64,Tahap-3
01/22/2025,12,59,14,12:59:14,205,Tahap-3
01/22/2025,12,59,14,12:59:14,138,Tahap-3
01/22/2025,12,59,14,12:59:14,195,Tahap-3
01/22/2025,12,59,15,12:59:15,368,Tahap-3
01/22/2025,12,59,15,12:59:15,124,Tahap-3
01/22/2025,12,59,15,12:59:15,89,Tahap-3
01/22/2025,12,59,15,12:59:15,117,Tahap-3
01/22/2025,12,59,15,12:59:15,72,Tahap-3
01/22/2025,12,59,15,12:59:15,135,Tahap-3
01/22/2025,12,59,15,12:59:15,21,Tahap-3
01/22/2025,12,59,15,12:59:15,80,Tahap-3
01/22/2025,12,59,15,12:59:15,11,Tahap-3
01/22/2025,12,59,15,12:59:15,72,Tahap-3
01/22/2025,12,59,16,12:59:16,135,Tahap-3
01/22/2025,12,59,17,12:59:17,75,Tahap-3
01/22/2025,12,59,17,12:59:17,181,Tahap-3
01/22/2025,12,59,17,12:59:17,118,Tahap-3
01/22/2025,12,59,17,12:59:17,135,Tahap-3
01/22/2025,12,59,17,12:59:17,20,Tahap-3
01/22/2025,12,59,17,12:59:17,80,Tahap-3
01/22/2025,12,59,17,12:59:17,100,Tahap-3
01/22/2025,12,59,17,12:59:17,45,Tahap-3
01/22/2025,12,59,17,12:59:17,142,Tahap-3
01/22/2025,12,59,17,12:59:17,295,Tahap-3
01/22/2025,12,59,17,12:59:17,223,Tahap-3
01/22/2025,12,59,17,12:59:17,304,Tahap-3
01/22/2025,12,59,17,12:59:17,368,Tahap-3
01/22/2025,12,59,17,12:59:17,213,Tahap-3
01/22/2025,12,59,17,12:59:17,107,Tahap-3
01/22/2025,12,59,17,12:59:17,63,Tahap-3
01/22/2025,12,59,17,12:59:17,57,Tahap-3
01/22/2025,12,59,17,12:59:17,43,Tahap-3
01/22/2025,12,59,17,12:59:17,35,Tahap-3
01/22/2025,12,59,18,12:59:18,106,Tahap-3
01/22/2025,12,59,18,12:59:18,25,Tahap-3
01/22/2025,12,59,18,12:59:18,49,Tahap-3
01/22/2025,12,59,18,12:59:18,35,Tahap-3
01/22/2025,12,59,18,12:59:18,133,Tahap-3
01/22/2025,12,59,18,12:59:18,43,Tahap-3
01/22/2025,12,59,18,12:59:18,63,Tahap-3
01/22/2025,12,59,18,12:59:18,122,Tahap-3
01/22/2025,12,59,18,12:59:18,95,Tahap-3
01/22/2025,12,59,18,12:59:18,54,Tahap-3
01/22/2025,12,59,19,12:59:19,72,Tahap-3
01/22/2025,12,59,19,12:59:19,382,Tahap-3
01/22/2025,12,59,19,12:59:19,375,Tahap-3
01/22/2025,12,59,19,12:59:19,275,Tahap-3
01/22/2025,12,59,19,12:59:19,315,Tahap-3
01/22/2025,12,59,19,12:59:19,730,Tahap-3
01/22/2025,12,59,19,12:59:19,640,Tahap-3
01/22/2025,12,59,19,12:59:19,750,Tahap-3
01/22/2025,12,59,19,12:59:19,854,Tahap-3
01/22/2025,12,59,19,12:59:19,59,Tahap-3
01/22/2025,12,59,20,12:59:20,147,Tahap-3
01/22/2025,12,59,20,12:59:20,96,Tahap-3
01/22/2025,12,59,20,12:59:20,125,Tahap-3
01/22/2025,12,59,20,12:59:20,138,Tahap-3
01/22/2025,12,59,20,12:59:20,238,Tahap-3
01/22/2025,12,59,20,12:59:20,91,Tahap-3
01/22/2025,12,59,20,12:59:20,20,Tahap-3
01/22/2025,12,59,20,12:59:20,95,Tahap-3
01/22/2025,12,59,20,12:59:20,89,Tahap-3
01/22/2025,12,59,20,12:59:20,51,Tahap-3
01/22/2025,12,59,21,12:59:21,100,Tahap-3
01/22/2025,12,59,21,12:59:21,132,Tahap-3
01/22/2025,12,59,21,12:59:21,363,Tahap-3
01/22/2025,12,59,21,12:59:21,739,Tahap-3
01/22/2025,12,59,21,12:59:21,1272,Tahap-3
01/22/2025,12,59,21,12:59:21,358,Tahap-3
01/22/2025,12,59,21,12:59:21,1019,Tahap-3
01/22/2025,12,59,21,12:59:21,246,Tahap-3
01/22/2025,12,59,21,12:59:21,410,Tahap-3
01/22/2025,12,59,21,12:59:21,642,Tahap-3
01/22/2025,12,59,22,12:59:22,333,Tahap-3
01/22/2025,12,59,22,12:59:22,945,Tahap-3
01/22/2025,12,59,22,12:59:22,371,Tahap-3
01/22/2025,12,59,22,12:59:22,308,Tahap-3
01/22/2025,12,59,22,12:59:22,97,Tahap-3
01/22/2025,12,59,22,12:59:22,276,Tahap-3
01/22/2025,12,59,22,12:59:22,117,Tahap-3
01/22/2025,12,59,22,12:59:22,189,Tahap-3
01/22/2025,12,59,22,12:59:22,158,Tahap-3
01/22/2025,12,59,22,12:59:22,239,Tahap-3
01/22/2025,12,59,23,12:59:23,75,Tahap-3
01/22/2025,12,59,23,12:59:23,131,Tahap-3
01/22/2025,12,59,23,12:59:23,139,Tahap-3
01/22/2025,12,59,23,12:59:23,62,Tahap-3
01/22/2025,12,59,23,12:59:23,185,Tahap-3
01/22/2025,12,59,23,12:59:23,122,Tahap-3
01/22/2025,12,59,23,12:59:23,582,Tahap-3
01/22/2025,12,59,23,12:59:23,879,Tahap-3
01/22/2025,12,59,23,12:59:23,581,Tahap-3
01/22/2025,12,59,23,12:59:23,795,Tahap-3
01/22/2025,12,59,24,12:59:24,402,Tahap-3
01/22/2025,12,59,24,12:59:24,317,Tahap-3
01/22/2025,12,59,24,12:59:24,196,Tahap-3
01/22/2025,12,59,24,12:59:24,150,Tahap-3
01/22/2025,12,59,24,12:59:24,318,Tahap-3
01/22/2025,12,59,24,12:59:24,439,Tahap-3
01/22/2025,12,59,24,12:59:24,242,Tahap-3
01/22/2025,12,59,24,12:59:24,151,Tahap-3
01/22/2025,12,59,24,12:59:24,329,Tahap-3
01/22/2025,12,59,24,12:59:24,251,Tahap-3
01/22/2025,12,59,25,12:59:25,169,Tahap-3
01/22/2025,12,59,25,12:59:25,289,Tahap-3
01/22/2025,12,59,25,12:59:25,362,Tahap-3
01/22/2025,12,59,25,12:59:25,291,Tahap-3
01/22/2025,12,59,25,12:59:25,684,Tahap-3
01/22/2025,12,59,25,12:59:25,-56,Tahap-3
01/22/2025,12,59,25,12:59:25,-44,Tahap-3
01/22/2025,12,59,25,12:59:25,88,Tahap-3
01/22/2025,12,59,25,12:59:25,-124,Tahap-3
01/22/2025,12,59,25,12:59:25,-16,Tahap-3
01/22/2025,12,59,26,12:59:26,-88,Tahap-3
01/22/2025,12,59,26,12:59:26,136,Tahap-3
01/22/2025,12,59,26,12:59:26,-92,Tahap-3
01/22/2025,12,59,26,12:59:26,-32,Tahap-3
01/22/2025,12,59,26,12:59:26,12,Tahap-3
01/22/2025,12,59,26,12:59:26,8,Tahap-3
01/22/2025,12,59,26,12:59:26,44,Tahap-3
01/22/2025,12,59,26,12:59:26,-80,Tahap-3
01/22/2025,12,59,26,12:59:26,84,Tahap-3
01/22/2025,12,59,26,12:59:26,36,Tahap-3
01/22/2025,12,59,27,12:59:27,-132,Tahap-3
01/22/2025,12,59,27,12:59:27,28,Tahap-3
01/22/2025,12,59,27,12:59:27,72,Tahap-3
01/22/2025,12,59,27,12:59:27,-32,Tahap-3
01/22/2025,12,59,27,12:59:27,-32,Tahap-3
01/22/2025,12,59,27,12:59:27,24,Tahap-3
01/22/2025,12,59,27,12:59:27,-80,Tahap-3
01/22/2025,12,59,27,12:59:27,36,Tahap-3
01/22/2025,12,59,27,12:59:27,16,Tahap-3
01/22/2025,12,59,27,12:59:27,-92,Tahap-3
01/22/2025,12,59,28,12:59:28,96,Tahap-3
01/22/2025,12,59,28,12:59:28,-140,Tahap-3
01/22/2025,12,59,28,12:59:28,-72,Tahap-3
01/22/2025,12,59,28,12:59:28,128,Tahap-3
01/22/2025,12,59,28,12:59:28,-124,Tahap-3
01/22/2025,12,59,28,12:59:28,16,Tahap-3
01/22/2025,12,59,28,12:59:28,-68,Tahap-3
01/22/2025,12,59,28,12:59:28,-52,Tahap-3
01/22/2025,12,59,28,12:59:28,80,Tahap-3
01/22/2025,12,59,28,12:59:28,-136,Tahap-3
01/22/2025,12,59,29,12:59:29,-12,Tahap-3
01/22/2025,12,59,29,12:59:29,-76,Tahap-3
01/22/2025,12,59,29,12:59:29,-88,Tahap-3
01/22/2025,12,59,29,12:59:29,68,Tahap-3
01/22/2025,12,59,29,12:59:29,-88,Tahap-3
01/22/2025,12,59,29,12:59:29,-20,Tahap-3
01/22/2025,12,59,29,12:59:29,-84,Tahap-3
01/22/2025,12,59,29,12:59:29,-92,Tahap-3
01/22/2025,12,59,29,12:59:29,36,Tahap-3
01/22/2025,12,59,30,12:59:30,-56,Tahap-3
01/22/2025,12,59,30,12:59:30,-84,Tahap-3
01/22/2025,12,59,30,12:59:30,-132,Tahap-3
01/22/2025,12,59,30,12:59:30,16,Tahap-3
01/22/2025,12,59,30,12:59:30,-108,Tahap-3
01/22/2025,12,59,30,12:59:30,-36,Tahap-3
01/22/2025,12,59,30,12:59:30,32,Tahap-3
01/22/2025,12,59,30,12:59:30,-12,Tahap-3
01/22/2025,12,59,30,12:59:30,-80,Tahap-3
01/22/2025,12,59,30,12:59:30,-92,Tahap-3
01/22/2025,12,59,31,12:59:31,-68,Tahap-3
01/22/2025,12,59,31,12:59:31,4,Tahap-3
01/22/2025,12,59,31,12:59:31,-28,Tahap-3
01/22/2025,12,59,31,12:59:31,-92,Tahap-3
01/22/2025,12,59,31,12:59:31,92,Tahap-3
01/22/2025,12,59,31,12:59:31,-104,Tahap-3
01/22/2025,12,59,31,12:59:31,-108,Tahap-3
01/22/2025,12,59,31,12:59:31,108,Tahap-3
01/22/2025,12,59,31,12:59:31,-120,Tahap-3
01/22/2025,12,59,31,12:59:31,-40,Tahap-3
01/22/2025,12,59,32,12:59:32,-40,Tahap-3
01/22/2025,12,59,32,12:59:32,-12,Tahap-3
01/22/2025,12,59,32,12:59:32,-28,Tahap-3
01/22/2025,12,59,32,12:59:32,24,Tahap-3
01/22/2025,12,59,32,12:59:32,-124,Tahap-3
01/22/2025,12,59,32,12:59:32,72,Tahap-3
01/22/2025,12,59,32,12:59:32,-32,Tahap-3
01/22/2025,12,59,32,12:59:32,-136,Tahap-3
01/22/2025,12,59,32,12:59:32,68,Tahap-3
01/22/2025,12,59,32,12:59:32,-12,Tahap-3
01/22/2025,12,59,33,12:59:33,-148,Tahap-3
01/22/2025,12,59,33,12:59:33,-20,Tahap-3
01/22/2025,12,59,33,12:59:33,-28,Tahap-3
01/22/2025,12,59,33,12:59:33,-76,Tahap-3
01/22/2025,12,59,33,12:59:33,-36,Tahap-3
01/22/2025,12,59,33,12:59:33,-40,Tahap-3
01/22/2025,12,59,33,12:59:33,36,Tahap-3
01/22/2025,12,59,33,12:59:33,-64,Tahap-3
01/22/2025,12,59,33,12:59:33,-72,Tahap-3
01/22/2025,12,59,34,12:59:34,44,Tahap-3
01/22/2025,12,59,34,12:59:34,-116,Tahap-3
01/22/2025,12,59,34,12:59:34,-16,Tahap-3
01/22/2025,12,59,34,12:59:34,-24,Tahap-3
01/22/2025,12,59,34,12:59:34,-32,Tahap-3
01/22/2025,12,59,34,12:59:34,-64,Tahap-3
01/22/2025,12,59,34,12:59:34,-20,Tahap-3
01/22/2025,12,59,34,12:59:34,96,Tahap-3
01/22/2025,12,59,34,12:59:34,-140,Tahap-3
01/22/2025,12,59,34,12:59:34,20,Tahap-3
01/22/2025,12,59,35,12:59:35,-52,Tahap-3
01/22/2025,12,59,35,12:59:35,-4,Tahap-3
01/22/2025,12,59,35,12:59:35,-28,Tahap-3
01/22/2025,12,59,35,12:59:35,-52,Tahap-3
01/22/2025,12,59,35,12:59:35,-36,Tahap-3
01/22/2025,12,59,35,12:59:35,-44,Tahap-3
01/22/2025,12,59,35,12:59:35,-56,Tahap-3
01/22/2025,12,59,35,12:59:35,-4,Tahap-3
01/22/2025,12,59,35,12:59:35,60,Tahap-3
01/22/2025,12,59,35,12:59:35,-128,Tahap-3
01/22/2025,12,59,36,12:59:36,56,Tahap-3
01/22/2025,12,59,36,12:59:36,-16,Tahap-3
01/22/2025,12,59,36,12:59:36,-52,Tahap-3
01/22/2025,12,59,36,12:59:36,32,Tahap-3
01/22/2025,12,59,36,12:59:36,-44,Tahap-3
01/22/2025,12,59,36,12:59:36,-20,Tahap-3
01/22/2025,12,59,36,12:59:36,-52,Tahap-3
01/22/2025,12,59,36,12:59:36,4,Tahap-3
01/22/2025,12,59,36,12:59:36,76,Tahap-3
01/22/2025,12,59,37,12:59:37,-116,Tahap-3
01/22/2025,12,59,37,12:59:37,28,Tahap-3
01/22/2025,12,59,37,12:59:37,8,Tahap-3
01/22/2025,12,59,37,12:59:37,-52,Tahap-3
01/22/2025,12,59,37,12:59:37,-4,Tahap-3
01/22/2025,12,59,37,12:59:37,-12,Tahap-3
01/22/2025,12,59,37,12:59:37,-48,Tahap-3
01/22/2025,12,59,37,12:59:37,44,Tahap-3
01/22/2025,12,59,37,12:59:37,-188,Tahap-3
01/22/2025,12,59,37,12:59:37,68,Tahap-3
01/22/2025,12,59,38,12:59:38,12,Tahap-3
01/22/2025,12,59,38,12:59:38,-36,Tahap-3
01/22/2025,12,59,38,12:59:38,52,Tahap-3
