Tanggal,Jam,Menit,Detik,Waktu,frekuensi,label
01/09/2025,13,5,4,13:05:04,-15,Tahap-0
01/09/2025,13,5,4,13:05:04,-10,Tahap-0
01/09/2025,13,5,4,13:05:04,-15,Tahap-0
01/09/2025,13,5,4,13:05:04,-12,Tahap-0
01/09/2025,13,5,4,13:05:04,-13,Tahap-0
01/09/2025,13,5,4,13:05:04,-11,Tahap-0
01/09/2025,13,5,4,13:05:04,-15,Tahap-0
01/09/2025,13,5,4,13:05:04,-9,Tahap-0
01/09/2025,13,5,4,13:05:04,-17,Tahap-0
01/09/2025,13,5,4,13:05:04,-8,Tahap-0
01/09/2025,13,5,4,13:05:04,-13,Tahap-0
01/09/2025,13,5,4,13:05:04,-11,Tahap-0
01/09/2025,13,5,4,13:05:04,-18,Tahap-0
01/09/2025,13,5,4,13:05:04,-12,Tahap-0
01/09/2025,13,5,4,13:05:04,-13,Tahap-0
01/09/2025,13,5,4,13:05:04,-12,Tahap-0
01/09/2025,13,5,4,13:05:04,-15,Tahap-0
01/09/2025,13,5,4,13:05:04,-15,Tahap-0
01/09/2025,13,5,4,13:05:04,-15,Tahap-0
01/09/2025,13,5,4,13:05:04,-12,Tahap-0
01/09/2025,13,5,4,13:05:04,-13,Tahap-0
01/09/2025,13,5,4,13:05:04,-16,Tahap-0
01/09/2025,13,5,4,13:05:04,-12,Tahap-0
01/09/2025,13,5,4,13:05:04,-14,Tahap-0
01/09/2025,13,5,4,13:05:04,-12,Tahap-0
01/09/2025,13,5,4,13:05:04,-17,Tahap-0
01/09/2025,13,5,4,13:05:04,-12,Tahap-0
01/09/2025,13,5,4,13:05:04,-13,Tahap-0
01/09/2025,13,5,4,13:05:04,-16,Tahap-0
01/09/2025,13,5,5,13:05:05,-14,Tahap-0
01/09/2025,13,5,5,13:05:05,-20,Tahap-0
01/09/2025,13,5,5,13:05:05,-13,Tahap-0
01/09/2025,13,5,5,13:05:05,-17,Tahap-0
01/09/2025,13,5,5,13:05:05,-15,Tahap-0
01/09/2025,13,5,5,13:05:05,-18,Tahap-0
01/09/2025,13,5,5,13:05:05,-18,Tahap-0
01/09/2025,13,5,5,13:05:05,-17,Tahap-0
01/09/2025,13,5,30,13:05:30,2420,Tahap-0
01/09/2025,13,5,30,13:05:30,1370,Tahap-0
01/09/2025,13,5,30,13:05:30,1653,Tahap-0
01/09/2025,13,5,30,13:05:30,61,Tahap-0
01/09/2025,13,5,30,13:05:30,631,Tahap-0
01/09/2025,13,5,30,13:05:30,555,Tahap-0
01/09/2025,13,5,30,13:05:30,406,Tahap-0
01/09/2025,13,5,30,13:05:30,312,Tahap-0
01/09/2025,13,5,31,13:05:31,162,Tahap-0
01/09/2025,13,5,31,13:05:31,186,Tahap-0
01/09/2025,13,5,31,13:05:31,88,Tahap-0
01/09/2025,13,5,31,13:05:31,177,Tahap-0
01/09/2025,13,5,31,13:05:31,131,Tahap-0
01/09/2025,13,5,31,13:05:31,44,Tahap-0
01/09/2025,13,5,31,13:05:31,50,Tahap-0
01/09/2025,13,5,31,13:05:31,85,Tahap-0
01/09/2025,13,5,31,13:05:31,69,Tahap-0
01/09/2025,13,5,31,13:05:31,27,Tahap-0
01/09/2025,13,5,31,13:05:31,95,Tahap-0
01/09/2025,13,5,33,13:05:33,60,Tahap-0
01/09/2025,13,5,33,13:05:33,54,Tahap-0
01/09/2025,13,5,33,13:05:33,73,Tahap-0
01/09/2025,13,5,33,13:05:33,83,Tahap-0
01/09/2025,13,5,33,13:05:33,154,Tahap-0
01/09/2025,13,5,33,13:05:33,62,Tahap-0
01/09/2025,13,5,33,13:05:33,145,Tahap-0
01/09/2025,13,5,33,13:05:33,128,Tahap-0
01/09/2025,13,5,33,13:05:33,96,Tahap-0
01/09/2025,13,5,33,13:05:33,190,Tahap-0
01/09/2025,13,5,33,13:05:33,141,Tahap-0
01/09/2025,13,5,33,13:05:33,203,Tahap-0
01/09/2025,13,5,33,13:05:33,7,Tahap-0
01/09/2025,13,5,33,13:05:33,52,Tahap-0
01/09/2025,13,5,33,13:05:33,47,Tahap-0
01/09/2025,13,5,33,13:05:33,23,Tahap-0
01/09/2025,13,5,33,13:05:33,188,Tahap-0
01/09/2025,13,5,33,13:05:33,55,Tahap-0
01/09/2025,13,5,33,13:05:33,86,Tahap-0
01/09/2025,13,5,33,13:05:33,143,Tahap-0
01/09/2025,13,5,34,13:05:34,73,Tahap-0
01/09/2025,13,5,34,13:05:34,80,Tahap-0
01/09/2025,13,5,34,13:05:34,100,Tahap-0
01/09/2025,13,5,34,13:05:34,313,Tahap-0
01/09/2025,13,5,34,13:05:34,437,Tahap-0
01/09/2025,13,5,34,13:05:34,261,Tahap-0
01/09/2025,13,5,34,13:05:34,207,Tahap-0
01/09/2025,13,5,34,13:05:34,94,Tahap-0
01/09/2025,13,5,34,13:05:34,137,Tahap-0
01/09/2025,13,5,34,13:05:34,261,Tahap-0
01/09/2025,13,5,35,13:05:35,60,Tahap-0
01/09/2025,13,5,35,13:05:35,53,Tahap-0
01/09/2025,13,5,35,13:05:35,70,Tahap-0
01/09/2025,13,5,35,13:05:35,35,Tahap-0
01/09/2025,13,5,35,13:05:35,99,Tahap-0
01/09/2025,13,5,35,13:05:35,132,Tahap-0
01/09/2025,13,5,35,13:05:35,51,Tahap-0
01/09/2025,13,5,35,13:05:35,14,Tahap-0
01/09/2025,13,5,35,13:05:35,69,Tahap-0
01/09/2025,13,5,35,13:05:35,31,Tahap-0
01/09/2025,13,5,36,13:05:36,115,Tahap-0
01/09/2025,13,5,36,13:05:36,33,Tahap-0
01/09/2025,13,5,36,13:05:36,58,Tahap-0
01/09/2025,13,5,36,13:05:36,124,Tahap-0
01/09/2025,13,5,36,13:05:36,19,Tahap-0
01/09/2025,13,5,36,13:05:36,167,Tahap-0
01/09/2025,13,5,36,13:05:36,128,Tahap-0
01/09/2025,13,5,36,13:05:36,151,Tahap-0
01/09/2025,13,5,36,13:05:36,148,Tahap-0
01/09/2025,13,5,36,13:05:36,77,Tahap-0
01/09/2025,13,5,37,13:05:37,170,Tahap-0
01/09/2025,13,5,37,13:05:37,137,Tahap-0
01/09/2025,13,5,37,13:05:37,173,Tahap-0
01/09/2025,13,5,37,13:05:37,137,Tahap-0
01/09/2025,13,5,37,13:05:37,1045,Tahap-0
01/09/2025,13,5,37,13:05:37,332,Tahap-0
01/09/2025,13,5,37,13:05:37,75,Tahap-0
01/09/2025,13,5,37,13:05:37,84,Tahap-0
01/09/2025,13,5,37,13:05:37,258,Tahap-0
01/09/2025,13,5,37,13:05:37,272,Tahap-0
01/09/2025,13,5,38,13:05:38,128,Tahap-0
01/09/2025,13,5,38,13:05:38,243,Tahap-0
01/09/2025,13,5,38,13:05:38,265,Tahap-0
01/09/2025,13,5,38,13:05:38,182,Tahap-0
01/09/2025,13,5,38,13:05:38,258,Tahap-0
01/09/2025,13,5,38,13:05:38,202,Tahap-0
01/09/2025,13,5,38,13:05:38,684,Tahap-0
01/09/2025,13,5,38,13:05:38,712,Tahap-0
01/09/2025,13,5,38,13:05:38,459,Tahap-0
01/09/2025,13,5,38,13:05:38,439,Tahap-0
01/09/2025,13,5,39,13:05:39,353,Tahap-0
01/09/2025,13,5,39,13:05:39,41,Tahap-0
01/09/2025,13,5,39,13:05:39,97,Tahap-0
01/09/2025,13,5,39,13:05:39,234,Tahap-0
01/09/2025,13,5,39,13:05:39,212,Tahap-0
01/09/2025,13,5,39,13:05:39,178,Tahap-0
01/09/2025,13,5,39,13:05:39,545,Tahap-0
01/09/2025,13,5,39,13:05:39,944,Tahap-0
01/09/2025,13,5,39,13:05:39,827,Tahap-0
01/09/2025,13,5,39,13:05:39,523,Tahap-0
01/09/2025,13,5,40,13:05:40,441,Tahap-0
01/09/2025,13,5,40,13:05:40,409,Tahap-0
01/09/2025,13,5,40,13:05:40,219,Tahap-0
01/09/2025,13,5,40,13:05:40,76,Tahap-0
01/09/2025,13,5,40,13:05:40,125,Tahap-0
01/09/2025,13,5,40,13:05:40,204,Tahap-0
01/09/2025,13,5,40,13:05:40,211,Tahap-0
01/09/2025,13,5,40,13:05:40,8,Tahap-0
01/09/2025,13,5,40,13:05:40,222,Tahap-0
01/09/2025,13,5,40,13:05:40,132,Tahap-0
01/09/2025,13,5,41,13:05:41,252,Tahap-0
01/09/2025,13,5,41,13:05:41,193,Tahap-0
01/09/2025,13,5,41,13:05:41,34,Tahap-0
01/09/2025,13,5,41,13:05:41,185,Tahap-0
01/09/2025,13,5,41,13:05:41,22,Tahap-0
01/09/2025,13,5,41,13:05:41,58,Tahap-0
01/09/2025,13,5,41,13:05:41,145,Tahap-0
01/09/2025,13,5,41,13:05:41,95,Tahap-0
01/09/2025,13,5,41,13:05:41,252,Tahap-0
01/09/2025,13,5,41,13:05:41,264,Tahap-0
01/09/2025,13,5,42,13:05:42,642,Tahap-0
01/09/2025,13,5,42,13:05:42,726,Tahap-0
01/09/2025,13,5,42,13:05:42,1431,Tahap-0
01/09/2025,13,5,42,13:05:42,530,Tahap-0
01/09/2025,13,5,42,13:05:42,380,Tahap-0
01/09/2025,13,5,42,13:05:42,165,Tahap-0
01/09/2025,13,5,42,13:05:42,194,Tahap-0
01/09/2025,13,5,42,13:05:42,428,Tahap-0
01/09/2025,13,5,42,13:05:42,104,Tahap-0
01/09/2025,13,5,42,13:05:42,4,Tahap-0
01/09/2025,13,5,43,13:05:43,104,Tahap-0
01/09/2025,13,5,43,13:05:43,44,Tahap-0
01/09/2025,13,5,43,13:05:43,96,Tahap-0
01/09/2025,13,5,43,13:05:43,-20,Tahap-0
01/09/2025,13,5,43,13:05:43,156,Tahap-0
01/09/2025,13,5,43,13:05:43,88,Tahap-0
01/09/2025,13,5,43,13:05:43,-44,Tahap-0
01/09/2025,13,5,43,13:05:43,224,Tahap-0
01/09/2025,13,5,43,13:05:43,20,Tahap-0
01/09/2025,13,5,43,13:05:43,24,Tahap-0
01/09/2025,13,5,44,13:05:44,104,Tahap-0
01/09/2025,13,5,44,13:05:44,40,Tahap-0
01/09/2025,13,5,44,13:05:44,76,Tahap-0
01/09/2025,13,5,44,13:05:44,128,Tahap-0
01/09/2025,13,5,44,13:05:44,12,Tahap-0
01/09/2025,13,5,44,13:05:44,184,Tahap-0
01/09/2025,13,5,44,13:05:44,-28,Tahap-0
01/09/2025,13,5,44,13:05:44,116,Tahap-0
01/09/2025,13,5,44,13:05:44,104,Tahap-0
01/09/2025,13,5,44,13:05:44,136,Tahap-0
01/09/2025,13,5,45,13:05:45,36,Tahap-0
01/09/2025,13,5,45,13:05:45,84,Tahap-0
01/09/2025,13,5,45,13:05:45,48,Tahap-0
01/09/2025,13,5,45,13:05:45,104,Tahap-0
01/09/2025,13,5,45,13:05:45,32,Tahap-0
01/09/2025,13,5,45,13:05:45,172,Tahap-0
01/09/2025,13,5,45,13:05:45,-4,Tahap-0
01/09/2025,13,5,45,13:05:45,8,Tahap-0
01/09/2025,13,5,45,13:05:45,156,Tahap-0
01/09/2025,13,5,45,13:05:45,20,Tahap-0
01/09/2025,13,5,46,13:05:46,84,Tahap-0
01/09/2025,13,5,46,13:05:46,168,Tahap-0
01/09/2025,13,5,46,13:05:46,28,Tahap-0
01/09/2025,13,5,46,13:05:46,80,Tahap-0
01/09/2025,13,5,46,13:05:46,76,Tahap-0
01/09/2025,13,5,46,13:05:46,64,Tahap-0
01/09/2025,13,5,46,13:05:46,244,Tahap-0
01/09/2025,13,5,46,13:05:46,56,Tahap-0
01/09/2025,13,5,46,13:05:46,116,Tahap-0
01/09/2025,13,5,47,13:05:47,92,Tahap-0
01/09/2025,13,5,47,13:05:47,96,Tahap-0
01/09/2025,13,5,47,13:05:47,184,Tahap-0
01/09/2025,13,5,47,13:05:47,28,Tahap-0
01/09/2025,13,5,47,13:05:47,72,Tahap-0
01/09/2025,13,5,47,13:05:47,4,Tahap-0
01/09/2025,13,5,47,13:05:47,164,Tahap-0
01/09/2025,13,5,47,13:05:47,40,Tahap-0
01/09/2025,13,5,47,13:05:47,64,Tahap-0
01/09/2025,13,5,47,13:05:47,124,Tahap-0
01/09/2025,13,5,48,13:05:48,-28,Tahap-0
01/09/2025,13,5,48,13:05:48,80,Tahap-0
01/09/2025,13,5,48,13:05:48,44,Tahap-0
01/09/2025,13,5,48,13:05:48,64,Tahap-0
01/09/2025,13,5,48,13:05:48,136,Tahap-0
01/09/2025,13,5,48,13:05:48,40,Tahap-0
01/09/2025,13,5,48,13:05:48,-8,Tahap-0
01/09/2025,13,5,48,13:05:48,224,Tahap-0
01/09/2025,13,5,48,13:05:48,-148,Tahap-0
01/09/2025,13,5,48,13:05:48,160,Tahap-0
01/09/2025,13,5,49,13:05:49,84,Tahap-0
01/09/2025,13,5,49,13:05:49,64,Tahap-0
01/09/2025,13,5,49,13:05:49,-20,Tahap-0
01/09/2025,13,5,49,13:05:49,124,Tahap-0
01/09/2025,13,5,49,13:05:49,-20,Tahap-0
01/09/2025,13,5,49,13:05:49,60,Tahap-0
01/09/2025,13,5,49,13:05:49,32,Tahap-0
01/09/2025,13,5,49,13:05:49,108,Tahap-0
01/09/2025,13,5,49,13:05:49,96,Tahap-0
01/09/2025,13,5,49,13:05:49,-16,Tahap-0
01/09/2025,13,5,50,13:05:50,128,Tahap-0
01/09/2025,13,5,50,13:05:50,-72,Tahap-0
01/09/2025,13,5,50,13:05:50,200,Tahap-0
01/09/2025,13,5,50,13:05:50,20,Tahap-0
01/09/2025,13,5,50,13:05:50,108,Tahap-0
01/09/2025,13,5,50,13:05:50,96,Tahap-0
01/09/2025,13,5,50,13:05:50,100,Tahap-0
01/09/2025,13,5,50,13:05:50,64,Tahap-0
01/09/2025,13,5,50,13:05:50,212,Tahap-0
01/09/2025,13,5,50,13:05:50,-40,Tahap-0
01/09/2025,13,5,51,13:05:51,156,Tahap-0
01/09/2025,13,5,51,13:05:51,88,Tahap-0
01/09/2025,13,5,51,13:05:51,16,Tahap-0
01/09/2025,13,5,51,13:05:51,180,Tahap-0
01/09/2025,13,5,51,13:05:51,228,Tahap-0
01/09/2025,13,5,51,13:05:51,-20,Tahap-0
01/09/2025,13,5,51,13:05:51,76,Tahap-0
01/09/2025,13,5,51,13:05:51,164,Tahap-0
01/09/2025,13,5,51,13:05:51,-16,Tahap-0
01/09/2025,13,5,51,13:05:51,112,Tahap-0
01/09/2025,13,5,52,13:05:52,4,Tahap-0
01/09/2025,13,5,52,13:05:52,196,Tahap-0
01/09/2025,13,5,52,13:05:52,-156,Tahap-0
01/09/2025,13,5,52,13:05:52,172,Tahap-0
01/09/2025,13,5,52,13:05:52,72,Tahap-0
01/09/2025,13,5,52,13:05:52,68,Tahap-0
01/09/2025,13,5,52,13:05:52,8,Tahap-0
01/09/2025,13,5,52,13:05:52,-20,Tahap-0
01/09/2025,13,5,52,13:05:52,72,Tahap-0
01/09/2025,13,5,53,13:05:53,-100,Tahap-0
01/09/2025,13,5,53,13:05:53,108,Tahap-0
01/09/2025,13,5,53,13:05:53,92,Tahap-0
01/09/2025,13,5,53,13:05:53,-120,Tahap-0
01/09/2025,13,5,53,13:05:53,112,Tahap-0
01/09/2025,13,5,53,13:05:53,-48,Tahap-0
01/09/2025,13,5,53,13:05:53,-4,Tahap-0
01/09/2025,13,5,53,13:05:53,12,Tahap-0
01/09/2025,13,5,53,13:05:53,36,Tahap-0
01/09/2025,13,5,53,13:05:53,-132,Tahap-0
01/09/2025,13,5,54,13:05:54,88,Tahap-0
01/09/2025,13,5,54,13:05:54,-160,Tahap-0
01/09/2025,13,5,54,13:05:54,172,Tahap-0
01/09/2025,13,5,54,13:05:54,-144,Tahap-0
01/09/2025,13,5,54,13:05:54,52,Tahap-0
01/09/2025,13,5,54,13:05:54,-68,Tahap-0
01/09/2025,13,5,54,13:05:54,-16,Tahap-0
01/09/2025,13,5,54,13:05:54,-112,Tahap-0
01/09/2025,13,5,54,13:05:54,-52,Tahap-0
01/09/2025,13,5,55,13:05:55,-60,Tahap-0
01/09/2025,13,5,55,13:05:55,-208,Tahap-0
01/09/2025,13,5,55,13:05:55,-48,Tahap-0
01/09/2025,13,5,55,13:05:55,-92,Tahap-0
01/09/2025,13,5,55,13:05:55,-236,Tahap-0
01/09/2025,13,5,55,13:05:55,4,Tahap-0
01/09/2025,13,5,55,13:05:55,-108,Tahap-0
01/09/2025,13,6,20,13:06:20,1100,Tahap-0
01/09/2025,13,6,20,13:06:20,388,Tahap-0
01/09/2025,13,6,20,13:06:20,1260,Tahap-0
01/09/2025,13,6,20,13:06:20,36,Tahap-0
01/09/2025,13,6,20,13:06:20,360,Tahap-0
01/09/2025,13,6,20,13:06:20,277,Tahap-0
01/09/2025,13,6,20,13:06:20,97,Tahap-0
01/09/2025,13,6,20,13:06:20,197,Tahap-0
01/09/2025,13,6,20,13:06:20,377,Tahap-0
01/09/2025,13,6,21,13:06:21,209,Tahap-0
01/09/2025,13,6,21,13:06:21,122,Tahap-0
01/09/2025,13,6,21,13:06:21,66,Tahap-0
01/09/2025,13,6,21,13:06:21,217,Tahap-0
01/09/2025,13,6,21,13:06:21,174,Tahap-0
01/09/2025,13,6,21,13:06:21,203,Tahap-0
01/09/2025,13,6,21,13:06:21,177,Tahap-0
01/09/2025,13,6,21,13:06:21,145,Tahap-0
01/09/2025,13,6,21,13:06:21,53,Tahap-0
01/09/2025,13,6,21,13:06:21,113,Tahap-0
01/09/2025,13,6,22,13:06:22,232,Tahap-0
01/09/2025,13,6,22,13:06:22,36,Tahap-0
01/09/2025,13,6,22,13:06:22,97,Tahap-0
01/09/2025,13,6,22,13:06:22,202,Tahap-0
01/09/2025,13,6,22,13:06:22,163,Tahap-0
01/09/2025,13,6,22,13:06:22,81,Tahap-0
01/09/2025,13,6,22,13:06:22,73,Tahap-0
01/09/2025,13,6,22,13:06:22,78,Tahap-0
01/09/2025,13,6,22,13:06:22,164,Tahap-0
01/09/2025,13,6,22,13:06:22,151,Tahap-0
01/09/2025,13,6,23,13:06:23,244,Tahap-0
01/09/2025,13,6,23,13:06:23,35,Tahap-0
01/09/2025,13,6,23,13:06:23,68,Tahap-0
01/09/2025,13,6,23,13:06:23,128,Tahap-0
01/09/2025,13,6,23,13:06:23,195,Tahap-0
01/09/2025,13,6,23,13:06:23,101,Tahap-0
01/09/2025,13,6,23,13:06:23,105,Tahap-0
01/09/2025,13,6,23,13:06:23,38,Tahap-0
01/09/2025,13,6,23,13:06:23,228,Tahap-0
01/09/2025,13,6,23,13:06:23,11,Tahap-0
01/09/2025,13,6,24,13:06:24,107,Tahap-0
01/09/2025,13,6,24,13:06:24,140,Tahap-0
01/09/2025,13,6,24,13:06:24,224,Tahap-0
01/09/2025,13,6,24,13:06:24,171,Tahap-0
01/09/2025,13,6,24,13:06:24,395,Tahap-0
01/09/2025,13,6,24,13:06:24,438,Tahap-0
01/09/2025,13,6,24,13:06:24,131,Tahap-0
01/09/2025,13,6,24,13:06:24,94,Tahap-0
01/09/2025,13,6,24,13:06:24,125,Tahap-0
01/09/2025,13,6,24,13:06:24,50,Tahap-0
01/09/2025,13,6,25,13:06:25,244,Tahap-0
01/09/2025,13,6,25,13:06:25,121,Tahap-0
01/09/2025,13,6,25,13:06:25,170,Tahap-0
01/09/2025,13,6,25,13:06:25,134,Tahap-0
01/09/2025,13,6,25,13:06:25,102,Tahap-0
01/09/2025,13,6,25,13:06:25,59,Tahap-0
01/09/2025,13,6,25,13:06:25,179,Tahap-0
01/09/2025,13,6,25,13:06:25,170,Tahap-0
01/09/2025,13,6,25,13:06:25,150,Tahap-0
01/09/2025,13,6,25,13:06:25,183,Tahap-0
01/09/2025,13,6,26,13:06:26,128,Tahap-0
01/09/2025,13,6,26,13:06:26,179,Tahap-0
01/09/2025,13,6,26,13:06:26,197,Tahap-0
01/09/2025,13,6,26,13:06:26,87,Tahap-0
01/09/2025,13,6,26,13:06:26,153,Tahap-0
01/09/2025,13,6,26,13:06:26,123,Tahap-0
01/09/2025,13,6,26,13:06:26,240,Tahap-0
01/09/2025,13,6,26,13:06:26,224,Tahap-0
01/09/2025,13,6,26,13:06:26,200,Tahap-0
01/09/2025,13,6,26,13:06:26,139,Tahap-0
01/09/2025,13,6,27,13:06:27,147,Tahap-0
01/09/2025,13,6,27,13:06:27,321,Tahap-0
01/09/2025,13,6,27,13:06:27,180,Tahap-0
01/09/2025,13,6,27,13:06:27,421,Tahap-0
01/09/2025,13,6,27,13:06:27,389,Tahap-0
01/09/2025,13,6,27,13:06:27,504,Tahap-0
01/09/2025,13,6,27,13:06:27,348,Tahap-0
01/09/2025,13,6,27,13:06:27,320,Tahap-0
01/09/2025,13,6,27,13:06:27,149,Tahap-0
01/09/2025,13,6,27,13:06:27,134,Tahap-0
01/09/2025,13,6,28,13:06:28,133,Tahap-0
01/09/2025,13,6,28,13:06:28,124,Tahap-0
01/09/2025,13,6,28,13:06:28,48,Tahap-0
01/09/2025,13,6,28,13:06:28,154,Tahap-0
01/09/2025,13,6,28,13:06:28,141,Tahap-0
01/09/2025,13,6,28,13:06:28,318,Tahap-0
01/09/2025,13,6,28,13:06:28,266,Tahap-0
01/09/2025,13,6,28,13:06:28,724,Tahap-0
01/09/2025,13,6,28,13:06:28,297,Tahap-0
01/09/2025,13,6,28,13:06:28,530,Tahap-0
01/09/2025,13,6,29,13:06:29,436,Tahap-0
01/09/2025,13,6,29,13:06:29,51,Tahap-0
01/09/2025,13,6,29,13:06:29,156,Tahap-0
01/09/2025,13,6,29,13:06:29,174,Tahap-0
01/09/2025,13,6,29,13:06:29,300,Tahap-0
01/09/2025,13,6,29,13:06:29,194,Tahap-0
01/09/2025,13,6,29,13:06:29,451,Tahap-0
01/09/2025,13,6,29,13:06:29,243,Tahap-0
01/09/2025,13,6,29,13:06:29,1001,Tahap-0
01/09/2025,13,6,29,13:06:29,1000,Tahap-0
01/09/2025,13,6,30,13:06:30,773,Tahap-0
01/09/2025,13,6,30,13:06:30,181,Tahap-0
01/09/2025,13,6,30,13:06:30,166,Tahap-0
01/09/2025,13,6,30,13:06:30,289,Tahap-0
01/09/2025,13,6,30,13:06:30,189,Tahap-0
01/09/2025,13,6,30,13:06:30,329,Tahap-0
01/09/2025,13,6,30,13:06:30,172,Tahap-0
01/09/2025,13,6,30,13:06:30,77,Tahap-0
01/09/2025,13,6,30,13:06:30,146,Tahap-0
01/09/2025,13,6,30,13:06:30,392,Tahap-0
01/09/2025,13,6,31,13:06:31,69,Tahap-0
01/09/2025,13,6,31,13:06:31,385,Tahap-0
01/09/2025,13,6,31,13:06:31,61,Tahap-0
01/09/2025,13,6,31,13:06:31,194,Tahap-0
01/09/2025,13,6,31,13:06:31,299,Tahap-0
01/09/2025,13,6,31,13:06:31,222,Tahap-0
01/09/2025,13,6,31,13:06:31,197,Tahap-0
01/09/2025,13,6,31,13:06:31,306,Tahap-0
01/09/2025,13,6,31,13:06:31,401,Tahap-0
01/09/2025,13,6,31,13:06:31,448,Tahap-0
01/09/2025,13,6,32,13:06:32,697,Tahap-0
01/09/2025,13,6,33,13:06:33,892,Tahap-0
01/09/2025,13,6,33,13:06:33,260,Tahap-0
01/09/2025,13,6,33,13:06:33,980,Tahap-0
01/09/2025,13,6,33,13:06:33,723,Tahap-0
01/09/2025,13,6,33,13:06:33,504,Tahap-0
01/09/2025,13,6,33,13:06:33,218,Tahap-0
01/09/2025,13,6,33,13:06:33,287,Tahap-0
01/09/2025,13,6,33,13:06:33,-4,Tahap-0
01/09/2025,13,6,33,13:06:33,164,Tahap-0
01/09/2025,13,6,33,13:06:33,-148,Tahap-0
01/09/2025,13,6,33,13:06:33,120,Tahap-0
01/09/2025,13,6,33,13:06:33,84,Tahap-0
01/09/2025,13,6,33,13:06:33,28,Tahap-0
01/09/2025,13,6,33,13:06:33,96,Tahap-0
01/09/2025,13,6,33,13:06:33,52,Tahap-0
01/09/2025,13,6,33,13:06:33,28,Tahap-0
01/09/2025,13,6,33,13:06:33,64,Tahap-0
01/09/2025,13,6,33,13:06:33,-36,Tahap-0
01/09/2025,13,6,33,13:06:33,128,Tahap-0
01/09/2025,13,6,34,13:06:34,104,Tahap-0
01/09/2025,13,6,34,13:06:34,-32,Tahap-0
01/09/2025,13,6,34,13:06:34,120,Tahap-0
01/09/2025,13,6,34,13:06:34,20,Tahap-0
01/09/2025,13,6,34,13:06:34,52,Tahap-0
01/09/2025,13,6,34,13:06:34,124,Tahap-0
01/09/2025,13,6,34,13:06:34,56,Tahap-0
01/09/2025,13,6,34,13:06:34,56,Tahap-0
01/09/2025,13,6,34,13:06:34,84,Tahap-0
01/09/2025,13,6,34,13:06:34,-52,Tahap-0
01/09/2025,13,6,35,13:06:35,252,Tahap-0
01/09/2025,13,6,35,13:06:35,20,Tahap-0
01/09/2025,13,6,35,13:06:35,72,Tahap-0
01/09/2025,13,6,35,13:06:35,56,Tahap-0
01/09/2025,13,6,35,13:06:35,-24,Tahap-0
01/09/2025,13,6,35,13:06:35,4,Tahap-0
01/09/2025,13,6,35,13:06:35,92,Tahap-0
01/09/2025,13,6,35,13:06:35,44,Tahap-0
01/09/2025,13,6,35,13:06:35,44,Tahap-0
01/09/2025,13,6,35,13:06:35,-8,Tahap-0
01/09/2025,13,6,36,13:06:36,52,Tahap-0
01/09/2025,13,6,36,13:06:36,44,Tahap-0
01/09/2025,13,6,36,13:06:36,-32,Tahap-0
01/09/2025,13,6,36,13:06:36,132,Tahap-0
01/09/2025,13,6,36,13:06:36,-72,Tahap-0
01/09/2025,13,6,36,13:06:36,36,Tahap-0
01/09/2025,13,6,36,13:06:36,-24,Tahap-0
01/09/2025,13,6,36,13:06:36,44,Tahap-0
01/09/2025,13,6,36,13:06:36,-4,Tahap-0
01/09/2025,13,6,37,13:06:37,-104,Tahap-0
01/09/2025,13,6,37,13:06:37,132,Tahap-0
01/09/2025,13,6,37,13:06:37,-132,Tahap-0
01/09/2025,13,6,37,13:06:37,92,Tahap-0
01/09/2025,13,6,37,13:06:37,48,Tahap-0
01/09/2025,13,6,37,13:06:37,-52,Tahap-0
01/09/2025,13,6,37,13:06:37,-52,Tahap-0
01/09/2025,13,6,37,13:06:37,96,Tahap-0
01/09/2025,13,6,37,13:06:37,-92,Tahap-0
01/09/2025,13,6,37,13:06:37,92,Tahap-0
01/09/2025,13,6,37,13:06:37,-116,Tahap-0
01/09/2025,13,6,38,13:06:38,104,Tahap-0
01/09/2025,13,6,38,13:06:38,-48,Tahap-0
01/09/2025,13,6,38,13:06:38,-40,Tahap-0
01/09/2025,13,6,38,13:06:38,4,Tahap-0
01/09/2025,13,6,38,13:06:38,8,Tahap-0
01/09/2025,13,6,38,13:06:38,84,Tahap-0
01/09/2025,13,6,38,13:06:38,-76,Tahap-0
01/09/2025,13,6,38,13:06:38,4,Tahap-0
01/09/2025,13,6,38,13:06:38,-8,Tahap-0
01/09/2025,13,6,39,13:06:39,-88,Tahap-0
01/09/2025,13,6,39,13:06:39,60,Tahap-0
01/09/2025,13,6,39,13:06:39,36,Tahap-0
01/09/2025,13,6,39,13:06:39,-108,Tahap-0
01/09/2025,13,6,39,13:06:39,64,Tahap-0
01/09/2025,13,6,39,13:06:39,-8,Tahap-0
01/09/2025,13,6,39,13:06:39,-64,Tahap-0
01/09/2025,13,6,39,13:06:39,124,Tahap-0
01/09/2025,13,6,39,13:06:39,-60,Tahap-0
01/09/2025,13,6,39,13:06:39,32,Tahap-0
01/09/2025,13,6,39,13:06:39,-52,Tahap-0
01/09/2025,13,6,40,13:06:40,-32,Tahap-0
01/09/2025,13,6,40,13:06:40,80,Tahap-0
01/09/2025,13,6,40,13:06:40,-80,Tahap-0
01/09/2025,13,6,40,13:06:40,12,Tahap-0
01/09/2025,13,6,40,13:06:40,48,Tahap-0
01/09/2025,13,6,40,13:06:40,-36,Tahap-0
01/09/2025,13,6,40,13:06:40,-16,Tahap-0
01/09/2025,13,6,40,13:06:40,76,Tahap-0
01/09/2025,13,6,40,13:06:40,44,Tahap-0
01/09/2025,13,6,40,13:06:40,28,Tahap-0
01/09/2025,13,6,41,13:06:41,-20,Tahap-0
01/09/2025,13,6,41,13:06:41,164,Tahap-0
01/09/2025,13,6,41,13:06:41,-44,Tahap-0
01/09/2025,13,6,41,13:06:41,88,Tahap-0
01/09/2025,13,6,41,13:06:41,24,Tahap-0
01/09/2025,13,6,41,13:06:41,8,Tahap-0
01/09/2025,13,6,41,13:06:41,8,Tahap-0
01/09/2025,13,6,41,13:06:41,76,Tahap-0
01/09/2025,13,6,41,13:06:41,4,Tahap-0
01/09/2025,13,6,41,13:06:41,80,Tahap-0
01/09/2025,13,6,42,13:06:42,-80,Tahap-0
01/09/2025,13,6,42,13:06:42,72,Tahap-0
01/09/2025,13,6,42,13:06:42,-12,Tahap-0
01/09/2025,13,6,42,13:06:42,-16,Tahap-0
01/09/2025,13,6,42,13:06:42,88,Tahap-0
01/09/2025,13,6,42,13:06:42,80,Tahap-0
01/09/2025,13,6,42,13:06:42,-84,Tahap-0
01/09/2025,13,6,42,13:06:42,104,Tahap-0
01/09/2025,13,6,42,13:06:42,16,Tahap-0
01/09/2025,13,6,42,13:06:42,88,Tahap-0
01/09/2025,13,6,43,13:06:43,8,Tahap-0
01/09/2025,13,6,43,13:06:43,108,Tahap-0
01/09/2025,13,6,43,13:06:43,100,Tahap-0
01/09/2025,13,6,43,13:06:43,-12,Tahap-0
01/09/2025,13,6,43,13:06:43,88,Tahap-0
01/09/2025,13,6,43,13:06:43,28,Tahap-0
01/09/2025,13,6,43,13:06:43,84,Tahap-0
01/09/2025,13,6,43,13:06:43,56,Tahap-0
01/09/2025,13,6,43,13:06:43,16,Tahap-0
01/09/2025,13,6,43,13:06:43,24,Tahap-0
01/09/2025,13,6,44,13:06:44,20,Tahap-0
01/09/2025,13,6,44,13:06:44,140,Tahap-0
01/09/2025,13,6,44,13:06:44,-96,Tahap-0
01/09/2025,13,6,44,13:06:44,40,Tahap-0
01/09/2025,13,6,44,13:06:44,-4,Tahap-0
01/09/2025,13,6,44,13:06:44,-48,Tahap-0
01/09/2025,13,6,44,13:06:44,-24,Tahap-0
01/09/2025,13,6,44,13:06:44,48,Tahap-0
01/09/2025,13,6,44,13:06:44,-92,Tahap-0
01/09/2025,13,6,45,13:06:45,36,Tahap-0
01/09/2025,13,6,45,13:06:45,-180,Tahap-0
01/09/2025,13,6,45,13:06:45,64,Tahap-0
01/09/2025,13,6,45,13:06:45,-52,Tahap-0
01/09/2025,13,6,45,13:06:45,-84,Tahap-0
01/09/2025,13,6,45,13:06:45,-76,Tahap-0
01/09/2025,13,7,10,13:07:10,1019,Tahap-0
01/09/2025,13,7,10,13:07:10,921,Tahap-0
01/09/2025,13,7,10,13:07:10,1255,Tahap-0
01/09/2025,13,7,10,13:07:10,314,Tahap-0
01/09/2025,13,7,10,13:07:10,392,Tahap-0
01/09/2025,13,7,10,13:07:10,438,Tahap-0
01/09/2025,13,7,10,13:07:10,499,Tahap-0
01/09/2025,13,7,10,13:07:10,270,Tahap-0
01/09/2025,13,7,10,13:07:10,315,Tahap-0
01/09/2025,13,7,10,13:07:10,77,Tahap-0
01/09/2025,13,7,11,13:07:11,218,Tahap-0
01/09/2025,13,7,11,13:07:11,180,Tahap-0
01/09/2025,13,7,11,13:07:11,35,Tahap-0
01/09/2025,13,7,11,13:07:11,162,Tahap-0
01/09/2025,13,7,11,13:07:11,203,Tahap-0
01/09/2025,13,7,11,13:07:11,233,Tahap-0
01/09/2025,13,7,11,13:07:11,104,Tahap-0
01/09/2025,13,7,11,13:07:11,225,Tahap-0
01/09/2025,13,7,11,13:07:11,278,Tahap-0
01/09/2025,13,7,11,13:07:11,165,Tahap-0
01/09/2025,13,7,12,13:07:12,197,Tahap-0
01/09/2025,13,7,12,13:07:12,341,Tahap-0
01/09/2025,13,7,12,13:07:12,266,Tahap-0
01/09/2025,13,7,12,13:07:12,240,Tahap-0
01/09/2025,13,7,12,13:07:12,44,Tahap-0
01/09/2025,13,7,12,13:07:12,72,Tahap-0
01/09/2025,13,7,12,13:07:12,177,Tahap-0
01/09/2025,13,7,12,13:07:12,148,Tahap-0
01/09/2025,13,7,12,13:07:12,34,Tahap-0
01/09/2025,13,7,12,13:07:12,178,Tahap-0
01/09/2025,13,7,13,13:07:13,180,Tahap-0
01/09/2025,13,7,13,13:07:13,96,Tahap-0
01/09/2025,13,7,13,13:07:13,54,Tahap-0
01/09/2025,13,7,13,13:07:13,99,Tahap-0
01/09/2025,13,7,13,13:07:13,161,Tahap-0
01/09/2025,13,7,13,13:07:13,154,Tahap-0
01/09/2025,13,7,13,13:07:13,147,Tahap-0
01/09/2025,13,7,13,13:07:13,106,Tahap-0
01/09/2025,13,7,13,13:07:13,197,Tahap-0
01/09/2025,13,7,13,13:07:13,57,Tahap-0
01/09/2025,13,7,14,13:07:14,129,Tahap-0
01/09/2025,13,7,14,13:07:14,209,Tahap-0
01/09/2025,13,7,14,13:07:14,620,Tahap-0
01/09/2025,13,7,14,13:07:14,138,Tahap-0
01/09/2025,13,7,14,13:07:14,132,Tahap-0
01/09/2025,13,7,14,13:07:14,239,Tahap-0
01/09/2025,13,7,14,13:07:14,206,Tahap-0
01/09/2025,13,7,14,13:07:14,397,Tahap-0
01/09/2025,13,7,14,13:07:14,264,Tahap-0
01/09/2025,13,7,14,13:07:14,53,Tahap-0
01/09/2025,13,7,15,13:07:15,100,Tahap-0
01/09/2025,13,7,15,13:07:15,72,Tahap-0
01/09/2025,13,7,15,13:07:15,74,Tahap-0
01/09/2025,13,7,15,13:07:15,86,Tahap-0
01/09/2025,13,7,15,13:07:15,58,Tahap-0
01/09/2025,13,7,15,13:07:15,17,Tahap-0
01/09/2025,13,7,15,13:07:15,80,Tahap-0
01/09/2025,13,7,15,13:07:15,59,Tahap-0
01/09/2025,13,7,15,13:07:15,92,Tahap-0
01/09/2025,13,7,15,13:07:15,193,Tahap-0
01/09/2025,13,7,16,13:07:16,74,Tahap-0
01/09/2025,13,7,16,13:07:16,114,Tahap-0
01/09/2025,13,7,16,13:07:16,27,Tahap-0
01/09/2025,13,7,16,13:07:16,87,Tahap-0
01/09/2025,13,7,16,13:07:16,250,Tahap-0
01/09/2025,13,7,16,13:07:16,184,Tahap-0
01/09/2025,13,7,16,13:07:16,42,Tahap-0
01/09/2025,13,7,16,13:07:16,139,Tahap-0
01/09/2025,13,7,16,13:07:16,172,Tahap-0
01/09/2025,13,7,16,13:07:16,273,Tahap-0
01/09/2025,13,7,17,13:07:17,72,Tahap-0
01/09/2025,13,7,17,13:07:17,181,Tahap-0
01/09/2025,13,7,17,13:07:17,875,Tahap-0
01/09/2025,13,7,17,13:07:17,400,Tahap-0
01/09/2025,13,7,17,13:07:17,218,Tahap-0
01/09/2025,13,7,17,13:07:17,150,Tahap-0
01/09/2025,13,7,17,13:07:17,110,Tahap-0
01/09/2025,13,7,17,13:07:17,129,Tahap-0
01/09/2025,13,7,17,13:07:17,202,Tahap-0
01/09/2025,13,7,17,13:07:17,107,Tahap-0
01/09/2025,13,7,18,13:07:18,173,Tahap-0
01/09/2025,13,7,18,13:07:18,65,Tahap-0
01/09/2025,13,7,18,13:07:18,170,Tahap-0
01/09/2025,13,7,18,13:07:18,143,Tahap-0
01/09/2025,13,7,18,13:07:18,93,Tahap-0
01/09/2025,13,7,18,13:07:18,717,Tahap-0
01/09/2025,13,7,18,13:07:18,579,Tahap-0
01/09/2025,13,7,18,13:07:18,308,Tahap-0
01/09/2025,13,7,18,13:07:18,62,Tahap-0
01/09/2025,13,7,18,13:07:18,186,Tahap-0
01/09/2025,13,7,19,13:07:19,219,Tahap-0
01/09/2025,13,7,19,13:07:19,127,Tahap-0
01/09/2025,13,7,19,13:07:19,257,Tahap-0
01/09/2025,13,7,19,13:07:19,212,Tahap-0
01/09/2025,13,7,19,13:07:19,334,Tahap-0
01/09/2025,13,7,19,13:07:19,646,Tahap-0
01/09/2025,13,7,19,13:07:19,1363,Tahap-0
01/09/2025,13,7,19,13:07:19,721,Tahap-0
01/09/2025,13,7,19,13:07:19,227,Tahap-0
01/09/2025,13,7,19,13:07:19,293,Tahap-0
01/09/2025,13,7,20,13:07:20,107,Tahap-0
01/09/2025,13,7,20,13:07:20,259,Tahap-0
01/09/2025,13,7,20,13:07:20,334,Tahap-0
01/09/2025,13,7,20,13:07:20,306,Tahap-0
01/09/2025,13,7,20,13:07:20,223,Tahap-0
01/09/2025,13,7,20,13:07:20,146,Tahap-0
01/09/2025,13,7,20,13:07:20,281,Tahap-0
01/09/2025,13,7,20,13:07:20,181,Tahap-0
01/09/2025,13,7,20,13:07:20,156,Tahap-0
01/09/2025,13,7,20,13:07:20,365,Tahap-0
01/09/2025,13,7,21,13:07:21,543,Tahap-0
01/09/2025,13,7,21,13:07:21,191,Tahap-0
01/09/2025,13,7,21,13:07:21,223,Tahap-0
01/09/2025,13,7,21,13:07:21,264,Tahap-0
01/09/2025,13,7,21,13:07:21,290,Tahap-0
01/09/2025,13,7,21,13:07:21,251,Tahap-0
01/09/2025,13,7,21,13:07:21,491,Tahap-0
01/09/2025,13,7,21,13:07:21,252,Tahap-0
01/09/2025,13,7,21,13:07:21,1126,Tahap-0
01/09/2025,13,7,21,13:07:21,1494,Tahap-0
01/09/2025,13,7,22,13:07:22,1481,Tahap-0
01/09/2025,13,7,22,13:07:22,786,Tahap-0
01/09/2025,13,7,22,13:07:22,444,Tahap-0
01/09/2025,13,7,22,13:07:22,470,Tahap-0
01/09/2025,13,7,22,13:07:22,497,Tahap-0
01/09/2025,13,7,22,13:07:22,146,Tahap-0
01/09/2025,13,7,22,13:07:22,623,Tahap-0
01/09/2025,13,7,22,13:07:22,-40,Tahap-0
01/09/2025,13,7,22,13:07:22,-16,Tahap-0
01/09/2025,13,7,22,13:07:22,-140,Tahap-0
01/09/2025,13,7,23,13:07:23,148,Tahap-0
01/09/2025,13,7,23,13:07:23,-172,Tahap-0
01/09/2025,13,7,23,13:07:23,12,Tahap-0
01/09/2025,13,7,23,13:07:23,24,Tahap-0
01/09/2025,13,7,23,13:07:23,-60,Tahap-0
01/09/2025,13,7,23,13:07:23,-44,Tahap-0
01/09/2025,13,7,23,13:07:23,60,Tahap-0
01/09/2025,13,7,23,13:07:23,-116,Tahap-0
01/09/2025,13,7,23,13:07:23,108,Tahap-0
01/09/2025,13,7,23,13:07:23,-100,Tahap-0
01/09/2025,13,7,24,13:07:24,-8,Tahap-0
01/09/2025,13,7,24,13:07:24,44,Tahap-0
01/09/2025,13,7,24,13:07:24,-160,Tahap-0
01/09/2025,13,7,24,13:07:24,80,Tahap-0
01/09/2025,13,7,24,13:07:24,-8,Tahap-0
01/09/2025,13,7,24,13:07:24,104,Tahap-0
01/09/2025,13,7,24,13:07:24,-52,Tahap-0
01/09/2025,13,7,24,13:07:24,84,Tahap-0
01/09/2025,13,7,24,13:07:24,-52,Tahap-0
01/09/2025,13,7,24,13:07:24,84,Tahap-0
01/09/2025,13,7,25,13:07:25,-104,Tahap-0
01/09/2025,13,7,25,13:07:25,208,Tahap-0
01/09/2025,13,7,25,13:07:25,-108,Tahap-0
01/09/2025,13,7,25,13:07:25,32,Tahap-0
01/09/2025,13,7,25,13:07:25,28,Tahap-0
01/09/2025,13,7,25,13:07:25,-12,Tahap-0
01/09/2025,13,7,25,13:07:25,44,Tahap-0
01/09/2025,13,7,25,13:07:25,120,Tahap-0
01/09/2025,13,7,25,13:07:25,-56,Tahap-0
01/09/2025,13,7,25,13:07:25,108,Tahap-0
01/09/2025,13,7,26,13:07:26,-16,Tahap-0
01/09/2025,13,7,26,13:07:26,32,Tahap-0
01/09/2025,13,7,26,13:07:26,224,Tahap-0
01/09/2025,13,7,26,13:07:26,-144,Tahap-0
01/09/2025,13,7,26,13:07:26,136,Tahap-0
01/09/2025,13,7,26,13:07:26,80,Tahap-0
01/09/2025,13,7,26,13:07:26,32,Tahap-0
01/09/2025,13,7,26,13:07:26,196,Tahap-0
01/09/2025,13,7,26,13:07:26,-40,Tahap-0
01/09/2025,13,7,27,13:07:27,104,Tahap-0
01/09/2025,13,7,27,13:07:27,-48,Tahap-0
01/09/2025,13,7,27,13:07:27,192,Tahap-0
01/09/2025,13,7,27,13:07:27,-48,Tahap-0
01/09/2025,13,7,27,13:07:27,48,Tahap-0
01/09/2025,13,7,27,13:07:27,64,Tahap-0
01/09/2025,13,7,27,13:07:27,-36,Tahap-0
01/09/2025,13,7,27,13:07:27,92,Tahap-0
01/09/2025,13,7,27,13:07:27,-8,Tahap-0
01/09/2025,13,7,27,13:07:27,20,Tahap-0
01/09/2025,13,7,28,13:07:28,-12,Tahap-0
01/09/2025,13,7,28,13:07:28,12,Tahap-0
01/09/2025,13,7,28,13:07:28,-80,Tahap-0
01/09/2025,13,7,28,13:07:28,220,Tahap-0
01/09/2025,13,7,28,13:07:28,-220,Tahap-0
01/09/2025,13,7,28,13:07:28,92,Tahap-0
01/09/2025,13,7,28,13:07:28,-16,Tahap-0
01/09/2025,13,7,28,13:07:28,28,Tahap-0
01/09/2025,13,7,28,13:07:28,-112,Tahap-0
01/09/2025,13,7,28,13:07:28,120,Tahap-0
01/09/2025,13,7,29,13:07:29,-192,Tahap-0
01/09/2025,13,7,29,13:07:29,96,Tahap-0
01/09/2025,13,7,29,13:07:29,-192,Tahap-0
01/09/2025,13,7,29,13:07:29,88,Tahap-0
01/09/2025,13,7,29,13:07:29,-120,Tahap-0
01/09/2025,13,7,29,13:07:29,-172,Tahap-0
01/09/2025,13,7,29,13:07:29,36,Tahap-0
01/09/2025,13,7,29,13:07:29,-52,Tahap-0
01/09/2025,13,7,29,13:07:29,32,Tahap-0
01/09/2025,13,7,29,13:07:29,-84,Tahap-0
01/09/2025,13,7,30,13:07:30,-36,Tahap-0
01/09/2025,13,7,30,13:07:30,-36,Tahap-0
01/09/2025,13,7,30,13:07:30,-48,Tahap-0
01/09/2025,13,7,30,13:07:30,-68,Tahap-0
01/09/2025,13,7,30,13:07:30,124,Tahap-0
01/09/2025,13,7,30,13:07:30,-124,Tahap-0
01/09/2025,13,7,30,13:07:30,-32,Tahap-0
01/09/2025,13,7,30,13:07:30,12,Tahap-0
01/09/2025,13,7,30,13:07:30,-76,Tahap-0
01/09/2025,13,7,30,13:07:30,64,Tahap-0
01/09/2025,13,7,31,13:07:31,64,Tahap-0
01/09/2025,13,7,31,13:07:31,-92,Tahap-0
01/09/2025,13,7,31,13:07:31,-28,Tahap-0
01/09/2025,13,7,31,13:07:31,4,Tahap-0
01/09/2025,13,7,31,13:07:31,-24,Tahap-0
01/09/2025,13,7,31,13:07:31,104,Tahap-0
01/09/2025,13,7,31,13:07:31,-176,Tahap-0
01/09/2025,13,7,31,13:07:31,132,Tahap-0
01/09/2025,13,7,31,13:07:31,-128,Tahap-0
01/09/2025,13,7,31,13:07:31,28,Tahap-0
01/09/2025,13,7,32,13:07:32,8,Tahap-0
01/09/2025,13,7,33,13:07:33,120,Tahap-0
01/09/2025,13,7,33,13:07:33,-28,Tahap-0
01/09/2025,13,7,33,13:07:33,-4,Tahap-0
01/09/2025,13,7,33,13:07:33,-48,Tahap-0
01/09/2025,13,7,33,13:07:33,4,Tahap-0
01/09/2025,13,7,33,13:07:33,-68,Tahap-0
01/09/2025,13,7,33,13:07:33,16,Tahap-0
01/09/2025,13,7,33,13:07:33,116,Tahap-0
01/09/2025,13,7,33,13:07:33,-148,Tahap-0
01/09/2025,13,7,33,13:07:33,100,Tahap-0
01/09/2025,13,7,33,13:07:33,-16,Tahap-0
01/09/2025,13,7,33,13:07:33,-20,Tahap-0
01/09/2025,13,7,33,13:07:33,4,Tahap-0
01/09/2025,13,7,33,13:07:33,60,Tahap-0
01/09/2025,13,7,33,13:07:33,-156,Tahap-0
01/09/2025,13,7,33,13:07:33,104,Tahap-0
01/09/2025,13,7,33,13:07:33,-204,Tahap-0
01/09/2025,13,7,33,13:07:33,124,Tahap-0
01/09/2025,13,7,33,13:07:33,4,Tahap-0
01/09/2025,13,7,34,13:07:34,28,Tahap-0
01/09/2025,13,7,34,13:07:34,28,Tahap-0
01/09/2025,13,7,34,13:07:34,48,Tahap-0
01/09/2025,13,7,34,13:07:34,16,Tahap-0
01/09/2025,13,7,34,13:07:34,56,Tahap-0
01/09/2025,13,7,34,13:07:34,108,Tahap-0
01/09/2025,13,7,34,13:07:34,-12,Tahap-0
01/09/2025,13,7,34,13:07:34,4,Tahap-0
01/09/2025,13,7,34,13:07:34,-44,Tahap-0
01/09/2025,13,7,34,13:07:34,156,Tahap-0
01/09/2025,13,7,35,13:07:35,-88,Tahap-0
01/09/2025,13,7,35,13:07:35,120,Tahap-0
01/09/2025,13,7,35,13:07:35,72,Tahap-0
01/09/2025,13,7,35,13:07:35,68,Tahap-0
01/09/2025,13,7,35,13:07:35,44,Tahap-0
01/09/2025,13,7,35,13:07:35,88,Tahap-0
01/09/2025,13,7,59,13:07:59,3402,Tahap-0
01/09/2025,13,8,1,13:08:01,428,Tahap-0
01/09/2025,13,8,1,13:08:01,223,Tahap-0
01/09/2025,13,8,1,13:08:01,333,Tahap-0
01/09/2025,13,8,1,13:08:01,316,Tahap-0
01/09/2025,13,8,1,13:08:01,367,Tahap-0
01/09/2025,13,8,1,13:08:01,258,Tahap-0
01/09/2025,13,8,1,13:08:01,266,Tahap-0
01/09/2025,13,8,1,13:08:01,223,Tahap-0
01/09/2025,13,8,1,13:08:01,347,Tahap-0
01/09/2025,13,8,1,13:08:01,285,Tahap-0
01/09/2025,13,8,3,13:08:03,330,Tahap-0
01/09/2025,13,8,3,13:08:03,101,Tahap-0
01/09/2025,13,8,3,13:08:03,237,Tahap-0
01/09/2025,13,8,3,13:08:03,95,Tahap-0
01/09/2025,13,8,3,13:08:03,178,Tahap-0
01/09/2025,13,8,3,13:08:03,105,Tahap-0
01/09/2025,13,8,3,13:08:03,116,Tahap-0
01/09/2025,13,8,3,13:08:03,191,Tahap-0
01/09/2025,13,8,3,13:08:03,119,Tahap-0
01/09/2025,13,8,3,13:08:03,54,Tahap-0
01/09/2025,13,8,3,13:08:03,73,Tahap-0
01/09/2025,13,8,3,13:08:03,205,Tahap-0
01/09/2025,13,8,3,13:08:03,100,Tahap-0
01/09/2025,13,8,3,13:08:03,45,Tahap-0
01/09/2025,13,8,3,13:08:03,93,Tahap-0
01/09/2025,13,8,3,13:08:03,32,Tahap-0
01/09/2025,13,8,3,13:08:03,62,Tahap-0
01/09/2025,13,8,3,13:08:03,85,Tahap-0
01/09/2025,13,8,3,13:08:03,126,Tahap-0
01/09/2025,13,8,3,13:08:03,38,Tahap-0
01/09/2025,13,8,4,13:08:04,87,Tahap-0
01/09/2025,13,8,4,13:08:04,292,Tahap-0
01/09/2025,13,8,4,13:08:04,546,Tahap-0
01/09/2025,13,8,4,13:08:04,301,Tahap-0
01/09/2025,13,8,4,13:08:04,278,Tahap-0
01/09/2025,13,8,4,13:08:04,111,Tahap-0
01/09/2025,13,8,4,13:08:04,77,Tahap-0
01/09/2025,13,8,4,13:08:04,483,Tahap-0
01/09/2025,13,8,4,13:08:04,232,Tahap-0
01/09/2025,13,8,4,13:08:04,43,Tahap-0
01/09/2025,13,8,5,13:08:05,115,Tahap-0
01/09/2025,13,8,5,13:08:05,177,Tahap-0
01/09/2025,13,8,5,13:08:05,165,Tahap-0
01/09/2025,13,8,5,13:08:05,115,Tahap-0
01/09/2025,13,8,5,13:08:05,83,Tahap-0
01/09/2025,13,8,5,13:08:05,41,Tahap-0
01/09/2025,13,8,5,13:08:05,46,Tahap-0
01/09/2025,13,8,5,13:08:05,49,Tahap-0
01/09/2025,13,8,5,13:08:05,128,Tahap-0
01/09/2025,13,8,5,13:08:05,85,Tahap-0
01/09/2025,13,8,6,13:08:06,137,Tahap-0
01/09/2025,13,8,6,13:08:06,57,Tahap-0
01/09/2025,13,8,6,13:08:06,247,Tahap-0
01/09/2025,13,8,6,13:08:06,95,Tahap-0
01/09/2025,13,8,6,13:08:06,102,Tahap-0
01/09/2025,13,8,6,13:08:06,89,Tahap-0
01/09/2025,13,8,6,13:08:06,103,Tahap-0
01/09/2025,13,8,6,13:08:06,98,Tahap-0
01/09/2025,13,8,6,13:08:06,128,Tahap-0
01/09/2025,13,8,6,13:08:06,347,Tahap-0
01/09/2025,13,8,7,13:08:07,214,Tahap-0
01/09/2025,13,8,7,13:08:07,641,Tahap-0
01/09/2025,13,8,7,13:08:07,207,Tahap-0
01/09/2025,13,8,7,13:08:07,251,Tahap-0
01/09/2025,13,8,7,13:08:07,374,Tahap-0
01/09/2025,13,8,7,13:08:07,230,Tahap-0
01/09/2025,13,8,7,13:08:07,151,Tahap-0
01/09/2025,13,8,7,13:08:07,58,Tahap-0
01/09/2025,13,8,7,13:08:07,78,Tahap-0
01/09/2025,13,8,7,13:08:07,168,Tahap-0
01/09/2025,13,8,8,13:08:08,206,Tahap-0
01/09/2025,13,8,8,13:08:08,188,Tahap-0
01/09/2025,13,8,8,13:08:08,188,Tahap-0
01/09/2025,13,8,8,13:08:08,133,Tahap-0
01/09/2025,13,8,8,13:08:08,582,Tahap-0
01/09/2025,13,8,8,13:08:08,328,Tahap-0
01/09/2025,13,8,8,13:08:08,318,Tahap-0
01/09/2025,13,8,8,13:08:08,255,Tahap-0
01/09/2025,13,8,8,13:08:08,243,Tahap-0
01/09/2025,13,8,8,13:08:08,149,Tahap-0
01/09/2025,13,8,9,13:08:09,158,Tahap-0
01/09/2025,13,8,9,13:08:09,203,Tahap-0
01/09/2025,13,8,9,13:08:09,198,Tahap-0
01/09/2025,13,8,9,13:08:09,272,Tahap-0
01/09/2025,13,8,9,13:08:09,441,Tahap-0
01/09/2025,13,8,9,13:08:09,1793,Tahap-0
01/09/2025,13,8,9,13:08:09,287,Tahap-0
01/09/2025,13,8,9,13:08:09,228,Tahap-0
01/09/2025,13,8,9,13:08:09,204,Tahap-0
01/09/2025,13,8,9,13:08:09,229,Tahap-0
01/09/2025,13,8,10,13:08:10,84,Tahap-0
01/09/2025,13,8,10,13:08:10,190,Tahap-0
01/09/2025,13,8,10,13:08:10,280,Tahap-0
01/09/2025,13,8,10,13:08:10,112,Tahap-0
01/09/2025,13,8,10,13:08:10,286,Tahap-0
01/09/2025,13,8,10,13:08:10,186,Tahap-0
01/09/2025,13,8,10,13:08:10,167,Tahap-0
01/09/2025,13,8,10,13:08:10,230,Tahap-0
01/09/2025,13,8,10,13:08:10,162,Tahap-0
01/09/2025,13,8,10,13:08:10,398,Tahap-0
01/09/2025,13,8,11,13:08:11,70,Tahap-0
01/09/2025,13,8,11,13:08:11,246,Tahap-0
01/09/2025,13,8,11,13:08:11,263,Tahap-0
01/09/2025,13,8,11,13:08:11,163,Tahap-0
01/09/2025,13,8,11,13:08:11,175,Tahap-0
01/09/2025,13,8,11,13:08:11,19,Tahap-0
01/09/2025,13,8,11,13:08:11,260,Tahap-0
01/09/2025,13,8,11,13:08:11,195,Tahap-0
01/09/2025,13,8,11,13:08:11,677,Tahap-0
01/09/2025,13,8,11,13:08:11,1461,Tahap-0
01/09/2025,13,8,12,13:08:12,1499,Tahap-0
01/09/2025,13,8,12,13:08:12,415,Tahap-0
01/09/2025,13,8,12,13:08:12,214,Tahap-0
01/09/2025,13,8,12,13:08:12,82,Tahap-0
01/09/2025,13,8,12,13:08:12,146,Tahap-0
01/09/2025,13,8,12,13:08:12,421,Tahap-0
01/09/2025,13,8,12,13:08:12,-36,Tahap-0
01/09/2025,13,8,12,13:08:12,-240,Tahap-0
01/09/2025,13,8,12,13:08:12,52,Tahap-0
01/09/2025,13,8,12,13:08:12,-188,Tahap-0
01/09/2025,13,8,13,13:08:13,-148,Tahap-0
01/09/2025,13,8,13,13:08:13,-4,Tahap-0
01/09/2025,13,8,13,13:08:13,-164,Tahap-0
01/09/2025,13,8,13,13:08:13,-88,Tahap-0
01/09/2025,13,8,13,13:08:13,-56,Tahap-0
01/09/2025,13,8,13,13:08:13,-116,Tahap-0
01/09/2025,13,8,13,13:08:13,-80,Tahap-0
01/09/2025,13,8,13,13:08:13,-36,Tahap-0
01/09/2025,13,8,13,13:08:13,-180,Tahap-0
01/09/2025,13,8,13,13:08:13,92,Tahap-0
01/09/2025,13,8,14,13:08:14,-268,Tahap-0
01/09/2025,13,8,14,13:08:14,40,Tahap-0
01/09/2025,13,8,14,13:08:14,-120,Tahap-0
01/09/2025,13,8,14,13:08:14,64,Tahap-0
01/09/2025,13,8,14,13:08:14,-192,Tahap-0
01/09/2025,13,8,14,13:08:14,52,Tahap-0
01/09/2025,13,8,14,13:08:14,-180,Tahap-0
01/09/2025,13,8,14,13:08:14,32,Tahap-0
01/09/2025,13,8,14,13:08:14,-184,Tahap-0
01/09/2025,13,8,14,13:08:14,32,Tahap-0
01/09/2025,13,8,15,13:08:15,-88,Tahap-0
01/09/2025,13,8,15,13:08:15,-136,Tahap-0
01/09/2025,13,8,15,13:08:15,4,Tahap-0
01/09/2025,13,8,15,13:08:15,-132,Tahap-0
01/09/2025,13,8,15,13:08:15,40,Tahap-0
01/09/2025,13,8,15,13:08:15,-52,Tahap-0
01/09/2025,13,8,15,13:08:15,-116,Tahap-0
01/09/2025,13,8,15,13:08:15,-88,Tahap-0
01/09/2025,13,8,15,13:08:15,-20,Tahap-0
01/09/2025,13,8,15,13:08:15,-140,Tahap-0
01/09/2025,13,8,16,13:08:16,176,Tahap-0
01/09/2025,13,8,16,13:08:16,-164,Tahap-0
01/09/2025,13,8,16,13:08:16,8,Tahap-0
01/09/2025,13,8,16,13:08:16,-32,Tahap-0
01/09/2025,13,8,16,13:08:16,-24,Tahap-0
01/09/2025,13,8,16,13:08:16,-40,Tahap-0
01/09/2025,13,8,16,13:08:16,100,Tahap-0
01/09/2025,13,8,16,13:08:16,-44,Tahap-0
01/09/2025,13,8,16,13:08:16,-48,Tahap-0
01/09/2025,13,8,16,13:08:16,-72,Tahap-0
01/09/2025,13,8,17,13:08:17,28,Tahap-0
01/09/2025,13,8,17,13:08:17,72,Tahap-0
01/09/2025,13,8,17,13:08:17,-116,Tahap-0
01/09/2025,13,8,17,13:08:17,100,Tahap-0
01/09/2025,13,8,17,13:08:17,-100,Tahap-0
01/09/2025,13,8,17,13:08:17,76,Tahap-0
01/09/2025,13,8,17,13:08:17,-64,Tahap-0
01/09/2025,13,8,17,13:08:17,160,Tahap-0
01/09/2025,13,8,17,13:08:17,-72,Tahap-0
01/09/2025,13,8,17,13:08:17,124,Tahap-0
01/09/2025,13,8,18,13:08:18,-96,Tahap-0
01/09/2025,13,8,18,13:08:18,120,Tahap-0
01/09/2025,13,8,18,13:08:18,100,Tahap-0
01/09/2025,13,8,18,13:08:18,104,Tahap-0
01/09/2025,13,8,18,13:08:18,104,Tahap-0
01/09/2025,13,8,18,13:08:18,140,Tahap-0
01/09/2025,13,8,18,13:08:18,40,Tahap-0
01/09/2025,13,8,18,13:08:18,200,Tahap-0
01/09/2025,13,8,18,13:08:18,56,Tahap-0
01/09/2025,13,8,18,13:08:18,184,Tahap-0
01/09/2025,13,8,19,13:08:19,140,Tahap-0
01/09/2025,13,8,19,13:08:19,224,Tahap-0
01/09/2025,13,8,19,13:08:19,104,Tahap-0
01/09/2025,13,8,19,13:08:19,104,Tahap-0
01/09/2025,13,8,19,13:08:19,276,Tahap-0
01/09/2025,13,8,19,13:08:19,96,Tahap-0
01/09/2025,13,8,19,13:08:19,268,Tahap-0
01/09/2025,13,8,19,13:08:19,176,Tahap-0
01/09/2025,13,8,19,13:08:19,184,Tahap-0
01/09/2025,13,8,19,13:08:19,168,Tahap-0
01/09/2025,13,8,20,13:08:20,244,Tahap-0
01/09/2025,13,8,20,13:08:20,136,Tahap-0
01/09/2025,13,8,20,13:08:20,360,Tahap-0
01/09/2025,13,8,20,13:08:20,40,Tahap-0
01/09/2025,13,8,20,13:08:20,204,Tahap-0
01/09/2025,13,8,20,13:08:20,220,Tahap-0
01/09/2025,13,8,20,13:08:20,212,Tahap-0
01/09/2025,13,8,20,13:08:20,252,Tahap-0
01/09/2025,13,8,20,13:08:20,228,Tahap-0
01/09/2025,13,8,20,13:08:20,132,Tahap-0
01/09/2025,13,8,21,13:08:21,224,Tahap-0
01/09/2025,13,8,21,13:08:21,140,Tahap-0
01/09/2025,13,8,21,13:08:21,236,Tahap-0
01/09/2025,13,8,21,13:08:21,292,Tahap-0
01/09/2025,13,8,21,13:08:21,156,Tahap-0
01/09/2025,13,8,21,13:08:21,248,Tahap-0
01/09/2025,13,8,21,13:08:21,184,Tahap-0
01/09/2025,13,8,21,13:08:21,248,Tahap-0
01/09/2025,13,8,21,13:08:21,148,Tahap-0
01/09/2025,13,8,21,13:08:21,264,Tahap-0
01/09/2025,13,8,22,13:08:22,188,Tahap-0
01/09/2025,13,8,22,13:08:22,192,Tahap-0
01/09/2025,13,8,22,13:08:22,108,Tahap-0
01/09/2025,13,8,22,13:08:22,348,Tahap-0
01/09/2025,13,8,22,13:08:22,16,Tahap-0
01/09/2025,13,8,22,13:08:22,244,Tahap-0
01/09/2025,13,8,22,13:08:22,236,Tahap-0
01/09/2025,13,8,22,13:08:22,84,Tahap-0
01/09/2025,13,8,22,13:08:22,148,Tahap-0
01/09/2025,13,8,22,13:08:22,236,Tahap-0
01/09/2025,13,8,23,13:08:23,68,Tahap-0
01/09/2025,13,8,23,13:08:23,224,Tahap-0
01/09/2025,13,8,23,13:08:23,80,Tahap-0
01/09/2025,13,8,23,13:08:23,140,Tahap-0
01/09/2025,13,8,23,13:08:23,196,Tahap-0
01/09/2025,13,8,23,13:08:23,8,Tahap-0
01/09/2025,13,8,23,13:08:23,212,Tahap-0
01/09/2025,13,8,23,13:08:23,96,Tahap-0
01/09/2025,13,8,23,13:08:23,244,Tahap-0
01/09/2025,13,8,23,13:08:23,24,Tahap-0
01/09/2025,13,8,24,13:08:24,244,Tahap-0
01/09/2025,13,8,24,13:08:24,44,Tahap-0
01/09/2025,13,8,24,13:08:24,220,Tahap-0
01/09/2025,13,8,24,13:08:24,16,Tahap-0
01/09/2025,13,8,24,13:08:24,292,Tahap-0
01/09/2025,13,8,24,13:08:24,-4,Tahap-0
01/09/2025,13,8,24,13:08:24,84,Tahap-0
01/09/2025,13,8,24,13:08:24,192,Tahap-0
01/09/2025,13,8,24,13:08:24,136,Tahap-0
01/09/2025,13,8,24,13:08:24,192,Tahap-0
01/09/2025,13,8,25,13:08:25,248,Tahap-0
01/09/2025,13,8,25,13:08:25,92,Tahap-0
01/09/2025,13,8,25,13:08:25,196,Tahap-0
01/09/2025,13,8,25,13:08:25,148,Tahap-0
01/09/2025,13,8,25,13:08:25,136,Tahap-0
01/09/2025,13,8,49,13:08:49,3720,Tahap-0
01/09/2025,13,8,50,13:08:50,1228,Tahap-0
01/09/2025,13,8,50,13:08:50,983,Tahap-0
01/09/2025,13,8,50,13:08:50,396,Tahap-0
01/09/2025,13,8,50,13:08:50,319,Tahap-0
01/09/2025,13,8,50,13:08:50,218,Tahap-0
01/09/2025,13,8,50,13:08:50,472,Tahap-0
01/09/2025,13,8,50,13:08:50,16,Tahap-0
01/09/2025,13,8,50,13:08:50,154,Tahap-0
01/09/2025,13,8,50,13:08:50,17,Tahap-0
01/09/2025,13,8,50,13:08:50,136,Tahap-0
01/09/2025,13,8,51,13:08:51,51,Tahap-0
01/09/2025,13,8,51,13:08:51,200,Tahap-0
01/09/2025,13,8,51,13:08:51,132,Tahap-0
01/09/2025,13,8,51,13:08:51,70,Tahap-0
01/09/2025,13,8,51,13:08:51,25,Tahap-0
01/09/2025,13,8,51,13:08:51,197,Tahap-0
01/09/2025,13,8,51,13:08:51,64,Tahap-0
01/09/2025,13,8,51,13:08:51,81,Tahap-0
01/09/2025,13,8,51,13:08:51,19,Tahap-0
01/09/2025,13,8,51,13:08:51,50,Tahap-0
01/09/2025,13,8,52,13:08:52,212,Tahap-0
01/09/2025,13,8,52,13:08:52,13,Tahap-0
01/09/2025,13,8,52,13:08:52,23,Tahap-0
01/09/2025,13,8,52,13:08:52,51,Tahap-0
01/09/2025,13,8,52,13:08:52,97,Tahap-0
01/09/2025,13,8,52,13:08:52,27,Tahap-0
01/09/2025,13,8,52,13:08:52,238,Tahap-0
01/09/2025,13,8,52,13:08:52,149,Tahap-0
01/09/2025,13,8,52,13:08:52,90,Tahap-0
01/09/2025,13,8,52,13:08:52,148,Tahap-0
01/09/2025,13,8,53,13:08:53,21,Tahap-0
01/09/2025,13,8,53,13:08:53,164,Tahap-0
01/09/2025,13,8,53,13:08:53,108,Tahap-0
01/09/2025,13,8,53,13:08:53,58,Tahap-0
01/09/2025,13,8,53,13:08:53,87,Tahap-0
01/09/2025,13,8,53,13:08:53,96,Tahap-0
01/09/2025,13,8,53,13:08:53,57,Tahap-0
01/09/2025,13,8,53,13:08:53,76,Tahap-0
01/09/2025,13,8,53,13:08:53,92,Tahap-0
01/09/2025,13,8,53,13:08:53,124,Tahap-0
01/09/2025,13,8,54,13:08:54,110,Tahap-0
01/09/2025,13,8,54,13:08:54,385,Tahap-0
01/09/2025,13,8,54,13:08:54,372,Tahap-0
01/09/2025,13,8,54,13:08:54,166,Tahap-0
01/09/2025,13,8,54,13:08:54,43,Tahap-0
01/09/2025,13,8,54,13:08:54,177,Tahap-0
01/09/2025,13,8,54,13:08:54,291,Tahap-0
01/09/2025,13,8,54,13:08:54,165,Tahap-0
01/09/2025,13,8,54,13:08:54,86,Tahap-0
01/09/2025,13,8,54,13:08:54,50,Tahap-0
01/09/2025,13,8,55,13:08:55,8,Tahap-0
01/09/2025,13,8,55,13:08:55,171,Tahap-0
01/09/2025,13,8,55,13:08:55,94,Tahap-0
01/09/2025,13,8,55,13:08:55,61,Tahap-0
01/09/2025,13,8,55,13:08:55,32,Tahap-0
01/09/2025,13,8,55,13:08:55,71,Tahap-0
01/09/2025,13,8,55,13:08:55,40,Tahap-0
01/09/2025,13,8,55,13:08:55,65,Tahap-0
01/09/2025,13,8,55,13:08:55,39,Tahap-0
01/09/2025,13,8,55,13:08:55,53,Tahap-0
01/09/2025,13,8,56,13:08:56,162,Tahap-0
01/09/2025,13,8,56,13:08:56,90,Tahap-0
01/09/2025,13,8,56,13:08:56,211,Tahap-0
01/09/2025,13,8,56,13:08:56,75,Tahap-0
01/09/2025,13,8,56,13:08:56,85,Tahap-0
01/09/2025,13,8,56,13:08:56,108,Tahap-0
01/09/2025,13,8,56,13:08:56,232,Tahap-0
01/09/2025,13,8,56,13:08:56,121,Tahap-0
01/09/2025,13,8,56,13:08:56,67,Tahap-0
01/09/2025,13,8,56,13:08:56,211,Tahap-0
01/09/2025,13,8,57,13:08:57,454,Tahap-0
01/09/2025,13,8,57,13:08:57,816,Tahap-0
01/09/2025,13,8,57,13:08:57,191,Tahap-0
01/09/2025,13,8,57,13:08:57,249,Tahap-0
01/09/2025,13,8,57,13:08:57,94,Tahap-0
01/09/2025,13,8,57,13:08:57,152,Tahap-0
01/09/2025,13,8,57,13:08:57,109,Tahap-0
01/09/2025,13,8,57,13:08:57,153,Tahap-0
01/09/2025,13,8,57,13:08:57,117,Tahap-0
01/09/2025,13,8,57,13:08:57,127,Tahap-0
01/09/2025,13,8,57,13:08:57,227,Tahap-0
01/09/2025,13,8,58,13:08:58,261,Tahap-0
01/09/2025,13,8,58,13:08:58,275,Tahap-0
01/09/2025,13,8,58,13:08:58,222,Tahap-0
01/09/2025,13,8,58,13:08:58,469,Tahap-0
01/09/2025,13,8,58,13:08:58,1125,Tahap-0
01/09/2025,13,8,58,13:08:58,367,Tahap-0
01/09/2025,13,8,58,13:08:58,81,Tahap-0
01/09/2025,13,8,58,13:08:58,323,Tahap-0
01/09/2025,13,8,58,13:08:58,314,Tahap-0
01/09/2025,13,8,58,13:08:58,290,Tahap-0
01/09/2025,13,8,59,13:08:59,297,Tahap-0
01/09/2025,13,8,59,13:08:59,237,Tahap-0
01/09/2025,13,8,59,13:08:59,715,Tahap-0
01/09/2025,13,8,59,13:08:59,475,Tahap-0
01/09/2025,13,8,59,13:08:59,603,Tahap-0
01/09/2025,13,8,59,13:08:59,1047,Tahap-0
01/09/2025,13,8,59,13:08:59,172,Tahap-0
01/09/2025,13,8,59,13:08:59,447,Tahap-0
01/09/2025,13,8,59,13:08:59,156,Tahap-0
01/09/2025,13,8,59,13:08:59,19,Tahap-0
01/09/2025,13,9,1,13:09:01,165,Tahap-0
01/09/2025,13,9,1,13:09:01,361,Tahap-0
01/09/2025,13,9,1,13:09:01,242,Tahap-0
01/09/2025,13,9,1,13:09:01,344,Tahap-0
01/09/2025,13,9,1,13:09:01,366,Tahap-0
01/09/2025,13,9,1,13:09:01,652,Tahap-0
01/09/2025,13,9,1,13:09:01,818,Tahap-0
01/09/2025,13,9,1,13:09:01,1530,Tahap-0
01/09/2025,13,9,1,13:09:01,1567,Tahap-0
01/09/2025,13,9,1,13:09:01,586,Tahap-0
01/09/2025,13,9,3,13:09:03,259,Tahap-0
01/09/2025,13,9,3,13:09:03,468,Tahap-0
01/09/2025,13,9,3,13:09:03,432,Tahap-0
01/09/2025,13,9,3,13:09:03,206,Tahap-0
01/09/2025,13,9,3,13:09:03,292,Tahap-0
01/09/2025,13,9,3,13:09:03,-84,Tahap-0
01/09/2025,13,9,3,13:09:03,-44,Tahap-0
01/09/2025,13,9,3,13:09:03,-36,Tahap-0
01/09/2025,13,9,3,13:09:03,-68,Tahap-0
01/09/2025,13,9,3,13:09:03,-164,Tahap-0
01/09/2025,13,9,3,13:09:03,4,Tahap-0
01/09/2025,13,9,3,13:09:03,-196,Tahap-0
01/09/2025,13,9,3,13:09:03,12,Tahap-0
01/09/2025,13,9,3,13:09:03,-172,Tahap-0
01/09/2025,13,9,3,13:09:03,68,Tahap-0
01/09/2025,13,9,3,13:09:03,-268,Tahap-0
01/09/2025,13,9,3,13:09:03,-44,Tahap-0
01/09/2025,13,9,3,13:09:03,-92,Tahap-0
01/09/2025,13,9,3,13:09:03,-64,Tahap-0
01/09/2025,13,9,3,13:09:03,-32,Tahap-0
01/09/2025,13,9,4,13:09:04,-132,Tahap-0
01/09/2025,13,9,4,13:09:04,-96,Tahap-0
01/09/2025,13,9,4,13:09:04,-116,Tahap-0
01/09/2025,13,9,4,13:09:04,-212,Tahap-0
01/09/2025,13,9,4,13:09:04,-60,Tahap-0
01/09/2025,13,9,4,13:09:04,-8,Tahap-0
01/09/2025,13,9,4,13:09:04,-248,Tahap-0
01/09/2025,13,9,4,13:09:04,-56,Tahap-0
01/09/2025,13,9,4,13:09:04,-168,Tahap-0
01/09/2025,13,9,4,13:09:04,-48,Tahap-0
01/09/2025,13,9,5,13:09:05,-212,Tahap-0
01/09/2025,13,9,5,13:09:05,8,Tahap-0
01/09/2025,13,9,5,13:09:05,-180,Tahap-0
01/09/2025,13,9,5,13:09:05,-124,Tahap-0
01/09/2025,13,9,5,13:09:05,-108,Tahap-0
01/09/2025,13,9,5,13:09:05,-64,Tahap-0
01/09/2025,13,9,5,13:09:05,-152,Tahap-0
01/09/2025,13,9,5,13:09:05,-40,Tahap-0
01/09/2025,13,9,5,13:09:05,-256,Tahap-0
01/09/2025,13,9,5,13:09:05,-92,Tahap-0
01/09/2025,13,9,6,13:09:06,-96,Tahap-0
01/09/2025,13,9,6,13:09:06,-180,Tahap-0
01/09/2025,13,9,6,13:09:06,96,Tahap-0
01/09/2025,13,9,6,13:09:06,-228,Tahap-0
01/09/2025,13,9,6,13:09:06,-92,Tahap-0
01/09/2025,13,9,6,13:09:06,-96,Tahap-0
01/09/2025,13,9,6,13:09:06,-132,Tahap-0
01/09/2025,13,9,6,13:09:06,-228,Tahap-0
01/09/2025,13,9,6,13:09:06,24,Tahap-0
01/09/2025,13,9,6,13:09:06,-200,Tahap-0
01/09/2025,13,9,7,13:09:07,-108,Tahap-0
01/09/2025,13,9,7,13:09:07,-180,Tahap-0
01/09/2025,13,9,7,13:09:07,-52,Tahap-0
01/09/2025,13,9,7,13:09:07,-108,Tahap-0
01/09/2025,13,9,7,13:09:07,-156,Tahap-0
01/09/2025,13,9,7,13:09:07,8,Tahap-0
01/09/2025,13,9,7,13:09:07,-160,Tahap-0
01/09/2025,13,9,7,13:09:07,-60,Tahap-0
01/09/2025,13,9,7,13:09:07,-112,Tahap-0
01/09/2025,13,9,7,13:09:07,-28,Tahap-0
01/09/2025,13,9,8,13:09:08,-40,Tahap-0
01/09/2025,13,9,8,13:09:08,52,Tahap-0
01/09/2025,13,9,8,13:09:08,-276,Tahap-0
01/09/2025,13,9,8,13:09:08,224,Tahap-0
01/09/2025,13,9,8,13:09:08,-192,Tahap-0
01/09/2025,13,9,8,13:09:08,56,Tahap-0
01/09/2025,13,9,8,13:09:08,-12,Tahap-0
01/09/2025,13,9,8,13:09:08,8,Tahap-0
01/09/2025,13,9,8,13:09:08,-92,Tahap-0
01/09/2025,13,9,8,13:09:08,112,Tahap-0
01/09/2025,13,9,9,13:09:09,-112,Tahap-0
01/09/2025,13,9,9,13:09:09,32,Tahap-0
01/09/2025,13,9,9,13:09:09,-16,Tahap-0
01/09/2025,13,9,9,13:09:09,-28,Tahap-0
01/09/2025,13,9,9,13:09:09,104,Tahap-0
01/09/2025,13,9,9,13:09:09,-160,Tahap-0
01/09/2025,13,9,9,13:09:09,88,Tahap-0
01/09/2025,13,9,9,13:09:09,8,Tahap-0
01/09/2025,13,9,9,13:09:09,96,Tahap-0
01/09/2025,13,9,9,13:09:09,-36,Tahap-0
01/09/2025,13,9,10,13:09:10,44,Tahap-0
01/09/2025,13,9,10,13:09:10,-44,Tahap-0
01/09/2025,13,9,10,13:09:10,104,Tahap-0
01/09/2025,13,9,10,13:09:10,-124,Tahap-0
01/09/2025,13,9,10,13:09:10,220,Tahap-0
01/09/2025,13,9,10,13:09:10,-100,Tahap-0
01/09/2025,13,9,10,13:09:10,-64,Tahap-0
01/09/2025,13,9,10,13:09:10,32,Tahap-0
01/09/2025,13,9,10,13:09:10,-20,Tahap-0
01/09/2025,13,9,10,13:09:10,76,Tahap-0
01/09/2025,13,9,11,13:09:11,72,Tahap-0
01/09/2025,13,9,11,13:09:11,-8,Tahap-0
01/09/2025,13,9,11,13:09:11,-8,Tahap-0
01/09/2025,13,9,11,13:09:11,108,Tahap-0
01/09/2025,13,9,11,13:09:11,-128,Tahap-0
01/09/2025,13,9,11,13:09:11,228,Tahap-0
01/09/2025,13,9,11,13:09:11,-108,Tahap-0
01/09/2025,13,9,11,13:09:11,56,Tahap-0
01/09/2025,13,9,11,13:09:11,68,Tahap-0
01/09/2025,13,9,11,13:09:11,72,Tahap-0
01/09/2025,13,9,12,13:09:12,-4,Tahap-0
01/09/2025,13,9,12,13:09:12,144,Tahap-0
01/09/2025,13,9,12,13:09:12,32,Tahap-0
01/09/2025,13,9,12,13:09:12,24,Tahap-0
01/09/2025,13,9,12,13:09:12,4,Tahap-0
01/09/2025,13,9,12,13:09:12,60,Tahap-0
01/09/2025,13,9,12,13:09:12,92,Tahap-0
01/09/2025,13,9,12,13:09:12,-36,Tahap-0
01/09/2025,13,9,12,13:09:12,156,Tahap-0
01/09/2025,13,9,12,13:09:12,-32,Tahap-0
01/09/2025,13,9,13,13:09:13,124,Tahap-0
01/09/2025,13,9,13,13:09:13,-8,Tahap-0
01/09/2025,13,9,13,13:09:13,132,Tahap-0
01/09/2025,13,9,13,13:09:13,-12,Tahap-0
01/09/2025,13,9,13,13:09:13,160,Tahap-0
01/09/2025,13,9,13,13:09:13,-152,Tahap-0
01/09/2025,13,9,13,13:09:13,276,Tahap-0
01/09/2025,13,9,13,13:09:13,-8,Tahap-0
01/09/2025,13,9,13,13:09:13,68,Tahap-0
01/09/2025,13,9,13,13:09:13,100,Tahap-0
01/09/2025,13,9,14,13:09:14,132,Tahap-0
01/09/2025,13,9,14,13:09:14,12,Tahap-0
01/09/2025,13,9,14,13:09:14,180,Tahap-0
01/09/2025,13,9,14,13:09:14,116,Tahap-0
01/09/2025,13,9,14,13:09:14,112,Tahap-0
01/09/2025,13,9,14,13:09:14,188,Tahap-0
01/09/2025,13,9,14,13:09:14,56,Tahap-0
01/09/2025,13,9,14,13:09:14,280,Tahap-0
01/09/2025,13,9,14,13:09:14,-20,Tahap-0
01/09/2025,13,9,14,13:09:14,220,Tahap-0
01/09/2025,13,9,15,13:09:15,124,Tahap-0
01/09/2025,13,9,15,13:09:15,240,Tahap-0
01/09/2025,13,9,15,13:09:15,76,Tahap-0
01/09/2025,13,9,15,13:09:15,176,Tahap-0
01/09/2025,13,9,39,13:09:39,1488,Tahap-0
01/09/2025,13,9,39,13:09:39,445,Tahap-0
01/09/2025,13,9,40,13:09:40,363,Tahap-0
01/09/2025,13,9,40,13:09:40,572,Tahap-0
01/09/2025,13,9,40,13:09:40,294,Tahap-0
01/09/2025,13,9,40,13:09:40,342,Tahap-0
01/09/2025,13,9,40,13:09:40,406,Tahap-0
01/09/2025,13,9,40,13:09:40,179,Tahap-0
01/09/2025,13,9,40,13:09:40,92,Tahap-0
01/09/2025,13,9,40,13:09:40,154,Tahap-0
01/09/2025,13,9,40,13:09:40,39,Tahap-0
01/09/2025,13,9,40,13:09:40,80,Tahap-0
01/09/2025,13,9,41,13:09:41,187,Tahap-0
01/09/2025,13,9,41,13:09:41,76,Tahap-0
01/09/2025,13,9,41,13:09:41,217,Tahap-0
01/09/2025,13,9,41,13:09:41,150,Tahap-0
01/09/2025,13,9,41,13:09:41,99,Tahap-0
01/09/2025,13,9,41,13:09:41,41,Tahap-0
01/09/2025,13,9,41,13:09:41,100,Tahap-0
01/09/2025,13,9,41,13:09:41,38,Tahap-0
01/09/2025,13,9,41,13:09:41,42,Tahap-0
01/09/2025,13,9,41,13:09:41,212,Tahap-0
01/09/2025,13,9,42,13:09:42,251,Tahap-0
01/09/2025,13,9,42,13:09:42,169,Tahap-0
01/09/2025,13,9,42,13:09:42,78,Tahap-0
01/09/2025,13,9,42,13:09:42,84,Tahap-0
01/09/2025,13,9,42,13:09:42,59,Tahap-0
01/09/2025,13,9,42,13:09:42,35,Tahap-0
01/09/2025,13,9,42,13:09:42,101,Tahap-0
01/09/2025,13,9,42,13:09:42,28,Tahap-0
01/09/2025,13,9,42,13:09:42,112,Tahap-0
01/09/2025,13,9,42,13:09:42,21,Tahap-0
01/09/2025,13,9,43,13:09:43,32,Tahap-0
01/09/2025,13,9,43,13:09:43,51,Tahap-0
01/09/2025,13,9,43,13:09:43,24,Tahap-0
01/09/2025,13,9,43,13:09:43,44,Tahap-0
01/09/2025,13,9,43,13:09:43,28,Tahap-0
01/09/2025,13,9,43,13:09:43,28,Tahap-0
01/09/2025,13,9,43,13:09:43,32,Tahap-0
01/09/2025,13,9,43,13:09:43,81,Tahap-0
01/09/2025,13,9,43,13:09:43,82,Tahap-0
01/09/2025,13,9,43,13:09:43,185,Tahap-0
01/09/2025,13,9,44,13:09:44,477,Tahap-0
01/09/2025,13,9,44,13:09:44,188,Tahap-0
01/09/2025,13,9,44,13:09:44,171,Tahap-0
01/09/2025,13,9,44,13:09:44,237,Tahap-0
01/09/2025,13,9,44,13:09:44,292,Tahap-0
01/09/2025,13,9,44,13:09:44,272,Tahap-0
01/09/2025,13,9,44,13:09:44,169,Tahap-0
01/09/2025,13,9,44,13:09:44,160,Tahap-0
01/09/2025,13,9,44,13:09:44,61,Tahap-0
01/09/2025,13,9,44,13:09:44,131,Tahap-0
01/09/2025,13,9,45,13:09:45,105,Tahap-0
01/09/2025,13,9,45,13:09:45,49,Tahap-0
01/09/2025,13,9,45,13:09:45,103,Tahap-0
01/09/2025,13,9,45,13:09:45,47,Tahap-0
01/09/2025,13,9,45,13:09:45,79,Tahap-0
01/09/2025,13,9,45,13:09:45,82,Tahap-0
01/09/2025,13,9,45,13:09:45,90,Tahap-0
01/09/2025,13,9,45,13:09:45,88,Tahap-0
01/09/2025,13,9,45,13:09:45,121,Tahap-0
01/09/2025,13,9,45,13:09:45,86,Tahap-0
01/09/2025,13,9,46,13:09:46,211,Tahap-0
01/09/2025,13,9,46,13:09:46,161,Tahap-0
01/09/2025,13,9,46,13:09:46,187,Tahap-0
01/09/2025,13,9,46,13:09:46,42,Tahap-0
01/09/2025,13,9,46,13:09:46,142,Tahap-0
01/09/2025,13,9,46,13:09:46,138,Tahap-0
01/09/2025,13,9,46,13:09:46,40,Tahap-0
01/09/2025,13,9,46,13:09:46,17,Tahap-0
01/09/2025,13,9,46,13:09:46,194,Tahap-0
01/09/2025,13,9,46,13:09:46,840,Tahap-0
01/09/2025,13,9,47,13:09:47,296,Tahap-0
01/09/2025,13,9,47,13:09:47,164,Tahap-0
01/09/2025,13,9,47,13:09:47,249,Tahap-0
01/09/2025,13,9,47,13:09:47,129,Tahap-0
01/09/2025,13,9,47,13:09:47,13,Tahap-0
01/09/2025,13,9,47,13:09:47,135,Tahap-0
01/09/2025,13,9,47,13:09:47,13,Tahap-0
01/09/2025,13,9,47,13:09:47,142,Tahap-0
01/09/2025,13,9,47,13:09:47,166,Tahap-0
01/09/2025,13,9,47,13:09:47,213,Tahap-0
01/09/2025,13,9,48,13:09:48,128,Tahap-0
01/09/2025,13,9,48,13:09:48,192,Tahap-0
01/09/2025,13,9,48,13:09:48,157,Tahap-0
01/09/2025,13,9,48,13:09:48,255,Tahap-0
01/09/2025,13,9,48,13:09:48,1042,Tahap-0
01/09/2025,13,9,48,13:09:48,69,Tahap-0
01/09/2025,13,9,48,13:09:48,160,Tahap-0
01/09/2025,13,9,48,13:09:48,382,Tahap-0
01/09/2025,13,9,48,13:09:48,236,Tahap-0
01/09/2025,13,9,48,13:09:48,41,Tahap-0
01/09/2025,13,9,49,13:09:49,140,Tahap-0
01/09/2025,13,9,49,13:09:49,173,Tahap-0
01/09/2025,13,9,49,13:09:49,777,Tahap-0
01/09/2025,13,9,49,13:09:49,925,Tahap-0
01/09/2025,13,9,49,13:09:49,773,Tahap-0
01/09/2025,13,9,49,13:09:49,661,Tahap-0
01/09/2025,13,9,49,13:09:49,595,Tahap-0
01/09/2025,13,9,49,13:09:49,124,Tahap-0
01/09/2025,13,9,49,13:09:49,255,Tahap-0
01/09/2025,13,9,49,13:09:49,124,Tahap-0
01/09/2025,13,9,50,13:09:50,182,Tahap-0
01/09/2025,13,9,50,13:09:50,94,Tahap-0
01/09/2025,13,9,50,13:09:50,216,Tahap-0
01/09/2025,13,9,50,13:09:50,240,Tahap-0
01/09/2025,13,9,50,13:09:50,197,Tahap-0
01/09/2025,13,9,50,13:09:50,96,Tahap-0
01/09/2025,13,9,50,13:09:50,259,Tahap-0
01/09/2025,13,9,50,13:09:50,419,Tahap-0
01/09/2025,13,9,50,13:09:50,529,Tahap-0
01/09/2025,13,9,50,13:09:50,129,Tahap-0
01/09/2025,13,9,51,13:09:51,207,Tahap-0
01/09/2025,13,9,51,13:09:51,272,Tahap-0
01/09/2025,13,9,51,13:09:51,264,Tahap-0
01/09/2025,13,9,51,13:09:51,175,Tahap-0
01/09/2025,13,9,51,13:09:51,232,Tahap-0
01/09/2025,13,9,51,13:09:51,393,Tahap-0
01/09/2025,13,9,51,13:09:51,1249,Tahap-0
01/09/2025,13,9,51,13:09:51,1248,Tahap-0
01/09/2025,13,9,51,13:09:51,201,Tahap-0
01/09/2025,13,9,51,13:09:51,1484,Tahap-0
01/09/2025,13,9,52,13:09:52,453,Tahap-0
01/09/2025,13,9,52,13:09:52,172,Tahap-0
01/09/2025,13,9,52,13:09:52,86,Tahap-0
01/09/2025,13,9,52,13:09:52,474,Tahap-0
01/09/2025,13,9,52,13:09:52,215,Tahap-0
01/09/2025,13,9,52,13:09:52,80,Tahap-0
01/09/2025,13,9,52,13:09:52,32,Tahap-0
01/09/2025,13,9,52,13:09:52,-64,Tahap-0
01/09/2025,13,9,52,13:09:52,224,Tahap-0
01/09/2025,13,9,52,13:09:52,-168,Tahap-0
01/09/2025,13,9,53,13:09:53,184,Tahap-0
01/09/2025,13,9,53,13:09:53,-80,Tahap-0
01/09/2025,13,9,53,13:09:53,-112,Tahap-0
01/09/2025,13,9,53,13:09:53,336,Tahap-0
01/09/2025,13,9,53,13:09:53,-312,Tahap-0
01/09/2025,13,9,53,13:09:53,280,Tahap-0
01/09/2025,13,9,53,13:09:53,72,Tahap-0
01/09/2025,13,9,53,13:09:53,320,Tahap-0
01/09/2025,13,9,53,13:09:53,-168,Tahap-0
01/09/2025,13,9,53,13:09:53,328,Tahap-0
01/09/2025,13,9,54,13:09:54,-48,Tahap-0
01/09/2025,13,9,54,13:09:54,272,Tahap-0
01/09/2025,13,9,54,13:09:54,-104,Tahap-0
01/09/2025,13,9,54,13:09:54,296,Tahap-0
01/09/2025,13,9,54,13:09:54,8,Tahap-0
01/09/2025,13,9,54,13:09:54,-88,Tahap-0
01/09/2025,13,9,54,13:09:54,216,Tahap-0
01/09/2025,13,9,54,13:09:54,56,Tahap-0
01/09/2025,13,9,54,13:09:54,200,Tahap-0
01/09/2025,13,9,54,13:09:54,136,Tahap-0
01/09/2025,13,9,55,13:09:55,32,Tahap-0
01/09/2025,13,9,55,13:09:55,-8,Tahap-0
01/09/2025,13,9,55,13:09:55,208,Tahap-0
01/09/2025,13,9,55,13:09:55,-192,Tahap-0
01/09/2025,13,9,55,13:09:55,488,Tahap-0
01/09/2025,13,9,55,13:09:55,-152,Tahap-0
01/09/2025,13,9,55,13:09:55,-32,Tahap-0
01/09/2025,13,9,55,13:09:55,136,Tahap-0
01/09/2025,13,9,55,13:09:55,200,Tahap-0
01/09/2025,13,9,55,13:09:55,32,Tahap-0
01/09/2025,13,9,56,13:09:56,376,Tahap-0
01/09/2025,13,9,56,13:09:56,56,Tahap-0
01/09/2025,13,9,56,13:09:56,-64,Tahap-0
01/09/2025,13,9,56,13:09:56,96,Tahap-0
01/09/2025,13,9,56,13:09:56,-48,Tahap-0
01/09/2025,13,9,56,13:09:56,352,Tahap-0
01/09/2025,13,9,56,13:09:56,-144,Tahap-0
01/09/2025,13,9,56,13:09:56,112,Tahap-0
01/09/2025,13,9,56,13:09:56,24,Tahap-0
01/09/2025,13,9,56,13:09:56,192,Tahap-0
01/09/2025,13,9,57,13:09:57,-48,Tahap-0
01/09/2025,13,9,57,13:09:57,136,Tahap-0
01/09/2025,13,9,57,13:09:57,56,Tahap-0
01/09/2025,13,9,57,13:09:57,64,Tahap-0
01/09/2025,13,9,57,13:09:57,-40,Tahap-0
01/09/2025,13,9,57,13:09:57,264,Tahap-0
01/09/2025,13,9,57,13:09:57,-216,Tahap-0
01/09/2025,13,9,57,13:09:57,296,Tahap-0
01/09/2025,13,9,57,13:09:57,64,Tahap-0
01/09/2025,13,9,57,13:09:57,32,Tahap-0
01/09/2025,13,9,58,13:09:58,112,Tahap-0
01/09/2025,13,9,58,13:09:58,184,Tahap-0
01/09/2025,13,9,58,13:09:58,-72,Tahap-0
01/09/2025,13,9,58,13:09:58,152,Tahap-0
01/09/2025,13,9,58,13:09:58,104,Tahap-0
01/09/2025,13,9,58,13:09:58,40,Tahap-0
01/09/2025,13,9,58,13:09:58,136,Tahap-0
01/09/2025,13,9,58,13:09:58,80,Tahap-0
01/09/2025,13,9,58,13:09:58,-88,Tahap-0
01/09/2025,13,9,58,13:09:58,248,Tahap-0
01/09/2025,13,9,59,13:09:59,248,Tahap-0
01/09/2025,13,9,59,13:09:59,-40,Tahap-0
01/09/2025,13,9,59,13:09:59,72,Tahap-0
01/09/2025,13,9,59,13:09:59,216,Tahap-0
01/09/2025,13,9,59,13:09:59,-184,Tahap-0
01/09/2025,13,9,59,13:09:59,408,Tahap-0
01/09/2025,13,9,59,13:09:59,-184,Tahap-0
01/09/2025,13,9,59,13:09:59,288,Tahap-0
01/09/2025,13,9,59,13:09:59,-16,Tahap-0
01/09/2025,13,9,59,13:09:59,-48,Tahap-0
01/09/2025,13,10,1,13:10:01,8,Tahap-0
01/09/2025,13,10,1,13:10:01,136,Tahap-0
01/09/2025,13,10,1,13:10:01,104,Tahap-0
01/09/2025,13,10,1,13:10:01,104,Tahap-0
01/09/2025,13,10,1,13:10:01,256,Tahap-0
01/09/2025,13,10,1,13:10:01,-160,Tahap-0
01/09/2025,13,10,1,13:10:01,184,Tahap-0
01/09/2025,13,10,1,13:10:01,-88,Tahap-0
01/09/2025,13,10,1,13:10:01,144,Tahap-0
01/09/2025,13,10,1,13:10:01,368,Tahap-0
01/09/2025,13,10,2,13:10:02,-136,Tahap-0
01/09/2025,13,10,3,13:10:03,208,Tahap-0
01/09/2025,13,10,3,13:10:03,80,Tahap-0
01/09/2025,13,10,3,13:10:03,112,Tahap-0
01/09/2025,13,10,3,13:10:03,-48,Tahap-0
01/09/2025,13,10,3,13:10:03,320,Tahap-0
01/09/2025,13,10,3,13:10:03,-184,Tahap-0
01/09/2025,13,10,3,13:10:03,160,Tahap-0
01/09/2025,13,10,3,13:10:03,-248,Tahap-0
01/09/2025,13,10,3,13:10:03,176,Tahap-0
01/09/2025,13,10,3,13:10:03,-120,Tahap-0
01/09/2025,13,10,3,13:10:03,-48,Tahap-0
01/09/2025,13,10,3,13:10:03,24,Tahap-0
01/09/2025,13,10,3,13:10:03,-128,Tahap-0
01/09/2025,13,10,3,13:10:03,-72,Tahap-0
01/09/2025,13,10,3,13:10:03,-136,Tahap-0
01/09/2025,13,10,3,13:10:03,-112,Tahap-0
01/09/2025,13,10,3,13:10:03,-48,Tahap-0
01/09/2025,13,10,3,13:10:03,-144,Tahap-0
01/09/2025,13,10,3,13:10:03,-256,Tahap-0
01/09/2025,13,10,4,13:10:04,280,Tahap-0
01/09/2025,13,10,4,13:10:04,-432,Tahap-0
01/09/2025,13,10,4,13:10:04,104,Tahap-0
01/09/2025,13,10,4,13:10:04,-72,Tahap-0
01/09/2025,13,10,4,13:10:04,16,Tahap-0
01/09/2025,13,10,4,13:10:04,-208,Tahap-0
01/09/2025,13,10,4,13:10:04,208,Tahap-0
01/09/2025,13,10,4,13:10:04,-408,Tahap-0
01/09/2025,13,10,4,13:10:04,112,Tahap-0
01/09/2025,13,10,4,13:10:04,-256,Tahap-0
01/09/2025,13,10,5,13:10:05,-24,Tahap-0
01/09/2025,13,10,5,13:10:05,-288,Tahap-0
01/09/2025,13,10,5,13:10:05,40,Tahap-0
01/09/2025,13,10,29,13:10:29,3542,Tahap-0
01/09/2025,13,10,29,13:10:29,576,Tahap-0
01/09/2025,13,10,29,13:10:29,998,Tahap-0
01/09/2025,13,10,30,13:10:30,76,Tahap-0
01/09/2025,13,10,30,13:10:30,527,Tahap-0
01/09/2025,13,10,30,13:10:30,79,Tahap-0
01/09/2025,13,10,30,13:10:30,454,Tahap-0
01/09/2025,13,10,30,13:10:30,78,Tahap-0
01/09/2025,13,10,30,13:10:30,232,Tahap-0
01/09/2025,13,10,30,13:10:30,256,Tahap-0
01/09/2025,13,10,30,13:10:30,85,Tahap-0
01/09/2025,13,10,30,13:10:30,90,Tahap-0
01/09/2025,13,10,30,13:10:30,195,Tahap-0
01/09/2025,13,10,31,13:10:31,175,Tahap-0
01/09/2025,13,10,31,13:10:31,142,Tahap-0
01/09/2025,13,10,31,13:10:31,222,Tahap-0
01/09/2025,13,10,31,13:10:31,58,Tahap-0
01/09/2025,13,10,31,13:10:31,182,Tahap-0
01/09/2025,13,10,31,13:10:31,76,Tahap-0
01/09/2025,13,10,31,13:10:31,66,Tahap-0
01/09/2025,13,10,31,13:10:31,65,Tahap-0
01/09/2025,13,10,31,13:10:31,155,Tahap-0
01/09/2025,13,10,31,13:10:31,68,Tahap-0
01/09/2025,13,10,33,13:10:33,322,Tahap-0
01/09/2025,13,10,33,13:10:33,156,Tahap-0
01/09/2025,13,10,33,13:10:33,150,Tahap-0
01/09/2025,13,10,33,13:10:33,178,Tahap-0
01/09/2025,13,10,33,13:10:33,146,Tahap-0
01/09/2025,13,10,33,13:10:33,272,Tahap-0
01/09/2025,13,10,33,13:10:33,133,Tahap-0
01/09/2025,13,10,33,13:10:33,237,Tahap-0
01/09/2025,13,10,33,13:10:33,321,Tahap-0
01/09/2025,13,10,33,13:10:33,75,Tahap-0
01/09/2025,13,10,33,13:10:33,82,Tahap-0
01/09/2025,13,10,33,13:10:33,84,Tahap-0
01/09/2025,13,10,33,13:10:33,147,Tahap-0
01/09/2025,13,10,33,13:10:33,60,Tahap-0
01/09/2025,13,10,33,13:10:33,150,Tahap-0
01/09/2025,13,10,33,13:10:33,87,Tahap-0
01/09/2025,13,10,33,13:10:33,144,Tahap-0
01/09/2025,13,10,33,13:10:33,66,Tahap-0
01/09/2025,13,10,33,13:10:33,182,Tahap-0
01/09/2025,13,10,33,13:10:33,436,Tahap-0
01/09/2025,13,10,34,13:10:34,302,Tahap-0
01/09/2025,13,10,34,13:10:34,139,Tahap-0
01/09/2025,13,10,34,13:10:34,202,Tahap-0
01/09/2025,13,10,34,13:10:34,212,Tahap-0
01/09/2025,13,10,34,13:10:34,225,Tahap-0
01/09/2025,13,10,34,13:10:34,360,Tahap-0
01/09/2025,13,10,34,13:10:34,241,Tahap-0
01/09/2025,13,10,34,13:10:34,93,Tahap-0
01/09/2025,13,10,34,13:10:34,162,Tahap-0
01/09/2025,13,10,34,13:10:34,225,Tahap-0
01/09/2025,13,10,35,13:10:35,108,Tahap-0
01/09/2025,13,10,35,13:10:35,141,Tahap-0
01/09/2025,13,10,35,13:10:35,132,Tahap-0
01/09/2025,13,10,35,13:10:35,63,Tahap-0
01/09/2025,13,10,35,13:10:35,187,Tahap-0
01/09/2025,13,10,35,13:10:35,176,Tahap-0
01/09/2025,13,10,35,13:10:35,239,Tahap-0
01/09/2025,13,10,35,13:10:35,168,Tahap-0
01/09/2025,13,10,35,13:10:35,119,Tahap-0
01/09/2025,13,10,35,13:10:35,113,Tahap-0
01/09/2025,13,10,36,13:10:36,328,Tahap-0
01/09/2025,13,10,36,13:10:36,376,Tahap-0
01/09/2025,13,10,36,13:10:36,81,Tahap-0
01/09/2025,13,10,36,13:10:36,57,Tahap-0
01/09/2025,13,10,36,13:10:36,193,Tahap-0
01/09/2025,13,10,36,13:10:36,289,Tahap-0
01/09/2025,13,10,36,13:10:36,216,Tahap-0
01/09/2025,13,10,36,13:10:36,288,Tahap-0
01/09/2025,13,10,36,13:10:36,533,Tahap-0
01/09/2025,13,10,36,13:10:36,327,Tahap-0
01/09/2025,13,10,37,13:10:37,479,Tahap-0
01/09/2025,13,10,37,13:10:37,541,Tahap-0
01/09/2025,13,10,37,13:10:37,81,Tahap-0
01/09/2025,13,10,37,13:10:37,135,Tahap-0
01/09/2025,13,10,37,13:10:37,324,Tahap-0
01/09/2025,13,10,37,13:10:37,183,Tahap-0
01/09/2025,13,10,37,13:10:37,123,Tahap-0
01/09/2025,13,10,37,13:10:37,261,Tahap-0
01/09/2025,13,10,37,13:10:37,122,Tahap-0
01/09/2025,13,10,37,13:10:37,122,Tahap-0
01/09/2025,13,10,38,13:10:38,311,Tahap-0
01/09/2025,13,10,38,13:10:38,322,Tahap-0
01/09/2025,13,10,38,13:10:38,533,Tahap-0
01/09/2025,13,10,38,13:10:38,451,Tahap-0
01/09/2025,13,10,38,13:10:38,262,Tahap-0
01/09/2025,13,10,38,13:10:38,443,Tahap-0
01/09/2025,13,10,38,13:10:38,279,Tahap-0
01/09/2025,13,10,38,13:10:38,136,Tahap-0
01/09/2025,13,10,38,13:10:38,198,Tahap-0
01/09/2025,13,10,38,13:10:38,207,Tahap-0
01/09/2025,13,10,39,13:10:39,203,Tahap-0
01/09/2025,13,10,39,13:10:39,607,Tahap-0
01/09/2025,13,10,39,13:10:39,343,Tahap-0
01/09/2025,13,10,39,13:10:39,939,Tahap-0
01/09/2025,13,10,39,13:10:39,599,Tahap-0
01/09/2025,13,10,39,13:10:39,959,Tahap-0
01/09/2025,13,10,39,13:10:39,163,Tahap-0
01/09/2025,13,10,39,13:10:39,227,Tahap-0
01/09/2025,13,10,39,13:10:39,305,Tahap-0
01/09/2025,13,10,39,13:10:39,219,Tahap-0
01/09/2025,13,10,40,13:10:40,40,Tahap-0
01/09/2025,13,10,40,13:10:40,180,Tahap-0
01/09/2025,13,10,40,13:10:40,331,Tahap-0
01/09/2025,13,10,40,13:10:40,59,Tahap-0
01/09/2025,13,10,40,13:10:40,373,Tahap-0
01/09/2025,13,10,40,13:10:40,229,Tahap-0
01/09/2025,13,10,40,13:10:40,302,Tahap-0
01/09/2025,13,10,40,13:10:40,328,Tahap-0
01/09/2025,13,10,40,13:10:40,207,Tahap-0
01/09/2025,13,10,40,13:10:40,222,Tahap-0
01/09/2025,13,10,41,13:10:41,186,Tahap-0
01/09/2025,13,10,41,13:10:41,145,Tahap-0
01/09/2025,13,10,41,13:10:41,243,Tahap-0
01/09/2025,13,10,41,13:10:41,116,Tahap-0
01/09/2025,13,10,41,13:10:41,267,Tahap-0
01/09/2025,13,10,41,13:10:41,923,Tahap-0
01/09/2025,13,10,41,13:10:41,689,Tahap-0
01/09/2025,13,10,41,13:10:41,957,Tahap-0
01/09/2025,13,10,41,13:10:41,1217,Tahap-0
01/09/2025,13,10,41,13:10:41,1155,Tahap-0
01/09/2025,13,10,42,13:10:42,439,Tahap-0
01/09/2025,13,10,42,13:10:42,436,Tahap-0
01/09/2025,13,10,42,13:10:42,323,Tahap-0
01/09/2025,13,10,42,13:10:42,204,Tahap-0
01/09/2025,13,10,42,13:10:42,-220,Tahap-0
01/09/2025,13,10,42,13:10:42,-76,Tahap-0
01/09/2025,13,10,42,13:10:42,-188,Tahap-0
01/09/2025,13,10,42,13:10:42,-152,Tahap-0
01/09/2025,13,10,42,13:10:42,-228,Tahap-0
01/09/2025,13,10,42,13:10:42,-24,Tahap-0
01/09/2025,13,10,43,13:10:43,-284,Tahap-0
01/09/2025,13,10,43,13:10:43,-136,Tahap-0
01/09/2025,13,10,43,13:10:43,-160,Tahap-0
01/09/2025,13,10,43,13:10:43,-136,Tahap-0
01/09/2025,13,10,43,13:10:43,-220,Tahap-0
01/09/2025,13,10,43,13:10:43,-64,Tahap-0
01/09/2025,13,10,43,13:10:43,-284,Tahap-0
01/09/2025,13,10,43,13:10:43,-72,Tahap-0
01/09/2025,13,10,43,13:10:43,-208,Tahap-0
01/09/2025,13,10,43,13:10:43,-112,Tahap-0
01/09/2025,13,10,44,13:10:44,-16,Tahap-0
01/09/2025,13,10,44,13:10:44,-244,Tahap-0
01/09/2025,13,10,44,13:10:44,-84,Tahap-0
01/09/2025,13,10,44,13:10:44,-120,Tahap-0
01/09/2025,13,10,44,13:10:44,-84,Tahap-0
01/09/2025,13,10,44,13:10:44,-180,Tahap-0
01/09/2025,13,10,44,13:10:44,24,Tahap-0
01/09/2025,13,10,44,13:10:44,-172,Tahap-0
01/09/2025,13,10,44,13:10:44,-40,Tahap-0
01/09/2025,13,10,44,13:10:44,-188,Tahap-0
01/09/2025,13,10,45,13:10:45,24,Tahap-0
01/09/2025,13,10,45,13:10:45,-168,Tahap-0
01/09/2025,13,10,45,13:10:45,-96,Tahap-0
01/09/2025,13,10,45,13:10:45,-148,Tahap-0
01/09/2025,13,10,45,13:10:45,-76,Tahap-0
01/09/2025,13,10,45,13:10:45,-132,Tahap-0
01/09/2025,13,10,45,13:10:45,-68,Tahap-0
01/09/2025,13,10,45,13:10:45,-48,Tahap-0
01/09/2025,13,10,45,13:10:45,-116,Tahap-0
01/09/2025,13,10,45,13:10:45,-72,Tahap-0
01/09/2025,13,10,46,13:10:46,-208,Tahap-0
01/09/2025,13,10,46,13:10:46,96,Tahap-0
01/09/2025,13,10,46,13:10:46,-348,Tahap-0
01/09/2025,13,10,46,13:10:46,32,Tahap-0
01/09/2025,13,10,46,13:10:46,-80,Tahap-0
01/09/2025,13,10,46,13:10:46,-76,Tahap-0
01/09/2025,13,10,46,13:10:46,-88,Tahap-0
01/09/2025,13,10,46,13:10:46,36,Tahap-0
01/09/2025,13,10,46,13:10:46,-156,Tahap-0
01/09/2025,13,10,46,13:10:46,36,Tahap-0
01/09/2025,13,10,47,13:10:47,-192,Tahap-0
01/09/2025,13,10,47,13:10:47,136,Tahap-0
01/09/2025,13,10,47,13:10:47,-232,Tahap-0
01/09/2025,13,10,47,13:10:47,-4,Tahap-0
01/09/2025,13,10,47,13:10:47,-20,Tahap-0
01/09/2025,13,10,47,13:10:47,24,Tahap-0
01/09/2025,13,10,47,13:10:47,-40,Tahap-0
01/09/2025,13,10,47,13:10:47,-80,Tahap-0
01/09/2025,13,10,47,13:10:47,-4,Tahap-0
01/09/2025,13,10,47,13:10:47,-100,Tahap-0
01/09/2025,13,10,48,13:10:48,-44,Tahap-0
01/09/2025,13,10,48,13:10:48,12,Tahap-0
01/09/2025,13,10,48,13:10:48,4,Tahap-0
01/09/2025,13,10,48,13:10:48,-208,Tahap-0
01/09/2025,13,10,48,13:10:48,4,Tahap-0
01/09/2025,13,10,48,13:10:48,-228,Tahap-0
01/09/2025,13,10,48,13:10:48,40,Tahap-0
01/09/2025,13,10,48,13:10:48,-32,Tahap-0
01/09/2025,13,10,48,13:10:48,-148,Tahap-0
01/09/2025,13,10,48,13:10:48,-88,Tahap-0
01/09/2025,13,10,49,13:10:49,-72,Tahap-0
01/09/2025,13,10,49,13:10:49,-120,Tahap-0
01/09/2025,13,10,49,13:10:49,-172,Tahap-0
01/09/2025,13,10,49,13:10:49,36,Tahap-0
01/09/2025,13,10,49,13:10:49,-120,Tahap-0
01/09/2025,13,10,49,13:10:49,-92,Tahap-0
01/09/2025,13,10,49,13:10:49,-12,Tahap-0
01/09/2025,13,10,49,13:10:49,24,Tahap-0
01/09/2025,13,10,49,13:10:49,-108,Tahap-0
01/09/2025,13,10,50,13:10:50,-52,Tahap-0
01/09/2025,13,10,50,13:10:50,-48,Tahap-0
01/09/2025,13,10,50,13:10:50,-24,Tahap-0
01/09/2025,13,10,50,13:10:50,-84,Tahap-0
01/09/2025,13,10,50,13:10:50,-36,Tahap-0
01/09/2025,13,10,50,13:10:50,84,Tahap-0
01/09/2025,13,10,50,13:10:50,-140,Tahap-0
01/09/2025,13,10,50,13:10:50,92,Tahap-0
01/09/2025,13,10,50,13:10:50,-20,Tahap-0
01/09/2025,13,10,50,13:10:50,-8,Tahap-0
01/09/2025,13,10,51,13:10:51,24,Tahap-0
01/09/2025,13,10,51,13:10:51,32,Tahap-0
01/09/2025,13,10,51,13:10:51,-68,Tahap-0
01/09/2025,13,10,51,13:10:51,68,Tahap-0
01/09/2025,13,10,51,13:10:51,-88,Tahap-0
01/09/2025,13,10,51,13:10:51,164,Tahap-0
01/09/2025,13,10,51,13:10:51,-52,Tahap-0
01/09/2025,13,10,51,13:10:51,52,Tahap-0
01/09/2025,13,10,51,13:10:51,116,Tahap-0
01/09/2025,13,10,51,13:10:51,40,Tahap-0
01/09/2025,13,10,52,13:10:52,60,Tahap-0
01/09/2025,13,10,52,13:10:52,144,Tahap-0
01/09/2025,13,10,52,13:10:52,20,Tahap-0
01/09/2025,13,10,52,13:10:52,68,Tahap-0
01/09/2025,13,10,52,13:10:52,44,Tahap-0
01/09/2025,13,10,52,13:10:52,28,Tahap-0
01/09/2025,13,10,52,13:10:52,176,Tahap-0
01/09/2025,13,10,52,13:10:52,-12,Tahap-0
01/09/2025,13,10,52,13:10:52,152,Tahap-0
01/09/2025,13,10,52,13:10:52,52,Tahap-0
01/09/2025,13,10,53,13:10:53,80,Tahap-0
01/09/2025,13,10,53,13:10:53,168,Tahap-0
01/09/2025,13,10,53,13:10:53,16,Tahap-0
01/09/2025,13,10,53,13:10:53,108,Tahap-0
01/09/2025,13,10,53,13:10:53,-16,Tahap-0
01/09/2025,13,10,53,13:10:53,256,Tahap-0
01/09/2025,13,10,53,13:10:53,-40,Tahap-0
01/09/2025,13,10,53,13:10:53,124,Tahap-0
01/09/2025,13,10,53,13:10:53,80,Tahap-0
01/09/2025,13,10,54,13:10:54,76,Tahap-0
01/09/2025,13,10,54,13:10:54,72,Tahap-0
01/09/2025,13,10,54,13:10:54,92,Tahap-0
01/09/2025,13,10,54,13:10:54,24,Tahap-0
01/09/2025,13,10,54,13:10:54,172,Tahap-0
01/09/2025,13,10,54,13:10:54,12,Tahap-0
01/09/2025,13,10,54,13:10:54,132,Tahap-0
01/09/2025,13,10,54,13:10:54,128,Tahap-0
01/09/2025,13,10,54,13:10:54,-36,Tahap-0
01/09/2025,13,10,54,13:10:54,212,Tahap-0
01/09/2025,13,10,55,13:10:55,120,Tahap-0
01/09/2025,13,10,55,13:10:55,48,Tahap-0
01/09/2025,13,10,55,13:10:55,104,Tahap-0
01/09/2025,13,11,19,13:11:19,7864,Tahap-0
01/09/2025,13,11,19,13:11:19,4861,Tahap-0
01/09/2025,13,11,19,13:11:19,3290,Tahap-0
01/09/2025,13,11,20,13:11:20,2522,Tahap-0
01/09/2025,13,11,20,13:11:20,2173,Tahap-0
01/09/2025,13,11,20,13:11:20,1872,Tahap-0
01/09/2025,13,11,20,13:11:20,1276,Tahap-0
01/09/2025,13,11,20,13:11:20,1087,Tahap-0
01/09/2025,13,11,20,13:11:20,1245,Tahap-0
01/09/2025,13,11,20,13:11:20,815,Tahap-0
01/09/2025,13,11,20,13:11:20,802,Tahap-0
01/09/2025,13,11,20,13:11:20,859,Tahap-0
01/09/2025,13,11,20,13:11:20,684,Tahap-0
01/09/2025,13,11,21,13:11:21,638,Tahap-0
01/09/2025,13,11,21,13:11:21,522,Tahap-0
01/09/2025,13,11,21,13:11:21,562,Tahap-0
01/09/2025,13,11,21,13:11:21,417,Tahap-0
01/09/2025,13,11,21,13:11:21,468,Tahap-0
01/09/2025,13,11,21,13:11:21,479,Tahap-0
01/09/2025,13,11,21,13:11:21,484,Tahap-0
01/09/2025,13,11,21,13:11:21,301,Tahap-0
01/09/2025,13,11,21,13:11:21,459,Tahap-0
01/09/2025,13,11,21,13:11:21,360,Tahap-0
01/09/2025,13,11,22,13:11:22,339,Tahap-0
01/09/2025,13,11,22,13:11:22,329,Tahap-0
01/09/2025,13,11,22,13:11:22,318,Tahap-0
01/09/2025,13,11,22,13:11:22,306,Tahap-0
01/09/2025,13,11,22,13:11:22,348,Tahap-0
01/09/2025,13,11,22,13:11:22,431,Tahap-0
01/09/2025,13,11,22,13:11:22,145,Tahap-0
01/09/2025,13,11,22,13:11:22,255,Tahap-0
01/09/2025,13,11,22,13:11:22,235,Tahap-0
01/09/2025,13,11,22,13:11:22,375,Tahap-0
01/09/2025,13,11,23,13:11:23,263,Tahap-0
01/09/2025,13,11,23,13:11:23,166,Tahap-0
01/09/2025,13,11,23,13:11:23,229,Tahap-0
01/09/2025,13,11,23,13:11:23,252,Tahap-0
01/09/2025,13,11,23,13:11:23,251,Tahap-0
01/09/2025,13,11,23,13:11:23,311,Tahap-0
01/09/2025,13,11,23,13:11:23,293,Tahap-0
01/09/2025,13,11,23,13:11:23,239,Tahap-0
01/09/2025,13,11,23,13:11:23,133,Tahap-0
01/09/2025,13,11,23,13:11:23,398,Tahap-0
01/09/2025,13,11,24,13:11:24,668,Tahap-0
01/09/2025,13,11,24,13:11:24,369,Tahap-0
01/09/2025,13,11,24,13:11:24,115,Tahap-0
01/09/2025,13,11,24,13:11:24,238,Tahap-0
01/09/2025,13,11,24,13:11:24,488,Tahap-0
01/09/2025,13,11,24,13:11:24,187,Tahap-0
01/09/2025,13,11,24,13:11:24,13,Tahap-0
01/09/2025,13,11,24,13:11:24,18,Tahap-0
01/09/2025,13,11,24,13:11:24,120,Tahap-0
01/09/2025,13,11,24,13:11:24,51,Tahap-0
01/09/2025,13,11,24,13:11:24,145,Tahap-0
01/09/2025,13,11,25,13:11:25,36,Tahap-0
01/09/2025,13,11,25,13:11:25,145,Tahap-0
01/09/2025,13,11,25,13:11:25,149,Tahap-0
01/09/2025,13,11,25,13:11:25,163,Tahap-0
01/09/2025,13,11,25,13:11:25,24,Tahap-0
01/09/2025,13,11,25,13:11:25,107,Tahap-0
01/09/2025,13,11,25,13:11:25,87,Tahap-0
01/09/2025,13,11,25,13:11:25,45,Tahap-0
01/09/2025,13,11,25,13:11:25,41,Tahap-0
01/09/2025,13,11,26,13:11:26,51,Tahap-0
01/09/2025,13,11,26,13:11:26,145,Tahap-0
01/09/2025,13,11,26,13:11:26,159,Tahap-0
01/09/2025,13,11,26,13:11:26,158,Tahap-0
01/09/2025,13,11,26,13:11:26,170,Tahap-0
01/09/2025,13,11,26,13:11:26,227,Tahap-0
01/09/2025,13,11,26,13:11:26,202,Tahap-0
01/09/2025,13,11,26,13:11:26,98,Tahap-0
01/09/2025,13,11,26,13:11:26,134,Tahap-0
01/09/2025,13,11,26,13:11:26,809,Tahap-0
01/09/2025,13,11,26,13:11:26,353,Tahap-0
01/09/2025,13,11,27,13:11:27,224,Tahap-0
01/09/2025,13,11,27,13:11:27,301,Tahap-0
01/09/2025,13,11,27,13:11:27,289,Tahap-0
01/09/2025,13,11,27,13:11:27,137,Tahap-0
01/09/2025,13,11,27,13:11:27,118,Tahap-0
01/09/2025,13,11,27,13:11:27,144,Tahap-0
01/09/2025,13,11,27,13:11:27,153,Tahap-0
01/09/2025,13,11,27,13:11:27,10,Tahap-0
01/09/2025,13,11,27,13:11:27,425,Tahap-0
01/09/2025,13,11,27,13:11:27,317,Tahap-0
01/09/2025,13,11,28,13:11:28,292,Tahap-0
01/09/2025,13,11,28,13:11:28,362,Tahap-0
01/09/2025,13,11,28,13:11:28,694,Tahap-0
01/09/2025,13,11,28,13:11:28,463,Tahap-0
01/09/2025,13,11,28,13:11:28,478,Tahap-0
01/09/2025,13,11,28,13:11:28,401,Tahap-0
01/09/2025,13,11,28,13:11:28,230,Tahap-0
01/09/2025,13,11,28,13:11:28,144,Tahap-0
01/09/2025,13,11,28,13:11:28,119,Tahap-0
01/09/2025,13,11,28,13:11:28,112,Tahap-0
01/09/2025,13,11,29,13:11:29,369,Tahap-0
01/09/2025,13,11,29,13:11:29,453,Tahap-0
01/09/2025,13,11,29,13:11:29,1337,Tahap-0
01/09/2025,13,11,29,13:11:29,1100,Tahap-0
01/09/2025,13,11,29,13:11:29,325,Tahap-0
01/09/2025,13,11,29,13:11:29,121,Tahap-0
01/09/2025,13,11,29,13:11:29,164,Tahap-0
01/09/2025,13,11,29,13:11:29,66,Tahap-0
01/09/2025,13,11,29,13:11:29,243,Tahap-0
01/09/2025,13,11,29,13:11:29,316,Tahap-0
01/09/2025,13,11,30,13:11:30,275,Tahap-0
01/09/2025,13,11,30,13:11:30,133,Tahap-0
01/09/2025,13,11,30,13:11:30,201,Tahap-0
01/09/2025,13,11,30,13:11:30,48,Tahap-0
01/09/2025,13,11,30,13:11:30,116,Tahap-0
01/09/2025,13,11,30,13:11:30,183,Tahap-0
01/09/2025,13,11,30,13:11:30,265,Tahap-0
01/09/2025,13,11,30,13:11:30,114,Tahap-0
01/09/2025,13,11,30,13:11:30,111,Tahap-0
01/09/2025,13,11,30,13:11:30,160,Tahap-0
01/09/2025,13,11,31,13:11:31,80,Tahap-0
01/09/2025,13,11,31,13:11:31,205,Tahap-0
01/09/2025,13,11,31,13:11:31,266,Tahap-0
01/09/2025,13,11,31,13:11:31,636,Tahap-0
01/09/2025,13,11,31,13:11:31,496,Tahap-0
01/09/2025,13,11,31,13:11:31,895,Tahap-0
01/09/2025,13,11,31,13:11:31,373,Tahap-0
01/09/2025,13,11,31,13:11:31,1957,Tahap-0
01/09/2025,13,11,31,13:11:31,267,Tahap-0
01/09/2025,13,11,31,13:11:31,483,Tahap-0
01/09/2025,13,11,33,13:11:33,383,Tahap-0
01/09/2025,13,11,33,13:11:33,323,Tahap-0
01/09/2025,13,11,33,13:11:33,510,Tahap-0
01/09/2025,13,11,33,13:11:33,-66,Tahap-0
01/09/2025,13,11,33,13:11:33,-14,Tahap-0
01/09/2025,13,11,33,13:11:33,-50,Tahap-0
01/09/2025,13,11,33,13:11:33,-46,Tahap-0
01/09/2025,13,11,33,13:11:33,-12,Tahap-0
01/09/2025,13,11,33,13:11:33,-50,Tahap-0
01/09/2025,13,11,33,13:11:33,-68,Tahap-0
01/09/2025,13,11,33,13:11:33,-48,Tahap-0
01/09/2025,13,11,33,13:11:33,-62,Tahap-0
01/09/2025,13,11,33,13:11:33,-16,Tahap-0
01/09/2025,13,11,33,13:11:33,-104,Tahap-0
01/09/2025,13,11,33,13:11:33,-26,Tahap-0
01/09/2025,13,11,33,13:11:33,-84,Tahap-0
01/09/2025,13,11,33,13:11:33,-46,Tahap-0
01/09/2025,13,11,33,13:11:33,-92,Tahap-0
01/09/2025,13,11,33,13:11:33,-26,Tahap-0
01/09/2025,13,11,33,13:11:33,-78,Tahap-0
01/09/2025,13,11,34,13:11:34,-32,Tahap-0
01/09/2025,13,11,34,13:11:34,-142,Tahap-0
01/09/2025,13,11,34,13:11:34,46,Tahap-0
01/09/2025,13,11,34,13:11:34,-130,Tahap-0
01/09/2025,13,11,34,13:11:34,-54,Tahap-0
01/09/2025,13,11,34,13:11:34,-18,Tahap-0
01/09/2025,13,11,34,13:11:34,-88,Tahap-0
01/09/2025,13,11,34,13:11:34,-76,Tahap-0
01/09/2025,13,11,34,13:11:34,-32,Tahap-0
01/09/2025,13,11,34,13:11:34,-96,Tahap-0
01/09/2025,13,11,35,13:11:35,-58,Tahap-0
01/09/2025,13,11,35,13:11:35,-92,Tahap-0
01/09/2025,13,11,35,13:11:35,-120,Tahap-0
01/09/2025,13,11,35,13:11:35,-12,Tahap-0
01/09/2025,13,11,35,13:11:35,-172,Tahap-0
01/09/2025,13,11,35,13:11:35,-46,Tahap-0
01/09/2025,13,11,35,13:11:35,-78,Tahap-0
01/09/2025,13,11,35,13:11:35,-80,Tahap-0
01/09/2025,13,11,35,13:11:35,-128,Tahap-0
01/09/2025,13,11,35,13:11:35,-54,Tahap-0
01/09/2025,13,11,36,13:11:36,-144,Tahap-0
01/09/2025,13,11,36,13:11:36,-32,Tahap-0
01/09/2025,13,11,36,13:11:36,-136,Tahap-0
01/09/2025,13,11,36,13:11:36,-108,Tahap-0
01/09/2025,13,11,36,13:11:36,-110,Tahap-0
01/09/2025,13,11,36,13:11:36,-58,Tahap-0
01/09/2025,13,11,36,13:11:36,-68,Tahap-0
01/09/2025,13,11,36,13:11:36,-64,Tahap-0
01/09/2025,13,11,36,13:11:36,-80,Tahap-0
01/09/2025,13,11,37,13:11:37,-46,Tahap-0
01/09/2025,13,11,37,13:11:37,-82,Tahap-0
01/09/2025,13,11,37,13:11:37,-48,Tahap-0
01/09/2025,13,11,37,13:11:37,-90,Tahap-0
01/09/2025,13,11,37,13:11:37,16,Tahap-0
01/09/2025,13,11,37,13:11:37,-140,Tahap-0
01/09/2025,13,11,37,13:11:37,-38,Tahap-0
01/09/2025,13,11,37,13:11:37,-94,Tahap-0
01/09/2025,13,11,37,13:11:37,-52,Tahap-0
01/09/2025,13,11,37,13:11:37,-78,Tahap-0
01/09/2025,13,11,38,13:11:38,-74,Tahap-0
01/09/2025,13,11,38,13:11:38,-140,Tahap-0
01/09/2025,13,11,38,13:11:38,-66,Tahap-0
01/09/2025,13,11,38,13:11:38,-166,Tahap-0
01/09/2025,13,11,38,13:11:38,-2,Tahap-0
01/09/2025,13,11,38,13:11:38,-98,Tahap-0
01/09/2025,13,11,38,13:11:38,-146,Tahap-0
01/09/2025,13,11,38,13:11:38,-52,Tahap-0
01/09/2025,13,11,38,13:11:38,-130,Tahap-0
01/09/2025,13,11,38,13:11:38,-72,Tahap-0
01/09/2025,13,11,39,13:11:39,-58,Tahap-0
01/09/2025,13,11,39,13:11:39,-68,Tahap-0
01/09/2025,13,11,39,13:11:39,-130,Tahap-0
01/09/2025,13,11,39,13:11:39,-78,Tahap-0
01/09/2025,13,11,39,13:11:39,-132,Tahap-0
01/09/2025,13,11,39,13:11:39,-8,Tahap-0
01/09/2025,13,11,39,13:11:39,-154,Tahap-0
01/09/2025,13,11,39,13:11:39,-52,Tahap-0
01/09/2025,13,11,39,13:11:39,-98,Tahap-0
01/09/2025,13,11,39,13:11:39,-80,Tahap-0
01/09/2025,13,11,40,13:11:40,-82,Tahap-0
01/09/2025,13,11,40,13:11:40,-34,Tahap-0
01/09/2025,13,11,40,13:11:40,-82,Tahap-0
01/09/2025,13,11,40,13:11:40,-76,Tahap-0
01/09/2025,13,11,40,13:11:40,-128,Tahap-0
01/09/2025,13,11,40,13:11:40,-22,Tahap-0
01/09/2025,13,11,40,13:11:40,-98,Tahap-0
01/09/2025,13,11,40,13:11:40,-78,Tahap-0
01/09/2025,13,11,40,13:11:40,-48,Tahap-0
01/09/2025,13,11,40,13:11:40,-94,Tahap-0
01/09/2025,13,11,41,13:11:41,-72,Tahap-0
01/09/2025,13,11,41,13:11:41,-84,Tahap-0
01/09/2025,13,11,41,13:11:41,-74,Tahap-0
01/09/2025,13,11,41,13:11:41,-80,Tahap-0
01/09/2025,13,11,41,13:11:41,-86,Tahap-0
01/09/2025,13,11,41,13:11:41,-112,Tahap-0
01/09/2025,13,11,41,13:11:41,-188,Tahap-0
01/09/2025,13,11,41,13:11:41,-36,Tahap-0
01/09/2025,13,11,41,13:11:41,-74,Tahap-0
01/09/2025,13,11,42,13:11:42,-112,Tahap-0
01/09/2025,13,11,42,13:11:42,-116,Tahap-0
01/09/2025,13,11,42,13:11:42,-88,Tahap-0
01/09/2025,13,11,42,13:11:42,-152,Tahap-0
01/09/2025,13,11,42,13:11:42,-92,Tahap-0
01/09/2025,13,11,42,13:11:42,-166,Tahap-0
01/09/2025,13,11,42,13:11:42,-68,Tahap-0
01/09/2025,13,11,42,13:11:42,-166,Tahap-0
01/09/2025,13,11,42,13:11:42,-142,Tahap-0
01/09/2025,13,11,42,13:11:42,-120,Tahap-0
01/09/2025,13,11,43,13:11:43,-132,Tahap-0
01/09/2025,13,11,43,13:11:43,-130,Tahap-0
01/09/2025,13,11,43,13:11:43,-152,Tahap-0
01/09/2025,13,11,43,13:11:43,-136,Tahap-0
01/09/2025,13,11,43,13:11:43,-166,Tahap-0
01/09/2025,13,11,43,13:11:43,-152,Tahap-0
01/09/2025,13,11,43,13:11:43,-172,Tahap-0
01/09/2025,13,11,43,13:11:43,-102,Tahap-0
01/09/2025,13,11,43,13:11:43,-250,Tahap-0
01/09/2025,13,11,43,13:11:43,-152,Tahap-0
01/09/2025,13,11,44,13:11:44,-188,Tahap-0
01/09/2025,13,11,44,13:11:44,-166,Tahap-0
01/09/2025,13,11,44,13:11:44,-144,Tahap-0
01/09/2025,13,11,44,13:11:44,-192,Tahap-0
01/09/2025,13,11,44,13:11:44,-218,Tahap-0
01/09/2025,13,11,44,13:11:44,-162,Tahap-0
01/09/2025,13,11,44,13:11:44,-236,Tahap-0
01/09/2025,13,11,44,13:11:44,-96,Tahap-0
01/09/2025,13,11,44,13:11:44,-220,Tahap-0
01/09/2025,13,11,44,13:11:44,-224,Tahap-0
01/09/2025,13,11,45,13:11:45,-166,Tahap-0
01/09/2025,13,11,45,13:11:45,-196,Tahap-0
01/09/2025,13,12,9,13:12:09,366,Tahap-0
01/09/2025,13,12,9,13:12:09,2639,Tahap-0
01/09/2025,13,12,9,13:12:09,1705,Tahap-0
01/09/2025,13,12,9,13:12:09,479,Tahap-0
01/09/2025,13,12,10,13:12:10,738,Tahap-0
01/09/2025,13,12,10,13:12:10,795,Tahap-0
01/09/2025,13,12,10,13:12:10,620,Tahap-0
01/09/2025,13,12,10,13:12:10,255,Tahap-0
01/09/2025,13,12,10,13:12:10,186,Tahap-0
01/09/2025,13,12,10,13:12:10,197,Tahap-0
01/09/2025,13,12,10,13:12:10,148,Tahap-0
01/09/2025,13,12,10,13:12:10,151,Tahap-0
01/09/2025,13,12,10,13:12:10,214,Tahap-0
01/09/2025,13,12,10,13:12:10,139,Tahap-0
01/09/2025,13,12,11,13:12:11,144,Tahap-0
01/09/2025,13,12,11,13:12:11,193,Tahap-0
01/09/2025,13,12,11,13:12:11,175,Tahap-0
01/09/2025,13,12,11,13:12:11,285,Tahap-0
01/09/2025,13,12,11,13:12:11,113,Tahap-0
01/09/2025,13,12,11,13:12:11,180,Tahap-0
01/09/2025,13,12,11,13:12:11,263,Tahap-0
01/09/2025,13,12,11,13:12:11,91,Tahap-0
01/09/2025,13,12,11,13:12:11,117,Tahap-0
01/09/2025,13,12,11,13:12:11,213,Tahap-0
01/09/2025,13,12,12,13:12:12,28,Tahap-0
01/09/2025,13,12,12,13:12:12,99,Tahap-0
01/09/2025,13,12,12,13:12:12,26,Tahap-0
01/09/2025,13,12,12,13:12:12,75,Tahap-0
01/09/2025,13,12,12,13:12:12,163,Tahap-0
01/09/2025,13,12,12,13:12:12,199,Tahap-0
01/09/2025,13,12,12,13:12:12,108,Tahap-0
01/09/2025,13,12,12,13:12:12,103,Tahap-0
01/09/2025,13,12,12,13:12:12,169,Tahap-0
01/09/2025,13,12,12,13:12:12,176,Tahap-0
01/09/2025,13,12,13,13:12:13,158,Tahap-0
01/09/2025,13,12,13,13:12:13,50,Tahap-0
01/09/2025,13,12,13,13:12:13,69,Tahap-0
01/09/2025,13,12,13,13:12:13,112,Tahap-0
01/09/2025,13,12,13,13:12:13,219,Tahap-0
01/09/2025,13,12,13,13:12:13,234,Tahap-0
01/09/2025,13,12,13,13:12:13,195,Tahap-0
01/09/2025,13,12,13,13:12:13,130,Tahap-0
01/09/2025,13,12,13,13:12:13,140,Tahap-0
01/09/2025,13,12,13,13:12:13,265,Tahap-0
01/09/2025,13,12,14,13:12:14,484,Tahap-0
01/09/2025,13,12,14,13:12:14,130,Tahap-0
01/09/2025,13,12,14,13:12:14,19,Tahap-0
01/09/2025,13,12,14,13:12:14,288,Tahap-0
01/09/2025,13,12,14,13:12:14,279,Tahap-0
01/09/2025,13,12,14,13:12:14,224,Tahap-0
01/09/2025,13,12,14,13:12:14,46,Tahap-0
01/09/2025,13,12,14,13:12:14,147,Tahap-0
01/09/2025,13,12,14,13:12:14,126,Tahap-0
01/09/2025,13,12,14,13:12:14,108,Tahap-0
01/09/2025,13,12,15,13:12:15,100,Tahap-0
01/09/2025,13,12,15,13:12:15,71,Tahap-0
01/09/2025,13,12,15,13:12:15,145,Tahap-0
01/09/2025,13,12,15,13:12:15,100,Tahap-0
01/09/2025,13,12,15,13:12:15,109,Tahap-0
01/09/2025,13,12,15,13:12:15,129,Tahap-0
01/09/2025,13,12,15,13:12:15,162,Tahap-0
01/09/2025,13,12,15,13:12:15,218,Tahap-0
01/09/2025,13,12,15,13:12:15,143,Tahap-0
01/09/2025,13,12,15,13:12:15,82,Tahap-0
01/09/2025,13,12,16,13:12:16,238,Tahap-0
01/09/2025,13,12,16,13:12:16,226,Tahap-0
01/09/2025,13,12,16,13:12:16,174,Tahap-0
01/09/2025,13,12,16,13:12:16,155,Tahap-0
01/09/2025,13,12,16,13:12:16,147,Tahap-0
01/09/2025,13,12,16,13:12:16,335,Tahap-0
01/09/2025,13,12,16,13:12:16,376,Tahap-0
01/09/2025,13,12,16,13:12:16,328,Tahap-0
01/09/2025,13,12,16,13:12:16,463,Tahap-0
01/09/2025,13,12,16,13:12:16,758,Tahap-0
01/09/2025,13,12,17,13:12:17,249,Tahap-0
01/09/2025,13,12,17,13:12:17,106,Tahap-0
01/09/2025,13,12,17,13:12:17,195,Tahap-0
01/09/2025,13,12,17,13:12:17,158,Tahap-0
01/09/2025,13,12,17,13:12:17,71,Tahap-0
01/09/2025,13,12,17,13:12:17,43,Tahap-0
01/09/2025,13,12,17,13:12:17,100,Tahap-0
01/09/2025,13,12,17,13:12:17,82,Tahap-0
01/09/2025,13,12,17,13:12:17,215,Tahap-0
01/09/2025,13,12,17,13:12:17,191,Tahap-0
01/09/2025,13,12,18,13:12:18,45,Tahap-0
01/09/2025,13,12,18,13:12:18,113,Tahap-0
01/09/2025,13,12,18,13:12:18,203,Tahap-0
01/09/2025,13,12,18,13:12:18,193,Tahap-0
01/09/2025,13,12,18,13:12:18,377,Tahap-0
01/09/2025,13,12,18,13:12:18,453,Tahap-0
01/09/2025,13,12,18,13:12:18,190,Tahap-0
01/09/2025,13,12,18,13:12:18,266,Tahap-0
01/09/2025,13,12,18,13:12:18,214,Tahap-0
01/09/2025,13,12,18,13:12:18,124,Tahap-0
01/09/2025,13,12,19,13:12:19,268,Tahap-0
01/09/2025,13,12,19,13:12:19,325,Tahap-0
01/09/2025,13,12,19,13:12:19,1245,Tahap-0
01/09/2025,13,12,19,13:12:19,1051,Tahap-0
01/09/2025,13,12,19,13:12:19,459,Tahap-0
01/09/2025,13,12,19,13:12:19,554,Tahap-0
01/09/2025,13,12,19,13:12:19,295,Tahap-0
01/09/2025,13,12,19,13:12:19,151,Tahap-0
01/09/2025,13,12,19,13:12:19,168,Tahap-0
01/09/2025,13,12,19,13:12:19,119,Tahap-0
01/09/2025,13,12,20,13:12:20,190,Tahap-0
01/09/2025,13,12,20,13:12:20,320,Tahap-0
01/09/2025,13,12,20,13:12:20,85,Tahap-0
01/09/2025,13,12,20,13:12:20,249,Tahap-0
01/09/2025,13,12,20,13:12:20,258,Tahap-0
01/09/2025,13,12,20,13:12:20,214,Tahap-0
01/09/2025,13,12,20,13:12:20,228,Tahap-0
01/09/2025,13,12,20,13:12:20,230,Tahap-0
01/09/2025,13,12,20,13:12:20,253,Tahap-0
01/09/2025,13,12,20,13:12:20,377,Tahap-0
01/09/2025,13,12,21,13:12:21,163,Tahap-0
01/09/2025,13,12,21,13:12:21,232,Tahap-0
01/09/2025,13,12,21,13:12:21,265,Tahap-0
01/09/2025,13,12,21,13:12:21,323,Tahap-0
01/09/2025,13,12,21,13:12:21,544,Tahap-0
01/09/2025,13,12,21,13:12:21,624,Tahap-0
01/09/2025,13,12,21,13:12:21,510,Tahap-0
01/09/2025,13,12,21,13:12:21,1915,Tahap-0
01/09/2025,13,12,21,13:12:21,479,Tahap-0
01/09/2025,13,12,21,13:12:21,207,Tahap-0
01/09/2025,13,12,22,13:12:22,349,Tahap-0
01/09/2025,13,12,22,13:12:22,400,Tahap-0
01/09/2025,13,12,22,13:12:22,42,Tahap-0
01/09/2025,13,12,22,13:12:22,68,Tahap-0
01/09/2025,13,12,22,13:12:22,56,Tahap-0
01/09/2025,13,12,22,13:12:22,-64,Tahap-0
01/09/2025,13,12,22,13:12:22,96,Tahap-0
01/09/2025,13,12,22,13:12:22,76,Tahap-0
01/09/2025,13,12,22,13:12:22,-56,Tahap-0
01/09/2025,13,12,22,13:12:22,136,Tahap-0
01/09/2025,13,12,23,13:12:23,-20,Tahap-0
01/09/2025,13,12,23,13:12:23,56,Tahap-0
01/09/2025,13,12,23,13:12:23,40,Tahap-0
01/09/2025,13,12,23,13:12:23,44,Tahap-0
01/09/2025,13,12,23,13:12:23,20,Tahap-0
01/09/2025,13,12,23,13:12:23,88,Tahap-0
01/09/2025,13,12,23,13:12:23,-100,Tahap-0
01/09/2025,13,12,23,13:12:23,196,Tahap-0
01/09/2025,13,12,23,13:12:23,-120,Tahap-0
01/09/2025,13,12,23,13:12:23,52,Tahap-0
01/09/2025,13,12,24,13:12:24,96,Tahap-0
01/09/2025,13,12,24,13:12:24,-20,Tahap-0
01/09/2025,13,12,24,13:12:24,-60,Tahap-0
01/09/2025,13,12,24,13:12:24,60,Tahap-0
01/09/2025,13,12,24,13:12:24,-176,Tahap-0
01/09/2025,13,12,24,13:12:24,32,Tahap-0
01/09/2025,13,12,24,13:12:24,-156,Tahap-0
01/09/2025,13,12,24,13:12:24,48,Tahap-0
01/09/2025,13,12,24,13:12:24,-12,Tahap-0
01/09/2025,13,12,24,13:12:24,-168,Tahap-0
01/09/2025,13,12,25,13:12:25,32,Tahap-0
01/09/2025,13,12,25,13:12:25,-88,Tahap-0
01/09/2025,13,12,25,13:12:25,-16,Tahap-0
01/09/2025,13,12,25,13:12:25,-112,Tahap-0
01/09/2025,13,12,25,13:12:25,-28,Tahap-0
01/09/2025,13,12,25,13:12:25,-152,Tahap-0
01/09/2025,13,12,25,13:12:25,-24,Tahap-0
01/09/2025,13,12,25,13:12:25,-84,Tahap-0
01/09/2025,13,12,25,13:12:25,100,Tahap-0
01/09/2025,13,12,25,13:12:25,-172,Tahap-0
01/09/2025,13,12,26,13:12:26,-32,Tahap-0
01/09/2025,13,12,26,13:12:26,-20,Tahap-0
01/09/2025,13,12,26,13:12:26,-56,Tahap-0
01/09/2025,13,12,26,13:12:26,-28,Tahap-0
01/09/2025,13,12,26,13:12:26,-12,Tahap-0
01/09/2025,13,12,26,13:12:26,-128,Tahap-0
01/09/2025,13,12,26,13:12:26,-180,Tahap-0
01/09/2025,13,12,26,13:12:26,76,Tahap-0
01/09/2025,13,12,26,13:12:26,-44,Tahap-0
01/09/2025,13,12,26,13:12:26,-192,Tahap-0
01/09/2025,13,12,27,13:12:27,28,Tahap-0
01/09/2025,13,12,27,13:12:27,-108,Tahap-0
01/09/2025,13,12,27,13:12:27,-48,Tahap-0
01/09/2025,13,12,27,13:12:27,-20,Tahap-0
01/09/2025,13,12,27,13:12:27,-4,Tahap-0
01/09/2025,13,12,27,13:12:27,-148,Tahap-0
01/09/2025,13,12,27,13:12:27,-36,Tahap-0
01/09/2025,13,12,27,13:12:27,-196,Tahap-0
01/09/2025,13,12,27,13:12:27,100,Tahap-0
01/09/2025,13,12,28,13:12:28,-192,Tahap-0
01/09/2025,13,12,28,13:12:28,-16,Tahap-0
01/09/2025,13,12,28,13:12:28,-88,Tahap-0
01/09/2025,13,12,28,13:12:28,-60,Tahap-0
01/09/2025,13,12,28,13:12:28,-80,Tahap-0
01/09/2025,13,12,28,13:12:28,24,Tahap-0
01/09/2025,13,12,28,13:12:28,-64,Tahap-0
01/09/2025,13,12,28,13:12:28,20,Tahap-0
01/09/2025,13,12,28,13:12:28,-152,Tahap-0
01/09/2025,13,12,28,13:12:28,60,Tahap-0
01/09/2025,13,12,29,13:12:29,-72,Tahap-0
01/09/2025,13,12,29,13:12:29,-88,Tahap-0
01/09/2025,13,12,29,13:12:29,100,Tahap-0
01/09/2025,13,12,29,13:12:29,-112,Tahap-0
01/09/2025,13,12,29,13:12:29,4,Tahap-0
01/09/2025,13,12,29,13:12:29,40,Tahap-0
01/09/2025,13,12,29,13:12:29,-52,Tahap-0
01/09/2025,13,12,29,13:12:29,36,Tahap-0
01/09/2025,13,12,29,13:12:29,-4,Tahap-0
01/09/2025,13,12,29,13:12:29,-36,Tahap-0
01/09/2025,13,12,29,13:12:29,140,Tahap-0
01/09/2025,13,12,30,13:12:30,-88,Tahap-0
01/09/2025,13,12,30,13:12:30,96,Tahap-0
01/09/2025,13,12,30,13:12:30,100,Tahap-0
01/09/2025,13,12,30,13:12:30,52,Tahap-0
01/09/2025,13,12,30,13:12:30,24,Tahap-0
01/09/2025,13,12,30,13:12:30,136,Tahap-0
01/09/2025,13,12,30,13:12:30,-52,Tahap-0
01/09/2025,13,12,30,13:12:30,148,Tahap-0
01/09/2025,13,12,30,13:12:30,-48,Tahap-0
01/09/2025,13,12,30,13:12:30,196,Tahap-0
01/09/2025,13,12,31,13:12:31,32,Tahap-0
01/09/2025,13,12,31,13:12:31,-32,Tahap-0
01/09/2025,13,12,31,13:12:31,84,Tahap-0
01/09/2025,13,12,31,13:12:31,28,Tahap-0
01/09/2025,13,12,31,13:12:31,72,Tahap-0
01/09/2025,13,12,31,13:12:31,64,Tahap-0
01/09/2025,13,12,31,13:12:31,92,Tahap-0
01/09/2025,13,12,31,13:12:31,44,Tahap-0
01/09/2025,13,12,31,13:12:31,76,Tahap-0
01/09/2025,13,12,31,13:12:31,20,Tahap-0
01/09/2025,13,12,33,13:12:33,216,Tahap-0
01/09/2025,13,12,33,13:12:33,-88,Tahap-0
01/09/2025,13,12,33,13:12:33,168,Tahap-0
01/09/2025,13,12,33,13:12:33,68,Tahap-0
01/09/2025,13,12,33,13:12:33,92,Tahap-0
01/09/2025,13,12,33,13:12:33,152,Tahap-0
01/09/2025,13,12,33,13:12:33,148,Tahap-0
01/09/2025,13,12,33,13:12:33,4,Tahap-0
01/09/2025,13,12,33,13:12:33,164,Tahap-0
01/09/2025,13,12,33,13:12:33,-4,Tahap-0
01/09/2025,13,12,33,13:12:33,248,Tahap-0
01/09/2025,13,12,33,13:12:33,152,Tahap-0
01/09/2025,13,12,33,13:12:33,60,Tahap-0
01/09/2025,13,12,33,13:12:33,220,Tahap-0
01/09/2025,13,12,33,13:12:33,96,Tahap-0
01/09/2025,13,12,33,13:12:33,160,Tahap-0
01/09/2025,13,12,33,13:12:33,192,Tahap-0
01/09/2025,13,12,33,13:12:33,216,Tahap-0
01/09/2025,13,12,33,13:12:33,68,Tahap-0
01/09/2025,13,12,33,13:12:33,168,Tahap-0
01/09/2025,13,12,34,13:12:34,44,Tahap-0
01/09/2025,13,12,34,13:12:34,296,Tahap-0
01/09/2025,13,12,34,13:12:34,36,Tahap-0
01/09/2025,13,12,34,13:12:34,208,Tahap-0
01/09/2025,13,12,34,13:12:34,96,Tahap-0
01/09/2025,13,12,34,13:12:34,144,Tahap-0
01/09/2025,13,12,34,13:12:34,96,Tahap-0
01/09/2025,13,12,34,13:12:34,172,Tahap-0
01/09/2025,13,12,34,13:12:34,92,Tahap-0
01/09/2025,13,12,34,13:12:34,196,Tahap-0
01/09/2025,13,12,35,13:12:35,28,Tahap-0
01/09/2025,13,12,59,13:12:59,4255,Tahap-0
01/09/2025,13,12,59,13:12:59,1003,Tahap-0
01/09/2025,13,12,59,13:12:59,353,Tahap-0
01/09/2025,13,12,59,13:12:59,309,Tahap-0
01/09/2025,13,12,59,13:12:59,439,Tahap-0
01/09/2025,13,13,1,13:13:01,124,Tahap-0
01/09/2025,13,13,1,13:13:01,107,Tahap-0
01/09/2025,13,13,1,13:13:01,68,Tahap-0
01/09/2025,13,13,1,13:13:01,29,Tahap-0
01/09/2025,13,13,1,13:13:01,77,Tahap-0
01/09/2025,13,13,1,13:13:01,8,Tahap-0
01/09/2025,13,13,1,13:13:01,72,Tahap-0
01/09/2025,13,13,1,13:13:01,191,Tahap-0
01/09/2025,13,13,1,13:13:01,189,Tahap-0
01/09/2025,13,13,1,13:13:01,217,Tahap-0
01/09/2025,13,13,3,13:13:03,117,Tahap-0
01/09/2025,13,13,3,13:13:03,242,Tahap-0
01/09/2025,13,13,3,13:13:03,211,Tahap-0
01/09/2025,13,13,3,13:13:03,108,Tahap-0
01/09/2025,13,13,3,13:13:03,114,Tahap-0
01/09/2025,13,13,3,13:13:03,147,Tahap-0
01/09/2025,13,13,3,13:13:03,126,Tahap-0
01/09/2025,13,13,3,13:13:03,36,Tahap-0
01/09/2025,13,13,3,13:13:03,100,Tahap-0
01/09/2025,13,13,3,13:13:03,73,Tahap-0
01/09/2025,13,13,3,13:13:03,148,Tahap-0
01/09/2025,13,13,3,13:13:03,77,Tahap-0
01/09/2025,13,13,3,13:13:03,69,Tahap-0
01/09/2025,13,13,3,13:13:03,25,Tahap-0
01/09/2025,13,13,3,13:13:03,40,Tahap-0
01/09/2025,13,13,3,13:13:03,45,Tahap-0
01/09/2025,13,13,3,13:13:03,139,Tahap-0
01/09/2025,13,13,3,13:13:03,251,Tahap-0
01/09/2025,13,13,3,13:13:03,301,Tahap-0
01/09/2025,13,13,3,13:13:03,309,Tahap-0
01/09/2025,13,13,4,13:13:04,141,Tahap-0
01/09/2025,13,13,4,13:13:04,53,Tahap-0
01/09/2025,13,13,4,13:13:04,576,Tahap-0
01/09/2025,13,13,4,13:13:04,200,Tahap-0
01/09/2025,13,13,4,13:13:04,223,Tahap-0
01/09/2025,13,13,4,13:13:04,66,Tahap-0
01/09/2025,13,13,4,13:13:04,73,Tahap-0
01/09/2025,13,13,4,13:13:04,84,Tahap-0
01/09/2025,13,13,4,13:13:04,86,Tahap-0
01/09/2025,13,13,4,13:13:04,160,Tahap-0
01/09/2025,13,13,5,13:13:05,89,Tahap-0
01/09/2025,13,13,5,13:13:05,64,Tahap-0
01/09/2025,13,13,5,13:13:05,199,Tahap-0
01/09/2025,13,13,5,13:13:05,158,Tahap-0
01/09/2025,13,13,5,13:13:05,100,Tahap-0
01/09/2025,13,13,5,13:13:05,147,Tahap-0
01/09/2025,13,13,5,13:13:05,198,Tahap-0
01/09/2025,13,13,5,13:13:05,119,Tahap-0
01/09/2025,13,13,5,13:13:05,76,Tahap-0
01/09/2025,13,13,5,13:13:05,157,Tahap-0
01/09/2025,13,13,6,13:13:06,140,Tahap-0
01/09/2025,13,13,6,13:13:06,177,Tahap-0
01/09/2025,13,13,6,13:13:06,78,Tahap-0
01/09/2025,13,13,6,13:13:06,58,Tahap-0
01/09/2025,13,13,6,13:13:06,306,Tahap-0
01/09/2025,13,13,6,13:13:06,443,Tahap-0
01/09/2025,13,13,6,13:13:06,940,Tahap-0
01/09/2025,13,13,6,13:13:06,681,Tahap-0
01/09/2025,13,13,6,13:13:06,297,Tahap-0
01/09/2025,13,13,6,13:13:06,212,Tahap-0
01/09/2025,13,13,7,13:13:07,254,Tahap-0
01/09/2025,13,13,7,13:13:07,375,Tahap-0
01/09/2025,13,13,7,13:13:07,161,Tahap-0
01/09/2025,13,13,7,13:13:07,105,Tahap-0
01/09/2025,13,13,7,13:13:07,133,Tahap-0
01/09/2025,13,13,7,13:13:07,103,Tahap-0
01/09/2025,13,13,7,13:13:07,164,Tahap-0
01/09/2025,13,13,7,13:13:07,213,Tahap-0
01/09/2025,13,13,7,13:13:07,46,Tahap-0
01/09/2025,13,13,7,13:13:07,177,Tahap-0
01/09/2025,13,13,8,13:13:08,397,Tahap-0
01/09/2025,13,13,8,13:13:08,339,Tahap-0
01/09/2025,13,13,8,13:13:08,320,Tahap-0
01/09/2025,13,13,8,13:13:08,344,Tahap-0
01/09/2025,13,13,8,13:13:08,320,Tahap-0
01/09/2025,13,13,8,13:13:08,94,Tahap-0
01/09/2025,13,13,8,13:13:08,92,Tahap-0
01/09/2025,13,13,8,13:13:08,238,Tahap-0
01/09/2025,13,13,8,13:13:08,189,Tahap-0
01/09/2025,13,13,8,13:13:08,239,Tahap-0
01/09/2025,13,13,9,13:13:09,667,Tahap-0
01/09/2025,13,13,9,13:13:09,2093,Tahap-0
01/09/2025,13,13,9,13:13:09,1058,Tahap-0
01/09/2025,13,13,9,13:13:09,418,Tahap-0
01/09/2025,13,13,9,13:13:09,290,Tahap-0
01/09/2025,13,13,9,13:13:09,189,Tahap-0
01/09/2025,13,13,9,13:13:09,200,Tahap-0
01/09/2025,13,13,9,13:13:09,97,Tahap-0
01/09/2025,13,13,9,13:13:09,179,Tahap-0
01/09/2025,13,13,9,13:13:09,236,Tahap-0
01/09/2025,13,13,10,13:13:10,215,Tahap-0
01/09/2025,13,13,10,13:13:10,17,Tahap-0
01/09/2025,13,13,10,13:13:10,106,Tahap-0
01/09/2025,13,13,10,13:13:10,109,Tahap-0
01/09/2025,13,13,10,13:13:10,260,Tahap-0
01/09/2025,13,13,10,13:13:10,394,Tahap-0
01/09/2025,13,13,10,13:13:10,96,Tahap-0
01/09/2025,13,13,10,13:13:10,236,Tahap-0
01/09/2025,13,13,10,13:13:10,151,Tahap-0
01/09/2025,13,13,10,13:13:10,336,Tahap-0
01/09/2025,13,13,11,13:13:11,429,Tahap-0
01/09/2025,13,13,11,13:13:11,301,Tahap-0
01/09/2025,13,13,11,13:13:11,300,Tahap-0
01/09/2025,13,13,11,13:13:11,827,Tahap-0
01/09/2025,13,13,11,13:13:11,1890,Tahap-0
01/09/2025,13,13,11,13:13:11,1971,Tahap-0
01/09/2025,13,13,11,13:13:11,787,Tahap-0
01/09/2025,13,13,11,13:13:11,748,Tahap-0
01/09/2025,13,13,11,13:13:11,730,Tahap-0
01/09/2025,13,13,11,13:13:11,534,Tahap-0
01/09/2025,13,13,12,13:13:12,733,Tahap-0
01/09/2025,13,13,12,13:13:12,169,Tahap-0
01/09/2025,13,13,12,13:13:12,-216,Tahap-0
01/09/2025,13,13,12,13:13:12,-220,Tahap-0
01/09/2025,13,13,12,13:13:12,8,Tahap-0
01/09/2025,13,13,12,13:13:12,-396,Tahap-0
01/09/2025,13,13,12,13:13:12,-36,Tahap-0
01/09/2025,13,13,12,13:13:12,-208,Tahap-0
01/09/2025,13,13,12,13:13:12,-152,Tahap-0
01/09/2025,13,13,12,13:13:12,-208,Tahap-0
01/09/2025,13,13,13,13:13:13,-108,Tahap-0
01/09/2025,13,13,13,13:13:13,-236,Tahap-0
01/09/2025,13,13,13,13:13:13,-84,Tahap-0
01/09/2025,13,13,13,13:13:13,-288,Tahap-0
01/09/2025,13,13,13,13:13:13,-108,Tahap-0
01/09/2025,13,13,13,13:13:13,-204,Tahap-0
01/09/2025,13,13,13,13:13:13,-328,Tahap-0
01/09/2025,13,13,13,13:13:13,-72,Tahap-0
01/09/2025,13,13,13,13:13:13,-196,Tahap-0
01/09/2025,13,13,13,13:13:13,-160,Tahap-0
01/09/2025,13,13,14,13:13:14,-196,Tahap-0
01/09/2025,13,13,14,13:13:14,-144,Tahap-0
01/09/2025,13,13,14,13:13:14,-284,Tahap-0
01/09/2025,13,13,14,13:13:14,-96,Tahap-0
01/09/2025,13,13,14,13:13:14,-304,Tahap-0
01/09/2025,13,13,14,13:13:14,52,Tahap-0
01/09/2025,13,13,14,13:13:14,-352,Tahap-0
01/09/2025,13,13,14,13:13:14,-132,Tahap-0
01/09/2025,13,13,14,13:13:14,-164,Tahap-0
01/09/2025,13,13,14,13:13:14,-84,Tahap-0
01/09/2025,13,13,15,13:13:15,-104,Tahap-0
01/09/2025,13,13,15,13:13:15,-152,Tahap-0
01/09/2025,13,13,15,13:13:15,-156,Tahap-0
01/09/2025,13,13,15,13:13:15,-96,Tahap-0
01/09/2025,13,13,15,13:13:15,-176,Tahap-0
01/09/2025,13,13,15,13:13:15,-68,Tahap-0
01/09/2025,13,13,15,13:13:15,48,Tahap-0
01/09/2025,13,13,15,13:13:15,-280,Tahap-0
01/09/2025,13,13,15,13:13:15,32,Tahap-0
01/09/2025,13,13,15,13:13:15,-172,Tahap-0
01/09/2025,13,13,16,13:13:16,56,Tahap-0
01/09/2025,13,13,16,13:13:16,-80,Tahap-0
01/09/2025,13,13,16,13:13:16,32,Tahap-0
01/09/2025,13,13,16,13:13:16,-220,Tahap-0
01/09/2025,13,13,16,13:13:16,132,Tahap-0
01/09/2025,13,13,16,13:13:16,-264,Tahap-0
01/09/2025,13,13,16,13:13:16,188,Tahap-0
01/09/2025,13,13,16,13:13:16,-124,Tahap-0
01/09/2025,13,13,16,13:13:16,-28,Tahap-0
01/09/2025,13,13,16,13:13:16,-28,Tahap-0
01/09/2025,13,13,17,13:13:17,20,Tahap-0
01/09/2025,13,13,17,13:13:17,-56,Tahap-0
01/09/2025,13,13,17,13:13:17,20,Tahap-0
01/09/2025,13,13,17,13:13:17,24,Tahap-0
01/09/2025,13,13,17,13:13:17,-40,Tahap-0
01/09/2025,13,13,17,13:13:17,-48,Tahap-0
01/09/2025,13,13,17,13:13:17,-88,Tahap-0
01/09/2025,13,13,17,13:13:17,160,Tahap-0
01/09/2025,13,13,17,13:13:17,-188,Tahap-0
01/09/2025,13,13,17,13:13:17,116,Tahap-0
01/09/2025,13,13,18,13:13:18,-56,Tahap-0
01/09/2025,13,13,18,13:13:18,-4,Tahap-0
01/09/2025,13,13,18,13:13:18,48,Tahap-0
01/09/2025,13,13,18,13:13:18,-72,Tahap-0
01/09/2025,13,13,18,13:13:18,92,Tahap-0
01/09/2025,13,13,18,13:13:18,-72,Tahap-0
01/09/2025,13,13,18,13:13:18,36,Tahap-0
01/09/2025,13,13,18,13:13:18,16,Tahap-0
01/09/2025,13,13,18,13:13:18,-120,Tahap-0
01/09/2025,13,13,19,13:13:19,88,Tahap-0
01/09/2025,13,13,19,13:13:19,32,Tahap-0
01/09/2025,13,13,19,13:13:19,44,Tahap-0
01/09/2025,13,13,19,13:13:19,-128,Tahap-0
01/09/2025,13,13,19,13:13:19,136,Tahap-0
01/09/2025,13,13,19,13:13:19,-100,Tahap-0
01/09/2025,13,13,19,13:13:19,84,Tahap-0
01/09/2025,13,13,19,13:13:19,-144,Tahap-0
01/09/2025,13,13,19,13:13:19,236,Tahap-0
01/09/2025,13,13,19,13:13:19,-184,Tahap-0
01/09/2025,13,13,20,13:13:20,96,Tahap-0
01/09/2025,13,13,20,13:13:20,-24,Tahap-0
01/09/2025,13,13,20,13:13:20,92,Tahap-0
01/09/2025,13,13,20,13:13:20,48,Tahap-0
01/09/2025,13,13,20,13:13:20,76,Tahap-0
01/09/2025,13,13,20,13:13:20,-68,Tahap-0
01/09/2025,13,13,20,13:13:20,88,Tahap-0
01/09/2025,13,13,20,13:13:20,-36,Tahap-0
01/09/2025,13,13,20,13:13:20,48,Tahap-0
01/09/2025,13,13,20,13:13:20,196,Tahap-0
01/09/2025,13,13,21,13:13:21,-136,Tahap-0
01/09/2025,13,13,21,13:13:21,120,Tahap-0
01/09/2025,13,13,21,13:13:21,-28,Tahap-0
01/09/2025,13,13,21,13:13:21,28,Tahap-0
01/09/2025,13,13,21,13:13:21,12,Tahap-0
01/09/2025,13,13,21,13:13:21,148,Tahap-0
01/09/2025,13,13,21,13:13:21,-112,Tahap-0
01/09/2025,13,13,21,13:13:21,124,Tahap-0
01/09/2025,13,13,21,13:13:21,-88,Tahap-0
01/09/2025,13,13,21,13:13:21,208,Tahap-0
01/09/2025,13,13,22,13:13:22,32,Tahap-0
01/09/2025,13,13,22,13:13:22,56,Tahap-0
01/09/2025,13,13,22,13:13:22,100,Tahap-0
01/09/2025,13,13,22,13:13:22,92,Tahap-0
01/09/2025,13,13,22,13:13:22,116,Tahap-0
01/09/2025,13,13,22,13:13:22,68,Tahap-0
01/09/2025,13,13,22,13:13:22,100,Tahap-0
01/09/2025,13,13,22,13:13:22,80,Tahap-0
01/09/2025,13,13,22,13:13:22,76,Tahap-0
01/09/2025,13,13,22,13:13:22,-20,Tahap-0
01/09/2025,13,13,23,13:13:23,316,Tahap-0
01/09/2025,13,13,23,13:13:23,-128,Tahap-0
01/09/2025,13,13,23,13:13:23,192,Tahap-0
01/09/2025,13,13,23,13:13:23,92,Tahap-0
01/09/2025,13,13,23,13:13:23,120,Tahap-0
01/09/2025,13,13,23,13:13:23,80,Tahap-0
01/09/2025,13,13,23,13:13:23,172,Tahap-0
01/09/2025,13,13,23,13:13:23,-16,Tahap-0
01/09/2025,13,13,23,13:13:23,192,Tahap-0
01/09/2025,13,13,23,13:13:23,-60,Tahap-0
01/09/2025,13,13,24,13:13:24,128,Tahap-0
01/09/2025,13,13,24,13:13:24,168,Tahap-0
01/09/2025,13,13,24,13:13:24,-56,Tahap-0
01/09/2025,13,13,24,13:13:24,176,Tahap-0
01/09/2025,13,13,24,13:13:24,56,Tahap-0
01/09/2025,13,13,24,13:13:24,140,Tahap-0
01/09/2025,13,13,24,13:13:24,-32,Tahap-0
01/09/2025,13,13,24,13:13:24,208,Tahap-0
01/09/2025,13,13,24,13:13:24,-72,Tahap-0
01/09/2025,13,13,24,13:13:24,176,Tahap-0
01/09/2025,13,13,25,13:13:25,-16,Tahap-0
01/09/2025,13,13,49,13:13:49,1045,Tahap-0
01/09/2025,13,13,49,13:13:49,928,Tahap-0
01/09/2025,13,13,49,13:13:49,771,Tahap-0
01/09/2025,13,13,49,13:13:49,188,Tahap-0
01/09/2025,13,13,49,13:13:49,665,Tahap-0
01/09/2025,13,13,49,13:13:49,188,Tahap-0
01/09/2025,13,13,50,13:13:50,324,Tahap-0
01/09/2025,13,13,50,13:13:50,290,Tahap-0
01/09/2025,13,13,50,13:13:50,279,Tahap-0
01/09/2025,13,13,50,13:13:50,115,Tahap-0
01/09/2025,13,13,50,13:13:50,107,Tahap-0
01/09/2025,13,13,50,13:13:50,72,Tahap-0
01/09/2025,13,13,50,13:13:50,88,Tahap-0
01/09/2025,13,13,50,13:13:50,68,Tahap-0
01/09/2025,13,13,50,13:13:50,115,Tahap-0
01/09/2025,13,13,50,13:13:50,92,Tahap-0
01/09/2025,13,13,51,13:13:51,164,Tahap-0
01/09/2025,13,13,51,13:13:51,71,Tahap-0
01/09/2025,13,13,51,13:13:51,46,Tahap-0
01/09/2025,13,13,51,13:13:51,102,Tahap-0
01/09/2025,13,13,51,13:13:51,86,Tahap-0
01/09/2025,13,13,51,13:13:51,90,Tahap-0
01/09/2025,13,13,51,13:13:51,134,Tahap-0
01/09/2025,13,13,51,13:13:51,235,Tahap-0
01/09/2025,13,13,51,13:13:51,14,Tahap-0
01/09/2025,13,13,51,13:13:51,53,Tahap-0
01/09/2025,13,13,52,13:13:52,157,Tahap-0
01/09/2025,13,13,52,13:13:52,175,Tahap-0
01/09/2025,13,13,52,13:13:52,271,Tahap-0
01/09/2025,13,13,52,13:13:52,238,Tahap-0
01/09/2025,13,13,52,13:13:52,73,Tahap-0
01/09/2025,13,13,52,13:13:52,53,Tahap-0
01/09/2025,13,13,52,13:13:52,111,Tahap-0
01/09/2025,13,13,52,13:13:52,69,Tahap-0
01/09/2025,13,13,52,13:13:52,9,Tahap-0
01/09/2025,13,13,52,13:13:52,71,Tahap-0
01/09/2025,13,13,53,13:13:53,58,Tahap-0
01/09/2025,13,13,53,13:13:53,75,Tahap-0
01/09/2025,13,13,53,13:13:53,73,Tahap-0
01/09/2025,13,13,53,13:13:53,77,Tahap-0
01/09/2025,13,13,53,13:13:53,88,Tahap-0
01/09/2025,13,13,53,13:13:53,158,Tahap-0
01/09/2025,13,13,53,13:13:53,507,Tahap-0
01/09/2025,13,13,53,13:13:53,179,Tahap-0
01/09/2025,13,13,53,13:13:53,126,Tahap-0
01/09/2025,13,13,53,13:13:53,145,Tahap-0
01/09/2025,13,13,54,13:13:54,187,Tahap-0
01/09/2025,13,13,54,13:13:54,368,Tahap-0
01/09/2025,13,13,54,13:13:54,193,Tahap-0
01/09/2025,13,13,54,13:13:54,129,Tahap-0
01/09/2025,13,13,54,13:13:54,130,Tahap-0
01/09/2025,13,13,54,13:13:54,59,Tahap-0
01/09/2025,13,13,54,13:13:54,122,Tahap-0
01/09/2025,13,13,54,13:13:54,113,Tahap-0
01/09/2025,13,13,54,13:13:54,83,Tahap-0
01/09/2025,13,13,54,13:13:54,30,Tahap-0
01/09/2025,13,13,55,13:13:55,59,Tahap-0
01/09/2025,13,13,55,13:13:55,50,Tahap-0
01/09/2025,13,13,55,13:13:55,120,Tahap-0
01/09/2025,13,13,55,13:13:55,125,Tahap-0
01/09/2025,13,13,55,13:13:55,70,Tahap-0
01/09/2025,13,13,55,13:13:55,251,Tahap-0
01/09/2025,13,13,55,13:13:55,123,Tahap-0
01/09/2025,13,13,55,13:13:55,151,Tahap-0
01/09/2025,13,13,55,13:13:55,154,Tahap-0
01/09/2025,13,13,55,13:13:55,333,Tahap-0
01/09/2025,13,13,56,13:13:56,273,Tahap-0
01/09/2025,13,13,56,13:13:56,185,Tahap-0
01/09/2025,13,13,56,13:13:56,216,Tahap-0
01/09/2025,13,13,56,13:13:56,546,Tahap-0
01/09/2025,13,13,56,13:13:56,542,Tahap-0
01/09/2025,13,13,56,13:13:56,668,Tahap-0
01/09/2025,13,13,56,13:13:56,334,Tahap-0
01/09/2025,13,13,56,13:13:56,156,Tahap-0
01/09/2025,13,13,56,13:13:56,75,Tahap-0
01/09/2025,13,13,56,13:13:56,9,Tahap-0
01/09/2025,13,13,57,13:13:57,89,Tahap-0
01/09/2025,13,13,57,13:13:57,18,Tahap-0
01/09/2025,13,13,57,13:13:57,38,Tahap-0
01/09/2025,13,13,57,13:13:57,12,Tahap-0
01/09/2025,13,13,57,13:13:57,62,Tahap-0
01/09/2025,13,13,57,13:13:57,173,Tahap-0
01/09/2025,13,13,57,13:13:57,261,Tahap-0
01/09/2025,13,13,57,13:13:57,275,Tahap-0
01/09/2025,13,13,57,13:13:57,230,Tahap-0
01/09/2025,13,13,57,13:13:57,684,Tahap-0
01/09/2025,13,13,58,13:13:58,625,Tahap-0
01/09/2025,13,13,58,13:13:58,181,Tahap-0
01/09/2025,13,13,58,13:13:58,225,Tahap-0
01/09/2025,13,13,58,13:13:58,284,Tahap-0
01/09/2025,13,13,58,13:13:58,252,Tahap-0
01/09/2025,13,13,58,13:13:58,221,Tahap-0
01/09/2025,13,13,58,13:13:58,481,Tahap-0
01/09/2025,13,13,58,13:13:58,430,Tahap-0
01/09/2025,13,13,58,13:13:58,183,Tahap-0
01/09/2025,13,13,58,13:13:58,1185,Tahap-0
01/09/2025,13,13,59,13:13:59,399,Tahap-0
01/09/2025,13,13,59,13:13:59,330,Tahap-0
01/09/2025,13,13,59,13:13:59,693,Tahap-0
01/09/2025,13,13,59,13:13:59,474,Tahap-0
01/09/2025,13,13,59,13:13:59,311,Tahap-0
01/09/2025,13,13,59,13:13:59,61,Tahap-0
01/09/2025,13,13,59,13:13:59,55,Tahap-0
01/09/2025,13,13,59,13:13:59,231,Tahap-0
01/09/2025,13,13,59,13:13:59,285,Tahap-0
01/09/2025,13,13,59,13:13:59,249,Tahap-0
01/09/2025,13,14,1,13:14:01,248,Tahap-0
01/09/2025,13,14,1,13:14:01,228,Tahap-0
01/09/2025,13,14,1,13:14:01,832,Tahap-0
01/09/2025,13,14,1,13:14:01,681,Tahap-0
01/09/2025,13,14,1,13:14:01,2428,Tahap-0
01/09/2025,13,14,1,13:14:01,966,Tahap-0
01/09/2025,13,14,1,13:14:01,698,Tahap-0
01/09/2025,13,14,1,13:14:01,310,Tahap-0
01/09/2025,13,14,1,13:14:01,154,Tahap-0
01/09/2025,13,14,1,13:14:01,613,Tahap-0
01/09/2025,13,14,3,13:14:03,209,Tahap-0
01/09/2025,13,14,3,13:14:03,-36,Tahap-0
01/09/2025,13,14,3,13:14:03,92,Tahap-0
01/09/2025,13,14,3,13:14:03,16,Tahap-0
01/09/2025,13,14,3,13:14:03,64,Tahap-0
01/09/2025,13,14,3,13:14:03,44,Tahap-0
01/09/2025,13,14,3,13:14:03,40,Tahap-0
01/09/2025,13,14,3,13:14:03,12,Tahap-0
01/09/2025,13,14,3,13:14:03,92,Tahap-0
01/09/2025,13,14,3,13:14:03,36,Tahap-0
01/09/2025,13,14,3,13:14:03,12,Tahap-0
01/09/2025,13,14,3,13:14:03,192,Tahap-0
01/09/2025,13,14,3,13:14:03,-124,Tahap-0
01/09/2025,13,14,3,13:14:03,152,Tahap-0
01/09/2025,13,14,3,13:14:03,36,Tahap-0
01/09/2025,13,14,3,13:14:03,12,Tahap-0
01/09/2025,13,14,3,13:14:03,-8,Tahap-0
01/09/2025,13,14,3,13:14:03,92,Tahap-0
01/09/2025,13,14,3,13:14:03,-92,Tahap-0
01/09/2025,13,14,3,13:14:03,136,Tahap-0
01/09/2025,13,14,4,13:14:04,-88,Tahap-0
01/09/2025,13,14,4,13:14:04,76,Tahap-0
01/09/2025,13,14,4,13:14:04,36,Tahap-0
01/09/2025,13,14,4,13:14:04,-64,Tahap-0
01/09/2025,13,14,4,13:14:04,76,Tahap-0
01/09/2025,13,14,4,13:14:04,52,Tahap-0
01/09/2025,13,14,4,13:14:04,108,Tahap-0
01/09/2025,13,14,4,13:14:04,-64,Tahap-0
01/09/2025,13,14,4,13:14:04,120,Tahap-0
01/09/2025,13,14,4,13:14:04,-16,Tahap-0
01/09/2025,13,14,5,13:14:05,88,Tahap-0
01/09/2025,13,14,5,13:14:05,-48,Tahap-0
01/09/2025,13,14,5,13:14:05,236,Tahap-0
01/09/2025,13,14,5,13:14:05,-136,Tahap-0
01/09/2025,13,14,5,13:14:05,140,Tahap-0
01/09/2025,13,14,5,13:14:05,-8,Tahap-0
01/09/2025,13,14,5,13:14:05,116,Tahap-0
01/09/2025,13,14,5,13:14:05,24,Tahap-0
01/09/2025,13,14,5,13:14:05,120,Tahap-0
01/09/2025,13,14,5,13:14:05,-108,Tahap-0
01/09/2025,13,14,6,13:14:06,120,Tahap-0
01/09/2025,13,14,6,13:14:06,-104,Tahap-0
01/09/2025,13,14,6,13:14:06,24,Tahap-0
01/09/2025,13,14,6,13:14:06,100,Tahap-0
01/09/2025,13,14,6,13:14:06,-144,Tahap-0
01/09/2025,13,14,6,13:14:06,24,Tahap-0
01/09/2025,13,14,6,13:14:06,-52,Tahap-0
01/09/2025,13,14,6,13:14:06,4,Tahap-0
01/09/2025,13,14,6,13:14:06,-72,Tahap-0
01/09/2025,13,14,6,13:14:06,56,Tahap-0
01/09/2025,13,14,7,13:14:07,-104,Tahap-0
01/09/2025,13,14,7,13:14:07,-8,Tahap-0
01/09/2025,13,14,7,13:14:07,-104,Tahap-0
01/09/2025,13,14,7,13:14:07,72,Tahap-0
01/09/2025,13,14,7,13:14:07,-80,Tahap-0
01/09/2025,13,14,7,13:14:07,-24,Tahap-0
01/09/2025,13,14,7,13:14:07,-20,Tahap-0
01/09/2025,13,14,7,13:14:07,-20,Tahap-0
01/09/2025,13,14,7,13:14:07,-8,Tahap-0
01/09/2025,13,14,7,13:14:07,-48,Tahap-0
01/09/2025,13,14,8,13:14:08,-12,Tahap-0
01/09/2025,13,14,8,13:14:08,32,Tahap-0
01/09/2025,13,14,8,13:14:08,-64,Tahap-0
01/09/2025,13,14,8,13:14:08,224,Tahap-0
01/09/2025,13,14,8,13:14:08,-160,Tahap-0
01/09/2025,13,14,8,13:14:08,144,Tahap-0
01/09/2025,13,14,8,13:14:08,52,Tahap-0
01/09/2025,13,14,8,13:14:08,112,Tahap-0
01/09/2025,13,14,8,13:14:08,-20,Tahap-0
01/09/2025,13,14,9,13:14:09,160,Tahap-0
01/09/2025,13,14,9,13:14:09,-64,Tahap-0
01/09/2025,13,14,9,13:14:09,164,Tahap-0
01/09/2025,13,14,9,13:14:09,-36,Tahap-0
01/09/2025,13,14,9,13:14:09,72,Tahap-0
01/09/2025,13,14,9,13:14:09,104,Tahap-0
01/09/2025,13,14,9,13:14:09,-132,Tahap-0
01/09/2025,13,14,9,13:14:09,68,Tahap-0
01/09/2025,13,14,9,13:14:09,-4,Tahap-0
01/09/2025,13,14,9,13:14:09,176,Tahap-0
01/09/2025,13,14,10,13:14:10,-68,Tahap-0
01/09/2025,13,14,10,13:14:10,76,Tahap-0
01/09/2025,13,14,10,13:14:10,-36,Tahap-0
01/09/2025,13,14,10,13:14:10,48,Tahap-0
01/09/2025,13,14,10,13:14:10,-108,Tahap-0
01/09/2025,13,14,10,13:14:10,180,Tahap-0
01/09/2025,13,14,10,13:14:10,-80,Tahap-0
01/09/2025,13,14,10,13:14:10,-28,Tahap-0
01/09/2025,13,14,10,13:14:10,48,Tahap-0
01/09/2025,13,14,11,13:14:11,16,Tahap-0
01/09/2025,13,14,11,13:14:11,108,Tahap-0
01/09/2025,13,14,11,13:14:11,-72,Tahap-0
01/09/2025,13,14,11,13:14:11,-40,Tahap-0
01/09/2025,13,14,11,13:14:11,24,Tahap-0
01/09/2025,13,14,11,13:14:11,-88,Tahap-0
01/09/2025,13,14,11,13:14:11,208,Tahap-0
01/09/2025,13,14,11,13:14:11,-84,Tahap-0
01/09/2025,13,14,11,13:14:11,8,Tahap-0
01/09/2025,13,14,11,13:14:11,16,Tahap-0
01/09/2025,13,14,12,13:14:12,120,Tahap-0
01/09/2025,13,14,12,13:14:12,-84,Tahap-0
01/09/2025,13,14,12,13:14:12,116,Tahap-0
01/09/2025,13,14,12,13:14:12,-36,Tahap-0
01/09/2025,13,14,12,13:14:12,-20,Tahap-0
01/09/2025,13,14,12,13:14:12,-60,Tahap-0
01/09/2025,13,14,12,13:14:12,48,Tahap-0
01/09/2025,13,14,12,13:14:12,-100,Tahap-0
01/09/2025,13,14,12,13:14:12,-36,Tahap-0
01/09/2025,13,14,13,13:14:13,-12,Tahap-0
01/09/2025,13,14,13,13:14:13,56,Tahap-0
01/09/2025,13,14,13,13:14:13,-52,Tahap-0
01/09/2025,13,14,13,13:14:13,32,Tahap-0
01/09/2025,13,14,13,13:14:13,-72,Tahap-0
01/09/2025,13,14,13,13:14:13,100,Tahap-0
01/09/2025,13,14,13,13:14:13,-164,Tahap-0
01/09/2025,13,14,13,13:14:13,68,Tahap-0
01/09/2025,13,14,13,13:14:13,-16,Tahap-0
01/09/2025,13,14,13,13:14:13,-80,Tahap-0
01/09/2025,13,14,14,13:14:14,16,Tahap-0
01/09/2025,13,14,14,13:14:14,72,Tahap-0
01/09/2025,13,14,14,13:14:14,-108,Tahap-0
01/09/2025,13,14,14,13:14:14,32,Tahap-0
01/09/2025,13,14,14,13:14:14,16,Tahap-0
01/09/2025,13,14,14,13:14:14,-32,Tahap-0
01/09/2025,13,14,14,13:14:14,132,Tahap-0
01/09/2025,13,14,14,13:14:14,-136,Tahap-0
01/09/2025,13,14,14,13:14:14,136,Tahap-0
01/09/2025,13,14,14,13:14:14,4,Tahap-0
01/09/2025,13,14,39,13:14:39,2060,Tahap-0
01/09/2025,13,14,39,13:14:39,2219,Tahap-0
01/09/2025,13,14,39,13:14:39,1767,Tahap-0
01/09/2025,13,14,39,13:14:39,556,Tahap-0
01/09/2025,13,14,39,13:14:39,557,Tahap-0
01/09/2025,13,14,39,13:14:39,722,Tahap-0
01/09/2025,13,14,40,13:14:40,730,Tahap-0
01/09/2025,13,14,40,13:14:40,408,Tahap-0
01/09/2025,13,14,40,13:14:40,418,Tahap-0
01/09/2025,13,14,40,13:14:40,183,Tahap-0
01/09/2025,13,14,40,13:14:40,291,Tahap-0
01/09/2025,13,14,40,13:14:40,299,Tahap-0
01/09/2025,13,14,40,13:14:40,170,Tahap-0
01/09/2025,13,14,40,13:14:40,218,Tahap-0
01/09/2025,13,14,40,13:14:40,198,Tahap-0
01/09/2025,13,14,40,13:14:40,185,Tahap-0
01/09/2025,13,14,41,13:14:41,143,Tahap-0
01/09/2025,13,14,41,13:14:41,180,Tahap-0
01/09/2025,13,14,41,13:14:41,72,Tahap-0
01/09/2025,13,14,41,13:14:41,201,Tahap-0
01/09/2025,13,14,41,13:14:41,85,Tahap-0
01/09/2025,13,14,41,13:14:41,234,Tahap-0
01/09/2025,13,14,41,13:14:41,254,Tahap-0
01/09/2025,13,14,41,13:14:41,17,Tahap-0
01/09/2025,13,14,41,13:14:41,304,Tahap-0
01/09/2025,13,14,41,13:14:41,160,Tahap-0
01/09/2025,13,14,42,13:14:42,197,Tahap-0
01/09/2025,13,14,42,13:14:42,242,Tahap-0
01/09/2025,13,14,42,13:14:42,106,Tahap-0
01/09/2025,13,14,42,13:14:42,235,Tahap-0
01/09/2025,13,14,42,13:14:42,114,Tahap-0
01/09/2025,13,14,42,13:14:42,135,Tahap-0
01/09/2025,13,14,42,13:14:42,123,Tahap-0
01/09/2025,13,14,42,13:14:42,139,Tahap-0
01/09/2025,13,14,42,13:14:42,141,Tahap-0
01/09/2025,13,14,42,13:14:42,202,Tahap-0
01/09/2025,13,14,43,13:14:43,81,Tahap-0
01/09/2025,13,14,43,13:14:43,115,Tahap-0
01/09/2025,13,14,43,13:14:43,121,Tahap-0
01/09/2025,13,14,43,13:14:43,119,Tahap-0
01/09/2025,13,14,43,13:14:43,25,Tahap-0
01/09/2025,13,14,43,13:14:43,112,Tahap-0
01/09/2025,13,14,43,13:14:43,494,Tahap-0
01/09/2025,13,14,43,13:14:43,143,Tahap-0
01/09/2025,13,14,43,13:14:43,64,Tahap-0
01/09/2025,13,14,43,13:14:43,166,Tahap-0
01/09/2025,13,14,44,13:14:44,202,Tahap-0
01/09/2025,13,14,44,13:14:44,314,Tahap-0
01/09/2025,13,14,44,13:14:44,102,Tahap-0
01/09/2025,13,14,44,13:14:44,90,Tahap-0
01/09/2025,13,14,44,13:14:44,129,Tahap-0
01/09/2025,13,14,44,13:14:44,56,Tahap-0
01/09/2025,13,14,44,13:14:44,158,Tahap-0
01/09/2025,13,14,44,13:14:44,58,Tahap-0
01/09/2025,13,14,44,13:14:44,76,Tahap-0
01/09/2025,13,14,44,13:14:44,58,Tahap-0
01/09/2025,13,14,45,13:14:45,85,Tahap-0
01/09/2025,13,14,45,13:14:45,170,Tahap-0
01/09/2025,13,14,45,13:14:45,140,Tahap-0
01/09/2025,13,14,45,13:14:45,41,Tahap-0
01/09/2025,13,14,45,13:14:45,96,Tahap-0
01/09/2025,13,14,45,13:14:45,162,Tahap-0
01/09/2025,13,14,45,13:14:45,67,Tahap-0
01/09/2025,13,14,45,13:14:45,282,Tahap-0
01/09/2025,13,14,45,13:14:45,156,Tahap-0
01/09/2025,13,14,45,13:14:45,226,Tahap-0
01/09/2025,13,14,46,13:14:46,177,Tahap-0
01/09/2025,13,14,46,13:14:46,50,Tahap-0
01/09/2025,13,14,46,13:14:46,178,Tahap-0
01/09/2025,13,14,46,13:14:46,187,Tahap-0
01/09/2025,13,14,46,13:14:46,612,Tahap-0
01/09/2025,13,14,46,13:14:46,513,Tahap-0
01/09/2025,13,14,46,13:14:46,400,Tahap-0
01/09/2025,13,14,46,13:14:46,403,Tahap-0
01/09/2025,13,14,46,13:14:46,62,Tahap-0
01/09/2025,13,14,46,13:14:46,177,Tahap-0
01/09/2025,13,14,47,13:14:47,208,Tahap-0
01/09/2025,13,14,47,13:14:47,69,Tahap-0
01/09/2025,13,14,47,13:14:47,159,Tahap-0
01/09/2025,13,14,47,13:14:47,104,Tahap-0
01/09/2025,13,14,47,13:14:47,142,Tahap-0
01/09/2025,13,14,47,13:14:47,322,Tahap-0
01/09/2025,13,14,47,13:14:47,187,Tahap-0
01/09/2025,13,14,47,13:14:47,327,Tahap-0
01/09/2025,13,14,47,13:14:47,250,Tahap-0
01/09/2025,13,14,47,13:14:47,872,Tahap-0
01/09/2025,13,14,47,13:14:47,421,Tahap-0
01/09/2025,13,14,48,13:14:48,320,Tahap-0
01/09/2025,13,14,48,13:14:48,234,Tahap-0
01/09/2025,13,14,48,13:14:48,240,Tahap-0
01/09/2025,13,14,48,13:14:48,199,Tahap-0
01/09/2025,13,14,48,13:14:48,233,Tahap-0
01/09/2025,13,14,48,13:14:48,365,Tahap-0
01/09/2025,13,14,48,13:14:48,300,Tahap-0
01/09/2025,13,14,48,13:14:48,1056,Tahap-0
01/09/2025,13,14,48,13:14:48,367,Tahap-0
01/09/2025,13,14,49,13:14:49,345,Tahap-0
01/09/2025,13,14,49,13:14:49,215,Tahap-0
01/09/2025,13,14,49,13:14:49,486,Tahap-0
01/09/2025,13,14,49,13:14:49,369,Tahap-0
01/09/2025,13,14,49,13:14:49,172,Tahap-0
01/09/2025,13,14,49,13:14:49,306,Tahap-0
01/09/2025,13,14,49,13:14:49,153,Tahap-0
01/09/2025,13,14,49,13:14:49,249,Tahap-0
01/09/2025,13,14,49,13:14:49,491,Tahap-0
01/09/2025,13,14,49,13:14:49,351,Tahap-0
01/09/2025,13,14,50,13:14:50,171,Tahap-0
01/09/2025,13,14,50,13:14:50,207,Tahap-0
01/09/2025,13,14,50,13:14:50,255,Tahap-0
01/09/2025,13,14,50,13:14:50,459,Tahap-0
01/09/2025,13,14,50,13:14:50,237,Tahap-0
01/09/2025,13,14,50,13:14:50,148,Tahap-0
01/09/2025,13,14,50,13:14:50,205,Tahap-0
01/09/2025,13,14,50,13:14:50,130,Tahap-0
01/09/2025,13,14,50,13:14:50,430,Tahap-0
01/09/2025,13,14,50,13:14:50,290,Tahap-0
01/09/2025,13,14,50,13:14:50,130,Tahap-0
01/09/2025,13,14,51,13:14:51,534,Tahap-0
01/09/2025,13,14,51,13:14:51,513,Tahap-0
01/09/2025,13,14,51,13:14:51,1354,Tahap-0
01/09/2025,13,14,51,13:14:51,757,Tahap-0
01/09/2025,13,14,51,13:14:51,600,Tahap-0
01/09/2025,13,14,51,13:14:51,617,Tahap-0
01/09/2025,13,14,51,13:14:51,404,Tahap-0
01/09/2025,13,14,51,13:14:51,174,Tahap-0
01/09/2025,13,14,51,13:14:51,210,Tahap-0
01/09/2025,13,14,51,13:14:51,262,Tahap-0
01/09/2025,13,14,52,13:14:52,-48,Tahap-0
01/09/2025,13,14,52,13:14:52,36,Tahap-0
01/09/2025,13,14,52,13:14:52,28,Tahap-0
01/09/2025,13,14,52,13:14:52,60,Tahap-0
01/09/2025,13,14,52,13:14:52,-124,Tahap-0
01/09/2025,13,14,52,13:14:52,140,Tahap-0
01/09/2025,13,14,52,13:14:52,-88,Tahap-0
01/09/2025,13,14,52,13:14:52,128,Tahap-0
01/09/2025,13,14,52,13:14:52,-56,Tahap-0
01/09/2025,13,14,52,13:14:52,128,Tahap-0
01/09/2025,13,14,53,13:14:53,-24,Tahap-0
01/09/2025,13,14,53,13:14:53,-8,Tahap-0
01/09/2025,13,14,53,13:14:53,48,Tahap-0
01/09/2025,13,14,53,13:14:53,100,Tahap-0
01/09/2025,13,14,53,13:14:53,-12,Tahap-0
01/09/2025,13,14,53,13:14:53,92,Tahap-0
01/09/2025,13,14,53,13:14:53,-96,Tahap-0
01/09/2025,13,14,53,13:14:53,8,Tahap-0
01/09/2025,13,14,53,13:14:53,-68,Tahap-0
01/09/2025,13,14,53,13:14:53,-128,Tahap-0
01/09/2025,13,14,54,13:14:54,120,Tahap-0
01/09/2025,13,14,54,13:14:54,-124,Tahap-0
01/09/2025,13,14,54,13:14:54,-88,Tahap-0
01/09/2025,13,14,54,13:14:54,-8,Tahap-0
01/09/2025,13,14,54,13:14:54,20,Tahap-0
01/09/2025,13,14,54,13:14:54,-88,Tahap-0
01/09/2025,13,14,54,13:14:54,64,Tahap-0
01/09/2025,13,14,54,13:14:54,-120,Tahap-0
01/09/2025,13,14,54,13:14:54,-80,Tahap-0
01/09/2025,13,14,54,13:14:54,-56,Tahap-0
01/09/2025,13,14,55,13:14:55,-116,Tahap-0
01/09/2025,13,14,55,13:14:55,88,Tahap-0
01/09/2025,13,14,55,13:14:55,-140,Tahap-0
01/09/2025,13,14,55,13:14:55,-8,Tahap-0
01/09/2025,13,14,55,13:14:55,-68,Tahap-0
01/09/2025,13,14,55,13:14:55,52,Tahap-0
01/09/2025,13,14,55,13:14:55,-80,Tahap-0
01/09/2025,13,14,55,13:14:55,68,Tahap-0
01/09/2025,13,14,55,13:14:55,-116,Tahap-0
01/09/2025,13,14,55,13:14:55,28,Tahap-0
01/09/2025,13,14,56,13:14:56,-184,Tahap-0
01/09/2025,13,14,56,13:14:56,-12,Tahap-0
01/09/2025,13,14,56,13:14:56,-52,Tahap-0
01/09/2025,13,14,56,13:14:56,-148,Tahap-0
01/09/2025,13,14,56,13:14:56,40,Tahap-0
01/09/2025,13,14,56,13:14:56,-40,Tahap-0
01/09/2025,13,14,56,13:14:56,-116,Tahap-0
01/09/2025,13,14,56,13:14:56,-36,Tahap-0
01/09/2025,13,14,56,13:14:56,-32,Tahap-0
01/09/2025,13,14,56,13:14:56,-64,Tahap-0
01/09/2025,13,14,57,13:14:57,40,Tahap-0
01/09/2025,13,14,57,13:14:57,-156,Tahap-0
01/09/2025,13,14,57,13:14:57,48,Tahap-0
01/09/2025,13,14,57,13:14:57,-84,Tahap-0
01/09/2025,13,14,57,13:14:57,-72,Tahap-0
01/09/2025,13,14,57,13:14:57,16,Tahap-0
01/09/2025,13,14,57,13:14:57,92,Tahap-0
01/09/2025,13,14,57,13:14:57,-52,Tahap-0
01/09/2025,13,14,57,13:14:57,24,Tahap-0
01/09/2025,13,14,57,13:14:57,36,Tahap-0
01/09/2025,13,14,58,13:14:58,-68,Tahap-0
01/09/2025,13,14,58,13:14:58,76,Tahap-0
01/09/2025,13,14,58,13:14:58,-32,Tahap-0
01/09/2025,13,14,58,13:14:58,92,Tahap-0
01/09/2025,13,14,58,13:14:58,-52,Tahap-0
01/09/2025,13,14,58,13:14:58,16,Tahap-0
01/09/2025,13,14,58,13:14:58,44,Tahap-0
01/09/2025,13,14,58,13:14:58,140,Tahap-0
01/09/2025,13,14,58,13:14:58,56,Tahap-0
01/09/2025,13,14,58,13:14:58,84,Tahap-0
01/09/2025,13,14,59,13:14:59,-4,Tahap-0
01/09/2025,13,14,59,13:14:59,152,Tahap-0
01/09/2025,13,14,59,13:14:59,-84,Tahap-0
01/09/2025,13,14,59,13:14:59,276,Tahap-0
01/09/2025,13,14,59,13:14:59,-72,Tahap-0
01/09/2025,13,14,59,13:14:59,164,Tahap-0
01/09/2025,13,14,59,13:14:59,52,Tahap-0
01/09/2025,13,14,59,13:14:59,112,Tahap-0
01/09/2025,13,14,59,13:14:59,84,Tahap-0
01/09/2025,13,14,59,13:14:59,184,Tahap-0
01/09/2025,13,15,1,13:15:01,112,Tahap-0
01/09/2025,13,15,1,13:15:01,212,Tahap-0
01/09/2025,13,15,1,13:15:01,108,Tahap-0
01/09/2025,13,15,1,13:15:01,184,Tahap-0
01/09/2025,13,15,1,13:15:01,132,Tahap-0
01/09/2025,13,15,1,13:15:01,128,Tahap-0
01/09/2025,13,15,1,13:15:01,216,Tahap-0
01/09/2025,13,15,1,13:15:01,92,Tahap-0
01/09/2025,13,15,1,13:15:01,188,Tahap-0
01/09/2025,13,15,1,13:15:01,168,Tahap-0
