Tanggal,Jam,Menit,Detik,Waktu,frekuensi,label
01/13/2025,10,9,18,10:09:18,1366,Tahap-2
01/13/2025,10,9,18,10:09:18,201,Tahap-2
01/13/2025,10,9,19,10:09:19,130,Tahap-2
01/13/2025,10,9,19,10:09:19,260,Tahap-2
01/13/2025,10,9,19,10:09:19,118,Tahap-2
01/13/2025,10,9,19,10:09:19,88,Tahap-2
01/13/2025,10,9,19,10:09:19,43,Tahap-2
01/13/2025,10,9,19,10:09:19,124,Tahap-2
01/13/2025,10,9,19,10:09:19,33,Tahap-2
01/13/2025,10,9,19,10:09:19,88,Tahap-2
01/13/2025,10,9,19,10:09:19,41,Tahap-2
01/13/2025,10,9,19,10:09:19,101,Tahap-2
01/13/2025,10,9,20,10:09:20,89,Tahap-2
01/13/2025,10,9,20,10:09:20,16,Tahap-2
01/13/2025,10,9,20,10:09:20,25,Tahap-2
01/13/2025,10,9,20,10:09:20,131,Tahap-2
01/13/2025,10,9,20,10:09:20,94,Tahap-2
01/13/2025,10,9,20,10:09:20,41,Tahap-2
01/13/2025,10,9,20,10:09:20,84,Tahap-2
01/13/2025,10,9,20,10:09:20,37,Tahap-2
01/13/2025,10,9,20,10:09:20,75,Tahap-2
01/13/2025,10,9,20,10:09:20,131,Tahap-2
01/13/2025,10,9,21,10:09:21,235,Tahap-2
01/13/2025,10,9,21,10:09:21,285,Tahap-2
01/13/2025,10,9,21,10:09:21,135,Tahap-2
01/13/2025,10,9,21,10:09:21,40,Tahap-2
01/13/2025,10,9,21,10:09:21,115,Tahap-2
01/13/2025,10,9,21,10:09:21,108,Tahap-2
01/13/2025,10,9,21,10:09:21,60,Tahap-2
01/13/2025,10,9,21,10:09:21,66,Tahap-2
01/13/2025,10,9,21,10:09:21,67,Tahap-2
01/13/2025,10,9,21,10:09:21,55,Tahap-2
01/13/2025,10,9,22,10:09:22,88,Tahap-2
01/13/2025,10,9,22,10:09:22,50,Tahap-2
01/13/2025,10,9,22,10:09:22,134,Tahap-2
01/13/2025,10,9,22,10:09:22,37,Tahap-2
01/13/2025,10,9,22,10:09:22,41,Tahap-2
01/13/2025,10,9,22,10:09:22,138,Tahap-2
01/13/2025,10,9,22,10:09:22,64,Tahap-2
01/13/2025,10,9,22,10:09:22,88,Tahap-2
01/13/2025,10,9,22,10:09:22,73,Tahap-2
01/13/2025,10,9,22,10:09:22,95,Tahap-2
01/13/2025,10,9,23,10:09:23,270,Tahap-2
01/13/2025,10,9,23,10:09:23,358,Tahap-2
01/13/2025,10,9,23,10:09:23,73,Tahap-2
01/13/2025,10,9,23,10:09:23,212,Tahap-2
01/13/2025,10,9,23,10:09:23,143,Tahap-2
01/13/2025,10,9,23,10:09:23,52,Tahap-2
01/13/2025,10,9,23,10:09:23,172,Tahap-2
01/13/2025,10,9,23,10:09:23,81,Tahap-2
01/13/2025,10,9,23,10:09:23,53,Tahap-2
01/13/2025,10,9,23,10:09:23,47,Tahap-2
01/13/2025,10,9,24,10:09:24,50,Tahap-2
01/13/2025,10,9,24,10:09:24,21,Tahap-2
01/13/2025,10,9,24,10:09:24,71,Tahap-2
01/13/2025,10,9,24,10:09:24,14,Tahap-2
01/13/2025,10,9,24,10:09:24,45,Tahap-2
01/13/2025,10,9,24,10:09:24,14,Tahap-2
01/13/2025,10,9,24,10:09:24,55,Tahap-2
01/13/2025,10,9,24,10:09:24,94,Tahap-2
01/13/2025,10,9,24,10:09:24,85,Tahap-2
01/13/2025,10,9,24,10:09:24,100,Tahap-2
01/13/2025,10,9,25,10:09:25,31,Tahap-2
01/13/2025,10,9,25,10:09:25,52,Tahap-2
01/13/2025,10,9,25,10:09:25,119,Tahap-2
01/13/2025,10,9,25,10:09:25,179,Tahap-2
01/13/2025,10,9,25,10:09:25,128,Tahap-2
01/13/2025,10,9,25,10:09:25,20,Tahap-2
01/13/2025,10,9,25,10:09:25,63,Tahap-2
01/13/2025,10,9,25,10:09:25,262,Tahap-2
01/13/2025,10,9,25,10:09:25,300,Tahap-2
01/13/2025,10,9,25,10:09:25,466,Tahap-2
01/13/2025,10,9,26,10:09:26,238,Tahap-2
01/13/2025,10,9,26,10:09:26,267,Tahap-2
01/13/2025,10,9,26,10:09:26,166,Tahap-2
01/13/2025,10,9,26,10:09:26,86,Tahap-2
01/13/2025,10,9,26,10:09:26,148,Tahap-2
01/13/2025,10,9,26,10:09:26,67,Tahap-2
01/13/2025,10,9,26,10:09:26,57,Tahap-2
01/13/2025,10,9,26,10:09:26,103,Tahap-2
01/13/2025,10,9,26,10:09:26,123,Tahap-2
01/13/2025,10,9,26,10:09:26,95,Tahap-2
01/13/2025,10,9,27,10:09:27,282,Tahap-2
01/13/2025,10,9,27,10:09:27,235,Tahap-2
01/13/2025,10,9,27,10:09:27,68,Tahap-2
01/13/2025,10,9,27,10:09:27,104,Tahap-2
01/13/2025,10,9,27,10:09:27,1116,Tahap-2
01/13/2025,10,9,27,10:09:27,182,Tahap-2
01/13/2025,10,9,27,10:09:27,85,Tahap-2
01/13/2025,10,9,27,10:09:27,249,Tahap-2
01/13/2025,10,9,27,10:09:27,160,Tahap-2
01/13/2025,10,9,27,10:09:27,67,Tahap-2
01/13/2025,10,9,28,10:09:28,112,Tahap-2
01/13/2025,10,9,28,10:09:28,195,Tahap-2
01/13/2025,10,9,28,10:09:28,242,Tahap-2
01/13/2025,10,9,28,10:09:28,1067,Tahap-2
01/13/2025,10,9,28,10:09:28,107,Tahap-2
01/13/2025,10,9,28,10:09:28,401,Tahap-2
01/13/2025,10,9,28,10:09:28,260,Tahap-2
01/13/2025,10,9,28,10:09:28,107,Tahap-2
01/13/2025,10,9,28,10:09:28,142,Tahap-2
01/13/2025,10,9,28,10:09:28,268,Tahap-2
01/13/2025,10,9,29,10:09:29,130,Tahap-2
01/13/2025,10,9,29,10:09:29,136,Tahap-2
01/13/2025,10,9,29,10:09:29,107,Tahap-2
01/13/2025,10,9,29,10:09:29,95,Tahap-2
01/13/2025,10,9,29,10:09:29,173,Tahap-2
01/13/2025,10,9,29,10:09:29,91,Tahap-2
01/13/2025,10,9,29,10:09:29,198,Tahap-2
01/13/2025,10,9,29,10:09:29,314,Tahap-2
01/13/2025,10,9,29,10:09:29,348,Tahap-2
01/13/2025,10,9,29,10:09:29,296,Tahap-2
01/13/2025,10,9,30,10:09:30,151,Tahap-2
01/13/2025,10,9,30,10:09:30,81,Tahap-2
01/13/2025,10,9,30,10:09:30,279,Tahap-2
01/13/2025,10,9,30,10:09:30,197,Tahap-2
01/13/2025,10,9,30,10:09:30,68,Tahap-2
01/13/2025,10,9,30,10:09:30,357,Tahap-2
01/13/2025,10,9,30,10:09:30,415,Tahap-2
01/13/2025,10,9,30,10:09:30,1870,Tahap-2
01/13/2025,10,9,30,10:09:30,457,Tahap-2
01/13/2025,10,9,30,10:09:30,259,Tahap-2
01/13/2025,10,9,31,10:09:31,104,Tahap-2
01/13/2025,10,9,31,10:09:31,188,Tahap-2
01/13/2025,10,9,31,10:09:31,356,Tahap-2
01/13/2025,10,9,31,10:09:31,580,Tahap-2
01/13/2025,10,9,31,10:09:31,336,Tahap-2
01/13/2025,10,9,31,10:09:31,-8,Tahap-2
01/13/2025,10,9,31,10:09:31,-48,Tahap-2
01/13/2025,10,9,31,10:09:31,256,Tahap-2
01/13/2025,10,9,31,10:09:31,-104,Tahap-2
01/13/2025,10,9,31,10:09:31,128,Tahap-2
01/13/2025,10,9,32,10:09:32,-16,Tahap-2
01/13/2025,10,9,32,10:09:32,64,Tahap-2
01/13/2025,10,9,32,10:09:32,-8,Tahap-2
01/13/2025,10,9,32,10:09:32,192,Tahap-2
01/13/2025,10,9,32,10:09:32,-216,Tahap-2
01/13/2025,10,9,32,10:09:32,320,Tahap-2
01/13/2025,10,9,32,10:09:32,-240,Tahap-2
01/13/2025,10,9,32,10:09:32,112,Tahap-2
01/13/2025,10,9,32,10:09:32,104,Tahap-2
01/13/2025,10,9,32,10:09:32,216,Tahap-2
01/13/2025,10,9,33,10:09:33,-88,Tahap-2
01/13/2025,10,9,33,10:09:33,224,Tahap-2
01/13/2025,10,9,33,10:09:33,8,Tahap-2
01/13/2025,10,9,33,10:09:33,80,Tahap-2
01/13/2025,10,9,33,10:09:33,184,Tahap-2
01/13/2025,10,9,33,10:09:33,24,Tahap-2
01/13/2025,10,9,33,10:09:33,272,Tahap-2
01/13/2025,10,9,33,10:09:33,-128,Tahap-2
01/13/2025,10,9,33,10:09:33,160,Tahap-2
01/13/2025,10,9,33,10:09:33,56,Tahap-2
01/13/2025,10,9,34,10:09:34,296,Tahap-2
01/13/2025,10,9,34,10:09:34,96,Tahap-2
01/13/2025,10,9,34,10:09:34,56,Tahap-2
01/13/2025,10,9,34,10:09:34,24,Tahap-2
01/13/2025,10,9,34,10:09:34,168,Tahap-2
01/13/2025,10,9,34,10:09:34,-32,Tahap-2
01/13/2025,10,9,34,10:09:34,232,Tahap-2
01/13/2025,10,9,34,10:09:34,128,Tahap-2
01/13/2025,10,9,34,10:09:34,-120,Tahap-2
01/13/2025,10,9,34,10:09:34,256,Tahap-2
01/13/2025,10,9,35,10:09:35,-40,Tahap-2
01/13/2025,10,9,35,10:09:35,136,Tahap-2
01/13/2025,10,9,35,10:09:35,136,Tahap-2
01/13/2025,10,9,35,10:09:35,152,Tahap-2
01/13/2025,10,9,35,10:09:35,-112,Tahap-2
01/13/2025,10,9,35,10:09:35,320,Tahap-2
01/13/2025,10,9,35,10:09:35,-264,Tahap-2
01/13/2025,10,9,35,10:09:35,376,Tahap-2
01/13/2025,10,9,35,10:09:35,-128,Tahap-2
01/13/2025,10,9,35,10:09:35,128,Tahap-2
01/13/2025,10,9,36,10:09:36,64,Tahap-2
01/13/2025,10,9,36,10:09:36,224,Tahap-2
01/13/2025,10,9,36,10:09:36,-64,Tahap-2
01/13/2025,10,9,36,10:09:36,208,Tahap-2
01/13/2025,10,9,36,10:09:36,88,Tahap-2
01/13/2025,10,9,36,10:09:36,64,Tahap-2
01/13/2025,10,9,36,10:09:36,-8,Tahap-2
01/13/2025,10,9,36,10:09:36,24,Tahap-2
01/13/2025,10,9,36,10:09:36,216,Tahap-2
01/13/2025,10,9,36,10:09:36,-96,Tahap-2
01/13/2025,10,9,37,10:09:37,264,Tahap-2
01/13/2025,10,9,37,10:09:37,64,Tahap-2
01/13/2025,10,9,37,10:09:37,232,Tahap-2
01/13/2025,10,9,37,10:09:37,-16,Tahap-2
01/13/2025,10,9,37,10:09:37,216,Tahap-2
01/13/2025,10,9,37,10:09:37,40,Tahap-2
01/13/2025,10,9,37,10:09:37,288,Tahap-2
01/13/2025,10,9,37,10:09:37,-216,Tahap-2
01/13/2025,10,9,37,10:09:37,232,Tahap-2
01/13/2025,10,9,37,10:09:37,128,Tahap-2
01/13/2025,10,9,38,10:09:38,-144,Tahap-2
01/13/2025,10,9,38,10:09:38,240,Tahap-2
01/13/2025,10,9,38,10:09:38,200,Tahap-2
01/13/2025,10,9,38,10:09:38,136,Tahap-2
01/13/2025,10,9,38,10:09:38,56,Tahap-2
01/13/2025,10,9,39,10:09:39,240,Tahap-2
01/13/2025,10,9,39,10:09:39,-144,Tahap-2
01/13/2025,10,9,39,10:09:39,328,Tahap-2
01/13/2025,10,9,39,10:09:39,-128,Tahap-2
01/13/2025,10,9,39,10:09:39,256,Tahap-2
01/13/2025,10,9,39,10:09:39,8,Tahap-2
01/13/2025,10,9,39,10:09:39,48,Tahap-2
01/13/2025,10,9,39,10:09:39,48,Tahap-2
01/13/2025,10,9,39,10:09:39,168,Tahap-2
01/13/2025,10,9,39,10:09:39,112,Tahap-2
01/13/2025,10,9,39,10:09:39,8,Tahap-2
01/13/2025,10,9,39,10:09:39,168,Tahap-2
01/13/2025,10,9,39,10:09:39,-40,Tahap-2
01/13/2025,10,9,39,10:09:39,176,Tahap-2
01/13/2025,10,9,39,10:09:39,-56,Tahap-2
01/13/2025,10,9,40,10:09:40,280,Tahap-2
01/13/2025,10,9,40,10:09:40,-136,Tahap-2
01/13/2025,10,9,40,10:09:40,136,Tahap-2
01/13/2025,10,9,40,10:09:40,64,Tahap-2
01/13/2025,10,9,40,10:09:40,96,Tahap-2
01/13/2025,10,9,40,10:09:40,64,Tahap-2
01/13/2025,10,9,40,10:09:40,-88,Tahap-2
01/13/2025,10,9,40,10:09:40,24,Tahap-2
01/13/2025,10,9,40,10:09:40,-160,Tahap-2
01/13/2025,10,9,41,10:09:41,-16,Tahap-2
01/13/2025,10,9,41,10:09:41,224,Tahap-2
01/13/2025,10,9,41,10:09:41,-216,Tahap-2
01/13/2025,10,9,41,10:09:41,48,Tahap-2
01/13/2025,10,9,41,10:09:41,32,Tahap-2
01/13/2025,10,9,41,10:09:41,-96,Tahap-2
01/13/2025,10,9,41,10:09:41,-24,Tahap-2
01/13/2025,10,9,41,10:09:41,200,Tahap-2
01/13/2025,10,9,41,10:09:41,-144,Tahap-2
01/13/2025,10,9,41,10:09:41,24,Tahap-2
01/13/2025,10,9,42,10:09:42,-136,Tahap-2
01/13/2025,10,9,42,10:09:42,-72,Tahap-2
01/13/2025,10,9,42,10:09:42,104,Tahap-2
01/13/2025,10,9,42,10:09:42,-72,Tahap-2
01/13/2025,10,9,42,10:09:42,8,Tahap-2
01/13/2025,10,9,42,10:09:42,-48,Tahap-2
01/13/2025,10,9,42,10:09:42,8,Tahap-2
01/13/2025,10,9,42,10:09:42,-144,Tahap-2
01/13/2025,10,9,42,10:09:42,48,Tahap-2
01/13/2025,10,9,42,10:09:42,-64,Tahap-2
01/13/2025,10,9,43,10:09:43,-64,Tahap-2
01/13/2025,10,9,43,10:09:43,-232,Tahap-2
01/13/2025,10,9,43,10:09:43,168,Tahap-2
01/13/2025,10,9,43,10:09:43,-280,Tahap-2
01/13/2025,10,9,43,10:09:43,96,Tahap-2
01/13/2025,10,9,43,10:09:43,80,Tahap-2
01/13/2025,10,9,43,10:09:43,-32,Tahap-2
01/13/2025,10,9,43,10:09:43,-64,Tahap-2
01/13/2025,10,9,43,10:09:43,88,Tahap-2
01/13/2025,10,9,43,10:09:43,-216,Tahap-2
01/13/2025,10,9,44,10:09:44,128,Tahap-2
01/13/2025,10,9,44,10:09:44,-128,Tahap-2
01/13/2025,10,9,44,10:09:44,-144,Tahap-2
01/13/2025,10,9,44,10:09:44,112,Tahap-2
01/13/2025,10,10,9,10:10:09,449,Tahap-2
01/13/2025,10,10,9,10:10:09,255,Tahap-2
01/13/2025,10,10,9,10:10:09,225,Tahap-2
01/13/2025,10,10,9,10:10:09,195,Tahap-2
01/13/2025,10,10,9,10:10:09,221,Tahap-2
01/13/2025,10,10,9,10:10:09,130,Tahap-2
01/13/2025,10,10,9,10:10:09,63,Tahap-2
01/13/2025,10,10,9,10:10:09,55,Tahap-2
01/13/2025,10,10,9,10:10:09,58,Tahap-2
01/13/2025,10,10,9,10:10:09,137,Tahap-2
01/13/2025,10,10,9,10:10:09,23,Tahap-2
01/13/2025,10,10,9,10:10:09,144,Tahap-2
01/13/2025,10,10,9,10:10:09,92,Tahap-2
01/13/2025,10,10,10,10:10:10,124,Tahap-2
01/13/2025,10,10,10,10:10:10,46,Tahap-2
01/13/2025,10,10,10,10:10:10,33,Tahap-2
01/13/2025,10,10,10,10:10:10,52,Tahap-2
01/13/2025,10,10,10,10:10:10,169,Tahap-2
01/13/2025,10,10,10,10:10:10,54,Tahap-2
01/13/2025,10,10,10,10:10:10,114,Tahap-2
01/13/2025,10,10,10,10:10:10,83,Tahap-2
01/13/2025,10,10,10,10:10:10,138,Tahap-2
01/13/2025,10,10,10,10:10:10,291,Tahap-2
01/13/2025,10,10,11,10:10:11,483,Tahap-2
01/13/2025,10,10,11,10:10:11,80,Tahap-2
01/13/2025,10,10,11,10:10:11,146,Tahap-2
01/13/2025,10,10,11,10:10:11,81,Tahap-2
01/13/2025,10,10,11,10:10:11,128,Tahap-2
01/13/2025,10,10,11,10:10:11,75,Tahap-2
01/13/2025,10,10,11,10:10:11,162,Tahap-2
01/13/2025,10,10,11,10:10:11,94,Tahap-2
01/13/2025,10,10,11,10:10:11,32,Tahap-2
01/13/2025,10,10,11,10:10:11,109,Tahap-2
01/13/2025,10,10,12,10:10:12,118,Tahap-2
01/13/2025,10,10,12,10:10:12,136,Tahap-2
01/13/2025,10,10,12,10:10:12,43,Tahap-2
01/13/2025,10,10,12,10:10:12,33,Tahap-2
01/13/2025,10,10,12,10:10:12,98,Tahap-2
01/13/2025,10,10,12,10:10:12,45,Tahap-2
01/13/2025,10,10,12,10:10:12,192,Tahap-2
01/13/2025,10,10,12,10:10:12,51,Tahap-2
01/13/2025,10,10,12,10:10:12,87,Tahap-2
01/13/2025,10,10,12,10:10:12,467,Tahap-2
01/13/2025,10,10,13,10:10:13,163,Tahap-2
01/13/2025,10,10,13,10:10:13,24,Tahap-2
01/13/2025,10,10,13,10:10:13,96,Tahap-2
01/13/2025,10,10,13,10:10:13,178,Tahap-2
01/13/2025,10,10,13,10:10:13,174,Tahap-2
01/13/2025,10,10,13,10:10:13,90,Tahap-2
01/13/2025,10,10,13,10:10:13,163,Tahap-2
01/13/2025,10,10,13,10:10:13,57,Tahap-2
01/13/2025,10,10,13,10:10:13,46,Tahap-2
01/13/2025,10,10,13,10:10:13,168,Tahap-2
01/13/2025,10,10,14,10:10:14,45,Tahap-2
01/13/2025,10,10,14,10:10:14,123,Tahap-2
01/13/2025,10,10,14,10:10:14,73,Tahap-2
01/13/2025,10,10,14,10:10:14,102,Tahap-2
01/13/2025,10,10,14,10:10:14,19,Tahap-2
01/13/2025,10,10,14,10:10:14,67,Tahap-2
01/13/2025,10,10,14,10:10:14,169,Tahap-2
01/13/2025,10,10,14,10:10:14,39,Tahap-2
01/13/2025,10,10,14,10:10:14,163,Tahap-2
01/13/2025,10,10,14,10:10:14,58,Tahap-2
01/13/2025,10,10,15,10:10:15,92,Tahap-2
01/13/2025,10,10,15,10:10:15,151,Tahap-2
01/13/2025,10,10,15,10:10:15,125,Tahap-2
01/13/2025,10,10,15,10:10:15,382,Tahap-2
01/13/2025,10,10,15,10:10:15,344,Tahap-2
01/13/2025,10,10,15,10:10:15,319,Tahap-2
01/13/2025,10,10,15,10:10:15,205,Tahap-2
01/13/2025,10,10,15,10:10:15,503,Tahap-2
01/13/2025,10,10,15,10:10:15,71,Tahap-2
01/13/2025,10,10,15,10:10:15,332,Tahap-2
01/13/2025,10,10,16,10:10:16,86,Tahap-2
01/13/2025,10,10,16,10:10:16,29,Tahap-2
01/13/2025,10,10,16,10:10:16,304,Tahap-2
01/13/2025,10,10,16,10:10:16,198,Tahap-2
01/13/2025,10,10,16,10:10:16,91,Tahap-2
01/13/2025,10,10,16,10:10:16,96,Tahap-2
01/13/2025,10,10,16,10:10:16,119,Tahap-2
01/13/2025,10,10,16,10:10:16,85,Tahap-2
01/13/2025,10,10,16,10:10:16,299,Tahap-2
01/13/2025,10,10,16,10:10:16,240,Tahap-2
01/13/2025,10,10,17,10:10:17,106,Tahap-2
01/13/2025,10,10,17,10:10:17,108,Tahap-2
01/13/2025,10,10,17,10:10:17,868,Tahap-2
01/13/2025,10,10,17,10:10:17,92,Tahap-2
01/13/2025,10,10,17,10:10:17,198,Tahap-2
01/13/2025,10,10,17,10:10:17,304,Tahap-2
01/13/2025,10,10,17,10:10:17,259,Tahap-2
01/13/2025,10,10,17,10:10:17,246,Tahap-2
01/13/2025,10,10,17,10:10:17,228,Tahap-2
01/13/2025,10,10,17,10:10:17,779,Tahap-2
01/13/2025,10,10,18,10:10:18,869,Tahap-2
01/13/2025,10,10,18,10:10:18,884,Tahap-2
01/13/2025,10,10,18,10:10:18,73,Tahap-2
01/13/2025,10,10,18,10:10:18,423,Tahap-2
01/13/2025,10,10,18,10:10:18,272,Tahap-2
01/13/2025,10,10,18,10:10:18,89,Tahap-2
01/13/2025,10,10,18,10:10:18,382,Tahap-2
01/13/2025,10,10,18,10:10:18,167,Tahap-2
01/13/2025,10,10,18,10:10:18,185,Tahap-2
01/13/2025,10,10,18,10:10:18,263,Tahap-2
01/13/2025,10,10,19,10:10:19,48,Tahap-2
01/13/2025,10,10,19,10:10:19,261,Tahap-2
01/13/2025,10,10,19,10:10:19,99,Tahap-2
01/13/2025,10,10,19,10:10:19,49,Tahap-2
01/13/2025,10,10,19,10:10:19,40,Tahap-2
01/13/2025,10,10,19,10:10:19,136,Tahap-2
01/13/2025,10,10,19,10:10:19,713,Tahap-2
01/13/2025,10,10,19,10:10:19,248,Tahap-2
01/13/2025,10,10,19,10:10:19,157,Tahap-2
01/13/2025,10,10,19,10:10:19,198,Tahap-2
01/13/2025,10,10,20,10:10:20,358,Tahap-2
01/13/2025,10,10,20,10:10:20,248,Tahap-2
01/13/2025,10,10,20,10:10:20,194,Tahap-2
01/13/2025,10,10,20,10:10:20,501,Tahap-2
01/13/2025,10,10,20,10:10:20,723,Tahap-2
01/13/2025,10,10,20,10:10:20,767,Tahap-2
01/13/2025,10,10,20,10:10:20,11,Tahap-2
01/13/2025,10,10,20,10:10:20,411,Tahap-2
01/13/2025,10,10,20,10:10:20,484,Tahap-2
01/13/2025,10,10,20,10:10:20,580,Tahap-2
01/13/2025,10,10,21,10:10:21,178,Tahap-2
01/13/2025,10,10,21,10:10:21,608,Tahap-2
01/13/2025,10,10,21,10:10:21,461,Tahap-2
01/13/2025,10,10,21,10:10:21,628,Tahap-2
01/13/2025,10,10,21,10:10:21,-16,Tahap-2
01/13/2025,10,10,21,10:10:21,64,Tahap-2
01/13/2025,10,10,21,10:10:21,-240,Tahap-2
01/13/2025,10,10,21,10:10:21,272,Tahap-2
01/13/2025,10,10,21,10:10:21,-208,Tahap-2
01/13/2025,10,10,21,10:10:21,104,Tahap-2
01/13/2025,10,10,22,10:10:22,40,Tahap-2
01/13/2025,10,10,22,10:10:22,8,Tahap-2
01/13/2025,10,10,22,10:10:22,-88,Tahap-2
01/13/2025,10,10,22,10:10:22,112,Tahap-2
01/13/2025,10,10,22,10:10:22,88,Tahap-2
01/13/2025,10,10,22,10:10:22,40,Tahap-2
01/13/2025,10,10,22,10:10:22,-48,Tahap-2
01/13/2025,10,10,22,10:10:22,-200,Tahap-2
01/13/2025,10,10,22,10:10:22,216,Tahap-2
01/13/2025,10,10,22,10:10:22,-240,Tahap-2
01/13/2025,10,10,23,10:10:23,328,Tahap-2
01/13/2025,10,10,23,10:10:23,-104,Tahap-2
01/13/2025,10,10,23,10:10:23,112,Tahap-2
01/13/2025,10,10,23,10:10:23,-32,Tahap-2
01/13/2025,10,10,23,10:10:23,32,Tahap-2
01/13/2025,10,10,23,10:10:23,-96,Tahap-2
01/13/2025,10,10,23,10:10:23,136,Tahap-2
01/13/2025,10,10,23,10:10:23,-184,Tahap-2
01/13/2025,10,10,23,10:10:23,-16,Tahap-2
01/13/2025,10,10,23,10:10:23,88,Tahap-2
01/13/2025,10,10,24,10:10:24,-104,Tahap-2
01/13/2025,10,10,24,10:10:24,24,Tahap-2
01/13/2025,10,10,24,10:10:24,184,Tahap-2
01/13/2025,10,10,24,10:10:24,-200,Tahap-2
01/13/2025,10,10,24,10:10:24,136,Tahap-2
01/13/2025,10,10,24,10:10:24,-80,Tahap-2
01/13/2025,10,10,24,10:10:24,48,Tahap-2
01/13/2025,10,10,24,10:10:24,-104,Tahap-2
01/13/2025,10,10,24,10:10:24,-120,Tahap-2
01/13/2025,10,10,25,10:10:25,168,Tahap-2
01/13/2025,10,10,25,10:10:25,-328,Tahap-2
01/13/2025,10,10,25,10:10:25,16,Tahap-2
01/13/2025,10,10,25,10:10:25,136,Tahap-2
01/13/2025,10,10,25,10:10:25,80,Tahap-2
01/13/2025,10,10,25,10:10:25,-152,Tahap-2
01/13/2025,10,10,25,10:10:25,112,Tahap-2
01/13/2025,10,10,25,10:10:25,-224,Tahap-2
01/13/2025,10,10,25,10:10:25,32,Tahap-2
01/13/2025,10,10,25,10:10:25,-216,Tahap-2
01/13/2025,10,10,26,10:10:26,32,Tahap-2
01/13/2025,10,10,26,10:10:26,-8,Tahap-2
01/13/2025,10,10,26,10:10:26,-216,Tahap-2
01/13/2025,10,10,26,10:10:26,88,Tahap-2
01/13/2025,10,10,26,10:10:26,-40,Tahap-2
01/13/2025,10,10,26,10:10:26,152,Tahap-2
01/13/2025,10,10,26,10:10:26,8,Tahap-2
01/13/2025,10,10,26,10:10:26,-112,Tahap-2
01/13/2025,10,10,26,10:10:26,-136,Tahap-2
01/13/2025,10,10,26,10:10:26,-88,Tahap-2
01/13/2025,10,10,27,10:10:27,-184,Tahap-2
01/13/2025,10,10,27,10:10:27,256,Tahap-2
01/13/2025,10,10,27,10:10:27,-128,Tahap-2
01/13/2025,10,10,27,10:10:27,-88,Tahap-2
01/13/2025,10,10,27,10:10:27,136,Tahap-2
01/13/2025,10,10,27,10:10:27,-24,Tahap-2
01/13/2025,10,10,27,10:10:27,56,Tahap-2
01/13/2025,10,10,27,10:10:27,-32,Tahap-2
01/13/2025,10,10,27,10:10:27,-144,Tahap-2
01/13/2025,10,10,28,10:10:28,88,Tahap-2
01/13/2025,10,10,28,10:10:28,-280,Tahap-2
01/13/2025,10,10,28,10:10:28,328,Tahap-2
01/13/2025,10,10,28,10:10:28,-232,Tahap-2
01/13/2025,10,10,28,10:10:28,120,Tahap-2
01/13/2025,10,10,28,10:10:28,-128,Tahap-2
01/13/2025,10,10,28,10:10:28,128,Tahap-2
01/13/2025,10,10,28,10:10:28,-152,Tahap-2
01/13/2025,10,10,28,10:10:28,152,Tahap-2
01/13/2025,10,10,28,10:10:28,-128,Tahap-2
01/13/2025,10,10,29,10:10:29,112,Tahap-2
01/13/2025,10,10,29,10:10:29,-192,Tahap-2
01/13/2025,10,10,29,10:10:29,32,Tahap-2
01/13/2025,10,10,29,10:10:29,48,Tahap-2
01/13/2025,10,10,29,10:10:29,-152,Tahap-2
01/13/2025,10,10,29,10:10:29,104,Tahap-2
01/13/2025,10,10,29,10:10:29,104,Tahap-2
01/13/2025,10,10,29,10:10:29,-144,Tahap-2
01/13/2025,10,10,29,10:10:29,128,Tahap-2
01/13/2025,10,10,29,10:10:29,-64,Tahap-2
01/13/2025,10,10,30,10:10:30,40,Tahap-2
01/13/2025,10,10,30,10:10:30,-224,Tahap-2
01/13/2025,10,10,30,10:10:30,-8,Tahap-2
01/13/2025,10,10,30,10:10:30,8,Tahap-2
01/13/2025,10,10,30,10:10:30,-264,Tahap-2
01/13/2025,10,10,30,10:10:30,32,Tahap-2
01/13/2025,10,10,30,10:10:30,144,Tahap-2
01/13/2025,10,10,30,10:10:30,40,Tahap-2
01/13/2025,10,10,30,10:10:30,-48,Tahap-2
01/13/2025,10,10,31,10:10:31,184,Tahap-2
01/13/2025,10,10,31,10:10:31,-192,Tahap-2
01/13/2025,10,10,31,10:10:31,168,Tahap-2
01/13/2025,10,10,31,10:10:31,-120,Tahap-2
01/13/2025,10,10,31,10:10:31,176,Tahap-2
01/13/2025,10,10,31,10:10:31,-128,Tahap-2
01/13/2025,10,10,31,10:10:31,-16,Tahap-2
01/13/2025,10,10,31,10:10:31,24,Tahap-2
01/13/2025,10,10,31,10:10:31,88,Tahap-2
01/13/2025,10,10,31,10:10:31,72,Tahap-2
01/13/2025,10,10,32,10:10:32,112,Tahap-2
01/13/2025,10,10,32,10:10:32,-128,Tahap-2
01/13/2025,10,10,32,10:10:32,240,Tahap-2
01/13/2025,10,10,32,10:10:32,-256,Tahap-2
01/13/2025,10,10,32,10:10:32,96,Tahap-2
01/13/2025,10,10,32,10:10:32,80,Tahap-2
01/13/2025,10,10,32,10:10:32,-176,Tahap-2
01/13/2025,10,10,32,10:10:32,72,Tahap-2
01/13/2025,10,10,32,10:10:32,8,Tahap-2
01/13/2025,10,10,32,10:10:32,24,Tahap-2
01/13/2025,10,10,33,10:10:33,-24,Tahap-2
01/13/2025,10,10,33,10:10:33,264,Tahap-2
01/13/2025,10,10,33,10:10:33,-144,Tahap-2
01/13/2025,10,10,33,10:10:33,40,Tahap-2
01/13/2025,10,10,33,10:10:33,-96,Tahap-2
01/13/2025,10,10,33,10:10:33,104,Tahap-2
01/13/2025,10,10,33,10:10:33,-16,Tahap-2
01/13/2025,10,10,33,10:10:33,-8,Tahap-2
01/13/2025,10,10,33,10:10:33,152,Tahap-2
01/13/2025,10,10,33,10:10:33,-152,Tahap-2
01/13/2025,10,10,34,10:10:34,176,Tahap-2
01/13/2025,10,10,34,10:10:34,-32,Tahap-2
01/13/2025,10,10,34,10:10:34,144,Tahap-2
01/13/2025,10,10,58,10:10:58,1217,Tahap-2
01/13/2025,10,10,58,10:10:58,917,Tahap-2
01/13/2025,10,10,58,10:10:58,905,Tahap-2
01/13/2025,10,10,58,10:10:58,551,Tahap-2
01/13/2025,10,10,59,10:10:59,428,Tahap-2
01/13/2025,10,10,59,10:10:59,265,Tahap-2
01/13/2025,10,10,59,10:10:59,234,Tahap-2
01/13/2025,10,10,59,10:10:59,258,Tahap-2
01/13/2025,10,10,59,10:10:59,182,Tahap-2
01/13/2025,10,10,59,10:10:59,221,Tahap-2
01/13/2025,10,10,59,10:10:59,109,Tahap-2
01/13/2025,10,10,59,10:10:59,158,Tahap-2
01/13/2025,10,10,59,10:10:59,76,Tahap-2
01/13/2025,10,10,59,10:10:59,72,Tahap-2
01/13/2025,10,11,1,10:11:01,265,Tahap-2
01/13/2025,10,11,1,10:11:01,159,Tahap-2
01/13/2025,10,11,1,10:11:01,129,Tahap-2
01/13/2025,10,11,1,10:11:01,90,Tahap-2
01/13/2025,10,11,1,10:11:01,71,Tahap-2
01/13/2025,10,11,1,10:11:01,210,Tahap-2
01/13/2025,10,11,1,10:11:01,118,Tahap-2
01/13/2025,10,11,1,10:11:01,162,Tahap-2
01/13/2025,10,11,1,10:11:01,49,Tahap-2
01/13/2025,10,11,1,10:11:01,72,Tahap-2
01/13/2025,10,11,2,10:11:02,134,Tahap-2
01/13/2025,10,11,2,10:11:02,104,Tahap-2
01/13/2025,10,11,2,10:11:02,61,Tahap-2
01/13/2025,10,11,2,10:11:02,84,Tahap-2
01/13/2025,10,11,2,10:11:02,53,Tahap-2
01/13/2025,10,11,2,10:11:02,48,Tahap-2
01/13/2025,10,11,2,10:11:02,88,Tahap-2
01/13/2025,10,11,2,10:11:02,154,Tahap-2
01/13/2025,10,11,2,10:11:02,488,Tahap-2
01/13/2025,10,11,2,10:11:02,167,Tahap-2
01/13/2025,10,11,3,10:11:03,209,Tahap-2
01/13/2025,10,11,3,10:11:03,119,Tahap-2
01/13/2025,10,11,3,10:11:03,229,Tahap-2
01/13/2025,10,11,3,10:11:03,111,Tahap-2
01/13/2025,10,11,3,10:11:03,28,Tahap-2
01/13/2025,10,11,3,10:11:03,94,Tahap-2
01/13/2025,10,11,3,10:11:03,66,Tahap-2
01/13/2025,10,11,3,10:11:03,112,Tahap-2
01/13/2025,10,11,3,10:11:03,103,Tahap-2
01/13/2025,10,11,3,10:11:03,95,Tahap-2
01/13/2025,10,11,4,10:11:04,77,Tahap-2
01/13/2025,10,11,4,10:11:04,31,Tahap-2
01/13/2025,10,11,4,10:11:04,208,Tahap-2
01/13/2025,10,11,4,10:11:04,127,Tahap-2
01/13/2025,10,11,4,10:11:04,65,Tahap-2
01/13/2025,10,11,4,10:11:04,77,Tahap-2
01/13/2025,10,11,4,10:11:04,38,Tahap-2
01/13/2025,10,11,4,10:11:04,85,Tahap-2
01/13/2025,10,11,4,10:11:04,79,Tahap-2
01/13/2025,10,11,4,10:11:04,149,Tahap-2
01/13/2025,10,11,5,10:11:05,122,Tahap-2
01/13/2025,10,11,5,10:11:05,153,Tahap-2
01/13/2025,10,11,5,10:11:05,189,Tahap-2
01/13/2025,10,11,5,10:11:05,102,Tahap-2
01/13/2025,10,11,5,10:11:05,232,Tahap-2
01/13/2025,10,11,5,10:11:05,431,Tahap-2
01/13/2025,10,11,5,10:11:05,603,Tahap-2
01/13/2025,10,11,5,10:11:05,175,Tahap-2
01/13/2025,10,11,5,10:11:05,238,Tahap-2
01/13/2025,10,11,5,10:11:05,233,Tahap-2
01/13/2025,10,11,6,10:11:06,121,Tahap-2
01/13/2025,10,11,6,10:11:06,25,Tahap-2
01/13/2025,10,11,6,10:11:06,106,Tahap-2
01/13/2025,10,11,6,10:11:06,181,Tahap-2
01/13/2025,10,11,6,10:11:06,43,Tahap-2
01/13/2025,10,11,6,10:11:06,110,Tahap-2
01/13/2025,10,11,6,10:11:06,152,Tahap-2
01/13/2025,10,11,6,10:11:06,317,Tahap-2
01/13/2025,10,11,6,10:11:06,138,Tahap-2
01/13/2025,10,11,6,10:11:06,271,Tahap-2
01/13/2025,10,11,7,10:11:07,698,Tahap-2
01/13/2025,10,11,7,10:11:07,414,Tahap-2
01/13/2025,10,11,7,10:11:07,281,Tahap-2
01/13/2025,10,11,7,10:11:07,268,Tahap-2
01/13/2025,10,11,7,10:11:07,197,Tahap-2
01/13/2025,10,11,7,10:11:07,86,Tahap-2
01/13/2025,10,11,7,10:11:07,402,Tahap-2
01/13/2025,10,11,7,10:11:07,381,Tahap-2
01/13/2025,10,11,7,10:11:07,438,Tahap-2
01/13/2025,10,11,7,10:11:07,715,Tahap-2
01/13/2025,10,11,8,10:11:08,699,Tahap-2
01/13/2025,10,11,8,10:11:08,479,Tahap-2
01/13/2025,10,11,8,10:11:08,511,Tahap-2
01/13/2025,10,11,8,10:11:08,457,Tahap-2
01/13/2025,10,11,8,10:11:08,213,Tahap-2
01/13/2025,10,11,9,10:11:09,39,Tahap-2
01/13/2025,10,11,9,10:11:09,216,Tahap-2
01/13/2025,10,11,9,10:11:09,207,Tahap-2
01/13/2025,10,11,9,10:11:09,108,Tahap-2
01/13/2025,10,11,9,10:11:09,93,Tahap-2
01/13/2025,10,11,9,10:11:09,228,Tahap-2
01/13/2025,10,11,9,10:11:09,247,Tahap-2
01/13/2025,10,11,9,10:11:09,335,Tahap-2
01/13/2025,10,11,9,10:11:09,149,Tahap-2
01/13/2025,10,11,9,10:11:09,499,Tahap-2
01/13/2025,10,11,9,10:11:09,396,Tahap-2
01/13/2025,10,11,9,10:11:09,169,Tahap-2
01/13/2025,10,11,9,10:11:09,86,Tahap-2
01/13/2025,10,11,9,10:11:09,258,Tahap-2
01/13/2025,10,11,9,10:11:09,77,Tahap-2
01/13/2025,10,11,10,10:11:10,208,Tahap-2
01/13/2025,10,11,10,10:11:10,536,Tahap-2
01/13/2025,10,11,10,10:11:10,789,Tahap-2
01/13/2025,10,11,10,10:11:10,489,Tahap-2
01/13/2025,10,11,10,10:11:10,576,Tahap-2
01/13/2025,10,11,10,10:11:10,450,Tahap-2
01/13/2025,10,11,10,10:11:10,499,Tahap-2
01/13/2025,10,11,10,10:11:10,129,Tahap-2
01/13/2025,10,11,10,10:11:10,115,Tahap-2
01/13/2025,10,11,10,10:11:10,162,Tahap-2
01/13/2025,10,11,11,10:11:11,289,Tahap-2
01/13/2025,10,11,11,10:11:11,40,Tahap-2
01/13/2025,10,11,11,10:11:11,260,Tahap-2
01/13/2025,10,11,11,10:11:11,112,Tahap-2
01/13/2025,10,11,11,10:11:11,152,Tahap-2
01/13/2025,10,11,11,10:11:11,80,Tahap-2
01/13/2025,10,11,11,10:11:11,56,Tahap-2
01/13/2025,10,11,11,10:11:11,-40,Tahap-2
01/13/2025,10,11,11,10:11:11,168,Tahap-2
01/13/2025,10,11,11,10:11:11,-216,Tahap-2
01/13/2025,10,11,12,10:11:12,256,Tahap-2
01/13/2025,10,11,12,10:11:12,216,Tahap-2
01/13/2025,10,11,12,10:11:12,-272,Tahap-2
01/13/2025,10,11,12,10:11:12,320,Tahap-2
01/13/2025,10,11,12,10:11:12,24,Tahap-2
01/13/2025,10,11,12,10:11:12,112,Tahap-2
01/13/2025,10,11,12,10:11:12,16,Tahap-2
01/13/2025,10,11,12,10:11:12,224,Tahap-2
01/13/2025,10,11,12,10:11:12,-136,Tahap-2
01/13/2025,10,11,12,10:11:12,216,Tahap-2
01/13/2025,10,11,13,10:11:13,-168,Tahap-2
01/13/2025,10,11,13,10:11:13,288,Tahap-2
01/13/2025,10,11,13,10:11:13,40,Tahap-2
01/13/2025,10,11,13,10:11:13,136,Tahap-2
01/13/2025,10,11,13,10:11:13,56,Tahap-2
01/13/2025,10,11,13,10:11:13,128,Tahap-2
01/13/2025,10,11,13,10:11:13,128,Tahap-2
01/13/2025,10,11,13,10:11:13,32,Tahap-2
01/13/2025,10,11,13,10:11:13,112,Tahap-2
01/13/2025,10,11,13,10:11:13,80,Tahap-2
01/13/2025,10,11,14,10:11:14,-24,Tahap-2
01/13/2025,10,11,14,10:11:14,-256,Tahap-2
01/13/2025,10,11,14,10:11:14,264,Tahap-2
01/13/2025,10,11,14,10:11:14,-128,Tahap-2
01/13/2025,10,11,14,10:11:14,-16,Tahap-2
01/13/2025,10,11,14,10:11:14,208,Tahap-2
01/13/2025,10,11,14,10:11:14,-8,Tahap-2
01/13/2025,10,11,14,10:11:14,168,Tahap-2
01/13/2025,10,11,14,10:11:14,-88,Tahap-2
01/13/2025,10,11,15,10:11:15,24,Tahap-2
01/13/2025,10,11,15,10:11:15,64,Tahap-2
01/13/2025,10,11,15,10:11:15,-200,Tahap-2
01/13/2025,10,11,15,10:11:15,176,Tahap-2
01/13/2025,10,11,15,10:11:15,-80,Tahap-2
01/13/2025,10,11,15,10:11:15,-56,Tahap-2
01/13/2025,10,11,15,10:11:15,144,Tahap-2
01/13/2025,10,11,15,10:11:15,168,Tahap-2
01/13/2025,10,11,15,10:11:15,-104,Tahap-2
01/13/2025,10,11,15,10:11:15,16,Tahap-2
01/13/2025,10,11,16,10:11:16,96,Tahap-2
01/13/2025,10,11,16,10:11:16,-8,Tahap-2
01/13/2025,10,11,16,10:11:16,48,Tahap-2
01/13/2025,10,11,16,10:11:16,-80,Tahap-2
01/13/2025,10,11,16,10:11:16,144,Tahap-2
01/13/2025,10,11,16,10:11:16,-128,Tahap-2
01/13/2025,10,11,16,10:11:16,-32,Tahap-2
01/13/2025,10,11,16,10:11:16,88,Tahap-2
01/13/2025,10,11,16,10:11:16,56,Tahap-2
01/13/2025,10,11,16,10:11:16,136,Tahap-2
01/13/2025,10,11,17,10:11:17,-80,Tahap-2
01/13/2025,10,11,17,10:11:17,-128,Tahap-2
01/13/2025,10,11,17,10:11:17,104,Tahap-2
01/13/2025,10,11,17,10:11:17,-176,Tahap-2
01/13/2025,10,11,17,10:11:17,-24,Tahap-2
01/13/2025,10,11,17,10:11:17,176,Tahap-2
01/13/2025,10,11,17,10:11:17,-248,Tahap-2
01/13/2025,10,11,17,10:11:17,56,Tahap-2
01/13/2025,10,11,17,10:11:17,80,Tahap-2
01/13/2025,10,11,17,10:11:17,-24,Tahap-2
01/13/2025,10,11,18,10:11:18,-8,Tahap-2
01/13/2025,10,11,18,10:11:18,96,Tahap-2
01/13/2025,10,11,18,10:11:18,-224,Tahap-2
01/13/2025,10,11,18,10:11:18,72,Tahap-2
01/13/2025,10,11,18,10:11:18,-264,Tahap-2
01/13/2025,10,11,18,10:11:18,8,Tahap-2
01/13/2025,10,11,18,10:11:18,104,Tahap-2
01/13/2025,10,11,18,10:11:18,-192,Tahap-2
01/13/2025,10,11,18,10:11:18,96,Tahap-2
01/13/2025,10,11,18,10:11:18,-72,Tahap-2
01/13/2025,10,11,19,10:11:19,-8,Tahap-2
01/13/2025,10,11,19,10:11:19,-64,Tahap-2
01/13/2025,10,11,19,10:11:19,64,Tahap-2
01/13/2025,10,11,19,10:11:19,-104,Tahap-2
01/13/2025,10,11,19,10:11:19,-80,Tahap-2
01/13/2025,10,11,19,10:11:19,-344,Tahap-2
01/13/2025,10,11,19,10:11:19,88,Tahap-2
01/13/2025,10,11,19,10:11:19,-40,Tahap-2
01/13/2025,10,11,19,10:11:19,-128,Tahap-2
01/13/2025,10,11,19,10:11:19,256,Tahap-2
01/13/2025,10,11,20,10:11:20,-72,Tahap-2
01/13/2025,10,11,20,10:11:20,32,Tahap-2
01/13/2025,10,11,20,10:11:20,32,Tahap-2
01/13/2025,10,11,20,10:11:20,-88,Tahap-2
01/13/2025,10,11,20,10:11:20,-48,Tahap-2
01/13/2025,10,11,20,10:11:20,8,Tahap-2
01/13/2025,10,11,20,10:11:20,-216,Tahap-2
01/13/2025,10,11,20,10:11:20,144,Tahap-2
01/13/2025,10,11,20,10:11:20,-112,Tahap-2
01/13/2025,10,11,20,10:11:20,-128,Tahap-2
01/13/2025,10,11,21,10:11:21,216,Tahap-2
01/13/2025,10,11,21,10:11:21,160,Tahap-2
01/13/2025,10,11,21,10:11:21,-96,Tahap-2
01/13/2025,10,11,21,10:11:21,136,Tahap-2
01/13/2025,10,11,21,10:11:21,-8,Tahap-2
01/13/2025,10,11,21,10:11:21,-40,Tahap-2
01/13/2025,10,11,21,10:11:21,96,Tahap-2
01/13/2025,10,11,21,10:11:21,-160,Tahap-2
01/13/2025,10,11,21,10:11:21,240,Tahap-2
01/13/2025,10,11,21,10:11:21,-80,Tahap-2
01/13/2025,10,11,22,10:11:22,16,Tahap-2
01/13/2025,10,11,22,10:11:22,176,Tahap-2
01/13/2025,10,11,22,10:11:22,136,Tahap-2
01/13/2025,10,11,22,10:11:22,160,Tahap-2
01/13/2025,10,11,22,10:11:22,88,Tahap-2
01/13/2025,10,11,22,10:11:22,96,Tahap-2
01/13/2025,10,11,22,10:11:22,32,Tahap-2
01/13/2025,10,11,22,10:11:22,-8,Tahap-2
01/13/2025,10,11,22,10:11:22,240,Tahap-2
01/13/2025,10,11,23,10:11:23,56,Tahap-2
01/13/2025,10,11,23,10:11:23,-80,Tahap-2
01/13/2025,10,11,23,10:11:23,304,Tahap-2
01/13/2025,10,11,23,10:11:23,112,Tahap-2
01/13/2025,10,11,23,10:11:23,80,Tahap-2
01/13/2025,10,11,23,10:11:23,248,Tahap-2
01/13/2025,10,11,23,10:11:23,-40,Tahap-2
01/13/2025,10,11,23,10:11:23,112,Tahap-2
01/13/2025,10,11,23,10:11:23,-8,Tahap-2
01/13/2025,10,11,23,10:11:23,8,Tahap-2
01/13/2025,10,11,24,10:11:24,312,Tahap-2
01/13/2025,10,11,24,10:11:24,88,Tahap-2
01/13/2025,10,11,48,10:11:48,1831,Tahap-2
01/13/2025,10,11,48,10:11:48,807,Tahap-2
01/13/2025,10,11,48,10:11:48,382,Tahap-2
01/13/2025,10,11,48,10:11:48,394,Tahap-2
01/13/2025,10,11,48,10:11:48,363,Tahap-2
01/13/2025,10,11,49,10:11:49,451,Tahap-2
01/13/2025,10,11,49,10:11:49,141,Tahap-2
01/13/2025,10,11,49,10:11:49,143,Tahap-2
01/13/2025,10,11,49,10:11:49,113,Tahap-2
01/13/2025,10,11,49,10:11:49,80,Tahap-2
01/13/2025,10,11,49,10:11:49,194,Tahap-2
01/13/2025,10,11,49,10:11:49,81,Tahap-2
01/13/2025,10,11,49,10:11:49,150,Tahap-2
01/13/2025,10,11,49,10:11:49,147,Tahap-2
01/13/2025,10,11,49,10:11:49,115,Tahap-2
01/13/2025,10,11,50,10:11:50,162,Tahap-2
01/13/2025,10,11,50,10:11:50,116,Tahap-2
01/13/2025,10,11,50,10:11:50,125,Tahap-2
01/13/2025,10,11,50,10:11:50,186,Tahap-2
01/13/2025,10,11,50,10:11:50,102,Tahap-2
01/13/2025,10,11,50,10:11:50,95,Tahap-2
01/13/2025,10,11,50,10:11:50,459,Tahap-2
01/13/2025,10,11,50,10:11:50,344,Tahap-2
01/13/2025,10,11,50,10:11:50,315,Tahap-2
01/13/2025,10,11,50,10:11:50,202,Tahap-2
01/13/2025,10,11,51,10:11:51,54,Tahap-2
01/13/2025,10,11,51,10:11:51,59,Tahap-2
01/13/2025,10,11,51,10:11:51,132,Tahap-2
01/13/2025,10,11,51,10:11:51,126,Tahap-2
01/13/2025,10,11,51,10:11:51,146,Tahap-2
01/13/2025,10,11,51,10:11:51,94,Tahap-2
01/13/2025,10,11,51,10:11:51,134,Tahap-2
01/13/2025,10,11,51,10:11:51,120,Tahap-2
01/13/2025,10,11,51,10:11:51,112,Tahap-2
01/13/2025,10,11,51,10:11:51,43,Tahap-2
01/13/2025,10,11,52,10:11:52,152,Tahap-2
01/13/2025,10,11,52,10:11:52,54,Tahap-2
01/13/2025,10,11,52,10:11:52,116,Tahap-2
01/13/2025,10,11,52,10:11:52,128,Tahap-2
01/13/2025,10,11,52,10:11:52,45,Tahap-2
01/13/2025,10,11,52,10:11:52,69,Tahap-2
01/13/2025,10,11,52,10:11:52,89,Tahap-2
01/13/2025,10,11,52,10:11:52,435,Tahap-2
01/13/2025,10,11,52,10:11:52,126,Tahap-2
01/13/2025,10,11,52,10:11:52,113,Tahap-2
01/13/2025,10,11,53,10:11:53,108,Tahap-2
01/13/2025,10,11,53,10:11:53,104,Tahap-2
01/13/2025,10,11,53,10:11:53,190,Tahap-2
01/13/2025,10,11,53,10:11:53,170,Tahap-2
01/13/2025,10,11,53,10:11:53,43,Tahap-2
01/13/2025,10,11,53,10:11:53,42,Tahap-2
01/13/2025,10,11,53,10:11:53,111,Tahap-2
01/13/2025,10,11,53,10:11:53,142,Tahap-2
01/13/2025,10,11,53,10:11:53,78,Tahap-2
01/13/2025,10,11,53,10:11:53,35,Tahap-2
01/13/2025,10,11,54,10:11:54,101,Tahap-2
01/13/2025,10,11,54,10:11:54,140,Tahap-2
01/13/2025,10,11,54,10:11:54,35,Tahap-2
01/13/2025,10,11,54,10:11:54,76,Tahap-2
01/13/2025,10,11,54,10:11:54,97,Tahap-2
01/13/2025,10,11,54,10:11:54,52,Tahap-2
01/13/2025,10,11,54,10:11:54,87,Tahap-2
01/13/2025,10,11,54,10:11:54,198,Tahap-2
01/13/2025,10,11,54,10:11:54,62,Tahap-2
01/13/2025,10,11,54,10:11:54,53,Tahap-2
01/13/2025,10,11,55,10:11:55,161,Tahap-2
01/13/2025,10,11,55,10:11:55,331,Tahap-2
01/13/2025,10,11,55,10:11:55,304,Tahap-2
01/13/2025,10,11,55,10:11:55,244,Tahap-2
01/13/2025,10,11,55,10:11:55,256,Tahap-2
01/13/2025,10,11,55,10:11:55,614,Tahap-2
01/13/2025,10,11,55,10:11:55,148,Tahap-2
01/13/2025,10,11,55,10:11:55,219,Tahap-2
01/13/2025,10,11,55,10:11:55,107,Tahap-2
01/13/2025,10,11,55,10:11:55,153,Tahap-2
01/13/2025,10,11,56,10:11:56,184,Tahap-2
01/13/2025,10,11,56,10:11:56,236,Tahap-2
01/13/2025,10,11,56,10:11:56,135,Tahap-2
01/13/2025,10,11,56,10:11:56,26,Tahap-2
01/13/2025,10,11,56,10:11:56,45,Tahap-2
01/13/2025,10,11,56,10:11:56,145,Tahap-2
01/13/2025,10,11,56,10:11:56,100,Tahap-2
01/13/2025,10,11,56,10:11:56,210,Tahap-2
01/13/2025,10,11,56,10:11:56,159,Tahap-2
01/13/2025,10,11,56,10:11:56,173,Tahap-2
01/13/2025,10,11,57,10:11:57,897,Tahap-2
01/13/2025,10,11,57,10:11:57,297,Tahap-2
01/13/2025,10,11,57,10:11:57,109,Tahap-2
01/13/2025,10,11,57,10:11:57,207,Tahap-2
01/13/2025,10,11,57,10:11:57,49,Tahap-2
01/13/2025,10,11,57,10:11:57,476,Tahap-2
01/13/2025,10,11,57,10:11:57,510,Tahap-2
01/13/2025,10,11,57,10:11:57,548,Tahap-2
01/13/2025,10,11,57,10:11:57,1118,Tahap-2
01/13/2025,10,11,57,10:11:57,154,Tahap-2
01/13/2025,10,11,58,10:11:58,46,Tahap-2
01/13/2025,10,11,58,10:11:58,258,Tahap-2
01/13/2025,10,11,58,10:11:58,253,Tahap-2
01/13/2025,10,11,58,10:11:58,197,Tahap-2
01/13/2025,10,11,58,10:11:58,253,Tahap-2
01/13/2025,10,11,58,10:11:58,274,Tahap-2
01/13/2025,10,11,58,10:11:58,18,Tahap-2
01/13/2025,10,11,58,10:11:58,103,Tahap-2
01/13/2025,10,11,58,10:11:58,187,Tahap-2
01/13/2025,10,11,58,10:11:58,178,Tahap-2
01/13/2025,10,11,59,10:11:59,159,Tahap-2
01/13/2025,10,11,59,10:11:59,35,Tahap-2
01/13/2025,10,11,59,10:11:59,168,Tahap-2
01/13/2025,10,11,59,10:11:59,300,Tahap-2
01/13/2025,10,11,59,10:11:59,219,Tahap-2
01/13/2025,10,11,59,10:11:59,90,Tahap-2
01/13/2025,10,11,59,10:11:59,316,Tahap-2
01/13/2025,10,11,59,10:11:59,515,Tahap-2
01/13/2025,10,11,59,10:11:59,172,Tahap-2
01/13/2025,10,11,59,10:11:59,466,Tahap-2
01/13/2025,10,12,1,10:12:01,180,Tahap-2
01/13/2025,10,12,1,10:12:01,808,Tahap-2
01/13/2025,10,12,1,10:12:01,-136,Tahap-2
01/13/2025,10,12,1,10:12:01,184,Tahap-2
01/13/2025,10,12,1,10:12:01,-368,Tahap-2
01/13/2025,10,12,1,10:12:01,184,Tahap-2
01/13/2025,10,12,1,10:12:01,-344,Tahap-2
01/13/2025,10,12,1,10:12:01,168,Tahap-2
01/13/2025,10,12,1,10:12:01,-56,Tahap-2
01/13/2025,10,12,2,10:12:02,40,Tahap-2
01/13/2025,10,12,2,10:12:02,-96,Tahap-2
01/13/2025,10,12,2,10:12:02,-56,Tahap-2
01/13/2025,10,12,2,10:12:02,-112,Tahap-2
01/13/2025,10,12,2,10:12:02,-32,Tahap-2
01/13/2025,10,12,2,10:12:02,-104,Tahap-2
01/13/2025,10,12,2,10:12:02,-176,Tahap-2
01/13/2025,10,12,2,10:12:02,-104,Tahap-2
01/13/2025,10,12,2,10:12:02,160,Tahap-2
01/13/2025,10,12,2,10:12:02,-32,Tahap-2
01/13/2025,10,12,3,10:12:03,40,Tahap-2
01/13/2025,10,12,3,10:12:03,8,Tahap-2
01/13/2025,10,12,3,10:12:03,-184,Tahap-2
01/13/2025,10,12,3,10:12:03,40,Tahap-2
01/13/2025,10,12,3,10:12:03,-128,Tahap-2
01/13/2025,10,12,3,10:12:03,-72,Tahap-2
01/13/2025,10,12,3,10:12:03,-32,Tahap-2
01/13/2025,10,12,3,10:12:03,-160,Tahap-2
01/13/2025,10,12,3,10:12:03,-136,Tahap-2
01/13/2025,10,12,3,10:12:03,216,Tahap-2
01/13/2025,10,12,4,10:12:04,-448,Tahap-2
01/13/2025,10,12,4,10:12:04,136,Tahap-2
01/13/2025,10,12,4,10:12:04,-80,Tahap-2
01/13/2025,10,12,4,10:12:04,40,Tahap-2
01/13/2025,10,12,4,10:12:04,-280,Tahap-2
01/13/2025,10,12,4,10:12:04,96,Tahap-2
01/13/2025,10,12,4,10:12:04,-344,Tahap-2
01/13/2025,10,12,4,10:12:04,40,Tahap-2
01/13/2025,10,12,4,10:12:04,-184,Tahap-2
01/13/2025,10,12,4,10:12:04,-40,Tahap-2
01/13/2025,10,12,5,10:12:05,72,Tahap-2
01/13/2025,10,12,5,10:12:05,-264,Tahap-2
01/13/2025,10,12,5,10:12:05,72,Tahap-2
01/13/2025,10,12,5,10:12:05,-48,Tahap-2
01/13/2025,10,12,5,10:12:05,-56,Tahap-2
01/13/2025,10,12,5,10:12:05,-104,Tahap-2
01/13/2025,10,12,5,10:12:05,-104,Tahap-2
01/13/2025,10,12,5,10:12:05,-144,Tahap-2
01/13/2025,10,12,5,10:12:05,-184,Tahap-2
01/13/2025,10,12,5,10:12:05,-192,Tahap-2
01/13/2025,10,12,6,10:12:06,-192,Tahap-2
01/13/2025,10,12,6,10:12:06,48,Tahap-2
01/13/2025,10,12,6,10:12:06,-320,Tahap-2
01/13/2025,10,12,6,10:12:06,64,Tahap-2
01/13/2025,10,12,6,10:12:06,32,Tahap-2
01/13/2025,10,12,6,10:12:06,-72,Tahap-2
01/13/2025,10,12,6,10:12:06,-16,Tahap-2
01/13/2025,10,12,6,10:12:06,-96,Tahap-2
01/13/2025,10,12,6,10:12:06,-224,Tahap-2
01/13/2025,10,12,6,10:12:06,-24,Tahap-2
01/13/2025,10,12,7,10:12:07,-264,Tahap-2
01/13/2025,10,12,7,10:12:07,-32,Tahap-2
01/13/2025,10,12,7,10:12:07,56,Tahap-2
01/13/2025,10,12,7,10:12:07,-248,Tahap-2
01/13/2025,10,12,7,10:12:07,-96,Tahap-2
01/13/2025,10,12,7,10:12:07,40,Tahap-2
01/13/2025,10,12,7,10:12:07,-80,Tahap-2
01/13/2025,10,12,7,10:12:07,-16,Tahap-2
01/13/2025,10,12,7,10:12:07,-176,Tahap-2
01/13/2025,10,12,8,10:12:08,-208,Tahap-2
01/13/2025,10,12,8,10:12:08,-208,Tahap-2
01/13/2025,10,12,8,10:12:08,-184,Tahap-2
01/13/2025,10,12,8,10:12:08,152,Tahap-2
01/13/2025,10,12,8,10:12:08,-296,Tahap-2
01/13/2025,10,12,9,10:12:09,80,Tahap-2
01/13/2025,10,12,9,10:12:09,-88,Tahap-2
01/13/2025,10,12,9,10:12:09,24,Tahap-2
01/13/2025,10,12,9,10:12:09,-168,Tahap-2
01/13/2025,10,12,9,10:12:09,-16,Tahap-2
01/13/2025,10,12,9,10:12:09,-112,Tahap-2
01/13/2025,10,12,9,10:12:09,-136,Tahap-2
01/13/2025,10,12,9,10:12:09,-304,Tahap-2
01/13/2025,10,12,9,10:12:09,-104,Tahap-2
01/13/2025,10,12,9,10:12:09,-248,Tahap-2
01/13/2025,10,12,9,10:12:09,224,Tahap-2
01/13/2025,10,12,9,10:12:09,-96,Tahap-2
01/13/2025,10,12,9,10:12:09,-88,Tahap-2
01/13/2025,10,12,10,10:12:10,-112,Tahap-2
01/13/2025,10,12,10,10:12:10,-64,Tahap-2
01/13/2025,10,12,10,10:12:10,40,Tahap-2
01/13/2025,10,12,10,10:12:10,-424,Tahap-2
01/13/2025,10,12,10,10:12:10,160,Tahap-2
01/13/2025,10,12,10,10:12:10,-232,Tahap-2
01/13/2025,10,12,10,10:12:10,-96,Tahap-2
01/13/2025,10,12,10,10:12:10,152,Tahap-2
01/13/2025,10,12,10,10:12:10,-8,Tahap-2
01/13/2025,10,12,10,10:12:10,-144,Tahap-2
01/13/2025,10,12,11,10:12:11,-80,Tahap-2
01/13/2025,10,12,11,10:12:11,-120,Tahap-2
01/13/2025,10,12,11,10:12:11,-192,Tahap-2
01/13/2025,10,12,11,10:12:11,16,Tahap-2
01/13/2025,10,12,11,10:12:11,-224,Tahap-2
01/13/2025,10,12,11,10:12:11,120,Tahap-2
01/13/2025,10,12,11,10:12:11,-224,Tahap-2
01/13/2025,10,12,11,10:12:11,-144,Tahap-2
01/13/2025,10,12,11,10:12:11,64,Tahap-2
01/13/2025,10,12,11,10:12:11,-112,Tahap-2
01/13/2025,10,12,12,10:12:12,8,Tahap-2
01/13/2025,10,12,12,10:12:12,-216,Tahap-2
01/13/2025,10,12,12,10:12:12,-56,Tahap-2
01/13/2025,10,12,12,10:12:12,-136,Tahap-2
01/13/2025,10,12,12,10:12:12,-56,Tahap-2
01/13/2025,10,12,12,10:12:12,-264,Tahap-2
01/13/2025,10,12,12,10:12:12,144,Tahap-2
01/13/2025,10,12,12,10:12:12,-368,Tahap-2
01/13/2025,10,12,12,10:12:12,-56,Tahap-2
01/13/2025,10,12,12,10:12:12,72,Tahap-2
01/13/2025,10,12,13,10:12:13,-8,Tahap-2
01/13/2025,10,12,13,10:12:13,16,Tahap-2
01/13/2025,10,12,13,10:12:13,80,Tahap-2
01/13/2025,10,12,13,10:12:13,-280,Tahap-2
01/13/2025,10,12,13,10:12:13,64,Tahap-2
01/13/2025,10,12,13,10:12:13,-136,Tahap-2
01/13/2025,10,12,13,10:12:13,-160,Tahap-2
01/13/2025,10,12,13,10:12:13,136,Tahap-2
01/13/2025,10,12,13,10:12:13,-216,Tahap-2
01/13/2025,10,12,14,10:12:14,24,Tahap-2
01/13/2025,10,12,39,10:12:39,1301,Tahap-2
01/13/2025,10,12,39,10:12:39,57,Tahap-2
01/13/2025,10,12,39,10:12:39,233,Tahap-2
01/13/2025,10,12,39,10:12:39,171,Tahap-2
01/13/2025,10,12,39,10:12:39,89,Tahap-2
01/13/2025,10,12,39,10:12:39,46,Tahap-2
01/13/2025,10,12,39,10:12:39,141,Tahap-2
01/13/2025,10,12,39,10:12:39,200,Tahap-2
01/13/2025,10,12,39,10:12:39,56,Tahap-2
01/13/2025,10,12,39,10:12:39,173,Tahap-2
01/13/2025,10,12,39,10:12:39,152,Tahap-2
01/13/2025,10,12,39,10:12:39,119,Tahap-2
01/13/2025,10,12,39,10:12:39,41,Tahap-2
01/13/2025,10,12,39,10:12:39,86,Tahap-2
01/13/2025,10,12,39,10:12:39,138,Tahap-2
01/13/2025,10,12,39,10:12:39,56,Tahap-2
01/13/2025,10,12,40,10:12:40,92,Tahap-2
01/13/2025,10,12,40,10:12:40,147,Tahap-2
01/13/2025,10,12,40,10:12:40,151,Tahap-2
01/13/2025,10,12,40,10:12:40,42,Tahap-2
01/13/2025,10,12,40,10:12:40,103,Tahap-2
01/13/2025,10,12,40,10:12:40,138,Tahap-2
01/13/2025,10,12,40,10:12:40,424,Tahap-2
01/13/2025,10,12,40,10:12:40,330,Tahap-2
01/13/2025,10,12,40,10:12:40,118,Tahap-2
01/13/2025,10,12,40,10:12:40,100,Tahap-2
01/13/2025,10,12,41,10:12:41,82,Tahap-2
01/13/2025,10,12,41,10:12:41,163,Tahap-2
01/13/2025,10,12,41,10:12:41,23,Tahap-2
01/13/2025,10,12,41,10:12:41,288,Tahap-2
01/13/2025,10,12,41,10:12:41,145,Tahap-2
01/13/2025,10,12,41,10:12:41,115,Tahap-2
01/13/2025,10,12,41,10:12:41,32,Tahap-2
01/13/2025,10,12,41,10:12:41,124,Tahap-2
01/13/2025,10,12,41,10:12:41,140,Tahap-2
01/13/2025,10,12,41,10:12:41,21,Tahap-2
01/13/2025,10,12,42,10:12:42,84,Tahap-2
01/13/2025,10,12,42,10:12:42,70,Tahap-2
01/13/2025,10,12,42,10:12:42,63,Tahap-2
01/13/2025,10,12,42,10:12:42,61,Tahap-2
01/13/2025,10,12,42,10:12:42,23,Tahap-2
01/13/2025,10,12,42,10:12:42,107,Tahap-2
01/13/2025,10,12,42,10:12:42,337,Tahap-2
01/13/2025,10,12,42,10:12:42,243,Tahap-2
01/13/2025,10,12,42,10:12:42,37,Tahap-2
01/13/2025,10,12,42,10:12:42,48,Tahap-2
01/13/2025,10,12,43,10:12:43,194,Tahap-2
01/13/2025,10,12,43,10:12:43,45,Tahap-2
01/13/2025,10,12,43,10:12:43,88,Tahap-2
01/13/2025,10,12,43,10:12:43,70,Tahap-2
01/13/2025,10,12,43,10:12:43,42,Tahap-2
01/13/2025,10,12,43,10:12:43,94,Tahap-2
01/13/2025,10,12,43,10:12:43,78,Tahap-2
01/13/2025,10,12,43,10:12:43,45,Tahap-2
01/13/2025,10,12,43,10:12:43,50,Tahap-2
01/13/2025,10,12,43,10:12:43,78,Tahap-2
01/13/2025,10,12,44,10:12:44,47,Tahap-2
01/13/2025,10,12,44,10:12:44,81,Tahap-2
01/13/2025,10,12,44,10:12:44,65,Tahap-2
01/13/2025,10,12,44,10:12:44,83,Tahap-2
01/13/2025,10,12,44,10:12:44,68,Tahap-2
01/13/2025,10,12,44,10:12:44,46,Tahap-2
01/13/2025,10,12,44,10:12:44,73,Tahap-2
01/13/2025,10,12,44,10:12:44,233,Tahap-2
01/13/2025,10,12,44,10:12:44,181,Tahap-2
01/13/2025,10,12,44,10:12:44,83,Tahap-2
01/13/2025,10,12,45,10:12:45,303,Tahap-2
01/13/2025,10,12,45,10:12:45,405,Tahap-2
01/13/2025,10,12,45,10:12:45,312,Tahap-2
01/13/2025,10,12,45,10:12:45,500,Tahap-2
01/13/2025,10,12,45,10:12:45,648,Tahap-2
01/13/2025,10,12,45,10:12:45,100,Tahap-2
01/13/2025,10,12,45,10:12:45,128,Tahap-2
01/13/2025,10,12,45,10:12:45,55,Tahap-2
01/13/2025,10,12,45,10:12:45,111,Tahap-2
01/13/2025,10,12,45,10:12:45,109,Tahap-2
01/13/2025,10,12,46,10:12:46,158,Tahap-2
01/13/2025,10,12,46,10:12:46,50,Tahap-2
01/13/2025,10,12,46,10:12:46,66,Tahap-2
01/13/2025,10,12,46,10:12:46,82,Tahap-2
01/13/2025,10,12,46,10:12:46,61,Tahap-2
01/13/2025,10,12,46,10:12:46,102,Tahap-2
01/13/2025,10,12,46,10:12:46,38,Tahap-2
01/13/2025,10,12,46,10:12:46,225,Tahap-2
01/13/2025,10,12,46,10:12:46,219,Tahap-2
01/13/2025,10,12,46,10:12:46,496,Tahap-2
01/13/2025,10,12,47,10:12:47,744,Tahap-2
01/13/2025,10,12,47,10:12:47,82,Tahap-2
01/13/2025,10,12,47,10:12:47,154,Tahap-2
01/13/2025,10,12,47,10:12:47,165,Tahap-2
01/13/2025,10,12,47,10:12:47,135,Tahap-2
01/13/2025,10,12,47,10:12:47,176,Tahap-2
01/13/2025,10,12,47,10:12:47,225,Tahap-2
01/13/2025,10,12,47,10:12:47,1742,Tahap-2
01/13/2025,10,12,47,10:12:47,152,Tahap-2
01/13/2025,10,12,47,10:12:47,150,Tahap-2
01/13/2025,10,12,48,10:12:48,167,Tahap-2
01/13/2025,10,12,48,10:12:48,96,Tahap-2
01/13/2025,10,12,48,10:12:48,215,Tahap-2
01/13/2025,10,12,48,10:12:48,33,Tahap-2
01/13/2025,10,12,48,10:12:48,128,Tahap-2
01/13/2025,10,12,48,10:12:48,11,Tahap-2
01/13/2025,10,12,48,10:12:48,103,Tahap-2
01/13/2025,10,12,48,10:12:48,43,Tahap-2
01/13/2025,10,12,48,10:12:48,93,Tahap-2
01/13/2025,10,12,48,10:12:48,290,Tahap-2
01/13/2025,10,12,49,10:12:49,115,Tahap-2
01/13/2025,10,12,49,10:12:49,136,Tahap-2
01/13/2025,10,12,49,10:12:49,207,Tahap-2
01/13/2025,10,12,49,10:12:49,637,Tahap-2
01/13/2025,10,12,49,10:12:49,191,Tahap-2
01/13/2025,10,12,49,10:12:49,174,Tahap-2
01/13/2025,10,12,49,10:12:49,81,Tahap-2
01/13/2025,10,12,49,10:12:49,198,Tahap-2
01/13/2025,10,12,49,10:12:49,248,Tahap-2
01/13/2025,10,12,49,10:12:49,61,Tahap-2
01/13/2025,10,12,50,10:12:50,436,Tahap-2
01/13/2025,10,12,50,10:12:50,878,Tahap-2
01/13/2025,10,12,50,10:12:50,234,Tahap-2
01/13/2025,10,12,50,10:12:50,736,Tahap-2
01/13/2025,10,12,50,10:12:50,524,Tahap-2
01/13/2025,10,12,50,10:12:50,591,Tahap-2
01/13/2025,10,12,50,10:12:50,218,Tahap-2
01/13/2025,10,12,50,10:12:50,408,Tahap-2
01/13/2025,10,12,50,10:12:50,258,Tahap-2
01/13/2025,10,12,50,10:12:50,733,Tahap-2
01/13/2025,10,12,51,10:12:51,369,Tahap-2
01/13/2025,10,12,51,10:12:51,96,Tahap-2
01/13/2025,10,12,51,10:12:51,80,Tahap-2
01/13/2025,10,12,51,10:12:51,24,Tahap-2
01/13/2025,10,12,51,10:12:51,232,Tahap-2
01/13/2025,10,12,51,10:12:51,48,Tahap-2
01/13/2025,10,12,51,10:12:51,-40,Tahap-2
01/13/2025,10,12,51,10:12:51,-64,Tahap-2
01/13/2025,10,12,51,10:12:51,24,Tahap-2
01/13/2025,10,12,51,10:12:51,208,Tahap-2
01/13/2025,10,12,52,10:12:52,-184,Tahap-2
01/13/2025,10,12,52,10:12:52,248,Tahap-2
01/13/2025,10,12,52,10:12:52,56,Tahap-2
01/13/2025,10,12,52,10:12:52,152,Tahap-2
01/13/2025,10,12,52,10:12:52,64,Tahap-2
01/13/2025,10,12,52,10:12:52,80,Tahap-2
01/13/2025,10,12,52,10:12:52,80,Tahap-2
01/13/2025,10,12,52,10:12:52,104,Tahap-2
01/13/2025,10,12,52,10:12:52,-240,Tahap-2
01/13/2025,10,12,52,10:12:52,192,Tahap-2
01/13/2025,10,12,53,10:12:53,136,Tahap-2
01/13/2025,10,12,53,10:12:53,-168,Tahap-2
01/13/2025,10,12,53,10:12:53,256,Tahap-2
01/13/2025,10,12,53,10:12:53,232,Tahap-2
01/13/2025,10,12,53,10:12:53,-88,Tahap-2
01/13/2025,10,12,53,10:12:53,160,Tahap-2
01/13/2025,10,12,53,10:12:53,-8,Tahap-2
01/13/2025,10,12,53,10:12:53,-80,Tahap-2
01/13/2025,10,12,53,10:12:53,248,Tahap-2
01/13/2025,10,12,53,10:12:53,-200,Tahap-2
01/13/2025,10,12,54,10:12:54,184,Tahap-2
01/13/2025,10,12,54,10:12:54,40,Tahap-2
01/13/2025,10,12,54,10:12:54,-120,Tahap-2
01/13/2025,10,12,54,10:12:54,144,Tahap-2
01/13/2025,10,12,54,10:12:54,128,Tahap-2
01/13/2025,10,12,54,10:12:54,96,Tahap-2
01/13/2025,10,12,54,10:12:54,-216,Tahap-2
01/13/2025,10,12,54,10:12:54,104,Tahap-2
01/13/2025,10,12,54,10:12:54,-224,Tahap-2
01/13/2025,10,12,54,10:12:54,200,Tahap-2
01/13/2025,10,12,55,10:12:55,-232,Tahap-2
01/13/2025,10,12,55,10:12:55,160,Tahap-2
01/13/2025,10,12,55,10:12:55,-32,Tahap-2
01/13/2025,10,12,55,10:12:55,-128,Tahap-2
01/13/2025,10,12,55,10:12:55,32,Tahap-2
01/13/2025,10,12,55,10:12:55,16,Tahap-2
01/13/2025,10,12,55,10:12:55,72,Tahap-2
01/13/2025,10,12,55,10:12:55,-48,Tahap-2
01/13/2025,10,12,55,10:12:55,-152,Tahap-2
01/13/2025,10,12,55,10:12:55,72,Tahap-2
01/13/2025,10,12,56,10:12:56,-88,Tahap-2
01/13/2025,10,12,56,10:12:56,-40,Tahap-2
01/13/2025,10,12,56,10:12:56,-32,Tahap-2
01/13/2025,10,12,56,10:12:56,32,Tahap-2
01/13/2025,10,12,56,10:12:56,-272,Tahap-2
01/13/2025,10,12,56,10:12:56,160,Tahap-2
01/13/2025,10,12,56,10:12:56,-136,Tahap-2
01/13/2025,10,12,56,10:12:56,80,Tahap-2
01/13/2025,10,12,56,10:12:56,-8,Tahap-2
01/13/2025,10,12,56,10:12:56,-160,Tahap-2
01/13/2025,10,12,57,10:12:57,-88,Tahap-2
01/13/2025,10,12,57,10:12:57,-16,Tahap-2
01/13/2025,10,12,57,10:12:57,-336,Tahap-2
01/13/2025,10,12,57,10:12:57,280,Tahap-2
01/13/2025,10,12,57,10:12:57,-96,Tahap-2
01/13/2025,10,12,57,10:12:57,-80,Tahap-2
01/13/2025,10,12,57,10:12:57,192,Tahap-2
01/13/2025,10,12,57,10:12:57,24,Tahap-2
01/13/2025,10,12,57,10:12:57,-40,Tahap-2
01/13/2025,10,12,57,10:12:57,96,Tahap-2
01/13/2025,10,12,58,10:12:58,-56,Tahap-2
01/13/2025,10,12,58,10:12:58,-176,Tahap-2
01/13/2025,10,12,58,10:12:58,-48,Tahap-2
01/13/2025,10,12,58,10:12:58,-224,Tahap-2
01/13/2025,10,12,58,10:12:58,136,Tahap-2
01/13/2025,10,12,58,10:12:58,-176,Tahap-2
01/13/2025,10,12,58,10:12:58,64,Tahap-2
01/13/2025,10,12,58,10:12:58,-80,Tahap-2
01/13/2025,10,12,58,10:12:58,48,Tahap-2
01/13/2025,10,12,58,10:12:58,-112,Tahap-2
01/13/2025,10,12,59,10:12:59,-64,Tahap-2
01/13/2025,10,12,59,10:12:59,-72,Tahap-2
01/13/2025,10,12,59,10:12:59,24,Tahap-2
01/13/2025,10,12,59,10:12:59,-224,Tahap-2
01/13/2025,10,12,59,10:12:59,-8,Tahap-2
01/13/2025,10,12,59,10:12:59,64,Tahap-2
01/13/2025,10,12,59,10:12:59,-232,Tahap-2
01/13/2025,10,12,59,10:12:59,48,Tahap-2
01/13/2025,10,12,59,10:12:59,120,Tahap-2
01/13/2025,10,12,59,10:12:59,-208,Tahap-2
01/13/2025,10,13,1,10:13:01,-48,Tahap-2
01/13/2025,10,13,1,10:13:01,-280,Tahap-2
01/13/2025,10,13,1,10:13:01,96,Tahap-2
01/13/2025,10,13,1,10:13:01,-400,Tahap-2
01/13/2025,10,13,1,10:13:01,48,Tahap-2
01/13/2025,10,13,1,10:13:01,-288,Tahap-2
01/13/2025,10,13,1,10:13:01,-48,Tahap-2
01/13/2025,10,13,1,10:13:01,-72,Tahap-2
01/13/2025,10,13,1,10:13:01,-304,Tahap-2
01/13/2025,10,13,1,10:13:01,-16,Tahap-2
01/13/2025,10,13,2,10:13:02,24,Tahap-2
01/13/2025,10,13,2,10:13:02,-24,Tahap-2
01/13/2025,10,13,2,10:13:02,-80,Tahap-2
01/13/2025,10,13,2,10:13:02,-152,Tahap-2
01/13/2025,10,13,2,10:13:02,-72,Tahap-2
01/13/2025,10,13,2,10:13:02,-72,Tahap-2
01/13/2025,10,13,2,10:13:02,-408,Tahap-2
01/13/2025,10,13,2,10:13:02,120,Tahap-2
01/13/2025,10,13,2,10:13:02,48,Tahap-2
01/13/2025,10,13,2,10:13:02,-224,Tahap-2
01/13/2025,10,13,3,10:13:03,-48,Tahap-2
01/13/2025,10,13,3,10:13:03,-40,Tahap-2
01/13/2025,10,13,3,10:13:03,-64,Tahap-2
01/13/2025,10,13,3,10:13:03,-32,Tahap-2
01/13/2025,10,13,3,10:13:03,-224,Tahap-2
01/13/2025,10,13,3,10:13:03,-112,Tahap-2
01/13/2025,10,13,3,10:13:03,72,Tahap-2
01/13/2025,10,13,3,10:13:03,-376,Tahap-2
01/13/2025,10,13,3,10:13:03,-120,Tahap-2
01/13/2025,10,13,3,10:13:03,-48,Tahap-2
01/13/2025,10,13,28,10:13:28,2191,Tahap-2
01/13/2025,10,13,28,10:13:28,1098,Tahap-2
01/13/2025,10,13,28,10:13:28,486,Tahap-2
01/13/2025,10,13,28,10:13:28,607,Tahap-2
01/13/2025,10,13,28,10:13:28,319,Tahap-2
01/13/2025,10,13,28,10:13:28,296,Tahap-2
01/13/2025,10,13,28,10:13:28,277,Tahap-2
01/13/2025,10,13,29,10:13:29,249,Tahap-2
01/13/2025,10,13,29,10:13:29,305,Tahap-2
01/13/2025,10,13,29,10:13:29,248,Tahap-2
01/13/2025,10,13,29,10:13:29,243,Tahap-2
01/13/2025,10,13,29,10:13:29,141,Tahap-2
01/13/2025,10,13,29,10:13:29,50,Tahap-2
01/13/2025,10,13,29,10:13:29,250,Tahap-2
01/13/2025,10,13,29,10:13:29,145,Tahap-2
01/13/2025,10,13,29,10:13:29,68,Tahap-2
01/13/2025,10,13,29,10:13:29,55,Tahap-2
01/13/2025,10,13,30,10:13:30,225,Tahap-2
01/13/2025,10,13,30,10:13:30,105,Tahap-2
01/13/2025,10,13,30,10:13:30,65,Tahap-2
01/13/2025,10,13,30,10:13:30,55,Tahap-2
01/13/2025,10,13,30,10:13:30,162,Tahap-2
01/13/2025,10,13,30,10:13:30,181,Tahap-2
01/13/2025,10,13,30,10:13:30,397,Tahap-2
01/13/2025,10,13,30,10:13:30,74,Tahap-2
01/13/2025,10,13,30,10:13:30,135,Tahap-2
01/13/2025,10,13,30,10:13:30,153,Tahap-2
01/13/2025,10,13,31,10:13:31,73,Tahap-2
01/13/2025,10,13,31,10:13:31,52,Tahap-2
01/13/2025,10,13,31,10:13:31,187,Tahap-2
01/13/2025,10,13,31,10:13:31,177,Tahap-2
01/13/2025,10,13,31,10:13:31,119,Tahap-2
01/13/2025,10,13,31,10:13:31,35,Tahap-2
01/13/2025,10,13,31,10:13:31,70,Tahap-2
01/13/2025,10,13,31,10:13:31,221,Tahap-2
01/13/2025,10,13,31,10:13:31,239,Tahap-2
01/13/2025,10,13,31,10:13:31,86,Tahap-2
01/13/2025,10,13,32,10:13:32,166,Tahap-2
01/13/2025,10,13,32,10:13:32,115,Tahap-2
01/13/2025,10,13,32,10:13:32,137,Tahap-2
01/13/2025,10,13,32,10:13:32,60,Tahap-2
01/13/2025,10,13,32,10:13:32,129,Tahap-2
01/13/2025,10,13,32,10:13:32,91,Tahap-2
01/13/2025,10,13,32,10:13:32,186,Tahap-2
01/13/2025,10,13,32,10:13:32,452,Tahap-2
01/13/2025,10,13,32,10:13:32,294,Tahap-2
01/13/2025,10,13,32,10:13:32,234,Tahap-2
01/13/2025,10,13,33,10:13:33,248,Tahap-2
01/13/2025,10,13,33,10:13:33,54,Tahap-2
01/13/2025,10,13,33,10:13:33,7,Tahap-2
01/13/2025,10,13,33,10:13:33,47,Tahap-2
01/13/2025,10,13,33,10:13:33,76,Tahap-2
01/13/2025,10,13,33,10:13:33,67,Tahap-2
01/13/2025,10,13,33,10:13:33,133,Tahap-2
01/13/2025,10,13,33,10:13:33,57,Tahap-2
01/13/2025,10,13,33,10:13:33,78,Tahap-2
01/13/2025,10,13,33,10:13:33,75,Tahap-2
01/13/2025,10,13,34,10:13:34,71,Tahap-2
01/13/2025,10,13,34,10:13:34,112,Tahap-2
01/13/2025,10,13,34,10:13:34,62,Tahap-2
01/13/2025,10,13,34,10:13:34,153,Tahap-2
01/13/2025,10,13,34,10:13:34,134,Tahap-2
01/13/2025,10,13,34,10:13:34,181,Tahap-2
01/13/2025,10,13,34,10:13:34,194,Tahap-2
01/13/2025,10,13,34,10:13:34,363,Tahap-2
01/13/2025,10,13,34,10:13:34,86,Tahap-2
01/13/2025,10,13,34,10:13:34,290,Tahap-2
01/13/2025,10,13,35,10:13:35,68,Tahap-2
01/13/2025,10,13,35,10:13:35,436,Tahap-2
01/13/2025,10,13,35,10:13:35,555,Tahap-2
01/13/2025,10,13,35,10:13:35,303,Tahap-2
01/13/2025,10,13,35,10:13:35,210,Tahap-2
01/13/2025,10,13,35,10:13:35,73,Tahap-2
01/13/2025,10,13,35,10:13:35,275,Tahap-2
01/13/2025,10,13,35,10:13:35,155,Tahap-2
01/13/2025,10,13,35,10:13:35,191,Tahap-2
01/13/2025,10,13,35,10:13:35,81,Tahap-2
01/13/2025,10,13,36,10:13:36,115,Tahap-2
01/13/2025,10,13,36,10:13:36,59,Tahap-2
01/13/2025,10,13,36,10:13:36,38,Tahap-2
01/13/2025,10,13,36,10:13:36,12,Tahap-2
01/13/2025,10,13,36,10:13:36,255,Tahap-2
01/13/2025,10,13,36,10:13:36,411,Tahap-2
01/13/2025,10,13,36,10:13:36,119,Tahap-2
01/13/2025,10,13,36,10:13:36,151,Tahap-2
01/13/2025,10,13,36,10:13:36,34,Tahap-2
01/13/2025,10,13,36,10:13:36,232,Tahap-2
01/13/2025,10,13,37,10:13:37,274,Tahap-2
01/13/2025,10,13,37,10:13:37,665,Tahap-2
01/13/2025,10,13,37,10:13:37,364,Tahap-2
01/13/2025,10,13,37,10:13:37,53,Tahap-2
01/13/2025,10,13,37,10:13:37,203,Tahap-2
01/13/2025,10,13,37,10:13:37,507,Tahap-2
01/13/2025,10,13,37,10:13:37,780,Tahap-2
01/13/2025,10,13,37,10:13:37,1151,Tahap-2
01/13/2025,10,13,37,10:13:37,463,Tahap-2
01/13/2025,10,13,37,10:13:37,517,Tahap-2
01/13/2025,10,13,38,10:13:38,492,Tahap-2
01/13/2025,10,13,38,10:13:38,125,Tahap-2
01/13/2025,10,13,38,10:13:38,76,Tahap-2
01/13/2025,10,13,38,10:13:38,84,Tahap-2
01/13/2025,10,13,39,10:13:39,116,Tahap-2
01/13/2025,10,13,39,10:13:39,117,Tahap-2
01/13/2025,10,13,39,10:13:39,50,Tahap-2
01/13/2025,10,13,39,10:13:39,158,Tahap-2
01/13/2025,10,13,39,10:13:39,126,Tahap-2
01/13/2025,10,13,39,10:13:39,108,Tahap-2
01/13/2025,10,13,39,10:13:39,71,Tahap-2
01/13/2025,10,13,39,10:13:39,296,Tahap-2
01/13/2025,10,13,39,10:13:39,535,Tahap-2
01/13/2025,10,13,39,10:13:39,339,Tahap-2
01/13/2025,10,13,39,10:13:39,259,Tahap-2
01/13/2025,10,13,39,10:13:39,158,Tahap-2
01/13/2025,10,13,39,10:13:39,210,Tahap-2
01/13/2025,10,13,39,10:13:39,210,Tahap-2
01/13/2025,10,13,39,10:13:39,175,Tahap-2
01/13/2025,10,13,39,10:13:39,304,Tahap-2
01/13/2025,10,13,40,10:13:40,667,Tahap-2
01/13/2025,10,13,40,10:13:40,725,Tahap-2
01/13/2025,10,13,40,10:13:40,616,Tahap-2
01/13/2025,10,13,40,10:13:40,984,Tahap-2
01/13/2025,10,13,40,10:13:40,311,Tahap-2
01/13/2025,10,13,40,10:13:40,252,Tahap-2
01/13/2025,10,13,40,10:13:40,291,Tahap-2
01/13/2025,10,13,40,10:13:40,147,Tahap-2
01/13/2025,10,13,40,10:13:40,322,Tahap-2
01/13/2025,10,13,40,10:13:40,459,Tahap-2
01/13/2025,10,13,41,10:13:41,-40,Tahap-2
01/13/2025,10,13,41,10:13:41,-280,Tahap-2
01/13/2025,10,13,41,10:13:41,152,Tahap-2
01/13/2025,10,13,41,10:13:41,-136,Tahap-2
01/13/2025,10,13,41,10:13:41,-168,Tahap-2
01/13/2025,10,13,41,10:13:41,64,Tahap-2
01/13/2025,10,13,41,10:13:41,-40,Tahap-2
01/13/2025,10,13,41,10:13:41,-128,Tahap-2
01/13/2025,10,13,41,10:13:41,32,Tahap-2
01/13/2025,10,13,41,10:13:41,-200,Tahap-2
01/13/2025,10,13,42,10:13:42,-64,Tahap-2
01/13/2025,10,13,42,10:13:42,104,Tahap-2
01/13/2025,10,13,42,10:13:42,-304,Tahap-2
01/13/2025,10,13,42,10:13:42,160,Tahap-2
01/13/2025,10,13,42,10:13:42,104,Tahap-2
01/13/2025,10,13,42,10:13:42,-128,Tahap-2
01/13/2025,10,13,42,10:13:42,-40,Tahap-2
01/13/2025,10,13,42,10:13:42,-64,Tahap-2
01/13/2025,10,13,42,10:13:42,-128,Tahap-2
01/13/2025,10,13,42,10:13:42,88,Tahap-2
01/13/2025,10,13,43,10:13:43,-184,Tahap-2
01/13/2025,10,13,43,10:13:43,96,Tahap-2
01/13/2025,10,13,43,10:13:43,-104,Tahap-2
01/13/2025,10,13,43,10:13:43,-176,Tahap-2
01/13/2025,10,13,43,10:13:43,88,Tahap-2
01/13/2025,10,13,43,10:13:43,104,Tahap-2
01/13/2025,10,13,43,10:13:43,-8,Tahap-2
01/13/2025,10,13,43,10:13:43,-96,Tahap-2
01/13/2025,10,13,43,10:13:43,88,Tahap-2
01/13/2025,10,13,43,10:13:43,-80,Tahap-2
01/13/2025,10,13,44,10:13:44,120,Tahap-2
01/13/2025,10,13,44,10:13:44,-168,Tahap-2
01/13/2025,10,13,44,10:13:44,248,Tahap-2
01/13/2025,10,13,44,10:13:44,-8,Tahap-2
01/13/2025,10,13,44,10:13:44,-72,Tahap-2
01/13/2025,10,13,44,10:13:44,240,Tahap-2
01/13/2025,10,13,44,10:13:44,48,Tahap-2
01/13/2025,10,13,44,10:13:44,224,Tahap-2
01/13/2025,10,13,44,10:13:44,-48,Tahap-2
01/13/2025,10,13,44,10:13:44,72,Tahap-2
01/13/2025,10,13,45,10:13:45,-8,Tahap-2
01/13/2025,10,13,45,10:13:45,88,Tahap-2
01/13/2025,10,13,45,10:13:45,-176,Tahap-2
01/13/2025,10,13,45,10:13:45,344,Tahap-2
01/13/2025,10,13,45,10:13:45,-152,Tahap-2
01/13/2025,10,13,45,10:13:45,8,Tahap-2
01/13/2025,10,13,45,10:13:45,152,Tahap-2
01/13/2025,10,13,45,10:13:45,96,Tahap-2
01/13/2025,10,13,45,10:13:45,248,Tahap-2
01/13/2025,10,13,45,10:13:45,184,Tahap-2
01/13/2025,10,13,46,10:13:46,-80,Tahap-2
01/13/2025,10,13,46,10:13:46,256,Tahap-2
01/13/2025,10,13,46,10:13:46,-40,Tahap-2
01/13/2025,10,13,46,10:13:46,48,Tahap-2
01/13/2025,10,13,46,10:13:46,368,Tahap-2
01/13/2025,10,13,46,10:13:46,-144,Tahap-2
01/13/2025,10,13,46,10:13:46,304,Tahap-2
01/13/2025,10,13,46,10:13:46,80,Tahap-2
01/13/2025,10,13,46,10:13:46,80,Tahap-2
01/13/2025,10,13,46,10:13:46,128,Tahap-2
01/13/2025,10,13,47,10:13:47,288,Tahap-2
01/13/2025,10,13,47,10:13:47,-80,Tahap-2
01/13/2025,10,13,47,10:13:47,272,Tahap-2
01/13/2025,10,13,47,10:13:47,-152,Tahap-2
01/13/2025,10,13,47,10:13:47,128,Tahap-2
01/13/2025,10,13,47,10:13:47,136,Tahap-2
01/13/2025,10,13,47,10:13:47,-104,Tahap-2
01/13/2025,10,13,47,10:13:47,320,Tahap-2
01/13/2025,10,13,47,10:13:47,224,Tahap-2
01/13/2025,10,13,47,10:13:47,184,Tahap-2
01/13/2025,10,13,48,10:13:48,152,Tahap-2
01/13/2025,10,13,48,10:13:48,264,Tahap-2
01/13/2025,10,13,48,10:13:48,-88,Tahap-2
01/13/2025,10,13,48,10:13:48,296,Tahap-2
01/13/2025,10,13,48,10:13:48,-208,Tahap-2
01/13/2025,10,13,48,10:13:48,184,Tahap-2
01/13/2025,10,13,48,10:13:48,144,Tahap-2
01/13/2025,10,13,48,10:13:48,184,Tahap-2
01/13/2025,10,13,48,10:13:48,16,Tahap-2
01/13/2025,10,13,48,10:13:48,272,Tahap-2
01/13/2025,10,13,49,10:13:49,112,Tahap-2
01/13/2025,10,13,49,10:13:49,120,Tahap-2
01/13/2025,10,13,49,10:13:49,80,Tahap-2
01/13/2025,10,13,49,10:13:49,200,Tahap-2
01/13/2025,10,13,49,10:13:49,272,Tahap-2
01/13/2025,10,13,49,10:13:49,144,Tahap-2
01/13/2025,10,13,49,10:13:49,-48,Tahap-2
01/13/2025,10,13,49,10:13:49,336,Tahap-2
01/13/2025,10,13,49,10:13:49,184,Tahap-2
01/13/2025,10,13,49,10:13:49,128,Tahap-2
01/13/2025,10,13,50,10:13:50,88,Tahap-2
01/13/2025,10,13,50,10:13:50,344,Tahap-2
01/13/2025,10,13,50,10:13:50,72,Tahap-2
01/13/2025,10,13,50,10:13:50,248,Tahap-2
01/13/2025,10,13,50,10:13:50,104,Tahap-2
01/13/2025,10,13,50,10:13:50,376,Tahap-2
01/13/2025,10,13,50,10:13:50,32,Tahap-2
01/13/2025,10,13,50,10:13:50,80,Tahap-2
01/13/2025,10,13,50,10:13:50,328,Tahap-2
01/13/2025,10,13,50,10:13:50,200,Tahap-2
01/13/2025,10,13,51,10:13:51,392,Tahap-2
01/13/2025,10,13,51,10:13:51,104,Tahap-2
01/13/2025,10,13,51,10:13:51,272,Tahap-2
01/13/2025,10,13,51,10:13:51,200,Tahap-2
01/13/2025,10,13,51,10:13:51,128,Tahap-2
01/13/2025,10,13,51,10:13:51,144,Tahap-2
01/13/2025,10,13,51,10:13:51,384,Tahap-2
01/13/2025,10,13,51,10:13:51,64,Tahap-2
01/13/2025,10,13,51,10:13:51,136,Tahap-2
01/13/2025,10,13,51,10:13:51,232,Tahap-2
01/13/2025,10,13,52,10:13:52,144,Tahap-2
01/13/2025,10,13,52,10:13:52,328,Tahap-2
01/13/2025,10,13,52,10:13:52,200,Tahap-2
01/13/2025,10,13,52,10:13:52,112,Tahap-2
01/13/2025,10,13,52,10:13:52,320,Tahap-2
01/13/2025,10,13,52,10:13:52,16,Tahap-2
01/13/2025,10,13,52,10:13:52,272,Tahap-2
01/13/2025,10,13,52,10:13:52,392,Tahap-2
01/13/2025,10,13,52,10:13:52,-104,Tahap-2
01/13/2025,10,13,52,10:13:52,464,Tahap-2
01/13/2025,10,13,53,10:13:53,192,Tahap-2
01/13/2025,10,13,53,10:13:53,312,Tahap-2
01/13/2025,10,13,53,10:13:53,256,Tahap-2
01/13/2025,10,13,53,10:13:53,312,Tahap-2
01/13/2025,10,13,53,10:13:53,72,Tahap-2
01/13/2025,10,13,53,10:13:53,352,Tahap-2
01/13/2025,10,13,53,10:13:53,-40,Tahap-2
01/13/2025,10,13,53,10:13:53,344,Tahap-2
01/13/2025,10,13,53,10:13:53,336,Tahap-2
01/13/2025,10,14,18,10:14:18,3495,Tahap-2
01/13/2025,10,14,18,10:14:18,1211,Tahap-2
01/13/2025,10,14,18,10:14:18,807,Tahap-2
01/13/2025,10,14,18,10:14:18,641,Tahap-2
01/13/2025,10,14,18,10:14:18,494,Tahap-2
01/13/2025,10,14,18,10:14:18,434,Tahap-2
01/13/2025,10,14,18,10:14:18,354,Tahap-2
01/13/2025,10,14,18,10:14:18,344,Tahap-2
01/13/2025,10,14,19,10:14:19,399,Tahap-2
01/13/2025,10,14,19,10:14:19,255,Tahap-2
01/13/2025,10,14,19,10:14:19,269,Tahap-2
01/13/2025,10,14,19,10:14:19,149,Tahap-2
01/13/2025,10,14,19,10:14:19,242,Tahap-2
01/13/2025,10,14,19,10:14:19,301,Tahap-2
01/13/2025,10,14,19,10:14:19,203,Tahap-2
01/13/2025,10,14,19,10:14:19,151,Tahap-2
01/13/2025,10,14,19,10:14:19,155,Tahap-2
01/13/2025,10,14,19,10:14:19,191,Tahap-2
01/13/2025,10,14,20,10:14:20,112,Tahap-2
01/13/2025,10,14,20,10:14:20,165,Tahap-2
01/13/2025,10,14,20,10:14:20,210,Tahap-2
01/13/2025,10,14,20,10:14:20,181,Tahap-2
01/13/2025,10,14,20,10:14:20,439,Tahap-2
01/13/2025,10,14,20,10:14:20,489,Tahap-2
01/13/2025,10,14,20,10:14:20,167,Tahap-2
01/13/2025,10,14,20,10:14:20,111,Tahap-2
01/13/2025,10,14,20,10:14:20,66,Tahap-2
01/13/2025,10,14,20,10:14:20,185,Tahap-2
01/13/2025,10,14,21,10:14:21,124,Tahap-2
01/13/2025,10,14,21,10:14:21,134,Tahap-2
01/13/2025,10,14,21,10:14:21,78,Tahap-2
01/13/2025,10,14,21,10:14:21,131,Tahap-2
01/13/2025,10,14,21,10:14:21,229,Tahap-2
01/13/2025,10,14,21,10:14:21,39,Tahap-2
01/13/2025,10,14,21,10:14:21,75,Tahap-2
01/13/2025,10,14,21,10:14:21,116,Tahap-2
01/13/2025,10,14,21,10:14:21,95,Tahap-2
01/13/2025,10,14,21,10:14:21,169,Tahap-2
01/13/2025,10,14,22,10:14:22,82,Tahap-2
01/13/2025,10,14,22,10:14:22,73,Tahap-2
01/13/2025,10,14,22,10:14:22,79,Tahap-2
01/13/2025,10,14,22,10:14:22,185,Tahap-2
01/13/2025,10,14,22,10:14:22,201,Tahap-2
01/13/2025,10,14,22,10:14:22,157,Tahap-2
01/13/2025,10,14,22,10:14:22,205,Tahap-2
01/13/2025,10,14,22,10:14:22,58,Tahap-2
01/13/2025,10,14,22,10:14:22,250,Tahap-2
01/13/2025,10,14,22,10:14:22,93,Tahap-2
01/13/2025,10,14,23,10:14:23,127,Tahap-2
01/13/2025,10,14,23,10:14:23,11,Tahap-2
01/13/2025,10,14,23,10:14:23,46,Tahap-2
01/13/2025,10,14,23,10:14:23,164,Tahap-2
01/13/2025,10,14,23,10:14:23,101,Tahap-2
01/13/2025,10,14,23,10:14:23,21,Tahap-2
01/13/2025,10,14,23,10:14:23,27,Tahap-2
01/13/2025,10,14,23,10:14:23,130,Tahap-2
01/13/2025,10,14,23,10:14:23,90,Tahap-2
01/13/2025,10,14,23,10:14:23,169,Tahap-2
01/13/2025,10,14,24,10:14:24,71,Tahap-2
01/13/2025,10,14,24,10:14:24,51,Tahap-2
01/13/2025,10,14,24,10:14:24,97,Tahap-2
01/13/2025,10,14,24,10:14:24,45,Tahap-2
01/13/2025,10,14,24,10:14:24,105,Tahap-2
01/13/2025,10,14,24,10:14:24,130,Tahap-2
01/13/2025,10,14,24,10:14:24,58,Tahap-2
01/13/2025,10,14,24,10:14:24,190,Tahap-2
01/13/2025,10,14,24,10:14:24,285,Tahap-2
01/13/2025,10,14,24,10:14:24,278,Tahap-2
01/13/2025,10,14,25,10:14:25,194,Tahap-2
01/13/2025,10,14,25,10:14:25,548,Tahap-2
01/13/2025,10,14,25,10:14:25,638,Tahap-2
01/13/2025,10,14,25,10:14:25,302,Tahap-2
01/13/2025,10,14,25,10:14:25,251,Tahap-2
01/13/2025,10,14,25,10:14:25,62,Tahap-2
01/13/2025,10,14,25,10:14:25,132,Tahap-2
01/13/2025,10,14,25,10:14:25,133,Tahap-2
01/13/2025,10,14,25,10:14:25,139,Tahap-2
01/13/2025,10,14,25,10:14:25,68,Tahap-2
01/13/2025,10,14,26,10:14:26,35,Tahap-2
01/13/2025,10,14,26,10:14:26,126,Tahap-2
01/13/2025,10,14,26,10:14:26,18,Tahap-2
01/13/2025,10,14,26,10:14:26,169,Tahap-2
01/13/2025,10,14,26,10:14:26,82,Tahap-2
01/13/2025,10,14,26,10:14:26,76,Tahap-2
01/13/2025,10,14,26,10:14:26,210,Tahap-2
01/13/2025,10,14,26,10:14:26,549,Tahap-2
01/13/2025,10,14,26,10:14:26,574,Tahap-2
01/13/2025,10,14,26,10:14:26,365,Tahap-2
01/13/2025,10,14,27,10:14:27,219,Tahap-2
01/13/2025,10,14,27,10:14:27,294,Tahap-2
01/13/2025,10,14,27,10:14:27,330,Tahap-2
01/13/2025,10,14,27,10:14:27,686,Tahap-2
01/13/2025,10,14,27,10:14:27,620,Tahap-2
01/13/2025,10,14,27,10:14:27,1004,Tahap-2
01/13/2025,10,14,27,10:14:27,973,Tahap-2
01/13/2025,10,14,27,10:14:27,228,Tahap-2
01/13/2025,10,14,27,10:14:27,301,Tahap-2
01/13/2025,10,14,27,10:14:27,427,Tahap-2
01/13/2025,10,14,28,10:14:28,226,Tahap-2
01/13/2025,10,14,28,10:14:28,142,Tahap-2
01/13/2025,10,14,28,10:14:28,110,Tahap-2
01/13/2025,10,14,28,10:14:28,96,Tahap-2
01/13/2025,10,14,28,10:14:28,194,Tahap-2
01/13/2025,10,14,28,10:14:28,214,Tahap-2
01/13/2025,10,14,28,10:14:28,93,Tahap-2
01/13/2025,10,14,28,10:14:28,330,Tahap-2
01/13/2025,10,14,28,10:14:28,47,Tahap-2
01/13/2025,10,14,28,10:14:28,61,Tahap-2
01/13/2025,10,14,29,10:14:29,261,Tahap-2
01/13/2025,10,14,29,10:14:29,785,Tahap-2
01/13/2025,10,14,29,10:14:29,275,Tahap-2
01/13/2025,10,14,29,10:14:29,198,Tahap-2
01/13/2025,10,14,29,10:14:29,334,Tahap-2
01/13/2025,10,14,29,10:14:29,182,Tahap-2
01/13/2025,10,14,29,10:14:29,45,Tahap-2
01/13/2025,10,14,29,10:14:29,571,Tahap-2
01/13/2025,10,14,29,10:14:29,801,Tahap-2
01/13/2025,10,14,29,10:14:29,427,Tahap-2
01/13/2025,10,14,30,10:14:30,425,Tahap-2
01/13/2025,10,14,30,10:14:30,478,Tahap-2
01/13/2025,10,14,30,10:14:30,373,Tahap-2
01/13/2025,10,14,30,10:14:30,201,Tahap-2
01/13/2025,10,14,30,10:14:30,221,Tahap-2
01/13/2025,10,14,30,10:14:30,343,Tahap-2
01/13/2025,10,14,30,10:14:30,140,Tahap-2
01/13/2025,10,14,30,10:14:30,499,Tahap-2
01/13/2025,10,14,30,10:14:30,651,Tahap-2
01/13/2025,10,14,30,10:14:30,-16,Tahap-2
01/13/2025,10,14,31,10:14:31,144,Tahap-2
01/13/2025,10,14,31,10:14:31,-28,Tahap-2
01/13/2025,10,14,31,10:14:31,52,Tahap-2
01/13/2025,10,14,31,10:14:31,8,Tahap-2
01/13/2025,10,14,31,10:14:31,76,Tahap-2
01/13/2025,10,14,31,10:14:31,-76,Tahap-2
01/13/2025,10,14,31,10:14:31,152,Tahap-2
01/13/2025,10,14,31,10:14:31,-8,Tahap-2
01/13/2025,10,14,31,10:14:31,140,Tahap-2
01/13/2025,10,14,32,10:14:32,28,Tahap-2
01/13/2025,10,14,32,10:14:32,-20,Tahap-2
01/13/2025,10,14,32,10:14:32,128,Tahap-2
01/13/2025,10,14,32,10:14:32,-88,Tahap-2
01/13/2025,10,14,32,10:14:32,60,Tahap-2
01/13/2025,10,14,32,10:14:32,-36,Tahap-2
01/13/2025,10,14,32,10:14:32,-28,Tahap-2
01/13/2025,10,14,32,10:14:32,136,Tahap-2
01/13/2025,10,14,32,10:14:32,-72,Tahap-2
01/13/2025,10,14,32,10:14:32,-28,Tahap-2
01/13/2025,10,14,33,10:14:33,132,Tahap-2
01/13/2025,10,14,33,10:14:33,76,Tahap-2
01/13/2025,10,14,33,10:14:33,-12,Tahap-2
01/13/2025,10,14,33,10:14:33,12,Tahap-2
01/13/2025,10,14,33,10:14:33,-4,Tahap-2
01/13/2025,10,14,33,10:14:33,-48,Tahap-2
01/13/2025,10,14,33,10:14:33,-136,Tahap-2
01/13/2025,10,14,33,10:14:33,120,Tahap-2
01/13/2025,10,14,33,10:14:33,-132,Tahap-2
01/13/2025,10,14,34,10:14:34,100,Tahap-2
01/13/2025,10,14,34,10:14:34,20,Tahap-2
01/13/2025,10,14,34,10:14:34,-28,Tahap-2
01/13/2025,10,14,34,10:14:34,32,Tahap-2
01/13/2025,10,14,34,10:14:34,-84,Tahap-2
01/13/2025,10,14,34,10:14:34,-48,Tahap-2
01/13/2025,10,14,34,10:14:34,-12,Tahap-2
01/13/2025,10,14,34,10:14:34,-96,Tahap-2
01/13/2025,10,14,34,10:14:34,28,Tahap-2
01/13/2025,10,14,34,10:14:34,76,Tahap-2
01/13/2025,10,14,35,10:14:35,-160,Tahap-2
01/13/2025,10,14,35,10:14:35,16,Tahap-2
01/13/2025,10,14,35,10:14:35,8,Tahap-2
01/13/2025,10,14,35,10:14:35,-40,Tahap-2
01/13/2025,10,14,35,10:14:35,-8,Tahap-2
01/13/2025,10,14,35,10:14:35,4,Tahap-2
01/13/2025,10,14,35,10:14:35,-152,Tahap-2
01/13/2025,10,14,35,10:14:35,20,Tahap-2
01/13/2025,10,14,35,10:14:35,-156,Tahap-2
01/13/2025,10,14,35,10:14:35,-12,Tahap-2
01/13/2025,10,14,36,10:14:36,32,Tahap-2
01/13/2025,10,14,36,10:14:36,-100,Tahap-2
01/13/2025,10,14,36,10:14:36,16,Tahap-2
01/13/2025,10,14,36,10:14:36,12,Tahap-2
01/13/2025,10,14,36,10:14:36,-72,Tahap-2
01/13/2025,10,14,36,10:14:36,-40,Tahap-2
01/13/2025,10,14,36,10:14:36,8,Tahap-2
01/13/2025,10,14,36,10:14:36,-36,Tahap-2
01/13/2025,10,14,36,10:14:36,-80,Tahap-2
01/13/2025,10,14,36,10:14:36,-124,Tahap-2
01/13/2025,10,14,37,10:14:37,-28,Tahap-2
01/13/2025,10,14,37,10:14:37,-12,Tahap-2
01/13/2025,10,14,37,10:14:37,-136,Tahap-2
01/13/2025,10,14,37,10:14:37,24,Tahap-2
01/13/2025,10,14,37,10:14:37,-104,Tahap-2
01/13/2025,10,14,37,10:14:37,-40,Tahap-2
01/13/2025,10,14,37,10:14:37,-84,Tahap-2
01/13/2025,10,14,37,10:14:37,-64,Tahap-2
01/13/2025,10,14,37,10:14:37,-100,Tahap-2
01/13/2025,10,14,37,10:14:37,-40,Tahap-2
01/13/2025,10,14,38,10:14:38,-240,Tahap-2
01/13/2025,10,14,38,10:14:38,-12,Tahap-2
01/13/2025,10,14,38,10:14:38,-112,Tahap-2
01/13/2025,10,14,38,10:14:38,-176,Tahap-2
01/13/2025,10,14,38,10:14:38,28,Tahap-2
01/13/2025,10,14,39,10:14:39,4,Tahap-2
01/13/2025,10,14,39,10:14:39,-184,Tahap-2
01/13/2025,10,14,39,10:14:39,4,Tahap-2
01/13/2025,10,14,39,10:14:39,-216,Tahap-2
01/13/2025,10,14,39,10:14:39,-108,Tahap-2
01/13/2025,10,14,39,10:14:39,-88,Tahap-2
01/13/2025,10,14,39,10:14:39,-204,Tahap-2
01/13/2025,10,14,39,10:14:39,-8,Tahap-2
01/13/2025,10,14,39,10:14:39,-148,Tahap-2
01/13/2025,10,14,39,10:14:39,-148,Tahap-2
01/13/2025,10,14,39,10:14:39,-28,Tahap-2
01/13/2025,10,14,39,10:14:39,-116,Tahap-2
01/13/2025,10,14,39,10:14:39,-80,Tahap-2
01/13/2025,10,14,39,10:14:39,-176,Tahap-2
01/13/2025,10,14,39,10:14:39,-76,Tahap-2
01/13/2025,10,14,40,10:14:40,-228,Tahap-2
01/13/2025,10,14,40,10:14:40,-68,Tahap-2
01/13/2025,10,14,40,10:14:40,-228,Tahap-2
01/13/2025,10,14,40,10:14:40,-56,Tahap-2
01/13/2025,10,14,40,10:14:40,-200,Tahap-2
01/13/2025,10,14,40,10:14:40,-168,Tahap-2
01/13/2025,10,14,40,10:14:40,-80,Tahap-2
01/13/2025,10,14,40,10:14:40,-132,Tahap-2
01/13/2025,10,14,40,10:14:40,-100,Tahap-2
01/13/2025,10,14,40,10:14:40,-132,Tahap-2
01/13/2025,10,14,41,10:14:41,-232,Tahap-2
01/13/2025,10,14,41,10:14:41,-84,Tahap-2
01/13/2025,10,14,41,10:14:41,-216,Tahap-2
01/13/2025,10,14,41,10:14:41,-172,Tahap-2
01/13/2025,10,14,41,10:14:41,-112,Tahap-2
01/13/2025,10,14,41,10:14:41,-120,Tahap-2
01/13/2025,10,14,41,10:14:41,-296,Tahap-2
01/13/2025,10,14,41,10:14:41,-12,Tahap-2
01/13/2025,10,14,41,10:14:41,-204,Tahap-2
01/13/2025,10,14,41,10:14:41,-100,Tahap-2
01/13/2025,10,14,42,10:14:42,-156,Tahap-2
01/13/2025,10,14,42,10:14:42,-164,Tahap-2
01/13/2025,10,14,42,10:14:42,-212,Tahap-2
01/13/2025,10,14,42,10:14:42,-116,Tahap-2
01/13/2025,10,14,42,10:14:42,-272,Tahap-2
01/13/2025,10,14,42,10:14:42,-108,Tahap-2
01/13/2025,10,14,42,10:14:42,-100,Tahap-2
01/13/2025,10,14,42,10:14:42,-300,Tahap-2
01/13/2025,10,14,42,10:14:42,-80,Tahap-2
01/13/2025,10,14,42,10:14:42,-144,Tahap-2
01/13/2025,10,14,43,10:14:43,-192,Tahap-2
01/13/2025,10,14,43,10:14:43,-196,Tahap-2
01/13/2025,10,14,43,10:14:43,-156,Tahap-2
01/13/2025,10,14,43,10:14:43,-216,Tahap-2
01/13/2025,10,14,43,10:14:43,-148,Tahap-2
01/13/2025,10,14,43,10:14:43,-276,Tahap-2
01/13/2025,10,14,43,10:14:43,-148,Tahap-2
01/13/2025,10,14,43,10:14:43,-172,Tahap-2
01/13/2025,10,15,8,10:15:08,2400,Tahap-2
01/13/2025,10,15,8,10:15:08,1138,Tahap-2
01/13/2025,10,15,8,10:15:08,484,Tahap-2
01/13/2025,10,15,9,10:15:09,553,Tahap-2
01/13/2025,10,15,9,10:15:09,496,Tahap-2
01/13/2025,10,15,9,10:15:09,298,Tahap-2
01/13/2025,10,15,9,10:15:09,319,Tahap-2
01/13/2025,10,15,9,10:15:09,176,Tahap-2
01/13/2025,10,15,9,10:15:09,292,Tahap-2
01/13/2025,10,15,9,10:15:09,144,Tahap-2
01/13/2025,10,15,9,10:15:09,263,Tahap-2
01/13/2025,10,15,9,10:15:09,171,Tahap-2
01/13/2025,10,15,9,10:15:09,24,Tahap-2
01/13/2025,10,15,9,10:15:09,114,Tahap-2
01/13/2025,10,15,9,10:15:09,151,Tahap-2
01/13/2025,10,15,9,10:15:09,131,Tahap-2
01/13/2025,10,15,9,10:15:09,99,Tahap-2
01/13/2025,10,15,9,10:15:09,176,Tahap-2
01/13/2025,10,15,10,10:15:10,201,Tahap-2
01/13/2025,10,15,10,10:15:10,72,Tahap-2
01/13/2025,10,15,10,10:15:10,35,Tahap-2
01/13/2025,10,15,10,10:15:10,21,Tahap-2
01/13/2025,10,15,10,10:15:10,308,Tahap-2
01/13/2025,10,15,10,10:15:10,574,Tahap-2
01/13/2025,10,15,10,10:15:10,243,Tahap-2
01/13/2025,10,15,10,10:15:10,145,Tahap-2
01/13/2025,10,15,10,10:15:10,240,Tahap-2
01/13/2025,10,15,10,10:15:10,22,Tahap-2
01/13/2025,10,15,11,10:15:11,21,Tahap-2
01/13/2025,10,15,11,10:15:11,265,Tahap-2
01/13/2025,10,15,11,10:15:11,182,Tahap-2
01/13/2025,10,15,11,10:15:11,88,Tahap-2
01/13/2025,10,15,11,10:15:11,53,Tahap-2
01/13/2025,10,15,11,10:15:11,192,Tahap-2
01/13/2025,10,15,11,10:15:11,222,Tahap-2
01/13/2025,10,15,11,10:15:11,46,Tahap-2
01/13/2025,10,15,11,10:15:11,121,Tahap-2
01/13/2025,10,15,11,10:15:11,103,Tahap-2
01/13/2025,10,15,12,10:15:12,73,Tahap-2
01/13/2025,10,15,12,10:15:12,91,Tahap-2
01/13/2025,10,15,12,10:15:12,29,Tahap-2
01/13/2025,10,15,12,10:15:12,77,Tahap-2
01/13/2025,10,15,12,10:15:12,294,Tahap-2
01/13/2025,10,15,12,10:15:12,114,Tahap-2
01/13/2025,10,15,12,10:15:12,105,Tahap-2
01/13/2025,10,15,12,10:15:12,77,Tahap-2
01/13/2025,10,15,12,10:15:12,134,Tahap-2
01/13/2025,10,15,12,10:15:12,12,Tahap-2
01/13/2025,10,15,13,10:15:13,85,Tahap-2
01/13/2025,10,15,13,10:15:13,114,Tahap-2
01/13/2025,10,15,13,10:15:13,21,Tahap-2
01/13/2025,10,15,13,10:15:13,87,Tahap-2
01/13/2025,10,15,13,10:15:13,74,Tahap-2
01/13/2025,10,15,13,10:15:13,113,Tahap-2
01/13/2025,10,15,13,10:15:13,99,Tahap-2
01/13/2025,10,15,13,10:15:13,100,Tahap-2
01/13/2025,10,15,13,10:15:13,59,Tahap-2
01/13/2025,10,15,13,10:15:13,74,Tahap-2
01/13/2025,10,15,13,10:15:13,89,Tahap-2
01/13/2025,10,15,14,10:15:14,129,Tahap-2
01/13/2025,10,15,14,10:15:14,15,Tahap-2
01/13/2025,10,15,14,10:15:14,103,Tahap-2
01/13/2025,10,15,14,10:15:14,77,Tahap-2
01/13/2025,10,15,14,10:15:14,221,Tahap-2
01/13/2025,10,15,14,10:15:14,192,Tahap-2
01/13/2025,10,15,14,10:15:14,196,Tahap-2
01/13/2025,10,15,14,10:15:14,407,Tahap-2
01/13/2025,10,15,14,10:15:14,407,Tahap-2
01/13/2025,10,15,15,10:15:15,667,Tahap-2
01/13/2025,10,15,15,10:15:15,632,Tahap-2
01/13/2025,10,15,15,10:15:15,131,Tahap-2
01/13/2025,10,15,15,10:15:15,229,Tahap-2
01/13/2025,10,15,15,10:15:15,164,Tahap-2
01/13/2025,10,15,15,10:15:15,68,Tahap-2
01/13/2025,10,15,15,10:15:15,103,Tahap-2
01/13/2025,10,15,15,10:15:15,106,Tahap-2
01/13/2025,10,15,15,10:15:15,120,Tahap-2
01/13/2025,10,15,15,10:15:15,45,Tahap-2
01/13/2025,10,15,16,10:15:16,15,Tahap-2
01/13/2025,10,15,16,10:15:16,34,Tahap-2
01/13/2025,10,15,16,10:15:16,24,Tahap-2
01/13/2025,10,15,16,10:15:16,130,Tahap-2
01/13/2025,10,15,16,10:15:16,202,Tahap-2
01/13/2025,10,15,16,10:15:16,90,Tahap-2
01/13/2025,10,15,16,10:15:16,85,Tahap-2
01/13/2025,10,15,16,10:15:16,857,Tahap-2
01/13/2025,10,15,16,10:15:16,95,Tahap-2
01/13/2025,10,15,16,10:15:16,109,Tahap-2
01/13/2025,10,15,16,10:15:16,175,Tahap-2
01/13/2025,10,15,17,10:15:17,261,Tahap-2
01/13/2025,10,15,17,10:15:17,27,Tahap-2
01/13/2025,10,15,17,10:15:17,270,Tahap-2
01/13/2025,10,15,17,10:15:17,962,Tahap-2
01/13/2025,10,15,17,10:15:17,509,Tahap-2
01/13/2025,10,15,17,10:15:17,639,Tahap-2
01/13/2025,10,15,17,10:15:17,181,Tahap-2
01/13/2025,10,15,17,10:15:17,231,Tahap-2
01/13/2025,10,15,17,10:15:17,173,Tahap-2
01/13/2025,10,15,17,10:15:17,239,Tahap-2
01/13/2025,10,15,18,10:15:18,270,Tahap-2
01/13/2025,10,15,18,10:15:18,237,Tahap-2
01/13/2025,10,15,18,10:15:18,117,Tahap-2
01/13/2025,10,15,18,10:15:18,190,Tahap-2
01/13/2025,10,15,18,10:15:18,197,Tahap-2
01/13/2025,10,15,18,10:15:18,314,Tahap-2
01/13/2025,10,15,18,10:15:18,237,Tahap-2
01/13/2025,10,15,18,10:15:18,130,Tahap-2
01/13/2025,10,15,18,10:15:18,26,Tahap-2
01/13/2025,10,15,18,10:15:18,250,Tahap-2
01/13/2025,10,15,19,10:15:19,632,Tahap-2
01/13/2025,10,15,19,10:15:19,544,Tahap-2
01/13/2025,10,15,19,10:15:19,582,Tahap-2
01/13/2025,10,15,19,10:15:19,494,Tahap-2
01/13/2025,10,15,19,10:15:19,82,Tahap-2
01/13/2025,10,15,19,10:15:19,312,Tahap-2
01/13/2025,10,15,19,10:15:19,754,Tahap-2
01/13/2025,10,15,19,10:15:19,377,Tahap-2
01/13/2025,10,15,19,10:15:19,379,Tahap-2
01/13/2025,10,15,19,10:15:19,265,Tahap-2
01/13/2025,10,15,20,10:15:20,313,Tahap-2
01/13/2025,10,15,20,10:15:20,422,Tahap-2
01/13/2025,10,15,20,10:15:20,227,Tahap-2
01/13/2025,10,15,20,10:15:20,146,Tahap-2
01/13/2025,10,15,20,10:15:20,362,Tahap-2
01/13/2025,10,15,20,10:15:20,326,Tahap-2
01/13/2025,10,15,20,10:15:20,496,Tahap-2
01/13/2025,10,15,20,10:15:20,694,Tahap-2
01/13/2025,10,15,20,10:15:20,-100,Tahap-2
01/13/2025,10,15,20,10:15:20,-4,Tahap-2
01/13/2025,10,15,21,10:15:21,-64,Tahap-2
01/13/2025,10,15,21,10:15:21,-100,Tahap-2
01/13/2025,10,15,21,10:15:21,96,Tahap-2
01/13/2025,10,15,21,10:15:21,-72,Tahap-2
01/13/2025,10,15,21,10:15:21,-36,Tahap-2
01/13/2025,10,15,21,10:15:21,72,Tahap-2
01/13/2025,10,15,21,10:15:21,-52,Tahap-2
01/13/2025,10,15,21,10:15:21,-12,Tahap-2
01/13/2025,10,15,21,10:15:21,44,Tahap-2
01/13/2025,10,15,22,10:15:22,-88,Tahap-2
01/13/2025,10,15,22,10:15:22,88,Tahap-2
01/13/2025,10,15,22,10:15:22,-92,Tahap-2
01/13/2025,10,15,22,10:15:22,168,Tahap-2
01/13/2025,10,15,22,10:15:22,-92,Tahap-2
01/13/2025,10,15,22,10:15:22,8,Tahap-2
01/13/2025,10,15,22,10:15:22,-32,Tahap-2
01/13/2025,10,15,22,10:15:22,12,Tahap-2
01/13/2025,10,15,22,10:15:22,-48,Tahap-2
01/13/2025,10,15,22,10:15:22,-32,Tahap-2
01/13/2025,10,15,23,10:15:23,-40,Tahap-2
01/13/2025,10,15,23,10:15:23,8,Tahap-2
01/13/2025,10,15,23,10:15:23,-96,Tahap-2
01/13/2025,10,15,23,10:15:23,-80,Tahap-2
01/13/2025,10,15,23,10:15:23,68,Tahap-2
01/13/2025,10,15,23,10:15:23,-96,Tahap-2
01/13/2025,10,15,23,10:15:23,-16,Tahap-2
01/13/2025,10,15,23,10:15:23,132,Tahap-2
01/13/2025,10,15,23,10:15:23,-96,Tahap-2
01/13/2025,10,15,23,10:15:23,64,Tahap-2
01/13/2025,10,15,24,10:15:24,-28,Tahap-2
01/13/2025,10,15,24,10:15:24,20,Tahap-2
01/13/2025,10,15,24,10:15:24,-4,Tahap-2
01/13/2025,10,15,24,10:15:24,-12,Tahap-2
01/13/2025,10,15,24,10:15:24,-96,Tahap-2
01/13/2025,10,15,24,10:15:24,100,Tahap-2
01/13/2025,10,15,24,10:15:24,-60,Tahap-2
01/13/2025,10,15,24,10:15:24,-24,Tahap-2
01/13/2025,10,15,24,10:15:24,80,Tahap-2
01/13/2025,10,15,24,10:15:24,76,Tahap-2
01/13/2025,10,15,25,10:15:25,-60,Tahap-2
01/13/2025,10,15,25,10:15:25,40,Tahap-2
01/13/2025,10,15,25,10:15:25,28,Tahap-2
01/13/2025,10,15,25,10:15:25,20,Tahap-2
01/13/2025,10,15,25,10:15:25,-24,Tahap-2
01/13/2025,10,15,25,10:15:25,-16,Tahap-2
01/13/2025,10,15,25,10:15:25,24,Tahap-2
01/13/2025,10,15,25,10:15:25,36,Tahap-2
01/13/2025,10,15,25,10:15:25,-56,Tahap-2
01/13/2025,10,15,25,10:15:25,84,Tahap-2
01/13/2025,10,15,26,10:15:26,88,Tahap-2
01/13/2025,10,15,26,10:15:26,68,Tahap-2
01/13/2025,10,15,26,10:15:26,-88,Tahap-2
01/13/2025,10,15,26,10:15:26,140,Tahap-2
01/13/2025,10,15,26,10:15:26,-20,Tahap-2
01/13/2025,10,15,26,10:15:26,52,Tahap-2
01/13/2025,10,15,26,10:15:26,-16,Tahap-2
01/13/2025,10,15,26,10:15:26,80,Tahap-2
01/13/2025,10,15,26,10:15:26,92,Tahap-2
01/13/2025,10,15,26,10:15:26,-28,Tahap-2
01/13/2025,10,15,27,10:15:27,132,Tahap-2
01/13/2025,10,15,27,10:15:27,24,Tahap-2
01/13/2025,10,15,27,10:15:27,76,Tahap-2
01/13/2025,10,15,27,10:15:27,8,Tahap-2
01/13/2025,10,15,27,10:15:27,-16,Tahap-2
01/13/2025,10,15,27,10:15:27,88,Tahap-2
01/13/2025,10,15,27,10:15:27,8,Tahap-2
01/13/2025,10,15,27,10:15:27,56,Tahap-2
01/13/2025,10,15,27,10:15:27,144,Tahap-2
01/13/2025,10,15,27,10:15:27,80,Tahap-2
01/13/2025,10,15,28,10:15:28,-12,Tahap-2
01/13/2025,10,15,28,10:15:28,164,Tahap-2
01/13/2025,10,15,28,10:15:28,36,Tahap-2
01/13/2025,10,15,28,10:15:28,128,Tahap-2
01/13/2025,10,15,28,10:15:28,140,Tahap-2
01/13/2025,10,15,28,10:15:28,56,Tahap-2
01/13/2025,10,15,28,10:15:28,56,Tahap-2
01/13/2025,10,15,28,10:15:28,80,Tahap-2
01/13/2025,10,15,28,10:15:28,-48,Tahap-2
01/13/2025,10,15,28,10:15:28,180,Tahap-2
01/13/2025,10,15,29,10:15:29,72,Tahap-2
01/13/2025,10,15,29,10:15:29,68,Tahap-2
01/13/2025,10,15,29,10:15:29,152,Tahap-2
01/13/2025,10,15,29,10:15:29,128,Tahap-2
01/13/2025,10,15,29,10:15:29,88,Tahap-2
01/13/2025,10,15,29,10:15:29,76,Tahap-2
01/13/2025,10,15,29,10:15:29,116,Tahap-2
01/13/2025,10,15,29,10:15:29,12,Tahap-2
01/13/2025,10,15,29,10:15:29,112,Tahap-2
01/13/2025,10,15,29,10:15:29,36,Tahap-2
01/13/2025,10,15,30,10:15:30,160,Tahap-2
01/13/2025,10,15,30,10:15:30,72,Tahap-2
01/13/2025,10,15,30,10:15:30,128,Tahap-2
01/13/2025,10,15,30,10:15:30,160,Tahap-2
01/13/2025,10,15,30,10:15:30,128,Tahap-2
01/13/2025,10,15,30,10:15:30,140,Tahap-2
01/13/2025,10,15,30,10:15:30,92,Tahap-2
01/13/2025,10,15,30,10:15:30,144,Tahap-2
01/13/2025,10,15,30,10:15:30,88,Tahap-2
01/13/2025,10,15,30,10:15:30,76,Tahap-2
01/13/2025,10,15,31,10:15:31,4,Tahap-2
01/13/2025,10,15,31,10:15:31,216,Tahap-2
01/13/2025,10,15,31,10:15:31,52,Tahap-2
01/13/2025,10,15,31,10:15:31,104,Tahap-2
01/13/2025,10,15,31,10:15:31,256,Tahap-2
01/13/2025,10,15,31,10:15:31,52,Tahap-2
01/13/2025,10,15,31,10:15:31,160,Tahap-2
01/13/2025,10,15,31,10:15:31,104,Tahap-2
01/13/2025,10,15,31,10:15:31,112,Tahap-2
01/13/2025,10,15,31,10:15:31,156,Tahap-2
01/13/2025,10,15,32,10:15:32,92,Tahap-2
01/13/2025,10,15,32,10:15:32,52,Tahap-2
01/13/2025,10,15,32,10:15:32,216,Tahap-2
01/13/2025,10,15,32,10:15:32,112,Tahap-2
01/13/2025,10,15,32,10:15:32,100,Tahap-2
01/13/2025,10,15,32,10:15:32,236,Tahap-2
01/13/2025,10,15,32,10:15:32,232,Tahap-2
01/13/2025,10,15,32,10:15:32,92,Tahap-2
01/13/2025,10,15,32,10:15:32,160,Tahap-2
01/13/2025,10,15,32,10:15:32,156,Tahap-2
01/13/2025,10,15,33,10:15:33,68,Tahap-2
01/13/2025,10,15,33,10:15:33,156,Tahap-2
01/13/2025,10,15,33,10:15:33,40,Tahap-2
01/13/2025,10,15,33,10:15:33,228,Tahap-2
01/13/2025,10,15,33,10:15:33,80,Tahap-2
01/13/2025,10,15,33,10:15:33,100,Tahap-2
01/13/2025,10,15,33,10:15:33,240,Tahap-2
01/13/2025,10,15,58,10:15:58,1529,Tahap-2
01/13/2025,10,15,58,10:15:58,409,Tahap-2
01/13/2025,10,15,58,10:15:58,357,Tahap-2
01/13/2025,10,15,58,10:15:58,310,Tahap-2
01/13/2025,10,15,58,10:15:58,309,Tahap-2
01/13/2025,10,15,58,10:15:58,293,Tahap-2
01/13/2025,10,15,58,10:15:58,246,Tahap-2
01/13/2025,10,15,58,10:15:58,269,Tahap-2
01/13/2025,10,15,58,10:15:58,298,Tahap-2
01/13/2025,10,15,59,10:15:59,13,Tahap-2
01/13/2025,10,15,59,10:15:59,150,Tahap-2
01/13/2025,10,15,59,10:15:59,83,Tahap-2
01/13/2025,10,15,59,10:15:59,107,Tahap-2
01/13/2025,10,15,59,10:15:59,186,Tahap-2
01/13/2025,10,15,59,10:15:59,91,Tahap-2
01/13/2025,10,15,59,10:15:59,145,Tahap-2
01/13/2025,10,15,59,10:15:59,95,Tahap-2
01/13/2025,10,15,59,10:15:59,146,Tahap-2
01/13/2025,10,15,59,10:15:59,86,Tahap-2
01/13/2025,10,16,1,10:16:01,243,Tahap-2
01/13/2025,10,16,1,10:16:01,139,Tahap-2
01/13/2025,10,16,1,10:16:01,154,Tahap-2
01/13/2025,10,16,1,10:16:01,69,Tahap-2
01/13/2025,10,16,1,10:16:01,54,Tahap-2
01/13/2025,10,16,1,10:16:01,138,Tahap-2
01/13/2025,10,16,1,10:16:01,62,Tahap-2
01/13/2025,10,16,1,10:16:01,43,Tahap-2
01/13/2025,10,16,1,10:16:01,50,Tahap-2
01/13/2025,10,16,1,10:16:01,50,Tahap-2
01/13/2025,10,16,2,10:16:02,20,Tahap-2
01/13/2025,10,16,2,10:16:02,51,Tahap-2
01/13/2025,10,16,2,10:16:02,136,Tahap-2
01/13/2025,10,16,2,10:16:02,32,Tahap-2
01/13/2025,10,16,2,10:16:02,91,Tahap-2
01/13/2025,10,16,2,10:16:02,411,Tahap-2
01/13/2025,10,16,2,10:16:02,111,Tahap-2
01/13/2025,10,16,2,10:16:02,177,Tahap-2
01/13/2025,10,16,2,10:16:02,206,Tahap-2
01/13/2025,10,16,2,10:16:02,62,Tahap-2
01/13/2025,10,16,3,10:16:03,42,Tahap-2
01/13/2025,10,16,3,10:16:03,103,Tahap-2
01/13/2025,10,16,3,10:16:03,56,Tahap-2
01/13/2025,10,16,3,10:16:03,96,Tahap-2
01/13/2025,10,16,3,10:16:03,111,Tahap-2
01/13/2025,10,16,3,10:16:03,50,Tahap-2
01/13/2025,10,16,3,10:16:03,64,Tahap-2
01/13/2025,10,16,3,10:16:03,72,Tahap-2
01/13/2025,10,16,3,10:16:03,77,Tahap-2
01/13/2025,10,16,3,10:16:03,55,Tahap-2
01/13/2025,10,16,4,10:16:04,59,Tahap-2
01/13/2025,10,16,4,10:16:04,116,Tahap-2
01/13/2025,10,16,4,10:16:04,65,Tahap-2
01/13/2025,10,16,4,10:16:04,84,Tahap-2
01/13/2025,10,16,4,10:16:04,100,Tahap-2
01/13/2025,10,16,4,10:16:04,85,Tahap-2
01/13/2025,10,16,4,10:16:04,162,Tahap-2
01/13/2025,10,16,4,10:16:04,34,Tahap-2
01/13/2025,10,16,4,10:16:04,172,Tahap-2
01/13/2025,10,16,4,10:16:04,182,Tahap-2
01/13/2025,10,16,5,10:16:05,219,Tahap-2
01/13/2025,10,16,5,10:16:05,607,Tahap-2
01/13/2025,10,16,5,10:16:05,308,Tahap-2
01/13/2025,10,16,5,10:16:05,79,Tahap-2
01/13/2025,10,16,5,10:16:05,87,Tahap-2
01/13/2025,10,16,5,10:16:05,98,Tahap-2
01/13/2025,10,16,5,10:16:05,351,Tahap-2
01/13/2025,10,16,5,10:16:05,195,Tahap-2
01/13/2025,10,16,5,10:16:05,152,Tahap-2
01/13/2025,10,16,5,10:16:05,91,Tahap-2
01/13/2025,10,16,6,10:16:06,145,Tahap-2
01/13/2025,10,16,6,10:16:06,129,Tahap-2
01/13/2025,10,16,6,10:16:06,230,Tahap-2
01/13/2025,10,16,6,10:16:06,90,Tahap-2
01/13/2025,10,16,6,10:16:06,246,Tahap-2
01/13/2025,10,16,6,10:16:06,184,Tahap-2
01/13/2025,10,16,6,10:16:06,10,Tahap-2
01/13/2025,10,16,6,10:16:06,395,Tahap-2
01/13/2025,10,16,6,10:16:06,233,Tahap-2
01/13/2025,10,16,6,10:16:06,664,Tahap-2
01/13/2025,10,16,7,10:16:07,553,Tahap-2
01/13/2025,10,16,7,10:16:07,169,Tahap-2
01/13/2025,10,16,7,10:16:07,325,Tahap-2
01/13/2025,10,16,7,10:16:07,82,Tahap-2
01/13/2025,10,16,7,10:16:07,392,Tahap-2
01/13/2025,10,16,7,10:16:07,1353,Tahap-2
01/13/2025,10,16,7,10:16:07,559,Tahap-2
01/13/2025,10,16,7,10:16:07,192,Tahap-2
01/13/2025,10,16,7,10:16:07,149,Tahap-2
01/13/2025,10,16,7,10:16:07,109,Tahap-2
01/13/2025,10,16,8,10:16:08,228,Tahap-2
01/13/2025,10,16,8,10:16:08,234,Tahap-2
01/13/2025,10,16,8,10:16:08,120,Tahap-2
01/13/2025,10,16,8,10:16:08,210,Tahap-2
01/13/2025,10,16,8,10:16:08,96,Tahap-2
01/13/2025,10,16,9,10:16:09,234,Tahap-2
01/13/2025,10,16,9,10:16:09,14,Tahap-2
01/13/2025,10,16,9,10:16:09,131,Tahap-2
01/13/2025,10,16,9,10:16:09,38,Tahap-2
01/13/2025,10,16,9,10:16:09,175,Tahap-2
01/13/2025,10,16,9,10:16:09,240,Tahap-2
01/13/2025,10,16,9,10:16:09,478,Tahap-2
01/13/2025,10,16,9,10:16:09,239,Tahap-2
01/13/2025,10,16,9,10:16:09,60,Tahap-2
01/13/2025,10,16,9,10:16:09,197,Tahap-2
01/13/2025,10,16,9,10:16:09,125,Tahap-2
01/13/2025,10,16,9,10:16:09,180,Tahap-2
01/13/2025,10,16,9,10:16:09,390,Tahap-2
01/13/2025,10,16,9,10:16:09,63,Tahap-2
01/13/2025,10,16,9,10:16:09,1423,Tahap-2
01/13/2025,10,16,10,10:16:10,364,Tahap-2
01/13/2025,10,16,10,10:16:10,753,Tahap-2
01/13/2025,10,16,10,10:16:10,250,Tahap-2
01/13/2025,10,16,10,10:16:10,169,Tahap-2
01/13/2025,10,16,10,10:16:10,369,Tahap-2
01/13/2025,10,16,10,10:16:10,186,Tahap-2
01/13/2025,10,16,10,10:16:10,148,Tahap-2
01/13/2025,10,16,10,10:16:10,143,Tahap-2
01/13/2025,10,16,10,10:16:10,32,Tahap-2
01/13/2025,10,16,10,10:16:10,96,Tahap-2
01/13/2025,10,16,10,10:16:10,-96,Tahap-2
01/13/2025,10,16,11,10:16:11,208,Tahap-2
01/13/2025,10,16,11,10:16:11,-144,Tahap-2
01/13/2025,10,16,11,10:16:11,96,Tahap-2
01/13/2025,10,16,11,10:16:11,136,Tahap-2
01/13/2025,10,16,11,10:16:11,-64,Tahap-2
01/13/2025,10,16,11,10:16:11,168,Tahap-2
01/13/2025,10,16,11,10:16:11,200,Tahap-2
01/13/2025,10,16,11,10:16:11,48,Tahap-2
01/13/2025,10,16,11,10:16:11,-72,Tahap-2
01/13/2025,10,16,12,10:16:12,168,Tahap-2
01/13/2025,10,16,12,10:16:12,-184,Tahap-2
01/13/2025,10,16,12,10:16:12,176,Tahap-2
01/13/2025,10,16,12,10:16:12,24,Tahap-2
01/13/2025,10,16,12,10:16:12,-128,Tahap-2
01/13/2025,10,16,12,10:16:12,224,Tahap-2
01/13/2025,10,16,12,10:16:12,-48,Tahap-2
01/13/2025,10,16,12,10:16:12,128,Tahap-2
01/13/2025,10,16,12,10:16:12,48,Tahap-2
01/13/2025,10,16,12,10:16:12,168,Tahap-2
01/13/2025,10,16,12,10:16:12,-120,Tahap-2
01/13/2025,10,16,13,10:16:13,112,Tahap-2
01/13/2025,10,16,13,10:16:13,-104,Tahap-2
01/13/2025,10,16,13,10:16:13,272,Tahap-2
01/13/2025,10,16,13,10:16:13,-8,Tahap-2
01/13/2025,10,16,13,10:16:13,200,Tahap-2
01/13/2025,10,16,13,10:16:13,-224,Tahap-2
01/13/2025,10,16,13,10:16:13,256,Tahap-2
01/13/2025,10,16,13,10:16:13,120,Tahap-2
01/13/2025,10,16,13,10:16:13,136,Tahap-2
01/13/2025,10,16,13,10:16:13,176,Tahap-2
01/13/2025,10,16,14,10:16:14,240,Tahap-2
01/13/2025,10,16,14,10:16:14,-136,Tahap-2
01/13/2025,10,16,14,10:16:14,320,Tahap-2
01/13/2025,10,16,14,10:16:14,-128,Tahap-2
01/13/2025,10,16,14,10:16:14,40,Tahap-2
01/13/2025,10,16,14,10:16:14,224,Tahap-2
01/13/2025,10,16,14,10:16:14,-240,Tahap-2
01/13/2025,10,16,14,10:16:14,208,Tahap-2
01/13/2025,10,16,14,10:16:14,120,Tahap-2
01/13/2025,10,16,14,10:16:14,200,Tahap-2
01/13/2025,10,16,15,10:16:15,-16,Tahap-2
01/13/2025,10,16,15,10:16:15,320,Tahap-2
01/13/2025,10,16,15,10:16:15,-184,Tahap-2
01/13/2025,10,16,15,10:16:15,168,Tahap-2
01/13/2025,10,16,15,10:16:15,-200,Tahap-2
01/13/2025,10,16,15,10:16:15,176,Tahap-2
01/13/2025,10,16,15,10:16:15,224,Tahap-2
01/13/2025,10,16,15,10:16:15,-144,Tahap-2
01/13/2025,10,16,15,10:16:15,240,Tahap-2
01/13/2025,10,16,15,10:16:15,120,Tahap-2
01/13/2025,10,16,16,10:16:16,48,Tahap-2
01/13/2025,10,16,16,10:16:16,144,Tahap-2
01/13/2025,10,16,16,10:16:16,152,Tahap-2
01/13/2025,10,16,16,10:16:16,-24,Tahap-2
01/13/2025,10,16,16,10:16:16,144,Tahap-2
01/13/2025,10,16,16,10:16:16,-104,Tahap-2
01/13/2025,10,16,16,10:16:16,280,Tahap-2
01/13/2025,10,16,16,10:16:16,-16,Tahap-2
01/13/2025,10,16,16,10:16:16,104,Tahap-2
01/13/2025,10,16,16,10:16:16,128,Tahap-2
01/13/2025,10,16,17,10:16:17,240,Tahap-2
01/13/2025,10,16,17,10:16:17,24,Tahap-2
01/13/2025,10,16,17,10:16:17,200,Tahap-2
01/13/2025,10,16,17,10:16:17,144,Tahap-2
01/13/2025,10,16,17,10:16:17,24,Tahap-2
01/13/2025,10,16,17,10:16:17,24,Tahap-2
01/13/2025,10,16,17,10:16:17,320,Tahap-2
01/13/2025,10,16,17,10:16:17,-184,Tahap-2
01/13/2025,10,16,17,10:16:17,208,Tahap-2
01/13/2025,10,16,18,10:16:18,32,Tahap-2
01/13/2025,10,16,18,10:16:18,104,Tahap-2
01/13/2025,10,16,18,10:16:18,8,Tahap-2
01/13/2025,10,16,18,10:16:18,160,Tahap-2
01/13/2025,10,16,18,10:16:18,-40,Tahap-2
01/13/2025,10,16,18,10:16:18,152,Tahap-2
01/13/2025,10,16,18,10:16:18,-64,Tahap-2
01/13/2025,10,16,18,10:16:18,16,Tahap-2
01/13/2025,10,16,18,10:16:18,232,Tahap-2
01/13/2025,10,16,18,10:16:18,-152,Tahap-2
01/13/2025,10,16,19,10:16:19,240,Tahap-2
01/13/2025,10,16,19,10:16:19,216,Tahap-2
01/13/2025,10,16,19,10:16:19,96,Tahap-2
01/13/2025,10,16,19,10:16:19,80,Tahap-2
01/13/2025,10,16,19,10:16:19,80,Tahap-2
01/13/2025,10,16,19,10:16:19,-24,Tahap-2
01/13/2025,10,16,19,10:16:19,288,Tahap-2
01/13/2025,10,16,19,10:16:19,-288,Tahap-2
01/13/2025,10,16,19,10:16:19,280,Tahap-2
01/13/2025,10,16,19,10:16:19,-16,Tahap-2
01/13/2025,10,16,20,10:16:20,8,Tahap-2
01/13/2025,10,16,20,10:16:20,144,Tahap-2
01/13/2025,10,16,20,10:16:20,232,Tahap-2
01/13/2025,10,16,20,10:16:20,-40,Tahap-2
01/13/2025,10,16,20,10:16:20,80,Tahap-2
01/13/2025,10,16,20,10:16:20,128,Tahap-2
01/13/2025,10,16,20,10:16:20,-104,Tahap-2
01/13/2025,10,16,20,10:16:20,184,Tahap-2
01/13/2025,10,16,20,10:16:20,-200,Tahap-2
01/13/2025,10,16,20,10:16:20,240,Tahap-2
01/13/2025,10,16,21,10:16:21,-176,Tahap-2
01/13/2025,10,16,21,10:16:21,80,Tahap-2
01/13/2025,10,16,21,10:16:21,136,Tahap-2
01/13/2025,10,16,21,10:16:21,152,Tahap-2
01/13/2025,10,16,21,10:16:21,80,Tahap-2
01/13/2025,10,16,21,10:16:21,56,Tahap-2
01/13/2025,10,16,21,10:16:21,-16,Tahap-2
01/13/2025,10,16,21,10:16:21,152,Tahap-2
01/13/2025,10,16,21,10:16:21,48,Tahap-2
01/13/2025,10,16,21,10:16:21,24,Tahap-2
01/13/2025,10,16,22,10:16:22,232,Tahap-2
01/13/2025,10,16,22,10:16:22,-144,Tahap-2
01/13/2025,10,16,22,10:16:22,80,Tahap-2
01/13/2025,10,16,22,10:16:22,144,Tahap-2
01/13/2025,10,16,22,10:16:22,128,Tahap-2
01/13/2025,10,16,22,10:16:22,128,Tahap-2
01/13/2025,10,16,22,10:16:22,144,Tahap-2
01/13/2025,10,16,22,10:16:22,80,Tahap-2
01/13/2025,10,16,22,10:16:22,216,Tahap-2
01/13/2025,10,16,22,10:16:22,-8,Tahap-2
01/13/2025,10,16,23,10:16:23,152,Tahap-2
01/13/2025,10,16,23,10:16:23,256,Tahap-2
01/13/2025,10,16,23,10:16:23,-184,Tahap-2
01/13/2025,10,16,23,10:16:23,168,Tahap-2
01/13/2025,10,16,23,10:16:23,192,Tahap-2
01/13/2025,10,16,23,10:16:23,-16,Tahap-2
01/13/2025,10,16,48,10:16:48,808,Tahap-2
01/13/2025,10,16,48,10:16:48,199,Tahap-2
01/13/2025,10,16,48,10:16:48,190,Tahap-2
01/13/2025,10,16,48,10:16:48,193,Tahap-2
01/13/2025,10,16,48,10:16:48,226,Tahap-2
01/13/2025,10,16,48,10:16:48,178,Tahap-2
01/13/2025,10,16,48,10:16:48,114,Tahap-2
01/13/2025,10,16,48,10:16:48,142,Tahap-2
01/13/2025,10,16,48,10:16:48,137,Tahap-2
01/13/2025,10,16,48,10:16:48,162,Tahap-2
01/13/2025,10,16,49,10:16:49,24,Tahap-2
01/13/2025,10,16,49,10:16:49,19,Tahap-2
01/13/2025,10,16,49,10:16:49,91,Tahap-2
01/13/2025,10,16,49,10:16:49,70,Tahap-2
01/13/2025,10,16,49,10:16:49,68,Tahap-2
01/13/2025,10,16,49,10:16:49,51,Tahap-2
01/13/2025,10,16,49,10:16:49,20,Tahap-2
01/13/2025,10,16,49,10:16:49,91,Tahap-2
01/13/2025,10,16,49,10:16:49,93,Tahap-2
01/13/2025,10,16,49,10:16:49,217,Tahap-2
01/13/2025,10,16,50,10:16:50,206,Tahap-2
01/13/2025,10,16,50,10:16:50,129,Tahap-2
01/13/2025,10,16,50,10:16:50,417,Tahap-2
01/13/2025,10,16,50,10:16:50,461,Tahap-2
01/13/2025,10,16,50,10:16:50,186,Tahap-2
01/13/2025,10,16,50,10:16:50,86,Tahap-2
01/13/2025,10,16,50,10:16:50,181,Tahap-2
01/13/2025,10,16,50,10:16:50,146,Tahap-2
01/13/2025,10,16,50,10:16:50,135,Tahap-2
01/13/2025,10,16,50,10:16:50,194,Tahap-2
01/13/2025,10,16,51,10:16:51,53,Tahap-2
01/13/2025,10,16,51,10:16:51,4,Tahap-2
01/13/2025,10,16,51,10:16:51,20,Tahap-2
01/13/2025,10,16,51,10:16:51,70,Tahap-2
01/13/2025,10,16,51,10:16:51,124,Tahap-2
01/13/2025,10,16,51,10:16:51,94,Tahap-2
01/13/2025,10,16,51,10:16:51,26,Tahap-2
01/13/2025,10,16,51,10:16:51,14,Tahap-2
01/13/2025,10,16,51,10:16:51,54,Tahap-2
01/13/2025,10,16,51,10:16:51,64,Tahap-2
01/13/2025,10,16,52,10:16:52,85,Tahap-2
01/13/2025,10,16,52,10:16:52,65,Tahap-2
01/13/2025,10,16,52,10:16:52,60,Tahap-2
01/13/2025,10,16,52,10:16:52,343,Tahap-2
01/13/2025,10,16,52,10:16:52,30,Tahap-2
01/13/2025,10,16,52,10:16:52,131,Tahap-2
01/13/2025,10,16,52,10:16:52,229,Tahap-2
01/13/2025,10,16,52,10:16:52,36,Tahap-2
01/13/2025,10,16,52,10:16:52,36,Tahap-2
01/13/2025,10,16,52,10:16:52,65,Tahap-2
01/13/2025,10,16,53,10:16:53,53,Tahap-2
01/13/2025,10,16,53,10:16:53,106,Tahap-2
01/13/2025,10,16,53,10:16:53,11,Tahap-2
01/13/2025,10,16,53,10:16:53,42,Tahap-2
01/13/2025,10,16,53,10:16:53,33,Tahap-2
01/13/2025,10,16,53,10:16:53,52,Tahap-2
01/13/2025,10,16,53,10:16:53,59,Tahap-2
01/13/2025,10,16,53,10:16:53,49,Tahap-2
01/13/2025,10,16,53,10:16:53,45,Tahap-2
01/13/2025,10,16,53,10:16:53,120,Tahap-2
01/13/2025,10,16,54,10:16:54,38,Tahap-2
01/13/2025,10,16,54,10:16:54,42,Tahap-2
01/13/2025,10,16,54,10:16:54,169,Tahap-2
01/13/2025,10,16,54,10:16:54,22,Tahap-2
01/13/2025,10,16,54,10:16:54,262,Tahap-2
01/13/2025,10,16,54,10:16:54,179,Tahap-2
01/13/2025,10,16,54,10:16:54,141,Tahap-2
01/13/2025,10,16,54,10:16:54,174,Tahap-2
01/13/2025,10,16,54,10:16:54,424,Tahap-2
01/13/2025,10,16,54,10:16:54,523,Tahap-2
01/13/2025,10,16,55,10:16:55,500,Tahap-2
01/13/2025,10,16,55,10:16:55,98,Tahap-2
01/13/2025,10,16,55,10:16:55,57,Tahap-2
01/13/2025,10,16,55,10:16:55,169,Tahap-2
01/13/2025,10,16,55,10:16:55,170,Tahap-2
01/13/2025,10,16,55,10:16:55,76,Tahap-2
01/13/2025,10,16,55,10:16:55,19,Tahap-2
01/13/2025,10,16,55,10:16:55,136,Tahap-2
01/13/2025,10,16,55,10:16:55,12,Tahap-2
01/13/2025,10,16,55,10:16:55,69,Tahap-2
01/13/2025,10,16,56,10:16:56,65,Tahap-2
01/13/2025,10,16,56,10:16:56,139,Tahap-2
01/13/2025,10,16,56,10:16:56,155,Tahap-2
01/13/2025,10,16,56,10:16:56,77,Tahap-2
01/13/2025,10,16,56,10:16:56,430,Tahap-2
01/13/2025,10,16,56,10:16:56,278,Tahap-2
01/13/2025,10,16,56,10:16:56,300,Tahap-2
01/13/2025,10,16,56,10:16:56,504,Tahap-2
01/13/2025,10,16,56,10:16:56,314,Tahap-2
01/13/2025,10,16,56,10:16:56,290,Tahap-2
01/13/2025,10,16,57,10:16:57,141,Tahap-2
01/13/2025,10,16,57,10:16:57,330,Tahap-2
01/13/2025,10,16,57,10:16:57,238,Tahap-2
01/13/2025,10,16,57,10:16:57,1148,Tahap-2
01/13/2025,10,16,57,10:16:57,787,Tahap-2
01/13/2025,10,16,57,10:16:57,611,Tahap-2
01/13/2025,10,16,57,10:16:57,329,Tahap-2
01/13/2025,10,16,57,10:16:57,361,Tahap-2
01/13/2025,10,16,57,10:16:57,111,Tahap-2
01/13/2025,10,16,57,10:16:57,123,Tahap-2
01/13/2025,10,16,58,10:16:58,280,Tahap-2
01/13/2025,10,16,58,10:16:58,172,Tahap-2
01/13/2025,10,16,58,10:16:58,63,Tahap-2
01/13/2025,10,16,58,10:16:58,139,Tahap-2
01/13/2025,10,16,58,10:16:58,116,Tahap-2
01/13/2025,10,16,58,10:16:58,306,Tahap-2
01/13/2025,10,16,58,10:16:58,256,Tahap-2
01/13/2025,10,16,58,10:16:58,126,Tahap-2
01/13/2025,10,16,58,10:16:58,152,Tahap-2
01/13/2025,10,16,58,10:16:58,575,Tahap-2
01/13/2025,10,16,59,10:16:59,588,Tahap-2
01/13/2025,10,16,59,10:16:59,330,Tahap-2
01/13/2025,10,16,59,10:16:59,129,Tahap-2
01/13/2025,10,16,59,10:16:59,238,Tahap-2
01/13/2025,10,16,59,10:16:59,358,Tahap-2
01/13/2025,10,16,59,10:16:59,204,Tahap-2
01/13/2025,10,16,59,10:16:59,794,Tahap-2
01/13/2025,10,16,59,10:16:59,343,Tahap-2
01/13/2025,10,16,59,10:16:59,689,Tahap-2
01/13/2025,10,16,59,10:16:59,479,Tahap-2
01/13/2025,10,17,1,10:17:01,24,Tahap-2
01/13/2025,10,17,1,10:17:01,-256,Tahap-2
01/13/2025,10,17,1,10:17:01,8,Tahap-2
01/13/2025,10,17,1,10:17:01,-192,Tahap-2
01/13/2025,10,17,1,10:17:01,-80,Tahap-2
01/13/2025,10,17,1,10:17:01,-8,Tahap-2
01/13/2025,10,17,1,10:17:01,-272,Tahap-2
01/13/2025,10,17,1,10:17:01,56,Tahap-2
01/13/2025,10,17,1,10:17:01,-24,Tahap-2
01/13/2025,10,17,1,10:17:01,64,Tahap-2
01/13/2025,10,17,2,10:17:02,-184,Tahap-2
01/13/2025,10,17,2,10:17:02,48,Tahap-2
01/13/2025,10,17,2,10:17:02,-168,Tahap-2
01/13/2025,10,17,2,10:17:02,-16,Tahap-2
01/13/2025,10,17,2,10:17:02,-160,Tahap-2
01/13/2025,10,17,2,10:17:02,-32,Tahap-2
01/13/2025,10,17,2,10:17:02,-64,Tahap-2
01/13/2025,10,17,2,10:17:02,-296,Tahap-2
01/13/2025,10,17,2,10:17:02,56,Tahap-2
01/13/2025,10,17,2,10:17:02,-24,Tahap-2
01/13/2025,10,17,3,10:17:03,88,Tahap-2
01/13/2025,10,17,3,10:17:03,-64,Tahap-2
01/13/2025,10,17,3,10:17:03,-96,Tahap-2
01/13/2025,10,17,3,10:17:03,-64,Tahap-2
01/13/2025,10,17,3,10:17:03,-128,Tahap-2
01/13/2025,10,17,3,10:17:03,-176,Tahap-2
01/13/2025,10,17,3,10:17:03,-56,Tahap-2
01/13/2025,10,17,3,10:17:03,24,Tahap-2
01/13/2025,10,17,3,10:17:03,-264,Tahap-2
01/13/2025,10,17,3,10:17:03,128,Tahap-2
01/13/2025,10,17,4,10:17:04,-16,Tahap-2
01/13/2025,10,17,4,10:17:04,40,Tahap-2
01/13/2025,10,17,4,10:17:04,16,Tahap-2
01/13/2025,10,17,4,10:17:04,-144,Tahap-2
01/13/2025,10,17,4,10:17:04,-40,Tahap-2
01/13/2025,10,17,4,10:17:04,-32,Tahap-2
01/13/2025,10,17,4,10:17:04,-208,Tahap-2
01/13/2025,10,17,4,10:17:04,128,Tahap-2
01/13/2025,10,17,4,10:17:04,-8,Tahap-2
01/13/2025,10,17,4,10:17:04,-168,Tahap-2
01/13/2025,10,17,5,10:17:05,112,Tahap-2
01/13/2025,10,17,5,10:17:05,24,Tahap-2
01/13/2025,10,17,5,10:17:05,24,Tahap-2
01/13/2025,10,17,5,10:17:05,96,Tahap-2
01/13/2025,10,17,5,10:17:05,-128,Tahap-2
01/13/2025,10,17,5,10:17:05,-32,Tahap-2
01/13/2025,10,17,5,10:17:05,8,Tahap-2
01/13/2025,10,17,5,10:17:05,-256,Tahap-2
01/13/2025,10,17,5,10:17:05,208,Tahap-2
01/13/2025,10,17,5,10:17:05,-144,Tahap-2
01/13/2025,10,17,6,10:17:06,-80,Tahap-2
01/13/2025,10,17,6,10:17:06,136,Tahap-2
01/13/2025,10,17,6,10:17:06,-8,Tahap-2
01/13/2025,10,17,6,10:17:06,64,Tahap-2
01/13/2025,10,17,6,10:17:06,48,Tahap-2
01/13/2025,10,17,6,10:17:06,-112,Tahap-2
01/13/2025,10,17,6,10:17:06,72,Tahap-2
01/13/2025,10,17,6,10:17:06,-192,Tahap-2
01/13/2025,10,17,6,10:17:06,192,Tahap-2
01/13/2025,10,17,7,10:17:07,-16,Tahap-2
01/13/2025,10,17,7,10:17:07,-8,Tahap-2
01/13/2025,10,17,7,10:17:07,224,Tahap-2
01/13/2025,10,17,7,10:17:07,120,Tahap-2
01/13/2025,10,17,7,10:17:07,32,Tahap-2
01/13/2025,10,17,7,10:17:07,32,Tahap-2
01/13/2025,10,17,7,10:17:07,-56,Tahap-2
01/13/2025,10,17,7,10:17:07,168,Tahap-2
01/13/2025,10,17,7,10:17:07,-336,Tahap-2
01/13/2025,10,17,7,10:17:07,224,Tahap-2
01/13/2025,10,17,8,10:17:08,-160,Tahap-2
01/13/2025,10,17,8,10:17:08,56,Tahap-2
01/13/2025,10,17,8,10:17:08,72,Tahap-2
01/13/2025,10,17,8,10:17:08,168,Tahap-2
01/13/2025,10,17,8,10:17:08,-128,Tahap-2
01/13/2025,10,17,9,10:17:09,216,Tahap-2
01/13/2025,10,17,9,10:17:09,-200,Tahap-2
01/13/2025,10,17,9,10:17:09,32,Tahap-2
01/13/2025,10,17,9,10:17:09,88,Tahap-2
01/13/2025,10,17,9,10:17:09,-88,Tahap-2
01/13/2025,10,17,9,10:17:09,168,Tahap-2
01/13/2025,10,17,9,10:17:09,-192,Tahap-2
01/13/2025,10,17,9,10:17:09,192,Tahap-2
01/13/2025,10,17,9,10:17:09,-168,Tahap-2
01/13/2025,10,17,9,10:17:09,264,Tahap-2
01/13/2025,10,17,9,10:17:09,-8,Tahap-2
01/13/2025,10,17,9,10:17:09,-16,Tahap-2
01/13/2025,10,17,9,10:17:09,56,Tahap-2
01/13/2025,10,17,9,10:17:09,-32,Tahap-2
01/13/2025,10,17,9,10:17:09,-32,Tahap-2
01/13/2025,10,17,9,10:17:09,96,Tahap-2
01/13/2025,10,17,10,10:17:10,-40,Tahap-2
01/13/2025,10,17,10,10:17:10,-8,Tahap-2
01/13/2025,10,17,10,10:17:10,200,Tahap-2
01/13/2025,10,17,10,10:17:10,-160,Tahap-2
01/13/2025,10,17,10,10:17:10,88,Tahap-2
01/13/2025,10,17,10,10:17:10,320,Tahap-2
01/13/2025,10,17,10,10:17:10,8,Tahap-2
01/13/2025,10,17,10,10:17:10,-168,Tahap-2
01/13/2025,10,17,10,10:17:10,240,Tahap-2
01/13/2025,10,17,10,10:17:10,-240,Tahap-2
01/13/2025,10,17,11,10:17:11,136,Tahap-2
01/13/2025,10,17,11,10:17:11,-160,Tahap-2
01/13/2025,10,17,11,10:17:11,80,Tahap-2
01/13/2025,10,17,11,10:17:11,80,Tahap-2
01/13/2025,10,17,11,10:17:11,-128,Tahap-2
01/13/2025,10,17,11,10:17:11,232,Tahap-2
01/13/2025,10,17,11,10:17:11,96,Tahap-2
01/13/2025,10,17,11,10:17:11,208,Tahap-2
01/13/2025,10,17,11,10:17:11,-160,Tahap-2
01/13/2025,10,17,11,10:17:11,72,Tahap-2
01/13/2025,10,17,12,10:17:12,-120,Tahap-2
01/13/2025,10,17,12,10:17:12,80,Tahap-2
01/13/2025,10,17,12,10:17:12,-64,Tahap-2
01/13/2025,10,17,12,10:17:12,232,Tahap-2
01/13/2025,10,17,12,10:17:12,-120,Tahap-2
01/13/2025,10,17,12,10:17:12,184,Tahap-2
01/13/2025,10,17,12,10:17:12,104,Tahap-2
01/13/2025,10,17,12,10:17:12,104,Tahap-2
01/13/2025,10,17,12,10:17:12,24,Tahap-2
01/13/2025,10,17,13,10:17:13,-176,Tahap-2
01/13/2025,10,17,13,10:17:13,128,Tahap-2
01/13/2025,10,17,13,10:17:13,-48,Tahap-2
01/13/2025,10,17,13,10:17:13,136,Tahap-2
01/13/2025,10,17,37,10:17:37,3167,Tahap-2
01/13/2025,10,17,38,10:17:38,811,Tahap-2
01/13/2025,10,17,38,10:17:38,317,Tahap-2
01/13/2025,10,17,38,10:17:38,433,Tahap-2
01/13/2025,10,17,38,10:17:38,239,Tahap-2
01/13/2025,10,17,38,10:17:38,102,Tahap-2
01/13/2025,10,17,39,10:17:39,16,Tahap-2
01/13/2025,10,17,39,10:17:39,82,Tahap-2
01/13/2025,10,17,39,10:17:39,30,Tahap-2
01/13/2025,10,17,39,10:17:39,28,Tahap-2
01/13/2025,10,17,39,10:17:39,110,Tahap-2
01/13/2025,10,17,39,10:17:39,62,Tahap-2
01/13/2025,10,17,39,10:17:39,77,Tahap-2
01/13/2025,10,17,39,10:17:39,97,Tahap-2
01/13/2025,10,17,39,10:17:39,190,Tahap-2
01/13/2025,10,17,39,10:17:39,30,Tahap-2
01/13/2025,10,17,39,10:17:39,112,Tahap-2
01/13/2025,10,17,39,10:17:39,66,Tahap-2
01/13/2025,10,17,39,10:17:39,132,Tahap-2
01/13/2025,10,17,39,10:17:39,48,Tahap-2
01/13/2025,10,17,39,10:17:39,55,Tahap-2
01/13/2025,10,17,40,10:17:40,153,Tahap-2
01/13/2025,10,17,40,10:17:40,202,Tahap-2
01/13/2025,10,17,40,10:17:40,448,Tahap-2
01/13/2025,10,17,40,10:17:40,85,Tahap-2
01/13/2025,10,17,40,10:17:40,81,Tahap-2
01/13/2025,10,17,40,10:17:40,95,Tahap-2
01/13/2025,10,17,40,10:17:40,60,Tahap-2
01/13/2025,10,17,40,10:17:40,100,Tahap-2
01/13/2025,10,17,40,10:17:40,185,Tahap-2
01/13/2025,10,17,40,10:17:40,50,Tahap-2
01/13/2025,10,17,41,10:17:41,70,Tahap-2
01/13/2025,10,17,41,10:17:41,67,Tahap-2
01/13/2025,10,17,41,10:17:41,108,Tahap-2
01/13/2025,10,17,41,10:17:41,43,Tahap-2
01/13/2025,10,17,41,10:17:41,9,Tahap-2
01/13/2025,10,17,41,10:17:41,70,Tahap-2
01/13/2025,10,17,41,10:17:41,93,Tahap-2
01/13/2025,10,17,41,10:17:41,97,Tahap-2
01/13/2025,10,17,41,10:17:41,33,Tahap-2
01/13/2025,10,17,41,10:17:41,17,Tahap-2
01/13/2025,10,17,42,10:17:42,95,Tahap-2
01/13/2025,10,17,42,10:17:42,291,Tahap-2
01/13/2025,10,17,42,10:17:42,116,Tahap-2
01/13/2025,10,17,42,10:17:42,87,Tahap-2
01/13/2025,10,17,42,10:17:42,128,Tahap-2
01/13/2025,10,17,42,10:17:42,255,Tahap-2
01/13/2025,10,17,42,10:17:42,123,Tahap-2
01/13/2025,10,17,42,10:17:42,55,Tahap-2
01/13/2025,10,17,42,10:17:42,39,Tahap-2
01/13/2025,10,17,42,10:17:42,34,Tahap-2
01/13/2025,10,17,43,10:17:43,98,Tahap-2
01/13/2025,10,17,43,10:17:43,11,Tahap-2
01/13/2025,10,17,43,10:17:43,59,Tahap-2
01/13/2025,10,17,43,10:17:43,107,Tahap-2
01/13/2025,10,17,43,10:17:43,55,Tahap-2
01/13/2025,10,17,43,10:17:43,60,Tahap-2
01/13/2025,10,17,43,10:17:43,47,Tahap-2
01/13/2025,10,17,43,10:17:43,107,Tahap-2
01/13/2025,10,17,43,10:17:43,143,Tahap-2
01/13/2025,10,17,43,10:17:43,86,Tahap-2
01/13/2025,10,17,44,10:17:44,66,Tahap-2
01/13/2025,10,17,44,10:17:44,172,Tahap-2
01/13/2025,10,17,44,10:17:44,106,Tahap-2
01/13/2025,10,17,44,10:17:44,95,Tahap-2
01/13/2025,10,17,44,10:17:44,85,Tahap-2
01/13/2025,10,17,44,10:17:44,284,Tahap-2
01/13/2025,10,17,44,10:17:44,260,Tahap-2
01/13/2025,10,17,44,10:17:44,642,Tahap-2
01/13/2025,10,17,44,10:17:44,645,Tahap-2
01/13/2025,10,17,44,10:17:44,496,Tahap-2
01/13/2025,10,17,45,10:17:45,164,Tahap-2
01/13/2025,10,17,45,10:17:45,77,Tahap-2
01/13/2025,10,17,45,10:17:45,35,Tahap-2
01/13/2025,10,17,45,10:17:45,38,Tahap-2
01/13/2025,10,17,45,10:17:45,60,Tahap-2
01/13/2025,10,17,45,10:17:45,138,Tahap-2
01/13/2025,10,17,45,10:17:45,23,Tahap-2
01/13/2025,10,17,45,10:17:45,56,Tahap-2
01/13/2025,10,17,45,10:17:45,118,Tahap-2
01/13/2025,10,17,45,10:17:45,110,Tahap-2
01/13/2025,10,17,46,10:17:46,80,Tahap-2
01/13/2025,10,17,46,10:17:46,165,Tahap-2
01/13/2025,10,17,46,10:17:46,101,Tahap-2
01/13/2025,10,17,46,10:17:46,238,Tahap-2
01/13/2025,10,17,46,10:17:46,602,Tahap-2
01/13/2025,10,17,46,10:17:46,531,Tahap-2
01/13/2025,10,17,46,10:17:46,146,Tahap-2
01/13/2025,10,17,46,10:17:46,166,Tahap-2
01/13/2025,10,17,46,10:17:46,226,Tahap-2
01/13/2025,10,17,46,10:17:46,204,Tahap-2
01/13/2025,10,17,47,10:17:47,404,Tahap-2
01/13/2025,10,17,47,10:17:47,677,Tahap-2
01/13/2025,10,17,47,10:17:47,1254,Tahap-2
01/13/2025,10,17,47,10:17:47,768,Tahap-2
01/13/2025,10,17,47,10:17:47,227,Tahap-2
01/13/2025,10,17,47,10:17:47,138,Tahap-2
01/13/2025,10,17,47,10:17:47,87,Tahap-2
01/13/2025,10,17,47,10:17:47,191,Tahap-2
01/13/2025,10,17,47,10:17:47,125,Tahap-2
01/13/2025,10,17,47,10:17:47,49,Tahap-2
01/13/2025,10,17,48,10:17:48,186,Tahap-2
01/13/2025,10,17,48,10:17:48,104,Tahap-2
01/13/2025,10,17,48,10:17:48,167,Tahap-2
01/13/2025,10,17,48,10:17:48,207,Tahap-2
01/13/2025,10,17,48,10:17:48,263,Tahap-2
01/13/2025,10,17,48,10:17:48,254,Tahap-2
01/13/2025,10,17,48,10:17:48,214,Tahap-2
01/13/2025,10,17,48,10:17:48,268,Tahap-2
01/13/2025,10,17,48,10:17:48,486,Tahap-2
01/13/2025,10,17,48,10:17:48,109,Tahap-2
01/13/2025,10,17,49,10:17:49,188,Tahap-2
01/13/2025,10,17,49,10:17:49,114,Tahap-2
01/13/2025,10,17,49,10:17:49,161,Tahap-2
01/13/2025,10,17,49,10:17:49,198,Tahap-2
01/13/2025,10,17,49,10:17:49,318,Tahap-2
01/13/2025,10,17,49,10:17:49,698,Tahap-2
01/13/2025,10,17,49,10:17:49,844,Tahap-2
01/13/2025,10,17,49,10:17:49,702,Tahap-2
01/13/2025,10,17,49,10:17:49,311,Tahap-2
01/13/2025,10,17,49,10:17:49,146,Tahap-2
01/13/2025,10,17,50,10:17:50,251,Tahap-2
01/13/2025,10,17,50,10:17:50,255,Tahap-2
01/13/2025,10,17,50,10:17:50,270,Tahap-2
01/13/2025,10,17,50,10:17:50,192,Tahap-2
01/13/2025,10,17,50,10:17:50,459,Tahap-2
01/13/2025,10,17,50,10:17:50,342,Tahap-2
01/13/2025,10,17,50,10:17:50,-40,Tahap-2
01/13/2025,10,17,50,10:17:50,-8,Tahap-2
01/13/2025,10,17,50,10:17:50,-80,Tahap-2
01/13/2025,10,17,50,10:17:50,28,Tahap-2
01/13/2025,10,17,51,10:17:51,-116,Tahap-2
01/13/2025,10,17,51,10:17:51,-44,Tahap-2
01/13/2025,10,17,51,10:17:51,-44,Tahap-2
01/13/2025,10,17,51,10:17:51,-52,Tahap-2
01/13/2025,10,17,51,10:17:51,-156,Tahap-2
01/13/2025,10,17,51,10:17:51,68,Tahap-2
01/13/2025,10,17,51,10:17:51,-152,Tahap-2
01/13/2025,10,17,51,10:17:51,-72,Tahap-2
01/13/2025,10,17,51,10:17:51,52,Tahap-2
01/13/2025,10,17,51,10:17:51,-84,Tahap-2
01/13/2025,10,17,52,10:17:52,-68,Tahap-2
01/13/2025,10,17,52,10:17:52,-44,Tahap-2
01/13/2025,10,17,52,10:17:52,-112,Tahap-2
01/13/2025,10,17,52,10:17:52,-12,Tahap-2
01/13/2025,10,17,52,10:17:52,-64,Tahap-2
01/13/2025,10,17,52,10:17:52,-160,Tahap-2
01/13/2025,10,17,52,10:17:52,56,Tahap-2
01/13/2025,10,17,52,10:17:52,-152,Tahap-2
01/13/2025,10,17,52,10:17:52,-36,Tahap-2
01/13/2025,10,17,52,10:17:52,8,Tahap-2
01/13/2025,10,17,53,10:17:53,24,Tahap-2
01/13/2025,10,17,53,10:17:53,-124,Tahap-2
01/13/2025,10,17,53,10:17:53,-56,Tahap-2
01/13/2025,10,17,53,10:17:53,-40,Tahap-2
01/13/2025,10,17,53,10:17:53,-92,Tahap-2
01/13/2025,10,17,53,10:17:53,-152,Tahap-2
01/13/2025,10,17,53,10:17:53,68,Tahap-2
01/13/2025,10,17,53,10:17:53,-144,Tahap-2
01/13/2025,10,17,53,10:17:53,-32,Tahap-2
01/13/2025,10,17,54,10:17:54,4,Tahap-2
01/13/2025,10,17,54,10:17:54,4,Tahap-2
01/13/2025,10,17,54,10:17:54,32,Tahap-2
01/13/2025,10,17,54,10:17:54,-88,Tahap-2
01/13/2025,10,17,54,10:17:54,-20,Tahap-2
01/13/2025,10,17,54,10:17:54,-20,Tahap-2
01/13/2025,10,17,54,10:17:54,-116,Tahap-2
01/13/2025,10,17,54,10:17:54,-40,Tahap-2
01/13/2025,10,17,54,10:17:54,56,Tahap-2
01/13/2025,10,17,54,10:17:54,-128,Tahap-2
01/13/2025,10,17,55,10:17:55,88,Tahap-2
01/13/2025,10,17,55,10:17:55,-40,Tahap-2
01/13/2025,10,17,55,10:17:55,-28,Tahap-2
01/13/2025,10,17,55,10:17:55,-20,Tahap-2
01/13/2025,10,17,55,10:17:55,-12,Tahap-2
01/13/2025,10,17,55,10:17:55,-100,Tahap-2
01/13/2025,10,17,55,10:17:55,56,Tahap-2
01/13/2025,10,17,55,10:17:55,-116,Tahap-2
01/13/2025,10,17,55,10:17:55,72,Tahap-2
01/13/2025,10,17,55,10:17:55,56,Tahap-2
01/13/2025,10,17,56,10:17:56,-92,Tahap-2
01/13/2025,10,17,56,10:17:56,92,Tahap-2
01/13/2025,10,17,56,10:17:56,24,Tahap-2
01/13/2025,10,17,56,10:17:56,4,Tahap-2
01/13/2025,10,17,56,10:17:56,24,Tahap-2
01/13/2025,10,17,56,10:17:56,8,Tahap-2
01/13/2025,10,17,56,10:17:56,8,Tahap-2
01/13/2025,10,17,56,10:17:56,16,Tahap-2
01/13/2025,10,17,56,10:17:56,-84,Tahap-2
01/13/2025,10,17,56,10:17:56,72,Tahap-2
01/13/2025,10,17,57,10:17:57,-24,Tahap-2
01/13/2025,10,17,57,10:17:57,-4,Tahap-2
01/13/2025,10,17,57,10:17:57,60,Tahap-2
01/13/2025,10,17,57,10:17:57,28,Tahap-2
01/13/2025,10,17,57,10:17:57,112,Tahap-2
01/13/2025,10,17,57,10:17:57,8,Tahap-2
01/13/2025,10,17,57,10:17:57,72,Tahap-2
01/13/2025,10,17,57,10:17:57,28,Tahap-2
01/13/2025,10,17,57,10:17:57,40,Tahap-2
01/13/2025,10,17,57,10:17:57,-32,Tahap-2
01/13/2025,10,17,58,10:17:58,164,Tahap-2
01/13/2025,10,17,58,10:17:58,-92,Tahap-2
01/13/2025,10,17,58,10:17:58,32,Tahap-2
01/13/2025,10,17,58,10:17:58,156,Tahap-2
01/13/2025,10,17,58,10:17:58,20,Tahap-2
01/13/2025,10,17,58,10:17:58,-36,Tahap-2
01/13/2025,10,17,58,10:17:58,148,Tahap-2
01/13/2025,10,17,58,10:17:58,-72,Tahap-2
01/13/2025,10,17,58,10:17:58,112,Tahap-2
01/13/2025,10,17,58,10:17:58,48,Tahap-2
01/13/2025,10,17,59,10:17:59,-20,Tahap-2
01/13/2025,10,17,59,10:17:59,140,Tahap-2
01/13/2025,10,17,59,10:17:59,-44,Tahap-2
01/13/2025,10,17,59,10:17:59,64,Tahap-2
01/13/2025,10,17,59,10:17:59,104,Tahap-2
01/13/2025,10,17,59,10:17:59,96,Tahap-2
01/13/2025,10,17,59,10:17:59,48,Tahap-2
01/13/2025,10,17,59,10:17:59,44,Tahap-2
01/13/2025,10,17,59,10:17:59,140,Tahap-2
01/13/2025,10,17,59,10:17:59,8,Tahap-2
01/13/2025,10,18,1,10:18:01,184,Tahap-2
01/13/2025,10,18,1,10:18:01,36,Tahap-2
01/13/2025,10,18,1,10:18:01,156,Tahap-2
01/13/2025,10,18,1,10:18:01,184,Tahap-2
01/13/2025,10,18,1,10:18:01,28,Tahap-2
01/13/2025,10,18,1,10:18:01,228,Tahap-2
01/13/2025,10,18,1,10:18:01,196,Tahap-2
01/13/2025,10,18,1,10:18:01,148,Tahap-2
01/13/2025,10,18,1,10:18:01,168,Tahap-2
01/13/2025,10,18,1,10:18:01,192,Tahap-2
01/13/2025,10,18,2,10:18:02,24,Tahap-2
01/13/2025,10,18,2,10:18:02,240,Tahap-2
01/13/2025,10,18,2,10:18:02,-48,Tahap-2
01/13/2025,10,18,2,10:18:02,300,Tahap-2
01/13/2025,10,18,2,10:18:02,100,Tahap-2
01/13/2025,10,18,2,10:18:02,132,Tahap-2
01/13/2025,10,18,2,10:18:02,196,Tahap-2
01/13/2025,10,18,2,10:18:02,204,Tahap-2
01/13/2025,10,18,2,10:18:02,136,Tahap-2
01/13/2025,10,18,2,10:18:02,176,Tahap-2
01/13/2025,10,18,3,10:18:03,172,Tahap-2
01/13/2025,10,18,3,10:18:03,180,Tahap-2
01/13/2025,10,18,3,10:18:03,136,Tahap-2
01/13/2025,10,18,3,10:18:03,144,Tahap-2
01/13/2025,10,18,3,10:18:03,232,Tahap-2
01/13/2025,10,18,27,10:18:27,1980,Tahap-2
01/13/2025,10,18,27,10:18:27,580,Tahap-2
01/13/2025,10,18,28,10:18:28,430,Tahap-2
01/13/2025,10,18,28,10:18:28,243,Tahap-2
01/13/2025,10,18,28,10:18:28,275,Tahap-2
01/13/2025,10,18,28,10:18:28,133,Tahap-2
01/13/2025,10,18,28,10:18:28,71,Tahap-2
01/13/2025,10,18,28,10:18:28,196,Tahap-2
01/13/2025,10,18,28,10:18:28,140,Tahap-2
01/13/2025,10,18,28,10:18:28,92,Tahap-2
01/13/2025,10,18,28,10:18:28,109,Tahap-2
01/13/2025,10,18,28,10:18:28,42,Tahap-2
01/13/2025,10,18,29,10:18:29,92,Tahap-2
01/13/2025,10,18,29,10:18:29,13,Tahap-2
01/13/2025,10,18,29,10:18:29,40,Tahap-2
01/13/2025,10,18,29,10:18:29,126,Tahap-2
01/13/2025,10,18,29,10:18:29,15,Tahap-2
01/13/2025,10,18,29,10:18:29,135,Tahap-2
01/13/2025,10,18,29,10:18:29,125,Tahap-2
01/13/2025,10,18,29,10:18:29,57,Tahap-2
01/13/2025,10,18,29,10:18:29,202,Tahap-2
01/13/2025,10,18,29,10:18:29,319,Tahap-2
01/13/2025,10,18,30,10:18:30,283,Tahap-2
01/13/2025,10,18,30,10:18:30,567,Tahap-2
01/13/2025,10,18,30,10:18:30,261,Tahap-2
01/13/2025,10,18,30,10:18:30,41,Tahap-2
01/13/2025,10,18,30,10:18:30,147,Tahap-2
01/13/2025,10,18,30,10:18:30,128,Tahap-2
01/13/2025,10,18,30,10:18:30,60,Tahap-2
01/13/2025,10,18,30,10:18:30,254,Tahap-2
01/13/2025,10,18,30,10:18:30,88,Tahap-2
01/13/2025,10,18,30,10:18:30,131,Tahap-2
01/13/2025,10,18,31,10:18:31,73,Tahap-2
01/13/2025,10,18,31,10:18:31,40,Tahap-2
01/13/2025,10,18,31,10:18:31,137,Tahap-2
01/13/2025,10,18,31,10:18:31,186,Tahap-2
01/13/2025,10,18,31,10:18:31,42,Tahap-2
01/13/2025,10,18,31,10:18:31,20,Tahap-2
01/13/2025,10,18,31,10:18:31,44,Tahap-2
01/13/2025,10,18,31,10:18:31,104,Tahap-2
01/13/2025,10,18,31,10:18:31,83,Tahap-2
01/13/2025,10,18,31,10:18:31,59,Tahap-2
01/13/2025,10,18,32,10:18:32,274,Tahap-2
01/13/2025,10,18,32,10:18:32,58,Tahap-2
01/13/2025,10,18,32,10:18:32,53,Tahap-2
01/13/2025,10,18,32,10:18:32,31,Tahap-2
01/13/2025,10,18,32,10:18:32,107,Tahap-2
01/13/2025,10,18,32,10:18:32,203,Tahap-2
01/13/2025,10,18,32,10:18:32,129,Tahap-2
01/13/2025,10,18,32,10:18:32,98,Tahap-2
01/13/2025,10,18,32,10:18:32,79,Tahap-2
01/13/2025,10,18,32,10:18:32,105,Tahap-2
01/13/2025,10,18,33,10:18:33,74,Tahap-2
01/13/2025,10,18,33,10:18:33,90,Tahap-2
01/13/2025,10,18,33,10:18:33,115,Tahap-2
01/13/2025,10,18,33,10:18:33,126,Tahap-2
01/13/2025,10,18,33,10:18:33,107,Tahap-2
01/13/2025,10,18,33,10:18:33,87,Tahap-2
01/13/2025,10,18,33,10:18:33,89,Tahap-2
01/13/2025,10,18,33,10:18:33,163,Tahap-2
01/13/2025,10,18,33,10:18:33,117,Tahap-2
01/13/2025,10,18,33,10:18:33,85,Tahap-2
01/13/2025,10,18,34,10:18:34,99,Tahap-2
01/13/2025,10,18,34,10:18:34,106,Tahap-2
01/13/2025,10,18,34,10:18:34,159,Tahap-2
01/13/2025,10,18,34,10:18:34,350,Tahap-2
01/13/2025,10,18,34,10:18:34,307,Tahap-2
01/13/2025,10,18,34,10:18:34,278,Tahap-2
01/13/2025,10,18,34,10:18:34,342,Tahap-2
01/13/2025,10,18,34,10:18:34,682,Tahap-2
01/13/2025,10,18,34,10:18:34,280,Tahap-2
01/13/2025,10,18,34,10:18:34,155,Tahap-2
01/13/2025,10,18,35,10:18:35,262,Tahap-2
01/13/2025,10,18,35,10:18:35,51,Tahap-2
01/13/2025,10,18,35,10:18:35,145,Tahap-2
01/13/2025,10,18,35,10:18:35,106,Tahap-2
01/13/2025,10,18,35,10:18:35,57,Tahap-2
01/13/2025,10,18,35,10:18:35,200,Tahap-2
01/13/2025,10,18,35,10:18:35,212,Tahap-2
01/13/2025,10,18,35,10:18:35,73,Tahap-2
01/13/2025,10,18,35,10:18:35,254,Tahap-2
01/13/2025,10,18,35,10:18:35,315,Tahap-2
01/13/2025,10,18,36,10:18:36,169,Tahap-2
01/13/2025,10,18,36,10:18:36,217,Tahap-2
01/13/2025,10,18,36,10:18:36,440,Tahap-2
01/13/2025,10,18,36,10:18:36,348,Tahap-2
01/13/2025,10,18,36,10:18:36,259,Tahap-2
01/13/2025,10,18,36,10:18:36,329,Tahap-2
01/13/2025,10,18,36,10:18:36,170,Tahap-2
01/13/2025,10,18,36,10:18:36,428,Tahap-2
01/13/2025,10,18,36,10:18:36,366,Tahap-2
01/13/2025,10,18,36,10:18:36,373,Tahap-2
01/13/2025,10,18,37,10:18:37,1097,Tahap-2
01/13/2025,10,18,37,10:18:37,233,Tahap-2
01/13/2025,10,18,37,10:18:37,505,Tahap-2
01/13/2025,10,18,37,10:18:37,312,Tahap-2
01/13/2025,10,18,37,10:18:37,219,Tahap-2
01/13/2025,10,18,37,10:18:37,41,Tahap-2
01/13/2025,10,18,37,10:18:37,193,Tahap-2
01/13/2025,10,18,37,10:18:37,117,Tahap-2
01/13/2025,10,18,37,10:18:37,261,Tahap-2
01/13/2025,10,18,37,10:18:37,41,Tahap-2
01/13/2025,10,18,38,10:18:38,60,Tahap-2
01/13/2025,10,18,38,10:18:38,59,Tahap-2
01/13/2025,10,18,38,10:18:38,118,Tahap-2
01/13/2025,10,18,38,10:18:38,88,Tahap-2
01/13/2025,10,18,38,10:18:38,144,Tahap-2
01/13/2025,10,18,39,10:18:39,100,Tahap-2
01/13/2025,10,18,39,10:18:39,205,Tahap-2
01/13/2025,10,18,39,10:18:39,761,Tahap-2
01/13/2025,10,18,39,10:18:39,389,Tahap-2
01/13/2025,10,18,39,10:18:39,179,Tahap-2
01/13/2025,10,18,39,10:18:39,284,Tahap-2
01/13/2025,10,18,39,10:18:39,241,Tahap-2
01/13/2025,10,18,39,10:18:39,256,Tahap-2
01/13/2025,10,18,39,10:18:39,598,Tahap-2
01/13/2025,10,18,39,10:18:39,704,Tahap-2
01/13/2025,10,18,39,10:18:39,360,Tahap-2
01/13/2025,10,18,39,10:18:39,455,Tahap-2
01/13/2025,10,18,39,10:18:39,571,Tahap-2
01/13/2025,10,18,39,10:18:39,394,Tahap-2
01/13/2025,10,18,39,10:18:39,302,Tahap-2
01/13/2025,10,18,40,10:18:40,433,Tahap-2
01/13/2025,10,18,40,10:18:40,245,Tahap-2
01/13/2025,10,18,40,10:18:40,538,Tahap-2
01/13/2025,10,18,40,10:18:40,689,Tahap-2
01/13/2025,10,18,40,10:18:40,513,Tahap-2
01/13/2025,10,18,40,10:18:40,-80,Tahap-2
01/13/2025,10,18,40,10:18:40,-72,Tahap-2
01/13/2025,10,18,40,10:18:40,-240,Tahap-2
01/13/2025,10,18,40,10:18:40,-120,Tahap-2
01/13/2025,10,18,41,10:18:41,-256,Tahap-2
01/13/2025,10,18,41,10:18:41,24,Tahap-2
01/13/2025,10,18,41,10:18:41,-304,Tahap-2
01/13/2025,10,18,41,10:18:41,128,Tahap-2
01/13/2025,10,18,41,10:18:41,-256,Tahap-2
01/13/2025,10,18,41,10:18:41,72,Tahap-2
01/13/2025,10,18,41,10:18:41,-168,Tahap-2
01/13/2025,10,18,41,10:18:41,-136,Tahap-2
01/13/2025,10,18,41,10:18:41,-64,Tahap-2
01/13/2025,10,18,42,10:18:42,-232,Tahap-2
01/13/2025,10,18,42,10:18:42,48,Tahap-2
01/13/2025,10,18,42,10:18:42,-256,Tahap-2
01/13/2025,10,18,42,10:18:42,112,Tahap-2
01/13/2025,10,18,42,10:18:42,-168,Tahap-2
01/13/2025,10,18,42,10:18:42,-80,Tahap-2
01/13/2025,10,18,42,10:18:42,-112,Tahap-2
01/13/2025,10,18,42,10:18:42,-32,Tahap-2
01/13/2025,10,18,42,10:18:42,-144,Tahap-2
01/13/2025,10,18,42,10:18:42,112,Tahap-2
01/13/2025,10,18,43,10:18:43,-160,Tahap-2
01/13/2025,10,18,43,10:18:43,16,Tahap-2
01/13/2025,10,18,43,10:18:43,-64,Tahap-2
01/13/2025,10,18,43,10:18:43,-224,Tahap-2
01/13/2025,10,18,43,10:18:43,40,Tahap-2
01/13/2025,10,18,43,10:18:43,-16,Tahap-2
01/13/2025,10,18,43,10:18:43,-80,Tahap-2
01/13/2025,10,18,43,10:18:43,200,Tahap-2
01/13/2025,10,18,43,10:18:43,-72,Tahap-2
01/13/2025,10,18,43,10:18:43,-96,Tahap-2
01/13/2025,10,18,44,10:18:44,-184,Tahap-2
01/13/2025,10,18,44,10:18:44,-8,Tahap-2
01/13/2025,10,18,44,10:18:44,-152,Tahap-2
01/13/2025,10,18,44,10:18:44,-72,Tahap-2
01/13/2025,10,18,44,10:18:44,-176,Tahap-2
01/13/2025,10,18,44,10:18:44,88,Tahap-2
01/13/2025,10,18,44,10:18:44,-200,Tahap-2
01/13/2025,10,18,44,10:18:44,320,Tahap-2
01/13/2025,10,18,44,10:18:44,-176,Tahap-2
01/13/2025,10,18,45,10:18:45,128,Tahap-2
01/13/2025,10,18,45,10:18:45,-208,Tahap-2
01/13/2025,10,18,45,10:18:45,8,Tahap-2
01/13/2025,10,18,45,10:18:45,-72,Tahap-2
01/13/2025,10,18,45,10:18:45,16,Tahap-2
01/13/2025,10,18,45,10:18:45,-320,Tahap-2
01/13/2025,10,18,45,10:18:45,256,Tahap-2
01/13/2025,10,18,45,10:18:45,8,Tahap-2
01/13/2025,10,18,45,10:18:45,-144,Tahap-2
01/13/2025,10,18,45,10:18:45,168,Tahap-2
01/13/2025,10,18,46,10:18:46,112,Tahap-2
01/13/2025,10,18,46,10:18:46,-112,Tahap-2
01/13/2025,10,18,46,10:18:46,112,Tahap-2
01/13/2025,10,18,46,10:18:46,-176,Tahap-2
01/13/2025,10,18,46,10:18:46,16,Tahap-2
01/13/2025,10,18,46,10:18:46,-168,Tahap-2
01/13/2025,10,18,46,10:18:46,80,Tahap-2
01/13/2025,10,18,46,10:18:46,64,Tahap-2
01/13/2025,10,18,46,10:18:46,-112,Tahap-2
01/13/2025,10,18,47,10:18:47,184,Tahap-2
01/13/2025,10,18,47,10:18:47,120,Tahap-2
01/13/2025,10,18,47,10:18:47,32,Tahap-2
01/13/2025,10,18,47,10:18:47,-80,Tahap-2
01/13/2025,10,18,47,10:18:47,120,Tahap-2
01/13/2025,10,18,47,10:18:47,-136,Tahap-2
01/13/2025,10,18,47,10:18:47,24,Tahap-2
01/13/2025,10,18,47,10:18:47,-216,Tahap-2
01/13/2025,10,18,47,10:18:47,136,Tahap-2
01/13/2025,10,18,47,10:18:47,8,Tahap-2
01/13/2025,10,18,48,10:18:48,8,Tahap-2
01/13/2025,10,18,48,10:18:48,152,Tahap-2
01/13/2025,10,18,48,10:18:48,72,Tahap-2
01/13/2025,10,18,48,10:18:48,160,Tahap-2
01/13/2025,10,18,48,10:18:48,-32,Tahap-2
01/13/2025,10,18,48,10:18:48,72,Tahap-2
01/13/2025,10,18,48,10:18:48,8,Tahap-2
01/13/2025,10,18,48,10:18:48,64,Tahap-2
01/13/2025,10,18,48,10:18:48,-16,Tahap-2
01/13/2025,10,18,48,10:18:48,176,Tahap-2
01/13/2025,10,18,49,10:18:49,144,Tahap-2
01/13/2025,10,18,49,10:18:49,-56,Tahap-2
01/13/2025,10,18,49,10:18:49,280,Tahap-2
01/13/2025,10,18,49,10:18:49,32,Tahap-2
01/13/2025,10,18,49,10:18:49,200,Tahap-2
01/13/2025,10,18,49,10:18:49,136,Tahap-2
01/13/2025,10,18,49,10:18:49,-56,Tahap-2
01/13/2025,10,18,49,10:18:49,144,Tahap-2
01/13/2025,10,18,49,10:18:49,104,Tahap-2
01/13/2025,10,18,49,10:18:49,-48,Tahap-2
01/13/2025,10,18,50,10:18:50,336,Tahap-2
01/13/2025,10,18,50,10:18:50,96,Tahap-2
01/13/2025,10,18,50,10:18:50,24,Tahap-2
01/13/2025,10,18,50,10:18:50,384,Tahap-2
01/13/2025,10,18,50,10:18:50,144,Tahap-2
01/13/2025,10,18,50,10:18:50,120,Tahap-2
01/13/2025,10,18,50,10:18:50,192,Tahap-2
01/13/2025,10,18,50,10:18:50,216,Tahap-2
01/13/2025,10,18,50,10:18:50,40,Tahap-2
01/13/2025,10,18,50,10:18:50,248,Tahap-2
01/13/2025,10,18,51,10:18:51,-224,Tahap-2
01/13/2025,10,18,51,10:18:51,328,Tahap-2
01/13/2025,10,18,51,10:18:51,200,Tahap-2
01/13/2025,10,18,51,10:18:51,32,Tahap-2
01/13/2025,10,18,51,10:18:51,376,Tahap-2
01/13/2025,10,18,51,10:18:51,272,Tahap-2
01/13/2025,10,18,51,10:18:51,168,Tahap-2
01/13/2025,10,18,51,10:18:51,96,Tahap-2
01/13/2025,10,18,51,10:18:51,336,Tahap-2
01/13/2025,10,18,51,10:18:51,80,Tahap-2
01/13/2025,10,18,52,10:18:52,216,Tahap-2
01/13/2025,10,18,52,10:18:52,40,Tahap-2
01/13/2025,10,18,52,10:18:52,256,Tahap-2
01/13/2025,10,18,52,10:18:52,288,Tahap-2
01/13/2025,10,18,52,10:18:52,96,Tahap-2
01/13/2025,10,18,52,10:18:52,512,Tahap-2
01/13/2025,10,18,52,10:18:52,168,Tahap-2
01/13/2025,10,18,52,10:18:52,368,Tahap-2
01/13/2025,10,18,52,10:18:52,56,Tahap-2
01/13/2025,10,18,52,10:18:52,272,Tahap-2
01/13/2025,10,18,53,10:18:53,256,Tahap-2
01/13/2025,10,18,53,10:18:53,272,Tahap-2
01/13/2025,10,18,53,10:18:53,-48,Tahap-2
01/13/2025,10,18,53,10:18:53,552,Tahap-2
