Tanggal,Jam,Menit,Detik,Waktu,frekuensi,label
01/14/2025,10,7,56,10:07:56,3983,Tahap-2
01/14/2025,10,7,56,10:07:56,2808,Tahap-2
01/14/2025,10,7,56,10:07:56,1379,Tahap-2
01/14/2025,10,7,56,10:07:56,1200,Tahap-2
01/14/2025,10,7,57,10:07:57,923,Tahap-2
01/14/2025,10,7,57,10:07:57,539,Tahap-2
01/14/2025,10,7,57,10:07:57,631,Tahap-2
01/14/2025,10,7,57,10:07:57,501,Tahap-2
01/14/2025,10,7,57,10:07:57,401,Tahap-2
01/14/2025,10,7,57,10:07:57,486,Tahap-2
01/14/2025,10,7,57,10:07:57,396,Tahap-2
01/14/2025,10,7,57,10:07:57,409,Tahap-2
01/14/2025,10,7,57,10:07:57,294,Tahap-2
01/14/2025,10,7,57,10:07:57,254,Tahap-2
01/14/2025,10,7,58,10:07:58,290,Tahap-2
01/14/2025,10,7,58,10:07:58,219,Tahap-2
01/14/2025,10,7,58,10:07:58,296,Tahap-2
01/14/2025,10,7,58,10:07:58,114,Tahap-2
01/14/2025,10,7,58,10:07:58,203,Tahap-2
01/14/2025,10,7,58,10:07:58,198,Tahap-2
01/14/2025,10,7,58,10:07:58,294,Tahap-2
01/14/2025,10,7,58,10:07:58,157,Tahap-2
01/14/2025,10,7,58,10:07:58,41,Tahap-2
01/14/2025,10,7,58,10:07:58,279,Tahap-2
01/14/2025,10,7,59,10:07:59,143,Tahap-2
01/14/2025,10,7,59,10:07:59,159,Tahap-2
01/14/2025,10,7,59,10:07:59,159,Tahap-2
01/14/2025,10,7,59,10:07:59,176,Tahap-2
01/14/2025,10,7,59,10:07:59,258,Tahap-2
01/14/2025,10,7,59,10:07:59,121,Tahap-2
01/14/2025,10,7,59,10:07:59,236,Tahap-2
01/14/2025,10,7,59,10:07:59,174,Tahap-2
01/14/2025,10,7,59,10:07:59,173,Tahap-2
01/14/2025,10,7,59,10:07:59,98,Tahap-2
01/14/2025,10,8,1,10:08:01,91,Tahap-2
01/14/2025,10,8,1,10:08:01,58,Tahap-2
01/14/2025,10,8,1,10:08:01,140,Tahap-2
01/14/2025,10,8,1,10:08:01,117,Tahap-2
01/14/2025,10,8,1,10:08:01,54,Tahap-2
01/14/2025,10,8,1,10:08:01,68,Tahap-2
01/14/2025,10,8,1,10:08:01,204,Tahap-2
01/14/2025,10,8,1,10:08:01,38,Tahap-2
01/14/2025,10,8,1,10:08:01,52,Tahap-2
01/14/2025,10,8,1,10:08:01,124,Tahap-2
01/14/2025,10,8,2,10:08:02,98,Tahap-2
01/14/2025,10,8,2,10:08:02,58,Tahap-2
01/14/2025,10,8,2,10:08:02,115,Tahap-2
01/14/2025,10,8,2,10:08:02,116,Tahap-2
01/14/2025,10,8,2,10:08:02,47,Tahap-2
01/14/2025,10,8,2,10:08:02,63,Tahap-2
01/14/2025,10,8,2,10:08:02,88,Tahap-2
01/14/2025,10,8,2,10:08:02,102,Tahap-2
01/14/2025,10,8,2,10:08:02,84,Tahap-2
01/14/2025,10,8,2,10:08:02,214,Tahap-2
01/14/2025,10,8,3,10:08:03,100,Tahap-2
01/14/2025,10,8,3,10:08:03,84,Tahap-2
01/14/2025,10,8,3,10:08:03,146,Tahap-2
01/14/2025,10,8,3,10:08:03,134,Tahap-2
01/14/2025,10,8,3,10:08:03,232,Tahap-2
01/14/2025,10,8,3,10:08:03,36,Tahap-2
01/14/2025,10,8,3,10:08:03,97,Tahap-2
01/14/2025,10,8,3,10:08:03,115,Tahap-2
01/14/2025,10,8,3,10:08:03,268,Tahap-2
01/14/2025,10,8,3,10:08:03,245,Tahap-2
01/14/2025,10,8,4,10:08:04,394,Tahap-2
01/14/2025,10,8,4,10:08:04,1109,Tahap-2
01/14/2025,10,8,4,10:08:04,469,Tahap-2
01/14/2025,10,8,4,10:08:04,345,Tahap-2
01/14/2025,10,8,4,10:08:04,191,Tahap-2
01/14/2025,10,8,4,10:08:04,72,Tahap-2
01/14/2025,10,8,4,10:08:04,70,Tahap-2
01/14/2025,10,8,4,10:08:04,74,Tahap-2
01/14/2025,10,8,4,10:08:04,169,Tahap-2
01/14/2025,10,8,4,10:08:04,72,Tahap-2
01/14/2025,10,8,5,10:08:05,143,Tahap-2
01/14/2025,10,8,5,10:08:05,282,Tahap-2
01/14/2025,10,8,5,10:08:05,860,Tahap-2
01/14/2025,10,8,5,10:08:05,763,Tahap-2
01/14/2025,10,8,5,10:08:05,380,Tahap-2
01/14/2025,10,8,5,10:08:05,283,Tahap-2
01/14/2025,10,8,5,10:08:05,103,Tahap-2
01/14/2025,10,8,5,10:08:05,56,Tahap-2
01/14/2025,10,8,5,10:08:05,59,Tahap-2
01/14/2025,10,8,5,10:08:05,105,Tahap-2
01/14/2025,10,8,6,10:08:06,99,Tahap-2
01/14/2025,10,8,6,10:08:06,174,Tahap-2
01/14/2025,10,8,6,10:08:06,102,Tahap-2
01/14/2025,10,8,6,10:08:06,403,Tahap-2
01/14/2025,10,8,6,10:08:06,229,Tahap-2
01/14/2025,10,8,6,10:08:06,255,Tahap-2
01/14/2025,10,8,6,10:08:06,825,Tahap-2
01/14/2025,10,8,6,10:08:06,1020,Tahap-2
01/14/2025,10,8,6,10:08:06,353,Tahap-2
01/14/2025,10,8,6,10:08:06,207,Tahap-2
01/14/2025,10,8,7,10:08:07,137,Tahap-2
01/14/2025,10,8,7,10:08:07,181,Tahap-2
01/14/2025,10,8,7,10:08:07,235,Tahap-2
01/14/2025,10,8,7,10:08:07,116,Tahap-2
01/14/2025,10,8,7,10:08:07,99,Tahap-2
01/14/2025,10,8,7,10:08:07,85,Tahap-2
01/14/2025,10,8,7,10:08:07,59,Tahap-2
01/14/2025,10,8,7,10:08:07,19,Tahap-2
01/14/2025,10,8,7,10:08:07,117,Tahap-2
01/14/2025,10,8,7,10:08:07,186,Tahap-2
01/14/2025,10,8,8,10:08:08,228,Tahap-2
01/14/2025,10,8,8,10:08:08,115,Tahap-2
01/14/2025,10,8,8,10:08:08,109,Tahap-2
01/14/2025,10,8,8,10:08:08,180,Tahap-2
01/14/2025,10,8,8,10:08:08,229,Tahap-2
01/14/2025,10,8,8,10:08:08,603,Tahap-2
01/14/2025,10,8,8,10:08:08,521,Tahap-2
01/14/2025,10,8,8,10:08:08,403,Tahap-2
01/14/2025,10,8,8,10:08:08,340,Tahap-2
01/14/2025,10,8,8,10:08:08,572,Tahap-2
01/14/2025,10,8,9,10:08:09,402,Tahap-2
01/14/2025,10,8,9,10:08:09,1055,Tahap-2
01/14/2025,10,8,9,10:08:09,1174,Tahap-2
01/14/2025,10,8,9,10:08:09,136,Tahap-2
01/14/2025,10,8,9,10:08:09,-116,Tahap-2
01/14/2025,10,8,9,10:08:09,40,Tahap-2
01/14/2025,10,8,9,10:08:09,-100,Tahap-2
01/14/2025,10,8,9,10:08:09,120,Tahap-2
01/14/2025,10,8,9,10:08:09,-52,Tahap-2
01/14/2025,10,8,9,10:08:09,72,Tahap-2
01/14/2025,10,8,10,10:08:10,-36,Tahap-2
01/14/2025,10,8,10,10:08:10,32,Tahap-2
01/14/2025,10,8,10,10:08:10,-104,Tahap-2
01/14/2025,10,8,10,10:08:10,88,Tahap-2
01/14/2025,10,8,10,10:08:10,-40,Tahap-2
01/14/2025,10,8,10,10:08:10,116,Tahap-2
01/14/2025,10,8,10,10:08:10,-192,Tahap-2
01/14/2025,10,8,10,10:08:10,176,Tahap-2
01/14/2025,10,8,10,10:08:10,-80,Tahap-2
01/14/2025,10,8,10,10:08:10,-8,Tahap-2
01/14/2025,10,8,11,10:08:11,76,Tahap-2
01/14/2025,10,8,11,10:08:11,92,Tahap-2
01/14/2025,10,8,12,10:08:12,-128,Tahap-2
01/14/2025,10,8,12,10:08:12,128,Tahap-2
01/14/2025,10,8,12,10:08:12,-48,Tahap-2
01/14/2025,10,8,12,10:08:12,52,Tahap-2
01/14/2025,10,8,12,10:08:12,-84,Tahap-2
01/14/2025,10,8,12,10:08:12,92,Tahap-2
01/14/2025,10,8,12,10:08:12,-72,Tahap-2
01/14/2025,10,8,12,10:08:12,-56,Tahap-2
01/14/2025,10,8,12,10:08:12,16,Tahap-2
01/14/2025,10,8,12,10:08:12,-12,Tahap-2
01/14/2025,10,8,12,10:08:12,16,Tahap-2
01/14/2025,10,8,12,10:08:12,76,Tahap-2
01/14/2025,10,8,12,10:08:12,-100,Tahap-2
01/14/2025,10,8,12,10:08:12,72,Tahap-2
01/14/2025,10,8,12,10:08:12,-96,Tahap-2
01/14/2025,10,8,12,10:08:12,88,Tahap-2
01/14/2025,10,8,12,10:08:12,60,Tahap-2
01/14/2025,10,8,12,10:08:12,-100,Tahap-2
01/14/2025,10,8,13,10:08:13,68,Tahap-2
01/14/2025,10,8,13,10:08:13,76,Tahap-2
01/14/2025,10,8,13,10:08:13,-84,Tahap-2
01/14/2025,10,8,13,10:08:13,112,Tahap-2
01/14/2025,10,8,13,10:08:13,48,Tahap-2
01/14/2025,10,8,13,10:08:13,8,Tahap-2
01/14/2025,10,8,13,10:08:13,-52,Tahap-2
01/14/2025,10,8,13,10:08:13,52,Tahap-2
01/14/2025,10,8,13,10:08:13,60,Tahap-2
01/14/2025,10,8,13,10:08:13,-4,Tahap-2
01/14/2025,10,8,14,10:08:14,124,Tahap-2
01/14/2025,10,8,14,10:08:14,40,Tahap-2
01/14/2025,10,8,14,10:08:14,12,Tahap-2
01/14/2025,10,8,14,10:08:14,104,Tahap-2
01/14/2025,10,8,14,10:08:14,32,Tahap-2
01/14/2025,10,8,14,10:08:14,80,Tahap-2
01/14/2025,10,8,14,10:08:14,44,Tahap-2
01/14/2025,10,8,14,10:08:14,-28,Tahap-2
01/14/2025,10,8,14,10:08:14,148,Tahap-2
01/14/2025,10,8,14,10:08:14,-24,Tahap-2
01/14/2025,10,8,15,10:08:15,52,Tahap-2
01/14/2025,10,8,15,10:08:15,132,Tahap-2
01/14/2025,10,8,15,10:08:15,32,Tahap-2
01/14/2025,10,8,15,10:08:15,-8,Tahap-2
01/14/2025,10,8,15,10:08:15,140,Tahap-2
01/14/2025,10,8,15,10:08:15,60,Tahap-2
01/14/2025,10,8,15,10:08:15,64,Tahap-2
01/14/2025,10,8,15,10:08:15,72,Tahap-2
01/14/2025,10,8,15,10:08:15,156,Tahap-2
01/14/2025,10,8,15,10:08:15,-20,Tahap-2
01/14/2025,10,8,16,10:08:16,92,Tahap-2
01/14/2025,10,8,16,10:08:16,84,Tahap-2
01/14/2025,10,8,16,10:08:16,32,Tahap-2
01/14/2025,10,8,16,10:08:16,148,Tahap-2
01/14/2025,10,8,16,10:08:16,84,Tahap-2
01/14/2025,10,8,16,10:08:16,80,Tahap-2
01/14/2025,10,8,16,10:08:16,108,Tahap-2
01/14/2025,10,8,16,10:08:16,60,Tahap-2
01/14/2025,10,8,16,10:08:16,240,Tahap-2
01/14/2025,10,8,16,10:08:16,80,Tahap-2
01/14/2025,10,8,17,10:08:17,128,Tahap-2
01/14/2025,10,8,17,10:08:17,100,Tahap-2
01/14/2025,10,8,17,10:08:17,136,Tahap-2
01/14/2025,10,8,17,10:08:17,100,Tahap-2
01/14/2025,10,8,17,10:08:17,196,Tahap-2
01/14/2025,10,8,17,10:08:17,140,Tahap-2
01/14/2025,10,8,17,10:08:17,92,Tahap-2
01/14/2025,10,8,17,10:08:17,48,Tahap-2
01/14/2025,10,8,17,10:08:17,300,Tahap-2
01/14/2025,10,8,17,10:08:17,12,Tahap-2
01/14/2025,10,8,18,10:08:18,204,Tahap-2
01/14/2025,10,8,18,10:08:18,188,Tahap-2
01/14/2025,10,8,18,10:08:18,100,Tahap-2
01/14/2025,10,8,18,10:08:18,144,Tahap-2
01/14/2025,10,8,18,10:08:18,208,Tahap-2
01/14/2025,10,8,18,10:08:18,108,Tahap-2
01/14/2025,10,8,18,10:08:18,240,Tahap-2
01/14/2025,10,8,18,10:08:18,56,Tahap-2
01/14/2025,10,8,18,10:08:18,280,Tahap-2
01/14/2025,10,8,18,10:08:18,108,Tahap-2
01/14/2025,10,8,19,10:08:19,172,Tahap-2
01/14/2025,10,8,19,10:08:19,168,Tahap-2
01/14/2025,10,8,19,10:08:19,264,Tahap-2
01/14/2025,10,8,19,10:08:19,108,Tahap-2
01/14/2025,10,8,19,10:08:19,256,Tahap-2
01/14/2025,10,8,19,10:08:19,200,Tahap-2
01/14/2025,10,8,19,10:08:19,224,Tahap-2
01/14/2025,10,8,19,10:08:19,120,Tahap-2
01/14/2025,10,8,19,10:08:19,392,Tahap-2
01/14/2025,10,8,19,10:08:19,140,Tahap-2
01/14/2025,10,8,20,10:08:20,152,Tahap-2
01/14/2025,10,8,20,10:08:20,264,Tahap-2
01/14/2025,10,8,20,10:08:20,228,Tahap-2
01/14/2025,10,8,20,10:08:20,212,Tahap-2
01/14/2025,10,8,20,10:08:20,348,Tahap-2
01/14/2025,10,8,20,10:08:20,184,Tahap-2
01/14/2025,10,8,20,10:08:20,272,Tahap-2
01/14/2025,10,8,20,10:08:20,172,Tahap-2
01/14/2025,10,8,20,10:08:20,316,Tahap-2
01/14/2025,10,8,20,10:08:20,272,Tahap-2
01/14/2025,10,8,21,10:08:21,220,Tahap-2
01/14/2025,10,8,21,10:08:21,272,Tahap-2
01/14/2025,10,8,21,10:08:21,328,Tahap-2
01/14/2025,10,8,21,10:08:21,204,Tahap-2
01/14/2025,10,8,21,10:08:21,332,Tahap-2
01/14/2025,10,8,21,10:08:21,252,Tahap-2
01/14/2025,10,8,21,10:08:21,292,Tahap-2
01/14/2025,10,8,21,10:08:21,144,Tahap-2
01/14/2025,10,8,21,10:08:21,360,Tahap-2
01/14/2025,10,8,21,10:08:21,312,Tahap-2
01/14/2025,10,8,22,10:08:22,172,Tahap-2
01/14/2025,10,8,22,10:08:22,360,Tahap-2
01/14/2025,10,8,46,10:08:46,2147,Tahap-2
01/14/2025,10,8,46,10:08:46,827,Tahap-2
01/14/2025,10,8,46,10:08:46,103,Tahap-2
01/14/2025,10,8,46,10:08:46,480,Tahap-2
01/14/2025,10,8,46,10:08:46,290,Tahap-2
01/14/2025,10,8,47,10:08:47,58,Tahap-2
01/14/2025,10,8,47,10:08:47,336,Tahap-2
01/14/2025,10,8,47,10:08:47,174,Tahap-2
01/14/2025,10,8,47,10:08:47,102,Tahap-2
01/14/2025,10,8,47,10:08:47,18,Tahap-2
01/14/2025,10,8,47,10:08:47,87,Tahap-2
01/14/2025,10,8,47,10:08:47,98,Tahap-2
01/14/2025,10,8,47,10:08:47,87,Tahap-2
01/14/2025,10,8,47,10:08:47,80,Tahap-2
01/14/2025,10,8,47,10:08:47,59,Tahap-2
01/14/2025,10,8,48,10:08:48,70,Tahap-2
01/14/2025,10,8,48,10:08:48,71,Tahap-2
01/14/2025,10,8,48,10:08:48,80,Tahap-2
01/14/2025,10,8,48,10:08:48,95,Tahap-2
01/14/2025,10,8,48,10:08:48,130,Tahap-2
01/14/2025,10,8,48,10:08:48,117,Tahap-2
01/14/2025,10,8,48,10:08:48,32,Tahap-2
01/14/2025,10,8,48,10:08:48,141,Tahap-2
01/14/2025,10,8,48,10:08:48,53,Tahap-2
01/14/2025,10,8,48,10:08:48,111,Tahap-2
01/14/2025,10,8,49,10:08:49,65,Tahap-2
01/14/2025,10,8,49,10:08:49,91,Tahap-2
01/14/2025,10,8,49,10:08:49,91,Tahap-2
01/14/2025,10,8,49,10:08:49,85,Tahap-2
01/14/2025,10,8,49,10:08:49,136,Tahap-2
01/14/2025,10,8,49,10:08:49,79,Tahap-2
01/14/2025,10,8,49,10:08:49,5,Tahap-2
01/14/2025,10,8,49,10:08:49,53,Tahap-2
01/14/2025,10,8,49,10:08:49,93,Tahap-2
01/14/2025,10,8,49,10:08:49,114,Tahap-2
01/14/2025,10,8,50,10:08:50,52,Tahap-2
01/14/2025,10,8,50,10:08:50,58,Tahap-2
01/14/2025,10,8,50,10:08:50,7,Tahap-2
01/14/2025,10,8,50,10:08:50,105,Tahap-2
01/14/2025,10,8,50,10:08:50,59,Tahap-2
01/14/2025,10,8,50,10:08:50,82,Tahap-2
01/14/2025,10,8,50,10:08:50,107,Tahap-2
01/14/2025,10,8,50,10:08:50,60,Tahap-2
01/14/2025,10,8,50,10:08:50,596,Tahap-2
01/14/2025,10,8,50,10:08:50,161,Tahap-2
01/14/2025,10,8,51,10:08:51,47,Tahap-2
01/14/2025,10,8,51,10:08:51,40,Tahap-2
01/14/2025,10,8,51,10:08:51,52,Tahap-2
01/14/2025,10,8,51,10:08:51,32,Tahap-2
01/14/2025,10,8,51,10:08:51,283,Tahap-2
01/14/2025,10,8,51,10:08:51,66,Tahap-2
01/14/2025,10,8,51,10:08:51,103,Tahap-2
01/14/2025,10,8,51,10:08:51,100,Tahap-2
01/14/2025,10,8,51,10:08:51,113,Tahap-2
01/14/2025,10,8,51,10:08:51,78,Tahap-2
01/14/2025,10,8,52,10:08:52,52,Tahap-2
01/14/2025,10,8,52,10:08:52,110,Tahap-2
01/14/2025,10,8,52,10:08:52,49,Tahap-2
01/14/2025,10,8,52,10:08:52,52,Tahap-2
01/14/2025,10,8,52,10:08:52,79,Tahap-2
01/14/2025,10,8,52,10:08:52,54,Tahap-2
01/14/2025,10,8,52,10:08:52,83,Tahap-2
01/14/2025,10,8,52,10:08:52,61,Tahap-2
01/14/2025,10,8,52,10:08:52,34,Tahap-2
01/14/2025,10,8,52,10:08:52,158,Tahap-2
01/14/2025,10,8,53,10:08:53,134,Tahap-2
01/14/2025,10,8,53,10:08:53,67,Tahap-2
01/14/2025,10,8,53,10:08:53,157,Tahap-2
01/14/2025,10,8,53,10:08:53,160,Tahap-2
01/14/2025,10,8,53,10:08:53,69,Tahap-2
01/14/2025,10,8,53,10:08:53,158,Tahap-2
01/14/2025,10,8,53,10:08:53,92,Tahap-2
01/14/2025,10,8,53,10:08:53,170,Tahap-2
01/14/2025,10,8,53,10:08:53,218,Tahap-2
01/14/2025,10,8,53,10:08:53,756,Tahap-2
01/14/2025,10,8,54,10:08:54,817,Tahap-2
01/14/2025,10,8,54,10:08:54,446,Tahap-2
01/14/2025,10,8,54,10:08:54,358,Tahap-2
01/14/2025,10,8,54,10:08:54,101,Tahap-2
01/14/2025,10,8,54,10:08:54,23,Tahap-2
01/14/2025,10,8,54,10:08:54,222,Tahap-2
01/14/2025,10,8,54,10:08:54,55,Tahap-2
01/14/2025,10,8,54,10:08:54,31,Tahap-2
01/14/2025,10,8,54,10:08:54,129,Tahap-2
01/14/2025,10,8,54,10:08:54,233,Tahap-2
01/14/2025,10,8,55,10:08:55,155,Tahap-2
01/14/2025,10,8,55,10:08:55,287,Tahap-2
01/14/2025,10,8,55,10:08:55,1232,Tahap-2
01/14/2025,10,8,55,10:08:55,254,Tahap-2
01/14/2025,10,8,55,10:08:55,168,Tahap-2
01/14/2025,10,8,55,10:08:55,109,Tahap-2
01/14/2025,10,8,55,10:08:55,71,Tahap-2
01/14/2025,10,8,55,10:08:55,83,Tahap-2
01/14/2025,10,8,55,10:08:55,244,Tahap-2
01/14/2025,10,8,55,10:08:55,385,Tahap-2
01/14/2025,10,8,56,10:08:56,366,Tahap-2
01/14/2025,10,8,56,10:08:56,218,Tahap-2
01/14/2025,10,8,56,10:08:56,354,Tahap-2
01/14/2025,10,8,56,10:08:56,216,Tahap-2
01/14/2025,10,8,56,10:08:56,691,Tahap-2
01/14/2025,10,8,56,10:08:56,1042,Tahap-2
01/14/2025,10,8,56,10:08:56,290,Tahap-2
01/14/2025,10,8,56,10:08:56,164,Tahap-2
01/14/2025,10,8,56,10:08:56,74,Tahap-2
01/14/2025,10,8,56,10:08:56,112,Tahap-2
01/14/2025,10,8,57,10:08:57,143,Tahap-2
01/14/2025,10,8,57,10:08:57,94,Tahap-2
01/14/2025,10,8,57,10:08:57,181,Tahap-2
01/14/2025,10,8,57,10:08:57,107,Tahap-2
01/14/2025,10,8,57,10:08:57,279,Tahap-2
01/14/2025,10,8,57,10:08:57,104,Tahap-2
01/14/2025,10,8,57,10:08:57,166,Tahap-2
01/14/2025,10,8,57,10:08:57,113,Tahap-2
01/14/2025,10,8,57,10:08:57,106,Tahap-2
01/14/2025,10,8,57,10:08:57,142,Tahap-2
01/14/2025,10,8,58,10:08:58,75,Tahap-2
01/14/2025,10,8,58,10:08:58,143,Tahap-2
01/14/2025,10,8,58,10:08:58,208,Tahap-2
01/14/2025,10,8,58,10:08:58,564,Tahap-2
01/14/2025,10,8,58,10:08:58,321,Tahap-2
01/14/2025,10,8,58,10:08:58,616,Tahap-2
01/14/2025,10,8,58,10:08:58,300,Tahap-2
01/14/2025,10,8,58,10:08:58,229,Tahap-2
01/14/2025,10,8,58,10:08:58,40,Tahap-2
01/14/2025,10,8,58,10:08:58,256,Tahap-2
01/14/2025,10,8,59,10:08:59,1730,Tahap-2
01/14/2025,10,8,59,10:08:59,381,Tahap-2
01/14/2025,10,8,59,10:08:59,24,Tahap-2
01/14/2025,10,8,59,10:08:59,-48,Tahap-2
01/14/2025,10,8,59,10:08:59,180,Tahap-2
01/14/2025,10,8,59,10:08:59,-60,Tahap-2
01/14/2025,10,8,59,10:08:59,44,Tahap-2
01/14/2025,10,8,59,10:08:59,92,Tahap-2
01/14/2025,10,8,59,10:08:59,12,Tahap-2
01/14/2025,10,8,59,10:08:59,-20,Tahap-2
01/14/2025,10,9,1,10:09:01,64,Tahap-2
01/14/2025,10,9,1,10:09:01,24,Tahap-2
01/14/2025,10,9,1,10:09:01,56,Tahap-2
01/14/2025,10,9,1,10:09:01,-36,Tahap-2
01/14/2025,10,9,1,10:09:01,160,Tahap-2
01/14/2025,10,9,1,10:09:01,28,Tahap-2
01/14/2025,10,9,1,10:09:01,-84,Tahap-2
01/14/2025,10,9,1,10:09:01,84,Tahap-2
01/14/2025,10,9,1,10:09:01,48,Tahap-2
01/14/2025,10,9,1,10:09:01,-4,Tahap-2
01/14/2025,10,9,2,10:09:02,128,Tahap-2
01/14/2025,10,9,2,10:09:02,-16,Tahap-2
01/14/2025,10,9,2,10:09:02,20,Tahap-2
01/14/2025,10,9,2,10:09:02,16,Tahap-2
01/14/2025,10,9,2,10:09:02,8,Tahap-2
01/14/2025,10,9,2,10:09:02,124,Tahap-2
01/14/2025,10,9,2,10:09:02,-40,Tahap-2
01/14/2025,10,9,2,10:09:02,20,Tahap-2
01/14/2025,10,9,2,10:09:02,64,Tahap-2
01/14/2025,10,9,2,10:09:02,12,Tahap-2
01/14/2025,10,9,3,10:09:03,44,Tahap-2
01/14/2025,10,9,3,10:09:03,52,Tahap-2
01/14/2025,10,9,3,10:09:03,76,Tahap-2
01/14/2025,10,9,3,10:09:03,-64,Tahap-2
01/14/2025,10,9,3,10:09:03,60,Tahap-2
01/14/2025,10,9,3,10:09:03,104,Tahap-2
01/14/2025,10,9,3,10:09:03,-72,Tahap-2
01/14/2025,10,9,3,10:09:03,88,Tahap-2
01/14/2025,10,9,3,10:09:03,124,Tahap-2
01/14/2025,10,9,3,10:09:03,-48,Tahap-2
01/14/2025,10,9,4,10:09:04,52,Tahap-2
01/14/2025,10,9,4,10:09:04,112,Tahap-2
01/14/2025,10,9,4,10:09:04,-40,Tahap-2
01/14/2025,10,9,4,10:09:04,96,Tahap-2
01/14/2025,10,9,4,10:09:04,-64,Tahap-2
01/14/2025,10,9,4,10:09:04,168,Tahap-2
01/14/2025,10,9,4,10:09:04,-96,Tahap-2
01/14/2025,10,9,4,10:09:04,52,Tahap-2
01/14/2025,10,9,4,10:09:04,96,Tahap-2
01/14/2025,10,9,5,10:09:05,-100,Tahap-2
01/14/2025,10,9,5,10:09:05,36,Tahap-2
01/14/2025,10,9,5,10:09:05,-68,Tahap-2
01/14/2025,10,9,5,10:09:05,68,Tahap-2
01/14/2025,10,9,5,10:09:05,-148,Tahap-2
01/14/2025,10,9,5,10:09:05,116,Tahap-2
01/14/2025,10,9,5,10:09:05,-64,Tahap-2
01/14/2025,10,9,5,10:09:05,-64,Tahap-2
01/14/2025,10,9,5,10:09:05,28,Tahap-2
01/14/2025,10,9,5,10:09:05,-36,Tahap-2
01/14/2025,10,9,6,10:09:06,-32,Tahap-2
01/14/2025,10,9,6,10:09:06,60,Tahap-2
01/14/2025,10,9,6,10:09:06,-116,Tahap-2
01/14/2025,10,9,6,10:09:06,-44,Tahap-2
01/14/2025,10,9,6,10:09:06,-60,Tahap-2
01/14/2025,10,9,6,10:09:06,-36,Tahap-2
01/14/2025,10,9,6,10:09:06,56,Tahap-2
01/14/2025,10,9,6,10:09:06,-72,Tahap-2
01/14/2025,10,9,6,10:09:06,-24,Tahap-2
01/14/2025,10,9,6,10:09:06,-12,Tahap-2
01/14/2025,10,9,7,10:09:07,-92,Tahap-2
01/14/2025,10,9,7,10:09:07,36,Tahap-2
01/14/2025,10,9,7,10:09:07,-44,Tahap-2
01/14/2025,10,9,7,10:09:07,16,Tahap-2
01/14/2025,10,9,7,10:09:07,-160,Tahap-2
01/14/2025,10,9,7,10:09:07,44,Tahap-2
01/14/2025,10,9,7,10:09:07,-16,Tahap-2
01/14/2025,10,9,7,10:09:07,-108,Tahap-2
01/14/2025,10,9,7,10:09:07,36,Tahap-2
01/14/2025,10,9,7,10:09:07,-16,Tahap-2
01/14/2025,10,9,8,10:09:08,-144,Tahap-2
01/14/2025,10,9,8,10:09:08,36,Tahap-2
01/14/2025,10,9,8,10:09:08,-112,Tahap-2
01/14/2025,10,9,8,10:09:08,-28,Tahap-2
01/14/2025,10,9,8,10:09:08,-60,Tahap-2
01/14/2025,10,9,8,10:09:08,-80,Tahap-2
01/14/2025,10,9,8,10:09:08,-48,Tahap-2
01/14/2025,10,9,8,10:09:08,-104,Tahap-2
01/14/2025,10,9,8,10:09:08,-84,Tahap-2
01/14/2025,10,9,8,10:09:08,-20,Tahap-2
01/14/2025,10,9,9,10:09:09,-20,Tahap-2
01/14/2025,10,9,9,10:09:09,-116,Tahap-2
01/14/2025,10,9,9,10:09:09,-44,Tahap-2
01/14/2025,10,9,9,10:09:09,-116,Tahap-2
01/14/2025,10,9,9,10:09:09,-92,Tahap-2
01/14/2025,10,9,9,10:09:09,-116,Tahap-2
01/14/2025,10,9,9,10:09:09,80,Tahap-2
01/14/2025,10,9,9,10:09:09,-224,Tahap-2
01/14/2025,10,9,9,10:09:09,-52,Tahap-2
01/14/2025,10,9,9,10:09:09,-44,Tahap-2
01/14/2025,10,9,10,10:09:10,-56,Tahap-2
01/14/2025,10,9,10,10:09:10,-72,Tahap-2
01/14/2025,10,9,10,10:09:10,56,Tahap-2
01/14/2025,10,9,10,10:09:10,-172,Tahap-2
01/14/2025,10,9,10,10:09:10,-132,Tahap-2
01/14/2025,10,9,10,10:09:10,28,Tahap-2
01/14/2025,10,9,10,10:09:10,-100,Tahap-2
01/14/2025,10,9,10,10:09:10,-108,Tahap-2
01/14/2025,10,9,10,10:09:10,-52,Tahap-2
01/14/2025,10,9,11,10:09:11,-68,Tahap-2
01/14/2025,10,9,11,10:09:11,-124,Tahap-2
01/14/2025,10,9,12,10:09:12,-24,Tahap-2
01/14/2025,10,9,12,10:09:12,-44,Tahap-2
01/14/2025,10,9,12,10:09:12,-56,Tahap-2
01/14/2025,10,9,12,10:09:12,-240,Tahap-2
01/14/2025,10,9,12,10:09:12,28,Tahap-2
01/14/2025,10,9,12,10:09:12,-124,Tahap-2
01/14/2025,10,9,12,10:09:12,-164,Tahap-2
01/14/2025,10,9,12,10:09:12,-16,Tahap-2
01/14/2025,10,9,12,10:09:12,-116,Tahap-2
01/14/2025,10,9,36,10:09:36,1795,Tahap-2
01/14/2025,10,9,36,10:09:36,1124,Tahap-2
01/14/2025,10,9,36,10:09:36,355,Tahap-2
01/14/2025,10,9,36,10:09:36,539,Tahap-2
01/14/2025,10,9,36,10:09:36,61,Tahap-2
01/14/2025,10,9,36,10:09:36,393,Tahap-2
01/14/2025,10,9,37,10:09:37,284,Tahap-2
01/14/2025,10,9,37,10:09:37,133,Tahap-2
01/14/2025,10,9,37,10:09:37,314,Tahap-2
01/14/2025,10,9,37,10:09:37,80,Tahap-2
01/14/2025,10,9,37,10:09:37,195,Tahap-2
01/14/2025,10,9,37,10:09:37,201,Tahap-2
01/14/2025,10,9,37,10:09:37,223,Tahap-2
01/14/2025,10,9,37,10:09:37,114,Tahap-2
01/14/2025,10,9,37,10:09:37,181,Tahap-2
01/14/2025,10,9,37,10:09:37,228,Tahap-2
01/14/2025,10,9,38,10:09:38,219,Tahap-2
01/14/2025,10,9,38,10:09:38,203,Tahap-2
01/14/2025,10,9,38,10:09:38,149,Tahap-2
01/14/2025,10,9,38,10:09:38,114,Tahap-2
01/14/2025,10,9,38,10:09:38,144,Tahap-2
01/14/2025,10,9,38,10:09:38,89,Tahap-2
01/14/2025,10,9,38,10:09:38,211,Tahap-2
01/14/2025,10,9,38,10:09:38,207,Tahap-2
01/14/2025,10,9,38,10:09:38,244,Tahap-2
01/14/2025,10,9,38,10:09:38,95,Tahap-2
01/14/2025,10,9,39,10:09:39,121,Tahap-2
01/14/2025,10,9,39,10:09:39,81,Tahap-2
01/14/2025,10,9,39,10:09:39,52,Tahap-2
01/14/2025,10,9,39,10:09:39,81,Tahap-2
01/14/2025,10,9,39,10:09:39,166,Tahap-2
01/14/2025,10,9,39,10:09:39,93,Tahap-2
01/14/2025,10,9,39,10:09:39,101,Tahap-2
01/14/2025,10,9,39,10:09:39,117,Tahap-2
01/14/2025,10,9,39,10:09:39,131,Tahap-2
01/14/2025,10,9,39,10:09:39,182,Tahap-2
01/14/2025,10,9,40,10:09:40,77,Tahap-2
01/14/2025,10,9,40,10:09:40,106,Tahap-2
01/14/2025,10,9,40,10:09:40,108,Tahap-2
01/14/2025,10,9,40,10:09:40,32,Tahap-2
01/14/2025,10,9,40,10:09:40,86,Tahap-2
01/14/2025,10,9,40,10:09:40,201,Tahap-2
01/14/2025,10,9,40,10:09:40,103,Tahap-2
01/14/2025,10,9,40,10:09:40,617,Tahap-2
01/14/2025,10,9,40,10:09:40,124,Tahap-2
01/14/2025,10,9,40,10:09:40,107,Tahap-2
01/14/2025,10,9,41,10:09:41,142,Tahap-2
01/14/2025,10,9,41,10:09:41,126,Tahap-2
01/14/2025,10,9,42,10:09:42,139,Tahap-2
01/14/2025,10,9,42,10:09:42,307,Tahap-2
01/14/2025,10,9,42,10:09:42,110,Tahap-2
01/14/2025,10,9,42,10:09:42,65,Tahap-2
01/14/2025,10,9,42,10:09:42,110,Tahap-2
01/14/2025,10,9,42,10:09:42,212,Tahap-2
01/14/2025,10,9,42,10:09:42,148,Tahap-2
01/14/2025,10,9,42,10:09:42,82,Tahap-2
01/14/2025,10,9,42,10:09:42,151,Tahap-2
01/14/2025,10,9,42,10:09:42,61,Tahap-2
01/14/2025,10,9,42,10:09:42,113,Tahap-2
01/14/2025,10,9,42,10:09:42,160,Tahap-2
01/14/2025,10,9,42,10:09:42,44,Tahap-2
01/14/2025,10,9,42,10:09:42,55,Tahap-2
01/14/2025,10,9,42,10:09:42,163,Tahap-2
01/14/2025,10,9,42,10:09:42,230,Tahap-2
01/14/2025,10,9,42,10:09:42,26,Tahap-2
01/14/2025,10,9,42,10:09:42,132,Tahap-2
01/14/2025,10,9,43,10:09:43,238,Tahap-2
01/14/2025,10,9,43,10:09:43,86,Tahap-2
01/14/2025,10,9,43,10:09:43,355,Tahap-2
01/14/2025,10,9,43,10:09:43,78,Tahap-2
01/14/2025,10,9,43,10:09:43,131,Tahap-2
01/14/2025,10,9,43,10:09:43,218,Tahap-2
01/14/2025,10,9,43,10:09:43,201,Tahap-2
01/14/2025,10,9,43,10:09:43,749,Tahap-2
01/14/2025,10,9,43,10:09:43,431,Tahap-2
01/14/2025,10,9,43,10:09:43,117,Tahap-2
01/14/2025,10,9,44,10:09:44,579,Tahap-2
01/14/2025,10,9,44,10:09:44,114,Tahap-2
01/14/2025,10,9,44,10:09:44,188,Tahap-2
01/14/2025,10,9,44,10:09:44,157,Tahap-2
01/14/2025,10,9,44,10:09:44,67,Tahap-2
01/14/2025,10,9,44,10:09:44,89,Tahap-2
01/14/2025,10,9,44,10:09:44,249,Tahap-2
01/14/2025,10,9,44,10:09:44,86,Tahap-2
01/14/2025,10,9,44,10:09:44,109,Tahap-2
01/14/2025,10,9,44,10:09:44,6,Tahap-2
01/14/2025,10,9,45,10:09:45,106,Tahap-2
01/14/2025,10,9,45,10:09:45,1314,Tahap-2
01/14/2025,10,9,45,10:09:45,239,Tahap-2
01/14/2025,10,9,45,10:09:45,132,Tahap-2
01/14/2025,10,9,45,10:09:45,295,Tahap-2
01/14/2025,10,9,45,10:09:45,145,Tahap-2
01/14/2025,10,9,45,10:09:45,307,Tahap-2
01/14/2025,10,9,45,10:09:45,29,Tahap-2
01/14/2025,10,9,45,10:09:45,268,Tahap-2
01/14/2025,10,9,45,10:09:45,78,Tahap-2
01/14/2025,10,9,46,10:09:46,231,Tahap-2
01/14/2025,10,9,46,10:09:46,50,Tahap-2
01/14/2025,10,9,46,10:09:46,819,Tahap-2
01/14/2025,10,9,46,10:09:46,606,Tahap-2
01/14/2025,10,9,46,10:09:46,456,Tahap-2
01/14/2025,10,9,46,10:09:46,646,Tahap-2
01/14/2025,10,9,46,10:09:46,276,Tahap-2
01/14/2025,10,9,46,10:09:46,288,Tahap-2
01/14/2025,10,9,46,10:09:46,141,Tahap-2
01/14/2025,10,9,46,10:09:46,325,Tahap-2
01/14/2025,10,9,47,10:09:47,193,Tahap-2
01/14/2025,10,9,47,10:09:47,281,Tahap-2
01/14/2025,10,9,47,10:09:47,207,Tahap-2
01/14/2025,10,9,47,10:09:47,194,Tahap-2
01/14/2025,10,9,47,10:09:47,333,Tahap-2
01/14/2025,10,9,47,10:09:47,44,Tahap-2
01/14/2025,10,9,47,10:09:47,34,Tahap-2
01/14/2025,10,9,47,10:09:47,249,Tahap-2
01/14/2025,10,9,47,10:09:47,315,Tahap-2
01/14/2025,10,9,47,10:09:47,254,Tahap-2
01/14/2025,10,9,48,10:09:48,130,Tahap-2
01/14/2025,10,9,48,10:09:48,252,Tahap-2
01/14/2025,10,9,48,10:09:48,274,Tahap-2
01/14/2025,10,9,48,10:09:48,422,Tahap-2
01/14/2025,10,9,48,10:09:48,809,Tahap-2
01/14/2025,10,9,48,10:09:48,408,Tahap-2
01/14/2025,10,9,48,10:09:48,147,Tahap-2
01/14/2025,10,9,48,10:09:48,1112,Tahap-2
01/14/2025,10,9,48,10:09:48,394,Tahap-2
01/14/2025,10,9,48,10:09:48,583,Tahap-2
01/14/2025,10,9,49,10:09:49,300,Tahap-2
01/14/2025,10,9,49,10:09:49,144,Tahap-2
01/14/2025,10,9,49,10:09:49,112,Tahap-2
01/14/2025,10,9,49,10:09:49,-12,Tahap-2
01/14/2025,10,9,49,10:09:49,116,Tahap-2
01/14/2025,10,9,49,10:09:49,92,Tahap-2
01/14/2025,10,9,49,10:09:49,60,Tahap-2
01/14/2025,10,9,49,10:09:49,144,Tahap-2
01/14/2025,10,9,49,10:09:49,128,Tahap-2
01/14/2025,10,9,49,10:09:49,52,Tahap-2
01/14/2025,10,9,50,10:09:50,24,Tahap-2
01/14/2025,10,9,50,10:09:50,112,Tahap-2
01/14/2025,10,9,50,10:09:50,160,Tahap-2
01/14/2025,10,9,50,10:09:50,8,Tahap-2
01/14/2025,10,9,50,10:09:50,192,Tahap-2
01/14/2025,10,9,50,10:09:50,68,Tahap-2
01/14/2025,10,9,50,10:09:50,112,Tahap-2
01/14/2025,10,9,50,10:09:50,96,Tahap-2
01/14/2025,10,9,50,10:09:50,180,Tahap-2
01/14/2025,10,9,50,10:09:50,68,Tahap-2
01/14/2025,10,9,51,10:09:51,164,Tahap-2
01/14/2025,10,9,51,10:09:51,-28,Tahap-2
01/14/2025,10,9,51,10:09:51,188,Tahap-2
01/14/2025,10,9,51,10:09:51,96,Tahap-2
01/14/2025,10,9,51,10:09:51,-36,Tahap-2
01/14/2025,10,9,51,10:09:51,148,Tahap-2
01/14/2025,10,9,51,10:09:51,140,Tahap-2
01/14/2025,10,9,51,10:09:51,64,Tahap-2
01/14/2025,10,9,51,10:09:51,92,Tahap-2
01/14/2025,10,9,52,10:09:52,-8,Tahap-2
01/14/2025,10,9,52,10:09:52,156,Tahap-2
01/14/2025,10,9,52,10:09:52,-76,Tahap-2
01/14/2025,10,9,52,10:09:52,160,Tahap-2
01/14/2025,10,9,52,10:09:52,-76,Tahap-2
01/14/2025,10,9,52,10:09:52,44,Tahap-2
01/14/2025,10,9,52,10:09:52,12,Tahap-2
01/14/2025,10,9,52,10:09:52,140,Tahap-2
01/14/2025,10,9,52,10:09:52,-64,Tahap-2
01/14/2025,10,9,52,10:09:52,76,Tahap-2
01/14/2025,10,9,53,10:09:53,-40,Tahap-2
01/14/2025,10,9,53,10:09:53,116,Tahap-2
01/14/2025,10,9,53,10:09:53,-76,Tahap-2
01/14/2025,10,9,53,10:09:53,188,Tahap-2
01/14/2025,10,9,53,10:09:53,-32,Tahap-2
01/14/2025,10,9,53,10:09:53,52,Tahap-2
01/14/2025,10,9,53,10:09:53,84,Tahap-2
01/14/2025,10,9,53,10:09:53,56,Tahap-2
01/14/2025,10,9,53,10:09:53,56,Tahap-2
01/14/2025,10,9,53,10:09:53,164,Tahap-2
01/14/2025,10,9,54,10:09:54,44,Tahap-2
01/14/2025,10,9,54,10:09:54,96,Tahap-2
01/14/2025,10,9,54,10:09:54,48,Tahap-2
01/14/2025,10,9,54,10:09:54,184,Tahap-2
01/14/2025,10,9,54,10:09:54,-48,Tahap-2
01/14/2025,10,9,54,10:09:54,120,Tahap-2
01/14/2025,10,9,54,10:09:54,96,Tahap-2
01/14/2025,10,9,54,10:09:54,20,Tahap-2
01/14/2025,10,9,54,10:09:54,80,Tahap-2
01/14/2025,10,9,55,10:09:55,60,Tahap-2
01/14/2025,10,9,55,10:09:55,48,Tahap-2
01/14/2025,10,9,55,10:09:55,-52,Tahap-2
01/14/2025,10,9,55,10:09:55,60,Tahap-2
01/14/2025,10,9,55,10:09:55,80,Tahap-2
01/14/2025,10,9,55,10:09:55,-36,Tahap-2
01/14/2025,10,9,55,10:09:55,52,Tahap-2
01/14/2025,10,9,55,10:09:55,12,Tahap-2
01/14/2025,10,9,55,10:09:55,-68,Tahap-2
01/14/2025,10,9,55,10:09:55,76,Tahap-2
01/14/2025,10,9,56,10:09:56,8,Tahap-2
01/14/2025,10,9,56,10:09:56,-4,Tahap-2
01/14/2025,10,9,56,10:09:56,60,Tahap-2
01/14/2025,10,9,56,10:09:56,-140,Tahap-2
01/14/2025,10,9,56,10:09:56,64,Tahap-2
01/14/2025,10,9,56,10:09:56,-80,Tahap-2
01/14/2025,10,9,56,10:09:56,-40,Tahap-2
01/14/2025,10,9,56,10:09:56,36,Tahap-2
01/14/2025,10,9,56,10:09:56,12,Tahap-2
01/14/2025,10,9,56,10:09:56,-108,Tahap-2
01/14/2025,10,9,57,10:09:57,16,Tahap-2
01/14/2025,10,9,57,10:09:57,-60,Tahap-2
01/14/2025,10,9,57,10:09:57,12,Tahap-2
01/14/2025,10,9,57,10:09:57,-96,Tahap-2
01/14/2025,10,9,57,10:09:57,128,Tahap-2
01/14/2025,10,9,57,10:09:57,-152,Tahap-2
01/14/2025,10,9,57,10:09:57,-32,Tahap-2
01/14/2025,10,9,57,10:09:57,20,Tahap-2
01/14/2025,10,9,57,10:09:57,12,Tahap-2
01/14/2025,10,9,57,10:09:57,-48,Tahap-2
01/14/2025,10,9,58,10:09:58,64,Tahap-2
01/14/2025,10,9,58,10:09:58,-200,Tahap-2
01/14/2025,10,9,58,10:09:58,-12,Tahap-2
01/14/2025,10,9,58,10:09:58,-120,Tahap-2
01/14/2025,10,9,58,10:09:58,20,Tahap-2
01/14/2025,10,9,58,10:09:58,-16,Tahap-2
01/14/2025,10,9,58,10:09:58,-132,Tahap-2
01/14/2025,10,9,58,10:09:58,-36,Tahap-2
01/14/2025,10,9,58,10:09:58,-36,Tahap-2
01/14/2025,10,9,58,10:09:58,-100,Tahap-2
01/14/2025,10,9,59,10:09:59,-20,Tahap-2
01/14/2025,10,9,59,10:09:59,24,Tahap-2
01/14/2025,10,9,59,10:09:59,-72,Tahap-2
01/14/2025,10,9,59,10:09:59,-124,Tahap-2
01/14/2025,10,9,59,10:09:59,-32,Tahap-2
01/14/2025,10,9,59,10:09:59,-32,Tahap-2
01/14/2025,10,9,59,10:09:59,-136,Tahap-2
01/14/2025,10,9,59,10:09:59,36,Tahap-2
01/14/2025,10,9,59,10:09:59,-72,Tahap-2
01/14/2025,10,9,59,10:09:59,-120,Tahap-2
01/14/2025,10,10,1,10:10:01,-112,Tahap-2
01/14/2025,10,10,1,10:10:01,12,Tahap-2
01/14/2025,10,10,1,10:10:01,-80,Tahap-2
01/14/2025,10,10,1,10:10:01,-72,Tahap-2
01/14/2025,10,10,1,10:10:01,-60,Tahap-2
01/14/2025,10,10,1,10:10:01,44,Tahap-2
01/14/2025,10,10,1,10:10:01,-172,Tahap-2
01/14/2025,10,10,1,10:10:01,-44,Tahap-2
01/14/2025,10,10,1,10:10:01,-12,Tahap-2
01/14/2025,10,10,1,10:10:01,-8,Tahap-2
01/14/2025,10,10,26,10:10:26,2173,Tahap-2
01/14/2025,10,10,26,10:10:26,436,Tahap-2
01/14/2025,10,10,26,10:10:26,588,Tahap-2
01/14/2025,10,10,26,10:10:26,167,Tahap-2
01/14/2025,10,10,26,10:10:26,125,Tahap-2
01/14/2025,10,10,26,10:10:26,188,Tahap-2
01/14/2025,10,10,27,10:10:27,94,Tahap-2
01/14/2025,10,10,27,10:10:27,89,Tahap-2
01/14/2025,10,10,27,10:10:27,197,Tahap-2
01/14/2025,10,10,27,10:10:27,140,Tahap-2
01/14/2025,10,10,27,10:10:27,11,Tahap-2
01/14/2025,10,10,27,10:10:27,132,Tahap-2
01/14/2025,10,10,27,10:10:27,86,Tahap-2
01/14/2025,10,10,27,10:10:27,47,Tahap-2
01/14/2025,10,10,27,10:10:27,51,Tahap-2
01/14/2025,10,10,27,10:10:27,106,Tahap-2
01/14/2025,10,10,28,10:10:28,49,Tahap-2
01/14/2025,10,10,28,10:10:28,121,Tahap-2
01/14/2025,10,10,28,10:10:28,150,Tahap-2
01/14/2025,10,10,28,10:10:28,109,Tahap-2
01/14/2025,10,10,28,10:10:28,65,Tahap-2
01/14/2025,10,10,28,10:10:28,16,Tahap-2
01/14/2025,10,10,28,10:10:28,164,Tahap-2
01/14/2025,10,10,28,10:10:28,73,Tahap-2
01/14/2025,10,10,28,10:10:28,256,Tahap-2
01/14/2025,10,10,28,10:10:28,64,Tahap-2
01/14/2025,10,10,29,10:10:29,69,Tahap-2
01/14/2025,10,10,29,10:10:29,96,Tahap-2
01/14/2025,10,10,29,10:10:29,117,Tahap-2
01/14/2025,10,10,29,10:10:29,73,Tahap-2
01/14/2025,10,10,29,10:10:29,65,Tahap-2
01/14/2025,10,10,29,10:10:29,72,Tahap-2
01/14/2025,10,10,29,10:10:29,148,Tahap-2
01/14/2025,10,10,29,10:10:29,59,Tahap-2
01/14/2025,10,10,29,10:10:29,126,Tahap-2
01/14/2025,10,10,29,10:10:29,63,Tahap-2
01/14/2025,10,10,30,10:10:30,67,Tahap-2
01/14/2025,10,10,30,10:10:30,105,Tahap-2
01/14/2025,10,10,30,10:10:30,32,Tahap-2
01/14/2025,10,10,30,10:10:30,42,Tahap-2
01/14/2025,10,10,30,10:10:30,35,Tahap-2
01/14/2025,10,10,30,10:10:30,33,Tahap-2
01/14/2025,10,10,30,10:10:30,203,Tahap-2
01/14/2025,10,10,30,10:10:30,370,Tahap-2
01/14/2025,10,10,30,10:10:30,156,Tahap-2
01/14/2025,10,10,30,10:10:30,101,Tahap-2
01/14/2025,10,10,31,10:10:31,153,Tahap-2
01/14/2025,10,10,31,10:10:31,36,Tahap-2
01/14/2025,10,10,31,10:10:31,120,Tahap-2
01/14/2025,10,10,31,10:10:31,339,Tahap-2
01/14/2025,10,10,31,10:10:31,151,Tahap-2
01/14/2025,10,10,31,10:10:31,155,Tahap-2
01/14/2025,10,10,31,10:10:31,26,Tahap-2
01/14/2025,10,10,31,10:10:31,154,Tahap-2
01/14/2025,10,10,31,10:10:31,120,Tahap-2
01/14/2025,10,10,31,10:10:31,79,Tahap-2
01/14/2025,10,10,32,10:10:32,89,Tahap-2
01/14/2025,10,10,32,10:10:32,135,Tahap-2
01/14/2025,10,10,32,10:10:32,38,Tahap-2
01/14/2025,10,10,32,10:10:32,104,Tahap-2
01/14/2025,10,10,32,10:10:32,7,Tahap-2
01/14/2025,10,10,32,10:10:32,32,Tahap-2
01/14/2025,10,10,32,10:10:32,68,Tahap-2
01/14/2025,10,10,32,10:10:32,29,Tahap-2
01/14/2025,10,10,32,10:10:32,164,Tahap-2
01/14/2025,10,10,32,10:10:32,254,Tahap-2
01/14/2025,10,10,33,10:10:33,74,Tahap-2
01/14/2025,10,10,33,10:10:33,92,Tahap-2
01/14/2025,10,10,33,10:10:33,136,Tahap-2
01/14/2025,10,10,33,10:10:33,131,Tahap-2
01/14/2025,10,10,33,10:10:33,174,Tahap-2
01/14/2025,10,10,33,10:10:33,142,Tahap-2
01/14/2025,10,10,33,10:10:33,278,Tahap-2
01/14/2025,10,10,33,10:10:33,404,Tahap-2
01/14/2025,10,10,33,10:10:33,852,Tahap-2
01/14/2025,10,10,33,10:10:33,400,Tahap-2
01/14/2025,10,10,33,10:10:33,406,Tahap-2
01/14/2025,10,10,34,10:10:34,425,Tahap-2
01/14/2025,10,10,34,10:10:34,153,Tahap-2
01/14/2025,10,10,34,10:10:34,76,Tahap-2
01/14/2025,10,10,34,10:10:34,50,Tahap-2
01/14/2025,10,10,34,10:10:34,132,Tahap-2
01/14/2025,10,10,34,10:10:34,145,Tahap-2
01/14/2025,10,10,34,10:10:34,8,Tahap-2
01/14/2025,10,10,34,10:10:34,119,Tahap-2
01/14/2025,10,10,34,10:10:34,169,Tahap-2
01/14/2025,10,10,34,10:10:34,1308,Tahap-2
01/14/2025,10,10,35,10:10:35,284,Tahap-2
01/14/2025,10,10,35,10:10:35,316,Tahap-2
01/14/2025,10,10,35,10:10:35,344,Tahap-2
01/14/2025,10,10,35,10:10:35,198,Tahap-2
01/14/2025,10,10,35,10:10:35,30,Tahap-2
01/14/2025,10,10,35,10:10:35,32,Tahap-2
01/14/2025,10,10,35,10:10:35,168,Tahap-2
01/14/2025,10,10,35,10:10:35,276,Tahap-2
01/14/2025,10,10,35,10:10:35,279,Tahap-2
01/14/2025,10,10,35,10:10:35,292,Tahap-2
01/14/2025,10,10,36,10:10:36,129,Tahap-2
01/14/2025,10,10,36,10:10:36,543,Tahap-2
01/14/2025,10,10,36,10:10:36,1184,Tahap-2
01/14/2025,10,10,36,10:10:36,60,Tahap-2
01/14/2025,10,10,36,10:10:36,86,Tahap-2
01/14/2025,10,10,36,10:10:36,272,Tahap-2
01/14/2025,10,10,36,10:10:36,207,Tahap-2
01/14/2025,10,10,36,10:10:36,312,Tahap-2
01/14/2025,10,10,36,10:10:36,528,Tahap-2
01/14/2025,10,10,36,10:10:36,27,Tahap-2
01/14/2025,10,10,37,10:10:37,106,Tahap-2
01/14/2025,10,10,37,10:10:37,180,Tahap-2
01/14/2025,10,10,37,10:10:37,67,Tahap-2
01/14/2025,10,10,37,10:10:37,50,Tahap-2
01/14/2025,10,10,37,10:10:37,403,Tahap-2
01/14/2025,10,10,37,10:10:37,194,Tahap-2
01/14/2025,10,10,37,10:10:37,64,Tahap-2
01/14/2025,10,10,37,10:10:37,51,Tahap-2
01/14/2025,10,10,37,10:10:37,166,Tahap-2
01/14/2025,10,10,37,10:10:37,24,Tahap-2
01/14/2025,10,10,38,10:10:38,292,Tahap-2
01/14/2025,10,10,38,10:10:38,539,Tahap-2
01/14/2025,10,10,38,10:10:38,462,Tahap-2
01/14/2025,10,10,38,10:10:38,505,Tahap-2
01/14/2025,10,10,38,10:10:38,757,Tahap-2
01/14/2025,10,10,38,10:10:38,272,Tahap-2
01/14/2025,10,10,38,10:10:38,287,Tahap-2
01/14/2025,10,10,38,10:10:38,1368,Tahap-2
01/14/2025,10,10,38,10:10:38,15,Tahap-2
01/14/2025,10,10,38,10:10:38,466,Tahap-2
01/14/2025,10,10,39,10:10:39,-192,Tahap-2
01/14/2025,10,10,39,10:10:39,-80,Tahap-2
01/14/2025,10,10,39,10:10:39,112,Tahap-2
01/14/2025,10,10,39,10:10:39,-408,Tahap-2
01/14/2025,10,10,39,10:10:39,-96,Tahap-2
01/14/2025,10,10,39,10:10:39,96,Tahap-2
01/14/2025,10,10,39,10:10:39,-224,Tahap-2
01/14/2025,10,10,39,10:10:39,32,Tahap-2
01/14/2025,10,10,39,10:10:39,-40,Tahap-2
01/14/2025,10,10,39,10:10:39,-280,Tahap-2
01/14/2025,10,10,40,10:10:40,-32,Tahap-2
01/14/2025,10,10,40,10:10:40,-224,Tahap-2
01/14/2025,10,10,40,10:10:40,8,Tahap-2
01/14/2025,10,10,40,10:10:40,-272,Tahap-2
01/14/2025,10,10,40,10:10:40,-120,Tahap-2
01/14/2025,10,10,40,10:10:40,-200,Tahap-2
01/14/2025,10,10,40,10:10:40,-40,Tahap-2
01/14/2025,10,10,40,10:10:40,-144,Tahap-2
01/14/2025,10,10,40,10:10:40,-32,Tahap-2
01/14/2025,10,10,40,10:10:40,-192,Tahap-2
01/14/2025,10,10,41,10:10:41,-24,Tahap-2
01/14/2025,10,10,41,10:10:41,-472,Tahap-2
01/14/2025,10,10,42,10:10:42,192,Tahap-2
01/14/2025,10,10,42,10:10:42,-288,Tahap-2
01/14/2025,10,10,42,10:10:42,-216,Tahap-2
01/14/2025,10,10,42,10:10:42,-24,Tahap-2
01/14/2025,10,10,42,10:10:42,-112,Tahap-2
01/14/2025,10,10,42,10:10:42,-456,Tahap-2
01/14/2025,10,10,42,10:10:42,160,Tahap-2
01/14/2025,10,10,42,10:10:42,-344,Tahap-2
01/14/2025,10,10,42,10:10:42,40,Tahap-2
01/14/2025,10,10,42,10:10:42,-200,Tahap-2
01/14/2025,10,10,42,10:10:42,8,Tahap-2
01/14/2025,10,10,42,10:10:42,-232,Tahap-2
01/14/2025,10,10,42,10:10:42,-184,Tahap-2
01/14/2025,10,10,42,10:10:42,-48,Tahap-2
01/14/2025,10,10,42,10:10:42,-104,Tahap-2
01/14/2025,10,10,42,10:10:42,-120,Tahap-2
01/14/2025,10,10,42,10:10:42,-48,Tahap-2
01/14/2025,10,10,42,10:10:42,-304,Tahap-2
01/14/2025,10,10,43,10:10:43,72,Tahap-2
01/14/2025,10,10,43,10:10:43,-328,Tahap-2
01/14/2025,10,10,43,10:10:43,-48,Tahap-2
01/14/2025,10,10,43,10:10:43,72,Tahap-2
01/14/2025,10,10,43,10:10:43,-352,Tahap-2
01/14/2025,10,10,43,10:10:43,-104,Tahap-2
01/14/2025,10,10,43,10:10:43,72,Tahap-2
01/14/2025,10,10,43,10:10:43,-152,Tahap-2
01/14/2025,10,10,43,10:10:43,72,Tahap-2
01/14/2025,10,10,44,10:10:44,-208,Tahap-2
01/14/2025,10,10,44,10:10:44,-72,Tahap-2
01/14/2025,10,10,44,10:10:44,-64,Tahap-2
01/14/2025,10,10,44,10:10:44,64,Tahap-2
01/14/2025,10,10,44,10:10:44,-176,Tahap-2
01/14/2025,10,10,44,10:10:44,-112,Tahap-2
01/14/2025,10,10,44,10:10:44,-136,Tahap-2
01/14/2025,10,10,44,10:10:44,-72,Tahap-2
01/14/2025,10,10,44,10:10:44,40,Tahap-2
01/14/2025,10,10,45,10:10:45,-176,Tahap-2
01/14/2025,10,10,45,10:10:45,-56,Tahap-2
01/14/2025,10,10,45,10:10:45,-264,Tahap-2
01/14/2025,10,10,45,10:10:45,136,Tahap-2
01/14/2025,10,10,45,10:10:45,-96,Tahap-2
01/14/2025,10,10,45,10:10:45,-272,Tahap-2
01/14/2025,10,10,45,10:10:45,72,Tahap-2
01/14/2025,10,10,45,10:10:45,16,Tahap-2
01/14/2025,10,10,45,10:10:45,-280,Tahap-2
01/14/2025,10,10,45,10:10:45,112,Tahap-2
01/14/2025,10,10,46,10:10:46,-248,Tahap-2
01/14/2025,10,10,46,10:10:46,-136,Tahap-2
01/14/2025,10,10,46,10:10:46,-112,Tahap-2
01/14/2025,10,10,46,10:10:46,-40,Tahap-2
01/14/2025,10,10,46,10:10:46,8,Tahap-2
01/14/2025,10,10,46,10:10:46,-224,Tahap-2
01/14/2025,10,10,46,10:10:46,8,Tahap-2
01/14/2025,10,10,46,10:10:46,-32,Tahap-2
01/14/2025,10,10,46,10:10:46,-24,Tahap-2
01/14/2025,10,10,46,10:10:46,-48,Tahap-2
01/14/2025,10,10,47,10:10:47,-136,Tahap-2
01/14/2025,10,10,47,10:10:47,-32,Tahap-2
01/14/2025,10,10,47,10:10:47,-32,Tahap-2
01/14/2025,10,10,47,10:10:47,-176,Tahap-2
01/14/2025,10,10,47,10:10:47,184,Tahap-2
01/14/2025,10,10,47,10:10:47,-280,Tahap-2
01/14/2025,10,10,47,10:10:47,-128,Tahap-2
01/14/2025,10,10,47,10:10:47,24,Tahap-2
01/14/2025,10,10,47,10:10:47,-104,Tahap-2
01/14/2025,10,10,47,10:10:47,-120,Tahap-2
01/14/2025,10,10,48,10:10:48,184,Tahap-2
01/14/2025,10,10,48,10:10:48,-152,Tahap-2
01/14/2025,10,10,48,10:10:48,-64,Tahap-2
01/14/2025,10,10,48,10:10:48,-104,Tahap-2
01/14/2025,10,10,48,10:10:48,88,Tahap-2
01/14/2025,10,10,48,10:10:48,-56,Tahap-2
01/14/2025,10,10,48,10:10:48,-40,Tahap-2
01/14/2025,10,10,48,10:10:48,24,Tahap-2
01/14/2025,10,10,48,10:10:48,8,Tahap-2
01/14/2025,10,10,48,10:10:48,-80,Tahap-2
01/14/2025,10,10,49,10:10:49,24,Tahap-2
01/14/2025,10,10,49,10:10:49,-72,Tahap-2
01/14/2025,10,10,49,10:10:49,128,Tahap-2
01/14/2025,10,10,49,10:10:49,-256,Tahap-2
01/14/2025,10,10,49,10:10:49,152,Tahap-2
01/14/2025,10,10,49,10:10:49,-48,Tahap-2
01/14/2025,10,10,49,10:10:49,-56,Tahap-2
01/14/2025,10,10,49,10:10:49,16,Tahap-2
01/14/2025,10,10,49,10:10:49,136,Tahap-2
01/14/2025,10,10,49,10:10:49,-256,Tahap-2
01/14/2025,10,10,50,10:10:50,208,Tahap-2
01/14/2025,10,10,50,10:10:50,-120,Tahap-2
01/14/2025,10,10,50,10:10:50,80,Tahap-2
01/14/2025,10,10,50,10:10:50,-80,Tahap-2
01/14/2025,10,10,50,10:10:50,192,Tahap-2
01/14/2025,10,10,50,10:10:50,-120,Tahap-2
01/14/2025,10,10,50,10:10:50,-32,Tahap-2
01/14/2025,10,10,50,10:10:50,168,Tahap-2
01/14/2025,10,10,50,10:10:50,184,Tahap-2
01/14/2025,10,10,50,10:10:50,48,Tahap-2
01/14/2025,10,10,51,10:10:51,304,Tahap-2
01/14/2025,10,10,51,10:10:51,-152,Tahap-2
01/14/2025,10,10,51,10:10:51,320,Tahap-2
01/14/2025,10,10,51,10:10:51,-152,Tahap-2
01/14/2025,10,10,51,10:10:51,256,Tahap-2
01/14/2025,10,10,51,10:10:51,168,Tahap-2
01/14/2025,10,10,51,10:10:51,-32,Tahap-2
01/14/2025,10,10,51,10:10:51,56,Tahap-2
01/14/2025,10,10,51,10:10:51,160,Tahap-2
01/14/2025,10,11,16,10:11:16,2269,Tahap-2
01/14/2025,10,11,16,10:11:16,1272,Tahap-2
01/14/2025,10,11,16,10:11:16,518,Tahap-2
01/14/2025,10,11,16,10:11:16,190,Tahap-2
01/14/2025,10,11,16,10:11:16,539,Tahap-2
01/14/2025,10,11,16,10:11:16,236,Tahap-2
01/14/2025,10,11,16,10:11:16,307,Tahap-2
01/14/2025,10,11,17,10:11:17,276,Tahap-2
01/14/2025,10,11,17,10:11:17,122,Tahap-2
01/14/2025,10,11,17,10:11:17,140,Tahap-2
01/14/2025,10,11,17,10:11:17,119,Tahap-2
01/14/2025,10,11,17,10:11:17,163,Tahap-2
01/14/2025,10,11,17,10:11:17,194,Tahap-2
01/14/2025,10,11,17,10:11:17,120,Tahap-2
01/14/2025,10,11,17,10:11:17,239,Tahap-2
01/14/2025,10,11,17,10:11:17,61,Tahap-2
01/14/2025,10,11,17,10:11:17,90,Tahap-2
01/14/2025,10,11,18,10:11:18,119,Tahap-2
01/14/2025,10,11,18,10:11:18,220,Tahap-2
01/14/2025,10,11,18,10:11:18,80,Tahap-2
01/14/2025,10,11,18,10:11:18,146,Tahap-2
01/14/2025,10,11,18,10:11:18,311,Tahap-2
01/14/2025,10,11,18,10:11:18,15,Tahap-2
01/14/2025,10,11,18,10:11:18,289,Tahap-2
01/14/2025,10,11,18,10:11:18,130,Tahap-2
01/14/2025,10,11,18,10:11:18,123,Tahap-2
01/14/2025,10,11,18,10:11:18,159,Tahap-2
01/14/2025,10,11,19,10:11:19,184,Tahap-2
01/14/2025,10,11,19,10:11:19,32,Tahap-2
01/14/2025,10,11,19,10:11:19,209,Tahap-2
01/14/2025,10,11,19,10:11:19,195,Tahap-2
01/14/2025,10,11,19,10:11:19,43,Tahap-2
01/14/2025,10,11,19,10:11:19,119,Tahap-2
01/14/2025,10,11,19,10:11:19,144,Tahap-2
01/14/2025,10,11,19,10:11:19,73,Tahap-2
01/14/2025,10,11,19,10:11:19,56,Tahap-2
01/14/2025,10,11,19,10:11:19,55,Tahap-2
01/14/2025,10,11,20,10:11:20,98,Tahap-2
01/14/2025,10,11,20,10:11:20,14,Tahap-2
01/14/2025,10,11,20,10:11:20,63,Tahap-2
01/14/2025,10,11,20,10:11:20,68,Tahap-2
01/14/2025,10,11,20,10:11:20,58,Tahap-2
01/14/2025,10,11,20,10:11:20,235,Tahap-2
01/14/2025,10,11,20,10:11:20,572,Tahap-2
01/14/2025,10,11,20,10:11:20,130,Tahap-2
01/14/2025,10,11,20,10:11:20,73,Tahap-2
01/14/2025,10,11,20,10:11:20,62,Tahap-2
01/14/2025,10,11,21,10:11:21,51,Tahap-2
01/14/2025,10,11,21,10:11:21,239,Tahap-2
01/14/2025,10,11,21,10:11:21,107,Tahap-2
01/14/2025,10,11,21,10:11:21,195,Tahap-2
01/14/2025,10,11,21,10:11:21,56,Tahap-2
01/14/2025,10,11,21,10:11:21,52,Tahap-2
01/14/2025,10,11,21,10:11:21,28,Tahap-2
01/14/2025,10,11,21,10:11:21,34,Tahap-2
01/14/2025,10,11,21,10:11:21,95,Tahap-2
01/14/2025,10,11,21,10:11:21,83,Tahap-2
01/14/2025,10,11,22,10:11:22,37,Tahap-2
01/14/2025,10,11,22,10:11:22,87,Tahap-2
01/14/2025,10,11,22,10:11:22,54,Tahap-2
01/14/2025,10,11,22,10:11:22,47,Tahap-2
01/14/2025,10,11,22,10:11:22,168,Tahap-2
01/14/2025,10,11,22,10:11:22,45,Tahap-2
01/14/2025,10,11,22,10:11:22,41,Tahap-2
01/14/2025,10,11,22,10:11:22,109,Tahap-2
01/14/2025,10,11,22,10:11:22,94,Tahap-2
01/14/2025,10,11,22,10:11:22,65,Tahap-2
01/14/2025,10,11,22,10:11:22,58,Tahap-2
01/14/2025,10,11,23,10:11:23,118,Tahap-2
01/14/2025,10,11,23,10:11:23,25,Tahap-2
01/14/2025,10,11,23,10:11:23,175,Tahap-2
01/14/2025,10,11,23,10:11:23,78,Tahap-2
01/14/2025,10,11,23,10:11:23,132,Tahap-2
01/14/2025,10,11,23,10:11:23,110,Tahap-2
01/14/2025,10,11,23,10:11:23,958,Tahap-2
01/14/2025,10,11,23,10:11:23,323,Tahap-2
01/14/2025,10,11,23,10:11:23,410,Tahap-2
01/14/2025,10,11,24,10:11:24,360,Tahap-2
01/14/2025,10,11,24,10:11:24,129,Tahap-2
01/14/2025,10,11,24,10:11:24,215,Tahap-2
01/14/2025,10,11,24,10:11:24,37,Tahap-2
01/14/2025,10,11,24,10:11:24,105,Tahap-2
01/14/2025,10,11,24,10:11:24,203,Tahap-2
01/14/2025,10,11,24,10:11:24,151,Tahap-2
01/14/2025,10,11,24,10:11:24,248,Tahap-2
01/14/2025,10,11,24,10:11:24,330,Tahap-2
01/14/2025,10,11,24,10:11:24,720,Tahap-2
01/14/2025,10,11,24,10:11:24,858,Tahap-2
01/14/2025,10,11,25,10:11:25,389,Tahap-2
01/14/2025,10,11,25,10:11:25,260,Tahap-2
01/14/2025,10,11,25,10:11:25,111,Tahap-2
01/14/2025,10,11,25,10:11:25,79,Tahap-2
01/14/2025,10,11,25,10:11:25,279,Tahap-2
01/14/2025,10,11,25,10:11:25,219,Tahap-2
01/14/2025,10,11,25,10:11:25,442,Tahap-2
01/14/2025,10,11,25,10:11:25,128,Tahap-2
01/14/2025,10,11,25,10:11:25,55,Tahap-2
01/14/2025,10,11,25,10:11:25,316,Tahap-2
01/14/2025,10,11,26,10:11:26,833,Tahap-2
01/14/2025,10,11,26,10:11:26,576,Tahap-2
01/14/2025,10,11,26,10:11:26,273,Tahap-2
01/14/2025,10,11,26,10:11:26,256,Tahap-2
01/14/2025,10,11,26,10:11:26,583,Tahap-2
01/14/2025,10,11,26,10:11:26,259,Tahap-2
01/14/2025,10,11,26,10:11:26,139,Tahap-2
01/14/2025,10,11,26,10:11:26,382,Tahap-2
01/14/2025,10,11,26,10:11:26,186,Tahap-2
01/14/2025,10,11,26,10:11:26,192,Tahap-2
01/14/2025,10,11,27,10:11:27,88,Tahap-2
01/14/2025,10,11,27,10:11:27,88,Tahap-2
01/14/2025,10,11,27,10:11:27,183,Tahap-2
01/14/2025,10,11,27,10:11:27,153,Tahap-2
01/14/2025,10,11,27,10:11:27,352,Tahap-2
01/14/2025,10,11,27,10:11:27,94,Tahap-2
01/14/2025,10,11,27,10:11:27,15,Tahap-2
01/14/2025,10,11,27,10:11:27,12,Tahap-2
01/14/2025,10,11,27,10:11:27,108,Tahap-2
01/14/2025,10,11,27,10:11:27,167,Tahap-2
01/14/2025,10,11,28,10:11:28,279,Tahap-2
01/14/2025,10,11,28,10:11:28,248,Tahap-2
01/14/2025,10,11,28,10:11:28,200,Tahap-2
01/14/2025,10,11,28,10:11:28,252,Tahap-2
01/14/2025,10,11,28,10:11:28,215,Tahap-2
01/14/2025,10,11,28,10:11:28,697,Tahap-2
01/14/2025,10,11,28,10:11:28,1054,Tahap-2
01/14/2025,10,11,28,10:11:28,431,Tahap-2
01/14/2025,10,11,28,10:11:28,889,Tahap-2
01/14/2025,10,11,28,10:11:28,-100,Tahap-2
01/14/2025,10,11,29,10:11:29,-76,Tahap-2
01/14/2025,10,11,29,10:11:29,36,Tahap-2
01/14/2025,10,11,29,10:11:29,-160,Tahap-2
01/14/2025,10,11,29,10:11:29,60,Tahap-2
01/14/2025,10,11,29,10:11:29,-60,Tahap-2
01/14/2025,10,11,29,10:11:29,-40,Tahap-2
01/14/2025,10,11,29,10:11:29,-40,Tahap-2
01/14/2025,10,11,29,10:11:29,-8,Tahap-2
01/14/2025,10,11,29,10:11:29,-104,Tahap-2
01/14/2025,10,11,29,10:11:29,52,Tahap-2
01/14/2025,10,11,30,10:11:30,-176,Tahap-2
01/14/2025,10,11,30,10:11:30,68,Tahap-2
01/14/2025,10,11,30,10:11:30,-112,Tahap-2
01/14/2025,10,11,30,10:11:30,-80,Tahap-2
01/14/2025,10,11,30,10:11:30,16,Tahap-2
01/14/2025,10,11,30,10:11:30,-136,Tahap-2
01/14/2025,10,11,30,10:11:30,88,Tahap-2
01/14/2025,10,11,30,10:11:30,-56,Tahap-2
01/14/2025,10,11,30,10:11:30,4,Tahap-2
01/14/2025,10,11,31,10:11:31,-16,Tahap-2
01/14/2025,10,11,31,10:11:31,-24,Tahap-2
01/14/2025,10,11,31,10:11:31,-36,Tahap-2
01/14/2025,10,11,31,10:11:31,-104,Tahap-2
01/14/2025,10,11,31,10:11:31,-48,Tahap-2
01/14/2025,10,11,31,10:11:31,-4,Tahap-2
01/14/2025,10,11,31,10:11:31,16,Tahap-2
01/14/2025,10,11,31,10:11:31,16,Tahap-2
01/14/2025,10,11,31,10:11:31,-124,Tahap-2
01/14/2025,10,11,31,10:11:31,12,Tahap-2
01/14/2025,10,11,32,10:11:32,-120,Tahap-2
01/14/2025,10,11,32,10:11:32,-8,Tahap-2
01/14/2025,10,11,32,10:11:32,60,Tahap-2
01/14/2025,10,11,32,10:11:32,-152,Tahap-2
01/14/2025,10,11,32,10:11:32,-44,Tahap-2
01/14/2025,10,11,32,10:11:32,-12,Tahap-2
01/14/2025,10,11,32,10:11:32,-60,Tahap-2
01/14/2025,10,11,32,10:11:32,52,Tahap-2
01/14/2025,10,11,32,10:11:32,-108,Tahap-2
01/14/2025,10,11,33,10:11:33,-32,Tahap-2
01/14/2025,10,11,33,10:11:33,-28,Tahap-2
01/14/2025,10,11,33,10:11:33,60,Tahap-2
01/14/2025,10,11,33,10:11:33,-76,Tahap-2
01/14/2025,10,11,33,10:11:33,72,Tahap-2
01/14/2025,10,11,33,10:11:33,-12,Tahap-2
01/14/2025,10,11,33,10:11:33,8,Tahap-2
01/14/2025,10,11,33,10:11:33,-36,Tahap-2
01/14/2025,10,11,33,10:11:33,44,Tahap-2
01/14/2025,10,11,33,10:11:33,-40,Tahap-2
01/14/2025,10,11,34,10:11:34,88,Tahap-2
01/14/2025,10,11,34,10:11:34,-88,Tahap-2
01/14/2025,10,11,34,10:11:34,100,Tahap-2
01/14/2025,10,11,34,10:11:34,12,Tahap-2
01/14/2025,10,11,34,10:11:34,4,Tahap-2
01/14/2025,10,11,34,10:11:34,136,Tahap-2
01/14/2025,10,11,34,10:11:34,80,Tahap-2
01/14/2025,10,11,34,10:11:34,-80,Tahap-2
01/14/2025,10,11,34,10:11:34,164,Tahap-2
01/14/2025,10,11,34,10:11:34,-52,Tahap-2
01/14/2025,10,11,35,10:11:35,80,Tahap-2
01/14/2025,10,11,35,10:11:35,4,Tahap-2
01/14/2025,10,11,35,10:11:35,128,Tahap-2
01/14/2025,10,11,35,10:11:35,20,Tahap-2
01/14/2025,10,11,35,10:11:35,32,Tahap-2
01/14/2025,10,11,35,10:11:35,72,Tahap-2
01/14/2025,10,11,35,10:11:35,136,Tahap-2
01/14/2025,10,11,35,10:11:35,108,Tahap-2
01/14/2025,10,11,35,10:11:35,104,Tahap-2
01/14/2025,10,11,35,10:11:35,84,Tahap-2
01/14/2025,10,11,36,10:11:36,80,Tahap-2
01/14/2025,10,11,36,10:11:36,76,Tahap-2
01/14/2025,10,11,36,10:11:36,168,Tahap-2
01/14/2025,10,11,36,10:11:36,160,Tahap-2
01/14/2025,10,11,36,10:11:36,-4,Tahap-2
01/14/2025,10,11,36,10:11:36,96,Tahap-2
01/14/2025,10,11,36,10:11:36,92,Tahap-2
01/14/2025,10,11,36,10:11:36,92,Tahap-2
01/14/2025,10,11,36,10:11:36,84,Tahap-2
01/14/2025,10,11,36,10:11:36,224,Tahap-2
01/14/2025,10,11,37,10:11:37,16,Tahap-2
01/14/2025,10,11,37,10:11:37,112,Tahap-2
01/14/2025,10,11,37,10:11:37,172,Tahap-2
01/14/2025,10,11,37,10:11:37,124,Tahap-2
01/14/2025,10,11,37,10:11:37,92,Tahap-2
01/14/2025,10,11,37,10:11:37,212,Tahap-2
01/14/2025,10,11,37,10:11:37,-24,Tahap-2
01/14/2025,10,11,37,10:11:37,180,Tahap-2
01/14/2025,10,11,37,10:11:37,8,Tahap-2
01/14/2025,10,11,37,10:11:37,232,Tahap-2
01/14/2025,10,11,38,10:11:38,76,Tahap-2
01/14/2025,10,11,38,10:11:38,156,Tahap-2
01/14/2025,10,11,38,10:11:38,144,Tahap-2
01/14/2025,10,11,38,10:11:38,104,Tahap-2
01/14/2025,10,11,38,10:11:38,40,Tahap-2
01/14/2025,10,11,38,10:11:38,88,Tahap-2
01/14/2025,10,11,38,10:11:38,104,Tahap-2
01/14/2025,10,11,38,10:11:38,148,Tahap-2
01/14/2025,10,11,38,10:11:38,-84,Tahap-2
01/14/2025,10,11,38,10:11:38,308,Tahap-2
01/14/2025,10,11,39,10:11:39,36,Tahap-2
01/14/2025,10,11,39,10:11:39,88,Tahap-2
01/14/2025,10,11,39,10:11:39,192,Tahap-2
01/14/2025,10,11,39,10:11:39,120,Tahap-2
01/14/2025,10,11,39,10:11:39,-12,Tahap-2
01/14/2025,10,11,39,10:11:39,232,Tahap-2
01/14/2025,10,11,39,10:11:39,16,Tahap-2
01/14/2025,10,11,39,10:11:39,148,Tahap-2
01/14/2025,10,11,39,10:11:39,84,Tahap-2
01/14/2025,10,11,39,10:11:39,200,Tahap-2
01/14/2025,10,11,40,10:11:40,36,Tahap-2
01/14/2025,10,11,40,10:11:40,100,Tahap-2
01/14/2025,10,11,40,10:11:40,128,Tahap-2
01/14/2025,10,11,40,10:11:40,112,Tahap-2
01/14/2025,10,11,40,10:11:40,112,Tahap-2
01/14/2025,10,11,40,10:11:40,136,Tahap-2
01/14/2025,10,11,40,10:11:40,44,Tahap-2
01/14/2025,10,11,40,10:11:40,220,Tahap-2
01/14/2025,10,11,40,10:11:40,-48,Tahap-2
01/14/2025,10,11,40,10:11:40,208,Tahap-2
01/14/2025,10,11,41,10:11:41,64,Tahap-2
01/14/2025,10,11,41,10:11:41,48,Tahap-2
01/14/2025,10,11,42,10:11:42,120,Tahap-2
01/14/2025,10,11,42,10:11:42,132,Tahap-2
01/14/2025,10,11,42,10:11:42,40,Tahap-2
01/14/2025,10,11,42,10:11:42,236,Tahap-2
01/14/2025,10,11,42,10:11:42,72,Tahap-2
01/14/2025,10,11,42,10:11:42,88,Tahap-2
01/14/2025,10,12,6,10:12:06,3133,Tahap-2
01/14/2025,10,12,6,10:12:06,436,Tahap-2
01/14/2025,10,12,6,10:12:06,435,Tahap-2
01/14/2025,10,12,6,10:12:06,540,Tahap-2
01/14/2025,10,12,6,10:12:06,874,Tahap-2
01/14/2025,10,12,6,10:12:06,730,Tahap-2
01/14/2025,10,12,6,10:12:06,64,Tahap-2
01/14/2025,10,12,6,10:12:06,370,Tahap-2
01/14/2025,10,12,7,10:12:07,669,Tahap-2
01/14/2025,10,12,7,10:12:07,370,Tahap-2
01/14/2025,10,12,7,10:12:07,151,Tahap-2
01/14/2025,10,12,7,10:12:07,445,Tahap-2
01/14/2025,10,12,7,10:12:07,326,Tahap-2
01/14/2025,10,12,7,10:12:07,31,Tahap-2
01/14/2025,10,12,7,10:12:07,77,Tahap-2
01/14/2025,10,12,7,10:12:07,81,Tahap-2
01/14/2025,10,12,7,10:12:07,72,Tahap-2
01/14/2025,10,12,7,10:12:07,109,Tahap-2
01/14/2025,10,12,8,10:12:08,60,Tahap-2
01/14/2025,10,12,8,10:12:08,158,Tahap-2
01/14/2025,10,12,8,10:12:08,154,Tahap-2
01/14/2025,10,12,8,10:12:08,148,Tahap-2
01/14/2025,10,12,8,10:12:08,169,Tahap-2
01/14/2025,10,12,8,10:12:08,201,Tahap-2
01/14/2025,10,12,8,10:12:08,179,Tahap-2
01/14/2025,10,12,8,10:12:08,136,Tahap-2
01/14/2025,10,12,8,10:12:08,88,Tahap-2
01/14/2025,10,12,8,10:12:08,190,Tahap-2
01/14/2025,10,12,9,10:12:09,101,Tahap-2
01/14/2025,10,12,9,10:12:09,179,Tahap-2
01/14/2025,10,12,9,10:12:09,60,Tahap-2
01/14/2025,10,12,9,10:12:09,62,Tahap-2
01/14/2025,10,12,9,10:12:09,72,Tahap-2
01/14/2025,10,12,9,10:12:09,80,Tahap-2
01/14/2025,10,12,9,10:12:09,70,Tahap-2
01/14/2025,10,12,9,10:12:09,28,Tahap-2
01/14/2025,10,12,9,10:12:09,142,Tahap-2
01/14/2025,10,12,9,10:12:09,98,Tahap-2
01/14/2025,10,12,10,10:12:10,60,Tahap-2
01/14/2025,10,12,10,10:12:10,74,Tahap-2
01/14/2025,10,12,10,10:12:10,79,Tahap-2
01/14/2025,10,12,10,10:12:10,33,Tahap-2
01/14/2025,10,12,10,10:12:10,97,Tahap-2
01/14/2025,10,12,10,10:12:10,74,Tahap-2
01/14/2025,10,12,10,10:12:10,597,Tahap-2
01/14/2025,10,12,10,10:12:10,192,Tahap-2
01/14/2025,10,12,10,10:12:10,17,Tahap-2
01/14/2025,10,12,10,10:12:10,174,Tahap-2
01/14/2025,10,12,11,10:12:11,170,Tahap-2
01/14/2025,10,12,11,10:12:11,87,Tahap-2
01/14/2025,10,12,11,10:12:11,29,Tahap-2
01/14/2025,10,12,12,10:12:12,36,Tahap-2
01/14/2025,10,12,12,10:12:12,89,Tahap-2
01/14/2025,10,12,12,10:12:12,29,Tahap-2
01/14/2025,10,12,12,10:12:12,109,Tahap-2
01/14/2025,10,12,12,10:12:12,136,Tahap-2
01/14/2025,10,12,12,10:12:12,40,Tahap-2
01/14/2025,10,12,12,10:12:12,32,Tahap-2
01/14/2025,10,12,12,10:12:12,69,Tahap-2
01/14/2025,10,12,12,10:12:12,128,Tahap-2
01/14/2025,10,12,12,10:12:12,146,Tahap-2
01/14/2025,10,12,12,10:12:12,116,Tahap-2
01/14/2025,10,12,12,10:12:12,81,Tahap-2
01/14/2025,10,12,12,10:12:12,101,Tahap-2
01/14/2025,10,12,12,10:12:12,17,Tahap-2
01/14/2025,10,12,12,10:12:12,118,Tahap-2
01/14/2025,10,12,12,10:12:12,120,Tahap-2
01/14/2025,10,12,12,10:12:12,59,Tahap-2
01/14/2025,10,12,13,10:12:13,171,Tahap-2
01/14/2025,10,12,13,10:12:13,67,Tahap-2
01/14/2025,10,12,13,10:12:13,83,Tahap-2
01/14/2025,10,12,13,10:12:13,113,Tahap-2
01/14/2025,10,12,13,10:12:13,175,Tahap-2
01/14/2025,10,12,13,10:12:13,319,Tahap-2
01/14/2025,10,12,13,10:12:13,477,Tahap-2
01/14/2025,10,12,13,10:12:13,698,Tahap-2
01/14/2025,10,12,13,10:12:13,923,Tahap-2
01/14/2025,10,12,13,10:12:13,455,Tahap-2
01/14/2025,10,12,14,10:12:14,55,Tahap-2
01/14/2025,10,12,14,10:12:14,77,Tahap-2
01/14/2025,10,12,14,10:12:14,158,Tahap-2
01/14/2025,10,12,14,10:12:14,88,Tahap-2
01/14/2025,10,12,14,10:12:14,197,Tahap-2
01/14/2025,10,12,14,10:12:14,192,Tahap-2
01/14/2025,10,12,14,10:12:14,181,Tahap-2
01/14/2025,10,12,14,10:12:14,36,Tahap-2
01/14/2025,10,12,14,10:12:14,81,Tahap-2
01/14/2025,10,12,14,10:12:14,38,Tahap-2
01/14/2025,10,12,15,10:12:15,152,Tahap-2
01/14/2025,10,12,15,10:12:15,271,Tahap-2
01/14/2025,10,12,15,10:12:15,176,Tahap-2
01/14/2025,10,12,15,10:12:15,117,Tahap-2
01/14/2025,10,12,15,10:12:15,47,Tahap-2
01/14/2025,10,12,15,10:12:15,179,Tahap-2
01/14/2025,10,12,15,10:12:15,150,Tahap-2
01/14/2025,10,12,15,10:12:15,364,Tahap-2
01/14/2025,10,12,15,10:12:15,225,Tahap-2
01/14/2025,10,12,15,10:12:15,99,Tahap-2
01/14/2025,10,12,15,10:12:15,294,Tahap-2
01/14/2025,10,12,16,10:12:16,751,Tahap-2
01/14/2025,10,12,16,10:12:16,519,Tahap-2
01/14/2025,10,12,16,10:12:16,781,Tahap-2
01/14/2025,10,12,16,10:12:16,117,Tahap-2
01/14/2025,10,12,16,10:12:16,369,Tahap-2
01/14/2025,10,12,16,10:12:16,269,Tahap-2
01/14/2025,10,12,16,10:12:16,18,Tahap-2
01/14/2025,10,12,16,10:12:16,231,Tahap-2
01/14/2025,10,12,16,10:12:16,173,Tahap-2
01/14/2025,10,12,16,10:12:16,171,Tahap-2
01/14/2025,10,12,17,10:12:17,147,Tahap-2
01/14/2025,10,12,17,10:12:17,331,Tahap-2
01/14/2025,10,12,17,10:12:17,129,Tahap-2
01/14/2025,10,12,17,10:12:17,76,Tahap-2
01/14/2025,10,12,17,10:12:17,207,Tahap-2
01/14/2025,10,12,17,10:12:17,305,Tahap-2
01/14/2025,10,12,17,10:12:17,233,Tahap-2
01/14/2025,10,12,17,10:12:17,73,Tahap-2
01/14/2025,10,12,17,10:12:17,96,Tahap-2
01/14/2025,10,12,17,10:12:17,264,Tahap-2
01/14/2025,10,12,18,10:12:18,447,Tahap-2
01/14/2025,10,12,18,10:12:18,486,Tahap-2
01/14/2025,10,12,18,10:12:18,243,Tahap-2
01/14/2025,10,12,18,10:12:18,262,Tahap-2
01/14/2025,10,12,18,10:12:18,295,Tahap-2
01/14/2025,10,12,18,10:12:18,681,Tahap-2
01/14/2025,10,12,18,10:12:18,230,Tahap-2
01/14/2025,10,12,18,10:12:18,1131,Tahap-2
01/14/2025,10,12,18,10:12:18,-120,Tahap-2
01/14/2025,10,12,18,10:12:18,44,Tahap-2
01/14/2025,10,12,19,10:12:19,-132,Tahap-2
01/14/2025,10,12,19,10:12:19,-52,Tahap-2
01/14/2025,10,12,19,10:12:19,-44,Tahap-2
01/14/2025,10,12,19,10:12:19,-56,Tahap-2
01/14/2025,10,12,19,10:12:19,-176,Tahap-2
01/14/2025,10,12,19,10:12:19,-96,Tahap-2
01/14/2025,10,12,19,10:12:19,8,Tahap-2
01/14/2025,10,12,19,10:12:19,-160,Tahap-2
01/14/2025,10,12,19,10:12:19,44,Tahap-2
01/14/2025,10,12,20,10:12:20,-20,Tahap-2
01/14/2025,10,12,20,10:12:20,20,Tahap-2
01/14/2025,10,12,20,10:12:20,100,Tahap-2
01/14/2025,10,12,20,10:12:20,72,Tahap-2
01/14/2025,10,12,20,10:12:20,8,Tahap-2
01/14/2025,10,12,20,10:12:20,124,Tahap-2
01/14/2025,10,12,20,10:12:20,-32,Tahap-2
01/14/2025,10,12,20,10:12:20,184,Tahap-2
01/14/2025,10,12,20,10:12:20,-76,Tahap-2
01/14/2025,10,12,20,10:12:20,76,Tahap-2
01/14/2025,10,12,21,10:12:21,-4,Tahap-2
01/14/2025,10,12,21,10:12:21,-52,Tahap-2
01/14/2025,10,12,21,10:12:21,84,Tahap-2
01/14/2025,10,12,21,10:12:21,40,Tahap-2
01/14/2025,10,12,21,10:12:21,48,Tahap-2
01/14/2025,10,12,21,10:12:21,36,Tahap-2
01/14/2025,10,12,21,10:12:21,96,Tahap-2
01/14/2025,10,12,21,10:12:21,88,Tahap-2
01/14/2025,10,12,21,10:12:21,32,Tahap-2
01/14/2025,10,12,21,10:12:21,92,Tahap-2
01/14/2025,10,12,22,10:12:22,132,Tahap-2
01/14/2025,10,12,22,10:12:22,-24,Tahap-2
01/14/2025,10,12,22,10:12:22,76,Tahap-2
01/14/2025,10,12,22,10:12:22,136,Tahap-2
01/14/2025,10,12,22,10:12:22,84,Tahap-2
01/14/2025,10,12,22,10:12:22,120,Tahap-2
01/14/2025,10,12,22,10:12:22,104,Tahap-2
01/14/2025,10,12,22,10:12:22,160,Tahap-2
01/14/2025,10,12,22,10:12:22,8,Tahap-2
01/14/2025,10,12,22,10:12:22,204,Tahap-2
01/14/2025,10,12,23,10:12:23,164,Tahap-2
01/14/2025,10,12,23,10:12:23,-28,Tahap-2
01/14/2025,10,12,23,10:12:23,100,Tahap-2
01/14/2025,10,12,23,10:12:23,140,Tahap-2
01/14/2025,10,12,23,10:12:23,4,Tahap-2
01/14/2025,10,12,23,10:12:23,148,Tahap-2
01/14/2025,10,12,23,10:12:23,128,Tahap-2
01/14/2025,10,12,23,10:12:23,44,Tahap-2
01/14/2025,10,12,23,10:12:23,88,Tahap-2
01/14/2025,10,12,23,10:12:23,72,Tahap-2
01/14/2025,10,12,24,10:12:24,152,Tahap-2
01/14/2025,10,12,24,10:12:24,44,Tahap-2
01/14/2025,10,12,24,10:12:24,136,Tahap-2
01/14/2025,10,12,24,10:12:24,68,Tahap-2
01/14/2025,10,12,24,10:12:24,16,Tahap-2
01/14/2025,10,12,24,10:12:24,12,Tahap-2
01/14/2025,10,12,24,10:12:24,80,Tahap-2
01/14/2025,10,12,24,10:12:24,28,Tahap-2
01/14/2025,10,12,24,10:12:24,72,Tahap-2
01/14/2025,10,12,25,10:12:25,156,Tahap-2
01/14/2025,10,12,25,10:12:25,-48,Tahap-2
01/14/2025,10,12,25,10:12:25,96,Tahap-2
01/14/2025,10,12,25,10:12:25,88,Tahap-2
01/14/2025,10,12,25,10:12:25,32,Tahap-2
01/14/2025,10,12,25,10:12:25,8,Tahap-2
01/14/2025,10,12,25,10:12:25,120,Tahap-2
01/14/2025,10,12,25,10:12:25,60,Tahap-2
01/14/2025,10,12,25,10:12:25,204,Tahap-2
01/14/2025,10,12,25,10:12:25,48,Tahap-2
01/14/2025,10,12,26,10:12:26,316,Tahap-2
01/14/2025,10,12,26,10:12:26,48,Tahap-2
01/14/2025,10,12,26,10:12:26,196,Tahap-2
01/14/2025,10,12,26,10:12:26,184,Tahap-2
01/14/2025,10,12,26,10:12:26,232,Tahap-2
01/14/2025,10,12,26,10:12:26,104,Tahap-2
01/14/2025,10,12,26,10:12:26,256,Tahap-2
01/14/2025,10,12,26,10:12:26,140,Tahap-2
01/14/2025,10,12,26,10:12:26,172,Tahap-2
01/14/2025,10,12,26,10:12:26,88,Tahap-2
01/14/2025,10,12,27,10:12:27,288,Tahap-2
01/14/2025,10,12,27,10:12:27,32,Tahap-2
01/14/2025,10,12,27,10:12:27,120,Tahap-2
01/14/2025,10,12,27,10:12:27,28,Tahap-2
01/14/2025,10,12,27,10:12:27,112,Tahap-2
01/14/2025,10,12,27,10:12:27,-20,Tahap-2
01/14/2025,10,12,27,10:12:27,200,Tahap-2
01/14/2025,10,12,27,10:12:27,-64,Tahap-2
01/14/2025,10,12,27,10:12:27,120,Tahap-2
01/14/2025,10,12,27,10:12:27,-88,Tahap-2
01/14/2025,10,12,28,10:12:28,180,Tahap-2
01/14/2025,10,12,28,10:12:28,40,Tahap-2
01/14/2025,10,12,28,10:12:28,8,Tahap-2
01/14/2025,10,12,28,10:12:28,76,Tahap-2
01/14/2025,10,12,28,10:12:28,56,Tahap-2
01/14/2025,10,12,28,10:12:28,-16,Tahap-2
01/14/2025,10,12,28,10:12:28,108,Tahap-2
01/14/2025,10,12,28,10:12:28,32,Tahap-2
01/14/2025,10,12,28,10:12:28,72,Tahap-2
01/14/2025,10,12,28,10:12:28,-40,Tahap-2
01/14/2025,10,12,29,10:12:29,92,Tahap-2
01/14/2025,10,12,29,10:12:29,-48,Tahap-2
01/14/2025,10,12,29,10:12:29,20,Tahap-2
01/14/2025,10,12,29,10:12:29,36,Tahap-2
01/14/2025,10,12,29,10:12:29,16,Tahap-2
01/14/2025,10,12,29,10:12:29,-68,Tahap-2
01/14/2025,10,12,29,10:12:29,76,Tahap-2
01/14/2025,10,12,29,10:12:29,-48,Tahap-2
01/14/2025,10,12,29,10:12:29,96,Tahap-2
01/14/2025,10,12,29,10:12:29,-96,Tahap-2
01/14/2025,10,12,30,10:12:30,116,Tahap-2
01/14/2025,10,12,30,10:12:30,-20,Tahap-2
01/14/2025,10,12,30,10:12:30,-4,Tahap-2
01/14/2025,10,12,30,10:12:30,76,Tahap-2
01/14/2025,10,12,30,10:12:30,160,Tahap-2
01/14/2025,10,12,30,10:12:30,-56,Tahap-2
01/14/2025,10,12,30,10:12:30,112,Tahap-2
01/14/2025,10,12,30,10:12:30,-4,Tahap-2
01/14/2025,10,12,30,10:12:30,100,Tahap-2
01/14/2025,10,12,30,10:12:30,-24,Tahap-2
01/14/2025,10,12,31,10:12:31,116,Tahap-2
01/14/2025,10,12,31,10:12:31,20,Tahap-2
01/14/2025,10,12,31,10:12:31,-32,Tahap-2
01/14/2025,10,12,31,10:12:31,52,Tahap-2
01/14/2025,10,12,31,10:12:31,36,Tahap-2
01/14/2025,10,12,31,10:12:31,-4,Tahap-2
01/14/2025,10,12,31,10:12:31,92,Tahap-2
01/14/2025,10,12,56,10:12:56,489,Tahap-2
01/14/2025,10,12,56,10:12:56,1404,Tahap-2
01/14/2025,10,12,56,10:12:56,503,Tahap-2
01/14/2025,10,12,56,10:12:56,254,Tahap-2
01/14/2025,10,12,56,10:12:56,323,Tahap-2
01/14/2025,10,12,56,10:12:56,197,Tahap-2
01/14/2025,10,12,56,10:12:56,250,Tahap-2
01/14/2025,10,12,56,10:12:56,123,Tahap-2
01/14/2025,10,12,56,10:12:56,195,Tahap-2
01/14/2025,10,12,57,10:12:57,131,Tahap-2
01/14/2025,10,12,57,10:12:57,134,Tahap-2
01/14/2025,10,12,57,10:12:57,67,Tahap-2
01/14/2025,10,12,57,10:12:57,193,Tahap-2
01/14/2025,10,12,57,10:12:57,136,Tahap-2
01/14/2025,10,12,57,10:12:57,46,Tahap-2
01/14/2025,10,12,57,10:12:57,116,Tahap-2
01/14/2025,10,12,57,10:12:57,61,Tahap-2
01/14/2025,10,12,57,10:12:57,121,Tahap-2
01/14/2025,10,12,57,10:12:57,106,Tahap-2
01/14/2025,10,12,58,10:12:58,184,Tahap-2
01/14/2025,10,12,58,10:12:58,138,Tahap-2
01/14/2025,10,12,58,10:12:58,70,Tahap-2
01/14/2025,10,12,58,10:12:58,108,Tahap-2
01/14/2025,10,12,58,10:12:58,37,Tahap-2
01/14/2025,10,12,58,10:12:58,284,Tahap-2
01/14/2025,10,12,58,10:12:58,55,Tahap-2
01/14/2025,10,12,58,10:12:58,193,Tahap-2
01/14/2025,10,12,58,10:12:58,102,Tahap-2
01/14/2025,10,12,58,10:12:58,61,Tahap-2
01/14/2025,10,12,59,10:12:59,79,Tahap-2
01/14/2025,10,12,59,10:12:59,100,Tahap-2
01/14/2025,10,12,59,10:12:59,111,Tahap-2
01/14/2025,10,12,59,10:12:59,93,Tahap-2
01/14/2025,10,12,59,10:12:59,95,Tahap-2
01/14/2025,10,12,59,10:12:59,123,Tahap-2
01/14/2025,10,12,59,10:12:59,18,Tahap-2
01/14/2025,10,12,59,10:12:59,109,Tahap-2
01/14/2025,10,12,59,10:12:59,118,Tahap-2
01/14/2025,10,12,59,10:12:59,104,Tahap-2
01/14/2025,10,13,1,10:13:01,133,Tahap-2
01/14/2025,10,13,1,10:13:01,133,Tahap-2
01/14/2025,10,13,1,10:13:01,62,Tahap-2
01/14/2025,10,13,1,10:13:01,5,Tahap-2
01/14/2025,10,13,1,10:13:01,57,Tahap-2
01/14/2025,10,13,1,10:13:01,58,Tahap-2
01/14/2025,10,13,1,10:13:01,94,Tahap-2
01/14/2025,10,13,1,10:13:01,32,Tahap-2
01/14/2025,10,13,1,10:13:01,88,Tahap-2
01/14/2025,10,13,1,10:13:01,28,Tahap-2
01/14/2025,10,13,2,10:13:02,91,Tahap-2
01/14/2025,10,13,2,10:13:02,108,Tahap-2
01/14/2025,10,13,2,10:13:02,153,Tahap-2
01/14/2025,10,13,2,10:13:02,66,Tahap-2
01/14/2025,10,13,2,10:13:02,37,Tahap-2
01/14/2025,10,13,2,10:13:02,105,Tahap-2
01/14/2025,10,13,2,10:13:02,105,Tahap-2
01/14/2025,10,13,2,10:13:02,107,Tahap-2
01/14/2025,10,13,2,10:13:02,157,Tahap-2
01/14/2025,10,13,2,10:13:02,13,Tahap-2
01/14/2025,10,13,3,10:13:03,260,Tahap-2
01/14/2025,10,13,3,10:13:03,277,Tahap-2
01/14/2025,10,13,3,10:13:03,173,Tahap-2
01/14/2025,10,13,3,10:13:03,182,Tahap-2
01/14/2025,10,13,3,10:13:03,784,Tahap-2
01/14/2025,10,13,3,10:13:03,429,Tahap-2
01/14/2025,10,13,3,10:13:03,241,Tahap-2
01/14/2025,10,13,3,10:13:03,167,Tahap-2
01/14/2025,10,13,3,10:13:03,146,Tahap-2
01/14/2025,10,13,3,10:13:03,64,Tahap-2
01/14/2025,10,13,4,10:13:04,145,Tahap-2
01/14/2025,10,13,4,10:13:04,97,Tahap-2
01/14/2025,10,13,4,10:13:04,212,Tahap-2
01/14/2025,10,13,4,10:13:04,369,Tahap-2
01/14/2025,10,13,4,10:13:04,286,Tahap-2
01/14/2025,10,13,4,10:13:04,264,Tahap-2
01/14/2025,10,13,4,10:13:04,400,Tahap-2
01/14/2025,10,13,4,10:13:04,1028,Tahap-2
01/14/2025,10,13,4,10:13:04,189,Tahap-2
01/14/2025,10,13,4,10:13:04,72,Tahap-2
01/14/2025,10,13,5,10:13:05,171,Tahap-2
01/14/2025,10,13,5,10:13:05,117,Tahap-2
01/14/2025,10,13,5,10:13:05,48,Tahap-2
01/14/2025,10,13,5,10:13:05,154,Tahap-2
01/14/2025,10,13,5,10:13:05,184,Tahap-2
01/14/2025,10,13,5,10:13:05,113,Tahap-2
01/14/2025,10,13,5,10:13:05,346,Tahap-2
01/14/2025,10,13,5,10:13:05,39,Tahap-2
01/14/2025,10,13,5,10:13:05,248,Tahap-2
01/14/2025,10,13,5,10:13:05,1312,Tahap-2
01/14/2025,10,13,6,10:13:06,542,Tahap-2
01/14/2025,10,13,6,10:13:06,481,Tahap-2
01/14/2025,10,13,6,10:13:06,493,Tahap-2
01/14/2025,10,13,6,10:13:06,194,Tahap-2
01/14/2025,10,13,6,10:13:06,137,Tahap-2
01/14/2025,10,13,6,10:13:06,522,Tahap-2
01/14/2025,10,13,6,10:13:06,220,Tahap-2
01/14/2025,10,13,6,10:13:06,94,Tahap-2
01/14/2025,10,13,6,10:13:06,62,Tahap-2
01/14/2025,10,13,6,10:13:06,75,Tahap-2
01/14/2025,10,13,7,10:13:07,104,Tahap-2
01/14/2025,10,13,7,10:13:07,29,Tahap-2
01/14/2025,10,13,7,10:13:07,341,Tahap-2
01/14/2025,10,13,7,10:13:07,203,Tahap-2
01/14/2025,10,13,7,10:13:07,78,Tahap-2
01/14/2025,10,13,7,10:13:07,85,Tahap-2
01/14/2025,10,13,7,10:13:07,62,Tahap-2
01/14/2025,10,13,7,10:13:07,167,Tahap-2
01/14/2025,10,13,7,10:13:07,143,Tahap-2
01/14/2025,10,13,7,10:13:07,211,Tahap-2
01/14/2025,10,13,8,10:13:08,211,Tahap-2
01/14/2025,10,13,8,10:13:08,764,Tahap-2
01/14/2025,10,13,8,10:13:08,144,Tahap-2
01/14/2025,10,13,8,10:13:08,478,Tahap-2
01/14/2025,10,13,8,10:13:08,1244,Tahap-2
01/14/2025,10,13,8,10:13:08,180,Tahap-2
01/14/2025,10,13,8,10:13:08,514,Tahap-2
01/14/2025,10,13,8,10:13:08,359,Tahap-2
01/14/2025,10,13,8,10:13:08,104,Tahap-2
01/14/2025,10,13,8,10:13:08,-104,Tahap-2
01/14/2025,10,13,8,10:13:08,152,Tahap-2
01/14/2025,10,13,9,10:13:09,144,Tahap-2
01/14/2025,10,13,9,10:13:09,-216,Tahap-2
01/14/2025,10,13,9,10:13:09,-80,Tahap-2
01/14/2025,10,13,9,10:13:09,136,Tahap-2
01/14/2025,10,13,9,10:13:09,-8,Tahap-2
01/14/2025,10,13,9,10:13:09,-88,Tahap-2
01/14/2025,10,13,9,10:13:09,24,Tahap-2
01/14/2025,10,13,9,10:13:09,24,Tahap-2
01/14/2025,10,13,9,10:13:09,-112,Tahap-2
01/14/2025,10,13,10,10:13:10,128,Tahap-2
01/14/2025,10,13,10,10:13:10,-64,Tahap-2
01/14/2025,10,13,10,10:13:10,128,Tahap-2
01/14/2025,10,13,10,10:13:10,-288,Tahap-2
01/14/2025,10,13,10,10:13:10,240,Tahap-2
01/14/2025,10,13,10,10:13:10,-104,Tahap-2
01/14/2025,10,13,10,10:13:10,-32,Tahap-2
01/14/2025,10,13,10,10:13:10,160,Tahap-2
01/14/2025,10,13,10,10:13:10,64,Tahap-2
01/14/2025,10,13,10,10:13:10,-128,Tahap-2
01/14/2025,10,13,11,10:13:11,344,Tahap-2
01/14/2025,10,13,11,10:13:11,-200,Tahap-2
01/14/2025,10,13,12,10:13:12,128,Tahap-2
01/14/2025,10,13,12,10:13:12,80,Tahap-2
01/14/2025,10,13,12,10:13:12,72,Tahap-2
01/14/2025,10,13,12,10:13:12,-64,Tahap-2
01/14/2025,10,13,12,10:13:12,144,Tahap-2
01/14/2025,10,13,12,10:13:12,128,Tahap-2
01/14/2025,10,13,12,10:13:12,144,Tahap-2
01/14/2025,10,13,12,10:13:12,56,Tahap-2
01/14/2025,10,13,12,10:13:12,-40,Tahap-2
01/14/2025,10,13,12,10:13:12,128,Tahap-2
01/14/2025,10,13,12,10:13:12,40,Tahap-2
01/14/2025,10,13,12,10:13:12,40,Tahap-2
01/14/2025,10,13,12,10:13:12,304,Tahap-2
01/14/2025,10,13,12,10:13:12,-152,Tahap-2
01/14/2025,10,13,12,10:13:12,56,Tahap-2
01/14/2025,10,13,12,10:13:12,208,Tahap-2
01/14/2025,10,13,12,10:13:12,48,Tahap-2
01/14/2025,10,13,13,10:13:13,344,Tahap-2
01/14/2025,10,13,13,10:13:13,-168,Tahap-2
01/14/2025,10,13,13,10:13:13,144,Tahap-2
01/14/2025,10,13,13,10:13:13,-64,Tahap-2
01/14/2025,10,13,13,10:13:13,176,Tahap-2
01/14/2025,10,13,13,10:13:13,56,Tahap-2
01/14/2025,10,13,13,10:13:13,8,Tahap-2
01/14/2025,10,13,13,10:13:13,144,Tahap-2
01/14/2025,10,13,13,10:13:13,136,Tahap-2
01/14/2025,10,13,14,10:13:14,48,Tahap-2
01/14/2025,10,13,14,10:13:14,88,Tahap-2
01/14/2025,10,13,14,10:13:14,128,Tahap-2
01/14/2025,10,13,14,10:13:14,88,Tahap-2
01/14/2025,10,13,14,10:13:14,112,Tahap-2
01/14/2025,10,13,14,10:13:14,-104,Tahap-2
01/14/2025,10,13,14,10:13:14,448,Tahap-2
01/14/2025,10,13,14,10:13:14,-192,Tahap-2
01/14/2025,10,13,14,10:13:14,224,Tahap-2
01/14/2025,10,13,14,10:13:14,152,Tahap-2
01/14/2025,10,13,15,10:13:15,40,Tahap-2
01/14/2025,10,13,15,10:13:15,32,Tahap-2
01/14/2025,10,13,15,10:13:15,232,Tahap-2
01/14/2025,10,13,15,10:13:15,-184,Tahap-2
01/14/2025,10,13,15,10:13:15,344,Tahap-2
01/14/2025,10,13,15,10:13:15,-248,Tahap-2
01/14/2025,10,13,15,10:13:15,328,Tahap-2
01/14/2025,10,13,15,10:13:15,-136,Tahap-2
01/14/2025,10,13,15,10:13:15,24,Tahap-2
01/14/2025,10,13,15,10:13:15,56,Tahap-2
01/14/2025,10,13,16,10:13:16,112,Tahap-2
01/14/2025,10,13,16,10:13:16,-88,Tahap-2
01/14/2025,10,13,16,10:13:16,-48,Tahap-2
01/14/2025,10,13,16,10:13:16,104,Tahap-2
01/14/2025,10,13,16,10:13:16,-32,Tahap-2
01/14/2025,10,13,16,10:13:16,-32,Tahap-2
01/14/2025,10,13,16,10:13:16,24,Tahap-2
01/14/2025,10,13,16,10:13:16,144,Tahap-2
01/14/2025,10,13,16,10:13:16,-272,Tahap-2
01/14/2025,10,13,16,10:13:16,152,Tahap-2
01/14/2025,10,13,17,10:13:17,24,Tahap-2
01/14/2025,10,13,17,10:13:17,-64,Tahap-2
01/14/2025,10,13,17,10:13:17,120,Tahap-2
01/14/2025,10,13,17,10:13:17,-8,Tahap-2
01/14/2025,10,13,17,10:13:17,-208,Tahap-2
01/14/2025,10,13,17,10:13:17,104,Tahap-2
01/14/2025,10,13,17,10:13:17,-160,Tahap-2
01/14/2025,10,13,17,10:13:17,176,Tahap-2
01/14/2025,10,13,17,10:13:17,-112,Tahap-2
01/14/2025,10,13,17,10:13:17,-40,Tahap-2
01/14/2025,10,13,18,10:13:18,-8,Tahap-2
01/14/2025,10,13,18,10:13:18,24,Tahap-2
01/14/2025,10,13,18,10:13:18,-48,Tahap-2
01/14/2025,10,13,18,10:13:18,64,Tahap-2
01/14/2025,10,13,18,10:13:18,-40,Tahap-2
01/14/2025,10,13,18,10:13:18,-64,Tahap-2
01/14/2025,10,13,18,10:13:18,-240,Tahap-2
01/14/2025,10,13,18,10:13:18,248,Tahap-2
01/14/2025,10,13,18,10:13:18,-264,Tahap-2
01/14/2025,10,13,18,10:13:18,-40,Tahap-2
01/14/2025,10,13,19,10:13:19,112,Tahap-2
01/14/2025,10,13,19,10:13:19,-272,Tahap-2
01/14/2025,10,13,19,10:13:19,-136,Tahap-2
01/14/2025,10,13,19,10:13:19,80,Tahap-2
01/14/2025,10,13,19,10:13:19,-272,Tahap-2
01/14/2025,10,13,19,10:13:19,-40,Tahap-2
01/14/2025,10,13,19,10:13:19,-296,Tahap-2
01/14/2025,10,13,19,10:13:19,48,Tahap-2
01/14/2025,10,13,19,10:13:19,-408,Tahap-2
01/14/2025,10,13,19,10:13:19,-32,Tahap-2
01/14/2025,10,13,20,10:13:20,-144,Tahap-2
01/14/2025,10,13,20,10:13:20,-176,Tahap-2
01/14/2025,10,13,20,10:13:20,-88,Tahap-2
01/14/2025,10,13,20,10:13:20,-160,Tahap-2
01/14/2025,10,13,20,10:13:20,-216,Tahap-2
01/14/2025,10,13,20,10:13:20,-80,Tahap-2
01/14/2025,10,13,20,10:13:20,-336,Tahap-2
01/14/2025,10,13,20,10:13:20,-96,Tahap-2
01/14/2025,10,13,20,10:13:20,-72,Tahap-2
01/14/2025,10,13,20,10:13:20,-304,Tahap-2
01/14/2025,10,13,21,10:13:21,-360,Tahap-2
01/14/2025,10,13,21,10:13:21,-64,Tahap-2
01/14/2025,10,13,21,10:13:21,-192,Tahap-2
01/14/2025,10,13,21,10:13:21,-264,Tahap-2
01/14/2025,10,13,21,10:13:21,-96,Tahap-2
01/14/2025,10,13,21,10:13:21,-368,Tahap-2
01/14/2025,10,13,46,10:13:46,4171,Tahap-2
01/14/2025,10,13,46,10:13:46,1824,Tahap-2
01/14/2025,10,13,46,10:13:46,1123,Tahap-2
01/14/2025,10,13,46,10:13:46,870,Tahap-2
01/14/2025,10,13,46,10:13:46,772,Tahap-2
01/14/2025,10,13,46,10:13:46,574,Tahap-2
01/14/2025,10,13,46,10:13:46,643,Tahap-2
01/14/2025,10,13,46,10:13:46,596,Tahap-2
01/14/2025,10,13,46,10:13:46,481,Tahap-2
01/14/2025,10,13,46,10:13:46,413,Tahap-2
01/14/2025,10,13,47,10:13:47,298,Tahap-2
01/14/2025,10,13,47,10:13:47,403,Tahap-2
01/14/2025,10,13,47,10:13:47,226,Tahap-2
01/14/2025,10,13,47,10:13:47,171,Tahap-2
01/14/2025,10,13,47,10:13:47,294,Tahap-2
01/14/2025,10,13,47,10:13:47,342,Tahap-2
01/14/2025,10,13,47,10:13:47,202,Tahap-2
01/14/2025,10,13,47,10:13:47,162,Tahap-2
01/14/2025,10,13,47,10:13:47,228,Tahap-2
01/14/2025,10,13,47,10:13:47,211,Tahap-2
01/14/2025,10,13,48,10:13:48,224,Tahap-2
01/14/2025,10,13,48,10:13:48,126,Tahap-2
01/14/2025,10,13,48,10:13:48,47,Tahap-2
01/14/2025,10,13,48,10:13:48,206,Tahap-2
01/14/2025,10,13,48,10:13:48,467,Tahap-2
01/14/2025,10,13,48,10:13:48,212,Tahap-2
01/14/2025,10,13,48,10:13:48,91,Tahap-2
01/14/2025,10,13,48,10:13:48,211,Tahap-2
01/14/2025,10,13,48,10:13:48,192,Tahap-2
01/14/2025,10,13,48,10:13:48,179,Tahap-2
01/14/2025,10,13,49,10:13:49,210,Tahap-2
01/14/2025,10,13,49,10:13:49,169,Tahap-2
01/14/2025,10,13,49,10:13:49,206,Tahap-2
01/14/2025,10,13,49,10:13:49,180,Tahap-2
01/14/2025,10,13,49,10:13:49,107,Tahap-2
01/14/2025,10,13,49,10:13:49,69,Tahap-2
01/14/2025,10,13,49,10:13:49,212,Tahap-2
01/14/2025,10,13,49,10:13:49,112,Tahap-2
01/14/2025,10,13,49,10:13:49,35,Tahap-2
01/14/2025,10,13,49,10:13:49,148,Tahap-2
01/14/2025,10,13,50,10:13:50,156,Tahap-2
01/14/2025,10,13,50,10:13:50,130,Tahap-2
01/14/2025,10,13,50,10:13:50,399,Tahap-2
01/14/2025,10,13,50,10:13:50,170,Tahap-2
01/14/2025,10,13,50,10:13:50,188,Tahap-2
01/14/2025,10,13,50,10:13:50,48,Tahap-2
01/14/2025,10,13,50,10:13:50,55,Tahap-2
01/14/2025,10,13,50,10:13:50,112,Tahap-2
01/14/2025,10,13,50,10:13:50,17,Tahap-2
01/14/2025,10,13,50,10:13:50,227,Tahap-2
01/14/2025,10,13,51,10:13:51,33,Tahap-2
01/14/2025,10,13,51,10:13:51,138,Tahap-2
01/14/2025,10,13,51,10:13:51,45,Tahap-2
01/14/2025,10,13,51,10:13:51,4,Tahap-2
01/14/2025,10,13,51,10:13:51,112,Tahap-2
01/14/2025,10,13,51,10:13:51,125,Tahap-2
01/14/2025,10,13,51,10:13:51,105,Tahap-2
01/14/2025,10,13,51,10:13:51,101,Tahap-2
01/14/2025,10,13,51,10:13:51,40,Tahap-2
01/14/2025,10,13,51,10:13:51,66,Tahap-2
01/14/2025,10,13,52,10:13:52,103,Tahap-2
01/14/2025,10,13,52,10:13:52,185,Tahap-2
01/14/2025,10,13,52,10:13:52,87,Tahap-2
01/14/2025,10,13,52,10:13:52,117,Tahap-2
01/14/2025,10,13,52,10:13:52,71,Tahap-2
01/14/2025,10,13,52,10:13:52,54,Tahap-2
01/14/2025,10,13,52,10:13:52,97,Tahap-2
01/14/2025,10,13,52,10:13:52,182,Tahap-2
01/14/2025,10,13,52,10:13:52,37,Tahap-2
01/14/2025,10,13,52,10:13:52,109,Tahap-2
01/14/2025,10,13,53,10:13:53,30,Tahap-2
01/14/2025,10,13,53,10:13:53,231,Tahap-2
01/14/2025,10,13,53,10:13:53,262,Tahap-2
01/14/2025,10,13,53,10:13:53,920,Tahap-2
01/14/2025,10,13,53,10:13:53,372,Tahap-2
01/14/2025,10,13,53,10:13:53,333,Tahap-2
01/14/2025,10,13,53,10:13:53,97,Tahap-2
01/14/2025,10,13,53,10:13:53,59,Tahap-2
01/14/2025,10,13,53,10:13:53,63,Tahap-2
01/14/2025,10,13,53,10:13:53,120,Tahap-2
01/14/2025,10,13,54,10:13:54,58,Tahap-2
01/14/2025,10,13,54,10:13:54,188,Tahap-2
01/14/2025,10,13,54,10:13:54,178,Tahap-2
01/14/2025,10,13,54,10:13:54,137,Tahap-2
01/14/2025,10,13,54,10:13:54,217,Tahap-2
01/14/2025,10,13,54,10:13:54,555,Tahap-2
01/14/2025,10,13,54,10:13:54,936,Tahap-2
01/14/2025,10,13,54,10:13:54,281,Tahap-2
01/14/2025,10,13,54,10:13:54,112,Tahap-2
01/14/2025,10,13,54,10:13:54,126,Tahap-2
01/14/2025,10,13,55,10:13:55,397,Tahap-2
01/14/2025,10,13,55,10:13:55,175,Tahap-2
01/14/2025,10,13,55,10:13:55,239,Tahap-2
01/14/2025,10,13,55,10:13:55,166,Tahap-2
01/14/2025,10,13,55,10:13:55,137,Tahap-2
01/14/2025,10,13,55,10:13:55,421,Tahap-2
01/14/2025,10,13,55,10:13:55,626,Tahap-2
01/14/2025,10,13,55,10:13:55,711,Tahap-2
01/14/2025,10,13,55,10:13:55,929,Tahap-2
01/14/2025,10,13,55,10:13:55,820,Tahap-2
01/14/2025,10,13,56,10:13:56,156,Tahap-2
01/14/2025,10,13,56,10:13:56,173,Tahap-2
01/14/2025,10,13,56,10:13:56,81,Tahap-2
01/14/2025,10,13,56,10:13:56,270,Tahap-2
01/14/2025,10,13,56,10:13:56,190,Tahap-2
01/14/2025,10,13,56,10:13:56,179,Tahap-2
01/14/2025,10,13,56,10:13:56,85,Tahap-2
01/14/2025,10,13,56,10:13:56,177,Tahap-2
01/14/2025,10,13,56,10:13:56,15,Tahap-2
01/14/2025,10,13,56,10:13:56,227,Tahap-2
01/14/2025,10,13,57,10:13:57,227,Tahap-2
01/14/2025,10,13,57,10:13:57,262,Tahap-2
01/14/2025,10,13,57,10:13:57,141,Tahap-2
01/14/2025,10,13,57,10:13:57,151,Tahap-2
01/14/2025,10,13,57,10:13:57,128,Tahap-2
01/14/2025,10,13,57,10:13:57,68,Tahap-2
01/14/2025,10,13,57,10:13:57,194,Tahap-2
01/14/2025,10,13,57,10:13:57,212,Tahap-2
01/14/2025,10,13,57,10:13:57,406,Tahap-2
01/14/2025,10,13,57,10:13:57,359,Tahap-2
01/14/2025,10,13,58,10:13:58,427,Tahap-2
01/14/2025,10,13,58,10:13:58,839,Tahap-2
01/14/2025,10,13,58,10:13:58,312,Tahap-2
01/14/2025,10,13,58,10:13:58,1177,Tahap-2
01/14/2025,10,13,58,10:13:58,405,Tahap-2
01/14/2025,10,13,58,10:13:58,392,Tahap-2
01/14/2025,10,13,58,10:13:58,233,Tahap-2
01/14/2025,10,13,58,10:13:58,-100,Tahap-2
01/14/2025,10,13,58,10:13:58,48,Tahap-2
01/14/2025,10,13,58,10:13:58,-116,Tahap-2
01/14/2025,10,13,59,10:13:59,-20,Tahap-2
01/14/2025,10,13,59,10:13:59,4,Tahap-2
01/14/2025,10,13,59,10:13:59,-60,Tahap-2
01/14/2025,10,13,59,10:13:59,-40,Tahap-2
01/14/2025,10,13,59,10:13:59,-4,Tahap-2
01/14/2025,10,13,59,10:13:59,-28,Tahap-2
01/14/2025,10,13,59,10:13:59,-76,Tahap-2
01/14/2025,10,13,59,10:13:59,68,Tahap-2
01/14/2025,10,13,59,10:13:59,-72,Tahap-2
01/14/2025,10,14,1,10:14:01,12,Tahap-2
01/14/2025,10,14,1,10:14:01,84,Tahap-2
01/14/2025,10,14,1,10:14:01,-52,Tahap-2
01/14/2025,10,14,1,10:14:01,60,Tahap-2
01/14/2025,10,14,1,10:14:01,44,Tahap-2
01/14/2025,10,14,1,10:14:01,24,Tahap-2
01/14/2025,10,14,1,10:14:01,-12,Tahap-2
01/14/2025,10,14,1,10:14:01,-52,Tahap-2
01/14/2025,10,14,1,10:14:01,128,Tahap-2
01/14/2025,10,14,1,10:14:01,-88,Tahap-2
01/14/2025,10,14,2,10:14:02,52,Tahap-2
01/14/2025,10,14,2,10:14:02,120,Tahap-2
01/14/2025,10,14,2,10:14:02,28,Tahap-2
01/14/2025,10,14,2,10:14:02,32,Tahap-2
01/14/2025,10,14,2,10:14:02,132,Tahap-2
01/14/2025,10,14,2,10:14:02,-52,Tahap-2
01/14/2025,10,14,2,10:14:02,140,Tahap-2
01/14/2025,10,14,2,10:14:02,-44,Tahap-2
01/14/2025,10,14,2,10:14:02,148,Tahap-2
01/14/2025,10,14,2,10:14:02,8,Tahap-2
01/14/2025,10,14,3,10:14:03,92,Tahap-2
01/14/2025,10,14,3,10:14:03,104,Tahap-2
01/14/2025,10,14,3,10:14:03,88,Tahap-2
01/14/2025,10,14,3,10:14:03,72,Tahap-2
01/14/2025,10,14,3,10:14:03,56,Tahap-2
01/14/2025,10,14,3,10:14:03,28,Tahap-2
01/14/2025,10,14,3,10:14:03,144,Tahap-2
01/14/2025,10,14,3,10:14:03,-56,Tahap-2
01/14/2025,10,14,3,10:14:03,232,Tahap-2
01/14/2025,10,14,3,10:14:03,64,Tahap-2
01/14/2025,10,14,4,10:14:04,4,Tahap-2
01/14/2025,10,14,4,10:14:04,132,Tahap-2
01/14/2025,10,14,4,10:14:04,128,Tahap-2
01/14/2025,10,14,4,10:14:04,76,Tahap-2
01/14/2025,10,14,4,10:14:04,228,Tahap-2
01/14/2025,10,14,4,10:14:04,92,Tahap-2
01/14/2025,10,14,4,10:14:04,76,Tahap-2
01/14/2025,10,14,4,10:14:04,100,Tahap-2
01/14/2025,10,14,4,10:14:04,108,Tahap-2
01/14/2025,10,14,4,10:14:04,148,Tahap-2
01/14/2025,10,14,5,10:14:05,96,Tahap-2
01/14/2025,10,14,5,10:14:05,152,Tahap-2
01/14/2025,10,14,5,10:14:05,124,Tahap-2
01/14/2025,10,14,5,10:14:05,104,Tahap-2
01/14/2025,10,14,5,10:14:05,120,Tahap-2
01/14/2025,10,14,5,10:14:05,156,Tahap-2
01/14/2025,10,14,5,10:14:05,124,Tahap-2
01/14/2025,10,14,5,10:14:05,104,Tahap-2
01/14/2025,10,14,5,10:14:05,24,Tahap-2
01/14/2025,10,14,5,10:14:05,264,Tahap-2
01/14/2025,10,14,6,10:14:06,24,Tahap-2
01/14/2025,10,14,6,10:14:06,164,Tahap-2
01/14/2025,10,14,6,10:14:06,240,Tahap-2
01/14/2025,10,14,6,10:14:06,116,Tahap-2
01/14/2025,10,14,6,10:14:06,68,Tahap-2
01/14/2025,10,14,6,10:14:06,296,Tahap-2
01/14/2025,10,14,6,10:14:06,44,Tahap-2
01/14/2025,10,14,6,10:14:06,212,Tahap-2
01/14/2025,10,14,6,10:14:06,84,Tahap-2
01/14/2025,10,14,6,10:14:06,256,Tahap-2
01/14/2025,10,14,7,10:14:07,92,Tahap-2
01/14/2025,10,14,7,10:14:07,136,Tahap-2
01/14/2025,10,14,7,10:14:07,196,Tahap-2
01/14/2025,10,14,7,10:14:07,208,Tahap-2
01/14/2025,10,14,7,10:14:07,168,Tahap-2
01/14/2025,10,14,7,10:14:07,204,Tahap-2
01/14/2025,10,14,7,10:14:07,124,Tahap-2
01/14/2025,10,14,7,10:14:07,220,Tahap-2
01/14/2025,10,14,7,10:14:07,120,Tahap-2
01/14/2025,10,14,7,10:14:07,204,Tahap-2
01/14/2025,10,14,8,10:14:08,208,Tahap-2
01/14/2025,10,14,8,10:14:08,72,Tahap-2
01/14/2025,10,14,8,10:14:08,228,Tahap-2
01/14/2025,10,14,8,10:14:08,248,Tahap-2
01/14/2025,10,14,8,10:14:08,144,Tahap-2
01/14/2025,10,14,8,10:14:08,240,Tahap-2
01/14/2025,10,14,8,10:14:08,228,Tahap-2
01/14/2025,10,14,8,10:14:08,56,Tahap-2
01/14/2025,10,14,8,10:14:08,220,Tahap-2
01/14/2025,10,14,8,10:14:08,144,Tahap-2
01/14/2025,10,14,9,10:14:09,292,Tahap-2
01/14/2025,10,14,9,10:14:09,100,Tahap-2
01/14/2025,10,14,9,10:14:09,232,Tahap-2
01/14/2025,10,14,9,10:14:09,124,Tahap-2
01/14/2025,10,14,9,10:14:09,200,Tahap-2
01/14/2025,10,14,9,10:14:09,164,Tahap-2
01/14/2025,10,14,9,10:14:09,272,Tahap-2
01/14/2025,10,14,9,10:14:09,164,Tahap-2
01/14/2025,10,14,9,10:14:09,276,Tahap-2
01/14/2025,10,14,9,10:14:09,40,Tahap-2
01/14/2025,10,14,10,10:14:10,288,Tahap-2
01/14/2025,10,14,10,10:14:10,196,Tahap-2
01/14/2025,10,14,10,10:14:10,140,Tahap-2
01/14/2025,10,14,10,10:14:10,268,Tahap-2
01/14/2025,10,14,10,10:14:10,200,Tahap-2
01/14/2025,10,14,10,10:14:10,140,Tahap-2
01/14/2025,10,14,10,10:14:10,200,Tahap-2
01/14/2025,10,14,10,10:14:10,252,Tahap-2
01/14/2025,10,14,10,10:14:10,116,Tahap-2
01/14/2025,10,14,10,10:14:10,248,Tahap-2
01/14/2025,10,14,11,10:14:11,216,Tahap-2
01/14/2025,10,14,11,10:14:11,232,Tahap-2
01/14/2025,10,14,12,10:14:12,208,Tahap-2
01/14/2025,10,14,12,10:14:12,264,Tahap-2
01/14/2025,10,14,12,10:14:12,172,Tahap-2
01/14/2025,10,14,35,10:14:35,2879,Tahap-2
01/14/2025,10,14,36,10:14:36,1626,Tahap-2
01/14/2025,10,14,36,10:14:36,345,Tahap-2
01/14/2025,10,14,36,10:14:36,1269,Tahap-2
01/14/2025,10,14,36,10:14:36,973,Tahap-2
01/14/2025,10,14,36,10:14:36,534,Tahap-2
01/14/2025,10,14,36,10:14:36,447,Tahap-2
01/14/2025,10,14,36,10:14:36,376,Tahap-2
01/14/2025,10,14,36,10:14:36,249,Tahap-2
01/14/2025,10,14,36,10:14:36,353,Tahap-2
01/14/2025,10,14,36,10:14:36,349,Tahap-2
01/14/2025,10,14,37,10:14:37,217,Tahap-2
01/14/2025,10,14,37,10:14:37,211,Tahap-2
01/14/2025,10,14,37,10:14:37,230,Tahap-2
01/14/2025,10,14,37,10:14:37,251,Tahap-2
01/14/2025,10,14,37,10:14:37,261,Tahap-2
01/14/2025,10,14,37,10:14:37,291,Tahap-2
01/14/2025,10,14,37,10:14:37,239,Tahap-2
01/14/2025,10,14,37,10:14:37,398,Tahap-2
01/14/2025,10,14,37,10:14:37,181,Tahap-2
01/14/2025,10,14,37,10:14:37,285,Tahap-2
01/14/2025,10,14,38,10:14:38,279,Tahap-2
01/14/2025,10,14,38,10:14:38,102,Tahap-2
01/14/2025,10,14,38,10:14:38,133,Tahap-2
01/14/2025,10,14,38,10:14:38,169,Tahap-2
01/14/2025,10,14,38,10:14:38,148,Tahap-2
01/14/2025,10,14,38,10:14:38,327,Tahap-2
01/14/2025,10,14,38,10:14:38,270,Tahap-2
01/14/2025,10,14,38,10:14:38,47,Tahap-2
01/14/2025,10,14,38,10:14:38,274,Tahap-2
01/14/2025,10,14,38,10:14:38,171,Tahap-2
01/14/2025,10,14,39,10:14:39,99,Tahap-2
01/14/2025,10,14,39,10:14:39,106,Tahap-2
01/14/2025,10,14,39,10:14:39,120,Tahap-2
01/14/2025,10,14,39,10:14:39,231,Tahap-2
01/14/2025,10,14,39,10:14:39,132,Tahap-2
01/14/2025,10,14,39,10:14:39,123,Tahap-2
01/14/2025,10,14,39,10:14:39,124,Tahap-2
01/14/2025,10,14,39,10:14:39,229,Tahap-2
01/14/2025,10,14,39,10:14:39,161,Tahap-2
01/14/2025,10,14,39,10:14:39,102,Tahap-2
01/14/2025,10,14,40,10:14:40,195,Tahap-2
01/14/2025,10,14,40,10:14:40,393,Tahap-2
01/14/2025,10,14,40,10:14:40,162,Tahap-2
01/14/2025,10,14,40,10:14:40,147,Tahap-2
01/14/2025,10,14,40,10:14:40,84,Tahap-2
01/14/2025,10,14,40,10:14:40,177,Tahap-2
01/14/2025,10,14,40,10:14:40,470,Tahap-2
01/14/2025,10,14,40,10:14:40,177,Tahap-2
01/14/2025,10,14,40,10:14:40,31,Tahap-2
01/14/2025,10,14,40,10:14:40,145,Tahap-2
01/14/2025,10,14,41,10:14:41,64,Tahap-2
01/14/2025,10,14,41,10:14:41,213,Tahap-2
01/14/2025,10,14,42,10:14:42,104,Tahap-2
01/14/2025,10,14,42,10:14:42,139,Tahap-2
01/14/2025,10,14,42,10:14:42,138,Tahap-2
01/14/2025,10,14,42,10:14:42,100,Tahap-2
01/14/2025,10,14,42,10:14:42,53,Tahap-2
01/14/2025,10,14,42,10:14:42,75,Tahap-2
01/14/2025,10,14,42,10:14:42,205,Tahap-2
01/14/2025,10,14,42,10:14:42,21,Tahap-2
01/14/2025,10,14,42,10:14:42,113,Tahap-2
01/14/2025,10,14,42,10:14:42,63,Tahap-2
01/14/2025,10,14,42,10:14:42,142,Tahap-2
01/14/2025,10,14,42,10:14:42,297,Tahap-2
01/14/2025,10,14,42,10:14:42,183,Tahap-2
01/14/2025,10,14,42,10:14:42,192,Tahap-2
01/14/2025,10,14,42,10:14:42,171,Tahap-2
01/14/2025,10,14,42,10:14:42,192,Tahap-2
01/14/2025,10,14,42,10:14:42,158,Tahap-2
01/14/2025,10,14,42,10:14:42,209,Tahap-2
01/14/2025,10,14,43,10:14:43,379,Tahap-2
01/14/2025,10,14,43,10:14:43,573,Tahap-2
01/14/2025,10,14,43,10:14:43,583,Tahap-2
01/14/2025,10,14,43,10:14:43,154,Tahap-2
01/14/2025,10,14,43,10:14:43,217,Tahap-2
01/14/2025,10,14,43,10:14:43,374,Tahap-2
01/14/2025,10,14,43,10:14:43,47,Tahap-2
01/14/2025,10,14,43,10:14:43,164,Tahap-2
01/14/2025,10,14,43,10:14:43,158,Tahap-2
01/14/2025,10,14,43,10:14:43,172,Tahap-2
01/14/2025,10,14,44,10:14:44,219,Tahap-2
01/14/2025,10,14,44,10:14:44,120,Tahap-2
01/14/2025,10,14,44,10:14:44,230,Tahap-2
01/14/2025,10,14,44,10:14:44,430,Tahap-2
01/14/2025,10,14,44,10:14:44,428,Tahap-2
01/14/2025,10,14,44,10:14:44,896,Tahap-2
01/14/2025,10,14,44,10:14:44,271,Tahap-2
01/14/2025,10,14,44,10:14:44,136,Tahap-2
01/14/2025,10,14,44,10:14:44,119,Tahap-2
01/14/2025,10,14,44,10:14:44,255,Tahap-2
01/14/2025,10,14,45,10:14:45,260,Tahap-2
01/14/2025,10,14,45,10:14:45,71,Tahap-2
01/14/2025,10,14,45,10:14:45,234,Tahap-2
01/14/2025,10,14,45,10:14:45,120,Tahap-2
01/14/2025,10,14,45,10:14:45,360,Tahap-2
01/14/2025,10,14,45,10:14:45,206,Tahap-2
01/14/2025,10,14,45,10:14:45,702,Tahap-2
01/14/2025,10,14,45,10:14:45,1307,Tahap-2
01/14/2025,10,14,45,10:14:45,496,Tahap-2
01/14/2025,10,14,45,10:14:45,218,Tahap-2
01/14/2025,10,14,46,10:14:46,283,Tahap-2
01/14/2025,10,14,46,10:14:46,288,Tahap-2
01/14/2025,10,14,46,10:14:46,244,Tahap-2
01/14/2025,10,14,46,10:14:46,276,Tahap-2
01/14/2025,10,14,46,10:14:46,176,Tahap-2
01/14/2025,10,14,46,10:14:46,251,Tahap-2
01/14/2025,10,14,46,10:14:46,249,Tahap-2
01/14/2025,10,14,46,10:14:46,245,Tahap-2
01/14/2025,10,14,46,10:14:46,428,Tahap-2
01/14/2025,10,14,46,10:14:46,402,Tahap-2
01/14/2025,10,14,47,10:14:47,132,Tahap-2
01/14/2025,10,14,47,10:14:47,172,Tahap-2
01/14/2025,10,14,47,10:14:47,37,Tahap-2
01/14/2025,10,14,47,10:14:47,270,Tahap-2
01/14/2025,10,14,47,10:14:47,140,Tahap-2
01/14/2025,10,14,47,10:14:47,172,Tahap-2
01/14/2025,10,14,47,10:14:47,223,Tahap-2
01/14/2025,10,14,47,10:14:47,218,Tahap-2
01/14/2025,10,14,47,10:14:47,555,Tahap-2
01/14/2025,10,14,47,10:14:47,748,Tahap-2
01/14/2025,10,14,48,10:14:48,308,Tahap-2
01/14/2025,10,14,48,10:14:48,862,Tahap-2
01/14/2025,10,14,48,10:14:48,1136,Tahap-2
01/14/2025,10,14,48,10:14:48,512,Tahap-2
01/14/2025,10,14,48,10:14:48,757,Tahap-2
01/14/2025,10,14,48,10:14:48,433,Tahap-2
01/14/2025,10,14,48,10:14:48,104,Tahap-2
01/14/2025,10,14,48,10:14:48,160,Tahap-2
01/14/2025,10,14,48,10:14:48,-72,Tahap-2
01/14/2025,10,14,48,10:14:48,260,Tahap-2
01/14/2025,10,14,49,10:14:49,12,Tahap-2
01/14/2025,10,14,49,10:14:49,84,Tahap-2
01/14/2025,10,14,49,10:14:49,184,Tahap-2
01/14/2025,10,14,49,10:14:49,128,Tahap-2
01/14/2025,10,14,49,10:14:49,-16,Tahap-2
01/14/2025,10,14,49,10:14:49,184,Tahap-2
01/14/2025,10,14,49,10:14:49,8,Tahap-2
01/14/2025,10,14,49,10:14:49,136,Tahap-2
01/14/2025,10,14,49,10:14:49,20,Tahap-2
01/14/2025,10,14,49,10:14:49,164,Tahap-2
01/14/2025,10,14,50,10:14:50,48,Tahap-2
01/14/2025,10,14,50,10:14:50,-24,Tahap-2
01/14/2025,10,14,50,10:14:50,116,Tahap-2
01/14/2025,10,14,50,10:14:50,76,Tahap-2
01/14/2025,10,14,50,10:14:50,160,Tahap-2
01/14/2025,10,14,50,10:14:50,28,Tahap-2
01/14/2025,10,14,50,10:14:50,72,Tahap-2
01/14/2025,10,14,50,10:14:50,108,Tahap-2
01/14/2025,10,14,50,10:14:50,52,Tahap-2
01/14/2025,10,14,50,10:14:50,32,Tahap-2
01/14/2025,10,14,51,10:14:51,184,Tahap-2
01/14/2025,10,14,51,10:14:51,-112,Tahap-2
01/14/2025,10,14,51,10:14:51,96,Tahap-2
01/14/2025,10,14,51,10:14:51,80,Tahap-2
01/14/2025,10,14,51,10:14:51,40,Tahap-2
01/14/2025,10,14,51,10:14:51,24,Tahap-2
01/14/2025,10,14,51,10:14:51,124,Tahap-2
01/14/2025,10,14,51,10:14:51,-52,Tahap-2
01/14/2025,10,14,51,10:14:51,116,Tahap-2
01/14/2025,10,14,51,10:14:51,-4,Tahap-2
01/14/2025,10,14,52,10:14:52,128,Tahap-2
01/14/2025,10,14,52,10:14:52,-16,Tahap-2
01/14/2025,10,14,52,10:14:52,-16,Tahap-2
01/14/2025,10,14,52,10:14:52,40,Tahap-2
01/14/2025,10,14,52,10:14:52,40,Tahap-2
01/14/2025,10,14,52,10:14:52,24,Tahap-2
01/14/2025,10,14,52,10:14:52,72,Tahap-2
01/14/2025,10,14,52,10:14:52,-4,Tahap-2
01/14/2025,10,14,52,10:14:52,104,Tahap-2
01/14/2025,10,14,52,10:14:52,-12,Tahap-2
01/14/2025,10,14,53,10:14:53,48,Tahap-2
01/14/2025,10,14,53,10:14:53,124,Tahap-2
01/14/2025,10,14,53,10:14:53,-84,Tahap-2
01/14/2025,10,14,53,10:14:53,160,Tahap-2
01/14/2025,10,14,53,10:14:53,108,Tahap-2
01/14/2025,10,14,53,10:14:53,-8,Tahap-2
01/14/2025,10,14,53,10:14:53,88,Tahap-2
01/14/2025,10,14,53,10:14:53,148,Tahap-2
01/14/2025,10,14,53,10:14:53,-4,Tahap-2
01/14/2025,10,14,53,10:14:53,204,Tahap-2
01/14/2025,10,14,54,10:14:54,-28,Tahap-2
01/14/2025,10,14,54,10:14:54,180,Tahap-2
01/14/2025,10,14,54,10:14:54,4,Tahap-2
01/14/2025,10,14,54,10:14:54,104,Tahap-2
01/14/2025,10,14,54,10:14:54,128,Tahap-2
01/14/2025,10,14,54,10:14:54,144,Tahap-2
01/14/2025,10,14,54,10:14:54,68,Tahap-2
01/14/2025,10,14,54,10:14:54,48,Tahap-2
01/14/2025,10,14,54,10:14:54,48,Tahap-2
01/14/2025,10,14,54,10:14:54,88,Tahap-2
01/14/2025,10,14,54,10:14:54,-24,Tahap-2
01/14/2025,10,14,55,10:14:55,152,Tahap-2
01/14/2025,10,14,55,10:14:55,40,Tahap-2
01/14/2025,10,14,55,10:14:55,-64,Tahap-2
01/14/2025,10,14,55,10:14:55,160,Tahap-2
01/14/2025,10,14,55,10:14:55,80,Tahap-2
01/14/2025,10,14,55,10:14:55,72,Tahap-2
01/14/2025,10,14,55,10:14:55,84,Tahap-2
01/14/2025,10,14,55,10:14:55,48,Tahap-2
01/14/2025,10,14,55,10:14:55,-52,Tahap-2
01/14/2025,10,14,55,10:14:55,116,Tahap-2
01/14/2025,10,14,56,10:14:56,-60,Tahap-2
01/14/2025,10,14,56,10:14:56,188,Tahap-2
01/14/2025,10,14,56,10:14:56,-52,Tahap-2
01/14/2025,10,14,56,10:14:56,48,Tahap-2
01/14/2025,10,14,56,10:14:56,8,Tahap-2
01/14/2025,10,14,56,10:14:56,68,Tahap-2
01/14/2025,10,14,56,10:14:56,-20,Tahap-2
01/14/2025,10,14,56,10:14:56,112,Tahap-2
01/14/2025,10,14,56,10:14:56,-40,Tahap-2
01/14/2025,10,14,56,10:14:56,32,Tahap-2
01/14/2025,10,14,57,10:14:57,-100,Tahap-2
01/14/2025,10,14,57,10:14:57,132,Tahap-2
01/14/2025,10,14,57,10:14:57,-68,Tahap-2
01/14/2025,10,14,57,10:14:57,-72,Tahap-2
01/14/2025,10,14,57,10:14:57,60,Tahap-2
01/14/2025,10,14,57,10:14:57,16,Tahap-2
01/14/2025,10,14,57,10:14:57,-48,Tahap-2
01/14/2025,10,14,57,10:14:57,80,Tahap-2
01/14/2025,10,14,57,10:14:57,-72,Tahap-2
01/14/2025,10,14,57,10:14:57,-8,Tahap-2
01/14/2025,10,14,58,10:14:58,-8,Tahap-2
01/14/2025,10,14,58,10:14:58,-60,Tahap-2
01/14/2025,10,14,58,10:14:58,92,Tahap-2
01/14/2025,10,14,58,10:14:58,-116,Tahap-2
01/14/2025,10,14,58,10:14:58,64,Tahap-2
01/14/2025,10,14,58,10:14:58,24,Tahap-2
01/14/2025,10,14,58,10:14:58,68,Tahap-2
01/14/2025,10,14,58,10:14:58,-52,Tahap-2
01/14/2025,10,14,58,10:14:58,64,Tahap-2
01/14/2025,10,14,58,10:14:58,8,Tahap-2
01/14/2025,10,14,59,10:14:59,8,Tahap-2
01/14/2025,10,14,59,10:14:59,-24,Tahap-2
01/14/2025,10,14,59,10:14:59,140,Tahap-2
01/14/2025,10,14,59,10:14:59,-112,Tahap-2
01/14/2025,10,14,59,10:14:59,60,Tahap-2
01/14/2025,10,14,59,10:14:59,116,Tahap-2
01/14/2025,10,14,59,10:14:59,64,Tahap-2
01/14/2025,10,14,59,10:14:59,76,Tahap-2
01/14/2025,10,14,59,10:14:59,192,Tahap-2
01/14/2025,10,14,59,10:14:59,-12,Tahap-2
01/14/2025,10,15,1,10:15:01,244,Tahap-2
01/14/2025,10,15,1,10:15:01,-16,Tahap-2
01/14/2025,10,15,1,10:15:01,328,Tahap-2
01/14/2025,10,15,1,10:15:01,116,Tahap-2
01/14/2025,10,15,25,10:15:25,5977,Tahap-2
01/14/2025,10,15,25,10:15:25,505,Tahap-2
01/14/2025,10,15,26,10:15:26,534,Tahap-2
01/14/2025,10,15,26,10:15:26,391,Tahap-2
01/14/2025,10,15,26,10:15:26,556,Tahap-2
01/14/2025,10,15,26,10:15:26,361,Tahap-2
01/14/2025,10,15,26,10:15:26,270,Tahap-2
01/14/2025,10,15,26,10:15:26,116,Tahap-2
01/14/2025,10,15,26,10:15:26,306,Tahap-2
01/14/2025,10,15,26,10:15:26,183,Tahap-2
01/14/2025,10,15,26,10:15:26,182,Tahap-2
01/14/2025,10,15,26,10:15:26,218,Tahap-2
01/14/2025,10,15,27,10:15:27,75,Tahap-2
01/14/2025,10,15,27,10:15:27,137,Tahap-2
01/14/2025,10,15,27,10:15:27,150,Tahap-2
01/14/2025,10,15,27,10:15:27,130,Tahap-2
01/14/2025,10,15,27,10:15:27,118,Tahap-2
01/14/2025,10,15,27,10:15:27,160,Tahap-2
01/14/2025,10,15,27,10:15:27,170,Tahap-2
01/14/2025,10,15,27,10:15:27,39,Tahap-2
01/14/2025,10,15,27,10:15:27,127,Tahap-2
01/14/2025,10,15,27,10:15:27,49,Tahap-2
01/14/2025,10,15,28,10:15:28,131,Tahap-2
01/14/2025,10,15,28,10:15:28,201,Tahap-2
01/14/2025,10,15,28,10:15:28,83,Tahap-2
01/14/2025,10,15,28,10:15:28,112,Tahap-2
01/14/2025,10,15,28,10:15:28,196,Tahap-2
01/14/2025,10,15,28,10:15:28,315,Tahap-2
01/14/2025,10,15,28,10:15:28,325,Tahap-2
01/14/2025,10,15,28,10:15:28,656,Tahap-2
01/14/2025,10,15,28,10:15:28,257,Tahap-2
01/14/2025,10,15,28,10:15:28,31,Tahap-2
01/14/2025,10,15,29,10:15:29,118,Tahap-2
01/14/2025,10,15,29,10:15:29,138,Tahap-2
01/14/2025,10,15,29,10:15:29,67,Tahap-2
01/14/2025,10,15,29,10:15:29,123,Tahap-2
01/14/2025,10,15,29,10:15:29,131,Tahap-2
01/14/2025,10,15,29,10:15:29,72,Tahap-2
01/14/2025,10,15,29,10:15:29,84,Tahap-2
01/14/2025,10,15,29,10:15:29,74,Tahap-2
01/14/2025,10,15,29,10:15:29,24,Tahap-2
01/14/2025,10,15,29,10:15:29,174,Tahap-2
01/14/2025,10,15,30,10:15:30,356,Tahap-2
01/14/2025,10,15,30,10:15:30,179,Tahap-2
01/14/2025,10,15,30,10:15:30,94,Tahap-2
01/14/2025,10,15,30,10:15:30,49,Tahap-2
01/14/2025,10,15,30,10:15:30,75,Tahap-2
01/14/2025,10,15,30,10:15:30,167,Tahap-2
01/14/2025,10,15,30,10:15:30,129,Tahap-2
01/14/2025,10,15,30,10:15:30,176,Tahap-2
01/14/2025,10,15,30,10:15:30,68,Tahap-2
01/14/2025,10,15,30,10:15:30,18,Tahap-2
01/14/2025,10,15,31,10:15:31,117,Tahap-2
01/14/2025,10,15,31,10:15:31,63,Tahap-2
01/14/2025,10,15,31,10:15:31,121,Tahap-2
01/14/2025,10,15,31,10:15:31,87,Tahap-2
01/14/2025,10,15,31,10:15:31,129,Tahap-2
01/14/2025,10,15,31,10:15:31,84,Tahap-2
01/14/2025,10,15,31,10:15:31,261,Tahap-2
01/14/2025,10,15,31,10:15:31,274,Tahap-2
01/14/2025,10,15,31,10:15:31,192,Tahap-2
01/14/2025,10,15,31,10:15:31,113,Tahap-2
01/14/2025,10,15,32,10:15:32,92,Tahap-2
01/14/2025,10,15,32,10:15:32,147,Tahap-2
01/14/2025,10,15,32,10:15:32,111,Tahap-2
01/14/2025,10,15,32,10:15:32,184,Tahap-2
01/14/2025,10,15,32,10:15:32,83,Tahap-2
01/14/2025,10,15,32,10:15:32,150,Tahap-2
01/14/2025,10,15,32,10:15:32,171,Tahap-2
01/14/2025,10,15,32,10:15:32,153,Tahap-2
01/14/2025,10,15,32,10:15:32,82,Tahap-2
01/14/2025,10,15,32,10:15:32,219,Tahap-2
01/14/2025,10,15,33,10:15:33,306,Tahap-2
01/14/2025,10,15,33,10:15:33,502,Tahap-2
01/14/2025,10,15,33,10:15:33,577,Tahap-2
01/14/2025,10,15,33,10:15:33,154,Tahap-2
01/14/2025,10,15,33,10:15:33,395,Tahap-2
01/14/2025,10,15,33,10:15:33,339,Tahap-2
01/14/2025,10,15,33,10:15:33,100,Tahap-2
01/14/2025,10,15,33,10:15:33,151,Tahap-2
01/14/2025,10,15,33,10:15:33,18,Tahap-2
01/14/2025,10,15,33,10:15:33,167,Tahap-2
01/14/2025,10,15,34,10:15:34,545,Tahap-2
01/14/2025,10,15,34,10:15:34,448,Tahap-2
01/14/2025,10,15,34,10:15:34,363,Tahap-2
01/14/2025,10,15,34,10:15:34,287,Tahap-2
01/14/2025,10,15,34,10:15:34,1066,Tahap-2
01/14/2025,10,15,34,10:15:34,345,Tahap-2
01/14/2025,10,15,34,10:15:34,614,Tahap-2
01/14/2025,10,15,34,10:15:34,393,Tahap-2
01/14/2025,10,15,34,10:15:34,268,Tahap-2
01/14/2025,10,15,34,10:15:34,38,Tahap-2
01/14/2025,10,15,35,10:15:35,132,Tahap-2
01/14/2025,10,15,35,10:15:35,106,Tahap-2
01/14/2025,10,15,35,10:15:35,464,Tahap-2
01/14/2025,10,15,35,10:15:35,267,Tahap-2
01/14/2025,10,15,35,10:15:35,150,Tahap-2
01/14/2025,10,15,35,10:15:35,363,Tahap-2
01/14/2025,10,15,35,10:15:35,1332,Tahap-2
01/14/2025,10,15,35,10:15:35,578,Tahap-2
01/14/2025,10,15,35,10:15:35,211,Tahap-2
01/14/2025,10,15,35,10:15:35,124,Tahap-2
01/14/2025,10,15,36,10:15:36,181,Tahap-2
01/14/2025,10,15,36,10:15:36,75,Tahap-2
01/14/2025,10,15,36,10:15:36,244,Tahap-2
01/14/2025,10,15,36,10:15:36,139,Tahap-2
01/14/2025,10,15,36,10:15:36,129,Tahap-2
01/14/2025,10,15,36,10:15:36,71,Tahap-2
01/14/2025,10,15,36,10:15:36,146,Tahap-2
01/14/2025,10,15,36,10:15:36,132,Tahap-2
01/14/2025,10,15,36,10:15:36,107,Tahap-2
01/14/2025,10,15,36,10:15:36,226,Tahap-2
01/14/2025,10,15,37,10:15:37,225,Tahap-2
01/14/2025,10,15,37,10:15:37,292,Tahap-2
01/14/2025,10,15,37,10:15:37,227,Tahap-2
01/14/2025,10,15,37,10:15:37,26,Tahap-2
01/14/2025,10,15,37,10:15:37,142,Tahap-2
01/14/2025,10,15,37,10:15:37,83,Tahap-2
01/14/2025,10,15,37,10:15:37,459,Tahap-2
01/14/2025,10,15,37,10:15:37,200,Tahap-2
01/14/2025,10,15,37,10:15:37,659,Tahap-2
01/14/2025,10,15,37,10:15:37,561,Tahap-2
01/14/2025,10,15,38,10:15:38,634,Tahap-2
01/14/2025,10,15,38,10:15:38,970,Tahap-2
01/14/2025,10,15,38,10:15:38,174,Tahap-2
01/14/2025,10,15,38,10:15:38,299,Tahap-2
01/14/2025,10,15,38,10:15:38,230,Tahap-2
01/14/2025,10,15,38,10:15:38,416,Tahap-2
01/14/2025,10,15,38,10:15:38,48,Tahap-2
01/14/2025,10,15,38,10:15:38,172,Tahap-2
01/14/2025,10,15,38,10:15:38,200,Tahap-2
01/14/2025,10,15,38,10:15:38,228,Tahap-2
01/14/2025,10,15,39,10:15:39,56,Tahap-2
01/14/2025,10,15,39,10:15:39,352,Tahap-2
01/14/2025,10,15,39,10:15:39,156,Tahap-2
01/14/2025,10,15,39,10:15:39,240,Tahap-2
01/14/2025,10,15,39,10:15:39,164,Tahap-2
01/14/2025,10,15,39,10:15:39,260,Tahap-2
01/14/2025,10,15,39,10:15:39,116,Tahap-2
01/14/2025,10,15,39,10:15:39,140,Tahap-2
01/14/2025,10,15,39,10:15:39,308,Tahap-2
01/14/2025,10,15,39,10:15:39,200,Tahap-2
01/14/2025,10,15,40,10:15:40,244,Tahap-2
01/14/2025,10,15,40,10:15:40,204,Tahap-2
01/14/2025,10,15,40,10:15:40,208,Tahap-2
01/14/2025,10,15,40,10:15:40,184,Tahap-2
01/14/2025,10,15,40,10:15:40,128,Tahap-2
01/14/2025,10,15,40,10:15:40,148,Tahap-2
01/14/2025,10,15,40,10:15:40,296,Tahap-2
01/14/2025,10,15,40,10:15:40,68,Tahap-2
01/14/2025,10,15,40,10:15:40,244,Tahap-2
01/14/2025,10,15,40,10:15:40,216,Tahap-2
01/14/2025,10,15,41,10:15:41,128,Tahap-2
01/14/2025,10,15,41,10:15:41,200,Tahap-2
01/14/2025,10,15,42,10:15:42,180,Tahap-2
01/14/2025,10,15,42,10:15:42,116,Tahap-2
01/14/2025,10,15,42,10:15:42,164,Tahap-2
01/14/2025,10,15,42,10:15:42,176,Tahap-2
01/14/2025,10,15,42,10:15:42,304,Tahap-2
01/14/2025,10,15,42,10:15:42,96,Tahap-2
01/14/2025,10,15,42,10:15:42,168,Tahap-2
01/14/2025,10,15,42,10:15:42,200,Tahap-2
01/14/2025,10,15,42,10:15:42,128,Tahap-2
01/14/2025,10,15,42,10:15:42,164,Tahap-2
01/14/2025,10,15,42,10:15:42,216,Tahap-2
01/14/2025,10,15,42,10:15:42,88,Tahap-2
01/14/2025,10,15,42,10:15:42,248,Tahap-2
01/14/2025,10,15,42,10:15:42,80,Tahap-2
01/14/2025,10,15,42,10:15:42,244,Tahap-2
01/14/2025,10,15,42,10:15:42,160,Tahap-2
01/14/2025,10,15,42,10:15:42,68,Tahap-2
01/14/2025,10,15,42,10:15:42,204,Tahap-2
01/14/2025,10,15,43,10:15:43,128,Tahap-2
01/14/2025,10,15,43,10:15:43,-4,Tahap-2
01/14/2025,10,15,43,10:15:43,200,Tahap-2
01/14/2025,10,15,43,10:15:43,76,Tahap-2
01/14/2025,10,15,43,10:15:43,112,Tahap-2
01/14/2025,10,15,43,10:15:43,128,Tahap-2
01/14/2025,10,15,43,10:15:43,52,Tahap-2
01/14/2025,10,15,43,10:15:43,136,Tahap-2
01/14/2025,10,15,43,10:15:43,-24,Tahap-2
01/14/2025,10,15,43,10:15:43,124,Tahap-2
01/14/2025,10,15,44,10:15:44,92,Tahap-2
01/14/2025,10,15,44,10:15:44,164,Tahap-2
01/14/2025,10,15,44,10:15:44,120,Tahap-2
01/14/2025,10,15,44,10:15:44,76,Tahap-2
01/14/2025,10,15,44,10:15:44,84,Tahap-2
01/14/2025,10,15,44,10:15:44,144,Tahap-2
01/14/2025,10,15,44,10:15:44,-40,Tahap-2
01/14/2025,10,15,44,10:15:44,208,Tahap-2
01/14/2025,10,15,44,10:15:44,-24,Tahap-2
01/14/2025,10,15,44,10:15:44,16,Tahap-2
01/14/2025,10,15,45,10:15:45,144,Tahap-2
01/14/2025,10,15,45,10:15:45,88,Tahap-2
01/14/2025,10,15,45,10:15:45,12,Tahap-2
01/14/2025,10,15,45,10:15:45,180,Tahap-2
01/14/2025,10,15,45,10:15:45,-52,Tahap-2
01/14/2025,10,15,45,10:15:45,48,Tahap-2
01/14/2025,10,15,45,10:15:45,104,Tahap-2
01/14/2025,10,15,45,10:15:45,12,Tahap-2
01/14/2025,10,15,45,10:15:45,-8,Tahap-2
01/14/2025,10,15,46,10:15:46,68,Tahap-2
01/14/2025,10,15,46,10:15:46,48,Tahap-2
01/14/2025,10,15,46,10:15:46,-60,Tahap-2
01/14/2025,10,15,46,10:15:46,52,Tahap-2
01/14/2025,10,15,46,10:15:46,-56,Tahap-2
01/14/2025,10,15,46,10:15:46,88,Tahap-2
01/14/2025,10,15,46,10:15:46,-96,Tahap-2
01/14/2025,10,15,46,10:15:46,-56,Tahap-2
01/14/2025,10,15,46,10:15:46,60,Tahap-2
01/14/2025,10,15,46,10:15:46,-140,Tahap-2
01/14/2025,10,15,47,10:15:47,-4,Tahap-2
01/14/2025,10,15,47,10:15:47,48,Tahap-2
01/14/2025,10,15,47,10:15:47,-120,Tahap-2
01/14/2025,10,15,47,10:15:47,-72,Tahap-2
01/14/2025,10,15,47,10:15:47,4,Tahap-2
01/14/2025,10,15,47,10:15:47,-168,Tahap-2
01/14/2025,10,15,47,10:15:47,32,Tahap-2
01/14/2025,10,15,47,10:15:47,-128,Tahap-2
01/14/2025,10,15,47,10:15:47,40,Tahap-2
01/14/2025,10,15,47,10:15:47,-184,Tahap-2
01/14/2025,10,15,48,10:15:48,-76,Tahap-2
01/14/2025,10,15,48,10:15:48,-52,Tahap-2
01/14/2025,10,15,48,10:15:48,-68,Tahap-2
01/14/2025,10,15,48,10:15:48,-48,Tahap-2
01/14/2025,10,15,48,10:15:48,-104,Tahap-2
01/14/2025,10,15,48,10:15:48,-96,Tahap-2
01/14/2025,10,15,48,10:15:48,-36,Tahap-2
01/14/2025,10,15,48,10:15:48,-196,Tahap-2
01/14/2025,10,15,48,10:15:48,8,Tahap-2
01/14/2025,10,15,48,10:15:48,-100,Tahap-2
01/14/2025,10,15,49,10:15:49,-228,Tahap-2
01/14/2025,10,15,49,10:15:49,12,Tahap-2
01/14/2025,10,15,49,10:15:49,-108,Tahap-2
01/14/2025,10,15,49,10:15:49,-152,Tahap-2
01/14/2025,10,15,49,10:15:49,12,Tahap-2
01/14/2025,10,15,49,10:15:49,-128,Tahap-2
01/14/2025,10,15,49,10:15:49,-164,Tahap-2
01/14/2025,10,15,49,10:15:49,-68,Tahap-2
01/14/2025,10,15,49,10:15:49,-228,Tahap-2
01/14/2025,10,15,49,10:15:49,-28,Tahap-2
01/14/2025,10,15,50,10:15:50,-188,Tahap-2
01/14/2025,10,15,50,10:15:50,-108,Tahap-2
01/14/2025,10,15,50,10:15:50,-120,Tahap-2
01/14/2025,10,15,50,10:15:50,-104,Tahap-2
01/14/2025,10,15,50,10:15:50,-120,Tahap-2
01/14/2025,10,15,50,10:15:50,-80,Tahap-2
01/14/2025,10,15,50,10:15:50,-132,Tahap-2
01/14/2025,10,15,50,10:15:50,-144,Tahap-2
01/14/2025,10,15,50,10:15:50,-224,Tahap-2
01/14/2025,10,15,50,10:15:50,4,Tahap-2
01/14/2025,10,15,51,10:15:51,-208,Tahap-2
01/14/2025,10,15,51,10:15:51,-128,Tahap-2
01/14/2025,10,15,51,10:15:51,-48,Tahap-2
01/14/2025,10,15,51,10:15:51,-172,Tahap-2
01/14/2025,10,16,15,10:16:15,4325,Tahap-2
01/14/2025,10,16,15,10:16:15,1449,Tahap-2
01/14/2025,10,16,15,10:16:15,551,Tahap-2
01/14/2025,10,16,16,10:16:16,351,Tahap-2
01/14/2025,10,16,16,10:16:16,370,Tahap-2
01/14/2025,10,16,16,10:16:16,487,Tahap-2
01/14/2025,10,16,16,10:16:16,222,Tahap-2
01/14/2025,10,16,16,10:16:16,186,Tahap-2
01/14/2025,10,16,16,10:16:16,202,Tahap-2
01/14/2025,10,16,16,10:16:16,158,Tahap-2
01/14/2025,10,16,16,10:16:16,247,Tahap-2
01/14/2025,10,16,16,10:16:16,237,Tahap-2
01/14/2025,10,16,16,10:16:16,243,Tahap-2
01/14/2025,10,16,17,10:16:17,273,Tahap-2
01/14/2025,10,16,17,10:16:17,167,Tahap-2
01/14/2025,10,16,17,10:16:17,30,Tahap-2
01/14/2025,10,16,17,10:16:17,53,Tahap-2
01/14/2025,10,16,17,10:16:17,95,Tahap-2
01/14/2025,10,16,17,10:16:17,109,Tahap-2
01/14/2025,10,16,17,10:16:17,162,Tahap-2
01/14/2025,10,16,17,10:16:17,139,Tahap-2
01/14/2025,10,16,17,10:16:17,38,Tahap-2
01/14/2025,10,16,17,10:16:17,65,Tahap-2
01/14/2025,10,16,18,10:16:18,371,Tahap-2
01/14/2025,10,16,18,10:16:18,141,Tahap-2
01/14/2025,10,16,18,10:16:18,35,Tahap-2
01/14/2025,10,16,18,10:16:18,140,Tahap-2
01/14/2025,10,16,18,10:16:18,158,Tahap-2
01/14/2025,10,16,18,10:16:18,60,Tahap-2
01/14/2025,10,16,18,10:16:18,209,Tahap-2
01/14/2025,10,16,18,10:16:18,60,Tahap-2
01/14/2025,10,16,18,10:16:18,26,Tahap-2
01/14/2025,10,16,18,10:16:18,108,Tahap-2
01/14/2025,10,16,19,10:16:19,123,Tahap-2
01/14/2025,10,16,19,10:16:19,188,Tahap-2
01/14/2025,10,16,19,10:16:19,92,Tahap-2
01/14/2025,10,16,19,10:16:19,91,Tahap-2
01/14/2025,10,16,19,10:16:19,119,Tahap-2
01/14/2025,10,16,19,10:16:19,79,Tahap-2
01/14/2025,10,16,19,10:16:19,79,Tahap-2
01/14/2025,10,16,19,10:16:19,193,Tahap-2
01/14/2025,10,16,19,10:16:19,132,Tahap-2
01/14/2025,10,16,19,10:16:19,312,Tahap-2
01/14/2025,10,16,20,10:16:20,118,Tahap-2
01/14/2025,10,16,20,10:16:20,14,Tahap-2
01/14/2025,10,16,20,10:16:20,116,Tahap-2
01/14/2025,10,16,20,10:16:20,100,Tahap-2
01/14/2025,10,16,20,10:16:20,149,Tahap-2
01/14/2025,10,16,20,10:16:20,344,Tahap-2
01/14/2025,10,16,20,10:16:20,50,Tahap-2
01/14/2025,10,16,20,10:16:20,34,Tahap-2
01/14/2025,10,16,20,10:16:20,46,Tahap-2
01/14/2025,10,16,20,10:16:20,88,Tahap-2
01/14/2025,10,16,21,10:16:21,29,Tahap-2
01/14/2025,10,16,21,10:16:21,55,Tahap-2
01/14/2025,10,16,21,10:16:21,48,Tahap-2
01/14/2025,10,16,21,10:16:21,22,Tahap-2
01/14/2025,10,16,21,10:16:21,80,Tahap-2
01/14/2025,10,16,21,10:16:21,14,Tahap-2
01/14/2025,10,16,21,10:16:21,161,Tahap-2
01/14/2025,10,16,21,10:16:21,63,Tahap-2
01/14/2025,10,16,21,10:16:21,76,Tahap-2
01/14/2025,10,16,21,10:16:21,68,Tahap-2
01/14/2025,10,16,22,10:16:22,163,Tahap-2
01/14/2025,10,16,22,10:16:22,143,Tahap-2
01/14/2025,10,16,22,10:16:22,112,Tahap-2
01/14/2025,10,16,22,10:16:22,157,Tahap-2
01/14/2025,10,16,22,10:16:22,129,Tahap-2
01/14/2025,10,16,22,10:16:22,167,Tahap-2
01/14/2025,10,16,22,10:16:22,214,Tahap-2
01/14/2025,10,16,22,10:16:22,258,Tahap-2
01/14/2025,10,16,22,10:16:22,191,Tahap-2
01/14/2025,10,16,22,10:16:22,370,Tahap-2
01/14/2025,10,16,23,10:16:23,622,Tahap-2
01/14/2025,10,16,23,10:16:23,359,Tahap-2
01/14/2025,10,16,23,10:16:23,270,Tahap-2
01/14/2025,10,16,23,10:16:23,202,Tahap-2
01/14/2025,10,16,23,10:16:23,110,Tahap-2
01/14/2025,10,16,23,10:16:23,200,Tahap-2
01/14/2025,10,16,23,10:16:23,51,Tahap-2
01/14/2025,10,16,23,10:16:23,82,Tahap-2
01/14/2025,10,16,23,10:16:23,122,Tahap-2
01/14/2025,10,16,23,10:16:23,155,Tahap-2
01/14/2025,10,16,24,10:16:24,185,Tahap-2
01/14/2025,10,16,24,10:16:24,374,Tahap-2
01/14/2025,10,16,24,10:16:24,755,Tahap-2
01/14/2025,10,16,24,10:16:24,746,Tahap-2
01/14/2025,10,16,24,10:16:24,427,Tahap-2
01/14/2025,10,16,24,10:16:24,179,Tahap-2
01/14/2025,10,16,24,10:16:24,171,Tahap-2
01/14/2025,10,16,24,10:16:24,95,Tahap-2
01/14/2025,10,16,24,10:16:24,72,Tahap-2
01/14/2025,10,16,24,10:16:24,297,Tahap-2
01/14/2025,10,16,25,10:16:25,143,Tahap-2
01/14/2025,10,16,25,10:16:25,166,Tahap-2
01/14/2025,10,16,25,10:16:25,434,Tahap-2
01/14/2025,10,16,25,10:16:25,515,Tahap-2
01/14/2025,10,16,25,10:16:25,1027,Tahap-2
01/14/2025,10,16,25,10:16:25,784,Tahap-2
01/14/2025,10,16,25,10:16:25,167,Tahap-2
01/14/2025,10,16,25,10:16:25,326,Tahap-2
01/14/2025,10,16,25,10:16:25,314,Tahap-2
01/14/2025,10,16,25,10:16:25,96,Tahap-2
01/14/2025,10,16,26,10:16:26,109,Tahap-2
01/14/2025,10,16,26,10:16:26,133,Tahap-2
01/14/2025,10,16,26,10:16:26,234,Tahap-2
01/14/2025,10,16,26,10:16:26,111,Tahap-2
01/14/2025,10,16,26,10:16:26,56,Tahap-2
01/14/2025,10,16,26,10:16:26,346,Tahap-2
01/14/2025,10,16,26,10:16:26,203,Tahap-2
01/14/2025,10,16,26,10:16:26,209,Tahap-2
01/14/2025,10,16,26,10:16:26,160,Tahap-2
01/14/2025,10,16,26,10:16:26,19,Tahap-2
01/14/2025,10,16,27,10:16:27,101,Tahap-2
01/14/2025,10,16,27,10:16:27,271,Tahap-2
01/14/2025,10,16,27,10:16:27,186,Tahap-2
01/14/2025,10,16,27,10:16:27,169,Tahap-2
01/14/2025,10,16,27,10:16:27,21,Tahap-2
01/14/2025,10,16,27,10:16:27,373,Tahap-2
01/14/2025,10,16,27,10:16:27,315,Tahap-2
01/14/2025,10,16,27,10:16:27,1026,Tahap-2
01/14/2025,10,16,27,10:16:27,320,Tahap-2
01/14/2025,10,16,27,10:16:27,1586,Tahap-2
01/14/2025,10,16,28,10:16:28,190,Tahap-2
01/14/2025,10,16,28,10:16:28,547,Tahap-2
01/14/2025,10,16,28,10:16:28,435,Tahap-2
01/14/2025,10,16,28,10:16:28,288,Tahap-2
01/14/2025,10,16,28,10:16:28,4,Tahap-2
01/14/2025,10,16,28,10:16:28,80,Tahap-2
01/14/2025,10,16,28,10:16:28,-80,Tahap-2
01/14/2025,10,16,28,10:16:28,68,Tahap-2
01/14/2025,10,16,28,10:16:28,44,Tahap-2
01/14/2025,10,16,28,10:16:28,52,Tahap-2
01/14/2025,10,16,29,10:16:29,24,Tahap-2
01/14/2025,10,16,29,10:16:29,36,Tahap-2
01/14/2025,10,16,29,10:16:29,-96,Tahap-2
01/14/2025,10,16,29,10:16:29,120,Tahap-2
01/14/2025,10,16,29,10:16:29,-136,Tahap-2
01/14/2025,10,16,29,10:16:29,108,Tahap-2
01/14/2025,10,16,29,10:16:29,-16,Tahap-2
01/14/2025,10,16,29,10:16:29,-68,Tahap-2
01/14/2025,10,16,29,10:16:29,52,Tahap-2
01/14/2025,10,16,30,10:16:30,-24,Tahap-2
01/14/2025,10,16,30,10:16:30,64,Tahap-2
01/14/2025,10,16,30,10:16:30,-16,Tahap-2
01/14/2025,10,16,30,10:16:30,-16,Tahap-2
01/14/2025,10,16,30,10:16:30,-72,Tahap-2
01/14/2025,10,16,30,10:16:30,12,Tahap-2
01/14/2025,10,16,30,10:16:30,-128,Tahap-2
01/14/2025,10,16,30,10:16:30,76,Tahap-2
01/14/2025,10,16,30,10:16:30,-32,Tahap-2
01/14/2025,10,16,31,10:16:31,-32,Tahap-2
01/14/2025,10,16,31,10:16:31,12,Tahap-2
01/14/2025,10,16,31,10:16:31,-36,Tahap-2
01/14/2025,10,16,31,10:16:31,-76,Tahap-2
01/14/2025,10,16,31,10:16:31,-160,Tahap-2
01/14/2025,10,16,31,10:16:31,72,Tahap-2
01/14/2025,10,16,31,10:16:31,-132,Tahap-2
01/14/2025,10,16,31,10:16:31,-16,Tahap-2
01/14/2025,10,16,31,10:16:31,-4,Tahap-2
01/14/2025,10,16,32,10:16:32,28,Tahap-2
01/14/2025,10,16,32,10:16:32,-140,Tahap-2
01/14/2025,10,16,32,10:16:32,52,Tahap-2
01/14/2025,10,16,32,10:16:32,-100,Tahap-2
01/14/2025,10,16,32,10:16:32,-36,Tahap-2
01/14/2025,10,16,32,10:16:32,-108,Tahap-2
01/14/2025,10,16,32,10:16:32,40,Tahap-2
01/14/2025,10,16,32,10:16:32,-80,Tahap-2
01/14/2025,10,16,32,10:16:32,-120,Tahap-2
01/14/2025,10,16,32,10:16:32,24,Tahap-2
01/14/2025,10,16,33,10:16:33,-60,Tahap-2
01/14/2025,10,16,33,10:16:33,-24,Tahap-2
01/14/2025,10,16,33,10:16:33,-12,Tahap-2
01/14/2025,10,16,33,10:16:33,-104,Tahap-2
01/14/2025,10,16,33,10:16:33,-20,Tahap-2
01/14/2025,10,16,33,10:16:33,-44,Tahap-2
01/14/2025,10,16,33,10:16:33,-120,Tahap-2
01/14/2025,10,16,33,10:16:33,60,Tahap-2
01/14/2025,10,16,33,10:16:33,-152,Tahap-2
01/14/2025,10,16,33,10:16:33,-76,Tahap-2
01/14/2025,10,16,34,10:16:34,-24,Tahap-2
01/14/2025,10,16,34,10:16:34,-16,Tahap-2
01/14/2025,10,16,34,10:16:34,-80,Tahap-2
01/14/2025,10,16,34,10:16:34,20,Tahap-2
01/14/2025,10,16,34,10:16:34,-144,Tahap-2
01/14/2025,10,16,34,10:16:34,-64,Tahap-2
01/14/2025,10,16,34,10:16:34,-148,Tahap-2
01/14/2025,10,16,34,10:16:34,24,Tahap-2
01/14/2025,10,16,34,10:16:34,-184,Tahap-2
01/14/2025,10,16,34,10:16:34,-76,Tahap-2
01/14/2025,10,16,35,10:16:35,-88,Tahap-2
01/14/2025,10,16,35,10:16:35,-104,Tahap-2
01/14/2025,10,16,35,10:16:35,-96,Tahap-2
01/14/2025,10,16,35,10:16:35,-52,Tahap-2
01/14/2025,10,16,35,10:16:35,-180,Tahap-2
01/14/2025,10,16,35,10:16:35,-64,Tahap-2
01/14/2025,10,16,35,10:16:35,-184,Tahap-2
01/14/2025,10,16,35,10:16:35,-164,Tahap-2
01/14/2025,10,16,35,10:16:35,28,Tahap-2
01/14/2025,10,16,35,10:16:35,-344,Tahap-2
01/14/2025,10,16,36,10:16:36,-44,Tahap-2
01/14/2025,10,16,36,10:16:36,-88,Tahap-2
01/14/2025,10,16,36,10:16:36,-104,Tahap-2
01/14/2025,10,16,36,10:16:36,-212,Tahap-2
01/14/2025,10,16,36,10:16:36,-4,Tahap-2
01/14/2025,10,16,36,10:16:36,-240,Tahap-2
01/14/2025,10,16,36,10:16:36,-84,Tahap-2
01/14/2025,10,16,36,10:16:36,-240,Tahap-2
01/14/2025,10,16,36,10:16:36,-96,Tahap-2
01/14/2025,10,16,36,10:16:36,-116,Tahap-2
01/14/2025,10,16,37,10:16:37,-132,Tahap-2
01/14/2025,10,16,37,10:16:37,-136,Tahap-2
01/14/2025,10,16,37,10:16:37,-184,Tahap-2
01/14/2025,10,16,37,10:16:37,4,Tahap-2
01/14/2025,10,16,37,10:16:37,-316,Tahap-2
01/14/2025,10,16,37,10:16:37,-84,Tahap-2
01/14/2025,10,16,37,10:16:37,-104,Tahap-2
01/14/2025,10,16,37,10:16:37,-96,Tahap-2
01/14/2025,10,16,37,10:16:37,-168,Tahap-2
01/14/2025,10,16,38,10:16:38,-272,Tahap-2
01/14/2025,10,16,38,10:16:38,-4,Tahap-2
01/14/2025,10,16,38,10:16:38,-292,Tahap-2
01/14/2025,10,16,38,10:16:38,-20,Tahap-2
01/14/2025,10,16,38,10:16:38,-220,Tahap-2
01/14/2025,10,16,38,10:16:38,-72,Tahap-2
01/14/2025,10,16,38,10:16:38,-272,Tahap-2
01/14/2025,10,16,38,10:16:38,-92,Tahap-2
01/14/2025,10,16,38,10:16:38,-264,Tahap-2
01/14/2025,10,16,38,10:16:38,-156,Tahap-2
01/14/2025,10,16,39,10:16:39,-216,Tahap-2
01/14/2025,10,16,39,10:16:39,-92,Tahap-2
01/14/2025,10,16,39,10:16:39,-296,Tahap-2
01/14/2025,10,16,39,10:16:39,-120,Tahap-2
01/14/2025,10,16,39,10:16:39,-44,Tahap-2
01/14/2025,10,16,39,10:16:39,-260,Tahap-2
01/14/2025,10,16,39,10:16:39,-72,Tahap-2
01/14/2025,10,16,39,10:16:39,-140,Tahap-2
01/14/2025,10,16,39,10:16:39,-244,Tahap-2
01/14/2025,10,16,39,10:16:39,-184,Tahap-2
01/14/2025,10,16,39,10:16:39,-124,Tahap-2
01/14/2025,10,16,40,10:16:40,-252,Tahap-2
01/14/2025,10,16,40,10:16:40,-88,Tahap-2
01/14/2025,10,16,40,10:16:40,-248,Tahap-2
01/14/2025,10,16,40,10:16:40,-32,Tahap-2
01/14/2025,10,16,40,10:16:40,-308,Tahap-2
01/14/2025,10,16,40,10:16:40,-100,Tahap-2
01/14/2025,10,16,40,10:16:40,-168,Tahap-2
01/14/2025,10,16,40,10:16:40,-152,Tahap-2
01/14/2025,10,16,40,10:16:40,-196,Tahap-2
01/14/2025,10,16,41,10:16:41,-196,Tahap-2
01/14/2025,10,16,41,10:16:41,-244,Tahap-2
01/14/2025,10,16,41,10:16:41,-136,Tahap-2
01/14/2025,10,17,5,10:17:05,163,Tahap-2
01/14/2025,10,17,5,10:17:05,1583,Tahap-2
01/14/2025,10,17,5,10:17:05,93,Tahap-2
01/14/2025,10,17,5,10:17:05,506,Tahap-2
01/14/2025,10,17,6,10:17:06,26,Tahap-2
01/14/2025,10,17,6,10:17:06,43,Tahap-2
01/14/2025,10,17,6,10:17:06,202,Tahap-2
01/14/2025,10,17,6,10:17:06,125,Tahap-2
01/14/2025,10,17,6,10:17:06,68,Tahap-2
01/14/2025,10,17,6,10:17:06,50,Tahap-2
01/14/2025,10,17,6,10:17:06,99,Tahap-2
01/14/2025,10,17,6,10:17:06,141,Tahap-2
01/14/2025,10,17,6,10:17:06,111,Tahap-2
01/14/2025,10,17,6,10:17:06,66,Tahap-2
01/14/2025,10,17,7,10:17:07,33,Tahap-2
01/14/2025,10,17,7,10:17:07,40,Tahap-2
01/14/2025,10,17,7,10:17:07,18,Tahap-2
01/14/2025,10,17,7,10:17:07,19,Tahap-2
01/14/2025,10,17,7,10:17:07,116,Tahap-2
01/14/2025,10,17,7,10:17:07,65,Tahap-2
01/14/2025,10,17,7,10:17:07,21,Tahap-2
01/14/2025,10,17,7,10:17:07,37,Tahap-2
01/14/2025,10,17,7,10:17:07,114,Tahap-2
01/14/2025,10,17,7,10:17:07,240,Tahap-2
01/14/2025,10,17,8,10:17:08,44,Tahap-2
01/14/2025,10,17,8,10:17:08,54,Tahap-2
01/14/2025,10,17,8,10:17:08,91,Tahap-2
01/14/2025,10,17,8,10:17:08,33,Tahap-2
01/14/2025,10,17,8,10:17:08,114,Tahap-2
01/14/2025,10,17,8,10:17:08,187,Tahap-2
01/14/2025,10,17,8,10:17:08,132,Tahap-2
01/14/2025,10,17,8,10:17:08,41,Tahap-2
01/14/2025,10,17,8,10:17:08,19,Tahap-2
01/14/2025,10,17,8,10:17:08,83,Tahap-2
01/14/2025,10,17,9,10:17:09,41,Tahap-2
01/14/2025,10,17,9,10:17:09,89,Tahap-2
01/14/2025,10,17,9,10:17:09,36,Tahap-2
01/14/2025,10,17,9,10:17:09,71,Tahap-2
01/14/2025,10,17,9,10:17:09,56,Tahap-2
01/14/2025,10,17,9,10:17:09,29,Tahap-2
01/14/2025,10,17,9,10:17:09,52,Tahap-2
01/14/2025,10,17,9,10:17:09,52,Tahap-2
01/14/2025,10,17,9,10:17:09,177,Tahap-2
01/14/2025,10,17,9,10:17:09,109,Tahap-2
01/14/2025,10,17,10,10:17:10,132,Tahap-2
01/14/2025,10,17,10,10:17:10,70,Tahap-2
01/14/2025,10,17,10,10:17:10,189,Tahap-2
01/14/2025,10,17,10,10:17:10,191,Tahap-2
01/14/2025,10,17,10,10:17:10,227,Tahap-2
01/14/2025,10,17,10,10:17:10,137,Tahap-2
01/14/2025,10,17,10,10:17:10,87,Tahap-2
01/14/2025,10,17,10,10:17:10,147,Tahap-2
01/14/2025,10,17,10,10:17:10,18,Tahap-2
01/14/2025,10,17,10,10:17:10,87,Tahap-2
01/14/2025,10,17,11,10:17:11,163,Tahap-2
01/14/2025,10,17,11,10:17:11,39,Tahap-2
01/14/2025,10,17,12,10:17:12,93,Tahap-2
01/14/2025,10,17,12,10:17:12,99,Tahap-2
01/14/2025,10,17,12,10:17:12,65,Tahap-2
01/14/2025,10,17,12,10:17:12,71,Tahap-2
01/14/2025,10,17,12,10:17:12,147,Tahap-2
01/14/2025,10,17,12,10:17:12,110,Tahap-2
01/14/2025,10,17,12,10:17:12,90,Tahap-2
01/14/2025,10,17,12,10:17:12,137,Tahap-2
01/14/2025,10,17,12,10:17:12,91,Tahap-2
01/14/2025,10,17,12,10:17:12,168,Tahap-2
01/14/2025,10,17,12,10:17:12,164,Tahap-2
01/14/2025,10,17,12,10:17:12,153,Tahap-2
01/14/2025,10,17,12,10:17:12,145,Tahap-2
01/14/2025,10,17,12,10:17:12,104,Tahap-2
01/14/2025,10,17,12,10:17:12,313,Tahap-2
01/14/2025,10,17,12,10:17:12,100,Tahap-2
01/14/2025,10,17,12,10:17:12,320,Tahap-2
01/14/2025,10,17,12,10:17:12,405,Tahap-2
01/14/2025,10,17,13,10:17:13,749,Tahap-2
01/14/2025,10,17,13,10:17:13,222,Tahap-2
01/14/2025,10,17,13,10:17:13,94,Tahap-2
01/14/2025,10,17,13,10:17:13,135,Tahap-2
01/14/2025,10,17,13,10:17:13,255,Tahap-2
01/14/2025,10,17,13,10:17:13,134,Tahap-2
01/14/2025,10,17,13,10:17:13,79,Tahap-2
01/14/2025,10,17,13,10:17:13,169,Tahap-2
01/14/2025,10,17,13,10:17:13,134,Tahap-2
01/14/2025,10,17,13,10:17:13,189,Tahap-2
01/14/2025,10,17,14,10:17:14,293,Tahap-2
01/14/2025,10,17,14,10:17:14,693,Tahap-2
01/14/2025,10,17,14,10:17:14,773,Tahap-2
01/14/2025,10,17,14,10:17:14,332,Tahap-2
01/14/2025,10,17,14,10:17:14,240,Tahap-2
01/14/2025,10,17,14,10:17:14,40,Tahap-2
01/14/2025,10,17,14,10:17:14,118,Tahap-2
01/14/2025,10,17,14,10:17:14,129,Tahap-2
01/14/2025,10,17,14,10:17:14,206,Tahap-2
01/14/2025,10,17,14,10:17:14,54,Tahap-2
01/14/2025,10,17,15,10:17:15,136,Tahap-2
01/14/2025,10,17,15,10:17:15,459,Tahap-2
01/14/2025,10,17,15,10:17:15,369,Tahap-2
01/14/2025,10,17,15,10:17:15,1235,Tahap-2
01/14/2025,10,17,15,10:17:15,317,Tahap-2
01/14/2025,10,17,15,10:17:15,650,Tahap-2
01/14/2025,10,17,15,10:17:15,136,Tahap-2
01/14/2025,10,17,15,10:17:15,386,Tahap-2
01/14/2025,10,17,15,10:17:15,166,Tahap-2
01/14/2025,10,17,15,10:17:15,452,Tahap-2
01/14/2025,10,17,16,10:17:16,74,Tahap-2
01/14/2025,10,17,16,10:17:16,340,Tahap-2
01/14/2025,10,17,16,10:17:16,223,Tahap-2
01/14/2025,10,17,16,10:17:16,140,Tahap-2
01/14/2025,10,17,16,10:17:16,54,Tahap-2
01/14/2025,10,17,16,10:17:16,192,Tahap-2
01/14/2025,10,17,16,10:17:16,169,Tahap-2
01/14/2025,10,17,16,10:17:16,407,Tahap-2
01/14/2025,10,17,16,10:17:16,209,Tahap-2
01/14/2025,10,17,16,10:17:16,194,Tahap-2
01/14/2025,10,17,17,10:17:17,163,Tahap-2
01/14/2025,10,17,17,10:17:17,86,Tahap-2
01/14/2025,10,17,17,10:17:17,81,Tahap-2
01/14/2025,10,17,17,10:17:17,99,Tahap-2
01/14/2025,10,17,17,10:17:17,182,Tahap-2
01/14/2025,10,17,17,10:17:17,655,Tahap-2
01/14/2025,10,17,17,10:17:17,143,Tahap-2
01/14/2025,10,17,17,10:17:17,498,Tahap-2
01/14/2025,10,17,17,10:17:17,1041,Tahap-2
01/14/2025,10,17,17,10:17:17,748,Tahap-2
01/14/2025,10,17,18,10:17:18,181,Tahap-2
01/14/2025,10,17,18,10:17:18,578,Tahap-2
01/14/2025,10,17,18,10:17:18,189,Tahap-2
01/14/2025,10,17,18,10:17:18,-72,Tahap-2
01/14/2025,10,17,18,10:17:18,-112,Tahap-2
01/14/2025,10,17,18,10:17:18,16,Tahap-2
01/14/2025,10,17,18,10:17:18,-184,Tahap-2
01/14/2025,10,17,18,10:17:18,-48,Tahap-2
01/14/2025,10,17,18,10:17:18,40,Tahap-2
01/14/2025,10,17,18,10:17:18,16,Tahap-2
01/14/2025,10,17,19,10:17:19,-112,Tahap-2
01/14/2025,10,17,19,10:17:19,-56,Tahap-2
01/14/2025,10,17,19,10:17:19,-48,Tahap-2
01/14/2025,10,17,19,10:17:19,-232,Tahap-2
01/14/2025,10,17,19,10:17:19,-200,Tahap-2
01/14/2025,10,17,19,10:17:19,80,Tahap-2
01/14/2025,10,17,19,10:17:19,-296,Tahap-2
01/14/2025,10,17,19,10:17:19,-128,Tahap-2
01/14/2025,10,17,19,10:17:19,24,Tahap-2
01/14/2025,10,17,19,10:17:19,-208,Tahap-2
01/14/2025,10,17,20,10:17:20,-112,Tahap-2
01/14/2025,10,17,20,10:17:20,192,Tahap-2
01/14/2025,10,17,20,10:17:20,-392,Tahap-2
01/14/2025,10,17,20,10:17:20,104,Tahap-2
01/14/2025,10,17,20,10:17:20,-288,Tahap-2
01/14/2025,10,17,20,10:17:20,112,Tahap-2
01/14/2025,10,17,20,10:17:20,32,Tahap-2
01/14/2025,10,17,20,10:17:20,-176,Tahap-2
01/14/2025,10,17,20,10:17:20,-32,Tahap-2
01/14/2025,10,17,21,10:17:21,-176,Tahap-2
01/14/2025,10,17,21,10:17:21,48,Tahap-2
01/14/2025,10,17,21,10:17:21,-32,Tahap-2
01/14/2025,10,17,21,10:17:21,-64,Tahap-2
01/14/2025,10,17,21,10:17:21,-136,Tahap-2
01/14/2025,10,17,21,10:17:21,-144,Tahap-2
01/14/2025,10,17,21,10:17:21,88,Tahap-2
01/14/2025,10,17,21,10:17:21,-328,Tahap-2
01/14/2025,10,17,21,10:17:21,-72,Tahap-2
01/14/2025,10,17,21,10:17:21,32,Tahap-2
01/14/2025,10,17,22,10:17:22,-232,Tahap-2
01/14/2025,10,17,22,10:17:22,-16,Tahap-2
01/14/2025,10,17,22,10:17:22,32,Tahap-2
01/14/2025,10,17,22,10:17:22,-256,Tahap-2
01/14/2025,10,17,22,10:17:22,184,Tahap-2
01/14/2025,10,17,22,10:17:22,-360,Tahap-2
01/14/2025,10,17,22,10:17:22,144,Tahap-2
01/14/2025,10,17,22,10:17:22,-112,Tahap-2
01/14/2025,10,17,22,10:17:22,-136,Tahap-2
01/14/2025,10,17,22,10:17:22,-48,Tahap-2
01/14/2025,10,17,23,10:17:23,96,Tahap-2
01/14/2025,10,17,23,10:17:23,-88,Tahap-2
01/14/2025,10,17,23,10:17:23,48,Tahap-2
01/14/2025,10,17,23,10:17:23,-40,Tahap-2
01/14/2025,10,17,23,10:17:23,24,Tahap-2
01/14/2025,10,17,23,10:17:23,-104,Tahap-2
01/14/2025,10,17,23,10:17:23,208,Tahap-2
01/14/2025,10,17,23,10:17:23,-344,Tahap-2
01/14/2025,10,17,23,10:17:23,280,Tahap-2
01/14/2025,10,17,24,10:17:24,-48,Tahap-2
01/14/2025,10,17,24,10:17:24,104,Tahap-2
01/14/2025,10,17,24,10:17:24,296,Tahap-2
01/14/2025,10,17,24,10:17:24,-200,Tahap-2
01/14/2025,10,17,24,10:17:24,288,Tahap-2
01/14/2025,10,17,24,10:17:24,8,Tahap-2
01/14/2025,10,17,24,10:17:24,288,Tahap-2
01/14/2025,10,17,24,10:17:24,32,Tahap-2
01/14/2025,10,17,24,10:17:24,152,Tahap-2
01/14/2025,10,17,25,10:17:25,-72,Tahap-2
01/14/2025,10,17,25,10:17:25,312,Tahap-2
01/14/2025,10,17,25,10:17:25,8,Tahap-2
01/14/2025,10,17,25,10:17:25,288,Tahap-2
01/14/2025,10,17,25,10:17:25,16,Tahap-2
01/14/2025,10,17,25,10:17:25,88,Tahap-2
01/14/2025,10,17,25,10:17:25,192,Tahap-2
01/14/2025,10,17,25,10:17:25,192,Tahap-2
01/14/2025,10,17,25,10:17:25,-56,Tahap-2
01/14/2025,10,17,25,10:17:25,120,Tahap-2
01/14/2025,10,17,26,10:17:26,-8,Tahap-2
01/14/2025,10,17,26,10:17:26,160,Tahap-2
01/14/2025,10,17,26,10:17:26,-72,Tahap-2
01/14/2025,10,17,26,10:17:26,312,Tahap-2
01/14/2025,10,17,26,10:17:26,200,Tahap-2
01/14/2025,10,17,26,10:17:26,-128,Tahap-2
01/14/2025,10,17,26,10:17:26,344,Tahap-2
01/14/2025,10,17,26,10:17:26,32,Tahap-2
01/14/2025,10,17,26,10:17:26,-56,Tahap-2
01/14/2025,10,17,26,10:17:26,200,Tahap-2
01/14/2025,10,17,27,10:17:27,16,Tahap-2
01/14/2025,10,17,27,10:17:27,144,Tahap-2
01/14/2025,10,17,27,10:17:27,96,Tahap-2
01/14/2025,10,17,27,10:17:27,56,Tahap-2
01/14/2025,10,17,27,10:17:27,280,Tahap-2
01/14/2025,10,17,27,10:17:27,-88,Tahap-2
01/14/2025,10,17,27,10:17:27,96,Tahap-2
01/14/2025,10,17,27,10:17:27,104,Tahap-2
01/14/2025,10,17,27,10:17:27,72,Tahap-2
01/14/2025,10,17,27,10:17:27,-128,Tahap-2
01/14/2025,10,17,28,10:17:28,184,Tahap-2
01/14/2025,10,17,28,10:17:28,-120,Tahap-2
01/14/2025,10,17,28,10:17:28,128,Tahap-2
01/14/2025,10,17,28,10:17:28,-80,Tahap-2
01/14/2025,10,17,28,10:17:28,176,Tahap-2
01/14/2025,10,17,28,10:17:28,-48,Tahap-2
01/14/2025,10,17,28,10:17:28,-104,Tahap-2
01/14/2025,10,17,28,10:17:28,128,Tahap-2
01/14/2025,10,17,28,10:17:28,24,Tahap-2
01/14/2025,10,17,28,10:17:28,-40,Tahap-2
01/14/2025,10,17,29,10:17:29,144,Tahap-2
01/14/2025,10,17,29,10:17:29,-232,Tahap-2
01/14/2025,10,17,29,10:17:29,-16,Tahap-2
01/14/2025,10,17,29,10:17:29,24,Tahap-2
01/14/2025,10,17,29,10:17:29,-240,Tahap-2
01/14/2025,10,17,29,10:17:29,296,Tahap-2
01/14/2025,10,17,29,10:17:29,-256,Tahap-2
01/14/2025,10,17,29,10:17:29,-16,Tahap-2
01/14/2025,10,17,29,10:17:29,56,Tahap-2
01/14/2025,10,17,29,10:17:29,56,Tahap-2
01/14/2025,10,17,30,10:17:30,-152,Tahap-2
01/14/2025,10,17,30,10:17:30,88,Tahap-2
01/14/2025,10,17,30,10:17:30,-200,Tahap-2
01/14/2025,10,17,30,10:17:30,-8,Tahap-2
01/14/2025,10,17,30,10:17:30,-160,Tahap-2
01/14/2025,10,17,30,10:17:30,168,Tahap-2
01/14/2025,10,17,30,10:17:30,-240,Tahap-2
01/14/2025,10,17,30,10:17:30,-16,Tahap-2
01/14/2025,10,17,30,10:17:30,16,Tahap-2
01/14/2025,10,17,30,10:17:30,-128,Tahap-2
01/14/2025,10,17,30,10:17:30,-24,Tahap-2
01/14/2025,10,17,31,10:17:31,-24,Tahap-2
