Tanggal,Jam,Menit,Detik,Waktu,frekuensi,label
01/08/2025,13,41,23,13:41:23,4618,Tahap-1
01/08/2025,13,41,23,13:41:23,1415,Tahap-1
01/08/2025,13,41,23,13:41:23,678,Tahap-1
01/08/2025,13,41,23,13:41:23,1005,Tahap-1
01/08/2025,13,41,23,13:41:23,741,Tahap-1
01/08/2025,13,41,23,13:41:23,946,Tahap-1
01/08/2025,13,41,23,13:41:23,2328,Tahap-1
01/08/2025,13,41,23,13:41:23,2208,Tahap-1
01/08/2025,13,41,24,13:41:24,711,Tahap-1
01/08/2025,13,41,24,13:41:24,447,Tahap-1
01/08/2025,13,41,24,13:41:24,372,Tahap-1
01/08/2025,13,41,24,13:41:24,337,Tahap-1
01/08/2025,13,41,24,13:41:24,297,Tahap-1
01/08/2025,13,41,24,13:41:24,429,Tahap-1
01/08/2025,13,41,24,13:41:24,320,Tahap-1
01/08/2025,13,41,24,13:41:24,181,Tahap-1
01/08/2025,13,41,24,13:41:24,206,Tahap-1
01/08/2025,13,41,24,13:41:24,172,Tahap-1
01/08/2025,13,41,25,13:41:25,226,Tahap-1
01/08/2025,13,41,25,13:41:25,164,Tahap-1
01/08/2025,13,41,25,13:41:25,187,Tahap-1
01/08/2025,13,41,25,13:41:25,116,Tahap-1
01/08/2025,13,41,25,13:41:25,279,Tahap-1
01/08/2025,13,41,25,13:41:25,143,Tahap-1
01/08/2025,13,41,25,13:41:25,133,Tahap-1
01/08/2025,13,41,25,13:41:25,98,Tahap-1
01/08/2025,13,41,25,13:41:25,65,Tahap-1
01/08/2025,13,41,25,13:41:25,129,Tahap-1
01/08/2025,13,41,26,13:41:26,77,Tahap-1
01/08/2025,13,41,26,13:41:26,188,Tahap-1
01/08/2025,13,41,26,13:41:26,133,Tahap-1
01/08/2025,13,41,26,13:41:26,137,Tahap-1
01/08/2025,13,41,26,13:41:26,198,Tahap-1
01/08/2025,13,41,26,13:41:26,49,Tahap-1
01/08/2025,13,41,26,13:41:26,251,Tahap-1
01/08/2025,13,41,26,13:41:26,131,Tahap-1
01/08/2025,13,41,26,13:41:26,94,Tahap-1
01/08/2025,13,41,26,13:41:26,231,Tahap-1
01/08/2025,13,41,27,13:41:27,64,Tahap-1
01/08/2025,13,41,27,13:41:27,52,Tahap-1
01/08/2025,13,41,27,13:41:27,43,Tahap-1
01/08/2025,13,41,27,13:41:27,151,Tahap-1
01/08/2025,13,41,27,13:41:27,233,Tahap-1
01/08/2025,13,41,27,13:41:27,127,Tahap-1
01/08/2025,13,41,27,13:41:27,417,Tahap-1
01/08/2025,13,41,27,13:41:27,80,Tahap-1
01/08/2025,13,41,27,13:41:27,19,Tahap-1
01/08/2025,13,41,27,13:41:27,150,Tahap-1
01/08/2025,13,41,28,13:41:28,29,Tahap-1
01/08/2025,13,41,28,13:41:28,42,Tahap-1
01/08/2025,13,41,28,13:41:28,33,Tahap-1
01/08/2025,13,41,28,13:41:28,51,Tahap-1
01/08/2025,13,41,28,13:41:28,31,Tahap-1
01/08/2025,13,41,28,13:41:28,112,Tahap-1
01/08/2025,13,41,28,13:41:28,50,Tahap-1
01/08/2025,13,41,28,13:41:28,160,Tahap-1
01/08/2025,13,41,28,13:41:28,49,Tahap-1
01/08/2025,13,41,28,13:41:28,104,Tahap-1
01/08/2025,13,41,29,13:41:29,46,Tahap-1
01/08/2025,13,41,29,13:41:29,15,Tahap-1
01/08/2025,13,41,29,13:41:29,228,Tahap-1
01/08/2025,13,41,29,13:41:29,143,Tahap-1
01/08/2025,13,41,29,13:41:29,85,Tahap-1
01/08/2025,13,41,29,13:41:29,27,Tahap-1
01/08/2025,13,41,29,13:41:29,126,Tahap-1
01/08/2025,13,41,29,13:41:29,283,Tahap-1
01/08/2025,13,41,29,13:41:29,268,Tahap-1
01/08/2025,13,41,29,13:41:29,212,Tahap-1
01/08/2025,13,41,30,13:41:30,840,Tahap-1
01/08/2025,13,41,30,13:41:30,247,Tahap-1
01/08/2025,13,41,30,13:41:30,78,Tahap-1
01/08/2025,13,41,30,13:41:30,62,Tahap-1
01/08/2025,13,41,30,13:41:30,94,Tahap-1
01/08/2025,13,41,30,13:41:30,111,Tahap-1
01/08/2025,13,41,30,13:41:30,98,Tahap-1
01/08/2025,13,41,30,13:41:30,75,Tahap-1
01/08/2025,13,41,30,13:41:30,153,Tahap-1
01/08/2025,13,41,30,13:41:30,95,Tahap-1
01/08/2025,13,41,31,13:41:31,91,Tahap-1
01/08/2025,13,41,31,13:41:31,106,Tahap-1
01/08/2025,13,41,31,13:41:31,64,Tahap-1
01/08/2025,13,41,31,13:41:31,132,Tahap-1
01/08/2025,13,41,31,13:41:31,152,Tahap-1
01/08/2025,13,41,31,13:41:31,289,Tahap-1
01/08/2025,13,41,31,13:41:31,604,Tahap-1
01/08/2025,13,41,31,13:41:31,552,Tahap-1
01/08/2025,13,41,31,13:41:31,114,Tahap-1
01/08/2025,13,41,31,13:41:31,65,Tahap-1
01/08/2025,13,41,31,13:41:31,114,Tahap-1
01/08/2025,13,41,32,13:41:32,300,Tahap-1
01/08/2025,13,41,32,13:41:32,240,Tahap-1
01/08/2025,13,41,32,13:41:32,200,Tahap-1
01/08/2025,13,41,32,13:41:32,1581,Tahap-1
01/08/2025,13,41,32,13:41:32,399,Tahap-1
01/08/2025,13,41,32,13:41:32,293,Tahap-1
01/08/2025,13,41,32,13:41:32,313,Tahap-1
01/08/2025,13,41,32,13:41:32,165,Tahap-1
01/08/2025,13,41,32,13:41:32,201,Tahap-1
01/08/2025,13,41,32,13:41:32,119,Tahap-1
01/08/2025,13,41,33,13:41:33,149,Tahap-1
01/08/2025,13,41,33,13:41:33,171,Tahap-1
01/08/2025,13,41,33,13:41:33,104,Tahap-1
01/08/2025,13,41,33,13:41:33,333,Tahap-1
01/08/2025,13,41,33,13:41:33,125,Tahap-1
01/08/2025,13,41,33,13:41:33,136,Tahap-1
01/08/2025,13,41,33,13:41:33,1,Tahap-1
01/08/2025,13,41,33,13:41:33,170,Tahap-1
01/08/2025,13,41,33,13:41:33,142,Tahap-1
01/08/2025,13,41,33,13:41:33,253,Tahap-1
01/08/2025,13,41,34,13:41:34,142,Tahap-1
01/08/2025,13,41,34,13:41:34,301,Tahap-1
01/08/2025,13,41,34,13:41:34,497,Tahap-1
01/08/2025,13,41,34,13:41:34,317,Tahap-1
01/08/2025,13,41,34,13:41:34,990,Tahap-1
01/08/2025,13,41,34,13:41:34,788,Tahap-1
01/08/2025,13,41,34,13:41:34,264,Tahap-1
01/08/2025,13,41,34,13:41:34,812,Tahap-1
01/08/2025,13,41,34,13:41:34,290,Tahap-1
01/08/2025,13,41,34,13:41:34,276,Tahap-1
01/08/2025,13,41,35,13:41:35,665,Tahap-1
01/08/2025,13,41,35,13:41:35,279,Tahap-1
01/08/2025,13,41,35,13:41:35,487,Tahap-1
01/08/2025,13,41,35,13:41:35,184,Tahap-1
01/08/2025,13,41,35,13:41:35,354,Tahap-1
01/08/2025,13,41,35,13:41:35,219,Tahap-1
01/08/2025,13,41,35,13:41:35,137,Tahap-1
01/08/2025,13,41,35,13:41:35,264,Tahap-1
01/08/2025,13,41,35,13:41:35,-52,Tahap-1
01/08/2025,13,41,35,13:41:35,236,Tahap-1
01/08/2025,13,41,36,13:41:36,-24,Tahap-1
01/08/2025,13,41,36,13:41:36,44,Tahap-1
01/08/2025,13,41,36,13:41:36,12,Tahap-1
01/08/2025,13,41,36,13:41:36,96,Tahap-1
01/08/2025,13,41,36,13:41:36,-136,Tahap-1
01/08/2025,13,41,36,13:41:36,116,Tahap-1
01/08/2025,13,41,36,13:41:36,-160,Tahap-1
01/08/2025,13,41,36,13:41:36,-24,Tahap-1
01/08/2025,13,41,36,13:41:36,-64,Tahap-1
01/08/2025,13,41,36,13:41:36,-184,Tahap-1
01/08/2025,13,41,37,13:41:37,-64,Tahap-1
01/08/2025,13,41,37,13:41:37,-112,Tahap-1
01/08/2025,13,41,37,13:41:37,-320,Tahap-1
01/08/2025,13,41,37,13:41:37,-108,Tahap-1
01/08/2025,13,41,37,13:41:37,-96,Tahap-1
01/08/2025,13,41,37,13:41:37,-176,Tahap-1
01/08/2025,13,41,37,13:41:37,-112,Tahap-1
01/08/2025,13,41,37,13:41:37,-72,Tahap-1
01/08/2025,13,41,37,13:41:37,-196,Tahap-1
01/08/2025,13,41,37,13:41:37,-40,Tahap-1
01/08/2025,13,41,38,13:41:38,-120,Tahap-1
01/08/2025,13,41,38,13:41:38,28,Tahap-1
01/08/2025,13,41,38,13:41:38,-72,Tahap-1
01/08/2025,13,41,38,13:41:38,-76,Tahap-1
01/08/2025,13,41,38,13:41:38,-156,Tahap-1
01/08/2025,13,41,38,13:41:38,80,Tahap-1
01/08/2025,13,41,38,13:41:38,-132,Tahap-1
01/08/2025,13,41,38,13:41:38,116,Tahap-1
01/08/2025,13,41,38,13:41:38,-24,Tahap-1
01/08/2025,13,41,38,13:41:38,108,Tahap-1
01/08/2025,13,41,39,13:41:39,20,Tahap-1
01/08/2025,13,41,39,13:41:39,24,Tahap-1
01/08/2025,13,41,39,13:41:39,80,Tahap-1
01/08/2025,13,41,39,13:41:39,128,Tahap-1
01/08/2025,13,41,39,13:41:39,-204,Tahap-1
01/08/2025,13,41,39,13:41:39,176,Tahap-1
01/08/2025,13,41,39,13:41:39,-104,Tahap-1
01/08/2025,13,41,39,13:41:39,68,Tahap-1
01/08/2025,13,41,39,13:41:39,-64,Tahap-1
01/08/2025,13,41,39,13:41:39,-24,Tahap-1
01/08/2025,13,41,40,13:41:40,-244,Tahap-1
01/08/2025,13,41,40,13:41:40,28,Tahap-1
01/08/2025,13,41,40,13:41:40,-368,Tahap-1
01/08/2025,13,41,40,13:41:40,-44,Tahap-1
01/08/2025,13,41,40,13:41:40,-136,Tahap-1
01/08/2025,13,41,40,13:41:40,-324,Tahap-1
01/08/2025,13,41,40,13:41:40,-220,Tahap-1
01/08/2025,13,41,40,13:41:40,-300,Tahap-1
01/08/2025,13,41,40,13:41:40,-316,Tahap-1
01/08/2025,13,41,40,13:41:40,-208,Tahap-1
01/08/2025,13,41,41,13:41:41,-240,Tahap-1
01/08/2025,13,41,41,13:41:41,-192,Tahap-1
01/08/2025,13,41,41,13:41:41,-272,Tahap-1
01/08/2025,13,41,41,13:41:41,-188,Tahap-1
01/08/2025,13,41,41,13:41:41,-248,Tahap-1
01/08/2025,13,41,41,13:41:41,8,Tahap-1
01/08/2025,13,41,41,13:41:41,-320,Tahap-1
01/08/2025,13,41,41,13:41:41,-28,Tahap-1
01/08/2025,13,41,41,13:41:41,-196,Tahap-1
01/08/2025,13,41,41,13:41:41,-40,Tahap-1
01/08/2025,13,41,42,13:41:42,-152,Tahap-1
01/08/2025,13,41,42,13:41:42,-96,Tahap-1
01/08/2025,13,41,42,13:41:42,36,Tahap-1
01/08/2025,13,41,42,13:41:42,4,Tahap-1
01/08/2025,13,41,42,13:41:42,-132,Tahap-1
01/08/2025,13,41,42,13:41:42,56,Tahap-1
01/08/2025,13,41,42,13:41:42,4,Tahap-1
01/08/2025,13,41,42,13:41:42,-60,Tahap-1
01/08/2025,13,41,42,13:41:42,-24,Tahap-1
01/08/2025,13,41,42,13:41:42,-12,Tahap-1
01/08/2025,13,41,43,13:41:43,-164,Tahap-1
01/08/2025,13,41,43,13:41:43,68,Tahap-1
01/08/2025,13,41,43,13:41:43,-260,Tahap-1
01/08/2025,13,41,43,13:41:43,16,Tahap-1
01/08/2025,13,41,43,13:41:43,-168,Tahap-1
01/08/2025,13,41,43,13:41:43,-176,Tahap-1
01/08/2025,13,41,43,13:41:43,-196,Tahap-1
01/08/2025,13,41,43,13:41:43,-52,Tahap-1
01/08/2025,13,41,43,13:41:43,-368,Tahap-1
01/08/2025,13,41,43,13:41:43,-108,Tahap-1
01/08/2025,13,41,44,13:41:44,-200,Tahap-1
01/08/2025,13,41,44,13:41:44,-232,Tahap-1
01/08/2025,13,41,44,13:41:44,-208,Tahap-1
01/08/2025,13,41,44,13:41:44,-260,Tahap-1
01/08/2025,13,41,44,13:41:44,-236,Tahap-1
01/08/2025,13,41,44,13:41:44,-216,Tahap-1
01/08/2025,13,41,44,13:41:44,-292,Tahap-1
01/08/2025,13,41,44,13:41:44,-160,Tahap-1
01/08/2025,13,41,44,13:41:44,-96,Tahap-1
01/08/2025,13,41,44,13:41:44,-168,Tahap-1
01/08/2025,13,41,45,13:41:45,-112,Tahap-1
01/08/2025,13,41,45,13:41:45,-120,Tahap-1
01/08/2025,13,41,45,13:41:45,-128,Tahap-1
01/08/2025,13,41,45,13:41:45,12,Tahap-1
01/08/2025,13,41,45,13:41:45,-236,Tahap-1
01/08/2025,13,41,45,13:41:45,160,Tahap-1
01/08/2025,13,41,45,13:41:45,-64,Tahap-1
01/08/2025,13,41,45,13:41:45,4,Tahap-1
01/08/2025,13,41,45,13:41:45,-88,Tahap-1
01/08/2025,13,41,45,13:41:45,144,Tahap-1
01/08/2025,13,41,46,13:41:46,-124,Tahap-1
01/08/2025,13,41,46,13:41:46,160,Tahap-1
01/08/2025,13,41,46,13:41:46,-88,Tahap-1
01/08/2025,13,41,46,13:41:46,-16,Tahap-1
01/08/2025,13,41,46,13:41:46,44,Tahap-1
01/08/2025,13,41,46,13:41:46,-124,Tahap-1
01/08/2025,13,41,46,13:41:46,-60,Tahap-1
01/08/2025,13,41,46,13:41:46,-16,Tahap-1
01/08/2025,13,41,46,13:41:46,-244,Tahap-1
01/08/2025,13,41,46,13:41:46,-84,Tahap-1
01/08/2025,13,41,47,13:41:47,-92,Tahap-1
01/08/2025,13,41,47,13:41:47,-192,Tahap-1
01/08/2025,13,41,47,13:41:47,-148,Tahap-1
01/08/2025,13,41,47,13:41:47,-116,Tahap-1
01/08/2025,13,41,47,13:41:47,-320,Tahap-1
01/08/2025,13,41,47,13:41:47,-96,Tahap-1
01/08/2025,13,41,47,13:41:47,-356,Tahap-1
01/08/2025,13,41,47,13:41:47,-64,Tahap-1
01/08/2025,13,41,47,13:41:47,-264,Tahap-1
01/08/2025,13,41,47,13:41:47,-156,Tahap-1
01/08/2025,13,41,48,13:41:48,-296,Tahap-1
01/08/2025,13,41,48,13:41:48,-60,Tahap-1
01/08/2025,13,41,48,13:41:48,-224,Tahap-1
01/08/2025,13,41,48,13:41:48,-76,Tahap-1
01/08/2025,13,41,48,13:41:48,-168,Tahap-1
01/08/2025,13,41,48,13:41:48,-84,Tahap-1
01/08/2025,13,41,48,13:41:48,-72,Tahap-1
01/08/2025,13,42,13,13:42:13,4735,Tahap-1
01/08/2025,13,42,13,13:42:13,1098,Tahap-1
01/08/2025,13,42,13,13:42:13,1088,Tahap-1
01/08/2025,13,42,13,13:42:13,817,Tahap-1
01/08/2025,13,42,13,13:42:13,603,Tahap-1
01/08/2025,13,42,13,13:42:13,290,Tahap-1
01/08/2025,13,42,13,13:42:13,256,Tahap-1
01/08/2025,13,42,13,13:42:13,121,Tahap-1
01/08/2025,13,42,13,13:42:13,513,Tahap-1
01/08/2025,13,42,14,13:42:14,290,Tahap-1
01/08/2025,13,42,14,13:42:14,102,Tahap-1
01/08/2025,13,42,14,13:42:14,388,Tahap-1
01/08/2025,13,42,14,13:42:14,209,Tahap-1
01/08/2025,13,42,14,13:42:14,82,Tahap-1
01/08/2025,13,42,14,13:42:14,130,Tahap-1
01/08/2025,13,42,14,13:42:14,131,Tahap-1
01/08/2025,13,42,14,13:42:14,97,Tahap-1
01/08/2025,13,42,14,13:42:14,150,Tahap-1
01/08/2025,13,42,14,13:42:14,188,Tahap-1
01/08/2025,13,42,15,13:42:15,81,Tahap-1
01/08/2025,13,42,15,13:42:15,133,Tahap-1
01/08/2025,13,42,15,13:42:15,285,Tahap-1
01/08/2025,13,42,15,13:42:15,575,Tahap-1
01/08/2025,13,42,15,13:42:15,43,Tahap-1
01/08/2025,13,42,15,13:42:15,100,Tahap-1
01/08/2025,13,42,15,13:42:15,121,Tahap-1
01/08/2025,13,42,15,13:42:15,99,Tahap-1
01/08/2025,13,42,15,13:42:15,210,Tahap-1
01/08/2025,13,42,15,13:42:15,4,Tahap-1
01/08/2025,13,42,16,13:42:16,179,Tahap-1
01/08/2025,13,42,16,13:42:16,122,Tahap-1
01/08/2025,13,42,16,13:42:16,149,Tahap-1
01/08/2025,13,42,16,13:42:16,11,Tahap-1
01/08/2025,13,42,16,13:42:16,73,Tahap-1
01/08/2025,13,42,16,13:42:16,153,Tahap-1
01/08/2025,13,42,16,13:42:16,151,Tahap-1
01/08/2025,13,42,16,13:42:16,102,Tahap-1
01/08/2025,13,42,16,13:42:16,109,Tahap-1
01/08/2025,13,42,16,13:42:16,42,Tahap-1
01/08/2025,13,42,17,13:42:17,69,Tahap-1
01/08/2025,13,42,17,13:42:17,194,Tahap-1
01/08/2025,13,42,17,13:42:17,39,Tahap-1
01/08/2025,13,42,17,13:42:17,36,Tahap-1
01/08/2025,13,42,17,13:42:17,146,Tahap-1
01/08/2025,13,42,17,13:42:17,389,Tahap-1
01/08/2025,13,42,17,13:42:17,335,Tahap-1
01/08/2025,13,42,17,13:42:17,202,Tahap-1
01/08/2025,13,42,17,13:42:17,161,Tahap-1
01/08/2025,13,42,17,13:42:17,86,Tahap-1
01/08/2025,13,42,18,13:42:18,129,Tahap-1
01/08/2025,13,42,18,13:42:18,160,Tahap-1
01/08/2025,13,42,18,13:42:18,37,Tahap-1
01/08/2025,13,42,18,13:42:18,120,Tahap-1
01/08/2025,13,42,18,13:42:18,63,Tahap-1
01/08/2025,13,42,18,13:42:18,125,Tahap-1
01/08/2025,13,42,18,13:42:18,126,Tahap-1
01/08/2025,13,42,18,13:42:18,199,Tahap-1
01/08/2025,13,42,18,13:42:18,64,Tahap-1
01/08/2025,13,42,18,13:42:18,115,Tahap-1
01/08/2025,13,42,19,13:42:19,93,Tahap-1
01/08/2025,13,42,19,13:42:19,45,Tahap-1
01/08/2025,13,42,19,13:42:19,178,Tahap-1
01/08/2025,13,42,19,13:42:19,102,Tahap-1
01/08/2025,13,42,19,13:42:19,83,Tahap-1
01/08/2025,13,42,19,13:42:19,148,Tahap-1
01/08/2025,13,42,19,13:42:19,212,Tahap-1
01/08/2025,13,42,19,13:42:19,360,Tahap-1
01/08/2025,13,42,19,13:42:19,854,Tahap-1
01/08/2025,13,42,19,13:42:19,318,Tahap-1
01/08/2025,13,42,20,13:42:20,236,Tahap-1
01/08/2025,13,42,20,13:42:20,144,Tahap-1
01/08/2025,13,42,20,13:42:20,218,Tahap-1
01/08/2025,13,42,20,13:42:20,80,Tahap-1
01/08/2025,13,42,20,13:42:20,134,Tahap-1
01/08/2025,13,42,20,13:42:20,84,Tahap-1
01/08/2025,13,42,20,13:42:20,239,Tahap-1
01/08/2025,13,42,20,13:42:20,126,Tahap-1
01/08/2025,13,42,20,13:42:20,100,Tahap-1
01/08/2025,13,42,20,13:42:20,27,Tahap-1
01/08/2025,13,42,21,13:42:21,127,Tahap-1
01/08/2025,13,42,21,13:42:21,134,Tahap-1
01/08/2025,13,42,21,13:42:21,67,Tahap-1
01/08/2025,13,42,21,13:42:21,187,Tahap-1
01/08/2025,13,42,21,13:42:21,157,Tahap-1
01/08/2025,13,42,21,13:42:21,769,Tahap-1
01/08/2025,13,42,21,13:42:21,28,Tahap-1
01/08/2025,13,42,21,13:42:21,156,Tahap-1
01/08/2025,13,42,21,13:42:21,375,Tahap-1
01/08/2025,13,42,21,13:42:21,76,Tahap-1
01/08/2025,13,42,22,13:42:22,224,Tahap-1
01/08/2025,13,42,22,13:42:22,721,Tahap-1
01/08/2025,13,42,22,13:42:22,703,Tahap-1
01/08/2025,13,42,22,13:42:22,264,Tahap-1
01/08/2025,13,42,22,13:42:22,318,Tahap-1
01/08/2025,13,42,22,13:42:22,285,Tahap-1
01/08/2025,13,42,22,13:42:22,271,Tahap-1
01/08/2025,13,42,22,13:42:22,68,Tahap-1
01/08/2025,13,42,22,13:42:22,161,Tahap-1
01/08/2025,13,42,22,13:42:22,125,Tahap-1
01/08/2025,13,42,23,13:42:23,77,Tahap-1
01/08/2025,13,42,23,13:42:23,83,Tahap-1
01/08/2025,13,42,23,13:42:23,234,Tahap-1
01/08/2025,13,42,23,13:42:23,311,Tahap-1
01/08/2025,13,42,23,13:42:23,194,Tahap-1
01/08/2025,13,42,23,13:42:23,139,Tahap-1
01/08/2025,13,42,23,13:42:23,165,Tahap-1
01/08/2025,13,42,23,13:42:23,149,Tahap-1
01/08/2025,13,42,23,13:42:23,81,Tahap-1
01/08/2025,13,42,23,13:42:23,32,Tahap-1
01/08/2025,13,42,24,13:42:24,41,Tahap-1
01/08/2025,13,42,24,13:42:24,380,Tahap-1
01/08/2025,13,42,24,13:42:24,504,Tahap-1
01/08/2025,13,42,24,13:42:24,821,Tahap-1
01/08/2025,13,42,24,13:42:24,805,Tahap-1
01/08/2025,13,42,24,13:42:24,953,Tahap-1
01/08/2025,13,42,24,13:42:24,363,Tahap-1
01/08/2025,13,42,24,13:42:24,58,Tahap-1
01/08/2025,13,42,24,13:42:24,50,Tahap-1
01/08/2025,13,42,24,13:42:24,319,Tahap-1
01/08/2025,13,42,25,13:42:25,137,Tahap-1
01/08/2025,13,42,25,13:42:25,468,Tahap-1
01/08/2025,13,42,25,13:42:25,305,Tahap-1
01/08/2025,13,42,25,13:42:25,119,Tahap-1
01/08/2025,13,42,25,13:42:25,96,Tahap-1
01/08/2025,13,42,25,13:42:25,187,Tahap-1
01/08/2025,13,42,25,13:42:25,901,Tahap-1
01/08/2025,13,42,25,13:42:25,916,Tahap-1
01/08/2025,13,42,25,13:42:25,156,Tahap-1
01/08/2025,13,42,25,13:42:25,72,Tahap-1
01/08/2025,13,42,25,13:42:25,76,Tahap-1
01/08/2025,13,42,26,13:42:26,36,Tahap-1
01/08/2025,13,42,26,13:42:26,60,Tahap-1
01/08/2025,13,42,26,13:42:26,152,Tahap-1
01/08/2025,13,42,26,13:42:26,72,Tahap-1
01/08/2025,13,42,26,13:42:26,136,Tahap-1
01/08/2025,13,42,26,13:42:26,248,Tahap-1
01/08/2025,13,42,26,13:42:26,112,Tahap-1
01/08/2025,13,42,26,13:42:26,72,Tahap-1
01/08/2025,13,42,26,13:42:26,200,Tahap-1
01/08/2025,13,42,26,13:42:26,180,Tahap-1
01/08/2025,13,42,27,13:42:27,52,Tahap-1
01/08/2025,13,42,27,13:42:27,96,Tahap-1
01/08/2025,13,42,27,13:42:27,140,Tahap-1
01/08/2025,13,42,27,13:42:27,224,Tahap-1
01/08/2025,13,42,27,13:42:27,120,Tahap-1
01/08/2025,13,42,27,13:42:27,208,Tahap-1
01/08/2025,13,42,27,13:42:27,104,Tahap-1
01/08/2025,13,42,27,13:42:27,224,Tahap-1
01/08/2025,13,42,27,13:42:27,156,Tahap-1
01/08/2025,13,42,27,13:42:27,112,Tahap-1
01/08/2025,13,42,28,13:42:28,236,Tahap-1
01/08/2025,13,42,28,13:42:28,56,Tahap-1
01/08/2025,13,42,28,13:42:28,8,Tahap-1
01/08/2025,13,42,28,13:42:28,120,Tahap-1
01/08/2025,13,42,28,13:42:28,176,Tahap-1
01/08/2025,13,42,28,13:42:28,140,Tahap-1
01/08/2025,13,42,28,13:42:28,148,Tahap-1
01/08/2025,13,42,28,13:42:28,140,Tahap-1
01/08/2025,13,42,28,13:42:28,92,Tahap-1
01/08/2025,13,42,28,13:42:28,204,Tahap-1
01/08/2025,13,42,29,13:42:29,20,Tahap-1
01/08/2025,13,42,29,13:42:29,260,Tahap-1
01/08/2025,13,42,29,13:42:29,28,Tahap-1
01/08/2025,13,42,29,13:42:29,140,Tahap-1
01/08/2025,13,42,29,13:42:29,32,Tahap-1
01/08/2025,13,42,29,13:42:29,220,Tahap-1
01/08/2025,13,42,29,13:42:29,76,Tahap-1
01/08/2025,13,42,29,13:42:29,120,Tahap-1
01/08/2025,13,42,29,13:42:29,168,Tahap-1
01/08/2025,13,42,29,13:42:29,144,Tahap-1
01/08/2025,13,42,30,13:42:30,168,Tahap-1
01/08/2025,13,42,30,13:42:30,64,Tahap-1
01/08/2025,13,42,30,13:42:30,172,Tahap-1
01/08/2025,13,42,30,13:42:30,116,Tahap-1
01/08/2025,13,42,30,13:42:30,60,Tahap-1
01/08/2025,13,42,30,13:42:30,96,Tahap-1
01/08/2025,13,42,30,13:42:30,108,Tahap-1
01/08/2025,13,42,30,13:42:30,132,Tahap-1
01/08/2025,13,42,30,13:42:30,104,Tahap-1
01/08/2025,13,42,30,13:42:30,196,Tahap-1
01/08/2025,13,42,31,13:42:31,88,Tahap-1
01/08/2025,13,42,31,13:42:31,236,Tahap-1
01/08/2025,13,42,31,13:42:31,52,Tahap-1
01/08/2025,13,42,31,13:42:31,188,Tahap-1
01/08/2025,13,42,31,13:42:31,180,Tahap-1
01/08/2025,13,42,31,13:42:31,28,Tahap-1
01/08/2025,13,42,31,13:42:31,148,Tahap-1
01/08/2025,13,42,31,13:42:31,164,Tahap-1
01/08/2025,13,42,31,13:42:31,180,Tahap-1
01/08/2025,13,42,31,13:42:31,80,Tahap-1
01/08/2025,13,42,32,13:42:32,260,Tahap-1
01/08/2025,13,42,32,13:42:32,76,Tahap-1
01/08/2025,13,42,32,13:42:32,248,Tahap-1
01/08/2025,13,42,32,13:42:32,100,Tahap-1
01/08/2025,13,42,32,13:42:32,100,Tahap-1
01/08/2025,13,42,32,13:42:32,172,Tahap-1
01/08/2025,13,42,32,13:42:32,60,Tahap-1
01/08/2025,13,42,32,13:42:32,8,Tahap-1
01/08/2025,13,42,32,13:42:32,64,Tahap-1
01/08/2025,13,42,32,13:42:32,144,Tahap-1
01/08/2025,13,42,33,13:42:33,-28,Tahap-1
01/08/2025,13,42,33,13:42:33,152,Tahap-1
01/08/2025,13,42,33,13:42:33,-28,Tahap-1
01/08/2025,13,42,33,13:42:33,52,Tahap-1
01/08/2025,13,42,33,13:42:33,8,Tahap-1
01/08/2025,13,42,33,13:42:33,88,Tahap-1
01/08/2025,13,42,33,13:42:33,56,Tahap-1
01/08/2025,13,42,33,13:42:33,-32,Tahap-1
01/08/2025,13,42,33,13:42:33,-68,Tahap-1
01/08/2025,13,42,34,13:42:34,16,Tahap-1
01/08/2025,13,42,34,13:42:34,-20,Tahap-1
01/08/2025,13,42,34,13:42:34,48,Tahap-1
01/08/2025,13,42,34,13:42:34,108,Tahap-1
01/08/2025,13,42,34,13:42:34,-80,Tahap-1
01/08/2025,13,42,34,13:42:34,4,Tahap-1
01/08/2025,13,42,34,13:42:34,112,Tahap-1
01/08/2025,13,42,34,13:42:34,-48,Tahap-1
01/08/2025,13,42,34,13:42:34,-76,Tahap-1
01/08/2025,13,42,35,13:42:35,96,Tahap-1
01/08/2025,13,42,35,13:42:35,24,Tahap-1
01/08/2025,13,42,35,13:42:35,20,Tahap-1
01/08/2025,13,42,35,13:42:35,132,Tahap-1
01/08/2025,13,42,35,13:42:35,24,Tahap-1
01/08/2025,13,42,35,13:42:35,96,Tahap-1
01/08/2025,13,42,35,13:42:35,116,Tahap-1
01/08/2025,13,42,35,13:42:35,-64,Tahap-1
01/08/2025,13,42,35,13:42:35,244,Tahap-1
01/08/2025,13,42,35,13:42:35,44,Tahap-1
01/08/2025,13,42,36,13:42:36,8,Tahap-1
01/08/2025,13,42,36,13:42:36,12,Tahap-1
01/08/2025,13,42,36,13:42:36,112,Tahap-1
01/08/2025,13,42,36,13:42:36,-52,Tahap-1
01/08/2025,13,42,36,13:42:36,112,Tahap-1
01/08/2025,13,42,36,13:42:36,52,Tahap-1
01/08/2025,13,42,36,13:42:36,36,Tahap-1
01/08/2025,13,42,36,13:42:36,108,Tahap-1
01/08/2025,13,42,36,13:42:36,-76,Tahap-1
01/08/2025,13,42,36,13:42:36,108,Tahap-1
01/08/2025,13,42,37,13:42:37,8,Tahap-1
01/08/2025,13,42,37,13:42:37,-64,Tahap-1
01/08/2025,13,42,37,13:42:37,44,Tahap-1
01/08/2025,13,42,37,13:42:37,-52,Tahap-1
01/08/2025,13,42,37,13:42:37,24,Tahap-1
01/08/2025,13,42,37,13:42:37,20,Tahap-1
01/08/2025,13,42,37,13:42:37,16,Tahap-1
01/08/2025,13,42,37,13:42:37,60,Tahap-1
01/08/2025,13,42,37,13:42:37,-108,Tahap-1
01/08/2025,13,42,38,13:42:38,124,Tahap-1
01/08/2025,13,42,38,13:42:38,-24,Tahap-1
01/08/2025,13,42,38,13:42:38,-48,Tahap-1
01/08/2025,13,42,38,13:42:38,-36,Tahap-1
01/08/2025,13,42,38,13:42:38,68,Tahap-1
01/08/2025,13,42,38,13:42:38,-36,Tahap-1
01/08/2025,13,43,3,13:43:03,5321,Tahap-1
01/08/2025,13,43,3,13:43:03,1405,Tahap-1
01/08/2025,13,43,3,13:43:03,994,Tahap-1
01/08/2025,13,43,3,13:43:03,676,Tahap-1
01/08/2025,13,43,3,13:43:03,716,Tahap-1
01/08/2025,13,43,3,13:43:03,227,Tahap-1
01/08/2025,13,43,3,13:43:03,424,Tahap-1
01/08/2025,13,43,3,13:43:03,486,Tahap-1
01/08/2025,13,43,3,13:43:03,165,Tahap-1
01/08/2025,13,43,3,13:43:03,121,Tahap-1
01/08/2025,13,43,4,13:43:04,314,Tahap-1
01/08/2025,13,43,4,13:43:04,369,Tahap-1
01/08/2025,13,43,4,13:43:04,129,Tahap-1
01/08/2025,13,43,4,13:43:04,246,Tahap-1
01/08/2025,13,43,4,13:43:04,111,Tahap-1
01/08/2025,13,43,4,13:43:04,110,Tahap-1
01/08/2025,13,43,4,13:43:04,334,Tahap-1
01/08/2025,13,43,4,13:43:04,327,Tahap-1
01/08/2025,13,43,4,13:43:04,196,Tahap-1
01/08/2025,13,43,4,13:43:04,174,Tahap-1
01/08/2025,13,43,5,13:43:05,233,Tahap-1
01/08/2025,13,43,5,13:43:05,58,Tahap-1
01/08/2025,13,43,5,13:43:05,386,Tahap-1
01/08/2025,13,43,5,13:43:05,41,Tahap-1
01/08/2025,13,43,5,13:43:05,131,Tahap-1
01/08/2025,13,43,5,13:43:05,137,Tahap-1
01/08/2025,13,43,5,13:43:05,117,Tahap-1
01/08/2025,13,43,5,13:43:05,85,Tahap-1
01/08/2025,13,43,5,13:43:05,72,Tahap-1
01/08/2025,13,43,5,13:43:05,178,Tahap-1
01/08/2025,13,43,6,13:43:06,120,Tahap-1
01/08/2025,13,43,6,13:43:06,57,Tahap-1
01/08/2025,13,43,6,13:43:06,95,Tahap-1
01/08/2025,13,43,6,13:43:06,148,Tahap-1
01/08/2025,13,43,6,13:43:06,328,Tahap-1
01/08/2025,13,43,6,13:43:06,101,Tahap-1
01/08/2025,13,43,6,13:43:06,136,Tahap-1
01/08/2025,13,43,6,13:43:06,148,Tahap-1
01/08/2025,13,43,6,13:43:06,144,Tahap-1
01/08/2025,13,43,6,13:43:06,222,Tahap-1
01/08/2025,13,43,7,13:43:07,189,Tahap-1
01/08/2025,13,43,7,13:43:07,163,Tahap-1
01/08/2025,13,43,7,13:43:07,285,Tahap-1
01/08/2025,13,43,7,13:43:07,335,Tahap-1
01/08/2025,13,43,7,13:43:07,268,Tahap-1
01/08/2025,13,43,7,13:43:07,352,Tahap-1
01/08/2025,13,43,7,13:43:07,37,Tahap-1
01/08/2025,13,43,7,13:43:07,25,Tahap-1
01/08/2025,13,43,7,13:43:07,78,Tahap-1
01/08/2025,13,43,7,13:43:07,31,Tahap-1
01/08/2025,13,43,8,13:43:08,118,Tahap-1
01/08/2025,13,43,8,13:43:08,144,Tahap-1
01/08/2025,13,43,8,13:43:08,73,Tahap-1
01/08/2025,13,43,8,13:43:08,87,Tahap-1
01/08/2025,13,43,8,13:43:08,66,Tahap-1
01/08/2025,13,43,8,13:43:08,63,Tahap-1
01/08/2025,13,43,8,13:43:08,158,Tahap-1
01/08/2025,13,43,8,13:43:08,101,Tahap-1
01/08/2025,13,43,8,13:43:08,107,Tahap-1
01/08/2025,13,43,8,13:43:08,207,Tahap-1
01/08/2025,13,43,9,13:43:09,164,Tahap-1
01/08/2025,13,43,9,13:43:09,219,Tahap-1
01/08/2025,13,43,9,13:43:09,160,Tahap-1
01/08/2025,13,43,9,13:43:09,104,Tahap-1
01/08/2025,13,43,9,13:43:09,102,Tahap-1
01/08/2025,13,43,9,13:43:09,76,Tahap-1
01/08/2025,13,43,9,13:43:09,365,Tahap-1
01/08/2025,13,43,9,13:43:09,788,Tahap-1
01/08/2025,13,43,9,13:43:09,711,Tahap-1
01/08/2025,13,43,9,13:43:09,264,Tahap-1
01/08/2025,13,43,10,13:43:10,190,Tahap-1
01/08/2025,13,43,10,13:43:10,18,Tahap-1
01/08/2025,13,43,10,13:43:10,20,Tahap-1
01/08/2025,13,43,10,13:43:10,157,Tahap-1
01/08/2025,13,43,10,13:43:10,147,Tahap-1
01/08/2025,13,43,10,13:43:10,100,Tahap-1
01/08/2025,13,43,10,13:43:10,27,Tahap-1
01/08/2025,13,43,10,13:43:10,74,Tahap-1
01/08/2025,13,43,10,13:43:10,33,Tahap-1
01/08/2025,13,43,10,13:43:10,231,Tahap-1
01/08/2025,13,43,11,13:43:11,77,Tahap-1
01/08/2025,13,43,11,13:43:11,96,Tahap-1
01/08/2025,13,43,11,13:43:11,178,Tahap-1
01/08/2025,13,43,11,13:43:11,75,Tahap-1
01/08/2025,13,43,11,13:43:11,699,Tahap-1
01/08/2025,13,43,11,13:43:11,35,Tahap-1
01/08/2025,13,43,11,13:43:11,66,Tahap-1
01/08/2025,13,43,11,13:43:11,246,Tahap-1
01/08/2025,13,43,11,13:43:11,164,Tahap-1
01/08/2025,13,43,11,13:43:11,83,Tahap-1
01/08/2025,13,43,12,13:43:12,388,Tahap-1
01/08/2025,13,43,12,13:43:12,920,Tahap-1
01/08/2025,13,43,12,13:43:12,451,Tahap-1
01/08/2025,13,43,12,13:43:12,523,Tahap-1
01/08/2025,13,43,12,13:43:12,157,Tahap-1
01/08/2025,13,43,12,13:43:12,234,Tahap-1
01/08/2025,13,43,12,13:43:12,80,Tahap-1
01/08/2025,13,43,12,13:43:12,74,Tahap-1
01/08/2025,13,43,12,13:43:12,44,Tahap-1
01/08/2025,13,43,12,13:43:12,17,Tahap-1
01/08/2025,13,43,13,13:43:13,91,Tahap-1
01/08/2025,13,43,13,13:43:13,58,Tahap-1
01/08/2025,13,43,13,13:43:13,44,Tahap-1
01/08/2025,13,43,13,13:43:13,436,Tahap-1
01/08/2025,13,43,13,13:43:13,94,Tahap-1
01/08/2025,13,43,13,13:43:13,111,Tahap-1
01/08/2025,13,43,13,13:43:13,28,Tahap-1
01/08/2025,13,43,13,13:43:13,332,Tahap-1
01/08/2025,13,43,13,13:43:13,49,Tahap-1
01/08/2025,13,43,13,13:43:13,165,Tahap-1
01/08/2025,13,43,14,13:43:14,368,Tahap-1
01/08/2025,13,43,14,13:43:14,215,Tahap-1
01/08/2025,13,43,14,13:43:14,963,Tahap-1
01/08/2025,13,43,14,13:43:14,162,Tahap-1
01/08/2025,13,43,14,13:43:14,976,Tahap-1
01/08/2025,13,43,14,13:43:14,322,Tahap-1
01/08/2025,13,43,14,13:43:14,503,Tahap-1
01/08/2025,13,43,14,13:43:14,336,Tahap-1
01/08/2025,13,43,14,13:43:14,172,Tahap-1
01/08/2025,13,43,14,13:43:14,308,Tahap-1
01/08/2025,13,43,15,13:43:15,426,Tahap-1
01/08/2025,13,43,15,13:43:15,113,Tahap-1
01/08/2025,13,43,15,13:43:15,372,Tahap-1
01/08/2025,13,43,15,13:43:15,310,Tahap-1
01/08/2025,13,43,15,13:43:15,336,Tahap-1
01/08/2025,13,43,15,13:43:15,258,Tahap-1
01/08/2025,13,43,15,13:43:15,416,Tahap-1
01/08/2025,13,43,15,13:43:15,-48,Tahap-1
01/08/2025,13,43,15,13:43:15,96,Tahap-1
01/08/2025,13,43,15,13:43:15,20,Tahap-1
01/08/2025,13,43,16,13:43:16,84,Tahap-1
01/08/2025,13,43,16,13:43:16,32,Tahap-1
01/08/2025,13,43,16,13:43:16,-80,Tahap-1
01/08/2025,13,43,16,13:43:16,164,Tahap-1
01/08/2025,13,43,16,13:43:16,20,Tahap-1
01/08/2025,13,43,16,13:43:16,-20,Tahap-1
01/08/2025,13,43,16,13:43:16,68,Tahap-1
01/08/2025,13,43,16,13:43:16,108,Tahap-1
01/08/2025,13,43,16,13:43:16,72,Tahap-1
01/08/2025,13,43,16,13:43:16,84,Tahap-1
01/08/2025,13,43,17,13:43:17,120,Tahap-1
01/08/2025,13,43,17,13:43:17,52,Tahap-1
01/08/2025,13,43,17,13:43:17,136,Tahap-1
01/08/2025,13,43,17,13:43:17,20,Tahap-1
01/08/2025,13,43,17,13:43:17,156,Tahap-1
01/08/2025,13,43,17,13:43:17,104,Tahap-1
01/08/2025,13,43,17,13:43:17,12,Tahap-1
01/08/2025,13,43,17,13:43:17,16,Tahap-1
01/08/2025,13,43,17,13:43:17,128,Tahap-1
01/08/2025,13,43,17,13:43:17,64,Tahap-1
01/08/2025,13,43,18,13:43:18,52,Tahap-1
01/08/2025,13,43,18,13:43:18,120,Tahap-1
01/08/2025,13,43,18,13:43:18,96,Tahap-1
01/08/2025,13,43,18,13:43:18,128,Tahap-1
01/08/2025,13,43,18,13:43:18,-28,Tahap-1
01/08/2025,13,43,18,13:43:18,156,Tahap-1
01/08/2025,13,43,18,13:43:18,96,Tahap-1
01/08/2025,13,43,18,13:43:18,-20,Tahap-1
01/08/2025,13,43,18,13:43:18,40,Tahap-1
01/08/2025,13,43,18,13:43:18,164,Tahap-1
01/08/2025,13,43,19,13:43:19,76,Tahap-1
01/08/2025,13,43,19,13:43:19,144,Tahap-1
01/08/2025,13,43,19,13:43:19,40,Tahap-1
01/08/2025,13,43,19,13:43:19,128,Tahap-1
01/08/2025,13,43,19,13:43:19,184,Tahap-1
01/08/2025,13,43,19,13:43:19,52,Tahap-1
01/08/2025,13,43,19,13:43:19,100,Tahap-1
01/08/2025,13,43,19,13:43:19,216,Tahap-1
01/08/2025,13,43,19,13:43:19,28,Tahap-1
01/08/2025,13,43,19,13:43:19,224,Tahap-1
01/08/2025,13,43,20,13:43:20,48,Tahap-1
01/08/2025,13,43,20,13:43:20,168,Tahap-1
01/08/2025,13,43,20,13:43:20,128,Tahap-1
01/08/2025,13,43,20,13:43:20,92,Tahap-1
01/08/2025,13,43,20,13:43:20,240,Tahap-1
01/08/2025,13,43,20,13:43:20,76,Tahap-1
01/08/2025,13,43,20,13:43:20,172,Tahap-1
01/08/2025,13,43,20,13:43:20,232,Tahap-1
01/08/2025,13,43,20,13:43:20,192,Tahap-1
01/08/2025,13,43,20,13:43:20,84,Tahap-1
01/08/2025,13,43,21,13:43:21,200,Tahap-1
01/08/2025,13,43,21,13:43:21,172,Tahap-1
01/08/2025,13,43,21,13:43:21,240,Tahap-1
01/08/2025,13,43,21,13:43:21,180,Tahap-1
01/08/2025,13,43,21,13:43:21,184,Tahap-1
01/08/2025,13,43,21,13:43:21,264,Tahap-1
01/08/2025,13,43,21,13:43:21,136,Tahap-1
01/08/2025,13,43,21,13:43:21,184,Tahap-1
01/08/2025,13,43,21,13:43:21,208,Tahap-1
01/08/2025,13,43,21,13:43:21,220,Tahap-1
01/08/2025,13,43,22,13:43:22,96,Tahap-1
01/08/2025,13,43,22,13:43:22,172,Tahap-1
01/08/2025,13,43,22,13:43:22,144,Tahap-1
01/08/2025,13,43,22,13:43:22,204,Tahap-1
01/08/2025,13,43,22,13:43:22,196,Tahap-1
01/08/2025,13,43,22,13:43:22,36,Tahap-1
01/08/2025,13,43,22,13:43:22,308,Tahap-1
01/08/2025,13,43,22,13:43:22,-20,Tahap-1
01/08/2025,13,43,22,13:43:22,152,Tahap-1
01/08/2025,13,43,22,13:43:22,136,Tahap-1
01/08/2025,13,43,23,13:43:23,204,Tahap-1
01/08/2025,13,43,23,13:43:23,68,Tahap-1
01/08/2025,13,43,23,13:43:23,144,Tahap-1
01/08/2025,13,43,23,13:43:23,116,Tahap-1
01/08/2025,13,43,23,13:43:23,152,Tahap-1
01/08/2025,13,43,23,13:43:23,244,Tahap-1
01/08/2025,13,43,23,13:43:23,60,Tahap-1
01/08/2025,13,43,23,13:43:23,272,Tahap-1
01/08/2025,13,43,23,13:43:23,176,Tahap-1
01/08/2025,13,43,23,13:43:23,132,Tahap-1
01/08/2025,13,43,24,13:43:24,168,Tahap-1
01/08/2025,13,43,24,13:43:24,240,Tahap-1
01/08/2025,13,43,24,13:43:24,172,Tahap-1
01/08/2025,13,43,24,13:43:24,108,Tahap-1
01/08/2025,13,43,24,13:43:24,236,Tahap-1
01/08/2025,13,43,24,13:43:24,104,Tahap-1
01/08/2025,13,43,24,13:43:24,216,Tahap-1
01/08/2025,13,43,24,13:43:24,56,Tahap-1
01/08/2025,13,43,24,13:43:24,168,Tahap-1
01/08/2025,13,43,24,13:43:24,196,Tahap-1
01/08/2025,13,43,25,13:43:25,72,Tahap-1
01/08/2025,13,43,25,13:43:25,152,Tahap-1
01/08/2025,13,43,25,13:43:25,148,Tahap-1
01/08/2025,13,43,25,13:43:25,236,Tahap-1
01/08/2025,13,43,25,13:43:25,128,Tahap-1
01/08/2025,13,43,25,13:43:25,220,Tahap-1
01/08/2025,13,43,25,13:43:25,156,Tahap-1
01/08/2025,13,43,25,13:43:25,128,Tahap-1
01/08/2025,13,43,25,13:43:25,136,Tahap-1
01/08/2025,13,43,25,13:43:25,144,Tahap-1
01/08/2025,13,43,26,13:43:26,200,Tahap-1
01/08/2025,13,43,26,13:43:26,64,Tahap-1
01/08/2025,13,43,26,13:43:26,176,Tahap-1
01/08/2025,13,43,26,13:43:26,64,Tahap-1
01/08/2025,13,43,26,13:43:26,260,Tahap-1
01/08/2025,13,43,26,13:43:26,112,Tahap-1
01/08/2025,13,43,26,13:43:26,156,Tahap-1
01/08/2025,13,43,26,13:43:26,148,Tahap-1
01/08/2025,13,43,26,13:43:26,188,Tahap-1
01/08/2025,13,43,26,13:43:26,60,Tahap-1
01/08/2025,13,43,27,13:43:27,92,Tahap-1
01/08/2025,13,43,27,13:43:27,240,Tahap-1
01/08/2025,13,43,27,13:43:27,-4,Tahap-1
01/08/2025,13,43,27,13:43:27,76,Tahap-1
01/08/2025,13,43,27,13:43:27,60,Tahap-1
01/08/2025,13,43,27,13:43:27,100,Tahap-1
01/08/2025,13,43,27,13:43:27,152,Tahap-1
01/08/2025,13,43,27,13:43:27,56,Tahap-1
01/08/2025,13,43,27,13:43:27,164,Tahap-1
01/08/2025,13,43,27,13:43:27,76,Tahap-1
01/08/2025,13,43,28,13:43:28,160,Tahap-1
01/08/2025,13,43,28,13:43:28,-56,Tahap-1
01/08/2025,13,43,28,13:43:28,192,Tahap-1
01/08/2025,13,43,28,13:43:28,112,Tahap-1
01/08/2025,13,43,28,13:43:28,32,Tahap-1
01/08/2025,13,43,52,13:43:52,6468,Tahap-1
01/08/2025,13,43,53,13:43:53,2363,Tahap-1
01/08/2025,13,43,53,13:43:53,2460,Tahap-1
01/08/2025,13,43,53,13:43:53,1347,Tahap-1
01/08/2025,13,43,53,13:43:53,822,Tahap-1
01/08/2025,13,43,53,13:43:53,1106,Tahap-1
01/08/2025,13,43,53,13:43:53,809,Tahap-1
01/08/2025,13,43,53,13:43:53,176,Tahap-1
01/08/2025,13,43,53,13:43:53,920,Tahap-1
01/08/2025,13,43,53,13:43:53,1065,Tahap-1
01/08/2025,13,43,53,13:43:53,846,Tahap-1
01/08/2025,13,43,54,13:43:54,744,Tahap-1
01/08/2025,13,43,54,13:43:54,652,Tahap-1
01/08/2025,13,43,54,13:43:54,705,Tahap-1
01/08/2025,13,43,54,13:43:54,351,Tahap-1
01/08/2025,13,43,54,13:43:54,579,Tahap-1
01/08/2025,13,43,54,13:43:54,434,Tahap-1
01/08/2025,13,43,54,13:43:54,223,Tahap-1
01/08/2025,13,43,54,13:43:54,413,Tahap-1
01/08/2025,13,43,54,13:43:54,286,Tahap-1
01/08/2025,13,43,54,13:43:54,361,Tahap-1
01/08/2025,13,43,55,13:43:55,255,Tahap-1
01/08/2025,13,43,55,13:43:55,180,Tahap-1
01/08/2025,13,43,55,13:43:55,229,Tahap-1
01/08/2025,13,43,55,13:43:55,18,Tahap-1
01/08/2025,13,43,55,13:43:55,257,Tahap-1
01/08/2025,13,43,55,13:43:55,372,Tahap-1
01/08/2025,13,43,55,13:43:55,363,Tahap-1
01/08/2025,13,43,55,13:43:55,185,Tahap-1
01/08/2025,13,43,55,13:43:55,187,Tahap-1
01/08/2025,13,43,55,13:43:55,310,Tahap-1
01/08/2025,13,43,56,13:43:56,95,Tahap-1
01/08/2025,13,43,56,13:43:56,162,Tahap-1
01/08/2025,13,43,56,13:43:56,139,Tahap-1
01/08/2025,13,43,56,13:43:56,212,Tahap-1
01/08/2025,13,43,56,13:43:56,318,Tahap-1
01/08/2025,13,43,56,13:43:56,151,Tahap-1
01/08/2025,13,43,56,13:43:56,290,Tahap-1
01/08/2025,13,43,56,13:43:56,171,Tahap-1
01/08/2025,13,43,56,13:43:56,124,Tahap-1
01/08/2025,13,43,56,13:43:56,63,Tahap-1
01/08/2025,13,43,57,13:43:57,180,Tahap-1
01/08/2025,13,43,57,13:43:57,176,Tahap-1
01/08/2025,13,43,57,13:43:57,139,Tahap-1
01/08/2025,13,43,57,13:43:57,414,Tahap-1
01/08/2025,13,43,57,13:43:57,290,Tahap-1
01/08/2025,13,43,57,13:43:57,178,Tahap-1
01/08/2025,13,43,57,13:43:57,110,Tahap-1
01/08/2025,13,43,57,13:43:57,96,Tahap-1
01/08/2025,13,43,57,13:43:57,98,Tahap-1
01/08/2025,13,43,57,13:43:57,52,Tahap-1
01/08/2025,13,43,58,13:43:58,93,Tahap-1
01/08/2025,13,43,58,13:43:58,132,Tahap-1
01/08/2025,13,43,58,13:43:58,154,Tahap-1
01/08/2025,13,43,58,13:43:58,127,Tahap-1
01/08/2025,13,43,58,13:43:58,85,Tahap-1
01/08/2025,13,43,58,13:43:58,106,Tahap-1
01/08/2025,13,43,58,13:43:58,8,Tahap-1
01/08/2025,13,43,58,13:43:58,77,Tahap-1
01/08/2025,13,43,58,13:43:58,63,Tahap-1
01/08/2025,13,43,58,13:43:58,32,Tahap-1
01/08/2025,13,43,59,13:43:59,111,Tahap-1
01/08/2025,13,43,59,13:43:59,188,Tahap-1
01/08/2025,13,43,59,13:43:59,103,Tahap-1
01/08/2025,13,43,59,13:43:59,136,Tahap-1
01/08/2025,13,43,59,13:43:59,158,Tahap-1
01/08/2025,13,43,59,13:43:59,288,Tahap-1
01/08/2025,13,43,59,13:43:59,870,Tahap-1
01/08/2025,13,43,59,13:43:59,353,Tahap-1
01/08/2025,13,43,59,13:43:59,171,Tahap-1
01/08/2025,13,43,59,13:43:59,487,Tahap-1
01/08/2025,13,44,1,13:44:01,167,Tahap-1
01/08/2025,13,44,1,13:44:01,190,Tahap-1
01/08/2025,13,44,1,13:44:01,93,Tahap-1
01/08/2025,13,44,1,13:44:01,653,Tahap-1
01/08/2025,13,44,1,13:44:01,343,Tahap-1
01/08/2025,13,44,1,13:44:01,237,Tahap-1
01/08/2025,13,44,1,13:44:01,285,Tahap-1
01/08/2025,13,44,1,13:44:01,213,Tahap-1
01/08/2025,13,44,1,13:44:01,81,Tahap-1
01/08/2025,13,44,1,13:44:01,845,Tahap-1
01/08/2025,13,44,2,13:44:02,160,Tahap-1
01/08/2025,13,44,2,13:44:02,156,Tahap-1
01/08/2025,13,44,2,13:44:02,475,Tahap-1
01/08/2025,13,44,2,13:44:02,260,Tahap-1
01/08/2025,13,44,2,13:44:02,224,Tahap-1
01/08/2025,13,44,2,13:44:02,232,Tahap-1
01/08/2025,13,44,2,13:44:02,252,Tahap-1
01/08/2025,13,44,2,13:44:02,111,Tahap-1
01/08/2025,13,44,2,13:44:02,159,Tahap-1
01/08/2025,13,44,2,13:44:02,72,Tahap-1
01/08/2025,13,44,3,13:44:03,236,Tahap-1
01/08/2025,13,44,3,13:44:03,137,Tahap-1
01/08/2025,13,44,3,13:44:03,220,Tahap-1
01/08/2025,13,44,3,13:44:03,281,Tahap-1
01/08/2025,13,44,3,13:44:03,230,Tahap-1
01/08/2025,13,44,3,13:44:03,69,Tahap-1
01/08/2025,13,44,3,13:44:03,240,Tahap-1
01/08/2025,13,44,3,13:44:03,389,Tahap-1
01/08/2025,13,44,3,13:44:03,192,Tahap-1
01/08/2025,13,44,3,13:44:03,61,Tahap-1
01/08/2025,13,44,4,13:44:04,342,Tahap-1
01/08/2025,13,44,4,13:44:04,432,Tahap-1
01/08/2025,13,44,4,13:44:04,1393,Tahap-1
01/08/2025,13,44,4,13:44:04,530,Tahap-1
01/08/2025,13,44,4,13:44:04,328,Tahap-1
01/08/2025,13,44,4,13:44:04,212,Tahap-1
01/08/2025,13,44,4,13:44:04,349,Tahap-1
01/08/2025,13,44,4,13:44:04,292,Tahap-1
01/08/2025,13,44,4,13:44:04,454,Tahap-1
01/08/2025,13,44,4,13:44:04,196,Tahap-1
01/08/2025,13,44,5,13:44:05,292,Tahap-1
01/08/2025,13,44,5,13:44:05,236,Tahap-1
01/08/2025,13,44,5,13:44:05,241,Tahap-1
01/08/2025,13,44,5,13:44:05,363,Tahap-1
01/08/2025,13,44,5,13:44:05,350,Tahap-1
01/08/2025,13,44,5,13:44:05,344,Tahap-1
01/08/2025,13,44,5,13:44:05,48,Tahap-1
01/08/2025,13,44,5,13:44:05,44,Tahap-1
01/08/2025,13,44,5,13:44:05,56,Tahap-1
01/08/2025,13,44,5,13:44:05,184,Tahap-1
01/08/2025,13,44,6,13:44:06,-16,Tahap-1
01/08/2025,13,44,6,13:44:06,204,Tahap-1
01/08/2025,13,44,6,13:44:06,96,Tahap-1
01/08/2025,13,44,6,13:44:06,264,Tahap-1
01/08/2025,13,44,6,13:44:06,132,Tahap-1
01/08/2025,13,44,6,13:44:06,144,Tahap-1
01/08/2025,13,44,6,13:44:06,200,Tahap-1
01/08/2025,13,44,6,13:44:06,156,Tahap-1
01/08/2025,13,44,6,13:44:06,96,Tahap-1
01/08/2025,13,44,6,13:44:06,208,Tahap-1
01/08/2025,13,44,7,13:44:07,176,Tahap-1
01/08/2025,13,44,7,13:44:07,196,Tahap-1
01/08/2025,13,44,7,13:44:07,96,Tahap-1
01/08/2025,13,44,7,13:44:07,120,Tahap-1
01/08/2025,13,44,7,13:44:07,92,Tahap-1
01/08/2025,13,44,7,13:44:07,204,Tahap-1
01/08/2025,13,44,7,13:44:07,-52,Tahap-1
01/08/2025,13,44,7,13:44:07,240,Tahap-1
01/08/2025,13,44,7,13:44:07,32,Tahap-1
01/08/2025,13,44,8,13:44:08,64,Tahap-1
01/08/2025,13,44,8,13:44:08,120,Tahap-1
01/08/2025,13,44,8,13:44:08,80,Tahap-1
01/08/2025,13,44,8,13:44:08,120,Tahap-1
01/08/2025,13,44,8,13:44:08,88,Tahap-1
01/08/2025,13,44,8,13:44:08,168,Tahap-1
01/08/2025,13,44,8,13:44:08,264,Tahap-1
01/08/2025,13,44,8,13:44:08,136,Tahap-1
01/08/2025,13,44,8,13:44:08,116,Tahap-1
01/08/2025,13,44,8,13:44:08,328,Tahap-1
01/08/2025,13,44,9,13:44:09,44,Tahap-1
01/08/2025,13,44,9,13:44:09,216,Tahap-1
01/08/2025,13,44,9,13:44:09,160,Tahap-1
01/08/2025,13,44,9,13:44:09,296,Tahap-1
01/08/2025,13,44,9,13:44:09,80,Tahap-1
01/08/2025,13,44,9,13:44:09,272,Tahap-1
01/08/2025,13,44,9,13:44:09,112,Tahap-1
01/08/2025,13,44,9,13:44:09,188,Tahap-1
01/08/2025,13,44,9,13:44:09,148,Tahap-1
01/08/2025,13,44,9,13:44:09,108,Tahap-1
01/08/2025,13,44,10,13:44:10,244,Tahap-1
01/08/2025,13,44,10,13:44:10,120,Tahap-1
01/08/2025,13,44,10,13:44:10,108,Tahap-1
01/08/2025,13,44,10,13:44:10,144,Tahap-1
01/08/2025,13,44,10,13:44:10,144,Tahap-1
01/08/2025,13,44,10,13:44:10,192,Tahap-1
01/08/2025,13,44,10,13:44:10,20,Tahap-1
01/08/2025,13,44,10,13:44:10,248,Tahap-1
01/08/2025,13,44,10,13:44:10,40,Tahap-1
01/08/2025,13,44,10,13:44:10,176,Tahap-1
01/08/2025,13,44,11,13:44:11,12,Tahap-1
01/08/2025,13,44,11,13:44:11,144,Tahap-1
01/08/2025,13,44,11,13:44:11,20,Tahap-1
01/08/2025,13,44,11,13:44:11,56,Tahap-1
01/08/2025,13,44,11,13:44:11,28,Tahap-1
01/08/2025,13,44,11,13:44:11,124,Tahap-1
01/08/2025,13,44,11,13:44:11,204,Tahap-1
01/08/2025,13,44,11,13:44:11,108,Tahap-1
01/08/2025,13,44,11,13:44:11,104,Tahap-1
01/08/2025,13,44,11,13:44:11,136,Tahap-1
01/08/2025,13,44,12,13:44:12,132,Tahap-1
01/08/2025,13,44,12,13:44:12,44,Tahap-1
01/08/2025,13,44,12,13:44:12,156,Tahap-1
01/08/2025,13,44,12,13:44:12,208,Tahap-1
01/08/2025,13,44,12,13:44:12,44,Tahap-1
01/08/2025,13,44,12,13:44:12,212,Tahap-1
01/08/2025,13,44,12,13:44:12,84,Tahap-1
01/08/2025,13,44,12,13:44:12,248,Tahap-1
01/08/2025,13,44,12,13:44:12,36,Tahap-1
01/08/2025,13,44,12,13:44:12,212,Tahap-1
01/08/2025,13,44,13,13:44:13,12,Tahap-1
01/08/2025,13,44,13,13:44:13,240,Tahap-1
01/08/2025,13,44,13,13:44:13,-12,Tahap-1
01/08/2025,13,44,13,13:44:13,88,Tahap-1
01/08/2025,13,44,13,13:44:13,176,Tahap-1
01/08/2025,13,44,13,13:44:13,72,Tahap-1
01/08/2025,13,44,13,13:44:13,40,Tahap-1
01/08/2025,13,44,13,13:44:13,164,Tahap-1
01/08/2025,13,44,13,13:44:13,220,Tahap-1
01/08/2025,13,44,13,13:44:13,40,Tahap-1
01/08/2025,13,44,14,13:44:14,180,Tahap-1
01/08/2025,13,44,14,13:44:14,144,Tahap-1
01/08/2025,13,44,14,13:44:14,176,Tahap-1
01/08/2025,13,44,14,13:44:14,160,Tahap-1
01/08/2025,13,44,14,13:44:14,176,Tahap-1
01/08/2025,13,44,14,13:44:14,300,Tahap-1
01/08/2025,13,44,14,13:44:14,216,Tahap-1
01/08/2025,13,44,14,13:44:14,140,Tahap-1
01/08/2025,13,44,14,13:44:14,284,Tahap-1
01/08/2025,13,44,14,13:44:14,208,Tahap-1
01/08/2025,13,44,15,13:44:15,256,Tahap-1
01/08/2025,13,44,15,13:44:15,172,Tahap-1
01/08/2025,13,44,15,13:44:15,248,Tahap-1
01/08/2025,13,44,15,13:44:15,208,Tahap-1
01/08/2025,13,44,15,13:44:15,184,Tahap-1
01/08/2025,13,44,15,13:44:15,236,Tahap-1
01/08/2025,13,44,15,13:44:15,316,Tahap-1
01/08/2025,13,44,15,13:44:15,232,Tahap-1
01/08/2025,13,44,15,13:44:15,116,Tahap-1
01/08/2025,13,44,15,13:44:15,272,Tahap-1
01/08/2025,13,44,15,13:44:15,72,Tahap-1
01/08/2025,13,44,16,13:44:16,284,Tahap-1
01/08/2025,13,44,16,13:44:16,116,Tahap-1
01/08/2025,13,44,16,13:44:16,312,Tahap-1
01/08/2025,13,44,16,13:44:16,132,Tahap-1
01/08/2025,13,44,16,13:44:16,280,Tahap-1
01/08/2025,13,44,16,13:44:16,136,Tahap-1
01/08/2025,13,44,16,13:44:16,200,Tahap-1
01/08/2025,13,44,16,13:44:16,168,Tahap-1
01/08/2025,13,44,16,13:44:16,20,Tahap-1
01/08/2025,13,44,17,13:44:17,252,Tahap-1
01/08/2025,13,44,17,13:44:17,76,Tahap-1
01/08/2025,13,44,17,13:44:17,144,Tahap-1
01/08/2025,13,44,17,13:44:17,232,Tahap-1
01/08/2025,13,44,17,13:44:17,156,Tahap-1
01/08/2025,13,44,17,13:44:17,192,Tahap-1
01/08/2025,13,44,17,13:44:17,180,Tahap-1
01/08/2025,13,44,17,13:44:17,236,Tahap-1
01/08/2025,13,44,17,13:44:17,176,Tahap-1
01/08/2025,13,44,17,13:44:17,296,Tahap-1
01/08/2025,13,44,17,13:44:17,20,Tahap-1
01/08/2025,13,44,18,13:44:18,220,Tahap-1
01/08/2025,13,44,18,13:44:18,104,Tahap-1
01/08/2025,13,44,18,13:44:18,76,Tahap-1
01/08/2025,13,44,18,13:44:18,108,Tahap-1
01/08/2025,13,44,42,13:44:42,2827,Tahap-1
01/08/2025,13,44,42,13:44:42,1761,Tahap-1
01/08/2025,13,44,43,13:44:43,913,Tahap-1
01/08/2025,13,44,43,13:44:43,810,Tahap-1
01/08/2025,13,44,43,13:44:43,1113,Tahap-1
01/08/2025,13,44,43,13:44:43,509,Tahap-1
01/08/2025,13,44,43,13:44:43,336,Tahap-1
01/08/2025,13,44,43,13:44:43,88,Tahap-1
01/08/2025,13,44,43,13:44:43,306,Tahap-1
01/08/2025,13,44,43,13:44:43,243,Tahap-1
01/08/2025,13,44,43,13:44:43,113,Tahap-1
01/08/2025,13,44,43,13:44:43,254,Tahap-1
01/08/2025,13,44,44,13:44:44,82,Tahap-1
01/08/2025,13,44,44,13:44:44,241,Tahap-1
01/08/2025,13,44,44,13:44:44,192,Tahap-1
01/08/2025,13,44,44,13:44:44,210,Tahap-1
01/08/2025,13,44,44,13:44:44,213,Tahap-1
01/08/2025,13,44,44,13:44:44,126,Tahap-1
01/08/2025,13,44,44,13:44:44,176,Tahap-1
01/08/2025,13,44,44,13:44:44,179,Tahap-1
01/08/2025,13,44,44,13:44:44,47,Tahap-1
01/08/2025,13,44,44,13:44:44,163,Tahap-1
01/08/2025,13,44,45,13:44:45,451,Tahap-1
01/08/2025,13,44,45,13:44:45,219,Tahap-1
01/08/2025,13,44,45,13:44:45,240,Tahap-1
01/08/2025,13,44,45,13:44:45,187,Tahap-1
01/08/2025,13,44,45,13:44:45,312,Tahap-1
01/08/2025,13,44,45,13:44:45,88,Tahap-1
01/08/2025,13,44,45,13:44:45,129,Tahap-1
01/08/2025,13,44,45,13:44:45,117,Tahap-1
01/08/2025,13,44,45,13:44:45,187,Tahap-1
01/08/2025,13,44,45,13:44:45,234,Tahap-1
01/08/2025,13,44,46,13:44:46,107,Tahap-1
01/08/2025,13,44,46,13:44:46,87,Tahap-1
01/08/2025,13,44,46,13:44:46,329,Tahap-1
01/08/2025,13,44,46,13:44:46,106,Tahap-1
01/08/2025,13,44,46,13:44:46,82,Tahap-1
01/08/2025,13,44,46,13:44:46,80,Tahap-1
01/08/2025,13,44,46,13:44:46,77,Tahap-1
01/08/2025,13,44,46,13:44:46,151,Tahap-1
01/08/2025,13,44,46,13:44:46,247,Tahap-1
01/08/2025,13,44,46,13:44:46,94,Tahap-1
01/08/2025,13,44,47,13:44:47,101,Tahap-1
01/08/2025,13,44,47,13:44:47,163,Tahap-1
01/08/2025,13,44,47,13:44:47,99,Tahap-1
01/08/2025,13,44,47,13:44:47,327,Tahap-1
01/08/2025,13,44,47,13:44:47,261,Tahap-1
01/08/2025,13,44,47,13:44:47,87,Tahap-1
01/08/2025,13,44,47,13:44:47,142,Tahap-1
01/08/2025,13,44,47,13:44:47,74,Tahap-1
01/08/2025,13,44,47,13:44:47,96,Tahap-1
01/08/2025,13,44,47,13:44:47,87,Tahap-1
01/08/2025,13,44,48,13:44:48,39,Tahap-1
01/08/2025,13,44,48,13:44:48,78,Tahap-1
01/08/2025,13,44,48,13:44:48,41,Tahap-1
01/08/2025,13,44,48,13:44:48,127,Tahap-1
01/08/2025,13,44,48,13:44:48,53,Tahap-1
01/08/2025,13,44,48,13:44:48,94,Tahap-1
01/08/2025,13,44,48,13:44:48,11,Tahap-1
01/08/2025,13,44,48,13:44:48,64,Tahap-1
01/08/2025,13,44,48,13:44:48,90,Tahap-1
01/08/2025,13,44,48,13:44:48,92,Tahap-1
01/08/2025,13,44,49,13:44:49,306,Tahap-1
01/08/2025,13,44,49,13:44:49,357,Tahap-1
01/08/2025,13,44,49,13:44:49,222,Tahap-1
01/08/2025,13,44,49,13:44:49,163,Tahap-1
01/08/2025,13,44,49,13:44:49,316,Tahap-1
01/08/2025,13,44,49,13:44:49,412,Tahap-1
01/08/2025,13,44,49,13:44:49,843,Tahap-1
01/08/2025,13,44,49,13:44:49,109,Tahap-1
01/08/2025,13,44,49,13:44:49,194,Tahap-1
01/08/2025,13,44,49,13:44:49,55,Tahap-1
01/08/2025,13,44,50,13:44:50,97,Tahap-1
01/08/2025,13,44,50,13:44:50,113,Tahap-1
01/08/2025,13,44,50,13:44:50,136,Tahap-1
01/08/2025,13,44,50,13:44:50,87,Tahap-1
01/08/2025,13,44,50,13:44:50,69,Tahap-1
01/08/2025,13,44,50,13:44:50,86,Tahap-1
01/08/2025,13,44,50,13:44:50,144,Tahap-1
01/08/2025,13,44,50,13:44:50,161,Tahap-1
01/08/2025,13,44,50,13:44:50,127,Tahap-1
01/08/2025,13,44,50,13:44:50,201,Tahap-1
01/08/2025,13,44,51,13:44:51,139,Tahap-1
01/08/2025,13,44,51,13:44:51,280,Tahap-1
01/08/2025,13,44,51,13:44:51,469,Tahap-1
01/08/2025,13,44,51,13:44:51,146,Tahap-1
01/08/2025,13,44,51,13:44:51,239,Tahap-1
01/08/2025,13,44,51,13:44:51,174,Tahap-1
01/08/2025,13,44,51,13:44:51,56,Tahap-1
01/08/2025,13,44,51,13:44:51,154,Tahap-1
01/08/2025,13,44,51,13:44:51,646,Tahap-1
01/08/2025,13,44,51,13:44:51,299,Tahap-1
01/08/2025,13,44,52,13:44:52,652,Tahap-1
01/08/2025,13,44,52,13:44:52,315,Tahap-1
01/08/2025,13,44,52,13:44:52,241,Tahap-1
01/08/2025,13,44,52,13:44:52,218,Tahap-1
01/08/2025,13,44,52,13:44:52,159,Tahap-1
01/08/2025,13,44,52,13:44:52,67,Tahap-1
01/08/2025,13,44,52,13:44:52,152,Tahap-1
01/08/2025,13,44,52,13:44:52,32,Tahap-1
01/08/2025,13,44,52,13:44:52,244,Tahap-1
01/08/2025,13,44,52,13:44:52,144,Tahap-1
01/08/2025,13,44,53,13:44:53,187,Tahap-1
01/08/2025,13,44,53,13:44:53,193,Tahap-1
01/08/2025,13,44,53,13:44:53,319,Tahap-1
01/08/2025,13,44,53,13:44:53,268,Tahap-1
01/08/2025,13,44,53,13:44:53,313,Tahap-1
01/08/2025,13,44,53,13:44:53,220,Tahap-1
01/08/2025,13,44,53,13:44:53,218,Tahap-1
01/08/2025,13,44,53,13:44:53,421,Tahap-1
01/08/2025,13,44,53,13:44:53,465,Tahap-1
01/08/2025,13,44,53,13:44:53,485,Tahap-1
01/08/2025,13,44,54,13:44:54,400,Tahap-1
01/08/2025,13,44,54,13:44:54,684,Tahap-1
01/08/2025,13,44,54,13:44:54,1138,Tahap-1
01/08/2025,13,44,54,13:44:54,473,Tahap-1
01/08/2025,13,44,54,13:44:54,135,Tahap-1
01/08/2025,13,44,54,13:44:54,475,Tahap-1
01/08/2025,13,44,54,13:44:54,152,Tahap-1
01/08/2025,13,44,54,13:44:54,95,Tahap-1
01/08/2025,13,44,54,13:44:54,181,Tahap-1
01/08/2025,13,44,54,13:44:54,338,Tahap-1
01/08/2025,13,44,55,13:44:55,299,Tahap-1
01/08/2025,13,44,55,13:44:55,296,Tahap-1
01/08/2025,13,44,55,13:44:55,289,Tahap-1
01/08/2025,13,44,55,13:44:55,34,Tahap-1
01/08/2025,13,44,55,13:44:55,990,Tahap-1
01/08/2025,13,44,55,13:44:55,64,Tahap-1
01/08/2025,13,44,55,13:44:55,-32,Tahap-1
01/08/2025,13,44,55,13:44:55,64,Tahap-1
01/08/2025,13,44,55,13:44:55,-48,Tahap-1
01/08/2025,13,44,55,13:44:55,24,Tahap-1
01/08/2025,13,44,56,13:44:56,-24,Tahap-1
01/08/2025,13,44,56,13:44:56,-28,Tahap-1
01/08/2025,13,44,56,13:44:56,-56,Tahap-1
01/08/2025,13,44,56,13:44:56,56,Tahap-1
01/08/2025,13,44,56,13:44:56,-164,Tahap-1
01/08/2025,13,44,56,13:44:56,12,Tahap-1
01/08/2025,13,44,56,13:44:56,12,Tahap-1
01/08/2025,13,44,56,13:44:56,-28,Tahap-1
01/08/2025,13,44,56,13:44:56,-60,Tahap-1
01/08/2025,13,44,56,13:44:56,-96,Tahap-1
01/08/2025,13,44,57,13:44:57,-8,Tahap-1
01/08/2025,13,44,57,13:44:57,-52,Tahap-1
01/08/2025,13,44,57,13:44:57,-128,Tahap-1
01/08/2025,13,44,57,13:44:57,-56,Tahap-1
01/08/2025,13,44,57,13:44:57,-56,Tahap-1
01/08/2025,13,44,57,13:44:57,-24,Tahap-1
01/08/2025,13,44,57,13:44:57,-100,Tahap-1
01/08/2025,13,44,57,13:44:57,-84,Tahap-1
01/08/2025,13,44,57,13:44:57,8,Tahap-1
01/08/2025,13,44,58,13:44:58,-160,Tahap-1
01/08/2025,13,44,58,13:44:58,8,Tahap-1
01/08/2025,13,44,58,13:44:58,4,Tahap-1
01/08/2025,13,44,58,13:44:58,-96,Tahap-1
01/08/2025,13,44,58,13:44:58,-64,Tahap-1
01/08/2025,13,44,58,13:44:58,-64,Tahap-1
01/08/2025,13,44,58,13:44:58,-40,Tahap-1
01/08/2025,13,44,58,13:44:58,-64,Tahap-1
01/08/2025,13,44,58,13:44:58,28,Tahap-1
01/08/2025,13,44,58,13:44:58,-48,Tahap-1
01/08/2025,13,44,59,13:44:59,64,Tahap-1
01/08/2025,13,44,59,13:44:59,-28,Tahap-1
01/08/2025,13,44,59,13:44:59,-96,Tahap-1
01/08/2025,13,44,59,13:44:59,52,Tahap-1
01/08/2025,13,44,59,13:44:59,-188,Tahap-1
01/08/2025,13,44,59,13:44:59,-48,Tahap-1
01/08/2025,13,44,59,13:44:59,-76,Tahap-1
01/08/2025,13,44,59,13:44:59,48,Tahap-1
01/08/2025,13,44,59,13:44:59,-96,Tahap-1
01/08/2025,13,44,59,13:44:59,32,Tahap-1
01/08/2025,13,45,1,13:45:01,-36,Tahap-1
01/08/2025,13,45,1,13:45:01,-44,Tahap-1
01/08/2025,13,45,1,13:45:01,-20,Tahap-1
01/08/2025,13,45,1,13:45:01,-84,Tahap-1
01/08/2025,13,45,1,13:45:01,-120,Tahap-1
01/08/2025,13,45,1,13:45:01,24,Tahap-1
01/08/2025,13,45,1,13:45:01,-152,Tahap-1
01/08/2025,13,45,1,13:45:01,-136,Tahap-1
01/08/2025,13,45,1,13:45:01,-112,Tahap-1
01/08/2025,13,45,1,13:45:01,-20,Tahap-1
01/08/2025,13,45,2,13:45:02,-144,Tahap-1
01/08/2025,13,45,2,13:45:02,-24,Tahap-1
01/08/2025,13,45,2,13:45:02,-144,Tahap-1
01/08/2025,13,45,2,13:45:02,-80,Tahap-1
01/08/2025,13,45,2,13:45:02,-16,Tahap-1
01/08/2025,13,45,2,13:45:02,-240,Tahap-1
01/08/2025,13,45,2,13:45:02,68,Tahap-1
01/08/2025,13,45,2,13:45:02,-120,Tahap-1
01/08/2025,13,45,2,13:45:02,-128,Tahap-1
01/08/2025,13,45,2,13:45:02,-160,Tahap-1
01/08/2025,13,45,3,13:45:03,44,Tahap-1
01/08/2025,13,45,3,13:45:03,-176,Tahap-1
01/08/2025,13,45,3,13:45:03,-28,Tahap-1
01/08/2025,13,45,3,13:45:03,-32,Tahap-1
01/08/2025,13,45,3,13:45:03,-76,Tahap-1
01/08/2025,13,45,3,13:45:03,32,Tahap-1
01/08/2025,13,45,3,13:45:03,-116,Tahap-1
01/08/2025,13,45,3,13:45:03,16,Tahap-1
01/08/2025,13,45,3,13:45:03,-48,Tahap-1
01/08/2025,13,45,3,13:45:03,-128,Tahap-1
01/08/2025,13,45,4,13:45:04,-80,Tahap-1
01/08/2025,13,45,4,13:45:04,-4,Tahap-1
01/08/2025,13,45,4,13:45:04,-48,Tahap-1
01/08/2025,13,45,4,13:45:04,-68,Tahap-1
01/08/2025,13,45,4,13:45:04,-4,Tahap-1
01/08/2025,13,45,4,13:45:04,-96,Tahap-1
01/08/2025,13,45,4,13:45:04,56,Tahap-1
01/08/2025,13,45,4,13:45:04,-176,Tahap-1
01/08/2025,13,45,4,13:45:04,40,Tahap-1
01/08/2025,13,45,4,13:45:04,-88,Tahap-1
01/08/2025,13,45,5,13:45:05,-144,Tahap-1
01/08/2025,13,45,5,13:45:05,-160,Tahap-1
01/08/2025,13,45,5,13:45:05,-84,Tahap-1
01/08/2025,13,45,5,13:45:05,-112,Tahap-1
01/08/2025,13,45,5,13:45:05,-76,Tahap-1
01/08/2025,13,45,5,13:45:05,-84,Tahap-1
01/08/2025,13,45,5,13:45:05,-120,Tahap-1
01/08/2025,13,45,5,13:45:05,-40,Tahap-1
01/08/2025,13,45,5,13:45:05,-164,Tahap-1
01/08/2025,13,45,5,13:45:05,-116,Tahap-1
01/08/2025,13,45,6,13:45:06,-16,Tahap-1
01/08/2025,13,45,6,13:45:06,-260,Tahap-1
01/08/2025,13,45,6,13:45:06,-144,Tahap-1
01/08/2025,13,45,6,13:45:06,-152,Tahap-1
01/08/2025,13,45,6,13:45:06,-92,Tahap-1
01/08/2025,13,45,6,13:45:06,-256,Tahap-1
01/08/2025,13,45,6,13:45:06,8,Tahap-1
01/08/2025,13,45,6,13:45:06,-240,Tahap-1
01/08/2025,13,45,6,13:45:06,-20,Tahap-1
01/08/2025,13,45,6,13:45:06,-168,Tahap-1
01/08/2025,13,45,7,13:45:07,-80,Tahap-1
01/08/2025,13,45,7,13:45:07,-96,Tahap-1
01/08/2025,13,45,7,13:45:07,-120,Tahap-1
01/08/2025,13,45,7,13:45:07,-236,Tahap-1
01/08/2025,13,45,7,13:45:07,-96,Tahap-1
01/08/2025,13,45,7,13:45:07,-76,Tahap-1
01/08/2025,13,45,7,13:45:07,-116,Tahap-1
01/08/2025,13,45,7,13:45:07,-72,Tahap-1
01/08/2025,13,45,7,13:45:07,-48,Tahap-1
01/08/2025,13,45,7,13:45:07,-116,Tahap-1
01/08/2025,13,45,7,13:45:07,-56,Tahap-1
01/08/2025,13,45,8,13:45:08,-188,Tahap-1
01/08/2025,13,45,8,13:45:08,36,Tahap-1
01/08/2025,13,45,8,13:45:08,-244,Tahap-1
01/08/2025,13,45,32,13:45:32,5124,Tahap-1
01/08/2025,13,45,32,13:45:32,2695,Tahap-1
01/08/2025,13,45,32,13:45:32,4413,Tahap-1
01/08/2025,13,45,33,13:45:33,1204,Tahap-1
01/08/2025,13,45,33,13:45:33,2569,Tahap-1
01/08/2025,13,45,33,13:45:33,1127,Tahap-1
01/08/2025,13,45,33,13:45:33,634,Tahap-1
01/08/2025,13,45,33,13:45:33,268,Tahap-1
01/08/2025,13,45,33,13:45:33,143,Tahap-1
01/08/2025,13,45,33,13:45:33,348,Tahap-1
01/08/2025,13,45,33,13:45:33,89,Tahap-1
01/08/2025,13,45,33,13:45:33,236,Tahap-1
01/08/2025,13,45,33,13:45:33,57,Tahap-1
01/08/2025,13,45,34,13:45:34,165,Tahap-1
01/08/2025,13,45,34,13:45:34,224,Tahap-1
01/08/2025,13,45,34,13:45:34,125,Tahap-1
01/08/2025,13,45,34,13:45:34,153,Tahap-1
01/08/2025,13,45,34,13:45:34,62,Tahap-1
01/08/2025,13,45,34,13:45:34,112,Tahap-1
01/08/2025,13,45,34,13:45:34,151,Tahap-1
01/08/2025,13,45,34,13:45:34,179,Tahap-1
01/08/2025,13,45,34,13:45:34,220,Tahap-1
01/08/2025,13,45,34,13:45:34,559,Tahap-1
01/08/2025,13,45,35,13:45:35,42,Tahap-1
01/08/2025,13,45,35,13:45:35,20,Tahap-1
01/08/2025,13,45,35,13:45:35,163,Tahap-1
01/08/2025,13,45,35,13:45:35,84,Tahap-1
01/08/2025,13,45,35,13:45:35,163,Tahap-1
01/08/2025,13,45,35,13:45:35,178,Tahap-1
01/08/2025,13,45,35,13:45:35,121,Tahap-1
01/08/2025,13,45,35,13:45:35,115,Tahap-1
01/08/2025,13,45,35,13:45:35,185,Tahap-1
01/08/2025,13,45,35,13:45:35,30,Tahap-1
01/08/2025,13,45,36,13:45:36,138,Tahap-1
01/08/2025,13,45,36,13:45:36,138,Tahap-1
01/08/2025,13,45,36,13:45:36,407,Tahap-1
01/08/2025,13,45,36,13:45:36,152,Tahap-1
01/08/2025,13,45,36,13:45:36,17,Tahap-1
01/08/2025,13,45,36,13:45:36,40,Tahap-1
01/08/2025,13,45,36,13:45:36,70,Tahap-1
01/08/2025,13,45,36,13:45:36,78,Tahap-1
01/08/2025,13,45,36,13:45:36,163,Tahap-1
01/08/2025,13,45,36,13:45:36,199,Tahap-1
01/08/2025,13,45,37,13:45:37,220,Tahap-1
01/08/2025,13,45,37,13:45:37,222,Tahap-1
01/08/2025,13,45,37,13:45:37,448,Tahap-1
01/08/2025,13,45,37,13:45:37,124,Tahap-1
01/08/2025,13,45,37,13:45:37,127,Tahap-1
01/08/2025,13,45,37,13:45:37,145,Tahap-1
01/08/2025,13,45,37,13:45:37,98,Tahap-1
01/08/2025,13,45,37,13:45:37,76,Tahap-1
01/08/2025,13,45,37,13:45:37,99,Tahap-1
01/08/2025,13,45,37,13:45:37,72,Tahap-1
01/08/2025,13,45,38,13:45:38,64,Tahap-1
01/08/2025,13,45,38,13:45:38,167,Tahap-1
01/08/2025,13,45,38,13:45:38,106,Tahap-1
01/08/2025,13,45,38,13:45:38,140,Tahap-1
01/08/2025,13,45,38,13:45:38,64,Tahap-1
01/08/2025,13,45,38,13:45:38,225,Tahap-1
01/08/2025,13,45,38,13:45:38,80,Tahap-1
01/08/2025,13,45,38,13:45:38,153,Tahap-1
01/08/2025,13,45,38,13:45:38,105,Tahap-1
01/08/2025,13,45,38,13:45:38,63,Tahap-1
01/08/2025,13,45,39,13:45:39,45,Tahap-1
01/08/2025,13,45,39,13:45:39,231,Tahap-1
01/08/2025,13,45,39,13:45:39,228,Tahap-1
01/08/2025,13,45,39,13:45:39,103,Tahap-1
01/08/2025,13,45,39,13:45:39,365,Tahap-1
01/08/2025,13,45,39,13:45:39,918,Tahap-1
01/08/2025,13,45,39,13:45:39,376,Tahap-1
01/08/2025,13,45,39,13:45:39,298,Tahap-1
01/08/2025,13,45,39,13:45:39,229,Tahap-1
01/08/2025,13,45,39,13:45:39,47,Tahap-1
01/08/2025,13,45,40,13:45:40,194,Tahap-1
01/08/2025,13,45,40,13:45:40,266,Tahap-1
01/08/2025,13,45,40,13:45:40,19,Tahap-1
01/08/2025,13,45,40,13:45:40,105,Tahap-1
01/08/2025,13,45,40,13:45:40,134,Tahap-1
01/08/2025,13,45,40,13:45:40,98,Tahap-1
01/08/2025,13,45,40,13:45:40,35,Tahap-1
01/08/2025,13,45,40,13:45:40,242,Tahap-1
01/08/2025,13,45,40,13:45:40,74,Tahap-1
01/08/2025,13,45,40,13:45:40,141,Tahap-1
01/08/2025,13,45,41,13:45:41,60,Tahap-1
01/08/2025,13,45,41,13:45:41,545,Tahap-1
01/08/2025,13,45,41,13:45:41,140,Tahap-1
01/08/2025,13,45,41,13:45:41,191,Tahap-1
01/08/2025,13,45,41,13:45:41,252,Tahap-1
01/08/2025,13,45,41,13:45:41,58,Tahap-1
01/08/2025,13,45,41,13:45:41,180,Tahap-1
01/08/2025,13,45,41,13:45:41,122,Tahap-1
01/08/2025,13,45,41,13:45:41,847,Tahap-1
01/08/2025,13,45,41,13:45:41,738,Tahap-1
01/08/2025,13,45,42,13:45:42,416,Tahap-1
01/08/2025,13,45,42,13:45:42,487,Tahap-1
01/08/2025,13,45,42,13:45:42,263,Tahap-1
01/08/2025,13,45,42,13:45:42,251,Tahap-1
01/08/2025,13,45,42,13:45:42,482,Tahap-1
01/08/2025,13,45,42,13:45:42,188,Tahap-1
01/08/2025,13,45,42,13:45:42,39,Tahap-1
01/08/2025,13,45,42,13:45:42,105,Tahap-1
01/08/2025,13,45,42,13:45:42,278,Tahap-1
01/08/2025,13,45,42,13:45:42,33,Tahap-1
01/08/2025,13,45,43,13:45:43,177,Tahap-1
01/08/2025,13,45,43,13:45:43,168,Tahap-1
01/08/2025,13,45,43,13:45:43,66,Tahap-1
01/08/2025,13,45,43,13:45:43,96,Tahap-1
01/08/2025,13,45,43,13:45:43,231,Tahap-1
01/08/2025,13,45,43,13:45:43,172,Tahap-1
01/08/2025,13,45,43,13:45:43,269,Tahap-1
01/08/2025,13,45,43,13:45:43,646,Tahap-1
01/08/2025,13,45,43,13:45:43,304,Tahap-1
01/08/2025,13,45,43,13:45:43,567,Tahap-1
01/08/2025,13,45,44,13:45:44,1201,Tahap-1
01/08/2025,13,45,44,13:45:44,348,Tahap-1
01/08/2025,13,45,44,13:45:44,605,Tahap-1
01/08/2025,13,45,44,13:45:44,600,Tahap-1
01/08/2025,13,45,44,13:45:44,259,Tahap-1
01/08/2025,13,45,44,13:45:44,374,Tahap-1
01/08/2025,13,45,44,13:45:44,221,Tahap-1
01/08/2025,13,45,44,13:45:44,327,Tahap-1
01/08/2025,13,45,44,13:45:44,214,Tahap-1
01/08/2025,13,45,44,13:45:44,285,Tahap-1
01/08/2025,13,45,45,13:45:45,269,Tahap-1
01/08/2025,13,45,45,13:45:45,432,Tahap-1
01/08/2025,13,45,45,13:45:45,561,Tahap-1
01/08/2025,13,45,45,13:45:45,1419,Tahap-1
01/08/2025,13,45,45,13:45:45,22,Tahap-1
01/08/2025,13,45,45,13:45:45,8,Tahap-1
01/08/2025,13,45,45,13:45:45,4,Tahap-1
01/08/2025,13,45,45,13:45:45,52,Tahap-1
01/08/2025,13,45,45,13:45:45,14,Tahap-1
01/08/2025,13,45,45,13:45:45,-48,Tahap-1
01/08/2025,13,45,46,13:45:46,70,Tahap-1
01/08/2025,13,45,46,13:45:46,-68,Tahap-1
01/08/2025,13,45,46,13:45:46,20,Tahap-1
01/08/2025,13,45,46,13:45:46,-60,Tahap-1
01/08/2025,13,45,46,13:45:46,48,Tahap-1
01/08/2025,13,45,46,13:45:46,-42,Tahap-1
01/08/2025,13,45,46,13:45:46,42,Tahap-1
01/08/2025,13,45,46,13:45:46,-22,Tahap-1
01/08/2025,13,45,46,13:45:46,-16,Tahap-1
01/08/2025,13,45,46,13:45:46,-12,Tahap-1
01/08/2025,13,45,47,13:45:47,-22,Tahap-1
01/08/2025,13,45,47,13:45:47,8,Tahap-1
01/08/2025,13,45,47,13:45:47,-28,Tahap-1
01/08/2025,13,45,47,13:45:47,-82,Tahap-1
01/08/2025,13,45,47,13:45:47,-40,Tahap-1
01/08/2025,13,45,47,13:45:47,-14,Tahap-1
01/08/2025,13,45,47,13:45:47,6,Tahap-1
01/08/2025,13,45,47,13:45:47,-42,Tahap-1
01/08/2025,13,45,47,13:45:47,54,Tahap-1
01/08/2025,13,45,47,13:45:47,-30,Tahap-1
01/08/2025,13,45,48,13:45:48,20,Tahap-1
01/08/2025,13,45,48,13:45:48,-56,Tahap-1
01/08/2025,13,45,48,13:45:48,72,Tahap-1
01/08/2025,13,45,48,13:45:48,-18,Tahap-1
01/08/2025,13,45,48,13:45:48,18,Tahap-1
01/08/2025,13,45,48,13:45:48,10,Tahap-1
01/08/2025,13,45,48,13:45:48,66,Tahap-1
01/08/2025,13,45,48,13:45:48,82,Tahap-1
01/08/2025,13,45,48,13:45:48,66,Tahap-1
01/08/2025,13,45,48,13:45:48,104,Tahap-1
01/08/2025,13,45,49,13:45:49,100,Tahap-1
01/08/2025,13,45,49,13:45:49,116,Tahap-1
01/08/2025,13,45,49,13:45:49,62,Tahap-1
01/08/2025,13,45,49,13:45:49,148,Tahap-1
01/08/2025,13,45,49,13:45:49,146,Tahap-1
01/08/2025,13,45,49,13:45:49,82,Tahap-1
01/08/2025,13,45,49,13:45:49,120,Tahap-1
01/08/2025,13,45,49,13:45:49,150,Tahap-1
01/08/2025,13,45,49,13:45:49,148,Tahap-1
01/08/2025,13,45,49,13:45:49,116,Tahap-1
01/08/2025,13,45,50,13:45:50,214,Tahap-1
01/08/2025,13,45,50,13:45:50,142,Tahap-1
01/08/2025,13,45,50,13:45:50,204,Tahap-1
01/08/2025,13,45,50,13:45:50,130,Tahap-1
01/08/2025,13,45,50,13:45:50,154,Tahap-1
01/08/2025,13,45,50,13:45:50,244,Tahap-1
01/08/2025,13,45,50,13:45:50,100,Tahap-1
01/08/2025,13,45,50,13:45:50,180,Tahap-1
01/08/2025,13,45,50,13:45:50,196,Tahap-1
01/08/2025,13,45,50,13:45:50,120,Tahap-1
01/08/2025,13,45,51,13:45:51,200,Tahap-1
01/08/2025,13,45,51,13:45:51,168,Tahap-1
01/08/2025,13,45,51,13:45:51,188,Tahap-1
01/08/2025,13,45,51,13:45:51,144,Tahap-1
01/08/2025,13,45,51,13:45:51,156,Tahap-1
01/08/2025,13,45,51,13:45:51,98,Tahap-1
01/08/2025,13,45,51,13:45:51,142,Tahap-1
01/08/2025,13,45,51,13:45:51,60,Tahap-1
01/08/2025,13,45,51,13:45:51,128,Tahap-1
01/08/2025,13,45,51,13:45:51,88,Tahap-1
01/08/2025,13,45,52,13:45:52,98,Tahap-1
01/08/2025,13,45,52,13:45:52,102,Tahap-1
01/08/2025,13,45,52,13:45:52,26,Tahap-1
01/08/2025,13,45,52,13:45:52,86,Tahap-1
01/08/2025,13,45,52,13:45:52,56,Tahap-1
01/08/2025,13,45,52,13:45:52,40,Tahap-1
01/08/2025,13,45,52,13:45:52,14,Tahap-1
01/08/2025,13,45,52,13:45:52,54,Tahap-1
01/08/2025,13,45,52,13:45:52,-22,Tahap-1
01/08/2025,13,45,52,13:45:52,-18,Tahap-1
01/08/2025,13,45,53,13:45:53,-50,Tahap-1
01/08/2025,13,45,53,13:45:53,-4,Tahap-1
01/08/2025,13,45,53,13:45:53,-16,Tahap-1
01/08/2025,13,45,53,13:45:53,-6,Tahap-1
01/08/2025,13,45,53,13:45:53,-30,Tahap-1
01/08/2025,13,45,53,13:45:53,4,Tahap-1
01/08/2025,13,45,53,13:45:53,-24,Tahap-1
01/08/2025,13,45,53,13:45:53,-30,Tahap-1
01/08/2025,13,45,53,13:45:53,-58,Tahap-1
01/08/2025,13,45,53,13:45:53,-40,Tahap-1
01/08/2025,13,45,54,13:45:54,-106,Tahap-1
01/08/2025,13,45,54,13:45:54,-60,Tahap-1
01/08/2025,13,45,54,13:45:54,-38,Tahap-1
01/08/2025,13,45,54,13:45:54,-36,Tahap-1
01/08/2025,13,45,54,13:45:54,-106,Tahap-1
01/08/2025,13,45,54,13:45:54,6,Tahap-1
01/08/2025,13,45,54,13:45:54,-88,Tahap-1
01/08/2025,13,45,54,13:45:54,-26,Tahap-1
01/08/2025,13,45,54,13:45:54,-28,Tahap-1
01/08/2025,13,45,54,13:45:54,-44,Tahap-1
01/08/2025,13,45,55,13:45:55,-20,Tahap-1
01/08/2025,13,45,55,13:45:55,-98,Tahap-1
01/08/2025,13,45,55,13:45:55,-84,Tahap-1
01/08/2025,13,45,55,13:45:55,-72,Tahap-1
01/08/2025,13,45,55,13:45:55,-82,Tahap-1
01/08/2025,13,45,55,13:45:55,-56,Tahap-1
01/08/2025,13,45,55,13:45:55,-20,Tahap-1
01/08/2025,13,45,55,13:45:55,-100,Tahap-1
01/08/2025,13,45,55,13:45:55,-64,Tahap-1
01/08/2025,13,45,56,13:45:56,-98,Tahap-1
01/08/2025,13,45,56,13:45:56,-30,Tahap-1
01/08/2025,13,45,56,13:45:56,-154,Tahap-1
01/08/2025,13,45,56,13:45:56,-106,Tahap-1
01/08/2025,13,45,56,13:45:56,-182,Tahap-1
01/08/2025,13,45,56,13:45:56,-48,Tahap-1
01/08/2025,13,45,56,13:45:56,-160,Tahap-1
01/08/2025,13,45,56,13:45:56,-88,Tahap-1
01/08/2025,13,45,56,13:45:56,-136,Tahap-1
01/08/2025,13,45,56,13:45:56,-84,Tahap-1
01/08/2025,13,45,57,13:45:57,-122,Tahap-1
01/08/2025,13,45,57,13:45:57,-168,Tahap-1
01/08/2025,13,45,57,13:45:57,-98,Tahap-1
01/08/2025,13,45,57,13:45:57,-166,Tahap-1
01/08/2025,13,45,57,13:45:57,-188,Tahap-1
01/08/2025,13,45,57,13:45:57,-130,Tahap-1
01/08/2025,13,45,57,13:45:57,-164,Tahap-1
01/08/2025,13,45,57,13:45:57,-126,Tahap-1
01/08/2025,13,45,57,13:45:57,-158,Tahap-1
01/08/2025,13,45,57,13:45:57,-122,Tahap-1
01/08/2025,13,45,58,13:45:58,-178,Tahap-1
01/08/2025,13,45,58,13:45:58,-112,Tahap-1
01/08/2025,13,45,58,13:45:58,-226,Tahap-1
01/08/2025,13,46,22,13:46:22,6891,Tahap-1
01/08/2025,13,46,22,13:46:22,635,Tahap-1
01/08/2025,13,46,22,13:46:22,1714,Tahap-1
01/08/2025,13,46,22,13:46:22,615,Tahap-1
01/08/2025,13,46,23,13:46:23,651,Tahap-1
01/08/2025,13,46,23,13:46:23,670,Tahap-1
01/08/2025,13,46,23,13:46:23,425,Tahap-1
01/08/2025,13,46,23,13:46:23,225,Tahap-1
01/08/2025,13,46,23,13:46:23,250,Tahap-1
01/08/2025,13,46,23,13:46:23,322,Tahap-1
01/08/2025,13,46,23,13:46:23,334,Tahap-1
01/08/2025,13,46,23,13:46:23,191,Tahap-1
01/08/2025,13,46,23,13:46:23,188,Tahap-1
01/08/2025,13,46,23,13:46:23,112,Tahap-1
01/08/2025,13,46,24,13:46:24,128,Tahap-1
01/08/2025,13,46,24,13:46:24,138,Tahap-1
01/08/2025,13,46,24,13:46:24,139,Tahap-1
01/08/2025,13,46,24,13:46:24,114,Tahap-1
01/08/2025,13,46,24,13:46:24,129,Tahap-1
01/08/2025,13,46,24,13:46:24,146,Tahap-1
01/08/2025,13,46,24,13:46:24,177,Tahap-1
01/08/2025,13,46,24,13:46:24,257,Tahap-1
01/08/2025,13,46,24,13:46:24,644,Tahap-1
01/08/2025,13,46,24,13:46:24,175,Tahap-1
01/08/2025,13,46,25,13:46:25,43,Tahap-1
01/08/2025,13,46,25,13:46:25,93,Tahap-1
01/08/2025,13,46,25,13:46:25,87,Tahap-1
01/08/2025,13,46,25,13:46:25,214,Tahap-1
01/08/2025,13,46,25,13:46:25,148,Tahap-1
01/08/2025,13,46,25,13:46:25,45,Tahap-1
01/08/2025,13,46,25,13:46:25,190,Tahap-1
01/08/2025,13,46,25,13:46:25,189,Tahap-1
01/08/2025,13,46,25,13:46:25,90,Tahap-1
01/08/2025,13,46,25,13:46:25,39,Tahap-1
01/08/2025,13,46,26,13:46:26,247,Tahap-1
01/08/2025,13,46,26,13:46:26,235,Tahap-1
01/08/2025,13,46,26,13:46:26,60,Tahap-1
01/08/2025,13,46,26,13:46:26,111,Tahap-1
01/08/2025,13,46,26,13:46:26,102,Tahap-1
01/08/2025,13,46,26,13:46:26,82,Tahap-1
01/08/2025,13,46,26,13:46:26,77,Tahap-1
01/08/2025,13,46,26,13:46:26,320,Tahap-1
01/08/2025,13,46,26,13:46:26,82,Tahap-1
01/08/2025,13,46,26,13:46:26,188,Tahap-1
01/08/2025,13,46,27,13:46:27,171,Tahap-1
01/08/2025,13,46,27,13:46:27,180,Tahap-1
01/08/2025,13,46,27,13:46:27,235,Tahap-1
01/08/2025,13,46,27,13:46:27,127,Tahap-1
01/08/2025,13,46,27,13:46:27,130,Tahap-1
01/08/2025,13,46,27,13:46:27,229,Tahap-1
01/08/2025,13,46,27,13:46:27,52,Tahap-1
01/08/2025,13,46,27,13:46:27,30,Tahap-1
01/08/2025,13,46,27,13:46:27,94,Tahap-1
01/08/2025,13,46,27,13:46:27,106,Tahap-1
01/08/2025,13,46,28,13:46:28,116,Tahap-1
01/08/2025,13,46,28,13:46:28,42,Tahap-1
01/08/2025,13,46,28,13:46:28,101,Tahap-1
01/08/2025,13,46,28,13:46:28,48,Tahap-1
01/08/2025,13,46,28,13:46:28,75,Tahap-1
01/08/2025,13,46,28,13:46:28,95,Tahap-1
01/08/2025,13,46,28,13:46:28,72,Tahap-1
01/08/2025,13,46,28,13:46:28,152,Tahap-1
01/08/2025,13,46,28,13:46:28,152,Tahap-1
01/08/2025,13,46,28,13:46:28,142,Tahap-1
01/08/2025,13,46,29,13:46:29,123,Tahap-1
01/08/2025,13,46,29,13:46:29,144,Tahap-1
01/08/2025,13,46,29,13:46:29,649,Tahap-1
01/08/2025,13,46,29,13:46:29,119,Tahap-1
01/08/2025,13,46,29,13:46:29,556,Tahap-1
01/08/2025,13,46,29,13:46:29,498,Tahap-1
01/08/2025,13,46,29,13:46:29,486,Tahap-1
01/08/2025,13,46,29,13:46:29,150,Tahap-1
01/08/2025,13,46,29,13:46:29,104,Tahap-1
01/08/2025,13,46,29,13:46:29,210,Tahap-1
01/08/2025,13,46,30,13:46:30,134,Tahap-1
01/08/2025,13,46,30,13:46:30,233,Tahap-1
01/08/2025,13,46,30,13:46:30,78,Tahap-1
01/08/2025,13,46,30,13:46:30,178,Tahap-1
01/08/2025,13,46,30,13:46:30,107,Tahap-1
01/08/2025,13,46,30,13:46:30,77,Tahap-1
01/08/2025,13,46,30,13:46:30,104,Tahap-1
01/08/2025,13,46,30,13:46:30,175,Tahap-1
01/08/2025,13,46,30,13:46:30,37,Tahap-1
01/08/2025,13,46,30,13:46:30,128,Tahap-1
01/08/2025,13,46,31,13:46:31,588,Tahap-1
01/08/2025,13,46,31,13:46:31,104,Tahap-1
01/08/2025,13,46,31,13:46:31,292,Tahap-1
01/08/2025,13,46,31,13:46:31,193,Tahap-1
01/08/2025,13,46,31,13:46:31,276,Tahap-1
01/08/2025,13,46,31,13:46:31,134,Tahap-1
01/08/2025,13,46,31,13:46:31,385,Tahap-1
01/08/2025,13,46,31,13:46:31,424,Tahap-1
01/08/2025,13,46,31,13:46:31,488,Tahap-1
01/08/2025,13,46,31,13:46:31,971,Tahap-1
01/08/2025,13,46,32,13:46:32,200,Tahap-1
01/08/2025,13,46,32,13:46:32,91,Tahap-1
01/08/2025,13,46,32,13:46:32,202,Tahap-1
01/08/2025,13,46,32,13:46:32,272,Tahap-1
01/08/2025,13,46,32,13:46:32,95,Tahap-1
01/08/2025,13,46,32,13:46:32,123,Tahap-1
01/08/2025,13,46,32,13:46:32,22,Tahap-1
01/08/2025,13,46,32,13:46:32,174,Tahap-1
01/08/2025,13,46,32,13:46:32,288,Tahap-1
01/08/2025,13,46,32,13:46:32,339,Tahap-1
01/08/2025,13,46,33,13:46:33,127,Tahap-1
01/08/2025,13,46,33,13:46:33,128,Tahap-1
01/08/2025,13,46,33,13:46:33,262,Tahap-1
01/08/2025,13,46,33,13:46:33,243,Tahap-1
01/08/2025,13,46,33,13:46:33,30,Tahap-1
01/08/2025,13,46,33,13:46:33,213,Tahap-1
01/08/2025,13,46,33,13:46:33,319,Tahap-1
01/08/2025,13,46,33,13:46:33,457,Tahap-1
01/08/2025,13,46,33,13:46:33,592,Tahap-1
01/08/2025,13,46,33,13:46:33,1014,Tahap-1
01/08/2025,13,46,34,13:46:34,574,Tahap-1
01/08/2025,13,46,34,13:46:34,626,Tahap-1
01/08/2025,13,46,34,13:46:34,378,Tahap-1
01/08/2025,13,46,34,13:46:34,400,Tahap-1
01/08/2025,13,46,34,13:46:34,118,Tahap-1
01/08/2025,13,46,34,13:46:34,301,Tahap-1
01/08/2025,13,46,34,13:46:34,529,Tahap-1
01/08/2025,13,46,34,13:46:34,397,Tahap-1
01/08/2025,13,46,34,13:46:34,13,Tahap-1
01/08/2025,13,46,34,13:46:34,372,Tahap-1
01/08/2025,13,46,35,13:46:35,240,Tahap-1
01/08/2025,13,46,35,13:46:35,763,Tahap-1
01/08/2025,13,46,35,13:46:35,669,Tahap-1
01/08/2025,13,46,35,13:46:35,-20,Tahap-1
01/08/2025,13,46,35,13:46:35,300,Tahap-1
01/08/2025,13,46,35,13:46:35,-76,Tahap-1
01/08/2025,13,46,35,13:46:35,180,Tahap-1
01/08/2025,13,46,35,13:46:35,156,Tahap-1
01/08/2025,13,46,35,13:46:35,132,Tahap-1
01/08/2025,13,46,35,13:46:35,216,Tahap-1
01/08/2025,13,46,36,13:46:36,128,Tahap-1
01/08/2025,13,46,36,13:46:36,156,Tahap-1
01/08/2025,13,46,36,13:46:36,184,Tahap-1
01/08/2025,13,46,36,13:46:36,56,Tahap-1
01/08/2025,13,46,36,13:46:36,192,Tahap-1
01/08/2025,13,46,36,13:46:36,260,Tahap-1
01/08/2025,13,46,36,13:46:36,148,Tahap-1
01/08/2025,13,46,36,13:46:36,244,Tahap-1
01/08/2025,13,46,36,13:46:36,268,Tahap-1
01/08/2025,13,46,36,13:46:36,116,Tahap-1
01/08/2025,13,46,37,13:46:37,216,Tahap-1
01/08/2025,13,46,37,13:46:37,244,Tahap-1
01/08/2025,13,46,37,13:46:37,168,Tahap-1
01/08/2025,13,46,37,13:46:37,328,Tahap-1
01/08/2025,13,46,37,13:46:37,172,Tahap-1
01/08/2025,13,46,37,13:46:37,232,Tahap-1
01/08/2025,13,46,37,13:46:37,228,Tahap-1
01/08/2025,13,46,37,13:46:37,156,Tahap-1
01/08/2025,13,46,37,13:46:37,204,Tahap-1
01/08/2025,13,46,37,13:46:37,416,Tahap-1
01/08/2025,13,46,38,13:46:38,172,Tahap-1
01/08/2025,13,46,38,13:46:38,308,Tahap-1
01/08/2025,13,46,38,13:46:38,312,Tahap-1
01/08/2025,13,46,38,13:46:38,256,Tahap-1
01/08/2025,13,46,38,13:46:38,300,Tahap-1
01/08/2025,13,46,38,13:46:38,164,Tahap-1
01/08/2025,13,46,38,13:46:38,308,Tahap-1
01/08/2025,13,46,38,13:46:38,164,Tahap-1
01/08/2025,13,46,38,13:46:38,220,Tahap-1
01/08/2025,13,46,38,13:46:38,236,Tahap-1
01/08/2025,13,46,39,13:46:39,296,Tahap-1
01/08/2025,13,46,39,13:46:39,236,Tahap-1
01/08/2025,13,46,39,13:46:39,228,Tahap-1
01/08/2025,13,46,39,13:46:39,240,Tahap-1
01/08/2025,13,46,39,13:46:39,216,Tahap-1
01/08/2025,13,46,39,13:46:39,300,Tahap-1
01/08/2025,13,46,39,13:46:39,100,Tahap-1
01/08/2025,13,46,39,13:46:39,260,Tahap-1
01/08/2025,13,46,39,13:46:39,204,Tahap-1
01/08/2025,13,46,39,13:46:39,72,Tahap-1
01/08/2025,13,46,40,13:46:40,240,Tahap-1
01/08/2025,13,46,40,13:46:40,240,Tahap-1
01/08/2025,13,46,40,13:46:40,192,Tahap-1
01/08/2025,13,46,40,13:46:40,200,Tahap-1
01/08/2025,13,46,40,13:46:40,180,Tahap-1
01/08/2025,13,46,40,13:46:40,124,Tahap-1
01/08/2025,13,46,40,13:46:40,204,Tahap-1
01/08/2025,13,46,40,13:46:40,108,Tahap-1
01/08/2025,13,46,40,13:46:40,52,Tahap-1
01/08/2025,13,46,40,13:46:40,296,Tahap-1
01/08/2025,13,46,41,13:46:41,-88,Tahap-1
01/08/2025,13,46,41,13:46:41,184,Tahap-1
01/08/2025,13,46,41,13:46:41,52,Tahap-1
01/08/2025,13,46,41,13:46:41,160,Tahap-1
01/08/2025,13,46,41,13:46:41,96,Tahap-1
01/08/2025,13,46,41,13:46:41,188,Tahap-1
01/08/2025,13,46,41,13:46:41,152,Tahap-1
01/08/2025,13,46,41,13:46:41,144,Tahap-1
01/08/2025,13,46,41,13:46:41,152,Tahap-1
01/08/2025,13,46,41,13:46:41,68,Tahap-1
01/08/2025,13,46,42,13:46:42,176,Tahap-1
01/08/2025,13,46,42,13:46:42,44,Tahap-1
01/08/2025,13,46,42,13:46:42,68,Tahap-1
01/08/2025,13,46,42,13:46:42,92,Tahap-1
01/08/2025,13,46,42,13:46:42,184,Tahap-1
01/08/2025,13,46,42,13:46:42,232,Tahap-1
01/08/2025,13,46,42,13:46:42,68,Tahap-1
01/08/2025,13,46,42,13:46:42,276,Tahap-1
01/08/2025,13,46,42,13:46:42,68,Tahap-1
01/08/2025,13,46,42,13:46:42,200,Tahap-1
01/08/2025,13,46,43,13:46:43,76,Tahap-1
01/08/2025,13,46,43,13:46:43,256,Tahap-1
01/08/2025,13,46,43,13:46:43,32,Tahap-1
01/08/2025,13,46,43,13:46:43,180,Tahap-1
01/08/2025,13,46,43,13:46:43,32,Tahap-1
01/08/2025,13,46,43,13:46:43,176,Tahap-1
01/08/2025,13,46,43,13:46:43,176,Tahap-1
01/08/2025,13,46,43,13:46:43,100,Tahap-1
01/08/2025,13,46,43,13:46:43,180,Tahap-1
01/08/2025,13,46,43,13:46:43,232,Tahap-1
01/08/2025,13,46,44,13:46:44,76,Tahap-1
01/08/2025,13,46,44,13:46:44,72,Tahap-1
01/08/2025,13,46,44,13:46:44,140,Tahap-1
01/08/2025,13,46,44,13:46:44,168,Tahap-1
01/08/2025,13,46,44,13:46:44,-12,Tahap-1
01/08/2025,13,46,44,13:46:44,168,Tahap-1
01/08/2025,13,46,44,13:46:44,48,Tahap-1
01/08/2025,13,46,44,13:46:44,212,Tahap-1
01/08/2025,13,46,44,13:46:44,28,Tahap-1
01/08/2025,13,46,44,13:46:44,256,Tahap-1
01/08/2025,13,46,45,13:46:45,24,Tahap-1
01/08/2025,13,46,45,13:46:45,188,Tahap-1
01/08/2025,13,46,45,13:46:45,20,Tahap-1
01/08/2025,13,46,45,13:46:45,104,Tahap-1
01/08/2025,13,46,45,13:46:45,168,Tahap-1
01/08/2025,13,46,45,13:46:45,40,Tahap-1
01/08/2025,13,46,45,13:46:45,20,Tahap-1
01/08/2025,13,46,45,13:46:45,104,Tahap-1
01/08/2025,13,46,45,13:46:45,116,Tahap-1
01/08/2025,13,46,45,13:46:45,16,Tahap-1
01/08/2025,13,46,46,13:46:46,124,Tahap-1
01/08/2025,13,46,46,13:46:46,84,Tahap-1
01/08/2025,13,46,46,13:46:46,88,Tahap-1
01/08/2025,13,46,46,13:46:46,64,Tahap-1
01/08/2025,13,46,46,13:46:46,-4,Tahap-1
01/08/2025,13,46,46,13:46:46,96,Tahap-1
01/08/2025,13,46,46,13:46:46,-8,Tahap-1
01/08/2025,13,46,46,13:46:46,-48,Tahap-1
01/08/2025,13,46,46,13:46:46,-8,Tahap-1
01/08/2025,13,46,46,13:46:46,160,Tahap-1
01/08/2025,13,46,47,13:46:47,-24,Tahap-1
01/08/2025,13,46,47,13:46:47,108,Tahap-1
01/08/2025,13,46,47,13:46:47,32,Tahap-1
01/08/2025,13,46,47,13:46:47,92,Tahap-1
01/08/2025,13,46,47,13:46:47,-16,Tahap-1
01/08/2025,13,46,47,13:46:47,-4,Tahap-1
01/08/2025,13,46,47,13:46:47,84,Tahap-1
01/08/2025,13,46,47,13:46:47,-52,Tahap-1
01/08/2025,13,46,47,13:46:47,-92,Tahap-1
01/08/2025,13,46,47,13:46:47,8,Tahap-1
01/08/2025,13,46,48,13:46:48,-16,Tahap-1
01/08/2025,13,46,48,13:46:48,-20,Tahap-1
01/08/2025,13,47,12,13:47:12,5889,Tahap-1
01/08/2025,13,47,12,13:47:12,3558,Tahap-1
01/08/2025,13,47,12,13:47:12,2490,Tahap-1
01/08/2025,13,47,12,13:47:12,1369,Tahap-1
01/08/2025,13,47,12,13:47:12,1489,Tahap-1
01/08/2025,13,47,13,13:47:13,883,Tahap-1
01/08/2025,13,47,13,13:47:13,784,Tahap-1
01/08/2025,13,47,13,13:47:13,891,Tahap-1
01/08/2025,13,47,13,13:47:13,730,Tahap-1
01/08/2025,13,47,13,13:47:13,792,Tahap-1
01/08/2025,13,47,13,13:47:13,654,Tahap-1
01/08/2025,13,47,13,13:47:13,578,Tahap-1
01/08/2025,13,47,13,13:47:13,532,Tahap-1
01/08/2025,13,47,13,13:47:13,571,Tahap-1
01/08/2025,13,47,13,13:47:13,361,Tahap-1
01/08/2025,13,47,14,13:47:14,446,Tahap-1
01/08/2025,13,47,14,13:47:14,434,Tahap-1
01/08/2025,13,47,14,13:47:14,428,Tahap-1
01/08/2025,13,47,14,13:47:14,254,Tahap-1
01/08/2025,13,47,14,13:47:14,280,Tahap-1
01/08/2025,13,47,14,13:47:14,425,Tahap-1
01/08/2025,13,47,14,13:47:14,136,Tahap-1
01/08/2025,13,47,14,13:47:14,739,Tahap-1
01/08/2025,13,47,14,13:47:14,245,Tahap-1
01/08/2025,13,47,14,13:47:14,227,Tahap-1
01/08/2025,13,47,15,13:47:15,157,Tahap-1
01/08/2025,13,47,15,13:47:15,162,Tahap-1
01/08/2025,13,47,15,13:47:15,164,Tahap-1
01/08/2025,13,47,15,13:47:15,86,Tahap-1
01/08/2025,13,47,15,13:47:15,90,Tahap-1
01/08/2025,13,47,15,13:47:15,188,Tahap-1
01/08/2025,13,47,15,13:47:15,259,Tahap-1
01/08/2025,13,47,15,13:47:15,259,Tahap-1
01/08/2025,13,47,15,13:47:15,76,Tahap-1
01/08/2025,13,47,15,13:47:15,148,Tahap-1
01/08/2025,13,47,16,13:47:16,239,Tahap-1
01/08/2025,13,47,16,13:47:16,50,Tahap-1
01/08/2025,13,47,16,13:47:16,115,Tahap-1
01/08/2025,13,47,16,13:47:16,159,Tahap-1
01/08/2025,13,47,16,13:47:16,132,Tahap-1
01/08/2025,13,47,16,13:47:16,197,Tahap-1
01/08/2025,13,47,16,13:47:16,262,Tahap-1
01/08/2025,13,47,16,13:47:16,23,Tahap-1
01/08/2025,13,47,16,13:47:16,98,Tahap-1
01/08/2025,13,47,16,13:47:16,383,Tahap-1
01/08/2025,13,47,17,13:47:17,509,Tahap-1
01/08/2025,13,47,17,13:47:17,103,Tahap-1
01/08/2025,13,47,17,13:47:17,241,Tahap-1
01/08/2025,13,47,17,13:47:17,86,Tahap-1
01/08/2025,13,47,17,13:47:17,153,Tahap-1
01/08/2025,13,47,17,13:47:17,53,Tahap-1
01/08/2025,13,47,17,13:47:17,138,Tahap-1
01/08/2025,13,47,17,13:47:17,207,Tahap-1
01/08/2025,13,47,17,13:47:17,33,Tahap-1
01/08/2025,13,47,17,13:47:17,34,Tahap-1
01/08/2025,13,47,18,13:47:18,186,Tahap-1
01/08/2025,13,47,18,13:47:18,116,Tahap-1
01/08/2025,13,47,18,13:47:18,126,Tahap-1
01/08/2025,13,47,18,13:47:18,145,Tahap-1
01/08/2025,13,47,18,13:47:18,87,Tahap-1
01/08/2025,13,47,18,13:47:18,88,Tahap-1
01/08/2025,13,47,18,13:47:18,181,Tahap-1
01/08/2025,13,47,18,13:47:18,69,Tahap-1
01/08/2025,13,47,18,13:47:18,36,Tahap-1
01/08/2025,13,47,18,13:47:18,338,Tahap-1
01/08/2025,13,47,19,13:47:19,186,Tahap-1
01/08/2025,13,47,19,13:47:19,297,Tahap-1
01/08/2025,13,47,19,13:47:19,1047,Tahap-1
01/08/2025,13,47,19,13:47:19,395,Tahap-1
01/08/2025,13,47,19,13:47:19,411,Tahap-1
01/08/2025,13,47,19,13:47:19,271,Tahap-1
01/08/2025,13,47,19,13:47:19,131,Tahap-1
01/08/2025,13,47,19,13:47:19,44,Tahap-1
01/08/2025,13,47,19,13:47:19,133,Tahap-1
01/08/2025,13,47,19,13:47:19,41,Tahap-1
01/08/2025,13,47,20,13:47:20,154,Tahap-1
01/08/2025,13,47,20,13:47:20,58,Tahap-1
01/08/2025,13,47,20,13:47:20,137,Tahap-1
01/08/2025,13,47,20,13:47:20,159,Tahap-1
01/08/2025,13,47,20,13:47:20,174,Tahap-1
01/08/2025,13,47,20,13:47:20,144,Tahap-1
01/08/2025,13,47,20,13:47:20,81,Tahap-1
01/08/2025,13,47,20,13:47:20,109,Tahap-1
01/08/2025,13,47,20,13:47:20,143,Tahap-1
01/08/2025,13,47,20,13:47:20,520,Tahap-1
01/08/2025,13,47,21,13:47:21,161,Tahap-1
01/08/2025,13,47,21,13:47:21,173,Tahap-1
01/08/2025,13,47,21,13:47:21,80,Tahap-1
01/08/2025,13,47,21,13:47:21,100,Tahap-1
01/08/2025,13,47,21,13:47:21,109,Tahap-1
01/08/2025,13,47,21,13:47:21,592,Tahap-1
01/08/2025,13,47,21,13:47:21,34,Tahap-1
01/08/2025,13,47,21,13:47:21,365,Tahap-1
01/08/2025,13,47,21,13:47:21,324,Tahap-1
01/08/2025,13,47,21,13:47:21,488,Tahap-1
01/08/2025,13,47,22,13:47:22,181,Tahap-1
01/08/2025,13,47,22,13:47:22,182,Tahap-1
01/08/2025,13,47,22,13:47:22,196,Tahap-1
01/08/2025,13,47,22,13:47:22,217,Tahap-1
01/08/2025,13,47,22,13:47:22,148,Tahap-1
01/08/2025,13,47,22,13:47:22,123,Tahap-1
01/08/2025,13,47,22,13:47:22,266,Tahap-1
01/08/2025,13,47,22,13:47:22,126,Tahap-1
01/08/2025,13,47,22,13:47:22,341,Tahap-1
01/08/2025,13,47,22,13:47:22,95,Tahap-1
01/08/2025,13,47,23,13:47:23,153,Tahap-1
01/08/2025,13,47,23,13:47:23,91,Tahap-1
01/08/2025,13,47,23,13:47:23,157,Tahap-1
01/08/2025,13,47,23,13:47:23,107,Tahap-1
01/08/2025,13,47,23,13:47:23,146,Tahap-1
01/08/2025,13,47,23,13:47:23,197,Tahap-1
01/08/2025,13,47,23,13:47:23,673,Tahap-1
01/08/2025,13,47,23,13:47:23,861,Tahap-1
01/08/2025,13,47,23,13:47:23,1407,Tahap-1
01/08/2025,13,47,23,13:47:23,613,Tahap-1
01/08/2025,13,47,24,13:47:24,150,Tahap-1
01/08/2025,13,47,24,13:47:24,211,Tahap-1
01/08/2025,13,47,24,13:47:24,239,Tahap-1
01/08/2025,13,47,24,13:47:24,31,Tahap-1
01/08/2025,13,47,24,13:47:24,117,Tahap-1
01/08/2025,13,47,24,13:47:24,464,Tahap-1
01/08/2025,13,47,24,13:47:24,311,Tahap-1
01/08/2025,13,47,24,13:47:24,135,Tahap-1
01/08/2025,13,47,24,13:47:24,213,Tahap-1
01/08/2025,13,47,24,13:47:24,319,Tahap-1
01/08/2025,13,47,25,13:47:25,294,Tahap-1
01/08/2025,13,47,25,13:47:25,660,Tahap-1
01/08/2025,13,47,25,13:47:25,-4,Tahap-1
01/08/2025,13,47,25,13:47:25,-84,Tahap-1
01/08/2025,13,47,25,13:47:25,28,Tahap-1
01/08/2025,13,47,25,13:47:25,-36,Tahap-1
01/08/2025,13,47,25,13:47:25,20,Tahap-1
01/08/2025,13,47,25,13:47:25,-56,Tahap-1
01/08/2025,13,47,25,13:47:25,12,Tahap-1
01/08/2025,13,47,25,13:47:25,-64,Tahap-1
01/08/2025,13,47,26,13:47:26,80,Tahap-1
01/08/2025,13,47,26,13:47:26,-172,Tahap-1
01/08/2025,13,47,26,13:47:26,108,Tahap-1
01/08/2025,13,47,26,13:47:26,-4,Tahap-1
01/08/2025,13,47,26,13:47:26,-124,Tahap-1
01/08/2025,13,47,26,13:47:26,-28,Tahap-1
01/08/2025,13,47,26,13:47:26,-12,Tahap-1
01/08/2025,13,47,26,13:47:26,36,Tahap-1
01/08/2025,13,47,26,13:47:26,-4,Tahap-1
01/08/2025,13,47,26,13:47:26,76,Tahap-1
01/08/2025,13,47,27,13:47:27,-12,Tahap-1
01/08/2025,13,47,27,13:47:27,80,Tahap-1
01/08/2025,13,47,27,13:47:27,-44,Tahap-1
01/08/2025,13,47,27,13:47:27,8,Tahap-1
01/08/2025,13,47,27,13:47:27,108,Tahap-1
01/08/2025,13,47,27,13:47:27,-160,Tahap-1
01/08/2025,13,47,27,13:47:27,4,Tahap-1
01/08/2025,13,47,27,13:47:27,-80,Tahap-1
01/08/2025,13,47,27,13:47:27,116,Tahap-1
01/08/2025,13,47,27,13:47:27,-72,Tahap-1
01/08/2025,13,47,28,13:47:28,12,Tahap-1
01/08/2025,13,47,28,13:47:28,24,Tahap-1
01/08/2025,13,47,28,13:47:28,48,Tahap-1
01/08/2025,13,47,28,13:47:28,-12,Tahap-1
01/08/2025,13,47,28,13:47:28,4,Tahap-1
01/08/2025,13,47,28,13:47:28,76,Tahap-1
01/08/2025,13,47,28,13:47:28,-40,Tahap-1
01/08/2025,13,47,28,13:47:28,-20,Tahap-1
01/08/2025,13,47,28,13:47:28,-4,Tahap-1
01/08/2025,13,47,28,13:47:28,56,Tahap-1
01/08/2025,13,47,29,13:47:29,60,Tahap-1
01/08/2025,13,47,29,13:47:29,-48,Tahap-1
01/08/2025,13,47,29,13:47:29,136,Tahap-1
01/08/2025,13,47,29,13:47:29,128,Tahap-1
01/08/2025,13,47,29,13:47:29,112,Tahap-1
01/08/2025,13,47,29,13:47:29,-56,Tahap-1
01/08/2025,13,47,29,13:47:29,236,Tahap-1
01/08/2025,13,47,29,13:47:29,24,Tahap-1
01/08/2025,13,47,29,13:47:29,68,Tahap-1
01/08/2025,13,47,30,13:47:30,72,Tahap-1
01/08/2025,13,47,30,13:47:30,180,Tahap-1
01/08/2025,13,47,30,13:47:30,112,Tahap-1
01/08/2025,13,47,30,13:47:30,104,Tahap-1
01/08/2025,13,47,30,13:47:30,124,Tahap-1
01/08/2025,13,47,30,13:47:30,192,Tahap-1
01/08/2025,13,47,30,13:47:30,116,Tahap-1
01/08/2025,13,47,30,13:47:30,108,Tahap-1
01/08/2025,13,47,30,13:47:30,196,Tahap-1
01/08/2025,13,47,30,13:47:30,-48,Tahap-1
01/08/2025,13,47,31,13:47:31,160,Tahap-1
01/08/2025,13,47,31,13:47:31,40,Tahap-1
01/08/2025,13,47,31,13:47:31,232,Tahap-1
01/08/2025,13,47,31,13:47:31,84,Tahap-1
01/08/2025,13,47,31,13:47:31,216,Tahap-1
01/08/2025,13,47,31,13:47:31,136,Tahap-1
01/08/2025,13,47,31,13:47:31,280,Tahap-1
01/08/2025,13,47,31,13:47:31,112,Tahap-1
01/08/2025,13,47,31,13:47:31,196,Tahap-1
01/08/2025,13,47,31,13:47:31,216,Tahap-1
01/08/2025,13,47,32,13:47:32,112,Tahap-1
01/08/2025,13,47,32,13:47:32,96,Tahap-1
01/08/2025,13,47,32,13:47:32,148,Tahap-1
01/08/2025,13,47,32,13:47:32,248,Tahap-1
01/08/2025,13,47,32,13:47:32,236,Tahap-1
01/08/2025,13,47,32,13:47:32,104,Tahap-1
01/08/2025,13,47,32,13:47:32,348,Tahap-1
01/08/2025,13,47,32,13:47:32,56,Tahap-1
01/08/2025,13,47,32,13:47:32,276,Tahap-1
01/08/2025,13,47,32,13:47:32,28,Tahap-1
01/08/2025,13,47,33,13:47:33,316,Tahap-1
01/08/2025,13,47,33,13:47:33,72,Tahap-1
01/08/2025,13,47,33,13:47:33,164,Tahap-1
01/08/2025,13,47,33,13:47:33,76,Tahap-1
01/08/2025,13,47,33,13:47:33,192,Tahap-1
01/08/2025,13,47,33,13:47:33,232,Tahap-1
01/08/2025,13,47,33,13:47:33,164,Tahap-1
01/08/2025,13,47,33,13:47:33,240,Tahap-1
01/08/2025,13,47,33,13:47:33,236,Tahap-1
01/08/2025,13,47,33,13:47:33,208,Tahap-1
01/08/2025,13,47,34,13:47:34,208,Tahap-1
01/08/2025,13,47,34,13:47:34,276,Tahap-1
01/08/2025,13,47,34,13:47:34,288,Tahap-1
01/08/2025,13,47,34,13:47:34,68,Tahap-1
01/08/2025,13,47,34,13:47:34,300,Tahap-1
01/08/2025,13,47,34,13:47:34,180,Tahap-1
01/08/2025,13,47,34,13:47:34,416,Tahap-1
01/08/2025,13,47,34,13:47:34,208,Tahap-1
01/08/2025,13,47,34,13:47:34,420,Tahap-1
01/08/2025,13,47,34,13:47:34,260,Tahap-1
01/08/2025,13,47,35,13:47:35,424,Tahap-1
01/08/2025,13,47,35,13:47:35,272,Tahap-1
01/08/2025,13,47,35,13:47:35,264,Tahap-1
01/08/2025,13,47,35,13:47:35,380,Tahap-1
01/08/2025,13,47,35,13:47:35,244,Tahap-1
01/08/2025,13,47,35,13:47:35,208,Tahap-1
01/08/2025,13,47,35,13:47:35,332,Tahap-1
01/08/2025,13,47,35,13:47:35,340,Tahap-1
01/08/2025,13,47,35,13:47:35,368,Tahap-1
01/08/2025,13,47,35,13:47:35,268,Tahap-1
01/08/2025,13,47,36,13:47:36,412,Tahap-1
01/08/2025,13,47,36,13:47:36,244,Tahap-1
01/08/2025,13,47,36,13:47:36,388,Tahap-1
01/08/2025,13,47,36,13:47:36,192,Tahap-1
01/08/2025,13,47,36,13:47:36,444,Tahap-1
01/08/2025,13,47,36,13:47:36,248,Tahap-1
01/08/2025,13,47,36,13:47:36,276,Tahap-1
01/08/2025,13,47,36,13:47:36,280,Tahap-1
01/08/2025,13,47,36,13:47:36,332,Tahap-1
01/08/2025,13,47,36,13:47:36,388,Tahap-1
01/08/2025,13,47,37,13:47:37,280,Tahap-1
01/08/2025,13,47,37,13:47:37,368,Tahap-1
01/08/2025,13,47,37,13:47:37,360,Tahap-1
01/08/2025,13,47,37,13:47:37,412,Tahap-1
01/08/2025,13,47,37,13:47:37,288,Tahap-1
01/08/2025,13,47,37,13:47:37,436,Tahap-1
01/08/2025,13,47,37,13:47:37,340,Tahap-1
01/08/2025,13,47,37,13:47:37,224,Tahap-1
01/08/2025,13,47,37,13:47:37,328,Tahap-1
01/08/2025,13,47,37,13:47:37,304,Tahap-1
01/08/2025,13,47,38,13:47:38,388,Tahap-1
01/08/2025,13,48,2,13:48:02,2910,Tahap-1
01/08/2025,13,48,2,13:48:02,1290,Tahap-1
01/08/2025,13,48,2,13:48:02,84,Tahap-1
01/08/2025,13,48,2,13:48:02,510,Tahap-1
01/08/2025,13,48,2,13:48:02,331,Tahap-1
01/08/2025,13,48,2,13:48:02,463,Tahap-1
01/08/2025,13,48,3,13:48:03,212,Tahap-1
01/08/2025,13,48,3,13:48:03,163,Tahap-1
01/08/2025,13,48,3,13:48:03,299,Tahap-1
01/08/2025,13,48,3,13:48:03,275,Tahap-1
01/08/2025,13,48,3,13:48:03,267,Tahap-1
01/08/2025,13,48,3,13:48:03,376,Tahap-1
01/08/2025,13,48,3,13:48:03,156,Tahap-1
01/08/2025,13,48,3,13:48:03,164,Tahap-1
01/08/2025,13,48,3,13:48:03,84,Tahap-1
01/08/2025,13,48,3,13:48:03,56,Tahap-1
01/08/2025,13,48,4,13:48:04,133,Tahap-1
01/08/2025,13,48,4,13:48:04,168,Tahap-1
01/08/2025,13,48,4,13:48:04,178,Tahap-1
01/08/2025,13,48,4,13:48:04,222,Tahap-1
01/08/2025,13,48,4,13:48:04,83,Tahap-1
01/08/2025,13,48,4,13:48:04,112,Tahap-1
01/08/2025,13,48,4,13:48:04,789,Tahap-1
01/08/2025,13,48,4,13:48:04,80,Tahap-1
01/08/2025,13,48,4,13:48:04,109,Tahap-1
01/08/2025,13,48,4,13:48:04,173,Tahap-1
01/08/2025,13,48,5,13:48:05,121,Tahap-1
01/08/2025,13,48,5,13:48:05,161,Tahap-1
01/08/2025,13,48,5,13:48:05,146,Tahap-1
01/08/2025,13,48,5,13:48:05,27,Tahap-1
01/08/2025,13,48,5,13:48:05,79,Tahap-1
01/08/2025,13,48,5,13:48:05,51,Tahap-1
01/08/2025,13,48,5,13:48:05,114,Tahap-1
01/08/2025,13,48,5,13:48:05,269,Tahap-1
01/08/2025,13,48,5,13:48:05,111,Tahap-1
01/08/2025,13,48,5,13:48:05,76,Tahap-1
01/08/2025,13,48,6,13:48:06,55,Tahap-1
01/08/2025,13,48,6,13:48:06,118,Tahap-1
01/08/2025,13,48,6,13:48:06,174,Tahap-1
01/08/2025,13,48,6,13:48:06,56,Tahap-1
01/08/2025,13,48,6,13:48:06,80,Tahap-1
01/08/2025,13,48,6,13:48:06,246,Tahap-1
01/08/2025,13,48,6,13:48:06,122,Tahap-1
01/08/2025,13,48,6,13:48:06,140,Tahap-1
01/08/2025,13,48,6,13:48:06,149,Tahap-1
01/08/2025,13,48,6,13:48:06,367,Tahap-1
01/08/2025,13,48,7,13:48:07,82,Tahap-1
01/08/2025,13,48,7,13:48:07,39,Tahap-1
01/08/2025,13,48,7,13:48:07,39,Tahap-1
01/08/2025,13,48,7,13:48:07,32,Tahap-1
01/08/2025,13,48,7,13:48:07,92,Tahap-1
01/08/2025,13,48,7,13:48:07,48,Tahap-1
01/08/2025,13,48,7,13:48:07,45,Tahap-1
01/08/2025,13,48,7,13:48:07,213,Tahap-1
01/08/2025,13,48,7,13:48:07,79,Tahap-1
01/08/2025,13,48,7,13:48:07,193,Tahap-1
01/08/2025,13,48,8,13:48:08,39,Tahap-1
01/08/2025,13,48,8,13:48:08,45,Tahap-1
01/08/2025,13,48,8,13:48:08,50,Tahap-1
01/08/2025,13,48,8,13:48:08,31,Tahap-1
01/08/2025,13,48,8,13:48:08,14,Tahap-1
01/08/2025,13,48,8,13:48:08,158,Tahap-1
01/08/2025,13,48,8,13:48:08,24,Tahap-1
01/08/2025,13,48,8,13:48:08,208,Tahap-1
01/08/2025,13,48,8,13:48:08,111,Tahap-1
01/08/2025,13,48,8,13:48:08,320,Tahap-1
01/08/2025,13,48,9,13:48:09,285,Tahap-1
01/08/2025,13,48,9,13:48:09,391,Tahap-1
01/08/2025,13,48,9,13:48:09,897,Tahap-1
01/08/2025,13,48,9,13:48:09,229,Tahap-1
01/08/2025,13,48,9,13:48:09,116,Tahap-1
01/08/2025,13,48,9,13:48:09,284,Tahap-1
01/08/2025,13,48,9,13:48:09,18,Tahap-1
01/08/2025,13,48,9,13:48:09,107,Tahap-1
01/08/2025,13,48,9,13:48:09,109,Tahap-1
01/08/2025,13,48,9,13:48:09,67,Tahap-1
01/08/2025,13,48,10,13:48:10,122,Tahap-1
01/08/2025,13,48,10,13:48:10,41,Tahap-1
01/08/2025,13,48,10,13:48:10,62,Tahap-1
01/08/2025,13,48,10,13:48:10,154,Tahap-1
01/08/2025,13,48,10,13:48:10,85,Tahap-1
01/08/2025,13,48,10,13:48:10,18,Tahap-1
01/08/2025,13,48,10,13:48:10,119,Tahap-1
01/08/2025,13,48,10,13:48:10,200,Tahap-1
01/08/2025,13,48,10,13:48:10,424,Tahap-1
01/08/2025,13,48,10,13:48:10,96,Tahap-1
01/08/2025,13,48,11,13:48:11,171,Tahap-1
01/08/2025,13,48,11,13:48:11,175,Tahap-1
01/08/2025,13,48,11,13:48:11,107,Tahap-1
01/08/2025,13,48,11,13:48:11,205,Tahap-1
01/08/2025,13,48,11,13:48:11,342,Tahap-1
01/08/2025,13,48,11,13:48:11,620,Tahap-1
01/08/2025,13,48,11,13:48:11,616,Tahap-1
01/08/2025,13,48,11,13:48:11,370,Tahap-1
01/08/2025,13,48,11,13:48:11,394,Tahap-1
01/08/2025,13,48,11,13:48:11,140,Tahap-1
01/08/2025,13,48,12,13:48:12,240,Tahap-1
01/08/2025,13,48,12,13:48:12,107,Tahap-1
01/08/2025,13,48,12,13:48:12,50,Tahap-1
01/08/2025,13,48,12,13:48:12,105,Tahap-1
01/08/2025,13,48,12,13:48:12,91,Tahap-1
01/08/2025,13,48,12,13:48:12,110,Tahap-1
01/08/2025,13,48,12,13:48:12,207,Tahap-1
01/08/2025,13,48,12,13:48:12,54,Tahap-1
01/08/2025,13,48,12,13:48:12,55,Tahap-1
01/08/2025,13,48,12,13:48:12,117,Tahap-1
01/08/2025,13,48,13,13:48:13,101,Tahap-1
01/08/2025,13,48,13,13:48:13,204,Tahap-1
01/08/2025,13,48,13,13:48:13,114,Tahap-1
01/08/2025,13,48,13,13:48:13,238,Tahap-1
01/08/2025,13,48,13,13:48:13,302,Tahap-1
01/08/2025,13,48,13,13:48:13,424,Tahap-1
01/08/2025,13,48,13,13:48:13,890,Tahap-1
01/08/2025,13,48,13,13:48:13,951,Tahap-1
01/08/2025,13,48,13,13:48:13,615,Tahap-1
01/08/2025,13,48,13,13:48:13,647,Tahap-1
01/08/2025,13,48,14,13:48:14,505,Tahap-1
01/08/2025,13,48,14,13:48:14,102,Tahap-1
01/08/2025,13,48,14,13:48:14,179,Tahap-1
01/08/2025,13,48,14,13:48:14,65,Tahap-1
01/08/2025,13,48,14,13:48:14,337,Tahap-1
01/08/2025,13,48,14,13:48:14,262,Tahap-1
01/08/2025,13,48,14,13:48:14,30,Tahap-1
01/08/2025,13,48,14,13:48:14,296,Tahap-1
01/08/2025,13,48,14,13:48:14,321,Tahap-1
01/08/2025,13,48,14,13:48:14,200,Tahap-1
01/08/2025,13,48,15,13:48:15,1206,Tahap-1
01/08/2025,13,48,15,13:48:15,-128,Tahap-1
01/08/2025,13,48,15,13:48:15,-20,Tahap-1
01/08/2025,13,48,15,13:48:15,-20,Tahap-1
01/08/2025,13,48,15,13:48:15,72,Tahap-1
01/08/2025,13,48,15,13:48:15,-116,Tahap-1
01/08/2025,13,48,15,13:48:15,-24,Tahap-1
01/08/2025,13,48,15,13:48:15,-8,Tahap-1
01/08/2025,13,48,15,13:48:15,-108,Tahap-1
01/08/2025,13,48,15,13:48:15,-76,Tahap-1
01/08/2025,13,48,16,13:48:16,-52,Tahap-1
01/08/2025,13,48,16,13:48:16,28,Tahap-1
01/08/2025,13,48,16,13:48:16,-8,Tahap-1
01/08/2025,13,48,16,13:48:16,-20,Tahap-1
01/08/2025,13,48,16,13:48:16,-4,Tahap-1
01/08/2025,13,48,16,13:48:16,-8,Tahap-1
01/08/2025,13,48,16,13:48:16,32,Tahap-1
01/08/2025,13,48,16,13:48:16,-176,Tahap-1
01/08/2025,13,48,16,13:48:16,92,Tahap-1
01/08/2025,13,48,16,13:48:16,-124,Tahap-1
01/08/2025,13,48,17,13:48:17,-36,Tahap-1
01/08/2025,13,48,17,13:48:17,-80,Tahap-1
01/08/2025,13,48,17,13:48:17,88,Tahap-1
01/08/2025,13,48,17,13:48:17,-80,Tahap-1
01/08/2025,13,48,17,13:48:17,16,Tahap-1
01/08/2025,13,48,17,13:48:17,-4,Tahap-1
01/08/2025,13,48,17,13:48:17,-40,Tahap-1
01/08/2025,13,48,17,13:48:17,8,Tahap-1
01/08/2025,13,48,17,13:48:17,-84,Tahap-1
01/08/2025,13,48,17,13:48:17,-12,Tahap-1
01/08/2025,13,48,18,13:48:18,-64,Tahap-1
01/08/2025,13,48,18,13:48:18,-208,Tahap-1
01/08/2025,13,48,18,13:48:18,-52,Tahap-1
01/08/2025,13,48,18,13:48:18,-56,Tahap-1
01/08/2025,13,48,18,13:48:18,-28,Tahap-1
01/08/2025,13,48,18,13:48:18,-120,Tahap-1
01/08/2025,13,48,18,13:48:18,36,Tahap-1
01/08/2025,13,48,18,13:48:18,-184,Tahap-1
01/08/2025,13,48,18,13:48:18,-24,Tahap-1
01/08/2025,13,48,18,13:48:18,-180,Tahap-1
01/08/2025,13,48,19,13:48:19,56,Tahap-1
01/08/2025,13,48,19,13:48:19,-136,Tahap-1
01/08/2025,13,48,19,13:48:19,-120,Tahap-1
01/08/2025,13,48,19,13:48:19,-92,Tahap-1
01/08/2025,13,48,19,13:48:19,-60,Tahap-1
01/08/2025,13,48,19,13:48:19,-48,Tahap-1
01/08/2025,13,48,19,13:48:19,-64,Tahap-1
01/08/2025,13,48,19,13:48:19,-68,Tahap-1
01/08/2025,13,48,19,13:48:19,-16,Tahap-1
01/08/2025,13,48,19,13:48:19,-32,Tahap-1
01/08/2025,13,48,20,13:48:20,-132,Tahap-1
01/08/2025,13,48,20,13:48:20,-40,Tahap-1
01/08/2025,13,48,20,13:48:20,20,Tahap-1
01/08/2025,13,48,20,13:48:20,-236,Tahap-1
01/08/2025,13,48,20,13:48:20,-36,Tahap-1
01/08/2025,13,48,20,13:48:20,-136,Tahap-1
01/08/2025,13,48,20,13:48:20,-12,Tahap-1
01/08/2025,13,48,20,13:48:20,-84,Tahap-1
01/08/2025,13,48,20,13:48:20,-12,Tahap-1
01/08/2025,13,48,20,13:48:20,-60,Tahap-1
01/08/2025,13,48,21,13:48:21,-40,Tahap-1
01/08/2025,13,48,21,13:48:21,-68,Tahap-1
01/08/2025,13,48,21,13:48:21,-116,Tahap-1
01/08/2025,13,48,21,13:48:21,108,Tahap-1
01/08/2025,13,48,21,13:48:21,-128,Tahap-1
01/08/2025,13,48,21,13:48:21,-88,Tahap-1
01/08/2025,13,48,21,13:48:21,-72,Tahap-1
01/08/2025,13,48,21,13:48:21,-4,Tahap-1
01/08/2025,13,48,21,13:48:21,44,Tahap-1
01/08/2025,13,48,21,13:48:21,-176,Tahap-1
01/08/2025,13,48,22,13:48:22,108,Tahap-1
01/08/2025,13,48,22,13:48:22,-76,Tahap-1
01/08/2025,13,48,22,13:48:22,20,Tahap-1
01/08/2025,13,48,22,13:48:22,-168,Tahap-1
01/08/2025,13,48,22,13:48:22,32,Tahap-1
01/08/2025,13,48,22,13:48:22,-128,Tahap-1
01/08/2025,13,48,22,13:48:22,-180,Tahap-1
01/08/2025,13,48,22,13:48:22,-116,Tahap-1
01/08/2025,13,48,22,13:48:22,-44,Tahap-1
01/08/2025,13,48,22,13:48:22,-68,Tahap-1
01/08/2025,13,48,23,13:48:23,-60,Tahap-1
01/08/2025,13,48,23,13:48:23,-32,Tahap-1
01/08/2025,13,48,23,13:48:23,-40,Tahap-1
01/08/2025,13,48,23,13:48:23,-104,Tahap-1
01/08/2025,13,48,23,13:48:23,-168,Tahap-1
01/08/2025,13,48,23,13:48:23,-104,Tahap-1
01/08/2025,13,48,23,13:48:23,28,Tahap-1
01/08/2025,13,48,23,13:48:23,-164,Tahap-1
01/08/2025,13,48,23,13:48:23,-96,Tahap-1
01/08/2025,13,48,23,13:48:23,-68,Tahap-1
01/08/2025,13,48,24,13:48:24,-56,Tahap-1
01/08/2025,13,48,24,13:48:24,-56,Tahap-1
01/08/2025,13,48,24,13:48:24,-8,Tahap-1
01/08/2025,13,48,24,13:48:24,-80,Tahap-1
01/08/2025,13,48,24,13:48:24,56,Tahap-1
01/08/2025,13,48,24,13:48:24,-32,Tahap-1
01/08/2025,13,48,24,13:48:24,-88,Tahap-1
01/08/2025,13,48,24,13:48:24,4,Tahap-1
01/08/2025,13,48,24,13:48:24,-204,Tahap-1
01/08/2025,13,48,24,13:48:24,-84,Tahap-1
01/08/2025,13,48,25,13:48:25,-48,Tahap-1
01/08/2025,13,48,25,13:48:25,-8,Tahap-1
01/08/2025,13,48,25,13:48:25,-88,Tahap-1
01/08/2025,13,48,25,13:48:25,80,Tahap-1
01/08/2025,13,48,25,13:48:25,-76,Tahap-1
01/08/2025,13,48,25,13:48:25,88,Tahap-1
01/08/2025,13,48,25,13:48:25,-52,Tahap-1
01/08/2025,13,48,25,13:48:25,20,Tahap-1
01/08/2025,13,48,25,13:48:25,-4,Tahap-1
01/08/2025,13,48,25,13:48:25,-48,Tahap-1
01/08/2025,13,48,26,13:48:26,-84,Tahap-1
01/08/2025,13,48,26,13:48:26,4,Tahap-1
01/08/2025,13,48,26,13:48:26,32,Tahap-1
01/08/2025,13,48,26,13:48:26,-24,Tahap-1
01/08/2025,13,48,26,13:48:26,108,Tahap-1
01/08/2025,13,48,26,13:48:26,-4,Tahap-1
01/08/2025,13,48,26,13:48:26,40,Tahap-1
01/08/2025,13,48,26,13:48:26,-12,Tahap-1
01/08/2025,13,48,26,13:48:26,36,Tahap-1
01/08/2025,13,48,26,13:48:26,48,Tahap-1
01/08/2025,13,48,27,13:48:27,-100,Tahap-1
01/08/2025,13,48,27,13:48:27,-40,Tahap-1
01/08/2025,13,48,27,13:48:27,-32,Tahap-1
01/08/2025,13,48,27,13:48:27,32,Tahap-1
01/08/2025,13,48,27,13:48:27,-80,Tahap-1
01/08/2025,13,48,27,13:48:27,120,Tahap-1
01/08/2025,13,48,27,13:48:27,-156,Tahap-1
01/08/2025,13,48,27,13:48:27,88,Tahap-1
01/08/2025,13,48,27,13:48:27,-164,Tahap-1
01/08/2025,13,48,27,13:48:27,-32,Tahap-1
01/08/2025,13,48,52,13:48:52,1795,Tahap-1
01/08/2025,13,48,52,13:48:52,1763,Tahap-1
01/08/2025,13,48,52,13:48:52,1758,Tahap-1
01/08/2025,13,48,52,13:48:52,382,Tahap-1
01/08/2025,13,48,52,13:48:52,706,Tahap-1
01/08/2025,13,48,52,13:48:52,478,Tahap-1
01/08/2025,13,48,52,13:48:52,421,Tahap-1
01/08/2025,13,48,53,13:48:53,263,Tahap-1
01/08/2025,13,48,53,13:48:53,433,Tahap-1
01/08/2025,13,48,53,13:48:53,211,Tahap-1
01/08/2025,13,48,53,13:48:53,328,Tahap-1
01/08/2025,13,48,53,13:48:53,202,Tahap-1
01/08/2025,13,48,53,13:48:53,230,Tahap-1
01/08/2025,13,48,53,13:48:53,274,Tahap-1
01/08/2025,13,48,53,13:48:53,129,Tahap-1
01/08/2025,13,48,53,13:48:53,323,Tahap-1
01/08/2025,13,48,53,13:48:53,86,Tahap-1
01/08/2025,13,48,54,13:48:54,90,Tahap-1
01/08/2025,13,48,54,13:48:54,159,Tahap-1
01/08/2025,13,48,54,13:48:54,197,Tahap-1
01/08/2025,13,48,54,13:48:54,51,Tahap-1
01/08/2025,13,48,54,13:48:54,315,Tahap-1
01/08/2025,13,48,54,13:48:54,945,Tahap-1
01/08/2025,13,48,54,13:48:54,88,Tahap-1
01/08/2025,13,48,54,13:48:54,65,Tahap-1
01/08/2025,13,48,54,13:48:54,115,Tahap-1
01/08/2025,13,48,54,13:48:54,77,Tahap-1
01/08/2025,13,48,55,13:48:55,55,Tahap-1
01/08/2025,13,48,55,13:48:55,155,Tahap-1
01/08/2025,13,48,55,13:48:55,84,Tahap-1
01/08/2025,13,48,55,13:48:55,64,Tahap-1
01/08/2025,13,48,55,13:48:55,26,Tahap-1
01/08/2025,13,48,55,13:48:55,104,Tahap-1
01/08/2025,13,48,55,13:48:55,118,Tahap-1
01/08/2025,13,48,55,13:48:55,189,Tahap-1
01/08/2025,13,48,55,13:48:55,113,Tahap-1
01/08/2025,13,48,55,13:48:55,144,Tahap-1
01/08/2025,13,48,56,13:48:56,76,Tahap-1
01/08/2025,13,48,56,13:48:56,100,Tahap-1
01/08/2025,13,48,56,13:48:56,33,Tahap-1
01/08/2025,13,48,56,13:48:56,32,Tahap-1
01/08/2025,13,48,56,13:48:56,145,Tahap-1
01/08/2025,13,48,56,13:48:56,190,Tahap-1
01/08/2025,13,48,56,13:48:56,17,Tahap-1
01/08/2025,13,48,56,13:48:56,237,Tahap-1
01/08/2025,13,48,56,13:48:56,188,Tahap-1
01/08/2025,13,48,56,13:48:56,171,Tahap-1
01/08/2025,13,48,57,13:48:57,105,Tahap-1
01/08/2025,13,48,57,13:48:57,61,Tahap-1
01/08/2025,13,48,57,13:48:57,208,Tahap-1
01/08/2025,13,48,57,13:48:57,3,Tahap-1
01/08/2025,13,48,57,13:48:57,62,Tahap-1
01/08/2025,13,48,57,13:48:57,126,Tahap-1
01/08/2025,13,48,57,13:48:57,96,Tahap-1
01/08/2025,13,48,57,13:48:57,162,Tahap-1
01/08/2025,13,48,57,13:48:57,40,Tahap-1
01/08/2025,13,48,57,13:48:57,92,Tahap-1
01/08/2025,13,48,58,13:48:58,66,Tahap-1
01/08/2025,13,48,58,13:48:58,139,Tahap-1
01/08/2025,13,48,58,13:48:58,133,Tahap-1
01/08/2025,13,48,58,13:48:58,173,Tahap-1
01/08/2025,13,48,58,13:48:58,119,Tahap-1
01/08/2025,13,48,58,13:48:58,201,Tahap-1
01/08/2025,13,48,58,13:48:58,139,Tahap-1
01/08/2025,13,48,58,13:48:58,118,Tahap-1
01/08/2025,13,48,58,13:48:58,49,Tahap-1
01/08/2025,13,48,58,13:48:58,389,Tahap-1
01/08/2025,13,48,59,13:48:59,878,Tahap-1
01/08/2025,13,48,59,13:48:59,652,Tahap-1
01/08/2025,13,48,59,13:48:59,308,Tahap-1
01/08/2025,13,48,59,13:48:59,114,Tahap-1
01/08/2025,13,48,59,13:48:59,155,Tahap-1
01/08/2025,13,48,59,13:48:59,58,Tahap-1
01/08/2025,13,48,59,13:48:59,183,Tahap-1
01/08/2025,13,48,59,13:48:59,79,Tahap-1
01/08/2025,13,48,59,13:48:59,62,Tahap-1
01/08/2025,13,48,59,13:48:59,49,Tahap-1
01/08/2025,13,49,1,13:49:01,196,Tahap-1
01/08/2025,13,49,1,13:49:01,79,Tahap-1
01/08/2025,13,49,1,13:49:01,293,Tahap-1
01/08/2025,13,49,1,13:49:01,689,Tahap-1
01/08/2025,13,49,1,13:49:01,230,Tahap-1
01/08/2025,13,49,1,13:49:01,502,Tahap-1
01/08/2025,13,49,1,13:49:01,409,Tahap-1
01/08/2025,13,49,1,13:49:01,92,Tahap-1
01/08/2025,13,49,1,13:49:01,171,Tahap-1
01/08/2025,13,49,1,13:49:01,223,Tahap-1
01/08/2025,13,49,2,13:49:02,204,Tahap-1
01/08/2025,13,49,2,13:49:02,154,Tahap-1
01/08/2025,13,49,2,13:49:02,79,Tahap-1
01/08/2025,13,49,2,13:49:02,73,Tahap-1
01/08/2025,13,49,2,13:49:02,142,Tahap-1
01/08/2025,13,49,2,13:49:02,317,Tahap-1
01/08/2025,13,49,2,13:49:02,203,Tahap-1
01/08/2025,13,49,2,13:49:02,78,Tahap-1
01/08/2025,13,49,2,13:49:02,79,Tahap-1
01/08/2025,13,49,2,13:49:02,179,Tahap-1
01/08/2025,13,49,3,13:49:03,297,Tahap-1
01/08/2025,13,49,3,13:49:03,116,Tahap-1
01/08/2025,13,49,3,13:49:03,120,Tahap-1
01/08/2025,13,49,3,13:49:03,139,Tahap-1
01/08/2025,13,49,3,13:49:03,203,Tahap-1
01/08/2025,13,49,3,13:49:03,241,Tahap-1
01/08/2025,13,49,3,13:49:03,1697,Tahap-1
01/08/2025,13,49,3,13:49:03,308,Tahap-1
01/08/2025,13,49,3,13:49:03,247,Tahap-1
01/08/2025,13,49,3,13:49:03,382,Tahap-1
01/08/2025,13,49,4,13:49:04,205,Tahap-1
01/08/2025,13,49,4,13:49:04,56,Tahap-1
01/08/2025,13,49,4,13:49:04,82,Tahap-1
01/08/2025,13,49,4,13:49:04,47,Tahap-1
01/08/2025,13,49,4,13:49:04,340,Tahap-1
01/08/2025,13,49,4,13:49:04,235,Tahap-1
01/08/2025,13,49,4,13:49:04,284,Tahap-1
01/08/2025,13,49,4,13:49:04,492,Tahap-1
01/08/2025,13,49,4,13:49:04,107,Tahap-1
01/08/2025,13,49,4,13:49:04,567,Tahap-1
01/08/2025,13,49,5,13:49:05,-124,Tahap-1
01/08/2025,13,49,5,13:49:05,-100,Tahap-1
01/08/2025,13,49,5,13:49:05,-88,Tahap-1
01/08/2025,13,49,5,13:49:05,-76,Tahap-1
01/08/2025,13,49,5,13:49:05,-68,Tahap-1
01/08/2025,13,49,5,13:49:05,-52,Tahap-1
01/08/2025,13,49,5,13:49:05,-72,Tahap-1
01/08/2025,13,49,5,13:49:05,-4,Tahap-1
01/08/2025,13,49,5,13:49:05,-156,Tahap-1
01/08/2025,13,49,5,13:49:05,-48,Tahap-1
01/08/2025,13,49,6,13:49:06,-8,Tahap-1
01/08/2025,13,49,6,13:49:06,-232,Tahap-1
01/08/2025,13,49,6,13:49:06,-60,Tahap-1
01/08/2025,13,49,6,13:49:06,-124,Tahap-1
01/08/2025,13,49,6,13:49:06,8,Tahap-1
01/08/2025,13,49,6,13:49:06,-112,Tahap-1
01/08/2025,13,49,6,13:49:06,20,Tahap-1
01/08/2025,13,49,6,13:49:06,-132,Tahap-1
01/08/2025,13,49,6,13:49:06,92,Tahap-1
01/08/2025,13,49,6,13:49:06,-124,Tahap-1
01/08/2025,13,49,7,13:49:07,-72,Tahap-1
01/08/2025,13,49,7,13:49:07,56,Tahap-1
01/08/2025,13,49,7,13:49:07,-56,Tahap-1
01/08/2025,13,49,7,13:49:07,-72,Tahap-1
01/08/2025,13,49,7,13:49:07,-44,Tahap-1
01/08/2025,13,49,7,13:49:07,12,Tahap-1
01/08/2025,13,49,7,13:49:07,-40,Tahap-1
01/08/2025,13,49,7,13:49:07,20,Tahap-1
01/08/2025,13,49,7,13:49:07,36,Tahap-1
01/08/2025,13,49,7,13:49:07,-8,Tahap-1
01/08/2025,13,49,8,13:49:08,-12,Tahap-1
01/08/2025,13,49,8,13:49:08,-104,Tahap-1
01/08/2025,13,49,8,13:49:08,92,Tahap-1
01/08/2025,13,49,8,13:49:08,-100,Tahap-1
01/08/2025,13,49,8,13:49:08,-56,Tahap-1
01/08/2025,13,49,8,13:49:08,-20,Tahap-1
01/08/2025,13,49,8,13:49:08,8,Tahap-1
01/08/2025,13,49,8,13:49:08,16,Tahap-1
01/08/2025,13,49,8,13:49:08,44,Tahap-1
01/08/2025,13,49,9,13:49:09,44,Tahap-1
01/08/2025,13,49,9,13:49:09,36,Tahap-1
01/08/2025,13,49,9,13:49:09,-60,Tahap-1
01/08/2025,13,49,9,13:49:09,120,Tahap-1
01/08/2025,13,49,9,13:49:09,-4,Tahap-1
01/08/2025,13,49,9,13:49:09,-16,Tahap-1
01/08/2025,13,49,9,13:49:09,-16,Tahap-1
01/08/2025,13,49,9,13:49:09,88,Tahap-1
01/08/2025,13,49,9,13:49:09,28,Tahap-1
01/08/2025,13,49,9,13:49:09,88,Tahap-1
01/08/2025,13,49,10,13:49:10,52,Tahap-1
01/08/2025,13,49,10,13:49:10,80,Tahap-1
01/08/2025,13,49,10,13:49:10,156,Tahap-1
01/08/2025,13,49,10,13:49:10,-32,Tahap-1
01/08/2025,13,49,10,13:49:10,100,Tahap-1
01/08/2025,13,49,10,13:49:10,12,Tahap-1
01/08/2025,13,49,10,13:49:10,-60,Tahap-1
01/08/2025,13,49,10,13:49:10,40,Tahap-1
01/08/2025,13,49,10,13:49:10,60,Tahap-1
01/08/2025,13,49,10,13:49:10,72,Tahap-1
01/08/2025,13,49,11,13:49:11,24,Tahap-1
01/08/2025,13,49,11,13:49:11,132,Tahap-1
01/08/2025,13,49,11,13:49:11,-8,Tahap-1
01/08/2025,13,49,11,13:49:11,140,Tahap-1
01/08/2025,13,49,11,13:49:11,40,Tahap-1
01/08/2025,13,49,11,13:49:11,48,Tahap-1
01/08/2025,13,49,11,13:49:11,92,Tahap-1
01/08/2025,13,49,11,13:49:11,-52,Tahap-1
01/08/2025,13,49,11,13:49:11,44,Tahap-1
01/08/2025,13,49,11,13:49:11,-28,Tahap-1
01/08/2025,13,49,12,13:49:12,156,Tahap-1
01/08/2025,13,49,12,13:49:12,-84,Tahap-1
01/08/2025,13,49,12,13:49:12,108,Tahap-1
01/08/2025,13,49,12,13:49:12,28,Tahap-1
01/08/2025,13,49,12,13:49:12,12,Tahap-1
01/08/2025,13,49,12,13:49:12,8,Tahap-1
01/08/2025,13,49,12,13:49:12,-12,Tahap-1
01/08/2025,13,49,12,13:49:12,56,Tahap-1
01/08/2025,13,49,12,13:49:12,-76,Tahap-1
01/08/2025,13,49,12,13:49:12,-36,Tahap-1
01/08/2025,13,49,13,13:49:13,-60,Tahap-1
01/08/2025,13,49,13,13:49:13,68,Tahap-1
01/08/2025,13,49,13,13:49:13,4,Tahap-1
01/08/2025,13,49,13,13:49:13,-4,Tahap-1
01/08/2025,13,49,13,13:49:13,4,Tahap-1
01/08/2025,13,49,13,13:49:13,-28,Tahap-1
01/08/2025,13,49,13,13:49:13,-48,Tahap-1
01/08/2025,13,49,13,13:49:13,-84,Tahap-1
01/08/2025,13,49,13,13:49:13,56,Tahap-1
01/08/2025,13,49,13,13:49:13,-176,Tahap-1
01/08/2025,13,49,14,13:49:14,-80,Tahap-1
01/08/2025,13,49,14,13:49:14,-172,Tahap-1
01/08/2025,13,49,14,13:49:14,-16,Tahap-1
01/08/2025,13,49,14,13:49:14,-72,Tahap-1
01/08/2025,13,49,14,13:49:14,-24,Tahap-1
01/08/2025,13,49,14,13:49:14,-64,Tahap-1
01/08/2025,13,49,14,13:49:14,-24,Tahap-1
01/08/2025,13,49,14,13:49:14,-20,Tahap-1
01/08/2025,13,49,14,13:49:14,-212,Tahap-1
01/08/2025,13,49,14,13:49:14,56,Tahap-1
01/08/2025,13,49,15,13:49:15,-76,Tahap-1
01/08/2025,13,49,15,13:49:15,-132,Tahap-1
01/08/2025,13,49,15,13:49:15,-96,Tahap-1
01/08/2025,13,49,15,13:49:15,12,Tahap-1
01/08/2025,13,49,15,13:49:15,8,Tahap-1
01/08/2025,13,49,15,13:49:15,-4,Tahap-1
01/08/2025,13,49,15,13:49:15,-8,Tahap-1
01/08/2025,13,49,15,13:49:15,28,Tahap-1
01/08/2025,13,49,15,13:49:15,32,Tahap-1
01/08/2025,13,49,15,13:49:15,-76,Tahap-1
01/08/2025,13,49,16,13:49:16,-36,Tahap-1
01/08/2025,13,49,16,13:49:16,28,Tahap-1
01/08/2025,13,49,16,13:49:16,-148,Tahap-1
01/08/2025,13,49,16,13:49:16,-28,Tahap-1
01/08/2025,13,49,16,13:49:16,-96,Tahap-1
01/08/2025,13,49,16,13:49:16,76,Tahap-1
01/08/2025,13,49,16,13:49:16,-60,Tahap-1
01/08/2025,13,49,16,13:49:16,-8,Tahap-1
01/08/2025,13,49,16,13:49:16,4,Tahap-1
01/08/2025,13,49,16,13:49:16,36,Tahap-1
01/08/2025,13,49,17,13:49:17,-96,Tahap-1
01/08/2025,13,49,17,13:49:17,-8,Tahap-1
01/08/2025,13,49,17,13:49:17,-96,Tahap-1
01/08/2025,13,49,17,13:49:17,-88,Tahap-1
01/08/2025,13,49,17,13:49:17,-8,Tahap-1
01/08/2025,13,49,17,13:49:17,28,Tahap-1
01/08/2025,13,49,17,13:49:17,8,Tahap-1
01/08/2025,13,49,17,13:49:17,-4,Tahap-1
01/08/2025,13,49,42,13:49:42,2611,Tahap-1
01/08/2025,13,49,42,13:49:42,519,Tahap-1
01/08/2025,13,49,42,13:49:42,795,Tahap-1
01/08/2025,13,49,42,13:49:42,653,Tahap-1
01/08/2025,13,49,42,13:49:42,669,Tahap-1
01/08/2025,13,49,42,13:49:42,95,Tahap-1
01/08/2025,13,49,42,13:49:42,329,Tahap-1
01/08/2025,13,49,42,13:49:42,163,Tahap-1
01/08/2025,13,49,43,13:49:43,199,Tahap-1
01/08/2025,13,49,43,13:49:43,423,Tahap-1
01/08/2025,13,49,43,13:49:43,76,Tahap-1
01/08/2025,13,49,43,13:49:43,145,Tahap-1
01/08/2025,13,49,43,13:49:43,255,Tahap-1
01/08/2025,13,49,43,13:49:43,52,Tahap-1
01/08/2025,13,49,43,13:49:43,346,Tahap-1
01/08/2025,13,49,43,13:49:43,13,Tahap-1
01/08/2025,13,49,43,13:49:43,31,Tahap-1
01/08/2025,13,49,43,13:49:43,174,Tahap-1
01/08/2025,13,49,44,13:49:44,106,Tahap-1
01/08/2025,13,49,44,13:49:44,53,Tahap-1
01/08/2025,13,49,44,13:49:44,199,Tahap-1
01/08/2025,13,49,44,13:49:44,483,Tahap-1
01/08/2025,13,49,44,13:49:44,1102,Tahap-1
01/08/2025,13,49,44,13:49:44,158,Tahap-1
01/08/2025,13,49,44,13:49:44,108,Tahap-1
01/08/2025,13,49,44,13:49:44,163,Tahap-1
01/08/2025,13,49,44,13:49:44,64,Tahap-1
01/08/2025,13,49,44,13:49:44,26,Tahap-1
01/08/2025,13,49,45,13:49:45,141,Tahap-1
01/08/2025,13,49,45,13:49:45,138,Tahap-1
01/08/2025,13,49,45,13:49:45,71,Tahap-1
01/08/2025,13,49,45,13:49:45,11,Tahap-1
01/08/2025,13,49,45,13:49:45,121,Tahap-1
01/08/2025,13,49,45,13:49:45,181,Tahap-1
01/08/2025,13,49,45,13:49:45,28,Tahap-1
01/08/2025,13,49,45,13:49:45,58,Tahap-1
01/08/2025,13,49,45,13:49:45,192,Tahap-1
01/08/2025,13,49,45,13:49:45,203,Tahap-1
01/08/2025,13,49,46,13:49:46,28,Tahap-1
01/08/2025,13,49,46,13:49:46,84,Tahap-1
01/08/2025,13,49,46,13:49:46,193,Tahap-1
01/08/2025,13,49,46,13:49:46,66,Tahap-1
01/08/2025,13,49,46,13:49:46,300,Tahap-1
01/08/2025,13,49,46,13:49:46,250,Tahap-1
01/08/2025,13,49,46,13:49:46,277,Tahap-1
01/08/2025,13,49,46,13:49:46,410,Tahap-1
01/08/2025,13,49,46,13:49:46,208,Tahap-1
01/08/2025,13,49,47,13:49:47,72,Tahap-1
01/08/2025,13,49,47,13:49:47,162,Tahap-1
01/08/2025,13,49,47,13:49:47,91,Tahap-1
01/08/2025,13,49,47,13:49:47,79,Tahap-1
01/08/2025,13,49,47,13:49:47,95,Tahap-1
01/08/2025,13,49,47,13:49:47,66,Tahap-1
01/08/2025,13,49,47,13:49:47,92,Tahap-1
01/08/2025,13,49,47,13:49:47,108,Tahap-1
01/08/2025,13,49,47,13:49:47,100,Tahap-1
01/08/2025,13,49,47,13:49:47,28,Tahap-1
01/08/2025,13,49,47,13:49:47,74,Tahap-1
01/08/2025,13,49,48,13:49:48,10,Tahap-1
01/08/2025,13,49,48,13:49:48,62,Tahap-1
01/08/2025,13,49,48,13:49:48,118,Tahap-1
01/08/2025,13,49,48,13:49:48,62,Tahap-1
01/08/2025,13,49,48,13:49:48,307,Tahap-1
01/08/2025,13,49,48,13:49:48,305,Tahap-1
01/08/2025,13,49,48,13:49:48,228,Tahap-1
01/08/2025,13,49,48,13:49:48,492,Tahap-1
01/08/2025,13,49,48,13:49:48,562,Tahap-1
01/08/2025,13,49,48,13:49:48,366,Tahap-1
01/08/2025,13,49,49,13:49:49,690,Tahap-1
01/08/2025,13,49,49,13:49:49,367,Tahap-1
01/08/2025,13,49,49,13:49:49,221,Tahap-1
01/08/2025,13,49,49,13:49:49,141,Tahap-1
01/08/2025,13,49,49,13:49:49,94,Tahap-1
01/08/2025,13,49,49,13:49:49,80,Tahap-1
01/08/2025,13,49,49,13:49:49,92,Tahap-1
01/08/2025,13,49,49,13:49:49,160,Tahap-1
01/08/2025,13,49,49,13:49:49,104,Tahap-1
01/08/2025,13,49,49,13:49:49,109,Tahap-1
01/08/2025,13,49,50,13:49:50,123,Tahap-1
01/08/2025,13,49,50,13:49:50,43,Tahap-1
01/08/2025,13,49,50,13:49:50,77,Tahap-1
01/08/2025,13,49,50,13:49:50,178,Tahap-1
01/08/2025,13,49,50,13:49:50,120,Tahap-1
01/08/2025,13,49,50,13:49:50,132,Tahap-1
01/08/2025,13,49,50,13:49:50,645,Tahap-1
01/08/2025,13,49,50,13:49:50,210,Tahap-1
01/08/2025,13,49,50,13:49:50,301,Tahap-1
01/08/2025,13,49,50,13:49:50,552,Tahap-1
01/08/2025,13,49,51,13:49:51,116,Tahap-1
01/08/2025,13,49,51,13:49:51,464,Tahap-1
01/08/2025,13,49,51,13:49:51,296,Tahap-1
01/08/2025,13,49,51,13:49:51,230,Tahap-1
01/08/2025,13,49,51,13:49:51,709,Tahap-1
01/08/2025,13,49,51,13:49:51,132,Tahap-1
01/08/2025,13,49,51,13:49:51,413,Tahap-1
01/08/2025,13,49,51,13:49:51,104,Tahap-1
01/08/2025,13,49,51,13:49:51,209,Tahap-1
01/08/2025,13,49,51,13:49:51,134,Tahap-1
01/08/2025,13,49,52,13:49:52,124,Tahap-1
01/08/2025,13,49,52,13:49:52,154,Tahap-1
01/08/2025,13,49,52,13:49:52,48,Tahap-1
01/08/2025,13,49,52,13:49:52,194,Tahap-1
01/08/2025,13,49,52,13:49:52,135,Tahap-1
01/08/2025,13,49,52,13:49:52,45,Tahap-1
01/08/2025,13,49,52,13:49:52,92,Tahap-1
01/08/2025,13,49,52,13:49:52,244,Tahap-1
01/08/2025,13,49,52,13:49:52,318,Tahap-1
01/08/2025,13,49,52,13:49:52,416,Tahap-1
01/08/2025,13,49,53,13:49:53,225,Tahap-1
01/08/2025,13,49,53,13:49:53,723,Tahap-1
01/08/2025,13,49,53,13:49:53,431,Tahap-1
01/08/2025,13,49,53,13:49:53,762,Tahap-1
01/08/2025,13,49,53,13:49:53,299,Tahap-1
01/08/2025,13,49,53,13:49:53,897,Tahap-1
01/08/2025,13,49,53,13:49:53,415,Tahap-1
01/08/2025,13,49,53,13:49:53,601,Tahap-1
01/08/2025,13,49,53,13:49:53,247,Tahap-1
01/08/2025,13,49,53,13:49:53,143,Tahap-1
01/08/2025,13,49,54,13:49:54,149,Tahap-1
01/08/2025,13,49,54,13:49:54,279,Tahap-1
01/08/2025,13,49,54,13:49:54,126,Tahap-1
01/08/2025,13,49,54,13:49:54,197,Tahap-1
01/08/2025,13,49,54,13:49:54,121,Tahap-1
01/08/2025,13,49,54,13:49:54,552,Tahap-1
01/08/2025,13,49,54,13:49:54,558,Tahap-1
01/08/2025,13,49,54,13:49:54,531,Tahap-1
01/08/2025,13,49,54,13:49:54,905,Tahap-1
01/08/2025,13,49,54,13:49:54,-56,Tahap-1
01/08/2025,13,49,55,13:49:55,128,Tahap-1
01/08/2025,13,49,55,13:49:55,-56,Tahap-1
01/08/2025,13,49,55,13:49:55,16,Tahap-1
01/08/2025,13,49,55,13:49:55,-128,Tahap-1
01/08/2025,13,49,55,13:49:55,108,Tahap-1
01/08/2025,13,49,55,13:49:55,-124,Tahap-1
01/08/2025,13,49,55,13:49:55,40,Tahap-1
01/08/2025,13,49,55,13:49:55,36,Tahap-1
01/08/2025,13,49,55,13:49:55,40,Tahap-1
01/08/2025,13,49,55,13:49:55,28,Tahap-1
01/08/2025,13,49,56,13:49:56,-4,Tahap-1
01/08/2025,13,49,56,13:49:56,32,Tahap-1
01/08/2025,13,49,56,13:49:56,40,Tahap-1
01/08/2025,13,49,56,13:49:56,-140,Tahap-1
01/08/2025,13,49,56,13:49:56,16,Tahap-1
01/08/2025,13,49,56,13:49:56,-16,Tahap-1
01/08/2025,13,49,56,13:49:56,-76,Tahap-1
01/08/2025,13,49,56,13:49:56,12,Tahap-1
01/08/2025,13,49,56,13:49:56,-16,Tahap-1
01/08/2025,13,49,56,13:49:56,-64,Tahap-1
01/08/2025,13,49,57,13:49:57,20,Tahap-1
01/08/2025,13,49,57,13:49:57,-164,Tahap-1
01/08/2025,13,49,57,13:49:57,28,Tahap-1
01/08/2025,13,49,57,13:49:57,-64,Tahap-1
01/08/2025,13,49,57,13:49:57,-140,Tahap-1
01/08/2025,13,49,57,13:49:57,-132,Tahap-1
01/08/2025,13,49,57,13:49:57,32,Tahap-1
01/08/2025,13,49,57,13:49:57,-172,Tahap-1
01/08/2025,13,49,57,13:49:57,24,Tahap-1
01/08/2025,13,49,57,13:49:57,56,Tahap-1
01/08/2025,13,49,58,13:49:58,-60,Tahap-1
01/08/2025,13,49,58,13:49:58,76,Tahap-1
01/08/2025,13,49,58,13:49:58,-64,Tahap-1
01/08/2025,13,49,58,13:49:58,-8,Tahap-1
01/08/2025,13,49,58,13:49:58,-40,Tahap-1
01/08/2025,13,49,58,13:49:58,-92,Tahap-1
01/08/2025,13,49,58,13:49:58,-160,Tahap-1
01/08/2025,13,49,58,13:49:58,-68,Tahap-1
01/08/2025,13,49,58,13:49:58,-40,Tahap-1
01/08/2025,13,49,58,13:49:58,-128,Tahap-1
01/08/2025,13,49,59,13:49:59,48,Tahap-1
01/08/2025,13,49,59,13:49:59,-128,Tahap-1
01/08/2025,13,49,59,13:49:59,32,Tahap-1
01/08/2025,13,49,59,13:49:59,-184,Tahap-1
01/08/2025,13,49,59,13:49:59,72,Tahap-1
01/08/2025,13,49,59,13:49:59,-112,Tahap-1
01/08/2025,13,49,59,13:49:59,-96,Tahap-1
01/08/2025,13,49,59,13:49:59,-100,Tahap-1
01/08/2025,13,49,59,13:49:59,-116,Tahap-1
01/08/2025,13,49,59,13:49:59,-12,Tahap-1
01/08/2025,13,50,1,13:50:01,-52,Tahap-1
01/08/2025,13,50,1,13:50:01,-52,Tahap-1
01/08/2025,13,50,1,13:50:01,-52,Tahap-1
01/08/2025,13,50,1,13:50:01,-8,Tahap-1
01/08/2025,13,50,1,13:50:01,-124,Tahap-1
01/08/2025,13,50,1,13:50:01,-100,Tahap-1
01/08/2025,13,50,1,13:50:01,16,Tahap-1
01/08/2025,13,50,1,13:50:01,-124,Tahap-1
01/08/2025,13,50,1,13:50:01,-128,Tahap-1
01/08/2025,13,50,2,13:50:02,-128,Tahap-1
01/08/2025,13,50,2,13:50:02,-88,Tahap-1
01/08/2025,13,50,2,13:50:02,-100,Tahap-1
01/08/2025,13,50,2,13:50:02,-32,Tahap-1
01/08/2025,13,50,2,13:50:02,-68,Tahap-1
01/08/2025,13,50,2,13:50:02,12,Tahap-1
01/08/2025,13,50,2,13:50:02,-80,Tahap-1
01/08/2025,13,50,2,13:50:02,-64,Tahap-1
01/08/2025,13,50,2,13:50:02,16,Tahap-1
01/08/2025,13,50,2,13:50:02,-116,Tahap-1
01/08/2025,13,50,3,13:50:03,-92,Tahap-1
01/08/2025,13,50,3,13:50:03,-80,Tahap-1
01/08/2025,13,50,3,13:50:03,-48,Tahap-1
01/08/2025,13,50,3,13:50:03,-64,Tahap-1
01/08/2025,13,50,3,13:50:03,-56,Tahap-1
01/08/2025,13,50,3,13:50:03,-56,Tahap-1
01/08/2025,13,50,3,13:50:03,-16,Tahap-1
01/08/2025,13,50,3,13:50:03,-44,Tahap-1
01/08/2025,13,50,3,13:50:03,-144,Tahap-1
01/08/2025,13,50,3,13:50:03,28,Tahap-1
01/08/2025,13,50,4,13:50:04,-188,Tahap-1
01/08/2025,13,50,4,13:50:04,-128,Tahap-1
01/08/2025,13,50,4,13:50:04,-128,Tahap-1
01/08/2025,13,50,4,13:50:04,-24,Tahap-1
01/08/2025,13,50,4,13:50:04,-176,Tahap-1
01/08/2025,13,50,4,13:50:04,44,Tahap-1
01/08/2025,13,50,4,13:50:04,-104,Tahap-1
01/08/2025,13,50,4,13:50:04,-20,Tahap-1
01/08/2025,13,50,4,13:50:04,-28,Tahap-1
01/08/2025,13,50,4,13:50:04,-96,Tahap-1
01/08/2025,13,50,5,13:50:05,-16,Tahap-1
01/08/2025,13,50,5,13:50:05,-108,Tahap-1
01/08/2025,13,50,5,13:50:05,-188,Tahap-1
01/08/2025,13,50,5,13:50:05,-128,Tahap-1
01/08/2025,13,50,5,13:50:05,-24,Tahap-1
01/08/2025,13,50,5,13:50:05,-124,Tahap-1
01/08/2025,13,50,5,13:50:05,-92,Tahap-1
01/08/2025,13,50,5,13:50:05,20,Tahap-1
01/08/2025,13,50,5,13:50:05,-168,Tahap-1
01/08/2025,13,50,5,13:50:05,24,Tahap-1
01/08/2025,13,50,6,13:50:06,-128,Tahap-1
01/08/2025,13,50,6,13:50:06,-8,Tahap-1
01/08/2025,13,50,6,13:50:06,-72,Tahap-1
01/08/2025,13,50,6,13:50:06,-120,Tahap-1
01/08/2025,13,50,6,13:50:06,-84,Tahap-1
01/08/2025,13,50,6,13:50:06,-76,Tahap-1
01/08/2025,13,50,6,13:50:06,24,Tahap-1
01/08/2025,13,50,6,13:50:06,-80,Tahap-1
01/08/2025,13,50,6,13:50:06,-92,Tahap-1
01/08/2025,13,50,6,13:50:06,-44,Tahap-1
01/08/2025,13,50,7,13:50:07,-48,Tahap-1
01/08/2025,13,50,7,13:50:07,-124,Tahap-1
01/08/2025,13,50,7,13:50:07,12,Tahap-1
01/08/2025,13,50,7,13:50:07,-28,Tahap-1
01/08/2025,13,50,7,13:50:07,-216,Tahap-1
01/08/2025,13,50,7,13:50:07,-56,Tahap-1
01/08/2025,13,50,7,13:50:07,-196,Tahap-1
01/08/2025,13,50,7,13:50:07,36,Tahap-1
01/08/2025,13,50,32,13:50:32,4555,Tahap-1
01/08/2025,13,50,32,13:50:32,129,Tahap-1
01/08/2025,13,50,32,13:50:32,671,Tahap-1
01/08/2025,13,50,32,13:50:32,330,Tahap-1
01/08/2025,13,50,32,13:50:32,494,Tahap-1
01/08/2025,13,50,32,13:50:32,311,Tahap-1
01/08/2025,13,50,32,13:50:32,366,Tahap-1
01/08/2025,13,50,32,13:50:32,293,Tahap-1
01/08/2025,13,50,33,13:50:33,210,Tahap-1
01/08/2025,13,50,33,13:50:33,252,Tahap-1
01/08/2025,13,50,33,13:50:33,113,Tahap-1
01/08/2025,13,50,33,13:50:33,270,Tahap-1
01/08/2025,13,50,33,13:50:33,152,Tahap-1
01/08/2025,13,50,33,13:50:33,39,Tahap-1
01/08/2025,13,50,33,13:50:33,155,Tahap-1
01/08/2025,13,50,33,13:50:33,119,Tahap-1
01/08/2025,13,50,33,13:50:33,39,Tahap-1
01/08/2025,13,50,33,13:50:33,157,Tahap-1
01/08/2025,13,50,34,13:50:34,126,Tahap-1
01/08/2025,13,50,34,13:50:34,91,Tahap-1
01/08/2025,13,50,34,13:50:34,158,Tahap-1
01/08/2025,13,50,34,13:50:34,127,Tahap-1
01/08/2025,13,50,34,13:50:34,1113,Tahap-1
01/08/2025,13,50,34,13:50:34,224,Tahap-1
01/08/2025,13,50,34,13:50:34,69,Tahap-1
01/08/2025,13,50,34,13:50:34,130,Tahap-1
01/08/2025,13,50,34,13:50:34,197,Tahap-1
01/08/2025,13,50,34,13:50:34,103,Tahap-1
01/08/2025,13,50,35,13:50:35,141,Tahap-1
01/08/2025,13,50,35,13:50:35,185,Tahap-1
01/08/2025,13,50,35,13:50:35,134,Tahap-1
01/08/2025,13,50,35,13:50:35,26,Tahap-1
01/08/2025,13,50,35,13:50:35,208,Tahap-1
01/08/2025,13,50,35,13:50:35,87,Tahap-1
01/08/2025,13,50,35,13:50:35,330,Tahap-1
01/08/2025,13,50,35,13:50:35,145,Tahap-1
01/08/2025,13,50,35,13:50:35,198,Tahap-1
01/08/2025,13,50,35,13:50:35,140,Tahap-1
01/08/2025,13,50,36,13:50:36,205,Tahap-1
01/08/2025,13,50,36,13:50:36,168,Tahap-1
01/08/2025,13,50,36,13:50:36,138,Tahap-1
01/08/2025,13,50,36,13:50:36,178,Tahap-1
01/08/2025,13,50,36,13:50:36,551,Tahap-1
01/08/2025,13,50,36,13:50:36,159,Tahap-1
01/08/2025,13,50,36,13:50:36,67,Tahap-1
01/08/2025,13,50,36,13:50:36,251,Tahap-1
01/08/2025,13,50,36,13:50:36,129,Tahap-1
01/08/2025,13,50,36,13:50:36,141,Tahap-1
01/08/2025,13,50,37,13:50:37,127,Tahap-1
01/08/2025,13,50,37,13:50:37,191,Tahap-1
01/08/2025,13,50,37,13:50:37,225,Tahap-1
01/08/2025,13,50,37,13:50:37,158,Tahap-1
01/08/2025,13,50,37,13:50:37,112,Tahap-1
01/08/2025,13,50,37,13:50:37,228,Tahap-1
01/08/2025,13,50,37,13:50:37,125,Tahap-1
01/08/2025,13,50,37,13:50:37,171,Tahap-1
01/08/2025,13,50,37,13:50:37,153,Tahap-1
01/08/2025,13,50,37,13:50:37,242,Tahap-1
01/08/2025,13,50,38,13:50:38,55,Tahap-1
01/08/2025,13,50,38,13:50:38,101,Tahap-1
01/08/2025,13,50,38,13:50:38,183,Tahap-1
01/08/2025,13,50,38,13:50:38,214,Tahap-1
01/08/2025,13,50,38,13:50:38,111,Tahap-1
01/08/2025,13,50,38,13:50:38,238,Tahap-1
01/08/2025,13,50,38,13:50:38,123,Tahap-1
01/08/2025,13,50,38,13:50:38,363,Tahap-1
01/08/2025,13,50,38,13:50:38,432,Tahap-1
01/08/2025,13,50,38,13:50:38,339,Tahap-1
01/08/2025,13,50,38,13:50:38,673,Tahap-1
01/08/2025,13,50,39,13:50:39,443,Tahap-1
01/08/2025,13,50,39,13:50:39,63,Tahap-1
01/08/2025,13,50,39,13:50:39,193,Tahap-1
01/08/2025,13,50,39,13:50:39,91,Tahap-1
01/08/2025,13,50,39,13:50:39,67,Tahap-1
01/08/2025,13,50,39,13:50:39,49,Tahap-1
01/08/2025,13,50,39,13:50:39,112,Tahap-1
01/08/2025,13,50,39,13:50:39,270,Tahap-1
01/08/2025,13,50,39,13:50:39,109,Tahap-1
01/08/2025,13,50,40,13:50:40,156,Tahap-1
01/08/2025,13,50,40,13:50:40,110,Tahap-1
01/08/2025,13,50,40,13:50:40,135,Tahap-1
01/08/2025,13,50,40,13:50:40,140,Tahap-1
01/08/2025,13,50,40,13:50:40,181,Tahap-1
01/08/2025,13,50,40,13:50:40,88,Tahap-1
01/08/2025,13,50,40,13:50:40,185,Tahap-1
01/08/2025,13,50,40,13:50:40,821,Tahap-1
01/08/2025,13,50,40,13:50:40,72,Tahap-1
01/08/2025,13,50,40,13:50:40,267,Tahap-1
01/08/2025,13,50,40,13:50:40,421,Tahap-1
01/08/2025,13,50,41,13:50:41,573,Tahap-1
01/08/2025,13,50,41,13:50:41,92,Tahap-1
01/08/2025,13,50,41,13:50:41,358,Tahap-1
01/08/2025,13,50,41,13:50:41,588,Tahap-1
01/08/2025,13,50,41,13:50:41,330,Tahap-1
01/08/2025,13,50,41,13:50:41,268,Tahap-1
01/08/2025,13,50,41,13:50:41,291,Tahap-1
01/08/2025,13,50,41,13:50:41,140,Tahap-1
01/08/2025,13,50,41,13:50:41,285,Tahap-1
01/08/2025,13,50,41,13:50:41,139,Tahap-1
01/08/2025,13,50,42,13:50:42,126,Tahap-1
01/08/2025,13,50,42,13:50:42,69,Tahap-1
01/08/2025,13,50,42,13:50:42,191,Tahap-1
01/08/2025,13,50,42,13:50:42,118,Tahap-1
01/08/2025,13,50,42,13:50:42,169,Tahap-1
01/08/2025,13,50,42,13:50:42,126,Tahap-1
01/08/2025,13,50,42,13:50:42,217,Tahap-1
01/08/2025,13,50,42,13:50:42,325,Tahap-1
01/08/2025,13,50,42,13:50:42,122,Tahap-1
01/08/2025,13,50,42,13:50:42,219,Tahap-1
01/08/2025,13,50,43,13:50:43,58,Tahap-1
01/08/2025,13,50,43,13:50:43,227,Tahap-1
01/08/2025,13,50,43,13:50:43,887,Tahap-1
01/08/2025,13,50,43,13:50:43,596,Tahap-1
01/08/2025,13,50,43,13:50:43,681,Tahap-1
01/08/2025,13,50,43,13:50:43,248,Tahap-1
01/08/2025,13,50,43,13:50:43,933,Tahap-1
01/08/2025,13,50,43,13:50:43,437,Tahap-1
01/08/2025,13,50,43,13:50:43,205,Tahap-1
01/08/2025,13,50,43,13:50:43,73,Tahap-1
01/08/2025,13,50,44,13:50:44,379,Tahap-1
01/08/2025,13,50,44,13:50:44,353,Tahap-1
01/08/2025,13,50,44,13:50:44,140,Tahap-1
01/08/2025,13,50,44,13:50:44,94,Tahap-1
01/08/2025,13,50,44,13:50:44,305,Tahap-1
01/08/2025,13,50,44,13:50:44,335,Tahap-1
01/08/2025,13,50,44,13:50:44,398,Tahap-1
01/08/2025,13,50,44,13:50:44,1217,Tahap-1
01/08/2025,13,50,44,13:50:44,-132,Tahap-1
01/08/2025,13,50,44,13:50:44,-4,Tahap-1
01/08/2025,13,50,45,13:50:45,-144,Tahap-1
01/08/2025,13,50,45,13:50:45,4,Tahap-1
01/08/2025,13,50,45,13:50:45,-184,Tahap-1
01/08/2025,13,50,45,13:50:45,-196,Tahap-1
01/08/2025,13,50,45,13:50:45,-96,Tahap-1
01/08/2025,13,50,45,13:50:45,-184,Tahap-1
01/08/2025,13,50,45,13:50:45,-196,Tahap-1
01/08/2025,13,50,45,13:50:45,-128,Tahap-1
01/08/2025,13,50,45,13:50:45,-88,Tahap-1
01/08/2025,13,50,45,13:50:45,-188,Tahap-1
01/08/2025,13,50,46,13:50:46,-104,Tahap-1
01/08/2025,13,50,46,13:50:46,-116,Tahap-1
01/08/2025,13,50,46,13:50:46,-104,Tahap-1
01/08/2025,13,50,46,13:50:46,-116,Tahap-1
01/08/2025,13,50,46,13:50:46,-152,Tahap-1
01/08/2025,13,50,46,13:50:46,-52,Tahap-1
01/08/2025,13,50,46,13:50:46,-200,Tahap-1
01/08/2025,13,50,46,13:50:46,-172,Tahap-1
01/08/2025,13,50,46,13:50:46,-164,Tahap-1
01/08/2025,13,50,47,13:50:47,-96,Tahap-1
01/08/2025,13,50,47,13:50:47,-156,Tahap-1
01/08/2025,13,50,47,13:50:47,-80,Tahap-1
01/08/2025,13,50,47,13:50:47,-120,Tahap-1
01/08/2025,13,50,47,13:50:47,-24,Tahap-1
01/08/2025,13,50,47,13:50:47,-176,Tahap-1
01/08/2025,13,50,47,13:50:47,-136,Tahap-1
01/08/2025,13,50,47,13:50:47,-92,Tahap-1
01/08/2025,13,50,47,13:50:47,-224,Tahap-1
01/08/2025,13,50,47,13:50:47,-180,Tahap-1
01/08/2025,13,50,47,13:50:47,-84,Tahap-1
01/08/2025,13,50,48,13:50:48,-128,Tahap-1
01/08/2025,13,50,48,13:50:48,-112,Tahap-1
01/08/2025,13,50,48,13:50:48,-76,Tahap-1
01/08/2025,13,50,48,13:50:48,-88,Tahap-1
01/08/2025,13,50,48,13:50:48,-112,Tahap-1
01/08/2025,13,50,48,13:50:48,-12,Tahap-1
01/08/2025,13,50,48,13:50:48,-248,Tahap-1
01/08/2025,13,50,48,13:50:48,52,Tahap-1
01/08/2025,13,50,48,13:50:48,-164,Tahap-1
01/08/2025,13,50,48,13:50:48,-120,Tahap-1
01/08/2025,13,50,49,13:50:49,-200,Tahap-1
01/08/2025,13,50,49,13:50:49,-28,Tahap-1
01/08/2025,13,50,49,13:50:49,-176,Tahap-1
01/08/2025,13,50,49,13:50:49,-64,Tahap-1
01/08/2025,13,50,49,13:50:49,-96,Tahap-1
01/08/2025,13,50,49,13:50:49,-68,Tahap-1
01/08/2025,13,50,49,13:50:49,-64,Tahap-1
01/08/2025,13,50,49,13:50:49,-140,Tahap-1
01/08/2025,13,50,49,13:50:49,-84,Tahap-1
01/08/2025,13,50,49,13:50:49,-24,Tahap-1
01/08/2025,13,50,50,13:50:50,-236,Tahap-1
01/08/2025,13,50,50,13:50:50,-96,Tahap-1
01/08/2025,13,50,50,13:50:50,-56,Tahap-1
01/08/2025,13,50,50,13:50:50,-88,Tahap-1
01/08/2025,13,50,50,13:50:50,-8,Tahap-1
01/08/2025,13,50,50,13:50:50,-128,Tahap-1
01/08/2025,13,50,50,13:50:50,-8,Tahap-1
01/08/2025,13,50,50,13:50:50,-48,Tahap-1
01/08/2025,13,50,50,13:50:50,-24,Tahap-1
01/08/2025,13,50,50,13:50:50,4,Tahap-1
01/08/2025,13,50,51,13:50:51,-48,Tahap-1
01/08/2025,13,50,51,13:50:51,-108,Tahap-1
01/08/2025,13,50,51,13:50:51,-124,Tahap-1
01/08/2025,13,50,51,13:50:51,-52,Tahap-1
01/08/2025,13,50,51,13:50:51,-48,Tahap-1
01/08/2025,13,50,51,13:50:51,112,Tahap-1
01/08/2025,13,50,51,13:50:51,-156,Tahap-1
01/08/2025,13,50,51,13:50:51,148,Tahap-1
01/08/2025,13,50,51,13:50:51,-28,Tahap-1
01/08/2025,13,50,51,13:50:51,12,Tahap-1
01/08/2025,13,50,52,13:50:52,-56,Tahap-1
01/08/2025,13,50,52,13:50:52,112,Tahap-1
01/08/2025,13,50,52,13:50:52,-64,Tahap-1
01/08/2025,13,50,52,13:50:52,52,Tahap-1
01/08/2025,13,50,52,13:50:52,-100,Tahap-1
01/08/2025,13,50,52,13:50:52,72,Tahap-1
01/08/2025,13,50,52,13:50:52,188,Tahap-1
01/08/2025,13,50,52,13:50:52,-8,Tahap-1
01/08/2025,13,50,52,13:50:52,140,Tahap-1
01/08/2025,13,50,52,13:50:52,128,Tahap-1
01/08/2025,13,50,53,13:50:53,68,Tahap-1
01/08/2025,13,50,53,13:50:53,44,Tahap-1
01/08/2025,13,50,53,13:50:53,60,Tahap-1
01/08/2025,13,50,53,13:50:53,144,Tahap-1
01/08/2025,13,50,53,13:50:53,-32,Tahap-1
01/08/2025,13,50,53,13:50:53,80,Tahap-1
01/08/2025,13,50,53,13:50:53,-36,Tahap-1
01/08/2025,13,50,53,13:50:53,200,Tahap-1
01/08/2025,13,50,53,13:50:53,64,Tahap-1
01/08/2025,13,50,53,13:50:53,128,Tahap-1
01/08/2025,13,50,54,13:50:54,76,Tahap-1
01/08/2025,13,50,54,13:50:54,144,Tahap-1
01/08/2025,13,50,54,13:50:54,88,Tahap-1
01/08/2025,13,50,54,13:50:54,32,Tahap-1
01/08/2025,13,50,54,13:50:54,236,Tahap-1
01/08/2025,13,50,54,13:50:54,8,Tahap-1
01/08/2025,13,50,54,13:50:54,40,Tahap-1
01/08/2025,13,50,54,13:50:54,108,Tahap-1
01/08/2025,13,50,54,13:50:54,104,Tahap-1
01/08/2025,13,50,54,13:50:54,88,Tahap-1
01/08/2025,13,50,55,13:50:55,172,Tahap-1
01/08/2025,13,50,55,13:50:55,108,Tahap-1
01/08/2025,13,50,55,13:50:55,112,Tahap-1
01/08/2025,13,50,55,13:50:55,124,Tahap-1
01/08/2025,13,50,55,13:50:55,-28,Tahap-1
01/08/2025,13,50,55,13:50:55,192,Tahap-1
01/08/2025,13,50,55,13:50:55,44,Tahap-1
01/08/2025,13,50,55,13:50:55,36,Tahap-1
01/08/2025,13,50,55,13:50:55,64,Tahap-1
01/08/2025,13,50,55,13:50:55,228,Tahap-1
01/08/2025,13,50,56,13:50:56,64,Tahap-1
01/08/2025,13,50,56,13:50:56,204,Tahap-1
01/08/2025,13,50,56,13:50:56,188,Tahap-1
01/08/2025,13,50,56,13:50:56,156,Tahap-1
01/08/2025,13,50,56,13:50:56,164,Tahap-1
01/08/2025,13,50,56,13:50:56,84,Tahap-1
01/08/2025,13,50,56,13:50:56,208,Tahap-1
01/08/2025,13,50,56,13:50:56,168,Tahap-1
01/08/2025,13,50,56,13:50:56,108,Tahap-1
01/08/2025,13,50,56,13:50:56,120,Tahap-1
01/08/2025,13,50,57,13:50:57,256,Tahap-1
01/08/2025,13,50,57,13:50:57,144,Tahap-1
01/08/2025,13,50,57,13:50:57,228,Tahap-1
01/08/2025,13,50,57,13:50:57,204,Tahap-1
01/08/2025,13,50,57,13:50:57,312,Tahap-1
01/08/2025,13,50,57,13:50:57,196,Tahap-1
01/08/2025,13,50,57,13:50:57,140,Tahap-1
