Tanggal,Jam,Menit,Detik,Waktu,frekuensi,label
01/09/2025,13,28,46,13:28:46,-1,Tahap-1
01/09/2025,13,28,46,13:28:46,-4,Tahap-1
01/09/2025,13,28,46,13:28:46,-1,Tahap-1
01/09/2025,13,28,46,13:28:46,1,Tahap-1
01/09/2025,13,28,46,13:28:46,-5,Tahap-1
01/09/2025,13,28,46,13:28:46,-2,Tahap-1
01/09/2025,13,28,46,13:28:46,-2,Tahap-1
01/09/2025,13,28,46,13:28:46,-4,Tahap-1
01/09/2025,13,28,46,13:28:46,2,Tahap-1
01/09/2025,13,28,46,13:28:46,-3,Tahap-1
01/09/2025,13,28,46,13:28:46,-1,Tahap-1
01/09/2025,13,28,46,13:28:46,-1,Tahap-1
01/09/2025,13,28,46,13:28:46,-1,Tahap-1
01/09/2025,13,28,46,13:28:46,-3,Tahap-1
01/09/2025,13,28,46,13:28:46,-2,Tahap-1
01/09/2025,13,28,46,13:28:46,-2,Tahap-1
01/09/2025,13,28,46,13:28:46,-5,Tahap-1
01/09/2025,13,28,46,13:28:46,-1,Tahap-1
01/09/2025,13,28,46,13:28:46,-3,Tahap-1
01/09/2025,13,28,47,13:28:47,-6,Tahap-1
01/09/2025,13,28,47,13:28:47,-2,Tahap-1
01/09/2025,13,28,47,13:28:47,-5,Tahap-1
01/09/2025,13,28,47,13:28:47,-4,Tahap-1
01/09/2025,13,28,47,13:28:47,-6,Tahap-1
01/09/2025,13,28,47,13:28:47,-3,Tahap-1
01/09/2025,13,28,47,13:28:47,-5,Tahap-1
01/09/2025,13,28,47,13:28:47,-4,Tahap-1
01/09/2025,13,28,47,13:28:47,-3,Tahap-1
01/09/2025,13,28,47,13:28:47,-5,Tahap-1
01/09/2025,13,28,48,13:28:48,-5,Tahap-1
01/09/2025,13,28,48,13:28:48,-7,Tahap-1
01/09/2025,13,28,48,13:28:48,-8,Tahap-1
01/09/2025,13,28,48,13:28:48,-5,Tahap-1
01/09/2025,13,28,48,13:28:48,-5,Tahap-1
01/09/2025,13,28,48,13:28:48,-4,Tahap-1
01/09/2025,13,28,48,13:28:48,-4,Tahap-1
01/09/2025,13,28,48,13:28:48,-7,Tahap-1
01/09/2025,13,28,48,13:28:48,-4,Tahap-1
01/09/2025,13,28,48,13:28:48,-5,Tahap-1
01/09/2025,13,28,49,13:28:49,-6,Tahap-1
01/09/2025,13,28,49,13:28:49,-5,Tahap-1
01/09/2025,13,28,49,13:28:49,-7,Tahap-1
01/09/2025,13,28,49,13:28:49,-5,Tahap-1
01/09/2025,13,28,49,13:28:49,-9,Tahap-1
01/09/2025,13,28,49,13:28:49,-5,Tahap-1
01/09/2025,13,28,49,13:28:49,-6,Tahap-1
01/09/2025,13,28,49,13:28:49,-5,Tahap-1
01/09/2025,13,28,49,13:28:49,-8,Tahap-1
01/09/2025,13,28,49,13:28:49,-6,Tahap-1
01/09/2025,13,28,50,13:28:50,-9,Tahap-1
01/09/2025,13,28,50,13:28:50,-7,Tahap-1
01/09/2025,13,28,50,13:28:50,-10,Tahap-1
01/09/2025,13,28,50,13:28:50,-7,Tahap-1
01/09/2025,13,28,50,13:28:50,-10,Tahap-1
01/09/2025,13,28,50,13:28:50,-8,Tahap-1
01/09/2025,13,28,50,13:28:50,-10,Tahap-1
01/09/2025,13,28,50,13:28:50,-7,Tahap-1
01/09/2025,13,28,50,13:28:50,-11,Tahap-1
01/09/2025,13,28,50,13:28:50,-7,Tahap-1
01/09/2025,13,28,51,13:28:51,-9,Tahap-1
01/09/2025,13,28,51,13:28:51,-10,Tahap-1
01/09/2025,13,28,51,13:28:51,-10,Tahap-1
01/09/2025,13,28,51,13:28:51,-10,Tahap-1
01/09/2025,13,28,51,13:28:51,-9,Tahap-1
01/09/2025,13,28,51,13:28:51,-9,Tahap-1
01/09/2025,13,28,51,13:28:51,-10,Tahap-1
01/09/2025,13,28,51,13:28:51,-11,Tahap-1
01/09/2025,13,28,51,13:28:51,-9,Tahap-1
01/09/2025,13,28,51,13:28:51,-9,Tahap-1
01/09/2025,13,28,52,13:28:52,-9,Tahap-1
01/09/2025,13,28,52,13:28:52,-12,Tahap-1
01/09/2025,13,28,52,13:28:52,-11,Tahap-1
01/09/2025,13,28,52,13:28:52,-10,Tahap-1
01/09/2025,13,28,52,13:28:52,-12,Tahap-1
01/09/2025,13,28,52,13:28:52,-11,Tahap-1
01/09/2025,13,28,52,13:28:52,-11,Tahap-1
01/09/2025,13,28,52,13:28:52,-11,Tahap-1
01/09/2025,13,28,52,13:28:52,-11,Tahap-1
01/09/2025,13,28,52,13:28:52,-10,Tahap-1
01/09/2025,13,28,53,13:28:53,-13,Tahap-1
01/09/2025,13,28,53,13:28:53,-9,Tahap-1
01/09/2025,13,28,53,13:28:53,-13,Tahap-1
01/09/2025,13,28,53,13:28:53,-10,Tahap-1
01/09/2025,13,28,53,13:28:53,-12,Tahap-1
01/09/2025,13,28,53,13:28:53,-12,Tahap-1
01/09/2025,13,28,53,13:28:53,-13,Tahap-1
01/09/2025,13,28,53,13:28:53,-11,Tahap-1
01/09/2025,13,28,53,13:28:53,-12,Tahap-1
01/09/2025,13,28,53,13:28:53,-14,Tahap-1
01/09/2025,13,28,54,13:28:54,-10,Tahap-1
01/09/2025,13,28,54,13:28:54,-15,Tahap-1
01/09/2025,13,28,54,13:28:54,-10,Tahap-1
01/09/2025,13,28,54,13:28:54,-15,Tahap-1
01/09/2025,13,28,54,13:28:54,-13,Tahap-1
01/09/2025,13,28,54,13:28:54,-14,Tahap-1
01/09/2025,13,28,54,13:28:54,-13,Tahap-1
01/09/2025,13,28,54,13:28:54,-14,Tahap-1
01/09/2025,13,28,54,13:28:54,-17,Tahap-1
01/09/2025,13,28,54,13:28:54,-15,Tahap-1
01/09/2025,13,28,54,13:28:54,-17,Tahap-1
01/09/2025,13,28,55,13:28:55,-12,Tahap-1
01/09/2025,13,28,55,13:28:55,-18,Tahap-1
01/09/2025,13,28,55,13:28:55,-15,Tahap-1
01/09/2025,13,28,55,13:28:55,-16,Tahap-1
01/09/2025,13,28,55,13:28:55,-16,Tahap-1
01/09/2025,13,28,55,13:28:55,-16,Tahap-1
01/09/2025,13,28,55,13:28:55,-17,Tahap-1
01/09/2025,13,28,55,13:28:55,-18,Tahap-1
01/09/2025,13,28,55,13:28:55,-16,Tahap-1
01/09/2025,13,28,55,13:28:55,-18,Tahap-1
01/09/2025,13,28,56,13:28:56,-16,Tahap-1
01/09/2025,13,28,56,13:28:56,-15,Tahap-1
01/09/2025,13,28,56,13:28:56,-16,Tahap-1
01/09/2025,13,28,56,13:28:56,-18,Tahap-1
01/09/2025,13,28,56,13:28:56,-17,Tahap-1
01/09/2025,13,28,56,13:28:56,-20,Tahap-1
01/09/2025,13,28,56,13:28:56,-16,Tahap-1
01/09/2025,13,28,56,13:28:56,-20,Tahap-1
01/09/2025,13,28,56,13:28:56,-15,Tahap-1
01/09/2025,13,28,56,13:28:56,-16,Tahap-1
01/09/2025,13,28,57,13:28:57,-14,Tahap-1
01/09/2025,13,29,21,13:29:21,3018,Tahap-1
01/09/2025,13,29,21,13:29:21,523,Tahap-1
01/09/2025,13,29,21,13:29:21,449,Tahap-1
01/09/2025,13,29,21,13:29:21,309,Tahap-1
01/09/2025,13,29,21,13:29:21,342,Tahap-1
01/09/2025,13,29,22,13:29:22,339,Tahap-1
01/09/2025,13,29,22,13:29:22,106,Tahap-1
01/09/2025,13,29,22,13:29:22,345,Tahap-1
01/09/2025,13,29,22,13:29:22,290,Tahap-1
01/09/2025,13,29,22,13:29:22,131,Tahap-1
01/09/2025,13,29,22,13:29:22,53,Tahap-1
01/09/2025,13,29,22,13:29:22,241,Tahap-1
01/09/2025,13,29,22,13:29:22,152,Tahap-1
01/09/2025,13,29,22,13:29:22,189,Tahap-1
01/09/2025,13,29,22,13:29:22,115,Tahap-1
01/09/2025,13,29,23,13:29:23,140,Tahap-1
01/09/2025,13,29,23,13:29:23,78,Tahap-1
01/09/2025,13,29,23,13:29:23,37,Tahap-1
01/09/2025,13,29,23,13:29:23,62,Tahap-1
01/09/2025,13,29,23,13:29:23,158,Tahap-1
01/09/2025,13,29,23,13:29:23,127,Tahap-1
01/09/2025,13,29,23,13:29:23,517,Tahap-1
01/09/2025,13,29,23,13:29:23,331,Tahap-1
01/09/2025,13,29,23,13:29:23,142,Tahap-1
01/09/2025,13,29,23,13:29:23,96,Tahap-1
01/09/2025,13,29,24,13:29:24,106,Tahap-1
01/09/2025,13,29,24,13:29:24,18,Tahap-1
01/09/2025,13,29,24,13:29:24,86,Tahap-1
01/09/2025,13,29,24,13:29:24,133,Tahap-1
01/09/2025,13,29,24,13:29:24,150,Tahap-1
01/09/2025,13,29,24,13:29:24,99,Tahap-1
01/09/2025,13,29,24,13:29:24,86,Tahap-1
01/09/2025,13,29,24,13:29:24,29,Tahap-1
01/09/2025,13,29,24,13:29:24,102,Tahap-1
01/09/2025,13,29,24,13:29:24,174,Tahap-1
01/09/2025,13,29,25,13:29:25,140,Tahap-1
01/09/2025,13,29,25,13:29:25,4,Tahap-1
01/09/2025,13,29,25,13:29:25,76,Tahap-1
01/09/2025,13,29,25,13:29:25,135,Tahap-1
01/09/2025,13,29,25,13:29:25,87,Tahap-1
01/09/2025,13,29,25,13:29:25,78,Tahap-1
01/09/2025,13,29,25,13:29:25,13,Tahap-1
01/09/2025,13,29,25,13:29:25,431,Tahap-1
01/09/2025,13,29,25,13:29:25,170,Tahap-1
01/09/2025,13,29,25,13:29:25,347,Tahap-1
01/09/2025,13,29,26,13:29:26,156,Tahap-1
01/09/2025,13,29,26,13:29:26,126,Tahap-1
01/09/2025,13,29,26,13:29:26,87,Tahap-1
01/09/2025,13,29,26,13:29:26,197,Tahap-1
01/09/2025,13,29,26,13:29:26,86,Tahap-1
01/09/2025,13,29,26,13:29:26,71,Tahap-1
01/09/2025,13,29,26,13:29:26,105,Tahap-1
01/09/2025,13,29,26,13:29:26,139,Tahap-1
01/09/2025,13,29,26,13:29:26,59,Tahap-1
01/09/2025,13,29,26,13:29:26,177,Tahap-1
01/09/2025,13,29,27,13:29:27,92,Tahap-1
01/09/2025,13,29,27,13:29:27,9,Tahap-1
01/09/2025,13,29,27,13:29:27,65,Tahap-1
01/09/2025,13,29,27,13:29:27,79,Tahap-1
01/09/2025,13,29,27,13:29:27,98,Tahap-1
01/09/2025,13,29,27,13:29:27,148,Tahap-1
01/09/2025,13,29,27,13:29:27,121,Tahap-1
01/09/2025,13,29,27,13:29:27,208,Tahap-1
01/09/2025,13,29,27,13:29:27,463,Tahap-1
01/09/2025,13,29,27,13:29:27,350,Tahap-1
01/09/2025,13,29,28,13:29:28,445,Tahap-1
01/09/2025,13,29,28,13:29:28,659,Tahap-1
01/09/2025,13,29,28,13:29:28,487,Tahap-1
01/09/2025,13,29,28,13:29:28,658,Tahap-1
01/09/2025,13,29,28,13:29:28,271,Tahap-1
01/09/2025,13,29,28,13:29:28,388,Tahap-1
01/09/2025,13,29,28,13:29:28,31,Tahap-1
01/09/2025,13,29,28,13:29:28,111,Tahap-1
01/09/2025,13,29,28,13:29:28,48,Tahap-1
01/09/2025,13,29,28,13:29:28,21,Tahap-1
01/09/2025,13,29,29,13:29:29,79,Tahap-1
01/09/2025,13,29,29,13:29:29,120,Tahap-1
01/09/2025,13,29,29,13:29:29,212,Tahap-1
01/09/2025,13,29,29,13:29:29,66,Tahap-1
01/09/2025,13,29,29,13:29:29,77,Tahap-1
01/09/2025,13,29,29,13:29:29,59,Tahap-1
01/09/2025,13,29,29,13:29:29,36,Tahap-1
01/09/2025,13,29,29,13:29:29,216,Tahap-1
01/09/2025,13,29,29,13:29:29,594,Tahap-1
01/09/2025,13,29,29,13:29:29,376,Tahap-1
01/09/2025,13,29,30,13:29:30,1151,Tahap-1
01/09/2025,13,29,30,13:29:30,559,Tahap-1
01/09/2025,13,29,30,13:29:30,148,Tahap-1
01/09/2025,13,29,30,13:29:30,435,Tahap-1
01/09/2025,13,29,30,13:29:30,720,Tahap-1
01/09/2025,13,29,30,13:29:30,392,Tahap-1
01/09/2025,13,29,30,13:29:30,88,Tahap-1
01/09/2025,13,29,30,13:29:30,171,Tahap-1
01/09/2025,13,29,30,13:29:30,59,Tahap-1
01/09/2025,13,29,30,13:29:30,67,Tahap-1
01/09/2025,13,29,31,13:29:31,29,Tahap-1
01/09/2025,13,29,31,13:29:31,133,Tahap-1
01/09/2025,13,29,31,13:29:31,121,Tahap-1
01/09/2025,13,29,31,13:29:31,65,Tahap-1
01/09/2025,13,29,31,13:29:31,177,Tahap-1
01/09/2025,13,29,31,13:29:31,173,Tahap-1
01/09/2025,13,29,31,13:29:31,99,Tahap-1
01/09/2025,13,29,31,13:29:31,128,Tahap-1
01/09/2025,13,29,31,13:29:31,91,Tahap-1
01/09/2025,13,29,31,13:29:31,161,Tahap-1
01/09/2025,13,29,32,13:29:32,118,Tahap-1
01/09/2025,13,29,32,13:29:32,157,Tahap-1
01/09/2025,13,29,32,13:29:32,433,Tahap-1
01/09/2025,13,29,32,13:29:32,631,Tahap-1
01/09/2025,13,29,32,13:29:32,597,Tahap-1
01/09/2025,13,29,32,13:29:32,563,Tahap-1
01/09/2025,13,29,32,13:29:32,452,Tahap-1
01/09/2025,13,29,32,13:29:32,331,Tahap-1
01/09/2025,13,29,32,13:29:32,1064,Tahap-1
01/09/2025,13,29,32,13:29:32,767,Tahap-1
01/09/2025,13,29,33,13:29:33,468,Tahap-1
01/09/2025,13,29,33,13:29:33,113,Tahap-1
01/09/2025,13,29,33,13:29:33,160,Tahap-1
01/09/2025,13,29,33,13:29:33,218,Tahap-1
01/09/2025,13,29,33,13:29:33,233,Tahap-1
01/09/2025,13,29,33,13:29:33,263,Tahap-1
01/09/2025,13,29,33,13:29:33,159,Tahap-1
01/09/2025,13,29,33,13:29:33,33,Tahap-1
01/09/2025,13,29,33,13:29:33,263,Tahap-1
01/09/2025,13,29,33,13:29:33,224,Tahap-1
01/09/2025,13,29,34,13:29:34,413,Tahap-1
01/09/2025,13,29,34,13:29:34,1369,Tahap-1
01/09/2025,13,29,34,13:29:34,-196,Tahap-1
01/09/2025,13,29,34,13:29:34,92,Tahap-1
01/09/2025,13,29,34,13:29:34,-160,Tahap-1
01/09/2025,13,29,34,13:29:34,-152,Tahap-1
01/09/2025,13,29,34,13:29:34,12,Tahap-1
01/09/2025,13,29,34,13:29:34,-152,Tahap-1
01/09/2025,13,29,34,13:29:34,-132,Tahap-1
01/09/2025,13,29,34,13:29:34,-104,Tahap-1
01/09/2025,13,29,35,13:29:35,-24,Tahap-1
01/09/2025,13,29,35,13:29:35,-236,Tahap-1
01/09/2025,13,29,35,13:29:35,-8,Tahap-1
01/09/2025,13,29,35,13:29:35,-192,Tahap-1
01/09/2025,13,29,35,13:29:35,-140,Tahap-1
01/09/2025,13,29,35,13:29:35,-72,Tahap-1
01/09/2025,13,29,35,13:29:35,-148,Tahap-1
01/09/2025,13,29,35,13:29:35,-128,Tahap-1
01/09/2025,13,29,35,13:29:35,-160,Tahap-1
01/09/2025,13,29,35,13:29:35,-132,Tahap-1
01/09/2025,13,29,36,13:29:36,-192,Tahap-1
01/09/2025,13,29,36,13:29:36,-36,Tahap-1
01/09/2025,13,29,36,13:29:36,-156,Tahap-1
01/09/2025,13,29,36,13:29:36,-156,Tahap-1
01/09/2025,13,29,36,13:29:36,-16,Tahap-1
01/09/2025,13,29,36,13:29:36,-172,Tahap-1
01/09/2025,13,29,36,13:29:36,-120,Tahap-1
01/09/2025,13,29,36,13:29:36,-172,Tahap-1
01/09/2025,13,29,36,13:29:36,-52,Tahap-1
01/09/2025,13,29,36,13:29:36,-188,Tahap-1
01/09/2025,13,29,37,13:29:37,-64,Tahap-1
01/09/2025,13,29,37,13:29:37,-196,Tahap-1
01/09/2025,13,29,37,13:29:37,-8,Tahap-1
01/09/2025,13,29,37,13:29:37,-164,Tahap-1
01/09/2025,13,29,37,13:29:37,-100,Tahap-1
01/09/2025,13,29,37,13:29:37,-184,Tahap-1
01/09/2025,13,29,37,13:29:37,-48,Tahap-1
01/09/2025,13,29,37,13:29:37,-108,Tahap-1
01/09/2025,13,29,37,13:29:37,-132,Tahap-1
01/09/2025,13,29,37,13:29:37,-32,Tahap-1
01/09/2025,13,29,38,13:29:38,-76,Tahap-1
01/09/2025,13,29,38,13:29:38,-156,Tahap-1
01/09/2025,13,29,38,13:29:38,-56,Tahap-1
01/09/2025,13,29,38,13:29:38,4,Tahap-1
01/09/2025,13,29,38,13:29:38,-88,Tahap-1
01/09/2025,13,29,38,13:29:38,-156,Tahap-1
01/09/2025,13,29,38,13:29:38,-36,Tahap-1
01/09/2025,13,29,38,13:29:38,-112,Tahap-1
01/09/2025,13,29,38,13:29:38,84,Tahap-1
01/09/2025,13,29,38,13:29:38,-128,Tahap-1
01/09/2025,13,29,39,13:29:39,-56,Tahap-1
01/09/2025,13,29,39,13:29:39,-12,Tahap-1
01/09/2025,13,29,39,13:29:39,-124,Tahap-1
01/09/2025,13,29,39,13:29:39,-4,Tahap-1
01/09/2025,13,29,39,13:29:39,20,Tahap-1
01/09/2025,13,29,39,13:29:39,-208,Tahap-1
01/09/2025,13,29,39,13:29:39,-16,Tahap-1
01/09/2025,13,29,39,13:29:39,-36,Tahap-1
01/09/2025,13,29,39,13:29:39,-20,Tahap-1
01/09/2025,13,29,40,13:29:40,-24,Tahap-1
01/09/2025,13,29,40,13:29:40,-100,Tahap-1
01/09/2025,13,29,40,13:29:40,-60,Tahap-1
01/09/2025,13,29,40,13:29:40,-12,Tahap-1
01/09/2025,13,29,40,13:29:40,-148,Tahap-1
01/09/2025,13,29,40,13:29:40,104,Tahap-1
01/09/2025,13,29,40,13:29:40,-104,Tahap-1
01/09/2025,13,29,40,13:29:40,-92,Tahap-1
01/09/2025,13,29,40,13:29:40,-48,Tahap-1
01/09/2025,13,29,41,13:29:41,68,Tahap-1
01/09/2025,13,29,41,13:29:41,-32,Tahap-1
01/09/2025,13,29,41,13:29:41,20,Tahap-1
01/09/2025,13,29,41,13:29:41,64,Tahap-1
01/09/2025,13,29,41,13:29:41,-40,Tahap-1
01/09/2025,13,29,41,13:29:41,44,Tahap-1
01/09/2025,13,29,41,13:29:41,-12,Tahap-1
01/09/2025,13,29,41,13:29:41,52,Tahap-1
01/09/2025,13,29,41,13:29:41,-60,Tahap-1
01/09/2025,13,29,42,13:29:42,-12,Tahap-1
01/09/2025,13,29,42,13:29:42,20,Tahap-1
01/09/2025,13,29,42,13:29:42,160,Tahap-1
01/09/2025,13,29,42,13:29:42,-100,Tahap-1
01/09/2025,13,29,42,13:29:42,184,Tahap-1
01/09/2025,13,29,42,13:29:42,-8,Tahap-1
01/09/2025,13,29,42,13:29:42,-4,Tahap-1
01/09/2025,13,29,42,13:29:42,-32,Tahap-1
01/09/2025,13,29,42,13:29:42,164,Tahap-1
01/09/2025,13,29,42,13:29:42,-56,Tahap-1
01/09/2025,13,29,43,13:29:43,-8,Tahap-1
01/09/2025,13,29,43,13:29:43,24,Tahap-1
01/09/2025,13,29,43,13:29:43,148,Tahap-1
01/09/2025,13,29,43,13:29:43,-8,Tahap-1
01/09/2025,13,29,43,13:29:43,76,Tahap-1
01/09/2025,13,29,43,13:29:43,172,Tahap-1
01/09/2025,13,29,43,13:29:43,-4,Tahap-1
01/09/2025,13,29,43,13:29:43,4,Tahap-1
01/09/2025,13,29,43,13:29:43,84,Tahap-1
01/09/2025,13,29,44,13:29:44,156,Tahap-1
01/09/2025,13,29,44,13:29:44,-128,Tahap-1
01/09/2025,13,29,44,13:29:44,116,Tahap-1
01/09/2025,13,29,44,13:29:44,8,Tahap-1
01/09/2025,13,29,44,13:29:44,96,Tahap-1
01/09/2025,13,29,44,13:29:44,12,Tahap-1
01/09/2025,13,29,44,13:29:44,116,Tahap-1
01/09/2025,13,29,44,13:29:44,60,Tahap-1
01/09/2025,13,29,45,13:29:45,172,Tahap-1
01/09/2025,13,29,45,13:29:45,-44,Tahap-1
01/09/2025,13,29,45,13:29:45,40,Tahap-1
01/09/2025,13,29,45,13:29:45,132,Tahap-1
01/09/2025,13,29,45,13:29:45,-4,Tahap-1
01/09/2025,13,29,45,13:29:45,-24,Tahap-1
01/09/2025,13,29,45,13:29:45,68,Tahap-1
01/09/2025,13,29,45,13:29:45,60,Tahap-1
01/09/2025,13,29,45,13:29:45,-36,Tahap-1
01/09/2025,13,29,45,13:29:45,40,Tahap-1
01/09/2025,13,29,45,13:29:45,108,Tahap-1
01/09/2025,13,29,45,13:29:45,-44,Tahap-1
01/09/2025,13,29,46,13:29:46,108,Tahap-1
01/09/2025,13,29,46,13:29:46,-48,Tahap-1
01/09/2025,13,29,46,13:29:46,80,Tahap-1
01/09/2025,13,29,46,13:29:46,-16,Tahap-1
01/09/2025,13,29,46,13:29:46,8,Tahap-1
01/09/2025,13,29,46,13:29:46,124,Tahap-1
01/09/2025,13,29,46,13:29:46,-36,Tahap-1
01/09/2025,13,29,46,13:29:46,32,Tahap-1
01/09/2025,13,29,46,13:29:46,84,Tahap-1
01/09/2025,13,29,47,13:29:47,92,Tahap-1
01/09/2025,13,30,11,13:30:11,5826,Tahap-1
01/09/2025,13,30,11,13:30:11,3004,Tahap-1
01/09/2025,13,30,11,13:30:11,1733,Tahap-1
01/09/2025,13,30,11,13:30:11,1349,Tahap-1
01/09/2025,13,30,11,13:30:11,1086,Tahap-1
01/09/2025,13,30,11,13:30:11,882,Tahap-1
01/09/2025,13,30,12,13:30:12,812,Tahap-1
01/09/2025,13,30,12,13:30:12,565,Tahap-1
01/09/2025,13,30,12,13:30:12,328,Tahap-1
01/09/2025,13,30,12,13:30:12,503,Tahap-1
01/09/2025,13,30,12,13:30:12,585,Tahap-1
01/09/2025,13,30,12,13:30:12,480,Tahap-1
01/09/2025,13,30,12,13:30:12,293,Tahap-1
01/09/2025,13,30,12,13:30:12,327,Tahap-1
01/09/2025,13,30,12,13:30:12,393,Tahap-1
01/09/2025,13,30,12,13:30:12,194,Tahap-1
01/09/2025,13,30,13,13:30:13,215,Tahap-1
01/09/2025,13,30,13,13:30:13,235,Tahap-1
01/09/2025,13,30,13,13:30:13,203,Tahap-1
01/09/2025,13,30,13,13:30:13,237,Tahap-1
01/09/2025,13,30,13,13:30:13,110,Tahap-1
01/09/2025,13,30,13,13:30:13,56,Tahap-1
01/09/2025,13,30,13,13:30:13,42,Tahap-1
01/09/2025,13,30,13,13:30:13,393,Tahap-1
01/09/2025,13,30,13,13:30:13,282,Tahap-1
01/09/2025,13,30,13,13:30:13,222,Tahap-1
01/09/2025,13,30,14,13:30:14,262,Tahap-1
01/09/2025,13,30,14,13:30:14,157,Tahap-1
01/09/2025,13,30,14,13:30:14,89,Tahap-1
01/09/2025,13,30,14,13:30:14,281,Tahap-1
01/09/2025,13,30,14,13:30:14,398,Tahap-1
01/09/2025,13,30,14,13:30:14,142,Tahap-1
01/09/2025,13,30,14,13:30:14,114,Tahap-1
01/09/2025,13,30,14,13:30:14,173,Tahap-1
01/09/2025,13,30,15,13:30:15,347,Tahap-1
01/09/2025,13,30,15,13:30:15,153,Tahap-1
01/09/2025,13,30,15,13:30:15,96,Tahap-1
01/09/2025,13,30,15,13:30:15,127,Tahap-1
01/09/2025,13,30,15,13:30:15,134,Tahap-1
01/09/2025,13,30,15,13:30:15,287,Tahap-1
01/09/2025,13,30,15,13:30:15,134,Tahap-1
01/09/2025,13,30,15,13:30:15,65,Tahap-1
01/09/2025,13,30,15,13:30:15,155,Tahap-1
01/09/2025,13,30,15,13:30:15,164,Tahap-1
01/09/2025,13,30,15,13:30:15,131,Tahap-1
01/09/2025,13,30,15,13:30:15,211,Tahap-1
01/09/2025,13,30,16,13:30:16,63,Tahap-1
01/09/2025,13,30,16,13:30:16,147,Tahap-1
01/09/2025,13,30,16,13:30:16,186,Tahap-1
01/09/2025,13,30,16,13:30:16,205,Tahap-1
01/09/2025,13,30,16,13:30:16,123,Tahap-1
01/09/2025,13,30,16,13:30:16,224,Tahap-1
01/09/2025,13,30,16,13:30:16,47,Tahap-1
01/09/2025,13,30,16,13:30:16,120,Tahap-1
01/09/2025,13,30,16,13:30:16,81,Tahap-1
01/09/2025,13,30,16,13:30:16,37,Tahap-1
01/09/2025,13,30,17,13:30:17,116,Tahap-1
01/09/2025,13,30,17,13:30:17,107,Tahap-1
01/09/2025,13,30,17,13:30:17,141,Tahap-1
01/09/2025,13,30,17,13:30:17,104,Tahap-1
01/09/2025,13,30,17,13:30:17,154,Tahap-1
01/09/2025,13,30,17,13:30:17,25,Tahap-1
01/09/2025,13,30,17,13:30:17,36,Tahap-1
01/09/2025,13,30,17,13:30:17,256,Tahap-1
01/09/2025,13,30,17,13:30:17,250,Tahap-1
01/09/2025,13,30,17,13:30:17,121,Tahap-1
01/09/2025,13,30,18,13:30:18,174,Tahap-1
01/09/2025,13,30,18,13:30:18,83,Tahap-1
01/09/2025,13,30,18,13:30:18,750,Tahap-1
01/09/2025,13,30,18,13:30:18,342,Tahap-1
01/09/2025,13,30,18,13:30:18,175,Tahap-1
01/09/2025,13,30,18,13:30:18,283,Tahap-1
01/09/2025,13,30,18,13:30:18,98,Tahap-1
01/09/2025,13,30,18,13:30:18,191,Tahap-1
01/09/2025,13,30,18,13:30:18,30,Tahap-1
01/09/2025,13,30,18,13:30:18,17,Tahap-1
01/09/2025,13,30,19,13:30:19,149,Tahap-1
01/09/2025,13,30,19,13:30:19,204,Tahap-1
01/09/2025,13,30,19,13:30:19,78,Tahap-1
01/09/2025,13,30,19,13:30:19,39,Tahap-1
01/09/2025,13,30,19,13:30:19,72,Tahap-1
01/09/2025,13,30,19,13:30:19,204,Tahap-1
01/09/2025,13,30,19,13:30:19,210,Tahap-1
01/09/2025,13,30,19,13:30:19,319,Tahap-1
01/09/2025,13,30,19,13:30:19,338,Tahap-1
01/09/2025,13,30,19,13:30:19,922,Tahap-1
01/09/2025,13,30,20,13:30:20,725,Tahap-1
01/09/2025,13,30,20,13:30:20,581,Tahap-1
01/09/2025,13,30,20,13:30:20,607,Tahap-1
01/09/2025,13,30,20,13:30:20,677,Tahap-1
01/09/2025,13,30,20,13:30:20,343,Tahap-1
01/09/2025,13,30,20,13:30:20,390,Tahap-1
01/09/2025,13,30,20,13:30:20,464,Tahap-1
01/09/2025,13,30,20,13:30:20,140,Tahap-1
01/09/2025,13,30,20,13:30:20,282,Tahap-1
01/09/2025,13,30,20,13:30:20,203,Tahap-1
01/09/2025,13,30,21,13:30:21,262,Tahap-1
01/09/2025,13,30,21,13:30:21,136,Tahap-1
01/09/2025,13,30,21,13:30:21,140,Tahap-1
01/09/2025,13,30,21,13:30:21,196,Tahap-1
01/09/2025,13,30,21,13:30:21,144,Tahap-1
01/09/2025,13,30,21,13:30:21,135,Tahap-1
01/09/2025,13,30,21,13:30:21,111,Tahap-1
01/09/2025,13,30,21,13:30:21,83,Tahap-1
01/09/2025,13,30,21,13:30:21,170,Tahap-1
01/09/2025,13,30,21,13:30:21,59,Tahap-1
01/09/2025,13,30,22,13:30:22,210,Tahap-1
01/09/2025,13,30,22,13:30:22,148,Tahap-1
01/09/2025,13,30,22,13:30:22,206,Tahap-1
01/09/2025,13,30,22,13:30:22,245,Tahap-1
01/09/2025,13,30,22,13:30:22,141,Tahap-1
01/09/2025,13,30,22,13:30:22,749,Tahap-1
01/09/2025,13,30,22,13:30:22,614,Tahap-1
01/09/2025,13,30,22,13:30:22,836,Tahap-1
01/09/2025,13,30,22,13:30:22,544,Tahap-1
01/09/2025,13,30,22,13:30:22,399,Tahap-1
01/09/2025,13,30,23,13:30:23,260,Tahap-1
01/09/2025,13,30,23,13:30:23,412,Tahap-1
01/09/2025,13,30,23,13:30:23,256,Tahap-1
01/09/2025,13,30,23,13:30:23,545,Tahap-1
01/09/2025,13,30,23,13:30:23,195,Tahap-1
01/09/2025,13,30,23,13:30:23,207,Tahap-1
01/09/2025,13,30,23,13:30:23,144,Tahap-1
01/09/2025,13,30,23,13:30:23,132,Tahap-1
01/09/2025,13,30,23,13:30:23,92,Tahap-1
01/09/2025,13,30,23,13:30:23,148,Tahap-1
01/09/2025,13,30,24,13:30:24,552,Tahap-1
01/09/2025,13,30,24,13:30:24,156,Tahap-1
01/09/2025,13,30,24,13:30:24,-16,Tahap-1
01/09/2025,13,30,24,13:30:24,-80,Tahap-1
01/09/2025,13,30,24,13:30:24,52,Tahap-1
01/09/2025,13,30,24,13:30:24,72,Tahap-1
01/09/2025,13,30,24,13:30:24,40,Tahap-1
01/09/2025,13,30,24,13:30:24,-16,Tahap-1
01/09/2025,13,30,24,13:30:24,104,Tahap-1
01/09/2025,13,30,24,13:30:24,-48,Tahap-1
01/09/2025,13,30,25,13:30:25,76,Tahap-1
01/09/2025,13,30,25,13:30:25,40,Tahap-1
01/09/2025,13,30,25,13:30:25,40,Tahap-1
01/09/2025,13,30,25,13:30:25,100,Tahap-1
01/09/2025,13,30,25,13:30:25,-16,Tahap-1
01/09/2025,13,30,25,13:30:25,32,Tahap-1
01/09/2025,13,30,25,13:30:25,68,Tahap-1
01/09/2025,13,30,25,13:30:25,124,Tahap-1
01/09/2025,13,30,25,13:30:25,-72,Tahap-1
01/09/2025,13,30,25,13:30:25,188,Tahap-1
01/09/2025,13,30,26,13:30:26,60,Tahap-1
01/09/2025,13,30,26,13:30:26,56,Tahap-1
01/09/2025,13,30,26,13:30:26,92,Tahap-1
01/09/2025,13,30,26,13:30:26,108,Tahap-1
01/09/2025,13,30,26,13:30:26,92,Tahap-1
01/09/2025,13,30,26,13:30:26,76,Tahap-1
01/09/2025,13,30,26,13:30:26,76,Tahap-1
01/09/2025,13,30,26,13:30:26,20,Tahap-1
01/09/2025,13,30,26,13:30:26,184,Tahap-1
01/09/2025,13,30,26,13:30:26,20,Tahap-1
01/09/2025,13,30,27,13:30:27,52,Tahap-1
01/09/2025,13,30,27,13:30:27,184,Tahap-1
01/09/2025,13,30,27,13:30:27,36,Tahap-1
01/09/2025,13,30,27,13:30:27,52,Tahap-1
01/09/2025,13,30,27,13:30:27,148,Tahap-1
01/09/2025,13,30,27,13:30:27,124,Tahap-1
01/09/2025,13,30,27,13:30:27,108,Tahap-1
01/09/2025,13,30,27,13:30:27,36,Tahap-1
01/09/2025,13,30,27,13:30:27,160,Tahap-1
01/09/2025,13,30,28,13:30:28,80,Tahap-1
01/09/2025,13,30,28,13:30:28,104,Tahap-1
01/09/2025,13,30,28,13:30:28,72,Tahap-1
01/09/2025,13,30,28,13:30:28,116,Tahap-1
01/09/2025,13,30,28,13:30:28,28,Tahap-1
01/09/2025,13,30,28,13:30:28,132,Tahap-1
01/09/2025,13,30,28,13:30:28,176,Tahap-1
01/09/2025,13,30,28,13:30:28,32,Tahap-1
01/09/2025,13,30,28,13:30:28,88,Tahap-1
01/09/2025,13,30,28,13:30:28,128,Tahap-1
01/09/2025,13,30,29,13:30:29,92,Tahap-1
01/09/2025,13,30,29,13:30:29,64,Tahap-1
01/09/2025,13,30,29,13:30:29,224,Tahap-1
01/09/2025,13,30,29,13:30:29,104,Tahap-1
01/09/2025,13,30,29,13:30:29,160,Tahap-1
01/09/2025,13,30,29,13:30:29,128,Tahap-1
01/09/2025,13,30,29,13:30:29,64,Tahap-1
01/09/2025,13,30,29,13:30:29,196,Tahap-1
01/09/2025,13,30,29,13:30:29,84,Tahap-1
01/09/2025,13,30,29,13:30:29,60,Tahap-1
01/09/2025,13,30,30,13:30:30,216,Tahap-1
01/09/2025,13,30,30,13:30:30,220,Tahap-1
01/09/2025,13,30,30,13:30:30,-28,Tahap-1
01/09/2025,13,30,30,13:30:30,340,Tahap-1
01/09/2025,13,30,30,13:30:30,108,Tahap-1
01/09/2025,13,30,30,13:30:30,132,Tahap-1
01/09/2025,13,30,30,13:30:30,220,Tahap-1
01/09/2025,13,30,30,13:30:30,136,Tahap-1
01/09/2025,13,30,30,13:30:30,164,Tahap-1
01/09/2025,13,30,30,13:30:30,264,Tahap-1
01/09/2025,13,30,31,13:30:31,96,Tahap-1
01/09/2025,13,30,31,13:30:31,212,Tahap-1
01/09/2025,13,30,31,13:30:31,304,Tahap-1
01/09/2025,13,30,31,13:30:31,68,Tahap-1
01/09/2025,13,30,31,13:30:31,312,Tahap-1
01/09/2025,13,30,31,13:30:31,248,Tahap-1
01/09/2025,13,30,31,13:30:31,156,Tahap-1
01/09/2025,13,30,31,13:30:31,276,Tahap-1
01/09/2025,13,30,31,13:30:31,256,Tahap-1
01/09/2025,13,30,31,13:30:31,140,Tahap-1
01/09/2025,13,30,32,13:30:32,200,Tahap-1
01/09/2025,13,30,32,13:30:32,168,Tahap-1
01/09/2025,13,30,32,13:30:32,188,Tahap-1
01/09/2025,13,30,32,13:30:32,272,Tahap-1
01/09/2025,13,30,32,13:30:32,152,Tahap-1
01/09/2025,13,30,32,13:30:32,188,Tahap-1
01/09/2025,13,30,32,13:30:32,320,Tahap-1
01/09/2025,13,30,32,13:30:32,168,Tahap-1
01/09/2025,13,30,32,13:30:32,156,Tahap-1
01/09/2025,13,30,32,13:30:32,260,Tahap-1
01/09/2025,13,30,33,13:30:33,124,Tahap-1
01/09/2025,13,30,33,13:30:33,236,Tahap-1
01/09/2025,13,30,33,13:30:33,92,Tahap-1
01/09/2025,13,30,33,13:30:33,232,Tahap-1
01/09/2025,13,30,33,13:30:33,168,Tahap-1
01/09/2025,13,30,33,13:30:33,276,Tahap-1
01/09/2025,13,30,33,13:30:33,128,Tahap-1
01/09/2025,13,30,33,13:30:33,304,Tahap-1
01/09/2025,13,30,33,13:30:33,264,Tahap-1
01/09/2025,13,30,33,13:30:33,148,Tahap-1
01/09/2025,13,30,34,13:30:34,204,Tahap-1
01/09/2025,13,30,34,13:30:34,188,Tahap-1
01/09/2025,13,30,34,13:30:34,292,Tahap-1
01/09/2025,13,30,34,13:30:34,164,Tahap-1
01/09/2025,13,30,34,13:30:34,216,Tahap-1
01/09/2025,13,30,34,13:30:34,176,Tahap-1
01/09/2025,13,30,34,13:30:34,232,Tahap-1
01/09/2025,13,30,34,13:30:34,176,Tahap-1
01/09/2025,13,30,34,13:30:34,228,Tahap-1
01/09/2025,13,30,34,13:30:34,256,Tahap-1
01/09/2025,13,30,35,13:30:35,168,Tahap-1
01/09/2025,13,30,35,13:30:35,216,Tahap-1
01/09/2025,13,30,35,13:30:35,148,Tahap-1
01/09/2025,13,30,35,13:30:35,288,Tahap-1
01/09/2025,13,30,35,13:30:35,156,Tahap-1
01/09/2025,13,30,35,13:30:35,156,Tahap-1
01/09/2025,13,30,35,13:30:35,228,Tahap-1
01/09/2025,13,30,35,13:30:35,200,Tahap-1
01/09/2025,13,30,35,13:30:35,256,Tahap-1
01/09/2025,13,30,35,13:30:35,204,Tahap-1
01/09/2025,13,30,36,13:30:36,264,Tahap-1
01/09/2025,13,30,36,13:30:36,204,Tahap-1
01/09/2025,13,30,36,13:30:36,172,Tahap-1
01/09/2025,13,30,36,13:30:36,220,Tahap-1
01/09/2025,13,30,36,13:30:36,228,Tahap-1
01/09/2025,13,30,36,13:30:36,124,Tahap-1
01/09/2025,13,30,36,13:30:36,196,Tahap-1
01/09/2025,13,30,36,13:30:36,208,Tahap-1
01/09/2025,13,30,36,13:30:36,116,Tahap-1
01/09/2025,13,30,36,13:30:36,196,Tahap-1
01/09/2025,13,31,1,13:31:01,2282,Tahap-1
01/09/2025,13,31,1,13:31:01,607,Tahap-1
01/09/2025,13,31,1,13:31:01,19,Tahap-1
01/09/2025,13,31,1,13:31:01,140,Tahap-1
01/09/2025,13,31,1,13:31:01,341,Tahap-1
01/09/2025,13,31,1,13:31:01,206,Tahap-1
01/09/2025,13,31,2,13:31:02,375,Tahap-1
01/09/2025,13,31,2,13:31:02,361,Tahap-1
01/09/2025,13,31,2,13:31:02,219,Tahap-1
01/09/2025,13,31,2,13:31:02,185,Tahap-1
01/09/2025,13,31,2,13:31:02,196,Tahap-1
01/09/2025,13,31,2,13:31:02,102,Tahap-1
01/09/2025,13,31,2,13:31:02,149,Tahap-1
01/09/2025,13,31,2,13:31:02,96,Tahap-1
01/09/2025,13,31,2,13:31:02,261,Tahap-1
01/09/2025,13,31,2,13:31:02,14,Tahap-1
01/09/2025,13,31,3,13:31:03,108,Tahap-1
01/09/2025,13,31,3,13:31:03,136,Tahap-1
01/09/2025,13,31,3,13:31:03,76,Tahap-1
01/09/2025,13,31,3,13:31:03,76,Tahap-1
01/09/2025,13,31,3,13:31:03,67,Tahap-1
01/09/2025,13,31,3,13:31:03,133,Tahap-1
01/09/2025,13,31,3,13:31:03,489,Tahap-1
01/09/2025,13,31,3,13:31:03,61,Tahap-1
01/09/2025,13,31,3,13:31:03,37,Tahap-1
01/09/2025,13,31,3,13:31:03,87,Tahap-1
01/09/2025,13,31,4,13:31:04,135,Tahap-1
01/09/2025,13,31,4,13:31:04,114,Tahap-1
01/09/2025,13,31,4,13:31:04,73,Tahap-1
01/09/2025,13,31,4,13:31:04,183,Tahap-1
01/09/2025,13,31,4,13:31:04,185,Tahap-1
01/09/2025,13,31,4,13:31:04,55,Tahap-1
01/09/2025,13,31,4,13:31:04,129,Tahap-1
01/09/2025,13,31,4,13:31:04,93,Tahap-1
01/09/2025,13,31,4,13:31:04,260,Tahap-1
01/09/2025,13,31,4,13:31:04,75,Tahap-1
01/09/2025,13,31,5,13:31:05,19,Tahap-1
01/09/2025,13,31,5,13:31:05,175,Tahap-1
01/09/2025,13,31,5,13:31:05,58,Tahap-1
01/09/2025,13,31,5,13:31:05,168,Tahap-1
01/09/2025,13,31,5,13:31:05,112,Tahap-1
01/09/2025,13,31,5,13:31:05,124,Tahap-1
01/09/2025,13,31,5,13:31:05,318,Tahap-1
01/09/2025,13,31,5,13:31:05,133,Tahap-1
01/09/2025,13,31,5,13:31:05,89,Tahap-1
01/09/2025,13,31,5,13:31:05,397,Tahap-1
01/09/2025,13,31,6,13:31:06,25,Tahap-1
01/09/2025,13,31,6,13:31:06,82,Tahap-1
01/09/2025,13,31,6,13:31:06,64,Tahap-1
01/09/2025,13,31,6,13:31:06,79,Tahap-1
01/09/2025,13,31,6,13:31:06,13,Tahap-1
01/09/2025,13,31,6,13:31:06,122,Tahap-1
01/09/2025,13,31,6,13:31:06,111,Tahap-1
01/09/2025,13,31,6,13:31:06,113,Tahap-1
01/09/2025,13,31,6,13:31:06,135,Tahap-1
01/09/2025,13,31,6,13:31:06,70,Tahap-1
01/09/2025,13,31,7,13:31:07,84,Tahap-1
01/09/2025,13,31,7,13:31:07,72,Tahap-1
01/09/2025,13,31,7,13:31:07,50,Tahap-1
01/09/2025,13,31,7,13:31:07,140,Tahap-1
01/09/2025,13,31,7,13:31:07,85,Tahap-1
01/09/2025,13,31,7,13:31:07,102,Tahap-1
01/09/2025,13,31,7,13:31:07,123,Tahap-1
01/09/2025,13,31,7,13:31:07,171,Tahap-1
01/09/2025,13,31,7,13:31:07,314,Tahap-1
01/09/2025,13,31,7,13:31:07,215,Tahap-1
01/09/2025,13,31,7,13:31:07,62,Tahap-1
01/09/2025,13,31,8,13:31:08,384,Tahap-1
01/09/2025,13,31,8,13:31:08,366,Tahap-1
01/09/2025,13,31,8,13:31:08,383,Tahap-1
01/09/2025,13,31,8,13:31:08,284,Tahap-1
01/09/2025,13,31,8,13:31:08,202,Tahap-1
01/09/2025,13,31,8,13:31:08,136,Tahap-1
01/09/2025,13,31,8,13:31:08,173,Tahap-1
01/09/2025,13,31,8,13:31:08,94,Tahap-1
01/09/2025,13,31,8,13:31:08,257,Tahap-1
01/09/2025,13,31,8,13:31:08,161,Tahap-1
01/09/2025,13,31,9,13:31:09,150,Tahap-1
01/09/2025,13,31,9,13:31:09,134,Tahap-1
01/09/2025,13,31,9,13:31:09,206,Tahap-1
01/09/2025,13,31,9,13:31:09,253,Tahap-1
01/09/2025,13,31,9,13:31:09,136,Tahap-1
01/09/2025,13,31,9,13:31:09,175,Tahap-1
01/09/2025,13,31,9,13:31:09,149,Tahap-1
01/09/2025,13,31,9,13:31:09,165,Tahap-1
01/09/2025,13,31,9,13:31:09,1415,Tahap-1
01/09/2025,13,31,9,13:31:09,226,Tahap-1
01/09/2025,13,31,10,13:31:10,254,Tahap-1
01/09/2025,13,31,10,13:31:10,418,Tahap-1
01/09/2025,13,31,10,13:31:10,419,Tahap-1
01/09/2025,13,31,10,13:31:10,469,Tahap-1
01/09/2025,13,31,10,13:31:10,60,Tahap-1
01/09/2025,13,31,10,13:31:10,140,Tahap-1
01/09/2025,13,31,10,13:31:10,334,Tahap-1
01/09/2025,13,31,10,13:31:10,247,Tahap-1
01/09/2025,13,31,10,13:31:10,134,Tahap-1
01/09/2025,13,31,10,13:31:10,63,Tahap-1
01/09/2025,13,31,11,13:31:11,88,Tahap-1
01/09/2025,13,31,11,13:31:11,364,Tahap-1
01/09/2025,13,31,11,13:31:11,139,Tahap-1
01/09/2025,13,31,11,13:31:11,144,Tahap-1
01/09/2025,13,31,11,13:31:11,282,Tahap-1
01/09/2025,13,31,11,13:31:11,204,Tahap-1
01/09/2025,13,31,11,13:31:11,172,Tahap-1
01/09/2025,13,31,11,13:31:11,148,Tahap-1
01/09/2025,13,31,11,13:31:11,250,Tahap-1
01/09/2025,13,31,11,13:31:11,111,Tahap-1
01/09/2025,13,31,12,13:31:12,339,Tahap-1
01/09/2025,13,31,12,13:31:12,67,Tahap-1
01/09/2025,13,31,12,13:31:12,187,Tahap-1
01/09/2025,13,31,12,13:31:12,268,Tahap-1
01/09/2025,13,31,12,13:31:12,550,Tahap-1
01/09/2025,13,31,12,13:31:12,938,Tahap-1
01/09/2025,13,31,12,13:31:12,820,Tahap-1
01/09/2025,13,31,12,13:31:12,618,Tahap-1
01/09/2025,13,31,12,13:31:12,351,Tahap-1
01/09/2025,13,31,12,13:31:12,221,Tahap-1
01/09/2025,13,31,13,13:31:13,40,Tahap-1
01/09/2025,13,31,13,13:31:13,265,Tahap-1
01/09/2025,13,31,13,13:31:13,202,Tahap-1
01/09/2025,13,31,13,13:31:13,162,Tahap-1
01/09/2025,13,31,13,13:31:13,12,Tahap-1
01/09/2025,13,31,13,13:31:13,157,Tahap-1
01/09/2025,13,31,13,13:31:13,180,Tahap-1
01/09/2025,13,31,13,13:31:13,91,Tahap-1
01/09/2025,13,31,13,13:31:13,145,Tahap-1
01/09/2025,13,31,13,13:31:13,582,Tahap-1
01/09/2025,13,31,14,13:31:14,48,Tahap-1
01/09/2025,13,31,14,13:31:14,56,Tahap-1
01/09/2025,13,31,14,13:31:14,12,Tahap-1
01/09/2025,13,31,14,13:31:14,148,Tahap-1
01/09/2025,13,31,14,13:31:14,60,Tahap-1
01/09/2025,13,31,14,13:31:14,4,Tahap-1
01/09/2025,13,31,14,13:31:14,88,Tahap-1
01/09/2025,13,31,14,13:31:14,88,Tahap-1
01/09/2025,13,31,15,13:31:15,-24,Tahap-1
01/09/2025,13,31,15,13:31:15,100,Tahap-1
01/09/2025,13,31,15,13:31:15,76,Tahap-1
01/09/2025,13,31,15,13:31:15,-4,Tahap-1
01/09/2025,13,31,15,13:31:15,-36,Tahap-1
01/09/2025,13,31,15,13:31:15,120,Tahap-1
01/09/2025,13,31,15,13:31:15,-28,Tahap-1
01/09/2025,13,31,15,13:31:15,112,Tahap-1
01/09/2025,13,31,15,13:31:15,104,Tahap-1
01/09/2025,13,31,15,13:31:15,60,Tahap-1
01/09/2025,13,31,15,13:31:15,56,Tahap-1
01/09/2025,13,31,15,13:31:15,144,Tahap-1
01/09/2025,13,31,16,13:31:16,-20,Tahap-1
01/09/2025,13,31,16,13:31:16,132,Tahap-1
01/09/2025,13,31,16,13:31:16,24,Tahap-1
01/09/2025,13,31,16,13:31:16,-20,Tahap-1
01/09/2025,13,31,16,13:31:16,152,Tahap-1
01/09/2025,13,31,16,13:31:16,-28,Tahap-1
01/09/2025,13,31,16,13:31:16,88,Tahap-1
01/09/2025,13,31,16,13:31:16,48,Tahap-1
01/09/2025,13,31,16,13:31:16,-8,Tahap-1
01/09/2025,13,31,16,13:31:16,12,Tahap-1
01/09/2025,13,31,17,13:31:17,80,Tahap-1
01/09/2025,13,31,17,13:31:17,76,Tahap-1
01/09/2025,13,31,17,13:31:17,-36,Tahap-1
01/09/2025,13,31,17,13:31:17,156,Tahap-1
01/09/2025,13,31,17,13:31:17,-52,Tahap-1
01/09/2025,13,31,17,13:31:17,8,Tahap-1
01/09/2025,13,31,17,13:31:17,16,Tahap-1
01/09/2025,13,31,17,13:31:17,100,Tahap-1
01/09/2025,13,31,17,13:31:17,92,Tahap-1
01/09/2025,13,31,17,13:31:17,100,Tahap-1
01/09/2025,13,31,18,13:31:18,52,Tahap-1
01/09/2025,13,31,18,13:31:18,36,Tahap-1
01/09/2025,13,31,18,13:31:18,120,Tahap-1
01/09/2025,13,31,18,13:31:18,60,Tahap-1
01/09/2025,13,31,18,13:31:18,84,Tahap-1
01/09/2025,13,31,18,13:31:18,96,Tahap-1
01/09/2025,13,31,18,13:31:18,4,Tahap-1
01/09/2025,13,31,18,13:31:18,64,Tahap-1
01/09/2025,13,31,18,13:31:18,108,Tahap-1
01/09/2025,13,31,18,13:31:18,156,Tahap-1
01/09/2025,13,31,19,13:31:19,-40,Tahap-1
01/09/2025,13,31,19,13:31:19,184,Tahap-1
01/09/2025,13,31,19,13:31:19,-16,Tahap-1
01/09/2025,13,31,19,13:31:19,48,Tahap-1
01/09/2025,13,31,19,13:31:19,32,Tahap-1
01/09/2025,13,31,19,13:31:19,52,Tahap-1
01/09/2025,13,31,19,13:31:19,-16,Tahap-1
01/09/2025,13,31,19,13:31:19,-28,Tahap-1
01/09/2025,13,31,19,13:31:19,-44,Tahap-1
01/09/2025,13,31,19,13:31:19,-28,Tahap-1
01/09/2025,13,31,20,13:31:20,140,Tahap-1
01/09/2025,13,31,20,13:31:20,-44,Tahap-1
01/09/2025,13,31,20,13:31:20,-12,Tahap-1
01/09/2025,13,31,20,13:31:20,104,Tahap-1
01/09/2025,13,31,20,13:31:20,-40,Tahap-1
01/09/2025,13,31,20,13:31:20,28,Tahap-1
01/09/2025,13,31,20,13:31:20,48,Tahap-1
01/09/2025,13,31,20,13:31:20,24,Tahap-1
01/09/2025,13,31,20,13:31:20,-32,Tahap-1
01/09/2025,13,31,20,13:31:20,68,Tahap-1
01/09/2025,13,31,21,13:31:21,-136,Tahap-1
01/09/2025,13,31,21,13:31:21,120,Tahap-1
01/09/2025,13,31,21,13:31:21,-68,Tahap-1
01/09/2025,13,31,21,13:31:21,16,Tahap-1
01/09/2025,13,31,21,13:31:21,40,Tahap-1
01/09/2025,13,31,21,13:31:21,4,Tahap-1
01/09/2025,13,31,21,13:31:21,-36,Tahap-1
01/09/2025,13,31,21,13:31:21,-68,Tahap-1
01/09/2025,13,31,21,13:31:21,104,Tahap-1
01/09/2025,13,31,21,13:31:21,-152,Tahap-1
01/09/2025,13,31,22,13:31:22,4,Tahap-1
01/09/2025,13,31,22,13:31:22,-32,Tahap-1
01/09/2025,13,31,22,13:31:22,-40,Tahap-1
01/09/2025,13,31,22,13:31:22,-28,Tahap-1
01/09/2025,13,31,22,13:31:22,-20,Tahap-1
01/09/2025,13,31,22,13:31:22,-16,Tahap-1
01/09/2025,13,31,22,13:31:22,-24,Tahap-1
01/09/2025,13,31,22,13:31:22,24,Tahap-1
01/09/2025,13,31,22,13:31:22,-140,Tahap-1
01/09/2025,13,31,22,13:31:22,48,Tahap-1
01/09/2025,13,31,23,13:31:23,-88,Tahap-1
01/09/2025,13,31,23,13:31:23,-124,Tahap-1
01/09/2025,13,31,23,13:31:23,-20,Tahap-1
01/09/2025,13,31,23,13:31:23,-60,Tahap-1
01/09/2025,13,31,23,13:31:23,-80,Tahap-1
01/09/2025,13,31,23,13:31:23,88,Tahap-1
01/09/2025,13,31,23,13:31:23,-44,Tahap-1
01/09/2025,13,31,23,13:31:23,4,Tahap-1
01/09/2025,13,31,23,13:31:23,-12,Tahap-1
01/09/2025,13,31,24,13:31:24,-84,Tahap-1
01/09/2025,13,31,24,13:31:24,-28,Tahap-1
01/09/2025,13,31,24,13:31:24,-124,Tahap-1
01/09/2025,13,31,24,13:31:24,-44,Tahap-1
01/09/2025,13,31,24,13:31:24,-60,Tahap-1
01/09/2025,13,31,24,13:31:24,8,Tahap-1
01/09/2025,13,31,24,13:31:24,-128,Tahap-1
01/09/2025,13,31,24,13:31:24,28,Tahap-1
01/09/2025,13,31,24,13:31:24,-24,Tahap-1
01/09/2025,13,31,24,13:31:24,-40,Tahap-1
01/09/2025,13,31,25,13:31:25,-128,Tahap-1
01/09/2025,13,31,25,13:31:25,-40,Tahap-1
01/09/2025,13,31,25,13:31:25,-124,Tahap-1
01/09/2025,13,31,25,13:31:25,-144,Tahap-1
01/09/2025,13,31,25,13:31:25,-68,Tahap-1
01/09/2025,13,31,25,13:31:25,-132,Tahap-1
01/09/2025,13,31,25,13:31:25,40,Tahap-1
01/09/2025,13,31,25,13:31:25,-128,Tahap-1
01/09/2025,13,31,25,13:31:25,-96,Tahap-1
01/09/2025,13,31,25,13:31:25,-84,Tahap-1
01/09/2025,13,31,26,13:31:26,-48,Tahap-1
01/09/2025,13,31,26,13:31:26,-140,Tahap-1
01/09/2025,13,31,26,13:31:26,-108,Tahap-1
01/09/2025,13,31,26,13:31:26,-68,Tahap-1
01/09/2025,13,31,26,13:31:26,-224,Tahap-1
01/09/2025,13,31,26,13:31:26,-48,Tahap-1
01/09/2025,13,31,26,13:31:26,-168,Tahap-1
01/09/2025,13,31,26,13:31:26,-76,Tahap-1
01/09/2025,13,31,26,13:31:26,-68,Tahap-1
01/09/2025,13,31,51,13:31:51,2812,Tahap-1
01/09/2025,13,31,51,13:31:51,1356,Tahap-1
01/09/2025,13,31,51,13:31:51,288,Tahap-1
01/09/2025,13,31,51,13:31:51,1025,Tahap-1
01/09/2025,13,31,51,13:31:51,528,Tahap-1
01/09/2025,13,31,51,13:31:51,727,Tahap-1
01/09/2025,13,31,51,13:31:51,405,Tahap-1
01/09/2025,13,31,52,13:31:52,494,Tahap-1
01/09/2025,13,31,52,13:31:52,386,Tahap-1
01/09/2025,13,31,52,13:31:52,305,Tahap-1
01/09/2025,13,31,52,13:31:52,203,Tahap-1
01/09/2025,13,31,52,13:31:52,262,Tahap-1
01/09/2025,13,31,52,13:31:52,246,Tahap-1
01/09/2025,13,31,52,13:31:52,118,Tahap-1
01/09/2025,13,31,52,13:31:52,227,Tahap-1
01/09/2025,13,31,52,13:31:52,250,Tahap-1
01/09/2025,13,31,52,13:31:52,150,Tahap-1
01/09/2025,13,31,53,13:31:53,170,Tahap-1
01/09/2025,13,31,53,13:31:53,163,Tahap-1
01/09/2025,13,31,53,13:31:53,78,Tahap-1
01/09/2025,13,31,53,13:31:53,127,Tahap-1
01/09/2025,13,31,53,13:31:53,16,Tahap-1
01/09/2025,13,31,53,13:31:53,229,Tahap-1
01/09/2025,13,31,53,13:31:53,291,Tahap-1
01/09/2025,13,31,53,13:31:53,47,Tahap-1
01/09/2025,13,31,53,13:31:53,80,Tahap-1
01/09/2025,13,31,53,13:31:53,168,Tahap-1
01/09/2025,13,31,54,13:31:54,151,Tahap-1
01/09/2025,13,31,54,13:31:54,91,Tahap-1
01/09/2025,13,31,54,13:31:54,168,Tahap-1
01/09/2025,13,31,54,13:31:54,262,Tahap-1
01/09/2025,13,31,54,13:31:54,187,Tahap-1
01/09/2025,13,31,54,13:31:54,59,Tahap-1
01/09/2025,13,31,54,13:31:54,130,Tahap-1
01/09/2025,13,31,54,13:31:54,249,Tahap-1
01/09/2025,13,31,54,13:31:54,146,Tahap-1
01/09/2025,13,31,54,13:31:54,81,Tahap-1
01/09/2025,13,31,55,13:31:55,60,Tahap-1
01/09/2025,13,31,55,13:31:55,115,Tahap-1
01/09/2025,13,31,55,13:31:55,53,Tahap-1
01/09/2025,13,31,55,13:31:55,27,Tahap-1
01/09/2025,13,31,55,13:31:55,64,Tahap-1
01/09/2025,13,31,55,13:31:55,120,Tahap-1
01/09/2025,13,31,55,13:31:55,258,Tahap-1
01/09/2025,13,31,55,13:31:55,261,Tahap-1
01/09/2025,13,31,55,13:31:55,93,Tahap-1
01/09/2025,13,31,55,13:31:55,41,Tahap-1
01/09/2025,13,31,56,13:31:56,84,Tahap-1
01/09/2025,13,31,56,13:31:56,63,Tahap-1
01/09/2025,13,31,56,13:31:56,122,Tahap-1
01/09/2025,13,31,56,13:31:56,56,Tahap-1
01/09/2025,13,31,56,13:31:56,140,Tahap-1
01/09/2025,13,31,56,13:31:56,11,Tahap-1
01/09/2025,13,31,56,13:31:56,152,Tahap-1
01/09/2025,13,31,56,13:31:56,16,Tahap-1
01/09/2025,13,31,56,13:31:56,88,Tahap-1
01/09/2025,13,31,56,13:31:56,118,Tahap-1
01/09/2025,13,31,57,13:31:57,49,Tahap-1
01/09/2025,13,31,57,13:31:57,13,Tahap-1
01/09/2025,13,31,57,13:31:57,121,Tahap-1
01/09/2025,13,31,57,13:31:57,57,Tahap-1
01/09/2025,13,31,57,13:31:57,199,Tahap-1
01/09/2025,13,31,57,13:31:57,134,Tahap-1
01/09/2025,13,31,57,13:31:57,88,Tahap-1
01/09/2025,13,31,57,13:31:57,59,Tahap-1
01/09/2025,13,31,57,13:31:57,221,Tahap-1
01/09/2025,13,31,57,13:31:57,79,Tahap-1
01/09/2025,13,31,58,13:31:58,164,Tahap-1
01/09/2025,13,31,58,13:31:58,586,Tahap-1
01/09/2025,13,31,58,13:31:58,590,Tahap-1
01/09/2025,13,31,58,13:31:58,141,Tahap-1
01/09/2025,13,31,58,13:31:58,147,Tahap-1
01/09/2025,13,31,58,13:31:58,8,Tahap-1
01/09/2025,13,31,58,13:31:58,102,Tahap-1
01/09/2025,13,31,58,13:31:58,105,Tahap-1
01/09/2025,13,31,58,13:31:58,66,Tahap-1
01/09/2025,13,31,58,13:31:58,105,Tahap-1
01/09/2025,13,31,59,13:31:59,91,Tahap-1
01/09/2025,13,31,59,13:31:59,56,Tahap-1
01/09/2025,13,31,59,13:31:59,40,Tahap-1
01/09/2025,13,31,59,13:31:59,112,Tahap-1
01/09/2025,13,31,59,13:31:59,86,Tahap-1
01/09/2025,13,31,59,13:31:59,105,Tahap-1
01/09/2025,13,31,59,13:31:59,90,Tahap-1
01/09/2025,13,31,59,13:31:59,316,Tahap-1
01/09/2025,13,31,59,13:31:59,202,Tahap-1
01/09/2025,13,31,59,13:31:59,227,Tahap-1
01/09/2025,13,32,1,13:32:01,56,Tahap-1
01/09/2025,13,32,1,13:32:01,38,Tahap-1
01/09/2025,13,32,1,13:32:01,111,Tahap-1
01/09/2025,13,32,1,13:32:01,144,Tahap-1
01/09/2025,13,32,1,13:32:01,261,Tahap-1
01/09/2025,13,32,1,13:32:01,99,Tahap-1
01/09/2025,13,32,1,13:32:01,98,Tahap-1
01/09/2025,13,32,1,13:32:01,54,Tahap-1
01/09/2025,13,32,1,13:32:01,152,Tahap-1
01/09/2025,13,32,1,13:32:01,170,Tahap-1
01/09/2025,13,32,2,13:32:02,186,Tahap-1
01/09/2025,13,32,2,13:32:02,171,Tahap-1
01/09/2025,13,32,2,13:32:02,159,Tahap-1
01/09/2025,13,32,2,13:32:02,218,Tahap-1
01/09/2025,13,32,2,13:32:02,243,Tahap-1
01/09/2025,13,32,2,13:32:02,735,Tahap-1
01/09/2025,13,32,2,13:32:02,723,Tahap-1
01/09/2025,13,32,2,13:32:02,658,Tahap-1
01/09/2025,13,32,2,13:32:02,409,Tahap-1
01/09/2025,13,32,2,13:32:02,274,Tahap-1
01/09/2025,13,32,3,13:32:03,75,Tahap-1
01/09/2025,13,32,3,13:32:03,245,Tahap-1
01/09/2025,13,32,3,13:32:03,304,Tahap-1
01/09/2025,13,32,3,13:32:03,263,Tahap-1
01/09/2025,13,32,3,13:32:03,1,Tahap-1
01/09/2025,13,32,3,13:32:03,111,Tahap-1
01/09/2025,13,32,3,13:32:03,313,Tahap-1
01/09/2025,13,32,3,13:32:03,159,Tahap-1
01/09/2025,13,32,3,13:32:03,140,Tahap-1
01/09/2025,13,32,3,13:32:03,226,Tahap-1
01/09/2025,13,32,4,13:32:04,32,Tahap-1
01/09/2025,13,32,4,13:32:04,-128,Tahap-1
01/09/2025,13,32,4,13:32:04,152,Tahap-1
01/09/2025,13,32,4,13:32:04,-128,Tahap-1
01/09/2025,13,32,4,13:32:04,32,Tahap-1
01/09/2025,13,32,4,13:32:04,80,Tahap-1
01/09/2025,13,32,4,13:32:04,-72,Tahap-1
01/09/2025,13,32,4,13:32:04,-24,Tahap-1
01/09/2025,13,32,4,13:32:04,184,Tahap-1
01/09/2025,13,32,4,13:32:04,-136,Tahap-1
01/09/2025,13,32,5,13:32:05,8,Tahap-1
01/09/2025,13,32,5,13:32:05,288,Tahap-1
01/09/2025,13,32,5,13:32:05,-88,Tahap-1
01/09/2025,13,32,5,13:32:05,136,Tahap-1
01/09/2025,13,32,5,13:32:05,72,Tahap-1
01/09/2025,13,32,5,13:32:05,-48,Tahap-1
01/09/2025,13,32,5,13:32:05,120,Tahap-1
01/09/2025,13,32,5,13:32:05,-24,Tahap-1
01/09/2025,13,32,5,13:32:05,-72,Tahap-1
01/09/2025,13,32,5,13:32:05,208,Tahap-1
01/09/2025,13,32,6,13:32:06,56,Tahap-1
01/09/2025,13,32,6,13:32:06,-88,Tahap-1
01/09/2025,13,32,6,13:32:06,256,Tahap-1
01/09/2025,13,32,6,13:32:06,-48,Tahap-1
01/09/2025,13,32,6,13:32:06,64,Tahap-1
01/09/2025,13,32,6,13:32:06,96,Tahap-1
01/09/2025,13,32,6,13:32:06,-96,Tahap-1
01/09/2025,13,32,6,13:32:06,32,Tahap-1
01/09/2025,13,32,6,13:32:06,-272,Tahap-1
01/09/2025,13,32,7,13:32:07,-8,Tahap-1
01/09/2025,13,32,7,13:32:07,64,Tahap-1
01/09/2025,13,32,7,13:32:07,-232,Tahap-1
01/09/2025,13,32,7,13:32:07,112,Tahap-1
01/09/2025,13,32,7,13:32:07,-72,Tahap-1
01/09/2025,13,32,7,13:32:07,-144,Tahap-1
01/09/2025,13,32,7,13:32:07,-16,Tahap-1
01/09/2025,13,32,7,13:32:07,-280,Tahap-1
01/09/2025,13,32,7,13:32:07,-56,Tahap-1
01/09/2025,13,32,8,13:32:08,-280,Tahap-1
01/09/2025,13,32,8,13:32:08,-128,Tahap-1
01/09/2025,13,32,8,13:32:08,-160,Tahap-1
01/09/2025,13,32,8,13:32:08,-216,Tahap-1
01/09/2025,13,32,8,13:32:08,-136,Tahap-1
01/09/2025,13,32,8,13:32:08,-184,Tahap-1
01/09/2025,13,32,8,13:32:08,-296,Tahap-1
01/09/2025,13,32,8,13:32:08,-344,Tahap-1
01/09/2025,13,32,8,13:32:08,-72,Tahap-1
01/09/2025,13,32,8,13:32:08,-232,Tahap-1
01/09/2025,13,32,9,13:32:09,-272,Tahap-1
01/09/2025,13,32,9,13:32:09,-216,Tahap-1
01/09/2025,13,32,9,13:32:09,-136,Tahap-1
01/09/2025,13,32,9,13:32:09,-272,Tahap-1
01/09/2025,13,32,9,13:32:09,-128,Tahap-1
01/09/2025,13,32,9,13:32:09,-160,Tahap-1
01/09/2025,13,32,9,13:32:09,-256,Tahap-1
01/09/2025,13,32,9,13:32:09,-152,Tahap-1
01/09/2025,13,32,9,13:32:09,-400,Tahap-1
01/09/2025,13,32,9,13:32:09,-128,Tahap-1
01/09/2025,13,32,10,13:32:10,-328,Tahap-1
01/09/2025,13,32,10,13:32:10,-240,Tahap-1
01/09/2025,13,32,10,13:32:10,-432,Tahap-1
01/09/2025,13,32,10,13:32:10,-104,Tahap-1
01/09/2025,13,32,10,13:32:10,-352,Tahap-1
01/09/2025,13,32,10,13:32:10,16,Tahap-1
01/09/2025,13,32,10,13:32:10,-240,Tahap-1
01/09/2025,13,32,10,13:32:10,-192,Tahap-1
01/09/2025,13,32,10,13:32:10,-80,Tahap-1
01/09/2025,13,32,10,13:32:10,-272,Tahap-1
01/09/2025,13,32,11,13:32:11,-312,Tahap-1
01/09/2025,13,32,11,13:32:11,-8,Tahap-1
01/09/2025,13,32,11,13:32:11,-232,Tahap-1
01/09/2025,13,32,11,13:32:11,-128,Tahap-1
01/09/2025,13,32,11,13:32:11,-240,Tahap-1
01/09/2025,13,32,11,13:32:11,-200,Tahap-1
01/09/2025,13,32,11,13:32:11,-184,Tahap-1
01/09/2025,13,32,11,13:32:11,-104,Tahap-1
01/09/2025,13,32,11,13:32:11,-392,Tahap-1
01/09/2025,13,32,11,13:32:11,-24,Tahap-1
01/09/2025,13,32,12,13:32:12,-232,Tahap-1
01/09/2025,13,32,12,13:32:12,-328,Tahap-1
01/09/2025,13,32,12,13:32:12,-296,Tahap-1
01/09/2025,13,32,12,13:32:12,-160,Tahap-1
01/09/2025,13,32,12,13:32:12,-168,Tahap-1
01/09/2025,13,32,12,13:32:12,-408,Tahap-1
01/09/2025,13,32,12,13:32:12,-24,Tahap-1
01/09/2025,13,32,12,13:32:12,-408,Tahap-1
01/09/2025,13,32,12,13:32:12,48,Tahap-1
01/09/2025,13,32,12,13:32:12,-264,Tahap-1
01/09/2025,13,32,13,13:32:13,-224,Tahap-1
01/09/2025,13,32,13,13:32:13,-128,Tahap-1
01/09/2025,13,32,13,13:32:13,-352,Tahap-1
01/09/2025,13,32,13,13:32:13,-248,Tahap-1
01/09/2025,13,32,13,13:32:13,-216,Tahap-1
01/09/2025,13,32,13,13:32:13,-400,Tahap-1
01/09/2025,13,32,13,13:32:13,-256,Tahap-1
01/09/2025,13,32,13,13:32:13,-224,Tahap-1
01/09/2025,13,32,14,13:32:14,72,Tahap-1
01/09/2025,13,32,14,13:32:14,-248,Tahap-1
01/09/2025,13,32,14,13:32:14,-64,Tahap-1
01/09/2025,13,32,14,13:32:14,-168,Tahap-1
01/09/2025,13,32,14,13:32:14,-104,Tahap-1
01/09/2025,13,32,14,13:32:14,-216,Tahap-1
01/09/2025,13,32,14,13:32:14,192,Tahap-1
01/09/2025,13,32,14,13:32:14,-232,Tahap-1
01/09/2025,13,32,15,13:32:15,-56,Tahap-1
01/09/2025,13,32,15,13:32:15,72,Tahap-1
01/09/2025,13,32,15,13:32:15,-304,Tahap-1
01/09/2025,13,32,15,13:32:15,-48,Tahap-1
01/09/2025,13,32,15,13:32:15,-136,Tahap-1
01/09/2025,13,32,15,13:32:15,-64,Tahap-1
01/09/2025,13,32,15,13:32:15,-192,Tahap-1
01/09/2025,13,32,15,13:32:15,-8,Tahap-1
01/09/2025,13,32,15,13:32:15,-216,Tahap-1
01/09/2025,13,32,15,13:32:15,-72,Tahap-1
01/09/2025,13,32,15,13:32:15,-56,Tahap-1
01/09/2025,13,32,15,13:32:15,-376,Tahap-1
01/09/2025,13,32,16,13:32:16,-8,Tahap-1
01/09/2025,13,32,16,13:32:16,-72,Tahap-1
01/09/2025,13,32,16,13:32:16,-264,Tahap-1
01/09/2025,13,32,16,13:32:16,-128,Tahap-1
01/09/2025,13,32,16,13:32:16,88,Tahap-1
01/09/2025,13,32,16,13:32:16,-416,Tahap-1
01/09/2025,13,32,16,13:32:16,-136,Tahap-1
01/09/2025,13,32,16,13:32:16,-208,Tahap-1
01/09/2025,13,32,16,13:32:16,-312,Tahap-1
01/09/2025,13,32,41,13:32:41,3237,Tahap-1
01/09/2025,13,32,41,13:32:41,2099,Tahap-1
01/09/2025,13,32,41,13:32:41,1440,Tahap-1
01/09/2025,13,32,41,13:32:41,1567,Tahap-1
01/09/2025,13,32,41,13:32:41,710,Tahap-1
01/09/2025,13,32,41,13:32:41,598,Tahap-1
01/09/2025,13,32,41,13:32:41,711,Tahap-1
01/09/2025,13,32,41,13:32:41,566,Tahap-1
01/09/2025,13,32,42,13:32:42,318,Tahap-1
01/09/2025,13,32,42,13:32:42,459,Tahap-1
01/09/2025,13,32,42,13:32:42,354,Tahap-1
01/09/2025,13,32,42,13:32:42,346,Tahap-1
01/09/2025,13,32,42,13:32:42,404,Tahap-1
01/09/2025,13,32,42,13:32:42,371,Tahap-1
01/09/2025,13,32,42,13:32:42,244,Tahap-1
01/09/2025,13,32,42,13:32:42,355,Tahap-1
01/09/2025,13,32,42,13:32:42,214,Tahap-1
01/09/2025,13,32,42,13:32:42,289,Tahap-1
01/09/2025,13,32,43,13:32:43,285,Tahap-1
01/09/2025,13,32,43,13:32:43,186,Tahap-1
01/09/2025,13,32,43,13:32:43,212,Tahap-1
01/09/2025,13,32,43,13:32:43,502,Tahap-1
01/09/2025,13,32,43,13:32:43,347,Tahap-1
01/09/2025,13,32,43,13:32:43,59,Tahap-1
01/09/2025,13,32,43,13:32:43,74,Tahap-1
01/09/2025,13,32,43,13:32:43,59,Tahap-1
01/09/2025,13,32,43,13:32:43,106,Tahap-1
01/09/2025,13,32,43,13:32:43,140,Tahap-1
01/09/2025,13,32,44,13:32:44,212,Tahap-1
01/09/2025,13,32,44,13:32:44,162,Tahap-1
01/09/2025,13,32,44,13:32:44,71,Tahap-1
01/09/2025,13,32,44,13:32:44,173,Tahap-1
01/09/2025,13,32,44,13:32:44,192,Tahap-1
01/09/2025,13,32,44,13:32:44,214,Tahap-1
01/09/2025,13,32,44,13:32:44,187,Tahap-1
01/09/2025,13,32,44,13:32:44,187,Tahap-1
01/09/2025,13,32,45,13:32:45,88,Tahap-1
01/09/2025,13,32,45,13:32:45,217,Tahap-1
01/09/2025,13,32,45,13:32:45,168,Tahap-1
01/09/2025,13,32,45,13:32:45,60,Tahap-1
01/09/2025,13,32,45,13:32:45,158,Tahap-1
01/09/2025,13,32,45,13:32:45,69,Tahap-1
01/09/2025,13,32,45,13:32:45,90,Tahap-1
01/09/2025,13,32,45,13:32:45,214,Tahap-1
01/09/2025,13,32,45,13:32:45,107,Tahap-1
01/09/2025,13,32,45,13:32:45,134,Tahap-1
01/09/2025,13,32,45,13:32:45,125,Tahap-1
01/09/2025,13,32,45,13:32:45,178,Tahap-1
01/09/2025,13,32,46,13:32:46,45,Tahap-1
01/09/2025,13,32,46,13:32:46,48,Tahap-1
01/09/2025,13,32,46,13:32:46,126,Tahap-1
01/09/2025,13,32,46,13:32:46,171,Tahap-1
01/09/2025,13,32,46,13:32:46,150,Tahap-1
01/09/2025,13,32,46,13:32:46,97,Tahap-1
01/09/2025,13,32,46,13:32:46,85,Tahap-1
01/09/2025,13,32,46,13:32:46,99,Tahap-1
01/09/2025,13,32,46,13:32:46,114,Tahap-1
01/09/2025,13,32,46,13:32:46,126,Tahap-1
01/09/2025,13,32,47,13:32:47,110,Tahap-1
01/09/2025,13,32,47,13:32:47,101,Tahap-1
01/09/2025,13,32,47,13:32:47,166,Tahap-1
01/09/2025,13,32,47,13:32:47,74,Tahap-1
01/09/2025,13,32,47,13:32:47,92,Tahap-1
01/09/2025,13,32,47,13:32:47,78,Tahap-1
01/09/2025,13,32,47,13:32:47,199,Tahap-1
01/09/2025,13,32,47,13:32:47,87,Tahap-1
01/09/2025,13,32,47,13:32:47,463,Tahap-1
01/09/2025,13,32,47,13:32:47,353,Tahap-1
01/09/2025,13,32,48,13:32:48,611,Tahap-1
01/09/2025,13,32,48,13:32:48,206,Tahap-1
01/09/2025,13,32,48,13:32:48,245,Tahap-1
01/09/2025,13,32,48,13:32:48,204,Tahap-1
01/09/2025,13,32,48,13:32:48,100,Tahap-1
01/09/2025,13,32,48,13:32:48,154,Tahap-1
01/09/2025,13,32,48,13:32:48,136,Tahap-1
01/09/2025,13,32,48,13:32:48,179,Tahap-1
01/09/2025,13,32,48,13:32:48,63,Tahap-1
01/09/2025,13,32,48,13:32:48,96,Tahap-1
01/09/2025,13,32,49,13:32:49,69,Tahap-1
01/09/2025,13,32,49,13:32:49,156,Tahap-1
01/09/2025,13,32,49,13:32:49,109,Tahap-1
01/09/2025,13,32,49,13:32:49,50,Tahap-1
01/09/2025,13,32,49,13:32:49,51,Tahap-1
01/09/2025,13,32,49,13:32:49,91,Tahap-1
01/09/2025,13,32,49,13:32:49,136,Tahap-1
01/09/2025,13,32,49,13:32:49,81,Tahap-1
01/09/2025,13,32,49,13:32:49,322,Tahap-1
01/09/2025,13,32,49,13:32:49,310,Tahap-1
01/09/2025,13,32,50,13:32:50,1462,Tahap-1
01/09/2025,13,32,50,13:32:50,77,Tahap-1
01/09/2025,13,32,50,13:32:50,181,Tahap-1
01/09/2025,13,32,50,13:32:50,248,Tahap-1
01/09/2025,13,32,50,13:32:50,362,Tahap-1
01/09/2025,13,32,50,13:32:50,366,Tahap-1
01/09/2025,13,32,50,13:32:50,325,Tahap-1
01/09/2025,13,32,50,13:32:50,200,Tahap-1
01/09/2025,13,32,50,13:32:50,221,Tahap-1
01/09/2025,13,32,50,13:32:50,172,Tahap-1
01/09/2025,13,32,51,13:32:51,79,Tahap-1
01/09/2025,13,32,51,13:32:51,118,Tahap-1
01/09/2025,13,32,51,13:32:51,105,Tahap-1
01/09/2025,13,32,51,13:32:51,169,Tahap-1
01/09/2025,13,32,51,13:32:51,51,Tahap-1
01/09/2025,13,32,51,13:32:51,106,Tahap-1
01/09/2025,13,32,51,13:32:51,97,Tahap-1
01/09/2025,13,32,51,13:32:51,198,Tahap-1
01/09/2025,13,32,51,13:32:51,137,Tahap-1
01/09/2025,13,32,51,13:32:51,64,Tahap-1
01/09/2025,13,32,52,13:32:52,194,Tahap-1
01/09/2025,13,32,52,13:32:52,228,Tahap-1
01/09/2025,13,32,52,13:32:52,172,Tahap-1
01/09/2025,13,32,52,13:32:52,461,Tahap-1
01/09/2025,13,32,52,13:32:52,247,Tahap-1
01/09/2025,13,32,52,13:32:52,340,Tahap-1
01/09/2025,13,32,52,13:32:52,854,Tahap-1
01/09/2025,13,32,52,13:32:52,296,Tahap-1
01/09/2025,13,32,52,13:32:52,173,Tahap-1
01/09/2025,13,32,52,13:32:52,89,Tahap-1
01/09/2025,13,32,53,13:32:53,258,Tahap-1
01/09/2025,13,32,53,13:32:53,367,Tahap-1
01/09/2025,13,32,53,13:32:53,177,Tahap-1
01/09/2025,13,32,53,13:32:53,207,Tahap-1
01/09/2025,13,32,53,13:32:53,173,Tahap-1
01/09/2025,13,32,53,13:32:53,56,Tahap-1
01/09/2025,13,32,53,13:32:53,189,Tahap-1
01/09/2025,13,32,53,13:32:53,190,Tahap-1
01/09/2025,13,32,53,13:32:53,118,Tahap-1
01/09/2025,13,32,53,13:32:53,96,Tahap-1
01/09/2025,13,32,54,13:32:54,76,Tahap-1
01/09/2025,13,32,54,13:32:54,-16,Tahap-1
01/09/2025,13,32,54,13:32:54,116,Tahap-1
01/09/2025,13,32,54,13:32:54,40,Tahap-1
01/09/2025,13,32,54,13:32:54,132,Tahap-1
01/09/2025,13,32,54,13:32:54,108,Tahap-1
01/09/2025,13,32,54,13:32:54,4,Tahap-1
01/09/2025,13,32,54,13:32:54,100,Tahap-1
01/09/2025,13,32,54,13:32:54,156,Tahap-1
01/09/2025,13,32,54,13:32:54,24,Tahap-1
01/09/2025,13,32,55,13:32:55,-16,Tahap-1
01/09/2025,13,32,55,13:32:55,172,Tahap-1
01/09/2025,13,32,55,13:32:55,-56,Tahap-1
01/09/2025,13,32,55,13:32:55,4,Tahap-1
01/09/2025,13,32,55,13:32:55,80,Tahap-1
01/09/2025,13,32,55,13:32:55,24,Tahap-1
01/09/2025,13,32,55,13:32:55,64,Tahap-1
01/09/2025,13,32,55,13:32:55,28,Tahap-1
01/09/2025,13,32,55,13:32:55,-16,Tahap-1
01/09/2025,13,32,55,13:32:55,60,Tahap-1
01/09/2025,13,32,56,13:32:56,32,Tahap-1
01/09/2025,13,32,56,13:32:56,-100,Tahap-1
01/09/2025,13,32,56,13:32:56,132,Tahap-1
01/09/2025,13,32,56,13:32:56,8,Tahap-1
01/09/2025,13,32,56,13:32:56,-52,Tahap-1
01/09/2025,13,32,56,13:32:56,4,Tahap-1
01/09/2025,13,32,56,13:32:56,12,Tahap-1
01/09/2025,13,32,56,13:32:56,-12,Tahap-1
01/09/2025,13,32,56,13:32:56,-20,Tahap-1
01/09/2025,13,32,56,13:32:56,16,Tahap-1
01/09/2025,13,32,57,13:32:57,-28,Tahap-1
01/09/2025,13,32,57,13:32:57,116,Tahap-1
01/09/2025,13,32,57,13:32:57,-136,Tahap-1
01/09/2025,13,32,57,13:32:57,64,Tahap-1
01/09/2025,13,32,57,13:32:57,16,Tahap-1
01/09/2025,13,32,57,13:32:57,-56,Tahap-1
01/09/2025,13,32,57,13:32:57,-28,Tahap-1
01/09/2025,13,32,57,13:32:57,64,Tahap-1
01/09/2025,13,32,57,13:32:57,36,Tahap-1
01/09/2025,13,32,57,13:32:57,-80,Tahap-1
01/09/2025,13,32,58,13:32:58,88,Tahap-1
01/09/2025,13,32,58,13:32:58,-92,Tahap-1
01/09/2025,13,32,58,13:32:58,56,Tahap-1
01/09/2025,13,32,58,13:32:58,-44,Tahap-1
01/09/2025,13,32,58,13:32:58,-88,Tahap-1
01/09/2025,13,32,58,13:32:58,16,Tahap-1
01/09/2025,13,32,58,13:32:58,-144,Tahap-1
01/09/2025,13,32,58,13:32:58,-104,Tahap-1
01/09/2025,13,32,58,13:32:58,-80,Tahap-1
01/09/2025,13,32,58,13:32:58,-12,Tahap-1
01/09/2025,13,32,59,13:32:59,-128,Tahap-1
01/09/2025,13,32,59,13:32:59,44,Tahap-1
01/09/2025,13,32,59,13:32:59,-112,Tahap-1
01/09/2025,13,32,59,13:32:59,-92,Tahap-1
01/09/2025,13,32,59,13:32:59,-28,Tahap-1
01/09/2025,13,32,59,13:32:59,-144,Tahap-1
01/09/2025,13,32,59,13:32:59,-48,Tahap-1
01/09/2025,13,32,59,13:32:59,-120,Tahap-1
01/09/2025,13,32,59,13:32:59,-152,Tahap-1
01/09/2025,13,32,59,13:32:59,-60,Tahap-1
01/09/2025,13,33,1,13:33:01,-140,Tahap-1
01/09/2025,13,33,1,13:33:01,8,Tahap-1
01/09/2025,13,33,1,13:33:01,-104,Tahap-1
01/09/2025,13,33,1,13:33:01,-72,Tahap-1
01/09/2025,13,33,1,13:33:01,-4,Tahap-1
01/09/2025,13,33,1,13:33:01,-72,Tahap-1
01/09/2025,13,33,1,13:33:01,-84,Tahap-1
01/09/2025,13,33,1,13:33:01,12,Tahap-1
01/09/2025,13,33,1,13:33:01,-88,Tahap-1
01/09/2025,13,33,1,13:33:01,-60,Tahap-1
01/09/2025,13,33,2,13:33:02,-116,Tahap-1
01/09/2025,13,33,2,13:33:02,-120,Tahap-1
01/09/2025,13,33,2,13:33:02,-64,Tahap-1
01/09/2025,13,33,2,13:33:02,-148,Tahap-1
01/09/2025,13,33,2,13:33:02,-120,Tahap-1
01/09/2025,13,33,2,13:33:02,-56,Tahap-1
01/09/2025,13,33,2,13:33:02,-104,Tahap-1
01/09/2025,13,33,2,13:33:02,-140,Tahap-1
01/09/2025,13,33,2,13:33:02,-144,Tahap-1
01/09/2025,13,33,2,13:33:02,-52,Tahap-1
01/09/2025,13,33,3,13:33:03,-248,Tahap-1
01/09/2025,13,33,3,13:33:03,-76,Tahap-1
01/09/2025,13,33,3,13:33:03,-220,Tahap-1
01/09/2025,13,33,3,13:33:03,-104,Tahap-1
01/09/2025,13,33,3,13:33:03,-172,Tahap-1
01/09/2025,13,33,3,13:33:03,-136,Tahap-1
01/09/2025,13,33,3,13:33:03,-108,Tahap-1
01/09/2025,13,33,3,13:33:03,-96,Tahap-1
01/09/2025,13,33,3,13:33:03,-156,Tahap-1
01/09/2025,13,33,3,13:33:03,-208,Tahap-1
01/09/2025,13,33,4,13:33:04,-48,Tahap-1
01/09/2025,13,33,4,13:33:04,-256,Tahap-1
01/09/2025,13,33,4,13:33:04,-184,Tahap-1
01/09/2025,13,33,4,13:33:04,-208,Tahap-1
01/09/2025,13,33,4,13:33:04,-148,Tahap-1
01/09/2025,13,33,4,13:33:04,-236,Tahap-1
01/09/2025,13,33,4,13:33:04,-156,Tahap-1
01/09/2025,13,33,4,13:33:04,-192,Tahap-1
01/09/2025,13,33,4,13:33:04,-172,Tahap-1
01/09/2025,13,33,4,13:33:04,-188,Tahap-1
01/09/2025,13,33,5,13:33:05,-284,Tahap-1
01/09/2025,13,33,5,13:33:05,-148,Tahap-1
01/09/2025,13,33,5,13:33:05,-208,Tahap-1
01/09/2025,13,33,5,13:33:05,-312,Tahap-1
01/09/2025,13,33,5,13:33:05,-228,Tahap-1
01/09/2025,13,33,5,13:33:05,-148,Tahap-1
01/09/2025,13,33,5,13:33:05,-288,Tahap-1
01/09/2025,13,33,5,13:33:05,-152,Tahap-1
01/09/2025,13,33,5,13:33:05,-180,Tahap-1
01/09/2025,13,33,5,13:33:05,-276,Tahap-1
01/09/2025,13,33,6,13:33:06,-140,Tahap-1
01/09/2025,13,33,6,13:33:06,-312,Tahap-1
01/09/2025,13,33,6,13:33:06,-184,Tahap-1
01/09/2025,13,33,6,13:33:06,-200,Tahap-1
01/09/2025,13,33,6,13:33:06,-296,Tahap-1
01/09/2025,13,33,6,13:33:06,-272,Tahap-1
01/09/2025,13,33,6,13:33:06,-124,Tahap-1
01/09/2025,13,33,6,13:33:06,-348,Tahap-1
01/09/2025,13,33,31,13:33:31,5900,Tahap-1
01/09/2025,13,33,31,13:33:31,1792,Tahap-1
01/09/2025,13,33,31,13:33:31,568,Tahap-1
01/09/2025,13,33,31,13:33:31,1474,Tahap-1
01/09/2025,13,33,31,13:33:31,304,Tahap-1
01/09/2025,13,33,31,13:33:31,738,Tahap-1
01/09/2025,13,33,31,13:33:31,448,Tahap-1
01/09/2025,13,33,31,13:33:31,493,Tahap-1
01/09/2025,13,33,31,13:33:31,489,Tahap-1
01/09/2025,13,33,32,13:33:32,398,Tahap-1
01/09/2025,13,33,32,13:33:32,399,Tahap-1
01/09/2025,13,33,32,13:33:32,458,Tahap-1
01/09/2025,13,33,32,13:33:32,357,Tahap-1
01/09/2025,13,33,32,13:33:32,198,Tahap-1
01/09/2025,13,33,32,13:33:32,272,Tahap-1
01/09/2025,13,33,32,13:33:32,323,Tahap-1
01/09/2025,13,33,32,13:33:32,227,Tahap-1
01/09/2025,13,33,32,13:33:32,217,Tahap-1
01/09/2025,13,33,32,13:33:32,264,Tahap-1
01/09/2025,13,33,33,13:33:33,245,Tahap-1
01/09/2025,13,33,33,13:33:33,257,Tahap-1
01/09/2025,13,33,33,13:33:33,297,Tahap-1
01/09/2025,13,33,33,13:33:33,345,Tahap-1
01/09/2025,13,33,33,13:33:33,68,Tahap-1
01/09/2025,13,33,33,13:33:33,206,Tahap-1
01/09/2025,13,33,33,13:33:33,200,Tahap-1
01/09/2025,13,33,33,13:33:33,127,Tahap-1
01/09/2025,13,33,33,13:33:33,272,Tahap-1
01/09/2025,13,33,33,13:33:33,262,Tahap-1
01/09/2025,13,33,34,13:33:34,184,Tahap-1
01/09/2025,13,33,34,13:33:34,168,Tahap-1
01/09/2025,13,33,34,13:33:34,213,Tahap-1
01/09/2025,13,33,34,13:33:34,254,Tahap-1
01/09/2025,13,33,34,13:33:34,33,Tahap-1
01/09/2025,13,33,34,13:33:34,155,Tahap-1
01/09/2025,13,33,34,13:33:34,177,Tahap-1
01/09/2025,13,33,34,13:33:34,137,Tahap-1
01/09/2025,13,33,34,13:33:34,27,Tahap-1
01/09/2025,13,33,34,13:33:34,162,Tahap-1
01/09/2025,13,33,35,13:33:35,130,Tahap-1
01/09/2025,13,33,35,13:33:35,189,Tahap-1
01/09/2025,13,33,35,13:33:35,234,Tahap-1
01/09/2025,13,33,35,13:33:35,317,Tahap-1
01/09/2025,13,33,35,13:33:35,92,Tahap-1
01/09/2025,13,33,35,13:33:35,188,Tahap-1
01/09/2025,13,33,35,13:33:35,184,Tahap-1
01/09/2025,13,33,35,13:33:35,68,Tahap-1
01/09/2025,13,33,35,13:33:35,167,Tahap-1
01/09/2025,13,33,35,13:33:35,49,Tahap-1
01/09/2025,13,33,36,13:33:36,117,Tahap-1
01/09/2025,13,33,36,13:33:36,48,Tahap-1
01/09/2025,13,33,36,13:33:36,91,Tahap-1
01/09/2025,13,33,36,13:33:36,31,Tahap-1
01/09/2025,13,33,36,13:33:36,77,Tahap-1
01/09/2025,13,33,36,13:33:36,120,Tahap-1
01/09/2025,13,33,36,13:33:36,168,Tahap-1
01/09/2025,13,33,36,13:33:36,109,Tahap-1
01/09/2025,13,33,36,13:33:36,108,Tahap-1
01/09/2025,13,33,36,13:33:36,163,Tahap-1
01/09/2025,13,33,37,13:33:37,43,Tahap-1
01/09/2025,13,33,37,13:33:37,96,Tahap-1
01/09/2025,13,33,37,13:33:37,114,Tahap-1
01/09/2025,13,33,37,13:33:37,108,Tahap-1
01/09/2025,13,33,37,13:33:37,145,Tahap-1
01/09/2025,13,33,37,13:33:37,110,Tahap-1
01/09/2025,13,33,37,13:33:37,416,Tahap-1
01/09/2025,13,33,37,13:33:37,84,Tahap-1
01/09/2025,13,33,37,13:33:37,432,Tahap-1
01/09/2025,13,33,37,13:33:37,507,Tahap-1
01/09/2025,13,33,38,13:33:38,348,Tahap-1
01/09/2025,13,33,38,13:33:38,383,Tahap-1
01/09/2025,13,33,38,13:33:38,140,Tahap-1
01/09/2025,13,33,38,13:33:38,175,Tahap-1
01/09/2025,13,33,38,13:33:38,148,Tahap-1
01/09/2025,13,33,38,13:33:38,132,Tahap-1
01/09/2025,13,33,38,13:33:38,148,Tahap-1
01/09/2025,13,33,38,13:33:38,8,Tahap-1
01/09/2025,13,33,38,13:33:38,65,Tahap-1
01/09/2025,13,33,38,13:33:38,89,Tahap-1
01/09/2025,13,33,39,13:33:39,137,Tahap-1
01/09/2025,13,33,39,13:33:39,208,Tahap-1
01/09/2025,13,33,39,13:33:39,109,Tahap-1
01/09/2025,13,33,39,13:33:39,96,Tahap-1
01/09/2025,13,33,39,13:33:39,170,Tahap-1
01/09/2025,13,33,39,13:33:39,32,Tahap-1
01/09/2025,13,33,39,13:33:39,1356,Tahap-1
01/09/2025,13,33,39,13:33:39,287,Tahap-1
01/09/2025,13,33,39,13:33:39,182,Tahap-1
01/09/2025,13,33,39,13:33:39,188,Tahap-1
01/09/2025,13,33,40,13:33:40,159,Tahap-1
01/09/2025,13,33,40,13:33:40,308,Tahap-1
01/09/2025,13,33,40,13:33:40,48,Tahap-1
01/09/2025,13,33,40,13:33:40,56,Tahap-1
01/09/2025,13,33,40,13:33:40,318,Tahap-1
01/09/2025,13,33,40,13:33:40,241,Tahap-1
01/09/2025,13,33,40,13:33:40,139,Tahap-1
01/09/2025,13,33,40,13:33:40,82,Tahap-1
01/09/2025,13,33,40,13:33:40,187,Tahap-1
01/09/2025,13,33,40,13:33:40,161,Tahap-1
01/09/2025,13,33,41,13:33:41,57,Tahap-1
01/09/2025,13,33,41,13:33:41,129,Tahap-1
01/09/2025,13,33,41,13:33:41,106,Tahap-1
01/09/2025,13,33,41,13:33:41,98,Tahap-1
01/09/2025,13,33,41,13:33:41,75,Tahap-1
01/09/2025,13,33,41,13:33:41,194,Tahap-1
01/09/2025,13,33,41,13:33:41,165,Tahap-1
01/09/2025,13,33,41,13:33:41,75,Tahap-1
01/09/2025,13,33,41,13:33:41,34,Tahap-1
01/09/2025,13,33,41,13:33:41,512,Tahap-1
01/09/2025,13,33,42,13:33:42,586,Tahap-1
01/09/2025,13,33,42,13:33:42,678,Tahap-1
01/09/2025,13,33,42,13:33:42,611,Tahap-1
01/09/2025,13,33,42,13:33:42,723,Tahap-1
01/09/2025,13,33,42,13:33:42,989,Tahap-1
01/09/2025,13,33,42,13:33:42,104,Tahap-1
01/09/2025,13,33,42,13:33:42,170,Tahap-1
01/09/2025,13,33,42,13:33:42,416,Tahap-1
01/09/2025,13,33,42,13:33:42,423,Tahap-1
01/09/2025,13,33,42,13:33:42,250,Tahap-1
01/09/2025,13,33,43,13:33:43,296,Tahap-1
01/09/2025,13,33,43,13:33:43,399,Tahap-1
01/09/2025,13,33,43,13:33:43,140,Tahap-1
01/09/2025,13,33,43,13:33:43,45,Tahap-1
01/09/2025,13,33,43,13:33:43,258,Tahap-1
01/09/2025,13,33,43,13:33:43,292,Tahap-1
01/09/2025,13,33,43,13:33:43,294,Tahap-1
01/09/2025,13,33,43,13:33:43,822,Tahap-1
01/09/2025,13,33,43,13:33:43,192,Tahap-1
01/09/2025,13,33,43,13:33:43,60,Tahap-1
01/09/2025,13,33,44,13:33:44,228,Tahap-1
01/09/2025,13,33,44,13:33:44,112,Tahap-1
01/09/2025,13,33,44,13:33:44,92,Tahap-1
01/09/2025,13,33,44,13:33:44,84,Tahap-1
01/09/2025,13,33,44,13:33:44,172,Tahap-1
01/09/2025,13,33,44,13:33:44,92,Tahap-1
01/09/2025,13,33,44,13:33:44,124,Tahap-1
01/09/2025,13,33,44,13:33:44,112,Tahap-1
01/09/2025,13,33,45,13:33:45,68,Tahap-1
01/09/2025,13,33,45,13:33:45,224,Tahap-1
01/09/2025,13,33,45,13:33:45,84,Tahap-1
01/09/2025,13,33,45,13:33:45,156,Tahap-1
01/09/2025,13,33,45,13:33:45,168,Tahap-1
01/09/2025,13,33,45,13:33:45,68,Tahap-1
01/09/2025,13,33,45,13:33:45,44,Tahap-1
01/09/2025,13,33,45,13:33:45,136,Tahap-1
01/09/2025,13,33,45,13:33:45,188,Tahap-1
01/09/2025,13,33,45,13:33:45,-64,Tahap-1
01/09/2025,13,33,45,13:33:45,196,Tahap-1
01/09/2025,13,33,45,13:33:45,32,Tahap-1
01/09/2025,13,33,46,13:33:46,156,Tahap-1
01/09/2025,13,33,46,13:33:46,36,Tahap-1
01/09/2025,13,33,46,13:33:46,92,Tahap-1
01/09/2025,13,33,46,13:33:46,8,Tahap-1
01/09/2025,13,33,46,13:33:46,164,Tahap-1
01/09/2025,13,33,46,13:33:46,-36,Tahap-1
01/09/2025,13,33,46,13:33:46,-40,Tahap-1
01/09/2025,13,33,46,13:33:46,120,Tahap-1
01/09/2025,13,33,46,13:33:46,-36,Tahap-1
01/09/2025,13,33,46,13:33:46,-28,Tahap-1
01/09/2025,13,33,47,13:33:47,40,Tahap-1
01/09/2025,13,33,47,13:33:47,-64,Tahap-1
01/09/2025,13,33,47,13:33:47,12,Tahap-1
01/09/2025,13,33,47,13:33:47,-52,Tahap-1
01/09/2025,13,33,47,13:33:47,12,Tahap-1
01/09/2025,13,33,47,13:33:47,-116,Tahap-1
01/09/2025,13,33,47,13:33:47,112,Tahap-1
01/09/2025,13,33,47,13:33:47,-200,Tahap-1
01/09/2025,13,33,47,13:33:47,12,Tahap-1
01/09/2025,13,33,47,13:33:47,-76,Tahap-1
01/09/2025,13,33,48,13:33:48,-140,Tahap-1
01/09/2025,13,33,48,13:33:48,-88,Tahap-1
01/09/2025,13,33,48,13:33:48,-60,Tahap-1
01/09/2025,13,33,48,13:33:48,4,Tahap-1
01/09/2025,13,33,48,13:33:48,-112,Tahap-1
01/09/2025,13,33,48,13:33:48,-36,Tahap-1
01/09/2025,13,33,48,13:33:48,-96,Tahap-1
01/09/2025,13,33,48,13:33:48,-152,Tahap-1
01/09/2025,13,33,49,13:33:49,-12,Tahap-1
01/09/2025,13,33,49,13:33:49,-148,Tahap-1
01/09/2025,13,33,49,13:33:49,-68,Tahap-1
01/09/2025,13,33,49,13:33:49,-188,Tahap-1
01/09/2025,13,33,49,13:33:49,20,Tahap-1
01/09/2025,13,33,49,13:33:49,-144,Tahap-1
01/09/2025,13,33,49,13:33:49,-168,Tahap-1
01/09/2025,13,33,49,13:33:49,-4,Tahap-1
01/09/2025,13,33,49,13:33:49,-88,Tahap-1
01/09/2025,13,33,49,13:33:49,-124,Tahap-1
01/09/2025,13,33,50,13:33:50,-100,Tahap-1
01/09/2025,13,33,50,13:33:50,-120,Tahap-1
01/09/2025,13,33,50,13:33:50,-180,Tahap-1
01/09/2025,13,33,50,13:33:50,-80,Tahap-1
01/09/2025,13,33,50,13:33:50,-148,Tahap-1
01/09/2025,13,33,50,13:33:50,-104,Tahap-1
01/09/2025,13,33,50,13:33:50,60,Tahap-1
01/09/2025,13,33,50,13:33:50,-252,Tahap-1
01/09/2025,13,33,50,13:33:50,-40,Tahap-1
01/09/2025,13,33,50,13:33:50,-92,Tahap-1
01/09/2025,13,33,51,13:33:51,-84,Tahap-1
01/09/2025,13,33,51,13:33:51,-248,Tahap-1
01/09/2025,13,33,51,13:33:51,24,Tahap-1
01/09/2025,13,33,51,13:33:51,-284,Tahap-1
01/09/2025,13,33,51,13:33:51,-140,Tahap-1
01/09/2025,13,33,51,13:33:51,-216,Tahap-1
01/09/2025,13,33,51,13:33:51,-188,Tahap-1
01/09/2025,13,33,51,13:33:51,-64,Tahap-1
01/09/2025,13,33,51,13:33:51,-260,Tahap-1
01/09/2025,13,33,51,13:33:51,-164,Tahap-1
01/09/2025,13,33,52,13:33:52,-196,Tahap-1
01/09/2025,13,33,52,13:33:52,-112,Tahap-1
01/09/2025,13,33,52,13:33:52,-312,Tahap-1
01/09/2025,13,33,52,13:33:52,-196,Tahap-1
01/09/2025,13,33,52,13:33:52,-204,Tahap-1
01/09/2025,13,33,52,13:33:52,-380,Tahap-1
01/09/2025,13,33,52,13:33:52,-208,Tahap-1
01/09/2025,13,33,52,13:33:52,-196,Tahap-1
01/09/2025,13,33,52,13:33:52,-204,Tahap-1
01/09/2025,13,33,52,13:33:52,-220,Tahap-1
01/09/2025,13,33,53,13:33:53,-160,Tahap-1
01/09/2025,13,33,53,13:33:53,-336,Tahap-1
01/09/2025,13,33,53,13:33:53,-188,Tahap-1
01/09/2025,13,33,53,13:33:53,-228,Tahap-1
01/09/2025,13,33,53,13:33:53,-332,Tahap-1
01/09/2025,13,33,53,13:33:53,-168,Tahap-1
01/09/2025,13,33,53,13:33:53,-260,Tahap-1
01/09/2025,13,33,53,13:33:53,-308,Tahap-1
01/09/2025,13,33,53,13:33:53,-196,Tahap-1
01/09/2025,13,33,53,13:33:53,-284,Tahap-1
01/09/2025,13,33,54,13:33:54,-296,Tahap-1
01/09/2025,13,33,54,13:33:54,-220,Tahap-1
01/09/2025,13,33,54,13:33:54,-176,Tahap-1
01/09/2025,13,33,54,13:33:54,-304,Tahap-1
01/09/2025,13,33,54,13:33:54,-180,Tahap-1
01/09/2025,13,33,54,13:33:54,-208,Tahap-1
01/09/2025,13,33,54,13:33:54,-316,Tahap-1
01/09/2025,13,33,54,13:33:54,-228,Tahap-1
01/09/2025,13,33,54,13:33:54,-336,Tahap-1
01/09/2025,13,33,54,13:33:54,-156,Tahap-1
01/09/2025,13,33,55,13:33:55,-340,Tahap-1
01/09/2025,13,33,55,13:33:55,-176,Tahap-1
01/09/2025,13,33,55,13:33:55,-284,Tahap-1
01/09/2025,13,33,55,13:33:55,-248,Tahap-1
01/09/2025,13,33,55,13:33:55,-276,Tahap-1
01/09/2025,13,33,55,13:33:55,-380,Tahap-1
01/09/2025,13,33,55,13:33:55,-180,Tahap-1
01/09/2025,13,33,55,13:33:55,-284,Tahap-1
01/09/2025,13,33,55,13:33:55,-348,Tahap-1
01/09/2025,13,33,55,13:33:55,-260,Tahap-1
01/09/2025,13,33,56,13:33:56,-220,Tahap-1
01/09/2025,13,33,56,13:33:56,-288,Tahap-1
01/09/2025,13,33,56,13:33:56,-388,Tahap-1
01/09/2025,13,33,56,13:33:56,-136,Tahap-1
01/09/2025,13,33,56,13:33:56,-392,Tahap-1
01/09/2025,13,33,56,13:33:56,-152,Tahap-1
01/09/2025,13,33,56,13:33:56,-376,Tahap-1
01/09/2025,13,34,21,13:34:21,1069,Tahap-1
01/09/2025,13,34,21,13:34:21,943,Tahap-1
01/09/2025,13,34,21,13:34:21,293,Tahap-1
01/09/2025,13,34,21,13:34:21,470,Tahap-1
01/09/2025,13,34,21,13:34:21,322,Tahap-1
01/09/2025,13,34,21,13:34:21,158,Tahap-1
01/09/2025,13,34,21,13:34:21,61,Tahap-1
01/09/2025,13,34,21,13:34:21,106,Tahap-1
01/09/2025,13,34,21,13:34:21,266,Tahap-1
01/09/2025,13,34,22,13:34:22,164,Tahap-1
01/09/2025,13,34,22,13:34:22,234,Tahap-1
01/09/2025,13,34,22,13:34:22,143,Tahap-1
01/09/2025,13,34,22,13:34:22,103,Tahap-1
01/09/2025,13,34,22,13:34:22,100,Tahap-1
01/09/2025,13,34,22,13:34:22,87,Tahap-1
01/09/2025,13,34,22,13:34:22,70,Tahap-1
01/09/2025,13,34,22,13:34:22,182,Tahap-1
01/09/2025,13,34,22,13:34:22,34,Tahap-1
01/09/2025,13,34,22,13:34:22,23,Tahap-1
01/09/2025,13,34,23,13:34:23,139,Tahap-1
01/09/2025,13,34,23,13:34:23,59,Tahap-1
01/09/2025,13,34,23,13:34:23,98,Tahap-1
01/09/2025,13,34,23,13:34:23,494,Tahap-1
01/09/2025,13,34,23,13:34:23,3,Tahap-1
01/09/2025,13,34,23,13:34:23,76,Tahap-1
01/09/2025,13,34,23,13:34:23,65,Tahap-1
01/09/2025,13,34,23,13:34:23,107,Tahap-1
01/09/2025,13,34,23,13:34:23,76,Tahap-1
01/09/2025,13,34,23,13:34:23,38,Tahap-1
01/09/2025,13,34,24,13:34:24,31,Tahap-1
01/09/2025,13,34,24,13:34:24,114,Tahap-1
01/09/2025,13,34,24,13:34:24,127,Tahap-1
01/09/2025,13,34,24,13:34:24,84,Tahap-1
01/09/2025,13,34,24,13:34:24,77,Tahap-1
01/09/2025,13,34,24,13:34:24,62,Tahap-1
01/09/2025,13,34,24,13:34:24,101,Tahap-1
01/09/2025,13,34,24,13:34:24,59,Tahap-1
01/09/2025,13,34,24,13:34:24,65,Tahap-1
01/09/2025,13,34,24,13:34:24,27,Tahap-1
01/09/2025,13,34,25,13:34:25,23,Tahap-1
01/09/2025,13,34,25,13:34:25,65,Tahap-1
01/09/2025,13,34,25,13:34:25,72,Tahap-1
01/09/2025,13,34,25,13:34:25,344,Tahap-1
01/09/2025,13,34,25,13:34:25,25,Tahap-1
01/09/2025,13,34,25,13:34:25,205,Tahap-1
01/09/2025,13,34,25,13:34:25,249,Tahap-1
01/09/2025,13,34,25,13:34:25,38,Tahap-1
01/09/2025,13,34,25,13:34:25,38,Tahap-1
01/09/2025,13,34,25,13:34:25,42,Tahap-1
01/09/2025,13,34,26,13:34:26,22,Tahap-1
01/09/2025,13,34,26,13:34:26,61,Tahap-1
01/09/2025,13,34,26,13:34:26,73,Tahap-1
01/09/2025,13,34,26,13:34:26,9,Tahap-1
01/09/2025,13,34,26,13:34:26,70,Tahap-1
01/09/2025,13,34,26,13:34:26,33,Tahap-1
01/09/2025,13,34,26,13:34:26,65,Tahap-1
01/09/2025,13,34,26,13:34:26,73,Tahap-1
01/09/2025,13,34,26,13:34:26,87,Tahap-1
01/09/2025,13,34,26,13:34:26,37,Tahap-1
01/09/2025,13,34,27,13:34:27,166,Tahap-1
01/09/2025,13,34,27,13:34:27,80,Tahap-1
01/09/2025,13,34,27,13:34:27,119,Tahap-1
01/09/2025,13,34,27,13:34:27,173,Tahap-1
01/09/2025,13,34,27,13:34:27,80,Tahap-1
01/09/2025,13,34,27,13:34:27,147,Tahap-1
01/09/2025,13,34,27,13:34:27,339,Tahap-1
01/09/2025,13,34,27,13:34:27,263,Tahap-1
01/09/2025,13,34,27,13:34:27,660,Tahap-1
01/09/2025,13,34,27,13:34:27,353,Tahap-1
01/09/2025,13,34,28,13:34:28,187,Tahap-1
01/09/2025,13,34,28,13:34:28,188,Tahap-1
01/09/2025,13,34,28,13:34:28,89,Tahap-1
01/09/2025,13,34,28,13:34:28,182,Tahap-1
01/09/2025,13,34,28,13:34:28,105,Tahap-1
01/09/2025,13,34,28,13:34:28,12,Tahap-1
01/09/2025,13,34,28,13:34:28,121,Tahap-1
01/09/2025,13,34,28,13:34:28,188,Tahap-1
01/09/2025,13,34,28,13:34:28,183,Tahap-1
01/09/2025,13,34,28,13:34:28,71,Tahap-1
01/09/2025,13,34,29,13:34:29,6,Tahap-1
01/09/2025,13,34,29,13:34:29,135,Tahap-1
01/09/2025,13,34,29,13:34:29,154,Tahap-1
01/09/2025,13,34,29,13:34:29,182,Tahap-1
01/09/2025,13,34,29,13:34:29,178,Tahap-1
01/09/2025,13,34,29,13:34:29,479,Tahap-1
01/09/2025,13,34,29,13:34:29,933,Tahap-1
01/09/2025,13,34,29,13:34:29,236,Tahap-1
01/09/2025,13,34,29,13:34:29,265,Tahap-1
01/09/2025,13,34,29,13:34:29,222,Tahap-1
01/09/2025,13,34,30,13:34:30,125,Tahap-1
01/09/2025,13,34,30,13:34:30,442,Tahap-1
01/09/2025,13,34,30,13:34:30,174,Tahap-1
01/09/2025,13,34,30,13:34:30,106,Tahap-1
01/09/2025,13,34,30,13:34:30,263,Tahap-1
01/09/2025,13,34,30,13:34:30,98,Tahap-1
01/09/2025,13,34,30,13:34:30,117,Tahap-1
01/09/2025,13,34,30,13:34:30,124,Tahap-1
01/09/2025,13,34,30,13:34:30,60,Tahap-1
01/09/2025,13,34,30,13:34:30,166,Tahap-1
01/09/2025,13,34,31,13:34:31,101,Tahap-1
01/09/2025,13,34,31,13:34:31,125,Tahap-1
01/09/2025,13,34,31,13:34:31,119,Tahap-1
01/09/2025,13,34,31,13:34:31,32,Tahap-1
01/09/2025,13,34,31,13:34:31,97,Tahap-1
01/09/2025,13,34,31,13:34:31,155,Tahap-1
01/09/2025,13,34,31,13:34:31,252,Tahap-1
01/09/2025,13,34,31,13:34:31,61,Tahap-1
01/09/2025,13,34,31,13:34:31,109,Tahap-1
01/09/2025,13,34,31,13:34:31,357,Tahap-1
01/09/2025,13,34,32,13:34:32,397,Tahap-1
01/09/2025,13,34,32,13:34:32,190,Tahap-1
01/09/2025,13,34,32,13:34:32,203,Tahap-1
01/09/2025,13,34,32,13:34:32,462,Tahap-1
01/09/2025,13,34,32,13:34:32,1456,Tahap-1
01/09/2025,13,34,32,13:34:32,407,Tahap-1
01/09/2025,13,34,32,13:34:32,240,Tahap-1
01/09/2025,13,34,32,13:34:32,379,Tahap-1
01/09/2025,13,34,32,13:34:32,131,Tahap-1
01/09/2025,13,34,32,13:34:32,264,Tahap-1
01/09/2025,13,34,33,13:34:33,311,Tahap-1
01/09/2025,13,34,33,13:34:33,290,Tahap-1
01/09/2025,13,34,33,13:34:33,275,Tahap-1
01/09/2025,13,34,33,13:34:33,115,Tahap-1
01/09/2025,13,34,33,13:34:33,110,Tahap-1
01/09/2025,13,34,33,13:34:33,360,Tahap-1
01/09/2025,13,34,33,13:34:33,338,Tahap-1
01/09/2025,13,34,33,13:34:33,964,Tahap-1
01/09/2025,13,34,33,13:34:33,-224,Tahap-1
01/09/2025,13,34,33,13:34:33,-96,Tahap-1
01/09/2025,13,34,34,13:34:34,-8,Tahap-1
01/09/2025,13,34,34,13:34:34,56,Tahap-1
01/09/2025,13,34,34,13:34:34,-136,Tahap-1
01/09/2025,13,34,34,13:34:34,208,Tahap-1
01/09/2025,13,34,34,13:34:34,-152,Tahap-1
01/09/2025,13,34,34,13:34:34,-32,Tahap-1
01/09/2025,13,34,34,13:34:34,-32,Tahap-1
01/09/2025,13,34,34,13:34:34,-56,Tahap-1
01/09/2025,13,34,34,13:34:34,-16,Tahap-1
01/09/2025,13,34,35,13:34:35,-104,Tahap-1
01/09/2025,13,34,35,13:34:35,-128,Tahap-1
01/09/2025,13,34,35,13:34:35,304,Tahap-1
01/09/2025,13,34,35,13:34:35,-192,Tahap-1
01/09/2025,13,34,35,13:34:35,120,Tahap-1
01/09/2025,13,34,35,13:34:35,32,Tahap-1
01/09/2025,13,34,35,13:34:35,-40,Tahap-1
01/09/2025,13,34,35,13:34:35,-56,Tahap-1
01/09/2025,13,34,35,13:34:35,-8,Tahap-1
01/09/2025,13,34,35,13:34:35,128,Tahap-1
01/09/2025,13,34,36,13:34:36,-160,Tahap-1
01/09/2025,13,34,36,13:34:36,40,Tahap-1
01/09/2025,13,34,36,13:34:36,-168,Tahap-1
01/09/2025,13,34,36,13:34:36,-56,Tahap-1
01/09/2025,13,34,36,13:34:36,120,Tahap-1
01/09/2025,13,34,36,13:34:36,-304,Tahap-1
01/09/2025,13,34,36,13:34:36,128,Tahap-1
01/09/2025,13,34,36,13:34:36,-24,Tahap-1
01/09/2025,13,34,36,13:34:36,-88,Tahap-1
01/09/2025,13,34,36,13:34:36,-120,Tahap-1
01/09/2025,13,34,37,13:34:37,168,Tahap-1
01/09/2025,13,34,37,13:34:37,-208,Tahap-1
01/09/2025,13,34,37,13:34:37,-96,Tahap-1
01/09/2025,13,34,37,13:34:37,-168,Tahap-1
01/09/2025,13,34,37,13:34:37,120,Tahap-1
01/09/2025,13,34,37,13:34:37,-160,Tahap-1
01/09/2025,13,34,37,13:34:37,-32,Tahap-1
01/09/2025,13,34,37,13:34:37,-40,Tahap-1
01/09/2025,13,34,38,13:34:38,-344,Tahap-1
01/09/2025,13,34,38,13:34:38,-72,Tahap-1
01/09/2025,13,34,38,13:34:38,-72,Tahap-1
01/09/2025,13,34,38,13:34:38,-432,Tahap-1
01/09/2025,13,34,38,13:34:38,-88,Tahap-1
01/09/2025,13,34,38,13:34:38,-320,Tahap-1
01/09/2025,13,34,38,13:34:38,-16,Tahap-1
01/09/2025,13,34,38,13:34:38,-304,Tahap-1
01/09/2025,13,34,38,13:34:38,-96,Tahap-1
01/09/2025,13,34,38,13:34:38,-224,Tahap-1
01/09/2025,13,34,39,13:34:39,-72,Tahap-1
01/09/2025,13,34,39,13:34:39,-152,Tahap-1
01/09/2025,13,34,39,13:34:39,-328,Tahap-1
01/09/2025,13,34,39,13:34:39,32,Tahap-1
01/09/2025,13,34,39,13:34:39,-296,Tahap-1
01/09/2025,13,34,39,13:34:39,-192,Tahap-1
01/09/2025,13,34,39,13:34:39,-248,Tahap-1
01/09/2025,13,34,39,13:34:39,-48,Tahap-1
01/09/2025,13,34,39,13:34:39,-120,Tahap-1
01/09/2025,13,34,39,13:34:39,-200,Tahap-1
01/09/2025,13,34,39,13:34:39,104,Tahap-1
01/09/2025,13,34,40,13:34:40,-192,Tahap-1
01/09/2025,13,34,40,13:34:40,32,Tahap-1
01/09/2025,13,34,40,13:34:40,-176,Tahap-1
01/09/2025,13,34,40,13:34:40,8,Tahap-1
01/09/2025,13,34,40,13:34:40,-152,Tahap-1
01/09/2025,13,34,40,13:34:40,-120,Tahap-1
01/09/2025,13,34,40,13:34:40,-176,Tahap-1
01/09/2025,13,34,40,13:34:40,96,Tahap-1
01/09/2025,13,34,40,13:34:40,-24,Tahap-1
01/09/2025,13,34,41,13:34:41,-192,Tahap-1
01/09/2025,13,34,41,13:34:41,-40,Tahap-1
01/09/2025,13,34,41,13:34:41,80,Tahap-1
01/09/2025,13,34,41,13:34:41,-144,Tahap-1
01/09/2025,13,34,41,13:34:41,112,Tahap-1
01/09/2025,13,34,41,13:34:41,-72,Tahap-1
01/09/2025,13,34,41,13:34:41,16,Tahap-1
01/09/2025,13,34,41,13:34:41,56,Tahap-1
01/09/2025,13,34,41,13:34:41,24,Tahap-1
01/09/2025,13,34,42,13:34:42,208,Tahap-1
01/09/2025,13,34,42,13:34:42,-96,Tahap-1
01/09/2025,13,34,42,13:34:42,88,Tahap-1
01/09/2025,13,34,42,13:34:42,8,Tahap-1
01/09/2025,13,34,42,13:34:42,232,Tahap-1
01/09/2025,13,34,42,13:34:42,-160,Tahap-1
01/09/2025,13,34,42,13:34:42,216,Tahap-1
01/09/2025,13,34,42,13:34:42,48,Tahap-1
01/09/2025,13,34,42,13:34:42,-96,Tahap-1
01/09/2025,13,34,42,13:34:42,32,Tahap-1
01/09/2025,13,34,42,13:34:42,-8,Tahap-1
01/09/2025,13,34,43,13:34:43,120,Tahap-1
01/09/2025,13,34,43,13:34:43,80,Tahap-1
01/09/2025,13,34,43,13:34:43,80,Tahap-1
01/09/2025,13,34,43,13:34:43,32,Tahap-1
01/09/2025,13,34,43,13:34:43,152,Tahap-1
01/09/2025,13,34,43,13:34:43,120,Tahap-1
01/09/2025,13,34,43,13:34:43,-112,Tahap-1
01/09/2025,13,34,43,13:34:43,280,Tahap-1
01/09/2025,13,34,43,13:34:43,-168,Tahap-1
01/09/2025,13,34,43,13:34:43,88,Tahap-1
01/09/2025,13,34,44,13:34:44,-56,Tahap-1
01/09/2025,13,34,44,13:34:44,296,Tahap-1
01/09/2025,13,34,44,13:34:44,64,Tahap-1
01/09/2025,13,34,44,13:34:44,136,Tahap-1
01/09/2025,13,34,44,13:34:44,88,Tahap-1
01/09/2025,13,34,44,13:34:44,192,Tahap-1
01/09/2025,13,34,45,13:34:45,48,Tahap-1
01/09/2025,13,34,45,13:34:45,88,Tahap-1
01/09/2025,13,34,45,13:34:45,144,Tahap-1
01/09/2025,13,34,45,13:34:45,-72,Tahap-1
01/09/2025,13,34,45,13:34:45,64,Tahap-1
01/09/2025,13,34,45,13:34:45,40,Tahap-1
01/09/2025,13,34,45,13:34:45,392,Tahap-1
01/09/2025,13,34,45,13:34:45,-232,Tahap-1
01/09/2025,13,34,45,13:34:45,328,Tahap-1
01/09/2025,13,34,45,13:34:45,-40,Tahap-1
01/09/2025,13,34,45,13:34:45,112,Tahap-1
01/09/2025,13,34,45,13:34:45,64,Tahap-1
01/09/2025,13,34,45,13:34:45,144,Tahap-1
01/09/2025,13,34,46,13:34:46,-24,Tahap-1
01/09/2025,13,34,46,13:34:46,80,Tahap-1
01/09/2025,13,34,46,13:34:46,192,Tahap-1
01/09/2025,13,34,46,13:34:46,-88,Tahap-1
01/09/2025,13,34,46,13:34:46,400,Tahap-1
01/09/2025,13,34,46,13:34:46,64,Tahap-1
01/09/2025,13,35,11,13:35:11,1914,Tahap-1
01/09/2025,13,35,11,13:35:11,1002,Tahap-1
01/09/2025,13,35,11,13:35:11,615,Tahap-1
01/09/2025,13,35,11,13:35:11,369,Tahap-1
01/09/2025,13,35,11,13:35:11,943,Tahap-1
01/09/2025,13,35,11,13:35:11,309,Tahap-1
01/09/2025,13,35,11,13:35:11,237,Tahap-1
01/09/2025,13,35,11,13:35:11,520,Tahap-1
01/09/2025,13,35,11,13:35:11,197,Tahap-1
01/09/2025,13,35,11,13:35:11,137,Tahap-1
01/09/2025,13,35,12,13:35:12,61,Tahap-1
01/09/2025,13,35,12,13:35:12,85,Tahap-1
01/09/2025,13,35,12,13:35:12,110,Tahap-1
01/09/2025,13,35,12,13:35:12,96,Tahap-1
01/09/2025,13,35,12,13:35:12,226,Tahap-1
01/09/2025,13,35,12,13:35:12,196,Tahap-1
01/09/2025,13,35,12,13:35:12,96,Tahap-1
01/09/2025,13,35,12,13:35:12,214,Tahap-1
01/09/2025,13,35,12,13:35:12,132,Tahap-1
01/09/2025,13,35,12,13:35:12,72,Tahap-1
01/09/2025,13,35,13,13:35:13,80,Tahap-1
01/09/2025,13,35,13,13:35:13,72,Tahap-1
01/09/2025,13,35,13,13:35:13,482,Tahap-1
01/09/2025,13,35,13,13:35:13,59,Tahap-1
01/09/2025,13,35,13,13:35:13,68,Tahap-1
01/09/2025,13,35,13,13:35:13,58,Tahap-1
01/09/2025,13,35,13,13:35:13,167,Tahap-1
01/09/2025,13,35,13,13:35:13,118,Tahap-1
01/09/2025,13,35,13,13:35:13,119,Tahap-1
01/09/2025,13,35,13,13:35:13,132,Tahap-1
01/09/2025,13,35,14,13:35:14,71,Tahap-1
01/09/2025,13,35,14,13:35:14,112,Tahap-1
01/09/2025,13,35,14,13:35:14,132,Tahap-1
01/09/2025,13,35,14,13:35:14,105,Tahap-1
01/09/2025,13,35,14,13:35:14,73,Tahap-1
01/09/2025,13,35,14,13:35:14,122,Tahap-1
01/09/2025,13,35,14,13:35:14,226,Tahap-1
01/09/2025,13,35,14,13:35:14,158,Tahap-1
01/09/2025,13,35,15,13:35:15,39,Tahap-1
01/09/2025,13,35,15,13:35:15,44,Tahap-1
01/09/2025,13,35,15,13:35:15,254,Tahap-1
01/09/2025,13,35,15,13:35:15,223,Tahap-1
01/09/2025,13,35,15,13:35:15,377,Tahap-1
01/09/2025,13,35,15,13:35:15,18,Tahap-1
01/09/2025,13,35,15,13:35:15,168,Tahap-1
01/09/2025,13,35,15,13:35:15,137,Tahap-1
01/09/2025,13,35,15,13:35:15,162,Tahap-1
01/09/2025,13,35,15,13:35:15,262,Tahap-1
01/09/2025,13,35,15,13:35:15,115,Tahap-1
01/09/2025,13,35,15,13:35:15,89,Tahap-1
01/09/2025,13,35,16,13:35:16,133,Tahap-1
01/09/2025,13,35,16,13:35:16,115,Tahap-1
01/09/2025,13,35,16,13:35:16,145,Tahap-1
01/09/2025,13,35,16,13:35:16,148,Tahap-1
01/09/2025,13,35,16,13:35:16,106,Tahap-1
01/09/2025,13,35,16,13:35:16,117,Tahap-1
01/09/2025,13,35,16,13:35:16,115,Tahap-1
01/09/2025,13,35,16,13:35:16,21,Tahap-1
01/09/2025,13,35,16,13:35:16,22,Tahap-1
01/09/2025,13,35,16,13:35:16,148,Tahap-1
01/09/2025,13,35,17,13:35:17,237,Tahap-1
01/09/2025,13,35,17,13:35:17,153,Tahap-1
01/09/2025,13,35,17,13:35:17,201,Tahap-1
01/09/2025,13,35,17,13:35:17,139,Tahap-1
01/09/2025,13,35,17,13:35:17,267,Tahap-1
01/09/2025,13,35,17,13:35:17,323,Tahap-1
01/09/2025,13,35,17,13:35:17,346,Tahap-1
01/09/2025,13,35,17,13:35:17,453,Tahap-1
01/09/2025,13,35,17,13:35:17,411,Tahap-1
01/09/2025,13,35,17,13:35:17,251,Tahap-1
01/09/2025,13,35,18,13:35:18,155,Tahap-1
01/09/2025,13,35,18,13:35:18,114,Tahap-1
01/09/2025,13,35,18,13:35:18,252,Tahap-1
01/09/2025,13,35,18,13:35:18,48,Tahap-1
01/09/2025,13,35,18,13:35:18,72,Tahap-1
01/09/2025,13,35,18,13:35:18,203,Tahap-1
01/09/2025,13,35,18,13:35:18,180,Tahap-1
01/09/2025,13,35,18,13:35:18,17,Tahap-1
01/09/2025,13,35,18,13:35:18,54,Tahap-1
01/09/2025,13,35,18,13:35:18,124,Tahap-1
01/09/2025,13,35,19,13:35:19,54,Tahap-1
01/09/2025,13,35,19,13:35:19,149,Tahap-1
01/09/2025,13,35,19,13:35:19,130,Tahap-1
01/09/2025,13,35,19,13:35:19,287,Tahap-1
01/09/2025,13,35,19,13:35:19,370,Tahap-1
01/09/2025,13,35,19,13:35:19,1064,Tahap-1
01/09/2025,13,35,19,13:35:19,678,Tahap-1
01/09/2025,13,35,19,13:35:19,358,Tahap-1
01/09/2025,13,35,19,13:35:19,330,Tahap-1
01/09/2025,13,35,19,13:35:19,788,Tahap-1
01/09/2025,13,35,20,13:35:20,181,Tahap-1
01/09/2025,13,35,20,13:35:20,215,Tahap-1
01/09/2025,13,35,20,13:35:20,248,Tahap-1
01/09/2025,13,35,20,13:35:20,4,Tahap-1
01/09/2025,13,35,20,13:35:20,197,Tahap-1
01/09/2025,13,35,20,13:35:20,210,Tahap-1
01/09/2025,13,35,20,13:35:20,129,Tahap-1
01/09/2025,13,35,20,13:35:20,144,Tahap-1
01/09/2025,13,35,20,13:35:20,91,Tahap-1
01/09/2025,13,35,20,13:35:20,76,Tahap-1
01/09/2025,13,35,21,13:35:21,170,Tahap-1
01/09/2025,13,35,21,13:35:21,196,Tahap-1
01/09/2025,13,35,21,13:35:21,123,Tahap-1
01/09/2025,13,35,21,13:35:21,204,Tahap-1
01/09/2025,13,35,21,13:35:21,68,Tahap-1
01/09/2025,13,35,21,13:35:21,98,Tahap-1
01/09/2025,13,35,21,13:35:21,75,Tahap-1
01/09/2025,13,35,21,13:35:21,184,Tahap-1
01/09/2025,13,35,21,13:35:21,143,Tahap-1
01/09/2025,13,35,21,13:35:21,280,Tahap-1
01/09/2025,13,35,22,13:35:22,653,Tahap-1
01/09/2025,13,35,22,13:35:22,363,Tahap-1
01/09/2025,13,35,22,13:35:22,1392,Tahap-1
01/09/2025,13,35,22,13:35:22,671,Tahap-1
01/09/2025,13,35,22,13:35:22,392,Tahap-1
01/09/2025,13,35,22,13:35:22,113,Tahap-1
01/09/2025,13,35,22,13:35:22,167,Tahap-1
01/09/2025,13,35,22,13:35:22,338,Tahap-1
01/09/2025,13,35,22,13:35:22,100,Tahap-1
01/09/2025,13,35,22,13:35:22,153,Tahap-1
01/09/2025,13,35,23,13:35:23,242,Tahap-1
01/09/2025,13,35,23,13:35:23,74,Tahap-1
01/09/2025,13,35,23,13:35:23,166,Tahap-1
01/09/2025,13,35,23,13:35:23,83,Tahap-1
01/09/2025,13,35,23,13:35:23,140,Tahap-1
01/09/2025,13,35,23,13:35:23,195,Tahap-1
01/09/2025,13,35,23,13:35:23,817,Tahap-1
01/09/2025,13,35,23,13:35:23,-60,Tahap-1
01/09/2025,13,35,23,13:35:23,-64,Tahap-1
01/09/2025,13,35,23,13:35:23,16,Tahap-1
01/09/2025,13,35,24,13:35:24,-140,Tahap-1
01/09/2025,13,35,24,13:35:24,108,Tahap-1
01/09/2025,13,35,24,13:35:24,-68,Tahap-1
01/09/2025,13,35,24,13:35:24,-60,Tahap-1
01/09/2025,13,35,24,13:35:24,44,Tahap-1
01/09/2025,13,35,24,13:35:24,-84,Tahap-1
01/09/2025,13,35,24,13:35:24,-84,Tahap-1
01/09/2025,13,35,24,13:35:24,-48,Tahap-1
01/09/2025,13,35,24,13:35:24,84,Tahap-1
01/09/2025,13,35,24,13:35:24,-244,Tahap-1
01/09/2025,13,35,25,13:35:25,76,Tahap-1
01/09/2025,13,35,25,13:35:25,-136,Tahap-1
01/09/2025,13,35,25,13:35:25,-60,Tahap-1
01/09/2025,13,35,25,13:35:25,56,Tahap-1
01/09/2025,13,35,25,13:35:25,-108,Tahap-1
01/09/2025,13,35,25,13:35:25,-12,Tahap-1
01/09/2025,13,35,25,13:35:25,-24,Tahap-1
01/09/2025,13,35,25,13:35:25,-48,Tahap-1
01/09/2025,13,35,25,13:35:25,-156,Tahap-1
01/09/2025,13,35,25,13:35:25,56,Tahap-1
01/09/2025,13,35,26,13:35:26,-76,Tahap-1
01/09/2025,13,35,26,13:35:26,-104,Tahap-1
01/09/2025,13,35,26,13:35:26,36,Tahap-1
01/09/2025,13,35,26,13:35:26,-48,Tahap-1
01/09/2025,13,35,26,13:35:26,28,Tahap-1
01/09/2025,13,35,26,13:35:26,-44,Tahap-1
01/09/2025,13,35,26,13:35:26,72,Tahap-1
01/09/2025,13,35,26,13:35:26,-8,Tahap-1
01/09/2025,13,35,26,13:35:26,108,Tahap-1
01/09/2025,13,35,26,13:35:26,-80,Tahap-1
01/09/2025,13,35,27,13:35:27,64,Tahap-1
01/09/2025,13,35,27,13:35:27,48,Tahap-1
01/09/2025,13,35,27,13:35:27,4,Tahap-1
01/09/2025,13,35,27,13:35:27,60,Tahap-1
01/09/2025,13,35,27,13:35:27,48,Tahap-1
01/09/2025,13,35,27,13:35:27,-12,Tahap-1
01/09/2025,13,35,27,13:35:27,24,Tahap-1
01/09/2025,13,35,27,13:35:27,96,Tahap-1
01/09/2025,13,35,27,13:35:27,16,Tahap-1
01/09/2025,13,35,28,13:35:28,76,Tahap-1
01/09/2025,13,35,28,13:35:28,-16,Tahap-1
01/09/2025,13,35,28,13:35:28,60,Tahap-1
01/09/2025,13,35,28,13:35:28,-20,Tahap-1
01/09/2025,13,35,28,13:35:28,8,Tahap-1
01/09/2025,13,35,28,13:35:28,-20,Tahap-1
01/09/2025,13,35,28,13:35:28,136,Tahap-1
01/09/2025,13,35,28,13:35:28,-76,Tahap-1
01/09/2025,13,35,28,13:35:28,8,Tahap-1
01/09/2025,13,35,28,13:35:28,4,Tahap-1
01/09/2025,13,35,29,13:35:29,92,Tahap-1
01/09/2025,13,35,29,13:35:29,-76,Tahap-1
01/09/2025,13,35,29,13:35:29,28,Tahap-1
01/09/2025,13,35,29,13:35:29,24,Tahap-1
01/09/2025,13,35,29,13:35:29,-68,Tahap-1
01/09/2025,13,35,29,13:35:29,36,Tahap-1
01/09/2025,13,35,29,13:35:29,-20,Tahap-1
01/09/2025,13,35,29,13:35:29,68,Tahap-1
01/09/2025,13,35,29,13:35:29,68,Tahap-1
01/09/2025,13,35,29,13:35:29,16,Tahap-1
01/09/2025,13,35,30,13:35:30,52,Tahap-1
01/09/2025,13,35,30,13:35:30,84,Tahap-1
01/09/2025,13,35,30,13:35:30,68,Tahap-1
01/09/2025,13,35,30,13:35:30,-24,Tahap-1
01/09/2025,13,35,30,13:35:30,128,Tahap-1
01/09/2025,13,35,30,13:35:30,-88,Tahap-1
01/09/2025,13,35,30,13:35:30,32,Tahap-1
01/09/2025,13,35,30,13:35:30,44,Tahap-1
01/09/2025,13,35,30,13:35:30,60,Tahap-1
01/09/2025,13,35,30,13:35:30,52,Tahap-1
01/09/2025,13,35,31,13:35:31,52,Tahap-1
01/09/2025,13,35,31,13:35:31,40,Tahap-1
01/09/2025,13,35,31,13:35:31,80,Tahap-1
01/09/2025,13,35,31,13:35:31,136,Tahap-1
01/09/2025,13,35,31,13:35:31,-44,Tahap-1
01/09/2025,13,35,31,13:35:31,168,Tahap-1
01/09/2025,13,35,31,13:35:31,92,Tahap-1
01/09/2025,13,35,31,13:35:31,24,Tahap-1
01/09/2025,13,35,31,13:35:31,116,Tahap-1
01/09/2025,13,35,31,13:35:31,44,Tahap-1
01/09/2025,13,35,32,13:35:32,176,Tahap-1
01/09/2025,13,35,32,13:35:32,84,Tahap-1
01/09/2025,13,35,32,13:35:32,168,Tahap-1
01/09/2025,13,35,32,13:35:32,72,Tahap-1
01/09/2025,13,35,32,13:35:32,212,Tahap-1
01/09/2025,13,35,32,13:35:32,92,Tahap-1
01/09/2025,13,35,32,13:35:32,60,Tahap-1
01/09/2025,13,35,32,13:35:32,220,Tahap-1
01/09/2025,13,35,32,13:35:32,112,Tahap-1
01/09/2025,13,35,32,13:35:32,52,Tahap-1
01/09/2025,13,35,33,13:35:33,204,Tahap-1
01/09/2025,13,35,33,13:35:33,140,Tahap-1
01/09/2025,13,35,33,13:35:33,148,Tahap-1
01/09/2025,13,35,33,13:35:33,152,Tahap-1
01/09/2025,13,35,33,13:35:33,136,Tahap-1
01/09/2025,13,35,33,13:35:33,60,Tahap-1
01/09/2025,13,35,33,13:35:33,184,Tahap-1
01/09/2025,13,35,33,13:35:33,-28,Tahap-1
01/09/2025,13,35,33,13:35:33,176,Tahap-1
01/09/2025,13,35,33,13:35:33,108,Tahap-1
01/09/2025,13,35,34,13:35:34,-96,Tahap-1
01/09/2025,13,35,34,13:35:34,144,Tahap-1
01/09/2025,13,35,34,13:35:34,48,Tahap-1
01/09/2025,13,35,34,13:35:34,16,Tahap-1
01/09/2025,13,35,34,13:35:34,8,Tahap-1
01/09/2025,13,35,34,13:35:34,100,Tahap-1
01/09/2025,13,35,34,13:35:34,12,Tahap-1
01/09/2025,13,35,34,13:35:34,44,Tahap-1
01/09/2025,13,35,34,13:35:34,16,Tahap-1
01/09/2025,13,35,34,13:35:34,8,Tahap-1
01/09/2025,13,35,35,13:35:35,180,Tahap-1
01/09/2025,13,35,35,13:35:35,-68,Tahap-1
01/09/2025,13,35,35,13:35:35,40,Tahap-1
01/09/2025,13,35,35,13:35:35,32,Tahap-1
01/09/2025,13,35,35,13:35:35,92,Tahap-1
01/09/2025,13,35,35,13:35:35,24,Tahap-1
01/09/2025,13,35,35,13:35:35,72,Tahap-1
01/09/2025,13,35,35,13:35:35,64,Tahap-1
01/09/2025,13,35,35,13:35:35,-16,Tahap-1
01/09/2025,13,35,35,13:35:35,124,Tahap-1
01/09/2025,13,35,36,13:35:36,-4,Tahap-1
01/09/2025,13,35,36,13:35:36,112,Tahap-1
01/09/2025,13,35,36,13:35:36,36,Tahap-1
01/09/2025,13,35,36,13:35:36,-4,Tahap-1
01/09/2025,13,35,36,13:35:36,96,Tahap-1
01/09/2025,13,35,36,13:35:36,120,Tahap-1
01/09/2025,13,36,1,13:36:01,773,Tahap-1
01/09/2025,13,36,1,13:36:01,986,Tahap-1
01/09/2025,13,36,1,13:36:01,514,Tahap-1
01/09/2025,13,36,1,13:36:01,431,Tahap-1
01/09/2025,13,36,1,13:36:01,603,Tahap-1
01/09/2025,13,36,1,13:36:01,581,Tahap-1
01/09/2025,13,36,1,13:36:01,437,Tahap-1
01/09/2025,13,36,1,13:36:01,195,Tahap-1
01/09/2025,13,36,1,13:36:01,158,Tahap-1
01/09/2025,13,36,1,13:36:01,133,Tahap-1
01/09/2025,13,36,2,13:36:02,163,Tahap-1
01/09/2025,13,36,2,13:36:02,112,Tahap-1
01/09/2025,13,36,2,13:36:02,110,Tahap-1
01/09/2025,13,36,2,13:36:02,144,Tahap-1
01/09/2025,13,36,2,13:36:02,155,Tahap-1
01/09/2025,13,36,2,13:36:02,85,Tahap-1
01/09/2025,13,36,2,13:36:02,118,Tahap-1
01/09/2025,13,36,2,13:36:02,38,Tahap-1
01/09/2025,13,36,2,13:36:02,3,Tahap-1
01/09/2025,13,36,2,13:36:02,146,Tahap-1
01/09/2025,13,36,3,13:36:03,161,Tahap-1
01/09/2025,13,36,3,13:36:03,431,Tahap-1
01/09/2025,13,36,3,13:36:03,212,Tahap-1
01/09/2025,13,36,3,13:36:03,82,Tahap-1
01/09/2025,13,36,3,13:36:03,178,Tahap-1
01/09/2025,13,36,3,13:36:03,32,Tahap-1
01/09/2025,13,36,3,13:36:03,91,Tahap-1
01/09/2025,13,36,3,13:36:03,110,Tahap-1
01/09/2025,13,36,3,13:36:03,276,Tahap-1
01/09/2025,13,36,3,13:36:03,180,Tahap-1
01/09/2025,13,36,4,13:36:04,103,Tahap-1
01/09/2025,13,36,4,13:36:04,144,Tahap-1
01/09/2025,13,36,4,13:36:04,170,Tahap-1
01/09/2025,13,36,4,13:36:04,246,Tahap-1
01/09/2025,13,36,4,13:36:04,260,Tahap-1
01/09/2025,13,36,4,13:36:04,199,Tahap-1
01/09/2025,13,36,4,13:36:04,93,Tahap-1
01/09/2025,13,36,4,13:36:04,70,Tahap-1
01/09/2025,13,36,4,13:36:04,160,Tahap-1
01/09/2025,13,36,4,13:36:04,102,Tahap-1
01/09/2025,13,36,5,13:36:05,215,Tahap-1
01/09/2025,13,36,5,13:36:05,263,Tahap-1
01/09/2025,13,36,5,13:36:05,171,Tahap-1
01/09/2025,13,36,5,13:36:05,111,Tahap-1
01/09/2025,13,36,5,13:36:05,189,Tahap-1
01/09/2025,13,36,5,13:36:05,150,Tahap-1
01/09/2025,13,36,5,13:36:05,62,Tahap-1
01/09/2025,13,36,5,13:36:05,118,Tahap-1
01/09/2025,13,36,5,13:36:05,34,Tahap-1
01/09/2025,13,36,5,13:36:05,18,Tahap-1
01/09/2025,13,36,6,13:36:06,96,Tahap-1
01/09/2025,13,36,6,13:36:06,26,Tahap-1
01/09/2025,13,36,6,13:36:06,29,Tahap-1
01/09/2025,13,36,6,13:36:06,35,Tahap-1
01/09/2025,13,36,6,13:36:06,121,Tahap-1
01/09/2025,13,36,6,13:36:06,85,Tahap-1
01/09/2025,13,36,6,13:36:06,97,Tahap-1
01/09/2025,13,36,6,13:36:06,156,Tahap-1
01/09/2025,13,36,6,13:36:06,18,Tahap-1
01/09/2025,13,36,6,13:36:06,111,Tahap-1
01/09/2025,13,36,7,13:36:07,101,Tahap-1
01/09/2025,13,36,7,13:36:07,88,Tahap-1
01/09/2025,13,36,7,13:36:07,462,Tahap-1
01/09/2025,13,36,7,13:36:07,844,Tahap-1
01/09/2025,13,36,7,13:36:07,287,Tahap-1
01/09/2025,13,36,7,13:36:07,513,Tahap-1
01/09/2025,13,36,7,13:36:07,634,Tahap-1
01/09/2025,13,36,7,13:36:07,696,Tahap-1
01/09/2025,13,36,7,13:36:07,455,Tahap-1
01/09/2025,13,36,7,13:36:07,195,Tahap-1
01/09/2025,13,36,8,13:36:08,170,Tahap-1
01/09/2025,13,36,8,13:36:08,134,Tahap-1
01/09/2025,13,36,8,13:36:08,176,Tahap-1
01/09/2025,13,36,8,13:36:08,156,Tahap-1
01/09/2025,13,36,8,13:36:08,68,Tahap-1
01/09/2025,13,36,8,13:36:08,53,Tahap-1
01/09/2025,13,36,8,13:36:08,51,Tahap-1
01/09/2025,13,36,8,13:36:08,28,Tahap-1
01/09/2025,13,36,8,13:36:08,155,Tahap-1
01/09/2025,13,36,8,13:36:08,113,Tahap-1
01/09/2025,13,36,9,13:36:09,45,Tahap-1
01/09/2025,13,36,9,13:36:09,130,Tahap-1
01/09/2025,13,36,9,13:36:09,58,Tahap-1
01/09/2025,13,36,9,13:36:09,136,Tahap-1
01/09/2025,13,36,9,13:36:09,24,Tahap-1
01/09/2025,13,36,9,13:36:09,168,Tahap-1
01/09/2025,13,36,9,13:36:09,105,Tahap-1
01/09/2025,13,36,9,13:36:09,1990,Tahap-1
01/09/2025,13,36,9,13:36:09,394,Tahap-1
01/09/2025,13,36,9,13:36:09,335,Tahap-1
01/09/2025,13,36,10,13:36:10,373,Tahap-1
01/09/2025,13,36,10,13:36:10,596,Tahap-1
01/09/2025,13,36,10,13:36:10,181,Tahap-1
01/09/2025,13,36,10,13:36:10,263,Tahap-1
01/09/2025,13,36,10,13:36:10,342,Tahap-1
01/09/2025,13,36,10,13:36:10,75,Tahap-1
01/09/2025,13,36,10,13:36:10,55,Tahap-1
01/09/2025,13,36,10,13:36:10,80,Tahap-1
01/09/2025,13,36,10,13:36:10,110,Tahap-1
01/09/2025,13,36,10,13:36:10,157,Tahap-1
01/09/2025,13,36,11,13:36:11,60,Tahap-1
01/09/2025,13,36,11,13:36:11,102,Tahap-1
01/09/2025,13,36,11,13:36:11,175,Tahap-1
01/09/2025,13,36,11,13:36:11,136,Tahap-1
01/09/2025,13,36,11,13:36:11,168,Tahap-1
01/09/2025,13,36,11,13:36:11,107,Tahap-1
01/09/2025,13,36,11,13:36:11,250,Tahap-1
01/09/2025,13,36,11,13:36:11,599,Tahap-1
01/09/2025,13,36,11,13:36:11,627,Tahap-1
01/09/2025,13,36,11,13:36:11,569,Tahap-1
01/09/2025,13,36,12,13:36:12,892,Tahap-1
01/09/2025,13,36,12,13:36:12,209,Tahap-1
01/09/2025,13,36,12,13:36:12,280,Tahap-1
01/09/2025,13,36,12,13:36:12,672,Tahap-1
01/09/2025,13,36,12,13:36:12,585,Tahap-1
01/09/2025,13,36,12,13:36:12,50,Tahap-1
01/09/2025,13,36,12,13:36:12,336,Tahap-1
01/09/2025,13,36,12,13:36:12,338,Tahap-1
01/09/2025,13,36,12,13:36:12,37,Tahap-1
01/09/2025,13,36,12,13:36:12,85,Tahap-1
01/09/2025,13,36,13,13:36:13,44,Tahap-1
01/09/2025,13,36,13,13:36:13,64,Tahap-1
01/09/2025,13,36,13,13:36:13,117,Tahap-1
01/09/2025,13,36,13,13:36:13,152,Tahap-1
01/09/2025,13,36,13,13:36:13,188,Tahap-1
01/09/2025,13,36,13,13:36:13,314,Tahap-1
01/09/2025,13,36,13,13:36:13,72,Tahap-1
01/09/2025,13,36,13,13:36:13,-116,Tahap-1
01/09/2025,13,36,13,13:36:13,84,Tahap-1
01/09/2025,13,36,13,13:36:13,-48,Tahap-1
01/09/2025,13,36,14,13:36:14,108,Tahap-1
01/09/2025,13,36,14,13:36:14,-8,Tahap-1
01/09/2025,13,36,14,13:36:14,-12,Tahap-1
01/09/2025,13,36,14,13:36:14,104,Tahap-1
01/09/2025,13,36,14,13:36:14,12,Tahap-1
01/09/2025,13,36,14,13:36:14,8,Tahap-1
01/09/2025,13,36,14,13:36:14,-56,Tahap-1
01/09/2025,13,36,14,13:36:14,184,Tahap-1
01/09/2025,13,36,15,13:36:15,-36,Tahap-1
01/09/2025,13,36,15,13:36:15,40,Tahap-1
01/09/2025,13,36,15,13:36:15,92,Tahap-1
01/09/2025,13,36,15,13:36:15,56,Tahap-1
01/09/2025,13,36,15,13:36:15,104,Tahap-1
01/09/2025,13,36,15,13:36:15,32,Tahap-1
01/09/2025,13,36,15,13:36:15,160,Tahap-1
01/09/2025,13,36,15,13:36:15,188,Tahap-1
01/09/2025,13,36,15,13:36:15,152,Tahap-1
01/09/2025,13,36,15,13:36:15,-44,Tahap-1
01/09/2025,13,36,15,13:36:15,148,Tahap-1
01/09/2025,13,36,15,13:36:15,112,Tahap-1
01/09/2025,13,36,16,13:36:16,56,Tahap-1
01/09/2025,13,36,16,13:36:16,92,Tahap-1
01/09/2025,13,36,16,13:36:16,140,Tahap-1
01/09/2025,13,36,16,13:36:16,164,Tahap-1
01/09/2025,13,36,16,13:36:16,156,Tahap-1
01/09/2025,13,36,16,13:36:16,88,Tahap-1
01/09/2025,13,36,16,13:36:16,104,Tahap-1
01/09/2025,13,36,16,13:36:16,200,Tahap-1
01/09/2025,13,36,16,13:36:16,4,Tahap-1
01/09/2025,13,36,16,13:36:16,152,Tahap-1
01/09/2025,13,36,17,13:36:17,184,Tahap-1
01/09/2025,13,36,17,13:36:17,100,Tahap-1
01/09/2025,13,36,17,13:36:17,108,Tahap-1
01/09/2025,13,36,17,13:36:17,172,Tahap-1
01/09/2025,13,36,17,13:36:17,132,Tahap-1
01/09/2025,13,36,17,13:36:17,80,Tahap-1
01/09/2025,13,36,17,13:36:17,244,Tahap-1
01/09/2025,13,36,17,13:36:17,20,Tahap-1
01/09/2025,13,36,17,13:36:17,216,Tahap-1
01/09/2025,13,36,17,13:36:17,68,Tahap-1
01/09/2025,13,36,18,13:36:18,16,Tahap-1
01/09/2025,13,36,18,13:36:18,136,Tahap-1
01/09/2025,13,36,18,13:36:18,88,Tahap-1
01/09/2025,13,36,18,13:36:18,20,Tahap-1
01/09/2025,13,36,18,13:36:18,144,Tahap-1
01/09/2025,13,36,18,13:36:18,136,Tahap-1
01/09/2025,13,36,18,13:36:18,-20,Tahap-1
01/09/2025,13,36,18,13:36:18,216,Tahap-1
01/09/2025,13,36,18,13:36:18,52,Tahap-1
01/09/2025,13,36,18,13:36:18,48,Tahap-1
01/09/2025,13,36,19,13:36:19,148,Tahap-1
01/09/2025,13,36,19,13:36:19,44,Tahap-1
01/09/2025,13,36,19,13:36:19,72,Tahap-1
01/09/2025,13,36,19,13:36:19,60,Tahap-1
01/09/2025,13,36,19,13:36:19,40,Tahap-1
01/09/2025,13,36,19,13:36:19,112,Tahap-1
01/09/2025,13,36,19,13:36:19,168,Tahap-1
01/09/2025,13,36,19,13:36:19,-28,Tahap-1
01/09/2025,13,36,19,13:36:19,140,Tahap-1
01/09/2025,13,36,19,13:36:19,180,Tahap-1
01/09/2025,13,36,20,13:36:20,4,Tahap-1
01/09/2025,13,36,20,13:36:20,80,Tahap-1
01/09/2025,13,36,20,13:36:20,84,Tahap-1
01/09/2025,13,36,20,13:36:20,36,Tahap-1
01/09/2025,13,36,20,13:36:20,96,Tahap-1
01/09/2025,13,36,20,13:36:20,-12,Tahap-1
01/09/2025,13,36,20,13:36:20,80,Tahap-1
01/09/2025,13,36,20,13:36:20,112,Tahap-1
01/09/2025,13,36,20,13:36:20,8,Tahap-1
01/09/2025,13,36,20,13:36:20,52,Tahap-1
01/09/2025,13,36,21,13:36:21,144,Tahap-1
01/09/2025,13,36,21,13:36:21,108,Tahap-1
01/09/2025,13,36,21,13:36:21,36,Tahap-1
01/09/2025,13,36,21,13:36:21,112,Tahap-1
01/09/2025,13,36,21,13:36:21,116,Tahap-1
01/09/2025,13,36,21,13:36:21,16,Tahap-1
01/09/2025,13,36,21,13:36:21,56,Tahap-1
01/09/2025,13,36,21,13:36:21,56,Tahap-1
01/09/2025,13,36,21,13:36:21,156,Tahap-1
01/09/2025,13,36,21,13:36:21,32,Tahap-1
01/09/2025,13,36,22,13:36:22,80,Tahap-1
01/09/2025,13,36,22,13:36:22,56,Tahap-1
01/09/2025,13,36,22,13:36:22,152,Tahap-1
01/09/2025,13,36,22,13:36:22,-16,Tahap-1
01/09/2025,13,36,22,13:36:22,8,Tahap-1
01/09/2025,13,36,22,13:36:22,152,Tahap-1
01/09/2025,13,36,22,13:36:22,-24,Tahap-1
01/09/2025,13,36,22,13:36:22,56,Tahap-1
01/09/2025,13,36,22,13:36:22,40,Tahap-1
01/09/2025,13,36,22,13:36:22,108,Tahap-1
01/09/2025,13,36,23,13:36:23,48,Tahap-1
01/09/2025,13,36,23,13:36:23,96,Tahap-1
01/09/2025,13,36,23,13:36:23,36,Tahap-1
01/09/2025,13,36,23,13:36:23,80,Tahap-1
01/09/2025,13,36,23,13:36:23,140,Tahap-1
01/09/2025,13,36,23,13:36:23,-80,Tahap-1
01/09/2025,13,36,23,13:36:23,140,Tahap-1
01/09/2025,13,36,23,13:36:23,-32,Tahap-1
01/09/2025,13,36,23,13:36:23,8,Tahap-1
01/09/2025,13,36,24,13:36:24,148,Tahap-1
01/09/2025,13,36,24,13:36:24,-32,Tahap-1
01/09/2025,13,36,24,13:36:24,152,Tahap-1
01/09/2025,13,36,24,13:36:24,80,Tahap-1
01/09/2025,13,36,24,13:36:24,136,Tahap-1
01/09/2025,13,36,24,13:36:24,-44,Tahap-1
01/09/2025,13,36,24,13:36:24,104,Tahap-1
01/09/2025,13,36,24,13:36:24,72,Tahap-1
01/09/2025,13,36,24,13:36:24,-76,Tahap-1
01/09/2025,13,36,25,13:36:25,56,Tahap-1
01/09/2025,13,36,25,13:36:25,148,Tahap-1
01/09/2025,13,36,25,13:36:25,-12,Tahap-1
01/09/2025,13,36,25,13:36:25,116,Tahap-1
01/09/2025,13,36,25,13:36:25,132,Tahap-1
01/09/2025,13,36,25,13:36:25,-48,Tahap-1
01/09/2025,13,36,25,13:36:25,144,Tahap-1
01/09/2025,13,36,25,13:36:25,64,Tahap-1
01/09/2025,13,36,25,13:36:25,48,Tahap-1
01/09/2025,13,36,25,13:36:25,88,Tahap-1
01/09/2025,13,36,26,13:36:26,-16,Tahap-1
01/09/2025,13,36,26,13:36:26,-32,Tahap-1
01/09/2025,13,36,26,13:36:26,148,Tahap-1
01/09/2025,13,36,26,13:36:26,-60,Tahap-1
01/09/2025,13,36,26,13:36:26,56,Tahap-1
01/09/2025,13,36,50,13:36:50,3012,Tahap-1
01/09/2025,13,36,51,13:36:51,1178,Tahap-1
01/09/2025,13,36,51,13:36:51,1014,Tahap-1
01/09/2025,13,36,51,13:36:51,232,Tahap-1
01/09/2025,13,36,51,13:36:51,709,Tahap-1
01/09/2025,13,36,51,13:36:51,290,Tahap-1
01/09/2025,13,36,51,13:36:51,332,Tahap-1
01/09/2025,13,36,51,13:36:51,421,Tahap-1
01/09/2025,13,36,51,13:36:51,198,Tahap-1
01/09/2025,13,36,51,13:36:51,216,Tahap-1
01/09/2025,13,36,51,13:36:51,198,Tahap-1
01/09/2025,13,36,52,13:36:52,112,Tahap-1
01/09/2025,13,36,52,13:36:52,80,Tahap-1
01/09/2025,13,36,52,13:36:52,108,Tahap-1
01/09/2025,13,36,52,13:36:52,76,Tahap-1
01/09/2025,13,36,52,13:36:52,120,Tahap-1
01/09/2025,13,36,52,13:36:52,50,Tahap-1
01/09/2025,13,36,52,13:36:52,51,Tahap-1
01/09/2025,13,36,52,13:36:52,35,Tahap-1
01/09/2025,13,36,52,13:36:52,155,Tahap-1
01/09/2025,13,36,52,13:36:52,65,Tahap-1
01/09/2025,13,36,53,13:36:53,279,Tahap-1
01/09/2025,13,36,53,13:36:53,401,Tahap-1
01/09/2025,13,36,53,13:36:53,139,Tahap-1
01/09/2025,13,36,53,13:36:53,177,Tahap-1
01/09/2025,13,36,53,13:36:53,68,Tahap-1
01/09/2025,13,36,53,13:36:53,87,Tahap-1
01/09/2025,13,36,53,13:36:53,55,Tahap-1
01/09/2025,13,36,53,13:36:53,125,Tahap-1
01/09/2025,13,36,53,13:36:53,104,Tahap-1
01/09/2025,13,36,53,13:36:53,169,Tahap-1
01/09/2025,13,36,54,13:36:54,61,Tahap-1
01/09/2025,13,36,54,13:36:54,95,Tahap-1
01/09/2025,13,36,54,13:36:54,32,Tahap-1
01/09/2025,13,36,54,13:36:54,197,Tahap-1
01/09/2025,13,36,54,13:36:54,84,Tahap-1
01/09/2025,13,36,54,13:36:54,93,Tahap-1
01/09/2025,13,36,54,13:36:54,49,Tahap-1
01/09/2025,13,36,54,13:36:54,62,Tahap-1
01/09/2025,13,36,54,13:36:54,124,Tahap-1
01/09/2025,13,36,54,13:36:54,121,Tahap-1
01/09/2025,13,36,55,13:36:55,161,Tahap-1
01/09/2025,13,36,55,13:36:55,276,Tahap-1
01/09/2025,13,36,55,13:36:55,58,Tahap-1
01/09/2025,13,36,55,13:36:55,180,Tahap-1
01/09/2025,13,36,55,13:36:55,126,Tahap-1
01/09/2025,13,36,55,13:36:55,114,Tahap-1
01/09/2025,13,36,55,13:36:55,79,Tahap-1
01/09/2025,13,36,55,13:36:55,100,Tahap-1
01/09/2025,13,36,55,13:36:55,57,Tahap-1
01/09/2025,13,36,55,13:36:55,62,Tahap-1
01/09/2025,13,36,56,13:36:56,98,Tahap-1
01/09/2025,13,36,56,13:36:56,56,Tahap-1
01/09/2025,13,36,56,13:36:56,101,Tahap-1
01/09/2025,13,36,56,13:36:56,44,Tahap-1
01/09/2025,13,36,56,13:36:56,21,Tahap-1
01/09/2025,13,36,56,13:36:56,26,Tahap-1
01/09/2025,13,36,56,13:36:56,27,Tahap-1
01/09/2025,13,36,56,13:36:56,71,Tahap-1
01/09/2025,13,36,56,13:36:56,28,Tahap-1
01/09/2025,13,36,56,13:36:56,49,Tahap-1
01/09/2025,13,36,57,13:36:57,25,Tahap-1
01/09/2025,13,36,57,13:36:57,138,Tahap-1
01/09/2025,13,36,57,13:36:57,112,Tahap-1
01/09/2025,13,36,57,13:36:57,177,Tahap-1
01/09/2025,13,36,57,13:36:57,121,Tahap-1
01/09/2025,13,36,57,13:36:57,50,Tahap-1
01/09/2025,13,36,57,13:36:57,997,Tahap-1
01/09/2025,13,36,57,13:36:57,208,Tahap-1
01/09/2025,13,36,57,13:36:57,157,Tahap-1
01/09/2025,13,36,57,13:36:57,82,Tahap-1
01/09/2025,13,36,58,13:36:58,293,Tahap-1
01/09/2025,13,36,58,13:36:58,319,Tahap-1
01/09/2025,13,36,58,13:36:58,244,Tahap-1
01/09/2025,13,36,58,13:36:58,130,Tahap-1
01/09/2025,13,36,58,13:36:58,135,Tahap-1
01/09/2025,13,36,58,13:36:58,103,Tahap-1
01/09/2025,13,36,58,13:36:58,187,Tahap-1
01/09/2025,13,36,58,13:36:58,108,Tahap-1
01/09/2025,13,36,58,13:36:58,185,Tahap-1
01/09/2025,13,36,58,13:36:58,74,Tahap-1
01/09/2025,13,36,58,13:36:58,13,Tahap-1
01/09/2025,13,36,59,13:36:59,61,Tahap-1
01/09/2025,13,36,59,13:36:59,120,Tahap-1
01/09/2025,13,36,59,13:36:59,200,Tahap-1
01/09/2025,13,36,59,13:36:59,953,Tahap-1
01/09/2025,13,36,59,13:36:59,781,Tahap-1
01/09/2025,13,36,59,13:36:59,809,Tahap-1
01/09/2025,13,36,59,13:36:59,964,Tahap-1
01/09/2025,13,36,59,13:36:59,415,Tahap-1
01/09/2025,13,36,59,13:36:59,118,Tahap-1
01/09/2025,13,36,59,13:36:59,143,Tahap-1
01/09/2025,13,37,1,13:37:01,181,Tahap-1
01/09/2025,13,37,1,13:37:01,209,Tahap-1
01/09/2025,13,37,1,13:37:01,151,Tahap-1
01/09/2025,13,37,1,13:37:01,58,Tahap-1
01/09/2025,13,37,1,13:37:01,159,Tahap-1
01/09/2025,13,37,1,13:37:01,91,Tahap-1
01/09/2025,13,37,1,13:37:01,314,Tahap-1
01/09/2025,13,37,1,13:37:01,262,Tahap-1
01/09/2025,13,37,1,13:37:01,386,Tahap-1
01/09/2025,13,37,1,13:37:01,655,Tahap-1
01/09/2025,13,37,2,13:37:02,1037,Tahap-1
01/09/2025,13,37,2,13:37:02,1006,Tahap-1
01/09/2025,13,37,2,13:37:02,372,Tahap-1
01/09/2025,13,37,2,13:37:02,69,Tahap-1
01/09/2025,13,37,2,13:37:02,337,Tahap-1
01/09/2025,13,37,2,13:37:02,71,Tahap-1
01/09/2025,13,37,2,13:37:02,139,Tahap-1
01/09/2025,13,37,2,13:37:02,144,Tahap-1
01/09/2025,13,37,2,13:37:02,299,Tahap-1
01/09/2025,13,37,2,13:37:02,170,Tahap-1
01/09/2025,13,37,3,13:37:03,123,Tahap-1
01/09/2025,13,37,3,13:37:03,117,Tahap-1
01/09/2025,13,37,3,13:37:03,158,Tahap-1
01/09/2025,13,37,3,13:37:03,149,Tahap-1
01/09/2025,13,37,3,13:37:03,89,Tahap-1
01/09/2025,13,37,3,13:37:03,4,Tahap-1
01/09/2025,13,37,3,13:37:03,-208,Tahap-1
01/09/2025,13,37,3,13:37:03,-32,Tahap-1
01/09/2025,13,37,3,13:37:03,-168,Tahap-1
01/09/2025,13,37,3,13:37:03,-52,Tahap-1
01/09/2025,13,37,4,13:37:04,-144,Tahap-1
01/09/2025,13,37,4,13:37:04,8,Tahap-1
01/09/2025,13,37,4,13:37:04,-120,Tahap-1
01/09/2025,13,37,4,13:37:04,-24,Tahap-1
01/09/2025,13,37,4,13:37:04,-64,Tahap-1
01/09/2025,13,37,4,13:37:04,-152,Tahap-1
01/09/2025,13,37,4,13:37:04,56,Tahap-1
01/09/2025,13,37,4,13:37:04,-84,Tahap-1
01/09/2025,13,37,4,13:37:04,-60,Tahap-1
01/09/2025,13,37,4,13:37:04,-56,Tahap-1
01/09/2025,13,37,5,13:37:05,12,Tahap-1
01/09/2025,13,37,5,13:37:05,-84,Tahap-1
01/09/2025,13,37,5,13:37:05,-44,Tahap-1
01/09/2025,13,37,5,13:37:05,64,Tahap-1
01/09/2025,13,37,5,13:37:05,-52,Tahap-1
01/09/2025,13,37,5,13:37:05,-4,Tahap-1
01/09/2025,13,37,5,13:37:05,-68,Tahap-1
01/09/2025,13,37,5,13:37:05,32,Tahap-1
01/09/2025,13,37,5,13:37:05,-52,Tahap-1
01/09/2025,13,37,5,13:37:05,-4,Tahap-1
01/09/2025,13,37,6,13:37:06,-84,Tahap-1
01/09/2025,13,37,6,13:37:06,100,Tahap-1
01/09/2025,13,37,6,13:37:06,-16,Tahap-1
01/09/2025,13,37,6,13:37:06,-56,Tahap-1
01/09/2025,13,37,6,13:37:06,52,Tahap-1
01/09/2025,13,37,6,13:37:06,48,Tahap-1
01/09/2025,13,37,6,13:37:06,-28,Tahap-1
01/09/2025,13,37,6,13:37:06,-32,Tahap-1
01/09/2025,13,37,6,13:37:06,76,Tahap-1
01/09/2025,13,37,6,13:37:06,-100,Tahap-1
01/09/2025,13,37,7,13:37:07,-40,Tahap-1
01/09/2025,13,37,7,13:37:07,-52,Tahap-1
01/09/2025,13,37,7,13:37:07,-64,Tahap-1
01/09/2025,13,37,7,13:37:07,44,Tahap-1
01/09/2025,13,37,7,13:37:07,-80,Tahap-1
01/09/2025,13,37,7,13:37:07,-52,Tahap-1
01/09/2025,13,37,7,13:37:07,48,Tahap-1
01/09/2025,13,37,7,13:37:07,-136,Tahap-1
01/09/2025,13,37,7,13:37:07,100,Tahap-1
01/09/2025,13,37,8,13:37:08,16,Tahap-1
01/09/2025,13,37,8,13:37:08,-104,Tahap-1
01/09/2025,13,37,8,13:37:08,16,Tahap-1
01/09/2025,13,37,8,13:37:08,-4,Tahap-1
01/09/2025,13,37,8,13:37:08,60,Tahap-1
01/09/2025,13,37,8,13:37:08,16,Tahap-1
01/09/2025,13,37,8,13:37:08,36,Tahap-1
01/09/2025,13,37,8,13:37:08,16,Tahap-1
01/09/2025,13,37,8,13:37:08,76,Tahap-1
01/09/2025,13,37,8,13:37:08,64,Tahap-1
01/09/2025,13,37,9,13:37:09,-48,Tahap-1
01/09/2025,13,37,9,13:37:09,120,Tahap-1
01/09/2025,13,37,9,13:37:09,-88,Tahap-1
01/09/2025,13,37,9,13:37:09,24,Tahap-1
01/09/2025,13,37,9,13:37:09,116,Tahap-1
01/09/2025,13,37,9,13:37:09,80,Tahap-1
01/09/2025,13,37,9,13:37:09,16,Tahap-1
01/09/2025,13,37,9,13:37:09,-36,Tahap-1
01/09/2025,13,37,10,13:37:10,72,Tahap-1
01/09/2025,13,37,10,13:37:10,-68,Tahap-1
01/09/2025,13,37,10,13:37:10,28,Tahap-1
01/09/2025,13,37,10,13:37:10,16,Tahap-1
01/09/2025,13,37,10,13:37:10,-84,Tahap-1
01/09/2025,13,37,10,13:37:10,-64,Tahap-1
01/09/2025,13,37,10,13:37:10,40,Tahap-1
01/09/2025,13,37,10,13:37:10,32,Tahap-1
01/09/2025,13,37,10,13:37:10,-84,Tahap-1
01/09/2025,13,37,10,13:37:10,128,Tahap-1
01/09/2025,13,37,11,13:37:11,-72,Tahap-1
01/09/2025,13,37,11,13:37:11,-36,Tahap-1
01/09/2025,13,37,11,13:37:11,44,Tahap-1
01/09/2025,13,37,11,13:37:11,-12,Tahap-1
01/09/2025,13,37,11,13:37:11,4,Tahap-1
01/09/2025,13,37,11,13:37:11,-32,Tahap-1
01/09/2025,13,37,11,13:37:11,48,Tahap-1
01/09/2025,13,37,11,13:37:11,184,Tahap-1
01/09/2025,13,37,11,13:37:11,-4,Tahap-1
01/09/2025,13,37,12,13:37:12,92,Tahap-1
01/09/2025,13,37,12,13:37:12,112,Tahap-1
01/09/2025,13,37,12,13:37:12,32,Tahap-1
01/09/2025,13,37,12,13:37:12,40,Tahap-1
01/09/2025,13,37,12,13:37:12,140,Tahap-1
01/09/2025,13,37,12,13:37:12,104,Tahap-1
01/09/2025,13,37,12,13:37:12,-28,Tahap-1
01/09/2025,13,37,12,13:37:12,116,Tahap-1
01/09/2025,13,37,12,13:37:12,-76,Tahap-1
01/09/2025,13,37,12,13:37:12,144,Tahap-1
01/09/2025,13,37,13,13:37:13,36,Tahap-1
01/09/2025,13,37,13,13:37:13,24,Tahap-1
01/09/2025,13,37,13,13:37:13,100,Tahap-1
01/09/2025,13,37,13,13:37:13,96,Tahap-1
01/09/2025,13,37,13,13:37:13,-32,Tahap-1
01/09/2025,13,37,13,13:37:13,-40,Tahap-1
01/09/2025,13,37,13,13:37:13,144,Tahap-1
01/09/2025,13,37,13,13:37:13,-64,Tahap-1
01/09/2025,13,37,13,13:37:13,84,Tahap-1
01/09/2025,13,37,13,13:37:13,20,Tahap-1
01/09/2025,13,37,14,13:37:14,96,Tahap-1
01/09/2025,13,37,14,13:37:14,88,Tahap-1
01/09/2025,13,37,14,13:37:14,108,Tahap-1
01/09/2025,13,37,14,13:37:14,160,Tahap-1
01/09/2025,13,37,14,13:37:14,112,Tahap-1
01/09/2025,13,37,14,13:37:14,204,Tahap-1
01/09/2025,13,37,14,13:37:14,4,Tahap-1
01/09/2025,13,37,14,13:37:14,252,Tahap-1
01/09/2025,13,37,15,13:37:15,128,Tahap-1
01/09/2025,13,37,15,13:37:15,128,Tahap-1
01/09/2025,13,37,15,13:37:15,160,Tahap-1
01/09/2025,13,37,15,13:37:15,188,Tahap-1
01/09/2025,13,37,15,13:37:15,204,Tahap-1
01/09/2025,13,37,15,13:37:15,88,Tahap-1
01/09/2025,13,37,15,13:37:15,264,Tahap-1
01/09/2025,13,37,15,13:37:15,168,Tahap-1
01/09/2025,13,37,15,13:37:15,204,Tahap-1
01/09/2025,13,37,15,13:37:15,188,Tahap-1
01/09/2025,13,37,15,13:37:15,152,Tahap-1
01/09/2025,13,37,15,13:37:15,288,Tahap-1
01/09/2025,13,37,16,13:37:16,124,Tahap-1
01/09/2025,13,37,16,13:37:16,216,Tahap-1
01/09/2025,13,37,16,13:37:16,144,Tahap-1
01/09/2025,13,37,16,13:37:16,336,Tahap-1
01/09/2025,13,37,40,13:37:40,7759,Tahap-1
01/09/2025,13,37,40,13:37:40,2583,Tahap-1
01/09/2025,13,37,41,13:37:41,1952,Tahap-1
01/09/2025,13,37,41,13:37:41,1328,Tahap-1
01/09/2025,13,37,41,13:37:41,739,Tahap-1
01/09/2025,13,37,41,13:37:41,759,Tahap-1
01/09/2025,13,37,41,13:37:41,383,Tahap-1
01/09/2025,13,37,41,13:37:41,647,Tahap-1
01/09/2025,13,37,41,13:37:41,951,Tahap-1
01/09/2025,13,37,41,13:37:41,457,Tahap-1
01/09/2025,13,37,41,13:37:41,486,Tahap-1
01/09/2025,13,37,41,13:37:41,614,Tahap-1
01/09/2025,13,37,42,13:37:42,502,Tahap-1
01/09/2025,13,37,42,13:37:42,523,Tahap-1
01/09/2025,13,37,42,13:37:42,361,Tahap-1
01/09/2025,13,37,42,13:37:42,422,Tahap-1
01/09/2025,13,37,42,13:37:42,294,Tahap-1
01/09/2025,13,37,42,13:37:42,246,Tahap-1
01/09/2025,13,37,42,13:37:42,107,Tahap-1
01/09/2025,13,37,42,13:37:42,183,Tahap-1
01/09/2025,13,37,42,13:37:42,212,Tahap-1
01/09/2025,13,37,42,13:37:42,195,Tahap-1
01/09/2025,13,37,43,13:37:43,248,Tahap-1
01/09/2025,13,37,43,13:37:43,420,Tahap-1
01/09/2025,13,37,43,13:37:43,200,Tahap-1
01/09/2025,13,37,43,13:37:43,233,Tahap-1
01/09/2025,13,37,43,13:37:43,218,Tahap-1
01/09/2025,13,37,43,13:37:43,211,Tahap-1
01/09/2025,13,37,43,13:37:43,98,Tahap-1
01/09/2025,13,37,43,13:37:43,256,Tahap-1
01/09/2025,13,37,43,13:37:43,201,Tahap-1
01/09/2025,13,37,43,13:37:43,83,Tahap-1
01/09/2025,13,37,44,13:37:44,126,Tahap-1
01/09/2025,13,37,44,13:37:44,136,Tahap-1
01/09/2025,13,37,44,13:37:44,300,Tahap-1
01/09/2025,13,37,44,13:37:44,147,Tahap-1
01/09/2025,13,37,44,13:37:44,103,Tahap-1
01/09/2025,13,37,44,13:37:44,75,Tahap-1
01/09/2025,13,37,44,13:37:44,140,Tahap-1
01/09/2025,13,37,44,13:37:44,220,Tahap-1
01/09/2025,13,37,45,13:37:45,116,Tahap-1
01/09/2025,13,37,45,13:37:45,186,Tahap-1
01/09/2025,13,37,45,13:37:45,299,Tahap-1
01/09/2025,13,37,45,13:37:45,229,Tahap-1
01/09/2025,13,37,45,13:37:45,337,Tahap-1
01/09/2025,13,37,45,13:37:45,50,Tahap-1
01/09/2025,13,37,45,13:37:45,39,Tahap-1
01/09/2025,13,37,45,13:37:45,47,Tahap-1
01/09/2025,13,37,45,13:37:45,32,Tahap-1
01/09/2025,13,37,45,13:37:45,120,Tahap-1
01/09/2025,13,37,45,13:37:45,54,Tahap-1
01/09/2025,13,37,45,13:37:45,199,Tahap-1
01/09/2025,13,37,46,13:37:46,200,Tahap-1
01/09/2025,13,37,46,13:37:46,74,Tahap-1
01/09/2025,13,37,46,13:37:46,65,Tahap-1
01/09/2025,13,37,46,13:37:46,20,Tahap-1
01/09/2025,13,37,46,13:37:46,55,Tahap-1
01/09/2025,13,37,46,13:37:46,65,Tahap-1
01/09/2025,13,37,46,13:37:46,58,Tahap-1
01/09/2025,13,37,46,13:37:46,61,Tahap-1
01/09/2025,13,37,46,13:37:46,154,Tahap-1
01/09/2025,13,37,46,13:37:46,121,Tahap-1
01/09/2025,13,37,47,13:37:47,45,Tahap-1
01/09/2025,13,37,47,13:37:47,14,Tahap-1
01/09/2025,13,37,47,13:37:47,62,Tahap-1
01/09/2025,13,37,47,13:37:47,82,Tahap-1
01/09/2025,13,37,47,13:37:47,370,Tahap-1
01/09/2025,13,37,47,13:37:47,782,Tahap-1
01/09/2025,13,37,47,13:37:47,475,Tahap-1
01/09/2025,13,37,47,13:37:47,144,Tahap-1
01/09/2025,13,37,47,13:37:47,47,Tahap-1
01/09/2025,13,37,47,13:37:47,183,Tahap-1
01/09/2025,13,37,48,13:37:48,178,Tahap-1
01/09/2025,13,37,48,13:37:48,36,Tahap-1
01/09/2025,13,37,48,13:37:48,143,Tahap-1
01/09/2025,13,37,48,13:37:48,113,Tahap-1
01/09/2025,13,37,48,13:37:48,101,Tahap-1
01/09/2025,13,37,48,13:37:48,103,Tahap-1
01/09/2025,13,37,48,13:37:48,48,Tahap-1
01/09/2025,13,37,48,13:37:48,22,Tahap-1
01/09/2025,13,37,48,13:37:48,55,Tahap-1
01/09/2025,13,37,48,13:37:48,22,Tahap-1
01/09/2025,13,37,49,13:37:49,41,Tahap-1
01/09/2025,13,37,49,13:37:49,104,Tahap-1
01/09/2025,13,37,49,13:37:49,272,Tahap-1
01/09/2025,13,37,49,13:37:49,571,Tahap-1
01/09/2025,13,37,49,13:37:49,575,Tahap-1
01/09/2025,13,37,49,13:37:49,614,Tahap-1
01/09/2025,13,37,49,13:37:49,1135,Tahap-1
01/09/2025,13,37,49,13:37:49,264,Tahap-1
01/09/2025,13,37,49,13:37:49,197,Tahap-1
01/09/2025,13,37,49,13:37:49,393,Tahap-1
01/09/2025,13,37,50,13:37:50,136,Tahap-1
01/09/2025,13,37,50,13:37:50,119,Tahap-1
01/09/2025,13,37,50,13:37:50,47,Tahap-1
01/09/2025,13,37,50,13:37:50,99,Tahap-1
01/09/2025,13,37,50,13:37:50,80,Tahap-1
01/09/2025,13,37,50,13:37:50,80,Tahap-1
01/09/2025,13,37,50,13:37:50,70,Tahap-1
01/09/2025,13,37,50,13:37:50,113,Tahap-1
01/09/2025,13,37,50,13:37:50,67,Tahap-1
01/09/2025,13,37,50,13:37:50,179,Tahap-1
01/09/2025,13,37,51,13:37:51,38,Tahap-1
01/09/2025,13,37,51,13:37:51,143,Tahap-1
01/09/2025,13,37,51,13:37:51,66,Tahap-1
01/09/2025,13,37,51,13:37:51,79,Tahap-1
01/09/2025,13,37,51,13:37:51,182,Tahap-1
01/09/2025,13,37,51,13:37:51,39,Tahap-1
01/09/2025,13,37,51,13:37:51,178,Tahap-1
01/09/2025,13,37,51,13:37:51,211,Tahap-1
01/09/2025,13,37,51,13:37:51,593,Tahap-1
01/09/2025,13,37,51,13:37:51,347,Tahap-1
01/09/2025,13,37,52,13:37:52,714,Tahap-1
01/09/2025,13,37,52,13:37:52,617,Tahap-1
01/09/2025,13,37,52,13:37:52,786,Tahap-1
01/09/2025,13,37,52,13:37:52,509,Tahap-1
01/09/2025,13,37,52,13:37:52,415,Tahap-1
01/09/2025,13,37,52,13:37:52,38,Tahap-1
01/09/2025,13,37,52,13:37:52,174,Tahap-1
01/09/2025,13,37,52,13:37:52,85,Tahap-1
01/09/2025,13,37,52,13:37:52,220,Tahap-1
01/09/2025,13,37,52,13:37:52,184,Tahap-1
01/09/2025,13,37,53,13:37:53,315,Tahap-1
01/09/2025,13,37,53,13:37:53,84,Tahap-1
01/09/2025,13,37,53,13:37:53,120,Tahap-1
01/09/2025,13,37,53,13:37:53,213,Tahap-1
01/09/2025,13,37,53,13:37:53,289,Tahap-1
01/09/2025,13,37,53,13:37:53,-108,Tahap-1
01/09/2025,13,37,53,13:37:53,-152,Tahap-1
01/09/2025,13,37,53,13:37:53,-40,Tahap-1
01/09/2025,13,37,53,13:37:53,-152,Tahap-1
01/09/2025,13,37,53,13:37:53,8,Tahap-1
01/09/2025,13,37,54,13:37:54,-124,Tahap-1
01/09/2025,13,37,54,13:37:54,-184,Tahap-1
01/09/2025,13,37,54,13:37:54,12,Tahap-1
01/09/2025,13,37,54,13:37:54,-216,Tahap-1
01/09/2025,13,37,54,13:37:54,-140,Tahap-1
01/09/2025,13,37,54,13:37:54,-140,Tahap-1
01/09/2025,13,37,54,13:37:54,-16,Tahap-1
01/09/2025,13,37,54,13:37:54,-192,Tahap-1
01/09/2025,13,37,54,13:37:54,-40,Tahap-1
01/09/2025,13,37,54,13:37:54,-96,Tahap-1
01/09/2025,13,37,55,13:37:55,-120,Tahap-1
01/09/2025,13,37,55,13:37:55,-48,Tahap-1
01/09/2025,13,37,55,13:37:55,-204,Tahap-1
01/09/2025,13,37,55,13:37:55,-80,Tahap-1
01/09/2025,13,37,55,13:37:55,-128,Tahap-1
01/09/2025,13,37,55,13:37:55,-192,Tahap-1
01/09/2025,13,37,55,13:37:55,-124,Tahap-1
01/09/2025,13,37,55,13:37:55,-40,Tahap-1
01/09/2025,13,37,55,13:37:55,-188,Tahap-1
01/09/2025,13,37,55,13:37:55,-132,Tahap-1
01/09/2025,13,37,56,13:37:56,-84,Tahap-1
01/09/2025,13,37,56,13:37:56,-220,Tahap-1
01/09/2025,13,37,56,13:37:56,-64,Tahap-1
01/09/2025,13,37,56,13:37:56,-220,Tahap-1
01/09/2025,13,37,56,13:37:56,-136,Tahap-1
01/09/2025,13,37,56,13:37:56,-236,Tahap-1
01/09/2025,13,37,56,13:37:56,-232,Tahap-1
01/09/2025,13,37,56,13:37:56,-288,Tahap-1
01/09/2025,13,37,56,13:37:56,-96,Tahap-1
01/09/2025,13,37,56,13:37:56,-172,Tahap-1
01/09/2025,13,37,57,13:37:57,-240,Tahap-1
01/09/2025,13,37,57,13:37:57,-84,Tahap-1
01/09/2025,13,37,57,13:37:57,-252,Tahap-1
01/09/2025,13,37,57,13:37:57,-172,Tahap-1
01/09/2025,13,37,57,13:37:57,-196,Tahap-1
01/09/2025,13,37,57,13:37:57,-224,Tahap-1
01/09/2025,13,37,57,13:37:57,-168,Tahap-1
01/09/2025,13,37,57,13:37:57,-176,Tahap-1
01/09/2025,13,37,57,13:37:57,-252,Tahap-1
01/09/2025,13,37,57,13:37:57,-156,Tahap-1
01/09/2025,13,37,58,13:37:58,-116,Tahap-1
01/09/2025,13,37,58,13:37:58,-284,Tahap-1
01/09/2025,13,37,58,13:37:58,-80,Tahap-1
01/09/2025,13,37,58,13:37:58,-196,Tahap-1
01/09/2025,13,37,58,13:37:58,-192,Tahap-1
01/09/2025,13,37,58,13:37:58,-244,Tahap-1
01/09/2025,13,37,58,13:37:58,-76,Tahap-1
01/09/2025,13,37,58,13:37:58,-312,Tahap-1
01/09/2025,13,37,58,13:37:58,-164,Tahap-1
01/09/2025,13,37,58,13:37:58,-252,Tahap-1
01/09/2025,13,37,59,13:37:59,-204,Tahap-1
01/09/2025,13,37,59,13:37:59,-160,Tahap-1
01/09/2025,13,37,59,13:37:59,-200,Tahap-1
01/09/2025,13,37,59,13:37:59,-212,Tahap-1
01/09/2025,13,37,59,13:37:59,-148,Tahap-1
01/09/2025,13,37,59,13:37:59,-196,Tahap-1
01/09/2025,13,37,59,13:37:59,-300,Tahap-1
01/09/2025,13,37,59,13:37:59,-180,Tahap-1
01/09/2025,13,37,59,13:37:59,-188,Tahap-1
01/09/2025,13,37,59,13:37:59,-320,Tahap-1
01/09/2025,13,38,1,13:38:01,-224,Tahap-1
01/09/2025,13,38,1,13:38:01,-196,Tahap-1
01/09/2025,13,38,1,13:38:01,-132,Tahap-1
01/09/2025,13,38,1,13:38:01,-152,Tahap-1
01/09/2025,13,38,1,13:38:01,-152,Tahap-1
01/09/2025,13,38,1,13:38:01,-164,Tahap-1
01/09/2025,13,38,1,13:38:01,-80,Tahap-1
01/09/2025,13,38,1,13:38:01,-244,Tahap-1
01/09/2025,13,38,1,13:38:01,-40,Tahap-1
01/09/2025,13,38,1,13:38:01,-320,Tahap-1
01/09/2025,13,38,2,13:38:02,-124,Tahap-1
01/09/2025,13,38,2,13:38:02,-204,Tahap-1
01/09/2025,13,38,2,13:38:02,-216,Tahap-1
01/09/2025,13,38,2,13:38:02,-236,Tahap-1
01/09/2025,13,38,2,13:38:02,-160,Tahap-1
01/09/2025,13,38,2,13:38:02,-196,Tahap-1
01/09/2025,13,38,2,13:38:02,-284,Tahap-1
01/09/2025,13,38,2,13:38:02,-156,Tahap-1
01/09/2025,13,38,2,13:38:02,-188,Tahap-1
01/09/2025,13,38,2,13:38:02,-188,Tahap-1
01/09/2025,13,38,3,13:38:03,-156,Tahap-1
01/09/2025,13,38,3,13:38:03,-212,Tahap-1
01/09/2025,13,38,3,13:38:03,-176,Tahap-1
01/09/2025,13,38,3,13:38:03,-300,Tahap-1
01/09/2025,13,38,3,13:38:03,-144,Tahap-1
01/09/2025,13,38,3,13:38:03,-276,Tahap-1
01/09/2025,13,38,3,13:38:03,-44,Tahap-1
01/09/2025,13,38,3,13:38:03,-284,Tahap-1
01/09/2025,13,38,3,13:38:03,-268,Tahap-1
01/09/2025,13,38,3,13:38:03,-176,Tahap-1
01/09/2025,13,38,4,13:38:04,-168,Tahap-1
01/09/2025,13,38,4,13:38:04,-228,Tahap-1
01/09/2025,13,38,4,13:38:04,-196,Tahap-1
01/09/2025,13,38,4,13:38:04,-188,Tahap-1
01/09/2025,13,38,4,13:38:04,-256,Tahap-1
01/09/2025,13,38,4,13:38:04,-168,Tahap-1
01/09/2025,13,38,4,13:38:04,-244,Tahap-1
01/09/2025,13,38,4,13:38:04,-116,Tahap-1
01/09/2025,13,38,4,13:38:04,-28,Tahap-1
01/09/2025,13,38,4,13:38:04,-260,Tahap-1
01/09/2025,13,38,5,13:38:05,-88,Tahap-1
01/09/2025,13,38,5,13:38:05,-112,Tahap-1
01/09/2025,13,38,5,13:38:05,-96,Tahap-1
01/09/2025,13,38,5,13:38:05,-256,Tahap-1
01/09/2025,13,38,5,13:38:05,-44,Tahap-1
01/09/2025,13,38,5,13:38:05,-292,Tahap-1
01/09/2025,13,38,5,13:38:05,-212,Tahap-1
01/09/2025,13,38,5,13:38:05,-180,Tahap-1
01/09/2025,13,38,5,13:38:05,-220,Tahap-1
01/09/2025,13,38,5,13:38:05,-92,Tahap-1
01/09/2025,13,38,6,13:38:06,-144,Tahap-1
01/09/2025,13,38,6,13:38:06,-212,Tahap-1
01/09/2025,13,38,6,13:38:06,-168,Tahap-1
01/09/2025,13,38,6,13:38:06,-112,Tahap-1
01/09/2025,13,38,30,13:38:30,5368,Tahap-1
01/09/2025,13,38,30,13:38:30,1079,Tahap-1
01/09/2025,13,38,30,13:38:30,807,Tahap-1
01/09/2025,13,38,31,13:38:31,1288,Tahap-1
01/09/2025,13,38,31,13:38:31,928,Tahap-1
01/09/2025,13,38,31,13:38:31,412,Tahap-1
01/09/2025,13,38,31,13:38:31,324,Tahap-1
01/09/2025,13,38,31,13:38:31,459,Tahap-1
01/09/2025,13,38,31,13:38:31,391,Tahap-1
01/09/2025,13,38,31,13:38:31,339,Tahap-1
01/09/2025,13,38,31,13:38:31,246,Tahap-1
01/09/2025,13,38,31,13:38:31,288,Tahap-1
01/09/2025,13,38,31,13:38:31,168,Tahap-1
01/09/2025,13,38,32,13:38:32,154,Tahap-1
01/09/2025,13,38,32,13:38:32,164,Tahap-1
01/09/2025,13,38,32,13:38:32,254,Tahap-1
01/09/2025,13,38,32,13:38:32,180,Tahap-1
01/09/2025,13,38,32,13:38:32,209,Tahap-1
01/09/2025,13,38,32,13:38:32,142,Tahap-1
01/09/2025,13,38,32,13:38:32,264,Tahap-1
01/09/2025,13,38,32,13:38:32,124,Tahap-1
01/09/2025,13,38,32,13:38:32,205,Tahap-1
01/09/2025,13,38,32,13:38:32,232,Tahap-1
01/09/2025,13,38,33,13:38:33,289,Tahap-1
01/09/2025,13,38,33,13:38:33,93,Tahap-1
01/09/2025,13,38,33,13:38:33,181,Tahap-1
01/09/2025,13,38,33,13:38:33,63,Tahap-1
01/09/2025,13,38,33,13:38:33,166,Tahap-1
01/09/2025,13,38,33,13:38:33,88,Tahap-1
01/09/2025,13,38,33,13:38:33,94,Tahap-1
01/09/2025,13,38,33,13:38:33,126,Tahap-1
01/09/2025,13,38,33,13:38:33,218,Tahap-1
01/09/2025,13,38,33,13:38:33,190,Tahap-1
01/09/2025,13,38,34,13:38:34,32,Tahap-1
01/09/2025,13,38,34,13:38:34,90,Tahap-1
01/09/2025,13,38,34,13:38:34,223,Tahap-1
01/09/2025,13,38,34,13:38:34,172,Tahap-1
01/09/2025,13,38,34,13:38:34,70,Tahap-1
01/09/2025,13,38,34,13:38:34,44,Tahap-1
01/09/2025,13,38,34,13:38:34,150,Tahap-1
01/09/2025,13,38,34,13:38:34,146,Tahap-1
01/09/2025,13,38,34,13:38:34,105,Tahap-1
01/09/2025,13,38,34,13:38:34,188,Tahap-1
01/09/2025,13,38,35,13:38:35,185,Tahap-1
01/09/2025,13,38,35,13:38:35,82,Tahap-1
01/09/2025,13,38,35,13:38:35,151,Tahap-1
01/09/2025,13,38,35,13:38:35,81,Tahap-1
01/09/2025,13,38,35,13:38:35,111,Tahap-1
01/09/2025,13,38,35,13:38:35,47,Tahap-1
01/09/2025,13,38,35,13:38:35,105,Tahap-1
01/09/2025,13,38,35,13:38:35,134,Tahap-1
01/09/2025,13,38,35,13:38:35,53,Tahap-1
01/09/2025,13,38,35,13:38:35,37,Tahap-1
01/09/2025,13,38,36,13:38:36,85,Tahap-1
01/09/2025,13,38,36,13:38:36,165,Tahap-1
01/09/2025,13,38,36,13:38:36,92,Tahap-1
01/09/2025,13,38,36,13:38:36,129,Tahap-1
01/09/2025,13,38,36,13:38:36,82,Tahap-1
01/09/2025,13,38,36,13:38:36,122,Tahap-1
01/09/2025,13,38,36,13:38:36,121,Tahap-1
01/09/2025,13,38,36,13:38:36,105,Tahap-1
01/09/2025,13,38,36,13:38:36,109,Tahap-1
01/09/2025,13,38,36,13:38:36,209,Tahap-1
01/09/2025,13,38,37,13:38:37,55,Tahap-1
01/09/2025,13,38,37,13:38:37,347,Tahap-1
01/09/2025,13,38,37,13:38:37,81,Tahap-1
01/09/2025,13,38,37,13:38:37,381,Tahap-1
01/09/2025,13,38,37,13:38:37,492,Tahap-1
01/09/2025,13,38,37,13:38:37,703,Tahap-1
01/09/2025,13,38,37,13:38:37,221,Tahap-1
01/09/2025,13,38,37,13:38:37,147,Tahap-1
01/09/2025,13,38,37,13:38:37,215,Tahap-1
01/09/2025,13,38,37,13:38:37,117,Tahap-1
01/09/2025,13,38,38,13:38:38,112,Tahap-1
01/09/2025,13,38,38,13:38:38,130,Tahap-1
01/09/2025,13,38,38,13:38:38,105,Tahap-1
01/09/2025,13,38,38,13:38:38,51,Tahap-1
01/09/2025,13,38,38,13:38:38,113,Tahap-1
01/09/2025,13,38,38,13:38:38,220,Tahap-1
01/09/2025,13,38,38,13:38:38,104,Tahap-1
01/09/2025,13,38,38,13:38:38,21,Tahap-1
01/09/2025,13,38,38,13:38:38,30,Tahap-1
01/09/2025,13,38,38,13:38:38,190,Tahap-1
01/09/2025,13,38,39,13:38:39,176,Tahap-1
01/09/2025,13,38,39,13:38:39,162,Tahap-1
01/09/2025,13,38,39,13:38:39,265,Tahap-1
01/09/2025,13,38,39,13:38:39,474,Tahap-1
01/09/2025,13,38,39,13:38:39,724,Tahap-1
01/09/2025,13,38,39,13:38:39,1590,Tahap-1
01/09/2025,13,38,39,13:38:39,305,Tahap-1
01/09/2025,13,38,39,13:38:39,149,Tahap-1
01/09/2025,13,38,39,13:38:39,165,Tahap-1
01/09/2025,13,38,39,13:38:39,588,Tahap-1
01/09/2025,13,38,40,13:38:40,331,Tahap-1
01/09/2025,13,38,40,13:38:40,152,Tahap-1
01/09/2025,13,38,40,13:38:40,59,Tahap-1
01/09/2025,13,38,40,13:38:40,262,Tahap-1
01/09/2025,13,38,40,13:38:40,192,Tahap-1
01/09/2025,13,38,40,13:38:40,91,Tahap-1
01/09/2025,13,38,40,13:38:40,143,Tahap-1
01/09/2025,13,38,40,13:38:40,89,Tahap-1
01/09/2025,13,38,40,13:38:40,172,Tahap-1
01/09/2025,13,38,40,13:38:40,67,Tahap-1
01/09/2025,13,38,41,13:38:41,55,Tahap-1
01/09/2025,13,38,41,13:38:41,134,Tahap-1
01/09/2025,13,38,41,13:38:41,104,Tahap-1
01/09/2025,13,38,41,13:38:41,99,Tahap-1
01/09/2025,13,38,41,13:38:41,74,Tahap-1
01/09/2025,13,38,41,13:38:41,45,Tahap-1
01/09/2025,13,38,41,13:38:41,139,Tahap-1
01/09/2025,13,38,41,13:38:41,462,Tahap-1
01/09/2025,13,38,41,13:38:41,326,Tahap-1
01/09/2025,13,38,41,13:38:41,759,Tahap-1
01/09/2025,13,38,42,13:38:42,427,Tahap-1
01/09/2025,13,38,42,13:38:42,694,Tahap-1
01/09/2025,13,38,42,13:38:42,528,Tahap-1
01/09/2025,13,38,42,13:38:42,250,Tahap-1
01/09/2025,13,38,42,13:38:42,183,Tahap-1
01/09/2025,13,38,42,13:38:42,78,Tahap-1
01/09/2025,13,38,42,13:38:42,103,Tahap-1
01/09/2025,13,38,42,13:38:42,186,Tahap-1
01/09/2025,13,38,42,13:38:42,138,Tahap-1
01/09/2025,13,38,42,13:38:42,121,Tahap-1
01/09/2025,13,38,43,13:38:43,204,Tahap-1
01/09/2025,13,38,43,13:38:43,40,Tahap-1
01/09/2025,13,38,43,13:38:43,148,Tahap-1
01/09/2025,13,38,43,13:38:43,95,Tahap-1
01/09/2025,13,38,43,13:38:43,48,Tahap-1
01/09/2025,13,38,43,13:38:43,-32,Tahap-1
01/09/2025,13,38,43,13:38:43,36,Tahap-1
01/09/2025,13,38,43,13:38:43,-4,Tahap-1
01/09/2025,13,38,43,13:38:43,-92,Tahap-1
01/09/2025,13,38,44,13:38:44,40,Tahap-1
01/09/2025,13,38,44,13:38:44,-16,Tahap-1
01/09/2025,13,38,44,13:38:44,-152,Tahap-1
01/09/2025,13,38,44,13:38:44,52,Tahap-1
01/09/2025,13,38,44,13:38:44,-92,Tahap-1
01/09/2025,13,38,44,13:38:44,-84,Tahap-1
01/09/2025,13,38,44,13:38:44,-36,Tahap-1
01/09/2025,13,38,44,13:38:44,-16,Tahap-1
