Tanggal,Jam,Menit,Detik,Waktu,frekuensi,label
01/21/2025,13,38,50,13:38:50,78,Tahap-3
01/21/2025,13,38,50,13:38:50,41,Tahap-3
01/21/2025,13,38,50,13:38:50,66,Tahap-3
01/21/2025,13,38,50,13:38:50,30,Tahap-3
01/21/2025,13,38,50,13:38:50,45,Tahap-3
01/21/2025,13,38,50,13:38:50,42,Tahap-3
01/21/2025,13,38,50,13:38:50,58,Tahap-3
01/21/2025,13,38,50,13:38:50,49,Tahap-3
01/21/2025,13,38,50,13:38:50,20,Tahap-3
01/21/2025,13,38,50,13:38:50,75,Tahap-3
01/21/2025,13,38,50,13:38:50,20,Tahap-3
01/21/2025,13,38,50,13:38:50,68,Tahap-3
01/21/2025,13,38,50,13:38:50,58,Tahap-3
01/21/2025,13,38,50,13:38:50,46,Tahap-3
01/21/2025,13,38,50,13:38:50,54,Tahap-3
01/21/2025,13,38,50,13:38:50,48,Tahap-3
01/21/2025,13,38,50,13:38:50,54,Tahap-3
01/21/2025,13,38,50,13:38:50,25,Tahap-3
01/21/2025,13,38,50,13:38:50,42,Tahap-3
01/21/2025,13,38,50,13:38:50,40,Tahap-3
01/21/2025,13,38,50,13:38:50,24,Tahap-3
01/21/2025,13,38,50,13:38:50,33,Tahap-3
01/21/2025,13,38,50,13:38:50,21,Tahap-3
01/21/2025,13,38,50,13:38:50,22,Tahap-3
01/21/2025,13,38,50,13:38:50,33,Tahap-3
01/21/2025,13,38,50,13:38:50,39,Tahap-3
01/21/2025,13,38,50,13:38:50,35,Tahap-3
01/21/2025,13,38,50,13:38:50,40,Tahap-3
01/21/2025,13,38,51,13:38:51,43,Tahap-3
01/21/2025,13,38,51,13:38:51,40,Tahap-3
01/21/2025,13,38,51,13:38:51,16,Tahap-3
01/21/2025,13,38,51,13:38:51,23,Tahap-3
01/21/2025,13,38,51,13:38:51,64,Tahap-3
01/21/2025,13,38,51,13:38:51,60,Tahap-3
01/21/2025,13,38,51,13:38:51,7,Tahap-3
01/21/2025,13,38,51,13:38:51,32,Tahap-3
01/21/2025,13,38,51,13:38:51,54,Tahap-3
01/21/2025,13,38,51,13:38:51,28,Tahap-3
01/21/2025,13,38,52,13:38:52,10,Tahap-3
01/21/2025,13,38,52,13:38:52,48,Tahap-3
01/21/2025,13,38,52,13:38:52,7,Tahap-3
01/21/2025,13,38,52,13:38:52,23,Tahap-3
01/21/2025,13,38,52,13:38:52,16,Tahap-3
01/21/2025,13,38,52,13:38:52,9,Tahap-3
01/21/2025,13,38,52,13:38:52,30,Tahap-3
01/21/2025,13,38,52,13:38:52,20,Tahap-3
01/21/2025,13,38,52,13:38:52,23,Tahap-3
01/21/2025,13,38,52,13:38:52,38,Tahap-3
01/21/2025,13,38,53,13:38:53,30,Tahap-3
01/21/2025,13,38,53,13:38:53,32,Tahap-3
01/21/2025,13,38,53,13:38:53,21,Tahap-3
01/21/2025,13,38,53,13:38:53,10,Tahap-3
01/21/2025,13,38,53,13:38:53,45,Tahap-3
01/21/2025,13,38,53,13:38:53,55,Tahap-3
01/21/2025,13,38,53,13:38:53,7,Tahap-3
01/21/2025,13,38,53,13:38:53,7,Tahap-3
01/21/2025,13,38,53,13:38:53,26,Tahap-3
01/21/2025,13,38,53,13:38:53,61,Tahap-3
01/21/2025,13,38,54,13:38:54,28,Tahap-3
01/21/2025,13,38,54,13:38:54,30,Tahap-3
01/21/2025,13,38,54,13:38:54,28,Tahap-3
01/21/2025,13,38,54,13:38:54,33,Tahap-3
01/21/2025,13,38,54,13:38:54,60,Tahap-3
01/21/2025,13,38,54,13:38:54,22,Tahap-3
01/21/2025,13,38,54,13:38:54,21,Tahap-3
01/21/2025,13,38,54,13:38:54,10,Tahap-3
01/21/2025,13,38,54,13:38:54,14,Tahap-3
01/21/2025,13,38,54,13:38:54,43,Tahap-3
01/21/2025,13,38,55,13:38:55,46,Tahap-3
01/21/2025,13,38,55,13:38:55,5,Tahap-3
01/21/2025,13,38,55,13:38:55,16,Tahap-3
01/21/2025,13,38,55,13:38:55,8,Tahap-3
01/21/2025,13,38,55,13:38:55,45,Tahap-3
01/21/2025,13,38,55,13:38:55,9,Tahap-3
01/21/2025,13,38,55,13:38:55,44,Tahap-3
01/21/2025,13,38,55,13:38:55,57,Tahap-3
01/21/2025,13,38,55,13:38:55,21,Tahap-3
01/21/2025,13,38,55,13:38:55,42,Tahap-3
01/21/2025,13,38,56,13:38:56,24,Tahap-3
01/21/2025,13,38,56,13:38:56,54,Tahap-3
01/21/2025,13,38,56,13:38:56,3,Tahap-3
01/21/2025,13,38,56,13:38:56,55,Tahap-3
01/21/2025,13,38,56,13:38:56,25,Tahap-3
01/21/2025,13,38,56,13:38:56,43,Tahap-3
01/21/2025,13,38,56,13:38:56,24,Tahap-3
01/21/2025,13,38,56,13:38:56,13,Tahap-3
01/21/2025,13,38,56,13:38:56,21,Tahap-3
01/21/2025,13,38,56,13:38:56,54,Tahap-3
01/21/2025,13,38,57,13:38:57,37,Tahap-3
01/21/2025,13,38,57,13:38:57,20,Tahap-3
01/21/2025,13,38,57,13:38:57,17,Tahap-3
01/21/2025,13,38,57,13:38:57,66,Tahap-3
01/21/2025,13,38,57,13:38:57,50,Tahap-3
01/21/2025,13,38,57,13:38:57,18,Tahap-3
01/21/2025,13,38,57,13:38:57,107,Tahap-3
01/21/2025,13,38,57,13:38:57,61,Tahap-3
01/21/2025,13,38,57,13:38:57,107,Tahap-3
01/21/2025,13,38,57,13:38:57,10,Tahap-3
01/21/2025,13,38,58,13:38:58,86,Tahap-3
01/21/2025,13,38,58,13:38:58,66,Tahap-3
01/21/2025,13,38,58,13:38:58,43,Tahap-3
01/21/2025,13,38,58,13:38:58,29,Tahap-3
01/21/2025,13,38,58,13:38:58,127,Tahap-3
01/21/2025,13,38,58,13:38:58,84,Tahap-3
01/21/2025,13,38,58,13:38:58,39,Tahap-3
01/21/2025,13,38,58,13:38:58,45,Tahap-3
01/21/2025,13,38,58,13:38:58,42,Tahap-3
01/21/2025,13,38,58,13:38:58,52,Tahap-3
01/21/2025,13,38,59,13:38:59,-2,Tahap-3
01/21/2025,13,38,59,13:38:59,2,Tahap-3
01/21/2025,13,38,59,13:38:59,-6,Tahap-3
01/21/2025,13,38,59,13:38:59,2,Tahap-3
01/21/2025,13,38,59,13:38:59,-3,Tahap-3
01/21/2025,13,38,59,13:38:59,1,Tahap-3
01/21/2025,13,38,59,13:38:59,-3,Tahap-3
01/21/2025,13,38,59,13:38:59,1,Tahap-3
01/21/2025,13,38,59,13:38:59,1,Tahap-3
01/21/2025,13,38,59,13:38:59,-3,Tahap-3
01/21/2025,13,39,1,13:39:01,-3,Tahap-3
01/21/2025,13,39,1,13:39:01,-5,Tahap-3
01/21/2025,13,39,1,13:39:01,-1,Tahap-3
01/21/2025,13,39,1,13:39:01,-3,Tahap-3
01/21/2025,13,39,1,13:39:01,-1,Tahap-3
01/21/2025,13,39,1,13:39:01,-5,Tahap-3
01/21/2025,13,39,1,13:39:01,-8,Tahap-3
01/21/2025,13,39,1,13:39:01,-2,Tahap-3
01/21/2025,13,39,2,13:39:02,-4,Tahap-3
01/21/2025,13,39,2,13:39:02,-2,Tahap-3
01/21/2025,13,39,2,13:39:02,-4,Tahap-3
01/21/2025,13,39,2,13:39:02,-1,Tahap-3
01/21/2025,13,39,2,13:39:02,-5,Tahap-3
01/21/2025,13,39,2,13:39:02,-4,Tahap-3
01/21/2025,13,39,2,13:39:02,-9,Tahap-3
01/21/2025,13,39,2,13:39:02,-2,Tahap-3
01/21/2025,13,39,2,13:39:02,-6,Tahap-3
01/21/2025,13,39,2,13:39:02,-2,Tahap-3
01/21/2025,13,39,3,13:39:03,-7,Tahap-3
01/21/2025,13,39,3,13:39:03,-3,Tahap-3
01/21/2025,13,39,3,13:39:03,-6,Tahap-3
01/21/2025,13,39,3,13:39:03,-4,Tahap-3
01/21/2025,13,39,3,13:39:03,-6,Tahap-3
01/21/2025,13,39,3,13:39:03,-6,Tahap-3
01/21/2025,13,39,3,13:39:03,-6,Tahap-3
01/21/2025,13,39,3,13:39:03,-6,Tahap-3
01/21/2025,13,39,3,13:39:03,-5,Tahap-3
01/21/2025,13,39,3,13:39:03,-9,Tahap-3
01/21/2025,13,39,4,13:39:04,-5,Tahap-3
01/21/2025,13,39,4,13:39:04,-4,Tahap-3
01/21/2025,13,39,4,13:39:04,-7,Tahap-3
01/21/2025,13,39,4,13:39:04,-8,Tahap-3
01/21/2025,13,39,4,13:39:04,-5,Tahap-3
01/21/2025,13,39,4,13:39:04,-8,Tahap-3
01/21/2025,13,39,4,13:39:04,-10,Tahap-3
01/21/2025,13,39,4,13:39:04,-6,Tahap-3
01/21/2025,13,39,4,13:39:04,-8,Tahap-3
01/21/2025,13,39,4,13:39:04,-8,Tahap-3
01/21/2025,13,39,5,13:39:05,-8,Tahap-3
01/21/2025,13,39,5,13:39:05,-8,Tahap-3
01/21/2025,13,39,5,13:39:05,-6,Tahap-3
01/21/2025,13,39,5,13:39:05,-9,Tahap-3
01/21/2025,13,39,5,13:39:05,-9,Tahap-3
01/21/2025,13,39,5,13:39:05,-7,Tahap-3
01/21/2025,13,39,5,13:39:05,-4,Tahap-3
01/21/2025,13,39,5,13:39:05,-9,Tahap-3
01/21/2025,13,39,5,13:39:05,-10,Tahap-3
01/21/2025,13,39,5,13:39:05,-8,Tahap-3
01/21/2025,13,39,6,13:39:06,-6,Tahap-3
01/21/2025,13,39,6,13:39:06,-9,Tahap-3
01/21/2025,13,39,6,13:39:06,-9,Tahap-3
01/21/2025,13,39,6,13:39:06,-6,Tahap-3
01/21/2025,13,39,6,13:39:06,-10,Tahap-3
01/21/2025,13,39,6,13:39:06,-10,Tahap-3
01/21/2025,13,39,6,13:39:06,-9,Tahap-3
01/21/2025,13,39,6,13:39:06,-9,Tahap-3
01/21/2025,13,39,6,13:39:06,-13,Tahap-3
01/21/2025,13,39,6,13:39:06,-10,Tahap-3
01/21/2025,13,39,7,13:39:07,-11,Tahap-3
01/21/2025,13,39,7,13:39:07,-8,Tahap-3
01/21/2025,13,39,7,13:39:07,-10,Tahap-3
01/21/2025,13,39,7,13:39:07,-10,Tahap-3
01/21/2025,13,39,7,13:39:07,-12,Tahap-3
01/21/2025,13,39,7,13:39:07,-10,Tahap-3
01/21/2025,13,39,7,13:39:07,-10,Tahap-3
01/21/2025,13,39,7,13:39:07,-15,Tahap-3
01/21/2025,13,39,7,13:39:07,-13,Tahap-3
01/21/2025,13,39,7,13:39:07,-11,Tahap-3
01/21/2025,13,39,8,13:39:08,-12,Tahap-3
01/21/2025,13,39,8,13:39:08,-12,Tahap-3
01/21/2025,13,39,8,13:39:08,-10,Tahap-3
01/21/2025,13,39,8,13:39:08,-12,Tahap-3
01/21/2025,13,39,8,13:39:08,-14,Tahap-3
01/21/2025,13,39,8,13:39:08,-17,Tahap-3
01/21/2025,13,39,8,13:39:08,-10,Tahap-3
01/21/2025,13,39,8,13:39:08,-14,Tahap-3
01/21/2025,13,39,8,13:39:08,-9,Tahap-3
01/21/2025,13,39,8,13:39:08,-19,Tahap-3
01/21/2025,13,39,9,13:39:09,-10,Tahap-3
01/21/2025,13,39,9,13:39:09,-15,Tahap-3
01/21/2025,13,39,9,13:39:09,-12,Tahap-3
01/21/2025,13,39,9,13:39:09,-17,Tahap-3
01/21/2025,13,39,9,13:39:09,-10,Tahap-3
01/21/2025,13,39,9,13:39:09,-18,Tahap-3
01/21/2025,13,39,9,13:39:09,-12,Tahap-3
01/21/2025,13,39,9,13:39:09,-14,Tahap-3
01/21/2025,13,39,9,13:39:09,-11,Tahap-3
01/21/2025,13,39,9,13:39:09,-14,Tahap-3
01/21/2025,13,39,10,13:39:10,-17,Tahap-3
01/21/2025,13,39,10,13:39:10,-10,Tahap-3
01/21/2025,13,39,10,13:39:10,-18,Tahap-3
01/21/2025,13,39,10,13:39:10,-15,Tahap-3
01/21/2025,13,39,10,13:39:10,-13,Tahap-3
01/21/2025,13,39,10,13:39:10,-14,Tahap-3
01/21/2025,13,39,10,13:39:10,-10,Tahap-3
01/21/2025,13,39,10,13:39:10,-17,Tahap-3
01/21/2025,13,39,10,13:39:10,-12,Tahap-3
01/21/2025,13,39,10,13:39:10,-17,Tahap-3
01/21/2025,13,39,11,13:39:11,-13,Tahap-3
01/21/2025,13,39,11,13:39:11,-13,Tahap-3
01/21/2025,13,39,11,13:39:11,-17,Tahap-3
01/21/2025,13,39,11,13:39:11,-14,Tahap-3
01/21/2025,13,39,11,13:39:11,-14,Tahap-3
01/21/2025,13,39,11,13:39:11,-16,Tahap-3
01/21/2025,13,39,11,13:39:11,-18,Tahap-3
01/21/2025,13,39,11,13:39:11,-13,Tahap-3
01/21/2025,13,39,11,13:39:11,-17,Tahap-3
01/21/2025,13,39,36,13:39:36,6893,Tahap-3
01/21/2025,13,39,36,13:39:36,2625,Tahap-3
01/21/2025,13,39,36,13:39:36,2167,Tahap-3
01/21/2025,13,39,36,13:39:36,1063,Tahap-3
01/21/2025,13,39,36,13:39:36,1181,Tahap-3
01/21/2025,13,39,36,13:39:36,929,Tahap-3
01/21/2025,13,39,36,13:39:36,738,Tahap-3
01/21/2025,13,39,36,13:39:36,586,Tahap-3
01/21/2025,13,39,37,13:39:37,615,Tahap-3
01/21/2025,13,39,37,13:39:37,394,Tahap-3
01/21/2025,13,39,37,13:39:37,449,Tahap-3
01/21/2025,13,39,37,13:39:37,789,Tahap-3
01/21/2025,13,39,37,13:39:37,567,Tahap-3
01/21/2025,13,39,37,13:39:37,436,Tahap-3
01/21/2025,13,39,37,13:39:37,488,Tahap-3
01/21/2025,13,39,37,13:39:37,167,Tahap-3
01/21/2025,13,39,37,13:39:37,486,Tahap-3
01/21/2025,13,39,37,13:39:37,348,Tahap-3
01/21/2025,13,39,38,13:39:38,236,Tahap-3
01/21/2025,13,39,38,13:39:38,464,Tahap-3
01/21/2025,13,39,38,13:39:38,365,Tahap-3
01/21/2025,13,39,38,13:39:38,193,Tahap-3
01/21/2025,13,39,38,13:39:38,490,Tahap-3
01/21/2025,13,39,38,13:39:38,261,Tahap-3
01/21/2025,13,39,38,13:39:38,286,Tahap-3
01/21/2025,13,39,38,13:39:38,294,Tahap-3
01/21/2025,13,39,38,13:39:38,352,Tahap-3
01/21/2025,13,39,38,13:39:38,394,Tahap-3
01/21/2025,13,39,39,13:39:39,273,Tahap-3
01/21/2025,13,39,39,13:39:39,397,Tahap-3
01/21/2025,13,39,39,13:39:39,171,Tahap-3
01/21/2025,13,39,39,13:39:39,249,Tahap-3
01/21/2025,13,39,39,13:39:39,315,Tahap-3
01/21/2025,13,39,39,13:39:39,328,Tahap-3
01/21/2025,13,39,39,13:39:39,377,Tahap-3
01/21/2025,13,39,39,13:39:39,293,Tahap-3
01/21/2025,13,39,39,13:39:39,270,Tahap-3
01/21/2025,13,39,39,13:39:39,264,Tahap-3
01/21/2025,13,39,40,13:39:40,333,Tahap-3
01/21/2025,13,39,40,13:39:40,198,Tahap-3
01/21/2025,13,39,40,13:39:40,187,Tahap-3
01/21/2025,13,39,40,13:39:40,217,Tahap-3
01/21/2025,13,39,40,13:39:40,204,Tahap-3
01/21/2025,13,39,40,13:39:40,95,Tahap-3
01/21/2025,13,39,40,13:39:40,612,Tahap-3
01/21/2025,13,39,40,13:39:40,453,Tahap-3
01/21/2025,13,39,40,13:39:40,300,Tahap-3
01/21/2025,13,39,40,13:39:40,466,Tahap-3
01/21/2025,13,39,41,13:39:41,105,Tahap-3
01/21/2025,13,39,41,13:39:41,263,Tahap-3
01/21/2025,13,39,41,13:39:41,331,Tahap-3
01/21/2025,13,39,41,13:39:41,178,Tahap-3
01/21/2025,13,39,41,13:39:41,327,Tahap-3
01/21/2025,13,39,41,13:39:41,183,Tahap-3
01/21/2025,13,39,41,13:39:41,349,Tahap-3
01/21/2025,13,39,41,13:39:41,240,Tahap-3
01/21/2025,13,39,41,13:39:41,443,Tahap-3
01/21/2025,13,39,41,13:39:41,254,Tahap-3
01/21/2025,13,39,42,13:39:42,381,Tahap-3
01/21/2025,13,39,42,13:39:42,301,Tahap-3
01/21/2025,13,39,42,13:39:42,248,Tahap-3
01/21/2025,13,39,42,13:39:42,195,Tahap-3
01/21/2025,13,39,42,13:39:42,334,Tahap-3
01/21/2025,13,39,42,13:39:42,479,Tahap-3
01/21/2025,13,39,42,13:39:42,355,Tahap-3
01/21/2025,13,39,42,13:39:42,401,Tahap-3
01/21/2025,13,39,42,13:39:42,421,Tahap-3
01/21/2025,13,39,42,13:39:42,394,Tahap-3
01/21/2025,13,39,43,13:39:43,407,Tahap-3
01/21/2025,13,39,43,13:39:43,90,Tahap-3
01/21/2025,13,39,43,13:39:43,1151,Tahap-3
01/21/2025,13,39,43,13:39:43,441,Tahap-3
01/21/2025,13,39,43,13:39:43,175,Tahap-3
01/21/2025,13,39,43,13:39:43,91,Tahap-3
01/21/2025,13,39,43,13:39:43,130,Tahap-3
01/21/2025,13,39,43,13:39:43,180,Tahap-3
01/21/2025,13,39,43,13:39:43,102,Tahap-3
01/21/2025,13,39,43,13:39:43,207,Tahap-3
01/21/2025,13,39,44,13:39:44,132,Tahap-3
01/21/2025,13,39,44,13:39:44,229,Tahap-3
01/21/2025,13,39,44,13:39:44,162,Tahap-3
01/21/2025,13,39,44,13:39:44,280,Tahap-3
01/21/2025,13,39,44,13:39:44,301,Tahap-3
01/21/2025,13,39,44,13:39:44,97,Tahap-3
01/21/2025,13,39,44,13:39:44,54,Tahap-3
01/21/2025,13,39,44,13:39:44,235,Tahap-3
01/21/2025,13,39,44,13:39:44,405,Tahap-3
01/21/2025,13,39,44,13:39:44,561,Tahap-3
01/21/2025,13,39,45,13:39:45,902,Tahap-3
01/21/2025,13,39,45,13:39:45,512,Tahap-3
01/21/2025,13,39,45,13:39:45,432,Tahap-3
01/21/2025,13,39,45,13:39:45,503,Tahap-3
01/21/2025,13,39,45,13:39:45,181,Tahap-3
01/21/2025,13,39,45,13:39:45,1113,Tahap-3
01/21/2025,13,39,45,13:39:45,1002,Tahap-3
01/21/2025,13,39,45,13:39:45,669,Tahap-3
01/21/2025,13,39,45,13:39:45,610,Tahap-3
01/21/2025,13,39,45,13:39:45,248,Tahap-3
01/21/2025,13,39,46,13:39:46,348,Tahap-3
01/21/2025,13,39,46,13:39:46,317,Tahap-3
01/21/2025,13,39,46,13:39:46,42,Tahap-3
01/21/2025,13,39,46,13:39:46,225,Tahap-3
01/21/2025,13,39,46,13:39:46,169,Tahap-3
01/21/2025,13,39,46,13:39:46,162,Tahap-3
01/21/2025,13,39,46,13:39:46,347,Tahap-3
01/21/2025,13,39,46,13:39:46,280,Tahap-3
01/21/2025,13,39,46,13:39:46,179,Tahap-3
01/21/2025,13,39,46,13:39:46,131,Tahap-3
01/21/2025,13,39,47,13:39:47,126,Tahap-3
01/21/2025,13,39,47,13:39:47,108,Tahap-3
01/21/2025,13,39,47,13:39:47,293,Tahap-3
01/21/2025,13,39,47,13:39:47,56,Tahap-3
01/21/2025,13,39,47,13:39:47,209,Tahap-3
01/21/2025,13,39,47,13:39:47,36,Tahap-3
01/21/2025,13,39,47,13:39:47,137,Tahap-3
01/21/2025,13,39,47,13:39:47,302,Tahap-3
01/21/2025,13,39,47,13:39:47,319,Tahap-3
01/21/2025,13,39,47,13:39:47,839,Tahap-3
01/21/2025,13,39,48,13:39:48,332,Tahap-3
01/21/2025,13,39,49,13:39:49,494,Tahap-3
01/21/2025,13,39,49,13:39:49,790,Tahap-3
01/21/2025,13,39,49,13:39:49,178,Tahap-3
01/21/2025,13,39,49,13:39:49,441,Tahap-3
01/21/2025,13,39,49,13:39:49,439,Tahap-3
01/21/2025,13,39,49,13:39:49,364,Tahap-3
01/21/2025,13,39,49,13:39:49,135,Tahap-3
01/21/2025,13,39,49,13:39:49,102,Tahap-3
01/21/2025,13,39,49,13:39:49,88,Tahap-3
01/21/2025,13,39,49,13:39:49,106,Tahap-3
01/21/2025,13,39,49,13:39:49,36,Tahap-3
01/21/2025,13,39,49,13:39:49,34,Tahap-3
01/21/2025,13,39,49,13:39:49,82,Tahap-3
01/21/2025,13,39,49,13:39:49,12,Tahap-3
01/21/2025,13,39,49,13:39:49,80,Tahap-3
01/21/2025,13,39,49,13:39:49,-14,Tahap-3
01/21/2025,13,39,49,13:39:49,26,Tahap-3
01/21/2025,13,39,49,13:39:49,76,Tahap-3
01/21/2025,13,39,49,13:39:49,-14,Tahap-3
01/21/2025,13,39,50,13:39:50,24,Tahap-3
01/21/2025,13,39,50,13:39:50,90,Tahap-3
01/21/2025,13,39,50,13:39:50,38,Tahap-3
01/21/2025,13,39,50,13:39:50,16,Tahap-3
01/21/2025,13,39,50,13:39:50,108,Tahap-3
01/21/2025,13,39,50,13:39:50,-14,Tahap-3
01/21/2025,13,39,50,13:39:50,38,Tahap-3
01/21/2025,13,39,50,13:39:50,-8,Tahap-3
01/21/2025,13,39,50,13:39:50,44,Tahap-3
01/21/2025,13,39,50,13:39:50,46,Tahap-3
01/21/2025,13,39,51,13:39:51,-32,Tahap-3
01/21/2025,13,39,51,13:39:51,36,Tahap-3
01/21/2025,13,39,51,13:39:51,30,Tahap-3
01/21/2025,13,39,51,13:39:51,6,Tahap-3
01/21/2025,13,39,51,13:39:51,-22,Tahap-3
01/21/2025,13,39,51,13:39:51,10,Tahap-3
01/21/2025,13,39,51,13:39:51,-8,Tahap-3
01/21/2025,13,39,51,13:39:51,14,Tahap-3
01/21/2025,13,39,51,13:39:51,-8,Tahap-3
01/21/2025,13,39,51,13:39:51,72,Tahap-3
01/21/2025,13,39,52,13:39:52,30,Tahap-3
01/21/2025,13,39,52,13:39:52,-32,Tahap-3
01/21/2025,13,39,52,13:39:52,42,Tahap-3
01/21/2025,13,39,52,13:39:52,-8,Tahap-3
01/21/2025,13,39,52,13:39:52,6,Tahap-3
01/21/2025,13,39,52,13:39:52,2,Tahap-3
01/21/2025,13,39,52,13:39:52,-36,Tahap-3
01/21/2025,13,39,52,13:39:52,-4,Tahap-3
01/21/2025,13,39,52,13:39:52,-20,Tahap-3
01/21/2025,13,39,52,13:39:52,-46,Tahap-3
01/21/2025,13,39,53,13:39:53,50,Tahap-3
01/21/2025,13,39,53,13:39:53,-32,Tahap-3
01/21/2025,13,39,53,13:39:53,-68,Tahap-3
01/21/2025,13,39,53,13:39:53,26,Tahap-3
01/21/2025,13,39,53,13:39:53,-28,Tahap-3
01/21/2025,13,39,53,13:39:53,-10,Tahap-3
01/21/2025,13,39,53,13:39:53,24,Tahap-3
01/21/2025,13,39,53,13:39:53,-58,Tahap-3
01/21/2025,13,39,53,13:39:53,-18,Tahap-3
01/21/2025,13,39,53,13:39:53,-12,Tahap-3
01/21/2025,13,39,54,13:39:54,-70,Tahap-3
01/21/2025,13,39,54,13:39:54,54,Tahap-3
01/21/2025,13,39,54,13:39:54,-66,Tahap-3
01/21/2025,13,39,54,13:39:54,-58,Tahap-3
01/21/2025,13,39,54,13:39:54,22,Tahap-3
01/21/2025,13,39,54,13:39:54,-40,Tahap-3
01/21/2025,13,39,54,13:39:54,-52,Tahap-3
01/21/2025,13,39,54,13:39:54,4,Tahap-3
01/21/2025,13,39,54,13:39:54,-52,Tahap-3
01/21/2025,13,39,54,13:39:54,-42,Tahap-3
01/21/2025,13,39,55,13:39:55,-60,Tahap-3
01/21/2025,13,39,55,13:39:55,-92,Tahap-3
01/21/2025,13,39,55,13:39:55,-2,Tahap-3
01/21/2025,13,39,55,13:39:55,-106,Tahap-3
01/21/2025,13,39,55,13:39:55,-66,Tahap-3
01/21/2025,13,39,55,13:39:55,-40,Tahap-3
01/21/2025,13,39,55,13:39:55,-84,Tahap-3
01/21/2025,13,39,55,13:39:55,-98,Tahap-3
01/21/2025,13,39,55,13:39:55,-46,Tahap-3
01/21/2025,13,39,55,13:39:55,-84,Tahap-3
01/21/2025,13,39,56,13:39:56,-68,Tahap-3
01/21/2025,13,39,56,13:39:56,-106,Tahap-3
01/21/2025,13,39,56,13:39:56,-70,Tahap-3
01/21/2025,13,39,56,13:39:56,-54,Tahap-3
01/21/2025,13,39,56,13:39:56,-128,Tahap-3
01/21/2025,13,39,56,13:39:56,-58,Tahap-3
01/21/2025,13,39,56,13:39:56,-90,Tahap-3
01/21/2025,13,39,56,13:39:56,-104,Tahap-3
01/21/2025,13,39,56,13:39:56,-110,Tahap-3
01/21/2025,13,39,56,13:39:56,-106,Tahap-3
01/21/2025,13,39,57,13:39:57,-134,Tahap-3
01/21/2025,13,39,57,13:39:57,-98,Tahap-3
01/21/2025,13,39,57,13:39:57,-214,Tahap-3
01/21/2025,13,39,57,13:39:57,-86,Tahap-3
01/21/2025,13,39,57,13:39:57,-148,Tahap-3
01/21/2025,13,39,57,13:39:57,-190,Tahap-3
01/21/2025,13,39,57,13:39:57,-76,Tahap-3
01/21/2025,13,39,57,13:39:57,-146,Tahap-3
01/21/2025,13,39,57,13:39:57,-188,Tahap-3
01/21/2025,13,39,57,13:39:57,-100,Tahap-3
01/21/2025,13,39,58,13:39:58,-172,Tahap-3
01/21/2025,13,39,58,13:39:58,-156,Tahap-3
01/21/2025,13,39,58,13:39:58,-100,Tahap-3
01/21/2025,13,39,58,13:39:58,-210,Tahap-3
01/21/2025,13,39,58,13:39:58,-120,Tahap-3
01/21/2025,13,39,58,13:39:58,-118,Tahap-3
01/21/2025,13,39,58,13:39:58,-168,Tahap-3
01/21/2025,13,39,58,13:39:58,-130,Tahap-3
01/21/2025,13,39,58,13:39:58,-84,Tahap-3
01/21/2025,13,39,58,13:39:58,-204,Tahap-3
01/21/2025,13,39,59,13:39:59,-136,Tahap-3
01/21/2025,13,39,59,13:39:59,-196,Tahap-3
01/21/2025,13,39,59,13:39:59,-164,Tahap-3
01/21/2025,13,39,59,13:39:59,-120,Tahap-3
01/21/2025,13,39,59,13:39:59,-140,Tahap-3
01/21/2025,13,39,59,13:39:59,-256,Tahap-3
01/21/2025,13,39,59,13:39:59,-124,Tahap-3
01/21/2025,13,39,59,13:39:59,-202,Tahap-3
01/21/2025,13,39,59,13:39:59,-196,Tahap-3
01/21/2025,13,39,59,13:39:59,-164,Tahap-3
01/21/2025,13,40,1,13:40:01,-182,Tahap-3
01/21/2025,13,40,1,13:40:01,-120,Tahap-3
01/21/2025,13,40,1,13:40:01,-204,Tahap-3
01/21/2025,13,40,1,13:40:01,-158,Tahap-3
01/21/2025,13,40,1,13:40:01,-214,Tahap-3
01/21/2025,13,40,1,13:40:01,-118,Tahap-3
01/21/2025,13,40,1,13:40:01,-166,Tahap-3
01/21/2025,13,40,1,13:40:01,-230,Tahap-3
01/21/2025,13,40,26,13:40:26,1565,Tahap-3
01/21/2025,13,40,26,13:40:26,76,Tahap-3
01/21/2025,13,40,26,13:40:26,480,Tahap-3
01/21/2025,13,40,26,13:40:26,675,Tahap-3
01/21/2025,13,40,26,13:40:26,472,Tahap-3
01/21/2025,13,40,26,13:40:26,584,Tahap-3
01/21/2025,13,40,26,13:40:26,371,Tahap-3
01/21/2025,13,40,26,13:40:26,228,Tahap-3
01/21/2025,13,40,27,13:40:27,196,Tahap-3
01/21/2025,13,40,27,13:40:27,476,Tahap-3
01/21/2025,13,40,27,13:40:27,340,Tahap-3
01/21/2025,13,40,27,13:40:27,341,Tahap-3
01/21/2025,13,40,27,13:40:27,293,Tahap-3
01/21/2025,13,40,27,13:40:27,170,Tahap-3
01/21/2025,13,40,27,13:40:27,119,Tahap-3
01/21/2025,13,40,27,13:40:27,291,Tahap-3
01/21/2025,13,40,27,13:40:27,217,Tahap-3
01/21/2025,13,40,27,13:40:27,237,Tahap-3
01/21/2025,13,40,28,13:40:28,206,Tahap-3
01/21/2025,13,40,28,13:40:28,291,Tahap-3
01/21/2025,13,40,28,13:40:28,197,Tahap-3
01/21/2025,13,40,28,13:40:28,78,Tahap-3
01/21/2025,13,40,28,13:40:28,238,Tahap-3
01/21/2025,13,40,28,13:40:28,169,Tahap-3
01/21/2025,13,40,28,13:40:28,99,Tahap-3
01/21/2025,13,40,28,13:40:28,179,Tahap-3
01/21/2025,13,40,28,13:40:28,270,Tahap-3
01/21/2025,13,40,28,13:40:28,190,Tahap-3
01/21/2025,13,40,29,13:40:29,91,Tahap-3
01/21/2025,13,40,29,13:40:29,72,Tahap-3
01/21/2025,13,40,29,13:40:29,248,Tahap-3
01/21/2025,13,40,29,13:40:29,159,Tahap-3
01/21/2025,13,40,29,13:40:29,131,Tahap-3
01/21/2025,13,40,29,13:40:29,58,Tahap-3
01/21/2025,13,40,29,13:40:29,150,Tahap-3
01/21/2025,13,40,29,13:40:29,205,Tahap-3
01/21/2025,13,40,29,13:40:29,185,Tahap-3
01/21/2025,13,40,29,13:40:29,63,Tahap-3
01/21/2025,13,40,30,13:40:30,123,Tahap-3
01/21/2025,13,40,30,13:40:30,185,Tahap-3
01/21/2025,13,40,30,13:40:30,148,Tahap-3
01/21/2025,13,40,30,13:40:30,98,Tahap-3
01/21/2025,13,40,30,13:40:30,128,Tahap-3
01/21/2025,13,40,30,13:40:30,255,Tahap-3
01/21/2025,13,40,30,13:40:30,255,Tahap-3
01/21/2025,13,40,30,13:40:30,344,Tahap-3
01/21/2025,13,40,30,13:40:30,268,Tahap-3
01/21/2025,13,40,30,13:40:30,410,Tahap-3
01/21/2025,13,40,31,13:40:31,292,Tahap-3
01/21/2025,13,40,31,13:40:31,100,Tahap-3
01/21/2025,13,40,31,13:40:31,227,Tahap-3
01/21/2025,13,40,31,13:40:31,243,Tahap-3
01/21/2025,13,40,31,13:40:31,183,Tahap-3
01/21/2025,13,40,31,13:40:31,226,Tahap-3
01/21/2025,13,40,31,13:40:31,298,Tahap-3
01/21/2025,13,40,31,13:40:31,130,Tahap-3
01/21/2025,13,40,31,13:40:31,215,Tahap-3
01/21/2025,13,40,31,13:40:31,165,Tahap-3
01/21/2025,13,40,32,13:40:32,195,Tahap-3
01/21/2025,13,40,32,13:40:32,125,Tahap-3
01/21/2025,13,40,32,13:40:32,135,Tahap-3
01/21/2025,13,40,32,13:40:32,76,Tahap-3
01/21/2025,13,40,32,13:40:32,178,Tahap-3
01/21/2025,13,40,32,13:40:32,247,Tahap-3
01/21/2025,13,40,32,13:40:32,159,Tahap-3
01/21/2025,13,40,32,13:40:32,220,Tahap-3
01/21/2025,13,40,32,13:40:32,103,Tahap-3
01/21/2025,13,40,32,13:40:32,186,Tahap-3
01/21/2025,13,40,33,13:40:33,349,Tahap-3
01/21/2025,13,40,33,13:40:33,224,Tahap-3
01/21/2025,13,40,33,13:40:33,1010,Tahap-3
01/21/2025,13,40,33,13:40:33,545,Tahap-3
01/21/2025,13,40,33,13:40:33,164,Tahap-3
01/21/2025,13,40,33,13:40:33,207,Tahap-3
01/21/2025,13,40,33,13:40:33,227,Tahap-3
01/21/2025,13,40,33,13:40:33,283,Tahap-3
01/21/2025,13,40,33,13:40:33,46,Tahap-3
01/21/2025,13,40,33,13:40:33,176,Tahap-3
01/21/2025,13,40,34,13:40:34,171,Tahap-3
01/21/2025,13,40,34,13:40:34,245,Tahap-3
01/21/2025,13,40,34,13:40:34,117,Tahap-3
01/21/2025,13,40,34,13:40:34,301,Tahap-3
01/21/2025,13,40,34,13:40:34,99,Tahap-3
01/21/2025,13,40,34,13:40:34,117,Tahap-3
01/21/2025,13,40,34,13:40:34,239,Tahap-3
01/21/2025,13,40,34,13:40:34,298,Tahap-3
01/21/2025,13,40,34,13:40:34,218,Tahap-3
01/21/2025,13,40,34,13:40:34,344,Tahap-3
01/21/2025,13,40,35,13:40:35,649,Tahap-3
01/21/2025,13,40,35,13:40:35,73,Tahap-3
01/21/2025,13,40,35,13:40:35,294,Tahap-3
01/21/2025,13,40,35,13:40:35,178,Tahap-3
01/21/2025,13,40,35,13:40:35,81,Tahap-3
01/21/2025,13,40,35,13:40:35,204,Tahap-3
01/21/2025,13,40,35,13:40:35,1890,Tahap-3
01/21/2025,13,40,35,13:40:35,511,Tahap-3
01/21/2025,13,40,35,13:40:35,483,Tahap-3
01/21/2025,13,40,35,13:40:35,154,Tahap-3
01/21/2025,13,40,36,13:40:36,166,Tahap-3
01/21/2025,13,40,36,13:40:36,146,Tahap-3
01/21/2025,13,40,36,13:40:36,269,Tahap-3
01/21/2025,13,40,36,13:40:36,318,Tahap-3
01/21/2025,13,40,36,13:40:36,264,Tahap-3
01/21/2025,13,40,36,13:40:36,253,Tahap-3
01/21/2025,13,40,36,13:40:36,104,Tahap-3
01/21/2025,13,40,36,13:40:36,338,Tahap-3
01/21/2025,13,40,36,13:40:36,201,Tahap-3
01/21/2025,13,40,36,13:40:36,218,Tahap-3
01/21/2025,13,40,37,13:40:37,417,Tahap-3
01/21/2025,13,40,37,13:40:37,456,Tahap-3
01/21/2025,13,40,37,13:40:37,94,Tahap-3
01/21/2025,13,40,37,13:40:37,371,Tahap-3
01/21/2025,13,40,37,13:40:37,188,Tahap-3
01/21/2025,13,40,37,13:40:37,241,Tahap-3
01/21/2025,13,40,37,13:40:37,250,Tahap-3
01/21/2025,13,40,37,13:40:37,102,Tahap-3
01/21/2025,13,40,37,13:40:37,184,Tahap-3
01/21/2025,13,40,37,13:40:37,300,Tahap-3
01/21/2025,13,40,38,13:40:38,962,Tahap-3
01/21/2025,13,40,38,13:40:38,217,Tahap-3
01/21/2025,13,40,38,13:40:38,271,Tahap-3
01/21/2025,13,40,38,13:40:38,166,Tahap-3
01/21/2025,13,40,38,13:40:38,349,Tahap-3
01/21/2025,13,40,38,13:40:38,96,Tahap-3
01/21/2025,13,40,38,13:40:38,204,Tahap-3
01/21/2025,13,40,38,13:40:38,247,Tahap-3
01/21/2025,13,40,38,13:40:38,75,Tahap-3
01/21/2025,13,40,38,13:40:38,-92,Tahap-3
01/21/2025,13,40,39,13:40:39,80,Tahap-3
01/21/2025,13,40,39,13:40:39,-108,Tahap-3
01/21/2025,13,40,39,13:40:39,56,Tahap-3
01/21/2025,13,40,39,13:40:39,-36,Tahap-3
01/21/2025,13,40,39,13:40:39,-12,Tahap-3
01/21/2025,13,40,39,13:40:39,100,Tahap-3
01/21/2025,13,40,39,13:40:39,-144,Tahap-3
01/21/2025,13,40,39,13:40:39,24,Tahap-3
01/21/2025,13,40,39,13:40:39,12,Tahap-3
01/21/2025,13,40,39,13:40:39,-52,Tahap-3
01/21/2025,13,40,40,13:40:40,-104,Tahap-3
01/21/2025,13,40,40,13:40:40,40,Tahap-3
01/21/2025,13,40,40,13:40:40,-116,Tahap-3
01/21/2025,13,40,40,13:40:40,8,Tahap-3
01/21/2025,13,40,40,13:40:40,-116,Tahap-3
01/21/2025,13,40,40,13:40:40,40,Tahap-3
01/21/2025,13,40,40,13:40:40,-16,Tahap-3
01/21/2025,13,40,40,13:40:40,-152,Tahap-3
01/21/2025,13,40,40,13:40:40,-32,Tahap-3
01/21/2025,13,40,40,13:40:40,-32,Tahap-3
01/21/2025,13,40,40,13:40:40,-56,Tahap-3
01/21/2025,13,40,41,13:40:41,-36,Tahap-3
01/21/2025,13,40,41,13:40:41,-64,Tahap-3
01/21/2025,13,40,41,13:40:41,-56,Tahap-3
01/21/2025,13,40,41,13:40:41,-68,Tahap-3
01/21/2025,13,40,41,13:40:41,-124,Tahap-3
01/21/2025,13,40,41,13:40:41,60,Tahap-3
01/21/2025,13,40,41,13:40:41,-120,Tahap-3
01/21/2025,13,40,41,13:40:41,-132,Tahap-3
01/21/2025,13,40,41,13:40:41,36,Tahap-3
01/21/2025,13,40,41,13:40:41,-72,Tahap-3
01/21/2025,13,40,42,13:40:42,-60,Tahap-3
01/21/2025,13,40,42,13:40:42,36,Tahap-3
01/21/2025,13,40,42,13:40:42,-108,Tahap-3
01/21/2025,13,40,42,13:40:42,-60,Tahap-3
01/21/2025,13,40,42,13:40:42,-40,Tahap-3
01/21/2025,13,40,42,13:40:42,-156,Tahap-3
01/21/2025,13,40,42,13:40:42,100,Tahap-3
01/21/2025,13,40,42,13:40:42,-112,Tahap-3
01/21/2025,13,40,42,13:40:42,-68,Tahap-3
01/21/2025,13,40,42,13:40:42,20,Tahap-3
01/21/2025,13,40,43,13:40:43,-44,Tahap-3
01/21/2025,13,40,43,13:40:43,-136,Tahap-3
01/21/2025,13,40,43,13:40:43,60,Tahap-3
01/21/2025,13,40,43,13:40:43,-76,Tahap-3
01/21/2025,13,40,43,13:40:43,-52,Tahap-3
01/21/2025,13,40,43,13:40:43,-64,Tahap-3
01/21/2025,13,40,43,13:40:43,-76,Tahap-3
01/21/2025,13,40,43,13:40:43,128,Tahap-3
01/21/2025,13,40,43,13:40:43,-116,Tahap-3
01/21/2025,13,40,43,13:40:43,-48,Tahap-3
01/21/2025,13,40,44,13:40:44,80,Tahap-3
01/21/2025,13,40,44,13:40:44,-28,Tahap-3
01/21/2025,13,40,44,13:40:44,-64,Tahap-3
01/21/2025,13,40,44,13:40:44,40,Tahap-3
01/21/2025,13,40,44,13:40:44,-28,Tahap-3
01/21/2025,13,40,44,13:40:44,-28,Tahap-3
01/21/2025,13,40,44,13:40:44,-128,Tahap-3
01/21/2025,13,40,44,13:40:44,36,Tahap-3
01/21/2025,13,40,44,13:40:44,-40,Tahap-3
01/21/2025,13,40,44,13:40:44,-96,Tahap-3
01/21/2025,13,40,45,13:40:45,-4,Tahap-3
01/21/2025,13,40,45,13:40:45,-40,Tahap-3
01/21/2025,13,40,45,13:40:45,-28,Tahap-3
01/21/2025,13,40,45,13:40:45,4,Tahap-3
01/21/2025,13,40,45,13:40:45,-60,Tahap-3
01/21/2025,13,40,45,13:40:45,56,Tahap-3
01/21/2025,13,40,45,13:40:45,-188,Tahap-3
01/21/2025,13,40,45,13:40:45,96,Tahap-3
01/21/2025,13,40,45,13:40:45,-56,Tahap-3
01/21/2025,13,40,46,13:40:46,-112,Tahap-3
01/21/2025,13,40,46,13:40:46,68,Tahap-3
01/21/2025,13,40,46,13:40:46,-60,Tahap-3
01/21/2025,13,40,46,13:40:46,-112,Tahap-3
01/21/2025,13,40,46,13:40:46,20,Tahap-3
01/21/2025,13,40,46,13:40:46,-104,Tahap-3
01/21/2025,13,40,46,13:40:46,-36,Tahap-3
01/21/2025,13,40,46,13:40:46,-8,Tahap-3
01/21/2025,13,40,46,13:40:46,-116,Tahap-3
01/21/2025,13,40,46,13:40:46,84,Tahap-3
01/21/2025,13,40,47,13:40:47,-80,Tahap-3
01/21/2025,13,40,47,13:40:47,-136,Tahap-3
01/21/2025,13,40,47,13:40:47,68,Tahap-3
01/21/2025,13,40,47,13:40:47,-128,Tahap-3
01/21/2025,13,40,47,13:40:47,52,Tahap-3
01/21/2025,13,40,47,13:40:47,-32,Tahap-3
01/21/2025,13,40,47,13:40:47,-56,Tahap-3
01/21/2025,13,40,47,13:40:47,36,Tahap-3
01/21/2025,13,40,47,13:40:47,-84,Tahap-3
01/21/2025,13,40,48,13:40:48,128,Tahap-3
01/21/2025,13,40,49,13:40:49,-96,Tahap-3
01/21/2025,13,40,49,13:40:49,-64,Tahap-3
01/21/2025,13,40,49,13:40:49,76,Tahap-3
01/21/2025,13,40,49,13:40:49,8,Tahap-3
01/21/2025,13,40,49,13:40:49,-36,Tahap-3
01/21/2025,13,40,49,13:40:49,12,Tahap-3
01/21/2025,13,40,49,13:40:49,-8,Tahap-3
01/21/2025,13,40,49,13:40:49,-20,Tahap-3
01/21/2025,13,40,49,13:40:49,-16,Tahap-3
01/21/2025,13,40,49,13:40:49,52,Tahap-3
01/21/2025,13,40,49,13:40:49,100,Tahap-3
01/21/2025,13,40,49,13:40:49,-104,Tahap-3
01/21/2025,13,40,49,13:40:49,32,Tahap-3
01/21/2025,13,40,49,13:40:49,40,Tahap-3
01/21/2025,13,40,49,13:40:49,4,Tahap-3
01/21/2025,13,40,49,13:40:49,40,Tahap-3
01/21/2025,13,40,49,13:40:49,-4,Tahap-3
01/21/2025,13,40,49,13:40:49,-44,Tahap-3
01/21/2025,13,40,49,13:40:49,52,Tahap-3
01/21/2025,13,40,50,13:40:50,-148,Tahap-3
01/21/2025,13,40,50,13:40:50,64,Tahap-3
01/21/2025,13,40,50,13:40:50,28,Tahap-3
01/21/2025,13,40,50,13:40:50,-116,Tahap-3
01/21/2025,13,40,50,13:40:50,36,Tahap-3
01/21/2025,13,40,50,13:40:50,-8,Tahap-3
01/21/2025,13,40,50,13:40:50,-84,Tahap-3
01/21/2025,13,40,50,13:40:50,48,Tahap-3
01/21/2025,13,40,50,13:40:50,-4,Tahap-3
01/21/2025,13,40,50,13:40:50,-188,Tahap-3
01/21/2025,13,40,51,13:40:51,36,Tahap-3
01/21/2025,13,40,51,13:40:51,-232,Tahap-3
01/21/2025,13,40,51,13:40:51,104,Tahap-3
01/21/2025,13,40,51,13:40:51,-76,Tahap-3
01/21/2025,13,40,51,13:40:51,-180,Tahap-3
01/21/2025,13,40,51,13:40:51,60,Tahap-3
01/21/2025,13,40,51,13:40:51,-48,Tahap-3
01/21/2025,13,41,16,13:41:16,2435,Tahap-3
01/21/2025,13,41,16,13:41:16,1379,Tahap-3
01/21/2025,13,41,16,13:41:16,570,Tahap-3
01/21/2025,13,41,16,13:41:16,1052,Tahap-3
01/21/2025,13,41,16,13:41:16,1082,Tahap-3
01/21/2025,13,41,16,13:41:16,1187,Tahap-3
01/21/2025,13,41,16,13:41:16,710,Tahap-3
01/21/2025,13,41,16,13:41:16,566,Tahap-3
01/21/2025,13,41,16,13:41:16,320,Tahap-3
01/21/2025,13,41,17,13:41:17,210,Tahap-3
01/21/2025,13,41,17,13:41:17,273,Tahap-3
01/21/2025,13,41,17,13:41:17,207,Tahap-3
01/21/2025,13,41,17,13:41:17,242,Tahap-3
01/21/2025,13,41,17,13:41:17,150,Tahap-3
01/21/2025,13,41,17,13:41:17,99,Tahap-3
01/21/2025,13,41,17,13:41:17,275,Tahap-3
01/21/2025,13,41,17,13:41:17,180,Tahap-3
01/21/2025,13,41,17,13:41:17,167,Tahap-3
01/21/2025,13,41,17,13:41:17,175,Tahap-3
01/21/2025,13,41,18,13:41:18,186,Tahap-3
01/21/2025,13,41,18,13:41:18,88,Tahap-3
01/21/2025,13,41,19,13:41:19,2,Tahap-3
01/21/2025,13,41,19,13:41:19,241,Tahap-3
01/21/2025,13,41,19,13:41:19,173,Tahap-3
01/21/2025,13,41,19,13:41:19,113,Tahap-3
01/21/2025,13,41,19,13:41:19,104,Tahap-3
01/21/2025,13,41,19,13:41:19,251,Tahap-3
01/21/2025,13,41,19,13:41:19,58,Tahap-3
01/21/2025,13,41,19,13:41:19,176,Tahap-3
01/21/2025,13,41,19,13:41:19,258,Tahap-3
01/21/2025,13,41,19,13:41:19,153,Tahap-3
01/21/2025,13,41,19,13:41:19,83,Tahap-3
01/21/2025,13,41,19,13:41:19,93,Tahap-3
01/21/2025,13,41,19,13:41:19,169,Tahap-3
01/21/2025,13,41,19,13:41:19,107,Tahap-3
01/21/2025,13,41,19,13:41:19,138,Tahap-3
01/21/2025,13,41,19,13:41:19,54,Tahap-3
01/21/2025,13,41,19,13:41:19,63,Tahap-3
01/21/2025,13,41,19,13:41:19,89,Tahap-3
01/21/2025,13,41,20,13:41:20,165,Tahap-3
01/21/2025,13,41,20,13:41:20,68,Tahap-3
01/21/2025,13,41,20,13:41:20,134,Tahap-3
01/21/2025,13,41,20,13:41:20,74,Tahap-3
01/21/2025,13,41,20,13:41:20,232,Tahap-3
01/21/2025,13,41,20,13:41:20,277,Tahap-3
01/21/2025,13,41,20,13:41:20,241,Tahap-3
01/21/2025,13,41,20,13:41:20,175,Tahap-3
01/21/2025,13,41,20,13:41:20,398,Tahap-3
01/21/2025,13,41,20,13:41:20,95,Tahap-3
01/21/2025,13,41,21,13:41:21,94,Tahap-3
01/21/2025,13,41,21,13:41:21,228,Tahap-3
01/21/2025,13,41,21,13:41:21,126,Tahap-3
01/21/2025,13,41,21,13:41:21,80,Tahap-3
01/21/2025,13,41,21,13:41:21,166,Tahap-3
01/21/2025,13,41,21,13:41:21,245,Tahap-3
01/21/2025,13,41,21,13:41:21,78,Tahap-3
01/21/2025,13,41,21,13:41:21,133,Tahap-3
01/21/2025,13,41,21,13:41:21,103,Tahap-3
01/21/2025,13,41,21,13:41:21,79,Tahap-3
01/21/2025,13,41,22,13:41:22,248,Tahap-3
01/21/2025,13,41,22,13:41:22,30,Tahap-3
01/21/2025,13,41,22,13:41:22,76,Tahap-3
01/21/2025,13,41,22,13:41:22,86,Tahap-3
01/21/2025,13,41,22,13:41:22,304,Tahap-3
01/21/2025,13,41,22,13:41:22,115,Tahap-3
01/21/2025,13,41,22,13:41:22,103,Tahap-3
01/21/2025,13,41,22,13:41:22,71,Tahap-3
01/21/2025,13,41,22,13:41:22,155,Tahap-3
01/21/2025,13,41,22,13:41:22,389,Tahap-3
01/21/2025,13,41,23,13:41:23,180,Tahap-3
01/21/2025,13,41,23,13:41:23,1233,Tahap-3
01/21/2025,13,41,23,13:41:23,155,Tahap-3
01/21/2025,13,41,23,13:41:23,185,Tahap-3
01/21/2025,13,41,23,13:41:23,219,Tahap-3
01/21/2025,13,41,23,13:41:23,74,Tahap-3
01/21/2025,13,41,23,13:41:23,134,Tahap-3
01/21/2025,13,41,23,13:41:23,82,Tahap-3
01/21/2025,13,41,23,13:41:23,80,Tahap-3
01/21/2025,13,41,23,13:41:23,26,Tahap-3
01/21/2025,13,41,24,13:41:24,22,Tahap-3
01/21/2025,13,41,24,13:41:24,53,Tahap-3
01/21/2025,13,41,24,13:41:24,73,Tahap-3
01/21/2025,13,41,24,13:41:24,327,Tahap-3
01/21/2025,13,41,24,13:41:24,194,Tahap-3
01/21/2025,13,41,24,13:41:24,14,Tahap-3
01/21/2025,13,41,24,13:41:24,140,Tahap-3
01/21/2025,13,41,24,13:41:24,29,Tahap-3
01/21/2025,13,41,24,13:41:24,322,Tahap-3
01/21/2025,13,41,24,13:41:24,860,Tahap-3
01/21/2025,13,41,25,13:41:25,290,Tahap-3
01/21/2025,13,41,25,13:41:25,253,Tahap-3
01/21/2025,13,41,25,13:41:25,524,Tahap-3
01/21/2025,13,41,25,13:41:25,822,Tahap-3
01/21/2025,13,41,25,13:41:25,984,Tahap-3
01/21/2025,13,41,25,13:41:25,1265,Tahap-3
01/21/2025,13,41,25,13:41:25,416,Tahap-3
01/21/2025,13,41,25,13:41:25,693,Tahap-3
01/21/2025,13,41,25,13:41:25,426,Tahap-3
01/21/2025,13,41,25,13:41:25,353,Tahap-3
01/21/2025,13,41,26,13:41:26,49,Tahap-3
01/21/2025,13,41,26,13:41:26,80,Tahap-3
01/21/2025,13,41,26,13:41:26,52,Tahap-3
01/21/2025,13,41,26,13:41:26,167,Tahap-3
01/21/2025,13,41,26,13:41:26,63,Tahap-3
01/21/2025,13,41,26,13:41:26,103,Tahap-3
01/21/2025,13,41,26,13:41:26,160,Tahap-3
01/21/2025,13,41,26,13:41:26,115,Tahap-3
01/21/2025,13,41,26,13:41:26,102,Tahap-3
01/21/2025,13,41,26,13:41:26,395,Tahap-3
01/21/2025,13,41,27,13:41:27,289,Tahap-3
01/21/2025,13,41,27,13:41:27,226,Tahap-3
01/21/2025,13,41,27,13:41:27,28,Tahap-3
01/21/2025,13,41,27,13:41:27,281,Tahap-3
01/21/2025,13,41,27,13:41:27,345,Tahap-3
01/21/2025,13,41,27,13:41:27,237,Tahap-3
01/21/2025,13,41,27,13:41:27,346,Tahap-3
01/21/2025,13,41,27,13:41:27,357,Tahap-3
01/21/2025,13,41,27,13:41:27,679,Tahap-3
01/21/2025,13,41,27,13:41:27,656,Tahap-3
01/21/2025,13,41,28,13:41:28,287,Tahap-3
01/21/2025,13,41,28,13:41:28,356,Tahap-3
01/21/2025,13,41,28,13:41:28,423,Tahap-3
01/21/2025,13,41,28,13:41:28,247,Tahap-3
01/21/2025,13,41,28,13:41:28,95,Tahap-3
01/21/2025,13,41,28,13:41:28,264,Tahap-3
01/21/2025,13,41,28,13:41:28,292,Tahap-3
01/21/2025,13,41,28,13:41:28,356,Tahap-3
01/21/2025,13,41,28,13:41:28,92,Tahap-3
01/21/2025,13,41,28,13:41:28,44,Tahap-3
01/21/2025,13,41,29,13:41:29,-92,Tahap-3
01/21/2025,13,41,29,13:41:29,104,Tahap-3
01/21/2025,13,41,29,13:41:29,8,Tahap-3
01/21/2025,13,41,29,13:41:29,24,Tahap-3
01/21/2025,13,41,29,13:41:29,-28,Tahap-3
01/21/2025,13,41,29,13:41:29,100,Tahap-3
01/21/2025,13,41,29,13:41:29,72,Tahap-3
01/21/2025,13,41,29,13:41:29,-32,Tahap-3
01/21/2025,13,41,29,13:41:29,152,Tahap-3
01/21/2025,13,41,30,13:41:30,160,Tahap-3
01/21/2025,13,41,30,13:41:30,-44,Tahap-3
01/21/2025,13,41,30,13:41:30,120,Tahap-3
01/21/2025,13,41,30,13:41:30,84,Tahap-3
01/21/2025,13,41,30,13:41:30,4,Tahap-3
01/21/2025,13,41,30,13:41:30,108,Tahap-3
01/21/2025,13,41,30,13:41:30,-8,Tahap-3
01/21/2025,13,41,30,13:41:30,268,Tahap-3
01/21/2025,13,41,30,13:41:30,-32,Tahap-3
01/21/2025,13,41,30,13:41:30,120,Tahap-3
01/21/2025,13,41,31,13:41:31,76,Tahap-3
01/21/2025,13,41,31,13:41:31,100,Tahap-3
01/21/2025,13,41,31,13:41:31,4,Tahap-3
01/21/2025,13,41,31,13:41:31,68,Tahap-3
01/21/2025,13,41,31,13:41:31,8,Tahap-3
01/21/2025,13,41,31,13:41:31,16,Tahap-3
01/21/2025,13,41,31,13:41:31,-32,Tahap-3
01/21/2025,13,41,31,13:41:31,-20,Tahap-3
01/21/2025,13,41,31,13:41:31,44,Tahap-3
01/21/2025,13,41,31,13:41:31,-156,Tahap-3
01/21/2025,13,41,32,13:41:32,-48,Tahap-3
01/21/2025,13,41,32,13:41:32,-44,Tahap-3
01/21/2025,13,41,32,13:41:32,-144,Tahap-3
01/21/2025,13,41,32,13:41:32,-52,Tahap-3
01/21/2025,13,41,32,13:41:32,-64,Tahap-3
01/21/2025,13,41,32,13:41:32,-140,Tahap-3
01/21/2025,13,41,32,13:41:32,-32,Tahap-3
01/21/2025,13,41,32,13:41:32,-172,Tahap-3
01/21/2025,13,41,32,13:41:32,12,Tahap-3
01/21/2025,13,41,32,13:41:32,100,Tahap-3
01/21/2025,13,41,33,13:41:33,-164,Tahap-3
01/21/2025,13,41,33,13:41:33,20,Tahap-3
01/21/2025,13,41,33,13:41:33,-8,Tahap-3
01/21/2025,13,41,33,13:41:33,-76,Tahap-3
01/21/2025,13,41,33,13:41:33,4,Tahap-3
01/21/2025,13,41,33,13:41:33,68,Tahap-3
01/21/2025,13,41,33,13:41:33,-144,Tahap-3
01/21/2025,13,41,33,13:41:33,72,Tahap-3
01/21/2025,13,41,33,13:41:33,-92,Tahap-3
01/21/2025,13,41,33,13:41:33,40,Tahap-3
01/21/2025,13,41,34,13:41:34,120,Tahap-3
01/21/2025,13,41,34,13:41:34,-124,Tahap-3
01/21/2025,13,41,34,13:41:34,84,Tahap-3
01/21/2025,13,41,34,13:41:34,32,Tahap-3
01/21/2025,13,41,34,13:41:34,-92,Tahap-3
01/21/2025,13,41,34,13:41:34,-12,Tahap-3
01/21/2025,13,41,34,13:41:34,-8,Tahap-3
01/21/2025,13,41,34,13:41:34,-100,Tahap-3
01/21/2025,13,41,34,13:41:34,4,Tahap-3
01/21/2025,13,41,34,13:41:34,-160,Tahap-3
01/21/2025,13,41,35,13:41:35,8,Tahap-3
01/21/2025,13,41,35,13:41:35,-68,Tahap-3
01/21/2025,13,41,35,13:41:35,-116,Tahap-3
01/21/2025,13,41,35,13:41:35,-48,Tahap-3
01/21/2025,13,41,35,13:41:35,-76,Tahap-3
01/21/2025,13,41,35,13:41:35,-152,Tahap-3
01/21/2025,13,41,35,13:41:35,-84,Tahap-3
01/21/2025,13,41,35,13:41:35,-96,Tahap-3
01/21/2025,13,41,35,13:41:35,-92,Tahap-3
01/21/2025,13,41,35,13:41:35,-136,Tahap-3
01/21/2025,13,41,36,13:41:36,-192,Tahap-3
01/21/2025,13,41,36,13:41:36,-16,Tahap-3
01/21/2025,13,41,36,13:41:36,-264,Tahap-3
01/21/2025,13,41,36,13:41:36,-60,Tahap-3
01/21/2025,13,41,36,13:41:36,-80,Tahap-3
01/21/2025,13,41,36,13:41:36,-184,Tahap-3
01/21/2025,13,41,36,13:41:36,-124,Tahap-3
01/21/2025,13,41,36,13:41:36,-76,Tahap-3
01/21/2025,13,41,36,13:41:36,-236,Tahap-3
01/21/2025,13,41,36,13:41:36,-60,Tahap-3
01/21/2025,13,41,37,13:41:37,-244,Tahap-3
01/21/2025,13,41,37,13:41:37,-156,Tahap-3
01/21/2025,13,41,37,13:41:37,20,Tahap-3
01/21/2025,13,41,37,13:41:37,-288,Tahap-3
01/21/2025,13,41,37,13:41:37,-76,Tahap-3
01/21/2025,13,41,37,13:41:37,-8,Tahap-3
01/21/2025,13,41,37,13:41:37,-148,Tahap-3
01/21/2025,13,41,37,13:41:37,-96,Tahap-3
01/21/2025,13,41,37,13:41:37,-20,Tahap-3
01/21/2025,13,41,37,13:41:37,-200,Tahap-3
01/21/2025,13,41,38,13:41:38,20,Tahap-3
01/21/2025,13,41,38,13:41:38,-176,Tahap-3
01/21/2025,13,41,38,13:41:38,80,Tahap-3
01/21/2025,13,41,38,13:41:38,-48,Tahap-3
01/21/2025,13,41,38,13:41:38,-128,Tahap-3
01/21/2025,13,41,38,13:41:38,-36,Tahap-3
01/21/2025,13,41,38,13:41:38,8,Tahap-3
01/21/2025,13,41,38,13:41:38,-24,Tahap-3
01/21/2025,13,41,38,13:41:38,-72,Tahap-3
01/21/2025,13,41,38,13:41:38,20,Tahap-3
01/21/2025,13,41,39,13:41:39,-104,Tahap-3
01/21/2025,13,41,39,13:41:39,-24,Tahap-3
01/21/2025,13,41,39,13:41:39,-128,Tahap-3
01/21/2025,13,41,39,13:41:39,120,Tahap-3
01/21/2025,13,41,39,13:41:39,-96,Tahap-3
01/21/2025,13,41,39,13:41:39,-72,Tahap-3
01/21/2025,13,41,39,13:41:39,-48,Tahap-3
01/21/2025,13,41,39,13:41:39,-104,Tahap-3
01/21/2025,13,41,39,13:41:39,-100,Tahap-3
01/21/2025,13,41,39,13:41:39,-128,Tahap-3
01/21/2025,13,41,40,13:41:40,-132,Tahap-3
01/21/2025,13,41,40,13:41:40,-128,Tahap-3
01/21/2025,13,41,40,13:41:40,-176,Tahap-3
01/21/2025,13,41,40,13:41:40,-120,Tahap-3
01/21/2025,13,41,40,13:41:40,44,Tahap-3
01/21/2025,13,41,40,13:41:40,-268,Tahap-3
01/21/2025,13,41,40,13:41:40,-120,Tahap-3
01/21/2025,13,41,40,13:41:40,-56,Tahap-3
01/21/2025,13,41,40,13:41:40,-192,Tahap-3
01/21/2025,13,41,40,13:41:40,-152,Tahap-3
01/21/2025,13,41,41,13:41:41,-44,Tahap-3
01/21/2025,13,41,41,13:41:41,-252,Tahap-3
01/21/2025,13,41,41,13:41:41,-92,Tahap-3
01/21/2025,13,41,41,13:41:41,-184,Tahap-3
01/21/2025,13,41,41,13:41:41,-136,Tahap-3
01/21/2025,13,41,41,13:41:41,20,Tahap-3
01/21/2025,13,41,41,13:41:41,-316,Tahap-3
01/21/2025,13,42,6,13:42:06,1991,Tahap-3
01/21/2025,13,42,6,13:42:06,1007,Tahap-3
01/21/2025,13,42,6,13:42:06,375,Tahap-3
01/21/2025,13,42,6,13:42:06,823,Tahap-3
01/21/2025,13,42,6,13:42:06,488,Tahap-3
01/21/2025,13,42,6,13:42:06,487,Tahap-3
01/21/2025,13,42,6,13:42:06,320,Tahap-3
01/21/2025,13,42,6,13:42:06,273,Tahap-3
01/21/2025,13,42,6,13:42:06,242,Tahap-3
01/21/2025,13,42,6,13:42:06,370,Tahap-3
01/21/2025,13,42,7,13:42:07,301,Tahap-3
01/21/2025,13,42,7,13:42:07,178,Tahap-3
01/21/2025,13,42,7,13:42:07,129,Tahap-3
01/21/2025,13,42,7,13:42:07,197,Tahap-3
01/21/2025,13,42,7,13:42:07,277,Tahap-3
01/21/2025,13,42,7,13:42:07,111,Tahap-3
01/21/2025,13,42,7,13:42:07,152,Tahap-3
01/21/2025,13,42,7,13:42:07,105,Tahap-3
01/21/2025,13,42,7,13:42:07,202,Tahap-3
01/21/2025,13,42,7,13:42:07,322,Tahap-3
01/21/2025,13,42,8,13:42:08,334,Tahap-3
01/21/2025,13,42,8,13:42:08,167,Tahap-3
01/21/2025,13,42,8,13:42:08,189,Tahap-3
01/21/2025,13,42,8,13:42:08,183,Tahap-3
01/21/2025,13,42,8,13:42:08,286,Tahap-3
01/21/2025,13,42,8,13:42:08,223,Tahap-3
01/21/2025,13,42,8,13:42:08,123,Tahap-3
01/21/2025,13,42,8,13:42:08,130,Tahap-3
01/21/2025,13,42,8,13:42:08,186,Tahap-3
01/21/2025,13,42,8,13:42:08,286,Tahap-3
01/21/2025,13,42,9,13:42:09,155,Tahap-3
01/21/2025,13,42,9,13:42:09,148,Tahap-3
01/21/2025,13,42,9,13:42:09,244,Tahap-3
01/21/2025,13,42,9,13:42:09,203,Tahap-3
01/21/2025,13,42,9,13:42:09,181,Tahap-3
01/21/2025,13,42,9,13:42:09,98,Tahap-3
01/21/2025,13,42,9,13:42:09,105,Tahap-3
01/21/2025,13,42,9,13:42:09,149,Tahap-3
01/21/2025,13,42,9,13:42:09,192,Tahap-3
01/21/2025,13,42,9,13:42:09,203,Tahap-3
01/21/2025,13,42,10,13:42:10,190,Tahap-3
01/21/2025,13,42,10,13:42:10,161,Tahap-3
01/21/2025,13,42,10,13:42:10,236,Tahap-3
01/21/2025,13,42,10,13:42:10,345,Tahap-3
01/21/2025,13,42,10,13:42:10,191,Tahap-3
01/21/2025,13,42,10,13:42:10,273,Tahap-3
01/21/2025,13,42,10,13:42:10,261,Tahap-3
01/21/2025,13,42,10,13:42:10,307,Tahap-3
01/21/2025,13,42,10,13:42:10,257,Tahap-3
01/21/2025,13,42,10,13:42:10,176,Tahap-3
01/21/2025,13,42,11,13:42:11,94,Tahap-3
01/21/2025,13,42,11,13:42:11,115,Tahap-3
01/21/2025,13,42,11,13:42:11,52,Tahap-3
01/21/2025,13,42,11,13:42:11,170,Tahap-3
01/21/2025,13,42,11,13:42:11,42,Tahap-3
01/21/2025,13,42,11,13:42:11,188,Tahap-3
01/21/2025,13,42,11,13:42:11,108,Tahap-3
01/21/2025,13,42,11,13:42:11,234,Tahap-3
01/21/2025,13,42,11,13:42:11,42,Tahap-3
01/21/2025,13,42,11,13:42:11,173,Tahap-3
01/21/2025,13,42,12,13:42:12,266,Tahap-3
01/21/2025,13,42,12,13:42:12,106,Tahap-3
01/21/2025,13,42,12,13:42:12,44,Tahap-3
01/21/2025,13,42,12,13:42:12,170,Tahap-3
01/21/2025,13,42,12,13:42:12,47,Tahap-3
01/21/2025,13,42,12,13:42:12,279,Tahap-3
01/21/2025,13,42,12,13:42:12,491,Tahap-3
01/21/2025,13,42,12,13:42:12,519,Tahap-3
01/21/2025,13,42,12,13:42:12,741,Tahap-3
01/21/2025,13,42,12,13:42:12,939,Tahap-3
01/21/2025,13,42,13,13:42:13,1157,Tahap-3
01/21/2025,13,42,13,13:42:13,513,Tahap-3
01/21/2025,13,42,13,13:42:13,184,Tahap-3
01/21/2025,13,42,13,13:42:13,40,Tahap-3
01/21/2025,13,42,13,13:42:13,62,Tahap-3
01/21/2025,13,42,13,13:42:13,96,Tahap-3
01/21/2025,13,42,13,13:42:13,61,Tahap-3
01/21/2025,13,42,13,13:42:13,108,Tahap-3
01/21/2025,13,42,13,13:42:13,108,Tahap-3
01/21/2025,13,42,13,13:42:13,165,Tahap-3
01/21/2025,13,42,14,13:42:14,96,Tahap-3
01/21/2025,13,42,14,13:42:14,161,Tahap-3
01/21/2025,13,42,14,13:42:14,97,Tahap-3
01/21/2025,13,42,14,13:42:14,205,Tahap-3
01/21/2025,13,42,14,13:42:14,193,Tahap-3
01/21/2025,13,42,14,13:42:14,95,Tahap-3
01/21/2025,13,42,14,13:42:14,200,Tahap-3
01/21/2025,13,42,14,13:42:14,170,Tahap-3
01/21/2025,13,42,14,13:42:14,967,Tahap-3
01/21/2025,13,42,14,13:42:14,440,Tahap-3
01/21/2025,13,42,15,13:42:15,338,Tahap-3
01/21/2025,13,42,15,13:42:15,581,Tahap-3
01/21/2025,13,42,15,13:42:15,1446,Tahap-3
01/21/2025,13,42,15,13:42:15,1701,Tahap-3
01/21/2025,13,42,15,13:42:15,682,Tahap-3
01/21/2025,13,42,15,13:42:15,510,Tahap-3
01/21/2025,13,42,15,13:42:15,282,Tahap-3
01/21/2025,13,42,15,13:42:15,207,Tahap-3
01/21/2025,13,42,15,13:42:15,142,Tahap-3
01/21/2025,13,42,15,13:42:15,65,Tahap-3
01/21/2025,13,42,16,13:42:16,46,Tahap-3
01/21/2025,13,42,16,13:42:16,87,Tahap-3
01/21/2025,13,42,16,13:42:16,93,Tahap-3
01/21/2025,13,42,16,13:42:16,193,Tahap-3
01/21/2025,13,42,16,13:42:16,161,Tahap-3
01/21/2025,13,42,16,13:42:16,145,Tahap-3
01/21/2025,13,42,16,13:42:16,78,Tahap-3
01/21/2025,13,42,16,13:42:16,120,Tahap-3
01/21/2025,13,42,16,13:42:16,471,Tahap-3
01/21/2025,13,42,16,13:42:16,190,Tahap-3
01/21/2025,13,42,17,13:42:17,293,Tahap-3
01/21/2025,13,42,17,13:42:17,137,Tahap-3
01/21/2025,13,42,17,13:42:17,254,Tahap-3
01/21/2025,13,42,17,13:42:17,360,Tahap-3
01/21/2025,13,42,17,13:42:17,300,Tahap-3
01/21/2025,13,42,17,13:42:17,500,Tahap-3
01/21/2025,13,42,17,13:42:17,666,Tahap-3
01/21/2025,13,42,17,13:42:17,732,Tahap-3
01/21/2025,13,42,17,13:42:17,691,Tahap-3
01/21/2025,13,42,17,13:42:17,316,Tahap-3
01/21/2025,13,42,18,13:42:18,65,Tahap-3
01/21/2025,13,42,18,13:42:18,80,Tahap-3
01/21/2025,13,42,19,13:42:19,106,Tahap-3
01/21/2025,13,42,19,13:42:19,140,Tahap-3
01/21/2025,13,42,19,13:42:19,110,Tahap-3
01/21/2025,13,42,19,13:42:19,267,Tahap-3
01/21/2025,13,42,19,13:42:19,149,Tahap-3
01/21/2025,13,42,19,13:42:19,12,Tahap-3
01/21/2025,13,42,19,13:42:19,-28,Tahap-3
01/21/2025,13,42,19,13:42:19,-160,Tahap-3
01/21/2025,13,42,19,13:42:19,24,Tahap-3
01/21/2025,13,42,19,13:42:19,32,Tahap-3
01/21/2025,13,42,19,13:42:19,-132,Tahap-3
01/21/2025,13,42,19,13:42:19,64,Tahap-3
01/21/2025,13,42,19,13:42:19,-136,Tahap-3
01/21/2025,13,42,19,13:42:19,80,Tahap-3
01/21/2025,13,42,19,13:42:19,100,Tahap-3
01/21/2025,13,42,19,13:42:19,-84,Tahap-3
01/21/2025,13,42,19,13:42:19,-12,Tahap-3
01/21/2025,13,42,19,13:42:19,64,Tahap-3
01/21/2025,13,42,20,13:42:20,-88,Tahap-3
01/21/2025,13,42,20,13:42:20,-16,Tahap-3
01/21/2025,13,42,20,13:42:20,128,Tahap-3
01/21/2025,13,42,20,13:42:20,-84,Tahap-3
01/21/2025,13,42,20,13:42:20,56,Tahap-3
01/21/2025,13,42,20,13:42:20,-120,Tahap-3
01/21/2025,13,42,20,13:42:20,80,Tahap-3
01/21/2025,13,42,20,13:42:20,16,Tahap-3
01/21/2025,13,42,20,13:42:20,-64,Tahap-3
01/21/2025,13,42,20,13:42:20,32,Tahap-3
01/21/2025,13,42,21,13:42:21,-24,Tahap-3
01/21/2025,13,42,21,13:42:21,-56,Tahap-3
01/21/2025,13,42,21,13:42:21,24,Tahap-3
01/21/2025,13,42,21,13:42:21,68,Tahap-3
01/21/2025,13,42,21,13:42:21,-32,Tahap-3
01/21/2025,13,42,21,13:42:21,-52,Tahap-3
01/21/2025,13,42,21,13:42:21,-72,Tahap-3
01/21/2025,13,42,21,13:42:21,148,Tahap-3
01/21/2025,13,42,21,13:42:21,-64,Tahap-3
01/21/2025,13,42,21,13:42:21,-44,Tahap-3
01/21/2025,13,42,22,13:42:22,36,Tahap-3
01/21/2025,13,42,22,13:42:22,-28,Tahap-3
01/21/2025,13,42,22,13:42:22,-68,Tahap-3
01/21/2025,13,42,22,13:42:22,12,Tahap-3
01/21/2025,13,42,22,13:42:22,-56,Tahap-3
01/21/2025,13,42,22,13:42:22,28,Tahap-3
01/21/2025,13,42,22,13:42:22,-36,Tahap-3
01/21/2025,13,42,22,13:42:22,-104,Tahap-3
01/21/2025,13,42,22,13:42:22,116,Tahap-3
01/21/2025,13,42,22,13:42:22,-164,Tahap-3
01/21/2025,13,42,23,13:42:23,-16,Tahap-3
01/21/2025,13,42,23,13:42:23,32,Tahap-3
01/21/2025,13,42,23,13:42:23,-92,Tahap-3
01/21/2025,13,42,23,13:42:23,-76,Tahap-3
01/21/2025,13,42,23,13:42:23,100,Tahap-3
01/21/2025,13,42,23,13:42:23,-164,Tahap-3
01/21/2025,13,42,23,13:42:23,28,Tahap-3
01/21/2025,13,42,23,13:42:23,-124,Tahap-3
01/21/2025,13,42,23,13:42:23,-20,Tahap-3
01/21/2025,13,42,24,13:42:24,-180,Tahap-3
01/21/2025,13,42,24,13:42:24,-56,Tahap-3
01/21/2025,13,42,24,13:42:24,-24,Tahap-3
01/21/2025,13,42,24,13:42:24,-80,Tahap-3
01/21/2025,13,42,24,13:42:24,-136,Tahap-3
01/21/2025,13,42,24,13:42:24,-12,Tahap-3
01/21/2025,13,42,24,13:42:24,-188,Tahap-3
01/21/2025,13,42,24,13:42:24,-40,Tahap-3
01/21/2025,13,42,24,13:42:24,-144,Tahap-3
01/21/2025,13,42,24,13:42:24,24,Tahap-3
01/21/2025,13,42,25,13:42:25,-88,Tahap-3
01/21/2025,13,42,25,13:42:25,-124,Tahap-3
01/21/2025,13,42,25,13:42:25,-52,Tahap-3
01/21/2025,13,42,25,13:42:25,-96,Tahap-3
01/21/2025,13,42,25,13:42:25,-100,Tahap-3
01/21/2025,13,42,25,13:42:25,-60,Tahap-3
01/21/2025,13,42,25,13:42:25,-80,Tahap-3
01/21/2025,13,42,25,13:42:25,-88,Tahap-3
01/21/2025,13,42,25,13:42:25,-84,Tahap-3
01/21/2025,13,42,25,13:42:25,-120,Tahap-3
01/21/2025,13,42,26,13:42:26,72,Tahap-3
01/21/2025,13,42,26,13:42:26,-120,Tahap-3
01/21/2025,13,42,26,13:42:26,-188,Tahap-3
01/21/2025,13,42,26,13:42:26,-40,Tahap-3
01/21/2025,13,42,26,13:42:26,-148,Tahap-3
01/21/2025,13,42,26,13:42:26,-100,Tahap-3
01/21/2025,13,42,26,13:42:26,-8,Tahap-3
01/21/2025,13,42,26,13:42:26,-84,Tahap-3
01/21/2025,13,42,26,13:42:26,-48,Tahap-3
01/21/2025,13,42,26,13:42:26,-60,Tahap-3
01/21/2025,13,42,27,13:42:27,-96,Tahap-3
01/21/2025,13,42,27,13:42:27,136,Tahap-3
01/21/2025,13,42,27,13:42:27,-100,Tahap-3
01/21/2025,13,42,27,13:42:27,-20,Tahap-3
01/21/2025,13,42,27,13:42:27,12,Tahap-3
01/21/2025,13,42,27,13:42:27,-52,Tahap-3
01/21/2025,13,42,27,13:42:27,-76,Tahap-3
01/21/2025,13,42,27,13:42:27,48,Tahap-3
01/21/2025,13,42,27,13:42:27,-104,Tahap-3
01/21/2025,13,42,27,13:42:27,-16,Tahap-3
01/21/2025,13,42,28,13:42:28,-56,Tahap-3
01/21/2025,13,42,28,13:42:28,-56,Tahap-3
01/21/2025,13,42,28,13:42:28,84,Tahap-3
01/21/2025,13,42,28,13:42:28,-156,Tahap-3
01/21/2025,13,42,28,13:42:28,-44,Tahap-3
01/21/2025,13,42,28,13:42:28,28,Tahap-3
01/21/2025,13,42,28,13:42:28,-96,Tahap-3
01/21/2025,13,42,28,13:42:28,-104,Tahap-3
01/21/2025,13,42,28,13:42:28,-8,Tahap-3
01/21/2025,13,42,28,13:42:28,-124,Tahap-3
01/21/2025,13,42,29,13:42:29,-84,Tahap-3
01/21/2025,13,42,29,13:42:29,-132,Tahap-3
01/21/2025,13,42,29,13:42:29,-28,Tahap-3
01/21/2025,13,42,29,13:42:29,8,Tahap-3
01/21/2025,13,42,29,13:42:29,-148,Tahap-3
01/21/2025,13,42,29,13:42:29,12,Tahap-3
01/21/2025,13,42,29,13:42:29,-16,Tahap-3
01/21/2025,13,42,29,13:42:29,-48,Tahap-3
01/21/2025,13,42,29,13:42:29,-60,Tahap-3
01/21/2025,13,42,29,13:42:29,-12,Tahap-3
01/21/2025,13,42,30,13:42:30,-56,Tahap-3
01/21/2025,13,42,30,13:42:30,4,Tahap-3
01/21/2025,13,42,30,13:42:30,-124,Tahap-3
01/21/2025,13,42,30,13:42:30,84,Tahap-3
01/21/2025,13,42,30,13:42:30,-52,Tahap-3
01/21/2025,13,42,30,13:42:30,-80,Tahap-3
01/21/2025,13,42,30,13:42:30,92,Tahap-3
01/21/2025,13,42,30,13:42:30,-52,Tahap-3
01/21/2025,13,42,30,13:42:30,-28,Tahap-3
01/21/2025,13,42,30,13:42:30,-20,Tahap-3
01/21/2025,13,42,31,13:42:31,-12,Tahap-3
01/21/2025,13,42,31,13:42:31,-28,Tahap-3
01/21/2025,13,42,31,13:42:31,36,Tahap-3
01/21/2025,13,42,31,13:42:31,-120,Tahap-3
01/21/2025,13,42,31,13:42:31,56,Tahap-3
01/21/2025,13,42,31,13:42:31,-84,Tahap-3
01/21/2025,13,42,56,13:42:56,7494,Tahap-3
01/21/2025,13,42,56,13:42:56,2416,Tahap-3
01/21/2025,13,42,56,13:42:56,2348,Tahap-3
01/21/2025,13,42,56,13:42:56,1415,Tahap-3
01/21/2025,13,42,56,13:42:56,711,Tahap-3
01/21/2025,13,42,56,13:42:56,818,Tahap-3
01/21/2025,13,42,56,13:42:56,646,Tahap-3
01/21/2025,13,42,56,13:42:56,688,Tahap-3
01/21/2025,13,42,56,13:42:56,497,Tahap-3
01/21/2025,13,42,56,13:42:56,426,Tahap-3
01/21/2025,13,42,57,13:42:57,423,Tahap-3
01/21/2025,13,42,57,13:42:57,395,Tahap-3
01/21/2025,13,42,57,13:42:57,329,Tahap-3
01/21/2025,13,42,57,13:42:57,306,Tahap-3
01/21/2025,13,42,57,13:42:57,409,Tahap-3
01/21/2025,13,42,57,13:42:57,315,Tahap-3
01/21/2025,13,42,57,13:42:57,362,Tahap-3
01/21/2025,13,42,57,13:42:57,334,Tahap-3
01/21/2025,13,42,57,13:42:57,312,Tahap-3
01/21/2025,13,42,57,13:42:57,268,Tahap-3
01/21/2025,13,42,58,13:42:58,188,Tahap-3
01/21/2025,13,42,58,13:42:58,194,Tahap-3
01/21/2025,13,42,58,13:42:58,335,Tahap-3
01/21/2025,13,42,58,13:42:58,320,Tahap-3
01/21/2025,13,42,58,13:42:58,117,Tahap-3
01/21/2025,13,42,58,13:42:58,267,Tahap-3
01/21/2025,13,42,58,13:42:58,304,Tahap-3
01/21/2025,13,42,58,13:42:58,217,Tahap-3
01/21/2025,13,42,58,13:42:58,225,Tahap-3
01/21/2025,13,42,58,13:42:58,192,Tahap-3
01/21/2025,13,42,59,13:42:59,287,Tahap-3
01/21/2025,13,42,59,13:42:59,183,Tahap-3
01/21/2025,13,42,59,13:42:59,111,Tahap-3
01/21/2025,13,42,59,13:42:59,131,Tahap-3
01/21/2025,13,42,59,13:42:59,76,Tahap-3
01/21/2025,13,42,59,13:42:59,167,Tahap-3
01/21/2025,13,42,59,13:42:59,319,Tahap-3
01/21/2025,13,42,59,13:42:59,19,Tahap-3
01/21/2025,13,42,59,13:42:59,178,Tahap-3
01/21/2025,13,42,59,13:42:59,267,Tahap-3
01/21/2025,13,43,1,13:43:01,135,Tahap-3
01/21/2025,13,43,1,13:43:01,107,Tahap-3
01/21/2025,13,43,1,13:43:01,67,Tahap-3
01/21/2025,13,43,1,13:43:01,81,Tahap-3
01/21/2025,13,43,1,13:43:01,69,Tahap-3
01/21/2025,13,43,1,13:43:01,177,Tahap-3
01/21/2025,13,43,1,13:43:01,172,Tahap-3
01/21/2025,13,43,1,13:43:01,158,Tahap-3
01/21/2025,13,43,1,13:43:01,150,Tahap-3
01/21/2025,13,43,1,13:43:01,148,Tahap-3
01/21/2025,13,43,2,13:43:02,61,Tahap-3
01/21/2025,13,43,2,13:43:02,107,Tahap-3
01/21/2025,13,43,2,13:43:02,108,Tahap-3
01/21/2025,13,43,2,13:43:02,161,Tahap-3
01/21/2025,13,43,2,13:43:02,431,Tahap-3
01/21/2025,13,43,2,13:43:02,352,Tahap-3
01/21/2025,13,43,2,13:43:02,415,Tahap-3
01/21/2025,13,43,2,13:43:02,561,Tahap-3
01/21/2025,13,43,2,13:43:02,576,Tahap-3
01/21/2025,13,43,2,13:43:02,754,Tahap-3
01/21/2025,13,43,3,13:43:03,227,Tahap-3
01/21/2025,13,43,3,13:43:03,1236,Tahap-3
01/21/2025,13,43,3,13:43:03,217,Tahap-3
01/21/2025,13,43,3,13:43:03,223,Tahap-3
01/21/2025,13,43,3,13:43:03,143,Tahap-3
01/21/2025,13,43,3,13:43:03,144,Tahap-3
01/21/2025,13,43,3,13:43:03,370,Tahap-3
01/21/2025,13,43,3,13:43:03,48,Tahap-3
01/21/2025,13,43,3,13:43:03,81,Tahap-3
01/21/2025,13,43,3,13:43:03,33,Tahap-3
01/21/2025,13,43,4,13:43:04,51,Tahap-3
01/21/2025,13,43,4,13:43:04,99,Tahap-3
01/21/2025,13,43,4,13:43:04,296,Tahap-3
01/21/2025,13,43,4,13:43:04,231,Tahap-3
01/21/2025,13,43,4,13:43:04,151,Tahap-3
01/21/2025,13,43,4,13:43:04,107,Tahap-3
01/21/2025,13,43,4,13:43:04,105,Tahap-3
01/21/2025,13,43,4,13:43:04,112,Tahap-3
01/21/2025,13,43,4,13:43:04,855,Tahap-3
01/21/2025,13,43,4,13:43:04,433,Tahap-3
01/21/2025,13,43,5,13:43:05,661,Tahap-3
01/21/2025,13,43,5,13:43:05,484,Tahap-3
01/21/2025,13,43,5,13:43:05,353,Tahap-3
01/21/2025,13,43,5,13:43:05,354,Tahap-3
01/21/2025,13,43,5,13:43:05,542,Tahap-3
01/21/2025,13,43,5,13:43:05,1696,Tahap-3
01/21/2025,13,43,5,13:43:05,674,Tahap-3
01/21/2025,13,43,5,13:43:05,286,Tahap-3
01/21/2025,13,43,5,13:43:05,497,Tahap-3
01/21/2025,13,43,5,13:43:05,242,Tahap-3
01/21/2025,13,43,5,13:43:05,154,Tahap-3
01/21/2025,13,43,6,13:43:06,252,Tahap-3
01/21/2025,13,43,6,13:43:06,198,Tahap-3
01/21/2025,13,43,6,13:43:06,270,Tahap-3
01/21/2025,13,43,6,13:43:06,248,Tahap-3
01/21/2025,13,43,6,13:43:06,135,Tahap-3
01/21/2025,13,43,6,13:43:06,341,Tahap-3
01/21/2025,13,43,6,13:43:06,351,Tahap-3
01/21/2025,13,43,6,13:43:06,55,Tahap-3
01/21/2025,13,43,6,13:43:06,500,Tahap-3
01/21/2025,13,43,6,13:43:06,410,Tahap-3
01/21/2025,13,43,7,13:43:07,409,Tahap-3
01/21/2025,13,43,7,13:43:07,375,Tahap-3
01/21/2025,13,43,7,13:43:07,443,Tahap-3
01/21/2025,13,43,7,13:43:07,704,Tahap-3
01/21/2025,13,43,7,13:43:07,252,Tahap-3
01/21/2025,13,43,7,13:43:07,205,Tahap-3
01/21/2025,13,43,7,13:43:07,237,Tahap-3
01/21/2025,13,43,7,13:43:07,872,Tahap-3
01/21/2025,13,43,7,13:43:07,444,Tahap-3
01/21/2025,13,43,7,13:43:07,494,Tahap-3
01/21/2025,13,43,8,13:43:08,252,Tahap-3
01/21/2025,13,43,8,13:43:08,268,Tahap-3
01/21/2025,13,43,8,13:43:08,167,Tahap-3
01/21/2025,13,43,8,13:43:08,257,Tahap-3
01/21/2025,13,43,8,13:43:08,318,Tahap-3
01/21/2025,13,43,8,13:43:08,254,Tahap-3
01/21/2025,13,43,8,13:43:08,-84,Tahap-3
01/21/2025,13,43,8,13:43:08,-44,Tahap-3
01/21/2025,13,43,8,13:43:08,-112,Tahap-3
01/21/2025,13,43,8,13:43:08,-128,Tahap-3
01/21/2025,13,43,9,13:43:09,-44,Tahap-3
01/21/2025,13,43,9,13:43:09,-188,Tahap-3
01/21/2025,13,43,9,13:43:09,-80,Tahap-3
01/21/2025,13,43,9,13:43:09,-200,Tahap-3
01/21/2025,13,43,9,13:43:09,-120,Tahap-3
01/21/2025,13,43,9,13:43:09,64,Tahap-3
01/21/2025,13,43,9,13:43:09,-216,Tahap-3
01/21/2025,13,43,9,13:43:09,-104,Tahap-3
01/21/2025,13,43,9,13:43:09,-72,Tahap-3
01/21/2025,13,43,9,13:43:09,-124,Tahap-3
01/21/2025,13,43,10,13:43:10,-140,Tahap-3
01/21/2025,13,43,10,13:43:10,-20,Tahap-3
01/21/2025,13,43,10,13:43:10,-156,Tahap-3
01/21/2025,13,43,10,13:43:10,-124,Tahap-3
01/21/2025,13,43,10,13:43:10,-212,Tahap-3
01/21/2025,13,43,10,13:43:10,-124,Tahap-3
01/21/2025,13,43,10,13:43:10,48,Tahap-3
01/21/2025,13,43,10,13:43:10,-284,Tahap-3
01/21/2025,13,43,10,13:43:10,-124,Tahap-3
01/21/2025,13,43,10,13:43:10,-84,Tahap-3
01/21/2025,13,43,11,13:43:11,-208,Tahap-3
01/21/2025,13,43,11,13:43:11,-156,Tahap-3
01/21/2025,13,43,11,13:43:11,-104,Tahap-3
01/21/2025,13,43,11,13:43:11,-176,Tahap-3
01/21/2025,13,43,11,13:43:11,-100,Tahap-3
01/21/2025,13,43,11,13:43:11,-256,Tahap-3
01/21/2025,13,43,11,13:43:11,-40,Tahap-3
01/21/2025,13,43,11,13:43:11,-180,Tahap-3
01/21/2025,13,43,11,13:43:11,-140,Tahap-3
01/21/2025,13,43,11,13:43:11,-96,Tahap-3
01/21/2025,13,43,12,13:43:12,-128,Tahap-3
01/21/2025,13,43,12,13:43:12,-228,Tahap-3
01/21/2025,13,43,12,13:43:12,-92,Tahap-3
01/21/2025,13,43,12,13:43:12,-200,Tahap-3
01/21/2025,13,43,12,13:43:12,-152,Tahap-3
01/21/2025,13,43,12,13:43:12,-192,Tahap-3
01/21/2025,13,43,12,13:43:12,-204,Tahap-3
01/21/2025,13,43,12,13:43:12,4,Tahap-3
01/21/2025,13,43,12,13:43:12,-296,Tahap-3
01/21/2025,13,43,12,13:43:12,-124,Tahap-3
01/21/2025,13,43,13,13:43:13,-72,Tahap-3
01/21/2025,13,43,13,13:43:13,-240,Tahap-3
01/21/2025,13,43,13,13:43:13,-176,Tahap-3
01/21/2025,13,43,13,13:43:13,-132,Tahap-3
01/21/2025,13,43,13,13:43:13,-244,Tahap-3
01/21/2025,13,43,13,13:43:13,-108,Tahap-3
01/21/2025,13,43,13,13:43:13,-264,Tahap-3
01/21/2025,13,43,13,13:43:13,-180,Tahap-3
01/21/2025,13,43,13,13:43:13,-68,Tahap-3
01/21/2025,13,43,13,13:43:13,-300,Tahap-3
01/21/2025,13,43,14,13:43:14,-192,Tahap-3
01/21/2025,13,43,14,13:43:14,-100,Tahap-3
01/21/2025,13,43,14,13:43:14,-252,Tahap-3
01/21/2025,13,43,14,13:43:14,-260,Tahap-3
01/21/2025,13,43,14,13:43:14,-136,Tahap-3
01/21/2025,13,43,14,13:43:14,-304,Tahap-3
01/21/2025,13,43,14,13:43:14,-116,Tahap-3
01/21/2025,13,43,14,13:43:14,-324,Tahap-3
01/21/2025,13,43,14,13:43:14,-116,Tahap-3
01/21/2025,13,43,14,13:43:14,-144,Tahap-3
01/21/2025,13,43,15,13:43:15,-308,Tahap-3
01/21/2025,13,43,15,13:43:15,-144,Tahap-3
01/21/2025,13,43,15,13:43:15,-148,Tahap-3
01/21/2025,13,43,15,13:43:15,-172,Tahap-3
01/21/2025,13,43,15,13:43:15,-240,Tahap-3
01/21/2025,13,43,15,13:43:15,-144,Tahap-3
01/21/2025,13,43,15,13:43:15,-288,Tahap-3
01/21/2025,13,43,15,13:43:15,-180,Tahap-3
01/21/2025,13,43,15,13:43:15,-276,Tahap-3
01/21/2025,13,43,15,13:43:15,-124,Tahap-3
01/21/2025,13,43,16,13:43:16,-184,Tahap-3
01/21/2025,13,43,16,13:43:16,-312,Tahap-3
01/21/2025,13,43,16,13:43:16,-96,Tahap-3
01/21/2025,13,43,16,13:43:16,-236,Tahap-3
01/21/2025,13,43,16,13:43:16,-204,Tahap-3
01/21/2025,13,43,16,13:43:16,-212,Tahap-3
01/21/2025,13,43,16,13:43:16,-244,Tahap-3
01/21/2025,13,43,16,13:43:16,-232,Tahap-3
01/21/2025,13,43,16,13:43:16,-292,Tahap-3
01/21/2025,13,43,16,13:43:16,-268,Tahap-3
01/21/2025,13,43,17,13:43:17,-80,Tahap-3
01/21/2025,13,43,17,13:43:17,-348,Tahap-3
01/21/2025,13,43,17,13:43:17,-216,Tahap-3
01/21/2025,13,43,17,13:43:17,-216,Tahap-3
01/21/2025,13,43,17,13:43:17,-248,Tahap-3
01/21/2025,13,43,17,13:43:17,-276,Tahap-3
01/21/2025,13,43,17,13:43:17,-132,Tahap-3
01/21/2025,13,43,17,13:43:17,-320,Tahap-3
01/21/2025,13,43,17,13:43:17,-196,Tahap-3
01/21/2025,13,43,17,13:43:17,-280,Tahap-3
01/21/2025,13,43,18,13:43:18,-212,Tahap-3
01/21/2025,13,43,19,13:43:19,-84,Tahap-3
01/21/2025,13,43,19,13:43:19,-344,Tahap-3
01/21/2025,13,43,19,13:43:19,-172,Tahap-3
01/21/2025,13,43,19,13:43:19,-160,Tahap-3
01/21/2025,13,43,19,13:43:19,-220,Tahap-3
01/21/2025,13,43,19,13:43:19,-240,Tahap-3
01/21/2025,13,43,19,13:43:19,-140,Tahap-3
01/21/2025,13,43,19,13:43:19,-216,Tahap-3
01/21/2025,13,43,19,13:43:19,-144,Tahap-3
01/21/2025,13,43,19,13:43:19,-228,Tahap-3
01/21/2025,13,43,19,13:43:19,-60,Tahap-3
01/21/2025,13,43,19,13:43:19,-204,Tahap-3
01/21/2025,13,43,19,13:43:19,-196,Tahap-3
01/21/2025,13,43,19,13:43:19,-132,Tahap-3
01/21/2025,13,43,19,13:43:19,-120,Tahap-3
01/21/2025,13,43,19,13:43:19,-200,Tahap-3
01/21/2025,13,43,19,13:43:19,-88,Tahap-3
01/21/2025,13,43,19,13:43:19,-188,Tahap-3
01/21/2025,13,43,19,13:43:19,-112,Tahap-3
01/21/2025,13,43,20,13:43:20,-188,Tahap-3
01/21/2025,13,43,20,13:43:20,-192,Tahap-3
01/21/2025,13,43,20,13:43:20,16,Tahap-3
01/21/2025,13,43,20,13:43:20,-228,Tahap-3
01/21/2025,13,43,20,13:43:20,-60,Tahap-3
01/21/2025,13,43,20,13:43:20,-12,Tahap-3
01/21/2025,13,43,20,13:43:20,-144,Tahap-3
01/21/2025,13,43,20,13:43:20,-88,Tahap-3
01/21/2025,13,43,20,13:43:20,-64,Tahap-3
01/21/2025,13,43,20,13:43:20,-144,Tahap-3
01/21/2025,13,43,21,13:43:21,-72,Tahap-3
01/21/2025,13,43,21,13:43:21,-112,Tahap-3
01/21/2025,13,43,21,13:43:21,-116,Tahap-3
01/21/2025,13,43,21,13:43:21,-12,Tahap-3
01/21/2025,13,43,21,13:43:21,-232,Tahap-3
01/21/2025,13,43,45,13:43:45,1788,Tahap-3
01/21/2025,13,43,46,13:43:46,1001,Tahap-3
01/21/2025,13,43,46,13:43:46,491,Tahap-3
01/21/2025,13,43,46,13:43:46,1216,Tahap-3
01/21/2025,13,43,46,13:43:46,660,Tahap-3
01/21/2025,13,43,46,13:43:46,130,Tahap-3
01/21/2025,13,43,46,13:43:46,388,Tahap-3
01/21/2025,13,43,46,13:43:46,224,Tahap-3
01/21/2025,13,43,46,13:43:46,43,Tahap-3
01/21/2025,13,43,46,13:43:46,351,Tahap-3
01/21/2025,13,43,46,13:43:46,85,Tahap-3
01/21/2025,13,43,47,13:43:47,170,Tahap-3
01/21/2025,13,43,47,13:43:47,141,Tahap-3
01/21/2025,13,43,47,13:43:47,133,Tahap-3
01/21/2025,13,43,47,13:43:47,184,Tahap-3
01/21/2025,13,43,47,13:43:47,80,Tahap-3
01/21/2025,13,43,47,13:43:47,158,Tahap-3
01/21/2025,13,43,47,13:43:47,79,Tahap-3
01/21/2025,13,43,47,13:43:47,53,Tahap-3
01/21/2025,13,43,47,13:43:47,92,Tahap-3
01/21/2025,13,43,47,13:43:47,83,Tahap-3
01/21/2025,13,43,48,13:43:48,127,Tahap-3
01/21/2025,13,43,48,13:43:48,44,Tahap-3
01/21/2025,13,43,49,13:43:49,243,Tahap-3
01/21/2025,13,43,49,13:43:49,186,Tahap-3
01/21/2025,13,43,49,13:43:49,105,Tahap-3
01/21/2025,13,43,49,13:43:49,62,Tahap-3
01/21/2025,13,43,49,13:43:49,125,Tahap-3
01/21/2025,13,43,49,13:43:49,10,Tahap-3
01/21/2025,13,43,49,13:43:49,292,Tahap-3
01/21/2025,13,43,49,13:43:49,49,Tahap-3
01/21/2025,13,43,49,13:43:49,83,Tahap-3
01/21/2025,13,43,49,13:43:49,99,Tahap-3
01/21/2025,13,43,49,13:43:49,85,Tahap-3
01/21/2025,13,43,49,13:43:49,46,Tahap-3
01/21/2025,13,43,49,13:43:49,166,Tahap-3
01/21/2025,13,43,49,13:43:49,92,Tahap-3
01/21/2025,13,43,49,13:43:49,39,Tahap-3
01/21/2025,13,43,49,13:43:49,100,Tahap-3
01/21/2025,13,43,49,13:43:49,124,Tahap-3
01/21/2025,13,43,49,13:43:49,57,Tahap-3
01/21/2025,13,43,50,13:43:50,105,Tahap-3
01/21/2025,13,43,50,13:43:50,56,Tahap-3
01/21/2025,13,43,50,13:43:50,265,Tahap-3
01/21/2025,13,43,50,13:43:50,234,Tahap-3
01/21/2025,13,43,50,13:43:50,130,Tahap-3
01/21/2025,13,43,50,13:43:50,154,Tahap-3
01/21/2025,13,43,50,13:43:50,248,Tahap-3
01/21/2025,13,43,50,13:43:50,45,Tahap-3
01/21/2025,13,43,50,13:43:50,128,Tahap-3
01/21/2025,13,43,50,13:43:50,30,Tahap-3
01/21/2025,13,43,51,13:43:51,131,Tahap-3
01/21/2025,13,43,51,13:43:51,24,Tahap-3
01/21/2025,13,43,51,13:43:51,110,Tahap-3
01/21/2025,13,43,51,13:43:51,54,Tahap-3
01/21/2025,13,43,51,13:43:51,37,Tahap-3
01/21/2025,13,43,51,13:43:51,43,Tahap-3
01/21/2025,13,43,51,13:43:51,12,Tahap-3
01/21/2025,13,43,51,13:43:51,22,Tahap-3
01/21/2025,13,43,51,13:43:51,57,Tahap-3
01/21/2025,13,43,51,13:43:51,36,Tahap-3
01/21/2025,13,43,52,13:43:52,61,Tahap-3
01/21/2025,13,43,52,13:43:52,209,Tahap-3
01/21/2025,13,43,52,13:43:52,214,Tahap-3
01/21/2025,13,43,52,13:43:52,117,Tahap-3
01/21/2025,13,43,52,13:43:52,25,Tahap-3
01/21/2025,13,43,52,13:43:52,139,Tahap-3
01/21/2025,13,43,52,13:43:52,237,Tahap-3
01/21/2025,13,43,52,13:43:52,161,Tahap-3
01/21/2025,13,43,52,13:43:52,385,Tahap-3
01/21/2025,13,43,52,13:43:52,524,Tahap-3
01/21/2025,13,43,53,13:43:53,1080,Tahap-3
01/21/2025,13,43,53,13:43:53,510,Tahap-3
01/21/2025,13,43,53,13:43:53,96,Tahap-3
01/21/2025,13,43,53,13:43:53,147,Tahap-3
01/21/2025,13,43,53,13:43:53,184,Tahap-3
01/21/2025,13,43,53,13:43:53,218,Tahap-3
01/21/2025,13,43,53,13:43:53,71,Tahap-3
01/21/2025,13,43,53,13:43:53,54,Tahap-3
01/21/2025,13,43,53,13:43:53,102,Tahap-3
01/21/2025,13,43,53,13:43:53,89,Tahap-3
01/21/2025,13,43,54,13:43:54,95,Tahap-3
01/21/2025,13,43,54,13:43:54,151,Tahap-3
01/21/2025,13,43,54,13:43:54,80,Tahap-3
01/21/2025,13,43,54,13:43:54,78,Tahap-3
01/21/2025,13,43,54,13:43:54,45,Tahap-3
01/21/2025,13,43,54,13:43:54,128,Tahap-3
01/21/2025,13,43,54,13:43:54,102,Tahap-3
01/21/2025,13,43,54,13:43:54,860,Tahap-3
01/21/2025,13,43,54,13:43:54,282,Tahap-3
01/21/2025,13,43,54,13:43:54,210,Tahap-3
01/21/2025,13,43,55,13:43:55,347,Tahap-3
01/21/2025,13,43,55,13:43:55,185,Tahap-3
01/21/2025,13,43,55,13:43:55,739,Tahap-3
01/21/2025,13,43,55,13:43:55,1351,Tahap-3
01/21/2025,13,43,55,13:43:55,826,Tahap-3
01/21/2025,13,43,55,13:43:55,735,Tahap-3
01/21/2025,13,43,55,13:43:55,383,Tahap-3
01/21/2025,13,43,55,13:43:55,410,Tahap-3
01/21/2025,13,43,55,13:43:55,51,Tahap-3
01/21/2025,13,43,55,13:43:55,98,Tahap-3
01/21/2025,13,43,56,13:43:56,159,Tahap-3
01/21/2025,13,43,56,13:43:56,242,Tahap-3
01/21/2025,13,43,56,13:43:56,294,Tahap-3
01/21/2025,13,43,56,13:43:56,41,Tahap-3
01/21/2025,13,43,56,13:43:56,49,Tahap-3
01/21/2025,13,43,56,13:43:56,304,Tahap-3
01/21/2025,13,43,56,13:43:56,274,Tahap-3
01/21/2025,13,43,56,13:43:56,163,Tahap-3
01/21/2025,13,43,56,13:43:56,171,Tahap-3
01/21/2025,13,43,56,13:43:56,290,Tahap-3
01/21/2025,13,43,57,13:43:57,327,Tahap-3
01/21/2025,13,43,57,13:43:57,199,Tahap-3
01/21/2025,13,43,57,13:43:57,111,Tahap-3
01/21/2025,13,43,57,13:43:57,261,Tahap-3
01/21/2025,13,43,57,13:43:57,79,Tahap-3
01/21/2025,13,43,57,13:43:57,299,Tahap-3
01/21/2025,13,43,57,13:43:57,580,Tahap-3
01/21/2025,13,43,57,13:43:57,873,Tahap-3
01/21/2025,13,43,57,13:43:57,404,Tahap-3
01/21/2025,13,43,57,13:43:57,304,Tahap-3
01/21/2025,13,43,58,13:43:58,303,Tahap-3
01/21/2025,13,43,58,13:43:58,236,Tahap-3
01/21/2025,13,43,58,13:43:58,115,Tahap-3
01/21/2025,13,43,58,13:43:58,164,Tahap-3
01/21/2025,13,43,58,13:43:58,196,Tahap-3
01/21/2025,13,43,58,13:43:58,221,Tahap-3
01/21/2025,13,43,58,13:43:58,-76,Tahap-3
01/21/2025,13,43,58,13:43:58,8,Tahap-3
01/21/2025,13,43,58,13:43:58,32,Tahap-3
01/21/2025,13,43,58,13:43:58,-164,Tahap-3
01/21/2025,13,43,59,13:43:59,12,Tahap-3
01/21/2025,13,43,59,13:43:59,-148,Tahap-3
01/21/2025,13,43,59,13:43:59,88,Tahap-3
01/21/2025,13,43,59,13:43:59,16,Tahap-3
01/21/2025,13,43,59,13:43:59,-104,Tahap-3
01/21/2025,13,43,59,13:43:59,52,Tahap-3
01/21/2025,13,43,59,13:43:59,-20,Tahap-3
01/21/2025,13,43,59,13:43:59,-88,Tahap-3
01/21/2025,13,43,59,13:43:59,12,Tahap-3
01/21/2025,13,43,59,13:43:59,20,Tahap-3
01/21/2025,13,44,1,13:44:01,36,Tahap-3
01/21/2025,13,44,1,13:44:01,104,Tahap-3
01/21/2025,13,44,1,13:44:01,12,Tahap-3
01/21/2025,13,44,1,13:44:01,8,Tahap-3
01/21/2025,13,44,1,13:44:01,84,Tahap-3
01/21/2025,13,44,1,13:44:01,-96,Tahap-3
01/21/2025,13,44,1,13:44:01,20,Tahap-3
01/21/2025,13,44,1,13:44:01,56,Tahap-3
01/21/2025,13,44,1,13:44:01,36,Tahap-3
01/21/2025,13,44,1,13:44:01,-32,Tahap-3
01/21/2025,13,44,2,13:44:02,68,Tahap-3
01/21/2025,13,44,2,13:44:02,-60,Tahap-3
01/21/2025,13,44,2,13:44:02,64,Tahap-3
01/21/2025,13,44,2,13:44:02,-80,Tahap-3
01/21/2025,13,44,2,13:44:02,-4,Tahap-3
01/21/2025,13,44,2,13:44:02,112,Tahap-3
01/21/2025,13,44,2,13:44:02,-136,Tahap-3
01/21/2025,13,44,2,13:44:02,24,Tahap-3
01/21/2025,13,44,2,13:44:02,132,Tahap-3
01/21/2025,13,44,2,13:44:02,-40,Tahap-3
01/21/2025,13,44,3,13:44:03,-12,Tahap-3
01/21/2025,13,44,3,13:44:03,76,Tahap-3
01/21/2025,13,44,3,13:44:03,-100,Tahap-3
01/21/2025,13,44,3,13:44:03,68,Tahap-3
01/21/2025,13,44,3,13:44:03,-68,Tahap-3
01/21/2025,13,44,3,13:44:03,104,Tahap-3
01/21/2025,13,44,3,13:44:03,60,Tahap-3
01/21/2025,13,44,3,13:44:03,-48,Tahap-3
01/21/2025,13,44,3,13:44:03,40,Tahap-3
01/21/2025,13,44,3,13:44:03,84,Tahap-3
01/21/2025,13,44,4,13:44:04,104,Tahap-3
01/21/2025,13,44,4,13:44:04,-48,Tahap-3
01/21/2025,13,44,4,13:44:04,72,Tahap-3
01/21/2025,13,44,4,13:44:04,-96,Tahap-3
01/21/2025,13,44,4,13:44:04,136,Tahap-3
01/21/2025,13,44,4,13:44:04,16,Tahap-3
01/21/2025,13,44,4,13:44:04,-56,Tahap-3
01/21/2025,13,44,4,13:44:04,148,Tahap-3
01/21/2025,13,44,5,13:44:05,56,Tahap-3
01/21/2025,13,44,5,13:44:05,108,Tahap-3
01/21/2025,13,44,5,13:44:05,68,Tahap-3
01/21/2025,13,44,5,13:44:05,108,Tahap-3
01/21/2025,13,44,5,13:44:05,24,Tahap-3
01/21/2025,13,44,5,13:44:05,68,Tahap-3
01/21/2025,13,44,5,13:44:05,28,Tahap-3
01/21/2025,13,44,5,13:44:05,220,Tahap-3
01/21/2025,13,44,5,13:44:05,20,Tahap-3
01/21/2025,13,44,5,13:44:05,80,Tahap-3
01/21/2025,13,44,6,13:44:06,160,Tahap-3
01/21/2025,13,44,6,13:44:06,104,Tahap-3
01/21/2025,13,44,6,13:44:06,56,Tahap-3
01/21/2025,13,44,6,13:44:06,180,Tahap-3
01/21/2025,13,44,6,13:44:06,52,Tahap-3
01/21/2025,13,44,6,13:44:06,128,Tahap-3
01/21/2025,13,44,6,13:44:06,96,Tahap-3
01/21/2025,13,44,6,13:44:06,64,Tahap-3
01/21/2025,13,44,6,13:44:06,316,Tahap-3
01/21/2025,13,44,7,13:44:07,160,Tahap-3
01/21/2025,13,44,7,13:44:07,204,Tahap-3
01/21/2025,13,44,7,13:44:07,96,Tahap-3
01/21/2025,13,44,7,13:44:07,60,Tahap-3
01/21/2025,13,44,7,13:44:07,232,Tahap-3
01/21/2025,13,44,7,13:44:07,52,Tahap-3
01/21/2025,13,44,7,13:44:07,148,Tahap-3
01/21/2025,13,44,7,13:44:07,68,Tahap-3
01/21/2025,13,44,7,13:44:07,32,Tahap-3
01/21/2025,13,44,7,13:44:07,244,Tahap-3
01/21/2025,13,44,8,13:44:08,12,Tahap-3
01/21/2025,13,44,8,13:44:08,140,Tahap-3
01/21/2025,13,44,8,13:44:08,176,Tahap-3
01/21/2025,13,44,8,13:44:08,52,Tahap-3
01/21/2025,13,44,8,13:44:08,20,Tahap-3
01/21/2025,13,44,8,13:44:08,160,Tahap-3
01/21/2025,13,44,8,13:44:08,36,Tahap-3
01/21/2025,13,44,8,13:44:08,124,Tahap-3
01/21/2025,13,44,8,13:44:08,-16,Tahap-3
01/21/2025,13,44,8,13:44:08,140,Tahap-3
01/21/2025,13,44,9,13:44:09,52,Tahap-3
01/21/2025,13,44,9,13:44:09,-16,Tahap-3
01/21/2025,13,44,9,13:44:09,92,Tahap-3
01/21/2025,13,44,9,13:44:09,56,Tahap-3
01/21/2025,13,44,9,13:44:09,-12,Tahap-3
01/21/2025,13,44,9,13:44:09,56,Tahap-3
01/21/2025,13,44,9,13:44:09,32,Tahap-3
01/21/2025,13,44,9,13:44:09,-16,Tahap-3
01/21/2025,13,44,9,13:44:09,48,Tahap-3
01/21/2025,13,44,9,13:44:09,-116,Tahap-3
01/21/2025,13,44,10,13:44:10,144,Tahap-3
01/21/2025,13,44,10,13:44:10,-72,Tahap-3
01/21/2025,13,44,10,13:44:10,-44,Tahap-3
01/21/2025,13,44,10,13:44:10,144,Tahap-3
01/21/2025,13,44,10,13:44:10,-40,Tahap-3
01/21/2025,13,44,10,13:44:10,-44,Tahap-3
01/21/2025,13,44,10,13:44:10,84,Tahap-3
01/21/2025,13,44,10,13:44:10,-72,Tahap-3
01/21/2025,13,44,10,13:44:10,32,Tahap-3
01/21/2025,13,44,10,13:44:10,4,Tahap-3
01/21/2025,13,44,11,13:44:11,-44,Tahap-3
01/21/2025,13,44,11,13:44:11,164,Tahap-3
01/21/2025,13,44,11,13:44:11,-144,Tahap-3
01/21/2025,13,44,11,13:44:11,-4,Tahap-3
01/21/2025,13,44,11,13:44:11,124,Tahap-3
01/21/2025,13,44,35,13:44:35,5401,Tahap-3
01/21/2025,13,44,35,13:44:35,3288,Tahap-3
01/21/2025,13,44,36,13:44:36,1847,Tahap-3
01/21/2025,13,44,36,13:44:36,452,Tahap-3
01/21/2025,13,44,36,13:44:36,1085,Tahap-3
01/21/2025,13,44,36,13:44:36,524,Tahap-3
01/21/2025,13,44,36,13:44:36,924,Tahap-3
01/21/2025,13,44,36,13:44:36,467,Tahap-3
01/21/2025,13,44,36,13:44:36,527,Tahap-3
01/21/2025,13,44,36,13:44:36,578,Tahap-3
01/21/2025,13,44,36,13:44:36,342,Tahap-3
01/21/2025,13,44,36,13:44:36,499,Tahap-3
01/21/2025,13,44,37,13:44:37,333,Tahap-3
01/21/2025,13,44,37,13:44:37,308,Tahap-3
01/21/2025,13,44,37,13:44:37,242,Tahap-3
01/21/2025,13,44,37,13:44:37,389,Tahap-3
01/21/2025,13,44,37,13:44:37,266,Tahap-3
01/21/2025,13,44,37,13:44:37,250,Tahap-3
01/21/2025,13,44,37,13:44:37,310,Tahap-3
01/21/2025,13,44,37,13:44:37,240,Tahap-3
01/21/2025,13,44,37,13:44:37,211,Tahap-3
01/21/2025,13,44,37,13:44:37,157,Tahap-3
01/21/2025,13,44,38,13:44:38,153,Tahap-3
01/21/2025,13,44,38,13:44:38,324,Tahap-3
01/21/2025,13,44,38,13:44:38,228,Tahap-3
01/21/2025,13,44,38,13:44:38,210,Tahap-3
01/21/2025,13,44,38,13:44:38,187,Tahap-3
01/21/2025,13,44,38,13:44:38,234,Tahap-3
01/21/2025,13,44,38,13:44:38,286,Tahap-3
01/21/2025,13,44,38,13:44:38,117,Tahap-3
01/21/2025,13,44,38,13:44:38,227,Tahap-3
01/21/2025,13,44,38,13:44:38,236,Tahap-3
01/21/2025,13,44,39,13:44:39,158,Tahap-3
01/21/2025,13,44,39,13:44:39,198,Tahap-3
01/21/2025,13,44,39,13:44:39,114,Tahap-3
01/21/2025,13,44,39,13:44:39,283,Tahap-3
01/21/2025,13,44,39,13:44:39,34,Tahap-3
01/21/2025,13,44,39,13:44:39,210,Tahap-3
01/21/2025,13,44,39,13:44:39,135,Tahap-3
01/21/2025,13,44,39,13:44:39,131,Tahap-3
01/21/2025,13,44,39,13:44:39,202,Tahap-3
01/21/2025,13,44,39,13:44:39,211,Tahap-3
01/21/2025,13,44,40,13:44:40,182,Tahap-3
01/21/2025,13,44,40,13:44:40,357,Tahap-3
01/21/2025,13,44,40,13:44:40,250,Tahap-3
01/21/2025,13,44,40,13:44:40,115,Tahap-3
01/21/2025,13,44,40,13:44:40,219,Tahap-3
01/21/2025,13,44,40,13:44:40,368,Tahap-3
01/21/2025,13,44,40,13:44:40,234,Tahap-3
01/21/2025,13,44,40,13:44:40,99,Tahap-3
01/21/2025,13,44,40,13:44:40,43,Tahap-3
01/21/2025,13,44,40,13:44:40,56,Tahap-3
01/21/2025,13,44,41,13:44:41,17,Tahap-3
01/21/2025,13,44,41,13:44:41,82,Tahap-3
01/21/2025,13,44,41,13:44:41,142,Tahap-3
01/21/2025,13,44,41,13:44:41,83,Tahap-3
01/21/2025,13,44,41,13:44:41,141,Tahap-3
01/21/2025,13,44,41,13:44:41,46,Tahap-3
01/21/2025,13,44,41,13:44:41,121,Tahap-3
01/21/2025,13,44,41,13:44:41,42,Tahap-3
01/21/2025,13,44,41,13:44:41,71,Tahap-3
01/21/2025,13,44,41,13:44:41,101,Tahap-3
01/21/2025,13,44,42,13:44:42,26,Tahap-3
01/21/2025,13,44,42,13:44:42,73,Tahap-3
01/21/2025,13,44,42,13:44:42,123,Tahap-3
01/21/2025,13,44,42,13:44:42,67,Tahap-3
01/21/2025,13,44,42,13:44:42,83,Tahap-3
01/21/2025,13,44,42,13:44:42,164,Tahap-3
01/21/2025,13,44,42,13:44:42,150,Tahap-3
01/21/2025,13,44,42,13:44:42,505,Tahap-3
01/21/2025,13,44,42,13:44:42,851,Tahap-3
01/21/2025,13,44,42,13:44:42,822,Tahap-3
01/21/2025,13,44,43,13:44:43,169,Tahap-3
01/21/2025,13,44,43,13:44:43,84,Tahap-3
01/21/2025,13,44,43,13:44:43,258,Tahap-3
01/21/2025,13,44,43,13:44:43,149,Tahap-3
01/21/2025,13,44,43,13:44:43,115,Tahap-3
01/21/2025,13,44,43,13:44:43,67,Tahap-3
01/21/2025,13,44,43,13:44:43,68,Tahap-3
01/21/2025,13,44,43,13:44:43,88,Tahap-3
01/21/2025,13,44,43,13:44:43,142,Tahap-3
01/21/2025,13,44,43,13:44:43,133,Tahap-3
01/21/2025,13,44,44,13:44:44,159,Tahap-3
01/21/2025,13,44,44,13:44:44,162,Tahap-3
01/21/2025,13,44,44,13:44:44,228,Tahap-3
01/21/2025,13,44,44,13:44:44,38,Tahap-3
01/21/2025,13,44,44,13:44:44,47,Tahap-3
01/21/2025,13,44,44,13:44:44,93,Tahap-3
01/21/2025,13,44,44,13:44:44,711,Tahap-3
01/21/2025,13,44,44,13:44:44,49,Tahap-3
01/21/2025,13,44,44,13:44:44,33,Tahap-3
01/21/2025,13,44,44,13:44:44,400,Tahap-3
01/21/2025,13,44,45,13:44:45,259,Tahap-3
01/21/2025,13,44,45,13:44:45,834,Tahap-3
01/21/2025,13,44,45,13:44:45,1691,Tahap-3
01/21/2025,13,44,45,13:44:45,802,Tahap-3
01/21/2025,13,44,45,13:44:45,135,Tahap-3
01/21/2025,13,44,45,13:44:45,157,Tahap-3
01/21/2025,13,44,45,13:44:45,216,Tahap-3
01/21/2025,13,44,45,13:44:45,165,Tahap-3
01/21/2025,13,44,45,13:44:45,231,Tahap-3
01/21/2025,13,44,45,13:44:45,76,Tahap-3
01/21/2025,13,44,46,13:44:46,192,Tahap-3
01/21/2025,13,44,46,13:44:46,173,Tahap-3
01/21/2025,13,44,46,13:44:46,153,Tahap-3
01/21/2025,13,44,46,13:44:46,133,Tahap-3
01/21/2025,13,44,46,13:44:46,312,Tahap-3
01/21/2025,13,44,46,13:44:46,268,Tahap-3
01/21/2025,13,44,46,13:44:46,134,Tahap-3
01/21/2025,13,44,46,13:44:46,202,Tahap-3
01/21/2025,13,44,46,13:44:46,253,Tahap-3
01/21/2025,13,44,46,13:44:46,33,Tahap-3
01/21/2025,13,44,47,13:44:47,232,Tahap-3
01/21/2025,13,44,47,13:44:47,162,Tahap-3
01/21/2025,13,44,47,13:44:47,131,Tahap-3
01/21/2025,13,44,47,13:44:47,185,Tahap-3
01/21/2025,13,44,47,13:44:47,219,Tahap-3
01/21/2025,13,44,47,13:44:47,593,Tahap-3
01/21/2025,13,44,47,13:44:47,1047,Tahap-3
01/21/2025,13,44,47,13:44:47,473,Tahap-3
01/21/2025,13,44,47,13:44:47,322,Tahap-3
01/21/2025,13,44,47,13:44:47,428,Tahap-3
01/21/2025,13,44,48,13:44:48,100,Tahap-3
01/21/2025,13,44,48,13:44:48,99,Tahap-3
01/21/2025,13,44,49,13:44:49,101,Tahap-3
01/21/2025,13,44,49,13:44:49,170,Tahap-3
01/21/2025,13,44,49,13:44:49,353,Tahap-3
01/21/2025,13,44,49,13:44:49,168,Tahap-3
01/21/2025,13,44,49,13:44:49,68,Tahap-3
01/21/2025,13,44,49,13:44:49,100,Tahap-3
01/21/2025,13,44,49,13:44:49,156,Tahap-3
01/21/2025,13,44,49,13:44:49,52,Tahap-3
01/21/2025,13,44,49,13:44:49,152,Tahap-3
01/21/2025,13,44,49,13:44:49,16,Tahap-3
01/21/2025,13,44,49,13:44:49,212,Tahap-3
01/21/2025,13,44,49,13:44:49,152,Tahap-3
01/21/2025,13,44,49,13:44:49,4,Tahap-3
01/21/2025,13,44,49,13:44:49,264,Tahap-3
01/21/2025,13,44,49,13:44:49,148,Tahap-3
01/21/2025,13,44,49,13:44:49,160,Tahap-3
01/21/2025,13,44,49,13:44:49,172,Tahap-3
01/21/2025,13,44,49,13:44:49,148,Tahap-3
01/21/2025,13,44,50,13:44:50,136,Tahap-3
01/21/2025,13,44,50,13:44:50,176,Tahap-3
01/21/2025,13,44,50,13:44:50,32,Tahap-3
01/21/2025,13,44,50,13:44:50,276,Tahap-3
01/21/2025,13,44,50,13:44:50,76,Tahap-3
01/21/2025,13,44,50,13:44:50,68,Tahap-3
01/21/2025,13,44,50,13:44:50,212,Tahap-3
01/21/2025,13,44,50,13:44:50,164,Tahap-3
01/21/2025,13,44,50,13:44:50,196,Tahap-3
01/21/2025,13,44,51,13:44:51,16,Tahap-3
01/21/2025,13,44,51,13:44:51,116,Tahap-3
01/21/2025,13,44,51,13:44:51,64,Tahap-3
01/21/2025,13,44,51,13:44:51,140,Tahap-3
01/21/2025,13,44,51,13:44:51,144,Tahap-3
01/21/2025,13,44,51,13:44:51,-24,Tahap-3
01/21/2025,13,44,51,13:44:51,84,Tahap-3
01/21/2025,13,44,51,13:44:51,108,Tahap-3
01/21/2025,13,44,51,13:44:51,120,Tahap-3
01/21/2025,13,44,51,13:44:51,56,Tahap-3
01/21/2025,13,44,52,13:44:52,92,Tahap-3
01/21/2025,13,44,52,13:44:52,20,Tahap-3
01/21/2025,13,44,52,13:44:52,64,Tahap-3
01/21/2025,13,44,52,13:44:52,212,Tahap-3
01/21/2025,13,44,52,13:44:52,76,Tahap-3
01/21/2025,13,44,52,13:44:52,-20,Tahap-3
01/21/2025,13,44,52,13:44:52,100,Tahap-3
01/21/2025,13,44,52,13:44:52,88,Tahap-3
01/21/2025,13,44,52,13:44:52,28,Tahap-3
01/21/2025,13,44,53,13:44:53,160,Tahap-3
01/21/2025,13,44,53,13:44:53,44,Tahap-3
01/21/2025,13,44,53,13:44:53,52,Tahap-3
01/21/2025,13,44,53,13:44:53,72,Tahap-3
01/21/2025,13,44,53,13:44:53,-16,Tahap-3
01/21/2025,13,44,53,13:44:53,212,Tahap-3
01/21/2025,13,44,53,13:44:53,-32,Tahap-3
01/21/2025,13,44,53,13:44:53,96,Tahap-3
01/21/2025,13,44,53,13:44:53,80,Tahap-3
01/21/2025,13,44,54,13:44:54,-20,Tahap-3
01/21/2025,13,44,54,13:44:54,164,Tahap-3
01/21/2025,13,44,54,13:44:54,-36,Tahap-3
01/21/2025,13,44,54,13:44:54,52,Tahap-3
01/21/2025,13,44,54,13:44:54,64,Tahap-3
01/21/2025,13,44,54,13:44:54,-4,Tahap-3
01/21/2025,13,44,54,13:44:54,248,Tahap-3
01/21/2025,13,44,54,13:44:54,-16,Tahap-3
01/21/2025,13,44,54,13:44:54,104,Tahap-3
01/21/2025,13,44,54,13:44:54,180,Tahap-3
01/21/2025,13,44,55,13:44:55,100,Tahap-3
01/21/2025,13,44,55,13:44:55,76,Tahap-3
01/21/2025,13,44,55,13:44:55,216,Tahap-3
01/21/2025,13,44,55,13:44:55,104,Tahap-3
01/21/2025,13,44,55,13:44:55,80,Tahap-3
01/21/2025,13,44,55,13:44:55,160,Tahap-3
01/21/2025,13,44,55,13:44:55,124,Tahap-3
01/21/2025,13,44,55,13:44:55,260,Tahap-3
01/21/2025,13,44,55,13:44:55,68,Tahap-3
01/21/2025,13,44,55,13:44:55,196,Tahap-3
01/21/2025,13,44,56,13:44:56,232,Tahap-3
01/21/2025,13,44,56,13:44:56,132,Tahap-3
01/21/2025,13,44,56,13:44:56,168,Tahap-3
01/21/2025,13,44,56,13:44:56,208,Tahap-3
01/21/2025,13,44,56,13:44:56,140,Tahap-3
01/21/2025,13,44,56,13:44:56,188,Tahap-3
01/21/2025,13,44,56,13:44:56,120,Tahap-3
01/21/2025,13,44,56,13:44:56,280,Tahap-3
01/21/2025,13,44,56,13:44:56,184,Tahap-3
01/21/2025,13,44,56,13:44:56,96,Tahap-3
01/21/2025,13,44,57,13:44:57,260,Tahap-3
01/21/2025,13,44,57,13:44:57,172,Tahap-3
01/21/2025,13,44,57,13:44:57,120,Tahap-3
01/21/2025,13,44,57,13:44:57,168,Tahap-3
01/21/2025,13,44,57,13:44:57,200,Tahap-3
01/21/2025,13,44,57,13:44:57,140,Tahap-3
01/21/2025,13,44,57,13:44:57,252,Tahap-3
01/21/2025,13,44,57,13:44:57,12,Tahap-3
01/21/2025,13,44,57,13:44:57,300,Tahap-3
01/21/2025,13,44,57,13:44:57,104,Tahap-3
01/21/2025,13,44,58,13:44:58,88,Tahap-3
01/21/2025,13,44,58,13:44:58,272,Tahap-3
01/21/2025,13,44,58,13:44:58,236,Tahap-3
01/21/2025,13,44,58,13:44:58,84,Tahap-3
01/21/2025,13,44,58,13:44:58,252,Tahap-3
01/21/2025,13,44,58,13:44:58,124,Tahap-3
01/21/2025,13,44,58,13:44:58,144,Tahap-3
01/21/2025,13,44,58,13:44:58,184,Tahap-3
01/21/2025,13,44,58,13:44:58,52,Tahap-3
01/21/2025,13,44,58,13:44:58,284,Tahap-3
01/21/2025,13,44,59,13:44:59,40,Tahap-3
01/21/2025,13,44,59,13:44:59,128,Tahap-3
01/21/2025,13,44,59,13:44:59,176,Tahap-3
01/21/2025,13,44,59,13:44:59,208,Tahap-3
01/21/2025,13,44,59,13:44:59,60,Tahap-3
01/21/2025,13,44,59,13:44:59,204,Tahap-3
01/21/2025,13,44,59,13:44:59,104,Tahap-3
01/21/2025,13,44,59,13:44:59,136,Tahap-3
01/21/2025,13,44,59,13:44:59,88,Tahap-3
01/21/2025,13,44,59,13:44:59,132,Tahap-3
01/21/2025,13,45,1,13:45:01,252,Tahap-3
01/21/2025,13,45,1,13:45:01,132,Tahap-3
01/21/2025,13,45,1,13:45:01,128,Tahap-3
01/21/2025,13,45,1,13:45:01,68,Tahap-3
01/21/2025,13,45,25,13:45:25,2842,Tahap-3
01/21/2025,13,45,25,13:45:25,792,Tahap-3
01/21/2025,13,45,26,13:45:26,685,Tahap-3
01/21/2025,13,45,26,13:45:26,758,Tahap-3
01/21/2025,13,45,26,13:45:26,526,Tahap-3
01/21/2025,13,45,26,13:45:26,533,Tahap-3
01/21/2025,13,45,26,13:45:26,327,Tahap-3
01/21/2025,13,45,26,13:45:26,295,Tahap-3
01/21/2025,13,45,26,13:45:26,136,Tahap-3
01/21/2025,13,45,26,13:45:26,161,Tahap-3
01/21/2025,13,45,26,13:45:26,177,Tahap-3
01/21/2025,13,45,26,13:45:26,196,Tahap-3
01/21/2025,13,45,27,13:45:27,230,Tahap-3
01/21/2025,13,45,27,13:45:27,194,Tahap-3
01/21/2025,13,45,27,13:45:27,127,Tahap-3
01/21/2025,13,45,27,13:45:27,102,Tahap-3
01/21/2025,13,45,27,13:45:27,195,Tahap-3
01/21/2025,13,45,27,13:45:27,130,Tahap-3
01/21/2025,13,45,27,13:45:27,189,Tahap-3
01/21/2025,13,45,27,13:45:27,70,Tahap-3
01/21/2025,13,45,27,13:45:27,130,Tahap-3
01/21/2025,13,45,27,13:45:27,164,Tahap-3
01/21/2025,13,45,28,13:45:28,124,Tahap-3
01/21/2025,13,45,28,13:45:28,40,Tahap-3
01/21/2025,13,45,28,13:45:28,74,Tahap-3
01/21/2025,13,45,28,13:45:28,69,Tahap-3
01/21/2025,13,45,28,13:45:28,144,Tahap-3
01/21/2025,13,45,28,13:45:28,56,Tahap-3
01/21/2025,13,45,28,13:45:28,155,Tahap-3
01/21/2025,13,45,28,13:45:28,65,Tahap-3
01/21/2025,13,45,28,13:45:28,28,Tahap-3
01/21/2025,13,45,28,13:45:28,81,Tahap-3
01/21/2025,13,45,29,13:45:29,139,Tahap-3
01/21/2025,13,45,29,13:45:29,136,Tahap-3
01/21/2025,13,45,29,13:45:29,131,Tahap-3
01/21/2025,13,45,29,13:45:29,117,Tahap-3
01/21/2025,13,45,29,13:45:29,83,Tahap-3
01/21/2025,13,45,29,13:45:29,151,Tahap-3
01/21/2025,13,45,29,13:45:29,192,Tahap-3
01/21/2025,13,45,29,13:45:29,177,Tahap-3
01/21/2025,13,45,29,13:45:29,93,Tahap-3
01/21/2025,13,45,29,13:45:29,63,Tahap-3
01/21/2025,13,45,30,13:45:30,189,Tahap-3
01/21/2025,13,45,30,13:45:30,370,Tahap-3
01/21/2025,13,45,30,13:45:30,143,Tahap-3
01/21/2025,13,45,30,13:45:30,315,Tahap-3
01/21/2025,13,45,30,13:45:30,57,Tahap-3
01/21/2025,13,45,30,13:45:30,193,Tahap-3
01/21/2025,13,45,30,13:45:30,158,Tahap-3
01/21/2025,13,45,30,13:45:30,158,Tahap-3
01/21/2025,13,45,30,13:45:30,34,Tahap-3
01/21/2025,13,45,30,13:45:30,105,Tahap-3
01/21/2025,13,45,31,13:45:31,63,Tahap-3
01/21/2025,13,45,31,13:45:31,105,Tahap-3
01/21/2025,13,45,31,13:45:31,100,Tahap-3
01/21/2025,13,45,31,13:45:31,17,Tahap-3
01/21/2025,13,45,31,13:45:31,158,Tahap-3
01/21/2025,13,45,31,13:45:31,72,Tahap-3
01/21/2025,13,45,31,13:45:31,97,Tahap-3
01/21/2025,13,45,31,13:45:31,45,Tahap-3
01/21/2025,13,45,31,13:45:31,63,Tahap-3
01/21/2025,13,45,31,13:45:31,199,Tahap-3
01/21/2025,13,45,32,13:45:32,103,Tahap-3
01/21/2025,13,45,32,13:45:32,297,Tahap-3
01/21/2025,13,45,32,13:45:32,253,Tahap-3
01/21/2025,13,45,32,13:45:32,119,Tahap-3
01/21/2025,13,45,32,13:45:32,166,Tahap-3
01/21/2025,13,45,32,13:45:32,339,Tahap-3
01/21/2025,13,45,32,13:45:32,311,Tahap-3
01/21/2025,13,45,32,13:45:32,417,Tahap-3
01/21/2025,13,45,32,13:45:32,1084,Tahap-3
01/21/2025,13,45,32,13:45:32,619,Tahap-3
01/21/2025,13,45,33,13:45:33,211,Tahap-3
01/21/2025,13,45,33,13:45:33,105,Tahap-3
01/21/2025,13,45,33,13:45:33,151,Tahap-3
01/21/2025,13,45,33,13:45:33,128,Tahap-3
01/21/2025,13,45,33,13:45:33,63,Tahap-3
01/21/2025,13,45,33,13:45:33,78,Tahap-3
01/21/2025,13,45,33,13:45:33,72,Tahap-3
01/21/2025,13,45,33,13:45:33,9,Tahap-3
01/21/2025,13,45,33,13:45:33,81,Tahap-3
01/21/2025,13,45,33,13:45:33,55,Tahap-3
01/21/2025,13,45,34,13:45:34,128,Tahap-3
01/21/2025,13,45,34,13:45:34,175,Tahap-3
01/21/2025,13,45,34,13:45:34,21,Tahap-3
01/21/2025,13,45,34,13:45:34,161,Tahap-3
01/21/2025,13,45,34,13:45:34,257,Tahap-3
01/21/2025,13,45,34,13:45:34,119,Tahap-3
01/21/2025,13,45,34,13:45:34,994,Tahap-3
01/21/2025,13,45,34,13:45:34,158,Tahap-3
01/21/2025,13,45,34,13:45:34,245,Tahap-3
01/21/2025,13,45,34,13:45:34,265,Tahap-3
01/21/2025,13,45,35,13:45:35,843,Tahap-3
01/21/2025,13,45,35,13:45:35,1097,Tahap-3
01/21/2025,13,45,35,13:45:35,1450,Tahap-3
01/21/2025,13,45,35,13:45:35,337,Tahap-3
01/21/2025,13,45,35,13:45:35,427,Tahap-3
01/21/2025,13,45,35,13:45:35,409,Tahap-3
01/21/2025,13,45,35,13:45:35,233,Tahap-3
01/21/2025,13,45,35,13:45:35,228,Tahap-3
01/21/2025,13,45,35,13:45:35,136,Tahap-3
01/21/2025,13,45,35,13:45:35,84,Tahap-3
01/21/2025,13,45,36,13:45:36,177,Tahap-3
01/21/2025,13,45,36,13:45:36,159,Tahap-3
01/21/2025,13,45,36,13:45:36,42,Tahap-3
01/21/2025,13,45,36,13:45:36,90,Tahap-3
01/21/2025,13,45,36,13:45:36,269,Tahap-3
01/21/2025,13,45,36,13:45:36,100,Tahap-3
01/21/2025,13,45,36,13:45:36,298,Tahap-3
01/21/2025,13,45,36,13:45:36,310,Tahap-3
01/21/2025,13,45,36,13:45:36,156,Tahap-3
01/21/2025,13,45,36,13:45:36,209,Tahap-3
01/21/2025,13,45,36,13:45:36,200,Tahap-3
01/21/2025,13,45,37,13:45:37,89,Tahap-3
01/21/2025,13,45,37,13:45:37,18,Tahap-3
01/21/2025,13,45,37,13:45:37,323,Tahap-3
01/21/2025,13,45,37,13:45:37,475,Tahap-3
01/21/2025,13,45,37,13:45:37,498,Tahap-3
01/21/2025,13,45,37,13:45:37,771,Tahap-3
01/21/2025,13,45,37,13:45:37,344,Tahap-3
01/21/2025,13,45,37,13:45:37,533,Tahap-3
01/21/2025,13,45,37,13:45:37,124,Tahap-3
01/21/2025,13,45,37,13:45:37,206,Tahap-3
01/21/2025,13,45,38,13:45:38,236,Tahap-3
01/21/2025,13,45,38,13:45:38,450,Tahap-3
01/21/2025,13,45,38,13:45:38,136,Tahap-3
01/21/2025,13,45,38,13:45:38,125,Tahap-3
01/21/2025,13,45,38,13:45:38,-84,Tahap-3
01/21/2025,13,45,38,13:45:38,116,Tahap-3
01/21/2025,13,45,38,13:45:38,-76,Tahap-3
01/21/2025,13,45,38,13:45:38,-12,Tahap-3
01/21/2025,13,45,38,13:45:38,-60,Tahap-3
01/21/2025,13,45,38,13:45:38,-8,Tahap-3
01/21/2025,13,45,39,13:45:39,64,Tahap-3
01/21/2025,13,45,39,13:45:39,-88,Tahap-3
01/21/2025,13,45,39,13:45:39,16,Tahap-3
01/21/2025,13,45,39,13:45:39,68,Tahap-3
01/21/2025,13,45,39,13:45:39,16,Tahap-3
01/21/2025,13,45,39,13:45:39,-92,Tahap-3
01/21/2025,13,45,39,13:45:39,60,Tahap-3
01/21/2025,13,45,39,13:45:39,-8,Tahap-3
01/21/2025,13,45,39,13:45:39,44,Tahap-3
01/21/2025,13,45,39,13:45:39,-108,Tahap-3
01/21/2025,13,45,40,13:45:40,56,Tahap-3
01/21/2025,13,45,40,13:45:40,32,Tahap-3
01/21/2025,13,45,40,13:45:40,-132,Tahap-3
01/21/2025,13,45,40,13:45:40,48,Tahap-3
01/21/2025,13,45,40,13:45:40,-76,Tahap-3
01/21/2025,13,45,40,13:45:40,-44,Tahap-3
01/21/2025,13,45,40,13:45:40,-48,Tahap-3
01/21/2025,13,45,40,13:45:40,-40,Tahap-3
01/21/2025,13,45,40,13:45:40,-84,Tahap-3
01/21/2025,13,45,40,13:45:40,56,Tahap-3
01/21/2025,13,45,41,13:45:41,-184,Tahap-3
01/21/2025,13,45,41,13:45:41,124,Tahap-3
01/21/2025,13,45,41,13:45:41,-116,Tahap-3
01/21/2025,13,45,41,13:45:41,-136,Tahap-3
01/21/2025,13,45,41,13:45:41,28,Tahap-3
01/21/2025,13,45,41,13:45:41,-64,Tahap-3
01/21/2025,13,45,41,13:45:41,-192,Tahap-3
01/21/2025,13,45,41,13:45:41,56,Tahap-3
01/21/2025,13,45,41,13:45:41,-160,Tahap-3
01/21/2025,13,45,41,13:45:41,-60,Tahap-3
01/21/2025,13,45,42,13:45:42,-76,Tahap-3
01/21/2025,13,45,42,13:45:42,-116,Tahap-3
01/21/2025,13,45,42,13:45:42,80,Tahap-3
01/21/2025,13,45,42,13:45:42,-116,Tahap-3
01/21/2025,13,45,42,13:45:42,-168,Tahap-3
01/21/2025,13,45,42,13:45:42,-36,Tahap-3
01/21/2025,13,45,42,13:45:42,-20,Tahap-3
01/21/2025,13,45,42,13:45:42,-168,Tahap-3
01/21/2025,13,45,42,13:45:42,-84,Tahap-3
01/21/2025,13,45,43,13:45:43,-112,Tahap-3
01/21/2025,13,45,43,13:45:43,-68,Tahap-3
01/21/2025,13,45,43,13:45:43,-88,Tahap-3
01/21/2025,13,45,43,13:45:43,64,Tahap-3
01/21/2025,13,45,43,13:45:43,-192,Tahap-3
01/21/2025,13,45,43,13:45:43,-112,Tahap-3
01/21/2025,13,45,43,13:45:43,-24,Tahap-3
01/21/2025,13,45,43,13:45:43,-76,Tahap-3
01/21/2025,13,45,43,13:45:43,-84,Tahap-3
01/21/2025,13,45,43,13:45:43,-108,Tahap-3
01/21/2025,13,45,44,13:45:44,-112,Tahap-3
01/21/2025,13,45,44,13:45:44,-80,Tahap-3
01/21/2025,13,45,44,13:45:44,-108,Tahap-3
01/21/2025,13,45,44,13:45:44,8,Tahap-3
01/21/2025,13,45,44,13:45:44,-12,Tahap-3
01/21/2025,13,45,44,13:45:44,-196,Tahap-3
01/21/2025,13,45,44,13:45:44,-36,Tahap-3
01/21/2025,13,45,44,13:45:44,-104,Tahap-3
01/21/2025,13,45,44,13:45:44,-92,Tahap-3
01/21/2025,13,45,44,13:45:44,-56,Tahap-3
01/21/2025,13,45,45,13:45:45,-112,Tahap-3
01/21/2025,13,45,45,13:45:45,-152,Tahap-3
01/21/2025,13,45,45,13:45:45,-64,Tahap-3
01/21/2025,13,45,45,13:45:45,-212,Tahap-3
01/21/2025,13,45,45,13:45:45,4,Tahap-3
01/21/2025,13,45,45,13:45:45,-88,Tahap-3
01/21/2025,13,45,45,13:45:45,-216,Tahap-3
01/21/2025,13,45,45,13:45:45,-32,Tahap-3
01/21/2025,13,45,45,13:45:45,-108,Tahap-3
01/21/2025,13,45,45,13:45:45,-176,Tahap-3
01/21/2025,13,45,46,13:45:46,-48,Tahap-3
01/21/2025,13,45,46,13:45:46,-100,Tahap-3
01/21/2025,13,45,46,13:45:46,-204,Tahap-3
01/21/2025,13,45,46,13:45:46,-72,Tahap-3
01/21/2025,13,45,46,13:45:46,-272,Tahap-3
01/21/2025,13,45,46,13:45:46,16,Tahap-3
01/21/2025,13,45,46,13:45:46,-168,Tahap-3
01/21/2025,13,45,46,13:45:46,-228,Tahap-3
01/21/2025,13,45,46,13:45:46,-36,Tahap-3
01/21/2025,13,45,46,13:45:46,-92,Tahap-3
01/21/2025,13,45,47,13:45:47,-184,Tahap-3
01/21/2025,13,45,47,13:45:47,-80,Tahap-3
01/21/2025,13,45,47,13:45:47,-108,Tahap-3
01/21/2025,13,45,47,13:45:47,-108,Tahap-3
01/21/2025,13,45,47,13:45:47,-72,Tahap-3
01/21/2025,13,45,47,13:45:47,-172,Tahap-3
01/21/2025,13,45,47,13:45:47,20,Tahap-3
01/21/2025,13,45,47,13:45:47,-100,Tahap-3
01/21/2025,13,45,47,13:45:47,-68,Tahap-3
01/21/2025,13,45,47,13:45:47,16,Tahap-3
01/21/2025,13,45,48,13:45:48,-88,Tahap-3
01/21/2025,13,45,49,13:45:49,-100,Tahap-3
01/21/2025,13,45,49,13:45:49,-12,Tahap-3
01/21/2025,13,45,49,13:45:49,-56,Tahap-3
01/21/2025,13,45,49,13:45:49,-32,Tahap-3
01/21/2025,13,45,49,13:45:49,-76,Tahap-3
01/21/2025,13,45,49,13:45:49,-84,Tahap-3
01/21/2025,13,45,49,13:45:49,116,Tahap-3
01/21/2025,13,45,49,13:45:49,-172,Tahap-3
01/21/2025,13,45,49,13:45:49,80,Tahap-3
01/21/2025,13,45,49,13:45:49,-8,Tahap-3
01/21/2025,13,45,49,13:45:49,-20,Tahap-3
01/21/2025,13,45,49,13:45:49,-36,Tahap-3
01/21/2025,13,45,49,13:45:49,4,Tahap-3
01/21/2025,13,45,49,13:45:49,-60,Tahap-3
01/21/2025,13,45,49,13:45:49,28,Tahap-3
01/21/2025,13,45,49,13:45:49,-96,Tahap-3
01/21/2025,13,45,49,13:45:49,4,Tahap-3
01/21/2025,13,45,49,13:45:49,12,Tahap-3
01/21/2025,13,45,49,13:45:49,-140,Tahap-3
01/21/2025,13,45,50,13:45:50,56,Tahap-3
01/21/2025,13,45,50,13:45:50,100,Tahap-3
01/21/2025,13,45,50,13:45:50,-128,Tahap-3
01/21/2025,13,45,50,13:45:50,12,Tahap-3
01/21/2025,13,45,50,13:45:50,-24,Tahap-3
01/21/2025,13,45,50,13:45:50,-120,Tahap-3
01/21/2025,13,45,50,13:45:50,36,Tahap-3
01/21/2025,13,45,50,13:45:50,-112,Tahap-3
01/21/2025,13,45,50,13:45:50,48,Tahap-3
01/21/2025,13,45,50,13:45:50,-4,Tahap-3
01/21/2025,13,45,51,13:45:51,-164,Tahap-3
01/21/2025,13,45,51,13:45:51,4,Tahap-3
01/21/2025,13,45,51,13:45:51,24,Tahap-3
01/21/2025,13,46,15,13:46:15,944,Tahap-3
01/21/2025,13,46,15,13:46:15,599,Tahap-3
01/21/2025,13,46,15,13:46:15,383,Tahap-3
01/21/2025,13,46,16,13:46:16,455,Tahap-3
01/21/2025,13,46,16,13:46:16,130,Tahap-3
01/21/2025,13,46,16,13:46:16,219,Tahap-3
01/21/2025,13,46,16,13:46:16,77,Tahap-3
01/21/2025,13,46,16,13:46:16,67,Tahap-3
01/21/2025,13,46,16,13:46:16,137,Tahap-3
01/21/2025,13,46,16,13:46:16,48,Tahap-3
01/21/2025,13,46,16,13:46:16,92,Tahap-3
01/21/2025,13,46,16,13:46:16,157,Tahap-3
01/21/2025,13,46,16,13:46:16,164,Tahap-3
01/21/2025,13,46,17,13:46:17,36,Tahap-3
01/21/2025,13,46,17,13:46:17,68,Tahap-3
01/21/2025,13,46,17,13:46:17,15,Tahap-3
01/21/2025,13,46,17,13:46:17,61,Tahap-3
01/21/2025,13,46,17,13:46:17,65,Tahap-3
01/21/2025,13,46,17,13:46:17,18,Tahap-3
01/21/2025,13,46,17,13:46:17,69,Tahap-3
01/21/2025,13,46,17,13:46:17,50,Tahap-3
01/21/2025,13,46,17,13:46:17,59,Tahap-3
01/21/2025,13,46,17,13:46:17,214,Tahap-3
01/21/2025,13,46,18,13:46:18,169,Tahap-3
01/21/2025,13,46,18,13:46:18,83,Tahap-3
01/21/2025,13,46,19,13:46:19,75,Tahap-3
01/21/2025,13,46,19,13:46:19,143,Tahap-3
01/21/2025,13,46,19,13:46:19,193,Tahap-3
01/21/2025,13,46,19,13:46:19,37,Tahap-3
01/21/2025,13,46,19,13:46:19,66,Tahap-3
01/21/2025,13,46,19,13:46:19,58,Tahap-3
01/21/2025,13,46,19,13:46:19,128,Tahap-3
01/21/2025,13,46,19,13:46:19,82,Tahap-3
01/21/2025,13,46,19,13:46:19,42,Tahap-3
01/21/2025,13,46,19,13:46:19,167,Tahap-3
01/21/2025,13,46,19,13:46:19,74,Tahap-3
01/21/2025,13,46,19,13:46:19,111,Tahap-3
01/21/2025,13,46,19,13:46:19,36,Tahap-3
01/21/2025,13,46,19,13:46:19,154,Tahap-3
01/21/2025,13,46,19,13:46:19,82,Tahap-3
01/21/2025,13,46,19,13:46:19,14,Tahap-3
01/21/2025,13,46,19,13:46:19,155,Tahap-3
01/21/2025,13,46,19,13:46:19,56,Tahap-3
01/21/2025,13,46,20,13:46:20,214,Tahap-3
01/21/2025,13,46,20,13:46:20,309,Tahap-3
01/21/2025,13,46,20,13:46:20,73,Tahap-3
01/21/2025,13,46,20,13:46:20,116,Tahap-3
01/21/2025,13,46,20,13:46:20,368,Tahap-3
01/21/2025,13,46,20,13:46:20,98,Tahap-3
01/21/2025,13,46,20,13:46:20,159,Tahap-3
01/21/2025,13,46,20,13:46:20,173,Tahap-3
01/21/2025,13,46,20,13:46:20,44,Tahap-3
01/21/2025,13,46,20,13:46:20,70,Tahap-3
01/21/2025,13,46,21,13:46:21,67,Tahap-3
01/21/2025,13,46,21,13:46:21,106,Tahap-3
01/21/2025,13,46,21,13:46:21,120,Tahap-3
01/21/2025,13,46,21,13:46:21,80,Tahap-3
01/21/2025,13,46,21,13:46:21,125,Tahap-3
01/21/2025,13,46,21,13:46:21,19,Tahap-3
01/21/2025,13,46,21,13:46:21,115,Tahap-3
01/21/2025,13,46,21,13:46:21,132,Tahap-3
01/21/2025,13,46,21,13:46:21,18,Tahap-3
01/21/2025,13,46,21,13:46:21,106,Tahap-3
01/21/2025,13,46,22,13:46:22,273,Tahap-3
01/21/2025,13,46,22,13:46:22,48,Tahap-3
01/21/2025,13,46,22,13:46:22,56,Tahap-3
01/21/2025,13,46,22,13:46:22,159,Tahap-3
01/21/2025,13,46,22,13:46:22,147,Tahap-3
01/21/2025,13,46,22,13:46:22,243,Tahap-3
01/21/2025,13,46,22,13:46:22,88,Tahap-3
01/21/2025,13,46,22,13:46:22,1258,Tahap-3
01/21/2025,13,46,22,13:46:22,288,Tahap-3
01/21/2025,13,46,22,13:46:22,127,Tahap-3
01/21/2025,13,46,23,13:46:23,109,Tahap-3
01/21/2025,13,46,23,13:46:23,123,Tahap-3
01/21/2025,13,46,23,13:46:23,142,Tahap-3
01/21/2025,13,46,23,13:46:23,238,Tahap-3
01/21/2025,13,46,23,13:46:23,103,Tahap-3
01/21/2025,13,46,23,13:46:23,163,Tahap-3
01/21/2025,13,46,23,13:46:23,145,Tahap-3
01/21/2025,13,46,23,13:46:23,173,Tahap-3
01/21/2025,13,46,23,13:46:23,172,Tahap-3
01/21/2025,13,46,23,13:46:23,169,Tahap-3
01/21/2025,13,46,24,13:46:24,225,Tahap-3
01/21/2025,13,46,24,13:46:24,151,Tahap-3
01/21/2025,13,46,24,13:46:24,170,Tahap-3
01/21/2025,13,46,24,13:46:24,298,Tahap-3
01/21/2025,13,46,24,13:46:24,596,Tahap-3
01/21/2025,13,46,24,13:46:24,799,Tahap-3
01/21/2025,13,46,24,13:46:24,573,Tahap-3
01/21/2025,13,46,24,13:46:24,353,Tahap-3
01/21/2025,13,46,24,13:46:24,288,Tahap-3
01/21/2025,13,46,24,13:46:24,125,Tahap-3
01/21/2025,13,46,25,13:46:25,1083,Tahap-3
01/21/2025,13,46,25,13:46:25,1456,Tahap-3
01/21/2025,13,46,25,13:46:25,508,Tahap-3
01/21/2025,13,46,25,13:46:25,504,Tahap-3
01/21/2025,13,46,25,13:46:25,398,Tahap-3
01/21/2025,13,46,25,13:46:25,130,Tahap-3
01/21/2025,13,46,25,13:46:25,256,Tahap-3
01/21/2025,13,46,25,13:46:25,304,Tahap-3
01/21/2025,13,46,25,13:46:25,189,Tahap-3
01/21/2025,13,46,25,13:46:25,251,Tahap-3
01/21/2025,13,46,26,13:46:26,126,Tahap-3
01/21/2025,13,46,26,13:46:26,26,Tahap-3
01/21/2025,13,46,26,13:46:26,184,Tahap-3
01/21/2025,13,46,26,13:46:26,95,Tahap-3
01/21/2025,13,46,26,13:46:26,95,Tahap-3
01/21/2025,13,46,26,13:46:26,145,Tahap-3
01/21/2025,13,46,26,13:46:26,255,Tahap-3
01/21/2025,13,46,26,13:46:26,157,Tahap-3
01/21/2025,13,46,26,13:46:26,302,Tahap-3
01/21/2025,13,46,26,13:46:26,57,Tahap-3
01/21/2025,13,46,27,13:46:27,218,Tahap-3
01/21/2025,13,46,27,13:46:27,19,Tahap-3
01/21/2025,13,46,27,13:46:27,103,Tahap-3
01/21/2025,13,46,27,13:46:27,152,Tahap-3
01/21/2025,13,46,27,13:46:27,762,Tahap-3
01/21/2025,13,46,27,13:46:27,415,Tahap-3
01/21/2025,13,46,27,13:46:27,422,Tahap-3
01/21/2025,13,46,27,13:46:27,414,Tahap-3
01/21/2025,13,46,27,13:46:27,373,Tahap-3
01/21/2025,13,46,27,13:46:27,36,Tahap-3
01/21/2025,13,46,28,13:46:28,206,Tahap-3
01/21/2025,13,46,28,13:46:28,278,Tahap-3
01/21/2025,13,46,28,13:46:28,285,Tahap-3
01/21/2025,13,46,28,13:46:28,50,Tahap-3
01/21/2025,13,46,28,13:46:28,144,Tahap-3
01/21/2025,13,46,28,13:46:28,-16,Tahap-3
01/21/2025,13,46,28,13:46:28,160,Tahap-3
01/21/2025,13,46,28,13:46:28,-208,Tahap-3
01/21/2025,13,46,29,13:46:29,384,Tahap-3
01/21/2025,13,46,29,13:46:29,48,Tahap-3
01/21/2025,13,46,29,13:46:29,-112,Tahap-3
01/21/2025,13,46,29,13:46:29,296,Tahap-3
01/21/2025,13,46,29,13:46:29,160,Tahap-3
01/21/2025,13,46,29,13:46:29,-224,Tahap-3
01/21/2025,13,46,29,13:46:29,248,Tahap-3
01/21/2025,13,46,29,13:46:29,-24,Tahap-3
01/21/2025,13,46,29,13:46:29,48,Tahap-3
01/21/2025,13,46,29,13:46:29,120,Tahap-3
01/21/2025,13,46,30,13:46:30,-8,Tahap-3
01/21/2025,13,46,30,13:46:30,368,Tahap-3
01/21/2025,13,46,30,13:46:30,-144,Tahap-3
01/21/2025,13,46,30,13:46:30,48,Tahap-3
01/21/2025,13,46,30,13:46:30,248,Tahap-3
01/21/2025,13,46,30,13:46:30,128,Tahap-3
01/21/2025,13,46,30,13:46:30,-48,Tahap-3
01/21/2025,13,46,30,13:46:30,152,Tahap-3
01/21/2025,13,46,30,13:46:30,8,Tahap-3
01/21/2025,13,46,31,13:46:31,16,Tahap-3
01/21/2025,13,46,31,13:46:31,104,Tahap-3
01/21/2025,13,46,31,13:46:31,272,Tahap-3
01/21/2025,13,46,31,13:46:31,-200,Tahap-3
01/21/2025,13,46,31,13:46:31,8,Tahap-3
01/21/2025,13,46,31,13:46:31,88,Tahap-3
01/21/2025,13,46,31,13:46:31,56,Tahap-3
01/21/2025,13,46,31,13:46:31,56,Tahap-3
01/21/2025,13,46,31,13:46:31,40,Tahap-3
01/21/2025,13,46,31,13:46:31,-56,Tahap-3
01/21/2025,13,46,32,13:46:32,16,Tahap-3
01/21/2025,13,46,32,13:46:32,-56,Tahap-3
01/21/2025,13,46,32,13:46:32,24,Tahap-3
01/21/2025,13,46,32,13:46:32,240,Tahap-3
01/21/2025,13,46,32,13:46:32,-288,Tahap-3
01/21/2025,13,46,32,13:46:32,64,Tahap-3
01/21/2025,13,46,32,13:46:32,152,Tahap-3
01/21/2025,13,46,32,13:46:32,-32,Tahap-3
01/21/2025,13,46,32,13:46:32,128,Tahap-3
01/21/2025,13,46,32,13:46:32,80,Tahap-3
01/21/2025,13,46,33,13:46:33,-104,Tahap-3
01/21/2025,13,46,33,13:46:33,96,Tahap-3
01/21/2025,13,46,33,13:46:33,-216,Tahap-3
01/21/2025,13,46,33,13:46:33,160,Tahap-3
01/21/2025,13,46,33,13:46:33,272,Tahap-3
01/21/2025,13,46,33,13:46:33,-264,Tahap-3
01/21/2025,13,46,33,13:46:33,184,Tahap-3
01/21/2025,13,46,33,13:46:33,168,Tahap-3
01/21/2025,13,46,33,13:46:33,-120,Tahap-3
01/21/2025,13,46,33,13:46:33,64,Tahap-3
01/21/2025,13,46,34,13:46:34,144,Tahap-3
01/21/2025,13,46,34,13:46:34,-184,Tahap-3
01/21/2025,13,46,34,13:46:34,152,Tahap-3
01/21/2025,13,46,34,13:46:34,-160,Tahap-3
01/21/2025,13,46,34,13:46:34,248,Tahap-3
01/21/2025,13,46,34,13:46:34,-296,Tahap-3
01/21/2025,13,46,34,13:46:34,112,Tahap-3
01/21/2025,13,46,34,13:46:34,72,Tahap-3
01/21/2025,13,46,34,13:46:34,-128,Tahap-3
01/21/2025,13,46,35,13:46:35,-8,Tahap-3
01/21/2025,13,46,35,13:46:35,168,Tahap-3
01/21/2025,13,46,35,13:46:35,-208,Tahap-3
01/21/2025,13,46,35,13:46:35,112,Tahap-3
01/21/2025,13,46,35,13:46:35,-216,Tahap-3
01/21/2025,13,46,35,13:46:35,80,Tahap-3
01/21/2025,13,46,35,13:46:35,72,Tahap-3
01/21/2025,13,46,35,13:46:35,-160,Tahap-3
01/21/2025,13,46,35,13:46:35,72,Tahap-3
01/21/2025,13,46,35,13:46:35,-48,Tahap-3
01/21/2025,13,46,36,13:46:36,16,Tahap-3
01/21/2025,13,46,36,13:46:36,-16,Tahap-3
01/21/2025,13,46,36,13:46:36,24,Tahap-3
01/21/2025,13,46,36,13:46:36,-72,Tahap-3
01/21/2025,13,46,36,13:46:36,-256,Tahap-3
01/21/2025,13,46,36,13:46:36,248,Tahap-3
01/21/2025,13,46,36,13:46:36,-288,Tahap-3
01/21/2025,13,46,36,13:46:36,-40,Tahap-3
01/21/2025,13,46,36,13:46:36,176,Tahap-3
01/21/2025,13,46,37,13:46:37,-200,Tahap-3
01/21/2025,13,46,37,13:46:37,-56,Tahap-3
01/21/2025,13,46,37,13:46:37,48,Tahap-3
01/21/2025,13,46,37,13:46:37,-184,Tahap-3
01/21/2025,13,46,37,13:46:37,72,Tahap-3
01/21/2025,13,46,37,13:46:37,-152,Tahap-3
01/21/2025,13,46,37,13:46:37,-216,Tahap-3
01/21/2025,13,46,37,13:46:37,200,Tahap-3
01/21/2025,13,46,37,13:46:37,-304,Tahap-3
01/21/2025,13,46,37,13:46:37,-104,Tahap-3
01/21/2025,13,46,38,13:46:38,160,Tahap-3
01/21/2025,13,46,38,13:46:38,-216,Tahap-3
01/21/2025,13,46,38,13:46:38,-208,Tahap-3
01/21/2025,13,46,38,13:46:38,144,Tahap-3
01/21/2025,13,46,38,13:46:38,-352,Tahap-3
01/21/2025,13,46,38,13:46:38,16,Tahap-3
01/21/2025,13,46,38,13:46:38,-344,Tahap-3
01/21/2025,13,46,38,13:46:38,-136,Tahap-3
01/21/2025,13,46,38,13:46:38,48,Tahap-3
01/21/2025,13,46,38,13:46:38,-376,Tahap-3
01/21/2025,13,46,39,13:46:39,-184,Tahap-3
01/21/2025,13,46,39,13:46:39,112,Tahap-3
01/21/2025,13,46,39,13:46:39,-168,Tahap-3
01/21/2025,13,46,39,13:46:39,-240,Tahap-3
01/21/2025,13,46,39,13:46:39,-24,Tahap-3
01/21/2025,13,46,39,13:46:39,-200,Tahap-3
01/21/2025,13,46,39,13:46:39,-328,Tahap-3
01/21/2025,13,46,39,13:46:39,168,Tahap-3
01/21/2025,13,46,39,13:46:39,-344,Tahap-3
01/21/2025,13,46,39,13:46:39,-112,Tahap-3
01/21/2025,13,46,40,13:46:40,-32,Tahap-3
01/21/2025,13,46,40,13:46:40,-176,Tahap-3
01/21/2025,13,46,40,13:46:40,-136,Tahap-3
01/21/2025,13,46,40,13:46:40,56,Tahap-3
01/21/2025,13,46,40,13:46:40,-256,Tahap-3
01/21/2025,13,46,40,13:46:40,-224,Tahap-3
01/21/2025,13,46,40,13:46:40,-200,Tahap-3
01/21/2025,13,46,40,13:46:40,-96,Tahap-3
01/21/2025,13,46,40,13:46:40,-16,Tahap-3
01/21/2025,13,46,40,13:46:40,-128,Tahap-3
01/21/2025,13,46,41,13:46:41,-112,Tahap-3
01/21/2025,13,46,41,13:46:41,-344,Tahap-3
01/21/2025,13,46,41,13:46:41,24,Tahap-3
01/21/2025,13,47,5,13:47:05,1854,Tahap-3
01/21/2025,13,47,5,13:47:05,1465,Tahap-3
01/21/2025,13,47,5,13:47:05,177,Tahap-3
01/21/2025,13,47,5,13:47:05,377,Tahap-3
01/21/2025,13,47,6,13:47:06,116,Tahap-3
01/21/2025,13,47,6,13:47:06,288,Tahap-3
01/21/2025,13,47,6,13:47:06,92,Tahap-3
01/21/2025,13,47,6,13:47:06,60,Tahap-3
01/21/2025,13,47,6,13:47:06,67,Tahap-3
01/21/2025,13,47,6,13:47:06,155,Tahap-3
01/21/2025,13,47,6,13:47:06,59,Tahap-3
01/21/2025,13,47,6,13:47:06,140,Tahap-3
01/21/2025,13,47,6,13:47:06,41,Tahap-3
01/21/2025,13,47,6,13:47:06,94,Tahap-3
01/21/2025,13,47,7,13:47:07,120,Tahap-3
01/21/2025,13,47,7,13:47:07,51,Tahap-3
01/21/2025,13,47,7,13:47:07,64,Tahap-3
01/21/2025,13,47,7,13:47:07,72,Tahap-3
01/21/2025,13,47,7,13:47:07,25,Tahap-3
01/21/2025,13,47,7,13:47:07,79,Tahap-3
01/21/2025,13,47,7,13:47:07,37,Tahap-3
01/21/2025,13,47,7,13:47:07,43,Tahap-3
01/21/2025,13,47,7,13:47:07,227,Tahap-3
01/21/2025,13,47,7,13:47:07,218,Tahap-3
01/21/2025,13,47,8,13:47:08,34,Tahap-3
01/21/2025,13,47,8,13:47:08,21,Tahap-3
01/21/2025,13,47,8,13:47:08,198,Tahap-3
01/21/2025,13,47,8,13:47:08,214,Tahap-3
01/21/2025,13,47,8,13:47:08,48,Tahap-3
01/21/2025,13,47,8,13:47:08,107,Tahap-3
01/21/2025,13,47,8,13:47:08,90,Tahap-3
01/21/2025,13,47,8,13:47:08,28,Tahap-3
01/21/2025,13,47,8,13:47:08,118,Tahap-3
01/21/2025,13,47,8,13:47:08,4,Tahap-3
01/21/2025,13,47,9,13:47:09,79,Tahap-3
01/21/2025,13,47,9,13:47:09,58,Tahap-3
01/21/2025,13,47,9,13:47:09,12,Tahap-3
01/21/2025,13,47,9,13:47:09,65,Tahap-3
01/21/2025,13,47,9,13:47:09,88,Tahap-3
01/21/2025,13,47,9,13:47:09,38,Tahap-3
01/21/2025,13,47,9,13:47:09,154,Tahap-3
01/21/2025,13,47,9,13:47:09,93,Tahap-3
01/21/2025,13,47,9,13:47:09,40,Tahap-3
01/21/2025,13,47,9,13:47:09,209,Tahap-3
01/21/2025,13,47,10,13:47:10,243,Tahap-3
01/21/2025,13,47,10,13:47:10,104,Tahap-3
01/21/2025,13,47,10,13:47:10,98,Tahap-3
01/21/2025,13,47,10,13:47:10,182,Tahap-3
01/21/2025,13,47,10,13:47:10,86,Tahap-3
01/21/2025,13,47,10,13:47:10,195,Tahap-3
01/21/2025,13,47,10,13:47:10,145,Tahap-3
01/21/2025,13,47,10,13:47:10,74,Tahap-3
01/21/2025,13,47,10,13:47:10,10,Tahap-3
01/21/2025,13,47,10,13:47:10,48,Tahap-3
01/21/2025,13,47,11,13:47:11,110,Tahap-3
01/21/2025,13,47,11,13:47:11,175,Tahap-3
01/21/2025,13,47,11,13:47:11,124,Tahap-3
01/21/2025,13,47,11,13:47:11,104,Tahap-3
01/21/2025,13,47,11,13:47:11,127,Tahap-3
01/21/2025,13,47,11,13:47:11,72,Tahap-3
01/21/2025,13,47,11,13:47:11,28,Tahap-3
01/21/2025,13,47,11,13:47:11,17,Tahap-3
01/21/2025,13,47,11,13:47:11,194,Tahap-3
01/21/2025,13,47,11,13:47:11,345,Tahap-3
01/21/2025,13,47,12,13:47:12,194,Tahap-3
01/21/2025,13,47,12,13:47:12,77,Tahap-3
01/21/2025,13,47,12,13:47:12,65,Tahap-3
01/21/2025,13,47,12,13:47:12,282,Tahap-3
01/21/2025,13,47,12,13:47:12,58,Tahap-3
01/21/2025,13,47,12,13:47:12,184,Tahap-3
01/21/2025,13,47,12,13:47:12,1247,Tahap-3
01/21/2025,13,47,12,13:47:12,296,Tahap-3
01/21/2025,13,47,12,13:47:12,293,Tahap-3
01/21/2025,13,47,12,13:47:12,125,Tahap-3
01/21/2025,13,47,13,13:47:13,158,Tahap-3
01/21/2025,13,47,13,13:47:13,69,Tahap-3
01/21/2025,13,47,13,13:47:13,179,Tahap-3
01/21/2025,13,47,13,13:47:13,148,Tahap-3
01/21/2025,13,47,13,13:47:13,71,Tahap-3
01/21/2025,13,47,13,13:47:13,99,Tahap-3
01/21/2025,13,47,13,13:47:13,120,Tahap-3
01/21/2025,13,47,13,13:47:13,51,Tahap-3
01/21/2025,13,47,13,13:47:13,271,Tahap-3
01/21/2025,13,47,13,13:47:13,141,Tahap-3
01/21/2025,13,47,14,13:47:14,117,Tahap-3
01/21/2025,13,47,14,13:47:14,168,Tahap-3
01/21/2025,13,47,14,13:47:14,264,Tahap-3
01/21/2025,13,47,14,13:47:14,105,Tahap-3
01/21/2025,13,47,14,13:47:14,914,Tahap-3
01/21/2025,13,47,14,13:47:14,367,Tahap-3
01/21/2025,13,47,14,13:47:14,154,Tahap-3
01/21/2025,13,47,14,13:47:14,338,Tahap-3
01/21/2025,13,47,14,13:47:14,307,Tahap-3
01/21/2025,13,47,14,13:47:14,1530,Tahap-3
01/21/2025,13,47,15,13:47:15,1289,Tahap-3
01/21/2025,13,47,15,13:47:15,475,Tahap-3
01/21/2025,13,47,15,13:47:15,536,Tahap-3
01/21/2025,13,47,15,13:47:15,224,Tahap-3
01/21/2025,13,47,15,13:47:15,247,Tahap-3
01/21/2025,13,47,15,13:47:15,89,Tahap-3
01/21/2025,13,47,15,13:47:15,102,Tahap-3
01/21/2025,13,47,15,13:47:15,27,Tahap-3
01/21/2025,13,47,15,13:47:15,87,Tahap-3
01/21/2025,13,47,15,13:47:15,177,Tahap-3
01/21/2025,13,47,16,13:47:16,72,Tahap-3
01/21/2025,13,47,16,13:47:16,169,Tahap-3
01/21/2025,13,47,16,13:47:16,139,Tahap-3
01/21/2025,13,47,16,13:47:16,189,Tahap-3
01/21/2025,13,47,16,13:47:16,446,Tahap-3
01/21/2025,13,47,16,13:47:16,192,Tahap-3
01/21/2025,13,47,16,13:47:16,28,Tahap-3
01/21/2025,13,47,16,13:47:16,310,Tahap-3
01/21/2025,13,47,16,13:47:16,234,Tahap-3
01/21/2025,13,47,16,13:47:16,122,Tahap-3
01/21/2025,13,47,17,13:47:17,340,Tahap-3
01/21/2025,13,47,17,13:47:17,169,Tahap-3
01/21/2025,13,47,17,13:47:17,181,Tahap-3
01/21/2025,13,47,17,13:47:17,923,Tahap-3
01/21/2025,13,47,17,13:47:17,346,Tahap-3
01/21/2025,13,47,17,13:47:17,143,Tahap-3
01/21/2025,13,47,17,13:47:17,278,Tahap-3
01/21/2025,13,47,17,13:47:17,370,Tahap-3
01/21/2025,13,47,17,13:47:17,446,Tahap-3
01/21/2025,13,47,17,13:47:17,477,Tahap-3
01/21/2025,13,47,18,13:47:18,73,Tahap-3
01/21/2025,13,47,18,13:47:18,251,Tahap-3
01/21/2025,13,47,19,13:47:19,322,Tahap-3
01/21/2025,13,47,19,13:47:19,-48,Tahap-3
01/21/2025,13,47,19,13:47:19,192,Tahap-3
01/21/2025,13,47,19,13:47:19,-96,Tahap-3
01/21/2025,13,47,19,13:47:19,-96,Tahap-3
01/21/2025,13,47,19,13:47:19,64,Tahap-3
01/21/2025,13,47,19,13:47:19,-16,Tahap-3
01/21/2025,13,47,19,13:47:19,-56,Tahap-3
01/21/2025,13,47,19,13:47:19,-128,Tahap-3
01/21/2025,13,47,19,13:47:19,-104,Tahap-3
01/21/2025,13,47,19,13:47:19,136,Tahap-3
01/21/2025,13,47,19,13:47:19,-264,Tahap-3
01/21/2025,13,47,19,13:47:19,8,Tahap-3
01/21/2025,13,47,19,13:47:19,56,Tahap-3
01/21/2025,13,47,19,13:47:19,-96,Tahap-3
01/21/2025,13,47,19,13:47:19,-96,Tahap-3
01/21/2025,13,47,19,13:47:19,-104,Tahap-3
01/21/2025,13,47,19,13:47:19,-160,Tahap-3
01/21/2025,13,47,20,13:47:20,-32,Tahap-3
01/21/2025,13,47,20,13:47:20,-248,Tahap-3
01/21/2025,13,47,20,13:47:20,16,Tahap-3
01/21/2025,13,47,20,13:47:20,144,Tahap-3
01/21/2025,13,47,20,13:47:20,-272,Tahap-3
01/21/2025,13,47,20,13:47:20,216,Tahap-3
01/21/2025,13,47,20,13:47:20,8,Tahap-3
01/21/2025,13,47,20,13:47:20,-160,Tahap-3
01/21/2025,13,47,20,13:47:20,56,Tahap-3
01/21/2025,13,47,21,13:47:21,-104,Tahap-3
01/21/2025,13,47,21,13:47:21,136,Tahap-3
01/21/2025,13,47,21,13:47:21,-184,Tahap-3
01/21/2025,13,47,21,13:47:21,224,Tahap-3
01/21/2025,13,47,21,13:47:21,16,Tahap-3
01/21/2025,13,47,21,13:47:21,-192,Tahap-3
01/21/2025,13,47,21,13:47:21,64,Tahap-3
01/21/2025,13,47,21,13:47:21,136,Tahap-3
01/21/2025,13,47,21,13:47:21,-176,Tahap-3
01/21/2025,13,47,21,13:47:21,104,Tahap-3
01/21/2025,13,47,22,13:47:22,72,Tahap-3
01/21/2025,13,47,22,13:47:22,-56,Tahap-3
01/21/2025,13,47,22,13:47:22,120,Tahap-3
01/21/2025,13,47,22,13:47:22,-192,Tahap-3
01/21/2025,13,47,22,13:47:22,264,Tahap-3
01/21/2025,13,47,22,13:47:22,-72,Tahap-3
01/21/2025,13,47,22,13:47:22,-120,Tahap-3
01/21/2025,13,47,22,13:47:22,48,Tahap-3
01/21/2025,13,47,22,13:47:22,56,Tahap-3
01/21/2025,13,47,22,13:47:22,-32,Tahap-3
01/21/2025,13,47,23,13:47:23,8,Tahap-3
01/21/2025,13,47,23,13:47:23,-8,Tahap-3
01/21/2025,13,47,23,13:47:23,-64,Tahap-3
01/21/2025,13,47,23,13:47:23,64,Tahap-3
01/21/2025,13,47,23,13:47:23,-152,Tahap-3
01/21/2025,13,47,23,13:47:23,304,Tahap-3
01/21/2025,13,47,23,13:47:23,-112,Tahap-3
01/21/2025,13,47,23,13:47:23,16,Tahap-3
01/21/2025,13,47,23,13:47:23,136,Tahap-3
01/21/2025,13,47,23,13:47:23,-80,Tahap-3
01/21/2025,13,47,24,13:47:24,88,Tahap-3
01/21/2025,13,47,24,13:47:24,40,Tahap-3
01/21/2025,13,47,24,13:47:24,-32,Tahap-3
01/21/2025,13,47,24,13:47:24,72,Tahap-3
01/21/2025,13,47,24,13:47:24,-152,Tahap-3
01/21/2025,13,47,24,13:47:24,56,Tahap-3
01/21/2025,13,47,24,13:47:24,344,Tahap-3
01/21/2025,13,47,24,13:47:24,-216,Tahap-3
01/21/2025,13,47,24,13:47:24,160,Tahap-3
01/21/2025,13,47,24,13:47:24,176,Tahap-3
01/21/2025,13,47,25,13:47:25,-104,Tahap-3
01/21/2025,13,47,25,13:47:25,120,Tahap-3
01/21/2025,13,47,25,13:47:25,296,Tahap-3
01/21/2025,13,47,25,13:47:25,-272,Tahap-3
01/21/2025,13,47,25,13:47:25,248,Tahap-3
01/21/2025,13,47,25,13:47:25,-160,Tahap-3
01/21/2025,13,47,25,13:47:25,120,Tahap-3
01/21/2025,13,47,25,13:47:25,344,Tahap-3
01/21/2025,13,47,25,13:47:25,-192,Tahap-3
01/21/2025,13,47,25,13:47:25,256,Tahap-3
01/21/2025,13,47,26,13:47:26,200,Tahap-3
01/21/2025,13,47,26,13:47:26,16,Tahap-3
01/21/2025,13,47,26,13:47:26,16,Tahap-3
01/21/2025,13,47,26,13:47:26,288,Tahap-3
01/21/2025,13,47,26,13:47:26,24,Tahap-3
01/21/2025,13,47,26,13:47:26,240,Tahap-3
01/21/2025,13,47,26,13:47:26,-40,Tahap-3
01/21/2025,13,47,26,13:47:26,224,Tahap-3
01/21/2025,13,47,26,13:47:26,360,Tahap-3
01/21/2025,13,47,26,13:47:26,-80,Tahap-3
01/21/2025,13,47,27,13:47:27,280,Tahap-3
01/21/2025,13,47,27,13:47:27,240,Tahap-3
01/21/2025,13,47,27,13:47:27,48,Tahap-3
01/21/2025,13,47,27,13:47:27,160,Tahap-3
01/21/2025,13,47,27,13:47:27,176,Tahap-3
01/21/2025,13,47,27,13:47:27,104,Tahap-3
01/21/2025,13,47,27,13:47:27,112,Tahap-3
01/21/2025,13,47,27,13:47:27,80,Tahap-3
01/21/2025,13,47,27,13:47:27,216,Tahap-3
01/21/2025,13,47,27,13:47:27,224,Tahap-3
01/21/2025,13,47,28,13:47:28,-8,Tahap-3
01/21/2025,13,47,28,13:47:28,432,Tahap-3
01/21/2025,13,47,28,13:47:28,168,Tahap-3
01/21/2025,13,47,28,13:47:28,168,Tahap-3
01/21/2025,13,47,28,13:47:28,160,Tahap-3
01/21/2025,13,47,28,13:47:28,200,Tahap-3
01/21/2025,13,47,28,13:47:28,232,Tahap-3
01/21/2025,13,47,28,13:47:28,240,Tahap-3
01/21/2025,13,47,28,13:47:28,464,Tahap-3
01/21/2025,13,47,29,13:47:29,208,Tahap-3
01/21/2025,13,47,29,13:47:29,104,Tahap-3
01/21/2025,13,47,29,13:47:29,488,Tahap-3
01/21/2025,13,47,29,13:47:29,160,Tahap-3
01/21/2025,13,47,29,13:47:29,120,Tahap-3
01/21/2025,13,47,29,13:47:29,328,Tahap-3
01/21/2025,13,47,29,13:47:29,48,Tahap-3
01/21/2025,13,47,29,13:47:29,192,Tahap-3
01/21/2025,13,47,29,13:47:29,368,Tahap-3
01/21/2025,13,47,29,13:47:29,-128,Tahap-3
01/21/2025,13,47,30,13:47:30,360,Tahap-3
01/21/2025,13,47,30,13:47:30,224,Tahap-3
01/21/2025,13,47,30,13:47:30,80,Tahap-3
01/21/2025,13,47,30,13:47:30,312,Tahap-3
01/21/2025,13,47,30,13:47:30,296,Tahap-3
01/21/2025,13,47,30,13:47:30,-80,Tahap-3
01/21/2025,13,47,30,13:47:30,424,Tahap-3
01/21/2025,13,47,30,13:47:30,-288,Tahap-3
01/21/2025,13,47,30,13:47:30,472,Tahap-3
01/21/2025,13,47,30,13:47:30,120,Tahap-3
01/21/2025,13,47,31,13:47:31,-16,Tahap-3
01/21/2025,13,47,31,13:47:31,224,Tahap-3
01/21/2025,13,47,55,13:47:55,2465,Tahap-3
01/21/2025,13,47,55,13:47:55,911,Tahap-3
01/21/2025,13,47,55,13:47:55,931,Tahap-3
01/21/2025,13,47,55,13:47:55,893,Tahap-3
01/21/2025,13,47,56,13:47:56,749,Tahap-3
01/21/2025,13,47,56,13:47:56,439,Tahap-3
01/21/2025,13,47,56,13:47:56,298,Tahap-3
01/21/2025,13,47,56,13:47:56,283,Tahap-3
01/21/2025,13,47,56,13:47:56,62,Tahap-3
01/21/2025,13,47,56,13:47:56,156,Tahap-3
01/21/2025,13,47,56,13:47:56,181,Tahap-3
01/21/2025,13,47,56,13:47:56,124,Tahap-3
01/21/2025,13,47,56,13:47:56,247,Tahap-3
01/21/2025,13,47,56,13:47:56,314,Tahap-3
01/21/2025,13,47,57,13:47:57,128,Tahap-3
01/21/2025,13,47,57,13:47:57,179,Tahap-3
01/21/2025,13,47,57,13:47:57,200,Tahap-3
01/21/2025,13,47,57,13:47:57,130,Tahap-3
01/21/2025,13,47,57,13:47:57,160,Tahap-3
01/21/2025,13,47,57,13:47:57,169,Tahap-3
01/21/2025,13,47,57,13:47:57,20,Tahap-3
01/21/2025,13,47,57,13:47:57,37,Tahap-3
01/21/2025,13,47,57,13:47:57,205,Tahap-3
01/21/2025,13,47,57,13:47:57,219,Tahap-3
01/21/2025,13,47,58,13:47:58,126,Tahap-3
01/21/2025,13,47,58,13:47:58,41,Tahap-3
01/21/2025,13,47,58,13:47:58,181,Tahap-3
01/21/2025,13,47,58,13:47:58,85,Tahap-3
01/21/2025,13,47,58,13:47:58,83,Tahap-3
01/21/2025,13,47,58,13:47:58,209,Tahap-3
01/21/2025,13,47,58,13:47:58,78,Tahap-3
01/21/2025,13,47,58,13:47:58,21,Tahap-3
01/21/2025,13,47,58,13:47:58,101,Tahap-3
01/21/2025,13,47,58,13:47:58,73,Tahap-3
01/21/2025,13,47,59,13:47:59,161,Tahap-3
01/21/2025,13,47,59,13:47:59,169,Tahap-3
01/21/2025,13,47,59,13:47:59,38,Tahap-3
01/21/2025,13,47,59,13:47:59,9,Tahap-3
01/21/2025,13,47,59,13:47:59,80,Tahap-3
01/21/2025,13,47,59,13:47:59,57,Tahap-3
01/21/2025,13,47,59,13:47:59,118,Tahap-3
01/21/2025,13,47,59,13:47:59,85,Tahap-3
01/21/2025,13,47,59,13:47:59,80,Tahap-3
01/21/2025,13,47,59,13:47:59,320,Tahap-3
01/21/2025,13,48,1,13:48:01,101,Tahap-3
01/21/2025,13,48,1,13:48:01,84,Tahap-3
01/21/2025,13,48,1,13:48:01,4,Tahap-3
01/21/2025,13,48,1,13:48:01,56,Tahap-3
01/21/2025,13,48,1,13:48:01,67,Tahap-3
01/21/2025,13,48,1,13:48:01,24,Tahap-3
01/21/2025,13,48,1,13:48:01,98,Tahap-3
01/21/2025,13,48,1,13:48:01,106,Tahap-3
01/21/2025,13,48,1,13:48:01,125,Tahap-3
01/21/2025,13,48,1,13:48:01,51,Tahap-3
01/21/2025,13,48,2,13:48:02,221,Tahap-3
01/21/2025,13,48,2,13:48:02,121,Tahap-3
01/21/2025,13,48,2,13:48:02,77,Tahap-3
01/21/2025,13,48,2,13:48:02,95,Tahap-3
01/21/2025,13,48,2,13:48:02,118,Tahap-3
01/21/2025,13,48,2,13:48:02,131,Tahap-3
01/21/2025,13,48,2,13:48:02,1264,Tahap-3
01/21/2025,13,48,2,13:48:02,107,Tahap-3
01/21/2025,13,48,2,13:48:02,134,Tahap-3
01/21/2025,13,48,2,13:48:02,74,Tahap-3
01/21/2025,13,48,2,13:48:02,33,Tahap-3
01/21/2025,13,48,3,13:48:03,44,Tahap-3
01/21/2025,13,48,3,13:48:03,129,Tahap-3
01/21/2025,13,48,3,13:48:03,133,Tahap-3
01/21/2025,13,48,3,13:48:03,155,Tahap-3
01/21/2025,13,48,3,13:48:03,122,Tahap-3
01/21/2025,13,48,3,13:48:03,103,Tahap-3
01/21/2025,13,48,3,13:48:03,132,Tahap-3
01/21/2025,13,48,3,13:48:03,155,Tahap-3
01/21/2025,13,48,3,13:48:03,19,Tahap-3
01/21/2025,13,48,3,13:48:03,168,Tahap-3
01/21/2025,13,48,4,13:48:04,103,Tahap-3
01/21/2025,13,48,4,13:48:04,40,Tahap-3
01/21/2025,13,48,4,13:48:04,82,Tahap-3
01/21/2025,13,48,4,13:48:04,1035,Tahap-3
01/21/2025,13,48,4,13:48:04,210,Tahap-3
01/21/2025,13,48,4,13:48:04,90,Tahap-3
01/21/2025,13,48,4,13:48:04,266,Tahap-3
01/21/2025,13,48,4,13:48:04,613,Tahap-3
01/21/2025,13,48,4,13:48:04,1052,Tahap-3
01/21/2025,13,48,4,13:48:04,1386,Tahap-3
01/21/2025,13,48,5,13:48:05,201,Tahap-3
01/21/2025,13,48,5,13:48:05,495,Tahap-3
01/21/2025,13,48,5,13:48:05,311,Tahap-3
01/21/2025,13,48,5,13:48:05,152,Tahap-3
01/21/2025,13,48,5,13:48:05,64,Tahap-3
01/21/2025,13,48,5,13:48:05,155,Tahap-3
01/21/2025,13,48,5,13:48:05,70,Tahap-3
01/21/2025,13,48,5,13:48:05,45,Tahap-3
01/21/2025,13,48,5,13:48:05,264,Tahap-3
01/21/2025,13,48,5,13:48:05,96,Tahap-3
01/21/2025,13,48,6,13:48:06,140,Tahap-3
01/21/2025,13,48,6,13:48:06,175,Tahap-3
01/21/2025,13,48,6,13:48:06,221,Tahap-3
01/21/2025,13,48,6,13:48:06,347,Tahap-3
01/21/2025,13,48,6,13:48:06,222,Tahap-3
01/21/2025,13,48,6,13:48:06,86,Tahap-3
01/21/2025,13,48,6,13:48:06,218,Tahap-3
01/21/2025,13,48,6,13:48:06,237,Tahap-3
01/21/2025,13,48,6,13:48:06,13,Tahap-3
01/21/2025,13,48,6,13:48:06,287,Tahap-3
01/21/2025,13,48,7,13:48:07,326,Tahap-3
01/21/2025,13,48,7,13:48:07,395,Tahap-3
01/21/2025,13,48,7,13:48:07,718,Tahap-3
01/21/2025,13,48,7,13:48:07,490,Tahap-3
01/21/2025,13,48,7,13:48:07,209,Tahap-3
01/21/2025,13,48,7,13:48:07,417,Tahap-3
01/21/2025,13,48,7,13:48:07,67,Tahap-3
01/21/2025,13,48,7,13:48:07,168,Tahap-3
01/21/2025,13,48,7,13:48:07,81,Tahap-3
01/21/2025,13,48,7,13:48:07,87,Tahap-3
01/21/2025,13,48,8,13:48:08,299,Tahap-3
01/21/2025,13,48,8,13:48:08,235,Tahap-3
01/21/2025,13,48,8,13:48:08,148,Tahap-3
01/21/2025,13,48,8,13:48:08,84,Tahap-3
01/21/2025,13,48,8,13:48:08,-60,Tahap-3
01/21/2025,13,48,8,13:48:08,180,Tahap-3
01/21/2025,13,48,8,13:48:08,20,Tahap-3
01/21/2025,13,48,8,13:48:08,52,Tahap-3
01/21/2025,13,48,8,13:48:08,36,Tahap-3
01/21/2025,13,48,9,13:48:09,152,Tahap-3
01/21/2025,13,48,9,13:48:09,-96,Tahap-3
01/21/2025,13,48,9,13:48:09,44,Tahap-3
01/21/2025,13,48,9,13:48:09,56,Tahap-3
01/21/2025,13,48,9,13:48:09,36,Tahap-3
01/21/2025,13,48,9,13:48:09,24,Tahap-3
01/21/2025,13,48,9,13:48:09,-12,Tahap-3
01/21/2025,13,48,9,13:48:09,-52,Tahap-3
01/21/2025,13,48,9,13:48:09,-40,Tahap-3
01/21/2025,13,48,10,13:48:10,-20,Tahap-3
01/21/2025,13,48,10,13:48:10,72,Tahap-3
01/21/2025,13,48,10,13:48:10,-132,Tahap-3
01/21/2025,13,48,10,13:48:10,-36,Tahap-3
01/21/2025,13,48,10,13:48:10,-28,Tahap-3
01/21/2025,13,48,10,13:48:10,-92,Tahap-3
01/21/2025,13,48,10,13:48:10,-36,Tahap-3
01/21/2025,13,48,10,13:48:10,-96,Tahap-3
01/21/2025,13,48,10,13:48:10,-68,Tahap-3
01/21/2025,13,48,10,13:48:10,-100,Tahap-3
01/21/2025,13,48,11,13:48:11,-144,Tahap-3
01/21/2025,13,48,11,13:48:11,-4,Tahap-3
01/21/2025,13,48,11,13:48:11,-48,Tahap-3
01/21/2025,13,48,11,13:48:11,-216,Tahap-3
01/21/2025,13,48,11,13:48:11,-32,Tahap-3
01/21/2025,13,48,11,13:48:11,-128,Tahap-3
01/21/2025,13,48,11,13:48:11,-164,Tahap-3
01/21/2025,13,48,11,13:48:11,-20,Tahap-3
01/21/2025,13,48,11,13:48:11,-64,Tahap-3
01/21/2025,13,48,11,13:48:11,-108,Tahap-3
01/21/2025,13,48,12,13:48:12,-156,Tahap-3
01/21/2025,13,48,12,13:48:12,60,Tahap-3
01/21/2025,13,48,12,13:48:12,20,Tahap-3
01/21/2025,13,48,12,13:48:12,-196,Tahap-3
01/21/2025,13,48,12,13:48:12,64,Tahap-3
01/21/2025,13,48,12,13:48:12,-44,Tahap-3
01/21/2025,13,48,12,13:48:12,-108,Tahap-3
01/21/2025,13,48,12,13:48:12,-12,Tahap-3
01/21/2025,13,48,12,13:48:12,28,Tahap-3
01/21/2025,13,48,13,13:48:13,-144,Tahap-3
01/21/2025,13,48,13,13:48:13,4,Tahap-3
01/21/2025,13,48,13,13:48:13,-152,Tahap-3
01/21/2025,13,48,13,13:48:13,76,Tahap-3
01/21/2025,13,48,13,13:48:13,-8,Tahap-3
01/21/2025,13,48,13,13:48:13,-72,Tahap-3
01/21/2025,13,48,13,13:48:13,60,Tahap-3
01/21/2025,13,48,13,13:48:13,-4,Tahap-3
01/21/2025,13,48,13,13:48:13,-64,Tahap-3
01/21/2025,13,48,13,13:48:13,28,Tahap-3
01/21/2025,13,48,14,13:48:14,24,Tahap-3
01/21/2025,13,48,14,13:48:14,-28,Tahap-3
01/21/2025,13,48,14,13:48:14,-28,Tahap-3
01/21/2025,13,48,14,13:48:14,-92,Tahap-3
01/21/2025,13,48,14,13:48:14,72,Tahap-3
01/21/2025,13,48,14,13:48:14,-104,Tahap-3
01/21/2025,13,48,14,13:48:14,-12,Tahap-3
01/21/2025,13,48,14,13:48:14,32,Tahap-3
01/21/2025,13,48,14,13:48:14,-28,Tahap-3
01/21/2025,13,48,14,13:48:14,-88,Tahap-3
01/21/2025,13,48,15,13:48:15,20,Tahap-3
01/21/2025,13,48,15,13:48:15,-88,Tahap-3
01/21/2025,13,48,15,13:48:15,-28,Tahap-3
01/21/2025,13,48,15,13:48:15,-148,Tahap-3
01/21/2025,13,48,15,13:48:15,-48,Tahap-3
01/21/2025,13,48,15,13:48:15,8,Tahap-3
01/21/2025,13,48,15,13:48:15,-228,Tahap-3
01/21/2025,13,48,15,13:48:15,20,Tahap-3
01/21/2025,13,48,15,13:48:15,-16,Tahap-3
01/21/2025,13,48,15,13:48:15,-128,Tahap-3
01/21/2025,13,48,16,13:48:16,-36,Tahap-3
01/21/2025,13,48,16,13:48:16,-12,Tahap-3
01/21/2025,13,48,16,13:48:16,-140,Tahap-3
01/21/2025,13,48,16,13:48:16,-24,Tahap-3
01/21/2025,13,48,16,13:48:16,-180,Tahap-3
01/21/2025,13,48,16,13:48:16,-52,Tahap-3
01/21/2025,13,48,16,13:48:16,-76,Tahap-3
01/21/2025,13,48,16,13:48:16,-208,Tahap-3
01/21/2025,13,48,16,13:48:16,-56,Tahap-3
01/21/2025,13,48,16,13:48:16,60,Tahap-3
01/21/2025,13,48,17,13:48:17,-164,Tahap-3
01/21/2025,13,48,17,13:48:17,-84,Tahap-3
01/21/2025,13,48,17,13:48:17,-44,Tahap-3
01/21/2025,13,48,17,13:48:17,-180,Tahap-3
01/21/2025,13,48,17,13:48:17,-32,Tahap-3
01/21/2025,13,48,17,13:48:17,-204,Tahap-3
01/21/2025,13,48,17,13:48:17,52,Tahap-3
01/21/2025,13,48,17,13:48:17,-100,Tahap-3
01/21/2025,13,48,17,13:48:17,-164,Tahap-3
01/21/2025,13,48,17,13:48:17,-44,Tahap-3
01/21/2025,13,48,18,13:48:18,-32,Tahap-3
01/21/2025,13,48,19,13:48:19,-84,Tahap-3
01/21/2025,13,48,19,13:48:19,-112,Tahap-3
01/21/2025,13,48,19,13:48:19,-108,Tahap-3
01/21/2025,13,48,19,13:48:19,-108,Tahap-3
01/21/2025,13,48,19,13:48:19,-108,Tahap-3
01/21/2025,13,48,19,13:48:19,-100,Tahap-3
01/21/2025,13,48,19,13:48:19,-8,Tahap-3
01/21/2025,13,48,19,13:48:19,-188,Tahap-3
01/21/2025,13,48,19,13:48:19,-120,Tahap-3
01/21/2025,13,48,19,13:48:19,-64,Tahap-3
01/21/2025,13,48,19,13:48:19,-168,Tahap-3
01/21/2025,13,48,19,13:48:19,-72,Tahap-3
01/21/2025,13,48,19,13:48:19,-76,Tahap-3
01/21/2025,13,48,19,13:48:19,-180,Tahap-3
01/21/2025,13,48,19,13:48:19,-68,Tahap-3
01/21/2025,13,48,19,13:48:19,-176,Tahap-3
01/21/2025,13,48,19,13:48:19,-88,Tahap-3
01/21/2025,13,48,19,13:48:19,60,Tahap-3
01/21/2025,13,48,19,13:48:19,-216,Tahap-3
01/21/2025,13,48,20,13:48:20,-88,Tahap-3
01/21/2025,13,48,20,13:48:20,-64,Tahap-3
01/21/2025,13,48,20,13:48:20,-136,Tahap-3
01/21/2025,13,48,20,13:48:20,-120,Tahap-3
01/21/2025,13,48,20,13:48:20,8,Tahap-3
01/21/2025,13,48,20,13:48:20,-268,Tahap-3
01/21/2025,13,48,20,13:48:20,24,Tahap-3
01/21/2025,13,48,20,13:48:20,-248,Tahap-3
01/21/2025,13,48,20,13:48:20,-124,Tahap-3
01/21/2025,13,48,20,13:48:20,-32,Tahap-3
01/21/2025,13,48,21,13:48:21,-140,Tahap-3
01/21/2025,13,48,45,13:48:45,2146,Tahap-3
01/21/2025,13,48,45,13:48:45,355,Tahap-3
01/21/2025,13,48,45,13:48:45,123,Tahap-3
01/21/2025,13,48,45,13:48:45,664,Tahap-3
01/21/2025,13,48,45,13:48:45,791,Tahap-3
01/21/2025,13,48,46,13:48:46,527,Tahap-3
01/21/2025,13,48,46,13:48:46,452,Tahap-3
01/21/2025,13,48,46,13:48:46,278,Tahap-3
01/21/2025,13,48,46,13:48:46,430,Tahap-3
01/21/2025,13,48,46,13:48:46,563,Tahap-3
01/21/2025,13,48,46,13:48:46,284,Tahap-3
01/21/2025,13,48,46,13:48:46,113,Tahap-3
01/21/2025,13,48,46,13:48:46,251,Tahap-3
01/21/2025,13,48,46,13:48:46,151,Tahap-3
01/21/2025,13,48,46,13:48:46,190,Tahap-3
01/21/2025,13,48,47,13:48:47,134,Tahap-3
01/21/2025,13,48,47,13:48:47,44,Tahap-3
01/21/2025,13,48,47,13:48:47,116,Tahap-3
01/21/2025,13,48,47,13:48:47,99,Tahap-3
01/21/2025,13,48,47,13:48:47,77,Tahap-3
01/21/2025,13,48,47,13:48:47,199,Tahap-3
01/21/2025,13,48,47,13:48:47,16,Tahap-3
01/21/2025,13,48,47,13:48:47,143,Tahap-3
01/21/2025,13,48,47,13:48:47,82,Tahap-3
01/21/2025,13,48,47,13:48:47,105,Tahap-3
01/21/2025,13,48,48,13:48:48,22,Tahap-3
01/21/2025,13,48,48,13:48:48,239,Tahap-3
