Tanggal,Jam,Menit,Detik,Waktu,frekuensi,label
01/27/2025,9,49,51,09:49:51,1421,Tahap-4
01/27/2025,9,49,51,09:49:51,665,Tahap-4
01/27/2025,9,49,51,09:49:51,382,Tahap-4
01/27/2025,9,49,51,09:49:51,338,Tahap-4
01/27/2025,9,49,51,09:49:51,242,Tahap-4
01/27/2025,9,49,51,09:49:51,213,Tahap-4
01/27/2025,9,49,51,09:49:51,170,Tahap-4
01/27/2025,9,49,51,09:49:51,186,Tahap-4
01/27/2025,9,49,51,09:49:51,99,Tahap-4
01/27/2025,9,49,51,09:49:51,116,Tahap-4
01/27/2025,9,49,51,09:49:51,119,Tahap-4
01/27/2025,9,49,51,09:49:51,125,Tahap-4
01/27/2025,9,49,51,09:49:51,114,Tahap-4
01/27/2025,9,49,51,09:49:51,72,Tahap-4
01/27/2025,9,49,51,09:49:51,84,Tahap-4
01/27/2025,9,49,51,09:49:51,82,Tahap-4
01/27/2025,9,49,51,09:49:51,136,Tahap-4
01/27/2025,9,49,51,09:49:51,68,Tahap-4
01/27/2025,9,49,51,09:49:51,10,Tahap-4
01/27/2025,9,49,51,09:49:51,49,Tahap-4
01/27/2025,9,49,51,09:49:51,45,Tahap-4
01/27/2025,9,49,51,09:49:51,60,Tahap-4
01/27/2025,9,49,51,09:49:51,54,Tahap-4
01/27/2025,9,49,52,09:49:52,47,Tahap-4
01/27/2025,9,49,52,09:49:52,54,Tahap-4
01/27/2025,9,49,52,09:49:52,49,Tahap-4
01/27/2025,9,49,52,09:49:52,83,Tahap-4
01/27/2025,9,49,52,09:49:52,80,Tahap-4
01/27/2025,9,49,52,09:49:52,45,Tahap-4
01/27/2025,9,49,52,09:49:52,35,Tahap-4
01/27/2025,9,49,52,09:49:52,43,Tahap-4
01/27/2025,9,49,52,09:49:52,74,Tahap-4
01/27/2025,9,49,52,09:49:52,71,Tahap-4
01/27/2025,9,49,53,09:49:53,57,Tahap-4
01/27/2025,9,49,53,09:49:53,37,Tahap-4
01/27/2025,9,49,53,09:49:53,35,Tahap-4
01/27/2025,9,49,53,09:49:53,14,Tahap-4
01/27/2025,9,49,53,09:49:53,31,Tahap-4
01/27/2025,9,49,53,09:49:53,25,Tahap-4
01/27/2025,9,49,53,09:49:53,15,Tahap-4
01/27/2025,9,49,53,09:49:53,33,Tahap-4
01/27/2025,9,49,53,09:49:53,55,Tahap-4
01/27/2025,9,49,53,09:49:53,4,Tahap-4
01/27/2025,9,49,54,09:49:54,18,Tahap-4
01/27/2025,9,49,54,09:49:54,48,Tahap-4
01/27/2025,9,49,54,09:49:54,18,Tahap-4
01/27/2025,9,49,54,09:49:54,31,Tahap-4
01/27/2025,9,49,54,09:49:54,27,Tahap-4
01/27/2025,9,49,54,09:49:54,19,Tahap-4
01/27/2025,9,49,54,09:49:54,64,Tahap-4
01/27/2025,9,49,54,09:49:54,15,Tahap-4
01/27/2025,9,49,54,09:49:54,35,Tahap-4
01/27/2025,9,49,54,09:49:54,40,Tahap-4
01/27/2025,9,49,55,09:49:55,39,Tahap-4
01/27/2025,9,49,55,09:49:55,59,Tahap-4
01/27/2025,9,49,55,09:49:55,8,Tahap-4
01/27/2025,9,49,55,09:49:55,7,Tahap-4
01/27/2025,9,49,55,09:49:55,65,Tahap-4
01/27/2025,9,49,55,09:49:55,10,Tahap-4
01/27/2025,9,49,55,09:49:55,33,Tahap-4
01/27/2025,9,49,55,09:49:55,29,Tahap-4
01/27/2025,9,49,55,09:49:55,46,Tahap-4
01/27/2025,9,49,55,09:49:55,55,Tahap-4
01/27/2025,9,49,56,09:49:56,49,Tahap-4
01/27/2025,9,49,56,09:49:56,25,Tahap-4
01/27/2025,9,49,56,09:49:56,11,Tahap-4
01/27/2025,9,49,56,09:49:56,23,Tahap-4
01/27/2025,9,49,56,09:49:56,42,Tahap-4
01/27/2025,9,49,56,09:49:56,66,Tahap-4
01/27/2025,9,49,56,09:49:56,56,Tahap-4
01/27/2025,9,49,56,09:49:56,42,Tahap-4
01/27/2025,9,49,56,09:49:56,21,Tahap-4
01/27/2025,9,49,56,09:49:56,14,Tahap-4
01/27/2025,9,49,57,09:49:57,21,Tahap-4
01/27/2025,9,49,57,09:49:57,41,Tahap-4
01/27/2025,9,49,57,09:49:57,68,Tahap-4
01/27/2025,9,49,57,09:49:57,9,Tahap-4
01/27/2025,9,49,57,09:49:57,3,Tahap-4
01/27/2025,9,49,57,09:49:57,49,Tahap-4
01/27/2025,9,49,57,09:49:57,44,Tahap-4
01/27/2025,9,49,57,09:49:57,21,Tahap-4
01/27/2025,9,49,57,09:49:57,8,Tahap-4
01/27/2025,9,49,57,09:49:57,24,Tahap-4
01/27/2025,9,49,58,09:49:58,43,Tahap-4
01/27/2025,9,49,58,09:49:58,13,Tahap-4
01/27/2025,9,49,58,09:49:58,30,Tahap-4
01/27/2025,9,49,58,09:49:58,11,Tahap-4
01/27/2025,9,49,58,09:49:58,24,Tahap-4
01/27/2025,9,49,58,09:49:58,65,Tahap-4
01/27/2025,9,49,58,09:49:58,5,Tahap-4
01/27/2025,9,49,58,09:49:58,39,Tahap-4
01/27/2025,9,49,58,09:49:58,34,Tahap-4
01/27/2025,9,49,58,09:49:58,45,Tahap-4
01/27/2025,9,49,59,09:49:59,46,Tahap-4
01/27/2025,9,49,59,09:49:59,16,Tahap-4
01/27/2025,9,49,59,09:49:59,14,Tahap-4
01/27/2025,9,49,59,09:49:59,27,Tahap-4
01/27/2025,9,49,59,09:49:59,55,Tahap-4
01/27/2025,9,49,59,09:49:59,36,Tahap-4
01/27/2025,9,49,59,09:49:59,8,Tahap-4
01/27/2025,9,49,59,09:49:59,53,Tahap-4
01/27/2025,9,49,59,09:49:59,30,Tahap-4
01/27/2025,9,49,59,09:49:59,26,Tahap-4
01/27/2025,9,50,1,09:50:01,105,Tahap-4
01/27/2025,9,50,1,09:50:01,30,Tahap-4
01/27/2025,9,50,1,09:50:01,43,Tahap-4
01/27/2025,9,50,1,09:50:01,9,Tahap-4
01/27/2025,9,50,1,09:50:01,31,Tahap-4
01/27/2025,9,50,1,09:50:01,72,Tahap-4
01/27/2025,9,50,1,09:50:01,39,Tahap-4
01/27/2025,9,50,1,09:50:01,79,Tahap-4
01/27/2025,9,50,1,09:50:01,61,Tahap-4
01/27/2025,9,50,1,09:50:01,69,Tahap-4
01/27/2025,9,50,2,09:50:02,13,Tahap-4
01/27/2025,9,50,2,09:50:02,40,Tahap-4
01/27/2025,9,50,2,09:50:02,78,Tahap-4
01/27/2025,9,50,2,09:50:02,59,Tahap-4
01/27/2025,9,50,2,09:50:02,1,Tahap-4
01/27/2025,9,50,2,09:50:02,-1,Tahap-4
01/27/2025,9,50,2,09:50:02,2,Tahap-4
01/27/2025,9,50,2,09:50:02,-2,Tahap-4
01/27/2025,9,50,2,09:50:02,1,Tahap-4
01/27/2025,9,50,2,09:50:02,-3,Tahap-4
01/27/2025,9,50,3,09:50:03,1,Tahap-4
01/27/2025,9,50,3,09:50:03,-3,Tahap-4
01/27/2025,9,50,3,09:50:03,4,Tahap-4
01/27/2025,9,50,3,09:50:03,-2,Tahap-4
01/27/2025,9,50,3,09:50:03,3,Tahap-4
01/27/2025,9,50,3,09:50:03,-2,Tahap-4
01/27/2025,9,50,3,09:50:03,2,Tahap-4
01/27/2025,9,50,3,09:50:03,-2,Tahap-4
01/27/2025,9,50,3,09:50:03,-1,Tahap-4
01/27/2025,9,50,3,09:50:03,-3,Tahap-4
01/27/2025,9,50,4,09:50:04,-4,Tahap-4
01/27/2025,9,50,4,09:50:04,-5,Tahap-4
01/27/2025,9,50,4,09:50:04,-1,Tahap-4
01/27/2025,9,50,4,09:50:04,-5,Tahap-4
01/27/2025,9,50,4,09:50:04,-5,Tahap-4
01/27/2025,9,50,4,09:50:04,-5,Tahap-4
01/27/2025,9,50,4,09:50:04,-1,Tahap-4
01/27/2025,9,50,4,09:50:04,-9,Tahap-4
01/27/2025,9,50,4,09:50:04,-3,Tahap-4
01/27/2025,9,50,5,09:50:05,-5,Tahap-4
01/27/2025,9,50,5,09:50:05,-4,Tahap-4
01/27/2025,9,50,5,09:50:05,-1,Tahap-4
01/27/2025,9,50,5,09:50:05,-3,Tahap-4
01/27/2025,9,50,5,09:50:05,-5,Tahap-4
01/27/2025,9,50,5,09:50:05,-6,Tahap-4
01/27/2025,9,50,5,09:50:05,-3,Tahap-4
01/27/2025,9,50,5,09:50:05,-5,Tahap-4
01/27/2025,9,50,5,09:50:05,-4,Tahap-4
01/27/2025,9,50,5,09:50:05,-8,Tahap-4
01/27/2025,9,50,6,09:50:06,-4,Tahap-4
01/27/2025,9,50,6,09:50:06,-6,Tahap-4
01/27/2025,9,50,6,09:50:06,-4,Tahap-4
01/27/2025,9,50,6,09:50:06,-7,Tahap-4
01/27/2025,9,50,6,09:50:06,-2,Tahap-4
01/27/2025,9,50,6,09:50:06,-8,Tahap-4
01/27/2025,9,50,6,09:50:06,-3,Tahap-4
01/27/2025,9,50,6,09:50:06,-11,Tahap-4
01/27/2025,9,50,6,09:50:06,-3,Tahap-4
01/27/2025,9,50,6,09:50:06,-6,Tahap-4
01/27/2025,9,50,7,09:50:07,-4,Tahap-4
01/27/2025,9,50,7,09:50:07,-12,Tahap-4
01/27/2025,9,50,7,09:50:07,-4,Tahap-4
01/27/2025,9,50,7,09:50:07,-7,Tahap-4
01/27/2025,9,50,7,09:50:07,-8,Tahap-4
01/27/2025,9,50,7,09:50:07,-6,Tahap-4
01/27/2025,9,50,7,09:50:07,-8,Tahap-4
01/27/2025,9,50,7,09:50:07,-8,Tahap-4
01/27/2025,9,50,7,09:50:07,-10,Tahap-4
01/27/2025,9,50,7,09:50:07,-6,Tahap-4
01/27/2025,9,50,8,09:50:08,-6,Tahap-4
01/27/2025,9,50,8,09:50:08,-7,Tahap-4
01/27/2025,9,50,8,09:50:08,-7,Tahap-4
01/27/2025,9,50,8,09:50:08,-8,Tahap-4
01/27/2025,9,50,8,09:50:08,-7,Tahap-4
01/27/2025,9,50,8,09:50:08,-9,Tahap-4
01/27/2025,9,50,8,09:50:08,-7,Tahap-4
01/27/2025,9,50,8,09:50:08,-10,Tahap-4
01/27/2025,9,50,8,09:50:08,-9,Tahap-4
01/27/2025,9,50,8,09:50:08,-8,Tahap-4
01/27/2025,9,50,9,09:50:09,-10,Tahap-4
01/27/2025,9,50,9,09:50:09,-8,Tahap-4
01/27/2025,9,50,9,09:50:09,-8,Tahap-4
01/27/2025,9,50,9,09:50:09,-5,Tahap-4
01/27/2025,9,50,9,09:50:09,-12,Tahap-4
01/27/2025,9,50,9,09:50:09,-8,Tahap-4
01/27/2025,9,50,9,09:50:09,-8,Tahap-4
01/27/2025,9,50,9,09:50:09,-12,Tahap-4
01/27/2025,9,50,9,09:50:09,-6,Tahap-4
01/27/2025,9,50,9,09:50:09,-13,Tahap-4
01/27/2025,9,50,10,09:50:10,-10,Tahap-4
01/27/2025,9,50,10,09:50:10,-10,Tahap-4
01/27/2025,9,50,10,09:50:10,-11,Tahap-4
01/27/2025,9,50,10,09:50:10,-13,Tahap-4
01/27/2025,9,50,10,09:50:10,-12,Tahap-4
01/27/2025,9,50,10,09:50:10,-12,Tahap-4
01/27/2025,9,50,10,09:50:10,-11,Tahap-4
01/27/2025,9,50,10,09:50:10,-11,Tahap-4
01/27/2025,9,50,10,09:50:10,-9,Tahap-4
01/27/2025,9,50,10,09:50:10,-9,Tahap-4
01/27/2025,9,50,11,09:50:11,-9,Tahap-4
01/27/2025,9,50,11,09:50:11,-15,Tahap-4
01/27/2025,9,50,11,09:50:11,-9,Tahap-4
01/27/2025,9,50,11,09:50:11,-12,Tahap-4
01/27/2025,9,50,11,09:50:11,-10,Tahap-4
01/27/2025,9,50,11,09:50:11,-12,Tahap-4
01/27/2025,9,50,11,09:50:11,-11,Tahap-4
01/27/2025,9,50,11,09:50:11,-10,Tahap-4
01/27/2025,9,50,11,09:50:11,-13,Tahap-4
01/27/2025,9,50,11,09:50:11,-15,Tahap-4
01/27/2025,9,50,12,09:50:12,-10,Tahap-4
01/27/2025,9,50,12,09:50:12,-14,Tahap-4
01/27/2025,9,50,12,09:50:12,-14,Tahap-4
01/27/2025,9,50,12,09:50:12,-12,Tahap-4
01/27/2025,9,50,12,09:50:12,-10,Tahap-4
01/27/2025,9,50,12,09:50:12,-11,Tahap-4
01/27/2025,9,50,12,09:50:12,-15,Tahap-4
01/27/2025,9,50,12,09:50:12,-14,Tahap-4
01/27/2025,9,50,12,09:50:12,-14,Tahap-4
01/27/2025,9,50,12,09:50:12,-13,Tahap-4
01/27/2025,9,50,13,09:50:13,-14,Tahap-4
01/27/2025,9,50,13,09:50:13,-13,Tahap-4
01/27/2025,9,50,13,09:50:13,-16,Tahap-4
01/27/2025,9,50,13,09:50:13,-10,Tahap-4
01/27/2025,9,50,13,09:50:13,-16,Tahap-4
01/27/2025,9,50,13,09:50:13,-13,Tahap-4
01/27/2025,9,50,13,09:50:13,-16,Tahap-4
01/27/2025,9,50,13,09:50:13,-15,Tahap-4
01/27/2025,9,50,13,09:50:13,-16,Tahap-4
01/27/2025,9,50,13,09:50:13,-13,Tahap-4
01/27/2025,9,50,14,09:50:14,-12,Tahap-4
01/27/2025,9,50,14,09:50:14,-16,Tahap-4
01/27/2025,9,50,14,09:50:14,-17,Tahap-4
01/27/2025,9,50,14,09:50:14,-15,Tahap-4
01/27/2025,9,50,14,09:50:14,-14,Tahap-4
01/27/2025,9,50,14,09:50:14,-14,Tahap-4
01/27/2025,9,50,14,09:50:14,-16,Tahap-4
01/27/2025,9,50,14,09:50:14,-12,Tahap-4
01/27/2025,9,50,14,09:50:14,-17,Tahap-4
01/27/2025,9,50,14,09:50:14,-15,Tahap-4
01/27/2025,9,50,15,09:50:15,-15,Tahap-4
01/27/2025,9,50,15,09:50:15,-13,Tahap-4
01/27/2025,9,50,15,09:50:15,-18,Tahap-4
01/27/2025,9,50,39,09:50:39,564,Tahap-4
01/27/2025,9,50,39,09:50:39,150,Tahap-4
01/27/2025,9,50,39,09:50:39,274,Tahap-4
01/27/2025,9,50,39,09:50:39,162,Tahap-4
01/27/2025,9,50,40,09:50:40,186,Tahap-4
01/27/2025,9,50,40,09:50:40,178,Tahap-4
01/27/2025,9,50,40,09:50:40,194,Tahap-4
01/27/2025,9,50,40,09:50:40,90,Tahap-4
01/27/2025,9,50,40,09:50:40,37,Tahap-4
01/27/2025,9,50,40,09:50:40,84,Tahap-4
01/27/2025,9,50,40,09:50:40,112,Tahap-4
01/27/2025,9,50,40,09:50:40,32,Tahap-4
01/27/2025,9,50,40,09:50:40,7,Tahap-4
01/27/2025,9,50,40,09:50:40,98,Tahap-4
01/27/2025,9,50,41,09:50:41,98,Tahap-4
01/27/2025,9,50,41,09:50:41,54,Tahap-4
01/27/2025,9,50,41,09:50:41,92,Tahap-4
01/27/2025,9,50,41,09:50:41,75,Tahap-4
01/27/2025,9,50,41,09:50:41,39,Tahap-4
01/27/2025,9,50,41,09:50:41,179,Tahap-4
01/27/2025,9,50,41,09:50:41,115,Tahap-4
01/27/2025,9,50,41,09:50:41,186,Tahap-4
01/27/2025,9,50,41,09:50:41,658,Tahap-4
01/27/2025,9,50,41,09:50:41,650,Tahap-4
01/27/2025,9,50,42,09:50:42,281,Tahap-4
01/27/2025,9,50,42,09:50:42,197,Tahap-4
01/27/2025,9,50,42,09:50:42,84,Tahap-4
01/27/2025,9,50,42,09:50:42,67,Tahap-4
01/27/2025,9,50,42,09:50:42,162,Tahap-4
01/27/2025,9,50,42,09:50:42,139,Tahap-4
01/27/2025,9,50,42,09:50:42,60,Tahap-4
01/27/2025,9,50,42,09:50:42,34,Tahap-4
01/27/2025,9,50,42,09:50:42,39,Tahap-4
01/27/2025,9,50,42,09:50:42,42,Tahap-4
01/27/2025,9,50,43,09:50:43,100,Tahap-4
01/27/2025,9,50,43,09:50:43,34,Tahap-4
01/27/2025,9,50,43,09:50:43,80,Tahap-4
01/27/2025,9,50,43,09:50:43,63,Tahap-4
01/27/2025,9,50,43,09:50:43,45,Tahap-4
01/27/2025,9,50,43,09:50:43,83,Tahap-4
01/27/2025,9,50,43,09:50:43,119,Tahap-4
01/27/2025,9,50,43,09:50:43,114,Tahap-4
01/27/2025,9,50,43,09:50:43,51,Tahap-4
01/27/2025,9,50,43,09:50:43,334,Tahap-4
01/27/2025,9,50,44,09:50:44,213,Tahap-4
01/27/2025,9,50,44,09:50:44,185,Tahap-4
01/27/2025,9,50,44,09:50:44,324,Tahap-4
01/27/2025,9,50,44,09:50:44,123,Tahap-4
01/27/2025,9,50,44,09:50:44,93,Tahap-4
01/27/2025,9,50,44,09:50:44,94,Tahap-4
01/27/2025,9,50,44,09:50:44,112,Tahap-4
01/27/2025,9,50,44,09:50:44,103,Tahap-4
01/27/2025,9,50,44,09:50:44,31,Tahap-4
01/27/2025,9,50,44,09:50:44,71,Tahap-4
01/27/2025,9,50,45,09:50:45,78,Tahap-4
01/27/2025,9,50,45,09:50:45,102,Tahap-4
01/27/2025,9,50,45,09:50:45,41,Tahap-4
01/27/2025,9,50,45,09:50:45,34,Tahap-4
01/27/2025,9,50,45,09:50:45,40,Tahap-4
01/27/2025,9,50,45,09:50:45,44,Tahap-4
01/27/2025,9,50,45,09:50:45,28,Tahap-4
01/27/2025,9,50,45,09:50:45,25,Tahap-4
01/27/2025,9,50,45,09:50:45,141,Tahap-4
01/27/2025,9,50,45,09:50:45,168,Tahap-4
01/27/2025,9,50,46,09:50:46,348,Tahap-4
01/27/2025,9,50,46,09:50:46,165,Tahap-4
01/27/2025,9,50,46,09:50:46,355,Tahap-4
01/27/2025,9,50,46,09:50:46,445,Tahap-4
01/27/2025,9,50,46,09:50:46,51,Tahap-4
01/27/2025,9,50,46,09:50:46,1057,Tahap-4
01/27/2025,9,50,46,09:50:46,438,Tahap-4
01/27/2025,9,50,46,09:50:46,349,Tahap-4
01/27/2025,9,50,46,09:50:46,601,Tahap-4
01/27/2025,9,50,46,09:50:46,382,Tahap-4
01/27/2025,9,50,47,09:50:47,56,Tahap-4
01/27/2025,9,50,47,09:50:47,152,Tahap-4
01/27/2025,9,50,47,09:50:47,192,Tahap-4
01/27/2025,9,50,47,09:50:47,98,Tahap-4
01/27/2025,9,50,47,09:50:47,130,Tahap-4
01/27/2025,9,50,47,09:50:47,154,Tahap-4
01/27/2025,9,50,47,09:50:47,150,Tahap-4
01/27/2025,9,50,47,09:50:47,169,Tahap-4
01/27/2025,9,50,47,09:50:47,194,Tahap-4
01/27/2025,9,50,47,09:50:47,186,Tahap-4
01/27/2025,9,50,48,09:50:48,118,Tahap-4
01/27/2025,9,50,48,09:50:48,234,Tahap-4
01/27/2025,9,50,48,09:50:48,337,Tahap-4
01/27/2025,9,50,48,09:50:48,399,Tahap-4
01/27/2025,9,50,48,09:50:48,181,Tahap-4
01/27/2025,9,50,48,09:50:48,597,Tahap-4
01/27/2025,9,50,48,09:50:48,388,Tahap-4
01/27/2025,9,50,48,09:50:48,172,Tahap-4
01/27/2025,9,50,48,09:50:48,640,Tahap-4
01/27/2025,9,50,48,09:50:48,1517,Tahap-4
01/27/2025,9,50,49,09:50:49,957,Tahap-4
01/27/2025,9,50,49,09:50:49,896,Tahap-4
01/27/2025,9,50,49,09:50:49,663,Tahap-4
01/27/2025,9,50,49,09:50:49,512,Tahap-4
01/27/2025,9,50,49,09:50:49,231,Tahap-4
01/27/2025,9,50,49,09:50:49,105,Tahap-4
01/27/2025,9,50,49,09:50:49,75,Tahap-4
01/27/2025,9,50,50,09:50:50,119,Tahap-4
01/27/2025,9,50,50,09:50:50,71,Tahap-4
01/27/2025,9,50,50,09:50:50,97,Tahap-4
01/27/2025,9,50,50,09:50:50,151,Tahap-4
01/27/2025,9,50,50,09:50:50,141,Tahap-4
01/27/2025,9,50,50,09:50:50,282,Tahap-4
01/27/2025,9,50,50,09:50:50,70,Tahap-4
01/27/2025,9,50,50,09:50:50,95,Tahap-4
01/27/2025,9,50,50,09:50:50,212,Tahap-4
01/27/2025,9,50,50,09:50:50,433,Tahap-4
01/27/2025,9,50,50,09:50:50,723,Tahap-4
01/27/2025,9,50,50,09:50:50,692,Tahap-4
01/27/2025,9,50,50,09:50:50,497,Tahap-4
01/27/2025,9,50,51,09:50:51,315,Tahap-4
01/27/2025,9,50,51,09:50:51,262,Tahap-4
01/27/2025,9,50,51,09:50:51,730,Tahap-4
01/27/2025,9,50,51,09:50:51,635,Tahap-4
01/27/2025,9,50,51,09:50:51,189,Tahap-4
01/27/2025,9,50,51,09:50:51,728,Tahap-4
01/27/2025,9,50,51,09:50:51,763,Tahap-4
01/27/2025,9,50,51,09:50:51,318,Tahap-4
01/27/2025,9,50,51,09:50:51,42,Tahap-4
01/27/2025,9,50,51,09:50:51,35,Tahap-4
01/27/2025,9,50,52,09:50:52,51,Tahap-4
01/27/2025,9,50,52,09:50:52,176,Tahap-4
01/27/2025,9,50,52,09:50:52,246,Tahap-4
01/27/2025,9,50,52,09:50:52,-128,Tahap-4
01/27/2025,9,50,52,09:50:52,-32,Tahap-4
01/27/2025,9,50,52,09:50:52,64,Tahap-4
01/27/2025,9,50,52,09:50:52,-104,Tahap-4
01/27/2025,9,50,52,09:50:52,-88,Tahap-4
01/27/2025,9,50,52,09:50:52,336,Tahap-4
01/27/2025,9,50,52,09:50:52,48,Tahap-4
01/27/2025,9,50,53,09:50:53,-32,Tahap-4
01/27/2025,9,50,53,09:50:53,144,Tahap-4
01/27/2025,9,50,53,09:50:53,-168,Tahap-4
01/27/2025,9,50,53,09:50:53,88,Tahap-4
01/27/2025,9,50,53,09:50:53,-48,Tahap-4
01/27/2025,9,50,53,09:50:53,-64,Tahap-4
01/27/2025,9,50,53,09:50:53,-64,Tahap-4
01/27/2025,9,50,53,09:50:53,-104,Tahap-4
01/27/2025,9,50,53,09:50:53,-64,Tahap-4
01/27/2025,9,50,53,09:50:53,312,Tahap-4
01/27/2025,9,50,54,09:50:54,-72,Tahap-4
01/27/2025,9,50,54,09:50:54,160,Tahap-4
01/27/2025,9,50,54,09:50:54,-240,Tahap-4
01/27/2025,9,50,54,09:50:54,-72,Tahap-4
01/27/2025,9,50,54,09:50:54,56,Tahap-4
01/27/2025,9,50,54,09:50:54,-88,Tahap-4
01/27/2025,9,50,54,09:50:54,-104,Tahap-4
01/27/2025,9,50,54,09:50:54,48,Tahap-4
01/27/2025,9,50,54,09:50:54,-240,Tahap-4
01/27/2025,9,50,55,09:50:55,344,Tahap-4
01/27/2025,9,50,55,09:50:55,-128,Tahap-4
01/27/2025,9,50,55,09:50:55,-56,Tahap-4
01/27/2025,9,50,55,09:50:55,168,Tahap-4
01/27/2025,9,50,55,09:50:55,-192,Tahap-4
01/27/2025,9,50,55,09:50:55,-216,Tahap-4
01/27/2025,9,50,55,09:50:55,56,Tahap-4
01/27/2025,9,50,55,09:50:55,-32,Tahap-4
01/27/2025,9,50,55,09:50:55,-152,Tahap-4
01/27/2025,9,50,55,09:50:55,-64,Tahap-4
01/27/2025,9,50,56,09:50:56,-232,Tahap-4
01/27/2025,9,50,56,09:50:56,360,Tahap-4
01/27/2025,9,50,56,09:50:56,-160,Tahap-4
01/27/2025,9,50,56,09:50:56,176,Tahap-4
01/27/2025,9,50,56,09:50:56,-192,Tahap-4
01/27/2025,9,50,56,09:50:56,-224,Tahap-4
01/27/2025,9,50,56,09:50:56,136,Tahap-4
01/27/2025,9,50,56,09:50:56,-120,Tahap-4
01/27/2025,9,50,56,09:50:56,-80,Tahap-4
01/27/2025,9,50,57,09:50:57,-72,Tahap-4
01/27/2025,9,50,57,09:50:57,-216,Tahap-4
01/27/2025,9,50,57,09:50:57,304,Tahap-4
01/27/2025,9,50,57,09:50:57,-200,Tahap-4
01/27/2025,9,50,57,09:50:57,104,Tahap-4
01/27/2025,9,50,57,09:50:57,48,Tahap-4
01/27/2025,9,50,57,09:50:57,-80,Tahap-4
01/27/2025,9,50,57,09:50:57,-192,Tahap-4
01/27/2025,9,50,57,09:50:57,24,Tahap-4
01/27/2025,9,50,58,09:50:58,-48,Tahap-4
01/27/2025,9,50,58,09:50:58,-104,Tahap-4
01/27/2025,9,50,58,09:50:58,-80,Tahap-4
01/27/2025,9,50,58,09:50:58,304,Tahap-4
01/27/2025,9,50,58,09:50:58,-200,Tahap-4
01/27/2025,9,50,58,09:50:58,152,Tahap-4
01/27/2025,9,50,58,09:50:58,64,Tahap-4
01/27/2025,9,50,58,09:50:58,-160,Tahap-4
01/27/2025,9,50,58,09:50:58,-56,Tahap-4
01/27/2025,9,50,58,09:50:58,-40,Tahap-4
01/27/2025,9,50,59,09:50:59,-72,Tahap-4
01/27/2025,9,50,59,09:50:59,88,Tahap-4
01/27/2025,9,50,59,09:50:59,-184,Tahap-4
01/27/2025,9,50,59,09:50:59,-32,Tahap-4
01/27/2025,9,50,59,09:50:59,240,Tahap-4
01/27/2025,9,50,59,09:50:59,-264,Tahap-4
01/27/2025,9,50,59,09:50:59,240,Tahap-4
01/27/2025,9,50,59,09:50:59,88,Tahap-4
01/27/2025,9,50,59,09:50:59,-80,Tahap-4
01/27/2025,9,50,59,09:50:59,-48,Tahap-4
01/27/2025,9,51,1,09:51:01,-104,Tahap-4
01/27/2025,9,51,1,09:51:01,40,Tahap-4
01/27/2025,9,51,1,09:51:01,-176,Tahap-4
01/27/2025,9,51,1,09:51:01,184,Tahap-4
01/27/2025,9,51,1,09:51:01,-184,Tahap-4
01/27/2025,9,51,1,09:51:01,152,Tahap-4
01/27/2025,9,51,1,09:51:01,136,Tahap-4
01/27/2025,9,51,1,09:51:01,-264,Tahap-4
01/27/2025,9,51,1,09:51:01,128,Tahap-4
01/27/2025,9,51,1,09:51:01,144,Tahap-4
01/27/2025,9,51,2,09:51:02,-168,Tahap-4
01/27/2025,9,51,2,09:51:02,-224,Tahap-4
01/27/2025,9,51,2,09:51:02,24,Tahap-4
01/27/2025,9,51,2,09:51:02,-216,Tahap-4
01/27/2025,9,51,2,09:51:02,40,Tahap-4
01/27/2025,9,51,2,09:51:02,-264,Tahap-4
01/27/2025,9,51,2,09:51:02,248,Tahap-4
01/27/2025,9,51,2,09:51:02,-176,Tahap-4
01/27/2025,9,51,2,09:51:02,136,Tahap-4
01/27/2025,9,51,3,09:51:03,-88,Tahap-4
01/27/2025,9,51,3,09:51:03,-80,Tahap-4
01/27/2025,9,51,3,09:51:03,-104,Tahap-4
01/27/2025,9,51,3,09:51:03,-48,Tahap-4
01/27/2025,9,51,3,09:51:03,-72,Tahap-4
01/27/2025,9,51,3,09:51:03,-24,Tahap-4
01/27/2025,9,51,3,09:51:03,-224,Tahap-4
01/27/2025,9,51,3,09:51:03,328,Tahap-4
01/27/2025,9,51,3,09:51:03,16,Tahap-4
01/27/2025,9,51,3,09:51:03,-112,Tahap-4
01/27/2025,9,51,4,09:51:04,184,Tahap-4
01/27/2025,9,51,4,09:51:04,-168,Tahap-4
01/27/2025,9,51,4,09:51:04,-48,Tahap-4
01/27/2025,9,51,4,09:51:04,120,Tahap-4
01/27/2025,9,51,4,09:51:04,-72,Tahap-4
01/27/2025,9,51,4,09:51:04,56,Tahap-4
01/27/2025,9,51,4,09:51:04,-8,Tahap-4
01/27/2025,9,51,4,09:51:04,-152,Tahap-4
01/27/2025,9,51,4,09:51:04,352,Tahap-4
01/27/2025,9,51,4,09:51:04,-152,Tahap-4
01/27/2025,9,51,5,09:51:05,144,Tahap-4
01/27/2025,9,51,5,09:51:05,232,Tahap-4
01/27/2025,9,51,29,09:51:29,2707,Tahap-4
01/27/2025,9,51,29,09:51:29,1225,Tahap-4
01/27/2025,9,51,29,09:51:29,703,Tahap-4
01/27/2025,9,51,29,09:51:29,458,Tahap-4
01/27/2025,9,51,30,09:51:30,658,Tahap-4
01/27/2025,9,51,30,09:51:30,259,Tahap-4
01/27/2025,9,51,30,09:51:30,367,Tahap-4
01/27/2025,9,51,30,09:51:30,396,Tahap-4
01/27/2025,9,51,30,09:51:30,245,Tahap-4
01/27/2025,9,51,30,09:51:30,153,Tahap-4
01/27/2025,9,51,30,09:51:30,137,Tahap-4
01/27/2025,9,51,30,09:51:30,204,Tahap-4
01/27/2025,9,51,30,09:51:30,76,Tahap-4
01/27/2025,9,51,30,09:51:30,128,Tahap-4
01/27/2025,9,51,31,09:51:31,103,Tahap-4
01/27/2025,9,51,31,09:51:31,177,Tahap-4
01/27/2025,9,51,31,09:51:31,118,Tahap-4
01/27/2025,9,51,31,09:51:31,152,Tahap-4
01/27/2025,9,51,31,09:51:31,117,Tahap-4
01/27/2025,9,51,31,09:51:31,110,Tahap-4
01/27/2025,9,51,31,09:51:31,216,Tahap-4
01/27/2025,9,51,31,09:51:31,227,Tahap-4
01/27/2025,9,51,31,09:51:31,347,Tahap-4
01/27/2025,9,51,31,09:51:31,793,Tahap-4
01/27/2025,9,51,32,09:51:32,261,Tahap-4
01/27/2025,9,51,32,09:51:32,96,Tahap-4
01/27/2025,9,51,32,09:51:32,120,Tahap-4
01/27/2025,9,51,32,09:51:32,251,Tahap-4
01/27/2025,9,51,32,09:51:32,86,Tahap-4
01/27/2025,9,51,32,09:51:32,161,Tahap-4
01/27/2025,9,51,32,09:51:32,172,Tahap-4
01/27/2025,9,51,32,09:51:32,53,Tahap-4
01/27/2025,9,51,32,09:51:32,58,Tahap-4
01/27/2025,9,51,32,09:51:32,156,Tahap-4
01/27/2025,9,51,33,09:51:33,58,Tahap-4
01/27/2025,9,51,33,09:51:33,46,Tahap-4
01/27/2025,9,51,33,09:51:33,143,Tahap-4
01/27/2025,9,51,33,09:51:33,133,Tahap-4
01/27/2025,9,51,33,09:51:33,145,Tahap-4
01/27/2025,9,51,33,09:51:33,65,Tahap-4
01/27/2025,9,51,33,09:51:33,161,Tahap-4
01/27/2025,9,51,33,09:51:33,164,Tahap-4
01/27/2025,9,51,33,09:51:33,190,Tahap-4
01/27/2025,9,51,33,09:51:33,469,Tahap-4
01/27/2025,9,51,34,09:51:34,215,Tahap-4
01/27/2025,9,51,34,09:51:34,241,Tahap-4
01/27/2025,9,51,34,09:51:34,319,Tahap-4
01/27/2025,9,51,34,09:51:34,295,Tahap-4
01/27/2025,9,51,34,09:51:34,45,Tahap-4
01/27/2025,9,51,34,09:51:34,63,Tahap-4
01/27/2025,9,51,34,09:51:34,115,Tahap-4
01/27/2025,9,51,34,09:51:34,93,Tahap-4
01/27/2025,9,51,34,09:51:34,158,Tahap-4
01/27/2025,9,51,34,09:51:34,141,Tahap-4
01/27/2025,9,51,35,09:51:35,195,Tahap-4
01/27/2025,9,51,35,09:51:35,204,Tahap-4
01/27/2025,9,51,35,09:51:35,151,Tahap-4
01/27/2025,9,51,35,09:51:35,138,Tahap-4
01/27/2025,9,51,35,09:51:35,54,Tahap-4
01/27/2025,9,51,35,09:51:35,241,Tahap-4
01/27/2025,9,51,35,09:51:35,228,Tahap-4
01/27/2025,9,51,35,09:51:35,139,Tahap-4
01/27/2025,9,51,35,09:51:35,119,Tahap-4
01/27/2025,9,51,35,09:51:35,118,Tahap-4
01/27/2025,9,51,36,09:51:36,165,Tahap-4
01/27/2025,9,51,36,09:51:36,65,Tahap-4
01/27/2025,9,51,36,09:51:36,138,Tahap-4
01/27/2025,9,51,36,09:51:36,337,Tahap-4
01/27/2025,9,51,36,09:51:36,484,Tahap-4
01/27/2025,9,51,36,09:51:36,605,Tahap-4
01/27/2025,9,51,36,09:51:36,649,Tahap-4
01/27/2025,9,51,36,09:51:36,735,Tahap-4
01/27/2025,9,51,36,09:51:36,327,Tahap-4
01/27/2025,9,51,36,09:51:36,62,Tahap-4
01/27/2025,9,51,37,09:51:37,28,Tahap-4
01/27/2025,9,51,37,09:51:37,107,Tahap-4
01/27/2025,9,51,37,09:51:37,249,Tahap-4
01/27/2025,9,51,37,09:51:37,107,Tahap-4
01/27/2025,9,51,37,09:51:37,44,Tahap-4
01/27/2025,9,51,37,09:51:37,100,Tahap-4
01/27/2025,9,51,37,09:51:37,77,Tahap-4
01/27/2025,9,51,37,09:51:37,129,Tahap-4
01/27/2025,9,51,37,09:51:37,333,Tahap-4
01/27/2025,9,51,37,09:51:37,161,Tahap-4
01/27/2025,9,51,38,09:51:38,116,Tahap-4
01/27/2025,9,51,38,09:51:38,159,Tahap-4
01/27/2025,9,51,38,09:51:38,198,Tahap-4
01/27/2025,9,51,38,09:51:38,403,Tahap-4
01/27/2025,9,51,38,09:51:38,381,Tahap-4
01/27/2025,9,51,38,09:51:38,61,Tahap-4
01/27/2025,9,51,38,09:51:38,241,Tahap-4
01/27/2025,9,51,38,09:51:38,62,Tahap-4
01/27/2025,9,51,38,09:51:38,358,Tahap-4
01/27/2025,9,51,38,09:51:38,1791,Tahap-4
01/27/2025,9,51,38,09:51:38,782,Tahap-4
01/27/2025,9,51,39,09:51:39,724,Tahap-4
01/27/2025,9,51,39,09:51:39,555,Tahap-4
01/27/2025,9,51,39,09:51:39,520,Tahap-4
01/27/2025,9,51,39,09:51:39,308,Tahap-4
01/27/2025,9,51,39,09:51:39,269,Tahap-4
01/27/2025,9,51,39,09:51:39,160,Tahap-4
01/27/2025,9,51,39,09:51:39,161,Tahap-4
01/27/2025,9,51,39,09:51:39,88,Tahap-4
01/27/2025,9,51,39,09:51:39,207,Tahap-4
01/27/2025,9,51,39,09:51:39,39,Tahap-4
01/27/2025,9,51,40,09:51:40,182,Tahap-4
01/27/2025,9,51,40,09:51:40,162,Tahap-4
01/27/2025,9,51,40,09:51:40,94,Tahap-4
01/27/2025,9,51,40,09:51:40,283,Tahap-4
01/27/2025,9,51,40,09:51:40,130,Tahap-4
01/27/2025,9,51,40,09:51:40,319,Tahap-4
01/27/2025,9,51,40,09:51:40,162,Tahap-4
01/27/2025,9,51,40,09:51:40,620,Tahap-4
01/27/2025,9,51,40,09:51:40,311,Tahap-4
01/27/2025,9,51,40,09:51:40,372,Tahap-4
01/27/2025,9,51,41,09:51:41,279,Tahap-4
01/27/2025,9,51,41,09:51:41,128,Tahap-4
01/27/2025,9,51,41,09:51:41,972,Tahap-4
01/27/2025,9,51,41,09:51:41,182,Tahap-4
01/27/2025,9,51,41,09:51:41,357,Tahap-4
01/27/2025,9,51,41,09:51:41,704,Tahap-4
01/27/2025,9,51,41,09:51:41,239,Tahap-4
01/27/2025,9,51,41,09:51:41,507,Tahap-4
01/27/2025,9,51,41,09:51:41,282,Tahap-4
01/27/2025,9,51,41,09:51:41,79,Tahap-4
01/27/2025,9,51,42,09:51:42,143,Tahap-4
01/27/2025,9,51,42,09:51:42,299,Tahap-4
01/27/2025,9,51,42,09:51:42,-88,Tahap-4
01/27/2025,9,51,42,09:51:42,80,Tahap-4
01/27/2025,9,51,42,09:51:42,-12,Tahap-4
01/27/2025,9,51,42,09:51:42,-60,Tahap-4
01/27/2025,9,51,42,09:51:42,-24,Tahap-4
01/27/2025,9,51,42,09:51:42,-8,Tahap-4
01/27/2025,9,51,42,09:51:42,-32,Tahap-4
01/27/2025,9,51,43,09:51:43,-16,Tahap-4
01/27/2025,9,51,43,09:51:43,-148,Tahap-4
01/27/2025,9,51,43,09:51:43,68,Tahap-4
01/27/2025,9,51,43,09:51:43,8,Tahap-4
01/27/2025,9,51,43,09:51:43,-92,Tahap-4
01/27/2025,9,51,43,09:51:43,192,Tahap-4
01/27/2025,9,51,43,09:51:43,-12,Tahap-4
01/27/2025,9,51,43,09:51:43,-52,Tahap-4
01/27/2025,9,51,43,09:51:43,76,Tahap-4
01/27/2025,9,51,43,09:51:43,-40,Tahap-4
01/27/2025,9,51,44,09:51:44,36,Tahap-4
01/27/2025,9,51,44,09:51:44,-144,Tahap-4
01/27/2025,9,51,44,09:51:44,128,Tahap-4
01/27/2025,9,51,44,09:51:44,36,Tahap-4
01/27/2025,9,51,44,09:51:44,-92,Tahap-4
01/27/2025,9,51,44,09:51:44,136,Tahap-4
01/27/2025,9,51,44,09:51:44,-20,Tahap-4
01/27/2025,9,51,44,09:51:44,-100,Tahap-4
01/27/2025,9,51,44,09:51:44,52,Tahap-4
01/27/2025,9,51,45,09:51:45,-52,Tahap-4
01/27/2025,9,51,45,09:51:45,-40,Tahap-4
01/27/2025,9,51,45,09:51:45,44,Tahap-4
01/27/2025,9,51,45,09:51:45,-44,Tahap-4
01/27/2025,9,51,45,09:51:45,92,Tahap-4
01/27/2025,9,51,45,09:51:45,-12,Tahap-4
01/27/2025,9,51,45,09:51:45,-88,Tahap-4
01/27/2025,9,51,45,09:51:45,108,Tahap-4
01/27/2025,9,51,45,09:51:45,56,Tahap-4
01/27/2025,9,51,45,09:51:45,-76,Tahap-4
01/27/2025,9,51,46,09:51:46,-8,Tahap-4
01/27/2025,9,51,46,09:51:46,56,Tahap-4
01/27/2025,9,51,46,09:51:46,-80,Tahap-4
01/27/2025,9,51,46,09:51:46,40,Tahap-4
01/27/2025,9,51,46,09:51:46,-88,Tahap-4
01/27/2025,9,51,46,09:51:46,204,Tahap-4
01/27/2025,9,51,46,09:51:46,-32,Tahap-4
01/27/2025,9,51,46,09:51:46,12,Tahap-4
01/27/2025,9,51,46,09:51:46,108,Tahap-4
01/27/2025,9,51,46,09:51:46,8,Tahap-4
01/27/2025,9,51,47,09:51:47,36,Tahap-4
01/27/2025,9,51,47,09:51:47,8,Tahap-4
01/27/2025,9,51,47,09:51:47,28,Tahap-4
01/27/2025,9,51,47,09:51:47,-20,Tahap-4
01/27/2025,9,51,47,09:51:47,68,Tahap-4
01/27/2025,9,51,47,09:51:47,-32,Tahap-4
01/27/2025,9,51,47,09:51:47,260,Tahap-4
01/27/2025,9,51,47,09:51:47,32,Tahap-4
01/27/2025,9,51,47,09:51:47,40,Tahap-4
01/27/2025,9,51,47,09:51:47,148,Tahap-4
01/27/2025,9,51,48,09:51:48,24,Tahap-4
01/27/2025,9,51,48,09:51:48,68,Tahap-4
01/27/2025,9,51,48,09:51:48,72,Tahap-4
01/27/2025,9,51,48,09:51:48,8,Tahap-4
01/27/2025,9,51,48,09:51:48,104,Tahap-4
01/27/2025,9,51,48,09:51:48,60,Tahap-4
01/27/2025,9,51,48,09:51:48,-28,Tahap-4
01/27/2025,9,51,48,09:51:48,264,Tahap-4
01/27/2025,9,51,48,09:51:48,92,Tahap-4
01/27/2025,9,51,48,09:51:48,76,Tahap-4
01/27/2025,9,51,49,09:51:49,140,Tahap-4
01/27/2025,9,51,49,09:51:49,56,Tahap-4
01/27/2025,9,51,49,09:51:49,-12,Tahap-4
01/27/2025,9,51,49,09:51:49,160,Tahap-4
01/27/2025,9,51,49,09:51:49,-124,Tahap-4
01/27/2025,9,51,49,09:51:49,320,Tahap-4
01/27/2025,9,51,49,09:51:49,-76,Tahap-4
01/27/2025,9,51,50,09:51:50,68,Tahap-4
01/27/2025,9,51,50,09:51:50,204,Tahap-4
01/27/2025,9,51,50,09:51:50,128,Tahap-4
01/27/2025,9,51,50,09:51:50,56,Tahap-4
01/27/2025,9,51,50,09:51:50,164,Tahap-4
01/27/2025,9,51,50,09:51:50,40,Tahap-4
01/27/2025,9,51,50,09:51:50,48,Tahap-4
01/27/2025,9,51,50,09:51:50,92,Tahap-4
01/27/2025,9,51,50,09:51:50,76,Tahap-4
01/27/2025,9,51,50,09:51:50,268,Tahap-4
01/27/2025,9,51,50,09:51:50,-48,Tahap-4
01/27/2025,9,51,50,09:51:50,128,Tahap-4
01/27/2025,9,51,50,09:51:50,192,Tahap-4
01/27/2025,9,51,51,09:51:51,148,Tahap-4
01/27/2025,9,51,51,09:51:51,92,Tahap-4
01/27/2025,9,51,51,09:51:51,132,Tahap-4
01/27/2025,9,51,51,09:51:51,56,Tahap-4
01/27/2025,9,51,51,09:51:51,104,Tahap-4
01/27/2025,9,51,51,09:51:51,36,Tahap-4
01/27/2025,9,51,51,09:51:51,48,Tahap-4
01/27/2025,9,51,51,09:51:51,292,Tahap-4
01/27/2025,9,51,51,09:51:51,-28,Tahap-4
01/27/2025,9,51,51,09:51:51,132,Tahap-4
01/27/2025,9,51,52,09:51:52,148,Tahap-4
01/27/2025,9,51,52,09:51:52,120,Tahap-4
01/27/2025,9,51,52,09:51:52,132,Tahap-4
01/27/2025,9,51,52,09:51:52,148,Tahap-4
01/27/2025,9,51,52,09:51:52,44,Tahap-4
01/27/2025,9,51,52,09:51:52,124,Tahap-4
01/27/2025,9,51,52,09:51:52,12,Tahap-4
01/27/2025,9,51,52,09:51:52,108,Tahap-4
01/27/2025,9,51,52,09:51:52,256,Tahap-4
01/27/2025,9,51,52,09:51:52,24,Tahap-4
01/27/2025,9,51,53,09:51:53,132,Tahap-4
01/27/2025,9,51,53,09:51:53,204,Tahap-4
01/27/2025,9,51,53,09:51:53,88,Tahap-4
01/27/2025,9,51,53,09:51:53,212,Tahap-4
01/27/2025,9,51,53,09:51:53,108,Tahap-4
01/27/2025,9,51,53,09:51:53,80,Tahap-4
01/27/2025,9,51,53,09:51:53,100,Tahap-4
01/27/2025,9,51,53,09:51:53,20,Tahap-4
01/27/2025,9,51,53,09:51:53,176,Tahap-4
01/27/2025,9,51,53,09:51:53,296,Tahap-4
01/27/2025,9,51,54,09:51:54,-4,Tahap-4
01/27/2025,9,51,54,09:51:54,252,Tahap-4
01/27/2025,9,51,54,09:51:54,204,Tahap-4
01/27/2025,9,51,54,09:51:54,20,Tahap-4
01/27/2025,9,51,54,09:51:54,172,Tahap-4
01/27/2025,9,51,54,09:51:54,172,Tahap-4
01/27/2025,9,51,54,09:51:54,56,Tahap-4
01/27/2025,9,51,54,09:51:54,148,Tahap-4
01/27/2025,9,51,54,09:51:54,-12,Tahap-4
01/27/2025,9,51,54,09:51:54,152,Tahap-4
01/27/2025,9,51,55,09:51:55,204,Tahap-4
01/27/2025,9,52,19,09:52:19,1537,Tahap-4
01/27/2025,9,52,19,09:52:19,1133,Tahap-4
01/27/2025,9,52,20,09:52:20,476,Tahap-4
01/27/2025,9,52,20,09:52:20,523,Tahap-4
01/27/2025,9,52,20,09:52:20,385,Tahap-4
01/27/2025,9,52,20,09:52:20,312,Tahap-4
01/27/2025,9,52,20,09:52:20,207,Tahap-4
01/27/2025,9,52,20,09:52:20,138,Tahap-4
01/27/2025,9,52,20,09:52:20,150,Tahap-4
01/27/2025,9,52,20,09:52:20,331,Tahap-4
01/27/2025,9,52,20,09:52:20,236,Tahap-4
01/27/2025,9,52,20,09:52:20,132,Tahap-4
01/27/2025,9,52,20,09:52:20,82,Tahap-4
01/27/2025,9,52,20,09:52:20,155,Tahap-4
01/27/2025,9,52,20,09:52:20,167,Tahap-4
01/27/2025,9,52,21,09:52:21,255,Tahap-4
01/27/2025,9,52,21,09:52:21,117,Tahap-4
01/27/2025,9,52,21,09:52:21,112,Tahap-4
01/27/2025,9,52,21,09:52:21,118,Tahap-4
01/27/2025,9,52,21,09:52:21,99,Tahap-4
01/27/2025,9,52,21,09:52:21,110,Tahap-4
01/27/2025,9,52,21,09:52:21,127,Tahap-4
01/27/2025,9,52,21,09:52:21,516,Tahap-4
01/27/2025,9,52,21,09:52:21,860,Tahap-4
01/27/2025,9,52,21,09:52:21,11,Tahap-4
01/27/2025,9,52,22,09:52:22,67,Tahap-4
01/27/2025,9,52,22,09:52:22,77,Tahap-4
01/27/2025,9,52,22,09:52:22,47,Tahap-4
01/27/2025,9,52,22,09:52:22,209,Tahap-4
01/27/2025,9,52,22,09:52:22,210,Tahap-4
01/27/2025,9,52,22,09:52:22,13,Tahap-4
01/27/2025,9,52,22,09:52:22,20,Tahap-4
01/27/2025,9,52,22,09:52:22,182,Tahap-4
01/27/2025,9,52,22,09:52:22,136,Tahap-4
01/27/2025,9,52,22,09:52:22,73,Tahap-4
01/27/2025,9,52,23,09:52:23,40,Tahap-4
01/27/2025,9,52,23,09:52:23,134,Tahap-4
01/27/2025,9,52,23,09:52:23,102,Tahap-4
01/27/2025,9,52,23,09:52:23,95,Tahap-4
01/27/2025,9,52,23,09:52:23,39,Tahap-4
01/27/2025,9,52,23,09:52:23,65,Tahap-4
01/27/2025,9,52,23,09:52:23,101,Tahap-4
01/27/2025,9,52,23,09:52:23,99,Tahap-4
01/27/2025,9,52,23,09:52:23,231,Tahap-4
01/27/2025,9,52,23,09:52:23,347,Tahap-4
01/27/2025,9,52,24,09:52:24,70,Tahap-4
01/27/2025,9,52,24,09:52:24,412,Tahap-4
01/27/2025,9,52,24,09:52:24,19,Tahap-4
01/27/2025,9,52,24,09:52:24,205,Tahap-4
01/27/2025,9,52,24,09:52:24,82,Tahap-4
01/27/2025,9,52,24,09:52:24,55,Tahap-4
01/27/2025,9,52,24,09:52:24,154,Tahap-4
01/27/2025,9,52,24,09:52:24,47,Tahap-4
01/27/2025,9,52,24,09:52:24,3,Tahap-4
01/27/2025,9,52,24,09:52:24,70,Tahap-4
01/27/2025,9,52,25,09:52:25,61,Tahap-4
01/27/2025,9,52,25,09:52:25,170,Tahap-4
01/27/2025,9,52,25,09:52:25,32,Tahap-4
01/27/2025,9,52,25,09:52:25,65,Tahap-4
01/27/2025,9,52,25,09:52:25,22,Tahap-4
01/27/2025,9,52,25,09:52:25,119,Tahap-4
01/27/2025,9,52,25,09:52:25,100,Tahap-4
01/27/2025,9,52,25,09:52:25,81,Tahap-4
01/27/2025,9,52,25,09:52:25,115,Tahap-4
01/27/2025,9,52,25,09:52:25,116,Tahap-4
01/27/2025,9,52,26,09:52:26,269,Tahap-4
01/27/2025,9,52,26,09:52:26,36,Tahap-4
01/27/2025,9,52,26,09:52:26,163,Tahap-4
01/27/2025,9,52,26,09:52:26,339,Tahap-4
01/27/2025,9,52,26,09:52:26,430,Tahap-4
01/27/2025,9,52,26,09:52:26,1221,Tahap-4
01/27/2025,9,52,26,09:52:26,330,Tahap-4
01/27/2025,9,52,26,09:52:26,241,Tahap-4
01/27/2025,9,52,26,09:52:26,117,Tahap-4
01/27/2025,9,52,26,09:52:26,157,Tahap-4
01/27/2025,9,52,27,09:52:27,101,Tahap-4
01/27/2025,9,52,27,09:52:27,138,Tahap-4
01/27/2025,9,52,27,09:52:27,118,Tahap-4
01/27/2025,9,52,27,09:52:27,33,Tahap-4
01/27/2025,9,52,27,09:52:27,31,Tahap-4
01/27/2025,9,52,27,09:52:27,116,Tahap-4
01/27/2025,9,52,27,09:52:27,101,Tahap-4
01/27/2025,9,52,27,09:52:27,195,Tahap-4
01/27/2025,9,52,27,09:52:27,256,Tahap-4
01/27/2025,9,52,27,09:52:27,132,Tahap-4
01/27/2025,9,52,28,09:52:28,292,Tahap-4
01/27/2025,9,52,28,09:52:28,247,Tahap-4
01/27/2025,9,52,28,09:52:28,217,Tahap-4
01/27/2025,9,52,28,09:52:28,621,Tahap-4
01/27/2025,9,52,28,09:52:28,268,Tahap-4
01/27/2025,9,52,28,09:52:28,251,Tahap-4
01/27/2025,9,52,28,09:52:28,166,Tahap-4
01/27/2025,9,52,28,09:52:28,611,Tahap-4
01/27/2025,9,52,28,09:52:28,1563,Tahap-4
01/27/2025,9,52,28,09:52:28,909,Tahap-4
01/27/2025,9,52,29,09:52:29,478,Tahap-4
01/27/2025,9,52,29,09:52:29,616,Tahap-4
01/27/2025,9,52,29,09:52:29,317,Tahap-4
01/27/2025,9,52,29,09:52:29,171,Tahap-4
01/27/2025,9,52,29,09:52:29,189,Tahap-4
01/27/2025,9,52,29,09:52:29,142,Tahap-4
01/27/2025,9,52,29,09:52:29,78,Tahap-4
01/27/2025,9,52,29,09:52:29,132,Tahap-4
01/27/2025,9,52,29,09:52:29,63,Tahap-4
01/27/2025,9,52,29,09:52:29,266,Tahap-4
01/27/2025,9,52,30,09:52:30,173,Tahap-4
01/27/2025,9,52,30,09:52:30,84,Tahap-4
01/27/2025,9,52,30,09:52:30,37,Tahap-4
01/27/2025,9,52,30,09:52:30,283,Tahap-4
01/27/2025,9,52,30,09:52:30,214,Tahap-4
01/27/2025,9,52,30,09:52:30,167,Tahap-4
01/27/2025,9,52,30,09:52:30,42,Tahap-4
01/27/2025,9,52,30,09:52:30,561,Tahap-4
01/27/2025,9,52,30,09:52:30,548,Tahap-4
01/27/2025,9,52,30,09:52:30,206,Tahap-4
01/27/2025,9,52,31,09:52:31,455,Tahap-4
01/27/2025,9,52,31,09:52:31,497,Tahap-4
01/27/2025,9,52,31,09:52:31,1109,Tahap-4
01/27/2025,9,52,31,09:52:31,359,Tahap-4
01/27/2025,9,52,31,09:52:31,172,Tahap-4
01/27/2025,9,52,31,09:52:31,440,Tahap-4
01/27/2025,9,52,31,09:52:31,385,Tahap-4
01/27/2025,9,52,31,09:52:31,183,Tahap-4
01/27/2025,9,52,31,09:52:31,248,Tahap-4
01/27/2025,9,52,31,09:52:31,330,Tahap-4
01/27/2025,9,52,32,09:52:32,372,Tahap-4
01/27/2025,9,52,32,09:52:32,314,Tahap-4
01/27/2025,9,52,32,09:52:32,248,Tahap-4
01/27/2025,9,52,32,09:52:32,-344,Tahap-4
01/27/2025,9,52,32,09:52:32,192,Tahap-4
01/27/2025,9,52,32,09:52:32,-40,Tahap-4
01/27/2025,9,52,32,09:52:32,-128,Tahap-4
01/27/2025,9,52,32,09:52:32,144,Tahap-4
01/27/2025,9,52,32,09:52:32,-48,Tahap-4
01/27/2025,9,52,32,09:52:32,-80,Tahap-4
01/27/2025,9,52,33,09:52:33,-24,Tahap-4
01/27/2025,9,52,33,09:52:33,-256,Tahap-4
01/27/2025,9,52,33,09:52:33,-24,Tahap-4
01/27/2025,9,52,33,09:52:33,104,Tahap-4
01/27/2025,9,52,33,09:52:33,-248,Tahap-4
01/27/2025,9,52,33,09:52:33,40,Tahap-4
01/27/2025,9,52,33,09:52:33,128,Tahap-4
01/27/2025,9,52,33,09:52:33,-184,Tahap-4
01/27/2025,9,52,33,09:52:33,8,Tahap-4
01/27/2025,9,52,33,09:52:33,96,Tahap-4
01/27/2025,9,52,34,09:52:34,-160,Tahap-4
01/27/2025,9,52,34,09:52:34,-32,Tahap-4
01/27/2025,9,52,34,09:52:34,-272,Tahap-4
01/27/2025,9,52,34,09:52:34,120,Tahap-4
01/27/2025,9,52,34,09:52:34,104,Tahap-4
01/27/2025,9,52,34,09:52:34,-192,Tahap-4
01/27/2025,9,52,34,09:52:34,72,Tahap-4
01/27/2025,9,52,34,09:52:34,-192,Tahap-4
01/27/2025,9,52,34,09:52:34,-96,Tahap-4
01/27/2025,9,52,35,09:52:35,24,Tahap-4
01/27/2025,9,52,35,09:52:35,-192,Tahap-4
01/27/2025,9,52,35,09:52:35,-32,Tahap-4
01/27/2025,9,52,35,09:52:35,-288,Tahap-4
01/27/2025,9,52,35,09:52:35,144,Tahap-4
01/27/2025,9,52,35,09:52:35,-40,Tahap-4
01/27/2025,9,52,35,09:52:35,-88,Tahap-4
01/27/2025,9,52,35,09:52:35,200,Tahap-4
01/27/2025,9,52,35,09:52:35,-72,Tahap-4
01/27/2025,9,52,35,09:52:35,-144,Tahap-4
01/27/2025,9,52,36,09:52:36,-88,Tahap-4
01/27/2025,9,52,36,09:52:36,8,Tahap-4
01/27/2025,9,52,36,09:52:36,-152,Tahap-4
01/27/2025,9,52,36,09:52:36,-64,Tahap-4
01/27/2025,9,52,36,09:52:36,-288,Tahap-4
01/27/2025,9,52,36,09:52:36,248,Tahap-4
01/27/2025,9,52,36,09:52:36,-232,Tahap-4
01/27/2025,9,52,36,09:52:36,128,Tahap-4
01/27/2025,9,52,36,09:52:36,104,Tahap-4
01/27/2025,9,52,36,09:52:36,-128,Tahap-4
01/27/2025,9,52,37,09:52:37,-232,Tahap-4
01/27/2025,9,52,37,09:52:37,8,Tahap-4
01/27/2025,9,52,37,09:52:37,-80,Tahap-4
01/27/2025,9,52,37,09:52:37,-24,Tahap-4
01/27/2025,9,52,37,09:52:37,-64,Tahap-4
01/27/2025,9,52,37,09:52:37,-224,Tahap-4
01/27/2025,9,52,37,09:52:37,248,Tahap-4
01/27/2025,9,52,37,09:52:37,-312,Tahap-4
01/27/2025,9,52,37,09:52:37,128,Tahap-4
01/27/2025,9,52,37,09:52:37,216,Tahap-4
01/27/2025,9,52,38,09:52:38,-104,Tahap-4
01/27/2025,9,52,38,09:52:38,-176,Tahap-4
01/27/2025,9,52,38,09:52:38,80,Tahap-4
01/27/2025,9,52,38,09:52:38,-232,Tahap-4
01/27/2025,9,52,38,09:52:38,56,Tahap-4
01/27/2025,9,52,38,09:52:38,-120,Tahap-4
01/27/2025,9,52,38,09:52:38,-72,Tahap-4
01/27/2025,9,52,38,09:52:38,192,Tahap-4
01/27/2025,9,52,38,09:52:38,-168,Tahap-4
01/27/2025,9,52,38,09:52:38,88,Tahap-4
01/27/2025,9,52,39,09:52:39,240,Tahap-4
01/27/2025,9,52,39,09:52:39,-168,Tahap-4
01/27/2025,9,52,39,09:52:39,-152,Tahap-4
01/27/2025,9,52,39,09:52:39,96,Tahap-4
01/27/2025,9,52,39,09:52:39,-208,Tahap-4
01/27/2025,9,52,39,09:52:39,-24,Tahap-4
01/27/2025,9,52,39,09:52:39,-264,Tahap-4
01/27/2025,9,52,39,09:52:39,112,Tahap-4
01/27/2025,9,52,39,09:52:39,-248,Tahap-4
01/27/2025,9,52,40,09:52:40,64,Tahap-4
01/27/2025,9,52,40,09:52:40,8,Tahap-4
01/27/2025,9,52,40,09:52:40,16,Tahap-4
01/27/2025,9,52,40,09:52:40,-176,Tahap-4
01/27/2025,9,52,40,09:52:40,-32,Tahap-4
01/27/2025,9,52,40,09:52:40,-128,Tahap-4
01/27/2025,9,52,40,09:52:40,-240,Tahap-4
01/27/2025,9,52,40,09:52:40,104,Tahap-4
01/27/2025,9,52,40,09:52:40,96,Tahap-4
01/27/2025,9,52,41,09:52:41,-264,Tahap-4
01/27/2025,9,52,41,09:52:41,192,Tahap-4
01/27/2025,9,52,41,09:52:41,-96,Tahap-4
01/27/2025,9,52,41,09:52:41,-80,Tahap-4
01/27/2025,9,52,41,09:52:41,-96,Tahap-4
01/27/2025,9,52,41,09:52:41,-88,Tahap-4
01/27/2025,9,52,41,09:52:41,-240,Tahap-4
01/27/2025,9,52,41,09:52:41,-104,Tahap-4
01/27/2025,9,52,41,09:52:41,-360,Tahap-4
01/27/2025,9,52,41,09:52:41,144,Tahap-4
01/27/2025,9,52,42,09:52:42,-24,Tahap-4
01/27/2025,9,52,42,09:52:42,-232,Tahap-4
01/27/2025,9,52,42,09:52:42,200,Tahap-4
01/27/2025,9,52,42,09:52:42,-224,Tahap-4
01/27/2025,9,52,42,09:52:42,-320,Tahap-4
01/27/2025,9,52,42,09:52:42,-80,Tahap-4
01/27/2025,9,52,42,09:52:42,-216,Tahap-4
01/27/2025,9,52,42,09:52:42,-240,Tahap-4
01/27/2025,9,52,42,09:52:42,-96,Tahap-4
01/27/2025,9,52,42,09:52:42,-392,Tahap-4
01/27/2025,9,52,43,09:52:43,136,Tahap-4
01/27/2025,9,52,43,09:52:43,-80,Tahap-4
01/27/2025,9,52,43,09:52:43,-256,Tahap-4
01/27/2025,9,52,43,09:52:43,88,Tahap-4
01/27/2025,9,52,43,09:52:43,-160,Tahap-4
01/27/2025,9,52,43,09:52:43,-312,Tahap-4
01/27/2025,9,52,43,09:52:43,-96,Tahap-4
01/27/2025,9,52,43,09:52:43,-80,Tahap-4
01/27/2025,9,52,43,09:52:43,-320,Tahap-4
01/27/2025,9,52,43,09:52:43,-64,Tahap-4
01/27/2025,9,52,44,09:52:44,-352,Tahap-4
01/27/2025,9,52,44,09:52:44,104,Tahap-4
01/27/2025,9,52,44,09:52:44,32,Tahap-4
01/27/2025,9,52,44,09:52:44,-368,Tahap-4
01/27/2025,9,52,44,09:52:44,120,Tahap-4
01/27/2025,9,52,44,09:52:44,-320,Tahap-4
01/27/2025,9,52,44,09:52:44,-288,Tahap-4
01/27/2025,9,52,44,09:52:44,-280,Tahap-4
01/27/2025,9,52,44,09:52:44,-24,Tahap-4
01/27/2025,9,52,44,09:52:44,-360,Tahap-4
01/27/2025,9,52,45,09:52:45,-184,Tahap-4
01/27/2025,9,53,9,09:53:09,2636,Tahap-4
01/27/2025,9,53,9,09:53:09,670,Tahap-4
01/27/2025,9,53,9,09:53:09,645,Tahap-4
01/27/2025,9,53,9,09:53:09,201,Tahap-4
01/27/2025,9,53,9,09:53:09,238,Tahap-4
01/27/2025,9,53,9,09:53:09,268,Tahap-4
01/27/2025,9,53,10,09:53:10,247,Tahap-4
01/27/2025,9,53,10,09:53:10,147,Tahap-4
01/27/2025,9,53,10,09:53:10,233,Tahap-4
01/27/2025,9,53,10,09:53:10,138,Tahap-4
01/27/2025,9,53,10,09:53:10,95,Tahap-4
01/27/2025,9,53,10,09:53:10,201,Tahap-4
01/27/2025,9,53,10,09:53:10,126,Tahap-4
01/27/2025,9,53,10,09:53:10,86,Tahap-4
01/27/2025,9,53,10,09:53:10,132,Tahap-4
01/27/2025,9,53,10,09:53:10,75,Tahap-4
01/27/2025,9,53,11,09:53:11,135,Tahap-4
01/27/2025,9,53,11,09:53:11,114,Tahap-4
01/27/2025,9,53,11,09:53:11,122,Tahap-4
01/27/2025,9,53,11,09:53:11,49,Tahap-4
01/27/2025,9,53,11,09:53:11,124,Tahap-4
01/27/2025,9,53,11,09:53:11,287,Tahap-4
01/27/2025,9,53,11,09:53:11,485,Tahap-4
01/27/2025,9,53,11,09:53:11,770,Tahap-4
01/27/2025,9,53,11,09:53:11,136,Tahap-4
01/27/2025,9,53,11,09:53:11,15,Tahap-4
01/27/2025,9,53,12,09:53:12,213,Tahap-4
01/27/2025,9,53,12,09:53:12,207,Tahap-4
01/27/2025,9,53,12,09:53:12,233,Tahap-4
01/27/2025,9,53,12,09:53:12,224,Tahap-4
01/27/2025,9,53,12,09:53:12,83,Tahap-4
01/27/2025,9,53,12,09:53:12,128,Tahap-4
01/27/2025,9,53,12,09:53:12,80,Tahap-4
01/27/2025,9,53,12,09:53:12,27,Tahap-4
01/27/2025,9,53,12,09:53:12,153,Tahap-4
01/27/2025,9,53,12,09:53:12,143,Tahap-4
01/27/2025,9,53,13,09:53:13,151,Tahap-4
01/27/2025,9,53,13,09:53:13,59,Tahap-4
01/27/2025,9,53,13,09:53:13,153,Tahap-4
01/27/2025,9,53,13,09:53:13,74,Tahap-4
01/27/2025,9,53,13,09:53:13,170,Tahap-4
01/27/2025,9,53,13,09:53:13,175,Tahap-4
01/27/2025,9,53,13,09:53:13,203,Tahap-4
01/27/2025,9,53,13,09:53:13,377,Tahap-4
01/27/2025,9,53,13,09:53:13,220,Tahap-4
01/27/2025,9,53,13,09:53:13,227,Tahap-4
01/27/2025,9,53,14,09:53:14,181,Tahap-4
01/27/2025,9,53,14,09:53:14,117,Tahap-4
01/27/2025,9,53,14,09:53:14,53,Tahap-4
01/27/2025,9,53,14,09:53:14,62,Tahap-4
01/27/2025,9,53,14,09:53:14,125,Tahap-4
01/27/2025,9,53,14,09:53:14,151,Tahap-4
01/27/2025,9,53,14,09:53:14,23,Tahap-4
01/27/2025,9,53,14,09:53:14,84,Tahap-4
01/27/2025,9,53,14,09:53:14,82,Tahap-4
01/27/2025,9,53,14,09:53:14,147,Tahap-4
01/27/2025,9,53,15,09:53:15,128,Tahap-4
01/27/2025,9,53,15,09:53:15,71,Tahap-4
01/27/2025,9,53,15,09:53:15,60,Tahap-4
01/27/2025,9,53,15,09:53:15,141,Tahap-4
01/27/2025,9,53,15,09:53:15,193,Tahap-4
01/27/2025,9,53,15,09:53:15,155,Tahap-4
01/27/2025,9,53,15,09:53:15,252,Tahap-4
01/27/2025,9,53,15,09:53:15,236,Tahap-4
01/27/2025,9,53,15,09:53:15,446,Tahap-4
01/27/2025,9,53,15,09:53:15,91,Tahap-4
01/27/2025,9,53,16,09:53:16,72,Tahap-4
01/27/2025,9,53,16,09:53:16,480,Tahap-4
01/27/2025,9,53,16,09:53:16,398,Tahap-4
01/27/2025,9,53,16,09:53:16,837,Tahap-4
01/27/2025,9,53,16,09:53:16,351,Tahap-4
01/27/2025,9,53,16,09:53:16,491,Tahap-4
01/27/2025,9,53,16,09:53:16,465,Tahap-4
01/27/2025,9,53,16,09:53:16,131,Tahap-4
01/27/2025,9,53,16,09:53:16,121,Tahap-4
01/27/2025,9,53,16,09:53:16,268,Tahap-4
01/27/2025,9,53,17,09:53:17,60,Tahap-4
01/27/2025,9,53,17,09:53:17,145,Tahap-4
01/27/2025,9,53,17,09:53:17,136,Tahap-4
01/27/2025,9,53,17,09:53:17,87,Tahap-4
01/27/2025,9,53,17,09:53:17,127,Tahap-4
01/27/2025,9,53,17,09:53:17,204,Tahap-4
01/27/2025,9,53,17,09:53:17,410,Tahap-4
01/27/2025,9,53,17,09:53:17,72,Tahap-4
01/27/2025,9,53,17,09:53:17,232,Tahap-4
01/27/2025,9,53,17,09:53:17,105,Tahap-4
01/27/2025,9,53,18,09:53:18,464,Tahap-4
01/27/2025,9,53,18,09:53:18,97,Tahap-4
01/27/2025,9,53,18,09:53:18,1119,Tahap-4
01/27/2025,9,53,18,09:53:18,347,Tahap-4
01/27/2025,9,53,18,09:53:18,265,Tahap-4
01/27/2025,9,53,18,09:53:18,127,Tahap-4
01/27/2025,9,53,18,09:53:18,1056,Tahap-4
01/27/2025,9,53,18,09:53:18,1855,Tahap-4
01/27/2025,9,53,18,09:53:18,435,Tahap-4
01/27/2025,9,53,18,09:53:18,212,Tahap-4
01/27/2025,9,53,19,09:53:19,393,Tahap-4
01/27/2025,9,53,19,09:53:19,273,Tahap-4
01/27/2025,9,53,19,09:53:19,313,Tahap-4
01/27/2025,9,53,19,09:53:19,170,Tahap-4
01/27/2025,9,53,19,09:53:19,272,Tahap-4
01/27/2025,9,53,19,09:53:19,194,Tahap-4
01/27/2025,9,53,19,09:53:19,69,Tahap-4
01/27/2025,9,53,20,09:53:20,76,Tahap-4
01/27/2025,9,53,20,09:53:20,264,Tahap-4
01/27/2025,9,53,20,09:53:20,84,Tahap-4
01/27/2025,9,53,20,09:53:20,48,Tahap-4
01/27/2025,9,53,20,09:53:20,165,Tahap-4
01/27/2025,9,53,20,09:53:20,191,Tahap-4
01/27/2025,9,53,20,09:53:20,224,Tahap-4
01/27/2025,9,53,20,09:53:20,573,Tahap-4
01/27/2025,9,53,20,09:53:20,256,Tahap-4
01/27/2025,9,53,20,09:53:20,152,Tahap-4
01/27/2025,9,53,20,09:53:20,284,Tahap-4
01/27/2025,9,53,20,09:53:20,107,Tahap-4
01/27/2025,9,53,20,09:53:20,377,Tahap-4
01/27/2025,9,53,21,09:53:21,1162,Tahap-4
01/27/2025,9,53,21,09:53:21,559,Tahap-4
01/27/2025,9,53,21,09:53:21,366,Tahap-4
01/27/2025,9,53,21,09:53:21,293,Tahap-4
01/27/2025,9,53,21,09:53:21,263,Tahap-4
01/27/2025,9,53,21,09:53:21,223,Tahap-4
01/27/2025,9,53,21,09:53:21,184,Tahap-4
01/27/2025,9,53,21,09:53:21,173,Tahap-4
01/27/2025,9,53,21,09:53:21,94,Tahap-4
01/27/2025,9,53,21,09:53:21,391,Tahap-4
01/27/2025,9,53,22,09:53:22,158,Tahap-4
01/27/2025,9,53,22,09:53:22,204,Tahap-4
01/27/2025,9,53,22,09:53:22,-36,Tahap-4
01/27/2025,9,53,22,09:53:22,-16,Tahap-4
01/27/2025,9,53,22,09:53:22,136,Tahap-4
01/27/2025,9,53,22,09:53:22,-84,Tahap-4
01/27/2025,9,53,22,09:53:22,16,Tahap-4
01/27/2025,9,53,22,09:53:22,80,Tahap-4
01/27/2025,9,53,22,09:53:22,52,Tahap-4
01/27/2025,9,53,22,09:53:22,-52,Tahap-4
01/27/2025,9,53,23,09:53:23,24,Tahap-4
01/27/2025,9,53,23,09:53:23,-100,Tahap-4
01/27/2025,9,53,23,09:53:23,180,Tahap-4
01/27/2025,9,53,23,09:53:23,-48,Tahap-4
01/27/2025,9,53,23,09:53:23,8,Tahap-4
01/27/2025,9,53,23,09:53:23,128,Tahap-4
01/27/2025,9,53,23,09:53:23,-16,Tahap-4
01/27/2025,9,53,23,09:53:23,-80,Tahap-4
01/27/2025,9,53,23,09:53:23,52,Tahap-4
01/27/2025,9,53,23,09:53:23,-12,Tahap-4
01/27/2025,9,53,24,09:53:24,-68,Tahap-4
01/27/2025,9,53,24,09:53:24,-60,Tahap-4
01/27/2025,9,53,24,09:53:24,-100,Tahap-4
01/27/2025,9,53,24,09:53:24,144,Tahap-4
01/27/2025,9,53,24,09:53:24,-68,Tahap-4
01/27/2025,9,53,24,09:53:24,32,Tahap-4
01/27/2025,9,53,24,09:53:24,88,Tahap-4
01/27/2025,9,53,24,09:53:24,-48,Tahap-4
01/27/2025,9,53,24,09:53:24,-56,Tahap-4
01/27/2025,9,53,24,09:53:24,-52,Tahap-4
01/27/2025,9,53,25,09:53:25,-12,Tahap-4
01/27/2025,9,53,25,09:53:25,-52,Tahap-4
01/27/2025,9,53,25,09:53:25,-68,Tahap-4
01/27/2025,9,53,25,09:53:25,-72,Tahap-4
01/27/2025,9,53,25,09:53:25,112,Tahap-4
01/27/2025,9,53,25,09:53:25,-116,Tahap-4
01/27/2025,9,53,25,09:53:25,80,Tahap-4
01/27/2025,9,53,25,09:53:25,28,Tahap-4
01/27/2025,9,53,25,09:53:25,-88,Tahap-4
01/27/2025,9,53,25,09:53:25,-72,Tahap-4
01/27/2025,9,53,26,09:53:26,-28,Tahap-4
01/27/2025,9,53,26,09:53:26,-116,Tahap-4
01/27/2025,9,53,26,09:53:26,12,Tahap-4
01/27/2025,9,53,26,09:53:26,-140,Tahap-4
01/27/2025,9,53,26,09:53:26,-80,Tahap-4
01/27/2025,9,53,26,09:53:26,140,Tahap-4
01/27/2025,9,53,26,09:53:26,-196,Tahap-4
01/27/2025,9,53,26,09:53:26,48,Tahap-4
01/27/2025,9,53,26,09:53:26,56,Tahap-4
01/27/2025,9,53,26,09:53:26,-180,Tahap-4
01/27/2025,9,53,27,09:53:27,-48,Tahap-4
01/27/2025,9,53,27,09:53:27,-112,Tahap-4
01/27/2025,9,53,27,09:53:27,-12,Tahap-4
01/27/2025,9,53,27,09:53:27,-64,Tahap-4
01/27/2025,9,53,27,09:53:27,-140,Tahap-4
01/27/2025,9,53,27,09:53:27,204,Tahap-4
01/27/2025,9,53,27,09:53:27,-248,Tahap-4
01/27/2025,9,53,27,09:53:27,-36,Tahap-4
01/27/2025,9,53,27,09:53:27,64,Tahap-4
01/27/2025,9,53,28,09:53:28,-48,Tahap-4
01/27/2025,9,53,28,09:53:28,-176,Tahap-4
01/27/2025,9,53,28,09:53:28,84,Tahap-4
01/27/2025,9,53,28,09:53:28,-192,Tahap-4
01/27/2025,9,53,28,09:53:28,-64,Tahap-4
01/27/2025,9,53,28,09:53:28,-176,Tahap-4
01/27/2025,9,53,28,09:53:28,-8,Tahap-4
01/27/2025,9,53,28,09:53:28,88,Tahap-4
01/27/2025,9,53,28,09:53:28,-104,Tahap-4
01/27/2025,9,53,28,09:53:28,-48,Tahap-4
01/27/2025,9,53,29,09:53:29,-44,Tahap-4
01/27/2025,9,53,29,09:53:29,-72,Tahap-4
01/27/2025,9,53,29,09:53:29,-124,Tahap-4
01/27/2025,9,53,29,09:53:29,-60,Tahap-4
01/27/2025,9,53,29,09:53:29,-96,Tahap-4
01/27/2025,9,53,29,09:53:29,36,Tahap-4
01/27/2025,9,53,29,09:53:29,-124,Tahap-4
01/27/2025,9,53,29,09:53:29,-52,Tahap-4
01/27/2025,9,53,29,09:53:29,28,Tahap-4
01/27/2025,9,53,29,09:53:29,-60,Tahap-4
01/27/2025,9,53,30,09:53:30,-92,Tahap-4
01/27/2025,9,53,30,09:53:30,-60,Tahap-4
01/27/2025,9,53,30,09:53:30,-80,Tahap-4
01/27/2025,9,53,30,09:53:30,-92,Tahap-4
01/27/2025,9,53,30,09:53:30,-96,Tahap-4
01/27/2025,9,53,30,09:53:30,-196,Tahap-4
01/27/2025,9,53,30,09:53:30,112,Tahap-4
01/27/2025,9,53,30,09:53:30,-196,Tahap-4
01/27/2025,9,53,30,09:53:30,-108,Tahap-4
01/27/2025,9,53,30,09:53:30,-16,Tahap-4
01/27/2025,9,53,31,09:53:31,-88,Tahap-4
01/27/2025,9,53,31,09:53:31,-68,Tahap-4
01/27/2025,9,53,31,09:53:31,-96,Tahap-4
01/27/2025,9,53,31,09:53:31,-108,Tahap-4
01/27/2025,9,53,31,09:53:31,-84,Tahap-4
01/27/2025,9,53,31,09:53:31,-104,Tahap-4
01/27/2025,9,53,31,09:53:31,-144,Tahap-4
01/27/2025,9,53,31,09:53:31,88,Tahap-4
01/27/2025,9,53,31,09:53:31,-268,Tahap-4
01/27/2025,9,53,31,09:53:31,-20,Tahap-4
01/27/2025,9,53,32,09:53:32,24,Tahap-4
01/27/2025,9,53,32,09:53:32,-164,Tahap-4
01/27/2025,9,53,32,09:53:32,-4,Tahap-4
01/27/2025,9,53,32,09:53:32,-52,Tahap-4
01/27/2025,9,53,32,09:53:32,-180,Tahap-4
01/27/2025,9,53,32,09:53:32,-96,Tahap-4
01/27/2025,9,53,32,09:53:32,-108,Tahap-4
01/27/2025,9,53,32,09:53:32,-152,Tahap-4
01/27/2025,9,53,32,09:53:32,28,Tahap-4
01/27/2025,9,53,32,09:53:32,-208,Tahap-4
01/27/2025,9,53,33,09:53:33,-84,Tahap-4
01/27/2025,9,53,33,09:53:33,68,Tahap-4
01/27/2025,9,53,33,09:53:33,-120,Tahap-4
01/27/2025,9,53,33,09:53:33,-124,Tahap-4
01/27/2025,9,53,33,09:53:33,-40,Tahap-4
01/27/2025,9,53,33,09:53:33,-220,Tahap-4
01/27/2025,9,53,33,09:53:33,-104,Tahap-4
01/27/2025,9,53,33,09:53:33,-248,Tahap-4
01/27/2025,9,53,33,09:53:33,-12,Tahap-4
01/27/2025,9,53,33,09:53:33,-16,Tahap-4
01/27/2025,9,53,34,09:53:34,-216,Tahap-4
01/27/2025,9,53,34,09:53:34,-68,Tahap-4
01/27/2025,9,53,34,09:53:34,-36,Tahap-4
01/27/2025,9,53,34,09:53:34,-68,Tahap-4
01/27/2025,9,53,34,09:53:34,-184,Tahap-4
01/27/2025,9,53,34,09:53:34,-64,Tahap-4
01/27/2025,9,53,34,09:53:34,-228,Tahap-4
01/27/2025,9,53,34,09:53:34,-60,Tahap-4
01/27/2025,9,53,34,09:53:34,-240,Tahap-4
01/27/2025,9,53,34,09:53:34,-60,Tahap-4
01/27/2025,9,53,59,09:53:59,659,Tahap-4
01/27/2025,9,53,59,09:53:59,195,Tahap-4
01/27/2025,9,53,59,09:53:59,77,Tahap-4
01/27/2025,9,53,59,09:53:59,182,Tahap-4
01/27/2025,9,53,59,09:53:59,261,Tahap-4
01/27/2025,9,53,59,09:53:59,128,Tahap-4
01/27/2025,9,54,1,09:54:01,71,Tahap-4
01/27/2025,9,54,1,09:54:01,148,Tahap-4
01/27/2025,9,54,1,09:54:01,125,Tahap-4
01/27/2025,9,54,1,09:54:01,235,Tahap-4
01/27/2025,9,54,1,09:54:01,92,Tahap-4
01/27/2025,9,54,1,09:54:01,225,Tahap-4
01/27/2025,9,54,1,09:54:01,785,Tahap-4
01/27/2025,9,54,1,09:54:01,167,Tahap-4
01/27/2025,9,54,1,09:54:01,293,Tahap-4
01/27/2025,9,54,1,09:54:01,69,Tahap-4
01/27/2025,9,54,2,09:54:02,156,Tahap-4
01/27/2025,9,54,2,09:54:02,111,Tahap-4
01/27/2025,9,54,2,09:54:02,35,Tahap-4
01/27/2025,9,54,2,09:54:02,88,Tahap-4
01/27/2025,9,54,2,09:54:02,10,Tahap-4
01/27/2025,9,54,2,09:54:02,120,Tahap-4
01/27/2025,9,54,2,09:54:02,38,Tahap-4
01/27/2025,9,54,2,09:54:02,68,Tahap-4
01/27/2025,9,54,2,09:54:02,58,Tahap-4
01/27/2025,9,54,2,09:54:02,127,Tahap-4
01/27/2025,9,54,3,09:54:03,42,Tahap-4
01/27/2025,9,54,3,09:54:03,61,Tahap-4
01/27/2025,9,54,3,09:54:03,72,Tahap-4
01/27/2025,9,54,3,09:54:03,30,Tahap-4
01/27/2025,9,54,3,09:54:03,82,Tahap-4
01/27/2025,9,54,3,09:54:03,105,Tahap-4
01/27/2025,9,54,3,09:54:03,240,Tahap-4
01/27/2025,9,54,3,09:54:03,108,Tahap-4
01/27/2025,9,54,3,09:54:03,337,Tahap-4
01/27/2025,9,54,3,09:54:03,276,Tahap-4
01/27/2025,9,54,4,09:54:04,150,Tahap-4
01/27/2025,9,54,4,09:54:04,96,Tahap-4
01/27/2025,9,54,4,09:54:04,53,Tahap-4
01/27/2025,9,54,4,09:54:04,43,Tahap-4
01/27/2025,9,54,4,09:54:04,78,Tahap-4
01/27/2025,9,54,4,09:54:04,23,Tahap-4
01/27/2025,9,54,4,09:54:04,70,Tahap-4
01/27/2025,9,54,4,09:54:04,5,Tahap-4
01/27/2025,9,54,4,09:54:04,83,Tahap-4
01/27/2025,9,54,4,09:54:04,38,Tahap-4
01/27/2025,9,54,5,09:54:05,146,Tahap-4
01/27/2025,9,54,5,09:54:05,87,Tahap-4
01/27/2025,9,54,5,09:54:05,63,Tahap-4
01/27/2025,9,54,5,09:54:05,91,Tahap-4
01/27/2025,9,54,5,09:54:05,43,Tahap-4
01/27/2025,9,54,5,09:54:05,55,Tahap-4
01/27/2025,9,54,5,09:54:05,58,Tahap-4
01/27/2025,9,54,5,09:54:05,362,Tahap-4
01/27/2025,9,54,5,09:54:05,416,Tahap-4
01/27/2025,9,54,5,09:54:05,318,Tahap-4
01/27/2025,9,54,6,09:54:06,195,Tahap-4
01/27/2025,9,54,6,09:54:06,342,Tahap-4
01/27/2025,9,54,6,09:54:06,229,Tahap-4
01/27/2025,9,54,6,09:54:06,393,Tahap-4
01/27/2025,9,54,6,09:54:06,1450,Tahap-4
01/27/2025,9,54,6,09:54:06,440,Tahap-4
01/27/2025,9,54,6,09:54:06,212,Tahap-4
01/27/2025,9,54,6,09:54:06,199,Tahap-4
01/27/2025,9,54,6,09:54:06,68,Tahap-4
01/27/2025,9,54,6,09:54:06,107,Tahap-4
01/27/2025,9,54,6,09:54:06,31,Tahap-4
01/27/2025,9,54,7,09:54:07,171,Tahap-4
01/27/2025,9,54,7,09:54:07,100,Tahap-4
01/27/2025,9,54,7,09:54:07,109,Tahap-4
01/27/2025,9,54,7,09:54:07,34,Tahap-4
01/27/2025,9,54,7,09:54:07,117,Tahap-4
01/27/2025,9,54,7,09:54:07,143,Tahap-4
01/27/2025,9,54,7,09:54:07,70,Tahap-4
01/27/2025,9,54,7,09:54:07,165,Tahap-4
01/27/2025,9,54,7,09:54:07,155,Tahap-4
01/27/2025,9,54,7,09:54:07,212,Tahap-4
01/27/2025,9,54,8,09:54:08,204,Tahap-4
01/27/2025,9,54,8,09:54:08,1025,Tahap-4
01/27/2025,9,54,8,09:54:08,594,Tahap-4
01/27/2025,9,54,8,09:54:08,726,Tahap-4
01/27/2025,9,54,8,09:54:08,444,Tahap-4
01/27/2025,9,54,8,09:54:08,549,Tahap-4
01/27/2025,9,54,8,09:54:08,1768,Tahap-4
01/27/2025,9,54,8,09:54:08,321,Tahap-4
01/27/2025,9,54,8,09:54:08,374,Tahap-4
01/27/2025,9,54,8,09:54:08,1057,Tahap-4
01/27/2025,9,54,9,09:54:09,392,Tahap-4
01/27/2025,9,54,9,09:54:09,123,Tahap-4
01/27/2025,9,54,9,09:54:09,186,Tahap-4
01/27/2025,9,54,9,09:54:09,89,Tahap-4
01/27/2025,9,54,9,09:54:09,67,Tahap-4
01/27/2025,9,54,9,09:54:09,161,Tahap-4
01/27/2025,9,54,9,09:54:09,72,Tahap-4
01/27/2025,9,54,9,09:54:09,174,Tahap-4
01/27/2025,9,54,9,09:54:09,137,Tahap-4
01/27/2025,9,54,9,09:54:09,149,Tahap-4
01/27/2025,9,54,10,09:54:10,64,Tahap-4
01/27/2025,9,54,10,09:54:10,129,Tahap-4
01/27/2025,9,54,10,09:54:10,184,Tahap-4
01/27/2025,9,54,10,09:54:10,273,Tahap-4
01/27/2025,9,54,10,09:54:10,322,Tahap-4
01/27/2025,9,54,10,09:54:10,876,Tahap-4
01/27/2025,9,54,10,09:54:10,392,Tahap-4
01/27/2025,9,54,10,09:54:10,166,Tahap-4
01/27/2025,9,54,10,09:54:10,413,Tahap-4
01/27/2025,9,54,10,09:54:10,354,Tahap-4
01/27/2025,9,54,11,09:54:11,958,Tahap-4
01/27/2025,9,54,11,09:54:11,492,Tahap-4
01/27/2025,9,54,11,09:54:11,870,Tahap-4
01/27/2025,9,54,11,09:54:11,715,Tahap-4
01/27/2025,9,54,11,09:54:11,447,Tahap-4
01/27/2025,9,54,11,09:54:11,92,Tahap-4
01/27/2025,9,54,11,09:54:11,145,Tahap-4
01/27/2025,9,54,11,09:54:11,95,Tahap-4
01/27/2025,9,54,11,09:54:11,77,Tahap-4
01/27/2025,9,54,11,09:54:11,373,Tahap-4
01/27/2025,9,54,12,09:54:12,20,Tahap-4
01/27/2025,9,54,12,09:54:12,-40,Tahap-4
01/27/2025,9,54,12,09:54:12,72,Tahap-4
01/27/2025,9,54,12,09:54:12,28,Tahap-4
01/27/2025,9,54,12,09:54:12,-44,Tahap-4
01/27/2025,9,54,12,09:54:12,104,Tahap-4
01/27/2025,9,54,12,09:54:12,-96,Tahap-4
01/27/2025,9,54,12,09:54:12,184,Tahap-4
01/27/2025,9,54,12,09:54:12,-56,Tahap-4
01/27/2025,9,54,12,09:54:12,-56,Tahap-4
01/27/2025,9,54,13,09:54:13,80,Tahap-4
01/27/2025,9,54,13,09:54:13,-36,Tahap-4
01/27/2025,9,54,13,09:54:13,-28,Tahap-4
01/27/2025,9,54,13,09:54:13,72,Tahap-4
01/27/2025,9,54,13,09:54:13,-20,Tahap-4
01/27/2025,9,54,13,09:54:13,40,Tahap-4
01/27/2025,9,54,13,09:54:13,-80,Tahap-4
01/27/2025,9,54,13,09:54:13,184,Tahap-4
01/27/2025,9,54,13,09:54:13,-40,Tahap-4
01/27/2025,9,54,14,09:54:14,-80,Tahap-4
01/27/2025,9,54,14,09:54:14,116,Tahap-4
01/27/2025,9,54,14,09:54:14,-28,Tahap-4
01/27/2025,9,54,14,09:54:14,36,Tahap-4
01/27/2025,9,54,14,09:54:14,-8,Tahap-4
01/27/2025,9,54,14,09:54:14,72,Tahap-4
01/27/2025,9,54,14,09:54:14,-40,Tahap-4
01/27/2025,9,54,14,09:54:14,32,Tahap-4
01/27/2025,9,54,14,09:54:14,-68,Tahap-4
01/27/2025,9,54,14,09:54:14,164,Tahap-4
01/27/2025,9,54,15,09:54:15,-32,Tahap-4
01/27/2025,9,54,15,09:54:15,-92,Tahap-4
01/27/2025,9,54,15,09:54:15,136,Tahap-4
01/27/2025,9,54,15,09:54:15,-84,Tahap-4
01/27/2025,9,54,15,09:54:15,48,Tahap-4
01/27/2025,9,54,15,09:54:15,16,Tahap-4
01/27/2025,9,54,15,09:54:15,-16,Tahap-4
01/27/2025,9,54,15,09:54:15,32,Tahap-4
01/27/2025,9,54,15,09:54:15,-76,Tahap-4
01/27/2025,9,54,16,09:54:16,184,Tahap-4
01/27/2025,9,54,16,09:54:16,-28,Tahap-4
01/27/2025,9,54,16,09:54:16,-16,Tahap-4
01/27/2025,9,54,16,09:54:16,116,Tahap-4
01/27/2025,9,54,16,09:54:16,-44,Tahap-4
01/27/2025,9,54,16,09:54:16,4,Tahap-4
01/27/2025,9,54,16,09:54:16,76,Tahap-4
01/27/2025,9,54,16,09:54:16,-16,Tahap-4
01/27/2025,9,54,16,09:54:16,-12,Tahap-4
01/27/2025,9,54,16,09:54:16,64,Tahap-4
01/27/2025,9,54,17,09:54:17,-72,Tahap-4
01/27/2025,9,54,17,09:54:17,228,Tahap-4
01/27/2025,9,54,17,09:54:17,-52,Tahap-4
01/27/2025,9,54,17,09:54:17,12,Tahap-4
01/27/2025,9,54,17,09:54:17,128,Tahap-4
01/27/2025,9,54,17,09:54:17,-32,Tahap-4
01/27/2025,9,54,17,09:54:17,-68,Tahap-4
01/27/2025,9,54,17,09:54:17,88,Tahap-4
01/27/2025,9,54,17,09:54:17,-16,Tahap-4
01/27/2025,9,54,17,09:54:17,-8,Tahap-4
01/27/2025,9,54,18,09:54:18,-4,Tahap-4
01/27/2025,9,54,18,09:54:18,-60,Tahap-4
01/27/2025,9,54,18,09:54:18,204,Tahap-4
01/27/2025,9,54,18,09:54:18,-32,Tahap-4
01/27/2025,9,54,18,09:54:18,100,Tahap-4
01/27/2025,9,54,18,09:54:18,80,Tahap-4
01/27/2025,9,54,18,09:54:18,20,Tahap-4
01/27/2025,9,54,18,09:54:18,-112,Tahap-4
01/27/2025,9,54,18,09:54:18,124,Tahap-4
01/27/2025,9,54,18,09:54:18,-40,Tahap-4
01/27/2025,9,54,19,09:54:19,68,Tahap-4
01/27/2025,9,54,19,09:54:19,-36,Tahap-4
01/27/2025,9,54,19,09:54:19,92,Tahap-4
01/27/2025,9,54,19,09:54:19,-80,Tahap-4
01/27/2025,9,54,19,09:54:19,128,Tahap-4
01/27/2025,9,54,19,09:54:19,48,Tahap-4
01/27/2025,9,54,20,09:54:20,-16,Tahap-4
01/27/2025,9,54,20,09:54:20,-48,Tahap-4
01/27/2025,9,54,20,09:54:20,20,Tahap-4
01/27/2025,9,54,20,09:54:20,-44,Tahap-4
01/27/2025,9,54,20,09:54:20,124,Tahap-4
01/27/2025,9,54,20,09:54:20,-108,Tahap-4
01/27/2025,9,54,20,09:54:20,104,Tahap-4
01/27/2025,9,54,20,09:54:20,12,Tahap-4
01/27/2025,9,54,20,09:54:20,-76,Tahap-4
01/27/2025,9,54,20,09:54:20,212,Tahap-4
01/27/2025,9,54,20,09:54:20,16,Tahap-4
01/27/2025,9,54,20,09:54:20,-92,Tahap-4
01/27/2025,9,54,20,09:54:20,48,Tahap-4
01/27/2025,9,54,21,09:54:21,-16,Tahap-4
01/27/2025,9,54,21,09:54:21,16,Tahap-4
01/27/2025,9,54,21,09:54:21,36,Tahap-4
01/27/2025,9,54,21,09:54:21,-68,Tahap-4
01/27/2025,9,54,21,09:54:21,196,Tahap-4
01/27/2025,9,54,21,09:54:21,-12,Tahap-4
01/27/2025,9,54,21,09:54:21,-24,Tahap-4
01/27/2025,9,54,21,09:54:21,136,Tahap-4
01/27/2025,9,54,21,09:54:21,24,Tahap-4
01/27/2025,9,54,21,09:54:21,-76,Tahap-4
01/27/2025,9,54,22,09:54:22,52,Tahap-4
01/27/2025,9,54,22,09:54:22,-16,Tahap-4
01/27/2025,9,54,22,09:54:22,-16,Tahap-4
01/27/2025,9,54,22,09:54:22,64,Tahap-4
01/27/2025,9,54,22,09:54:22,-16,Tahap-4
01/27/2025,9,54,22,09:54:22,196,Tahap-4
01/27/2025,9,54,22,09:54:22,-68,Tahap-4
01/27/2025,9,54,22,09:54:22,48,Tahap-4
01/27/2025,9,54,22,09:54:22,92,Tahap-4
01/27/2025,9,54,22,09:54:22,64,Tahap-4
01/27/2025,9,54,23,09:54:23,-44,Tahap-4
01/27/2025,9,54,23,09:54:23,16,Tahap-4
01/27/2025,9,54,23,09:54:23,-4,Tahap-4
01/27/2025,9,54,23,09:54:23,-24,Tahap-4
01/27/2025,9,54,23,09:54:23,-40,Tahap-4
01/27/2025,9,54,23,09:54:23,-32,Tahap-4
01/27/2025,9,54,23,09:54:23,120,Tahap-4
01/27/2025,9,54,23,09:54:23,-92,Tahap-4
01/27/2025,9,54,23,09:54:23,28,Tahap-4
01/27/2025,9,54,23,09:54:23,68,Tahap-4
01/27/2025,9,54,24,09:54:24,-20,Tahap-4
01/27/2025,9,54,24,09:54:24,-40,Tahap-4
01/27/2025,9,54,24,09:54:24,-24,Tahap-4
01/27/2025,9,54,24,09:54:24,-72,Tahap-4
01/27/2025,9,54,24,09:54:24,-68,Tahap-4
01/27/2025,9,54,24,09:54:24,-88,Tahap-4
01/27/2025,9,54,24,09:54:24,-64,Tahap-4
01/27/2025,9,54,24,09:54:24,120,Tahap-4
01/27/2025,9,54,24,09:54:24,-132,Tahap-4
01/27/2025,9,54,49,09:54:49,1499,Tahap-4
01/27/2025,9,54,49,09:54:49,369,Tahap-4
01/27/2025,9,54,49,09:54:49,453,Tahap-4
01/27/2025,9,54,49,09:54:49,357,Tahap-4
01/27/2025,9,54,50,09:54:50,251,Tahap-4
01/27/2025,9,54,50,09:54:50,144,Tahap-4
01/27/2025,9,54,50,09:54:50,106,Tahap-4
01/27/2025,9,54,50,09:54:50,20,Tahap-4
01/27/2025,9,54,50,09:54:50,31,Tahap-4
01/27/2025,9,54,50,09:54:50,79,Tahap-4
01/27/2025,9,54,50,09:54:50,104,Tahap-4
01/27/2025,9,54,50,09:54:50,76,Tahap-4
01/27/2025,9,54,50,09:54:50,132,Tahap-4
01/27/2025,9,54,50,09:54:50,192,Tahap-4
01/27/2025,9,54,50,09:54:50,55,Tahap-4
01/27/2025,9,54,50,09:54:50,128,Tahap-4
01/27/2025,9,54,50,09:54:50,136,Tahap-4
01/27/2025,9,54,51,09:54:51,74,Tahap-4
01/27/2025,9,54,51,09:54:51,81,Tahap-4
01/27/2025,9,54,51,09:54:51,105,Tahap-4
01/27/2025,9,54,51,09:54:51,81,Tahap-4
01/27/2025,9,54,51,09:54:51,64,Tahap-4
01/27/2025,9,54,51,09:54:51,348,Tahap-4
01/27/2025,9,54,51,09:54:51,876,Tahap-4
01/27/2025,9,54,51,09:54:51,168,Tahap-4
01/27/2025,9,54,51,09:54:51,26,Tahap-4
01/27/2025,9,54,51,09:54:51,122,Tahap-4
01/27/2025,9,54,52,09:54:52,119,Tahap-4
01/27/2025,9,54,52,09:54:52,165,Tahap-4
01/27/2025,9,54,52,09:54:52,214,Tahap-4
01/27/2025,9,54,52,09:54:52,123,Tahap-4
01/27/2025,9,54,52,09:54:52,119,Tahap-4
01/27/2025,9,54,52,09:54:52,126,Tahap-4
01/27/2025,9,54,52,09:54:52,119,Tahap-4
01/27/2025,9,54,52,09:54:52,32,Tahap-4
01/27/2025,9,54,52,09:54:52,69,Tahap-4
01/27/2025,9,54,52,09:54:52,80,Tahap-4
01/27/2025,9,54,53,09:54:53,67,Tahap-4
01/27/2025,9,54,53,09:54:53,87,Tahap-4
01/27/2025,9,54,53,09:54:53,8,Tahap-4
01/27/2025,9,54,53,09:54:53,50,Tahap-4
01/27/2025,9,54,53,09:54:53,113,Tahap-4
01/27/2025,9,54,53,09:54:53,204,Tahap-4
01/27/2025,9,54,53,09:54:53,347,Tahap-4
01/27/2025,9,54,53,09:54:53,173,Tahap-4
01/27/2025,9,54,53,09:54:53,154,Tahap-4
01/27/2025,9,54,53,09:54:53,331,Tahap-4
01/27/2025,9,54,54,09:54:54,64,Tahap-4
01/27/2025,9,54,54,09:54:54,27,Tahap-4
01/27/2025,9,54,54,09:54:54,154,Tahap-4
01/27/2025,9,54,54,09:54:54,27,Tahap-4
01/27/2025,9,54,54,09:54:54,125,Tahap-4
01/27/2025,9,54,54,09:54:54,124,Tahap-4
01/27/2025,9,54,54,09:54:54,103,Tahap-4
01/27/2025,9,54,54,09:54:54,96,Tahap-4
01/27/2025,9,54,54,09:54:54,119,Tahap-4
01/27/2025,9,54,54,09:54:54,60,Tahap-4
01/27/2025,9,54,55,09:54:55,100,Tahap-4
01/27/2025,9,54,55,09:54:55,53,Tahap-4
01/27/2025,9,54,55,09:54:55,27,Tahap-4
01/27/2025,9,54,55,09:54:55,59,Tahap-4
01/27/2025,9,54,55,09:54:55,87,Tahap-4
01/27/2025,9,54,55,09:54:55,56,Tahap-4
01/27/2025,9,54,55,09:54:55,61,Tahap-4
01/27/2025,9,54,55,09:54:55,56,Tahap-4
01/27/2025,9,54,55,09:54:55,7,Tahap-4
01/27/2025,9,54,55,09:54:55,86,Tahap-4
01/27/2025,9,54,56,09:54:56,86,Tahap-4
01/27/2025,9,54,56,09:54:56,414,Tahap-4
01/27/2025,9,54,56,09:54:56,568,Tahap-4
01/27/2025,9,54,56,09:54:56,985,Tahap-4
01/27/2025,9,54,56,09:54:56,68,Tahap-4
01/27/2025,9,54,56,09:54:56,251,Tahap-4
01/27/2025,9,54,56,09:54:56,197,Tahap-4
01/27/2025,9,54,56,09:54:56,101,Tahap-4
01/27/2025,9,54,56,09:54:56,152,Tahap-4
01/27/2025,9,54,56,09:54:56,206,Tahap-4
01/27/2025,9,54,57,09:54:57,154,Tahap-4
01/27/2025,9,54,57,09:54:57,206,Tahap-4
01/27/2025,9,54,57,09:54:57,175,Tahap-4
01/27/2025,9,54,57,09:54:57,99,Tahap-4
01/27/2025,9,54,57,09:54:57,86,Tahap-4
01/27/2025,9,54,57,09:54:57,356,Tahap-4
01/27/2025,9,54,57,09:54:57,269,Tahap-4
01/27/2025,9,54,57,09:54:57,224,Tahap-4
01/27/2025,9,54,57,09:54:57,308,Tahap-4
01/27/2025,9,54,57,09:54:57,339,Tahap-4
01/27/2025,9,54,58,09:54:58,56,Tahap-4
01/27/2025,9,54,58,09:54:58,756,Tahap-4
01/27/2025,9,54,58,09:54:58,174,Tahap-4
01/27/2025,9,54,58,09:54:58,392,Tahap-4
01/27/2025,9,54,58,09:54:58,183,Tahap-4
01/27/2025,9,54,58,09:54:58,264,Tahap-4
01/27/2025,9,54,58,09:54:58,1947,Tahap-4
01/27/2025,9,54,58,09:54:58,798,Tahap-4
01/27/2025,9,54,58,09:54:58,198,Tahap-4
01/27/2025,9,54,58,09:54:58,317,Tahap-4
01/27/2025,9,54,59,09:54:59,381,Tahap-4
01/27/2025,9,54,59,09:54:59,257,Tahap-4
01/27/2025,9,54,59,09:54:59,178,Tahap-4
01/27/2025,9,54,59,09:54:59,203,Tahap-4
01/27/2025,9,54,59,09:54:59,252,Tahap-4
01/27/2025,9,54,59,09:54:59,140,Tahap-4
01/27/2025,9,54,59,09:54:59,113,Tahap-4
01/27/2025,9,54,59,09:54:59,135,Tahap-4
01/27/2025,9,54,59,09:54:59,131,Tahap-4
01/27/2025,9,54,59,09:54:59,111,Tahap-4
01/27/2025,9,55,1,09:55:01,986,Tahap-4
01/27/2025,9,55,1,09:55:01,216,Tahap-4
01/27/2025,9,55,1,09:55:01,152,Tahap-4
01/27/2025,9,55,1,09:55:01,274,Tahap-4
01/27/2025,9,55,1,09:55:01,281,Tahap-4
01/27/2025,9,55,1,09:55:01,303,Tahap-4
01/27/2025,9,55,1,09:55:01,256,Tahap-4
01/27/2025,9,55,1,09:55:01,106,Tahap-4
01/27/2025,9,55,1,09:55:01,104,Tahap-4
01/27/2025,9,55,1,09:55:01,168,Tahap-4
01/27/2025,9,55,2,09:55:02,96,Tahap-4
01/27/2025,9,55,2,09:55:02,48,Tahap-4
01/27/2025,9,55,2,09:55:02,-216,Tahap-4
01/27/2025,9,55,2,09:55:02,256,Tahap-4
01/27/2025,9,55,2,09:55:02,8,Tahap-4
01/27/2025,9,55,2,09:55:02,-8,Tahap-4
01/27/2025,9,55,2,09:55:02,-32,Tahap-4
01/27/2025,9,55,2,09:55:02,8,Tahap-4
01/27/2025,9,55,2,09:55:02,-120,Tahap-4
01/27/2025,9,55,2,09:55:02,88,Tahap-4
01/27/2025,9,55,3,09:55:03,-392,Tahap-4
01/27/2025,9,55,3,09:55:03,104,Tahap-4
01/27/2025,9,55,3,09:55:03,144,Tahap-4
01/27/2025,9,55,3,09:55:03,-288,Tahap-4
01/27/2025,9,55,3,09:55:03,312,Tahap-4
01/27/2025,9,55,3,09:55:03,8,Tahap-4
01/27/2025,9,55,3,09:55:03,-152,Tahap-4
01/27/2025,9,55,3,09:55:03,-40,Tahap-4
01/27/2025,9,55,3,09:55:03,-8,Tahap-4
01/27/2025,9,55,3,09:55:03,-256,Tahap-4
01/27/2025,9,55,4,09:55:04,72,Tahap-4
01/27/2025,9,55,4,09:55:04,-368,Tahap-4
01/27/2025,9,55,4,09:55:04,96,Tahap-4
01/27/2025,9,55,4,09:55:04,-8,Tahap-4
01/27/2025,9,55,4,09:55:04,-176,Tahap-4
01/27/2025,9,55,4,09:55:04,120,Tahap-4
01/27/2025,9,55,4,09:55:04,24,Tahap-4
01/27/2025,9,55,4,09:55:04,-256,Tahap-4
01/27/2025,9,55,4,09:55:04,-40,Tahap-4
01/27/2025,9,55,4,09:55:04,-144,Tahap-4
01/27/2025,9,55,5,09:55:05,-192,Tahap-4
01/27/2025,9,55,5,09:55:05,-32,Tahap-4
01/27/2025,9,55,5,09:55:05,-272,Tahap-4
01/27/2025,9,55,5,09:55:05,312,Tahap-4
01/27/2025,9,55,5,09:55:05,-216,Tahap-4
01/27/2025,9,55,5,09:55:05,-56,Tahap-4
01/27/2025,9,55,5,09:55:05,24,Tahap-4
01/27/2025,9,55,5,09:55:05,-184,Tahap-4
01/27/2025,9,55,5,09:55:05,-88,Tahap-4
01/27/2025,9,55,6,09:55:06,-96,Tahap-4
01/27/2025,9,55,6,09:55:06,-72,Tahap-4
01/27/2025,9,55,6,09:55:06,-112,Tahap-4
01/27/2025,9,55,6,09:55:06,-224,Tahap-4
01/27/2025,9,55,6,09:55:06,312,Tahap-4
01/27/2025,9,55,6,09:55:06,-272,Tahap-4
01/27/2025,9,55,6,09:55:06,96,Tahap-4
01/27/2025,9,55,6,09:55:06,128,Tahap-4
01/27/2025,9,55,6,09:55:06,-248,Tahap-4
01/27/2025,9,55,6,09:55:06,-104,Tahap-4
01/27/2025,9,55,7,09:55:07,-80,Tahap-4
01/27/2025,9,55,7,09:55:07,-192,Tahap-4
01/27/2025,9,55,7,09:55:07,-40,Tahap-4
01/27/2025,9,55,7,09:55:07,-232,Tahap-4
01/27/2025,9,55,7,09:55:07,-240,Tahap-4
01/27/2025,9,55,7,09:55:07,304,Tahap-4
01/27/2025,9,55,7,09:55:07,-256,Tahap-4
01/27/2025,9,55,7,09:55:07,40,Tahap-4
01/27/2025,9,55,7,09:55:07,136,Tahap-4
01/27/2025,9,55,7,09:55:07,-256,Tahap-4
01/27/2025,9,55,8,09:55:08,-112,Tahap-4
01/27/2025,9,55,8,09:55:08,72,Tahap-4
01/27/2025,9,55,8,09:55:08,-216,Tahap-4
01/27/2025,9,55,8,09:55:08,8,Tahap-4
01/27/2025,9,55,8,09:55:08,-264,Tahap-4
01/27/2025,9,55,8,09:55:08,-24,Tahap-4
01/27/2025,9,55,8,09:55:08,224,Tahap-4
01/27/2025,9,55,8,09:55:08,-176,Tahap-4
01/27/2025,9,55,8,09:55:08,48,Tahap-4
01/27/2025,9,55,8,09:55:08,64,Tahap-4
01/27/2025,9,55,9,09:55:09,-248,Tahap-4
01/27/2025,9,55,9,09:55:09,-136,Tahap-4
01/27/2025,9,55,9,09:55:09,-264,Tahap-4
01/27/2025,9,55,9,09:55:09,-80,Tahap-4
01/27/2025,9,55,9,09:55:09,-208,Tahap-4
01/27/2025,9,55,9,09:55:09,-32,Tahap-4
01/27/2025,9,55,9,09:55:09,200,Tahap-4
01/27/2025,9,55,9,09:55:09,-296,Tahap-4
01/27/2025,9,55,9,09:55:09,184,Tahap-4
01/27/2025,9,55,10,09:55:10,-16,Tahap-4
01/27/2025,9,55,10,09:55:10,-136,Tahap-4
01/27/2025,9,55,10,09:55:10,-152,Tahap-4
01/27/2025,9,55,10,09:55:10,32,Tahap-4
01/27/2025,9,55,10,09:55:10,-160,Tahap-4
01/27/2025,9,55,10,09:55:10,-72,Tahap-4
01/27/2025,9,55,10,09:55:10,-176,Tahap-4
01/27/2025,9,55,10,09:55:10,80,Tahap-4
01/27/2025,9,55,10,09:55:10,-112,Tahap-4
01/27/2025,9,55,10,09:55:10,-96,Tahap-4
01/27/2025,9,55,10,09:55:10,152,Tahap-4
01/27/2025,9,55,11,09:55:11,-96,Tahap-4
01/27/2025,9,55,11,09:55:11,-232,Tahap-4
01/27/2025,9,55,11,09:55:11,-104,Tahap-4
01/27/2025,9,55,11,09:55:11,-168,Tahap-4
01/27/2025,9,55,11,09:55:11,-168,Tahap-4
01/27/2025,9,55,11,09:55:11,8,Tahap-4
01/27/2025,9,55,11,09:55:11,-368,Tahap-4
01/27/2025,9,55,11,09:55:11,224,Tahap-4
01/27/2025,9,55,11,09:55:11,-280,Tahap-4
01/27/2025,9,55,11,09:55:11,-24,Tahap-4
01/27/2025,9,55,12,09:55:12,184,Tahap-4
01/27/2025,9,55,12,09:55:12,-144,Tahap-4
01/27/2025,9,55,12,09:55:12,-280,Tahap-4
01/27/2025,9,55,12,09:55:12,-16,Tahap-4
01/27/2025,9,55,12,09:55:12,-272,Tahap-4
01/27/2025,9,55,12,09:55:12,-40,Tahap-4
01/27/2025,9,55,12,09:55:12,-128,Tahap-4
01/27/2025,9,55,12,09:55:12,-264,Tahap-4
01/27/2025,9,55,12,09:55:12,160,Tahap-4
01/27/2025,9,55,12,09:55:12,-328,Tahap-4
01/27/2025,9,55,13,09:55:13,-128,Tahap-4
01/27/2025,9,55,13,09:55:13,120,Tahap-4
01/27/2025,9,55,13,09:55:13,-128,Tahap-4
01/27/2025,9,55,13,09:55:13,-328,Tahap-4
01/27/2025,9,55,13,09:55:13,96,Tahap-4
01/27/2025,9,55,13,09:55:13,-248,Tahap-4
01/27/2025,9,55,13,09:55:13,88,Tahap-4
01/27/2025,9,55,13,09:55:13,-232,Tahap-4
01/27/2025,9,55,13,09:55:13,-32,Tahap-4
01/27/2025,9,55,13,09:55:13,112,Tahap-4
01/27/2025,9,55,14,09:55:14,-144,Tahap-4
01/27/2025,9,55,14,09:55:14,-32,Tahap-4
01/27/2025,9,55,14,09:55:14,96,Tahap-4
01/27/2025,9,55,14,09:55:14,-64,Tahap-4
01/27/2025,9,55,14,09:55:14,-216,Tahap-4
01/27/2025,9,55,14,09:55:14,-56,Tahap-4
01/27/2025,9,55,14,09:55:14,-200,Tahap-4
01/27/2025,9,55,14,09:55:14,-48,Tahap-4
01/27/2025,9,55,39,09:55:39,2586,Tahap-4
01/27/2025,9,55,39,09:55:39,970,Tahap-4
01/27/2025,9,55,39,09:55:39,659,Tahap-4
01/27/2025,9,55,39,09:55:39,435,Tahap-4
01/27/2025,9,55,39,09:55:39,211,Tahap-4
01/27/2025,9,55,39,09:55:39,321,Tahap-4
01/27/2025,9,55,39,09:55:39,339,Tahap-4
01/27/2025,9,55,39,09:55:39,169,Tahap-4
01/27/2025,9,55,40,09:55:40,179,Tahap-4
01/27/2025,9,55,40,09:55:40,159,Tahap-4
01/27/2025,9,55,40,09:55:40,102,Tahap-4
01/27/2025,9,55,40,09:55:40,143,Tahap-4
01/27/2025,9,55,40,09:55:40,30,Tahap-4
01/27/2025,9,55,40,09:55:40,139,Tahap-4
01/27/2025,9,55,40,09:55:40,144,Tahap-4
01/27/2025,9,55,40,09:55:40,97,Tahap-4
01/27/2025,9,55,40,09:55:40,146,Tahap-4
01/27/2025,9,55,40,09:55:40,25,Tahap-4
01/27/2025,9,55,41,09:55:41,96,Tahap-4
01/27/2025,9,55,41,09:55:41,155,Tahap-4
01/27/2025,9,55,41,09:55:41,93,Tahap-4
01/27/2025,9,55,41,09:55:41,38,Tahap-4
01/27/2025,9,55,41,09:55:41,248,Tahap-4
01/27/2025,9,55,41,09:55:41,969,Tahap-4
01/27/2025,9,55,41,09:55:41,130,Tahap-4
01/27/2025,9,55,41,09:55:41,68,Tahap-4
01/27/2025,9,55,41,09:55:41,70,Tahap-4
01/27/2025,9,55,41,09:55:41,178,Tahap-4
01/27/2025,9,55,42,09:55:42,191,Tahap-4
01/27/2025,9,55,42,09:55:42,120,Tahap-4
01/27/2025,9,55,42,09:55:42,71,Tahap-4
01/27/2025,9,55,42,09:55:42,60,Tahap-4
01/27/2025,9,55,42,09:55:42,131,Tahap-4
01/27/2025,9,55,42,09:55:42,71,Tahap-4
01/27/2025,9,55,42,09:55:42,102,Tahap-4
01/27/2025,9,55,42,09:55:42,86,Tahap-4
01/27/2025,9,55,42,09:55:42,23,Tahap-4
01/27/2025,9,55,42,09:55:42,76,Tahap-4
01/27/2025,9,55,43,09:55:43,109,Tahap-4
01/27/2025,9,55,43,09:55:43,88,Tahap-4
01/27/2025,9,55,43,09:55:43,64,Tahap-4
01/27/2025,9,55,43,09:55:43,11,Tahap-4
01/27/2025,9,55,43,09:55:43,45,Tahap-4
01/27/2025,9,55,43,09:55:43,293,Tahap-4
01/27/2025,9,55,43,09:55:43,234,Tahap-4
01/27/2025,9,55,43,09:55:43,179,Tahap-4
01/27/2025,9,55,43,09:55:43,360,Tahap-4
01/27/2025,9,55,43,09:55:43,15,Tahap-4
01/27/2025,9,55,44,09:55:44,20,Tahap-4
01/27/2025,9,55,44,09:55:44,117,Tahap-4
01/27/2025,9,55,44,09:55:44,85,Tahap-4
01/27/2025,9,55,44,09:55:44,35,Tahap-4
01/27/2025,9,55,44,09:55:44,56,Tahap-4
01/27/2025,9,55,44,09:55:44,54,Tahap-4
01/27/2025,9,55,44,09:55:44,79,Tahap-4
01/27/2025,9,55,44,09:55:44,102,Tahap-4
01/27/2025,9,55,44,09:55:44,146,Tahap-4
01/27/2025,9,55,44,09:55:44,41,Tahap-4
01/27/2025,9,55,45,09:55:45,84,Tahap-4
01/27/2025,9,55,45,09:55:45,78,Tahap-4
01/27/2025,9,55,45,09:55:45,60,Tahap-4
01/27/2025,9,55,45,09:55:45,77,Tahap-4
01/27/2025,9,55,45,09:55:45,50,Tahap-4
01/27/2025,9,55,45,09:55:45,65,Tahap-4
01/27/2025,9,55,45,09:55:45,292,Tahap-4
01/27/2025,9,55,45,09:55:45,156,Tahap-4
01/27/2025,9,55,45,09:55:45,124,Tahap-4
01/27/2025,9,55,45,09:55:45,62,Tahap-4
01/27/2025,9,55,46,09:55:46,138,Tahap-4
01/27/2025,9,55,46,09:55:46,393,Tahap-4
01/27/2025,9,55,46,09:55:46,1235,Tahap-4
01/27/2025,9,55,46,09:55:46,229,Tahap-4
01/27/2025,9,55,46,09:55:46,245,Tahap-4
01/27/2025,9,55,46,09:55:46,138,Tahap-4
01/27/2025,9,55,46,09:55:46,25,Tahap-4
01/27/2025,9,55,46,09:55:46,104,Tahap-4
01/27/2025,9,55,46,09:55:46,299,Tahap-4
01/27/2025,9,55,46,09:55:46,119,Tahap-4
01/27/2025,9,55,47,09:55:47,67,Tahap-4
01/27/2025,9,55,47,09:55:47,14,Tahap-4
01/27/2025,9,55,47,09:55:47,41,Tahap-4
01/27/2025,9,55,47,09:55:47,129,Tahap-4
01/27/2025,9,55,47,09:55:47,220,Tahap-4
01/27/2025,9,55,47,09:55:47,207,Tahap-4
01/27/2025,9,55,47,09:55:47,129,Tahap-4
01/27/2025,9,55,47,09:55:47,198,Tahap-4
01/27/2025,9,55,47,09:55:47,234,Tahap-4
01/27/2025,9,55,47,09:55:47,387,Tahap-4
01/27/2025,9,55,48,09:55:48,523,Tahap-4
01/27/2025,9,55,48,09:55:48,130,Tahap-4
01/27/2025,9,55,48,09:55:48,333,Tahap-4
01/27/2025,9,55,48,09:55:48,249,Tahap-4
01/27/2025,9,55,48,09:55:48,205,Tahap-4
01/27/2025,9,55,48,09:55:48,1188,Tahap-4
01/27/2025,9,55,48,09:55:48,1420,Tahap-4
01/27/2025,9,55,48,09:55:48,811,Tahap-4
01/27/2025,9,55,48,09:55:48,641,Tahap-4
01/27/2025,9,55,48,09:55:48,433,Tahap-4
01/27/2025,9,55,49,09:55:49,96,Tahap-4
01/27/2025,9,55,49,09:55:49,85,Tahap-4
01/27/2025,9,55,49,09:55:49,233,Tahap-4
01/27/2025,9,55,49,09:55:49,215,Tahap-4
01/27/2025,9,55,49,09:55:49,60,Tahap-4
01/27/2025,9,55,49,09:55:49,235,Tahap-4
01/27/2025,9,55,49,09:55:49,96,Tahap-4
01/27/2025,9,55,50,09:55:50,58,Tahap-4
01/27/2025,9,55,50,09:55:50,120,Tahap-4
01/27/2025,9,55,50,09:55:50,181,Tahap-4
01/27/2025,9,55,50,09:55:50,306,Tahap-4
01/27/2025,9,55,50,09:55:50,443,Tahap-4
01/27/2025,9,55,50,09:55:50,271,Tahap-4
01/27/2025,9,55,50,09:55:50,335,Tahap-4
01/27/2025,9,55,50,09:55:50,573,Tahap-4
01/27/2025,9,55,50,09:55:50,247,Tahap-4
01/27/2025,9,55,50,09:55:50,240,Tahap-4
01/27/2025,9,55,50,09:55:50,276,Tahap-4
01/27/2025,9,55,50,09:55:50,439,Tahap-4
01/27/2025,9,55,50,09:55:50,867,Tahap-4
01/27/2025,9,55,51,09:55:51,245,Tahap-4
01/27/2025,9,55,51,09:55:51,440,Tahap-4
01/27/2025,9,55,51,09:55:51,814,Tahap-4
01/27/2025,9,55,51,09:55:51,434,Tahap-4
01/27/2025,9,55,51,09:55:51,303,Tahap-4
01/27/2025,9,55,51,09:55:51,209,Tahap-4
01/27/2025,9,55,51,09:55:51,246,Tahap-4
01/27/2025,9,55,51,09:55:51,237,Tahap-4
01/27/2025,9,55,51,09:55:51,335,Tahap-4
01/27/2025,9,55,51,09:55:51,120,Tahap-4
01/27/2025,9,55,52,09:55:52,-64,Tahap-4
01/27/2025,9,55,52,09:55:52,68,Tahap-4
01/27/2025,9,55,52,09:55:52,120,Tahap-4
01/27/2025,9,55,52,09:55:52,36,Tahap-4
01/27/2025,9,55,52,09:55:52,-16,Tahap-4
01/27/2025,9,55,52,09:55:52,116,Tahap-4
01/27/2025,9,55,52,09:55:52,-8,Tahap-4
01/27/2025,9,55,52,09:55:52,4,Tahap-4
01/27/2025,9,55,52,09:55:52,-36,Tahap-4
01/27/2025,9,55,52,09:55:52,16,Tahap-4
01/27/2025,9,55,53,09:55:53,152,Tahap-4
01/27/2025,9,55,53,09:55:53,-120,Tahap-4
01/27/2025,9,55,53,09:55:53,140,Tahap-4
01/27/2025,9,55,53,09:55:53,48,Tahap-4
01/27/2025,9,55,53,09:55:53,48,Tahap-4
01/27/2025,9,55,53,09:55:53,20,Tahap-4
01/27/2025,9,55,53,09:55:53,12,Tahap-4
01/27/2025,9,55,53,09:55:53,-8,Tahap-4
01/27/2025,9,55,53,09:55:53,-12,Tahap-4
01/27/2025,9,55,53,09:55:53,-64,Tahap-4
01/27/2025,9,55,54,09:55:54,36,Tahap-4
01/27/2025,9,55,54,09:55:54,148,Tahap-4
01/27/2025,9,55,54,09:55:54,-176,Tahap-4
01/27/2025,9,55,54,09:55:54,140,Tahap-4
01/27/2025,9,55,54,09:55:54,-32,Tahap-4
01/27/2025,9,55,54,09:55:54,-76,Tahap-4
01/27/2025,9,55,54,09:55:54,60,Tahap-4
01/27/2025,9,55,54,09:55:54,-24,Tahap-4
01/27/2025,9,55,54,09:55:54,-8,Tahap-4
01/27/2025,9,55,54,09:55:54,20,Tahap-4
01/27/2025,9,55,55,09:55:55,-108,Tahap-4
01/27/2025,9,55,55,09:55:55,48,Tahap-4
01/27/2025,9,55,55,09:55:55,64,Tahap-4
01/27/2025,9,55,55,09:55:55,-120,Tahap-4
01/27/2025,9,55,55,09:55:55,88,Tahap-4
01/27/2025,9,55,55,09:55:55,-60,Tahap-4
01/27/2025,9,55,55,09:55:55,-120,Tahap-4
01/27/2025,9,55,55,09:55:55,-16,Tahap-4
01/27/2025,9,55,55,09:55:55,-4,Tahap-4
01/27/2025,9,55,55,09:55:55,-132,Tahap-4
01/27/2025,9,55,56,09:55:56,-12,Tahap-4
01/27/2025,9,55,56,09:55:56,-160,Tahap-4
01/27/2025,9,55,56,09:55:56,96,Tahap-4
01/27/2025,9,55,56,09:55:56,-24,Tahap-4
01/27/2025,9,55,56,09:55:56,-64,Tahap-4
01/27/2025,9,55,56,09:55:56,76,Tahap-4
01/27/2025,9,55,56,09:55:56,-56,Tahap-4
01/27/2025,9,55,56,09:55:56,-136,Tahap-4
01/27/2025,9,55,56,09:55:56,-32,Tahap-4
01/27/2025,9,55,57,09:55:57,-92,Tahap-4
01/27/2025,9,55,57,09:55:57,-52,Tahap-4
01/27/2025,9,55,57,09:55:57,-132,Tahap-4
01/27/2025,9,55,57,09:55:57,76,Tahap-4
01/27/2025,9,55,57,09:55:57,-52,Tahap-4
01/27/2025,9,55,57,09:55:57,-44,Tahap-4
01/27/2025,9,55,57,09:55:57,44,Tahap-4
01/27/2025,9,55,57,09:55:57,-64,Tahap-4
01/27/2025,9,55,57,09:55:57,-120,Tahap-4
01/27/2025,9,55,57,09:55:57,-60,Tahap-4
01/27/2025,9,55,58,09:55:58,-40,Tahap-4
01/27/2025,9,55,58,09:55:58,-72,Tahap-4
01/27/2025,9,55,58,09:55:58,-72,Tahap-4
01/27/2025,9,55,58,09:55:58,-104,Tahap-4
01/27/2025,9,55,58,09:55:58,76,Tahap-4
01/27/2025,9,55,58,09:55:58,-92,Tahap-4
01/27/2025,9,55,58,09:55:58,4,Tahap-4
01/27/2025,9,55,58,09:55:58,20,Tahap-4
01/27/2025,9,55,58,09:55:58,-88,Tahap-4
01/27/2025,9,55,58,09:55:58,-108,Tahap-4
01/27/2025,9,55,59,09:55:59,-56,Tahap-4
01/27/2025,9,55,59,09:55:59,-124,Tahap-4
01/27/2025,9,55,59,09:55:59,-48,Tahap-4
01/27/2025,9,55,59,09:55:59,-180,Tahap-4
01/27/2025,9,55,59,09:55:59,-88,Tahap-4
01/27/2025,9,55,59,09:55:59,60,Tahap-4
01/27/2025,9,55,59,09:55:59,-200,Tahap-4
01/27/2025,9,55,59,09:55:59,16,Tahap-4
01/27/2025,9,55,59,09:55:59,8,Tahap-4
01/27/2025,9,55,59,09:55:59,-180,Tahap-4
01/27/2025,9,56,1,09:56:01,-244,Tahap-4
01/27/2025,9,56,1,09:56:01,-116,Tahap-4
01/27/2025,9,56,1,09:56:01,-32,Tahap-4
01/27/2025,9,56,1,09:56:01,-188,Tahap-4
01/27/2025,9,56,1,09:56:01,-36,Tahap-4
01/27/2025,9,56,1,09:56:01,-192,Tahap-4
01/27/2025,9,56,1,09:56:01,28,Tahap-4
01/27/2025,9,56,1,09:56:01,-36,Tahap-4
01/27/2025,9,56,1,09:56:01,-148,Tahap-4
01/27/2025,9,56,1,09:56:01,-40,Tahap-4
01/27/2025,9,56,2,09:56:02,-84,Tahap-4
01/27/2025,9,56,2,09:56:02,-64,Tahap-4
01/27/2025,9,56,2,09:56:02,-192,Tahap-4
01/27/2025,9,56,2,09:56:02,-72,Tahap-4
01/27/2025,9,56,2,09:56:02,-148,Tahap-4
01/27/2025,9,56,2,09:56:02,-64,Tahap-4
01/27/2025,9,56,2,09:56:02,-192,Tahap-4
01/27/2025,9,56,2,09:56:02,-4,Tahap-4
01/27/2025,9,56,2,09:56:02,-36,Tahap-4
01/27/2025,9,56,2,09:56:02,-236,Tahap-4
01/27/2025,9,56,3,09:56:03,16,Tahap-4
01/27/2025,9,56,3,09:56:03,-144,Tahap-4
01/27/2025,9,56,3,09:56:03,-124,Tahap-4
01/27/2025,9,56,3,09:56:03,-124,Tahap-4
01/27/2025,9,56,3,09:56:03,-120,Tahap-4
01/27/2025,9,56,3,09:56:03,-168,Tahap-4
01/27/2025,9,56,3,09:56:03,-92,Tahap-4
01/27/2025,9,56,3,09:56:03,-184,Tahap-4
01/27/2025,9,56,3,09:56:03,-48,Tahap-4
01/27/2025,9,56,3,09:56:03,-28,Tahap-4
01/27/2025,9,56,4,09:56:04,-196,Tahap-4
01/27/2025,9,56,4,09:56:04,32,Tahap-4
01/27/2025,9,56,4,09:56:04,-120,Tahap-4
01/27/2025,9,56,4,09:56:04,-164,Tahap-4
01/27/2025,9,56,4,09:56:04,-8,Tahap-4
01/27/2025,9,56,4,09:56:04,-184,Tahap-4
01/27/2025,9,56,4,09:56:04,-148,Tahap-4
01/27/2025,9,56,4,09:56:04,-92,Tahap-4
01/27/2025,9,56,29,09:56:29,1516,Tahap-4
01/27/2025,9,56,29,09:56:29,814,Tahap-4
01/27/2025,9,56,29,09:56:29,532,Tahap-4
01/27/2025,9,56,29,09:56:29,242,Tahap-4
01/27/2025,9,56,29,09:56:29,182,Tahap-4
01/27/2025,9,56,29,09:56:29,325,Tahap-4
01/27/2025,9,56,29,09:56:29,143,Tahap-4
01/27/2025,9,56,29,09:56:29,191,Tahap-4
01/27/2025,9,56,30,09:56:30,176,Tahap-4
01/27/2025,9,56,30,09:56:30,209,Tahap-4
01/27/2025,9,56,30,09:56:30,130,Tahap-4
01/27/2025,9,56,30,09:56:30,141,Tahap-4
01/27/2025,9,56,30,09:56:30,151,Tahap-4
01/27/2025,9,56,30,09:56:30,144,Tahap-4
01/27/2025,9,56,30,09:56:30,114,Tahap-4
01/27/2025,9,56,30,09:56:30,235,Tahap-4
01/27/2025,9,56,30,09:56:30,121,Tahap-4
01/27/2025,9,56,30,09:56:30,65,Tahap-4
01/27/2025,9,56,30,09:56:30,151,Tahap-4
01/27/2025,9,56,31,09:56:31,119,Tahap-4
01/27/2025,9,56,31,09:56:31,165,Tahap-4
01/27/2025,9,56,31,09:56:31,186,Tahap-4
01/27/2025,9,56,31,09:56:31,412,Tahap-4
01/27/2025,9,56,31,09:56:31,898,Tahap-4
01/27/2025,9,56,31,09:56:31,37,Tahap-4
01/27/2025,9,56,31,09:56:31,160,Tahap-4
01/27/2025,9,56,31,09:56:31,93,Tahap-4
01/27/2025,9,56,31,09:56:31,83,Tahap-4
01/27/2025,9,56,31,09:56:31,138,Tahap-4
01/27/2025,9,56,32,09:56:32,118,Tahap-4
01/27/2025,9,56,32,09:56:32,52,Tahap-4
01/27/2025,9,56,32,09:56:32,102,Tahap-4
01/27/2025,9,56,32,09:56:32,181,Tahap-4
01/27/2025,9,56,32,09:56:32,39,Tahap-4
01/27/2025,9,56,32,09:56:32,70,Tahap-4
01/27/2025,9,56,32,09:56:32,82,Tahap-4
01/27/2025,9,56,32,09:56:32,113,Tahap-4
01/27/2025,9,56,32,09:56:32,138,Tahap-4
01/27/2025,9,56,32,09:56:32,70,Tahap-4
01/27/2025,9,56,33,09:56:33,19,Tahap-4
01/27/2025,9,56,33,09:56:33,92,Tahap-4
01/27/2025,9,56,33,09:56:33,150,Tahap-4
01/27/2025,9,56,33,09:56:33,48,Tahap-4
01/27/2025,9,56,33,09:56:33,201,Tahap-4
01/27/2025,9,56,33,09:56:33,372,Tahap-4
01/27/2025,9,56,33,09:56:33,252,Tahap-4
01/27/2025,9,56,33,09:56:33,259,Tahap-4
01/27/2025,9,56,33,09:56:33,75,Tahap-4
01/27/2025,9,56,33,09:56:33,40,Tahap-4
01/27/2025,9,56,34,09:56:34,37,Tahap-4
01/27/2025,9,56,34,09:56:34,37,Tahap-4
01/27/2025,9,56,34,09:56:34,95,Tahap-4
01/27/2025,9,56,34,09:56:34,40,Tahap-4
01/27/2025,9,56,34,09:56:34,152,Tahap-4
01/27/2025,9,56,34,09:56:34,132,Tahap-4
01/27/2025,9,56,34,09:56:34,256,Tahap-4
01/27/2025,9,56,34,09:56:34,121,Tahap-4
01/27/2025,9,56,34,09:56:34,160,Tahap-4
01/27/2025,9,56,34,09:56:34,31,Tahap-4
01/27/2025,9,56,35,09:56:35,129,Tahap-4
01/27/2025,9,56,35,09:56:35,171,Tahap-4
01/27/2025,9,56,35,09:56:35,101,Tahap-4
01/27/2025,9,56,35,09:56:35,154,Tahap-4
01/27/2025,9,56,35,09:56:35,52,Tahap-4
01/27/2025,9,56,35,09:56:35,408,Tahap-4
01/27/2025,9,56,35,09:56:35,263,Tahap-4
01/27/2025,9,56,35,09:56:35,74,Tahap-4
01/27/2025,9,56,35,09:56:35,192,Tahap-4
01/27/2025,9,56,35,09:56:35,396,Tahap-4
01/27/2025,9,56,36,09:56:36,427,Tahap-4
01/27/2025,9,56,36,09:56:36,1067,Tahap-4
01/27/2025,9,56,36,09:56:36,292,Tahap-4
01/27/2025,9,56,36,09:56:36,203,Tahap-4
01/27/2025,9,56,36,09:56:36,65,Tahap-4
01/27/2025,9,56,36,09:56:36,129,Tahap-4
01/27/2025,9,56,36,09:56:36,217,Tahap-4
01/27/2025,9,56,36,09:56:36,99,Tahap-4
01/27/2025,9,56,36,09:56:36,35,Tahap-4
01/27/2025,9,56,36,09:56:36,78,Tahap-4
01/27/2025,9,56,37,09:56:37,51,Tahap-4
01/27/2025,9,56,37,09:56:37,30,Tahap-4
01/27/2025,9,56,37,09:56:37,236,Tahap-4
01/27/2025,9,56,37,09:56:37,307,Tahap-4
01/27/2025,9,56,37,09:56:37,124,Tahap-4
01/27/2025,9,56,37,09:56:37,75,Tahap-4
01/27/2025,9,56,37,09:56:37,222,Tahap-4
01/27/2025,9,56,37,09:56:37,430,Tahap-4
01/27/2025,9,56,37,09:56:37,292,Tahap-4
01/27/2025,9,56,37,09:56:37,119,Tahap-4
01/27/2025,9,56,38,09:56:38,339,Tahap-4
01/27/2025,9,56,38,09:56:38,96,Tahap-4
01/27/2025,9,56,38,09:56:38,368,Tahap-4
01/27/2025,9,56,38,09:56:38,490,Tahap-4
01/27/2025,9,56,38,09:56:38,1442,Tahap-4
01/27/2025,9,56,38,09:56:38,775,Tahap-4
01/27/2025,9,56,38,09:56:38,278,Tahap-4
01/27/2025,9,56,38,09:56:38,696,Tahap-4
01/27/2025,9,56,38,09:56:38,135,Tahap-4
01/27/2025,9,56,38,09:56:38,214,Tahap-4
01/27/2025,9,56,39,09:56:39,193,Tahap-4
01/27/2025,9,56,39,09:56:39,122,Tahap-4
01/27/2025,9,56,39,09:56:39,273,Tahap-4
01/27/2025,9,56,39,09:56:39,157,Tahap-4
01/27/2025,9,56,39,09:56:39,174,Tahap-4
01/27/2025,9,56,39,09:56:39,84,Tahap-4
01/27/2025,9,56,39,09:56:39,100,Tahap-4
01/27/2025,9,56,39,09:56:39,77,Tahap-4
01/27/2025,9,56,39,09:56:39,215,Tahap-4
01/27/2025,9,56,39,09:56:39,30,Tahap-4
01/27/2025,9,56,40,09:56:40,398,Tahap-4
01/27/2025,9,56,40,09:56:40,715,Tahap-4
01/27/2025,9,56,40,09:56:40,348,Tahap-4
01/27/2025,9,56,40,09:56:40,620,Tahap-4
01/27/2025,9,56,40,09:56:40,396,Tahap-4
01/27/2025,9,56,40,09:56:40,203,Tahap-4
01/27/2025,9,56,40,09:56:40,581,Tahap-4
01/27/2025,9,56,40,09:56:40,290,Tahap-4
01/27/2025,9,56,40,09:56:40,963,Tahap-4
01/27/2025,9,56,40,09:56:40,244,Tahap-4
01/27/2025,9,56,41,09:56:41,397,Tahap-4
01/27/2025,9,56,41,09:56:41,449,Tahap-4
01/27/2025,9,56,41,09:56:41,165,Tahap-4
01/27/2025,9,56,41,09:56:41,149,Tahap-4
01/27/2025,9,56,41,09:56:41,320,Tahap-4
01/27/2025,9,56,41,09:56:41,353,Tahap-4
01/27/2025,9,56,41,09:56:41,114,Tahap-4
01/27/2025,9,56,41,09:56:41,216,Tahap-4
01/27/2025,9,56,41,09:56:41,200,Tahap-4
01/27/2025,9,56,41,09:56:41,176,Tahap-4
01/27/2025,9,56,42,09:56:42,-112,Tahap-4
01/27/2025,9,56,42,09:56:42,256,Tahap-4
01/27/2025,9,56,42,09:56:42,-16,Tahap-4
01/27/2025,9,56,42,09:56:42,168,Tahap-4
01/27/2025,9,56,42,09:56:42,64,Tahap-4
01/27/2025,9,56,42,09:56:42,240,Tahap-4
01/27/2025,9,56,42,09:56:42,-40,Tahap-4
01/27/2025,9,56,42,09:56:42,64,Tahap-4
01/27/2025,9,56,42,09:56:42,-136,Tahap-4
01/27/2025,9,56,42,09:56:42,192,Tahap-4
01/27/2025,9,56,43,09:56:43,312,Tahap-4
01/27/2025,9,56,43,09:56:43,-232,Tahap-4
01/27/2025,9,56,43,09:56:43,384,Tahap-4
01/27/2025,9,56,43,09:56:43,-48,Tahap-4
01/27/2025,9,56,43,09:56:43,168,Tahap-4
01/27/2025,9,56,43,09:56:43,128,Tahap-4
01/27/2025,9,56,43,09:56:43,-160,Tahap-4
01/27/2025,9,56,43,09:56:43,96,Tahap-4
01/27/2025,9,56,43,09:56:43,-144,Tahap-4
01/27/2025,9,56,44,09:56:44,168,Tahap-4
01/27/2025,9,56,44,09:56:44,192,Tahap-4
01/27/2025,9,56,44,09:56:44,-208,Tahap-4
01/27/2025,9,56,44,09:56:44,240,Tahap-4
01/27/2025,9,56,44,09:56:44,-272,Tahap-4
01/27/2025,9,56,44,09:56:44,128,Tahap-4
01/27/2025,9,56,44,09:56:44,-32,Tahap-4
01/27/2025,9,56,44,09:56:44,-112,Tahap-4
01/27/2025,9,56,44,09:56:44,56,Tahap-4
01/27/2025,9,56,45,09:56:45,-280,Tahap-4
01/27/2025,9,56,45,09:56:45,216,Tahap-4
01/27/2025,9,56,45,09:56:45,144,Tahap-4
01/27/2025,9,56,45,09:56:45,-104,Tahap-4
01/27/2025,9,56,45,09:56:45,160,Tahap-4
01/27/2025,9,56,45,09:56:45,-24,Tahap-4
01/27/2025,9,56,45,09:56:45,-160,Tahap-4
01/27/2025,9,56,45,09:56:45,80,Tahap-4
01/27/2025,9,56,45,09:56:45,-24,Tahap-4
01/27/2025,9,56,45,09:56:45,-168,Tahap-4
01/27/2025,9,56,46,09:56:46,64,Tahap-4
01/27/2025,9,56,46,09:56:46,-376,Tahap-4
01/27/2025,9,56,46,09:56:46,360,Tahap-4
01/27/2025,9,56,46,09:56:46,-184,Tahap-4
01/27/2025,9,56,46,09:56:46,8,Tahap-4
01/27/2025,9,56,46,09:56:46,168,Tahap-4
01/27/2025,9,56,46,09:56:46,-40,Tahap-4
01/27/2025,9,56,46,09:56:46,-224,Tahap-4
01/27/2025,9,56,46,09:56:46,72,Tahap-4
01/27/2025,9,56,46,09:56:46,32,Tahap-4
01/27/2025,9,56,47,09:56:47,-96,Tahap-4
01/27/2025,9,56,47,09:56:47,-40,Tahap-4
01/27/2025,9,56,47,09:56:47,-184,Tahap-4
01/27/2025,9,56,47,09:56:47,296,Tahap-4
01/27/2025,9,56,47,09:56:47,-256,Tahap-4
01/27/2025,9,56,47,09:56:47,40,Tahap-4
01/27/2025,9,56,47,09:56:47,40,Tahap-4
01/27/2025,9,56,47,09:56:47,-96,Tahap-4
01/27/2025,9,56,47,09:56:47,-168,Tahap-4
01/27/2025,9,56,47,09:56:47,-8,Tahap-4
01/27/2025,9,56,48,09:56:48,-120,Tahap-4
01/27/2025,9,56,48,09:56:48,32,Tahap-4
01/27/2025,9,56,48,09:56:48,-320,Tahap-4
01/27/2025,9,56,48,09:56:48,-32,Tahap-4
01/27/2025,9,56,48,09:56:48,56,Tahap-4
01/27/2025,9,56,48,09:56:48,-216,Tahap-4
01/27/2025,9,56,48,09:56:48,200,Tahap-4
01/27/2025,9,56,48,09:56:48,-96,Tahap-4
01/27/2025,9,56,48,09:56:48,-136,Tahap-4
01/27/2025,9,56,48,09:56:48,-104,Tahap-4
01/27/2025,9,56,49,09:56:49,-136,Tahap-4
01/27/2025,9,56,49,09:56:49,-232,Tahap-4
01/27/2025,9,56,49,09:56:49,104,Tahap-4
01/27/2025,9,56,49,09:56:49,-352,Tahap-4
01/27/2025,9,56,49,09:56:49,144,Tahap-4
01/27/2025,9,56,49,09:56:49,-136,Tahap-4
01/27/2025,9,56,49,09:56:49,-168,Tahap-4
01/27/2025,9,56,50,09:56:50,96,Tahap-4
01/27/2025,9,56,50,09:56:50,-56,Tahap-4
01/27/2025,9,56,50,09:56:50,-264,Tahap-4
01/27/2025,9,56,50,09:56:50,56,Tahap-4
01/27/2025,9,56,50,09:56:50,-192,Tahap-4
01/27/2025,9,56,50,09:56:50,-112,Tahap-4
01/27/2025,9,56,50,09:56:50,-112,Tahap-4
01/27/2025,9,56,50,09:56:50,-216,Tahap-4
01/27/2025,9,56,50,09:56:50,112,Tahap-4
01/27/2025,9,56,50,09:56:50,-256,Tahap-4
01/27/2025,9,56,50,09:56:50,-72,Tahap-4
01/27/2025,9,56,50,09:56:50,32,Tahap-4
01/27/2025,9,56,50,09:56:50,-8,Tahap-4
01/27/2025,9,56,51,09:56:51,-320,Tahap-4
01/27/2025,9,56,51,09:56:51,-120,Tahap-4
01/27/2025,9,56,51,09:56:51,-232,Tahap-4
01/27/2025,9,56,51,09:56:51,-160,Tahap-4
01/27/2025,9,56,51,09:56:51,-200,Tahap-4
01/27/2025,9,56,51,09:56:51,-168,Tahap-4
01/27/2025,9,56,51,09:56:51,208,Tahap-4
01/27/2025,9,56,51,09:56:51,-272,Tahap-4
01/27/2025,9,56,51,09:56:51,-136,Tahap-4
01/27/2025,9,56,51,09:56:51,-88,Tahap-4
01/27/2025,9,56,52,09:56:52,-56,Tahap-4
01/27/2025,9,56,52,09:56:52,-256,Tahap-4
01/27/2025,9,56,52,09:56:52,-248,Tahap-4
01/27/2025,9,56,52,09:56:52,-200,Tahap-4
01/27/2025,9,56,52,09:56:52,-248,Tahap-4
01/27/2025,9,56,52,09:56:52,-192,Tahap-4
01/27/2025,9,56,52,09:56:52,-208,Tahap-4
01/27/2025,9,56,52,09:56:52,176,Tahap-4
01/27/2025,9,56,52,09:56:52,-264,Tahap-4
01/27/2025,9,56,52,09:56:52,-160,Tahap-4
01/27/2025,9,56,53,09:56:53,-24,Tahap-4
01/27/2025,9,56,53,09:56:53,-288,Tahap-4
01/27/2025,9,56,53,09:56:53,-264,Tahap-4
01/27/2025,9,56,53,09:56:53,-152,Tahap-4
01/27/2025,9,56,53,09:56:53,-272,Tahap-4
01/27/2025,9,56,53,09:56:53,-152,Tahap-4
01/27/2025,9,56,53,09:56:53,-248,Tahap-4
01/27/2025,9,56,53,09:56:53,-256,Tahap-4
01/27/2025,9,56,53,09:56:53,136,Tahap-4
01/27/2025,9,56,53,09:56:53,-360,Tahap-4
01/27/2025,9,56,54,09:56:54,-24,Tahap-4
01/27/2025,9,56,54,09:56:54,-80,Tahap-4
01/27/2025,9,56,54,09:56:54,-344,Tahap-4
01/27/2025,9,56,54,09:56:54,-272,Tahap-4
01/27/2025,9,56,54,09:56:54,-64,Tahap-4
01/27/2025,9,56,54,09:56:54,-416,Tahap-4
01/27/2025,9,56,54,09:56:54,-184,Tahap-4
01/27/2025,9,57,19,09:57:19,1047,Tahap-4
01/27/2025,9,57,19,09:57:19,452,Tahap-4
01/27/2025,9,57,19,09:57:19,326,Tahap-4
01/27/2025,9,57,19,09:57:19,72,Tahap-4
01/27/2025,9,57,19,09:57:19,117,Tahap-4
01/27/2025,9,57,19,09:57:19,109,Tahap-4
01/27/2025,9,57,20,09:57:20,226,Tahap-4
01/27/2025,9,57,20,09:57:20,139,Tahap-4
01/27/2025,9,57,20,09:57:20,130,Tahap-4
01/27/2025,9,57,20,09:57:20,134,Tahap-4
01/27/2025,9,57,20,09:57:20,50,Tahap-4
01/27/2025,9,57,20,09:57:20,32,Tahap-4
01/27/2025,9,57,20,09:57:20,88,Tahap-4
01/27/2025,9,57,20,09:57:20,125,Tahap-4
01/27/2025,9,57,20,09:57:20,53,Tahap-4
01/27/2025,9,57,20,09:57:20,66,Tahap-4
01/27/2025,9,57,20,09:57:20,89,Tahap-4
01/27/2025,9,57,20,09:57:20,82,Tahap-4
01/27/2025,9,57,20,09:57:20,79,Tahap-4
01/27/2025,9,57,21,09:57:21,108,Tahap-4
01/27/2025,9,57,21,09:57:21,31,Tahap-4
01/27/2025,9,57,21,09:57:21,115,Tahap-4
01/27/2025,9,57,21,09:57:21,280,Tahap-4
01/27/2025,9,57,21,09:57:21,934,Tahap-4
01/27/2025,9,57,21,09:57:21,58,Tahap-4
01/27/2025,9,57,21,09:57:21,55,Tahap-4
01/27/2025,9,57,21,09:57:21,81,Tahap-4
01/27/2025,9,57,21,09:57:21,164,Tahap-4
01/27/2025,9,57,21,09:57:21,143,Tahap-4
01/27/2025,9,57,22,09:57:22,136,Tahap-4
01/27/2025,9,57,22,09:57:22,112,Tahap-4
01/27/2025,9,57,22,09:57:22,151,Tahap-4
01/27/2025,9,57,22,09:57:22,58,Tahap-4
01/27/2025,9,57,22,09:57:22,32,Tahap-4
01/27/2025,9,57,22,09:57:22,41,Tahap-4
01/27/2025,9,57,22,09:57:22,56,Tahap-4
01/27/2025,9,57,22,09:57:22,96,Tahap-4
01/27/2025,9,57,22,09:57:22,92,Tahap-4
01/27/2025,9,57,22,09:57:22,45,Tahap-4
01/27/2025,9,57,23,09:57:23,126,Tahap-4
01/27/2025,9,57,23,09:57:23,30,Tahap-4
01/27/2025,9,57,23,09:57:23,53,Tahap-4
01/27/2025,9,57,23,09:57:23,97,Tahap-4
01/27/2025,9,57,23,09:57:23,362,Tahap-4
01/27/2025,9,57,23,09:57:23,130,Tahap-4
01/27/2025,9,57,23,09:57:23,79,Tahap-4
01/27/2025,9,57,23,09:57:23,279,Tahap-4
01/27/2025,9,57,23,09:57:23,32,Tahap-4
01/27/2025,9,57,23,09:57:23,66,Tahap-4
01/27/2025,9,57,24,09:57:24,82,Tahap-4
01/27/2025,9,57,24,09:57:24,81,Tahap-4
01/27/2025,9,57,24,09:57:24,153,Tahap-4
01/27/2025,9,57,24,09:57:24,74,Tahap-4
01/27/2025,9,57,24,09:57:24,92,Tahap-4
01/27/2025,9,57,24,09:57:24,138,Tahap-4
01/27/2025,9,57,24,09:57:24,262,Tahap-4
01/27/2025,9,57,24,09:57:24,129,Tahap-4
01/27/2025,9,57,24,09:57:24,79,Tahap-4
01/27/2025,9,57,24,09:57:24,119,Tahap-4
01/27/2025,9,57,25,09:57:25,121,Tahap-4
01/27/2025,9,57,25,09:57:25,55,Tahap-4
01/27/2025,9,57,25,09:57:25,162,Tahap-4
01/27/2025,9,57,25,09:57:25,59,Tahap-4
01/27/2025,9,57,25,09:57:25,110,Tahap-4
01/27/2025,9,57,25,09:57:25,254,Tahap-4
01/27/2025,9,57,25,09:57:25,54,Tahap-4
01/27/2025,9,57,25,09:57:25,131,Tahap-4
01/27/2025,9,57,25,09:57:25,192,Tahap-4
01/27/2025,9,57,25,09:57:25,267,Tahap-4
01/27/2025,9,57,26,09:57:26,473,Tahap-4
01/27/2025,9,57,26,09:57:26,1014,Tahap-4
01/27/2025,9,57,26,09:57:26,388,Tahap-4
01/27/2025,9,57,26,09:57:26,170,Tahap-4
01/27/2025,9,57,26,09:57:26,66,Tahap-4
01/27/2025,9,57,26,09:57:26,105,Tahap-4
01/27/2025,9,57,26,09:57:26,201,Tahap-4
01/27/2025,9,57,26,09:57:26,96,Tahap-4
01/27/2025,9,57,26,09:57:26,118,Tahap-4
01/27/2025,9,57,26,09:57:26,137,Tahap-4
01/27/2025,9,57,27,09:57:27,82,Tahap-4
01/27/2025,9,57,27,09:57:27,50,Tahap-4
01/27/2025,9,57,27,09:57:27,235,Tahap-4
01/27/2025,9,57,27,09:57:27,359,Tahap-4
01/27/2025,9,57,27,09:57:27,181,Tahap-4
01/27/2025,9,57,27,09:57:27,133,Tahap-4
01/27/2025,9,57,27,09:57:27,305,Tahap-4
01/27/2025,9,57,27,09:57:27,383,Tahap-4
01/27/2025,9,57,27,09:57:27,204,Tahap-4
01/27/2025,9,57,27,09:57:27,1042,Tahap-4
01/27/2025,9,57,28,09:57:28,454,Tahap-4
01/27/2025,9,57,28,09:57:28,86,Tahap-4
01/27/2025,9,57,28,09:57:28,464,Tahap-4
01/27/2025,9,57,28,09:57:28,705,Tahap-4
01/27/2025,9,57,28,09:57:28,1566,Tahap-4
01/27/2025,9,57,28,09:57:28,794,Tahap-4
01/27/2025,9,57,28,09:57:28,617,Tahap-4
01/27/2025,9,57,28,09:57:28,722,Tahap-4
01/27/2025,9,57,28,09:57:28,518,Tahap-4
01/27/2025,9,57,28,09:57:28,298,Tahap-4
01/27/2025,9,57,29,09:57:29,126,Tahap-4
01/27/2025,9,57,29,09:57:29,222,Tahap-4
01/27/2025,9,57,29,09:57:29,131,Tahap-4
01/27/2025,9,57,29,09:57:29,69,Tahap-4
01/27/2025,9,57,29,09:57:29,21,Tahap-4
01/27/2025,9,57,29,09:57:29,111,Tahap-4
01/27/2025,9,57,29,09:57:29,85,Tahap-4
01/27/2025,9,57,29,09:57:29,110,Tahap-4
01/27/2025,9,57,29,09:57:29,74,Tahap-4
01/27/2025,9,57,29,09:57:29,255,Tahap-4
01/27/2025,9,57,30,09:57:30,333,Tahap-4
01/27/2025,9,57,30,09:57:30,234,Tahap-4
01/27/2025,9,57,30,09:57:30,550,Tahap-4
01/27/2025,9,57,30,09:57:30,130,Tahap-4
01/27/2025,9,57,30,09:57:30,29,Tahap-4
01/27/2025,9,57,30,09:57:30,100,Tahap-4
01/27/2025,9,57,30,09:57:30,177,Tahap-4
01/27/2025,9,57,30,09:57:30,557,Tahap-4
01/27/2025,9,57,30,09:57:30,940,Tahap-4
01/27/2025,9,57,30,09:57:30,413,Tahap-4
01/27/2025,9,57,31,09:57:31,266,Tahap-4
01/27/2025,9,57,31,09:57:31,175,Tahap-4
01/27/2025,9,57,31,09:57:31,534,Tahap-4
01/27/2025,9,57,31,09:57:31,397,Tahap-4
01/27/2025,9,57,31,09:57:31,324,Tahap-4
01/27/2025,9,57,31,09:57:31,41,Tahap-4
01/27/2025,9,57,31,09:57:31,202,Tahap-4
01/27/2025,9,57,31,09:57:31,457,Tahap-4
01/27/2025,9,57,31,09:57:31,144,Tahap-4
01/27/2025,9,57,31,09:57:31,64,Tahap-4
01/27/2025,9,57,32,09:57:32,-184,Tahap-4
01/27/2025,9,57,32,09:57:32,296,Tahap-4
01/27/2025,9,57,32,09:57:32,-72,Tahap-4
01/27/2025,9,57,32,09:57:32,-64,Tahap-4
01/27/2025,9,57,32,09:57:32,-8,Tahap-4
01/27/2025,9,57,32,09:57:32,-8,Tahap-4
01/27/2025,9,57,32,09:57:32,-136,Tahap-4
01/27/2025,9,57,32,09:57:32,72,Tahap-4
01/27/2025,9,57,32,09:57:32,-344,Tahap-4
01/27/2025,9,57,32,09:57:32,240,Tahap-4
01/27/2025,9,57,32,09:57:32,-96,Tahap-4
01/27/2025,9,57,33,09:57:33,-136,Tahap-4
01/27/2025,9,57,33,09:57:33,216,Tahap-4
01/27/2025,9,57,33,09:57:33,-168,Tahap-4
01/27/2025,9,57,33,09:57:33,88,Tahap-4
01/27/2025,9,57,33,09:57:33,-144,Tahap-4
01/27/2025,9,57,33,09:57:33,-128,Tahap-4
01/27/2025,9,57,33,09:57:33,-104,Tahap-4
01/27/2025,9,57,33,09:57:33,-208,Tahap-4
01/27/2025,9,57,33,09:57:33,352,Tahap-4
01/27/2025,9,57,34,09:57:34,-224,Tahap-4
01/27/2025,9,57,34,09:57:34,16,Tahap-4
01/27/2025,9,57,34,09:57:34,152,Tahap-4
01/27/2025,9,57,34,09:57:34,24,Tahap-4
01/27/2025,9,57,34,09:57:34,-144,Tahap-4
01/27/2025,9,57,34,09:57:34,24,Tahap-4
01/27/2025,9,57,34,09:57:34,-136,Tahap-4
01/27/2025,9,57,34,09:57:34,8,Tahap-4
01/27/2025,9,57,34,09:57:34,-56,Tahap-4
01/27/2025,9,57,34,09:57:34,-184,Tahap-4
01/27/2025,9,57,35,09:57:35,296,Tahap-4
01/27/2025,9,57,35,09:57:35,-184,Tahap-4
01/27/2025,9,57,35,09:57:35,64,Tahap-4
01/27/2025,9,57,35,09:57:35,32,Tahap-4
01/27/2025,9,57,35,09:57:35,-72,Tahap-4
01/27/2025,9,57,35,09:57:35,-16,Tahap-4
01/27/2025,9,57,35,09:57:35,-88,Tahap-4
01/27/2025,9,57,35,09:57:35,-64,Tahap-4
01/27/2025,9,57,35,09:57:35,-16,Tahap-4
01/27/2025,9,57,35,09:57:35,-80,Tahap-4
01/27/2025,9,57,36,09:57:36,-136,Tahap-4
01/27/2025,9,57,36,09:57:36,296,Tahap-4
01/27/2025,9,57,36,09:57:36,-248,Tahap-4
01/27/2025,9,57,36,09:57:36,80,Tahap-4
01/27/2025,9,57,36,09:57:36,72,Tahap-4
01/27/2025,9,57,36,09:57:36,-152,Tahap-4
01/27/2025,9,57,36,09:57:36,104,Tahap-4
01/27/2025,9,57,36,09:57:36,-32,Tahap-4
01/27/2025,9,57,36,09:57:36,-176,Tahap-4
01/27/2025,9,57,37,09:57:37,-184,Tahap-4
01/27/2025,9,57,37,09:57:37,-88,Tahap-4
01/27/2025,9,57,37,09:57:37,376,Tahap-4
01/27/2025,9,57,37,09:57:37,-200,Tahap-4
01/27/2025,9,57,37,09:57:37,144,Tahap-4
01/27/2025,9,57,37,09:57:37,104,Tahap-4
01/27/2025,9,57,37,09:57:37,-200,Tahap-4
01/27/2025,9,57,37,09:57:37,-120,Tahap-4
01/27/2025,9,57,37,09:57:37,72,Tahap-4
01/27/2025,9,57,37,09:57:37,-288,Tahap-4
01/27/2025,9,57,38,09:57:38,-24,Tahap-4
01/27/2025,9,57,38,09:57:38,-288,Tahap-4
01/27/2025,9,57,38,09:57:38,56,Tahap-4
01/27/2025,9,57,38,09:57:38,216,Tahap-4
01/27/2025,9,57,38,09:57:38,-192,Tahap-4
01/27/2025,9,57,38,09:57:38,168,Tahap-4
01/27/2025,9,57,38,09:57:38,88,Tahap-4
01/27/2025,9,57,38,09:57:38,-208,Tahap-4
01/27/2025,9,57,38,09:57:38,-272,Tahap-4
01/27/2025,9,57,38,09:57:38,128,Tahap-4
01/27/2025,9,57,39,09:57:39,-288,Tahap-4
01/27/2025,9,57,39,09:57:39,32,Tahap-4
01/27/2025,9,57,39,09:57:39,-208,Tahap-4
01/27/2025,9,57,39,09:57:39,-40,Tahap-4
01/27/2025,9,57,39,09:57:39,56,Tahap-4
01/27/2025,9,57,39,09:57:39,-112,Tahap-4
01/27/2025,9,57,39,09:57:39,96,Tahap-4
01/27/2025,9,57,39,09:57:39,80,Tahap-4
01/27/2025,9,57,39,09:57:39,-152,Tahap-4
01/27/2025,9,57,39,09:57:39,-80,Tahap-4
01/27/2025,9,57,40,09:57:40,-104,Tahap-4
01/27/2025,9,57,40,09:57:40,-48,Tahap-4
01/27/2025,9,57,40,09:57:40,-264,Tahap-4
01/27/2025,9,57,40,09:57:40,40,Tahap-4
01/27/2025,9,57,40,09:57:40,88,Tahap-4
01/27/2025,9,57,40,09:57:40,-200,Tahap-4
01/27/2025,9,57,40,09:57:40,240,Tahap-4
01/27/2025,9,57,40,09:57:40,-136,Tahap-4
01/27/2025,9,57,40,09:57:40,-104,Tahap-4
01/27/2025,9,57,41,09:57:41,-96,Tahap-4
01/27/2025,9,57,41,09:57:41,-152,Tahap-4
01/27/2025,9,57,41,09:57:41,-112,Tahap-4
01/27/2025,9,57,41,09:57:41,136,Tahap-4
01/27/2025,9,57,41,09:57:41,-304,Tahap-4
01/27/2025,9,57,41,09:57:41,344,Tahap-4
01/27/2025,9,57,41,09:57:41,-104,Tahap-4
01/27/2025,9,57,41,09:57:41,-32,Tahap-4
01/27/2025,9,57,41,09:57:41,224,Tahap-4
01/27/2025,9,57,41,09:57:41,-64,Tahap-4
01/27/2025,9,57,42,09:57:42,-176,Tahap-4
01/27/2025,9,57,42,09:57:42,152,Tahap-4
01/27/2025,9,57,42,09:57:42,-192,Tahap-4
01/27/2025,9,57,42,09:57:42,-72,Tahap-4
01/27/2025,9,57,42,09:57:42,72,Tahap-4
01/27/2025,9,57,42,09:57:42,-264,Tahap-4
01/27/2025,9,57,42,09:57:42,256,Tahap-4
01/27/2025,9,57,42,09:57:42,-48,Tahap-4
01/27/2025,9,57,42,09:57:42,-104,Tahap-4
01/27/2025,9,57,42,09:57:42,192,Tahap-4
01/27/2025,9,57,43,09:57:43,-40,Tahap-4
01/27/2025,9,57,43,09:57:43,-336,Tahap-4
01/27/2025,9,57,43,09:57:43,104,Tahap-4
01/27/2025,9,57,43,09:57:43,-160,Tahap-4
01/27/2025,9,57,43,09:57:43,-168,Tahap-4
01/27/2025,9,57,43,09:57:43,-112,Tahap-4
01/27/2025,9,57,43,09:57:43,-136,Tahap-4
01/27/2025,9,57,43,09:57:43,256,Tahap-4
01/27/2025,9,57,43,09:57:43,-176,Tahap-4
01/27/2025,9,57,43,09:57:43,8,Tahap-4
01/27/2025,9,57,44,09:57:44,-8,Tahap-4
01/27/2025,9,57,44,09:57:44,-160,Tahap-4
01/27/2025,9,57,44,09:57:44,-64,Tahap-4
01/27/2025,9,57,44,09:57:44,-152,Tahap-4
01/27/2025,9,57,44,09:57:44,-112,Tahap-4
01/27/2025,9,58,9,09:58:09,1459,Tahap-4
01/27/2025,9,58,9,09:58:09,412,Tahap-4
01/27/2025,9,58,9,09:58:09,211,Tahap-4
01/27/2025,9,58,9,09:58:09,397,Tahap-4
01/27/2025,9,58,9,09:58:09,237,Tahap-4
01/27/2025,9,58,9,09:58:09,235,Tahap-4
01/27/2025,9,58,9,09:58:09,85,Tahap-4
01/27/2025,9,58,9,09:58:09,160,Tahap-4
01/27/2025,9,58,9,09:58:09,173,Tahap-4
01/27/2025,9,58,9,09:58:09,110,Tahap-4
01/27/2025,9,58,10,09:58:10,95,Tahap-4
01/27/2025,9,58,10,09:58:10,151,Tahap-4
01/27/2025,9,58,10,09:58:10,63,Tahap-4
01/27/2025,9,58,10,09:58:10,103,Tahap-4
01/27/2025,9,58,10,09:58:10,171,Tahap-4
01/27/2025,9,58,10,09:58:10,158,Tahap-4
01/27/2025,9,58,10,09:58:10,88,Tahap-4
01/27/2025,9,58,10,09:58:10,65,Tahap-4
01/27/2025,9,58,10,09:58:10,28,Tahap-4
01/27/2025,9,58,10,09:58:10,151,Tahap-4
01/27/2025,9,58,11,09:58:11,103,Tahap-4
01/27/2025,9,58,11,09:58:11,135,Tahap-4
01/27/2025,9,58,11,09:58:11,390,Tahap-4
01/27/2025,9,58,11,09:58:11,886,Tahap-4
01/27/2025,9,58,11,09:58:11,154,Tahap-4
01/27/2025,9,58,11,09:58:11,147,Tahap-4
01/27/2025,9,58,11,09:58:11,73,Tahap-4
01/27/2025,9,58,11,09:58:11,66,Tahap-4
01/27/2025,9,58,11,09:58:11,108,Tahap-4
01/27/2025,9,58,11,09:58:11,151,Tahap-4
01/27/2025,9,58,12,09:58:12,43,Tahap-4
01/27/2025,9,58,12,09:58:12,73,Tahap-4
01/27/2025,9,58,12,09:58:12,78,Tahap-4
01/27/2025,9,58,12,09:58:12,92,Tahap-4
01/27/2025,9,58,12,09:58:12,261,Tahap-4
01/27/2025,9,58,12,09:58:12,45,Tahap-4
01/27/2025,9,58,12,09:58:12,72,Tahap-4
01/27/2025,9,58,12,09:58:12,100,Tahap-4
01/27/2025,9,58,12,09:58:12,40,Tahap-4
01/27/2025,9,58,12,09:58:12,66,Tahap-4
01/27/2025,9,58,13,09:58:13,87,Tahap-4
01/27/2025,9,58,13,09:58:13,48,Tahap-4
01/27/2025,9,58,13,09:58:13,98,Tahap-4
01/27/2025,9,58,13,09:58:13,392,Tahap-4
01/27/2025,9,58,13,09:58:13,183,Tahap-4
01/27/2025,9,58,13,09:58:13,82,Tahap-4
01/27/2025,9,58,13,09:58:13,180,Tahap-4
01/27/2025,9,58,13,09:58:13,52,Tahap-4
01/27/2025,9,58,13,09:58:13,40,Tahap-4
01/27/2025,9,58,13,09:58:13,165,Tahap-4
01/27/2025,9,58,14,09:58:14,71,Tahap-4
01/27/2025,9,58,14,09:58:14,65,Tahap-4
01/27/2025,9,58,14,09:58:14,106,Tahap-4
01/27/2025,9,58,14,09:58:14,77,Tahap-4
01/27/2025,9,58,14,09:58:14,149,Tahap-4
01/27/2025,9,58,14,09:58:14,36,Tahap-4
01/27/2025,9,58,14,09:58:14,30,Tahap-4
01/27/2025,9,58,14,09:58:14,17,Tahap-4
01/27/2025,9,58,14,09:58:14,12,Tahap-4
01/27/2025,9,58,14,09:58:14,71,Tahap-4
01/27/2025,9,58,15,09:58:15,115,Tahap-4
01/27/2025,9,58,15,09:58:15,173,Tahap-4
01/27/2025,9,58,15,09:58:15,114,Tahap-4
01/27/2025,9,58,15,09:58:15,194,Tahap-4
01/27/2025,9,58,15,09:58:15,205,Tahap-4
01/27/2025,9,58,15,09:58:15,87,Tahap-4
01/27/2025,9,58,15,09:58:15,161,Tahap-4
01/27/2025,9,58,15,09:58:15,117,Tahap-4
01/27/2025,9,58,15,09:58:15,359,Tahap-4
01/27/2025,9,58,15,09:58:15,570,Tahap-4
01/27/2025,9,58,16,09:58:16,1030,Tahap-4
01/27/2025,9,58,16,09:58:16,212,Tahap-4
01/27/2025,9,58,16,09:58:16,330,Tahap-4
01/27/2025,9,58,16,09:58:16,298,Tahap-4
01/27/2025,9,58,16,09:58:16,263,Tahap-4
01/27/2025,9,58,16,09:58:16,178,Tahap-4
01/27/2025,9,58,16,09:58:16,11,Tahap-4
01/27/2025,9,58,16,09:58:16,85,Tahap-4
01/27/2025,9,58,16,09:58:16,104,Tahap-4
01/27/2025,9,58,16,09:58:16,58,Tahap-4
01/27/2025,9,58,17,09:58:17,157,Tahap-4
01/27/2025,9,58,17,09:58:17,251,Tahap-4
01/27/2025,9,58,17,09:58:17,321,Tahap-4
01/27/2025,9,58,17,09:58:17,121,Tahap-4
01/27/2025,9,58,17,09:58:17,201,Tahap-4
01/27/2025,9,58,17,09:58:17,138,Tahap-4
01/27/2025,9,58,17,09:58:17,213,Tahap-4
01/27/2025,9,58,17,09:58:17,244,Tahap-4
01/27/2025,9,58,17,09:58:17,753,Tahap-4
01/27/2025,9,58,17,09:58:17,375,Tahap-4
01/27/2025,9,58,18,09:58:18,424,Tahap-4
01/27/2025,9,58,18,09:58:18,222,Tahap-4
01/27/2025,9,58,18,09:58:18,335,Tahap-4
01/27/2025,9,58,18,09:58:18,1736,Tahap-4
01/27/2025,9,58,18,09:58:18,827,Tahap-4
01/27/2025,9,58,18,09:58:18,268,Tahap-4
01/27/2025,9,58,18,09:58:18,563,Tahap-4
01/27/2025,9,58,18,09:58:18,537,Tahap-4
01/27/2025,9,58,18,09:58:18,500,Tahap-4
01/27/2025,9,58,18,09:58:18,219,Tahap-4
01/27/2025,9,58,19,09:58:19,85,Tahap-4
01/27/2025,9,58,19,09:58:19,118,Tahap-4
01/27/2025,9,58,19,09:58:19,143,Tahap-4
01/27/2025,9,58,19,09:58:19,137,Tahap-4
01/27/2025,9,58,19,09:58:19,53,Tahap-4
01/27/2025,9,58,19,09:58:19,37,Tahap-4
01/27/2025,9,58,19,09:58:19,94,Tahap-4
01/27/2025,9,58,20,09:58:20,114,Tahap-4
01/27/2025,9,58,20,09:58:20,257,Tahap-4
01/27/2025,9,58,20,09:58:20,302,Tahap-4
01/27/2025,9,58,20,09:58:20,474,Tahap-4
01/27/2025,9,58,20,09:58:20,476,Tahap-4
01/27/2025,9,58,20,09:58:20,301,Tahap-4
01/27/2025,9,58,20,09:58:20,114,Tahap-4
01/27/2025,9,58,20,09:58:20,264,Tahap-4
01/27/2025,9,58,20,09:58:20,531,Tahap-4
01/27/2025,9,58,20,09:58:20,608,Tahap-4
01/27/2025,9,58,20,09:58:20,884,Tahap-4
01/27/2025,9,58,20,09:58:20,81,Tahap-4
01/27/2025,9,58,20,09:58:20,127,Tahap-4
01/27/2025,9,58,21,09:58:21,173,Tahap-4
01/27/2025,9,58,21,09:58:21,423,Tahap-4
01/27/2025,9,58,21,09:58:21,463,Tahap-4
01/27/2025,9,58,21,09:58:21,352,Tahap-4
01/27/2025,9,58,21,09:58:21,454,Tahap-4
01/27/2025,9,58,21,09:58:21,157,Tahap-4
01/27/2025,9,58,21,09:58:21,293,Tahap-4
01/27/2025,9,58,21,09:58:21,272,Tahap-4
01/27/2025,9,58,21,09:58:21,-216,Tahap-4
01/27/2025,9,58,21,09:58:21,112,Tahap-4
01/27/2025,9,58,22,09:58:22,176,Tahap-4
01/27/2025,9,58,22,09:58:22,104,Tahap-4
01/27/2025,9,58,22,09:58:22,-120,Tahap-4
01/27/2025,9,58,22,09:58:22,160,Tahap-4
01/27/2025,9,58,22,09:58:22,-32,Tahap-4
01/27/2025,9,58,22,09:58:22,-16,Tahap-4
01/27/2025,9,58,22,09:58:22,-72,Tahap-4
01/27/2025,9,58,22,09:58:22,-56,Tahap-4
01/27/2025,9,58,22,09:58:22,272,Tahap-4
01/27/2025,9,58,22,09:58:22,-272,Tahap-4
01/27/2025,9,58,23,09:58:23,184,Tahap-4
01/27/2025,9,58,23,09:58:23,64,Tahap-4
01/27/2025,9,58,23,09:58:23,200,Tahap-4
01/27/2025,9,58,23,09:58:23,-32,Tahap-4
01/27/2025,9,58,23,09:58:23,80,Tahap-4
01/27/2025,9,58,23,09:58:23,-112,Tahap-4
01/27/2025,9,58,23,09:58:23,24,Tahap-4
01/27/2025,9,58,23,09:58:23,-296,Tahap-4
01/27/2025,9,58,23,09:58:23,88,Tahap-4
01/27/2025,9,58,23,09:58:23,112,Tahap-4
01/27/2025,9,58,24,09:58:24,-296,Tahap-4
01/27/2025,9,58,24,09:58:24,192,Tahap-4
01/27/2025,9,58,24,09:58:24,-32,Tahap-4
01/27/2025,9,58,24,09:58:24,-80,Tahap-4
01/27/2025,9,58,24,09:58:24,-16,Tahap-4
01/27/2025,9,58,24,09:58:24,-112,Tahap-4
01/27/2025,9,58,24,09:58:24,-160,Tahap-4
01/27/2025,9,58,24,09:58:24,-8,Tahap-4
01/27/2025,9,58,24,09:58:24,-296,Tahap-4
01/27/2025,9,58,24,09:58:24,96,Tahap-4
01/27/2025,9,58,25,09:58:25,80,Tahap-4
01/27/2025,9,58,25,09:58:25,-192,Tahap-4
01/27/2025,9,58,25,09:58:25,208,Tahap-4
01/27/2025,9,58,25,09:58:25,-80,Tahap-4
01/27/2025,9,58,25,09:58:25,-248,Tahap-4
01/27/2025,9,58,25,09:58:25,40,Tahap-4
01/27/2025,9,58,25,09:58:25,-88,Tahap-4
01/27/2025,9,58,25,09:58:25,-176,Tahap-4
01/27/2025,9,58,25,09:58:25,-56,Tahap-4
01/27/2025,9,58,25,09:58:25,-320,Tahap-4
01/27/2025,9,58,26,09:58:26,176,Tahap-4
01/27/2025,9,58,26,09:58:26,-16,Tahap-4
01/27/2025,9,58,26,09:58:26,-96,Tahap-4
01/27/2025,9,58,26,09:58:26,248,Tahap-4
01/27/2025,9,58,26,09:58:26,-24,Tahap-4
01/27/2025,9,58,26,09:58:26,-240,Tahap-4
01/27/2025,9,58,26,09:58:26,40,Tahap-4
01/27/2025,9,58,26,09:58:26,24,Tahap-4
01/27/2025,9,58,26,09:58:26,-168,Tahap-4
01/27/2025,9,58,26,09:58:26,24,Tahap-4
01/27/2025,9,58,27,09:58:27,-248,Tahap-4
01/27/2025,9,58,27,09:58:27,240,Tahap-4
01/27/2025,9,58,27,09:58:27,-72,Tahap-4
01/27/2025,9,58,27,09:58:27,-88,Tahap-4
01/27/2025,9,58,27,09:58:27,112,Tahap-4
01/27/2025,9,58,27,09:58:27,-96,Tahap-4
01/27/2025,9,58,27,09:58:27,-160,Tahap-4
01/27/2025,9,58,27,09:58:27,-128,Tahap-4
01/27/2025,9,58,27,09:58:27,-88,Tahap-4
01/27/2025,9,58,27,09:58:27,-56,Tahap-4
01/27/2025,9,58,28,09:58:28,-152,Tahap-4
01/27/2025,9,58,28,09:58:28,-120,Tahap-4
01/27/2025,9,58,28,09:58:28,184,Tahap-4
01/27/2025,9,58,28,09:58:28,-240,Tahap-4
01/27/2025,9,58,28,09:58:28,48,Tahap-4
01/27/2025,9,58,28,09:58:28,136,Tahap-4
01/27/2025,9,58,28,09:58:28,-240,Tahap-4
01/27/2025,9,58,28,09:58:28,-128,Tahap-4
01/27/2025,9,58,28,09:58:28,-128,Tahap-4
01/27/2025,9,58,28,09:58:28,-208,Tahap-4
01/27/2025,9,58,29,09:58:29,64,Tahap-4
01/27/2025,9,58,29,09:58:29,-240,Tahap-4
01/27/2025,9,58,29,09:58:29,-112,Tahap-4
01/27/2025,9,58,29,09:58:29,184,Tahap-4
01/27/2025,9,58,29,09:58:29,-376,Tahap-4
01/27/2025,9,58,29,09:58:29,48,Tahap-4
01/27/2025,9,58,29,09:58:29,56,Tahap-4
01/27/2025,9,58,29,09:58:29,-224,Tahap-4
01/27/2025,9,58,29,09:58:29,-64,Tahap-4
01/27/2025,9,58,29,09:58:29,-64,Tahap-4
01/27/2025,9,58,30,09:58:30,-208,Tahap-4
01/27/2025,9,58,30,09:58:30,8,Tahap-4
01/27/2025,9,58,30,09:58:30,-152,Tahap-4
01/27/2025,9,58,30,09:58:30,-40,Tahap-4
01/27/2025,9,58,30,09:58:30,136,Tahap-4
01/27/2025,9,58,30,09:58:30,-288,Tahap-4
01/27/2025,9,58,30,09:58:30,16,Tahap-4
01/27/2025,9,58,30,09:58:30,48,Tahap-4
01/27/2025,9,58,30,09:58:30,-176,Tahap-4
01/27/2025,9,58,30,09:58:30,-248,Tahap-4
01/27/2025,9,58,31,09:58:31,-8,Tahap-4
01/27/2025,9,58,31,09:58:31,-384,Tahap-4
01/27/2025,9,58,31,09:58:31,64,Tahap-4
01/27/2025,9,58,31,09:58:31,-248,Tahap-4
01/27/2025,9,58,31,09:58:31,128,Tahap-4
01/27/2025,9,58,31,09:58:31,-32,Tahap-4
01/27/2025,9,58,31,09:58:31,-232,Tahap-4
01/27/2025,9,58,31,09:58:31,8,Tahap-4
01/27/2025,9,58,31,09:58:31,-16,Tahap-4
01/27/2025,9,58,31,09:58:31,-120,Tahap-4
01/27/2025,9,58,32,09:58:32,-288,Tahap-4
01/27/2025,9,58,32,09:58:32,-32,Tahap-4
01/27/2025,9,58,32,09:58:32,-248,Tahap-4
01/27/2025,9,58,32,09:58:32,-40,Tahap-4
01/27/2025,9,58,32,09:58:32,-296,Tahap-4
01/27/2025,9,58,32,09:58:32,120,Tahap-4
01/27/2025,9,58,32,09:58:32,-48,Tahap-4
01/27/2025,9,58,32,09:58:32,-168,Tahap-4
01/27/2025,9,58,32,09:58:32,192,Tahap-4
01/27/2025,9,58,32,09:58:32,-240,Tahap-4
01/27/2025,9,58,33,09:58:33,-128,Tahap-4
01/27/2025,9,58,33,09:58:33,-120,Tahap-4
01/27/2025,9,58,33,09:58:33,-112,Tahap-4
01/27/2025,9,58,33,09:58:33,-144,Tahap-4
01/27/2025,9,58,33,09:58:33,-232,Tahap-4
01/27/2025,9,58,33,09:58:33,216,Tahap-4
01/27/2025,9,58,33,09:58:33,-64,Tahap-4
01/27/2025,9,58,33,09:58:33,-128,Tahap-4
01/27/2025,9,58,33,09:58:33,192,Tahap-4
01/27/2025,9,58,34,09:58:34,-344,Tahap-4
01/27/2025,9,58,34,09:58:34,-200,Tahap-4
01/27/2025,9,58,34,09:58:34,-8,Tahap-4
01/27/2025,9,58,34,09:58:34,-144,Tahap-4
01/27/2025,9,58,34,09:58:34,-144,Tahap-4
01/27/2025,9,58,34,09:58:34,16,Tahap-4
01/27/2025,9,58,58,09:58:58,1355,Tahap-4
01/27/2025,9,58,59,09:58:59,323,Tahap-4
01/27/2025,9,58,59,09:58:59,618,Tahap-4
01/27/2025,9,58,59,09:58:59,145,Tahap-4
01/27/2025,9,58,59,09:58:59,23,Tahap-4
01/27/2025,9,58,59,09:58:59,285,Tahap-4
01/27/2025,9,58,59,09:58:59,99,Tahap-4
01/27/2025,9,58,59,09:58:59,189,Tahap-4
01/27/2025,9,58,59,09:58:59,282,Tahap-4
01/27/2025,9,58,59,09:58:59,142,Tahap-4
01/27/2025,9,58,59,09:58:59,8,Tahap-4
01/27/2025,9,59,1,09:59:01,168,Tahap-4
01/27/2025,9,59,1,09:59:01,347,Tahap-4
01/27/2025,9,59,1,09:59:01,698,Tahap-4
01/27/2025,9,59,1,09:59:01,147,Tahap-4
01/27/2025,9,59,1,09:59:01,57,Tahap-4
01/27/2025,9,59,1,09:59:01,206,Tahap-4
01/27/2025,9,59,1,09:59:01,216,Tahap-4
01/27/2025,9,59,1,09:59:01,169,Tahap-4
01/27/2025,9,59,1,09:59:01,170,Tahap-4
01/27/2025,9,59,1,09:59:01,216,Tahap-4
01/27/2025,9,59,2,09:59:02,93,Tahap-4
01/27/2025,9,59,2,09:59:02,52,Tahap-4
01/27/2025,9,59,2,09:59:02,107,Tahap-4
01/27/2025,9,59,2,09:59:02,104,Tahap-4
01/27/2025,9,59,2,09:59:02,114,Tahap-4
01/27/2025,9,59,2,09:59:02,35,Tahap-4
01/27/2025,9,59,2,09:59:02,83,Tahap-4
01/27/2025,9,59,2,09:59:02,99,Tahap-4
01/27/2025,9,59,2,09:59:02,86,Tahap-4
01/27/2025,9,59,2,09:59:02,137,Tahap-4
01/27/2025,9,59,3,09:59:03,175,Tahap-4
01/27/2025,9,59,3,09:59:03,59,Tahap-4
01/27/2025,9,59,3,09:59:03,257,Tahap-4
01/27/2025,9,59,3,09:59:03,248,Tahap-4
01/27/2025,9,59,3,09:59:03,75,Tahap-4
01/27/2025,9,59,3,09:59:03,262,Tahap-4
01/27/2025,9,59,3,09:59:03,51,Tahap-4
01/27/2025,9,59,3,09:59:03,109,Tahap-4
01/27/2025,9,59,3,09:59:03,45,Tahap-4
01/27/2025,9,59,3,09:59:03,56,Tahap-4
01/27/2025,9,59,4,09:59:04,108,Tahap-4
01/27/2025,9,59,4,09:59:04,210,Tahap-4
01/27/2025,9,59,4,09:59:04,90,Tahap-4
01/27/2025,9,59,4,09:59:04,24,Tahap-4
01/27/2025,9,59,4,09:59:04,177,Tahap-4
01/27/2025,9,59,4,09:59:04,141,Tahap-4
01/27/2025,9,59,4,09:59:04,125,Tahap-4
01/27/2025,9,59,4,09:59:04,69,Tahap-4
01/27/2025,9,59,4,09:59:04,100,Tahap-4
01/27/2025,9,59,4,09:59:04,63,Tahap-4
01/27/2025,9,59,5,09:59:05,98,Tahap-4
01/27/2025,9,59,5,09:59:05,36,Tahap-4
01/27/2025,9,59,5,09:59:05,237,Tahap-4
01/27/2025,9,59,5,09:59:05,73,Tahap-4
01/27/2025,9,59,5,09:59:05,165,Tahap-4
01/27/2025,9,59,5,09:59:05,238,Tahap-4
01/27/2025,9,59,5,09:59:05,115,Tahap-4
01/27/2025,9,59,5,09:59:05,390,Tahap-4
01/27/2025,9,59,5,09:59:05,663,Tahap-4
01/27/2025,9,59,5,09:59:05,949,Tahap-4
01/27/2025,9,59,6,09:59:06,100,Tahap-4
01/27/2025,9,59,6,09:59:06,326,Tahap-4
01/27/2025,9,59,6,09:59:06,201,Tahap-4
01/27/2025,9,59,6,09:59:06,205,Tahap-4
01/27/2025,9,59,6,09:59:06,138,Tahap-4
01/27/2025,9,59,6,09:59:06,69,Tahap-4
01/27/2025,9,59,6,09:59:06,26,Tahap-4
01/27/2025,9,59,6,09:59:06,85,Tahap-4
01/27/2025,9,59,6,09:59:06,29,Tahap-4
01/27/2025,9,59,6,09:59:06,60,Tahap-4
01/27/2025,9,59,7,09:59:07,203,Tahap-4
01/27/2025,9,59,7,09:59:07,374,Tahap-4
01/27/2025,9,59,7,09:59:07,166,Tahap-4
01/27/2025,9,59,7,09:59:07,125,Tahap-4
01/27/2025,9,59,7,09:59:07,414,Tahap-4
01/27/2025,9,59,7,09:59:07,191,Tahap-4
01/27/2025,9,59,7,09:59:07,331,Tahap-4
01/27/2025,9,59,7,09:59:07,607,Tahap-4
01/27/2025,9,59,7,09:59:07,154,Tahap-4
01/27/2025,9,59,7,09:59:07,392,Tahap-4
01/27/2025,9,59,8,09:59:08,577,Tahap-4
01/27/2025,9,59,8,09:59:08,403,Tahap-4
01/27/2025,9,59,8,09:59:08,1645,Tahap-4
01/27/2025,9,59,8,09:59:08,750,Tahap-4
01/27/2025,9,59,8,09:59:08,426,Tahap-4
01/27/2025,9,59,8,09:59:08,408,Tahap-4
01/27/2025,9,59,8,09:59:08,523,Tahap-4
01/27/2025,9,59,8,09:59:08,270,Tahap-4
01/27/2025,9,59,8,09:59:08,54,Tahap-4
01/27/2025,9,59,8,09:59:08,21,Tahap-4
01/27/2025,9,59,9,09:59:09,162,Tahap-4
01/27/2025,9,59,9,09:59:09,51,Tahap-4
01/27/2025,9,59,9,09:59:09,105,Tahap-4
01/27/2025,9,59,9,09:59:09,310,Tahap-4
01/27/2025,9,59,9,09:59:09,142,Tahap-4
01/27/2025,9,59,9,09:59:09,49,Tahap-4
01/27/2025,9,59,9,09:59:09,191,Tahap-4
01/27/2025,9,59,9,09:59:09,315,Tahap-4
01/27/2025,9,59,9,09:59:09,231,Tahap-4
01/27/2025,9,59,9,09:59:09,84,Tahap-4
01/27/2025,9,59,10,09:59:10,203,Tahap-4
01/27/2025,9,59,10,09:59:10,442,Tahap-4
01/27/2025,9,59,10,09:59:10,455,Tahap-4
01/27/2025,9,59,10,09:59:10,378,Tahap-4
01/27/2025,9,59,10,09:59:10,528,Tahap-4
01/27/2025,9,59,10,09:59:10,807,Tahap-4
01/27/2025,9,59,10,09:59:10,517,Tahap-4
01/27/2025,9,59,10,09:59:10,185,Tahap-4
01/27/2025,9,59,10,09:59:10,464,Tahap-4
01/27/2025,9,59,10,09:59:10,128,Tahap-4
01/27/2025,9,59,11,09:59:11,557,Tahap-4
01/27/2025,9,59,11,09:59:11,242,Tahap-4
01/27/2025,9,59,11,09:59:11,255,Tahap-4
01/27/2025,9,59,11,09:59:11,162,Tahap-4
01/27/2025,9,59,11,09:59:11,209,Tahap-4
01/27/2025,9,59,11,09:59:11,158,Tahap-4
01/27/2025,9,59,11,09:59:11,192,Tahap-4
01/27/2025,9,59,11,09:59:11,-104,Tahap-4
01/27/2025,9,59,11,09:59:11,-304,Tahap-4
01/27/2025,9,59,11,09:59:11,208,Tahap-4
01/27/2025,9,59,12,09:59:12,-240,Tahap-4
01/27/2025,9,59,12,09:59:12,16,Tahap-4
01/27/2025,9,59,12,09:59:12,-64,Tahap-4
01/27/2025,9,59,12,09:59:12,-96,Tahap-4
01/27/2025,9,59,12,09:59:12,-168,Tahap-4
01/27/2025,9,59,12,09:59:12,-64,Tahap-4
01/27/2025,9,59,12,09:59:12,-392,Tahap-4
01/27/2025,9,59,12,09:59:12,224,Tahap-4
01/27/2025,9,59,12,09:59:12,-208,Tahap-4
01/27/2025,9,59,12,09:59:12,-128,Tahap-4
01/27/2025,9,59,13,09:59:13,72,Tahap-4
01/27/2025,9,59,13,09:59:13,-192,Tahap-4
01/27/2025,9,59,13,09:59:13,-184,Tahap-4
01/27/2025,9,59,13,09:59:13,80,Tahap-4
01/27/2025,9,59,13,09:59:13,-264,Tahap-4
01/27/2025,9,59,13,09:59:13,-32,Tahap-4
01/27/2025,9,59,13,09:59:13,-224,Tahap-4
01/27/2025,9,59,13,09:59:13,-256,Tahap-4
01/27/2025,9,59,13,09:59:13,240,Tahap-4
01/27/2025,9,59,13,09:59:13,-264,Tahap-4
01/27/2025,9,59,14,09:59:14,136,Tahap-4
01/27/2025,9,59,14,09:59:14,24,Tahap-4
01/27/2025,9,59,14,09:59:14,-224,Tahap-4
01/27/2025,9,59,14,09:59:14,-240,Tahap-4
01/27/2025,9,59,14,09:59:14,48,Tahap-4
01/27/2025,9,59,14,09:59:14,-288,Tahap-4
01/27/2025,9,59,14,09:59:14,-24,Tahap-4
01/27/2025,9,59,14,09:59:14,-144,Tahap-4
01/27/2025,9,59,14,09:59:14,-136,Tahap-4
01/27/2025,9,59,14,09:59:14,280,Tahap-4
01/27/2025,9,59,15,09:59:15,-256,Tahap-4
01/27/2025,9,59,15,09:59:15,104,Tahap-4
01/27/2025,9,59,15,09:59:15,72,Tahap-4
01/27/2025,9,59,15,09:59:15,-176,Tahap-4
01/27/2025,9,59,15,09:59:15,-136,Tahap-4
01/27/2025,9,59,15,09:59:15,24,Tahap-4
01/27/2025,9,59,15,09:59:15,-88,Tahap-4
01/27/2025,9,59,15,09:59:15,8,Tahap-4
01/27/2025,9,59,15,09:59:15,-248,Tahap-4
01/27/2025,9,59,15,09:59:15,-32,Tahap-4
01/27/2025,9,59,16,09:59:16,192,Tahap-4
01/27/2025,9,59,16,09:59:16,-200,Tahap-4
01/27/2025,9,59,16,09:59:16,224,Tahap-4
01/27/2025,9,59,16,09:59:16,104,Tahap-4
01/27/2025,9,59,16,09:59:16,-136,Tahap-4
01/27/2025,9,59,16,09:59:16,-16,Tahap-4
01/27/2025,9,59,16,09:59:16,-144,Tahap-4
01/27/2025,9,59,16,09:59:16,-80,Tahap-4
01/27/2025,9,59,16,09:59:16,72,Tahap-4
01/27/2025,9,59,16,09:59:16,-312,Tahap-4
01/27/2025,9,59,17,09:59:17,152,Tahap-4
01/27/2025,9,59,17,09:59:17,-16,Tahap-4
01/27/2025,9,59,17,09:59:17,-200,Tahap-4
01/27/2025,9,59,17,09:59:17,352,Tahap-4
01/27/2025,9,59,17,09:59:17,-32,Tahap-4
01/27/2025,9,59,17,09:59:17,-232,Tahap-4
01/27/2025,9,59,17,09:59:17,-64,Tahap-4
01/27/2025,9,59,17,09:59:17,-56,Tahap-4
01/27/2025,9,59,17,09:59:17,-136,Tahap-4
01/27/2025,9,59,17,09:59:17,88,Tahap-4
01/27/2025,9,59,18,09:59:18,-336,Tahap-4
01/27/2025,9,59,18,09:59:18,152,Tahap-4
01/27/2025,9,59,18,09:59:18,-48,Tahap-4
01/27/2025,9,59,18,09:59:18,-248,Tahap-4
01/27/2025,9,59,18,09:59:18,240,Tahap-4
01/27/2025,9,59,18,09:59:18,-64,Tahap-4
01/27/2025,9,59,18,09:59:18,-280,Tahap-4
01/27/2025,9,59,18,09:59:18,80,Tahap-4
01/27/2025,9,59,18,09:59:18,-80,Tahap-4
01/27/2025,9,59,18,09:59:18,-72,Tahap-4
01/27/2025,9,59,19,09:59:19,-8,Tahap-4
01/27/2025,9,59,19,09:59:19,-168,Tahap-4
01/27/2025,9,59,19,09:59:19,312,Tahap-4
01/27/2025,9,59,19,09:59:19,-176,Tahap-4
01/27/2025,9,59,19,09:59:19,16,Tahap-4
01/27/2025,9,59,19,09:59:19,72,Tahap-4
01/27/2025,9,59,19,09:59:19,88,Tahap-4
01/27/2025,9,59,20,09:59:20,-192,Tahap-4
01/27/2025,9,59,20,09:59:20,-56,Tahap-4
01/27/2025,9,59,20,09:59:20,-104,Tahap-4
01/27/2025,9,59,20,09:59:20,16,Tahap-4
01/27/2025,9,59,20,09:59:20,-120,Tahap-4
01/27/2025,9,59,20,09:59:20,8,Tahap-4
01/27/2025,9,59,20,09:59:20,232,Tahap-4
01/27/2025,9,59,20,09:59:20,-248,Tahap-4
01/27/2025,9,59,20,09:59:20,176,Tahap-4
01/27/2025,9,59,20,09:59:20,64,Tahap-4
01/27/2025,9,59,20,09:59:20,-80,Tahap-4
01/27/2025,9,59,20,09:59:20,48,Tahap-4
01/27/2025,9,59,20,09:59:20,-40,Tahap-4
01/27/2025,9,59,21,09:59:21,-48,Tahap-4
01/27/2025,9,59,21,09:59:21,144,Tahap-4
01/27/2025,9,59,21,09:59:21,-120,Tahap-4
01/27/2025,9,59,21,09:59:21,24,Tahap-4
01/27/2025,9,59,21,09:59:21,296,Tahap-4
01/27/2025,9,59,21,09:59:21,-136,Tahap-4
01/27/2025,9,59,21,09:59:21,184,Tahap-4
01/27/2025,9,59,21,09:59:21,216,Tahap-4
01/27/2025,9,59,21,09:59:21,-144,Tahap-4
01/27/2025,9,59,21,09:59:21,104,Tahap-4
01/27/2025,9,59,22,09:59:22,72,Tahap-4
01/27/2025,9,59,22,09:59:22,168,Tahap-4
01/27/2025,9,59,22,09:59:22,-48,Tahap-4
01/27/2025,9,59,22,09:59:22,120,Tahap-4
01/27/2025,9,59,22,09:59:22,320,Tahap-4
01/27/2025,9,59,22,09:59:22,-48,Tahap-4
01/27/2025,9,59,22,09:59:22,240,Tahap-4
01/27/2025,9,59,22,09:59:22,184,Tahap-4
01/27/2025,9,59,22,09:59:22,-168,Tahap-4
01/27/2025,9,59,23,09:59:23,-40,Tahap-4
01/27/2025,9,59,23,09:59:23,192,Tahap-4
01/27/2025,9,59,23,09:59:23,-24,Tahap-4
01/27/2025,9,59,23,09:59:23,-32,Tahap-4
01/27/2025,9,59,23,09:59:23,-8,Tahap-4
01/27/2025,9,59,23,09:59:23,472,Tahap-4
01/27/2025,9,59,23,09:59:23,-112,Tahap-4
01/27/2025,9,59,23,09:59:23,232,Tahap-4
01/27/2025,9,59,23,09:59:23,176,Tahap-4
01/27/2025,9,59,24,09:59:24,-104,Tahap-4
01/27/2025,9,59,24,09:59:24,-64,Tahap-4
01/27/2025,9,59,24,09:59:24,184,Tahap-4
01/27/2025,9,59,24,09:59:24,96,Tahap-4
01/27/2025,9,59,24,09:59:24,56,Tahap-4
01/27/2025,9,59,48,09:59:48,1714,Tahap-4
01/27/2025,9,59,49,09:59:49,215,Tahap-4
01/27/2025,9,59,49,09:59:49,229,Tahap-4
01/27/2025,9,59,49,09:59:49,331,Tahap-4
01/27/2025,9,59,49,09:59:49,247,Tahap-4
01/27/2025,9,59,49,09:59:49,418,Tahap-4
01/27/2025,9,59,49,09:59:49,153,Tahap-4
01/27/2025,9,59,49,09:59:49,101,Tahap-4
