Tanggal,Jam,Menit,Detik,Waktu,frekuensi,label
01/15/2025,13,39,19,13:39:19,25,Tahap-4
01/15/2025,13,39,19,13:39:19,28,Tahap-4
01/15/2025,13,39,19,13:39:19,44,Tahap-4
01/15/2025,13,39,19,13:39:19,60,Tahap-4
01/15/2025,13,39,19,13:39:19,48,Tahap-4
01/15/2025,13,39,19,13:39:19,46,Tahap-4
01/15/2025,13,39,19,13:39:19,63,Tahap-4
01/15/2025,13,39,19,13:39:19,59,Tahap-4
01/15/2025,13,39,19,13:39:19,48,Tahap-4
01/15/2025,13,39,19,13:39:19,26,Tahap-4
01/15/2025,13,39,19,13:39:19,55,Tahap-4
01/15/2025,13,39,19,13:39:19,35,Tahap-4
01/15/2025,13,39,19,13:39:19,25,Tahap-4
01/15/2025,13,39,19,13:39:19,55,Tahap-4
01/15/2025,13,39,19,13:39:19,35,Tahap-4
01/15/2025,13,39,19,13:39:19,55,Tahap-4
01/15/2025,13,39,19,13:39:19,36,Tahap-4
01/15/2025,13,39,19,13:39:19,59,Tahap-4
01/15/2025,13,39,19,13:39:19,60,Tahap-4
01/15/2025,13,39,19,13:39:19,29,Tahap-4
01/15/2025,13,39,19,13:39:19,30,Tahap-4
01/15/2025,13,39,19,13:39:19,13,Tahap-4
01/15/2025,13,39,19,13:39:19,60,Tahap-4
01/15/2025,13,39,19,13:39:19,18,Tahap-4
01/15/2025,13,39,19,13:39:19,27,Tahap-4
01/15/2025,13,39,20,13:39:20,33,Tahap-4
01/15/2025,13,39,20,13:39:20,51,Tahap-4
01/15/2025,13,39,20,13:39:20,26,Tahap-4
01/15/2025,13,39,20,13:39:20,11,Tahap-4
01/15/2025,13,39,20,13:39:20,5,Tahap-4
01/15/2025,13,39,20,13:39:20,12,Tahap-4
01/15/2025,13,39,20,13:39:20,13,Tahap-4
01/15/2025,13,39,20,13:39:20,29,Tahap-4
01/15/2025,13,39,20,13:39:20,12,Tahap-4
01/15/2025,13,39,20,13:39:20,35,Tahap-4
01/15/2025,13,39,21,13:39:21,49,Tahap-4
01/15/2025,13,39,21,13:39:21,27,Tahap-4
01/15/2025,13,39,21,13:39:21,13,Tahap-4
01/15/2025,13,39,21,13:39:21,23,Tahap-4
01/15/2025,13,39,21,13:39:21,23,Tahap-4
01/15/2025,13,39,21,13:39:21,26,Tahap-4
01/15/2025,13,39,21,13:39:21,37,Tahap-4
01/15/2025,13,39,21,13:39:21,4,Tahap-4
01/15/2025,13,39,21,13:39:21,39,Tahap-4
01/15/2025,13,39,21,13:39:21,48,Tahap-4
01/15/2025,13,39,22,13:39:22,50,Tahap-4
01/15/2025,13,39,22,13:39:22,75,Tahap-4
01/15/2025,13,39,22,13:39:22,38,Tahap-4
01/15/2025,13,39,22,13:39:22,10,Tahap-4
01/15/2025,13,39,22,13:39:22,22,Tahap-4
01/15/2025,13,39,22,13:39:22,24,Tahap-4
01/15/2025,13,39,22,13:39:22,33,Tahap-4
01/15/2025,13,39,22,13:39:22,48,Tahap-4
01/15/2025,13,39,22,13:39:22,19,Tahap-4
01/15/2025,13,39,22,13:39:22,34,Tahap-4
01/15/2025,13,39,23,13:39:23,11,Tahap-4
01/15/2025,13,39,23,13:39:23,13,Tahap-4
01/15/2025,13,39,23,13:39:23,27,Tahap-4
01/15/2025,13,39,23,13:39:23,28,Tahap-4
01/15/2025,13,39,23,13:39:23,15,Tahap-4
01/15/2025,13,39,23,13:39:23,39,Tahap-4
01/15/2025,13,39,23,13:39:23,25,Tahap-4
01/15/2025,13,39,23,13:39:23,25,Tahap-4
01/15/2025,13,39,23,13:39:23,12,Tahap-4
01/15/2025,13,39,23,13:39:23,14,Tahap-4
01/15/2025,13,39,24,13:39:24,19,Tahap-4
01/15/2025,13,39,24,13:39:24,26,Tahap-4
01/15/2025,13,39,24,13:39:24,18,Tahap-4
01/15/2025,13,39,24,13:39:24,13,Tahap-4
01/15/2025,13,39,24,13:39:24,30,Tahap-4
01/15/2025,13,39,24,13:39:24,34,Tahap-4
01/15/2025,13,39,24,13:39:24,49,Tahap-4
01/15/2025,13,39,24,13:39:24,43,Tahap-4
01/15/2025,13,39,24,13:39:24,7,Tahap-4
01/15/2025,13,39,24,13:39:24,81,Tahap-4
01/15/2025,13,39,25,13:39:25,4,Tahap-4
01/15/2025,13,39,25,13:39:25,41,Tahap-4
01/15/2025,13,39,25,13:39:25,20,Tahap-4
01/15/2025,13,39,25,13:39:25,32,Tahap-4
01/15/2025,13,39,25,13:39:25,48,Tahap-4
01/15/2025,13,39,25,13:39:25,48,Tahap-4
01/15/2025,13,39,25,13:39:25,29,Tahap-4
01/15/2025,13,39,25,13:39:25,45,Tahap-4
01/15/2025,13,39,25,13:39:25,14,Tahap-4
01/15/2025,13,39,25,13:39:25,44,Tahap-4
01/15/2025,13,39,26,13:39:26,86,Tahap-4
01/15/2025,13,39,26,13:39:26,10,Tahap-4
01/15/2025,13,39,26,13:39:26,61,Tahap-4
01/15/2025,13,39,26,13:39:26,69,Tahap-4
01/15/2025,13,39,26,13:39:26,30,Tahap-4
01/15/2025,13,39,26,13:39:26,40,Tahap-4
01/15/2025,13,39,26,13:39:26,26,Tahap-4
01/15/2025,13,39,26,13:39:26,93,Tahap-4
01/15/2025,13,39,26,13:39:26,45,Tahap-4
01/15/2025,13,39,26,13:39:26,103,Tahap-4
01/15/2025,13,39,27,13:39:27,80,Tahap-4
01/15/2025,13,39,27,13:39:27,53,Tahap-4
01/15/2025,13,39,27,13:39:27,38,Tahap-4
01/15/2025,13,39,27,13:39:27,26,Tahap-4
01/15/2025,13,39,27,13:39:27,16,Tahap-4
01/15/2025,13,39,27,13:39:27,25,Tahap-4
01/15/2025,13,39,27,13:39:27,2,Tahap-4
01/15/2025,13,39,27,13:39:27,-2,Tahap-4
01/15/2025,13,39,27,13:39:27,-1,Tahap-4
01/15/2025,13,39,28,13:39:28,-2,Tahap-4
01/15/2025,13,39,28,13:39:28,1,Tahap-4
01/15/2025,13,39,28,13:39:28,-3,Tahap-4
01/15/2025,13,39,28,13:39:28,-1,Tahap-4
01/15/2025,13,39,28,13:39:28,-6,Tahap-4
01/15/2025,13,39,28,13:39:28,3,Tahap-4
01/15/2025,13,39,28,13:39:28,-3,Tahap-4
01/15/2025,13,39,28,13:39:28,-3,Tahap-4
01/15/2025,13,39,28,13:39:28,-3,Tahap-4
01/15/2025,13,39,28,13:39:28,2,Tahap-4
01/15/2025,13,39,29,13:39:29,-5,Tahap-4
01/15/2025,13,39,29,13:39:29,1,Tahap-4
01/15/2025,13,39,29,13:39:29,-3,Tahap-4
01/15/2025,13,39,29,13:39:29,-1,Tahap-4
01/15/2025,13,39,29,13:39:29,-7,Tahap-4
01/15/2025,13,39,29,13:39:29,1,Tahap-4
01/15/2025,13,39,29,13:39:29,-3,Tahap-4
01/15/2025,13,39,29,13:39:29,-3,Tahap-4
01/15/2025,13,39,29,13:39:29,-3,Tahap-4
01/15/2025,13,39,29,13:39:29,-4,Tahap-4
01/15/2025,13,39,30,13:39:30,-3,Tahap-4
01/15/2025,13,39,30,13:39:30,-6,Tahap-4
01/15/2025,13,39,30,13:39:30,-4,Tahap-4
01/15/2025,13,39,30,13:39:30,-3,Tahap-4
01/15/2025,13,39,30,13:39:30,-7,Tahap-4
01/15/2025,13,39,30,13:39:30,-4,Tahap-4
01/15/2025,13,39,30,13:39:30,-6,Tahap-4
01/15/2025,13,39,30,13:39:30,-4,Tahap-4
01/15/2025,13,39,30,13:39:30,-6,Tahap-4
01/15/2025,13,39,31,13:39:31,-4,Tahap-4
01/15/2025,13,39,31,13:39:31,-4,Tahap-4
01/15/2025,13,39,31,13:39:31,-7,Tahap-4
01/15/2025,13,39,31,13:39:31,-4,Tahap-4
01/15/2025,13,39,31,13:39:31,-8,Tahap-4
01/15/2025,13,39,31,13:39:31,-6,Tahap-4
01/15/2025,13,39,31,13:39:31,-6,Tahap-4
01/15/2025,13,39,31,13:39:31,-6,Tahap-4
01/15/2025,13,39,31,13:39:31,-2,Tahap-4
01/15/2025,13,39,31,13:39:31,-4,Tahap-4
01/15/2025,13,39,32,13:39:32,-5,Tahap-4
01/15/2025,13,39,32,13:39:32,-4,Tahap-4
01/15/2025,13,39,32,13:39:32,-8,Tahap-4
01/15/2025,13,39,32,13:39:32,-2,Tahap-4
01/15/2025,13,39,32,13:39:32,-7,Tahap-4
01/15/2025,13,39,32,13:39:32,-6,Tahap-4
01/15/2025,13,39,32,13:39:32,-9,Tahap-4
01/15/2025,13,39,32,13:39:32,-8,Tahap-4
01/15/2025,13,39,32,13:39:32,-6,Tahap-4
01/15/2025,13,39,32,13:39:32,-4,Tahap-4
01/15/2025,13,39,33,13:39:33,-8,Tahap-4
01/15/2025,13,39,33,13:39:33,-6,Tahap-4
01/15/2025,13,39,33,13:39:33,-6,Tahap-4
01/15/2025,13,39,33,13:39:33,-8,Tahap-4
01/15/2025,13,39,33,13:39:33,-9,Tahap-4
01/15/2025,13,39,33,13:39:33,-9,Tahap-4
01/15/2025,13,39,33,13:39:33,-7,Tahap-4
01/15/2025,13,39,33,13:39:33,-7,Tahap-4
01/15/2025,13,39,33,13:39:33,-7,Tahap-4
01/15/2025,13,39,33,13:39:33,-6,Tahap-4
01/15/2025,13,39,34,13:39:34,-12,Tahap-4
01/15/2025,13,39,34,13:39:34,-8,Tahap-4
01/15/2025,13,39,34,13:39:34,-11,Tahap-4
01/15/2025,13,39,34,13:39:34,-8,Tahap-4
01/15/2025,13,39,34,13:39:34,-12,Tahap-4
01/15/2025,13,39,34,13:39:34,-9,Tahap-4
01/15/2025,13,39,34,13:39:34,-11,Tahap-4
01/15/2025,13,39,34,13:39:34,-11,Tahap-4
01/15/2025,13,39,34,13:39:34,-8,Tahap-4
01/15/2025,13,39,34,13:39:34,-11,Tahap-4
01/15/2025,13,39,35,13:39:35,-8,Tahap-4
01/15/2025,13,39,35,13:39:35,-10,Tahap-4
01/15/2025,13,39,35,13:39:35,-9,Tahap-4
01/15/2025,13,39,35,13:39:35,-9,Tahap-4
01/15/2025,13,39,35,13:39:35,-12,Tahap-4
01/15/2025,13,39,35,13:39:35,-10,Tahap-4
01/15/2025,13,39,35,13:39:35,-12,Tahap-4
01/15/2025,13,39,35,13:39:35,-13,Tahap-4
01/15/2025,13,39,35,13:39:35,-13,Tahap-4
01/15/2025,13,39,35,13:39:35,-10,Tahap-4
01/15/2025,13,39,36,13:39:36,-14,Tahap-4
01/15/2025,13,39,36,13:39:36,-10,Tahap-4
01/15/2025,13,39,36,13:39:36,-14,Tahap-4
01/15/2025,13,39,36,13:39:36,-11,Tahap-4
01/15/2025,13,39,36,13:39:36,-14,Tahap-4
01/15/2025,13,39,36,13:39:36,-12,Tahap-4
01/15/2025,13,39,36,13:39:36,-13,Tahap-4
01/15/2025,13,39,36,13:39:36,-10,Tahap-4
01/15/2025,13,39,36,13:39:36,-13,Tahap-4
01/15/2025,13,39,36,13:39:36,-13,Tahap-4
01/15/2025,13,39,37,13:39:37,-14,Tahap-4
01/15/2025,13,39,37,13:39:37,-12,Tahap-4
01/15/2025,13,39,37,13:39:37,-13,Tahap-4
01/15/2025,13,39,37,13:39:37,-14,Tahap-4
01/15/2025,13,39,37,13:39:37,-14,Tahap-4
01/15/2025,13,39,37,13:39:37,-14,Tahap-4
01/15/2025,13,39,37,13:39:37,-10,Tahap-4
01/15/2025,13,39,37,13:39:37,-11,Tahap-4
01/15/2025,13,39,37,13:39:37,-18,Tahap-4
01/15/2025,13,39,37,13:39:37,-13,Tahap-4
01/15/2025,13,39,38,13:39:38,-18,Tahap-4
01/15/2025,13,39,38,13:39:38,-13,Tahap-4
01/15/2025,13,39,38,13:39:38,-12,Tahap-4
01/15/2025,13,39,38,13:39:38,-17,Tahap-4
01/15/2025,13,39,38,13:39:38,-11,Tahap-4
01/15/2025,13,39,38,13:39:38,-17,Tahap-4
01/15/2025,13,39,38,13:39:38,-14,Tahap-4
01/15/2025,13,39,38,13:39:38,-18,Tahap-4
01/15/2025,13,39,38,13:39:38,-16,Tahap-4
01/15/2025,13,39,38,13:39:38,-18,Tahap-4
01/15/2025,13,39,39,13:39:39,-12,Tahap-4
01/15/2025,13,39,39,13:39:39,-17,Tahap-4
01/15/2025,13,39,39,13:39:39,-17,Tahap-4
01/15/2025,13,39,39,13:39:39,-17,Tahap-4
01/15/2025,13,39,39,13:39:39,-15,Tahap-4
01/15/2025,13,39,39,13:39:39,-15,Tahap-4
01/15/2025,13,39,39,13:39:39,-19,Tahap-4
01/15/2025,13,39,39,13:39:39,-16,Tahap-4
01/15/2025,13,39,39,13:39:39,-18,Tahap-4
01/15/2025,13,39,39,13:39:39,-13,Tahap-4
01/15/2025,13,39,40,13:39:40,-16,Tahap-4
01/15/2025,13,39,40,13:39:40,-14,Tahap-4
01/15/2025,13,39,40,13:39:40,-16,Tahap-4
01/15/2025,13,39,40,13:39:40,-16,Tahap-4
01/15/2025,13,39,40,13:39:40,-16,Tahap-4
01/15/2025,13,40,4,13:40:04,1359,Tahap-4
01/15/2025,13,40,5,13:40:05,1334,Tahap-4
01/15/2025,13,40,5,13:40:05,508,Tahap-4
01/15/2025,13,40,5,13:40:05,533,Tahap-4
01/15/2025,13,40,5,13:40:05,521,Tahap-4
01/15/2025,13,40,5,13:40:05,355,Tahap-4
01/15/2025,13,40,5,13:40:05,396,Tahap-4
01/15/2025,13,40,5,13:40:05,310,Tahap-4
01/15/2025,13,40,5,13:40:05,185,Tahap-4
01/15/2025,13,40,5,13:40:05,222,Tahap-4
01/15/2025,13,40,5,13:40:05,132,Tahap-4
01/15/2025,13,40,6,13:40:06,123,Tahap-4
01/15/2025,13,40,6,13:40:06,187,Tahap-4
01/15/2025,13,40,6,13:40:06,147,Tahap-4
01/15/2025,13,40,6,13:40:06,132,Tahap-4
01/15/2025,13,40,6,13:40:06,105,Tahap-4
01/15/2025,13,40,6,13:40:06,91,Tahap-4
01/15/2025,13,40,6,13:40:06,145,Tahap-4
01/15/2025,13,40,6,13:40:06,91,Tahap-4
01/15/2025,13,40,6,13:40:06,230,Tahap-4
01/15/2025,13,40,6,13:40:06,51,Tahap-4
01/15/2025,13,40,7,13:40:07,171,Tahap-4
01/15/2025,13,40,7,13:40:07,604,Tahap-4
01/15/2025,13,40,7,13:40:07,168,Tahap-4
01/15/2025,13,40,7,13:40:07,72,Tahap-4
01/15/2025,13,40,7,13:40:07,66,Tahap-4
01/15/2025,13,40,7,13:40:07,90,Tahap-4
01/15/2025,13,40,7,13:40:07,49,Tahap-4
01/15/2025,13,40,7,13:40:07,127,Tahap-4
01/15/2025,13,40,7,13:40:07,160,Tahap-4
01/15/2025,13,40,7,13:40:07,106,Tahap-4
01/15/2025,13,40,8,13:40:08,84,Tahap-4
01/15/2025,13,40,8,13:40:08,87,Tahap-4
01/15/2025,13,40,8,13:40:08,138,Tahap-4
01/15/2025,13,40,8,13:40:08,58,Tahap-4
01/15/2025,13,40,8,13:40:08,109,Tahap-4
01/15/2025,13,40,8,13:40:08,92,Tahap-4
01/15/2025,13,40,8,13:40:08,77,Tahap-4
01/15/2025,13,40,8,13:40:08,8,Tahap-4
01/15/2025,13,40,8,13:40:08,73,Tahap-4
01/15/2025,13,40,8,13:40:08,60,Tahap-4
01/15/2025,13,40,9,13:40:09,148,Tahap-4
01/15/2025,13,40,9,13:40:09,37,Tahap-4
01/15/2025,13,40,9,13:40:09,66,Tahap-4
01/15/2025,13,40,9,13:40:09,270,Tahap-4
01/15/2025,13,40,9,13:40:09,120,Tahap-4
01/15/2025,13,40,9,13:40:09,179,Tahap-4
01/15/2025,13,40,9,13:40:09,115,Tahap-4
01/15/2025,13,40,9,13:40:09,148,Tahap-4
01/15/2025,13,40,9,13:40:09,63,Tahap-4
01/15/2025,13,40,9,13:40:09,82,Tahap-4
01/15/2025,13,40,9,13:40:09,160,Tahap-4
01/15/2025,13,40,10,13:40:10,103,Tahap-4
01/15/2025,13,40,10,13:40:10,148,Tahap-4
01/15/2025,13,40,10,13:40:10,88,Tahap-4
01/15/2025,13,40,10,13:40:10,77,Tahap-4
01/15/2025,13,40,10,13:40:10,98,Tahap-4
01/15/2025,13,40,10,13:40:10,49,Tahap-4
01/15/2025,13,40,10,13:40:10,152,Tahap-4
01/15/2025,13,40,10,13:40:10,99,Tahap-4
01/15/2025,13,40,10,13:40:10,82,Tahap-4
01/15/2025,13,40,10,13:40:10,165,Tahap-4
01/15/2025,13,40,11,13:40:11,77,Tahap-4
01/15/2025,13,40,11,13:40:11,190,Tahap-4
01/15/2025,13,40,11,13:40:11,76,Tahap-4
01/15/2025,13,40,11,13:40:11,172,Tahap-4
01/15/2025,13,40,11,13:40:11,153,Tahap-4
01/15/2025,13,40,11,13:40:11,1240,Tahap-4
01/15/2025,13,40,11,13:40:11,235,Tahap-4
01/15/2025,13,40,11,13:40:11,296,Tahap-4
01/15/2025,13,40,11,13:40:11,89,Tahap-4
01/15/2025,13,40,11,13:40:11,280,Tahap-4
01/15/2025,13,40,12,13:40:12,223,Tahap-4
01/15/2025,13,40,12,13:40:12,217,Tahap-4
01/15/2025,13,40,12,13:40:12,197,Tahap-4
01/15/2025,13,40,12,13:40:12,173,Tahap-4
01/15/2025,13,40,12,13:40:12,242,Tahap-4
01/15/2025,13,40,12,13:40:12,416,Tahap-4
01/15/2025,13,40,12,13:40:12,26,Tahap-4
01/15/2025,13,40,12,13:40:12,79,Tahap-4
01/15/2025,13,40,12,13:40:12,77,Tahap-4
01/15/2025,13,40,12,13:40:12,67,Tahap-4
01/15/2025,13,40,13,13:40:13,384,Tahap-4
01/15/2025,13,40,13,13:40:13,242,Tahap-4
01/15/2025,13,40,13,13:40:13,810,Tahap-4
01/15/2025,13,40,13,13:40:13,217,Tahap-4
01/15/2025,13,40,13,13:40:13,433,Tahap-4
01/15/2025,13,40,13,13:40:13,245,Tahap-4
01/15/2025,13,40,13,13:40:13,910,Tahap-4
01/15/2025,13,40,13,13:40:13,329,Tahap-4
01/15/2025,13,40,13,13:40:13,1453,Tahap-4
01/15/2025,13,40,13,13:40:13,235,Tahap-4
01/15/2025,13,40,14,13:40:14,366,Tahap-4
01/15/2025,13,40,14,13:40:14,236,Tahap-4
01/15/2025,13,40,14,13:40:14,94,Tahap-4
01/15/2025,13,40,14,13:40:14,212,Tahap-4
01/15/2025,13,40,14,13:40:14,148,Tahap-4
01/15/2025,13,40,14,13:40:14,147,Tahap-4
01/15/2025,13,40,14,13:40:14,237,Tahap-4
01/15/2025,13,40,14,13:40:14,220,Tahap-4
01/15/2025,13,40,14,13:40:14,475,Tahap-4
01/15/2025,13,40,14,13:40:14,304,Tahap-4
01/15/2025,13,40,15,13:40:15,219,Tahap-4
01/15/2025,13,40,15,13:40:15,55,Tahap-4
01/15/2025,13,40,15,13:40:15,95,Tahap-4
01/15/2025,13,40,15,13:40:15,85,Tahap-4
01/15/2025,13,40,15,13:40:15,208,Tahap-4
01/15/2025,13,40,15,13:40:15,170,Tahap-4
01/15/2025,13,40,15,13:40:15,257,Tahap-4
01/15/2025,13,40,15,13:40:15,594,Tahap-4
01/15/2025,13,40,15,13:40:15,747,Tahap-4
01/15/2025,13,40,15,13:40:15,873,Tahap-4
01/15/2025,13,40,16,13:40:16,642,Tahap-4
01/15/2025,13,40,16,13:40:16,626,Tahap-4
01/15/2025,13,40,16,13:40:16,30,Tahap-4
01/15/2025,13,40,16,13:40:16,314,Tahap-4
01/15/2025,13,40,16,13:40:16,239,Tahap-4
01/15/2025,13,40,16,13:40:16,72,Tahap-4
01/15/2025,13,40,16,13:40:16,179,Tahap-4
01/15/2025,13,40,16,13:40:16,108,Tahap-4
01/15/2025,13,40,16,13:40:16,455,Tahap-4
01/15/2025,13,40,16,13:40:16,378,Tahap-4
01/15/2025,13,40,17,13:40:17,162,Tahap-4
01/15/2025,13,40,17,13:40:17,243,Tahap-4
01/15/2025,13,40,17,13:40:17,267,Tahap-4
01/15/2025,13,40,17,13:40:17,411,Tahap-4
01/15/2025,13,40,17,13:40:17,302,Tahap-4
01/15/2025,13,40,18,13:40:18,108,Tahap-4
01/15/2025,13,40,18,13:40:18,-112,Tahap-4
01/15/2025,13,40,18,13:40:18,88,Tahap-4
01/15/2025,13,40,18,13:40:18,-40,Tahap-4
01/15/2025,13,40,18,13:40:18,64,Tahap-4
01/15/2025,13,40,18,13:40:18,52,Tahap-4
01/15/2025,13,40,18,13:40:18,-44,Tahap-4
01/15/2025,13,40,18,13:40:18,112,Tahap-4
01/15/2025,13,40,18,13:40:18,-16,Tahap-4
01/15/2025,13,40,18,13:40:18,-40,Tahap-4
01/15/2025,13,40,18,13:40:18,36,Tahap-4
01/15/2025,13,40,18,13:40:18,20,Tahap-4
01/15/2025,13,40,18,13:40:18,8,Tahap-4
01/15/2025,13,40,18,13:40:18,-36,Tahap-4
01/15/2025,13,40,18,13:40:18,16,Tahap-4
01/15/2025,13,40,19,13:40:19,-96,Tahap-4
01/15/2025,13,40,19,13:40:19,296,Tahap-4
01/15/2025,13,40,19,13:40:19,-268,Tahap-4
01/15/2025,13,40,19,13:40:19,148,Tahap-4
01/15/2025,13,40,19,13:40:19,112,Tahap-4
01/15/2025,13,40,19,13:40:19,-72,Tahap-4
01/15/2025,13,40,19,13:40:19,-68,Tahap-4
01/15/2025,13,40,19,13:40:19,196,Tahap-4
01/15/2025,13,40,19,13:40:19,-56,Tahap-4
01/15/2025,13,40,19,13:40:19,-60,Tahap-4
01/15/2025,13,40,20,13:40:20,-32,Tahap-4
01/15/2025,13,40,20,13:40:20,-12,Tahap-4
01/15/2025,13,40,20,13:40:20,80,Tahap-4
01/15/2025,13,40,20,13:40:20,48,Tahap-4
01/15/2025,13,40,20,13:40:20,-40,Tahap-4
01/15/2025,13,40,20,13:40:20,144,Tahap-4
01/15/2025,13,40,20,13:40:20,-40,Tahap-4
01/15/2025,13,40,20,13:40:20,-4,Tahap-4
01/15/2025,13,40,20,13:40:20,68,Tahap-4
01/15/2025,13,40,20,13:40:20,32,Tahap-4
01/15/2025,13,40,21,13:40:21,-56,Tahap-4
01/15/2025,13,40,21,13:40:21,44,Tahap-4
01/15/2025,13,40,21,13:40:21,60,Tahap-4
01/15/2025,13,40,21,13:40:21,44,Tahap-4
01/15/2025,13,40,21,13:40:21,4,Tahap-4
01/15/2025,13,40,21,13:40:21,40,Tahap-4
01/15/2025,13,40,21,13:40:21,52,Tahap-4
01/15/2025,13,40,21,13:40:21,40,Tahap-4
01/15/2025,13,40,21,13:40:21,-60,Tahap-4
01/15/2025,13,40,21,13:40:21,128,Tahap-4
01/15/2025,13,40,22,13:40:22,-20,Tahap-4
01/15/2025,13,40,22,13:40:22,28,Tahap-4
01/15/2025,13,40,22,13:40:22,-76,Tahap-4
01/15/2025,13,40,22,13:40:22,8,Tahap-4
01/15/2025,13,40,22,13:40:22,76,Tahap-4
01/15/2025,13,40,22,13:40:22,-56,Tahap-4
01/15/2025,13,40,22,13:40:22,-48,Tahap-4
01/15/2025,13,40,22,13:40:22,160,Tahap-4
01/15/2025,13,40,22,13:40:22,-84,Tahap-4
01/15/2025,13,40,22,13:40:22,4,Tahap-4
01/15/2025,13,40,23,13:40:23,40,Tahap-4
01/15/2025,13,40,23,13:40:23,56,Tahap-4
01/15/2025,13,40,23,13:40:23,-84,Tahap-4
01/15/2025,13,40,23,13:40:23,48,Tahap-4
01/15/2025,13,40,23,13:40:23,-120,Tahap-4
01/15/2025,13,40,23,13:40:23,116,Tahap-4
01/15/2025,13,40,23,13:40:23,-68,Tahap-4
01/15/2025,13,40,23,13:40:23,56,Tahap-4
01/15/2025,13,40,23,13:40:23,4,Tahap-4
01/15/2025,13,40,24,13:40:24,-52,Tahap-4
01/15/2025,13,40,24,13:40:24,-8,Tahap-4
01/15/2025,13,40,24,13:40:24,48,Tahap-4
01/15/2025,13,40,24,13:40:24,-132,Tahap-4
01/15/2025,13,40,24,13:40:24,-48,Tahap-4
01/15/2025,13,40,24,13:40:24,-28,Tahap-4
01/15/2025,13,40,24,13:40:24,84,Tahap-4
01/15/2025,13,40,24,13:40:24,-168,Tahap-4
01/15/2025,13,40,24,13:40:24,40,Tahap-4
01/15/2025,13,40,25,13:40:25,-40,Tahap-4
01/15/2025,13,40,25,13:40:25,-44,Tahap-4
01/15/2025,13,40,25,13:40:25,-144,Tahap-4
01/15/2025,13,40,25,13:40:25,32,Tahap-4
01/15/2025,13,40,25,13:40:25,-92,Tahap-4
01/15/2025,13,40,25,13:40:25,-88,Tahap-4
01/15/2025,13,40,25,13:40:25,-28,Tahap-4
01/15/2025,13,40,25,13:40:25,-72,Tahap-4
01/15/2025,13,40,25,13:40:25,28,Tahap-4
01/15/2025,13,40,25,13:40:25,-108,Tahap-4
01/15/2025,13,40,26,13:40:26,-16,Tahap-4
01/15/2025,13,40,26,13:40:26,8,Tahap-4
01/15/2025,13,40,26,13:40:26,-116,Tahap-4
01/15/2025,13,40,26,13:40:26,4,Tahap-4
01/15/2025,13,40,26,13:40:26,-120,Tahap-4
01/15/2025,13,40,26,13:40:26,12,Tahap-4
01/15/2025,13,40,26,13:40:26,-208,Tahap-4
01/15/2025,13,40,26,13:40:26,-48,Tahap-4
01/15/2025,13,40,26,13:40:26,-140,Tahap-4
01/15/2025,13,40,26,13:40:26,52,Tahap-4
01/15/2025,13,40,27,13:40:27,-84,Tahap-4
01/15/2025,13,40,27,13:40:27,-96,Tahap-4
01/15/2025,13,40,27,13:40:27,40,Tahap-4
01/15/2025,13,40,27,13:40:27,-144,Tahap-4
01/15/2025,13,40,27,13:40:27,-100,Tahap-4
01/15/2025,13,40,27,13:40:27,-40,Tahap-4
01/15/2025,13,40,27,13:40:27,-100,Tahap-4
01/15/2025,13,40,27,13:40:27,-132,Tahap-4
01/15/2025,13,40,27,13:40:27,-100,Tahap-4
01/15/2025,13,40,27,13:40:27,-88,Tahap-4
01/15/2025,13,40,28,13:40:28,-140,Tahap-4
01/15/2025,13,40,28,13:40:28,88,Tahap-4
01/15/2025,13,40,28,13:40:28,-276,Tahap-4
01/15/2025,13,40,28,13:40:28,-4,Tahap-4
01/15/2025,13,40,28,13:40:28,-68,Tahap-4
01/15/2025,13,40,28,13:40:28,-160,Tahap-4
01/15/2025,13,40,28,13:40:28,-128,Tahap-4
01/15/2025,13,40,28,13:40:28,-20,Tahap-4
01/15/2025,13,40,28,13:40:28,-224,Tahap-4
01/15/2025,13,40,28,13:40:28,-116,Tahap-4
01/15/2025,13,40,29,13:40:29,-92,Tahap-4
01/15/2025,13,40,29,13:40:29,-148,Tahap-4
01/15/2025,13,40,29,13:40:29,12,Tahap-4
01/15/2025,13,40,29,13:40:29,-124,Tahap-4
01/15/2025,13,40,29,13:40:29,-216,Tahap-4
01/15/2025,13,40,29,13:40:29,52,Tahap-4
01/15/2025,13,40,29,13:40:29,-208,Tahap-4
01/15/2025,13,40,29,13:40:29,-136,Tahap-4
01/15/2025,13,40,29,13:40:29,-124,Tahap-4
01/15/2025,13,40,29,13:40:29,-36,Tahap-4
01/15/2025,13,40,30,13:40:30,-284,Tahap-4
01/15/2025,13,40,30,13:40:30,-60,Tahap-4
01/15/2025,13,40,30,13:40:30,-176,Tahap-4
01/15/2025,13,40,30,13:40:30,-24,Tahap-4
01/15/2025,13,40,54,13:40:54,3066,Tahap-4
01/15/2025,13,40,54,13:40:54,1364,Tahap-4
01/15/2025,13,40,55,13:40:55,974,Tahap-4
01/15/2025,13,40,55,13:40:55,815,Tahap-4
01/15/2025,13,40,55,13:40:55,611,Tahap-4
01/15/2025,13,40,55,13:40:55,617,Tahap-4
01/15/2025,13,40,55,13:40:55,407,Tahap-4
01/15/2025,13,40,55,13:40:55,352,Tahap-4
01/15/2025,13,40,55,13:40:55,383,Tahap-4
01/15/2025,13,40,55,13:40:55,322,Tahap-4
01/15/2025,13,40,55,13:40:55,193,Tahap-4
01/15/2025,13,40,55,13:40:55,244,Tahap-4
01/15/2025,13,40,56,13:40:56,330,Tahap-4
01/15/2025,13,40,56,13:40:56,260,Tahap-4
01/15/2025,13,40,56,13:40:56,246,Tahap-4
01/15/2025,13,40,56,13:40:56,291,Tahap-4
01/15/2025,13,40,56,13:40:56,208,Tahap-4
01/15/2025,13,40,56,13:40:56,116,Tahap-4
01/15/2025,13,40,56,13:40:56,249,Tahap-4
01/15/2025,13,40,56,13:40:56,293,Tahap-4
01/15/2025,13,40,56,13:40:56,170,Tahap-4
01/15/2025,13,40,56,13:40:56,357,Tahap-4
01/15/2025,13,40,57,13:40:57,524,Tahap-4
01/15/2025,13,40,57,13:40:57,283,Tahap-4
01/15/2025,13,40,57,13:40:57,154,Tahap-4
01/15/2025,13,40,57,13:40:57,117,Tahap-4
01/15/2025,13,40,57,13:40:57,170,Tahap-4
01/15/2025,13,40,57,13:40:57,202,Tahap-4
01/15/2025,13,40,57,13:40:57,237,Tahap-4
01/15/2025,13,40,57,13:40:57,169,Tahap-4
01/15/2025,13,40,57,13:40:57,53,Tahap-4
01/15/2025,13,40,57,13:40:57,120,Tahap-4
01/15/2025,13,40,58,13:40:58,90,Tahap-4
01/15/2025,13,40,58,13:40:58,321,Tahap-4
01/15/2025,13,40,58,13:40:58,60,Tahap-4
01/15/2025,13,40,58,13:40:58,128,Tahap-4
01/15/2025,13,40,58,13:40:58,109,Tahap-4
01/15/2025,13,40,58,13:40:58,98,Tahap-4
01/15/2025,13,40,58,13:40:58,125,Tahap-4
01/15/2025,13,40,58,13:40:58,135,Tahap-4
01/15/2025,13,40,58,13:40:58,214,Tahap-4
01/15/2025,13,40,58,13:40:58,191,Tahap-4
01/15/2025,13,40,59,13:40:59,100,Tahap-4
01/15/2025,13,40,59,13:40:59,220,Tahap-4
01/15/2025,13,40,59,13:40:59,71,Tahap-4
01/15/2025,13,40,59,13:40:59,138,Tahap-4
01/15/2025,13,40,59,13:40:59,122,Tahap-4
01/15/2025,13,40,59,13:40:59,107,Tahap-4
01/15/2025,13,40,59,13:40:59,79,Tahap-4
01/15/2025,13,40,59,13:40:59,94,Tahap-4
01/15/2025,13,40,59,13:40:59,117,Tahap-4
01/15/2025,13,40,59,13:40:59,83,Tahap-4
01/15/2025,13,41,1,13:41:01,158,Tahap-4
01/15/2025,13,41,1,13:41:01,98,Tahap-4
01/15/2025,13,41,1,13:41:01,119,Tahap-4
01/15/2025,13,41,1,13:41:01,192,Tahap-4
01/15/2025,13,41,1,13:41:01,858,Tahap-4
01/15/2025,13,41,1,13:41:01,50,Tahap-4
01/15/2025,13,41,1,13:41:01,93,Tahap-4
01/15/2025,13,41,1,13:41:01,721,Tahap-4
01/15/2025,13,41,1,13:41:01,216,Tahap-4
01/15/2025,13,41,1,13:41:01,121,Tahap-4
01/15/2025,13,41,2,13:41:02,299,Tahap-4
01/15/2025,13,41,2,13:41:02,201,Tahap-4
01/15/2025,13,41,2,13:41:02,276,Tahap-4
01/15/2025,13,41,2,13:41:02,186,Tahap-4
01/15/2025,13,41,2,13:41:02,81,Tahap-4
01/15/2025,13,41,2,13:41:02,292,Tahap-4
01/15/2025,13,41,2,13:41:02,170,Tahap-4
01/15/2025,13,41,2,13:41:02,220,Tahap-4
01/15/2025,13,41,2,13:41:02,105,Tahap-4
01/15/2025,13,41,2,13:41:02,44,Tahap-4
01/15/2025,13,41,3,13:41:03,161,Tahap-4
01/15/2025,13,41,3,13:41:03,349,Tahap-4
01/15/2025,13,41,3,13:41:03,894,Tahap-4
01/15/2025,13,41,3,13:41:03,275,Tahap-4
01/15/2025,13,41,3,13:41:03,198,Tahap-4
01/15/2025,13,41,3,13:41:03,213,Tahap-4
01/15/2025,13,41,3,13:41:03,112,Tahap-4
01/15/2025,13,41,3,13:41:03,1372,Tahap-4
01/15/2025,13,41,3,13:41:03,609,Tahap-4
01/15/2025,13,41,3,13:41:03,485,Tahap-4
01/15/2025,13,41,4,13:41:04,329,Tahap-4
01/15/2025,13,41,4,13:41:04,488,Tahap-4
01/15/2025,13,41,4,13:41:04,180,Tahap-4
01/15/2025,13,41,4,13:41:04,79,Tahap-4
01/15/2025,13,41,4,13:41:04,243,Tahap-4
01/15/2025,13,41,4,13:41:04,163,Tahap-4
01/15/2025,13,41,4,13:41:04,230,Tahap-4
01/15/2025,13,41,4,13:41:04,144,Tahap-4
01/15/2025,13,41,4,13:41:04,165,Tahap-4
01/15/2025,13,41,4,13:41:04,207,Tahap-4
01/15/2025,13,41,5,13:41:05,31,Tahap-4
01/15/2025,13,41,5,13:41:05,38,Tahap-4
01/15/2025,13,41,5,13:41:05,197,Tahap-4
01/15/2025,13,41,5,13:41:05,132,Tahap-4
01/15/2025,13,41,5,13:41:05,117,Tahap-4
01/15/2025,13,41,5,13:41:05,337,Tahap-4
01/15/2025,13,41,5,13:41:05,192,Tahap-4
01/15/2025,13,41,5,13:41:05,686,Tahap-4
01/15/2025,13,41,5,13:41:05,573,Tahap-4
01/15/2025,13,41,5,13:41:05,505,Tahap-4
01/15/2025,13,41,5,13:41:05,806,Tahap-4
01/15/2025,13,41,6,13:41:06,877,Tahap-4
01/15/2025,13,41,6,13:41:06,301,Tahap-4
01/15/2025,13,41,6,13:41:06,126,Tahap-4
01/15/2025,13,41,6,13:41:06,268,Tahap-4
01/15/2025,13,41,6,13:41:06,169,Tahap-4
01/15/2025,13,41,6,13:41:06,377,Tahap-4
01/15/2025,13,41,6,13:41:06,435,Tahap-4
01/15/2025,13,41,6,13:41:06,286,Tahap-4
01/15/2025,13,41,6,13:41:06,309,Tahap-4
01/15/2025,13,41,6,13:41:06,137,Tahap-4
01/15/2025,13,41,7,13:41:07,123,Tahap-4
01/15/2025,13,41,7,13:41:07,149,Tahap-4
01/15/2025,13,41,7,13:41:07,205,Tahap-4
01/15/2025,13,41,7,13:41:07,258,Tahap-4
01/15/2025,13,41,7,13:41:07,-48,Tahap-4
01/15/2025,13,41,7,13:41:07,-84,Tahap-4
01/15/2025,13,41,7,13:41:07,-12,Tahap-4
01/15/2025,13,41,7,13:41:07,-8,Tahap-4
01/15/2025,13,41,7,13:41:07,100,Tahap-4
01/15/2025,13,41,7,13:41:07,-116,Tahap-4
01/15/2025,13,41,8,13:41:08,48,Tahap-4
01/15/2025,13,41,8,13:41:08,24,Tahap-4
01/15/2025,13,41,8,13:41:08,-52,Tahap-4
01/15/2025,13,41,8,13:41:08,-44,Tahap-4
01/15/2025,13,41,8,13:41:08,24,Tahap-4
01/15/2025,13,41,8,13:41:08,-44,Tahap-4
01/15/2025,13,41,8,13:41:08,-36,Tahap-4
01/15/2025,13,41,8,13:41:08,-116,Tahap-4
01/15/2025,13,41,8,13:41:08,12,Tahap-4
01/15/2025,13,41,8,13:41:08,-48,Tahap-4
01/15/2025,13,41,9,13:41:09,-24,Tahap-4
01/15/2025,13,41,9,13:41:09,-36,Tahap-4
01/15/2025,13,41,9,13:41:09,60,Tahap-4
01/15/2025,13,41,9,13:41:09,-144,Tahap-4
01/15/2025,13,41,9,13:41:09,20,Tahap-4
01/15/2025,13,41,9,13:41:09,-72,Tahap-4
01/15/2025,13,41,9,13:41:09,-84,Tahap-4
01/15/2025,13,41,9,13:41:09,-124,Tahap-4
01/15/2025,13,41,9,13:41:09,-72,Tahap-4
01/15/2025,13,41,9,13:41:09,56,Tahap-4
01/15/2025,13,41,10,13:41:10,-124,Tahap-4
01/15/2025,13,41,10,13:41:10,68,Tahap-4
01/15/2025,13,41,10,13:41:10,-32,Tahap-4
01/15/2025,13,41,10,13:41:10,-140,Tahap-4
01/15/2025,13,41,10,13:41:10,28,Tahap-4
01/15/2025,13,41,10,13:41:10,-108,Tahap-4
01/15/2025,13,41,10,13:41:10,-40,Tahap-4
01/15/2025,13,41,10,13:41:10,-76,Tahap-4
01/15/2025,13,41,10,13:41:10,12,Tahap-4
01/15/2025,13,41,10,13:41:10,-176,Tahap-4
01/15/2025,13,41,11,13:41:11,-28,Tahap-4
01/15/2025,13,41,11,13:41:11,-76,Tahap-4
01/15/2025,13,41,11,13:41:11,-36,Tahap-4
01/15/2025,13,41,11,13:41:11,104,Tahap-4
01/15/2025,13,41,11,13:41:11,-180,Tahap-4
01/15/2025,13,41,11,13:41:11,-32,Tahap-4
01/15/2025,13,41,11,13:41:11,-8,Tahap-4
01/15/2025,13,41,11,13:41:11,-132,Tahap-4
01/15/2025,13,41,11,13:41:11,-60,Tahap-4
01/15/2025,13,41,11,13:41:11,-48,Tahap-4
01/15/2025,13,41,12,13:41:12,-108,Tahap-4
01/15/2025,13,41,12,13:41:12,-176,Tahap-4
01/15/2025,13,41,12,13:41:12,92,Tahap-4
01/15/2025,13,41,12,13:41:12,-140,Tahap-4
01/15/2025,13,41,12,13:41:12,60,Tahap-4
01/15/2025,13,41,12,13:41:12,-12,Tahap-4
01/15/2025,13,41,12,13:41:12,-160,Tahap-4
01/15/2025,13,41,12,13:41:12,40,Tahap-4
01/15/2025,13,41,12,13:41:12,-40,Tahap-4
01/15/2025,13,41,12,13:41:12,-100,Tahap-4
01/15/2025,13,41,13,13:41:13,-84,Tahap-4
01/15/2025,13,41,13,13:41:13,20,Tahap-4
01/15/2025,13,41,13,13:41:13,-220,Tahap-4
01/15/2025,13,41,13,13:41:13,-108,Tahap-4
01/15/2025,13,41,13,13:41:13,-52,Tahap-4
01/15/2025,13,41,13,13:41:13,-128,Tahap-4
01/15/2025,13,41,13,13:41:13,8,Tahap-4
01/15/2025,13,41,13,13:41:13,-164,Tahap-4
01/15/2025,13,41,13,13:41:13,-12,Tahap-4
01/15/2025,13,41,13,13:41:13,-144,Tahap-4
01/15/2025,13,41,14,13:41:14,-80,Tahap-4
01/15/2025,13,41,14,13:41:14,-144,Tahap-4
01/15/2025,13,41,14,13:41:14,-48,Tahap-4
01/15/2025,13,41,14,13:41:14,-76,Tahap-4
01/15/2025,13,41,14,13:41:14,-136,Tahap-4
01/15/2025,13,41,14,13:41:14,-64,Tahap-4
01/15/2025,13,41,14,13:41:14,-136,Tahap-4
01/15/2025,13,41,14,13:41:14,60,Tahap-4
01/15/2025,13,41,14,13:41:14,-236,Tahap-4
01/15/2025,13,41,14,13:41:14,-52,Tahap-4
01/15/2025,13,41,15,13:41:15,-44,Tahap-4
01/15/2025,13,41,15,13:41:15,-208,Tahap-4
01/15/2025,13,41,15,13:41:15,-56,Tahap-4
01/15/2025,13,41,15,13:41:15,-92,Tahap-4
01/15/2025,13,41,15,13:41:15,-60,Tahap-4
01/15/2025,13,41,15,13:41:15,-132,Tahap-4
01/15/2025,13,41,15,13:41:15,-44,Tahap-4
01/15/2025,13,41,15,13:41:15,-136,Tahap-4
01/15/2025,13,41,15,13:41:15,8,Tahap-4
01/15/2025,13,41,15,13:41:15,-92,Tahap-4
01/15/2025,13,41,16,13:41:16,-116,Tahap-4
01/15/2025,13,41,16,13:41:16,84,Tahap-4
01/15/2025,13,41,16,13:41:16,-96,Tahap-4
01/15/2025,13,41,16,13:41:16,-240,Tahap-4
01/15/2025,13,41,16,13:41:16,12,Tahap-4
01/15/2025,13,41,16,13:41:16,-140,Tahap-4
01/15/2025,13,41,16,13:41:16,-136,Tahap-4
01/15/2025,13,41,16,13:41:16,-56,Tahap-4
01/15/2025,13,41,16,13:41:16,-96,Tahap-4
01/15/2025,13,41,16,13:41:16,-36,Tahap-4
01/15/2025,13,41,17,13:41:17,-24,Tahap-4
01/15/2025,13,41,17,13:41:17,-168,Tahap-4
01/15/2025,13,41,17,13:41:17,32,Tahap-4
01/15/2025,13,41,17,13:41:17,-68,Tahap-4
01/15/2025,13,41,17,13:41:17,-168,Tahap-4
01/15/2025,13,41,18,13:41:18,-92,Tahap-4
01/15/2025,13,41,18,13:41:18,-32,Tahap-4
01/15/2025,13,41,18,13:41:18,-188,Tahap-4
01/15/2025,13,41,18,13:41:18,-40,Tahap-4
01/15/2025,13,41,18,13:41:18,-148,Tahap-4
01/15/2025,13,41,18,13:41:18,-16,Tahap-4
01/15/2025,13,41,18,13:41:18,-60,Tahap-4
01/15/2025,13,41,18,13:41:18,-188,Tahap-4
01/15/2025,13,41,18,13:41:18,-8,Tahap-4
01/15/2025,13,41,18,13:41:18,-76,Tahap-4
01/15/2025,13,41,18,13:41:18,-144,Tahap-4
01/15/2025,13,41,18,13:41:18,-124,Tahap-4
01/15/2025,13,41,18,13:41:18,-72,Tahap-4
01/15/2025,13,41,18,13:41:18,-172,Tahap-4
01/15/2025,13,41,18,13:41:18,-124,Tahap-4
01/15/2025,13,41,19,13:41:19,-132,Tahap-4
01/15/2025,13,41,19,13:41:19,-120,Tahap-4
01/15/2025,13,41,19,13:41:19,8,Tahap-4
01/15/2025,13,41,19,13:41:19,-292,Tahap-4
01/15/2025,13,41,19,13:41:19,-72,Tahap-4
01/15/2025,13,41,19,13:41:19,-156,Tahap-4
01/15/2025,13,41,19,13:41:19,-132,Tahap-4
01/15/2025,13,41,19,13:41:19,-56,Tahap-4
01/15/2025,13,41,19,13:41:19,-180,Tahap-4
01/15/2025,13,41,20,13:41:20,-184,Tahap-4
01/15/2025,13,41,20,13:41:20,-116,Tahap-4
01/15/2025,13,41,20,13:41:20,-240,Tahap-4
01/15/2025,13,41,44,13:41:44,1590,Tahap-4
01/15/2025,13,41,44,13:41:44,203,Tahap-4
01/15/2025,13,41,44,13:41:44,315,Tahap-4
01/15/2025,13,41,45,13:41:45,14,Tahap-4
01/15/2025,13,41,45,13:41:45,36,Tahap-4
01/15/2025,13,41,45,13:41:45,71,Tahap-4
01/15/2025,13,41,45,13:41:45,51,Tahap-4
01/15/2025,13,41,45,13:41:45,95,Tahap-4
01/15/2025,13,41,45,13:41:45,31,Tahap-4
01/15/2025,13,41,45,13:41:45,88,Tahap-4
01/15/2025,13,41,45,13:41:45,30,Tahap-4
01/15/2025,13,41,45,13:41:45,83,Tahap-4
01/15/2025,13,41,45,13:41:45,25,Tahap-4
01/15/2025,13,41,46,13:41:46,28,Tahap-4
01/15/2025,13,41,46,13:41:46,29,Tahap-4
01/15/2025,13,41,46,13:41:46,68,Tahap-4
01/15/2025,13,41,46,13:41:46,18,Tahap-4
01/15/2025,13,41,46,13:41:46,150,Tahap-4
01/15/2025,13,41,46,13:41:46,120,Tahap-4
01/15/2025,13,41,46,13:41:46,60,Tahap-4
01/15/2025,13,41,46,13:41:46,42,Tahap-4
01/15/2025,13,41,46,13:41:46,136,Tahap-4
01/15/2025,13,41,46,13:41:46,504,Tahap-4
01/15/2025,13,41,47,13:41:47,201,Tahap-4
01/15/2025,13,41,47,13:41:47,88,Tahap-4
01/15/2025,13,41,47,13:41:47,94,Tahap-4
01/15/2025,13,41,47,13:41:47,6,Tahap-4
01/15/2025,13,41,47,13:41:47,110,Tahap-4
01/15/2025,13,41,47,13:41:47,52,Tahap-4
01/15/2025,13,41,48,13:41:48,157,Tahap-4
01/15/2025,13,41,48,13:41:48,95,Tahap-4
01/15/2025,13,41,48,13:41:48,90,Tahap-4
01/15/2025,13,41,48,13:41:48,62,Tahap-4
01/15/2025,13,41,48,13:41:48,74,Tahap-4
01/15/2025,13,41,48,13:41:48,67,Tahap-4
01/15/2025,13,41,48,13:41:48,110,Tahap-4
01/15/2025,13,41,48,13:41:48,71,Tahap-4
01/15/2025,13,41,48,13:41:48,116,Tahap-4
01/15/2025,13,41,48,13:41:48,46,Tahap-4
01/15/2025,13,41,48,13:41:48,98,Tahap-4
01/15/2025,13,41,48,13:41:48,77,Tahap-4
01/15/2025,13,41,48,13:41:48,173,Tahap-4
01/15/2025,13,41,48,13:41:48,98,Tahap-4
01/15/2025,13,41,49,13:41:49,85,Tahap-4
01/15/2025,13,41,49,13:41:49,365,Tahap-4
01/15/2025,13,41,49,13:41:49,215,Tahap-4
01/15/2025,13,41,49,13:41:49,37,Tahap-4
01/15/2025,13,41,49,13:41:49,30,Tahap-4
01/15/2025,13,41,49,13:41:49,51,Tahap-4
01/15/2025,13,41,49,13:41:49,16,Tahap-4
01/15/2025,13,41,49,13:41:49,65,Tahap-4
01/15/2025,13,41,49,13:41:49,31,Tahap-4
01/15/2025,13,41,49,13:41:49,15,Tahap-4
01/15/2025,13,41,50,13:41:50,83,Tahap-4
01/15/2025,13,41,50,13:41:50,47,Tahap-4
01/15/2025,13,41,50,13:41:50,84,Tahap-4
01/15/2025,13,41,50,13:41:50,83,Tahap-4
01/15/2025,13,41,50,13:41:50,20,Tahap-4
01/15/2025,13,41,50,13:41:50,110,Tahap-4
01/15/2025,13,41,50,13:41:50,166,Tahap-4
01/15/2025,13,41,50,13:41:50,145,Tahap-4
01/15/2025,13,41,50,13:41:50,96,Tahap-4
01/15/2025,13,41,50,13:41:50,33,Tahap-4
01/15/2025,13,41,51,13:41:51,188,Tahap-4
01/15/2025,13,41,51,13:41:51,40,Tahap-4
01/15/2025,13,41,51,13:41:51,323,Tahap-4
01/15/2025,13,41,51,13:41:51,430,Tahap-4
01/15/2025,13,41,51,13:41:51,1022,Tahap-4
01/15/2025,13,41,51,13:41:51,112,Tahap-4
01/15/2025,13,41,51,13:41:51,167,Tahap-4
01/15/2025,13,41,51,13:41:51,137,Tahap-4
01/15/2025,13,41,51,13:41:51,228,Tahap-4
01/15/2025,13,41,51,13:41:51,211,Tahap-4
01/15/2025,13,41,52,13:41:52,180,Tahap-4
01/15/2025,13,41,52,13:41:52,57,Tahap-4
01/15/2025,13,41,52,13:41:52,115,Tahap-4
01/15/2025,13,41,52,13:41:52,87,Tahap-4
01/15/2025,13,41,52,13:41:52,279,Tahap-4
01/15/2025,13,41,52,13:41:52,125,Tahap-4
01/15/2025,13,41,52,13:41:52,60,Tahap-4
01/15/2025,13,41,52,13:41:52,107,Tahap-4
01/15/2025,13,41,52,13:41:52,114,Tahap-4
01/15/2025,13,41,52,13:41:52,99,Tahap-4
01/15/2025,13,41,53,13:41:53,289,Tahap-4
01/15/2025,13,41,53,13:41:53,882,Tahap-4
01/15/2025,13,41,53,13:41:53,128,Tahap-4
01/15/2025,13,41,53,13:41:53,331,Tahap-4
01/15/2025,13,41,53,13:41:53,302,Tahap-4
01/15/2025,13,41,53,13:41:53,380,Tahap-4
01/15/2025,13,41,53,13:41:53,1601,Tahap-4
01/15/2025,13,41,53,13:41:53,789,Tahap-4
01/15/2025,13,41,53,13:41:53,144,Tahap-4
01/15/2025,13,41,53,13:41:53,349,Tahap-4
01/15/2025,13,41,54,13:41:54,33,Tahap-4
01/15/2025,13,41,54,13:41:54,57,Tahap-4
01/15/2025,13,41,54,13:41:54,171,Tahap-4
01/15/2025,13,41,54,13:41:54,55,Tahap-4
01/15/2025,13,41,54,13:41:54,96,Tahap-4
01/15/2025,13,41,54,13:41:54,98,Tahap-4
01/15/2025,13,41,54,13:41:54,118,Tahap-4
01/15/2025,13,41,54,13:41:54,194,Tahap-4
01/15/2025,13,41,54,13:41:54,281,Tahap-4
01/15/2025,13,41,54,13:41:54,165,Tahap-4
01/15/2025,13,41,55,13:41:55,76,Tahap-4
01/15/2025,13,41,55,13:41:55,161,Tahap-4
01/15/2025,13,41,55,13:41:55,137,Tahap-4
01/15/2025,13,41,55,13:41:55,64,Tahap-4
01/15/2025,13,41,55,13:41:55,173,Tahap-4
01/15/2025,13,41,55,13:41:55,342,Tahap-4
01/15/2025,13,41,55,13:41:55,418,Tahap-4
01/15/2025,13,41,55,13:41:55,506,Tahap-4
01/15/2025,13,41,55,13:41:55,182,Tahap-4
01/15/2025,13,41,55,13:41:55,1435,Tahap-4
01/15/2025,13,41,56,13:41:56,41,Tahap-4
01/15/2025,13,41,56,13:41:56,239,Tahap-4
01/15/2025,13,41,56,13:41:56,126,Tahap-4
01/15/2025,13,41,56,13:41:56,118,Tahap-4
01/15/2025,13,41,56,13:41:56,69,Tahap-4
01/15/2025,13,41,56,13:41:56,176,Tahap-4
01/15/2025,13,41,56,13:41:56,57,Tahap-4
01/15/2025,13,41,56,13:41:56,283,Tahap-4
01/15/2025,13,41,56,13:41:56,173,Tahap-4
01/15/2025,13,41,56,13:41:56,156,Tahap-4
01/15/2025,13,41,56,13:41:56,75,Tahap-4
01/15/2025,13,41,57,13:41:57,228,Tahap-4
01/15/2025,13,41,57,13:41:57,130,Tahap-4
01/15/2025,13,41,57,13:41:57,285,Tahap-4
01/15/2025,13,41,57,13:41:57,32,Tahap-4
01/15/2025,13,41,57,13:41:57,-32,Tahap-4
01/15/2025,13,41,57,13:41:57,-160,Tahap-4
01/15/2025,13,41,57,13:41:57,-104,Tahap-4
01/15/2025,13,41,57,13:41:57,-216,Tahap-4
01/15/2025,13,41,57,13:41:57,8,Tahap-4
01/15/2025,13,41,57,13:41:57,96,Tahap-4
01/15/2025,13,41,58,13:41:58,-440,Tahap-4
01/15/2025,13,41,58,13:41:58,248,Tahap-4
01/15/2025,13,41,58,13:41:58,-64,Tahap-4
01/15/2025,13,41,58,13:41:58,-160,Tahap-4
01/15/2025,13,41,58,13:41:58,-16,Tahap-4
01/15/2025,13,41,58,13:41:58,72,Tahap-4
01/15/2025,13,41,58,13:41:58,-216,Tahap-4
01/15/2025,13,41,58,13:41:58,8,Tahap-4
01/15/2025,13,41,58,13:41:58,-176,Tahap-4
01/15/2025,13,41,58,13:41:58,-72,Tahap-4
01/15/2025,13,41,59,13:41:59,192,Tahap-4
01/15/2025,13,41,59,13:41:59,-176,Tahap-4
01/15/2025,13,41,59,13:41:59,-24,Tahap-4
01/15/2025,13,41,59,13:41:59,232,Tahap-4
01/15/2025,13,41,59,13:41:59,-208,Tahap-4
01/15/2025,13,41,59,13:41:59,-136,Tahap-4
01/15/2025,13,41,59,13:41:59,176,Tahap-4
01/15/2025,13,41,59,13:41:59,-72,Tahap-4
01/15/2025,13,41,59,13:41:59,-128,Tahap-4
01/15/2025,13,41,59,13:41:59,88,Tahap-4
01/15/2025,13,42,1,13:42:01,64,Tahap-4
01/15/2025,13,42,1,13:42:01,88,Tahap-4
01/15/2025,13,42,1,13:42:01,-120,Tahap-4
01/15/2025,13,42,1,13:42:01,320,Tahap-4
01/15/2025,13,42,1,13:42:01,-264,Tahap-4
01/15/2025,13,42,1,13:42:01,200,Tahap-4
01/15/2025,13,42,1,13:42:01,40,Tahap-4
01/15/2025,13,42,1,13:42:01,40,Tahap-4
01/15/2025,13,42,1,13:42:01,-96,Tahap-4
01/15/2025,13,42,1,13:42:01,192,Tahap-4
01/15/2025,13,42,2,13:42:02,-56,Tahap-4
01/15/2025,13,42,2,13:42:02,-144,Tahap-4
01/15/2025,13,42,2,13:42:02,184,Tahap-4
01/15/2025,13,42,2,13:42:02,-32,Tahap-4
01/15/2025,13,42,2,13:42:02,296,Tahap-4
01/15/2025,13,42,2,13:42:02,-88,Tahap-4
01/15/2025,13,42,2,13:42:02,64,Tahap-4
01/15/2025,13,42,2,13:42:02,80,Tahap-4
01/15/2025,13,42,2,13:42:02,-56,Tahap-4
01/15/2025,13,42,2,13:42:02,152,Tahap-4
01/15/2025,13,42,3,13:42:03,32,Tahap-4
01/15/2025,13,42,3,13:42:03,120,Tahap-4
01/15/2025,13,42,3,13:42:03,-144,Tahap-4
01/15/2025,13,42,3,13:42:03,128,Tahap-4
01/15/2025,13,42,3,13:42:03,-136,Tahap-4
01/15/2025,13,42,3,13:42:03,368,Tahap-4
01/15/2025,13,42,3,13:42:03,16,Tahap-4
01/15/2025,13,42,3,13:42:03,-72,Tahap-4
01/15/2025,13,42,3,13:42:03,360,Tahap-4
01/15/2025,13,42,3,13:42:03,-88,Tahap-4
01/15/2025,13,42,4,13:42:04,-16,Tahap-4
01/15/2025,13,42,4,13:42:04,216,Tahap-4
01/15/2025,13,42,4,13:42:04,152,Tahap-4
01/15/2025,13,42,4,13:42:04,-88,Tahap-4
01/15/2025,13,42,4,13:42:04,96,Tahap-4
01/15/2025,13,42,4,13:42:04,56,Tahap-4
01/15/2025,13,42,4,13:42:04,72,Tahap-4
01/15/2025,13,42,4,13:42:04,448,Tahap-4
01/15/2025,13,42,4,13:42:04,-280,Tahap-4
01/15/2025,13,42,4,13:42:04,384,Tahap-4
01/15/2025,13,42,5,13:42:05,128,Tahap-4
01/15/2025,13,42,5,13:42:05,-96,Tahap-4
01/15/2025,13,42,5,13:42:05,40,Tahap-4
01/15/2025,13,42,5,13:42:05,288,Tahap-4
01/15/2025,13,42,5,13:42:05,-88,Tahap-4
01/15/2025,13,42,5,13:42:05,-24,Tahap-4
01/15/2025,13,42,5,13:42:05,192,Tahap-4
01/15/2025,13,42,5,13:42:05,-8,Tahap-4
01/15/2025,13,42,5,13:42:05,352,Tahap-4
01/15/2025,13,42,5,13:42:05,16,Tahap-4
01/15/2025,13,42,6,13:42:06,32,Tahap-4
01/15/2025,13,42,6,13:42:06,240,Tahap-4
01/15/2025,13,42,6,13:42:06,-32,Tahap-4
01/15/2025,13,42,6,13:42:06,32,Tahap-4
01/15/2025,13,42,6,13:42:06,224,Tahap-4
01/15/2025,13,42,6,13:42:06,168,Tahap-4
01/15/2025,13,42,6,13:42:06,-104,Tahap-4
01/15/2025,13,42,6,13:42:06,176,Tahap-4
01/15/2025,13,42,6,13:42:06,-24,Tahap-4
01/15/2025,13,42,6,13:42:06,312,Tahap-4
01/15/2025,13,42,7,13:42:07,40,Tahap-4
01/15/2025,13,42,7,13:42:07,96,Tahap-4
01/15/2025,13,42,7,13:42:07,336,Tahap-4
01/15/2025,13,42,7,13:42:07,56,Tahap-4
01/15/2025,13,42,7,13:42:07,128,Tahap-4
01/15/2025,13,42,7,13:42:07,168,Tahap-4
01/15/2025,13,42,7,13:42:07,200,Tahap-4
01/15/2025,13,42,7,13:42:07,16,Tahap-4
01/15/2025,13,42,7,13:42:07,104,Tahap-4
01/15/2025,13,42,7,13:42:07,56,Tahap-4
01/15/2025,13,42,8,13:42:08,248,Tahap-4
01/15/2025,13,42,8,13:42:08,264,Tahap-4
01/15/2025,13,42,8,13:42:08,-136,Tahap-4
01/15/2025,13,42,8,13:42:08,416,Tahap-4
01/15/2025,13,42,8,13:42:08,64,Tahap-4
01/15/2025,13,42,8,13:42:08,-80,Tahap-4
01/15/2025,13,42,8,13:42:08,216,Tahap-4
01/15/2025,13,42,8,13:42:08,208,Tahap-4
01/15/2025,13,42,8,13:42:08,24,Tahap-4
01/15/2025,13,42,8,13:42:08,104,Tahap-4
01/15/2025,13,42,9,13:42:09,200,Tahap-4
01/15/2025,13,42,9,13:42:09,48,Tahap-4
01/15/2025,13,42,9,13:42:09,384,Tahap-4
01/15/2025,13,42,9,13:42:09,-112,Tahap-4
01/15/2025,13,42,9,13:42:09,200,Tahap-4
01/15/2025,13,42,9,13:42:09,216,Tahap-4
01/15/2025,13,42,9,13:42:09,-128,Tahap-4
01/15/2025,13,42,9,13:42:09,56,Tahap-4
01/15/2025,13,42,9,13:42:09,272,Tahap-4
01/15/2025,13,42,9,13:42:09,24,Tahap-4
01/15/2025,13,42,10,13:42:10,-72,Tahap-4
01/15/2025,13,42,10,13:42:10,176,Tahap-4
01/15/2025,13,42,34,13:42:34,8335,Tahap-4
01/15/2025,13,42,34,13:42:34,773,Tahap-4
01/15/2025,13,42,34,13:42:34,725,Tahap-4
01/15/2025,13,42,34,13:42:34,286,Tahap-4
01/15/2025,13,42,35,13:42:35,559,Tahap-4
01/15/2025,13,42,35,13:42:35,991,Tahap-4
01/15/2025,13,42,35,13:42:35,115,Tahap-4
01/15/2025,13,42,35,13:42:35,443,Tahap-4
01/15/2025,13,42,35,13:42:35,238,Tahap-4
01/15/2025,13,42,35,13:42:35,224,Tahap-4
01/15/2025,13,42,35,13:42:35,384,Tahap-4
01/15/2025,13,42,35,13:42:35,331,Tahap-4
01/15/2025,13,42,35,13:42:35,545,Tahap-4
01/15/2025,13,42,35,13:42:35,128,Tahap-4
01/15/2025,13,42,36,13:42:36,326,Tahap-4
01/15/2025,13,42,36,13:42:36,215,Tahap-4
01/15/2025,13,42,36,13:42:36,197,Tahap-4
01/15/2025,13,42,36,13:42:36,354,Tahap-4
01/15/2025,13,42,36,13:42:36,391,Tahap-4
01/15/2025,13,42,36,13:42:36,219,Tahap-4
01/15/2025,13,42,36,13:42:36,233,Tahap-4
01/15/2025,13,42,36,13:42:36,154,Tahap-4
01/15/2025,13,42,36,13:42:36,135,Tahap-4
01/15/2025,13,42,36,13:42:36,435,Tahap-4
01/15/2025,13,42,37,13:42:37,339,Tahap-4
01/15/2025,13,42,37,13:42:37,345,Tahap-4
01/15/2025,13,42,37,13:42:37,220,Tahap-4
01/15/2025,13,42,37,13:42:37,267,Tahap-4
01/15/2025,13,42,37,13:42:37,287,Tahap-4
01/15/2025,13,42,37,13:42:37,308,Tahap-4
01/15/2025,13,42,37,13:42:37,290,Tahap-4
01/15/2025,13,42,37,13:42:37,307,Tahap-4
01/15/2025,13,42,37,13:42:37,254,Tahap-4
01/15/2025,13,42,37,13:42:37,285,Tahap-4
01/15/2025,13,42,38,13:42:38,220,Tahap-4
01/15/2025,13,42,38,13:42:38,305,Tahap-4
01/15/2025,13,42,38,13:42:38,204,Tahap-4
01/15/2025,13,42,38,13:42:38,212,Tahap-4
01/15/2025,13,42,38,13:42:38,231,Tahap-4
01/15/2025,13,42,38,13:42:38,303,Tahap-4
01/15/2025,13,42,38,13:42:38,206,Tahap-4
01/15/2025,13,42,38,13:42:38,298,Tahap-4
01/15/2025,13,42,38,13:42:38,309,Tahap-4
01/15/2025,13,42,38,13:42:38,415,Tahap-4
01/15/2025,13,42,39,13:42:39,266,Tahap-4
01/15/2025,13,42,39,13:42:39,214,Tahap-4
01/15/2025,13,42,39,13:42:39,272,Tahap-4
01/15/2025,13,42,39,13:42:39,248,Tahap-4
01/15/2025,13,42,39,13:42:39,239,Tahap-4
01/15/2025,13,42,39,13:42:39,253,Tahap-4
01/15/2025,13,42,39,13:42:39,267,Tahap-4
01/15/2025,13,42,39,13:42:39,275,Tahap-4
01/15/2025,13,42,39,13:42:39,221,Tahap-4
01/15/2025,13,42,39,13:42:39,298,Tahap-4
01/15/2025,13,42,40,13:42:40,292,Tahap-4
01/15/2025,13,42,40,13:42:40,275,Tahap-4
01/15/2025,13,42,40,13:42:40,266,Tahap-4
01/15/2025,13,42,40,13:42:40,264,Tahap-4
01/15/2025,13,42,40,13:42:40,243,Tahap-4
01/15/2025,13,42,40,13:42:40,249,Tahap-4
01/15/2025,13,42,40,13:42:40,338,Tahap-4
01/15/2025,13,42,40,13:42:40,331,Tahap-4
01/15/2025,13,42,40,13:42:40,277,Tahap-4
01/15/2025,13,42,40,13:42:40,270,Tahap-4
01/15/2025,13,42,41,13:42:41,262,Tahap-4
01/15/2025,13,42,41,13:42:41,343,Tahap-4
01/15/2025,13,42,41,13:42:41,690,Tahap-4
01/15/2025,13,42,41,13:42:41,7,Tahap-4
01/15/2025,13,42,41,13:42:41,98,Tahap-4
01/15/2025,13,42,41,13:42:41,200,Tahap-4
01/15/2025,13,42,41,13:42:41,131,Tahap-4
01/15/2025,13,42,41,13:42:41,180,Tahap-4
01/15/2025,13,42,41,13:42:41,243,Tahap-4
01/15/2025,13,42,41,13:42:41,231,Tahap-4
01/15/2025,13,42,42,13:42:42,229,Tahap-4
01/15/2025,13,42,42,13:42:42,288,Tahap-4
01/15/2025,13,42,42,13:42:42,258,Tahap-4
01/15/2025,13,42,42,13:42:42,216,Tahap-4
01/15/2025,13,42,42,13:42:42,264,Tahap-4
01/15/2025,13,42,42,13:42:42,247,Tahap-4
01/15/2025,13,42,42,13:42:42,218,Tahap-4
01/15/2025,13,42,42,13:42:42,255,Tahap-4
01/15/2025,13,42,42,13:42:42,322,Tahap-4
01/15/2025,13,42,42,13:42:42,305,Tahap-4
01/15/2025,13,42,43,13:42:43,476,Tahap-4
01/15/2025,13,42,43,13:42:43,74,Tahap-4
01/15/2025,13,42,43,13:42:43,311,Tahap-4
01/15/2025,13,42,43,13:42:43,337,Tahap-4
01/15/2025,13,42,43,13:42:43,343,Tahap-4
01/15/2025,13,42,43,13:42:43,217,Tahap-4
01/15/2025,13,42,43,13:42:43,851,Tahap-4
01/15/2025,13,42,43,13:42:43,426,Tahap-4
01/15/2025,13,42,43,13:42:43,216,Tahap-4
01/15/2025,13,42,43,13:42:43,270,Tahap-4
01/15/2025,13,42,44,13:42:44,298,Tahap-4
01/15/2025,13,42,44,13:42:44,271,Tahap-4
01/15/2025,13,42,44,13:42:44,187,Tahap-4
01/15/2025,13,42,44,13:42:44,234,Tahap-4
01/15/2025,13,42,44,13:42:44,196,Tahap-4
01/15/2025,13,42,44,13:42:44,265,Tahap-4
01/15/2025,13,42,44,13:42:44,215,Tahap-4
01/15/2025,13,42,44,13:42:44,317,Tahap-4
01/15/2025,13,42,44,13:42:44,225,Tahap-4
01/15/2025,13,42,44,13:42:44,181,Tahap-4
01/15/2025,13,42,45,13:42:45,232,Tahap-4
01/15/2025,13,42,45,13:42:45,216,Tahap-4
01/15/2025,13,42,45,13:42:45,210,Tahap-4
01/15/2025,13,42,45,13:42:45,50,Tahap-4
01/15/2025,13,42,45,13:42:45,442,Tahap-4
01/15/2025,13,42,45,13:42:45,278,Tahap-4
01/15/2025,13,42,45,13:42:45,408,Tahap-4
01/15/2025,13,42,45,13:42:45,384,Tahap-4
01/15/2025,13,42,45,13:42:45,546,Tahap-4
01/15/2025,13,42,45,13:42:45,185,Tahap-4
01/15/2025,13,42,46,13:42:46,239,Tahap-4
01/15/2025,13,42,46,13:42:46,202,Tahap-4
01/15/2025,13,42,46,13:42:46,244,Tahap-4
01/15/2025,13,42,46,13:42:46,326,Tahap-4
01/15/2025,13,42,46,13:42:46,188,Tahap-4
01/15/2025,13,42,46,13:42:46,228,Tahap-4
01/15/2025,13,42,46,13:42:46,203,Tahap-4
01/15/2025,13,42,46,13:42:46,336,Tahap-4
01/15/2025,13,42,46,13:42:46,153,Tahap-4
01/15/2025,13,42,46,13:42:46,299,Tahap-4
01/15/2025,13,42,47,13:42:47,172,Tahap-4
01/15/2025,13,42,47,13:42:47,224,Tahap-4
01/15/2025,13,42,47,13:42:47,182,Tahap-4
01/15/2025,13,42,47,13:42:47,176,Tahap-4
01/15/2025,13,42,47,13:42:47,124,Tahap-4
01/15/2025,13,42,47,13:42:47,154,Tahap-4
01/15/2025,13,42,48,13:42:48,137,Tahap-4
01/15/2025,13,42,48,13:42:48,107,Tahap-4
01/15/2025,13,42,48,13:42:48,130,Tahap-4
01/15/2025,13,42,48,13:42:48,142,Tahap-4
01/15/2025,13,42,48,13:42:48,123,Tahap-4
01/15/2025,13,42,48,13:42:48,156,Tahap-4
01/15/2025,13,42,48,13:42:48,141,Tahap-4
01/15/2025,13,42,48,13:42:48,132,Tahap-4
01/15/2025,13,42,48,13:42:48,157,Tahap-4
01/15/2025,13,42,48,13:42:48,156,Tahap-4
01/15/2025,13,42,48,13:42:48,103,Tahap-4
01/15/2025,13,42,48,13:42:48,164,Tahap-4
01/15/2025,13,42,48,13:42:48,106,Tahap-4
01/15/2025,13,42,48,13:42:48,108,Tahap-4
01/15/2025,13,42,49,13:42:49,125,Tahap-4
01/15/2025,13,42,49,13:42:49,96,Tahap-4
01/15/2025,13,42,49,13:42:49,107,Tahap-4
01/15/2025,13,42,49,13:42:49,105,Tahap-4
01/15/2025,13,42,49,13:42:49,68,Tahap-4
01/15/2025,13,42,49,13:42:49,116,Tahap-4
01/15/2025,13,42,49,13:42:49,84,Tahap-4
01/15/2025,13,42,49,13:42:49,95,Tahap-4
01/15/2025,13,42,49,13:42:49,62,Tahap-4
01/15/2025,13,42,49,13:42:49,113,Tahap-4
01/15/2025,13,42,49,13:42:49,39,Tahap-4
01/15/2025,13,42,50,13:42:50,90,Tahap-4
01/15/2025,13,42,50,13:42:50,85,Tahap-4
01/15/2025,13,42,50,13:42:50,81,Tahap-4
01/15/2025,13,42,50,13:42:50,117,Tahap-4
01/15/2025,13,42,50,13:42:50,62,Tahap-4
01/15/2025,13,42,50,13:42:50,108,Tahap-4
01/15/2025,13,42,50,13:42:50,96,Tahap-4
01/15/2025,13,42,50,13:42:50,91,Tahap-4
01/15/2025,13,42,50,13:42:50,98,Tahap-4
01/15/2025,13,42,50,13:42:50,99,Tahap-4
01/15/2025,13,42,51,13:42:51,107,Tahap-4
01/15/2025,13,42,51,13:42:51,66,Tahap-4
01/15/2025,13,42,51,13:42:51,122,Tahap-4
01/15/2025,13,42,51,13:42:51,66,Tahap-4
01/15/2025,13,42,51,13:42:51,140,Tahap-4
01/15/2025,13,42,51,13:42:51,60,Tahap-4
01/15/2025,13,42,51,13:42:51,98,Tahap-4
01/15/2025,13,42,51,13:42:51,114,Tahap-4
01/15/2025,13,42,51,13:42:51,70,Tahap-4
01/15/2025,13,42,51,13:42:51,83,Tahap-4
01/15/2025,13,42,52,13:42:52,82,Tahap-4
01/15/2025,13,42,52,13:42:52,83,Tahap-4
01/15/2025,13,42,52,13:42:52,39,Tahap-4
01/15/2025,13,42,52,13:42:52,69,Tahap-4
01/15/2025,13,42,52,13:42:52,40,Tahap-4
01/15/2025,13,42,52,13:42:52,58,Tahap-4
01/15/2025,13,42,52,13:42:52,58,Tahap-4
01/15/2025,13,42,52,13:42:52,-12,Tahap-4
01/15/2025,13,42,52,13:42:52,62,Tahap-4
01/15/2025,13,42,52,13:42:52,-2,Tahap-4
01/15/2025,13,42,53,13:42:53,-3,Tahap-4
01/15/2025,13,42,53,13:42:53,17,Tahap-4
01/15/2025,13,42,53,13:42:53,3,Tahap-4
01/15/2025,13,42,53,13:42:53,-34,Tahap-4
01/15/2025,13,42,53,13:42:53,-13,Tahap-4
01/15/2025,13,42,53,13:42:53,-25,Tahap-4
01/15/2025,13,42,53,13:42:53,-16,Tahap-4
01/15/2025,13,42,53,13:42:53,15,Tahap-4
01/15/2025,13,42,53,13:42:53,-41,Tahap-4
01/15/2025,13,42,53,13:42:53,-11,Tahap-4
01/15/2025,13,42,54,13:42:54,14,Tahap-4
01/15/2025,13,42,54,13:42:54,-48,Tahap-4
01/15/2025,13,42,54,13:42:54,-17,Tahap-4
01/15/2025,13,42,54,13:42:54,-12,Tahap-4
01/15/2025,13,42,54,13:42:54,-23,Tahap-4
01/15/2025,13,42,54,13:42:54,-59,Tahap-4
01/15/2025,13,42,54,13:42:54,-18,Tahap-4
01/15/2025,13,42,54,13:42:54,-55,Tahap-4
01/15/2025,13,42,54,13:42:54,-1,Tahap-4
01/15/2025,13,42,54,13:42:54,-47,Tahap-4
01/15/2025,13,42,55,13:42:55,-53,Tahap-4
01/15/2025,13,42,55,13:42:55,-41,Tahap-4
01/15/2025,13,42,55,13:42:55,-51,Tahap-4
01/15/2025,13,42,55,13:42:55,-80,Tahap-4
01/15/2025,13,42,55,13:42:55,-52,Tahap-4
01/15/2025,13,42,55,13:42:55,-42,Tahap-4
01/15/2025,13,42,55,13:42:55,-86,Tahap-4
01/15/2025,13,42,55,13:42:55,-57,Tahap-4
01/15/2025,13,42,55,13:42:55,-66,Tahap-4
01/15/2025,13,42,55,13:42:55,-41,Tahap-4
01/15/2025,13,42,56,13:42:56,-35,Tahap-4
01/15/2025,13,42,56,13:42:56,-94,Tahap-4
01/15/2025,13,42,56,13:42:56,-48,Tahap-4
01/15/2025,13,42,56,13:42:56,-90,Tahap-4
01/15/2025,13,42,56,13:42:56,-98,Tahap-4
01/15/2025,13,42,56,13:42:56,-119,Tahap-4
01/15/2025,13,42,56,13:42:56,-94,Tahap-4
01/15/2025,13,42,56,13:42:56,-127,Tahap-4
01/15/2025,13,42,56,13:42:56,-117,Tahap-4
01/15/2025,13,42,56,13:42:56,-124,Tahap-4
01/15/2025,13,42,57,13:42:57,-128,Tahap-4
01/15/2025,13,42,57,13:42:57,-95,Tahap-4
01/15/2025,13,42,57,13:42:57,-156,Tahap-4
01/15/2025,13,42,57,13:42:57,-132,Tahap-4
01/15/2025,13,42,57,13:42:57,-112,Tahap-4
01/15/2025,13,42,57,13:42:57,-172,Tahap-4
01/15/2025,13,42,57,13:42:57,-131,Tahap-4
01/15/2025,13,42,57,13:42:57,-132,Tahap-4
01/15/2025,13,42,57,13:42:57,-137,Tahap-4
01/15/2025,13,42,57,13:42:57,-157,Tahap-4
01/15/2025,13,42,58,13:42:58,-128,Tahap-4
01/15/2025,13,42,58,13:42:58,-160,Tahap-4
01/15/2025,13,42,58,13:42:58,-106,Tahap-4
01/15/2025,13,42,58,13:42:58,-146,Tahap-4
01/15/2025,13,42,58,13:42:58,-149,Tahap-4
01/15/2025,13,42,58,13:42:58,-108,Tahap-4
01/15/2025,13,42,58,13:42:58,-156,Tahap-4
01/15/2025,13,42,58,13:42:58,-162,Tahap-4
01/15/2025,13,42,58,13:42:58,-131,Tahap-4
01/15/2025,13,42,58,13:42:58,-151,Tahap-4
01/15/2025,13,42,59,13:42:59,-167,Tahap-4
01/15/2025,13,42,59,13:42:59,-151,Tahap-4
01/15/2025,13,42,59,13:42:59,-171,Tahap-4
01/15/2025,13,42,59,13:42:59,-160,Tahap-4
01/15/2025,13,42,59,13:42:59,-167,Tahap-4
01/15/2025,13,42,59,13:42:59,-205,Tahap-4
01/15/2025,13,42,59,13:42:59,-162,Tahap-4
01/15/2025,13,42,59,13:42:59,-187,Tahap-4
01/15/2025,13,42,59,13:42:59,-186,Tahap-4
01/15/2025,13,42,59,13:42:59,-192,Tahap-4
01/15/2025,13,43,24,13:43:24,4719,Tahap-4
01/15/2025,13,43,24,13:43:24,1204,Tahap-4
01/15/2025,13,43,24,13:43:24,763,Tahap-4
01/15/2025,13,43,24,13:43:24,1049,Tahap-4
01/15/2025,13,43,24,13:43:24,480,Tahap-4
01/15/2025,13,43,25,13:43:25,341,Tahap-4
01/15/2025,13,43,25,13:43:25,392,Tahap-4
01/15/2025,13,43,25,13:43:25,361,Tahap-4
01/15/2025,13,43,25,13:43:25,456,Tahap-4
01/15/2025,13,43,25,13:43:25,317,Tahap-4
01/15/2025,13,43,25,13:43:25,190,Tahap-4
01/15/2025,13,43,25,13:43:25,230,Tahap-4
01/15/2025,13,43,25,13:43:25,249,Tahap-4
01/15/2025,13,43,25,13:43:25,228,Tahap-4
01/15/2025,13,43,25,13:43:25,201,Tahap-4
01/15/2025,13,43,26,13:43:26,230,Tahap-4
01/15/2025,13,43,26,13:43:26,204,Tahap-4
01/15/2025,13,43,26,13:43:26,158,Tahap-4
01/15/2025,13,43,26,13:43:26,127,Tahap-4
01/15/2025,13,43,26,13:43:26,157,Tahap-4
01/15/2025,13,43,26,13:43:26,143,Tahap-4
01/15/2025,13,43,26,13:43:26,235,Tahap-4
01/15/2025,13,43,26,13:43:26,634,Tahap-4
01/15/2025,13,43,26,13:43:26,257,Tahap-4
01/15/2025,13,43,26,13:43:26,120,Tahap-4
01/15/2025,13,43,27,13:43:27,49,Tahap-4
01/15/2025,13,43,27,13:43:27,171,Tahap-4
01/15/2025,13,43,27,13:43:27,41,Tahap-4
01/15/2025,13,43,27,13:43:27,201,Tahap-4
01/15/2025,13,43,27,13:43:27,152,Tahap-4
01/15/2025,13,43,27,13:43:27,82,Tahap-4
01/15/2025,13,43,27,13:43:27,60,Tahap-4
01/15/2025,13,43,27,13:43:27,159,Tahap-4
01/15/2025,13,43,27,13:43:27,81,Tahap-4
01/15/2025,13,43,27,13:43:27,82,Tahap-4
01/15/2025,13,43,28,13:43:28,60,Tahap-4
01/15/2025,13,43,28,13:43:28,152,Tahap-4
01/15/2025,13,43,28,13:43:28,158,Tahap-4
01/15/2025,13,43,28,13:43:28,82,Tahap-4
01/15/2025,13,43,28,13:43:28,81,Tahap-4
01/15/2025,13,43,28,13:43:28,72,Tahap-4
01/15/2025,13,43,28,13:43:28,46,Tahap-4
01/15/2025,13,43,28,13:43:28,266,Tahap-4
01/15/2025,13,43,28,13:43:28,50,Tahap-4
01/15/2025,13,43,28,13:43:28,336,Tahap-4
01/15/2025,13,43,29,13:43:29,131,Tahap-4
01/15/2025,13,43,29,13:43:29,154,Tahap-4
01/15/2025,13,43,29,13:43:29,132,Tahap-4
01/15/2025,13,43,29,13:43:29,103,Tahap-4
01/15/2025,13,43,29,13:43:29,63,Tahap-4
01/15/2025,13,43,29,13:43:29,80,Tahap-4
01/15/2025,13,43,29,13:43:29,87,Tahap-4
01/15/2025,13,43,29,13:43:29,245,Tahap-4
01/15/2025,13,43,29,13:43:29,156,Tahap-4
01/15/2025,13,43,29,13:43:29,120,Tahap-4
01/15/2025,13,43,30,13:43:30,89,Tahap-4
01/15/2025,13,43,30,13:43:30,17,Tahap-4
01/15/2025,13,43,30,13:43:30,95,Tahap-4
01/15/2025,13,43,30,13:43:30,114,Tahap-4
01/15/2025,13,43,30,13:43:30,69,Tahap-4
01/15/2025,13,43,30,13:43:30,154,Tahap-4
01/15/2025,13,43,30,13:43:30,166,Tahap-4
01/15/2025,13,43,30,13:43:30,61,Tahap-4
01/15/2025,13,43,30,13:43:30,138,Tahap-4
01/15/2025,13,43,30,13:43:30,92,Tahap-4
01/15/2025,13,43,31,13:43:31,54,Tahap-4
01/15/2025,13,43,31,13:43:31,383,Tahap-4
01/15/2025,13,43,31,13:43:31,1084,Tahap-4
01/15/2025,13,43,31,13:43:31,369,Tahap-4
01/15/2025,13,43,31,13:43:31,208,Tahap-4
01/15/2025,13,43,31,13:43:31,191,Tahap-4
01/15/2025,13,43,31,13:43:31,165,Tahap-4
01/15/2025,13,43,31,13:43:31,324,Tahap-4
01/15/2025,13,43,31,13:43:31,288,Tahap-4
01/15/2025,13,43,31,13:43:31,122,Tahap-4
01/15/2025,13,43,32,13:43:32,96,Tahap-4
01/15/2025,13,43,32,13:43:32,198,Tahap-4
01/15/2025,13,43,32,13:43:32,230,Tahap-4
01/15/2025,13,43,32,13:43:32,73,Tahap-4
01/15/2025,13,43,32,13:43:32,132,Tahap-4
01/15/2025,13,43,32,13:43:32,109,Tahap-4
01/15/2025,13,43,32,13:43:32,56,Tahap-4
01/15/2025,13,43,32,13:43:32,146,Tahap-4
01/15/2025,13,43,32,13:43:32,114,Tahap-4
01/15/2025,13,43,32,13:43:32,57,Tahap-4
01/15/2025,13,43,33,13:43:33,733,Tahap-4
01/15/2025,13,43,33,13:43:33,154,Tahap-4
01/15/2025,13,43,33,13:43:33,42,Tahap-4
01/15/2025,13,43,33,13:43:33,269,Tahap-4
01/15/2025,13,43,33,13:43:33,1080,Tahap-4
01/15/2025,13,43,33,13:43:33,1338,Tahap-4
01/15/2025,13,43,33,13:43:33,546,Tahap-4
01/15/2025,13,43,33,13:43:33,306,Tahap-4
01/15/2025,13,43,33,13:43:33,160,Tahap-4
01/15/2025,13,43,33,13:43:33,137,Tahap-4
01/15/2025,13,43,34,13:43:34,102,Tahap-4
01/15/2025,13,43,34,13:43:34,66,Tahap-4
01/15/2025,13,43,34,13:43:34,116,Tahap-4
01/15/2025,13,43,34,13:43:34,235,Tahap-4
01/15/2025,13,43,34,13:43:34,344,Tahap-4
01/15/2025,13,43,34,13:43:34,149,Tahap-4
01/15/2025,13,43,34,13:43:34,157,Tahap-4
01/15/2025,13,43,34,13:43:34,42,Tahap-4
01/15/2025,13,43,34,13:43:34,98,Tahap-4
01/15/2025,13,43,34,13:43:34,42,Tahap-4
01/15/2025,13,43,35,13:43:35,222,Tahap-4
01/15/2025,13,43,35,13:43:35,45,Tahap-4
01/15/2025,13,43,35,13:43:35,93,Tahap-4
01/15/2025,13,43,35,13:43:35,423,Tahap-4
01/15/2025,13,43,35,13:43:35,299,Tahap-4
01/15/2025,13,43,35,13:43:35,286,Tahap-4
01/15/2025,13,43,35,13:43:35,396,Tahap-4
01/15/2025,13,43,35,13:43:35,1088,Tahap-4
01/15/2025,13,43,35,13:43:35,682,Tahap-4
01/15/2025,13,43,35,13:43:35,471,Tahap-4
01/15/2025,13,43,36,13:43:36,225,Tahap-4
01/15/2025,13,43,36,13:43:36,366,Tahap-4
01/15/2025,13,43,36,13:43:36,143,Tahap-4
01/15/2025,13,43,36,13:43:36,63,Tahap-4
01/15/2025,13,43,36,13:43:36,316,Tahap-4
01/15/2025,13,43,36,13:43:36,293,Tahap-4
01/15/2025,13,43,36,13:43:36,170,Tahap-4
01/15/2025,13,43,36,13:43:36,87,Tahap-4
01/15/2025,13,43,36,13:43:36,187,Tahap-4
01/15/2025,13,43,36,13:43:36,82,Tahap-4
01/15/2025,13,43,37,13:43:37,133,Tahap-4
01/15/2025,13,43,37,13:43:37,598,Tahap-4
01/15/2025,13,43,37,13:43:37,36,Tahap-4
01/15/2025,13,43,37,13:43:37,-160,Tahap-4
01/15/2025,13,43,37,13:43:37,-48,Tahap-4
01/15/2025,13,43,37,13:43:37,-52,Tahap-4
01/15/2025,13,43,37,13:43:37,-28,Tahap-4
01/15/2025,13,43,37,13:43:37,48,Tahap-4
01/15/2025,13,43,37,13:43:37,-120,Tahap-4
01/15/2025,13,43,37,13:43:37,72,Tahap-4
01/15/2025,13,43,38,13:43:38,-88,Tahap-4
01/15/2025,13,43,38,13:43:38,-76,Tahap-4
01/15/2025,13,43,38,13:43:38,-104,Tahap-4
01/15/2025,13,43,38,13:43:38,28,Tahap-4
01/15/2025,13,43,38,13:43:38,-120,Tahap-4
01/15/2025,13,43,38,13:43:38,-108,Tahap-4
01/15/2025,13,43,38,13:43:38,-104,Tahap-4
01/15/2025,13,43,38,13:43:38,-28,Tahap-4
01/15/2025,13,43,38,13:43:38,56,Tahap-4
01/15/2025,13,43,38,13:43:38,-136,Tahap-4
01/15/2025,13,43,39,13:43:39,-12,Tahap-4
01/15/2025,13,43,39,13:43:39,12,Tahap-4
01/15/2025,13,43,39,13:43:39,-144,Tahap-4
01/15/2025,13,43,39,13:43:39,-68,Tahap-4
01/15/2025,13,43,39,13:43:39,-48,Tahap-4
01/15/2025,13,43,39,13:43:39,-68,Tahap-4
01/15/2025,13,43,39,13:43:39,-136,Tahap-4
01/15/2025,13,43,39,13:43:39,-48,Tahap-4
01/15/2025,13,43,39,13:43:39,-152,Tahap-4
01/15/2025,13,43,39,13:43:39,60,Tahap-4
01/15/2025,13,43,40,13:43:40,-92,Tahap-4
01/15/2025,13,43,40,13:43:40,-192,Tahap-4
01/15/2025,13,43,40,13:43:40,108,Tahap-4
01/15/2025,13,43,40,13:43:40,-180,Tahap-4
01/15/2025,13,43,40,13:43:40,-160,Tahap-4
01/15/2025,13,43,40,13:43:40,-60,Tahap-4
01/15/2025,13,43,40,13:43:40,-104,Tahap-4
01/15/2025,13,43,40,13:43:40,-180,Tahap-4
01/15/2025,13,43,40,13:43:40,-68,Tahap-4
01/15/2025,13,43,40,13:43:40,-156,Tahap-4
01/15/2025,13,43,41,13:43:41,-68,Tahap-4
01/15/2025,13,43,41,13:43:41,-64,Tahap-4
01/15/2025,13,43,41,13:43:41,-236,Tahap-4
01/15/2025,13,43,41,13:43:41,-36,Tahap-4
01/15/2025,13,43,41,13:43:41,-72,Tahap-4
01/15/2025,13,43,41,13:43:41,-204,Tahap-4
01/15/2025,13,43,41,13:43:41,-144,Tahap-4
01/15/2025,13,43,41,13:43:41,-48,Tahap-4
01/15/2025,13,43,41,13:43:41,-232,Tahap-4
01/15/2025,13,43,41,13:43:41,-156,Tahap-4
01/15/2025,13,43,42,13:43:42,-120,Tahap-4
01/15/2025,13,43,42,13:43:42,-180,Tahap-4
01/15/2025,13,43,42,13:43:42,-216,Tahap-4
01/15/2025,13,43,42,13:43:42,-96,Tahap-4
01/15/2025,13,43,42,13:43:42,-48,Tahap-4
01/15/2025,13,43,42,13:43:42,-136,Tahap-4
01/15/2025,13,43,42,13:43:42,-180,Tahap-4
01/15/2025,13,43,42,13:43:42,-56,Tahap-4
01/15/2025,13,43,42,13:43:42,-164,Tahap-4
01/15/2025,13,43,43,13:43:43,-212,Tahap-4
01/15/2025,13,43,43,13:43:43,-76,Tahap-4
01/15/2025,13,43,43,13:43:43,-152,Tahap-4
01/15/2025,13,43,43,13:43:43,-4,Tahap-4
01/15/2025,13,43,43,13:43:43,-216,Tahap-4
01/15/2025,13,43,43,13:43:43,-144,Tahap-4
01/15/2025,13,43,43,13:43:43,-48,Tahap-4
01/15/2025,13,43,43,13:43:43,-192,Tahap-4
01/15/2025,13,43,43,13:43:43,-156,Tahap-4
01/15/2025,13,43,43,13:43:43,-140,Tahap-4
01/15/2025,13,43,44,13:43:44,-52,Tahap-4
01/15/2025,13,43,44,13:43:44,-236,Tahap-4
01/15/2025,13,43,44,13:43:44,-76,Tahap-4
01/15/2025,13,43,44,13:43:44,-128,Tahap-4
01/15/2025,13,43,44,13:43:44,-68,Tahap-4
01/15/2025,13,43,44,13:43:44,-164,Tahap-4
01/15/2025,13,43,44,13:43:44,-8,Tahap-4
01/15/2025,13,43,44,13:43:44,-156,Tahap-4
01/15/2025,13,43,44,13:43:44,-160,Tahap-4
01/15/2025,13,43,45,13:43:45,-88,Tahap-4
01/15/2025,13,43,45,13:43:45,-92,Tahap-4
01/15/2025,13,43,45,13:43:45,-196,Tahap-4
01/15/2025,13,43,45,13:43:45,-96,Tahap-4
01/15/2025,13,43,45,13:43:45,-116,Tahap-4
01/15/2025,13,43,45,13:43:45,-80,Tahap-4
01/15/2025,13,43,45,13:43:45,28,Tahap-4
01/15/2025,13,43,45,13:43:45,-284,Tahap-4
01/15/2025,13,43,45,13:43:45,4,Tahap-4
01/15/2025,13,43,45,13:43:45,-72,Tahap-4
01/15/2025,13,43,46,13:43:46,-156,Tahap-4
01/15/2025,13,43,46,13:43:46,-112,Tahap-4
01/15/2025,13,43,46,13:43:46,-28,Tahap-4
01/15/2025,13,43,46,13:43:46,-188,Tahap-4
01/15/2025,13,43,46,13:43:46,-136,Tahap-4
01/15/2025,13,43,46,13:43:46,-124,Tahap-4
01/15/2025,13,43,46,13:43:46,-192,Tahap-4
01/15/2025,13,43,46,13:43:46,-156,Tahap-4
01/15/2025,13,43,46,13:43:46,-164,Tahap-4
01/15/2025,13,43,46,13:43:46,28,Tahap-4
01/15/2025,13,43,47,13:43:47,-220,Tahap-4
01/15/2025,13,43,47,13:43:47,-172,Tahap-4
01/15/2025,13,43,47,13:43:47,-72,Tahap-4
01/15/2025,13,43,47,13:43:47,-88,Tahap-4
01/15/2025,13,43,47,13:43:47,-224,Tahap-4
01/15/2025,13,43,48,13:43:48,-72,Tahap-4
01/15/2025,13,43,48,13:43:48,-196,Tahap-4
01/15/2025,13,43,48,13:43:48,4,Tahap-4
01/15/2025,13,43,48,13:43:48,-112,Tahap-4
01/15/2025,13,43,48,13:43:48,-188,Tahap-4
01/15/2025,13,43,48,13:43:48,-40,Tahap-4
01/15/2025,13,43,48,13:43:48,-128,Tahap-4
01/15/2025,13,43,48,13:43:48,-172,Tahap-4
01/15/2025,13,43,48,13:43:48,-136,Tahap-4
01/15/2025,13,43,48,13:43:48,-36,Tahap-4
01/15/2025,13,43,48,13:43:48,-224,Tahap-4
01/15/2025,13,43,48,13:43:48,-120,Tahap-4
01/15/2025,13,43,48,13:43:48,-160,Tahap-4
01/15/2025,13,43,48,13:43:48,-80,Tahap-4
01/15/2025,13,43,48,13:43:48,-84,Tahap-4
01/15/2025,13,43,49,13:43:49,-196,Tahap-4
01/15/2025,13,43,49,13:43:49,-20,Tahap-4
01/15/2025,13,43,49,13:43:49,-140,Tahap-4
01/15/2025,13,43,49,13:43:49,-140,Tahap-4
01/15/2025,13,43,49,13:43:49,-192,Tahap-4
01/15/2025,13,43,49,13:43:49,-20,Tahap-4
01/15/2025,13,43,49,13:43:49,-212,Tahap-4
01/15/2025,13,43,49,13:43:49,-108,Tahap-4
01/15/2025,13,43,49,13:43:49,-172,Tahap-4
01/15/2025,13,43,49,13:43:49,-116,Tahap-4
01/15/2025,13,44,14,13:44:14,2636,Tahap-4
01/15/2025,13,44,14,13:44:14,238,Tahap-4
01/15/2025,13,44,14,13:44:14,457,Tahap-4
01/15/2025,13,44,14,13:44:14,167,Tahap-4
01/15/2025,13,44,14,13:44:14,157,Tahap-4
01/15/2025,13,44,14,13:44:14,78,Tahap-4
01/15/2025,13,44,15,13:44:15,155,Tahap-4
01/15/2025,13,44,15,13:44:15,103,Tahap-4
01/15/2025,13,44,15,13:44:15,169,Tahap-4
01/15/2025,13,44,15,13:44:15,95,Tahap-4
01/15/2025,13,44,15,13:44:15,112,Tahap-4
01/15/2025,13,44,15,13:44:15,105,Tahap-4
01/15/2025,13,44,15,13:44:15,22,Tahap-4
01/15/2025,13,44,15,13:44:15,165,Tahap-4
01/15/2025,13,44,15,13:44:15,102,Tahap-4
01/15/2025,13,44,15,13:44:15,141,Tahap-4
01/15/2025,13,44,16,13:44:16,43,Tahap-4
01/15/2025,13,44,16,13:44:16,68,Tahap-4
01/15/2025,13,44,16,13:44:16,16,Tahap-4
01/15/2025,13,44,16,13:44:16,113,Tahap-4
01/15/2025,13,44,16,13:44:16,81,Tahap-4
01/15/2025,13,44,16,13:44:16,213,Tahap-4
01/15/2025,13,44,16,13:44:16,531,Tahap-4
01/15/2025,13,44,16,13:44:16,259,Tahap-4
01/15/2025,13,44,16,13:44:16,132,Tahap-4
01/15/2025,13,44,16,13:44:16,29,Tahap-4
01/15/2025,13,44,17,13:44:17,57,Tahap-4
01/15/2025,13,44,17,13:44:17,71,Tahap-4
01/15/2025,13,44,17,13:44:17,70,Tahap-4
01/15/2025,13,44,17,13:44:17,75,Tahap-4
01/15/2025,13,44,17,13:44:17,33,Tahap-4
01/15/2025,13,44,18,13:44:18,134,Tahap-4
01/15/2025,13,44,18,13:44:18,112,Tahap-4
01/15/2025,13,44,18,13:44:18,74,Tahap-4
01/15/2025,13,44,18,13:44:18,74,Tahap-4
01/15/2025,13,44,18,13:44:18,99,Tahap-4
01/15/2025,13,44,18,13:44:18,197,Tahap-4
01/15/2025,13,44,18,13:44:18,73,Tahap-4
01/15/2025,13,44,18,13:44:18,71,Tahap-4
01/15/2025,13,44,18,13:44:18,50,Tahap-4
01/15/2025,13,44,18,13:44:18,118,Tahap-4
01/15/2025,13,44,18,13:44:18,64,Tahap-4
01/15/2025,13,44,18,13:44:18,165,Tahap-4
01/15/2025,13,44,18,13:44:18,214,Tahap-4
01/15/2025,13,44,18,13:44:18,280,Tahap-4
01/15/2025,13,44,18,13:44:18,80,Tahap-4
01/15/2025,13,44,19,13:44:19,121,Tahap-4
01/15/2025,13,44,19,13:44:19,89,Tahap-4
01/15/2025,13,44,19,13:44:19,44,Tahap-4
01/15/2025,13,44,19,13:44:19,42,Tahap-4
01/15/2025,13,44,19,13:44:19,45,Tahap-4
01/15/2025,13,44,19,13:44:19,48,Tahap-4
01/15/2025,13,44,19,13:44:19,41,Tahap-4
01/15/2025,13,44,19,13:44:19,82,Tahap-4
01/15/2025,13,44,19,13:44:19,105,Tahap-4
01/15/2025,13,44,19,13:44:19,116,Tahap-4
01/15/2025,13,44,20,13:44:20,56,Tahap-4
01/15/2025,13,44,20,13:44:20,157,Tahap-4
01/15/2025,13,44,20,13:44:20,101,Tahap-4
01/15/2025,13,44,20,13:44:20,113,Tahap-4
01/15/2025,13,44,20,13:44:20,76,Tahap-4
01/15/2025,13,44,20,13:44:20,159,Tahap-4
01/15/2025,13,44,20,13:44:20,83,Tahap-4
01/15/2025,13,44,20,13:44:20,119,Tahap-4
01/15/2025,13,44,20,13:44:20,20,Tahap-4
01/15/2025,13,44,20,13:44:20,164,Tahap-4
01/15/2025,13,44,21,13:44:21,111,Tahap-4
01/15/2025,13,44,21,13:44:21,1099,Tahap-4
01/15/2025,13,44,21,13:44:21,299,Tahap-4
01/15/2025,13,44,21,13:44:21,745,Tahap-4
01/15/2025,13,44,21,13:44:21,125,Tahap-4
01/15/2025,13,44,21,13:44:21,244,Tahap-4
01/15/2025,13,44,21,13:44:21,267,Tahap-4
01/15/2025,13,44,21,13:44:21,323,Tahap-4
01/15/2025,13,44,21,13:44:21,103,Tahap-4
01/15/2025,13,44,21,13:44:21,140,Tahap-4
01/15/2025,13,44,22,13:44:22,93,Tahap-4
01/15/2025,13,44,22,13:44:22,144,Tahap-4
01/15/2025,13,44,22,13:44:22,95,Tahap-4
01/15/2025,13,44,22,13:44:22,129,Tahap-4
01/15/2025,13,44,22,13:44:22,66,Tahap-4
01/15/2025,13,44,22,13:44:22,118,Tahap-4
01/15/2025,13,44,22,13:44:22,94,Tahap-4
01/15/2025,13,44,22,13:44:22,216,Tahap-4
01/15/2025,13,44,22,13:44:22,170,Tahap-4
01/15/2025,13,44,22,13:44:22,194,Tahap-4
01/15/2025,13,44,23,13:44:23,251,Tahap-4
01/15/2025,13,44,23,13:44:23,488,Tahap-4
01/15/2025,13,44,23,13:44:23,814,Tahap-4
01/15/2025,13,44,23,13:44:23,192,Tahap-4
01/15/2025,13,44,23,13:44:23,1693,Tahap-4
01/15/2025,13,44,23,13:44:23,450,Tahap-4
01/15/2025,13,44,23,13:44:23,116,Tahap-4
01/15/2025,13,44,23,13:44:23,403,Tahap-4
01/15/2025,13,44,23,13:44:23,271,Tahap-4
01/15/2025,13,44,23,13:44:23,181,Tahap-4
01/15/2025,13,44,24,13:44:24,167,Tahap-4
01/15/2025,13,44,24,13:44:24,159,Tahap-4
01/15/2025,13,44,24,13:44:24,201,Tahap-4
01/15/2025,13,44,24,13:44:24,241,Tahap-4
01/15/2025,13,44,24,13:44:24,229,Tahap-4
01/15/2025,13,44,24,13:44:24,268,Tahap-4
01/15/2025,13,44,24,13:44:24,258,Tahap-4
01/15/2025,13,44,24,13:44:24,24,Tahap-4
01/15/2025,13,44,24,13:44:24,119,Tahap-4
01/15/2025,13,44,24,13:44:24,82,Tahap-4
01/15/2025,13,44,25,13:44:25,81,Tahap-4
01/15/2025,13,44,25,13:44:25,192,Tahap-4
01/15/2025,13,44,25,13:44:25,258,Tahap-4
01/15/2025,13,44,25,13:44:25,324,Tahap-4
01/15/2025,13,44,25,13:44:25,718,Tahap-4
01/15/2025,13,44,25,13:44:25,238,Tahap-4
01/15/2025,13,44,25,13:44:25,377,Tahap-4
01/15/2025,13,44,25,13:44:25,1011,Tahap-4
01/15/2025,13,44,25,13:44:25,554,Tahap-4
01/15/2025,13,44,25,13:44:25,162,Tahap-4
01/15/2025,13,44,26,13:44:26,230,Tahap-4
01/15/2025,13,44,26,13:44:26,90,Tahap-4
01/15/2025,13,44,26,13:44:26,165,Tahap-4
01/15/2025,13,44,26,13:44:26,464,Tahap-4
01/15/2025,13,44,26,13:44:26,70,Tahap-4
01/15/2025,13,44,26,13:44:26,294,Tahap-4
01/15/2025,13,44,26,13:44:26,255,Tahap-4
01/15/2025,13,44,26,13:44:26,117,Tahap-4
01/15/2025,13,44,26,13:44:26,22,Tahap-4
01/15/2025,13,44,26,13:44:26,214,Tahap-4
01/15/2025,13,44,27,13:44:27,249,Tahap-4
01/15/2025,13,44,27,13:44:27,-120,Tahap-4
01/15/2025,13,44,27,13:44:27,-76,Tahap-4
01/15/2025,13,44,27,13:44:27,-84,Tahap-4
01/15/2025,13,44,27,13:44:27,8,Tahap-4
01/15/2025,13,44,27,13:44:27,-52,Tahap-4
01/15/2025,13,44,27,13:44:27,-120,Tahap-4
01/15/2025,13,44,27,13:44:27,-4,Tahap-4
01/15/2025,13,44,27,13:44:27,24,Tahap-4
01/15/2025,13,44,27,13:44:27,-192,Tahap-4
01/15/2025,13,44,28,13:44:28,-32,Tahap-4
01/15/2025,13,44,28,13:44:28,-52,Tahap-4
01/15/2025,13,44,28,13:44:28,-136,Tahap-4
01/15/2025,13,44,28,13:44:28,-60,Tahap-4
01/15/2025,13,44,28,13:44:28,-144,Tahap-4
01/15/2025,13,44,28,13:44:28,-16,Tahap-4
01/15/2025,13,44,28,13:44:28,-104,Tahap-4
01/15/2025,13,44,28,13:44:28,-120,Tahap-4
01/15/2025,13,44,28,13:44:28,4,Tahap-4
01/15/2025,13,44,28,13:44:28,-64,Tahap-4
01/15/2025,13,44,29,13:44:29,-64,Tahap-4
01/15/2025,13,44,29,13:44:29,-164,Tahap-4
01/15/2025,13,44,29,13:44:29,-8,Tahap-4
01/15/2025,13,44,29,13:44:29,-192,Tahap-4
01/15/2025,13,44,29,13:44:29,-64,Tahap-4
01/15/2025,13,44,29,13:44:29,-92,Tahap-4
01/15/2025,13,44,29,13:44:29,-44,Tahap-4
01/15/2025,13,44,29,13:44:29,56,Tahap-4
01/15/2025,13,44,29,13:44:29,-256,Tahap-4
01/15/2025,13,44,29,13:44:29,48,Tahap-4
01/15/2025,13,44,30,13:44:30,-124,Tahap-4
01/15/2025,13,44,30,13:44:30,-64,Tahap-4
01/15/2025,13,44,30,13:44:30,-96,Tahap-4
01/15/2025,13,44,30,13:44:30,-32,Tahap-4
01/15/2025,13,44,30,13:44:30,-144,Tahap-4
01/15/2025,13,44,30,13:44:30,-108,Tahap-4
01/15/2025,13,44,30,13:44:30,-84,Tahap-4
01/15/2025,13,44,30,13:44:30,-120,Tahap-4
01/15/2025,13,44,30,13:44:30,88,Tahap-4
01/15/2025,13,44,30,13:44:30,-180,Tahap-4
01/15/2025,13,44,31,13:44:31,4,Tahap-4
01/15/2025,13,44,31,13:44:31,-16,Tahap-4
01/15/2025,13,44,31,13:44:31,-104,Tahap-4
01/15/2025,13,44,31,13:44:31,-96,Tahap-4
01/15/2025,13,44,31,13:44:31,-52,Tahap-4
01/15/2025,13,44,31,13:44:31,-24,Tahap-4
01/15/2025,13,44,31,13:44:31,-216,Tahap-4
01/15/2025,13,44,31,13:44:31,-16,Tahap-4
01/15/2025,13,44,31,13:44:31,-144,Tahap-4
01/15/2025,13,44,31,13:44:31,104,Tahap-4
01/15/2025,13,44,32,13:44:32,-168,Tahap-4
01/15/2025,13,44,32,13:44:32,-108,Tahap-4
01/15/2025,13,44,32,13:44:32,72,Tahap-4
01/15/2025,13,44,32,13:44:32,-160,Tahap-4
01/15/2025,13,44,32,13:44:32,-92,Tahap-4
01/15/2025,13,44,32,13:44:32,-16,Tahap-4
01/15/2025,13,44,32,13:44:32,-44,Tahap-4
01/15/2025,13,44,32,13:44:32,-144,Tahap-4
01/15/2025,13,44,32,13:44:32,-88,Tahap-4
01/15/2025,13,44,32,13:44:32,-128,Tahap-4
01/15/2025,13,44,33,13:44:33,36,Tahap-4
01/15/2025,13,44,33,13:44:33,-24,Tahap-4
01/15/2025,13,44,33,13:44:33,-76,Tahap-4
01/15/2025,13,44,33,13:44:33,24,Tahap-4
01/15/2025,13,44,33,13:44:33,-164,Tahap-4
01/15/2025,13,44,33,13:44:33,-48,Tahap-4
01/15/2025,13,44,33,13:44:33,-56,Tahap-4
01/15/2025,13,44,33,13:44:33,-20,Tahap-4
01/15/2025,13,44,33,13:44:33,-100,Tahap-4
01/15/2025,13,44,33,13:44:33,-60,Tahap-4
01/15/2025,13,44,34,13:44:34,52,Tahap-4
01/15/2025,13,44,34,13:44:34,-144,Tahap-4
01/15/2025,13,44,34,13:44:34,72,Tahap-4
01/15/2025,13,44,34,13:44:34,-80,Tahap-4
01/15/2025,13,44,34,13:44:34,8,Tahap-4
01/15/2025,13,44,34,13:44:34,-56,Tahap-4
01/15/2025,13,44,34,13:44:34,-64,Tahap-4
01/15/2025,13,44,34,13:44:34,-36,Tahap-4
01/15/2025,13,44,34,13:44:34,-24,Tahap-4
01/15/2025,13,44,34,13:44:34,-40,Tahap-4
01/15/2025,13,44,35,13:44:35,-76,Tahap-4
01/15/2025,13,44,35,13:44:35,24,Tahap-4
01/15/2025,13,44,35,13:44:35,-120,Tahap-4
01/15/2025,13,44,35,13:44:35,112,Tahap-4
01/15/2025,13,44,35,13:44:35,-40,Tahap-4
01/15/2025,13,44,35,13:44:35,-40,Tahap-4
01/15/2025,13,44,35,13:44:35,-76,Tahap-4
01/15/2025,13,44,35,13:44:35,-48,Tahap-4
01/15/2025,13,44,35,13:44:35,-100,Tahap-4
01/15/2025,13,44,35,13:44:35,-100,Tahap-4
01/15/2025,13,44,36,13:44:36,-64,Tahap-4
01/15/2025,13,44,36,13:44:36,-16,Tahap-4
01/15/2025,13,44,36,13:44:36,-136,Tahap-4
01/15/2025,13,44,36,13:44:36,44,Tahap-4
01/15/2025,13,44,36,13:44:36,-16,Tahap-4
01/15/2025,13,44,36,13:44:36,-92,Tahap-4
01/15/2025,13,44,36,13:44:36,-56,Tahap-4
01/15/2025,13,44,36,13:44:36,40,Tahap-4
01/15/2025,13,44,36,13:44:36,-124,Tahap-4
01/15/2025,13,44,37,13:44:37,-84,Tahap-4
01/15/2025,13,44,37,13:44:37,-32,Tahap-4
01/15/2025,13,44,37,13:44:37,32,Tahap-4
01/15/2025,13,44,37,13:44:37,-96,Tahap-4
01/15/2025,13,44,37,13:44:37,24,Tahap-4
01/15/2025,13,44,37,13:44:37,112,Tahap-4
01/15/2025,13,44,37,13:44:37,-136,Tahap-4
01/15/2025,13,44,37,13:44:37,12,Tahap-4
01/15/2025,13,44,37,13:44:37,28,Tahap-4
01/15/2025,13,44,38,13:44:38,-60,Tahap-4
01/15/2025,13,44,38,13:44:38,-32,Tahap-4
01/15/2025,13,44,38,13:44:38,44,Tahap-4
01/15/2025,13,44,38,13:44:38,-56,Tahap-4
01/15/2025,13,44,38,13:44:38,128,Tahap-4
01/15/2025,13,44,38,13:44:38,-44,Tahap-4
01/15/2025,13,44,38,13:44:38,-60,Tahap-4
01/15/2025,13,44,38,13:44:38,180,Tahap-4
01/15/2025,13,44,38,13:44:38,-56,Tahap-4
01/15/2025,13,44,38,13:44:38,-28,Tahap-4
01/15/2025,13,44,38,13:44:38,36,Tahap-4
01/15/2025,13,44,39,13:44:39,20,Tahap-4
01/15/2025,13,44,39,13:44:39,-84,Tahap-4
01/15/2025,13,44,39,13:44:39,68,Tahap-4
01/15/2025,13,44,39,13:44:39,-68,Tahap-4
01/15/2025,13,44,39,13:44:39,104,Tahap-4
01/15/2025,13,44,39,13:44:39,8,Tahap-4
01/15/2025,13,44,39,13:44:39,-52,Tahap-4
01/15/2025,13,44,39,13:44:39,132,Tahap-4
01/15/2025,13,44,39,13:44:39,76,Tahap-4
01/15/2025,13,45,4,13:45:04,13394,Tahap-4
01/15/2025,13,45,4,13:45:04,5253,Tahap-4
01/15/2025,13,45,4,13:45:04,3462,Tahap-4
01/15/2025,13,45,4,13:45:04,1748,Tahap-4
01/15/2025,13,45,4,13:45:04,1385,Tahap-4
01/15/2025,13,45,4,13:45:04,1019,Tahap-4
01/15/2025,13,45,4,13:45:04,1744,Tahap-4
01/15/2025,13,45,5,13:45:05,1349,Tahap-4
01/15/2025,13,45,5,13:45:05,415,Tahap-4
01/15/2025,13,45,5,13:45:05,831,Tahap-4
01/15/2025,13,45,5,13:45:05,643,Tahap-4
01/15/2025,13,45,5,13:45:05,810,Tahap-4
01/15/2025,13,45,5,13:45:05,936,Tahap-4
01/15/2025,13,45,5,13:45:05,319,Tahap-4
01/15/2025,13,45,5,13:45:05,444,Tahap-4
01/15/2025,13,45,5,13:45:05,594,Tahap-4
01/15/2025,13,45,5,13:45:05,690,Tahap-4
01/15/2025,13,45,6,13:45:06,478,Tahap-4
01/15/2025,13,45,6,13:45:06,820,Tahap-4
01/15/2025,13,45,6,13:45:06,530,Tahap-4
01/15/2025,13,45,6,13:45:06,572,Tahap-4
01/15/2025,13,45,6,13:45:06,492,Tahap-4
01/15/2025,13,45,6,13:45:06,317,Tahap-4
01/15/2025,13,45,6,13:45:06,361,Tahap-4
01/15/2025,13,45,6,13:45:06,304,Tahap-4
01/15/2025,13,45,6,13:45:06,339,Tahap-4
01/15/2025,13,45,6,13:45:06,358,Tahap-4
01/15/2025,13,45,7,13:45:07,361,Tahap-4
01/15/2025,13,45,7,13:45:07,195,Tahap-4
01/15/2025,13,45,7,13:45:07,245,Tahap-4
01/15/2025,13,45,7,13:45:07,480,Tahap-4
01/15/2025,13,45,7,13:45:07,283,Tahap-4
01/15/2025,13,45,7,13:45:07,456,Tahap-4
01/15/2025,13,45,7,13:45:07,208,Tahap-4
01/15/2025,13,45,7,13:45:07,400,Tahap-4
01/15/2025,13,45,7,13:45:07,340,Tahap-4
01/15/2025,13,45,7,13:45:07,353,Tahap-4
01/15/2025,13,45,8,13:45:08,245,Tahap-4
01/15/2025,13,45,8,13:45:08,285,Tahap-4
01/15/2025,13,45,8,13:45:08,170,Tahap-4
01/15/2025,13,45,8,13:45:08,124,Tahap-4
01/15/2025,13,45,8,13:45:08,273,Tahap-4
01/15/2025,13,45,8,13:45:08,444,Tahap-4
01/15/2025,13,45,8,13:45:08,40,Tahap-4
01/15/2025,13,45,8,13:45:08,267,Tahap-4
01/15/2025,13,45,8,13:45:08,282,Tahap-4
01/15/2025,13,45,8,13:45:08,372,Tahap-4
01/15/2025,13,45,9,13:45:09,257,Tahap-4
01/15/2025,13,45,9,13:45:09,396,Tahap-4
01/15/2025,13,45,9,13:45:09,353,Tahap-4
01/15/2025,13,45,9,13:45:09,261,Tahap-4
01/15/2025,13,45,9,13:45:09,237,Tahap-4
01/15/2025,13,45,9,13:45:09,129,Tahap-4
01/15/2025,13,45,9,13:45:09,332,Tahap-4
01/15/2025,13,45,9,13:45:09,242,Tahap-4
01/15/2025,13,45,9,13:45:09,200,Tahap-4
01/15/2025,13,45,9,13:45:09,295,Tahap-4
01/15/2025,13,45,10,13:45:10,240,Tahap-4
01/15/2025,13,45,10,13:45:10,220,Tahap-4
01/15/2025,13,45,10,13:45:10,230,Tahap-4
01/15/2025,13,45,10,13:45:10,214,Tahap-4
01/15/2025,13,45,10,13:45:10,386,Tahap-4
01/15/2025,13,45,10,13:45:10,331,Tahap-4
01/15/2025,13,45,10,13:45:10,283,Tahap-4
01/15/2025,13,45,10,13:45:10,85,Tahap-4
01/15/2025,13,45,10,13:45:10,228,Tahap-4
01/15/2025,13,45,10,13:45:10,741,Tahap-4
01/15/2025,13,45,11,13:45:11,577,Tahap-4
01/15/2025,13,45,11,13:45:11,642,Tahap-4
01/15/2025,13,45,11,13:45:11,730,Tahap-4
01/15/2025,13,45,11,13:45:11,182,Tahap-4
01/15/2025,13,45,11,13:45:11,302,Tahap-4
01/15/2025,13,45,11,13:45:11,426,Tahap-4
01/15/2025,13,45,11,13:45:11,319,Tahap-4
01/15/2025,13,45,11,13:45:11,504,Tahap-4
01/15/2025,13,45,11,13:45:11,286,Tahap-4
01/15/2025,13,45,11,13:45:11,363,Tahap-4
01/15/2025,13,45,12,13:45:12,269,Tahap-4
01/15/2025,13,45,12,13:45:12,371,Tahap-4
01/15/2025,13,45,12,13:45:12,283,Tahap-4
01/15/2025,13,45,12,13:45:12,459,Tahap-4
01/15/2025,13,45,12,13:45:12,296,Tahap-4
01/15/2025,13,45,12,13:45:12,361,Tahap-4
01/15/2025,13,45,12,13:45:12,535,Tahap-4
01/15/2025,13,45,12,13:45:12,589,Tahap-4
01/15/2025,13,45,12,13:45:12,308,Tahap-4
01/15/2025,13,45,12,13:45:12,167,Tahap-4
01/15/2025,13,45,13,13:45:13,290,Tahap-4
01/15/2025,13,45,13,13:45:13,542,Tahap-4
01/15/2025,13,45,13,13:45:13,1130,Tahap-4
01/15/2025,13,45,13,13:45:13,415,Tahap-4
01/15/2025,13,45,13,13:45:13,683,Tahap-4
01/15/2025,13,45,13,13:45:13,661,Tahap-4
01/15/2025,13,45,13,13:45:13,26,Tahap-4
01/15/2025,13,45,13,13:45:13,426,Tahap-4
01/15/2025,13,45,13,13:45:13,246,Tahap-4
01/15/2025,13,45,13,13:45:13,193,Tahap-4
01/15/2025,13,45,14,13:45:14,25,Tahap-4
01/15/2025,13,45,14,13:45:14,188,Tahap-4
01/15/2025,13,45,14,13:45:14,209,Tahap-4
01/15/2025,13,45,14,13:45:14,385,Tahap-4
01/15/2025,13,45,14,13:45:14,118,Tahap-4
01/15/2025,13,45,14,13:45:14,80,Tahap-4
01/15/2025,13,45,14,13:45:14,302,Tahap-4
01/15/2025,13,45,14,13:45:14,126,Tahap-4
01/15/2025,13,45,14,13:45:14,245,Tahap-4
01/15/2025,13,45,14,13:45:14,235,Tahap-4
01/15/2025,13,45,15,13:45:15,339,Tahap-4
01/15/2025,13,45,15,13:45:15,293,Tahap-4
01/15/2025,13,45,15,13:45:15,185,Tahap-4
01/15/2025,13,45,15,13:45:15,239,Tahap-4
01/15/2025,13,45,15,13:45:15,954,Tahap-4
01/15/2025,13,45,15,13:45:15,816,Tahap-4
01/15/2025,13,45,15,13:45:15,590,Tahap-4
01/15/2025,13,45,15,13:45:15,388,Tahap-4
01/15/2025,13,45,15,13:45:15,348,Tahap-4
01/15/2025,13,45,15,13:45:15,179,Tahap-4
01/15/2025,13,45,16,13:45:16,443,Tahap-4
01/15/2025,13,45,16,13:45:16,193,Tahap-4
01/15/2025,13,45,16,13:45:16,579,Tahap-4
01/15/2025,13,45,16,13:45:16,234,Tahap-4
01/15/2025,13,45,16,13:45:16,293,Tahap-4
01/15/2025,13,45,16,13:45:16,458,Tahap-4
01/15/2025,13,45,16,13:45:16,47,Tahap-4
01/15/2025,13,45,16,13:45:16,397,Tahap-4
01/15/2025,13,45,16,13:45:16,121,Tahap-4
01/15/2025,13,45,16,13:45:16,284,Tahap-4
01/15/2025,13,45,17,13:45:17,172,Tahap-4
01/15/2025,13,45,17,13:45:17,6,Tahap-4
01/15/2025,13,45,17,13:45:17,174,Tahap-4
01/15/2025,13,45,17,13:45:17,92,Tahap-4
01/15/2025,13,45,17,13:45:17,50,Tahap-4
01/15/2025,13,45,18,13:45:18,96,Tahap-4
01/15/2025,13,45,18,13:45:18,144,Tahap-4
01/15/2025,13,45,18,13:45:18,42,Tahap-4
01/15/2025,13,45,18,13:45:18,68,Tahap-4
01/15/2025,13,45,18,13:45:18,42,Tahap-4
01/15/2025,13,45,18,13:45:18,128,Tahap-4
01/15/2025,13,45,18,13:45:18,48,Tahap-4
01/15/2025,13,45,18,13:45:18,134,Tahap-4
01/15/2025,13,45,18,13:45:18,54,Tahap-4
01/15/2025,13,45,18,13:45:18,108,Tahap-4
01/15/2025,13,45,18,13:45:18,-14,Tahap-4
01/15/2025,13,45,18,13:45:18,76,Tahap-4
01/15/2025,13,45,18,13:45:18,-18,Tahap-4
01/15/2025,13,45,18,13:45:18,54,Tahap-4
01/15/2025,13,45,18,13:45:18,-46,Tahap-4
01/15/2025,13,45,19,13:45:19,54,Tahap-4
01/15/2025,13,45,19,13:45:19,12,Tahap-4
01/15/2025,13,45,19,13:45:19,-2,Tahap-4
01/15/2025,13,45,19,13:45:19,86,Tahap-4
01/15/2025,13,45,19,13:45:19,-18,Tahap-4
01/15/2025,13,45,19,13:45:19,44,Tahap-4
01/15/2025,13,45,19,13:45:19,78,Tahap-4
01/15/2025,13,45,19,13:45:19,-2,Tahap-4
01/15/2025,13,45,19,13:45:19,2,Tahap-4
01/15/2025,13,45,19,13:45:19,52,Tahap-4
01/15/2025,13,45,20,13:45:20,54,Tahap-4
01/15/2025,13,45,20,13:45:20,-8,Tahap-4
01/15/2025,13,45,20,13:45:20,72,Tahap-4
01/15/2025,13,45,20,13:45:20,10,Tahap-4
01/15/2025,13,45,20,13:45:20,92,Tahap-4
01/15/2025,13,45,20,13:45:20,42,Tahap-4
01/15/2025,13,45,20,13:45:20,10,Tahap-4
01/15/2025,13,45,20,13:45:20,48,Tahap-4
01/15/2025,13,45,20,13:45:20,22,Tahap-4
01/15/2025,13,45,20,13:45:20,-38,Tahap-4
01/15/2025,13,45,21,13:45:21,12,Tahap-4
01/15/2025,13,45,21,13:45:21,6,Tahap-4
01/15/2025,13,45,21,13:45:21,-58,Tahap-4
01/15/2025,13,45,21,13:45:21,-22,Tahap-4
01/15/2025,13,45,21,13:45:21,-4,Tahap-4
01/15/2025,13,45,21,13:45:21,-22,Tahap-4
01/15/2025,13,45,21,13:45:21,20,Tahap-4
01/15/2025,13,45,21,13:45:21,-104,Tahap-4
01/15/2025,13,45,21,13:45:21,38,Tahap-4
01/15/2025,13,45,21,13:45:21,-72,Tahap-4
01/15/2025,13,45,22,13:45:22,-50,Tahap-4
01/15/2025,13,45,22,13:45:22,-86,Tahap-4
01/15/2025,13,45,22,13:45:22,-28,Tahap-4
01/15/2025,13,45,22,13:45:22,-108,Tahap-4
01/15/2025,13,45,22,13:45:22,-72,Tahap-4
01/15/2025,13,45,22,13:45:22,-80,Tahap-4
01/15/2025,13,45,22,13:45:22,-58,Tahap-4
01/15/2025,13,45,22,13:45:22,-16,Tahap-4
01/15/2025,13,45,22,13:45:22,-104,Tahap-4
01/15/2025,13,45,22,13:45:22,-48,Tahap-4
01/15/2025,13,45,23,13:45:23,-18,Tahap-4
01/15/2025,13,45,23,13:45:23,-160,Tahap-4
01/15/2025,13,45,23,13:45:23,-50,Tahap-4
01/15/2025,13,45,23,13:45:23,-76,Tahap-4
01/15/2025,13,45,23,13:45:23,-90,Tahap-4
01/15/2025,13,45,23,13:45:23,-116,Tahap-4
01/15/2025,13,45,23,13:45:23,-86,Tahap-4
01/15/2025,13,45,23,13:45:23,-152,Tahap-4
01/15/2025,13,45,23,13:45:23,-66,Tahap-4
01/15/2025,13,45,23,13:45:23,-142,Tahap-4
01/15/2025,13,45,24,13:45:24,-202,Tahap-4
01/15/2025,13,45,24,13:45:24,-100,Tahap-4
01/15/2025,13,45,24,13:45:24,-192,Tahap-4
01/15/2025,13,45,24,13:45:24,-244,Tahap-4
01/15/2025,13,45,24,13:45:24,-164,Tahap-4
01/15/2025,13,45,24,13:45:24,-214,Tahap-4
01/15/2025,13,45,24,13:45:24,-250,Tahap-4
01/15/2025,13,45,24,13:45:24,-204,Tahap-4
01/15/2025,13,45,24,13:45:24,-262,Tahap-4
01/15/2025,13,45,24,13:45:24,-244,Tahap-4
01/15/2025,13,45,25,13:45:25,-214,Tahap-4
01/15/2025,13,45,25,13:45:25,-338,Tahap-4
01/15/2025,13,45,25,13:45:25,-222,Tahap-4
01/15/2025,13,45,25,13:45:25,-280,Tahap-4
01/15/2025,13,45,25,13:45:25,-324,Tahap-4
01/15/2025,13,45,25,13:45:25,-372,Tahap-4
01/15/2025,13,45,25,13:45:25,-274,Tahap-4
01/15/2025,13,45,25,13:45:25,-378,Tahap-4
01/15/2025,13,45,25,13:45:25,-300,Tahap-4
01/15/2025,13,45,25,13:45:25,-260,Tahap-4
01/15/2025,13,45,26,13:45:26,-300,Tahap-4
01/15/2025,13,45,26,13:45:26,-238,Tahap-4
01/15/2025,13,45,26,13:45:26,-286,Tahap-4
01/15/2025,13,45,26,13:45:26,-262,Tahap-4
01/15/2025,13,45,26,13:45:26,-230,Tahap-4
01/15/2025,13,45,26,13:45:26,-268,Tahap-4
01/15/2025,13,45,26,13:45:26,-280,Tahap-4
01/15/2025,13,45,26,13:45:26,-298,Tahap-4
01/15/2025,13,45,26,13:45:26,-278,Tahap-4
01/15/2025,13,45,26,13:45:26,-364,Tahap-4
01/15/2025,13,45,27,13:45:27,-270,Tahap-4
01/15/2025,13,45,27,13:45:27,-336,Tahap-4
01/15/2025,13,45,27,13:45:27,-220,Tahap-4
01/15/2025,13,45,27,13:45:27,-314,Tahap-4
01/15/2025,13,45,27,13:45:27,-308,Tahap-4
01/15/2025,13,45,27,13:45:27,-258,Tahap-4
01/15/2025,13,45,27,13:45:27,-294,Tahap-4
01/15/2025,13,45,27,13:45:27,-304,Tahap-4
01/15/2025,13,45,27,13:45:27,-254,Tahap-4
01/15/2025,13,45,27,13:45:27,-282,Tahap-4
01/15/2025,13,45,27,13:45:27,-320,Tahap-4
01/15/2025,13,45,28,13:45:28,-334,Tahap-4
01/15/2025,13,45,28,13:45:28,-324,Tahap-4
01/15/2025,13,45,28,13:45:28,-328,Tahap-4
01/15/2025,13,45,28,13:45:28,-256,Tahap-4
01/15/2025,13,45,28,13:45:28,-420,Tahap-4
01/15/2025,13,45,28,13:45:28,-292,Tahap-4
01/15/2025,13,45,28,13:45:28,-362,Tahap-4
01/15/2025,13,45,28,13:45:28,-384,Tahap-4
01/15/2025,13,45,28,13:45:28,-352,Tahap-4
01/15/2025,13,45,28,13:45:28,-304,Tahap-4
01/15/2025,13,45,29,13:45:29,-372,Tahap-4
01/15/2025,13,45,29,13:45:29,-330,Tahap-4
01/15/2025,13,45,29,13:45:29,-314,Tahap-4
01/15/2025,13,45,29,13:45:29,-356,Tahap-4
01/15/2025,13,45,29,13:45:29,-272,Tahap-4
01/15/2025,13,45,29,13:45:29,-320,Tahap-4
01/15/2025,13,45,29,13:45:29,-392,Tahap-4
01/15/2025,13,45,29,13:45:29,-262,Tahap-4
01/15/2025,13,45,54,13:45:54,1637,Tahap-4
01/15/2025,13,45,54,13:45:54,437,Tahap-4
01/15/2025,13,45,54,13:45:54,252,Tahap-4
01/15/2025,13,45,54,13:45:54,136,Tahap-4
01/15/2025,13,45,54,13:45:54,318,Tahap-4
01/15/2025,13,45,54,13:45:54,99,Tahap-4
01/15/2025,13,45,54,13:45:54,111,Tahap-4
01/15/2025,13,45,54,13:45:54,105,Tahap-4
01/15/2025,13,45,55,13:45:55,21,Tahap-4
01/15/2025,13,45,55,13:45:55,137,Tahap-4
01/15/2025,13,45,55,13:45:55,120,Tahap-4
01/15/2025,13,45,55,13:45:55,149,Tahap-4
01/15/2025,13,45,55,13:45:55,112,Tahap-4
01/15/2025,13,45,55,13:45:55,56,Tahap-4
01/15/2025,13,45,55,13:45:55,18,Tahap-4
01/15/2025,13,45,55,13:45:55,60,Tahap-4
01/15/2025,13,45,55,13:45:55,148,Tahap-4
01/15/2025,13,45,55,13:45:55,59,Tahap-4
01/15/2025,13,45,56,13:45:56,35,Tahap-4
01/15/2025,13,45,56,13:45:56,35,Tahap-4
01/15/2025,13,45,56,13:45:56,105,Tahap-4
01/15/2025,13,45,56,13:45:56,177,Tahap-4
01/15/2025,13,45,56,13:45:56,530,Tahap-4
01/15/2025,13,45,56,13:45:56,253,Tahap-4
01/15/2025,13,45,56,13:45:56,131,Tahap-4
01/15/2025,13,45,56,13:45:56,114,Tahap-4
01/15/2025,13,45,56,13:45:56,73,Tahap-4
01/15/2025,13,45,56,13:45:56,35,Tahap-4
01/15/2025,13,45,57,13:45:57,106,Tahap-4
01/15/2025,13,45,57,13:45:57,66,Tahap-4
01/15/2025,13,45,57,13:45:57,91,Tahap-4
01/15/2025,13,45,57,13:45:57,87,Tahap-4
01/15/2025,13,45,57,13:45:57,71,Tahap-4
01/15/2025,13,45,57,13:45:57,89,Tahap-4
01/15/2025,13,45,57,13:45:57,186,Tahap-4
01/15/2025,13,45,57,13:45:57,95,Tahap-4
01/15/2025,13,45,57,13:45:57,71,Tahap-4
01/15/2025,13,45,57,13:45:57,34,Tahap-4
01/15/2025,13,45,58,13:45:58,110,Tahap-4
01/15/2025,13,45,58,13:45:58,25,Tahap-4
01/15/2025,13,45,58,13:45:58,67,Tahap-4
01/15/2025,13,45,58,13:45:58,20,Tahap-4
01/15/2025,13,45,58,13:45:58,235,Tahap-4
01/15/2025,13,45,58,13:45:58,129,Tahap-4
01/15/2025,13,45,58,13:45:58,304,Tahap-4
01/15/2025,13,45,58,13:45:58,94,Tahap-4
01/15/2025,13,45,58,13:45:58,185,Tahap-4
01/15/2025,13,45,58,13:45:58,75,Tahap-4
01/15/2025,13,45,59,13:45:59,113,Tahap-4
01/15/2025,13,45,59,13:45:59,71,Tahap-4
01/15/2025,13,45,59,13:45:59,123,Tahap-4
01/15/2025,13,45,59,13:45:59,118,Tahap-4
01/15/2025,13,45,59,13:45:59,41,Tahap-4
01/15/2025,13,45,59,13:45:59,126,Tahap-4
01/15/2025,13,45,59,13:45:59,61,Tahap-4
01/15/2025,13,45,59,13:45:59,183,Tahap-4
01/15/2025,13,45,59,13:45:59,36,Tahap-4
01/15/2025,13,45,59,13:45:59,41,Tahap-4
01/15/2025,13,46,1,13:46:01,838,Tahap-4
01/15/2025,13,46,1,13:46:01,468,Tahap-4
01/15/2025,13,46,1,13:46:01,71,Tahap-4
01/15/2025,13,46,1,13:46:01,201,Tahap-4
01/15/2025,13,46,1,13:46:01,63,Tahap-4
01/15/2025,13,46,1,13:46:01,100,Tahap-4
01/15/2025,13,46,1,13:46:01,91,Tahap-4
01/15/2025,13,46,1,13:46:01,244,Tahap-4
01/15/2025,13,46,1,13:46:01,316,Tahap-4
01/15/2025,13,46,1,13:46:01,62,Tahap-4
01/15/2025,13,46,2,13:46:02,61,Tahap-4
01/15/2025,13,46,2,13:46:02,31,Tahap-4
01/15/2025,13,46,2,13:46:02,145,Tahap-4
01/15/2025,13,46,2,13:46:02,111,Tahap-4
01/15/2025,13,46,2,13:46:02,326,Tahap-4
01/15/2025,13,46,2,13:46:02,142,Tahap-4
01/15/2025,13,46,2,13:46:02,65,Tahap-4
01/15/2025,13,46,2,13:46:02,620,Tahap-4
01/15/2025,13,46,2,13:46:02,150,Tahap-4
01/15/2025,13,46,2,13:46:02,215,Tahap-4
01/15/2025,13,46,3,13:46:03,384,Tahap-4
01/15/2025,13,46,3,13:46:03,1596,Tahap-4
01/15/2025,13,46,3,13:46:03,366,Tahap-4
01/15/2025,13,46,3,13:46:03,697,Tahap-4
01/15/2025,13,46,3,13:46:03,200,Tahap-4
01/15/2025,13,46,3,13:46:03,236,Tahap-4
01/15/2025,13,46,3,13:46:03,177,Tahap-4
01/15/2025,13,46,3,13:46:03,37,Tahap-4
01/15/2025,13,46,3,13:46:03,123,Tahap-4
01/15/2025,13,46,3,13:46:03,99,Tahap-4
01/15/2025,13,46,4,13:46:04,46,Tahap-4
01/15/2025,13,46,4,13:46:04,83,Tahap-4
01/15/2025,13,46,4,13:46:04,98,Tahap-4
01/15/2025,13,46,4,13:46:04,15,Tahap-4
01/15/2025,13,46,4,13:46:04,124,Tahap-4
01/15/2025,13,46,4,13:46:04,160,Tahap-4
01/15/2025,13,46,4,13:46:04,117,Tahap-4
01/15/2025,13,46,4,13:46:04,148,Tahap-4
01/15/2025,13,46,4,13:46:04,111,Tahap-4
01/15/2025,13,46,4,13:46:04,73,Tahap-4
01/15/2025,13,46,5,13:46:05,386,Tahap-4
01/15/2025,13,46,5,13:46:05,694,Tahap-4
01/15/2025,13,46,5,13:46:05,388,Tahap-4
01/15/2025,13,46,5,13:46:05,647,Tahap-4
01/15/2025,13,46,5,13:46:05,1061,Tahap-4
01/15/2025,13,46,5,13:46:05,773,Tahap-4
01/15/2025,13,46,5,13:46:05,328,Tahap-4
01/15/2025,13,46,5,13:46:05,139,Tahap-4
01/15/2025,13,46,5,13:46:05,196,Tahap-4
01/15/2025,13,46,5,13:46:05,180,Tahap-4
01/15/2025,13,46,6,13:46:06,163,Tahap-4
01/15/2025,13,46,6,13:46:06,226,Tahap-4
01/15/2025,13,46,6,13:46:06,227,Tahap-4
01/15/2025,13,46,6,13:46:06,192,Tahap-4
01/15/2025,13,46,6,13:46:06,277,Tahap-4
01/15/2025,13,46,6,13:46:06,151,Tahap-4
01/15/2025,13,46,6,13:46:06,174,Tahap-4
01/15/2025,13,46,6,13:46:06,252,Tahap-4
01/15/2025,13,46,6,13:46:06,463,Tahap-4
01/15/2025,13,46,6,13:46:06,240,Tahap-4
01/15/2025,13,46,7,13:46:07,-72,Tahap-4
01/15/2025,13,46,7,13:46:07,24,Tahap-4
01/15/2025,13,46,7,13:46:07,16,Tahap-4
01/15/2025,13,46,7,13:46:07,40,Tahap-4
01/15/2025,13,46,7,13:46:07,192,Tahap-4
01/15/2025,13,46,7,13:46:07,-176,Tahap-4
01/15/2025,13,46,7,13:46:07,200,Tahap-4
01/15/2025,13,46,7,13:46:07,248,Tahap-4
01/15/2025,13,46,7,13:46:07,-128,Tahap-4
01/15/2025,13,46,7,13:46:07,80,Tahap-4
01/15/2025,13,46,8,13:46:08,72,Tahap-4
01/15/2025,13,46,8,13:46:08,24,Tahap-4
01/15/2025,13,46,8,13:46:08,-56,Tahap-4
01/15/2025,13,46,8,13:46:08,48,Tahap-4
01/15/2025,13,46,8,13:46:08,-48,Tahap-4
01/15/2025,13,46,8,13:46:08,296,Tahap-4
01/15/2025,13,46,8,13:46:08,-80,Tahap-4
01/15/2025,13,46,8,13:46:08,8,Tahap-4
01/15/2025,13,46,8,13:46:08,320,Tahap-4
01/15/2025,13,46,8,13:46:08,16,Tahap-4
01/15/2025,13,46,9,13:46:09,-232,Tahap-4
01/15/2025,13,46,9,13:46:09,256,Tahap-4
01/15/2025,13,46,9,13:46:09,-56,Tahap-4
01/15/2025,13,46,9,13:46:09,-64,Tahap-4
01/15/2025,13,46,9,13:46:09,40,Tahap-4
01/15/2025,13,46,9,13:46:09,-88,Tahap-4
01/15/2025,13,46,9,13:46:09,144,Tahap-4
01/15/2025,13,46,9,13:46:09,80,Tahap-4
01/15/2025,13,46,9,13:46:09,-128,Tahap-4
01/15/2025,13,46,9,13:46:09,216,Tahap-4
01/15/2025,13,46,10,13:46:10,56,Tahap-4
01/15/2025,13,46,10,13:46:10,-32,Tahap-4
01/15/2025,13,46,10,13:46:10,40,Tahap-4
01/15/2025,13,46,10,13:46:10,312,Tahap-4
01/15/2025,13,46,10,13:46:10,-256,Tahap-4
01/15/2025,13,46,10,13:46:10,128,Tahap-4
01/15/2025,13,46,10,13:46:10,-80,Tahap-4
01/15/2025,13,46,10,13:46:10,184,Tahap-4
01/15/2025,13,46,10,13:46:10,192,Tahap-4
01/15/2025,13,46,10,13:46:10,-104,Tahap-4
01/15/2025,13,46,11,13:46:11,272,Tahap-4
01/15/2025,13,46,11,13:46:11,24,Tahap-4
01/15/2025,13,46,11,13:46:11,8,Tahap-4
01/15/2025,13,46,11,13:46:11,32,Tahap-4
01/15/2025,13,46,11,13:46:11,184,Tahap-4
01/15/2025,13,46,11,13:46:11,-104,Tahap-4
01/15/2025,13,46,11,13:46:11,-8,Tahap-4
01/15/2025,13,46,11,13:46:11,120,Tahap-4
01/15/2025,13,46,11,13:46:11,40,Tahap-4
01/15/2025,13,46,11,13:46:11,456,Tahap-4
01/15/2025,13,46,12,13:46:12,-176,Tahap-4
01/15/2025,13,46,12,13:46:12,312,Tahap-4
01/15/2025,13,46,12,13:46:12,176,Tahap-4
01/15/2025,13,46,12,13:46:12,24,Tahap-4
01/15/2025,13,46,12,13:46:12,160,Tahap-4
01/15/2025,13,46,12,13:46:12,88,Tahap-4
01/15/2025,13,46,12,13:46:12,56,Tahap-4
01/15/2025,13,46,12,13:46:12,-40,Tahap-4
01/15/2025,13,46,12,13:46:12,232,Tahap-4
01/15/2025,13,46,12,13:46:12,72,Tahap-4
01/15/2025,13,46,13,13:46:13,176,Tahap-4
01/15/2025,13,46,13,13:46:13,200,Tahap-4
01/15/2025,13,46,13,13:46:13,136,Tahap-4
01/15/2025,13,46,13,13:46:13,232,Tahap-4
01/15/2025,13,46,13,13:46:13,-112,Tahap-4
01/15/2025,13,46,13,13:46:13,288,Tahap-4
01/15/2025,13,46,13,13:46:13,8,Tahap-4
01/15/2025,13,46,13,13:46:13,192,Tahap-4
01/15/2025,13,46,13,13:46:13,-96,Tahap-4
01/15/2025,13,46,13,13:46:13,240,Tahap-4
01/15/2025,13,46,14,13:46:14,184,Tahap-4
01/15/2025,13,46,14,13:46:14,-16,Tahap-4
01/15/2025,13,46,14,13:46:14,360,Tahap-4
01/15/2025,13,46,14,13:46:14,128,Tahap-4
01/15/2025,13,46,14,13:46:14,24,Tahap-4
01/15/2025,13,46,14,13:46:14,144,Tahap-4
01/15/2025,13,46,14,13:46:14,72,Tahap-4
01/15/2025,13,46,14,13:46:14,216,Tahap-4
01/15/2025,13,46,14,13:46:14,32,Tahap-4
01/15/2025,13,46,15,13:46:15,24,Tahap-4
01/15/2025,13,46,15,13:46:15,280,Tahap-4
01/15/2025,13,46,15,13:46:15,-40,Tahap-4
01/15/2025,13,46,15,13:46:15,208,Tahap-4
01/15/2025,13,46,15,13:46:15,272,Tahap-4
01/15/2025,13,46,15,13:46:15,-56,Tahap-4
01/15/2025,13,46,15,13:46:15,136,Tahap-4
01/15/2025,13,46,15,13:46:15,80,Tahap-4
01/15/2025,13,46,15,13:46:15,64,Tahap-4
01/15/2025,13,46,15,13:46:15,56,Tahap-4
01/15/2025,13,46,16,13:46:16,144,Tahap-4
01/15/2025,13,46,16,13:46:16,-128,Tahap-4
01/15/2025,13,46,16,13:46:16,312,Tahap-4
01/15/2025,13,46,16,13:46:16,56,Tahap-4
01/15/2025,13,46,16,13:46:16,56,Tahap-4
01/15/2025,13,46,16,13:46:16,384,Tahap-4
01/15/2025,13,46,16,13:46:16,56,Tahap-4
01/15/2025,13,46,16,13:46:16,-24,Tahap-4
01/15/2025,13,46,16,13:46:16,248,Tahap-4
01/15/2025,13,46,16,13:46:16,192,Tahap-4
01/15/2025,13,46,17,13:46:17,-112,Tahap-4
01/15/2025,13,46,17,13:46:17,152,Tahap-4
01/15/2025,13,46,17,13:46:17,16,Tahap-4
01/15/2025,13,46,17,13:46:17,184,Tahap-4
01/15/2025,13,46,17,13:46:17,160,Tahap-4
01/15/2025,13,46,17,13:46:17,-32,Tahap-4
01/15/2025,13,46,18,13:46:18,264,Tahap-4
01/15/2025,13,46,18,13:46:18,120,Tahap-4
01/15/2025,13,46,18,13:46:18,32,Tahap-4
01/15/2025,13,46,18,13:46:18,88,Tahap-4
01/15/2025,13,46,18,13:46:18,160,Tahap-4
01/15/2025,13,46,18,13:46:18,-80,Tahap-4
01/15/2025,13,46,18,13:46:18,144,Tahap-4
01/15/2025,13,46,18,13:46:18,-24,Tahap-4
01/15/2025,13,46,18,13:46:18,64,Tahap-4
01/15/2025,13,46,18,13:46:18,144,Tahap-4
01/15/2025,13,46,18,13:46:18,-144,Tahap-4
01/15/2025,13,46,18,13:46:18,192,Tahap-4
01/15/2025,13,46,18,13:46:18,96,Tahap-4
01/15/2025,13,46,18,13:46:18,24,Tahap-4
01/15/2025,13,46,19,13:46:19,88,Tahap-4
01/15/2025,13,46,19,13:46:19,40,Tahap-4
01/15/2025,13,46,19,13:46:19,16,Tahap-4
01/15/2025,13,46,19,13:46:19,-96,Tahap-4
01/15/2025,13,46,19,13:46:19,128,Tahap-4
01/15/2025,13,46,19,13:46:19,-104,Tahap-4
01/15/2025,13,46,19,13:46:19,312,Tahap-4
01/15/2025,13,46,19,13:46:19,-224,Tahap-4
01/15/2025,13,46,44,13:46:44,1513,Tahap-4
01/15/2025,13,46,44,13:46:44,767,Tahap-4
01/15/2025,13,46,44,13:46:44,420,Tahap-4
01/15/2025,13,46,44,13:46:44,270,Tahap-4
01/15/2025,13,46,44,13:46:44,450,Tahap-4
01/15/2025,13,46,44,13:46:44,305,Tahap-4
01/15/2025,13,46,44,13:46:44,300,Tahap-4
01/15/2025,13,46,44,13:46:44,231,Tahap-4
01/15/2025,13,46,44,13:46:44,201,Tahap-4
01/15/2025,13,46,45,13:46:45,173,Tahap-4
01/15/2025,13,46,45,13:46:45,221,Tahap-4
01/15/2025,13,46,45,13:46:45,149,Tahap-4
01/15/2025,13,46,45,13:46:45,143,Tahap-4
01/15/2025,13,46,45,13:46:45,167,Tahap-4
01/15/2025,13,46,45,13:46:45,44,Tahap-4
01/15/2025,13,46,45,13:46:45,125,Tahap-4
01/15/2025,13,46,45,13:46:45,203,Tahap-4
01/15/2025,13,46,45,13:46:45,134,Tahap-4
01/15/2025,13,46,45,13:46:45,156,Tahap-4
01/15/2025,13,46,46,13:46:46,35,Tahap-4
01/15/2025,13,46,46,13:46:46,198,Tahap-4
01/15/2025,13,46,46,13:46:46,180,Tahap-4
01/15/2025,13,46,46,13:46:46,665,Tahap-4
01/15/2025,13,46,46,13:46:46,184,Tahap-4
01/15/2025,13,46,46,13:46:46,113,Tahap-4
01/15/2025,13,46,46,13:46:46,58,Tahap-4
01/15/2025,13,46,46,13:46:46,127,Tahap-4
01/15/2025,13,46,46,13:46:46,72,Tahap-4
01/15/2025,13,46,46,13:46:46,155,Tahap-4
01/15/2025,13,46,47,13:46:47,46,Tahap-4
01/15/2025,13,46,47,13:46:47,61,Tahap-4
01/15/2025,13,46,47,13:46:47,84,Tahap-4
01/15/2025,13,46,47,13:46:47,111,Tahap-4
01/15/2025,13,46,47,13:46:47,2,Tahap-4
01/15/2025,13,46,48,13:46:48,13,Tahap-4
01/15/2025,13,46,48,13:46:48,39,Tahap-4
01/15/2025,13,46,48,13:46:48,33,Tahap-4
01/15/2025,13,46,48,13:46:48,82,Tahap-4
01/15/2025,13,46,48,13:46:48,63,Tahap-4
01/15/2025,13,46,48,13:46:48,34,Tahap-4
01/15/2025,13,46,48,13:46:48,36,Tahap-4
01/15/2025,13,46,48,13:46:48,72,Tahap-4
01/15/2025,13,46,48,13:46:48,119,Tahap-4
01/15/2025,13,46,48,13:46:48,382,Tahap-4
01/15/2025,13,46,48,13:46:48,376,Tahap-4
01/15/2025,13,46,48,13:46:48,472,Tahap-4
01/15/2025,13,46,48,13:46:48,28,Tahap-4
01/15/2025,13,46,48,13:46:48,20,Tahap-4
01/15/2025,13,46,48,13:46:48,84,Tahap-4
01/15/2025,13,46,49,13:46:49,123,Tahap-4
01/15/2025,13,46,49,13:46:49,94,Tahap-4
01/15/2025,13,46,49,13:46:49,133,Tahap-4
01/15/2025,13,46,49,13:46:49,37,Tahap-4
01/15/2025,13,46,49,13:46:49,60,Tahap-4
01/15/2025,13,46,49,13:46:49,110,Tahap-4
01/15/2025,13,46,49,13:46:49,114,Tahap-4
01/15/2025,13,46,49,13:46:49,53,Tahap-4
01/15/2025,13,46,49,13:46:49,66,Tahap-4
01/15/2025,13,46,49,13:46:49,79,Tahap-4
01/15/2025,13,46,50,13:46:50,81,Tahap-4
01/15/2025,13,46,50,13:46:50,83,Tahap-4
01/15/2025,13,46,50,13:46:50,58,Tahap-4
01/15/2025,13,46,50,13:46:50,67,Tahap-4
01/15/2025,13,46,50,13:46:50,185,Tahap-4
01/15/2025,13,46,50,13:46:50,85,Tahap-4
01/15/2025,13,46,50,13:46:50,321,Tahap-4
01/15/2025,13,46,50,13:46:50,572,Tahap-4
01/15/2025,13,46,50,13:46:50,857,Tahap-4
01/15/2025,13,46,50,13:46:50,976,Tahap-4
01/15/2025,13,46,51,13:46:51,304,Tahap-4
01/15/2025,13,46,51,13:46:51,232,Tahap-4
01/15/2025,13,46,51,13:46:51,53,Tahap-4
01/15/2025,13,46,51,13:46:51,231,Tahap-4
01/15/2025,13,46,51,13:46:51,87,Tahap-4
01/15/2025,13,46,51,13:46:51,138,Tahap-4
01/15/2025,13,46,51,13:46:51,135,Tahap-4
01/15/2025,13,46,51,13:46:51,81,Tahap-4
01/15/2025,13,46,51,13:46:51,86,Tahap-4
01/15/2025,13,46,51,13:46:51,88,Tahap-4
01/15/2025,13,46,52,13:46:52,58,Tahap-4
01/15/2025,13,46,52,13:46:52,70,Tahap-4
01/15/2025,13,46,52,13:46:52,136,Tahap-4
01/15/2025,13,46,52,13:46:52,11,Tahap-4
01/15/2025,13,46,52,13:46:52,145,Tahap-4
01/15/2025,13,46,52,13:46:52,156,Tahap-4
01/15/2025,13,46,52,13:46:52,81,Tahap-4
01/15/2025,13,46,52,13:46:52,538,Tahap-4
01/15/2025,13,46,52,13:46:52,491,Tahap-4
01/15/2025,13,46,52,13:46:52,1539,Tahap-4
01/15/2025,13,46,53,13:46:53,1048,Tahap-4
01/15/2025,13,46,53,13:46:53,1421,Tahap-4
01/15/2025,13,46,53,13:46:53,963,Tahap-4
01/15/2025,13,46,53,13:46:53,177,Tahap-4
01/15/2025,13,46,53,13:46:53,209,Tahap-4
01/15/2025,13,46,53,13:46:53,42,Tahap-4
01/15/2025,13,46,53,13:46:53,155,Tahap-4
01/15/2025,13,46,53,13:46:53,95,Tahap-4
01/15/2025,13,46,53,13:46:53,120,Tahap-4
01/15/2025,13,46,53,13:46:53,74,Tahap-4
01/15/2025,13,46,54,13:46:54,192,Tahap-4
01/15/2025,13,46,54,13:46:54,145,Tahap-4
01/15/2025,13,46,54,13:46:54,122,Tahap-4
01/15/2025,13,46,54,13:46:54,129,Tahap-4
01/15/2025,13,46,54,13:46:54,112,Tahap-4
01/15/2025,13,46,54,13:46:54,40,Tahap-4
01/15/2025,13,46,54,13:46:54,48,Tahap-4
01/15/2025,13,46,54,13:46:54,169,Tahap-4
01/15/2025,13,46,54,13:46:54,256,Tahap-4
01/15/2025,13,46,54,13:46:54,408,Tahap-4
01/15/2025,13,46,55,13:46:55,893,Tahap-4
01/15/2025,13,46,55,13:46:55,863,Tahap-4
01/15/2025,13,46,55,13:46:55,424,Tahap-4
01/15/2025,13,46,55,13:46:55,479,Tahap-4
01/15/2025,13,46,55,13:46:55,1163,Tahap-4
01/15/2025,13,46,55,13:46:55,566,Tahap-4
01/15/2025,13,46,55,13:46:55,74,Tahap-4
01/15/2025,13,46,55,13:46:55,70,Tahap-4
01/15/2025,13,46,55,13:46:55,184,Tahap-4
01/15/2025,13,46,55,13:46:55,178,Tahap-4
01/15/2025,13,46,56,13:46:56,92,Tahap-4
01/15/2025,13,46,56,13:46:56,312,Tahap-4
01/15/2025,13,46,56,13:46:56,98,Tahap-4
01/15/2025,13,46,56,13:46:56,151,Tahap-4
01/15/2025,13,46,56,13:46:56,128,Tahap-4
01/15/2025,13,46,56,13:46:56,154,Tahap-4
01/15/2025,13,46,56,13:46:56,168,Tahap-4
01/15/2025,13,46,56,13:46:56,124,Tahap-4
01/15/2025,13,46,56,13:46:56,-96,Tahap-4
01/15/2025,13,46,56,13:46:56,100,Tahap-4
01/15/2025,13,46,57,13:46:57,12,Tahap-4
01/15/2025,13,46,57,13:46:57,108,Tahap-4
01/15/2025,13,46,57,13:46:57,128,Tahap-4
01/15/2025,13,46,57,13:46:57,-52,Tahap-4
01/15/2025,13,46,57,13:46:57,168,Tahap-4
01/15/2025,13,46,57,13:46:57,40,Tahap-4
01/15/2025,13,46,57,13:46:57,64,Tahap-4
01/15/2025,13,46,57,13:46:57,-24,Tahap-4
01/15/2025,13,46,57,13:46:57,144,Tahap-4
01/15/2025,13,46,57,13:46:57,-24,Tahap-4
01/15/2025,13,46,58,13:46:58,-20,Tahap-4
01/15/2025,13,46,58,13:46:58,68,Tahap-4
01/15/2025,13,46,58,13:46:58,-16,Tahap-4
01/15/2025,13,46,58,13:46:58,224,Tahap-4
01/15/2025,13,46,58,13:46:58,-100,Tahap-4
01/15/2025,13,46,58,13:46:58,100,Tahap-4
01/15/2025,13,46,58,13:46:58,96,Tahap-4
01/15/2025,13,46,58,13:46:58,12,Tahap-4
01/15/2025,13,46,58,13:46:58,20,Tahap-4
01/15/2025,13,46,58,13:46:58,52,Tahap-4
01/15/2025,13,46,59,13:46:59,84,Tahap-4
01/15/2025,13,46,59,13:46:59,-84,Tahap-4
01/15/2025,13,46,59,13:46:59,76,Tahap-4
01/15/2025,13,46,59,13:46:59,-52,Tahap-4
01/15/2025,13,46,59,13:46:59,172,Tahap-4
01/15/2025,13,46,59,13:46:59,-24,Tahap-4
01/15/2025,13,46,59,13:46:59,-28,Tahap-4
01/15/2025,13,46,59,13:46:59,160,Tahap-4
01/15/2025,13,46,59,13:46:59,16,Tahap-4
01/15/2025,13,46,59,13:46:59,32,Tahap-4
01/15/2025,13,47,1,13:47:01,-20,Tahap-4
01/15/2025,13,47,1,13:47:01,44,Tahap-4
01/15/2025,13,47,1,13:47:01,4,Tahap-4
01/15/2025,13,47,1,13:47:01,-28,Tahap-4
01/15/2025,13,47,1,13:47:01,-28,Tahap-4
01/15/2025,13,47,1,13:47:01,-28,Tahap-4
01/15/2025,13,47,1,13:47:01,112,Tahap-4
01/15/2025,13,47,1,13:47:01,84,Tahap-4
01/15/2025,13,47,1,13:47:01,-8,Tahap-4
01/15/2025,13,47,1,13:47:01,104,Tahap-4
01/15/2025,13,47,2,13:47:02,-8,Tahap-4
01/15/2025,13,47,2,13:47:02,-28,Tahap-4
01/15/2025,13,47,2,13:47:02,76,Tahap-4
01/15/2025,13,47,2,13:47:02,52,Tahap-4
01/15/2025,13,47,2,13:47:02,-48,Tahap-4
01/15/2025,13,47,2,13:47:02,60,Tahap-4
01/15/2025,13,47,2,13:47:02,-64,Tahap-4
01/15/2025,13,47,2,13:47:02,120,Tahap-4
01/15/2025,13,47,2,13:47:02,68,Tahap-4
01/15/2025,13,47,2,13:47:02,-80,Tahap-4
01/15/2025,13,47,3,13:47:03,172,Tahap-4
01/15/2025,13,47,3,13:47:03,16,Tahap-4
01/15/2025,13,47,3,13:47:03,-48,Tahap-4
01/15/2025,13,47,3,13:47:03,60,Tahap-4
01/15/2025,13,47,3,13:47:03,92,Tahap-4
01/15/2025,13,47,3,13:47:03,-68,Tahap-4
01/15/2025,13,47,3,13:47:03,44,Tahap-4
01/15/2025,13,47,3,13:47:03,-48,Tahap-4
01/15/2025,13,47,3,13:47:03,16,Tahap-4
01/15/2025,13,47,3,13:47:03,180,Tahap-4
01/15/2025,13,47,4,13:47:04,-72,Tahap-4
01/15/2025,13,47,4,13:47:04,96,Tahap-4
01/15/2025,13,47,4,13:47:04,108,Tahap-4
01/15/2025,13,47,4,13:47:04,-36,Tahap-4
01/15/2025,13,47,4,13:47:04,20,Tahap-4
01/15/2025,13,47,4,13:47:04,116,Tahap-4
01/15/2025,13,47,4,13:47:04,4,Tahap-4
01/15/2025,13,47,4,13:47:04,-24,Tahap-4
01/15/2025,13,47,4,13:47:04,92,Tahap-4
01/15/2025,13,47,4,13:47:04,-84,Tahap-4
01/15/2025,13,47,5,13:47:05,188,Tahap-4
01/15/2025,13,47,5,13:47:05,4,Tahap-4
01/15/2025,13,47,5,13:47:05,-4,Tahap-4
01/15/2025,13,47,5,13:47:05,132,Tahap-4
01/15/2025,13,47,5,13:47:05,-20,Tahap-4
01/15/2025,13,47,5,13:47:05,-24,Tahap-4
01/15/2025,13,47,5,13:47:05,48,Tahap-4
01/15/2025,13,47,5,13:47:05,64,Tahap-4
01/15/2025,13,47,5,13:47:05,-96,Tahap-4
01/15/2025,13,47,5,13:47:05,96,Tahap-4
01/15/2025,13,47,6,13:47:06,-108,Tahap-4
01/15/2025,13,47,6,13:47:06,164,Tahap-4
01/15/2025,13,47,6,13:47:06,4,Tahap-4
01/15/2025,13,47,6,13:47:06,140,Tahap-4
01/15/2025,13,47,6,13:47:06,-48,Tahap-4
01/15/2025,13,47,6,13:47:06,-20,Tahap-4
01/15/2025,13,47,6,13:47:06,8,Tahap-4
01/15/2025,13,47,6,13:47:06,108,Tahap-4
01/15/2025,13,47,6,13:47:06,-88,Tahap-4
01/15/2025,13,47,7,13:47:07,36,Tahap-4
01/15/2025,13,47,7,13:47:07,-28,Tahap-4
01/15/2025,13,47,7,13:47:07,136,Tahap-4
01/15/2025,13,47,7,13:47:07,48,Tahap-4
01/15/2025,13,47,7,13:47:07,-24,Tahap-4
01/15/2025,13,47,7,13:47:07,92,Tahap-4
01/15/2025,13,47,7,13:47:07,28,Tahap-4
01/15/2025,13,47,7,13:47:07,-16,Tahap-4
01/15/2025,13,47,7,13:47:07,32,Tahap-4
01/15/2025,13,47,7,13:47:07,92,Tahap-4
01/15/2025,13,47,8,13:47:08,24,Tahap-4
01/15/2025,13,47,8,13:47:08,4,Tahap-4
01/15/2025,13,47,8,13:47:08,96,Tahap-4
01/15/2025,13,47,8,13:47:08,52,Tahap-4
01/15/2025,13,47,8,13:47:08,-16,Tahap-4
01/15/2025,13,47,8,13:47:08,156,Tahap-4
01/15/2025,13,47,8,13:47:08,52,Tahap-4
01/15/2025,13,47,8,13:47:08,-20,Tahap-4
01/15/2025,13,47,8,13:47:08,60,Tahap-4
01/15/2025,13,47,9,13:47:09,100,Tahap-4
01/15/2025,13,47,9,13:47:09,32,Tahap-4
01/15/2025,13,47,9,13:47:09,48,Tahap-4
01/15/2025,13,47,9,13:47:09,24,Tahap-4
01/15/2025,13,47,9,13:47:09,132,Tahap-4
01/15/2025,13,47,9,13:47:09,112,Tahap-4
01/15/2025,13,47,9,13:47:09,-48,Tahap-4
01/15/2025,13,47,34,13:47:34,1490,Tahap-4
01/15/2025,13,47,34,13:47:34,887,Tahap-4
01/15/2025,13,47,34,13:47:34,382,Tahap-4
01/15/2025,13,47,34,13:47:34,333,Tahap-4
01/15/2025,13,47,34,13:47:34,315,Tahap-4
01/15/2025,13,47,34,13:47:34,176,Tahap-4
01/15/2025,13,47,34,13:47:34,224,Tahap-4
01/15/2025,13,47,34,13:47:34,187,Tahap-4
01/15/2025,13,47,34,13:47:34,73,Tahap-4
01/15/2025,13,47,34,13:47:34,204,Tahap-4
01/15/2025,13,47,35,13:47:35,134,Tahap-4
01/15/2025,13,47,35,13:47:35,189,Tahap-4
01/15/2025,13,47,35,13:47:35,92,Tahap-4
01/15/2025,13,47,35,13:47:35,43,Tahap-4
01/15/2025,13,47,35,13:47:35,153,Tahap-4
01/15/2025,13,47,35,13:47:35,133,Tahap-4
01/15/2025,13,47,35,13:47:35,120,Tahap-4
01/15/2025,13,47,35,13:47:35,67,Tahap-4
01/15/2025,13,47,35,13:47:35,54,Tahap-4
01/15/2025,13,47,35,13:47:35,53,Tahap-4
01/15/2025,13,47,36,13:47:36,165,Tahap-4
01/15/2025,13,47,36,13:47:36,110,Tahap-4
01/15/2025,13,47,36,13:47:36,506,Tahap-4
01/15/2025,13,47,36,13:47:36,131,Tahap-4
01/15/2025,13,47,36,13:47:36,212,Tahap-4
01/15/2025,13,47,36,13:47:36,175,Tahap-4
01/15/2025,13,47,36,13:47:36,20,Tahap-4
01/15/2025,13,47,36,13:47:36,109,Tahap-4
01/15/2025,13,47,36,13:47:36,112,Tahap-4
01/15/2025,13,47,36,13:47:36,114,Tahap-4
01/15/2025,13,47,37,13:47:37,71,Tahap-4
01/15/2025,13,47,37,13:47:37,57,Tahap-4
01/15/2025,13,47,37,13:47:37,58,Tahap-4
01/15/2025,13,47,37,13:47:37,109,Tahap-4
01/15/2025,13,47,37,13:47:37,176,Tahap-4
01/15/2025,13,47,37,13:47:37,118,Tahap-4
01/15/2025,13,47,37,13:47:37,47,Tahap-4
01/15/2025,13,47,37,13:47:37,24,Tahap-4
01/15/2025,13,47,37,13:47:37,89,Tahap-4
01/15/2025,13,47,37,13:47:37,111,Tahap-4
01/15/2025,13,47,38,13:47:38,82,Tahap-4
01/15/2025,13,47,38,13:47:38,61,Tahap-4
01/15/2025,13,47,38,13:47:38,194,Tahap-4
01/15/2025,13,47,38,13:47:38,102,Tahap-4
01/15/2025,13,47,38,13:47:38,288,Tahap-4
01/15/2025,13,47,38,13:47:38,214,Tahap-4
01/15/2025,13,47,38,13:47:38,127,Tahap-4
01/15/2025,13,47,38,13:47:38,168,Tahap-4
01/15/2025,13,47,38,13:47:38,106,Tahap-4
01/15/2025,13,47,38,13:47:38,56,Tahap-4
01/15/2025,13,47,39,13:47:39,104,Tahap-4
01/15/2025,13,47,39,13:47:39,75,Tahap-4
01/15/2025,13,47,39,13:47:39,130,Tahap-4
01/15/2025,13,47,39,13:47:39,124,Tahap-4
01/15/2025,13,47,39,13:47:39,63,Tahap-4
01/15/2025,13,47,39,13:47:39,18,Tahap-4
01/15/2025,13,47,39,13:47:39,36,Tahap-4
01/15/2025,13,47,39,13:47:39,62,Tahap-4
01/15/2025,13,47,39,13:47:39,186,Tahap-4
01/15/2025,13,47,39,13:47:39,136,Tahap-4
01/15/2025,13,47,40,13:47:40,148,Tahap-4
01/15/2025,13,47,40,13:47:40,43,Tahap-4
01/15/2025,13,47,40,13:47:40,160,Tahap-4
01/15/2025,13,47,40,13:47:40,56,Tahap-4
01/15/2025,13,47,40,13:47:40,153,Tahap-4
01/15/2025,13,47,40,13:47:40,53,Tahap-4
01/15/2025,13,47,40,13:47:40,436,Tahap-4
01/15/2025,13,47,40,13:47:40,1085,Tahap-4
01/15/2025,13,47,40,13:47:40,308,Tahap-4
01/15/2025,13,47,40,13:47:40,65,Tahap-4
01/15/2025,13,47,41,13:47:41,263,Tahap-4
01/15/2025,13,47,41,13:47:41,204,Tahap-4
01/15/2025,13,47,41,13:47:41,129,Tahap-4
01/15/2025,13,47,41,13:47:41,240,Tahap-4
01/15/2025,13,47,41,13:47:41,150,Tahap-4
01/15/2025,13,47,41,13:47:41,156,Tahap-4
01/15/2025,13,47,41,13:47:41,196,Tahap-4
01/15/2025,13,47,41,13:47:41,115,Tahap-4
01/15/2025,13,47,41,13:47:41,169,Tahap-4
01/15/2025,13,47,41,13:47:41,96,Tahap-4
01/15/2025,13,47,42,13:47:42,138,Tahap-4
01/15/2025,13,47,42,13:47:42,307,Tahap-4
01/15/2025,13,47,42,13:47:42,120,Tahap-4
01/15/2025,13,47,42,13:47:42,180,Tahap-4
01/15/2025,13,47,42,13:47:42,191,Tahap-4
01/15/2025,13,47,42,13:47:42,785,Tahap-4
01/15/2025,13,47,42,13:47:42,428,Tahap-4
01/15/2025,13,47,42,13:47:42,411,Tahap-4
01/15/2025,13,47,42,13:47:42,75,Tahap-4
01/15/2025,13,47,42,13:47:42,1468,Tahap-4
01/15/2025,13,47,43,13:47:43,699,Tahap-4
01/15/2025,13,47,43,13:47:43,424,Tahap-4
01/15/2025,13,47,43,13:47:43,267,Tahap-4
01/15/2025,13,47,43,13:47:43,208,Tahap-4
01/15/2025,13,47,43,13:47:43,209,Tahap-4
01/15/2025,13,47,43,13:47:43,140,Tahap-4
01/15/2025,13,47,43,13:47:43,183,Tahap-4
01/15/2025,13,47,43,13:47:43,158,Tahap-4
01/15/2025,13,47,43,13:47:43,57,Tahap-4
01/15/2025,13,47,43,13:47:43,213,Tahap-4
01/15/2025,13,47,44,13:47:44,65,Tahap-4
01/15/2025,13,47,44,13:47:44,218,Tahap-4
01/15/2025,13,47,44,13:47:44,167,Tahap-4
01/15/2025,13,47,44,13:47:44,72,Tahap-4
01/15/2025,13,47,44,13:47:44,141,Tahap-4
01/15/2025,13,47,44,13:47:44,238,Tahap-4
01/15/2025,13,47,44,13:47:44,272,Tahap-4
01/15/2025,13,47,44,13:47:44,302,Tahap-4
01/15/2025,13,47,44,13:47:44,328,Tahap-4
01/15/2025,13,47,44,13:47:44,245,Tahap-4
01/15/2025,13,47,45,13:47:45,248,Tahap-4
01/15/2025,13,47,45,13:47:45,420,Tahap-4
01/15/2025,13,47,45,13:47:45,1175,Tahap-4
01/15/2025,13,47,45,13:47:45,379,Tahap-4
01/15/2025,13,47,45,13:47:45,247,Tahap-4
01/15/2025,13,47,45,13:47:45,100,Tahap-4
01/15/2025,13,47,45,13:47:45,124,Tahap-4
01/15/2025,13,47,45,13:47:45,120,Tahap-4
01/15/2025,13,47,45,13:47:45,234,Tahap-4
01/15/2025,13,47,45,13:47:45,157,Tahap-4
01/15/2025,13,47,46,13:47:46,270,Tahap-4
01/15/2025,13,47,46,13:47:46,152,Tahap-4
01/15/2025,13,47,46,13:47:46,193,Tahap-4
01/15/2025,13,47,46,13:47:46,58,Tahap-4
01/15/2025,13,47,46,13:47:46,172,Tahap-4
01/15/2025,13,47,46,13:47:46,175,Tahap-4
01/15/2025,13,47,46,13:47:46,447,Tahap-4
01/15/2025,13,47,46,13:47:46,176,Tahap-4
01/15/2025,13,47,46,13:47:46,-208,Tahap-4
01/15/2025,13,47,46,13:47:46,80,Tahap-4
01/15/2025,13,47,47,13:47:47,-144,Tahap-4
01/15/2025,13,47,47,13:47:47,120,Tahap-4
01/15/2025,13,47,47,13:47:47,24,Tahap-4
01/15/2025,13,47,47,13:47:47,-216,Tahap-4
01/15/2025,13,47,47,13:47:47,200,Tahap-4
01/15/2025,13,47,48,13:47:48,-120,Tahap-4
01/15/2025,13,47,48,13:47:48,96,Tahap-4
01/15/2025,13,47,48,13:47:48,-16,Tahap-4
01/15/2025,13,47,48,13:47:48,-32,Tahap-4
01/15/2025,13,47,48,13:47:48,-200,Tahap-4
01/15/2025,13,47,48,13:47:48,16,Tahap-4
01/15/2025,13,47,48,13:47:48,-112,Tahap-4
01/15/2025,13,47,48,13:47:48,344,Tahap-4
01/15/2025,13,47,48,13:47:48,-216,Tahap-4
01/15/2025,13,47,48,13:47:48,176,Tahap-4
01/15/2025,13,47,48,13:47:48,120,Tahap-4
01/15/2025,13,47,48,13:47:48,-144,Tahap-4
01/15/2025,13,47,48,13:47:48,-16,Tahap-4
01/15/2025,13,47,48,13:47:48,176,Tahap-4
01/15/2025,13,47,49,13:47:49,-120,Tahap-4
01/15/2025,13,47,49,13:47:49,-80,Tahap-4
01/15/2025,13,47,49,13:47:49,-16,Tahap-4
01/15/2025,13,47,49,13:47:49,-136,Tahap-4
01/15/2025,13,47,49,13:47:49,192,Tahap-4
01/15/2025,13,47,49,13:47:49,120,Tahap-4
01/15/2025,13,47,49,13:47:49,-136,Tahap-4
01/15/2025,13,47,49,13:47:49,304,Tahap-4
01/15/2025,13,47,49,13:47:49,-248,Tahap-4
01/15/2025,13,47,49,13:47:49,-112,Tahap-4
01/15/2025,13,47,50,13:47:50,88,Tahap-4
01/15/2025,13,47,50,13:47:50,112,Tahap-4
01/15/2025,13,47,50,13:47:50,-224,Tahap-4
01/15/2025,13,47,50,13:47:50,112,Tahap-4
01/15/2025,13,47,50,13:47:50,-144,Tahap-4
01/15/2025,13,47,50,13:47:50,160,Tahap-4
01/15/2025,13,47,50,13:47:50,168,Tahap-4
01/15/2025,13,47,50,13:47:50,-96,Tahap-4
01/15/2025,13,47,50,13:47:50,32,Tahap-4
01/15/2025,13,47,50,13:47:50,176,Tahap-4
01/15/2025,13,47,51,13:47:51,-200,Tahap-4
01/15/2025,13,47,51,13:47:51,80,Tahap-4
01/15/2025,13,47,51,13:47:51,200,Tahap-4
01/15/2025,13,47,51,13:47:51,-216,Tahap-4
01/15/2025,13,47,51,13:47:51,152,Tahap-4
01/15/2025,13,47,51,13:47:51,-136,Tahap-4
01/15/2025,13,47,51,13:47:51,424,Tahap-4
01/15/2025,13,47,51,13:47:51,-160,Tahap-4
01/15/2025,13,47,51,13:47:51,96,Tahap-4
01/15/2025,13,47,52,13:47:52,96,Tahap-4
01/15/2025,13,47,52,13:47:52,32,Tahap-4
01/15/2025,13,47,52,13:47:52,120,Tahap-4
01/15/2025,13,47,52,13:47:52,160,Tahap-4
01/15/2025,13,47,52,13:47:52,-144,Tahap-4
01/15/2025,13,47,52,13:47:52,136,Tahap-4
01/15/2025,13,47,52,13:47:52,280,Tahap-4
01/15/2025,13,47,52,13:47:52,72,Tahap-4
01/15/2025,13,47,53,13:47:53,24,Tahap-4
01/15/2025,13,47,53,13:47:53,336,Tahap-4
01/15/2025,13,47,53,13:47:53,-64,Tahap-4
01/15/2025,13,47,53,13:47:53,136,Tahap-4
01/15/2025,13,47,53,13:47:53,192,Tahap-4
01/15/2025,13,47,53,13:47:53,-16,Tahap-4
01/15/2025,13,47,53,13:47:53,96,Tahap-4
01/15/2025,13,47,53,13:47:53,-8,Tahap-4
01/15/2025,13,47,53,13:47:53,152,Tahap-4
01/15/2025,13,47,54,13:47:54,296,Tahap-4
01/15/2025,13,47,54,13:47:54,-80,Tahap-4
01/15/2025,13,47,54,13:47:54,248,Tahap-4
01/15/2025,13,47,54,13:47:54,416,Tahap-4
01/15/2025,13,47,54,13:47:54,-176,Tahap-4
01/15/2025,13,47,54,13:47:54,216,Tahap-4
01/15/2025,13,47,54,13:47:54,200,Tahap-4
01/15/2025,13,47,54,13:47:54,8,Tahap-4
01/15/2025,13,47,54,13:47:54,72,Tahap-4
01/15/2025,13,47,54,13:47:54,136,Tahap-4
01/15/2025,13,47,55,13:47:55,48,Tahap-4
01/15/2025,13,47,55,13:47:55,368,Tahap-4
01/15/2025,13,47,55,13:47:55,-72,Tahap-4
01/15/2025,13,47,55,13:47:55,96,Tahap-4
01/15/2025,13,47,55,13:47:55,288,Tahap-4
01/15/2025,13,47,55,13:47:55,88,Tahap-4
01/15/2025,13,47,55,13:47:55,-72,Tahap-4
01/15/2025,13,47,55,13:47:55,328,Tahap-4
01/15/2025,13,47,55,13:47:55,16,Tahap-4
01/15/2025,13,47,55,13:47:55,8,Tahap-4
01/15/2025,13,47,56,13:47:56,208,Tahap-4
01/15/2025,13,47,56,13:47:56,120,Tahap-4
01/15/2025,13,47,56,13:47:56,200,Tahap-4
01/15/2025,13,47,56,13:47:56,304,Tahap-4
01/15/2025,13,47,56,13:47:56,-88,Tahap-4
01/15/2025,13,47,56,13:47:56,336,Tahap-4
01/15/2025,13,47,56,13:47:56,112,Tahap-4
01/15/2025,13,47,56,13:47:56,64,Tahap-4
01/15/2025,13,47,56,13:47:56,24,Tahap-4
01/15/2025,13,47,56,13:47:56,272,Tahap-4
01/15/2025,13,47,57,13:47:57,-136,Tahap-4
01/15/2025,13,47,57,13:47:57,208,Tahap-4
01/15/2025,13,47,57,13:47:57,112,Tahap-4
01/15/2025,13,47,57,13:47:57,88,Tahap-4
01/15/2025,13,47,57,13:47:57,296,Tahap-4
01/15/2025,13,47,57,13:47:57,24,Tahap-4
01/15/2025,13,47,57,13:47:57,88,Tahap-4
01/15/2025,13,47,57,13:47:57,160,Tahap-4
01/15/2025,13,47,57,13:47:57,80,Tahap-4
01/15/2025,13,47,57,13:47:57,40,Tahap-4
01/15/2025,13,47,58,13:47:58,88,Tahap-4
01/15/2025,13,47,58,13:47:58,208,Tahap-4
01/15/2025,13,47,58,13:47:58,-104,Tahap-4
01/15/2025,13,47,58,13:47:58,240,Tahap-4
01/15/2025,13,47,58,13:47:58,64,Tahap-4
01/15/2025,13,47,58,13:47:58,256,Tahap-4
01/15/2025,13,47,58,13:47:58,216,Tahap-4
01/15/2025,13,47,58,13:47:58,72,Tahap-4
01/15/2025,13,47,58,13:47:58,200,Tahap-4
01/15/2025,13,47,58,13:47:58,104,Tahap-4
01/15/2025,13,47,59,13:47:59,128,Tahap-4
01/15/2025,13,47,59,13:47:59,104,Tahap-4
01/15/2025,13,47,59,13:47:59,192,Tahap-4
01/15/2025,13,47,59,13:47:59,160,Tahap-4
01/15/2025,13,47,59,13:47:59,32,Tahap-4
01/15/2025,13,47,59,13:47:59,296,Tahap-4
01/15/2025,13,48,23,13:48:23,650,Tahap-4
01/15/2025,13,48,24,13:48:24,675,Tahap-4
01/15/2025,13,48,24,13:48:24,509,Tahap-4
01/15/2025,13,48,24,13:48:24,280,Tahap-4
01/15/2025,13,48,24,13:48:24,232,Tahap-4
01/15/2025,13,48,24,13:48:24,213,Tahap-4
01/15/2025,13,48,24,13:48:24,213,Tahap-4
01/15/2025,13,48,24,13:48:24,64,Tahap-4
01/15/2025,13,48,24,13:48:24,90,Tahap-4
01/15/2025,13,48,24,13:48:24,222,Tahap-4
01/15/2025,13,48,24,13:48:24,142,Tahap-4
01/15/2025,13,48,25,13:48:25,22,Tahap-4
01/15/2025,13,48,25,13:48:25,149,Tahap-4
01/15/2025,13,48,25,13:48:25,81,Tahap-4
01/15/2025,13,48,25,13:48:25,145,Tahap-4
01/15/2025,13,48,25,13:48:25,107,Tahap-4
01/15/2025,13,48,25,13:48:25,173,Tahap-4
01/15/2025,13,48,25,13:48:25,69,Tahap-4
01/15/2025,13,48,25,13:48:25,150,Tahap-4
01/15/2025,13,48,25,13:48:25,54,Tahap-4
01/15/2025,13,48,25,13:48:25,202,Tahap-4
01/15/2025,13,48,26,13:48:26,106,Tahap-4
01/15/2025,13,48,26,13:48:26,455,Tahap-4
01/15/2025,13,48,26,13:48:26,197,Tahap-4
01/15/2025,13,48,26,13:48:26,125,Tahap-4
01/15/2025,13,48,26,13:48:26,44,Tahap-4
01/15/2025,13,48,26,13:48:26,86,Tahap-4
01/15/2025,13,48,26,13:48:26,79,Tahap-4
01/15/2025,13,48,26,13:48:26,116,Tahap-4
01/15/2025,13,48,26,13:48:26,197,Tahap-4
01/15/2025,13,48,26,13:48:26,130,Tahap-4
01/15/2025,13,48,27,13:48:27,84,Tahap-4
01/15/2025,13,48,27,13:48:27,117,Tahap-4
01/15/2025,13,48,27,13:48:27,120,Tahap-4
01/15/2025,13,48,27,13:48:27,157,Tahap-4
01/15/2025,13,48,27,13:48:27,148,Tahap-4
01/15/2025,13,48,27,13:48:27,139,Tahap-4
01/15/2025,13,48,27,13:48:27,74,Tahap-4
01/15/2025,13,48,27,13:48:27,90,Tahap-4
01/15/2025,13,48,27,13:48:27,98,Tahap-4
01/15/2025,13,48,27,13:48:27,99,Tahap-4
01/15/2025,13,48,28,13:48:28,99,Tahap-4
01/15/2025,13,48,28,13:48:28,145,Tahap-4
01/15/2025,13,48,28,13:48:28,231,Tahap-4
01/15/2025,13,48,28,13:48:28,308,Tahap-4
01/15/2025,13,48,28,13:48:28,45,Tahap-4
01/15/2025,13,48,28,13:48:28,74,Tahap-4
01/15/2025,13,48,28,13:48:28,85,Tahap-4
01/15/2025,13,48,28,13:48:28,163,Tahap-4
01/15/2025,13,48,28,13:48:28,55,Tahap-4
01/15/2025,13,48,28,13:48:28,45,Tahap-4
01/15/2025,13,48,29,13:48:29,51,Tahap-4
01/15/2025,13,48,29,13:48:29,165,Tahap-4
01/15/2025,13,48,29,13:48:29,82,Tahap-4
01/15/2025,13,48,29,13:48:29,42,Tahap-4
01/15/2025,13,48,29,13:48:29,124,Tahap-4
01/15/2025,13,48,29,13:48:29,126,Tahap-4
01/15/2025,13,48,29,13:48:29,139,Tahap-4
01/15/2025,13,48,29,13:48:29,130,Tahap-4
01/15/2025,13,48,29,13:48:29,55,Tahap-4
01/15/2025,13,48,29,13:48:29,96,Tahap-4
01/15/2025,13,48,30,13:48:30,203,Tahap-4
01/15/2025,13,48,30,13:48:30,113,Tahap-4
01/15/2025,13,48,30,13:48:30,235,Tahap-4
01/15/2025,13,48,30,13:48:30,162,Tahap-4
01/15/2025,13,48,30,13:48:30,414,Tahap-4
01/15/2025,13,48,30,13:48:30,510,Tahap-4
01/15/2025,13,48,30,13:48:30,125,Tahap-4
01/15/2025,13,48,30,13:48:30,510,Tahap-4
01/15/2025,13,48,30,13:48:30,307,Tahap-4
01/15/2025,13,48,30,13:48:30,36,Tahap-4
01/15/2025,13,48,31,13:48:31,210,Tahap-4
01/15/2025,13,48,31,13:48:31,110,Tahap-4
01/15/2025,13,48,31,13:48:31,89,Tahap-4
01/15/2025,13,48,31,13:48:31,204,Tahap-4
01/15/2025,13,48,31,13:48:31,160,Tahap-4
01/15/2025,13,48,31,13:48:31,257,Tahap-4
01/15/2025,13,48,31,13:48:31,214,Tahap-4
01/15/2025,13,48,31,13:48:31,166,Tahap-4
01/15/2025,13,48,31,13:48:31,166,Tahap-4
01/15/2025,13,48,31,13:48:31,52,Tahap-4
01/15/2025,13,48,32,13:48:32,136,Tahap-4
01/15/2025,13,48,32,13:48:32,190,Tahap-4
01/15/2025,13,48,32,13:48:32,231,Tahap-4
01/15/2025,13,48,32,13:48:32,813,Tahap-4
01/15/2025,13,48,32,13:48:32,325,Tahap-4
01/15/2025,13,48,32,13:48:32,555,Tahap-4
01/15/2025,13,48,32,13:48:32,72,Tahap-4
01/15/2025,13,48,32,13:48:32,1353,Tahap-4
01/15/2025,13,48,32,13:48:32,487,Tahap-4
01/15/2025,13,48,32,13:48:32,513,Tahap-4
01/15/2025,13,48,33,13:48:33,745,Tahap-4
01/15/2025,13,48,33,13:48:33,288,Tahap-4
01/15/2025,13,48,33,13:48:33,292,Tahap-4
01/15/2025,13,48,33,13:48:33,210,Tahap-4
01/15/2025,13,48,33,13:48:33,158,Tahap-4
01/15/2025,13,48,33,13:48:33,142,Tahap-4
01/15/2025,13,48,33,13:48:33,151,Tahap-4
01/15/2025,13,48,33,13:48:33,322,Tahap-4
01/15/2025,13,48,33,13:48:33,158,Tahap-4
01/15/2025,13,48,33,13:48:33,167,Tahap-4
01/15/2025,13,48,34,13:48:34,143,Tahap-4
01/15/2025,13,48,34,13:48:34,167,Tahap-4
01/15/2025,13,48,34,13:48:34,64,Tahap-4
01/15/2025,13,48,34,13:48:34,77,Tahap-4
01/15/2025,13,48,34,13:48:34,276,Tahap-4
01/15/2025,13,48,34,13:48:34,63,Tahap-4
01/15/2025,13,48,34,13:48:34,316,Tahap-4
01/15/2025,13,48,34,13:48:34,274,Tahap-4
01/15/2025,13,48,34,13:48:34,794,Tahap-4
01/15/2025,13,48,34,13:48:34,750,Tahap-4
01/15/2025,13,48,35,13:48:35,838,Tahap-4
01/15/2025,13,48,35,13:48:35,534,Tahap-4
01/15/2025,13,48,35,13:48:35,639,Tahap-4
01/15/2025,13,48,35,13:48:35,204,Tahap-4
01/15/2025,13,48,35,13:48:35,53,Tahap-4
01/15/2025,13,48,35,13:48:35,133,Tahap-4
01/15/2025,13,48,35,13:48:35,137,Tahap-4
01/15/2025,13,48,35,13:48:35,278,Tahap-4
01/15/2025,13,48,35,13:48:35,290,Tahap-4
01/15/2025,13,48,35,13:48:35,286,Tahap-4
01/15/2025,13,48,36,13:48:36,284,Tahap-4
01/15/2025,13,48,36,13:48:36,161,Tahap-4
01/15/2025,13,48,36,13:48:36,216,Tahap-4
01/15/2025,13,48,36,13:48:36,207,Tahap-4
01/15/2025,13,48,36,13:48:36,224,Tahap-4
01/15/2025,13,48,36,13:48:36,215,Tahap-4
01/15/2025,13,48,36,13:48:36,208,Tahap-4
01/15/2025,13,48,36,13:48:36,-88,Tahap-4
01/15/2025,13,48,36,13:48:36,-24,Tahap-4
01/15/2025,13,48,36,13:48:36,120,Tahap-4
01/15/2025,13,48,37,13:48:37,-152,Tahap-4
01/15/2025,13,48,37,13:48:37,240,Tahap-4
01/15/2025,13,48,37,13:48:37,64,Tahap-4
01/15/2025,13,48,37,13:48:37,-160,Tahap-4
01/15/2025,13,48,37,13:48:37,360,Tahap-4
01/15/2025,13,48,37,13:48:37,-192,Tahap-4
01/15/2025,13,48,37,13:48:37,-88,Tahap-4
01/15/2025,13,48,37,13:48:37,104,Tahap-4
01/15/2025,13,48,37,13:48:37,64,Tahap-4
01/15/2025,13,48,37,13:48:37,-320,Tahap-4
01/15/2025,13,48,38,13:48:38,136,Tahap-4
01/15/2025,13,48,38,13:48:38,-96,Tahap-4
01/15/2025,13,48,38,13:48:38,40,Tahap-4
01/15/2025,13,48,38,13:48:38,296,Tahap-4
01/15/2025,13,48,38,13:48:38,-288,Tahap-4
01/15/2025,13,48,38,13:48:38,248,Tahap-4
01/15/2025,13,48,38,13:48:38,104,Tahap-4
01/15/2025,13,48,38,13:48:38,-144,Tahap-4
01/15/2025,13,48,38,13:48:38,96,Tahap-4
01/15/2025,13,48,38,13:48:38,264,Tahap-4
01/15/2025,13,48,39,13:48:39,-128,Tahap-4
01/15/2025,13,48,39,13:48:39,-64,Tahap-4
01/15/2025,13,48,39,13:48:39,56,Tahap-4
01/15/2025,13,48,39,13:48:39,40,Tahap-4
01/15/2025,13,48,39,13:48:39,-24,Tahap-4
01/15/2025,13,48,39,13:48:39,168,Tahap-4
01/15/2025,13,48,39,13:48:39,-56,Tahap-4
01/15/2025,13,48,39,13:48:39,-8,Tahap-4
01/15/2025,13,48,39,13:48:39,88,Tahap-4
01/15/2025,13,48,39,13:48:39,-72,Tahap-4
01/15/2025,13,48,40,13:48:40,32,Tahap-4
01/15/2025,13,48,40,13:48:40,64,Tahap-4
01/15/2025,13,48,40,13:48:40,-32,Tahap-4
01/15/2025,13,48,40,13:48:40,-96,Tahap-4
01/15/2025,13,48,40,13:48:40,112,Tahap-4
01/15/2025,13,48,40,13:48:40,-144,Tahap-4
01/15/2025,13,48,40,13:48:40,248,Tahap-4
01/15/2025,13,48,40,13:48:40,64,Tahap-4
01/15/2025,13,48,40,13:48:40,-64,Tahap-4
01/15/2025,13,48,41,13:48:41,112,Tahap-4
01/15/2025,13,48,41,13:48:41,-80,Tahap-4
01/15/2025,13,48,41,13:48:41,40,Tahap-4
01/15/2025,13,48,41,13:48:41,144,Tahap-4
01/15/2025,13,48,41,13:48:41,-136,Tahap-4
01/15/2025,13,48,41,13:48:41,32,Tahap-4
01/15/2025,13,48,41,13:48:41,88,Tahap-4
01/15/2025,13,48,41,13:48:41,-32,Tahap-4
01/15/2025,13,48,41,13:48:41,288,Tahap-4
01/15/2025,13,48,41,13:48:41,-80,Tahap-4
01/15/2025,13,48,42,13:48:42,72,Tahap-4
01/15/2025,13,48,42,13:48:42,24,Tahap-4
01/15/2025,13,48,42,13:48:42,-8,Tahap-4
01/15/2025,13,48,42,13:48:42,96,Tahap-4
01/15/2025,13,48,42,13:48:42,-8,Tahap-4
01/15/2025,13,48,42,13:48:42,-168,Tahap-4
01/15/2025,13,48,42,13:48:42,48,Tahap-4
01/15/2025,13,48,42,13:48:42,-112,Tahap-4
01/15/2025,13,48,42,13:48:42,312,Tahap-4
01/15/2025,13,48,43,13:48:43,-112,Tahap-4
01/15/2025,13,48,43,13:48:43,96,Tahap-4
01/15/2025,13,48,43,13:48:43,168,Tahap-4
01/15/2025,13,48,43,13:48:43,-192,Tahap-4
01/15/2025,13,48,43,13:48:43,96,Tahap-4
01/15/2025,13,48,43,13:48:43,-16,Tahap-4
01/15/2025,13,48,43,13:48:43,224,Tahap-4
01/15/2025,13,48,43,13:48:43,-248,Tahap-4
01/15/2025,13,48,43,13:48:43,208,Tahap-4
01/15/2025,13,48,43,13:48:43,-144,Tahap-4
01/15/2025,13,48,44,13:48:44,272,Tahap-4
01/15/2025,13,48,44,13:48:44,160,Tahap-4
01/15/2025,13,48,44,13:48:44,-192,Tahap-4
01/15/2025,13,48,44,13:48:44,320,Tahap-4
01/15/2025,13,48,44,13:48:44,96,Tahap-4
01/15/2025,13,48,44,13:48:44,-176,Tahap-4
01/15/2025,13,48,44,13:48:44,72,Tahap-4
01/15/2025,13,48,44,13:48:44,40,Tahap-4
01/15/2025,13,48,44,13:48:44,-104,Tahap-4
01/15/2025,13,48,44,13:48:44,-8,Tahap-4
01/15/2025,13,48,45,13:48:45,80,Tahap-4
01/15/2025,13,48,45,13:48:45,-88,Tahap-4
01/15/2025,13,48,45,13:48:45,344,Tahap-4
01/15/2025,13,48,45,13:48:45,-248,Tahap-4
01/15/2025,13,48,45,13:48:45,24,Tahap-4
01/15/2025,13,48,45,13:48:45,208,Tahap-4
01/15/2025,13,48,45,13:48:45,-168,Tahap-4
01/15/2025,13,48,45,13:48:45,-16,Tahap-4
01/15/2025,13,48,45,13:48:45,152,Tahap-4
01/15/2025,13,48,45,13:48:45,-32,Tahap-4
01/15/2025,13,48,46,13:48:46,-120,Tahap-4
01/15/2025,13,48,46,13:48:46,16,Tahap-4
01/15/2025,13,48,46,13:48:46,24,Tahap-4
01/15/2025,13,48,46,13:48:46,128,Tahap-4
01/15/2025,13,48,46,13:48:46,-8,Tahap-4
01/15/2025,13,48,46,13:48:46,256,Tahap-4
01/15/2025,13,48,46,13:48:46,-88,Tahap-4
01/15/2025,13,48,46,13:48:46,72,Tahap-4
01/15/2025,13,48,47,13:48:47,152,Tahap-4
01/15/2025,13,48,47,13:48:47,-128,Tahap-4
01/15/2025,13,48,47,13:48:47,96,Tahap-4
01/15/2025,13,48,47,13:48:47,-72,Tahap-4
01/15/2025,13,48,47,13:48:47,240,Tahap-4
01/15/2025,13,48,48,13:48:48,144,Tahap-4
01/15/2025,13,48,48,13:48:48,-136,Tahap-4
01/15/2025,13,48,48,13:48:48,312,Tahap-4
01/15/2025,13,48,48,13:48:48,64,Tahap-4
01/15/2025,13,48,48,13:48:48,-24,Tahap-4
01/15/2025,13,48,48,13:48:48,208,Tahap-4
01/15/2025,13,48,48,13:48:48,88,Tahap-4
01/15/2025,13,48,48,13:48:48,8,Tahap-4
01/15/2025,13,48,48,13:48:48,152,Tahap-4
01/15/2025,13,48,48,13:48:48,72,Tahap-4
01/15/2025,13,48,48,13:48:48,120,Tahap-4
01/15/2025,13,48,48,13:48:48,344,Tahap-4
01/15/2025,13,48,48,13:48:48,-224,Tahap-4
01/15/2025,13,48,48,13:48:48,272,Tahap-4
01/15/2025,13,48,48,13:48:48,168,Tahap-4
01/15/2025,13,48,49,13:48:49,8,Tahap-4
01/15/2025,13,48,49,13:48:49,112,Tahap-4
01/15/2025,13,48,49,13:48:49,272,Tahap-4
01/15/2025,13,48,49,13:48:49,-8,Tahap-4
01/15/2025,13,48,49,13:48:49,56,Tahap-4
01/15/2025,13,49,13,13:49:13,1383,Tahap-4
01/15/2025,13,49,13,13:49:13,337,Tahap-4
01/15/2025,13,49,14,13:49:14,550,Tahap-4
01/15/2025,13,49,14,13:49:14,295,Tahap-4
01/15/2025,13,49,14,13:49:14,221,Tahap-4
01/15/2025,13,49,14,13:49:14,187,Tahap-4
01/15/2025,13,49,14,13:49:14,229,Tahap-4
01/15/2025,13,49,14,13:49:14,68,Tahap-4
01/15/2025,13,49,14,13:49:14,192,Tahap-4
01/15/2025,13,49,14,13:49:14,94,Tahap-4
01/15/2025,13,49,14,13:49:14,152,Tahap-4
01/15/2025,13,49,14,13:49:14,248,Tahap-4
01/15/2025,13,49,15,13:49:15,163,Tahap-4
01/15/2025,13,49,15,13:49:15,3,Tahap-4
01/15/2025,13,49,15,13:49:15,140,Tahap-4
01/15/2025,13,49,15,13:49:15,125,Tahap-4
01/15/2025,13,49,15,13:49:15,145,Tahap-4
01/15/2025,13,49,15,13:49:15,145,Tahap-4
01/15/2025,13,49,15,13:49:15,72,Tahap-4
01/15/2025,13,49,15,13:49:15,61,Tahap-4
01/15/2025,13,49,15,13:49:15,134,Tahap-4
01/15/2025,13,49,15,13:49:15,113,Tahap-4
01/15/2025,13,49,16,13:49:16,664,Tahap-4
01/15/2025,13,49,16,13:49:16,100,Tahap-4
01/15/2025,13,49,16,13:49:16,186,Tahap-4
01/15/2025,13,49,16,13:49:16,83,Tahap-4
01/15/2025,13,49,16,13:49:16,66,Tahap-4
01/15/2025,13,49,16,13:49:16,127,Tahap-4
01/15/2025,13,49,16,13:49:16,15,Tahap-4
01/15/2025,13,49,16,13:49:16,97,Tahap-4
01/15/2025,13,49,16,13:49:16,115,Tahap-4
01/15/2025,13,49,16,13:49:16,77,Tahap-4
01/15/2025,13,49,17,13:49:17,49,Tahap-4
01/15/2025,13,49,17,13:49:17,37,Tahap-4
01/15/2025,13,49,17,13:49:17,119,Tahap-4
01/15/2025,13,49,17,13:49:17,55,Tahap-4
01/15/2025,13,49,17,13:49:17,166,Tahap-4
