Tanggal,Jam,Menit,Detik,Waktu,frekuensi,label
01/16/2025,11,33,19,11:33:19,69,Tahap-2
01/16/2025,11,33,19,11:33:19,43,Tahap-2
01/16/2025,11,33,19,11:33:19,46,Tahap-2
01/16/2025,11,33,19,11:33:19,92,Tahap-2
01/16/2025,11,33,19,11:33:19,68,Tahap-2
01/16/2025,11,33,19,11:33:19,42,Tahap-2
01/16/2025,11,33,19,11:33:19,52,Tahap-2
01/16/2025,11,33,19,11:33:19,61,Tahap-2
01/16/2025,11,33,19,11:33:19,45,Tahap-2
01/16/2025,11,33,19,11:33:19,35,Tahap-2
01/16/2025,11,33,19,11:33:19,50,Tahap-2
01/16/2025,11,33,19,11:33:19,29,Tahap-2
01/16/2025,11,33,19,11:33:19,23,Tahap-2
01/16/2025,11,33,19,11:33:19,25,Tahap-2
01/16/2025,11,33,19,11:33:19,49,Tahap-2
01/16/2025,11,33,19,11:33:19,33,Tahap-2
01/16/2025,11,33,19,11:33:19,16,Tahap-2
01/16/2025,11,33,19,11:33:19,6,Tahap-2
01/16/2025,11,33,19,11:33:19,71,Tahap-2
01/16/2025,11,33,19,11:33:19,34,Tahap-2
01/16/2025,11,33,19,11:33:19,45,Tahap-2
01/16/2025,11,33,19,11:33:19,3,Tahap-2
01/16/2025,11,33,19,11:33:19,15,Tahap-2
01/16/2025,11,33,19,11:33:19,23,Tahap-2
01/16/2025,11,33,19,11:33:19,28,Tahap-2
01/16/2025,11,33,19,11:33:19,48,Tahap-2
01/16/2025,11,33,19,11:33:19,24,Tahap-2
01/16/2025,11,33,19,11:33:19,23,Tahap-2
01/16/2025,11,33,19,11:33:19,18,Tahap-2
01/16/2025,11,33,20,11:33:20,27,Tahap-2
01/16/2025,11,33,20,11:33:20,38,Tahap-2
01/16/2025,11,33,20,11:33:20,31,Tahap-2
01/16/2025,11,33,20,11:33:20,44,Tahap-2
01/16/2025,11,33,20,11:33:20,60,Tahap-2
01/16/2025,11,33,20,11:33:20,35,Tahap-2
01/16/2025,11,33,20,11:33:20,57,Tahap-2
01/16/2025,11,33,20,11:33:20,32,Tahap-2
01/16/2025,11,33,20,11:33:20,18,Tahap-2
01/16/2025,11,33,20,11:33:20,39,Tahap-2
01/16/2025,11,33,21,11:33:21,21,Tahap-2
01/16/2025,11,33,21,11:33:21,28,Tahap-2
01/16/2025,11,33,21,11:33:21,49,Tahap-2
01/16/2025,11,33,21,11:33:21,35,Tahap-2
01/16/2025,11,33,21,11:33:21,12,Tahap-2
01/16/2025,11,33,21,11:33:21,29,Tahap-2
01/16/2025,11,33,21,11:33:21,5,Tahap-2
01/16/2025,11,33,21,11:33:21,34,Tahap-2
01/16/2025,11,33,21,11:33:21,45,Tahap-2
01/16/2025,11,33,21,11:33:21,53,Tahap-2
01/16/2025,11,33,22,11:33:22,35,Tahap-2
01/16/2025,11,33,22,11:33:22,27,Tahap-2
01/16/2025,11,33,22,11:33:22,29,Tahap-2
01/16/2025,11,33,22,11:33:22,43,Tahap-2
01/16/2025,11,33,22,11:33:22,19,Tahap-2
01/16/2025,11,33,22,11:33:22,21,Tahap-2
01/16/2025,11,33,22,11:33:22,29,Tahap-2
01/16/2025,11,33,22,11:33:22,33,Tahap-2
01/16/2025,11,33,22,11:33:22,27,Tahap-2
01/16/2025,11,33,22,11:33:22,41,Tahap-2
01/16/2025,11,33,23,11:33:23,11,Tahap-2
01/16/2025,11,33,23,11:33:23,30,Tahap-2
01/16/2025,11,33,23,11:33:23,17,Tahap-2
01/16/2025,11,33,23,11:33:23,16,Tahap-2
01/16/2025,11,33,23,11:33:23,47,Tahap-2
01/16/2025,11,33,23,11:33:23,11,Tahap-2
01/16/2025,11,33,23,11:33:23,32,Tahap-2
01/16/2025,11,33,23,11:33:23,18,Tahap-2
01/16/2025,11,33,23,11:33:23,39,Tahap-2
01/16/2025,11,33,23,11:33:23,16,Tahap-2
01/16/2025,11,33,24,11:33:24,12,Tahap-2
01/16/2025,11,33,24,11:33:24,47,Tahap-2
01/16/2025,11,33,24,11:33:24,10,Tahap-2
01/16/2025,11,33,24,11:33:24,11,Tahap-2
01/16/2025,11,33,24,11:33:24,51,Tahap-2
01/16/2025,11,33,24,11:33:24,18,Tahap-2
01/16/2025,11,33,24,11:33:24,23,Tahap-2
01/16/2025,11,33,24,11:33:24,4,Tahap-2
01/16/2025,11,33,24,11:33:24,30,Tahap-2
01/16/2025,11,33,24,11:33:24,24,Tahap-2
01/16/2025,11,33,25,11:33:25,14,Tahap-2
01/16/2025,11,33,25,11:33:25,51,Tahap-2
01/16/2025,11,33,25,11:33:25,79,Tahap-2
01/16/2025,11,33,25,11:33:25,28,Tahap-2
01/16/2025,11,33,25,11:33:25,23,Tahap-2
01/16/2025,11,33,25,11:33:25,23,Tahap-2
01/16/2025,11,33,25,11:33:25,12,Tahap-2
01/16/2025,11,33,25,11:33:25,31,Tahap-2
01/16/2025,11,33,25,11:33:25,32,Tahap-2
01/16/2025,11,33,25,11:33:25,37,Tahap-2
01/16/2025,11,33,26,11:33:26,26,Tahap-2
01/16/2025,11,33,26,11:33:26,80,Tahap-2
01/16/2025,11,33,26,11:33:26,28,Tahap-2
01/16/2025,11,33,26,11:33:26,19,Tahap-2
01/16/2025,11,33,26,11:33:26,52,Tahap-2
01/16/2025,11,33,26,11:33:26,72,Tahap-2
01/16/2025,11,33,26,11:33:26,35,Tahap-2
01/16/2025,11,33,26,11:33:26,37,Tahap-2
01/16/2025,11,33,26,11:33:26,64,Tahap-2
01/16/2025,11,33,26,11:33:26,66,Tahap-2
01/16/2025,11,33,27,11:33:27,57,Tahap-2
01/16/2025,11,33,27,11:33:27,68,Tahap-2
01/16/2025,11,33,27,11:33:27,39,Tahap-2
01/16/2025,11,33,27,11:33:27,17,Tahap-2
01/16/2025,11,33,27,11:33:27,43,Tahap-2
01/16/2025,11,33,27,11:33:27,93,Tahap-2
01/16/2025,11,33,27,11:33:27,20,Tahap-2
01/16/2025,11,33,27,11:33:27,40,Tahap-2
01/16/2025,11,33,27,11:33:27,31,Tahap-2
01/16/2025,11,33,27,11:33:27,45,Tahap-2
01/16/2025,11,33,28,11:33:28,20,Tahap-2
01/16/2025,11,33,28,11:33:28,46,Tahap-2
01/16/2025,11,33,28,11:33:28,-1,Tahap-2
01/16/2025,11,33,28,11:33:28,-1,Tahap-2
01/16/2025,11,33,28,11:33:28,1,Tahap-2
01/16/2025,11,33,28,11:33:28,-2,Tahap-2
01/16/2025,11,33,28,11:33:28,1,Tahap-2
01/16/2025,11,33,28,11:33:28,-4,Tahap-2
01/16/2025,11,33,28,11:33:28,3,Tahap-2
01/16/2025,11,33,29,11:33:29,-3,Tahap-2
01/16/2025,11,33,29,11:33:29,-3,Tahap-2
01/16/2025,11,33,29,11:33:29,-4,Tahap-2
01/16/2025,11,33,29,11:33:29,1,Tahap-2
01/16/2025,11,33,29,11:33:29,-2,Tahap-2
01/16/2025,11,33,29,11:33:29,-3,Tahap-2
01/16/2025,11,33,29,11:33:29,-4,Tahap-2
01/16/2025,11,33,29,11:33:29,-4,Tahap-2
01/16/2025,11,33,29,11:33:29,-2,Tahap-2
01/16/2025,11,33,29,11:33:29,-2,Tahap-2
01/16/2025,11,33,30,11:33:30,-3,Tahap-2
01/16/2025,11,33,30,11:33:30,-4,Tahap-2
01/16/2025,11,33,30,11:33:30,-4,Tahap-2
01/16/2025,11,33,30,11:33:30,-4,Tahap-2
01/16/2025,11,33,30,11:33:30,-1,Tahap-2
01/16/2025,11,33,30,11:33:30,-3,Tahap-2
01/16/2025,11,33,30,11:33:30,-2,Tahap-2
01/16/2025,11,33,30,11:33:30,-3,Tahap-2
01/16/2025,11,33,30,11:33:30,-2,Tahap-2
01/16/2025,11,33,31,11:33:31,-5,Tahap-2
01/16/2025,11,33,31,11:33:31,-2,Tahap-2
01/16/2025,11,33,31,11:33:31,-7,Tahap-2
01/16/2025,11,33,31,11:33:31,-3,Tahap-2
01/16/2025,11,33,31,11:33:31,-5,Tahap-2
01/16/2025,11,33,31,11:33:31,-6,Tahap-2
01/16/2025,11,33,31,11:33:31,-5,Tahap-2
01/16/2025,11,33,31,11:33:31,-3,Tahap-2
01/16/2025,11,33,31,11:33:31,-7,Tahap-2
01/16/2025,11,33,31,11:33:31,-6,Tahap-2
01/16/2025,11,33,32,11:33:32,-6,Tahap-2
01/16/2025,11,33,32,11:33:32,-6,Tahap-2
01/16/2025,11,33,32,11:33:32,-5,Tahap-2
01/16/2025,11,33,32,11:33:32,-2,Tahap-2
01/16/2025,11,33,32,11:33:32,-7,Tahap-2
01/16/2025,11,33,32,11:33:32,-4,Tahap-2
01/16/2025,11,33,32,11:33:32,-4,Tahap-2
01/16/2025,11,33,32,11:33:32,-6,Tahap-2
01/16/2025,11,33,32,11:33:32,-4,Tahap-2
01/16/2025,11,33,32,11:33:32,-6,Tahap-2
01/16/2025,11,33,33,11:33:33,-4,Tahap-2
01/16/2025,11,33,33,11:33:33,-6,Tahap-2
01/16/2025,11,33,33,11:33:33,-6,Tahap-2
01/16/2025,11,33,33,11:33:33,-7,Tahap-2
01/16/2025,11,33,33,11:33:33,-7,Tahap-2
01/16/2025,11,33,33,11:33:33,-6,Tahap-2
01/16/2025,11,33,33,11:33:33,-8,Tahap-2
01/16/2025,11,33,33,11:33:33,-6,Tahap-2
01/16/2025,11,33,33,11:33:33,-8,Tahap-2
01/16/2025,11,33,33,11:33:33,-6,Tahap-2
01/16/2025,11,33,34,11:33:34,-7,Tahap-2
01/16/2025,11,33,34,11:33:34,-4,Tahap-2
01/16/2025,11,33,34,11:33:34,-10,Tahap-2
01/16/2025,11,33,34,11:33:34,-7,Tahap-2
01/16/2025,11,33,34,11:33:34,-8,Tahap-2
01/16/2025,11,33,34,11:33:34,-9,Tahap-2
01/16/2025,11,33,34,11:33:34,-5,Tahap-2
01/16/2025,11,33,34,11:33:34,-10,Tahap-2
01/16/2025,11,33,34,11:33:34,-5,Tahap-2
01/16/2025,11,33,34,11:33:34,-8,Tahap-2
01/16/2025,11,33,35,11:33:35,-10,Tahap-2
01/16/2025,11,33,35,11:33:35,-8,Tahap-2
01/16/2025,11,33,35,11:33:35,-9,Tahap-2
01/16/2025,11,33,35,11:33:35,-10,Tahap-2
01/16/2025,11,33,35,11:33:35,-8,Tahap-2
01/16/2025,11,33,35,11:33:35,-9,Tahap-2
01/16/2025,11,33,35,11:33:35,-10,Tahap-2
01/16/2025,11,33,35,11:33:35,-8,Tahap-2
01/16/2025,11,33,35,11:33:35,-10,Tahap-2
01/16/2025,11,33,35,11:33:35,-8,Tahap-2
01/16/2025,11,33,36,11:33:36,-8,Tahap-2
01/16/2025,11,33,36,11:33:36,-9,Tahap-2
01/16/2025,11,33,36,11:33:36,-10,Tahap-2
01/16/2025,11,33,36,11:33:36,-7,Tahap-2
01/16/2025,11,33,36,11:33:36,-10,Tahap-2
01/16/2025,11,33,36,11:33:36,-10,Tahap-2
01/16/2025,11,33,36,11:33:36,-15,Tahap-2
01/16/2025,11,33,36,11:33:36,-9,Tahap-2
01/16/2025,11,33,36,11:33:36,-9,Tahap-2
01/16/2025,11,33,36,11:33:36,-12,Tahap-2
01/16/2025,11,33,37,11:33:37,-12,Tahap-2
01/16/2025,11,33,37,11:33:37,-13,Tahap-2
01/16/2025,11,33,37,11:33:37,-9,Tahap-2
01/16/2025,11,33,37,11:33:37,-13,Tahap-2
01/16/2025,11,33,37,11:33:37,-14,Tahap-2
01/16/2025,11,33,37,11:33:37,-14,Tahap-2
01/16/2025,11,33,37,11:33:37,-10,Tahap-2
01/16/2025,11,33,37,11:33:37,-11,Tahap-2
01/16/2025,11,33,37,11:33:37,-14,Tahap-2
01/16/2025,11,33,37,11:33:37,-16,Tahap-2
01/16/2025,11,33,38,11:33:38,-11,Tahap-2
01/16/2025,11,33,38,11:33:38,-15,Tahap-2
01/16/2025,11,33,38,11:33:38,-9,Tahap-2
01/16/2025,11,33,38,11:33:38,-13,Tahap-2
01/16/2025,11,33,38,11:33:38,-14,Tahap-2
01/16/2025,11,33,38,11:33:38,-13,Tahap-2
01/16/2025,11,33,38,11:33:38,-12,Tahap-2
01/16/2025,11,33,38,11:33:38,-14,Tahap-2
01/16/2025,11,33,38,11:33:38,-11,Tahap-2
01/16/2025,11,33,38,11:33:38,-16,Tahap-2
01/16/2025,11,33,39,11:33:39,-12,Tahap-2
01/16/2025,11,33,39,11:33:39,-12,Tahap-2
01/16/2025,11,33,39,11:33:39,-14,Tahap-2
01/16/2025,11,33,39,11:33:39,-11,Tahap-2
01/16/2025,11,33,39,11:33:39,-20,Tahap-2
01/16/2025,11,33,39,11:33:39,-12,Tahap-2
01/16/2025,11,33,39,11:33:39,-14,Tahap-2
01/16/2025,11,33,39,11:33:39,-12,Tahap-2
01/16/2025,11,33,39,11:33:39,-15,Tahap-2
01/16/2025,11,33,39,11:33:39,-13,Tahap-2
01/16/2025,11,33,40,11:33:40,-15,Tahap-2
01/16/2025,11,33,40,11:33:40,-15,Tahap-2
01/16/2025,11,33,40,11:33:40,-14,Tahap-2
01/16/2025,11,33,40,11:33:40,-18,Tahap-2
01/16/2025,11,33,40,11:33:40,-13,Tahap-2
01/16/2025,11,33,40,11:33:40,-18,Tahap-2
01/16/2025,11,33,40,11:33:40,-18,Tahap-2
01/16/2025,11,33,40,11:33:40,-16,Tahap-2
01/16/2025,11,33,40,11:33:40,-15,Tahap-2
01/16/2025,11,33,40,11:33:40,-16,Tahap-2
01/16/2025,11,33,41,11:33:41,-17,Tahap-2
01/16/2025,11,34,5,11:34:05,61,Tahap-2
01/16/2025,11,34,5,11:34:05,1184,Tahap-2
01/16/2025,11,34,5,11:34:05,406,Tahap-2
01/16/2025,11,34,5,11:34:05,463,Tahap-2
01/16/2025,11,34,5,11:34:05,394,Tahap-2
01/16/2025,11,34,6,11:34:06,301,Tahap-2
01/16/2025,11,34,6,11:34:06,289,Tahap-2
01/16/2025,11,34,6,11:34:06,293,Tahap-2
01/16/2025,11,34,6,11:34:06,188,Tahap-2
01/16/2025,11,34,6,11:34:06,362,Tahap-2
01/16/2025,11,34,6,11:34:06,92,Tahap-2
01/16/2025,11,34,6,11:34:06,245,Tahap-2
01/16/2025,11,34,6,11:34:06,187,Tahap-2
01/16/2025,11,34,6,11:34:06,90,Tahap-2
01/16/2025,11,34,6,11:34:06,216,Tahap-2
01/16/2025,11,34,7,11:34:07,170,Tahap-2
01/16/2025,11,34,7,11:34:07,209,Tahap-2
01/16/2025,11,34,7,11:34:07,111,Tahap-2
01/16/2025,11,34,7,11:34:07,21,Tahap-2
01/16/2025,11,34,7,11:34:07,129,Tahap-2
01/16/2025,11,34,7,11:34:07,102,Tahap-2
01/16/2025,11,34,7,11:34:07,193,Tahap-2
01/16/2025,11,34,7,11:34:07,200,Tahap-2
01/16/2025,11,34,7,11:34:07,262,Tahap-2
01/16/2025,11,34,7,11:34:07,194,Tahap-2
01/16/2025,11,34,8,11:34:08,102,Tahap-2
01/16/2025,11,34,8,11:34:08,89,Tahap-2
01/16/2025,11,34,8,11:34:08,82,Tahap-2
01/16/2025,11,34,8,11:34:08,74,Tahap-2
01/16/2025,11,34,8,11:34:08,137,Tahap-2
01/16/2025,11,34,8,11:34:08,154,Tahap-2
01/16/2025,11,34,8,11:34:08,76,Tahap-2
01/16/2025,11,34,8,11:34:08,97,Tahap-2
01/16/2025,11,34,8,11:34:08,139,Tahap-2
01/16/2025,11,34,8,11:34:08,363,Tahap-2
01/16/2025,11,34,9,11:34:09,39,Tahap-2
01/16/2025,11,34,9,11:34:09,77,Tahap-2
01/16/2025,11,34,9,11:34:09,123,Tahap-2
01/16/2025,11,34,9,11:34:09,64,Tahap-2
01/16/2025,11,34,9,11:34:09,124,Tahap-2
01/16/2025,11,34,9,11:34:09,192,Tahap-2
01/16/2025,11,34,9,11:34:09,19,Tahap-2
01/16/2025,11,34,9,11:34:09,81,Tahap-2
01/16/2025,11,34,9,11:34:09,294,Tahap-2
01/16/2025,11,34,9,11:34:09,292,Tahap-2
01/16/2025,11,34,10,11:34:10,52,Tahap-2
01/16/2025,11,34,10,11:34:10,220,Tahap-2
01/16/2025,11,34,10,11:34:10,33,Tahap-2
01/16/2025,11,34,10,11:34:10,83,Tahap-2
01/16/2025,11,34,10,11:34:10,154,Tahap-2
01/16/2025,11,34,10,11:34:10,144,Tahap-2
01/16/2025,11,34,10,11:34:10,85,Tahap-2
01/16/2025,11,34,10,11:34:10,193,Tahap-2
01/16/2025,11,34,10,11:34:10,165,Tahap-2
01/16/2025,11,34,10,11:34:10,28,Tahap-2
01/16/2025,11,34,11,11:34:11,165,Tahap-2
01/16/2025,11,34,11,11:34:11,59,Tahap-2
01/16/2025,11,34,11,11:34:11,56,Tahap-2
01/16/2025,11,34,11,11:34:11,121,Tahap-2
01/16/2025,11,34,11,11:34:11,137,Tahap-2
01/16/2025,11,34,11,11:34:11,116,Tahap-2
01/16/2025,11,34,11,11:34:11,338,Tahap-2
01/16/2025,11,34,11,11:34:11,78,Tahap-2
01/16/2025,11,34,11,11:34:11,396,Tahap-2
01/16/2025,11,34,11,11:34:11,207,Tahap-2
01/16/2025,11,34,12,11:34:12,260,Tahap-2
01/16/2025,11,34,12,11:34:12,204,Tahap-2
01/16/2025,11,34,12,11:34:12,996,Tahap-2
01/16/2025,11,34,12,11:34:12,114,Tahap-2
01/16/2025,11,34,12,11:34:12,175,Tahap-2
01/16/2025,11,34,12,11:34:12,242,Tahap-2
01/16/2025,11,34,12,11:34:12,232,Tahap-2
01/16/2025,11,34,12,11:34:12,113,Tahap-2
01/16/2025,11,34,12,11:34:12,163,Tahap-2
01/16/2025,11,34,12,11:34:12,104,Tahap-2
01/16/2025,11,34,12,11:34:12,70,Tahap-2
01/16/2025,11,34,13,11:34:13,155,Tahap-2
01/16/2025,11,34,13,11:34:13,188,Tahap-2
01/16/2025,11,34,13,11:34:13,101,Tahap-2
01/16/2025,11,34,13,11:34:13,192,Tahap-2
01/16/2025,11,34,13,11:34:13,81,Tahap-2
01/16/2025,11,34,13,11:34:13,71,Tahap-2
01/16/2025,11,34,13,11:34:13,353,Tahap-2
01/16/2025,11,34,13,11:34:13,352,Tahap-2
01/16/2025,11,34,13,11:34:13,199,Tahap-2
01/16/2025,11,34,13,11:34:13,95,Tahap-2
01/16/2025,11,34,14,11:34:14,337,Tahap-2
01/16/2025,11,34,14,11:34:14,399,Tahap-2
01/16/2025,11,34,14,11:34:14,1659,Tahap-2
01/16/2025,11,34,14,11:34:14,971,Tahap-2
01/16/2025,11,34,14,11:34:14,1073,Tahap-2
01/16/2025,11,34,14,11:34:14,550,Tahap-2
01/16/2025,11,34,14,11:34:14,494,Tahap-2
01/16/2025,11,34,14,11:34:14,184,Tahap-2
01/16/2025,11,34,14,11:34:14,549,Tahap-2
01/16/2025,11,34,14,11:34:14,304,Tahap-2
01/16/2025,11,34,15,11:34:15,252,Tahap-2
01/16/2025,11,34,15,11:34:15,155,Tahap-2
01/16/2025,11,34,15,11:34:15,252,Tahap-2
01/16/2025,11,34,15,11:34:15,204,Tahap-2
01/16/2025,11,34,15,11:34:15,231,Tahap-2
01/16/2025,11,34,15,11:34:15,161,Tahap-2
01/16/2025,11,34,15,11:34:15,78,Tahap-2
01/16/2025,11,34,15,11:34:15,195,Tahap-2
01/16/2025,11,34,15,11:34:15,395,Tahap-2
01/16/2025,11,34,15,11:34:15,270,Tahap-2
01/16/2025,11,34,16,11:34:16,159,Tahap-2
01/16/2025,11,34,16,11:34:16,164,Tahap-2
01/16/2025,11,34,16,11:34:16,656,Tahap-2
01/16/2025,11,34,16,11:34:16,541,Tahap-2
01/16/2025,11,34,16,11:34:16,741,Tahap-2
01/16/2025,11,34,16,11:34:16,2408,Tahap-2
01/16/2025,11,34,16,11:34:16,875,Tahap-2
01/16/2025,11,34,16,11:34:16,414,Tahap-2
01/16/2025,11,34,16,11:34:16,455,Tahap-2
01/16/2025,11,34,16,11:34:16,286,Tahap-2
01/16/2025,11,34,18,11:34:18,138,Tahap-2
01/16/2025,11,34,18,11:34:18,195,Tahap-2
01/16/2025,11,34,18,11:34:18,329,Tahap-2
01/16/2025,11,34,18,11:34:18,601,Tahap-2
01/16/2025,11,34,18,11:34:18,692,Tahap-2
01/16/2025,11,34,18,11:34:18,471,Tahap-2
01/16/2025,11,34,18,11:34:18,108,Tahap-2
01/16/2025,11,34,18,11:34:18,390,Tahap-2
01/16/2025,11,34,18,11:34:18,188,Tahap-2
01/16/2025,11,34,18,11:34:18,176,Tahap-2
01/16/2025,11,34,18,11:34:18,212,Tahap-2
01/16/2025,11,34,18,11:34:18,-88,Tahap-2
01/16/2025,11,34,18,11:34:18,64,Tahap-2
01/16/2025,11,34,18,11:34:18,-48,Tahap-2
01/16/2025,11,34,18,11:34:18,4,Tahap-2
01/16/2025,11,34,18,11:34:18,-152,Tahap-2
01/16/2025,11,34,18,11:34:18,104,Tahap-2
01/16/2025,11,34,18,11:34:18,-120,Tahap-2
01/16/2025,11,34,18,11:34:18,108,Tahap-2
01/16/2025,11,34,18,11:34:18,-52,Tahap-2
01/16/2025,11,34,19,11:34:19,-108,Tahap-2
01/16/2025,11,34,19,11:34:19,100,Tahap-2
01/16/2025,11,34,19,11:34:19,-160,Tahap-2
01/16/2025,11,34,19,11:34:19,8,Tahap-2
01/16/2025,11,34,19,11:34:19,-32,Tahap-2
01/16/2025,11,34,19,11:34:19,-4,Tahap-2
01/16/2025,11,34,19,11:34:19,-148,Tahap-2
01/16/2025,11,34,19,11:34:19,24,Tahap-2
01/16/2025,11,34,19,11:34:19,-16,Tahap-2
01/16/2025,11,34,19,11:34:19,-36,Tahap-2
01/16/2025,11,34,20,11:34:20,112,Tahap-2
01/16/2025,11,34,20,11:34:20,-228,Tahap-2
01/16/2025,11,34,20,11:34:20,156,Tahap-2
01/16/2025,11,34,20,11:34:20,-72,Tahap-2
01/16/2025,11,34,20,11:34:20,-56,Tahap-2
01/16/2025,11,34,20,11:34:20,44,Tahap-2
01/16/2025,11,34,20,11:34:20,-8,Tahap-2
01/16/2025,11,34,20,11:34:20,-52,Tahap-2
01/16/2025,11,34,20,11:34:20,-128,Tahap-2
01/16/2025,11,34,20,11:34:20,72,Tahap-2
01/16/2025,11,34,21,11:34:21,-172,Tahap-2
01/16/2025,11,34,21,11:34:21,152,Tahap-2
01/16/2025,11,34,21,11:34:21,-160,Tahap-2
01/16/2025,11,34,21,11:34:21,-36,Tahap-2
01/16/2025,11,34,21,11:34:21,104,Tahap-2
01/16/2025,11,34,21,11:34:21,-156,Tahap-2
01/16/2025,11,34,21,11:34:21,24,Tahap-2
01/16/2025,11,34,21,11:34:21,20,Tahap-2
01/16/2025,11,34,21,11:34:21,-140,Tahap-2
01/16/2025,11,34,22,11:34:22,80,Tahap-2
01/16/2025,11,34,22,11:34:22,-104,Tahap-2
01/16/2025,11,34,22,11:34:22,72,Tahap-2
01/16/2025,11,34,22,11:34:22,96,Tahap-2
01/16/2025,11,34,22,11:34:22,-284,Tahap-2
01/16/2025,11,34,22,11:34:22,188,Tahap-2
01/16/2025,11,34,22,11:34:22,-32,Tahap-2
01/16/2025,11,34,22,11:34:22,-72,Tahap-2
01/16/2025,11,34,22,11:34:22,-4,Tahap-2
01/16/2025,11,34,22,11:34:22,60,Tahap-2
01/16/2025,11,34,23,11:34:23,-164,Tahap-2
01/16/2025,11,34,23,11:34:23,48,Tahap-2
01/16/2025,11,34,23,11:34:23,-16,Tahap-2
01/16/2025,11,34,23,11:34:23,-80,Tahap-2
01/16/2025,11,34,23,11:34:23,204,Tahap-2
01/16/2025,11,34,23,11:34:23,-180,Tahap-2
01/16/2025,11,34,23,11:34:23,92,Tahap-2
01/16/2025,11,34,23,11:34:23,4,Tahap-2
01/16/2025,11,34,23,11:34:23,-160,Tahap-2
01/16/2025,11,34,23,11:34:23,108,Tahap-2
01/16/2025,11,34,24,11:34:24,-36,Tahap-2
01/16/2025,11,34,24,11:34:24,4,Tahap-2
01/16/2025,11,34,24,11:34:24,-36,Tahap-2
01/16/2025,11,34,24,11:34:24,128,Tahap-2
01/16/2025,11,34,24,11:34:24,-60,Tahap-2
01/16/2025,11,34,24,11:34:24,-28,Tahap-2
01/16/2025,11,34,24,11:34:24,64,Tahap-2
01/16/2025,11,34,24,11:34:24,-40,Tahap-2
01/16/2025,11,34,24,11:34:24,168,Tahap-2
01/16/2025,11,34,24,11:34:24,-156,Tahap-2
01/16/2025,11,34,25,11:34:25,52,Tahap-2
01/16/2025,11,34,25,11:34:25,96,Tahap-2
01/16/2025,11,34,25,11:34:25,-72,Tahap-2
01/16/2025,11,34,25,11:34:25,-56,Tahap-2
01/16/2025,11,34,25,11:34:25,100,Tahap-2
01/16/2025,11,34,25,11:34:25,24,Tahap-2
01/16/2025,11,34,25,11:34:25,-96,Tahap-2
01/16/2025,11,34,25,11:34:25,108,Tahap-2
01/16/2025,11,34,25,11:34:25,-20,Tahap-2
01/16/2025,11,34,25,11:34:25,100,Tahap-2
01/16/2025,11,34,26,11:34:26,8,Tahap-2
01/16/2025,11,34,26,11:34:26,-116,Tahap-2
01/16/2025,11,34,26,11:34:26,152,Tahap-2
01/16/2025,11,34,26,11:34:26,28,Tahap-2
01/16/2025,11,34,26,11:34:26,-12,Tahap-2
01/16/2025,11,34,26,11:34:26,-8,Tahap-2
01/16/2025,11,34,26,11:34:26,136,Tahap-2
01/16/2025,11,34,26,11:34:26,-100,Tahap-2
01/16/2025,11,34,26,11:34:26,36,Tahap-2
01/16/2025,11,34,26,11:34:26,44,Tahap-2
01/16/2025,11,34,27,11:34:27,28,Tahap-2
01/16/2025,11,34,27,11:34:27,116,Tahap-2
01/16/2025,11,34,27,11:34:27,-104,Tahap-2
01/16/2025,11,34,27,11:34:27,120,Tahap-2
01/16/2025,11,34,27,11:34:27,28,Tahap-2
01/16/2025,11,34,27,11:34:27,12,Tahap-2
01/16/2025,11,34,27,11:34:27,8,Tahap-2
01/16/2025,11,34,27,11:34:27,76,Tahap-2
01/16/2025,11,34,27,11:34:27,24,Tahap-2
01/16/2025,11,34,27,11:34:27,4,Tahap-2
01/16/2025,11,34,28,11:34:28,56,Tahap-2
01/16/2025,11,34,28,11:34:28,-52,Tahap-2
01/16/2025,11,34,28,11:34:28,144,Tahap-2
01/16/2025,11,34,28,11:34:28,-52,Tahap-2
01/16/2025,11,34,28,11:34:28,-4,Tahap-2
01/16/2025,11,34,28,11:34:28,192,Tahap-2
01/16/2025,11,34,28,11:34:28,-12,Tahap-2
01/16/2025,11,34,28,11:34:28,24,Tahap-2
01/16/2025,11,34,28,11:34:28,108,Tahap-2
01/16/2025,11,34,28,11:34:28,60,Tahap-2
01/16/2025,11,34,29,11:34:29,44,Tahap-2
01/16/2025,11,34,29,11:34:29,64,Tahap-2
01/16/2025,11,34,29,11:34:29,-12,Tahap-2
01/16/2025,11,34,29,11:34:29,156,Tahap-2
01/16/2025,11,34,29,11:34:29,96,Tahap-2
01/16/2025,11,34,29,11:34:29,-8,Tahap-2
01/16/2025,11,34,29,11:34:29,136,Tahap-2
01/16/2025,11,34,29,11:34:29,48,Tahap-2
01/16/2025,11,34,29,11:34:29,20,Tahap-2
01/16/2025,11,34,29,11:34:29,104,Tahap-2
01/16/2025,11,34,30,11:34:30,92,Tahap-2
01/16/2025,11,34,30,11:34:30,-12,Tahap-2
01/16/2025,11,34,30,11:34:30,104,Tahap-2
01/16/2025,11,34,30,11:34:30,36,Tahap-2
01/16/2025,11,34,30,11:34:30,100,Tahap-2
01/16/2025,11,34,30,11:34:30,108,Tahap-2
01/16/2025,11,34,30,11:34:30,-40,Tahap-2
01/16/2025,11,34,30,11:34:30,108,Tahap-2
01/16/2025,11,34,30,11:34:30,60,Tahap-2
01/16/2025,11,34,30,11:34:30,52,Tahap-2
01/16/2025,11,34,55,11:34:55,4015,Tahap-2
01/16/2025,11,34,55,11:34:55,2515,Tahap-2
01/16/2025,11,34,55,11:34:55,1303,Tahap-2
01/16/2025,11,34,55,11:34:55,975,Tahap-2
01/16/2025,11,34,55,11:34:55,626,Tahap-2
01/16/2025,11,34,55,11:34:55,595,Tahap-2
01/16/2025,11,34,56,11:34:56,553,Tahap-2
01/16/2025,11,34,56,11:34:56,489,Tahap-2
01/16/2025,11,34,56,11:34:56,406,Tahap-2
01/16/2025,11,34,56,11:34:56,292,Tahap-2
01/16/2025,11,34,56,11:34:56,352,Tahap-2
01/16/2025,11,34,56,11:34:56,256,Tahap-2
01/16/2025,11,34,56,11:34:56,326,Tahap-2
01/16/2025,11,34,56,11:34:56,343,Tahap-2
01/16/2025,11,34,56,11:34:56,225,Tahap-2
01/16/2025,11,34,56,11:34:56,160,Tahap-2
01/16/2025,11,34,57,11:34:57,216,Tahap-2
01/16/2025,11,34,57,11:34:57,253,Tahap-2
01/16/2025,11,34,57,11:34:57,146,Tahap-2
01/16/2025,11,34,57,11:34:57,256,Tahap-2
01/16/2025,11,34,57,11:34:57,223,Tahap-2
01/16/2025,11,34,57,11:34:57,240,Tahap-2
01/16/2025,11,34,57,11:34:57,515,Tahap-2
01/16/2025,11,34,57,11:34:57,122,Tahap-2
01/16/2025,11,34,57,11:34:57,155,Tahap-2
01/16/2025,11,34,57,11:34:57,274,Tahap-2
01/16/2025,11,34,58,11:34:58,286,Tahap-2
01/16/2025,11,34,58,11:34:58,208,Tahap-2
01/16/2025,11,34,58,11:34:58,186,Tahap-2
01/16/2025,11,34,58,11:34:58,124,Tahap-2
01/16/2025,11,34,58,11:34:58,189,Tahap-2
01/16/2025,11,34,58,11:34:58,113,Tahap-2
01/16/2025,11,34,58,11:34:58,62,Tahap-2
01/16/2025,11,34,58,11:34:58,121,Tahap-2
01/16/2025,11,34,58,11:34:58,246,Tahap-2
01/16/2025,11,34,58,11:34:58,126,Tahap-2
01/16/2025,11,34,59,11:34:59,119,Tahap-2
01/16/2025,11,34,59,11:34:59,36,Tahap-2
01/16/2025,11,34,59,11:34:59,63,Tahap-2
01/16/2025,11,34,59,11:34:59,151,Tahap-2
01/16/2025,11,34,59,11:34:59,206,Tahap-2
01/16/2025,11,34,59,11:34:59,176,Tahap-2
01/16/2025,11,34,59,11:34:59,130,Tahap-2
01/16/2025,11,34,59,11:34:59,73,Tahap-2
01/16/2025,11,34,59,11:34:59,250,Tahap-2
01/16/2025,11,34,59,11:34:59,414,Tahap-2
01/16/2025,11,35,1,11:35:01,36,Tahap-2
01/16/2025,11,35,1,11:35:01,32,Tahap-2
01/16/2025,11,35,1,11:35:01,59,Tahap-2
01/16/2025,11,35,1,11:35:01,168,Tahap-2
01/16/2025,11,35,1,11:35:01,163,Tahap-2
01/16/2025,11,35,1,11:35:01,124,Tahap-2
01/16/2025,11,35,1,11:35:01,232,Tahap-2
01/16/2025,11,35,1,11:35:01,375,Tahap-2
01/16/2025,11,35,1,11:35:01,134,Tahap-2
01/16/2025,11,35,1,11:35:01,219,Tahap-2
01/16/2025,11,35,2,11:35:02,180,Tahap-2
01/16/2025,11,35,2,11:35:02,1113,Tahap-2
01/16/2025,11,35,2,11:35:02,477,Tahap-2
01/16/2025,11,35,2,11:35:02,298,Tahap-2
01/16/2025,11,35,2,11:35:02,76,Tahap-2
01/16/2025,11,35,2,11:35:02,193,Tahap-2
01/16/2025,11,35,2,11:35:02,144,Tahap-2
01/16/2025,11,35,2,11:35:02,352,Tahap-2
01/16/2025,11,35,2,11:35:02,195,Tahap-2
01/16/2025,11,35,2,11:35:02,230,Tahap-2
01/16/2025,11,35,3,11:35:03,35,Tahap-2
01/16/2025,11,35,3,11:35:03,255,Tahap-2
01/16/2025,11,35,3,11:35:03,209,Tahap-2
01/16/2025,11,35,3,11:35:03,130,Tahap-2
01/16/2025,11,35,3,11:35:03,228,Tahap-2
01/16/2025,11,35,3,11:35:03,243,Tahap-2
01/16/2025,11,35,3,11:35:03,166,Tahap-2
01/16/2025,11,35,3,11:35:03,118,Tahap-2
01/16/2025,11,35,3,11:35:03,231,Tahap-2
01/16/2025,11,35,3,11:35:03,252,Tahap-2
01/16/2025,11,35,4,11:35:04,726,Tahap-2
01/16/2025,11,35,4,11:35:04,890,Tahap-2
01/16/2025,11,35,4,11:35:04,1122,Tahap-2
01/16/2025,11,35,4,11:35:04,958,Tahap-2
01/16/2025,11,35,4,11:35:04,722,Tahap-2
01/16/2025,11,35,4,11:35:04,283,Tahap-2
01/16/2025,11,35,4,11:35:04,134,Tahap-2
01/16/2025,11,35,4,11:35:04,397,Tahap-2
01/16/2025,11,35,4,11:35:04,272,Tahap-2
01/16/2025,11,35,4,11:35:04,181,Tahap-2
01/16/2025,11,35,5,11:35:05,454,Tahap-2
01/16/2025,11,35,5,11:35:05,348,Tahap-2
01/16/2025,11,35,5,11:35:05,160,Tahap-2
01/16/2025,11,35,5,11:35:05,75,Tahap-2
01/16/2025,11,35,5,11:35:05,244,Tahap-2
01/16/2025,11,35,5,11:35:05,182,Tahap-2
01/16/2025,11,35,5,11:35:05,129,Tahap-2
01/16/2025,11,35,5,11:35:05,261,Tahap-2
01/16/2025,11,35,5,11:35:05,110,Tahap-2
01/16/2025,11,35,5,11:35:05,235,Tahap-2
01/16/2025,11,35,6,11:35:06,62,Tahap-2
01/16/2025,11,35,6,11:35:06,163,Tahap-2
01/16/2025,11,35,6,11:35:06,386,Tahap-2
01/16/2025,11,35,6,11:35:06,471,Tahap-2
01/16/2025,11,35,6,11:35:06,1240,Tahap-2
01/16/2025,11,35,6,11:35:06,1094,Tahap-2
01/16/2025,11,35,6,11:35:06,1338,Tahap-2
01/16/2025,11,35,6,11:35:06,659,Tahap-2
01/16/2025,11,35,6,11:35:06,439,Tahap-2
01/16/2025,11,35,6,11:35:06,305,Tahap-2
01/16/2025,11,35,7,11:35:07,221,Tahap-2
01/16/2025,11,35,7,11:35:07,14,Tahap-2
01/16/2025,11,35,7,11:35:07,288,Tahap-2
01/16/2025,11,35,7,11:35:07,642,Tahap-2
01/16/2025,11,35,7,11:35:07,581,Tahap-2
01/16/2025,11,35,7,11:35:07,104,Tahap-2
01/16/2025,11,35,7,11:35:07,251,Tahap-2
01/16/2025,11,35,7,11:35:07,305,Tahap-2
01/16/2025,11,35,7,11:35:07,349,Tahap-2
01/16/2025,11,35,7,11:35:07,122,Tahap-2
01/16/2025,11,35,8,11:35:08,333,Tahap-2
01/16/2025,11,35,8,11:35:08,-28,Tahap-2
01/16/2025,11,35,8,11:35:08,-116,Tahap-2
01/16/2025,11,35,8,11:35:08,16,Tahap-2
01/16/2025,11,35,8,11:35:08,-108,Tahap-2
01/16/2025,11,35,8,11:35:08,108,Tahap-2
01/16/2025,11,35,8,11:35:08,-92,Tahap-2
01/16/2025,11,35,8,11:35:08,-72,Tahap-2
01/16/2025,11,35,8,11:35:08,144,Tahap-2
01/16/2025,11,35,8,11:35:08,-112,Tahap-2
01/16/2025,11,35,9,11:35:09,-4,Tahap-2
01/16/2025,11,35,9,11:35:09,-44,Tahap-2
01/16/2025,11,35,9,11:35:09,28,Tahap-2
01/16/2025,11,35,9,11:35:09,-116,Tahap-2
01/16/2025,11,35,9,11:35:09,32,Tahap-2
01/16/2025,11,35,9,11:35:09,-76,Tahap-2
01/16/2025,11,35,9,11:35:09,4,Tahap-2
01/16/2025,11,35,9,11:35:09,68,Tahap-2
01/16/2025,11,35,9,11:35:09,-172,Tahap-2
01/16/2025,11,35,9,11:35:09,128,Tahap-2
01/16/2025,11,35,10,11:35:10,-4,Tahap-2
01/16/2025,11,35,10,11:35:10,-36,Tahap-2
01/16/2025,11,35,10,11:35:10,-64,Tahap-2
01/16/2025,11,35,10,11:35:10,88,Tahap-2
01/16/2025,11,35,10,11:35:10,-52,Tahap-2
01/16/2025,11,35,10,11:35:10,-28,Tahap-2
01/16/2025,11,35,10,11:35:10,56,Tahap-2
01/16/2025,11,35,10,11:35:10,-76,Tahap-2
01/16/2025,11,35,10,11:35:10,228,Tahap-2
01/16/2025,11,35,10,11:35:10,-116,Tahap-2
01/16/2025,11,35,11,11:35:11,128,Tahap-2
01/16/2025,11,35,11,11:35:11,144,Tahap-2
01/16/2025,11,35,11,11:35:11,12,Tahap-2
01/16/2025,11,35,11,11:35:11,-8,Tahap-2
01/16/2025,11,35,11,11:35:11,72,Tahap-2
01/16/2025,11,35,11,11:35:11,80,Tahap-2
01/16/2025,11,35,11,11:35:11,-76,Tahap-2
01/16/2025,11,35,11,11:35:11,164,Tahap-2
01/16/2025,11,35,11,11:35:11,-44,Tahap-2
01/16/2025,11,35,11,11:35:11,156,Tahap-2
01/16/2025,11,35,12,11:35:12,56,Tahap-2
01/16/2025,11,35,12,11:35:12,-48,Tahap-2
01/16/2025,11,35,12,11:35:12,224,Tahap-2
01/16/2025,11,35,12,11:35:12,4,Tahap-2
01/16/2025,11,35,12,11:35:12,48,Tahap-2
01/16/2025,11,35,12,11:35:12,28,Tahap-2
01/16/2025,11,35,12,11:35:12,156,Tahap-2
01/16/2025,11,35,12,11:35:12,-80,Tahap-2
01/16/2025,11,35,12,11:35:12,172,Tahap-2
01/16/2025,11,35,12,11:35:12,116,Tahap-2
01/16/2025,11,35,13,11:35:13,36,Tahap-2
01/16/2025,11,35,13,11:35:13,248,Tahap-2
01/16/2025,11,35,13,11:35:13,-48,Tahap-2
01/16/2025,11,35,13,11:35:13,188,Tahap-2
01/16/2025,11,35,13,11:35:13,144,Tahap-2
01/16/2025,11,35,13,11:35:13,84,Tahap-2
01/16/2025,11,35,13,11:35:13,56,Tahap-2
01/16/2025,11,35,13,11:35:13,176,Tahap-2
01/16/2025,11,35,13,11:35:13,56,Tahap-2
01/16/2025,11,35,13,11:35:13,40,Tahap-2
01/16/2025,11,35,14,11:35:14,236,Tahap-2
01/16/2025,11,35,14,11:35:14,264,Tahap-2
01/16/2025,11,35,14,11:35:14,108,Tahap-2
01/16/2025,11,35,14,11:35:14,52,Tahap-2
01/16/2025,11,35,14,11:35:14,256,Tahap-2
01/16/2025,11,35,14,11:35:14,76,Tahap-2
01/16/2025,11,35,14,11:35:14,104,Tahap-2
01/16/2025,11,35,14,11:35:14,152,Tahap-2
01/16/2025,11,35,14,11:35:14,216,Tahap-2
01/16/2025,11,35,15,11:35:15,12,Tahap-2
01/16/2025,11,35,15,11:35:15,236,Tahap-2
01/16/2025,11,35,15,11:35:15,96,Tahap-2
01/16/2025,11,35,15,11:35:15,212,Tahap-2
01/16/2025,11,35,15,11:35:15,204,Tahap-2
01/16/2025,11,35,15,11:35:15,-20,Tahap-2
01/16/2025,11,35,15,11:35:15,280,Tahap-2
01/16/2025,11,35,15,11:35:15,116,Tahap-2
01/16/2025,11,35,15,11:35:15,116,Tahap-2
01/16/2025,11,35,15,11:35:15,156,Tahap-2
01/16/2025,11,35,16,11:35:16,236,Tahap-2
01/16/2025,11,35,16,11:35:16,72,Tahap-2
01/16/2025,11,35,16,11:35:16,140,Tahap-2
01/16/2025,11,35,16,11:35:16,252,Tahap-2
01/16/2025,11,35,16,11:35:16,148,Tahap-2
01/16/2025,11,35,16,11:35:16,288,Tahap-2
01/16/2025,11,35,16,11:35:16,60,Tahap-2
01/16/2025,11,35,16,11:35:16,212,Tahap-2
01/16/2025,11,35,16,11:35:16,256,Tahap-2
01/16/2025,11,35,16,11:35:16,72,Tahap-2
01/16/2025,11,35,17,11:35:17,248,Tahap-2
01/16/2025,11,35,18,11:35:18,204,Tahap-2
01/16/2025,11,35,18,11:35:18,176,Tahap-2
01/16/2025,11,35,18,11:35:18,44,Tahap-2
01/16/2025,11,35,18,11:35:18,220,Tahap-2
01/16/2025,11,35,18,11:35:18,180,Tahap-2
01/16/2025,11,35,18,11:35:18,208,Tahap-2
01/16/2025,11,35,18,11:35:18,224,Tahap-2
01/16/2025,11,35,18,11:35:18,76,Tahap-2
01/16/2025,11,35,18,11:35:18,324,Tahap-2
01/16/2025,11,35,18,11:35:18,128,Tahap-2
01/16/2025,11,35,18,11:35:18,160,Tahap-2
01/16/2025,11,35,18,11:35:18,192,Tahap-2
01/16/2025,11,35,18,11:35:18,240,Tahap-2
01/16/2025,11,35,18,11:35:18,68,Tahap-2
01/16/2025,11,35,18,11:35:18,236,Tahap-2
01/16/2025,11,35,18,11:35:18,260,Tahap-2
01/16/2025,11,35,18,11:35:18,44,Tahap-2
01/16/2025,11,35,18,11:35:18,328,Tahap-2
01/16/2025,11,35,18,11:35:18,108,Tahap-2
01/16/2025,11,35,18,11:35:18,184,Tahap-2
01/16/2025,11,35,19,11:35:19,188,Tahap-2
01/16/2025,11,35,19,11:35:19,228,Tahap-2
01/16/2025,11,35,19,11:35:19,68,Tahap-2
01/16/2025,11,35,19,11:35:19,240,Tahap-2
01/16/2025,11,35,19,11:35:19,16,Tahap-2
01/16/2025,11,35,19,11:35:19,264,Tahap-2
01/16/2025,11,35,19,11:35:19,220,Tahap-2
01/16/2025,11,35,19,11:35:19,208,Tahap-2
01/16/2025,11,35,19,11:35:19,72,Tahap-2
01/16/2025,11,35,19,11:35:19,188,Tahap-2
01/16/2025,11,35,20,11:35:20,80,Tahap-2
01/16/2025,11,35,20,11:35:20,172,Tahap-2
01/16/2025,11,35,20,11:35:20,12,Tahap-2
01/16/2025,11,35,20,11:35:20,200,Tahap-2
01/16/2025,11,35,20,11:35:20,128,Tahap-2
01/16/2025,11,35,20,11:35:20,124,Tahap-2
01/16/2025,11,35,20,11:35:20,124,Tahap-2
01/16/2025,11,35,20,11:35:20,64,Tahap-2
01/16/2025,11,35,20,11:35:20,308,Tahap-2
01/16/2025,11,35,45,11:35:45,946,Tahap-2
01/16/2025,11,35,45,11:35:45,891,Tahap-2
01/16/2025,11,35,45,11:35:45,621,Tahap-2
01/16/2025,11,35,45,11:35:45,272,Tahap-2
01/16/2025,11,35,45,11:35:45,417,Tahap-2
01/16/2025,11,35,45,11:35:45,56,Tahap-2
01/16/2025,11,35,45,11:35:45,258,Tahap-2
01/16/2025,11,35,46,11:35:46,111,Tahap-2
01/16/2025,11,35,46,11:35:46,102,Tahap-2
01/16/2025,11,35,46,11:35:46,231,Tahap-2
01/16/2025,11,35,46,11:35:46,199,Tahap-2
01/16/2025,11,35,46,11:35:46,164,Tahap-2
01/16/2025,11,35,46,11:35:46,169,Tahap-2
01/16/2025,11,35,46,11:35:46,53,Tahap-2
01/16/2025,11,35,46,11:35:46,67,Tahap-2
01/16/2025,11,35,46,11:35:46,146,Tahap-2
01/16/2025,11,35,46,11:35:46,142,Tahap-2
01/16/2025,11,35,47,11:35:47,179,Tahap-2
01/16/2025,11,35,48,11:35:48,120,Tahap-2
01/16/2025,11,35,48,11:35:48,144,Tahap-2
01/16/2025,11,35,48,11:35:48,282,Tahap-2
01/16/2025,11,35,48,11:35:48,167,Tahap-2
01/16/2025,11,35,48,11:35:48,435,Tahap-2
01/16/2025,11,35,48,11:35:48,182,Tahap-2
01/16/2025,11,35,48,11:35:48,36,Tahap-2
01/16/2025,11,35,48,11:35:48,32,Tahap-2
01/16/2025,11,35,48,11:35:48,74,Tahap-2
01/16/2025,11,35,48,11:35:48,28,Tahap-2
01/16/2025,11,35,48,11:35:48,102,Tahap-2
01/16/2025,11,35,48,11:35:48,207,Tahap-2
01/16/2025,11,35,48,11:35:48,183,Tahap-2
01/16/2025,11,35,48,11:35:48,142,Tahap-2
01/16/2025,11,35,48,11:35:48,47,Tahap-2
01/16/2025,11,35,48,11:35:48,29,Tahap-2
01/16/2025,11,35,48,11:35:48,207,Tahap-2
01/16/2025,11,35,48,11:35:48,209,Tahap-2
01/16/2025,11,35,48,11:35:48,114,Tahap-2
01/16/2025,11,35,49,11:35:49,70,Tahap-2
01/16/2025,11,35,49,11:35:49,66,Tahap-2
01/16/2025,11,35,49,11:35:49,77,Tahap-2
01/16/2025,11,35,49,11:35:49,85,Tahap-2
01/16/2025,11,35,49,11:35:49,87,Tahap-2
01/16/2025,11,35,49,11:35:49,76,Tahap-2
01/16/2025,11,35,49,11:35:49,370,Tahap-2
01/16/2025,11,35,49,11:35:49,40,Tahap-2
01/16/2025,11,35,49,11:35:49,287,Tahap-2
01/16/2025,11,35,49,11:35:49,56,Tahap-2
01/16/2025,11,35,50,11:35:50,93,Tahap-2
01/16/2025,11,35,50,11:35:50,96,Tahap-2
01/16/2025,11,35,50,11:35:50,53,Tahap-2
01/16/2025,11,35,50,11:35:50,87,Tahap-2
01/16/2025,11,35,50,11:35:50,96,Tahap-2
01/16/2025,11,35,50,11:35:50,19,Tahap-2
01/16/2025,11,35,50,11:35:50,118,Tahap-2
01/16/2025,11,35,50,11:35:50,266,Tahap-2
01/16/2025,11,35,50,11:35:50,62,Tahap-2
01/16/2025,11,35,50,11:35:50,91,Tahap-2
01/16/2025,11,35,51,11:35:51,50,Tahap-2
01/16/2025,11,35,51,11:35:51,48,Tahap-2
01/16/2025,11,35,51,11:35:51,153,Tahap-2
01/16/2025,11,35,51,11:35:51,78,Tahap-2
01/16/2025,11,35,51,11:35:51,76,Tahap-2
01/16/2025,11,35,51,11:35:51,58,Tahap-2
01/16/2025,11,35,51,11:35:51,114,Tahap-2
01/16/2025,11,35,51,11:35:51,344,Tahap-2
01/16/2025,11,35,51,11:35:51,298,Tahap-2
01/16/2025,11,35,51,11:35:51,729,Tahap-2
01/16/2025,11,35,52,11:35:52,643,Tahap-2
01/16/2025,11,35,52,11:35:52,479,Tahap-2
01/16/2025,11,35,52,11:35:52,427,Tahap-2
01/16/2025,11,35,52,11:35:52,258,Tahap-2
01/16/2025,11,35,52,11:35:52,58,Tahap-2
01/16/2025,11,35,52,11:35:52,126,Tahap-2
01/16/2025,11,35,52,11:35:52,284,Tahap-2
01/16/2025,11,35,52,11:35:52,273,Tahap-2
01/16/2025,11,35,52,11:35:52,300,Tahap-2
01/16/2025,11,35,52,11:35:52,115,Tahap-2
01/16/2025,11,35,53,11:35:53,139,Tahap-2
01/16/2025,11,35,53,11:35:53,123,Tahap-2
01/16/2025,11,35,53,11:35:53,41,Tahap-2
01/16/2025,11,35,53,11:35:53,145,Tahap-2
01/16/2025,11,35,53,11:35:53,137,Tahap-2
01/16/2025,11,35,53,11:35:53,352,Tahap-2
01/16/2025,11,35,53,11:35:53,276,Tahap-2
01/16/2025,11,35,53,11:35:53,114,Tahap-2
01/16/2025,11,35,53,11:35:53,159,Tahap-2
01/16/2025,11,35,53,11:35:53,77,Tahap-2
01/16/2025,11,35,54,11:35:54,296,Tahap-2
01/16/2025,11,35,54,11:35:54,1529,Tahap-2
01/16/2025,11,35,54,11:35:54,1894,Tahap-2
01/16/2025,11,35,54,11:35:54,454,Tahap-2
01/16/2025,11,35,54,11:35:54,27,Tahap-2
01/16/2025,11,35,54,11:35:54,103,Tahap-2
01/16/2025,11,35,54,11:35:54,312,Tahap-2
01/16/2025,11,35,54,11:35:54,481,Tahap-2
01/16/2025,11,35,54,11:35:54,158,Tahap-2
01/16/2025,11,35,54,11:35:54,453,Tahap-2
01/16/2025,11,35,55,11:35:55,259,Tahap-2
01/16/2025,11,35,55,11:35:55,369,Tahap-2
01/16/2025,11,35,55,11:35:55,211,Tahap-2
01/16/2025,11,35,55,11:35:55,155,Tahap-2
01/16/2025,11,35,55,11:35:55,237,Tahap-2
01/16/2025,11,35,55,11:35:55,170,Tahap-2
01/16/2025,11,35,55,11:35:55,168,Tahap-2
01/16/2025,11,35,55,11:35:55,4,Tahap-2
01/16/2025,11,35,55,11:35:55,266,Tahap-2
01/16/2025,11,35,55,11:35:55,50,Tahap-2
01/16/2025,11,35,56,11:35:56,126,Tahap-2
01/16/2025,11,35,56,11:35:56,337,Tahap-2
01/16/2025,11,35,56,11:35:56,23,Tahap-2
01/16/2025,11,35,56,11:35:56,1213,Tahap-2
01/16/2025,11,35,56,11:35:56,1000,Tahap-2
01/16/2025,11,35,56,11:35:56,1334,Tahap-2
01/16/2025,11,35,56,11:35:56,1522,Tahap-2
01/16/2025,11,35,56,11:35:56,514,Tahap-2
01/16/2025,11,35,56,11:35:56,99,Tahap-2
01/16/2025,11,35,56,11:35:56,237,Tahap-2
01/16/2025,11,35,57,11:35:57,65,Tahap-2
01/16/2025,11,35,57,11:35:57,317,Tahap-2
01/16/2025,11,35,57,11:35:57,488,Tahap-2
01/16/2025,11,35,57,11:35:57,83,Tahap-2
01/16/2025,11,35,57,11:35:57,927,Tahap-2
01/16/2025,11,35,57,11:35:57,241,Tahap-2
01/16/2025,11,35,57,11:35:57,98,Tahap-2
01/16/2025,11,35,57,11:35:57,19,Tahap-2
01/16/2025,11,35,57,11:35:57,225,Tahap-2
01/16/2025,11,35,57,11:35:57,356,Tahap-2
01/16/2025,11,35,58,11:35:58,-48,Tahap-2
01/16/2025,11,35,58,11:35:58,-48,Tahap-2
01/16/2025,11,35,58,11:35:58,104,Tahap-2
01/16/2025,11,35,58,11:35:58,-84,Tahap-2
01/16/2025,11,35,58,11:35:58,192,Tahap-2
01/16/2025,11,35,58,11:35:58,-52,Tahap-2
01/16/2025,11,35,58,11:35:58,116,Tahap-2
01/16/2025,11,35,58,11:35:58,-48,Tahap-2
01/16/2025,11,35,58,11:35:58,-96,Tahap-2
01/16/2025,11,35,59,11:35:59,108,Tahap-2
01/16/2025,11,35,59,11:35:59,68,Tahap-2
01/16/2025,11,35,59,11:35:59,-104,Tahap-2
01/16/2025,11,35,59,11:35:59,140,Tahap-2
01/16/2025,11,35,59,11:35:59,-12,Tahap-2
01/16/2025,11,35,59,11:35:59,100,Tahap-2
01/16/2025,11,35,59,11:35:59,108,Tahap-2
01/16/2025,11,35,59,11:35:59,-128,Tahap-2
01/16/2025,11,35,59,11:35:59,140,Tahap-2
01/16/2025,11,35,59,11:35:59,-44,Tahap-2
01/16/2025,11,36,1,11:36:01,96,Tahap-2
01/16/2025,11,36,1,11:36:01,-108,Tahap-2
01/16/2025,11,36,1,11:36:01,-40,Tahap-2
01/16/2025,11,36,1,11:36:01,128,Tahap-2
01/16/2025,11,36,1,11:36:01,-72,Tahap-2
01/16/2025,11,36,1,11:36:01,-12,Tahap-2
01/16/2025,11,36,1,11:36:01,52,Tahap-2
01/16/2025,11,36,1,11:36:01,-12,Tahap-2
01/16/2025,11,36,1,11:36:01,124,Tahap-2
01/16/2025,11,36,1,11:36:01,60,Tahap-2
01/16/2025,11,36,2,11:36:02,-56,Tahap-2
01/16/2025,11,36,2,11:36:02,40,Tahap-2
01/16/2025,11,36,2,11:36:02,4,Tahap-2
01/16/2025,11,36,2,11:36:02,-96,Tahap-2
01/16/2025,11,36,2,11:36:02,76,Tahap-2
01/16/2025,11,36,2,11:36:02,88,Tahap-2
01/16/2025,11,36,2,11:36:02,-108,Tahap-2
01/16/2025,11,36,2,11:36:02,48,Tahap-2
01/16/2025,11,36,2,11:36:02,144,Tahap-2
01/16/2025,11,36,2,11:36:02,-124,Tahap-2
01/16/2025,11,36,3,11:36:03,80,Tahap-2
01/16/2025,11,36,3,11:36:03,-76,Tahap-2
01/16/2025,11,36,3,11:36:03,-84,Tahap-2
01/16/2025,11,36,3,11:36:03,112,Tahap-2
01/16/2025,11,36,3,11:36:03,-120,Tahap-2
01/16/2025,11,36,3,11:36:03,-56,Tahap-2
01/16/2025,11,36,3,11:36:03,136,Tahap-2
01/16/2025,11,36,3,11:36:03,-96,Tahap-2
01/16/2025,11,36,3,11:36:03,-36,Tahap-2
01/16/2025,11,36,3,11:36:03,72,Tahap-2
01/16/2025,11,36,4,11:36:04,-40,Tahap-2
01/16/2025,11,36,4,11:36:04,12,Tahap-2
01/16/2025,11,36,4,11:36:04,40,Tahap-2
01/16/2025,11,36,4,11:36:04,-96,Tahap-2
01/16/2025,11,36,4,11:36:04,76,Tahap-2
01/16/2025,11,36,4,11:36:04,-28,Tahap-2
01/16/2025,11,36,4,11:36:04,-164,Tahap-2
01/16/2025,11,36,4,11:36:04,220,Tahap-2
01/16/2025,11,36,4,11:36:04,-92,Tahap-2
01/16/2025,11,36,4,11:36:04,16,Tahap-2
01/16/2025,11,36,5,11:36:05,36,Tahap-2
01/16/2025,11,36,5,11:36:05,136,Tahap-2
01/16/2025,11,36,5,11:36:05,-96,Tahap-2
01/16/2025,11,36,5,11:36:05,116,Tahap-2
01/16/2025,11,36,5,11:36:05,-80,Tahap-2
01/16/2025,11,36,5,11:36:05,40,Tahap-2
01/16/2025,11,36,5,11:36:05,132,Tahap-2
01/16/2025,11,36,5,11:36:05,-228,Tahap-2
01/16/2025,11,36,5,11:36:05,120,Tahap-2
01/16/2025,11,36,5,11:36:05,32,Tahap-2
01/16/2025,11,36,6,11:36:06,-80,Tahap-2
01/16/2025,11,36,6,11:36:06,60,Tahap-2
01/16/2025,11,36,6,11:36:06,24,Tahap-2
01/16/2025,11,36,6,11:36:06,-8,Tahap-2
01/16/2025,11,36,6,11:36:06,-88,Tahap-2
01/16/2025,11,36,6,11:36:06,124,Tahap-2
01/16/2025,11,36,6,11:36:06,-100,Tahap-2
01/16/2025,11,36,6,11:36:06,88,Tahap-2
01/16/2025,11,36,6,11:36:06,-52,Tahap-2
01/16/2025,11,36,6,11:36:06,-84,Tahap-2
01/16/2025,11,36,7,11:36:07,192,Tahap-2
01/16/2025,11,36,7,11:36:07,-56,Tahap-2
01/16/2025,11,36,7,11:36:07,-12,Tahap-2
01/16/2025,11,36,7,11:36:07,48,Tahap-2
01/16/2025,11,36,7,11:36:07,120,Tahap-2
01/16/2025,11,36,7,11:36:07,-156,Tahap-2
01/16/2025,11,36,7,11:36:07,96,Tahap-2
01/16/2025,11,36,7,11:36:07,28,Tahap-2
01/16/2025,11,36,7,11:36:07,4,Tahap-2
01/16/2025,11,36,7,11:36:07,124,Tahap-2
01/16/2025,11,36,8,11:36:08,-156,Tahap-2
01/16/2025,11,36,8,11:36:08,148,Tahap-2
01/16/2025,11,36,8,11:36:08,4,Tahap-2
01/16/2025,11,36,8,11:36:08,24,Tahap-2
01/16/2025,11,36,8,11:36:08,-48,Tahap-2
01/16/2025,11,36,8,11:36:08,184,Tahap-2
01/16/2025,11,36,8,11:36:08,-116,Tahap-2
01/16/2025,11,36,8,11:36:08,20,Tahap-2
01/16/2025,11,36,8,11:36:08,60,Tahap-2
01/16/2025,11,36,8,11:36:08,8,Tahap-2
01/16/2025,11,36,9,11:36:09,144,Tahap-2
01/16/2025,11,36,9,11:36:09,-92,Tahap-2
01/16/2025,11,36,9,11:36:09,40,Tahap-2
01/16/2025,11,36,9,11:36:09,140,Tahap-2
01/16/2025,11,36,9,11:36:09,-60,Tahap-2
01/16/2025,11,36,9,11:36:09,16,Tahap-2
01/16/2025,11,36,9,11:36:09,60,Tahap-2
01/16/2025,11,36,9,11:36:09,64,Tahap-2
01/16/2025,11,36,9,11:36:09,-60,Tahap-2
01/16/2025,11,36,9,11:36:09,92,Tahap-2
01/16/2025,11,36,10,11:36:10,-24,Tahap-2
01/16/2025,11,36,10,11:36:10,100,Tahap-2
01/16/2025,11,36,10,11:36:10,16,Tahap-2
01/16/2025,11,36,10,11:36:10,-88,Tahap-2
01/16/2025,11,36,10,11:36:10,148,Tahap-2
01/16/2025,11,36,10,11:36:10,-76,Tahap-2
01/16/2025,11,36,10,11:36:10,-44,Tahap-2
01/16/2025,11,36,10,11:36:10,44,Tahap-2
01/16/2025,11,36,10,11:36:10,20,Tahap-2
01/16/2025,11,36,35,11:36:35,831,Tahap-2
01/16/2025,11,36,35,11:36:35,636,Tahap-2
01/16/2025,11,36,35,11:36:35,322,Tahap-2
01/16/2025,11,36,35,11:36:35,433,Tahap-2
01/16/2025,11,36,35,11:36:35,201,Tahap-2
01/16/2025,11,36,35,11:36:35,384,Tahap-2
01/16/2025,11,36,35,11:36:35,268,Tahap-2
01/16/2025,11,36,35,11:36:35,93,Tahap-2
01/16/2025,11,36,36,11:36:36,159,Tahap-2
01/16/2025,11,36,36,11:36:36,131,Tahap-2
01/16/2025,11,36,36,11:36:36,110,Tahap-2
01/16/2025,11,36,36,11:36:36,189,Tahap-2
01/16/2025,11,36,36,11:36:36,190,Tahap-2
01/16/2025,11,36,36,11:36:36,142,Tahap-2
01/16/2025,11,36,36,11:36:36,94,Tahap-2
01/16/2025,11,36,36,11:36:36,185,Tahap-2
01/16/2025,11,36,36,11:36:36,189,Tahap-2
01/16/2025,11,36,36,11:36:36,19,Tahap-2
01/16/2025,11,36,37,11:36:37,77,Tahap-2
01/16/2025,11,36,37,11:36:37,68,Tahap-2
01/16/2025,11,36,37,11:36:37,109,Tahap-2
01/16/2025,11,36,37,11:36:37,202,Tahap-2
01/16/2025,11,36,37,11:36:37,628,Tahap-2
01/16/2025,11,36,37,11:36:37,24,Tahap-2
01/16/2025,11,36,37,11:36:37,67,Tahap-2
01/16/2025,11,36,37,11:36:37,122,Tahap-2
01/16/2025,11,36,37,11:36:37,159,Tahap-2
01/16/2025,11,36,37,11:36:37,142,Tahap-2
01/16/2025,11,36,38,11:36:38,151,Tahap-2
01/16/2025,11,36,38,11:36:38,58,Tahap-2
01/16/2025,11,36,38,11:36:38,154,Tahap-2
01/16/2025,11,36,38,11:36:38,243,Tahap-2
01/16/2025,11,36,38,11:36:38,176,Tahap-2
01/16/2025,11,36,38,11:36:38,88,Tahap-2
01/16/2025,11,36,38,11:36:38,145,Tahap-2
01/16/2025,11,36,38,11:36:38,282,Tahap-2
01/16/2025,11,36,38,11:36:38,214,Tahap-2
01/16/2025,11,36,38,11:36:38,118,Tahap-2
01/16/2025,11,36,39,11:36:39,30,Tahap-2
01/16/2025,11,36,39,11:36:39,163,Tahap-2
01/16/2025,11,36,39,11:36:39,49,Tahap-2
01/16/2025,11,36,39,11:36:39,181,Tahap-2
01/16/2025,11,36,39,11:36:39,134,Tahap-2
01/16/2025,11,36,39,11:36:39,262,Tahap-2
01/16/2025,11,36,39,11:36:39,370,Tahap-2
01/16/2025,11,36,39,11:36:39,205,Tahap-2
01/16/2025,11,36,39,11:36:39,155,Tahap-2
01/16/2025,11,36,39,11:36:39,69,Tahap-2
01/16/2025,11,36,40,11:36:40,50,Tahap-2
01/16/2025,11,36,40,11:36:40,62,Tahap-2
01/16/2025,11,36,40,11:36:40,164,Tahap-2
01/16/2025,11,36,40,11:36:40,134,Tahap-2
01/16/2025,11,36,40,11:36:40,97,Tahap-2
01/16/2025,11,36,40,11:36:40,31,Tahap-2
01/16/2025,11,36,40,11:36:40,162,Tahap-2
01/16/2025,11,36,40,11:36:40,177,Tahap-2
01/16/2025,11,36,40,11:36:40,55,Tahap-2
01/16/2025,11,36,40,11:36:40,55,Tahap-2
01/16/2025,11,36,41,11:36:41,87,Tahap-2
01/16/2025,11,36,41,11:36:41,84,Tahap-2
01/16/2025,11,36,41,11:36:41,88,Tahap-2
01/16/2025,11,36,41,11:36:41,129,Tahap-2
01/16/2025,11,36,41,11:36:41,37,Tahap-2
01/16/2025,11,36,41,11:36:41,204,Tahap-2
01/16/2025,11,36,41,11:36:41,397,Tahap-2
01/16/2025,11,36,41,11:36:41,218,Tahap-2
01/16/2025,11,36,41,11:36:41,384,Tahap-2
01/16/2025,11,36,41,11:36:41,990,Tahap-2
01/16/2025,11,36,42,11:36:42,430,Tahap-2
01/16/2025,11,36,42,11:36:42,79,Tahap-2
01/16/2025,11,36,42,11:36:42,187,Tahap-2
01/16/2025,11,36,42,11:36:42,101,Tahap-2
01/16/2025,11,36,42,11:36:42,104,Tahap-2
01/16/2025,11,36,42,11:36:42,39,Tahap-2
01/16/2025,11,36,42,11:36:42,133,Tahap-2
01/16/2025,11,36,42,11:36:42,152,Tahap-2
01/16/2025,11,36,42,11:36:42,172,Tahap-2
01/16/2025,11,36,42,11:36:42,85,Tahap-2
01/16/2025,11,36,43,11:36:43,76,Tahap-2
01/16/2025,11,36,43,11:36:43,120,Tahap-2
01/16/2025,11,36,43,11:36:43,119,Tahap-2
01/16/2025,11,36,43,11:36:43,177,Tahap-2
01/16/2025,11,36,43,11:36:43,336,Tahap-2
01/16/2025,11,36,43,11:36:43,349,Tahap-2
01/16/2025,11,36,43,11:36:43,361,Tahap-2
01/16/2025,11,36,43,11:36:43,774,Tahap-2
01/16/2025,11,36,43,11:36:43,868,Tahap-2
01/16/2025,11,36,43,11:36:43,1166,Tahap-2
01/16/2025,11,36,44,11:36:44,842,Tahap-2
01/16/2025,11,36,44,11:36:44,1250,Tahap-2
01/16/2025,11,36,44,11:36:44,380,Tahap-2
01/16/2025,11,36,44,11:36:44,458,Tahap-2
01/16/2025,11,36,44,11:36:44,38,Tahap-2
01/16/2025,11,36,44,11:36:44,293,Tahap-2
01/16/2025,11,36,44,11:36:44,155,Tahap-2
01/16/2025,11,36,44,11:36:44,40,Tahap-2
01/16/2025,11,36,44,11:36:44,307,Tahap-2
01/16/2025,11,36,44,11:36:44,63,Tahap-2
01/16/2025,11,36,45,11:36:45,239,Tahap-2
01/16/2025,11,36,45,11:36:45,168,Tahap-2
01/16/2025,11,36,45,11:36:45,122,Tahap-2
01/16/2025,11,36,45,11:36:45,104,Tahap-2
01/16/2025,11,36,45,11:36:45,115,Tahap-2
01/16/2025,11,36,45,11:36:45,89,Tahap-2
01/16/2025,11,36,45,11:36:45,345,Tahap-2
01/16/2025,11,36,45,11:36:45,408,Tahap-2
01/16/2025,11,36,45,11:36:45,375,Tahap-2
01/16/2025,11,36,45,11:36:45,278,Tahap-2
01/16/2025,11,36,46,11:36:46,510,Tahap-2
01/16/2025,11,36,46,11:36:46,521,Tahap-2
01/16/2025,11,36,46,11:36:46,966,Tahap-2
01/16/2025,11,36,46,11:36:46,746,Tahap-2
01/16/2025,11,36,46,11:36:46,1620,Tahap-2
01/16/2025,11,36,46,11:36:46,419,Tahap-2
01/16/2025,11,36,46,11:36:46,406,Tahap-2
01/16/2025,11,36,46,11:36:46,310,Tahap-2
01/16/2025,11,36,46,11:36:46,176,Tahap-2
01/16/2025,11,36,46,11:36:46,224,Tahap-2
01/16/2025,11,36,47,11:36:47,281,Tahap-2
01/16/2025,11,36,48,11:36:48,404,Tahap-2
01/16/2025,11,36,48,11:36:48,437,Tahap-2
01/16/2025,11,36,48,11:36:48,110,Tahap-2
01/16/2025,11,36,48,11:36:48,185,Tahap-2
01/16/2025,11,36,48,11:36:48,121,Tahap-2
01/16/2025,11,36,48,11:36:48,341,Tahap-2
01/16/2025,11,36,48,11:36:48,573,Tahap-2
01/16/2025,11,36,48,11:36:48,523,Tahap-2
01/16/2025,11,36,48,11:36:48,488,Tahap-2
01/16/2025,11,36,48,11:36:48,-288,Tahap-2
01/16/2025,11,36,48,11:36:48,176,Tahap-2
01/16/2025,11,36,48,11:36:48,248,Tahap-2
01/16/2025,11,36,48,11:36:48,-264,Tahap-2
01/16/2025,11,36,48,11:36:48,488,Tahap-2
01/16/2025,11,36,48,11:36:48,24,Tahap-2
01/16/2025,11,36,48,11:36:48,-56,Tahap-2
01/16/2025,11,36,48,11:36:48,416,Tahap-2
01/16/2025,11,36,48,11:36:48,-208,Tahap-2
01/16/2025,11,36,48,11:36:48,24,Tahap-2
01/16/2025,11,36,49,11:36:49,104,Tahap-2
01/16/2025,11,36,49,11:36:49,216,Tahap-2
01/16/2025,11,36,49,11:36:49,-408,Tahap-2
01/16/2025,11,36,49,11:36:49,416,Tahap-2
01/16/2025,11,36,49,11:36:49,24,Tahap-2
01/16/2025,11,36,49,11:36:49,72,Tahap-2
01/16/2025,11,36,49,11:36:49,360,Tahap-2
01/16/2025,11,36,49,11:36:49,-176,Tahap-2
01/16/2025,11,36,49,11:36:49,160,Tahap-2
01/16/2025,11,36,49,11:36:49,48,Tahap-2
01/16/2025,11,36,50,11:36:50,-56,Tahap-2
01/16/2025,11,36,50,11:36:50,-32,Tahap-2
01/16/2025,11,36,50,11:36:50,208,Tahap-2
01/16/2025,11,36,50,11:36:50,-184,Tahap-2
01/16/2025,11,36,50,11:36:50,-224,Tahap-2
01/16/2025,11,36,50,11:36:50,352,Tahap-2
01/16/2025,11,36,50,11:36:50,-392,Tahap-2
01/16/2025,11,36,50,11:36:50,432,Tahap-2
01/16/2025,11,36,50,11:36:50,-96,Tahap-2
01/16/2025,11,36,50,11:36:50,-80,Tahap-2
01/16/2025,11,36,51,11:36:51,192,Tahap-2
01/16/2025,11,36,51,11:36:51,-56,Tahap-2
01/16/2025,11,36,51,11:36:51,-184,Tahap-2
01/16/2025,11,36,51,11:36:51,120,Tahap-2
01/16/2025,11,36,51,11:36:51,-24,Tahap-2
01/16/2025,11,36,51,11:36:51,-344,Tahap-2
01/16/2025,11,36,51,11:36:51,208,Tahap-2
01/16/2025,11,36,51,11:36:51,-104,Tahap-2
01/16/2025,11,36,51,11:36:51,88,Tahap-2
01/16/2025,11,36,51,11:36:51,128,Tahap-2
01/16/2025,11,36,52,11:36:52,-216,Tahap-2
01/16/2025,11,36,52,11:36:52,192,Tahap-2
01/16/2025,11,36,52,11:36:52,-80,Tahap-2
01/16/2025,11,36,52,11:36:52,40,Tahap-2
01/16/2025,11,36,52,11:36:52,-160,Tahap-2
01/16/2025,11,36,52,11:36:52,184,Tahap-2
01/16/2025,11,36,52,11:36:52,-136,Tahap-2
01/16/2025,11,36,52,11:36:52,-168,Tahap-2
01/16/2025,11,36,52,11:36:52,208,Tahap-2
01/16/2025,11,36,53,11:36:53,392,Tahap-2
01/16/2025,11,36,53,11:36:53,-128,Tahap-2
01/16/2025,11,36,53,11:36:53,136,Tahap-2
01/16/2025,11,36,53,11:36:53,24,Tahap-2
01/16/2025,11,36,53,11:36:53,-8,Tahap-2
01/16/2025,11,36,53,11:36:53,-48,Tahap-2
01/16/2025,11,36,53,11:36:53,48,Tahap-2
01/16/2025,11,36,53,11:36:53,136,Tahap-2
01/16/2025,11,36,53,11:36:53,-192,Tahap-2
01/16/2025,11,36,53,11:36:53,208,Tahap-2
01/16/2025,11,36,54,11:36:54,-8,Tahap-2
01/16/2025,11,36,54,11:36:54,200,Tahap-2
01/16/2025,11,36,54,11:36:54,-112,Tahap-2
01/16/2025,11,36,54,11:36:54,112,Tahap-2
01/16/2025,11,36,54,11:36:54,40,Tahap-2
01/16/2025,11,36,54,11:36:54,-168,Tahap-2
01/16/2025,11,36,54,11:36:54,96,Tahap-2
01/16/2025,11,36,54,11:36:54,-224,Tahap-2
01/16/2025,11,36,54,11:36:54,104,Tahap-2
01/16/2025,11,36,54,11:36:54,-184,Tahap-2
01/16/2025,11,36,55,11:36:55,-32,Tahap-2
01/16/2025,11,36,55,11:36:55,-48,Tahap-2
01/16/2025,11,36,55,11:36:55,160,Tahap-2
01/16/2025,11,36,55,11:36:55,-112,Tahap-2
01/16/2025,11,36,55,11:36:55,-120,Tahap-2
01/16/2025,11,36,55,11:36:55,168,Tahap-2
01/16/2025,11,36,55,11:36:55,-336,Tahap-2
01/16/2025,11,36,55,11:36:55,-56,Tahap-2
01/16/2025,11,36,55,11:36:55,-120,Tahap-2
01/16/2025,11,36,55,11:36:55,16,Tahap-2
01/16/2025,11,36,56,11:36:56,-120,Tahap-2
01/16/2025,11,36,56,11:36:56,-64,Tahap-2
01/16/2025,11,36,56,11:36:56,-176,Tahap-2
01/16/2025,11,36,56,11:36:56,168,Tahap-2
01/16/2025,11,36,56,11:36:56,-216,Tahap-2
01/16/2025,11,36,56,11:36:56,-176,Tahap-2
01/16/2025,11,36,56,11:36:56,104,Tahap-2
01/16/2025,11,36,56,11:36:56,-184,Tahap-2
01/16/2025,11,36,56,11:36:56,-216,Tahap-2
01/16/2025,11,36,56,11:36:56,-24,Tahap-2
01/16/2025,11,36,57,11:36:57,-80,Tahap-2
01/16/2025,11,36,57,11:36:57,-112,Tahap-2
01/16/2025,11,36,57,11:36:57,-112,Tahap-2
01/16/2025,11,36,57,11:36:57,-128,Tahap-2
01/16/2025,11,36,57,11:36:57,40,Tahap-2
01/16/2025,11,36,57,11:36:57,40,Tahap-2
01/16/2025,11,36,57,11:36:57,-360,Tahap-2
01/16/2025,11,36,57,11:36:57,136,Tahap-2
01/16/2025,11,36,57,11:36:57,-160,Tahap-2
01/16/2025,11,36,57,11:36:57,-232,Tahap-2
01/16/2025,11,36,58,11:36:58,-144,Tahap-2
01/16/2025,11,36,58,11:36:58,-152,Tahap-2
01/16/2025,11,36,58,11:36:58,-176,Tahap-2
01/16/2025,11,36,58,11:36:58,8,Tahap-2
01/16/2025,11,36,58,11:36:58,-192,Tahap-2
01/16/2025,11,36,58,11:36:58,216,Tahap-2
01/16/2025,11,36,58,11:36:58,-360,Tahap-2
01/16/2025,11,36,58,11:36:58,16,Tahap-2
01/16/2025,11,36,58,11:36:58,64,Tahap-2
01/16/2025,11,36,59,11:36:59,-280,Tahap-2
01/16/2025,11,36,59,11:36:59,-200,Tahap-2
01/16/2025,11,36,59,11:36:59,-120,Tahap-2
01/16/2025,11,36,59,11:36:59,-16,Tahap-2
01/16/2025,11,36,59,11:36:59,-360,Tahap-2
01/16/2025,11,36,59,11:36:59,104,Tahap-2
01/16/2025,11,36,59,11:36:59,-416,Tahap-2
01/16/2025,11,36,59,11:36:59,184,Tahap-2
01/16/2025,11,36,59,11:36:59,-248,Tahap-2
01/16/2025,11,36,59,11:36:59,-232,Tahap-2
01/16/2025,11,37,25,11:37:25,792,Tahap-2
01/16/2025,11,37,25,11:37:25,398,Tahap-2
01/16/2025,11,37,25,11:37:25,77,Tahap-2
01/16/2025,11,37,25,11:37:25,153,Tahap-2
01/16/2025,11,37,25,11:37:25,185,Tahap-2
01/16/2025,11,37,25,11:37:25,230,Tahap-2
01/16/2025,11,37,25,11:37:25,178,Tahap-2
01/16/2025,11,37,25,11:37:25,94,Tahap-2
01/16/2025,11,37,26,11:37:26,54,Tahap-2
01/16/2025,11,37,26,11:37:26,69,Tahap-2
01/16/2025,11,37,26,11:37:26,124,Tahap-2
01/16/2025,11,37,26,11:37:26,72,Tahap-2
01/16/2025,11,37,26,11:37:26,87,Tahap-2
01/16/2025,11,37,26,11:37:26,99,Tahap-2
01/16/2025,11,37,26,11:37:26,67,Tahap-2
01/16/2025,11,37,26,11:37:26,117,Tahap-2
01/16/2025,11,37,26,11:37:26,47,Tahap-2
01/16/2025,11,37,26,11:37:26,17,Tahap-2
01/16/2025,11,37,27,11:37:27,40,Tahap-2
01/16/2025,11,37,27,11:37:27,83,Tahap-2
01/16/2025,11,37,27,11:37:27,73,Tahap-2
01/16/2025,11,37,27,11:37:27,104,Tahap-2
01/16/2025,11,37,27,11:37:27,413,Tahap-2
01/16/2025,11,37,27,11:37:27,170,Tahap-2
01/16/2025,11,37,27,11:37:27,85,Tahap-2
01/16/2025,11,37,27,11:37:27,65,Tahap-2
01/16/2025,11,37,27,11:37:27,109,Tahap-2
01/16/2025,11,37,27,11:37:27,185,Tahap-2
01/16/2025,11,37,28,11:37:28,63,Tahap-2
01/16/2025,11,37,28,11:37:28,111,Tahap-2
01/16/2025,11,37,28,11:37:28,142,Tahap-2
01/16/2025,11,37,28,11:37:28,98,Tahap-2
01/16/2025,11,37,28,11:37:28,65,Tahap-2
01/16/2025,11,37,28,11:37:28,194,Tahap-2
01/16/2025,11,37,28,11:37:28,141,Tahap-2
01/16/2025,11,37,28,11:37:28,182,Tahap-2
01/16/2025,11,37,28,11:37:28,194,Tahap-2
01/16/2025,11,37,28,11:37:28,78,Tahap-2
01/16/2025,11,37,29,11:37:29,82,Tahap-2
01/16/2025,11,37,29,11:37:29,55,Tahap-2
01/16/2025,11,37,29,11:37:29,97,Tahap-2
01/16/2025,11,37,29,11:37:29,64,Tahap-2
01/16/2025,11,37,29,11:37:29,234,Tahap-2
01/16/2025,11,37,29,11:37:29,242,Tahap-2
01/16/2025,11,37,29,11:37:29,213,Tahap-2
01/16/2025,11,37,29,11:37:29,88,Tahap-2
01/16/2025,11,37,29,11:37:29,99,Tahap-2
01/16/2025,11,37,29,11:37:29,106,Tahap-2
01/16/2025,11,37,30,11:37:30,99,Tahap-2
01/16/2025,11,37,30,11:37:30,106,Tahap-2
01/16/2025,11,37,30,11:37:30,77,Tahap-2
01/16/2025,11,37,30,11:37:30,91,Tahap-2
01/16/2025,11,37,30,11:37:30,157,Tahap-2
01/16/2025,11,37,30,11:37:30,54,Tahap-2
01/16/2025,11,37,30,11:37:30,115,Tahap-2
01/16/2025,11,37,30,11:37:30,88,Tahap-2
01/16/2025,11,37,30,11:37:30,109,Tahap-2
01/16/2025,11,37,30,11:37:30,106,Tahap-2
01/16/2025,11,37,31,11:37:31,125,Tahap-2
01/16/2025,11,37,31,11:37:31,217,Tahap-2
01/16/2025,11,37,31,11:37:31,97,Tahap-2
01/16/2025,11,37,31,11:37:31,215,Tahap-2
01/16/2025,11,37,31,11:37:31,160,Tahap-2
01/16/2025,11,37,31,11:37:31,232,Tahap-2
01/16/2025,11,37,31,11:37:31,236,Tahap-2
01/16/2025,11,37,31,11:37:31,204,Tahap-2
01/16/2025,11,37,31,11:37:31,576,Tahap-2
01/16/2025,11,37,31,11:37:31,296,Tahap-2
01/16/2025,11,37,32,11:37:32,161,Tahap-2
01/16/2025,11,37,32,11:37:32,136,Tahap-2
01/16/2025,11,37,32,11:37:32,295,Tahap-2
01/16/2025,11,37,32,11:37:32,184,Tahap-2
01/16/2025,11,37,32,11:37:32,83,Tahap-2
01/16/2025,11,37,32,11:37:32,169,Tahap-2
01/16/2025,11,37,32,11:37:32,158,Tahap-2
01/16/2025,11,37,32,11:37:32,261,Tahap-2
01/16/2025,11,37,32,11:37:32,152,Tahap-2
01/16/2025,11,37,32,11:37:32,30,Tahap-2
01/16/2025,11,37,33,11:37:33,111,Tahap-2
01/16/2025,11,37,33,11:37:33,83,Tahap-2
01/16/2025,11,37,33,11:37:33,176,Tahap-2
01/16/2025,11,37,33,11:37:33,329,Tahap-2
01/16/2025,11,37,33,11:37:33,272,Tahap-2
01/16/2025,11,37,33,11:37:33,283,Tahap-2
01/16/2025,11,37,33,11:37:33,329,Tahap-2
01/16/2025,11,37,33,11:37:33,1490,Tahap-2
01/16/2025,11,37,33,11:37:33,463,Tahap-2
01/16/2025,11,37,33,11:37:33,957,Tahap-2
01/16/2025,11,37,34,11:37:34,1594,Tahap-2
01/16/2025,11,37,34,11:37:34,417,Tahap-2
01/16/2025,11,37,34,11:37:34,413,Tahap-2
01/16/2025,11,37,34,11:37:34,98,Tahap-2
01/16/2025,11,37,34,11:37:34,238,Tahap-2
01/16/2025,11,37,34,11:37:34,123,Tahap-2
01/16/2025,11,37,34,11:37:34,413,Tahap-2
01/16/2025,11,37,34,11:37:34,217,Tahap-2
01/16/2025,11,37,34,11:37:34,63,Tahap-2
01/16/2025,11,37,34,11:37:34,122,Tahap-2
01/16/2025,11,37,35,11:37:35,310,Tahap-2
01/16/2025,11,37,35,11:37:35,306,Tahap-2
01/16/2025,11,37,35,11:37:35,137,Tahap-2
01/16/2025,11,37,35,11:37:35,169,Tahap-2
01/16/2025,11,37,35,11:37:35,149,Tahap-2
01/16/2025,11,37,35,11:37:35,204,Tahap-2
01/16/2025,11,37,35,11:37:35,300,Tahap-2
01/16/2025,11,37,35,11:37:35,218,Tahap-2
01/16/2025,11,37,35,11:37:35,402,Tahap-2
01/16/2025,11,37,35,11:37:35,18,Tahap-2
01/16/2025,11,37,35,11:37:35,584,Tahap-2
01/16/2025,11,37,36,11:37:36,986,Tahap-2
01/16/2025,11,37,36,11:37:36,2203,Tahap-2
01/16/2025,11,37,36,11:37:36,1240,Tahap-2
01/16/2025,11,37,36,11:37:36,746,Tahap-2
01/16/2025,11,37,36,11:37:36,521,Tahap-2
01/16/2025,11,37,36,11:37:36,202,Tahap-2
01/16/2025,11,37,36,11:37:36,131,Tahap-2
01/16/2025,11,37,36,11:37:36,120,Tahap-2
01/16/2025,11,37,36,11:37:36,279,Tahap-2
01/16/2025,11,37,36,11:37:36,271,Tahap-2
01/16/2025,11,37,37,11:37:37,297,Tahap-2
01/16/2025,11,37,37,11:37:37,510,Tahap-2
01/16/2025,11,37,37,11:37:37,50,Tahap-2
01/16/2025,11,37,37,11:37:37,406,Tahap-2
01/16/2025,11,37,37,11:37:37,304,Tahap-2
01/16/2025,11,37,37,11:37:37,565,Tahap-2
01/16/2025,11,37,37,11:37:37,365,Tahap-2
01/16/2025,11,37,37,11:37:37,703,Tahap-2
01/16/2025,11,37,37,11:37:37,-28,Tahap-2
01/16/2025,11,37,37,11:37:37,80,Tahap-2
01/16/2025,11,37,38,11:37:38,44,Tahap-2
01/16/2025,11,37,38,11:37:38,-52,Tahap-2
01/16/2025,11,37,38,11:37:38,132,Tahap-2
01/16/2025,11,37,38,11:37:38,4,Tahap-2
01/16/2025,11,37,38,11:37:38,-48,Tahap-2
01/16/2025,11,37,38,11:37:38,256,Tahap-2
01/16/2025,11,37,38,11:37:38,-172,Tahap-2
01/16/2025,11,37,38,11:37:38,52,Tahap-2
01/16/2025,11,37,38,11:37:38,84,Tahap-2
01/16/2025,11,37,38,11:37:38,-8,Tahap-2
01/16/2025,11,37,39,11:37:39,-76,Tahap-2
01/16/2025,11,37,39,11:37:39,124,Tahap-2
01/16/2025,11,37,39,11:37:39,-80,Tahap-2
01/16/2025,11,37,39,11:37:39,-24,Tahap-2
01/16/2025,11,37,39,11:37:39,120,Tahap-2
01/16/2025,11,37,39,11:37:39,-60,Tahap-2
01/16/2025,11,37,39,11:37:39,132,Tahap-2
01/16/2025,11,37,39,11:37:39,48,Tahap-2
01/16/2025,11,37,39,11:37:39,-84,Tahap-2
01/16/2025,11,37,39,11:37:39,84,Tahap-2
01/16/2025,11,37,40,11:37:40,-4,Tahap-2
01/16/2025,11,37,40,11:37:40,24,Tahap-2
01/16/2025,11,37,40,11:37:40,-20,Tahap-2
01/16/2025,11,37,40,11:37:40,148,Tahap-2
01/16/2025,11,37,40,11:37:40,-188,Tahap-2
01/16/2025,11,37,40,11:37:40,80,Tahap-2
01/16/2025,11,37,40,11:37:40,16,Tahap-2
01/16/2025,11,37,40,11:37:40,48,Tahap-2
01/16/2025,11,37,40,11:37:40,92,Tahap-2
01/16/2025,11,37,40,11:37:40,-60,Tahap-2
01/16/2025,11,37,41,11:37:41,24,Tahap-2
01/16/2025,11,37,41,11:37:41,-16,Tahap-2
01/16/2025,11,37,41,11:37:41,8,Tahap-2
01/16/2025,11,37,41,11:37:41,-28,Tahap-2
01/16/2025,11,37,41,11:37:41,12,Tahap-2
01/16/2025,11,37,41,11:37:41,40,Tahap-2
01/16/2025,11,37,41,11:37:41,-132,Tahap-2
01/16/2025,11,37,41,11:37:41,188,Tahap-2
01/16/2025,11,37,41,11:37:41,-72,Tahap-2
01/16/2025,11,37,41,11:37:41,148,Tahap-2
01/16/2025,11,37,42,11:37:42,-44,Tahap-2
01/16/2025,11,37,42,11:37:42,-8,Tahap-2
01/16/2025,11,37,42,11:37:42,32,Tahap-2
01/16/2025,11,37,42,11:37:42,-72,Tahap-2
01/16/2025,11,37,42,11:37:42,68,Tahap-2
01/16/2025,11,37,42,11:37:42,-24,Tahap-2
01/16/2025,11,37,42,11:37:42,108,Tahap-2
01/16/2025,11,37,42,11:37:42,-40,Tahap-2
01/16/2025,11,37,42,11:37:42,12,Tahap-2
01/16/2025,11,37,42,11:37:42,28,Tahap-2
01/16/2025,11,37,43,11:37:43,-28,Tahap-2
01/16/2025,11,37,43,11:37:43,188,Tahap-2
01/16/2025,11,37,43,11:37:43,-140,Tahap-2
01/16/2025,11,37,43,11:37:43,136,Tahap-2
01/16/2025,11,37,43,11:37:43,-44,Tahap-2
01/16/2025,11,37,43,11:37:43,-4,Tahap-2
01/16/2025,11,37,43,11:37:43,24,Tahap-2
01/16/2025,11,37,43,11:37:43,52,Tahap-2
01/16/2025,11,37,43,11:37:43,12,Tahap-2
01/16/2025,11,37,44,11:37:44,64,Tahap-2
01/16/2025,11,37,44,11:37:44,-12,Tahap-2
01/16/2025,11,37,44,11:37:44,128,Tahap-2
01/16/2025,11,37,44,11:37:44,80,Tahap-2
01/16/2025,11,37,44,11:37:44,-140,Tahap-2
01/16/2025,11,37,44,11:37:44,192,Tahap-2
01/16/2025,11,37,44,11:37:44,-124,Tahap-2
01/16/2025,11,37,44,11:37:44,100,Tahap-2
01/16/2025,11,37,44,11:37:44,-4,Tahap-2
01/16/2025,11,37,44,11:37:44,68,Tahap-2
01/16/2025,11,37,45,11:37:45,-72,Tahap-2
01/16/2025,11,37,45,11:37:45,124,Tahap-2
01/16/2025,11,37,45,11:37:45,36,Tahap-2
01/16/2025,11,37,45,11:37:45,-128,Tahap-2
01/16/2025,11,37,45,11:37:45,284,Tahap-2
01/16/2025,11,37,45,11:37:45,-168,Tahap-2
01/16/2025,11,37,45,11:37:45,68,Tahap-2
01/16/2025,11,37,45,11:37:45,108,Tahap-2
01/16/2025,11,37,45,11:37:45,-84,Tahap-2
01/16/2025,11,37,45,11:37:45,36,Tahap-2
01/16/2025,11,37,46,11:37:46,116,Tahap-2
01/16/2025,11,37,46,11:37:46,-12,Tahap-2
01/16/2025,11,37,46,11:37:46,-76,Tahap-2
01/16/2025,11,37,46,11:37:46,116,Tahap-2
01/16/2025,11,37,46,11:37:46,-108,Tahap-2
01/16/2025,11,37,46,11:37:46,20,Tahap-2
01/16/2025,11,37,46,11:37:46,160,Tahap-2
01/16/2025,11,37,46,11:37:46,-252,Tahap-2
01/16/2025,11,37,46,11:37:46,164,Tahap-2
01/16/2025,11,37,46,11:37:46,-56,Tahap-2
01/16/2025,11,37,47,11:37:47,-52,Tahap-2
01/16/2025,11,37,48,11:37:48,-16,Tahap-2
01/16/2025,11,37,48,11:37:48,104,Tahap-2
01/16/2025,11,37,48,11:37:48,-124,Tahap-2
01/16/2025,11,37,48,11:37:48,24,Tahap-2
01/16/2025,11,37,48,11:37:48,64,Tahap-2
01/16/2025,11,37,48,11:37:48,-172,Tahap-2
01/16/2025,11,37,48,11:37:48,164,Tahap-2
01/16/2025,11,37,48,11:37:48,-32,Tahap-2
01/16/2025,11,37,48,11:37:48,-84,Tahap-2
01/16/2025,11,37,48,11:37:48,136,Tahap-2
01/16/2025,11,37,48,11:37:48,-88,Tahap-2
01/16/2025,11,37,48,11:37:48,-36,Tahap-2
01/16/2025,11,37,48,11:37:48,-12,Tahap-2
01/16/2025,11,37,48,11:37:48,92,Tahap-2
01/16/2025,11,37,48,11:37:48,-216,Tahap-2
01/16/2025,11,37,48,11:37:48,132,Tahap-2
01/16/2025,11,37,48,11:37:48,-84,Tahap-2
01/16/2025,11,37,48,11:37:48,-56,Tahap-2
01/16/2025,11,37,48,11:37:48,152,Tahap-2
01/16/2025,11,37,49,11:37:49,-136,Tahap-2
01/16/2025,11,37,49,11:37:49,-28,Tahap-2
01/16/2025,11,37,49,11:37:49,40,Tahap-2
01/16/2025,11,37,49,11:37:49,-64,Tahap-2
01/16/2025,11,37,49,11:37:49,-48,Tahap-2
01/16/2025,11,37,49,11:37:49,40,Tahap-2
01/16/2025,11,37,49,11:37:49,-32,Tahap-2
01/16/2025,11,37,49,11:37:49,-148,Tahap-2
01/16/2025,11,37,49,11:37:49,200,Tahap-2
01/16/2025,11,37,49,11:37:49,-188,Tahap-2
01/16/2025,11,37,50,11:37:50,88,Tahap-2
01/16/2025,11,37,50,11:37:50,-36,Tahap-2
01/16/2025,11,37,50,11:37:50,-76,Tahap-2
01/16/2025,11,37,50,11:37:50,-12,Tahap-2
01/16/2025,11,37,50,11:37:50,-4,Tahap-2
01/16/2025,11,37,50,11:37:50,-80,Tahap-2
01/16/2025,11,37,50,11:37:50,-56,Tahap-2
01/16/2025,11,38,15,11:38:15,1971,Tahap-2
01/16/2025,11,38,15,11:38:15,1190,Tahap-2
01/16/2025,11,38,15,11:38:15,722,Tahap-2
01/16/2025,11,38,15,11:38:15,592,Tahap-2
01/16/2025,11,38,15,11:38:15,623,Tahap-2
01/16/2025,11,38,15,11:38:15,393,Tahap-2
01/16/2025,11,38,15,11:38:15,425,Tahap-2
01/16/2025,11,38,15,11:38:15,299,Tahap-2
01/16/2025,11,38,15,11:38:15,188,Tahap-2
01/16/2025,11,38,16,11:38:16,257,Tahap-2
01/16/2025,11,38,16,11:38:16,116,Tahap-2
01/16/2025,11,38,16,11:38:16,206,Tahap-2
01/16/2025,11,38,16,11:38:16,57,Tahap-2
01/16/2025,11,38,16,11:38:16,188,Tahap-2
01/16/2025,11,38,16,11:38:16,197,Tahap-2
01/16/2025,11,38,16,11:38:16,121,Tahap-2
01/16/2025,11,38,16,11:38:16,93,Tahap-2
01/16/2025,11,38,16,11:38:16,40,Tahap-2
01/16/2025,11,38,16,11:38:16,26,Tahap-2
01/16/2025,11,38,17,11:38:17,42,Tahap-2
01/16/2025,11,38,18,11:38:18,85,Tahap-2
01/16/2025,11,38,18,11:38:18,156,Tahap-2
01/16/2025,11,38,18,11:38:18,367,Tahap-2
01/16/2025,11,38,18,11:38:18,238,Tahap-2
01/16/2025,11,38,18,11:38:18,61,Tahap-2
01/16/2025,11,38,18,11:38:18,121,Tahap-2
01/16/2025,11,38,18,11:38:18,118,Tahap-2
01/16/2025,11,38,18,11:38:18,88,Tahap-2
01/16/2025,11,38,18,11:38:18,291,Tahap-2
01/16/2025,11,38,18,11:38:18,47,Tahap-2
01/16/2025,11,38,18,11:38:18,167,Tahap-2
01/16/2025,11,38,18,11:38:18,132,Tahap-2
01/16/2025,11,38,18,11:38:18,117,Tahap-2
01/16/2025,11,38,18,11:38:18,120,Tahap-2
01/16/2025,11,38,18,11:38:18,17,Tahap-2
01/16/2025,11,38,18,11:38:18,142,Tahap-2
01/16/2025,11,38,18,11:38:18,62,Tahap-2
01/16/2025,11,38,18,11:38:18,173,Tahap-2
01/16/2025,11,38,18,11:38:18,103,Tahap-2
01/16/2025,11,38,19,11:38:19,74,Tahap-2
01/16/2025,11,38,19,11:38:19,160,Tahap-2
01/16/2025,11,38,19,11:38:19,103,Tahap-2
01/16/2025,11,38,19,11:38:19,288,Tahap-2
01/16/2025,11,38,19,11:38:19,469,Tahap-2
01/16/2025,11,38,19,11:38:19,255,Tahap-2
01/16/2025,11,38,19,11:38:19,268,Tahap-2
01/16/2025,11,38,19,11:38:19,131,Tahap-2
01/16/2025,11,38,19,11:38:19,91,Tahap-2
01/16/2025,11,38,19,11:38:19,52,Tahap-2
01/16/2025,11,38,20,11:38:20,80,Tahap-2
01/16/2025,11,38,20,11:38:20,76,Tahap-2
01/16/2025,11,38,20,11:38:20,102,Tahap-2
01/16/2025,11,38,20,11:38:20,73,Tahap-2
01/16/2025,11,38,20,11:38:20,31,Tahap-2
01/16/2025,11,38,20,11:38:20,191,Tahap-2
01/16/2025,11,38,20,11:38:20,63,Tahap-2
01/16/2025,11,38,20,11:38:20,71,Tahap-2
01/16/2025,11,38,20,11:38:20,64,Tahap-2
01/16/2025,11,38,20,11:38:20,127,Tahap-2
01/16/2025,11,38,21,11:38:21,155,Tahap-2
01/16/2025,11,38,21,11:38:21,182,Tahap-2
01/16/2025,11,38,21,11:38:21,87,Tahap-2
01/16/2025,11,38,21,11:38:21,186,Tahap-2
01/16/2025,11,38,21,11:38:21,570,Tahap-2
01/16/2025,11,38,21,11:38:21,658,Tahap-2
01/16/2025,11,38,21,11:38:21,171,Tahap-2
01/16/2025,11,38,21,11:38:21,343,Tahap-2
01/16/2025,11,38,21,11:38:21,568,Tahap-2
01/16/2025,11,38,21,11:38:21,611,Tahap-2
01/16/2025,11,38,22,11:38:22,460,Tahap-2
01/16/2025,11,38,22,11:38:22,169,Tahap-2
01/16/2025,11,38,22,11:38:22,321,Tahap-2
01/16/2025,11,38,22,11:38:22,173,Tahap-2
01/16/2025,11,38,22,11:38:22,44,Tahap-2
01/16/2025,11,38,22,11:38:22,47,Tahap-2
01/16/2025,11,38,22,11:38:22,92,Tahap-2
01/16/2025,11,38,22,11:38:22,241,Tahap-2
01/16/2025,11,38,22,11:38:22,53,Tahap-2
01/16/2025,11,38,22,11:38:22,105,Tahap-2
01/16/2025,11,38,23,11:38:23,100,Tahap-2
01/16/2025,11,38,23,11:38:23,11,Tahap-2
01/16/2025,11,38,23,11:38:23,174,Tahap-2
01/16/2025,11,38,23,11:38:23,215,Tahap-2
01/16/2025,11,38,23,11:38:23,287,Tahap-2
01/16/2025,11,38,23,11:38:23,303,Tahap-2
01/16/2025,11,38,23,11:38:23,199,Tahap-2
01/16/2025,11,38,23,11:38:23,933,Tahap-2
01/16/2025,11,38,23,11:38:23,1247,Tahap-2
01/16/2025,11,38,23,11:38:23,1285,Tahap-2
01/16/2025,11,38,24,11:38:24,1883,Tahap-2
01/16/2025,11,38,24,11:38:24,26,Tahap-2
01/16/2025,11,38,24,11:38:24,321,Tahap-2
01/16/2025,11,38,24,11:38:24,254,Tahap-2
01/16/2025,11,38,24,11:38:24,330,Tahap-2
01/16/2025,11,38,24,11:38:24,639,Tahap-2
01/16/2025,11,38,24,11:38:24,218,Tahap-2
01/16/2025,11,38,24,11:38:24,137,Tahap-2
01/16/2025,11,38,24,11:38:24,90,Tahap-2
01/16/2025,11,38,24,11:38:24,254,Tahap-2
01/16/2025,11,38,25,11:38:25,246,Tahap-2
01/16/2025,11,38,25,11:38:25,125,Tahap-2
01/16/2025,11,38,25,11:38:25,62,Tahap-2
01/16/2025,11,38,25,11:38:25,194,Tahap-2
01/16/2025,11,38,25,11:38:25,163,Tahap-2
01/16/2025,11,38,25,11:38:25,154,Tahap-2
01/16/2025,11,38,25,11:38:25,203,Tahap-2
01/16/2025,11,38,25,11:38:25,263,Tahap-2
01/16/2025,11,38,25,11:38:25,300,Tahap-2
01/16/2025,11,38,25,11:38:25,906,Tahap-2
01/16/2025,11,38,26,11:38:26,907,Tahap-2
01/16/2025,11,38,26,11:38:26,1732,Tahap-2
01/16/2025,11,38,26,11:38:26,2044,Tahap-2
01/16/2025,11,38,26,11:38:26,1285,Tahap-2
01/16/2025,11,38,26,11:38:26,345,Tahap-2
01/16/2025,11,38,26,11:38:26,391,Tahap-2
01/16/2025,11,38,26,11:38:26,335,Tahap-2
01/16/2025,11,38,26,11:38:26,214,Tahap-2
01/16/2025,11,38,26,11:38:26,146,Tahap-2
01/16/2025,11,38,26,11:38:26,172,Tahap-2
01/16/2025,11,38,27,11:38:27,240,Tahap-2
01/16/2025,11,38,27,11:38:27,227,Tahap-2
01/16/2025,11,38,27,11:38:27,219,Tahap-2
01/16/2025,11,38,27,11:38:27,144,Tahap-2
01/16/2025,11,38,27,11:38:27,145,Tahap-2
01/16/2025,11,38,27,11:38:27,98,Tahap-2
01/16/2025,11,38,27,11:38:27,223,Tahap-2
01/16/2025,11,38,27,11:38:27,391,Tahap-2
01/16/2025,11,38,27,11:38:27,-12,Tahap-2
01/16/2025,11,38,27,11:38:27,-84,Tahap-2
01/16/2025,11,38,28,11:38:28,-52,Tahap-2
01/16/2025,11,38,28,11:38:28,20,Tahap-2
01/16/2025,11,38,28,11:38:28,16,Tahap-2
01/16/2025,11,38,28,11:38:28,-92,Tahap-2
01/16/2025,11,38,28,11:38:28,-4,Tahap-2
01/16/2025,11,38,28,11:38:28,60,Tahap-2
01/16/2025,11,38,28,11:38:28,12,Tahap-2
01/16/2025,11,38,28,11:38:28,-16,Tahap-2
01/16/2025,11,38,28,11:38:28,-4,Tahap-2
01/16/2025,11,38,28,11:38:28,116,Tahap-2
01/16/2025,11,38,29,11:38:29,-152,Tahap-2
01/16/2025,11,38,29,11:38:29,-8,Tahap-2
01/16/2025,11,38,29,11:38:29,-32,Tahap-2
01/16/2025,11,38,29,11:38:29,-52,Tahap-2
01/16/2025,11,38,29,11:38:29,-16,Tahap-2
01/16/2025,11,38,29,11:38:29,-24,Tahap-2
01/16/2025,11,38,29,11:38:29,28,Tahap-2
01/16/2025,11,38,29,11:38:29,-36,Tahap-2
01/16/2025,11,38,29,11:38:29,8,Tahap-2
01/16/2025,11,38,29,11:38:29,-128,Tahap-2
01/16/2025,11,38,30,11:38:30,64,Tahap-2
01/16/2025,11,38,30,11:38:30,20,Tahap-2
01/16/2025,11,38,30,11:38:30,-104,Tahap-2
01/16/2025,11,38,30,11:38:30,8,Tahap-2
01/16/2025,11,38,30,11:38:30,-4,Tahap-2
01/16/2025,11,38,30,11:38:30,-20,Tahap-2
01/16/2025,11,38,30,11:38:30,-80,Tahap-2
01/16/2025,11,38,30,11:38:30,104,Tahap-2
01/16/2025,11,38,30,11:38:30,-124,Tahap-2
01/16/2025,11,38,30,11:38:30,84,Tahap-2
01/16/2025,11,38,31,11:38:31,-36,Tahap-2
01/16/2025,11,38,31,11:38:31,-20,Tahap-2
01/16/2025,11,38,31,11:38:31,92,Tahap-2
01/16/2025,11,38,31,11:38:31,-108,Tahap-2
01/16/2025,11,38,31,11:38:31,4,Tahap-2
01/16/2025,11,38,31,11:38:31,-20,Tahap-2
01/16/2025,11,38,31,11:38:31,-76,Tahap-2
01/16/2025,11,38,31,11:38:31,100,Tahap-2
01/16/2025,11,38,31,11:38:31,-72,Tahap-2
01/16/2025,11,38,32,11:38:32,-84,Tahap-2
01/16/2025,11,38,32,11:38:32,96,Tahap-2
01/16/2025,11,38,32,11:38:32,-108,Tahap-2
01/16/2025,11,38,32,11:38:32,120,Tahap-2
01/16/2025,11,38,32,11:38:32,-160,Tahap-2
01/16/2025,11,38,32,11:38:32,-12,Tahap-2
01/16/2025,11,38,32,11:38:32,-16,Tahap-2
01/16/2025,11,38,32,11:38:32,-72,Tahap-2
01/16/2025,11,38,32,11:38:32,16,Tahap-2
01/16/2025,11,38,32,11:38:32,-92,Tahap-2
01/16/2025,11,38,33,11:38:33,68,Tahap-2
01/16/2025,11,38,33,11:38:33,-204,Tahap-2
01/16/2025,11,38,33,11:38:33,84,Tahap-2
01/16/2025,11,38,33,11:38:33,-104,Tahap-2
01/16/2025,11,38,33,11:38:33,-4,Tahap-2
01/16/2025,11,38,33,11:38:33,-24,Tahap-2
01/16/2025,11,38,33,11:38:33,-160,Tahap-2
01/16/2025,11,38,33,11:38:33,80,Tahap-2
01/16/2025,11,38,33,11:38:33,-180,Tahap-2
01/16/2025,11,38,33,11:38:33,-8,Tahap-2
01/16/2025,11,38,34,11:38:34,-156,Tahap-2
01/16/2025,11,38,34,11:38:34,76,Tahap-2
01/16/2025,11,38,34,11:38:34,-128,Tahap-2
01/16/2025,11,38,34,11:38:34,-100,Tahap-2
01/16/2025,11,38,34,11:38:34,-120,Tahap-2
01/16/2025,11,38,34,11:38:34,104,Tahap-2
01/16/2025,11,38,34,11:38:34,-216,Tahap-2
01/16/2025,11,38,34,11:38:34,-112,Tahap-2
01/16/2025,11,38,35,11:38:35,-32,Tahap-2
01/16/2025,11,38,35,11:38:35,-72,Tahap-2
01/16/2025,11,38,35,11:38:35,-76,Tahap-2
01/16/2025,11,38,35,11:38:35,-28,Tahap-2
01/16/2025,11,38,35,11:38:35,-228,Tahap-2
01/16/2025,11,38,35,11:38:35,60,Tahap-2
01/16/2025,11,38,35,11:38:35,-192,Tahap-2
01/16/2025,11,38,35,11:38:35,68,Tahap-2
01/16/2025,11,38,35,11:38:35,-76,Tahap-2
01/16/2025,11,38,35,11:38:35,-164,Tahap-2
01/16/2025,11,38,36,11:38:36,32,Tahap-2
01/16/2025,11,38,36,11:38:36,-136,Tahap-2
01/16/2025,11,38,36,11:38:36,-8,Tahap-2
01/16/2025,11,38,36,11:38:36,-156,Tahap-2
01/16/2025,11,38,36,11:38:36,48,Tahap-2
01/16/2025,11,38,36,11:38:36,-144,Tahap-2
01/16/2025,11,38,36,11:38:36,-24,Tahap-2
01/16/2025,11,38,36,11:38:36,-84,Tahap-2
01/16/2025,11,38,36,11:38:36,-76,Tahap-2
01/16/2025,11,38,36,11:38:36,100,Tahap-2
01/16/2025,11,38,37,11:38:37,-268,Tahap-2
01/16/2025,11,38,37,11:38:37,36,Tahap-2
01/16/2025,11,38,37,11:38:37,-92,Tahap-2
01/16/2025,11,38,37,11:38:37,-76,Tahap-2
01/16/2025,11,38,37,11:38:37,-36,Tahap-2
01/16/2025,11,38,37,11:38:37,-52,Tahap-2
01/16/2025,11,38,37,11:38:37,-188,Tahap-2
01/16/2025,11,38,37,11:38:37,76,Tahap-2
01/16/2025,11,38,37,11:38:37,-204,Tahap-2
01/16/2025,11,38,38,11:38:38,100,Tahap-2
01/16/2025,11,38,38,11:38:38,-136,Tahap-2
01/16/2025,11,38,38,11:38:38,-136,Tahap-2
01/16/2025,11,38,38,11:38:38,64,Tahap-2
01/16/2025,11,38,38,11:38:38,-156,Tahap-2
01/16/2025,11,38,38,11:38:38,-36,Tahap-2
01/16/2025,11,38,38,11:38:38,-148,Tahap-2
01/16/2025,11,38,38,11:38:38,12,Tahap-2
01/16/2025,11,38,38,11:38:38,-236,Tahap-2
01/16/2025,11,38,38,11:38:38,-40,Tahap-2
01/16/2025,11,38,39,11:38:39,-120,Tahap-2
01/16/2025,11,38,39,11:38:39,-116,Tahap-2
01/16/2025,11,38,39,11:38:39,92,Tahap-2
01/16/2025,11,38,39,11:38:39,-280,Tahap-2
01/16/2025,11,38,39,11:38:39,8,Tahap-2
01/16/2025,11,38,39,11:38:39,-152,Tahap-2
01/16/2025,11,38,39,11:38:39,-104,Tahap-2
01/16/2025,11,38,39,11:38:39,-160,Tahap-2
01/16/2025,11,38,39,11:38:39,-36,Tahap-2
01/16/2025,11,38,39,11:38:39,-160,Tahap-2
01/16/2025,11,38,39,11:38:39,-172,Tahap-2
01/16/2025,11,38,40,11:38:40,20,Tahap-2
01/16/2025,11,38,40,11:38:40,-188,Tahap-2
01/16/2025,11,38,40,11:38:40,72,Tahap-2
01/16/2025,11,38,40,11:38:40,-116,Tahap-2
01/16/2025,11,38,40,11:38:40,-156,Tahap-2
01/16/2025,11,38,40,11:38:40,28,Tahap-2
01/16/2025,11,39,5,11:39:05,2459,Tahap-2
01/16/2025,11,39,5,11:39:05,1599,Tahap-2
01/16/2025,11,39,5,11:39:05,908,Tahap-2
01/16/2025,11,39,5,11:39:05,748,Tahap-2
01/16/2025,11,39,5,11:39:05,558,Tahap-2
01/16/2025,11,39,5,11:39:05,476,Tahap-2
01/16/2025,11,39,5,11:39:05,323,Tahap-2
01/16/2025,11,39,5,11:39:05,305,Tahap-2
01/16/2025,11,39,5,11:39:05,438,Tahap-2
01/16/2025,11,39,5,11:39:05,324,Tahap-2
01/16/2025,11,39,6,11:39:06,349,Tahap-2
01/16/2025,11,39,6,11:39:06,262,Tahap-2
01/16/2025,11,39,6,11:39:06,204,Tahap-2
01/16/2025,11,39,6,11:39:06,195,Tahap-2
01/16/2025,11,39,6,11:39:06,214,Tahap-2
01/16/2025,11,39,6,11:39:06,163,Tahap-2
01/16/2025,11,39,6,11:39:06,146,Tahap-2
01/16/2025,11,39,6,11:39:06,205,Tahap-2
01/16/2025,11,39,6,11:39:06,129,Tahap-2
01/16/2025,11,39,6,11:39:06,38,Tahap-2
01/16/2025,11,39,7,11:39:07,105,Tahap-2
01/16/2025,11,39,7,11:39:07,316,Tahap-2
01/16/2025,11,39,7,11:39:07,448,Tahap-2
01/16/2025,11,39,7,11:39:07,163,Tahap-2
01/16/2025,11,39,7,11:39:07,128,Tahap-2
01/16/2025,11,39,7,11:39:07,97,Tahap-2
01/16/2025,11,39,7,11:39:07,119,Tahap-2
01/16/2025,11,39,7,11:39:07,127,Tahap-2
01/16/2025,11,39,7,11:39:07,171,Tahap-2
01/16/2025,11,39,7,11:39:07,346,Tahap-2
01/16/2025,11,39,8,11:39:08,113,Tahap-2
01/16/2025,11,39,8,11:39:08,126,Tahap-2
01/16/2025,11,39,8,11:39:08,237,Tahap-2
01/16/2025,11,39,8,11:39:08,227,Tahap-2
01/16/2025,11,39,8,11:39:08,204,Tahap-2
01/16/2025,11,39,8,11:39:08,199,Tahap-2
01/16/2025,11,39,8,11:39:08,144,Tahap-2
01/16/2025,11,39,8,11:39:08,203,Tahap-2
01/16/2025,11,39,8,11:39:08,121,Tahap-2
01/16/2025,11,39,8,11:39:08,112,Tahap-2
01/16/2025,11,39,9,11:39:09,65,Tahap-2
01/16/2025,11,39,9,11:39:09,138,Tahap-2
01/16/2025,11,39,9,11:39:09,157,Tahap-2
01/16/2025,11,39,9,11:39:09,329,Tahap-2
01/16/2025,11,39,9,11:39:09,367,Tahap-2
01/16/2025,11,39,9,11:39:09,140,Tahap-2
01/16/2025,11,39,9,11:39:09,107,Tahap-2
01/16/2025,11,39,9,11:39:09,118,Tahap-2
01/16/2025,11,39,9,11:39:09,91,Tahap-2
01/16/2025,11,39,9,11:39:09,71,Tahap-2
01/16/2025,11,39,10,11:39:10,100,Tahap-2
01/16/2025,11,39,10,11:39:10,85,Tahap-2
01/16/2025,11,39,10,11:39:10,94,Tahap-2
01/16/2025,11,39,10,11:39:10,43,Tahap-2
01/16/2025,11,39,10,11:39:10,160,Tahap-2
01/16/2025,11,39,10,11:39:10,198,Tahap-2
01/16/2025,11,39,10,11:39:10,106,Tahap-2
01/16/2025,11,39,10,11:39:10,52,Tahap-2
01/16/2025,11,39,10,11:39:10,100,Tahap-2
01/16/2025,11,39,10,11:39:10,72,Tahap-2
01/16/2025,11,39,11,11:39:11,138,Tahap-2
01/16/2025,11,39,11,11:39:11,99,Tahap-2
01/16/2025,11,39,11,11:39:11,108,Tahap-2
01/16/2025,11,39,11,11:39:11,349,Tahap-2
01/16/2025,11,39,11,11:39:11,122,Tahap-2
01/16/2025,11,39,11,11:39:11,154,Tahap-2
01/16/2025,11,39,11,11:39:11,530,Tahap-2
01/16/2025,11,39,11,11:39:11,841,Tahap-2
01/16/2025,11,39,11,11:39:11,309,Tahap-2
01/16/2025,11,39,11,11:39:11,156,Tahap-2
01/16/2025,11,39,12,11:39:12,177,Tahap-2
01/16/2025,11,39,12,11:39:12,168,Tahap-2
01/16/2025,11,39,12,11:39:12,156,Tahap-2
01/16/2025,11,39,12,11:39:12,121,Tahap-2
01/16/2025,11,39,12,11:39:12,96,Tahap-2
01/16/2025,11,39,12,11:39:12,198,Tahap-2
01/16/2025,11,39,12,11:39:12,162,Tahap-2
01/16/2025,11,39,12,11:39:12,58,Tahap-2
01/16/2025,11,39,12,11:39:12,120,Tahap-2
01/16/2025,11,39,12,11:39:12,55,Tahap-2
01/16/2025,11,39,13,11:39:13,58,Tahap-2
01/16/2025,11,39,13,11:39:13,167,Tahap-2
01/16/2025,11,39,13,11:39:13,200,Tahap-2
01/16/2025,11,39,13,11:39:13,320,Tahap-2
01/16/2025,11,39,13,11:39:13,44,Tahap-2
01/16/2025,11,39,13,11:39:13,84,Tahap-2
01/16/2025,11,39,13,11:39:13,643,Tahap-2
01/16/2025,11,39,13,11:39:13,151,Tahap-2
01/16/2025,11,39,13,11:39:13,902,Tahap-2
01/16/2025,11,39,13,11:39:13,2047,Tahap-2
01/16/2025,11,39,14,11:39:14,216,Tahap-2
01/16/2025,11,39,14,11:39:14,222,Tahap-2
01/16/2025,11,39,14,11:39:14,264,Tahap-2
01/16/2025,11,39,14,11:39:14,161,Tahap-2
01/16/2025,11,39,14,11:39:14,270,Tahap-2
01/16/2025,11,39,14,11:39:14,96,Tahap-2
01/16/2025,11,39,14,11:39:14,39,Tahap-2
01/16/2025,11,39,14,11:39:14,164,Tahap-2
01/16/2025,11,39,14,11:39:14,329,Tahap-2
01/16/2025,11,39,14,11:39:14,215,Tahap-2
01/16/2025,11,39,15,11:39:15,132,Tahap-2
01/16/2025,11,39,15,11:39:15,42,Tahap-2
01/16/2025,11,39,15,11:39:15,143,Tahap-2
01/16/2025,11,39,15,11:39:15,111,Tahap-2
01/16/2025,11,39,15,11:39:15,131,Tahap-2
01/16/2025,11,39,15,11:39:15,94,Tahap-2
01/16/2025,11,39,15,11:39:15,151,Tahap-2
01/16/2025,11,39,15,11:39:15,206,Tahap-2
01/16/2025,11,39,15,11:39:15,211,Tahap-2
01/16/2025,11,39,15,11:39:15,719,Tahap-2
01/16/2025,11,39,16,11:39:16,831,Tahap-2
01/16/2025,11,39,16,11:39:16,738,Tahap-2
01/16/2025,11,39,16,11:39:16,2192,Tahap-2
01/16/2025,11,39,16,11:39:16,990,Tahap-2
01/16/2025,11,39,16,11:39:16,155,Tahap-2
01/16/2025,11,39,16,11:39:16,33,Tahap-2
01/16/2025,11,39,16,11:39:16,118,Tahap-2
01/16/2025,11,39,16,11:39:16,56,Tahap-2
01/16/2025,11,39,16,11:39:16,157,Tahap-2
01/16/2025,11,39,16,11:39:16,230,Tahap-2
01/16/2025,11,39,17,11:39:17,477,Tahap-2
01/16/2025,11,39,18,11:39:18,266,Tahap-2
01/16/2025,11,39,18,11:39:18,352,Tahap-2
01/16/2025,11,39,18,11:39:18,236,Tahap-2
01/16/2025,11,39,18,11:39:18,383,Tahap-2
01/16/2025,11,39,18,11:39:18,164,Tahap-2
01/16/2025,11,39,18,11:39:18,73,Tahap-2
01/16/2025,11,39,18,11:39:18,-8,Tahap-2
01/16/2025,11,39,18,11:39:18,68,Tahap-2
01/16/2025,11,39,18,11:39:18,-168,Tahap-2
01/16/2025,11,39,18,11:39:18,84,Tahap-2
01/16/2025,11,39,18,11:39:18,-12,Tahap-2
01/16/2025,11,39,18,11:39:18,-76,Tahap-2
01/16/2025,11,39,18,11:39:18,184,Tahap-2
01/16/2025,11,39,18,11:39:18,-208,Tahap-2
01/16/2025,11,39,18,11:39:18,136,Tahap-2
01/16/2025,11,39,18,11:39:18,-8,Tahap-2
01/16/2025,11,39,18,11:39:18,-80,Tahap-2
01/16/2025,11,39,18,11:39:18,-60,Tahap-2
01/16/2025,11,39,18,11:39:18,104,Tahap-2
01/16/2025,11,39,19,11:39:19,-76,Tahap-2
01/16/2025,11,39,19,11:39:19,-96,Tahap-2
01/16/2025,11,39,19,11:39:19,180,Tahap-2
01/16/2025,11,39,19,11:39:19,-112,Tahap-2
01/16/2025,11,39,19,11:39:19,212,Tahap-2
01/16/2025,11,39,19,11:39:19,-68,Tahap-2
01/16/2025,11,39,19,11:39:19,-76,Tahap-2
01/16/2025,11,39,19,11:39:19,148,Tahap-2
01/16/2025,11,39,19,11:39:19,-68,Tahap-2
01/16/2025,11,39,19,11:39:19,-36,Tahap-2
01/16/2025,11,39,20,11:39:20,72,Tahap-2
01/16/2025,11,39,20,11:39:20,112,Tahap-2
01/16/2025,11,39,20,11:39:20,-164,Tahap-2
01/16/2025,11,39,20,11:39:20,120,Tahap-2
01/16/2025,11,39,20,11:39:20,-32,Tahap-2
01/16/2025,11,39,20,11:39:20,12,Tahap-2
01/16/2025,11,39,20,11:39:20,84,Tahap-2
01/16/2025,11,39,20,11:39:20,-148,Tahap-2
01/16/2025,11,39,20,11:39:20,112,Tahap-2
01/16/2025,11,39,20,11:39:20,28,Tahap-2
01/16/2025,11,39,21,11:39:21,-84,Tahap-2
01/16/2025,11,39,21,11:39:21,-60,Tahap-2
01/16/2025,11,39,21,11:39:21,40,Tahap-2
01/16/2025,11,39,21,11:39:21,-100,Tahap-2
01/16/2025,11,39,21,11:39:21,-56,Tahap-2
01/16/2025,11,39,21,11:39:21,60,Tahap-2
01/16/2025,11,39,21,11:39:21,-56,Tahap-2
01/16/2025,11,39,21,11:39:21,112,Tahap-2
01/16/2025,11,39,21,11:39:21,-128,Tahap-2
01/16/2025,11,39,21,11:39:21,-28,Tahap-2
01/16/2025,11,39,22,11:39:22,8,Tahap-2
01/16/2025,11,39,22,11:39:22,-72,Tahap-2
01/16/2025,11,39,22,11:39:22,-76,Tahap-2
01/16/2025,11,39,22,11:39:22,64,Tahap-2
01/16/2025,11,39,22,11:39:22,-96,Tahap-2
01/16/2025,11,39,22,11:39:22,-92,Tahap-2
01/16/2025,11,39,22,11:39:22,20,Tahap-2
01/16/2025,11,39,22,11:39:22,16,Tahap-2
01/16/2025,11,39,22,11:39:22,60,Tahap-2
01/16/2025,11,39,22,11:39:22,-104,Tahap-2
01/16/2025,11,39,23,11:39:23,-28,Tahap-2
01/16/2025,11,39,23,11:39:23,-4,Tahap-2
01/16/2025,11,39,23,11:39:23,-12,Tahap-2
01/16/2025,11,39,23,11:39:23,-128,Tahap-2
01/16/2025,11,39,23,11:39:23,-12,Tahap-2
01/16/2025,11,39,23,11:39:23,-8,Tahap-2
01/16/2025,11,39,23,11:39:23,-124,Tahap-2
01/16/2025,11,39,23,11:39:23,-56,Tahap-2
01/16/2025,11,39,23,11:39:23,-48,Tahap-2
01/16/2025,11,39,23,11:39:23,32,Tahap-2
01/16/2025,11,39,24,11:39:24,-40,Tahap-2
01/16/2025,11,39,24,11:39:24,-92,Tahap-2
01/16/2025,11,39,24,11:39:24,-8,Tahap-2
01/16/2025,11,39,24,11:39:24,-92,Tahap-2
01/16/2025,11,39,24,11:39:24,-88,Tahap-2
01/16/2025,11,39,24,11:39:24,-104,Tahap-2
01/16/2025,11,39,24,11:39:24,8,Tahap-2
01/16/2025,11,39,24,11:39:24,-176,Tahap-2
01/16/2025,11,39,24,11:39:24,-28,Tahap-2
01/16/2025,11,39,24,11:39:24,-76,Tahap-2
01/16/2025,11,39,25,11:39:25,52,Tahap-2
01/16/2025,11,39,25,11:39:25,-8,Tahap-2
01/16/2025,11,39,25,11:39:25,-156,Tahap-2
01/16/2025,11,39,25,11:39:25,36,Tahap-2
01/16/2025,11,39,25,11:39:25,-116,Tahap-2
01/16/2025,11,39,25,11:39:25,-72,Tahap-2
01/16/2025,11,39,25,11:39:25,-100,Tahap-2
01/16/2025,11,39,25,11:39:25,16,Tahap-2
01/16/2025,11,39,25,11:39:25,-88,Tahap-2
01/16/2025,11,39,25,11:39:25,-96,Tahap-2
01/16/2025,11,39,26,11:39:26,24,Tahap-2
01/16/2025,11,39,26,11:39:26,-72,Tahap-2
01/16/2025,11,39,26,11:39:26,116,Tahap-2
01/16/2025,11,39,26,11:39:26,-180,Tahap-2
01/16/2025,11,39,26,11:39:26,-40,Tahap-2
01/16/2025,11,39,26,11:39:26,-52,Tahap-2
01/16/2025,11,39,26,11:39:26,-104,Tahap-2
01/16/2025,11,39,26,11:39:26,-116,Tahap-2
01/16/2025,11,39,26,11:39:26,-60,Tahap-2
01/16/2025,11,39,26,11:39:26,-48,Tahap-2
01/16/2025,11,39,27,11:39:27,-220,Tahap-2
01/16/2025,11,39,27,11:39:27,-184,Tahap-2
01/16/2025,11,39,27,11:39:27,-16,Tahap-2
01/16/2025,11,39,27,11:39:27,-44,Tahap-2
01/16/2025,11,39,27,11:39:27,-248,Tahap-2
01/16/2025,11,39,27,11:39:27,-16,Tahap-2
01/16/2025,11,39,27,11:39:27,-184,Tahap-2
01/16/2025,11,39,27,11:39:27,-68,Tahap-2
01/16/2025,11,39,27,11:39:27,-260,Tahap-2
01/16/2025,11,39,28,11:39:28,12,Tahap-2
01/16/2025,11,39,28,11:39:28,-244,Tahap-2
01/16/2025,11,39,28,11:39:28,-112,Tahap-2
01/16/2025,11,39,28,11:39:28,-88,Tahap-2
01/16/2025,11,39,28,11:39:28,-192,Tahap-2
01/16/2025,11,39,28,11:39:28,72,Tahap-2
01/16/2025,11,39,28,11:39:28,-240,Tahap-2
01/16/2025,11,39,28,11:39:28,-152,Tahap-2
01/16/2025,11,39,28,11:39:28,-128,Tahap-2
01/16/2025,11,39,28,11:39:28,-172,Tahap-2
01/16/2025,11,39,29,11:39:29,-164,Tahap-2
01/16/2025,11,39,29,11:39:29,-124,Tahap-2
01/16/2025,11,39,29,11:39:29,-52,Tahap-2
01/16/2025,11,39,29,11:39:29,-292,Tahap-2
01/16/2025,11,39,29,11:39:29,-8,Tahap-2
01/16/2025,11,39,29,11:39:29,-260,Tahap-2
01/16/2025,11,39,29,11:39:29,-76,Tahap-2
01/16/2025,11,39,29,11:39:29,-76,Tahap-2
01/16/2025,11,39,29,11:39:29,-348,Tahap-2
01/16/2025,11,39,29,11:39:29,-72,Tahap-2
01/16/2025,11,39,30,11:39:30,-284,Tahap-2
01/16/2025,11,39,30,11:39:30,-80,Tahap-2
01/16/2025,11,39,30,11:39:30,-196,Tahap-2
01/16/2025,11,39,30,11:39:30,-100,Tahap-2
01/16/2025,11,39,30,11:39:30,-240,Tahap-2
01/16/2025,11,39,30,11:39:30,-180,Tahap-2
01/16/2025,11,39,55,11:39:55,1581,Tahap-2
01/16/2025,11,39,55,11:39:55,579,Tahap-2
01/16/2025,11,39,55,11:39:55,305,Tahap-2
01/16/2025,11,39,55,11:39:55,246,Tahap-2
01/16/2025,11,39,55,11:39:55,311,Tahap-2
01/16/2025,11,39,55,11:39:55,127,Tahap-2
01/16/2025,11,39,55,11:39:55,182,Tahap-2
01/16/2025,11,39,55,11:39:55,32,Tahap-2
01/16/2025,11,39,55,11:39:55,12,Tahap-2
01/16/2025,11,39,55,11:39:55,79,Tahap-2
01/16/2025,11,39,56,11:39:56,49,Tahap-2
01/16/2025,11,39,56,11:39:56,50,Tahap-2
01/16/2025,11,39,56,11:39:56,19,Tahap-2
01/16/2025,11,39,56,11:39:56,76,Tahap-2
01/16/2025,11,39,56,11:39:56,47,Tahap-2
01/16/2025,11,39,56,11:39:56,207,Tahap-2
01/16/2025,11,39,56,11:39:56,62,Tahap-2
01/16/2025,11,39,56,11:39:56,72,Tahap-2
01/16/2025,11,39,56,11:39:56,159,Tahap-2
01/16/2025,11,39,56,11:39:56,75,Tahap-2
01/16/2025,11,39,57,11:39:57,154,Tahap-2
01/16/2025,11,39,57,11:39:57,190,Tahap-2
01/16/2025,11,39,57,11:39:57,365,Tahap-2
01/16/2025,11,39,57,11:39:57,238,Tahap-2
01/16/2025,11,39,57,11:39:57,89,Tahap-2
01/16/2025,11,39,57,11:39:57,158,Tahap-2
01/16/2025,11,39,57,11:39:57,37,Tahap-2
01/16/2025,11,39,57,11:39:57,30,Tahap-2
01/16/2025,11,39,57,11:39:57,148,Tahap-2
01/16/2025,11,39,57,11:39:57,311,Tahap-2
01/16/2025,11,39,58,11:39:58,48,Tahap-2
01/16/2025,11,39,58,11:39:58,124,Tahap-2
01/16/2025,11,39,58,11:39:58,152,Tahap-2
01/16/2025,11,39,58,11:39:58,112,Tahap-2
01/16/2025,11,39,58,11:39:58,136,Tahap-2
01/16/2025,11,39,58,11:39:58,113,Tahap-2
01/16/2025,11,39,58,11:39:58,193,Tahap-2
01/16/2025,11,39,58,11:39:58,94,Tahap-2
01/16/2025,11,39,58,11:39:58,98,Tahap-2
01/16/2025,11,39,58,11:39:58,79,Tahap-2
01/16/2025,11,39,58,11:39:58,45,Tahap-2
01/16/2025,11,39,59,11:39:59,140,Tahap-2
01/16/2025,11,39,59,11:39:59,186,Tahap-2
01/16/2025,11,39,59,11:39:59,364,Tahap-2
01/16/2025,11,39,59,11:39:59,242,Tahap-2
01/16/2025,11,39,59,11:39:59,118,Tahap-2
01/16/2025,11,39,59,11:39:59,91,Tahap-2
01/16/2025,11,39,59,11:39:59,95,Tahap-2
01/16/2025,11,39,59,11:39:59,5,Tahap-2
01/16/2025,11,39,59,11:39:59,41,Tahap-2
01/16/2025,11,39,59,11:39:59,73,Tahap-2
01/16/2025,11,40,1,11:40:01,169,Tahap-2
01/16/2025,11,40,1,11:40:01,97,Tahap-2
01/16/2025,11,40,1,11:40:01,258,Tahap-2
01/16/2025,11,40,1,11:40:01,60,Tahap-2
01/16/2025,11,40,1,11:40:01,74,Tahap-2
01/16/2025,11,40,1,11:40:01,222,Tahap-2
01/16/2025,11,40,1,11:40:01,1147,Tahap-2
01/16/2025,11,40,1,11:40:01,141,Tahap-2
01/16/2025,11,40,1,11:40:01,147,Tahap-2
01/16/2025,11,40,1,11:40:01,95,Tahap-2
01/16/2025,11,40,2,11:40:02,198,Tahap-2
01/16/2025,11,40,2,11:40:02,94,Tahap-2
01/16/2025,11,40,2,11:40:02,209,Tahap-2
01/16/2025,11,40,2,11:40:02,53,Tahap-2
01/16/2025,11,40,2,11:40:02,96,Tahap-2
01/16/2025,11,40,2,11:40:02,122,Tahap-2
01/16/2025,11,40,2,11:40:02,81,Tahap-2
01/16/2025,11,40,2,11:40:02,87,Tahap-2
01/16/2025,11,40,2,11:40:02,105,Tahap-2
01/16/2025,11,40,2,11:40:02,94,Tahap-2
01/16/2025,11,40,3,11:40:03,59,Tahap-2
01/16/2025,11,40,3,11:40:03,54,Tahap-2
01/16/2025,11,40,3,11:40:03,295,Tahap-2
01/16/2025,11,40,3,11:40:03,131,Tahap-2
01/16/2025,11,40,3,11:40:03,236,Tahap-2
01/16/2025,11,40,3,11:40:03,471,Tahap-2
01/16/2025,11,40,3,11:40:03,1077,Tahap-2
01/16/2025,11,40,3,11:40:03,337,Tahap-2
01/16/2025,11,40,3,11:40:03,1005,Tahap-2
01/16/2025,11,40,3,11:40:03,890,Tahap-2
01/16/2025,11,40,4,11:40:04,295,Tahap-2
01/16/2025,11,40,4,11:40:04,398,Tahap-2
01/16/2025,11,40,4,11:40:04,474,Tahap-2
01/16/2025,11,40,4,11:40:04,167,Tahap-2
01/16/2025,11,40,4,11:40:04,118,Tahap-2
01/16/2025,11,40,4,11:40:04,259,Tahap-2
01/16/2025,11,40,4,11:40:04,310,Tahap-2
01/16/2025,11,40,4,11:40:04,235,Tahap-2
01/16/2025,11,40,4,11:40:04,71,Tahap-2
01/16/2025,11,40,4,11:40:04,19,Tahap-2
01/16/2025,11,40,5,11:40:05,214,Tahap-2
01/16/2025,11,40,5,11:40:05,243,Tahap-2
01/16/2025,11,40,5,11:40:05,326,Tahap-2
01/16/2025,11,40,5,11:40:05,198,Tahap-2
01/16/2025,11,40,5,11:40:05,289,Tahap-2
01/16/2025,11,40,5,11:40:05,214,Tahap-2
01/16/2025,11,40,5,11:40:05,662,Tahap-2
01/16/2025,11,40,5,11:40:05,509,Tahap-2
01/16/2025,11,40,5,11:40:05,532,Tahap-2
01/16/2025,11,40,5,11:40:05,1707,Tahap-2
01/16/2025,11,40,6,11:40:06,1134,Tahap-2
01/16/2025,11,40,6,11:40:06,1639,Tahap-2
01/16/2025,11,40,6,11:40:06,528,Tahap-2
01/16/2025,11,40,6,11:40:06,407,Tahap-2
01/16/2025,11,40,6,11:40:06,203,Tahap-2
01/16/2025,11,40,6,11:40:06,82,Tahap-2
01/16/2025,11,40,6,11:40:06,75,Tahap-2
01/16/2025,11,40,6,11:40:06,184,Tahap-2
01/16/2025,11,40,6,11:40:06,104,Tahap-2
01/16/2025,11,40,6,11:40:06,100,Tahap-2
01/16/2025,11,40,7,11:40:07,349,Tahap-2
01/16/2025,11,40,7,11:40:07,245,Tahap-2
01/16/2025,11,40,7,11:40:07,241,Tahap-2
01/16/2025,11,40,7,11:40:07,142,Tahap-2
01/16/2025,11,40,7,11:40:07,306,Tahap-2
01/16/2025,11,40,7,11:40:07,253,Tahap-2
01/16/2025,11,40,7,11:40:07,272,Tahap-2
01/16/2025,11,40,7,11:40:07,-24,Tahap-2
01/16/2025,11,40,7,11:40:07,20,Tahap-2
01/16/2025,11,40,7,11:40:07,224,Tahap-2
01/16/2025,11,40,8,11:40:08,4,Tahap-2
01/16/2025,11,40,8,11:40:08,36,Tahap-2
01/16/2025,11,40,8,11:40:08,92,Tahap-2
01/16/2025,11,40,8,11:40:08,140,Tahap-2
01/16/2025,11,40,8,11:40:08,-32,Tahap-2
01/16/2025,11,40,8,11:40:08,144,Tahap-2
01/16/2025,11,40,8,11:40:08,60,Tahap-2
01/16/2025,11,40,8,11:40:08,68,Tahap-2
01/16/2025,11,40,8,11:40:08,124,Tahap-2
01/16/2025,11,40,8,11:40:08,-36,Tahap-2
01/16/2025,11,40,9,11:40:09,172,Tahap-2
01/16/2025,11,40,9,11:40:09,92,Tahap-2
01/16/2025,11,40,9,11:40:09,4,Tahap-2
01/16/2025,11,40,9,11:40:09,20,Tahap-2
01/16/2025,11,40,9,11:40:09,112,Tahap-2
01/16/2025,11,40,9,11:40:09,-40,Tahap-2
01/16/2025,11,40,9,11:40:09,-16,Tahap-2
01/16/2025,11,40,9,11:40:09,48,Tahap-2
01/16/2025,11,40,9,11:40:09,64,Tahap-2
01/16/2025,11,40,9,11:40:09,64,Tahap-2
01/16/2025,11,40,10,11:40:10,-24,Tahap-2
01/16/2025,11,40,10,11:40:10,76,Tahap-2
01/16/2025,11,40,10,11:40:10,104,Tahap-2
01/16/2025,11,40,10,11:40:10,-20,Tahap-2
01/16/2025,11,40,10,11:40:10,4,Tahap-2
01/16/2025,11,40,10,11:40:10,104,Tahap-2
01/16/2025,11,40,10,11:40:10,-36,Tahap-2
01/16/2025,11,40,10,11:40:10,76,Tahap-2
01/16/2025,11,40,10,11:40:10,24,Tahap-2
01/16/2025,11,40,11,11:40:11,116,Tahap-2
01/16/2025,11,40,11,11:40:11,-60,Tahap-2
01/16/2025,11,40,11,11:40:11,16,Tahap-2
01/16/2025,11,40,11,11:40:11,60,Tahap-2
01/16/2025,11,40,11,11:40:11,28,Tahap-2
01/16/2025,11,40,11,11:40:11,-88,Tahap-2
01/16/2025,11,40,11,11:40:11,80,Tahap-2
01/16/2025,11,40,11,11:40:11,24,Tahap-2
01/16/2025,11,40,11,11:40:11,-80,Tahap-2
01/16/2025,11,40,11,11:40:11,76,Tahap-2
01/16/2025,11,40,12,11:40:12,-52,Tahap-2
01/16/2025,11,40,12,11:40:12,128,Tahap-2
01/16/2025,11,40,12,11:40:12,-28,Tahap-2
01/16/2025,11,40,12,11:40:12,-32,Tahap-2
01/16/2025,11,40,12,11:40:12,28,Tahap-2
01/16/2025,11,40,12,11:40:12,-24,Tahap-2
01/16/2025,11,40,12,11:40:12,-16,Tahap-2
01/16/2025,11,40,12,11:40:12,-80,Tahap-2
01/16/2025,11,40,12,11:40:12,96,Tahap-2
01/16/2025,11,40,12,11:40:12,-152,Tahap-2
01/16/2025,11,40,13,11:40:13,28,Tahap-2
01/16/2025,11,40,13,11:40:13,-80,Tahap-2
01/16/2025,11,40,13,11:40:13,72,Tahap-2
01/16/2025,11,40,13,11:40:13,16,Tahap-2
01/16/2025,11,40,13,11:40:13,-120,Tahap-2
01/16/2025,11,40,13,11:40:13,128,Tahap-2
01/16/2025,11,40,13,11:40:13,-92,Tahap-2
01/16/2025,11,40,13,11:40:13,24,Tahap-2
01/16/2025,11,40,13,11:40:13,-96,Tahap-2
01/16/2025,11,40,13,11:40:13,72,Tahap-2
01/16/2025,11,40,14,11:40:14,-88,Tahap-2
01/16/2025,11,40,14,11:40:14,-52,Tahap-2
01/16/2025,11,40,14,11:40:14,-12,Tahap-2
01/16/2025,11,40,14,11:40:14,-20,Tahap-2
01/16/2025,11,40,14,11:40:14,116,Tahap-2
01/16/2025,11,40,14,11:40:14,-184,Tahap-2
01/16/2025,11,40,14,11:40:14,116,Tahap-2
01/16/2025,11,40,14,11:40:14,-64,Tahap-2
01/16/2025,11,40,14,11:40:14,-80,Tahap-2
01/16/2025,11,40,14,11:40:14,-8,Tahap-2
01/16/2025,11,40,15,11:40:15,24,Tahap-2
01/16/2025,11,40,15,11:40:15,12,Tahap-2
01/16/2025,11,40,15,11:40:15,-132,Tahap-2
01/16/2025,11,40,15,11:40:15,60,Tahap-2
01/16/2025,11,40,15,11:40:15,-88,Tahap-2
01/16/2025,11,40,15,11:40:15,100,Tahap-2
01/16/2025,11,40,15,11:40:15,-108,Tahap-2
01/16/2025,11,40,15,11:40:15,-92,Tahap-2
01/16/2025,11,40,15,11:40:15,64,Tahap-2
01/16/2025,11,40,15,11:40:15,-100,Tahap-2
01/16/2025,11,40,16,11:40:16,32,Tahap-2
01/16/2025,11,40,16,11:40:16,-120,Tahap-2
01/16/2025,11,40,16,11:40:16,92,Tahap-2
01/16/2025,11,40,16,11:40:16,-196,Tahap-2
01/16/2025,11,40,16,11:40:16,52,Tahap-2
01/16/2025,11,40,16,11:40:16,-28,Tahap-2
01/16/2025,11,40,16,11:40:16,-72,Tahap-2
01/16/2025,11,40,16,11:40:16,164,Tahap-2
01/16/2025,11,40,16,11:40:16,-204,Tahap-2
01/16/2025,11,40,16,11:40:16,80,Tahap-2
01/16/2025,11,40,17,11:40:17,-84,Tahap-2
01/16/2025,11,40,18,11:40:18,-44,Tahap-2
01/16/2025,11,40,18,11:40:18,-64,Tahap-2
01/16/2025,11,40,18,11:40:18,-4,Tahap-2
01/16/2025,11,40,18,11:40:18,-48,Tahap-2
01/16/2025,11,40,18,11:40:18,-96,Tahap-2
01/16/2025,11,40,18,11:40:18,84,Tahap-2
01/16/2025,11,40,18,11:40:18,-160,Tahap-2
01/16/2025,11,40,18,11:40:18,144,Tahap-2
01/16/2025,11,40,18,11:40:18,-128,Tahap-2
01/16/2025,11,40,18,11:40:18,-116,Tahap-2
01/16/2025,11,40,18,11:40:18,36,Tahap-2
01/16/2025,11,40,18,11:40:18,-152,Tahap-2
01/16/2025,11,40,18,11:40:18,-60,Tahap-2
01/16/2025,11,40,18,11:40:18,72,Tahap-2
01/16/2025,11,40,18,11:40:18,-184,Tahap-2
01/16/2025,11,40,18,11:40:18,36,Tahap-2
01/16/2025,11,40,18,11:40:18,-20,Tahap-2
01/16/2025,11,40,18,11:40:18,-92,Tahap-2
01/16/2025,11,40,19,11:40:19,132,Tahap-2
01/16/2025,11,40,19,11:40:19,-284,Tahap-2
01/16/2025,11,40,19,11:40:19,96,Tahap-2
01/16/2025,11,40,19,11:40:19,-164,Tahap-2
01/16/2025,11,40,19,11:40:19,-32,Tahap-2
01/16/2025,11,40,19,11:40:19,-80,Tahap-2
01/16/2025,11,40,19,11:40:19,-24,Tahap-2
01/16/2025,11,40,19,11:40:19,-44,Tahap-2
01/16/2025,11,40,19,11:40:19,-116,Tahap-2
01/16/2025,11,40,19,11:40:19,92,Tahap-2
01/16/2025,11,40,20,11:40:20,-144,Tahap-2
01/16/2025,11,40,20,11:40:20,100,Tahap-2
01/16/2025,11,40,20,11:40:20,-164,Tahap-2
01/16/2025,11,40,20,11:40:20,96,Tahap-2
01/16/2025,11,40,44,11:40:44,848,Tahap-2
01/16/2025,11,40,45,11:40:45,96,Tahap-2
01/16/2025,11,40,45,11:40:45,126,Tahap-2
01/16/2025,11,40,45,11:40:45,303,Tahap-2
01/16/2025,11,40,45,11:40:45,318,Tahap-2
01/16/2025,11,40,45,11:40:45,129,Tahap-2
01/16/2025,11,40,45,11:40:45,229,Tahap-2
01/16/2025,11,40,45,11:40:45,97,Tahap-2
01/16/2025,11,40,45,11:40:45,85,Tahap-2
01/16/2025,11,40,45,11:40:45,79,Tahap-2
01/16/2025,11,40,45,11:40:45,190,Tahap-2
01/16/2025,11,40,46,11:40:46,126,Tahap-2
01/16/2025,11,40,46,11:40:46,62,Tahap-2
01/16/2025,11,40,46,11:40:46,189,Tahap-2
01/16/2025,11,40,46,11:40:46,13,Tahap-2
01/16/2025,11,40,46,11:40:46,156,Tahap-2
01/16/2025,11,40,46,11:40:46,30,Tahap-2
01/16/2025,11,40,46,11:40:46,83,Tahap-2
01/16/2025,11,40,46,11:40:46,53,Tahap-2
01/16/2025,11,40,46,11:40:46,23,Tahap-2
01/16/2025,11,40,46,11:40:46,122,Tahap-2
01/16/2025,11,40,47,11:40:47,71,Tahap-2
01/16/2025,11,40,48,11:40:48,466,Tahap-2
01/16/2025,11,40,48,11:40:48,89,Tahap-2
01/16/2025,11,40,48,11:40:48,65,Tahap-2
01/16/2025,11,40,48,11:40:48,17,Tahap-2
01/16/2025,11,40,48,11:40:48,174,Tahap-2
01/16/2025,11,40,48,11:40:48,121,Tahap-2
01/16/2025,11,40,48,11:40:48,50,Tahap-2
01/16/2025,11,40,48,11:40:48,119,Tahap-2
01/16/2025,11,40,48,11:40:48,120,Tahap-2
01/16/2025,11,40,48,11:40:48,120,Tahap-2
01/16/2025,11,40,48,11:40:48,57,Tahap-2
01/16/2025,11,40,48,11:40:48,42,Tahap-2
01/16/2025,11,40,48,11:40:48,188,Tahap-2
01/16/2025,11,40,48,11:40:48,323,Tahap-2
01/16/2025,11,40,48,11:40:48,55,Tahap-2
01/16/2025,11,40,48,11:40:48,46,Tahap-2
01/16/2025,11,40,48,11:40:48,106,Tahap-2
01/16/2025,11,40,48,11:40:48,69,Tahap-2
01/16/2025,11,40,48,11:40:48,103,Tahap-2
01/16/2025,11,40,49,11:40:49,130,Tahap-2
01/16/2025,11,40,49,11:40:49,54,Tahap-2
01/16/2025,11,40,49,11:40:49,159,Tahap-2
01/16/2025,11,40,49,11:40:49,144,Tahap-2
01/16/2025,11,40,49,11:40:49,98,Tahap-2
01/16/2025,11,40,49,11:40:49,83,Tahap-2
01/16/2025,11,40,49,11:40:49,23,Tahap-2
01/16/2025,11,40,49,11:40:49,58,Tahap-2
01/16/2025,11,40,49,11:40:49,31,Tahap-2
01/16/2025,11,40,49,11:40:49,110,Tahap-2
01/16/2025,11,40,50,11:40:50,65,Tahap-2
01/16/2025,11,40,50,11:40:50,64,Tahap-2
01/16/2025,11,40,50,11:40:50,30,Tahap-2
01/16/2025,11,40,50,11:40:50,252,Tahap-2
01/16/2025,11,40,50,11:40:50,110,Tahap-2
01/16/2025,11,40,50,11:40:50,157,Tahap-2
01/16/2025,11,40,50,11:40:50,129,Tahap-2
01/16/2025,11,40,50,11:40:50,155,Tahap-2
01/16/2025,11,40,50,11:40:50,188,Tahap-2
01/16/2025,11,40,50,11:40:50,74,Tahap-2
01/16/2025,11,40,51,11:40:51,123,Tahap-2
01/16/2025,11,40,51,11:40:51,257,Tahap-2
01/16/2025,11,40,51,11:40:51,428,Tahap-2
01/16/2025,11,40,51,11:40:51,257,Tahap-2
01/16/2025,11,40,51,11:40:51,201,Tahap-2
01/16/2025,11,40,51,11:40:51,522,Tahap-2
01/16/2025,11,40,51,11:40:51,609,Tahap-2
01/16/2025,11,40,51,11:40:51,190,Tahap-2
01/16/2025,11,40,51,11:40:51,56,Tahap-2
01/16/2025,11,40,51,11:40:51,191,Tahap-2
01/16/2025,11,40,52,11:40:52,56,Tahap-2
01/16/2025,11,40,52,11:40:52,123,Tahap-2
01/16/2025,11,40,52,11:40:52,22,Tahap-2
01/16/2025,11,40,52,11:40:52,204,Tahap-2
01/16/2025,11,40,52,11:40:52,59,Tahap-2
01/16/2025,11,40,52,11:40:52,148,Tahap-2
01/16/2025,11,40,52,11:40:52,52,Tahap-2
01/16/2025,11,40,52,11:40:52,62,Tahap-2
01/16/2025,11,40,52,11:40:52,115,Tahap-2
01/16/2025,11,40,52,11:40:52,71,Tahap-2
01/16/2025,11,40,53,11:40:53,131,Tahap-2
01/16/2025,11,40,53,11:40:53,78,Tahap-2
01/16/2025,11,40,53,11:40:53,198,Tahap-2
01/16/2025,11,40,53,11:40:53,170,Tahap-2
01/16/2025,11,40,53,11:40:53,240,Tahap-2
01/16/2025,11,40,53,11:40:53,304,Tahap-2
01/16/2025,11,40,53,11:40:53,651,Tahap-2
01/16/2025,11,40,53,11:40:53,2113,Tahap-2
01/16/2025,11,40,53,11:40:53,935,Tahap-2
01/16/2025,11,40,53,11:40:53,381,Tahap-2
01/16/2025,11,40,54,11:40:54,319,Tahap-2
01/16/2025,11,40,54,11:40:54,615,Tahap-2
01/16/2025,11,40,54,11:40:54,391,Tahap-2
01/16/2025,11,40,54,11:40:54,139,Tahap-2
01/16/2025,11,40,54,11:40:54,276,Tahap-2
01/16/2025,11,40,54,11:40:54,384,Tahap-2
01/16/2025,11,40,54,11:40:54,259,Tahap-2
01/16/2025,11,40,54,11:40:54,130,Tahap-2
01/16/2025,11,40,54,11:40:54,151,Tahap-2
01/16/2025,11,40,54,11:40:54,198,Tahap-2
01/16/2025,11,40,55,11:40:55,214,Tahap-2
01/16/2025,11,40,55,11:40:55,100,Tahap-2
01/16/2025,11,40,55,11:40:55,230,Tahap-2
01/16/2025,11,40,55,11:40:55,232,Tahap-2
01/16/2025,11,40,55,11:40:55,34,Tahap-2
01/16/2025,11,40,55,11:40:55,28,Tahap-2
01/16/2025,11,40,55,11:40:55,57,Tahap-2
01/16/2025,11,40,55,11:40:55,130,Tahap-2
01/16/2025,11,40,55,11:40:55,492,Tahap-2
01/16/2025,11,40,55,11:40:55,685,Tahap-2
01/16/2025,11,40,56,11:40:56,2807,Tahap-2
01/16/2025,11,40,56,11:40:56,720,Tahap-2
01/16/2025,11,40,56,11:40:56,445,Tahap-2
01/16/2025,11,40,56,11:40:56,98,Tahap-2
01/16/2025,11,40,56,11:40:56,220,Tahap-2
01/16/2025,11,40,56,11:40:56,100,Tahap-2
01/16/2025,11,40,56,11:40:56,157,Tahap-2
01/16/2025,11,40,56,11:40:56,66,Tahap-2
01/16/2025,11,40,56,11:40:56,323,Tahap-2
01/16/2025,11,40,56,11:40:56,715,Tahap-2
01/16/2025,11,40,57,11:40:57,77,Tahap-2
01/16/2025,11,40,57,11:40:57,108,Tahap-2
01/16/2025,11,40,57,11:40:57,175,Tahap-2
01/16/2025,11,40,57,11:40:57,159,Tahap-2
01/16/2025,11,40,57,11:40:57,447,Tahap-2
01/16/2025,11,40,57,11:40:57,378,Tahap-2
01/16/2025,11,40,57,11:40:57,96,Tahap-2
01/16/2025,11,40,57,11:40:57,-152,Tahap-2
01/16/2025,11,40,57,11:40:57,136,Tahap-2
01/16/2025,11,40,57,11:40:57,-184,Tahap-2
01/16/2025,11,40,58,11:40:58,8,Tahap-2
01/16/2025,11,40,58,11:40:58,-136,Tahap-2
01/16/2025,11,40,58,11:40:58,-112,Tahap-2
01/16/2025,11,40,58,11:40:58,264,Tahap-2
01/16/2025,11,40,58,11:40:58,-328,Tahap-2
01/16/2025,11,40,58,11:40:58,288,Tahap-2
01/16/2025,11,40,58,11:40:58,-136,Tahap-2
01/16/2025,11,40,58,11:40:58,-152,Tahap-2
01/16/2025,11,40,58,11:40:58,-64,Tahap-2
01/16/2025,11,40,58,11:40:58,-16,Tahap-2
01/16/2025,11,40,59,11:40:59,-56,Tahap-2
01/16/2025,11,40,59,11:40:59,-80,Tahap-2
01/16/2025,11,40,59,11:40:59,120,Tahap-2
01/16/2025,11,40,59,11:40:59,-136,Tahap-2
01/16/2025,11,40,59,11:40:59,296,Tahap-2
01/16/2025,11,40,59,11:40:59,-192,Tahap-2
01/16/2025,11,40,59,11:40:59,-80,Tahap-2
01/16/2025,11,40,59,11:40:59,304,Tahap-2
01/16/2025,11,40,59,11:40:59,-344,Tahap-2
01/16/2025,11,40,59,11:40:59,56,Tahap-2
01/16/2025,11,41,1,11:41:01,-168,Tahap-2
01/16/2025,11,41,1,11:41:01,-72,Tahap-2
01/16/2025,11,41,1,11:41:01,64,Tahap-2
01/16/2025,11,41,1,11:41:01,-248,Tahap-2
01/16/2025,11,41,1,11:41:01,-88,Tahap-2
01/16/2025,11,41,1,11:41:01,56,Tahap-2
01/16/2025,11,41,1,11:41:01,-320,Tahap-2
01/16/2025,11,41,1,11:41:01,256,Tahap-2
01/16/2025,11,41,1,11:41:01,-384,Tahap-2
01/16/2025,11,41,1,11:41:01,-168,Tahap-2
01/16/2025,11,41,2,11:41:02,184,Tahap-2
01/16/2025,11,41,2,11:41:02,-376,Tahap-2
01/16/2025,11,41,2,11:41:02,-128,Tahap-2
01/16/2025,11,41,2,11:41:02,-136,Tahap-2
01/16/2025,11,41,2,11:41:02,-8,Tahap-2
01/16/2025,11,41,2,11:41:02,-272,Tahap-2
01/16/2025,11,41,2,11:41:02,152,Tahap-2
01/16/2025,11,41,2,11:41:02,-176,Tahap-2
01/16/2025,11,41,2,11:41:02,120,Tahap-2
01/16/2025,11,41,2,11:41:02,160,Tahap-2
01/16/2025,11,41,3,11:41:03,-352,Tahap-2
01/16/2025,11,41,3,11:41:03,408,Tahap-2
01/16/2025,11,41,3,11:41:03,-216,Tahap-2
01/16/2025,11,41,3,11:41:03,-80,Tahap-2
01/16/2025,11,41,3,11:41:03,64,Tahap-2
01/16/2025,11,41,3,11:41:03,64,Tahap-2
01/16/2025,11,41,3,11:41:03,-200,Tahap-2
01/16/2025,11,41,3,11:41:03,80,Tahap-2
01/16/2025,11,41,3,11:41:03,88,Tahap-2
01/16/2025,11,41,3,11:41:03,-240,Tahap-2
01/16/2025,11,41,4,11:41:04,424,Tahap-2
01/16/2025,11,41,4,11:41:04,-392,Tahap-2
01/16/2025,11,41,4,11:41:04,160,Tahap-2
01/16/2025,11,41,4,11:41:04,56,Tahap-2
01/16/2025,11,41,4,11:41:04,-128,Tahap-2
01/16/2025,11,41,4,11:41:04,-96,Tahap-2
01/16/2025,11,41,4,11:41:04,48,Tahap-2
01/16/2025,11,41,4,11:41:04,-48,Tahap-2
01/16/2025,11,41,4,11:41:04,-176,Tahap-2
01/16/2025,11,41,4,11:41:04,192,Tahap-2
01/16/2025,11,41,5,11:41:05,-240,Tahap-2
01/16/2025,11,41,5,11:41:05,192,Tahap-2
01/16/2025,11,41,5,11:41:05,-56,Tahap-2
01/16/2025,11,41,5,11:41:05,-352,Tahap-2
01/16/2025,11,41,5,11:41:05,256,Tahap-2
01/16/2025,11,41,5,11:41:05,-184,Tahap-2
01/16/2025,11,41,5,11:41:05,-104,Tahap-2
01/16/2025,11,41,5,11:41:05,-40,Tahap-2
01/16/2025,11,41,5,11:41:05,136,Tahap-2
01/16/2025,11,41,5,11:41:05,-264,Tahap-2
01/16/2025,11,41,6,11:41:06,136,Tahap-2
01/16/2025,11,41,6,11:41:06,-200,Tahap-2
01/16/2025,11,41,6,11:41:06,368,Tahap-2
01/16/2025,11,41,6,11:41:06,-432,Tahap-2
01/16/2025,11,41,6,11:41:06,168,Tahap-2
01/16/2025,11,41,6,11:41:06,40,Tahap-2
01/16/2025,11,41,6,11:41:06,-200,Tahap-2
01/16/2025,11,41,6,11:41:06,-64,Tahap-2
01/16/2025,11,41,6,11:41:06,96,Tahap-2
01/16/2025,11,41,7,11:41:07,-80,Tahap-2
01/16/2025,11,41,7,11:41:07,-168,Tahap-2
01/16/2025,11,41,7,11:41:07,208,Tahap-2
01/16/2025,11,41,7,11:41:07,-296,Tahap-2
01/16/2025,11,41,7,11:41:07,168,Tahap-2
01/16/2025,11,41,7,11:41:07,-296,Tahap-2
01/16/2025,11,41,7,11:41:07,392,Tahap-2
01/16/2025,11,41,7,11:41:07,-168,Tahap-2
01/16/2025,11,41,7,11:41:07,-80,Tahap-2
01/16/2025,11,41,7,11:41:07,24,Tahap-2
01/16/2025,11,41,8,11:41:08,152,Tahap-2
01/16/2025,11,41,8,11:41:08,-272,Tahap-2
01/16/2025,11,41,8,11:41:08,280,Tahap-2
01/16/2025,11,41,8,11:41:08,-120,Tahap-2
01/16/2025,11,41,8,11:41:08,16,Tahap-2
01/16/2025,11,41,8,11:41:08,424,Tahap-2
01/16/2025,11,41,8,11:41:08,-360,Tahap-2
01/16/2025,11,41,8,11:41:08,264,Tahap-2
01/16/2025,11,41,8,11:41:08,16,Tahap-2
01/16/2025,11,41,8,11:41:08,-144,Tahap-2
01/16/2025,11,41,9,11:41:09,56,Tahap-2
01/16/2025,11,41,9,11:41:09,200,Tahap-2
01/16/2025,11,41,9,11:41:09,-88,Tahap-2
01/16/2025,11,41,9,11:41:09,-80,Tahap-2
01/16/2025,11,41,9,11:41:09,320,Tahap-2
01/16/2025,11,41,9,11:41:09,-280,Tahap-2
01/16/2025,11,41,9,11:41:09,488,Tahap-2
01/16/2025,11,41,9,11:41:09,-200,Tahap-2
01/16/2025,11,41,9,11:41:09,-48,Tahap-2
01/16/2025,11,41,9,11:41:09,360,Tahap-2
01/16/2025,11,41,10,11:41:10,-152,Tahap-2
01/16/2025,11,41,10,11:41:10,40,Tahap-2
01/16/2025,11,41,10,11:41:10,120,Tahap-2
01/16/2025,11,41,10,11:41:10,160,Tahap-2
01/16/2025,11,41,34,11:41:34,3364,Tahap-2
01/16/2025,11,41,34,11:41:34,597,Tahap-2
01/16/2025,11,41,35,11:41:35,606,Tahap-2
01/16/2025,11,41,35,11:41:35,388,Tahap-2
01/16/2025,11,41,35,11:41:35,509,Tahap-2
01/16/2025,11,41,35,11:41:35,262,Tahap-2
01/16/2025,11,41,35,11:41:35,186,Tahap-2
01/16/2025,11,41,35,11:41:35,212,Tahap-2
01/16/2025,11,41,35,11:41:35,228,Tahap-2
01/16/2025,11,41,35,11:41:35,177,Tahap-2
01/16/2025,11,41,35,11:41:35,127,Tahap-2
01/16/2025,11,41,35,11:41:35,296,Tahap-2
01/16/2025,11,41,36,11:41:36,140,Tahap-2
01/16/2025,11,41,36,11:41:36,222,Tahap-2
01/16/2025,11,41,36,11:41:36,84,Tahap-2
01/16/2025,11,41,36,11:41:36,197,Tahap-2
01/16/2025,11,41,36,11:41:36,73,Tahap-2
01/16/2025,11,41,36,11:41:36,43,Tahap-2
01/16/2025,11,41,36,11:41:36,98,Tahap-2
01/16/2025,11,41,36,11:41:36,107,Tahap-2
01/16/2025,11,41,36,11:41:36,74,Tahap-2
01/16/2025,11,41,36,11:41:36,157,Tahap-2
01/16/2025,11,41,37,11:41:37,611,Tahap-2
01/16/2025,11,41,37,11:41:37,125,Tahap-2
01/16/2025,11,41,37,11:41:37,82,Tahap-2
01/16/2025,11,41,37,11:41:37,82,Tahap-2
01/16/2025,11,41,37,11:41:37,94,Tahap-2
01/16/2025,11,41,37,11:41:37,116,Tahap-2
01/16/2025,11,41,37,11:41:37,69,Tahap-2
01/16/2025,11,41,37,11:41:37,197,Tahap-2
01/16/2025,11,41,37,11:41:37,22,Tahap-2
01/16/2025,11,41,37,11:41:37,54,Tahap-2
01/16/2025,11,41,38,11:41:38,157,Tahap-2
01/16/2025,11,41,38,11:41:38,225,Tahap-2
01/16/2025,11,41,38,11:41:38,143,Tahap-2
01/16/2025,11,41,38,11:41:38,224,Tahap-2
01/16/2025,11,41,38,11:41:38,46,Tahap-2
01/16/2025,11,41,38,11:41:38,132,Tahap-2
01/16/2025,11,41,38,11:41:38,222,Tahap-2
01/16/2025,11,41,38,11:41:38,27,Tahap-2
01/16/2025,11,41,38,11:41:38,9,Tahap-2
01/16/2025,11,41,38,11:41:38,56,Tahap-2
01/16/2025,11,41,39,11:41:39,124,Tahap-2
01/16/2025,11,41,39,11:41:39,288,Tahap-2
01/16/2025,11,41,39,11:41:39,220,Tahap-2
01/16/2025,11,41,39,11:41:39,161,Tahap-2
01/16/2025,11,41,39,11:41:39,94,Tahap-2
01/16/2025,11,41,39,11:41:39,109,Tahap-2
01/16/2025,11,41,39,11:41:39,16,Tahap-2
01/16/2025,11,41,39,11:41:39,64,Tahap-2
01/16/2025,11,41,39,11:41:39,15,Tahap-2
01/16/2025,11,41,39,11:41:39,46,Tahap-2
01/16/2025,11,41,40,11:41:40,101,Tahap-2
01/16/2025,11,41,40,11:41:40,100,Tahap-2
01/16/2025,11,41,40,11:41:40,187,Tahap-2
01/16/2025,11,41,40,11:41:40,44,Tahap-2
01/16/2025,11,41,40,11:41:40,90,Tahap-2
01/16/2025,11,41,40,11:41:40,77,Tahap-2
01/16/2025,11,41,40,11:41:40,160,Tahap-2
01/16/2025,11,41,40,11:41:40,107,Tahap-2
01/16/2025,11,41,40,11:41:40,27,Tahap-2
01/16/2025,11,41,40,11:41:40,120,Tahap-2
01/16/2025,11,41,41,11:41:41,215,Tahap-2
01/16/2025,11,41,41,11:41:41,304,Tahap-2
01/16/2025,11,41,41,11:41:41,124,Tahap-2
01/16/2025,11,41,41,11:41:41,157,Tahap-2
01/16/2025,11,41,41,11:41:41,493,Tahap-2
01/16/2025,11,41,41,11:41:41,763,Tahap-2
01/16/2025,11,41,41,11:41:41,402,Tahap-2
01/16/2025,11,41,41,11:41:41,238,Tahap-2
01/16/2025,11,41,41,11:41:41,225,Tahap-2
01/16/2025,11,41,41,11:41:41,273,Tahap-2
01/16/2025,11,41,42,11:41:42,117,Tahap-2
01/16/2025,11,41,42,11:41:42,107,Tahap-2
01/16/2025,11,41,42,11:41:42,64,Tahap-2
01/16/2025,11,41,42,11:41:42,52,Tahap-2
01/16/2025,11,41,42,11:41:42,160,Tahap-2
01/16/2025,11,41,42,11:41:42,54,Tahap-2
01/16/2025,11,41,42,11:41:42,78,Tahap-2
01/16/2025,11,41,42,11:41:42,223,Tahap-2
01/16/2025,11,41,42,11:41:42,13,Tahap-2
01/16/2025,11,41,42,11:41:42,136,Tahap-2
01/16/2025,11,41,43,11:41:43,297,Tahap-2
01/16/2025,11,41,43,11:41:43,156,Tahap-2
01/16/2025,11,41,43,11:41:43,145,Tahap-2
01/16/2025,11,41,43,11:41:43,111,Tahap-2
01/16/2025,11,41,43,11:41:43,314,Tahap-2
01/16/2025,11,41,43,11:41:43,415,Tahap-2
01/16/2025,11,41,43,11:41:43,2445,Tahap-2
01/16/2025,11,41,43,11:41:43,1176,Tahap-2
01/16/2025,11,41,43,11:41:43,654,Tahap-2
01/16/2025,11,41,43,11:41:43,281,Tahap-2
01/16/2025,11,41,44,11:41:44,438,Tahap-2
01/16/2025,11,41,44,11:41:44,345,Tahap-2
01/16/2025,11,41,44,11:41:44,618,Tahap-2
01/16/2025,11,41,44,11:41:44,458,Tahap-2
01/16/2025,11,41,44,11:41:44,293,Tahap-2
01/16/2025,11,41,44,11:41:44,155,Tahap-2
01/16/2025,11,41,44,11:41:44,4,Tahap-2
01/16/2025,11,41,44,11:41:44,219,Tahap-2
01/16/2025,11,41,44,11:41:44,176,Tahap-2
01/16/2025,11,41,44,11:41:44,132,Tahap-2
01/16/2025,11,41,45,11:41:45,355,Tahap-2
01/16/2025,11,41,45,11:41:45,97,Tahap-2
01/16/2025,11,41,45,11:41:45,411,Tahap-2
01/16/2025,11,41,45,11:41:45,304,Tahap-2
01/16/2025,11,41,45,11:41:45,342,Tahap-2
01/16/2025,11,41,45,11:41:45,336,Tahap-2
01/16/2025,11,41,45,11:41:45,631,Tahap-2
01/16/2025,11,41,45,11:41:45,685,Tahap-2
01/16/2025,11,41,45,11:41:45,589,Tahap-2
01/16/2025,11,41,45,11:41:45,1422,Tahap-2
01/16/2025,11,41,46,11:41:46,1424,Tahap-2
01/16/2025,11,41,46,11:41:46,976,Tahap-2
01/16/2025,11,41,46,11:41:46,290,Tahap-2
01/16/2025,11,41,46,11:41:46,280,Tahap-2
01/16/2025,11,41,46,11:41:46,161,Tahap-2
01/16/2025,11,41,46,11:41:46,274,Tahap-2
01/16/2025,11,41,46,11:41:46,358,Tahap-2
01/16/2025,11,41,46,11:41:46,513,Tahap-2
01/16/2025,11,41,46,11:41:46,649,Tahap-2
01/16/2025,11,41,46,11:41:46,335,Tahap-2
01/16/2025,11,41,47,11:41:47,481,Tahap-2
01/16/2025,11,41,48,11:41:48,80,Tahap-2
01/16/2025,11,41,48,11:41:48,81,Tahap-2
01/16/2025,11,41,48,11:41:48,309,Tahap-2
01/16/2025,11,41,48,11:41:48,424,Tahap-2
01/16/2025,11,41,48,11:41:48,-24,Tahap-2
01/16/2025,11,41,48,11:41:48,20,Tahap-2
01/16/2025,11,41,48,11:41:48,96,Tahap-2
01/16/2025,11,41,48,11:41:48,-140,Tahap-2
01/16/2025,11,41,48,11:41:48,160,Tahap-2
01/16/2025,11,41,48,11:41:48,-4,Tahap-2
01/16/2025,11,41,48,11:41:48,-48,Tahap-2
01/16/2025,11,41,48,11:41:48,248,Tahap-2
01/16/2025,11,41,48,11:41:48,-164,Tahap-2
01/16/2025,11,41,48,11:41:48,108,Tahap-2
01/16/2025,11,41,48,11:41:48,28,Tahap-2
01/16/2025,11,41,48,11:41:48,-100,Tahap-2
01/16/2025,11,41,48,11:41:48,36,Tahap-2
01/16/2025,11,41,48,11:41:48,-16,Tahap-2
01/16/2025,11,41,49,11:41:49,-136,Tahap-2
01/16/2025,11,41,49,11:41:49,156,Tahap-2
01/16/2025,11,41,49,11:41:49,-228,Tahap-2
01/16/2025,11,41,49,11:41:49,144,Tahap-2
01/16/2025,11,41,49,11:41:49,-28,Tahap-2
01/16/2025,11,41,49,11:41:49,-168,Tahap-2
01/16/2025,11,41,49,11:41:49,112,Tahap-2
01/16/2025,11,41,49,11:41:49,-60,Tahap-2
01/16/2025,11,41,49,11:41:49,-48,Tahap-2
01/16/2025,11,41,49,11:41:49,-40,Tahap-2
01/16/2025,11,41,50,11:41:50,56,Tahap-2
01/16/2025,11,41,50,11:41:50,-160,Tahap-2
01/16/2025,11,41,50,11:41:50,24,Tahap-2
01/16/2025,11,41,50,11:41:50,-140,Tahap-2
01/16/2025,11,41,50,11:41:50,156,Tahap-2
01/16/2025,11,41,50,11:41:50,-204,Tahap-2
01/16/2025,11,41,50,11:41:50,76,Tahap-2
01/16/2025,11,41,50,11:41:50,-84,Tahap-2
01/16/2025,11,41,51,11:41:51,-140,Tahap-2
01/16/2025,11,41,51,11:41:51,32,Tahap-2
01/16/2025,11,41,51,11:41:51,-116,Tahap-2
01/16/2025,11,41,51,11:41:51,-116,Tahap-2
01/16/2025,11,41,51,11:41:51,120,Tahap-2
01/16/2025,11,41,51,11:41:51,-220,Tahap-2
01/16/2025,11,41,51,11:41:51,140,Tahap-2
01/16/2025,11,41,51,11:41:51,-116,Tahap-2
01/16/2025,11,41,51,11:41:51,-180,Tahap-2
01/16/2025,11,41,51,11:41:51,88,Tahap-2
01/16/2025,11,41,52,11:41:52,-108,Tahap-2
01/16/2025,11,41,52,11:41:52,-100,Tahap-2
01/16/2025,11,41,52,11:41:52,-44,Tahap-2
01/16/2025,11,41,52,11:41:52,-20,Tahap-2
01/16/2025,11,41,52,11:41:52,-196,Tahap-2
01/16/2025,11,41,52,11:41:52,64,Tahap-2
01/16/2025,11,41,52,11:41:52,-36,Tahap-2
01/16/2025,11,41,52,11:41:52,-112,Tahap-2
01/16/2025,11,41,52,11:41:52,92,Tahap-2
01/16/2025,11,41,52,11:41:52,-284,Tahap-2
01/16/2025,11,41,53,11:41:53,36,Tahap-2
01/16/2025,11,41,53,11:41:53,-48,Tahap-2
01/16/2025,11,41,53,11:41:53,-200,Tahap-2
01/16/2025,11,41,53,11:41:53,-96,Tahap-2
01/16/2025,11,41,53,11:41:53,-32,Tahap-2
01/16/2025,11,41,53,11:41:53,-136,Tahap-2
01/16/2025,11,41,53,11:41:53,-176,Tahap-2
01/16/2025,11,41,53,11:41:53,-36,Tahap-2
01/16/2025,11,41,53,11:41:53,-192,Tahap-2
01/16/2025,11,41,53,11:41:53,12,Tahap-2
01/16/2025,11,41,54,11:41:54,-192,Tahap-2
01/16/2025,11,41,54,11:41:54,-92,Tahap-2
01/16/2025,11,41,54,11:41:54,-48,Tahap-2
01/16/2025,11,41,54,11:41:54,-204,Tahap-2
01/16/2025,11,41,54,11:41:54,-148,Tahap-2
01/16/2025,11,41,54,11:41:54,-88,Tahap-2
01/16/2025,11,41,54,11:41:54,-96,Tahap-2
01/16/2025,11,41,54,11:41:54,-184,Tahap-2
01/16/2025,11,41,54,11:41:54,-56,Tahap-2
01/16/2025,11,41,54,11:41:54,-64,Tahap-2
01/16/2025,11,41,55,11:41:55,-88,Tahap-2
01/16/2025,11,41,55,11:41:55,-188,Tahap-2
01/16/2025,11,41,55,11:41:55,-156,Tahap-2
01/16/2025,11,41,55,11:41:55,-80,Tahap-2
01/16/2025,11,41,55,11:41:55,-132,Tahap-2
01/16/2025,11,41,55,11:41:55,-160,Tahap-2
01/16/2025,11,41,55,11:41:55,-116,Tahap-2
01/16/2025,11,41,55,11:41:55,-72,Tahap-2
01/16/2025,11,41,55,11:41:55,-220,Tahap-2
01/16/2025,11,41,55,11:41:55,-108,Tahap-2
01/16/2025,11,41,56,11:41:56,-84,Tahap-2
01/16/2025,11,41,56,11:41:56,-80,Tahap-2
01/16/2025,11,41,56,11:41:56,-40,Tahap-2
01/16/2025,11,41,56,11:41:56,-228,Tahap-2
01/16/2025,11,41,56,11:41:56,-104,Tahap-2
01/16/2025,11,41,56,11:41:56,-136,Tahap-2
01/16/2025,11,41,56,11:41:56,-100,Tahap-2
01/16/2025,11,41,56,11:41:56,-208,Tahap-2
01/16/2025,11,41,56,11:41:56,20,Tahap-2
01/16/2025,11,41,56,11:41:56,-192,Tahap-2
01/16/2025,11,41,57,11:41:57,-148,Tahap-2
01/16/2025,11,41,57,11:41:57,-52,Tahap-2
01/16/2025,11,41,57,11:41:57,-128,Tahap-2
01/16/2025,11,41,57,11:41:57,12,Tahap-2
01/16/2025,11,41,57,11:41:57,-152,Tahap-2
01/16/2025,11,41,57,11:41:57,-140,Tahap-2
01/16/2025,11,41,57,11:41:57,-88,Tahap-2
01/16/2025,11,41,57,11:41:57,-116,Tahap-2
01/16/2025,11,41,57,11:41:57,-156,Tahap-2
01/16/2025,11,41,57,11:41:57,-144,Tahap-2
01/16/2025,11,41,58,11:41:58,-52,Tahap-2
01/16/2025,11,41,58,11:41:58,-260,Tahap-2
01/16/2025,11,41,58,11:41:58,-184,Tahap-2
01/16/2025,11,41,58,11:41:58,44,Tahap-2
01/16/2025,11,41,58,11:41:58,-144,Tahap-2
01/16/2025,11,41,58,11:41:58,-176,Tahap-2
01/16/2025,11,41,58,11:41:58,-24,Tahap-2
01/16/2025,11,41,58,11:41:58,-152,Tahap-2
01/16/2025,11,41,58,11:41:58,-40,Tahap-2
01/16/2025,11,41,59,11:41:59,-192,Tahap-2
01/16/2025,11,41,59,11:41:59,16,Tahap-2
01/16/2025,11,41,59,11:41:59,-172,Tahap-2
01/16/2025,11,41,59,11:41:59,-52,Tahap-2
01/16/2025,11,41,59,11:41:59,-36,Tahap-2
01/16/2025,11,41,59,11:41:59,-100,Tahap-2
01/16/2025,11,41,59,11:41:59,36,Tahap-2
01/16/2025,11,41,59,11:41:59,-260,Tahap-2
01/16/2025,11,41,59,11:41:59,-56,Tahap-2
01/16/2025,11,41,59,11:41:59,-100,Tahap-2
01/16/2025,11,42,24,11:42:24,1129,Tahap-2
01/16/2025,11,42,24,11:42:24,777,Tahap-2
01/16/2025,11,42,25,11:42:25,317,Tahap-2
01/16/2025,11,42,25,11:42:25,217,Tahap-2
01/16/2025,11,42,25,11:42:25,451,Tahap-2
01/16/2025,11,42,25,11:42:25,225,Tahap-2
01/16/2025,11,42,25,11:42:25,89,Tahap-2
01/16/2025,11,42,25,11:42:25,96,Tahap-2
01/16/2025,11,42,25,11:42:25,114,Tahap-2
01/16/2025,11,42,25,11:42:25,139,Tahap-2
01/16/2025,11,42,25,11:42:25,107,Tahap-2
01/16/2025,11,42,25,11:42:25,192,Tahap-2
01/16/2025,11,42,26,11:42:26,51,Tahap-2
01/16/2025,11,42,26,11:42:26,64,Tahap-2
01/16/2025,11,42,26,11:42:26,40,Tahap-2
01/16/2025,11,42,26,11:42:26,76,Tahap-2
01/16/2025,11,42,26,11:42:26,41,Tahap-2
01/16/2025,11,42,26,11:42:26,143,Tahap-2
01/16/2025,11,42,26,11:42:26,79,Tahap-2
01/16/2025,11,42,26,11:42:26,18,Tahap-2
01/16/2025,11,42,26,11:42:26,38,Tahap-2
01/16/2025,11,42,26,11:42:26,313,Tahap-2
01/16/2025,11,42,27,11:42:27,164,Tahap-2
01/16/2025,11,42,27,11:42:27,188,Tahap-2
01/16/2025,11,42,27,11:42:27,79,Tahap-2
01/16/2025,11,42,27,11:42:27,129,Tahap-2
01/16/2025,11,42,27,11:42:27,188,Tahap-2
01/16/2025,11,42,27,11:42:27,170,Tahap-2
01/16/2025,11,42,27,11:42:27,6,Tahap-2
01/16/2025,11,42,27,11:42:27,109,Tahap-2
01/16/2025,11,42,27,11:42:27,168,Tahap-2
01/16/2025,11,42,27,11:42:27,54,Tahap-2
01/16/2025,11,42,28,11:42:28,53,Tahap-2
01/16/2025,11,42,28,11:42:28,98,Tahap-2
01/16/2025,11,42,28,11:42:28,173,Tahap-2
01/16/2025,11,42,28,11:42:28,138,Tahap-2
01/16/2025,11,42,28,11:42:28,63,Tahap-2
01/16/2025,11,42,28,11:42:28,87,Tahap-2
01/16/2025,11,42,28,11:42:28,83,Tahap-2
01/16/2025,11,42,28,11:42:28,72,Tahap-2
01/16/2025,11,42,28,11:42:28,48,Tahap-2
01/16/2025,11,42,28,11:42:28,55,Tahap-2
01/16/2025,11,42,29,11:42:29,192,Tahap-2
01/16/2025,11,42,29,11:42:29,486,Tahap-2
01/16/2025,11,42,29,11:42:29,16,Tahap-2
01/16/2025,11,42,29,11:42:29,355,Tahap-2
01/16/2025,11,42,29,11:42:29,142,Tahap-2
01/16/2025,11,42,29,11:42:29,63,Tahap-2
01/16/2025,11,42,29,11:42:29,76,Tahap-2
01/16/2025,11,42,29,11:42:29,142,Tahap-2
01/16/2025,11,42,29,11:42:29,33,Tahap-2
01/16/2025,11,42,29,11:42:29,35,Tahap-2
01/16/2025,11,42,30,11:42:30,82,Tahap-2
01/16/2025,11,42,30,11:42:30,146,Tahap-2
01/16/2025,11,42,30,11:42:30,181,Tahap-2
01/16/2025,11,42,30,11:42:30,40,Tahap-2
01/16/2025,11,42,30,11:42:30,79,Tahap-2
01/16/2025,11,42,30,11:42:30,15,Tahap-2
01/16/2025,11,42,30,11:42:30,149,Tahap-2
01/16/2025,11,42,30,11:42:30,79,Tahap-2
01/16/2025,11,42,30,11:42:30,208,Tahap-2
01/16/2025,11,42,30,11:42:30,311,Tahap-2
01/16/2025,11,42,31,11:42:31,129,Tahap-2
01/16/2025,11,42,31,11:42:31,162,Tahap-2
01/16/2025,11,42,31,11:42:31,392,Tahap-2
01/16/2025,11,42,31,11:42:31,288,Tahap-2
01/16/2025,11,42,31,11:42:31,590,Tahap-2
01/16/2025,11,42,31,11:42:31,825,Tahap-2
01/16/2025,11,42,31,11:42:31,381,Tahap-2
01/16/2025,11,42,31,11:42:31,86,Tahap-2
01/16/2025,11,42,31,11:42:31,39,Tahap-2
01/16/2025,11,42,31,11:42:31,56,Tahap-2
01/16/2025,11,42,32,11:42:32,62,Tahap-2
01/16/2025,11,42,32,11:42:32,104,Tahap-2
01/16/2025,11,42,32,11:42:32,206,Tahap-2
01/16/2025,11,42,32,11:42:32,99,Tahap-2
01/16/2025,11,42,32,11:42:32,68,Tahap-2
01/16/2025,11,42,32,11:42:32,76,Tahap-2
01/16/2025,11,42,32,11:42:32,92,Tahap-2
01/16/2025,11,42,32,11:42:32,24,Tahap-2
01/16/2025,11,42,32,11:42:32,159,Tahap-2
01/16/2025,11,42,32,11:42:32,138,Tahap-2
01/16/2025,11,42,33,11:42:33,317,Tahap-2
01/16/2025,11,42,33,11:42:33,307,Tahap-2
01/16/2025,11,42,33,11:42:33,216,Tahap-2
01/16/2025,11,42,33,11:42:33,314,Tahap-2
01/16/2025,11,42,33,11:42:33,245,Tahap-2
01/16/2025,11,42,33,11:42:33,1010,Tahap-2
01/16/2025,11,42,33,11:42:33,630,Tahap-2
01/16/2025,11,42,33,11:42:33,2359,Tahap-2
01/16/2025,11,42,33,11:42:33,577,Tahap-2
01/16/2025,11,42,33,11:42:33,414,Tahap-2
01/16/2025,11,42,34,11:42:34,324,Tahap-2
01/16/2025,11,42,34,11:42:34,143,Tahap-2
01/16/2025,11,42,34,11:42:34,163,Tahap-2
01/16/2025,11,42,34,11:42:34,204,Tahap-2
01/16/2025,11,42,34,11:42:34,248,Tahap-2
01/16/2025,11,42,34,11:42:34,270,Tahap-2
01/16/2025,11,42,34,11:42:34,129,Tahap-2
01/16/2025,11,42,34,11:42:34,67,Tahap-2
01/16/2025,11,42,34,11:42:34,131,Tahap-2
01/16/2025,11,42,34,11:42:34,233,Tahap-2
01/16/2025,11,42,35,11:42:35,127,Tahap-2
01/16/2025,11,42,35,11:42:35,183,Tahap-2
01/16/2025,11,42,35,11:42:35,323,Tahap-2
01/16/2025,11,42,35,11:42:35,141,Tahap-2
01/16/2025,11,42,35,11:42:35,289,Tahap-2
01/16/2025,11,42,35,11:42:35,422,Tahap-2
01/16/2025,11,42,35,11:42:35,90,Tahap-2
01/16/2025,11,42,35,11:42:35,673,Tahap-2
01/16/2025,11,42,35,11:42:35,874,Tahap-2
01/16/2025,11,42,35,11:42:35,2801,Tahap-2
01/16/2025,11,42,35,11:42:35,789,Tahap-2
01/16/2025,11,42,36,11:42:36,569,Tahap-2
01/16/2025,11,42,36,11:42:36,164,Tahap-2
01/16/2025,11,42,36,11:42:36,140,Tahap-2
01/16/2025,11,42,36,11:42:36,232,Tahap-2
01/16/2025,11,42,36,11:42:36,138,Tahap-2
01/16/2025,11,42,36,11:42:36,89,Tahap-2
01/16/2025,11,42,36,11:42:36,133,Tahap-2
01/16/2025,11,42,36,11:42:36,795,Tahap-2
01/16/2025,11,42,36,11:42:36,484,Tahap-2
01/16/2025,11,42,36,11:42:36,146,Tahap-2
01/16/2025,11,42,37,11:42:37,328,Tahap-2
01/16/2025,11,42,37,11:42:37,528,Tahap-2
01/16/2025,11,42,37,11:42:37,149,Tahap-2
01/16/2025,11,42,37,11:42:37,374,Tahap-2
01/16/2025,11,42,37,11:42:37,-140,Tahap-2
01/16/2025,11,42,37,11:42:37,36,Tahap-2
01/16/2025,11,42,37,11:42:37,-24,Tahap-2
01/16/2025,11,42,37,11:42:37,-48,Tahap-2
01/16/2025,11,42,37,11:42:37,48,Tahap-2
01/16/2025,11,42,38,11:42:38,-20,Tahap-2
01/16/2025,11,42,38,11:42:38,-60,Tahap-2
01/16/2025,11,42,38,11:42:38,52,Tahap-2
01/16/2025,11,42,38,11:42:38,-108,Tahap-2
01/16/2025,11,42,38,11:42:38,156,Tahap-2
01/16/2025,11,42,38,11:42:38,-92,Tahap-2
01/16/2025,11,42,38,11:42:38,-28,Tahap-2
01/16/2025,11,42,38,11:42:38,4,Tahap-2
01/16/2025,11,42,38,11:42:38,-4,Tahap-2
01/16/2025,11,42,38,11:42:38,44,Tahap-2
01/16/2025,11,42,39,11:42:39,104,Tahap-2
01/16/2025,11,42,39,11:42:39,-156,Tahap-2
01/16/2025,11,42,39,11:42:39,92,Tahap-2
01/16/2025,11,42,39,11:42:39,-76,Tahap-2
01/16/2025,11,42,39,11:42:39,156,Tahap-2
01/16/2025,11,42,39,11:42:39,16,Tahap-2
01/16/2025,11,42,39,11:42:39,-48,Tahap-2
01/16/2025,11,42,39,11:42:39,136,Tahap-2
01/16/2025,11,42,39,11:42:39,-60,Tahap-2
01/16/2025,11,42,40,11:42:40,68,Tahap-2
01/16/2025,11,42,40,11:42:40,-40,Tahap-2
01/16/2025,11,42,40,11:42:40,108,Tahap-2
01/16/2025,11,42,40,11:42:40,-92,Tahap-2
01/16/2025,11,42,40,11:42:40,68,Tahap-2
01/16/2025,11,42,40,11:42:40,12,Tahap-2
01/16/2025,11,42,40,11:42:40,-44,Tahap-2
01/16/2025,11,42,40,11:42:40,184,Tahap-2
01/16/2025,11,42,40,11:42:40,-160,Tahap-2
01/16/2025,11,42,40,11:42:40,100,Tahap-2
01/16/2025,11,42,41,11:42:41,-28,Tahap-2
01/16/2025,11,42,41,11:42:41,-60,Tahap-2
01/16/2025,11,42,41,11:42:41,-8,Tahap-2
01/16/2025,11,42,41,11:42:41,-92,Tahap-2
01/16/2025,11,42,41,11:42:41,112,Tahap-2
01/16/2025,11,42,41,11:42:41,-124,Tahap-2
01/16/2025,11,42,41,11:42:41,104,Tahap-2
01/16/2025,11,42,41,11:42:41,-64,Tahap-2
01/16/2025,11,42,42,11:42:42,-116,Tahap-2
01/16/2025,11,42,42,11:42:42,56,Tahap-2
01/16/2025,11,42,42,11:42:42,-156,Tahap-2
01/16/2025,11,42,42,11:42:42,80,Tahap-2
01/16/2025,11,42,42,11:42:42,-80,Tahap-2
01/16/2025,11,42,42,11:42:42,72,Tahap-2
01/16/2025,11,42,42,11:42:42,-148,Tahap-2
01/16/2025,11,42,42,11:42:42,48,Tahap-2
01/16/2025,11,42,42,11:42:42,-80,Tahap-2
01/16/2025,11,42,42,11:42:42,-16,Tahap-2
01/16/2025,11,42,43,11:42:43,-12,Tahap-2
01/16/2025,11,42,43,11:42:43,-180,Tahap-2
01/16/2025,11,42,43,11:42:43,136,Tahap-2
01/16/2025,11,42,43,11:42:43,-136,Tahap-2
01/16/2025,11,42,43,11:42:43,12,Tahap-2
01/16/2025,11,42,43,11:42:43,-32,Tahap-2
01/16/2025,11,42,43,11:42:43,36,Tahap-2
01/16/2025,11,42,43,11:42:43,-56,Tahap-2
01/16/2025,11,42,43,11:42:43,-108,Tahap-2
01/16/2025,11,42,43,11:42:43,12,Tahap-2
01/16/2025,11,42,44,11:42:44,-96,Tahap-2
01/16/2025,11,42,44,11:42:44,184,Tahap-2
01/16/2025,11,42,44,11:42:44,-148,Tahap-2
01/16/2025,11,42,44,11:42:44,-16,Tahap-2
01/16/2025,11,42,44,11:42:44,60,Tahap-2
01/16/2025,11,42,44,11:42:44,-176,Tahap-2
01/16/2025,11,42,44,11:42:44,36,Tahap-2
01/16/2025,11,42,44,11:42:44,-112,Tahap-2
01/16/2025,11,42,44,11:42:44,16,Tahap-2
01/16/2025,11,42,44,11:42:44,-192,Tahap-2
01/16/2025,11,42,45,11:42:45,60,Tahap-2
01/16/2025,11,42,45,11:42:45,-136,Tahap-2
01/16/2025,11,42,45,11:42:45,20,Tahap-2
01/16/2025,11,42,45,11:42:45,28,Tahap-2
01/16/2025,11,42,45,11:42:45,-232,Tahap-2
01/16/2025,11,42,45,11:42:45,124,Tahap-2
01/16/2025,11,42,45,11:42:45,-148,Tahap-2
01/16/2025,11,42,45,11:42:45,-48,Tahap-2
01/16/2025,11,42,45,11:42:45,-108,Tahap-2
01/16/2025,11,42,45,11:42:45,28,Tahap-2
01/16/2025,11,42,46,11:42:46,-132,Tahap-2
01/16/2025,11,42,46,11:42:46,-56,Tahap-2
01/16/2025,11,42,46,11:42:46,-12,Tahap-2
01/16/2025,11,42,46,11:42:46,-140,Tahap-2
01/16/2025,11,42,46,11:42:46,192,Tahap-2
01/16/2025,11,42,46,11:42:46,-220,Tahap-2
01/16/2025,11,42,46,11:42:46,12,Tahap-2
01/16/2025,11,42,46,11:42:46,-8,Tahap-2
01/16/2025,11,42,46,11:42:46,-124,Tahap-2
01/16/2025,11,42,46,11:42:46,-32,Tahap-2
01/16/2025,11,42,47,11:42:47,-76,Tahap-2
01/16/2025,11,42,48,11:42:48,-72,Tahap-2
01/16/2025,11,42,48,11:42:48,-180,Tahap-2
01/16/2025,11,42,48,11:42:48,8,Tahap-2
01/16/2025,11,42,48,11:42:48,-136,Tahap-2
01/16/2025,11,42,48,11:42:48,24,Tahap-2
01/16/2025,11,42,48,11:42:48,48,Tahap-2
01/16/2025,11,42,48,11:42:48,-272,Tahap-2
01/16/2025,11,42,48,11:42:48,140,Tahap-2
01/16/2025,11,42,48,11:42:48,-208,Tahap-2
01/16/2025,11,42,48,11:42:48,-76,Tahap-2
01/16/2025,11,42,48,11:42:48,48,Tahap-2
01/16/2025,11,42,48,11:42:48,-136,Tahap-2
01/16/2025,11,42,48,11:42:48,-12,Tahap-2
01/16/2025,11,42,48,11:42:48,-132,Tahap-2
01/16/2025,11,42,48,11:42:48,204,Tahap-2
01/16/2025,11,42,48,11:42:48,-220,Tahap-2
01/16/2025,11,42,48,11:42:48,56,Tahap-2
01/16/2025,11,42,49,11:42:49,60,Tahap-2
01/16/2025,11,42,49,11:42:49,-120,Tahap-2
01/16/2025,11,42,49,11:42:49,72,Tahap-2
01/16/2025,11,42,49,11:42:49,-36,Tahap-2
01/16/2025,11,42,49,11:42:49,40,Tahap-2
01/16/2025,11,42,49,11:42:49,-104,Tahap-2
01/16/2025,11,42,49,11:42:49,60,Tahap-2
01/16/2025,11,42,49,11:42:49,-100,Tahap-2
01/16/2025,11,42,49,11:42:49,56,Tahap-2
01/16/2025,11,42,49,11:42:49,80,Tahap-2
01/16/2025,11,42,50,11:42:50,-264,Tahap-2
01/16/2025,11,42,50,11:42:50,236,Tahap-2
01/16/2025,11,42,50,11:42:50,-172,Tahap-2
01/16/2025,11,43,14,11:43:14,1072,Tahap-2
01/16/2025,11,43,14,11:43:14,474,Tahap-2
01/16/2025,11,43,14,11:43:14,369,Tahap-2
01/16/2025,11,43,15,11:43:15,220,Tahap-2
01/16/2025,11,43,15,11:43:15,91,Tahap-2
01/16/2025,11,43,15,11:43:15,251,Tahap-2
01/16/2025,11,43,15,11:43:15,144,Tahap-2
01/16/2025,11,43,15,11:43:15,81,Tahap-2
01/16/2025,11,43,15,11:43:15,195,Tahap-2
01/16/2025,11,43,15,11:43:15,152,Tahap-2
01/16/2025,11,43,15,11:43:15,82,Tahap-2
01/16/2025,11,43,15,11:43:15,143,Tahap-2
01/16/2025,11,43,15,11:43:15,90,Tahap-2
01/16/2025,11,43,16,11:43:16,134,Tahap-2
01/16/2025,11,43,16,11:43:16,97,Tahap-2
01/16/2025,11,43,16,11:43:16,159,Tahap-2
01/16/2025,11,43,16,11:43:16,39,Tahap-2
01/16/2025,11,43,16,11:43:16,81,Tahap-2
01/16/2025,11,43,16,11:43:16,110,Tahap-2
01/16/2025,11,43,16,11:43:16,153,Tahap-2
01/16/2025,11,43,16,11:43:16,62,Tahap-2
01/16/2025,11,43,16,11:43:16,194,Tahap-2
01/16/2025,11,43,16,11:43:16,484,Tahap-2
01/16/2025,11,43,17,11:43:17,178,Tahap-2
